"Num_Acc";"jour";"mois";"an";"hrmn";"lum";"dep";"com";"agg";"int";"atm";"col";"adr";"lat";"long"
"202400001236";"25";"10";"2024";"04:47";"3";"62";"62876";"1";"1";"1";"6";"D929";"50,07941000";"2,79653500"
"202400001237";"12";"02";"2024";"14:45";"1";"13";"13091";"1";"1";"1";"1";"RD7 N ZONE DE LA PILE";"43,61505200";"5,31857400"
"202400001238";"7";"06";"2024";"12:47";"1";"94";"94002";"2";"2";"1";"3";"Rue de Seine / Rue Véron";"48,80996400";"2,41432200"
"202400001239";"25";"10";"2024";"13:00";"1";"59";"59645";"1";"1";"1";"7";"D148";"50,26929200";"3,24294100"
"202400001240";"10";"02";"2024";"21:30";"3";"971";"97115";"1";"1";"2";"6";"Chemin de Ravine Houel";"16,25361800";" -61,66595700"
"202400001241";"7";"06";"2024";"17:25";"1";"93";"93071";"2";"3";"1";"3";"Rue d'Aulnay / Avenue de la Garenne de Fontenay";"48,93961400";"2,51130200"
"202400001242";"20";"10";"2024";"04:21";"5";"13";"13215";"1";"1";"1";"2";"A7-Sens Lyon vers Marseille";"43,34676777";"5,37260261"
"202400001243";"10";"02";"2024";"15:56";"1";"77";"77382";"2";"2";"2";"6";"Avenue du Marechal Foch";"48,90047800";"2,87154100"
"202400001244";"7";"06";"2024";"02:40";"5";"93";"93070";"2";"1";"1";"6";"Rue des Bateliers";"48,91248000";"2,32749000"
"202400001245";"8";"02";"2024";"18:00";"5";"77";"77349";"2";"2";"2";"1";"D13";"49,07940000";"2,67622000"
"202400001246";"23";"10";"2024";"18:50";"1";"33";"33550";"1";"1";"1";"2";"N/A";"44,77062400";" -0,55477100"
"202400001247";"7";"06";"2024";"01:10";"3";"93";"93055";"2";"1";"1";"3";"OURCQ (QUAI DE L')";"48,89536937";"2,41486788"
"202400001248";"11";"02";"2024";"17:25";"1";"13";"13035";"1";"1";"1";"3";"D17";"43,69353100";"5,04293400"
"202400001249";"7";"06";"2024";"08:10";"1";"93";"93032";"2";"3";"1";"3";"ARISTIDE BRIAND (RUE)";"48,87856505";"2,53303528"
"202400001250";"9";"02";"2024";"17:30";"2";"44";"44047";"2";"1";"1";"6";"62 Rue Alexandre Olivier";"47,21686400";" -1,72523400"
"202400001251";"23";"10";"2024";"17:58";"1";"59";"59009";"1";"1";"1";"2";"ROUTE NATIONALE 227";"50,64539000";"3,14544000"
"202400001252";"12";"02";"2024";"07:45";"2";"27";"27348";"1";"1";"1";"7";"Rue de Paris";"49,31217000";"1,15802800"
"202400001253";"6";"06";"2024";"09:15";"1";"93";"93032";"2";"2";"1";"3";"Rue du Rond Point / Rue du Chanoine Monsanglant";"48,87299000";"2,55608000"
"202400001254";"23";"10";"2024";"18:07";"1";"59";"59350";"1";"1";"1";"2";"ROUTE NATIONALE 356";"50,62213000";"3,08304000"
"202400001255";"12";"02";"2024";"01:45";"3";"60";"60528";"1";"1";"2";"7";"D153";"49,24198622";"1,87521601"
"202400001256";"7";"06";"2024";"14:50";"1";"93";"93008";"2";"3";"1";"6";"Rue Pierre Sémard / Rue de Carency";"48,91105000";"2,44647000"
"202400001257";"21";"10";"2024";"17:40";"1";"62";"62637";"1";"1";"2";"2";"A1";"50,46524730";"2,97548977"
"202400001258";"10";"02";"2024";"07:40";"2";"59";"59125";"2";"1";"8";"1";"Pont de Cantigneul";"50,15449000";"3,18469900"
"202400001259";"22";"10";"2024";"07:10";"2";"59";"59491";"1";"1";"1";"7";"AUTOROUTE A23";"50,40626000";"3,44208000"
"202400001260";"7";"06";"2024";"15:28";"1";"92";"92051";"2";"2";"1";"3";"VICTOR HUGO (BOULEVARD, N° 9 A 49 ET 16";"48,88744563";"2,27856874"
"202400001261";"12";"02";"2024";"08:45";"1";"59";"59578";"2";"1";"1";"1";"63 Rue d'Aire";"50,67273900";"2,47909600"
"202400001262";"6";"06";"2024";"13:15";"1";"92";"92050";"2";"1";"1";"6";"STALINGRAD RUE DE";"48,89415000";"2,19574000"
"202400001263";"18";"10";"2024";"19:30";"3";"62";"62637";"1";"1";"1";"2";"A1";"50,46699873";"2,97611872"
"202400001264";"11";"02";"2024";"16:05";"1";"13";"13215";"1";"1";"1";"2";"A7-Sens Marseille vers Lyon";"43,36643455";"5,36080529"
"202400001265";"7";"06";"2024";"16:50";"1";"92";"92044";"2";"1";"1";"6";"BINEAU (BOULEVARD)";"48,88652770";"2,28471422"
"202400001266";"24";"10";"2024";"19:30";"3";"91";"91136";"1";"1";"1";"2";"AUTOROUTE A10";"48,71385218";"2,27453396"
"202400001267";"11";"02";"2024";"08:00";"1";"13";"13043";"1";"1";"1";"7";"A55-Sens Martigues vers Marseille";"43,39123000";"5,26418000"
"202400001268";"7";"06";"2024";"20:54";"1";"92";"92024";"2";"9";"1";"3";"PIERRE CURIE (RUE)";"48,90210973";"2,31427217"
"202400001269";"11";"02";"2024";"00:45";"3";"13";"13015";"1";"1";"1";"2";"A51-Sens Aix en Provence vers Marseille";"43,45328000";"5,39642000"
"202400001270";"7";"06";"2024";"08:25";"1";"92";"92024";"2";"6";"1";"6";"TROIS PAVILLONS (RUE DES)";"48,91076484";"2,31299043"
"202400001271";"24";"10";"2024";"08:55";"1";"91";"91037";"1";"1";"1";"2";"AUTOROUTE A6";"48,53927939";"2,49890007"
"202400001272";"7";"06";"2024";"07:45";"1";"92";"92012";"2";"1";"1";"2";"JEAN JAURES (BOULEVARD) 2/68 - COTE PAIR";"48,84531180";"2,23713273"
"202400001273";"24";"10";"2024";"18:20";"1";"92";"92025";"1";"1";"1";"3";"A86";"48,92201331";"2,22672771"
"202400001274";"11";"02";"2024";"00:39";"3";"13";"13015";"1";"1";"1";"2";"A51-Sens Aix en Provence vers Marseille";"43,45328000";"5,39642000"
"202400001275";"9";"02";"2024";"22:18";"3";"13";"13033";"1";"1";"3";"3";"A55-Sens Marseille vers Martigues";"43,37297691";"5,18996026"
"202400001276";"24";"10";"2024";"17:30";"1";"92";"92036";"1";"1";"1";"2";"A86";"48,93510157";"2,26605905"
"202400001277";"5";"06";"2024";"18:30";"1";"50";"50541";"1";"1";"1";"4";"6 Les Pas";"48,83690600";" -1,48530000"
"202400001278";"10";"02";"2024";"04:14";"3";"13";"13085";"1";"1";"3";"3";"A50-Sens Toulon vers Aubagne";"43,25500000";"5,59390000"
"202400001279";"23";"10";"2024";"19:00";"3";"78";"78322";"1";"1";"1";"4";"A86 EXT";"48,78140100";"2,16750200"
"202400001280";"8";"06";"2024";"12:00";"1";"47";"47145";"2";"3";"1";"1";"Chemin de MONSEIGNE";"44,12910300";"0,66229600"
"202400001281";"10";"02";"2024";"03:22";"3";"13";"13005";"1";"1";"3";"7";"A52-Sens Toulon vers Pont de l'Etoile";"43,32400000";"5,59914000"
"202400001282";"23";"10";"2024";"08:20";"1";"92";"92025";"1";"1";"5";"3";"A86";"48,92201331";"2,22672771"
"202400001283";"8";"06";"2024";"00:30";"3";"35";"35180";"1";"1";"1";"7";"le Clos d'Ahaut";"48,28546700";" -1,91637400"
"202400001284";"11";"02";"2024";"21:15";"3";"91";"91103";"1";"1";"1";"7";"RN 104";"48,62457000";"2,30105100"
"202400001285";"8";"06";"2024";"02:10";"5";"91";"91235";"2";"6";"1";"6";"Rue Edouard Aubert";"48,62288900";"2,36760700"
"202400001286";"23";"10";"2024";"15:55";"1";"93";"93005";"1";"1";"1";"4";"AUTOROUTE A3";"48,96120283";"2,47369860"
"202400001287";"11";"02";"2024";"18:20";"3";"91";"91235";"1";"1";"1";"1";"RN 104";"48,62694000";"2,35422000"
"202400001288";"6";"06";"2024";"20:26";"2";"18";"18070";"1";"3";"7";"1";"La Sauloie";"47,50162900";"2,56305200"
"202400001289";"10";"02";"2024";"21:20";"3";"91";"91136";"1";"1";"2";"6";"AUTOROUTE A10";"48,71060000";"2,28740000"
"202400001290";"23";"10";"2024";"09:50";"1";"93";"93007";"1";"1";"1";"3";"AUTOROUTE A1";"48,94617059";"2,44137667"
"202400001291";"7";"06";"2024";"07:55";"2";"49";"49092";"1";"1";"1";"1";"D 84";"47,20709100";" -0,63611300"
"202400001292";"10";"02";"2024";"23:35";"3";"91";"91689";"1";"9";"2";"2";"AUTOROUTE A6A";"48,74858692";"2,32746005"
"202400001293";"24";"10";"2024";"15:45";"1";"94";"94073";"1";"1";"1";"3";"A86";"48,76675234";"2,37881635"
"202400001294";"8";"06";"2024";"02:55";"3";"974";"97414";"1";"1";"1";"3";"81c Îlet Furcy";" -21,24263843";"55,45336103"
"202400001295";"10";"02";"2024";"22:00";"3";"91";"91689";"1";"1";"2";"2";"AUTOROUTE A6A";"48,73912200";"2,31979600"
"202400001296";"24";"10";"2024";"12:06";"1";"94";"94073";"1";"1";"1";"2";"A86";"48,76035941";"2,38284097"
"202400001297";"8";"06";"2024";"05:24";"2";"14";"14436";"1";"1";"1";"2";"N13";"49,25076393";" -0,68216085"
"202400001298";"24";"10";"2024";"07:00";"3";"94";"94017";"1";"1";"1";"2";"A4";"48,82816654";"2,50398825"
"202400001299";"10";"02";"2024";"17:10";"2";"92";"92036";"1";"1";"3";"2";"A86";"48,93602815";"2,28853583"
"202400001300";"6";"06";"2024";"13:45";"1";"71";"71443";"1";"2";"8";"3";"D970";"46,92379500";"4,94368100"
"202400001301";"24";"10";"2024";"06:05";"3";"77";"77083";"1";"1";"1";"2";"A4.W";"48,83120762";"2,60505058"
"202400001302";"11";"02";"2024";"02:35";"4";"95";"95500";"1";"1";"1";"4";"A15";"49,03923046";"2,08563124"
"202400001303";"7";"06";"2024";"15:40";"1";"38";"38429";"1";"1";"1";"7";"D1075";"44,86709300";"5,60459400"
"202400001304";"8";"06";"2024";"05:05";"2";"62";"62081";"1";"1";"1";"6";"D939";"50,22377757";"3,03638202"
"202400001305";"23";"10";"2024";"22:15";"3";"77";"77121";"1";"1";"1";"2";"A4";"48,83224646";"2,66800241"
"202400001306";"10";"02";"2024";"22:10";"5";"93";"93007";"1";"1";"8";"5";"A1";"48,94353028";"2,43541292"
"202400001307";"7";"06";"2024";"16:30";"1";"27";"27552";"1";"1";"1";"7";"A28 PK 229+500 direction ROUEN";"49,00648200";"0,44365800"
"202400001308";"25";"06";"2024";"22:25";"2";"35";"35238";"2";"1";"1";"6";"Cours du Président John Fitzgerald Kennedy";"48,12128000";" -1,70739700"
"202400001309";"8";"06";"2024";"11:30";"1";"57";"57163";"1";"1";"1";"7";"D45";"48,64302000";"7,25316300"
"202400001310";"31";"05";"2024";"16:48";"1";"38";"38544";"2";"1";"1";"6";"Rue Pierre et Marie Curie";"45,54217000";"4,86267000"
"202400001311";"11";"02";"2024";"05:30";"4";"94";"94042";"1";"1";"2";"3";"A4";"48,82836797";"2,47558356"
"202400001312";"7";"06";"2024";"18:00";"1";"56";"56231";"1";"3";"1";"3";"Lieu Dit Keravel";"47,69648400";" -2,68585700"
"202400001313";"11";"02";"2024";"04:44";"3";"94";"94044";"1";"1";"2";"6";"N406";"48,75800930";"2,47075818"
"202400001314";"3";"05";"2024";"20:35";"1";"38";"38544";"2";"1";"2";"6";"DELORME(RUE)";"45,52312000";"4,87025000"
"202400001315";"7";"06";"2024";"14:40";"1";"77";"77242";"1";"2";"1";"3";"route départementaler 209";"48,48701400";"3,21240700"
"202400001316";"11";"02";"2024";"02:50";"3";"94";"94079";"1";"1";"8";"4";"A4";"48,83572828";"2,53991099"
"202400001317";"8";"06";"2024";"12:00";"1";"79";"79329";"1";"1";"1";"7";"N/A";"46,99250400";" -0,24930600"
"202400001318";"11";"02";"2024";"02:15";"3";"93";"93051";"1";"1";"2";"2";"A4";"48,83617975";"2,54134798"
"202400001319";"6";"06";"2024";"10:10";"1";"33";"33335";"1";"1";"1";"3";"N/A";"44,81067100";" -0,35503100"
"202400001320";"8";"06";"2024";"12:37";"1";"71";"71516";"1";"3";"1";"6";"5 Rue du Mont";"46,76587300";"5,22658700"
"202400001321";"8";"06";"2024";"11:45";"1";"71";"71248";"2";"1";"1";"3";"2 Route de l’Arvoux";"46,56093700";"4,92926600"
"202400001322";"29";"06";"2024";"20:30";"1";"01";"01160";"2";"3";"1";"3";"Avenue Voltaire";"46,25667000";"6,10969800"
"202400001323";"30";"05";"2024";"10:20";"1";"61";"61142";"1";"1";"1";"2";"D955";"48,36394400";"0,62574300"
"202400001324";"23";"10";"2024";"23:20";"3";"974";"97416";"1";"1";"1";"1";"RN1 (ROUTE NATIONALE)";" -21,29842000";"55,41974000"
"202400001325";"7";"06";"2024";"17:55";"1";"61";"61066";"1";"1";"1";"1";"D651";"48,50548800";"0,40085000"
"202400001326";"23";"10";"2024";"06:25";"2";"974";"97416";"2";"6";"1";"6";"RECHERCHANT(RUE ADRIEN)";" -21,28201000";"55,47421000"
"202400001327";"7";"06";"2024";"19:00";"1";"44";"44129";"1";"1";"1";"5";"N/A";"47,42321000";" -2,08997700"
"202400001328";"7";"06";"2024";"16:30";"1";"44";"44014";"1";"1";"1";"7";"Rue de la Roche";"47,10480300";" -1,49004800"
"202400001329";"22";"10";"2024";"20:50";"5";"973";"97302";"2";"1";"1";"7";"MADELEINE (ROUTE DE LA)";"4,91243393";" -52,32107270"
"202400001330";"7";"06";"2024";"17:00";"1";"44";"44005";"1";"2";"1";"3";"N/A";"47,13262600";" -1,85954900"
"202400001331";"22";"10";"2024";"17:10";"1";"973";"97302";"2";"1";"1";"2";"MERE THERESA (rue)";"4,91872000";" -52,31280000"
"202400001332";"8";"06";"2024";"09:24";"1";"29";"29281";"1";"2";"1";"3";"Ty Men";"48,00614455";" -3,82277366"
"202400001333";"23";"10";"2024";"21:10";"5";"69";"69388";"2";"2";"1";"3";"Route de Vienne";"45,73511210";"4,85342731"
"202400001334";"7";"06";"2024";"22:45";"3";"29";"29056";"1";"1";"1";"6";"Guerrus";"48,43692819";" -4,29357652"
"202400001335";"16";"10";"2024";"15:30";"1";"69";"69387";"2";"1";"2";"6";"Avenue Berthelot";"45,74741774";"4,83518702"
"202400001336";"7";"06";"2024";"16:45";"1";"29";"29220";"1";"3";"1";"3";"route de plomeur";"47,85466589";" -4,24316835"
"202400001337";"23";"10";"2024";"15:15";"1";"69";"69382";"2";"1";"1";"6";"48 Rue Ferrandière";"45,76207710";"4,83437192"
"202400001338";"4";"06";"2024";"07:30";"1";"31";"31490";"2";"1";"1";"6";"9 Chemin de la Plaine";"43,74600600";"1,37073200"
"202400001339";"22";"10";"2024";"07:15";"1";"971";"97101";"2";"3";"1";"3";"HIBISCUS (RESIDENCE)";"16,25190000";" -61,52663000"
"202400001340";"23";"10";"2024";"14:10";"1";"91";"91027";"2";"1";"1";"2";"AV FRANCOIS MITTERRAND";"48,71233000";"2,37132000"
"202400001341";"6";"06";"2024";"06:15";"2";"84";"84025";"1";"1";"1";"7";"1579 Route d?Apt";"43,86582100";"5,15955400"
"202400001342";"8";"06";"2024";"00:50";"4";"03";"03118";"2";"6";"1";"6";"D2009";"46,11492500";"3,20114100"
"202400001343";"23";"10";"2024";"10:25";"1";"87";"87050";"2";"3";"1";"3";"GARE (AVENUE DE LA) RD125";"45,88346000";"1,24335000"
"202400001344";"7";"06";"2024";"13:30";"1";"15";"15170";"2";"1";"1";"7";"VC lieu dit Loucheyre";"45,32643700";"2,67995600"
"202400001345";"22";"10";"2024";"07:32";"5";"87";"87085";"2";"1";"1";"7";"BASSE-DES-CARRIERS";"45,82409000";"1,27192000"
"202400001346";"8";"06";"2024";"07:45";"2";"01";"01373";"2";"1";"1";"6";"17 Rue de la Vie de l'Orme";"46,13335400";"5,55317000"
"202400001347";"22";"10";"2024";"07:47";"5";"87";"87085";"2";"1";"1";"6";"VALIN (AVENUE DU GENERAL MARTIAL)";"45,81124000";"1,27395000"
"202400001348";"7";"06";"2024";"19:05";"1";"06";"06125";"1";"1";"1";"6";"D2202";"44,14510400";"6,75831400"
"202400001349";"12";"10";"2024";"19:15";"2";"83";"83129";"2";"9";"1";"6";"JUIN MARECHAL (AV DU)";"43,09443880";"5,84655046"
"202400001350";"22";"10";"2024";"11:10";"1";"83";"83069";"2";"1";"1";"6";"OLBIA  (VOIE)";"43,11640000";"6,14160000"
"202400001351";"7";"06";"2024";"19:20";"1";"50";"50419";"2";"2";"1";"3";"D35";"48,95353600";" -1,44162300"
"202400001352";"8";"06";"2024";"10:10";"1";"43";"43084";"1";"1";"2";"3";"Les Ayeux";"44,99542000";"3,88653200"
"202400001353";"23";"10";"2024";"13:10";"1";"82";"82033";"1";"1";"1";"2";"Route de Toulouse";"44,05939338";"1,09855342"
"202400001354";"21";"10";"2024";"09:40";"1";"80";"80021";"1";"1";"2";"6";"Rue de la Dodane";"49,89608000";"2,30365000"
"202400001355";"7";"06";"2024";"19:20";"1";"10";"10094";"1";"1";"1";"1";"départementale 6";"48,50034100";"4,57672800"
"202400001356";"7";"06";"2024";"21:15";"3";"07";"07313";"1";"9";"1";"3";"Rue Michel Gautier";"45,31215600";"4,76683300"
"202400001357";"23";"10";"2024";"20:20";"5";"78";"78440";"2";"3";"1";"3";"ARISTIDE BRIAND (RUE)";"48,98386000";"1,91163700"
"202400001358";"23";"10";"2024";"08:45";"2";"78";"78401";"2";"2";"5";"2";"AULNES (AVENUE DES)";"49,01016000";"1,90393000"
"202400001359";"8";"06";"2024";"14:40";"1";"24";"24577";"1";"1";"1";"1";"Route des Gabarres";"44,82401449";"1,16785601"
"202400001360";"23";"10";"2024";"07:38";"2";"78";"78401";"2";"3";"5";"3";"AULNES (AVENUE DES)";"49,01393000";"1,90044000"
"202400001361";"7";"06";"2024";"17:30";"1";"17";"17041";"1";"1";"1";"1";"D116";"46,23115300";" -0,81316000"
"202400001362";"23";"10";"2024";"15:30";"1";"77";"77337";"2";"6";"1";"6";"D10p";"48,84378000";"2,61950000"
"202400001363";"8";"06";"2024";"01:51";"4";"87";"87072";"1";"1";"1";"6";"1493 route de la gare";"45,66213700";"1,43189700"
"202400001364";"23";"10";"2024";"21:00";"5";"76";"76561";"2";"1";"1";"3";"Avenue Winston Churchill";"49,29668700";"1,01109900"
"202400001365";"8";"06";"2024";"08:33";"1";"30";"30275";"2";"4";"1";"7";"N/A";"44,12189900";"4,20850400"