"Num_Acc";"jour";"mois";"an";"hrmn";"lum";"dep";"com";"agg";"int";"atm";"col";"adr";"lat";"long"
"202400003312";"17";"10";"2024";"17:40";"1";"33";"33281";"2";"5";"3";"3";"N/A";"44,85117000";" -0,64468000"
"202400003313";"5";"06";"2024";"12:05";"1";"93";"93008";"2";"3";"1";"6";"Rue des Marais / Rue des Bons Enfants";"48,90589000";"2,43776000"
"202400003314";"22";"10";"2024";"05:50";"5";"31";"31555";"2";"6";"3";"3";"VA008493 LA CRABE A624 Sortie 2";"43,61016000";"1,37256000"
"202400003315";"5";"06";"2024";"11:45";"1";"92";"92064";"2";"9";"1";"3";"PLACE CLEMENCEAU";"48,84150070";"2,22170037"
"202400003316";"5";"06";"2024";"03:20";"5";"92";"92047";"2";"1";"1";"6";"RAYMOND POINCARE";"48,83830733";"2,17364985"
"202400003317";"21";"10";"2024";"09:10";"1";"29";"29019";"2";"3";"2";"3";"rue Georges Melou";"48,39299400";" -4,46215800"
"202400003318";"6";"06";"2024";"09:10";"1";"92";"92063";"2";"3";"1";"3";"ZURICH (RUE DE)";"48,87056943";"2,18424010"
"202400003319";"22";"10";"2024";"13:10";"1";"13";"13117";"2";"4";"1";"6";"ROUTE NATIONALE 113-L'ANJOLY";"43,42366000";"5,26663000"
"202400003320";"22";"10";"2024";"17:20";"1";"13";"13039";"1";"9";"1";"2";"ROUTE NATIONALE 568";"43,47136000";"4,90720000"
"202400003321";"6";"06";"2024";"10:30";"1";"92";"92051";"2";"3";"1";"3";"CHARLES DE GAULLE (AVENUE, N° 18 A 116)";"48,88140508";"2,27127725"
"202400003322";"21";"10";"2024";"11:30";"1";"13";"13203";"2";"1";"1";"3";"NATIONAL (BOULEVARD)";"43,30916060";"5,38026349"
"202400003323";"6";"06";"2024";"20:58";"2";"92";"92044";"2";"9";"1";"7";"CHARLES PASQUA (QUAI) 32 A 58";"48,90006491";"2,28221226"
"202400003324";"21";"10";"2024";"07:25";"5";"13";"13063";"2";"1";"1";"6";"C.D 10";"43,58473398";"4,99096066"
"202400003325";"6";"06";"2024";"18:20";"1";"92";"92024";"2";"1";"1";"2";"GENERAL ROGUET (RUE DU) DE (1 A 57)   (2";"48,90480000";"2,31291000"
"202400003326";"21";"10";"2024";"18:05";"1";"13";"13001";"2";"1";"1";"3";"MONNET JEAN (AV)";"43,53202000";"5,42233000"
"202400003327";"5";"06";"2024";"23:42";"5";"92";"92002";"2";"3";"1";"6";"BONE (RUE DE)";"48,74748427";"2,30381548"
"202400003328";"21";"10";"2024";"20:50";"3";"11";"11262";"2";"1";"1";"2";"N/A";"43,19296000";"2,98055000"
"202400003329";"6";"06";"2024";"10:30";"1";"37";"37210";"1";"1";"1";"1";"D751";"47,19529892";"0,30690005"
"202400003330";"6";"06";"2024";"08:45";"1";"37";"37072";"2";"1";"1";"7";"60 Rue Paul Huet";"47,16664400";"0,25716200"
"202400003331";"21";"10";"2024";"11:40";"1";"11";"11069";"1";"1";"1";"5";"N/A";"43,22438000";"2,32808000"
"202400003332";"21";"10";"2024";"16:40";"1";"10";"10081";"1";"1";"1";"7";"ROCADE OUEST (RD 610)";"48,32860000";"4,05370000"
"202400003333";"7";"06";"2024";"12:30";"1";"80";"80193";"1";"2";"1";"1";"D14";"49,70560300";"2,39007400"
"202400003334";"21";"10";"2024";"16:30";"1";"10";"10343";"2";"1";"1";"6";"AUGUSTE TERRENOIRE (RUE)";"48,27927000";"4,09933000"
"202400003335";"5";"06";"2024";"21:30";"2";"26";"26323";"2";"1";"1";"7";"95 Rue Clair";"45,05644000";"5,10140200"
"202400003336";"5";"06";"2024";"18:03";"1";"40";"40065";"2";"3";"1";"6";"12 Av Mal de Lattre de Tassigny";"43,64457700";" -1,43491700"
"202400003337";"22";"10";"2024";"14:15";"1";"06";"06030";"2";"6";"1";"3";"24 Avenue Lacour";"43,56904000";"7,01867400"
"202400003338";"7";"06";"2024";"20:49";"5";"974";"97410";"1";"1";"1";"6";"Route Nationale 2 Deviation";" -21,03911500";"55,70874600"
"202400003339";"22";"10";"2024";"07:45";"2";"06";"06029";"2";"1";"1";"1";"Chemin de la Plaine de Laval";"43,56300000";"6,95600000"
"202400003340";"30";"05";"2024";"21:00";"5";"84";"84091";"2";"1";"1";"6";"125 Route des Valbonnettes";"44,18558200";"4,75760000"
"202400003341";"7";"06";"2024";"02:30";"3";"84";"84102";"1";"1";"1";"6";"Chemin de Sainte Croix";"43,91741400";"5,32951200"
"202400003342";"21";"10";"2024";"10:30";"1";"02";"02738";"2";"2";"1";"6";"1 Rue Jacquard";"49,65567000";"3,29909000"
"202400003343";"2";"06";"2024";"17:35";"1";"30";"30217";"2";"1";"1";"1";"D976";"43,97571700";"4,68675800"
"202400003344";"17";"10";"2024";"15:10";"1";"75";"75116";"2";"1";"1";"4";"BD PERIPHERIQUE INTERIEUR";"48,84892400";"2,25287200"
"202400003345";"6";"06";"2024";"18:30";"1";"91";"91573";"2";"4";"1";"3";"8 Rue Léon Appert";"48,62675400";"2,51738200"
"202400003346";"6";"06";"2024";"20:00";"1";"67";"67355";"2";"1";"1";"7";"5 Rue de Sarre-union";"48,99711700";"7,12827600"
"202400003347";"22";"10";"2024";"17:03";"1";"75";"75118";"2";"1";"1";"2";"BD PERIPHERIQUE EXTERIEUR";"48,90120800";"2,35347600"
"202400003348";"7";"06";"2024";"18:00";"1";"67";"67165";"1";"1";"1";"7";"D392";"48,49855000";"7,16070400"
"202400003349";"22";"10";"2024";"00:40";"5";"75";"75119";"2";"7";"2";"6";"BOULEVARD DE LA VILLETTE";"48,87774800";"2,37063900"
"202400003350";"6";"06";"2024";"16:00";"1";"12";"12223";"1";"1";"1";"1";"D921 / La violette";"44,74828000";"2,87063400"
"202400003351";"21";"10";"2024";"17:40";"1";"75";"75117";"2";"3";"1";"6";"RUE GUSTAVE CHARPENTIER";"48,87930600";"2,28069800"
"202400003352";"6";"06";"2024";"16:30";"1";"25";"25391";"1";"2";"1";"4";"D41";"47,16202900";"6,64805900"
"202400003353";"22";"10";"2024";"13:25";"1";"75";"75115";"2";"1";"1";"3";"RUE BRANCION";"48,83342400";"2,30408600"
"202400003354";"6";"06";"2024";"13:25";"1";"25";"25578";"2";"1";"1";"5";"Grande Rue";"47,14753200";"6,34391200"
"202400003355";"4";"06";"2024";"20:50";"2";"44";"44048";"1";"1";"1";"7";"130 La Pichaudiere";"47,37906100";" -1,25500000"
"202400003356";"22";"10";"2024";"08:30";"1";"75";"75115";"2";"7";"1";"3";"PLACE BALARD";"48,83677800";"2,27888500"
"202400003357";"7";"06";"2024";"06:50";"1";"44";"44158";"2";"1";"1";"3";"3 Route de Cordemais";"47,27414500";" -1,79166200"
"202400003358";"6";"06";"2024";"23:30";"3";"03";"03258";"1";"1";"1";"7";"Départementale 67";"46,19079400";"3,40790700"
"202400003359";"22";"10";"2024";"09:45";"1";"75";"75112";"2";"3";"1";"2";"RUE DE PICPUS";"48,84059346";"2,39934736"
"202400003360";"1";"06";"2024";"19:10";"1";"03";"03128";"1";"1";"2";"7";"Rue de Bellevue";"46,40409100";"2,49824200"
"202400003361";"21";"10";"2024";"16:10";"1";"75";"75112";"2";"2";"1";"3";"RUE DE CHARENTON";"48,83893700";"2,38927900"
"202400003362";"22";"10";"2024";"18:30";"2";"75";"75111";"2";"3";"1";"6";"BOULEVARD RICHARD LENOIR";"48,86023900";"2,37194500"
"202400003363";"5";"06";"2024";"12:13";"1";"66";"66150";"1";"1";"1";"7";"D115";"42,39590500";"2,49108600"
"202400003364";"22";"10";"2024";"08:48";"1";"75";"75110";"2";"3";"1";"2";"RUE DU FAUBOURG SAINT DENIS";"48,87805700";"2,35647600"
"202400003365";"6";"06";"2024";"18:45";"1";"72";"72364";"1";"2";"1";"6";"Lieu Dit la Petite Guibourgere";"47,67538600";"0,32306700"
"202400003366";"22";"10";"2024";"12:55";"1";"75";"75109";"2";"1";"1";"3";"BOULEVARD DE ROCHECHOUART";"48,88341900";"2,34799500"
"202400003367";"6";"06";"2024";"15:50";"1";"14";"14400";"1";"3";"1";"3";"Rue Arcisse de Caumont";"49,28744800";" -0,59844900"
"202400003368";"7";"06";"2024";"08:50";"1";"50";"50372";"1";"1";"1";"6";"D900";"49,31913600";" -1,53728100"
"202400003369";"21";"10";"2024";"15:10";"1";"75";"75108";"1";"3";"1";"7";"AVENUE DE FRIEDLAND";"48,87451700";"2,30218900"
"202400003370";"7";"06";"2024";"01:01";"4";"18";"18003";"2";"6";"1";"7";"Route de Bourges";"47,19428000";"2,56379800"
"202400003371";"22";"10";"2024";"17:31";"1";"75";"75107";"2";"1";"1";"3";"PONT DE LA CONCORDE";"48,86323730";"2,31942415"
"202400003372";"7";"06";"2024";"19:34";"1";"10";"10232";"1";"1";"1";"6";"D207";"48,10136528";"4,39595014"
"202400003373";"22";"10";"2024";"13:45";"1";"75";"75107";"2";"3";"1";"6";"QUAI D ORSAY";"48,86110595";"2,32418615"
"202400003374";"26";"05";"2024";"16:45";"1";"36";"36103";"1";"1";"1";"7";"Terre Neuve";"47,10390487";"1,39258121"
"202400003375";"6";"06";"2024";"20:25";"1";"16";"16416";"1";"2";"1";"7";"N/A";"45,82228000";"0,48788300"
"202400003376";"22";"10";"2024";"12:15";"1";"75";"75107";"2";"2";"1";"3";"BOULEVARD SAINT GERMAIN";"48,85444748";"2,33044615"
"202400003377";"7";"06";"2024";"14:40";"1";"07";"07216";"1";"1";"1";"3";"D533";"44,96441100";"4,62654800"
"202400003378";"22";"10";"2024";"00:20";"5";"75";"75101";"2";"2";"2";"7";"BOULEVARD DE SEBASTOPOL";"48,86341800";"2,35093700"
"202400003379";"7";"06";"2024";"16:20";"1";"07";"07338";"2";"1";"2";"6";"Allée de Prat";"44,90592900";"4,65080000"
"202400003380";"15";"10";"2024";"18:30";"1";"75";"75101";"2";"2";"1";"7";"RUE DU LOUVRE";"48,86392500";"2,34234500"
"202400003381";"6";"06";"2024";"19:00";"1";"37";"37254";"1";"1";"1";"2";"Montouvrin";"47,18393800";"0,84641900"
"202400003382";"20";"10";"2024";"19:05";"1";"75";"75103";"2";"3";"1";"3";"BOULEVARD BEAUMARCHAIS";"48,85760900";"2,36799900"
"202400003383";"6";"06";"2024";"10:55";"1";"48";"48129";"1";"3";"8";"3";"D34";"44,72117000";"3,78101300"
"202400003384";"21";"10";"2024";"19:06";"5";"94";"94074";"2";"1";"1";"1";"Rue le Bois Cerdon";"48,72773000";"2,47551000"
"202400003385";"7";"06";"2024";"01:15";"3";"24";"24568";"1";"1";"1";"6";"1 Chemin des Grands Champs";"44,84408700";"0,09352900"
"202400003386";"22";"10";"2024";"14:00";"1";"94";"94068";"2";"2";"1";"6";"Avenue Foch";"48,79939000";"2,49907000"
"202400003387";"22";"10";"2024";"00:15";"5";"94";"94043";"2";"1";"2";"3";"Avenue de Fontainebleau";"48,81299000";"2,36131000"
"202400003388";"6";"06";"2024";"17:35";"1";"973";"97309";"2";"2";"1";"1";"Route du Mahury";"4,88558700";" -52,27582500"
"202400003389";"7";"06";"2024";"12:45";"1";"68";"68278";"1";"1";"1";"6";"A35 PK 103.800";"47,74896566";"7,42054687"
"202400003390";"22";"10";"2024";"08:50";"1";"94";"94041";"2";"1";"1";"3";"Boulevard du Colonel Fabien";"48,81457253";"2,40329146"
"202400003391";"22";"10";"2024";"00:10";"5";"94";"94028";"2";"1";"2";"6";"Avenue de Verdun";"48,79872194";"2,46521160"
"202400003392";"6";"06";"2024";"10:25";"1";"38";"38150";"2";"4";"1";"1";"Chemin de Malvaisin";"45,20621500";"5,84939800"
"202400003393";"7";"06";"2024";"08:15";"1";"06";"06088";"1";"1";"1";"4";"Voie liaison boulevard de la Madeleine - chemin de la Costière";"43,72245827";"7,22431944"
"202400003394";"21";"10";"2024";"04:45";"5";"94";"94017";"2";"3";"1";"3";"Rue Louis Talamoni";"48,81271000";"2,51410000"
"202400003395";"22";"10";"2024";"09:00";"1";"93";"93059";"2";"1";"1";"6";"CLOS (SENTIER DU)";"48,96352553";"2,35591761"
"202400003396";"1";"06";"2024";"10:15";"1";"971";"97121";"2";"1";"1";"3";"RN2";"16,21563300";" -61,78271100"
"202400003397";"22";"10";"2024";"20:42";"5";"93";"93066";"2";"5";"1";"3";"""LANDY RD 20, NR IMPAIRS 1 A 144""";"48,91538000";"2,35779000"
"202400003398";"4";"06";"2024";"18:20";"1";"33";"33527";"2";"3";"1";"1";"N/A";"44,63097000";" -1,03205100"
"202400003399";"21";"10";"2024";"22:37";"5";"93";"93032";"2";"3";"2";"3";"PAUL VAILLANT COUTURIER (RUE)";"48,87917972";"2,54657857"
"202400003400";"6";"06";"2024";"08:20";"1";"91";"91041";"1";"1";"1";"3";"N20";"48,56410500";"2,22895900"
"202400003401";"6";"06";"2024";"19:53";"1";"91";"91200";"1";"9";"1";"2";"Route de Liphard";"48,53646500";"2,01536800"
"202400003402";"22";"10";"2024";"16:50";"1";"93";"93079";"2";"3";"1";"3";"SAINT LEU (ROUTE)";"48,95412052";"2,33517850"
"202400003403";"7";"06";"2024";"08:44";"1";"66";"66013";"1";"1";"1";"3";"N/A";"42,57605800";"2,51863700"
"202400003404";"21";"10";"2024";"22:00";"5";"93";"93029";"2";"1";"2";"6";"JEAN JAURES (AVENUE) N°";"48,91933000";"2,45240000"
"202400003405";"22";"10";"2024";"12:00";"1";"93";"93010";"2";"1";"1";"6";"VILLEMOMBLE (RTE DE) DE 132 A 169";"48,89195290";"2,48925979"
"202400003406";"6";"06";"2024";"16:20";"1";"83";"83030";"1";"1";"1";"1";"D43";"43,37592000";"6,08850700"
"202400003407";"21";"10";"2024";"08:00";"5";"92";"92064";"1";"1";"1";"6";"MARECHAL JUIN";"48,83405461";"2,22211428"
"202400003408";"6";"06";"2024";"15:00";"1";"52";"52269";"2";"1";"1";"6";"Avenue de la Gare de la Bonnelle (Pont)";"47,85462400";"5,32470000"
"202400003409";"22";"10";"2024";"19:04";"1";"92";"92051";"2";"2";"1";"3";"ROULE (AVENUE DU, N° 29 A 91 ET 30 A 86)";"48,88186975";"2,28017226"
"202400003410";"7";"06";"2024";"17:26";"1";"88";"88474";"1";"1";"1";"2";"D164";"48,29892600";"5,73212700"
"202400003411";"21";"10";"2024";"20:07";"5";"92";"92049";"2";"1";"1";"3";"BARBUSSE RUE HENRI N°1A 3 ET2 A 10";"48,81476351";"2,30995148"
"202400003412";"7";"06";"2024";"11:55";"1";"57";"57360";"1";"3";"7";"3";"D31";"49,15779243";"6,96911162"
"202400003413";"19";"10";"2024";"16:50";"1";"84";"84143";"1";"1";"1";"7";"Route de l'Appié";"43,99031000";"5,15935200"
"202400003414";"5";"06";"2024";"17:40";"1";"73";"73253";"1";"1";"1";"6";"N90";"45,50954148";"6,56512028"
"202400003415";"23";"10";"2024";"14:00";"1";"95";"95487";"2";"1";"1";"3";"D78";"49,14879827";"2,28055644"
"202400003416";"7";"06";"2024";"08:32";"1";"01";"01185";"1";"9";"1";"1";"Route départementale 8";"45,98129600";"5,57538400"
"202400003417";"22";"10";"2024";"18:30";"1";"41";"41055";"1";"1";"7";"2";"D952";"47,49843000";"1,22865600"
"202400003418";"7";"06";"2024";"03:30";"3";"69";"69249";"1";"1";"1";"6";"Route de Saint-Martin En Haut";"45,67728953";"4,63530961"
"202400003419";"23";"10";"2024";"11:40";"1";"21";"21529";"1";"1";"1";"2";"A6";"47,40946600";"4,34207800"
"202400003420";"23";"10";"2024";"17:25";"2";"83";"83073";"1";"1";"1";"7";"Dn7";"43,39578700";"6,29164700"
"202400003421";"4";"06";"2024";"16:08";"1";"69";"69273";"2";"1";"1";"3";"32 Rue Colière";"45,68379600";"4,93277000"
"202400003422";"22";"10";"2024";"18:30";"1";"56";"56165";"2";"6";"1";"3";"giratoire henri thebault";"47,94308400";" -2,39724000"
"202400003423";"6";"06";"2024";"14:35";"1";"79";"79049";"1";"1";"1";"2";"N/A";"46,89651500";" -0,47367800"
"202400003424";"22";"10";"2024";"22:45";"5";"63";"63178";"2";"1";"2";"6";"Chemin du Bout du Monde";"45,54346887";"3,25531125"
"202400003425";"7";"06";"2024";"07:25";"2";"17";"17385";"1";"1";"1";"7";"Route de Matha à Saint Pierre";"45,93207600";" -1,30311900"
"202400003426";"23";"10";"2024";"12:24";"1";"12";"12021";"1";"1";"1";"5";"D648";"44,29523500";"2,10717600"
"202400003427";"6";"06";"2024";"16:25";"1";"44";"44103";"1";"1";"1";"3";"32 Rue de la Chalandière";"47,32995600";" -2,18227200"
"202400003428";"22";"10";"2024";"12:20";"1";"22";"22354";"1";"1";"1";"1";"COZ PARCOU";"48,57118400";" -3,24467900"
"202400003429";"5";"06";"2024";"14:15";"1";"22";"22161";"1";"6";"1";"6";"rue saint loup";"48,57480400";" -3,14349000"
"202400003430";"22";"10";"2024";"10:30";"1";"39";"39478";"2";"1";"2";"1";"Route de Lyon";"46,38074400";"5,83278500"
"202400003431";"7";"06";"2024";"15:45";"1";"27";"27315";"1";"1";"1";"1";"D125";"49,24761000";"1,52143500"
"202400003432";"22";"10";"2024";"09:30";"2";"29";"29077";"1";"1";"7";"6";"34 Route du Curnic";"48,63592100";" -4,41832100"
"202400003433";"6";"06";"2024";"17:30";"1";"76";"76043";"1";"1";"1";"7";"378 Rue d?Yvetot";"49,59922400";"0,72839100"
"202400003434";"19";"10";"2024";"05:30";"3";"02";"02382";"1";"3";"1";"1";"N/A";"49,86503600";"3,21175200"
"202400003435";"6";"06";"2024";"18:00";"1";"60";"60589";"1";"1";"1";"4";"D44";"49,21238300";"2,43251200"
"202400003436";"7";"06";"2024";"13:44";"1";"80";"80461";"1";"3";"1";"5";"D1";"49,90271800";"2,39092500"
"202400003437";"20";"10";"2024";"12:00";"1";"72";"72316";"1";"1";"2";"3";"D2";"48,33487100";"0,37855600"
"202400003438";"6";"06";"2024";"19:40";"1";"62";"62471";"2";"4";"1";"6";"D198";"50,67182900";"2,24340000"
"202400003439";"23";"10";"2024";"16:45";"1";"14";"14336";"1";"1";"1";"7";"2 Route Le Vesque";"49,14152600";" -0,65294300"
"202400003440";"23";"10";"2024";"10:45";"1";"50";"50304";"1";"3";"1";"1";"Le Mesnil-Aubert";"48,94430300";" -1,38961000"
"202400003441";"7";"06";"2024";"13:55";"1";"59";"59401";"1";"3";"1";"6";"not boone straete";"50,77210300";"2,67437700"
"202400003442";"23";"10";"2024";"15:55";"1";"60";"60151";"1";"1";"1";"6";"N31";"49,43450200";"2,86348900"
"202400003443";"6";"06";"2024";"19:05";"1";"83";"83137";"1";"1";"1";"6";"A50 TUNNEL TUBE NORD";"43,12779581";"5,92583657"
"202400003444";"20";"10";"2024";"01:15";"5";"60";"60104";"2";"4";"5";"6";"Rue de Paris";"49,62782300";"2,30033800"
"202400003445";"14";"10";"2024";"19:30";"5";"64";"64495";"2";"3";"2";"3";"D918";"43,35624900";" -1,56919700"
"202400003446";"22";"10";"2024";"12:15";"1";"36";"36021";"2";"1";"1";"6";"N/A";"46,98174801";"1,97428093"
"202400003447";"6";"06";"2024";"17:10";"1";"33";"33122";"1";"1";"1";"4";"N/A";"44,75292000";" -0,69081000"
"202400003448";"6";"06";"2024";"16:33";"1";"33";"33039";"1";"1";"1";"3";"N/A";"44,79145000";" -0,54019000"
"202400003449";"22";"10";"2024";"18:15";"1";"36";"36065";"1";"2";"1";"5";"N/A";"47,05017910";"2,02437086"
"202400003450";"15";"10";"2024";"15:00";"1";"24";"24183";"1";"1";"1";"6";"Chemin de la Rosière de Tursac";"45,00415183";"1,05330348"
"202400003451";"4";"06";"2024";"10:35";"1";"33";"33550";"1";"1";"1";"4";"N/A";"44,77790000";" -0,56450000"
"202400003452";"6";"06";"2024";"03:08";"3";"94";"94065";"1";"1";"1";"6";"A106";"48,75032218";"2,35570164"
"202400003453";"19";"10";"2024";"12:55";"1";"85";"85028";"2";"2";"2";"3";"RD24";"46,39040800";" -0,68850400"
"202400003454";"23";"10";"2024";"08:00";"2";"27";"27105";"1";"2";"5";"3";"RD313";"49,31101200";"0,84997300"
"202400003455";"5";"06";"2024";"15:49";"1";"92";"92047";"1";"1";"1";"4";"A13";"48,83595348";"2,18276684"
"202400003456";"23";"10";"2024";"07:45";"2";"30";"30294";"1";"9";"1";"7";"Route de Bagnols";"44,13044100";"4,12375200"
"202400003457";"23";"10";"2024";"08:00";"1";"06";"06018";"1";"6";"1";"1";"105 Route des Chappes";"43,61539000";"7,08087100"
"202400003458";"22";"10";"2024";"15:00";"1";"987";"98715";"2";"1";"7";"3";"pk 4.3, au niveau de NEW FAI";" -17,55429300";" -149,60154900"
"202400003459";"22";"10";"2024";"18:00";"2";"33";"33468";"1";"1";"1";"1";"N/A";"44,80013200";"0,03247400"
"202400003460";"22";"10";"2024";"16:30";"1";"11";"11202";"1";"1";"1";"7";"N/A";"42,85659600";"3,03223700"
"202400003461";"5";"06";"2024";"07:53";"1";"92";"92048";"1";"9";"1";"4";"N118";"48,80367737";"2,21401506"
"202400003462";"23";"10";"2024";"08:45";"1";"77";"77344";"1";"1";"5";"1";"Route départementale 41";"49,05796600";"2,79909500"
"202400003463";"6";"06";"2024";"12:00";"1";"93";"93005";"1";"1";"1";"2";"A3";"48,95493345";"2,47355044"
"202400003464";"6";"06";"2024";"02:50";"3";"92";"92078";"1";"1";"1";"6";"AUTOROUTE A86";"48,92764791";"2,33254761"
"202400003465";"17";"10";"2024";"16:25";"1";"13";"13105";"2";"2";"1";"3";"Chemin Donne";"43,74521200";"5,07093100"
"202400003466";"23";"10";"2024";"16:20";"1";"17";"17155";"2";"1";"1";"6";"71 Rue Charles Hérve";"45,73121700";" -1,09715000"
"202400003467";"21";"10";"2024";"19:15";"2";"33";"33533";"1";"1";"1";"7";"N/A";"44,56446900";" -0,27731900"
"202400003468";"22";"10";"2024";"18:40";"1";"22";"22326";"1";"1";"1";"6";"L'Hotier";"48,44404500";" -2,41039400"
"202400003469";"22";"10";"2024";"13:21";"1";"60";"60341";"1";"6";"1";"2";"Avenue de la gare";"49,09725800";"2,74035400"
"202400003470";"22";"10";"2024";"18:28";"1";"13";"13001";"1";"1";"1";"2";"A51-Sens Marseille vers Aix en Provence";"43,47648474";"5,40781310"
"202400003471";"22";"10";"2024";"10:00";"1";"13";"13081";"1";"1";"1";"2";"A7-Sens Lyon vers Marseille";"43,47811878";"5,23904762"
"202400003472";"21";"10";"2024";"07:45";"3";"33";"33448";"1";"1";"1";"2";"N/A";"44,71544800";" -0,51851100"
"202400003473";"16";"10";"2024";"18:30";"2";"59";"59581";"1";"1";"1";"2";"AUTOROUTE A25";"50,69661000";"2,80243000"
"202400003474";"22";"10";"2024";"14:20";"1";"91";"91228";"1";"1";"1";"4";"AUTOROUTE A6";"48,62831000";"2,41236000"
"202400003475";"21";"10";"2024";"19:57";"2";"92";"92025";"1";"1";"1";"2";"A86";"48,91903976";"2,22360689"
"202400003476";"22";"10";"2024";"18:25";"2";"93";"93066";"1";"1";"1";"6";"AUTOROUTE A1";"48,93311271";"2,37578530"
"202400003477";"22";"10";"2024";"11:00";"1";"93";"93064";"1";"1";"1";"5";"AUTOROUTE A103";"48,88657000";"2,48270000"
"202400003478";"21";"10";"2024";"19:45";"3";"95";"95582";"1";"1";"1";"2";"A115";"48,98269853";"2,24130481"
"202400003479";"22";"10";"2024";"08:00";"2";"94";"94079";"1";"1";"1";"2";"A4";"48,83544590";"2,53871181"
"202400003480";"22";"10";"2024";"06:40";"5";"94";"94052";"1";"1";"2";"2";"A86";"48,84229175";"2,49300327"
"202400003481";"4";"04";"2024";"12:00";"1";"75";"75106";"2";"4";"8";"6";"RUE DAUPHINE";"48,85418100";"2,33894400"
"202400003482";"13";"06";"2024";"17:40";"1";"74";"74118";"1";"1";"1";"3";"A411";"46,18191000";"6,22619000"
"202400003483";"21";"08";"2024";"13:57";"1";"74";"74243";"1";"1";"1";"1";"D1206";"46,14216700";"6,09632300"
"202400003484";"24";"06";"2024";"11:15";"1";"74";"74193";"1";"1";"1";"7";"D215";"46,11898557";"6,18008047"
"202400003485";"20";"07";"2024";"11:55";"1";"74";"74043";"1";"4";"1";"3";"D35";"46,26188900";"6,35666900"
"202400003486";"17";"08";"2024";"12:30";"1";"74";"74118";"1";"1";"1";"2";"ZONE (ROUTE DE)";"46,17195472";"6,21076890"
"202400003487";"21";"07";"2024";"09:10";"1";"74";"74206";"2";"3";"2";"5";"Route du lyaud";"46,32008900";"6,49860600"
"202400003488";"4";"08";"2024";"03:15";"5";"74";"74012";"2";"1";"1";"1";"GARE (RUE DE LA)";"46,19420000";"6,23375000"
"202400003489";"9";"08";"2024";"22:45";"5";"74";"74008";"2";"1";"1";"3";"JEAN-JAURES (RUE)";"46,19440000";"6,22412000"
"202400003490";"10";"08";"2024";"11:10";"1";"74";"74275";"1";"9";"1";"7";"D42";"45,81673400";"6,24439500"
"202400003491";"20";"08";"2024";"16:20";"1";"74";"74080";"1";"1";"1";"7";"D909";"45,87984422";"6,44777083"
"202400003492";"24";"07";"2024";"17:39";"1";"74";"74058";"1";"1";"1";"7";"D22";"46,28212400";"6,82001000"
"202400003493";"2";"07";"2024";"10:45";"1";"74";"74043";"1";"1";"1";"2";"Avenue des fully";"46,27299200";"6,34197600"
"202400003494";"5";"07";"2024";"20:00";"1";"74";"74006";"2";"1";"1";"6";"559 Route du chef lieu";"46,00095800";"6,11788500"
"202400003495";"27";"07";"2024";"16:55";"1";"74";"74105";"2";"1";"1";"2";"Avenue du bas chablais";"46,31026300";"6,30162500"
"202400003496";"29";"06";"2024";"16:40";"1";"74";"74010";"2";"1";"1";"6";"2 Rue de sansy (Annecy)";"45,88838400";"6,11548000"
"202400003497";"21";"07";"2024";"22:45";"3";"74";"74312";"1";"1";"1";"7";"A40";"46,06998000";"6,47608000"
"202400003498";"24";"06";"2024";"18:55";"1";"74";"74043";"2";"6";"1";"6";"Avenue louis armand";"46,26595300";"6,36831000"
"202400003499";"22";"03";"2024";"17:45";"1";"75";"75112";"2";"1";"1";"3";"QUAI DE BERCY";"48,83290000";"2,38350000"
"202400003500";"22";"03";"2024";"12:10";"1";"75";"75111";"2";"7";"1";"2";"PLACE DE LA BASTILLE";"48,85351700";"2,36955300"
"202400003501";"22";"03";"2024";"07:40";"1";"75";"75111";"2";"7";"1";"6";"BOULEVARD VOLTAIRE";"48,85770700";"2,38037600"
"202400003502";"22";"03";"2024";"18:44";"2";"75";"75110";"2";"4";"1";"6";"RUE DU FAUBOURG SAINT MARTIN";"48,87610242";"2,36062843"
"202400003503";"22";"03";"2024";"13:17";"1";"75";"75104";"2";"3";"1";"7";"QUAI DE L HOTEL DE VILLE";"48,85443400";"2,35502100"
"202400003504";"22";"03";"2024";"13:40";"1";"94";"94074";"2";"1";"1";"2";"Avenue Henri Barbusse";"48,76515514";"2,44172913"
"202400003505";"21";"03";"2024";"19:45";"5";"94";"94068";"2";"2";"1";"3";"Boulevard de la Marne / Avenue de Bonneuil";"48,79169534";"2,50363049"
"202400003506";"21";"03";"2024";"13:10";"1";"94";"94068";"2";"1";"1";"3";"Avenue Raspail";"48,78624000";"2,48568000"
"202400003507";"22";"03";"2024";"16:45";"1";"94";"94076";"2";"2";"1";"6";"Rue Jean Baptiste Clément / Boulevard Paul Vaillant Couturier";"48,79577700";"2,36764800"
"202400003508";"21";"03";"2024";"05:07";"5";"94";"94037";"2";"9";"1";"3";"Rue Gabriel Péri / Rue Jacques Destrée";"48,81570158";"2,35612075"
"202400003509";"21";"03";"2024";"09:55";"1";"94";"94033";"2";"1";"1";"6";"Avenue du Val de Fontenay";"48,85378702";"2,48785615"