"Num_Acc";"jour";"mois";"an";"hrmn";"lum";"dep";"com";"agg";"int";"atm";"col";"adr";"lat";"long"
"202400003705";"8";"07";"2024";"19:40";"1";101;101004";"1";"1";"1";"1";"1 Lotissement San Biaggio";"41,94785000";"8,73503800"
"202400003706";"7";"07";"2024";"07:36";"2";"95";"95491";"2";"9";"1";"6";"PASTEUR (RUE)";"48,99930000";"2,23979000"
"202400003707";"21";"03";"2024";"17:35";"1";"49";"49328";"2";"2";"1";"6";"BEAUREPAIRE (RUE)";"47,25951400";" -0,07875300"
"202400003708";"20";"03";"2024";"12:15";"1";"49";"49007";"2";"1";"1";"7";"ONZE NOVEMBRE 1918 AVENUE";"47,47084000";" -0,54531000"
"202400003709";"8";"07";"2024";"15:10";"1";"91";"91201";"2";"1";"1";"1";"RUE ALPHONSE DAUDET";"48,66052000";"2,42807700"
"202400003710";"21";"03";"2024";"13:35";"1";"47";"47201";"1";"1";"1";"3";"CONDOM(ROUTE DE)";"44,16517840";"0,59605551"
"202400003711";"8";"07";"2024";"08:05";"1";"83";"83144";"2";"9";"1";"6";"UNIVERSITE (AVE DE L')";"43,13697582";"6,00265503"
"202400003712";"21";"03";"2024";"08:45";"1";"45";"45286";"2";"1";"1";"1";"D951 PR 90 + 150";"47,88922000";"1,92438000"
"202400003713";"7";"07";"2024";"20:55";"1";"80";"80021";"2";"2";"1";"1";"ASSAS (RUE D')";"49,87540172";"2,31449425"
"202400003714";"21";"03";"2024";"07:43";"1";"45";"45234";"2";"2";"1";"3";"Allées Pierre Chevallier";"47,90077000";"1,87667000"
"202400003715";"21";"03";"2024";"11:00";"1";"44";"44109";"2";"1";"1";"3";"Pont Général Audibert";"47,20835000";" -1,54925000"
"202400003716";"7";"07";"2024";"00:01";"3";"77";"77186";"1";"6";"1";"1";"D606 de l'obélisque à limite MORET";"48,39704000";"2,69320000"
"202400003717";"21";"03";"2024";"09:30";"1";"44";"44109";"2";"2";"1";"3";"32 Boulevard de Launay";"47,21059000";" -1,57359000"
"202400003718";"21";"03";"2024";"08:20";"1";"37";"37261";"2";"1";"1";"6";"CHURCHILL (BOULEVARD WINSTON)";"47,37365000";"0,67910000"
"202400003719";"6";"07";"2024";"16:35";"1";"76";"76341";"1";"1";"1";"4";"RD 6015";"49,50973000";"0,19851000"
"202400003720";"20";"03";"2024";"19:57";"5";"34";"34301";"2";"3";"1";"6";"VERDUN (BOULEVARD DE)";"43,41240000";"3,68595000"
"202400003721";"8";"07";"2024";"08:30";"1";"76";"76351";"2";"2";"1";"3";"EMILE RENOUF";"49,48938000";"0,10299000"
"202400003722";"21";"03";"2024";"12:13";"1";"34";"34172";"2";"1";"1";"6";"MOULINS (AVENUE DES";"43,62649000";"3,83852000"
"202400003723";"6";"07";"2024";"19:05";"1";"76";"76351";"2";"1";"1";"6";"WINSTON CHURCHILL";"49,49396000";"0,13634000"
"202400003724";"21";"03";"2024";"08:45";"1";"34";"34172";"2";"1";"1";"3";"GREZES (RUE DES)";"43,61149000";"3,82843000"
"202400003725";"21";"03";"2024";"09:45";"1";"34";"34172";"2";"1";"1";"6";"VENDEMIAIRE (RUE)";"43,60483000";"3,89830000"
"202400003726";"4";"07";"2024";"09:40";"1";"73";"73065";"2";"3";"1";"3";"VERNIER (RUE DU DR)";"45,57659567";"5,91944152"
"202400003727";"20";"03";"2024";"16:40";"1";"34";"34172";"2";"1";"8";"3";"Avenue de la Liberté";"43,61226000";"3,82399000"
"202400003728";"7";"07";"2024";"19:15";"1";"72";"72181";"2";"9";"1";"3";"LOUIS BLANC (QUAI)";"48,00661000";"0,19225400"
"202400003729";"21";"03";"2024";"19:00";"1";"33";"33063";"2";"3";"1";"3";"N/A";"44,82980000";" -0,59616000"
"202400003730";"8";"07";"2024";"07:50";"1";"71";"71306";"2";"6";"1";"3";"LUCY (RUE DE)";"46,66350000";"4,34070000"
"202400003731";"21";"03";"2024";"16:15";"1";"33";"33281";"2";"1";"1";"2";"N/A";"44,84712000";" -0,71564000"
"202400003732";"21";"03";"2024";"04:40";"5";"31";"31555";"2";"3";"1";"3";"AV ETIENNE BILLIERES";"43,59712694";"1,42709747"
"202400003733";"8";"07";"2024";"18:55";"1";"69";"69275";"2";"2";"1";"3";"Avenue Jean Macé";"45,76395000";"4,95640000"
"202400003734";"21";"03";"2024";"14:00";"1";"29";"29232";"1";"1";"1";"6";"RN 165";"48,03732559";" -4,07945257"
"202400003735";"8";"07";"2024";"18:05";"1";"67";"67482";"2";"1";"1";"7";"PORTE DE L HOPITAL (RUE DE LA)";"48,57544000";"7,74999000"
"202400003736";"21";"03";"2024";"16:37";"1";"29";"29039";"1";"2";"1";"3";"Rue de Kerambec";"47,89426000";" -3,88981300"
"202400003737";"8";"07";"2024";"17:55";"1";"67";"67482";"2";"1";"1";"1";"Quai Jean-Pierre Mayno";"48,56924800";"7,73494600"
"202400003738";"19";"03";"2024";"20:20";"5";"29";"29019";"2";"8";"1";"3";"avenue 1ère D.F.L.";"48,37579481";" -4,55489169"
"202400003739";"8";"07";"2024";"20:45";"1";"59";"59599";"2";"3";"1";"3";"MAGENTA (RUE)";"50,70886000";"3,15973000"
"202400003740";"8";"07";"2024";"18:20";"1";"59";"59220";"2";"9";"1";"6";"NOUVELLE RUE";"50,60355100";"3,07506100"
"202400003741";"21";"03";"2024";"07:40";"1";"27";"27229";"2";"1";"1";"2";"CHURCHILL (AVENUE WINSTON)";"49,01879000";"1,16429000"
"202400003742";"21";"03";"2024";"08:00";"1";"18";"18033";"2";"6";"1";"7";"Avenue de Lattre de Tassigny";"47,10183000";"2,41314000"
"202400003743";"21";"06";"2024";"21:44";"1";"58";"58194";"2";"3";"1";"3";"LOUIS VICAT";"46,99490000";"3,15292000"
"202400003744";"8";"07";"2024";"14:00";"1";"56";"56260";"2";"1";"1";"2";"Rue de Bernus";"47,65315000";" -2,76944000"
"202400003745";"20";"03";"2024";"17:10";"1";"17";"17300";"2";"4";"1";"6";"GUITON   AVENUE JEAN (343-371)";"46,15948000";" -1,19971000"
"202400003746";"21";"03";"2024";"17:30";"1";"13";"13208";"2";"1";"1";"3";"TURCAT MERY ALLÉE (ALLEE)";"43,28070579";"5,38826335"
"202400003747";"7";"07";"2024";"06:50";"1";"54";"54547";"2";"9";"1";"6";"Route de Mirecourt";"48,66731000";"6,19013000"
"202400003748";"11";"03";"2024";"04:30";"2";"13";"13211";"2";"3";"1";"6";"EMMANUEL ALLARD (RUE)";"43,29006473";"5,44102057"
"202400003749";"8";"07";"2024";"11:30";"1";"50";"50218";"2";"9";"2";"2";"MATIGNON (AV DES)";"48,83797000";" -1,56667000"
"202400003750";"5";"07";"2024";"12:50";"1";"50";"50129";"2";"1";"2";"7";"LOGES (CHEMIN DE LA)";"49,61707000";" -1,61726000"
"202400003751";"20";"03";"2024";"16:25";"1";"13";"13211";"2";"1";"1";"2";"JEAN LOMBARD (AVENUE)";"43,28900000";"5,43211000"
"202400003752";"21";"03";"2024";"17:00";"1";"13";"13028";"2";"1";"1";"1";"Puits de brunet (Chemin)";"43,18648000";"5,60002000"
"202400003753";"14";"05";"2024";"15:00";"1";"46";"46042";"1";"1";"1";"7";"Départementale 820";"44,44703000";"1,41968000"
"202400003754";"21";"03";"2024";"20:30";"5";"13";"13001";"2";"3";"1";"3";"RD 10";"43,53376000";"5,46293000"
"202400003755";"7";"07";"2024";"20:25";"1";"45";"45004";"2";"2";"1";"3";"127 Rue du Marchais Rouge";"47,98658000";"2,80230000"
"202400003756";"21";"03";"2024";"07:50";"1";"11";"11069";"2";"9";"1";"3";"22bis Boulevard de Varsovie";"43,21577000";"2,34840000"
"202400003757";"6";"07";"2024";"18:35";"1";"45";"45208";"2";"2";"1";"3";"37 Rue Victor Méric";"48,00135000";"2,72430000"
"202400003758";"7";"07";"2024";"23:58";"5";"42";"42186";"2";"1";"1";"1";"Rue Edouard Vaillant";"45,52169800";"4,59873200"
"202400003759";"22";"03";"2024";"01:04";"5";"06";"06088";"2";"1";"1";"7";"Promenade des Anglais";"43,69427000";"7,25771000"
"202400003760";"7";"07";"2024";"17:55";"1";"41";"41018";"2";"1";"1";"7";"TUILERIES (LEVEE DES)";"47,59423400";"1,35236600"
"202400003761";"8";"07";"2024";"13:52";"1";"37";"37261";"2";"6";"1";"2";"LOUIS XI (BOULEVARD)";"47,37361000";"0,67829000"
"202400003762";"21";"03";"2024";"19:00";"2";"01";"01053";"2";"2";"1";"3";"HERRIOT ( BOULEVARD EDOUARD COTE PAIR)";"46,21024000";"5,22151000"
"202400003763";"8";"07";"2024";"13:08";"1";"37";"37195";"2";"3";"1";"7";"PROUDHON (AVENUE)";"47,39350000";"0,66283000"
"202400003764";"21";"03";"2024";"18:20";"1";"75";"75115";"2";"1";"1";"3";"BD PERIPHERIQUE EXTERIEUR";"48,83494100";"2,26804000"
"202400003765";"21";"03";"2024";"16:40";"1";"75";"75117";"2";"1";"1";"2";"ECHANGEUR MAILLOT";"48,88264301";"2,28318608"
"202400003766";"8";"07";"2024";"10:05";"1";"35";"35238";"2";"2";"2";"3";"BRETAGNE (PLACE DE)";"48,10977616";" -1,68421000"
"202400003767";"21";"03";"2024";"08:55";"1";"75";"75117";"2";"1";"1";"6";"BD PERIPHERIQUE INTERIEUR";"48,88013700";"2,28189500"
"202400003768";"21";"03";"2024";"08:10";"1";"75";"75117";"2";"1";"1";"2";"BD PERIPHERIQUE INTERIEUR";"48,87927300";"2,28152900"
"202400003769";"9";"07";"2024";"00:01";"5";"31";"31555";"2";"3";"1";"3";"AV DU GENERAL EISENHOWER";"43,56218000";"1,39044100"
"202400003770";"3";"07";"2024";"11:01";"1";"28";"28220";"1";"9";"1";"3";"ROUTE NATIONALE 123";"48,41618000";"1,46373000"
"202400003771";"21";"03";"2024";"14:00";"1";"75";"75118";"2";"3";"1";"3";"AVENUE DE LA PORTE D AUBERVILLIERS";"48,90094000";"2,37013000"
"202400003772";"7";"07";"2024";"08:00";"1";"26";"26362";"1";"1";"1";"6";"RN7";"44,90231755";"4,88389813"
"202400003773";"21";"03";"2024";"01:15";"5";"75";"75116";"2";"7";"1";"6";"PLACE DE VARSOVIE";"48,85998200";"2,29038500"
"202400003774";"21";"03";"2024";"08:15";"1";"75";"75114";"2";"4";"1";"7";"RUE D ALESIA";"48,82779000";"2,32896500"
"202400003775";"8";"07";"2024";"22:00";"2";"25";"25056";"2";"4";"1";"3";"VESOUL RUE DE (inf 52)";"47,25246000";"6,01674000"
"202400003776";"21";"03";"2024";"22:16";"5";"75";"75113";"2";"4";"1";"6";"RUE DE PATAY";"48,82767300";"2,37131100"
"202400003777";"8";"07";"2024";"04:50";"2";"25";"25056";"2";"2";"1";"3";"BERTHELOT RUE";"47,23554000";"5,98280000"
"202400003778";"21";"03";"2024";"17:00";"1";"75";"75113";"2";"4";"1";"3";"RUE DE TOLBIAC";"48,82573100";"2,34798100"
"202400003779";"8";"07";"2024";"04:00";"4";"14";"14059";"2";"1";"1";"6";"33 Avenue du Littoral";"49,34857000";"0,05015000"
"202400003780";"19";"03";"2024";"19:20";"5";"75";"75112";"2";"1";"1";"4";"QUAI DE BERCY";"48,82839200";"2,38836600"
"202400003781";"8";"07";"2024";"11:45";"1";"13";"13117";"1";"1";"1";"2";"CD 9 ESTROUBLANS";"43,42761000";"5,26172000"
"202400003782";"21";"03";"2024";"17:25";"1";"75";"75110";"2";"3";"1";"7";"RUE DU FAUBOURG SAINT MARTIN";"48,87490800";"2,35892900"
"202400003783";"8";"07";"2024";"12:24";"1";"05";"05023";"2";"1";"1";"6";"BALPIN (CHEMIN)";"44,88713100";"6,63909800"
"202400003784";"21";"03";"2024";"08:40";"1";"75";"75109";"2";"4";"1";"3";"BOULEVARD DES CAPUCINES";"48,87100000";"2,33413200"
"202400003785";"21";"03";"2024";"12:20";"1";"75";"75107";"2";"3";"1";"3";"AVENUE FREDERIC LE PLAY";"48,85385800";"2,30478200"
"202400003786";"7";"07";"2024";"22:13";"5";"75";"75112";"2";"1";"1";"2";"PORTE DOREE";"48,82876800";"2,39871600"
"202400003787";"21";"03";"2024";"07:49";"1";"75";"75107";"2";"4";"1";"6";"BOULEVARD RASPAIL";"48,85221700";"2,32675300"
"202400003788";"7";"07";"2024";"21:00";"5";"75";"75115";"2";"3";"1";"6";"QUAI BRANLY";"48,85746818";"2,29106516"
"202400003789";"20";"03";"2024";"18:35";"1";"94";"94081";"2";"3";"1";"6";"Avenue Jean Jaurès / Rue Désiré Granet";"48,79376100";"2,39886700"
"202400003790";"8";"07";"2024";"09:43";"1";"75";"75119";"2";"2";"1";"3";"AVENUE DE FLANDRE";"48,88577600";"2,37095700"
"202400003791";"21";"03";"2024";"08:05";"1";"94";"94046";"2";"3";"1";"3";"Rue de Mulhouse / Rue Jean Jaurès";"48,79618300";"2,43369800"
"202400003792";"8";"07";"2024";"06:40";"2";"75";"75116";"2";"7";"1";"3";"PLACE CLEMENT ADER";"48,85129200";"2,27849900"
"202400003793";"20";"03";"2024";"17:15";"1";"94";"94011";"2";"6";"1";"2";"Avenue Rhin et Danube / Avenue de Boissy";"48,76844000";"2,48844000"
"202400003794";"7";"07";"2024";"13:30";"1";"75";"75115";"2";"1";"1";"3";"BOULEVARD DE VAUGIRARD";"48,84638900";"2,31744300"
"202400003795";"21";"03";"2024";"07:30";"1";"94";"94055";"2";"9";"1";"2";"Route de Provins / Rue Lavoisier";"48,79690000";"2,54843000"
"202400003796";"21";"03";"2024";"17:09";"1";"93";"93070";"2";"1";"1";"3";"Rue du Docteur Bauer";"48,90949417";"2,33866525"
"202400003797";"8";"07";"2024";"01:17";"5";"75";"75114";"2";"2";"1";"3";"BOULEVARD JOURDAN";"48,82136316";"2,33436137"
"202400003798";"8";"07";"2024";"12:23";"1";"75";"75113";"2";"3";"1";"1";"RUE DU CHEVALERET";"48,82734800";"2,37727300"
"202400003799";"21";"03";"2024";"08:11";"1";"93";"93066";"2";"1";"1";"4";"Avenue du Président Wilson";"48,91394584";"2,35753012"
"202400003800";"7";"07";"2024";"09:00";"1";"75";"75120";"2";"1";"1";"6";"BOULEVARD MORTIER";"48,86996000";"2,40878000"
"202400003801";"8";"07";"2024";"16:15";"1";"75";"75108";"2";"2";"1";"6";"AVENUE DES CHAMPS ELYSEES";"48,87051800";"2,30524500"
"202400003802";"8";"07";"2024";"10:40";"1";"75";"75108";"2";"7";"1";"3";"PLACE DES TERNES";"48,87778000";"2,29827000"
"202400003803";"21";"03";"2024";"12:30";"1";"93";"93055";"2";"1";"1";"2";"Rue Victor Hugo";"48,89362000";"2,41026000"
"202400003804";"8";"07";"2024";"09:50";"1";"75";"75108";"2";"2";"1";"3";"RUE DE COURCELLES";"48,87503100";"2,30919600"
"202400003805";"21";"03";"2024";"08:30";"1";"93";"93007";"2";"2";"1";"3";"Avenue de Bel-abbès / Avenue Edouard Lucy";"48,92803400";"2,47968700"
"202400003806";"8";"07";"2024";"09:40";"1";"75";"75107";"2";"1";"1";"6";"QUAI D ORSAY";"48,86276205";"2,31842905"
"202400003807";"8";"07";"2024";"09:40";"1";"75";"75101";"2";"3";"1";"7";"RUE DE RIVOLI";"48,86465900";"2,32931600"
"202400003808";"20";"03";"2024";"22:30";"5";"93";"93007";"2";"1";"1";"3";"Avenue Descartes";"48,95017700";"2,45573000"
"202400003809";"20";"03";"2024";"18:46";"1";"92";"92078";"2";"1";"1";"3";"MARECHAL LECLERC (AVENUE) (N° IMPAIRS)";"48,93498000";"2,32497000"
"202400003810";"7";"07";"2024";"17:50";"1";"75";"75102";"2";"2";"1";"3";"RUE DE RICHELIEU";"48,87053950";"2,33937174"
"202400003811";"21";"03";"2024";"11:00";"1";"92";"92048";"2";"2";"1";"3";"GENERAL DE GAULLE (AVENUE DU)";"48,78768725";"2,22776055"
"202400003812";"7";"07";"2024";"14:15";"1";"94";"94043";"2";"2";"1";"6";"Avenue Charles Gide";"48,80796300";"2,35693100"
"202400003813";"8";"07";"2024";"08:05";"1";"94";"94077";"2";"1";"1";"6";"Rue Saint Martin";"48,73720514";"2,40842816"
"202400003814";"20";"03";"2024";"18:50";"1";"92";"92036";"2";"3";"1";"6";"GENEAL DE GAULLE (AVENUE) (1/41)";"48,93377586";"2,31338149"
"202400003815";"8";"07";"2024";"12:22";"1";"94";"94079";"2";"2";"8";"1";"Rue P Doboeuf et Michel Lafon";"48,83276000";"2,54427000"
"202400003816";"19";"03";"2024";"19:35";"5";"92";"92025";"2";"2";"1";"6";"EDGARD QUINET (BD)";"48,92566019";"2,24720138"
"202400003817";"8";"07";"2024";"20:20";"1";"94";"94018";"2";"3";"1";"6";"Rue des Bordeaux";"48,82172000";"2,40978000"
"202400003818";"20";"03";"2024";"20:20";"5";"92";"92019";"2";"2";"1";"2";"QUATRE CHEMINS (AVENUE DES)";"48,77644993";"2,27827728"
"202400003819";"8";"07";"2024";"06:30";"2";"93";"93064";"2";"7";"1";"3";"Boulevard Gabriel Péri / Rue Richard Gardebled";"48,87742000";"2,48446000"
"202400003820";"8";"07";"2024";"09:25";"1";"93";"93055";"2";"2";"1";"3";"Avenue Anatole France / Rue Pierre Brossolette";"48,89309000";"2,42414000"
"202400003821";"8";"07";"2024";"16:32";"1";"92";"92072";"2";"2";"1";"3";"GRANDE RUE";"48,82642047";"2,21927834"
"202400003822";"8";"07";"2024";"06:12";"1";"92";"92051";"2";"2";"1";"3";"WINSTON CHURCHILL (PLACE)";"48,88341177";"2,27350507"
"202400003823";"7";"07";"2024";"02:39";"4";"92";"92024";"2";"1";"1";"6";"GUSTAVE EIFFEL (RUE)";"48,90409912";"2,29499133"
"202400003824";"8";"07";"2024";"11:00";"1";"92";"92004";"2";"1";"1";"6";"MOURINOUX ( RUE DES )";"48,93175066";"2,27588511"
"202400003825";"7";"07";"2024";"18:20";"1";"34";"34088";"1";"1";"1";"5";"Route de Fabrègues";"43,54640200";"3,73899900"
"202400003826";"8";"07";"2024";"16:40";"1";"54";"54192";"1";"1";"1";"2";"D112";"48,56264977";"6,28679752"
"202400003827";"8";"07";"2024";"19:50";"1";101;101348";"2";"1";"1";"6";"1240 Promenade de la plage";"42,11552000";"8,68923800"
"202400003828";"9";"07";"2024";"13:50";"1";"24";"24372";"1";"1";"1";"3";"2 Route de Montanceix";"45,14822336";"0,54395199"
"202400003829";"9";"07";"2024";"19:10";"1";"43";"43185";"1";"1";"1";"1";"D656";"45,38553119";"3,31847704"
"202400003830";"8";"07";"2024";"13:30";"1";"974";"97422";"2";"1";"1";"1";"60 Rue Charles Baudelaire";" -21,25925700";"55,50293400"
"202400003831";"9";"07";"2024";"08:50";"1";"972";"97207";"1";"9";"1";"3";"Fond d'Or";"14,60157700";" -60,95307100"
"202400003832";"8";"07";"2024";"14:35";"1";"972";"97208";"1";"1";"1";"2";"N3";"14,73066400";" -61,09988500"
"202400003833";"7";"07";"2024";"16:16";"1";"88";"88256";"1";"1";"7";"7";"D50";"48,15473500";"6,75697800"
"202400003834";"9";"07";"2024";"05:25";"2";"36";"36018";"1";"1";"1";"3";"N/A";"46,63269065";"1,10264540"
"202400003835";"9";"07";"2024";"15:25";"1";"50";"50546";"1";"1";"1";"6";"Route du Manoir (La Mancellière-sur-Vire)";"49,05844300";" -1,09728600"
"202400003836";"9";"07";"2024";"14:20";"1";"50";"50363";"1";"1";"1";"6";"Route du Carrefour Paris";"48,99580500";" -1,16816600"
"202400003837";"2";"07";"2024";"13:35";"1";"62";"62211";"2";"1";"3";"1";"Rue d'Agnières";"50,35383800";"2,61767200"
"202400003838";"8";"07";"2024";"17:40";"1";"34";"34309";"1";"1";"1";"1";"croisement D145 et rue du montferrier";"43,67923200";"3,90943800"
"202400003839";"9";"07";"2024";"16:30";"1";"57";"57556";"2";"9";"1";"2";"rue du lac";"49,05106700";"6,91123200"
"202400003840";"9";"07";"2024";"09:15";"1";"51";"51380";"2";"1";"1";"3";"la chaussée a chateauneuf";"48,87303300";"3,52450800"
"202400003841";"9";"07";"2024";"17:30";"1";"19";"19252";"1";"2";"1";"6";"la crouzade";"45,42087787";"2,45662196"
"202400003842";"3";"06";"2024";"16:00";"1";"56";"56234";"2";"1";"1";"5";"Le Fort Penthievre";"47,54255100";" -3,13486100"
"202400003843";"9";"07";"2024";"02:00";"3";"56";"56157";"1";"1";"2";"6";"Kermarec";"47,77481700";" -2,71960400"
"202400003844";"8";"07";"2024";"16:25";"1";100;100012";"1";"1";"1";"6";"314";"42,22950200";"9,27512200"
"202400003845";"9";"07";"2024";"14:00";"1";100;100319";"1";"9";"1";"4";"Valle Longhe";"42,42046700";"9,52866000"
"202400003846";"8";"07";"2024";"22:48";"3";"82";"82076";"1";"1";"1";"7";"Route de Molieres";"44,12059000";"1,35404300"
"202400003847";"9";"07";"2024";"17:30";"1";"63";"63148";"1";"3";"1";"5";"D224 / chemin de la Grenouillère";"45,88860054";"3,18241246"
"202400003848";"8";"07";"2024";"17:40";"1";"61";"61181";"2";"1";"1";"5";"Voie Communale";"48,78658700";"0,30049800"
"202400003849";"7";"07";"2024";"19:40";"1";"12";"12186";"1";"1";"1";"6";"rd999";"43,87726300";"2,58504900"
"202400003850";"8";"07";"2024";"16:56";"1";"47";"47226";"1";"3";"1";"3";"D668";"44,62503800";"0,31263800"
"202400003851";"7";"07";"2024";"12:10";"1";"34";"34261";"1";"1";"7";"7";"D4";"43,74856000";"3,58154300"
"202400003852";"9";"07";"2024";"07:10";"1";"25";"25578";"1";"1";"1";"3";"D50";"47,14675100";"6,32866100"
"202400003853";"2";"07";"2024";"17:30";"1";"44";"44217";"1";"3";"1";"3";"la Bosse Billy";"47,30990219";" -1,74800992"
"202400003854";"8";"07";"2024";"22:40";"3";"31";"31345";"1";"1";"1";"5";"D820";"43,38422400";"1,43935900"
"202400003855";"8";"07";"2024";"12:30";"1";"72";"72089";"2";"9";"1";"5";"20 Grande Rue";"48,12318600";" -0,01676400"
"202400003856";"9";"07";"2024";"12:09";"1";"05";"05056";"2";"1";"1";"7";"Rue de la Charrière";"44,64523100";"6,13152400"
"202400003857";"4";"07";"2024";"11:37";"1";"64";"64547";"1";"4";"1";"1";"Chemin de Halage";"43,42615200";" -1,46017800"
"202400003858";"9";"07";"2024";"12:50";"1";"07";"07334";"1";"1";"1";"7";"d901";"44,41112900";"4,16066400"
"202400003859";"8";"07";"2024";"13:25";"1";"04";"04075";"1";"1";"1";"1";"Route de la Clue";"44,20565000";"5,98696900"
"202400003860";"9";"07";"2024";"00:45";"3";"87";"87072";"1";"1";"1";"6";"D82a2";"45,66287200";"1,43732100"
"202400003861";"27";"06";"2024";"19:10";"1";"87";"87154";"1";"1";"1";"7";"Le Pont du Dérot";"45,91642600";"0,91718700"
"202400003862";"9";"07";"2024";"08:08";"1";"87";"87017";"1";"1";"1";"6";"RN 145 Pk 4+400";"46,14410200";"1,10077900"
"202400003863";"8";"07";"2024";"17:18";"1";"30";"30004";"2";"1";"1";"1";"Rue de la Gare";"43,73334800";"4,18436900"
"202400003864";"9";"07";"2024";"10:00";"1";"30";"30073";"1";"1";"1";"3";"D19a";"43,95496200";"4,55670300"
"202400003865";"9";"07";"2024";"10:30";"1";"30";"30188";"1";"3";"1";"3";"D936";"44,03030000";"4,15091200"
"202400003866";"7";"07";"2024";"23:55";"3";"88";"88408";"1";"6";"1";"6";"ROND POINT DES MEIX";"47,93645700";"6,63978700"
"202400003867";"9";"07";"2024";"14:25";"1";"77";"77333";"1";"1";"1";"2";"A6 > PARIS";"48,26188693";"2,72336744"
"202400003868";"20";"06";"2024";"08:15";"1";"44";"44020";"1";"1";"1";"3";"N/A";"47,17509500";" -1,61180000"
"202400003869";"9";"07";"2024";"08:00";"1";"37";"37079";"1";"2";"1";"3";"Rue de Beauregard";"47,34078200";"1,03673800"
"202400003870";"5";"07";"2024";"18:00";"1";"28";"28372";"1";"1";"1";"1";"D101";"48,64436600";"1,58992800"