"Num_Acc";"jour";"mois";"an";"hrmn";"lum";"dep";"com";"agg";"int";"atm";"col";"adr";"lat";"long"
"202400003871";"7";"07";"2024";"21:50";"3";100;100298";"2";"9";"1";"7";"Route du pont de fer";"42,67335700";"9,30189000"
"202400003872";"9";"07";"2024";"09:15";"1";"66";"66008";"1";"6";"1";"3";"N/A";"42,55090800";"3,00634900"
"202400003873";"3";"07";"2024";"19:55";"1";"66";"66144";"1";"3";"1";"3";"N/A";"42,62238364";"2,86717415"
"202400003874";"3";"07";"2024";"22:00";"5";"34";"34090";"2";"3";"1";"3";"route départementale 613";"43,64060900";"3,93877300"
"202400003875";"9";"07";"2024";"09:35";"1";"06";"06091";"1";"1";"1";"1";"D53";"43,79732900";"7,40482400"
"202400003876";"6";"07";"2024";"15:24";"1";"04";"04171";"1";"1";"1";"3";"RD 952";"43,79515200";"6,38643600"
"202400003877";"8";"07";"2024";"15:00";"1";"26";"26002";"1";"1";"1";"3";"Autoroute A7";"45,24126400";"4,84261000"
"202400003878";"4";"07";"2024";"20:00";"1";"70";"70279";"2";"6";"1";"3";"rue du chemin neuf";"47,44867800";"5,58032500"
"202400003879";"8";"07";"2024";"10:00";"1";"68";"68329";"1";"1";"1";"1";"Route de la Schlucht";"48,05163374";"7,10712063"
"202400003880";"4";"07";"2024";"18:50";"1";"42";"42328";"1";"1";"1";"2";"Route du Mongenet";"45,57354200";"3,98559100"
"202400003881";"9";"07";"2024";"08:35";"1";"38";"38277";"1";"1";"1";"1";"Départementale 529";"45,00284700";"5,69969400"
"202400003882";"9";"07";"2024";"03:05";"3";"17";"17409";"1";"1";"1";"7";"Route du Stade";"45,67747600";" -1,02282300"
"202400003883";"30";"06";"2024";"19:00";"1";"33";"33035";"2";"2";"1";"3";"N/A";"45,05624300";" -0,60068600"
"202400003884";"9";"07";"2024";"15:00";"1";"85";"85083";"1";"1";"1";"1";"RD96";"46,98735200";" -2,27310800"
"202400003885";"6";"07";"2024";"22:30";"3";"44";"44179";"1";"1";"1";"1";"10 bellevue";"47,33091200";" -1,45570000"
"202400003886";"9";"07";"2024";"10:30";"1";"76";"76489";"1";"1";"2";"1";"Route du Hamelet";"49,50988500";"0,31246700"
"202400003887";"8";"07";"2024";"18:30";"1";"59";"59254";"2";"1";"1";"2";"Rue du Nord";"50,29078000";"3,19729000"
"202400003888";"8";"07";"2024";"16:55";"1";"33";"33249";"1";"1";"1";"7";"N/A";"44,88442000";" -0,51280000"
"202400003889";"8";"07";"2024";"17:25";"1";"91";"91340";"1";"1";"1";"2";"AUTOROUTE A6";"48,60188000";"2,43843000"
"202400003890";"17";"09";"2024";"05:58";"5";"93";"93005";"2";"9";"1";"7";"JACQUES DAGUERRE (AVENUE)";"48,95267000";"2,46773000"
"202400003891";"17";"09";"2024";"19:00";"1";"93";"93062";"2";"1";"1";"3";"RESISTANCE (AVENUE DE LA)";"48,89564000";"2,51428000"
"202400003892";"17";"09";"2024";"08:55";"1";"93";"93051";"2";"6";"1";"2";"RU DE NESLE (BOULEVARD)";"48,83785715";"2,58171737"
"202400003893";"17";"09";"2024";"09:50";"1";"93";"93053";"2";"2";"1";"3";"ARISTIDE BRIAND (BOULEVARD)";"48,87868389";"2,45787330"
"202400003894";"17";"09";"2024";"14:10";"1";"93";"93027";"2";"5";"1";"3";"PALMERS (PONT)";"48,92616000";"2,39678000"
"202400003895";"17";"09";"2024";"03:30";"5";"93";"93010";"2";"1";"1";"6";"ETOILE (AL. DE L')";"48,89213381";"2,48591942"
"202400003896";"17";"09";"2024";"17:25";"1";"93";"93007";"2";"2";"1";"3";"MASCOTTES (RUE DES)";"48,92019000";"2,47024000"
"202400003897";"17";"09";"2024";"15:30";"1";"93";"93027";"2";"1";"1";"3";"VAILLANT-COUTURIER (AVENUE PAUL)";"48,92440968";"2,41446672"
"202400003898";"17";"09";"2024";"18:30";"1";"92";"92063";"2";"1";"1";"6";"BONAPARTE (AVENUE NAPOLEON) NORD";"48,87204601";"2,16194652"
"202400003899";"17";"09";"2024";"22:20";"5";"92";"92040";"2";"6";"1";"2";"FRERES VOISIN (BOULEVARD DES)";"48,82784922";"2,27369159"
"202400003900";"17";"09";"2024";"20:15";"5";"62";"62534";"2";"6";"1";"3";"D342";"50,70780900";"2,11874100"
"202400003901";"7";"09";"2024";"05:30";"5";"95";"95487";"2";"1";"2";"3";"D4Z";"49,15369081";"2,27290881"
"202400003902";"17";"09";"2024";"15:25";"1";"84";"84137";"2";"1";"1";"7";"Avenue Ulysse Fabre";"44,23869200";"5,06383300"
"202400003903";"7";"09";"2024";"11:57";"1";"22";"22093";"1";"1";"1";"4";"RN12";"48,46404300";" -2,54358500"
"202400003904";"18";"09";"2024";"08:00";"1";"30";"30141";"1";"3";"1";"3";"N 580";"44,12136000";"4,68499000"
"202400003905";"17";"09";"2024";"20:55";"2";"61";"61497";"1";"1";"1";"6";"Aire de la Dentelle";"48,45670500";"0,12756800"
"202400003906";"16";"09";"2024";"16:50";"1";"51";"51530";"2";"3";"1";"3";"22 rue du 11 novembre";"49,15013500";"4,25369600"
"202400003907";"14";"09";"2024";"19:15";"1";"51";"51161";"2";"1";"1";"7";"Rue du 8 Mai";"49,04203200";"4,17688600"
"202400003908";"18";"09";"2024";"16:15";"1";"76";"76452";"1";"1";"1";"7";"D44";"49,55503865";"1,09224379"
"202400003909";"18";"09";"2024";"11:00";"1";"82";"82184";"1";"1";"1";"6";"1280 Route de Nègrepelisse";"44,03963600";"1,55763900"
"202400003910";"18";"09";"2024";"07:45";"2";"11";"11437";"1";"1";"1";"1";"N/A";"43,23809800";"2,24315300"
"202400003911";"18";"09";"2024";"16:05";"1";"25";"25326";"1";"1";"1";"7";"D11";"47,23348500";"5,78594000"
"202400003912";"16";"09";"2024";"17:40";"1";"35";"35306";"1";"3";"1";"3";"D117";"48,58019900";" -1,94993400"
"202400003913";"18";"09";"2024";"12:25";"1";"29";"29158";"2";"2";"1";"3";"Rue du 19 Mars 1962";"47,81175300";" -4,34013500"
"202400003914";"17";"09";"2024";"18:00";"1";"38";"38126";"2";"2";"1";"6";"Chemin Charles Pajon";"45,21608200";"5,75443800"
"202400003915";"18";"09";"2024";"13:15";"1";"02";"02693";"1";"1";"1";"7";"D2";"49,25100000";"3,29669200"
"202400003916";"18";"09";"2024";"07:15";"3";"26";"26357";"1";"1";"1";"7";"Route d'Orange";"44,26680300";"4,90489700"
"202400003917";"18";"09";"2024";"12:00";"1";"72";"72080";"1";"4";"1";"3";"Lieu Dit la Justiere";"48,14655100";"0,67137837"
"202400003918";"17";"09";"2024";"14:00";"1";"18";"18138";"1";"1";"1";"3";"N/A";"47,09169600";"2,28859500"
"202400003919";"16";"09";"2024";"17:15";"1";"18";"18242";"1";"1";"1";"7";"N/A";"46,83671000";"2,94942100"
"202400003920";"18";"09";"2024";"10:00";"1";"07";"07346";"2";"3";"1";"3";"1 Faubourg de la Madeleine";"44,48545500";"4,68127500"
"202400003921";"17";"09";"2024";"17:46";"1";"38";"38249";"1";"3";"1";"1";"D11 / A41s";"45,22304400";"5,82146900"
"202400003922";"11";"09";"2024";"14:45";"1";"17";"17228";"1";"1";"1";"1";"route centre europe atlantique";"45,66307400";" -0,94582700"
"202400003923";"18";"09";"2024";"12:55";"1";"973";"97311";"2";"3";"1";"3";"Avenue Gaston Monnerville - Chemin de fatima";"5,49353458";" -54,01196659"
"202400003924";"15";"09";"2024";"04:30";"5";"91";"91662";"2";"1";"1";"6";"1 Route de Montflix";"48,51309000";"2,11916500"
"202400003925";"16";"09";"2024";"11:15";"1";"91";"91180";"1";"1";"1";"6";"D372";"48,45004400";"2,50547300"
"202400003926";"17";"09";"2024";"11:25";"1";"83";"83016";"1";"1";"1";"3";"Dn8";"43,21421900";"5,81141900"
"202400003927";"30";"11";"2024";"01:00";"3";"49";"49248";"1";"1";"1";"7";"Rd 71";"47,75963700";" -0,99422000"
"202400003928";"17";"09";"2024";"19:00";"1";"13";"13100";"1";"1";"1";"1";"D99";"43,79474200";"4,81626000"
"202400003929";"17";"09";"2024";"16:00";"1";"71";"71176";"2";"3";"1";"2";"11 Rue des Blattiers";"46,49108800";"4,00287500"
"202400003930";"30";"11";"2024";"02:13";"3";"06";"06123";"1";"1";"1";"4";"A8 PK 184.000 Nord";"43,66429400";"7,18004800"
"202400003931";"17";"09";"2024";"06:14";"3";"71";"71325";"2";"1";"1";"1";"D979";"46,49208500";"3,96019600"
"202400003932";"17";"09";"2024";"11:00";"1";"42";"42265";"1";"2";"1";"3";"Route de Chuyer";"45,44438600";"4,72923300"
"202400003933";"29";"11";"2024";"21:00";"3";"59";"59488";"1";"1";"1";"5";"A2 sens VALENCIENNES vers PARIS PK 031.400";"50,19397600";"3,20292200"
"202400003934";"18";"09";"2024";"12:45";"1";"42";"42261";"2";"3";"1";"6";"Route de Lyon";"45,72086600";"4,35322000"
"202400003935";"28";"11";"2024";"13:15";"1";"987";"98722";"2";"1";"1";"1";"pk 19";" -17,59200000";" -149,39100000"
"202400003936";"16";"09";"2024";"08:40";"1";"38";"38507";"1";"1";"1";"3";"rue de la chapelle";"45,73891600";"5,18382300"
"202400003937";"30";"11";"2024";"12:30";"1";"988";"98802";"1";"1";"1";"7";"Route menant à Bouraké";" -21,86934500";"166,03912400"
"202400003938";"16";"09";"2024";"10:00";"1";"01";"01297";"1";"1";"1";"1";"D22";"45,87925400";"5,08855800"
"202400003939";"29";"11";"2024";"19:15";"3";"986";"98613";"1";"6";"1";"1";"Ahoa";" -13,28506300";" -176,23568100"
"202400003940";"30";"11";"2024";"12:00";"1";"45";"45010";"2";"1";"5";"6";"D921 PR 22 + 880";"48,12904100";"2,25256200"
"202400003941";"1";"08";"2024";"20:30";"1";"35";"35206";"2";"3";"1";"2";"D837";"48,06259586";" -1,69932157"
"202400003942";"30";"11";"2024";"14:45";"1";"77";"77145";"1";"1";"5";"1";"D1036";"48,61459800";"2,74808400"
"202400003943";"18";"09";"2024";"12:45";"1";"76";"76495";"2";"1";"1";"2";"Rue Pihet";"49,57085700";"0,94830500"
"202400003944";"28";"11";"2024";"23:55";"3";"78";"78305";"1";"1";"9";"7";"D45 intersection chemin de Poissy";"48,91472000";"1,88147300"
"202400003945";"30";"11";"2024";"01:50";"4";"66";"66182";"1";"6";"1";"2";"D81";"42,73245000";"3,02596600"
"202400003946";"17";"09";"2024";"17:40";"1";"02";"02555";"1";"2";"1";"3";"D11";"48,93718200";"3,31697000"
"202400003947";"29";"11";"2024";"13:05";"1";"34";"34050";"1";"1";"1";"3";"D106";"43,62970800";"4,05511400"
"202400003948";"30";"11";"2024";"04:47";"3";"05";"05151";"1";"1";"1";"6";"Route Nationale de Prelles";"44,86081200";"6,59108900"
"202400003949";"16";"09";"2024";"12:00";"1";"59";"59400";"2";"2";"1";"3";"Place de la Libération";"50,64291700";"2,63947600"
"202400003950";"30";"11";"2024";"05:15";"3";"13";"13042";"1";"1";"1";"1";"D8n";"43,26701900";"5,65141400"
"202400003951";"17";"09";"2024";"08:00";"1";"91";"91286";"1";"1";"1";"2";"AUTOROUTE A6";"48,64365425";"2,39086211"
"202400003952";"16";"09";"2024";"14:45";"1";"93";"93063";"1";"1";"1";"2";"AUTOROUTE A3";"48,87725188";"2,44440551"
"202400003953";"29";"11";"2024";"18:30";"5";"38";"38087";"2";"9";"1";"6";"1799 Avenue Frédéric Mistral";"45,57349000";"4,81082600"
"202400003954";"16";"09";"2024";"13:00";"1";"93";"93027";"1";"1";"1";"4";"AUTOROUTE A1";"48,93608477";"2,40504069"
"202400003955";"29";"11";"2024";"07:05";"3";"38";"38215";"1";"2";"5";"6";"Route des Moilles";"45,57287000";"4,95738200"
"202400003956";"27";"11";"2024";"12:40";"1";"38";"38276";"2";"1";"1";"6";"D 1085";"45,56425900";"5,30343000"
"202400003957";"16";"09";"2024";"06:30";"3";"93";"93064";"1";"1";"1";"2";"AUTOROUTE A86";"48,88186621";"2,47323178"
"202400003958";"30";"11";"2024";"15:20";"1";"69";"69009";"1";"1";"1";"1";"Route de Lyon";"45,92581200";"4,72769400"
"202400003959";"15";"09";"2024";"07:25";"2";"93";"93005";"1";"1";"1";"2";"AUTOROUTE A1";"48,96248856";"2,47096625"
"202400003960";"26";"11";"2024";"08:23";"2";"35";"35047";"2";"6";"1";"6";"Rue du Champ Niguel";"48,02588600";" -1,73437800"
"202400003961";"16";"09";"2024";"18:40";"1";"93";"93051";"1";"1";"1";"6";"A4";"48,83463546";"2,58281480"
"202400003962";"8";"04";"2024";"19:00";"1";"55";"55029";"2";"1";"1";"6";"SCHUMAN ( RUE ROBERT )";"48,77480000";"5,16837000"
"202400003963";"18";"11";"2024";"07:42";"1";"60";"60134";"1";"1";"8";"4";"D1016";"49,31597953";"2,44268391"
"202400003964";"31";"05";"2024";"16:10";"1";"84";"84088";"1";"1";"1";"1";"318 Route de Patris";"44,00748600";"5,02267200"
"202400003965";"29";"11";"2024";"18:48";"3";"13";"13210";"1";"1";"1";"2";"A50-Sens Aubagne vers Marseille";"43,28489979";"5,41754007"
"202400003966";"17";"07";"2024";"21:25";"2";"57";"57597";"1";"1";"1";"7";"CD9";"49,25818000";"6,07810000"
"202400003967";"28";"11";"2024";"14:55";"1";"83";"83137";"2";"1";"1";"2";"A50 TUNNEL TUBE NORD";"43,12018223";"5,94855286"
"202400003968";"17";"07";"2024";"17:30";"1";"28";"28085";"2";"3";"1";"3";"COURTILLE (BOULEVARD DE LA)";"48,44203000";"1,49344000"
"202400003969";"21";"11";"2024";"06:00";"2";"69";"69029";"1";"1";"1";"3";"Route Départementale 383";"45,73338106";"4,90053351"
"202400003970";"28";"11";"2024";"20:15";"5";"42";"42005";"1";"1";"1";"2";"A72";"45,52856000";"4,28612000"
"202400003971";"30";"03";"2024";"04:10";"4";"75";"75112";"2";"1";"3";"2";"QUAI DE BERCY";"48,83309100";"2,38334000"
"202400003972";"19";"07";"2024";"18:40";"1";"57";"57690";"2";"3";"1";"2";"40 Rue du Wenheck";"49,09179200";"6,71052300"
"202400003973";"29";"11";"2024";"18:56";"3";"33";"33318";"1";"1";"1";"4";"N/A";"44,78803600";" -0,63262400"
"202400003974";"16";"09";"2024";"11:14";"1";"987";"98735";"2";"1";"1";"2";"CLEMENCEAU (RUE QTIER MAMAO)";" -17,53666300";" -149,56032200"
"202400003975";"28";"11";"2024";"10:05";"1";"33";"33550";"1";"1";"1";"4";"N/A";"44,77400700";" -0,55628500"
"202400003976";"16";"09";"2024";"10:45";"1";"987";"98736";"2";"9";"1";"3";"CHARLES DE GAULLE (AV)";" -17,53071000";" -149,55293000"
"202400003977";"27";"11";"2024";"18:45";"4";"33";"33249";"1";"1";"1";"4";"N/A";"44,87420000";" -0,50725000"
"202400003978";"15";"09";"2024";"15:57";"1";"987";"98736";"1";"6";"1";"3";"ARIIPAEA POMARE (AV)";" -17,53425000";" -149,54863000"
"202400003979";"29";"11";"2024";"15:43";"1";"78";"78640";"1";"1";"1";"3";"N118";"48,78224800";"2,22311500"
"202400003980";"16";"09";"2024";"13:28";"1";"976";"97611";"2";"1";"3";"3";"doujani-Mouhindi Hassani (rue )";" -12,80183500";"45,21015400"
"202400003981";"23";"11";"2024";"23:40";"5";"92";"92051";"1";"1";"1";"3";"RN13";"48,88162963";"2,27055354"
"202400003982";"16";"09";"2024";"08:45";"1";"974";"97416";"2";"9";"1";"3";"HIPPOLYTE  PIOT (RUE)";" -21,29603000";"55,44986000"
"202400003983";"29";"11";"2024";"14:00";"1";"95";"95018";"1";"1";"1";"3";"A15";"48,96242661";"2,26643738"
"202400003984";"16";"09";"2024";"06:50";"1";"974";"97416";"2";"9";"1";"6";"LIGNE PARADIS(ROUTE DE LA)";" -21,31167000";"55,47276000"
"202400003985";"29";"11";"2024";"07:20";"3";"95";"95018";"1";"1";"1";"2";"A15";"48,96133067";"2,26860430"
"202400003986";"15";"09";"2024";"17:00";"1";"974";"97411";"1";"1";"1";"3";"JAURES (BOULEVARD JEAN)";" -20,89624000";"55,47368000"
"202400003987";"29";"11";"2024";"04:00";"5";"93";"93005";"1";"1";"1";"2";"AUTOROUTE A3";"48,94229860";"2,47831903"
"202400003988";"15";"09";"2024";"20:30";"3";"973";"97302";"2";"1";"1";"6";"FELIX EBOUE(ROCADE)";"4,92744278";" -52,31825021"
"202400003989";"28";"11";"2024";"10:05";"1";"95";"95256";"1";"1";"1";"3";"N184";"49,05753412";"2,20816076"
"202400003990";"14";"09";"2024";"23:55";"4";"973";"97302";"2";"1";"1";"7";"REPUBLIQUE (BD DE LA)";"4,93785000";" -52,32372000"
"202400003991";"28";"11";"2024";"09:08";"1";"93";"93005";"1";"1";"1";"2";"AUTOROUTE A3";"48,95088858";"2,47455129"
"202400003992";"27";"11";"2024";"17:50";"1";"92";"92036";"1";"1";"1";"3";"AUTOROUTE A15";"48,94651571";"2,28277090"
"202400003993";"16";"09";"2024";"17:30";"1";"69";"69383";"2";"2";"8";"3";"Rue André Philip";"45,75354000";"4,85196000"
"202400003994";"27";"11";"2024";"10:30";"1";"93";"93027";"1";"1";"1";"3";"BDL";"48,93280145";"2,40322190"
"202400003995";"29";"11";"2024";"08:00";"1";"77";"77121";"1";"1";"1";"2";"A104";"48,83662222";"2,66498382"
"202400003996";"15";"09";"2024";"19:50";"3";"972";"97213";"1";"1";"1";"2";"ROUTE NATIONALE 5";"14,59590000";" -60,98834000"
"202400003997";"14";"09";"2024";"08:50";"1";"69";"69384";"2";"1";"1";"3";"85 Boulevard de la Croix-Rousse";"45,77384915";"4,82402802"
"202400003998";"24";"07";"2024";"20:35";"1";"34";"34301";"2";"6";"1";"3";"AVENUE GILBERT MARTELLI";"43,41739500";"3,72358900"
"202400003999";"15";"09";"2024";"12:00";"1";"971";"97101";"1";"1";"1";"2";"ROUTE DE CHAZEAU";"16,28423558";" -61,44647956"
"202400004000";"14";"09";"2024";"18:30";"5";"971";"97113";"1";"1";"1";"3";"SECTION BESSON";"16,23744000";" -61,50104000"
"202400004001";"16";"09";"2024";"12:10";"1";101;101004";"2";"1";"1";"6";"#226 Salario#";"41,92794000";"8,70654000"
"202400004002";"15";"09";"2024";"18:40";"1";"95";"95582";"2";"3";"1";"3";"D14";"48,96756421";"2,27183848"
"202400004003";"26";"07";"2024";"22:30";"4";"34";"34301";"1";"1";"1";"3";"BALARUC (ROUTE DE)";"43,41622000";"3,70633000"
"202400004004";"16";"09";"2024";"11:55";"1";"91";"91027";"2";"1";"1";"3";"AV DU 18 AVRIL";"48,70119000";"2,38599000"
"202400004005";"28";"06";"2024";"12:59";"1";"93";"93029";"2";"1";"1";"3";"Avenue Henri Barbusse";"48,92037787";"2,45247812"
"202400004006";"21";"06";"2024";"21:15";"2";"93";"93029";"2";"3";"1";"6";"Avenue Jean Jaures / Avenue de la Saussaye";"48,91711178";"2,45675462"
"202400004007";"16";"09";"2024";"12:15";"1";"91";"91326";"2";"2";"1";"6";"MONTTESSUY (RUE DE)";"48,68895000";"2,38506000"
"202400004008";"25";"06";"2024";"20:45";"2";"93";"93029";"2";"1";"1";"3";"Avenue de la Concorde";"48,91512810";"2,46392818"
"202400004009";"21";"06";"2024";"08:20";"1";"93";"93029";"2";"1";"2";"6";"Rue Saint Stenay / Centre Commercial Avenir";"48,91867512";"2,42032584"
"202400004010";"17";"06";"2024";"16:40";"1";"93";"93029";"2";"1";"1";"6";"Rue Anatole France";"48,93293000";"2,45554000"
"202400004011";"16";"09";"2024";"07:00";"2";"91";"91027";"2";"2";"1";"3";"AV FRANCOIS MITTERRAND";"48,70875000";"2,37140000"
"202400004012";"16";"06";"2024";"22:50";"5";"93";"93029";"2";"1";"1";"6";"Rue Emmanuel Vinson";"48,92670000";"2,42799000"
"202400004013";"8";"06";"2024";"13:45";"1";"93";"93029";"2";"9";"1";"1";"Rue de la Republique";"48,92527472";"2,43598255"
"202400004014";"16";"09";"2024";"08:30";"1";"91";"91433";"1";"1";"1";"2";"R.D. 20";"48,45855000";"2,17727000"
"202400004015";"7";"06";"2024";"13:50";"1";"93";"93029";"2";"1";"1";"6";"Rue Sadi Carnot";"48,92492882";"2,44178423"
"202400004016";"7";"09";"2024";"07:19";"1";"88";"88413";"1";"9";"1";"7";"RUE DE L ANCIENNE FECULERIE";"48,32009000";"6,91485000"
"202400004017";"16";"09";"2024";"10:04";"1";"87";"87085";"2";"1";"1";"6";"PERRIN (RUE FRANCOIS)";"45,82377000";"1,22389000"
"202400004018";"3";"06";"2024";"07:16";"1";"93";"93029";"2";"3";"1";"2";"Avenue Henri Barbusse / Rue Pegoud";"48,92275070";"2,45741308"
"202400004019";"13";"09";"2024";"16:46";"1";"87";"87065";"2";"1";"1";"6";"RD979";"45,81832000";"1,29672000"
"202400004020";"1";"06";"2024";"15:40";"1";"93";"93029";"2";"3";"3";"3";"Avenue Jean Jaures / Avenue Garibaldi";"48,92070000";"2,44967000"
"202400004021";"13";"09";"2024";"18:52";"1";"86";"86158";"2";"1";"7";"6";"Rue de Nanteuil";"46,63412000";"0,33068000"
"202400004022";"7";"07";"2024";"10:15";"1";"13";"13099";"1";"3";"1";"1";"Chemin Departemental 952";"43,68790700";"5,70071300"
"202400004023";"16";"09";"2024";"07:20";"1";"84";"84080";"2";"6";"1";"6";"PASTEUR BOULEVARD";"44,03348000";"4,99546000"
"202400004024";"28";"11";"2024";"15:50";"1";"988";"98818";"2";"2";"1";"6";"RUE SUZANNE ULM/RUE DES DAHLIAS";" -22,23935000";"166,47614000"
"202400004025";"16";"09";"2024";"10:45";"1";"84";"84007";"2";"2";"1";"3";"TARASCON (AVENUE DE)";"43,92859000";"4,80952000"
"202400004026";"28";"11";"2024";"17:40";"1";"974";"97416";"1";"1";"1";"2";"ENTRE DEUX(route de l')";" -21,29932000";"55,43668000"
"202400004027";"16";"09";"2024";"18:05";"1";"83";"83062";"2";"1";"1";"2";"BARTOLINI (RUE JEAN)";"43,12442442";"6,01591372"
"202400004028";"28";"11";"2024";"14:00";"1";"974";"97409";"2";"3";"1";"5";"DU LYCEE(RUE)";" -20,96452000";"55,65233000"
"202400004029";"15";"09";"2024";"14:10";"1";"80";"80674";"1";"1";"1";"6";"ROCADE NORD EST RN 25";"49,91160663";"2,34365197"
"202400004030";"15";"09";"2024";"10:30";"1";"80";"80674";"1";"1";"1";"7";"ROCADE NORD RN 1";"49,90671000";"2,34714000"
"202400004031";"29";"11";"2024";"00:40";"5";"974";"97407";"2";"1";"1";"2";"COMMUNE DE PARIS (AVENUE)";" -20,94311000";"55,29214000"
"202400004032";"15";"09";"2024";"02:50";"5";"80";"80021";"2";"1";"1";"7";"Rue Vanmarcke";"49,89670000";"2,30059000"
"202400004033";"28";"11";"2024";"01:00";"3";"972";"97209";"1";"1";"1";"6";"Chateauboeuf  (Pont de)";"14,61764000";" -61,03967000"
"202400004034";"15";"09";"2024";"06:59";"2";"77";"77288";"1";"1";"1";"3";"D605";"48,55101000";"2,67226000"
"202400004035";"28";"11";"2024";"08:25";"1";"69";"69384";"2";"1";"2";"5";"20 Montée de la Boucle";"45,78159531";"4,83911248"
"202400004036";"14";"09";"2024";"18:30";"1";"76";"76447";"1";"6";"1";"7";"RD 31";"49,54423587";"0,20101256"
"202400004037";"14";"09";"2024";"19:10";"1";"76";"76351";"2";"2";"1";"3";"DENIS CORDONNIER (RUE)";"49,52240300";"0,10470600"
"202400004038";"15";"09";"2024";"09:40";"1";"72";"72181";"2";"6";"7";"3";"MAILLETS (RUE DES) IMP 161 ET plus";"48,01755000";"0,21850000"