"Num_Acc";"jour";"mois";"an";"hrmn";"lum";"dep";"com";"agg";"int";"atm";"col";"adr";"lat";"long"
"202400004511";"10";"08";"2024";"18:38";"1";"95";"95585";"2";"1";"1";"2";"D208";"48,98474761";"2,39917821"
"202400004512";"27";"04";"2024";"08:45";"1";"25";"25056";"2";"3";"1";"1";"BELFORT RUE DE BELFORT (sup 144)4";"47,25986000";"6,04660000"
"202400004513";"27";"04";"2024";"09:40";"1";"22";"22360";"2";"6";"1";"7";"RD700";"48,49314000";" -2,76093000"
"202400004514";"10";"08";"2024";"19:45";"1";"91";"91201";"2";"4";"1";"3";"RUE PIERRE BROSSOLETTE";"48,68622000";"2,41812000"
"202400004515";"26";"04";"2024";"19:11";"1";"21";"21617";"2";"1";"1";"6";"Avenue du Mail";"47,33912000";"4,99729000"
"202400004516";"6";"08";"2024";"08:10";"1";"91";"91432";"1";"1";"1";"2";"AUT DU SUD";"48,69407179";"2,31977820"
"202400004517";"26";"04";"2024";"18:49";"1";"19";"19031";"2";"1";"1";"3";"LAGRANGE (AVENUE LEO)";"45,15988863";"1,54564369"
"202400004518";"6";"08";"2024";"06:55";"1";"83";"83123";"1";"1";"1";"6";"TOULON (ANCIEN CHEMIN DE)";"43,14231657";"5,77822065"
"202400004519";"26";"04";"2024";"17:22";"1";"19";"19031";"2";"3";"2";"3";"CHAUMEIL (RUE PIERRE)";"45,15708656";"1,50624365"
"202400004520";"10";"08";"2024";"19:10";"1";"80";"80021";"2";"1";"1";"2";"Rue de Paris";"49,88832000";"2,28972000"
"202400004521";"26";"04";"2024";"17:00";"1";"14";"14118";"2";"2";"8";"3";"19 Rue d'Authie";"49,18393000";" -0,38639000"
"202400004522";"10";"08";"2024";"17:25";"1";"80";"80021";"2";"1";"1";"3";"Place Alphonse Fiquet";"49,89120000";"2,30670000"
"202400004523";"26";"04";"2024";"12:30";"1";"13";"13103";"1";"1";"2";"3";"VIEILLE ROUTE DE PELISSANNE-RD 17";"43,63562022";"5,12702385"
"202400004524";"27";"04";"2024";"19:40";"1";"11";"11069";"2";"2";"2";"3";"92 Avenue Bunau Varilla";"43,20800000";"2,33684000"
"202400004525";"10";"08";"2024";"06:20";"2";"79";"79259";"1";"3";"5";"3";"N/A";"46,94454400";" -0,23400000"
"202400004526";"27";"04";"2024";"02:17";"5";"06";"06088";"2";"2";"8";"3";"Promenade des Anglais";"43,69497000";"7,26638000"
"202400004527";"10";"08";"2024";"12:20";"1";"77";"77475";"2";"1";"1";"6";"VERDUN (AVENUE DE)";"48,95824000";"2,96264000"
"202400004528";"26";"04";"2024";"19:30";"2";"75";"75118";"2";"1";"1";"2";"PORTE DE SAINT OUEN";"48,90070100";"2,33445200"
"202400004529";"10";"08";"2024";"10:10";"1";"77";"77058";"2";"1";"1";"3";"GENERAL DE GAULLE  (AVENUE DU)";"48,83971000";"2,72705000"
"202400004530";"26";"04";"2024";"19:45";"1";"75";"75120";"2";"1";"1";"4";"BD PERIPHERIQUE INTERIEUR";"48,87611000";"2,40960000"
"202400004531";"26";"04";"2024";"19:05";"1";"75";"75112";"2";"1";"1";"3";"BD PERIPHERIQUE INTERIEUR";"48,83367100";"2,40809900"
"202400004532";"9";"08";"2024";"17:00";"1";"76";"76561";"2";"3";"1";"2";"Rue Marcel Touchard";"49,29844000";"1,03006000"
"202400004533";"27";"04";"2024";"14:45";"1";"75";"75105";"2";"2";"2";"6";"AVENUE DE L OBSERVATOIRE";"48,83966900";"2,33666300"
"202400004534";"10";"08";"2024";"15:00";"1";"72";"72181";"2";"2";"1";"1";"CHAMPION HENRI (RUE) N° PAIRS";"47,98220000";"0,22580000"
"202400004535";"27";"04";"2024";"15:00";"1";"75";"75119";"2";"2";"3";"7";"BOULEVARD SERURIER";"48,87725700";"2,40679400"
"202400004536";"12";"07";"2024";"15:26";"1";"71";"71076";"2";"1";"1";"6";"CHARGEURS (RUE DES )";"46,78420000";"4,85447000"
"202400004537";"27";"04";"2024";"11:15";"1";"75";"75119";"2";"1";"1";"6";"RUE CLAVEL";"48,87515800";"2,38424800"
"202400004538";"26";"04";"2024";"15:45";"1";"75";"75118";"2";"3";"1";"3";"AVENUE DE SAINT OUEN";"48,89587500";"2,32845700"
"202400004539";"11";"08";"2024";"00:15";"5";"69";"69259";"2";"2";"1";"3";"Avenue d'Oschatz";"45,69526000";"4,88022000"
"202400004540";"27";"04";"2024";"19:05";"1";"75";"75115";"2";"5";"2";"2";"PLACE CHARLES MICHELS";"48,84677800";"2,28556330"
"202400004541";"27";"04";"2024";"02:45";"5";"75";"75111";"2";"7";"2";"6";"PLACE DE LA BASTILLE";"48,85348400";"2,36961000"
"202400004542";"10";"08";"2024";"15:40";"1";"69";"69259";"2";"3";"1";"6";"Rue Max Barel";"45,69892000";"4,89997000"
"202400004543";"27";"04";"2024";"00:50";"5";"75";"75111";"2";"3";"2";"6";"AVENUE PHILIPPE AUGUSTE";"48,85299900";"2,39303900"
"202400004544";"10";"08";"2024";"09:55";"1";"67";"67447";"2";"3";"7";"3";"ABATTOIR (RUE DE L )";"48,60384000";"7,75601000"
"202400004545";"27";"04";"2024";"14:55";"1";"75";"75101";"2";"2";"2";"6";"RUE ETIENNE MARCEL";"48,86419700";"2,34760700"
"202400004546";"10";"08";"2024";"13:25";"1";"65";"65286";"2";"3";"1";"3";"8 Avenue Jean Prat";"43,10815000";" -0,06790000"
"202400004547";"26";"04";"2024";"23:45";"5";"94";"94081";"2";"2";"2";"3";"Avenue Rouget de Lisle / Rue Watteau";"48,77812000";"2,39650000"
"202400004548";"27";"04";"2024";"02:50";"5";"94";"94059";"2";"1";"2";"6";"avenue maurice berteaux";"48,80603173";"2,57155645"
"202400004549";"10";"08";"2024";"11:25";"1";"64";"64483";"2";"6";"1";"3";"RD810";"43,39717000";" -1,64472000"
"202400004550";"27";"04";"2024";"16:00";"1";"94";"94060";"1";"1";"2";"6";"Chemin des Marmouzets";"48,77143000";"2,58578000"
"202400004551";"27";"04";"2024";"11:10";"1";"94";"94071";"2";"3";"1";"3";"Avenue du Piple / Rue Albert Dru";"48,76275127";"2,51944113"
"202400004552";"10";"08";"2024";"12:15";"1";"63";"63014";"2";"1";"1";"2";"PERRET (AVENUE NESTOR)";"45,74482000";"3,10844000"
"202400004553";"27";"04";"2024";"15:30";"1";"93";"93051";"2";"2";"2";"2";"Boulevard du Mont d'Est / Rue Monge";"48,84305000";"2,54541000"
"202400004554";"27";"04";"2024";"11:20";"1";"93";"93050";"2";"1";"1";"2";"Rue Paul et Camille Thomoux";"48,86233000";"2,52999000"
"202400004555";"10";"08";"2024";"10:00";"1";"63";"63113";"2";"2";"1";"6";"Rue de Blanzat / rue de Chauffour";"45,78319000";"3,08427000"
"202400004556";"27";"04";"2024";"07:20";"1";"93";"93050";"2";"1";"1";"6";"Avenue Léon Blum";"48,86760000";"2,53282000"
"202400004557";"10";"08";"2024";"20:35";"1";"62";"62270";"1";"9";"1";"3";"D301";"50,47455000";"2,51820000"
"202400004558";"26";"04";"2024";"21:00";"5";"93";"93032";"2";"3";"1";"6";"Avenue Jean Jaurès / Avenue Sainte Foy";"48,88342000";"2,52896000"
"202400004559";"10";"08";"2024";"20:45";"1";"59";"59163";"2";"1";"1";"6";"DEUX MOULINS (AVENUE)";"50,67928000";"3,15441000"
"202400004560";"10";"08";"2024";"12:57";"1";"56";"56121";"2";"1";"1";"6";"Boulevard Yves Demaine";"47,75223000";" -3,37858000"
"202400004561";"27";"04";"2024";"20:00";"1";"92";"92073";"2";"1";"2";"5";"SELLIER (BOULEVARD HENRI)";"48,86681000";"2,22099000"
"202400004562";"10";"08";"2024";"03:10";"5";"54";"54521";"2";"4";"1";"6";"Chemin du Gronde";"49,47497800";"5,90689600"
"202400004563";"27";"04";"2024";"16:35";"1";"92";"92050";"2";"1";"2";"4";"PREMIER MAI RUE DU";"48,91080000";"2,21578000"
"202400004564";"10";"08";"2024";"17:08";"1";"50";"50218";"2";"1";"1";"2";"ARISTIDE BRIAND (AVENUE)";"48,83570000";" -1,58006000"
"202400004565";"27";"04";"2024";"21:45";"5";"92";"92024";"2";"6";"3";"3";"CLICHY (QUAI DE) DE (8 A 60)";"48,90343278";"2,28968722"
"202400004566";"10";"08";"2024";"14:50";"1";"49";"49007";"2";"2";"1";"4";"FOCH BOULEVARD";"47,47043000";" -0,54759000"
"202400004567";"27";"04";"2024";"21:40";"5";"92";"92071";"2";"1";"3";"7";"HOUDAN (RUE)";"48,77896407";"2,29094803"
"202400004568";"10";"08";"2024";"12:30";"1";"49";"49007";"2";"2";"1";"2";"LETANDUERE";"47,45711000";" -0,55406000"
"202400004569";"10";"08";"2024";"10:37";"1";"45";"45302";"2";"1";"1";"3";"D2020 PR 22 + 115";"47,96299000";"1,88872000"
"202400004570";"6";"08";"2024";"22:20";"3";"43";"43089";"2";"1";"1";"7";"Route de Langeac";"45,05087871";"3,84599521"
"202400004571";"10";"08";"2024";"10:55";"1";"43";"43041";"2";"1";"1";"3";"Route de Coubon";"45,04810000";"3,91663000"
"202400004572";"10";"08";"2024";"18:45";"1";"41";"41269";"2";"1";"1";"7";"VILLIERS (ROUTE DE)";"47,79978000";"1,03266000"
"202400004573";"27";"04";"2024";"19:15";"1";"92";"92004";"2";"2";"2";"3";"REDOUTE ( AVENUE DE LA  )";"48,92948109";"2,28188869"
"202400004574";"5";"08";"2024";"21:05";"1";"37";"37261";"2";"1";"1";"7";"BREL (RUE JACQUES)";"47,43346000";"0,69906000"
"202400004575";"28";"04";"2024";"01:00";"3";"43";"43110";"1";"1";"3";"6";"Route de Brioude";"45,30560627";"3,40969621"
"202400004576";"9";"03";"2024";"00:25";"5";"34";"34301";"2";"1";"1";"2";"BLANC CAMILLE (BOULEVARD)";"43,40728000";"3,66702000"
"202400004577";"10";"08";"2024";"18:40";"1";"33";"33069";"2";"1";"1";"6";"N/A";"44,87022000";" -0,61234000"
"202400004578";"9";"08";"2024";"16:50";"1";"30";"30243";"1";"3";"1";"3";"PORTAL JOSEPH (CHEMIN)";"44,09596000";"4,08000000"
"202400004579";"27";"04";"2024";"20:30";"2";"95";"95487";"2";"6";"2";"4";"D4";"49,15748954";"2,26403154"
"202400004580";"10";"08";"2024";"22:45";"4";"29";"29019";"2";"3";"1";"3";"rue de Kerbriant";"48,39392100";" -4,43443000"
"202400004581";"27";"04";"2024";"23:20";"3";"36";"36228";"2";"1";"8";"6";"N/A";"47,15512170";"1,56865782"
"202400004582";"10";"08";"2024";"13:50";"1";"26";"26198";"2";"6";"1";"3";"Chemin de Ravaly";"44,54175156";"4,75268126"
"202400004583";"27";"04";"2024";"04:45";"5";"974";"97422";"2";"1";"1";"1";"136 Rue Marius et Ary Leblond";" -21,28340300";"55,52380200"
"202400004584";"10";"08";"2024";"11:45";"1";"22";"22113";"2";"1";"1";"2";"AEROPORT";"48,75869000";" -3,47038000"
"202400004585";"10";"08";"2024";"08:08";"1";"17";"17306";"2";"9";"1";"6";"GRANDE CONCHE (DE LA) (AV)";"45,62351000";" -1,01931000"
"202400004586";"10";"08";"2024";"12:15";"1";"15";"15014";"2";"6";"1";"3";"RD 120";"44,92227000";"2,42778000"
"202400004587";"27";"04";"2024";"17:10";"1";"22";"22354";"1";"1";"1";"7";"N12 PR99+0200";"48,57149600";" -3,26384100"
"202400004588";"10";"08";"2024";"11:00";"1";"13";"13005";"2";"1";"1";"2";"NAPOLLON (ROUTE DE)";"43,31709754";"5,58650259"
"202400004589";"9";"08";"2024";"10:30";"1";"13";"13004";"1";"1";"1";"4";"RTE N113 MARSEILLE A BORBEAUX";"43,64903000";"4,68213000"
"202400004590";"10";"08";"2024";"07:50";"1";"13";"13001";"2";"5";"1";"3";"GALICE (RTE)";"43,52840000";"5,42809000"
"202400004591";"10";"08";"2024";"11:55";"1";"10";"10387";"2";"3";"1";"6";"JULES GUESDE (RUE)";"48,28591000";"4,08277000"
"202400004592";"10";"08";"2024";"13:47";"1";"06";"06088";"2";"2";"1";"6";"31 Rue de Lépante";"43,70641000";"7,26856000"
"202400004593";"10";"08";"2024";"07:50";"1";"06";"06104";"1";"1";"1";"3";"CHEMINS (CARREFOUR DES 4)";"43,76026000";"7,45239000"
"202400004594";"10";"08";"2024";"05:25";"5";"06";"06030";"2";"6";"1";"3";"115 Boulevard Sadi Carnot";"43,56764000";"7,01643000"
"202400004595";"9";"08";"2024";"16:50";"1";"01";"01053";"2";"2";"1";"3";"BAD KREUZNACH  (AVENUE DE - N° PAIRS)";"46,22275000";"5,25100000"
"202400004596";"10";"08";"2024";"20:00";"2";"75";"75115";"2";"1";"1";"2";"BD PERIPHERIQUE INTERIEUR";"48,83246900";"2,28064400"
"202400004597";"10";"08";"2024";"16:05";"1";"75";"75119";"2";"1";"1";"6";"BOULEVARD DE LA VILLETTE";"48,88440200";"2,36595200"
"202400004598";"10";"08";"2024";"12:50";"1";"75";"75116";"2";"3";"1";"3";"RUE DE LA TOUR";"48,85968400";"2,28209700"
"202400004599";"10";"08";"2024";"17:15";"1";"75";"75104";"2";"3";"1";"3";"BOULEVARD HENRI IV";"48,85152300";"2,36370700"
"202400004600";"10";"08";"2024";"15:07";"1";"75";"75110";"2";"2";"1";"6";"Rue la Fayette";"48,88160017";"2,36574322"
"202400004601";"10";"08";"2024";"15:12";"1";"75";"75109";"2";"2";"1";"3";"RUE DE PROVENCE";"48,87414400";"2,33730800"
"202400004602";"10";"08";"2024";"18:40";"1";"94";"94081";"2";"3";"1";"3";"Rue Eugene Henaff";"48,79378000";"2,41353000"
"202400004603";"10";"08";"2024";"16:30";"1";"94";"94041";"2";"3";"1";"6";"Avenue de Verdun";"48,81580000";"2,36837000"
"202400004604";"10";"08";"2024";"01:30";"5";"93";"93066";"2";"1";"1";"6";"Avenue Romain Rolland";"48,94112903";"2,38653422"
"202400004605";"10";"08";"2024";"05:37";"2";"93";"93055";"2";"3";"1";"6";"Avenue Édouard Vaillant / Avenue du Général Leclerc";"48,89655219";"2,40082784"
"202400004606";"10";"08";"2024";"22:20";"5";"93";"93048";"2";"2";"1";"3";"Boulevard Aristide Briand / Rue Saint-Denis";"48,87295034";"2,45354221"
"202400004607";"10";"08";"2024";"08:20";"1";"93";"93031";"2";"1";"1";"6";"Avenue de la République";"48,94941000";"2,33096000"
"202400004608";"10";"08";"2024";"22:15";"5";"93";"93027";"2";"3";"1";"4";"Avenue Paul Vaillant-Couturier / Rue Giuseppe Garibaldi";"48,92305000";"2,41314000"
"202400004609";"10";"08";"2024";"15:50";"1";"93";"93008";"2";"6";"1";"3";"Rue de Stalingrad / Avenue Louis Aragon";"48,91307891";"2,43654915"
"202400004610";"17";"08";"2024";"14:20";"1";"92";"92064";"2";"1";"3";"3";"MONT VALERIEN";"48,85501448";"2,21550548"
"202400004611";"28";"12";"2024";"11:45";"1";"60";"60159";"1";"1";"1";"6";"Avenue Marcelin Berthelot";"49,39098000";"2,78813000"
"202400004612";"12";"12";"2024";"21:15";"3";"60";"60352";"1";"6";"8";"7";"D915";"49,23682300";"1,80888200"
"202400004613";"10";"08";"2024";"10:40";"1";"92";"92063";"1";"6";"1";"3";"HUGO (AVENUE VICTOR)";"48,88310000";"2,18026000"
"202400004614";"10";"08";"2024";"16:00";"1";"92";"92050";"2";"3";"1";"3";"PREMIER MAI RUE DU";"48,91008681";"2,21508253"
"202400004615";"27";"08";"2024";"11:10";"1";"27";"27681";"2";"2";"1";"3";"MONTGOMERY (AVENUE DU MARECHAL)";"49,08900000";"1,47550000"
"202400004616";"20";"08";"2024";"23:40";"3";"27";"27165";"2";"1";"1";"1";"Route de Breteuil";"48,95022500";"0,94684100"
"202400004617";"10";"08";"2024";"08:40";"1";"92";"92040";"2";"2";"1";"3";"GOUVERNEUR GAL EBOUE DU 02 AU 64";"48,82523571";"2,26774818"
"202400004618";"19";"07";"2024";"16:34";"1";"27";"27518";"1";"1";"1";"6";"Autoroute A131";"49,45799900";"0,51754800"
"202400004619";"10";"08";"2024";"00:30";"5";"92";"92060";"2";"9";"1";"3";"ARISTIDE BRIAND (AVENUE) A PARTIR N°17";"48,78023593";"2,25799727"
"202400004620";"21";"11";"2024";"19:30";"5";"38";"38053";"2";"3";"2";"3";"Rue Louis Legrand";"45,58669000";"5,27440000"
"202400004621";"11";"08";"2024";"05:15";"2";"24";"24135";"1";"1";"1";"1";"Impasse des Tavernes";"45,23854800";"0,78887500"
"202400004622";"2";"12";"2024";"20:56";"3";"38";"38053";"1";"1";"3";"7";"CD 522";"45,62228000";"5,28111000"
"202400004623";"10";"08";"2024";"18:30";"1";"63";"63302";"2";"1";"1";"7";"chemin du stade";"45,71410048";"3,13800216"
"202400004624";"11";"08";"2024";"10:00";"1";"24";"24442";"1";"1";"1";"1";"D6089";"45,10328949";"0,49125295"
"202400004625";"17";"11";"2024";"09:30";"1";"34";"34301";"2";"6";"1";"3";"MARTELLI GILBERT (AVENUE)";"43,40915000";"3,70505000"
"202400004626";"11";"08";"2024";"12:25";"1";"28";"28177";"1";"1";"1";"6";"A 11, PK 057.540";"48,43824100";"1,52446600"
"202400004627";"30";"12";"2024";"19:02";"5";"93";"93066";"2";"2";"1";"1";"CARNOT (BOULEVARD)";"48,93854000";"2,35081000"
"202400004628";"8";"02";"2024";"08:10";"2";"94";"94068";"2";"3";"2";"6";"Boulevard du Général Giraud / Boulevard de Créteil";"48,79883200";"2,47350800"
"202400004629";"11";"08";"2024";"13:00";"1";"974";"97412";"2";"1";"1";"2";"Rue Charles Baudelaire";" -21,38147500";"55,64865400"
"202400004630";"27";"12";"2024";"13:55";"1";"93";"93066";"2";"1";"1";"6";"Allée Camelinat";"48,94806925";"2,35177696"
"202400004631";"9";"02";"2024";"08:15";"1";"94";"94042";"2";"5";"2";"3";"Pont de Joinville / Quai de la Marne";"48,82018000";"2,46734000"
"202400004632";"22";"12";"2024";"22:20";"5";"93";"93066";"2";"3";"2";"3";"CITE DANIELLE CASANOVA";"48,92505672";"2,36771944"
"202400004633";"10";"08";"2024";"20:06";"2";"63";"63143";"1";"3";"7";"3";"D984";"46,04543900";"3,25945800"
"202400004634";"8";"02";"2024";"14:30";"1";"94";"94003";"2";"3";"2";"1";"Rue du Colonel Fabien / Rue de la Citadelle";"48,79890144";"2,34103230"
"202400004635";"11";"08";"2024";"05:25";"3";"46";"46148";"1";"1";"1";"6";"2116 Route de Vaylats";"44,33734000";"1,57419900"
"202400004636";"19";"12";"2024";"06:45";"5";"93";"93066";"2";"2";"2";"3";"LIBERATION RD14 (BOULEVARD)";"48,92955449";"2,34100615"
"202400004637";"11";"08";"2024";"11:55";"1";"26";"26247";"1";"1";"1";"6";"N7";"45,16319607";"4,82640622"
"202400004638";"9";"02";"2024";"19:20";"5";"94";"94021";"2";"2";"1";"5";"Avenue du 11 novembre 1918 / Avenue de la République";"48,76069000";"2,36455000"
"202400004639";"28";"11";"2024";"11:30";"1";"93";"93066";"2";"3";"1";"2";"CROIZAT AMBROISE RD 29 BIS";"48,93024731";"2,35049907"
"202400004640";"11";"08";"2024";"16:15";"1";"79";"79057";"2";"3";"1";"7";"N/A";"46,15445600";" -0,23026900"
"202400004641";"9";"02";"2024";"18:45";"5";"94";"94016";"2";"3";"1";"6";"Av du Mal de Lattre de Tassigny / Rue des Saussaies";"48,78847100";"2,33263900"
"202400004642";"21";"11";"2024";"23:25";"5";"93";"93066";"2";"1";"4";"2";"PORTE DE PARIS (PLACE)";"48,92872000";"2,35675000"