"Num_Acc";"jour";"mois";"an";"hrmn";"lum";"dep";"com";"agg";"int";"atm";"col";"adr";"lat";"long"
"202400004643";"7";"08";"2024";"09:45";"1";101;101269";"1";"9";"1";"5";"Cala d'Oru";"41,82659500";"9,40449800"
"202400004644";"9";"02";"2024";"05:00";"5";"94";"94077";"2";"2";"1";"3";"Rue Marcel Risser / Avenue Pasteur";"48,73742300";"2,41923700"
"202400004645";"19";"11";"2024";"13:20";"1";"93";"93066";"2";"3";"2";"3";"""POULLAIN AUGUSTE, NR 1 A 51""";"48,94075323";"2,35660672"
"202400004646";"9";"02";"2024";"20:42";"5";"94";"94017";"2";"6";"1";"6";"Avenue Maurice Thorez / Voie Sonia Delaunay";"48,81143000";"2,53652100"
"202400004647";"25";"09";"2024";"13:24";"1";"44";"44154";"2";"1";"3";"3";"Avenue Guy Lafontaine";"47,24297600";" -2,15764400"
"202400004648";"9";"02";"2024";"08:00";"2";"94";"94017";"2";"6";"8";"6";"Avenue Maurice Thorez / Route de la Libération";"48,80595000";"2,53377000"
"202400004649";"10";"08";"2024";"09:10";"1";"69";"69066";"1";"3";"1";"2";"Route de Thizy";"46,08277500";"4,31153000"
"202400004650";"4";"10";"2024";"17:25";"1";"44";"44054";"1";"2";"1";"3";"N/A";"47,63514055";" -1,30209446"
"202400004651";"8";"02";"2024";"20:45";"5";"94";"94071";"2";"2";"1";"2";"Avenue Olivier d'Ormesson / Rue du Pont de Chennevières";"48,78090000";"2,51221000"
"202400004652";"11";"08";"2024";"10:50";"1";"71";"71015";"1";"1";"1";"6";"2 Route de Chalon";"46,95339700";"4,37837400"
"202400004653";"8";"12";"2024";"02:45";"5";"25";"25056";"2";"1";"2";"6";"CLEMENCEAU AVENUE G.";"47,23817000";"6,00814000"
"202400004654";"9";"02";"2024";"16:04";"1";"93";"93073";"2";"3";"1";"6";"Avenue de la Station / Avenue la Fontaine";"48,95650000";"2,57249000"
"202400004655";"10";"12";"2024";"16:50";"2";"61";"61394";"2";"1";"1";"6";"19 Avenue de la République";"48,27840100";"0,60443900"
"202400004656";"10";"08";"2024";"14:00";"1";"71";"71009";"1";"1";"1";"1";"20 Rue Andre Basdevant";"47,07785300";"4,10055400"
"202400004657";"10";"08";"2024";"02:30";"3";"61";"61230";"1";"1";"1";"6";"RD918";"48,55672700";"0,74508500"
"202400004658";"9";"02";"2024";"20:00";"4";"93";"93059";"2";"1";"1";"2";"Chemin Latéral";"48,95349000";"2,35587000"
"202400004659";"28";"12";"2024";"23:34";"5";"74";"74010";"2";"3";"5";"3";"PONT NEUF";"45,89642000";"6,11168000"
"202400004660";"11";"08";"2024";"16:45";"1";"55";"55527";"1";"1";"1";"7";"RD38 PK005 +340";"49,21117673";"5,01168126"
"202400004661";"9";"02";"2024";"15:40";"1";"93";"93071";"2";"3";"2";"1";"Avenue Dumont d'Urville / Rue Charles Conrad";"48,94679200";"2,52391200"
"202400004662";"5";"12";"2024";"18:50";"5";"24";"24557";"1";"1";"2";"4";"GRANDOU (AVENUE MICHEL)";"45,18906978";"0,75374946"
"202400004663";"9";"02";"2024";"10:00";"1";"93";"93066";"2";"2";"2";"3";"Avenue Lénine / Rue Robert Desnos";"48,93957900";"2,36899100"
"202400004664";"7";"08";"2024";"06:00";"4";"82";"82186";"2";"6";"2";"2";"Cours de Verdun";"44,11261400";"0,88281200"
"202400004665";"8";"07";"2024";"10:30";"1";"49";"49069";"1";"2";"1";"3";"D 23";"47,28000100";" -1,20675800"
"202400004666";"19";"12";"2024";"12:55";"1";"32";"32312";"1";"1";"2";"6";"D626";"43,61676500";"0,67574500"
"202400004667";"8";"02";"2024";"16:50";"1";"93";"93066";"2";"9";"2";"3";"Avenue Romain Rolland";"48,93912762";"2,37981797"
"202400004668";"11";"08";"2024";"12:10";"1";"12";"12238";"1";"1";"1";"6";"La Glène";"44,21415600";"3,01170200"
"202400004669";"9";"12";"2024";"16:50";"1";"32";"32312";"1";"1";"2";"6";"route départementale 626 - PK 47+460";"43,61908898";"0,67109257"
"202400004670";"9";"02";"2024";"14:00";"1";"93";"93053";"2";"3";"1";"3";"Rue du Parc / Rue Mozart";"48,89450000";"2,44360000"
"202400004671";"27";"10";"2024";"14:30";"1";"91";"91312";"2";"8";"1";"6";"FRAISES (CHEMIN DES)";"48,73712000";"2,23155000"
"202400004672";"10";"08";"2024";"05:15";"4";"47";"47210";"1";"8";"1";"3";"le Pigeonnier";"44,26086000";"0,35052200"
"202400004673";"10";"08";"2024";"19:45";"2";"22";"22135";"1";"1";"1";"6";"Lieu Dit Kermaria";"48,57505800";" -3,37793600"
"202400004674";"9";"02";"2024";"14:20";"1";"93";"93050";"2";"2";"1";"6";"Rue Paul et Camille Thomoux / Avenue du General de Gaulle";"48,85717500";"2,53115800"
"202400004675";"5";"12";"2024";"18:15";"3";"84";"84095";"1";"1";"1";"1";"D139";"43,74273200";"5,34321800"
"202400004676";"8";"02";"2024";"18:00";"4";"93";"93048";"2";"3";"2";"6";"Rue Hoche / Rue Désiré Préaux";"48,86379488";"2,43126154"
"202400004677";"9";"12";"2024";"13:55";"1";"28";"28391";"1";"1";"8";"1";"RD 2020";"48,21884000";"1,95084600"
"202400004678";"9";"08";"2024";"11:30";"1";"39";"39350";"1";"3";"1";"3";"N/A";"46,99077200";"5,64464300"
"202400004679";"5";"12";"2024";"06:00";"5";"28";"28280";"2";"1";"2";"7";"21 Rue Saint-hilaire";"48,32366300";"0,81541700"
"202400004680";"9";"02";"2024";"14:50";"1";"93";"93005";"2";"2";"8";"6";"Avenue du 14 Juillet / Avenue Dumont";"48,92919000";"2,49526600"
"202400004681";"1";"11";"2024";"03:20";"3";"28";"28140";"2";"9";"1";"6";"29ter Rue Normande";"48,61308800";"1,67427300"
"202400004682";"10";"08";"2024";"21:45";"5";"25";"25527";"1";"1";"1";"2";"D673";"47,18619400";"5,82350000"
"202400004683";"9";"02";"2024";"17:20";"1";"92";"92046";"2";"2";"1";"3";"JACQUES JEZEQUEL (AVENUE)";"48,81825268";"2,29226956"
"202400004684";"17";"10";"2024";"18:00";"1";"28";"28121";"1";"1";"1";"1";"route départementale 154";"48,11396400";"1,86063800"
"202400004685";"10";"08";"2024";"18:50";"1";"29";"29111";"1";"1";"1";"2";"Trofagan";"48,57706306";" -4,23090582"
"202400004686";"9";"02";"2024";"14:00";"1";"92";"92046";"2";"1";"1";"3";"DE STALINGRAD";"48,81494479";"2,28251266"
"202400004687";"28";"11";"2024";"08:45";"1";"13";"13001";"1";"1";"1";"3";"LEDOUX CLAUDE NICOLAS (RUE)";"43,48229800";"5,38548900"
"202400004688";"16";"07";"2024";"15:15";"1";"971";"97117";"1";"1";"1";"1";"1888 Route de Saint-françois";"16,32513800";" -61,32839800"
"202400004689";"8";"02";"2024";"20:10";"3";"92";"92077";"2";"3";"2";"3";"SEVRES (RUE DE)";"48,82667262";"2,19010279"
"202400004690";"9";"02";"2024";"14:40";"1";"92";"92064";"2";"1";"1";"6";"REPUBLIQUE";"48,85080645";"2,21330217"
"202400004691";"9";"08";"2024";"10:00";"1";"31";"31487";"1";"9";"7";"6";"1490 Route de Boulogne";"43,16370581";"0,68970601"
"202400004692";"30";"10";"2024";"10:30";"1";"24";"24053";"1";"1";"1";"1";"ATUR (ROUTE D')";"45,11496000";"0,77374000"
"202400004693";"8";"02";"2024";"00:50";"5";"92";"92033";"2";"1";"2";"6";"SURESNES";"48,84549043";"2,18715513"
"202400004694";"9";"08";"2024";"12:50";"1";"84";"84017";"1";"1";"1";"7";"Route du Mont-ventoux";"44,12431700";"5,26049900"
"202400004695";"9";"02";"2024";"13:00";"1";"92";"92050";"2";"1";"1";"3";"FONTANOT RUE DES TROIS";"48,89633875";"2,21990275"
"202400004696";"16";"04";"2024";"22:15";"5";"93";"93008";"2";"2";"1";"6";"Avenue du Président Salvador Allende / Boulevard Maurice Thorez";"48,90668300";"2,44560800"
"202400004697";"11";"08";"2024";"03:00";"3";"26";"26376";"1";"1";"1";"7";"D570";"44,43913500";"5,28804000"
"202400004698";"9";"02";"2024";"07:05";"5";"92";"92040";"2";"9";"1";"3";"CAMILLE DESMOULINS";"48,83019080";"2,26531130"
"202400004699";"11";"12";"2024";"05:25";"2";"59";"59400";"2";"1";"1";"6";"101 Rue du General de Gaulle";"50,63754600";"2,64122200"
"202400004700";"10";"08";"2024";"17:45";"1";"66";"66187";"1";"1";"1";"1";"D117";"42,80411244";"2,43994117"
"202400004701";"9";"02";"2024";"18:50";"5";"92";"92025";"2";"3";"1";"3";"E.VAILLANT > 116   95 (RUE)";"48,91671451";"2,23779165"
"202400004702";"31";"05";"2024";"23:30";"5";"972";"97213";"1";"6";"1";"2";"ROUTE NATIONALE 1";"14,65673000";" -60,97276000"
"202400004703";"9";"02";"2024";"08:50";"1";"92";"92012";"2";"5";"8";"3";"QUATRE SEPTEMBRE (QUAI DU)";"48,84122000";"2,22528000"
"202400004704";"4";"08";"2024";"08:20";"1";"14";"14318";"2";"3";"1";"6";"5 Chemin de Banville";"49,32698200";" -0,47048600"
"202400004705";"31";"05";"2024";"08:35";"1";"972";"97213";"1";"1";"1";"2";"AUTOROUTE A1";"14,61841000";" -61,02457000"
"202400004706";"9";"02";"2024";"13:30";"1";"92";"92002";"2";"9";"1";"6";"GARENNES (RUE DES)";"48,73967804";"2,28615296"
"202400004707";"10";"08";"2024";"18:37";"1";"90";"90104";"1";"1";"1";"7";"Rue de Chèvremont";"47,61003800";"6,91417100"
"202400004708";"24";"05";"2024";"09:00";"1";"972";"97213";"1";"1";"1";"2";"ROUTE DEPARTEMENTALE 14";"14,62100000";" -61,02100000"
"202400004709";"9";"02";"2024";"08:12";"1";"92";"92002";"2";"1";"1";"3";"GENERAL DE GAULLE (PLACE DU)";"48,76326706";"2,30901074"
"202400004710";"11";"08";"2024";"10:25";"1";"64";"64257";"1";"1";"1";"1";"Route des Labasseres";"43,15050700";" -0,32763700"
"202400004711";"9";"02";"2024";"14:00";"1";"24";"24164";"2";"6";"2";"7";"Avenue André Audy";"45,33264400";"1,04859400"
"202400004712";"19";"05";"2024";"21:15";"3";"972";"97213";"1";"1";"1";"3";"ROUTE DEPARTEMENTALE 3";"14,60262200";" -60,99763700"
"202400004713";"10";"08";"2024";"11:20";"1";"07";"07023";"1";"1";"1";"7";"Route de Chauzon";"44,52012900";"4,34711000"
"202400004714";"10";"08";"2024";"18:55";"1";"85";"85012";"2";"6";"1";"7";"RD38C";"46,88487200";" -2,11799000"
"202400004715";"7";"05";"2024";"13:30";"1";"972";"97213";"2";"1";"1";"3";"ROUTE DEPARTEMENTALE 15";"14,61770000";" -61,00532000"
"202400004716";"9";"02";"2024";"12:40";"1";"22";"22237";"1";"6";"7";"3";"Rond-point de la Millière";"48,52630400";" -2,25131200"
"202400004717";"30";"04";"2024";"10:20";"1";"972";"97213";"1";"1";"1";"2";"ROUTE NATIONALE 6";"14,59652000";" -60,97785000"
"202400004718";"10";"02";"2024";"09:39";"1";"85";"85223";"1";"1";"1";"1";"RD948";"46,57729000";" -1,10457900"
"202400004719";"10";"08";"2024";"14:45";"1";"27";"27126";"2";"3";"1";"3";"Route de la Haute Voie";"49,32805900";"0,56416500"
"202400004720";"11";"08";"2024";"09:20";"1";"37";"37117";"2";"1";"1";"2";"10 Rue des Maisons Rouges";"47,42280930";"0,29608566"
"202400004721";"29";"04";"2024";"07:20";"1";"972";"97213";"1";"3";"8";"3";"ROUTE DEPARTEMENTALE 14";"14,64420000";" -61,02339000"
"202400004722";"9";"02";"2024";"20:15";"3";"85";"85153";"1";"1";"1";"1";"RD48";"46,74999000";" -1,10103600"
"202400004723";"9";"08";"2024";"19:20";"1";"30";"30352";"1";"1";"1";"1";"D6110";"43,81195500";"4,09413500"
"202400004724";"10";"02";"2024";"00:10";"3";"51";"51287";"1";"1";"2";"2";"D951";"49,08235500";"3,96235200"
"202400004725";"25";"04";"2024";"08:50";"1";"972";"97213";"1";"1";"1";"4";"AUTOROUTE A1";"14,61812000";" -61,02189000"
"202400004726";"11";"08";"2024";"13:32";"1";"10";"10363";"1";"9";"1";"6";"Autoroute A5";"48,22110000";"4,12840000"
"202400004727";"9";"02";"2024";"15:10";"1";"78";"78031";"2";"1";"1";"3";"63 Route de Houdan";"48,94627000";"1,69522600"
"202400004728";"24";"04";"2024";"22:30";"5";"972";"97213";"1";"1";"1";"7";"LONG BOIS (CHEMIN)";"14,64121965";" -60,99302448"
"202400004729";"9";"02";"2024";"17:55";"2";"61";"61404";"1";"1";"8";"6";"RD 932";"48,56174000";"0,50560700"
"202400004730";"11";"08";"2024";"05:03";"3";"13";"13069";"2";"1";"1";"3";"Chemin de la Petite Brulière";"43,63298300";"5,15040200"
"202400004731";"13";"04";"2024";"07:40";"1";"972";"97213";"1";"1";"2";"2";"AUTOROUTE A1";"14,61800000";" -61,01900000"
"202400004732";"9";"02";"2024";"22:55";"3";"42";"42212";"1";"1";"1";"6";"N7";"45,96693200";"4,13495800"
"202400004733";"10";"08";"2024";"16:50";"1";"01";"01331";"2";"1";"1";"6";"N/A";"46,10649700";"5,45365200"
"202400004734";"12";"04";"2024";"07:55";"1";"972";"97213";"1";"1";"1";"4";"AUTOROUTE A1";"14,61822000";" -61,02097000"
"202400004735";"10";"02";"2024";"09:00";"1";"42";"42013";"2";"1";"2";"5";"Avenue des Farges";"45,64643300";"4,28980700"
"202400004736";"10";"08";"2024";"19:45";"2";"38";"38048";"1";"1";"7";"3";"CD124";"45,60718500";"5,11015500"
"202400004737";"10";"02";"2024";"06:00";"3";"47";"47097";"1";"1";"2";"6";"D930";"44,24461175";"0,38370895"
"202400004738";"29";"12";"2024";"20:35";"5";"84";"84054";"2";"1";"1";"2";"675 Cours Fernande Peyre";"43,92533500";"5,06251900"
"202400004739";"22";"12";"2024";"23:10";"5";"84";"84031";"2";"1";"2";"6";"VILLEMARIE AVENUE DE";"44,05230000";"5,03726000"
"202400004740";"9";"02";"2024";"14:45";"1";"35";"35248";"1";"1";"1";"6";"Le Racognet";"48,54410854";" -1,60877690"
"202400004741";"22";"12";"2024";"05:50";"5";"84";"84031";"2";"1";"1";"6";"HERMITAGE CHEMIN DE L'";"44,08270000";"5,06741000"
"202400004742";"11";"08";"2024";"08:25";"1";"63";"63430";"1";"1";"1";"2";"A89 - PK 429+010";"45,86136984";"3,50105353"
"202400004743";"10";"02";"2024";"08:45";"1";"29";"29207";"1";"4";"8";"3";"Cosquer .";"48,54630262";" -3,81693042"
"202400004744";"19";"12";"2024";"16:05";"1";"84";"84026";"1";"1";"1";"6";"D943";"43,71851200";"5,37718500"
"202400004745";"10";"08";"2024";"23:30";"3";"36";"36200";"1";"1";"1";"2";"N/A";"46,61255235";"1,52657926"
"202400004746";"16";"12";"2024";"09:50";"1";"84";"84031";"2";"1";"1";"3";"PEYRIERE CHEMIN DE";"44,06731000";"5,07117000"
"202400004747";"9";"02";"2024";"15:50";"1";"29";"29037";"1";"3";"1";"2";"Menez Veil Avel";"47,87871391";" -4,13838010"
"202400004748";"10";"02";"2024";"03:40";"3";"58";"58207";"1";"1";"1";"6";"route de bizy";"47,09510700";"3,18579900"
"202400004749";"10";"08";"2024";"14:10";"1";"11";"11379";"1";"1";"1";"2";"PK 208.800, sur A9";"43,02711400";"2,95236100"
"202400004750";"16";"12";"2024";"21:07";"5";"49";"49007";"2";"2";"1";"3";"Rue Pierre Blandin";"47,47799000";" -0,59200000"
"202400004751";"10";"02";"2024";"14:40";"1";"58";"58021";"2";"1";"2";"6";"Route de Chantenay";"46,78482900";"3,22925600"
"202400004752";"10";"08";"2024";"09:30";"1";"987";"98733";"2";"1";"1";"6";"pk 26.300 C/mer à hauteur de la serviture MAHATIA ROA";" -17,73150900";" -149,57964600"
"202400004753";"7";"11";"2024";"07:30";"3";"80";"80109";"1";"1";"5";"1";"D928";"50,26218700";"1,97438500"
"202400004754";"4";"02";"2024";"17:00";"1";"66";"66053";"2";"6";"1";"7";"D114, Rond Point de la Corniche";"42,52941300";"3,07699800"
"202400004755";"11";"08";"2024";"12:14";"1";"91";"91593";"1";"1";"1";"6";"Route du Tertre";"48,54054500";"2,07714600"
"202400004756";"22";"06";"2024";"23:17";"5";"93";"93008";"2";"3";"1";"1";"Avenue Henri Barbusse / Rue Nelson Mandela";"48,91193000";"2,43491000"
"202400004757";"11";"08";"2024";"07:20";"1";100;100093";"1";"1";"1";"6";"Zone Artisanale";"42,61085100";"8,89126000"
"202400004758";"8";"11";"2024";"08:30";"1";"85";"85194";"2";"9";"1";"6";"Rue édouard belin";"46,51670000";" -1,78350000"
"202400004759";"9";"02";"2024";"17:30";"2";"16";"16253";"1";"1";"1";"1";"route de chef boutonne";"46,04095600";"0,03500800"
"202400004760";"11";"08";"2024";"12:55";"1";"71";"71176";"2";"1";"1";"2";"76 Avenue du General de Gaulle";"46,48418000";"3,98732000"
"202400004761";"7";"03";"2024";"21:30";"5";"93";"93014";"2";"1";"1";"6";"Allée Henri Barbusse";"48,90616000";"2,55112000"
"202400004762";"3";"02";"2024";"10:50";"1";"07";"07230";"1";"3";"1";"3";"Col d'Auriolles";"44,68623000";"4,46692900"
"202400004763";"11";"08";"2024";"12:35";"1";"88";"88273";"1";"1";"1";"1";"D46";"48,21767600";"6,50569000"
"202400004764";"15";"12";"2024";"21:14";"5";"03";"03310";"2";"2";"1";"3";"avenue de la liberté";"46,12607300";"3,43666000"
"202400004765";"6";"02";"2024";"08:00";"1";"34";"34153";"1";"1";"1";"7";"departementale 17 E3";"43,72856900";"3,80056100"
"202400004766";"11";"08";"2024";"10:00";"1";"63";"63150";"2";"1";"1";"7";"5 Avenue de la Libération";"45,89836000";"3,04940300"
"202400004767";"23";"11";"2024";"10:00";"1";"03";"03023";"2";"2";"1";"3";"avenue de Russie";"46,11637000";"3,40949900"
"202400004768";"9";"08";"2024";"18:00";"1";"63";"63284";"2";"2";"1";"2";"avenue Roger Coulon";"45,79822384";"3,24042467"
"202400004769";"9";"02";"2024";"20:50";"3";"21";"21042";"1";"1";"1";"6";"Autoroute A36, PK 202+000";"47,03058500";"5,09012200"
"202400004770";"12";"11";"2024";"11:00";"1";"03";"03095";"2";"1";"1";"3";"avenue de Vichy";"46,13456000";"3,44349000"
"202400004771";"10";"08";"2024";"16:55";"1";"73";"73006";"2";"6";"1";"3";"D990 Avenue de la tarentaise";"45,55504600";"6,64401900"
"202400004772";"20";"10";"2024";"20:40";"3";"03";"03023";"2";"1";"1";"3";"Avenue de Vichy";"46,12472800";"3,40195800"
"202400004773";"27";"09";"2024";"18:25";"1";"03";"03310";"2";"1";"2";"6";"Rue Marechal Foch";"46,12354000";"3,42128000"
"202400004774";"9";"02";"2024";"21:30";"3";"77";"77071";"1";"1";"1";"5";"A6, PK 85+300 vers Paris";"48,19606000";"2,80917400"
"202400004775";"11";"08";"2024";"16:33";"1";"07";"07042";"2";"1";"1";"7";"Rue du Dieu Mithra";"44,36888900";"4,64344200"
"202400004776";"24";"10";"2024";"12:00";"1";"75";"75105";"2";"3";"1";"6";"BOULEVARD SAINT MARCEL";"48,83763200";"2,35438200"
"202400004777";"9";"08";"2024";"10:59";"1";"01";"01027";"2";"6";"1";"2";"D84b";"45,84200800";"5,11195800"
"202400004778";"7";"02";"2024";"16:50";"2";"77";"77238";"1";"1";"2";"3";"D402";"48,86872300";"3,09172900"
"202400004779";"5";"04";"2024";"17:30";"1";"03";"03095";"2";"1";"7";"3";"Rue des Peupliers";"46,13536800";"3,43470300"
"202400004780";"8";"08";"2024";"19:02";"1";"69";"69160";"1";"1";"1";"6";"Route de Claveisolles";"46,13657900";"4,49083300"
"202400004781";"10";"02";"2024";"07:50";"1";"83";"83065";"1";"1";"3";"6";"D559";"43,22652500";"6,57216000"
"202400004782";"9";"02";"2024";"06:30";"2";"13";"13018";"1";"6";"2";"7";"D24";"43,86021500";"4,96290200"
"202400004783";"25";"03";"2024";"12:40";"1";"03";"03095";"2";"6";"1";"2";"N/A";"46,13754200";"3,44783200"
"202400004784";"10";"08";"2024";"12:10";"1";"17";"17058";"2";"2";"1";"3";"D728";"45,83315000";" -1,12688200"
"202400004785";"28";"12";"2024";"18:15";"5";"28";"28404";"2";"9";"1";"6";"CHAPPEY (AVE MARC)";"48,73109000";"1,33974000"
"202400004786";"9";"02";"2024";"17:35";"2";"01";"01249";"2";"2";"3";"1";"2215 Grande Rue";"45,82674300";"4,96812700"
"202400004787";"10";"02";"2024";"16:45";"1";"69";"69171";"1";"1";"2";"6";"Route Départementale 24E2";"45,80710494";"4,60290536"
"202400004788";"24";"12";"2024";"07:25";"3";"28";"28404";"2";"1";"2";"6";"FRANKLIN (RUE BENJAMIN)";"48,72847000";"1,32186000"
"202400004789";"10";"08";"2024";"21:40";"5";"33";"33300";"1";"2";"1";"5";"N/A";"45,24871400";" -1,00279500"
"202400004790";"10";"02";"2024";"11:10";"1";"85";"85088";"2";"6";"1";"3";"RD754";"46,70869500";" -1,91772000"
"202400004791";"19";"12";"2024";"19:00";"5";"28";"28134";"2";"9";"2";"6";"Jean Hieaux";"48,73233000";"1,35921000"
"202400004792";"10";"08";"2024";"07:20";"1";"33";"33439";"2";"6";"1";"6";"N/A";"45,11607100";" -0,40070100"
"202400004793";"10";"02";"2024";"09:45";"1";"29";"29179";"1";"6";"8";"6";"Rue Jacques Marquette";"48,56162000";" -4,32148400"
"202400004794";"15";"12";"2024";"11:25";"1";"28";"28134";"2";"1";"1";"6";"FERRY (BLD JULES)";"48,72471000";"1,36895000"
"202400004795";"9";"02";"2024";"21:30";"3";"29";"29180";"1";"1";"2";"6";"Kerloussouarn";"48,42694000";" -4,11741226"
"202400004796";"22";"11";"2024";"20:22";"3";"60";"60176";"1";"1";"9";"6";"Crépy-en-Valois";"49,23375946";"2,92538881"
"202400004797";"10";"02";"2024";"10:00";"1";"80";"80784";"1";"1";"8";"1";"RD1";"49,93225800";"2,55161300"
"202400004798";"17";"12";"2024";"07:25";"2";"84";"84089";"2";"1";"1";"6";"217 rue albert delsome, pertuis";"43,68459400";"5,50482600"
"202400004799";"9";"02";"2024";"23:30";"3";"59";"59430";"1";"1";"2";"1";"D955";"50,13973331";"3,52137079"
"202400004800";"8";"02";"2024";"07:45";"1";"13";"13001";"1";"1";"1";"2";"A51-Sens Marseille vers Aix en Provence";"43,49249000";"5,41253000"
"202400004801";"27";"12";"2024";"19:59";"3";"32";"32013";"1";"1";"5";"5";"AGEN (ROUTE D')";"43,65683998";"0,59712946"
"202400004802";"9";"02";"2024";"05:45";"5";"83";"83069";"1";"1";"2";"2";"A570";"43,11621422";"6,11089349"
"202400004803";"30";"11";"2024";"17:25";"2";"13";"13118";"1";"1";"1";"7";"A7 direction LYON";"43,55346200";"5,23706700"
"202400004804";"8";"02";"2024";"08:14";"1";"83";"83137";"1";"1";"1";"3";"A50";"43,12460846";"5,90378780"
"202400004805";"8";"11";"2024";"14:40";"1";"41";"41161";"2";"8";"1";"1";"Rue des Bruyères";"47,53471800";"2,03296400"
"202400004806";"8";"02";"2024";"10:50";"1";"59";"59271";"1";"1";"3";"6";"AUTOROUTE A16";"51,00768000";"2,32408000"
"202400004807";"9";"02";"2024";"10:20";"1";"91";"91086";"1";"1";"1";"3";"RN 104";"48,62415800";"2,38050900"
"202400004808";"23";"11";"2024";"06:27";"3";"88";"88475";"1";"1";"4";"1";"D1";"48,10405000";"5,72164500"
"202400004809";"24";"11";"2024";"02:30";"3";"88";"88101";"1";"1";"1";"1";"Route d'Epinal";"48,14880100";"6,57811800"
"202400004810";"9";"02";"2024";"00:25";"5";"94";"94043";"1";"1";"2";"3";"A6B";"48,80756706";"2,34698475"
"202400004811";"22";"12";"2024";"14:30";"1";"88";"88440";"1";"1";"4";"6";"A31 - PK 182+350 - sens ""vers NANCY""";"48,26769800";"5,86206400"
"202400004812";"9";"02";"2024";"00:57";"5";"94";"94037";"1";"1";"2";"6";"A6A";"48,81566207";"2,33656078"
"202400004813";"27";"12";"2024";"10:40";"1";"88";"88486";"2";"3";"7";"1";"Rue d'Ouffet";"48,00593900";"6,71773200"
"202400004814";"9";"02";"2024";"19:10";"3";"78";"78043";"1";"1";"1";"3";"A13Y";"48,84975000";"2,07035300"
"202400004815";"21";"12";"2024";"10:18";"1";"88";"88181";"2";"1";"1";"1";"4 Route de Guerreau";"48,18325200";"7,00903000"
"202400004816";"9";"02";"2024";"17:05";"1";"78";"78007";"1";"1";"1";"4";"A13W";"48,89538500";"2,00712500"
"202400004817";"21";"12";"2024";"18:45";"3";"88";"88101";"1";"1";"3";"1";"D11";"48,14394800";"6,60487500"
"202400004818";"9";"02";"2024";"11:20";"1";"92";"92051";"1";"1";"1";"6";"RN13";"48,88483447";"2,26044686"
"202400004819";"9";"02";"2024";"05:50";"3";"78";"78140";"1";"1";"1";"6";"A13";"48,96110000";"1,93012200"
"202400004820";"21";"12";"2024";"15:53";"1";"88";"88047";"1";"1";"2";"5";"D165";"48,20582800";"6,16955300"
"202400004821";"8";"02";"2024";"22:10";"5";"92";"92063";"1";"1";"2";"3";"A86";"48,89000239";"2,17016741"
"202400004822";"20";"12";"2024";"18:55";"3";"88";"88372";"2";"1";"1";"2";"Rue du Général Sarrail";"48,39373900";"6,81576700"
"202400004823";"8";"02";"2024";"08:20";"1";"92";"92064";"1";"1";"2";"5";"A13";"48,83737301";"2,18864290"
"202400004824";"17";"12";"2024";"09:04";"1";"88";"88321";"2";"3";"8";"2";"3 Rue Moulaune";"48,35374700";"5,69629300"
"202400004825";"8";"02";"2024";"07:30";"2";"92";"92025";"1";"1";"2";"2";"A86";"48,92210032";"2,22649712"
"202400004826";"16";"12";"2024";"16:35";"2";"88";"88161";"2";"1";"8";"1";"Route de Lerrain";"48,12949900";"6,17630100"
"202400004827";"15";"12";"2024";"19:55";"4";"88";"88415";"2";"6";"1";"1";"Grande Rue";"48,02136000";"6,61003000"
"202400004828";"7";"02";"2024";"20:50";"4";"92";"92023";"1";"1";"2";"2";"A86 INT";"48,77706717";"2,22483516"
"202400004829";"7";"12";"2024";"09:20";"1";"88";"88268";"1";"1";"2";"1";"N159";"48,28597200";"7,06886400"
"202400004830";"14";"11";"2024";"18:00";"3";"84";"84106";"2";"3";"1";"3";"D 976";"44,23064800";"4,88067600"
"202400004831";"30";"12";"2024";"11:50";"1";"84";"84137";"2";"1";"1";"6";"20 rue du vercors";"44,25097500";"5,06102900"
"202400004832";"8";"02";"2024";"12:30";"1";"95";"95241";"1";"1";"2";"2";"N104";"49,04574620";"2,45093450"
"202400004833";"3";"12";"2024";"12:45";"1";"84";"84019";"2";"1";"1";"6";"Boulevard Leon Gambetta";"44,27982400";"4,74593300"
"202400004834";"28";"12";"2024";"18:30";"4";"74";"74105";"2";"1";"5";"3";"ESSERTS (RUE DES)";"46,29836000";"6,30877000"
"202400004835";"28";"10";"2024";"05:41";"3";"74";"74002";"1";"1";"1";"1";"1160 route d'Aix les bains";"45,81974500";"6,00813700"
"202400004836";"7";"02";"2024";"20:00";"3";"95";"95572";"1";"1";"2";"5";"A15";"49,03172857";"2,11685610"
"202400004837";"31";"08";"2024";"14:56";"1";"74";"74099";"2";"2";"1";"1";"106 Route de sallanches";"45,86890800";"6,62843000"
"202400004838";"9";"02";"2024";"07:00";"2";"93";"93051";"1";"1";"1";"5";"A4";"48,83558148";"2,56793626"
"202400004839";"9";"02";"2024";"00:30";"3";"77";"77468";"1";"1";"3";"6";"A104";"48,84990300";"2,66141800"
"202400004840";"26";"02";"2024";"21:55";"4";"93";"93005";"2";"1";"2";"2";"ANDRE CITROEN (BOULEVARD)";"48,95880950";"2,48577911"
"202400004841";"8";"02";"2024";"07:35";"1";"974";"97416";"2";"1";"1";"2";"LIGNE DES BAMBOUS(ROUTE)";" -21,29955000";"55,49075000"
"202400004842";"18";"11";"2024";"23:50";"3";"91";"91179";"1";"1";"3";"3";"AUTOROUTE A6";"48,57168200";"2,46887000"
"202400004843";"27";"12";"2024";"20:40";"3";"44";"44020";"2";"1";"1";"6";"N/A";"47,18141220";" -1,61159635"
"202400004844";"7";"02";"2024";"16:00";"2";"974";"97411";"2";"1";"1";"3";"RIVIERE DES PLUIES (ROUTE DE LA)";" -20,90147000";"55,50059000"
"202400004845";"28";"12";"2024";"17:15";"1";"84";"84065";"1";"1";"1";"7";"Chemin de Roque Hauturiere";"43,74108800";"5,29939100"
"202400004846";"6";"02";"2024";"18:05";"1";"974";"97411";"2";"9";"1";"6";"GAULLE (DU GENERAL DE)";" -20,88559000";"55,45410000"
"202400004847";"26";"12";"2024";"12:25";"1";"84";"84101";"1";"1";"1";"7";"route de saint antoine";"43,97321400";"5,09594000"
"202400004848";"8";"02";"2024";"11:30";"1";"973";"97302";"2";"3";"1";"3";"ZEPHIR (ROCADE)";"4,93483000";" -52,30848000"
"202400004849";"13";"12";"2024";"20:30";"5";"84";"84003";"2";"2";"2";"6";"809 Avenue Victor Hugo";"43,88050700";"5,38467400"
"202400004850";"7";"02";"2024";"06:00";"2";"973";"97302";"2";"1";"1";"6";"BADUEL (ROUTE DE)";"4,92903000";" -52,29692000"
"202400004851";"25";"12";"2024";"01:00";"5";"44";"44109";"2";"1";"1";"6";"Boulevard Salvador Allende";"47,20707127";" -1,57359362"