"Num_Acc";"jour";"mois";"an";"hrmn";"lum";"dep";"com";"agg";"int";"atm";"col";"adr";"lat";"long"
"202400005261";"5";"06";"2024";"11:05";"1";"07";"07349";"2";"1";"1";"2";"20 Avenue Léon Blum";"44,80789700";"4,78521900"
"202400005262";"21";"10";"2024";"21:00";"3";"67";"67445";"1";"1";"1";"7";"D35";"48,29938300";"7,42259500"
"202400005263";"6";"06";"2024";"17:30";"1";"21";"21345";"1";"1";"1";"1";"D101k";"47,56716000";"4,85282700"
"202400005264";"6";"06";"2024";"17:05";"1";"24";"24326";"1";"1";"1";"6";"base de canoé";"44,99118600";"1,06698300"
"202400005265";"20";"10";"2024";"10:52";"3";"42";"42198";"1";"2";"1";"3";"Route de la Gare";"46,01191100";"3,95042200"
"202400005266";"16";"10";"2024";"18:15";"1";"42";"42157";"2";"1";"1";"3";"Route de Roanne";"46,13011400";"4,01628900"
"202400005267";"6";"06";"2024";"09:15";"1";"85";"85024";"1";"2";"1";"3";"RD21A";"46,94616500";" -1,89634600"
"202400005268";"20";"10";"2024";"10:45";"1";"41";"41252";"1";"1";"1";"6";"A10 PK 137.900 vers Paris";"47,69598500";"1,43963300"
"202400005269";"6";"06";"2024";"09:15";"1";"85";"85047";"1";"1";"1";"3";"RD58";"46,80887000";" -1,80533000"
"202400005270";"5";"06";"2024";"17:30";"1";"85";"85051";"2";"6";"1";"7";"D949b";"46,68497500";" -1,03682900"
"202400005271";"21";"10";"2024";"21:15";"5";"01";"01033";"2";"1";"1";"1";"Rue de l'Industrie";"46,10303600";"5,81768500"
"202400005272";"22";"10";"2024";"09:35";"1";"12";"12270";"1";"1";"1";"2";"Autoroute 75 - PK 199+040";"44,26179800";"3,06814700"
"202400005273";"4";"06";"2024";"18:00";"1";"28";"28047";"1";"1";"1";"5";"N 154";"48,30991600";"1,68434100"
"202400005274";"16";"04";"2024";"00:20";"3";"28";"28199";"1";"1";"1";"3";"N254";"48,20780100";"1,83355800"
"202400005275";"6";"06";"2024";"11:30";"1";"30";"30012";"1";"1";"1";"4";"Départementale 2";"43,91319800";"4,72553700"
"202400005276";"22";"10";"2024";"09:40";"1";"80";"80680";"2";"3";"1";"1";"2 Rue d'Hangest Dolez";"49,81699100";"2,70735700"
"202400005277";"6";"06";"2024";"10:15";"1";"30";"30266";"2";"1";"1";"3";"route nationale";"44,25511300";"4,29170600"
"202400005278";"5";"06";"2024";"17:15";"1";"30";"30173";"1";"1";"1";"7";"N/A";"44,13456900";"4,17197100"
"202400005279";"22";"10";"2024";"08:15";"1";"63";"63040";"1";"6";"1";"7";"D997";"45,73340000";"3,34424300"
"202400005280";"5";"06";"2024";"17:30";"1";"30";"30284";"1";"1";"1";"1";"Rocade Nord";"44,14694400";"4,07621200"
"202400005281";"21";"10";"2024";"10:45";"1";"61";"61211";"2";"1";"3";"3";"4 Rue des Rhodos";"48,54352800";" -0,57821400"
"202400005282";"5";"06";"2024";"12:20";"1";"68";"68375";"2";"1";"1";"6";"Rue des Pays-Bas";"47,77480300";"7,22839200"
"202400005283";"22";"10";"2024";"07:40";"2";"49";"49120";"1";"1";"1";"1";"D751";"47,37227100";" -0,61740200"
"202400005284";"18";"10";"2024";"17:00";"2";"41";"41059";"1";"4";"1";"3";"Rue des Carrières";"47,41419000";"1,44970400"
"202400005285";"5";"06";"2024";"17:10";"1";"38";"38405";"1";"3";"1";"2";"D520 intersection chemin des roux";"45,37165500";"5,69019900"
"202400005286";"21";"10";"2024";"12:15";"1";"44";"44157";"1";"3";"1";"3";"La Billonniere";"46,92320800";" -1,70971500"
"202400005287";"31";"05";"2024";"03:50";"3";"67";"67194";"1";"1";"3";"7";"A35";"48,72317100";"7,88321100"
"202400005288";"4";"06";"2024";"07:00";"1";"976";"97606";"1";"1";"1";"3";"CCD5 - MALAMANI";" -12,91597900";"45,15917800"
"202400005289";"22";"10";"2024";"15:21";"1";"29";"29105";"2";"6";"1";"2";"Boulevard de la République";"48,50512200";" -4,07219900"
"202400005290";"5";"06";"2024";"16:15";"1";"987";"98724";"2";"1";"1";"3";"District de Fare";" -16,71019200";" -151,03530800"
"202400005291";"22";"10";"2024";"12:30";"1";"02";"02589";"1";"2";"1";"3";"D15";"49,45054500";"3,53981900"
"202400005292";"22";"10";"2024";"10:44";"1";"03";"03208";"1";"1";"1";"6";"Route du Donjon";"46,42230900";"3,90654100"
"202400005293";"6";"06";"2024";"07:51";"1";"973";"97306";"1";"1";"1";"2";"Avenue Eugene Lesperant CD9 PK31";"5,59842400";" -53,70631000"
"202400005294";"21";"10";"2024";"15:50";"1";"15";"15204";"1";"2";"1";"5";"RD 120";"44,93517700";"2,33057700"
"202400005295";"5";"06";"2024";"19:50";"3";"971";"97129";"1";"1";"1";"1";"Route Nationale 2";"16,28786700";" -61,67087300"
"202400005296";"19";"10";"2024";"15:40";"1";"01";"01338";"1";"1";"1";"6";"D19";"45,70890300";"5,56151700"
"202400005297";"6";"06";"2024";"11:40";"1";"13";"13025";"2";"1";"1";"1";"D7n";"43,49088400";"5,53453400"
"202400005298";"21";"10";"2024";"17:25";"1";"70";"70245";"1";"9";"1";"6";"rn57";"47,86042600";"6,38160800"
"202400005299";"21";"10";"2024";"20:15";"5";"06";"06079";"2";"1";"1";"6";"605 Avenue du Général De Gaulle";"43,52998300";"6,94732600"
"202400005300";"5";"06";"2024";"21:40";"2";"91";"91587";"2";"1";"1";"4";"N20";"48,69185400";"2,28594100"
"202400005301";"22";"10";"2024";"10:30";"1";"05";"05036";"1";"1";"1";"1";"RN94";"44,63245200";"6,56183100"
"202400005302";"6";"06";"2024";"18:40";"1";"66";"66129";"1";"1";"1";"3";"D8";"42,58207900";"2,91596900"
"202400005303";"5";"06";"2024";"20:00";"1";"13";"13062";"2";"1";"1";"1";"Chemin des Vignes Basses";"43,42506600";"5,49897600"
"202400005304";"5";"06";"2024";"23:25";"3";"68";"68204";"1";"1";"1";"6";"lieu dit steinabruck";"48,01024900";"7,05370000"
"202400005305";"20";"10";"2024";"18:00";"1";"45";"45146";"1";"1";"1";"3";"D2020 PR 53 + 240";"47,69309700";"1,95462200"
"202400005306";"22";"10";"2024";"13:20";"1";"36";"36014";"1";"1";"1";"7";"Route de Buret";"46,50496500";"1,54175500"
"202400005307";"5";"06";"2024";"14:35";"1";"03";"03190";"2";"1";"1";"5";"118 Rue de Paris";"46,57712700";"3,32431400"
"202400005308";"5";"06";"2024";"18:30";"1";"44";"44209";"1";"1";"1";"7";"137 Rue de Nantes";"47,29680400";" -1,61192200"
"202400005309";"19";"10";"2024";"15:40";"1";"07";"07255";"1";"3";"1";"1";"d104";"44,75781900";"4,71048500"
"202400005310";"21";"10";"2024";"17:15";"1";"40";"40211";"1";"1";"1";"6";"D17";"43,62572400";" -1,18533300"
"202400005311";"5";"06";"2024";"19:00";"2";"69";"69140";"1";"2";"7";"3";"Chemin du Chevronnet";"45,90220200";"4,67650700"
"202400005312";"22";"10";"2024";"18:30";"1";"85";"85146";"1";"1";"1";"6";"la gouraudière";"46,97409200";" -1,28779300"
"202400005313";"22";"10";"2024";"06:00";"2";"973";"97309";"1";"1";"1";"2";"N 3 (rn3)";"4,89843000";" -52,29453600"
"202400005314";"5";"06";"2024";"16:40";"1";"33";"33357";"1";"1";"1";"4";"N/A";"44,49072000";" -0,29322400"
"202400005315";"22";"10";"2024";"19:20";"3";"68";"68253";"1";"1";"8";"3";"A 36 PK 114.000";"47,78434574";"7,47661652"
"202400005316";"30";"05";"2024";"18:40";"1";"33";"33330";"2";"1";"1";"1";"N/A";"44,85000500";" -0,44003200"
"202400005317";"17";"10";"2024";"16:00";"1";"36";"36127";"1";"2";"3";"3";"les sablons";"46,59130064";"2,00494051"
"202400005318";"21";"10";"2024";"16:55";"1";"34";"34157";"1";"1";"1";"6";"PK136.000";"43,42163200";"3,53794100"
"202400005319";"5";"06";"2024";"14:50";"1";"50";"50041";"1";"2";"1";"3";"D37";"49,62620400";" -1,79868900"
"202400005320";"6";"06";"2024";"08:10";"1";"14";"14733";"1";"6";"7";"3";"Rue de Vieux Pont";"49,24848753";" -0,62255949"
"202400005321";"21";"10";"2024";"07:40";"3";"29";"29234";"1";"2";"3";"3";"la Croix Neuve";"47,85200303";" -3,51018454"
"202400005322";"5";"06";"2024";"18:45";"1";"22";"22050";"2";"1";"1";"6";"Rue General de Gaulle";"48,45097900";" -2,04102800"
"202400005323";"22";"10";"2024";"11:20";"1";"28";"28007";"2";"1";"1";"6";"2 Boulevard Ferdinand Moreau";"48,85752500";"1,43579800"
"202400005324";"22";"10";"2024";"07:20";"3";"77";"77352";"1";"1";"1";"6";"Rue de Guignes";"48,65061800";"2,77138700"
"202400005325";"21";"10";"2024";"13:17";"1";"91";"91129";"2";"1";"1";"6";"Avenue Carnot";"48,47993900";"2,32097700"
"202400005326";"29";"05";"2024";"12:35";"1";"22";"22176";"1";"3";"1";"3";"Rue de la Rochette";"48,44993800";" -2,70684800"
"202400005327";"22";"10";"2024";"14:00";"1";"30";"30130";"1";"1";"1";"7";"belvedère des bouzèdes";"44,35901100";"3,91828800"
"202400005328";"22";"10";"2024";"18:18";"3";"83";"83107";"2";"1";"1";"6";"Chemin des Hauts Petignons";"43,44101300";"6,59489000"
"202400005329";"5";"06";"2024";"21:00";"2";"60";"60010";"1";"1";"1";"3";"D121";"49,22378147";"2,10478091"
"202400005330";"22";"10";"2024";"15:30";"1";"73";"73307";"1";"1";"1";"6";"D215A";"45,17733218";"6,49123078"
"202400005331";"6";"06";"2024";"07:15";"1";"80";"80338";"2";"3";"7";"6";"D523";"49,89674200";"2,50312300"
"202400005332";"22";"10";"2024";"07:40";"2";"69";"69176";"1";"1";"2";"1";"Route de Brignais";"45,67789683";"4,70573859"
"202400005333";"6";"06";"2024";"15:50";"1";"62";"62604";"2";"2";"1";"3";"D119";"50,61527400";"1,63121200"
"202400005334";"21";"10";"2024";"19:52";"3";"09";"09099";"1";"1";"1";"1";"RD117";"42,98559400";"1,56271900"
"202400005335";"6";"06";"2024";"16:50";"1";"59";"59411";"1";"2";"1";"1";"Pavé du Moulin";"50,47850700";"3,12483800"
"202400005336";"4";"06";"2024";"19:35";"1";"33";"33122";"1";"1";"1";"3";"N/A";"44,72644200";" -0,73110200"
"202400005337";"24";"09";"2024";"15:40";"1";"33";"33233";"1";"1";"1";"4";"N/A";"45,15961100";" -0,34843600"
"202400005338";"1";"06";"2024";"08:50";"1";"59";"59343";"1";"1";"2";"6";"AUTOROUTE A27";"50,59944000";"3,13758000"
"202400005339";"5";"06";"2024";"10:20";"1";"94";"94021";"1";"1";"1";"3";"A6A";"48,76191441";"2,34024905"
"202400005340";"22";"10";"2024";"07:00";"5";"33";"33449";"2";"2";"1";"5";"N/A";"44,89250600";" -0,71018700"
"202400005341";"5";"06";"2024";"17:30";"1";"78";"78423";"1";"1";"1";"3";"RN12";"48,79678600";"2,02559300"
"202400005342";"21";"10";"2024";"08:50";"2";"85";"85302";"1";"1";"1";"1";"RD6";"46,94891800";" -0,99177900"
"202400005343";"4";"06";"2024";"07:40";"1";"92";"92025";"1";"1";"1";"3";"A86";"48,92755851";"2,23725934"
"202400005344";"5";"06";"2024";"18:00";"1";"94";"94073";"1";"1";"1";"2";"A86";"48,75426760";"2,38140831"
"202400005345";"21";"10";"2024";"13:00";"1";"13";"13211";"1";"1";"1";"2";"A50-Sens Marseille vers Aubagne";"43,28631198";"5,43087085"
"202400005346";"5";"06";"2024";"17:00";"1";"94";"94028";"1";"1";"1";"2";"A86";"48,78988004";"2,44029159"
"202400005347";"18";"10";"2024";"12:26";"1";"59";"59090";"1";"1";"2";"5";"AUTOROUTE A22";"50,71472000";"3,12348000"
"202400005348";"3";"06";"2024";"15:00";"1";"976";"97611";"1";"1";"1";"6";"kaweni-Pendu (Place)";"45,23097000";"12,75862000"
"202400005349";"21";"10";"2024";"19:30";"3";"91";"91689";"1";"1";"1";"3";"AUTOROUTE A6";"48,72355000";"2,31218000"
"202400005350";"5";"06";"2024";"00:01";"5";"974";"97411";"1";"1";"2";"6";"KARTING (DU)";" -20,89520000";"55,50120000"
"202400005351";"4";"06";"2024";"15:50";"1";"974";"97411";"1";"1";"1";"2";"LITTORAL (ROUTE 1 DU)";" -20,87469000";"55,43266000"
"202400005352";"21";"10";"2024";"14:30";"1";"91";"91340";"1";"1";"1";"5";"AUTOROUTE A6";"48,59932000";"2,44014000"
"202400005353";"4";"06";"2024";"08:40";"1";"974";"97411";"2";"1";"1";"3";"GUADELOUPE (DE LA)";" -20,90171000";"55,49672000"
"202400005354";"20";"10";"2024";"06:32";"3";"92";"92036";"1";"1";"1";"6";"A86";"48,93353738";"2,27424320"
"202400005355";"4";"06";"2024";"09:45";"1";"974";"97407";"2";"1";"1";"6";"MONPELLIER (RUE)";" -20,93793000";"55,29574000"
"202400005356";"4";"06";"2024";"06:15";"2";"974";"97407";"2";"6";"1";"3";"ROND POINT ROSE DES VENTS";" -20,94054000";"55,30808000"
"202400005357";"21";"10";"2024";"09:45";"1";"93";"93064";"1";"1";"1";"2";"AUTOROUTE A103";"48,88638237";"2,48441756"
"202400005358";"4";"06";"2024";"20:35";"1";"69";"69149";"2";"1";"1";"6";"48 Boulevard de l'Europe ";"45,71010000";"4,80662000"
"202400005359";"21";"10";"2024";"19:20";"3";"94";"94069";"1";"1";"1";"2";"A4";"48,81661087";"2,44867515"
"202400005360";"4";"06";"2024";"19:30";"5";"69";"69384";"2";"1";"1";"6";"Tunnel de la Croix-Rousse";"45,77443000";"4,81528000"
"202400005361";"16";"07";"2024";"13:10";"1";"62";"62108";"2";"3";"1";"3";"Rue de l’Impératrice";"50,40593000";"1,57262000"
"202400005362";"4";"06";"2024";"13:50";"1";"69";"69389";"2";"9";"1";"3";"Avenue Ben Gourion";"45,78681000";"4,78672000"
"202400005363";"7";"10";"2024";"17:03";"2";"44";"44109";"2";"2";"1";"3";"7 Rue du Général de Bollardière";"47,20968802";" -1,52945564"
"202400005364";"4";"06";"2024";"07:54";"1";100;100033";"2";"1";"1";"4";"SAMPIERO CORSO - AV";"42,62850000";"9,44431000"
"202400005365";"20";"10";"2024";"16:05";"1";"47";"47001";"2";"1";"1";"3";"BARBUSSE (AV. HENRI)";"44,20548000";"0,62836000"
"202400005366";"4";"06";"2024";"16:20";"1";"971";"97101";"1";"1";"1";"3";"BESSON";"16,24040000";" -61,51132000"
"202400005367";"20";"10";"2024";"06:25";"1";"987";"98736";"1";"6";"1";"3";"CHARLES DE GAULLE (AV)";" -17,52819000";" -149,54866000"
"202400005368";"19";"10";"2024";"18:05";"2";"987";"98736";"2";"1";"1";"1";"PATER (RUE)";" -17,54138000";" -149,55227000"
"202400005369";"19";"10";"2024";"18:05";"2";"972";"97209";"2";"1";"2";"3";"RD 41 (ROCADE)";"14,61203000";" -61,07018000"
"202400005370";"19";"10";"2024";"18:10";"2";"95";"95277";"2";"1";"2";"1";"GONESSE A VILLEPINTE (CHEMIN DE)";"48,98102910";"2,48035848"
"202400005371";"20";"10";"2024";"20:10";"4";"95";"95219";"2";"9";"1";"3";"D502";"48,99806727";"2,25360571"
"202400005372";"19";"10";"2024";"18:20";"1";"91";"91521";"2";"1";"2";"1";"LIBERATION (AVENUE DE LA) N°28 A 84";"48,65182000";"2,41387000"
"202400005373";"20";"10";"2024";"18:05";"1";"86";"86194";"2";"3";"1";"6";"Avenue du 11 Novembre";"46,56913400";"0,36948500"
"202400005374";"19";"10";"2024";"18:13";"1";"84";"84031";"2";"1";"1";"2";"MISTRAL AVENUE FREDERIC";"44,05077000";"5,04154000"
"202400005375";"18";"10";"2024";"17:55";"1";"84";"84031";"2";"1";"1";"3";"FABRE AVENUE JEAN HENRI";"44,05054000";"5,03534000"
"202400005376";"20";"10";"2024";"07:15";"5";"82";"82121";"2";"1";"1";"3";"avenue jean moulin";"44,02802000";"1,36866000"
"202400005377";"20";"10";"2024";"20:45";"5";"82";"82033";"2";"9";"1";"7";"Chemin de l’Artel";"44,06536864";"1,09716314"
"202400005378";"20";"10";"2024";"17:50";"1";"77";"77284";"2";"4";"1";"3";"D603";"48,95919000";"2,87270000"
"202400005379";"20";"10";"2024";"09:25";"1";"76";"76231";"1";"1";"1";"6";"Rue Bourgtheroulde";"49,28695808";"0,98600367"
"202400005380";"20";"10";"2024";"06:00";"3";"69";"69013";"2";"1";"1";"6";"Route Nationale 6";"46,01866000";"4,72091000"
"202400005381";"20";"10";"2024";"18:35";"5";"67";"67180";"1";"1";"1";"3";"RHIN (ROUTE DU)";"48,79930000";"7,83681000"
"202400005382";"20";"10";"2024";"20:00";"3";"66";"66136";"1";"1";"1";"1";"AERODROME AVENUE DE L'(CD117)";"42,72729364";"2,86004484"
"202400005383";"19";"10";"2024";"18:20";"1";"66";"66136";"2";"1";"1";"4";"ALDUY (Paul)";"42,67852000";"2,90488000"
"202400005384";"19";"10";"2024";"17:02";"1";"63";"63300";"2";"3";"1";"3";"STADE (AVENUE DU) / rue du Torpilleur Sirocco";"45,88400000";"3,12370000"
"202400005385";"20";"10";"2024";"19:07";"2";"63";"63019";"1";"1";"1";"6";"HENRI POURRAT (AV)";"45,79820000";"3,16150000"
"202400005386";"19";"10";"2024";"06:36";"5";"63";"63113";"2";"2";"1";"3";"M771 Pochet Lagaye /  Bd Lafayette";"45,76674000";"3,10726000"
"202400005387";"20";"10";"2024";"02:00";"5";"62";"62563";"2";"1";"2";"6";"D166";"50,47033381";"2,71699644"
"202400005388";"19";"10";"2024";"01:00";"3";"60";"60175";"2";"1";"2";"6";"Rue de Gournay";"49,25942012";"2,46126473"
"202400005389";"20";"10";"2024";"16:20";"1";"59";"59426";"1";"1";"1";"2";"SCHUMAN (RUE ROBERT)";"50,74330000";"3,15090000"
"202400005390";"20";"10";"2024";"22:05";"5";"59";"59650";"2";"9";"2";"3";"CASTERMANT (RUE CHARLES)";"50,70323000";"3,19561000"
"202400005391";"19";"10";"2024";"12:05";"1";"59";"59041";"2";"6";"1";"7";"Rue de Maubeuge";"50,20584900";"3,85186700"
"202400005392";"20";"10";"2024";"15:00";"1";"56";"56260";"2";"1";"8";"2";"Rue Jean Gougaud";"47,65810000";" -2,76511000"
"202400005393";"20";"10";"2024";"11:47";"1";"45";"45004";"1";"1";"1";"6";"D163 PR 5 + 910";"47,98522000";"2,81831000"
"202400005394";"20";"10";"2024";"02:50";"5";"37";"37233";"2";"1";"5";"1";"JAURES (RUE JEAN)";"47,39122644";"0,72555891"
"202400005395";"19";"10";"2024";"15:20";"1";"37";"37208";"2";"5";"2";"3";"LAC (AVENUE DU)";"47,36572000";"0,71535000"
"202400005396";"19";"10";"2024";"04:50";"5";"36";"36044";"2";"1";"1";"6";"Rue Porte Neuve";"46,81094762";"1,68825611"
"202400005397";"21";"10";"2024";"02:10";"3";"35";"35238";"2";"1";"2";"6";"HOUX (DU)";"48,13259000";" -1,66739000"
"202400005398";"20";"10";"2024";"18:20";"1";"35";"35238";"2";"2";"2";"3";"PATTON (AVENUE DU GENERAL SIR GEORGES)";"48,12836000";" -1,66411000"
"202400005399";"20";"10";"2024";"11:15";"1";"33";"33063";"2";"1";"1";"3";"N/A";"44,85851600";" -0,62472300"
"202400005400";"20";"10";"2024";"04:25";"3";"33";"33119";"2";"1";"1";"6";"N/A";"44,85335000";" -0,50585000"
"202400005401";"20";"10";"2024";"19:00";"2";"31";"31555";"2";"1";"1";"6";"RUE MARIA MONBIOLA";"43,57812000";"1,43946000"
"202400005402";"20";"10";"2024";"00:01";"5";"31";"31557";"2";"1";"1";"2";"TARBES (ROUTE DE)";"43,57752400";"1,32680210"
"202400005403";"20";"10";"2024";"09:00";"1";"31";"31555";"2";"1";"1";"6";"RUE LOUIS PLANA";"43,61364700";"1,47634900"
"202400005404";"20";"10";"2024";"09:24";"1";"31";"31557";"2";"1";"1";"6";"AURIOL (BD VINCENT)";"43,58796000";"1,35293000"
"202400005405";"19";"10";"2024";"16:20";"1";"30";"30007";"2";"6";"1";"1";"BELGIQUE (PLACE DE)";"44,12863000";"4,07628000"
"202400005406";"20";"10";"2024";"15:40";"1";"27";"27701";"2";"9";"1";"5";"RD6015";"49,24740000";"1,18576000"
"202400005407";"20";"10";"2024";"15:51";"1";"27";"27229";"2";"1";"1";"7";"FOCH (AVENUE DU MARECHAL)";"49,02389000";"1,12884000"
"202400005408";"20";"10";"2024";"05:50";"5";"26";"26362";"2";"1";"1";"6";"Avenue de Marseille";"44,89870728";"4,88172770"
"202400005409";"20";"10";"2024";"22:32";"3";"22";"22215";"1";"1";"2";"3";"PONT NOIR (RUE DU)";"48,48657000";" -2,83375000"
"202400005410";"20";"10";"2024";"09:53";"1";"19";"19031";"2";"6";"1";"3";"CHAUMEIL (RUE PIERRE)";"45,15650000";"1,50427000"
"202400005411";"20";"10";"2024";"19:11";"1";"13";"13071";"1";"1";"1";"3";"PLAN DE CAMPAGNE (AVE. DE )";"43,41396128";"5,34479106"
"202400005412";"20";"10";"2024";"05:05";"5";"13";"13103";"2";"1";"1";"6";"AVENUE DE LATTRE DE TASSIGNY-RD 17-";"43,65634000";"5,08543000"
"202400005413";"20";"10";"2024";"21:47";"5";"13";"13204";"2";"1";"1";"2";"CHARTREUX (AVENUE DES)";"43,30971000";"5,40067000"
"202400005414";"20";"10";"2024";"19:05";"2";"13";"13208";"2";"1";"1";"3";"RABATAU (BOULEVARD)";"43,27342000";"5,39267000"
"202400005415";"20";"10";"2024";"14:30";"1";"13";"13206";"2";"8";"1";"3";"ROME (RUE DE)";"43,29212000";"5,38003000"
"202400005416";"19";"10";"2024";"20:00";"5";"13";"13212";"2";"1";"1";"6";"SAINT JULIEN (AVENUE DE )";"43,30582000";"5,41850000"
"202400005417";"19";"10";"2024";"15:55";"1";"13";"13209";"2";"1";"1";"3";"Boulevard trollat";"43,27318710";"5,41427228"
"202400005418";"20";"10";"2024";"19:20";"5";"13";"13001";"2";"2";"1";"3";"GALICE (RTE DE)";"43,52900000";"5,43600000"
"202400005419";"20";"10";"2024";"15:45";"1";"07";"07281";"1";"1";"1";"7";"C.D.533";"44,93488194";"4,81564917"
"202400005420";"4";"10";"2024";"14:50";"1";"05";"05061";"1";"6";"1";"2";"EYSSAGNIERES ( ROUTE DES )";"44,55734653";"6,05499566"
"202400005421";"9";"10";"2024";"08:55";"1";"05";"05061";"2";"6";"8";"3";"Avenue de Veynes";"44,55787000";"6,06875000"
"202400005422";"19";"10";"2024";"19:20";"2";"02";"02408";"2";"2";"1";"6";"31 Rue Eugène Leduc";"49,56881000";"3,63195000"
"202400005423";"20";"10";"2024";"17:30";"1";"75";"75112";"2";"4";"2";"4";"BD PERIPHERIQUE INTERIEUR";"48,83584454";"2,41193354"
"202400005424";"19";"10";"2024";"21:20";"5";"75";"75118";"2";"4";"1";"2";"BD PERIPHERIQUE EXTERIEUR";"48,90081900";"2,33306900"
"202400005425";"19";"10";"2024";"16:30";"1";"75";"75112";"2";"1";"1";"2";"BD PERIPHERIQUE INTERIEUR";"48,84046400";"2,41346600"
"202400005426";"20";"10";"2024";"00:05";"5";"75";"75120";"2";"2";"2";"7";"COURS DE VINCENNES";"48,84717800";"2,41127800"
"202400005427";"19";"10";"2024";"17:55";"1";"75";"75119";"2";"3";"8";"6";"AVENUE JEAN JAURES";"48,88515300";"2,37943100"
"202400005428";"20";"10";"2024";"17:30";"1";"75";"75116";"2";"2";"1";"3";"ALLEE DE LONGCHAMP";"48,87494200";"2,27110500"
"202400005429";"20";"10";"2024";"15:40";"1";"75";"75115";"2";"1";"1";"3";"BOULEVARD PASTEUR";"48,84492300";"2,31176800"
"202400005430";"20";"10";"2024";"02:45";"5";"75";"75115";"2";"4";"1";"3";"BOULEVARD DU MONTPARNASSE";"48,84501200";"2,31996700"
"202400005431";"20";"10";"2024";"00:55";"5";"75";"75113";"2";"4";"7";"6";"RUE DE TOLBIAC";"48,82732973";"2,36905852"
"202400005432";"20";"10";"2024";"00:42";"5";"75";"75110";"2";"3";"1";"6";"RUE DU FAUBOURG POISSONNIERE";"48,87244500";"2,34797000"
"202400005433";"19";"03";"2024";"19:05";"2";"47";"47060";"1";"1";"1";"6";"2386 Route de Saint Sixte";"44,12309100";"0,76385400"
"202400005434";"21";"03";"2024";"20:50";"3";"08";"08115";"1";"1";"1";"6";"D977";"49,62444308";"4,85854101"
"202400005435";"22";"03";"2024";"08:30";"1";"73";"73269";"1";"2";"1";"3";"D921C / D41";"45,68053500";"5,79027800"
"202400005436";"20";"03";"2024";"14:30";"1";"43";"43033";"1";"1";"1";"5";"D20";"45,31459700";"3,20984800"
"202400005437";"20";"03";"2024";"21:12";"5";"45";"45247";"2";"3";"1";"3";"D94 PR 3 + 999";"48,01043900";"2,69315800"
"202400005438";"22";"03";"2024";"11:15";"1";"18";"18272";"1";"1";"1";"1";"N/A";"47,27364600";"2,74004800"
"202400005439";"22";"03";"2024";"14:00";"1";"84";"84116";"2";"1";"1";"2";"Route de Nyons";"44,25834300";"5,09731900"
"202400005440";"22";"03";"2024";"15:30";"1";"81";"81238";"2";"3";"1";"2";"89 Avenue de la Méditerranée";"43,47847100";"2,48643500"
"202400005441";"18";"03";"2024";"16:45";"1";"11";"11203";"2";"1";"1";"3";"Avenue Marechal Joffre";"43,19883000";"2,75829300"
"202400005442";"21";"03";"2024";"15:40";"1";"86";"86198";"1";"1";"1";"7";"Route de Chauvigny";"46,54256100";"0,58959300"
"202400005443";"22";"03";"2024";"01:40";"3";"35";"35063";"1";"1";"5";"2";"A84 PK125.000";"48,31780661";" -1,33057533"
"202400005444";"21";"03";"2024";"09:37";"1";"06";"06064";"1";"1";"1";"1";"Route de la Manda";"43,76904800";"7,18018800"
"202400005445";"21";"03";"2024";"15:30";"1";"83";"83116";"1";"3";"1";"1";"Dn7";"43,45865900";"5,83560700"
"202400005446";"22";"03";"2024";"06:33";"2";"95";"95660";"1";"1";"1";"3";"D909";"49,07489794";"2,34695280"
"202400005447";"21";"03";"2024";"09:15";"1";"51";"51247";"1";"2";"1";"1";"D343";"48,86862500";"3,84854600"
"202400005448";"21";"03";"2024";"08:00";"1";"51";"51149";"1";"1";"1";"4";"RN 44";"48,90160000";"4,44770300"
"202400005449";"21";"03";"2024";"16:30";"1";"76";"76689";"1";"6";"1";"4";"Route Departementale 926";"49,70380204";"0,50578013"
"202400005450";"21";"03";"2024";"18:00";"1";"80";"80500";"1";"2";"1";"1";"D48";"50,01628100";"1,57616300"
"202400005451";"22";"03";"2024";"01:30";"3";"80";"80622";"1";"1";"1";"7";"D121";"49,92527400";"2,14260200"
"202400005452";"21";"03";"2024";"11:48";"1";"11";"11094";"1";"1";"1";"6";"N/A";"43,03520700";"2,41514700"
"202400005453";"21";"03";"2024";"16:30";"1";"89";"89418";"1";"1";"1";"6";"Les Terres de Soulangy";"47,85063600";"4,03893500"
"202400005454";"21";"03";"2024";"07:00";"1";"63";"63453";"2";"6";"1";"3";"RD2089 Jacques Duclos/RDZAC du Gros chêne";"45,78627500";"3,28062600"
"202400005455";"21";"03";"2024";"09:35";"1";"61";"61332";"1";"3";"5";"4";"D924";"48,70357900";" -0,34662700"
"202400005456";"22";"03";"2024";"05:35";"3";"61";"61508";"1";"1";"5";"6";"D16 PR55+940";"48,93556700";"0,20837500"
"202400005457";"19";"03";"2024";"15:25";"1";"46";"46293";"1";"1";"1";"6";"Chemin des Granges";"44,88394900";"1,56524100"
"202400005458";"22";"03";"2024";"07:30";"1";"25";"25527";"2";"2";"1";"3";"Rue du Creux du Loup";"47,18359500";"5,81218100"
"202400005459";"21";"03";"2024";"14:00";"1";"25";"25612";"1";"1";"1";"6";"RD 14";"47,34033500";"6,08110400"
"202400005460";"18";"03";"2024";"18:25";"2";"31";"31311";"1";"1";"1";"1";"Route des Vins";"43,81675787";"1,52794257"
"202400005461";"21";"03";"2024";"18:00";"1";"84";"84050";"1";"1";"1";"1";"1729 D207";"43,88307800";"5,18901200"
"202400005462";"20";"03";"2024";"17:00";"1";"03";"03304";"2";"3";"1";"1";"RD 27 intersection rue de CHAMPOUX";"46,16698900";"3,33624400"
"202400005463";"22";"03";"2024";"15:50";"1";"15";"15265";"1";"2";"1";"1";"RD 922";"45,33049700";"2,42800800"
"202400005464";"21";"03";"2024";"13:00";"1";"58";"58229";"1";"1";"1";"7";"D20";"47,42213500";"3,88335600"
"202400005465";"22";"03";"2024";"05:20";"3";"14";"14161";"1";"1";"1";"1";"426 Route de Dives";"49,22325900";"0,11909000"
"202400005466";"21";"03";"2024";"08:15";"2";"14";"14716";"1";"1";"5";"1";"Route des Vallées";"49,18031100";" -0,71627300"
"202400005467";"20";"03";"2024";"12:30";"1";"43";"43137";"2";"9";"1";"3";"45 Avenue de la Libération";"45,28981300";"4,17011400"
"202400005468";"22";"03";"2024";"14:21";"1";"10";"10323";"2";"1";"1";"3";"Rue du Maréchal Lyautey";"48,50425800";"3,73515700"
"202400005469";"22";"03";"2024";"19:50";"3";"36";"36226";"1";"1";"1";"6";"Les Loges des Bois";"46,60362834";"1,86502130"
"202400005470";"21";"03";"2024";"23:00";"3";"07";"07337";"1";"1";"1";"6";"route de talentieux";"45,23390200";"4,72107900"
"202400005471";"1";"03";"2024";"13:16";"1";"04";"04209";"2";"6";"1";"3";"Avenue du Jabron";"44,18620100";"5,93970100"
"202400005472";"21";"03";"2024";"16:00";"1";"04";"04022";"1";"1";"1";"6";"RN85";"43,96046420";"6,34397569"
"202400005473";"22";"03";"2024";"16:28";"1";"27";"27463";"1";"1";"1";"1";"D438";"49,12671900";"0,63626300"
"202400005474";"22";"03";"2024";"17:15";"1";"87";"87187";"1";"1";"1";"1";"Route du Pont des Farges";"45,55986500";"1,19054700"
"202400005475";"22";"03";"2024";"10:15";"1";"08";"08251";"1";"1";"1";"1";"N/A";"49,74876200";"4,45202700"
"202400005476";"21";"03";"2024";"17:15";"1";"35";"35206";"1";"1";"1";"5";"la Boisardière";"48,04104664";" -1,62531611"
"202400005477";"21";"03";"2024";"20:10";"4";"69";"69244";"2";"2";"1";"6";"101 Avenue Charles de Gaulle";"45,76306200";"4,78043100"
"202400005478";"20";"03";"2024";"22:03";"3";"01";"01089";"1";"1";"1";"2";"A42 PK 041+000 sens LYON/GENÈVE";"45,96718500";"5,30767900"
"202400005479";"21";"03";"2024";"08:00";"1";"42";"42255";"1";"1";"1";"6";"Route de Planchetorse";"45,89172600";"3,86329300"
"202400005480";"8";"02";"2024";"09:30";"1";"69";"69097";"1";"1";"1";"1";"Route départementale 28E2";"45,50788916";"4,72241892"
"202400005481";"17";"03";"2024";"06:30";"2";"971";"97115";"1";"1";"1";"1";"Bréfort";"16,26415900";" -61,64453900"
"202400005482";"22";"03";"2024";"16:10";"1";"33";"33085";"1";"1";"1";"1";"N/A";"44,77483400";" -0,49245400"
"202400005483";"21";"03";"2024";"17:35";"1";"77";"77329";"2";"3";"7";"3";"Rue des Arches";"48,25920900";"2,81139000"
"202400005484";"21";"03";"2024";"18:10";"1";"13";"13027";"1";"6";"1";"3";"rond point route d'avignon D34";"43,89431300";"4,82249400"
"202400005485";"22";"03";"2024";"15:20";"1";"42";"42165";"1";"1";"1";"1";"Route de Feurs";"45,77991900";"4,32439100"
"202400005486";"22";"03";"2024";"17:45";"2";"42";"42107";"1";"1";"7";"1";"Route des Limites";"45,54304700";"3,94721900"
"202400005487";"21";"03";"2024";"17:00";"1";"38";"38449";"2";"1";"1";"6";"Boulevard de Tharabie";"45,64980100";"5,10019900"
"202400005488";"20";"03";"2024";"08:00";"1";"01";"01027";"1";"3";"1";"3";"D84c";"45,83469400";"5,08356900"
"202400005489";"21";"03";"2024";"14:45";"1";"64";"64230";"1";"1";"1";"7";"D24";"43,22785800";" -0,43459300"
"202400005490";"22";"03";"2024";"20:15";"3";"33";"33517";"1";"1";"1";"6";"N/A";"45,05602300";" -0,70777100"
"202400005491";"22";"03";"2024";"15:15";"1";"33";"33256";"2";"1";"1";"7";"N/A";"44,97729200";" -0,60514900"
"202400005492";"22";"03";"2024";"13:15";"1";"22";"22277";"1";"2";"1";"3";"Les Bruyères";"48,40568100";" -2,87268900"
"202400005493";"22";"03";"2024";"01:35";"3";"60";"60134";"1";"1";"1";"7";"Rue du Bout du Monde";"49,31184100";"2,42412700"
"202400005494";"22";"03";"2024";"12:00";"1";"59";"59036";"2";"1";"1";"2";"Rue de France";"50,12125700";"3,93340100"
"202400005495";"21";"03";"2024";"18:00";"1";"13";"13028";"1";"1";"1";"3";"A50";"43,20780590";"5,61616850"
"202400005496";"20";"03";"2024";"09:00";"1";"67";"67124";"1";"1";"1";"3";"M35";"48,52181000";"7,63491000"
"202400005497";"21";"03";"2024";"16:05";"1";"33";"33090";"1";"1";"1";"3";"N/A";"44,77070000";" -0,66090000"
"202400005498";"21";"03";"2024";"06:50";"2";"33";"33162";"1";"1";"1";"6";"N/A";"44,85906000";" -0,66149000"
"202400005499";"18";"03";"2024";"10:30";"1";"59";"59179";"1";"1";"1";"6";"AUTOROUTE A2";"50,29766095";"3,36698567"
"202400005500";"21";"03";"2024";"17:30";"1";"91";"91617";"1";"1";"1";"2";"RN 104";"48,63175900";"2,52093200"
"202400005501";"21";"03";"2024";"17:00";"1";"92";"92060";"1";"1";"1";"4";"RN 385 Extèrieure";"48,77324523";"2,24198907"
"202400005502";"21";"03";"2024";"12:40";"1";"91";"91228";"1";"1";"1";"2";"RN 104";"48,62480800";"2,41779200"
"202400005503";"21";"03";"2024";"06:10";"2";"91";"91521";"1";"1";"1";"7";"RN 104";"48,62633000";"2,39777000"
"202400005504";"21";"03";"2024";"16:45";"1";"92";"92036";"1";"1";"7";"5";"A86";"48,93595200";"2,28705609"
"202400005505";"21";"03";"2024";"20:05";"3";"95";"95500";"1";"1";"1";"2";"A15";"49,03816574";"2,08861975"
"202400005506";"21";"03";"2024";"08:15";"1";"95";"95018";"1";"1";"1";"2";"A15";"48,95915800";"2,27298835"
"202400005507";"21";"03";"2024";"02:50";"4";"93";"93027";"1";"1";"1";"6";"A16";"48,92610771";"2,40185402"
"202400005508";"20";"03";"2024";"08:00";"1";"93";"93053";"1";"1";"1";"6";"A3";"48,89292727";"2,47244859"
"202400005509";"20";"03";"2024";"09:00";"1";"93";"93066";"1";"1";"1";"5";"A1";"48,92985457";"2,36307976"
"202400005510";"21";"03";"2024";"18:30";"3";"94";"94004";"1";"1";"1";"6";"34 Avenue du Général Leclerc";"48,74909700";"2,50856200"
"202400005511";"21";"03";"2024";"19:25";"2";"94";"94022";"1";"1";"1";"5";"A86";"48,77637562";"2,42140187"
"202400005512";"21";"03";"2024";"09:30";"1";"94";"94065";"1";"1";"1";"2";"A86";"48,75377346";"2,36791259"
"202400005513";"20";"03";"2024";"14:00";"1";"75";"75112";"1";"1";"1";"2";"A4";"48,82509100";"2,46387900"
"202400005514";"20";"03";"2024";"08:00";"1";"77";"77373";"1";"1";"1";"2";"RN104";"48,79060444";"2,61841859"
"202400005515";"20";"03";"2024";"06:30";"2";"94";"94028";"1";"1";"1";"5";"A86";"48,77622723";"2,42988971"
"202400005516";"7";"03";"2024";"13:20";"1";"44";"44190";"2";"1";"8";"2";"72 Route de Clisson";"47,19097565";" -1,52260338"
"202400005517";"6";"03";"2024";"00:20";"5";"44";"44109";"2";"3";"8";"2";"Quai de la Fosse";"47,20889932";" -1,56721683"
"202400005518";"6";"03";"2024";"09:50";"1";"44";"44109";"2";"6";"8";"3";"13 Rue Gaëtan Rondeau";"47,20678936";" -1,53329691"
"202400005519";"1";"03";"2024";"09:45";"1";"44";"44190";"2";"1";"8";"3";"162 Route de Clisson";"47,18931460";" -1,51375981"
"202400005520";"19";"01";"2024";"22:55";"5";"14";"14118";"2";"3";"9";"6";"24 Rue du Blanc";"49,17242193";" -0,38114727"
"202400005521";"1";"03";"2024";"17:10";"1";"44";"44162";"2";"1";"1";"6";"Boulevard Charles De Gaulle";"47,21100000";" -1,62900000"
"202400005522";"7";"01";"2024";"06:35";"5";"75";"75120";"2";"3";"1";"2";"RUE DU COMMANDANT L HERMINIER";"48,84793900";"2,41614600"
"202400005523";"20";"03";"2024";"09:50";"1";"974";"97411";"2";"2";"1";"6";"MANES (RUE EDOUARD)";" -20,89530000";"55,49660000"
"202400005524";"20";"03";"2024";"07:25";"1";"974";"97411";"2";"1";"1";"6";"BOIS DE NEFLES (ROUTE DE)";" -20,89900000";"55,47587000"
"202400005525";"20";"03";"2024";"16:50";"1";"69";"69383";"2";"2";"1";"6";"57 Cours Eugénie";"45,74442000";"4,88782000"
"202400005526";"20";"03";"2024";"20:30";"5";"69";"69389";"2";"3";"1";"3";"Rue Marietton";"45,77497000";"4,80806000"
"202400005527";"8";"07";"2024";"10:21";"1";"91";"91345";"1";"1";"1";"5";"AUTOROUTE A6";"48,68856000";"2,32483000"
"202400005528";"20";"03";"2024";"08:44";"1";100;100037";"2";"1";"1";"4";"TOUTES RUES";"42,61000000";"9,41000000"