"Num_Acc";"jour";"mois";"an";"hrmn";"lum";"dep";"com";"agg";"int";"atm";"col";"adr";"lat";"long"
"202400005689";"8";"07";"2024";"19:56";"1";"62";"62773";"1";"1";"8";"7";"D52";"50,63626111";"1,77467121"
"202400005690";"20";"03";"2024";"20:22";"3";"82";"82156";"1";"9";"2";"6";"D15";"43,99393400";"0,98241800"
"202400005691";"6";"07";"2024";"14:14";"1";"56";"56101";"1";"1";"1";"7";"Le Faouët Bodery";"47,86862500";" -3,06754600"
"202400005692";"20";"03";"2024";"16:40";"1";"71";"71367";"1";"1";"1";"5";"RD 678";"46,63930100";"5,28429000"
"202400005693";"8";"07";"2024";"09:20";"1";"69";"69248";"1";"1";"1";"6";"1100 Route de la Montagne (Marnand)";"46,03927090";"4,32703395"
"202400005694";"21";"03";"2024";"12:55";"1";"49";"49215";"1";"2";"1";"3";"D347";"47,10184900";" -0,09840500"
"202400005695";"20";"03";"2024";"17:00";"1";"12";"12286";"1";"1";"1";"6";"LE PONT DE LA BOURSE";"43,90951900";"2,74696800"
"202400005696";"18";"06";"2024";"21:24";"2";"69";"69066";"2";"3";"1";"3";"Rue Georges Clémenceau";"46,10037200";"4,32233200"
"202400005697";"20";"03";"2024";"15:30";"1";"47";"47306";"1";"1";"1";"6";"route de castelmoron";"44,38005790";"0,50046685"
"202400005698";"8";"07";"2024";"18:26";"1";"71";"71263";"2";"3";"1";"5";"Rue de Gruay";"46,63566400";"5,21251600"
"202400005699";"20";"03";"2024";"17:00";"1";"68";"68018";"1";"3";"1";"1";"D103";"47,65925100";"7,15809700"
"202400005700";"8";"07";"2024";"19:55";"2";"71";"71162";"2";"3";"1";"3";"Rue de la Côte";"46,98009400";"4,34736300"
"202400005701";"6";"07";"2024";"22:45";"3";"71";"71014";"1";"1";"1";"7";"Route de Saint Denis";"46,97169100";"4,32932700"
"202400005702";"21";"03";"2024";"09:00";"1";"35";"35327";"1";"1";"1";"2";"N157";"48,10326200";" -1,46134300"
"202400005703";"8";"07";"2024";"09:45";"1";"89";"89025";"2";"1";"1";"6";"rue Carnot";"47,49239700";"3,90830600"
"202400005704";"19";"03";"2024";"19:50";"3";"35";"35023";"1";"1";"1";"1";"D62";"48,15609965";" -1,96922824"
"202400005705";"7";"07";"2024";"16:45";"1";"89";"89419";"1";"1";"1";"1";"D965";"47,73880000";"3,33320000"
"202400005706";"18";"03";"2024";"19:40";"4";"38";"38144";"1";"4";"1";"5";"D53";"45,58049600";"5,06309900"
"202400005707";"7";"07";"2024";"21:25";"2";"76";"76374";"2";"6";"1";"3";"rue Jules Verne";"50,01568200";"1,49813400"
"202400005708";"21";"03";"2024";"16:20";"1";"03";"03188";"1";"3";"1";"1";"D987";"46,28859600";"3,25363800"
"202400005709";"7";"07";"2024";"03:52";"3";"49";"49002";"1";"3";"1";"6";"Route du Gue de Louet";"47,33403700";"0,02748800"
"202400005710";"19";"03";"2024";"10:30";"1";"58";"58082";"1";"1";"1";"7";"D161";"47,12116900";"3,93145900"
"202400005711";"7";"07";"2024";"08:30";"2";"29";"29250";"1";"1";"1";"6";"D769";"48,22186042";" -3,58747250"
"202400005712";"19";"03";"2024";"18:20";"1";"66";"66015";"2";"1";"1";"7";"N/A";"42,56246200";"2,87840700"
"202400005713";"25";"06";"2024";"08:15";"1";"38";"38029";"2";"1";"1";"6";"97 Rue des Canuts";"45,57889200";"5,52652800"
"202400005714";"7";"07";"2024";"17:30";"1";"02";"02185";"1";"1";"1";"7";"D11";"49,12660600";"3,18000600"
"202400005715";"7";"07";"2024";"20:00";"1";"03";"03089";"1";"1";"1";"6";"Chemin des trois virons";"46,21678300";"3,00654200"
"202400005716";"21";"03";"2024";"12:15";"1";"06";"06153";"2";"1";"1";"5";"Saint-Dalmas";"44,06649300";"7,20221400"
"202400005717";"7";"07";"2024";"16:05";"1";"01";"01147";"2";"1";"1";"7";"Route de la Bresse";"46,41891100";"5,29353300"
"202400005718";"8";"07";"2024";"15:50";"1";"26";"26112";"1";"1";"1";"3";"1635 Route des Alpes";"44,38789100";"5,23160000"
"202400005719";"6";"07";"2024";"17:15";"1";"58";"58039";"2";"1";"1";"3";"Route Buissonniére";"47,42073400";"3,60570400"
"202400005720";"6";"07";"2024";"16:18";"1";"14";"14578";"1";"3";"1";"3";"Route de Trouville";"49,35542100";"0,17082200"
"202400005721";"8";"07";"2024";"12:35";"1";"05";"05184";"1";"1";"1";"2";"D1085";"44,40596400";"5,96094100"
"202400005722";"8";"07";"2024";"10:00";"1";"50";"50615";"2";"1";"2";"1";"Boulevard de Verdun";"49,50765200";" -1,46619700"
"202400005723";"7";"07";"2024";"16:00";"1";"16";"16339";"1";"1";"1";"1";"N/A";"45,82084000";" -0,11592500"
"202400005724";"7";"07";"2024";"11:30";"1";"04";"04166";"2";"9";"1";"6";"Chemin de la Rouguière";"43,81581800";"6,09692900"
"202400005725";"7";"07";"2024";"17:22";"1";"37";"37064";"1";"2";"1";"3";"D366";"46,87514200";"0,87557200"
"202400005726";"7";"07";"2024";"12:10";"1";"48";"48086";"1";"1";"1";"1";"D906";"44,63374200";"3,89272200"
"202400005727";"8";"07";"2024";"12:20";"1";"34";"34333";"1";"9";"1";"2";"D612";"43,49177100";"3,77451200"
"202400005728";"8";"07";"2024";"12:33";"1";"82";"82037";"1";"1";"7";"6";"PK 398+200 - A20";"44,14251985";"1,50102192"
"202400005729";"1";"07";"2024";"16:00";"1";"91";"91085";"1";"1";"1";"2";"le Bas de Torfou";"48,54696800";"2,21576200"
"202400005730";"7";"07";"2024";"01:00";"3";"31";"31036";"1";"1";"2";"1";"Route de Revel";"43,53150800";"1,57574400"
"202400005731";"8";"07";"2024";"00:15";"3";"13";"13087";"1";"1";"1";"1";"lieu dit la bégude - D7N";"43,48914800";"5,63099700"
"202400005732";"7";"07";"2024";"18:30";"1";"45";"45119";"1";"1";"1";"1";"D2152";"48,15446300";"2,22775700"
"202400005733";"25";"06";"2024";"07:55";"1";"45";"45254";"2";"1";"1";"3";"Allée de Vieux Cours";"47,66741000";"2,60837300"
"202400005734";"7";"07";"2024";"05:20";"2";"77";"77364";"1";"1";"1";"7";"D27";"49,00753200";"2,77234400"
"202400005735";"8";"07";"2024";"12:35";"1";101;101247";"1";"1";"1";"3";"D368";"41,64080700";"9,22374000"
"202400005736";"8";"07";"2024";"01:08";"5";"66";"66037";"2";"9";"1";"6";"Boulevard de la Cote Radieuse";"42,67882400";"3,03121500"
"202400005737";"8";"07";"2024";"19:15";"1";"83";"83065";"1";"1";"1";"3";"Route Departementale 98a";"43,26160100";"6,59695200"
"202400005738";"7";"07";"2024";"20:31";"1";"13";"13119";"2";"1";"1";"3";"Boulevard du Marechal Juin";"43,25595200";"5,56623800"
"202400005739";"8";"07";"2024";"08:50";"1";"57";"57348";"2";"1";"1";"7";"2 Rue de la Gare";"49,10590500";"7,00332800"
"202400005740";"4";"07";"2024";"19:15";"1";"73";"73178";"1";"1";"1";"7";"D61 Route de la Motte";"45,72872778";"6,13000004"
"202400005741";"7";"07";"2024";"16:46";"1";"69";"69019";"1";"1";"1";"6";"Route du Pizay";"46,13005100";"4,72609000"
"202400005742";"6";"07";"2024";"12:20";"1";"65";"65123";"1";"1";"2";"6";"1154 rte des 2 cols";"43,00345500";"0,19253900"
"202400005743";"8";"07";"2024";"09:30";"1";"17";"17155";"2";"5";"7";"6";"Rue Charles Hérve";"45,73211600";" -1,09890100"
"202400005744";"7";"07";"2024";"17:20";"1";"27";"27279";"2";"2";"1";"3";"Route de la Roche Guyon";"49,08407300";"1,61206100"
"202400005745";"6";"07";"2024";"11:30";"1";"62";"62201";"2";"4";"1";"1";"Rue de l’Eglise";"50,56223140";"1,61739564"
"202400005746";"15";"09";"2024";"00:01";"3";"38";"38442";"1";"1";"1";"6";"447 Route du Col de Porte";"45,33576300";"5,80727800"
"202400005747";"30";"06";"2024";"07:03";"1";"59";"59401";"1";"1";"1";"1";"Route du Mont des Cats";"50,77477400";"2,66274000"
"202400005748";"15";"09";"2024";"17:05";"1";"26";"26235";"2";"6";"6";"2";"D59";"44,36016800";"4,69562500"
"202400005749";"6";"07";"2024";"00:31";"3";"13";"13005";"1";"1";"1";"2";"A50-Sens Aubagne vers Marseille";"43,28848507";"5,54834252"
"202400005750";"6";"07";"2024";"03:45";"3";"69";"69152";"1";"1";"1";"2";"Route de Métropole 7";"45,71187000";"4,82428000"
"202400005751";"16";"09";"2024";"12:10";"1";"69";"69171";"1";"1";"1";"5";"Route Départementale 389";"45,82031579";"4,60559912"
"202400005752";"7";"07";"2024";"04:35";"3";"42";"42218";"1";"1";"1";"6";"RN88";"45,43468702";"4,43040383"
"202400005753";"15";"09";"2024";"16:40";"1";"19";"19211";"2";"1";"1";"1";"D1089";"45,18169991";"1,63784553"
"202400005754";"7";"07";"2024";"16:30";"1";"91";"91521";"1";"1";"1";"4";"AUTOROUTE A6";"48,64142590";"2,39297032"
"202400005755";"21";"08";"2024";"08:41";"2";"72";"72244";"2";"7";"1";"6";"Place Saint Pierre";"47,76635900";" -0,32476200"
"202400005756";"7";"07";"2024";"13:05";"1";"91";"91228";"1";"1";"1";"4";"AUTOROUTE A6";"48,62087000";"2,42492000"
"202400005757";"14";"09";"2024";"15:20";"1";"72";"72154";"1";"2";"1";"3";"Avenue Charles de Gaulle";"47,68558600";" -0,07844400"
"202400005758";"7";"07";"2024";"09:45";"1";"77";"77384";"1";"1";"1";"6";"AUTOROUTE A5A";"48,59439700";"2,63736500"
"202400005759";"7";"07";"2024";"08:40";"1";"91";"91363";"1";"1";"1";"7";"RN 104";"48,63401000";"2,21953000"
"202400005760";"16";"09";"2024";"15:15";"1";"27";"27436";"1";"1";"1";"2";"D140";"48,91738100";"1,00982000"
"202400005761";"16";"09";"2024";"18:50";"1";"33";"33281";"1";"1";"1";"2";"N/A";"44,82002000";" -0,67366000"
"202400005762";"7";"07";"2024";"02:50";"3";"91";"91347";"1";"1";"1";"3";"RN 104";"48,62216000";"2,28501000"
"202400005763";"6";"07";"2024";"17:00";"1";"78";"78158";"1";"1";"1";"2";"A13";"48,84007000";"2,11562000"
"202400005764";"13";"09";"2024";"08:30";"1";"59";"59560";"1";"1";"1";"6";"AUTOROUTE A1";"50,52478000";"3,04209000"
"202400005765";"13";"09";"2024";"07:50";"2";"59";"59532";"1";"1";"3";"2";"AUTOROUTE A16";"50,95870000";"2,16269000"
"202400005766";"7";"07";"2024";"18:10";"1";"93";"93078";"1";"1";"1";"4";"A104";"48,96165006";"2,54513860"
"202400005767";"15";"09";"2024";"23:20";"3";"91";"91235";"1";"1";"1";"3";"RN 104";"48,62594000";"2,35302000"
"202400005768";"6";"07";"2024";"21:45";"1";"93";"93053";"1";"1";"1";"5";"A3";"48,88335910";"2,45795473"
"202400005769";"15";"09";"2024";"22:40";"3";"95";"95675";"1";"1";"1";"6";"A1";"49,05632608";"2,54910176"
"202400005770";"6";"07";"2024";"11:10";"1";"93";"93027";"1";"1";"1";"5";"A86";"48,92581369";"2,39761993"
"202400005771";"15";"09";"2024";"21:15";"3";"93";"93066";"1";"1";"1";"2";"AUTOROUTE A1";"48,90515615";"2,35842786"
"202400005772";"5";"07";"2024";"17:50";"1";"95";"95306";"1";"1";"1";"7";"A15";"49,00273532";"2,17015460"
"202400005773";"15";"09";"2024";"17:45";"1";"93";"93078";"1";"1";"1";"2";"AUTOROUTE A104";"48,96300436";"2,52239723"
"202400005774";"7";"07";"2024";"06:00";"2";"77";"77175";"1";"1";"1";"2";"RN104";"48,66552200";"2,61293300"
"202400005775";"14";"09";"2024";"23:00";"4";"93";"93010";"1";"1";"1";"6";"AUTOROUTE A3";"48,89094081";"2,47316485"
"202400005776";"14";"09";"2024";"21:20";"3";"93";"93078";"1";"1";"1";"2";"AUTOROUTE A104";"48,96569101";"2,55693444"
"202400005777";"6";"07";"2024";"19:30";"1";"77";"77294";"1";"1";"1";"4";"A104";"48,96729400";"2,60383100"
"202400005778";"14";"09";"2024";"12:00";"1";"93";"93064";"1";"1";"1";"2";"AUTOROUTE A86";"48,87923146";"2,47630036"
"202400005779";"6";"07";"2024";"16:20";"1";"94";"94028";"1";"1";"1";"3";"A86";"48,78495580";"2,44038354"
"202400005780";"13";"09";"2024";"13:15";"1";"93";"93027";"1";"1";"1";"6";"AUTOROUTE A86";"48,92479271";"2,39191890"
"202400005781";"6";"07";"2024";"14:50";"1";"77";"77141";"1";"1";"1";"3";"A4";"48,85336300";"2,83737500"
"202400005782";"7";"08";"2024";"09:25";"1";"93";"93008";"2";"1";"8";"3";"Avenue Paul Vaillant-Couturier";"48,90894648";"2,44997758"
"202400005783";"6";"07";"2024";"14:00";"1";"93";"93051";"1";"1";"1";"5";"A4";"48,83497310";"2,57612997"
"202400005784";"3";"06";"2024";"14:18";"1";"93";"93005";"1";"1";"1";"3";"A3";"48,96017102";"2,47352704"
"202400005785";"3";"07";"2024";"20:40";"5";"974";"97407";"2";"9";"1";"3";"VERDUN (BOULEVARD)";" -20,93942000";"55,29581000"
"202400005786";"28";"04";"2024";"19:00";"1";"93";"93027";"2";"2";"8";"1";"Rue Pierre Curie / Boulevard Pasteur";"48,92095000";"2,38327000"
"202400005787";"5";"07";"2024";"12:10";"1";"93";"93001";"2";"1";"1";"6";"DANIELLE CASANOVA (RUE)  56 =>";"48,91852100";"2,39269400"
"202400005788";"25";"04";"2024";"18:15";"1";"93";"93079";"2";"1";"1";"1";"Route de Saint-Leu";"48,95204000";"2,33827000"
"202400005789";"30";"06";"2024";"23:06";"5";"44";"44114";"2";"3";"8";"7";"2 Rue de la Brise";"47,25231515";" -1,57647103"
"202400005790";"6";"07";"2024";"02:55";"5";"976";"97611";"2";"1";"1";"7";"convalescence/vetivers-Seize Villas ( ru";" -12,78003000";"45,22394000"
"202400005791";"21";"04";"2024";"14:40";"1";"93";"93079";"2";"1";"1";"3";"Rue Maurice Paillard";"48,95490000";"2,34654000"
"202400005792";"5";"07";"2024";"14:00";"1";"974";"97416";"2";"1";"1";"6";"HAVRE (RUE DU)";" -21,34017000";"55,46380000"
"202400005793";"20";"04";"2024";"16:15";"1";"93";"93079";"2";"3";"1";"3";"Route de Saint-Leu / Rue des Berceaux";"48,95001000";"2,34102000"
"202400005794";"5";"07";"2024";"08:00";"1";"974";"97416";"1";"1";"1";"3";"RN02";" -21,35362000";"55,51272000"
"202400005795";"6";"07";"2024";"06:20";"1";"974";"97411";"2";"1";"1";"7";"JAURES (BOULEVARD JEAN)";" -20,88995000";"55,46192000"
"202400005796";"21";"04";"2024";"18:20";"1";"93";"93079";"2";"1";"1";"6";"Avenue Jean Jaurès";"48,96407000";"2,34926000"
"202400005797";"5";"07";"2024";"19:00";"5";"974";"97407";"2";"1";"1";"3";"CARPAYE(AVENUE)";" -20,94667000";"55,29870000"
"202400005798";"30";"04";"2024";"14:50";"1";"93";"93027";"2";"2";"1";"3";"Rue Jean-Pierre Timbaud / Avenue Paul Vaillant-Couturier";"48,92478700";"2,41504400"
"202400005799";"6";"07";"2024";"23:26";"5";"69";"69386";"2";"2";"1";"3";"Rue Tête d'Or";"45,76950000";"4,85238000"
"202400005800";"19";"04";"2024";"19:00";"1";"93";"93007";"2";"2";"2";"3";"Avenue du 8 Mai 1945 / Rue de l'Abbé Niort";"48,94064300";"2,43119500"
"202400005801";"6";"07";"2024";"18:40";"1";"69";"69387";"2";"1";"2";"6";"Rue Lortet";"45,74282000";"4,83597000"
"202400005802";"5";"07";"2024";"18:10";"1";"69";"69383";"2";"2";"1";"3";"Rue des Cuirassiers";"45,75757000";"4,85643000"
"202400005803";"19";"04";"2024";"09:15";"1";"93";"93072";"2";"2";"1";"2";"Rue Pierre de Geyter / Rue Léon Gonot";"48,95525433";"2,37925351"
"202400005804";"6";"07";"2024";"16:25";"1";"972";"97209";"1";"1";"1";"7";"RN9";"14,60811000";" -61,04229000"
"202400005805";"18";"04";"2024";"19:22";"1";"93";"93031";"2";"1";"1";"3";"Avenue Joffre";"48,95989100";"2,29869500"
"202400005806";"6";"07";"2024";"11:45";"1";"972";"97213";"1";"1";"1";"2";"AUTOROUTE (A1)";"14,61319000";" -61,00248000"
"202400005807";"6";"07";"2024";"16:15";"1";101;101004";"2";"1";"1";"6";"CASALONGA SERGENT  RUE DU";"41,92011000";"8,73475000"
"202400005808";"16";"04";"2024";"21:25";"5";"93";"93013";"2";"1";"1";"3";"Avenue de la Division Leclerc";"48,93247000";"2,42305000"
"202400005809";"6";"07";"2024";"20:20";"1";"95";"95268";"1";"1";"1";"3";"D84";"48,96585166";"2,40854766"
"202400005810";"6";"07";"2024";"18:45";"1";"91";"91549";"2";"1";"1";"6";"LA FAYETTE (RUE)";"48,64970000";"2,32920000"
"202400005811";"16";"04";"2024";"16:25";"1";"93";"93027";"2";"3";"1";"3";"Rue du 17 Octobre 1961 / Rue Renoir";"48,92734334";"2,37678587"
"202400005812";"6";"07";"2024";"00:27";"5";"91";"91691";"2";"6";"1";"2";"ROND POINT DU QUEBEC";"48,70699000";"2,49601000"
"202400005813";"16";"04";"2024";"10:05";"1";"93";"93027";"2";"1";"1";"6";"Avenue Roger Salengro";"48,93201000";"2,38638000"
"202400005814";"6";"07";"2024";"18:30";"1";"91";"91589";"2";"2";"1";"6";"RUE DES COQUELICOTS";"48,68340000";"2,33744000"
"202400005815";"11";"04";"2024";"20:00";"2";"93";"93027";"2";"9";"1";"6";"Rue de la Convention / Boulevard Pasteur";"48,92949000";"2,38592000"
"202400005816";"11";"04";"2024";"12:20";"1";"93";"93030";"2";"1";"1";"6";"Avenue du 8 Mai 1945";"48,95329975";"2,44293451"
"202400005817";"5";"07";"2024";"19:15";"1";"84";"84080";"2";"1";"1";"2";"DAMPEINE BOULEVARD COMMANDANT";"44,03382000";"4,99835000"
"202400005818";"5";"07";"2024";"16:55";"1";"84";"84080";"1";"1";"1";"7";"BEDARRIDES ROUTE DE";"44,03472000";"4,94806000"
"202400005819";"11";"04";"2024";"11:40";"1";"93";"93027";"2";"1";"1";"2";"Rue de la Convention";"48,92660000";"2,39521000"
"202400005820";"6";"07";"2024";"10:09";"1";"83";"83126";"2";"1";"1";"6";"QUATRE SEPTEMBRE (BD DU)";"43,10224214";"5,87550408"
"202400005821";"11";"04";"2024";"11:25";"1";"93";"93013";"2";"1";"1";"3";"Avenue de la Division Leclerc";"48,93217000";"2,42317000"
"202400005822";"5";"07";"2024";"14:35";"1";"81";"81065";"1";"1";"7";"1";"180 Chemin du Pioch de Gaïx";"43,58353450";"2,30885520"
"202400005823";"6";"07";"2024";"09:07";"1";"78";"78551";"2";"1";"2";"6";"MAREIL (RUE ET PLACE DE)";"48,89348100";"2,08831100"
"202400005824";"5";"04";"2024";"15:00";"1";"93";"93031";"2";"3";"1";"2";"Avenue de Lattre de Tassigny / Avenue Salvador Allende";"48,95732200";"2,30990100"
"202400005825";"6";"07";"2024";"13:40";"1";"77";"77058";"2";"1";"1";"2";"KONRAD ADENAUER (RUE)";"48,83809000";"2,70994000"
"202400005826";"4";"04";"2024";"05:00";"5";"93";"93066";"2";"2";"3";"3";"Avenue du Président Wilson / Rue Francis de Pressensé";"48,91816727";"2,35789847"
"202400005827";"1";"04";"2024";"22:00";"5";"93";"93031";"2";"2";"1";"1";"Rue de Marseille / Rue des Carrières";"48,95814300";"2,29384700"
"202400005828";"5";"07";"2024";"17:00";"1";"76";"76540";"2";"3";"1";"2";"Avenue du Mont Riboudet";"49,44900315";"1,06518285"
"202400005829";"6";"07";"2024";"03:15";"5";"76";"76165";"2";"6";"1";"6";"Rue Emile Zola";"49,27991000";"1,02396000"
"202400005830";"29";"03";"2024";"09:18";"1";"93";"93027";"2";"2";"1";"6";"Boulevard Pasteur / Rue de Crèvecoeur";"48,91973434";"2,38269663"
"202400005831";"6";"07";"2024";"13:40";"1";"71";"71306";"2";"3";"3";"6";"DE LATTRE DE TASSIGNY (BLD DU MARECHAL)";"46,67196000";"4,38441000"
"202400005832";"27";"03";"2024";"14:24";"1";"93";"93013";"2";"3";"1";"2";"Avenue de la Division Leclerc / Rue Normandie Niémen";"48,94028189";"2,43089944"
"202400005833";"6";"07";"2024";"11:15";"1";"69";"69029";"2";"9";"8";"2";"Boulevard de l'Université";"45,72505000";"4,92474000"
"202400005834";"26";"03";"2024";"13:28";"1";"93";"93013";"2";"1";"2";"6";"Avenue de la Division Leclerc";"48,93400000";"2,42523000"
"202400005835";"4";"07";"2024";"06:30";"1";"68";"68297";"2";"6";"1";"3";"DE GAULLE ( AVE DU GLE )A PARTIR DES NR";"47,60000000";"7,55000000"
"202400005836";"23";"03";"2024";"22:00";"5";"93";"93027";"2";"2";"2";"2";"Rue de la Convention / Avenue de la République";"48,92809735";"2,39010358"
"202400005837";"5";"07";"2024";"20:35";"1";"64";"64483";"2";"6";"1";"3";"ITHURRALDE ANDRE (AVENUE)";"43,39158000";" -1,65479000"
"202400005838";"20";"03";"2024";"14:30";"1";"93";"93031";"2";"1";"1";"6";"Rue de Paris";"48,95282000";"2,31352000"
"202400005839";"6";"07";"2024";"11:15";"1";"64";"64445";"2";"9";"8";"3";"JEAN MERMOZ";"43,32107000";" -0,37894000"
"202400005840";"20";"03";"2024";"05:00";"5";"93";"93031";"2";"1";"1";"6";"Rue de Paris";"48,95634000";"2,30516000"
"202400005841";"6";"07";"2024";"21:50";"2";"64";"64102";"2";"1";"1";"6";"SAINT FORCET (RUE DE)";"43,48099000";" -1,47733000"
"202400005842";"14";"03";"2024";"14:35";"1";"93";"93027";"2";"3";"1";"3";"Rue Rateau / Rue Voltaire";"48,92491279";"2,40540147"
"202400005843";"6";"07";"2024";"19:12";"1";"64";"64102";"2";"1";"1";"3";"JEAN JAURES (BOULEVARD)";"43,49331000";" -1,46195000"
"202400005844";"14";"03";"2024";"09:05";"1";"93";"93001";"2";"2";"1";"6";"Rue de Saint-Denis / Rue Heurtault";"48,91948425";"2,37803042"
"202400005845";"12";"03";"2024";"19:10";"5";"95";"95210";"2";"1";"1";"6";"ENGHIEN (AVENUE D')";"48,96286200";"2,30442000"
"202400005846";"6";"07";"2024";"00:35";"3";"59";"59152";"2";"2";"1";"3";"LECLERC (AVENUE DU GENERAL)";"50,76201000";"3,00793000"
"202400005847";"12";"03";"2024";"12:30";"1";"93";"93027";"2";"1";"1";"6";"Boulevard Pasteur";"48,92051100";"2,38295700"
"202400005848";"6";"07";"2024";"12:50";"1";"51";"51172";"2";"1";"1";"6";"BLANCS MONTS (RUE)";"49,21654000";"4,05784000"
"202400005849";"28";"03";"2024";"09:45";"1";"93";"93031";"2";"1";"1";"6";"Avenue Joffre";"48,96172000";"2,29522000"