"Num_Acc";"jour";"mois";"an";"hrmn";"lum";"dep";"com";"agg";"int";"atm";"col";"adr";"lat";"long"
"202400005850";"5";"07";"2024";"11:10";"1";"51";"51055";"2";"2";"1";"3";"BUISSON SARAZIN (ALLEE)";"49,27554000";"4,05662000"
"202400005851";"11";"03";"2024";"08:00";"2";"93";"93027";"2";"9";"1";"3";"Avenue Roger Salengro";"48,93793000";"2,38866000"
"202400005852";"6";"07";"2024";"17:10";"1";"49";"49007";"2";"2";"1";"3";"AYRAULT";"47,47723000";" -0,55332000"
"202400005853";"10";"03";"2024";"22:35";"3";"93";"93027";"2";"2";"1";"5";"Rue de la Convention / Avenue de la République";"48,92798000";"2,39052000"
"202400005854";"8";"03";"2024";"16:02";"1";"93";"93027";"2";"9";"1";"3";"Rue Suzanne Masson";"48,92338000";"2,38534000"
"202400005855";"8";"03";"2024";"15:05";"1";"93";"93079";"2";"3";"1";"3";"Route de Saint-Leu / Rue Jules Ferry";"48,95533417";"2,33339041"
"202400005856";"1";"07";"2024";"16:10";"1";"42";"42218";"2";"3";"1";"3";"Boulevard de la Palle";"45,42935930";"4,41096925"
"202400005857";"6";"07";"2024";"13:00";"1";"38";"38185";"2";"1";"8";"2";"MARECHAL FOCH (BOULEVARD)";"45,18119000";"5,72520000"
"202400005858";"26";"06";"2024";"17:30";"1";"38";"38053";"2";"6";"1";"6";"Place du Champ de Mars";"45,59050000";"5,27941000"
"202400005859";"4";"06";"2024";"16:25";"1";"38";"38053";"1";"1";"1";"2";"D1006";"45,60548000";"5,23069000"
"202400005860";"15";"09";"2024";"11:20";"1";"92";"92025";"2";"1";"1";"2";"G.PERI 2 A 192   1 A 247 (RUE)";"48,92104608";"2,24482559"
"202400005861";"6";"07";"2024";"14:50";"1";"38";"38053";"2";"3";"8";"3";"Boulevard F. et I. Joliot Curie";"45,58870000";"5,26259000"
"202400005862";"6";"06";"2024";"05:50";"2";"50";"50517";"1";"1";"1";"2";"pierreville";"49,42038900";" -1,24308600"
"202400005863";"6";"07";"2024";"06:30";"1";"37";"37261";"2";"3";"1";"3";"HEURTELOUP (BOULEVARD)";"47,39129081";"0,69535133"
"202400005864";"15";"09";"2024";"12:00";"1";"974";"97416";"1";"1";"1";"3";"CROIX DE JUBILE (CHEMIN DE LA)";" -21,34220000";"55,48720000"
"202400005865";"6";"07";"2024";"15:05";"1";"35";"35238";"1";"1";"1";"2";"PORTE D'ANGERS";"48,08446000";" -1,64092000"
"202400005866";"14";"09";"2024";"11:15";"1";"974";"97416";"1";"1";"1";"4";"RN1 (ROUTE NATIONALE)";" -21,32783000";"55,45127000"
"202400005867";"6";"07";"2024";"00:45";"5";"34";"34172";"2";"2";"1";"3";"BAUDIN (RUE)";"43,60825000";"3,88242000"
"202400005868";"5";"07";"2024";"17:00";"1";"34";"34198";"1";"1";"1";"3";"D66  VOIE RAPIDE";"43,56534400";"3,95797300"
"202400005869";"7";"07";"2024";"01:45";"5";"31";"31555";"2";"1";"8";"6";"AV LOUIS BAZERQUES";"43,57347000";"1,39461000"
"202400005870";"15";"09";"2024";"20:00";"5";"974";"97411";"2";"5";"8";"3";"LANCASTEL (BOULEVARD)";" -20,87496000";"55,45401000"
"202400005871";"6";"07";"2024";"03:50";"5";"27";"27229";"2";"7";"1";"3";"GRAND CARREFOUR (PLACE DU)";"49,02768700";"1,15039500"
"202400005872";"15";"09";"2024";"12:20";"1";"974";"97411";"2";"2";"1";"3";"LATTRE DE TASSIGNY (AVENUE MARECHAL DE)";" -20,88820000";"55,47410000"
"202400005873";"14";"09";"2024";"15:48";"1";101;101004";"2";"1";"1";"3";"ROUTE DU STILETTO";"41,94792000";"8,77392000"
"202400005874";"6";"07";"2024";"16:39";"1";"22";"22278";"2";"1";"1";"6";"GARE (DE LA)";"48,51028000";" -2,76258000"
"202400005875";"29";"11";"2024";"02:31";"3";"73";"73040";"1";"1";"9";"6";"D902";"45,35556100";"7,02963500"
"202400005876";"5";"07";"2024";"16:10";"1";"21";"21054";"2";"1";"1";"3";"Rue du Faubourg Saint-jean";"47,02215000";"4,84602000"
"202400005877";"15";"09";"2024";"06:15";"2";"95";"95450";"1";"1";"1";"6";"HAUTIL (BOULEVARD DE L')";"49,02486000";"2,06055000"
"202400005878";"28";"11";"2024";"15:00";"1";"26";"26347";"1";"1";"8";"6";"Avenue des Lots";"45,06902493";"4,86572027"
"202400005879";"29";"11";"2024";"15:10";"1";"81";"81011";"1";"1";"1";"4";" 1595 Pesquieyras";"43,73879100";"1,82243400"
"202400005880";"29";"11";"2024";"18:00";"5";"09";"09306";"2";"6";"1";"6";"RouteNationale 20";"42,84539100";"1,60094600"
"202400005881";"14";"09";"2024";"22:40";"5";"91";"91549";"2";"4";"1";"3";"GABRIEL PERI (AVENUE)";"48,64589000";"2,32178000"
"202400005882";"29";"11";"2024";"10:50";"1";"33";"33051";"2";"9";"1";"4";"N/A";"44,64043700";" -0,97379200"
"202400005883";"28";"11";"2024";"17:30";"5";"49";"49023";"2";"6";"2";"3";"Rond point des petites places, beaupreau";"47,21021800";" -0,99700900"
"202400005884";"29";"11";"2024";"18:45";"3";"35";"35287";"1";"1";"1";"3";"D503";"48,61033217";" -2,10199893"
"202400005885";"29";"11";"2024";"00:40";"3";"76";"76718";"2";"1";"1";"6";"D34";"49,60781800";"0,72077400"
"202400005886";"14";"09";"2024";"18:40";"1";"77";"77438";"1";"9";"1";"5";"D934";"48,86659000";"2,67716000"
"202400005887";"28";"11";"2024";"19:45";"5";"60";"60589";"2";"1";"1";"6";"Rue de la Liberte";"49,24327800";"2,46967600"
"202400005888";"15";"09";"2024";"18:00";"1";"69";"69256";"2";"1";"1";"5";"30 Avenue de Böhlen";"45,76538000";"4,92372000"
"202400005889";"28";"11";"2024";"14:10";"1";"13";"13212";"1";"1";"1";"2";"A507 sens Aubagne- Marseille";"43,32094032";"5,42272447"
"202400005890";"15";"09";"2024";"10:59";"1";"64";"64102";"2";"1";"1";"6";"LESPES (QUAI AMIRAL)";"43,49242000";" -1,47371000"
"202400005891";"27";"11";"2024";"23:55";"3";"13";"13117";"1";"1";"1";"2";"A7-Sens Marseille vers Lyon";"43,46662000";"5,23426000"
"202400005892";"15";"09";"2024";"18:30";"2";"62";"62573";"2";"1";"1";"1";"D164";"50,49505000";"2,89690000"
"202400005893";"27";"11";"2024";"11:40";"1";"13";"13005";"1";"1";"1";"3";"A50-Sens Toulon vers Aubagne";"43,27733491";"5,58710982"
"202400005894";"15";"09";"2024";"01:40";"3";"60";"60057";"2";"1";"1";"7";"Rue de Pontoise";"49,40968505";"2,09041178"
"202400005895";"13";"09";"2024";"17:00";"1";"59";"59286";"2";"1";"1";"6";"EGLISE CONTOUR DE L";"50,60771000";"2,98703000"
"202400005896";"27";"11";"2024";"17:40";"5";"83";"83137";"1";"1";"1";"5";"A57";"43,12213051";"5,95580131"
"202400005897";"27";"11";"2024";"17:20";"2";"69";"69259";"1";"9";"1";"3";"Route Départementale 301";"45,68358948";"4,88298590"
"202400005898";"15";"09";"2024";"13:10";"1";"58";"58194";"2";"3";"1";"3";"TROIS CARREAUX";"46,99236000";"3,16279000"
"202400005899";"28";"11";"2024";"20:15";"4";"33";"33397";"1";"1";"1";"2";"N/A";"44,91016200";" -0,48782200"
"202400005900";"25";"11";"2024";"19:15";"3";"33";"33063";"1";"1";"1";"2";"N/A";"44,88706100";" -0,57101600"
"202400005901";"13";"09";"2024";"16:50";"1";"51";"51230";"2";"9";"1";"6";"BOURGEOIS (PLACE LEON)";"49,04603000";"3,95470000"
"202400005902";"28";"11";"2024";"08:40";"1";"94";"94034";"1";"1";"1";"3";"A6B";"48,75573207";"2,33422362"
"202400005903";"15";"09";"2024";"15:10";"1";"45";"45147";"2";"3";"1";"3";"D920 PR 1 + 833";"47,92114000";"1,89792700"
"202400005904";"27";"11";"2024";"18:29";"5";"78";"78321";"1";"1";"8";"4";"RN12 INT";"48,79815200";"1,91302100"
"202400005905";"27";"11";"2024";"19:20";"3";"78";"78217";"1";"1";"8";"2";"A13";"48,96295000";"1,83534000"
"202400005906";"27";"11";"2024";"17:30";"5";"92";"92050";"1";"1";"3";"2";"A14";"48,89847128";"2,21701091"
"202400005907";"15";"09";"2024";"22:15";"5";"33";"33522";"2";"3";"1";"3";"N/A";"44,79620000";" -0,59235000"
"202400005908";"27";"11";"2024";"08:21";"1";"92";"92072";"1";"1";"2";"2";"N118";"48,82128224";"2,21946107"
"202400005909";"28";"11";"2024";"19:00";"3";"93";"93010";"1";"1";"1";"2";"AUTOROUTE A3";"48,90653393";"2,47247712"
"202400005910";"15";"09";"2024";"12:40";"1";"33";"33063";"2";"2";"1";"6";"N/A";"44,86459000";" -0,56372000"
"202400005911";"28";"11";"2024";"15:45";"1";"93";"93010";"1";"9";"1";"3";"AUTOROUTE A3";"48,90059002";"2,46986417"
"202400005912";"28";"11";"2024";"12:45";"1";"93";"93013";"1";"1";"1";"2";"AUTOROUTE A1";"48,94131163";"2,42816534"
"202400005913";"15";"09";"2024";"07:35";"1";"31";"31555";"2";"1";"1";"3";"FOULQUES (ALLEE DES)";"43,65354000";"1,42067000"
"202400005914";"15";"09";"2024";"02:49";"3";"31";"31555";"2";"9";"1";"2";"VA007342 LA CEPIERE  A620 Sortie 27";"43,60073000";"1,39790000"
"202400005915";"28";"11";"2024";"10:30";"1";"95";"95018";"1";"1";"1";"4";"A15";"48,95858710";"2,27405291"
"202400005916";"15";"09";"2024";"09:50";"1";"22";"22113";"2";"9";"1";"7";"SAINT MARC (RUE DE)";"48,73640000";" -3,44450000"
"202400005917";"27";"11";"2024";"06:40";"2";"93";"93029";"1";"1";"1";"2";"AUTOROUTE A86";"48,91782322";"2,42890514"
"202400005918";"14";"09";"2024";"14:20";"1";"22";"22113";"1";"1";"1";"3";"TREGASTEL (ROUTE DE)";"48,76186000";" -3,47132000"
"202400005919";"28";"11";"2024";"08:15";"1";"94";"94028";"1";"1";"1";"4";"A86";"48,77636200";"2,43325400"
"202400005920";"15";"09";"2024";"05:00";"5";"13";"13102";"2";"1";"1";"3";"RENE CAILLOUX";"43,42300000";"5,23500000"
"202400005921";"28";"06";"2024";"08:30";"1";"93";"93063";"2";"3";"1";"6";"Rue Normandie Niemen / Sente Giraud";"48,88285955";"2,42820382"
"202400005922";"14";"09";"2024";"19:35";"1";"13";"13028";"2";"6";"1";"3";"CD 141 ( CH PUITS DE BRUNET)";"43,18787000";"5,60225000"
"202400005923";"15";"09";"2024";"16:25";"1";"13";"13005";"2";"1";"1";"1";"PLANQUE (CHEMIN DE LA)";"43,29000000";"5,57000000"
"202400005924";"23";"06";"2024";"03:11";"5";"93";"93006";"2";"3";"1";"3";"Rue Pierre Brossolette / Rue Lucien Sampaix";"48,87036000";"2,42701000"
"202400005925";"15";"09";"2024";"21:45";"5";"06";"06088";"2";"1";"1";"6";"45 Boulevard de l'Ariane";"43,73453050";"7,29389390"
"202400005926";"14";"09";"2024";"16:00";"1";"06";"06029";"2";"1";"1";"6";"15 Avenue des Buissons Ardents";"43,55725700";"6,96186600"
"202400005927";"15";"09";"2024";"10:40";"1";"04";"04112";"2";"2";"1";"3";"BRET (BD. M.)";"43,83812000";"5,78036000"
"202400005928";"13";"09";"2024";"16:40";"1";"03";"03185";"2";"6";"1";"6";"Rue Pierre Semard";"46,33124000";"2,60047000"
"202400005929";"16";"06";"2024";"21:30";"5";"93";"93063";"2";"3";"2";"3";"Rue de la République / Rue Pierre Curie";"48,87984000";"2,43527000"
"202400005930";"15";"09";"2024";"19:10";"1";"75";"75119";"2";"2";"1";"5";"AVENUE RENE FONCK";"48,87817300";"2,40937500"
"202400005931";"15";"09";"2024";"03:30";"5";"75";"75118";"2";"1";"1";"2";"RUE MARX DORMOY";"48,88842400";"2,35988400"
"202400005932";"10";"09";"2024";"14:10";"1";"75";"75116";"2";"7";"1";"3";"PLACE DE COLOMBIE";"48,86320100";"2,26826400"
"202400005933";"12";"06";"2024";"08:22";"1";"93";"93063";"2";"1";"1";"3";"Rue Marcel Ethis";"48,87713000";"2,44275000"
"202400005934";"15";"09";"2024";"18:35";"1";"75";"75115";"2";"2";"1";"6";"QUAI ANDRE CITROEN";"48,84606210";"2,27697551"
"202400005935";"13";"09";"2024";"13:00";"1";"75";"75115";"2";"2";"1";"6";"RUE DE LA CONVENTION";"48,84310400";"2,28347000"
"202400005936";"15";"09";"2024";"17:24";"1";"75";"75111";"2";"1";"1";"3";"BOULEVARD VOLTAIRE";"48,86460300";"2,36870900"
"202400005937";"10";"06";"2024";"15:10";"1";"93";"93063";"2";"1";"1";"3";"Rue Gabriel Husson";"48,88281566";"2,43640427"
"202400005938";"15";"09";"2024";"01:35";"5";"75";"75109";"2";"3";"1";"3";"RUE BALLU";"48,88151400";"2,33162300"
"202400005939";"15";"09";"2024";"18:50";"1";"75";"75107";"2";"7";"1";"3";"PLACE DE LA RESISTANCE";"48,86228900";"2,30194100"
"202400005940";"5";"06";"2024";"18:30";"1";"93";"93045";"2";"2";"1";"6";"Rue de Paris / Avenue Waldeck Rousseau";"48,88101600";"2,41999315"
"202400005941";"14";"09";"2024";"10:24";"1";"75";"75107";"2";"1";"1";"3";"BOULEVARD DE LA TOUR MAUBOURG";"48,85442300";"2,30958800"
"202400005942";"27";"11";"2024";"14:25";"1";"974";"97416";"1";"1";"1";"2";"RN 01";" -21,30589478";"55,42926157"
"202400005943";"15";"09";"2024";"11:55";"1";"75";"75104";"2";"2";"1";"7";"RUE DE RIVOLI";"48,85521600";"2,36114500"
"202400005944";"24";"03";"2024";"09:15";"1";"33";"33546";"1";"3";"2";"3";"D670";"44,85477200";" -0,15073500"
"202400005945";"27";"11";"2024";"09:15";"1";"974";"97411";"1";"7";"1";"3";"BONNIER (ALLEE)";" -20,88058732";"55,46000111"
"202400005946";"27";"11";"2024";"20:25";"5";"973";"97302";"2";"1";"1";"6";"DE GAULLE (AVENUE)";"4,93955000";" -52,32870000"
"202400005947";"28";"04";"2024";"03:20";"3";"11";"11106";"1";"1";"1";"6";"D6009";"43,24485900";"3,06449900"
"202400005948";"15";"09";"2024";"21:30";"5";"93";"93005";"2";"6";"1";"4";"JEAN MONET (CARREFOUR)";"48,95476360";"2,51004525"
"202400005949";"28";"04";"2024";"06:45";"2";"11";"11261";"1";"1";"1";"6";"D2113";"43,17915200";"2,66361600"
"202400005950";"28";"11";"2024";"22:45";"5";"69";"69387";"2";"2";"1";"3";"Avenue Berthelot";"45,74777000";"4,83368000"
"202400005951";"15";"09";"2024";"19:50";"1";"93";"93071";"2";"3";"1";"3";"JEAN BAPTISTE (AVENUE)";"48,93374826";"2,53238342"
"202400005952";"28";"04";"2024";"10:30";"1";"71";"71522";"1";"2";"3";"3";"Route de Cuisery";"46,60934100";"4,98708500"
"202400005953";"15";"09";"2024";"19:45";"1";"93";"93066";"2";"1";"1";"2";"""GUESDE JULES (BOULEVARD), NR 7 A 53""";"48,93599924";"2,35001808"
"202400005954";"27";"11";"2024";"17:50";"5";"69";"69386";"2";"3";"1";"6";"Rue Malesherbes";"45,77285000";"4,84212000"
"202400005955";"27";"11";"2024";"18:10";"5";"69";"69383";"2";"1";"1";"6";"Avenue Félix Faure";"45,75313146";"4,85506445"
"202400005956";"28";"04";"2024";"12:38";"1";"89";"89086";"1";"1";"1";"1";"Les Grands Garniers";"47,85161500";"3,04209700"
"202400005957";"15";"09";"2024";"13:16";"1";"93";"93053";"2";"3";"1";"7";"ROSNY (AVENUE DE) N° 56 A 242";"48,89674869";"2,47060272"
"202400005958";"27";"11";"2024";"07:00";"5";"69";"69387";"2";"1";"1";"3";"Rue de Gerland";"45,73734196";"4,83975003"
"202400005959";"15";"09";"2024";"19:40";"1";"93";"93010";"2";"1";"1";"6";"FERDINAND 5RUE CHARLES)";"48,89888519";"2,48651505"
"202400005960";"28";"04";"2024";"00:40";"3";"63";"63430";"1";"1";"8";"6";"Route de Sainte-agathe";"45,84369700";"3,55314400"
"202400005961";"15";"09";"2024";"12:30";"1";"92";"92064";"1";"1";"1";"2";"STADE PRE ST JEAN";"48,83752319";"2,20333971"
"202400005962";"27";"11";"2024";"18:30";"3";"69";"69034";"2";"3";"1";"1";"Avenue Jean Monnet";"45,79046000";"4,83978000"
"202400005963";"28";"04";"2024";"06:00";"2";"55";"55171";"1";"1";"1";"6";"D603";"49,17805176";"5,47487838"
"202400005964";"15";"09";"2024";"21:50";"5";"92";"92026";"2";"1";"1";"3";"MISSION MARCHAND (COTE PAIR)";"48,89948436";"2,23996270"
"202400005965";"27";"11";"2024";"15:15";"1";"69";"69389";"2";"1";"7";"5";"126 Avenue 25ème Régiment des Tirailleurs Sénégalais";"45,78583000";"4,80376000"
"202400005966";"15";"09";"2024";"18:20";"1";"92";"92007";"2";"9";"1";"3";"BRIAND (AVENUE ARISTIDE) N° 100 A 160";"48,79677955";"2,32198477"
"202400005967";"28";"04";"2024";"16:05";"1";"49";"49003";"1";"1";"1";"6";"D761";"47,27979600";" -0,34674200"
"202400005968";"27";"11";"2024";"07:55";"1";"69";"69389";"2";"3";"1";"3";"Rue Joannès Carret";"45,79114000";"4,81520000"
"202400005969";"14";"09";"2024";"19:45";"1";"92";"92004";"2";"1";"1";"6";"MARNE   ( AVENUE DE LA )";"48,90879131";"2,28512987"
"202400005970";"26";"11";"2024";"08:50";"1";"971";"97101";"1";"1";"1";"6";"RN11";"16,27223000";" -61,54581000"
"202400005971";"27";"04";"2024";"15:30";"1";"49";"49307";"1";"1";"2";"7";"Rue des Ruettes";"47,42522000";" -0,37768700"
"202400005972";"15";"09";"2024";"10:40";"1";"43";"43040";"1";"1";"1";"1";"Combe Franche";"45,28093400";"3,39632000"
"202400005973";"27";"11";"2024";"12:09";"1";101;101004";"2";"1";"1";"6";"1 Rue Jean Baptiste Marcaggi";"41,92369000";"8,73918000"
"202400005974";"22";"04";"2024";"09:15";"1";"34";"34150";"1";"1";"6";"1";"D51";"43,34649600";"3,50663400"
"202400005975";"27";"11";"2024";"08:15";"1";"91";"91425";"2";"1";"2";"3";"RUE DES BOURGUIGNONS";"48,64657000";"2,27405000"
"202400005976";"28";"04";"2024";"16:30";"1";"25";"25240";"1";"1";"3";"6";"D461";"47,04898100";"6,64212000"
"202400005977";"14";"09";"2024";"12:15";"1";"43";"43040";"2";"3";"1";"5";"Avenue Leon Blum";"45,29090598";"3,38524430"
"202400005978";"15";"09";"2024";"15:00";"1";101;101357";"1";"1";"1";"6";"D69";"41,73833600";"9,05809900"
"202400005979";"27";"04";"2024";"16:05";"1";"29";"29010";"2";"1";"1";"7";"Route du Parcou";"48,51749000";" -4,11545900"
"202400005980";"26";"11";"2024";"08:02";"2";"87";"87085";"2";"1";"1";"6";"LANDOUGE (AVENUE DE)";"45,84119000";"1,20773000"
"202400005981";"13";"09";"2024";"09:20";"1";"31";"31113";"2";"1";"1";"6";"16 Avenue de Toulouse";"43,51601900";"1,49852300"
"202400005982";"28";"04";"2024";"06:15";"2";"29";"29249";"2";"1";"1";"6";"Penn ar Pont";"48,18394723";" -3,81033706"
"202400005983";"26";"04";"2024";"18:55";"1";"29";"29024";"2";"9";"1";"6";"2 Rue Charles le Goff";"48,27429800";" -3,58125000"
"202400005984";"25";"04";"2024";"03:25";"3";"31";"31152";"1";"1";"2";"6";"D6";"43,35040315";"0,89173257"
"202400005985";"15";"09";"2024";"19:45";"2";"13";"13078";"2";"3";"1";"2";"88 Avenue du Port";"43,39163100";"4,80001700"
"202400005986";"28";"04";"2024";"05:23";"3";"31";"31319";"1";"1";"8";"6";"Lieu Dit Rouby";"43,23068800";"1,47609500"
"202400005987";"28";"04";"2024";"06:18";"2";"26";"26172";"1";"1";"8";"7";"415 Route de Moras";"45,31230500";"4,98673300"
"202400005988";"27";"11";"2024";"07:00";"5";"84";"84035";"2";"1";"1";"5";"EUROPE (BOULEVARD DE L')";"43,84527000";"5,04406000"
"202400005989";"16";"09";"2024";"18:00";"1";"83";"83049";"1";"1";"1";"2";"A57 PK 20";"43,23788476";"6,08417903"
"202400005990";"14";"09";"2024";"19:45";"3";"51";"51298";"1";"1";"1";"7";"D23";"49,02340500";"3,71672600"
"202400005991";"28";"04";"2024";"02:00";"3";"50";"50364";"1";"1";"3";"6";"Le Haut Bingard";"49,13376400";" -1,50345300"
"202400005992";"27";"11";"2024";"09:30";"1";"83";"83062";"2";"1";"7";"4";"PAIX (AVENUE DE LA)";"43,12558000";"6,00499000"
"202400005993";"14";"09";"2024";"17:35";"1";"26";"26005";"1";"1";"6";"7";"A7";"44,51501000";"4,78165600"
"202400005994";"26";"11";"2024";"18:35";"5";"83";"83034";"1";"1";"1";"6";"RUE DES 3 PINS";"43,10074447";"6,06019056"
"202400005995";"13";"09";"2024";"19:00";"3";"974";"97410";"2";"1";"1";"7";"29 Route de Takamaka";" -21,04593400";"55,66188800"
"202400005996";"28";"04";"2024";"15:00";"1";"10";"10323";"2";"1";"1";"6";"Rue Aristide Briand";"48,51005600";"3,72812500"
"202400005997";"27";"11";"2024";"14:30";"1";"81";"81163";"2";"1";"1";"6";"TOURNIER (ALPHONSE)";"43,49459000";"2,37919000"
"202400005998";"16";"09";"2024";"08:30";"1";"42";"42036";"1";"1";"1";"1";"Montée des Roches";"45,53109146";"4,55382490"
"202400005999";"28";"04";"2024";"05:45";"2";"10";"10233";"1";"1";"6";"6";"D441";"48,51485130";"3,92118573"
"202400006000";"16";"09";"2024";"15:57";"1";"48";"48005";"1";"1";"1";"2";"A75 pk 150+400";"44,59488700";"3,25360500"
"202400006001";"28";"04";"2024";"19:00";"2";"07";"07007";"1";"1";"3";"7";"533";"44,95042852";"4,71680679"
"202400006002";"27";"11";"2024";"09:35";"1";"78";"78208";"2";"6";"2";"3";"LOIRE (ALLEE DE LA)";"48,77216300";"1,95271300"
"202400006003";"14";"09";"2024";"17:50";"1";"21";"21592";"1";"1";"1";"7";"D16";"47,33940400";"4,75654400"
"202400006004";"28";"04";"2024";"11:40";"1";"21";"21336";"1";"1";"8";"6";"D953";"47,85280600";"4,35898700"
"202400006005";"27";"04";"2024";"07:00";"2";"40";"40058";"1";"1";"8";"6";"D626";"44,08671606";" -0,46650213"
"202400006006";"15";"09";"2024";"17:00";"1";"62";"62302";"1";"1";"1";"7";"Rue des Ecoles";"50,58748000";"1,96586000"
"202400006007";"22";"11";"2024";"18:30";"5";"78";"78498";"2";"2";"2";"6";"MEISSONIER AV";"48,92977000";"2,03704000"
"202400006008";"27";"04";"2024";"22:28";"3";"24";"24014";"1";"1";"2";"6";"Route du Sablou";"45,08494302";"1,18731914"
"202400006009";"27";"04";"2024";"13:15";"1";"30";"30182";"2";"1";"1";"6";"Rue Bellevue";"43,85108200";"4,15569100"
"202400006010";"13";"09";"2024";"08:40";"1";"77";"77385";"2";"3";"1";"3";"Carrefour D222 / D204";"48,84937500";"3,23119500"
"202400006011";"27";"04";"2024";"20:50";"3";"88";"88193";"2";"1";"1";"6";"4 Rue de la Sauture";"48,25332000";"7,08588600"
"202400006012";"16";"09";"2024";"14:00";"1";"03";"03100";"1";"1";"1";"6";"A79 PK 70.5";"46,51364800";"3,75187400"
"202400006013";"27";"04";"2024";"23:30";"5";"973";"97309";"2";"1";"2";"6";"Route de Rémire";"4,89282900";" -52,27393600"
"202400006014";"16";"09";"2024";"15:20";"1";"79";"79308";"1";"1";"1";"2";"N/A";"46,36542900";" -0,49390700"
"202400006015";"27";"11";"2024";"08:06";"1";"77";"77085";"2";"1";"2";"3";"JONCHERE (AVENUE DE LA )";"48,86323800";"2,74296700"
"202400006016";"27";"04";"2024";"23:50";"3";"44";"44048";"1";"9";"3";"6";"N/A";"47,35981600";" -1,32273700"
"202400006017";"27";"11";"2024";"07:30";"5";"77";"77312";"2";"1";"2";"7";"RTE DE MARLOTTE";"48,33986110";"2,72930311"
"202400006018";"13";"09";"2024";"16:35";"1";"79";"79119";"1";"3";"1";"1";"N/A";"46,55070600";" -0,47928900"
"202400006019";"27";"04";"2024";"19:30";"5";"987";"98715";"2";"1";"1";"1";"RT1, face parc Outuaraea";" -17,54884100";" -149,59694600"
"202400006020";"28";"04";"2024";"18:35";"1";"06";"06029";"1";"1";"1";"6";"A8 160.900 NORD";"43,55741600";"6,95794500"
"202400006021";"26";"11";"2024";"15:30";"1";"76";"76351";"2";"3";"1";"2";"LOUIS BLANC";"49,50717000";"0,13063000"
"202400006022";"28";"04";"2024";"19:40";"1";"33";"33130";"1";"1";"1";"7";"N/A";"44,49307700";" -0,19775400"
"202400006023";"14";"09";"2024";"07:50";"1";100;100150";"1";"1";"1";"5";"T30";"42,56795300";"8,82382400"
"202400006024";"27";"11";"2024";"19:45";"5";"73";"73065";"2";"2";"1";"3";"D1 MOTTE SERVOLEX (AVENUE DE LA)";"45,58115000";"5,88980000"
"202400006025";"28";"04";"2024";"06:20";"2";"60";"60531";"1";"1";"1";"7";"PK 071+900";"49,44493135";"2,69697992"
"202400006026";"27";"04";"2024";"22:30";"5";"974";"97406";"2";"7";"1";"6";"Rue des Gomenoles";" -21,13543000";"55,62089900"
"202400006027";"27";"11";"2024";"16:10";"1";"73";"73065";"2";"6";"1";"3";"CARTIER (AVENUE DU GENERAL)";"45,57678675";"5,89785397"
"202400006028";"14";"09";"2024";"21:50";"3";"80";"80832";"1";"2";"1";"3";"D941";"50,16711600";"2,01195200"
"202400006029";"27";"04";"2024";"01:20";"3";"971";"97118";"1";"1";"2";"1";"Route de la Traversee";"16,18182900";" -61,68323300"
"202400006030";"16";"09";"2024";"09:15";"1";"81";"81217";"1";"1";"1";"6";"D964";"43,99120300";"1,70461400"
"202400006031";"27";"11";"2024";"21:15";"5";"70";"70550";"2";"6";"1";"2";"LAC (AVENUE)";"47,62584700";"6,13879300"
"202400006032";"27";"04";"2024";"22:15";"3";"77";"77171";"2";"1";"2";"2";"D5d";"48,89419600";"2,80935500"
"202400006033";"15";"09";"2024";"18:30";"1";"11";"11220";"1";"1";"1";"3";"D610";"43,20339300";"2,52030000"
"202400006034";"27";"11";"2024";"17:46";"5";"69";"69259";"2";"1";"1";"3";"Boulevard Irène Joliot Curie";"45,71693000";"4,87756000"
"202400006035";"16";"09";"2024";"03:15";"3";"89";"89125";"1";"1";"1";"1";"N151";"47,58503700";"3,51536800"
"202400006036";"28";"04";"2024";"14:30";"1";"84";"84132";"1";"2";"1";"3";"Route de Fontaine de Vaucluse";"43,90058300";"5,00453500"
"202400006037";"28";"04";"2024";"13:57";"1";"71";"71192";"1";"1";"1";"6";"D297";"46,84684187";"4,14591790"
"202400006038";"27";"11";"2024";"07:00";"5";"69";"69091";"2";"3";"1";"3";"Rue Pierre Sémard";"45,58545899";"4,76294741"
"202400006039";"14";"09";"2024";"09:30";"1";"49";"49323";"1";"3";"1";"3";"Senne";"47,53222700";" -0,49580800"
"202400006040";"28";"04";"2024";"04:10";"3";"68";"68294";"1";"4";"2";"7";"43 La Goutte Saint Blaise";"48,23893700";"7,22642900"
"202400006041";"8";"09";"2024";"06:18";"2";"49";"49323";"1";"6";"1";"6";"D323";"47,50882500";" -0,47106600"
"202400006042";"27";"11";"2024";"07:45";"1";"67";"67043";"2";"3";"1";"3";"BRUMATH (ROUTE DE)";"48,61477000";"7,73261000"
"202400006043";"27";"04";"2024";"16:20";"1";"54";"54368";"1";"1";"8";"2";"D992";"48,52083272";"6,78034544"
"202400006044";"16";"09";"2024";"01:30";"3";"25";"25532";"2";"1";"1";"6";"rue du La saone";"47,22912400";"6,11246500"
"202400006045";"27";"11";"2024";"17:40";"5";"64";"64445";"2";"1";"1";"7";"LEON BERARD";"43,31330000";" -0,36930000"