"Num_Acc";"jour";"mois";"an";"hrmn";"lum";"dep";"com";"agg";"int";"atm";"col";"adr";"lat";"long"
"202400006046";"26";"04";"2024";"12:00";"1";"42";"42129";"1";"1";"2";"1";"945 Route de Saint-appolinard";"45,35685400";"4,67493500"
"202400006047";"16";"09";"2024";"07:55";"1";"44";"44100";"1";"1";"1";"3";"N/A";"47,11375900";" -1,34991600"
"202400006048";"26";"11";"2024";"12:55";"1";"64";"64102";"2";"1";"1";"3";"LACHEPAILLET (ROND POINT DE)";"43,48492000";" -1,48998000"
"202400006049";"28";"04";"2024";"03:00";"3";"38";"38442";"1";"1";"2";"7";"D512";"45,31482700";"5,78376500"
"202400006050";"26";"11";"2024";"07:50";"2";"63";"63103";"1";"3";"1";"3";"RD 227/ rue de la Croix de fer";"45,90915000";"3,08503000"
"202400006051";"15";"09";"2024";"14:40";"1";"44";"44087";"1";"1";"1";"1";"2532 Route de bouin";"46,98599700";" -1,86479900"
"202400006052";"27";"04";"2024";"16:10";"1";"07";"07245";"1";"1";"1";"1";"Route de Lyon";"45,09083100";"4,81817000"
"202400006053";"27";"04";"2024";"17:45";"1";"07";"07245";"1";"1";"1";"2";"Route de Saint Felicien";"45,07582400";"4,77943900"
"202400006054";"31";"08";"2024";"18:10";"1";"29";"29216";"1";"2";"1";"2";"Route de Kelenneg";"47,97349600";" -4,15063900"
"202400006055";"27";"11";"2024";"05:30";"5";"59";"59512";"2";"9";"2";"3";"Boulevard du Général de Gaulle";"50,68766944";"3,17479124"
"202400006056";"27";"04";"2024";"15:40";"1";"69";"69184";"1";"1";"8";"6";"Route de Saint Symphorien sur Coise";"45,60428600";"4,56041200"
"202400006057";"27";"11";"2024";"17:05";"2";"59";"59350";"2";"1";"2";"3";"Rue du Chemin Saint Martin";"50,64100000";"2,97300000"
"202400006058";"28";"04";"2024";"15:40";"1";"65";"65059";"1";"1";"1";"6";"Chemin du Haut des Barrans, 2ème virage en épingle situé entre le numéro 3 et 5,";"43,06890300";"0,16101800"
"202400006059";"19";"08";"2024";"10:25";"1";"31";"31587";"1";"1";"1";"4";"Route de Villemur";"43,78587400";"1,44916500"
"202400006060";"26";"11";"2024";"08:20";"2";"56";"56121";"2";"6";"1";"7";"Rond-point d'Écosse";"47,73578000";" -3,36537000"
"202400006061";"28";"04";"2024";"03:30";"3";"09";"09185";"1";"1";"1";"1";"D624";"43,24256439";"1,66644439"
"202400006062";"15";"09";"2024";"12:00";"1";"84";"84072";"2";"3";"1";"4";"Route de Caromb";"44,06338200";"5,12858700"
"202400006063";"26";"11";"2024";"17:40";"5";"51";"51454";"2";"1";"1";"4";"LAMBERT (BOULEVARD VICTOR)";"49,24225600";"4,04524800"
"202400006064";"15";"09";"2024";"13:00";"1";"66";"66184";"1";"1";"6";"7";"D7";"42,78599737";"2,50289798"
"202400006065";"26";"04";"2024";"19:30";"1";"86";"86274";"1";"2";"1";"2";"D347";"47,07074300";" -0,00145900"
"202400006066";"15";"09";"2024";"14:00";"1";"72";"72346";"1";"1";"1";"6";"Les Hautes Fontenelles";"47,87204236";"0,01710474"
"202400006067";"26";"11";"2024";"15:30";"1";"51";"51454";"2";"2";"1";"3";"PAIX (BOULEVARD DE LA)";"49,25148000";"4,04218000"
"202400006068";"15";"09";"2024";"12:00";"1";"14";"14520";"1";"1";"1";"4";"55 Route des Monceaux";"49,13425500";"0,14842300"
"202400006069";"28";"11";"2024";"01:30";"3";"49";"49099";"1";"6";"1";"7";"ATLANTIQUE (AVENUE DE L')";"47,03603000";" -0,90583000"
"202400006070";"28";"04";"2024";"12:20";"1";"62";"62128";"2";"2";"1";"3";"Rue des Mésanges";"50,31160930";"2,93140179"
"202400006071";"25";"11";"2024";"16:50";"1";"49";"49099";"2";"1";"1";"6";"PORTE BARON (RUE DE LA)";"47,05539000";" -0,87177000"
"202400006072";"15";"09";"2024";"20:07";"2";"05";"05046";"1";"1";"1";"7";"D340";"44,56041584";"6,51233912"
"202400006073";"28";"04";"2024";"08:20";"1";"59";"59044";"1";"1";"6";"6";"50 Rue de Lille";"50,60931700";"3,23286100"
"202400006074";"26";"04";"2024";"20:40";"5";"13";"13202";"1";"1";"1";"7";"Tunnel Joliette Marseille vers Aubagne";"43,30399546";"5,36676618"
"202400006075";"15";"09";"2024";"19:00";"1";"60";"60199";"1";"2";"1";"3";"intersection rd 11 / rd930";"49,61284800";"2,17097700"
"202400006076";"26";"11";"2024";"18:45";"5";"49";"49246";"1";"1";"2";"5";"A87";"47,42842482";" -0,50499020"
"202400006077";"27";"04";"2024";"01:10";"3";"33";"33143";"1";"1";"3";"6";"N/A";"44,95918900";" -0,44653000"
"202400006078";"5";"09";"2024";"22:40";"5";"45";"45062";"2";"1";"1";"6";"8 Route Nationale 20";"47,98920700";"1,88222900"
"202400006079";"26";"11";"2024";"15:15";"1";"49";"49007";"2";"1";"1";"6";"PALLACH";"47,44759000";" -0,55822000"
"202400006080";"27";"04";"2024";"18:25";"1";"91";"91136";"1";"1";"2";"6";"A10 PARIS / RD188 PARIS";"48,71189000";"2,28483000"
"202400006081";"27";"11";"2024";"10:25";"1";"45";"45147";"2";"1";"2";"3";"21 Rue Antonin Magne";"47,93962100";"1,93243500"
"202400006082";"16";"09";"2024";"10:36";"1";"64";"64106";"1";"2";"1";"3";"D242";"43,30680000";" -1,00970400"
"202400006083";"27";"04";"2024";"11:45";"1";"94";"94065";"1";"1";"1";"3";"A86";"48,75508805";"2,34491170"
"202400006084";"25";"11";"2024";"18:10";"5";"42";"42071";"2";"1";"3";"6";"Rue Carnot";"46,03138100";"4,08360000"
"202400006085";"14";"09";"2024";"09:30";"1";"64";"64297";"1";"1";"1";"1";"D933";"43,18349000";" -1,17325700"
"202400006086";"27";"04";"2024";"13:45";"1";"78";"78640";"1";"1";"2";"3";"A86 EXT";"48,77749500";"2,22098500"
"202400006087";"26";"11";"2024";"10:10";"1";"40";"40192";"2";"6";"1";"2";"JUIN (V DU MARECHAL)";"43,90244948";" -0,47979409"
"202400006088";"15";"09";"2024";"02:58";"3";"18";"18080";"1";"1";"1";"7";"N/A";"46,92245400";"2,84935400"
"202400006089";"27";"11";"2024";"20:00";"3";"38";"38516";"2";"1";"1";"6";"AVENUE DE L'OBIOU";"45,19757759";"5,75282335"
"202400006090";"26";"04";"2024";"17:35";"1";"78";"78466";"1";"1";"1";"2";"A13";"48,93274800";"1,97418800"
"202400006091";"16";"09";"2024";"07:48";"1";"10";"10323";"2";"1";"1";"6";"Allée Montesquieu";"48,51684600";"3,71603400"
"202400006092";"27";"11";"2024";"11:55";"1";"37";"37261";"2";"3";"2";"6";"MARCEAU (RUE)";"47,39241000";"0,68544000"
"202400006093";"26";"04";"2024";"20:00";"1";"78";"78640";"1";"1";"1";"2";"N118";"48,77963700";"2,22255200"
"202400006094";"15";"09";"2024";"17:50";"1";"16";"16175";"1";"1";"1";"6";"N/A";"45,55590906";" -0,03879703"
"202400006095";"27";"04";"2024";"09:06";"1";"95";"95572";"1";"1";"1";"6";"N184";"49,03331417";"2,10991981"
"202400006096";"26";"11";"2024";"10:35";"1";"37";"37261";"2";"6";"1";"6";"PARCAY (RUE DE)";"47,41023367";"0,72095391"
"202400006097";"15";"09";"2024";"12:15";"1";"07";"07001";"1";"1";"1";"3";"Route de Mande";"44,89190800";"4,39111900"
"202400006098";"27";"04";"2024";"10:00";"1";"93";"93007";"1";"1";"1";"4";"A1";"48,95037545";"2,44884564"
"202400006099";"27";"11";"2024";"18:15";"5";"35";"35238";"2";"1";"8";"1";"COLOMBIER (BD DU)";"48,10249000";" -1,67990000"
"202400006100";"15";"09";"2024";"16:15";"1";"53";"53185";"2";"6";"1";"3";"Rue Aristide Briand";"48,46250000";" -0,19217500"
"202400006101";"27";"04";"2024";"07:55";"1";"92";"92036";"1";"1";"1";"6";"AUTOROUTE A15";"48,93788866";"2,29766722"
"202400006102";"27";"11";"2024";"12:58";"1";"35";"35238";"2";"1";"2";"2";"Loriettes (Rue des)";"48,08407000";" -1,67855000"
"202400006103";"27";"04";"2024";"07:19";"2";"93";"93027";"1";"1";"2";"6";"A86";"48,92484911";"2,39194036"
"202400006104";"15";"09";"2024";"14:20";"1";"40";"40164";"1";"1";"1";"2";"109 Chemin de Baure";"44,12197600";" -0,29076200"
"202400006105";"27";"11";"2024";"12:20";"1";"33";"33281";"1";"1";"1";"2";"N/A";"44,81135000";" -0,70435000"
"202400006106";"16";"09";"2024";"11:45";"1";"04";"04031";"1";"1";"1";"6";"D8";"43,94505600";"6,12216400"
"202400006107";"27";"11";"2024";"10:10";"1";"33";"33318";"2";"1";"1";"6";"N/A";"44,79824000";" -0,62132000"
"202400006108";"26";"04";"2024";"19:05";"1";"95";"95582";"1";"1";"1";"4";"A15";"48,97031508";"2,24969695"
"202400006109";"14";"09";"2024";"13:30";"1";"85";"85047";"1";"1";"1";"1";"Route de nantes";"46,86144700";" -1,86408100"
"202400006110";"27";"11";"2024";"07:50";"2";"33";"33063";"2";"3";"1";"6";"N/A";"44,86663300";" -0,62372100"
"202400006111";"26";"04";"2024";"18:25";"1";"93";"93066";"1";"1";"1";"2";"A86";"48,92257446";"2,34654665"
"202400006112";"15";"09";"2024";"16:15";"1";"85";"85287";"1";"1";"1";"1";"RD114";"46,69889400";" -0,86291200"
"202400006113";"27";"11";"2024";"07:20";"2";"33";"33318";"2";"1";"1";"3";"N/A";"44,79292000";" -0,70269000"
"202400006114";"26";"04";"2024";"13:00";"1";"95";"95219";"1";"1";"1";"3";"A115";"48,98928807";"2,24393887"
"202400006115";"14";"09";"2024";"20:00";"3";"27";"27232";"1";"2";"1";"3";"D 7";"49,29690000";"1,55303800"
"202400006116";"27";"11";"2024";"17:35";"3";"31";"31555";"1";"1";"1";"4";"A624 (PURPAN)";"43,60576000";"1,39426000"
"202400006117";"12";"09";"2024";"09:30";"1";"23";"23031";"2";"1";"1";"6";"D997";"46,34871100";"2,21456100"
"202400006118";"26";"11";"2024";"18:30";"5";"30";"30007";"2";"1";"1";"7";"CASSIN (RUE RENE)";"44,10962000";"4,10296000"
"202400006119";"26";"02";"2024";"19:50";"5";"64";"64140";"2";"2";"3";"3";"DUVERT (RUE RENE)";"43,52268000";" -1,48932000"
"202400006120";"15";"09";"2024";"15:55";"1";"48";"48127";"1";"1";"1";"6";"D59, coteau des cheyrousses";"44,64016400";"3,47907200"
"202400006121";"24";"11";"2024";"18:40";"5";"29";"29019";"2";"1";"1";"4";"D112";"48,42255903";" -4,47687371"
"202400006122";"19";"02";"2024";"07:54";"2";"64";"64102";"2";"6";"2";"3";"VITAL BIRABEN (AVENUE)";"43,48136000";" -1,48256000"
"202400006123";"27";"11";"2024";"08:05";"2";"28";"28085";"2";"1";"8";"6";"FAUBOURG LA GRAPPE (RUE DU)";"48,44608000";"1,49897000"
"202400006124";"15";"09";"2024";"13:22";"1";"19";"19085";"1";"1";"1";"6";"A89 PK 224.465 sens BORDEAUX-CLERMONT FERRAND";"45,31266100";"1,85396400"
"202400006125";"24";"04";"2024";"23:00";"5";"987";"98735";"2";"1";"1";"6";"REINE POMARE IV (AVENUE)";" -17,54041333";" -149,56980622"
"202400006126";"27";"11";"2024";"21:05";"3";"26";"26339";"1";"1";"1";"6";"RN7 (secteur Nord)";"44,59086244";"4,75167834"
"202400006127";"16";"09";"2024";"17:55";"1";"45";"45061";"1";"1";"1";"6";"A19 PR 58 + 247";"48,05811500";"2,73569200"
"202400006128";"26";"04";"2024";"07:51";"1";"976";"97611";"2";"1";"1";"3";"m'tsapere-Nationale 2 (route)";" -12,79172000";"45,22231000"
"202400006129";"25";"11";"2024";"08:50";"1";"14";"14271";"2";"1";"2";"3";"24 Route d'Harcourt";"49,15234000";" -0,37090000"
"202400006130";"27";"11";"2024";"13:00";"1";"13";"13208";"2";"9";"1";"6";"MICHELET (BOULEVARD)";"43,27009000";"5,39268000"
"202400006131";"16";"09";"2024";"17:45";"1";"06";"06084";"1";"9";"1";"3";"2905 Route de Pégomas";"43,60588200";"6,93519900"
"202400006132";"26";"04";"2024";"18:35";"5";"974";"97416";"2";"3";"1";"3";"MAHATMA GANDHI(RUE)";" -21,33797000";"55,46083000"
"202400006133";"16";"09";"2024";"08:15";"1";"67";"67084";"1";"1";"1";"7";"Bretelle d'insertion D210 vers A35";"48,31581000";"7,48112600"
"202400006134";"27";"11";"2024";"00:35";"5";"13";"13211";"2";"6";"1";"2";"MIREILLE LAUZE (Bd)";"43,28932000";"5,43724000"
"202400006135";"26";"04";"2024";"15:58";"1";"974";"97416";"2";"1";"1";"6";"GAGARINE (RUE YOURI)";" -21,32986568";"55,47926438"
"202400006136";"16";"09";"2024";"07:14";"2";"72";"72198";"1";"1";"1";"2";"A11 PK 174";"48,04186167";"0,14958111"
"202400006137";"25";"04";"2024";"22:55";"3";"974";"97411";"1";"1";"1";"7";"SAINT-BERNARD (CHEMIN DE)";" -20,90346000";"55,40610000"
"202400006138";"26";"11";"2024";"10:16";"1";"07";"07281";"2";"1";"1";"5";"GROSS-UMSTADT (AVENUE DE)";"44,94510000";"4,85551000"
"202400006139";"28";"11";"2024";"00:21";"5";"06";"06088";"1";"4";"1";"6";"pont des abattoirs";"43,71900000";"7,28442000"
"202400006140";"13";"09";"2024";"18:35";"1";"57";"57510";"1";"1";"1";"2";"A4";"49,12900700";"6,26313000"
"202400006141";"24";"04";"2024";"14:00";"1";"974";"97411";"2";"1";"1";"2";"BRASSENS (AVENUE GEORGES)";" -20,90553000";"55,48507000"
"202400006142";"27";"11";"2024";"15:10";"1";"06";"06088";"2";"1";"1";"6";"107 Avenue des Arènes de Cimiez";"43,71744000";"7,27483000"
"202400006143";"8";"09";"2024";"09:30";"1";"33";"33234";"1";"6";"2";"2";"N/A";"44,78471200";" -0,50548900"
"202400006144";"25";"04";"2024";"21:30";"3";"973";"97302";"2";"1";"1";"2";"ZEPHIR (ROCADE)";"4,93585000";" -52,30780000"
"202400006145";"15";"09";"2024";"17:20";"1";"95";"95170";"2";"1";"1";"7";"MAISON BLANCHE (RUE DE LA)";"49,03735450";"1,94591403"
"202400006146";"27";"11";"2024";"18:15";"5";"06";"06069";"2";"1";"1";"3";"45 Avenue Frédéric Mistral";"43,64752370";"6,91862000"
"202400006147";"26";"04";"2024";"05:50";"5";"69";"69387";"2";"2";"2";"3";"Avenue Jean Jaurès";"45,74733000";"4,84307000"
"202400006148";"15";"09";"2024";"18:00";"1";"06";"06077";"1";"1";"1";"1";"771 Chemin des Mounts";"43,86997300";"7,34794400"
"202400006149";"27";"11";"2024";"08:10";"1";"01";"01053";"2";"2";"1";"6";"HERRIOT ( BOULEVARD EDOUARD COTE PAIR)";"46,20967000";"5,22753000"
"202400006150";"26";"04";"2024";"16:00";"1";"972";"97209";"1";"1";"1";"2";"ADHEMAR MODOCK (BOULEVARD)";"14,60746000";" -61,07325000"
"202400006151";"16";"09";"2024";"10:30";"1";"05";"05007";"1";"1";"1";"3";"RD 902 - PR 48+000";"44,71179300";"6,74243000"
"202400006152";"15";"09";"2024";"20:00";"5";"04";"04242";"2";"1";"1";"6";"Chemin des Vignes";"43,88495700";"5,86174200"
"202400006153";"25";"04";"2024";"23:15";"5";"971";"97101";"1";"1";"1";"6";"VIEUX BOURG";"16,24882000";" -61,53118000"
"202400006154";"27";"11";"2024";"19:05";"5";"75";"75120";"2";"3";"2";"6";"RUE DE BAGNOLET";"48,86374500";"2,40769100"
"202400006155";"14";"09";"2024";"08:00";"1";"67";"67411";"1";"1";"1";"7";"Route communale";"48,49598700";"7,40602300"
"202400006156";"14";"09";"2024";"11:17";"1";"57";"57143";"1";"1";"1";"6";"N52";"49,25923300";"6,10038900"
"202400006157";"26";"11";"2024";"20:15";"5";"75";"75120";"2";"1";"1";"3";"RUE D AVRON";"48,85214000";"2,40296300"