"Num_Acc";"jour";"mois";"an";"hrmn";"lum";"dep";"com";"agg";"int";"atm";"col";"adr";"lat";"long"
"202400006623";"16";"11";"2024";"14:30";"1";100;100188";"1";"1";"1";"3";"RD 82";"42,60004000";"9,38103700"
"202400006624";"9";"08";"2024";"08:44";"1";"92";"92050";"2";"5";"1";"3";"VAILLANT COUTURIER PAUL RUE";"48,87867603";"2,21073478"
"202400006625";"7";"02";"2024";"05:40";"5";"51";"51454";"2";"6";"2";"6";"PAIX (BOULEVARD DE LA)";"49,25700300";"4,03936100"
"202400006626";"6";"04";"2024";"16:30";"1";"03";"03310";"2";"1";"1";"6";"Avenue Poincaré";"46,11255000";"3,44089000"
"202400006627";"26";"12";"2024";"10:00";"1";"83";"83054";"1";"1";"1";"3";"N/A";"43,15474500";"6,04183700"
"202400006628";"6";"02";"2024";"14:20";"1";"49";"49007";"2";"1";"1";"3";"ROI RENE BOULEVARD";"47,46663000";" -0,55338000"
"202400006629";"8";"08";"2024";"23:01";"5";"92";"92050";"2";"2";"1";"3";"FAIDHERBE RUE";"48,89730912";"2,19757039"
"202400006630";"19";"11";"2024";"18:10";"5";"23";"23096";"2";"1";"3";"6";"CASSIN (AVENUE RENE)";"46,18025000";"1,87405000"
"202400006631";"6";"02";"2024";"08:30";"1";"49";"49007";"1";"1";"1";"2";"ATLANTIQUE  AVENUE DE L'";"47,46923000";" -0,60116000"
"202400006632";"8";"08";"2024";"10:10";"1";"92";"92050";"2";"2";"1";"3";"JOILIOT CURIE F. ET IRENE AVENUE N°IMPAI";"48,88881004";"2,20320627"
"202400006633";"19";"12";"2024";"15:30";"1";"19";"19019";"2";"3";"8";"6";"Bd Saint Rodolphe de Turenne";"44,97951700";"1,83692400"
"202400006634";"31";"10";"2024";"08:19";"1";"13";"13112";"1";"1";"1";"1";"D55";"43,52432800";"5,24580000"
"202400006635";"7";"02";"2024";"22:54";"5";"45";"45234";"2";"2";"2";"3";"6 Rue du Belneuf";"47,91705000";"1,93966000"
"202400006636";"9";"08";"2024";"12:30";"1";"92";"92044";"2";"3";"1";"3";"PDT WILSON(RUE)133A149 ET 132A144";"48,89958338";"2,28395802"
"202400006637";"7";"02";"2024";"19:30";"5";"44";"44190";"2";"6";"2";"2";"Boulevard des Pas Enchantés";"47,20479000";" -1,52354000"
"202400006638";"9";"08";"2024";"17:00";"1";"92";"92025";"2";"3";"7";"3";"PROGRES (RUE DU)";"48,92925863";"2,26401511"
"202400006639";"3";"10";"2024";"14:30";"1";"13";"13071";"1";"1";"1";"4";"A7-Sens Marseille vers Lyon";"43,41018000";"5,28500000"
"202400006640";"9";"08";"2024";"16:30";"1";"92";"92024";"2";"1";"1";"7";"JEAN JAURES (BD) DE (1 A 45)   (2 A 54)";"48,89796294";"2,30789289"
"202400006641";"17";"11";"2024";"13:58";"1";"14";"14085";"1";"1";"1";"6";"Route de Beuzeville";"49,27599500";"0,34534000"
"202400006642";"7";"02";"2024";"09:15";"1";"37";"37122";"2";"1";"2";"3";"CHANTEPIE (RUE DE)";"47,35041000";"0,65623000"
"202400006643";"9";"08";"2024";"10:30";"1";"39";"39063";"1";"1";"1";"1";"N/A";"46,58666200";"5,83098300"
"202400006644";"29";"12";"2024";"18:20";"2";"30";"30060";"1";"1";"1";"2";"D442";"43,77290600";"4,41023800"
"202400006645";"29";"06";"2024";"12:07";"1";"63";"63113";"2";"1";"1";"6";"UNION SOVIETIQUE (AVENUE DE L')";"45,77924000";"3,10041000"
"202400006646";"7";"02";"2024";"20:20";"5";"35";"35238";"2";"1";"1";"3";"TOUR D'AUVERGNE (BD DE LA)";"48,10755000";" -1,68455000"
"202400006647";"8";"08";"2024";"17:40";"1";"83";"83043";"1";"2";"1";"3";"CD14, PK17";"43,23449500";"6,27294700"
"202400006648";"8";"09";"2024";"21:06";"3";"13";"13056";"1";"1";"2";"1";"A55-Sens Martigues vers Marseille";"43,39483530";"5,06680284"
"202400006649";"5";"08";"2024";"07:30";"1";"06";"06149";"2";"1";"1";"6";"Boulevard Anatole France";"43,74373900";"7,31023200"
"202400006650";"7";"02";"2024";"07:30";"5";"35";"35115";"2";"3";"2";"6";"MITTERAND (AVENUE FRANCOIS)";"48,34997000";" -1,20177000"
"202400006651";"30";"08";"2024";"18:10";"1";"13";"13202";"1";"1";"1";"6";"A55-Sens Marseille vers Martigues";"43,33007200";"5,35510400"
"202400006652";"7";"08";"2024";"10:40";"1";"13";"13085";"1";"1";"1";"1";"A50-Sens Toulon vers Aubagne";"43,24096364";"5,59318208"
"202400006653";"2";"02";"2024";"08:35";"1";"34";"34032";"2";"1";"1";"7";"VERDUN (BD DE)";"43,33665000";"3,21999000"
"202400006654";"10";"08";"2024";"20:09";"1";"76";"76487";"1";"1";"1";"3";"D1";"49,80027700";"1,31570400"
"202400006655";"29";"07";"2024";"03:00";"3";"13";"13211";"1";"1";"1";"2";"A50-Sens Aubagne vers Marseille";"43,29297841";"5,47637741"
"202400006656";"9";"08";"2024";"10:00";"1";"974";"97412";"2";"1";"1";"6";"149 Rue Raphaël Babet";" -21,38078000";"55,61414400"
"202400006657";"7";"02";"2024";"18:50";"5";"33";"33522";"2";"6";"2";"3";"Rue Peydavant";"44,80660000";" -0,58618000"
"202400006658";"24";"12";"2024";"09:27";"1";"01";"01443";"2";"3";"1";"6";"Rue Gilbert Boullier";"46,00147300";"5,02924900"
"202400006659";"7";"02";"2024";"18:55";"5";"33";"33281";"2";"2";"2";"6";"N/A";"44,83504800";" -0,62728500"
"202400006660";"9";"08";"2024";"09:30";"1";"972";"97233";"1";"1";"1";"1";"La Croix";"14,70980600";" -61,14951600"
"202400006661";"31";"05";"2024";"23:55";"3";"83";"83096";"1";"3";"1";"2";"Dn7";"43,47374200";"5,76632000"
"202400006662";"9";"08";"2024";"21:15";"5";"28";"28006";"2";"6";"1";"7";"ZAC DES POLES O";"48,45161400";"1,42945600"
"202400006663";"7";"02";"2024";"19:45";"3";"33";"33529";"2";"2";"2";"3";"N/A";"44,63350531";" -1,13271708"
"202400006664";"19";"02";"2024";"06:20";"2";"988";"98805";"2";"2";"1";"3";"Rue A. Schweitzer/Rue E. De Grestlan/Avenue Numa Joubert";" -22,20769000";"166,46820200"
"202400006665";"7";"02";"2024";"11:00";"1";"31";"31555";"2";"2";"1";"3";"CHAUBET (AV JEAN) DU 103AU 157";"43,60507000";"1,47867000"
"202400006666";"9";"08";"2024";"13:40";"1";"62";"62804";"2";"2";"1";"3";"D59";"50,24036015";"2,43155158"
"202400006667";"13";"10";"2024";"01:30";"3";"38";"38563";"2";"6";"8";"6";"rocade ouest";"45,37281000";"5,56978000"
"202400006668";"7";"02";"2024";"18:55";"2";"30";"30007";"2";"1";"1";"3";"pont neuf";"44,12029000";"4,08473000"
"202400006669";"9";"08";"2024";"20:30";"1";"57";"57150";"2";"1";"1";"3";"2 Route de Varize";"49,15290400";"6,44713100"
"202400006670";"29";"06";"2024";"14:35";"1";"974";"97407";"1";"3";"1";"5";"ROUTE DU SACRE COEUR";" -20,95868000";"55,31939000"
"202400006671";"7";"08";"2024";"14:00";"1";"19";"19105";"1";"9";"1";"7";"RD 14 - La Vianne";"45,12655820";"1,66779846"
"202400006672";"7";"02";"2024";"17:20";"3";"27";"27681";"2";"3";"2";"3";"PARIS (AVENUE DE)";"49,08676000";"1,49605000"
"202400006673";"7";"02";"2024";"20:09";"3";"27";"27375";"1";"1";"2";"6";"NEUBOURG N°54 (CHEMIN DU)";"49,20581000";"1,14179000"
"202400006674";"12";"11";"2024";"18:30";"5";"91";"91692";"2";"2";"1";"3";"CANADA (AVENUE DU)";"48,68463000";"2,19051000"
"202400006675";"6";"02";"2024";"17:43";"2";"27";"27229";"2";"1";"1";"6";"HUGO (RUE VICTOR)";"49,02208000";"1,14419000"
"202400006676";"9";"10";"2024";"11:35";"1";"73";"73030";"2";"6";"1";"6";"D9";"45,57211648";"5,97722501"
"202400006677";"10";"08";"2024";"15:45";"1";"65";"65409";"1";"1";"1";"6";"rd934";"43,38724200";"0,13810200"
"202400006678";"27";"12";"2024";"07:20";"2";"78";"78384";"2";"1";"1";"7";"PIERRE CURIE (RUE)";"48,95095000";"1,99532000"
"202400006679";"5";"02";"2024";"18:30";"5";"27";"27229";"2";"2";"1";"3";"CANADA (RUE DU)";"49,01270000";"1,13650000"
"202400006680";"9";"08";"2024";"20:05";"2";"11";"11288";"2";"1";"1";"6";"D6113";"43,25454100";"2,26464300"
"202400006681";"7";"02";"2024";"08:40";"1";"13";"13043";"2";"1";"1";"1";"JULES RICAUD (AV )";"43,39378000";"5,23139000"
"202400006682";"17";"11";"2024";"02:10";"3";"42";"42330";"1";"1";"8";"5";"A72";"45,48004336";"4,34660375"
"202400006683";"10";"08";"2024";"13:45";"1";"89";"89307";"1";"2";"7";"3";"RN 77";"47,92031800";"3,71319100"
"202400006684";"7";"02";"2024";"06:25";"5";"13";"13212";"2";"1";"1";"2";"BOUSQUETIER (BOULEVARD DU)";"43,31788783";"5,44348717"
"202400006685";"29";"10";"2024";"19:20";"5";"24";"24557";"2";"1";"1";"6";"GRANDOU (AVENUE MICHEL)";"45,19066000";"0,73873000"
"202400006686";"10";"08";"2024";"08:55";"1";"61";"61151";"1";"1";"1";"6";"D3";"48,71766700";"0,56410100"
"202400006687";"9";"02";"2024";"20:40";"5";"92";"92072";"2";"1";"2";"2";"MANUFACTURE NATIONALE (PLACE DE LA)";"48,82872739";"2,22421065"
"202400006688";"10";"08";"2024";"01:15";"3";"34";"34150";"2";"1";"1";"1";"Avenue du Soleil";"43,31999500";"3,54169100"
"202400006689";"6";"02";"2024";"17:44";"1";"10";"10265";"2";"1";"1";"4";"GENERAL SARRAIL (RUE";"48,30490000";"4,03513000"
"202400006690";"29";"10";"2024";"18:00";"5";"73";"73228";"1";"3";"1";"7";"D7 / Route de lelia";"45,53408051";"5,89322448"
"202400006691";"6";"02";"2024";"16:49";"1";"10";"10325";"2";"1";"1";"6";"VICTOR HUGO (RUE)";"48,26250000";"4,07130000"
"202400006692";"10";"08";"2024";"14:10";"1";"39";"39299";"1";"4";"1";"3";"N/A";"46,95518700";"5,37809700"
"202400006693";"6";"02";"2024";"12:15";"1";"10";"10387";"2";"1";"1";"6";"Rue Saint Loup";"48,30670000";"4,06330000"
"202400006694";"6";"02";"2024";"09:08";"1";"10";"10387";"2";"1";"1";"7";"Chaussee du Vouldy";"48,29280000";"4,08545000"
"202400006695";"12";"12";"2024";"07:50";"1";"13";"13081";"1";"1";"1";"4";"A7-Sens Lyon vers Marseille";"43,47920000";"5,23960000"
"202400006696";"9";"08";"2024";"19:20";"1";"25";"25271";"2";"3";"1";"3";"29 Avenue de Lattre de Tassigny";"47,04806300";"6,48864600"
"202400006697";"8";"08";"2024";"01:40";"3";"08";"08409";"2";"1";"1";"7";"N/A";"49,69460100";"4,92211300"
"202400006698";"9";"08";"2024";"16:15";"1";"44";"44137";"2";"1";"1";"3";"22 Chemin du Deffay";"47,37714500";" -2,01132100"
"202400006699";"28";"11";"2024";"17:35";"5";"29";"29237";"1";"8";"1";"6";"Pont Christ";"48,48708500";" -4,16356100"
"202400006700";"6";"02";"2024";"08:02";"1";"06";"06088";"2";"3";"1";"3";"Boulevard de l'Ariane";"43,73466000";"7,29667000"
"202400006701";"31";"07";"2024";"08:30";"1";"01";"01036";"1";"1";"1";"1";"D8b";"45,90352900";"5,63444500"
"202400006702";"16";"11";"2024";"16:35";"1";"974";"97411";"1";"1";"1";"1";"SAINT-BERNARD (CHEMIN DE)";" -20,89847000";"55,40505000"
"202400006703";"7";"02";"2024";"19:20";"5";"06";"06069";"2";"2";"1";"3";"Boulevard Commandant Autran";"43,66262000";"6,93377000"
"202400006704";"3";"08";"2024";"19:00";"1";"26";"26275";"1";"1";"1";"6";"Route d'Orange";"44,24132600";"4,82192000"
"202400006705";"7";"02";"2024";"13:50";"1";"06";"06069";"2";"1";"1";"6";"142 Route de Pégomas";"43,63408000";"6,93217000"
"202400006706";"18";"11";"2024";"14:20";"1";"75";"75117";"2";"3";"2";"2";"BOULEVARD MALESHERBES";"48,88466700";"2,30774700"
"202400006707";"9";"08";"2024";"20:15";"1";"54";"54546";"1";"1";"1";"7";"Rue Charles de Gaulle";"48,96342007";"6,03317857"
"202400006708";"9";"08";"2024";"17:00";"1";"14";"14740";"1";"1";"1";"7";"Route de Saint Jean";"49,00684100";"0,43300500"
"202400006709";"20";"12";"2024";"16:00";"1";"978";"97801";"1";"1";"1";"3";"rn7";"18,09863600";" -63,04522600"
"202400006710";"7";"02";"2024";"19:30";"5";"75";"75106";"2";"1";"2";"2";"BOULEVARD RASPAIL";"48,84870800";"2,32774400"
"202400006711";"9";"12";"2024";"07:39";"2";"59";"59586";"2";"1";"2";"3";"rue haute";"50,53456500";"3,17061400"
"202400006712";"10";"08";"2024";"15:24";"1";"18";"18158";"1";"1";"1";"5";"N/A";"47,10227900";"2,52955900"
"202400006713";"7";"02";"2024";"16:00";"1";"75";"75106";"2";"4";"1";"6";"RUE DE RENNES";"48,84565700";"2,32560000"
"202400006714";"31";"10";"2024";"12:25";"1";"14";"14630";"2";"6";"1";"1";"2 Chemin des Pointes";"49,26670000";" -0,67405500"
"202400006715";"10";"08";"2024";"14:40";"1";"10";"10083";"1";"3";"1";"3";"D671";"48,16070000";"4,23690000"
"202400006716";"7";"02";"2024";"09:00";"1";"75";"75119";"2";"5";"2";"3";"PLACE DE LA PORTE DE PANTIN";"48,88949000";"2,39578000"
"202400006717";"16";"11";"2024";"18:25";"3";"28";"28393";"1";"1";"1";"6";"RN 154";"48,62031400";"1,41661400"
"202400006718";"10";"08";"2024";"14:50";"1";"07";"07101";"1";"1";"1";"7";"D111";"44,41960500";"4,30889400"
"202400006719";"7";"02";"2024";"11:20";"1";"75";"75117";"2";"2";"1";"6";"AVENUE DES TERNES";"48,87834700";"2,29555900"
"202400006720";"26";"10";"2024";"13:59";"1";"33";"33429";"1";"1";"3";"1";"N/A";"44,44278900";" -0,43643800"
"202400006721";"8";"08";"2024";"21:15";"3";"07";"07030";"1";"1";"1";"6";"D120";"44,87780600";"4,53278800"
"202400006722";"3";"12";"2024";"08:35";"1";"19";"19031";"2";"1";"1";"2";"ALSACE LORRAINE (AVENUE) A PARTIR DE N°";"45,15202000";"1,54093000"
"202400006723";"7";"02";"2024";"16:50";"1";"75";"75115";"2";"3";"2";"3";"RUE SAINT LAMBERT";"48,83738500";"2,29195700"
"202400006724";"8";"08";"2024";"23:25";"3";"07";"07303";"1";"1";"1";"6";"Route des Plantas";"44,80424200";"4,62779800"
"202400006725";"6";"02";"2024";"12:45";"1";"75";"75115";"2";"3";"1";"3";"RUE DE L ABBE GROULT";"48,83890700";"2,29760100"
"202400006726";"8";"09";"2024";"18:51";"1";"62";"62758";"2";"3";"2";"2";"Rue de Marlborough";"50,73456000";"1,62656000"
"202400006727";"9";"08";"2024";"05:15";"5";"85";"85146";"2";"3";"1";"2";"RD137";"46,94576800";" -1,29191500"
"202400006728";"7";"02";"2024";"00:01";"5";"75";"75114";"2";"7";"1";"3";"PLACE VICTOR BASCH";"48,82801300";"2,32693300"
"202400006729";"6";"10";"2024";"07:30";"2";"73";"73255";"1";"1";"2";"7";"Le fay - piste forestière";"45,30312801";"6,27912283"
"202400006730";"8";"08";"2024";"08:45";"1";"17";"17423";"1";"4";"1";"3";"D730";"45,39643100";" -0,59210300"
"202400006731";"6";"02";"2024";"13:25";"1";"75";"75114";"2";"2";"1";"7";"AVENUE DU GENERAL LECLERC";"48,82959000";"2,32840500"
"202400006732";"10";"08";"2024";"14:30";"1";"30";"30061";"1";"1";"1";"1";"N/A";"43,92853000";"4,25627900"
"202400006733";"7";"02";"2024";"13:15";"1";"75";"75113";"2";"2";"2";"7";"RUE BAUDRICOURT";"48,82662700";"2,36367400"
"202400006734";"1";"12";"2024";"17:15";"2";"33";"33218";"1";"1";"1";"7";"N/A";"45,08750500";" -0,19983500"
"202400006735";"7";"02";"2024";"07:00";"5";"75";"75113";"2";"7";"2";"6";"BOULEVARD DE L HOPITAL";"48,84366300";"2,36476800"
"202400006736";"10";"08";"2024";"08:40";"1";"52";"52313";"1";"2";"1";"3";"RD674";"48,19522325";"5,25794038"
"202400006737";"26";"09";"2024";"09:00";"1";"75";"75115";"2";"3";"9";"4";"PORTE BRANCION";"48,82756400";"2,30108700"
"202400006738";"6";"02";"2024";"21:45";"5";"75";"75113";"2";"1";"1";"3";"BOULEVARD DE L HOPITAL";"48,83832700";"2,36059100"
"202400006739";"10";"08";"2024";"08:10";"1";"06";"06088";"1";"1";"1";"3";"A8 PK 185+500 SUD";"43,66831800";"7,19806200"
"202400006740";"24";"06";"2024";"15:00";"1";"91";"91235";"2";"3";"7";"3";"Av du Dr Louis Francois Fichez";"48,63790700";"2,36084800"
"202400006741";"7";"02";"2024";"13:40";"1";"75";"75110";"2";"1";"2";"3";"BOULEVARD DE STRASBOURG";"48,87321300";"2,35646000"
"202400006742";"10";"08";"2024";"01:20";"3";"06";"06149";"1";"1";"1";"6";"Autoroute A8 pk 206+150, chaussée Nord";"43,74412709";"7,35525511"
"202400006743";"28";"11";"2024";"11:00";"1";"57";"57582";"1";"1";"1";"3";"Autoroute A31";"49,28504000";"6,17336000"
"202400006744";"7";"02";"2024";"13:40";"1";"75";"75107";"2";"3";"2";"7";"QUAI BRANLY";"48,85747000";"2,29107100"
"202400006745";"3";"12";"2024";"10:00";"1";"971";"97101";"2";"1";"1";"7";"PATRICK SAINT ELOI ( AVENUE )";"16,25774000";" -61,51984000"
"202400006746";"9";"08";"2024";"15:30";"1";"73";"73179";"1";"1";"1";"2";"A43 - Tunnel de l'épine - PM 2950";"45,57831900";"5,83674400"
"202400006747";"7";"02";"2024";"14:40";"1";"75";"75103";"2";"3";"2";"1";"RUE DE TURBIGO";"48,86563500";"2,35689800"
"202400006748";"25";"12";"2024";"21:04";"5";"34";"34123";"2";"1";"1";"2";"Allee de l?Europe";"43,61372200";"3,80746500"
"202400006749";"31";"12";"2024";"19:45";"3";"44";"44215";"1";"1";"1";"6";"N/A";"47,17315200";" -1,51464345"
"202400006750";"10";"08";"2024";"08:00";"1";"988";"98831";"1";"1";"1";"1";"RT 1";" -21,04753000";"164,70603000"
"202400006751";"7";"02";"2024";"13:10";"1";"75";"75103";"2";"2";"8";"6";"RUE DE BRETAGNE";"48,86288000";"2,36256400"
"202400006752";"9";"08";"2024";"05:45";"3";"973";"97311";"2";"1";"1";"6";"26 Boulevard du Général de Gaulle";"5,49909900";" -54,03274700"
"202400006753";"6";"02";"2024";"12:15";"1";"75";"75101";"2";"1";"8";"2";"BOULEVARD DE SEBASTOPOL";"48,86173800";"2,35001200"
"202400006754";"29";"12";"2024";"03:35";"5";"44";"44190";"2";"3";"1";"6";"41 Rue des Violettes";"47,19537980";" -1,50443090"
"202400006755";"9";"08";"2024";"11:00";"1";"971";"97106";"2";"1";"1";"6";"Impasse Baltimore";"16,11401300";" -61,77240000"
"202400006756";"7";"02";"2024";"03:55";"5";"94";"94028";"2";"1";"1";"6";"Rue Henri Matisse";"48,78273000";"2,46209000"
"202400006757";"27";"12";"2024";"23:50";"5";"44";"44162";"2";"3";"1";"7";"Boulevard Marcel Paul";"47,23946221";" -1,62791620"
"202400006758";"7";"02";"2024";"10:10";"1";"94";"94073";"2";"1";"2";"2";"Av du Pdt Franklin Roosevelt";"48,76620392";"2,39996620"
"202400006759";"9";"08";"2024";"20:35";"1";"44";"44020";"1";"1";"1";"7";"N/A";"47,16417300";" -1,62786500"
"202400006760";"27";"12";"2024";"16:20";"2";"44";"44114";"2";"1";"1";"3";"3 Rue Louis Blériot";"47,25391923";" -1,61703592"
"202400006761";"23";"12";"2024";"19:50";"5";"44";"44109";"2";"1";"1";"7";"30 Boulevard Jean Monnet";"47,21057002";" -1,55195460"
"202400006762";"7";"02";"2024";"05:50";"5";"94";"94002";"2";"3";"2";"6";"Rue de Seine / Quai Blanqui";"48,80945605";"2,41039184"
"202400006763";"22";"12";"2024";"09:00";"2";"44";"44009";"1";"1";"1";"7";"N/A";"47,22999430";" -1,46945643"
"202400006764";"6";"08";"2024";"18:20";"1";"83";"83047";"2";"3";"1";"2";"Avenue des Faurys";"43,15108800";"6,08053200"
"202400006765";"21";"12";"2024";"15:40";"2";"44";"44109";"1";"1";"1";"6";"N/A";"47,26669860";" -1,58400070"
"202400006766";"9";"08";"2024";"19:51";"1";"71";"71588";"1";"2";"1";"3";"D979";"46,46571700";"4,07338600"
"202400006767";"7";"02";"2024";"13:00";"1";"93";"93073";"1";"3";"2";"4";"Rue du Chapitre / Rue du Trait d’Union";"49,00136300";"2,53691300"
"202400006768";"17";"12";"2024";"16:35";"1";"44";"44109";"2";"1";"1";"3";"62 rue de la Convention";"47,21058383";" -1,59203179"
"202400006769";"7";"02";"2024";"19:10";"2";"93";"93014";"2";"5";"2";"6";"Chemin des Postes / Boulevard Gagarine";"48,90816000";"2,53289000"
"202400006770";"9";"08";"2024";"12:20";"1";"68";"68063";"2";"1";"1";"2";"Faubourg de Belfort";"47,79477500";"7,17222000"
"202400006771";"8";"11";"2024";"13:30";"5";"44";"44109";"2";"3";"1";"3";"15d Boulevard Jean Moulin";"47,20318938";" -1,60391629"
"202400006772";"10";"08";"2024";"14:10";"1";"67";"67408";"2";"1";"1";"1";"Route d?Obersteigen";"48,64396100";"7,39053700"
"202400006773";"7";"02";"2024";"22:40";"5";"93";"93064";"2";"3";"2";"1";"Rue du 8 Mai 1945 / Rue de la Fosse aux Bergers";"48,88522000";"2,49536000"
"202400006774";"4";"11";"2024";"17:14";"5";"44";"44109";"2";"1";"1";"3";"Cours John Kennedy";"47,21451208";" -1,54982877"
"202400006775";"6";"02";"2024";"13:50";"1";"93";"93051";"2";"1";"1";"6";"Rue de Malnoue";"48,84407000";"2,56531000"
"202400006776";"10";"08";"2024";"16:20";"1";"73";"73135";"1";"4";"1";"6";"Route des contamines";"45,30224800";"6,35322000"
"202400006777";"5";"03";"2024";"20:45";"5";"61";"61001";"2";"6";"8";"3";"D955";"48,41833400";"0,09767500"
"202400006778";"7";"02";"2024";"16:14";"1";"93";"93031";"2";"2";"2";"6";"Rue du Commandant Louis Bouchet / Avenue de la Marne";"48,95277700";"2,32751100"
"202400006779";"31";"07";"2024";"14:15";"1";"73";"73123";"1";"1";"1";"3";"D909 - 5414 Route du col des aravis";"45,87163059";"6,48082763"
"202400006780";"19";"11";"2024";"10:30";"1";"75";"75107";"2";"4";"2";"7";"BOULEVARD SAINT GERMAIN";"48,85978300";"2,32204000"
"202400006781";"10";"08";"2024";"15:15";"1";"38";"38507";"2";"6";"1";"7";"Chemin de Pan Perdu";"45,75525900";"5,19030000"
"202400006782";"19";"11";"2024";"16:10";"2";"93";"93046";"2";"1";"2";"6";"LEON JOUHAUX RUE";"48,92057090";"2,53132725"
"202400006783";"5";"02";"2024";"07:45";"1";"93";"93027";"2";"3";"1";"6";"Avenue Victor Hugo / Boulevard Pasteur ";"48,92430000";"2,38444000"
"202400006784";"10";"08";"2024";"02:40";"4";"38";"38455";"1";"1";"1";"6";"125 Route du Bugey";"45,62417200";"5,28342600"
"202400006785";"25";"08";"2024";"05:40";"3";"49";"49328";"1";"1";"1";"2";"ROCADE N 347";"47,28219500";" -0,06241000"
"202400006786";"7";"02";"2024";"20:00";"5";"93";"93005";"2";"2";"2";"6";"Route de Bondy / Rue d'Orléans";"48,91983900";"2,48715500"
"202400006787";"10";"08";"2024";"18:20";"1";"81";"81046";"1";"2";"1";"3";"Route de Prat-Viel";"43,84733400";"2,02143100"
"202400006788";"19";"11";"2024";"15:40";"1";"78";"78646";"1";"1";"3";"6";"Route de Saint Cyr";"48,80284700";"2,11016300"
"202400006789";"6";"02";"2024";"09:20";"1";"92";"92050";"2";"3";"1";"4";"NATIONAL (BOULEVARD)";"48,88772735";"2,18565559"
"202400006790";"29";"11";"2024";"17:00";"2";"84";"84031";"2";"1";"1";"6";"GAMBETTA BOULEVARD";"44,05511000";"5,04447000"
"202400006791";"10";"08";"2024";"19:00";"1";"09";"09282";"2";"3";"1";"3";"D927";"43,25009500";"1,56688200"
"202400006792";"7";"02";"2024";"14:23";"1";"92";"92051";"2";"1";"2";"3";"MAURICE BARRES (BOULEVARD)";"48,87936000";"2,26707000"
"202400006793";"28";"11";"2024";"04:30";"5";"84";"84080";"1";"1";"1";"7";"AVIGNON BOULEVARD D'";"44,02901000";"4,97562000"
"202400006794";"9";"08";"2024";"16:30";"1";"09";"09146";"1";"1";"1";"1";"D14";"43,20780300";"1,49787400"
"202400006795";"21";"09";"2024";"01:35";"3";"44";"44035";"1";"1";"1";"3";"N/A";"47,27153753";" -1,55654876"
"202400006796";"7";"02";"2024";"18:25";"3";"92";"92020";"2";"2";"2";"3";"FAURE BLD FELIX N°1 A 35 ET 28 A 36";"48,80180212";"2,28376383"
"202400006797";"9";"08";"2024";"15:40";"1";"33";"33326";"2";"1";"1";"7";"N/A";"45,32892203";" -0,57718928"
"202400006798";"7";"02";"2024";"20:45";"5";"92";"92040";"2";"1";"2";"6";"ILES (BOULEVARD DES)";"48,82278508";"2,24977267"
"202400006799";"23";"11";"2024";"13:15";"1";"42";"42189";"2";"1";"1";"1";"Boulevard Blaise Pascal";"45,42435500";"4,31616900"
"202400006800";"9";"08";"2024";"20:20";"2";"14";"14762";"1";"4";"1";"3";"Route de Sourdeval";"48,81548800";" -0,88870100"
"202400006801";"6";"02";"2024";"23:00";"5";"92";"92062";"2";"1";"1";"6";"PERRONET NORD ET SUD";"48,89110856";"2,23879248"
"202400006802";"28";"10";"2024";"17:45";"1";"61";"61001";"2";"1";"1";"6";"D438";"48,42645700";"0,09245100"
"202400006803";"9";"08";"2024";"10:00";"1";"29";"29169";"1";"1";"1";"1";"Route de Guengat";"48,06617082";" -4,20083827"
"202400006804";"6";"02";"2024";"21:50";"5";"92";"92060";"2";"1";"1";"6";"REPUBLIQUE (AVENUE DE LA) (RD 60)";"48,77992816";"2,27363849"
"202400006805";"6";"12";"2024";"20:00";"3";"74";"74265";"1";"1";"8";"6";"Route du Bouchet-Mont-Charvin";"45,79395100";"6,33958300"
"202400006806";"9";"09";"2024";"16:20";"1";"74";"74175";"1";"1";"2";"7";"Rue du locum";"46,40211337";"6,75673467"
"202400006807";"9";"08";"2024";"21:56";"5";"60";"60628";"1";"1";"1";"6";"N31";"49,42275900";"2,15111800"
"202400006808";"7";"02";"2024";"06:10";"5";"92";"92012";"2";"6";"2";"7";"MARCEL SEMBAT (PLACE)";"48,83350323";"2,24340963"
"202400006809";"6";"12";"2024";"14:00";"1";"74";"74124";"1";"1";"1";"6";"Route de saint-julien";"46,12891300";"6,07940900"
"202400006810";"7";"02";"2024";"12:44";"1";"92";"92009";"2";"1";"2";"2";"MOULIN BAILLY ( RUE )";"48,90859548";"2,25768583"
"202400006811";"20";"10";"2024";"15:10";"1";"74";"74018";"1";"1";"1";"7";"N/A";"46,10111897";"6,31361532"
"202400006812";"8";"02";"2024";"15:55";"1";"80";"80016";"2";"9";"2";"6";"494 Chemin Croise de Bellevue";"49,99665000";"2,65905100"
"202400006813";"4";"12";"2024";"08:30";"1";"74";"74297";"1";"1";"1";"7";"1415 Route de Geneve";"45,93212900";"5,93130800"
"202400006814";"10";"08";"2024";"15:00";"1";"80";"80338";"2";"3";"1";"3";"Rue Gambetta";"49,90095800";"2,50492000"
"202400006815";"4";"02";"2024";"19:30";"3";"62";"62336";"1";"1";"6";"3";"D159";"50,56654518";"2,27493219"
"202400006816";"21";"09";"2024";"01:50";"3";"74";"74116";"1";"4";"1";"1";"Route Nationale 203";"46,07349187";"6,28863251"
"202400006817";"25";"01";"2024";"10:00";"1";"73";"73085";"2";"6";"1";"6";"D991 - 270 route d'AIX";"45,81912000";"5,84809000"
"202400006818";"6";"02";"2024";"12:00";"1";"40";"40304";"2";"1";"1";"7";"Avenue du Touring Club";"43,65928200";" -1,42826300"
"202400006819";"29";"10";"2024";"08:15";"1";"74";"74067";"2";"1";"1";"1";"146 Route de l'herbe";"45,89672000";"6,07827400"
"202400006820";"8";"08";"2024";"09:55";"1";"42";"42237";"1";"1";"1";"6";"N88";"45,44046000";"4,45692000"
"202400006821";"8";"02";"2024";"08:30";"1";"06";"06161";"2";"1";"1";"2";"Avenue des Plans";"43,65467500";"7,12512000"
"202400006822";"6";"12";"2024";"21:00";"5";"74";"74104";"1";"3";"8";"3";"D1508";"45,77785400";"6,23293300"
"202400006823";"9";"08";"2024";"18:22";"1";"33";"33487";"1";"1";"1";"2";"N/A";"44,95343000";" -0,45714000"
"202400006824";"30";"10";"2024";"12:30";"1";"74";"74166";"2";"3";"1";"3";"avenue de savoie";"46,38414500";"6,52682300"