"Num_Acc";"jour";"mois";"an";"hrmn";"lum";"dep";"com";"agg";"int";"atm";"col";"adr";"lat";"long"
"202400007022";"3";"06";"2024";"17:15";"1";"34";"34108";"2";"9";"1";"6";"CARRIERES (AVENUE DES)";"43,45355000";"3,75393000"
"202400007023";"4";"06";"2024";"19:20";"1";"34";"34172";"2";"1";"1";"1";"LUMIERE (RUE DES FRERES)";"43,61044000";"3,90432000"
"202400007024";"4";"06";"2024";"18:00";"1";"33";"33529";"2";"1";"1";"3";"N/A";"44,61660000";" -1,13796000"
"202400007025";"3";"06";"2024";"08:30";"1";"29";"29039";"1";"2";"1";"3";"rue de Penanguer";"47,90854395";" -3,91872392"
"202400007026";"4";"06";"2024";"10:20";"1";"28";"28134";"2";"1";"1";"6";"VIOLETTE (RUE MAURICE)";"48,73601000";"1,36638000"
"202400007027";"4";"06";"2024";"18:30";"1";"27";"27681";"2";"3";"1";"3";"BONNARD (RUE PIERRE)";"49,09791300";"1,48930100"
"202400007028";"4";"06";"2024";"11:55";"1";"27";"27375";"2";"1";"1";"2";"THOREL (PLACE ERNEST)";"49,21527000";"1,16895000"
"202400007029";"4";"06";"2024";"21:05";"1";"25";"25056";"2";"6";"1";"6";"TORCOLS CHEMIN DES";"47,26123200";"6,01429300"
"202400007030";"3";"06";"2024";"18:35";"1";"14";"14437";"1";"1";"1";"2";"N814";"49,17058000";" -0,30383000"
"202400007031";"5";"06";"2024";"00:15";"5";"13";"13208";"2";"1";"1";"3";"PRADO (AVENUE DU)";"43,27186100";"5,39034000"
"202400007032";"4";"06";"2024";"01:00";"5";"13";"13210";"2";"1";"1";"3";"ELIE WIESEL (BD)";"43,26610958";"5,41966045"
"202400007033";"4";"06";"2024";"15:40";"1";"13";"13047";"1";"4";"1";"3";"D.5";"43,59938000";"4,93607000"
"202400007034";"4";"06";"2024";"08:45";"1";"13";"13001";"1";"6";"1";"3";"LEDOUX CLAUDE NICOLAS (RUE)";"43,47923279";"5,39405645"
"202400007035";"3";"06";"2024";"13:25";"1";"11";"11069";"2";"1";"1";"2";"5 Rue Antoine Marty";"43,21622000";"2,35973000"
"202400007036";"4";"06";"2024";"11:15";"1";"07";"07316";"1";"1";"1";"4";"LYON (ROUTE DE)";"44,91106000";"4,85471000"
"202400007037";"4";"06";"2024";"16:00";"1";"01";"01344";"1";"1";"1";"2";"BRESSE (AVENUE DE)";"46,21353000";"5,20445000"
"202400007038";"4";"06";"2024";"16:05";"1";"75";"75114";"2";"1";"1";"2";"BD PERIPHERIQUE EXTERIEUR";"48,82493600";"2,30347700"
"202400007039";"3";"06";"2024";"12:35";"1";"75";"75116";"2";"1";"1";"2";"BD PERIPHERIQUE INTERIEUR";"48,85874200";"2,26192900"
"202400007040";"4";"06";"2024";"13:33";"1";"75";"75104";"2";"2";"1";"3";"PONT DE SULLY";"48,85084000";"2,36145200"
"202400007041";"4";"06";"2024";"11:20";"1";"75";"75111";"2";"3";"1";"6";"RUE DU FAUBOURG SAINT ANTOINE";"48,85054300";"2,37940100"
"202400007042";"4";"06";"2024";"09:45";"1";"75";"75106";"2";"2";"1";"3";"RUE SAINT SULPICE";"48,85146300";"2,33705600"
"202400007043";"3";"06";"2024";"09:15";"1";"75";"75106";"2";"7";"1";"2";"BOULEVARD SAINT MICHEL";"48,84750100";"2,34077000"
"202400007044";"4";"06";"2024";"14:40";"1";"75";"75119";"2";"3";"1";"3";"AVENUE SIMON BOLIVAR";"48,87497400";"2,38262200"
"202400007045";"4";"06";"2024";"18:00";"1";"75";"75116";"2";"1";"1";"3";"ALLEE DU BORD DE L EAU";"48,87332200";"2,24388200"
"202400007046";"3";"06";"2024";"16:30";"1";"75";"75116";"2";"3";"1";"6";"RUE LE NOTRE";"48,85882200";"2,28895800"
"202400007047";"4";"06";"2024";"02:40";"3";"75";"75112";"2";"7";"1";"1";"AVENUE DES MINIMES";"48,84067600";"2,43445400"
"202400007048";"3";"06";"2024";"16:55";"1";"75";"75112";"2";"1";"1";"5";"QUAI DE BERCY";"48,84502900";"2,37160100"
"202400007049";"4";"06";"2024";"18:20";"1";"75";"75110";"2";"2";"1";"3";"RUE DU FAUBOURG SAINT MARTIN";"48,87179700";"2,36718000"
"202400007050";"4";"06";"2024";"15:40";"1";"75";"75110";"2";"7";"1";"6";"BOULEVARD SAINT DENIS";"48,86996400";"2,36276900"
"202400007051";"4";"06";"2024";"10:00";"1";"75";"75108";"2";"1";"1";"2";"RUE CAMBACERES";"48,87270900";"2,31806400"
"202400007052";"4";"06";"2024";"02:00";"5";"75";"75108";"2";"1";"1";"2";"PLACE DE LA MADELEINE";"48,87028200";"2,32543000"
"202400007053";"4";"06";"2024";"16:40";"1";"94";"94003";"2";"3";"1";"3";"Avenue Aristide Briand / Rue Berthollet";"48,80585000";"2,32579000"
"202400007054";"3";"06";"2024";"21:40";"2";"94";"94041";"2";"1";"1";"1";"Avenue de l’Industrie";"48,81066100";"2,40653200"
"202400007055";"4";"06";"2024";"19:05";"1";"94";"94065";"1";"4";"1";"2";"Boulevard Circulaire Sud Min / Rue de la Rochelle";"48,75421400";"2,35440400"
"202400007056";"3";"06";"2024";"21:20";"1";"93";"93078";"2";"2";"1";"3";"Boulevard Robert Ballanger / Chemin du Loup";"48,96219800";"2,55913000"
"202400007057";"4";"06";"2024";"23:00";"5";"93";"93066";"2";"2";"1";"2";"Avenue du Stade de France / Rue de la Cokerie";"48,92146700";"2,36146600"
"202400007058";"4";"06";"2024";"16:45";"1";"93";"93066";"2";"3";"1";"3";"Rue du Docteur Delafontaine / Avenue du Docteur Lamaze";"48,93627200";"2,37239400"
"202400007059";"4";"06";"2024";"15:30";"1";"93";"93055";"2";"1";"1";"3";"Quai de l’Ourcq";"48,89565151";"2,40598440"
"202400007060";"4";"06";"2024";"06:45";"1";"93";"93050";"2";"1";"1";"3";"Avenue Paul Vaillant Couturier";"48,87392911";"2,55249739"
"202400007061";"4";"06";"2024";"18:40";"1";"93";"93046";"2";"2";"1";"3";"Boulevard de la République / Boulevard Marx Dormoy";"48,90596000";"2,52356000"
"202400007062";"4";"06";"2024";"18:50";"1";"93";"93006";"2";"2";"1";"1";"Avenue Pasteur / Rue Voltaire";"48,87600000";"2,42000000"
"202400007063";"4";"06";"2024";"17:30";"1";"93";"93079";"2";"3";"1";"3";"Route de Saint-Leu / Rue de l'Yser";"48,95425000";"2,33493000"
"202400007064";"20";"10";"2024";"16:35";"1";"75";"75109";"2";"2";"1";"3";"RUE LA FAYETTE";"48,87431040";"2,33814240"
"202400007065";"30";"04";"2024";"11:30";"1";"93";"93010";"2";"3";"1";"6";"Avenue Henri Barbusse  / Allee des Primeveres";"48,90170000";"2,48740100"
"202400007066";"19";"10";"2024";"18:42";"5";"75";"75107";"2";"7";"2";"6";"Place du Général Gouraud";"48,85768500";"2,30017700"
"202400007067";"4";"06";"2024";"22:56";"5";"93";"93005";"2";"2";"1";"3";"Avenue de Nonneville / Rue Arthur Chevalier";"48,92685000";"2,50910000"
"202400007068";"20";"10";"2024";"17:10";"1";"75";"75101";"2";"3";"1";"1";"RUE DES HALLES";"48,85958800";"2,34678900"
"202400007069";"4";"06";"2024";"09:45";"1";"93";"93001";"2";"3";"1";"3";"Boulevard Félix Faure / Rue du Tournant";"48,91170600";"2,37508100"
"202400007070";"4";"06";"2024";"17:45";"1";"92";"92033";"2";"1";"1";"6";"GRANDE RUE";"48,84385236";"2,19085346"
"202400007071";"19";"10";"2024";"16:45";"1";"75";"75103";"2";"2";"1";"7";"RUE DE TURBIGO";"48,86492000";"2,36320000"
"202400007072";"3";"06";"2024";"08:53";"1";"92";"92064";"2";"1";"1";"4";"DAILLY";"48,84468128";"2,22034335"
"202400007073";"4";"06";"2024";"21:02";"1";"92";"92062";"2";"3";"1";"3";"WALLACE (BD RICHARD) DU 17 AU 91 ET DU 3";"48,87981005";"2,23997712"
"202400007074";"18";"10";"2024";"16:48";"1";"75";"75103";"2";"3";"1";"3";"RUE SAINT MARTIN";"48,86900200";"2,35556900"
"202400007075";"4";"06";"2024";"14:30";"1";"92";"92044";"2";"3";"1";"3";"VIC. HUGO(RUE)115A149 ET 148A178";"48,89926864";"2,29346448"
"202400007076";"20";"10";"2024";"06:00";"5";"94";"94044";"2";"1";"2";"6";"Avenue de Verdun";"48,75018400";"2,48235100"
"202400007077";"4";"06";"2024";"15:45";"1";"92";"92026";"2";"2";"1";"2";"MARECHAL JOFFRE (QUAI DU)";"48,90068759";"2,27515988"
"202400007078";"19";"10";"2024";"12:40";"1";"94";"94068";"2";"1";"1";"6";"Rue Léon Bocquet";"48,80055995";"2,48406592"
"202400007079";"4";"06";"2024";"02:45";"5";"92";"92023";"2";"1";"1";"1";"PETIT CLAMART (ROND POINT DU)";"48,77598907";"2,22884631"
"202400007080";"4";"06";"2024";"10:00";"1";"92";"92012";"2";"1";"1";"7";"STALINGRAD (QUAI DE) 1/18 - 490  - 860 -";"48,82357496";"2,24347597"
"202400007081";"20";"10";"2024";"02:15";"5";"93";"93072";"2";"2";"1";"3";"MARCEL CACHIN (AVENUE) COTE N°16 AU 50";"48,95897704";"2,38222790"
"202400007082";"4";"06";"2024";"13:50";"1";"92";"92002";"2";"1";"1";"6";"RAYMON ARON (AVENUE)";"48,76641000";"2,31020000"
"202400007083";"5";"06";"2024";"08:35";"1";"06";"06149";"1";"1";"1";"3";"4006 Route de Laghet";"43,74820400";"7,35624800"
"202400007084";"2";"06";"2024";"16:00";"1";"22";"22177";"1";"1";"1";"3";"Le Nonen";"48,63958000";" -2,97033200"
"202400007085";"19";"10";"2024";"19:15";"5";"93";"93064";"2";"2";"2";"3";"LECLERC (RUE DU GENERAL)";"48,86456806";"2,49701530"
"202400007086";"5";"06";"2024";"07:42";"1";"69";"69279";"2";"1";"1";"3";"12 Boulevard Marcel Dassault";"45,77863630";"5,03654181"
"202400007087";"20";"10";"2024";"13:35";"1";"93";"93045";"2";"1";"1";"3";"LIBERTE BD DE LA";"48,88002699";"2,41863285"
"202400007088";"3";"06";"2024";"17:15";"1";"28";"28196";"2";"2";"7";"3";"Avenue du Général Leclerc";"48,30445700";"1,24856800"
"202400007089";"2";"06";"2024";"20:30";"1";"51";"51217";"1";"1";"1";"7";"départemantale 18";"49,06376256";"3,65369332"
"202400007090";"20";"10";"2024";"14:35";"1";"93";"93010";"2";"9";"1";"1";"LEBAS (AV. JEAN)";"48,91335000";"2,48148000"
"202400007091";"3";"06";"2024";"14:15";"1";"54";"54234";"2";"1";"1";"1";"15 Rue des Usines";"49,53354700";"5,68901900"
"202400007092";"19";"10";"2024";"19:30";"5";"93";"93008";"2";"4";"2";"6";"VAILLANT (AVENUE EDOUARD)";"48,90664000";"2,46920000"
"202400007093";"23";"05";"2024";"22:41";"5";"51";"51388";"2";"3";"1";"3";"D19";"49,14218300";"4,37317000"
"202400007094";"20";"10";"2024";"20:55";"5";"92";"92046";"2";"1";"1";"7";"PIERRE BROSSOLETTE (AVENUE)";"48,81691296";"2,30677888"
"202400007095";"4";"06";"2024";"16:30";"1";"83";"83049";"1";"2";"1";"5";"Route de Pierrefeu";"43,24423800";"6,09546800"
"202400007096";"4";"06";"2024";"18:12";"5";"974";"97413";"2";"1";"2";"6";"10 Rue Adrien Lagourgue";" -21,21676100";"55,30819100"
"202400007097";"19";"10";"2024";"17:30";"1";"92";"92076";"1";"1";"2";"7";"REPUBLIQUE";"48,83709213";"2,14936182"
"202400007098";"5";"06";"2024";"07:45";"1";"50";"50095";"1";"2";"8";"7";"Rue du Bois";"49,08609400";" -1,17780100"
"202400007099";"5";"06";"2024";"20:35";"2";"62";"62664";"1";"1";"1";"1";"D30";"50,18676300";"2,58241200"
"202400007100";"20";"10";"2024";"17:15";"1";"92";"92050";"2";"1";"1";"2";"LENINE VLADIMIR ILITCH AVENUE";"48,88775333";"2,18664497"
"202400007101";"1";"06";"2024";"01:50";"3";"56";"56243";"1";"1";"1";"6";"23 Avenue Raymond Marcellin";"47,64202200";" -2,73487200"
"202400007102";"21";"10";"2024";"10:50";"1";"34";"34249";"2";"1";"1";"7";"Avenue du Bérange";"43,73433700";"3,98277500"
"202400007103";"5";"06";"2024";"12:25";"1";"79";"79202";"2";"1";"1";"6";"N/A";"46,64562500";" -0,24334300"
"202400007104";"5";"06";"2024";"13:00";"1";100;100125";"1";"1";"1";"3";"D515";"42,45041800";"9,35964300"
"202400007105";"20";"10";"2024";"20:38";"3";"60";"60365";"1";"1";"1";"2";"D930";"49,59372989";"2,02826947"
"202400007106";"5";"06";"2024";"17:45";"1";"80";"80130";"1";"2";"1";"1";"RD 211 - D97";"49,89097500";"2,15037000"
"202400007107";"5";"06";"2024";"12:25";"1";"33";"33400";"1";"1";"1";"6";"N/A";"44,71077903";"0,05231380"
"202400007108";"19";"10";"2024";"22:55";"3";"62";"62812";"1";"1";"5";"6";"D132";"50,62529683";"2,05296616"
"202400007109";"4";"06";"2024";"21:10";"2";"71";"71392";"2";"1";"1";"6";"38 Grande Rue";"46,65647700";"4,68400600"
"202400007110";"21";"10";"2024";"12:25";"1";"06";"06031";"1";"1";"1";"1";"D2204B PR 11 + 808";"43,77211600";"7,33028400"
"202400007111";"20";"10";"2024";"14:50";"3";"54";"54582";"1";"1";"1";"7";"D29c";"49,47858900";"5,53754400"
"202400007112";"5";"06";"2024";"11:10";"1";"63";"63412";"1";"1";"1";"1";"D57";"45,40890500";"3,88862400"
"202400007113";"5";"06";"2024";"15:30";"1";"55";"55189";"1";"1";"1";"7";"D913a";"49,18675200";"5,46084900"
"202400007114";"20";"10";"2024";"10:45";"1";"83";"83070";"2";"6";"1";"2";"Avenue du Marechal Juin";"43,13631400";"6,35672800"
"202400007115";"4";"06";"2024";"16:20";"1";"49";"49026";"2";"1";"1";"1";"Avenue des Roses";"47,50093500";" -0,79502800"
"202400007116";"20";"10";"2024";"05:54";"3";"08";"08402";"1";"1";"2";"6";"A34";"49,58320313";"4,48714891"
"202400007117";"4";"06";"2024";"18:00";"1";"42";"42062";"1";"9";"1";"5";"Route de Chazelles sur Lyon";"45,60295900";"4,38384500"
"202400007118";"4";"06";"2024";"17:45";"1";"31";"31033";"2";"9";"1";"1";"Place Leonie Toulouse";"43,35142600";"1,47694000"
"202400007119";"3";"06";"2024";"23:20";"3";"72";"72293";"1";"1";"1";"6";"D23";"47,85290824";" -0,03175020"
"202400007120";"20";"10";"2024";"21:30";"3";"21";"21223";"1";"1";"1";"5";"M971";"47,35061400";"4,98876900"
"202400007121";"25";"05";"2024";"17:15";"1";"53";"53240";"1";"1";"1";"3";"Roche Poulain";"47,81250808";" -1,02572051"
"202400007122";"21";"10";"2024";"16:30";"1";"62";"62192";"2";"1";"2";"6";"Rue d’Arras";"50,21407300";"2,99368300"
"202400007123";"1";"06";"2024";"09:00";"1";"21";"21379";"1";"1";"1";"7";"D17D";"47,13689900";"4,37624900"
"202400007124";"20";"10";"2024";"22:20";"3";"40";"40227";"1";"1";"1";"6";"D834";"44,32986500";" -0,77771200"
"202400007125";"3";"06";"2024";"07:20";"2";"21";"21579";"1";"4";"1";"1";"départementale 19";"47,61521500";"4,89656600"
"202400007126";"6";"10";"2024";"21:15";"3";"57";"57465";"1";"2";"2";"1";"Route départementale 918";"49,31717800";"6,29355700"
"202400007127";"4";"06";"2024";"16:30";"1";"24";"24087";"1";"1";"1";"5";"D703";"44,85671300";"1,06951500"
"202400007128";"10";"10";"2024";"19:30";"2";"57";"57426";"1";"2";"8";"3";"D8";"49,29241700";"6,27809600"
"202400007129";"5";"06";"2024";"12:15";"1";"04";"04204";"1";"9";"1";"6";"D4085";"43,91533100";"6,40895600"
"202400007130";"5";"06";"2024";"11:55";"1";"37";"37111";"1";"1";"1";"7";"D764";"47,19851900";"1,10107900"
"202400007131";"1";"06";"2024";"17:00";"1";"37";"37132";"2";"1";"1";"1";"D760";"47,12850900";"0,99542700"
"202400007132";"21";"10";"2024";"08:55";"1";"59";"59159";"1";"2";"2";"2";"D300";"50,96817100";"2,22893700"
"202400007133";"23";"05";"2024";"23:35";"3";"37";"37099";"1";"1";"1";"6";"RD 751";"47,30551300";"0,56420800"
"202400007134";"20";"10";"2024";"00:48";"5";"82";"82072";"2";"6";"1";"6";"Avenue du Midi";"44,11302200";"0,85564900"
"202400007135";"3";"06";"2024";"19:02";"1";"08";"08089";"2";"1";"1";"6";"N/A";"49,42661500";"4,95479200"
"202400007136";"4";"06";"2024";"20:10";"5";"973";"97309";"2";"1";"1";"6";"Route de Rémire";"4,91320300";" -52,27313700"
"202400007137";"20";"10";"2024";"14:50";"1";"11";"11436";"1";"1";"1";"6";"N/A";"43,04361400";"2,83909700"
"202400007138";"31";"05";"2024";"17:40";"1";"06";"06018";"1";"1";"1";"3";"231 Chemin de la Romaine";"43,61620900";"7,11061100"
"202400007139";"20";"10";"2024";"12:15";"1";"11";"11436";"1";"1";"1";"6";"route departementale 611A PK 2+300";"43,04197500";"2,85757700"
"202400007140";"25";"05";"2024";"06:30";"1";"95";"95371";"1";"1";"1";"7";"D9";"49,07180000";"2,50461500"
"202400007141";"20";"10";"2024";"12:40";"1";"61";"61394";"2";"1";"8";"7";"D7";"48,28217500";"0,60543300"
"202400007142";"21";"10";"2024";"16:40";"1";"55";"55457";"2";"1";"7";"6";"2 Rue de Lorraine";"49,08526209";"5,72163972"
"202400007143";"3";"06";"2024";"16:20";"1";"27";"27022";"2";"1";"1";"6";"D316, Avenue de l'Europe";"49,17511400";"1,35129200"
"202400007144";"21";"10";"2024";"13:15";"1";"55";"55001";"2";"1";"1";"7";"Chemin du Granit";"48,52136451";"5,49615473"
"202400007145";"4";"06";"2024";"12:00";"1";"77";"77065";"1";"1";"1";"6";"Autoroute A6 point kilométrique 46+200 direction PARIS";"48,45996700";"2,51814400"
"202400007146";"4";"06";"2024";"17:50";"1";"11";"11202";"1";"1";"1";"1";"N/A";"42,91290600";"3,02096100"
"202400007147";"21";"10";"2024";"15:50";"1";"47";"47004";"1";"1";"7";"3";"1537 route du sud";"44,28800100";"0,35576800"
"202400007148";"4";"06";"2024";"07:45";"1";"78";"78128";"1";"3";"1";"3";"D906";"48,67649400";"1,98716600"
"202400007149";"21";"10";"2024";"16:50";"1";"86";"86032";"1";"1";"7";"1";"D749";"46,68415500";"0,57358800"
"202400007150";"3";"06";"2024";"21:04";"2";"67";"67033";"1";"1";"1";"7";"D421";"48,74766500";"7,67739400"
"202400007151";"20";"10";"2024";"18:35";"2";"86";"86076";"2";"1";"1";"7";"Rue d'Italie";"46,65911300";"0,28006000"
"202400007152";"4";"06";"2024";"18:40";"1";"74";"74102";"1";"4";"1";"1";"D216";"45,90345600";"6,21132600"
"202400007153";"4";"06";"2024";"19:40";"1";"26";"26170";"2";"3";"1";"6";"Rue du Stade";"44,89683100";"4,95698800"
"202400007154";"21";"10";"2024";"17:35";"1";"25";"25438";"2";"1";"1";"2";"Route de Routelle";"47,14641300";"5,85613400"
"202400007155";"4";"06";"2024";"18:56";"1";"26";"26064";"1";"2";"1";"3";"D68";"44,91046600";"5,05553500"
"202400007156";"17";"10";"2024";"11:41";"1";"29";"29300";"1";"1";"1";"6";"N165";"47,88123383";" -3,67458330"
"202400007157";"4";"06";"2024";"07:15";"1";"40";"40277";"1";"1";"1";"6";"Route de Peyrehorade";"43,66496468";" -1,03909658"
"202400007158";"17";"10";"2024";"10:42";"1";"29";"29150";"2";"1";"1";"2";"16 Rue Louis le Guennec";"47,80465124";" -3,68343153"
"202400007159";"5";"06";"2024";"15:25";"1";"14";"14322";"1";"6";"1";"3";"D572";"49,25423500";" -0,72366000"
"202400007160";"21";"10";"2024";"17:30";"1";"29";"29220";"2";"1";"1";"1";"Chemin du Séquer Névéz";"47,85776600";" -4,24307800"
"202400007161";"5";"06";"2024";"07:40";"1";"22";"22162";"2";"6";"1";"3";"D786";"48,76741300";" -3,03965600"
"202400007162";"4";"06";"2024";"17:45";"1";"13";"13212";"1";"1";"1";"2";"A507 sens Marseille - Aubagne";"43,29317000";"5,42490000"
"202400007163";"21";"10";"2024";"08:15";"3";"29";"29167";"1";"1";"3";"5";"Kermatheanou Bras";"47,96861129";" -4,28582668"
"202400007164";"3";"06";"2024";"17:46";"1";"13";"13202";"1";"1";"1";"3";"Tunnel Joliette Marseille vers Aubagne";"43,29770000";"5,36331000"
"202400007165";"16";"10";"2024";"19:10";"3";"31";"31033";"2";"1";"1";"7";"Chemin de la Pachelle";"43,33910000";"1,48328800"
"202400007166";"27";"08";"2024";"18:12";"1";"31";"31561";"2";"1";"7";"3";"Rue du Lac d'Artouste";"43,65366517";"1,48950040"
"202400007167";"3";"06";"2024";"09:05";"1";"13";"13071";"1";"1";"1";"5";"A55 - Sens Marseille vers Martigues";"43,38665562";"5,30755579"
"202400007168";"20";"10";"2024";"12:00";"1";"03";"03025";"2";"3";"1";"3";"9 Rue Charles Louis Philippe";"46,44220600";"3,36178900"
"202400007169";"4";"06";"2024";"20:10";"1";"83";"83090";"1";"1";"1";"6";"A50";"43,12671297";"5,82361989"
"202400007170";"20";"10";"2024";"20:00";"3";"58";"58136";"1";"1";"1";"2";"D958";"47,07770600";"3,47924900"
"202400007171";"4";"06";"2024";"03:55";"3";"57";"57039";"1";"6";"1";"7";"RN 431";"49,03750221";"6,12084389"
"202400007172";"21";"10";"2024";"05:25";"5";"54";"54029";"2";"1";"1";"7";"59 Rue Lucien Michel";"49,37358200";"5,90104200"
"202400007173";"4";"06";"2024";"17:30";"1";"78";"78646";"1";"1";"1";"5";"RN12";"48,79313300";"2,07470600"
"202400007174";"20";"10";"2024";"20:23";"5";"60";"60291";"2";"2";"1";"1";"Rue Marcel Viseur";"49,65619700";"3,05159200"
"202400007175";"3";"06";"2024";"18:50";"1";"92";"92048";"1";"1";"1";"2";"N118";"48,80447019";"2,21374866"
"202400007176";"19";"10";"2024";"10:20";"1";"73";"73162";"1";"1";"1";"6";"Route du chateau";"45,61994396";"6,27525442"
"202400007177";"3";"06";"2024";"13:50";"1";"92";"92025";"1";"1";"1";"2";"A86";"48,92332788";"2,22863039"
"202400007178";"20";"10";"2024";"16:14";"1";"73";"73128";"1";"1";"7";"1";"D1201 - Route de l'Albanais";"45,73116800";"5,92173800"
"202400007179";"4";"06";"2024";"19:00";"1";"93";"93053";"1";"1";"1";"2";"A3";"48,88380049";"2,46676219"
"202400007180";"21";"10";"2024";"16:25";"1";"43";"43047";"1";"1";"7";"1";"RD 37 ";"44,93824908";"3,92680606"
"202400007181";"4";"06";"2024";"08:50";"1";"95";"95491";"1";"1";"1";"4";"A115";"49,00479000";"2,24522000"
"202400007182";"20";"10";"2024";"05:25";"3";"10";"10353";"1";"1";"1";"7";"D619";"48,43410000";"3,91270000"
"202400007183";"4";"06";"2024";"12:15";"1";"93";"93066";"1";"1";"1";"2";"A86";"48,92618060";"2,33837893"
"202400007184";"20";"10";"2024";"15:15";"1";"21";"21577";"2";"9";"1";"3";"rue du canal";"47,10598900";"5,25497900"
"202400007185";"4";"06";"2024";"09:45";"1";"93";"93010";"1";"1";"1";"2";"A86";"48,89182572";"2,47324767"
"202400007186";"29";"07";"2024";"18:20";"1";"40";"40313";"1";"1";"1";"3";"Avenue du Général Leclerc";"43,83169800";" -0,82435000"
"202400007187";"3";"06";"2024";"14:30";"1";"95";"95582";"1";"1";"1";"4";"A15";"48,96925218";"2,25070233"
"202400007188";"19";"10";"2024";"07:25";"2";"40";"40233";"1";"1";"1";"1";"D322";"43,63845100";" -0,98746100"
"202400007189";"4";"06";"2024";"09:00";"1";"94";"94022";"1";"1";"1";"3";"A86 INT";"48,77662114";"2,41804614"
"202400007190";"21";"10";"2024";"17:26";"1";"24";"24252";"1";"3";"1";"3";"RD 704";"44,94698455";"1,22229874"
"202400007191";"3";"06";"2024";"17:40";"1";"94";"94028";"1";"1";"1";"3";"A86";"48,79983715";"2,44627859"
"202400007192";"3";"06";"2024";"17:00";"1";"94";"94017";"1";"1";"1";"2";"A4";"48,82927700";"2,48195396"
"202400007193";"19";"10";"2024";"12:25";"1";"28";"28199";"2";"1";"1";"1";"Rue du Maréchal Foch";"48,19937400";"1,88537800"
"202400007194";"16";"05";"2024";"14:50";"1";"44";"44109";"2";"1";"1";"6";"Rue du Poitou";"47,22376086";" -1,56476347"
"202400007195";"16";"05";"2024";"08:15";"1";"44";"44109";"2";"1";"1";"6";"5 Rue Jules Grandjouan";"47,24749354";" -1,51416315"
"202400007196";"21";"10";"2024";"17:45";"2";"30";"30089";"1";"1";"1";"4";"D102";"43,84441700";"4,59106200"
"202400007197";"16";"05";"2024";"08:50";"1";"44";"44020";"1";"1";"8";"3";"N/A";"47,16678264";" -1,57352790"
"202400007198";"21";"10";"2024";"06:40";"3";"48";"48072";"1";"1";"1";"6";"D808";"44,50245900";"3,35385600"
"202400007199";"23";"09";"2024";"17:55";"1";"67";"67140";"1";"9";"8";"6";"A35 PK 215+000 sens LAUTERBOURG vers STRASBOURG";"48,86383800";"8,05863600"
"202400007200";"2";"05";"2024";"18:30";"1";"44";"44109";"2";"2";"8";"3";"30 Boulevard des Anglais";"47,22866834";" -1,57710955"
"202400007201";"24";"04";"2024";"10:15";"1";"44";"44190";"2";"1";"8";"6";"341 Route de Clisson";"47,18780466";" -1,48878567"
"202400007202";"22";"04";"2024";"12:50";"1";"44";"44162";"2";"3";"8";"6";"Aveneue de Cheverny";"47,24006907";" -1,59635584"
"202400007203";"21";"10";"2024";"08:35";"2";"53";"53008";"1";"1";"2";"5";"les bruyères";"48,33711800";" -0,54160200"
"202400007204";"19";"04";"2024";"11:05";"1";"44";"44162";"2";"1";"8";"6";"4 Rue Félix Guyon";"47,22585103";" -1,61556499"
"202400007205";"19";"04";"2024";"16:30";"1";"44";"44109";"2";"6";"8";"6";"Rond-Point de Berlin";"47,21626431";" -1,53410743"
"202400007206";"20";"10";"2024";"10:30";"1";"34";"34032";"1";"1";"1";"2";"GARE DE PÉAGE DE BEZIERS CABRIALS";"43,34331200";"3,28909400"
"202400007207";"18";"04";"2024";"18:10";"1";"44";"44109";"2";"2";"1";"3";"Place Pirmil";"47,19779163";" -1,54250423"
"202400007208";"20";"10";"2024";"17:30";"1";"69";"69007";"2";"1";"1";"1";"Route de la Roche";"45,49265300";"4,81761200"
"202400007209";"15";"04";"2024";"06:25";"1";"44";"44109";"2";"1";"1";"3";"116 Boulevard Ernest Dalby";"47,22119204";" -1,53139004"
"202400007210";"15";"10";"2024";"11:00";"1";"988";"98814";"1";"1";"1";"6";"Tribu de Hmelek";" -21,07626000";"167,31162000"
"202400007211";"15";"04";"2024";"07:35";"1";"44";"44109";"2";"1";"8";"6";"Boulevard de Sarrebruck";"47,21669182";" -1,51842646"
"202400007212";"14";"04";"2024";"00:05";"5";"44";"44109";"2";"6";"8";"6";"Boulevard Jean Philippot";"47,21278600";" -1,55381662"
"202400007213";"20";"10";"2024";"09:30";"1";"973";"97303";"2";"6";"1";"7";"Rue Eugene Ronda Sylva";"5,48019700";" -53,21160200"
"202400007214";"14";"04";"2024";"09:27";"1";"44";"44109";"2";"3";"1";"2";"26 Boulevard des Poilus";"47,22931147";" -1,52759867"
"202400007215";"19";"10";"2024";"21:15";"3";"77";"77483";"1";"1";"2";"7";"D405";"49,01193600";"2,94032300"
"202400007216";"3";"06";"2024";"12:50";"1";"973";"97302";"2";"1";"1";"2";"NOVAPARC (RESIDENCE) RTE DE RABAN";"4,92549574";" -52,31274658"
"202400007217";"2";"06";"2024";"19:25";"5";"973";"97302";"2";"1";"1";"6";"SPATULES (RUE DES) CITE EAU LISETTE";"4,92874000";" -52,31949000"
"202400007218";"3";"06";"2024";"20:10";"1";"69";"69388";"2";"2";"1";"6";"Avenue des Frères Lumière";"45,74332000";"4,87430000"
"202400007219";"12";"08";"2024";"18:11";"1";"78";"78108";"1";"9";"1";"7";"Chemin du Moulin";"48,71349100";"1,81888100"
"202400007220";"3";"06";"2024";"09:40";"1";"69";"69382";"2";"1";"8";"2";"22 Quai Docteur Gailleton";"45,75414000";"4,83463000"
"202400007221";"20";"10";"2024";"15:40";"1";"66";"66215";"1";"1";"1";"6";"D2";"42,71060900";"2,49694300"
"202400007222";"3";"06";"2024";"08:30";"1";"69";"69034";"2";"1";"1";"6";"Quai Clemenceau";"45,81274000";"4,84751000"
"202400007223";"17";"10";"2024";"20:50";"3";"83";"83023";"1";"1";"3";"6";"RN 7, zac nicopolis";"43,39471100";"6,14174400"
"202400007224";"1";"06";"2024";"02:45";"5";"971";"97101";"1";"1";"1";"7";"BOULEVARD DES HEROS";"16,24870000";" -61,52494000"
"202400007225";"21";"10";"2024";"11:45";"1";"05";"05181";"1";"1";"1";"6";"D1091";"45,03324064";"6,38421163"
"202400007226";"2";"06";"2024";"04:00";"3";"971";"97101";"1";"1";"3";"6";"PERRIN";"16,28013000";" -61,51071000"
"202400007227";"3";"06";"2024";"13:25";"1";"95";"95582";"2";"9";"1";"3";"D14";"48,97715896";"2,24346319"
"202400007228";"21";"10";"2024";"08:10";"1";"25";"25505";"1";"2";"1";"3";"D486";"47,47260300";"6,33976000"
"202400007229";"3";"06";"2024";"08:05";"1";"95";"95203";"2";"1";"1";"3";"D909";"48,98345834";"2,27216363"
"202400007230";"3";"06";"2024";"08:20";"1";"95";"95288";"2";"1";"1";"6";"MONTMORENCY (RUE DE)";"48,98796000";"2,33574000"
"202400007231";"18";"10";"2024";"11:00";"1";"88";"88513";"1";"2";"1";"3";"D157";"48,35071600";"6,31829700"
"202400007232";"3";"06";"2024";"08:16";"1";"91";"91549";"2";"6";"1";"3";"ROND POINT CD 117";"48,62353000";"2,34137000"
"202400007233";"20";"10";"2024";"17:40";"1";"88";"88090";"1";"1";"1";"7";"N57";"48,36909400";"6,27773200"
"202400007234";"2";"06";"2024";"17:35";"1";"91";"91201";"2";"3";"1";"2";"AV DU GENERAL DE GAULLE";"48,68805100";"2,39240200"
"202400007235";"20";"10";"2024";"22:15";"4";"64";"64460";"2";"1";"1";"6";"4 Rue des 3 Frères Carrey";"43,19491300";" -0,58147900"
"202400007236";"3";"06";"2024";"13:00";"1";"91";"91027";"2";"1";"1";"3";"AV FRANCOIS MITTERRAND";"48,70876000";"2,37145000"
"202400007237";"21";"10";"2024";"05:20";"3";"60";"60342";"1";"1";"2";"6";"D1016";"49,31235200";"2,44709700"
"202400007238";"3";"06";"2024";"04:11";"4";"87";"87085";"2";"2";"1";"3";"MONTMAILLER (RUE)";"45,83607000";"1,25061000"
"202400007239";"20";"10";"2024";"13:00";"1";"13";"13212";"1";"1";"1";"2";"A507 sens Marseille - Aubagne";"43,29494460";"5,42444612"
"202400007240";"2";"06";"2024";"21:24";"2";"87";"87085";"2";"1";"1";"2";"GUERIN (RUE CAMILLE)";"45,81687000";"1,22707000"
"202400007241";"31";"05";"2024";"20:40";"2";"87";"87085";"2";"2";"1";"3";"PORT DU NAVEIX (RUE DU)";"45,83229000";"1,27399000"
"202400007242";"20";"10";"2024";"09:10";"1";"91";"91689";"1";"1";"1";"2";"AUTOROUTE A6B";"48,74842000";"2,32783000"
"202400007243";"2";"06";"2024";"18:45";"1";"84";"84031";"2";"1";"1";"6";"Boulevard du Nord";"44,05685800";"5,04751300"
"202400007244";"20";"10";"2024";"19:56";"3";"93";"93064";"1";"1";"1";"4";"AUTOROUTE A86";"48,87758173";"2,47736938"
"202400007245";"20";"10";"2024";"01:50";"3";"93";"93078";"1";"1";"2";"6";"AUTOROUTE A104";"48,96361976";"2,52140428"
"202400007246";"3";"06";"2024";"06:30";"2";"84";"84007";"2";"3";"1";"3";"RHONE (Boulevard du )";"43,95060000";"4,80237000"
"202400007247";"20";"10";"2024";"01:30";"3";"92";"92078";"1";"1";"2";"6";"AUTOROUTE A86";"48,92830843";"2,33162459"
"202400007248";"2";"06";"2024";"16:50";"1";"83";"83137";"2";"1";"1";"3";"D'ORVES (AVE ESTIENNE)";"43,12688000";"5,91583000"
"202400007249";"1";"06";"2024";"10:40";"1";"83";"83129";"2";"1";"1";"6";"DE LATTRE DE TASSIGNY (AV)";"43,09353000";"5,84493000"
"202400007250";"20";"10";"2024";"22:02";"3";"77";"77055";"1";"1";"1";"2";"RN104";"48,90035015";"2,65378388"
"202400007251";"31";"05";"2024";"14:15";"1";"83";"83129";"2";"1";"1";"3";"DE LATTRE DE TASSIGNY (AV)";"43,09388000";"5,83944000"
"202400007252";"2";"06";"2024";"21:40";"1";"80";"80021";"1";"1";"1";"7";"SAVEUSE (RUE DE)";"49,90353000";"2,24866000"
"202400007253";"20";"10";"2024";"14:45";"1";"94";"94017";"1";"1";"1";"2";"A4";"48,82689610";"2,51289950"
"202400007254";"19";"10";"2024";"02:40";"3";"77";"77294";"1";"1";"1";"7";"A104";"48,95994344";"2,62106698"
"202400007255";"3";"06";"2024";"17:50";"1";"78";"78551";"1";"9";"1";"5";"RD 308";"48,94219300";"2,12197300"
"202400007256";"31";"05";"2024";"17:45";"1";"73";"73121";"2";"2";"1";"3";"Rue de l'expansion";"45,62753486";"6,31610021"
"202400007257";"3";"06";"2024";"16:30";"1";"78";"78440";"2";"9";"1";"3";"PAUL RAOULT (AVENUE)";"48,98861000";"1,91345000"
"202400007258";"1";"06";"2024";"16:15";"1";"84";"84076";"2";"1";"1";"7";"Route de Beaumont";"43,70608900";"5,65716500"
"202400007259";"30";"06";"2024";"09:20";"1";"50";"50393";"1";"3";"8";"1";"La Cavee";"48,92216100";" -1,15426700"
"202400007260";"10";"10";"2024";"23:10";"5";"44";"44109";"2";"1";"1";"6";"Rue Léopold Cassegrain";"47,21926604";" -1,55860891"
"202400007261";"17";"10";"2024";"13:05";"1";"75";"75113";"2";"3";"1";"6";"RUE BARRAULT";"48,82730900";"2,34702800"
"202400007262";"8";"10";"2024";"09:50";"1";"44";"44109";"2";"6";"1";"7";"Boulevard des Nations-Unies";"47,21070453";" -1,55951649"
"202400007263";"15";"10";"2024";"07:45";"2";"84";"84007";"2";"1";"5";"2";"JOSEPH VERNET (RUE)";"43,94577000";"4,80365000"
"202400007264";"14";"10";"2024";"07:55";"1";"45";"45338";"2";"1";"8";"6";"43 Rue Jean Mermoz";"47,98094000";"2,72192000"
"202400007265";"19";"08";"2024";"07:15";"1";"74";"74178";"1";"1";"1";"3";"Route de mionnaz nord";"45,94046700";"5,92871200"
"202400007266";"12";"08";"2024";"08:15";"1";"74";"74112";"2";"6";"1";"3";"Rue de la Tuilerie";"45,93631200";"6,08682100"
"202400007267";"17";"08";"2024";"16:30";"1";"74";"74010";"1";"2";"1";"3";"Route des argos";"45,93776200";"6,15445200"
"202400007268";"10";"08";"2024";"14:20";"1";"74";"74140";"1";"3";"7";"3";"Route du Col de Terramont";"46,24481500";"6,47755600"
"202400007269";"18";"10";"2024";"16:15";"1";"69";"69386";"2";"2";"1";"1";"Boulevard Stalingrad";"45,77088000";"4,85854000"
"202400007270";"19";"10";"2024";"08:05";"1";"972";"97209";"2";"1";"1";"6";"AVE CAMILLE DARSIERES";"14,59860000";" -61,05295000"
"202400007271";"19";"10";"2024";"23:25";"5";"69";"69382";"2";"1";"1";"2";"Quai Docteur Gailleton";"45,75285000";"4,83338000"
"202400007272";"19";"10";"2024";"15:20";"1";"69";"69034";"1";"1";"1";"5";"65b Rue Pasteur";"45,79038000";"4,84188000"
"202400007273";"19";"10";"2024";"06:19";"5";100;100033";"2";"3";"8";"3";"PAOLI DU NR 21 AU 45 -BLD";"42,70128000";"9,45041000"