"Num_Acc";"jour";"mois";"an";"hrmn";"lum";"dep";"com";"agg";"int";"atm";"col";"adr";"lat";"long"
"202400007801";"25";"11";"2024";"17:37";"1";"973";"97302";"2";"6";"1";"2";"BADUEL (ROUTE DE)";"4,92967000";" -52,30332000"
"202400007802";"27";"04";"2024";"06:00";"2";"976";"97612";"1";"1";"1";"1";"RN 1";" -12,70238500";"45,06047800"
"202400007803";"13";"09";"2024";"16:45";"1";"35";"35238";"2";"6";"1";"3";"ROUTE DE SAINT-MALO";"48,13236074";" -1,69094503"
"202400007804";"27";"04";"2024";"00:01";"5";"83";"83116";"1";"1";"2";"6";"sortie n°34 Autoroute A8";"43,44949200";"5,87720800"
"202400007805";"14";"09";"2024";"19:15";"1";"34";"34172";"2";"1";"1";"3";"PALAVAS (AVENUE DE)";"43,59690000";"3,88696000"
"202400007806";"25";"11";"2024";"09:40";"1";"973";"97302";"2";"1";"1";"4";"BADUEL (ROUTE DE)";"4,92890000";" -52,29521000"
"202400007807";"25";"04";"2024";"07:00";"1";"987";"98733";"1";"1";"1";"3";"PK 25.400, RT1,";" -17,72152500";" -149,58101400"
"202400007808";"26";"11";"2024";"20:10";"5";"69";"69387";"2";"1";"1";"6";"Boulevard Chambaud de la Bruyère";"45,72329000";"4,84243000"
"202400007809";"14";"09";"2024";"13:15";"1";"30";"30007";"2";"3";"1";"3";"VERNE (RUE JULES)";"44,13300000";"4,09300000"
"202400007810";"27";"04";"2024";"18:19";"3";"988";"98833";"1";"1";"2";"7";"RPN3, tribu de Koh";" -21,53421000";"165,82857000"
"202400007811";"26";"11";"2024";"22:00";"5";"69";"69388";"2";"2";"1";"3";"Rue Louis Jouvet";"45,74572000";"4,86071000"
"202400007812";"9";"09";"2024";"21:30";"3";"29";"29232";"1";"1";"1";"2";"RN 165";"48,01282623";" -4,07362863"
"202400007813";"13";"09";"2024";"23:45";"3";"27";"27681";"1";"1";"1";"7";"QUEUE D'HAYE (RUE DE LA )";"49,10352000";"1,51018000"
"202400007814";"26";"04";"2024";"17:45";"1";"95";"95446";"2";"1";"1";"3";"D151";"49,13025400";"2,17036300"
"202400007815";"26";"11";"2024";"15:31";"1";"69";"69387";"2";"3";"1";"1";"Avenue Jean Jaurès";"45,73429000";"4,83539000"
"202400007816";"13";"09";"2024";"17:35";"1";"22";"22360";"1";"1";"1";"2";"RD700";"48,46964800";" -2,77491600"
"202400007817";"26";"11";"2024";"08:00";"1";"69";"69383";"2";"1";"8";"3";"Boulevard Marius Vivier-Merle";"45,75396000";"4,85937000"
"202400007818";"15";"04";"2024";"10:02";"1";"91";"91207";"2";"1";"1";"6";"Rue de la Fausse Clairette";"48,58172100";"2,23075600"
"202400007819";"14";"09";"2024";"03:50";"4";"22";"22187";"1";"6";"1";"6";"RD786";"48,54828000";" -2,79342000"
"202400007820";"26";"11";"2024";"18:40";"3";"972";"97213";"1";"1";"1";"2";"ROUTE NATIONALE 6";"14,59437000";" -60,98199000"
"202400007821";"14";"09";"2024";"20:08";"1";"19";"19031";"2";"6";"1";"3";"CHAUMEIL (RUE PIERRE)";"45,15645000";"1,50424000"
"202400007822";"27";"04";"2024";"04:30";"5";"91";"91661";"1";"1";"2";"2";"Rue de la Prairie";"48,70289600";"2,25710400"
"202400007823";"26";"11";"2024";"09:31";"1";"972";"97213";"1";"1";"2";"2";"AUTOROUTE A1";"14,61830000";" -61,02610000"
"202400007824";"14";"09";"2024";"10:25";"1";"14";"14366";"2";"3";"1";"2";"74 Rue du Général Leclerc";"49,15294000";"0,22361000"
"202400007825";"27";"04";"2024";"15:55";"1";"78";"78276";"1";"1";"2";"1";"rue du temple";"49,06936800";"1,59052800"
"202400007826";"27";"04";"2024";"06:00";"2";100;100289";"1";"1";"1";"6";"RT20 92+108";"42,35456400";"9,17173900"
"202400007827";"26";"11";"2024";"11:30";"1";"972";"97209";"1";"1";"1";"4";"Bretelle sortie A1";"14,61452000";" -61,04977000"
"202400007828";"13";"09";"2024";"19:20";"1";"14";"14271";"1";"1";"1";"4";"N814";"49,13636000";" -0,37519000"
"202400007829";"25";"11";"2024";"16:15";"1";"972";"97209";"2";"9";"2";"2";"MARNE (BOULEVARD DE LA)";"14,60515000";" -61,08791000"
"202400007830";"27";"04";"2024";"14:57";"1";"83";"83023";"2";"6";"1";"3";"Brignoles (Embranchement d'autoroute)";"43,41570236";"6,06171656"
"202400007831";"15";"09";"2024";"00:40";"5";"13";"13208";"2";"1";"1";"1";"MADRAGUE DE MONTREDON (AVE DE LA) ";"43,23584000";"5,36145000"
"202400007832";"26";"11";"2024";"12:55";"1";"69";"69034";"2";"1";"1";"3";"Rue Pasteur";"45,79183000";"4,84374000"
"202400007833";"27";"04";"2024";"09:50";"1";"38";"38344";"2";"1";"1";"4";"Route de Sablons";"45,36493044";"4,79771689"
"202400007834";"14";"09";"2024";"15:00";"1";"13";"13202";"2";"1";"1";"5";"CARGO RHIN FIDELI (RUE)";"43,32703000";"5,35591000"
"202400007835";"26";"11";"2024";"11:20";"1";"95";"95219";"2";"1";"1";"3";"D192";"48,99191000";"2,25794000"
"202400007836";"26";"04";"2024";"09:35";"1";"31";"31505";"1";"1";"1";"6";"D86";"43,16669600";"1,08243800"
"202400007837";"26";"04";"2024";"19:20";"1";"17";"17228";"1";"1";"1";"7";"D140, rue du colonel Beltrame";"45,62921000";" -0,96394300"
"202400007838";"14";"09";"2024";"01:30";"5";"13";"13216";"2";"4";"1";"1";"ROGER CHIEUSSE (BOULEVARD)";"43,36299635";"5,31640711"
"202400007839";"26";"11";"2024";"10:15";"1";"95";"95218";"2";"1";"1";"4";"N184";"49,01538761";"2,09129307"
"202400007840";"26";"04";"2024";"04:24";"3";"72";"72264";"2";"1";"1";"2";"Rue du Clos du Bois";"47,82613600";" -0,31609300"
"202400007841";"14";"09";"2024";"19:45";"1";"13";"13001";"2";"1";"1";"3";"ROI RENE (BD DU)";"43,52414000";"5,45151000"
"202400007842";"24";"04";"2024";"15:30";"1";"49";"49301";"2";"1";"2";"2";"Rue de la Vendée (St Macaire-en-Mauges)";"47,12228100";" -0,99310400"
"202400007843";"26";"11";"2024";"13:20";"1";"91";"91228";"2";"2";"1";"3";"MARECHAL LECLERC (BD)";"48,63152000";"2,44119000"
"202400007844";"14";"09";"2024";"11:00";"1";"06";"06027";"2";"1";"1";"5";"12 Avenue de Cannes";"43,65473000";"7,14988000"
"202400007845";"25";"11";"2024";"12:40";"1";"91";"91174";"2";"1";"2";"6";"BD HENRI DUNANT";"48,59916000";"2,47994000"
"202400007846";"24";"04";"2024";"09:50";"1";"44";"44215";"2";"6";"1";"3";"Boulevard Auguste Priou";"47,18012400";" -1,49870000"
"202400007847";"25";"11";"2024";"17:15";"3";"88";"88383";"2";"1";"3";"6";"Rue Jules Ferry";"48,01427000";"6,59982000"
"202400007848";"13";"09";"2024";"08:45";"1";"04";"04112";"2";"1";"1";"2";"MAJORAL ARNAUD (AV.)";"43,83040000";"5,78340000"
"202400007849";"27";"04";"2024";"08:10";"1";"50";"50294";"1";"1";"1";"1";"D900";"49,58842400";" -1,65360300"
"202400007850";"26";"11";"2024";"16:45";"1";"86";"86157";"1";"1";"1";"1";"RN 147";"46,52433000";"0,44578000"
"202400007851";"26";"04";"2024";"23:15";"3";"60";"60446";"1";"1";"2";"2";"N2";"49,13391990";"2,79801376"
"202400007852";"13";"09";"2024";"15:15";"1";"03";"03185";"2";"6";"1";"3";"Avenue des Guineberts";"46,33701000";"2,58741800"
"202400007853";"21";"11";"2024";"12:20";"1";"86";"86157";"2";"1";"6";"6";"RN 147";"46,55194700";"0,40107900"
"202400007854";"27";"04";"2024";"02:10";"3";"02";"02282";"1";"1";"1";"1";"Route Departementale 1044";"49,55571600";"3,70878700"
"202400007855";"13";"09";"2024";"12:20";"1";"75";"75120";"2";"1";"1";"3";"BOULEVARD PERIPHERIQUE INTERIEUR NORD  ";"48,86604900";"2,41320400"
"202400007856";"27";"04";"2024";"10:40";"1";"59";"59034";"1";"1";"1";"1";"CD 549";"50,53746300";"3,08702400"
"202400007857";"12";"11";"2024";"10:10";"1";"84";"84031";"1";"1";"1";"6";"LEGUE CHEMIN DE LA";"44,04235000";"5,07562000"
"202400007858";"13";"09";"2024";"23:25";"5";"75";"75105";"2";"3";"1";"3";"QUAI DE MONTEBELLO";"48,85176200";"2,34956200"
"202400007859";"25";"04";"2024";"08:30";"1";"83";"83090";"1";"1";"1";"2";"A50";"43,12608109";"5,88263494"
"202400007860";"26";"11";"2024";"14:40";"1";"83";"83137";"2";"1";"1";"6";"BARTOLINI (RUE JEAN)";"43,12022000";"5,94302000"
"202400007861";"14";"09";"2024";"09:30";"1";"75";"75118";"2";"2";"1";"3";"BOULEVARD BARBES";"48,88834100";"2,34957500"
"202400007862";"25";"04";"2024";"16:10";"1";"42";"42218";"1";"1";"1";"6";"N88";"45,42303000";"4,41292000"
"202400007863";"26";"11";"2024";"17:56";"5";"83";"83061";"2";"1";"1";"6";"AVENUE ANDRE LEOTARD";"43,43643000";"6,76381000"
"202400007864";"14";"09";"2024";"09:00";"1";"75";"75110";"2";"3";"1";"3";"BOULEVARD DE MAGENTA";"48,87651600";"2,35585400"
"202400007865";"25";"11";"2024";"13:00";"1";"83";"83141";"1";"1";"1";"1";"LE VIGNARET (308 ROUTE DE LA MOTTE)";"43,50235424";"6,48853024"
"202400007866";"26";"04";"2024";"14:35";"1";"33";"33096";"1";"1";"2";"4";"N/A";"44,89033000";" -0,50277000"
"202400007867";"23";"08";"2024";"12:20";"1";"75";"75116";"2";"1";"1";"7";"BOULEVARD SUCHET";"48,85631000";"2,26401300"
"202400007868";"24";"04";"2024";"19:50";"1";"33";"33013";"1";"1";"1";"2";"N/A";"44,86433000";" -0,50361000"
"202400007869";"25";"11";"2024";"16:25";"1";"80";"80261";"1";"1";"2";"5";"D210";"49,86099000";"2,26500000"
"202400007870";"14";"09";"2024";"08:00";"1";"75";"75114";"2";"4";"1";"6";"RUE DAREAU";"48,83142000";"2,33799600"
"202400007871";"24";"11";"2024";"11:20";"1";"80";"80164";"1";"1";"6";"3";"D1";"49,90199000";"2,35941000"
"202400007872";"26";"04";"2024";"08:30";"1";"93";"93053";"1";"1";"1";"5";"A3";"48,88394634";"2,46838028"
"202400007873";"14";"09";"2024";"04:40";"5";"75";"75109";"2";"1";"1";"6";"BOULEVARD HAUSSMANN";"48,87349000";"2,32909400"
"202400007874";"12";"11";"2024";"10:45";"1";"95";"95218";"2";"1";"8";"6";"D48E";"49,01308751";"2,09083781"
"202400007875";"26";"04";"2024";"12:05";"1";"95";"95572";"1";"1";"1";"4";"N184";"49,03785208";"2,12338183"
"202400007876";"14";"09";"2024";"12:45";"1";"94";"94081";"2";"1";"1";"6";"Rue Désiré Granet";"48,79465700";"2,39775100"
"202400007877";"26";"04";"2024";"07:38";"1";"93";"93066";"1";"1";"1";"5";"A1";"48,91623043";"2,35752085"
"202400007878";"14";"09";"2024";"14:20";"1";"94";"94068";"2";"2";"1";"3";"Rue Jean Mermoz";"48,80725000";"2,51677700"
"202400007879";"26";"11";"2024";"20:00";"3";"77";"77114";"1";"1";"1";"4";"D471";"48,73807871";"2,70157404"
"202400007880";"26";"04";"2024";"01:20";"3";"95";"95582";"1";"1";"1";"6";"A15";"48,97282083";"2,24738326"
"202400007881";"13";"09";"2024";"21:45";"5";"94";"94071";"2";"1";"2";"1";"Rue de la Cité Verte";"48,77386000";"2,52526800"
"202400007882";"26";"11";"2024";"11:45";"1";"76";"76319";"1";"1";"1";"3";"Boulevard Maritime";"49,35979000";"0,99320000"
"202400007883";"25";"04";"2024";"07:00";"1";"987";"98735";"2";"1";"1";"3";"BRUAT (AVENUE)";" -17,54274000";" -149,57090000"
"202400007884";"14";"09";"2024";"21:45";"5";"93";"93070";"2";"2";"1";"3";"VICTOR-HUGO (BD)";"48,90482000";"2,32227000"
"202400007885";"26";"11";"2024";"09:35";"1";"76";"76497";"2";"1";"1";"2";"N338 - Sud 3";"49,38924000";"1,04433000"
"202400007886";"25";"04";"2024";"23:50";"5";"69";"69383";"2";"2";"1";"3";"Rue Trarieux";"45,74547000";"4,88584000"
"202400007887";"26";"11";"2024";"07:50";"1";"72";"72181";"1";"1";"5";"2";"PATTON GENERAL RTE ST-AUBIN A AV RUBILLA";"48,02838000";"0,17789000"
"202400007888";"14";"09";"2024";"13:30";"1";"93";"93014";"2";"1";"1";"2";"GAGNY (ALLEE DE)";"48,90294000";"2,54758000"
"202400007889";"25";"04";"2024";"16:05";"1";"69";"69386";"2";"2";"1";"3";"Boulevard des Belges";"45,77238000";"4,85370000"
"202400007890";"25";"11";"2024";"13:29";"1";"72";"72181";"2";"6";"1";"3";"EINSTEIN ALBERT (RUE)";"48,02574000";"0,17588000"
"202400007891";"25";"04";"2024";"11:55";"1";"972";"97209";"2";"1";"1";"2";"BOUILLE (RUE)";"14,60469000";" -61,06455000"
"202400007892";"25";"11";"2024";"17:30";"1";"71";"71076";"2";"1";"1";"6";"SAINT COSME (GRANDE RUE)";"46,77857000";"4,84841000"
"202400007893";"26";"11";"2024";"12:20";"1";"67";"67482";"2";"1";"1";"3";"RATHSAMHAUSEN (RUE DE)";"48,56603000";"7,76005000"
"202400007894";"24";"04";"2024";"18:10";"2";"972";"97209";"2";"1";"1";"2";"RD 41 (ROCADE)";"14,61000000";" -61,07700000"
"202400007895";"14";"09";"2024";"00:30";"5";"93";"93046";"2";"3";"1";"6";"AMEDEE DUNOIS RUE";"48,92396000";"2,54085000"
"202400007896";"26";"11";"2024";"08:25";"1";"67";"67482";"2";"1";"1";"3";"FAUBOURG DE SAVERNE (RUE DU)";"48,58600000";"7,73900000"
"202400007897";"13";"09";"2024";"23:55";"3";"93";"93046";"2";"1";"1";"6";"VAUJOURS CHEMIN DE";"48,92548000";"2,55243000"
"202400007898";"26";"04";"2024";"01:30";"5";"69";"69384";"2";"1";"2";"3";"93 Grande Rue de la Croix-Rousse";"45,78145104";"4,83268842"
"202400007899";"25";"11";"2024";"17:55";"5";"64";"64024";"2";"3";"8";"1";"HARDOY (RUE DE)";"43,49340000";" -1,50882000"
"202400007900";"25";"04";"2024";"14:25";"1";"69";"69034";"2";"1";"1";"6";"75 Rue Pasteur";"45,79182000";"4,84373000"
"202400007901";"14";"09";"2024";"19:05";"1";"93";"93079";"2";"1";"1";"3";"MAROC (AV)";"48,95589402";"2,33546155"
"202400007902";"24";"04";"2024";"06:51";"1";"971";"97113";"1";"1";"1";"7";"RN4-ROND POINT SAINT FELIX";"16,20769653";" -61,46064699"
"202400007903";"25";"11";"2024";"16:55";"1";"64";"64102";"2";"1";"8";"2";"URSUYA (AVENUE DE L')";"43,47820000";" -1,49299000"
"202400007904";"14";"09";"2024";"09:00";"1";"93";"93027";"2";"1";"1";"2";"JAURES (AVENUE JEAN)";"48,92474572";"2,40114212"
"202400007905";"23";"04";"2024";"22:40";"5";"971";"97101";"1";"1";"1";"6";"RN11";"16,27095703";" -61,51412487"
"202400007906";"25";"11";"2024";"09:20";"1";"64";"64024";"2";"1";"3";"3";"SAINT PEE (ROUTE DE)";"43,45822000";" -1,49840000"
"202400007907";"23";"04";"2024";"20:25";"5";"971";"97101";"2";"1";"1";"6";"CHAUVEL";"16,23951817";" -61,51970923"
"202400007908";"13";"09";"2024";"22:05";"5";"93";"93027";"2";"2";"1";"3";"VAILLANT-COUTURIER (AVENUE PAUL)";"48,92500000";"2,41500000"
"202400007909";"25";"11";"2024";"17:30";"5";"63";"63300";"2";"1";"2";"6";"STADE (AVENUE DU)";"45,88347227";"3,12445968"
"202400007910";"25";"04";"2024";"13:45";"1";"91";"91122";"2";"9";"1";"1";"CHARTRES (ROUTE DE)";"48,69311000";"2,16172000"
"202400007911";"25";"11";"2024";"17:15";"5";"63";"63032";"2";"1";"2";"6";"RIVAUX (AVENUE DES)";"45,75105000";"3,09647000"
"202400007912";"14";"09";"2024";"13:20";"1";"93";"93008";"2";"9";"1";"3";"BARBUSSE (AVENUE HENRI) A30";"48,90493575";"2,42027998"
"202400007913";"24";"04";"2024";"18:00";"1";"91";"91223";"2";"9";"1";"7";"SAINT MICHEL (BOULEVARD)";"48,45009000";"2,17206000"
"202400007914";"26";"11";"2024";"07:10";"5";"59";"59527";"2";"1";"2";"6";"Rue du Général Leclerc";"50,66334000";"3,05009000"
"202400007915";"13";"09";"2024";"20:00";"2";"93";"93001";"2";"1";"1";"3";"JEAN JAURES (AVE)  215 =>";"48,91534942";"2,40458322"
"202400007916";"23";"04";"2024";"13:41";"1";"87";"87085";"2";"1";"1";"6";"BAUDIN ( AVENUE) (VC)";"45,82681000";"1,26029000"
"202400007917";"14";"09";"2024";"11:00";"1";"92";"92073";"2";"1";"1";"6";"JAURES (AVENUE JEAN)";"48,86367931";"2,20897995"
"202400007918";"22";"04";"2024";"08:00";"1";"85";"85194";"2";"6";"1";"3";"Avenue du commandant belmont";"46,48893000";" -1,75040000"
"202400007919";"25";"11";"2024";"19:00";"5";"59";"59009";"2";"5";"8";"3";"OUEST BOULEVARD DE L";"50,64650000";"3,12475000"
"202400007920";"14";"09";"2024";"13:00";"1";"92";"92050";"2";"1";"1";"6";"JOFFRE MARECHAL AVENUE DU";"48,88555519";"2,19632864"
"202400007921";"24";"04";"2024";"12:20";"1";"84";"84087";"2";"1";"1";"3";"MISTRAL (AVENUE FREDERIC)";"44,13700000";"4,81800000"
"202400007922";"14";"09";"2024";"00:30";"5";"92";"92050";"2";"1";"1";"6";"BOULEVARD DE LA DEFENSE";"48,89601241";"2,23345712"
"202400007923";"26";"11";"2024";"08:00";"2";"59";"59183";"2";"1";"3";"6";"MAGASIN GENERAL";"51,03447000";"2,36599000"
"202400007924";"25";"04";"2024";"15:55";"1";"83";"83126";"2";"2";"1";"1";"BARTOLINI (AV JEAN)";"43,11385609";"5,86614937"
"202400007925";"14";"09";"2024";"19:20";"1";"92";"92035";"2";"1";"1";"3";"Général de Gaulle  ( avenue du )";"48,90999389";"2,25497380"
"202400007926";"26";"11";"2024";"11:15";"1";"59";"59183";"2";"1";"2";"3";"REPUBLIQUE";"51,03225200";"2,37575800"
"202400007927";"25";"04";"2024";"15:25";"1";"83";"83129";"2";"1";"1";"3";"LOMBARD (CHEMIN DE)";"43,09389000";"5,85131000"
"202400007928";"14";"09";"2024";"18:52";"1";"92";"92026";"2";"1";"1";"6";"ALBERT GLEIZES (AVENUE)";"48,89220690";"2,24386870"
"202400007929";"25";"11";"2024";"17:45";"3";"56";"56121";"2";"1";"2";"2";"D465 Desserte Portuaire";"47,76048000";" -3,38289000"
"202400007930";"14";"09";"2024";"19:00";"1";"92";"92012";"2";"1";"1";"7";"SILLY (RUE DE) 1/87 - 2/88";"48,83343229";"2,23335961"
"202400007931";"25";"04";"2024";"20:35";"1";"81";"81065";"2";"1";"1";"5";"ALBERT 1° (AV)";"43,59925000";"2,23216000"
"202400007932";"26";"11";"2024";"11:25";"1";"54";"54395";"2";"1";"1";"6";"Rue Charles de Foucauld";"48,70098500";"6,18604700"
"202400007933";"15";"09";"2024";"04:00";"5";"09";"09141";"2";"1";"1";"7";"Route de Luchon";"42,93653800";"0,96350300"
"202400007934";"25";"04";"2024";"20:40";"2";"78";"78418";"2";"1";"1";"1";"PAUL DOUMER (AVENUE)";"48,90753000";"2,15600000"
"202400007935";"15";"09";"2024";"15:30";"1";"60";"60374";"2";"1";"1";"6";"8 Rue du Général Leclerc";"49,54461055";"2,50851989"
"202400007936";"25";"11";"2024";"08:04";"1";"54";"54395";"2";"2";"6";"3";"Rue Gabriel Mouilleron";"48,68402000";"6,17163000"
"202400007937";"25";"04";"2024";"13:40";"1";"78";"78498";"2";"1";"1";"7";"RD 30";"48,93782000";"2,05450000"
"202400007938";"14";"09";"2024";"20:44";"5";"80";"80016";"2";"9";"1";"3";"Avenue du Général Faidherbe";"50,00571636";"2,66053677"
"202400007939";"26";"11";"2024";"14:50";"1";"51";"51454";"2";"6";"1";"3";"Rond-point de l'Ordre National du Mérite";"49,24234000";"4,02450000"
"202400007940";"14";"09";"2024";"11:35";"1";"71";"71286";"1";"1";"1";"7";"D980";"46,59825900";"4,49316500"
"202400007941";"25";"11";"2024";"14:11";"1";"51";"51506";"2";"1";"2";"1";"GRAND MAU (RUE DU)";"48,94951000";"4,38970000"
"202400007942";"25";"04";"2024";"18:24";"1";"77";"77418";"1";"1";"1";"1";"D 49";"48,53871000";"3,20134800"
"202400007943";"15";"09";"2024";"10:10";"1";"49";"49092";"2";"1";"7";"6";"6 Avenue du Général de Gaulle (Chemillé)";"47,21749100";" -0,72648600"
"202400007944";"26";"11";"2024";"08:00";"2";"49";"49328";"2";"3";"1";"3";"RENAULT (BOULEVARD LOUIS)";"47,25301300";" -0,08402000"
"202400007945";"24";"04";"2024";"14:40";"1";"77";"77284";"2";"2";"1";"2";"TESSAN (RUE FRANCOIS DE)";"48,95050900";"2,87980800"
"202400007946";"15";"09";"2024";"11:35";"1";"68";"68295";"1";"3";"1";"3";"D45";"48,02740800";"7,40204700"
"202400007947";"25";"11";"2024";"18:22";"2";"49";"49007";"2";"1";"2";"6";"Avenue Marie Talet";"47,47678000";" -0,54824000"
"202400007948";"24";"04";"2024";"11:57";"1";"77";"77243";"2";"1";"1";"6";"SAINT DENIS  (RUE   )";"48,87855000";"2,70530000"
"202400007949";"14";"09";"2024";"21:00";"3";"22";"22093";"1";"1";"1";"6";"N 12 LA PETITE CHAPELLE";"48,45455000";" -2,49294700"
"202400007950";"25";"11";"2024";"10:27";"1";"49";"49007";"2";"8";"2";"3";"JEAN XXIII AVENUE";"47,44700120";" -0,56126565"
"202400007951";"13";"09";"2024";"13:00";"1";"971";"97132";"2";"1";"1";"6";"Chemin de la Coulisse";"15,97552200";" -61,63530200"
"202400007952";"24";"04";"2024";"17:25";"1";"76";"76341";"1";"1";"1";"4";"RD 6015";"49,50763675";"0,19560814"
"202400007953";"26";"11";"2024";"16:30";"1";"46";"46042";"2";"1";"1";"6";"BASTIE (AVENUE MARYSE)";"44,45665688";"1,42583656"
"202400007954";"25";"04";"2024";"07:00";"1";"76";"76414";"2";"1";"1";"6";"RD 485";"49,91227000";"1,10579000"
"202400007955";"15";"09";"2024";"06:00";"3";"50";"50487";"1";"1";"1";"3";"A84";"48,50153448";" -1,34459406"
"202400007956";"26";"11";"2024";"13:32";"1";"45";"45232";"2";"6";"1";"3";"1215 Rue Marcel Belot";"47,85692200";"1,90296400"
"202400007957";"25";"04";"2024";"19:20";"1";"74";"74012";"2";"1";"1";"6";"VALLEES (ROUTE DES)";"46,19244100";"6,24579500"
"202400007958";"26";"11";"2024";"09:30";"1";"45";"45235";"2";"7";"8";"6";"106 Rue Nationale";"47,94087000";"1,82083000"
"202400007959";"24";"04";"2024";"15:25";"1";"71";"71270";"2";"1";"1";"6";"GAMBETTA (RUE)";"46,30245000";"4,83001000"
"202400007960";"14";"09";"2024";"13:50";"1";"35";"35251";"1";"2";"1";"3";"D175";"48,24729700";" -1,61933500"
"202400007961";"26";"11";"2024";"18:30";"5";"44";"44109";"2";"1";"1";"6";"25 Boulevard Emile Romanet";"47,21020000";" -1,60341000"
"202400007962";"15";"09";"2024";"00:05";"3";"57";"57674";"1";"1";"1";"6";"D74";"48,91186700";"6,40717500"
"202400007963";"25";"04";"2024";"22:10";"5";"69";"69266";"2";"6";"1";"3";"Rue Gabriel Péri";"45,77228000";"4,86591000"
"202400007964";"25";"11";"2024";"17:25";"5";"43";"43157";"2";"2";"6";"3";"Rue des Tanneries";"45,03986000";"3,88684000"
"202400007965";"25";"04";"2024";"21:45";"5";"69";"69256";"2";"3";"1";"3";"Avenue de Böhlen";"45,76464318";"4,91927819"
"202400007966";"13";"08";"2024";"15:45";"1";"19";"19276";"1";"1";"1";"1";"D920";"45,40162224";"1,57260901"
"202400007967";"22";"11";"2024";"20:00";"5";"40";"40088";"2";"1";"1";"6";"CARNOT (BOULEVARD)";"43,71226000";" -1,06136000"
"202400007968";"25";"04";"2024";"06:15";"5";"69";"69259";"2";"2";"1";"3";"Rue Abbé Glasberg";"45,69235000";"4,87294000"
"202400007969";"14";"09";"2024";"14:20";"1";"56";"56185";"1";"1";"1";"1";"Kerigeard";"47,77847300";" -3,45567200"
"202400007970";"25";"04";"2024";"11:40";"1";"65";"65440";"2";"1";"1";"3";"Boulevard du President Kennedy";"43,21945000";"0,08584000"
"202400007971";"20";"11";"2024";"16:30";"1";"40";"40279";"2";"1";"1";"4";"LIBERTE (AVE DE LA)";"43,72284000";" -1,05154000"
"202400007972";"26";"04";"2024";"02:40";"5";"64";"64189";"2";"1";"2";"7";"RAVEL MAURICE (QUA)I";"43,38452000";" -1,66640000"
"202400007973";"15";"11";"2024";"11:12";"1";"38";"38544";"2";"1";"1";"6";"BERTHELOT(AV)";"45,53845000";"4,87156000"
"202400007974";"25";"04";"2024";"09:12";"1";"64";"64024";"2";"6";"3";"3";"COMPAGNET (GIRATOIRE DE)";"43,46017000";" -1,49635000"
"202400007975";"26";"11";"2024";"20:05";"5";"35";"35238";"2";"1";"1";"6";"ESPAGNE (D')";"48,08663691";" -1,67212587"
"202400007976";"25";"04";"2024";"09:00";"1";"63";"63113";"2";"1";"1";"3";"PRE COMTAL (RUE DE)";"45,80159000";"3,13051000"
"202400007977";"15";"09";"2024";"15:45";"1";"56";"56126";"1";"1";"1";"1";"Le Pont";"47,52613800";" -2,30924200"
"202400007978";"24";"04";"2024";"14:30";"1";"62";"62498";"2";"1";"1";"3";"Rue Robert Schuman";"50,44253007";"2,82549477"
"202400007979";"26";"11";"2024";"08:15";"1";"35";"35238";"1";"1";"1";"2";"PORTE DE NANTES";"48,08051000";" -1,67652000"
"202400007980";"15";"09";"2024";"17:36";"1";"76";"76554";"1";"1";"1";"7";"D93";"49,48550540";"1,34767056"
"202400007981";"24";"04";"2024";"17:30";"1";"62";"62274";"2";"1";"1";"1";"D161";"50,44022000";"2,99506000"
"202400007982";"19";"04";"2024";"08:40";"1";"62";"62510";"2";"9";"1";"6";"D58E4";"50,42087000";"2,77734000"
"202400007983";"15";"09";"2024";"10:10";"1";"81";"81136";"1";"1";"1";"7";"D964";"44,01835730";"1,67752800"
"202400007984";"25";"11";"2024";"15:50";"1";"34";"34032";"2";"1";"1";"6";"MOULIN JEAN (AV)";"43,34798000";"3,22197000"
"202400007985";"23";"04";"2024";"07:45";"1";"62";"62624";"2";"1";"7";"3";"Avenue de la République";"50,41451000";"2,98408000"
"202400007986";"14";"09";"2024";"18:20";"1";"81";"81217";"1";"1";"1";"7";"Route de Monclar";"43,98072600";"1,70640000"
"202400007987";"26";"11";"2024";"12:10";"1";"33";"33063";"2";"1";"1";"2";"N/A";"44,86078000";" -0,61384000"
"202400007988";"11";"04";"2024";"16:50";"1";"61";"61006";"1";"1";"1";"2";"D240";"48,72319900";"0,00340700"
"202400007989";"15";"09";"2024";"18:30";"1";"39";"39500";"1";"1";"1";"6";"N/A";"46,95825900";"5,88601100"
"202400007990";"6";"11";"2024";"15:12";"1";"33";"33281";"2";"9";"8";"3";"N/A";"44,83310000";" -0,69740000"
"202400007991";"25";"04";"2024";"07:30";"1";"59";"59512";"2";"2";"1";"3";"MULHOUSE (BOULEVARD DE)";"50,68457000";"3,19260000"
"202400007992";"26";"11";"2024";"18:45";"5";"31";"31555";"2";"7";"1";"6";"PL JEANNE D ARC";"43,60867000";"1,44612000"
"202400007993";"25";"04";"2024";"19:29";"2";"59";"59271";"2";"1";"1";"3";"RD 601";"51,02320000";"2,30761000"
"202400007994";"14";"09";"2024";"14:15";"1";"44";"44096";"1";"2";"1";"3";"la Poibeliere";"47,44637100";" -1,20555600"
"202400007995";"24";"04";"2024";"17:50";"1";"59";"59024";"2";"1";"1";"3";"DOUAI (RUE DE)";"50,33417142";"3,22447839"