"Num_Acc";"jour";"mois";"an";"hrmn";"lum";"dep";"com";"agg";"int";"atm";"col";"adr";"lat";"long"
"202400008189";"8";"08";"2024";"11:25";"1";"69";"69383";"2";"4";"1";"1";"Cours Gambetta";"45,75191000";"4,85288000"
"202400008190";"25";"04";"2024";"17:45";"1";"93";"93053";"2";"1";"1";"3";"Avenue de Gagny";"48,88656300";"2,47307900"
"202400008191";"13";"09";"2024";"13:15";"1";"974";"97411";"2";"3";"1";"3";"PROVIDENCE (BOULEVARD DE LA)";" -20,89271000";"55,45556000"
"202400008192";"27";"11";"2024";"09:30";"1";"68";"68112";"2";"2";"1";"6";"Rue Jean-baptiste Weckerlin";"47,91292600";"7,20478900"
"202400008193";"7";"08";"2024";"18:13";"1";"87";"87085";"2";"3";"1";"7";"GAY-LUSSAC (COURS)";"45,83685022";"1,26617789"
"202400008194";"13";"09";"2024";"19:45";"3";"973";"97302";"2";"1";"1";"7";"CABASSOU (ROUTE DE)";"4,91927000";" -52,31750000"
"202400008195";"25";"04";"2024";"07:45";"1";"93";"93050";"2";"2";"1";"3";"Rue Gaston Navailles / Rue Paul et Camille Thomoux";"48,86883100";"2,52878200"
"202400008196";"7";"08";"2024";"11:18";"1";"87";"87085";"2";"3";"1";"7";"BRIAND (RUE ARISTIDE)";"45,83984000";"1,27070000"
"202400008197";"13";"11";"2024";"09:00";"1";"33";"33138";"1";"3";"7";"1";"N/A";"45,03703500";" -0,11939000"
"202400008198";"12";"09";"2024";"17:30";"1";"973";"97302";"2";"2";"1";"3";"CABASSOU (ROUTE DE)";"4,91927000";" -52,31755000"
"202400008199";"5";"08";"2024";"12:43";"1";"87";"87085";"1";"1";"1";"6";"AUTOROUTE A20";"45,84647053";"1,27693499"
"202400008200";"25";"04";"2024";"09:45";"1";"93";"93048";"2";"2";"1";"3";"Avenue Gabriel Péri / Avenue du Président Wilson";"48,85738583";"2,44006991"
"202400008201";"26";"11";"2024";"17:30";"3";"10";"10003";"1";"2";"1";"3";"D660";"48,25165500";"3,71933600"
"202400008202";"12";"09";"2024";"17:47";"1";"973";"97302";"2";"1";"1";"6";"FLAMBOYANTS (RUE DES)";"4,92321217";" -52,32064238"
"202400008203";"7";"08";"2024";"14:15";"1";"86";"86066";"1";"1";"1";"1";"Route de la Roche Posay";"46,82352000";"0,59763000"
"202400008204";"25";"04";"2024";"18:00";"1";"93";"93010";"2";"2";"1";"1";"Avenue Galliéni / Chemin du Pont";"48,90714000";"2,48879000"
"202400008205";"27";"11";"2024";"14:20";"1";"10";"10352";"1";"1";"2";"1";"RD677";"48,35407218";"4,10362959"
"202400008206";"13";"09";"2024";"19:00";"1";"69";"69388";"2";"1";"1";"6";"Boulevard des Etats-Unis";"45,73678000";"4,86246000"
"202400008207";"25";"04";"2024";"15:00";"1";"92";"92026";"2";"1";"1";"3";"EUROPE ( AVENUE DE L' )";"48,90590716";"2,25766075"
"202400008208";"8";"08";"2024";"15:00";"1";"84";"84007";"2";"6";"1";"2";"MORIERES (Route de )";"43,95016000";"4,86077000"
"202400008209";"13";"09";"2024";"16:40";"1";"69";"69386";"2";"1";"1";"3";"Cours Lafayette";"45,76371630";"4,86162891"
"202400008210";"26";"11";"2024";"18:05";"5";"01";"01419";"2";"1";"1";"5";"67 Avenue du Mont Blanc";"46,23609900";"6,00896900"
"202400008211";"2";"04";"2024";"17:50";"1";"92";"92023";"2";"3";"2";"3";"PORTE DE TRIVAUX (RUE DE LA) N°1 A 55 ET";"48,79164000";"2,26338000"
"202400008212";"8";"08";"2024";"11:30";"1";"30";"30011";"2";"3";"1";"3";"DE GAULLE AVENUE CHARLES";"43,96095000";"4,75323000"
"202400008213";"27";"11";"2024";"17:50";"5";"60";"60176";"2";"6";"2";"6";"Avenue de Levallois Perret";"49,22520700";"2,87963600"
"202400008214";"13";"09";"2024";"16:10";"1";"69";"69387";"2";"3";"1";"6";"Boulevard des Tchécoslovaques";"45,74085000";"4,85621000"
"202400008215";"25";"04";"2024";"09:15";"1";"92";"92004";"2";"1";"1";"3";"HENRI BERGSON";"48,91739220";"2,30978930"
"202400008216";"5";"08";"2024";"05:20";"2";"83";"83126";"2";"2";"1";"6";"QUATRE SEPTEMBRE (BD DU)";"43,10291512";"5,87405361"
"202400008217";"23";"04";"2024";"12:47";"1";"92";"92004";"2";"2";"1";"3";"DOCTEUR DERVAUX  ( QUAI DU )";"48,91120000";"2,29852000"
"202400008218";"27";"11";"2024";"13:50";"1";"30";"30356";"1";"6";"1";"2";"N/A";"43,83153000";"4,44033000"
"202400008219";"13";"09";"2024";"08:45";"1";"69";"69383";"2";"3";"1";"1";"Avenue Félix Faure";"45,75463000";"4,86745000"
"202400008220";"23";"04";"2024";"07:45";"2";"95";"95205";"1";"1";"1";"3";"D316";"49,02523949";"2,38699929"
"202400008221";"8";"08";"2024";"11:05";"1";"82";"82033";"2";"1";"1";"6";"Promenade du Château";"44,03822000";"1,10569000"
"202400008222";"13";"09";"2024";"17:50";"1";"972";"97213";"1";"1";"2";"6";"ROUTE DEPARTEMENTALE 3";"14,63868000";" -60,99175000"
"202400008223";"26";"11";"2024";"16:25";"1";"19";"19150";"1";"1";"1";"1";"D38";"45,07598700";"1,60227700"
"202400008224";"7";"08";"2024";"06:17";"1";"80";"80021";"2";"1";"1";"6";"Rue Haleine Ridoux";"49,88478000";"2,33475000"
"202400008225";"25";"04";"2024";"15:20";"1";"17";"17407";"2";"2";"1";"3";"1 Grande Rue";"46,17150800";" -1,00386000"
"202400008226";"27";"11";"2024";"11:00";"1";"56";"56234";"2";"6";"3";"7";"Avenue de Bretagne";"47,52322200";" -3,13368900"
"202400008227";"7";"08";"2024";"13:44";"1";"80";"80021";"2";"1";"1";"3";"JULES FERRY (CHAUSSEE)";"49,88354000";"2,32522000"
"202400008228";"12";"09";"2024";"22:40";"5";"972";"97213";"1";"1";"1";"2";"ROUTE NATIONALE 5";"14,59274000";" -60,98378400"
"202400008229";"25";"04";"2024";"09:20";"1";"11";"11148";"1";"1";"1";"6";"N/A";"43,17115800";"2,69931000"
"202400008230";"27";"11";"2024";"13:40";"1";100;100123";"1";"1";"1";"1";"Strada di Cotticione";"42,03282700";"9,38267800"
"202400008231";"14";"09";"2024";"00:40";"5";"69";"69381";"2";"1";"1";"2";"42 Quai Saint Vincent";"45,76842000";"4,82686000"
"202400008232";"26";"04";"2024";"08:05";"1";"974";"97404";"1";"9";"1";"1";"Rue Louis Fontaine";" -21,25412100";"55,38455700"
"202400008233";"8";"08";"2024";"17:50";"1";"78";"78208";"1";"6";"1";"2";"CD 912";"48,78953500";"1,97382400"
"202400008234";"27";"11";"2024";"15:45";"1";"33";"33036";"2";"6";"1";"1";"N/A";"44,43155898";" -0,21647688"
"202400008235";"13";"09";"2024";"11:52";"1";100;100033";"2";"1";"8";"3";"SAMPIERO CORSO - AV";"9,44460000";"42,67720000"
"202400008236";"25";"04";"2024";"22:20";"3";"35";"35197";"1";"1";"1";"6";"La Saudrais";"48,23171300";" -1,62205000"
"202400008237";"8";"08";"2024";"09:25";"1";"78";"78423";"2";"2";"1";"3";"GOUJON (RUE JEAN)";"48,76589000";"2,01832000"
"202400008238";"27";"11";"2024";"14:22";"1";"63";"63286";"1";"1";"1";"1";"D2144";"46,06996300";"2,99354900"
"202400008239";"25";"04";"2024";"18:45";"1";"62";"62524";"1";"1";"1";"6";"D52";"50,65003757";"1,82066834"
"202400008240";"13";"09";"2024";"10:05";"1";"971";"97101";"2";"1";"1";"3";"DE MARIE GALANTE - RAIZET (RUE)";"16,25491000";" -61,53255000"
"202400008241";"25";"04";"2024";"08:20";"1";"56";"56158";"1";"6";"1";"7";"Giratoire Kroashent-tro Kerluern";"47,67548800";" -2,79960400"
"202400008242";"7";"08";"2024";"15:16";"1";"77";"77373";"2";"1";"1";"6";"AV DU GENERAL DE GAULLE";"48,80299000";"2,61381000"
"202400008243";"25";"11";"2024";"19:15";"5";"61";"61287";"2";"1";"1";"6";"2 Impasse Jean-baptiste Corot";"48,81521100";" -0,57036600"
"202400008244";"11";"09";"2024";"13:08";"1";"971";"97113";"1";"3";"1";"3";"RN4 - SECTION RIVIERA";"16,21893000";" -61,50271000"
"202400008245";"26";"04";"2024";"04:45";"3";100;100150";"1";"9";"1";"3";"RT 30";"42,59942400";"8,83955200"
"202400008246";"8";"08";"2024";"06:38";"1";"77";"77373";"2";"1";"1";"3";"AV DE LA REPUBLIQUE";"48,80625000";"2,61666000"
"202400008247";"26";"11";"2024";"11:33";"1";"61";"61474";"1";"1";"1";"1";"Voie Communale";"48,76754600";"0,19861200"
"202400008248";"13";"09";"2024";"06:55";"1";"971";"97101";"2";"1";"1";"6";"BESSON";"16,23940000";" -61,52094000"
"202400008249";"7";"08";"2024";"17:30";"1";"77";"77237";"1";"1";"1";"6";"D10";"48,81011000";"2,75672000"
"202400008250";"26";"04";"2024";"07:55";"1";"61";"61474";"1";"3";"1";"3";"D926";"48,76007900";"0,09808500"
"202400008251";"12";"09";"2024";"18:50";"4";"971";"97101";"1";"1";"1";"6";"BOULEVARD DES HEROS";"16,24822000";" -61,52662000"
"202400008252";"27";"11";"2024";"07:30";"3";"49";"49125";"1";"1";"2";"5";"RD960";"47,18170600";" -0,25608100"
"202400008253";"26";"04";"2024";"17:25";"1";"12";"12056";"2";"1";"1";"6";"294 Avenue du Centre";"44,27710900";"2,43438400"
"202400008254";"7";"08";"2024";"18:00";"1";"76";"76351";"2";"2";"1";"3";"NARCISSE DEROUVOIS";"49,50461000";"0,10825000"
"202400008255";"23";"04";"2024";"22:00";"3";"46";"46307";"1";"1";"1";"6";"D811";"44,50515200";"1,04977400"
"202400008256";"11";"09";"2024";"12:18";"1";"971";"97101";"1";"3";"1";"3";"ROUTE DE CHAZEAU";"16,28262000";" -61,48573000"
"202400008257";"26";"11";"2024";"07:15";"2";"49";"49018";"1";"1";"5";"3";"Avenue de paris";"47,55170200";" -0,10460600"
"202400008258";"5";"08";"2024";"18:00";"1";"76";"76351";"2";"3";"1";"3";"BOIS AU COQ (AVENUE)";"49,51805000";"0,11771000"
"202400008259";"13";"09";"2024";"18:19";"1";"95";"95585";"2";"1";"1";"6";"PAUL VALERY (AVENUE)";"48,97913000";"2,38156000"
"202400008260";"22";"04";"2024";"17:30";"1";"41";"41043";"1";"2";"1";"3";"D976";"47,28324500";"1,49453000"
"202400008261";"25";"11";"2024";"17:30";"5";"49";"49218";"2";"2";"2";"3";"Avenue du Petit Montrevault (St Pierre-Montlimart)";"47,26623800";" -1,02513700"
"202400008262";"25";"04";"2024";"08:15";"1";"41";"41063";"2";"1";"1";"6";"7 Route de Saint-aignan";"47,24772900";"1,43965000"
"202400008263";"8";"08";"2024";"14:35";"1";"76";"76026";"2";"1";"1";"1";"CHAUSSEE (RUE DE LA)";"49,88063000";"1,13067000"
"202400008264";"25";"04";"2024";"13:44";"1";"68";"68062";"1";"1";"1";"4";"D680";"47,63708500";"7,21703100"
"202400008265";"13";"09";"2024";"21:57";"5";"91";"91103";"1";"1";"1";"4";"DEVI DU CD 19";"48,60412000";"2,32046000"
"202400008266";"8";"08";"2024";"21:45";"5";"74";"74118";"1";"1";"1";"6";"DEPORTES (ROUTE DES )";"46,18234000";"6,23013000"
"202400008267";"25";"04";"2024";"02:00";"4";"39";"39286";"2";"3";"5";"6";"4 Rue Gérard Millet";"46,37555200";"5,76563400"
"202400008268";"13";"09";"2024";"18:30";"1";"91";"91377";"2";"9";"1";"6";" PALAISEAU (ROUTE DE)";"48,72903000";"2,24496000"
"202400008269";"27";"11";"2024";"13:45";"1";"68";"68200";"2";"1";"1";"1";"12 Rue du Moulin";"47,62094500";"7,10639400"
"202400008270";"8";"08";"2024";"00:01";"3";"73";"73065";"1";"3";"1";"7";"D10 LANDIERS (AVENUE DES)";"45,58553000";"5,90803000"
"202400008271";"26";"04";"2024";"19:10";"1";"39";"39154";"2";"3";"1";"3";"61 Grande Rue";"46,57440400";"5,74866600"
"202400008272";"13";"09";"2024";"23:37";"5";"91";"91201";"2";"3";"8";"3";"BD HENRI BARBUSSE";"48,69027000";"2,41118000"
"202400008273";"7";"08";"2024";"17:46";"1";"72";"72181";"2";"2";"1";"3";"RUBILLARD AV N° PAIRS 2 A 116";"48,01241900";"0,18045100"
"202400008274";"26";"04";"2024";"14:55";"1";"84";"84051";"1";"1";"8";"7";"D900 - La mayette";"43,85828100";"5,26425400"
"202400008275";"27";"11";"2024";"07:40";"2";"68";"68338";"1";"1";"1";"4";"D417";"48,07620100";"7,28867800"
"202400008276";"25";"04";"2024";"19:00";"2";"03";"03018";"1";"6";"2";"7";"D2009";"46,26528200";"3,28931100"
"202400008277";"13";"09";"2024";"08:30";"1";"91";"91027";"2";"2";"1";"3";"AV FRANCOIS MITTERRAND";"48,71613000";"2,37087000"
"202400008278";"25";"11";"2024";"21:00";"3";"44";"44187";"1";"4";"1";"1";"Hucheloup";"47,19433210";" -2,05140084"
"202400008279";"8";"08";"2024";"08:49";"1";"69";"69029";"2";"2";"1";"5";"Boulevard Pinel";"45,72622000";"4,88703000"
"202400008280";"25";"04";"2024";"16:15";"1";"21";"21250";"1";"1";"1";"5";"Rd 996";"47,74790200";"4,79037700"
"202400008281";"27";"11";"2024";"16:30";"1";"31";"31232";"1";"1";"1";"6";"D17";"43,73919710";"1,26224800"
"202400008282";"12";"09";"2024";"22:15";"3";"86";"86194";"2";"1";"2";"3";"Avenue de la Libération";"46,56997000";"0,32355800"
"202400008283";"8";"08";"2024";"20:30";"2";"67";"67482";"2";"3";"1";"3";"COLMAR (AVENUE DE)";"48,55452900";"7,74503100"
"202400008284";"26";"04";"2024";"16:07";"1";"40";"40127";"1";"1";"1";"4";"Route départementale 934";"43,79826500";" -0,29027900"
"202400008285";"26";"04";"2024";"09:30";"1";"17";"17158";"2";"6";"1";"7";"D115";"46,22857000";" -0,87869200"
"202400008286";"8";"08";"2024";"05:50";"2";"67";"67482";"2";"1";"8";"6";"KAMPMANN (RUE)";"48,53451000";"7,77135000"
"202400008287";"12";"09";"2024";"13:30";"1";"86";"86194";"2";"6";"1";"3";"Rue de la Gibauderie";"46,55974500";"0,37641000"
"202400008288";"26";"11";"2024";"11:50";"1";"03";"03254";"1";"2";"1";"3";"D987";"46,29481300";"3,27046000"
"202400008289";"26";"11";"2024";"16:55";"2";"15";"15187";"1";"1";"1";"7";"RD 721";"45,03218600";"3,06630100"
"202400008290";"10";"09";"2024";"10:30";"1";"83";"83009";"2";"9";"1";"6";"LIBERATION (AVENUE DE LA)";"43,13797271";"5,76177961"
"202400008291";"7";"08";"2024";"04:15";"5";"67";"67267";"2";"3";"1";"3";"MOLKENBRONN (RUE DU)";"48,56477000";"7,69769000"
"202400008292";"26";"04";"2024";"11:25";"1";"30";"30311";"1";"2";"3";"4";"D8";"43,95050900";"3,99985500"
"202400008293";"27";"11";"2024";"01:17";"3";"70";"70312";"1";"1";"5";"6";"route nationale 19";"47,59948600";"6,72307500"
"202400008294";"13";"09";"2024";"08:30";"1";"83";"83034";"2";"1";"6";"3";"CD559";"43,10885547";"6,04665667"
"202400008295";"8";"08";"2024";"17:18";"1";"64";"64122";"2";"3";"1";"3";"LAHOUZE (AVENUE)";"43,48039000";" -1,54549000"
"202400008296";"25";"04";"2024";"22:30";"5";"56";"56178";"1";"1";"1";"2";"Kerbertin";"48,06182600";" -2,94339200"
"202400008297";"26";"11";"2024";"22:00";"3";"24";"24567";"1";"1";"5";"2";"Les teinchoux";"45,35835800";"0,87075200"
"202400008298";"13";"09";"2024";"14:30";"1";"77";"77146";"2";"2";"1";"1";"COURCERIN (BOULEVARD DE)";"48,82483412";"2,63134696"
"202400008299";"14";"04";"2024";"15:40";"1";"53";"53210";"1";"1";"1";"6";"RD105 PR019.000";"47,78510500";" -0,46043900"
"202400008300";"7";"08";"2024";"12:55";"1";"64";"64125";"2";"1";"1";"1";"PARLEMENTIA (RUE)";"43,42986000";" -1,60194000"
"202400008301";"27";"11";"2024";"14:00";"1";"24";"24253";"1";"1";"1";"6";"rue de la laiterie";"45,45664028";"0,46755236"
"202400008302";"12";"09";"2024";"12:20";"1";"77";"77487";"2";"1";"1";"3";"SAINT JUST (AVENUE)";"48,53416955";"2,68443044"
"202400008303";"27";"11";"2024";"07:05";"5";"85";"85146";"2";"1";"2";"6";"RD 763";"46,97789000";" -1,31067000"
"202400008304";"26";"04";"2024";"12:14";"1";"13";"13051";"1";"3";"8";"3";"Route Departementale 10";"43,54690300";"5,16507100"
"202400008305";"2";"08";"2024";"19:25";"1";"62";"62525";"2";"1";"1";"3";"Rue Pierre Corneille";"50,73965000";"2,27368000"
"202400008306";"26";"04";"2024";"15:05";"1";"06";"06018";"1";"1";"2";"6";"2000 Route des Lucioles";"43,61653200";"7,06837300"
"202400008307";"12";"09";"2024";"16:50";"1";"76";"76351";"2";"3";"1";"6";"FERDINAND DE LESSEPS";"49,51465000";"0,10510000"
"202400008308";"18";"11";"2024";"17:30";"5";"27";"27467";"2";"2";"3";"3";"Rue du 8 Mai 1945";"49,34918500";"0,53061300"
"202400008309";"7";"08";"2024";"20:20";"1";"62";"62498";"2";"3";"1";"6";"Rue Emile Zola";"50,43526102";"2,83605132"
"202400008310";"13";"09";"2024";"17:15";"1";"72";"72003";"2";"3";"1";"2";"DELIBES LEO (RUE)";"47,97147000";"0,16166000"
"202400008311";"15";"11";"2024";"17:10";"3";"27";"27488";"1";"2";"8";"3";"D42";"49,41326500";"1,31377900"
"202400008312";"26";"04";"2024";"11:20";"1";"42";"42166";"1";"3";"1";"1";"Route Bleue";"45,99325000";"4,10626900"
"202400008313";"7";"08";"2024";"11:10";"1";"62";"62193";"2";"2";"1";"3";"Rue du 11 Novembre";"50,94893110";"1,84846562"
"202400008314";"12";"09";"2024";"09:30";"1";"72";"72003";"2";"3";"1";"6";"CHAPPE CLAUDE (RUE)";"47,96845000";"0,15432000"
"202400008315";"7";"08";"2024";"11:50";"1";"62";"62193";"1";"1";"1";"3";"D304";"50,93400000";"1,83800000"
"202400008316";"26";"11";"2024";"17:30";"3";"17";"17241";"2";"4";"1";"1";"Rue de la Vieille Tour";"45,21444700";" -0,18256200"
"202400008317";"26";"04";"2024";"00:31";"3";"91";"91666";"1";"3";"1";"3";"Route de Montlhéry/Rue de Fretay";"48,66622500";"2,20850900"
"202400008318";"13";"09";"2024";"08:20";"1";"69";"69282";"2";"1";"1";"6";"Allée des Terrasses";"45,77856000";"5,01865000"
"202400008319";"4";"08";"2024";"15:15";"1";"62";"62188";"1";"1";"1";"3";"D916";"50,54248676";"2,45844980"
"202400008320";"26";"04";"2024";"12:45";"1";"51";"51183";"1";"1";"8";"6";"Autoroute A26";"49,32323548";"3,98299740"
"202400008321";"26";"11";"2024";"08:20";"2";"37";"37281";"2";"3";"1";"1";"Rue de la Croix Buisée";"47,41198413";"0,80735385"
"202400008322";"13";"09";"2024";"11:45";"1";"69";"69264";"2";"1";"1";"3";"Boulevard Jean Jaures";"45,98879000";"4,71503000"
"202400008323";"26";"04";"2024";"03:44";"3";"30";"30004";"1";"1";"2";"2";"A9";"43,73238918";"4,19218816"
"202400008324";"4";"08";"2024";"10:10";"1";"62";"62041";"2";"6";"1";"3";"Boulevard de la Liberté";"50,29720000";"2,76955000"
"202400008325";"12";"09";"2024";"11:30";"1";"69";"69199";"2";"1";"2";"3";"Avenue Jean Jaurès";"45,71424539";"4,85492706"
"202400008326";"25";"11";"2024";"21:15";"5";"987";"98738";"2";"3";"1";"1";"PK 15";" -17,63886900";" -149,60909100"
"202400008327";"26";"04";"2024";"01:06";"3";"30";"30169";"1";"1";"1";"2";"A9";"43,78696607";"4,29790461"
"202400008328";"27";"11";"2024";"12:45";"1";"73";"73065";"1";"1";"1";"6";"A41 voie d'insertion 13.14 direction ANNECY";"45,60704166";"5,88963479"
"202400008329";"13";"09";"2024";"07:37";"1";"66";"66136";"2";"3";"1";"6";"BIOT JEAN BAPTISTE";"42,73515000";"2,89754000"
"202400008330";"26";"04";"2024";"03:55";"3";"972";"97230";"1";"1";"1";"3";"Route Rn 1";"14,73043500";" -60,96528100"
"202400008331";"8";"08";"2024";"06:45";"1";"59";"59599";"2";"2";"1";"6";"PAPIN (CHAUSSEE DENIS)";"50,73049700";"3,13998200"
"202400008332";"26";"11";"2024";"19:40";"3";"971";"97116";"1";"1";"1";"2";"N5";"16,31468200";" -61,48417000"
"202400008333";"25";"04";"2024";"16:20";"1";"972";"97224";"2";"9";"1";"6";"Passage piéton - RN4 - Rond point école édoudar marceau";"14,67277200";" -61,03377300"
"202400008334";"13";"09";"2024";"12:35";"1";"64";"64483";"1";"1";"1";"3";"route d'Ahetze";"43,40470000";" -1,60250000"
"202400008335";"6";"08";"2024";"10:10";"1";"57";"57672";"2";"1";"1";"6";"ALBERT 1ER (AVENUE) - IMPAIR";"49,36080700";"6,17066300"
"202400008336";"23";"04";"2024";"07:00";"2";"33";"33527";"2";"8";"1";"3";"N/A";"44,63413500";" -1,02857400"
"202400008337";"13";"09";"2024";"20:23";"5";"64";"64445";"2";"9";"1";"6";"CONDORCET";"43,31654000";" -0,36092000"
"202400008338";"27";"11";"2024";"05:35";"3";"77";"77091";"1";"1";"1";"6";"D1036";"48,74034200";"2,85696000"
"202400008339";"7";"08";"2024";"07:51";"1";"56";"56260";"2";"1";"1";"3";"Rue de Sainte-Anne";"47,65959000";" -2,77375000"
"202400008340";"26";"04";"2024";"01:00";"4";"28";"28039";"2";"1";"1";"6";"31 Rue Emile Milochau";"48,43258000";"1,70446700"
"202400008341";"8";"08";"2024";"00:31";"3";"56";"56162";"1";"1";"1";"6";"Keréven";"47,72230000";" -3,45666000"
"202400008342";"13";"09";"2024";"15:45";"1";"64";"64445";"2";"2";"1";"3";"BENGHOZI AUDREY";"43,31917000";" -0,36750000"
"202400008343";"22";"04";"2024";"06:15";"2";"45";"45028";"2";"3";"1";"3";"D917 PR 0 + 336";"47,78009100";"1,62429500"
"202400008344";"26";"11";"2024";"11:35";"1";"34";"34113";"2";"3";"1";"6";"Avenue de Montpellier";"43,50142200";"3,71527800"
"202400008345";"13";"09";"2024";"08:35";"2";"64";"64284";"2";"9";"1";"6";"18 JUIN 1940 DU";"43,27935000";" -0,38927000"
"202400008346";"6";"08";"2024";"20:35";"1";"56";"56121";"2";"3";"1";"3";"Rue Maurice Thorez";"47,73999000";" -3,39330000"
"202400008347";"5";"04";"2024";"15:50";"1";"45";"45028";"2";"1";"1";"6";"HOPITAL DE BEAUGENCY";"47,78096000";"1,62362700"
"202400008348";"25";"04";"2024";"13:00";"1";"13";"13014";"1";"1";"1";"6";"D21b";"43,51043300";"5,12935500"
"202400008349";"13";"11";"2024";"18:00";"5";"34";"34213";"2";"3";"1";"6";"Place de la Mairie";"43,48731500";"3,66728800"
"202400008350";"6";"08";"2024";"17:53";"1";"56";"56121";"2";"1";"1";"3";"Rue Jude Blankaert";"47,76240700";" -3,39352000"
"202400008351";"12";"09";"2024";"08:15";"1";"63";"63300";"1";"3";"1";"2";"ROCADE RD 446";"45,90169925";"3,09239485"
"202400008352";"26";"04";"2024";"15:45";"1";"13";"13086";"1";"1";"8";"1";"Route de Saint Vincent";"43,35684200";"5,60972200"
"202400008353";"26";"11";"2024";"15:35";"1";"68";"68154";"2";"1";"1";"1";"Avenue des Rives de l'Ill";"47,77517100";"7,35643600"
"202400008354";"6";"08";"2024";"15:39";"1";"56";"56098";"1";"1";"1";"2";"le Mané";"47,76604700";" -3,30515200"
"202400008355";"25";"04";"2024";"18:40";"1";"88";"88178";"1";"1";"1";"7";"D460";"48,17593100";"6,39342100"
"202400008356";"13";"09";"2024";"21:10";"5";"62";"62548";"1";"6";"1";"7";"D940";"50,94858141";"1,96786603"
"202400008357";"28";"10";"2024";"16:15";"1";"67";"67550";"1";"1";"1";"2";"D28";"48,93930100";"7,73364500"
"202400008358";"7";"08";"2024";"09:55";"1";"51";"51172";"2";"7";"1";"3";"LANGUEDOC (AVENUE)";"49,21957000";"4,04138000"
"202400008359";"26";"04";"2024";"17:40";"1";"73";"73303";"1";"1";"1";"6";"D1212";"45,75216300";"6,44515500"
"202400008360";"13";"09";"2024";"12:55";"1";"59";"59350";"2";"1";"1";"2";"Rue Armand Carrel";"50,61626000";"3,07430000"
"202400008361";"8";"08";"2024";"14:40";"1";"51";"51506";"2";"1";"1";"6";"PATURES (RUE DES)";"48,94887000";"4,38570000"
"202400008362";"27";"11";"2024";"06:50";"2";"01";"01376";"2";"6";"5";"3";"Porte de la Dombes";"45,82089900";"4,99008100"
"202400008363";"13";"09";"2024";"02:35";"5";"59";"59378";"2";"1";"1";"6";"PERI GABRIEL RUE";"50,67100000";"3,08100000"
"202400008364";"8";"08";"2024";"18:46";"1";"50";"50218";"2";"1";"1";"6";"COURAYE (RUE)";"48,83768770";" -1,59008000"
"202400008365";"12";"11";"2024";"15:45";"1";"35";"35334";"2";"6";"1";"3";"Rue Nationale";"48,15988100";" -1,58672000"
"202400008366";"25";"04";"2024";"20:15";"2";"33";"33553";"1";"3";"7";"3";"N/A";"45,02491600";" -0,42627900"
"202400008367";"13";"09";"2024";"10:00";"1";"59";"59043";"2";"3";"1";"3";"LILLE (RUE DE)";"50,73760800";"2,73807500"
"202400008368";"27";"11";"2024";"16:30";"2";"27";"27422";"1";"1";"1";"7";"route du mesnil d'andé";"49,21478700";"1,26304100"
"202400008369";"25";"04";"2024";"16:00";"1";"33";"33380";"1";"2";"1";"1";"N/A";"45,29089000";" -0,56879700"
"202400008370";"6";"08";"2024";"15:20";"1";"49";"49353";"2";"6";"1";"3";"BOUTTON AVENUE";"47,44077000";" -0,49863000"
"202400008371";"26";"11";"2024";"09:20";"1";"13";"13043";"1";"1";"1";"2";"A55-Sens Martigues vers Marseille";"43,38190000";"5,22710000"
"202400008372";"8";"08";"2024";"16:50";"1";"45";"45234";"2";"1";"1";"6";"18 Quai de la Madeleine";"47,89779400";"1,88413100"
"202400008373";"26";"04";"2024";"17:30";"1";"50";"50139";"1";"9";"2";"3";"N174";"49,05385200";" -1,00482000"
"202400008374";"25";"11";"2024";"04:55";"3";"13";"13056";"1";"1";"1";"6";"A55-Sens Martigues vers Marseille";"43,41192771";"5,02527795"
"202400008375";"8";"08";"2024";"18:44";"1";"45";"45208";"2";"3";"1";"3";"42 Avenue Adolphe Cochery";"48,00331000";"2,74129000"
"202400008376";"26";"11";"2024";"04:15";"3";"83";"83027";"1";"1";"1";"6";"A50";"43,17283847";"5,77007432"
"202400008377";"9";"08";"2024";"01:40";"5";"43";"43157";"2";"1";"1";"7";"Place du Breuil";"45,04204468";"3,88239831"
"202400008378";"26";"04";"2024";"01:00";"3";"60";"60352";"1";"6";"1";"7";"D915";"49,23654300";"1,80918200"
"202400008379";"16";"11";"2024";"22:50";"5";"69";"69389";"2";"1";"1";"4";"Route de Métropole 6";"45,76182642";"4,80653338"
"202400008380";"21";"04";"2024";"15:50";"1";"13";"13202";"2";"1";"1";"2";"A55-Sens Martigues vers Marseille";"43,31336000";"5,36671000"
"202400008381";"8";"08";"2024";"09:20";"1";"43";"43046";"1";"1";"1";"1";"Boulevard de la Petite-Mer";"45,06464501";"3,90715152"
"202400008382";"25";"11";"2024";"07:05";"2";"67";"67482";"1";"1";"1";"2";"Bretelle sortie autoroute";"48,57146000";"7,72903000"
"202400008383";"8";"08";"2024";"09:30";"1";"42";"42095";"2";"2";"1";"6";"19 MARS 1962 (RUE DU)";"45,38883000";"4,28583000"
"202400008384";"26";"11";"2024";"13:05";"1";"33";"33550";"1";"1";"1";"2";"N/A";"44,77861700";" -0,55649700"
"202400008385";"24";"04";"2024";"08:45";"1";"69";"69029";"1";"1";"1";"2";"Autoroute 43 ";"45,72800000";"4,90580000"
"202400008386";"8";"08";"2024";"08:30";"1";"38";"38185";"2";"1";"1";"6";"GARE (PLACE DE LA)";"45,19058789";"5,71571499"
"202400008387";"25";"04";"2024";"20:10";"1";"91";"91645";"1";"1";"1";"2";"RN 385 Extèrieure";"48,75968000";"2,26918000"
"202400008388";"25";"04";"2024";"15:32";"1";"91";"91471";"1";"1";"1";"7";"RN 118";"48,69140500";"2,19236000"
"202400008389";"25";"04";"2024";"14:00";"1";"75";"75114";"1";"1";"1";"2";"A6A";"48,81792411";"2,33413771"
"202400008390";"7";"08";"2024";"00:15";"4";"35";"35238";"2";"5";"1";"3";"FREVILLE (AVENUE HENRI)";"48,08367000";" -1,67500000"
"202400008391";"26";"11";"2024";"17:30";"3";"91";"91659";"1";"1";"1";"5";"AUTOROUTE A6";"48,57715000";"2,46422000"
"202400008392";"26";"11";"2024";"11:45";"1";"77";"77251";"1";"1";"1";"7";"A5A PARIS / RN104 INT";"48,62522769";"2,54038761"
"202400008393";"8";"08";"2024";"20:15";"1";"35";"35281";"2";"1";"1";"2";"MERMOZ (BOULEVARD JEAN)";"48,09137000";" -1,70408000"
"202400008394";"26";"11";"2024";"10:20";"1";"91";"91589";"1";"1";"1";"2";"AUTOROUTE A6";"48,67810000";"2,33650000"
"202400008395";"8";"08";"2024";"12:50";"1";"35";"35051";"2";"1";"1";"3";"FONTAINE (RUE DE LA)";"48,10920000";" -1,60900000"
"202400008396";"26";"11";"2024";"09:45";"1";"78";"78640";"1";"1";"1";"7";"A86 INT";"48,77785000";"2,21612000"
"202400008397";"7";"08";"2024";"13:30";"1";"35";"35115";"2";"1";"1";"7";"PORTE ST LEONARD (RUE)";"48,35082000";" -1,20413000"
"202400008398";"8";"08";"2024";"02:58";"5";"34";"34172";"2";"1";"1";"7";"FABRE DE MORLHON (BOULEVARD JACQUES)";"43,59167000";"3,87894000"
"202400008399";"7";"08";"2024";"19:13";"1";"34";"34129";"2";"6";"1";"3";"BRET (ROND-POINT PAUL-LOUIS)";"43,57621300";"3,87360800"
"202400008400";"26";"11";"2024";"18:30";"3";"95";"95424";"1";"1";"2";"3";"A15";"48,99145143";"2,19160719"
"202400008401";"8";"08";"2024";"00:10";"3";"33";"33065";"1";"1";"1";"6";"N/A";"44,80686000";" -0,51780000"
"202400008402";"8";"08";"2024";"02:16";"5";"33";"33529";"2";"1";"1";"6";"N/A";"44,61694000";" -1,20169000"
"202400008403";"6";"02";"2024";"13:05";"1";"971";"97113";"1";"1";"1";"1";"SECTION TOMBEAU";"16,21985000";" -61,47860000"
"202400008404";"6";"02";"2024";"10:00";"1";101;101004";"2";"1";"1";"6";"#3 Route d’Alata#";"41,93510154";"8,73641610"