"Num_Acc";"jour";"mois";"an";"hrmn";"lum";"dep";"com";"agg";"int";"atm";"col";"adr";"lat";"long"
"202400009319";"18";"03";"2024";"19:20";"2";101;101004";"2";"1";"1";"6";"ROUTE DU STILETTO";"41,94644847";"8,76735538"
"202400009320";"18";"03";"2024";"15:30";"1";"95";"95607";"2";"1";"1";"6";"D409";"49,02889800";"2,20544300"
"202400009321";"18";"03";"2024";"08:00";"1";"91";"91457";"2";"1";"7";"2";"RUE DU PEUPLE LA LANCE";"48,58082300";"2,25297000"
"202400009322";"17";"03";"2024";"21:29";"5";"87";"87085";"2";"3";"1";"6";"LECLERC (AVENUE DU GENERAL)";"45,84670000";"1,26101000"
"202400009323";"18";"03";"2024";"09:35";"1";"86";"86194";"2";"2";"2";"1";"Rocade Ouest";"46,60159200";"0,32433800"
"202400009324";"17";"03";"2024";"09:00";"1";"84";"84007";"2";"1";"1";"2";"AMANDIER (Avenue de l')";"43,93514000";"4,85236000"
"202400009325";"18";"03";"2024";"20:20";"5";"76";"76540";"2";"1";"1";"6";"Route de Darnetal";"49,44189000";"1,11700000"
"202400009326";"15";"03";"2024";"23:00";"5";"76";"76351";"2";"1";"2";"6";"BOIS AU COQ (AVENUE)";"49,52302000";"0,11345000"
"202400009327";"17";"03";"2024";"14:23";"1";"72";"72181";"2";"9";"2";"2";"LEFAUCHEUX PIERRE (BD)";"47,96274000";"0,17701000"
"202400009328";"17";"03";"2024";"13:38";"1";"72";"72181";"2";"7";"2";"2";"REMBRANDT (ALLEE)";"47,97301000";"0,21199000"
"202400009329";"17";"03";"2024";"08:45";"1";"72";"72181";"2";"2";"2";"5";"ESTIENNE D'ORVES (BD D')";"47,98406000";"0,18609000"
"202400009330";"29";"02";"2024";"07:26";"2";"68";"68271";"2";"3";"1";"1";"Rue de la Paix";"47,74683800";"7,36784900"
"202400009331";"16";"03";"2024";"21:15";"5";"64";"64132";"2";"3";"1";"3";"ALFRED NOBEL";"43,31002000";" -0,32590000"
"202400009332";"18";"03";"2024";"08:50";"1";"64";"64140";"2";"1";"1";"2";"BRAMARIE (RUE RAOUL)";"43,51739000";" -1,48643000"
"202400009333";"18";"03";"2024";"12:30";"1";"60";"60159";"2";"3";"1";"3";"Rue Saint-Lazare";"49,40815249";"2,83579607"
"202400009334";"18";"03";"2024";"07:25";"4";"59";"59421";"2";"9";"2";"6";"ROOSEVELT (RUE FRANKLIN)";"50,70048400";"3,13641900"
"202400009335";"18";"03";"2024";"21:30";"5";"59";"59368";"2";"8";"1";"6";"Avenue de la République";"50,64784000";"3,07765000"
"202400009336";"18";"03";"2024";"09:00";"1";"59";"59343";"2";"2";"1";"3";"SCHWEITZER RUE DU DOCTEUR";"50,59128000";"3,10411000"
"202400009337";"16";"03";"2024";"17:12";"1";"56";"56121";"2";"6";"1";"6";"MULLER ( DU COLONEL JEAN )";"47,76343000";" -3,39496000"
"202400009338";"16";"03";"2024";"18:08";"1";"50";"50165";"2";"1";"1";"3";"Route de Coutances";"48,85025010";" -1,57319260"
"202400009339";"18";"03";"2024";"07:55";"1";"47";"47201";"2";"3";"2";"3";"GASCOGNE (AVENUE DE)";"44,16398000";"0,61171000"
"202400009340";"18";"03";"2024";"17:00";"1";"44";"44109";"2";"6";"1";"6";"Chemin des Bateliers";"47,21821000";" -1,51545000"
"202400009341";"18";"03";"2024";"15:15";"1";"44";"44109";"2";"2";"1";"5";"12 Avenue Carnot";"47,21393000";" -1,54524000"
"202400009342";"18";"03";"2024";"06:35";"4";"44";"44162";"2";"6";"8";"3";"51 Avenue de la Bouvardière";"47,23828000";" -1,59570000"
"202400009343";"18";"03";"2024";"12:30";"1";"37";"37261";"2";"2";"1";"4";"EIFFEL (AVENUE GUSTAVE)";"47,43559000";"0,69848000"
"202400009344";"18";"03";"2024";"08:40";"1";"37";"37050";"1";"1";"8";"4";"PERIPHERIQUE N585";"47,33083421";"0,67854810"
"202400009345";"17";"03";"2024";"20:40";"2";"37";"37261";"2";"6";"1";"3";"PAVILLON (RUE DU)";"47,41452000";"0,69109000"
"202400009346";"14";"03";"2024";"18:10";"1";"35";"35055";"2";"1";"1";"3";"FREBARDIERE (RUE DE LA)";"48,09827000";" -1,62454000"
"202400009347";"17";"03";"2024";"04:50";"3";"35";"35238";"1";"1";"1";"6";"PORTE DE BEAUREGARD";"48,12844000";" -1,71184000"
"202400009348";"17";"03";"2024";"19:40";"5";"34";"34032";"2";"2";"1";"3";"LIBERTE (BD DE LA)";"43,34028000";"3,22309000"
"202400009349";"18";"03";"2024";"18:40";"1";"33";"33550";"2";"4";"1";"1";"Rue Jean-Baptiste Lebas";"44,76267000";" -0,57081000"
"202400009350";"18";"03";"2024";"22:50";"5";"31";"31555";"2";"1";"1";"3";"ALL DE BELLEFONTAINE";"43,56584000";"1,39602000"
"202400009351";"18";"03";"2024";"15:15";"1";"30";"30007";"2";"5";"1";"7";"Rue Jean de la Fontaine";"44,13414000";"4,08899000"
"202400009352";"18";"03";"2024";"19:20";"3";"28";"28332";"1";"1";"1";"7";"D 929";"48,72340585";"1,40260756"
"202400009353";"18";"03";"2024";"13:10";"1";"25";"25056";"2";"2";"1";"5";"CHURCHILL BD WINSTON";"47,25100000";"6,00911000"
"202400009354";"18";"03";"2024";"19:25";"1";"22";"22360";"2";"6";"1";"2";"ARMOR (RUE D')";"48,48507000";" -2,73995000"
"202400009355";"14";"03";"2024";"17:15";"1";"22";"22113";"2";"1";"1";"3";"CORDIERS (RUE DES)";"48,73110000";" -3,44668000"
"202400009356";"17";"03";"2024";"19:40";"5";"19";"19031";"2";"9";"1";"3";"DE JOUVENEL (BOULEVARD HENRI)";"45,15738007";"1,52373219"
"202400009357";"18";"03";"2024";"18:55";"2";"17";"17306";"2";"3";"1";"6";"PELLETAN  EUGENE";"45,62501300";" -1,03012600"
"202400009358";"17";"03";"2024";"09:30";"1";"15";"15014";"2";"1";"1";"6";"Rue de l Egalité";"44,93376400";"2,43876400"
"202400009359";"18";"03";"2024";"08:50";"1";"13";"13028";"2";"1";"1";"4";"CD 559 (CHEMIN DEPARTEMENTAL°";"43,18901343";"5,63306123"
"202400009360";"18";"03";"2024";"17:15";"1";"13";"13004";"2";"1";"1";"6";"AV DE HONGRIE";"43,68996970";"4,63404240"
"202400009361";"17";"03";"2024";"05:35";"5";"10";"10333";"2";"1";"1";"6";"Avenue de l'Ile Germaine";"48,28360000";"4,05240000"
"202400009362";"3";"07";"2024";"19:11";"1";"75";"75114";"2";"1";"1";"6";"AVENUE DU GENERAL LECLERC";"48,82845800";"2,32741500"
"202400009363";"13";"03";"2024";"16:19";"1";"10";"10387";"2";"3";"1";"3";"ETIENNE PEDRON (RUE)";"48,31721000";"4,07397000"
"202400009364";"5";"07";"2024";"15:20";"1";"75";"75113";"2";"1";"1";"6";"RUE DE PATAY";"48,82595100";"2,37403600"
"202400009365";"18";"03";"2024";"07:35";"1";"06";"06069";"2";"1";"1";"7";"Boulevard Bellevue";"43,66577000";"6,93096000"
"202400009366";"24";"06";"2024";"18:40";"1";"75";"75112";"2";"7";"1";"3";"PLACE DE LA NATION";"48,84732600";"2,39573800"
"202400009367";"18";"03";"2024";"08:00";"1";"06";"06069";"2";"3";"1";"3";"Avenue Antoine de Saint Exupéry";"43,66221000";"6,93418000"
"202400009368";"5";"07";"2024";"19:45";"1";"75";"75110";"2";"1";"1";"3";"QUAI DE JEMMAPES";"48,87057500";"2,36628100"
"202400009369";"19";"03";"2024";"01:30";"5";"06";"06029";"2";"1";"1";"7";"Chemin des Gourguettes";"43,57382200";"6,95941800"
"202400009370";"5";"07";"2024";"15:30";"1";"75";"75110";"2";"6";"1";"6";"RUE LA FAYETTE";"48,87938800";"2,36737200"
"202400009371";"18";"03";"2024";"07:35";"2";"06";"06029";"2";"1";"1";"5";"Boulevard Vallombrosa";"43,55346630";"7,00772620"
"202400009372";"5";"07";"2024";"02:45";"5";"75";"75110";"2";"2";"1";"6";"RUE LOUIS BLANC";"48,88006100";"2,36710700"
"202400009373";"5";"07";"2024";"12:50";"1";"75";"75108";"2";"1";"1";"7";"RUE DE COURCELLES";"48,87887600";"2,30353100"
"202400009374";"18";"03";"2024";"10:30";"1";"75";"75119";"2";"1";"1";"2";"BD PERIPHERIQUE EXTERIEUR";"48,90071000";"2,37120000"
"202400009375";"5";"07";"2024";"10:35";"1";"75";"75108";"2";"1";"1";"6";"AVENUE DES CHAMPS ELYSEES";"48,87098200";"2,30403500"
"202400009376";"17";"03";"2024";"01:20";"5";"75";"75114";"2";"1";"1";"2";"BD PERIPHERIQUE EXTERIEUR";"48,81970300";"2,32698700"
"202400009377";"5";"07";"2024";"18:55";"1";"75";"75107";"2";"1";"1";"7";"QUAI BRANLY";"48,86135041";"2,29707599"
"202400009378";"18";"03";"2024";"09:15";"1";"75";"75120";"2";"3";"1";"3";"RUE SAINT FARGEAU";"48,87164900";"2,40234300"
"202400009379";"5";"07";"2024";"16:30";"1";"75";"75101";"2";"3";"1";"3";"RUE SAINT HONORE";"48,86251800";"2,33813000"
"202400009380";"17";"03";"2024";"10:50";"1";"75";"75115";"2";"3";"2";"3";"RUE DE LA FEDERATION";"48,85512700";"2,28945100"
"202400009381";"5";"07";"2024";"13:00";"1";"75";"75101";"2";"3";"1";"3";"BOULEVARD DE LA MADELEINE";"48,86969300";"2,32661500"
"202400009382";"5";"07";"2024";"09:30";"1";"75";"75103";"2";"1";"1";"7";"RUE MICHEL LE COMTE";"48,86233600";"2,35606300"
"202400009383";"18";"03";"2024";"14:05";"1";"75";"75110";"2";"3";"1";"6";"RUE DU FAUBOURG POISSONNIERE";"48,87743500";"2,34911500"
"202400009384";"4";"07";"2024";"23:50";"5";"75";"75101";"2";"1";"1";"2";"BOULEVARD DE SEBASTOPOL";"48,85970500";"2,34888500"
"202400009385";"3";"07";"2024";"21:10";"2";"75";"75101";"2";"2";"1";"3";"AVENUE DE L OPERA";"48,86634275";"2,33418167"
"202400009386";"18";"03";"2024";"07:45";"1";"75";"75109";"2";"3";"1";"6";"RUE SAINT LAZARE";"48,87571200";"2,32780500"
"202400009387";"5";"07";"2024";"19:40";"1";"94";"94081";"2";"1";"1";"2";"4 Rue des Pépinières";"48,77413100";"2,36895400"
"202400009388";"17";"03";"2024";"03:30";"5";"75";"75102";"2";"1";"9";"3";"BOULEVARD DES CAPUCINES";"48,87046600";"2,33114200"
"202400009389";"4";"07";"2024";"20:25";"1";"94";"94081";"2";"2";"1";"3";"Avenue Youri Gagarine";"48,78941900";"2,38892800"
"202400009390";"18";"03";"2024";"15:45";"1";"75";"75108";"2";"3";"1";"3";"AVENUE DES CHAMPS ELYSEES";"48,87206200";"2,30043800"
"202400009391";"4";"07";"2024";"13:18";"1";"94";"94081";"2";"3";"1";"6";"Rue Antoine Marie Colin";"48,79014059";"2,39162399"
"202400009392";"18";"03";"2024";"04:35";"5";"94";"94022";"2";"2";"2";"4";"Avenue de Newburn / Rue du Four";"48,75489500";"2,41155500"
"202400009393";"5";"07";"2024";"16:50";"1";"94";"94078";"2";"1";"1";"6";"Rue Emile Zola";"48,73557000";"2,44694000"
"202400009394";"5";"07";"2024";"08:25";"1";"94";"94068";"2";"2";"1";"3";"Rue de Beaujeu";"48,79650000";"2,47598000"
"202400009395";"18";"03";"2024";"18:05";"1";"94";"94022";"2";"2";"1";"3";"Avenue de Newburn / Rue du Four";"48,75490000";"2,41149000"
"202400009396";"5";"07";"2024";"18:23";"1";"94";"94052";"2";"1";"1";"2";"Boulevard de Strasbourg";"48,84183000";"2,48364000"
"202400009397";"18";"03";"2024";"14:08";"1";"93";"93078";"2";"1";"1";"4";"Boulevard Robert Ballanger";"48,95840200";"2,54769000"
"202400009398";"5";"07";"2024";"10:30";"1";"94";"94041";"2";"1";"1";"2";"Pont Nelson Mandela";"48,81938000";"2,39970000"
"202400009399";"18";"03";"2024";"08:30";"1";"93";"93059";"2";"3";"1";"3";"Avenue Lénine / Rue Séverine";"48,96086000";"2,35888000"
"202400009400";"5";"07";"2024";"13:20";"1";"94";"94021";"2";"1";"1";"6";"30 Av du Pdt Franklin Roosevelt";"48,77187917";"2,35875821"
"202400009401";"18";"03";"2024";"17:30";"1";"93";"93064";"2";"3";"1";"6";"Avenue du Président John Kennedy / Rue du 11 Novembre";"48,88039720";"2,49361418"
"202400009402";"3";"07";"2024";"10:00";"1";"94";"94060";"2";"1";"8";"4";"30 Rue du Général de Gaulle";"48,78009600";"2,57704700"
"202400009403";"18";"03";"2024";"06:20";"2";"93";"93050";"2";"3";"1";"3";"Rue Paul et Camille Thomoux / Rue du 19 Mars 1962";"48,86264000";"2,53023000"
"202400009404";"4";"07";"2024";"21:45";"1";"93";"93073";"1";"1";"1";"1";"CHAPIT RE ( RUE DU)";"48,99012000";"2,56982000"
"202400009405";"5";"07";"2024";"16:00";"1";"93";"93066";"2";"2";"1";"3";"MOULIN JEAN (AVENUE) NR 2 A 8 ET 1 A 11";"48,94204100";"2,36544900"
"202400009406";"18";"03";"2024";"09:20";"1";"93";"93006";"2";"2";"1";"3";"Rue Louise Michel / Avenue Raspail";"48,87485000";"2,43126000"
"202400009407";"5";"07";"2024";"18:45";"1";"93";"93064";"2";"9";"1";"6";"LECLERC (RUE DU GENERAL)";"48,86768500";"2,49318400"
"202400009408";"18";"03";"2024";"10:55";"1";"93";"93010";"2";"1";"1";"3";"Avenue Galliéni";"48,90671200";"2,48573400"
"202400009409";"5";"07";"2024";"06:15";"1";"93";"93053";"2";"9";"1";"3";"Rue de Paris";"48,90047868";"2,45266914"
"202400009410";"18";"03";"2024";"14:10";"1";"93";"93005";"2";"3";"1";"6";"Allée Jean-Marie Rous / Avenue de Savigny";"48,94927800";"2,51243700"
"202400009411";"5";"07";"2024";"08:35";"1";"93";"93051";"2";"1";"1";"3";"NOISERAIE (ALLEE)";"48,83956839";"2,57622242"
"202400009412";"18";"03";"2024";"08:45";"1";"93";"93005";"2";"6";"1";"6";"Rue du Docteur Fleming / Rue Calmette et Guerin";"48,95235600";"2,51765900"
"202400009413";"4";"07";"2024";"13:45";"1";"93";"93048";"2";"3";"1";"6";"Avenue du President Salvador Allende / Rue Jules Verne";"48,87141074";"2,45877238"
"202400009414";"18";"03";"2024";"18:59";"2";"92";"92072";"2";"9";"1";"3";"GRANDE RUE";"48,82640000";"2,21927000"
"202400009415";"4";"07";"2024";"18:30";"1";"93";"93063";"2";"2";"1";"3";"Avenue Pierre Kérautret / Passage Voltaire / Boulevard Roger Salengro ";"48,87962171";"2,44862836"
"202400009416";"17";"03";"2024";"18:30";"1";"92";"92022";"2";"1";"1";"3";"LIBERATION (BOULEVARD DE LA)";"48,80279057";"2,18652606"
"202400009417";"17";"03";"2024";"12:23";"1";"92";"92064";"2";"1";"2";"7";"DIX-HUI JUIN";"48,84864675";"2,22240204"
"202400009418";"5";"07";"2024";"14:56";"1";"93";"93031";"2";"3";"1";"3";"Rue d'Estrées / Avenue de la République";"48,94811599";"2,33821705"
"202400009419";"5";"07";"2024";"16:30";"1";"93";"93005";"2";"2";"1";"3";"RAINCY (AVENUE DU)";"48,92450000";"2,50575000"
"202400009420";"18";"03";"2024";"07:30";"1";"92";"92012";"2";"9";"1";"4";"GEORGES GORSE (QUAI)";"48,82482862";"2,23524070"
"202400009421";"5";"07";"2024";"16:00";"1";"93";"93001";"2";"9";"1";"2";"PAUL ELUARD (ALLEE)";"48,91841200";"2,40225600"
"202400009422";"17";"03";"2024";"16:45";"1";"92";"92004";"2";"9";"1";"2";"DOCTEUR DERVAUX  ( QUAI DU )";"48,90400919";"2,28549922"
"202400009423";"5";"07";"2024";"09:00";"1";"92";"92046";"2";"1";"1";"3";"PIERRE BROSSOLETTE (AVENUE)";"48,81735938";"2,30739570"
"202400009424";"14";"03";"2024";"17:25";"1";"60";"60587";"1";"3";"1";"3";"D1017";"49,35207100";"2,60962300"
"202400009425";"5";"07";"2024";"14:00";"1";"92";"92064";"2";"1";"1";"2";"CARNOT";"48,84991285";"2,22384113"
"202400009426";"5";"07";"2024";"18:49";"1";"92";"92051";"2";"1";"1";"3";"ROULE (AVENUE DU, N° 29 A 91 ET 30 A 86)";"48,88236380";"2,27804607"
"202400009427";"16";"03";"2024";"00:45";"5";"974";"97415";"2";"2";"1";"1";"Avenue du Stade";" -20,98477200";"55,28897000"
"202400009428";"5";"07";"2024";"17:00";"1";"92";"92044";"2";"3";"1";"6";"GABRIEL PERI(RUE) 25A49 ET 38A46";"48,89259138";"2,28724551"
"202400009429";"19";"03";"2024";"05:28";"2";"976";"97610";"1";"1";"1";"1";"ZI 3 VALLÉES - LONGONI";" -12,72993500";"45,18028700"
"202400009430";"19";"03";"2024";"17:40";"1";"24";"24442";"1";"1";"1";"6";"364 Route de Guillassou";"45,10934300";"0,50858400"
"202400009431";"2";"05";"2024";"08:40";"1";"92";"92044";"2";"3";"1";"3";"ANDRE MALRAUX (SQUARE)157DANTON";"48,89804235";"2,27656013"
"202400009432";"4";"07";"2024";"11:16";"1";"92";"92035";"2";"1";"1";"3";"République ( boulevard de la )";"48,90556584";"2,25481832"
"202400009433";"17";"03";"2024";"20:20";"5";"40";"40065";"2";"2";"1";"5";"19 Rue des Marsouins";"43,65282000";" -1,44435100"
"202400009434";"4";"07";"2024";"13:00";"1";"92";"92025";"2";"7";"7";"3";"GABRIEL PERI (RUE)";"48,91849892";"2,23959891"
"202400009435";"17";"03";"2024";"13:12";"1";"71";"71383";"1";"1";"1";"6";"Station service TOTAL - autoroute 6 - aire de MACON LA SALLE - sens LYON PARIS";"46,41955300";"4,86660800"
"202400009436";"17";"03";"2024";"02:58";"3";"17";"17414";"1";"6";"1";"7";"D105";"46,21053900";" -1,13551300"
"202400009437";"5";"07";"2024";"08:50";"1";"92";"92012";"2";"1";"1";"3";"REPUBLIQUE (BOULEVARD DE LA) 79/FIN - 76";"48,83339000";"2,24456000"
"202400009438";"18";"03";"2024";"09:24";"1";"14";"14738";"1";"1";"1";"2";"A84";"49,16399900";" -0,43820900"
"202400009439";"5";"07";"2024";"23:00";"3";"92";"92004";"2";"2";"1";"3";"DOCTEUR DERVAUX  ( QUAI DU )";"48,91114526";"2,29880655"
"202400009440";"5";"07";"2024";"17:25";"1";"63";"63388";"1";"1";"1";"6";"D987";"45,99975572";"2,76370796"
"202400009441";"18";"03";"2024";"18:30";"2";"65";"65069";"1";"1";"1";"3";"D142";"43,07297500";"0,39617300"
"202400009442";"5";"07";"2024";"11:15";"1";"12";"12172";"1";"1";"1";"2";"Route de la Planque";"44,60049100";"2,66734700"
"202400009443";"6";"07";"2024";"12:30";"1";"85";"85065";"1";"1";"1";"1";"la chausseloire";"46,89787800";" -1,22431000"
"202400009444";"19";"03";"2024";"13:45";"1";"63";"63130";"1";"3";"1";"1";" RD502 / lieu-dit les monts";"46,18224800";"2,76756200"
"202400009445";"5";"07";"2024";"22:00";"2";"62";"62767";"2";"1";"1";"1";"Rue de Bethune";"50,38305900";"2,33754900"
"202400009446";"17";"03";"2024";"20:30";"2";"47";"47069";"2";"1";"1";"6";"2492 route d'Agen";"44,22244100";"0,56658800"
"202400009447";"5";"07";"2024";"17:50";"1";"41";"41149";"2";"1";"1";"6";"50 Rue du Général Leclerc";"47,75295400";"0,86908100"
"202400009448";"19";"03";"2024";"18:14";"1";"68";"68258";"1";"1";"1";"3";"D429";"47,84136651";"7,28859918"
"202400009449";"5";"07";"2024";"16:00";"1";"66";"66141";"2";"6";"1";"3";"Rue du Néoulous";"42,73714700";"2,91578700"
"202400009450";"19";"03";"2024";"08:30";"1";"44";"44063";"2";"6";"7";"3";"14 Avenue  Xavier Rineau";"47,08474900";" -1,26274100"
"202400009451";"4";"07";"2024";"02:00";"3";"62";"62819";"2";"1";"1";"6";"D943E1";"50,77525500";"2,19834400"
"202400009452";"19";"03";"2024";"16:55";"1";"44";"44154";"1";"1";"1";"6";"N/A";"47,22840900";" -2,15427500"
"202400009453";"6";"07";"2024";"14:00";"1";"62";"62273";"2";"1";"6";"3";"D127";"50,61153000";"1,82971700"
"202400009454";"5";"03";"2024";"19:15";"3";"35";"35331";"1";"6";"1";"3";"D62 D35";"48,10553200";" -1,91866500"
"202400009455";"4";"07";"2024";"16:50";"1";"51";"51115";"2";"1";"7";"1";"l entree des verriats";"49,19444400";"4,01149000"
"202400009456";"19";"03";"2024";"07:30";"2";"29";"29210";"1";"1";"1";"1";"Pen Ar C’hoas";"48,57258455";" -4,00446296"
"202400009457";"5";"07";"2024";"19:00";"1";"56";"56164";"1";"1";"1";"1";"Penhouët";"47,66007600";" -2,81274700"
"202400009458";"19";"03";"2024";"16:40";"1";"29";"29110";"1";"1";"1";"7";"Douar Ar Zant";"48,07936659";" -3,91234085"
"202400009459";"6";"07";"2024";"05:30";"3";100;100185";"1";"1";"1";"6";"strada pasquale paoli";"42,62987400";"9,35048600"
"202400009460";"18";"03";"2024";"10:20";"1";"31";"31100";"1";"1";"1";"3";"D11";"43,31716100";"1,61979700"
"202400009461";"18";"03";"2024";"16:56";"1";"38";"38012";"2";"1";"1";"6";"D40";"45,61265571";"5,61498214"
"202400009462";"5";"07";"2024";"20:15";"2";"65";"65035";"2";"2";"1";"1";"RUE DE LA MONTJOIE";"43,39870200";"0,07494100"
"202400009463";"19";"03";"2024";"17:10";"1";"84";"84051";"1";"6";"1";"3";"Rond pont de la mayette D900";"43,85935900";"5,26645300"
"202400009464";"18";"03";"2024";"18:40";"1";"64";"64235";"1";"1";"1";"1";"CD 14";"43,33796500";" -1,06517500"
"202400009465";"6";"07";"2024";"17:42";"1";"71";"71263";"1";"3";"2";"2";"D678";"46,63359600";"5,25666300"
"202400009466";"19";"03";"2024";"12:19";"1";"43";"43018";"1";"1";"1";"2";"Route de Loudes";"45,01374300";"3,79904300"
"202400009467";"17";"03";"2024";"17:55";"1";"07";"07330";"1";"1";"1";"7";"Route de Bourg Saint Andéol";"44,40605998";"4,41761705"
"202400009468";"6";"07";"2024";"17:00";"1";"71";"71305";"1";"2";"3";"5";"D906";"46,46475200";"4,89381400"
"202400009469";"15";"03";"2024";"18:45";"5";"88";"88304";"2";"2";"3";"3";"3 Rue de l’Abbe Germini";"48,30364700";"6,13436800"
"202400009470";"19";"03";"2024";"10:15";"1";"978";"97801";"2";"1";"1";"6";"rue de coralita - Oyster Pond";"18,06508700";" -63,01204200"
"202400009471";"28";"06";"2024";"18:20";"1";"89";"89300";"1";"1";"1";"3";"Santigny";"47,55869300";"4,11919200"
"202400009472";"19";"03";"2024";"17:25";"2";"06";"06018";"1";"1";"1";"3";"Route des Lucioles";"43,61629500";"7,06555000"
"202400009473";"6";"07";"2024";"18:50";"1";"76";"76711";"2";"1";"1";"3";"Quai Albert Cauet";"50,06349600";"1,38168100"
"202400009474";"18";"03";"2024";"07:35";"1";"987";"98745";"2";"3";"1";"3";"sortie OUEST Patio";" -16,62000000";" -151,49600000"
"202400009475";"6";"07";"2024";"19:00";"1";"47";"47310";"2";"4";"1";"3";"D911";"44,38150100";"0,32877400"
"202400009476";"18";"03";"2024";"17:54";"1";"06";"06088";"1";"1";"1";"2";"autoroute A8, PK 195+500, chaussée nord, tunnel de pessicart";"43,73217400";"7,23781200"
"202400009477";"6";"07";"2024";"09:20";"1";"39";"39286";"1";"1";"2";"1";"N/A";"46,38108900";"5,79867900"
"202400009478";"18";"03";"2024";"07:30";"1";"987";"98733";"2";"1";"1";"3";"PK 23.800 RT1 face au n°522";" -17,69600000";" -149,54800000"
"202400009479";"24";"06";"2024";"22:30";"2";"44";"44129";"2";"1";"1";"6";"48 Route de la Brière-le Calvaire";"47,44297000";" -2,12833800"
"202400009480";"18";"03";"2024";"21:30";"5";"973";"97357";"2";"4";"1";"1";"le bourg";"4,27215795";" -54,38014278"
"202400009481";"18";"03";"2024";"11:30";"1";"84";"84019";"2";"3";"1";"6";"Rue Honore Daumier";"44,27397900";"4,74416300"
"202400009482";"5";"07";"2024";"21:00";"1";"44";"44212";"1";"1";"1";"1";"bonne-fontaine";"47,16125525";" -1,29055023"
"202400009483";"5";"07";"2024";"21:20";"2";"44";"44146";"1";"1";"1";"6";"6 La Minière";"47,79968643";" -1,46260285"
"202400009484";"18";"03";"2024";"19:45";"5";"55";"55351";"1";"1";"1";"7";"Rue Albert 1er";"49,52210200";"5,38375100"
"202400009485";"18";"03";"2024";"18:15";"1";"46";"46102";"2";"1";"1";"6";"37 Rue du Faubourg du Pin";"44,60808000";"2,04020600"
"202400009486";"5";"07";"2024";"17:20";"1";"31";"31182";"2";"1";"7";"3";"173 Route de Paris";"43,69913200";"1,39815500"
"202400009487";"6";"07";"2024";"01:10";"4";"38";"38174";"2";"2";"1";"6";"Route de Lyon";"45,39030900";"5,36228800"
"202400009488";"15";"03";"2024";"17:00";"1";"33";"33256";"1";"1";"1";"1";"N/A";"44,99442970";" -0,59354603"
"202400009489";"5";"07";"2024";"15:40";"1";"03";"03254";"1";"1";"1";"3";"D46";"46,31699900";"3,33177600"
"202400009490";"18";"03";"2024";"17:30";"1";"35";"35105";"1";"1";"1";"1";"Villepelee";"48,10310000";" -1,09963600"
"202400009491";"18";"03";"2024";"12:30";"1";"60";"60141";"2";"1";"1";"6";"Avenue du Maréchal Joffre";"49,18957500";"2,46275500"
"202400009492";"5";"07";"2024";"19:00";"1";"70";"70578";"1";"2";"1";"2";"D15";"47,32561100";"5,88872600"
"202400009493";"14";"03";"2024";"08:20";"1";"13";"13215";"1";"1";"1";"3";"A7-Sens Marseille vers Lyon";"43,37000000";"5,36000000"
"202400009494";"5";"07";"2024";"09:30";"1";"72";"72039";"1";"2";"1";"3";"D301";"48,17375200";"0,41421900"
"202400009495";"18";"03";"2024";"08:15";"1";"83";"83129";"1";"1";"1";"4";"A50";"43,12046952";"5,84538608"
"202400009496";"25";"06";"2024";"17:25";"1";"72";"72319";"1";"9";"1";"3";"Rue Poche";"48,13157500";"0,09167800"
"202400009497";"3";"07";"2024";"13:55";"1";"09";"09228";"1";"1";"1";"1";"ROUTE NATIONALE 20, PK74+800";"42,73996800";"1,78639400"
"202400009498";"16";"03";"2024";"15:00";"1";"57";"57672";"1";"1";"1";"4";"Autoroute A31";"49,34837000";"6,16012000"
"202400009499";"15";"03";"2024";"11:43";"1";"59";"59507";"1";"1";"8";"7";"AUTOROUTE A1";"50,61266000";"3,08760000"
"202400009500";"5";"07";"2024";"18:20";"1";"45";"45276";"2";"1";"1";"5";"D951 PR 15 + 842";"47,62549600";"2,73252800"
"202400009501";"15";"03";"2024";"13:05";"1";"95";"95154";"1";"1";"2";"6";"A1";"49,03391905";"2,54025840"
"202400009502";"16";"03";"2024";"15:00";"1";"988";"98818";"2";"3";"1";"3";"ROUTE DE LA BAIE DES DAMES";" -22,23993000";"166,44752000"
"202400009503";"5";"07";"2024";"21:00";"2";"73";"73110";"1";"2";"1";"6";"D66 Route de la plaine";"45,62785600";"6,43441600"
"202400009504";"16";"03";"2024";"10:42";"1";"988";"98818";"2";"1";"8";"6";"IMPASSE BALARD";" -22,24441000";"166,44950000"
"202400009505";"5";"07";"2024";"15:00";"1";"18";"18169";"1";"1";"1";"3";"N/A";"46,72636900";"2,43514300"
"202400009506";"17";"03";"2024";"18:00";"1";"974";"97409";"2";"1";"1";"2";"EMILE THOMAS (rue)";" -20,93703000";"55,64868000"
"202400009507";"5";"07";"2024";"17:45";"1";"10";"10087";"2";"1";"1";"3";"Rue de Galiche";"47,95663300";"4,06675500"
"202400009508";"5";"07";"2024";"21:45";"2";"36";"36001";"1";"1";"1";"6";"La Bouzanne";"46,44821802";"1,80390917"
"202400009509";"17";"03";"2024";"11:35";"1";"69";"69388";"2";"3";"8";"3";"Route de Vienne";"45,73580000";"4,85314000"
"202400009510";"16";"03";"2024";"20:50";"5";"972";"97213";"1";"9";"1";"6";"ROUTE DEPARTEMENTALE 3";"14,64561552";" -60,99070887"
"202400009511";"6";"07";"2024";"14:40";"1";"07";"07291";"1";"1";"1";"1";"RD 290";"44,34682008";"4,50129950"
"202400009512";"17";"03";"2024";"16:30";"1";"972";"97209";"1";"1";"1";"2";"REDOUTE (ROUTE DE LA)";"14,62217000";" -61,06046000"
"202400009513";"5";"07";"2024";"20:05";"1";"07";"07110";"2";"4";"1";"7";"La Grand Font";"44,48080000";"4,23928000"
"202400009514";"17";"03";"2024";"12:25";"1";"972";"97209";"2";"1";"1";"2";"ABBE LAVIGNE (AVENUE)";"14,61349000";" -61,07211000"
"202400009515";"5";"07";"2024";"18:15";"1";"07";"07260";"2";"3";"1";"3";"D 22 B";"44,71243700";"4,71240500"
"202400009516";"16";"03";"2024";"05:20";"5";"972";"97209";"1";"1";"2";"6";"RD 41 (ROCADE)";"14,61135000";" -61,08008000"
"202400009517";"6";"07";"2024";"10:40";"1";"53";"53245";"1";"2";"1";"2";"N12";"48,30585200";" -0,99894600"
"202400009518";"17";"03";"2024";"17:00";"2";"69";"69142";"2";"1";"2";"3";"30 Quai Pierre Sémard";"45,71906000";"4,81832000"
"202400009519";"17";"03";"2024";"19:10";"5";"69";"69034";"2";"1";"2";"7";"90 Avenue Général de Gaulle";"45,81055000";"4,85793000"
"202400009520";"5";"07";"2024";"18:15";"1";"21";"21089";"1";"1";"1";"7";"D12 A";"47,10303500";"5,12171000"
"202400009521";"6";"07";"2024";"19:15";"2";"21";"21616";"1";"1";"1";"6";"D18";"46,95529400";"4,81666800"
"202400009522";"16";"03";"2024";"15:00";"1";"76";"76476";"2";"1";"1";"1";"DUFY  RAOUL (RUE)";"49,48211000";"0,58491000"
"202400009523";"16";"03";"2024";"15:40";"1";"70";"70513";"1";"1";"1";"7";"Route de Pusey";"47,64547000";"6,10032000"
"202400009524";"5";"07";"2024";"20:15";"1";"40";"40218";"2";"2";"1";"3";"Intersection D36 - D37";"43,94885000";"0,01134700"
"202400009525";"6";"07";"2024";"00:30";"3";"04";"04167";"1";"1";"1";"6";"D900a";"44,16770700";"6,24751900"
"202400009526";"17";"03";"2024";"16:55";"1";"69";"69256";"2";"3";"8";"1";"Avenue Georges Dimitrov";"45,77716000";"4,92480000"
"202400009527";"6";"07";"2024";"08:40";"1";"85";"85295";"1";"1";"1";"6";"RD93";"47,00326700";" -1,27315000"
"202400009528";"17";"03";"2024";"16:52";"1";"64";"64373";"2";"1";"1";"1";"YSER DE L'";"43,28661000";" -0,35971000"
"202400009529";"6";"07";"2024";"00:05";"3";"68";"68066";"1";"1";"1";"1";"autoute A 35";"48,09461826";"7,38249484"
"202400009530";"16";"03";"2024";"23:00";"3";"62";"62126";"2";"1";"1";"6";"D937";"50,52293819";"2,67037426"
"202400009531";"6";"07";"2024";"08:15";"1";"10";"10380";"1";"1";"1";"7";"A26";"48,52824200";"4,18108200"
"202400009532";"16";"03";"2024";"15:00";"1";"62";"62108";"2";"1";"1";"3";"Rue de l’Impératrice";"50,40816000";"1,59094000"
"202400009533";"6";"07";"2024";"10:15";"1";"06";"06085";"2";"1";"1";"3";"1110 Avenue Saint Martin";"43,61135500";"6,97787900"
"202400009534";"16";"03";"2024";"05:55";"4";"61";"61169";"2";"2";"2";"3";"D462";"48,74647600";" -0,56970300"
"202400009535";"5";"07";"2024";"19:00";"1";"69";"69039";"2";"3";"1";"3";"Rue Louis Bréchard";"45,98045800";"4,50765600"
"202400009536";"15";"03";"2024";"20:50";"5";"60";"60175";"2";"1";"2";"6";"Rue Henri Bergson";"49,25309000";"2,48698000"
"202400009537";"5";"07";"2024";"17:40";"1";"13";"13001";"1";"1";"1";"2";"A8, pk 20.000, sens nord";"43,51195759";"5,45536187"
"202400009538";"17";"03";"2024";"22:20";"4";"59";"59512";"2";"2";"1";"3";"Avenue Alfred Motte";"50,67375000";"3,19329000"
"202400009539";"5";"07";"2024";"09:40";"1";"17";"17146";"1";"3";"1";"2";"D238e1";"45,90549000";" -0,94775900"
"202400009540";"17";"03";"2024";"22:05";"5";"59";"59512";"2";"3";"2";"6";"Rue de l'Alma";"50,69785000";"3,16671000"
"202400009541";"6";"07";"2024";"15:25";"1";"59";"59244";"1";"1";"1";"2";"Autoroute A2";"50,15371105";"3,14976832"
"202400009542";"17";"03";"2024";"16:51";"1";"56";"56260";"2";"1";"1";"7";"Liziec";"47,66733000";" -2,72519000"
"202400009543";"17";"03";"2024";"07:45";"2";"42";"42170";"1";"1";"1";"6";"Route du Gros Chêne";"46,01835000";"4,12560000"
"202400009544";"3";"07";"2024";"17:00";"1";"13";"13051";"1";"1";"1";"2";"Autoroute A7, pk 244.000 sens 2";"43,57665915";"5,21143920"
"202400009545";"5";"07";"2024";"08:40";"1";"987";"98748";"1";"1";"1";"2";"PK 4.800 TOAHOTU";" -17,77288200";" -149,30934900"
"202400009546";"16";"03";"2024";"15:30";"1";"38";"38185";"2";"9";"1";"2";"AVENUE MARIE REYNOARD";"45,16852000";"5,73049000"
"202400009547";"5";"07";"2024";"18:00";"1";"971";"97115";"1";"1";"1";"6";"Route de Routa";"16,25788700";" -61,63671300"
"202400009548";"16";"03";"2024";"05:17";"5";"38";"38053";"1";"1";"1";"6";"GRENOBLE (ROUTE DE)";"45,58419000";"5,28876000"
"202400009549";"2";"03";"2024";"20:30";"2";"36";"36044";"2";"1";"2";"6";"Rue Pierre Gaultier";"46,80768727";"1,69784367"
"202400009550";"6";"07";"2024";"00:45";"3";"77";"77257";"1";"1";"1";"3";"D401";"49,03276800";"3,00450300"
"202400009551";"4";"07";"2024";"23:25";"3";"95";"95535";"1";"1";"1";"6";"D28";"49,06665389";"1,96151718"
"202400009552";"16";"03";"2024";"23:45";"3";"36";"36063";"1";"9";"8";"3";"N/A";"46,83926000";"1,67546000"
"202400009553";"5";"07";"2024";"19:00";"1";"34";"34090";"2";"1";"7";"6";"Rn 113";"43,64228700";"3,94261900"
"202400009554";"17";"03";"2024";"17:25";"1";"34";"34172";"2";"1";"1";"7";"STRASBOURG (BOULEVARD DE)";"43,60369500";"3,88984000"