"Num_Acc";"jour";"mois";"an";"hrmn";"lum";"dep";"com";"agg";"int";"atm";"col";"adr";"lat";"long"
"202400009749";"13";"09";"2024";"12:30";"1";"33";"33281";"2";"3";"1";"3";"N/A";"44,83205000";" -0,62675000"
"202400009750";"25";"11";"2024";"21:05";"5";"95";"95427";"2";"1";"2";"1";"D311";"48,97700752";"2,34837999"
"202400009751";"13";"09";"2024";"12:00";"1";"33";"33281";"2";"4";"1";"3";"N/A";"44,83849500";" -0,61885100"
"202400009752";"24";"04";"2024";"22:50";"5";"69";"69388";"2";"3";"1";"3";"Rue Paul Cazeneuve";"45,73188000";"4,86051000"
"202400009753";"25";"11";"2024";"08:15";"2";"95";"95288";"2";"1";"3";"6";"D311";"48,98521190";"2,35666741"
"202400009754";"13";"09";"2024";"08:25";"1";"33";"33281";"2";"6";"1";"6";"N/A";"44,82374000";" -0,65033000"
"202400009755";"24";"04";"2024";"10:35";"1";"69";"69388";"2";"8";"1";"6";"67 Boulevard des Etats-Unis";"45,73409000";"4,86402000"
"202400009756";"25";"11";"2024";"08:00";"2";"91";"91477";"2";"1";"2";"6";"EMILE BAUDOT (RUE)";"48,72101000";"2,26127000"
"202400009757";"13";"09";"2024";"08:10";"2";"33";"33318";"2";"2";"1";"1";"N/A";"44,80078000";" -0,60851000"
"202400009758";"24";"04";"2024";"17:08";"1";"972";"97213";"1";"1";"1";"3";"BASSE GONDEAU (CHEMIN RURAL N°4 DE) ";"14,62891000";" -61,02826000"
"202400009759";"24";"11";"2024";"14:35";"1";"91";"91201";"2";"3";"1";"6";"BD HENRI BARBUSSE";"48,69028700";"2,41112100"
"202400009760";"13";"09";"2024";"04:30";"5";"33";"33063";"2";"1";"2";"6";"N/A";"44,87481000";" -0,55063000"
"202400009761";"22";"04";"2024";"08:55";"1";"972";"97209";"2";"4";"1";"5";"MOUTTE (ROUTE DE)";"14,62480000";" -61,05089000"
"202400009762";"23";"11";"2024";"16:30";"1";"91";"91691";"2";"1";"1";"6";"PARC";"48,72072000";"2,51169000"
"202400009763";"22";"11";"2024";"18:24";"5";"87";"87085";"2";"1";"1";"6";"FOURNIER (PLACE)";"45,83138000";"1,26099000"
"202400009764";"13";"09";"2024";"17:50";"1";"31";"31555";"2";"1";"1";"6";"CHE D AUDIBERT";"43,63671834";"1,44244641"
"202400009765";"24";"04";"2024";"11:45";"1";"69";"69034";"2";"6";"1";"2";"Avenue Général Leclerc";"45,80368000";"4,86082000"
"202400009766";"24";"11";"2024";"05:20";"3";"87";"87085";"2";"1";"1";"6";"NEXON (RUE DE)";"45,80378000";"1,25453000"
"202400009767";"24";"04";"2024";"21:50";"5";101;101004";"2";"1";"1";"1";"PIETRI NICOLAS AVENUE";"41,91766155";"8,72456610"
"202400009768";"13";"09";"2024";"04:20";"3";"31";"31555";"2";"1";"1";"5";"VA007440 LES MINIMES A620 Sortie 31";"43,62112000";"1,41807000"
"202400009769";"22";"11";"2024";"10:13";"1";"87";"87085";"2";"2";"1";"3";"FOUGERAS (RUE DE)";"45,86874000";"1,29646000"
"202400009770";"23";"04";"2024";"17:00";"1";"88";"88160";"1";"3";"1";"3";"7EME ARMEE (RUE DE LA)";"48,15007000";"6,45521000"
"202400009771";"13";"09";"2024";"07:00";"5";"28";"28134";"2";"1";"1";"1";"KENNEDY (AVENUE DU PRESIDENT)";"48,73016000";"1,37963000"
"202400009772";"22";"04";"2024";"16:32";"1";"87";"87085";"2";"1";"1";"2";"REFORME (RUE DE LA)";"45,83522000";"1,26221000"
"202400009773";"13";"09";"2024";"20:25";"4";"26";"26362";"1";"1";"1";"2";"L.A.C.R.A. (RN532)";"44,95329880";"4,93509293"
"202400009774";"24";"04";"2024";"10:15";"1";"85";"85194";"2";"1";"1";"6";"Rue des Ajoncs";"46,51366000";" -1,77569000"
"202400009775";"13";"09";"2024";"16:15";"1";"17";"17306";"2";"1";"1";"3";"BOUCHET LOUIS (AVENUE)";"45,62727000";" -0,99741000"
"202400009776";"25";"11";"2024";"07:30";"2";"84";"84031";"2";"7";"1";"3";"MONT VENTOUX AVENUE DU";"44,05588000";"5,05225000"
"202400009777";"19";"04";"2024";"13:55";"1";"85";"85194";"2";"3";"1";"6";"GUYNEMER (RUE GEORGES)";"46,49542000";" -1,77747000"
"202400009778";"21";"11";"2024";"11:35";"1";"83";"83069";"2";"1";"8";"7";"CLOTIS (AVENUE JOSEPH)";"43,11995000";"6,12909000"
"202400009779";"24";"04";"2024";"09:55";"1";"85";"85191";"2";"2";"1";"3";"RD88";"46,66381000";" -1,41110000"
"202400009780";"13";"09";"2024";"15:20";"1";"17";"17306";"2";"6";"1";"3";"CHEVREUILS (DES)";"45,64303000";" -1,04779000"
"202400009781";"25";"11";"2024";"18:20";"3";"78";"78621";"2";"3";"2";"3";"CHARTRES (ROUTE DE)";"48,77314900";"1,99224200"
"202400009782";"24";"04";"2024";"22:15";"5";"84";"84007";"2";"2";"1";"3";"LIBERTE ( Rue de la)";"43,94340800";"4,81901000"
"202400009783";"13";"09";"2024";"16:25";"1";"14";"14118";"2";"3";"1";"3";"17 Avenue du 6 Juin";"49,18224700";" -0,35725900"
"202400009784";"11";"09";"2024";"15:50";"1";"13";"13102";"2";"1";"1";"1";"RENE CAILLOUX (BD )";"43,42244000";"5,23344000"
"202400009785";"24";"04";"2024";"07:20";"1";"83";"83103";"1";"1";"1";"3";"DE GAULLE (ROUTE GENERAL)";"43,16873241";"5,92073143"
"202400009786";"24";"11";"2024";"20:35";"5";"77";"77373";"2";"2";"1";"6";"CHE D 21";"48,78158000";"2,61832000"
"202400009787";"12";"09";"2024";"15:10";"1";"13";"13201";"2";"1";"1";"6";"HOTEL DES POSTES (PLACE DE L')";"43,29886000";"5,37413000"
"202400009788";"25";"11";"2024";"20:00";"3";"77";"77495";"1";"9";"8";"6";"D.346";"48,55411490";"2,62785827"
"202400009789";"24";"04";"2024";"18:40";"1";"83";"83126";"2";"9";"7";"3";"GHIBAUDO (CHEMIN JEAN )";"43,09180000";"5,87821000"
"202400009790";"21";"04";"2024";"18:05";"1";"83";"83050";"2";"1";"1";"6";"AZEMAR(RUE DES ALLEES D')";"43,53598646";"6,46058485"
"202400009791";"24";"11";"2024";"05:00";"5";"76";"76351";"2";"3";"1";"3";"FLEURUS (DE)";"49,49154000";"0,13830000"
"202400009792";"13";"09";"2024";"11:20";"1";"11";"11069";"1";"1";"1";"5";"N/A";"43,22570800";"2,33023600"
"202400009793";"23";"04";"2024";"13:20";"1";"82";"82033";"1";"1";"1";"6";"Route de Saint-Aignan";"44,03232900";"1,09912100"
"202400009794";"25";"11";"2024";"18:35";"5";"74";"74010";"2";"3";"1";"3";"ST-BERNARD DE MENTHON(BOULEVARD/PASSAGE)";"45,90443000";"6,13426000"
"202400009795";"13";"09";"2024";"15:42";"1";"10";"10387";"2";"2";"1";"6";"Avenue Pierre Brossolette";"48,28660000";"4,07740000"
"202400009796";"25";"11";"2024";"18:20";"5";"67";"67482";"2";"1";"6";"6";"OBERHAUSBERGEN (ROUTE D )";"48,59727000";"7,70461000"
"202400009797";"12";"09";"2024";"19:14";"1";"10";"10387";"2";"3";"1";"1";"Boulevard Gambetta";"48,29929000";"4,07182000"
"202400009798";"22";"04";"2024";"08:10";"1";"77";"77269";"2";"1";"1";"4";"NANGIS - D408 (ROUTE)";"48,54178330";"2,68518801"
"202400009799";"25";"11";"2024";"07:25";"4";"62";"62510";"2";"9";"2";"6";"Rue Jules Ferry";"50,42907000";"2,74951000"
"202400009800";"25";"11";"2024";"11:20";"1";"59";"59599";"2";"2";"2";"6";"GRAMME (CHAUSSEE)";"50,73799900";"3,16231400"
"202400009801";"13";"09";"2024";"13:00";"1";"09";"09122";"2";"1";"1";"4";"LECLERC (AVENUE DU GENERAL)";"42,97511200";"1,60821000"
"202400009802";"25";"11";"2024";"20:15";"5";"59";"59650";"2";"2";"1";"3";"DELECOURT (RUE ALFRED)";"50,70841000";"3,18628000"
"202400009803";"12";"09";"2024";"07:55";"1";"07";"07102";"2";"1";"1";"3";"DUNANT (RUE HENRI)";"44,93912000";"4,87387000"
"202400009804";"24";"04";"2024";"06:50";"1";"72";"72181";"2";"2";"1";"3";"HEUZE OLIVIER AV N° PAIRS 200 ET >";"47,99278415";"0,17406464"
"202400009805";"13";"09";"2024";"08:40";"1";"06";"06069";"2";"1";"1";"6";"46 Avenue Victoria";"43,66369700";"6,93173600"
"202400009806";"23";"04";"2024";"16:12";"1";"72";"72181";"2";"9";"1";"2";"JAURES JEAN (AV) N° PAIRS 60 ET >";"47,98951000";"0,20581000"
"202400009807";"13";"09";"2024";"09:05";"1";"75";"75119";"2";"1";"1";"7";"BOULEVARD PERIPHERIQUE EXTERIEUR NORD  ";"48,90058100";"2,38612900"
"202400009808";"25";"11";"2024";"07:20";"3";"59";"59560";"1";"1";"2";"2";"BOUVRY ROGER RUE";"50,53843000";"3,01842000"
"202400009809";"24";"04";"2024";"19:13";"1";"71";"71076";"2";"3";"1";"3";"BLERIOT (RUE LOUIS)";"46,80148000";"4,85910000"
"202400009810";"12";"09";"2024";"18:45";"1";"75";"75115";"2";"1";"2";"3";"BOULEVARD PERIPHERIQUE EXTERIEUR SUD";"48,82896600";"2,28856200"
"202400009811";"22";"11";"2024";"10:10";"1";"58";"58194";"2";"1";"1";"6";"PAUL VAILLANT COUTURIER";"46,99303000";"3,15710000"
"202400009812";"24";"04";"2024";"14:02";"1";"71";"71076";"2";"1";"2";"3";"CASSIN (RUE RENE)";"46,77445000";"4,86470000"
"202400009813";"12";"09";"2024";"17:40";"1";"75";"75117";"2";"1";"1";"2";"BOULEVARD PERIPHERIQUE EXTERIEUR NORD  ";"48,89944700";"2,31828400"
"202400009814";"25";"11";"2024";"08:20";"1";"56";"56260";"2";"6";"1";"3";"Rue François-René de Chateaubriand";"47,66292000";" -2,76217000"
"202400009815";"24";"04";"2024";"17:00";"1";"66";"66136";"2";"1";"1";"6";"Chemin de Château-Roussillon (VC 210)";"42,70385000";"2,94310000"
"202400009816";"23";"11";"2024";"04:15";"3";"56";"56098";"2";"1";"1";"6";"Rue Marie Le Franc";"47,77624000";" -3,35807000"
"202400009817";"13";"09";"2024";"14:50";"1";"75";"75117";"2";"2";"1";"3";"BOULEVARD BESSIERES";"48,89446700";"2,31344300"
"202400009818";"24";"04";"2024";"07:45";"1";"64";"64335";"2";"1";"1";"2";"EUROPE DE L'";"43,32926000";" -0,44607000"
"202400009819";"25";"11";"2024";"18:47";"5";"47";"47001";"2";"2";"2";"6";"BRU (AVENUE DU DOCTEUR JEAN)";"44,19413000";"0,62824000"
"202400009820";"24";"04";"2024";"03:30";"5";"64";"64024";"2";"1";"1";"7";"LOUILLOT (RUE DE)";"43,48150000";" -1,52083000"
"202400009821";"12";"09";"2024";"08:50";"1";"75";"75116";"2";"2";"1";"3";"RUE CLAUDE TERRASSE";"48,83955900";"2,26332100"
"202400009822";"25";"11";"2024";"22:10";"5";"44";"44109";"2";"6";"8";"2";"Boulevard Jean Philippot";"47,21285000";" -1,55367000"
"202400009823";"24";"04";"2024";"14:45";"1";"63";"63113";"2";"1";"1";"6";"RASSAT (RUE DU)";"45,76919000";"3,11889000"
"202400009824";"12";"09";"2024";"10:20";"1";"75";"75114";"2";"2";"1";"6";"RUE ALPHONSE DAUDET";"48,82613900";"2,32891800"
"202400009825";"14";"04";"2024";"01:00";"4";"62";"62570";"2";"1";"1";"6";"Rue Charles Lecocq";"50,40240000";"2,87876000"
"202400009826";"25";"11";"2024";"08:25";"1";"38";"38169";"2";"2";"1";"3";"BOULEVARD JOLIOT-CURIE";"45,19993000";"5,69123000"
"202400009827";"13";"09";"2024";"21:19";"5";"75";"75113";"2";"2";"1";"3";"RUE NEUVE TOLBIAC";"48,83223200";"2,37976900"
"202400009828";"24";"04";"2024";"18:30";"1";"56";"56260";"1";"1";"2";"4";"Liziec";"47,66700300";" -2,72965700"
"202400009829";"25";"11";"2024";"08:35";"2";"37";"37122";"2";"3";"3";"2";"BRETONNIERES (BOULEVARD DES)";"47,34372998";"0,62750727"
"202400009830";"13";"09";"2024";"12:30";"1";"75";"75113";"2";"2";"1";"3";"RUE DU CHEVALERET";"48,83263400";"2,37100200"
"202400009831";"23";"04";"2024";"12:15";"1";"56";"56121";"2";"1";"1";"3";"Rue Jean Le Coutaller";"47,74805000";" -3,37012000"
"202400009832";"25";"11";"2024";"18:15";"3";"36";"36202";"1";"1";"8";"4";"N/A";"46,77048773";"1,66333437"
"202400009833";"23";"04";"2024";"15:20";"1";"51";"51454";"2";"2";"1";"6";"PONSARDIN (RUE)";"49,24682000";"4,04390000"
"202400009834";"12";"09";"2024";"08:35";"1";"75";"75112";"2";"3";"1";"2";"RUE MOUSSET ROBERT";"48,84293400";"2,40525500"
"202400009835";"25";"11";"2024";"19:20";"5";"35";"35238";"2";"3";"1";"3";"NANTAISE";"48,11027404";" -1,68510586"
"202400009836";"23";"04";"2024";"20:00";"2";"49";"49007";"2";"1";"1";"3";"JONCHERES SQUARE";"47,44879000";" -0,56287000"
"202400009837";"13";"09";"2024";"10:41";"1";"75";"75108";"2";"1";"1";"6";"RUE DE ROME";"48,87612200";"2,32363900"
"202400009838";"25";"11";"2024";"19:15";"5";"31";"31555";"1";"1";"2";"4";"VA001490 A621";"43,62449000";"1,41615000"
"202400009839";"23";"04";"2024";"11:10";"1";"45";"45208";"2";"2";"1";"3";"53 Rue de la Pontonnerie";"48,00156579";"2,72276683"
"202400009840";"13";"09";"2024";"03:10";"5";"75";"75107";"2";"3";"1";"2";"AVENUE RAPP";"48,85983900";"2,30066900"
"202400009841";"24";"11";"2024";"14:50";"1";"22";"22278";"2";"1";"1";"3";"DOUVENANT (DE)";"48,50160000";" -2,73703000"
"202400009842";"24";"04";"2024";"15:20";"1";"42";"42044";"2";"2";"1";"6";"Rue de la République";"45,39572000";"4,31793000"
"202400009843";"13";"09";"2024";"16:20";"1";"75";"75101";"2";"2";"1";"6";"PONT AU CHANGE";"48,85723759";"2,34709918"
"202400009844";"25";"11";"2024";"07:25";"3";"17";"17415";"2";"1";"1";"6";"ALLENDE AVENUE DU PRESIDENT SALVADOR";"45,73507700";" -0,64495800"
"202400009845";"24";"04";"2024";"19:35";"2";"37";"37261";"2";"6";"8";"3";"CHAUTEMPS (AVENUE CAMILLE)";"47,37470000";"0,71630000"
"202400009846";"13";"09";"2024";"10:20";"1";"75";"75104";"2";"2";"1";"3";"QUAI HENRI IV";"48,85082534";"2,36144632"
"202400009847";"24";"04";"2024";"08:45";"1";"35";"35238";"2";"1";"1";"3";"LORIENT (DE)";"48,10821000";" -1,70017000"
"202400009848";"13";"09";"2024";"10:10";"1";"75";"75102";"2";"2";"1";"3";"RUE DE LA PAIX";"48,86831100";"2,33031600"
"202400009849";"24";"04";"2024";"16:50";"1";"34";"34301";"2";"1";"1";"6";"CLERVILLE CHEVALIER DE (BOULEVARD)";"43,40723000";"3,67837000"
"202400009850";"16";"11";"2024";"14:10";"1";"13";"13039";"1";"1";"2";"5";"RN 568";"43,47019000";"4,94536000"
"202400009851";"13";"09";"2024";"08:15";"1";"94";"94067";"2";"2";"7";"3";"Rue Fays";"48,84749141";"2,41863003"
"202400009852";"24";"04";"2024";"20:30";"1";"34";"34198";"2";"1";"1";"3";"FOIRE (ROUTE DE LA)";"43,57300000";"3,94500000"
"202400009853";"25";"11";"2024";"20:30";"5";"13";"13214";"2";"1";"1";"3";"PLOMBIERES (BOULEVARD DES)";"43,31646000";"5,38337000"
"202400009854";"13";"09";"2024";"09:00";"1";"94";"94044";"2";"1";"1";"6";"13 Rue Roger Salengro";"48,75143100";"2,49006000"
"202400009855";"21";"04";"2024";"17:10";"1";"34";"34172";"2";"1";"1";"1";"PEYRE (RUE ARNAULT)";"43,64080000";"3,81865000"
"202400009856";"13";"09";"2024";"17:10";"1";"94";"94058";"2";"1";"8";"3";"Rue de Tannebourg";"48,83720000";"2,49600000"
"202400009857";"25";"11";"2024";"08:30";"1";"13";"13203";"2";"4";"8";"3";"STRASBOURG (BOULEVARD)";"43,30713000";"5,37520000"
"202400009858";"24";"04";"2024";"09:36";"1";"34";"34172";"2";"3";"1";"3";"TOULOUSE (AVENUE DE";"43,59737000";"3,86428000"
"202400009859";"13";"09";"2024";"12:10";"1";"94";"94058";"2";"2";"1";"5";"Avenue du Général de Gaulle";"48,83901430";"2,50867546"
"202400009860";"25";"11";"2024";"09:30";"1";"75";"75117";"2";"2";"2";"3";"RUE DE ROME";"48,88326900";"2,31915300"
"202400009861";"24";"04";"2024";"22:00";"5";"33";"33281";"2";"1";"1";"2";"N/A";"44,82645000";" -0,62403000"
"202400009862";"25";"11";"2024";"09:30";"1";"75";"75116";"2";"1";"2";"6";"AVENUE VICTOR HUGO";"48,87205200";"2,29090600"
"202400009863";"12";"09";"2024";"20:45";"3";"94";"94028";"1";"1";"2";"6";"D1";"48,79159315";"2,44820479"
"202400009864";"24";"11";"2024";"17:30";"5";"75";"75116";"2";"1";"1";"6";"AVENUE HENRI MARTIN";"48,86436600";"2,27383800"
"202400009865";"13";"09";"2024";"19:25";"1";"94";"94060";"2";"1";"1";"3";"Rue du Four";"48,78424102";"2,57863140"
"202400009866";"24";"04";"2024";"20:05";"1";"31";"31555";"2";"3";"2";"3";"RUE RAYMOND LIZOP";"43,56753000";"1,39741000"
"202400009867";"24";"11";"2024";"14:15";"1";"75";"75116";"2";"1";"1";"6";"ROUTE DE LA MUETTE A NEUILLY";"48,87802100";"2,25960400"
"202400009868";"24";"04";"2024";"08:00";"1";"31";"31555";"2";"1";"1";"3";"RTE DE LAUNAGUET";"43,64957000";"1,43878000"
"202400009869";"25";"11";"2024";"20:45";"3";"75";"75115";"2";"3";"1";"2";"AVENUE DE LOWENDAL";"48,84860900";"2,30237100"
"202400009870";"13";"09";"2024";"09:00";"1";"93";"93064";"2";"1";"1";"2";"MAUNOURY (RUE DU MARECHAL)";"48,87141691";"2,48316217"
"202400009871";"24";"04";"2024";"09:05";"1";"27";"27229";"2";"1";"1";"6";"TILLEULS (ALLEE DES)";"49,02000200";"1,14616300"
"202400009872";"25";"11";"2024";"15:10";"1";"75";"75114";"2";"3";"8";"3";"AVENUE DU MAINE";"48,83753900";"2,32305000"
"202400009873";"24";"04";"2024";"16:05";"1";"25";"25056";"1";"1";"1";"6";"RN 1057 (BD CHURCHIL-ROUTE DE GRAY)";"47,26526000";"6,00534000"
"202400009874";"23";"11";"2024";"17:00";"2";"75";"75114";"2";"2";"1";"6";"RUE VERCINGETORIX";"48,83276000";"2,31155200"
"202400009875";"13";"09";"2024";"17:20";"1";"93";"93077";"2";"1";"2";"2";"ROSNY (AVENUE DE)";"48,88201385";"2,49681973"
"202400009876";"23";"03";"2024";"17:30";"1";"13";"13056";"2";"1";"1";"1";"QUATORZE JUILLET";"43,40871000";"5,05626000"
"202400009877";"25";"11";"2024";"08:20";"1";"75";"75111";"2";"2";"3";"3";"BOULEVARD VOLTAIRE";"48,85872700";"2,37859800"
"202400009878";"13";"09";"2024";"16:00";"1";"93";"93046";"2";"2";"1";"3";"PACHOT LAINE RUE";"48,92401000";"2,53910000"
"202400009879";"24";"04";"2024";"11:05";"1";"13";"13212";"2";"1";"1";"3";"TREVARESSE (TRAV DE LA) ";"43,29657000";"5,41325000"
"202400009880";"25";"11";"2024";"09:00";"1";"75";"75110";"2";"1";"2";"7";"RUE DES RECOLLETS";"48,87446900";"2,36173000"
"202400009881";"13";"09";"2024";"07:15";"2";"93";"93055";"2";"1";"1";"6";"JEAN NICOT";"48,89160764";"2,41490562"
"202400009882";"13";"09";"2024";"08:45";"1";"93";"93051";"2";"1";"1";"6";"SOUCHET (BOULEVARD)";"48,84840612";"2,54270554"
"202400009883";"25";"11";"2024";"18:35";"5";"75";"75108";"2";"7";"8";"3";"PLACE CHARLES DE GAULLE";"48,87348800";"2,29610100"
"202400009884";"24";"04";"2024";"11:15";"1";"13";"13213";"2";"1";"1";"7";"PAUL LANGEVIN (RUE)";"43,34357644";"5,43139960"
"202400009885";"13";"09";"2024";"16:00";"1";"93";"93063";"2";"6";"1";"6";"DOUMER PAUL AV.";"48,88329815";"2,42448263"
"202400009886";"25";"11";"2024";"13:00";"1";"75";"75108";"2";"3";"3";"3";"RUE DU GENERAL FOY";"48,87788600";"2,31815800"
"202400009887";"23";"04";"2024";"21:05";"1";"11";"11262";"2";"2";"6";"3";"N/A";"43,18278000";"2,97927000"
"202400009888";"13";"09";"2024";"01:00";"5";"93";"93014";"2";"9";"1";"6";"FOSSE MAUSSOIN (ALLEE DE LA)";"48,90660940";"2,53207602"
"202400009889";"25";"11";"2024";"11:40";"1";"75";"75108";"2";"4";"3";"3";"RUE DE MONCEAU";"48,87503800";"2,30605500"
"202400009890";"25";"11";"2024";"07:00";"5";"75";"75103";"2";"2";"2";"7";"RUE DE TURBIGO";"48,86445000";"2,35165700"
"202400009891";"13";"09";"2024";"15:00";"1";"93";"93008";"1";"1";"1";"5";"PLACE SAINT JUSTE";"48,90566293";"2,46954069"
"202400009892";"22";"04";"2024";"09:40";"1";"11";"11069";"1";"1";"1";"4";"N/A";"43,22056000";"2,37983000"
"202400009893";"25";"11";"2024";"16:10";"1";"94";"94042";"2";"2";"2";"3";"Place de Verdun";"48,82004000";"2,47345000"
"202400009894";"13";"09";"2024";"04:50";"5";"93";"93008";"2";"8";"1";"3";"VAILLANT COUTURIER (AVENUE PAUL)";"48,90845287";"2,45143670"
"202400009895";"25";"11";"2024";"16:10";"2";"94";"94034";"2";"1";"2";"6";"Avenue de la Rèpublique";"48,75576000";"2,32212000"
"202400009896";"21";"04";"2024";"19:50";"1";"04";"04112";"2";"1";"1";"2";"SAINT LAZARE (AV.)";"43,83333000";"5,78333000"
"202400009897";"13";"09";"2024";"18:00";"1";"93";"93005";"2";"2";"1";"2";"PIMODAN (RUE DE)";"48,92588065";"2,49079227"
"202400009898";"25";"11";"2024";"08:50";"1";"94";"94022";"2";"9";"2";"3";"Avenue Victor Hugo";"48,76686800";"2,41453900"
"202400009899";"24";"04";"2024";"15:35";"1";"75";"75120";"2";"7";"1";"6";"RUE BELGRAND";"48,86490400";"2,39885800"
"202400009900";"12";"09";"2024";"21:50";"5";"93";"93071";"2";"1";"1";"3";"JOHN F. KENNEDY (AVENUE)";"48,93866365";"2,51308863"
"202400009901";"24";"11";"2024";"00:10";"5";"94";"94019";"2";"1";"1";"6";"Rue du Général de Gaulle";"48,79289000";"2,52935000"
"202400009902";"24";"04";"2024";"12:48";"1";"75";"75119";"2";"3";"1";"7";"RUE DE MOUZAIA";"48,88005100";"2,39843700"
"202400009903";"10";"09";"2024";"17:30";"1";"92";"92073";"2";"1";"8";"2";"SELLIER (BOULEVARD HENRI)";"48,86527224";"2,21943030"
"202400009904";"25";"11";"2024";"08:35";"1";"93";"93078";"2";"1";"2";"6";"PEPINIERE (AVENUE DE LA)";"48,95547000";"2,53292000"
"202400009905";"13";"09";"2024";"10:00";"1";"92";"92050";"2";"1";"1";"1";"ONZE NOVEMBRE RUE DU";"48,90781509";"2,21369751"
"202400009906";"24";"04";"2024";"14:00";"1";"75";"75116";"2";"3";"1";"3";"BOULEVARD DE BEAUSEJOUR";"48,85658900";"2,26633300"
"202400009907";"13";"09";"2024";"07:45";"2";"92";"92050";"2";"9";"1";"3";"LE CORBUSIER ALLEE";"48,89435248";"2,22335100"
"202400009908";"25";"11";"2024";"14:38";"1";"93";"93051";"2";"2";"2";"3";"ARISTIDE BRIAND (AVENUE)";"48,84778247";"2,55276918"
"202400009909";"24";"04";"2024";"14:50";"1";"75";"75115";"2";"3";"2";"6";"RUE DE LA CONVENTION";"48,83907600";"2,29234400"
"202400009910";"25";"11";"2024";"19:30";"5";"93";"93074";"2";"3";"1";"2";"MEAUX RUE DE";"48,93505000";"2,56965000"
"202400009911";"13";"09";"2024";"01:45";"5";"92";"92044";"2";"2";"1";"3";"ARISTIDE BRIAND(RUE)51A83  54A96";"48,89172000";"2,28679000"
"202400009912";"24";"04";"2024";"18:00";"1";"75";"75114";"2";"3";"8";"3";"RUE FROIDEVAUX";"48,83536300";"2,32926200"
"202400009913";"25";"11";"2024";"08:20";"1";"93";"93057";"2";"4";"2";"6";"BARBUSSE ( AL. HENRI)";"48,89956698";"2,49898911"
"202400009914";"13";"09";"2024";"09:30";"1";"92";"92026";"2";"1";"1";"6";"GAULTIER";"48,89787184";"2,24041298"
"202400009915";"18";"11";"2024";"17:48";"5";"93";"93005";"2";"1";"2";"6";"GEORGES BRAQUE (BOULEVARD)";"48,95888667";"2,47695006"
"202400009916";"13";"09";"2024";"18:05";"1";"92";"92023";"2";"6";"1";"1";"ANEMOMETRE (CARREFOUR DE L')";"48,80030195";"2,24897772"
"202400009917";"24";"04";"2024";"08:23";"1";"75";"75113";"2";"3";"1";"3";"RUE NEUVE TOLBIAC";"48,83183800";"2,37911800"
"202400009918";"18";"11";"2024";"16:40";"2";"92";"92064";"2";"3";"2";"6";"BEARN";"48,84889077";"2,22087823"
"202400009919";"13";"09";"2024";"16:55";"1";"92";"92012";"2";"1";"1";"3";"JEAN JAURES (BOULEVARD) 217/FIN - 210/FI";"48,83535000";"2,24252000"
"202400009920";"24";"04";"2024";"12:55";"1";"75";"75111";"2";"3";"1";"3";"RUE DE LA ROQUETTE";"48,85477100";"2,37276700"
"202400009921";"25";"11";"2024";"20:13";"5";"92";"92051";"2";"3";"1";"3";"RICHARD WALLACE (BOULEVARD)";"48,87589241";"2,24787220"
"202400009922";"13";"09";"2024";"12:12";"1";"92";"92012";"2";"1";"1";"6";"JEAN JAURES (BOULEVARD) 2/68 - COTE PAIR";"48,83573000";"2,24232000"
"202400009923";"17";"04";"2024";"19:30";"2";"75";"75117";"2";"3";"1";"7";"BOULEVARD DES BATIGNOLLES";"48,88258100";"2,32206000"
"202400009924";"25";"11";"2024";"11:29";"1";"92";"92020";"2";"9";"3";"6";"VANVES BOULEVARD DE N° PAIRS";"48,80414000";"2,28847000"
"202400009925";"13";"09";"2024";"08:27";"1";"92";"92004";"2";"1";"1";"3";"ARGENTEUIL AV D'";"48,91986892";"2,27985229"
"202400009926";"25";"11";"2024";"08:55";"1";"92";"92040";"2";"1";"2";"6";"RODIN (BOULEVARD)";"48,81887541";"2,25817144"
"202400009927";"24";"04";"2024";"06:50";"1";"94";"94078";"2";"4";"1";"3";"Avenue du 8 Mai 1945 / Rue Gervais";"48,72560904";"2,44472153"
"202400009928";"13";"09";"2024";"07:55";"1";"92";"92009";"2";"1";"1";"3";"ADOLPHE GUYOT ( RUE )";"48,91974324";"2,27538298"
"202400009929";"24";"11";"2024";"14:00";"1";"92";"92025";"2";"2";"1";"6";"FRANKENTHAL (RUE DE)";"48,92471752";"2,24010676"
"202400009930";"29";"04";"2024";"12:30";"1";"94";"94042";"2";"2";"1";"3";"Avenue du President Kennedy / Boulevard de l'Europe";"48,81491509";"2,46328229"
"202400009931";"31";"07";"2024";"17:00";"1";"34";"34202";"1";"1";"1";"1";"M5";"43,58536500";"3,78556300"
"202400009932";"25";"11";"2024";"05:50";"2";"92";"92023";"2";"9";"2";"7";"GENERAL EISENHOWER (AVENUE)";"48,77702958";"2,22972035"
"202400009933";"3";"04";"2024";"09:45";"1";"94";"94058";"2";"1";"1";"6";"Avenue Pierre Brossolette";"48,83486100";"2,50475700"
"202400009934";"25";"11";"2024";"12:10";"1";"92";"92071";"2";"9";"2";"2";"HOUDAN (RUE)";"48,77890000";"2,28866000"
"202400009935";"14";"09";"2024";"18:55";"2";"01";"01089";"1";"4";"1";"1";"D5";"45,96866500";"5,31806400"
"202400009936";"25";"11";"2024";"07:39";"5";"92";"92071";"2";"7";"2";"6";"GENERAL DE GAULLE (PLACE)";"48,77817867";"2,29068215"
"202400009937";"24";"04";"2024";"06:40";"1";"94";"94038";"2";"6";"1";"3";"Avenue du 8 Mai 1945 / Rue de Bicêtre";"48,77118000";"2,34986000"
"202400009938";"13";"09";"2024";"10:36";"1";"40";"40304";"2";"1";"7";"3";"Boulevard Notre - Dame";"43,65670700";" -1,44203100"
"202400009939";"24";"04";"2024";"18:00";"1";"94";"94071";"2";"1";"1";"6";"Rue Lamartine";"48,77883600";"2,51933000"