"Num_Acc";"jour";"mois";"an";"hrmn";"lum";"dep";"com";"agg";"int";"atm";"col";"adr";"lat";"long"
"202400010334";"7";"08";"2024";"15:00";"1";"971";"97129";"2";"1";"2";"6";"Route de Belle Riviere";"16,27464065";" -61,67202115"
"202400010335";"23";"04";"2024";"09:30";"1";"27";"27562";"2";"1";"1";"6";"PRES (RUE DES)";"49,10513000";"1,45648000"
"202400010336";"11";"09";"2024";"14:20";"1";"56";"56121";"2";"9";"1";"3";"Boulevard Léon Blum";"47,74516000";" -3,38122000"
"202400010337";"23";"04";"2024";"17:49";"1";"27";"27229";"2";"1";"1";"7";"BRIAND (AVENUE ARISTIDE)";"49,01855900";"1,12661400"
"202400010338";"5";"02";"2024";"15:50";"1";"34";"34344";"2";"2";"1";"4";"Avenue de Melgueil";"43,56353500";"4,08591100"
"202400010339";"26";"04";"2024";"14:45";"1";"78";"78389";"2";"1";"1";"3";"Avenue de l?Arbre a la Quenee";"48,80153900";"1,81952600"
"202400010340";"6";"02";"2024";"12:20";"1";"83";"83127";"1";"1";"1";"1";"PK 0007.250, chemin départemental 2";"43,28548400";"5,89266600"
"202400010341";"7";"08";"2024";"21:00";"2";"84";"84063";"1";"1";"1";"6";"N86";"44,26305800";"4,66991900"
"202400010342";"12";"09";"2024";"20:30";"4";"51";"51454";"2";"3";"1";"3";"JEANNE D'ARC (RUE')";"49,25542300";"4,02459600"
"202400010343";"23";"04";"2024";"15:15";"1";"27";"27229";"2";"3";"1";"3";"VERNON (RUE DE)";"49,03075000";"1,16051000"
"202400010344";"6";"02";"2024";"09:52";"1";"88";"88418";"1";"1";"8";"3";"D48";"48,27231800";"6,66531100"
"202400010345";"4";"08";"2024";"11:50";"1";"83";"83094";"1";"1";"1";"6";"Route du Plan";"43,33378600";"6,56499600"
"202400010346";"10";"09";"2024";"17:50";"1";"51";"51055";"2";"1";"1";"2";"NEUFCHATEL (RUE DE) DU N°40 A FIN (PAIR)";"49,28490000";"4,02766000"
"202400010347";"7";"08";"2024";"12:20";"1";"69";"69241";"2";"1";"1";"7";"Route du Batard";"45,63620200";"4,72715700"
"202400010348";"23";"04";"2024";"23:15";"5";"25";"25056";"2";"3";"1";"3";"BELFORT RUE DE (inf144)";"47,25420000";"6,03875000"
"202400010349";"4";"02";"2024";"15:15";"1";"73";"73232";"1";"1";"1";"1";"D902";"45,55819796";"6,89756528"
"202400010350";"3";"02";"2024";"00:30";"3";"26";"26179";"1";"6";"1";"6";"Route du Dauphiné";"45,04926496";"4,86635864"
"202400010351";"8";"09";"2024";"18:40";"1";"49";"49378";"1";"1";"1";"3";"FAUTRAGES (CHEMIN DES)";"47,30570000";" -0,06780000"
"202400010352";"8";"08";"2024";"07:35";"1";"46";"46055";"2";"1";"1";"1";"le port - D840";"44,57564425";"2,07029608"
"202400010353";"4";"02";"2024";"02:20";"3";"09";"09157";"2";"2";"1";"3";"Quatre Chemins";"42,97120000";"1,86666200"
"202400010354";"11";"09";"2024";"16:23";"1";"49";"49246";"2";"1";"1";"1";"CHAUVIN AVENUE";"47,43320900";" -0,53077500"
"202400010355";"7";"08";"2024";"18:30";"1";"33";"33256";"2";"3";"1";"3";"N/A";"44,96765600";" -0,61278300"
"202400010356";"10";"09";"2024";"22:46";"5";"49";"49007";"2";"1";"1";"7";"RAMON BOULEVARD";"47,48840000";" -0,54471000"
"202400010357";"6";"02";"2024";"12:50";"1";"40";"40125";"1";"2";"1";"3";"Route de Dax";"43,65022300";" -1,09802700"
"202400010358";"7";"08";"2024";"16:35";"1";"22";"22186";"2";"1";"1";"6";"Rue du Pont Neuf";"48,57806600";" -2,56346200"
"202400010359";"12";"09";"2024";"15:00";"1";"47";"47001";"2";"3";"1";"3";"DE GAULLE (AV. DU GENERAL)";"44,20903000";"0,61147000"
"202400010360";"7";"08";"2024";"17:10";"1";"60";"60559";"1";"1";"1";"6";"D9";"49,42550908";"2,30158854"
"202400010361";"3";"02";"2024";"18:25";"2";"33";"33227";"2";"1";"1";"1";"N/A";"44,53874800";" -0,24721100"
"202400010362";"6";"02";"2024";"17:55";"1";"85";"85054";"1";"1";"1";"6";"RD 42";"46,68261100";" -1,70397000"
"202400010363";"7";"08";"2024";"15:05";"1";"80";"80039";"1";"1";"1";"4";"Route Departementale 940";"50,08410500";"1,44586100"
"202400010364";"11";"09";"2024";"12:55";"1";"47";"47201";"2";"6";"1";"4";"PYRENEES (AVENUE DES)";"44,16974000";"0,60922000"
"202400010365";"14";"06";"2024";"18:55";"1";"13";"13215";"1";"1";"1";"3";"A7-Sens Marseille vers Lyon";"43,36900000";"5,36100000"
"202400010366";"6";"02";"2024";"08:15";"5";"44";"44198";"2";"1";"1";"3";"13 Avenue du Sud";"47,13576400";" -1,52067800"
"202400010367";"5";"08";"2024";"12:33";"1";"59";"59569";"1";"1";"1";"7";"AUTOROUTE A21";"50,38104500";"3,13926500"
"202400010368";"11";"09";"2024";"16:30";"1";"45";"45234";"2";"3";"1";"3";"MORIN (RUE JEAN BAPTISTE)";"47,91229000";"1,90895000"
"202400010369";"6";"02";"2024";"10:10";"1";"02";"02720";"2";"1";"1";"3";"5 Rue du Mal de Lattre de Tassigny";"49,57281900";"3,89137800"
"202400010370";"30";"01";"2024";"13:50";"1";"80";"80799";"1";"6";"1";"7";"D23";"49,85663400";"2,52389400"
"202400010371";"13";"09";"2024";"02:00";"4";"44";"44009";"1";"1";"2";"2";"Boulevard Charles de Gaulle";"47,21481000";" -1,48019700"
"202400010372";"19";"07";"2024";"04:50";"5";"59";"59378";"1";"1";"1";"4";"AUTOROUTE A22";"50,68703708";"3,11105475"
"202400010373";"5";"02";"2024";"01:20";"5";"13";"13210";"2";"1";"1";"6";"S10CD-Sens Aubagne vers Marseille";"43,28344682";"5,40009299"
"202400010374";"12";"09";"2024";"19:00";"1";"44";"44190";"2";"1";"2";"3";"9 Rue Marie Curie";"47,18828000";" -1,48361000"
"202400010375";"7";"08";"2024";"18:52";"1";"91";"91471";"1";"1";"1";"2";"RN 118";"48,69486000";"2,19310000"
"202400010376";"2";"02";"2024";"13:35";"1";"59";"59284";"1";"1";"1";"4";"AUTOROUTE A23";"50,41573000";"3,41461000"
"202400010377";"18";"05";"2024";"17:45";"1";"43";"43059";"1";"4";"1";"7";"Route de Brioude";"45,33021111";"3,66501036"
"202400010378";"12";"09";"2024";"18:00";"1";"43";"43041";"2";"1";"1";"6";"Rue de la République";"45,04598879";"3,92810700"
"202400010379";"5";"02";"2024";"17:31";"1";"92";"92002";"1";"1";"1";"3";"AUTOROUTE A86";"48,76254211";"2,30281958"
"202400010380";"11";"09";"2024";"18:40";"1";"43";"43157";"1";"1";"3";"7";"RN88";"45,04947000";"3,90292000"
"202400010381";"28";"05";"2024";"15:30";"1";"43";"43080";"1";"1";"1";"5";"Route de Retournac";"45,32433981";"3,85421337"
"202400010382";"5";"02";"2024";"10:30";"1";"91";"91617";"1";"1";"2";"2";"RN6 PROVINCE / RN104 INT";"48,63626000";"2,53573000"
"202400010383";"19";"05";"2024";"22:50";"3";"61";"61221";"2";"1";"5";"6";"D43 PR10+830";"48,74748300";" -0,46669500"
"202400010384";"24";"07";"2024";"16:24";"1";"44";"44026";"2";"1";"1";"6";"198 Chemin de la Manguais";"47,26420045";" -1,50664426"
"202400010385";"3";"02";"2024";"10:50";"1";"93";"93027";"1";"1";"2";"5";"AUTOROUTE A86";"48,92221493";"2,37893164"
"202400010386";"31";"10";"2024";"19:20";"5";"88";"88160";"2";"1";"5";"3";"SAINT-MICHEL (RUE)";"48,17785000";"6,45779000"
"202400010387";"5";"07";"2024";"19:40";"1";"44";"44212";"1";"1";"1";"7";"La Grande Pièce";"47,17544600";" -1,23990500"
"202400010388";"3";"02";"2024";"10:45";"1";"95";"95424";"1";"1";"2";"6";"A15";"48,98972671";"2,19836417"
"202400010389";"6";"06";"2024";"19:43";"1";"74";"74012";"2";"1";"1";"3";"INDUSTRIE (RUE DE L')";"46,19811000";"6,26361000"
"202400010390";"21";"10";"2024";"21:15";"5";"88";"88413";"2";"1";"1";"3";"Résistance ( Quai de la )";"48,28567000";"6,96283000"
"202400010391";"3";"02";"2024";"06:30";"2";"92";"92036";"1";"1";"1";"6";"AUTOROUTE A86";"48,93838168";"2,31330853"
"202400010392";"2";"02";"2024";"15:20";"1";"95";"95256";"1";"1";"1";"6";"A115";"49,04631824";"2,18534422"
"202400010393";"5";"08";"2024";"17:00";"1";"987";"98735";"1";"1";"1";"2";"FARE UTE";" -17,53041000";" -149,57254000"
"202400010394";"16";"10";"2024";"09:50";"1";"57";"57160";"2";"1";"1";"6";"Rue de Saint Etienne";"49,18899600";"6,69559800"
"202400010395";"5";"02";"2024";"19:15";"3";"77";"77294";"1";"1";"1";"3";"A104";"48,96562300";"2,60764400"
"202400010396";"6";"08";"2024";"05:55";"3";"974";"97416";"1";"3";"1";"6";"PARADIS (LIGNE) (2)";" -21,30978000";"55,47006000"
"202400010397";"14";"12";"2024";"02:20";"5";"971";"97105";"2";"1";"1";"6";"BD GERTY ARCHIMEDE";"15,98989000";" -61,72752000"
"202400010398";"5";"08";"2024";"20:00";"1";"69";"69276";"2";"1";"1";"6";"2 Rue de la Begude";"45,67450000";"4,85990000"
"202400010399";"31";"12";"2024";"18:08";"5";"73";"73008";"2";"3";"1";"6";"TRESSERVE AVENUE DE";"45,68546221";"5,90716392"
"202400010400";"5";"02";"2024";"07:45";"1";"94";"94028";"1";"1";"1";"4";"A86";"48,77636200";"2,43325400"
"202400010401";"5";"08";"2024";"11:45";"1";"69";"69290";"2";"2";"1";"5";"Rue du Dauphiné";"45,71188000";"4,92024000"
"202400010402";"20";"12";"2024";"23:40";"5";"27";"27229";"2";"3";"1";"3";"BUFFARDIERE (BOULEVARD DE LA)";"49,02196000";"1,14102000"
"202400010403";"4";"02";"2024";"14:50";"1";"75";"75118";"2";"4";"1";"6";"BOULEVARD NEY";"48,89871800";"2,36054600"
"202400010404";"5";"08";"2024";"09:40";"1";"69";"69259";"2";"1";"1";"6";"Avenue Viviani";"45,72350000";"4,87440000"
"202400010405";"22";"12";"2024";"19:30";"5";"93";"93064";"2";"1";"1";"1";"BOISSIERE (RUELLE)";"48,87961609";"2,46588547"
"202400010406";"5";"08";"2024";"23:13";"5";"67";"67482";"2";"3";"1";"7";"ILL (RUE DE L )";"48,61187100";"7,77849900"
"202400010407";"26";"10";"2024";"03:25";"5";"28";"28404";"1";"1";"9";"1";"LIBERTE (AVENUE DE LA)";"48,73483900";"1,32709900"
"202400010408";"4";"02";"2024";"10:35";"1";"976";"97611";"2";"1";"1";"5";"kaweni-Pendu (Place)";" -12,75940000";"45,22981000"
"202400010409";"5";"08";"2024";"17:38";"1";"59";"59163";"2";"2";"1";"3";"HOLDEN CROTHERS(RUE)";"50,67323300";"3,14750800"
"202400010410";"29";"09";"2024";"20:00";"3";"73";"73316";"1";"1";"1";"6";"D925";"45,48280300";"6,14177900"
"202400010411";"6";"08";"2024";"13:45";"1";"37";"37261";"2";"9";"1";"6";"ALOUETTE (AVENUE)";"47,36234794";"0,69574079"
"202400010412";"4";"02";"2024";"13:00";"1";"974";"97416";"1";"1";"1";"2";"LIGNE PARADIS(ROUTE DE LA)";" -21,30464000";"55,46211000"
"202400010413";"28";"09";"2024";"06:45";"2";"73";"73330";"1";"4";"2";"1";"D1504";"45,70334700";"5,78719300"
"202400010414";"4";"02";"2024";"09:30";"1";"974";"97416";"1";"1";"1";"7";"RN1 (ROUTE NATIONALE)";" -21,31220000";"55,43688000"
"202400010415";"6";"08";"2024";"00:30";"5";"37";"37261";"2";"3";"1";"3";"GANCE (BOULEVARD ABEL)";"47,40902000";"0,72090000"
"202400010416";"5";"08";"2024";"16:25";"1";"37";"37208";"2";"2";"1";"3";"ORMEAU (RUE DE L')";"47,35598000";"0,74387000"
"202400010417";"8";"08";"2024";"19:40";"1";"73";"73098";"1";"1";"1";"3";"D913";"45,64214736";"5,99393100"
"202400010418";"4";"02";"2024";"18:10";"1";"974";"97407";"1";"3";"1";"3";"OWENS JAMES";" -20,93687313";"55,32449019"
"202400010419";"4";"02";"2024";"01:10";"5";"974";"97407";"2";"1";"1";"6";"LAUDE E(RUE)";" -20,93752000";"55,29957000"
"202400010420";"5";"08";"2024";"14:40";"1";"37";"37233";"2";"6";"1";"2";"RABATERIE ( RUE DE LA )";"47,39204138";"0,72546422"
"202400010421";"27";"09";"2024";"06:05";"5";"38";"38421";"2";"2";"2";"3";"AVENUE GABRIEL PÉRI";"45,18579000";"5,76149000"
"202400010422";"4";"02";"2024";"12:23";"1";"973";"97302";"2";"1";"1";"1";"SAINT ANTOINE (CHEMIN)";"4,93529875";" -52,29521424"
"202400010423";"5";"08";"2024";"07:55";"1";"37";"37214";"2";"6";"7";"6";"PORTILLON (QUAI)";"47,40056604";"0,67885047"
"202400010424";"6";"09";"2024";"19:43";"1";"38";"38151";"2";"3";"1";"3";"COURS JEAN JAURÈS";"45,15426000";"5,70751000"
"202400010425";"3";"02";"2024";"16:45";"1";"973";"97302";"2";"1";"1";"7";"MONTABO (ROUTE DE) 1";"4,94213000";" -52,30459000"
"202400010426";"5";"08";"2024";"17:35";"1";"34";"34172";"2";"2";"1";"3";"VAL DE MONTFERRAND (AVENUE DU)";"43,63466000";"3,87314000"
"202400010427";"6";"09";"2024";"13:20";"1";"38";"38544";"2";"1";"1";"1";"Avenue Jean de la Fontaine";"45,51474000";"4,91565000"
"202400010428";"3";"02";"2024";"06:25";"2";"973";"97302";"2";"1";"1";"2";"14 ET 22 JUIN 1962";"4,93587000";" -52,32758000"
"202400010429";"6";"08";"2024";"02:40";"5";"13";"13204";"2";"1";"1";"2";"ALEX. FLEMING (BOULEVARD)";"43,31401000";"5,40532000"
"202400010430";"4";"02";"2024";"05:05";"2";"972";"97209";"2";"1";"1";"6";"PROFESSEUR RAYMOND GARCIN (RUE DU)";"14,61528000";" -61,07857000"
"202400010431";"2";"09";"2024";"17:25";"1";"38";"38544";"1";"1";"1";"3";"D 41";"45,51995000";"4,89503000"
"202400010432";"5";"08";"2024";"22:40";"3";"13";"13047";"1";"1";"1";"1";"D.5";"43,55773000";"4,96532000"
"202400010433";"4";"02";"2024";"06:00";"2";"972";"97209";"2";"1";"1";"6";"ENTRAIDE (ROUTE DE L')";"14,62660000";" -61,05598000"
"202400010434";"8";"11";"2024";"16:20";"1";"74";"74012";"2";"1";"1";"6";"RESISTANCE (RUE DE LA)";"46,19704000";"6,26314000"
"202400010435";"6";"08";"2024";"09:15";"1";"75";"75114";"2";"1";"1";"3";"BD PERIPHERIQUE EXTERIEUR";"48,81913300";"2,32959600"
"202400010436";"3";"02";"2024";"15:25";"1";"972";"97209";"2";"9";"1";"7";"DOROTHY (ROUTE DE)";"14,61139000";" -61,04269000"
"202400010437";"4";"02";"2024";"11:30";"1";"69";"69385";"2";"1";"1";"6";"58 Rue des Aqueducs";"45,76002754";"4,78803711"
"202400010438";"5";"08";"2024";"15:05";"1";"75";"75120";"2";"1";"1";"2";"BOULEVARD PERIPHERIQUE INTERIEUR";"48,85544700";"2,41382600"
"202400010439";"29";"10";"2024";"19:17";"5";"74";"74010";"2";"2";"1";"6";"BARATTES (AVENUE DES)";"45,90720000";"6,14090000"
"202400010440";"4";"02";"2024";"06:30";"2";"971";"97101";"1";"1";"1";"6";"ROUTE DE BOISVINS";"16,26678000";" -61,47689000"
"202400010441";"5";"08";"2024";"11:25";"1";"75";"75120";"2";"1";"1";"5";" Bd Périphérique Intérieur ";"48,85271300";"2,41446400"
"202400010442";"18";"10";"2024";"19:15";"5";"74";"74010";"2";"6";"1";"6";"RHONE (AVENUE DU)";"45,89859000";"6,11837000"
"202400010443";"4";"02";"2024";"13:45";"1";"95";"95539";"1";"1";"2";"2";"D301";"49,00004731";"2,35971177"
"202400010444";"4";"08";"2024";"23:40";"5";"75";"75114";"2";"4";"1";"2";"PORTE D ORLEANS";"48,81930986";"2,32870996"
"202400010445";"7";"10";"2024";"16:15";"1";"74";"74010";"2";"2";"2";"3";"REPUBLIQUE (AVENUE DE LA)";"45,90705000";"6,10918000"
"202400010446";"3";"02";"2024";"20:45";"5";"95";"95280";"2";"6";"2";"3";"D47";"49,01254666";"2,47038134"
"202400010447";"5";"08";"2024";"23:00";"3";"75";"75120";"2";"1";"1";"6";"BD PERIPHERIQUE INTERIEUR ";"48,87142800";"2,41300200"
"202400010448";"21";"12";"2024";"19:08";"5";"972";"97213";"1";"9";"1";"3";"AUTOROUTE A1";"14,61855000";" -61,02084000"
"202400010449";"14";"10";"2024";"18:25";"3";"971";"97113";"1";"1";"1";"7";"SECTION LEROUX";"16,25022038";" -61,47397757"
"202400010450";"4";"02";"2024";"19:10";"5";"91";"91687";"2";"9";"1";"3";"VICTOR SCHOELCHER (PLACE)";"48,64813000";"2,36671000"
"202400010451";"19";"12";"2024";"08:25";"1";"52";"52045";"2";"6";"1";"6";"BAR LE DUC (ROUTE DE)";"48,66026000";"4,97330000"
"202400010452";"4";"02";"2024";"06:15";"3";"91";"91223";"1";"1";"2";"7";"N 20";"48,40706000";"2,12422000"
"202400010453";"28";"11";"2024";"17:00";"2";"52";"52448";"2";"9";"1";"2";"REPUBLIQUE (AVE DE LA) N° 1 A 49";"48,63725000";"4,94574000"
"202400010454";"4";"02";"2024";"17:00";"1";"84";"84007";"2";"3";"1";"6";"C.De GAULLE (Rocade)";"43,92949000";"4,81893000"
"202400010455";"10";"12";"2024";"19:00";"3";"69";"69199";"1";"1";"1";"2";"Route Départementale 383";"45,71612000";"4,84301000"
"202400010456";"3";"02";"2024";"14:10";"1";"83";"83123";"1";"9";"1";"6";"ROUTE DE BANDOL";"43,13750000";"5,77540000"
"202400010457";"5";"08";"2024";"15:28";"1";"75";"75120";"2";"1";"1";"4";"Bd Périphérique Intérieur";"48,85356800";"2,41404000"
"202400010458";"13";"07";"2024";"06:30";"1";"987";"98735";"2";"2";"8";"7";"CHARLES DE GAULLE (AVE)-PIRAE";" -17,53102000";" -149,55326000"
"202400010459";"3";"02";"2024";"10:23";"1";"78";"78586";"2";"2";"2";"3";"SCHUMAN (ROBERT)  (CARREFOUR)";"48,94904000";"2,19864000"
"202400010460";"5";"08";"2024";"09:55";"1";"75";"75117";"2";"1";"1";"4";"Bd Périphérique Extérieur";"48,89024500";"2,29846500"
"202400010461";"29";"10";"2024";"13:20";"1";"42";"42305";"2";"1";"1";"5";"Rue Jean Rostand";"45,47218000";"4,43947000"
"202400010462";"6";"08";"2024";"21:40";"1";"75";"75120";"2";"3";"1";"3";"RUE HARPIGNIES";"48,85875500";"2,40982300"
"202400010463";"6";"08";"2024";"17:00";"1";"75";"75120";"2";"2";"1";"3";"BOULEVARD DAVOUT";"48,85347300";"2,41081100"
"202400010464";"19";"12";"2024";"16:18";"1";"19";"19272";"2";"3";"1";"6";"Charles de Gaulle (Av)";"45,26871037";"1,76982182"
"202400010465";"4";"02";"2024";"12:05";"1";"77";"77058";"2";"6";"2";"3";"D35";"48,83443000";"2,70544000"
"202400010466";"5";"08";"2024";"17:00";"1";"75";"75117";"2";"2";"1";"2";"BOULEVARD DE COURCELLES";"48,88084600";"2,31247900"
"202400010467";"29";"12";"2024";"11:50";"1";"92";"92051";"2";"1";"1";"6";"CHATEAU (RUE DU)";"48,88665107";"2,26217933"
"202400010468";"4";"02";"2024";"11:53";"1";"76";"76451";"2";"1";"1";"6";"Rue Francois Perroux";"49,47200000";"1,09397000"
"202400010469";"6";"08";"2024";"21:15";"5";"75";"75115";"2";"1";"1";"6";"BOULEVARD DE GRENELLE";"48,85333700";"2,28973800"
"202400010470";"4";"02";"2024";"06:20";"3";"71";"71445";"1";"9";"1";"1";"ORLANS (ROND POINT DES)";"46,77763000";"4,87776000"
"202400010471";"5";"01";"2024";"16:55";"2";"91";"91027";"2";"1";"1";"4";"RUE BERNARD LATHIERE";"48,71630000";"2,39294000"
"202400010472";"6";"08";"2024";"15:35";"1";"75";"75107";"2";"2";"1";"3";"RUE DU BAC";"48,85952100";"2,32928100"
"202400010473";"4";"02";"2024";"07:20";"3";"64";"64483";"2";"3";"1";"3";"N/A";"43,41300000";" -1,61500000"
"202400010474";"29";"08";"2024";"14:00";"1";"26";"26065";"2";"2";"1";"1";"route du parquet";"44,71983300";"4,95659900"
"202400010475";"9";"12";"2024";"18:20";"5";"62";"62204";"2";"1";"8";"6";"D137";"50,40011700";"1,88334000"
"202400010476";"4";"02";"2024";"09:50";"1";"62";"62826";"2";"3";"1";"3";"Avenue de l'Atlantique";"50,51680000";"1,58380000"
"202400010477";"2";"02";"2024";"18:00";"5";"54";"54136";"2";"1";"2";"3";"rue Paul Filiot";"49,16389000";"5,84162000"
"202400010478";"31";"12";"2024";"20:10";"3";"971";"97111";"2";"1";"1";"1";"RN 2 grande anse";"16,32448500";" -61,78440600"
"202400010479";"18";"09";"2024";"15:59";"1";"43";"43205";"2";"1";"1";"6";"Route de Jonzieux";"45,31776422";"4,32738651"
"202400010480";"3";"02";"2024";"10:00";"1";"38";"38563";"2";"3";"1";"2";"Montée du Verdin";"45,39279000";"5,57094000"
"202400010481";"30";"10";"2024";"12:45";"1";"24";"24086";"1";"1";"1";"6";"Combe Longue";"44,79379738";"1,14012122"
"202400010482";"4";"02";"2024";"13:50";"1";"37";"37195";"2";"1";"1";"6";"MAIRIE (RUE DE LA)";"47,38967000";"0,66196000"
"202400010483";"28";"10";"2024";"18:13";"3";"24";"24014";"1";"1";"1";"6";"Route du Port d'Aubas";"45,08805100";"1,18886200"
"202400010484";"4";"02";"2024";"03:20";"5";"34";"34172";"2";"3";"1";"3";"LIBERTE (AVENUE DE LA";"43,61123400";"3,82864000"
"202400010485";"27";"10";"2024";"17:50";"2";"24";"24547";"2";"1";"1";"3";"Avenue des Jardins";"45,12849700";"1,31859500"
"202400010486";"4";"02";"2024";"16:30";"1";"29";"29051";"1";"1";"1";"7";"D15";"48,00799601";" -4,02877155"
"202400010487";"26";"10";"2024";"23:22";"5";"24";"24374";"2";"2";"2";"3";"D19";"44,79304400";"0,59699500"
"202400010488";"4";"02";"2024";"07:35";"3";"28";"28134";"1";"9";"2";"1";"RN 12 (CARREFOUR DELISLE)";"48,74596000";"1,36307000"
"202400010489";"14";"03";"2024";"16:45";"1";"03";"03310";"2";"1";"1";"7";"Allée des Ailes";"46,14053500";"3,41513300"
"202400010490";"3";"02";"2024";"18:35";"5";"27";"27681";"2";"1";"1";"7";"INDUSTRIE (RUE DE L')";"49,09645000";"1,47035000"
"202400010491";"2";"05";"2024";"20:30";"1";"03";"03310";"2";"4";"1";"3";"N/A";"46,12850400";"3,43551800"
"202400010492";"4";"02";"2024";"20:20";"3";"70";"70285";"1";"1";"1";"1";"D483";"47,58422000";"6,74419000"
"202400010493";"8";"05";"2024";"19:10";"1";"03";"03310";"2";"4";"1";"3";"Avenue de Gramont";"46,12939100";"3,43164800"
"202400010494";"4";"02";"2024";"19:30";"2";"17";"17291";"2";"1";"1";"1";"SAINT-VINCENT   RUE";"46,18819000";" -1,11518000"
"202400010495";"29";"09";"2024";"00:50";"3";"09";"09207";"1";"1";"1";"6";"ROUTE NATIONALE 20";"42,93431300";"1,62693100"
"202400010496";"4";"02";"2024";"03:35";"5";"13";"13211";"2";"1";"1";"1";"RTE D' ALLAUCH";"43,30787192";"5,50118806"
"202400010497";"2";"09";"2024";"18:25";"1";"09";"09225";"2";"1";"1";"3";"LIBERATION BOULEVARD DE LA";"43,11523000";"1,60673000"
"202400010498";"3";"02";"2024";"23:40";"5";"13";"13215";"2";"3";"1";"1";"HENRI BARNIER (BOULEVARD)";"43,36541000";"5,34296000"
"202400010499";"10";"10";"2024";"15:45";"1";"88";"88424";"2";"1";"1";"1";"Alsace ( Rue d ' )";"48,26700000";"6,98400000"
"202400010500";"4";"02";"2024";"11:00";"1";"13";"13005";"2";"1";"1";"3";"NATIONALE 8";"43,28570000";"5,55480000"
"202400010501";"30";"12";"2024";"17:08";"1";"42";"42218";"2";"1";"1";"6";"Cours Fauriel";"45,42694000";"4,40237000"
"202400010502";"4";"02";"2024";"19:20";"3";"09";"09225";"1";"1";"1";"2";"ROUTE NATIONALE 20 (VOIE RAPIDE)";"43,09745000";"1,63308000"
"202400010503";"26";"12";"2024";"14:31";"1";"05";"05061";"2";"9";"7";"6";"Rue du Forest d'Entrais";"44,56581000";"6,08693000"
"202400010504";"4";"02";"2024";"17:00";"1";"09";"09265";"1";"1";"1";"7";"ROUTE NATIONALE 20";"43,09458505";"1,63356453"
"202400010505";"30";"12";"2024";"16:55";"1";"64";"64485";"2";"6";"1";"3";"Avenue du Jai-alai";"43,16573300";" -1,23379700"
"202400010506";"16";"11";"2024";"16:00";"1";"85";"85213";"1";"1";"1";"7";"le guy bureau";"46,55073500";" -1,39098400"
"202400010507";"4";"02";"2024";"18:25";"4";"01";"01053";"2";"2";"1";"1";"HERRIOT ( BOULEVARD EDOUARD COTE PAIR)";"46,21027000";"5,22133000"
"202400010508";"20";"12";"2024";"15:45";"1";"971";"97104";"2";"3";"1";"3";"Allée des Pères Blancs";"16,01174100";" -61,73993500"
"202400010509";"3";"02";"2024";"08:30";"1";"75";"75120";"2";"4";"2";"7";"BD PERIPHERIQUE INTERIEUR";"48,86314315";"2,41344631"
"202400010510";"31";"12";"2024";"03:10";"5";"67";"67130";"2";"1";"1";"7";"51 Rue du Général de Gaulle";"48,41786900";"7,66494300"
"202400010511";"2";"02";"2024";"18:00";"5";"75";"75120";"2";"1";"1";"2";"PORTE DE MONTREUIL";"48,85093500";"2,41543500"
"202400010512";"16";"12";"2024";"11:50";"1";"83";"83061";"2";"4";"1";"1";"D8";"43,42544000";"6,71446000"
"202400010513";"3";"02";"2024";"23:17";"5";"75";"75119";"2";"2";"1";"6";"RUE DES CHAUFOURNIERS";"48,87828200";"2,37296000"
"202400010514";"31";"12";"2024";"22:05";"3";"78";"78362";"1";"1";"1";"1";"RD983";"48,98107000";"1,72083000"
"202400010515";"4";"02";"2024";"20:17";"5";"75";"75119";"2";"2";"1";"3";"RUE DE CRIMEE";"48,88597700";"2,38214500"
"202400010516";"20";"12";"2024";"13:30";"1";"51";"51108";"2";"1";"1";"1";"FRATERNITE (RUE DE LA)";"48,97783000";"4,36064000"
"202400010517";"4";"02";"2024";"14:49";"1";"75";"75119";"2";"2";"1";"6";"AVENUE DE FLANDRE";"48,89443100";"2,38148900"
"202400010518";"24";"12";"2024";"11:35";"1";"49";"49099";"2";"1";"1";"7";"VALLIERE (RUE DE LA )";"47,07262000";" -0,84979000"
"202400010519";"4";"02";"2024";"12:10";"1";"75";"75117";"2";"4";"1";"3";"RUE DE PONT A MOUSSON";"48,89813000";"2,32401600"
"202400010520";"30";"12";"2024";"10:10";"1";"05";"05061";"2";"1";"1";"2";"Avenue d'Embrun";"44,57563000";"6,11315000"
"202400010521";"31";"12";"2024";"23:55";"5";"78";"78575";"2";"1";"8";"6";"51 Route de Milon";"48,70963200";"2,06313600"
"202400010522";"4";"02";"2024";"09:30";"1";"75";"75115";"2";"1";"1";"3";"AVENUE DE LA PORTE DE LA PLAINE";"48,83022700";"2,29229400"
"202400010523";"31";"12";"2024";"14:45";"1";"89";"89402";"1";"1";"1";"6";"D61";"48,01833400";"3,82421300"
"202400010524";"3";"02";"2024";"17:45";"2";"75";"75107";"2";"1";"2";"6";"PORT DE LA BOURDONNAIS";"48,86120200";"2,29523500"
"202400010525";"4";"02";"2024";"02:10";"5";"75";"75102";"2";"2";"1";"7";"BOULEVARD DE SEBASTOPOL";"48,86340000";"2,35096000"
"202400010526";"30";"12";"2024";"23:00";"3";"988";"98814";"1";"1";"1";"6";"Kirinata (Tribu)";" -20,81454200";"167,24666500"
"202400010527";"6";"08";"2024";"17:15";"1";"75";"75110";"2";"1";"1";"6";"RUE DU FAUBOURG SAINT MARTIN";"48,87664500";"2,36088700"