"Num_Acc";"jour";"mois";"an";"hrmn";"lum";"dep";"com";"agg";"int";"atm";"col";"adr";"lat";"long"
"202400010528";"4";"02";"2024";"10:40";"1";"94";"94046";"2";"3";"2";"3";"Rue Jean Jaurès / Boulevard Gallieni";"48,79739291";"2,43329197"
"202400010529";"31";"12";"2024";"18:30";"3";"91";"91338";"1";"1";"5";"2";"D 838";"48,63510000";"2,06342900"
"202400010530";"6";"08";"2024";"15:16";"1";"75";"75107";"2";"1";"1";"3";"AVENUE DE LA MOTTE PICQUET";"48,85536900";"2,30722600"
"202400010531";"4";"02";"2024";"19:00";"5";"93";"93059";"2";"1";"1";"3";"Rue Ernest Fabre";"48,94800700";"2,35949200"
"202400010532";"31";"12";"2024";"15:15";"1";"73";"73248";"2";"9";"7";"6";"Rue bonrieux";"45,27607200";"6,34346700"
"202400010533";"6";"08";"2024";"11:30";"1";"75";"75107";"2";"3";"1";"2";"BOULEVARD DES INVALIDES";"48,84798000";"2,31616500"
"202400010534";"29";"12";"2024";"15:20";"1";"59";"59240";"2";"1";"1";"6";"31 Rue du Moulin";"50,17781100";"3,96050700"
"202400010535";"4";"02";"2024";"13:57";"1";"93";"93053";"2";"3";"1";"3";"Rue Poniatowski / Rue Denfert Rochereau";"48,88986000";"2,46187300"
"202400010536";"31";"12";"2024";"15:50";"2";"95";"95678";"1";"1";"1";"3";"N184";"49,07315956";"2,23044139"
"202400010537";"6";"08";"2024";"08:10";"1";"75";"75101";"2";"2";"1";"1";"BOULEVARD DE SEBASTOPOL";"48,85953800";"2,34878400"
"202400010538";"4";"02";"2024";"18:35";"5";"93";"93010";"2";"3";"1";"1";"Rue Auguste Polissard / Villa Thorel";"48,90444500";"2,48038900"
"202400010539";"24";"12";"2024";"17:20";"3";"93";"93007";"1";"1";"2";"3";"AUTOROUTE A1";"48,95491941";"2,45727922"
"202400010540";"5";"08";"2024";"20:10";"1";"75";"75104";"2";"2";"1";"3";"RUE DU RENARD";"48,85753500";"2,35143000"
"202400010541";"4";"02";"2024";"02:00";"5";"93";"93005";"2";"3";"2";"3";"Avenue Suzanne Lenglen / Rue Calmette et Guérin";"48,95129400";"2,51377800"
"202400010542";"2";"10";"2024";"18:50";"2";"57";"57050";"1";"1";"8";"3";"D955";"48,69956500";"6,95633100"
"202400010543";"6";"08";"2024";"11:50";"1";"94";"94076";"2";"1";"1";"3";"117 Boulevard Maxime Gorki";"48,79220300";"2,36959000"
"202400010544";"5";"02";"2024";"09:10";"1";"71";"71381";"1";"1";"1";"1";"D980";"46,53291670";"4,56987032"
"202400010545";"31";"12";"2024";"12:30";"1";"973";"97302";"2";"1";"2";"3";"MONTABO (ROUTE DE) 3";"4,93765000";" -52,29835000"
"202400010546";"5";"02";"2024";"07:35";"2";"49";"49220";"1";"3";"1";"3";"D75";"47,71813900";" -0,39131300"
"202400010547";"4";"08";"2024";"22:07";"5";"94";"94037";"2";"2";"1";"3";"Avenue Raspail";"48,81423000";"2,34985000"
"202400010548";"28";"12";"2024";"14:10";"1";"81";"81144";"1";"2";"1";"3";"BARRICADE ( CH DE LA )";"43,95518000";"2,18390000"
"202400010549";"5";"02";"2024";"08:00";"2";"36";"36135";"1";"1";"1";"6";"N/A";"47,02202609";"1,60812695"
"202400010550";"6";"08";"2024";"18:55";"2";"94";"94033";"2";"3";"7";"3";"Rue Pierre Curie";"48,86011000";"2,47823000"
"202400010551";"29";"12";"2024";"19:00";"5";"51";"51454";"2";"1";"1";"6";"DOR (RUE FRANCOIS)";"49,24652500";"4,00962200"
"202400010552";"3";"02";"2024";"22:55";"3";"76";"76148";"1";"1";"2";"6";"rd1";"49,77910300";"1,35232700"
"202400010553";"31";"12";"2024";"12:44";"1";"19";"19031";"2";"1";"1";"7";"COURTELINE (RUE)";"45,15332768";"1,54903114"
"202400010554";"29";"01";"2024";"00:01";"3";"974";"97405";"2";"1";"3";"6";"Chemin Fortune Grosset";" -21,33612400";"55,55695200"
"202400010555";"6";"08";"2024";"19:12";"1";"94";"94028";"2";"3";"1";"3";"Rue Jean Jaguin";"48,78417000";"2,47141000"
"202400010556";"31";"12";"2024";"18:00";"5";"02";"02243";"2";"1";"2";"6";"N/A";"49,40062800";"3,36487200"
"202400010557";"5";"02";"2024";"09:55";"1";"40";"40156";"1";"1";"5";"1";"D43";"44,31772300";" -0,84885500"
"202400010558";"2";"02";"2024";"03:20";"3";"79";"79020";"1";"2";"1";"7";"N/A";"46,44204500";" -0,30356200"
"202400010559";"2";"01";"2024";"01:30";"5";"93";"93062";"2";"6";"3";"6";"Allée de Clichy / Allée du Plateau";"48,90037000";"2,52903000"
"202400010560";"6";"08";"2024";"18:10";"1";"93";"93062";"2";"2";"1";"4";"Boulevard du Midi / Allée de la Fontaine";"48,89246676";"2,51922727"
"202400010561";"3";"02";"2024";"14:45";"1";"19";"19256";"1";"1";"1";"7";"L?Arbre du Renard";"45,37271000";"2,32275000"
"202400010562";"31";"12";"2024";"08:00";"2";"35";"35029";"1";"1";"1";"1";"Lieu Dit Barbee";"48,47418200";" -1,79033400"
"202400010563";"6";"08";"2024";"17:15";"1";"93";"93027";"2";"1";"1";"3";"Boulevard Pasteur";"48,92230000";"2,38355000"
"202400010564";"1";"02";"2024";"07:35";"2";"79";"79002";"1";"1";"1";"1";"N/A";"46,70213800";" -0,31405000"
"202400010565";"31";"12";"2024";"11:30";"1";"12";"12096";"2";"1";"7";"6";"D920 - place de la Résistance";"44,52079800";"2,76168300"
"202400010566";"28";"12";"2024";"10:30";"1";"29";"29178";"1";"1";"8";"7";"Avenue de Portsall";"48,54748491";" -4,68929559"
"202400010567";"4";"02";"2024";"16:45";"1";101;101362";"2";"2";"1";"3";"feu tricolore de Sainte-Lucie de Porto-Vecchio";"41,69977300";"9,34754400"
"202400010568";"6";"08";"2024";"13:25";"1";"93";"93057";"2";"4";"1";"3";"QUATORZE-JUILLET (AV. DU)";"48,90969000";"2,49093000"
"202400010569";"2";"02";"2024";"11:45";"1";"71";"71204";"1";"1";"1";"6";"D906";"46,82989100";"4,82604000"
"202400010570";"31";"12";"2024";"17:05";"2";"29";"29117";"2";"3";"1";"3";"Avenue du Général de Gaulle";"48,57860900";" -4,52241900"
"202400010571";"6";"08";"2024";"19:45";"1";"92";"92040";"2";"3";"1";"3";"PONCEAU (DU)";"48,82069797";"2,24692851"
"202400010572";"19";"12";"2024";"07:58";"2";"63";"63455";"1";"1";"1";"2";"A75 - PK 014.250";"45,65531065";"3,16364705"
"202400010573";"3";"02";"2024";"10:54";"1";"71";"71056";"2";"3";"1";"3";"1065 route du bourg";"46,64333600";"5,17978300"
"202400010574";"20";"12";"2024";"09:20";"1";"09";"09160";"2";"1";"1";"6";"Rue René Cassin";"42,93784200";"1,84967300"
"202400010575";"5";"08";"2024";"12:25";"1";"92";"92025";"2";"2";"1";"3";"PAUL BERT (RUE)";"48,92737859";"2,24700630"
"202400010576";"10";"08";"2024";"14:45";"1";"84";"84089";"2";"6";"1";"3";"départementale 973";"43,68776100";"5,48372500"
"202400010577";"5";"02";"2024";"08:17";"1";"71";"71390";"1";"3";"1";"3";"Rue des Ecoles";"46,70498300";"4,29563300"
"202400010578";"30";"12";"2024";"19:45";"3";"82";"82033";"1";"1";"5";"6";"AERODROME D72 (ROUTE DE L')";"44,08191000";"1,15778000"
"202400010579";"25";"07";"2024";"00:17";"3";"35";"35136";"1";"1";"2";"6";"Route departementale D92 PK50";"47,92872300";" -1,50064200"
"202400010580";"5";"02";"2024";"00:30";"3";"63";"63055";"2";"1";"8";"1";"25 Avenue des Combrailles";"45,83927200";"2,81643200"
"202400010581";"31";"12";"2024";"15:00";"1";"94";"94002";"2";"1";"1";"3";"Chemin de Villeneuve St Georges";"48,78142747";"2,42893589"
"202400010582";"4";"02";"2024";"10:30";"1";"61";"61385";"1";"1";"2";"6";"Voie Communale";"48,81367400";"0,30274000"
"202400010583";"30";"12";"2024";"15:45";"1";"23";"23090";"1";"1";"1";"7";"Route de Pigerolles";"45,78405300";"1,99699600"
"202400010584";"4";"02";"2024";"19:00";"3";"86";"86293";"1";"1";"1";"3";"D27";"46,43388800";"0,24026200"
"202400010585";"31";"12";"2024";"15:40";"1";"11";"11397";"2";"1";"2";"1";"N/A";"43,20196200";"2,43216300"
"202400010586";"7";"08";"2024";"08:55";"1";"06";"06060";"1";"1";"1";"3";"M114 PR 3 + 252";"43,75135800";"7,27551900"
"202400010587";"5";"02";"2024";"08:30";"1";"68";"68082";"2";"6";"1";"3";"D20";"47,86096700";"7,34574500"
"202400010588";"31";"12";"2024";"12:05";"1";"01";"01095";"1";"1";"1";"1";"D42";"46,27144700";"5,42771000"
"202400010589";"5";"02";"2024";"17:30";"2";"31";"31574";"2";"1";"1";"6";"Avenue des Pyrénées";"43,42892200";"1,43235600"
"202400010590";"27";"12";"2024";"13:49";"1";"04";"04079";"1";"1";"1";"6";"Route du plan";"44,05664000";"6,01601800"
"202400010591";"4";"02";"2024";"17:50";"2";"38";"38311";"2";"1";"1";"6";"675 Chemin de la Grande Bissera";"45,40687200";"5,09731300"
"202400010592";"6";"08";"2024";"22:10";"5";"06";"06149";"2";"1";"1";"1";"3091 Route de Laghet";"43,74777000";"7,34616600"
"202400010593";"10";"11";"2024";"01:30";"3";"85";"85076";"2";"6";"1";"6";"RD763";"47,06846310";" -1,26242600"
"202400010594";"7";"08";"2024";"19:45";"1";"22";"22372";"2";"1";"1";"7";"Rue des Bergeons";"48,51922000";" -2,84866700"
"202400010595";"3";"02";"2024";"09:05";"1";"02";"02295";"2";"1";"1";"6";"5 Rue du Général de Gaulle";"49,90232900";"3,91407100"
"202400010596";"6";"08";"2024";"20:15";"1";"42";"42069";"2";"3";"1";"7";"Rue Victor Hugo";"45,99164300";"4,06520400"
"202400010597";"4";"02";"2024";"15:00";"1";"15";"15088";"1";"1";"1";"6";"chemin de la carrière";"44,92908800";"2,25774600"
"202400010598";"31";"12";"2024";"20:00";"3";"13";"13050";"1";"1";"1";"1";"D7N";"43,65003500";"5,27375900"
"202400010599";"3";"08";"2024";"17:00";"1";"974";"97412";"2";"1";"1";"1";"Rue Paul Demange";" -21,37773800";"55,62208400"
"202400010600";"31";"12";"2024";"20:30";"3";"971";"97111";"1";"1";"1";"7";"Allee Courbaril - RN2";"16,29978700";" -61,79998900"
"202400010601";"4";"02";"2024";"18:30";"3";"72";"72161";"1";"4";"1";"1";"Intersection D304 et D64 Bis C";"47,74004500";"0,57180400"
"202400010602";"7";"08";"2024";"05:30";"3";"12";"12197";"1";"1";"8";"6";"Avenue de Trebas";"44,02432900";"2,53500900"
"202400010603";"28";"12";"2024";"15:45";"2";"67";"67122";"1";"1";"9";"7";"D143";"48,64839200";"7,29588700"
"202400010604";"5";"02";"2024";"07:50";"2";"16";"16147";"1";"4";"5";"1";"41 route du peyrat";"45,49410100";"0,29938600"
"202400010605";"5";"08";"2024";"16:50";"1";"35";"35272";"1";"3";"1";"3";"D178";"48,00573000";" -1,20117900"
"202400010606";"14";"12";"2024";"21:15";"3";"69";"69283";"1";"1";"2";"2";"Autoroute 46";"45,67348000";"4,94724000"
"202400010607";"3";"02";"2024";"18:01";"3";"04";"04124";"1";"1";"1";"6";"D11";"43,74932000";"6,06777900"
"202400010608";"7";"08";"2024";"04:00";"3";100;100009";"1";"1";"1";"3";"D43A";"42,11619500";"9,48802500"
"202400010609";"4";"02";"2024";"01:50";"3";"01";"01320";"1";"1";"1";"6";"A40";"46,30511706";"4,89702702"
"202400010610";"14";"12";"2024";"22:45";"3";"69";"69290";"1";"1";"2";"2";"Autoroute 43";"45,70511423";"4,96148853"
"202400010611";"7";"08";"2024";"20:30";"1";"34";"34270";"2";"1";"1";"3";"3 rue saint exupéry";"43,56123000";"3,84934500"
"202400010612";"6";"08";"2024";"10:05";"1";"34";"34270";"2";"9";"1";"6";"Avenue de Librilla";"43,57483000";"3,83041400"
"202400010613";"3";"02";"2024";"11:20";"1";"69";"69244";"2";"4";"1";"2";"Avenue Victor Hugo";"45,76918100";"4,78747000"
"202400010614";"1";"08";"2024";"16:40";"1";"19";"19241";"1";"1";"1";"7";"RD 36";"45,68631700";"2,10183000"
"202400010615";"29";"12";"2024";"18:00";"3";"42";"42218";"1";"1";"1";"2";"RN88";"45,41036567";"4,39486108"
"202400010616";"6";"08";"2024";"15:50";"1";"76";"76036";"2";"2";"1";"7";"Impasse des Mottes";"49,83224800";"1,03857300"
"202400010617";"4";"02";"2024";"15:00";"1";"17";"17482";"1";"2";"1";"3";"D115";"46,15010800";" -0,80967800"
"202400010618";"6";"08";"2024";"11:15";"1";100;100286";"2";"3";"1";"1";"Suale";"42,48487000";"9,47990300"
"202400010619";"31";"12";"2024";"20:15";"5";"974";"97407";"2";"3";"1";"6";"JACQUES DUCLOS (RUE) - RIVIERE DES GAL  ";" -20,95987000";"55,31486000"
"202400010620";"7";"08";"2024";"00:55";"3";100;100346";"1";"1";"1";"6";"Route de Torra";"42,51090100";"9,45228200"
"202400010621";"28";"07";"2024";"10:50";"1";"69";"69248";"1";"1";"1";"7";"Route de Mardore";"46,07215000";"4,33540000"
"202400010622";"31";"12";"2024";"15:30";"1";"974";"97407";"2";"1";"1";"6";"PERI GABRIEL(RUE)";" -20,93746000";"55,30700000"
"202400010623";"31";"01";"2024";"20:15";"3";"69";"69235";"1";"1";"1";"1";"2441 Route Departementale 386";"45,53811400";"4,84496500"
"202400010624";"7";"08";"2024";"15:00";"1";"63";"63319";"1";"1";"1";"7";"D996";"45,54537200";"3,93447900"
"202400010625";"31";"12";"2024";"16:40";"1";"971";"97101";"2";"1";"1";"6";"Rue Hubert FAROUIL";"16,27374000";" -61,49929000"
"202400010626";"5";"02";"2024";"14:20";"1";"78";"78349";"1";"1";"1";"7";"A10";"48,56513800";"1,97621700"
"202400010627";"30";"12";"2024";"11:55";"1";"971";"97101";"1";"1";"1";"6";"PATRICK SAINT ELOI ( AVENUE )";"16,26085000";" -61,51695000"
"202400010628";"4";"02";"2024";"08:24";"1";"91";"91661";"1";"1";"1";"6";"Autoroute A 10";"48,69811396";"2,24217316"
"202400010629";"6";"08";"2024";"19:16";"1";"12";"12208";"1";"1";"1";"1";"d999";"43,95576500";"2,85929900"
"202400010630";"5";"02";"2024";"07:50";"1";"974";"97418";"2";"1";"1";"6";"60 Route de l'Espérance";" -20,93111000";"55,52028900"
"202400010631";"31";"12";"2024";"11:50";"1";101;101004";"2";"9";"1";"2";"#ROUTE DU STILETTO#";"41,94583000";"8,76217000"
"202400010632";"6";"08";"2024";"14:00";"1";"46";"46112";"2";"1";"1";"1";"D820";"44,55871200";"1,47516100"
"202400010633";"4";"02";"2024";"22:00";"3";"973";"97304";"1";"1";"1";"2";"RN1 croisemnt route des PK";"5,13766400";" -52,71673700"
"202400010634";"28";"12";"2024";"18:30";"5";"95";"95210";"2";"1";"8";"6";"ENGHIEN (AVENUE D')";"48,96411800";"2,30310700"
"202400010635";"7";"08";"2024";"07:30";"1";"86";"86139";"1";"1";"1";"1";"Route de Saint Germier";"46,44034100";"0,10545400"
"202400010636";"4";"02";"2024";"10:50";"1";"971";"97107";"1";"3";"1";"6";"Rue Fonds Chauds";"16,03739400";" -61,58435000"
"202400010637";"4";"08";"2024";"19:15";"1";"29";"29153";"2";"1";"1";"2";"Rue de l’Atlantique";"47,82536783";" -3,79560252"
"202400010638";"19";"01";"2024";"05:50";"2";"971";"97114";"1";"1";"1";"6";"Route nationale 1 - rond-point";"16,13308600";" -61,58053100"
"202400010639";"31";"12";"2024";"08:01";"5";"87";"87050";"2";"3";"1";"3";"LIMOGES (AVENUE DE)";"45,86358000";"1,23798000"
"202400010640";"4";"02";"2024";"11:05";"1";"971";"97111";"2";"1";"7";"7";"La Coque";"16,28587000";" -61,79537100"
"202400010641";"4";"08";"2024";"11:30";"1";"29";"29031";"2";"3";"1";"3";"Boulevard des Plages";"47,76961782";" -3,56056711"
"202400010642";"4";"02";"2024";"20:00";"3";"66";"66208";"1";"1";"1";"2";"N/A";"42,62842800";"2,94546247"
"202400010643";"30";"12";"2024";"19:58";"5";"87";"87085";"2";"3";"5";"4";"LECLERC (AVENUE DU GENERAL)";"45,84213000";"1,25868000"
"202400010644";"31";"07";"2024";"11:00";"1";"29";"29163";"1";"3";"1";"2";"Toul Yen";"48,55322426";" -3,83671669"
"202400010645";"30";"12";"2024";"20:35";"5";"84";"84007";"2";"1";"1";"7";"PIERRE SEMARD (AVENUE)";"43,94311000";"4,81570000"
"202400010646";"7";"08";"2024";"08:40";"1";"03";"03254";"2";"1";"1";"6";"Rue des Fossés";"46,30566100";"3,28889500"
"202400010647";"5";"02";"2024";"11:45";"1";"83";"83071";"1";"1";"1";"3";"D98";"43,12806600";"6,20934600"
"202400010648";"31";"12";"2024";"13:00";"1";"82";"82033";"1";"1";"8";"7";"Route des Fourrières";"44,04253000";"1,13509000"
"202400010649";"4";"02";"2024";"20:00";"3";"06";"06143";"1";"1";"1";"6";"Route departementale 6202";"43,94290200";"7,04628300"
"202400010650";"6";"08";"2024";"17:15";"1";"03";"03287";"1";"4";"1";"1";"boucherolles";"46,39831600";"3,17891100"
"202400010651";"30";"12";"2024";"19:27";"5";"80";"80021";"2";"2";"2";"7";"Rue Lucien Fournier";"49,89428000";"2,28069000"
"202400010652";"4";"02";"2024";"19:50";"3";"70";"70310";"2";"1";"2";"1";"D64";"47,67910700";"6,51797200"
"202400010653";"7";"08";"2024";"08:00";"1";"01";"01263";"2";"2";"7";"3";"Avenue de Thiollet";"46,07690487";"4,76960599"
"202400010654";"3";"08";"2024";"17:35";"1";"70";"70193";"1";"1";"7";"7";"D227";"47,32366900";"5,75370300"
"202400010655";"31";"12";"2024";"01:55";"5";"78";"78502";"2";"1";"1";"6";"VERSAILLES (ROUTE DE)";"48,87844000";"2,10828000"
"202400010656";"4";"02";"2024";"10:00";"1";"67";"67137";"2";"1";"1";"3";"106 Rue du Général de Gaulle";"48,48960700";"7,69935900"
"202400010657";"7";"08";"2024";"09:50";"1";"58";"58264";"1";"1";"1";"6";"D978A";"46,79065800";"3,15067300"
"202400010658";"4";"02";"2024";"20:05";"3";"63";"63470";"1";"1";"5";"1";"D986, pied de la descente dite des chataigniers";"45,86448423";"3,04028189"
"202400010659";"7";"08";"2024";"13:15";"1";"06";"06038";"2";"1";"1";"6";"15 Route de Nice";"43,68062100";"6,97068600"
"202400010660";"4";"02";"2024";"23:20";"3";"38";"38148";"1";"1";"1";"1";"Route du Michoud";"45,61838700";"5,48946500"
"202400010661";"31";"12";"2024";"19:05";"5";"78";"78172";"2";"3";"1";"6";"CLEMENT (RUE DESIRE)";"49,00453000";"2,11538000"
"202400010662";"2";"08";"2024";"11:45";"1";"06";"06079";"2";"4";"1";"3";"Avenue de Cannes";"43,54471200";"6,93832800"
"202400010663";"4";"02";"2024";"18:34";"3";"38";"38155";"1";"1";"1";"6";"D102";"45,40327100";"5,75097800"
"202400010664";"4";"02";"2024";"13:40";"1";"09";"09280";"1";"1";"1";"3";"Lieu Dit Eychervidal";"42,89016600";"1,48503200"
"202400010665";"7";"08";"2024";"19:05";"1";"50";"50410";"1";"3";"1";"1";"16 Route de la Cote";"48,61605500";" -1,48871200"
"202400010666";"31";"12";"2024";"09:55";"1";"77";"77018";"2";"1";"8";"6";"PL DE L EUROPE";"48,85016000";"2,81966000"
"202400010667";"4";"02";"2024";"07:15";"5";"09";"09336";"2";"1";"1";"5";"Rue du Tailleur";"42,91983200";"1,83117600"
"202400010668";"6";"08";"2024";"18:00";"2";"09";"09223";"1";"7";"1";"6";"place de l'allée";"42,86785900";"1,20801500"
"202400010669";"30";"12";"2024";"19:10";"5";"77";"77131";"2";"1";"2";"2";"MARNE (BOULEVARD DE LA)";"48,80492409";"3,09200520"
"202400010670";"19";"01";"2024";"15:30";"1";"44";"44047";"1";"1";"1";"1";"45 Route de la Montagne";"47,23912300";" -1,69776300"
"202400010671";"31";"12";"2024";"09:05";"1";"76";"76231";"2";"3";"1";"6";"Rue de Rouen";"49,29263000";"0,99621000"
"202400010672";"5";"08";"2024";"19:20";"1";"60";"60591";"2";"3";"7";"3";"Route de Beauvais D 931";"49,41965600";"1,98844000"
"202400010673";"4";"02";"2024";"19:05";"3";"62";"62887";"1";"1";"1";"2";"A16";"50,59374700";"1,64411400"
"202400010674";"31";"12";"2024";"19:50";"5";"73";"73065";"2";"3";"1";"6";"MACHE (FAUBOURG)";"45,56543000";"5,91617000"
"202400010675";"6";"08";"2024";"20:20";"1";"64";"64391";"1";"1";"1";"1";"Départementale 2 point repère 49+920";"43,26825300";" -0,81805800"
"202400010676";"4";"02";"2024";"19:15";"5";"59";"59035";"2";"9";"2";"1";"Route de Landrecies";"50,11916200";"3,92787300"
"202400010677";"4";"08";"2024";"15:15";"1";"64";"64488";"1";"1";"1";"1";"d943";"43,38228300";" -0,21972700"
"202400010678";"31";"12";"2024";"17:50";"5";"72";"72181";"2";"2";"1";"1";"CUGNOT NICOLAS (BD)";"47,98628000";"0,22504000"
"202400010679";"3";"08";"2024";"13:45";"1";"16";"16175";"1";"1";"1";"7";"N/A";"45,46758500";"0,00152800"
"202400010680";"3";"02";"2024";"12:20";"1";"13";"13215";"1";"1";"1";"4";"A7-Sens Marseille vers Lyon";"43,36658300";"5,36075900"
"202400010681";"31";"12";"2024";"07:30";"5";"71";"71270";"2";"3";"5";"6";"PRUDHON (RUE)";"46,30260000";"4,81980000"
"202400010682";"6";"08";"2024";"12:30";"1";"37";"37028";"1";"1";"1";"7";"Le Ruisseau";"46,83014100";"0,98289000"
"202400010683";"3";"02";"2024";"01:22";"3";"13";"13085";"1";"1";"1";"2";"A50-Sens Aubagne vers Toulon";"43,26139808";"5,59098800"
"202400010684";"6";"08";"2024";"19:05";"1";"30";"30315";"1";"1";"1";"7";"N100";"43,95050100";"4,67330900"
"202400010685";"1";"08";"2024";"07:35";"2";"52";"52298";"1";"1";"8";"6";"D7";"47,70739119";"5,41299583"
"202400010686";"31";"12";"2024";"18:25";"5";"69";"69029";"2";"1";"5";"4";"Route de Genas";"45,74739000";"4,92296000"
"202400010687";"3";"02";"2024";"19:10";"3";"42";"42307";"1";"1";"1";"2";"A47";"45,55396500";"4,68298600"
"202400010688";"5";"08";"2024";"17:50";"1";"978";"97801";"2";"1";"1";"6";"N7";"18,10000200";" -63,05661000"
"202400010689";"31";"12";"2024";"14:56";"1";"69";"69290";"2";"1";"1";"6";"Rue Henri Maréchal";"45,69400212";"4,94108781"
"202400010690";"4";"02";"2024";"17:30";"1";"91";"91340";"1";"1";"1";"2";"AUTOROUTE A6";"48,60533508";"2,43611693"
"202400010691";"31";"12";"2024";"09:29";"1";"68";"68376";"2";"1";"7";"6";"SOULTZ(ROUTE DE)";"47,79629000";"7,31439000"
"202400010692";"6";"08";"2024";"09:30";"1";"67";"67389";"1";"1";"1";"3";"M37";"48,65930900";"7,75753100"
"202400010693";"4";"02";"2024";"14:00";"1";"91";"91689";"1";"1";"1";"6";"AUTOROUTE A6";"48,73019000";"2,31470000"
"202400010694";"7";"08";"2024";"15:07";"1";"38";"38464";"1";"1";"1";"7";"A48 - PK 046+700 - Nord/sud";"45,53844928";"5,39242029"
"202400010695";"30";"12";"2024";"17:05";"1";"64";"64024";"2";"3";"1";"3";"EUGENE BERNAIN (AVENUE)";"43,48337000";" -1,51114000"
"202400010696";"4";"02";"2024";"07:45";"2";"91";"91235";"1";"1";"2";"7";"RN 104";"48,62572000";"2,35308000"
"202400010697";"4";"02";"2024";"14:50";"1";"95";"95675";"1";"1";"1";"6";"A1";"49,06056057";"2,55149228"
"202400010698";"26";"12";"2024";"09:35";"1";"62";"62765";"2";"9";"1";"6";"Rue de Wissocq";"50,75043613";"2,25420168"
"202400010699";"4";"02";"2024";"00:35";"3";"93";"93064";"1";"1";"1";"6";"A86";"48,87687000";"2,47754000"
"202400010700";"7";"08";"2024";"11:43";"1";"30";"30189";"1";"1";"1";"4";"A9";"43,82799600";"4,39180200"
"202400010701";"31";"12";"2024";"09:15";"1";"62";"62617";"2";"1";"1";"7";"Rue Léon Blum";"50,47612990";"2,68872178"
"202400010702";"22";"12";"2024";"16:30";"1";"62";"62895";"2";"1";"1";"6";"Rue des Freres Buisine";"50,49137797";"2,84725070"
"202400010703";"3";"02";"2024";"14:30";"1";"93";"93006";"1";"1";"1";"5";"A3";"48,86690246";"2,42530059"
"202400010704";"5";"08";"2024";"07:50";"1";"17";"17286";"2";"3";"1";"1";"rouet départementale 101";"46,24589800";" -1,49483800"
"202400010705";"31";"12";"2024";"22:05";"5";"61";"61001";"2";"6";"1";"6";"144 Avenue Rhin et Danube";"48,41845500";"0,09728400"
"202400010706";"3";"02";"2024";"18:15";"4";"94";"94028";"1";"1";"2";"3";"A86";"48,79815808";"2,44477980"
"202400010707";"3";"08";"2024";"13:30";"1";"987";"98735";"1";"1";"1";"7";"PK 23.500";" -17,51665944";" -149,40830112"
"202400010708";"31";"12";"2024";"19:40";"5";"59";"59599";"2";"1";"1";"2";"Avenue de la Marne";"50,70981864";"3,15312034"
"202400010709";"2";"02";"2024";"13:10";"1";"94";"94069";"1";"1";"1";"5";"A4";"48,81719761";"2,42988825"
"202400010710";"18";"06";"2024";"22:35";"3";"13";"13040";"1";"1";"1";"2";"195 Route Departementale 6";"43,47957900";"5,55544300"
"202400010711";"31";"12";"2024";"11:50";"1";"59";"59508";"2";"1";"1";"3";"Boulevard d'Halluin";"50,73619200";"3,13253200"
"202400010712";"3";"02";"2024";"06:20";"5";"75";"75104";"2";"1";"1";"7";"BOULEVARD BOURDON";"48,85001200";"2,36691400"
"202400010713";"6";"08";"2024";"22:15";"5";100;100168";"1";"1";"1";"3";"Residence les Jardins de Monticello";"42,62012800";"8,95228600"
"202400010714";"3";"02";"2024";"14:30";"1";"974";"97416";"1";"1";"1";"7";"MAURICE THOREZ(CHEMIN)";" -21,27572000";"55,47019000"
"202400010715";"31";"12";"2024";"02:00";"5";"59";"59512";"2";"2";"2";"6";"Avenue Jean Jaurès";"50,66984000";"3,15479000"
"202400010716";"30";"12";"2024";"15:04";"1";"56";"56121";"2";"6";"1";"3";"Place de la Convention";"47,75496000";" -3,39157000"
"202400010717";"6";"08";"2024";"19:00";"1";"55";"55049";"1";"2";"1";"3";"D146";"48,76962600";"5,06130700"
"202400010718";"2";"02";"2024";"23:20";"5";"972";"97209";"2";"6";"1";"3";"BISHOP (Avenue Maurice)";"14,60391000";" -61,06126000"
"202400010719";"5";"08";"2024";"19:00";"1";"73";"73249";"1";"1";"1";"7";"D1006";"45,52739029";"5,99271441"
"202400010720";"31";"12";"2024";"20:35";"5";"54";"54395";"2";"1";"1";"3";"Rue de la Hache";"48,68805000";"6,18253000"
"202400010721";"3";"02";"2024";"20:30";"5";"95";"95019";"2";"1";"2";"1";"D208";"48,98597798";"2,41097431"
"202400010722";"6";"08";"2024";"15:44";"1";"42";"42046";"1";"1";"1";"2";"D8";"45,63564700";"4,05477000"
"202400010723";"30";"12";"2024";"17:39";"5";"54";"54547";"2";"2";"1";"6";"Rue de Malines";"48,66379413";"6,17324352"
"202400010724";"2";"02";"2024";"13:00";"1";"95";"95203";"2";"2";"1";"3";"D928";"48,99464963";"2,27790842"