"Num_Acc";"jour";"mois";"an";"hrmn";"lum";"dep";"com";"agg";"int";"atm";"col";"adr";"lat";"long"
"202400010725";"30";"12";"2024";"08:20";"1";"54";"54395";"2";"2";"1";"3";"Rue Saint Dizier";"48,68686603";"6,18537918"
"202400010726";"6";"08";"2024";"21:20";"2";"81";"81219";"1";"2";"1";"3";"Route Nationale 126";"43,56742200";"1,94899000"
"202400010727";"2";"02";"2024";"19:15";"5";"95";"95203";"2";"4";"2";"6";"MARGENCY (ROUTE DE)";"48,99523900";"2,28345300"
"202400010728";"29";"07";"2024";"12:15";"1";"65";"65059";"1";"1";"1";"7";"RD 29, route de Lesponne, PR 007.500, lieu-dit LESPONNE";"42,98028100";"0,10922000"
"202400010729";"31";"12";"2024";"19:40";"5";"51";"51172";"2";"1";"1";"6";"SALENGRO (RUE ROGER)";"49,22261000";"4,05314000"
"202400010730";"5";"08";"2024";"13:15";"1";"31";"31458";"2";"6";"1";"2";"Allée de Fraixinet";"43,51113300";"1,36810400"
"202400010731";"31";"12";"2024";"14:25";"1";"51";"51454";"2";"1";"1";"3";"LAON (AVENUE) DU N° 51 A 217 ET DU N° 62";"49,26776000";"4,02441000"
"202400010732";"2";"02";"2024";"11:00";"1";"95";"95555";"2";"3";"1";"3";"D109";"48,96435471";"2,28265436"
"202400010733";"20";"12";"2024";"07:00";"3";"51";"51453";"1";"1";"1";"2";"RN 44";"49,00035800";"4,33814400"
"202400010734";"7";"08";"2024";"10:45";"1";"87";"87156";"2";"2";"1";"1";"Chemin de Bellevue";"45,87441700";"1,40530000"
"202400010735";"3";"02";"2024";"12:10";"1";"91";"91471";"2";"2";"2";"3";"MONTJAY (AVENUE DE)";"48,68575000";"2,18380000"
"202400010736";"31";"12";"2024";"14:00";"1";"49";"49015";"1";"1";"1";"6";"D775";"47,49787000";" -0,62231000"
"202400010737";"3";"02";"2024";"19:25";"5";"91";"91174";"2";"9";"1";"6";" GENERAL DE GAULLE (AVENUE DU)";"48,61893000";"2,46225000"
"202400010738";"6";"08";"2024";"18:00";"1";"40";"40314";"1";"3";"1";"3";"D6";"43,67560900";" -1,09861700"
"202400010739";"31";"12";"2024";"01:50";"4";"45";"45004";"2";"6";"2";"6";"D93 PR 0 + 1";"47,97546000";"2,74108000"
"202400010740";"3";"02";"2024";"23:20";"5";"84";"84007";"1";"3";"1";"6";"PIERRE SEMARD (avenue)";"43,93317100";"4,83313000"
"202400010741";"31";"12";"2024";"01:45";"5";"41";"41018";"2";"1";"8";"6";"BESNARD (QUAI ULYSSE)";"47,57325000";"1,31286000"
"202400010742";"6";"08";"2024";"08:30";"1";"40";"40114";"1";"1";"1";"5";"D947";"43,78682520";" -1,07354011"
"202400010743";"3";"02";"2024";"14:25";"1";"84";"84007";"2";"3";"1";"6";"QUAI DE LA LIGNE (Boulevard du)";"43,95352000";"4,81165000"
"202400010744";"31";"12";"2024";"10:00";"1";"37";"37122";"2";"3";"8";"3";"CHANTEPIE (RUE DE)";"47,35307000";"0,65945000"
"202400010745";"6";"08";"2024";"10:00";"1";"33";"33530";"1";"1";"1";"7";"N/A";"45,11007600";" -0,53596300"
"202400010746";"2";"02";"2024";"18:21";"3";"80";"80131";"1";"1";"8";"2";"D934";"49,84868355";"2,41173506"
"202400010747";"31";"12";"2024";"15:29";"1";"33";"33063";"2";"3";"1";"6";"N/A";"44,85937000";" -0,55607000"
"202400010748";"3";"08";"2024";"14:00";"1";"61";"61203";"1";"1";"8";"6";"Voie Communale";"48,39475800";"0,01678900"
"202400010749";"30";"12";"2024";"18:15";"5";"33";"33063";"2";"1";"1";"1";"N/A";"44,82277000";" -0,60263000"
"202400010750";"3";"02";"2024";"18:45";"5";"76";"76575";"1";"3";"2";"4";"Boulevard Lénine";"49,39362000";"1,11170000"
"202400010751";"5";"08";"2024";"05:15";"3";"56";"56009";"1";"1";"1";"2";"Route de l'Aérodrome";"47,32600700";" -3,19626500"
"202400010752";"31";"12";"2024";"19:15";"3";"31";"31555";"2";"1";"5";"1";"AV DU GENERAL DE MONSABERT";"43,56923000";"1,37349000"
"202400010753";"3";"02";"2024";"05:45";"5";"76";"76540";"2";"1";"2";"1";"Quai du Havre";"49,43961044";"1,08536661"
"202400010754";"31";"12";"2024";"13:50";"1";"26";"26362";"2";"1";"1";"3";"Avenue Georges Clemenceau";"44,93658000";"4,89904000"
"202400010755";"3";"02";"2024";"12:10";"1";"69";"69266";"2";"1";"1";"5";"217 Avenue Roger Salengro";"45,78263000";"4,88953000"
"202400010756";"31";"12";"2024";"12:42";"1";"19";"19272";"2";"9";"1";"3";"Lucien Sampeix (Av)";"45,25414000";"1,76368000"
"202400010757";"3";"02";"2024";"09:30";"1";"69";"69029";"2";"6";"1";"3";"Avenue Camille Rousset";"45,73481984";"4,90545377"
"202400010758";"31";"12";"2024";"12:30";"1";"17";"17300";"2";"1";"8";"6";"MAUBEC   QUAI";"46,15903000";" -1,14787000"
"202400010759";"3";"02";"2024";"17:30";"2";"67";"67482";"2";"3";"1";"1";"BECQUEREL (RUE)";"48,60556000";"7,71525000"
"202400010760";"31";"12";"2024";"17:05";"2";"15";"15014";"2";"1";"1";"2";"Chemin du Bousquet";"44,90086000";"2,43931000"
"202400010761";"3";"02";"2024";"14:00";"1";"64";"64445";"2";"3";"1";"3";"14 JUILLET DU";"43,29267000";" -0,37804000"
"202400010762";"31";"12";"2024";"07:30";"5";"13";"13211";"2";"1";"1";"3";"PARETTE (PLACE DE LA)";"43,29431000";"5,42667000"
"202400010763";"3";"02";"2024";"09:45";"1";"63";"63063";"2";"9";"1";"6";"GRILLON (RUE DU)";"45,82885030";"3,09820622"
"202400010764";"30";"12";"2024";"15:00";"1";"13";"13028";"2";"3";"1";"2";"RIPERT (AVENUE EMILE)";"43,18707000";"5,61508000"
"202400010765";"3";"02";"2024";"01:01";"3";"62";"62457";"2";"1";"2";"6";"Avenue des Aeronautes";"50,46379000";"2,54922000"
"202400010766";"25";"01";"2024";"19:05";"5";"62";"62178";"2";"9";"2";"7";"D841";"50,49004042";"2,56353115"
"202400010767";"30";"12";"2024";"14:20";"1";"12";"12013";"2";"4";"9";"6";"MYOSOTIS (AVENUE)";"44,53931000";"2,26583000"
"202400010768";"2";"02";"2024";"08:10";"1";"59";"59009";"2";"1";"1";"6";"Avenue du Pont de Bois";"50,62636000";"3,12943000"
"202400010769";"30";"12";"2024";"17:30";"3";"10";"10362";"2";"1";"1";"2";"D660";"48,29859000";"4,01311000"
"202400010770";"3";"02";"2024";"02:25";"5";"56";"56260";"2";"1";"1";"6";"BECEL(AVENUE JEAN-MARIE)";"47,65608000";" -2,77357000"
"202400010771";"30";"12";"2024";"11:14";"1";"10";"10333";"2";"6";"1";"3";"ROCADE OUEST (RD 610)";"48,27000000";"4,04980000"
"202400010772";"30";"01";"2024";"16:10";"1";"56";"56260";"2";"1";"1";"7";"Avenue du Président Wilson";"47,66621000";" -2,75641000"
"202400010773";"30";"12";"2024";"08:50";"2";"10";"10325";"2";"1";"2";"7";"ROCADE OUEST (RD 610)";"48,26765000";"4,06217000"
"202400010774";"3";"02";"2024";"10:50";"1";"49";"49007";"2";"1";"1";"2";"SAINT MICHEL BOULEVARD";"47,47346000";" -0,54159000"
"202400010775";"30";"12";"2024";"15:30";"1";"07";"07281";"2";"1";"1";"2";"MULETS (CHEMIN 1  DES)";"44,94400000";"4,85599000"
"202400010776";"3";"02";"2024";"14:55";"1";"45";"45075";"2";"2";"1";"3";"8 Rue de la Bredauche";"47,88818000";"1,84171000"
"202400010777";"31";"12";"2024";"16:00";"1";"06";"06029";"2";"1";"1";"3";"20 Rue Jean Jaurès";"43,55368000";"7,02079000"
"202400010778";"31";"12";"2024";"07:25";"2";"06";"06004";"2";"1";"1";"3";"820 Route de Nice";"43,60713820";"7,12399500"
"202400010779";"3";"02";"2024";"18:20";"5";"44";"44184";"2";"2";"1";"5";"37 Boulevard de la Libération";"47,28275000";" -2,20934000"
"202400010780";"30";"12";"2024";"14:35";"1";"05";"05061";"2";"3";"1";"1";"Avenue d'Embrun";"44,57250804";"6,10815972"
"202400010781";"3";"02";"2024";"19:00";"5";"42";"42186";"2";"4";"8";"4";"Avenue Charles de Gaulle";"45,52490000";"4,60320000"
"202400010782";"30";"12";"2024";"17:35";"5";"05";"05023";"2";"3";"1";"3";"SERRE PAIX (RUE DU)";"44,90391416";"6,62821054"
"202400010783";"3";"02";"2024";"22:15";"5";"38";"38185";"2";"1";"1";"1";"TEISSEIRE (AVENUE)";"45,16989554";"5,74136496"
"202400010784";"31";"12";"2024";"10:43";"1";"75";"75114";"2";"1";"1";"2";"BD PERIPHERIQUE INTERIEUR";"48,82410100";"2,30776100"
"202400010785";"3";"02";"2024";"08:05";"5";"37";"37261";"2";"2";"2";"3";"SEBASTOPOL (RUE)";"47,38879000";"0,68466000"
"202400010786";"4";"02";"2024";"01:40";"5";"35";"35238";"2";"1";"1";"6";"VERN (DE)";"48,09518561";" -1,65043460"
"202400010787";"31";"12";"2024";"11:05";"1";"75";"75115";"2";"1";"2";"2";"RUE D ALLERAY";"48,83650400";"2,30552200"
"202400010788";"30";"12";"2024";"13:55";"1";"75";"75114";"2";"3";"1";"6";"AVENUE DU GENERAL LECLERC";"48,83079800";"2,32937700"
"202400010789";"3";"02";"2024";"21:05";"5";"35";"35238";"2";"2";"1";"3";"MANIEZ (AVENUE JULES)";"48,09871000";" -1,69449000"
"202400010790";"3";"02";"2024";"19:40";"2";"35";"35238";"1";"1";"1";"2";"ROCADE 1-2";"48,11678000";" -1,71920000"
"202400010791";"30";"12";"2024";"14:47";"1";"75";"75108";"2";"2";"2";"3";"RUE DE LISBONNE";"48,87763500";"2,31255500"
"202400010792";"3";"02";"2024";"23:15";"5";"34";"34172";"2";"7";"1";"3";"MERMOZ (CARREFOUR)";"43,61033000";"3,89041000"
"202400010793";"30";"12";"2024";"20:50";"5";"94";"94081";"2";"2";"8";"6";"Avenue Lucien Français";"48,78507531";"2,38843102"
"202400010794";"3";"02";"2024";"19:00";"4";"34";"34172";"2";"1";"1";"2";"MENDES FRANCE (AVENUE PRESIDENT PIERRE";"43,60801000";"3,92996000"
"202400010795";"31";"12";"2024";"20:25";"5";"94";"94046";"2";"3";"1";"3";"Avenue du Général Leclerc";"48,81007000";"2,43294000"
"202400010796";"3";"02";"2024";"01:50";"4";"34";"34172";"2";"1";"1";"2";"FABRE DE MORLHON (BOULEVARD JACQUES)";"43,59185000";"3,87838000"
"202400010797";"31";"12";"2024";"16:05";"1";"94";"94028";"2";"3";"8";"2";"Rue Neuve";"48,79988900";"2,45224100"
"202400010798";"31";"12";"2024";"16:30";"1";"93";"93048";"2";"1";"1";"6";"CONVENTION (RUE DE LA)";"48,86304960";"2,44246495"
"202400010799";"31";"12";"2024";"14:40";"1";"93";"93005";"2";"3";"1";"2";"Avenue Raoul Dufy / Rue Henri Matisse";"48,95802048";"2,50483920"
"202400010800";"22";"12";"2024";"21:40";"5";"92";"92063";"2";"1";"1";"2";"BONAPARTE (AVENUE NAPOLEON) NORD";"48,87235548";"2,16284104"
"202400010801";"31";"12";"2024";"09:15";"1";"92";"92062";"2";"3";"1";"3";"PRESSENCE (RUE FRANCIS DE)";"48,87568675";"2,23704368"
"202400010802";"31";"12";"2024";"10:40";"1";"92";"92048";"2";"6";"1";"3";"VAUGIRARD (ROUTE DE)";"48,82005381";"2,24266134"
"202400010803";"31";"12";"2024";"12:58";"1";"92";"92040";"2";"1";"1";"3";"VICTOR CRESSON (AVENUE) DU 29 AU 77";"48,82138553";"2,26220906"
"202400010804";"30";"12";"2024";"18:30";"5";"92";"92025";"2";"1";"1";"6";"GABRIEL PERI (RUE)";"48,91823553";"2,23894640"
"202400010805";"31";"12";"2024";"12:30";"1";"92";"92024";"2";"1";"1";"3";"GENERAL ROGUET (RUE DU) DE (1 A 57)   (2";"48,90916240";"2,31293052"
"202400010806";"31";"12";"2024";"12:40";"1";"92";"92023";"2";"1";"1";"2";"GENERAL EISENHOWER (AVENUE)";"48,77679000";"2,23236000"
"202400010807";"31";"12";"2024";"19:40";"5";"974";"97414";"1";"1";"1";"6";"route nationale 1";" -21,28444600";"55,39323800"
"202400010808";"31";"12";"2024";"20:10";"3";"51";"51254";"1";"1";"5";"7";"C2 La forestière";"48,62530700";"3,67948700"
"202400010809";"31";"12";"2024";"15:00";"1";"69";"69006";"1";"1";"9";"7";"Route de Joasson";"45,97277000";"4,34043600"
"202400010810";"31";"12";"2024";"23:00";"3";"12";"12206";"1";"1";"1";"6";"D994";"44,43540800";"2,26116100"
"202400010811";"31";"12";"2024";"18:25";"3";"12";"12063";"1";"1";"1";"1";"D809";"44,01763200";"3,14312000"
"202400010812";"31";"12";"2024";"13:00";"1";"06";"06152";"2";"1";"1";"1";"630 Route des Dolines";"43,62171600";"7,03872800"
"202400010813";"31";"12";"2024";"19:00";"5";"68";"68117";"2";"1";"1";"2";"Rue du Muhlele";"48,04245800";"7,17672600"
"202400010814";"31";"12";"2024";"16:20";"1";"63";"63213";"1";"3";"5";"1";"D6";"45,82538300";"3,22396200"
"202400010815";"30";"12";"2024";"04:35";"3";"54";"54304";"1";"1";"1";"2";"A33";"48,68072304";"6,11906290"
"202400010816";"28";"12";"2024";"02:35";"3";"62";"62186";"1";"1";"2";"7";"A21";"50,43489627";"2,71511855"
"202400010817";"27";"12";"2024";"02:49";"3";"59";"59426";"1";"1";"1";"7";"AUTOROUTE A22";"50,76301000";"3,16121000"
"202400010818";"30";"12";"2024";"22:00";"3";"92";"92036";"1";"1";"1";"2";"AUTOROUTE A86";"48,93340854";"2,32131327"
"202400010819";"30";"12";"2024";"10:00";"1";"95";"95277";"1";"1";"1";"6";"A104";"48,97522000";"2,49115000"
"202400010820";"30";"12";"2024";"23:05";"3";"77";"77294";"1";"1";"1";"2";"A104";"48,96454041";"2,61065613"
"202400010821";"30";"12";"2024";"10:55";"1";"77";"77337";"1";"1";"2";"2";"RN104";"48,82814833";"2,61805928"
"202400010822";"30";"12";"2024";"13:50";"1";"974";"97411";"2";"3";"1";"3";"MAYOTTE (RUE DE)";" -20,90376000";"55,49444000"
"202400010823";"30";"12";"2024";"06:25";"1";"974";"97411";"2";"1";"1";"6";"JAURES (BLD 2 JEAN)";" -20,90004000";"55,48231000"
"202400010824";"30";"12";"2024";"21:50";"5";"974";"97409";"2";"9";"1";"3";"canal moreau (chemin)";" -20,97226000";"55,66748000"
"202400010825";"30";"12";"2024";"14:30";"1";"973";"97302";"2";"1";"3";"7";"TIGRE (ROUTE DU)";"4,91013000";" -52,30831000"
"202400010826";"28";"12";"2024";"19:15";"5";"972";"97209";"2";"9";"1";"3";"MARTIN LUTHER KING (RUE)";"14,60640000";" -61,07551000"
"202400010827";"30";"12";"2024";"00:35";"5";"69";"69142";"1";"1";"1";"2";"Route de Métropole 7";"45,73022000";"4,81532000"
"202400010828";"30";"12";"2024";"17:47";"5";101;101004";"2";"1";"1";"6";"5 Boulevard Albert 1er";"41,91326000";"8,72733000"
"202400010829";"29";"12";"2024";"12:55";"1";"91";"91657";"2";"1";"1";"6";"AV HENRI BARBUSSE";"48,70277900";"2,42906500"
"202400010830";"29";"12";"2024";"00:50";"5";"91";"91657";"2";"1";"1";"6";"RUE PIERRE SEMARD";"48,69626000";"2,43379000"
"202400010831";"30";"12";"2024";"19:20";"5";"91";"91687";"2";"3";"1";"1";"GRIBELETTE (AVENUE DE LA)";"48,64743000";"2,36392000"
"202400010832";"28";"12";"2024";"14:31";"1";"87";"87065";"2";"3";"1";"3";"TOULOUSE (RUE DE)";"45,79829000";"1,29561000"
"202400010833";"30";"12";"2024";"18:07";"5";"78";"78238";"2";"1";"1";"6";"RENAULT (ROUTE DE)";"48,96639000";"1,86552000"
"202400010834";"1";"06";"2024";"08:00";"1";101;101006";"1";"1";"1";"1";"3725 La Tuscia";"41,97253300";"8,77961000"
"202400010835";"2";"06";"2024";"17:30";"1";"65";"65017";"1";"9";"1";"3";"D173";"42,74893500";"0,19101600"
"202400010836";"3";"06";"2024";"11:00";"1";"63";"63381";"1";"1";"5";"6";"D943";"45,86042800";"2,96723100"
"202400010837";"3";"06";"2024";"11:20";"1";"42";"42092";"1";"1";"5";"1";"Route des Brossettes";"45,50137815";"4,38618749"
"202400010838";"3";"06";"2024";"16:10";"1";"41";"41241";"1";"2";"1";"3";"Route du Sous-préfet";"47,43509600";"1,90794300"
"202400010839";"2";"06";"2024";"06:20";"2";"41";"41002";"1";"1";"2";"7";"D976";"47,33425700";"1,23557600"
"202400010840";"2";"06";"2024";"20:10";"2";"39";"39367";"1";"1";"3";"1";"N/A";"46,55955600";"6,00806500"
"202400010841";"2";"06";"2024";"16:45";"1";"25";"25459";"2";"1";"2";"7";"2 Rue de la Charrière Blanche";"46,83715100";"6,28135900"
"202400010842";"16";"02";"2024";"05:40";"3";"31";"31517";"2";"1";"3";"6";"departementale 4";"43,32618711";"1,32233977"
"202400010843";"2";"06";"2024";"18:45";"2";"15";"15069";"1";"1";"2";"3";"RN 122";"45,17143400";"3,04130300"
"202400010844";"3";"06";"2024";"16:10";"1";"15";"15192";"1";"1";"1";"6";"RD 317 ";"45,05109700";"2,70701900"
"202400010845";"2";"06";"2024";"17:25";"1";"26";"26086";"1";"1";"1";"3";"Route de Die";"44,68694000";"5,46268300"
"202400010846";"2";"06";"2024";"17:00";"1";"58";"58095";"2";"1";"1";"6";"14 Impasse de la Condamine";"46,82697800";"3,45011200"
"202400010847";"3";"06";"2024";"04:00";"3";"58";"58046";"1";"1";"1";"6";"Route de Fours";"46,84466100";"3,65627700"
"202400010848";"3";"06";"2024";"14:00";"1";"06";"06089";"1";"1";"1";"6";"5 Route de Chateauneuf";"43,67038990";"6,98362450"
"202400010849";"2";"06";"2024";"20:45";"1";"14";"14165";"1";"1";"1";"6";"D208";"49,34071300";" -0,86817700"
"202400010850";"2";"06";"2024";"00:10";"4";"14";"14480";"2";"3";"1";"2";"2 Rue de Saint-Clément";"49,32707100";" -1,08318300"
"202400010851";"3";"06";"2024";"16:45";"1";"50";"50350";"1";"1";"1";"1";"La Vionniere";"49,03485100";" -1,32554800"
"202400010852";"2";"06";"2024";"10:30";"1";"50";"50084";"1";"1";"1";"2";"Route départementale 971";"49,04502000";" -1,46604200"
"202400010853";"2";"06";"2024";"16:30";"1";"50";"50412";"1";"1";"1";"7";"Hameau Bosqueville";"49,35372800";" -1,69777400"
"202400010854";"3";"06";"2024";"08:05";"2";"60";"60509";"2";"6";"1";"6";"Rue Voltaire";"49,30784100";"2,60677700"
"202400010855";"3";"06";"2024";"12:30";"1";"18";"18075";"1";"1";"1";"7";"N/A";"47,01777100";"3,03377200"
"202400010856";"3";"06";"2024";"08:00";"1";"16";"16280";"2";"6";"1";"2";"N/A";"45,75238000";"0,35294700"
"202400010857";"3";"06";"2024";"17:31";"1";"07";"07172";"1";"1";"1";"3";"D820";"45,28052600";"4,72398300"
"202400010858";"2";"06";"2024";"12:00";"1";"40";"40243";"1";"1";"1";"3";"644 Avenue de Saint Vincent de Paul";"43,93157400";" -0,93300100"
"202400010859";"2";"06";"2024";"03:00";"3";"40";"40265";"1";"1";"1";"6";"D35";"43,99415800";" -0,12781300"
"202400010860";"3";"06";"2024";"16:25";"1";"30";"30036";"1";"2";"1";"3";"N113";"43,77397600";"4,28464700"
"202400010861";"3";"06";"2024";"12:50";"1";"31";"31091";"1";"9";"1";"6";"A 62 péage Saint Jory";"43,71880526";"1,40122542"
"202400010862";"2";"06";"2024";"11:30";"1";"987";"98738";"2";"3";"1";"3";"RT1 PK 12+300 SENS PAEA/PAPEETE";" -17,61800000";" -149,54900000"
"202400010863";"2";"06";"2024";"10:00";"1";"01";"01331";"1";"1";"2";"6";"A40 132+180";"46,11458000";"5,47361300"
"202400010864";"2";"06";"2024";"18:25";"1";"69";"69244";"2";"1";"2";"3";"40 Route de Paris";"45,76603000";"4,76529800"
"202400010865";"3";"06";"2024";"08:36";"1";"13";"13025";"1";"1";"1";"2";"A8, PK 028.200, sens Nice-Lyon";"43,48574166";"5,53350136"
"202400010866";"3";"06";"2024";"03:25";"3";"27";"27701";"1";"1";"1";"6";"A13";"49,24005900";"1,19568600"
"202400010867";"3";"06";"2024";"13:35";"1";"13";"13103";"1";"1";"1";"1";"A54-PK 072.000 - SENS EST OUEST";"43,62678800";"5,12113600"
"202400010868";"2";"06";"2024";"16:05";"1";"972";"97224";"2";"1";"2";"1";"Chemin Seailles Cark";"14,67581900";" -61,04203500"
"202400010869";"3";"06";"2024";"00:30";"3";"34";"34209";"1";"1";"1";"7";"D37 - PK43+100";"43,29327800";"3,36033600"
"202400010870";"2";"06";"2024";"14:00";"1";"38";"38320";"2";"1";"2";"6";"737 RUE Chamboud";"45,82793000";"5,42625400"
"202400010871";"2";"06";"2024";"10:40";"1";"07";"07235";"1";"4";"2";"1";"pk FS D116";"44,82396586";"4,19426372"
"202400010872";"2";"06";"2024";"15:55";"1";"86";"86104";"1";"1";"8";"6";"D35";"46,11991800";"0,32333100"
"202400010873";"30";"05";"2024";"10:45";"1";"85";"85071";"1";"6";"1";"3";"RD32";"46,75175300";" -1,86997000"
"202400010874";"3";"06";"2024";"16:25";"1";"14";"14609";"1";"3";"1";"5";"Route de Littry";"49,26784700";" -0,73848200"
"202400010875";"1";"06";"2024";"19:25";"1";"76";"76728";"2";"1";"8";"1";"D43";"49,48526600";"1,01178300"
"202400010876";"3";"06";"2024";"19:20";"1";"60";"60282";"2";"1";"1";"1";"48 Rue de Lamorlaye";"49,17987500";"2,41855500"
"202400010877";"3";"06";"2024";"17:15";"1";"80";"80442";"1";"1";"1";"1";"D930";"49,74088300";"3,02277700"
"202400010878";"3";"06";"2024";"12:10";"1";"59";"59252";"1";"2";"1";"3";"Chemin de la Quennerie";"50,71620300";"2,93969000"
"202400010879";"31";"05";"2024";"12:55";"1";"13";"13071";"1";"1";"1";"4";"A7-Sens Marseille vers Lyon";"43,41309000";"5,28116000"
"202400010880";"2";"06";"2024";"01:50";"3";"13";"13106";"1";"1";"1";"2";"A7-Sens Lyon vers Marseille";"43,38298612";"5,35139202"
"202400010881";"16";"10";"2024";"16:05";"1";"77";"77291";"1";"1";"1";"1";"D212";"49,01485000";"2,58875000"
"202400010882";"28";"05";"2024";"17:50";"1";"67";"67152";"1";"1";"1";"3";"Route Nationale 83";"48,52840000";"7,69418000"
"202400010883";"17";"10";"2024";"21:10";"3";"77";"77374";"1";"1";"2";"7";"D21";"48,79604000";"2,71670000"
"202400010884";"1";"06";"2024";"21:00";"2";"92";"92072";"1";"1";"2";"7";"N118";"48,82490955";"2,22113968"
"202400010885";"2";"06";"2024";"16:34";"1";"93";"93007";"1";"1";"1";"3";"A3";"48,92635915";"2,48128763"
"202400010886";"17";"10";"2024";"20:00";"5";"77";"77284";"2";"1";"1";"3";"D603";"48,95680000";"2,91699000"
"202400010887";"2";"06";"2024";"14:40";"1";"95";"95306";"1";"1";"1";"4";"A15";"49,00640579";"2,16383247"
"202400010888";"2";"06";"2024";"14:15";"1";"95";"95488";"1";"1";"1";"6";"A15";"49,02486562";"2,13226004"
"202400010889";"17";"10";"2024";"09:00";"1";"77";"77276";"1";"3";"1";"3";"D436A";"48,92709000";"2,87936000"
"202400010890";"1";"06";"2024";"21:50";"4";"93";"93063";"1";"1";"1";"3";"A3";"48,87844318";"2,44713993"
"202400010891";"17";"10";"2024";"09:30";"1";"77";"77335";"1";"1";"1";"3";"N3";"48,95898335";"2,82995770"
"202400010892";"2";"06";"2024";"02:00";"5";"94";"94052";"1";"1";"1";"2";"A86";"48,84331030";"2,49314406"
"202400010893";"1";"06";"2024";"21:45";"3";"77";"77468";"1";"9";"2";"6";"A4";"48,83244993";"2,66426256"
"202400010894";"17";"10";"2024";"07:57";"1";"77";"77131";"2";"4";"1";"3";"D934";"48,79997000";"3,08762000"
"202400010895";"4";"04";"2024";"05:04";"1";"44";"44109";"2";"1";"1";"6";"10 Rue Recteur Schmitt";"47,25070057";" -1,55115587"
"202400010896";"4";"04";"2024";"17:45";"1";"44";"44109";"2";"7";"8";"7";"Place Emile Zola";"47,21361840";" -1,58704101"
"202400010897";"17";"10";"2024";"08:00";"2";"76";"76451";"2";"2";"2";"6";"Place des Coquets";"49,46260000";"1,08175000"
"202400010898";"3";"04";"2024";"16:34";"1";"44";"44109";"2";"2";"8";"2";"46 Rue de Strasbourg";"47,21966092";" -1,55428762"
"202400010899";"1";"04";"2024";"14:11";"1";"44";"44162";"2";"1";"8";"6";"Boulevard Charles Gauthier";"47,22183149";" -1,60659249"
"202400010900";"17";"10";"2024";"14:10";"1";"76";"76351";"2";"1";"1";"7";"GOBELINS (DES)";"49,49767000";"0,10418000"
"202400010901";"1";"04";"2024";"13:57";"1";"44";"44109";"2";"1";"8";"3";"159 Boulevard Jules Verne";"47,24343380";" -1,52714968"
"202400010902";"16";"10";"2024";"14:20";"1";"76";"76351";"2";"3";"1";"6";"GLYCINES (DES)";"49,50656000";"0,15721000"
"202400010903";"31";"03";"2024";"01:45";"4";"29";"29019";"2";"6";"2";"6";"avenue Salaun Penquer";"48,38290000";" -4,48771000"
"202400010904";"15";"10";"2024";"08:00";"1";"76";"76351";"2";"2";"1";"3";"MARYSE BASTIE";"49,52425000";"0,09687000"
"202400010905";"29";"01";"2024";"18:01";"2";"84";"84031";"2";"3";"1";"3";"LUNEL ARMAND";"44,05191000";"5,05572000"
"202400010906";"17";"10";"2024";"08:10";"2";"74";"74118";"2";"1";"3";"6";"18 AOUT (RUE DU)";"46,16626000";"6,18900000"
"202400010907";"26";"01";"2024";"10:00";"1";"84";"84031";"2";"1";"1";"6";"NAQUET BOULEVARD ALFRED";"44,05241000";"5,04151000"
"202400010908";"16";"01";"2024";"19:30";"2";"84";"84031";"2";"1";"1";"2";"SAINT ROCH AVENUE";"44,06396000";"5,04902000"
"202400010909";"17";"02";"2024";"15:55";"1";"62";"62139";"1";"1";"7";"3";"D210";"50,70856125";"2,25376654"
"202400010910";"17";"10";"2024";"17:50";"1";"71";"71306";"2";"2";"1";"1";"CLUNY (RUE DE)";"46,67416000";"4,37239000"
"202400010911";"22";"02";"2024";"18:37";"2";"62";"62040";"2";"1";"1";"6";"D210";"50,73350437";"2,29758270"
"202400010912";"17";"10";"2024";"04:20";"5";"71";"71306";"2";"1";"1";"6";"MAUGRAND (BLD DE LA)";"46,67746000";"4,35879000"
"202400010913";"5";"02";"2024";"17:00";"2";"62";"62765";"2";"3";"1";"1";"rue de Thérouanne";"50,74638000";"2,26164000"
"202400010914";"17";"10";"2024";"08:30";"1";"69";"69266";"2";"2";"3";"6";"Avenue Auguste Blanqui";"45,76182000";"4,88476000"
"202400010915";"5";"03";"2024";"18:05";"2";"74";"74082";"2";"9";"8";"5";"Route d'annecy";"46,14137400";"6,13625000"
"202400010916";"16";"10";"2024";"10:20";"1";"69";"69264";"2";"9";"2";"6";"Avenue Theodore Braun";"45,97792000";"4,73891000"
"202400010917";"16";"10";"2024";"16:12";"1";"69";"69276";"2";"1";"1";"6";"51 Route de Vienne";"45,67156000";"4,86000000"
"202400010918";"1";"06";"2024";"14:25";"1";"974";"97411";"2";"7";"1";"3";"LATTRE DE TASSIGNY (AVENUE MARECHAL DE)";" -20,88638000";"55,46980000"
"202400010919";"17";"10";"2024";"10:50";"1";"68";"68066";"2";"6";"1";"3";"Avenue de l'Europe";"48,07830000";"7,33303000"
"202400010920";"1";"06";"2024";"19:10";"3";"973";"97302";"2";"3";"1";"3";"MERE THERESA (rue)";"4,92210218";" -52,31259200"
"202400010921";"17";"10";"2024";"18:20";"2";"67";"67043";"2";"2";"1";"3";"TROIS MAIRES (RUE DES)";"48,62997000";"7,77649000"