"Num_Acc";"jour";"mois";"an";"hrmn";"lum";"dep";"com";"agg";"int";"atm";"col";"adr";"lat";"long"
"202400010922";"1";"06";"2024";"12:00";"1";"69";"69388";"2";"1";"1";"3";"Avenue Jean Mermoz";"45,73318610";"4,87964138"
"202400010923";"17";"10";"2024";"13:55";"1";"67";"67267";"2";"1";"1";"2";"MARECHAL FOCH (RUE DU)";"48,55955000";"7,69054000"
"202400010924";"1";"06";"2024";"04:05";"5";"69";"69386";"2";"3";"1";"3";"Rue Garibaldi";"45,76569000";"4,85117000"
"202400010925";"16";"10";"2024";"17:45";"1";"66";"66136";"2";"3";"1";"3";"JUIN (AVENUE DU MARECHAL)";"42,68764000";"2,89976000"
"202400010926";"31";"05";"2024";"17:00";"1";"69";"69383";"2";"1";"1";"3";"Avenue Lacassagne";"45,75274000";"4,86965000"
"202400010927";"16";"10";"2024";"16:45";"1";"66";"66136";"2";"1";"1";"6";"KOENING Bd";"42,68636000";"2,90639000"
"202400010928";"1";"06";"2024";"02:30";"5";100;100033";"1";"3";"1";"2";"11 - RT";"42,66867000";"9,44368000"
"202400010929";"16";"10";"2024";"12:40";"1";"64";"64260";"2";"3";"1";"6";"PELLOT (RUE)";"43,35904000";" -1,77169000"
"202400010930";"1";"06";"2024";"11:30";"1";"971";"97113";"2";"1";"1";"1";"RN4 - SECTION RIVIERA";"16,20991000";" -61,47230000"
"202400010931";"16";"10";"2024";"18:30";"1";"64";"64102";"2";"1";"1";"3";"HENRI DE NAVARRE (AVENUE)";"43,49771000";" -1,44937000"
"202400010932";"1";"06";"2024";"18:58";"1";101;101004";"2";"1";"1";"6";"#55 Cours Napoléon#";"41,92450000";"8,73798000"
"202400010933";"31";"05";"2024";"17:43";"1";101;101004";"2";"3";"1";"3";"SAMPIERO BD";"41,92421000";"8,73907000"
"202400010934";"11";"10";"2024";"08:30";"1";"60";"60159";"2";"3";"1";"3";"Boulevard des États-Unis";"49,40691000";"2,83010000"
"202400010935";"1";"06";"2024";"20:00";"1";"95";"95277";"2";"3";"1";"3";"SAINT NICOLAS (RUE)";"48,98551664";"2,44697928"
"202400010936";"1";"06";"2024";"15:00";"1";"95";"95203";"2";"1";"2";"3";"RASPAIL (RUE)";"48,99398000";"2,26849000"
"202400010937";"17";"10";"2024";"13:30";"1";"59";"59599";"2";"1";"2";"1";"CANAL (RUE DU)";"50,70481000";"3,15871000"
"202400010938";"2";"06";"2024";"01:07";"5";"84";"84007";"2";"3";"1";"3";"RHONE (Boulevard du )";"43,95109000";"4,80266000"
"202400010939";"15";"09";"2024";"17:00";"1";"59";"59220";"2";"9";"1";"3";"CARNOT RUE";"50,60831000";"3,06559000"
"202400010940";"1";"06";"2024";"22:45";"5";"83";"83137";"1";"1";"1";"1";"PICOT (AVE DU COLONEL)";"43,13469674";"5,97737896"
"202400010941";"17";"10";"2024";"05:45";"5";"59";"59431";"1";"1";"2";"6";"MEUNIERS (RUE DES)";"50,71000000";"2,81027000"
"202400010942";"1";"06";"2024";"14:10";"1";"82";"82033";"1";"3";"1";"3";"Chemin du Riou-Tord";"44,07333700";"1,13868400"
"202400010943";"17";"10";"2024";"08:20";"2";"56";"56260";"2";"1";"8";"6";"Avenue de Verdun";"47,65867000";" -2,74793000"
"202400010944";"1";"06";"2024";"21:05";"2";"78";"78440";"2";"1";"1";"3";"PAUL RAOULT (AVENUE)";"48,98600000";"1,91215000"
"202400010945";"16";"10";"2024";"18:35";"5";"54";"54357";"2";"6";"1";"3";"Rue Lafayette";"48,71077000";"6,17263000"
"202400010946";"1";"06";"2024";"22:20";"5";"78";"78168";"2";"9";"2";"6";"Route nationale 10";"48,74898000";"1,92582000"
"202400010947";"16";"10";"2024";"11:00";"1";"54";"54395";"2";"6";"1";"6";"Rue Saint Nicolas";"48,68715000";"6,18854000"
"202400010948";"1";"06";"2024";"16:05";"1";"77";"77284";"2";"1";"2";"2";"Boulevard Charcot";"48,94680000";"2,90479000"
"202400010949";"16";"10";"2024";"21:10";"5";"51";"51454";"2";"9";"1";"3";"Rond-point Marguerite Boutigny";"49,22680000";"4,02493000"
"202400010950";"1";"06";"2024";"19:46";"1";"69";"69259";"2";"2";"1";"1";"Rue des Martyrs de la Résistance";"45,69245000";"4,87300000"
"202400010951";"16";"10";"2024";"13:25";"1";"51";"51454";"2";"2";"1";"3";"SALENGRO (RUE ROGER)";"49,27346000";"4,02397000"
"202400010952";"1";"06";"2024";"17:20";"1";"67";"67482";"2";"3";"2";"3";"SAINT JEAN (QUAI)";"48,58455000";"7,74075000"
"202400010953";"1";"06";"2024";"16:30";"1";"64";"64445";"2";"1";"1";"3";"OLOF PALME";"43,33957000";" -0,37765000"
"202400010954";"16";"10";"2024";"16:15";"1";"50";"50129";"2";"3";"3";"3";"FERRY (RUE JULES)";"49,61291000";" -1,65095000"
"202400010955";"1";"06";"2024";"00:10";"3";"64";"64102";"2";"2";"1";"2";"BAB (Boulevard)";"43,49814525";" -1,49078655"
"202400010956";"31";"05";"2024";"12:25";"1";"62";"62826";"2";"3";"2";"3";"Avenue de Picardie";"50,51232276";"1,61593705"
"202400010957";"14";"10";"2024";"12:40";"1";"50";"50129";"2";"3";"1";"2";"NORMANDIE (AVENUE DE)";"49,62679000";" -1,63452000"
"202400010958";"1";"06";"2024";"00:20";"3";"62";"62510";"1";"1";"2";"3";"D58";"50,43418000";"2,75229000"
"202400010959";"16";"10";"2024";"13:40";"1";"49";"49246";"1";"1";"2";"2";"ROUTE DE POUILLE";"47,43380000";" -0,53628000"
"202400010960";"27";"05";"2024";"18:09";"1";"54";"54431";"2";"1";"1";"2";"Avenue Camille Cavallier";"48,89496500";"6,05213900"
"202400010961";"31";"05";"2024";"13:00";"1";"54";"54525";"1";"1";"1";"1";"D26C";"49,46723700";"5,88958500"
"202400010962";"16";"10";"2024";"10:53";"1";"49";"49007";"2";"2";"1";"6";"RENNES";"47,47657000";" -0,54967000"
"202400010963";"1";"06";"2024";"11:50";"1";"54";"54099";"1";"1";"1";"2";"D146";"49,26200000";"5,93100000"
"202400010964";"17";"10";"2024";"19:06";"5";"48";"48095";"2";"1";"2";"7";"FOCH (AVENUE)";"44,51788000";"3,49550000"
"202400010965";"1";"06";"2024";"10:50";"1";"51";"51474";"2";"1";"1";"6";"SORBON (RUE)";"49,26697600";"3,99073200"
"202400010966";"29";"05";"2024";"14:00";"1";"50";"50147";"1";"9";"1";"4";"ROCADE NORD";"49,06926000";" -1,43076000"
"202400010967";"17";"10";"2024";"12:45";"1";"47";"47001";"2";"1";"3";"2";"CUVIER (AV. GEORGES)";"44,19630000";"0,63300000"
"202400010968";"1";"06";"2024";"18:00";"1";"45";"45338";"1";"1";"2";"1";"D961 PR 0 + 3383";"47,98900000";"2,69600000"
"202400010969";"17";"10";"2024";"20:00";"5";"44";"44184";"2";"3";"1";"3";"11 Avenue François Mitterrand";"47,27040000";" -2,22480000"
"202400010970";"17";"10";"2024";"18:44";"5";"38";"38185";"2";"3";"3";"1";"COURS BERRIAT";"45,18886000";"5,70582000"
"202400010971";"31";"05";"2024";"18:45";"1";"45";"45208";"2";"3";"2";"5";"97 Rue André Coquillet";"47,98891400";"2,73240800"
"202400010972";"31";"05";"2024";"18:43";"1";"45";"45208";"1";"2";"2";"3";"14 Avenue Louis-Maurice Chautemps";"48,00541700";"2,74435300"
"202400010973";"16";"10";"2024";"17:00";"1";"38";"38053";"2";"3";"1";"3";"Boulevard Vincent Scotto";"45,60378000";"5,26673000"
"202400010974";"31";"05";"2024";"18:15";"1";"45";"45004";"1";"9";"2";"6";"D2060 PR 28 + 335";"47,97026000";"2,73386000"
"202400010975";"1";"06";"2024";"11:00";"1";"43";"43157";"2";"1";"1";"6";"Allee des Portes Occitanes";"45,02485000";"3,88281000"
"202400010976";"18";"09";"2024";"18:21";"1";"37";"37261";"2";"2";"1";"3";"CHEVALLIER (RUE AUGUSTE)";"47,37975693";"0,67981571"
"202400010977";"17";"10";"2024";"06:10";"5";"37";"37261";"2";"2";"2";"3";"MIRABEAU (PONT)";"47,39756000";"0,69940000"
"202400010978";"1";"06";"2024";"22:54";"4";"42";"42044";"2";"1";"1";"1";"Boulevard d’Auvergne";"45,39452000";"4,32310000"
"202400010979";"16";"10";"2024";"08:00";"1";"37";"37233";"2";"6";"1";"3";"ARC EN CIEL ( ROND POINT DE L')";"47,39218000";"0,72532000"
"202400010980";"1";"06";"2024";"12:25";"1";"38";"38185";"2";"9";"8";"6";"GENERAL FERRIE (RUE)";"45,17730000";"5,72435000"
"202400010981";"13";"05";"2024";"09:20";"1";"34";"34108";"2";"6";"1";"3";"DE GAULE GENERAL (AVENUE DU)";"43,44682000";"3,75386000"
"202400010982";"16";"10";"2024";"06:55";"5";"37";"37233";"2";"6";"8";"3";"GRANDS MORTIERS (RUE DES)";"47,38225000";"0,73060000"
"202400010983";"5";"05";"2024";"16:45";"1";"34";"34301";"2";"1";"1";"3";"DURAND GENERAL (QUAI)";"43,40128000";"3,69696000"
"202400010984";"16";"10";"2024";"14:20";"1";"34";"34172";"2";"1";"1";"6";"ORIENT (BOULEVARD D')";"43,60368000";"3,88969000"
"202400010985";"1";"06";"2024";"23:18";"5";"31";"31555";"2";"1";"1";"6";"RTE D AGDE";"43,62491860";"1,47498697"
"202400010986";"1";"06";"2024";"15:25";"1";"31";"31555";"2";"1";"1";"6";"RUE LOUISE WEISS";"43,64034000";"1,45338000"
"202400010987";"16";"10";"2024";"12:18";"1";"34";"34032";"2";"2";"1";"7";"VERDIER PIERRE (AV)";"43,34479000";"3,23404000"
"202400010988";"1";"06";"2024";"09:54";"1";"31";"31555";"2";"1";"1";"6";"Rue de la Verge d'Or";"43,61057600";"1,43994200"
"202400010989";"17";"10";"2024";"08:10";"2";"33";"33200";"2";"1";"3";"3";"N/A";"44,87968000";" -0,68425000"
"202400010990";"1";"06";"2024";"23:15";"5";"28";"28085";"2";"1";"1";"3";"D823";"48,45497000";"1,53008000"
"202400010991";"17";"10";"2024";"01:10";"5";"31";"31555";"2";"1";"1";"7";"AV JEAN ZAY";"43,64787529";"1,43679231"
"202400010992";"1";"06";"2024";"10:30";"1";"26";"26362";"1";"1";"1";"7";"Avenue Docteur Paul Santy";"44,91523000";"4,90806000"
"202400010993";"1";"06";"2024";"17:40";"1";"17";"17415";"1";"1";"1";"7";"Route Nationale 150";"45,71421000";" -0,67058000"
"202400010994";"16";"10";"2024";"18:35";"1";"29";"29019";"2";"2";"2";"3";"rue Camille Pelletan";"48,40205600";" -4,49453700"
"202400010995";"1";"06";"2024";"05:50";"5";"17";"17415";"2";"1";"1";"2";"APOTRES DE LA LIBERTE COURS DES";"45,74071000";" -0,64162000"
"202400010996";"16";"10";"2024";"08:30";"1";"29";"29019";"2";"1";"2";"6";"place de Strasbourg";"48,40274100";" -4,46646800"
"202400010997";"1";"06";"2024";"22:30";"5";"13";"13210";"2";"1";"1";"2";"CAPELETTE (AVENUE DE LA)";"43,27911000";"5,41349000"
"202400010998";"1";"06";"2024";"19:30";"1";"13";"13208";"2";"2";"1";"3";"VOLUBILIS (bd des)";"43,24790000";"5,38378000"
"202400010999";"17";"10";"2024";"08:45";"1";"19";"19031";"2";"1";"3";"6";"ROLLAND (RUE ROMAIN) A PARTIR DE N° 88 ";"45,15975000";"1,51383000"
"202400011000";"1";"06";"2024";"13:52";"1";"13";"13211";"2";"1";"1";"3";"SAINT LOUP (BOULEVARD DE)";"43,28424000";"5,43600000"
"202400011001";"14";"10";"2024";"15:50";"1";"14";"14437";"1";"1";"1";"2";"N814";"49,18170000";" -0,32502000"
"202400011002";"1";"06";"2024";"02:20";"5";"13";"13211";"2";"1";"1";"3";"CARTONNERIE (BOULEVARD DE LA )";"43,29204000";"5,45978000"
"202400011003";"1";"06";"2024";"12:12";"1";"11";"11262";"2";"6";"1";"6";"N/A";"43,18130000";"3,02950000"
"202400011004";"17";"10";"2024";"17:10";"1";"13";"13212";"2";"9";"1";"1";"AIGUILLETTE (RUE DE L')";"43,31000000";"5,42000000"
"202400011005";"1";"06";"2024";"10:39";"1";"11";"11262";"2";"9";"1";"6";"N/A";"43,17494200";"3,02697200"
"202400011006";"17";"10";"2024";"13:54";"1";"13";"13210";"2";"1";"1";"2";"TOULON (AVENUE DE)";"43,28405000";"5,39578000"
"202400011007";"31";"05";"2024";"17:55";"1";"11";"11069";"1";"2";"1";"3";"ROCADE SUD RD 6161";"43,20414000";"2,38642000"
"202400011008";"16";"10";"2024";"17:50";"1";"13";"13214";"2";"1";"1";"3";"PLOMBIERES (BOULEVARD DES)";"43,31704737";"5,38180578"
"202400011009";"1";"06";"2024";"13:49";"1";"01";"01053";"2";"2";"8";"3";"ALSACE LORRAINE (AVENUE )";"46,20196000";"5,22095000"
"202400011010";"16";"10";"2024";"15:57";"1";"10";"10387";"2";"1";"1";"3";"CHARMILLES (MAIL DES)";"48,29530000";"4,08440000"
"202400011011";"1";"06";"2024";"18:15";"2";"75";"75118";"2";"1";"2";"3";"BD PERIPHERIQUE INTERIEUR";"48,90075800";"2,33718900"
"202400011012";"1";"06";"2024";"14:50";"1";"75";"75105";"2";"2";"2";"3";"QUAI DE LA TOURNELLE";"48,85112600";"2,35130500"
"202400011013";"17";"10";"2024";"07:35";"2";"03";"03310";"2";"2";"1";"3";"Boulevard Denière";"46,12730000";"3,43421000"
"202400011014";"1";"06";"2024";"12:00";"1";"75";"75117";"2";"3";"1";"6";"BOULEVARD DE COURCELLES";"48,87903400";"2,30235800"
"202400011015";"16";"10";"2024";"16:40";"1";"03";"03190";"2";"1";"1";"6";"Rue Edmond Bourges";"46,56090000";"3,31840000"
"202400011016";"1";"06";"2024";"15:45";"1";"75";"75115";"2";"1";"2";"3";"RUE DE LA CONVENTION";"48,84262600";"2,28458200"
"202400011017";"17";"10";"2024";"08:10";"1";"75";"75113";"2";"1";"1";"2";"BD PERIPHERIQUE INTERIEUR";"48,81752200";"2,34955900"
"202400011018";"1";"06";"2024";"02:51";"5";"75";"75115";"2";"2";"1";"3";"RUE DE VAUGIRARD";"48,84286000";"2,31238000"
"202400011019";"17";"10";"2024";"09:23";"1";"75";"75112";"2";"1";"1";"3";"BD PERIPHERIQUE EXTERIEUR";"48,82759547";"2,39349067"
"202400011020";"31";"05";"2024";"17:15";"1";"75";"75114";"2";"5";"1";"3";"RUE LIARD";"48,82136000";"2,34256800"
"202400011021";"16";"10";"2024";"18:25";"2";"75";"75114";"2";"1";"1";"3";"BD PERIPHERIQUE INTERIEUR";"48,82009900";"2,32574100"
"202400011022";"1";"06";"2024";"12:45";"1";"75";"75113";"2";"1";"2";"6";"AVENUE D IVRY";"48,82203600";"2,36832000"
"202400011023";"17";"10";"2024";"12:50";"1";"75";"75106";"2";"1";"2";"6";"BOULEVARD DU MONTPARNASSE";"48,84357600";"2,32504600"
"202400011024";"16";"10";"2024";"15:25";"1";"75";"75120";"2";"2";"1";"3";"RUE DES FRERES FLAVIEN";"48,87680100";"2,41199500"
"202400011025";"1";"06";"2024";"15:00";"1";"75";"75112";"2";"2";"2";"6";"AVENUE DU DOCTEUR ARNOLD NETTER";"48,84715100";"2,40626300"
"202400011026";"16";"10";"2024";"13:10";"1";"75";"75120";"2";"3";"1";"6";"RUE DE BELLEVILLE";"48,87347400";"2,38309200"
"202400011027";"1";"06";"2024";"14:38";"1";"75";"75109";"2";"2";"2";"2";"BOULEVARD DE LA MADELEINE";"48,86991900";"2,32802300"
"202400011028";"17";"10";"2024";"16:20";"1";"75";"75119";"2";"1";"2";"7";"RUE D AUBERVILLIERS";"48,89673300";"2,37074100"
"202400011029";"1";"06";"2024";"18:00";"1";"75";"75108";"2";"2";"8";"1";"BOULEVARD HAUSSMANN";"48,87512400";"2,31490300"
"202400011030";"17";"10";"2024";"04:50";"5";"75";"75119";"2";"3";"1";"3";"RUE SIGMUND FREUD";"48,88468800";"2,39890900"
"202400011031";"31";"05";"2024";"22:20";"5";"94";"94081";"2";"3";"9";"3";"Avenue Anatole France / Rue Pasteur";"48,80448982";"2,40515694"
"202400011032";"16";"10";"2024";"16:28";"1";"75";"75119";"2";"1";"1";"2";"BOULEVARD SERURIER";"48,87848500";"2,40320800"
"202400011033";"17";"10";"2024";"17:10";"2";"75";"75118";"2";"3";"3";"3";"AVENUE DE LA PORTE DE CLIGNANCOURT";"48,89809137";"2,34426963"
"202400011034";"1";"06";"2024";"04:20";"5";"94";"94046";"2";"2";"2";"1";"Rue de Joinville / Rue Condorcet";"48,81049000";"2,45269000"
"202400011035";"17";"10";"2024";"16:10";"1";"75";"75116";"2";"7";"2";"3";"PLACE DE LA PORTE MAILLOT";"48,87738800";"2,27915900"
"202400011036";"1";"06";"2024";"13:30";"1";"94";"94011";"2";"1";"2";"6";"Avenue Rodolphe Hottinguer";"48,76092000";"2,49320000"
"202400011037";"17";"10";"2024";"07:35";"1";"75";"75116";"2";"1";"1";"5";"AVENUE DE L HIPPODROME";"48,86093500";"2,24022500"
"202400011038";"1";"06";"2024";"15:10";"1";"94";"94075";"2";"1";"2";"3";"37 Route de la Grange";"48,73336300";"2,51579700"
"202400011039";"1";"06";"2024";"08:50";"2";"94";"94071";"2";"1";"2";"3";"Rue Royale";"48,75673100";"2,54260400"
"202400011040";"17";"10";"2024";"20:00";"5";"75";"75115";"2";"3";"2";"3";"RUE PEGOUD";"48,83456800";"2,26694900"
"202400011041";"16";"10";"2024";"12:15";"1";"75";"75115";"2";"1";"1";"3";"RUE LABROUSTE";"48,83583200";"2,30963600"
"202400011042";"1";"06";"2024";"13:10";"1";"93";"93071";"2";"2";"2";"3";"Avenue Hoche / Avenue Ernest Pivot";"48,93056200";"2,52970200"
"202400011043";"31";"05";"2024";"19:40";"1";"93";"93047";"2";"1";"1";"2";"Avenue des Rosiers";"48,89487303";"2,54829025"
"202400011044";"16";"10";"2024";"18:30";"2";"75";"75112";"2";"3";"1";"3";"BOULEVARD PONIATOWSKI";"48,82923000";"2,39021000"
"202400011045";"1";"06";"2024";"23:00";"5";"92";"92062";"2";"3";"2";"7";"GENERAL DE GAULLE (AVENUE DU)";"48,88544025";"2,22793490"
"202400011046";"17";"10";"2024";"12:21";"1";"75";"75111";"2";"4";"8";"3";"BOULEVARD VOLTAIRE";"48,85294100";"2,38850700"
"202400011047";"1";"06";"2024";"18:40";"2";"92";"92026";"2";"1";"2";"2";"DES BATISSEURS (VOIE)";"48,88776039";"2,25187942"
"202400011048";"17";"10";"2024";"09:12";"1";"75";"75110";"2";"3";"1";"6";"RUE DE DUNKERQUE";"48,87949307";"2,35718036"
"202400011049";"2";"06";"2024";"02:30";"3";"33";"33243";"1";"1";"1";"6";"N/A";"44,91433300";" -0,21666300"
"202400011050";"17";"10";"2024";"18:50";"5";"75";"75108";"2";"2";"2";"3";"AVENUE DE FRIEDLAND";"48,87417800";"2,29899100"
"202400011051";"2";"06";"2024";"06:15";"2";"39";"39208";"1";"1";"3";"6";"N/A";"46,63845800";"5,94262900"
"202400011052";"17";"10";"2024";"16:30";"1";"75";"75107";"2";"3";"3";"6";"RUE DE SEVRES";"48,84846800";"2,32056300"
"202400011053";"17";"10";"2024";"01:00";"5";"75";"75101";"2";"3";"2";"3";"BOULEVARD DE SEBASTOPOL";"48,86057100";"2,34935300"
"202400011054";"31";"05";"2024";"22:10";"5";"08";"08067";"2";"1";"1";"2";"55 route nationale";"49,62335499";"5,18304437"
"202400011055";"17";"10";"2024";"05:24";"3";"94";"94078";"2";"1";"1";"6";"Rue de Paris";"48,75365318";"2,44452788"
"202400011056";"2";"06";"2024";"16:00";"1";"71";"71214";"1";"1";"2";"7";"Chemin reliant GENOUILLY et MAIZERAY via la RD 236";"46,65280100";"4,58750600"
"202400011057";"17";"10";"2024";"20:00";"5";"94";"94073";"2";"3";"2";"3";"Av du Pdt Franklin Roosevelt";"48,76562000";"2,39656000"
"202400011058";"1";"06";"2024";"10:52";"1";"33";"33002";"1";"2";"1";"3";"N/A";"44,52230600";" -0,04652400"
"202400011059";"17";"10";"2024";"10:30";"1";"94";"94065";"2";"3";"1";"3";"Rue Auguste Perret";"48,75015200";"2,35454500"
"202400011060";"2";"06";"2024";"03:45";"3";"49";"49092";"1";"1";"1";"6";"N/A";"47,19200200";" -0,70660100"
"202400011061";"17";"10";"2024";"10:16";"1";"94";"94022";"2";"1";"2";"6";"Avenue Victor Hugo";"48,76773000";"2,41715000"
"202400011062";"1";"06";"2024";"19:30";"2";"68";"68043";"2";"3";"2";"1";"Rue de Soultz";"47,86013300";"7,26020500"
"202400011063";"17";"10";"2024";"09:25";"1";"92";"92064";"2";"1";"2";"2";"MONT VALERIEN";"48,85525357";"2,21550810"
"202400011064";"2";"06";"2024";"02:45";"3";"60";"60527";"2";"1";"2";"6";"Rue des Marronniers";"49,08633300";"2,90659200"
"202400011065";"17";"10";"2024";"16:05";"1";"92";"92051";"2";"2";"2";"6";"CHATEAU (BOULEVARD DU)";"48,88819571";"2,26462696"
"202400011066";"31";"05";"2024";"19:00";"3";"974";"97413";"2";"1";"1";"1";"Rue du Musee";" -21,20570800";"55,29638900"
"202400011067";"17";"10";"2024";"20:17";"5";"92";"92044";"2";"2";"2";"3";"VOLTAIRE(RUE)83A91 ET 64A70";"48,89136281";"2,28274494"
"202400011068";"1";"06";"2024";"14:30";"1";"62";"62289";"2";"3";"1";"3";"D138";"50,45607156";"1,76067434"
"202400011069";"17";"10";"2024";"09:00";"1";"92";"92040";"2";"1";"8";"7";"CAMILLE DESMOULINS";"48,82970620";"2,26459359"
"202400011070";"2";"06";"2024";"17:15";"1";"62";"62524";"2";"1";"1";"3";"D341";"50,66552094";"1,82888618"
"202400011071";"17";"10";"2024";"18:55";"5";"92";"92024";"2";"1";"3";"7";"JEAN JAURES (BD) DE (1 A 45)   (2 A 54)";"48,89689599";"2,30926216"
"202400011072";"17";"10";"2024";"21:40";"5";"92";"92012";"2";"1";"2";"7";"GENERAL LECLERC (AVENUE DU) 35/FIN - 60/";"48,82901432";"2,22943380"
"202400011073";"29";"05";"2024";"12:50";"1";"59";"59074";"2";"1";"8";"3";"Rue Gambetta";"50,08646600";"3,44398300"
"202400011074";"1";"06";"2024";"18:50";"1";"74";"74225";"2";"1";"1";"6";"Rue Joseph Béard";"45,87048000";"5,94384000"
"202400011075";"17";"10";"2024";"10:10";"1";"92";"92012";"2";"1";"2";"1";"JEAN BAPTISTE CLEMENT (AVENUE) 1/47 - 2/";"48,84677961";"2,23915704"
"202400011076";"30";"05";"2024";"13:35";"1";"71";"71073";"2";"1";"1";"1";"Rue du 8 Mai 1945";"46,91408000";"4,75398000"
"202400011077";"17";"10";"2024";"06:20";"5";"92";"92002";"2";"9";"8";"3";"LEON JOUHAUX (AVENUE)";"48,73474962";"2,30973020"
"202400011078";"17";"10";"2024";"21:20";"5";"37";"37271";"2";"2";"2";"1";"54 Rue de la Galandiére";"47,23139300";"0,49785600"
"202400011079";"31";"05";"2024";"08:50";"1";"71";"71543";"2";"3";"1";"3";"4 Av du Mal de Lattre de Tassigny";"46,55715000";"4,91522000"
"202400011080";"28";"05";"2024";"13:42";"1";"61";"61037";"1";"1";"2";"7";"D7";"48,42578300";"0,48767900"
"202400011081";"16";"10";"2024";"14:10";"1";"35";"35239";"2";"1";"1";"1";"Lieu Dit La Chambre";"47,91121500";" -1,38888000"
"202400011082";"17";"10";"2024";"16:30";"1";"49";"49244";"1";"1";"1";"6";"Marigne (St Florent-le-Vieil)";"47,32752300";" -0,96987300"
"202400011083";"2";"06";"2024";"04:38";"2";"55";"55348";"1";"1";"8";"7";"VOIE COMMUNALE N°4 DE MONTIERS SUR SAULX À COUVERTPUIS";"48,57219900";"5,29202000"
"202400011084";"2";"06";"2024";"03:30";"3";"12";"12208";"2";"1";"1";"7";"Chemin de Julhac";"43,95912696";"2,89654613"
"202400011085";"18";"10";"2024";"09:00";"1";"34";"34148";"2";"3";"2";"3";"65 Avenue de Cazouls";"43,36766500";"3,15567100"
"202400011086";"2";"06";"2024";"15:45";"1";"39";"39397";"2";"1";"2";"3";"4 Route des Lacs";"46,52386200";"5,62065500"
"202400011087";"14";"10";"2024";"19:14";"3";101;101276";"1";"1";"1";"1";"D155";"41,72976600";"8,80518800"
"202400011088";"17";"10";"2024";"11:05";"1";"26";"26338";"1";"1";"2";"7";"Route de la Batie Rolland";"44,59637500";"4,81983600"
"202400011089";"1";"06";"2024";"14:10";"1";"44";"44069";"1";"1";"1";"4";"Route de Herbignac";"47,35083000";" -2,42230300"
"202400011090";"16";"10";"2024";"09:20";"1";"76";"76503";"1";"1";"1";"6";"A151";"49,52682700";"1,00907600"
"202400011091";"1";"06";"2024";"06:03";"2";"44";"44130";"1";"9";"1";"5";"N/A";"47,12025600";" -1,53152000"
"202400011092";"17";"10";"2024";"19:35";"3";"31";"31163";"1";"1";"3";"5";"Montauriol";"43,58273800";"1,59243800"
"202400011093";"31";"05";"2024";"11:51";"1";"29";"29212";"2";"2";"1";"2";"rue des Myosotis";"48,37287900";" -4,58962400"
"202400011094";"18";"10";"2024";"14:51";"1";"21";"21599";"1";"1";"1";"2";"A31";"47,62158900";"5,17900800"
"202400011095";"31";"05";"2024";"18:42";"1";"29";"29061";"2";"1";"1";"3";"route de l'Echangeur";"48,42938600";" -4,46786300"
"202400011096";"12";"10";"2024";"11:45";"1";"67";"67426";"2";"3";"7";"2";"Route du Hohwald";"48,35178900";"7,28875300"
"202400011097";"17";"10";"2024";"18:25";"2";"46";"46227";"1";"1";"3";"6";"D911";"44,38521900";"1,85653900"
"202400011098";"1";"06";"2024";"19:50";"1";"02";"02141";"1";"4";"2";"3";"30 Rue du General Debeney";"49,97790100";"3,90435200"
"202400011099";"18";"10";"2024";"15:42";"1";"01";"01354";"1";"3";"1";"2";"D35";"46,24813900";"6,04148500"
"202400011100";"1";"06";"2024";"22:00";"3";"02";"02060";"2";"1";"2";"1";"11 Rue de l'Eglise";"49,83756000";"3,10350400"
"202400011101";"16";"10";"2024";"20:40";"3";"19";"19072";"1";"1";"2";"3";"N/A";"45,21049000";"1,51608100"
"202400011102";"2";"06";"2024";"17:45";"1";"03";"03108";"1";"1";"5";"6";"D998";"46,18413900";"2,94161100"
"202400011103";"17";"10";"2024";"19:20";"2";"56";"56039";"1";"1";"1";"1";"Le Marglas";"47,86149200";" -2,92747000"
"202400011104";"31";"05";"2024";"22:50";"3";"01";"01420";"2";"3";"1";"6";"D7";"46,17111600";"4,79893300"
"202400011105";"16";"10";"2024";"09:40";"1";"56";"56010";"2";"6";"2";"3";"Rue du Marechal Leclerc";"47,88208900";" -3,01753600"
"202400011106";"2";"06";"2024";"15:00";"1";"07";"07197";"1";"1";"2";"1";"D578";"45,23095500";"4,67454900"
"202400011107";"2";"06";"2024";"07:45";"1";"27";"27037";"1";"2";"1";"3";"D31";"49,08161000";"0,82959700"
"202400011108";"18";"10";"2024";"17:10";"1";"69";"69214";"2";"3";"1";"5";"Route du Pont Mondet";"45,98089400";"4,32591000"
"202400011109";"2";"06";"2024";"02:20";"3";"38";"38310";"1";"1";"1";"6";"A49";"45,24005000";"5,49627800"
"202400011110";"15";"10";"2024";"19:55";"3";"12";"12077";"1";"1";"2";"1";"D65";"43,93872100";"3,20050800"
"202400011111";"2";"06";"2024";"18:40";"1";"13";"13029";"1";"1";"1";"3";"Route départementale 70 A";"43,55985400";"5,07540500"
"202400011112";"17";"10";"2024";"19:53";"3";"34";"34332";"1";"1";"2";"6";"D612a";"43,31697200";"3,42831700"
"202400011113";"7";"10";"2024";"07:48";"2";"22";"22248";"2";"1";"1";"3";"22 Hent Don";"48,62281200";" -3,08704000"
"202400011114";"1";"06";"2024";"13:40";"1";"21";"21054";"1";"1";"2";"5";"A6";"47,03736000";"4,85709400"
"202400011115";"18";"10";"2024";"00:45";"3";"39";"39470";"1";"1";"2";"6";"N/A";"46,48944700";"6,04073100"