"Num_Acc";"jour";"mois";"an";"hrmn";"lum";"dep";"com";"agg";"int";"atm";"col";"adr";"lat";"long"
"202400011116";"2";"06";"2024";"05:45";"2";"974";"97403";"2";"1";"1";"1";"D26";" -21,25818900";"55,46447800"
"202400011117";"18";"10";"2024";"08:52";"1";"39";"39191";"1";"3";"3";"1";"rd 1083 pk 56+150  sens POLIGNY LONS LE SAUNIER";"46,83202700";"5,60646100"
"202400011118";"2";"06";"2024";"17:00";"1";"06";"06128";"1";"1";"1";"1";"Route de Vence";"43,71188200";"7,11595400"
"202400011119";"15";"10";"2024";"15:00";"1";"44";"44003";"2";"6";"2";"3";"186 Boulevard de Bad Bruckenau";"47,37347400";" -1,18373400"
"202400011120";"17";"10";"2024";"19:30";"3";"29";"29054";"1";"1";"1";"7";"N/A";"48,40808800";" -3,89918600"
"202400011121";"1";"06";"2024";"02:05";"3";"03";"03298";"1";"6";"3";"1";"N7";"46,30449700";"3,42555100"
"202400011122";"18";"10";"2024";"10:35";"1";"29";"29072";"2";"1";"1";"3";"Rue de la Liberté";"47,79715400";" -4,29054200"
"202400011123";"18";"10";"2024";"07:55";"2";"02";"02468";"1";"1";"5";"7";"Rue de la Ferme de la Tombelle";"49,72472200";"3,78438800"
"202400011124";"1";"06";"2024";"10:00";"1";"07";"07087";"1";"3";"1";"3";"Route de l'Echelette";"44,65198200";"4,26756100"
"202400011125";"18";"10";"2024";"11:00";"1";"15";"15135";"1";"1";"2";"6";"RD 120";"44,99342400";"2,15181800"
"202400011126";"1";"06";"2024";"06:25";"2";"33";"33433";"2";"1";"1";"6";"N/A";"44,91908100";" -0,43584800"
"202400011127";"18";"10";"2024";"07:15";"2";"70";"70044";"1";"1";"1";"6";"D 100, les gressoux";"47,69051900";"6,13499000"
"202400011128";"1";"06";"2024";"23:45";"5";"14";"14663";"2";"1";"1";"7";"23 Rue Saint-Sulpice";"49,28557300";" -0,68156000"
"202400011129";"17";"10";"2024";"19:04";"2";"66";"66149";"1";"1";"8";"7";"chemin de los masos";"42,61883400";"2,44561700"
"202400011130";"1";"06";"2024";"11:30";"1";"29";"29255";"1";"1";"1";"7";"Pouloupry";"48,55412620";" -4,25386694"
"202400011131";"17";"10";"2024";"18:50";"1";"50";"50523";"2";"1";"7";"4";"29 Rue de Baudienville";"49,43091600";" -1,30098900"
"202400011132";"18";"10";"2024";"08:00";"2";"50";"50453";"1";"1";"5";"6";"Rue des Rosiers";"48,84496100";" -1,19922400"
"202400011133";"1";"06";"2024";"23:35";"3";"59";"59419";"2";"1";"1";"6";"41 Route de Saint Amand";"50,52003400";"3,28724600"
"202400011134";"17";"10";"2024";"22:44";"3";"45";"45203";"1";"1";"3";"6";"D3 PR 0 + 654";"47,85213300";"1,72077700"
"202400011135";"1";"06";"2024";"03:50";"3";"91";"91103";"1";"1";"2";"2";"RN 104";"48,62437000";"2,30010000"
"202400011136";"17";"10";"2024";"10:30";"1";"40";"40224";"2";"1";"3";"6";"rue gambetta";"43,54421900";" -1,10539200"
"202400011137";"1";"06";"2024";"03:50";"3";"91";"91103";"1";"1";"2";"2";"RN 104";"48,62437000";"2,30010000"
"202400011138";"18";"10";"2024";"15:50";"1";"17";"17166";"1";"1";"1";"7";"D205";"46,11577300";" -0,87240500"
"202400011139";"1";"06";"2024";"19:20";"1";"92";"92036";"1";"1";"1";"2";"A86";"48,93513721";"2,26665421"
"202400011140";"31";"05";"2024";"19:08";"1";"92";"92063";"1";"1";"8";"6";"A86";"48,89139200";"2,17589725"
"202400011141";"17";"10";"2024";"18:00";"3";"87";"87090";"1";"2";"3";"3";"La Croix de l?Arret";"46,31811800";"1,32226500"
"202400011142";"31";"05";"2024";"17:36";"1";"92";"92019";"1";"1";"8";"3";"A86 INT";"48,77621518";"2,23316898"
"202400011143";"18";"10";"2024";"13:30";"1";"87";"87116";"1";"6";"2";"3";"RN 147";"46,13834800";"1,05621100"
"202400011144";"1";"06";"2024";"17:35";"1";"93";"93078";"1";"1";"2";"3";"A104";"48,96361976";"2,52140428"
"202400011145";"18";"10";"2024";"07:20";"3";"30";"30146";"1";"1";"8";"4";"D6110";"43,97203700";"4,10103500"
"202400011146";"1";"06";"2024";"04:50";"3";"95";"95018";"1";"1";"2";"2";"A15";"48,94970996";"2,28053232"
"202400011147";"17";"10";"2024";"11:15";"1";"987";"98734";"1";"1";"1";"3";"PK34.200";" -17,76101616";" -149,50947046"
"202400011148";"1";"06";"2024";"01:30";"3";"93";"93064";"1";"1";"2";"6";"A103";"48,88670628";"2,47783272"
"202400011149";"17";"10";"2024";"17:20";"1";"19";"19180";"1";"1";"3";"6";"N/A";"45,51284304";"2,22786231"
"202400011150";"1";"06";"2024";"00:25";"3";"95";"95582";"1";"1";"3";"6";"A15";"48,96669962";"2,25550739"
"202400011151";"17";"10";"2024";"09:29";"1";"49";"49030";"1";"1";"8";"7";"A85 PK 30.300";"47,35545500";" -0,07862100"
"202400011152";"16";"10";"2024";"13:20";"1";"78";"78043";"2";"2";"1";"1";"Grille de maintenon";"48,83873900";"2,08668400"
"202400011153";"17";"10";"2024";"17:18";"1";"971";"97103";"1";"1";"1";"3";"Burger King (Restauration rapide)";"16,25448800";" -61,55632700"
"202400011154";"18";"10";"2024";"00:23";"3";"77";"77520";"1";"1";"3";"2";"Autoroute A6 PK 066+800 vers PARIS";"48,31174300";"2,64268400"
"202400011155";"18";"10";"2024";"18:30";"2";"71";"71052";"1";"2";"1";"3";"948 Ancienne Nationale 6";"46,60325200";"4,89447100"
"202400011156";"18";"10";"2024";"14:07";"1";"88";"88131";"1";"1";"1";"1";"rue de la croisette";"48,16817000";"6,65809300"
"202400011157";"18";"10";"2024";"15:35";"1";"81";"81140";"1";"1";"2";"6";"Avenue Pierre Fabre";"43,67740100";"1,88147300"
"202400011158";"16";"10";"2024";"17:00";"1";"31";"31429";"1";"1";"8";"1";"38 Avenue du Lauragais";"43,49232000";"1,52379000"
"202400011159";"17";"10";"2024";"07:15";"3";"17";"17100";"1";"2";"8";"3";"D233e2";"45,73259900";" -0,45200600"
"202400011160";"17";"10";"2024";"17:40";"1";"50";"50041";"1";"1";"1";"1";"D64";"49,59482200";" -1,76884700"
"202400011161";"17";"10";"2024";"17:45";"1";"29";"29057";"1";"1";"1";"3";"Route de Quimper";"47,92878228";" -3,97912496"
"202400011162";"17";"10";"2024";"00:05";"4";"22";"22245";"1";"1";"2";"7";"D767";"48,65318700";" -3,33218900"
"202400011163";"17";"10";"2024";"10:15";"1";"35";"35244";"1";"2";"1";"3";"Le Poteau, intersection RD 175 / RD 18";"48,39087500";" -1,48765500"
"202400011164";"7";"10";"2024";"18:50";"2";"27";"27020";"2";"2";"2";"1";"Rue de Bérengeville";"48,99672300";"1,07491100"
"202400011165";"18";"10";"2024";"15:33";"1";"76";"76057";"2";"2";"1";"6";"Rue du Général Giraud";"49,54532000";"0,95267800"
"202400011166";"17";"10";"2024";"09:05";"1";"59";"59117";"2";"1";"1";"1";"Route Nationale";"50,28531200";"3,15481400"
"202400011167";"17";"10";"2024";"18:00";"1";"13";"13071";"1";"1";"2";"2";"A7-Sens Lyon vers Marseille";"43,41269032";"5,28163860"
"202400011168";"15";"10";"2024";"13:15";"1";"59";"59350";"1";"1";"1";"2";"AUTOROUTE A25";"50,61629200";"3,06654700"
"202400011169";"17";"10";"2024";"00:51";"3";"92";"92048";"1";"1";"2";"3";"N118";"48,81130205";"2,21297347"
"202400011170";"16";"10";"2024";"20:13";"4";"92";"92036";"1";"1";"1";"2";"A86";"48,93540166";"2,26544968"
"202400011171";"16";"10";"2024";"08:10";"1";"92";"92062";"1";"1";"1";"2";"A14";"48,89288335";"2,23389620"
"202400011172";"16";"10";"2024";"11:50";"1";"95";"95582";"1";"1";"1";"2";"A15";"48,96335560";"2,26447223"
"202400011173";"16";"10";"2024";"10:00";"1";"95";"95018";"1";"1";"1";"2";"A15";"48,96078636";"2,26969648"
"202400011174";"15";"10";"2024";"19:45";"3";"95";"95018";"1";"1";"2";"6";"A15";"48,95528809";"2,27796417"
"202400011175";"17";"10";"2024";"08:10";"2";"94";"94052";"1";"1";"2";"3";"A86";"48,83826565";"2,49372861"
"202400011176";"16";"10";"2024";"21:50";"3";"77";"77468";"1";"1";"3";"4";"A4.Y";"48,83251521";"2,65929855"
"202400011177";"16";"10";"2024";"18:49";"1";"94";"94074";"1";"1";"1";"2";"N406";"48,76842391";"2,45091344"
"202400011178";"16";"10";"2024";"08:50";"1";"94";"94004";"1";"1";"1";"5";"N19";"48,75424597";"2,50970006"
"202400011179";"17";"10";"2024";"11:40";"1";"93";"93073";"2";"2";"1";"3";"RAPERIE (RUE DE LA)";"48,97667000";"2,55848000"
"202400011180";"17";"10";"2024";"14:45";"1";"93";"93053";"2";"7";"2";"3";"PARIS (RUE DE)";"48,90159019";"2,45920944"
"202400011181";"17";"10";"2024";"17:45";"1";"93";"93051";"2";"1";"8";"3";"MEDERIC (AVENUE)";"48,82943000";"2,56527000"
"202400011182";"17";"10";"2024";"13:25";"1";"93";"93048";"2";"2";"8";"3";"JEANNE D'ARC (BOULEVARD)";"48,85284000";"2,44478000"
"202400011183";"17";"10";"2024";"01:40";"5";"93";"93006";"2";"4";"3";"3";"CARNOT RUE SADI";"48,87242252";"2,42152738"
"202400011184";"17";"10";"2024";"16:45";"1";"93";"93047";"2";"1";"3";"6";"VICTOR HUGO  (AVENUE)";"48,90159959";"2,56144524"
"202400011185";"10";"08";"2024";"13:00";"1";"38";"38289";"1";"1";"1";"6";"D44c";"45,12627500";"6,04312400"
"202400011186";"30";"07";"2024";"18:20";"1";"38";"38179";"2";"1";"1";"2";"COMBE (AVENUE DE LA )";"45,17338000";"5,78986000"
"202400011187";"16";"07";"2024";"06:20";"2";"38";"38151";"2";"1";"1";"3";"AVENUE VICTOR HUGO";"45,15318000";"5,71132000"
"202400011188";"10";"07";"2024";"19:25";"1";"38";"38185";"1";"1";"1";"6";"RUE ALFRED DE MUSSET";"45,16460000";"5,72487000"
"202400011189";"5";"07";"2024";"17:00";"1";"38";"38185";"2";"7";"1";"7";"RUE FÉLIX POULAT";"45,19029174";"5,72661817"
"202400011190";"30";"06";"2024";"13:54";"1";"38";"38185";"2";"2";"1";"3";"BOULEVARD AGUTTE SEMBAT";"45,18720000";"5,72759000"
"202400011191";"26";"06";"2024";"07:40";"1";"38";"38421";"2";"9";"1";"6";"AVENUE JEAN JAURÈS";"45,17848000";"5,77434000"
"202400011192";"7";"08";"2024";"19:45";"1";"74";"74286";"2";"1";"1";"7";"2335 Porte de la vallée d'abondance";"46,31645100";"6,67521400"
"202400011193";"18";"07";"2024";"10:30";"1";"74";"74276";"1";"1";"1";"5";"Route du praz de lys";"46,14353700";"6,61499300"
"202400011194";"20";"07";"2024";"19:15";"1";"74";"74249";"1";"1";"1";"3";"Route du gavot";"46,36570600";"6,61838300"
"202400011195";"6";"08";"2024";"11:45";"1";"74";"74280";"1";"3";"1";"3";"Route des aravis";"45,89926000";"6,34899300"
"202400011196";"30";"07";"2024";"09:40";"1";"74";"74311";"2";"2";"1";"1";"23 Route de cornillon";"46,15130900";"6,41170000"
"202400011197";"29";"07";"2024";"16:15";"1";"74";"74196";"1";"1";"1";"7";"119";"46,01645200";"6,56110400"
"202400011198";"28";"07";"2024";"09:25";"1";"74";"74257";"1";"3";"1";"3";"Route de Frangy";"46,00936700";"5,97899400"
"202400011199";"3";"08";"2024";"22:30";"3";"74";"74236";"1";"1";"1";"7";"1482 Route des contamines";"45,86322600";"6,72706400"
"202400011200";"3";"08";"2024";"16:52";"1";"74";"74026";"1";"1";"1";"1";"Route de choisy";"45,97995800";"6,05055400"
"202400011201";"6";"08";"2024";"16:40";"1";"74";"74002";"1";"2";"1";"1";"Route d'annecy";"45,82046300";"6,03381200"
"202400011202";"6";"08";"2024";"11:10";"1";"74";"74127";"1";"1";"1";"1";"Route des grandes alpes";"46,35228900";"6,53033100"
"202400011203";"4";"08";"2024";"07:19";"2";"74";"74123";"1";"1";"1";"6";"831 Route des grottes";"45,73057300";"6,30186100"
"202400011204";"1";"08";"2024";"22:30";"5";"74";"74275";"2";"1";"1";"3";"14 Route de l'égalité";"45,84271000";"6,21346700"
"202400011205";"2";"08";"2024";"16:40";"1";"74";"74173";"2";"1";"1";"6";"N/A";"45,84366684";"6,59055519"
"202400011206";"22";"07";"2024";"17:40";"1";"74";"74256";"2";"1";"1";"7";"278 Avenue de geneve";"45,93904100";"6,63034800"
"202400011207";"8";"06";"2024";"12:20";"1";"74";"74308";"2";"1";"1";"3";"Route de Vers les Granges";"46,35637700";"6,60822300"
"202400011208";"2";"06";"2024";"21:30";"2";"74";"74073";"1";"1";"2";"6";"D32";"46,34765300";"6,63288800"
"202400011209";"20";"06";"2024";"18:42";"1";"84";"84031";"1";"1";"1";"2";"MIRABEAU AVENUE";"44,06908000";"5,04286000"
"202400011210";"7";"10";"2024";"20:50";"5";"44";"44162";"2";"1";"1";"7";"155 Boulevard Salvador Allende";"47,21998346";" -1,62557686"
"202400011211";"16";"10";"2024";"06:25";"2";"974";"97416";"2";"2";"1";"3";"FOUR A CHAUX(RUE DU)";" -21,34168600";"55,47243500"
"202400011212";"16";"10";"2024";"15:45";"1";"974";"97411";"2";"1";"1";"6";"TORTUE (RUELLE)";" -20,88013000";"55,44624000"
"202400011213";"16";"10";"2024";"08:45";"1";"974";"97411";"2";"1";"1";"6";"JAURES (BLD 1 JEAN)";" -20,89060000";"55,46565000"
"202400011214";"16";"10";"2024";"07:20";"1";"974";"97411";"2";"1";"1";"6";"BOIS DE NEFLES (ROUTE DE)";" -20,91264000";"55,47457000"
"202400011215";"16";"10";"2024";"12:38";"1";"973";"97302";"2";"1";"1";"6";"MONTABO (ROUTE DE) 2";"4,94468000";" -52,31436000"
"202400011216";"16";"10";"2024";"09:50";"1";"973";"97302";"2";"1";"1";"5";"BADUEL (ROUTE DE)";"4,93167141";" -52,30722213"
"202400011217";"16";"10";"2024";"09:52";"1";"973";"97302";"1";"1";"1";"2";"ROUTE NATIONALE 1";"4,90533000";" -52,32331000"
"202400011218";"17";"03";"2024";"20:45";"3";"38";"38218";"1";"1";"1";"7";"Route du Pilat";"45,33644200";"5,15477700"
"202400011219";"18";"03";"2024";"10:15";"1";"72";"72054";"1";"1";"2";"1";"Route de Saint-calais";"48,00714174";"0,34229803"
"202400011220";"17";"03";"2024";"21:40";"5";"06";"06059";"1";"1";"1";"5";"M6098";"43,71465100";"7,34871100"
"202400011221";"17";"03";"2024";"18:15";"1";"14";"14123";"2";"1";"1";"7";"2 Rue des Lys";"49,23325700";" -0,44211400"
"202400011222";"18";"03";"2024";"13:30";"1";"50";"50087";"1";"1";"1";"1";"Route du Mont Fanu";"49,56038600";" -1,61112800"
"202400011223";"27";"02";"2024";"17:30";"2";"45";"45103";"1";"1";"1";"7";"D31 PR 14 + 594";"48,09697100";"2,58498400"
"202400011224";"18";"03";"2024";"12:30";"1";"07";"07078";"2";"6";"8";"2";"D121";"45,25448300";"4,68786800"
"202400011225";"15";"03";"2024";"10:40";"1";"40";"40110";"2";"1";"1";"6";"place de l'hotel de ville";"43,63993724";" -0,37827403"
"202400011226";"18";"03";"2024";"19:27";"2";"27";"27658";"1";"1";"1";"3";"D840";"49,11324000";"0,91304500"
"202400011227";"15";"03";"2024";"14:10";"1";"17";"17043";"1";"2";"1";"3";"D119e1";"46,06130000";" -0,59488700"
"202400011228";"18";"03";"2024";"08:15";"1";"23";"23008";"2";"1";"1";"6";"Avenue de la République";"45,95461100";"2,16689800"
"202400011229";"17";"03";"2024";"17:10";"1";"87";"87089";"1";"1";"2";"7";"D942";"46,21461500";"1,12000500"
"202400011230";"18";"03";"2024";"07:45";"1";"37";"37234";"1";"1";"1";"1";"D31";"47,19256029";"1,02492481"
"202400011231";"15";"03";"2024";"20:30";"5";"30";"30133";"2";"6";"1";"7";"Avenue Jean Lasserre";"43,52221600";"4,13810700"
"202400011232";"18";"03";"2024";"01:15";"3";"973";"97307";"1";"1";"1";"1";"larivot";"4,90557100";" -52,36650500"
"202400011233";"18";"03";"2024";"11:15";"1";"31";"31187";"2";"1";"1";"6";"Route de Tarbes";"43,53717200";"1,23132700"
"202400011234";"17";"03";"2024";"17:55";"1";"30";"30347";"1";"1";"1";"1";"D56";"43,72715600";"4,25912300"
"202400011235";"17";"03";"2024";"21:20";"5";"978";"97801";"2";"3";"1";"1";"route nationale 7";"18,08768300";" -63,06608900"
"202400011236";"15";"03";"2024";"22:55";"3";"69";"69244";"2";"1";"1";"3";"Boulevard du Valvert";"45,76483400";"4,77252700"
"202400011237";"18";"03";"2024";"07:20";"2";"06";"06018";"2";"3";"1";"3";"Route de Valbonne";"43,63011300";"7,09335700"
"202400011238";"16";"03";"2024";"19:30";"5";"987";"98715";"2";"2";"1";"3";"Quartier Bel Air";" -17,57348559";" -149,61548030"
"202400011239";"18";"03";"2024";"10:55";"1";"38";"38466";"1";"3";"2";"2";"D1090";"45,37505200";"5,96294200"
"202400011240";"17";"03";"2024";"05:50";"2";"13";"13032";"1";"1";"1";"7";"D17";"43,56189100";"5,38152000"
"202400011241";"12";"03";"2024";"08:00";"2";"62";"62323";"1";"1";"1";"6";" A1";"50,29487792";"2,88465076"
"202400011242";"17";"03";"2024";"14:50";"1";"987";"98714";"1";"1";"1";"3";"Anau";" -16,51098000";" -151,72236600"
"202400011243";"17";"03";"2024";"01:00";"4";"987";"98754";"1";"1";"1";"1";"PK 40 fetuna";" -16,83594963";" -151,42303705"
"202400011244";"15";"03";"2024";"18:30";"2";"971";"97117";"2";"1";"1";"3";"departementale 114";"16,32428900";" -61,35406100"
"202400011245";"13";"03";"2024";"15:25";"1";"13";"13087";"1";"1";"1";"3";"D7N";"43,48952900";"5,64172600"
"202400011246";"17";"03";"2024";"21:00";"5";"37";"37281";"2";"1";"8";"1";"les tuileries";"47,40528716";"0,80128446"
"202400011247";"17";"03";"2024";"19:53";"5";"71";"71342";"2";"1";"2";"6";"Rue de Bourgogne";"46,46174100";"4,10528200"
"202400011248";"18";"03";"2024";"13:40";"1";"73";"73179";"2";"3";"1";"1";"Rue de leya";"45,59920993";"5,87743789"
"202400011249";"18";"03";"2024";"11:37";"1";"38";"38012";"1";"1";"1";"6";"Route des Moulins";"45,58515900";"5,59620400"
"202400011250";"18";"03";"2024";"17:00";"1";"26";"26377";"1";"1";"1";"7";"D94";"44,30940100";"5,03929100"
"202400011251";"17";"03";"2024";"20:00";"3";"60";"60282";"1";"1";"1";"2";"D44";"49,20902600";"2,45098100"
"202400011252";"17";"03";"2024";"14:35";"1";"13";"13005";"1";"1";"1";"2";"A50 - Sens Aubagne vers Marseille";"43,25649000";"5,52635000"
"202400011253";"17";"03";"2024";"20:23";"3";"42";"42330";"1";"1";"1";"2";"A72";"45,47275000";"4,36298000"
"202400011254";"17";"03";"2024";"14:40";"1";"91";"91136";"1";"1";"1";"6";"AUTOROUTE A10";"48,71080000";"2,28851000"
"202400011255";"17";"03";"2024";"08:05";"1";"91";"91179";"1";"1";"2";"2";"AUTOROUTE A6";"48,56372792";"2,47804387"
"202400011256";"17";"03";"2024";"19:00";"3";"95";"95682";"1";"1";"1";"6";"N104";"49,06773722";"2,38036219"
"202400011257";"17";"03";"2024";"16:50";"1";"93";"93064";"1";"1";"8";"2";"A86";"48,87077944";"2,48219132"
"202400011258";"17";"03";"2024";"13:40";"1";"95";"95582";"1";"1";"2";"6";"A15";"48,97507308";"2,24260437"
"202400011259";"17";"03";"2024";"02:52";"3";"93";"93053";"1";"1";"1";"6";"A86";"48,90248612";"2,46764973"
"202400011260";"16";"03";"2024";"22:20";"3";"93";"93007";"1";"1";"1";"5";"A1";"48,95037545";"2,44884564"
"202400011261";"16";"03";"2024";"16:30";"1";"95";"95018";"1";"1";"1";"2";"A15";"48,96242661";"2,26643738"
"202400011262";"17";"03";"2024";"17:50";"2";"77";"77122";"1";"1";"1";"6";"RN104";"48,65879000";"2,61264000"
"202400011263";"17";"03";"2024";"02:15";"3";"94";"94018";"1";"1";"1";"6";"A4";"48,81803121";"2,41100013"
"202400011264";"16";"03";"2024";"19:10";"3";"92";"92025";"2";"1";"1";"3";"G.PERI 2 A 192   1 A 247 (RUE)";"48,91882598";"2,24044766"
"202400011265";"15";"03";"2024";"20:30";"5";"44";"44109";"2";"2";"1";"1";"138 Route de Vertou";"47,18633987";" -1,52761213"
"202400011266";"16";"03";"2024";"13:30";"1";"974";"97416";"1";"1";"1";"3";"PAVE(RUE)";" -21,34330000";"55,48000000"
"202400011267";"16";"03";"2024";"10:20";"1";"974";"97411";"1";"1";"1";"2";"RAMBAUD (LEOPOLD)";" -20,88565000";"55,47202000"
"202400011268";"4";"07";"2024";"16:20";"1";"44";"44109";"2";"3";"1";"3";"11 Boulevard Général de Gaulle";"47,20703000";" -1,53945000"
"202400011269";"16";"03";"2024";"12:10";"1";"974";"97411";"2";"3";"1";"6";"PARIS (RUE DE)";" -20,88398000";"55,45049000"
"202400011270";"16";"03";"2024";"16:25";"1";"69";"69385";"2";"1";"1";"1";"Rue de Bélissen";"45,75028000";"4,77297000"
"202400011271";"4";"07";"2024";"00:15";"5";"43";"43002";"2";"6";"1";"1";"Avenue de Bonneville";"45,04961672";"3,88756701"
"202400011272";"3";"07";"2024";"22:40";"3";"41";"41269";"2";"1";"1";"6";"QUATRE HUYES (RUE DES)";"47,79681000";"1,05529000"
"202400011273";"16";"03";"2024";"20:58";"5";100;100120";"2";"1";"1";"2";"11 - RT";"9,44085000";"42,65160000"
"202400011274";"4";"07";"2024";"12:00";"1";"38";"38053";"2";"1";"1";"6";"BERLIOZ (HECTOR)";"45,58675000";"5,27514000"
"202400011275";"4";"07";"2024";"06:45";"1";"37";"37233";"2";"6";"1";"7";"MOULIN (PONT JEAN)";"47,38232221";"0,73052073"
"202400011276";"16";"03";"2024";"13:39";"1";100;100120";"1";"1";"1";"2";"11 - RT";"42,65176000";"9,44097000"
"202400011277";"4";"07";"2024";"10:40";"1";"36";"36044";"2";"1";"1";"2";"Boulevard de Cluis";"46,80824000";"1,70375000"
"202400011278";"16";"03";"2024";"19:00";"2";"95";"95428";"2";"1";"1";"1";"RACINE (RUE)";"49,00757800";"2,31767500"
"202400011279";"4";"07";"2024";"14:45";"1";"34";"34129";"2";"1";"1";"6";"RAYMOND DUGRAND (AVENUE)";"43,59125700";"3,90820600"
"202400011280";"16";"03";"2024";"15:00";"1";"91";"91477";"2";"3";"1";"1";"SACLAY (ROUTE DE)";"48,71879000";"2,22534000"
"202400011281";"16";"03";"2024";"00:44";"3";"91";"91027";"2";"1";"2";"1";"DENFERT ROCHEREAU (RUE)";"48,71456000";"2,40544000"
"202400011282";"30";"06";"2024";"21:00";"2";"34";"34172";"2";"3";"1";"4";"MOULINS (AVENUE DES";"43,63679000";"3,84483000"
"202400011283";"16";"03";"2024";"21:48";"5";"91";"91589";"2";"4";"1";"1";"BD ARISTIDE BRIAND";"48,68676000";"2,35290000"
"202400011284";"15";"03";"2024";"08:40";"1";"83";"83069";"2";"1";"1";"6";"LOUBES (ROUTE DES)";"43,11620000";"6,09130000"
"202400011285";"4";"07";"2024";"16:20";"1";"34";"34003";"2";"1";"1";"2";"GRACE DE MONACO (RUE)";"43,30885000";"3,47690000"
"202400011286";"16";"03";"2024";"13:55";"1";"78";"78418";"2";"6";"1";"3";"PABLO PICASSO (RUE)";"48,91199000";"2,14640000"
"202400011287";"4";"07";"2024";"13:45";"1";"33";"33063";"2";"1";"1";"3";"N/A";"44,84235000";" -0,57967000"
"202400011288";"16";"03";"2024";"19:30";"5";"77";"77373";"2";"1";"1";"3";"RUE DES PRES SAINT MARTIN";"48,79402300";"2,61135700"
"202400011289";"3";"07";"2024";"19:45";"1";"33";"33281";"2";"6";"1";"6";"N/A";"44,81388000";" -0,71342000"
"202400011290";"3";"07";"2024";"20:15";"1";"33";"33200";"2";"1";"1";"7";"N/A";"44,88100000";" -0,67200000"
"202400011291";"14";"03";"2024";"13:17";"1";"77";"77288";"2";"1";"1";"6";"SAINT LIESNE (RUE)";"48,53959900";"2,66432500"
"202400011292";"4";"07";"2024";"08:20";"1";"31";"31555";"2";"1";"1";"3";"AV DES ETATS UNIS";"43,64787000";"1,42205000"
"202400011293";"16";"03";"2024";"19:51";"5";"77";"77449";"2";"1";"1";"6";"CRS DU DANUBE";"48,85400000";"2,77643000"
"202400011294";"29";"06";"2024";"12:00";"1";"29";"29232";"2";"1";"1";"2";"Avenue de la Liberation";"47,99278400";" -4,08422700"
"202400011295";"15";"03";"2024";"18:05";"1";"77";"77449";"2";"1";"1";"1";"RTE DE PROVINS";"48,84385000";"2,77754000"
"202400011296";"3";"07";"2024";"15:25";"1";"29";"29254";"2";"1";"1";"6";"Allée Saint François";"48,59577021";" -3,84153207"
"202400011297";"16";"03";"2024";"23:58";"5";"77";"77186";"2";"1";"1";"2";"D607";"48,34988900";"2,69600000"
"202400011298";"4";"07";"2024";"07:35";"1";"28";"28134";"1";"1";"1";"2";"RN 12 (LES CHATELETS)";"48,74646000";"1,38678000"
"202400011299";"15";"03";"2024";"19:40";"5";"69";"69256";"2";"2";"2";"3";"Rue Emile Zola";"45,77780000";"4,91842000"
"202400011300";"4";"07";"2024";"08:20";"1";"26";"26362";"2";"9";"1";"3";"Avenue de Provence";"44,91405000";"4,87797000"
"202400011301";"16";"03";"2024";"14:00";"1";"65";"65440";"2";"3";"1";"3";"Rue du Portail d’Avant";"43,23330316";"0,08218414"
"202400011302";"16";"03";"2024";"14:30";"1";"64";"64284";"2";"1";"1";"6";"ROMAIN TRESARIEU";"43,28776000";" -0,38611000"
"202400011303";"4";"07";"2024";"17:15";"1";"25";"25462";"2";"1";"1";"2";"BESANCON (DU 72TER A LA FIN)";"46,91705000";"6,34415000"
"202400011304";"16";"03";"2024";"11:20";"1";"64";"64102";"2";"1";"1";"2";"PONTOTS (GIRATOIRE LES)";"43,48819000";" -1,49156000"
"202400011305";"4";"07";"2024";"10:25";"1";"22";"22113";"2";"1";"1";"7";"GUINGAMP (ROUTE DE)";"48,72506000";" -3,43923000"
"202400011306";"16";"03";"2024";"19:59";"3";"63";"63063";"1";"2";"1";"3";"rue des Mauvaises M2-Bd Jean Moulin";"45,83375000";"3,08674000"
"202400011307";"3";"07";"2024";"18:20";"1";"19";"19031";"2";"5";"1";"3";"LOMBARD (AVENUE JACQUES)";"45,16620000";"1,52050000"
"202400011308";"16";"03";"2024";"10:55";"1";"59";"59598";"2";"1";"1";"1";"Rue des Déportés";"50,66059400";"3,23563800"
"202400011309";"4";"07";"2024";"16:45";"1";"17";"17306";"2";"1";"1";"2";"ROCHEFORT (DE)  (AVENUE)";"45,64879000";" -1,02430000"
"202400011310";"5";"05";"2024";"17:53";"1";"14";"14327";"1";"1";"3";"7";"Route de Colombelles";"49,20745300";" -0,31675000"
"202400011311";"16";"03";"2024";"11:30";"1";"54";"54528";"2";"1";"1";"1";"Boulevard Aristide Briand";"48,67733200";"5,89718400"
"202400011312";"16";"03";"2024";"10:30";"1";"54";"54547";"2";"3";"1";"6";"Avenue Jeanne d'Arc";"48,66064000";"6,18610000"
"202400011313";"16";"03";"2024";"13:05";"1";"49";"49007";"2";"1";"1";"6";"ROI RENE BOULEVARD";"47,46852000";" -0,55846000"