"Num_Acc";"jour";"mois";"an";"hrmn";"lum";"dep";"com";"agg";"int";"atm";"col";"adr";"lat";"long"
"202400011314";"3";"07";"2024";"15:38";"1";"13";"13212";"2";"3";"1";"3";"BOISERAIE (RUE)";"43,29571000";"5,42277000"
"202400011315";"15";"03";"2024";"17:35";"1";"45";"45232";"2";"3";"1";"1";"D14 PR 5 + 275";"47,85795000";"1,90517000"
"202400011316";"16";"03";"2024";"10:40";"1";"44";"44114";"2";"1";"1";"6";"23 Avenue de la Paquelais";"47,24650467";" -1,60086214"
"202400011317";"4";"07";"2024";"07:45";"1";"13";"13028";"2";"3";"1";"3";"TRAMONTANE (AVENUE DE LA )";"43,20480000";"5,60353000"
"202400011318";"16";"03";"2024";"21:23";"5";"38";"38053";"2";"1";"1";"7";"ITALIE (AVE)";"45,58456000";"5,27863000"
"202400011319";"3";"07";"2024";"15:35";"1";"10";"10333";"2";"6";"1";"3";"CHARLES BALTET (RUE)";"48,28210000";"4,05964000"
"202400011320";"15";"03";"2024";"21:57";"5";"38";"38053";"2";"1";"1";"2";"GENEVIEVE DE GAULLE (RUE)";"45,59696000";"5,23316000"
"202400011321";"4";"07";"2024";"16:45";"1";"06";"06088";"2";"1";"1";"6";"147 Boulevard de l'Ariane";"43,73684000";"7,30624000"
"202400011322";"16";"03";"2024";"21:27";"5";"35";"35238";"2";"2";"1";"2";"DE LATTRE DE TASSIGNY (BD MARECHAL)";"48,11253000";" -1,68733000"
"202400011323";"4";"07";"2024";"17:35";"1";"06";"06069";"1";"1";"1";"3";"251 Route de Pégomas";"43,62538800";"6,92741400"
"202400011324";"16";"03";"2024";"21:50";"5";"33";"33063";"2";"9";"1";"3";"N/A";"44,83502000";" -0,57206000"
"202400011325";"4";"07";"2024";"08:00";"1";"06";"06027";"2";"3";"1";"5";"147 Avenue de Nice";"43,66025000";"7,17413000"
"202400011326";"16";"03";"2024";"11:09";"1";"27";"27229";"2";"3";"1";"6";"RABAIS (RUE DU)";"49,03466000";"1,15543000"
"202400011327";"4";"07";"2024";"08:50";"1";"75";"75117";"2";"1";"1";"2";"PORTE DE SAINT OUEN";"48,90050100";"2,32488900"
"202400011328";"15";"03";"2024";"15:45";"1";"25";"25462";"1";"1";"1";"3";"VOIE COMMUNALE DE L'AVIATION";"46,89981000";"6,32258000"
"202400011329";"4";"07";"2024";"09:20";"1";"75";"75112";"2";"1";"1";"3";"ECHANGEUR BERCY";"48,83027600";"2,40203700"
"202400011330";"16";"03";"2024";"10:15";"1";"22";"22278";"2";"3";"1";"1";"ETABLETTE (DE L')";"48,49985000";" -2,74427000"
"202400011331";"3";"07";"2024";"09:55";"1";"75";"75115";"2";"1";"1";"2";"PORTE DE SEVRES";"48,83058000";"2,28528500"
"202400011332";"16";"03";"2024";"22:10";"5";"13";"13203";"2";"3";"1";"3";"LOUBON (RUE)";"43,31282000";"5,38454000"
"202400011333";"3";"07";"2024";"08:00";"1";"75";"75116";"2";"1";"1";"3";"PORTE DAUPHINE";"48,87199300";"2,27402000"
"202400011334";"16";"03";"2024";"04:45";"5";"13";"13211";"2";"1";"1";"1";"VALBARELLE (BOULEVARD DE LA )";"43,28685517";"5,44545891"
"202400011335";"16";"03";"2024";"16:30";"1";"13";"13047";"2";"1";"1";"7";"RAYMOND FILIPPI AVENUE";"43,49072000";"4,98569000"
"202400011336";"4";"07";"2024";"09:20";"1";"75";"75120";"2";"2";"1";"6";"RUE PELLEPORT";"48,87078200";"2,39922400"
"202400011337";"16";"03";"2024";"21:20";"5";"13";"13001";"2";"1";"1";"3";"MOURET HENRI (AV)";"43,52096000";"5,43563000"
"202400011338";"4";"07";"2024";"16:30";"1";"75";"75117";"2";"3";"1";"3";"BOULEVARD D AURELLE DE PALADINES";"48,88356400";"2,28192400"
"202400011339";"16";"03";"2024";"12:00";"1";"13";"13001";"2";"9";"1";"3";"EUROPE (AV )";"43,52409898";"5,43298745"
"202400011340";"16";"03";"2024";"10:33";"1";"10";"10333";"1";"6";"8";"6";"D610";"48,26858000";"4,05250000"
"202400011341";"4";"07";"2024";"13:00";"1";"75";"75116";"2";"7";"1";"3";"PLACE D IENA";"48,86458200";"2,29370400"
"202400011342";"16";"03";"2024";"04:06";"5";"06";"06088";"2";"1";"1";"6";"Promenade des Anglais";"43,68709000";"7,23837000"
"202400011343";"4";"07";"2024";"09:00";"1";"75";"75116";"2";"2";"1";"6";"RUE SPONTINI";"48,86762000";"2,27702000"
"202400011344";"16";"03";"2024";"12:25";"1";"75";"75118";"2";"3";"1";"6";"AVENUE DE LA PORTE DE MONTMARTRE";"48,90050900";"2,33531000"
"202400011345";"3";"07";"2024";"23:55";"5";"75";"75115";"2";"2";"1";"3";"RUE PLUMET";"48,83921900";"2,30828600"
"202400011346";"15";"03";"2024";"23:10";"5";"75";"75118";"2";"2";"2";"3";"RUE DU MONT CENIS";"48,89122500";"2,34363600"
"202400011347";"4";"07";"2024";"13:30";"1";"75";"75114";"2";"1";"1";"2";"RUE BOYER BARRET";"48,83303600";"2,31755600"
"202400011348";"16";"03";"2024";"18:45";"1";"75";"75117";"2";"3";"1";"6";"BOULEVARD GOUVION SAINT CYR";"48,87818600";"2,28413900"
"202400011349";"3";"07";"2024";"20:35";"1";"75";"75114";"2";"1";"1";"6";"BOULEVARD ARAGO";"48,83451100";"2,33487700"
"202400011350";"16";"03";"2024";"11:15";"1";"75";"75117";"2";"6";"1";"2";"PLACE DE VERDUN";"48,87904900";"2,28048100"
"202400011351";"4";"07";"2024";"16:40";"1";"75";"75113";"2";"1";"1";"6";"AVENUE D ITALIE";"48,83034100";"2,35598500"
"202400011352";"4";"07";"2024";"08:05";"1";"75";"75112";"2";"3";"1";"2";"RUE DE CHARENTON";"48,84205000";"2,38645000"
"202400011353";"16";"03";"2024";"03:50";"5";"75";"75116";"2";"2";"2";"3";"BOULEVARD SUCHET";"48,85736400";"2,26472000"
"202400011354";"4";"07";"2024";"19:00";"1";"75";"75110";"2";"1";"1";"6";"BOULEVARD DE MAGENTA";"48,88278700";"2,35026300"
"202400011355";"16";"03";"2024";"01:30";"5";"75";"75116";"2";"2";"1";"3";"RUE GALILEE";"48,86784200";"2,29187900"
"202400011356";"4";"07";"2024";"09:25";"1";"75";"75110";"2";"3";"1";"6";"RUE DU FAUBOURG SAINT MARTIN";"48,87783900";"2,36159400"
"202400011357";"15";"03";"2024";"09:45";"1";"75";"75114";"2";"3";"1";"7";"RUE JULIA BARTET";"48,82546700";"2,30231500"
"202400011358";"4";"07";"2024";"16:15";"1";"75";"75108";"2";"7";"1";"3";"PLACE DE L ALMA";"48,86473123";"2,30134338"
"202400011359";"16";"03";"2024";"02:30";"5";"75";"75112";"2";"3";"1";"2";"RUE DE CHARENTON";"48,84646300";"2,37884700"
"202400011360";"15";"03";"2024";"23:30";"5";"75";"75109";"2";"1";"1";"7";"RUE NOTRE DAME DE LORETTE";"48,87961100";"2,33609200"
"202400011361";"16";"03";"2024";"15:41";"1";"75";"75108";"2";"3";"1";"6";"AVENUE WINSTON CHURCHILL";"48,86609800";"2,31382500"
"202400011362";"3";"07";"2024";"22:20";"5";"75";"75107";"2";"1";"1";"3";"PONT D IENA";"48,85975755";"2,29228556"
"202400011363";"16";"03";"2024";"18:00";"1";"75";"75107";"2";"1";"1";"1";"QUAI BRANLY";"48,86218500";"2,30052200"
"202400011364";"4";"07";"2024";"09:10";"1";"75";"75104";"2";"3";"1";"6";"RUE SAINT ANTOINE";"48,85429200";"2,36371200"
"202400011365";"16";"03";"2024";"14:30";"1";"75";"75102";"2";"3";"1";"7";"RUE DE LA BANQUE";"48,86605000";"2,33991500"
"202400011366";"4";"07";"2024";"08:03";"1";"94";"94081";"2";"3";"1";"3";"Route de Fontainebleau";"48,77405628";"2,36785343"
"202400011367";"16";"03";"2024";"19:00";"2";"94";"94016";"2";"1";"1";"3";"Avenue Pasteur";"48,78722000";"2,32145000"
"202400011368";"4";"07";"2024";"12:20";"1";"94";"94078";"2";"1";"1";"2";"Rue de Paris";"48,73182000";"2,44680000"
"202400011369";"16";"03";"2024";"17:20";"1";"94";"94022";"2";"9";"1";"3";"Avenue de Lugo / Quai Jules Guesde";"48,77347000";"2,40947000"
"202400011370";"15";"03";"2024";"22:15";"5";"94";"94004";"2";"3";"2";"6";"Rue de Brévannes / Rue Louise Chenu";"48,74903215";"2,50732242"
"202400011371";"4";"07";"2024";"06:38";"1";"94";"94068";"2";"9";"1";"3";"Avenue du Bac";"48,79571000";"2,50863000"
"202400011372";"16";"03";"2024";"09:45";"1";"95";"95527";"2";"4";"1";"3";"NOYER AU CHAT (ROUTE DU)";"49,00463577";"2,54807711"
"202400011373";"4";"07";"2024";"08:50";"1";"94";"94018";"2";"1";"1";"1";"Avenue de la Liberte";"48,82606000";"2,40705000"
"202400011374";"16";"03";"2024";"06:00";"3";"77";"77291";"1";"1";"2";"2";"CHAPIT RE ( RUE DU)";"49,00492950";"2,58935165"
"202400011375";"3";"07";"2024";"11:25";"1";"93";"93078";"2";"2";"8";"3";"Avenue Georges Clémenceau / Avenue Charles de Gaulle";"48,95812000";"2,55830000"
"202400011376";"16";"03";"2024";"12:19";"1";"93";"93014";"2";"9";"1";"3";"Allée Maurice Audin / Chemin des Postes";"48,90821000";"2,53426000"
"202400011377";"3";"07";"2024";"20:25";"1";"93";"93072";"2";"3";"1";"6";"Avenue de Stalingrad / Rue Pasteur";"48,95880000";"2,39783000"
"202400011378";"16";"03";"2024";"11:15";"1";"92";"92026";"2";"3";"1";"2";"MARECHAL JOFFRE (QUAI DU)";"48,89980784";"2,27265644"
"202400011379";"4";"07";"2024";"11:00";"1";"93";"93070";"2";"1";"1";"2";"DOCTEUR BAUER(RUE DU) :N° 1 AU 73";"48,91155282";"2,33666539"
"202400011380";"15";"03";"2024";"18:15";"1";"92";"92025";"2";"9";"1";"1";"GABRIEL PERI (RUE)";"48,91824147";"2,23893706"
"202400011381";"4";"07";"2024";"13:10";"1";"93";"93039";"2";"9";"1";"6";"MECHIN";"48,93577800";"2,33927900"
"202400011382";"16";"03";"2024";"05:21";"5";"92";"92024";"2";"1";"1";"2";"CLICHY (QUAI DE) DE (104 A 202)";"48,91010201";"2,30344605"
"202400011383";"4";"07";"2024";"17:52";"1";"93";"93074";"2";"5";"1";"3";"ROBERT SCHUMANN BOULEVARD";"48,93344000";"2,56097000"
"202400011384";"17";"03";"2024";"02:26";"4";"76";"76279";"2";"9";"9";"6";"2034 Voie Romaine";"49,61500600";"0,59264500"
"202400011385";"4";"07";"2024";"21:30";"2";"93";"93029";"2";"1";"1";"6";"Rue d'Alsace Lorraine";"48,92990000";"2,44161000"
"202400011386";"15";"03";"2024";"15:45";"1";"37";"37153";"1";"1";"1";"2";"141 Lieu Dit la Coulonniere";"47,47928661";"0,76255068"
"202400011387";"16";"03";"2024";"13:30";"1";101;101203";"1";"1";"1";"7";"RD81";"42,29646100";"8,67705300"
"202400011388";"15";"03";"2024";"15:10";"1";"95";"95452";"2";"8";"1";"7";"D78";"49,13253935";"2,28162232"
"202400011389";"4";"07";"2024";"15:25";"1";"93";"93014";"2";"5";"1";"6";"MONTFERMEIL (ALLEE DE)";"48,89707200";"2,53164700"
"202400011390";"16";"03";"2024";"09:50";"1";"31";"31547";"1";"2";"1";"3";"Intersection D12-D50";"43,50427800";"1,24818700"
"202400011391";"4";"07";"2024";"08:45";"1";"92";"92078";"2";"2";"1";"3";"GALLIENI (BD) (1 A 79 ET 22 A 102)";"48,92804930";"2,33124179"
"202400011392";"4";"07";"2024";"12:12";"1";"92";"92073";"2";"3";"1";"1";"JAURES (AVENUE JEAN)";"48,86220208";"2,21126965"
"202400011393";"16";"03";"2024";"14:45";"1";"972";"97225";"1";"1";"1";"1";"Route Nationale N°2";"14,75896800";" -61,16243400"
"202400011394";"16";"03";"2024";"16:05";"1";"23";"23101";"1";"1";"1";"3";"Le Breuil";"46,28945300";"1,92547700"
"202400011395";"4";"07";"2024";"08:00";"1";"92";"92063";"2";"2";"7";"6";"DANTON (RUE)";"48,87867295";"2,18652114"
"202400011396";"17";"03";"2024";"09:30";"1";"21";"21177";"1";"1";"1";"6";"A6 - PK246+200";"47,36760000";"4,40850500"
"202400011397";"2";"07";"2024";"23:17";"5";"92";"92050";"1";"1";"1";"4";"PREMIER MAI RUE DU";"48,91545060";"2,21998358"
"202400011398";"16";"03";"2024";"19:20";"3";"71";"71333";"1";"1";"8";"1";"Route de Saint-germain-du-bois";"46,77448120";"4,96222310"
"202400011399";"2";"07";"2024";"13:30";"1";"92";"92050";"2";"9";"1";"3";"GUILLERAIES AVENUE DES";"48,89434630";"2,18481839"
"202400011400";"17";"03";"2024";"07:00";"2";"76";"76615";"1";"1";"2";"6";"route de la garenne";"49,59659500";"0,20165900"
"202400011401";"4";"07";"2024";"13:15";"1";"92";"92049";"2";"1";"1";"6";"BROSSOLETTE AVENUE PIERRE";"48,82194000";"2,31372000"
"202400011402";"17";"03";"2024";"12:30";"1";"79";"79213";"2";"6";"1";"3";"N/A";"46,63593000";" -0,24598000"
"202400011403";"4";"07";"2024";"11:45";"1";"92";"92024";"2";"1";"1";"3";"PIERRE BEREGOVOY (RUE)";"48,90284273";"2,29689693"
"202400011404";"16";"03";"2024";"15:10";"1";100;100043";"1";"1";"1";"6";"RD 80";"42,78116500";"9,48006400"
"202400011405";"3";"07";"2024";"16:40";"1";"974";"97415";"1";"1";"1";"3";"N1";" -21,00916200";"55,27719600"
"202400011406";"17";"03";"2024";"02:00";"3";"65";"65075";"1";"1";"1";"6";"D929";"42,85607700";"0,34263600"
"202400011407";"4";"07";"2024";"11:30";"1";"974";"97415";"2";"1";"2";"7";"Chemin Ligne Chereau";" -21,02671000";"55,29149100"
"202400011408";"16";"03";"2024";"15:10";"1";"65";"65448";"1";"1";"1";"7";"D 39";"43,28377400";"0,36242000"
"202400011409";"16";"03";"2024";"13:15";"1";"69";"69018";"1";"1";"1";"1";"Rue des Écharmeaux";"46,16366917";"4,56964926"
"202400011410";"3";"07";"2024";"22:15";"3";"12";"12140";"1";"1";"1";"6";"D911";"44,38551100";"1,89797400"
"202400011411";"17";"03";"2024";"15:40";"1";"81";"81309";"1";"4";"1";"3";"Route du Dolmen";"44,09009650";"1,80590170"
"202400011412";"5";"07";"2024";"15:35";"1";"47";"47015";"1";"1";"1";"1";"518 route de l'ourtiguet";"44,05504800";"0,64706700"
"202400011413";"17";"03";"2024";"14:15";"1";"11";"11129";"2";"9";"1";"6";"137 Avenue de Carcassonne";"42,93632600";"2,23120100"
"202400011414";"14";"03";"2024";"11:40";"1";"11";"11263";"1";"1";"1";"3";"route départementale 117";"42,88748100";"2,12765700"
"202400011415";"12";"06";"2024";"18:58";"1";"01";"01244";"1";"6";"1";"5";"D1084";"45,90583600";"5,21536000"
"202400011416";"16";"03";"2024";"18:25";"1";"71";"71248";"1";"1";"1";"6";"D975";"46,55814700";"4,92692940"
"202400011417";"4";"07";"2024";"19:00";"1";"26";"26140";"1";"1";"1";"1";"Les Fayolles";"45,10308500";"5,09658300"
"202400011418";"16";"03";"2024";"20:10";"3";"63";"63036";"1";"1";"1";"7";"D717";"45,51431700";"3,20530400"
"202400011419";"16";"03";"2024";"11:50";"1";"63";"63178";"2";"1";"1";"7";"13 Boulevard du Mont Mouchet";"45,53651100";"3,24735800"
"202400011420";"5";"07";"2024";"11:55";"1";"52";"52114";"1";"1";"1";"7";"D6";"48,05169300";"4,90093200"
"202400011421";"17";"03";"2024";"16:05";"1";"55";"55463";"1";"1";"2";"7";"D119";"48,89114300";"5,61463100"
"202400011422";"5";"07";"2024";"15:50";"1";"95";"95452";"1";"1";"1";"6";"D85";"49,12282922";"2,30447378"
"202400011423";"16";"03";"2024";"20:55";"3";"12";"12056";"1";"1";"1";"6";"Route Nationale RN 88";"44,28951400";"2,46222500"
"202400011424";"5";"07";"2024";"07:30";"1";"95";"95487";"2";"6";"1";"6";"D4";"49,15748852";"2,26370736"
"202400011425";"16";"03";"2024";"21:15";"4";"47";"47252";"2";"1";"1";"6";"Av Gaston Carrere";"44,39936400";"0,60322900"
"202400011426";"24";"06";"2024";"13:00";"1";"84";"84069";"1";"1";"1";"6";"CD 974";"44,15733200";"5,14722300"
"202400011427";"17";"03";"2024";"12:30";"1";"01";"01304";"2";"1";"1";"4";"Rue Philibert-le-beau";"46,05677900";"5,34106700"
"202400011428";"4";"07";"2024";"03:15";"3";"31";"31228";"2";"1";"1";"6";"1549 Avenue des Platanes";"43,68527600";"1,59548500"
"202400011429";"17";"03";"2024";"05:00";"2";"01";"01196";"1";"1";"1";"6";"Route de Foissiat";"46,35132700";"5,13867300"
"202400011430";"24";"06";"2024";"09:00";"1";"13";"13078";"1";"1";"1";"3";"Départemental 35";"43,42787500";"4,76340900"
"202400011431";"16";"03";"2024";"10:30";"1";"66";"66003";"2";"2";"7";"6";"Quai Georges Bosch";"42,47478000";"2,66452300"
"202400011432";"5";"07";"2024";"00:26";"3";"83";"83073";"1";"1";"1";"6";"autoroute A8 sens aix6 Nice pk 093.500";"43,40345965";"6,30113870"
"202400011433";"5";"07";"2024";"08:00";"1";"974";"97412";"2";"1";"1";"6";"Rue Paul Demange";" -21,37850800";"55,62090900"
"202400011434";"16";"03";"2024";"18:35";"2";"18";"18065";"1";"1";"1";"7";"N/A";"46,82051700";"2,12969500"
"202400011435";"3";"07";"2024";"19:30";"3";"972";"97221";"1";"1";"1";"7";"1426f Habitation Ferral";"14,54126300";" -60,95186400"
"202400011436";"17";"03";"2024";"09:55";"1";"07";"07056";"1";"3";"1";"1";"les Rotisses";"45,33859100";"4,73108400"
"202400011437";"5";"07";"2024";"01:20";"3";"35";"35085";"1";"1";"1";"6";"les fresches";"48,42421000";" -1,75550600"
"202400011438";"16";"03";"2024";"03:00";"3";"21";"21445";"1";"1";"1";"6";"D26";"47,31949400";"4,32048100"
"202400011439";"3";"07";"2024";"12:50";"1";"46";"46091";"1";"1";"1";"1";"D22";"44,36729000";"1,62886300"
"202400011440";"16";"03";"2024";"18:40";"2";"27";"27039";"2";"1";"1";"1";"142 Rue du Village";"49,37797200";"0,85619900"
"202400011441";"16";"03";"2024";"14:20";"1";"27";"27192";"2";"2";"1";"3";"Rue du Loup Pendu";"49,16101100";"0,93259100"
"202400011442";"4";"07";"2024";"17:20";"1";"14";"14061";"2";"2";"1";"3";"4 Route de Beaumesnil";"48,91625547";" -0,90971392"
"202400011443";"16";"03";"2024";"20:40";"5";"27";"27011";"2";"1";"2";"1";"Rue de la République";"49,20415800";"0,93467500"
"202400011444";"15";"03";"2024";"21:30";"5";"30";"30341";"2";"2";"1";"3";"Rue des Capitaines";"43,69169200";"4,27493200"
"202400011445";"5";"07";"2024";"15:11";"1";"974";"97410";"1";"1";"1";"5";"Route Nationale 2";" -21,01334644";"55,69054811"
"202400011446";"30";"06";"2024";"01:20";"4";"26";"26325";"2";"6";"1";"3";"Avenue de Lyon";"45,29790408";"4,81155038"
"202400011447";"16";"03";"2024";"05:50";"3";"21";"21423";"1";"1";"1";"2";"A6, PK 307+700, sens PARIS / LYON";"46,99215400";"4,85476200"
"202400011448";"4";"07";"2024";"22:40";"3";"65";"65301";"1";"1";"1";"7";"D632";"43,29770200";"0,20632600"
"202400011449";"17";"03";"2024";"07:00";"1";"973";"97311";"2";"1";"1";"6";"Rue Joseph Symphorien";"5,49457200";" -54,03076700"
"202400011450";"4";"07";"2024";"18:20";"1";"72";"72155";"2";"1";"1";"6";"place saint martin";"47,87815800";"0,22709500"
"202400011451";"17";"03";"2024";"04:29";"3";"977";"97701";"1";"1";"1";"6";"route de Lorient D209 après lieu dit coupe gorge";"17,92000000";" -62,85000000"
"202400011452";"16";"03";"2024";"21:45";"3";"37";"37253";"1";"1";"1";"6";"D58";"47,28595982";"0,98894861"
"202400011453";"28";"06";"2024";"20:50";"1";"62";"62279";"2";"6";"1";"7";"D939";"50,30279244";"2,72572746"
"202400011454";"16";"03";"2024";"15:30";"1";"66";"66037";"1";"1";"1";"3";"CHEMIN DES TERRES ROUSSES";"42,70716816";"2,98094400"
"202400011455";"5";"07";"2024";"15:50";"1";"83";"83018";"1";"1";"1";"1";"route départementale 15";"43,33968500";"6,15786900"
"202400011456";"16";"03";"2024";"06:27";"3";"34";"34157";"1";"1";"1";"2";"Route de Marseillan";"43,42724400";"3,55882100"
"202400011457";"4";"07";"2024";"18:15";"1";"59";"59454";"1";"3";"1";"3";"Route de Saint Omer";"50,78960400";"2,48134100"
"202400011458";"16";"03";"2024";"11:15";"1";"05";"05166";"1";"1";"1";"2";"""Les chambons""";"44,43668700";"5,71308900"
"202400011459";"4";"07";"2024";"12:40";"1";"67";"67463";"1";"1";"1";"7";"D752";"48,91350000";"8,10794800"
"202400011460";"5";"07";"2024";"19:50";"1";"11";"11422";"1";"1";"1";"7";"D201";"43,23414300";"2,41692800"
"202400011461";"17";"03";"2024";"14:25";"1";"13";"13097";"1";"1";"1";"7";"N568";"43,56134000";"4,79741900"
"202400011462";"5";"07";"2024";"04:45";"3";"89";"89439";"1";"1";"1";"6";"D43";"47,96538400";"3,67723900"
"202400011463";"16";"03";"2024";"10:55";"1";"70";"70279";"1";"3";"1";"1";"D67";"47,42484200";"5,61328410"
"202400011464";"4";"07";"2024";"15:10";"1";"61";"61214";"2";"1";"1";"1";"Voie Communale";"48,76069700";"0,63852600"
"202400011465";"26";"06";"2024";"12:45";"1";"34";"34224";"1";"3";"1";"3";"Intersection D909 et D33";"43,45175100";"3,20903800"
"202400011466";"17";"03";"2024";"18:30";"3";"68";"68063";"1";"1";"1";"7";"D83";"47,78304300";"7,16801000"
"202400011467";"27";"06";"2024";"05:10";"2";"68";"68349";"1";"3";"1";"1";"D105";"47,59645500";"7,56479500"
"202400011468";"17";"03";"2024";"11:00";"1";"68";"68012";"2";"3";"2";"3";"40 Route de Thann";"47,77647100";"7,13379000"
"202400011469";"23";"06";"2024";"10:30";"1";"39";"39392";"1";"1";"1";"7";"VC entre Brans et Offlanges";"47,21814700";"5,55713500"
"202400011470";"16";"03";"2024";"03:30";"3";"57";"57159";"1";"1";"2";"1";"D19";"49,05689700";"6,56876200"
"202400011471";"5";"07";"2024";"10:25";"1";"44";"44099";"2";"2";"1";"3";"N/A";"47,61972300";" -1,37838700"
"202400011472";"16";"03";"2024";"14:50";"1";"42";"42094";"2";"1";"1";"4";"Route de Boen";"45,73990000";"4,19186400"
"202400011473";"5";"07";"2024";"11:00";"1";"31";"31232";"1";"3";"1";"6";"3878 Route de Larra";"43,74889000";"1,24960900"
"202400011474";"16";"03";"2024";"07:15";"1";"13";"13202";"1";"1";"1";"1";"TVPCM-Sens Saint Victor vers Les Ports";"43,29955000";"5,37102000"
"202400011475";"4";"07";"2024";"21:45";"2";"84";"84017";"1";"1";"1";"6";"D19 route de la madeleine";"44,12019500";"5,23336600"
"202400011476";"15";"03";"2024";"23:30";"5";"33";"33143";"1";"1";"1";"6";"N/A";"44,97772000";" -0,43184000"
"202400011477";"4";"07";"2024";"18:45";"1";"03";"03144";"1";"1";"1";"7";"D15";"46,39409800";"3,76384500"
"202400011478";"16";"03";"2024";"14:50";"1";"91";"91286";"1";"1";"1";"2";"AUTOROUTE A6";"48,65415000";"2,38058000"
"202400011479";"4";"07";"2024";"17:35";"1";"03";"03099";"1";"1";"1";"3";"Le puy de laraud";"46,39199200";"3,04061700"
"202400011480";"4";"07";"2024";"18:05";"1";"01";"01124";"2";"1";"1";"7";"D996";"46,45188600";"5,23384800"
"202400011481";"16";"03";"2024";"06:37";"2";"91";"91161";"1";"1";"8";"3";"AUTOROUTE A6";"48,69858300";"2,31349900"
"202400011482";"28";"06";"2024";"13:05";"1";"26";"26114";"2";"1";"1";"3";"Route de Nyons";"44,51795200";"5,07988900"
"202400011483";"16";"03";"2024";"15:45";"1";"78";"78423";"1";"1";"1";"2";"A12 W";"48,78413100";"2,03430200"
"202400011484";"1";"06";"2024";"16:30";"1";"72";"72126";"1";"2";"1";"3";"Intersection D21 / C3";"48,02942000";" -0,09871100"
"202400011485";"16";"03";"2024";"02:20";"3";"95";"95241";"1";"1";"2";"2";"N104";"49,04733495";"2,43640924"
"202400011486";"16";"03";"2024";"00:40";"3";"93";"93027";"1";"1";"2";"6";"A16";"48,92644303";"2,40293928"
"202400011487";"5";"07";"2024";"06:50";"1";"90";"90081";"1";"2";"1";"1";"D463";"47,52470700";"7,10932400"
"202400011488";"5";"07";"2024";"07:50";"1";"09";"09140";"1";"1";"1";"6";"Route de l?Aude";"42,74234800";"1,83516700"
"202400011489";"15";"03";"2024";"16:30";"1";"92";"92078";"1";"1";"1";"4";"AUTOROUTE A86";"48,93631371";"2,31904047"
"202400011490";"15";"03";"2024";"07:30";"1";"93";"93078";"1";"1";"1";"6";"A104";"48,95809287";"2,53061231"
"202400011491";"5";"07";"2024";"11:25";"1";"45";"45233";"1";"1";"1";"1";"5 Rue de la Vallée de Foussereau";"48,20128700";"2,41504500"
"202400011492";"4";"07";"2024";"13:30";"1";"64";"64065";"2";"1";"1";"4";"D918";"43,35383969";" -1,62069261"
"202400011493";"5";"07";"2024";"14:40";"1";"10";"10126";"1";"1";"1";"7";"D619";"48,26815500";"4,61174700"
"202400011494";"16";"03";"2024";"15:30";"1";"77";"77373";"1";"1";"1";"4";"RN104";"48,77496007";"2,61237869"
"202400011495";"3";"07";"2024";"17:45";"1";"40";"40044";"1";"1";"1";"1";"Rd 817";"43,54837500";" -1,32568300"
"202400011496";"15";"03";"2024";"20:15";"3";"974";"97416";"1";"1";"1";"6";"BADAMIER(CHEMIN)";" -21,32159000";"55,45795000"
"202400011497";"5";"07";"2024";"08:30";"1";"85";"85265";"1";"1";"7";"7";"D15 PK 10+700";"46,40183800";" -0,72293000"
"202400011498";"4";"07";"2024";"17:25";"1";"85";"85039";"1";"1";"1";"3";"6 rue beauregard";"46,99232000";" -1,15247000"
"202400011499";"15";"03";"2024";"13:54";"1";"973";"97302";"2";"1";"1";"3";"MONTABO (ROUTE DE) 2";"4,93907000";" -52,30055000"
"202400011500";"5";"07";"2024";"15:09";"1";"87";"87126";"2";"1";"1";"6";"7 Rue Charles de Gaulle";"45,82062600";"0,82572600"
"202400011501";"15";"03";"2024";"19:30";"5";"69";"69383";"2";"1";"1";"3";"Avenue Lacassagne";"45,75275906";"4,86970556"
"202400011502";"4";"07";"2024";"18:15";"1";"37";"37084";"1";"3";"1";"3";"Les Maisons Neuves";"47,57400000";"0,35601000"
"202400011503";"15";"03";"2024";"18:50";"5";"69";"69383";"2";"1";"1";"3";"Rue du Dauphiné";"45,75473000";"4,87468000"
"202400011504";"5";"07";"2024";"18:50";"1";"48";"48016";"1";"1";"1";"1";"D986";"44,47213400";"3,45431000"
"202400011505";"15";"03";"2024";"13:20";"1";"69";"69388";"2";"1";"1";"3";"Rue Professeur Joseph Nicolas";"45,73416000";"4,88252000"
"202400011506";"5";"07";"2024";"08:55";"1";"987";"98734";"1";"1";"1";"3";"PK 38,300 CÔTÉ MONTAGNE";" -17,75500818";" -149,52140808"
"202400011507";"15";"03";"2024";"09:30";"1";"972";"97213";"1";"1";"1";"1";"CHEMIN DU BAC";"14,59405000";" -60,98238000"
"202400011508";"3";"07";"2024";"09:45";"1";"06";"06084";"2";"3";"1";"1";"210 Route de Pégomas";"43,61802200";"6,96956400"
"202400011509";"4";"07";"2024";"17:57";"1";"33";"33122";"2";"9";"1";"3";"N/A";"44,73467600";" -0,77644600"
"202400011510";"14";"03";"2024";"21:25";"3";"972";"97209";"2";"1";"1";"1";"VICTOR LAMON (AVENUE)";"14,60205883";" -61,05694781"