"Num_Acc";"jour";"mois";"an";"hrmn";"lum";"dep";"com";"agg";"int";"atm";"col";"adr";"lat";"long"
"202400011708";"12";"09";"2024";"10:45";"1";"35";"35238";"2";"1";"1";"6";"NANTES (RUE DE)";"48,09256000";" -1,69142000"
"202400011709";"22";"04";"2024";"08:30";"1";"75";"75114";"2";"3";"1";"6";"RUE LIANCOURT";"48,83502100";"2,32406100"
"202400011710";"25";"11";"2024";"07:50";"3";"60";"60009";"2";"1";"3";"6";"Rue Pierre Debourge";"49,40193868";"2,11646891"
"202400011711";"23";"04";"2024";"16:10";"1";"75";"75113";"2";"1";"1";"3";"BOULEVARD DE L HOPITAL";"48,83498200";"2,35810100"
"202400011712";"11";"09";"2024";"18:00";"1";"35";"35238";"2";"3";"1";"3";"VOLTAIRE (BD)";"48,10520790";" -1,70405567"
"202400011713";"22";"11";"2024";"15:30";"1";"59";"59256";"1";"1";"1";"7";"M145";"50,56819300";"3,12428000"
"202400011714";"23";"04";"2024";"19:50";"1";"75";"75111";"2";"2";"1";"3";"AVENUE PARMENTIER";"48,86524900";"2,37454900"
"202400011715";"24";"11";"2024";"12:00";"1";"59";"59011";"2";"1";"7";"6";"49 Rue Jean-Baptiste Lebas";"50,53108300";"2,92939900"
"202400011716";"12";"09";"2024";"12:45";"1";"34";"34198";"2";"2";"1";"3";"D21E";"43,57789000";"3,93580000"
"202400011717";"23";"04";"2024";"13:00";"1";"75";"75111";"2";"4";"1";"6";"AVENUE LEDRU ROLLIN";"48,85446600";"2,37805800"
"202400011718";"11";"09";"2024";"19:50";"1";"29";"29039";"1";"1";"1";"7";"Zone Artisanale de Coat Conq";"47,92667151";" -3,89387002"
"202400011719";"24";"11";"2024";"07:54";"2";"13";"13106";"1";"1";"2";"6";"A51-Sens Marseille vers Aix en Provence";"43,39540000";"5,35153000"
"202400011720";"24";"11";"2024";"03:10";"3";"13";"13019";"1";"1";"1";"7";"A51-Sens Aix en Provence vers Marseille";"43,42519580";"5,37669759"
"202400011721";"23";"04";"2024";"12:57";"1";"75";"75108";"2";"7";"1";"3";"PLACE DE LA CONCORDE";"48,86583600";"2,31987400"
"202400011722";"11";"09";"2024";"20:30";"3";"27";"27299";"1";"1";"1";"6";"NETREVILLE (RUE DE)";"49,04263900";"1,17242500"
"202400011723";"19";"11";"2024";"15:45";"1";"13";"13106";"1";"1";"1";"2";"A7-Sens Lyon vers Marseille";"43,39066000";"5,35107000"
"202400011724";"23";"04";"2024";"14:30";"1";"94";"94068";"2";"2";"1";"6";"Avenue Balzac / Avenue du Bac";"48,79357000";"2,51451000"
"202400011725";"12";"09";"2024";"10:47";"1";"26";"26198";"2";"1";"1";"2";"Avenue d’Aygu";"44,55386293";"4,74881887"
"202400011726";"23";"04";"2024";"09:35";"1";"94";"94073";"2";"6";"1";"6";"Avenue du Général de Gaulle / Avenue de Fontainebleau";"48,76865000";"2,36841000"
"202400011727";"23";"11";"2024";"18:45";"5";"83";"83137";"1";"1";"1";"4";"A50";"43,12476769";"5,90137449"
"202400011728";"12";"09";"2024";"18:43";"1";"16";"16102";"2";"3";"1";"3";"N/A";"45,68769500";" -0,31169400"
"202400011729";"23";"04";"2024";"18:30";"1";"94";"94079";"2";"3";"1";"3";"Rue Jean Jaurès / Allée du Château";"48,82673000";"2,53738000"
"202400011730";"12";"09";"2024";"20:35";"5";"16";"16015";"2";"1";"2";"6";"N/A";"45,65599000";"0,14524000"
"202400011731";"23";"04";"2024";"07:50";"2";"94";"94017";"2";"6";"7";"6";"Rue de Bernau / Rue du Tunnel";"48,81696900";"2,52025600"
"202400011732";"22";"11";"2024";"16:25";"1";"83";"83137";"1";"1";"1";"4";"A57";"43,12324819";"5,95888522"
"202400011733";"12";"09";"2024";"18:15";"1";"15";"15014";"2";"1";"1";"3";"Avenue du Général Leclerc";"44,91211000";"2,44235000"
"202400011734";"24";"11";"2024";"20:20";"3";"69";"69287";"1";"1";"6";"2";"Autoroute 43  ";"45,68779000";"4,99471000"
"202400011735";"22";"04";"2024";"21:56";"3";"93";"93071";"2";"3";"1";"6";"Rue Gabriel Péri /Rue du Pont Blanc";"48,94228000";"2,53271000"
"202400011736";"12";"09";"2024";"16:30";"1";"13";"13216";"2";"2";"1";"3";"REDONNE (RUE DE LA)";"43,36205000";"5,31637000"
"202400011737";"18";"11";"2024";"09:15";"1";"93";"93006";"1";"1";"2";"3";"AUTOROUTE A3";"48,86627623";"2,41437177"
"202400011738";"23";"04";"2024";"20:55";"5";"93";"93062";"2";"2";"1";"3";"Avenue de Livry / Boulevard du Nord";"48,90275000";"2,52047000"
"202400011739";"12";"09";"2024";"14:30";"1";"13";"13005";"1";"1";"1";"3";"SAINT JEAN DE GARGUIER (CHEMIN)";"43,30614000";"5,60406000"
"202400011740";"19";"11";"2024";"20:45";"3";"77";"77058";"1";"1";"2";"2";"A4";"48,82957827";"2,74332614"
"202400011741";"23";"04";"2024";"08:40";"1";"93";"93055";"2";"3";"1";"3";"Rue Jules Auffret / Avenue Édouard Vaillant";"48,88490600";"2,41114800"
"202400011742";"17";"09";"2024";"22:00";"3";"30";"30010";"1";"1";"1";"7";"route d'ales rd 910";"44,05312800";"3,99172800"
"202400011743";"23";"04";"2024";"05:00";"5";"93";"93046";"2";"1";"1";"6";"Avenue Aristide Briand";"48,91348900";"2,52455900"
"202400011744";"23";"09";"2024";"21:30";"5";"74";"74012";"2";"1";"1";"6";"DE GAULLE (AVENUE CHARLES)";"46,18300000";"6,24680000"
"202400011745";"12";"09";"2024";"16:20";"1";"13";"13001";"2";"2";"1";"1";"EUROPE (AV)";"43,52380000";"5,43520000"
"202400011746";"23";"04";"2024";"17:00";"1";"92";"92064";"2";"1";"1";"7";"MARECHAL JUIN";"48,83664000";"2,22192000"
"202400011747";"2";"08";"2024";"09:45";"1";"84";"84089";"2";"6";"1";"3";"Rue Joseph Cugnot";"43,68176100";"5,50169700"
"202400011748";"22";"08";"2024";"19:50";"1";"11";"11262";"2";"2";"7";"3";"THERMES (RUE DES";"43,18848000";"3,00521000"
"202400011749";"23";"04";"2024";"09:15";"1";"92";"92047";"2";"3";"1";"3";"G ET X. SCHLUMBERGER";"48,83055112";"2,17856991"
"202400011750";"11";"09";"2024";"18:38";"1";"10";"10362";"2";"3";"2";"3";"LOUIS BLANC (RUE)";"48,29650000";"4,05107000"
"202400011751";"23";"07";"2024";"00:34";"3";"88";"88086";"2";"8";"1";"1";"Rue du Coq de Bruyères";"48,19809800";"6,72906800"
"202400011752";"23";"04";"2024";"13:40";"1";"92";"92044";"2";"1";"1";"2";"ANA. FRANCE(RUE)1A75 ET 2A72";"48,89205000";"2,28509000"
"202400011753";"12";"09";"2024";"07:45";"1";"06";"06088";"2";"3";"1";"6";"16 Avenue Saint-Jean-Baptiste";"43,70177090";"7,27812090"
"202400011754";"23";"11";"2024";"09:55";"1";"974";"97416";"1";"1";"1";"1";"RN 01";" -21,33223000";"55,45818000"
"202400011755";"23";"04";"2024";"09:00";"1";"92";"92044";"2";"1";"1";"3";"VIC. HUGO(RUE)091A113 ET 112A146";"48,89886192";"2,29385144"
"202400011756";"7";"09";"2024";"10:01";"1";"06";"06104";"2";"1";"1";"1";"30 Avenue de France";"43,75331760";"7,44444580"
"202400011757";"23";"11";"2024";"22:20";"3";"974";"97407";"1";"1";"1";"6";"ROUTE NATIONALE N° 1";" -20,94757000";"55,32264000"
"202400011758";"22";"04";"2024";"08:48";"1";"92";"92044";"2";"2";"1";"6";"ED.VAILLANT(RUE)133+ ET 110+";"48,89866937";"2,28680348"
"202400011759";"23";"11";"2024";"10:00";"1";"973";"97302";"2";"1";"1";"3";"MONTABO (ROUTE DE) 3";"4,93583053";" -52,29567254"
"202400011760";"12";"09";"2024";"05:56";"5";"01";"01283";"2";"2";"2";"3";"VANDEL";"46,25857600";"5,65798600"
"202400011761";"23";"11";"2024";"17:30";"5";"69";"69387";"2";"3";"1";"3";"Rue de Gerland";"45,73015000";"4,83810000"
"202400011762";"22";"04";"2024";"17:50";"1";"92";"92036";"2";"1";"1";"1";"CABOEUFS (RUE DES) (103/291)";"48,92392563";"2,30982685"
"202400011763";"11";"09";"2024";"17:53";"1";"01";"01289";"1";"2";"3";"3";"LENT ( ROUTE DE )";"46,16491000";"5,22067000"
"202400011764";"23";"11";"2024";"17:30";"2";"972";"97213";"1";"1";"2";"6";"ROUTE NATIONALE 1";"14,61670000";" -61,00820000"
"202400011765";"23";"04";"2024";"09:00";"1";"92";"92024";"2";"9";"1";"3";"REPUBLIQUE (PLACE DE LA)";"48,90323878";"2,31266109"
"202400011766";"12";"09";"2024";"17:40";"1";"75";"75115";"2";"1";"3";"3";"BOULEVARD PERIPHERIQUE EXTERIEUR SUD";"48,83468000";"2,27468100"
"202400011767";"23";"11";"2024";"11:05";"1";"972";"97213";"2";"1";"1";"2";"AUTOROUTE A1";"14,60342000";" -61,00189000"
"202400011768";"23";"04";"2024";"18:35";"1";"92";"92004";"2";"1";"1";"2";"AULAGNIER ( QUAI )";"48,91451314";"2,31139668"
"202400011769";"12";"09";"2024";"17:25";"1";"75";"75112";"2";"1";"1";"3";"BOULEVARD PERIPHERIQUE INTERIEUR NORD  ";"48,84135700";"2,41355200"
"202400011770";"13";"04";"2024";"05:50";"5";"974";"97415";"2";"6";"1";"6";"41 Rue des Cardinaux";" -21,02616200";"55,26556000"
"202400011771";"23";"11";"2024";"06:00";"2";"972";"97213";"2";"1";"2";"2";"AUTOROUTE A1";"14,59719000";" -60,99829000"
"202400011772";"23";"04";"2024";"20:30";"2";"31";"31423";"1";"1";"1";"6";"Vieille Route de Rieumes";"43,41086721";"1,08015239"
"202400011773";"12";"09";"2024";"00:45";"5";"75";"75116";"2";"1";"1";"6";"BOULEVARD PERIPHERIQUE INTERIEUR OUEST";"48,84496700";"2,25500200"
"202400011774";"22";"11";"2024";"17:50";"2";"972";"97209";"2";"6";"1";"1";"BRETELLE SORTIE ROCADE";"14,61684000";" -61,05794000"
"202400011775";"22";"04";"2024";"23:15";"5";"972";"97207";"2";"3";"1";"2";"Avenue Marc André";"14,57249900";" -60,98174900"
"202400011776";"12";"09";"2024";"07:20";"1";"75";"75105";"2";"2";"1";"3";"RUE SOUFFLOT";"48,84709500";"2,34194900"
"202400011777";"22";"11";"2024";"17:25";"5";"69";"69385";"2";"2";"1";"3";"6 Avenue Général Eisenhower";"45,75617484";"4,78216620"
"202400011778";"23";"04";"2024";"16:40";"1";"71";"71566";"2";"3";"1";"3";"21 Avenue Valéry Giscard d'Estaing";"46,89164300";"5,02417400"
"202400011779";"12";"09";"2024";"12:30";"1";"75";"75117";"2";"5";"1";"3";"AVENUE NIEL";"48,88126500";"2,29554800"
"202400011780";"23";"04";"2024";"09:28";"2";"91";"91272";"2";"1";"1";"6";"avenue des sciences";"48,71184200";"2,16512700"
"202400011781";"23";"11";"2024";"22:40";"5";100;100120";"2";"1";"1";"2";"11 - RT";"42,65311000";"9,44098000"
"202400011782";"20";"11";"2024";"08:10";"1";"971";"97107";"2";"1";"1";"6";"DUMANOIR ( ALLEE )";"16,03997000";" -61,56640000"
"202400011783";"11";"09";"2024";"16:40";"1";"75";"75117";"2";"3";"1";"5";"AVENUE DE LA PORTE D ASNIERES";"48,89181700";"2,30157300"
"202400011784";"24";"04";"2024";"13:45";"1";"77";"77444";"1";"1";"1";"6";"D1004";"48,69249000";"3,39572000"
"202400011785";"22";"11";"2024";"18:35";"5";"95";"95268";"2";"1";"1";"1";"D125";"48,97669294";"2,39191948"
"202400011786";"21";"01";"2024";"03:33";"3";"55";"55008";"1";"3";"4";"1";"D618";"49,27186500";"5,66123100"
"202400011787";"11";"09";"2024";"16:15";"1";"75";"75117";"2";"1";"1";"7";"AVENUE DE CLICHY";"48,89070100";"2,32000400"
"202400011788";"23";"04";"2024";"09:20";"1";"46";"46127";"2";"4";"1";"6";"8 Boulevard du Docteur Cabanes";"44,73589896";"1,38268590"
"202400011789";"12";"09";"2024";"13:50";"1";"75";"75116";"2";"1";"1";"3";"AVENUE D IENA";"48,87155900";"2,29542600"
"202400011790";"23";"11";"2024";"04:30";"5";"84";"84035";"2";"1";"1";"6";"JAUFFRET (AVENUE ALPHONSE)";"43,83315000";"5,02773000"
"202400011791";"22";"04";"2024";"11:10";"1";"29";"29217";"1";"1";"1";"7";"Lieu Dit Miniou";"47,88712081";" -3,76714163"
"202400011792";"23";"04";"2024";"19:30";"2";"70";"70119";"1";"1";"1";"7";"Rue Courbey";"47,34327200";"5,90481900"
"202400011793";"23";"11";"2024";"23:08";"5";"84";"84007";"1";"6";"2";"6";"PIERRE BEREGOVOY (AVENUE) MFT";"43,92456000";"4,86179000"
"202400011794";"11";"09";"2024";"17:00";"1";"75";"75116";"2";"7";"1";"3";"PLACE DE LA PORTE D AUTEUIL";"48,84811600";"2,25901200"
"202400011795";"23";"04";"2024";"21:15";"5";"14";"14287";"2";"3";"1";"6";"11 Rue Albert 1er";"49,13693600";" -0,24936300"
"202400011796";"23";"11";"2024";"15:25";"1";"82";"82121";"2";"1";"1";"1";"boulevard hubert gouze";"44,00755000";"1,36028000"
"202400011797";"11";"09";"2024";"20:10";"5";"75";"75114";"2";"7";"1";"3";"AVENUE DENFERT ROCHEREAU";"48,83455000";"2,33262800"
"202400011798";"24";"11";"2024";"00:40";"3";"78";"78551";"1";"1";"1";"7";"POISSY (DE)";"48,94159000";"2,11382000"
"202400011799";"26";"03";"2024";"15:00";"1";"73";"73121";"1";"6";"1";"3";"D69";"45,62429700";"6,32234500"
"202400011800";"12";"09";"2024";"18:40";"1";"75";"75113";"2";"1";"2";"1";"QUAI D AUSTERLITZ";"48,84025000";"2,37017000"
"202400011801";"23";"04";"2024";"18:50";"1";"53";"53271";"1";"1";"1";"1";"Les Pontceaux";"48,36344900";" -0,27959300"
"202400011802";"23";"11";"2024";"06:30";"4";"78";"78126";"1";"1";"1";"6";"VERSAILLES (ROUTE DE)";"48,84849000";"2,10890000"
"202400011803";"12";"09";"2024";"06:20";"2";"75";"75113";"2";"2";"1";"2";"RUE DE LA GLACIERE";"48,83417600";"2,34484400"
"202400011804";"2";"04";"2024";"15:50";"1";"27";"27284";"2";"5";"1";"6";"Rue Guynemer";"49,28799900";"1,79094800"
"202400011805";"23";"11";"2024";"21:28";"5";"74";"74010";"2";"1";"1";"2";"GENEVE (AVENUE DE)(SECTEUR 410)";"45,90841000";"6,12361000"
"202400011806";"23";"04";"2024";"08:30";"1";"31";"31395";"1";"1";"1";"2";"Bretelle d'accés 34   A64 Pk 273+000";"43,46733107";"1,31501198"
"202400011807";"11";"09";"2024";"13:55";"1";"75";"75113";"2";"1";"1";"3";"AVENUE D ITALIE";"48,82376700";"2,35791200"
"202400011808";"23";"04";"2024";"16:11";"1";"971";"97103";"2";"1";"1";"1";"Rue Henri Becquerel";"16,24243700";" -61,57102000"
"202400011809";"23";"11";"2024";"19:15";"5";"71";"71306";"2";"6";"1";"1";"ROGER SALENGRO (AVENUE)";"46,66613000";"4,35813000"
"202400011810";"11";"09";"2024";"01:15";"5";"75";"75112";"2";"2";"2";"2";"AVENUE DU TRONE";"48,84809800";"2,39912600"
"202400011811";"24";"04";"2024";"08:38";"1";"34";"34240";"1";"2";"1";"3";"D112";"43,63895700";"3,99341000"
"202400011812";"23";"11";"2024";"16:00";"1";"71";"71486";"2";"2";"1";"2";"RENE CASSIN (RUE)";"46,64310000";"4,37060000"
"202400011813";"12";"09";"2024";"18:15";"1";"75";"75111";"2";"1";"2";"6";"AVENUE PARMENTIER";"48,85989700";"2,37893000"
"202400011814";"23";"11";"2024";"18:20";"5";"69";"69259";"2";"1";"1";"6";"Rue Albert Camus";"45,69573403";"4,87374648"
"202400011815";"24";"04";"2024";"08:30";"1";"04";"04245";"2";"9";"1";"3";"Avenue des Farigoules";"43,87298200";"5,84334300"
"202400011816";"23";"11";"2024";"15:50";"1";"64";"64129";"2";"2";"1";"7";"CLAVERIE";"43,30197963";" -0,39238304"
"202400011817";"12";"09";"2024";"12:35";"1";"94";"94078";"2";"9";"1";"3";"129 Avenue Anatole France";"48,74849600";"2,45318600"
"202400011818";"23";"02";"2024";"20:30";"3";"74";"74128";"1";"4";"1";"3";"Route de thonon";"46,15204800";"6,32066800"
"202400011819";"22";"11";"2024";"20:16";"5";"63";"63300";"2";"9";"9";"3";"CLERMONT (AVENUE DE)";"45,88385317";"3,11557889"
"202400011820";"14";"04";"2024";"13:30";"1";"40";"40184";"2";"7";"1";"7";"Avenue Maurice Martin";"44,21347200";" -1,29205200"
"202400011821";"11";"09";"2024";"18:00";"1";"94";"94068";"2";"3";"1";"3";"Rue Delerue";"48,79569000";"2,49222900"
"202400011822";"22";"11";"2024";"14:40";"1";"62";"62119";"2";"9";"7";"3";"Rue Mannessier";"50,52089000";"2,65392000"
"202400011823";"12";"09";"2024";"22:00";"4";"94";"94073";"1";"1";"2";"7";"FONTAINEBLEAU - CAR BELLE EPINE (AV DE)";"48,76307300";"2,36871100"
"202400011824";"24";"04";"2024";"19:00";"1";"80";"80561";"2";"2";"1";"3";"Avenue Maurice Leconte";"49,64500300";"2,56540100"
"202400011825";"23";"11";"2024";"14:00";"1";"59";"59299";"1";"2";"1";"3";"CD 700";"50,64852000";"3,19658000"
"202400011826";"12";"09";"2024";"16:10";"1";"94";"94022";"2";"9";"1";"3";"92 Boulevard de Stalingrad";"48,77283700";"2,40008600"
"202400011827";"23";"11";"2024";"18:25";"5";"59";"59017";"2";"1";"1";"6";"Rue Albert de Mun";"50,68077000";"2,88842000"
"202400011828";"23";"04";"2024";"22:50";"5";"59";"59400";"2";"2";"2";"7";"D946";"50,64257900";"2,63957800"
"202400011829";"23";"04";"2024";"19:00";"5";"13";"13214";"1";"1";"1";"2";"A507 sens Marseille - Aubagne";"43,33009926";"5,39928460"
"202400011830";"23";"11";"2024";"14:15";"1";"54";"54184";"2";"1";"1";"2";"Avenue de Saulxures";"48,70786000";"6,24429000"
"202400011831";"12";"09";"2024";"04:40";"5";"94";"94075";"2";"3";"1";"1";"Rue Paul Doumer";"48,70601000";"2,53036000"
"202400011832";"23";"04";"2024";"02:10";"3";"13";"13088";"1";"1";"1";"7";"A55-Sens Martigues vers Marseille";"43,37970000";"5,22120000"
"202400011833";"22";"11";"2024";"17:52";"5";"54";"54578";"2";"2";"1";"3";"Avenue Paul Muller";"48,67009000";"6,15794000"
"202400011834";"20";"08";"2024";"07:45";"1";"94";"94002";"2";"3";"1";"3";"Rue de Verdun / Rue Emile Eudes";"48,79621600";"2,42748600"
"202400011835";"23";"11";"2024";"11:53";"1";"47";"47001";"2";"1";"1";"6";"DURRENS (RUE DE)";"44,20120000";"0,63463000"
"202400011836";"22";"04";"2024";"16:15";"1";"13";"13212";"1";"1";"1";"3";"A507 sens Aubagne- Marseille";"43,30321587";"5,42537928"
"202400011837";"23";"11";"2024";"15:30";"1";"45";"45286";"2";"1";"1";"6";"D951 PR 90 + 908";"47,89315000";"1,91619000"
"202400011838";"11";"09";"2024";"10:25";"1";"94";"94002";"2";"1";"8";"6";"Rue Micolon";"48,80458000";"2,41263000"
"202400011839";"23";"04";"2024";"09:15";"1";"67";"67152";"1";"1";"1";"4";"M35";"48,52615000";"7,67334000"
"202400011840";"23";"11";"2024";"06:25";"5";"45";"45234";"2";"6";"1";"6";"22 Avenue des Droits de l'Homme";"47,91870000";"1,92519000"
"202400011841";"12";"09";"2024";"13:50";"1";"93";"93053";"2";"9";"1";"6";"GALLIENI (AVENUE)";"48,90036000";"2,46528000"
"202400011842";"23";"04";"2024";"19:27";"1";"78";"78208";"1";"1";"1";"6";"RN12 EXT";"48,80000000";"1,96925000"
"202400011843";"23";"11";"2024";"15:00";"1";"37";"37214";"2";"1";"1";"2";"MURIER (RUE DU)";"47,42375744";"0,66255963"
"202400011844";"23";"04";"2024";"09:45";"1";"78";"78646";"1";"1";"1";"2";"RN12";"48,79243000";"2,08947000"
"202400011845";"12";"09";"2024";"15:15";"1";"93";"93057";"2";"1";"1";"2";"CHANZY AVENUE DE";"48,90936000";"2,51859000"
"202400011846";"23";"11";"2024";"20:27";"5";"33";"33119";"2";"3";"8";"2";"N/A";"44,85577000";" -0,53469000"
"202400011847";"22";"04";"2024";"17:00";"1";"78";"78029";"1";"1";"1";"2";"A13Y";"48,96549500";"1,84949500"
"202400011848";"11";"09";"2024";"17:05";"1";"93";"93061";"2";"1";"1";"3";"JAURES AVENUE JEAN";"48,88414478";"2,40803003"
"202400011849";"23";"11";"2024";"18:40";"2";"33";"33550";"2";"6";"1";"1";"N/A";"44,78263000";" -0,57666000"
"202400011850";"23";"04";"2024";"16:00";"1";"93";"93007";"1";"1";"1";"4";"A1";"48,94405205";"2,43712529"
"202400011851";"12";"09";"2024";"14:10";"1";"93";"93027";"2";"3";"2";"3";"PRESOV (AVENUE DE)";"48,92944000";"2,37626000"
"202400011852";"23";"11";"2024";"14:50";"1";"33";"33063";"2";"2";"1";"3";"N/A";"44,84577000";" -0,58406000"
"202400011853";"23";"04";"2024";"13:05";"1";"93";"93053";"1";"1";"1";"3";"A3";"48,88416228";"2,46099709"
"202400011854";"12";"09";"2024";"10:20";"1";"93";"93013";"2";"3";"1";"3";"LECLERC (AVENU DE LA DIVISION)";"48,93495000";"2,42594000"
"202400011855";"23";"04";"2024";"13:45";"1";"93";"93005";"1";"1";"1";"3";"A3";"48,95091347";"2,47454259"
"202400011856";"23";"11";"2024";"15:42";"1";"31";"31555";"1";"1";"1";"4";"18 MONTAUDRAN (PERIPH EST A61)";"43,57532800";"1,49652400"
"202400011857";"12";"09";"2024";"06:20";"2";"93";"93013";"2";"3";"1";"3";"KENNEDY (AVENUE JOHN FITZGERALD)";"48,93895000";"2,42417000"
"202400011858";"12";"09";"2024";"14:00";"1";"93";"93010";"2";"9";"2";"6";"GALLIENI (AV.) DE 1 A 109";"48,90611000";"2,48048000"
"202400011859";"23";"04";"2024";"09:00";"1";"93";"93063";"1";"1";"1";"4";"A3";"48,87528738";"2,44004158"
"202400011860";"22";"11";"2024";"17:00";"2";"28";"28134";"2";"2";"4";"3";"PAS DE LOUP (RUE JULES)";"48,75044000";"1,35313000"
"202400011861";"12";"09";"2024";"12:40";"1";"93";"93001";"2";"1";"1";"1";"JEAN JAURES (AVE)  => 53";"48,90345402";"2,39169142"
"202400011862";"22";"04";"2024";"07:05";"1";"93";"93027";"1";"1";"1";"5";"A86";"48,92786049";"2,40957519"
"202400011863";"23";"11";"2024";"01:00";"3";"27";"27234";"1";"1";"1";"6";"Chemin du Coudray";"49,02299000";"1,19333000"
"202400011864";"12";"09";"2024";"19:45";"1";"92";"92064";"2";"3";"2";"7";"REPUBLIQUE";"48,84939747";"2,21377149"
"202400011865";"23";"04";"2024";"16:50";"1";"94";"94028";"1";"1";"1";"3";"A86";"48,79510362";"2,44232708"
"202400011866";"22";"11";"2024";"16:45";"1";"15";"15014";"2";"1";"1";"7";"Rue Henri Delmont";"44,93378000";"2,44861000"
"202400011867";"12";"09";"2024";"13:50";"1";"92";"92048";"2";"1";"2";"1";"JEANNE BRACONNIER (RUE)";"48,78905883";"2,21175201"
"202400011868";"23";"04";"2024";"15:02";"1";"94";"94017";"1";"1";"1";"6";"A86";"48,83052214";"2,48890382"
"202400011869";"23";"11";"2024";"13:50";"1";"13";"13209";"1";"1";"8";"7";"COL DE LA GINESTE D559";"43,23878000";"5,47969000"
"202400011870";"12";"09";"2024";"08:30";"1";"92";"92023";"2";"1";"1";"3";"GENERAL DE GAULLE (AV DU) N°130 A 340 ET";"48,78423949";"2,24872202"
"202400011871";"23";"11";"2024";"01:50";"5";"13";"13207";"2";"1";"1";"5";"Corniche John Fitzgérald Kennedy";"43,27673359";"5,35771850"
"202400011872";"18";"02";"2024";"14:00";"1";"95";"95277";"2";"1";"3";"6";"D170";"48,97859212";"2,45406032"
"202400011873";"12";"09";"2024";"18:15";"1";"92";"92019";"2";"1";"1";"2";"QUATRE CHEMINS (AVENUE DES)";"48,77858000";"2,27970000"
"202400011874";"18";"02";"2024";"11:15";"1";"91";"91326";"2";"1";"2";"6";"CHATILLON (RUE DE)";"48,68433000";"2,38178000"
"202400011875";"22";"11";"2024";"17:30";"3";"13";"13047";"1";"1";"1";"5";"RN 1569 LA TRANSHUMANCE";"43,57478982";"4,98397376"
"202400011876";"12";"09";"2024";"09:20";"1";"92";"92012";"2";"1";"1";"3";"ALPHONSE LE GALLO (QUAI) 1/34";"48,83508700";"2,22570844"
"202400011877";"22";"11";"2024";"09:00";"2";"12";"12013";"2";"1";"1";"6";"MOULIN JEAN";"44,52684000";"2,24758000"
"202400011878";"19";"02";"2024";"08:30";"1";"59";"59508";"1";"3";"1";"3";"Rue des Champs";"50,74355000";"3,14049000"
"202400011879";"22";"11";"2024";"17:22";"2";"11";"11262";"2";"1";"8";"6";"Avenue Pierre Semard";"43,18948000";"3,00744000"
"202400011880";"12";"09";"2024";"13:30";"1";"92";"92009";"2";"2";"2";"2";"BOURGUIGNONS ( RUE 33 A FIN )";"48,91273852";"2,27229416"
"202400011881";"19";"02";"2024";"16:00";"1";"52";"52121";"2";"2";"1";"2";"IVREA (AVENUE D')";"48,09908000";"5,15317000"
"202400011882";"23";"11";"2024";"12:45";"1";"07";"07070";"2";"3";"1";"5";"COLONNEL ROUSSET (AVENUE DU)";"44,95897000";"4,84765000"
"202400011883";"12";"09";"2024";"09:00";"1";"92";"92002";"2";"3";"1";"3";"ABBAYE (RUE DE L')";"48,75152911";"2,29719222"
"202400011884";"22";"02";"2024";"09:10";"1";"45";"45234";"2";"1";"2";"2";"24 Boulevard Marie Stuart";"47,91179000";"1,92189000"
"202400011885";"21";"04";"2024";"03:05";"5";"987";"98735";"1";"1";"1";"6";"PIERRE LOTI (ALLEE QTIER GARNIER)";" -17,53685000";" -149,55508000"
"202400011886";"17";"08";"2024";"16:05";"1";"47";"47282";"1";"1";"2";"3";"3150 Route de Condom";"44,08956200";"0,53176800"
"202400011887";"23";"11";"2024";"19:10";"5";"03";"03190";"2";"1";"1";"2";"LYON (ROUTE DE)";"46,54984000";"3,33890000"
"202400011888";"22";"04";"2024";"23:00";"5";"69";"69383";"2";"2";"1";"6";"Avenue Félix Faure";"45,75449000";"4,86606000"
"202400011889";"8";"09";"2024";"17:40";"1";"24";"24236";"1";"1";"1";"3";"Route du Val de l'Isle";"45,16963333";"0,56371450"
"202400011890";"23";"11";"2024";"16:17";"1";"75";"75113";"2";"1";"1";"3";"QUAI D AUSTERLITZ";"48,84302200";"2,36639500"
"202400011891";"22";"04";"2024";"18:05";"1";"69";"69383";"2";"1";"1";"6";"Rue Duguesclin";"45,76278000";"4,84846000"
"202400011892";"23";"11";"2024";"19:20";"5";"75";"75106";"2";"3";"1";"6";"RUE DE SEVRES";"48,84739800";"2,31823000"
"202400011893";"12";"09";"2024";"16:05";"1";"17";"17172";"1";"3";"1";"3";"Route de Saintes";"45,58329000";" -0,67495600"
"202400011894";"22";"04";"2024";"15:40";"1";"69";"69383";"2";"3";"2";"3";"Route de Genas";"45,75452244";"4,88131939"
"202400011895";"23";"11";"2024";"21:50";"5";"75";"75111";"2";"3";"1";"2";"BOULEVARD VOLTAIRE";"48,86211800";"2,37296700"
"202400011896";"9";"09";"2024";"13:20";"1";"972";"97204";"1";"1";"2";"3";"Point de vue de l'Anse Marigot";"14,68052500";" -61,16881700"
"202400011897";"9";"09";"2024";"07:00";"1";"972";"97225";"2";"1";"3";"6";"Rue de la Vieille Halle";"14,74864100";" -61,17770600"
"202400011898";"22";"04";"2024";"12:30";"1";"69";"69386";"2";"2";"1";"6";"Rue Garibaldi";"45,76375257";"4,85140070"
"202400011899";"23";"11";"2024";"01:10";"5";"75";"75109";"2";"2";"1";"3";"RUE DE DUNKERQUE";"48,88235100";"2,34572800"
"202400011900";"23";"11";"2024";"14:59";"1";"75";"75108";"2";"7";"8";"2";"PLACE DE L'ALMA";"48,86473900";"2,30132100"
"202400011901";"12";"09";"2024";"22:50";"3";"974";"97414";"1";"1";"1";"5";"N1";" -21,28736100";"55,39975900"
"202400011902";"22";"04";"2024";"16:27";"1";100;100033";"2";"1";"8";"6";"MAGDELENA - RUE SANTA";"42,69728000";"9,45088000"