"Num_Acc";"jour";"mois";"an";"hrmn";"lum";"dep";"com";"agg";"int";"atm";"col";"adr";"lat";"long"
"202400011903";"22";"11";"2024";"18:53";"5";"94";"94046";"2";"2";"8";"6";"Avenue du Professeur Cadiot";"48,80437540";"2,43250769"
"202400011904";"22";"04";"2024";"10:12";"1";100;100033";"2";"1";"8";"2";"11 - RT";"42,69728000";"9,45088000"
"202400011905";"11";"09";"2024";"18:50";"1";"38";"38239";"2";"2";"3";"3";"D1085";"45,32948200";"5,56914000"
"202400011906";"16";"03";"2024";"12:45";"1";"971";"97113";"1";"1";"1";"1";"SECTION LEROUX";"16,24428000";" -61,46237000"
"202400011907";"23";"11";"2024";"17:20";"5";"93";"93077";"2";"2";"1";"3";"GUITLEVITCH (RUE SIMON)";"48,87802000";"2,52491000"
"202400011908";"13";"09";"2024";"20:45";"3";"42";"42271";"1";"1";"1";"2";"Route de la Croix de Montvieux";"45,44925200";"4,60398500"
"202400011909";"23";"11";"2024";"10:10";"1";"93";"93062";"2";"1";"1";"6";"PLATEAU (ALLEE DU)";"48,90138000";"2,52888000"
"202400011910";"22";"04";"2024";"11:55";"1";101;101004";"2";"3";"1";"3";"T20";"41,93706000";"8,80359000"
"202400011911";"12";"09";"2024";"11:20";"1";"14";"14475";"1";"1";"1";"2";"A84";"49,13193500";" -0,56496400"
"202400011912";"22";"04";"2024";"17:35";"1";"95";"95060";"2";"9";"1";"6";"ISLE (CHEMIN DE L')";"49,04459000";"2,20983000"
"202400011913";"23";"11";"2024";"15:30";"1";"93";"93055";"2";"3";"1";"3";"COURTILLIERES(AVENUE DES)";"48,91404999";"2,41136299"
"202400011914";"23";"11";"2024";"11:25";"1";"93";"93006";"2";"3";"1";"6";"FERRY JULES RUE";"48,86206682";"2,41650224"
"202400011915";"22";"04";"2024";"18:25";"1";"95";"95210";"2";"1";"1";"2";"CEINTURE (AVENUE DE)";"48,97507405";"2,29827225"
"202400011916";"12";"09";"2024";"07:20";"2";"44";"44187";"1";"1";"1";"5";"N/A";"47,26406200";" -2,03668700"
"202400011917";"23";"11";"2024";"15:30";"1";"93";"93001";"2";"1";"1";"3";"ANDRE KARMAN (RUE)  => 136/143";"48,91015696";"2,38499776"
"202400011918";"20";"04";"2024";"14:45";"1";"88";"88087";"2";"3";"1";"3";"LECLERC (RUE GENERAL-)";"48,16781000";"6,43482000"
"202400011919";"13";"09";"2024";"15:00";"1";"57";"57540";"2";"1";"2";"6";"2 Rue de Bitche";"48,76706500";"7,26393900"
"202400011920";"22";"11";"2024";"01:05";"3";"92";"92022";"2";"1";"4";"3";"PAVE DES GARDES (RUE DU)";"48,80777320";"2,19168127"
"202400011921";"21";"04";"2024";"05:40";"3";"86";"86133";"2";"1";"1";"6";"Avenue du Noyer du Roy";"46,52609000";"0,33195000"
"202400011922";"12";"09";"2024";"16:30";"1";"59";"59624";"2";"1";"1";"6";"41 Rue de Cambrai";"50,02986100";"3,29443600"
"202400011923";"12";"09";"2024";"08:43";"3";"56";"56061";"1";"1";"1";"6";"Navetterie";"47,75966600";" -2,14615300"
"202400011924";"22";"04";"2024";"13:00";"1";"84";"84007";"2";"1";"1";"3";"TARASCON ( Avenue de)";"43,91763500";"4,80939900"
"202400011925";"23";"11";"2024";"17:40";"5";"92";"92064";"2";"1";"1";"7";"DAILLY";"48,84294686";"2,22092181"
"202400011926";"21";"04";"2024";"17:28";"1";"80";"80021";"2";"1";"1";"6";"Place Vogel";"49,89780000";"2,29547000"
"202400011927";"13";"09";"2024";"11:00";"1";"82";"82112";"2";"1";"1";"6";"Boulevard Camille Delthil";"44,10225200";"1,08638900"
"202400011928";"23";"11";"2024";"12:12";"1";"92";"92026";"2";"1";"1";"3";"EUROPE ( ROND POINT DE L' )";"48,90521424";"2,25592956"
"202400011929";"18";"04";"2024";"13:25";"1";"78";"78640";"2";"9";"1";"6";"MORANE-SAULNIER (AVENUE)";"48,78120000";"2,20860000"
"202400011930";"23";"11";"2024";"11:50";"1";"92";"92025";"2";"9";"1";"3";"KLEBER (AV)";"48,93356402";"2,25220489"
"202400011931";"13";"09";"2024";"13:00";"1";"11";"11040";"1";"2";"6";"1";"N/A";"43,15498000";"2,86292600"
"202400011932";"22";"04";"2024";"15:00";"1";"77";"77284";"2";"1";"1";"6";"APPEL DU 18 JUIN 1940 (AV.DE L')";"48,95154000";"2,90801000"
"202400011933";"22";"11";"2024";"11:25";"1";"80";"80693";"2";"1";"2";"3";"Rue de Moreuil";"49,90730200";"2,60987100"
"202400011934";"21";"04";"2024";"01:05";"5";"76";"76351";"2";"1";"1";"6";"HERMANN DU PASQUIER (CHAUSSEE)";"49,47824000";"0,14024000"
"202400011935";"11";"09";"2024";"15:15";"1";"11";"11255";"2";"1";"1";"1";"RD6113";"43,18484400";"2,93134300"
"202400011936";"23";"11";"2024";"23:40";"3";"95";"95395";"1";"1";"1";"1";"D316";"49,04208310";"2,39655562"
"202400011937";"21";"04";"2024";"04:45";"5";"72";"72181";"2";"1";"1";"6";"COURTILLE (RUE DE LA)";"48,00993000";"0,17904000"
"202400011938";"13";"09";"2024";"07:30";"2";"63";"63276";"2";"2";"1";"6";"3 Route de Thiers";"45,83859400";"3,49898200"
"202400011939";"23";"11";"2024";"17:57";"5";"85";"85233";"2";"1";"2";"3";"RD137";"46,52174400";" -1,08426200"
"202400011940";"22";"04";"2024";"07:30";"1";"69";"69029";"2";"3";"1";"2";"Avenue Ferdinand Buisson";"45,74186572";"4,91653680"
"202400011941";"10";"09";"2024";"17:30";"1";"63";"63034";"1";"1";"1";"7";"D2089";"45,79607860";"3,30402390"
"202400011942";"24";"11";"2024";"11:45";"1";"14";"14061";"1";"1";"6";"6";"1 le Val la Mer";"48,93549400";" -0,91938600"
"202400011943";"23";"11";"2024";"18:10";"3";"30";"30299";"1";"1";"2";"7";"Chemin de St Quentin la Poterie";"44,02689700";"4,45952900"
"202400011944";"12";"09";"2024";"13:00";"1";"12";"12037";"1";"1";"1";"7";"Lieu-dit La Caze";"44,02250100";"2,68117400"
"202400011945";"22";"04";"2024";"11:15";"1";"69";"69091";"2";"1";"8";"3";"Avenue Anatole France";"45,56973000";"4,79716000"
"202400011946";"11";"09";"2024";"10:49";"1";"22";"22251";"2";"1";"1";"6";"12 Rue Allenou";"48,57068600";" -2,81779500"
"202400011947";"22";"11";"2024";"18:50";"3";"76";"76755";"2";"1";"8";"6";"Route du Hameau Joyeux";"49,69099500";"0,53435000"
"202400011948";"22";"04";"2024";"10:45";"1";"67";"67482";"2";"3";"1";"3";"FEDERATION (ROUTE DE LA)";"48,56362000";"7,74196000"
"202400011949";"12";"09";"2024";"21:00";"3";"44";"44069";"1";"1";"1";"1";"Route des Marais";"47,31692300";" -2,45342700"
"202400011950";"23";"11";"2024";"17:45";"2";"82";"82097";"1";"3";"1";"3";"Chemin les Mérits";"43,97260000";"0,95042500"
"202400011951";"21";"04";"2024";"05:10";"5";"67";"67482";"2";"4";"2";"3";"SAINT NICOLAS (QUAI)";"48,57858000";"7,74880000"
"202400011952";"12";"09";"2024";"17:20";"1";"29";"29135";"2";"6";"1";"3";"Rue du Général de Gaulle";"47,83479378";" -4,18918343"
"202400011953";"23";"11";"2024";"22:22";"5";"65";"65258";"2";"1";"1";"3";"rue alsace lorraine";"43,12437400";"0,38496700"
"202400011954";"21";"04";"2024";"06:08";"5";"64";"64102";"2";"1";"1";"6";"SOULT (AVENUE MARECHAL)";"43,48488000";" -1,49552000"
"202400011955";"22";"11";"2024";"17:19";"2";"65";"65002";"1";"1";"1";"4";"N21";"43,14343626";" -0,02598798"
"202400011956";"20";"04";"2024";"20:10";"2";"59";"59334";"1";"1";"2";"6";"RD 643";"50,39165100";"3,04669300"
"202400011957";"24";"11";"2024";"17:00";"3";"89";"89315";"1";"1";"1";"6";"Préhy";"47,75902300";"3,75858500"
"202400011958";"13";"09";"2024";"09:20";"1";"70";"70236";"1";"1";"1";"3";"D434";"47,73245400";"6,10191800"
"202400011959";"24";"11";"2024";"11:30";"1";"61";"61145";"2";"1";"1";"7";"12 Rue de la Gare";"48,59064500";" -0,65598200"
"202400011960";"12";"09";"2024";"09:40";"1";"72";"72344";"1";"6";"1";"3";"Lieu-dit champfleury";"47,93903663";"0,15681803"
"202400011961";"22";"04";"2024";"14:15";"1";"54";"54096";"1";"1";"1";"6";"Lieu dit Thiery";"49,44313800";"5,86954800"
"202400011962";"23";"11";"2024";"14:50";"1";"61";"61123";"1";"2";"1";"3";"D916";"48,82354100";"0,02060200"
"202400011963";"13";"09";"2024";"14:18";"1";"14";"14540";"2";"1";"1";"7";"152 Route de Lisieux";"49,16952000";"0,24245600"
"202400011964";"24";"11";"2024";"17:45";"3";"55";"55566";"1";"1";"1";"7";"N/A";"49,02318000";"5,41441400"
"202400011965";"12";"09";"2024";"16:25";"1";"50";"50429";"1";"1";"1";"7";"Route départementale 49";"49,00091500";" -1,54677600"
"202400011966";"22";"11";"2024";"22:54";"3";"55";"55204";"1";"1";"1";"2";"D964";"49,03955600";"5,43454200"
"202400011967";"13";"09";"2024";"10:45";"1";"60";"60670";"1";"1";"1";"6";"D120";"49,29053100";"2,52999900"
"202400011968";"24";"11";"2024";"11:15";"1";"49";"49261";"2";"1";"1";"3";"Route de Saumur";"47,33971400";" -0,22575600"
"202400011969";"13";"09";"2024";"11:40";"1";"16";"16421";"2";"1";"1";"7";"N/A";"45,66434756";"0,45439571"
"202400011970";"22";"04";"2024";"18:25";"1";"51";"51108";"2";"2";"2";"3";"GROUPE LIBERATION NORD (RUE)";"48,93872000";"4,38272000"
"202400011971";"23";"11";"2024";"17:55";"2";"47";"47004";"1";"1";"1";"6";"RD642";"44,29584900";"0,33122100"
"202400011972";"12";"09";"2024";"18:00";"1";"53";"53180";"1";"1";"1";"7";"chemin de la touche éperon";"47,81838300";" -0,93952900"
"202400011973";"21";"11";"2024";"08:10";"1";"22";"22079";"1";"1";"4";"1";"D28";"48,40095500";" -2,72277500"
"202400011974";"22";"04";"2024";"09:45";"1";"49";"49353";"2";"6";"1";"3";"BAHONNEAU BOULEVARD";"47,44953000";" -0,48591000"
"202400011975";"13";"09";"2024";"09:15";"1";"40";"40185";"1";"1";"1";"6";"Route de Sensacq";"43,59729500";" -0,34816400"
"202400011976";"23";"11";"2024";"06:30";"3";"29";"29076";"1";"3";"2";"6";"D67";"48,43643309";" -4,57760786"
"202400011977";"22";"04";"2024";"10:20";"1";"45";"45234";"2";"1";"1";"2";"D2020 PR 36 + 6934";"47,88515000";"1,89730000"
"202400011978";"23";"11";"2024";"19:05";"3";"31";"31145";"1";"1";"9";"6";"Lieu Dit Barrau";"43,33053600";"1,52895000"
"202400011979";"12";"09";"2024";"16:20";"1";"04";"04024";"1";"1";"1";"7";"D900";"44,19768200";"6,37046100"
"202400011980";"22";"04";"2024";"15:35";"1";"44";"44184";"2";"6";"1";"3";"22 Boulevard Albert 1er";"47,26708000";" -2,22148000"
"202400011981";"23";"11";"2024";"12:27";"1";"50";"50487";"2";"3";"6";"6";"16 Rue de Rennes";"48,49593000";" -1,42068600"
"202400011982";"12";"09";"2024";"12:15";"1";"17";"17353";"2";"1";"1";"3";"Rue du Bois Mache";"45,98876200";" -1,02982900"
"202400011983";"24";"11";"2024";"04:50";"3";"60";"60021";"1";"1";"1";"7";"D130";"49,57477500";"3,11582600"
"202400011984";"22";"04";"2024";"08:00";"1";"34";"34108";"2";"1";"1";"1";"BALARUC (ROUTE DE)";"43,43664100";"3,70080500"
"202400011985";"12";"09";"2024";"18:35";"1";"30";"30348";"2";"9";"1";"3";"N/A";"44,05014800";"4,13520700"
"202400011986";"23";"11";"2024";"16:13";"1";"18";"18281";"2";"1";"1";"1";"61 Rue de la République";"47,19720700";"2,17529300"
"202400011987";"24";"11";"2024";"05:38";"3";"10";"10031";"1";"1";"8";"6";"D40";"48,54593400";"3,55378600"
"202400011988";"13";"09";"2024";"05:30";"3";"13";"13118";"1";"2";"1";"1";"Carrefour RD10 / entrée A8";"43,55036000";"5,23647900"
"202400011989";"21";"04";"2024";"03:00";"3";"34";"34129";"1";"1";"1";"2";"PALAVAS D986 (ROUTE DE)";"43,55177000";"3,89346000"
"202400011990";"24";"11";"2024";"11:45";"1";"24";"24547";"1";"1";"1";"7";"Route du Château";"45,11816000";"1,31781200"
"202400011991";"10";"09";"2024";"16:40";"1";"68";"68267";"1";"1";"1";"2";"autoroute A36 point kilométrique 004+620";"47,74111300";"7,23511900"
"202400011992";"22";"04";"2024";"08:15";"1";"33";"33075";"2";"2";"1";"3";"N/A";"44,87964800";" -0,62680000"
"202400011993";"23";"11";"2024";"19:50";"5";"85";"85084";"2";"6";"1";"3";"avenue de la promenade";"46,77505700";" -1,23204600"
"202400011994";"15";"11";"2024";"01:10";"3";"08";"08255";"2";"1";"1";"6";"N/A";"49,61678600";"5,22716400"
"202400011995";"12";"09";"2024";"18:00";"1";"30";"30169";"1";"9";"1";"6";"A9 PK 58+400 sens 2";"43,79687900";"4,30724700"
"202400011996";"13";"09";"2024";"08:20";"1";"77";"77474";"1";"1";"1";"2";"N3";"48,95722800";"2,79436800"
"202400011997";"22";"11";"2024";"12:03";"1";"38";"38229";"2";"1";"1";"1";"25 Avenue des 7 Laux";"45,21775100";"5,78574700"
"202400011998";"22";"04";"2024";"06:45";"1";"13";"13047";"2";"4";"6";"2";"RASSUEN ROUTE DE";"43,49572000";"4,97388000"
"202400011999";"23";"11";"2024";"07:00";"1";"987";"98729";"2";"1";"1";"7";"Maharepa";" -17,48504900";" -149,81670500"
"202400012000";"13";"09";"2024";"00:40";"3";"66";"66065";"1";"1";"1";"5";"D914";"42,59519651";"2,98107147"
"202400012001";"24";"11";"2024";"15:00";"1";"988";"98814";"1";"3";"2";"6";"Tribu de Hmelek";" -21,03819400";"167,27257900"
"202400012002";"13";"09";"2024";"07:45";"1";"83";"83047";"2";"3";"7";"3";"750 Chemin de Terrimas";"43,12214600";"6,06354100"
"202400012003";"21";"04";"2024";"04:20";"5";"75";"75116";"2";"1";"1";"5";"BD PERIPHERIQUE EXTERIEUR";"48,84408500";"2,25468100"
"202400012004";"23";"11";"2024";"15:40";"1";"971";"97117";"2";"3";"1";"3";"Boulevard Rougé";"16,33023000";" -61,34471100"
"202400012005";"24";"11";"2024";"10:22";"1";"21";"21540";"1";"1";"6";"6";"M700";"47,32820700";"5,10430800"
"202400012006";"12";"09";"2024";"09:10";"1";"13";"13105";"1";"1";"1";"3";"D7n";"43,74074700";"5,10321400"
"202400012007";"22";"04";"2024";"11:05";"1";"75";"75106";"2";"3";"1";"3";"BOULEVARD SAINT MICHEL";"48,84830300";"2,34156600"
"202400012008";"12";"09";"2024";"11:10";"1";"21";"21183";"1";"1";"1";"6";"D116";"47,24087100";"5,28607600"
"202400012009";"22";"11";"2024";"15:45";"1";"18";"18207";"2";"2";"1";"3";"Avenue Gabriel Dordain";"46,99380000";"2,24826500"
"202400012010";"6";"04";"2024";"18:20";"1";"75";"75106";"2";"3";"1";"3";"RUE DE CONDE";"48,85153000";"2,33826500"
"202400012011";"13";"09";"2024";"15:20";"1";"55";"55122";"2";"3";"1";"6";"21 Place Charles de Gaulle";"48,76187900";"5,59295300"
"202400012012";"23";"11";"2024";"17:15";"2";"34";"34327";"1";"2";"2";"3";"M65";"43,65898900";"3,98092400"
"202400012013";"22";"04";"2024";"18:30";"1";"75";"75111";"2";"3";"1";"3";"RUE DU FAUBOURG SAINT ANTOINE";"48,84931800";"2,39009900"
"202400012014";"12";"09";"2024";"15:10";"1";"42";"42046";"2";"4";"1";"3";"Chemin de la Ville";"45,64192900";"4,04612800"
"202400012015";"23";"11";"2024";"21:25";"3";"84";"84067";"1";"1";"1";"3";"Route de Carpentras";"44,06860500";"5,02114600"
"202400012016";"12";"09";"2024";"19:30";"2";"40";"40114";"1";"1";"1";"7";"2475 Route de Herm";"43,81242000";" -1,07304500"
"202400012017";"23";"11";"2024";"23:58";"3";"69";"69001";"1";"1";"6";"6";"Route Départementale 38";"45,84744276";"4,39913853"
"202400012018";"22";"04";"2024";"18:15";"1";"75";"75103";"2";"3";"1";"2";"RUE REAUMUR";"48,86531900";"2,35658900"
"202400012019";"12";"09";"2024";"13:20";"1";"85";"85226";"1";"3";"1";"3";"RD2038";"46,73389700";" -1,95046500"
"202400012020";"20";"04";"2024";"18:20";"1";"94";"94068";"2";"3";"1";"6";"Rue Lafayette / Avenue Pierre Semard";"48,80668000";"2,51038000"
"202400012021";"13";"09";"2024";"09:35";"1";"50";"50025";"2";"2";"1";"3";"Avenue du Rocher";"48,67862500";" -1,34143200"
"202400012022";"24";"11";"2024";"02:50";"3";"35";"35019";"2";"1";"6";"6";"4bis Rue du Châtelet";"48,42576004";" -1,57379260"
"202400012023";"22";"04";"2024";"09:30";"1";"94";"94043";"2";"2";"1";"6";"Rue Gabriel Péri / Rue de la Convention";"48,81244100";"2,35324700"
"202400012024";"15";"11";"2024";"14:30";"1";"60";"60139";"2";"6";"1";"1";"Rue François Truffaut";"49,15700100";"2,25518500"
"202400012025";"12";"09";"2024";"08:00";"2";"35";"35012";"1";"1";"1";"1";"D53 LA GERBAUDIÈRE";"47,85467400";" -1,64135100"
"202400012026";"21";"04";"2024";"15:00";"1";"94";"94048";"2";"2";"8";"2";"N19 / Rue du Vallon";"48,72747000";"2,53925000"
"202400012027";"17";"04";"2024";"17:15";"1";"27";"27213";"1";"2";"1";"3";"croisement des quatre chemins";"49,20504400";"1,50852800"
"202400012028";"22";"04";"2024";"09:00";"1";"93";"93073";"2";"3";"1";"3";"Avenue de la Paix / Rue Lenine";"48,95118000";"2,56744000"
"202400012029";"12";"09";"2024";"18:05";"1";"62";"62060";"2";"1";"1";"6";"D120";"50,23710612";"2,11807458"
"202400012030";"22";"04";"2024";"14:25";"1";"93";"93071";"2";"1";"2";"3";"Boulevard Westinghouse";"48,92704000";"2,51988000"
"202400012031";"12";"09";"2024";"08:20";"1";"13";"13207";"1";"1";"1";"2";"Tunnel Prado Carénage";"43,28260000";"5,39350000"
"202400012032";"21";"04";"2024";"23:20";"5";"93";"93064";"2";"1";"1";"6";"Rue du Général Leclerc";"48,86763300";"2,49324900"
"202400012033";"21";"04";"2024";"17:20";"1";"93";"93045";"2";"3";"1";"1";"Rue de Paris / Rue du Garde-chasse";"48,88040600";"2,41814400"
"202400012034";"12";"09";"2024";"00:42";"3";"13";"13056";"1";"1";"2";"2";"A55-Sens Marseille vers Martigues";"43,39796194";"5,07484271"
"202400012035";"22";"04";"2024";"18:40";"1";"92";"92064";"2";"1";"1";"6";"CALVAIRE";"48,84750265";"2,21855307"
"202400012036";"7";"09";"2024";"11:20";"1";"13";"13071";"1";"1";"1";"2";"A51-Sens Marseille vers Aix en Provence";"43,41160000";"5,36455000"
"202400012037";"22";"04";"2024";"13:15";"1";"92";"92064";"2";"1";"1";"3";"REPUBLIQUE";"48,84663235";"2,21410418"
"202400012038";"22";"04";"2024";"10:22";"1";"92";"92063";"2";"1";"1";"3";"CORIOLIS (RUE DU MARQUIS DE)";"48,85777877";"2,18640500"
"202400012039";"8";"09";"2024";"14:35";"1";"67";"67482";"2";"1";"1";"5";"M350";"48,59870000";"7,75261000"
"202400012040";"22";"04";"2024";"14:07";"1";"92";"92049";"2";"1";"1";"3";"PERIER RUE N°35 A 88 ET 26B A 90";"48,81453435";"2,31463715"
"202400012041";"20";"04";"2024";"19:45";"1";"92";"92026";"2";"9";"9";"3";"PRESIDENT KRUGER";"48,89852455";"2,25583005"
"202400012042";"12";"09";"2024";"17:50";"1";"33";"33550";"1";"1";"1";"4";"N/A";"44,77877700";" -0,55718900"
"202400012043";"16";"04";"2024";"20:40";"1";"92";"92026";"2";"1";"1";"3";"GEORGES CLEMENCEAU";"48,90295650";"2,27140510"
"202400012044";"12";"09";"2024";"04:00";"3";"59";"59343";"1";"1";"1";"6";"AUTOROUTE A22";"50,60042000";"3,11445000"
"202400012045";"12";"09";"2024";"17:15";"1";"91";"91434";"1";"1";"2";"2";"AUTOROUTE A6";"48,66800000";"2,35560000"
"202400012046";"9";"04";"2024";"22:45";"5";"92";"92024";"2";"1";"1";"3";"FOURNIER (RUE)";"48,90440106";"2,29909873"
"202400012047";"12";"09";"2024";"07:14";"2";"94";"94038";"1";"1";"1";"4";"A6A";"48,77730361";"2,34638358"
"202400012048";"22";"04";"2024";"17:10";"1";"92";"92014";"2";"1";"1";"6";"BIEVRE (RUE DE LA)";"48,78117691";"2,31901431"
"202400012049";"11";"09";"2024";"21:30";"3";"92";"92048";"1";"1";"1";"2";"N118";"48,79123833";"2,22009228"
"202400012050";"21";"04";"2024";"11:55";"1";"33";"33478";"2";"7";"1";"6";"N/A";"45,01450800";" -0,00113100"
"202400012051";"23";"04";"2024";"18:30";"1";"76";"76054";"1";"1";"1";"6";"D149";"49,90954700";"1,38120900"
"202400012052";"11";"09";"2024";"14:20";"1";"93";"93066";"1";"1";"1";"7";"AUTOROUTE A86";"48,92418411";"2,34161019"
"202400012053";"23";"04";"2024";"17:10";"1";"91";"91666";"1";"1";"1";"1";"D35";"48,66759700";"2,19933600"
"202400012054";"12";"09";"2024";"14:30";"1";"77";"77517";"1";"1";"1";"2";"A104.INT";"48,90666500";"2,63983300"
"202400012055";"23";"04";"2024";"09:30";"1";"83";"83091";"2";"3";"1";"3";"Av des Anciens Combattants d?Afn";"43,22251100";"6,14176000"
"202400012056";"12";"09";"2024";"11:11";"1";"94";"94052";"1";"1";"1";"3";"A86";"48,83441554";"2,49343043"
"202400012057";"23";"03";"2024";"18:00";"1";"79";"79307";"2";"3";"1";"5";"N/A";"46,13432200";"0,12219500"
"202400012058";"12";"09";"2024";"09:00";"1";"77";"77384";"1";"1";"1";"2";"A5B";"48,60121398";"2,63442069"
"202400012059";"22";"04";"2024";"17:00";"1";"95";"95026";"1";"1";"1";"6";"GOURDEAUX (RUE DES)";"49,13074500";"2,36079500"
"202400012060";"19";"06";"2024";"18:31";"1";"14";"14047";"2";"6";"1";"6";"7 Boulevard du 6 Juin";"49,27878000";" -0,71851000"
"202400012061";"23";"04";"2024";"16:50";"1";"65";"65258";"2";"1";"1";"2";"Rue des Résistants";"43,11127200";"0,38504200"
"202400012062";"23";"04";"2024";"11:15";"1";"65";"65330";"2";"1";"1";"6";"D935";"43,42956400";"0,04740000"
"202400012063";"11";"09";"2024";"07:00";"2";"44";"44109";"2";"9";"2";"6";"27 Boulevard Henry Orrion";"47,23334000";" -1,55967000"
"202400012064";"1";"04";"2024";"18:08";"1";"71";"71479";"1";"1";"2";"6";"chemin du brosset";"46,83475800";"4,43909900"
"202400012065";"16";"04";"2024";"19:00";"5";"92";"92023";"2";"1";"1";"2";"PAIX (AVENUE DE LA)";"48,81530925";"2,27722174"
"202400012066";"22";"04";"2024";"12:30";"1";"63";"63378";"2";"1";"1";"7";"Route de Pre Monsieur";"45,66790760";"3,23892206"
"202400012067";"23";"04";"2024";"14:15";"1";"63";"63368";"1";"1";"1";"6";"Chemin de Larmat";"45,68888815";"3,29217555"
"202400012068";"11";"09";"2024";"11:15";"1";"974";"97416";"1";"1";"1";"4";"RN3 (ANCIENNE ROUTE)";" -21,31447000";"55,44019000"
"202400012069";"22";"04";"2024";"16:55";"1";"47";"47280";"2";"1";"1";"1";"26 Avenue Georges Robert";"44,39970500";"0,80470000"
"202400012070";"22";"04";"2024";"16:00";"1";"31";"31579";"1";"1";"1";"4";"D45";"43,73817400";"1,49602900"
"202400012071";"11";"09";"2024";"07:50";"1";"974";"97416";"1";"1";"1";"2";"RN3 (ANCIENNE ROUTE)";" -21,33112000";"55,46740000"
"202400012072";"23";"04";"2024";"11:30";"1";"50";"50412";"2";"1";"1";"6";"15 Rue Aubert";"49,33390500";" -1,69865300"
"202400012073";"21";"04";"2024";"17:33";"1";"60";"60577";"1";"1";"1";"6";"12 Route Nationale";"49,45470100";"1,78809900"
"202400012074";"21";"04";"2024";"15:40";"1";"53";"53027";"1";"1";"1";"7";"D24";"47,89997000";" -0,41696000"
"202400012075";"11";"09";"2024";"19:40";"5";"974";"97411";"2";"4";"1";"2";"FRANCISCEAS (CHEMIN DES)";" -20,91032000";"55,47757000"
"202400012076";"22";"04";"2024";"17:55";"1";"53";"53247";"1";"5";"1";"3";"La Cocherie";"48,12058300";" -1,01985400"
"202400012077";"11";"09";"2024";"11:15";"1";"974";"97411";"2";"2";"1";"3";"LABOURDONNAIS";" -20,87627000";"55,44923000"
"202400012078";"21";"04";"2024";"05:25";"5";"21";"21638";"2";"6";"1";"6";"D974";"47,51495400";"5,17539700"
"202400012079";"11";"09";"2024";"18:35";"3";"974";"97407";"1";"1";"1";"2";"ROUTE NATIONALE N° 1";" -20,95898000";"55,30843000"
"202400012080";"11";"09";"2024";"01:05";"5";"69";"69388";"2";"1";"1";"6";"Rue Laennec";"45,73569000";"4,88875000"
"202400012081";"23";"04";"2024";"16:15";"1";"87";"87032";"1";"1";"1";"3";"chareilles";"45,64104800";"0,98459600"
"202400012082";"21";"04";"2024";"16:34";"1";"30";"30050";"1";"1";"1";"7";"D27";"43,92765700";"4,04907300"
"202400012083";"10";"09";"2024";"07:25";"2";"95";"95323";"2";"2";"1";"6";"OISE (BOULEVARD DE L')";"49,02102920";"2,02187955"
"202400012084";"12";"04";"2024";"19:30";"5";"973";"97309";"2";"3";"1";"3";"Route de Rémire";"4,89889483";" -52,27388665"
"202400012085";"11";"09";"2024";"20:00";"1";"91";"91103";"1";"9";"1";"3";"AV DE LA MAISON NEUVE";"48,58814000";"2,30422000"
"202400012086";"19";"04";"2024";"16:40";"1";"33";"33284";"1";"1";"1";"4";"N/A";"44,65717600";" -0,82878100"
"202400012087";"22";"04";"2024";"17:20";"1";"34";"34022";"1";"1";"1";"2";"A9, PK 90, direction MONTPELLIER";"43,65699057";"3,99655722"
"202400012088";"24";"08";"2024";"13:30";"1";"89";"89387";"2";"1";"1";"3";"Avenue Henri Delanne";"48,17580000";"3,28984000"
"202400012089";"22";"04";"2024";"11:50";"1";"30";"30189";"1";"1";"1";"2";"Autorouter A54 - PK 01+000";"43,80794500";"4,35309600"
"202400012090";"11";"09";"2024";"13:20";"1";"87";"87050";"1";"1";"2";"6";"LIMOGES (AVENUE DE)";"45,85668000";"1,24586000"
"202400012091";"21";"04";"2024";"14:15";"1";"988";"98830";"1";"9";"1";"7";"Paola (Tribu) lieu dit Tyeme";" -20,75913000";"165,11664000"
"202400012092";"22";"04";"2024";"15:30";"1";"77";"77089";"1";"3";"1";"3";"RD 213 PK13+900";"48,49786700";"2,97516000"
"202400012093";"22";"04";"2024";"08:20";"1";"77";"77508";"1";"6";"1";"1";"RD231 PK 42+795";"48,81602000";"2,84189700"
"202400012094";"10";"09";"2024";"17:45";"1";"81";"81004";"2";"1";"1";"6";"LATTRE DE TASSIGNY (AV DE)";"43,93173080";"2,16586190"
"202400012095";"23";"04";"2024";"14:10";"1";"34";"34157";"1";"3";"1";"5";"D613";"43,45355000";"3,54905100"