"Num_Acc";"jour";"mois";"an";"hrmn";"lum";"dep";"com";"agg";"int";"atm";"col";"adr";"lat";"long"
"202400012096";"17";"04";"2024";"17:46";"1";"84";"84067";"1";"1";"1";"6";"Chemin du Canal de Carpentras";"44,07007000";"5,02833200"
"202400012097";"9";"09";"2024";"11:25";"1";"80";"80021";"2";"1";"2";"3";"ALSACE LORRAINE (BOULEVARD D')";"49,89264000";"2,30770000"
"202400012098";"22";"04";"2024";"16:30";"1";"83";"83068";"1";"6";"2";"2";"D559";"43,28131000";"6,58258600"
"202400012099";"22";"04";"2024";"14:55";"1";"13";"13059";"2";"1";"1";"1";"D96";"43,64277600";"5,53802100"
"202400012100";"22";"04";"2024";"19:00";"2";"67";"67463";"1";"1";"1";"7";"D468";"48,89010200";"8,09171000"
"202400012101";"11";"09";"2024";"17:10";"1";"78";"78551";"2";"1";"1";"6";"LOGES (AVENUE DES)";"48,90311500";"2,09347700"
"202400012102";"22";"04";"2024";"18:00";"1";"07";"07326";"2";"1";"8";"6";"camping municipal";"44,76788600";"4,16543300"
"202400012103";"22";"04";"2024";"23:50";"3";"50";"50041";"1";"2";"1";"6";"D22";"49,64409600";" -1,77154500"
"202400012104";"23";"04";"2024";"14:45";"1";"27";"27008";"1";"1";"1";"6";"Route du Manoir";"49,31349900";"1,19029500"
"202400012105";"11";"09";"2024";"19:15";"1";"78";"78005";"1";"4";"1";"3";"RD30";"48,97891600";"2,08310000"
"202400012106";"10";"09";"2024";"16:45";"1";"77";"77495";"2";"1";"1";"6";"PASTEUR (RUE)";"48,56591000";"2,61655000"
"202400012107";"3";"02";"2024";"13:50";"1";"33";"33063";"2";"2";"1";"3";"N/A";"44,84249800";" -0,59125300"
"202400012108";"22";"04";"2024";"10:45";"1";"76";"76567";"1";"2";"1";"3";"départemantale 929";"49,75297700";"1,54475900"
"202400012109";"3";"02";"2024";"17:25";"2";"31";"31555";"2";"9";"8";"3";"RUE DU POUSET";"43,56873877";"1,45153876"
"202400012110";"19";"04";"2024";"08:45";"1";"59";"59212";"2";"1";"1";"6";"Rue du College";"50,64503800";"2,72106900"
"202400012111";"11";"09";"2024";"14:30";"1";"77";"77143";"1";"1";"1";"3";"D405";"48,98871000";"2,88191000"
"202400012112";"20";"04";"2024";"13:00";"1";"59";"59350";"1";"1";"1";"3";"ROUTE NATIONALE 356";"50,62713000";"3,08346000"
"202400012113";"11";"09";"2024";"12:50";"1";"77";"77284";"2";"1";"1";"6";"VIEUX MOULINS (RUE DES)";"48,95923000";"2,87714000"
"202400012114";"20";"04";"2024";"02:35";"5";"59";"59350";"1";"1";"1";"7";"AUTOROUTE A25";"50,62237000";"3,02409000"
"202400012115";"11";"09";"2024";"10:15";"1";"77";"77143";"1";"1";"8";"7";"RD 38";"48,98132000";"2,87457000"
"202400012116";"2";"02";"2024";"15:40";"1";"19";"19272";"2";"3";"1";"3";"Raymond Poincaré (Av)";"45,27094000";"1,76944000"
"202400012117";"22";"04";"2024";"09:20";"1";"92";"92025";"1";"1";"1";"2";"A86";"48,92166380";"2,22632534"
"202400012118";"3";"02";"2024";"13:57";"1";"16";"16102";"2";"1";"1";"6";"MONNET (PLACE JEAN)";"45,69303400";" -0,32681300"
"202400012119";"12";"09";"2024";"00:15";"5";"69";"69256";"2";"3";"2";"3";"Avenue de Böhlen";"45,76643000";"4,92986000"
"202400012120";"22";"04";"2024";"08:20";"1";"95";"95042";"1";"1";"1";"2";"N104";"49,06219202";"2,32376321"
"202400012121";"3";"02";"2024";"19:06";"5";"14";"14118";"2";"1";"1";"7";"62 Rue Armand Marie";"49,16378000";" -0,35881000"
"202400012122";"11";"09";"2024";"12:30";"1";"69";"69256";"2";"1";"1";"6";"Place Gilbert Boissier";"45,78601000";"4,92663000"
"202400012123";"22";"04";"2024";"10:00";"1";"93";"93053";"1";"1";"1";"3";"A86";"48,89937884";"2,46926068"
"202400012124";"11";"09";"2024";"13:55";"1";"69";"69264";"2";"2";"1";"6";"90 Boulevard Etienne Bernand";"45,98584000";"4,71500000"
"202400012125";"22";"04";"2024";"08:00";"1";"93";"93007";"1";"1";"1";"2";"A3";"48,93333787";"2,48068994"
"202400012126";"3";"02";"2024";"07:15";"1";"13";"13203";"2";"3";"1";"3";"GÉNÉRAL LECLERC (RUE)";"43,30445000";"5,37509000"
"202400012127";"7";"09";"2024";"22:00";"5";"64";"64445";"2";"9";"1";"2";"CATHERINE DE BOURBON";"43,31901000";" -0,36026000"
"202400012128";"21";"04";"2024";"22:20";"4";"93";"93064";"1";"1";"1";"2";"A86";"48,88401889";"2,47154067"
"202400012129";"3";"02";"2024";"15:45";"1";"13";"13028";"2";"1";"1";"1";"DULAC (AVENUE GUILLAUME)";"43,19300000";"5,60970000"
"202400012130";"3";"02";"2024";"12:25";"1";"09";"09225";"2";"7";"1";"6";"CHARLES DE GAULLE RUE";"43,11592000";"1,61017000"
"202400012131";"11";"09";"2024";"09:50";"1";"62";"62133";"2";"1";"1";"7";"Rue des Fusillés";"50,41662000";"2,91233000"
"202400012132";"21";"04";"2024";"04:40";"3";"95";"95604";"1";"1";"1";"3";"A1";"49,12303000";"2,55701000"
"202400012133";"3";"02";"2024";"11:40";"1";"75";"75117";"2";"1";"1";"4";"PORTE DE CLICHY";"48,89781000";"2,31361000"
"202400012134";"5";"08";"2024";"17:22";"1";"13";"13212";"1";"1";"1";"4";"A507 sens Marseille - Aubagne";"43,29932000";"5,42532000"
"202400012135";"4";"09";"2024";"17:35";"1";"62";"62270";"2";"9";"1";"4";"D941";"50,46711722";"2,50147820"
"202400012136";"3";"02";"2024";"09:05";"1";"75";"75118";"2";"1";"1";"6";"BOULEVARD NEY";"48,89856400";"2,35684400"
"202400012137";"21";"04";"2024";"19:30";"3";"974";"97411";"1";"1";"2";"4";"LITTORAL (ROUTE 1 DU)";" -20,88372000";"55,39155000"
"202400012138";"25";"07";"2024";"11:40";"1";"83";"83137";"1";"1";"1";"2";"N/A";"43,12212803";"5,95605755"
"202400012139";"5";"09";"2024";"14:30";"1";"59";"59196";"2";"1";"1";"6";"ZONE COMMERCIALE";"50,63614000";"2,96553000"
"202400012140";"21";"04";"2024";"16:30";"1";"974";"97411";"1";"1";"1";"1";"RN2/111";" -20,88571000";"55,49733000"
"202400012141";"3";"02";"2024";"18:10";"5";"75";"75105";"2";"3";"8";"6";"RUE SAINT JACQUES";"48,84491000";"2,34236400"
"202400012142";"6";"08";"2024";"09:09";"1";"33";"33281";"1";"1";"1";"7";"N/A";"44,85621000";" -0,66290000"
"202400012143";"21";"04";"2024";"13:10";"1";"973";"97302";"1";"1";"2";"6";"LEBLOND (ROND POINT)";"4,92112758";" -52,33042628"
"202400012144";"3";"02";"2024";"13:50";"1";"75";"75115";"2";"2";"8";"7";"BOULEVARD GENERAL MARTIAL VALIN";"48,83874200";"2,26987500"
"202400012145";"10";"09";"2024";"16:50";"1";"56";"56098";"2";"3";"8";"7";"Rue de la République";"47,75693000";" -3,34498000"
"202400012146";"5";"08";"2024";"23:00";"3";"92";"92072";"1";"1";"1";"7";"N118";"48,82499763";"2,22100700"
"202400012147";"21";"04";"2024";"05:58";"4";"973";"97309";"2";"1";"2";"7";"TIGRE (ROUTE DU)";"4,90929000";" -52,30778000"
"202400012148";"2";"02";"2024";"21:15";"5";"75";"75112";"2";"1";"1";"2";"QUAI DE BERCY";"48,83275000";"2,38329000"
"202400012149";"10";"09";"2024";"12:15";"1";"56";"56121";"2";"9";"1";"3";"13 Rue François Toullec";"47,73237000";" -3,37976000"
"202400012150";"21";"04";"2024";"13:26";"1";"971";"97101";"1";"1";"1";"3";"GRAND CAMP(SECTION)";"16,25315000";" -61,54237000"
"202400012151";"5";"08";"2024";"18:45";"1";"95";"95527";"1";"1";"1";"2";"A1";"48,99881679";"2,52018602"
"202400012152";"3";"02";"2024";"14:30";"1";"75";"75110";"2";"3";"8";"3";"RUE SAINT MAUR";"48,87177400";"2,37195500"
"202400012153";"11";"09";"2024";"10:30";"1";"53";"53130";"2";"9";"1";"6";"KELLERMANN ( BOULEVARD )";"48,06239700";" -0,74969200"
"202400012154";"20";"04";"2024";"21:25";"5";"971";"97101";"1";"9";"3";"7";"BOZON";"16,25467000";" -61,47575000"
"202400012155";"6";"08";"2024";"18:40";"1";"77";"77146";"1";"1";"1";"3";"RN104";"48,81497228";"2,62559359"
"202400012156";"11";"09";"2024";"21:00";"5";"51";"51454";"2";"1";"1";"6";"ELUS (RUE DES)";"49,25589000";"4,03261000"
"202400012157";"3";"02";"2024";"22:00";"5";"94";"94067";"2";"5";"2";"6";"Avenue Gallieni / Avenue Foch";"48,84655033";"2,41748169"
"202400012158";"20";"04";"2024";"11:30";"1";"971";"97120";"1";"1";"1";"6";"HANNE (BOULEVARD)";"16,24067000";" -61,53356000"
"202400012159";"19";"05";"2024";"19:35";"2";"34";"34172";"2";"1";"1";"7";"Rue Auguste Broussonnet";"43,61689600";"3,86914800"
"202400012160";"2";"02";"2024";"22:10";"5";"94";"94080";"2";"3";"2";"6";"Avenue de Paris / Avenue du Petit Parc";"48,84538400";"2,42881200"
"202400012161";"11";"09";"2024";"13:15";"1";"51";"51454";"2";"2";"1";"3";"ALBERT 1ER (BOULEVARD)";"49,27082800";"4,01111100"
"202400012162";"21";"04";"2024";"04:20";"3";"95";"95203";"2";"6";"1";"6";"D928";"48,99347445";"2,28194296"
"202400012163";"3";"02";"2024";"00:25";"5";"94";"94052";"2";"1";"2";"6";"Boulevard de Strasbourg";"48,84163105";"2,48331956"
"202400012164";"11";"09";"2024";"07:10";"2";"51";"51454";"2";"1";"2";"6";"PAIX (BOULEVARD DE LA)";"49,25699000";"4,03938000"
"202400012165";"5";"08";"2024";"16:22";"1";"973";"97302";"2";"1";"1";"1";"CHARLERY (GUSTAVE)";"4,93958149";" -52,31805503"
"202400012166";"5";"08";"2024";"14:15";"1";"972";"97209";"1";"9";"1";"6";"SOLEIL COU COUPE (RUE)";"14,60186000";" -61,04256000"
"202400012167";"7";"09";"2024";"00:33";"5";"51";"51506";"2";"6";"1";"2";"SIMON (AVE JACQUES)";"48,94470000";"4,39091000"
"202400012168";"16";"04";"2024";"17:30";"1";"95";"95476";"1";"1";"1";"4";"N14";"49,05696942";"2,04149734"
"202400012169";"2";"02";"2024";"21:00";"5";"94";"94060";"2";"5";"1";"2";"Avenue du Maréchal Mortier / Rue Pierre de Coubertin";"48,79111000";"2,57754000"
"202400012170";"11";"09";"2024";"19:19";"1";"49";"49007";"2";"1";"1";"3";"CHALOUERE";"47,47939000";" -0,54203000"
"202400012171";"4";"08";"2024";"18:45";"3";"972";"97209";"2";"1";"2";"1";"CLUNY (ROUTE DE)";"14,61512000";" -61,08164000"
"202400012172";"2";"02";"2024";"15:20";"1";"93";"93047";"2";"2";"1";"3";"Rue du Général de Gaulle / Avenue Daniel Perdrige";"48,89934799";"2,55949366"
"202400012173";"10";"09";"2024";"15:15";"1";"49";"49267";"2";"1";"1";"3";"GATS";"47,47408000";" -0,51516000"
"202400012174";"21";"04";"2024";"17:20";"1";"91";"91692";"1";"3";"1";"4";"RD35";"48,67533000";"2,18971000"
"202400012175";"5";"08";"2024";"15:00";"1";"69";"69389";"2";"2";"1";"3";"Rue Laporte";"45,77871000";"4,80492000"
"202400012176";"3";"02";"2024";"16:35";"1";"93";"93071";"2";"1";"1";"2";"Avenue John Fitzgerald Kennedy";"48,94396000";"2,51262000"
"202400012177";"10";"09";"2024";"17:50";"1";"41";"41212";"1";"1";"1";"2";"RD 956";"47,56754000";"1,37119000"
"202400012178";"5";"08";"2024";"17:14";"1";"971";"97101";"2";"1";"1";"6";"PROVIDENCE";"16,26363000";" -61,51282000"
"202400012179";"21";"04";"2024";"12:15";"1";"91";"91174";"2";"2";"1";"1";"AVENUE SERGE DASSAULT";"48,61301000";"2,46411000"
"202400012180";"2";"02";"2024";"20:24";"5";"92";"92050";"2";"2";"1";"3";"PROVINCES FRANCAISES BD DES";"48,90084037";"2,21494925"
"202400012181";"11";"09";"2024";"07:00";"2";"37";"37208";"2";"6";"3";"3";"GRANGES GALANT (RUE DES)";"47,36710000";"0,72053000"
"202400012182";"4";"08";"2024";"02:30";"3";"971";"97101";"1";"1";"1";"6";"Marin BONINE";"16,27480000";" -61,48602000"
"202400012183";"21";"04";"2024";"10:10";"1";"91";"91223";"2";"1";"1";"6";"CHARPENTIER (AVENUE THEODORE)";"48,42898100";"2,15261000"
"202400012184";"3";"02";"2024";"23:30";"5";"92";"92049";"2";"1";"1";"6";"GINOUX AV. HENRI N°1 A 95 ET 2 A 104";"48,81722257";"2,32173157"
"202400012185";"4";"08";"2024";"01:55";"4";"971";"97101";"1";"1";"1";"6";"PROVIDENCE";"16,26442000";" -61,51189000"
"202400012186";"21";"04";"2024";"09:00";"1";"83";"83090";"2";"1";"1";"7";"MONNET (AVE JEAN)";"43,12666000";"5,86441000"
"202400012187";"11";"09";"2024";"15:40";"1";"35";"35238";"2";"1";"1";"2";"MITTERAND (MAIL FRANCOIS)";"48,10835000";" -1,69599000"
"202400012188";"3";"08";"2024";"18:40";"3";"971";"97101";"1";"1";"1";"6";"ROUTE DE COMA";"16,27296000";" -61,46711000"
"202400012189";"3";"02";"2024";"15:10";"1";"92";"92048";"2";"2";"8";"3";"COLONEL MORAINE (ROUTE DU)";"48,79648761";"2,21765417"
"202400012190";"11";"09";"2024";"09:55";"1";"35";"35238";"2";"1";"1";"6";"CHATEAU (AVENUE FRANCOIS)";"48,11101000";" -1,64899000"
"202400012191";"20";"04";"2024";"15:15";"1";"78";"78551";"2";"9";"1";"6";"PENDANTS D'HENNEMONT (AVENUE DES)";"48,89280400";"2,05805900"
"202400012192";"3";"02";"2024";"02:10";"5";"92";"92026";"2";"9";"2";"6";"HÔTEL DE VILLE (PLACE";"48,89463000";"2,25687000"
"202400012193";"31";"07";"2024";"23:10";"5";"95";"95268";"1";"9";"1";"2";"MORILLONS (AVENUE DES)";"48,96334700";"2,39866800"
"202400012194";"21";"04";"2024";"16:10";"1";"78";"78423";"2";"4";"8";"6";"BLES D'OR (RUE DES)";"48,77897700";"2,03585200"
"202400012195";"3";"02";"2024";"12:45";"1";"92";"92024";"2";"1";"1";"6";"GENERAL LECLERC (BD DU) (9 A 59)   (4 A";"48,90146489";"2,31505644"
"202400012196";"11";"09";"2024";"19:18";"2";"31";"31555";"1";"1";"2";"4";"VA008493 LA CRABE A624 Sortie 2";"43,61153000";"1,38004000"
"202400012197";"3";"08";"2024";"15:12";"1";"91";"91377";"2";"4";"1";"3";"AV DES MARTYRS DE SOWETO";"48,73451000";"2,27028000"
"202400012198";"3";"02";"2024";"19:55";"5";"92";"92007";"2";"3";"1";"1";"SUISSES (VOIE DES)";"48,80158000";"2,30032000"
"202400012199";"10";"09";"2024";"08:00";"1";"29";"29019";"2";"6";"1";"3";"rue Beaumanoir";"48,38666900";" -4,51506600"
"202400012200";"2";"08";"2024";"11:20";"1";"89";"89287";"2";"1";"1";"2";"JULES FERRY (RUE)";"48,18304000";"3,24303000"
"202400012201";"12";"01";"2024";"21:15";"3";"50";"50541";"1";"1";"1";"7";"Route de Villedieu";"48,83718200";" -1,50894600"
"202400012202";"2";"08";"2024";"14:20";"1";"87";"87085";"2";"1";"1";"6";"LECLERC (AVENUE DU GENERAL)";"45,85000000";"1,26311000"
"202400012203";"11";"09";"2024";"17:35";"1";"28";"28134";"2";"8";"1";"3";"SAINT THIBAULT (RUE)";"48,73349700";"1,35377900"
"202400012204";"3";"02";"2024";"16:35";"1";"22";"22311";"1";"1";"1";"3";"D19";"48,55922700";" -2,24052400"
"202400012205";"11";"09";"2024";"11:55";"1";"25";"25056";"2";"8";"2";"3";"ALLENDE  BOULEVARD SALVADOR";"47,21988000";"5,97327000"
"202400012206";"21";"04";"2024";"12:50";"1";"77";"77441";"2";"1";"1";"3";"VALVINS (AVENUE DE)";"48,42918933";"2,74332443"
"202400012207";"3";"02";"2024";"16:20";"1";"49";"49092";"1";"1";"1";"1";"D961";"47,29932200";" -0,73963500"
"202400012208";"4";"08";"2024";"09:00";"1";"84";"84007";"2";"3";"1";"3";"QUAI SAINT LAZARE (Bd du)";"43,95329000";"4,81384000"
"202400012209";"11";"09";"2024";"23:55";"3";"22";"22360";"1";"1";"1";"6";"ROND POINT DE BREZILLET";"48,49335000";" -2,76294000"
"202400012210";"3";"02";"2024";"20:45";"3";"31";"31575";"1";"1";"1";"6";"Chemin des Etroits - PR 26";"43,52597700";"1,42779900"
"202400012211";"5";"08";"2024";"19:20";"1";"83";"83137";"2";"1";"1";"6";"MISSIESSY (HLM / CITE)";"43,12672000";"5,90820000"
"202400012212";"4";"02";"2024";"01:00";"3";"974";"97412";"2";"9";"1";"6";"Sentier des Ritournelles";" -21,36803500";"55,62291300"
"202400012213";"10";"09";"2024";"17:45";"1";"22";"22215";"2";"1";"1";"3";"FREHEL RUE DE)";"48,49130000";" -2,79576000"
"202400012214";"11";"12";"2024";"18:30";"3";"78";"78172";"2";"1";"1";"2";"RN 184";"49,01331100";"2,08974000"
"202400012215";"3";"02";"2024";"15:45";"1";"62";"62261";"2";"1";"1";"3";"D144";"50,48619453";"1,61743587"
"202400012216";"5";"08";"2024";"14:20";"1";"83";"83062";"2";"3";"1";"1";"FABRI DE PEIRESC (AVENUE)";"43,14112000";"6,03005000"
"202400012217";"16";"12";"2024";"21:20";"5";"77";"77379";"2";"9";"9";"6";"JEAN JAURES (AVENUE)";"48,55614306";"3,30312610"
"202400012218";"10";"09";"2024";"18:20";"1";"14";"14118";"2";"3";"1";"6";"7 Rue Daniel Huet";"49,17823000";" -0,36219000"
"202400012219";"3";"02";"2024";"20:15";"3";"44";"44149";"1";"1";"1";"3";"N/A";"47,48588200";" -1,62946300"
"202400012220";"5";"08";"2024";"10:45";"1";"83";"83062";"2";"9";"1";"3";"L'HERMINIER (AVENUE JEAN)";"43,12861000";"6,01916000"
"202400012221";"11";"09";"2024";"12:10";"1";"13";"13103";"2";"9";"1";"6";"BOULEVARD DU ROY RENE";"43,63709000";"5,09544000"
"202400012222";"30";"12";"2024";"20:45";"5";"77";"77449";"2";"2";"2";"3";"RUE EMILE CLOUD";"48,85100929";"2,78678465"
"202400012223";"4";"08";"2024";"06:10";"1";"83";"83034";"1";"1";"1";"1";"RUE DES 3 PINS";"43,10328000";"6,05564000"
"202400012224";"4";"02";"2024";"13:30";"1";"30";"30315";"1";"4";"1";"7";"Chemin du Pont de la Grave";"43,95227800";"4,71207800"
"202400012225";"10";"09";"2024";"09:30";"1";"13";"13207";"2";"1";"1";"3";"CORDERIE (BOULEVARD DE LA)";"43,29029000";"5,36889000"
"202400012226";"1";"08";"2024";"14:45";"1";"83";"83118";"2";"1";"1";"1";"BOULEVARD DU CERCERON";"43,43586762";"6,79438984"
"202400012227";"27";"12";"2024";"19:30";"5";"76";"76351";"2";"1";"1";"6";"Rue Florimond Laurent";"49,51510400";"0,11241900"
"202400012228";"9";"09";"2024";"17:55";"1";"10";"10333";"2";"2";"2";"3";"PAIX (RUE DE LA )";"48,27723000";"4,05870000"
"202400012229";"3";"02";"2024";"17:05";"1";"56";"56036";"1";"1";"1";"5";"Lieu-Dit Kergohal";"47,81608300";" -3,33548200"
"202400012230";"5";"08";"2024";"21:00";"1";"82";"82033";"2";"1";"1";"7";"Route des Barthes";"44,06481258";"1,13472381"
"202400012231";"30";"12";"2024";"06:40";"2";"72";"72181";"2";"1";"1";"2";"MESSIAEN OLIVIER (AV) PAIRS";"48,01579000";"0,15282000"
"202400012232";"11";"09";"2024";"19:10";"1";"03";"03101";"1";"2";"2";"3";"CD943";"46,39881100";"2,53544300"
"202400012233";"3";"02";"2024";"13:10";"1";"76";"76488";"1";"2";"8";"3";"d925/d271";"49,78431200";"0,60967700"
"202400012234";"30";"12";"2024";"19:50";"5";"71";"71306";"2";"4";"1";"6";"PAUL BERT (RUE)";"46,67299387";"4,36098486"
"202400012235";"5";"08";"2024";"19:30";"1";"82";"82033";"2";"2";"1";"3";"Rue de la République";"44,03882000";"1,10871000"