"Num_Acc";"jour";"mois";"an";"hrmn";"lum";"dep";"com";"agg";"int";"atm";"col";"adr";"lat";"long"
"202400012236";"4";"02";"2024";"11:10";"1";101;101362";"2";"1";"1";"6";"T10 - sainte lucie de porto vecchio";"41,69803900";"9,34415600"
"202400012237";"4";"09";"2024";"08:00";"1";"02";"02304";"2";"1";"1";"6";"25 Rue du Bourget";"49,66329800";"3,36365600"
"202400012238";"30";"12";"2024";"10:50";"1";"67";"67482";"2";"1";"8";"6";"FAUBOURG DE PIERRE (PONT DU)";"48,58690500";"7,74654000"
"202400012239";"5";"08";"2024";"07:30";"1";"82";"82033";"1";"1";"1";"2";"Route de Lafrançaise";"44,04870784";"1,11920750"
"202400012240";"30";"01";"2024";"11:25";"1";"81";"81073";"1";"1";"1";"3";"le truel";"43,94494800";"2,30528900"
"202400012241";"28";"12";"2024";"12:01";"1";"66";"66136";"2";"3";"1";"3";"DESNOYE (BOULEVARD DR. JOSEPH)";"42,70940000";"2,88559000"
"202400012242";"5";"08";"2024";"21:10";"1";"81";"81065";"2";"1";"1";"2";"DE GAULLE RD 612 (AV. CHARLES)";"43,60213000";"2,25035000"
"202400012243";"30";"12";"2024";"14:30";"1";"64";"64335";"1";"1";"1";"7";"D817";"43,34277000";" -0,41260000"
"202400012244";"3";"02";"2024";"17:25";"2";"71";"71014";"2";"2";"1";"3";"28 Rue Saint-Pancrace";"46,94617700";"4,30353500"
"202400012245";"11";"09";"2024";"17:55";"1";"75";"75117";"2";"1";"1";"5";"BD PERIPHERIQUE EXTERIEUR";"48,87937900";"2,28134500"
"202400012246";"6";"08";"2024";"01:15";"5";"81";"81257";"2";"6";"1";"1";"133 Avenue Jean Jaurès";"43,94464000";"2,19858000"
"202400012247";"29";"12";"2024";"12:25";"1";"64";"64445";"2";"1";"1";"6";"EMILE GUICHENNE";"43,29869000";" -0,36892000"
"202400012248";"3";"02";"2024";"08:45";"1";"89";"89189";"1";"2";"8";"3";"D23";"48,28559500";"3,26108600"
"202400012249";"3";"02";"2024";"22:50";"3";"63";"63196";"1";"1";"5";"6";"D43 8+285";"45,96064609";"3,41817833"
"202400012250";"3";"08";"2024";"18:15";"1";"80";"80021";"2";"8";"1";"7";"Rue Robert le Coq";"49,90082000";"2,26980000"
"202400012251";"30";"12";"2024";"04:00";"5";"64";"64024";"2";"1";"1";"1";"LAZARET (RUE DU)";"43,52263000";" -1,50110000"
"202400012252";"11";"09";"2024";"10:35";"1";"75";"75116";"2";"1";"1";"2";"BOULEVARD PERIPHERIQUE INTERIEUR OUEST";"48,87436400";"2,27595500"
"202400012253";"1";"02";"2024";"08:45";"1";"61";"61066";"1";"1";"5";"6";"N12 PK 37+740";"48,51065500";"0,40550700"
"202400012254";"5";"08";"2024";"14:41";"1";"80";"80001";"2";"1";"1";"3";"AMIENS (d')";"50,10285200";"1,85304900"
"202400012255";"18";"01";"2024";"15:50";"1";"49";"49183";"1";"1";"1";"7";"d6";"47,49332700";" -0,97027300"
"202400012256";"11";"09";"2024";"08:30";"1";"75";"75120";"2";"1";"1";"3";"BOULEVARD PERIPHERIQUE INTERIEUR NORD  ";"48,86350200";"2,41340800"
"202400012257";"4";"02";"2024";"13:00";"1";"42";"42128";"1";"1";"5";"6";"N7";"45,91881100";"4,32230500"
"202400012258";"30";"12";"2024";"06:45";"5";"62";"62041";"2";"1";"8";"6";"Rue des 3 Visages";"50,29228000";"2,77694000"
"202400012259";"4";"08";"2024";"16:00";"1";"78";"78551";"1";"1";"1";"2";"ROUTE NATIONALE 13";"48,88878000";"2,08592000"
"202400012260";"23";"12";"2024";"21:10";"3";"49";"49099";"1";"1";"1";"7";"RUISSEAUX (RUE DES)";"47,01712000";" -0,90038000"
"202400012261";"11";"09";"2024";"05:15";"5";"75";"75120";"2";"1";"2";"6";"BOULEVARD PERIPHERIQUE INTERIEUR NORD  ";"48,86489591";"2,41262019"
"202400012262";"4";"02";"2024";"09:45";"1";"42";"42092";"1";"1";"1";"1";"Route des Brossettes";"45,49854900";"4,38369000"
"202400012263";"30";"12";"2024";"15:00";"1";"49";"49007";"2";"1";"1";"6";"CHURCHILL AVENUE ET SQUARE";"47,45237100";" -0,55592500"
"202400012264";"5";"08";"2024";"07:40";"1";"77";"77475";"2";"2";"1";"2";"D'ORMAGNE (RUE D')";"48,95775100";"2,94717100"
"202400012265";"4";"02";"2024";"07:00";"5";"47";"47252";"2";"1";"5";"1";"All Saint Martin";"44,40195900";"0,58817600"
"202400012266";"11";"09";"2024";"04:15";"5";"75";"75114";"2";"3";"2";"7";"BOULEVARD PERIPHERIQUE INTERIEUR SUD";"48,82092700";"2,32182800"
"202400012267";"2";"08";"2024";"19:40";"1";"76";"76351";"2";"1";"1";"7";"AMBROISE CROIZAT";"49,51983000";"0,07264000"
"202400012268";"2";"02";"2024";"17:30";"2";"47";"47119";"1";"1";"1";"7";"D154";"44,19658567";" -0,02590143"
"202400012269";"30";"12";"2024";"11:48";"1";"49";"49007";"2";"2";"1";"3";"SHAKESPEARE";"47,46009000";" -0,61446000"
"202400012270";"2";"02";"2024";"21:30";"3";"34";"34252";"1";"1";"1";"6";"D922";"43,65966800";"3,09237800"
"202400012271";"10";"09";"2024";"18:15";"1";"75";"75115";"2";"1";"1";"3";"BOULEVARD PERIPHERIQUE EXTERIEUR SUD";"48,82896600";"2,28856200"
"202400012272";"3";"08";"2024";"15:10";"1";"76";"76351";"2";"3";"2";"7";"STRASBOURG (BD)";"49,49200000";"0,11800000"
"202400012273";"17";"12";"2024";"13:10";"1";"42";"42218";"1";"1";"1";"6";"Rue du Parc";"45,39851002";"4,45122004"
"202400012274";"4";"02";"2024";"12:20";"1";"15";"15144";"1";"1";"7";"2";"RN 122 ";"44,86570900";"2,29401300"
"202400012275";"18";"12";"2024";"16:34";"1";"40";"40192";"2";"2";"1";"6";"SAINT MÉDARD (BD)";"43,89479478";" -0,48521161"
"202400012276";"9";"09";"2024";"17:55";"1";"75";"75117";"2";"2";"8";"6";"RUE LA CONDAMINE";"48,88446600";"2,31951700"
"202400012277";"31";"12";"2024";"01:30";"5";"33";"33063";"2";"6";"1";"6";"N/A";"44,85536239";" -0,61433449"
"202400012278";"3";"02";"2024";"13:30";"1";"01";"01457";"1";"3";"8";"3";"Route de Macon";"46,22860000";"4,98983700"
"202400012279";"5";"08";"2024";"20:20";"1";"71";"71059";"1";"4";"1";"7";"CREUSOT (RUE DU)";"46,78622000";"4,48463000"
"202400012280";"4";"02";"2024";"04:29";"3";"90";"90007";"1";"1";"2";"1";"N19";"47,59950800";"6,81257800"
"202400012281";"9";"09";"2024";"09:52";"1";"75";"75101";"2";"2";"1";"6";"RUE ETIENNE MARCEL";"48,86419700";"2,34760900"
"202400012282";"30";"12";"2024";"11:30";"1";"33";"33281";"2";"1";"5";"1";"N/A";"44,82703700";" -0,68662300"
"202400012283";"5";"08";"2024";"02:00";"5";"69";"69266";"2";"2";"1";"6";"Rue Louis Becker";"45,76529000";"4,87160000"
"202400012284";"3";"02";"2024";"15:19";"1";"64";"64051";"1";"1";"1";"2";"pk 37 D11";"43,42334700";" -1,10240900"
"202400012285";"30";"12";"2024";"20:30";"5";"33";"33529";"2";"1";"1";"1";"N/A";"44,62511000";" -1,13788000"
"202400012286";"11";"09";"2024";"08:25";"1";"75";"75105";"2";"1";"2";"3";"BOULEVARD SAINT GERMAIN";"48,84957700";"2,35101900"
"202400012287";"5";"08";"2024";"10:10";"1";"67";"67482";"2";"3";"1";"7";"RHIN (AVENUE DU)";"48,57160000";"7,77040000"
"202400012288";"4";"02";"2024";"15:45";"1";"18";"18054";"1";"1";"1";"1";"Le Rio Mort";"46,87807000";"2,78024100"
"202400012289";"5";"08";"2024";"18:35";"1";"64";"64132";"2";"1";"1";"1";"LARRIBAU";"43,30756000";" -0,32739000"
"202400012290";"30";"12";"2024";"18:20";"5";"30";"30007";"2";"6";"1";"3";"TALABOT (BOULEVARD)";"44,12536000";"4,09158000"
"202400012291";"10";"09";"2024";"17:45";"1";"75";"75120";"2";"3";"8";"6";"BOULEVARD DAVOUT";"48,85869900";"2,40983500"
"202400012292";"5";"08";"2024";"20:38";"1";"64";"64024";"2";"1";"1";"7";"BITACHON (RUE DE)";"43,49160000";" -1,51700000"
"202400012293";"4";"02";"2024";"12:05";"1";"07";"07230";"1";"3";"7";"1";"104";"44,68605860";"4,46693979"
"202400012294";"30";"12";"2024";"20:20";"3";"22";"22113";"1";"1";"1";"6";"R.D.767";"48,71680000";" -3,40600000"
"202400012295";"11";"09";"2024";"09:30";"1";"75";"75119";"2";"3";"1";"3";"RUE DE CRIMEE";"48,88417100";"2,38420700"
"202400012296";"29";"12";"2024";"15:35";"1";"14";"14118";"2";"1";"8";"1";"Boulevard Yves Guillou";"49,17285000";" -0,37619000"
"202400012297";"5";"08";"2024";"10:38";"1";"64";"64024";"2";"1";"1";"2";"ESPAGNE (AVENUE D')";"43,47597000";" -1,52805000"
"202400012298";"4";"02";"2024";"04:39";"3";"87";"87205";"1";"1";"5";"3";"La Gratade (Restaurant)";"45,77180372";"1,28945589"
"202400012299";"4";"02";"2024";"03:10";"3";"08";"08367";"2";"1";"2";"6";"N/A";"49,91458252";"4,52998012"
"202400012300";"5";"08";"2024";"10:40";"1";"64";"64102";"2";"1";"1";"3";"SAINT LEON (ROND POINT)";"43,48783000";" -1,48206000"
"202400012301";"30";"12";"2024";"18:50";"2";"13";"13071";"2";"1";"1";"5";"DARTY (MAGASIN) C/C BARNEOUD";"43,41738000";"5,35871000"
"202400012302";"11";"09";"2024";"09:45";"1";"75";"75117";"2";"2";"1";"3";"AVENUE DES TERNES";"48,88009800";"2,28788600"
"202400012303";"22";"07";"2024";"21:15";"1";"62";"62842";"1";"1";"1";"7";"Rue Calmette";"50,46856000";"2,83629000"
"202400012304";"3";"02";"2024";"17:45";"5";"67";"67152";"2";"9";"1";"6";"M84";"48,52087500";"7,69294000"
"202400012305";"30";"12";"2024";"18:10";"5";"13";"13208";"2";"1";"1";"1";"COMMANDANT ROLLAND";"43,26891000";"5,37964000"
"202400012306";"22";"07";"2024";"15:10";"1";"61";"61006";"2";"1";"1";"3";"4bis Avenue de la Forêt Normande";"48,73979100";" -0,02290900"
"202400012307";"3";"02";"2024";"20:25";"5";"973";"97309";"2";"3";"1";"3";"Route de Montjoly";"4,92434100";" -52,28451000"
"202400012308";"11";"09";"2024";"08:00";"2";"75";"75117";"2";"2";"8";"3";"AVENUE DE VILLIERS";"48,88194600";"2,31354500"
"202400012309";"4";"08";"2024";"09:45";"1";"60";"60159";"2";"3";"1";"6";"Avenue du Vermandois";"49,43349000";"2,84545000"
"202400012310";"4";"02";"2024";"13:45";"1";"95";"95371";"1";"1";"8";"5";"D9";"49,07176149";"2,50472739"
"202400012311";"30";"12";"2024";"15:15";"1";"13";"13207";"2";"1";"1";"6";"CHARLES LIVON (BOULEVARD)";"43,29200000";"5,35800000"
"202400012312";"11";"09";"2024";"09:15";"1";"75";"75116";"2";"2";"1";"3";"ROUTE DE LA MUETTE A NEUILLY";"48,86451479";"2,26649344"
"202400012313";"4";"02";"2024";"07:30";"1";"988";"98807";"1";"1";"2";"7";"Lindéralique (Tribu)";" -20,69886000";"164,98199000"
"202400012314";"30";"12";"2024";"14:30";"1";"13";"13206";"2";"1";"1";"1";"PRADO (AVENUE DU)";"43,28442000";"5,38507000"
"202400012315";"5";"08";"2024";"15:15";"1";"60";"60057";"2";"1";"1";"1";"Avenue de Flandres Dunkerque 40";"49,43374200";"2,09749389"
"202400012316";"11";"09";"2024";"16:40";"1";"75";"75115";"2";"1";"1";"6";"RUE D ORADOUR SUR GLANE";"48,83168961";"2,28136629"
"202400012317";"30";"12";"2024";"02:40";"5";"13";"13210";"2";"1";"1";"1";"ROMAIN ROLLAND (BOULEVARD)";"43,27435717";"5,41485767"
"202400012318";"1";"08";"2024";"18:30";"1";"59";"59421";"2";"1";"1";"3";"ROUBAIX (RUE DE)";"50,69798000";"3,13976000"
"202400012319";"11";"09";"2024";"15:10";"1";"75";"75115";"2";"3";"1";"6";"RUE DE LA CONVENTION";"48,83835000";"2,29396100"
"202400012320";"28";"12";"2024";"15:54";"1";"75";"75116";"2";"3";"1";"1";"AVENUE DE VERSAILLES";"48,84150200";"2,26654400"
"202400012321";"4";"02";"2024";"02:15";"3";"974";"97420";"1";"1";"1";"5";"Route Nationale 2";" -20,91524600";"55,61502500"
"202400012322";"5";"08";"2024";"13:00";"1";"59";"59599";"2";"1";"1";"3";"CANAL (RUE DU)";"50,70502000";"3,15707000"
"202400012323";"11";"09";"2024";"13:00";"1";"75";"75115";"2";"3";"1";"7";"RUE OLIVIER DE SERRES";"48,83493900";"2,29610600"
"202400012324";"4";"02";"2024";"02:20";"3";"971";"97119";"1";"1";"1";"6";"Clugny";"16,39154300";" -61,48198100"
"202400012325";"30";"12";"2024";"14:05";"1";"75";"75111";"2";"1";"8";"3";"AVENUE DE LA REPUBLIQUE";"48,86340200";"2,38450900"
"202400012326";"5";"08";"2024";"22:20";"2";"59";"59299";"2";"1";"1";"6";"GALILEE (RUE DE)";"50,66843000";"3,20211000"
"202400012327";"30";"12";"2024";"19:30";"5";"94";"94028";"2";"9";"1";"6";"Avenue de Verdun";"48,79737000";"2,46396000"
"202400012328";"2";"02";"2024";"19:00";"3";"77";"77358";"1";"2";"2";"1";"D38";"48,99124300";"2,87754400"
"202400012329";"3";"08";"2024";"17:28";"1";"56";"56121";"2";"6";"1";"2";"Boulevard Léon Blum";"47,74851000";" -3,37427000"
"202400012330";"22";"01";"2024";"06:20";"3";"77";"77277";"1";"1";"1";"6";"RD143 - PK004+150";"48,73080400";"2,89751500"
"202400012331";"29";"12";"2024";"01:20";"5";"94";"94043";"2";"1";"2";"3";"Rue du Général Leclerc";"48,81330000";"2,35897000"
"202400012332";"30";"12";"2024";"10:30";"1";"94";"94021";"2";"1";"8";"6";"Av du Pdt Franklin Roosevelt";"48,77082884";"2,36242039"
"202400012333";"10";"09";"2024";"09:25";"1";"75";"75115";"2";"1";"1";"4";"BOULEVARD PASTEUR";"48,84191800";"2,31364900"
"202400012334";"2";"02";"2024";"15:00";"1";"21";"21133";"1";"4";"1";"6";"Route des Grands Crus";"47,19301200";"4,96006700"
"202400012335";"2";"08";"2024";"15:22";"1";"56";"56121";"2";"3";"1";"3";"Rue Jules Guesde";"47,75450400";" -3,36266000"
"202400012336";"30";"12";"2024";"10:30";"1";"92";"92076";"2";"9";"2";"4";"JARDY";"48,83306766";"2,15341017"
"202400012337";"10";"09";"2024";"19:55";"5";"75";"75114";"2";"2";"1";"6";"BOULEVARD DE PORT ROYAL";"48,83881600";"2,33966400"
"202400012338";"30";"12";"2024";"19:00";"5";"92";"92040";"2";"9";"1";"3";"STALINGRAD (QUAI DE)";"48,82053652";"2,24644706"
"202400012339";"5";"08";"2024";"22:30";"5";"54";"54526";"2";"6";"1";"3";"rue de la fraternité";"48,69330193";"6,21206045"
"202400012340";"3";"02";"2024";"18:35";"3";"31";"31193";"1";"1";"5";"3";"Route de Lavelanet";"43,26796800";"1,08559700"
"202400012341";"11";"09";"2024";"09:47";"1";"75";"75113";"2";"2";"8";"4";"AVENUE D ITALIE";"48,82221400";"2,35861700"
"202400012342";"30";"12";"2024";"18:30";"3";"12";"12140";"1";"1";"5";"1";"route de marroule";"44,39293200";"1,87652700"
"202400012343";"4";"02";"2024";"03:38";"3";"17";"17228";"2";"1";"1";"7";"Route de Saujon";"45,64692800";" -0,95939400"
"202400012344";"5";"08";"2024";"12:00";"1";"54";"54526";"2";"2";"1";"3";"rue de la Fraternité";"48,69294000";"6,21151000"
"202400012345";"10";"09";"2024";"11:15";"1";"75";"75112";"2";"1";"1";"1";"RUE DU FAUBOURG SAINT ANTOINE";"48,85259900";"2,37149000"
"202400012346";"2";"02";"2024";"16:45";"1";"24";"24068";"2";"6";"7";"6";"Rue de la République";"44,84391900";"0,90855000"
"202400012347";"30";"12";"2024";"12:00";"1";"68";"68162";"2";"1";"1";"6";"Sentier des Capucines";"48,13658400";"7,26611000"
"202400012348";"5";"08";"2024";"19:45";"1";"51";"51454";"2";"1";"1";"7";"COURCELLES (RUE DE) DU 1 AU 97 ET 2 A 22";"49,25782000";"4,02176000"
"202400012349";"30";"12";"2024";"18:45";"3";"972";"97214";"1";"1";"1";"1";"N1";"14,84292100";" -61,08129100"
"202400012350";"3";"02";"2024";"16:45";"1";"33";"33256";"2";"1";"1";"1";"N/A";"44,97013169";" -0,61172032"
"202400012351";"11";"09";"2024";"08:57";"1";"75";"75107";"2";"3";"1";"5";"QUAI VOLTAIRE";"48,85924900";"2,33020600"
"202400012352";"30";"12";"2024";"20:00";"3";"56";"56031";"1";"1";"1";"6";"Rue du Vieux Presbytère";"47,85349000";" -2,98680600"
"202400012353";"10";"09";"2024";"20:15";"5";"75";"75101";"2";"1";"8";"6";"QUAI FRANCOIS MITTERRAND";"48,86052693";"2,33137071"
"202400012354";"4";"08";"2024";"13:10";"1";"51";"51454";"2";"1";"1";"3";"JAURES (AVENUE JEAN) DU N° 74 A FIN (PAI";"49,25908400";"4,04410500"
"202400012355";"7";"12";"2024";"20:25";"3";"79";"79157";"1";"1";"6";"7";"N/A";"47,00771300";" -0,17252000"
"202400012356";"4";"02";"2024";"09:30";"1";"85";"85097";"1";"1";"1";"4";"RD 6";"46,93537000";" -1,08410500"
"202400012357";"20";"12";"2024";"13:50";"1";"82";"82042";"1";"1";"1";"7";"7197 route de la valée";"44,22636600";"1,20111500"
"202400012358";"4";"08";"2024";"17:35";"1";"49";"49099";"2";"6";"1";"3";"CORMIER (BOULEVARD DU)";"47,03102000";" -0,91504000"
"202400012359";"4";"02";"2024";"00:50";"4";"85";"85302";"1";"1";"1";"7";"D6";"46,95034500";" -1,00251000"
"202400012360";"29";"12";"2024";"08:10";"2";"82";"82062";"2";"1";"5";"6";"105 route departementale 813";"43,90607900";"1,22777800"
"202400012361";"5";"08";"2024";"18:00";"1";"49";"49007";"2";"1";"1";"3";"ONZE NOVEMBRE 1918 AVENUE";"47,47131000";" -0,54681000"
"202400012362";"29";"01";"2024";"07:50";"2";"72";"72025";"2";"9";"9";"3";"Voie Romaine";"47,67369113";" -0,16520619"
"202400012363";"30";"12";"2024";"21:15";"3";"49";"49259";"1";"1";"1";"7";"RD 106";"47,37153000";" -0,64830100"
"202400012364";"3";"08";"2024";"21:09";"2";"49";"49007";"2";"1";"1";"7";"BEDIER BOULEVARD";"47,45136000";" -0,54756000"
"202400012365";"31";"12";"2024";"14:15";"1";"68";"68074";"1";"1";"5";"7";"D7b";"47,48374300";"7,25415800"
"202400012366";"3";"02";"2024";"21:15";"3";"22";"22067";"2";"1";"1";"3";"rue saint jean";"48,56587300";" -3,17479100"
"202400012367";"3";"08";"2024";"06:38";"2";"49";"49007";"2";"1";"1";"7";"RUE MONTESQUIEU";"47,47246000";" -0,58398000"
"202400012368";"31";"12";"2024";"05:00";"3";"02";"02095";"1";"1";"5";"6";"Route de Guise";"49,97296100";"3,49229000"
"202400012369";"3";"02";"2024";"16:30";"1";"27";"27439";"2";"9";"1";"2";"Normanville";"49,05981027";"1,17444576"
"202400012370";"3";"08";"2024";"17:20";"1";"47";"47323";"2";"9";"1";"6";"ROL TANGUY";"44,41008000";"0,73547000"
"202400012371";"31";"12";"2024";"13:23";"1";"84";"84017";"1";"1";"1";"5";"D974";"44,12019500";"5,23336600"
"202400012372";"3";"02";"2024";"22:07";"3";"60";"60528";"1";"1";"2";"6";"D6";"49,24523000";"1,87012900"
"202400012373";"5";"08";"2024";"18:00";"1";"45";"45234";"2";"1";"1";"3";"11 Boulevard de Verdun";"47,90699000";"1,90401000"
"202400012374";"31";"12";"2024";"07:10";"2";"15";"15045";"1";"1";"1";"6";"RD 11";"44,85466100";"2,99926000"
"202400012375";"4";"02";"2024";"02:45";"3";"80";"80561";"2";"9";"2";"6";"Avenue du Chemin Vert";"49,65048000";"2,57827900"
"202400012376";"3";"08";"2024";"16:20";"1";"45";"45208";"2";"1";"1";"1";"6 Avenue du Docteur Robert Szigeti";"47,99630200";"2,72649800"
"202400012377";"2";"02";"2024";"20:00";"3";"13";"13211";"1";"1";"1";"3";"A50-Sens Aubagne vers Marseille";"43,32373198";"5,42258838"
"202400012378";"30";"12";"2024";"10:00";"1";"15";"15187";"2";"3";"1";"3";"ZAC  Montplain est";"45,03808100";"3,06736400"
"202400012379";"2";"02";"2024";"10:30";"1";"13";"13210";"1";"1";"1";"2";"A50-Sens Marseille vers Aubagne";"43,32436000";"5,42258000"
"202400012380";"5";"08";"2024";"23:30";"5";"38";"38185";"2";"2";"1";"1";"RUE LÉON JOUHAUX";"45,16825709";"5,74394524"
"202400012381";"9";"12";"2024";"21:45";"3";"50";"50388";"1";"1";"2";"3";"Rue des Forges";"49,00159700";" -1,45909100"
"202400012382";"3";"02";"2024";"04:50";"3";"13";"13215";"1";"1";"1";"3";"A7-Sens Lyon vers Marseille";"43,39529563";"5,35132430"
"202400012383";"5";"08";"2024";"10:08";"1";"37";"37233";"2";"2";"7";"6";"CURIE (RUE PIERRE)";"47,38960949";"0,72035450"
"202400012384";"3";"02";"2024";"02:44";"3";"83";"83035";"1";"1";"1";"6";"A50";"43,19037073";"5,76537435"
"202400012385";"5";"08";"2024";"08:40";"1";"37";"37261";"2";"1";"1";"6";"HEURTELOUP (BOULEVARD)";"47,39066000";"0,69333000"
"202400012386";"30";"12";"2024";"10:00";"1";"73";"73159";"1";"1";"5";"1";"D923";"45,46373763";"6,04598880"
"202400012387";"31";"07";"2024";"18:30";"1";"35";"35288";"2";"1";"1";"6";"KENNEDY JOHN (AVENUE)";"48,66368115";" -1,98835534"
"202400012388";"3";"02";"2024";"16:14";"1";"92";"92019";"1";"1";"1";"2";"RN 385 Extèrieure";"48,75991009";"2,27202522"
"202400012389";"3";"02";"2024";"10:10";"1";"91";"91617";"1";"1";"2";"6";"RN 104";"48,63536000";"2,53570000"
"202400012390";"4";"12";"2024";"19:00";"5";"73";"73171";"2";"6";"1";"6";"246 Avenue de savoie";"45,50148528";"6,05114490"
"202400012391";"3";"02";"2024";"11:45";"1";"95";"95394";"1";"1";"2";"6";"A115";"49,05017557";"2,18406622"
"202400012392";"19";"12";"2024";"08:15";"1";"53";"53125";"1";"4";"8";"1";"La Bouvetiere";"48,45989600";" -1,00835000"
"202400012393";"5";"08";"2024";"13:55";"1";"35";"35238";"1";"1";"1";"4";"PORTE DE LORIENT";"48,10794150";" -1,71746011"
"202400012394";"3";"02";"2024";"02:30";"3";"95";"95241";"1";"1";"1";"6";"N104";"49,04756591";"2,43582836"
"202400012395";"2";"02";"2024";"18:00";"4";"94";"94069";"1";"1";"1";"3";"A4";"48,81738599";"2,43672252"
"202400012396";"30";"12";"2024";"07:24";"3";"24";"24197";"1";"1";"5";"1";"Route départementale 709";"44,90722100";"0,44891600"
"202400012397";"5";"08";"2024";"23:20";"5";"33";"33063";"2";"1";"1";"2";"105 Rue Lucien Faure";"44,86701000";" -0,56235000"
"202400012398";"2";"02";"2024";"10:45";"1";"988";"98818";"2";"1";"8";"6";"RUE GEORGES CLEMENCEAU";" -22,26650000";"166,44130000"
"202400012399";"31";"12";"2024";"13:45";"1";"04";"04209";"2";"1";"1";"7";"Route de Gap (Pont)";"44,20164700";"5,93952100"
"202400012400";"5";"08";"2024";"15:15";"1";"33";"33063";"2";"1";"1";"2";"N/A";"44,83183293";" -0,55715650"
"202400012401";"31";"01";"2024";"16:50";"1";"974";"97411";"2";"2";"1";"6";"WAGNER (AVENUE RICHARD)";" -20,89837000";"55,48586000"
"202400012402";"30";"12";"2024";"17:45";"3";"72";"72386";"1";"9";"2";"2";"Autoroute A11, PK 161+700";"48,05087600";"0,30678000"
"202400012403";"5";"08";"2024";"17:10";"1";"28";"28220";"2";"1";"1";"3";"PERRIN (RUE JEAN)";"48,41684080";"1,45979420"
"202400012404";"31";"12";"2024";"01:30";"5";"80";"80799";"1";"6";"1";"7";"aire de repos de VILLERS BRETONNEUX";"49,85471100";"2,51919500"
"202400012405";"2";"02";"2024";"20:20";"5";"974";"97409";"2";"2";"1";"1";"ROCADE SUD(RUE)";" -20,96900000";"55,65554000"
"202400012406";"2";"02";"2024";"13:30";"1";"974";"97407";"2";"2";"1";"3";"LABOUDONNAIS M (RUE)";" -20,93894000";"55,29225000"
"202400012407";"29";"12";"2024";"10:00";"1";"988";"98805";"2";"2";"1";"3";"RUE FRANCIS CORNAILLE/AVENUE DES PARACHUTISTES CALEDONIENS";" -22,19379300";"166,44971100"
"202400012408";"2";"02";"2024";"12:30";"1";"973";"97302";"2";"1";"1";"6";"JADFARD (RENE)";"4,93522794";" -52,32852727"
"202400012409";"5";"08";"2024";"10:30";"1";"25";"25056";"2";"3";"1";"1";"EPITAPHE CHEMIN DE L'";"47,25169000";"5,99118000"
"202400012410";"30";"12";"2024";"17:45";"2";"13";"13051";"2";"2";"1";"3";"Rue de l?Abbe Dureau";"43,59294100";"5,12804600"
"202400012411";"2";"02";"2024";"10:39";"1";"973";"97302";"2";"1";"1";"3";"MONTABO (ROUTE DE) 1";"4,94437103";" -52,30964720"
"202400012412";"5";"08";"2024";"17:58";"1";"14";"14366";"2";"3";"1";"1";"105 Rue Roger Aini";"49,14366000";"0,24311000"
"202400012413";"2";"02";"2024";"08:00";"2";"69";"69388";"2";"2";"1";"6";"Rue Ludovic Arrachart";"45,73056000";"4,86447000"
"202400012414";"2";"08";"2024";"15:40";"1";"14";"14366";"2";"1";"1";"7";"157 Rue Nicolas Dulong";"49,14565600";"0,26917900"
"202400012415";"2";"02";"2024";"08:37";"1";"972";"97209";"2";"1";"1";"2";"AUTOROUTE (A1)";"14,61445000";" -61,04943000"
"202400012416";"4";"08";"2024";"17:45";"1";"14";"14487";"1";"1";"1";"6";"Route de Coquainvilliers";"49,17385800";"0,21245400"
"202400012417";"30";"12";"2024";"15:25";"1";"33";"33205";"1";"1";"8";"4";"N/A";"44,59699200";" -0,36161500"
"202400012418";"2";"02";"2024";"14:15";"1";"69";"69382";"2";"3";"1";"3";"3 Place Bellecour";"45,75881503";"4,83090470"
"202400012419";"5";"08";"2024";"19:30";"1";"13";"13117";"2";"1";"1";"1";"RHIN DANUBE ( AVENUE )";"43,42472036";"5,27183135"
"202400012420";"28";"12";"2024";"15:00";"1";"11";"11170";"2";"3";"1";"3";"N/A";"43,10788800";"3,09455600"
"202400012421";"2";"02";"2024";"09:00";"1";"69";"69385";"2";"1";"1";"6";"40 Quai Fulchiron";"45,75231000";"4,82219000"
"202400012422";"30";"12";"2024";"06:26";"1";"988";"98808";"2";"3";"1";"7";"Gondé";" -21,30001200";"165,46338000"
"202400012423";"5";"08";"2024";"22:25";"5";"13";"13201";"2";"2";"1";"3";"ROME (RUE DE)        2 A 64";"43,29433000";"5,37901000"
"202400012424";"1";"02";"2024";"19:38";"5";"69";"69381";"2";"3";"1";"3";"3 Quai Jean Moulin";"45,76778000";"4,83788000"
"202400012425";"27";"04";"2024";"20:30";"3";"986";"98613";"1";"1";"1";"1";"Ha'atofo";" -13,32794900";" -176,19190700"
"202400012426";"2";"02";"2024";"09:20";"1";100;100120";"1";"1";"1";"5";"11 - RT";"42,64991000";"9,44063000"
"202400012427";"5";"08";"2024";"04:30";"5";"13";"13215";"2";"6";"1";"3";"BOURRELY (CHEMIN DES)";"43,38065000";"5,36263000"
"202400012428";"2";"02";"2024";"09:05";"2";100;100033";"2";"1";"7";"6";"TOUTES RUES";"42,70474600";"9,44164700"
"202400012429";"5";"08";"2024";"19:18";"1";"13";"13005";"2";"9";"1";"3";"CD 2 (CAMP MAJOR)";"43,28851000";"5,54781000"
"202400012430";"2";"02";"2024";"07:05";"5";101;101004";"2";"1";"1";"6";"FREDIANI RUE LOUIS";"41,92495000";"8,73825000"
"202400012431";"31";"12";"2024";"15:40";"1";"29";"29234";"1";"3";"1";"2";"Ty Brabant";"47,87925689";" -3,49835660"
"202400012432";"30";"01";"2024";"20:05";"5";"95";"95428";"2";"3";"1";"1";"D144";"48,98847480";"2,32777164"
"202400012433";"15";"07";"2024";"16:40";"1";"12";"12146";"1";"1";"1";"1";"MILLAU (AVENUE DE)";"44,32657000";"2,58371000"
"202400012434";"30";"12";"2024";"19:56";"3";100;100355";"1";"1";"1";"1";"T20";"42,51470100";"9,39337500"
"202400012435";"2";"02";"2024";"06:30";"5";"91";"91161";"2";"3";"8";"6";" LONGJUMEAU (ROUTE DE)";"48,71032800";"2,29761100"
"202400012436";"5";"08";"2024";"21:10";"2";"10";"10387";"2";"1";"1";"3";"Rue des Sénardes";"48,29169000";"4,09308000"
"202400012437";"31";"12";"2024";"11:20";"1";"66";"66037";"2";"2";"1";"3";"Avenue Edouard Herriot";"42,68897300";"3,03186200"
"202400012438";"29";"12";"2024";"15:05";"1";"11";"11178";"1";"1";"7";"6";"D6113";"43,34337600";"1,86177500"
"202400012439";"30";"12";"2024";"20:02";"5";"69";"69204";"2";"1";"5";"1";"Route de Vourles";"45,67993100";"4,78929300"
"202400012440";"2";"02";"2024";"15:42";"1";"91";"91228";"2";"1";"1";"6";"L'EUROPE (BOULEVARD DE)";"48,63060000";"2,43085000"
"202400012441";"30";"12";"2024";"17:54";"3";"44";"44052";"1";"1";"1";"3";"Saint Lucien";"47,34389700";" -2,09710100"
"202400012442";"29";"12";"2024";"17:35";"2";"29";"29042";"2";"6";"1";"7";"Tal ar Groas - Route de Crozon (Arrêt de bus)";"48,24829018";" -4,41871701"
"202400012443";"31";"01";"2024";"08:05";"2";"87";"87085";"2";"3";"1";"3";"CHABEAUDIE  (CHEMIN DE LA)";"45,84319349";"1,21863842"
"202400012444";"5";"08";"2024";"07:45";"1";"06";"06088";"2";"1";"1";"6";"26 Boulevard de Cimiez";"43,71033500";"7,27096100"
"202400012445";"30";"12";"2024";"18:50";"3";"60";"60222";"1";"2";"5";"3";"D938";"49,46897600";"2,26196100"
"202400012446";"2";"02";"2024";"12:45";"1";"30";"30011";"1";"1";"1";"5";"R.N. 100";"43,95413000";"4,75673000"
"202400012447";"4";"08";"2024";"09:50";"1";"05";"05023";"2";"3";"1";"3";"Avenue du Dauphiné";"44,90443093";"6,62793428"
"202400012448";"30";"12";"2024";"19:50";"3";"57";"57206";"1";"9";"2";"2";"Autoroute A30";"49,31035838";"6,11302575"
"202400012449";"2";"02";"2024";"13:10";"1";"83";"83137";"2";"1";"1";"6";"15EME CORPS (AVE DU)";"43,12852820";"5,91446060"
"202400012450";"4";"08";"2024";"19:25";"1";"75";"75114";"2";"1";"1";"2";"PORTE DE CHATILLON";"48,82400400";"2,30766900"
"202400012451";"2";"08";"2024";"18:38";"1";"75";"75120";"2";"1";"1";"2";"BD PERIPHERIQUE INTERIEUR";"48,86784500";"2,41324100"
"202400012452";"2";"02";"2024";"20:40";"5";"83";"83061";"2";"2";"1";"3";"AVENUE DE PROVENCE";"43,42765489";"6,74572703"
"202400012453";"2";"02";"2024";"16:10";"1";"78";"78350";"2";"1";"1";"1";"CONTI (QUAI)";"48,87631300";"2,11714400"
"202400012454";"5";"08";"2024";"10:55";"1";"75";"75117";"2";"3";"1";"3";"RUE GUSTAVE CHARPENTIER";"48,88061800";"2,28103600"
"202400012455";"28";"12";"2024";"17:35";"2";"92";"92025";"1";"1";"1";"4";"A86";"48,93400494";"2,25573622"
"202400012456";"1";"02";"2024";"18:25";"5";"78";"78372";"2";"1";"1";"3";"PRESIDENT J.F KENNEDY (AVENUE DU)";"48,88108900";"2,09745700"
"202400012457";"13";"07";"2024";"21:55";"3";"972";"97213";"1";"1";"1";"3";"ROUTE DEPARTEMENTALE 15";"14,62220000";" -61,00655200"
"202400012458";"4";"08";"2024";"19:50";"1";"75";"75116";"2";"5";"1";"6";"AVENUE VICTOR HUGO";"48,86785400";"2,28107100"
"202400012459";"1";"02";"2024";"17:50";"2";"77";"77083";"2";"6";"1";"7";"ALBERT EINSTEIN (BOULEVARD)";"48,83785000";"2,58515000"
"202400012460";"10";"06";"2024";"16:00";"1";"91";"91174";"2";"3";"2";"3";"RUE DE L AVENIR";"48,58074000";"2,47636000"
"202400012461";"5";"08";"2024";"16:20";"1";"75";"75110";"2";"3";"1";"6";"QUAI DE VALMY";"48,87926400";"2,36674400"
"202400012462";"16";"01";"2024";"08:20";"2";"77";"77373";"1";"1";"1";"2";"DEPARTEMENTALE 1004";"48,79086400";"2,61848000"
"202400012463";"1";"07";"2024";"10:35";"1";"03";"03310";"2";"2";"1";"6";"avenue de Gramont";"46,13055900";"3,43318200"
"202400012464";"5";"08";"2024";"06:50";"5";"75";"75108";"2";"3";"1";"2";"RUE PIERRE CHARRON";"48,86869800";"2,30174100"
"202400012465";"2";"02";"2024";"20:00";"4";"76";"76486";"2";"1";"1";"6";"Rue de Rouen";"49,30230000";"0,99227000"
"202400012466";"3";"02";"2024";"02:40";"3";"03";"03001";"2";"1";"5";"3";"N/A";"46,10081000";"3,42894000"
"202400012467";"5";"08";"2024";"09:10";"1";"75";"75103";"2";"3";"1";"6";"RUE REAUMUR";"48,86497700";"2,35827600"
"202400012468";"8";"01";"2024";"19:00";"5";"03";"03310";"2";"1";"1";"6";"avenue des Célestins";"46,12068800";"3,42651000"
"202400012469";"2";"02";"2024";"08:00";"2";"76";"76231";"1";"1";"8";"3";"Rue Bourgtheroulde";"49,28776000";"0,97436000"
"202400012470";"28";"12";"2024";"17:30";"1";"974";"97411";"2";"1";"1";"6";"LECONTE DE LISLE (AVENUE)";" -20,89564000";"55,49056000"
"202400012471";"4";"08";"2024";"03:45";"5";"75";"75101";"2";"3";"1";"2";"RUE DE RIVOLI";"48,86275200";"2,33527200"
"202400012472";"1";"02";"2024";"19:30";"5";"76";"76351";"2";"6";"2";"7";"SEIZIEME PORT (AVENUE DU)";"49,45842000";"0,18599000"
"202400012473";"29";"12";"2024";"10:50";"1";"973";"97302";"2";"1";"2";"6";"14 ET 22 JUIN 1962";"4,93453000";" -52,32710000"
"202400012474";"5";"08";"2024";"19:40";"1";"94";"94073";"1";"9";"1";"6";"Rdpt d'Espagne";"48,75425700";"2,37420200"
"202400012475";"1";"02";"2024";"08:15";"2";"76";"76351";"2";"1";"2";"6";"FRISSARD (QUAI)";"49,49001000";"0,12614000"
"202400012476";"29";"12";"2024";"02:30";"5";"69";"69387";"2";"1";"5";"2";"Quai Claude Bernard";"45,75360659";"4,83835893"
"202400012477";"5";"08";"2024";"15:25";"1";"94";"94073";"2";"2";"1";"3";"Avenue de Pourtour";"48,75429500";"2,37511100"
"202400012478";"2";"02";"2024";"21:10";"5";"74";"74012";"2";"3";"1";"1";"BROUAZ (RUE DU)";"46,18451000";"6,22874000"
"202400012479";"29";"12";"2024";"11:15";"1";"972";"97209";"1";"1";"1";"7";"RD 41 (ROCADE)";"14,61594000";" -61,05729000"
"202400012480";"5";"08";"2024";"08:35";"1";"94";"94033";"2";"1";"1";"1";"Avenue de Stalingrad";"48,85244000";"2,44963000"
"202400012481";"29";"12";"2024";"16:45";"2";"69";"69149";"2";"3";"5";"3";"Rue Fleury";"45,71437000";"4,80969000"
"202400012482";"25";"01";"2024";"11:05";"1";"73";"73008";"2";"1";"1";"2";"VERDUN AVENUE DE";"45,69078000";"5,91052000"
"202400012483";"5";"08";"2024";"13:40";"1";"94";"94017";"2";"3";"1";"3";"Rue Louis Talamoni";"48,81281000";"2,51404000"
"202400012484";"2";"02";"2024";"10:26";"1";"72";"72181";"2";"9";"1";"6";"MADRID (ALLEE DE)";"48,02012000";"0,20970000"