"Num_Acc";"jour";"mois";"an";"hrmn";"lum";"dep";"com";"agg";"int";"atm";"col";"adr";"lat";"long"
"202400012485";"29";"12";"2024";"07:15";"5";"95";"95252";"2";"2";"1";"2";"D508";"48,98445000";"2,24067000"
"202400012486";"5";"08";"2024";"01:40";"4";"95";"95527";"1";"4";"1";"3";"COMMUNE (ROUTE DE LA)";"49,00800456";"2,52519786"
"202400012487";"1";"02";"2024";"19:30";"5";"72";"72181";"2";"6";"1";"2";"BOUTTIE GEORGES (PL) DE N° 7 A 14";"48,01126000";"0,18929000"
"202400012488";"29";"12";"2024";"17:30";"5";"91";"91027";"2";"1";"2";"4";"AV FRANCOIS MITTERRAND";"48,70943714";"2,37144828"
"202400012489";"4";"08";"2024";"22:30";"5";"93";"93055";"2";"2";"1";"6";"Rue Delizy / Rue Victor Hugo";"48,89392502";"2,40965152"
"202400012490";"1";"02";"2024";"13:55";"1";"72";"72181";"2";"9";"1";"3";"ANATOLE FRANCE (BD )";"48,00111000";"0,18891000"
"202400012491";"29";"12";"2024";"10:15";"1";"83";"83062";"2";"1";"1";"6";"DE LATTRE DE TASSIGNY (AVENUE)";"43,11340163";"5,99004579"
"202400012492";"5";"08";"2024";"11:40";"1";"93";"93050";"2";"1";"1";"6";"MARECHAL FOCH (AVENUE) COTE PAIR";"48,85504600";"2,52450600"
"202400012493";"29";"12";"2024";"09:15";"1";"78";"78586";"2";"1";"1";"6";"DIJOU";"48,93840000";"2,15096000"
"202400012494";"5";"08";"2024";"20:30";"1";"93";"93046";"2";"1";"1";"6";"POSTES CHEMIN DES";"48,90818000";"2,53275500"
"202400012495";"29";"12";"2024";"05:15";"5";"76";"76108";"2";"1";"2";"6";"Route de Neufchâtel";"49,47224000";"1,12244000"
"202400012496";"31";"01";"2024";"17:45";"2";"72";"72181";"2";"3";"1";"2";"LAIGNE RUE DE N° PAIRS 260 ET >";"47,96036000";"0,20813000"
"202400012497";"3";"08";"2024";"21:25";"1";"93";"93014";"2";"1";"2";"6";"BELLEVUE (ALLEE DE)";"48,91481000";"2,54883000"
"202400012498";"29";"12";"2024";"18:00";"5";"76";"76217";"2";"1";"1";"2";"AVENUE JEAN JAURES";"49,91017000";"1,06672000"
"202400012499";"2";"02";"2024";"15:10";"1";"71";"71445";"1";"1";"1";"2";"RD673";"46,78219000";"4,88608000"
"202400012500";"5";"08";"2024";"09:30";"1";"93";"93057";"2";"2";"1";"3";"Avenue Jean Jaurès / Avenue du Président Wilson";"48,90281000";"2,50844000"
"202400012501";"29";"12";"2024";"23:50";"5";"69";"69259";"2";"1";"1";"7";"Allée des Savoies";"45,71706000";"4,85774000"
"202400012502";"29";"01";"2024";"13:45";"1";"70";"70550";"2";"2";"7";"6";"Rue Jean Jaurès";"47,61582200";"6,15300600"
"202400012503";"29";"12";"2024";"19:50";"5";"69";"69029";"2";"9";"1";"3";"Rue Jean Voillot";"45,73269179";"4,90158753"
"202400012504";"5";"08";"2024";"22:20";"5";"93";"93005";"2";"1";"1";"3";"Route de Bondy";"48,92516052";"2,49069431"
"202400012505";"29";"12";"2024";"21:30";"5";"66";"66136";"2";"1";"1";"6";"Rue de Torremila";"42,72137000";"2,87722000"
"202400012506";"5";"08";"2024";"17:40";"1";"93";"93001";"2";"1";"1";"6";"Avenue de la République";"48,91087261";"2,38499737"
"202400012507";"2";"02";"2024";"22:48";"5";"69";"69256";"2";"2";"1";"1";"Rue Jean Foucaud";"45,77404000";"4,92103000"
"202400012508";"28";"12";"2024";"17:58";"2";"64";"64483";"2";"1";"1";"3";"LAHANCHIPIA (AVENUE)";"43,40201000";" -1,62728000"
"202400012509";"3";"08";"2024";"21:15";"2";"92";"92035";"2";"2";"2";"3";"Verdun 1916 ( avenue de )";"48,90672261";"2,23879266"
"202400012510";"23";"12";"2024";"14:15";"1";"62";"62427";"2";"1";"1";"3";"Chemin de Noyelles";"50,40145241";"2,97701669"
"202400012511";"2";"02";"2024";"16:20";"1";"69";"69199";"2";"3";"1";"3";"Rue Mathieu Dussurgey";"45,71227000";"4,86251000"
"202400012512";"29";"12";"2024";"15:50";"1";"56";"56260";"2";"3";"1";"2";"Boulevard des Îles";"47,65507000";" -2,77496000"
"202400012513";"5";"08";"2024";"09:51";"1";"92";"92024";"2";"2";"1";"3";"HENRI BARBUSSE (RUE) DE (1 A 73)   (2 A";"48,90003000";"2,30622000"
"202400012514";"2";"02";"2024";"21:20";"5";"64";"64122";"2";"6";"1";"2";"SEEGER ALAN (RUE)";"43,45835000";" -1,54749000"
"202400012515";"3";"02";"2024";"02:20";"4";"64";"64024";"2";"1";"2";"2";"BIARRITZ (AVENUE DE)";"43,48044000";" -1,52768000"
"202400012516";"4";"08";"2024";"18:15";"1";"35";"35151";"1";"4";"1";"6";"Les Landriaux";"47,84463100";" -1,95436500"
"202400012517";"28";"12";"2024";"17:00";"1";"56";"56260";"2";"1";"1";"3";"Rue Ferdinand Le Dressay";"47,65342000";" -2,75767000"
"202400012518";"29";"12";"2024";"10:00";"1";"54";"54323";"2";"3";"1";"6";"Avenue Hippolyte d’Huart";"49,51615000";"5,77763000"
"202400012519";"1";"02";"2024";"17:22";"1";"64";"64024";"2";"3";"8";"2";"HAUSQUETTE (RUE DE)";"43,49875000";" -1,50695000"
"202400012520";"28";"12";"2024";"15:25";"1";"39";"39300";"2";"1";"7";"6";"Route de Besançon";"46,68617800";"5,56227600"
"202400012521";"18";"07";"2024";"08:40";"1";"37";"37082";"1";"2";"1";"3";"La Parfaiterie";"47,35625100";"0,27380500"
"202400012522";"2";"02";"2024";"02:30";"5";"62";"62563";"2";"6";"1";"6";"D943";"50,47018348";"2,75176596"
"202400012523";"29";"12";"2024";"05:00";"3";"29";"29232";"1";"1";"1";"6";"RN 165";"48,03918399";" -4,07541312"
"202400012524";"5";"08";"2024";"09:35";"1";"86";"86128";"2";"2";"1";"3";"Rue Charles de Gaulle";"46,81054300";"0,32035300"
"202400012525";"28";"12";"2024";"17:17";"1";"19";"19031";"2";"1";"1";"1";"FERRY (BOULEVARD JULES)";"45,15862167";"1,53600001"
"202400012526";"2";"02";"2024";"08:10";"1";"59";"59560";"2";"1";"1";"6";"Boulevard Joseph Hentges";"50,55307800";"3,03180600"
"202400012527";"6";"08";"2024";"02:45";"3";"22";"22368";"2";"1";"1";"6";"Rue Marcel Lesné";"48,55808600";" -2,06257000"
"202400012528";"28";"12";"2024";"11:45";"1";"13";"13056";"2";"2";"1";"3";"DROITS DE L'HOMME AVENUE DES";"43,42887000";"5,03900000"
"202400012529";"5";"08";"2024";"15:10";"1";"68";"68112";"2";"2";"1";"6";"Rue de l'Ancien Hôpital";"47,90888500";"7,21108700"
"202400012530";"2";"02";"2024";"07:25";"5";"59";"59350";"2";"2";"1";"3";"Rue du Docteur Calmette";"50,62913000";"3,07547000"
"202400012531";"28";"12";"2024";"19:00";"5";"08";"08409";"2";"3";"2";"5";"31 Rue Jean Jaurés";"49,69737000";"4,93144000"
"202400012532";"30";"12";"2024";"00:45";"5";"04";"04070";"2";"1";"1";"6";"CUZIN (AV. F.)";"44,08638000";"6,23080000"
"202400012533";"2";"02";"2024";"00:30";"5";"59";"59350";"2";"2";"1";"3";"Rue du Faubourg de Béthune";"50,61792662";"3,02988614"
"202400012534";"3";"08";"2024";"13:50";"1";"13";"13078";"1";"3";"1";"3";"route d'arles";"43,43070200";"4,76050300"
"202400012535";"13";"11";"2024";"06:30";"5";"04";"04070";"2";"7";"1";"6";"GASSEND (R. J-C)";"44,08574000";"6,21796000"
"202400012536";"2";"02";"2024";"15:20";"1";"57";"57751";"2";"1";"1";"6";"Avenue des Deux Fontaines";"49,14891360";"6,17156982"
"202400012537";"25";"07";"2024";"17:30";"1";"83";"83054";"1";"1";"7";"2";"A57 PK 9";"43,15435400";"6,04102100"
"202400012538";"2";"02";"2024";"08:00";"2";"56";"56083";"2";"1";"2";"6";"ALLENDE ( AV. PRES. SALVADOR )";"47,81348000";" -3,24770000"
"202400012539";"29";"12";"2024";"20:00";"5";"75";"75119";"2";"2";"1";"3";"BOULEVARD DE LA VILLETTE";"48,88237700";"2,37043300"
"202400012540";"5";"08";"2024";"19:20";"3";"972";"97203";"1";"1";"1";"1";"N3";"14,83309400";" -61,10115100"
"202400012541";"1";"02";"2024";"18:00";"1";"56";"56121";"2";"1";"1";"6";"COUEDIC (RUE  DU )";"47,74998000";" -3,36340000"
"202400012542";"29";"12";"2024";"10:50";"1";"75";"75115";"2";"2";"1";"6";"RUE LECOURBE";"48,84047500";"2,29572200"
"202400012543";"5";"08";"2024";"16:00";"1";"35";"35172";"1";"5";"1";"1";"Tournebride";"48,41501400";" -1,83909400"
"202400012544";"2";"02";"2024";"08:10";"2";"56";"56083";"1";"1";"2";"2";"Pont de Locoyarn";"47,78886000";" -3,28816000"
"202400012545";"28";"12";"2024";"18:15";"5";"75";"75109";"2";"2";"1";"3";"RUE DU FAUBOURG MONTMARTRE";"48,87585500";"2,34035900"
"202400012546";"29";"01";"2024";"17:11";"1";"54";"54528";"2";"1";"7";"1";"Avenue du Colonel Péchot";"48,67949900";"5,88841400"
"202400012547";"29";"12";"2024";"06:50";"5";"75";"75117";"2";"3";"1";"6";"PLACE DU MARECHAL JUIN";"48,88486100";"2,29791000"
"202400012548";"4";"08";"2024";"04:10";"3";"35";"35235";"1";"4";"1";"6";"D463";"47,90551500";" -1,18817800"
"202400012549";"4";"08";"2024";"16:10";"1";"67";"67391";"1";"1";"1";"7";"D218";"48,67264900";"7,31153000"
"202400012550";"29";"12";"2024";"11:40";"1";"75";"75104";"2";"2";"1";"6";"RUE DE RIVOLI";"48,85803700";"2,34977800"
"202400012551";"2";"02";"2024";"09:20";"1";"54";"54395";"2";"2";"1";"3";"Rue de Nabecor";"48,67957660";"6,18975788"
"202400012552";"6";"08";"2024";"16:50";"1";"22";"22018";"2";"2";"1";"1";"intersection RD15/RD20";"48,66011000";" -3,22110100"
"202400012553";"30";"01";"2024";"13:10";"1";"52";"52121";"2";"1";"1";"2";"LAVOISIER (RUE)";"48,09344000";"5,13577000"
"202400012554";"29";"12";"2024";"06:00";"3";"94";"94060";"2";"3";"8";"3";"Rue du Général de Gaulle";"48,78088000";"2,57346000"
"202400012555";"4";"08";"2024";"16:55";"1";"79";"79307";"2";"1";"1";"1";"N/A";"46,13397800";"0,11509300"
"202400012556";"29";"12";"2024";"17:45";"5";"93";"93050";"2";"1";"1";"2";"MARX DORMOY (RUE)";"48,85445000";"2,53224000"
"202400012557";"2";"02";"2024";"17:00";"2";"51";"51454";"2";"1";"1";"2";"BOULEVARD DES TONDEURS";"49,27380000";"4,05840000"
"202400012558";"5";"08";"2024";"14:15";"1";"44";"44195";"1";"1";"1";"6";"N/A";"47,37659000";" -1,94505800"
"202400012559";"29";"12";"2024";"19:10";"5";"93";"93047";"2";"2";"2";"3";"Avenue Gabriel Péri / Avenue des Coquelicots";"48,89020000";"2,55205000"
"202400012560";"1";"02";"2024";"12:20";"1";"51";"51454";"2";"1";"2";"2";"CLEMENCEAU (AVENUE GEORGES)";"49,25101000";"4,05055000"
"202400012561";"4";"08";"2024";"04:40";"3";"87";"87143";"1";"1";"1";"6";"D28";"45,91649900";"1,12176500"
"202400012562";"6";"08";"2024";"10:50";"1";"51";"51212";"1";"1";"1";"7";"D79";"48,75940403";"4,28194486"
"202400012563";"29";"12";"2024";"18:20";"2";"92";"92064";"2";"1";"2";"4";"MARECHAL JUIN";"48,84030961";"2,22120032"
"202400012564";"1";"02";"2024";"12:20";"1";"51";"51454";"2";"2";"1";"3";"SAINT BRICE (RUE)";"49,25861000";"4,01848000"
"202400012565";"5";"08";"2024";"12:40";"1";"59";"59663";"1";"1";"1";"3";"Route de Cassel";"50,87123001";"2,47012552"
"202400012566";"29";"12";"2024";"18:55";"5";"92";"92044";"2";"1";"2";"7";"VILLIERS(RUE DE)  2A52";"48,88754919";"2,28249852"
"202400012567";"2";"02";"2024";"20:50";"3";"38";"38563";"1";"1";"1";"1";"D1076";"45,38952000";"5,57309000"
"202400012568";"4";"08";"2024";"11:30";"1";"67";"67199";"1";"1";"1";"3";"RD 323";"48,95776700";"6,99489500"
"202400012569";"2";"02";"2024";"08:30";"1";"38";"38185";"2";"1";"1";"1";"CHEMIN DE HALAGE";"45,18870000";"5,74458000"
"202400012570";"5";"08";"2024";"19:15";"1";"76";"76336";"1";"4";"1";"7";"rue bricoté";"49,82727000";"0,76490200"
"202400012571";"29";"12";"2024";"01:35";"5";"92";"92024";"2";"1";"2";"2";"CLICHY (QUAI DE) DE (104 A 202)";"48,91064000";"2,30548000"
"202400012572";"2";"02";"2024";"05:45";"3";"38";"38053";"1";"6";"1";"1";"BOURG EN BRESSE";"45,60721000";"5,25272000"
"202400012573";"6";"08";"2024";"10:55";"1";"76";"76655";"2";"2";"1";"6";"Avenue Foch";"49,86283800";"0,71348900"
"202400012574";"29";"12";"2024";"17:08";"5";"92";"92007";"2";"1";"2";"3";"VERDUN (RUE DE) N° IMPAIRS";"48,80202095";"2,31822520"
"202400012575";"29";"12";"2024";"22:30";"3";"01";"01290";"1";"1";"5";"6";"rd 4";"45,90792800";"5,15970600"
"202400012576";"4";"08";"2024";"22:00";"3";"79";"79351";"2";"5";"1";"6";"N/A";"46,41075200";" -0,53860900"
"202400012577";"2";"02";"2024";"18:30";"2";"37";"37233";"2";"6";"1";"3";"REPUBLIQUE (AVENUE DE LA)";"47,38985000";"0,72443000"
"202400012578";"4";"08";"2024";"22:50";"5";"80";"80228";"2";"1";"1";"7";"28 Route de la Maye";"50,24447878";"1,61890090"
"202400012579";"29";"12";"2024";"16:50";"1";"76";"76652";"1";"1";"1";"1";"D22";"49,81183300";"1,25870700"
"202400012580";"2";"02";"2024";"01:45";"3";"35";"35278";"1";"1";"1";"6";"RD 137";"48,15458000";" -1,70200000"
"202400012581";"19";"12";"2024";"21:00";"4";"01";"01033";"1";"1";"2";"6";"D101f";"46,11065100";"5,80504100"
"202400012582";"1";"02";"2024";"22:30";"5";"35";"35238";"2";"1";"1";"6";"BOURGOGNE (DE)";"48,11925000";" -1,70750000"
"202400012583";"4";"08";"2024";"07:30";"1";"82";"82093";"2";"3";"1";"1";"D928";"43,92970800";"1,08299000"
"202400012584";"29";"12";"2024";"20:35";"5";"56";"56053";"2";"2";"1";"3";"Rue Rochefort";"47,73286040";" -2,58919045"
"202400012585";"2";"02";"2024";"11:00";"1";"35";"35115";"2";"1";"5";"6";"BOURDON (RUE LOUIS)";"48,35977404";" -1,18982188"
"202400012586";"7";"12";"2024";"19:30";"5";"80";"80533";"2";"1";"2";"6";"Rue Roger Salengro";"50,06730200";"1,38672900"
"202400012587";"6";"08";"2024";"10:29";"1";"63";"63276";"1";"1";"7";"3";"route de pont-astier";"45,85929966";"3,47635606"
"202400012588";"28";"12";"2024";"10:45";"1";"71";"71157";"1";"1";"1";"7";"D11";"46,50459600";"5,33377600"
"202400012589";"2";"02";"2024";"20:15";"5";"34";"34129";"2";"2";"1";"3";"FIGUIERES (AVENUE DE)";"43,58285000";"3,92536000"
"202400012590";"30";"12";"2024";"15:15";"1";"89";"89485";"1";"1";"1";"6";"D606";"47,56480000";"3,78060000"
"202400012591";"5";"08";"2024";"19:00";"1";"63";"63022";"1";"1";"1";"2";"D710";"45,43462286";"3,30247417"
"202400012592";"3";"02";"2024";"00:11";"3";"33";"33281";"2";"1";"1";"3";"N/A";"44,82779000";" -0,67460000"
"202400012593";"30";"12";"2024";"15:10";"1";"63";"63267";"1";"1";"1";"6";"Route des Sarraix";"45,90011800";"3,63128200"
"202400012594";"6";"08";"2024";"11:15";"1";"12";"12258";"1";"1";"1";"6";"le moulin de bouscal";"44,22852570";"2,19692409"
"202400012595";"29";"12";"2024";"00:35";"3";"47";"47019";"1";"1";"5";"6";"1710 Route du Lac";"44,26849900";"0,72389300"
"202400012596";"2";"02";"2024";"22:22";"5";"33";"33063";"2";"2";"1";"3";"N/A";"44,83621600";" -0,58084310"
"202400012597";"4";"08";"2024";"19:10";"1";"12";"12088";"1";"3";"1";"6";"D921";"44,64761500";"2,85024100"
"202400012598";"2";"02";"2024";"21:00";"5";"29";"29232";"2";"1";"2";"6";"Plasenn Alexandre Massé";"47,99708100";" -4,10056500"
"202400012599";"5";"08";"2024";"18:00";"1";"68";"68273";"1";"1";"1";"6";"D9BIS5";"47,52964800";"7,28843100"
"202400012600";"2";"02";"2024";"15:30";"1";"29";"29232";"2";"1";"1";"5";"Rue Guy Autret";"47,99498000";" -4,07919000"
"202400012601";"27";"12";"2024";"11:20";"1";"01";"01304";"2";"1";"7";"4";"Rue Gabriel Vicaire";"46,04175300";"5,33672200"
"202400012602";"5";"08";"2024";"16:00";"1";"25";"25357";"1";"1";"1";"7";"chemin du train";"46,95838400";"6,40619900"
"202400012603";"29";"12";"2024";"23:00";"4";"26";"26042";"2";"4";"1";"6";"Rue des Ecoles";"44,85397500";"4,90797000"
"202400012604";"3";"08";"2024";"06:35";"2";"29";"29220";"1";"1";"1";"6";"D785";"47,88804805";" -4,20969292"
"202400012605";"2";"02";"2024";"02:10";"5";"29";"29019";"2";"2";"2";"3";"boulevard de l'Europe";"48,41306400";" -4,48669000"
"202400012606";"5";"08";"2024";"23:45";"3";"02";"02141";"1";"1";"1";"3";"N/A";"49,96063378";"3,91192580"
"202400012607";"30";"12";"2024";"09:45";"1";"40";"40046";"1";"1";"5";"1";"D46 PK9";"44,41885425";" -1,07374191"
"202400012608";"1";"02";"2024";"13:15";"1";"29";"29019";"2";"3";"1";"3";"rue Marcellin Duval";"48,41531400";" -4,48674700"
"202400012609";"6";"08";"2024";"05:00";"2";"84";"84030";"1";"1";"1";"6";"D974";"44,08280700";"5,10971500"
"202400012610";"29";"12";"2024";"17:45";"3";"24";"24211";"1";"1";"1";"1";"route des moulins";"45,01772900";"0,42136400"
"202400012611";"1";"02";"2024";"08:35";"2";"29";"29019";"2";"2";"2";"3";"rue Mozart";"48,39660400";" -4,52950500"
"202400012612";"6";"08";"2024";"15:30";"1";"03";"03018";"1";"1";"1";"1";"Route de Gannat";"46,25675200";"3,28788400"
"202400012613";"29";"12";"2024";"17:00";"1";"06";"06030";"1";"1";"1";"2";"A8 PK 161.700 Chaussée Nord";"43,57024100";"6,97438700"
"202400012614";"30";"01";"2024";"12:40";"1";"28";"28085";"2";"1";"8";"7";"LECLERC (RUE DU MARECHAL)";"48,44000000";"1,47500000"
"202400012615";"29";"12";"2024";"19:55";"3";"91";"91017";"1";"1";"1";"6";"A10";"48,59283900";"2,04413300"
"202400012616";"5";"08";"2024";"21:30";"3";"01";"01124";"1";"1";"1";"1";"Route de Bourg";"46,41845200";"5,23744200"
"202400012617";"2";"02";"2024";"01:30";"5";"28";"28085";"2";"1";"5";"6";"COURTILLE (BOULEVARD DE LA)";"48,44221000";"1,49353000"
"202400012618";"29";"12";"2024";"22:15";"5";"978";"97801";"2";"1";"2";"1";"VOI 8 RUE DE HOLLANDE";"18,07049300";" -63,08215500"
"202400012619";"6";"08";"2024";"09:30";"1";"70";"70398";"1";"1";"7";"1";"route des gouvets";"47,80377300";"6,31680500"
"202400012620";"1";"02";"2024";"08:21";"1";"27";"27229";"2";"1";"2";"2";"COCHEREL (RUE DE)";"49,01955000";"1,18307000"
"202400012621";"29";"12";"2024";"15:00";"1";"73";"73176";"1";"1";"1";"3";"D1090 - Route du Col du Petit Saint Bernard";"45,62112100";"6,85832300"
"202400012622";"6";"08";"2024";"09:35";"1";"58";"58083";"2";"1";"1";"6";"Avenue Saint-jean";"47,25477200";"3,68029100"
"202400012623";"2";"02";"2024";"18:50";"5";"26";"26362";"2";"1";"1";"3";"Avenue Sadi Carnot";"44,93502300";"4,89739180"
"202400012624";"29";"12";"2024";"18:30";"3";"73";"73054";"1";"1";"1";"1";"D119 - Route des Arcs";"45,60362700";"6,77278200"
"202400012625";"2";"02";"2024";"10:15";"1";"26";"26252";"2";"1";"1";"6";"Route des Mernes";"44,86306822";"4,90387201"
"202400012626";"28";"12";"2024";"18:30";"5";"01";"01043";"2";"1";"1";"7";"Chemin des Malettes";"45,82664600";"4,99888700"
"202400012627";"6";"08";"2024";"10:45";"1";"66";"66063";"1";"1";"1";"3";"D900";"42,48682513";"2,83724070"
"202400012628";"1";"02";"2024";"18:00";"2";"19";"19031";"2";"2";"1";"3";"Avenue Ribot";"45,16479000";"1,51526000"
"202400012629";"5";"08";"2024";"17:20";"1";"72";"72165";"2";"9";"1";"1";"Rue de la Martinière";"48,08262300";"0,41666000"
"202400012630";"30";"12";"2024";"16:40";"1";"17";"17219";"1";"1";"8";"4";"D728";"45,82523300";" -1,09039800"
"202400012631";"2";"02";"2024";"03:20";"3";"17";"17274";"1";"1";"1";"7";"D108";"46,15763000";" -1,07504000"
"202400012632";"29";"12";"2024";"14:50";"1";"56";"56146";"1";"1";"8";"7";"Le Stumo";"48,14307800";" -3,00516300"
"202400012633";"4";"08";"2024";"17:00";"1";"14";"14078";"1";"2";"1";"3";"Route de Longuemare";"49,27730900";" -0,84927900"
"202400012634";"29";"12";"2024";"14:30";"1";"13";"13203";"1";"1";"1";"3";"A557-Liaison A7 Marseille-A55 Marseille";"43,31700000";"5,36400000"
"202400012635";"5";"08";"2024";"12:30";"1";"05";"05142";"1";"1";"1";"6";"Route Napoléon";"44,77723500";"6,01049800"
"202400012636";"2";"02";"2024";"15:20";"1";"16";"16015";"2";"1";"1";"3";"BASSEAU (RUE DE N° 1 A 237)";"45,65102800";"0,14280080"
"202400012637";"27";"12";"2024";"13:35";"1";"13";"13015";"1";"1";"1";"2";"A515CD-Gardanne vers A51-Marseille";"43,42830000";"5,39939000"
"202400012638";"1";"02";"2024";"22:15";"3";"14";"14059";"1";"1";"1";"7";"37 Chemin des Enclos";"49,33162000";"0,05184000"
"202400012639";"5";"08";"2024";"19:30";"1";"45";"45272";"1";"1";"1";"2";"D2020 PR 46 + 565";"47,79978300";"1,93129100"
"202400012640";"1";"02";"2024";"16:10";"1";"14";"14366";"2";"1";"1";"7";"1 Rue du Carmel";"49,14335000";"0,22906000"
"202400012641";"29";"12";"2024";"05:25";"3";"69";"69276";"1";"1";"5";"1";"Autoroute 7";"45,67701000";"4,84794000"
"202400012642";"5";"08";"2024";"10:00";"1";"64";"64326";"1";"1";"1";"2";"ROUTE DE LA PLAINE";"43,29379400";" -0,72780100"
"202400012643";"2";"02";"2024";"18:40";"2";"13";"13075";"2";"1";"1";"3";"L'ENJOLRAS (AVE DE)";"43,33836709";"5,45330282"
"202400012644";"6";"08";"2024";"14:40";"1";"43";"43152";"1";"3";"1";"3";"D13";"45,08382809";"3,85720618"
"202400012645";"28";"12";"2024";"16:11";"1";"33";"33366";"1";"1";"1";"4";"N/A";"45,00886800";" -0,42839800"
"202400012646";"2";"02";"2024";"20:05";"5";"13";"13208";"2";"1";"1";"3";"PARADIS (RUE)";"43,28146482";"5,38184881"
"202400012647";"6";"08";"2024";"09:30";"1";"36";"36007";"1";"2";"1";"3";"N/A";"46,94510703";"1,44047313"
"202400012648";"29";"12";"2024";"14:40";"1";"91";"91687";"1";"1";"1";"2";"AUTOROUTE A6";"48,66209200";"2,36889000"
"202400012649";"5";"08";"2024";"10:25";"1";"07";"07041";"1";"1";"1";"7";"Route de Vidalon";"45,26288000";"4,68601400"
"202400012650";"2";"02";"2024";"18:15";"5";"13";"13211";"2";"1";"1";"3";"CARTONNERIE (BOULEVARD DE LA )";"43,29253000";"5,45975000"
"202400012651";"29";"12";"2024";"07:37";"5";"94";"94043";"1";"1";"1";"6";"A6B";"48,81594025";"2,35678126"
"202400012652";"5";"08";"2024";"14:00";"1";"24";"24388";"1";"1";"1";"7";"Route du Château de Labatut";"44,85667354";"0,91483507"
"202400012653";"2";"02";"2024";"14:30";"1";"13";"13213";"1";"6";"1";"2";"OLIVES (AVENUE DES)";"43,32985000";"5,42946000"
"202400012654";"29";"12";"2024";"15:45";"2";"93";"93048";"1";"1";"1";"4";"AUTOROUTE A3";"48,87086130";"2,43145626"
"202400012655";"4";"08";"2024";"19:45";"1";"24";"24082";"1";"1";"1";"1";"D704a";"44,86589198";"1,26778364"
"202400012656";"31";"07";"2024";"15:00";"1";"24";"24479";"1";"1";"7";"7";"Route de Miallet";"45,50730934";"0,79238892"
"202400012657";"1";"02";"2024";"23:10";"5";"13";"13005";"2";"1";"1";"2";"SALENGRO (AVENUE ROGER)";"43,29865000";"5,56913000"
"202400012658";"29";"12";"2024";"18:30";"3";"77";"77294";"1";"1";"1";"2";"A104";"48,96164633";"2,61726537"
"202400012659";"6";"08";"2024";"07:25";"1";"37";"37098";"1";"1";"1";"6";"D91";"47,05724800";"0,62762600"
"202400012660";"3";"02";"2024";"01:00";"3";"13";"13001";"2";"1";"1";"6";"R.N 7";"43,56319000";"5,40747000"
"202400012661";"6";"08";"2024";"08:30";"1";"48";"48104";"1";"1";"1";"7";"D900";"44,65345200";"3,07591400"
"202400012662";"25";"09";"2024";"07:40";"1";"28";"28027";"1";"1";"2";"1";"D9";"48,14693300";"0,96323500"
"202400012663";"2";"02";"2024";"08:30";"1";"13";"13001";"2";"1";"1";"3";"JAURES JEAN (BD)";"43,53203250";"5,44493038"
"202400012664";"18";"09";"2024";"19:20";"2";"28";"28309";"1";"1";"1";"7";"Le Hasard";"48,37347000";"1,59615000"
"202400012665";"6";"08";"2024";"10:30";"1";"08";"08070";"2";"2";"1";"1";"1 Rue d?Avancon";"49,48669500";"4,17369400"
"202400012666";"2";"02";"2024";"07:40";"1";"13";"13001";"2";"2";"1";"3";"REPUBLIQUE (BD DE LA)";"43,52900183";"5,43939629"
"202400012667";"13";"09";"2024";"19:50";"3";"28";"28191";"2";"1";"1";"6";"39 Rue de la Billardiere";"48,60205300";"1,65019500"
"202400012668";"6";"08";"2024";"08:53";"1";"06";"06152";"2";"1";"1";"2";"23 Route de Nice";"43,64258800";"7,01024700"
"202400012669";"26";"01";"2024";"15:35";"1";"12";"12202";"2";"2";"1";"3";"EUROPE (AVENUE DE L')";"44,35408000";"2,56387000"
"202400012670";"6";"08";"2024";"16:50";"1";"13";"13001";"1";"1";"1";"1";"autoroute A8, pk 18+400, sens sud";"43,51791800";"5,43003600"
"202400012671";"25";"10";"2024";"22:55";"5";"74";"74012";"2";"3";"1";"1";"ARVE (QUAI D')";"46,18539047";"6,22581005"
"202400012672";"20";"10";"2024";"22:45";"5";"74";"74081";"2";"6";"1";"6";"25 Grande rue";"46,06100800";"6,58012500"
"202400012673";"21";"01";"2024";"03:15";"4";"12";"12202";"2";"2";"9";"3";"LAROMIGUIERE (BOULEVARD)";"44,34825000";"2,57283000"
"202400012674";"17";"01";"2024";"13:00";"1";"12";"12202";"2";"1";"1";"6";"BELLE ISLE (BOULEVARD)";"44,35328000";"2,57683000"
"202400012675";"17";"10";"2024";"22:10";"3";"74";"74010";"1";"1";"2";"7";"Chemin du purgatoire";"45,85497700";"6,09357700"
"202400012676";"4";"08";"2024";"05:00";"3";"13";"13032";"1";"1";"1";"2";"Autoroute A8, pk 011+750, sens sud/nord";"43,53585657";"5,35589912"
"202400012677";"2";"02";"2024";"17:11";"1";"11";"11069";"1";"1";"1";"4";"N/A";"43,21870000";"2,38147000"
"202400012678";"4";"10";"2024";"22:15";"5";"74";"74010";"2";"1";"1";"6";"243 Route des creuses (Seynod)";"45,88919500";"6,07977600"
"202400012679";"28";"08";"2024";"12:15";"1";"74";"74185";"1";"1";"1";"6";"Route des bornes";"46,14914200";"6,21895900"
"202400012680";"31";"07";"2024";"17:50";"1";"971";"97118";"1";"1";"1";"1";"404 Chemin de Bel Air Desrozieres";"16,20361000";" -61,64507600"
"202400012681";"1";"02";"2024";"17:26";"2";"11";"11069";"2";"9";"1";"3";"22 Boulevard Barbès";"43,21034000";"2,34971000"