"Num_Acc";"jour";"mois";"an";"hrmn";"lum";"dep";"com";"agg";"int";"atm";"col";"adr";"lat";"long"
"202400012682";"5";"08";"2024";"21:40";"3";"28";"28317";"1";"2";"1";"7";"d.24";"48,43141100";"1,74405800"
"202400012683";"30";"09";"2024";"07:00";"3";"33";"33029";"1";"1";"1";"2";"N/A";"44,68284300";" -0,78674600"
"202400012684";"24";"01";"2024";"20:59";"5";"10";"10362";"2";"3";"1";"1";"Rue Chanteloup";"48,29510000";"4,04440000"
"202400012685";"2";"07";"2024";"09:50";"1";"13";"13208";"2";"1";"1";"3";"PICON JACQUES RUE";"43,26778715";"5,39155298"
"202400012686";"6";"08";"2024";"13:05";"1";"77";"77031";"2";"1";"1";"1";"D201A";"48,68350200";"2,95005400"
"202400012687";"1";"02";"2024";"18:35";"5";"10";"10265";"2";"1";"1";"6";"LAMARTINE (RUE)";"48,29960000";"4,04910000"
"202400012688";"17";"08";"2024";"09:50";"1";"84";"84031";"2";"1";"1";"3";"NOTRE DAME DE SANTE AVENUE";"44,06024000";"5,04876000"
"202400012689";"1";"02";"2024";"12:14";"1";"10";"10060";"1";"1";"1";"3";"ROCADE OUEST";"48,26090000";"4,09300000"
"202400012690";"5";"08";"2024";"18:20";"1";"34";"34022";"2";"3";"1";"6";"N113";"43,65950900";"4,01778300"
"202400012691";"15";"08";"2024";"09:47";"1";"84";"84031";"1";"1";"1";"2";"D942";"44,04632000";"5,02397000"
"202400012692";"2";"02";"2024";"08:20";"1";"07";"07070";"1";"1";"1";"5";"ROUTE DEPARTEMENTALE 86";"44,97802000";"4,85108000"
"202400012693";"6";"08";"2024";"16:50";"1";"05";"05136";"1";"1";"1";"3";"RN94";"44,69217028";"6,61212902"
"202400012694";"11";"08";"2024";"20:45";"1";"84";"84031";"2";"1";"1";"3";"DURAND BOULEVARD ALBIN";"44,05453000";"5,04506000"
"202400012695";"2";"02";"2024";"10:40";"1";"07";"07316";"2";"1";"1";"1";"MONTGOLFIERS (AVENENUE DES FRERES)";"44,89281000";"4,85059000"
"202400012696";"6";"08";"2024";"09:50";"1";"04";"04019";"2";"2";"1";"3";"Avenue Ernest Pellotier";"44,38762700";"6,63985700"
"202400012697";"19";"08";"2024";"07:49";"1";"84";"84080";"2";"1";"7";"3";"ROULIERS CHEMIN DES";"44,03035000";"4,96907000"
"202400012698";"5";"08";"2024";"07:50";"2";"13";"13059";"1";"6";"1";"3";"Départementale 556";"43,64760500";"5,49143700"
"202400012699";"2";"02";"2024";"15:40";"1";"06";"06088";"2";"1";"1";"2";"Promenade des Anglais";"43,67869000";"7,22965000"
"202400012700";"3";"08";"2024";"16:40";"1";"84";"84031";"1";"6";"1";"7";"D942";"44,06083000";"5,03913000"
"202400012701";"2";"08";"2024";"21:40";"3";"84";"84031";"2";"1";"2";"6";"ROUTE DE BEDOIN";"44,07368000";"5,08738000"
"202400012702";"5";"08";"2024";"05:20";"2";"67";"67519";"1";"1";"1";"7";"M223";"48,66899800";"7,82740700"
"202400012703";"2";"02";"2024";"13:50";"1";"06";"06069";"2";"9";"1";"3";"Avenue Mathias Duval";"43,65053000";"6,92212000"
"202400012704";"1";"08";"2024";"10:24";"1";"84";"84080";"2";"1";"1";"6";"TREWEY BOULEVARD";"44,03354000";"4,99792000"
"202400012705";"4";"08";"2024";"09:35";"1";"69";"69255";"2";"4";"7";"6";"Rue du Dronaud";"45,73198100";"4,65839400"
"202400012706";"23";"07";"2024";"04:40";"3";"84";"84031";"1";"6";"1";"7";"SAINT ROCH AVENUE";"44,07352400";"5,05848800"
"202400012707";"2";"02";"2024";"10:45";"1";"06";"06069";"2";"1";"1";"2";"Boulevard Fragonard";"43,65763000";"6,92206000"
"202400012708";"5";"08";"2024";"15:10";"1";"09";"09157";"1";"1";"1";"1";"Avenue Pierre Sémard";"42,96410400";"1,87369200"
"202400012709";"20";"07";"2024";"15:51";"1";"84";"84089";"2";"6";"1";"3";"Route d?Aix";"43,68189400";"5,50075500"
"202400012710";"2";"02";"2024";"02:50";"5";"06";"06029";"2";"1";"1";"6";"44 Boulevard Carnot";"43,55776000";"7,01712000"
"202400012711";"13";"03";"2024";"15:03";"1";"84";"84056";"1";"1";"1";"6";"Route de Violès";"44,13645300";"4,93744800"
"202400012712";"2";"02";"2024";"07:05";"2";"06";"06004";"2";"3";"1";"6";"Chemin de Saint Claude";"43,59490740";"7,10715580"
"202400012713";"26";"10";"2024";"20:55";"3";"19";"19151";"1";"1";"2";"7";"N/A";"45,08336845";"1,51425862"
"202400012714";"5";"08";"2024";"21:10";"1";"72";"72244";"1";"3";"7";"3";"1134 route de sable";"47,77770800";" -0,31953700"
"202400012715";"28";"12";"2024";"23:20";"5";"974";"97407";"2";"6";"1";"3";"VERGES(AVENUE)";" -20,93970000";"55,30329000"
"202400012716";"28";"12";"2024";"15:50";"1";100;100037";"2";"6";"1";"3";"TOUTES RUES";"42,37420000";"9,26140000"
"202400012717";"6";"08";"2024";"14:00";"1";"50";"50616";"1";"3";"8";"3";"D456";"48,67167900";" -1,36992200"
"202400012718";"28";"12";"2024";"14:20";"1";101;101004";"2";"9";"1";"3";"MARECHAL JUIN AVENUE";"41,93761000";"8,75097000"
"202400012719";"31";"07";"2024";"11:00";"1";"29";"29046";"2";"3";"1";"7";"Route de Quimper";"48,07895820";" -4,32238353"
"202400012720";"28";"12";"2024";"11:06";"1";101;101004";"2";"3";"1";"3";"#Rue Achille Peretti#";"41,93768000";"8,74238000"
"202400012721";"4";"08";"2024";"22:45";"3";"22";"22168";"2";"2";"1";"3";"Route de Pleumeur-bodou";"48,80101600";" -3,47337500"
"202400012722";"5";"08";"2024";"23:40";"4";"22";"22162";"2";"3";"1";"6";"Rue Gilles le Guen";"48,78254200";" -3,03847600"
"202400012723";"28";"12";"2024";"14:22";"1";"91";"91286";"2";"6";"8";"6";"ROUTE NATIONALE 7";"48,66927000";"2,39354000"
"202400012724";"6";"08";"2024";"00:30";"3";"27";"27114";"2";"1";"1";"6";"rue guy de maupassant";"48,96275100";"1,43094800"
"202400012725";"28";"12";"2024";"19:02";"5";"91";"91228";"2";"9";"1";"3";"BD DE L EUROPE";"48,63084000";"2,43412000"
"202400012726";"6";"08";"2024";"17:05";"1";"59";"59659";"2";"1";"1";"6";"Rue Camille Desmoulins";"50,01630200";"4,00950400"
"202400012727";"5";"08";"2024";"18:40";"1";"91";"91692";"1";"1";"1";"6";"AUTOROUTE A10";"48,67290000";"2,19720000"
"202400012728";"27";"12";"2024";"19:45";"3";"77";"77459";"1";"1";"5";"1";"D619";"48,54223486";"3,34411431"
"202400012729";"4";"08";"2024";"20:45";"1";"92";"92050";"1";"1";"1";"7";"A86";"48,89224922";"2,18406703"
"202400012730";"28";"12";"2024";"06:00";"5";"68";"68066";"2";"6";"5";"7";"LADHOF (RUE DU)";"48,09542000";"7,37500000"
"202400012731";"4";"08";"2024";"20:40";"2";"95";"95277";"1";"1";"1";"2";"A3";"48,97316958";"2,48646812"
"202400012732";"28";"12";"2024";"19:30";"4";"66";"66136";"2";"2";"1";"3";"WILSON (BOULEVARD THOMAS";"42,70149274";"2,89408743"
"202400012733";"28";"12";"2024";"13:24";"1";"64";"64024";"2";"9";"1";"3";"MONTBRUN (AVENUE DE)";"43,50180000";" -1,52050000"
"202400012734";"3";"08";"2024";"02:53";"3";"77";"77495";"1";"1";"1";"2";"A5B";"48,57525736";"2,63912291"
"202400012735";"28";"12";"2024";"09:30";"2";"64";"64102";"2";"1";"1";"6";"LORRAINE (BOULEVARD D'ALSACE)";"43,49069000";" -1,46252000"
"202400012736";"28";"12";"2024";"12:15";"1";"63";"63113";"2";"1";"1";"6";"BLANZAT (RUE DE)";"45,78635476";"3,08466911"
"202400012737";"28";"02";"2024";"13:15";"1";"14";"14475";"1";"1";"1";"2";"2871 Route de Bretagne (Noyers-Bocage)";"49,11541400";" -0,57811300"
"202400012738";"28";"12";"2024";"05:40";"3";"54";"54149";"1";"1";"9";"6";"RN52";"49,43543604";"5,90932488"
"202400012739";"3";"08";"2024";"00:50";"5";"34";"34301";"2";"9";"1";"6";"CLERVILLE CHEVALIER DE (BOULEVARD)";"43,40600000";"3,68400000"
"202400012740";"27";"12";"2024";"17:35";"5";"51";"51454";"2";"3";"1";"6";"VASNIER (BOULEVARD HENRI) COTE IMPAIR";"49,24726000";"4,04498000"
"202400012741";"29";"04";"2024";"03:50";"5";"95";"95323";"2";"1";"1";"6";"GIROLLES (RUE DES)";"49,01317000";"2,03225000"
"202400012742";"28";"12";"2024";"16:20";"1";"46";"46042";"2";"1";"1";"6";"CAVAIGNAC (QUAI EUGENE)";"44,44252000";"1,44166000"
"202400012743";"4";"08";"2024";"20:00";"3";"988";"98818";"2";"1";"1";"6";"Sur parking Hyprocal";" -22,22845000";"166,44446000"
"202400012744";"28";"12";"2024";"07:50";"5";"35";"35115";"2";"6";"1";"3";"CARNOT (PLACE DU PRESIDENT)";"48,35330000";" -1,19867800"
"202400012745";"4";"08";"2024";"11:50";"1";"974";"97411";"2";"1";"1";"6";"PROVIDENCE (BOULEVARD DE LA)";" -20,89134000";"55,45499000"
"202400012746";"28";"12";"2024";"16:10";"1";"33";"33529";"2";"1";"1";"7";"N/A";"44,64130300";" -1,13478900"
"202400012747";"4";"08";"2024";"00:01";"5";101;101004";"1";"6";"1";"7";"T21";"41,92706000";"8,77917000"
"202400012748";"28";"12";"2024";"18:00";"5";"29";"29039";"2";"6";"1";"3";"Rue de la Villeneuve";"47,89436187";" -3,91378747"
"202400012749";"4";"08";"2024";"15:50";"1";"95";"95277";"1";"1";"1";"4";"D170";"48,97762705";"2,46379338"
"202400012750";"28";"12";"2024";"03:30";"3";"26";"26252";"1";"9";"5";"7";"RN7";"44,87073000";"4,86289000"
"202400012751";"4";"08";"2024";"17:28";"1";"91";"91552";"2";"1";"1";"6";"RTE DE CORBEIL";"48,59550000";"2,26764000"
"202400012752";"4";"08";"2024";"13:45";"1";"90";"90010";"2";"1";"1";"6";"FRANCE BOULEVARD ANATOLE )";"47,63736000";"6,83837000"
"202400012753";"27";"12";"2024";"17:25";"3";"14";"14271";"1";"1";"1";"4";"N814";"49,13680000";" -0,37125000"
"202400012754";"4";"08";"2024";"20:10";"1";"83";"83090";"2";"1";"1";"2";"RESISTANCE (AVE DE LA)";"43,13084601";"5,84424931"
"202400012755";"28";"12";"2024";"19:00";"5";"13";"13103";"2";"1";"1";"6";"BOULEVARD JOLY - VICTOR";"43,63895321";"5,09533962"
"202400012756";"3";"08";"2024";"19:55";"1";"83";"83126";"2";"3";"1";"1";"POMPIDOU (CORNICHE GEORGES)";"43,08879075";"5,89894177"
"202400012757";"28";"12";"2024";"18:08";"5";"13";"13203";"2";"2";"1";"3";"CHANTERAC (RUE DE)";"43,31271000";"5,36975000"
"202400012758";"28";"12";"2024";"07:45";"3";"13";"13213";"2";"1";"1";"1";"ALBERT EINSTEIN (RUE)";"43,49260000";"5,37348000"
"202400012759";"4";"08";"2024";"16:10";"1";"82";"82121";"2";"6";"1";"6";"avenue du 10e dragon";"44,02386672";"1,34192750"
"202400012760";"28";"12";"2024";"18:45";"3";"13";"13001";"2";"6";"1";"7";"RD 543";"43,48788000";"5,35230000"
"202400012761";"4";"08";"2024";"04:15";"3";"82";"82121";"1";"1";"1";"1";"A20";"44,01177670";"1,38623833"
"202400012762";"28";"12";"2024";"19:40";"5";"07";"07102";"2";"6";"1";"6";"REPUBLIQUE (AV.DE LA) [DU N° AU N°]";"44,93821000";"4,86883000"
"202400012763";"27";"12";"2024";"17:55";"5";"75";"75119";"2";"1";"1";"6";"BOULEVARD MACDONALD";"48,89857800";"2,38508800"
"202400012764";"28";"12";"2024";"14:20";"1";"75";"75111";"2";"2";"1";"6";"AVENUE PARMENTIER";"48,86668700";"2,37359500"
"202400012765";"1";"06";"2024";"14:10";"1";"94";"94069";"1";"1";"2";"2";"A4";"48,81725883";"2,42989898"
"202400012766";"31";"05";"2024";"06:45";"2";"77";"77373";"1";"1";"2";"7";"RN104";"48,80238000";"2,62687000"
"202400012767";"31";"05";"2024";"13:42";"1";"987";"98735";"2";"9";"1";"3";"POMARE (BVD BLOC DU FOYER DES J.FILLES)";" -17,54042919";" -149,56982714"
"202400012768";"31";"05";"2024";"12:35";"1";"976";"97611";"2";"1";"1";"6";"tsoundzou-Maternelle";" -12,81440000";"45,20091000"
"202400012769";"31";"05";"2024";"08:00";"1";"974";"97416";"2";"3";"1";"3";"CHATEAU D'EAU (CHEMIN DU)";" -21,32606000";"55,47458000"
"202400012770";"31";"05";"2024";"14:20";"1";"974";"97407";"2";"1";"1";"3";"ROMERO(AVENUE)";" -20,94571000";"55,29749000"
"202400012771";"31";"05";"2024";"13:00";"1";"973";"97302";"2";"1";"1";"2";"TROUBIRAN (CHEMIN DE)";"4,92319952";" -52,30385399"
"202400012772";"31";"05";"2024";"11:30";"1";"973";"97302";"2";"1";"1";"3";"REPUBLIQUE (BD DE LA)";"4,93761000";" -52,32471000"
"202400012773";"30";"05";"2024";"07:47";"1";"973";"97302";"2";"3";"1";"3";"MONTABO (ROUTE DE) 1";"4,92978000";" -52,29038000"
"202400012774";"29";"05";"2024";"12:35";"1";"973";"97302";"2";"3";"1";"1";"MADELEINE (ROUTE DE LA)";"4,91065253";" -52,32147771"
"202400012775";"31";"05";"2024";"20:55";"2";"69";"69387";"2";"2";"1";"3";"Pont de l'Université";"45,75199000";"4,83688000"
"202400012776";"30";"04";"2024";"21:25";"5";"972";"97213";"1";"1";"1";"2";"ROUTE NATIONALE 5";"14,59611000";" -60,98865000"
"202400012777";"31";"05";"2024";"10:25";"1";"972";"97209";"2";"9";"1";"3";"BOUILLE (RUE)";"14,60456000";" -61,06538000"
"202400012778";"31";"05";"2024";"18:40";"1";100;100033";"2";"1";"1";"7";"FAVALE - COURS";"42,69322000";"9,45018000"
"202400012779";"31";"05";"2024";"13:40";"1";"91";"91692";"2";"1";"2";"6";"BERRY (AVENUE DU)";"48,68270000";"2,16638000"
"202400012780";"31";"05";"2024";"05:15";"2";"91";"91687";"2";"3";"2";"3";"GENERAL DE GAULLE (AVENUE DU)";"48,68240000";"2,37760000"
"202400012781";"31";"05";"2024";"16:00";"1";"91";"91433";"2";"1";"3";"3";"PONTS (RUE DES)";"48,45000000";"2,20000000"
"202400012782";"31";"05";"2024";"05:11";"5";"87";"87085";"2";"3";"1";"3";"ALLENDE (QUAI SALVADOR)";"45,81742000";"1,25276000"
"202400012783";"31";"05";"2024";"23:10";"3";"85";"85194";"1";"1";"1";"7";"RD 949";"46,51405949";" -1,73504055"
"202400012784";"30";"05";"2024";"20:00";"1";"30";"30011";"2";"1";"1";"3";"N/A";"43,96126000";"4,74891000"
"202400012785";"29";"05";"2024";"16:35";"1";"83";"83144";"1";"6";"1";"3";"Rond point de l'Université";"43,13815000";"6,01757000"
"202400012786";"29";"05";"2024";"17:15";"1";"83";"83126";"2";"2";"1";"3";"JUIN (AV MARECHAL)";"43,10761000";"5,87704000"
"202400012787";"31";"05";"2024";"14:47";"1";"83";"83061";"1";"1";"1";"6";"D7";"43,50163079";"6,79395747"
"202400012788";"29";"05";"2024";"18:20";"1";"81";"81163";"2";"6";"1";"3";"RICHARDE";"43,49916690";"2,38647723"
"202400012789";"31";"05";"2024";"16:00";"1";"80";"80001";"2";"3";"2";"2";"MENCHECOURT (de)";"50,11816600";"1,81911200"
"202400012790";"31";"05";"2024";"20:00";"1";"78";"78311";"2";"1";"2";"6";"BLAISE PASCAL (RUE)";"48,92689300";"2,18961500"
"202400012791";"22";"05";"2024";"13:10";"1";"77";"77468";"2";"1";"2";"6";"LAGNY (ROUTE DE)";"48,85934000";"2,65019000"
"202400012792";"31";"05";"2024";"12:20";"1";"77";"77014";"2";"2";"8";"6";"FRANKLIN ROOSEVELT (AVENUE)";"48,41548000";"2,72035000"
"202400012793";"30";"05";"2024";"20:45";"1";"69";"69029";"2";"3";"2";"3";"Rue Lionel Terray";"45,72569000";"4,91100000"
"202400012794";"30";"05";"2024";"08:50";"1";"69";"69259";"1";"1";"1";"2";"Rue des Frères Louis et Emile Bertrand";"45,71821988";"4,87158256"
"202400012795";"31";"05";"2024";"17:45";"1";"66";"66136";"2";"1";"1";"2";"Avenue de l'Ancien-Champs-de-Mars";"42,70481000";"2,89103000"
"202400012796";"31";"05";"2024";"19:48";"1";"64";"64445";"2";"2";"1";"1";"LUCIEN FAVRE";"43,31901278";" -0,36412463"
"202400012797";"28";"05";"2024";"18:10";"1";"63";"63103";"1";"3";"1";"3";"RD227 / rue de St-Hubert";"45,91949850";"3,05324154"
"202400012798";"31";"05";"2024";"15:30";"1";"63";"63113";"2";"1";"1";"7";"MONTLOSIER (RUE)";"45,78133000";"3,08806000"
"202400012799";"31";"05";"2024";"13:57";"1";"63";"63113";"2";"1";"1";"2";"VERNE (RUE JULES)";"45,78603000";"3,13615000"
"202400012800";"31";"05";"2024";"11:00";"1";"63";"63113";"2";"1";"1";"6";"BLANZAT (RUE DE)";"45,78525000";"3,08471000"
"202400012801";"31";"05";"2024";"13:05";"1";"59";"59350";"2";"3";"2";" -1";"Avenue de Dunkerque (Lomme)";"50,64207000";"3,01734000"
"202400012802";"30";"05";"2024";"20:05";"1";"59";"59378";"2";"1";"1";"2";"Avenue du Maréchal Foch";"50,67166000";"3,09731000"
"202400012803";"30";"05";"2024";"16:45";"1";"57";"57672";"2";"1";"1";"6";"ALLIES (PONT DES)";"49,35850000";"6,17022000"
"202400012804";"31";"05";"2024";"12:30";"1";"56";"56260";"2";"6";"1";"3";"Rue Robert Schuman";"47,64999000";" -2,77055000"
"202400012805";"31";"05";"2024";"12:30";"1";"56";"56098";"2";"2";"1";"3";"CHARCOT (RUE  COMMANDANT )";"47,75826000";" -3,32773770"
"202400012806";"30";"05";"2024";"14:30";"1";"54";"54339";"2";"1";"1";"1";"rue Antoine de Saint Exupéry";"48,71367600";"6,19364400"
"202400012807";"30";"05";"2024";"13:20";"1";"54";"54395";"2";"2";"1";"3";"Rue Jeannot";"48,68893200";"6,18855200"
"202400012808";"31";"05";"2024";"12:35";"1";"49";"49007";"2";"1";"1";"6";"TOURAINE RUE ET SQUARE";"47,48458000";" -0,52885000"
"202400012809";"30";"05";"2024";"18:39";"1";"49";"49007";"2";"2";"1";"5";"VOLNEY";"47,46000000";" -0,53721000"
"202400012810";"31";"05";"2024";"12:46";"1";"45";"45169";"2";"3";"1";"3";"Route d'Orleans";"47,91513000";"1,84463000"
"202400012811";"1";"06";"2024";"00:21";"5";"42";"42187";"2";"3";"2";"6";"Rue Albert Thomas";"46,05165000";"4,07396000"
"202400012812";"31";"05";"2024";"21:22";"5";"42";"42187";"2";"3";"1";"6";"Quai du Canal";"46,04492506";"4,08706382"
"202400012813";"30";"05";"2024";"19:45";"1";"41";"41226";"1";"6";"2";"3";"PARIS (ROUTE DE)";"47,82431000";"1,07693000"
"202400012814";"31";"05";"2024";"06:00";"3";"37";"37233";"2";"1";"1";"6";"LOIRE (LEVEE DE LA)";"47,40202000";"0,74973000"
"202400012815";"31";"05";"2024";"12:00";"1";"35";"35238";"2";"3";"1";"3";"MABILAIS (DE LA)";"48,10635000";" -1,69513000"
"202400012816";"31";"05";"2024";"12:00";"1";"34";"34172";"2";"1";"1";"6";"LOUISVILLE (AVENUE DE)";"43,62548000";"3,81565000"
"202400012817";"31";"05";"2024";"07:24";"1";"33";"33167";"2";"3";"1";"5";"N/A";"44,82634000";" -0,52665000"
"202400012818";"31";"05";"2024";"21:14";"1";"31";"31555";"2";"1";"1";"6";"AV DU CHATEAU D EAU";"43,60084000";"1,42787000"
"202400012819";"31";"05";"2024";"12:33";"1";"31";"31555";"2";"1";"1";"3";"AV DE MURET";"43,58643591";"1,42929286"
"202400012820";"31";"05";"2024";"20:23";"1";"29";"29019";"2";"2";"1";"3";"rue Massillon";"48,39823900";" -4,47759800"
"202400012821";"31";"05";"2024";"21:50";"3";"28";"28223";"1";"1";"2";"3";"D 152";"48,72125000";"1,41305000"
"202400012822";"31";"05";"2024";"13:50";"1";"27";"27528";"2";"2";"2";"3";"NOTRE DAME (RUE)";"49,25784000";"1,20824000"
"202400012823";"31";"05";"2024";"20:25";"1";"27";"27229";"2";"6";"2";"3";"MOULIN (RUE JEAN)";"49,01144000";"1,15239000"
"202400012824";"30";"05";"2024";"13:17";"1";"27";"27229";"2";"1";"3";"3";"LAVOISIER (RUE)";"49,00033000";"1,14767000"
"202400012825";"31";"05";"2024";"12:55";"1";"25";"25056";"2";"1";"3";"1";"RIVOTTE  FAUBOURG";"47,23137000";"6,03578000"
"202400012826";"30";"05";"2024";"08:30";"1";"15";"15012";"1";"9";"2";"7";"RD 990";"44,90167000";"2,49661000"
"202400012827";"30";"05";"2024";"15:15";"1";"14";"14574";"1";"1";"1";"7";"1570 Route de Dives";"49,16105300";"0,19099400"
"202400012828";"30";"05";"2024";"14:06";"1";"14";"14574";"1";"1";"1";"5";"1993 Route de Dives";"49,16375800";"0,18812300"
"202400012829";"31";"05";"2024";"22:39";"5";"13";"13203";"2";"3";"1";"3";"PLOMBIERES (BOULEVARD DES)";"43,31887000";"5,37899000"
"202400012830";"31";"05";"2024";"20:00";"1";"13";"13203";"2";"1";"1";"1";"CASSIN (RUE)";"43,31535000";"5,37318000"
"202400012831";"31";"05";"2024";"11:05";"1";"13";"13207";"2";"2";"1";"3";"CÉSAR ALEMAN (RUE)";"43,29024000";"5,35749000"
"202400012832";"31";"05";"2024";"10:30";"1";"13";"13001";"2";"1";"1";"2";"JUVENAL MAX (AV)";"43,52564307";"5,43864151"
"202400012833";"31";"05";"2024";"14:13";"1";"10";"10333";"2";"6";"1";"3";"Rue Charles Baltet";"48,28200000";"4,05940000"
"202400012834";"30";"05";"2024";"18:19";"1";"10";"10387";"2";"2";"8";"6";"MARECHAL FOCH (RUE DU)";"48,29688000";"4,07550000"
"202400012835";"30";"05";"2024";"13:39";"1";"10";"10387";"2";"1";"1";"6";"CHAILLOUET RUE)";"48,30550000";"4,08580000"
"202400012836";"30";"05";"2024";"07:36";"1";"10";"10343";"2";"9";"1";"3";"MICHEL BAROIN (RUE)";"48,27670000";"4,09330000"
"202400012837";"27";"05";"2024";"17:50";"1";"02";"02304";"2";"3";"1";"2";"1 rue des bigors";"49,66358000";"3,36948000"
"202400012838";"23";"05";"2024";"10:15";"1";"01";"01289";"2";"1";"1";"6";"BELLEVUE ( CHEMIN DE) PAIR";"46,18174000";"5,20551000"
"202400012839";"31";"05";"2024";"17:30";"1";"75";"75118";"2";"2";"1";"6";"RUE DES POISSONNIERS";"48,88827900";"2,35148500"
"202400012840";"31";"05";"2024";"16:30";"1";"75";"75118";"2";"3";"2";"6";"RUE DE L EVANGILE";"48,89436100";"2,36600900"
"202400012841";"31";"05";"2024";"10:40";"1";"75";"75118";"2";"2";"8";"6";"RUE DE LA CHAPELLE";"48,89086800";"2,36000700"
"202400012842";"31";"05";"2024";"18:50";"1";"75";"75108";"2";"4";"2";"7";"VOIE GEORGES POMPIDOU";"48,86487100";"2,31808000"
"202400012843";"31";"05";"2024";"08:00";"1";"75";"75101";"2";"3";"1";"1";"BOULEVARD DE SEBASTOPOL";"48,85852100";"2,34822100"
"202400012844";"30";"05";"2024";"20:27";"1";"75";"75104";"2";"1";"8";"6";"QUAI DE L HOTEL DE VILLE";"48,85468300";"2,35436900"
"202400012845";"30";"05";"2024";"16:22";"1";"75";"75101";"2";"7";"1";"3";"AVENUE DE L OPERA";"48,86393600";"2,33519900"
"202400012846";"30";"05";"2024";"14:40";"1";"75";"75103";"2";"2";"2";"2";"BOULEVARD SAINT MARTIN";"48,86897800";"2,35575400"
"202400012847";"31";"05";"2024";"09:15";"1";"94";"94080";"2";"1";"2";"3";"Rue de Montreuil";"48,84797306";"2,43469208"
"202400012848";"30";"05";"2024";"20:00";"1";"94";"94078";"2";"1";"1";"6";"Avenue du President John Fitzgerald Kennedy";"48,73717294";"2,46940062"
"202400012849";"30";"05";"2024";"09:00";"1";"94";"94073";"2";"4";"2";"4";"rue de Thiais / Bretelle D7";"48,75939000";"2,37028600"
"202400012850";"31";"05";"2024";"07:00";"2";"94";"94033";"2";"3";"2";"6";"Sentier de la Prairie / Rue des Alouettes";"48,85632857";"2,49636680"
"202400012851";"30";"05";"2024";"17:47";"1";"94";"94022";"2";"3";"1";"2";"Boulevard de Stalingrad / Avenue de la République";"48,77385100";"2,39949000"
"202400012852";"31";"05";"2024";"18:00";"1";"92";"92063";"2";"6";"2";"2";"FOUILLEUSE (AVENUE DE)";"48,86211282";"2,19637996"
"202400012853";"29";"05";"2024";"12:09";"1";"92";"92063";"2";"1";"2";"3";"HOPITAL STELL (BOULEVARD DE L')";"48,88096494";"2,18451476"
"202400012854";"30";"05";"2024";"23:45";"4";"92";"92050";"1";"6";"1";"6";"CHEMIN ACCES USINE EDF";"48,90780377";"2,21064967"
"202400012855";"30";"05";"2024";"15:00";"1";"92";"92050";"2";"3";"2";"2";"OMBRAIES RUE DES";"48,88349000";"2,19801000"
"202400012856";"30";"05";"2024";"09:15";"1";"92";"92025";"2";"1";"1";"3";"RENOUILLERS  (RUE DES)";"48,92413178";"2,23791897"
"202400012857";"31";"05";"2024";"07:50";"1";"92";"92024";"2";"2";"1";"6";"ALSACE (RUE D') DE (1 A 25)   (2 A 36)";"48,90072200";"2,31419876"
"202400012858";"31";"05";"2024";"20:55";"1";"92";"92023";"1";"9";"3";"2";"GENERAL DE GAULLE (AV DU) N°130 A 340 ET";"48,78446370";"2,24926472"
"202400012859";"31";"05";"2024";"10:00";"1";"92";"92004";"2";"1";"1";"2";"DOCTEUR DERVAUX  ( QUAI DU )";"48,90410651";"2,28599507"
"202400012860";"31";"05";"2024";"21:45";"5";"974";"97415";"2";"6";"1";"2";"Rue de la Croix";" -20,99179400";"55,28758600"
"202400012861";"31";"05";"2024";"19:45";"1";"08";"08403";"2";"2";"1";"2";"279 Rue de Perthes";"49,49413500";"4,36518800"
"202400012862";"27";"05";"2024";"20:30";"1";"91";"91390";"2";"9";"1";"2";"Rue de la Gare";"48,31732600";"2,09366800"
"202400012863";"24";"05";"2024";"16:17";"1";"45";"45187";"1";"1";"1";"1";"D88 PR 11 + 627";"47,87378500";"2,46351200"
"202400012864";"1";"06";"2024";"01:20";"3";"63";"63116";"1";"1";"2";"1";"d2144 pr 13+200";"46,00226749";"3,09387830"
"202400012865";"31";"05";"2024";"19:49";"1";"01";"01354";"1";"6";"1";"3";"Route de Meyrin";"46,23682800";"6,04419200"
"202400012866";"30";"05";"2024";"18:15";"1";"83";"83140";"2";"1";"1";"1";"D205";"43,41523400";"5,91733900"
"202400012867";"31";"05";"2024";"17:45";"1";"04";"04126";"1";"1";"1";"7";"D900";"44,40581000";"6,33405800"
"202400012868";"6";"04";"2024";"09:15";"1";100;100346";"2";"7";"1";"6";"Village";"42,49357900";"9,43825400"
"202400012869";"31";"05";"2024";"19:00";"1";"82";"82195";"1";"1";"1";"7";"1519 Route de Bordeaux";"44,07202900";"1,28540600"
"202400012870";"31";"05";"2024";"11:50";"1";"33";"33394";"2";"1";"1";"6";"N/A";"44,89268900";" -0,15739700"
"202400012871";"1";"06";"2024";"13:20";"1";"32";"32181";"1";"1";"1";"3";"N21";"43,41915400";"0,23917800"
"202400012872";"31";"05";"2024";"20:56";"2";"11";"11206";"2";"1";"1";"6";"63 Avenue de Catalogne";"43,04537000";"2,22289100"
"202400012873";"1";"06";"2024";"17:00";"1";"71";"71093";"1";"1";"1";"6";"3a Route de Mervans";"46,82025290";"5,23647498"
"202400012874";"12";"05";"2024";"05:45";"2";"61";"61063";"1";"1";"1";"5";"D924";"48,71186100";" -0,39407600"
"202400012875";"31";"05";"2024";"07:30";"2";"12";"12088";"1";"1";"2";"6";"lieu-dit Miegevie";"44,66781512";"2,84938931"