"Num_Acc";"jour";"mois";"an";"hrmn";"lum";"dep";"com";"agg";"int";"atm";"col";"adr";"lat";"long"
"202400012876";"31";"05";"2024";"05:45";"2";"34";"34229";"1";"1";"2";"7";"RD908";"43,50893100";"2,79481900"
"202400012877";"30";"05";"2024";"10:40";"1";"34";"34187";"1";"3";"1";"2";"RD908, PR18+580";"43,55747400";"2,92332900"
"202400012878";"1";"06";"2024";"04:45";"2";"68";"68062";"1";"1";"1";"7";"D419";"47,62926055";"7,21076314"
"202400012879";"31";"05";"2024";"19:30";"1";"39";"39520";"2";"1";"1";"1";"49 route Nationale";"46,99366100";"5,55379200"
"202400012880";"16";"10";"2024";"07:40";"1";"973";"97302";"2";"3";"1";"3";"HAMEAU DES ENCENS (RUE DU) Cité St Marti";"4,91917385";" -52,29721999"
"202400012881";"29";"05";"2024";"15:00";"1";"25";"25321";"1";"1";"1";"3";"D461";"47,05877600";"6,67709600"
"202400012882";"31";"05";"2024";"17:30";"1";"25";"25203";"1";"1";"8";"6";"D31";"47,17916800";"6,48464500"
"202400012883";"1";"06";"2024";"15:00";"1";"29";"29174";"1";"3";"1";"3";"Lieu Dit Creac H Calvic";"47,92149509";" -4,25456645"
"202400012884";"16";"10";"2024";"13:00";"1";"972";"97213";"1";"1";"1";"7";"Z I CALIFORNIE";"14,61823000";" -61,03310000"
"202400012885";"30";"05";"2024";"16:15";"1";"31";"31037";"2";"2";"1";"3";"Chemin du Rivet";"43,36928300";"1,78221000"
"202400012886";"1";"06";"2024";"17:45";"1";"02";"02315";"1";"1";"2";"3";"Rue du Petit Détroit";"49,70068400";"3,19611800"
"202400012887";"16";"10";"2024";"09:15";"1";"69";"69202";"2";"3";"1";"3";"Rue Commandant Charcot";"45,74957115";"4,79566752"
"202400012888";"31";"05";"2024";"10:20";"1";"03";"03236";"2";"6";"2";"2";"Rue de Vichy";"46,20200000";"3,43338800"
"202400012889";"1";"06";"2024";"13:00";"1";"58";"58287";"1";"1";"3";"7";"Départementale 973";"46,76450500";"3,94372200"
"202400012890";"1";"06";"2024";"01:00";"5";"10";"10187";"2";"1";"1";"6";"Grande Rue";"48,07433700";"4,46424500"
"202400012891";"1";"06";"2024";"00:01";"3";"24";"24394";"1";"1";"1";"6";"L?Echanleuil";"45,43848000";"0,40953000"
"202400012892";"16";"10";"2024";"14:00";"1";"95";"95219";"2";"6";"1";"3";"GENERAL DECAEN (RUE DU)";"48,98069181";"2,25073420"
"202400012893";"31";"05";"2024";"09:15";"1";"04";"04094";"1";"1";"1";"1";"D4";"43,75042000";"5,80395700"
"202400012894";"28";"05";"2024";"23:15";"3";"85";"85145";"1";"1";"1";"6";"guinefolle";"46,70800000";" -0,95372000"
"202400012895";"1";"06";"2024";"15:05";"1";"85";"85008";"1";"1";"1";"7";"D4 PK 29 - 600";"46,60420000";" -1,50244900"
"202400012896";"16";"10";"2024";"10:43";"1";"91";"91326";"2";"2";"1";"3";"REPUBLIQUE (AVENUE DE LA)";"48,69074900";"2,38019200"
"202400012897";"31";"05";"2024";"17:15";"1";"27";"27383";"1";"2";"2";"2";"D926";"48,74411200";"0,84281400"
"202400012898";"1";"06";"2024";"07:56";"1";"28";"28232";"1";"1";"2";"6";"48 Rue Louis Houde - D15";"48,52414400";"0,97025400"
"202400012899";"15";"10";"2024";"14:10";"1";"87";"87085";"2";"1";"1";"7";"CORGNAC (CHEMIN ET IMPASSE DE)";"45,84357000";"1,23581000"
"202400012900";"1";"06";"2024";"18:50";"1";"28";"28130";"1";"1";"1";"6";"La Pelletiere";"48,54602500";"1,10423900"
"202400012901";"31";"05";"2024";"19:00";"1";"87";"87059";"1";"1";"1";"6";"D675";"46,19682400";"1,06853800"
"202400012902";"1";"06";"2024";"02:17";"3";"87";"87003";"1";"1";"2";"6";"8 La Gare";"46,26822700";"1,36553900"
"202400012903";"31";"05";"2024";"16:15";"1";"52";"52114";"2";"6";"2";"3";"Rue Saint-jacques";"48,03437800";"4,91435900"
"202400012904";"31";"05";"2024";"20:10";"2";"01";"01228";"1";"1";"2";"6";"A 40 PK 127+600 direction Macon";"46,13173100";"5,52000800"
"202400012905";"1";"06";"2024";"08:00";"1";"973";"97309";"2";"9";"1";"1";"2316 Route de Rémire";"4,90713700";" -52,27285800"
"202400012906";"31";"05";"2024";"15:20";"1";"53";"53108";"1";"1";"1";"6";"barrière de péage la gravelle";"48,08302800";" -1,02754400"
"202400012907";"13";"10";"2024";"02:00";"5";"84";"84007";"2";"3";"3";"3";"QUAI DE LA LIGNE (BOULEVARD DU)";"43,95325000";"4,81385800"
"202400012908";"31";"05";"2024";"21:00";"2";"45";"45051";"2";"2";"8";"3";"D952 PR 35 + 621";"47,83155300";"2,36715700"
"202400012909";"31";"05";"2024";"15:19";"1";"78";"78120";"1";"1";"2";"3";"149";"48,63571800";"1,99659400"
"202400012910";"1";"06";"2024";"19:40";"2";"30";"30258";"2";"1";"1";"7";"Rue de l'Occitan";"43,67356600";"4,41422400"
"202400012911";"16";"10";"2024";"13:30";"1";"83";"83137";"2";"1";"2";"4";"15EME CORPS (AVE DU)";"43,12824000";"5,91664000"
"202400012912";"1";"06";"2024";"02:45";"3";"11";"11281";"1";"1";"1";"6";"Route départementale 33 l'Hazard";"43,25910400";"2,06164200"
"202400012913";"1";"06";"2024";"14:10";"1";"84";"84003";"2";"1";"1";"6";"Quai de la Liberté";"43,87676000";"5,39364600"
"202400012914";"29";"05";"2024";"16:49";"1";"13";"13007";"1";"1";"1";"3";"Route de la Sainte Baume";"43,34293900";"5,65661800"
"202400012915";"16";"10";"2024";"09:20";"1";"83";"83137";"2";"1";"8";"2";"BRIAND (AVE ARISTIDE PROLONGEE)";"43,12012275";"5,88788867"
"202400012916";"31";"05";"2024";"17:30";"1";"13";"13030";"1";"1";"1";"1";"D8n";"43,26858900";"5,73607600"
"202400012917";"31";"05";"2024";"14:00";"1";"88";"88091";"1";"1";"8";"7";"Pont Bresson";"48,18949300";"6,57983700"
"202400012918";"1";"06";"2024";"04:19";"3";"73";"73211";"1";"1";"1";"7";"D925 - Pont de la louie";"45,71869230";"6,49567947"
"202400012919";"1";"06";"2024";"03:00";"3";"38";"38467";"1";"1";"1";"7";"1191 Route du Bugey";"45,66862200";"5,33545000"
"202400012920";"16";"10";"2024";"12:30";"1";"81";"81060";"2";"1";"1";"1";"14 Rue de la Salle";"44,05765000";"2,16410000"
"202400012921";"31";"05";"2024";"21:00";"2";"85";"85092";"2";"4";"1";"3";"Rue du port";"46,46393600";" -0,80136900"
"202400012922";"31";"05";"2024";"15:45";"1";"14";"14325";"2";"4";"2";"3";"288 Route de Caen";"49,27818332";" -0,31743503"
"202400012923";"31";"05";"2024";"17:50";"1";"22";"22214";"1";"1";"1";"3";"Route de Saint Brieuc";"48,74680500";" -2,98068000"
"202400012924";"31";"05";"2024";"17:45";"1";"59";"59534";"1";"1";"1";"6";"Route d'Avesnes";"50,13330300";"3,91298900"
"202400012925";"16";"10";"2024";"09:45";"1";"77";"77404";"2";"3";"1";"3";"GENERAL LECLERC (AVENUE DU)";"48,52913000";"3,25384000"
"202400012926";"31";"05";"2024";"12:44";"1";"13";"13106";"1";"1";"1";"4";"A7-Sens Marseille vers Lyon";"43,38800000";"5,35100000"
"202400012927";"27";"05";"2024";"14:30";"1";"13";"13043";"1";"1";"1";"2";"A55-Sens Martigues vers Marseille";"43,39127000";"5,26385000"
"202400012928";"15";"10";"2024";"16:25";"1";"77";"77447";"1";"1";"1";"6";"D82";"48,55263108";"2,55904638"
"202400012929";"30";"04";"2024";"15:30";"1";"13";"13211";"1";"1";"1";"2";"A50-Sens Marseille vers Aubagne";"43,29412401";"5,45835278"
"202400012930";"29";"05";"2024";"12:45";"1";"13";"13005";"1";"1";"1";"3";"Sens Aubagne vers Marseille";"43,28992464";"5,55419007"
"202400012931";"16";"10";"2024";"09:00";"1";"77";"77284";"2";"1";"1";"3";"PALAIS DE JUSTICE (RUE DU)";"48,96067595";"2,88334185"
"202400012932";"26";"05";"2024";"20:52";"3";"13";"13056";"1";"1";"1";"2";"A55-Sens Martigues vers Marseille";"43,39965809";"5,09574943"
"202400012933";"31";"05";"2024";"15:52";"1";"67";"67482";"1";"1";"1";"4";"M351";"48,58690000";"7,71593000"
"202400012934";"16";"10";"2024";"18:25";"1";"76";"76498";"2";"3";"1";"3";"Rue des Patis";"49,42814000";"1,04845400"
"202400012935";"31";"05";"2024";"21:25";"1";"33";"33550";"1";"1";"1";"7";"N/A";"44,77833800";" -0,55680300"
"202400012936";"16";"10";"2024";"11:30";"1";"76";"76575";"1";"2";"1";"6";"Boulevard Lénine";"49,38119900";"1,10987700"
"202400012937";"31";"05";"2024";"12:55";"1";"33";"33096";"1";"1";"1";"2";"N/A";"44,90322000";" -0,49330000"
"202400012938";"31";"05";"2024";"19:50";"1";"92";"92078";"1";"1";"2";"4";"AUTOROUTE A86";"48,92875327";"2,33034474"
"202400012939";"30";"05";"2024";"19:10";"3";"93";"93053";"1";"1";"2";"2";"A3";"48,88375570";"2,45953658"
"202400012940";"16";"10";"2024";"23:30";"5";"74";"74010";"2";"1";"8";"5";"GENEVE (AVENUE DE)(SECTEUR 410)";"45,91607000";"6,12383000"
"202400012941";"31";"05";"2024";"23:12";"3";"77";"77018";"1";"1";"1";"6";"A4";"48,83581269";"2,80819590"
"202400012942";"13";"10";"2024";"11:20";"1";"73";"73087";"2";"1";"1";"3";"D14 BORDEAUX HENRY (AVENUE)";"45,56329107";"5,89348419"
"202400012943";"30";"05";"2024";"13:30";"1";"974";"97411";"2";"3";"1";"3";"GAULLE (DU GENERAL DE)";" -20,88513000";"55,46264000"
"202400012944";"30";"05";"2024";"07:30";"1";"974";"97411";"2";"1";"1";"3";"JAURES (BLD 2 JEAN)";" -20,89035000";"55,45945000"
"202400012945";"16";"10";"2024";"19:10";"5";"69";"69264";"2";"1";"8";"6";"Avenue Theodore Braun";"45,97824622";"4,73862433"
"202400012946";"30";"05";"2024";"17:20";"2";"974";"97407";"2";"3";"1";"3";"PASTEUR(AVENUE)";" -20,94602100";"55,29299200"
"202400012947";"30";"05";"2024";"12:02";"1";"69";"69387";"2";"1";"2";"1";"Rue de Créqui";"45,75131000";"4,84857000"
"202400012948";"30";"05";"2024";"19:00";"1";"69";"69389";"2";"4";"8";"3";"111 Rue Marietton";"45,77470000";"4,79393000"
"202400012949";"30";"05";"2024";"16:45";"1";101;101004";"2";"1";"1";"3";"18 Avenue du Docteur Noel Franchini";"41,93849180";"8,75451162"
"202400012950";"15";"10";"2024";"13:38";"1";"69";"69259";"2";"2";"1";"3";"Rue Pierre Stoppa";"45,72122000";"4,89075000"
"202400012951";"30";"05";"2024";"19:15";"1";"95";"95051";"2";"9";"1";"3";"D106";"49,01100563";"2,20169211"
"202400012952";"29";"05";"2024";"15:05";"1";"91";"91201";"2";"1";"3";"4";"BD HENRI BARBUSSE";"48,67941000";"2,41000000"
"202400012953";"15";"10";"2024";"22:06";"5";"64";"64445";"2";"2";"1";"1";"TOURASSE";"43,30931000";" -0,34413000"
"202400012954";"30";"05";"2024";"14:40";"2";"91";"91286";"2";"6";"3";"6";"CORBEIL (ROUTE DE)";"48,65397000";"2,39375000"
"202400012955";"30";"05";"2024";"15:00";"1";"83";"83144";"2";"6";"1";"6";"AUTOROUTE EST (ECHANG LA BIGUE-LA FARLED";"43,14151000";"6,00089000"
"202400012956";"15";"10";"2024";"17:15";"1";"64";"64102";"2";"1";"8";"1";"MAI 1945 (AVENUE DU 8)";"43,46911000";" -1,48998000"
"202400012957";"30";"05";"2024";"18:15";"1";"83";"83123";"2";"1";"1";"3";"HUIDE (CHEMIN DE) N° IMPAIRS";"43,12776000";"5,79911000"
"202400012958";"29";"05";"2024";"17:12";"1";"81";"81144";"1";"6";"1";"3";"HERMET ( ROND POINT DE )";"43,96481000";"2,18330000"
"202400012959";"29";"05";"2024";"14:15";"1";"80";"80021";"2";"1";"1";"3";"Boulevard Saint-Quentin";"49,87901800";"2,30275700"
"202400012960";"16";"10";"2024";"20:21";"5";"63";"63113";"2";"2";"1";"3";"rue d'Aline / rue de la Cerisière";"45,79420000";"3,11090000"
"202400012961";"16";"10";"2024";"08:35";"1";"63";"63075";"2";"1";"1";"6";"ROYAT (AVENUE DE)";"45,76849835";"3,05682242"
"202400012962";"29";"05";"2024";"09:20";"1";"78";"78168";"2";"5";"2";"5";"Route nationale 10";"48,74687000";"1,92121000"
"202400012963";"30";"05";"2024";"23:00";"3";"77";"77462";"1";"1";"1";"2";"ROUTE NATIONALE 2";"49,00942000";"2,65065000"
"202400012964";"30";"05";"2024";"16:00";"1";"77";"77169";"2";"1";"1";"3";"TOLENTINO (RUE DE)";"48,83210000";"2,58730000"
"202400012965";"30";"05";"2024";"09:34";"1";"77";"77079";"2";"1";"1";"6";"PL DE L'EUROPE";"48,40606000";"2,79941000"
"202400012966";"16";"10";"2024";"09:25";"1";"59";"59410";"2";"1";"1";"3";"DE GAULLE RUE DU GENERAL";"50,64631000";"3,10837000"
"202400012967";"30";"05";"2024";"12:27";"1";"77";"77335";"1";"1";"1";"3";"RD129 (ROUTE DEPARTEMENTALE)";"48,96985000";"2,82979800"
"202400012968";"15";"10";"2024";"15:20";"1";"56";"56098";"1";"4";"1";"3";"Rue Jean-Marie Tjibaou";"47,77854000";" -3,34952000"
"202400012969";"30";"05";"2024";"06:20";"1";"77";"77369";"1";"1";"1";"6";"D405A";"48,98711000";"2,91190000"
"202400012970";"30";"05";"2024";"08:20";"1";"71";"71306";"2";"2";"1";"2";"ANATOLE FRANCE (RUE)";"46,68713755";"4,34689254"
"202400012971";"15";"10";"2024";"17:50";"1";"54";"54526";"2";"2";"1";"6";"Rue Cécile Brunschvicg";"48,68060300";"6,22597200"
"202400012972";"30";"05";"2024";"18:25";"1";"69";"69266";"2";"1";"1";"6";"Rue des Mûriers";"45,76256000";"4,88125000"
"202400012973";"24";"05";"2024";"23:45";"5";"69";"69115";"2";"1";"1";"7";"Route d’Anse";"45,97802000";"4,71748000"
"202400012974";"15";"10";"2024";"09:40";"1";"54";"54357";"2";"6";"1";"1";"Rue Lafayette";"48,71049000";"6,17251000"
"202400012975";"29";"05";"2024";"17:40";"1";"69";"69264";"2";"1";"1";"3";"Impasse Albert de Mun";"45,98408000";"4,73536000"
"202400012976";"11";"10";"2024";"09:30";"1";"51";"51230";"2";"1";"1";"6";"HUGUES PLOMB (PLACE)";"49,04388000";"3,95392000"
"202400012977";"15";"10";"2024";"11:45";"1";"50";"50218";"2";"1";"1";"6";"MATIGNON (AV DES)";"48,83795000";" -1,56537000"
"202400012978";"29";"05";"2024";"07:30";"1";"69";"69029";"2";"4";"8";"3";"Route de Genas";"45,74592688";"4,92700550"
"202400012979";"16";"10";"2024";"19:25";"5";"49";"49007";"2";"2";"3";"3";"CHAUVAT BOULEVARD";"47,45304000";" -0,56549000"
"202400012980";"29";"05";"2024";"09:58";"1";"69";"69271";"1";"8";"1";"3";"Boulevard de l'Europe";"45,73833000";"4,94319000"
"202400012981";"28";"05";"2024";"08:30";"1";"69";"69259";"2";"8";"1";"6";"Boulevard Ambroise Croizat";"45,70467000";"4,88755000"
"202400012982";"16";"10";"2024";"13:10";"1";"45";"45147";"2";"1";"1";"4";"123 Rue André Dessaux";"47,93548400";"1,89593300"
"202400012983";"30";"05";"2024";"12:00";"1";"64";"64445";"2";"1";"2";"2";"UNIVERSITE DE L'";"43,31153000";" -0,36535000"
"202400012984";"16";"10";"2024";"06:50";"5";"45";"45234";"1";"9";"1";"1";"73 Boulevard Marie Stuart";"47,91086000";"1,93158000"
"202400012985";"30";"05";"2024";"11:20";"1";"64";"64445";"2";"1";"2";"6";"RONSARD";"43,31866000";" -0,35981000"
"202400012986";"30";"05";"2024";"21:00";"1";"64";"64122";"2";"1";"1";"6";"DE LATTRE DE TASSIGNY MAL (AV)";"43,48026000";" -1,53941000"
"202400012987";"30";"05";"2024";"07:30";"1";"64";"64102";"2";"1";"2";"7";"ARITXAGUE (BD D')";"43,47907000";" -1,49233000"
"202400012988";"15";"10";"2024";"12:30";"1";"45";"45004";"2";"6";"2";"2";"Rue de l'Europe";"47,97798000";"2,72925000"
"202400012989";"30";"05";"2024";"18:25";"1";"63";"63300";"2";"1";"2";"6";"LIBERATION (AVENUE DE LA)";"45,88798000";"3,11395000"
"202400012990";"16";"10";"2024";"12:30";"1";"38";"38151";"2";"1";"2";"2";"COURS JEAN JAURÈS";"45,14689474";"5,70502236"
"202400012991";"16";"10";"2024";"08:55";"1";"38";"38151";"1";"9";"2";"3";"RN87";"45,15177064";"5,72130277"
"202400012992";"30";"05";"2024";"16:00";"1";"61";"61001";"2";"3";"1";"4";"D438";"48,41781000";"0,08953000"
"202400012993";"16";"10";"2024";"08:15";"1";"35";"35238";"2";"1";"1";"3";"TOUR D'AUVERGNE (BD DE LA)";"48,10425981";" -1,68434411"
"202400012994";"30";"05";"2024";"07:14";"1";"59";"59650";"2";"2";"1";"6";"Boulevard Pierre Mauroy";"50,71121950";"3,20675039"
"202400012995";"15";"10";"2024";"19:30";"5";"34";"34301";"2";"3";"8";"3";"CLERVILLE CHEVALIER DE (BOULEVARD)";"43,40740000";"3,68066000"
"202400012996";"16";"10";"2024";"21:45";"5";"34";"34172";"2";"9";"2";"3";"JUSTICE DE CASTELNAU (AVENUE DE LA)";"43,62613000";"3,87723000"
"202400012997";"16";"10";"2024";"08:15";"1";"34";"34172";"2";"1";"2";"4";"LODEVE (ROUTE DE)";"43,61557000";"3,81886000"
"202400012998";"16";"10";"2024";"20:35";"5";"33";"33063";"2";"1";"1";"6";"N/A";"44,86120000";" -0,55474000"
"202400012999";"16";"10";"2024";"07:55";"2";"33";"33281";"2";"2";"1";"6";"N/A";"44,85430000";" -0,65772000"
"202400013000";"16";"10";"2024";"16:15";"1";"32";"32013";"2";"3";"1";"3";"PIERRE DE MONTESQUIOU (AVENUE)";"43,63381000";"0,58834000"
"202400013001";"16";"10";"2024";"17:45";"1";"27";"27229";"2";"1";"1";"6";"JAURES (RUE JEAN)";"49,02016000";"1,15182000"
"202400013002";"16";"10";"2024";"11:10";"1";"27";"27229";"2";"9";"1";"2";"VAL ITON (RUE DU)";"49,03243000";"1,14111000"
"202400013003";"16";"10";"2024";"01:10";"3";"27";"27299";"1";"1";"1";"6";"RN 154";"49,04886200";"1,18054900"
"202400013004";"16";"10";"2024";"11:00";"1";"25";"25204";"1";"1";"1";"3";"Grande rue";"46,92480000";"6,33876000"
"202400013005";"16";"10";"2024";"20:25";"2";"19";"19031";"2";"3";"2";"2";"COMTE (RUE ERNEST)";"45,15562500";"1,48040800"
"202400013006";"14";"10";"2024";"16:55";"1";"14";"14181";"2";"3";"1";"3";"1 Rue des Étercelets";"49,15878357";" -0,33795297"
"202400013007";"16";"10";"2024";"00:10";"5";"13";"13208";"2";"3";"2";"3";"PARADIS (RUE)";"43,27395000";"5,38504000"
"202400013008";"15";"10";"2024";"16:25";"1";"11";"11069";"2";"1";"1";"3";"120 Av du Pdt Franklin Roosevelt";"43,22323000";"2,33598000"
"202400013009";"16";"10";"2024";"06:55";"5";"07";"07281";"2";"1";"2";"3";"AVENUE DU 8 MAI";"44,94601000";"4,84886000"
"202400013010";"16";"10";"2024";"09:10";"1";"04";"04070";"2";"3";"2";"3";"ST BENOIT (AV.)";"44,10268000";"6,22961000"
"202400013011";"15";"10";"2024";"23:15";"5";"03";"03185";"2";"1";"1";"6";"Avenue John Fitzgerald Kennedy";"46,32630000";"2,60880000"
"202400013012";"16";"10";"2024";"07:15";"3";"75";"75112";"2";"1";"1";"3";"BD PERIPHERIQUE INTERIEUR";"48,82776500";"2,39348600"
"202400013013";"16";"10";"2024";"04:35";"5";"75";"75116";"2";"1";"1";"2";"BD PERIPHERIQUE EXTERIEUR";"48,84142700";"2,25414800"
"202400013014";"15";"10";"2024";"07:04";"5";"75";"75106";"2";"3";"1";"1";"RUE DE VAUGIRARD";"48,84918700";"2,33842800"
"202400013015";"16";"10";"2024";"12:46";"1";"75";"75119";"2";"2";"1";"6";"BOULEVARD DE LA COMMANDERIE";"48,90167700";"2,38547200"
"202400013016";"16";"10";"2024";"12:55";"1";"75";"75119";"2";"1";"1";"6";"RUE DE L OURCQ";"48,89151900";"2,38065000"
"202400013017";"16";"10";"2024";"12:55";"1";"75";"75119";"2";"2";"1";"3";"RUE CURIAL";"48,89379400";"2,37332800"
"202400013018";"16";"10";"2024";"08:20";"1";"75";"75119";"2";"1";"1";"6";"RUE COMPANS";"48,87881900";"2,39259200"
"202400013019";"16";"10";"2024";"13:10";"1";"75";"75118";"2";"2";"1";"6";"BOULEVARD BARBES";"48,89156500";"2,34960600"
"202400013020";"16";"10";"2024";"15:55";"1";"75";"75115";"2";"1";"1";"6";"RUE LEBLANC";"48,83971800";"2,27381800"
"202400013021";"16";"10";"2024";"12:05";"1";"75";"75114";"2";"3";"1";"3";"RUE DE RIDDER";"48,83209400";"2,31047300"
"202400013022";"15";"10";"2024";"17:55";"1";"75";"75112";"2";"2";"1";"3";"RUE DE CHARENTON";"48,83737800";"2,39182500"
"202400013023";"16";"10";"2024";"08:51";"1";"75";"75110";"2";"2";"1";"6";"BOULEVARD DE MAGENTA";"48,87382900";"2,35831600"
"202400013024";"16";"10";"2024";"09:20";"1";"75";"75110";"2";"3";"1";"6";"BOULEVARD DE LA VILLETTE";"48,87527900";"2,37316600"
"202400013025";"16";"10";"2024";"08:18";"1";"75";"75110";"2";"4";"1";"2";"BOULEVARD DE MAGENTA";"48,87328900";"2,35874700"
"202400013026";"16";"10";"2024";"21:10";"5";"75";"75108";"2";"3";"2";"3";"Rue Saint-Lazare";"48,87535300";"2,32498500"
"202400013027";"15";"10";"2024";"18:30";"2";"94";"94068";"2";"1";"8";"1";"Rue Chevalier";"48,78994456";"2,50409069"
"202400013028";"16";"10";"2024";"20:35";"5";"94";"94016";"2";"3";"1";"3";"Avenue Cousin de Méricourt";"48,79922000";"2,33297000"
"202400013029";"16";"10";"2024";"18:19";"1";"94";"94011";"2";"1";"1";"4";"Route de la Pompadour";"48,76515000";"2,47929000"
"202400013030";"14";"10";"2024";"18:40";"1";"94";"94073";"2";"3";"1";"3";"Av du Mal de Lattre de Tassigny";"48,75575167";"2,40481308"
"202400013031";"16";"10";"2024";"16:30";"1";"94";"94017";"2";"2";"1";"1";"Avenue Marx Dormoy";"48,80630607";"2,53005803"
"202400013032";"16";"10";"2024";"18:20";"1";"93";"93073";"2";"1";"1";"3";"RESISTANCE (RUE DE LA)";"48,95258000";"2,56346000"
"202400013033";"16";"10";"2024";"11:50";"1";"93";"93051";"2";"1";"1";"1";"GEORGES CLEMENCEAU (AVENUE)";"48,84503374";"2,55624000"
"202400013034";"16";"10";"2024";"07:35";"2";"93";"93051";"2";"1";"1";"6";"NEUILLY (ROUTE)";"48,84887084";"2,53790455"
"202400013035";"16";"10";"2024";"09:00";"1";"93";"93045";"2";"2";"1";"6";"BRUYERES RUE DES";"48,87897899";"2,41301179"
"202400013036";"16";"10";"2024";"15:58";"1";"93";"93057";"2";"2";"1";"3";"ROME (AV.)";"48,91529900";"2,50004900"
"202400013037";"15";"10";"2024";"18:36";"1";"93";"93001";"2";"1";"1";"3";"HAIE COQ (RUE DE LA ) => 91/92";"48,90750695";"2,37294144"
"202400013038";"16";"10";"2024";"08:20";"1";"92";"92051";"2";"1";"1";"6";"JEAN MERMOZ (BOULEVARD, N° 5 A 15)";"48,88580770";"2,26916447"
"202400013039";"16";"10";"2024";"13:45";"1";"92";"92044";"2";"1";"1";"6";"VILLIERS(RUE DE)  88A140";"48,89612585";"2,27339633"
"202400013040";"16";"10";"2024";"14:45";"1";"92";"92040";"2";"2";"1";"6";"GOUVERNEUR GAL EBOUE DU 09 AU 65 BIS";"48,82524112";"2,26777643"
"202400013041";"16";"10";"2024";"15:30";"1";"92";"92026";"2";"1";"1";"2";"VERDUN (DE 62 A FIN)";"48,90113294";"2,26003647"
"202400013042";"16";"10";"2024";"09:58";"1";"92";"92007";"2";"6";"1";"2";"FORTIN (AVENUE JEAN-BAPTISTE)";"48,79695918";"2,29941487"
"202400013043";"16";"10";"2024";"14:15";"1";"80";"80213";"2";"4";"7";"3";"Rue de Dommartin";"49,80494400";"2,38396900"
"202400013044";"17";"10";"2024";"07:45";"5";"65";"65362";"2";"3";"2";"1";"15 Avenue Jean Moulin";"42,96425800";" -0,07425400"
"202400013045";"16";"10";"2024";"18:40";"2";"65";"65344";"1";"1";"1";"2";"D936";"43,19216100";" -0,01555700"
"202400013046";"17";"10";"2024";"09:00";"1";"32";"32254";"1";"2";"2";"3";"N21";"43,54026600";"0,45462400"
"202400013047";"16";"10";"2024";"14:30";"1";"63";"63262";"1";"1";"1";"2";"D 978";"45,70038482";"3,16055417"
"202400013048";"16";"10";"2024";"18:35";"3";"49";"49329";"1";"1";"2";"7";"D106";"47,37873700";" -0,65315000"
"202400013049";"16";"10";"2024";"17:55";"1";"46";"46132";"1";"3";"1";"1";"lieu dit Vernique";"44,74561700";"1,80198800"
"202400013050";"16";"10";"2024";"15:17";"1";"68";"68062";"1";"3";"1";"3";"D419";"47,62859900";"7,22157400"
"202400013051";"16";"10";"2024";"20:50";"3";"25";"25157";"1";"1";"2";"6";"D67b";"46,87492000";"6,40022300"
"202400013052";"16";"10";"2024";"22:50";"3";"31";"31136";"1";"6";"1";"6";"Avenue de Villemur";"43,75131700";"1,43291600"
"202400013053";"16";"10";"2024";"16:10";"1";"03";"03168";"1";"1";"1";"7";"Lieu-dit Jovinière";"46,60811100";"2,66010200"
"202400013054";"17";"10";"2024";"07:45";"2";"01";"01265";"2";"1";"3";"2";"88 Avenue de Bresse";"46,17394300";"5,56642600"
"202400013055";"17";"10";"2024";"13:30";"1";"06";"06059";"1";"1";"1";"6";"Avenue de Verdun";"43,72970100";"7,35805000"
"202400013056";"17";"10";"2024";"10:50";"1";"06";"06059";"1";"1";"1";"6";"904 Avenue Raymond Poincaré";"43,72051800";"7,36853000"
"202400013057";"17";"10";"2024";"01:30";"3";"10";"10148";"1";"1";"2";"6";"18 Rue des Borderets";"48,46180000";"3,58820000"
"202400013058";"17";"10";"2024";"15:00";"1";"10";"10437";"2";"1";"2";"1";"Rue Roger Dossot";"48,14026300";"4,30219100"
"202400013059";"17";"10";"2024";"11:43";"1";"16";"16253";"1";"1";"2";"6";"Tourteron";"46,04177300";"0,01576300"
"202400013060";"17";"10";"2024";"07:50";"2";"40";"40273";"2";"1";"3";"6";"D817";"43,52676700";" -1,39376700"
"202400013061";"17";"10";"2024";"06:30";"3";"04";"04157";"1";"1";"2";"1";"D8";"43,89425900";"6,07196300"
"202400013062";"15";"10";"2024";"14:20";"1";"87";"87082";"1";"1";"1";"1";"Route de la Vallade";"45,59811400";"1,09426100"
"202400013063";"17";"10";"2024";"12:50";"1";"87";"87037";"1";"1";"2";"6";"lartimache";"45,65268100";"0,82917800"
"202400013064";"16";"10";"2024";"16:40";"1";"37";"37177";"1";"1";"2";"6";"La Rousseliere";"47,18419825";"1,27220710"
"202400013065";"14";"10";"2024";"17:20";"1";"24";"24293";"1";"9";"1";"1";"Route de la Lénotte";"44,78507100";"1,00504500"
"202400013066";"16";"10";"2024";"16:36";"1";"01";"01451";"1";"1";"1";"6";"PK142+800, A39";"46,26457800";"5,24248500"
"202400013067";"16";"10";"2024";"16:35";"1";"987";"98715";"1";"9";"1";"3";"Teroma";" -17,57662900";" -149,59930600"
"202400013068";"17";"10";"2024";"00:01";"5";"974";"97418";"2";"1";"1";"6";"134 Rue Jean XXIII";" -20,94951700";"55,51681800"
"202400013069";"16";"10";"2024";"16:00";"1";"45";"45335";"1";"3";"1";"3";"D921 PR 64 + 171";"47,80558900";"2,08892600"
"202400013070";"16";"10";"2024";"07:20";"5";100;100168";"2";"1";"1";"6";"Monticello";"42,63103800";"8,95246300"