"Num_Acc";"jour";"mois";"an";"hrmn";"lum";"dep";"com";"agg";"int";"atm";"col";"adr";"lat";"long"
"202400013071";"16";"10";"2024";"08:40";"1";"34";"34213";"1";"3";"1";"3";"D2e5";"43,47107100";"3,68119200"
"202400013072";"13";"10";"2024";"22:00";"3";"69";"69163";"2";"1";"2";"6";"Chemin de la Halte";"45,90596800";"4,78062500"
"202400013073";"14";"10";"2024";"16:47";"1";"31";"31263";"2";"1";"8";"2";"Route de la Fontanasse";"43,41493800";"1,39602500"
"202400013074";"16";"10";"2024";"18:50";"1";"40";"40257";"1";"1";"2";"6";"route départementale 87";"44,24006500";" -1,20733700"
"202400013075";"17";"10";"2024";"08:00";"2";"22";"22162";"2";"6";"1";"3";"Rue Bécot";"48,77845700";" -3,05704200"
"202400013076";"16";"10";"2024";"17:00";"1";"22";"22162";"2";"2";"2";"3";"Rue Guillaume Thos";"48,78237000";" -3,05163000"
"202400013077";"17";"10";"2024";"13:00";"1";"27";"27136";"1";"1";"2";"6";"D70";"49,00395200";"1,44324300"
"202400013078";"16";"10";"2024";"10:25";"1";"60";"60042";"1";"2";"1";"3";"Allee des Fresnes";"49,33734469";"2,45492671"
"202400013079";"13";"10";"2024";"10:40";"1";"69";"69277";"1";"1";"1";"2";"Rocade Est";"45,72878000";"4,97727000"
"202400013080";"16";"10";"2024";"07:00";"2";"33";"33063";"1";"1";"1";"2";"N/A";"44,88374900";" -0,55695200"
"202400013081";"16";"10";"2024";"18:50";"3";"91";"91228";"1";"1";"1";"3";"RN 104";"48,62648000";"2,41504000"
"202400013082";"16";"10";"2024";"17:10";"1";"91";"91174";"1";"1";"1";"3";"RN 104";"48,62308000";"2,46639000"
"202400013083";"16";"10";"2024";"10:35";"1";"91";"91174";"1";"1";"1";"3";"RN 104";"48,61045039";"2,44425416"
"202400013084";"15";"10";"2024";"18:20";"1";"75";"75116";"1";"1";"1";"3";"A13Y";"48,84821542";"2,24778235"
"202400013085";"15";"10";"2024";"20:16";"3";"78";"78640";"1";"1";"1";"4";"N118";"48,78419500";"2,22302800"
"202400013086";"15";"10";"2024";"10:45";"1";"78";"78646";"1";"1";"1";"6";"RN12 INT";"48,78501000";"2,15550000"
"202400013087";"15";"10";"2024";"09:50";"1";"92";"92036";"1";"1";"1";"3";"A86";"48,93459097";"2,26845903"
"202400013088";"15";"10";"2024";"09:00";"1";"78";"78140";"1";"1";"1";"3";"A13";"48,96093400";"1,93004300"
"202400013089";"15";"10";"2024";"08:05";"1";"92";"92050";"1";"1";"1";"3";"A14";"48,89493716";"2,22826373"
"202400013090";"15";"10";"2024";"04:00";"3";"95";"95018";"1";"1";"1";"6";"A15";"48,96295185";"2,26532238"
"202400013091";"25";"04";"2024";"13:00";"1";"93";"93039";"2";"3";"1";"3";"Avenue du Pont d’Épinay / Quai de la Marine";"48,95054000";"2,30681000"
"202400013092";"31";"05";"2024";"21:00";"1";"93";"93066";"2";"3";"2";"3";"Boulevard Marcel Sembat / Boulevard Marcel Sembat";"48,92991400";"2,35587300"
"202400013093";"31";"05";"2024";"09:50";"1";"93";"93066";"2";"1";"8";"1";"Rue Henri Delaunay";"48,92613000";"2,36125000"
"202400013094";"31";"05";"2024";"07:30";"1";"93";"93066";"2";"1";"2";"3";"Chemin du Fort de la Briche";"48,94507200";"2,34154100"
"202400013095";"31";"05";"2024";"05:41";"2";"93";"93066";"2";"1";"1";"1";"Rue Ambroise Croizat";"48,93243300";"2,34883300"
"202400013096";"30";"05";"2024";"22:16";"4";"93";"93066";"2";"9";"2";"6";"Place Jean Poulmarc'h / Boulevard de la Libération";"48,93303400";"2,34245400"
"202400013097";"27";"05";"2024";"07:45";"1";"93";"93066";"2";"1";"8";"5";"Avenue des Arts et Métiers";"48,91483000";"2,36175000"
"202400013098";"25";"05";"2024";"17:05";"1";"93";"93066";"2";"3";"1";"3";"Rue Henri Delaunay / Avenue Jules Rimet";"48,92617700";"2,36240800"
"202400013099";"24";"05";"2024";"17:15";"1";"93";"93066";"2";"1";"1";"3";"BRICHE NR 2 A 38";"48,94605000";"2,34303000"
"202400013100";"18";"05";"2024";"18:38";"1";"93";"93066";"2";"2";"1";"6";"Place de la Résistance / Rue Gabriel Péri";"48,93253097";"2,35545722"
"202400013101";"18";"05";"2024";"16:50";"1";"93";"93066";"2";"1";"1";"3";"Rue Ambroise Croizat";"48,93310558";"2,34825611"
"202400013102";"17";"05";"2024";"09:30";"1";"93";"93066";"1";"9";"1";"4";"STADE DE FRANCE (AVENUE DU)";"48,92162039";"2,36151695"
"202400013103";"14";"05";"2024";"12:00";"1";"93";"93066";"2";"2";"2";"3";"Cours du Rû de Montfort / Avenue Leroy des Barres";"48,92846600";"2,36883900"
"202400013104";"28";"03";"2024";"16:30";"1";"93";"93008";"2";"6";"1";"2";"Avenue Jean Jaures / Avenue du Président Salvador Allende";"48,90018199";"2,44131982"
"202400013105";"28";"01";"2024";"18:00";"2";"93";"93008";"2";"6";"1";"3";"Avenue Paul Vaillant Couturier / Avenue Louis Aragon";"48,91264000";"2,43688000"
"202400013106";"6";"08";"2024";"19:35";"1";"91";"91691";"2";"6";"1";"3";"MARECHAL JUINI(RUE)";"48,71061000";"2,48829000"
"202400013107";"14";"10";"2024";"15:00";"1";"987";"98736";"2";"1";"1";"6";"ANTHONY BAMBRIDGE (RUE)";" -17,53932000";" -149,54490000"
"202400013108";"14";"10";"2024";"11:41";"1";"987";"98735";"1";"2";"1";"3";"C U SACREE";" -17,53520000";" -149,55560000"
"202400013109";"15";"10";"2024";"08:10";"1";"976";"97611";"2";"9";"1";"2";"m'tsapere-Nationale 2 (route)";" -12,79226000";"45,22091000"
"202400013110";"15";"10";"2024";"07:50";"1";"973";"97302";"2";"3";"1";"3";"MONTABO (ROUTE DE) 2";"4,93777000";" -52,29867000"
"202400013111";"14";"10";"2024";"11:48";"1";"973";"97302";"2";"6";"1";"3";"CHARLERY (GUSTAVE)";"4,93932000";" -52,31830000"
"202400013112";"15";"10";"2024";"12:10";"1";"69";"69388";"2";"2";"1";"3";"Rue Rochambeau";"45,73109000";"4,86844000"
"202400013113";"15";"10";"2024";"08:40";"1";"69";"69383";"2";"1";"8";"1";"Quai Victor Augagneur";"45,76244000";"4,84129000"
"202400013114";"15";"10";"2024";"16:00";"1";"972";"97209";"2";"9";"1";"1";"SALVADOR ALLENDE (AVENUE)";"14,61036000";" -61,04812600"
"202400013115";"15";"10";"2024";"15:35";"1";"972";"97209";"2";"3";"1";"3";"LIBERTE (RUE DE LA)";"14,60308000";" -61,06866000"
"202400013116";"10";"10";"2024";"23:00";"5";"972";"97209";"1";"1";"1";"1";"AUTOROUTE (A1)";"14,61747000";" -61,04083000"
"202400013117";"15";"10";"2024";"18:40";"2";"69";"69149";"1";"6";"1";"3";"Route Départementale 15";"45,69347000";"4,82782000"
"202400013118";"15";"10";"2024";"15:35";"1";100;100033";"2";"1";"1";"6";"VEZZANI - RUE CESAR";"42,69220000";"9,44991000"
"202400013119";"13";"10";"2024";"05:30";"2";"971";"97101";"1";"1";"1";"2";"RN1-  HAUTEUR DE SORTIE LAURICISQUE";"16,25305000";" -61,54578000"
"202400013120";"15";"10";"2024";"12:10";"1";101;101004";"2";"1";"1";"2";"SEBASTIANU COSTA BD";"41,94157397";"8,74776453"
"202400013121";"15";"10";"2024";"17:30";"1";"95";"95268";"2";"1";"1";"3";"D84A";"48,95867534";"2,41102932"
"202400013122";"15";"10";"2024";"18:00";"1";"91";"91687";"2";"1";"1";"6";"JEAN CHARCOT (AVENUE)";"48,65841000";"2,36642000"
"202400013123";"15";"10";"2024";"13:15";"1";"91";"91479";"2";"2";"1";"3";"AV G PERI";"48,70724000";"2,36151000"
"202400013124";"12";"10";"2024";"13:01";"1";"87";"87085";"2";"1";"1";"7";"PORT DU NAVEIX (RUE DU)";"45,83759000";"1,28285000"
"202400013125";"15";"10";"2024";"07:00";"5";"85";"85191";"2";"1";"3";"6";"Boulevard louis blanc";"46,67450000";" -1,43510000"
"202400013126";"14";"10";"2024";"15:30";"1";"84";"84035";"2";"1";"2";"6";"MERIMEE (AVENUE PROSPER)";"43,85122400";"5,03329600"
"202400013127";"15";"10";"2024";"17:10";"1";"84";"84007";"2";"1";"1";"5";"EUROPE (PONT DE L')";"43,94389400";"4,79622700"
"202400013128";"14";"10";"2024";"08:00";"1";"83";"83069";"1";"3";"1";"3";"SALINS ( ROUTE DES VIEUX)";"43,12447000";"6,18880000"
"202400013129";"15";"10";"2024";"11:50";"1";"78";"78029";"2";"1";"1";"1";"CD 113";"48,95986000";"1,84256000"
"202400013130";"14";"10";"2024";"12:45";"1";"72";"72181";"2";"9";"1";"6";"FAROUX CHARLES (RUE) N° PAIRS";"47,97185000";"0,21852000"
"202400013131";"15";"10";"2024";"08:40";"1";"71";"71499";"2";"1";"2";"3";"CARNOT (RUE)";"46,64869000";"4,28701000"
"202400013132";"15";"10";"2024";"08:50";"1";"71";"71270";"1";"1";"2";"3";"Route Départementale 906";"46,35330000";"4,84710000"
"202400013133";"15";"10";"2024";"14:30";"1";"69";"69266";"2";"3";"1";"3";"Route de Genas";"45,74937000";"4,91388000"
"202400013134";"14";"10";"2024";"06:20";"5";"69";"69259";"2";"1";"2";"2";"Boulevard de Jodino";"45,69578477";"4,88779502"
"202400013135";"14";"10";"2024";"01:58";"5";"69";"69259";"2";"1";"1";"6";"Boulevard Irène Joliot Curie";"45,71071121";"4,88264546"
"202400013136";"13";"03";"2024";"17:30";"1";"71";"71153";"2";"2";"1";"3";"REPUBLIQUE (AVENUE DE LA)";"46,79697000";"4,44820000"
"202400013137";"15";"10";"2024";"20:50";"5";"67";"67482";"2";"3";"1";"3";"RHIN (AVENUE DU)";"48,56935000";"7,77812000"
"202400013138";"15";"03";"2024";"19:10";"5";"69";"69286";"2";"3";"2";"3";"17 Avenue de l'Europe";"45,81477027";"4,89512667"
"202400013139";"15";"03";"2024";"13:55";"1";"69";"69115";"2";"1";"2";"6";"Route de Riottier";"45,97828967";"4,73713832"
"202400013140";"15";"10";"2024";"17:02";"1";"63";"63300";"2";"2";"1";"3";"RD2029/RD83/Bd Clémentel faubourg Bardon";"45,89094000";"3,11031800"
"202400013141";"14";"03";"2024";"20:20";"5";"69";"69259";"2";"2";"1";"1";"Avenue Pierre Sémard";"45,70614000";"4,87793000"
"202400013142";"15";"10";"2024";"20:00";"5";"63";"63113";"2";"2";"1";"3";"Bonnabaud / Eugène Gilbert";"45,77372000";"3,08003000"
"202400013143";"14";"03";"2024";"12:00";"1";"69";"69259";"2";"8";"1";"6";"28 Avenue Jean Cagne";"45,69572000";"4,87222000"
"202400013144";"15";"10";"2024";"09:35";"1";"63";"63113";"2";"1";"1";"3";"THEVENOT (RUE THIBAUD)";"45,78818772";"3,08992624"
"202400013145";"13";"03";"2024";"10:20";"1";"68";"68066";"2";"1";"1";"3";"Avenue d'Alsace";"48,06946000";"7,36510000"
"202400013146";"15";"03";"2024";"08:55";"1";"64";"64132";"2";"1";"1";"3";"ALBERT 1ER";"43,28272000";" -0,34072000"
"202400013147";"15";"10";"2024";"08:54";"1";"63";"63032";"2";"3";"1";"4";"HOTEL DE VILLE (RUE DE L')";"45,75348000";"3,08660000"
"202400013148";"15";"03";"2024";"23:40";"5";"64";"64122";"2";"1";"1";"7";"ELISABETH II (ESPLANADE)";"43,49348000";" -1,55344000"
"202400013149";"13";"10";"2024";"21:15";"5";"62";"62193";"2";"6";"1";"7";"Avenue Pierre de Coubertin";"50,95211000";"1,83295000"
"202400013150";"14";"03";"2024";"17:20";"1";"63";"63300";"2";"3";"1";"3";"av de Chatel-Guyon / allée des Tilleuls";"45,89520414";"3,10887605"
"202400013151";"15";"10";"2024";"16:40";"1";"59";"59033";"2";"6";"1";"6";"PARMENTIER (RUE)";"50,20270000";"3,83584000"
"202400013152";"15";"10";"2024";"09:20";"2";"59";"59043";"2";"1";"5";"3";"LILLE (ROUTE DE)";"50,71959000";"2,80488000"
"202400013153";"15";"03";"2024";"20:46";"5";"63";"63113";"2";"9";"1";"3";"Rue André Moinier / rue St-Herem";"45,78038000";"3,08377000"
"202400013154";"15";"10";"2024";"07:35";"5";"56";"56260";"2";"9";"1";"3";"Rue de Bilaire";"47,66998000";" -2,74529000"
"202400013155";"15";"03";"2024";"18:30";"2";"63";"63113";"2";"1";"1";"3";"CLOS NOTRE DAME (RUE DU)";"45,78240000";"3,07424000"
"202400013156";"14";"10";"2024";"20:00";"5";"56";"56121";"2";"2";"1";"3";"Rue de Belgique";"47,76115000";" -3,38626000"
"202400013157";"6";"03";"2024";"08:30";"1";"62";"62330";"2";"1";"1";"2";"D72";"50,55001974";"2,76112116"
"202400013158";"14";"10";"2024";"18:25";"1";"56";"56121";"2";"1";"1";"6";"Rue Jean Le Coutaller";"47,74773000";" -3,36958000"
"202400013159";"15";"03";"2024";"13:19";"1";"62";"62753";"2";"1";"2";"1";"D260";"50,29394685";"2,79087427"
"202400013160";"15";"10";"2024";"19:24";"5";"54";"54580";"2";"2";"1";"6";"Rue du Marechal Foch";"49,46902000";"5,92992000"
"202400013161";"13";"03";"2024";"15:15";"1";"59";"59122";"2";"1";"1";"6";"PICARDIE (PLACE DE)";"50,17852000";"3,24404000"
"202400013162";"12";"10";"2024";"19:50";"5";"50";"50129";"2";"3";"1";"3";"DELAVILLE ( AVENUE)";"49,63569000";" -1,62333000"
"202400013163";"13";"03";"2024";"17:00";"1";"58";"58194";"2";"1";"1";"6";"MARIENNES";"46,99500000";"3,15074000"
"202400013164";"14";"03";"2024";"16:45";"1";"58";"58194";"2";"3";"1";"3";"TREIZIEME DE LIGNE";"46,99231000";"3,14581000"
"202400013165";"15";"03";"2024";"13:43";"1";"56";"56260";"2";"1";"1";"7";"Boulevard des Îles";"47,65254000";" -2,78538000"
"202400013166";"14";"03";"2024";"13:10";"1";"56";"56121";"2";"1";"1";"6";"BELGIQUE (RUE  DE )";"47,76169000";" -3,38839000"
"202400013167";"14";"03";"2024";"19:05";"5";"54";"54395";"2";"2";"1";"3";"Boulevard Albert 1er";"48,69633000";"6,16727000"
"202400013168";"14";"03";"2024";"08:30";"1";"54";"54547";"2";"1";"8";"6";"Avenue de la Forêt de Haye";"48,65216000";"6,13717000"
"202400013169";"15";"03";"2024";"15:40";"1";"51";"51454";"2";"2";"2";"3";"EPERNAY (AVENUE D') COTE PAIR";"49,23193000";"4,01416000"
"202400013170";"12";"03";"2024";"18:45";"1";"49";"49007";"2";"1";"1";"3";"GANDHI";"47,46827000";" -0,52041000"
"202400013171";"12";"03";"2024";"20:05";"5";"44";"44162";"2";"1";"1";"6";"Boulevard Marcel Paul";"47,22905000";" -1,63019000"
"202400013172";"15";"03";"2024";"19:22";"5";"38";"38185";"2";"2";"1";"1";"GAMBETTA (BOULEVARD)";"45,19120000";"5,72133000"
"202400013173";"15";"03";"2024";"07:20";"1";"38";"38185";"2";"3";"1";"3";"EAUX CLAIRES (RUE DES)";"45,17777028";"5,71015745"
"202400013174";"14";"03";"2024";"18:25";"1";"36";"36202";"2";"1";"1";"3";"Route de Niherne";"46,80437381";"1,62784701"
"202400013175";"15";"03";"2024";"18:00";"2";"34";"34172";"2";"1";"1";"6";"JEANBRAU (AVENUE DU PROFESSEUR EMILE)";"43,63639000";"3,86429000"
"202400013176";"15";"03";"2024";"09:30";"1";"34";"34032";"1";"1";"1";"6";"VOIE COMMUNALE NR.13";"43,32785000";"3,17621000"
"202400013177";"15";"03";"2024";"18:20";"1";"33";"33281";"2";"1";"1";"6";"N/A";"44,83248100";" -0,64551000"
"202400013178";"13";"03";"2024";"16:57";"1";"31";"31555";"2";"1";"1";"6";"RUE JULES AMILHAU";"43,58206053";"1,41487867"
"202400013179";"15";"03";"2024";"08:42";"1";"27";"27681";"2";"1";"1";"2";"JAURES (BOULEVARD JAURES)";"49,09500000";"1,46700000"
"202400013180";"14";"03";"2024";"16:45";"1";"27";"27229";"2";"1";"1";"3";"BOUIN (RUE JEAN)";"49,02154800";"1,12738500"
"202400013181";"14";"03";"2024";"11:03";"1";"27";"27229";"2";"1";"1";"7";"NOBEL (RUE ALFRED)";"49,02217800";"1,18428100"
"202400013182";"15";"03";"2024";"23:25";"5";"22";"22278";"2";"6";"1";"3";"MONGE";"48,50248000";" -2,73783000"
"202400013183";"14";"03";"2024";"11:10";"1";"15";"15014";"2";"1";"1";"6";"Boulevard Jean Jaures";"44,93337700";"2,45021500"
"202400013184";"14";"03";"2024";"06:50";"2";"15";"15014";"2";"1";"1";"3";"RN 122";"44,91241000";"2,43950000"
"202400013185";"14";"03";"2024";"18:35";"1";"14";"14271";"2";"9";"1";"3";"4 Rue Serge Rouzière";"49,14832000";" -0,37630000"
"202400013186";"14";"03";"2024";"09:00";"1";"14";"14327";"2";"3";"1";"2";"6 Avenue de Dubna";"49,21398000";" -0,35249000"
"202400013187";"11";"02";"2024";"14:54";"1";"14";"14125";"1";"1";"8";"6";"D7";"49,23262000";" -0,37250000"
"202400013188";"15";"03";"2024";"17:20";"1";"13";"13063";"2";"9";"1";"3";"NORD AVENUE DU";"43,59915000";"5,00603000"
"202400013189";"15";"03";"2024";"15:00";"1";"13";"13028";"2";"6";"1";"3";"ROVARCH (AVENUE PIERRE)";"43,19218000";"5,60446000"
"202400013190";"15";"03";"2024";"12:45";"1";"13";"13005";"2";"1";"1";"3";"BON CIVET (CHEMIN DU)";"43,27820000";"5,55315000"
"202400013191";"12";"03";"2024";"12:00";"1";"13";"13005";"2";"3";"1";"3";"DIX NEUF MARS 1962 (AVENUE DU)";"43,28816000";"5,57182000"
"202400013192";"15";"03";"2024";"15:54";"1";"06";"06088";"2";"2";"1";"6";"Rue Verdi";"43,69959000";"7,25927000"
"202400013193";"15";"03";"2024";"18:50";"2";"06";"06069";"2";"1";"1";"6";"89 Avenue Pierre Sémard";"43,65496600";"6,92734400"
"202400013194";"15";"03";"2024";"11:45";"1";"06";"06027";"2";"3";"1";"6";"Avenue Général Leclerc";"43,65780000";"7,16408000"
"202400013195";"15";"03";"2024";"07:50";"1";"06";"06027";"2";"1";"1";"6";"Rue du Chevalier Martin";"43,66438000";"7,14998000"
"202400013196";"15";"03";"2024";"01:30";"3";"06";"06004";"1";"1";"1";"6";"1971 Route de Nice";"43,61708000";"7,12930000"
"202400013197";"15";"03";"2024";"20:10";"5";"01";"01053";"2";"1";"8";"7";"LYON (AVENUE DE - N° PAIRS)";"46,19427000";"5,21416000"
"202400013198";"15";"03";"2024";"18:20";"1";"75";"75120";"2";"2";"1";"2";"RUE DES AMANDIERS";"48,86731100";"2,38901900"
"202400013199";"15";"03";"2024";"15:28";"1";"75";"75120";"2";"2";"1";"6";"BOULEVARD DE BELLEVILLE";"48,87211700";"2,37705800"
"202400013200";"15";"03";"2024";"14:00";"1";"75";"75119";"2";"1";"1";"3";"AVENUE SIMON BOLIVAR";"48,87418700";"2,38387600"
"202400013201";"15";"03";"2024";"13:10";"1";"75";"75118";"2";"1";"8";"6";"RUE FIRMIN GEMIER";"48,89511900";"2,33049800"
"202400013202";"15";"03";"2024";"20:30";"5";"75";"75117";"2";"3";"2";"7";"BOULEVARD GOUVION SAINT CYR";"48,87818600";"2,28416200"
"202400013203";"15";"03";"2024";"12:04";"1";"75";"75115";"2";"2";"1";"6";"RUE DE VAUGIRARD";"48,83830700";"2,29847600"
"202400013204";"15";"03";"2024";"10:35";"1";"75";"75115";"2";"3";"2";"7";"BOULEVARD VICTOR";"48,83444300";"2,28404100"
"202400013205";"15";"03";"2024";"10:00";"1";"75";"75114";"2";"3";"1";"3";"AVENUE DU GENERAL LECLERC";"48,82687200";"2,32650200"
"202400013206";"14";"03";"2024";"17:00";"1";"75";"75114";"2";"2";"1";"6";"BOULEVARD BRUNE";"48,82618900";"2,31280000"
"202400013207";"15";"03";"2024";"17:15";"1";"75";"75113";"2";"2";"1";"6";"BOULEVARD SAINT MARCEL";"48,83845600";"2,35708000"
"202400013208";"14";"03";"2024";"15:20";"1";"75";"75112";"2";"1";"1";"6";"AVENUE LEDRU ROLLIN";"48,84907800";"2,37334900"
"202400013209";"15";"03";"2024";"16:00";"1";"75";"75111";"2";"2";"1";"6";"RUE JEAN PIERRE TIMBAUD";"48,86841600";"2,37956600"
"202400013210";"15";"03";"2024";"12:00";"1";"75";"75111";"2";"2";"1";"2";"Boulevard de Belleville";"48,87191795";"2,37690389"
"202400013211";"15";"03";"2024";"00:20";"5";"75";"75109";"2";"2";"1";"4";"BOULEVARD HAUSSMANN";"48,87297200";"2,33326700"
"202400013212";"15";"03";"2024";"05:02";"5";"75";"75108";"2";"2";"1";"6";"AVENUE WINSTON CHURCHILL";"48,86499900";"2,31369700"
"202400013213";"15";"03";"2024";"21:00";"5";"75";"75101";"2";"3";"2";"6";"RUE DE L AMIRAL DE COLIGNY";"48,86037000";"2,34069400"
"202400013214";"15";"03";"2024";"01:05";"5";"75";"75101";"2";"2";"1";"3";"BOULEVARD DE SEBASTOPOL";"48,86341700";"2,35095100"
"202400013215";"15";"03";"2024";"13:50";"1";"94";"94074";"2";"1";"1";"3";"Rue Sacco et Vanzetti";"48,73815373";"2,46271983"
"202400013216";"15";"03";"2024";"00:10";"5";"94";"94074";"2";"3";"1";"1";"Avenue Salvador Allende / Rue Alfred Kastler";"48,75180908";"2,45719045"
"202400013217";"2";"07";"2024";"17:35";"1";"54";"54547";"2";"1";"1";"6";"Rue de Lisbonne";"48,66228000";"6,17093000"
"202400013218";"1";"07";"2024";"17:16";"1";"49";"49007";"2";"1";"1";"7";"Boulevard du Bon Pasteur";"47,47090000";" -0,57213000"
"202400013219";"15";"03";"2024";"15:50";"1";"94";"94065";"2";"4";"1";"2";"N186B / Bretelle N186";"48,75386000";"2,36522000"
"202400013220";"3";"07";"2024";"09:55";"1";"45";"45232";"2";"3";"1";"3";"1991 Rue Marcel Belot";"47,85094000";"1,90787000"
"202400013221";"15";"03";"2024";"11:30";"1";"94";"94033";"2";"1";"8";"2";"Avenue de la République";"48,85321000";"2,46894000"
"202400013222";"26";"06";"2024";"09:25";"1";"41";"41018";"2";"1";"1";"6";"DUGAY-TROUIN (RUE)  N° IMPAIRS";"47,59303000";"1,30019000"
"202400013223";"13";"03";"2024";"08:45";"1";"94";"94028";"2";"1";"2";"6";"Avenue François Mitterrand";"48,76955100";"2,46466100"
"202400013224";"3";"07";"2024";"15:35";"1";"39";"39198";"2";"3";"1";"3";"Avenue Jean Jaures";"47,09392600";"5,49777900"
"202400013225";"15";"03";"2024";"15:10";"1";"94";"94022";"2";"2";"1";"2";"Avenue Léon Gourdault / Avenue Jean Jaurès";"48,76426747";"2,40577412"
"202400013226";"14";"03";"2024";"13:30";"1";"93";"93073";"2";"2";"1";"3";"Rue du Sonnet / Rue des Terres Noires";"49,00247000";"2,53334000"
"202400013227";"3";"07";"2024";"14:00";"1";"37";"37261";"2";"6";"1";"3";"DANEMARK (AVENUE DU)";"47,43214000";"0,69711000"
"202400013228";"3";"07";"2024";"11:40";"1";"37";"37214";"2";"9";"1";"6";"DE GAULLE (BD CHARLES)";"47,42595000";"0,65499000"
"202400013229";"15";"03";"2024";"07:00";"1";"93";"93066";"2";"1";"1";"3";"Rue Ambroise Croizat";"48,93889600";"2,34495800"
"202400013230";"15";"03";"2024";"18:00";"2";"93";"93053";"2";"3";"1";"3";"Rue Anatole France / Avenue Hoche";"48,88650000";"2,44732000"
"202400013231";"3";"07";"2024";"18:30";"1";"36";"36044";"2";"1";"1";"4";"MONTAIGNE";"46,79723423";"1,70647502"
"202400013232";"15";"03";"2024";"07:45";"1";"93";"93033";"2";"1";"1";"1";"Avenue de Champs";"48,85986000";"2,58080000"
"202400013233";"3";"07";"2024";"22:15";"5";"35";"35238";"2";"3";"1";"1";"MOTTE BRULON (DE LA)";"48,12933000";" -1,67407000"
"202400013234";"15";"03";"2024";"19:10";"5";"93";"93046";"2";"3";"1";"1";"Rue Eugène Massé / Rue Charles Hiver";"48,92453600";"2,54484400"
"202400013235";"3";"07";"2024";"19:20";"1";"35";"35055";"2";"1";"1";"6";"LOGES (RUE DES)";"48,08464000";" -1,62755000"
"202400013236";"15";"03";"2024";"21:15";"5";"93";"93010";"2";"9";"2";"6";"Route de Villemomble";"48,88982158";"2,49362580"
"202400013237";"3";"07";"2024";"16:43";"1";"34";"34108";"1";"1";"1";"2";"RD 612";"43,46458000";"3,76670000"
"202400013238";"3";"07";"2024";"19:10";"1";"34";"34172";"2";"3";"1";"6";"MARES (AVENUE HENRI)";"43,62004000";"3,85117000"
"202400013239";"15";"03";"2024";"19:45";"5";"93";"93001";"2";"5";"2";"3";"Boulevard Anatole France / Avenue du Président Roosevelt";"48,91504389";"2,38124728"
"202400013240";"4";"07";"2024";"01:40";"4";"33";"33063";"2";"1";"1";"6";"Avenue de la République";"44,83994000";" -0,60301000"
"202400013241";"15";"03";"2024";"18:45";"2";"92";"92051";"2";"1";"1";"2";"CHEZY (RUE DE , N°14 A 100)";"48,88897388";"2,27248585"
"202400013242";"3";"07";"2024";"10:35";"1";"33";"33550";"2";"3";"1";"1";"Allée des Pins";"44,76812000";" -0,58312000"
"202400013243";"15";"03";"2024";"10:30";"1";"92";"92050";"2";"1";"1";"3";"SAINT CLOUD RUE DE";"48,88330000";"2,20125000"
"202400013244";"29";"06";"2024";"10:20";"1";"29";"29232";"2";"4";"1";"3";"Allée de Meilh Stang Vihan";"48,01357000";" -4,10767000"
"202400013245";"15";"03";"2024";"12:55";"1";"92";"92035";"2";"7";"3";"2";"Belgique ( Place de )";"48,90671532";"2,23851693"
"202400013246";"3";"07";"2024";"18:30";"1";"25";"25056";"2";"1";"1";"6";"DIJON RUE DE";"47,22341700";"5,97310400"
"202400013247";"16";"03";"2024";"10:20";"1";"34";"34276";"1";"1";"1";"6";"D26";"43,76159900";"3,88346300"
"202400013248";"3";"07";"2024";"15:20";"1";"17";"17299";"2";"6";"1";"3";"WILSON AVENUE";"45,94459300";" -0,96158200"
"202400013249";"12";"03";"2024";"18:10";"1";"31";"31044";"2";"3";"1";"3";"7 Rue Georges Bernanos";"43,60472153";"1,49535969"
"202400013250";"16";"03";"2024";"17:25";"1";"67";"67202";"2";"6";"1";"3";"Rue des 4 Vents";"48,76178900";"7,56448700"
"202400013251";"3";"07";"2024";"20:00";"1";"13";"13117";"2";"1";"1";"1";"MONNET (AVENUE JEAN)";"43,42219000";"5,28647000"
"202400013252";"15";"03";"2024";"00:30";"3";"974";"97410";"2";"1";"1";"6";"Chemin Grand Fond";" -21,02830500";"55,68610800"
"202400013253";"2";"07";"2024";"23:40";"3";"13";"13056";"1";"9";"1";"6";"CD 49";"43,34595000";"5,06174000"
"202400013254";"16";"03";"2024";"13:50";"1";"83";"83049";"1";"1";"1";"5";"D43";"43,24915009";"6,07277009"
"202400013255";"3";"07";"2024";"23:45";"3";"13";"13216";"2";"4";"1";"1";"CHASSAIGNON (IMPASSE)";"43,35358000";"5,34440000"
"202400013256";"15";"03";"2024";"13:20";"1";"72";"72231";"2";"1";"2";"3";"Avenue Abel Tirand";"47,93787700";"0,36392700"
"202400013257";"2";"07";"2024";"15:19";"1";"13";"13207";"2";"1";"1";"1";"Corniche John Fitzgérald Kennedy";"43,28084000";"5,35270000"
"202400013258";"15";"03";"2024";"15:55";"1";"15";"15259";"1";"1";"1";"6";" A 75 ";"45,11089500";"3,13627200"