"Num_Acc";"jour";"mois";"an";"hrmn";"lum";"dep";"com";"agg";"int";"atm";"col";"adr";"lat";"long"
"202400013259";"3";"07";"2024";"12:40";"1";"11";"11069";"2";"1";"1";"6";"N/A";"43,23478000";"2,36694000"
"202400013260";"16";"03";"2024";"04:45";"3";"36";"36026";"1";"1";"8";"2";"N/A";"46,92964415";"1,74599093"
"202400013261";"3";"07";"2024";"17:10";"1";"06";"06069";"2";"1";"1";"1";"115 Avenue Auguste Renoir";"43,68173000";"6,96022500"
"202400013262";"16";"03";"2024";"13:55";"1";"71";"71023";"1";"2";"1";"3";"Route de Cuisery";"46,67133500";"4,97779400"
"202400013263";"3";"07";"2024";"18:25";"1";"06";"06069";"2";"3";"1";"1";"104 Avenue Pierre Sémard";"43,65615000";"6,92894300"
"202400013264";"16";"03";"2024";"06:45";"2";"80";"80024";"1";"1";"1";"1";"D191";"49,92747000";"2,24590500"
"202400013265";"3";"07";"2024";"07:00";"1";"06";"06027";"2";"1";"1";"6";"13 Avenue Auguste Renoir";"43,66350000";"7,14986000"
"202400013266";"16";"03";"2024";"01:00";"3";"12";"12243";"2";"3";"1";"6";"Avenue de la Liberte";"44,01205800";"2,96454400"
"202400013267";"3";"07";"2024";"19:40";"1";"75";"75120";"2";"1";"1";"3";"PORTE DE BAGNOLET";"48,86784500";"2,41324100"
"202400013268";"3";"07";"2024";"08:25";"1";"75";"75117";"2";"1";"1";"7";"PORTE DE SAINT OUEN";"48,89944700";"2,31828400"
"202400013269";"16";"03";"2024";"15:50";"1";"39";"39013";"1";"1";"1";"1";"N/A";"46,89180800";"5,73057800"
"202400013270";"3";"07";"2024";"10:46";"1";"75";"75117";"2";"1";"1";"2";"BOULEVARD PERIPHERIQUE INTERIEUR OUEST";"48,89261000";"2,30246200"
"202400013271";"15";"03";"2024";"17:00";"1";"31";"31502";"1";"1";"1";"1";"D5";"43,19475800";"0,73005400"
"202400013272";"3";"07";"2024";"00:15";"5";"75";"75106";"2";"5";"1";"2";"PLACE DU QUEBEC";"48,85376400";"2,33334600"
"202400013273";"15";"03";"2024";"16:15";"1";"31";"31104";"1";"2";"1";"7";"D10";"43,34753500";"1,24803200"
"202400013274";"3";"07";"2024";"13:28";"1";"75";"75117";"2";"2";"1";"3";"PLACE GENERAL CATROUX";"48,88264000";"2,31038000"
"202400013275";"14";"03";"2024";"13:50";"1";"38";"38516";"2";"2";"1";"3";"Avenue de Verdun";"45,20049700";"5,75912900"
"202400013276";"1";"07";"2024";"23:30";"5";"75";"75117";"2";"2";"1";"7";"RUE JACQUES IBERT";"48,88802100";"2,28871500"
"202400013277";"15";"03";"2024";"16:30";"1";"03";"03107";"1";"1";"1";"6";"Route du Mercurol";"46,11763300";"3,06404800"
"202400013278";"12";"03";"2024";"21:00";"3";"15";"15169";"1";"1";"1";"1";"RD 22";"45,34262200";"2,48069200"
"202400013279";"2";"07";"2024";"20:50";"1";"75";"75116";"2";"2";"1";"3";"RUE DE LA POMPE";"48,86655200";"2,28010100"
"202400013280";"16";"03";"2024";"10:00";"1";"58";"58024";"1";"1";"1";"7";"D958";"47,13738100";"3,60619800"
"202400013281";"3";"07";"2024";"18:00";"1";"75";"75113";"2";"2";"1";"6";"BOULEVARD KELLERMANN";"48,82098700";"2,35064200"
"202400013282";"12";"03";"2024";"13:40";"1";"54";"54045";"1";"3";"1";"3";"RD1";"48,56854700";"6,35736100"
"202400013283";"3";"07";"2024";"11:00";"1";"75";"75113";"2";"1";"1";"3";"BOULEVARD DU GENERAL JEAN SIMON";"48,82534100";"2,38106900"
"202400013284";"16";"03";"2024";"17:45";"1";"72";"72115";"2";"1";"1";"7";"Rue de la Bouvaterie";"47,66319100";"0,47036300"
"202400013285";"16";"03";"2024";"16:30";"1";"07";"07129";"1";"1";"1";"7";"D533";"44,98558400";"4,60042000"
"202400013286";"3";"07";"2024";"13:00";"1";"75";"75109";"2";"7";"1";"3";"PLACE DE CLICHY";"48,88339300";"2,32751500"
"202400013287";"15";"03";"2024";"18:00";"1";"17";"17403";"1";"1";"1";"7";"Route d?Allas Bocage";"45,41958100";" -0,46290100"
"202400013288";"16";"03";"2024";"11:00";"1";"48";"48092";"2";"1";"1";"6";"Avenue Théophile Roussel";"44,55516900";"3,29113200"
"202400013289";"3";"07";"2024";"00:45";"5";"94";"94046";"2";"1";"1";"2";"Rue Jean Jaurès";"48,79732000";"2,43337000"
"202400013290";"16";"03";"2024";"00:30";"3";"08";"08408";"1";"1";"2";"6";"1 D88";"49,87463955";"4,64612063"
"202400013291";"3";"07";"2024";"17:20";"1";"94";"94054";"2";"1";"1";"6";"Allée des Violettes";"48,74175000";"2,40159000"
"202400013292";"16";"03";"2024";"02:30";"3";"973";"97307";"1";"1";"2";"1";"RN 2 PK 8";"4,84376100";" -52,33753700"
"202400013293";"3";"07";"2024";"12:30";"1";"93";"93072";"2";"1";"1";"3";"Avenue de Stalingrad";"48,95077838";"2,38718826"
"202400013294";"16";"03";"2024";"13:40";"1";"13";"13051";"2";"1";"1";"1";"Route de Saint Jean";"43,61473000";"5,13468700"
"202400013295";"3";"07";"2024";"11:20";"1";"93";"93064";"2";"9";"1";"1";"GALOIS (RUE EVARISTE)";"48,86304300";"2,48695900"
"202400013296";"16";"03";"2024";"01:03";"3";"06";"06088";"1";"1";"1";"6";"autoroute A8";"43,73203400";"7,27844200"
"202400013297";"3";"07";"2024";"12:25";"1";"93";"93051";"2";"1";"1";"3";"MARECHAL FOCH (BOULEVARD)";"48,84580000";"2,52943000"
"202400013298";"16";"03";"2024";"16:45";"1";"974";"97417";"2";"3";"1";"1";"Route Nationale 2";" -21,35787400";"55,77043700"
"202400013299";"3";"07";"2024";"00:20";"5";"93";"93010";"2";"1";"1";"3";"Chemin du Pont";"48,90843187";"2,48982942"
"202400013300";"15";"03";"2024";"20:20";"1";"973";"97306";"1";"1";"1";"7";"CD 9 PK23";"5,59842400";" -53,70631000"
"202400013301";"3";"07";"2024";"09:00";"1";"92";"92075";"2";"1";"1";"3";"LYCEE (BOULEVARD DU)";"48,82348937";"2,28345931"
"202400013302";"1";"02";"2024";"12:20";"1";"33";"33199";"2";"1";"1";"3";"N/A";"44,64305200";" -1,05889300"
"202400013303";"3";"07";"2024";"20:10";"1";"92";"92025";"2";"3";"1";"3";"KLEBER (AV)";"48,93099577";"2,24390137"
"202400013304";"2";"07";"2024";"09:30";"1";"92";"92025";"2";"1";"8";"3";"PRESIDENT SALVADOR ALLENDE (RUE DU)";"48,92218214";"2,23552966"
"202400013305";"14";"03";"2024";"08:10";"1";"77";"77317";"2";"1";"1";"5";"16 avenue de la gare";"48,60347900";"2,88202100"
"202400013306";"3";"07";"2024";"18:45";"1";"92";"92024";"2";"3";"1";"2";"JEAN JAURES (BD) DE 47 A 109)   (56 A 14";"48,90411591";"2,30289030"
"202400013307";"15";"03";"2024";"16:10";"1";"21";"21716";"2";"1";"1";"6";"31 Rue du Vieux Château";"47,17491500";"4,96343600"
"202400013308";"3";"07";"2024";"19:49";"1";"92";"92023";"2";"3";"1";"3";"CECILE DINANT (RUE)";"48,81233867";"2,26931494"
"202400013309";"16";"03";"2024";"10:10";"1";"10";"10300";"2";"2";"1";"3";"D148";"48,44280000";"4,35720000"
"202400013310";"3";"07";"2024";"00:01";"5";"92";"92012";"2";"1";"1";"3";"AGUESSEAU (RUE D') 91/FIN - 84/FIN";"48,83822294";"2,23774230"
"202400013311";"3";"07";"2024";"01:35";"5";"92";"92014";"2";"3";"1";"3";"GENERAL LECLERC (AV.) (1 A 55BIS - 2 A 4";"48,78317297";"2,31685889"
"202400013312";"28";"02";"2024";"19:35";"2";"88";"88348";"1";"2";"1";"3";"D48";"48,26392700";"6,66432400"
"202400013313";"3";"07";"2024";"01:00";"4";"974";"97415";"2";"1";"1";"7";"165 Chemin des Combavas";" -20,99027400";"55,32642900"
"202400013314";"16";"03";"2024";"12:00";"1";"81";"81099";"2";"1";"1";"1";"23 AVENUE JEAN ROSTAND";"43,91667000";"1,90776800"
"202400013315";"4";"07";"2024";"14:00";"1";"28";"28012";"1";"1";"1";"2";"D927";"48,08409300";"1,12522400"
"202400013316";"16";"03";"2024";"10:50";"1";"47";"47157";"2";"3";"1";"6";"Rue de la République";"44,49750800";"0,16579800"
"202400013317";"4";"07";"2024";"06:00";"2";"974";"97412";"2";"1";"2";"7";"Chemin Francois Cordonin";" -21,34920700";"55,60418300"
"202400013318";"3";"07";"2024";"10:20";"1";"972";"97222";"1";"1";"3";"6";"D1";"14,69142800";" -60,95429400"
"202400013319";"16";"03";"2024";"14:45";"1";"76";"76533";"1";"1";"1";"7";"parc logistique du pont de normandie";"49,47066900";"0,26298500"
"202400013320";"3";"07";"2024";"11:55";"1";"83";"83004";"1";"1";"1";"5";"Dn7";"43,44192873";"6,45858675"
"202400013321";"3";"07";"2024";"17:15";"1";"12";"12113";"1";"1";"1";"1";"D38";"44,25021400";"2,33678300"
"202400013322";"4";"07";"2024";"16:50";"1";"91";"91458";"2";"4";"1";"6";"4 Rue du Bois-Clair";"48,66080900";"2,24238700"
"202400013323";"4";"07";"2024";"20:39";"3";"974";"97414";"2";"1";"1";"6";"N1c";" -21,28265600";"55,39704700"
"202400013324";"4";"07";"2024";"14:00";"1";"50";"50601";"1";"9";"1";"3";"A84, PR 217+900";"48,98074900";" -0,94856900"
"202400013325";"4";"07";"2024";"09:20";"1";"62";"62181";"1";"1";"1";"7";"Rue Principale";"50,16311071";"2,69577813"
"202400013326";"4";"07";"2024";"16:40";"1";"69";"69100";"2";"1";"1";"7";"Route de Brignais";"45,67279800";"4,79624000"
"202400013327";"4";"07";"2024";"13:15";"1";"51";"51440";"1";"6";"1";"3";"Route de Vouziers";"49,30063800";"4,32658000"
"202400013328";"15";"03";"2024";"01:40";"3";"83";"83137";"1";"1";"1";"6";"A50";"43,12647341";"5,89419007"
"202400013329";"3";"07";"2024";"16:30";"1";"51";"51282";"2";"4";"1";"2";"Rue des Sablons";"49,25049400";"3,90732400"
"202400013330";"3";"07";"2024";"13:25";"1";"69";"69012";"1";"1";"2";"7";"296 Route de Chenelette";"46,17391864";"4,54500370"
"202400013331";"15";"03";"2024";"19:50";"2";"33";"33397";"1";"1";"1";"6";"AUTOROUTE A 10";"44,90541000";" -0,49215000"
"202400013332";"4";"07";"2024";"19:40";"1";"63";"63040";"1";"1";"1";"7";"Chemin de la Gourguerie";"45,72155900";"3,31900800"
"202400013333";"4";"07";"2024";"18:00";"1";"42";"42026";"1";"1";"1";"1";"Route de Melay";"46,19025115";"4,07603592"
"202400013334";"1";"07";"2024";"11:00";"1";"34";"34012";"2";"3";"1";"1";"Chemin de Font Mejeanne";"43,70038000";"3,68297900"
"202400013335";"15";"03";"2024";"14:50";"1";"33";"33063";"1";"1";"1";"6";"N/A";"44,88268200";" -0,55169500"
"202400013336";"3";"07";"2024";"18:25";"1";"39";"39269";"1";"3";"8";"5";"N/A";"46,36237400";"5,70693900"
"202400013337";"3";"07";"2024";"23:30";"3";"25";"25278";"1";"1";"1";"6";"D492 PR 48+100";"47,22253700";"6,29643700"
"202400013338";"14";"03";"2024";"09:00";"1";"33";"33550";"1";"1";"1";"2";"N/A";"44,78490000";" -0,54212000"
"202400013339";"3";"07";"2024";"19:08";"1";"38";"38473";"1";"2";"1";"3";"Chemin de Viriville";"45,35508200";"5,23207800"
"202400013340";"30";"06";"2024";"17:30";"1";"01";"01420";"2";"1";"1";"3";"Avenue du Port";"46,16664200";"4,79342300"
"202400013341";"4";"07";"2024";"14:30";"1";"01";"01093";"1";"1";"1";"1";"Route de Saint Trivier";"46,10896400";"4,94182500"
"202400013342";"15";"03";"2024";"04:35";"3";"78";"78158";"1";"1";"1";"6";"A13";"48,84139000";"2,10646000"
"202400013343";"29";"06";"2024";"15:10";"1";"01";"01072";"1";"1";"1";"3";"RD979";"46,18423400";"5,30505800"
"202400013344";"4";"07";"2024";"16:19";"1";"70";"70075";"1";"1";"1";"7";"D12";"47,34069700";"5,69920600"
"202400013345";"14";"03";"2024";"19:30";"3";"92";"92064";"1";"1";"1";"2";"A13";"48,83709107";"2,18731042"
"202400013346";"4";"07";"2024";"13:35";"1";"66";"66003";"2";"6";"1";"3";"Avenue Beausoleil";"42,48131200";"2,67819100"
"202400013347";"1";"07";"2024";"17:30";"1";"06";"06074";"1";"1";"1";"6";"Route du Val de Lantousca";"43,95809601";"7,29930985"
"202400013348";"4";"07";"2024";"04:30";"3";"06";"06119";"1";"1";"1";"7";"M2205 PK 67+360";"44,32705600";"6,85952400"
"202400013349";"15";"03";"2024";"19:15";"3";"93";"93005";"1";"1";"3";"3";"A104";"48,97262523";"2,49400692"
"202400013350";"4";"07";"2024";"17:55";"1";"06";"06032";"1";"1";"1";"7";"12 Route Moyenne Corniche";"43,72793500";"7,40776900"
"202400013351";"4";"07";"2024";"11:45";"1";"06";"06150";"2";"9";"1";"3";"46 Route de Menton";"43,75039800";"7,40628600"
"202400013352";"15";"03";"2024";"13:00";"1";"93";"93027";"1";"1";"1";"3";"A1";"48,93750528";"2,41176005"
"202400013353";"3";"07";"2024";"17:15";"1";"14";"14229";"2";"1";"1";"3";"3 Rue Emile Nicol";"49,23153300";" -0,04706600"
"202400013354";"14";"03";"2024";"20:30";"3";"95";"95572";"1";"1";"1";"6";"N184";"49,04851178";"2,13475699"
"202400013355";"3";"07";"2024";"21:45";"2";"64";"64453";"2";"1";"1";"7";"38 Chemin de l?Aumette";"43,17916400";" -0,10849000"
"202400013356";"14";"03";"2024";"14:00";"1";"95";"95582";"1";"1";"1";"3";"A15";"48,96616526";"2,25770962"
"202400013357";"3";"07";"2024";"18:20";"1";"43";"43221";"1";"1";"1";"3";"Rd 589";"44,98484083";"3,71234963"
"202400013358";"14";"03";"2024";"08:50";"1";"93";"93053";"1";"1";"1";"5";"A3";"48,88722551";"2,47394088"
"202400013359";"3";"07";"2024";"16:45";"1";"16";"16281";"2";"1";"1";"6";"N/A";"45,73437000";"0,37175400"
"202400013360";"3";"07";"2024";"07:49";"1";"85";"85213";"1";"1";"1";"7";"106 la greffelière";"46,57490200";" -1,34369400"
"202400013361";"13";"03";"2024";"18:00";"1";"93";"93001";"1";"1";"1";"7";"A86";"48,92145000";"2,37534000"
"202400013362";"14";"03";"2024";"14:34";"1";"988";"98818";"2";"1";"1";"6";"N°2 RUE DES GAIACS";" -22,27274000";"166,45077000"
"202400013363";"2";"07";"2024";"18:00";"1";"37";"37266";"2";"1";"1";"6";"D17";"47,29108174";"0,73466787"
"202400013364";"13";"03";"2024";"14:46";"1";"987";"98735";"2";"7";"1";"3";"REMPARTS (RUE BLOC KIKIRIRI)";" -17,53422800";" -149,56731900"
"202400013365";"3";"07";"2024";"16:00";"1";"30";"30100";"2";"1";"1";"3";"route neuve";"44,00123900";"4,20224400"
"202400013366";"14";"03";"2024";"07:10";"1";"976";"97611";"2";"1";"1";"3";"passamanty-Vahibé ( route )";" -12,80100000";"45,20800000"
"202400013367";"4";"07";"2024";"05:20";"2";"52";"52212";"1";"9";"1";"3";"Route de Saint-Urbain";"48,40086263";"5,15895188"
"202400013368";"15";"03";"2024";"03:45";"5";"974";"97411";"2";"9";"2";"3";"DESBASSYNS (CHEMIN)";" -20,89097000";"55,48016000"
"202400013369";"4";"07";"2024";"11:24";"1";"31";"31588";"2";"3";"1";"3";"Chemin de Cote Goubard";"43,53087600";"1,36950600"
"202400013370";"3";"07";"2024";"18:10";"1";"13";"13044";"1";"1";"1";"2";"N569";"43,62022860";"5,01509450"
"202400013371";"14";"03";"2024";"16:50";"1";"974";"97411";"2";"1";"1";"4";"JAURES (BLD 1 JEAN)";" -20,88966000";"55,45208000"
"202400013372";"13";"03";"2024";"17:48";"2";"973";"97302";"2";"1";"1";"6";"FELIX EBOUE(ROCADE)";"4,92953000";" -52,31520000"
"202400013373";"3";"07";"2024";"19:38";"1";"66";"66108";"2";"3";"1";"3";"41 Avenue du 8 Mai 1945";"42,69389800";"2,69670900"
"202400013374";"13";"03";"2024";"15:05";"1";"973";"97302";"2";"1";"1";"6";"MOLE";"4,93607727";" -52,33240306"
"202400013375";"4";"07";"2024";"08:50";"1";"13";"13065";"1";"1";"7";"2";"D17";"43,69268500";"4,91854900"
"202400013376";"13";"03";"2024";"13:00";"1";"973";"97302";"2";"1";"2";"3";"HOMAT(CITE)";"4,92682000";" -52,31935000"
"202400013377";"2";"07";"2024";"07:50";"1";"987";"98747";"2";"1";"1";"1";"RT1 face magasin NATURELAND TARAVAO";" -17,75600000";" -148,73600000"
"202400013378";"14";"03";"2024";"13:30";"1";"69";"69383";"2";"2";"1";"3";"Rue Voltaire";"45,75785000";"4,84879000"
"202400013379";"3";"07";"2024";"11:30";"1";"974";"97420";"2";"1";"1";"6";"74 Avenue Pierre Mendès France";" -20,90496300";"55,60559900"
"202400013380";"8";"03";"2024";"09:40";"1";"69";"69386";"2";"2";"1";"3";"Rue Vauban";"45,76625986";"4,85944733"
"202400013381";"3";"07";"2024";"12:25";"1";"974";"97408";"1";"1";"1";"2";"N1";" -20,90961300";"55,35703900"
"202400013382";"14";"03";"2024";"08:06";"1";100;100033";"1";"1";"1";"2";"SAMPIERO CORSO - AV";"42,67372000";"9,44384000"
"202400013383";"3";"07";"2024";"18:15";"1";"971";"97117";"1";"1";"2";"1";"Rue Sainte Marguerite";"16,37646900";" -61,41338100"
"202400013384";"4";"07";"2024";"09:00";"1";"45";"45198";"1";"1";"1";"1";"D2152 PR 14 + 638";"48,20453000";"2,28840700"
"202400013385";"13";"03";"2024";"19:40";"5";"95";"95203";"2";"2";"1";"1";"D928";"48,99407959";"2,27972093"
"202400013386";"14";"03";"2024";"12:10";"1";"91";"91471";"2";"1";"1";"6";"GUY MOQUET (RUE)";"48,70045000";"2,19227000"
"202400013387";"1";"07";"2024";"15:00";"1";"77";"77437";"1";"1";"1";"5";"N330";"49,02627600";"2,81584700"
"202400013388";"14";"03";"2024";"23:50";"5";"91";"91589";"2";"1";"2";"6";"BD ARISTIDE BRIAND";"48,69069000";"2,36150000"
"202400013389";"3";"07";"2024";"23:30";"5";101;101247";"2";"1";"1";"1";"#82 Avenue de Bastia#";"41,60416300";"9,27711000"
"202400013390";"25";"02";"2024";"00:55";"5";"91";"91027";"2";"1";"8";"6";"FRANCOIS MITTERRAND (AVENUE)";"48,71362000";"2,37123000"
"202400013391";"4";"07";"2024";"11:40";"1";"30";"30128";"1";"1";"1";"3";"route de nimes";"43,73906500";"4,34331200"
"202400013392";"23";"02";"2024";"21:20";"5";"91";"91228";"2";"2";"1";"1";"AV DE L ORME A MARTIN";"48,63111000";"2,41523000"
"202400013393";"3";"07";"2024";"17:50";"1";"11";"11099";"1";"3";"1";"3";"N/A";"43,25982483";"2,39579137"
"202400013394";"13";"03";"2024";"16:40";"1";"84";"84087";"2";"3";"1";"2";"POURTOULES (COURS)";"44,13500000";"4,81100000"
"202400013395";"14";"03";"2024";"00:55";"5";"84";"84007";"2";"6";"1";"6";"AERODROME  (ROUTE DE L')-MONTFAVET";"43,91594000";"4,88913000"
"202400013396";"4";"07";"2024";"12:20";"1";"26";"26124";"1";"1";"1";"3";"A7 PK078.900 sens nord-sud";"44,83372100";"4,86184700"
"202400013397";"13";"03";"2024";"05:20";"3";"84";"84007";"2";"2";"1";"3";"CHARLES DE GAULLE";"43,92962000";"4,82095000"
"202400013398";"14";"03";"2024";"16:40";"1";"83";"83069";"1";"1";"1";"6";"LOUBES (ROUTE DES)";"43,11345720";"6,10164133"
"202400013399";"4";"07";"2024";"11:40";"1";"26";"26362";"1";"1";"1";"2";"A7 PK71.500 sens sud-nord";"44,92677700";"4,88055800"
"202400013400";"14";"03";"2024";"20:35";"3";"78";"78551";"1";"9";"1";"1";"LOGES (AVENUE DES)";"48,94854000";"2,07401000"
"202400013401";"4";"07";"2024";"05:20";"1";"21";"21295";"1";"1";"1";"1";"D931";"47,23045400";"5,00091400"
"202400013402";"13";"03";"2024";"18:00";"1";"77";"77438";"2";"9";"1";"6";"SAINT GERMAIN DES NOYERS  (AVENUE)";"48,85473000";"2,66664000"
"202400013403";"4";"07";"2024";"07:35";"1";"55";"55553";"1";"1";"3";"6";"D958";"48,78937698";"5,63253500"
"202400013404";"3";"07";"2024";"22:40";"5";"38";"38349";"2";"4";"1";"6";"Route des Alpes";"45,31951900";"4,76983400"
"202400013405";"14";"03";"2024";"13:50";"1";"76";"76351";"2";"3";"1";"6";"ESTIENNE D'ORVES (D')";"49,51600700";"0,09717900"
"202400013406";"13";"03";"2024";"14:20";"1";"76";"76351";"2";"2";"1";"3";"PIERRE FARCIS";"49,51543200";"0,10528900"
"202400013407";"3";"07";"2024";"15:06";"1";"81";"81283";"2";"2";"1";"3";"Route de Lincarque";"43,93613300";"1,95394100"
"202400013408";"13";"03";"2024";"20:35";"5";"76";"76351";"2";"8";"1";"3";"RAYMOND GUENOT";"49,49342000";"0,10363000"
"202400013409";"4";"07";"2024";"10:35";"1";"65";"65059";"2";"1";"1";"3";"Avenue Maquis de Payolle";"43,05833300";"0,15531100"
"202400013410";"14";"03";"2024";"17:30";"1";"69";"69266";"2";"1";"1";"3";"Cours Emile Zola";"45,77043000";"4,87477000"
"202400013411";"1";"07";"2024";"19:15";"1";"31";"31478";"1";"2";"8";"1";"route de revel";"43,44888400";"1,91623400"
"202400013412";"13";"03";"2024";"17:15";"1";"69";"69290";"2";"1";"1";"7";"Chemin de Saint Bonnet de Mure";"45,68957000";"4,98279000"
"202400013413";"4";"07";"2024";"15:00";"1";"16";"16061";"1";"2";"1";"3";"N/A";"45,72507680";"0,25843083"
"202400013414";"13";"03";"2024";"15:30";"1";"69";"69290";"2";"1";"1";"2";"Autoroute 43 ";"45,71963478";"4,93390517"
"202400013415";"4";"07";"2024";"04:00";"5";"29";"29042";"1";"1";"1";"6";"Tal ar Groas - Route de Crozon (Arrêt de bus)";"48,24816493";" -4,41964801"
"202400013416";"14";"03";"2024";"16:20";"1";"67";"67482";"2";"1";"1";"6";"VIENNE (ROUTE DE)";"48,57303000";"7,75566000"
"202400013417";"4";"07";"2024";"03:30";"3";"35";"35228";"1";"1";"1";"7";"D266";"48,58669169";" -2,06926136"
"202400013418";"14";"03";"2024";"09:45";"1";"67";"67043";"1";"1";"1";"3";"TRIAGE (RUE DU)";"48,62025000";"7,72030000"
"202400013419";"26";"06";"2024";"09:30";"1";"59";"59025";"2";"6";"1";"3";"Rue de Verdun";"50,59419641";"2,82858253"
"202400013420";"13";"03";"2024";"19:10";"5";"67";"67482";"2";"3";"8";"3";"KOENIGSHOFFEN (RUE DE)";"48,58073000";"7,72774000"
"202400013421";"3";"07";"2024";"08:55";"1";"13";"13212";"2";"1";"1";"4";"A507 sens Marseille - Aubagne";"43,29737000";"5,42476000"
"202400013422";"14";"03";"2024";"07:30";"1";"66";"66136";"1";"1";"1";"4";"Avenue de la SALANQUE";"42,72763000";"2,90440000"
"202400013423";"3";"07";"2024";"13:20";"1";"69";"69007";"1";"9";"1";"6";"Autoroute 7  ";"45,50620909";"4,84125726"
"202400013424";"13";"03";"2024";"18:40";"2";"64";"64102";"2";"1";"7";"6";"SOULT (AVENUE MARECHAL)";"43,48583000";" -1,49106000"
"202400013425";"3";"07";"2024";"15:15";"1";"78";"78362";"1";"1";"1";"2";"A13";"48,97338400";"1,72948700"
"202400013426";"2";"07";"2024";"20:20";"1";"92";"92036";"1";"1";"1";"2";"A86";"48,93704302";"2,29351401"
"202400013427";"13";"03";"2024";"17:30";"1";"64";"64024";"2";"1";"1";"3";"BARTHES (CHEMIN DES)";"43,49142000";" -1,49606000"
"202400013428";"1";"07";"2024";"17:35";"1";"92";"92025";"1";"1";"1";"3";"A86";"48,93367421";"2,25327642"
"202400013429";"13";"03";"2024";"07:20";"1";"64";"64140";"2";"3";"1";"1";"DOUANE (QUAI DE LA)";"43,52248000";" -1,48994000"
"202400013430";"3";"07";"2024";"16:30";"1";"93";"93007";"1";"1";"1";"3";"AUTOROUTE A3";"48,93230265";"2,48082971"
"202400013431";"14";"03";"2024";"13:55";"1";"63";"63014";"2";"1";"1";"2";"LANDAIS (AVENUE DES)";"45,76406000";"3,11277000"
"202400013432";"3";"07";"2024";"07:00";"1";"95";"95351";"1";"1";"1";"2";"N104";"49,03849500";"2,48439157"
"202400013433";"2";"07";"2024";"20:25";"1";"95";"95252";"1";"1";"1";"3";"A15";"48,97788631";"2,23221621"
"202400013434";"14";"03";"2024";"18:20";"1";"62";"62186";"2";"3";"1";"1";"D58";"50,43936722";"2,71912458"
"202400013435";"2";"07";"2024";"18:50";"1";"95";"95582";"1";"1";"1";"2";"A15";"48,97011903";"2,24986200"
"202400013436";"14";"03";"2024";"09:15";"1";"59";"59599";"2";"1";"1";"7";"Rue de Roubaix";"50,70964700";"3,16753300"
"202400013437";"2";"07";"2024";"19:40";"1";"93";"93066";"1";"1";"1";"2";"AUTOROUTE A86";"48,92651876";"2,33646316"
"202400013438";"14";"03";"2024";"07:25";"1";"59";"59220";"2";"2";"1";"6";"Rue Anatole France";"50,60601000";"3,06465000"
"202400013439";"3";"07";"2024";"03:30";"4";"94";"94004";"1";"1";"1";"2";"Avenue du Général Leclerc";"48,74381089";"2,51253033"
"202400013440";"16";"01";"2024";"14:15";"1";"91";"91692";"2";"1";"1";"3";"CANADA (AVENUE DU)";"48,68750100";"2,19669100"
"202400013441";"13";"03";"2024";"15:00";"1";"56";"56121";"2";"3";"1";"3";"Boulevard de Normandie";"47,75953000";" -3,36743000"
"202400013442";"13";"03";"2024";"23:30";"5";"54";"54395";"2";"3";"1";"1";"Rue des Tiercelins";"48,69019000";"6,18759000"
"202400013443";"29";"03";"2024";"07:45";"1";"14";"14654";"1";"1";"1";"7";"Route de Crèvecœur";"49,04701100";" -0,01461300"
"202400013444";"14";"03";"2024";"18:00";"2";"54";"54451";"1";"1";"1";"7";"Rue de Boismont";"49,50713600";"5,75252900"
"202400013445";"23";"03";"2024";"22:00";"3";"49";"49099";"2";"1";"1";"7";"TOURAINE (BOULEVARD DE)";"47,07168000";" -0,85470000"
"202400013446";"12";"03";"2024";"20:00";"5";"50";"50129";"2";"3";"1";"3";"ABBAYE (RUE DE L')";"49,64335000";" -1,62882000"
"202400013447";"12";"03";"2024";"19:15";"5";"49";"49267";"2";"1";"1";"6";"CHENE VERT";"47,47101000";" -0,51539000"
"202400013448";"24";"02";"2024";"23:00";"3";"49";"49099";"2";"3";"1";"6";"RICHARD (BOULEVARD GUSTAVE)";"47,06225000";" -0,88050000"
"202400013449";"12";"03";"2024";"17:01";"1";"49";"49007";"2";"1";"1";"3";"PASTEUR AVENUE";"47,47200000";" -0,54100000"
"202400013450";"20";"04";"2024";"19:20";"1";"16";"16271";"2";"1";"1";"1";"N/A";"45,61300000";"0,18100000"
"202400013451";"14";"03";"2024";"08:30";"1";"45";"45285";"2";"1";"1";"6";"90 Rue Croix Baudu";"47,92140000";"1,88362000"
"202400013452";"26";"06";"2024";"17:00";"1";"976";"97611";"2";"1";"1";"6";"mamoudzou centre-Haladi Selemani ( rue )";" -12,77956000";"45,22752000"
"202400013453";"14";"03";"2024";"22:00";"5";"41";"41226";"2";"2";"1";"3";"Route de Paris";"47,80653943";"1,07209301"
"202400013454";"2";"07";"2024";"18:35";"5";"974";"97416";"2";"3";"1";"6";"LEBLOND 1 (RUE MARIUS ET ARY)";" -21,33492000";"55,46408000"
"202400013455";"13";"03";"2024";"19:50";"5";"38";"38151";"2";"6";"1";"1";"AVENUE DE KIMBERLEY";"45,14808000";"5,73466000"