"Num_Acc";"jour";"mois";"an";"hrmn";"lum";"dep";"com";"agg";"int";"atm";"col";"adr";"lat";"long"
"202400013456";"2";"07";"2024";"09:40";"1";"974";"97416";"2";"9";"1";"3";"LEBLOND 1 (RUE MARIUS ET ARY)";" -21,33000000";"55,47000000"
"202400013457";"13";"03";"2024";"19:50";"5";"37";"37261";"2";"7";"1";"6";"HEURTELOUP (BOULEVARD)";"47,39053000";"0,69181000"
"202400013458";"2";"07";"2024";"22:45";"5";"974";"97409";"2";"1";"1";"6";"MASCAREIGNES (Avenue des)";" -20,94204000";"55,64733000"
"202400013459";"14";"03";"2024";"09:35";"1";"37";"37261";"2";"1";"1";"2";"POMPIDOU (AVENUE GEORGES)";"47,38358000";"0,71110000"
"202400013460";"2";"07";"2024";"18:50";"2";"974";"97407";"2";"1";"1";"6";"MONPELLIER (RUE)";" -20,93851000";"55,29623000"
"202400013461";"1";"07";"2024";"11:45";"1";"69";"69387";"2";"1";"1";"3";"Avenue Leclerc";"45,74089000";"4,82747000"
"202400013462";"13";"03";"2024";"09:30";"1";"35";"35281";"1";"1";"1";"4";"RD 177";"48,06314000";" -1,71868000"
"202400013463";"1";"07";"2024";"12:15";"1";"972";"97209";"1";"1";"3";"2";"RN9";"14,61180000";" -61,04257000"
"202400013464";"13";"03";"2024";"14:30";"1";"34";"34301";"2";"2";"1";"6";"RHIN ET DANUBE (QUAI)";"43,40640000";"3,69987000"
"202400013465";"2";"07";"2024";"17:44";"1";100;100037";"1";"1";"1";"4";"TOUTES RUES";"42,61000000";"9,41667000"
"202400013466";"1";"07";"2024";"12:03";"1";100;100033";"2";"1";"1";"3";"TOUTES RUES";"9,44430000";"42,67720000"
"202400013467";"14";"03";"2024";"21:30";"5";"34";"34172";"2";"1";"1";"3";"LAVERUNE (ROUTE DE";"43,60166600";"3,85217400"
"202400013468";"1";"07";"2024";"17:50";"1";"971";"97113";"1";"1";"2";"2";"RN4 - SECTION RIVIERA";"16,21365000";" -61,47771000"
"202400013469";"14";"03";"2024";"20:15";"5";"33";"33063";"2";"2";"1";"3";"N/A";"44,83698000";" -0,60679000"
"202400013470";"2";"07";"2024";"12:00";"1";"91";"91552";"2";"2";"1";"1";"RTE DE CORBEIL";"48,59357000";"2,26312000"
"202400013471";"14";"03";"2024";"19:50";"4";"33";"33063";"2";"1";"1";"6";"N/A";"44,85153000";" -0,58974000"
"202400013472";"14";"03";"2024";"08:55";"1";"33";"33162";"2";"9";"1";"6";"N/A";"44,87962000";" -0,62683000"
"202400013473";"1";"07";"2024";"17:30";"1";"91";"91549";"2";"3";"1";"3";"GEORGES PITARD (AVENUE)";"48,64605000";"2,31421900"
"202400013474";"14";"03";"2024";"21:00";"5";"31";"31555";"2";"1";"1";"6";"AGDE (RTE D) DU 1AU 67";"43,62535351";"1,47548586"
"202400013475";"1";"07";"2024";"17:20";"1";"91";"91469";"1";"1";"1";"5";"ARTONOU (ROUTE D') CD49";"48,40280000";"2,14089000"
"202400013476";"14";"03";"2024";"15:55";"1";"31";"31555";"2";"1";"1";"4";"12 LES IZARDS (PERIPH EST A62)";"43,64883980";"1,43537360"
"202400013477";"13";"03";"2024";"17:10";"1";"30";"30007";"2";"6";"1";"7";"Quai de Grabieux";"44,14534400";"4,08794000"
"202400013478";"30";"06";"2024";"06:20";"2";"87";"87085";"2";"1";"1";"2";"HUGO (BOULEVARD VICTOR)";"45,83240000";"1,25668000"
"202400013479";"13";"03";"2024";"19:30";"2";"29";"29019";"2";"6";"1";"3";"avenue Victor Le Gorgeu";"48,40204300";" -4,50246800"
"202400013480";"1";"07";"2024";"17:20";"1";"84";"84031";"2";"4";"1";"1";"EISENHOWER AVENUE DWIGHT";"44,03745000";"5,05046000"
"202400013481";"13";"03";"2024";"09:20";"1";"29";"29019";"2";"3";"8";"3";"rue Marengo";"48,39694800";" -4,48311300"
"202400013482";"2";"07";"2024";"18:10";"1";"83";"83098";"2";"3";"1";"3";"PREMIERE (D.F.L)";"43,10660000";"6,02180000"
"202400013483";"14";"03";"2024";"16:46";"1";"25";"25056";"2";"3";"1";"3";"BELFORT RUE DE BELFORT (sup 144)4";"47,25990000";"6,04657700"
"202400013484";"1";"07";"2024";"16:55";"1";"80";"80674";"2";"1";"1";"3";"THUILLIER DELAMBRE (RUE)";"49,90218000";"2,32476000"
"202400013485";"14";"03";"2024";"07:55";"1";"25";"25056";"2";"6";"1";"6";"LAFAYETTE RUE";"47,21405000";"5,96795000"
"202400013486";"1";"07";"2024";"11:10";"1";"80";"80021";"2";"1";"1";"7";"DIJON (RUE)";"49,88748000";"2,30530000"
"202400013487";"21";"02";"2024";"18:51";"1";"22";"22360";"1";"6";"2";"3";"ARMOR (RUE D')";"48,48383000";" -2,73488000"
"202400013488";"3";"07";"2024";"00:45";"3";"78";"78168";"2";"1";"1";"6";"Route nationale 10";"48,73945700";"1,91023400"
"202400013489";"2";"07";"2024";"08:45";"1";"76";"76366";"2";"3";"1";"1";"Rue du Général de Gaulle";"49,50690000";"1,03995500"
"202400013490";"1";"07";"2024";"19:00";"1";"76";"76351";"2";"3";"1";"6";"LESUEUR (RUE)";"49,49227000";"0,12329000"
"202400013491";"1";"07";"2024";"16:00";"1";"74";"74012";"2";"1";"1";"6";"GIFFRE (AVENUE DU)";"46,19470000";"6,24014000"
"202400013492";"2";"07";"2024";"18:20";"1";"73";"73065";"2";"3";"1";"5";"GRANDE CHARTREUSE (AVENUE DE LA)";"45,56027037";"5,92505523"
"202400013493";"2";"07";"2024";"12:30";"1";"72";"72181";"2";"2";"1";"5";"CUGNOT NICOLAS (BD)";"47,98620000";"0,22540000"
"202400013494";"2";"07";"2024";"00:40";"3";"72";"72181";"2";"9";"1";"6";"EVENTAIL RUE DE L' N° IMP 1 A 61";"48,00039420";"0,21797600"
"202400013495";"1";"07";"2024";"21:08";"1";"72";"72181";"2";"2";"1";"2";"JAURES JEAN (AV) N° IMP 35 A 179";"47,98959000";"0,20693000"
"202400013496";"1";"07";"2024";"11:44";"1";"71";"71306";"2";"1";"1";"3";"JEAN BOUVERI (RUE)";"46,67262000";"4,36607000"
"202400013497";"2";"07";"2024";"07:35";"1";"71";"71076";"2";"3";"1";"3";"BOUCICAUT (AVENUE)";"46,78887891";"4,83595043"
"202400013498";"1";"07";"2024";"10:30";"1";"69";"69276";"2";"1";"1";"6";"Rue du 11 Novembre 1918";"45,67028357";"4,85017257"
"202400013499";"30";"06";"2024";"18:00";"1";"67";"67482";"2";"3";"8";"3";"SCHIRMECK (ROUTE DE)";"48,56406000";"7,70508000"
"202400013500";"2";"07";"2024";"19:00";"1";"64";"64445";"2";"2";"1";"3";"SAINT-LOUIS DE GONZAGUE";"43,29586000";" -0,36599000"
"202400013501";"1";"07";"2024";"17:05";"1";"64";"64132";"2";"1";"2";"4";"D802";"43,29285000";" -0,32907000"
"202400013502";"1";"07";"2024";"16:15";"1";"64";"64132";"2";"3";"1";"7";"YSER DE L'";"43,28696000";" -0,35463000"
"202400013503";"2";"07";"2024";"16:08";"1";"63";"63014";"2";"3";"1";"5";"MONT MOUCHET (AVENUE DU)";"45,74972000";"3,10573000"
"202400013504";"2";"07";"2024";"11:10";"1";"59";"59193";"1";"1";"1";"1";"D.952";"50,58162000";"3,01197000"
"202400013505";"1";"07";"2024";"17:20";"1";"59";"59220";"2";"1";"1";"3";"CARNOT RUE";"50,60661000";"3,06590000"
"202400013506";"6";"03";"2024";"13:29";"1";"59";"59350";"2";"9";"1";"6";"Rue Desaix";"50,62080329";"3,07721325"
"202400013507";"1";"07";"2024";"16:45";"1";"57";"57631";"2";"3";"1";"3";"MONTAGNE (RUE DE LA)";"49,10901000";"7,06354000"
"202400013508";"1";"07";"2024";"11:43";"1";"56";"56162";"2";"6";"1";"6";"Kerscouët";"47,70978000";" -3,43858000"
"202400013509";"2";"07";"2024";"12:20";"1";"54";"54395";"2";"3";"1";"3";"Quai Claude le Lorrain";"48,69224200";"6,17262600"
"202400013510";"1";"07";"2024";"09:45";"1";"54";"54274";"2";"1";"2";"2";"Rue Forges du Nord et de l’Est";"48,67309400";"6,20638800"
"202400013511";"1";"07";"2024";"14:45";"1";"54";"54575";"1";"1";"1";"1";"Route d’Hussigny";"49,47215000";"5,84044000"
"202400013512";"2";"07";"2024";"17:40";"1";"51";"51573";"2";"1";"8";"1";"COUTURIER (RUE PAUL VAILLANT)";"49,24775000";"4,00628000"
"202400013513";"2";"07";"2024";"06:00";"1";"51";"51058";"2";"7";"1";"3";"SALMON (RUE PIERRE)";"49,21708000";"3,99229000"
"202400013514";"2";"07";"2024";"17:18";"1";"50";"50165";"2";"1";"1";"2";"COUTANCES (ROUTE DE)";"48,84452000";" -1,58522000"
"202400013515";"1";"07";"2024";"08:00";"1";"50";"50129";"2";"1";"1";"3";"Quai Lawton COLLINS";"49,63938000";" -1,61908000"
"202400013516";"1";"07";"2024";"14:25";"1";"49";"49007";"2";"1";"1";"3";"PROUDHON";"47,46491000";" -0,60244000"
"202400013517";"1";"07";"2024";"08:00";"1";"49";"49007";"2";"1";"1";"3";"PORTET BOULEVARD";"47,45014000";" -0,55994000"
"202400013518";"28";"06";"2024";"15:00";"1";"49";"49267";"2";"1";"1";"3";"ANGERS ROUTE";"47,47063000";" -0,51804000"
"202400013519";"2";"07";"2024";"14:30";"1";"45";"45208";"2";"1";"1";"3";"66 Avenue de Lattre de Tassigny";"47,99771000";"2,72142000"
"202400013520";"15";"06";"2024";"10:55";"1";"40";"40088";"2";"1";"1";"6";"BOUVET (PLACE CAMILLE)";"43,70859000";" -1,05585000"
"202400013521";"2";"07";"2024";"21:20";"1";"37";"37208";"2";"1";"1";"6";"DE GAULLE (AV. DU GAL)";"47,35489476";"0,72224271"
"202400013522";"2";"07";"2024";"18:00";"1";"35";"35238";"2";"1";"1";"3";"SAINT-MALO (RUE DE)";"48,12875000";" -1,68782000"
"202400013523";"2";"07";"2024";"09:00";"1";"35";"35206";"1";"1";"2";"5";"N/A";"48,07938950";" -1,68848008"
"202400013524";"2";"07";"2024";"13:15";"1";"34";"34301";"1";"1";"1";"5";"AGDE (ROUTE DE)";"43,36371600";"3,60924000"
"202400013525";"2";"07";"2024";"13:10";"1";"34";"34301";"2";"9";"1";"3";"FOOTBALL (RUE DU)";"43,41379000";"3,67198000"
"202400013526";"22";"11";"2024";"18:15";"5";"13";"13214";"1";"1";"1";"5";"A7-Sens Marseille vers Lyon";"43,32477293";"5,37850846"
"202400013527";"19";"11";"2024";"19:15";"3";"13";"13106";"1";"1";"2";"2";"A7-Sens Lyon vers Marseille";"43,38642000";"5,35077000"
"202400013528";"1";"07";"2024";"22:35";"5";"34";"34108";"1";"6";"1";"3";"LA PEYRADE (ROND-POINT)";"43,41766000";"3,72471800"
"202400013529";"30";"06";"2024";"20:00";"2";"34";"34032";"2";"7";"1";"6";"GARIBALDI (PLACE)";"43,34501000";"3,21552000"
"202400013530";"22";"11";"2024";"17:35";"3";"83";"83062";"1";"1";"1";"4";"A570";"43,14229207";"6,03522960"
"202400013531";"2";"07";"2024";"14:10";"1";"33";"33318";"2";"1";"1";"1";"N/A";"44,80154000";" -0,61680000"
"202400013532";"23";"11";"2024";"18:31";"5";"33";"33039";"1";"1";"1";"4";"N/A";"44,79863500";" -0,53673900"
"202400013533";"1";"07";"2024";"17:10";"1";"33";"33550";"1";"2";"1";"3";"N/A";"44,74668300";" -0,56383200"
"202400013534";"23";"11";"2024";"12:45";"1";"91";"91064";"1";"1";"1";"4";"RN 118";"48,76529000";"2,22999000"
"202400013535";"23";"11";"2024";"11:05";"1";"94";"94034";"1";"1";"2";"2";"A86";"48,75814463";"2,32679159"
"202400013536";"2";"07";"2024";"18:00";"1";"26";"26362";"1";"3";"1";"3";"Route de Montelier";"44,93900266";"4,96459723"
"202400013537";"23";"11";"2024";"01:50";"3";"92";"92064";"1";"1";"1";"2";"A13";"48,83887386";"2,19360470"
"202400013538";"23";"11";"2024";"01:00";"3";"95";"95527";"1";"1";"1";"6";"A1";"49,01367000";"2,53019000"
"202400013539";"23";"11";"2024";"01:00";"3";"92";"92078";"1";"1";"1";"6";"AUTOROUTE A86";"48,92768258";"2,33292863"
"202400013540";"2";"07";"2024";"15:20";"1";"13";"13202";"2";"1";"1";"3";"CAMILLE PELLETAN (AVENUE)";"43,30329000";"5,37373000"
"202400013541";"22";"11";"2024";"20:55";"3";"94";"94028";"1";"1";"2";"2";"A86";"48,79088233";"2,44053125"
"202400013542";"1";"07";"2024";"16:00";"1";"13";"13103";"2";"6";"1";"3";"JACQUES MINET BOULEVARD";"43,62886000";"5,12053000"
"202400013543";"2";"07";"2024";"09:15";"1";"13";"13028";"2";"1";"1";"3";"CAPORAL CHEF ALAIN DERUY (AVENUE DU)";"43,19027000";"5,60400000"
"202400013544";"22";"11";"2024";"10:50";"1";"974";"97416";"1";"3";"1";"3";"BADAMIER(CHEMIN)";" -21,33036000";"55,45690000"
"202400013545";"2";"07";"2024";"16:00";"1";"13";"13005";"2";"3";"1";"3";"CD 2 (CAMP MAJOR)";"43,29440000";"5,55732000"
"202400013546";"22";"11";"2024";"11:30";"1";"974";"97411";"1";"1";"1";"2";"QUATRE VOIES GILLOT (ROUTE A)";" -20,89636000";"55,50457000"
"202400013547";"22";"11";"2024";"07:40";"1";"974";"97407";"2";"3";"2";"3";"BELLEAU REMI(RUELLE)";" -20,94112000";"55,29701000"
"202400013548";"2";"07";"2024";"12:15";"1";"13";"13001";"2";"1";"1";"2";"BROSSOLETTE PIERRE (AV)";"43,51749984";"5,44290478"
"202400013549";"21";"11";"2024";"19:23";"3";"973";"97302";"1";"1";"1";"6";"ROUTE NATIONALE 1";"4,90472057";" -52,31862080"
"202400013550";"24";"06";"2024";"15:15";"1";"12";"12202";"2";"6";"1";"3";"GIRATOIRE SAINT LOUIS ( AVENUE DE VABRES";"44,36511086";"2,57408515"
"202400013551";"21";"11";"2024";"17:21";"1";"973";"97302";"2";"6";"1";"3";"BADUEL (ROUTE DE)";"4,92699000";" -52,29000000"
"202400013552";"28";"06";"2024";"01:10";"3";"07";"07019";"1";"1";"1";"6";"RN 102";"44,59842000";"4,42013000"
"202400013553";"21";"11";"2024";"07:40";"1";"973";"97302";"1";"1";"1";"3";"ROUTE NATIONALE 1";"4,90553387";" -52,32324922"
"202400013554";"22";"11";"2024";"20:25";"5";"69";"69388";"2";"3";"1";"3";"Rue Jean Sarrazin";"45,73055000";"4,86449000"
"202400013555";"22";"11";"2024";"21:00";"5";"69";"69387";"2";"2";"1";"3";"Rue Sébastien Gryphe";"45,74800000";"4,83906000"
"202400013556";"22";"11";"2024";"19:24";"5";"69";"69387";"2";"3";"1";"3";"Rue de Marseille";"45,74567000";"4,83597000"
"202400013557";"22";"11";"2024";"18:50";"5";"69";"69388";"2";"1";"1";"6";"Rue Maryse Bastié";"45,73592698";"4,87397275"
"202400013558";"22";"11";"2024";"17:22";"2";"972";"97213";"1";"1";"1";"6";"BASSE GONDEAU (CHEMIN RURAL N°3 DE)";"14,63330000";" -61,02710000"
"202400013559";"22";"11";"2024";"06:50";"1";"972";"97213";"2";"1";"2";"3";"BASSE GONDEAU (CHEMIN RURAL N°4 DE)";"14,64242000";" -61,03138000"
"202400013560";"22";"11";"2024";"15:00";"1";"971";"97113";"1";"9";"1";"7";"SECTION GRANDE RAVINE";"16,21520000";" -61,47918000"
"202400013561";"22";"11";"2024";"16:55";"5";"95";"95563";"2";"9";"1";"6";"JEANNE D'ARC (RUE)";"49,02000000";"2,24030000"
"202400013562";"22";"11";"2024";"14:57";"1";"91";"91691";"2";"3";"1";"6";"RENE COTY(RUE)";"48,71845000";"2,48854000"
"202400013563";"22";"11";"2024";"18:45";"5";"91";"91228";"2";"2";"1";"6";"ORME A MARTIN (AVENUE DE L')";"48,63065000";"2,41281000"
"202400013564";"21";"11";"2024";"16:40";"1";"87";"87085";"2";"1";"6";"6";"GAUGUIN (RUE)";"45,85478000";"1,27238000"
"202400013565";"21";"11";"2024";"08:30";"5";"87";"87085";"2";"1";"1";"4";"N/A";"45,83762510";"1,23158991"
"202400013566";"22";"11";"2024";"19:20";"5";"84";"84031";"2";"3";"1";"6";"MISTRAL AVENUE FREDERIC";"44,04999000";"5,03854000"
"202400013567";"22";"11";"2024";"16:15";"5";"84";"84007";"2";"1";"1";"1";"CABRIERE (AVENUE DE LA)";"43,92911000";"4,81265000"
"202400013568";"21";"11";"2024";"19:30";"4";"83";"83123";"1";"1";"1";"2";"ROUTE DE BANDOL";"43,12417335";"5,79066983"
"202400013569";"22";"11";"2024";"19:55";"5";"79";"79191";"2";"3";"9";"1";"N/A";"46,31261000";" -0,44159000"
"202400013570";"22";"11";"2024";"09:40";"1";"74";"74010";"2";"1";"8";"2";"FIER (BOULEVARD DU))";"45,92204000";"6,12100000"
"202400013571";"22";"11";"2024";"14:45";"1";"72";"72181";"2";"1";"1";"6";"BARTHOLDI FRED AUGUSTE (AV) IMPAI";"48,01749000";"0,15284000"
"202400013572";"21";"11";"2024";"22:00";"5";"72";"72181";"1";"1";"1";"3";"PATTON GENERAL RTE BAUGE A CHEMIN RONDE";"48,02816217";"0,17520189"
"202400013573";"22";"11";"2024";"11:20";"1";"69";"69264";"2";"1";"1";"3";"384 Boulevard Louis Blanc";"45,98767000";"4,72134000"
"202400013574";"22";"11";"2024";"06:50";"5";"69";"69264";"2";"1";"8";"2";"Route de Frans";"45,98570000";"4,72268000"
"202400013575";"22";"11";"2024";"23:30";"5";"69";"69199";"2";"1";"1";"3";"Boulevard Yves Farge";"45,69005749";"4,86163994"
"202400013576";"22";"11";"2024";"01:45";"4";"69";"69290";"1";"1";"2";"6";"Rue Jules Verne";"45,70005000";"4,97023000"
"202400013577";"22";"11";"2024";"17:50";"5";"67";"67482";"2";"1";"8";"6";"THUMENAU (RUE DE LA)";"48,57196000";"7,75486000"
"202400013578";"22";"11";"2024";"19:10";"5";"67";"67180";"2";"3";"1";"5";"FOULON (RUE DU)";"48,80542400";"7,77945700"
"202400013579";"22";"11";"2024";"09:30";"1";"64";"64483";"2";"1";"3";"6";"SALLAGOITY GARRA (RUE)";"43,38846000";" -1,65873000"
"202400013580";"22";"11";"2024";"23:05";"5";"64";"64445";"2";"1";"1";"3";"FAGET DE BAURE";"43,29865337";" -0,37255079"
"202400013581";"22";"11";"2024";"20:00";"5";"64";"64445";"2";"9";"1";"6";"BAYARD";"43,29723000";" -0,37587000"
"202400013582";"22";"11";"2024";"08:55";"1";"64";"64445";"2";"1";"2";"7";"GENERAL POEYMIRAU DU";"43,29526000";" -0,35693000"
"202400013583";"21";"11";"2024";"14:05";"1";"64";"64445";"2";"3";"1";"6";"MARCELIN BERTHELOT";"43,30628000";" -0,36421000"
"202400013584";"22";"11";"2024";"13:50";"1";"64";"64122";"1";"1";"2";"3";"MARCEL DASSAULT (BD)";"43,45211000";" -1,55578000"
"202400013585";"22";"11";"2024";"20:10";"4";"64";"64102";"2";"1";"1";"4";"LOUIS DE FOIX (AVENUE)";"43,51170000";" -1,46850000"
"202400013586";"22";"11";"2024";"14:30";"1";"59";"59599";"2";"1";"1";"2";"DUNKERQUE (RUE DE)";"50,71751600";"3,14547700"
"202400013587";"22";"11";"2024";"15:00";"1";"56";"56098";"2";"2";"1";"3";"Rue Gérard Philipe";"47,76672000";" -3,35906000"
"202400013588";"22";"11";"2024";"07:20";"5";"54";"54395";"2";"2";"1";"6";"Rue Henri Bazin";"48,69647943";"6,19299531"
"202400013589";"21";"11";"2024";"10:40";"1";"54";"54395";"2";"3";"1";"3";"avenue Raymond Pinchard";"48,70320000";"6,15481900"
"202400013590";"20";"11";"2024";"18:00";"5";"54";"54395";"2";"3";"1";"3";"Avenue de Strasbourg";"48,68009250";"6,19540393"
"202400013591";"22";"11";"2024";"10:15";"1";"51";"51454";"2";"1";"4";"7";"GILBERT (RUE)";"49,26400000";"4,01847000"
"202400013592";"21";"11";"2024";"17:55";"3";"51";"51058";"2";"1";"1";"6";"LOUIS VICTOR DE BROGLIE";"49,21612000";"3,99754000"
"202400013593";"21";"11";"2024";"08:20";"5";"50";"50129";"2";"1";"8";"1";"SALINE (BOULEVARD DE LA)";"49,65187000";" -1,64694000"
"202400013594";"18";"11";"2024";"17:45";"5";"50";"50129";"2";"6";"3";"2";"EST (BOULEVARD DE L')";"49,63658000";" -1,59591000"
"202400013595";"21";"11";"2024";"15:55";"1";"49";"49099";"2";"3";"1";"6";"THIBAULT CARTE (RUE)";"47,06153000";" -0,87450000"
"202400013596";"22";"11";"2024";"10:22";"1";"49";"49353";"2";"1";"1";"6";"CAMUS";"47,45000000";" -0,50717000"
"202400013597";"21";"11";"2024";"22:00";"5";"49";"49007";"2";"1";"1";"6";"MONTAIGNE AVENUE";"47,46710000";" -0,52567000"
"202400013598";"21";"11";"2024";"08:06";"5";"49";"49246";"2";"6";"4";"6";"PYRAMIDE ROUTE";"47,44760341";" -0,50973840"
"202400013599";"21";"11";"2024";"08:20";"5";"49";"49007";"2";"2";"4";"3";"VAUBAN AVENUE";"47,46001000";" -0,55850000"
"202400013600";"20";"11";"2024";"16:20";"1";"49";"49007";"2";"1";"1";"2";"BARANGE BOULEVARD";"47,45684000";" -0,57209000"
"202400013601";"22";"11";"2024";"19:30";"5";"38";"38563";"2";"1";"2";"3";"SAND (RUE G.)";"45,36522000";"5,58467600"
"202400013602";"22";"11";"2024";"18:10";"5";"38";"38185";"2";"2";"1";"3";"BOULEVARD GAMBETTA";"45,18610000";"5,72470000"
"202400013603";"22";"11";"2024";"05:45";"5";"37";"37233";"2";"6";"9";"7";"DUCLOS (AVENUE JACQUES)";"47,38013000";"0,72666000"
"202400013604";"23";"11";"2024";"01:00";"3";"35";"35238";"1";"1";"1";"2";"ROCADE 13-14";"48,14202063";" -1,66279701"
"202400013605";"22";"11";"2024";"14:30";"1";"35";"35278";"1";"1";"1";"2";"GUE MARY (RUE DU)";"48,15608000";" -1,69990000"
"202400013606";"19";"04";"2024";"12:00";"1";"76";"76217";"2";"1";"1";"2";"CHANZY (GENERAL)";"49,91008000";"1,08536000"
"202400013607";"22";"11";"2024";"08:20";"2";"35";"35238";"2";"1";"1";"3";"SEVIGNE (BD DE)";"48,11646000";" -1,67329000"
"202400013608";"22";"11";"2024";"17:25";"5";"34";"34172";"2";"1";"1";"3";"NIMES (AVENUE DE)";"43,62068000";"3,89042000"
"202400013609";"19";"04";"2024";"17:35";"1";"71";"71270";"2";"2";"1";"2";"SANCE (RUE DE)";"46,32039779";"4,83200625"
"202400013610";"22";"11";"2024";"10:05";"1";"34";"34172";"2";"2";"1";"3";"SOULAS (AVENUE DU PERE";"43,62071000";"3,85786000"
"202400013611";"21";"04";"2024";"08:20";"1";"66";"66136";"1";"1";"1";"4";"Départementale  617";"42,71202000";"2,92432000"
"202400013612";"19";"04";"2024";"11:33";"1";"65";"65286";"2";"1";"1";"3";"Avenue Alexandre Marqui";"43,10582000";" -0,04106000"
"202400013613";"22";"11";"2024";"20:30";"3";"33";"33063";"2";"1";"8";"4";"N/A";"44,88788000";" -0,55488000"
"202400013614";"21";"04";"2024";"16:20";"1";"63";"63113";"2";"1";"1";"6";"MONTLOSIER (RUE)";"45,78132000";"3,09005000"
"202400013615";"22";"11";"2024";"20:55";"5";"33";"33063";"2";"2";"1";"3";"N/A";"44,82817685";" -0,56869000"
"202400013616";"20";"04";"2024";"17:45";"1";"60";"60463";"1";"1";"1";"6";"Chemin de la Cavee des Granges";"49,28261000";"2,45024000"
"202400013617";"22";"11";"2024";"18:15";"5";"33";"33063";"2";"3";"1";"3";"N/A";"44,81784000";" -0,57733000"
"202400013618";"21";"04";"2024";"13:30";"1";"59";"59512";"2";"2";"1";"1";"LUXEMBOURG (RUE DU)";"50,69104400";"3,15623900"
"202400013619";"22";"11";"2024";"01:45";"5";"33";"33063";"2";"2";"2";"2";"N/A";"44,82792000";" -0,59334000"
"202400013620";"20";"04";"2024";"11:35";"1";"59";"59350";"2";"2";"1";"3";"Avenue de Dunkerque (Lille)";"50,63793000";"3,02347000"
"202400013621";"18";"11";"2024";"00:01";"5";"33";"33063";"2";"6";"1";"6";"N/A";"44,89636900";" -0,55066500"
"202400013622";"21";"04";"2024";"02:00";"3";"59";"59122";"2";"1";"1";"6";"ARRAS (RUE D')";"50,17783000";"3,21561000"
"202400013623";"14";"11";"2024";"00:16";"3";"30";"30331";"1";"1";"1";"6";"N/A";"44,11445000";"4,58131000"
"202400013624";"21";"04";"2024";"13:50";"1";"56";"56260";"2";"1";"1";"6";"HERRIOT(AVENUE EDOUARD)";"47,65380000";" -2,73540000"
"202400013625";"22";"11";"2024";"12:35";"1";"29";"29019";"2";"6";"1";"2";"Pen ar Ch'leuz";"48,42257538";" -4,47700816"
"202400013626";"21";"04";"2024";"19:10";"2";"54";"54099";"1";"1";"1";"7";"D138";"49,25369800";"5,98891200"
"202400013627";"21";"11";"2024";"17:08";"2";"27";"27229";"2";"1";"9";"2";"SAINT ANDRE (ROUTE DE)";"49,01461000";"1,16304000"
"202400013628";"21";"04";"2024";"17:49";"1";"45";"45208";"2";"1";"1";"3";"12 Allée de la Résidence de la Roseraie";"47,99522000";"2,74227000"
"202400013629";"21";"04";"2024";"21:44";"5";"44";"44109";"2";"6";"1";"6";"Rue Gaston Michel";"47,20986000";" -1,56150000"
"202400013630";"21";"04";"2024";"04:50";"5";"43";"43157";"2";"2";"8";"3";"Boulevard de Cluny";"45,04830092";"3,89296972"
"202400013631";"22";"11";"2024";"22:45";"5";"26";"26362";"2";"3";"1";"3";"Rue des Alpes";"44,92713000";"4,89981000"
"202400013632";"21";"04";"2024";"20:35";"2";"37";"37122";"2";"3";"1";"6";"JAURES (BOULEVARD JEAN)";"47,34807000";"0,65835000"
"202400013633";"22";"04";"2024";"01:05";"5";"34";"34172";"2";"1";"1";"2";"CARDONILLE (RUE DE LA)";"43,63576000";"3,84645000"
"202400013634";"21";"04";"2024";"14:43";"1";"34";"34003";"2";"1";"1";"2";"ROCHELONGUE (G14 A O16";"43,29090000";"3,48090000"
"202400013635";"22";"11";"2024";"07:53";"5";"22";"22278";"2";"1";"2";"6";"CLEMENCEAU (BD)";"48,50836000";" -2,76026000"
"202400013636";"22";"04";"2024";"01:50";"5";"33";"33063";"2";"4";"1";"6";"N/A";"44,83349921";" -0,57422608"
"202400013637";"21";"04";"2024";"17:20";"1";"33";"33063";"2";"3";"1";"6";"RUE JULES GUESDE";"44,82952000";" -0,56454000"
"202400013638";"22";"11";"2024";"07:50";"1";"15";"15014";"1";"1";"1";"6";"RD 117";"44,92418049";"2,47152637"
"202400013639";"21";"04";"2024";"02:25";"5";"33";"33063";"2";"1";"1";"6";"Rue Capdeville";"44,84413326";" -0,58802654"
"202400013640";"19";"04";"2024";"13:45";"1";"33";"33318";"2";"9";"1";"3";"N/A";"44,78501000";" -0,66242000"
"202400013641";"21";"11";"2024";"07:35";"3";"14";"14366";"2";"1";"4";"3";"Route de Paris";"49,14669000";"0,25898000"
"202400013642";"21";"04";"2024";"17:12";"1";"31";"31555";"2";"1";"1";"3";"PAS LOUIS PERGAUD";"43,56495000";"1,39467000"
"202400013643";"22";"11";"2024";"19:20";"5";"13";"13054";"2";"1";"1";"1";"MARECHAL JUIN (AV DU )";"43,41997801";"5,22569179"
"202400013644";"19";"04";"2024";"17:50";"1";"22";"22113";"2";"1";"1";"7";"MORLAIX (ROUTE DE)";"48,72182000";" -3,48180000"
"202400013645";"21";"04";"2024";"22:00";"5";"17";"17415";"2";"1";"1";"7";"DUFAURE AVENUE JULES";"45,74762143";" -0,61252282"
"202400013646";"22";"11";"2024";"11:50";"1";"13";"13202";"2";"3";"1";"3";"CAMILLE PELLETAN (AVENUE)";"43,30326000";"5,37394000"
"202400013647";"21";"04";"2024";"05:05";"5";"17";"17300";"2";"1";"1";"7";"DOCTEUR DANIEL PLANET";"46,14754000";" -1,15064000"
"202400013648";"22";"11";"2024";"07:19";"2";"13";"13213";"2";"6";"1";"1";"ROTONDE (PLACE DE LA)";"43,32958000";"5,41986000"
"202400013649";"22";"11";"2024";"02:30";"5";"13";"13211";"2";"1";"8";"1";"POMME (BOULEVARD DE LA )";"43,29129000";"5,44340000"