"Num_Acc";"jour";"mois";"an";"hrmn";"lum";"dep";"com";"agg";"int";"atm";"col";"adr";"lat";"long"
"202400013650";"21";"04";"2024";"19:15";"1";"13";"13117";"2";"3";"1";"1";"MARSEILLE ( AVENUE DE )";"43,45026000";"5,25257000"
"202400013651";"22";"11";"2024";"01:30";"5";"13";"13206";"2";"1";"1";"2";"PRADO (AVENUE DU)";"43,26619000";"5,38229000"
"202400013652";"21";"04";"2024";"18:45";"1";"13";"13210";"2";"1";"1";"3";"ROMAIN ROLLAND (BOULEVARD)";"43,27001000";"5,40626000"
"202400013653";"22";"11";"2024";"07:10";"3";"11";"11262";"2";"2";"8";"7";"N/A";"43,19022000";"3,00615000"
"202400013654";"20";"04";"2024";"15:35";"1";"13";"13028";"1";"1";"1";"1";"CD 559";"43,18284030";"5,66886493"
"202400013655";"21";"11";"2024";"18:25";"5";"11";"11069";"2";"2";"2";"6";"Rue du Manège";"43,20811000";"2,35442800"
"202400013656";"21";"04";"2024";"12:00";"1";"13";"13005";"2";"6";"1";"3";"SALENGRO (AVENUE ROGER)";"43,30383561";"5,57223327"
"202400013657";"21";"11";"2024";"18:00";"5";"11";"11069";"2";"1";"2";"3";"72 Boulevard Paul Langevin";"43,22422400";"2,33601800"
"202400013658";"21";"04";"2024";"16:30";"1";"13";"13004";"2";"2";"1";"3";"RUE MIRABEAU";"43,67539000";"4,63968000"
"202400013659";"22";"11";"2024";"17:40";"5";"10";"10333";"2";"3";"4";"3";"Avenue d'Echenilly";"48,28036000";"4,04532000"
"202400013660";"21";"04";"2024";"23:30";"5";"06";"06088";"2";"1";"2";"6";"2 Avenue Saint-Jean-Baptiste";"43,70284000";"7,27886000"
"202400013661";"22";"11";"2024";"12:25";"1";"07";"07186";"2";"1";"1";"1";"BOURRET (RUE DU DOCTEUR)";"44,73130000";"4,59033000"
"202400013662";"21";"04";"2024";"21:30";"5";"06";"06104";"2";"1";"2";"1";"18 Avenue Francois de Monleon";"43,76049000";"7,48290000"
"202400013663";"22";"11";"2024";"09:25";"1";"06";"06159";"1";"9";"1";"3";"145 Avenue Bella Vista";"43,71047000";"7,31944000"
"202400013664";"21";"04";"2024";"16:20";"1";"06";"06104";"2";"4";"1";"3";"77 Avenue Gabriel Hanotaux";"43,76462500";"7,45642500"
"202400013665";"21";"11";"2024";"15:00";"1";"06";"06088";"2";"7";"1";"3";"16 Rue du Congrès";"43,69723000";"7,26290000"
"202400013666";"22";"11";"2024";"14:40";"1";"06";"06104";"2";"1";"1";"6";"17 Avenue de France";"43,75311000";"7,44017000"
"202400013667";"21";"04";"2024";"12:05";"1";"06";"06069";"2";"1";"1";"3";"57 Avenue Georges Pompidou";"43,64769700";"6,93720900"
"202400013668";"18";"11";"2024";"14:00";"1";"06";"06029";"2";"1";"1";"3";"95 Avenue Docteur Raymond Picaud";"43,55028000";"6,98777000"
"202400013669";"20";"11";"2024";"15:00";"1";"75";"75113";"2";"1";"1";"3";"BD PERIPHERIQUE INTERIEUR";"48,81611400";"2,36252300"
"202400013670";"20";"04";"2024";"23:30";"5";"75";"75112";"2";"1";"1";"4";"BD PERIPHERIQUE INTERIEUR";"48,84225400";"2,41363200"
"202400013671";"21";"04";"2024";"15:45";"1";"75";"75120";"2";"9";"1";"6";"BD PERIPHERIQUE EXTERIEUR";"48,84826300";"2,41494700"
"202400013672";"18";"11";"2024";"15:30";"1";"75";"75113";"2";"1";"2";"2";"BD PERIPHERIQUE INTERIEUR";"48,81919700";"2,37179300"
"202400013673";"21";"04";"2024";"03:57";"5";"75";"75120";"2";"2";"8";"6";"RUE DES ORTEAUX";"48,85616000";"2,40500500"
"202400013674";"22";"11";"2024";"20:36";"5";"75";"75120";"2";"3";"1";"3";"BOULEVARD DAVOUT";"48,84793900";"2,41133400"
"202400013675";"21";"04";"2024";"08:30";"2";"75";"75119";"2";"5";"1";"3";"RUE DE L INSPECTEUR ALLES";"48,88007600";"2,39836300"
"202400013676";"22";"11";"2024";"00:30";"5";"75";"75117";"2";"2";"8";"6";"RUE POUCHET";"48,89155800";"2,31847600"
"202400013677";"20";"04";"2024";"15:15";"1";"75";"75117";"2";"4";"1";"2";"BOULEVARD BESSIERES";"48,89499100";"2,31553600"
"202400013678";"21";"04";"2024";"17:25";"1";"75";"75113";"2";"5";"1";"1";"RUE DE TOLBIAC";"48,82584400";"2,35046600"
"202400013679";"22";"11";"2024";"10:15";"1";"75";"75116";"2";"3";"8";"5";"RUE DU DOCTEUR BLANCHE";"48,85299000";"2,26481900"
"202400013680";"21";"04";"2024";"17:50";"1";"75";"75113";"2";"1";"2";"3";"AVENUE D ITALIE";"48,82391400";"2,35795600"
"202400013681";"22";"11";"2024";"09:28";"1";"75";"75114";"2";"1";"1";"6";"AVENUE JEAN MOULIN";"48,82736300";"2,32570200"
"202400013682";"21";"04";"2024";"17:40";"1";"75";"75113";"2";"3";"1";"3";"BOULEVARD VINCENT AURIOL";"48,83400300";"2,36469500"
"202400013683";"22";"11";"2024";"20:00";"5";"75";"75113";"2";"1";"1";"6";"AVENUE DE LA PORTE D IVRY";"48,82002300";"2,37209100"
"202400013684";"21";"04";"2024";"05:50";"5";"75";"75111";"2";"2";"1";"1";"AVENUE PARMENTIER";"48,86811000";"2,37247300"
"202400013685";"22";"11";"2024";"22:10";"3";"75";"75111";"2";"2";"1";"3";"AVENUE DE LA REPUBLIQUE";"48,86635100";"2,36884800"
"202400013686";"21";"04";"2024";"18:50";"1";"75";"75116";"2";"5";"1";"6";"BOULEVARD EMILE AUGIER";"48,85830700";"2,27263600"
"202400013687";"22";"11";"2024";"12:15";"1";"75";"75108";"2";"4";"1";"6";"RUE DE CONSTANTINOPLE";"48,88013500";"2,31993600"
"202400013688";"21";"04";"2024";"06:40";"2";"94";"94078";"2";"3";"1";"3";"Rue de Paris / Rue de l'Orme Sainte Marie";"48,73907000";"2,44674000"
"202400013689";"22";"11";"2024";"18:23";"5";"75";"75107";"2";"1";"1";"3";"QUAI ANATOLE FRANCE";"48,86209400";"2,32081500"
"202400013690";"21";"04";"2024";"10:23";"1";"93";"93005";"2";"1";"1";"6";"Rue Jules Vallès";"48,93295000";"2,50430000"
"202400013691";"22";"11";"2024";"09:40";"1";"75";"75102";"2";"7";"8";"7";"PLACE DES VICTOIRES";"48,86592600";"2,34136400"
"202400013692";"21";"04";"2024";"18:48";"1";"93";"93048";"2";"2";"8";"3";"Place Jean Jaures / Avenue Walwein";"48,86234627";"2,44373520"
"202400013693";"21";"11";"2024";"17:15";"5";"75";"75101";"2";"1";"4";"6";"RUE DE L AMIRAL DE COLIGNY";"48,86063400";"2,34069400"
"202400013694";"21";"04";"2024";"15:10";"1";"93";"93047";"2";"1";"2";"2";"Boulevard Bargue";"48,90106300";"2,55814200"
"202400013695";"21";"11";"2024";"14:40";"1";"75";"75102";"2";"3";"4";"6";"RUE FEYDEAU";"48,86988800";"2,33903400"
"202400013696";"21";"04";"2024";"19:50";"1";"92";"92051";"2";"1";"1";"3";"GENERAL KOENIG (BOULEVARD DU)";"48,88005000";"2,25084000"
"202400013697";"21";"04";"2024";"12:45";"1";"92";"92026";"2";"9";"1";"3";"TROIS FRÈRES LEBOEUF (PLACE DES)";"48,89748517";"2,23841490"
"202400013698";"22";"11";"2024";"18:15";"5";"94";"94078";"2";"1";"1";"2";"Avenue Anatole France";"48,74669418";"2,45276635"
"202400013699";"21";"04";"2024";"17:25";"1";"92";"92036";"2";"1";"1";"7";"BAS ( RUE DES )";"48,91434000";"2,29699000"
"202400013700";"21";"04";"2024";"10:50";"1";"974";"97415";"1";"1";"1";"6";"Chemin du Tour des Roches";" -21,00260400";"55,30020900"
"202400013701";"22";"11";"2024";"02:30";"5";"94";"94068";"2";"1";"4";"6";"Avenue Raymond Poincaré";"48,80100157";"2,51866239"
"202400013702";"21";"11";"2024";"22:55";"5";"94";"94068";"2";"1";"4";"7";"Boulevard Rabelais";"48,80535729";"2,48316114"
"202400013703";"22";"11";"2024";"16:30";"1";"94";"94041";"2";"1";"1";"3";"Avenue Georges Gosnat";"48,81345736";"2,38877769"
"202400013704";"22";"11";"2024";"14:45";"1";"94";"94041";"2";"1";"2";"6";"Avenue de Verdun";"48,81295300";"2,37056000"
"202400013705";"18";"04";"2024";"21:35";"3";"86";"86272";"1";"1";"1";"6";"D14";"46,82728000";"0,47232500"
"202400013706";"22";"11";"2024";"08:35";"1";"94";"94037";"2";"1";"4";"3";"Avenue Paul Vaillant-couturier";"48,81688710";"2,33279758"
"202400013707";"22";"04";"2024";"18:10";"1";"68";"68177";"1";"2";"1";"3";"D430";"47,93554500";"7,17948000"
"202400013708";"22";"04";"2024";"08:25";"1";"95";"95487";"2";"9";"1";"1";"D78";"49,15508098";"2,26818411"
"202400013709";"22";"11";"2024";"13:15";"1";"94";"94028";"2";"6";"2";"3";"Rue Sully";"48,76701000";"2,47229000"
"202400013710";"20";"04";"2024";"14:45";"1";"11";"11148";"1";"3";"1";"3";"D6113";"43,18049000";"2,67933400"
"202400013711";"22";"11";"2024";"10:20";"1";"95";"95527";"1";"2";"4";"3";"NOYER AU CHAT (ROUTE DU)";"49,01146507";"2,54251814"
"202400013712";"21";"04";"2024";"18:10";"1";"11";"11203";"1";"1";"1";"6";"N/A";"43,23236900";"2,77220200"
"202400013713";"21";"11";"2024";"23:15";"5";"93";"93064";"2";"1";"4";"5";"PERI (BOULEVARD GABRIEL) 39 / 44 - FIN";"48,87736083";"2,48509884"
"202400013714";"21";"04";"2024";"19:30";"5";"971";"97109";"2";"1";"1";"1";"Rue Ferdinand Vignal";"15,98934300";" -61,67971400"
"202400013715";"21";"04";"2024";"16:10";"1";"84";"84127";"2";"1";"1";"6";"Chemin de la Grande Garrigue";"44,17970300";"4,85781300"
"202400013716";"22";"11";"2024";"09:13";"1";"93";"93047";"2";"1";"4";"6";"PERVENCHES (AVENUE DES)";"48,88708220";"2,55399501"
"202400013717";"21";"04";"2024";"20:45";"2";"12";"12270";"1";"1";"1";"3";"Autoroute A75";"44,29369900";"3,09719000"
"202400013718";"22";"11";"2024";"14:10";"1";"93";"93057";"2";"1";"1";"2";"HUGO (AV. VICTOR)";"48,90990416";"2,51396842"
"202400013719";"22";"04";"2024";"04:30";"3";"83";"83140";"1";"1";"1";"1";"Dn7";"43,40610800";"5,93781000"
"202400013720";"11";"09";"2024";"09:30";"1";"94";"94041";"2";"1";"1";"3";"Boulevard Paul Vaillant Couturier";"48,81935054";"2,39647070"
"202400013721";"22";"11";"2024";"02:00";"5";"93";"93008";"2";"1";"4";"3";"PARIS (RUE DE)";"48,89727990";"2,43511713"
"202400013722";"21";"04";"2024";"19:44";"2";"51";"51035";"2";"1";"1";"1";"Rue du Puits Saint Christophe";"48,80296300";"3,92015000"
"202400013723";"21";"11";"2024";"22:50";"5";"93";"93008";"2";"1";"4";"2";"PARIS (RUE DE)";"48,89956000";"2,44727000"
"202400013724";"22";"04";"2024";"00:40";"3";"32";"32334";"1";"1";"1";"7";"RN 124 PK 005+800 SENS TOULOUSE AUCH";"43,58174300";"1,13708500"
"202400013725";"10";"09";"2024";"17:23";"1";"94";"94028";"1";"1";"1";"5";"Rue du Général Leclerc";"48,78335000";"2,47242000"
"202400013726";"11";"09";"2024";"19:10";"1";"94";"94022";"2";"1";"1";"6";"Rue Jean Jaures";"48,76553000";"2,40903000"
"202400013727";"22";"11";"2024";"14:20";"1";"92";"92040";"2";"3";"1";"3";"PAIX (AVENUE DE LA)";"48,81661360";"2,27504924"
"202400013728";"21";"04";"2024";"16:12";"1";"71";"71294";"2";"4";"1";"3";"22 Rue du Clos l'Evêque (Bourgneuf-Val-d'Or)";"46,84048600";"4,73612700"
"202400013729";"22";"11";"2024";"11:30";"1";"92";"92051";"2";"9";"1";"6";"CHARLES DE GAULLE (AVENUE, N° 18 A 116)";"48,87988809";"2,27668628"
"202400013730";"22";"04";"2024";"18:20";"1";"11";"11262";"1";"1";"1";"6";"N/A";"43,14530100";"2,90559900"
"202400013731";"11";"09";"2024";"01:40";"5";"94";"94060";"2";"3";"8";"3";"Rue du Général de Gaulle";"48,77931061";"2,58274426"
"202400013732";"11";"09";"2024";"22:10";"3";"93";"93064";"2";"1";"1";"6";"BERTHAUDS (RUE DES) 24 - 25 / FIN";"48,87503000";"2,48708000"
"202400013733";"22";"11";"2024";"09:30";"1";"92";"92051";"2";"1";"2";"6";"ARGENSON (BOULEVARD, N° 17 AU 43)";"48,88659372";"2,26767629"
"202400013734";"21";"04";"2024";"23:10";"4";"61";"61257";"2";"1";"1";"2";"D976";"48,50408000";" -0,38639900"
"202400013735";"20";"11";"2024";"18:46";"5";"92";"92051";"2";"1";"8";"6";"GENERAL KOENIG (BOULEVARD DU)";"48,88484000";"2,25503000"
"202400013736";"21";"04";"2024";"12:45";"1";"49";"49369";"1";"1";"9";"6";"D207";"47,41501900";"0,07834800"
"202400013737";"11";"09";"2024";"19:10";"1";"93";"93048";"2";"1";"1";"3";"RESISTANCE (AVENUE DE LA)";"48,86052693";"2,43718922"
"202400013738";"21";"04";"2024";"00:15";"3";"34";"34277";"1";"1";"1";"6";"D25";"43,85170500";"3,54063400"
"202400013739";"18";"11";"2024";"19:20";"5";"92";"92051";"2";"1";"2";"6";"CHARLES DE GAULLE (AVENUE, N°27 A 129)";"48,87854565";"2,27911368"
"202400013740";"11";"09";"2024";"12:44";"1";"93";"93027";"2";"1";"1";"3";"VAILLANT-COUTURIER (AVENUE PAUL)";"48,92231127";"2,41221428"
"202400013741";"22";"11";"2024";"13:13";"1";"92";"92050";"2";"1";"9";"6";"NATIONAL BOULEVARD";"48,89043386";"2,18005747"
"202400013742";"22";"04";"2024";"07:25";"1";"29";"29251";"1";"2";"1";"3";"Ker Ar Rhun";"48,68453744";" -3,77781190"
"202400013743";"11";"09";"2024";"08:40";"1";"93";"93007";"2";"2";"1";"6";"""PAUL VAILLANT COUTURIER (AVENUE """"DU 13";"48,92446000";"2,46353000"
"202400013744";"22";"04";"2024";"13:15";"1";"29";"29197";"2";"3";"1";"3";"Rue du Général de Gaulle";"48,01521528";" -4,49296205"
"202400013745";"11";"09";"2024";"10:30";"1";"92";"92064";"2";"1";"1";"6";"REPUBLIQUE";"48,84442389";"2,20918380"
"202400013746";"22";"11";"2024";"09:55";"1";"92";"92050";"2";"3";"2";"3";"METZ RUE DE";"48,91001240";"2,22801916"
"202400013747";"11";"09";"2024";"12:20";"1";"92";"92012";"2";"1";"1";"6";"ABONDANCES (RUE DES)";"48,84170000";"2,22913000"
"202400013748";"22";"04";"2024";"18:50";"1";"70";"70386";"1";"1";"1";"1";"nationale 19";"47,70232200";"5,94264300"
"202400013749";"18";"11";"2024";"17:26";"5";"92";"92050";"2";"1";"2";"1";"CLEMENCEAU GEORGES AVENUE N° PAIR";"48,88616926";"2,21285731"
"202400013750";"11";"09";"2024";"13:20";"1";"92";"92012";"2";"1";"1";"7";"JEAN JAURES (BOULEVARD) 63/215 - 70/208";"48,82553000";"2,24807000"
"202400013751";"20";"04";"2024";"19:01";"2";"54";"54102";"1";"1";"1";"1";"D908";"48,71351783";"5,85794449"
"202400013752";"22";"11";"2024";"11:30";"1";"92";"92044";"2";"2";"1";"6";"J. GUESDES(RUE)103A139ET122A148";"48,89893950";"2,28771374"
"202400013753";"11";"09";"2024";"12:45";"1";"92";"92004";"2";"1";"1";"3";"DOCTEUR DERVAUX  ( QUAI DU )";"48,91105000";"2,29853000"
"202400013754";"22";"04";"2024";"08:00";"2";"06";"06042";"2";"1";"8";"6";"4431 Route de la Tinée";"43,99835400";"7,13733100"
"202400013755";"22";"04";"2024";"10:50";"1";"05";"05098";"2";"1";"1";"6";"Chemin de Pralalegre";"44,49077700";"6,55072700"
"202400013756";"22";"11";"2024";"15:15";"1";"92";"92025";"2";"1";"1";"2";"GABRIEL PERI (RUE)";"48,91845772";"2,23956864"
"202400013757";"11";"09";"2024";"09:50";"1";"71";"71235";"2";"3";"1";"3";"Chemin de Franclieu";"46,32360930";"4,79571495"
"202400013758";"22";"04";"2024";"07:10";"2";"64";"64137";"1";"6";"1";"3";"Route de Lagos";"43,19834000";" -0,24303000"
"202400013759";"22";"11";"2024";"08:00";"1";"92";"92024";"2";"1";"1";"6";"EUROPE (ALLEES DE)";"48,91054892";"2,30759844"
"202400013760";"11";"09";"2024";"18:20";"1";"24";"24019";"1";"1";"2";"1";"Route des Rebières";"45,16327900";"1,08585300"
"202400013761";"22";"11";"2024";"02:10";"5";"92";"92024";"2";"1";"4";"7";"GENNEVILLIERS (PONT DE)";"48,91275000";"2,31118000"
"202400013762";"20";"04";"2024";"16:15";"1";"16";"16073";"2";"3";"1";"3";"N/A";"45,26972600";"0,03447700"
"202400013763";"21";"04";"2024";"06:00";"3";"53";"53148";"1";"1";"1";"7";"D230";"47,79865764";" -0,88345604"
"202400013764";"22";"11";"2024";"11:20";"1";"92";"92002";"2";"5";"1";"6";"ARMAND GUILLEBAUD (AVENUE)";"48,74598059";"2,31419072"
"202400013765";"21";"04";"2024";"17:55";"1";"40";"40271";"1";"1";"1";"3";"Route de Bayonne";"43,56370200";" -1,20379700"
"202400013766";"6";"09";"2024";"09:20";"1";"84";"84088";"1";"9";"1";"4";"ZA Prato 2 (Zone industrielle)";"44,02622300";"5,05222500"
"202400013767";"22";"11";"2024";"10:00";"1";"92";"92002";"2";"1";"4";"2";"ADOLPHE PAJEAUD (RUE)";"48,74014903";"2,27950126"
"202400013768";"22";"04";"2024";"11:15";"1";"24";"24434";"1";"1";"1";"6";"RD2 - PK 17+700";"45,34861700";"0,48927200"
"202400013769";"11";"09";"2024";"17:40";"1";"972";"97210";"1";"1";"1";"2";"NATIONALE 6";"14,60121300";" -60,93453200"
"202400013770";"22";"04";"2024";"18:54";"1";"28";"28401";"1";"1";"1";"1";"L?Hetre Frelon";"48,45463800";"0,97715000"
"202400013771";"12";"09";"2024";"16:00";"1";"83";"83004";"1";"1";"1";"7";"Dn7";"43,46036400";"6,52540700"
"202400013772";"22";"11";"2024";"05:50";"3";"09";"09167";"1";"1";"3";"2";"D919";"43,30677900";"1,32989300"
"202400013773";"20";"04";"2024";"11:30";"1";"30";"30004";"1";"2";"1";"3";"N/A";"43,71242000";"4,19827000"
"202400013774";"10";"09";"2024";"06:50";"2";"51";"51326";"1";"1";"1";"2";"PK 12+200 D 21";"49,11309456";"4,35779839"
"202400013775";"22";"11";"2024";"23:40";"3";"41";"41104";"2";"1";"9";"6";"306 Route de Chambord";"47,59370900";"1,46017800"
"202400013776";"7";"09";"2024";"14:35";"1";"68";"68203";"1";"1";"1";"7";"D47";"47,90684200";"7,29772200"
"202400013777";"21";"04";"2024";"11:55";"1";"30";"30322";"1";"1";"1";"6";"departementale 39";"44,07041500";"3,83272700"
"202400013778";"22";"11";"2024";"20:20";"5";"06";"06161";"1";"1";"1";"6";"D6007 PR 30 + 655";"43,64620000";"7,13635000"
"202400013779";"12";"09";"2024";"17:35";"1";"44";"44113";"1";"1";"1";"6";"N/A";"47,57869000";" -1,62947400"
"202400013780";"20";"04";"2024";"21:47";"3";"30";"30061";"1";"1";"6";"5";"N106";"43,92563200";"4,25441300"
"202400013781";"12";"09";"2024";"00:20";"3";"83";"83116";"1";"1";"1";"1";"Dn7";"43,45633000";"5,84623900"
"202400013782";"19";"11";"2024";"08:00";"1";"83";"83031";"1";"1";"1";"4";"A57";"43,39292900";"6,35486900"
"202400013783";"11";"09";"2024";"17:25";"1";"83";"83116";"1";"1";"1";"1";"1461 Route de Rougiers";"43,42376000";"5,85259100"
"202400013784";"22";"04";"2024";"12:15";"1";"973";"97307";"1";"6";"3";"3";"La Matourienne (Pont)";"4,83452200";" -52,32523900"
"202400013785";"22";"11";"2024";"23:45";"3";"71";"71195";"1";"1";"1";"2";"Autoroute A6 PK 363.000 sens LYON-PARIS";"46,51375200";"4,91180100"
"202400013786";"11";"09";"2024";"23:20";"3";"62";"62297";"1";"1";"1";"1";"D300";"50,83494219";"2,20041490"
"202400013787";"21";"04";"2024";"03:30";"3";"73";"73252";"1";"1";"1";"2";"A 43  -PK 144.400";"45,44639410";"6,28517479"
"202400013788";"12";"09";"2024";"07:05";"2";"95";"95352";"1";"1";"1";"1";"D316";"49,10348730";"2,42381735"
"202400013789";"22";"04";"2024";"06:55";"2";"01";"01237";"2";"2";"1";"1";"Grande rue intersection rue du commerce";"46,20870200";"5,61011400"
"202400013790";"23";"11";"2024";"12:55";"1";"01";"01446";"2";"2";"7";"3";"D70";"46,02290400";"4,89842200"
"202400013791";"11";"09";"2024";"16:40";"1";"51";"51140";"1";"6";"1";"3";"Route départementale 980";"49,18362500";"3,85150500"
"202400013792";"21";"04";"2024";"22:00";"3";"33";"33130";"1";"1";"1";"6";"N/A";"44,49901500";" -0,19878400"
"202400013793";"23";"11";"2024";"07:15";"3";"29";"29142";"1";"1";"2";"7";"RN165";"48,16883246";" -4,04750897"
"202400013794";"22";"04";"2024";"07:20";"1";"62";"62817";"2";"1";"1";"2";"D939";"50,27861230";"2,82000320"
"202400013795";"11";"09";"2024";"18:45";"1";"59";"59037";"2";"1";"1";"6";"route nationale";"50,18930900";"3,38259100"
"202400013796";"26";"03";"2024";"15:40";"1";"971";"97128";"2";"1";"1";"3";"Chateaubrun";"16,24901400";" -61,33945400"
"202400013797";"22";"11";"2024";"21:50";"5";"62";"62580";"2";"1";"8";"6";"D77";"50,40208200";"2,43997934"
"202400013798";"10";"08";"2024";"14:00";"1";"56";"56061";"2";"3";"1";"3";"1 Avenue des Erables";"47,76117000";" -2,13655700"
"202400013799";"19";"02";"2024";"11:15";"1";"66";"66115";"1";"1";"1";"6";"Avenue de la Mer";"42,54026900";"2,87840000"
"202400013800";"23";"11";"2024";"11:50";"1";"83";"83073";"2";"1";"1";"1";"Route des Mayons";"43,38176800";"6,31299700"
"202400013801";"21";"04";"2024";"20:00";"2";"11";"11379";"1";"1";"1";"1";"route départementale 6009";"43,05427600";"2,94631000"