"Num_Acc";"jour";"mois";"an";"hrmn";"lum";"dep";"com";"agg";"int";"atm";"col";"adr";"lat";"long"
"202400013995";"7";"08";"2024";"11:10";"1";101;101004";"2";"9";"1";"3";"#CAMPI LOUIS BD#";"41,94484000";"8,75761000"
"202400013996";"2";"02";"2024";"13:45";"1";"94";"94081";"2";"3";"1";"3";"Avenue du Moulin de Saquet / Rue Puccini";"48,79154500";"2,38275300"
"202400013997";"20";"04";"2024";"10:40";"1";"56";"56083";"2";"2";"1";"3";"Avenue Salvador Allende";"47,81063000";" -3,25234000"
"202400013998";"22";"05";"2024";"22:20";"5";"14";"14366";"2";"6";"1";"2";"2 Avenue du 6 Juin";"49,14425000";"0,22107000"
"202400013999";"10";"09";"2024";"15:30";"1";"95";"95585";"2";"1";"8";"6";"D125";"48,98398735";"2,38777608"
"202400014000";"1";"02";"2024";"09:30";"1";"94";"94068";"2";"3";"2";"2";"Boulevard Maurice Berteaux / Rue Henri Barbusse";"48,81165646";"2,46886633"
"202400014001";"29";"12";"2024";"16:45";"1";"52";"52384";"1";"1";"5";"2";"A31";"47,80275453";"5,22479758"
"202400014002";"10";"09";"2024";"08:30";"1";"95";"95585";"2";"1";"1";"6";"D125";"48,98414200";"2,38730900"
"202400014003";"19";"04";"2024";"17:45";"1";"54";"54263";"2";"3";"1";"1";"rue Jean Moulin";"49,22452000";"6,00055000"
"202400014004";"21";"09";"2024";"07:00";"1";"974";"97412";"2";"1";"1";"1";"N1002";" -21,37352200";"55,60446200"
"202400014005";"29";"12";"2024";"13:30";"1";"67";"67117";"1";"1";"8";"7";"D1004";"48,76740400";"7,31458800"
"202400014006";"2";"02";"2024";"21:10";"5";"94";"94058";"2";"1";"1";"3";"Avenue de Bry";"48,83537498";"2,49644550"
"202400014007";"10";"09";"2024";"10:20";"1";"95";"95277";"2";"1";"1";"3";"MARECHAL FOCH (AVENUE DU)";"49,00031000";"2,41955000"
"202400014008";"20";"04";"2024";"17:27";"1";"51";"51525";"2";"2";"1";"3";"SOGNY (RTE DE)";"48,91920200";"4,39882800"
"202400014009";"2";"02";"2024";"17:00";"1";"94";"94052";"2";"3";"1";"3";"Boulevard de Strasbourg / Rue du Général Faidherbe";"48,83705277";"2,47655853"
"202400014010";"10";"09";"2024";"08:07";"1";"95";"95219";"2";"9";"1";"6";"D502";"48,99745564";"2,25407910"
"202400014011";"29";"12";"2024";"15:30";"1";"19";"19072";"1";"1";"1";"5";"Autoroute A20,PK265+780 SENS 1";"45,21678990";"1,51364705"
"202400014012";"20";"04";"2024";"06:25";"3";"49";"49246";"1";"1";"1";"2";"A87";"47,43486000";" -0,50861000"
"202400014013";"2";"02";"2024";"16:05";"1";"94";"94015";"2";"1";"1";"6";"Avenue Georges Clémenceau";"48,84457900";"2,53315300"
"202400014014";"28";"12";"2024";"16:30";"1";"971";"97132";"1";"1";"1";"1";"Sapotille";"15,98901300";" -61,63545700"
"202400014015";"16";"04";"2024";"17:52";"1";"45";"45004";"2";"1";"8";"7";"53 Rue Francis Prieur";"47,97293700";"2,74916000"
"202400014016";"10";"09";"2024";"17:50";"1";"91";"91552";"1";"1";"1";"4";"RTE NATIONALE 20";"48,60327600";"2,24812800"
"202400014017";"28";"12";"2024";"16:08";"2";"67";"67105";"2";"1";"7";"6";"Rue de Weyer";"48,86334600";"7,18417900"
"202400014018";"1";"02";"2024";"14:50";"1";"94";"94028";"2";"1";"2";"2";"Rue Maurice Demenitroux";"48,78879900";"2,45484800"
"202400014019";"19";"04";"2024";"17:00";"1";"43";"43041";"2";"9";"1";"3";"Route de Coubon";"45,04839432";"3,91584843"
"202400014020";"29";"12";"2024";"00:30";"3";"80";"80341";"1";"1";"1";"7";"D141";"49,91309100";"2,10291600"
"202400014021";"10";"09";"2024";"11:40";"1";"91";"91549";"2";"3";"1";"6";"LIBERTE (AVENUE DE LA)";"48,63977000";"2,34892000"
"202400014022";"2";"02";"2024";"05:10";"5";"94";"94022";"2";"1";"1";"6";"Avenue Jean Jaurès";"48,76517800";"2,40796600"
"202400014023";"28";"12";"2024";"17:40";"3";"11";"11290";"1";"1";"1";"6";"D625";"43,16385000";"1,82226500"
"202400014024";"19";"04";"2024";"17:10";"1";"37";"37261";"2";"1";"1";"3";"ENTRAIGUES (RUE D')";"47,38666000";"0,68007000"
"202400014025";"29";"12";"2024";"06:20";"3";"42";"42177";"1";"1";"5";"6";"Rue de Roanne";"46,12321800";"4,10780800"
"202400014026";"10";"09";"2024";"13:30";"1";"83";"83137";"2";"1";"1";"1";"15EME CORPS (AVE DU)";"43,12858000";"5,91307000"
"202400014027";"31";"01";"2024";"21:40";"5";"94";"94019";"2";"3";"1";"3";"Route du Plessis / Avenue d'Autun";"48,79940303";"2,54538980"
"202400014028";"9";"09";"2024";"14:40";"1";"83";"83069";"2";"1";"1";"6";"FERRARI (RUE SOLDAT)";"43,11894000";"6,13372000"
"202400014029";"20";"04";"2024";"18:15";"1";"34";"34108";"2";"1";"7";"2";"FRANCE ANATOLE (RUE)";"43,44854000";"3,75277000"
"202400014030";"28";"12";"2024";"14:45";"1";"86";"86244";"2";"1";"1";"1";"16 Rue du Four";"46,35980100";"0,05320400"
"202400014031";"2";"02";"2024";"13:50";"1";"93";"93078";"2";"6";"1";"3";"Avenue Vauban / Avenue Georges Clémenceau";"48,96483000";"2,55297000"
"202400014032";"9";"09";"2024";"08:40";"1";"80";"80021";"2";"1";"1";"6";"Rue de Cottenchy";"49,88434000";"2,31221000"
"202400014033";"20";"12";"2024";"10:30";"1";"34";"34317";"2";"1";"1";"6";"29 Route de Saint Maurice";"43,79078300";"3,45943300"
"202400014034";"8";"09";"2024";"19:50";"1";"80";"80021";"2";"1";"1";"7";"Rue Lescouvé";"49,88855000";"2,26752000"
"202400014035";"20";"04";"2024";"04:45";"5";"34";"34172";"2";"1";"1";"6";"MAS SAINT PIERRE (RUE DU)";"43,58193000";"3,88022000"
"202400014036";"28";"12";"2024";"16:55";"3";"44";"44021";"1";"1";"2";"6";"La Glemerie";"47,06316500";" -1,91606300"
"202400014037";"2";"02";"2024";"12:15";"1";"93";"93073";"1";"2";"1";"3";"Rue du Sonnet / Rue des Terres Noires";"49,00259000";"2,53331000"
"202400014038";"27";"12";"2024";"08:38";"1";"13";"13083";"1";"1";"1";"1";"N1007";"43,91532900";"4,78584500"
"202400014039";"8";"09";"2024";"17:30";"1";"80";"80021";"2";"3";"1";"3";"Rue Saint-Honoré";"49,88620743";"2,28673071"
"202400014040";"2";"02";"2024";"08:40";"1";"93";"93077";"2";"6";"1";"6";"Avenue de la République / Rue Pasteur";"48,88669100";"2,51232000"
"202400014041";"20";"04";"2024";"19:05";"1";"33";"33522";"2";"6";"1";"1";"N/A";"44,81250000";" -0,59079000"
"202400014042";"28";"12";"2024";"17:45";"3";"02";"02359";"1";"1";"5";"6";"N/A";"49,80973900";"3,28679500"
"202400014043";"2";"02";"2024";"21:25";"5";"93";"93006";"2";"3";"2";"6";"Avenue Pasteur / Avenue de la Dhuys";"48,87620700";"2,42233700"
"202400014044";"9";"09";"2024";"19:20";"1";"78";"78168";"2";"2";"1";"3";"Route nationale 10";"48,74679000";"1,92113000"
"202400014045";"20";"04";"2024";"01:30";"3";"33";"33529";"1";"1";"1";"1";"N/A";"44,62675000";" -1,15815000"
"202400014046";"29";"12";"2024";"02:00";"3";"01";"01163";"1";"1";"5";"6";"Route de Jayat";"46,36693100";"5,16034800"
"202400014047";"2";"02";"2024";"09:10";"1";"93";"93010";"2";"3";"1";"6";"Rue Jean Jaurés / Rue des Droits de l'Homme";"48,90051371";"2,47653466"
"202400014048";"20";"04";"2024";"15:30";"1";"31";"31555";"2";"1";"1";"6";"BD DE STRASBOURG";"43,60617600";"1,44605600"
"202400014049";"28";"12";"2024";"14:50";"1";"16";"16281";"2";"1";"1";"6";"9 Rue des Tanneurs";"45,74073400";"0,38302100"
"202400014050";"28";"12";"2024";"21:35";"3";"85";"85018";"1";"1";"8";"7";"les sartières";"46,91257000";" -2,09200000"
"202400014051";"2";"02";"2024";"16:20";"1";"93";"93008";"2";"1";"1";"1";"ROLLAND (RUE ROMAIN)";"48,91410000";"2,42592000"
"202400014052";"10";"09";"2024";"08:50";"1";"77";"77058";"2";"9";"1";"3";"LA HAYE (BOULEVARD DE)";"48,83399000";"2,72287000"
"202400014053";"20";"04";"2024";"01:35";"3";"31";"31555";"2";"1";"1";"5";"VA008482 A624";"43,60600000";"1,39300000"
"202400014054";"29";"12";"2024";"10:20";"1";"30";"30062";"1";"1";"1";"6";"N/A";"43,77653300";"4,18306900"
"202400014055";"19";"04";"2024";"17:45";"1";"31";"31555";"2";"1";"1";"6";"RUE EDMOND ROSTAND";"43,64435800";"1,45300000"
"202400014056";"29";"12";"2024";"08:50";"2";"24";"24293";"1";"1";"8";"3";"D710";"44,79768400";"1,00471800"
"202400014057";"2";"02";"2024";"08:20";"1";"93";"93008";"2";"2";"8";"4";"Rue de la Déviation / Avenue Jean Jaurès";"48,90390869";"2,43970782"
"202400014058";"20";"04";"2024";"20:01";"1";"27";"27229";"2";"1";"1";"3";"MENDES FRANCE (RUE PIERRE)";"49,03142000";"1,15208000"
"202400014059";"27";"12";"2024";"15:00";"1";"35";"35352";"1";"6";"1";"6";"Rond-point de la Croix Rouge";"48,04923900";" -1,60856900"
"202400014060";"10";"09";"2024";"15:20";"1";"76";"76540";"2";"2";"2";"2";"Route de Lyons la Foret";"49,43650185";"1,13434083"
"202400014061";"28";"12";"2024";"17:40";"5";"06";"06084";"1";"2";"1";"1";"Route de Valbonne";"43,64094094";"6,98453665"
"202400014062";"2";"02";"2024";"18:40";"5";"92";"92073";"2";"1";"1";"3";"DUCLAUX (RUE EMILE)";"48,87942186";"2,23514771"
"202400014063";"20";"04";"2024";"23:05";"5";"13";"13209";"2";"6";"1";"1";"AVIATEUR LE BRIX (RUE)";"43,26260000";"5,40472000"
"202400014064";"10";"09";"2024";"17:10";"1";"74";"74012";"2";"1";"1";"3";"THONON (ROUTE DE)";"46,19556000";"6,26143000"
"202400014065";"2";"02";"2024";"01:24";"5";"92";"92051";"2";"1";"1";"2";"CHARLES DE GAULLE (AVENUE, N° 18 A 116)";"48,87900933";"2,27950859"
"202400014066";"20";"04";"2024";"02:50";"5";"13";"13063";"2";"6";"1";"1";"HUIT MAI 1945 AVENUE DU";"43,59816000";"5,00582000"
"202400014067";"2";"02";"2024";"13:30";"1";"92";"92044";"2";"1";"1";"6";"VILLIERS(RUE DE)  2A52";"48,88830909";"2,28166357"
"202400014068";"10";"09";"2024";"08:30";"1";"74";"74305";"2";"1";"1";"3";"MONTREAL (RUE DE)";"46,20385000";"6,27856000"
"202400014069";"28";"12";"2024";"21:33";"3";"72";"72022";"1";"1";"1";"5";"Pk 215+000 - Autoroute A11";"47,77451766";" -0,21424301"
"202400014070";"20";"04";"2024";"03:55";"3";"11";"11069";"2";"1";"1";"6";"N/A";"43,23210000";"2,35269000"
"202400014071";"2";"02";"2024";"19:45";"1";"92";"92026";"2";"1";"1";"6";"CHARRAS";"48,89507000";"2,24978000"
"202400014072";"29";"12";"2024";"12:00";"1";"66";"66172";"2";"1";"1";"1";"Avenue Gilbert Brutus";"42,70955947";"2,85039693"
"202400014073";"10";"09";"2024";"07:45";"1";"73";"73087";"2";"6";"1";"3";"D14 LABIAZ (ROUTE DE)";"45,57196500";"5,89046000"
"202400014074";"2";"02";"2024";"16:33";"1";"92";"92014";"2";"1";"1";"3";"MONTROUGE (AVENUE DE) ";"48,78639570";"2,31169179"
"202400014075";"19";"04";"2024";"18:55";"1";"11";"11069";"2";"1";"1";"1";"2 Allée des Pins";"43,21444000";"2,29035000"
"202400014076";"29";"12";"2024";"10:30";"1";"83";"83001";"1";"1";"1";"6";"A8, PK 147.200 SUD";"43,54150200";"6,83656500"
"202400014077";"9";"09";"2024";"09:30";"1";"72";"72181";"2";"1";"1";"6";"MAILLETS (RUE DES) IMP 37 A 159";"48,01549000";"0,21298000"
"202400014078";"1";"02";"2024";"20:30";"5";"92";"92004";"2";"6";"8";"6";"VOLTAIRE ( BD )";"48,91254069";"2,29603636"
"202400014079";"20";"04";"2024";"02:40";"5";"06";"06088";"2";"1";"1";"6";"223 Promenade des Anglais";"43,68418000";"7,23501000"
"202400014080";"9";"09";"2024";"11:10";"1";"67";"67482";"2";"1";"8";"6";"BOECKLIN (RUE)";"48,60279000";"7,78286000"
"202400014081";"28";"12";"2024";"20:09";"5";"38";"38475";"2";"2";"5";"2";"RD75, Le  Chaffard";"45,66814500";"5,14306300"
"202400014082";"2";"02";"2024";"18:15";"3";"76";"76543";"1";"2";"8";"3";"D149";"49,61096900";"0,49764900"
"202400014083";"19";"04";"2024";"16:20";"1";"06";"06069";"1";"1";"1";"3";"63 Avenue Jean Maubert (ancienne route du Plan)";"43,64994000";"6,94967000"
"202400014084";"10";"09";"2024";"18:35";"1";"65";"65100";"1";"2";"1";"1";"Avenue Saint Exupery";"43,26313388";"0,02712449"
"202400014085";"3";"02";"2024";"11:10";"1";"73";"73073";"2";"2";"8";"3";"D921 route du canal";"45,81032300";"5,79505200"
"202400014086";"20";"04";"2024";"14:56";"1";"03";"03098";"2";"1";"1";"2";"Avenue du 4 Septembre";"46,35843000";"2,61718000"
"202400014087";"28";"12";"2024";"19:37";"5";"60";"60142";"2";"3";"1";"6";"644 Rue de Paris";"49,12553900";"2,53350200"
"202400014088";"10";"09";"2024";"21:15";"5";"64";"64483";"1";"1";"1";"2";"RD810";"43,41311000";" -1,61577000"
"202400014089";"3";"02";"2024";"14:30";"1";"43";"43096";"2";"4";"1";"3";"Avenue Henri Veysseyre";"45,28842900";"3,41855000"
"202400014090";"29";"12";"2024";"12:45";"1";"971";"97125";"2";"1";"1";"6";"Route de l?Anse a l?Eau";"16,30492600";" -61,27253800"
"202400014091";"9";"09";"2024";"09:05";"1";"64";"64102";"2";"9";"2";"7";"PONT MAYOU";"43,49232099";" -1,47408307"
"202400014092";"2";"04";"2024";"07:52";"1";"01";"01053";"2";"3";"1";"3";"ALSACE LORRAINE (AVENUE )";"46,20410000";"5,22420000"
"202400014093";"29";"12";"2024";"12:10";"1";"45";"45227";"1";"3";"1";"1";"D953 PR 0 + 823";"47,71769100";"2,57952900"
"202400014094";"20";"04";"2024";"01:20";"1";"75";"75119";"2";"1";"1";"2";"BD PERIPHERIQUE INTERIEUR";"48,88204400";"2,40147700"
"202400014095";"10";"09";"2024";"18:57";"1";"63";"63113";"2";"1";"1";"1";"VIVIANI (RUE)";"45,80732000";"3,11931000"
"202400014096";"2";"02";"2024";"13:55";"1";"62";"62393";"1";"1";"1";"1";"D229";"50,92049278";"2,00112306"
"202400014097";"28";"12";"2024";"19:10";"3";"77";"77099";"1";"1";"5";"6";"D7";"48,13762600";"2,69838800"
"202400014098";"19";"04";"2024";"20:58";"4";"75";"75120";"2";"1";"1";"3";"BD PERIPHERIQUE EXTERIEUR";"48,85901200";"2,41433000"
"202400014099";"3";"02";"2024";"07:15";"2";"11";"11111";"1";"1";"1";"7";"N/A";"43,20937500";"2,81861500"
"202400014100";"8";"09";"2024";"08:00";"1";"59";"59032";"2";"1";"1";"2";"LIBERATION (AVENUE DE LA)";"50,33589000";"3,52384000"
"202400014101";"28";"12";"2024";"15:10";"1";"77";"77470";"1";"1";"5";"6";"D1004";"48,73682200";"2,76353900"
"202400014102";"20";"04";"2024";"18:50";"1";"75";"75118";"2";"1";"1";"6";"RUE SIMART";"48,89003700";"2,34900600"
"202400014103";"10";"09";"2024";"07:50";"1";"59";"59599";"2";"1";"1";"3";"Rue Robert Schuman";"50,74392500";"3,17840300"
"202400014104";"2";"02";"2024";"18:35";"2";"67";"67437";"2";"3";"1";"3";"31 Rue Saint Nicolas";"48,73453000";"7,37141300"
"202400014105";"28";"12";"2024";"20:50";"5";101;101247";"2";"6";"1";"3";"#Avenue de Bastia#";"41,60285334";"9,27668810"
"202400014106";"10";"09";"2024";"09:05";"1";"59";"59009";"2";"1";"1";"6";"8 MAI 1945 RUE DU PETITS N° JUSQUE 60";"50,62500000";"3,15290000"
"202400014107";"28";"12";"2024";"22:36";"5";"66";"66008";"2";"1";"1";"6";"21 Rue Arthur Rimbaud";"42,54621600";"3,02897600"
"202400014108";"20";"04";"2024";"22:10";"5";"75";"75111";"2";"2";"1";"3";"BOULEVARD VOLTAIRE";"48,86516800";"2,36766500"
"202400014109";"20";"01";"2024";"06:55";"1";"971";"97132";"1";"1";"1";"5";"Axe RN1";"15,99557300";" -61,63819300"
"202400014110";"20";"04";"2024";"06:00";"2";"75";"75111";"2";"1";"1";"6";"AVENUE PHILIPPE AUGUSTE";"48,85641200";"2,39096800"
"202400014111";"31";"08";"2024";"15:15";"1";"59";"59350";"2";"9";"1";"3";"Place Augustin Laurent";"50,63146000";"3,07157000"
"202400014112";"28";"12";"2024";"18:50";"3";"66";"66164";"1";"1";"1";"4";"Départementale 900";"42,77569200";"2,90237000"
"202400014113";"2";"02";"2024";"14:55";"1";"59";"59278";"1";"6";"1";"3";"M207";"50,61138000";"2,95195900"
"202400014114";"19";"04";"2024";"16:25";"2";"75";"75108";"2";"2";"1";"3";"BOULEVARD MALESHERBES";"48,87349500";"2,32099400"
"202400014115";"28";"12";"2024";"23:50";"3";"66";"66108";"1";"1";"1";"6";"D612";"42,71456700";"2,68153300"
"202400014116";"20";"04";"2024";"21:50";"5";"94";"94041";"2";"8";"1";"6";"Avenue de Verdun";"48,81460000";"2,36916000"
"202400014117";"9";"09";"2024";"16:05";"1";"54";"54528";"1";"4";"1";"4";"RD960";"48,64006000";"5,86461000"
"202400014118";"28";"12";"2024";"21:35";"5";"66";"66208";"1";"1";"1";"6";"N/A";"42,63768287";"2,93711543"
"202400014119";"2";"02";"2024";"20:52";"3";"60";"60358";"1";"3";"1";"3";"D25";"49,20425900";"2,93294200"
"202400014120";"19";"04";"2024";"15:20";"1";"94";"94021";"2";"3";"1";"3";"Av du Pdt Franklin Roosevelt / Allée du Président Kennedy";"48,77169000";"2,35973000"
"202400014121";"9";"09";"2024";"14:00";"1";"54";"54395";"2";"1";"1";"2";"Rue Marcel Brot";"48,68307936";"6,20295167"
"202400014122";"3";"02";"2024";"14:10";"1";"95";"95149";"1";"1";"2";"3";"D316";"49,12893713";"2,43133628"
"202400014123";"19";"04";"2024";"18:30";"1";"93";"93031";"2";"1";"1";"6";"N/A";"48,95837402";"2,28994846"
"202400014124";"28";"12";"2024";"13:49";"1";"65";"65427";"2";"1";"1";"7";"D924";"42,96828400";"0,61082800"
"202400014125";"2";"02";"2024";"18:00";"1";"65";"65185";"1";"1";"1";"1";"Route des Pyrénées";"43,27197900";" -0,11492700"
"202400014126";"19";"04";"2024";"18:53";"1";"93";"93031";"2";"1";"1";"6";"Rue de Brest";"48,95832500";"2,28971700"
"202400014127";"28";"12";"2024";"00:50";"3";"17";"17232";"1";"1";"1";"7";"D127";"45,65320200";" -0,80524200"
"202400014128";"10";"09";"2024";"10:45";"1";"51";"51454";"2";"1";"1";"6";"JUIN (AVENUE DU MARECHAL)";"49,22580000";"4,01676000"
"202400014129";"3";"02";"2024";"08:45";"1";"11";"11262";"1";"1";"1";"1";"N/A";"43,21296400";"3,03196900"
"202400014130";"13";"12";"2024";"13:33";"1";"13";"13213";"1";"1";"1";"3";"A507 sens Aubagne- Marseille";"43,33001000";"5,40668000"
"202400014131";"9";"09";"2024";"13:00";"1";"50";"50129";"2";"1";"1";"6";"DOLET (RUE ETIENNE)";"49,62648000";" -1,64595000"
"202400014132";"20";"04";"2024";"00:30";"3";"93";"93048";"2";"2";"2";"3";"Avenue Pasteur / A3";"48,87044900";"2,43174400"
"202400014133";"3";"02";"2024";"03:30";"3";"63";"63003";"2";"1";"5";"7";"Avenue du Docteur Eugène Chassaing";"45,54044564";"3,74859095"
"202400014134";"28";"12";"2024";"13:00";"1";"83";"83137";"1";"9";"1";"2";"A57";"43,12242456";"5,95658040"
"202400014135";"2";"02";"2024";"21:35";"5";"49";"49367";"2";"1";"1";"7";"25 Rue Pasteur";"47,60090300";" -0,83280900"
"202400014136";"8";"09";"2024";"13:30";"1";"49";"49015";"2";"1";"1";"7";"RTE NATIONALE";"47,51461000";" -0,60085000"
"202400014137";"20";"04";"2024";"01:00";"5";"93";"93010";"2";"3";"2";"2";"Chemin des Carouges / Rue Marcel Dassault";"48,88911000";"2,47791000"
"202400014138";"28";"12";"2024";"19:05";"1";"33";"33550";"1";"1";"1";"3";"N/A";"44,78713100";" -0,54122500"
"202400014139";"10";"09";"2024";"20:30";"2";"44";"44190";"2";"9";"8";"3";"241 Route de Clisson";"47,18873000";" -1,50284000"
"202400014140";"2";"02";"2024";"20:45";"3";"86";"86147";"1";"4";"1";"4";"D742";"46,41558300";"0,23131400"
"202400014141";"20";"04";"2024";"11:15";"1";"92";"92046";"2";"1";"1";"2";"BROSSOLETTE AVENUE PIERRE";"48,81308616";"2,30184513"
"202400014142";"28";"12";"2024";"17:13";"3";"91";"91174";"1";"1";"1";"7";"RN 104";"48,62245300";"2,46452300"
"202400014143";"20";"04";"2024";"15:26";"1";"92";"92035";"2";"1";"1";"3";"National ( boulevard )";"48,90573028";"2,23900080"
"202400014144";"10";"09";"2024";"09:00";"1";"43";"43157";"2";"1";"1";"3";"Boulevard du President Bertrand";"45,03717000";"3,88780000"
"202400014145";"28";"12";"2024";"14:00";"1";"94";"94038";"1";"1";"1";"3";"A6B";"48,77727970";"2,34594496"
"202400014146";"30";"01";"2024";"22:55";"3";"39";"39462";"1";"1";"1";"1";"N/A";"47,12629700";"5,55624200"
"202400014147";"27";"12";"2024";"23:39";"3";"77";"77251";"1";"1";"5";"7";"AUTOROUTE A5A";"48,62094138";"2,54771357"
"202400014148";"7";"09";"2024";"14:44";"1";"40";"40088";"2";"9";"1";"6";"SAINT-VINCENT DE PAUL (AVENUE)";"43,71910884";" -1,05276436"
"202400014149";"3";"02";"2024";"03:25";"3";"01";"01113";"1";"2";"5";"7";"D26";"46,16468100";"5,07708400"
"202400014150";"28";"12";"2024";"17:10";"3";"93";"93066";"1";"1";"1";"3";"AUTOROUTE A1";"48,92985457";"2,36307976"
"202400014151";"10";"09";"2024";"19:20";"1";"38";"38179";"2";"1";"1";"3";"RUE DE LA LIBÉRATION";"45,18538000";"5,80198000"
"202400014152";"2";"02";"2024";"16:46";"1";"72";"72115";"1";"3";"1";"3";"D338";"47,68252900";"0,44384700"
"202400014153";"28";"12";"2024";"04:45";"3";"77";"77249";"1";"1";"5";"6";"RN104";"48,75479227";"2,61509983"
"202400014154";"3";"02";"2024";"06:00";"3";"50";"50389";"1";"1";"2";"6";"la guillardiere";"49,01875020";" -1,36403300"
"202400014155";"10";"09";"2024";"16:03";"1";"38";"38185";"2";"1";"1";"6";"RUE GEORGE SAND";"45,17277000";"5,72625000"
"202400014156";"26";"12";"2024";"21:30";"3";"77";"77514";"1";"1";"1";"6";"RN104";"48,94034169";"2,62839637"
"202400014157";"6";"09";"2024";"17:00";"1";"38";"38169";"2";"9";"1";"2";"RUE JEAN PAIN";"45,19766000";"5,69461000"
"202400014158";"27";"12";"2024";"14:00";"1";"974";"97411";"2";"3";"1";"3";"CAMELIAS (RUE DES)";" -20,89743000";"55,46525000"
"202400014159";"3";"02";"2024";"09:15";"1";"73";"73128";"2";"1";"1";"1";"Route des Gorges du Sierroz";"45,72435700";"5,92152400"
"202400014160";"27";"12";"2024";"14:35";"1";"972";"97213";"1";"9";"1";"7";"ROUTE NATIONALE 1";"14,62350000";" -60,98907000"
"202400014161";"10";"09";"2024";"12:30";"1";"37";"37261";"2";"2";"1";"3";"STRAUSS (RUE JOHANN)";"47,36834000";"0,71037000"
"202400014162";"2";"02";"2024";"13:25";"1";"43";"43257";"1";"2";"1";"3";"Saint Remy";"45,04147400";"3,75478700"
"202400014163";"26";"12";"2024";"16:40";"1";"972";"97209";"1";"1";"1";"3";"AUTOROUTE (A1)";"14,61831000";" -61,03654000"
"202400014164";"9";"09";"2024";"14:55";"1";"37";"37261";"2";"3";"1";"3";"PREUILLY (BOULEVARD)";"47,39357000";"0,67338000"
"202400014165";"2";"02";"2024";"21:15";"3";"85";"85090";"1";"2";"1";"3";"RD 43";"46,82512090";" -0,80573800"
"202400014166";"27";"12";"2024";"03:26";"5";100;100033";"2";"9";"1";"2";"11 - RT";"42,66635000";"9,44270000"
"202400014167";"9";"09";"2024";"12:25";"1";"37";"37261";"2";"3";"1";"4";"POMPIDOU (AVENUE GEORGES)";"47,38344000";"0,71109000"
"202400014168";"2";"02";"2024";"18:17";"5";"27";"27284";"2";"2";"2";"6";"Rue du Preslay";"49,27767100";"1,77343900"
"202400014169";"27";"12";"2024";"01:00";"5";"971";"97113";"1";"9";"1";"3";"RN4-ROND POINT SAINT FELIX";"16,20768623";" -61,46112442"
"202400014170";"3";"02";"2024";"01:50";"3";"17";"17473";"1";"1";"1";"7";"départementale 133 PK 4";"46,00077800";" -0,30143700"
"202400014171";"10";"09";"2024";"08:50";"1";"33";"33065";"2";"3";"1";"1";"N/A";"44,82210000";" -0,49500000"
"202400014172";"27";"12";"2024";"08:20";"2";"95";"95680";"2";"1";"1";"6";"JEAN BULLANT (RUE)";"49,00365630";"2,39635706"
"202400014173";"3";"02";"2024";"18:50";"5";"30";"30029";"2";"3";"1";"7";"Impasse du Pradet";"44,30572700";"4,34384300"
"202400014174";"10";"09";"2024";"07:45";"1";"33";"33063";"2";"1";"1";"3";"N/A";"44,87051000";" -0,56485000"
"202400014175";"27";"12";"2024";"08:20";"1";"95";"95426";"2";"1";"1";"4";"D909";"49,02534755";"2,29855466"
"202400014176";"3";"02";"2024";"03:20";"3";"30";"30152";"1";"1";"1";"7";"2150 Route de Saint Ambroix";"44,24280100";"4,17733700"
"202400014177";"26";"12";"2024";"17:37";"3";"95";"95424";"2";"9";"1";"6";"ParcCONFLANS (RUE DE)";"48,99021087";"2,20088124"
"202400014178";"9";"09";"2024";"08:41";"1";"33";"33167";"2";"6";"2";"3";"N/A";"44,84334000";" -0,50392000"
"202400014179";"2";"02";"2024";"22:50";"3";"08";"08024";"1";"1";"2";"6";"RD137";"49,48636000";"4,10631200"
"202400014180";"26";"12";"2024";"23:55";"5";"95";"95210";"2";"1";"1";"2";"GENERAL DE GAULLE (RUE DU)";"48,96928379";"2,30529428"
"202400014181";"2";"02";"2024";"12:45";"1";"978";"97801";"2";"1";"1";"6";"RN7 - grand case";"18,09952300";" -63,06029000"
"202400014182";"10";"09";"2024";"17:10";"1";"29";"29232";"2";"1";"1";"6";"Avenue Pierre Mendes-France";"47,97521000";" -4,12816900"
"202400014183";"27";"12";"2024";"23:50";"5";"95";"95306";"2";"1";"5";"6";"GROS CHÊNE (AVENUE DU)";"49,02349195";"2,12413609"
"202400014184";"2";"02";"2024";"10:10";"1";"987";"98715";"1";"1";"1";"6";"Route de St Hilaire";" -17,56934500";" -149,59962800"
"202400014185";"10";"09";"2024";"08:20";"1";"29";"29232";"2";"1";"1";"3";"Pont de Poulguinan";"47,98145316";" -4,12027375"
"202400014186";"27";"12";"2024";"14:10";"1";"91";"91228";"2";"6";"1";"6";"D 446";"48,61375000";"2,42548000"
"202400014187";"2";"02";"2024";"10:30";"1";"09";"09160";"2";"1";"1";"7";"Av du Onze Novembre 1918";"42,93393250";"1,84930533"
"202400014188";"10";"09";"2024";"08:20";"1";"28";"28209";"2";"1";"1";"2";"PAIX (AVENUE DE LA )";"48,46526000";"1,48044000"
"202400014189";"28";"12";"2024";"00:55";"3";"90";"90039";"1";"1";"9";"7";"R.D.16";"47,64451000";"6,80629000"
"202400014190";"10";"09";"2024";"16:20";"1";"27";"27701";"1";"1";"1";"1";"RD6015";"49,23492100";"1,20387200"
"202400014191";"2";"02";"2024";"15:05";"1";"85";"85035";"1";"1";"1";"1";"RD 38";"46,63857800";" -1,87419850"
"202400014192";"26";"12";"2024";"22:06";"5";"87";"87085";"2";"2";"1";"3";"BORIE (BOULEVARD DE LA)";"45,83451000";"1,22591000"
"202400014193";"3";"02";"2024";"14:25";"1";"85";"85178";"1";"1";"1";"6";"sainte-anne";"46,77920900";" -1,48375500"
"202400014194";"10";"09";"2024";"17:30";"1";"25";"25056";"2";"1";"8";"6";"LUMIERE  RUE FRERES";"47,25139000";"6,01668000"
"202400014195";"26";"12";"2024";"17:50";"5";"85";"85194";"2";"9";"1";"6";"RD949";"46,51350000";" -1,78019000"
"202400014196";"10";"09";"2024";"15:45";"1";"25";"25056";"2";"1";"1";"6";"OBSERVATOIRE AVENUE DE L'";"47,24720000";"5,99328000"
"202400014197";"14";"12";"2024";"08:50";"1";"83";"83123";"2";"1";"1";"6";"BUGE (CHEMIN DE LA)N° PAIRS";"43,12066000";"5,80778000"
"202400014198";"15";"01";"2024";"13:50";"1";"72";"72244";"1";"1";"1";"1";"D134";"47,79033500";" -0,30502300"
"202400014199";"10";"09";"2024";"10:05";"1";"22";"22215";"2";"1";"1";"6";"COUBERTIN (RUE PIERRE DE)";"48,50024000";" -2,76376000"
"202400014200";"27";"12";"2024";"12:00";"1";"78";"78208";"2";"2";"1";"6";"DOUANIER ROUSSEAU (SQUARE DU)";"48,77026800";"1,97037000"
"202400014201";"3";"02";"2024";"09:45";"1";"14";"14530";"1";"1";"8";"4";"D513";"49,21469600";" -0,27781200"
"202400014202";"9";"09";"2024";"15:31";"1";"19";"19031";"2";"6";"1";"7";"DIX HUIT JUIN 1940 (AVENUE DU)";"45,15801000";"1,49411000"
"202400014203";"27";"12";"2024";"19:40";"5";"72";"72181";"2";"1";"1";"2";"POITEVIN ALPHONSE (RUE)";"48,00192000";"0,20977000"
"202400014204";"3";"02";"2024";"14:15";"1";"27";"27275";"2";"1";"1";"7";"D6015";"49,15762200";"1,34690900"
"202400014205";"25";"12";"2024";"17:45";"5";"71";"71270";"2";"1";"1";"6";"LYON (ROUTE DE)";"46,29034000";"4,81321000"
"202400014206";"10";"09";"2024";"09:10";"1";"17";"17415";"2";"3";"1";"5";"BOISNARDERIE RUE DE LA";"45,74198000";" -0,66246000"
"202400014207";"2";"02";"2024";"12:30";"1";"13";"13001";"1";"1";"1";"2";"A51-Sens Marseille vers Aix en Provence";"43,51023127";"5,41669198"
"202400014208";"26";"12";"2024";"07:30";"5";"69";"69091";"2";"9";"1";"3";"Rue Edouard Idoux";"45,59333000";"4,76410000"
"202400014209";"9";"09";"2024";"07:30";"1";"15";"15014";"2";"2";"2";"3";"RN 122";"44,91330700";"2,43311900"
"202400014210";"28";"01";"2024";"20:42";"3";"13";"13005";"1";"9";"1";"1";"A502-Sens Aubagne vers Toulon par R.N.";"43,28373262";"5,58423456"
"202400014211";"10";"09";"2024";"19:20";"1";"13";"13103";"2";"3";"1";"3";"AVENUE DE LATTRE DE TASSIGNY-RD 17-";"43,64756000";"5,09277000"
"202400014212";"27";"12";"2024";"21:45";"3";"67";"67218";"1";"3";"5";"5";"ALFRED KASTLER (ROUTE)";"48,53819500";"7,74551400"
"202400014213";"31";"01";"2024";"12:31";"1";"13";"13071";"1";"1";"1";"2";"A55-Sens Martigues vers Marseille";"43,39602793";"5,29855233"
"202400014214";"2";"02";"2024";"15:30";"1";"13";"13023";"1";"1";"1";"7";"A50";"43,20984681";"5,62428124"
"202400014215";"26";"12";"2024";"11:15";"1";"67";"67482";"2";"8";"1";"3";"FOUDAY (RUE DE)";"48,57479000";"7,73014000"
"202400014216";"10";"09";"2024";"08:45";"1";"13";"13063";"2";"3";"1";"3";"MAZEL  BOULEVARD";"43,58413000";"5,00328000"
"202400014217";"29";"01";"2024";"08:00";"1";"69";"69286";"1";"1";"1";"3";"Autoroute 46";"45,84441400";"4,91350348"
"202400014218";"27";"12";"2024";"17:10";"1";"66";"66136";"2";"3";"1";"3";"RUBENS (PAUL)";"42,69602000";"2,91460000"
"202400014219";"10";"09";"2024";"09:20";"1";"13";"13047";"1";"1";"1";"3";"CD16 (LE DELA)";"43,54607000";"5,01021000"
"202400014220";"27";"12";"2024";"21:53";"5";"64";"64129";"2";"1";"5";"7";"JEAN MERMOZ";"43,31259159";" -0,37751891"
"202400014221";"1";"02";"2024";"12:10";"1";"33";"33039";"1";"1";"1";"2";"Pont François Mitterrand";"44,80633100";" -0,52955700"
"202400014222";"10";"09";"2024";"15:30";"1";"07";"07186";"2";"1";"1";"5";"TEMPLE (COURS DU)";"44,73419000";"4,59403000"
"202400014223";"1";"02";"2024";"07:46";"3";"33";"33550";"1";"1";"1";"3";"N/A";"44,77798100";" -0,55731000"
"202400014224";"26";"12";"2024";"08:55";"1";"64";"64445";"1";"6";"1";"3";"BACHAGA BOUALAN";"43,31642000";" -0,37474000"
"202400014225";"10";"09";"2024";"18:35";"1";"07";"07281";"1";"9";"1";"7";"Avenue du Puy en Velay";"44,92801000";"4,79918000"
"202400014226";"27";"12";"2024";"15:51";"1";"64";"64122";"2";"9";"1";"3";"MACHELON (RUE DE)";"43,47574000";" -1,53503000"
"202400014227";"31";"01";"2024";"20:40";"4";"33";"33550";"1";"1";"1";"6";"ROCADE A 630";"44,78399200";" -0,58978700"
"202400014228";"26";"12";"2024";"19:35";"5";"62";"62186";"2";"1";"1";"2";"D166";"50,45507000";"2,72111000"
"202400014229";"10";"09";"2024";"14:09";"1";"06";"06088";"2";"4";"1";"3";"1 Avenue de Brancolar";"43,71602960";"7,26322650"
"202400014230";"27";"01";"2024";"09:10";"1";"59";"59554";"1";"1";"1";"7";"AUTOROUTE A23";"50,45043154";"3,33978643"
"202400014231";"27";"12";"2024";"09:30";"1";"59";"59152";"2";"9";"5";"6";"Rue du Château";"50,76559000";"3,00811000"
"202400014232";"1";"02";"2024";"14:25";"1";"92";"92063";"1";"1";"1";"6";"A86";"48,88961195";"2,16890822"
"202400014233";"24";"08";"2024";"13:05";"1";"02";"02722";"2";"1";"1";"6";"1 Rue François Mauriac";"49,37356000";"3,31044000"
"202400014234";"27";"12";"2024";"11:30";"1";"59";"59378";"2";"2";"1";"3";"Boulevard Clémenceau";"50,66222000";"3,09635000"
"202400014235";"2";"02";"2024";"18:05";"5";"93";"93008";"1";"1";"1";"2";"AUTOROUTE A86";"48,90892746";"2,44905923"
"202400014236";"10";"09";"2024";"15:45";"1";"75";"75112";"2";"1";"1";"2";"BOULEVARD PERIPHERIQUE INTERIEUR NORD  ";"48,84315800";"2,41370700"
"202400014237";"26";"12";"2024";"18:20";"5";"59";"59271";"2";"2";"1";"3";"MOULIN";"51,02231000";"2,30433000"
"202400014238";"2";"02";"2024";"06:50";"3";"93";"93005";"1";"1";"1";"3";"AUTOROUTE A104";"48,97213570";"2,49461190"
"202400014239";"10";"09";"2024";"10:45";"1";"75";"75118";"2";"1";"1";"5";"BOULEVARD PERIPHERIQUE EXTERIEUR NORD  ";"48,90107600";"2,34527300"
"202400014240";"26";"12";"2024";"22:20";"5";"58";"58194";"2";"3";"1";"3";"CHEMIN DE FER";"46,98652000";"3,15154000"
"202400014241";"2";"02";"2024";"05:20";"5";"95";"95018";"1";"1";"1";"3";"A15";"48,95858710";"2,27405291"
"202400014242";"27";"12";"2024";"06:40";"5";"56";"56260";"2";"1";"1";"6";"Rue Eugène Delacroix";"47,67414000";" -2,76566000"
"202400014243";"10";"09";"2024";"15:35";"1";"75";"75106";"2";"1";"8";"5";"RUE DE VAUGIRARD";"48,84665300";"2,32547900"
"202400014244";"29";"01";"2024";"13:10";"1";"974";"97411";"2";"1";"1";"1";"GRIMAUD (EMILE)";" -20,88898000";"55,48325000"
"202400014245";"10";"12";"2024";"12:00";"1";"55";"55505";"2";"1";"1";"7";"LIBERATION ( DE LA )";"49,17165126";"5,35388114"
"202400014246";"1";"02";"2024";"08:20";"1";"973";"97302";"2";"1";"1";"3";"UNIVERSITE CHICAGO (RUE DE)";"4,93829436";" -52,30099171"
"202400014247";"20";"11";"2024";"12:00";"1";"55";"55545";"2";"1";"1";"7";"FRERES BOULHAUT ( DES )";"49,16321000";"5,38628000"
"202400014248";"10";"09";"2024";"16:35";"1";"75";"75118";"2";"2";"1";"3";"BOULEVARD BARBES";"48,89050400";"2,34960800"
"202400014249";"31";"01";"2024";"13:25";"1";"973";"97302";"1";"1";"1";"2";"ROUTE NATIONALE 1";"4,90200000";" -52,32489000"
"202400014250";"24";"12";"2024";"17:50";"3";"54";"54431";"2";"2";"1";"6";"Rue de Verdun";"48,89836526";"6,04474828"
"202400014251";"10";"09";"2024";"07:25";"1";"75";"75117";"2";"2";"1";"6";"AVENUE MAC MAHON";"48,87524100";"2,29479700"
"202400014252";"4";"08";"2024";"22:10";"3";"78";"78168";"2";"1";"1";"6";"LEVIS ST NOM (ROUTE DE)";"48,74664000";"1,92820000"
"202400014253";"1";"02";"2024";"19:45";"5";"69";"69388";"2";"3";"1";"3";"Rue Marius Berliet";"45,74064599";"4,86283259"
"202400014254";"10";"09";"2024";"09:20";"1";"75";"75116";"2";"1";"1";"7";"BOULEVARD PERIPHERIQUE EXTERIEUR OUEST";"48,84142700";"2,25414800"
"202400014255";"26";"12";"2024";"20:10";"5";"54";"54304";"2";"1";"1";"1";"Avenue de la Résistance";"48,69452000";"6,12925000"
"202400014256";"1";"02";"2024";"18:25";"1";"69";"69387";"2";"1";"1";"6";"61 Rue Félix Brun";"45,73587000";"4,83148000"
"202400014257";"10";"09";"2024";"13:50";"1";"75";"75116";"2";"3";"1";"6";"AVENUE MOZART";"48,85396700";"2,26898200"
"202400014258";"4";"08";"2024";"22:50";"5";"77";"77373";"2";"1";"1";"6";"CHE D 21";"48,77988000";"2,61348000"
"202400014259";"10";"09";"2024";"09:30";"1";"75";"75114";"2";"1";"1";"7";"AVENUE DAVID WEILL";"48,82059100";"2,33398500"
"202400014260";"1";"02";"2024";"10:50";"1";"69";"69386";"2";"2";"1";"3";"Boulevard des Brotteaux";"45,76899157";"4,85701546"
"202400014261";"27";"12";"2024";"00:20";"3";"54";"54451";"1";"1";"1";"4";"RN52";"49,50823000";"5,75220000"
"202400014262";"4";"08";"2024";"14:30";"1";"76";"76410";"2";"3";"1";"3";"Route de Dieppe";"49,47654000";"1,04780000"
"202400014263";"31";"01";"2024";"07:50";"1";"972";"97213";"2";"9";"1";"6";"NELSON MANDELA";"14,61253000";" -60,99877000"
"202400014264";"9";"09";"2024";"12:45";"1";"75";"75114";"2";"2";"1";"3";"RUE DIDOT";"48,83244400";"2,32054700"
"202400014265";"27";"12";"2024";"21:10";"5";"51";"51454";"2";"3";"1";"1";"JAURES (AVENUE JEAN ) DU N° 61 A FIN";"49,26499000";"4,06025000"
"202400014266";"3";"08";"2024";"17:45";"1";"66";"66136";"2";"2";"1";"3";"Rue Pierre Renaudel";"42,68960690";"2,88442880"
"202400014267";"1";"02";"2024";"19:25";"5";"69";"69389";"2";"1";"1";"3";"19 Quai Arloing";"45,77243020";"4,81089167"
"202400014268";"9";"09";"2024";"08:40";"1";"75";"75114";"2";"3";"2";"6";"PLACE SAINT JACQUES";"48,83325700";"2,33645500"
"202400014269";"26";"12";"2024";"19:00";"5";"51";"51454";"2";"1";"1";"6";"WILSON (BOULEVARD DU PRESIDENT) COTE IMP";"49,23854000";"4,02291000"
"202400014270";"1";"02";"2024";"14:13";"1";100;100033";"2";"1";"1";"6";"AV DE LA LIBERATION";"42,67872000";"9,44301000"