"Num_Acc";"jour";"mois";"an";"hrmn";"lum";"dep";"com";"agg";"int";"atm";"col";"adr";"lat";"long"
"202400014271";"11";"07";"2024";"08:20";"1";"61";"61006";"2";"1";"7";"6";"2 Boulevard du Général de Gaulle";"48,74258500";" -0,01994700"
"202400014272";"10";"09";"2024";"18:00";"1";"75";"75111";"2";"1";"1";"3";"RUE ALEXANDRE DUMAS";"48,85295900";"2,38966500"
"202400014273";"26";"12";"2024";"18:30";"2";"49";"49007";"2";"1";"1";"6";"JEAN XXIII PLACE";"47,44822000";" -0,56348000"
"202400014274";"20";"01";"2024";"22:00";"5";"95";"95585";"2";"1";"1";"2";"D125";"48,98397154";"2,38780476"
"202400014275";"4";"08";"2024";"20:30";"1";"59";"59650";"2";"1";"1";"3";"BRIFFAUT (RUE HENRI)";"50,70429000";"3,20260000"
"202400014276";"9";"09";"2024";"22:50";"5";"75";"75110";"2";"1";"1";"3";"BOULEVARD DE LA VILLETTE";"48,87561000";"2,37279400"
"202400014277";"27";"12";"2024";"16:10";"1";"47";"47323";"2";"2";"7";"6";"FRATERNITE(RUE DE LA )";"44,40579690";"0,70681050"
"202400014278";"1";"02";"2024";"08:30";"1";"95";"95197";"2";"1";"2";"6";"D928";"48,96643031";"2,31826255"
"202400014279";"26";"12";"2024";"18:10";"5";"44";"44190";"2";"1";"1";"6";"52 Boulevard des Pas Enchantés";"47,20808000";" -1,51506000"
"202400014280";"10";"09";"2024";"10:25";"1";"75";"75114";"2";"7";"1";"6";"BOULEVARD DU MONTPARNASSE";"48,84354400";"2,32467200"
"202400014281";"4";"08";"2024";"20:00";"1";"59";"59386";"2";"1";"1";"3";"MENIN RUE DE";"50,68128000";"3,08397000"
"202400014282";"31";"01";"2024";"06:45";"5";"91";"91552";"2";"9";"1";"4";"RN 20";"48,60100000";"2,24702000"
"202400014283";"10";"09";"2024";"10:55";"1";"75";"75104";"2";"3";"1";"6";"RUE DU TEMPLE";"48,85993100";"2,35441800"
"202400014284";"4";"08";"2024";"13:25";"1";"59";"59368";"2";"2";"1";"6";"FOUBERT AVENUE";"50,64482000";"3,07606000"
"202400014285";"10";"09";"2024";"07:10";"1";"94";"94044";"2";"1";"1";"2";"Avenue Jean Monnet";"48,75887000";"2,48100000"
"202400014286";"1";"02";"2024";"10:30";"1";"91";"91434";"2";"3";"2";"3";"PROGRES (RUE DU)";"48,65611400";"2,35340400"
"202400014287";"27";"12";"2024";"18:39";"5";"42";"42187";"1";"1";"1";"5";"N7 ";"46,04804952";"4,08793128"
"202400014288";"10";"09";"2024";"09:50";"1";"94";"94068";"2";"1";"1";"3";"Avenue Foch";"48,80336000";"2,48923000"
"202400014289";"27";"12";"2024";"12:35";"1";"37";"37261";"2";"9";"8";"6";"MERIMEE (SQUARE PROSPER)";"47,39636000";"0,68848000"
"202400014290";"3";"08";"2024";"09:25";"1";"47";"47031";"2";"3";"1";"3";"Avenue de Bigorre";"44,18525000";"0,63195000"
"202400014291";"31";"01";"2024";"17:10";"1";"91";"91027";"2";"3";"1";"3";"JEAN MOULIN (RUE)";"48,70955000";"2,38011000"
"202400014292";"10";"09";"2024";"10:25";"1";"94";"94021";"2";"9";"1";"6";"Av. de Bretagne";"48,76239000";"2,35600000"
"202400014293";"27";"12";"2024";"12:45";"1";"34";"34301";"2";"3";"1";"2";"BLANC CAMILLE (BOULEVARD)";"43,40710000";"3,66710000"
"202400014294";"4";"08";"2024";"09:52";"1";"33";"33529";"2";"3";"1";"3";"N/A";"44,63594000";" -1,14266000"
"202400014295";"1";"02";"2024";"16:25";"1";"91";"91223";"2";"3";"8";"1";"SAINT JACQUES (RUE)";"48,43169000";"2,15146000"
"202400014296";"9";"09";"2024";"10:15";"1";"94";"94011";"2";"1";"1";"2";"Avenue du Docteur Emile Roux";"48,76985000";"2,47663000"
"202400014297";"4";"08";"2024";"20:03";"2";"31";"31555";"2";"1";"1";"6";"DEMOISELLES (ALL DES) DU 2AU 80";"43,58796000";"1,45956000"
"202400014298";"27";"12";"2024";"06:50";"5";"33";"33167";"2";"3";"8";"3";"N/A";"44,83594888";" -0,53029458"
"202400014299";"31";"01";"2024";"12:24";"1";"87";"87085";"2";"3";"1";"3";"avenue de Landouge";"45,83877370";"1,21316314"
"202400014300";"25";"12";"2024";"18:05";"5";"33";"33063";"2";"7";"1";"3";"N/A";"44,83368000";" -0,58478000"
"202400014301";"1";"02";"2024";"22:00";"5";"84";"84007";"2";"1";"1";"3";"OULLE (Boulevard de l')";"43,94996000";"4,80189000"
"202400014302";"4";"08";"2024";"18:55";"1";"29";"29051";"2";"2";"1";"5";"Avenue du Rouillen";"48,00021600";" -4,05470800"
"202400014303";"9";"09";"2024";"22:45";"5";"93";"93051";"2";"3";"1";"3";"STATION";"48,82659846";"2,56753922"
"202400014304";"27";"12";"2024";"19:40";"5";"31";"31557";"2";"1";"1";"7";"FERRET (CH DE)";"43,58739048";"1,31727040"
"202400014305";"4";"08";"2024";"05:15";"5";"29";"29232";"2";"1";"1";"7";"Rue de Benodet";"47,98520000";" -4,10620000"
"202400014306";"10";"09";"2024";"02:40";"3";"93";"93047";"2";"1";"1";"6";"ROSIERS  (AVENUE DES)";"48,89510369";"2,54831851"
"202400014307";"1";"02";"2024";"07:40";"2";"83";"83062";"2";"1";"1";"1";"RN 98";"43,13726000";"6,02670000"
"202400014308";"27";"12";"2024";"15:00";"1";"31";"31555";"2";"2";"1";"3";"RTE D ALBI";"43,64515200";"1,46940610"
"202400014309";"25";"12";"2024";"17:00";"1";"30";"30007";"2";"1";"1";"7";"Avenue Olivier de Serres";"44,10597000";"4,08844000"
"202400014310";"4";"08";"2024";"19:30";"1";"27";"27229";"2";"6";"1";"3";"MENDES FRANCE (RUE PIERRE)";"49,03275000";"1,15560000"
"202400014311";"10";"09";"2024";"17:38";"1";"93";"93048";"2";"1";"1";"6";"GENERAL DE GAULE (PLACE DU)";"48,86846000";"2,43348000"
"202400014312";"1";"02";"2024";"18:35";"5";"83";"83069";"2";"3";"1";"3";"AVENUE RITONDALE LEOPOLD";"43,11343000";"6,12969000"
"202400014313";"4";"08";"2024";"06:00";"1";"13";"13214";"2";"1";"1";"7";"SAINTE MARTHE (AVENUE DE)";"43,34402104";"5,38451850"
"202400014314";"10";"09";"2024";"08:55";"1";"93";"93048";"2";"1";"1";"3";"ARISTIDE BRIAND (BOULEVARD)";"48,87252694";"2,45325253"
"202400014315";"31";"01";"2024";"20:15";"5";"80";"80021";"2";"1";"1";"6";"Boulevard de Pont Noyelles";"49,88348000";"2,31982000"
"202400014316";"26";"12";"2024";"14:30";"1";"27";"27229";"2";"2";"2";"2";"SAINT ANDRE (ROUTE DE)";"49,01181000";"1,16531000"
"202400014317";"1";"02";"2024";"17:20";"1";"80";"80001";"2";"1";"1";"6";"Petite Rue Notre - Dame";"50,10443000";"1,82853000"
"202400014318";"4";"08";"2024";"15:50";"1";"13";"13214";"1";"2";"1";"2";"BUREL (BOULEVARD)";"43,31805000";"5,39038000"
"202400014319";"10";"09";"2024";"07:30";"1";"93";"93048";"2";"3";"1";"3";"PARIS (RUE DE)";"48,85778818";"2,43480742"
"202400014320";"1";"02";"2024";"04:30";"3";"78";"78486";"1";"1";"1";"6";"RN 10";"48,68067500";"1,84136600"
"202400014321";"27";"12";"2024";"15:00";"1";"25";"25462";"2";"3";"9";"3";"VUILLECIN (RUE DE)";"46,91817000";"6,34375000"
"202400014322";"9";"09";"2024";"05:50";"2";"93";"93048";"2";"1";"1";"1";"PAUL SIGNAC (AVENUE)";"48,86875000";"2,45146000"
"202400014323";"3";"08";"2024";"08:30";"1";"13";"13208";"2";"1";"1";"2";"POMPIDOU (PROMENADE)";"43,26469653";"5,37351857"
"202400014324";"1";"02";"2024";"09:15";"1";"76";"76429";"2";"4";"2";"6";"Rue Leon Gambetta";"49,41607000";"1,14038000"
"202400014325";"4";"08";"2024";"07:45";"1";"13";"13005";"2";"6";"1";"3";"GEMENOS (ROUTE DE CD2)";"43,29776452";"5,58854878"
"202400014326";"27";"12";"2024";"09:45";"1";"17";"17415";"1";"1";"1";"1";"route nationale 141";"45,73019000";" -0,62670000"
"202400014327";"10";"09";"2024";"18:24";"1";"93";"93046";"2";"2";"1";"6";"JEAN JAURES BOULEVARD";"48,92160629";"2,52527475"
"202400014328";"4";"08";"2024";"18:30";"1";"07";"07102";"2";"1";"1";"7";"LYON (AVENUE DE)";"44,93578000";"4,85611000"
"202400014329";"31";"01";"2024";"15:00";"1";"76";"76351";"2";"4";"1";"2";"GENERAL FERRIE (AVENUE)";"49,50363000";"0,17928000"
"202400014330";"10";"09";"2024";"10:20";"1";"93";"93008";"2";"1";"1";"2";"DIVISION LECLERC (AVENUE DE LA) A20";"48,91027000";"2,41512000"
"202400014331";"27";"12";"2024";"08:55";"2";"17";"17333";"2";"1";"1";"3";"JAURES (AVENUE)";"45,61270000";" -0,99850000"
"202400014332";"4";"08";"2024";"11:10";"1";"04";"04112";"2";"6";"1";"2";"ARBAUD (PL. DAMASSE)";"43,82255000";"5,79154000"
"202400014333";"31";"01";"2024";"18:20";"5";"76";"76351";"2";"1";"1";"1";"SALVADOR ALLENDE (RUE)";"49,50459860";"0,14107105"
"202400014334";"10";"09";"2024";"18:06";"2";"93";"93005";"2";"1";"1";"6";"MARECHAL JUIN (AVENUE DU)";"48,93683000";"2,50453000"
"202400014335";"2";"08";"2024";"19:00";"1";"04";"04112";"2";"6";"1";"3";"SAINT JOSEPH(BOULEVARD)";"43,82250000";"5,79606000"
"202400014336";"27";"12";"2024";"09:00";"1";"13";"13211";"2";"3";"1";"3";"JEAN LOMBARD (AVENUE)";"43,28932239";"5,43639090"
"202400014337";"3";"09";"2024";"16:20";"1";"93";"93001";"2";"1";"1";"6";"Pont de Stains";"48,90740641";"2,37670841"
"202400014338";"2";"08";"2024";"08:25";"1";"04";"04112";"1";"1";"1";"1";"FOUCAULT(CHEMIN LEON)";"43,84571000";"5,83349000"
"202400014339";"1";"02";"2024";"08:30";"1";"71";"71076";"2";"2";"1";"3";"Avenue de Paris";"46,80652000";"4,84449000"
"202400014340";"24";"12";"2024";"17:30";"5";"13";"13203";"2";"1";"1";"1";"ROGER SALENGRO (AVENUE)";"43,31080000";"5,37314000"
"202400014341";"10";"09";"2024";"09:00";"1";"92";"92078";"2";"2";"1";"3";"VERDUN (AVENUE) (PAIRS 92 ET PLUS)";"48,93486613";"2,32482612"
"202400014342";"3";"08";"2024";"16:30";"1";"75";"75116";"2";"1";"1";"2";"BD PERIPHERIQUE INTERIEUR ";"48,86570000";"2,26824500"
"202400014343";"1";"02";"2024";"13:00";"1";"69";"69266";"2";"3";"8";"6";"Rue Jean Jaurès";"45,75768000";"4,88290000"
"202400014344";"12";"12";"2024";"10:10";"1";"12";"12176";"2";"6";"1";"3";"SAINT MARC (GIRATOIRE)";"44,37354400";"2,59123000"
"202400014345";"10";"09";"2024";"09:05";"1";"92";"92051";"2";"1";"1";"6";"MADRID (AVENUE DE)";"48,88320820";"2,25979641"
"202400014346";"30";"07";"2024";"13:30";"1";"75";"75116";"2";"1";"1";"3";"BD PERIPHERIQUE EXTERIEUR";"48,84811200";"2,25338300"
"202400014347";"1";"02";"2024";"18:58";"3";"65";"65433";"1";"1";"1";"1";"PIC DU MIDI (BOULEVARD DU)";"43,20059000";"0,09660000"
"202400014348";"10";"09";"2024";"12:30";"1";"92";"92050";"2";"1";"1";"6";"JOLIOT CURIE F. ET IRENE AVENUE  N°PAIRS";"48,89107888";"2,20737040"
"202400014349";"3";"08";"2024";"13:00";"2";"75";"75113";"2";"2";"1";"2";"BOULEVARD AUGUSTE BLANQUI";"48,83189300";"2,34110800"
"202400014350";"10";"09";"2024";"09:45";"1";"92";"92050";"2";"1";"1";"3";"PREMIER MAI RUE DU";"48,91804366";"2,22212970"
"202400014351";"1";"02";"2024";"18:00";"2";"64";"64445";"2";"6";"1";"3";"TOURASSE";"43,30801000";" -0,33935000"
"202400014352";"26";"12";"2024";"18:15";"5";"10";"10387";"2";"1";"1";"6";"QUATORZE JUILLET (RUE DU)";"48,29413000";"4,07770000"
"202400014353";"10";"09";"2024";"17:55";"1";"92";"92071";"2";"1";"1";"3";"HOUDAN (RUE)";"48,77902599";"2,28277355"
"202400014354";"1";"02";"2024";"13:45";"1";"64";"64445";"2";"2";"1";"3";"PAIX";"43,31633000";" -0,33966000"
"202400014355";"4";"08";"2024";"15:30";"1";"75";"75111";"2";"2";"1";"3";"BOULEVARD DES FILLES DU CALVAIRE";"48,86246600";"2,36688400"
"202400014356";"10";"09";"2024";"07:55";"1";"92";"92014";"2";"1";"1";"7";"GENERAL LECLERC (AV.) (57 A 135 - 50 A 1";"48,78111000";"2,31603000"
"202400014357";"27";"12";"2024";"15:20";"1";"06";"06088";"1";"2";"1";"3";"Traverse de la Digue des Français";"43,67676000";"7,20128000"
"202400014358";"30";"01";"2024";"10:10";"1";"64";"64445";"2";"6";"1";"3";"PEYROULET";"43,30384000";" -0,35614000"
"202400014359";"7";"09";"2024";"17:00";"1";"14";"14455";"1";"1";"3";"7";"D23";"49,00031200";" -0,36019100"
"202400014360";"27";"12";"2024";"15:00";"1";"06";"06088";"2";"9";"1";"6";"Parking Leclerc Boulevard Mercantour";"43,70870500";"7,18991500"
"202400014361";"4";"08";"2024";"21:10";"2";"93";"93072";"2";"1";"1";"7";"""STALINGRAD (AVENUE), NR 88 A 114 BIS""";"48,94728100";"2,37338400"
"202400014362";"1";"02";"2024";"20:30";"3";"64";"64125";"2";"9";"8";"1";"FAMILISTERE (RUE)";"43,44758000";" -1,57474000"
"202400014363";"10";"09";"2024";"14:00";"1";"11";"11203";"2";"1";"1";"2";"6 Boulevard Gallieni";"43,20318900";"2,76224600"
"202400014364";"27";"12";"2024";"10:29";"1";"06";"06088";"2";"9";"1";"3";"161 Avenue Sainte-Marguerite";"43,68040000";"7,20855000"
"202400014365";"1";"02";"2024";"16:50";"1";"63";"63113";"2";"9";"1";"6";"MONTLOSIER (RUE)";"45,78074456";"3,08531553"
"202400014366";"11";"09";"2024";"08:25";"1";"06";"06064";"2";"1";"1";"1";"460 Route de la Baronne";"43,76448500";"7,19516500"
"202400014367";"27";"12";"2024";"22:00";"3";"06";"06104";"2";"1";"1";"1";"56 Avenue Jean Jaurès";"43,75610000";"7,44910000"
"202400014368";"4";"08";"2024";"02:25";"5";"93";"93046";"2";"2";"1";"3";"JULES GUESDES AVENUE";"48,91170700";"2,50955600"
"202400014369";"1";"02";"2024";"02:50";"3";"62";"62510";"2";"1";"2";"3";"Rue Jean Caron";"50,41119000";"2,77333000"
"202400014370";"27";"12";"2024";"14:50";"1";"05";"05061";"2";"1";"1";"6";"Avenue de Veynes";"44,55759000";"6,06813000"
"202400014371";"4";"08";"2024";"10:30";"1";"93";"93005";"2";"7";"1";"3";"COUDRAY (ROND-POINT DU)";"48,93873207";"2,48906851"
"202400014372";"31";"01";"2024";"08:00";"1";"60";"60159";"1";"6";"1";"3";"Avenue de la Faisanderie";"49,40099000";"2,82901000"
"202400014373";"10";"09";"2024";"16:30";"1";"44";"44087";"1";"1";"1";"5";"N/A";"46,97016500";" -1,81283000"
"202400014374";"27";"12";"2024";"14:40";"1";"75";"75116";"2";"1";"1";"4";"BD PERIPHERIQUE EXTERIEUR";"48,87642900";"2,27836100"
"202400014375";"1";"02";"2024";"16:00";"1";"59";"59650";"2";"9";"1";"1";"EUROZONE (ROND POINT DE L')";"50,69930000";"3,23113000"
"202400014376";"4";"08";"2024";"06:40";"1";"92";"92025";"2";"1";"1";"2";"VALMY (BD DE)";"48,93384329";"2,25576532"
"202400014377";"8";"09";"2024";"22:15";"4";"79";"79032";"2";"5";"1";"7";"N/A";"46,46993600";" -0,51147600"
"202400014378";"26";"12";"2024";"11:00";"1";"75";"75118";"2";"1";"1";"3";"BOULEVARD PERIPHERIQUE INTERIEUR NORD  ";"48,90074400";"2,36160400"
"202400014379";"27";"12";"2024";"12:00";"1";"75";"75119";"2";"1";"1";"7";"AVENUE RENE FONCK";"48,87901100";"2,40881300"
"202400014380";"4";"08";"2024";"03:55";"3";"76";"76258";"1";"1";"1";"6";"D926 PK-PR 5+500";"49,64838900";"0,60954800"
"202400014381";"31";"01";"2024";"21:13";"4";"59";"59024";"2";"1";"1";"2";"DOUAI (RUE DE)";"50,33362000";"3,23395000"
"202400014382";"10";"09";"2024";"17:20";"1";101;101004";"1";"1";"2";"3";"Caldaniccia";"41,94164800";"8,80798800"
"202400014383";"27";"12";"2024";"12:50";"1";"75";"75106";"2";"3";"1";"6";"RUE DES QUATRE VENTS";"48,85174700";"2,33739900"
"202400014384";"11";"09";"2024";"04:00";"5";101;101271";"2";"1";"1";"7";"T22";"41,95327747";"8,78965259"
"202400014385";"5";"08";"2024";"01:33";"3";"35";"35250";"1";"2";"1";"6";"Vegon";"48,01491800";" -1,57709600"
"202400014386";"1";"02";"2024";"00:05";"4";"57";"57757";"2";"1";"1";"1";"Route d'Illange";"49,34791288";"6,17645144"
"202400014387";"26";"12";"2024";"23:45";"5";"75";"75110";"2";"3";"1";"3";"RUE DU FAUBOURG SAINT MARTIN";"48,87612900";"2,36062900"
"202400014388";"4";"08";"2024";"12:30";"1";"09";"09109";"1";"1";"1";"7";"D14";"43,20217200";"1,46139000"
"202400014389";"10";"09";"2024";"18:40";"1";"55";"55166";"1";"3";"1";"3";"Dugny-sur-Meuse";"49,11943100";"5,38594000"
"202400014390";"1";"02";"2024";"10:55";"1";"54";"54431";"2";"2";"2";"6";"Rue Gambetta";"48,90572000";"6,05996000"
"202400014391";"10";"09";"2024";"11:00";"1";"12";"12284";"1";"1";"1";"7";"lieu dit reynes";"44,06842400";"2,72894400"
"202400014392";"27";"12";"2024";"16:00";"1";"94";"94078";"2";"1";"1";"5";"Avenue de Valenton";"48,73541700";"2,45398000"
"202400014393";"1";"02";"2024";"19:00";"5";"54";"54028";"2";"1";"1";"6";"Rue Dante Pederzoli";"49,20489000";"5,98579000"
"202400014394";"4";"08";"2024";"14:35";"1";"974";"97422";"2";"6";"1";"3";"Rue Jules Bertaut";" -21,27699300";"55,52160300"
"202400014395";"27";"12";"2024";"15:07";"1";"94";"94076";"2";"1";"1";"2";"Avenue Paul Vaillant-couturier";"48,79454600";"2,36109000"
"202400014396";"11";"09";"2024";"16:50";"1";"01";"01079";"1";"1";"2";"5";"D54";"45,94705600";"5,68621600"
"202400014397";"1";"02";"2024";"13:35";"1";"54";"54099";"1";"1";"1";"6";"RD138";"49,24939361";"6,01675272"
"202400014398";"4";"08";"2024";"17:25";"1";"972";"97227";"1";"1";"1";"1";"N5";"14,46850800";" -60,92336800"
"202400014399";"27";"12";"2024";"15:40";"1";"94";"94028";"2";"1";"1";"6";"Route de Choisy";"48,78986000";"2,45247000"
"202400014400";"10";"09";"2024";"18:15";"1";"22";"22004";"1";"1";"1";"6";"Kerwennou Izelan";"48,61492400";" -3,27695100"
"202400014401";"27";"12";"2024";"01:13";"5";"94";"94004";"2";"1";"9";"6";"Rue de Marolles";"48,75043614";"2,53716400"
"202400014402";"4";"08";"2024";"16:45";"1";"63";"63408";"1";"3";"1";"6";"RD523/ rue de Salacrut";"45,98285100";"2,79109600"
"202400014403";"1";"02";"2024";"18:51";"5";"47";"47001";"2";"3";"1";"3";"DE GAULLE (AV. DU GENERAL)";"44,20260000";"0,61183000"
"202400014404";"27";"12";"2024";"15:00";"1";"93";"93072";"2";"1";"1";"3";"STALINGRAD (AVENUE) DES N°2 AU N°100";"48,94921519";"2,38401187"
"202400014405";"11";"09";"2024";"09:15";"1";"44";"44072";"1";"1";"1";"5";"N/A";"47,45695300";" -2,31395800"
"202400014406";"31";"01";"2024";"16:55";"1";"44";"44184";"2";"9";"1";"3";"2 Boulevard Paul Leferme";"47,27981000";" -2,20241000"
"202400014407";"3";"08";"2024";"21:35";"3";"59";"59478";"1";"2";"3";"3";"rd 110";"50,95658200";"2,46530900"
"202400014408";"27";"12";"2024";"14:20";"1";"93";"93029";"2";"1";"7";"2";"COLONEL FABIEN (DU)";"48,93599554";"2,45339305"
"202400014409";"1";"02";"2024";"19:00";"5";"44";"44109";"2";"6";"2";"3";"15 Rue de la Petite Baratte";"47,24996732";" -1,52359045"
"202400014410";"10";"09";"2024";"17:15";"1";"02";"02755";"1";"1";"8";"6";"N2";"49,49021419";"3,54857653"
"202400014411";"27";"12";"2024";"18:20";"5";"93";"93001";"2";"1";"1";"6";"PRESIDENT ROOSEVELT (AVENUE DU)";"48,91778960";"2,37926135"
"202400014412";"3";"08";"2024";"23:15";"3";"34";"34184";"1";"1";"1";"2";"Autoroute A75 PK 307+700 sens 1";"43,51273600";"3,44331300"
"202400014413";"1";"02";"2024";"11:25";"1";"43";"43157";"2";"1";"1";"2";"Allee des Portes Occitanes";"45,02657882";"3,88182865"
"202400014414";"10";"09";"2024";"12:00";"1";"01";"01266";"2";"1";"1";"6";"15 Avenue de Macon";"46,33579900";"5,12560000"
"202400014415";"27";"12";"2024";"18:00";"5";"92";"92072";"2";"1";"1";"2";"GRANDE RUE";"48,82470000";"2,21356000"
"202400014416";"4";"08";"2024";"16:20";"1";"56";"56058";"1";"1";"7";"7";"1 rue du four";"47,46943650";" -2,33443100"
"202400014417";"10";"09";"2024";"16:55";"1";"06";"06151";"1";"1";"1";"6";"M6202  PR 88 + 950";"43,88278400";"7,19057300"
"202400014418";"27";"12";"2024";"13:53";"1";"92";"92051";"2";"1";"1";"6";"WINSTON CHURCHILL (PLACE)";"48,88370442";"2,27257535"
"202400014419";"1";"02";"2024";"06:25";"3";"38";"38563";"2";"2";"2";"3";"VERDIN (MONTEE DU)";"45,39634000";"5,56991000"
"202400014420";"4";"08";"2024";"14:30";"1";"77";"77134";"1";"1";"1";"7";"D204";"48,64377700";"3,28910200"
"202400014421";"11";"09";"2024";"13:55";"1";"05";"05140";"1";"1";"1";"7";"Saint-Étienne-le-Laus";"44,51464000";"6,15733800"
"202400014422";"27";"12";"2024";"11:30";"1";"92";"92026";"2";"3";"1";"2";"SAINT GUILLAUME (RUE ET VILLA)";"48,90227620";"2,28156611"
"202400014423";"1";"02";"2024";"17:50";"5";"38";"38544";"2";"9";"1";"6";"ST LOUIS(PLACE)";"45,52825000";"4,87391000"
"202400014424";"4";"08";"2024";"22:20";"3";"76";"76646";"1";"9";"1";"1";"chemin communal";"49,83441200";"0,66345000"
"202400014425";"27";"12";"2024";"18:10";"5";"92";"92002";"2";"1";"1";"6";"LEON BLUM (AVENUE)";"48,76006794";"2,30148397"
"202400014426";"31";"01";"2024";"16:24";"1";"37";"37261";"2";"1";"1";"6";"BUFFON (RUE)";"47,39271800";"0,69100490"