"Num_Acc";"jour";"mois";"an";"hrmn";"lum";"dep";"com";"agg";"int";"atm";"col";"adr";"lat";"long"
"202400014427";"10";"09";"2024";"12:05";"1";"05";"05170";"1";"1";"1";"4";"Avenue Napoleon";"44,45394000";"6,04376800"
"202400014428";"1";"02";"2024";"08:55";"1";"37";"37208";"2";"1";"1";"2";"LAC (AVENUE DU)";"47,36765000";"0,72232000"
"202400014429";"5";"08";"2024";"19:10";"1";"82";"82080";"2";"3";"1";"1";"777 Chemin de Lavilledieu";"44,07877100";"1,20065100"
"202400014430";"27";"12";"2024";"11:55";"1";"14";"14409";"1";"1";"1";"3";"Route d'Escanneville";"49,27760500";" -0,18471800"
"202400014431";"5";"08";"2024";"07:30";"1";"65";"65050";"1";"1";"1";"7";"D618";"42,84714600";"0,40942300"
"202400014432";"1";"02";"2024";"17:00";"1";"35";"35238";"2";"1";"1";"3";"PATTON (AVENUE DU GENERAL SIR GEORGES)";"48,13727000";" -1,65864000"
"202400014433";"2";"09";"2024";"07:20";"2";"60";"60296";"2";"1";"1";"6";"Rue de Villers sur Auchy";"49,49709500";"1,80605800"
"202400014434";"4";"08";"2024";"10:45";"1";"65";"65362";"1";"1";"1";"3";"RD 920 PR 1+44";"42,95826400";" -0,07857300"
"202400014435";"27";"12";"2024";"15:30";"1";"47";"47230";"1";"1";"1";"1";"Brandal";"44,49874912";"0,85016671"
"202400014436";"1";"02";"2024";"17:05";"1";"35";"35238";"2";"6";"1";"3";"CARREL (BD ALEXIS)";"48,11861000";" -1,65565000"
"202400014437";"27";"12";"2024";"18:20";"5";"31";"31467";"2";"1";"1";"6";"11 Rue du Rempart";"43,70109000";"1,40426000"
"202400014438";"3";"08";"2024";"19:00";"1";"81";"81291";"1";"3";"1";"6";"D90";"44,00544900";"2,12361200"
"202400014439";"1";"02";"2024";"11:40";"1";"35";"35238";"2";"6";"1";"6";"ALSACE (D')";"48,12163000";" -1,70390000"
"202400014440";"27";"12";"2024";"13:30";"1";"38";"38383";"1";"1";"1";"6";"Route de la Chartreuse";"45,37578300";"5,65777100"
"202400014441";"31";"01";"2024";"19:15";"5";"34";"34108";"2";"1";"5";"1";"MAL JUIN (AVENUE DU)";"43,42790400";"3,72815300"
"202400014442";"4";"08";"2024";"18:43";"1";"89";"89388";"1";"2";"1";"3";"Lieu Dit les Grilots";"47,93148300";"3,26964800"
"202400014443";"30";"01";"2024";"20:20";"5";"34";"34003";"2";"1";"1";"6";"DE GAULLE (E14 A F15";"43,31252000";"3,47436000"
"202400014444";"4";"08";"2024";"23:25";"3";"55";"55489";"1";"4";"1";"7";"D115";"49,14584000";"5,27263800"
"202400014445";"27";"12";"2024";"21:00";"5";"85";"85109";"2";"1";"1";"6";"Rue Ampère";"46,85995600";" -1,02432000"
"202400014446";"31";"01";"2024";"21:00";"5";"33";"33550";"2";"1";"1";"2";"N/A";"44,77843000";" -0,56606000"
"202400014447";"4";"08";"2024";"18:40";"1";"22";"22119";"2";"1";"1";"3";"Rue de Maudez";"48,62064800";" -3,53853100"
"202400014448";"27";"12";"2024";"15:00";"1";"56";"56057";"1";"2";"1";"3";"Stéroulin";"48,02794900";" -3,47740400"
"202400014449";"1";"02";"2024";"14:35";"1";"31";"31555";"2";"6";"1";"4";"Rd Pt Firmin Pons";"43,56990000";"1,37461000"
"202400014450";"5";"08";"2024";"17:25";"1";"22";"22203";"1";"1";"1";"1";"D44";"48,33305200";" -2,80488300"
"202400014451";"28";"12";"2024";"17:30";"2";"56";"56075";"1";"1";"1";"1";"Le Beneac";"47,88728400";" -2,12119300"
"202400014452";"1";"02";"2024";"07:50";"2";"31";"31483";"2";"4";"1";"3";"MONDON ( RUE ET IMPASSE)";"43,11241000";"0,74697000"
"202400014453";"27";"12";"2024";"15:55";"1";"76";"76500";"2";"1";"1";"6";"Route de Nesle";"49,89894700";"1,66124200"
"202400014454";"5";"08";"2024";"12:35";"1";"44";"44154";"1";"1";"1";"4";"N/A";"47,26817900";" -2,16170000"
"202400014455";"28";"07";"2024";"08:40";"1";"38";"38408";"1";"1";"1";"6";"1860 route de valencin";"45,60006900";"5,00747000"
"202400014456";"24";"12";"2024";"14:40";"1";"79";"79012";"1";"3";"2";"3";"N/A";"46,47459100";" -0,58574000"
"202400014457";"1";"02";"2024";"21:25";"5";"29";"29232";"2";"3";"1";"3";"Rue Amiral Ronarc'h";"47,99496559";" -4,10809360"
"202400014458";"4";"08";"2024";"17:00";"1";"38";"38333";"1";"1";"1";"7";"rd 531 PK 25+900";"45,06824700";"5,51535100"
"202400014459";"23";"12";"2024";"14:30";"1";"69";"69248";"1";"1";"1";"3";"Route Départementale 308";"46,03345790";"4,29266036"
"202400014460";"31";"01";"2024";"18:30";"5";"29";"29232";"2";"1";"2";"1";"SAINT ALOR RUE";"47,98306000";" -4,06764700"
"202400014461";"27";"12";"2024";"21:45";"3";"63";"63011";"1";"1";"1";"7";"D2144";"46,21715282";"2,74152959"
"202400014462";"5";"08";"2024";"11:20";"1";"84";"84072";"1";"1";"1";"3";"d 70 la venue de caromb";"44,06258800";"5,12886600"
"202400014463";"1";"02";"2024";"20:30";"3";"29";"29151";"1";"9";"8";"3";"route de plougasnou ploujean";"48,60484753";" -3,82056077"
"202400014464";"2";"08";"2024";"07:50";"1";"03";"03260";"1";"1";"1";"6";"D22";"46,43342100";"2,98774500"
"202400014465";"27";"12";"2024";"18:01";"3";"61";"61491";"1";"1";"5";"1";"Lieu Dit Chateauroux";"48,59383100";"0,69502800"
"202400014466";"31";"01";"2024";"12:41";"1";"26";"26198";"2";"1";"1";"6";"Avenue John Fitzgerald Kennedy";"44,55357000";"4,74470000"
"202400014467";"5";"08";"2024";"11:00";"1";"15";"15196";"2";"6";"1";"3";"RD 32";"44,85846200";"2,30791700"
"202400014468";"26";"12";"2024";"13:15";"1";"61";"61092";"1";"1";"8";"1";"D926";"48,75495000";"0,72088600"
"202400014469";"1";"02";"2024";"19:35";"5";"25";"25462";"2";"9";"2";"3";"SALINS DE (DU 64 A LA FIN)";"46,90997000";"6,33418000"
"202400014470";"28";"12";"2024";"15:07";"1";"49";"49090";"1";"1";"1";"6";"La Glardière";"47,63882931";" -0,54445566"
"202400014471";"5";"08";"2024";"16:35";"1";"50";"50619";"1";"1";"1";"6";"LIEU DIT LE FRONDEAUX";"49,61386600";" -1,36154300"
"202400014472";"1";"02";"2024";"18:12";"5";"25";"25462";"2";"1";"2";"6";"BESANCON (RUE DE)";"46,91439700";"6,34579700"
"202400014473";"5";"08";"2024";"08:40";"1";"50";"50353";"1";"1";"1";"6";"passerelle";"48,61921100";" -1,51089900"
"202400014474";"27";"12";"2024";"12:12";"1";"25";"25058";"2";"1";"1";"3";"25 Route de Lyon";"47,20699700";"5,99921800"
"202400014475";"28";"07";"2024";"17:10";"1";"45";"45067";"1";"1";"1";"3";"4 haute levee";"47,90274900";"1,75889100"
"202400014476";"1";"02";"2024";"17:58";"5";"25";"25056";"2";"3";"2";"6";"DOLE RUE DE (entre 82 et 185)";"47,22856000";"5,98653600"
"202400014477";"21";"12";"2024";"11:20";"1";"44";"44089";"1";"1";"1";"6";"la Hioterie";"47,34573300";" -1,86696800"
"202400014478";"4";"08";"2024";"11:50";"1";"10";"10011";"1";"1";"1";"7";"N/A";"48,26002700";"4,72227600"
"202400014479";"27";"12";"2024";"23:22";"3";"44";"44108";"1";"1";"1";"6";"25 Rue  Saint Martin";"47,13560000";" -1,27950600"
"202400014480";"1";"02";"2024";"14:00";"1";"22";"22113";"2";"6";"1";"3";"PARK NEVEZ (AVENUE DE)";"48,72584000";" -3,44098000"
"202400014481";"4";"08";"2024";"13:45";"1";"10";"10238";"2";"1";"1";"3";"Rue du Lac";"48,25774500";"4,34026500"
"202400014482";"23";"12";"2024";"19:40";"3";"29";"29117";"1";"1";"2";"3";"D13";"48,58529984";" -4,50765831"
"202400014483";"31";"01";"2024";"17:25";"1";"19";"19031";"2";"3";"1";"6";"N/A";"45,15725000";"1,52300000"
"202400014484";"4";"08";"2024";"07:00";"2";"07";"07112";"1";"1";"1";"6";"Cuze";"44,77817200";"4,30325000"
"202400014485";"28";"12";"2024";"12:40";"1";"38";"38006";"1";"1";"1";"6";"ROUTE DES GENTIANES";"45,39139800";"6,11249700"
"202400014486";"2";"08";"2024";"23:00";"3";"07";"07296";"1";"1";"1";"6";"158 Route de Lachapelle";"44,57097500";"4,38368600"
"202400014487";"29";"01";"2024";"18:15";"1";"19";"19031";"2";"3";"1";"3";"VERLHAC (BOULEVARD DOCTEUR)";"45,16779000";"1,53285000"
"202400014488";"4";"08";"2024";"11:30";"1";"53";"53245";"1";"1";"1";"4";"Route de Luitré";"48,27913658";" -1,04782724"
"202400014489";"25";"01";"2024";"19:30";"5";"19";"19031";"2";"1";"1";"2";"ALVITRE (AVENUE ABBE)";"45,15179943";"1,50266433"
"202400014490";"28";"12";"2024";"11:15";"1";"01";"01229";"1";"2";"5";"5";"Route d'Etrez";"46,33335800";"5,16271600"
"202400014491";"4";"08";"2024";"18:00";"1";"24";"24301";"1";"1";"1";"7";"ROUTE DU PERIGORD NOIR";"45,03559465";"1,37513638"
"202400014492";"1";"02";"2024";"22:15";"5";"18";"18279";"1";"6";"9";"7";"N/A";"47,24548200";"2,07633600"
"202400014493";"5";"08";"2024";"16:40";"1";"27";"27260";"1";"1";"1";"1";"D6178";"49,39383300";"0,41479100"
"202400014494";"28";"12";"2024";"14:20";"1";"70";"70477";"2";"6";"1";"7";"Grande Rue";"47,56199000";"6,62982500"
"202400014495";"5";"08";"2024";"05:10";"3";"37";"37266";"1";"1";"1";"6";"Route de Ballan";"47,30473800";"0,69427400"
"202400014496";"27";"12";"2024";"02:25";"3";"72";"72011";"1";"1";"1";"6";"lieu dit le bas rance";"48,30504342";"0,00454810"
"202400014497";"5";"08";"2024";"11:30";"1";"30";"30172";"1";"1";"1";"7";"D39";"43,99417300";"3,85118000"
"202400014498";"1";"02";"2024";"12:50";"1";"15";"15014";"2";"1";"1";"3";"57 Rue de l'Egalite";"44,93292000";"2,44016000"
"202400014499";"24";"12";"2024";"04:15";"5";"14";"14714";"1";"1";"1";"6";"61 Route de Bayeux Saint-Lô";"49,21656300";" -0,79535500"
"202400014500";"5";"08";"2024";"09:30";"1";"976";"97602";"1";"1";"1";"2";"Route Nationale 1";" -12,71517900";"45,12636400"
"202400014501";"27";"12";"2024";"23:00";"3";"10";"10238";"1";"1";"5";"1";"RD619";"48,24188100";"4,34096200"
"202400014502";"31";"01";"2024";"17:25";"1";"15";"15014";"2";"1";"1";"2";"RN 122";"44,91328000";"2,44433000"
"202400014503";"5";"08";"2024";"16:56";"1";"45";"45169";"1";"1";"1";"3";"autoroute A10 point kilométrique 097+710";"47,91025200";"1,84942000"
"202400014504";"31";"01";"2024";"19:00";"5";"14";"14333";"2";"2";"1";"3";"23 Avenue de la Brigade Piron";"49,40033000";"0,24079000"
"202400014505";"28";"12";"2024";"11:15";"1";"21";"21561";"1";"1";"9";"5";"D971";"47,42479900";"4,84734200"
"202400014506";"5";"08";"2024";"22:23";"2";"60";"60612";"1";"1";"1";"2";"Autoroute A1 PK 042+200";"49,20439424";"2,61012411"
"202400014507";"28";"12";"2024";"07:00";"1";"988";"98805";"1";"1";"1";"3";"Route des bassins";" -22,17308100";"166,41567900"
"202400014508";"1";"02";"2024";"07:30";"2";"13";"13117";"2";"2";"1";"3";"DE LATTRE DE TASSIGNY ( AVENUE )";"43,42330000";"5,28373000"
"202400014509";"3";"08";"2024";"05:10";"2";"987";"98723";"1";"1";"1";"7";"Punaei";" -9,72700000";" -138,98100000"
"202400014510";"1";"02";"2024";"19:00";"5";"13";"13203";"2";"9";"1";"3";"ROGER SALENGRO (AVENUE)";"43,30986000";"5,37356000"
"202400014511";"28";"12";"2024";"15:50";"1";"01";"01151";"1";"1";"5";"4";"PK 147+000, A40";"46,07348900";"5,31440000"
"202400014512";"3";"08";"2024";"09:35";"1";"988";"98829";"1";"1";"1";"1";"RPS4 à hauteur de la tribu de KOUERGOA";" -21,73355000";"166,10328200"
"202400014513";"30";"01";"2024";"17:40";"5";"13";"13206";"2";"3";"1";"3";"LAFON (RUE)";"43,29130000";"5,38110000"
"202400014514";"4";"08";"2024";"11:51";"1";"37";"37003";"1";"3";"1";"6";"Boulevard Saint-denis-hors";"47,39325262";"1,00387001"
"202400014515";"19";"12";"2024";"22:49";"3";"13";"13001";"1";"1";"1";"2";"A8, PK 020.500, S2 ( Nice vers Lyon )";"43,51217600";"5,45653600"
"202400014516";"4";"08";"2024";"14:45";"1";"77";"77365";"1";"1";"1";"1";"RD 231 pk 24";"48,71766800";"3,03849200"
"202400014517";"27";"12";"2024";"19:00";"3";"02";"02297";"1";"1";"1";"2";"N/A";"49,07527200";"3,35426300"
"202400014518";"31";"01";"2024";"13:15";"1";"13";"13047";"1";"1";"1";"2";"R.N 569";"43,53688000";"4,97477000"
"202400014519";"4";"08";"2024";"23:48";"3";"66";"66208";"1";"1";"1";"6";"D914";"42,63537421";"2,93922901"
"202400014520";"27";"12";"2024";"21:40";"5";"976";"97613";"2";"1";"1";"6";"Rue Fangalatorou";" -12,75639000";"45,08248300"
"202400014521";"1";"02";"2024";"07:35";"2";"13";"13005";"2";"1";"1";"6";"BLANCARD (PROMENADE PIERRE)";"43,29715000";"5,56839000"
"202400014522";"4";"08";"2024";"20:40";"1";"30";"30010";"1";"1";"1";"6";"Route de Generargues";"44,06285600";"3,98157000"
"202400014523";"27";"12";"2024";"12:10";"1";"51";"51562";"1";"1";"7";"2";"A4";"49,20505100";"4,08914600"
"202400014524";"2";"08";"2024";"11:10";"1";"34";"34344";"2";"9";"1";"3";"Avenue de Melgueil";"43,56286200";"4,08634800"
"202400014525";"30";"01";"2024";"15:25";"1";"11";"11069";"2";"3";"1";"3";"2 Rue de l’Alaric";"43,22789000";"2,38540000"
"202400014526";"5";"08";"2024";"13:50";"1";"83";"83065";"2";"1";"1";"1";"Route du Littoral";"43,26382000";"6,61167500"
"202400014527";"27";"12";"2024";"20:35";"3";"38";"38401";"1";"1";"1";"4";"A43";"45,56056400";"5,41859900"
"202400014528";"28";"01";"2024";"10:20";"1";"10";"10387";"2";"2";"1";"2";"Mail des Charmilles";"48,29668000";"4,08531000"
"202400014529";"5";"08";"2024";"09:05";"1";"71";"71481";"1";"2";"1";"3";"D906";"46,19795000";"4,76361900"
"202400014530";"14";"12";"2024";"12:50";"1";"988";"98822";"1";"1";"3";"6";"Ina (Tribu)";" -20,93805400";"165,36011700"
"202400014531";"4";"08";"2024";"19:35";"1";"38";"38376";"1";"1";"1";"6";"Route de Berland";"45,43606300";"5,77945200"
"202400014532";"27";"01";"2024";"13:45";"1";"02";"02408";"2";"1";"1";"6";"N/A";"49,55092900";"3,61938200"
"202400014533";"27";"12";"2024";"15:50";"1";"974";"97414";"2";"1";"1";"1";"rue ancienne route de cilaos";" -21,23988700";"55,45507600"
"202400014534";"5";"08";"2024";"17:40";"1";"81";"81142";"1";"1";"1";"1";"986 Route de Lescout";"43,52304900";"2,08378100"
"202400014535";"1";"02";"2024";"17:10";"2";"75";"75115";"2";"1";"8";"3";"PORTE DE SEVRES";"48,82846100";"2,28969400"
"202400014536";"28";"12";"2024";"01:00";"5";"977";"97701";"2";"1";"1";"1";"RTE DE LORIENT";"17,90652600";" -62,82809900"
"202400014537";"4";"08";"2024";"00:50";"3";"46";"46055";"1";"4";"1";"7";"Empare";"44,58345300";"2,09151100"
"202400014538";"27";"12";"2024";"19:40";"3";"77";"77277";"1";"1";"2";"6";"D436";"48,71472300";"2,86925600"
"202400014539";"3";"07";"2024";"23:00";"5";"33";"33324";"2";"1";"1";"2";"N/A";"44,82967500";"0,21895100"
"202400014540";"1";"02";"2024";"08:25";"1";"75";"75120";"2";"1";"2";"6";"ECHANGEUR BAGNOLET";"48,86295203";"2,41407484"
"202400014541";"19";"12";"2024";"12:50";"1";"78";"78346";"1";"3";"1";"3";"D11";"48,92780000";"1,57027200"
"202400014542";"4";"08";"2024";"11:09";"1";"85";"85092";"1";"1";"1";"5";"D148 pk 23";"46,45403800";" -0,82821900"
"202400014543";"28";"12";"2024";"18:15";"5";"66";"66225";"2";"1";"1";"1";"D61";"42,53087600";"2,90422100"
"202400014544";"1";"02";"2024";"08:05";"1";"75";"75113";"2";"1";"2";"2";"PORTE D IVRY";"48,81999200";"2,37413900"
"202400014545";"31";"01";"2024";"12:21";"1";"75";"75118";"2";"3";"1";"6";"RUE DES ABBESSES";"48,88416600";"2,33870400"
"202400014546";"4";"08";"2024";"20:55";"1";"14";"14658";"2";"1";"1";"1";"18 Rue de la Gare";"48,84261900";" -1,05109300"
"202400014547";"30";"10";"2024";"10:00";"1";"66";"66176";"2";"3";"1";"1";"Avenue Paul Riquet";"42,78476000";"2,96707000"
"202400014548";"4";"08";"2024";"17:30";"1";"29";"29124";"1";"1";"1";"7";"D110";"48,57762151";" -4,31447517"
"202400014549";"1";"02";"2024";"11:50";"1";"75";"75106";"2";"1";"1";"6";"RUE DE VAUGIRARD";"48,84803600";"2,33032200"
"202400014550";"28";"12";"2024";"08:15";"1";"25";"25626";"2";"1";"5";"6";"Route de Plenise";"47,34450100";"6,41251800"
"202400014551";"2";"08";"2024";"15:00";"1";"76";"76057";"1";"6";"1";"3";"rond point simone veill - rd 6015";"49,53541700";"0,96245200"
"202400014552";"28";"12";"2024";"14:50";"1";"68";"68154";"2";"6";"1";"6";"Rue de Sausheim";"47,77432000";"7,36161500"
"202400014553";"31";"01";"2024";"11:40";"1";"75";"75106";"2";"2";"1";"2";"RUE DU VIEUX COLOMBIER";"48,85158800";"2,33114200"
"202400014554";"4";"08";"2024";"20:25";"1";"13";"13215";"1";"1";"1";"3";"A7-Sens Lyon vers Marseille";"43,34906000";"5,37009000"
"202400014555";"28";"12";"2024";"14:25";"1";"55";"55255";"2";"2";"1";"5";"D905";"49,43359900";"5,37958600"
"202400014556";"1";"02";"2024";"09:00";"1";"75";"75120";"2";"1";"2";"5";"AVENUE GAMBETTA";"48,86401800";"2,39195600"
"202400014557";"4";"08";"2024";"14:25";"1";"13";"13211";"1";"1";"1";"4";"A50-Sens Marseille vers Aubagne";"43,29376990";"5,45719727"
"202400014558";"31";"01";"2024";"21:25";"5";"75";"75118";"2";"2";"1";"6";"RUE MARCADET";"48,89122000";"2,34364400"
"202400014559";"4";"08";"2024";"07:30";"1";"13";"13214";"1";"1";"1";"3";"A507 sens Marseille - Aubagne";"43,33077644";"5,38780715"
"202400014560";"27";"12";"2024";"15:34";"2";"01";"01211";"2";"1";"7";"2";"Route de Seillon";"46,12478500";"5,20677100"
"202400014561";"4";"08";"2024";"02:35";"5";"13";"13215";"1";"1";"1";"7";"A7-Sens Lyon vers Marseille";"43,38181453";"5,35199740"
"202400014562";"1";"02";"2024";"18:00";"5";"75";"75117";"2";"2";"1";"6";"RUE DE LA JONQUIERE";"48,89346400";"2,32536000"
"202400014563";"22";"12";"2024";"14:30";"1";"79";"79270";"2";"1";"2";"1";"N/A";"46,40927700";" -0,20697500"
"202400014564";"4";"08";"2024";"05:00";"3";"83";"83137";"1";"1";"1";"6";"A57";"43,12289546";"5,95772266"
"202400014565";"1";"02";"2024";"18:30";"5";"75";"75116";"2";"1";"1";"3";"AVENUE DU PRESIDENT KENNEDY";"48,85723700";"2,28701900"
"202400014566";"4";"08";"2024";"05:20";"3";"01";"01275";"1";"1";"1";"6";"A42   4.353 A 5.760   GEN/LYON";"45,80791900";"4,92906600"
"202400014567";"23";"12";"2024";"10:45";"1";"33";"33227";"2";"1";"1";"6";"N/A";"44,54561600";" -0,25699300"
"202400014568";"1";"02";"2024";"17:50";"1";"75";"75115";"2";"3";"1";"6";"BOULEVARD DE GRENELLE";"48,85222700";"2,29123600"
"202400014569";"4";"08";"2024";"18:55";"1";"33";"33550";"1";"1";"1";"6";"N/A";"44,77942900";" -0,54988100"
"202400014570";"28";"12";"2024";"14:10";"1";"60";"60450";"1";"1";"5";"1";"D929";"49,22837400";"2,29554200"
"202400014571";"1";"02";"2024";"17:10";"5";"75";"75115";"2";"1";"1";"6";"BOULEVARD PASTEUR";"48,84503700";"2,31175500"
"202400014572";"4";"08";"2024";"15:50";"1";"91";"91589";"1";"1";"1";"4";"AUTOROUTE A6";"48,67592356";"2,34025016"
"202400014573";"1";"02";"2024";"18:15";"5";"75";"75113";"2";"1";"1";"3";"BOULEVARD DU GENERAL JEAN SIMON";"48,82485600";"2,37948300"
"202400014574";"4";"08";"2024";"14:50";"1";"91";"91553";"1";"1";"1";"6";"RN 104";"48,63097000";"2,48932000"
"202400014575";"26";"12";"2024";"17:20";"2";"83";"83137";"1";"1";"1";"2";"A57";"43,12213900";"5,95594954"
"202400014576";"4";"08";"2024";"18:00";"1";"93";"93064";"1";"1";"1";"3";"AUTOROUTE A86";"48,88427014";"2,46958851"
"202400014577";"1";"02";"2024";"10:48";"1";"75";"75110";"2";"4";"2";"6";"BOULEVARD DE LA VILLETTE";"48,87439100";"2,37414400"
"202400014578";"25";"12";"2024";"12:10";"1";"83";"83137";"1";"1";"1";"4";"A57";"43,12994235";"5,97837713"
"202400014579";"4";"08";"2024";"16:20";"1";"93";"93066";"1";"1";"1";"2";"AUTOROUTE A1";"48,92290239";"2,35725128"
"202400014580";"1";"02";"2024";"03:53";"5";"94";"94081";"2";"1";"1";"2";"118 Rue Gabriel Péri";"48,79086062";"2,40223078"
"202400014581";"25";"12";"2024";"22:00";"3";"59";"59256";"1";"1";"1";"1";"AUTOROUTE A23";"50,56488000";"3,16302000"
"202400014582";"30";"05";"2024";"20:05";"1";"80";"80569";"1";"1";"1";"7";"Morcourt vallée de la Somme";"49,89379300";"2,65113000"
"202400014583";"27";"12";"2024";"07:35";"3";"91";"91521";"1";"1";"1";"7";"RN 441";"48,63558000";"2,40168000"
"202400014584";"1";"02";"2024";"09:15";"1";"94";"94022";"2";"8";"2";"6";"9 Avenue Léon Gourdault";"48,76366500";"2,40600700"
"202400014585";"3";"06";"2024";"08:28";"1";"74";"74133";"2";"1";"1";"3";"GENOT (RUE DU LIEUTENANT Y.)";"46,18328000";"6,19780000"
"202400014586";"27";"12";"2024";"08:50";"1";"93";"93066";"1";"1";"1";"2";"AUTOROUTE A1";"48,92985457";"2,36307976"
"202400014587";"6";"04";"2024";"17:30";"1";"88";"88487";"2";"1";"1";"7";"D20";"47,92612000";"6,46815800"
"202400014588";"30";"01";"2024";"18:20";"5";"94";"94079";"2";"3";"1";"2";"Rue du Général de Gaulle / Rue des Courts Sillons";"48,82731231";"2,54589647"
"202400014589";"2";"08";"2024";"10:00";"1";"92";"92036";"1";"1";"8";"7";"CABOEUFS (RUE DES) (134/282";"48,92398000";"2,30967000"
"202400014590";"27";"12";"2024";"01:40";"3";"95";"95277";"1";"4";"1";"6";"A104";"48,97330726";"2,48966630"
"202400014591";"1";"02";"2024";"19:35";"5";"94";"94017";"2";"3";"1";"6";"Rue Albert Thomas / Rue Albert Vinçon";"48,81434353";"2,51165052"
"202400014592";"22";"07";"2024";"17:30";"1";"44";"44109";"2";"1";"1";"4";"Boulevard Sarrebruck";"47,21469670";" -1,52491641"
"202400014593";"1";"02";"2024";"16:35";"1";"93";"93078";"2";"9";"1";"6";"Avenue Georges Clémenceau";"48,95998000";"2,55661000"
"202400014594";"3";"08";"2024";"17:30";"5";"988";"98818";"2";"3";"1";"1";"RUE AUGUSTE BENEBIGRUE TARAGNAT";" -22,27103000";"166,45242000"
"202400014595";"10";"10";"2024";"17:05";"1";"50";"50046";"1";"3";"2";"5";"RD 572";"49,15287100";" -0,94002800"
"202400014596";"26";"12";"2024";"23:12";"3";"974";"97411";"1";"9";"1";"7";"MONTAGNE (ROUTE DE LA)";" -20,88585000";"55,43899000"
"202400014597";"26";"01";"2024";"03:07";"4";"93";"93005";"2";"1";"8";"6";"Avenue Raoul Dufy";"48,96061000";"2,50129000"
"202400014598";"2";"08";"2024";"07:10";"1";"974";"97416";"2";"2";"1";"3";"PIOR (RUE HYPOLITTE)";" -21,29870000";"55,45371000"
"202400014599";"26";"12";"2024";"20:20";"5";"974";"97411";"2";"1";"1";"1";"LECONTE DE LISLE (AVENUE)";" -20,89542000";"55,48924000"
"202400014600";"3";"08";"2024";"08:10";"1";"974";"97411";"2";"1";"1";"6";"SAINT-FRANCOIS (BOULEVARD)";" -20,90215000";"55,46307000"
"202400014601";"31";"01";"2024";"20:10";"5";"93";"93064";"2";"2";"1";"5";"Avenue de la République / Rue Marie Louise";"48,86780800";"2,48487300"
"202400014602";"3";"08";"2024";"13:20";"1";"973";"97302";"1";"2";"1";"3";"CABASSOU (ROUTE DE)";"4,91924475";" -52,31760103"
"202400014603";"1";"02";"2024";"18:50";"5";"93";"93064";"2";"2";"1";"3";"Rue du Rhin / Rue de Strasbourg";"48,86689800";"2,49766100"
"202400014604";"3";"08";"2024";"02:10";"3";"973";"97302";"2";"6";"1";"7";"CRIQUE FOUILLEE (ROND POINT)";"4,89696722";" -52,32850188"
"202400014605";"1";"02";"2024";"08:25";"1";"93";"93064";"2";"2";"2";"6";"Rue Richard Gardebled / Rue Hussenet";"48,87509300";"2,48395000"
"202400014606";"3";"08";"2024";"06:50";"1";"972";"97213";"2";"6";"1";"2";"ROUTE DEPARTEMENTALE 14";"14,61777000";" -61,03153000"
"202400014607";"1";"02";"2024";"09:51";"1";"93";"93046";"2";"2";"2";"3";"Rue Pachot Lainé / Avenue César Collavéri";"48,92409000";"2,53909000"
"202400014608";"3";"08";"2024";"23:55";"5";100;100033";"2";"9";"1";"3";"TOUTES RUES";"42,70470000";"9,45422000"
"202400014609";"1";"02";"2024";"08:19";"2";"93";"93014";"2";"1";"2";"7";"Chemin des Postes";"48,90858000";"2,53479000"
"202400014610";"3";"08";"2024";"23:40";"5";101;101004";"2";"1";"1";"2";"PIETRI FRANCOIS RUE";"41,93524000";"8,74675000"
"202400014611";"1";"02";"2024";"15:20";"1";"92";"92078";"2";"3";"8";"3";"MARC SANGNIER (AVENUE)";"48,92973000";"2,32598000"
"202400014612";"3";"08";"2024";"00:55";"5";"83";"83137";"2";"6";"1";"3";"BIR-HAKEIM (ROND POINT)";"43,12124000";"5,94130000"
"202400014613";"31";"01";"2024";"13:50";"1";"92";"92063";"2";"1";"1";"6";"BONAPARTE (AVENUE NAPOLEON) NORD";"48,87133576";"2,16072661"
"202400014614";"3";"08";"2024";"15:50";"1";"80";"80261";"2";"1";"1";"3";"N/A";"49,87110200";"2,27999300"
"202400014615";"1";"02";"2024";"18:38";"5";"92";"92050";"2";"3";"1";"6";"PICASSO PABLO AVENUE";"48,89081588";"2,21581239"
"202400014616";"1";"02";"2024";"20:13";"5";"92";"92048";"2";"1";"1";"6";"REPUBLIQUE (RUE DE LA) N° 1 A 45";"48,80723737";"2,23597705"
"202400014617";"3";"08";"2024";"18:25";"1";"71";"71306";"2";"1";"1";"6";"ALOUETTES (AVENUE DES)";"46,67947000";"4,36698000"
"202400014618";"1";"02";"2024";"18:30";"5";"92";"92026";"2";"2";"1";"6";"REFLETS (PLACE)";"48,89055793";"2,24838978"
"202400014619";"3";"08";"2024";"21:50";"5";"69";"69266";"2";"1";"1";"6";"Cours Emile Zola";"45,76703000";"4,89227000"
"202400014620";"1";"08";"2024";"09:25";"1";"68";"68166";"2";"1";"1";"6";"Rue d'Illzach";"47,79056000";"7,34322600"
"202400014621";"31";"01";"2024";"23:40";"5";"92";"92024";"2";"3";"1";"3";"JEAN JAURES (BD) DE 47 A 109)   (56 A 14";"48,90089344";"2,30552334"