"Num_Acc";"jour";"mois";"an";"hrmn";"lum";"dep";"com";"agg";"int";"atm";"col";"adr";"lat";"long"
"202400014622";"3";"08";"2024";"03:55";"5";"67";"67482";"2";"3";"8";"3";"PARIS (QUAI DE)";"48,58501000";"7,74301000"
"202400014623";"1";"02";"2024";"16:25";"1";"92";"92012";"2";"1";"1";"6";"JEAN JAURES (BOULEVARD) 1/61 - COTE IMPA";"48,84302929";"2,23821938"
"202400014624";"31";"01";"2024";"22:32";"5";"92";"92002";"2";"1";"1";"6";"DIVISION LECLERC (53 A 217 - 58 A 186)";"48,74477755";"2,30332267"
"202400014625";"1";"02";"2024";"09:15";"1";"60";"60223";"2";"2";"2";"3";"142 Avenue de Flandres";"49,43083118";"2,64025731"
"202400014626";"3";"08";"2024";"22:10";"5";"63";"63113";"2";"2";"1";"3";"Rue de Blanzat / rue de Champfleuri";"45,78794000";"3,08378000"
"202400014627";"2";"02";"2024";"09:30";"1";"71";"71139";"1";"1";"5";"7";"D983";"46,63899203";"4,55726384"
"202400014628";"3";"08";"2024";"07:05";"1";"63";"63063";"1";"1";"1";"6";"N/A";"45,83300000";"3,11400000"
"202400014629";"3";"08";"2024";"00:05";"5";"61";"61001";"2";"1";"1";"6";"D438";"48,42201000";"0,08954000"
"202400014630";"3";"08";"2024";"19:00";"2";"59";"59360";"2";"1";"2";"6";"POTIE GEORGES RUE";"50,61359000";"3,00215000"
"202400014631";"3";"08";"2024";"21:15";"2";"59";"59588";"1";"1";"2";"1";"FURNES - ROUTE";"51,04415000";"2,44332000"
"202400014632";"3";"08";"2024";"17:45";"1";"54";"54547";"2";"2";"1";"1";"Avenue Jeanne d'Arc";"48,65814240";"6,17767963"
"202400014633";"3";"08";"2024";"14:55";"1";"54";"54395";"2";"2";"1";"3";"Rue Saint Léon";"48,69001188";"6,17183912"
"202400014634";"3";"08";"2024";"14:26";"1";"51";"51055";"2";"6";"1";"3";"CHAILLOT (RUE)";"49,28643000";"4,02759000"
"202400014635";"3";"08";"2024";"02:43";"4";"49";"49007";"2";"1";"1";"6";"RAMON BOULEVARD";"47,48565000";" -0,53339000"
"202400014636";"2";"08";"2024";"16:50";"1";"47";"47201";"2";"6";"1";"3";"MARNE (AV. DE LA)";"44,19459664";"0,60329138"
"202400014637";"3";"08";"2024";"15:00";"1";"44";"44162";"2";"1";"1";"6";"131 Boulevard Marcel Paul";"47,21425000";" -1,64799000"
"202400014638";"3";"08";"2024";"20:25";"1";"44";"44055";"2";"1";"8";"6";"38 Esplanade François André";"47,28145000";" -2,40087000"
"202400014639";"4";"08";"2024";"01:24";"3";"38";"38516";"1";"3";"1";"4";"Avenue de Verdun";"45,19239000";"5,74640000"
"202400014640";"3";"08";"2024";"17:20";"1";"38";"38151";"2";"9";"1";"6";"RUE DE NORMANDIE";"45,15826000";"5,72220000"
"202400014641";"3";"08";"2024";"13:50";"1";"35";"35238";"2";"1";"1";"6";"SAINT-HELIER";"48,10625000";" -1,66752000"
"202400014642";"4";"08";"2024";"00:35";"5";"34";"34172";"2";"6";"1";"3";"PRES D'ARENES (ROND-POINT DES)";"43,58878000";"3,89008000"
"202400014643";"3";"08";"2024";"23:15";"5";"34";"34172";"2";"1";"1";"1";"MONTELS-EGLISE (RUE DE)";"43,58179500";"3,88476600"
"202400014644";"3";"08";"2024";"11:46";"1";"34";"34172";"2";"1";"1";"2";"FLAHAULT (AVENUE CHARLES";"43,62770000";"3,85844000"
"202400014645";"3";"08";"2024";"18:45";"1";"33";"33063";"2";"2";"1";"3";"Rue Blanqui";"44,87844000";" -0,54778000"
"202400014646";"3";"08";"2024";"02:00";"4";"33";"33119";"2";"1";"1";"5";"N/A";"44,84336000";" -0,53198000"
"202400014647";"2";"08";"2024";"23:40";"5";"33";"33032";"2";"1";"1";"6";"N/A";"44,90548000";" -0,52971000"
"202400014648";"3";"08";"2024";"01:08";"3";"33";"33075";"2";"1";"1";"4";"N/A";"44,88848077";" -0,58833316"
"202400014649";"3";"08";"2024";"06:35";"2";"31";"31483";"2";"6";"1";"6";"DREYFUS RENE ( AVENUE)";"43,11171667";"0,69585890"
"202400014650";"3";"08";"2024";"00:40";"5";"28";"28085";"2";"9";"1";"7";"PEGUY (BOULEVARD CHARLES)";"48,44893000";"1,48333000"
"202400014651";"3";"08";"2024";"19:30";"1";"25";"25056";"2";"2";"1";"3";"CHOPARD RUE ALEXIS";"47,24619300";"6,03409100"
"202400014652";"3";"08";"2024";"17:40";"1";"14";"14366";"2";"9";"2";"1";"337 Rue Augustin Fresnel";"49,14495000";"0,26713000"
"202400014653";"4";"08";"2024";"00:20";"5";"13";"13209";"2";"1";"1";"3";"RAYMOND TEISSERE (RUE)";"43,27238582";"5,39959033"
"202400014654";"3";"08";"2024";"05:00";"3";"13";"13047";"1";"1";"1";"1";"RD 569";"43,56436000";"4,98425000"
"202400014655";"3";"08";"2024";"11:50";"1";"11";"11069";"2";"3";"1";"2";"N/A";"43,19916300";"2,32703000"
"202400014656";"3";"08";"2024";"13:55";"1";"07";"07019";"1";"1";"1";"1";"COTE DE VILLE RN 102";"44,59238000";"4,42251000"
"202400014657";"3";"08";"2024";"19:30";"1";"06";"06088";"2";"1";"1";"6";"Route de Turin";"43,72060600";"7,28768400"
"202400014658";"25";"07";"2024";"14:40";"1";"05";"05061";"2";"1";"1";"6";"EMBRUN ( AVENUE D')";"44,56923000";"6,10268000"
"202400014659";"2";"08";"2024";"17:20";"1";"05";"05023";"2";"1";"1";"6";"Rue Joseph Sylvestre";"44,88617300";"6,63424700"
"202400014660";"3";"08";"2024";"18:20";"1";"75";"75120";"2";"1";"1";"2";"BD PERIPHERIQUE INTERIEUR";"48,85993000";"2,41398200"
"202400014661";"2";"08";"2024";"22:30";"5";"75";"75112";"2";"1";"1";"3";"BD PERIPHERIQUE INTERIEUR";"48,83687000";"2,41240100"
"202400014662";"3";"08";"2024";"00:15";"5";"75";"75119";"2";"4";"1";"6";"BOULEVARD DE LA VILLETTE";"48,88243100";"2,37045600"
"202400014663";"3";"08";"2024";"16:20";"1";"75";"75118";"2";"2";"1";"1";"Rue de la Chapelle";"48,89851700";"2,35936800"
"202400014664";"3";"08";"2024";"19:00";"1";"75";"75115";"2";"1";"1";"6";"PONT DU GARIGLIANO";"48,83913700";"2,26879400"
"202400014665";"3";"08";"2024";"03:44";"5";"75";"75113";"2";"2";"1";"6";"AVENUE D ITALIE";"48,82615400";"2,35731700"
"202400014666";"3";"08";"2024";"06:55";"1";"75";"75112";"1";"2";"1";"3";"QUAI DE LA RAPEE";"48,84341400";"2,37073700"
"202400014667";"3";"08";"2024";"16:04";"1";"75";"75107";"2";"2";"1";"3";"AVENUE BOSQUET";"48,85884700";"2,30355200"
"202400014668";"3";"08";"2024";"01:20";"5";"75";"75107";"2";"7";"1";"7";"QUAI D ORSAY";"48,86282800";"2,31169800"
"202400014669";"3";"08";"2024";"13:00";"1";"94";"94018";"2";"2";"1";"3";"Rue Camille Mouquet";"48,82376300";"2,40749100"
"202400014670";"2";"08";"2024";"22:26";"3";"94";"94070";"1";"1";"1";"5";"Route de Mandres";"48,71426000";"2,56154000"
"202400014671";"3";"08";"2024";"14:15";"1";"93";"93055";"2";"3";"1";"2";"Rue Cartier Bresson / Rue Honoré";"48,90324401";"2,39591736"
"202400014672";"3";"08";"2024";"18:30";"1";"93";"93032";"2";"9";"1";"5";"Avenue Jean Jaurès / Rue Vaillant Couturier / Rue de Paris";"48,86560701";"2,56419393"
"202400014673";"3";"08";"2024";"06:20";"1";"93";"93051";"2";"1";"1";"3";"Boulevard Paul Pambrun";"48,84970000";"2,55888000"
"202400014674";"3";"08";"2024";"12:20";"1";"93";"93047";"2";"4";"1";"3";"BARGUE  (BOULEVARD)";"48,90300000";"2,56219000"
"202400014675";"2";"08";"2024";"21:20";"1";"93";"93010";"2";"1";"1";"6";"GALLIENI (AV.) CONFORAMA 53";"48,90567099";"2,47752434"
"202400014676";"3";"08";"2024";"22:50";"5";"92";"92040";"2";"3";"1";"3";"JEAN-PIERRE TIMBAUD";"48,82088775";"2,24996209"
"202400014677";"3";"08";"2024";"12:00";"1";"92";"92025";"2";"1";"1";"6";"AUDRA (AV)";"48,92790713";"2,24960354"
"202400014678";"2";"08";"2024";"16:50";"1";"92";"92025";"2";"3";"1";"3";"STALINGRAD (AV DE)";"48,93345082";"2,26436734"
"202400014679";"3";"08";"2024";"20:00";"1";"92";"92024";"2";"1";"2";"6";"FOURNIER (RUE)";"48,90510652";"2,29840529"
"202400014680";"3";"08";"2024";"09:30";"1";"92";"92023";"2";"9";"1";"6";"STENDHAL (AVENUE)";"48,78689113";"2,23703469"
"202400014681";"3";"08";"2024";"03:30";"5";"92";"92004";"2";"9";"2";"1";"PONT D'ASNIERES";"48,90536745";"2,28823328"
"202400014682";"3";"08";"2024";"16:27";"1";"92";"92004";"2";"1";"1";"3";"EMILE ZOLA ( RUE )";"48,92357480";"2,28506720"
"202400014683";"4";"08";"2024";"17:50";"1";"76";"76622";"1";"1";"1";"6";"D28 Route de Triquerville";"49,48181122";"0,61174750"
"202400014684";"2";"08";"2024";"15:30";"1";"50";"50493";"1";"1";"1";"1";"D924";"48,83658800";" -1,45659000"
"202400014685";"3";"08";"2024";"09:35";"1";"71";"71446";"1";"2";"1";"3";"route de montceau";"46,57759200";"4,53398500"
"202400014686";"4";"08";"2024";"10:45";"1";"974";"97413";"2";"3";"1";"1";"5 Rue des Pitayas";" -21,17742400";"55,28946300"
"202400014687";"30";"05";"2024";"19:10";"1";"59";"59220";"2";"2";"1";"6";"Rue Roger Salengro";"50,60292617";"3,06910605"
"202400014688";"29";"05";"2024";"20:50";"1";"59";"59507";"2";"3";"1";"1";"Rue de Lesquin";"50,59758000";"3,09682000"
"202400014689";"3";"08";"2024";"10:15";"1";"14";"14738";"1";"1";"1";"4";"A84";"49,16322800";" -0,44400200"
"202400014690";"28";"05";"2024";"13:25";"1";"57";"57672";"1";"1";"1";"2";"METZ (ROUTE DE)";"49,33563600";"6,15703100"
"202400014691";"3";"08";"2024";"18:00";"1";"62";"62436";"1";"1";"1";"7";"D23";"50,35700735";"2,33686687"
"202400014692";"30";"05";"2024";"15:31";"1";"57";"57480";"2";"1";"1";"2";"MARC SEGUIN (RUE )";"49,09578000";"6,15678000"
"202400014693";"3";"08";"2024";"18:00";"1";"19";"19136";"1";"3";"1";"7";"D36";"45,57629730";"2,13613871"
"202400014694";"12";"05";"2024";"04:05";"3";"57";"57463";"2";"1";"1";"6";"CHARRIERE (RUE DE LA )";"49,13002776";"6,21852994"
"202400014695";"4";"08";"2024";"14:30";"1";"56";"56028";"1";"1";"1";"7";"Croix du vau moulin";"47,62653600";" -2,28403500"
"202400014696";"30";"05";"2024";"12:10";"1";"56";"56260";"1";"9";"1";"3";"Liziec";"47,66881000";" -2,72406000"
"202400014697";"4";"08";"2024";"11:49";"1";"79";"79129";"2";"1";"1";"1";"N/A";"46,32106200";" -0,29214300"
"202400014698";"30";"05";"2024";"11:40";"1";"56";"56121";"2";"3";"1";"3";"Rue Paul Guieysse";"47,75767000";" -3,37277000"
"202400014699";"4";"08";"2024";"12:00";"1";"81";"81084";"1";"1";"1";"1";"D60";"43,49507700";"2,20579670"
"202400014700";"29";"05";"2024";"11:40";"1";"54";"54395";"2";"2";"1";"3";"Boulevard Jean Moulin";"48,67700392";"6,20786011"
"202400014701";"2";"08";"2024";"16:03";"1";"71";"71290";"1";"1";"1";"6";"Route de Clermain";"46,38846700";"4,61526600"
"202400014702";"27";"05";"2024";"07:55";"1";"52";"52448";"2";"1";"1";"3";"SARRAIL (AVENUE DU GENERAL)";"48,64422000";"4,95271000"
"202400014703";"30";"05";"2024";"17:38";"1";"51";"51108";"2";"1";"1";"6";"AUGUSTINS (RUE DES)";"48,95359000";"4,36389000"
"202400014704";"3";"08";"2024";"15:30";"1";"89";"89208";"1";"1";"1";"7";"Route Départementale 944";"47,59441400";"3,86461300"
"202400014705";"3";"08";"2024";"23:45";"5";"63";"63233";"2";"2";"1";"1";"11 Rue des Fossés";"46,18100000";"2,80667400"
"202400014706";"29";"05";"2024";"14:50";"1";"49";"49015";"2";"6";"1";"3";"MENDES FRANCE AVENUE PIERRE";"47,50208000";" -0,58495000"
"202400014707";"29";"05";"2024";"07:22";"1";"49";"49007";"2";"1";"8";"6";"RABELAIS";"47,45989000";" -0,54585000"
"202400014708";"4";"08";"2024";"10:00";"1";"22";"22047";"2";"9";"1";"1";"Route de Pontivy";"48,31079700";" -3,04869500"
"202400014709";"30";"05";"2024";"18:05";"1";"44";"44109";"2";"1";"1";"3";"19 Allée Henri Chrétien";"47,23104802";" -1,58730447"
"202400014710";"4";"08";"2024";"04:22";"3";"39";"39286";"1";"1";"1";"6";"N/A";"46,40402000";"5,76845500"
"202400014711";"29";"05";"2024";"17:00";"1";"44";"44109";"2";"1";"2";"6";"Route de Paris";"47,26010000";" -1,49939000"
"202400014712";"4";"08";"2024";"17:05";"1";"39";"39171";"1";"9";"1";"3";"N/A";"46,66270600";"5,43819000"
"202400014713";"3";"05";"2024";"13:10";"1";"42";"42218";"2";"1";"1";"6";"Boulevard de la Palle";"45,42750000";"4,41760000"
"202400014714";"4";"08";"2024";"00:47";"3";"25";"25186";"1";"1";"1";"6";"D1 / Rue de Besançon";"47,33056300";"5,94690800"
"202400014715";"4";"08";"2024";"00:45";"3";"29";"29081";"1";"1";"1";"6";"Meilh Coat Guinec";"48,36406600";" -3,77349800"
"202400014716";"24";"05";"2024";"19:25";"1";"42";"42218";"2";"2";"1";"3";"Rue de la Montat";"45,44326000";"4,41328000"
"202400014717";"4";"08";"2024";"14:00";"1";"01";"01305";"2";"6";"1";"7";"Rue Mal de Lattre de Tassigny";"46,42935400";"4,93862300"
"202400014718";"13";"04";"2024";"09:40";"1";"42";"42218";"2";"1";"1";"3";"Rue Alexandre Pourcel";"45,42360000";"4,39480000"
"202400014719";"4";"08";"2024";"01:00";"3";"26";"26001";"1";"1";"1";"7";"D93";"44,70016500";"5,39648700"
"202400014720";"24";"05";"2024";"11:13";"1";"42";"42218";"2";"1";"1";"3";"Boulevard Antonio Vivaldi";"45,47262000";"4,39612000"
"202400014721";"4";"08";"2024";"08:22";"1";"72";"72363";"1";"3";"1";"3";"D29";"48,09412200";"0,54137200"
"202400014722";"3";"08";"2024";"19:10";"1";"43";"43264";"1";"1";"1";"7";"Route de Condros";"45,19274020";"3,37779079"
"202400014723";"1";"05";"2024";"20:30";"1";"42";"42218";"2";"2";"2";"5";"Rue Montyon";"45,46420000";"4,38190000"
"202400014724";"30";"05";"2024";"12:20";"1";"37";"37122";"2";"1";"1";"2";"VERDUN (RUE DE)";"47,34380000";"0,66406000"
"202400014725";"30";"05";"2024";"17:00";"1";"35";"35238";"2";"3";"8";"6";"PARIS (RUE DE)";"48,11217296";" -1,67119190"
"202400014726";"30";"05";"2024";"14:30";"1";"34";"34301";"2";"1";"8";"6";"GUYNEMER GEORGES (AVENUE)";"43,41241000";"3,66131000"
"202400014727";"31";"05";"2024";"02:15";"5";"33";"33063";"2";"1";"1";"6";"N/A";"44,83188000";" -0,55828000"
"202400014728";"30";"05";"2024";"09:45";"1";"33";"33200";"2";"3";"8";"3";"N/A";"44,88862000";" -0,67416000"
"202400014729";"30";"05";"2024";"08:45";"1";"33";"33281";"2";"2";"8";"3";"N/A";"44,83855300";" -0,61885300"
"202400014730";"29";"05";"2024";"13:05";"1";"33";"33063";"2";"2";"1";"3";"N/A";"44,83338000";" -0,59891000"
"202400014731";"29";"05";"2024";"08:50";"1";"33";"33063";"2";"9";"8";"6";"N/A";"44,84864000";" -0,57550000"
"202400014732";"30";"05";"2024";"16:56";"1";"33";"33529";"2";"1";"1";"3";"N/A";"44,62407000";" -1,13521500"
"202400014733";"30";"05";"2024";"07:40";"1";"33";"33009";"2";"3";"2";"3";"N/A";"44,65675000";" -1,16517000"
"202400014734";"30";"05";"2024";"11:50";"1";"30";"30007";"2";"1";"8";"3";"N/A";"44,14280800";"4,10384300"
"202400014735";"30";"05";"2024";"18:00";"1";"26";"26362";"2";"3";"1";"3";"ALTHEAS ALLEE DES";"44,91182000";"4,88839000"
"202400014736";"24";"05";"2024";"19:10";"1";"19";"19031";"2";"1";"1";"3";"TEINCHURIER (AVENUE DU)";"45,14756000";"1,48280000"
"202400014737";"30";"05";"2024";"11:30";"1";"19";"19031";"2";"2";"1";"3";"CIPAN (RUE PAUL)";"45,16072000";"1,54368000"
"202400014738";"30";"05";"2024";"08:00";"1";"17";"17306";"2";"1";"1";"3";"FRONT DE MER (PROMENADE DE)";"45,62394000";" -1,02680000"
"202400014739";"30";"05";"2024";"06:30";"1";"13";"13106";"2";"1";"1";"3";"NELSON MANDELA (AVENUE)";"43,40880000";"5,36724000"
"202400014740";"30";"05";"2024";"18:00";"1";"13";"13215";"2";"1";"1";"3";"MADRAGUE VILLE (chemin de la)";"43,30000000";"5,40000000"
"202400014741";"30";"05";"2024";"08:30";"1";"13";"13212";"2";"1";"1";"2";"VAUDRAN (ALLEE DES)";"43,30600000";"5,47000000"
"202400014742";"22";"05";"2024";"18:30";"1";"13";"13201";"2";"1";"1";"6";"BIR HAKEIM (RUE)";"43,29687000";"5,37638000"
"202400014743";"30";"05";"2024";"17:50";"1";"13";"13004";"2";"2";"1";"3";"AV STALINGRAD";"43,69422566";"4,63979382"
"202400014744";"30";"05";"2024";"07:45";"1";"13";"13001";"2";"1";"1";"2";"EUROPE (AV )";"43,48559000";"5,34824000"
"202400014745";"27";"05";"2024";"07:30";"1";"11";"11069";"2";"2";"1";"3";"34 Avenue du Général Leclerc";"43,21017000";"2,36449000"
"202400014746";"29";"05";"2024";"07:25";"1";"10";"10362";"2";"2";"2";"3";"SAVIPOL (ZI)";"48,29301000";"4,00918000"
"202400014747";"30";"05";"2024";"17:25";"1";"06";"06069";"2";"3";"1";"2";"152 Chemin de Saint Marc";"43,63073000";"6,95870000"
"202400014748";"30";"05";"2024";"19:00";"1";"06";"06027";"2";"1";"1";"3";"Promenade de la Plage";"43,65636500";"7,17698900"
"202400014749";"30";"05";"2024";"18:00";"1";"01";"01053";"2";"1";"1";"2";"DE GAULLE ( BD GAL) PAIR";"46,19780000";"5,23930000"
"202400014750";"29";"05";"2024";"17:00";"1";"01";"01451";"2";"3";"1";"3";"HERRIOT ( BOULEVARD EDOUARD COTE PAIR)";"46,21301700";"5,21825400"
"202400014751";"30";"05";"2024";"18:14";"1";"75";"75116";"2";"1";"1";"2";"BD PERIPHERIQUE EXTERIEUR";"48,85724600";"2,25848900"
"202400014752";"30";"05";"2024";"08:45";"1";"75";"75114";"2";"1";"2";"2";"BD PERIPHERIQUE EXTERIEUR";"48,82429200";"2,30637000"
"202400014753";"29";"05";"2024";"23:45";"5";"75";"75120";"2";"1";"2";"6";"BD PERIPHERIQUE INTERIEUR";"48,86874200";"2,41325200"
"202400014754";"29";"05";"2024";"16:25";"1";"75";"75118";"2";"2";"2";"3";"PLACE DE LA CHAPELLE";"48,88456200";"2,35941900"
"202400014755";"27";"05";"2024";"13:50";"1";"75";"75105";"2";"3";"1";"6";"BOULEVARD SAINT MICHEL";"48,85273500";"2,34385900"
"202400014756";"30";"05";"2024";"12:40";"1";"75";"75117";"2";"3";"2";"7";"RUE GUSTAVE CHARPENTIER";"48,87931800";"2,28070200"
"202400014757";"30";"05";"2024";"15:50";"1";"75";"75116";"2";"3";"8";"3";"BOULEVARD SUCHET";"48,85945600";"2,26602400"
"202400014758";"29";"05";"2024";"10:30";"1";"75";"75116";"2";"2";"8";"6";"BOULEVARD MURAT";"48,84536800";"2,25757000"
"202400014759";"30";"05";"2024";"00:50";"5";"75";"75116";"2";"2";"8";"3";"ROUTE DE SURESNES";"48,86635600";"2,23162500"
"202400014760";"30";"05";"2024";"01:27";"5";"75";"75115";"2";"2";"1";"1";"QUAI BRANLY";"48,84618800";"2,29517300"
"202400014761";"29";"05";"2024";"20:15";"1";"75";"75114";"2";"3";"3";"3";"RUE DE LA TOMBE ISSOIRE";"48,82438700";"2,33109500"
"202400014762";"29";"05";"2024";"16:00";"1";"75";"75112";"2";"3";"2";"2";"AVENUE DU TREMBLAY";"48,83580600";"2,45308900"
"202400014763";"29";"05";"2024";"23:20";"5";"75";"75110";"2";"3";"2";"4";"RUE DU FAUBOURG SAINT MARTIN";"48,88255700";"2,36694400"
"202400014764";"29";"05";"2024";"17:40";"1";"75";"75107";"2";"1";"2";"2";"AVENUE DE VILLARS";"48,85264800";"2,31360600"
"202400014765";"30";"05";"2024";"16:30";"1";"75";"75101";"2";"1";"1";"6";"QUAI FRANCOIS MITTERRAND";"48,85959800";"2,33529600"
"202400014766";"29";"05";"2024";"16:45";"1";"75";"75102";"2";"3";"2";"1";"RUE DU CAIRE";"48,86702200";"2,35291200"
"202400014767";"29";"05";"2024";"10:10";"1";"75";"75102";"2";"3";"2";"7";"BOULEVARD DE SEBASTOPOL";"48,86706400";"2,35295600"
"202400014768";"30";"05";"2024";"07:00";"1";"94";"94080";"2";"1";"1";"3";"Avenue de Paris";"48,84613529";"2,42190117"
"202400014769";"30";"05";"2024";"16:00";"1";"94";"94074";"2";"3";"2";"6";"Rue du Colonel Fabien / Rue des Ecoles";"48,74465700";"2,47002900"
"202400014770";"30";"05";"2024";"11:45";"1";"94";"94042";"2";"1";"2";"6";"Avenue du President Kennedy";"48,81601457";"2,46500708"
"202400014771";"30";"05";"2024";"13:00";"1";"94";"94041";"2";"1";"2";"4";"107 Avenue Maurice Thorez";"48,81623576";"2,37696826"
"202400014772";"29";"05";"2024";"16:20";"1";"94";"94028";"1";"1";"2";"2";"D19";"48,79886000";"2,44592000"
"202400014773";"29";"05";"2024";"09:10";"1";"94";"94028";"2";"6";"3";"2";"Carrefour de Pompadour / Avenue de la Pompadour";"48,77413000";"2,43970000"
"202400014774";"30";"05";"2024";"17:00";"1";"94";"94018";"2";"3";"1";"6";"Rue de Paris / Avenue Anatole France";"48,82237000";"2,41236000"
"202400014775";"29";"05";"2024";"16:30";"1";"94";"94071";"2";"1";"2";"2";"Rue de Noiseau";"48,77339904";"2,53015692"
"202400014776";"29";"05";"2024";"16:30";"1";"93";"93050";"2";"3";"2";"7";"Avenue Paul Vaillant Couturier / Rue de la Pointe ";"48,86936426";"2,55557656"
"202400014777";"30";"05";"2024";"16:50";"1";"93";"93074";"2";"1";"1";"6";"Allée Jules Ferry";"48,93230500";"2,56684900"
"202400014778";"30";"05";"2024";"16:35";"1";"93";"93013";"2";"2";"1";"3";"Avenue de la Division Leclerc / Rue Anizan Cavillon";"48,93500000";"2,42600000"
"202400014779";"28";"05";"2024";"10:07";"1";"93";"93013";"2";"2";"2";"6";"Avenue Jean Jaurès / Avenue de la Division Leclerc";"48,93321953";"2,42406070"
"202400014780";"29";"05";"2024";"09:23";"1";"93";"93027";"2";"1";"2";"6";"Rue de la Convention";"48,92706000";"2,39336000"
"202400014781";"30";"05";"2024";"16:30";"1";"93";"93001";"2";"5";"1";"2";"Avenue Victor Hugo / Rue du Goulet";"48,90887000";"2,37814000"
"202400014782";"30";"05";"2024";"08:30";"1";"92";"92046";"2";"1";"2";"7";"DE STALINGRAD";"48,81441000";"2,27964000"
"202400014783";"30";"05";"2024";"09:02";"1";"92";"92062";"2";"1";"2";"3";"DE DION BOUTON (QUAI) DU 29 AU 65";"48,88247962";"2,24756062"
"202400014784";"30";"05";"2024";"20:52";"1";"92";"92020";"2";"1";"2";"3";"LIBERTE BOULEVARD DE LA N° IMPAIRS";"48,79911581";"2,29427952"
"202400014785";"30";"05";"2024";"06:45";"2";"92";"92048";"1";"6";"8";"7";"TRIVAUX (AVENUE DE) N° 9";"48,79748965";"2,23235214"
"202400014786";"30";"05";"2024";"09:40";"1";"92";"92025";"2";"2";"1";"3";"CHARLES DE GAULLE (BD)";"48,90893416";"2,23660201"
"202400014787";"30";"05";"2024";"20:45";"2";"92";"92024";"2";"3";"1";"2";"LEON BLUM (RUE)";"48,90830204";"2,30433244"
"202400014788";"31";"05";"2024";"16:35";"1";"17";"17262";"1";"2";"1";"3";"Croisement D125 et D728";"45,74594200";" -0,71058200"
"202400014789";"30";"05";"2024";"02:30";"3";"01";"01143";"2";"1";"3";"6";"Chemin des Ecoliers";"46,37281300";"6,15693600"
"202400014790";"20";"05";"2024";"14:13";"1";"01";"01360";"2";"1";"1";"6";"313 Rue du Bourg";"46,20949600";"5,95783500"
"202400014791";"30";"05";"2024";"16:17";"1";"36";"36129";"1";"1";"3";"6";"N/A";"46,62572300";"1,91738200"
"202400014792";"31";"05";"2024";"15:40";"1";"34";"34270";"2";"4";"1";"3";"D132";"43,57516800";"3,85378700"
"202400014793";"30";"05";"2024";"07:58";"2";"59";"59331";"1";"1";"2";"7";"Route de Prisches";"50,11262500";"3,70994600"
"202400014794";"30";"05";"2024";"17:00";"1";"56";"56169";"1";"1";"1";"1";"Lieu Dit Kerfourcher";"47,71467400";" -3,24041400"
"202400014795";"31";"05";"2024";"07:50";"1";"82";"82044";"1";"1";"1";"5";"D21";"43,93189900";"1,38208900"
"202400014796";"31";"05";"2024";"18:15";"1";"71";"71092";"1";"1";"1";"1";"D12";"46,57734500";"5,17560700"
"202400014797";"22";"01";"2024";"10:30";"1";"71";"71380";"1";"1";"1";"3";"Route de Saint Germain du Bois";"46,68517180";"5,37842620"
"202400014798";"31";"05";"2024";"14:15";"1";"89";"89345";"2";"3";"1";"3";"41 Grande Rue";"48,00021700";"3,72809900"
"202400014799";"31";"05";"2024";"06:20";"1";"42";"42289";"1";"1";"1";"6";"Route de Neulise";"45,92353400";"4,20108700"
"202400014800";"29";"05";"2024";"15:00";"1";"34";"34178";"1";"3";"1";"3";"D19";"43,42989200";"3,15193900"
"202400014801";"27";"05";"2024";"18:25";"1";"22";"22229";"1";"3";"8";"3";"D790";"48,28568100";" -3,24460100"
"202400014802";"30";"05";"2024";"18:00";"1";"44";"44049";"2";"2";"1";"3";"9 Rue Emmanuel Provost";"47,28708200";" -2,50863300"
"202400014803";"29";"05";"2024";"14:10";"1";"38";"38422";"1";"1";"1";"3";"Route de Chamrousse";"45,15415500";"5,87994900"
"202400014804";"30";"05";"2024";"22:00";"3";"72";"72356";"2";"1";"1";"6";"Rue Tire Oiseau";"47,75369700";"0,44554200"
"202400014805";"30";"05";"2024";"20:30";"2";"73";"73067";"1";"1";"3";"6";"D1006";"45,36381340";"6,28736245"
"202400014806";"31";"05";"2024";"03:30";"3";"10";"10139";"1";"1";"2";"1";"D400";"48,42575800";"4,65501700"
"202400014807";"31";"05";"2024";"12:30";"1";"07";"07201";"1";"1";"1";"5";"62 Chemin de la Grand-terre";"44,42910600";"4,33203600"
"202400014808";"30";"05";"2024";"13:45";"1";"37";"37050";"2";"1";"3";"7";"Rue Philippe Maupas";"47,33650300";"0,69323300"
"202400014809";"30";"05";"2024";"18:45";"1";"30";"30269";"1";"1";"1";"7";"rd 260";"44,12792100";"3,86465500"
"202400014810";"31";"05";"2024";"16:54";"1";"52";"52376";"1";"1";"1";"6";"Route Départementale 151";"48,47622200";"5,28596900"
"202400014811";"30";"05";"2024";"16:45";"1";"973";"97307";"1";"1";"2";"3";"ROUTE RN2";"4,83422000";" -52,33951100"
"202400014812";"31";"05";"2024";"08:35";"1";"17";"17337";"2";"1";"1";"6";"637 Route Nationale";"45,97322500";" -1,35092700"
"202400014813";"31";"05";"2024";"10:00";"1";"17";"17324";"1";"2";"1";"3";"rd137";"45,39869500";" -0,56308200"
"202400014814";"30";"05";"2024";"07:00";"1";"971";"97103";"2";"1";"1";"3";"chemin de trioncelle";"16,26561200";" -61,58343300"
"202400014815";"30";"05";"2024";"08:40";"1";"971";"97117";"1";"2";"1";"3";"section gardel";"16,30372600";" -61,32486800"