"Num_Acc";"jour";"mois";"an";"hrmn";"lum";"dep";"com";"agg";"int";"atm";"col";"adr";"lat";"long"
"202400014816";"29";"05";"2024";"10:30";"1";"971";"97117";"2";"1";"1";"3";"Rocade Sergent";"16,32559100";" -61,35195300"
"202400014817";"30";"05";"2024";"16:20";"1";"977";"97701";"2";"1";"1";"1";"GRAND FOND";"17,89295000";" -62,80973900"
"202400014818";"31";"05";"2024";"14:30";"1";"77";"77508";"1";"1";"2";"1";"D231 PK 42+800";"48,82064000";"2,84170400"
"202400014819";"29";"05";"2024";"17:25";"1";100;100148";"2";"1";"1";"3";"T205";"42,54623200";"9,44223900"
"202400014820";"30";"05";"2024";"19:40";"1";"83";"83112";"2";"1";"7";"6";"Avenue du Littoral";"43,18320472";"5,69163442"
"202400014821";"29";"05";"2024";"17:30";"1";"83";"83099";"1";"1";"1";"1";"821 Chemin des Vernèdes";"43,45549100";"6,70348900"
"202400014822";"30";"05";"2024";"16:25";"1";"13";"13041";"1";"3";"1";"3";"d60";"43,44876700";"5,44677300"
"202400014823";"9";"05";"2024";"00:01";"3";"68";"68226";"2";"1";"1";"6";"Rue du Tilleul";"48,04263500";"7,13758300"
"202400014824";"31";"05";"2024";"12:45";"1";"42";"42299";"1";"2";"1";"5";"Boulevard Pierre de Coubertin";"45,61259300";"4,07889700"
"202400014825";"29";"05";"2024";"22:45";"5";"38";"38474";"2";"1";"2";"7";"Rue Pierre de Coubertin";"45,21296700";"5,67071800"
"202400014826";"31";"05";"2024";"16:15";"1";"81";"81131";"2";"3";"1";"3";"Rue de la Carrieuroulette";"43,89737400";"1,99312800"
"202400014827";"31";"05";"2024";"15:30";"1";"33";"33449";"2";"3";"1";"1";"N/A";"44,89349600";" -0,76323300"
"202400014828";"31";"05";"2024";"05:55";"2";"85";"85211";"1";"1";"1";"6";"RD12";"46,60179000";" -1,54854000"
"202400014829";"30";"05";"2024";"05:00";"3";"85";"85177";"1";"1";"1";"6";"RD938T";"46,38774400";" -0,87468000"
"202400014830";"30";"05";"2024";"16:17";"1";"85";"85003";"1";"1";"1";"7";"RD948";"46,74317000";" -1,62152800"
"202400014831";"30";"05";"2024";"20:25";"2";"49";"49301";"1";"1";"1";"3";"Rd 753- TORFOU";"47,05397700";" -1,04934500"
"202400014832";"30";"05";"2024";"14:20";"1";"29";"29198";"1";"1";"1";"6";"Lieu-Dit Kerdives";"48,61764789";" -4,33169104"
"202400014833";"29";"05";"2024";"12:15";"1";"22";"22093";"2";"3";"2";"6";"Rue des Augustins";"48,46924400";" -2,51716700"
"202400014834";"31";"05";"2024";"07:41";"1";"76";"76222";"2";"3";"1";"6";"Avenue du Président Coty";"49,47865759";"0,86975321"
"202400014835";"29";"05";"2024";"05:05";"5";"13";"13215";"2";"9";"1";"6";"A55-Sens Martigues vers Marseille";"43,33188505";"5,35414144"
"202400014836";"30";"05";"2024";"17:30";"1";"13";"13117";"1";"1";"1";"2";"A7-Sens Lyon vers Marseille";"43,42468796";"5,26516861"
"202400014837";"29";"05";"2024";"09:05";"1";"13";"13001";"2";"1";"1";"2";"A51-Sens Aix en Provence vers Marseille";"43,52735000";"5,42701000"
"202400014838";"30";"05";"2024";"08:40";"1";"13";"13212";"1";"1";"1";"2";"A50-Sens Marseille vers Aubagne";"43,29325000";"5,42496000"
"202400014839";"29";"05";"2024";"08:15";"1";"13";"13216";"1";"1";"1";"3";"A55-Sens Marseille vers Martigues";"43,35147000";"5,34803000"
"202400014840";"30";"05";"2024";"07:50";"1";"33";"33397";"1";"1";"2";"4";"N/A";"44,90190000";" -0,49364000"
"202400014841";"30";"05";"2024";"07:20";"1";"33";"33249";"1";"1";"2";"2";"N/A";"44,87161000";" -0,50571000"
"202400014842";"28";"05";"2024";"16:27";"1";"33";"33318";"1";"1";"1";"3";"N/A";"44,78769200";" -0,63778700"
"202400014843";"26";"05";"2024";"12:39";"1";"59";"59183";"1";"1";"1";"5";"AUTOROUTE A16";"51,01009000";"2,33078000"
"202400014844";"30";"05";"2024";"05:00";"3";"92";"92072";"1";"1";"2";"6";"N118";"48,82115330";"2,21942397"
"202400014845";"29";"05";"2024";"18:20";"1";"92";"92047";"1";"1";"2";"4";"A13";"48,83459228";"2,17162733"
"202400014846";"29";"02";"2024";"13:15";"1";"92";"92050";"1";"1";"2";"2";"A14";"48,89847128";"2,21701091"
"202400014847";"30";"05";"2024";"18:15";"1";"93";"93005";"1";"1";"1";"5";"A3";"48,96906921";"2,48125604"
"202400014848";"30";"05";"2024";"17:35";"1";"93";"93078";"1";"1";"1";"2";"A104";"48,96742731";"2,51064901"
"202400014849";"30";"05";"2024";"05:00";"5";"92";"92078";"1";"1";"1";"6";"AUTOROUTE A86";"48,92830843";"2,33162459"
"202400014850";"29";"05";"2024";"19:00";"1";"95";"95256";"1";"1";"2";"2";"N184";"49,05506170";"2,20194139"
"202400014851";"29";"05";"2024";"20:45";"2";"95";"95218";"1";"1";"2";"6";"A15";"49,03512876";"2,09846616"
"202400014852";"29";"05";"2024";"21:35";"2";"93";"93078";"1";"1";"3";"6";"A104";"48,95842430";"2,53351004"
"202400014853";"30";"05";"2024";"09:45";"1";"94";"94018";"1";"1";"1";"3";"A4";"48,82392287";"2,39473975"
"202400014854";"30";"05";"2024";"06:55";"1";"94";"94017";"1";"1";"2";"4";"A4";"48,82750405";"2,50777674"
"202400014855";"29";"05";"2024";"09:49";"1";"94";"94022";"1";"1";"2";"2";"A86";"48,77659469";"2,41691046"
"202400014856";"30";"03";"2024";"11:54";"1";"44";"44109";"2";"1";"8";"3";"Place du Port Cormmuneau";"47,21967516";" -1,55440930"
"202400014857";"28";"03";"2024";"11:03";"1";"44";"44109";"2";"1";"1";"6";"2 Place Saint Similien";"47,22026743";" -1,55858954"
"202400014858";"27";"03";"2024";"10:55";"1";"44";"44114";"2";"2";"8";"3";"Avenue de la Paquelais";"47,24821981";" -1,60445164"
"202400014859";"17";"03";"2024";"13:58";"1";"44";"44109";"2";"1";"1";"3";"85 Route de Paris";"47,25393070";" -1,51437160"
"202400014860";"15";"03";"2024";"13:40";"1";"44";"44109";"2";"2";"8";"3";"Boulevard de Seatle";"47,21970712";" -1,51626213"
"202400014861";"31";"01";"2024";"09:00";"1";"44";"44109";"2";"2";"1";"3";"9 Rue de Richebourg";"47,21835000";" -1,54351000"
"202400014862";"26";"01";"2024";"09:21";"1";"32";"32115";"1";"1";"5";"1";"1483 Route de Noulens";"43,77560800";"0,18230300"
"202400014863";"28";"05";"2024";"13:30";"1";"987";"98735";"1";"1";"1";"3";"POMARE V (AVENUE)";" -17,53088000";" -149,56354000"
"202400014864";"29";"05";"2024";"07:30";"1";"974";"97411";"2";"1";"1";"6";"JAURES (BLD 1 JEAN)";" -20,90098000";"55,49246000"
"202400014865";"27";"05";"2024";"11:25";"1";"974";"97411";"2";"1";"1";"3";"GAULLE (DU GENERAL DE)";" -20,88554000";"55,46393000"
"202400014866";"29";"05";"2024";"17:05";"1";"973";"97302";"2";"1";"1";"2";"BADUEL (ROUTE DE)";"4,93131000";" -52,30633000"
"202400014867";"29";"05";"2024";"10:45";"1";"973";"97302";"1";"6";"1";"3";"CRIQUE FOUILLEE (ROND POINT)";"4,89713000";" -52,32839000"
"202400014868";"28";"05";"2024";"13:00";"1";"973";"97302";"2";"1";"1";"7";"ESTREES (AVENUE D')";"4,94076000";" -52,32371000"
"202400014869";"29";"05";"2024";"07:10";"1";"973";"97302";"2";"1";"2";"6";"CABASSOU (ROUTE DE)";"4,92072000";" -52,32162000"
"202400014870";"29";"05";"2024";"14:00";"1";"972";"97209";"2";"1";"1";"2";"RD 41 (ROCADE)";"14,61642000";" -61,07154000"
"202400014871";"28";"05";"2024";"05:55";"1";"972";"97209";"2";"1";"1";"3";"CHATEAUBOEUF (ROUTE DE)";"14,62135000";" -61,04301000"
"202400014872";"29";"05";"2024";"18:12";"1";"69";"69389";"2";"1";"1";"6";"Place Abbé Pierre";"45,78647706";"4,79528861"
"202400014873";"29";"05";"2024";"09:20";"1";"69";"69389";"2";"1";"1";"3";"55 Rue Pierre Audry";"45,76438000";"4,80669000"
"202400014874";"28";"05";"2024";"16:20";"1";"95";"95427";"2";"1";"2";"6";"D311";"48,97508813";"2,33772218"
"202400014875";"29";"05";"2024";"09:10";"1";"91";"91645";"2";"2";"2";"6";"POMPIDOU (AVENUE GEORGES)";"48,74522000";"2,28307000"
"202400014876";"29";"05";"2024";"14:10";"1";"91";"91589";"2";"1";"2";"6";"ROBERT LEUTHREAU (AVENUE)";"48,69709500";"2,34958400"
"202400014877";"14";"10";"2024";"21:50";"5";"49";"49007";"2";"1";"1";"1";"MOULIN PONT ET PLACE";"47,48951000";" -0,54665000"
"202400014878";"28";"05";"2024";"18:09";"1";"87";"87085";"2";"1";"1";"6";"NEXON (RUE DE)";"45,81839000";"1,26387000"
"202400014879";"15";"10";"2024";"07:55";"2";"45";"45234";"2";"1";"1";"1";"80 Quai du Châtelet";"47,89789000";"1,90564000"
"202400014880";"29";"05";"2024";"13:00";"1";"83";"83069";"2";"9";"1";"3";"RIQUIER (AVENUE OLBIUS)";"43,11327000";"6,12900000"
"202400014881";"27";"05";"2024";"15:25";"1";"82";"82033";"2";"1";"1";"6";"Route de Moissac";"44,05868097";"1,09879115"
"202400014882";"15";"10";"2024";"07:50";"2";"37";"37208";"2";"6";"8";"6";"LAC (AVENUE DU)";"47,36609000";"0,71740000"
"202400014883";"29";"05";"2024";"19:15";"1";"69";"69266";"2";"2";"1";"3";"Rue du Nord";"45,76379000";"4,88181000"
"202400014884";"15";"10";"2024";"07:30";"5";"37";"37122";"2";"6";"8";"3";"JAURES (BOULEVARD JEAN)";"47,34892000";"0,66502000"
"202400014885";"28";"05";"2024";"17:15";"1";"69";"69290";"2";"1";"1";"3";"Rue du Grisard";"45,69689000";"4,95845000"
"202400014886";"15";"10";"2024";"19:25";"2";"35";"35238";"1";"1";"1";"6";"RN136";"48,08068000";" -1,67307000"
"202400014887";"28";"05";"2024";"17:00";"1";"69";"69029";"2";"1";"1";"7";"4 Avenue Maréchal de Lattre de Tassigny";"45,73122000";"4,91759000"
"202400014888";"15";"10";"2024";"17:20";"1";"35";"35238";"2";"1";"1";"3";"SOUVESTRE (SQUARE EMILE)";"48,10330000";" -1,67903000"
"202400014889";"11";"05";"2024";"06:46";"2";"68";"68166";"2";"1";"1";"1";"GUEBWILLER (RUE DE)";"47,78893000";"7,31552000"
"202400014890";"28";"05";"2024";"07:05";"1";"67";"67482";"2";"1";"1";"3";"NEUHOF (ROUTE)";"48,55473500";"7,76640200"
"202400014891";"15";"10";"2024";"13:15";"1";"35";"35238";"2";"6";"1";"3";"VALLES (JULES)";"48,10385000";" -1,71187000"
"202400014892";"28";"05";"2024";"12:05";"1";"64";"64445";"2";"1";"1";"6";"HAUTERIVE";"43,32283000";" -0,34671000"
"202400014893";"15";"10";"2024";"13:10";"1";"35";"35115";"2";"3";"2";"3";"FEUTERIES (RUE DES)";"48,35260000";" -1,19621000"
"202400014894";"29";"05";"2024";"09:05";"1";"64";"64122";"2";"1";"1";"1";"RD 810";"43,47270000";" -1,53510000"
"202400014895";"28";"05";"2024";"19:13";"1";"64";"64102";"2";"9";"1";"6";"RESPLANDY (AVENUE DU CAPITAINE)";"43,49032000";" -1,46744000"
"202400014896";"28";"05";"2024";"18:42";"1";"64";"64024";"2";"1";"1";"2";"GIROUETTE (ROUTE DES)";"43,47161000";" -1,50172000"
"202400014897";"15";"10";"2024";"19:50";"5";"33";"33063";"2";"3";"1";"3";"N/A";"44,82333000";" -0,57069000"
"202400014898";"28";"05";"2024";"17:39";"1";"64";"64024";"2";"9";"1";"3";"ADOUR (AVENUE DE L')";"43,51255577";" -1,50017828"
"202400014899";"15";"10";"2024";"09:00";"1";"33";"33009";"2";"4";"2";"7";"N/A";"44,65653880";" -1,16414502"
"202400014900";"28";"05";"2024";"18:52";"1";"64";"64024";"2";"1";"1";"2";"BAB (Boulevard)";"43,49382058";" -1,52372807"
"202400014901";"15";"10";"2024";"16:10";"1";"31";"31555";"2";"3";"1";"2";"AV JEAN ZAY";"43,65024000";"1,42861000"
"202400014902";"28";"05";"2024";"16:30";"1";"64";"64102";"2";"1";"1";"3";"SAINT BERNARD (CHEMIN DE)";"43,50797000";" -1,48771000"
"202400014903";"30";"05";"2024";"01:40";"5";"63";"63075";"2";"1";"1";"6";"THERMALE (AVENUE)";"45,77134465";"3,05741251"
"202400014904";"14";"10";"2024";"16:04";"1";"19";"19272";"2";"1";"1";"6";"Henri de Bournazel (Av)";"45,26750000";"1,76886000"
"202400014905";"24";"05";"2024";"14:45";"1";"62";"62570";"2";"2";"1";"3";"Rue Jules Mousseron";"50,40381748";"2,88301992"
"202400014906";"29";"05";"2024";"19:00";"1";"60";"60684";"2";"1";"3";"1";"Avenue F et I Joliot Curie";"49,28023090";"2,49781880"
"202400014907";"15";"10";"2024";"07:25";"5";"15";"15014";"2";"1";"1";"6";"Avenue de la République";"44,92785000";"2,44188000"
"202400014908";"29";"05";"2024";"22:00";"5";"59";"59512";"2";"2";"1";"3";"Rue de Beaurewaert";"50,68853796";"3,18564679"
"202400014909";"15";"10";"2024";"11:10";"1";"14";"14699";"2";"2";"1";"3";"1 Rue de Saint-andreasberg";"49,34016500";"0,10305100"
"202400014910";"29";"05";"2024";"23:00";"5";"59";"59009";"2";"1";"1";"2";"Avenue de Flandre";"50,66331000";"3,13754000"
"202400014911";"15";"10";"2024";"22:05";"5";"13";"13206";"2";"2";"2";"2";"PARADIS (RUE)";"43,28800575";"5,37909434"
"202400014912";"15";"10";"2024";"11:20";"1";"13";"13212";"2";"3";"1";"3";"CHARLES KADDOUZ (RUE)";"43,31783113";"5,43887647"
"202400014913";"14";"10";"2024";"09:20";"1";"13";"13215";"2";"1";"1";"5";"PIERRE DRAMARD (BOULEVARD)";"43,37749049";"5,36122243"
"202400014914";"15";"10";"2024";"12:20";"1";"13";"13005";"2";"1";"1";"6";"BARTHELEMY (RUE DU DR)";"43,29595000";"5,56750000"
"202400014915";"15";"10";"2024";"18:50";"2";"11";"11069";"2";"1";"2";"6";"60 Avenue Bunau Varilla";"43,21000000";"2,34000000"
"202400014916";"28";"05";"2024";"09:30";"1";"59";"59350";"2";"1";"1";"6";"Rue Saint-Sauveur";"50,63090000";"3,07203000"
"202400014917";"15";"10";"2024";"09:56";"1";"10";"10297";"2";"1";"1";"1";"Rue Danton";"48,32832000";"4,10919000"
"202400014918";"28";"05";"2024";"08:50";"1";"57";"57480";"2";"1";"1";"6";"MARTYRS DE LA RESISTANCE (RUE DES )";"49,09999000";"6,15501000"
"202400014919";"14";"10";"2024";"10:40";"1";"07";"07281";"1";"9";"2";"7";"C.D. 533 (VERS LE PUY)";"44,93678502";"4,78754461"
"202400014920";"14";"10";"2024";"16:39";"1";"06";"06088";"2";"1";"1";"6";"38 Boulevard Général Louis Delfino";"43,70484000";"7,28650000"
"202400014921";"29";"05";"2024";"08:18";"1";"56";"56260";"2";"1";"2";"5";"Route de Rennes";"47,67124000";" -2,72235000"
"202400014922";"14";"10";"2024";"15:40";"1";"75";"75117";"2";"1";"1";"3";"BD PERIPHERIQUE EXTERIEUR ";"48,89333700";"2,30341100"
"202400014923";"14";"10";"2024";"22:39";"5";"75";"75105";"2";"2";"1";"3";"BOULEVARD SAINT GERMAIN";"48,84932876";"2,35601762"
"202400014924";"15";"10";"2024";"16:30";"1";"75";"75117";"2";"2";"1";"3";"AVENUE DES TERNES";"48,87871400";"2,29422500"
"202400014925";"14";"10";"2024";"21:20";"5";"75";"75115";"2";"2";"1";"3";"BOULEVARD PASTEUR";"48,84284500";"2,31239000"
"202400014926";"9";"10";"2024";"22:20";"5";"75";"75114";"2";"2";"3";"6";"PLACE DU VINGT CINQ AOUT 1944";"48,82323100";"2,32552900"
"202400014927";"15";"10";"2024";"19:45";"5";"75";"75105";"2";"2";"2";"6";"BOULEVARD SAINT MARCEL";"48,85029800";"2,34256800"
"202400014928";"14";"10";"2024";"12:45";"1";"75";"75111";"2";"3";"1";"2";"RUE DE LA ROQUETTE";"48,86651213";"2,37657863"
"202400014929";"15";"10";"2024";"17:01";"1";"75";"75110";"2";"2";"1";"3";"BOULEVARD DE MAGENTA";"48,87494100";"2,35732200"
"202400014930";"15";"10";"2024";"10:05";"1";"75";"75109";"2";"3";"1";"6";"RUE DES MARTYRS";"48,87941500";"2,33997700"
"202400014931";"14";"10";"2024";"14:07";"1";"75";"75107";"2";"3";"8";"3";"AVENUE DU MARECHAL GALLIENI";"48,86282600";"2,31343500"
"202400014932";"14";"10";"2024";"12:05";"1";"94";"94068";"2";"5";"1";"3";"Rue Danton";"48,79263000";"2,49742000"
"202400014933";"15";"10";"2024";"07:55";"1";"94";"94033";"2";"1";"1";"2";"Avenue de Lattre de Tassigny";"48,85509000";"2,49289000"
"202400014934";"15";"10";"2024";"15:35";"1";"94";"94046";"2";"1";"1";"1";"13 Avenue du Général de Gaulle";"48,81169800";"2,42265900"
"202400014935";"15";"10";"2024";"07:30";"2";"94";"94043";"2";"1";"1";"3";"Boulevard du Général de Gaulle";"48,81589000";"2,35923000"
"202400014936";"15";"10";"2024";"19:13";"5";"94";"94041";"2";"2";"2";"1";"Quai Jean Compagnon";"48,81944649";"2,39793777"
"202400014937";"15";"10";"2024";"09:15";"1";"94";"94041";"2";"9";"1";"3";"Quai Marcel Boyer";"48,80785000";"2,38683000"
"202400014938";"14";"10";"2024";"16:40";"1";"94";"94017";"2";"3";"1";"3";"Avenue Marx Dormoy";"48,80629347";"2,53003845"
"202400014939";"15";"10";"2024";"07:40";"2";"93";"93066";"2";"3";"1";"3";"GUYNEMER";"48,94554027";"2,36374793"
"202400014940";"15";"10";"2024";"13:53";"1";"93";"93074";"2";"1";"1";"3";"MEAUX RUE DE";"48,93526000";"2,57079000"
"202400014941";"15";"10";"2024";"12:25";"1";"93";"93047";"2";"9";"8";"6";"GROUES  (CHEMIN DES)";"48,89736694";"2,57476343"
"202400014942";"15";"10";"2024";"18:45";"1";"93";"93005";"2";"6";"1";"3";"CLEMENT ADER (RUE)";"48,94330000";"2,48219000"
"202400014943";"15";"10";"2024";"08:50";"1";"92";"92020";"2";"1";"1";"6";"DIVISION LECLERC AVENUE DE LA";"48,79685403";"2,28052084"
"202400014944";"15";"10";"2024";"17:55";"1";"92";"92040";"2";"1";"1";"3";"GUYNEMER";"48,83068000";"2,27818000"
"202400014945";"15";"10";"2024";"22:30";"5";"92";"92024";"2";"3";"1";"3";"VICTOR HUGO (BD)";"48,89887867";"2,31278211"
"202400014946";"16";"10";"2024";"08:30";"1";"974";"97415";"1";"1";"1";"5";"D2";" -20,97075700";"55,30899500"
"202400014947";"15";"10";"2024";"19:40";"3";"35";"35120";"1";"1";"1";"6";"la Cornillère";"48,21368600";" -1,77114300"
"202400014948";"15";"10";"2024";"16:40";"1";"01";"01045";"1";"2";"1";"3";"D2";"45,96317300";"5,04044700"
"202400014949";"16";"10";"2024";"10:25";"1";"62";"62057";"2";"9";"1";"3";"Rue Virginie Plachier";"50,87334400";"2,06787600"
"202400014950";"14";"10";"2024";"11:35";"1";"27";"27306";"1";"1";"8";"1";"route de saint-andré";"48,99906400";"1,17852500"
"202400014951";"15";"10";"2024";"12:12";"1";"01";"01033";"1";"1";"1";"1";"RD 1084 - PR 88+960";"46,16234400";"5,77708100"
"202400014952";"16";"10";"2024";"07:00";"2";"42";"42032";"1";"1";"1";"7";"Route du Val Fleury";"45,52719300";"4,53063700"
"202400014953";"16";"10";"2024";"02:10";"3";"83";"83057";"1";"9";"3";"6";"Route de Nice";"43,37995900";"6,24107100"
"202400014954";"15";"10";"2024";"07:45";"2";"56";"56083";"1";"1";"1";"2";"Haut-Locoyarne";"47,78824800";" -3,27891500"
"202400014955";"15";"10";"2024";"17:20";"1";"56";"56240";"1";"1";"1";"1";"Monciot";"47,54715400";" -2,69636000"
"202400014956";"15";"10";"2024";"23:51";"3";"56";"56147";"1";"1";"2";"7";"Moulin de Bourigan";"47,53182800";" -2,29340100"
"202400014957";"14";"10";"2024";"22:30";"4";"69";"69065";"1";"1";"1";"2";"Route Départementale 306";"46,17013449";"4,74653454"
"202400014958";"16";"10";"2024";"11:00";"1";"63";"63397";"1";"1";"1";"6";"D82";"45,62572233";"2,68888048"
"202400014959";"13";"10";"2024";"15:55";"1";"61";"61098";"1";"1";"1";"6";"D438";"48,58055300";"0,16902200"
"202400014960";"11";"10";"2024";"18:00";"1";"42";"42052";"2";"1";"1";"7";"Rue du Camping";"46,15823900";"4,17968100"
"202400014961";"16";"10";"2024";"16:45";"1";"25";"25212";"2";"3";"1";"6";"Rue de Châtillon";"47,28329800";"5,99280600"
"202400014962";"13";"10";"2024";"14:45";"1";"29";"29007";"1";"1";"2";"6";"D42";"48,41195028";" -3,70381528"
"202400014963";"14";"10";"2024";"14:30";"1";"01";"01348";"1";"3";"1";"3";"Rue du Bas Mizeriat";"46,18952200";"4,82378700"
"202400014964";"16";"10";"2024";"08:20";"1";"01";"01096";"1";"2";"1";"3";"CD 936";"46,17787700";"5,07307900"
"202400014965";"16";"10";"2024";"03:20";"3";"14";"14431";"1";"1";"1";"6";"Route de Mézidon";"49,07639100";" -0,03968600"
"202400014966";"15";"10";"2024";"14:15";"1";"14";"14277";"1";"6";"1";"3";"Route des Cinq Fermes";"49,08302001";" -0,34327447"
"202400014967";"16";"10";"2024";"09:00";"1";"60";"60044";"2";"4";"1";"6";"Route de Mouy";"49,30450700";"2,32997100"
"202400014968";"16";"10";"2024";"12:50";"1";"28";"28264";"1";"1";"1";"6";"D941";"48,41880600";"1,05164100"
"202400014969";"14";"10";"2024";"07:35";"2";"37";"37132";"2";"1";"8";"1";"48 rue Saint Jacques";"47,13366837";"0,99899197"
"202400014970";"16";"10";"2024";"10:00";"1";"30";"30284";"1";"6";"3";"2";"N106";"44,14584700";"4,06837500"
"202400014971";"13";"10";"2024";"06:05";"2";"973";"97307";"2";"1";"1";"1";"Route de l'Est (Pont)";"4,87965900";" -52,33685000"
"202400014972";"16";"10";"2024";"08:45";"1";"72";"72223";"1";"1";"1";"2";"A11";"47,88315400";" -0,11492700"
"202400014973";"16";"10";"2024";"09:00";"1";"17";"17382";"1";"1";"1";"2";"route nationale 11 pk000.030";"46,19872600";" -0,70432700"
"202400014974";"16";"10";"2024";"11:40";"1";"974";"97403";"2";"1";"1";"6";"3 Rue Hubert Delisle";" -21,24966600";"55,47091500"
"202400014975";"11";"10";"2024";"11:45";"1";"33";"33527";"2";"6";"1";"3";"N/A";"44,62603000";" -1,03368000"
"202400014976";"7";"10";"2024";"18:45";"2";"95";"95199";"2";"6";"2";"6";"D370";"49,03389802";"2,34219342"
"202400014977";"15";"10";"2024";"08:00";"1";"91";"91587";"2";"3";"1";"3";"Rue de Lunezy";"48,67414600";"2,27753500"
"202400014978";"15";"10";"2024";"16:00";"1";100;100303";"1";"1";"1";"3";"Lieu dit Dispensa";"42,29406400";"9,54681900"