"Num_Acc";"jour";"mois";"an";"hrmn";"lum";"dep";"com";"agg";"int";"atm";"col";"adr";"lat";"long"
"202400014979";"15";"10";"2024";"16:45";"1";100;100042";"2";"1";"1";"6";"Route des Marines de Borgo";"42,58770700";"9,50480500"
"202400014980";"15";"10";"2024";"15:45";"1";"34";"34294";"1";"1";"1";"6";"34";"43,70644600";"4,11899300"
"202400014981";"15";"10";"2024";"17:30";"1";"84";"84132";"1";"2";"1";"3";"810 Route de Fontaine de Vaucluse";"43,90067900";"5,00475500"
"202400014982";"15";"10";"2024";"20:00";"5";"05";"05177";"2";"1";"1";"7";"Allée Aicardi";"44,56984400";"6,68432700"
"202400014983";"16";"10";"2024";"08:50";"1";"68";"68185";"2";"3";"5";"7";"45 Grand'Rue";"48,27126200";"7,28563400"
"202400014984";"16";"10";"2024";"08:35";"1";"73";"73069";"1";"3";"1";"3";"D925 / D25";"45,54201119";"6,20645821"
"202400014985";"16";"10";"2024";"13:57";"1";"42";"42328";"1";"1";"2";"7";"Route de la Bruyère";"45,56611700";"3,96859800"
"202400014986";"15";"10";"2024";"15:05";"1";"42";"42256";"1";"1";"1";"2";"Route de Sury";"45,51010300";"4,17806100"
"202400014987";"16";"10";"2024";"10:07";"1";"46";"46102";"2";"9";"1";"6";"8 Quai Albert Bessieres";"44,60711600";"2,03326200"
"202400014988";"16";"10";"2024";"17:15";"1";"31";"31420";"1";"1";"1";"4";"D820 - PK";"43,50000500";"1,38736700"
"202400014989";"15";"10";"2024";"16:30";"1";"85";"85011";"1";"1";"1";"6";"RD38";"46,93765600";" -2,16774000"
"202400014990";"15";"10";"2024";"20:26";"5";"76";"76057";"2";"3";"1";"6";"Rue Ambroise Paré";"49,52782700";"0,95010300"
"202400014991";"15";"10";"2024";"16:10";"1";"59";"59449";"2";"1";"1";"6";"restaurant scolaire rue fleuris durez";"50,47108100";"3,24457200"
"202400014992";"15";"10";"2024";"15:52";"1";"59";"59595";"1";"1";"1";"1";"D630";"50,22218219";"3,31019573"
"202400014993";"15";"10";"2024";"02:05";"3";"13";"13216";"1";"1";"8";"6";"A55-Sens Marseille vers Martigues";"43,36485284";"5,33920548"
"202400014994";"14";"10";"2024";"06:30";"3";"83";"83047";"1";"1";"2";"4";"A570";"43,12626484";"6,08235697"
"202400014995";"14";"10";"2024";"15:25";"1";"57";"57764";"1";"1";"8";"4";"Autoroute A.31";"49,46423100";"6,12135000"
"202400014996";"10";"10";"2024";"18:05";"1";"67";"67365";"1";"1";"2";"4";"M35";"48,54148400";"7,72201200"
"202400014997";"14";"10";"2024";"08:25";"1";"78";"78297";"1";"1";"1";"3";"RN12";"48,79220000";"2,05441000"
"202400014998";"14";"10";"2024";"12:30";"1";"77";"77373";"1";"1";"1";"2";"RN104";"48,78141669";"2,61606542"
"202400014999";"13";"10";"2024";"23:35";"3";"94";"94028";"1";"1";"1";"2";"A86";"48,78360149";"2,44040787"
"202400015000";"27";"07";"2024";"03:58";"3";"91";"91377";"1";"1";"3";"3";"AUTOROUTE A10";"48,72215000";"2,29626000"
"202400015001";"26";"07";"2024";"14:45";"1";"91";"91692";"2";"6";"1";"6";"R.N 446";"48,67386000";"2,19500000"
"202400015002";"14";"07";"2024";"07:20";"1";"38";"38151";"2";"2";"1";"3";"RUE DE LA PAIX";"45,14466938";"5,71054906"
"202400015003";"7";"07";"2024";"18:25";"1";"38";"38151";"2";"9";"1";"3";"AVENUE VICTOR HUGO";"45,15277000";"5,71098000"
"202400015004";"16";"06";"2024";"06:20";"1";"66";"66207";"1";"1";"1";"7";"N/A";"42,60157000";"2,77314000"
"202400015005";"13";"07";"2024";"19:27";"1";"43";"43185";"2";"9";"1";"6";"Place Francois Mitterrand";"45,40544200";"3,31929100"
"202400015006";"20";"07";"2024";"17:42";"1";"43";"43157";"2";"1";"1";"6";"Boulevard Saint Louis";"45,04287000";"3,88047000"
"202400015007";"20";"07";"2024";"11:20";"1";"43";"43041";"2";"1";"1";"6";"Avenue Charles Dupuy";"45,05268000";"3,91110000"
"202400015008";"18";"07";"2024";"19:50";"1";"43";"43038";"1";"4";"7";"1";"Laroche Trandon";"45,32924283";"3,31653845"
"202400015009";"16";"07";"2024";"18:00";"1";"43";"43061";"1";"4";"1";"4";"D156";"45,07790000";"3,96384400"
"202400015010";"10";"07";"2024";"13:00";"1";"43";"43102";"1";"3";"1";"3";"Route de Montfaucon";"45,16125600";"4,17427100"
"202400015011";"7";"06";"2024";"18:25";"5";"974";"97409";"2";"6";"2";"6";"CAMBUSTON (rue de)";" -20,93270000";"55,64850000"
"202400015012";"14";"10";"2024";"13:00";"1";"972";"97209";"2";"1";"1";"3";"COLIBRI (RUE)";"14,60767000";" -61,05921000"
"202400015013";"13";"10";"2024";"22:50";"5";"972";"97209";"1";"1";"2";"7";"AUTOROUTE (A1)";"14,61621000";" -61,04361000"
"202400015014";"14";"10";"2024";"01:25";"5";"69";"69034";"2";"1";"1";"1";"Avenue Général Leclerc";"45,80368000";"4,86133000"
"202400015015";"13";"10";"2024";"22:22";"5";"95";"95219";"2";"6";"1";"3";"18 JUIN (RUE DU)";"48,99265000";"2,24857000"
"202400015016";"13";"10";"2024";"16:45";"1";"91";"91201";"2";"3";"1";"3";"BD HENRI BARBUSSE";"48,69027200";"2,41108900"
"202400015017";"14";"10";"2024";"19:30";"1";"84";"84007";"2";"1";"1";"2";"SAINT LAZARE (PLACE)";"43,95065000";"4,81993000"
"202400015018";"13";"10";"2024";"05:25";"5";"83";"83123";"2";"1";"8";"1";"BANDOL (ROUTE)N° IMPAIRS";"43,13508659";"5,77894096"
"202400015019";"14";"10";"2024";"11:50";"1";"82";"82033";"2";"1";"1";"2";"Route de Lafrançaise";"44,07249000";"1,16881000"
"202400015020";"13";"10";"2024";"11:23";"1";"82";"82033";"2";"1";"1";"2";"Chemin de Saint-Jean des Vignes";"44,05155000";"1,10626000"
"202400015021";"14";"10";"2024";"19:15";"2";"77";"77288";"2";"2";"1";"3";"PAUL VALERY (RUE)";"48,54350000";"2,67566000"
"202400015022";"14";"10";"2024";"22:25";"3";"77";"77059";"1";"1";"1";"6";"D217B";"48,84936000";"2,68456000"
"202400015023";"14";"10";"2024";"19:15";"5";"76";"76540";"2";"6";"5";"7";"Boulevard de l'Europe";"49,42615795";"1,08710146"
"202400015024";"11";"10";"2024";"08:00";"1";"76";"76351";"2";"2";"1";"3";"JULES LECESNE (RUE)";"49,49349560";"0,11667361"
"202400015025";"14";"10";"2024";"08:00";"1";"72";"72181";"2";"1";"1";"3";"CHAMPION HENRI (RUE) N° IMP";"47,98241000";"0,22807000"
"202400015026";"14";"10";"2024";"21:45";"4";"71";"71445";"2";"1";"1";"3";"VILLENEUVE (RUE DE LA)";"46,77265000";"4,89298000"
"202400015027";"13";"10";"2024";"20:10";"3";"67";"67482";"2";"1";"8";"2";"DOLLER (RUE DE LA)";"48,61328200";"7,77298000"
"202400015028";"14";"10";"2024";"13:40";"1";"66";"66136";"2";"1";"1";"1";"Rue des Coquelicots";"42,70471000";"2,90198000"
"202400015029";"14";"10";"2024";"17:00";"1";"63";"63300";"1";"3";"1";"4";"ROCADE RD 446";"45,87615622";"3,09973240"
"202400015030";"14";"10";"2024";"14:30";"1";"63";"63113";"2";"1";"1";"3";"LIMOUSIN (AVENUE DU)";"45,78959800";"3,06114882"
"202400015031";"14";"10";"2024";"14:25";"1";"59";"59350";"2";"3";"2";"3";"Rue d'Iéna";"50,62309700";"3,05056400"
"202400015032";"13";"10";"2024";"12:05";"1";"54";"54395";"2";"1";"1";"3";"Rue de Verdun";"48,69674000";"6,16820000"
"202400015033";"13";"10";"2024";"16:20";"1";"51";"51454";"2";"1";"1";"6";"BROSSOLETTE (RUE PIERRE)";"49,26344900";"4,01979200"
"202400015034";"13";"10";"2024";"11:00";"1";"51";"51454";"2";"1";"1";"6";"KENNEDY (AVENUE DU PRESIDENT)";"49,23513000";"4,00785000"
"202400015035";"14";"10";"2024";"11:32";"1";"51";"51230";"2";"3";"1";"2";"REIMS (RUE DE)";"49,04600000";"3,96400000"
"202400015036";"11";"10";"2024";"12:55";"1";"49";"49099";"2";"4";"1";"3";"LORRAINE (RUE DE)";"47,05434000";" -0,85768000"
"202400015037";"14";"10";"2024";"16:05";"1";"41";"41018";"2";"1";"1";"3";"SAINT-JEAN (QUAI)";"47,58964000";"1,34087000"
"202400015038";"10";"10";"2024";"08:00";"1";"40";"40063";"2";"9";"8";"6";"MONTFORT (ROUTE DE)";"43,71183000";" -0,97654000"
"202400015039";"14";"10";"2024";"19:00";"1";"37";"37261";"2";"1";"1";"6";"PORTILLON (QUAI DE)";"47,40136000";"0,68634000"
"202400015040";"15";"10";"2024";"00:15";"5";"35";"35238";"2";"1";"1";"6";"METZ (BD DE)";"48,11689000";" -1,65890000"
"202400015041";"9";"10";"2024";"17:10";"1";"34";"34198";"2";"1";"1";"6";"EXPANSION (ALLEE DE L' )";"43,57660900";"3,93474800"
"202400015042";"13";"10";"2024";"02:30";"3";"34";"34336";"1";"6";"1";"7";"MEDITERRANEE (ROND POINT DE LA)";"43,32114000";"3,29233000"
"202400015043";"14";"10";"2024";"18:30";"1";"33";"33063";"2";"1";"1";"6";"N/A";"44,82012000";" -0,54972000"
"202400015044";"14";"10";"2024";"19:31";"5";"31";"31555";"2";"3";"1";"3";"AV JEAN CHAUBET";"43,60510000";"1,47899000"
"202400015045";"14";"10";"2024";"19:10";"5";"31";"31555";"2";"1";"1";"1";"RUE LOUIS BONIN";"43,62807423";"1,41050398"
"202400015046";"13";"10";"2024";"21:25";"3";"29";"29039";"1";"1";"1";"6";"RD 122";"47,88124077";" -3,88389283"
"202400015047";"12";"10";"2024";"14:30";"1";"29";"29019";"2";"3";"1";"3";"rue du Tromeur";"48,42923657";" -4,50051218"
"202400015048";"9";"10";"2024";"15:44";"1";"14";"14118";"2";"3";"1";"3";"75 Rue Docteur Calmette";"49,19363000";" -0,34795000"
"202400015049";"14";"10";"2024";"07:00";"2";"13";"13071";"2";"1";"2";"5";"MITTERRAND (AVENUE FRANCOIS)";"43,38358000";"5,34483000"
"202400015050";"14";"10";"2024";"12:30";"1";"13";"13213";"2";"1";"1";"3";"ROSE (AVENUE DE LA)";"43,32539000";"5,41949000"
"202400015051";"14";"10";"2024";"06:10";"3";"13";"13210";"2";"1";"1";"3";"JEAN EUGENE CABASSUD (BOULEVARD)";"43,28515662";"5,41321272"
"202400015052";"13";"10";"2024";"17:45";"1";"07";"07316";"2";"1";"1";"2";"MONTGOLFIERS (AVENENUE DES FRERES)";"44,89327000";"4,85094000"
"202400015053";"14";"10";"2024";"06:14";"3";"01";"01289";"1";"1";"9";"6";"BOULEAUX ( CHEMIN DES ) IMPAIR";"46,17761000";"5,23294000"
"202400015054";"14";"10";"2024";"10:40";"1";"75";"75116";"2";"1";"1";"3";"BD PERIPHERIQUE INTERIEUR ";"48,86193460";"2,26460000"
"202400015055";"4";"10";"2024";"15:00";"1";"75";"75106";"2";"2";"1";"7";"BOULEVARD DU MONTPARNASSE";"48,84308100";"2,32640400"
"202400015056";"13";"10";"2024";"04:56";"5";"75";"75107";"2";"2";"1";"2";"BOULEVARD DE LA TOUR MAUBOURG";"48,86250500";"2,31043600"
"202400015057";"13";"10";"2024";"04:56";"5";"75";"75107";"2";"2";"1";"1";"BOULEVARD DE LA TOUR MAUBOURG";"48,86250500";"2,31043600"
"202400015058";"14";"10";"2024";"12:40";"1";"75";"75117";"2";"1";"1";"2";"BOULEVARD PERSHING";"48,87953300";"2,28259400"
"202400015059";"10";"10";"2024";"17:00";"1";"75";"75117";"2";"1";"1";"4";"AVENUE MAC MAHON";"48,87755500";"2,29435900"
"202400015060";"14";"10";"2024";"09:40";"1";"75";"75115";"2";"3";"1";"3";"RUE DE DANTZIG";"48,82994443";"2,29566336"
"202400015061";"10";"10";"2024";"13:00";"1";"75";"75107";"2";"2";"1";"6";"PONT D IENA";"48,85911000";"2,29318100"
"202400015062";"13";"10";"2024";"19:50";"5";"75";"75112";"2";"1";"1";"3";"RUE DE PICPUS";"48,84444300";"2,39607100"
"202400015063";"14";"10";"2024";"09:10";"1";"75";"75110";"2";"3";"1";"6";"RUE DE LANCRY";"48,86986000";"2,36071300"
"202400015064";"14";"10";"2024";"06:03";"5";"75";"75109";"2";"3";"1";"3";"RUE LA FAYETTE";"48,87721012";"2,34901249"
"202400015065";"14";"10";"2024";"11:00";"1";"75";"75108";"2";"1";"1";"3";"RUE LA BOETIE";"48,87355400";"2,31374500"
"202400015066";"14";"10";"2024";"21:00";"5";"75";"75107";"2";"3";"1";"7";"RUE OUDINOT";"48,85012900";"2,31773300"
"202400015067";"14";"10";"2024";"11:35";"1";"75";"75114";"2";"3";"1";"6";"RUE D ALESIA";"48,82781102";"2,32897380"
"202400015068";"14";"10";"2024";"09:50";"1";"75";"75104";"2";"3";"1";"7";"RUE DE RIVOLI";"48,85591100";"2,35796200"
"202400015069";"14";"10";"2024";"19:40";"5";"94";"94081";"2";"1";"1";"6";"Rue Léon Geffroy";"48,78528000";"2,40775000"
"202400015070";"13";"10";"2024";"19:00";"1";"94";"94081";"2";"1";"1";"5";"13 Quai Jules Guesde";"48,77810000";"2,41398000"
"202400015071";"13";"10";"2024";"11:13";"1";"94";"94068";"2";"1";"1";"4";"Avenue Foch";"48,80514000";"2,48469000"
"202400015072";"13";"10";"2024";"16:40";"1";"94";"94028";"2";"1";"1";"6";"Route de Choisy";"48,78390000";"2,44766000"
"202400015073";"14";"10";"2024";"20:35";"5";"94";"94069";"2";"1";"1";"3";"Avenue Saint Maurice du Valais";"48,81571000";"2,46158000"
"202400015074";"14";"10";"2024";"18:00";"2";"93";"93051";"2";"1";"8";"6";"AUGUSTE RODIN (ALLEE)";"48,83229462";"2,55420685"
"202400015075";"13";"10";"2024";"01:10";"5";"93";"93048";"2";"1";"9";"6";"GUSTAVE COURBET (ALLEE DU)";"48,86328427";"2,48068367"
"202400015076";"14";"10";"2024";"14:30";"1";"93";"93047";"2";"2";"1";"3";"MYOSOTIS   (AVENUE DES)";"48,89248036";"2,54781434"
"202400015077";"14";"10";"2024";"16:50";"1";"93";"93005";"2";"2";"1";"3";"JACQUES DUCLOS [CD44] (RUE)";"48,94927406";"2,48886827"
"202400015078";"13";"10";"2024";"10:20";"1";"92";"92050";"2";"1";"1";"6";"THOREZ MAURICE RUE";"48,89270698";"2,19586133"
"202400015079";"12";"10";"2024";"12:30";"1";"92";"92040";"2";"2";"1";"3";"AUGUSTE GERVAIS";"48,82310072";"2,27339376"
"202400015080";"13";"10";"2024";"15:45";"1";"92";"92040";"2";"1";"1";"3";"ROUGET DE L'ISLE";"48,82947000";"2,26186000"
"202400015081";"10";"10";"2024";"10:52";"1";"92";"92026";"2";"1";"1";"6";"ARMAND SILVESTRE (DE 95 A FIN)";"48,90398774";"2,27250651"
"202400015082";"14";"10";"2024";"09:31";"1";"92";"92026";"2";"1";"1";"3";"PAIX";"48,90297161";"2,26660654"
"202400015083";"14";"03";"2024";"12:30";"1";"13";"13209";"2";"6";"1";"3";"LUMINY (AVENUE DE)";"43,24136250";"5,43844704"
"202400015084";"15";"10";"2024";"16:00";"1";"39";"39106";"1";"1";"1";"3";"N/A";"46,45527400";"5,71429600"
"202400015085";"14";"03";"2024";"08:00";"1";"13";"13214";"2";"1";"1";"3";"CAPITAINE GEZE (BOULEVARD)";"43,32990000";"5,36986000"
"202400015086";"13";"03";"2024";"17:55";"1";"13";"13214";"2";"1";"1";"2";"MORETTI (BOULEVARD)";"43,32523859";"5,38158983"
"202400015087";"14";"03";"2024";"18:18";"1";"13";"13005";"2";"1";"1";"2";"RN 8";"43,28191000";"5,60384000"
"202400015088";"15";"10";"2024";"08:00";"1";"81";"81080";"1";"2";"1";"3";"D922";"44,02273000";"1,94029700"
"202400015089";"13";"03";"2024";"19:40";"5";"13";"13005";"2";"1";"1";"1";"SOULAT (SQUARE MARCEL)";"43,29547000";"5,56836000"
"202400015090";"15";"10";"2024";"09:25";"1";"66";"66144";"1";"1";"1";"2";"A9 Pk 257 sens France-Espagne";"42,64717342";"2,86124700"
"202400015091";"14";"03";"2024";"18:00";"2";"06";"06104";"2";"1";"1";"3";"155 Avenue de Verdun";"43,76229000";"7,47849000"
"202400015092";"14";"03";"2024";"00:45";"5";"06";"06030";"2";"1";"1";"6";"Avenue du Campon";"43,57124000";"7,01411700"
"202400015093";"10";"10";"2024";"07:45";"1";"33";"33205";"1";"9";"1";"3";"N/A";"44,59211400";" -0,38076100"
"202400015094";"13";"03";"2024";"18:17";"1";"03";"03185";"2";"1";"1";"1";"Route de Villebret";"46,32454000";"2,60982000"
"202400015095";"14";"10";"2024";"18:15";"3";"972";"97212";"1";"1";"1";"6";"Dumaine";"14,72107100";" -61,01990100"
"202400015096";"14";"03";"2024";"00:35";"5";"75";"75114";"2";"1";"1";"2";"ECHANGEUR ORLEANS";"48,81933812";"2,32815206"
"202400015097";"15";"10";"2024";"10:20";"1";"63";"63206";"1";"1";"1";"1";"D227";"45,95690394";"2,95681824"
"202400015098";"14";"03";"2024";"12:30";"1";"75";"75105";"2";"1";"1";"6";"PONT DE SULLY";"48,84989000";"2,35823000"
"202400015099";"14";"03";"2024";"08:47";"1";"75";"75106";"2";"2";"1";"3";"BOULEVARD RASPAIL";"48,85158600";"2,32681300"
"202400015100";"15";"10";"2024";"09:00";"1";"12";"12011";"1";"4";"1";"3";"Route du Rueillou";"44,20447200";"2,67545500"
"202400015101";"14";"03";"2024";"19:30";"1";"75";"75119";"2";"1";"1";"1";"AVENUE JEAN JAURES";"48,88393700";"2,37465800"
"202400015102";"14";"03";"2024";"16:35";"1";"75";"75117";"2";"1";"1";"3";"AVENUE DE LA PORTE D ASNIERES";"48,89078200";"2,30293900"
"202400015103";"15";"10";"2024";"01:45";"3";"21";"21652";"1";"1";"5";"6";"A6";"47,21417800";"4,60571800"
"202400015104";"14";"03";"2024";"11:11";"1";"75";"75117";"2";"1";"1";"3";"RUE DE COURCELLES";"48,88874700";"2,29353800"
"202400015105";"12";"10";"2024";"14:20";"1";"62";"62804";"1";"1";"2";"7";"D59";"50,23886100";"2,45312700"
"202400015106";"14";"03";"2024";"08:00";"1";"75";"75117";"2";"2";"7";"1";"RUE DE LA JONQUIERE";"48,89482600";"2,31845000"
"202400015107";"15";"10";"2024";"17:10";"1";"83";"83092";"1";"1";"8";"3";"D97";"43,30901801";"6,25401657"
"202400015108";"14";"03";"2024";"15:50";"1";"75";"75116";"2";"1";"1";"7";"ROUTE DE LA SEINE A LA BUTTE MORTEMART";"48,85206100";"2,23197500"
"202400015109";"14";"03";"2024";"20:26";"5";"75";"75113";"2";"2";"1";"6";"AVENUE DE FRANCE";"48,83137000";"2,37576000"
"202400015110";"14";"03";"2024";"18:40";"1";"75";"75111";"2";"7";"1";"6";"PLACE DE LA NATION";"48,84885300";"2,39735200"
"202400015111";"14";"03";"2024";"18:00";"1";"75";"75111";"2";"3";"1";"7";"RUE DE CHARONNE";"48,85556100";"2,39014100"
"202400015112";"14";"03";"2024";"16:25";"1";"75";"75111";"2";"1";"1";"6";"BOULEVARD VOLTAIRE";"48,85471200";"2,38543400"
"202400015113";"14";"03";"2024";"13:00";"1";"75";"75111";"2";"1";"1";"6";"BOULEVARD VOLTAIRE";"48,85544500";"2,38421100"
"202400015114";"14";"03";"2024";"09:00";"1";"75";"75111";"2";"1";"1";"3";"BOULEVARD DE BELLEVILLE";"48,86748800";"2,38240400"
"202400015115";"14";"03";"2024";"12:25";"1";"75";"75108";"2";"1";"1";"3";"AVENUE DE WAGRAM";"48,87643000";"2,29719000"
"202400015116";"14";"03";"2024";"11:30";"1";"75";"75108";"2";"3";"1";"2";"RUE DE ROME";"48,88088700";"2,32108400"
"202400015117";"13";"03";"2024";"13:46";"1";"75";"75108";"2";"1";"1";"3";"AVENUE DES CHAMPS ELYSEES";"48,86621200";"2,31880500"
"202400015118";"14";"03";"2024";"07:08";"1";"75";"75107";"2";"2";"1";"3";"RUE DE GRENELLE";"48,85434400";"2,32611500"
"202400015119";"13";"03";"2024";"05:50";"5";"75";"75107";"2";"2";"1";"6";"BOULEVARD SAINT GERMAIN";"48,85606200";"2,32590400"
"202400015120";"14";"03";"2024";"17:30";"1";"75";"75103";"2";"2";"1";"3";"BOULEVARD DE SEBASTOPOL";"48,86931300";"2,35429900"
"202400015121";"14";"03";"2024";"13:20";"1";"75";"75101";"2";"1";"1";"6";"QUAI DES TUILERIES";"48,86317300";"2,32348600"
"202400015122";"2";"07";"2024";"15:40";"1";"75";"75117";"2";"1";"1";"4";"BD PERIPHERIQUE INTERIEUR";"48,88398100";"2,28527900"
"202400015123";"13";"03";"2024";"22:40";"5";"94";"94041";"2";"3";"1";"6";"Rue de la Baignade / Quai Jules Guesde ";"48,80842600";"2,40751800"
"202400015124";"1";"07";"2024";"14:05";"1";"75";"75118";"2";"1";"1";"4";"BD PERIPHERIQUE INTERIEUR";"48,90098400";"2,34803800"
"202400015125";"13";"03";"2024";"23:40";"5";"94";"94078";"2";"3";"1";"3";"Avenue du 8 Mai 1945 / Pont de Villeneuve le Roi";"48,72760000";"2,44544000"
"202400015126";"1";"07";"2024";"05:00";"5";"75";"75106";"2";"2";"1";"3";"BOULEVARD SAINT GERMAIN";"48,85317100";"2,33584800"
"202400015127";"14";"03";"2024";"13:00";"1";"94";"94068";"2";"1";"1";"2";"Quai Winston Churchill";"48,79336000";"2,52185000"
"202400015128";"2";"07";"2024";"14:52";"1";"75";"75106";"2";"3";"1";"6";"BOULEVARD DU MONTPARNASSE";"48,84269400";"2,32775100"
"202400015129";"13";"03";"2024";"16:30";"1";"94";"94055";"2";"6";"8";"6";"Avenue du Moulin à Vent / Rue d'Amboile";"48,78670614";"2,53047545"
"202400015130";"1";"07";"2024";"23:50";"3";"75";"75120";"2";"7";"1";"3";"AVENUE DE LA PORTE DE MONTREUIL";"48,85340500";"2,41374900"
"202400015131";"14";"03";"2024";"12:45";"1";"94";"94018";"2";"1";"1";"6";"Rue Jean Pigeon";"48,82179986";"2,40905848"
"202400015132";"2";"07";"2024";"16:00";"1";"75";"75119";"2";"1";"1";"6";"RUE DE TANGER";"48,88854600";"2,37085800"
"202400015133";"14";"03";"2024";"17:54";"1";"93";"93078";"2";"6";"1";"6";"Avenue des Acacias / Avenue Pasteur";"48,95053000";"2,54701000"
"202400015134";"2";"07";"2024";"11:00";"1";"75";"75119";"2";"2";"1";"6";"AVENUE CORENTIN CARIOU";"48,89608200";"2,38410400"
"202400015135";"14";"03";"2024";"08:10";"1";"93";"93078";"1";"1";"1";"1";"Avenue du Sausset";"48,96315000";"2,51959000"
"202400015136";"2";"07";"2024";"16:30";"1";"75";"75118";"2";"4";"1";"6";"RUE DE SUEZ";"48,88724500";"2,35107800"
"202400015137";"2";"07";"2024";"16:50";"1";"75";"75117";"2";"4";"1";"3";"BOULEVARD DE DOUAUMONT";"48,89616800";"2,31023000"
"202400015138";"13";"03";"2024";"19:20";"5";"93";"93001";"2";"2";"1";"1";"Avenue du Président Roosevelt / Rue des Noyers";"48,91777500";"2,37924600"
"202400015139";"2";"07";"2024";"17:10";"1";"75";"75115";"2";"2";"1";"2";"RUE DE LA CROIX NIVERT";"48,83736500";"2,28945500"
"202400015140";"14";"03";"2024";"20:00";"5";"93";"93066";"2";"9";"1";"3";"Voie sur Berge / Boulevard de la Libération";"48,93455400";"2,34254300"
"202400015141";"1";"07";"2024";"16:45";"1";"75";"75113";"2";"2";"1";"6";"BOULEVARD VINCENT AURIOL";"48,83139700";"2,35816500"
"202400015142";"14";"03";"2024";"14:42";"1";"93";"93008";"2";"1";"1";"3";"Avenue de la Division Leclerc";"48,90770000";"2,42269000"
"202400015143";"2";"07";"2024";"09:10";"1";"75";"75112";"2";"2";"1";"2";"RUE DE PICPUS";"48,84554900";"2,39523000"
"202400015144";"14";"03";"2024";"12:30";"1";"93";"93005";"2";"1";"1";"3";"Rue Clément Ader";"48,94385200";"2,48052100"
"202400015145";"2";"07";"2024";"13:40";"1";"75";"75110";"2";"3";"1";"2";"BOULEVARD DE BONNE NOUVELLE";"48,87037200";"2,34954400"
"202400015146";"14";"03";"2024";"07:30";"1";"93";"93005";"2";"6";"1";"1";"Avenue de la Croix Blanche / Rue de Lorraine";"48,92836100";"2,50267300"
"202400015147";"2";"07";"2024";"16:26";"1";"75";"75108";"2";"1";"1";"3";"AVENUE DES CHAMPS ELYSEES";"48,86855000";"2,31151800"
"202400015148";"2";"07";"2024";"08:59";"1";"75";"75108";"2";"7";"1";"3";"PLACE FRANCOIS 1ER";"48,86612500";"2,30799900"
"202400015149";"13";"03";"2024";"14:30";"1";"92";"92020";"2";"1";"1";"2";"PARIS AVENUE DE N°84 A FIN";"48,81077046";"2,29937553"
"202400015150";"14";"03";"2024";"12:30";"1";"92";"92048";"2";"1";"1";"6";"LOUVOIS (AVENUE)";"48,80656139";"2,23877549"
"202400015151";"2";"07";"2024";"18:40";"1";"75";"75107";"2";"1";"1";"2";"QUAI BRANLY";"48,86214600";"2,29999500"
"202400015152";"2";"07";"2024";"09:15";"1";"75";"75114";"2";"1";"8";"7";"AVENUE PIERRE MASSE";"48,81722100";"2,33431100"
"202400015153";"13";"03";"2024";"14:05";"1";"92";"92044";"2";"2";"1";"3";"MARIUS AUFAN(RUE) 1A67 ET 2A78";"48,88837084";"2,28685096"
"202400015154";"2";"07";"2024";"09:15";"1";"75";"75107";"2";"2";"1";"3";"QUAI D ORSAY";"48,86228700";"2,30543900"
"202400015155";"14";"03";"2024";"10:05";"1";"92";"92026";"2";"1";"1";"3";"VERDUN (DE 62 A FIN)";"48,90065400";"2,26048699"
"202400015156";"12";"03";"2024";"17:30";"1";"92";"92025";"2";"1";"2";"6";"CHARLES DE GAULLE (BD)";"48,91425211";"2,22954765"
"202400015157";"2";"07";"2024";"14:00";"1";"75";"75102";"2";"2";"1";"3";"BOULEVARD DE SEBASTOPOL";"48,86623900";"2,35253900"
"202400015158";"14";"03";"2024";"11:15";"1";"92";"92002";"2";"1";"1";"6";"PROVIDENCE (AVENUE DE LA)";"48,75636644";"2,30396605"
"202400015159";"1";"07";"2024";"14:20";"1";"75";"75101";"2";"3";"1";"7";"QUAI DE L HORLOGE";"48,85692300";"2,34347500"
"202400015160";"2";"07";"2024";"18:25";"1";"94";"94038";"2";"1";"1";"2";"Avenue Larroumes";"48,77584430";"2,32536873"
"202400015161";"14";"03";"2024";"00:20";"5";"92";"92014";"2";"2";"1";"3";"HUIT MAI 1945 (RUE DU)";"48,78309886";"2,31519324"
"202400015162";"2";"07";"2024";"16:40";"1";"94";"94038";"2";"1";"1";"6";"Rue Roger Salengro";"48,76851000";"2,32447000"
"202400015163";"14";"03";"2024";"18:30";"1";"35";"35328";"1";"3";"8";"3";"Noyal Lourme";"47,80778500";" -2,05272500"
"202400015164";"1";"07";"2024";"20:20";"1";"94";"94028";"2";"9";"1";"7";"Avenue du Maréchal Foch";"48,78097000";"2,43607000"
"202400015165";"15";"03";"2024";"07:15";"2";"62";"62295";"1";"1";"2";"6";"Chemin de la Gonze";"50,60445819";"2,28361881"
"202400015166";"30";"06";"2024";"19:30";"1";"94";"94028";"2";"5";"1";"3";"Rue René Arcos / Rue du Jeu de Paume";"48,77766289";"2,46049279"
"202400015167";"13";"03";"2024";"17:30";"1";"26";"26379";"2";"1";"1";"6";"Route de Saint Bardoux";"45,05093800";"4,98340400"
"202400015168";"1";"07";"2024";"12:00";"1";"94";"94079";"2";"1";"1";"2";"Rue du Général Galliéni";"48,82342000";"2,54124000"
"202400015169";"13";"03";"2024";"09:10";"1";"42";"42069";"2";"1";"1";"3";"156 rue Victor Hugo";"46,00080000";"4,06564400"
"202400015170";"1";"07";"2024";"09:04";"1";"94";"94079";"2";"1";"1";"6";"Rue Robert Schumann";"48,82282000";"2,54237000"
"202400015171";"14";"03";"2024";"13:30";"1";"972";"97225";"2";"2";"1";"3";"Rue Percee";"14,74108600";" -61,17500800"
"202400015172";"2";"07";"2024";"19:25";"1";"94";"94018";"2";"1";"2";"3";"Rue de Paris";"48,82845000";"2,40278000"
"202400015173";"15";"03";"2024";"11:54";"1";"28";"28022";"1";"1";"6";"3";"D939";"48,47038900";"1,41577700"
"202400015174";"2";"07";"2024";"11:45";"1";"93";"93055";"2";"9";"1";"3";"Avenue du Général Leclerc";"48,89971000";"2,40935000"
"202400015175";"15";"03";"2024";"13:10";"1";"67";"67532";"1";"6";"1";"3";"D41";"48,67749500";"7,50379100"
"202400015176";"2";"07";"2024";"17:00";"1";"93";"93050";"2";"1";"1";"3";"Rue Paul et Camille Thomoux";"48,86579400";"2,52918300"
"202400015177";"15";"03";"2024";"13:25";"1";"01";"01354";"2";"3";"1";"6";"Rue de la Faucille";"46,26180900";"6,02994900"
"202400015178";"1";"07";"2024";"14:48";"1";"93";"93048";"2";"2";"1";"3";"Boulevard Aristide Briand / Rue Saint-Denis";"48,87307000";"2,45366000"
"202400015179";"13";"03";"2024";"11:05";"1";"06";"06130";"2";"1";"1";"3";"Avenue du 6 Juin 1944";"43,68831100";"6,85944200"
"202400015180";"14";"03";"2024";"16:50";"1";"62";"62752";"1";"1";"1";"6";"D139";"50,48569649";"1,66301617"
"202400015181";"1";"07";"2024";"11:50";"1";"93";"93048";"2";"1";"1";"2";"Avenue de la Résistance";"48,86361000";"2,43632000"
"202400015182";"13";"03";"2024";"16:15";"1";"59";"59260";"1";"1";"1";"3";"D947";"51,00931804";"2,54813759"
"202400015183";"2";"07";"2024";"18:55";"1";"93";"93079";"2";"1";"2";"2";"SAINT LEU (ROUTE DE) 1 à 157";"48,95357800";"2,33591900"
"202400015184";"15";"03";"2024";"15:20";"1";"68";"68029";"1";"1";"1";"2";"rd 83";"47,92328076";"7,26839228"
"202400015185";"2";"07";"2024";"13:40";"1";"93";"93029";"2";"1";"1";"6";"Rue de la Democratie";"48,91634861";"2,44236678"
"202400015186";"10";"03";"2024";"15:30";"1";"974";"97413";"1";"1";"1";"3";"Chemin Pierre Roger";" -21,21230000";"55,32211700"
"202400015187";"1";"07";"2024";"18:30";"1";"93";"93027";"2";"2";"1";"3";"Avenue Marcel Cachin / Rue Chabrol";"48,92913000";"2,39675000"
"202400015188";"12";"03";"2024";"19:30";"5";"65";"65346";"2";"1";"1";"1";"Cami Dera Bigorra";"43,16660500";"0,17779600"
"202400015189";"2";"07";"2024";"13:40";"1";"93";"93008";"2";"9";"1";"3";"STAINS (RTE DE)";"48,90493444";"2,47010773"
"202400015190";"14";"03";"2024";"16:30";"1";"58";"58214";"1";"1";"1";"3";"A77";"47,08708747";"3,10591258"
"202400015191";"1";"07";"2024";"20:30";"1";"93";"93057";"2";"1";"1";"2";"Impasse Pierre Simon Girard";"48,91644352";"2,50490644"
"202400015192";"23";"02";"2024";"13:20";"1";"89";"89461";"1";"1";"8";"7";"D660";"48,23575900";"3,57818300"
"202400015193";"14";"03";"2024";"18:00";"1";"51";"51368";"2";"1";"1";"7";"Rue de l?Eglise";"49,16995200";"4,71557600"
"202400015194";"2";"07";"2024";"18:47";"1";"92";"92078";"2";"1";"1";"3";"VERDUN (AVENUE) (PAIRS 2 A 38)";"48,93565532";"2,33610141"
"202400015195";"15";"03";"2024";"07:50";"1";"51";"51197";"1";"1";"8";"1";"D66";"49,07718300";"4,65365400"
"202400015196";"25";"06";"2024";"22:20";"1";"92";"92063";"2";"1";"1";"1";"FILLIETTE (RUE NICOLAS-PHILIBERT)";"48,87098433";"2,18737632"
"202400015197";"15";"03";"2024";"06:30";"2";"51";"51161";"1";"1";"1";"6";"RD37 - PK33";"49,04111700";"4,17652100"
"202400015198";"2";"07";"2024";"21:40";"1";"92";"92062";"2";"1";"1";"7";"DE DION BOUTON (QUAI) DU 1 AU 28";"48,87983474";"2,24415046"
"202400015199";"2";"07";"2024";"23:00";"5";"92";"92049";"2";"1";"1";"6";"GINOUX AV. HENRI N°1 A 95 ET 2 A 104";"48,81679000";"2,32146000"
"202400015200";"14";"03";"2024";"18:25";"1";"76";"76549";"1";"1";"1";"1";"D149";"49,76103800";"0,93249100"
"202400015201";"2";"07";"2024";"13:20";"1";"92";"92020";"2";"1";"1";"7";"DIVISION LECLERC AVENUE DE LA";"48,79897765";"2,28439057"
"202400015202";"14";"03";"2024";"15:00";"1";"32";"32296";"2";"1";"1";"6";"rue nationale";"43,75891800";" -0,03310900"