"Num_Acc";"jour";"mois";"an";"hrmn";"lum";"dep";"com";"agg";"int";"atm";"col";"adr";"lat";"long"
"202400015203";"2";"07";"2024";"18:53";"1";"92";"92048";"2";"1";"1";"5";"REPUBLIQUE (RUE DE LA) N° 47 A 85";"48,80597000";"2,23575000"
"202400015204";"13";"03";"2024";"14:44";"1";"32";"32268";"1";"1";"1";"5";"RN124";"43,60465000";"0,99473500"
"202400015205";"2";"07";"2024";"23:50";"5";"92";"92044";"2";"1";"1";"6";"P.V.COUTURIER(RUE)65A79 ET50A58";"48,89686000";"2,28843000"
"202400015206";"2";"07";"2024";"09:30";"1";"92";"92024";"2";"1";"1";"7";"VILLENEUVE (RUE) DE (1 A 45)   (2 A 44)";"48,90336000";"2,30552000"
"202400015207";"15";"03";"2024";"10:50";"1";"71";"71230";"2";"2";"1";"3";"42 Rue du 8 Mai";"46,59577800";"4,05221700"
"202400015208";"13";"03";"2024";"10:00";"1";"89";"89025";"2";"1";"1";"6";"Rue de Paris";"47,49044900";"3,90785500"
"202400015209";"2";"07";"2024";"09:05";"1";"92";"92012";"2";"1";"1";"6";"POINT DU JOUR (QUAI DU)";"48,83319366";"2,26048297"
"202400015210";"31";"01";"2024";"18:15";"3";"49";"49368";"1";"2";"1";"3";"Bois de Boulogne";"47,39844000";"0,01968200"
"202400015211";"2";"07";"2024";"15:36";"1";"92";"92007";"2";"2";"1";"6";"PASTEUR (AVENUE LOUIS) N° 1 A 39 ET 2 A";"48,79587403";"2,31713310"
"202400015212";"14";"03";"2024";"16:00";"1";"49";"49228";"1";"2";"1";"3";"route de la quelouze (Noyant)";"47,50095300";"0,14839100"
"202400015213";"2";"07";"2024";"14:06";"1";"92";"92004";"2";"3";"1";"2";"MARNE   ( AVENUE DE LA )";"48,90734635";"2,28305376"
"202400015214";"2";"07";"2024";"17:30";"1";"974";"97415";"1";"1";"1";"6";"Chemin Bras Canot";" -21,07367800";"55,30897400"
"202400015215";"14";"03";"2024";"17:25";"1";"41";"41164";"1";"1";"1";"4";"D976";"47,27171700";"1,40706500"
"202400015216";"13";"03";"2024";"18:41";"3";"68";"68050";"1";"2";"1";"3";"D32";"47,65226200";"7,04683200"
"202400015217";"2";"07";"2024";"18:10";"1";"54";"54462";"1";"1";"8";"1";"Route de Saint Nicolas";"48,61246800";"6,33127700"
"202400015218";"14";"03";"2024";"22:15";"3";"22";"22347";"1";"9";"1";"6";"Kerédern";"48,77734700";" -3,19490800"
"202400015219";"3";"07";"2024";"00:20";"3";"66";"66136";"1";"1";"1";"2";"A9";"42,66652264";"2,86158442"
"202400015220";"15";"03";"2024";"10:10";"1";"39";"39434";"2";"1";"1";"6";"15 Rue de Verdun";"46,83232900";"5,70630000"
"202400015221";"14";"03";"2024";"19:42";"3";"25";"25617";"1";"1";"1";"6";"18 Rue de la Barbèche";"47,34283600";"6,73949000"
"202400015222";"1";"07";"2024";"08:32";"1";"22";"22014";"1";"1";"1";"2";"la Haute Lande";"48,49688600";" -2,24906400"
"202400015223";"15";"03";"2024";"15:30";"1";"35";"35095";"2";"3";"1";"6";"43 Rue de Dinan";"48,54376100";" -1,75984100"
"202400015224";"30";"06";"2024";"13:30";"1";"36";"36013";"1";"1";"1";"1";"N/A";"47,04121700";"1,58270700"
"202400015225";"13";"03";"2024";"12:30";"1";"31";"31132";"1";"1";"1";"6";"D125";"42,86750100";"0,60856100"
"202400015226";"2";"07";"2024";"19:10";"1";"31";"31445";"2";"1";"1";"6";"34 Route de Castres";"43,58548700";"1,52782000"
"202400015227";"14";"03";"2024";"08:05";"1";"38";"38134";"1";"1";"1";"1";"D538";"45,42552300";"5,01272100"
"202400015228";"28";"06";"2024";"07:20";"1";"59";"59278";"2";"1";"7";"6";"Rue du Général De Gaulle";"50,61147722";"2,96977669"
"202400015229";"14";"03";"2024";"22:30";"3";"38";"38453";"1";"1";"1";"6";"3467 Route de Valence";"45,09259200";"5,30147600"
"202400015230";"2";"07";"2024";"06:55";"1";"34";"34270";"2";"1";"1";"3";"100 Route de Lattes";"43,57552500";"3,84590100"
"202400015231";"15";"03";"2024";"16:25";"1";"38";"38222";"1";"1";"1";"7";"Route de Chirens";"45,43659900";"5,58072000"
"202400015232";"2";"07";"2024";"19:45";"2";"51";"51507";"2";"1";"1";"6";"28 Avenue Kellermann";"49,08793300";"4,88562400"
"202400015233";"23";"06";"2024";"02:50";"3";"82";"82192";"1";"1";"1";"6";"D999";"43,92414900";"1,51533000"
"202400015234";"14";"03";"2024";"17:50";"1";"38";"38065";"1";"3";"1";"3";"D51b";"45,42782300";"5,40149700"
"202400015235";"2";"07";"2024";"14:50";"1";"82";"82039";"1";"1";"1";"3";"D820";"44,09546400";"1,45355100"
"202400015236";"13";"03";"2024";"18:15";"1";"66";"66106";"2";"6";"1";"3";"Route de Céret";"42,49122300";"2,79918300"
"202400015237";"28";"06";"2024";"19:50";"1";"33";"33540";"2";"1";"1";"7";"N/A";"45,37843700";" -1,15303100"
"202400015238";"14";"03";"2024";"14:10";"1";"54";"54386";"1";"1";"1";"7";"Route de Rozelieures";"48,46750567";"6,44311666"
"202400015239";"3";"02";"2024";"13:00";"1";"10";"10179";"1";"1";"1";"6";"D34";"48,12000000";"4,04620000"
"202400015240";"2";"07";"2024";"08:40";"1";"61";"61168";"2";"1";"2";"6";"VC15";"48,60088400";" -0,34287200"
"202400015241";"15";"03";"2024";"11:48";"1";"07";"07313";"2";"1";"2";"2";"305 Avenue Helvetia";"45,32209500";"4,76075500"
"202400015242";"3";"07";"2024";"08:48";"1";"55";"55398";"1";"1";"1";"6";"D36 PK 9";"48,65954800";"5,71877000"
"202400015243";"15";"03";"2024";"20:00";"5";"40";"40134";"2";"3";"1";"1";"Rue des Hauts-fourneaux";"44,21169500";" -0,92012100"
"202400015244";"3";"07";"2024";"07:50";"1";"12";"12068";"1";"1";"1";"1";"D911 PK73";"44,32101800";"2,33600300"
"202400015245";"2";"07";"2024";"11:30";"1";"42";"42280";"1";"1";"8";"6";"Route de malconnière";"45,27824000";"4,43142800"
"202400015246";"26";"01";"2024";"09:18";"1";"85";"85051";"2";"6";"1";"6";"RD 949 Ter";"46,68160010";" -1,04934330"
"202400015247";"2";"07";"2024";"22:39";"5";"46";"46251";"2";"1";"1";"6";"659 Avenue Anatole de Monzie";"44,86101400";"1,87980500"
"202400015248";"14";"03";"2024";"07:20";"2";"27";"27261";"1";"2";"5";"3";"Rue du Levant";"49,21894300";"0,96098200"
"202400015249";"28";"06";"2024";"16:50";"1";"41";"41242";"2";"2";"1";"3";"Rue de l'Echardon";"47,27929100";"1,55946300"
"202400015250";"13";"03";"2024";"16:50";"1";"17";"17443";"1";"1";"1";"1";"D110";"46,08094100";" -1,00885400"
"202400015251";"14";"03";"2024";"18:00";"1";"37";"37151";"2";"1";"1";"6";"D76";"47,43613668";"0,63971986"
"202400015252";"23";"06";"2024";"18:10";"1";"34";"34203";"2";"2";"1";"3";"Chemin du Parc";"43,40387000";"3,51261600"
"202400015253";"3";"07";"2024";"12:10";"1";"39";"39471";"1";"1";"1";"6";"VC de Bard à Le Gravier";"46,72016700";"5,48591100"
"202400015254";"14";"03";"2024";"17:35";"1";"88";"88037";"1";"1";"1";"1";"5 Contrexard";"47,99401600";"6,73644600"
"202400015255";"14";"03";"2024";"08:36";"1";"13";"13037";"2";"9";"7";"3";"76 Avenue du Général de Gaulle";"43,55041305";"5,21897963"
"202400015256";"30";"06";"2024";"12:15";"1";"44";"44154";"2";"1";"1";"3";"75 Avenue du 11 Novembre 1918";"47,22395500";" -2,15711300"
"202400015257";"3";"07";"2024";"14:55";"1";"29";"29272";"1";"1";"8";"5";"N165";"47,96429153";" -3,96996103"
"202400015258";"14";"03";"2024";"18:40";"1";"33";"33122";"2";"9";"1";"7";"N/A";"44,73597300";" -0,77419800"
"202400015259";"13";"03";"2024";"14:35";"1";"17";"17038";"1";"1";"1";"2";"route nationale 10";"45,21294300";" -0,29388400"
"202400015260";"3";"07";"2024";"00:30";"3";"38";"38394";"1";"1";"1";"6";"Route de Romans";"45,09091000";"5,22305500"
"202400015261";"14";"03";"2024";"00:30";"3";"38";"38052";"2";"1";"1";"6";"rd 1091 les sables";"45,09934900";"6,00962600"
"202400015262";"3";"07";"2024";"00:02";"3";"02";"02124";"2";"1";"1";"6";"D132";"49,74949600";"3,37804400"
"202400015263";"10";"03";"2024";"14:40";"1";"78";"78506";"1";"1";"1";"6";"A11";"48,51759800";"1,79062900"
"202400015264";"29";"06";"2024";"14:15";"1";"84";"84017";"1";"1";"6";"7";"Départementale 974";"44,11957300";"5,24824600"
"202400015265";"14";"03";"2024";"12:30";"1";"988";"98807";"1";"3";"8";"3";"Lindéralique (Tribu)";" -20,68364200";"164,96625600"
"202400015266";"3";"07";"2024";"02:01";"3";"06";"06148";"1";"1";"1";"2";"2222 Route de Vence";"43,72292400";"7,07619800"
"202400015267";"13";"03";"2024";"08:20";"1";"976";"97615";"2";"1";"1";"6";"10-12 rue des jardins";" -12,79614500";"45,27504400"
"202400015268";"3";"07";"2024";"09:30";"1";"60";"60291";"2";"1";"1";"1";"21 Rue de la Garenne";"49,65163000";"3,06947200"
"202400015269";"13";"03";"2024";"16:20";"1";"13";"13025";"1";"1";"1";"6";"d46, route de beaurecueil";"43,49572500";"5,56764400"
"202400015270";"26";"06";"2024";"19:15";"1";"36";"36076";"1";"1";"1";"6";"N/A";"46,68853073";"0,97166136"
"202400015271";"14";"03";"2024";"09:30";"1";"45";"45155";"1";"1";"1";"7";"Chemin exploitation agricole situé à côté du point D940 PR 23 + 50";"47,73030400";"2,66846000"
"202400015272";"2";"07";"2024";"17:40";"1";"07";"07313";"1";"1";"1";"1";"RD 820";"45,30996600";"4,75320400"
"202400015273";"14";"03";"2024";"14:30";"1";"30";"30257";"2";"1";"1";"3";"N/A";"43,87622600";"4,46983700"
"202400015274";"15";"03";"2024";"16:45";"1";"71";"71024";"2";"1";"1";"6";"D472";"46,30321500";"4,02514300"
"202400015275";"2";"07";"2024";"17:00";"1";"17";"17177";"1";"2";"1";"3";"D131";"45,93053500";" -0,25144600"
"202400015276";"14";"03";"2024";"17:15";"1";"67";"67205";"2";"1";"1";"3";"27 Rue de la Republique";"48,69914000";"7,78538000"
"202400015277";"28";"06";"2024";"23:00";"3";"87";"87089";"1";"1";"1";"6";"D942 pr 15";"46,21066500";"1,17922800"
"202400015278";"14";"03";"2024";"00:07";"3";"38";"38565";"1";"1";"1";"6";"3917 Avenue du 11 Novembre";"45,26562600";"5,65518600"
"202400015279";"3";"07";"2024";"05:30";"3";"987";"98738";"2";"1";"1";"1";"RT1, PK 14,8, en face du centre commercial AUCHAN TAMANU";" -17,61800000";" -149,54900000"
"202400015280";"14";"03";"2024";"18:30";"2";"26";"26331";"1";"2";"1";"3";"Route de Saint Nazaire";"45,05213500";"5,29234200"
"202400015281";"2";"07";"2024";"18:25";"1";"13";"13051";"1";"3";"1";"3";"D15";"43,59990300";"5,13152700"
"202400015282";"13";"03";"2024";"16:09";"1";"69";"69241";"1";"3";"1";"4";"Route Départementale 342";"45,62074200";"4,71325300"
"202400015283";"2";"07";"2024";"18:00";"1";"78";"78466";"1";"1";"1";"3";"Rue de Vernouillet";"48,93730000";"1,97601000"
"202400015284";"14";"03";"2024";"23:25";"3";"81";"81219";"1";"1";"1";"2";"N126";"43,56751600";"1,95017000"
"202400015285";"3";"07";"2024";"08:40";"1";"17";"17385";"1";"1";"1";"1";"route départementale 734";"45,92774400";" -1,28508900"
"202400015286";"2";"07";"2024";"16:39";"1";"51";"51437";"1";"1";"3";"7";"Autroute-A4-PK:122.00-METZ/PARIS";"49,22731249";"3,82483490"
"202400015287";"15";"03";"2024";"12:40";"1";"81";"81038";"1";"3";"1";"3";"Route de Lavaur";"43,89295200";"1,89336100"
"202400015288";"2";"07";"2024";"13:00";"1";"971";"97125";"1";"1";"1";"2";"1147 Desbonnes";"16,27703300";" -61,28521400"
"202400015289";"14";"03";"2024";"14:00";"1";"40";"40257";"1";"1";"1";"3";"1240 Route de Saint-paul";"44,26000000";" -1,18385100"
"202400015290";"3";"07";"2024";"00:01";"4";"77";"77382";"2";"1";"1";"7";"74 Rue Carnot";"48,89729400";"2,87773700"
"202400015291";"2";"07";"2024";"17:35";"1";"95";"95308";"1";"6";"1";"2";"D927";"49,10517400";"2,12920200"
"202400015292";"14";"03";"2024";"17:40";"1";"40";"40202";"2";"1";"1";"1";"35 Route de Sort";"43,69202700";" -0,99857300"
"202400015293";"2";"07";"2024";"23:00";"3";"66";"66210";"2";"3";"1";"3";"Avenue des Sports";"42,63631100";"2,75433600"
"202400015294";"7";"03";"2024";"13:30";"1";"14";"14762";"2";"1";"1";"3";"28 Rue André Halbout";"48,84012600";" -0,88821000"
"202400015295";"3";"07";"2024";"14:00";"1";"30";"30345";"1";"1";"1";"1";"la tavernole";"44,28439800";"3,99743600"
"202400015296";"14";"03";"2024";"13:25";"1";"22";"22118";"2";"1";"1";"2";"Viaduc";"48,45469000";" -2,03777400"
"202400015297";"2";"07";"2024";"17:40";"1";"05";"05181";"1";"1";"1";"3";"Rd 1091";"45,03297100";"6,39657500"
"202400015298";"14";"03";"2024";"08:30";"1";"60";"60700";"1";"1";"1";"2";"d1011";"49,38265962";"2,14785719"
"202400015299";"2";"07";"2024";"12:10";"1";"04";"04193";"1";"1";"1";"5";"RD902 Point routier 2+285";"44,53071900";"6,70985700"
"202400015300";"2";"07";"2024";"22:40";"5";"89";"89257";"2";"1";"2";"6";"6 Rue Georges Pompidou";"47,97101000";"3,50513600"
"202400015301";"3";"07";"2024";"10:50";"1";"71";"71342";"2";"3";"1";"3";"35 Quai de l'Industrie";"46,45325538";"4,10483320"
"202400015302";"14";"03";"2024";"16:25";"1";"59";"59256";"1";"1";"1";"7";"M655";"50,58092036";"3,13848495"
"202400015303";"27";"06";"2024";"19:15";"1";"21";"21639";"2";"9";"1";"1";"Avenue de la Gare";"47,19355100";"5,37462700"
"202400015304";"2";"07";"2024";"17:00";"1";"38";"38494";"1";"2";"1";"3";"Route de Bourgoin";"45,69503000";"5,38042500"
"202400015305";"13";"03";"2024";"14:50";"1";"13";"13005";"1";"1";"1";"3";"A50-Sens Aubagne vers Marseille";"43,28848507";"5,54834252"
"202400015306";"1";"07";"2024";"10:25";"1";"69";"69171";"1";"3";"1";"3";"Route Départementale 389";"45,79819200";"4,58851900"
"202400015307";"13";"03";"2024";"17:15";"1";"13";"13005";"1";"1";"1";"2";"A50-Sens Marseille vers Aubagne";"43,28660000";"5,53643200"
"202400015308";"1";"07";"2024";"07:20";"1";"81";"81038";"2";"3";"1";"3";"279 Route de Graulhet";"43,87804800";"1,91152500"
"202400015309";"14";"03";"2024";"15:53";"1";"33";"33096";"1";"1";"1";"4";"N/A";"44,90173872";" -0,49394021"
"202400015310";"2";"07";"2024";"20:02";"1";"65";"65059";"1";"3";"1";"6";"Route de la Plaine";"43,08078400";"0,14909900"
"202400015311";"14";"03";"2024";"18:42";"2";"91";"91692";"1";"1";"1";"3";"RN 118";"48,68007300";"2,19116900"
"202400015312";"28";"06";"2024";"18:46";"1";"31";"31287";"2";"6";"1";"1";"1 Rue du Nord";"43,39654100";"1,26113100"
"202400015313";"14";"03";"2024";"09:05";"1";"91";"91589";"1";"1";"1";"5";"AUTOROUTE A6";"48,67400718";"2,34272718"
"202400015314";"23";"06";"2024";"17:57";"1";"62";"62444";"1";"1";"1";"6";"Rue de l'Eglise";"50,87648900";"1,70350300"
"202400015315";"2";"07";"2024";"08:00";"1";"13";"13005";"1";"1";"1";"2";"A50-Sens Marseille vers Aubagne";"43,28877777";"5,54788239"
"202400015316";"14";"03";"2024";"08:45";"1";"91";"91477";"1";"1";"1";"5";"AUTOROUTE A126";"48,71880000";"2,25919000"
"202400015317";"27";"06";"2024";"19:30";"1";"13";"13070";"1";"1";"1";"2";"A50-Sens Aubagne vers Marseille";"43,28584555";"5,51204403"
"202400015318";"14";"03";"2024";"16:25";"1";"92";"92036";"1";"1";"1";"3";"A86";"48,93554103";"2,28513973"
"202400015319";"1";"07";"2024";"01:10";"3";"13";"13215";"1";"1";"1";"2";"A7-Sens Lyon vers Marseille";"43,36183000";"5,36044000"
"202400015320";"14";"03";"2024";"15:00";"1";"92";"92064";"1";"1";"1";"7";"A13";"48,83971299";"2,19936868"
"202400015321";"14";"03";"2024";"13:35";"1";"92";"92063";"1";"1";"1";"6";"A86 DUPLEX";"48,86286475";"2,16034716"
"202400015322";"28";"06";"2024";"12:55";"1";"62";"62624";"1";"1";"1";"4";"A21";"50,42606000";"3,00438000"
"202400015323";"14";"03";"2024";"06:50";"1";"92";"92050";"1";"1";"1";"7";"A86";"48,90454939";"2,20759606"
"202400015324";"28";"06";"2024";"18:00";"1";"59";"59090";"1";"1";"1";"2";"AUTOROUTE A22";"50,71897907";"3,12385535"
"202400015325";"2";"07";"2024";"19:15";"1";"77";"77384";"1";"1";"1";"7";"AUTOROUTE A5A";"48,60149400";"2,60039800"
"202400015326";"13";"03";"2024";"22:20";"3";"93";"93010";"1";"1";"1";"3";"A3";"48,90435356";"2,47165610"
"202400015327";"2";"07";"2024";"10:00";"1";"78";"78362";"1";"1";"1";"2";"A13";"48,97594800";"1,72283200"
"202400015328";"13";"03";"2024";"18:00";"1";"93";"93053";"1";"1";"1";"4";"A3";"48,89769795";"2,46976275"
"202400015329";"2";"07";"2024";"17:30";"1";"93";"93010";"1";"1";"1";"5";"A3";"48,90396716";"2,47131617"
"202400015330";"13";"03";"2024";"11:40";"1";"93";"93064";"1";"1";"1";"2";"A86";"48,87334812";"2,47976661"
"202400015331";"2";"07";"2024";"15:10";"1";"93";"93063";"1";"1";"1";"6";"A3";"48,87356555";"2,43687765"
"202400015332";"2";"07";"2024";"08:00";"1";"92";"92036";"1";"1";"1";"2";"AUTOROUTE A15";"48,94067835";"2,29263081"
"202400015333";"13";"03";"2024";"05:40";"3";"95";"95582";"1";"1";"1";"3";"D170";"48,96257178";"2,26331788"
"202400015334";"1";"07";"2024";"18:30";"1";"93";"93006";"1";"1";"1";"3";"A3";"48,86885597";"2,42913736"
"202400015335";"12";"03";"2024";"23:30";"3";"95";"95042";"1";"1";"1";"2";"N104";"49,05688567";"2,28750144"
"202400015336";"11";"03";"2024";"21:50";"3";"95";"95527";"1";"1";"1";"6";"A3";"48,98219333";"2,50196670"
"202400015337";"1";"07";"2024";"19:00";"1";"93";"93010";"1";"1";"1";"4";"A3";"48,90337187";"2,47129404"
"202400015338";"2";"07";"2024";"16:30";"1";"93";"93051";"1";"1";"1";"2";"A4";"48,83454247";"2,58415688"
"202400015339";"11";"03";"2024";"19:15";"3";"95";"95018";"1";"1";"2";"4";"A15";"48,96033640";"2,27113018"
"202400015340";"14";"03";"2024";"09:20";"1";"93";"93051";"1";"1";"1";"3";"A4";"48,83618469";"2,55322258"
"202400015341";"2";"07";"2024";"01:35";"3";"94";"94022";"1";"1";"1";"2";"A86";"48,77655361";"2,41915812"
"202400015342";"1";"07";"2024";"15:40";"1";"94";"94069";"1";"1";"1";"7";"A4";"48,81744251";"2,42067218"
"202400015343";"13";"03";"2024";"07:15";"1";"94";"94042";"1";"1";"1";"3";"A4";"48,82814739";"2,47294564"
"202400015344";"13";"03";"2024";"20:20";"5";"974";"97411";"2";"1";"1";"7";"SAINT-FRANCOIS (BOULEVARD)";" -20,89918000";"55,46029000"
"202400015345";"1";"07";"2024";"09:50";"1";"94";"94052";"1";"1";"1";"2";"A86";"48,84331030";"2,49314406"
"202400015346";"13";"03";"2024";"12:45";"1";"972";"97213";"1";"1";"1";"6";"ROUTE NATIONALE 6";"14,59406000";" -60,98378000"
"202400015347";"25";"06";"2024";"07:10";"1";"76";"76681";"2";"2";"1";"6";"Rue du 4 Septembre";"49,42370000";"1,09232000"
"202400015348";"12";"03";"2024";"07:45";"1";"972";"97209";"1";"3";"1";"3";"RAVINE VILAINE (CHEMIN DEPARTEMENTAL DE)";"14,63083000";" -61,05989000"
"202400015349";"24";"01";"2024";"10:40";"1";"95";"95607";"2";"1";"1";"6";"MARECHAL FOCH (RUE DU)";"49,02613427";"2,22191647"
"202400015350";"13";"03";"2024";"05:50";"5";"69";"69152";"2";"1";"1";"7";"14 Boulevard de l'Europe";"45,70900465";"4,82123599"
"202400015351";"25";"06";"2024";"10:00";"1";"44";"44109";"2";"1";"1";"6";"1 Rue Président Edouard Herriot";"47,21782923";" -1,55938736"
"202400015352";"17";"04";"2024";"20:20";"5";"74";"74010";"2";"9";"2";"3";"PRELEVET (AVENUE DE)";"45,89400000";"6,10200000"
"202400015353";"13";"03";"2024";"23:45";"5";"95";"95607";"2";"6";"8";"2";"D407";"49,00541888";"2,20993830"
"202400015354";"30";"06";"2024";"02:00";"5";"987";"98735";"2";"2";"1";"3";"PRINCE HINOI (AVENUE)";" -17,53598600";" -149,56646700"
"202400015355";"13";"03";"2024";"09:10";"1";"91";"91425";"2";"1";"1";"2";"RUE DES BOURGUIGNONS";"48,64664000";"2,27423000"
"202400015356";"1";"07";"2024";"12:00";"1";"974";"97411";"2";"2";"1";"6";"LECLERC (DU MARECHAL)";" -20,88040000";"55,45739000"
"202400015357";"1";"07";"2024";"09:30";"1";"973";"97302";"2";"1";"1";"7";"LEBLOND (ROND POINT)";"4,92162285";" -52,32972407"
"202400015358";"13";"03";"2024";"19:45";"5";"91";"91122";"2";"1";"1";"3";"HACQUINIERE (RUE DE LA)";"48,69605000";"2,15500000"
"202400015359";"1";"07";"2024";"02:35";"5";"973";"97302";"2";"1";"1";"7";"FELIX EBOUE(ROCADE)";"4,93246000";" -52,31081000"
"202400015360";"12";"03";"2024";"18:30";"2";"91";"91377";"2";"1";"8";"3";"AV DU NOYER LAMBERT";"48,73125000";"2,29116000"
"202400015361";"1";"07";"2024";"18:45";"1";"69";"69383";"2";"1";"1";"3";"Rue Feuillat";"45,75369000";"4,87680000"
"202400015362";"13";"03";"2024";"11:31";"1";"91";"91174";"2";"1";"8";"2";"AV DU 8 MAI 1945";"48,61102000";"2,45421000"
"202400015363";"1";"07";"2024";"22:20";"5";"69";"69385";"2";"2";"1";"6";"Avenue du Point du Jour";"45,75639000";"4,79754000"
"202400015364";"13";"03";"2024";"07:30";"1";"91";"91174";"2";"3";"1";"3";"AV DU 8 MAI 1945";"48,61093800";"2,45324500"
"202400015365";"1";"07";"2024";"17:45";"1";"69";"69034";"2";"1";"1";"3";"Montée de la Boucle";"45,78288000";"4,83653000"
"202400015366";"13";"03";"2024";"13:30";"1";"88";"88160";"2";"6";"2";"6";"CARPENTIER (VOIE PIERRE-)";"48,17633000";"6,45140000"
"202400015367";"1";"07";"2024";"09:30";"1";"69";"69034";"2";"1";"1";"3";"111 Quai Clemenceau";"45,81121000";"4,84585000"
"202400015368";"12";"03";"2024";"13:58";"1";"87";"87085";"2";"3";"1";"6";"FOUCAUD (AVENUE)";"45,82645000";"1,25175000"
"202400015369";"29";"06";"2024";"16:10";"1";"971";"97101";"1";"1";"1";"4";"RN1-  HAUTEUR DE SORTIE LAURICISQUE";"16,25353000";" -61,53509000"
"202400015370";"30";"06";"2024";"07:30";"1";"971";"97113";"1";"1";"1";"3";"RN4 - SECTION RIVIERA";"16,21766000";" -61,49139000"
"202400015371";"13";"03";"2024";"09:45";"1";"83";"83137";"2";"3";"1";"3";"FOCH (AVE DU MARECHAL)";"43,12737575";"5,91959485"
"202400015372";"30";"06";"2024";"06:30";"1";"971";"97113";"1";"1";"1";"3";"Morne Salines";"16,21177000";" -61,44075000"
"202400015373";"12";"03";"2024";"09:15";"1";"83";"83069";"2";"1";"1";"1";"ST LAZARE (CHEMIN)";"43,11484950";"6,17569327"
"202400015374";"13";"03";"2024";"18:40";"2";"77";"77513";"2";"3";"1";"3";"CHAUSSEE DE PARIS (RUE DE LA)";"48,95508800";"2,87026700"
"202400015375";"29";"06";"2024";"22:50";"5";"971";"97101";"1";"9";"1";"3";"ROUTE DE BOISVINS";"16,25670000";" -61,45977000"
"202400015376";"13";"03";"2024";"11:15";"1";"77";"77186";"1";"1";"8";"6";"d301 de chantoiseau /grand veneur";"48,40699900";"2,63832100"
"202400015377";"13";"03";"2024";"09:10";"1";"76";"76351";"2";"2";"1";"3";"EMILE ZOLA";"49,48864000";"0,10595000"
"202400015378";"1";"07";"2024";"09:10";"1";"91";"91477";"2";"1";"1";"6";"BECQUEREL (AVENUE HENRI)";"48,71215500";"2,21514130"
"202400015379";"12";"03";"2024";"14:50";"1";"72";"72181";"2";"6";"8";"6";"WILBUR WRIGHT (RUE)";"48,00791000";"0,19819000"
"202400015380";"28";"06";"2024";"19:20";"1";"87";"87085";"2";"1";"1";"3";"BRIAND (RUE ARISTIDE)";"45,85844826";"1,28620505"
"202400015381";"11";"03";"2024";"15:20";"1";"69";"69290";"2";"9";"2";"3";"44 Chemin de Genas";"45,71464000";"4,95959000"
"202400015382";"29";"06";"2024";"17:12";"1";"87";"87114";"2";"3";"1";"3";"LIBERATION (AVENUE DE LA)";"45,82676000";"1,29150000"
"202400015383";"9";"03";"2024";"15:20";"1";"68";"68166";"2";"1";"1";"7";"NOYER (RUE DU)";"47,79144000";"7,33229000"
"202400015384";"12";"03";"2024";"13:40";"1";"67";"67482";"2";"8";"8";"6";"RACINE (AVENUE)";"48,59160000";"7,70660000"
"202400015385";"28";"06";"2024";"08:35";"1";"83";"83123";"2";"1";"1";"3";"GARE (ROUTE)";"43,12240883";"5,82230404"
"202400015386";"27";"06";"2024";"17:50";"1";"80";"80021";"2";"1";"1";"6";"Allée Eugène Varlin";"49,91700000";"2,24800000"
"202400015387";"13";"03";"2024";"14:00";"1";"64";"64445";"2";"2";"1";"3";"JEAN JAURES";"43,30489700";" -0,35817100"
"202400015388";"30";"06";"2024";"16:00";"1";"80";"80021";"2";"1";"1";"6";"Rue de l'Abbé Hénocque";"49,90983000";"2,29387000"
"202400015389";"12";"03";"2024";"08:35";"1";"64";"64445";"2";"1";"1";"6";"ORLEANS D'";"43,29903000";" -0,37294000"
"202400015390";"1";"07";"2024";"21:55";"2";"78";"78643";"2";"3";"1";"1";"EUROPE BD DE L'";"48,97578100";"1,98527200"
"202400015391";"11";"03";"2024";"13:45";"1";"64";"64284";"2";"1";"3";"2";"N/A";"43,29379500";" -0,38682000"
"202400015392";"1";"07";"2024";"07:15";"1";"76";"76681";"1";"1";"1";"2";"Boulevard Industriel";"49,42058000";"1,10705000"
"202400015393";"13";"03";"2024";"12:40";"1";"63";"63113";"2";"3";"1";"6";"Clémenceau/Malfreyt";"45,77382000";"3,08496000"
"202400015394";"13";"03";"2024";"10:55";"1";"63";"63113";"2";"1";"1";"3";"JULIEN (AVENUE)";"45,77412106";"3,07696715"
"202400015395";"28";"06";"2024";"18:00";"1";"76";"76351";"2";"1";"1";"6";"MONT GAILLARD (ALLEE DU)";"49,52373562";"0,11454034"
"202400015396";"12";"03";"2024";"08:41";"1";"49";"49007";"2";"1";"1";"2";"LEBASQUE";"47,45852000";" -0,53002000"
"202400015397";"12";"03";"2024";"19:45";"5";"49";"49007";"2";"1";"1";"6";"CAMUS";"47,47893000";" -0,57629000"
"202400015398";"28";"06";"2024";"15:25";"1";"76";"76351";"2";"3";"1";"6";"Rue Aristide Briand";"49,50010000";"0,13196000"
"202400015399";"13";"03";"2024";"08:00";"1";"45";"45285";"2";"1";"1";"6";"Avenue Pierre Mendès France";"47,90576000";"1,86924000"