"Num_Acc";"jour";"mois";"an";"hrmn";"lum";"dep";"com";"agg";"int";"atm";"col";"adr";"lat";"long"
"202400015400";"30";"06";"2024";"19:45";"1";"72";"72181";"2";"1";"1";"1";"CORDELET LOUIS ( AV)";"48,01286000";"0,18797000"
"202400015401";"27";"06";"2024";"17:20";"1";"71";"71153";"2";"3";"1";"3";"ALBERT 1ER (RUE)";"46,78926000";"4,43201000"
"202400015402";"13";"03";"2024";"21:35";"5";"45";"45068";"2";"3";"1";"3";"76 Avenue du Général Leclerc";"48,02105012";"2,73721334"
"202400015403";"1";"07";"2024";"21:00";"1";"69";"69266";"2";"1";"1";"2";"Cours Tolstoï";"45,76280341";"4,87778795"
"202400015404";"13";"03";"2024";"17:50";"1";"44";"44109";"2";"2";"1";"1";"14 Rue Romain Rolland";"47,20549000";" -1,60668000"
"202400015405";"27";"06";"2024";"10:10";"1";"69";"69286";"2";"1";"1";"6";"Rue du Capitaine Julien";"45,82295675";"4,88995922"
"202400015406";"13";"03";"2024";"13:00";"1";"43";"43041";"2";"1";"1";"3";"54 Avenue Charles Dupuy";"45,04930000";"3,91934000"
"202400015407";"13";"03";"2024";"19:40";"3";"42";"42127";"2";"1";"1";"2";"Rue des Glycines";"46,08357000";"4,07188000"
"202400015408";"1";"07";"2024";"21:00";"2";"69";"69290";"2";"5";"1";"3";"Boulevard de la Porte des Alpes";"45,71693000";"4,92830000"
"202400015409";"10";"03";"2024";"14:20";"1";"38";"38318";"2";"1";"1";"6";"LOUIS LEYDIER(RUE)";"45,52887000";"4,91599000"
"202400015410";"30";"06";"2024";"13:35";"1";"64";"64445";"2";"3";"8";"3";"SARAGOSSE DE";"43,30855000";" -0,36314000"
"202400015411";"12";"03";"2024";"08:00";"1";"35";"35281";"2";"1";"2";"6";"FUSILLES (RUE DES 25)";"48,09053000";" -1,69491000"
"202400015412";"29";"06";"2024";"21:05";"1";"60";"60175";"2";"1";"1";"7";"Rue Henri Bergson";"49,25390000";"2,48727000"
"202400015413";"13";"03";"2024";"18:10";"1";"33";"33069";"2";"1";"1";"3";"N/A";"44,86888000";" -0,58964000"
"202400015414";"22";"06";"2024";"03:35";"5";"59";"59350";"2";"1";"1";"6";"Rue de La Louvière";"50,64790900";"3,08596600"
"202400015415";"13";"03";"2024";"10:30";"1";"33";"33069";"2";"2";"1";"3";"N/A";"44,85707000";" -0,59115000"
"202400015416";"30";"06";"2024";"11:20";"1";"57";"57508";"2";"1";"1";"6";"FOCH (RUE)";"49,33929000";"6,04802000"
"202400015417";"13";"03";"2024";"14:20";"1";"31";"31555";"1";"9";"1";"4";"980.3 PLAISANCE (ROCADE ARC EN CIEL)";"43,60610000";"1,36840000"
"202400015418";"29";"06";"2024";"12:30";"1";"57";"57672";"2";"1";"1";"5";"REPUBLIQUE (PLACE DE LA)";"49,35582900";"6,16362500"
"202400015419";"13";"03";"2024";"08:46";"1";"31";"31069";"2";"1";"1";"3";"VELASQUEZ (RUE)";"43,61747798";"1,38842136"
"202400015420";"1";"07";"2024";"14:59";"1";"56";"56098";"2";"8";"1";"6";"Avenue Pablo Néruda";"47,77289500";" -3,33405600"
"202400015421";"7";"03";"2024";"17:50";"1";"31";"31555";"2";"3";"1";"3";"ETATS UNIS (AV DES) DU 1AU 281";"43,63498000";"1,43092000"
"202400015422";"22";"06";"2024";"20:30";"1";"52";"52534";"2";"9";"1";"1";"SAINT DIZIER (ROUTE DE)";"48,66492000";"4,90518000"
"202400015423";"13";"03";"2024";"13:30";"1";"29";"29232";"2";"1";"1";"3";"Avenue Pierre Mendes-France";"47,97325500";" -4,13199300"
"202400015424";"30";"06";"2024";"11:47";"1";"51";"51055";"2";"1";"1";"3";"PRIMEVERES (ALLEE)";"49,28272800";"4,05255400"
"202400015425";"13";"03";"2024";"08:20";"1";"27";"27681";"1";"4";"1";"3";"DE LATTRE DE TASSIGNY (AVENUE DU MAL)";"49,07689900";"1,46393200"
"202400015426";"28";"06";"2024";"14:20";"1";"50";"50129";"2";"1";"1";"4";"PAIX (RUE DE LA)";"49,64829000";" -1,64902000"
"202400015427";"13";"03";"2024";"17:00";"1";"18";"18213";"2";"3";"1";"7";"Route de la Charité";"47,09659000";"2,44797000"
"202400015428";"1";"07";"2024";"10:30";"1";"49";"49099";"2";"4";"1";"6";"LORRAINE (RUE DE)";"47,06095000";" -0,87114000"
"202400015429";"12";"03";"2024";"19:54";"5";"14";"14333";"2";"1";"1";"7";"Avenue du Canteloup";"49,40488000";"0,24310000"
"202400015430";"13";"03";"2024";"23:20";"5";"13";"13208";"2";"1";"1";"1";"ANDRE ZENATTI (AVENUE)";"43,24623000";"5,38873000"
"202400015431";"1";"07";"2024";"10:40";"1";"45";"45234";"2";"9";"1";"2";"20bis Rue de la Tour Neuve";"47,89948200";"1,91355500"
"202400015432";"13";"03";"2024";"17:00";"1";"13";"13005";"2";"3";"1";"3";"PAGNOL (AVENUE MARCEL)";"43,29645000";"5,56941000"
"202400015433";"29";"06";"2024";"15:55";"1";"40";"40192";"1";"1";"1";"5";"ROCADE EST (RD 932 E)";"43,87666458";" -0,46553135"
"202400015434";"13";"03";"2024";"16:00";"1";"11";"11069";"2";"1";"1";"3";"11 Rue du Moulin de la Seigne";"43,22587000";"2,35069000"
"202400015435";"29";"06";"2024";"23:20";"5";"38";"38185";"2";"1";"1";"6";"REYNOARD (AV. M.)";"45,16162000";"5,72881000"
"202400015436";"10";"03";"2024";"21:45";"5";"10";"10387";"2";"1";"1";"7";"NOES (RUE DES)";"48,29820000";"4,05660000"
"202400015437";"10";"03";"2024";"18:10";"2";"07";"07019";"1";"1";"4";"1";"D 104 (DEVIATION ST PRIVAS)";"44,60807000";"4,40343000"
"202400015438";"1";"07";"2024";"06:00";"2";"34";"34129";"1";"1";"1";"2";"PALAVAS D986 (ROUTE DE)";"43,58568000";"3,89543000"
"202400015439";"13";"03";"2024";"13:30";"1";"06";"06088";"2";"1";"1";"6";"Promenade des Anglais";"43,66659000";"7,21343000"
"202400015440";"30";"06";"2024";"01:45";"5";"34";"34172";"2";"1";"1";"1";"FAUBOURG FIGUEROLLES (RUE DU)";"43,60548000";"3,86105000"
"202400015441";"13";"03";"2024";"10:22";"1";"06";"06088";"2";"1";"1";"6";"Rue Gioffrédo";"43,70203000";"7,27629000"
"202400015442";"13";"03";"2024";"07:50";"1";"75";"75112";"2";"1";"1";"3";"BD PERIPHERIQUE EXTERIEUR";"48,82899900";"2,40013400"
"202400015443";"1";"07";"2024";"20:20";"1";"33";"33063";"1";"3";"8";"3";"N/A";"44,86632600";" -0,53690500"
"202400015444";"11";"03";"2024";"16:40";"1";"75";"75117";"2";"1";"2";"2";"BD PERIPHERIQUE INTERIEUR";"48,88398100";"2,28527900"
"202400015445";"30";"06";"2024";"22:05";"5";"33";"33063";"2";"3";"1";"3";"N/A";"44,86582000";" -0,56110000"
"202400015446";"13";"03";"2024";"10:53";"1";"75";"75108";"2";"2";"1";"3";"AVENUE HOCHE";"48,87458600";"2,29697000"
"202400015447";"30";"06";"2024";"15:35";"1";"33";"33069";"2";"3";"1";"3";"N/A";"44,86974900";" -0,61447600"
"202400015448";"12";"03";"2024";"18:59";"1";"75";"75107";"2";"2";"8";"3";"AVENUE DE LA MOTTE PICQUET";"48,85726800";"2,30994500"
"202400015449";"28";"06";"2024";"17:27";"1";"30";"30189";"2";"1";"1";"5";"ALLENDE SALVADOR (RUE)";"43,82520000";"4,37120000"
"202400015450";"12";"03";"2024";"18:00";"1";"75";"75105";"2";"2";"1";"3";"PONT SAINT MICHEL";"48,85381900";"2,34435400"
"202400015451";"29";"06";"2024";"05:20";"1";"28";"28404";"2";"4";"1";"6";"CRECY (ROUTE DE)";"48,72138300";"1,32383000"
"202400015452";"13";"03";"2024";"16:30";"1";"75";"75118";"2";"2";"1";"6";"RUE DES POISSONNIERS";"48,89422500";"2,35286700"
"202400015453";"1";"07";"2024";"15:35";"1";"27";"27229";"2";"1";"1";"6";"YSER (RUE DE L')";"49,03421000";"1,13213000"
"202400015454";"13";"03";"2024";"13:20";"1";"75";"75118";"2";"1";"1";"2";"AVENUE DE LA PORTE DE CLIGNANCOURT";"48,89887000";"2,34419900"
"202400015455";"30";"06";"2024";"22:55";"5";"27";"27229";"2";"1";"1";"1";"DUPONT DE L'EURE (PLACE)";"49,02959900";"1,15270100"
"202400015456";"12";"03";"2024";"17:10";"1";"75";"75115";"2";"2";"2";"3";"QUAI D ISSY LES MOULINEAUX";"48,83439000";"2,26517900"
"202400015457";"1";"07";"2024";"21:10";"1";"26";"26362";"2";"1";"1";"3";"Boulevard Winston Churchill";"44,93510000";"4,91855000"
"202400015458";"1";"07";"2024";"10:06";"1";"14";"14333";"2";"9";"1";"2";"1 Rue du Calvados";"49,42008000";"0,25999000"
"202400015459";"1";"07";"2024";"20:00";"1";"13";"13106";"2";"1";"1";"1";"ROUGIERE (CHEMIN DE LA)";"43,39141382";"5,37337906"
"202400015460";"1";"07";"2024";"11:40";"1";"13";"13106";"2";"9";"1";"1";"DIDIER TRAMONI (BOULEVARD)";"43,39873000";"5,36597000"
"202400015461";"1";"07";"2024";"18:50";"1";"13";"13213";"2";"4";"1";"6";"ALBERT EINSTEIN (RUE)";"43,33726000";"5,43589000"
"202400015462";"1";"07";"2024";"06:53";"1";"13";"13203";"2";"1";"1";"3";"GIBRALTAR (TRAVERSE)";"43,31000000";"5,39000000"
"202400015463";"1";"07";"2024";"20:20";"1";"13";"13047";"1";"1";"1";"3";"TRANSHUMANCE ROND POINT DE LA";"43,52735722";"4,96144321"
"202400015464";"22";"06";"2024";"02:30";"3";"11";"11262";"1";"9";"1";"6";"Chemin des Vallons";"43,19959000";"2,96422000"
"202400015465";"28";"06";"2024";"08:35";"1";"02";"02243";"2";"6";"1";"2";"29 Avenue du Général Patton";"49,40023000";"3,35477000"
"202400015466";"30";"06";"2024";"05:20";"1";"75";"75115";"2";"1";"1";"2";"BD PERIPHERIQUE INTERIEUR";"48,82676100";"2,29577800"
"202400015467";"1";"07";"2024";"18:31";"1";"75";"75105";"2";"2";"1";"3";"BOULEVARD SAINT GERMAIN";"48,85138800";"2,34318900"
"202400015468";"1";"07";"2024";"14:25";"1";"75";"75105";"2";"3";"1";"1";"BOULEVARD SAINT MICHEL";"48,84628600";"2,34025000"
"202400015469";"1";"07";"2024";"09:25";"1";"75";"75105";"2";"3";"1";"3";"RUE GAY LUSSAC";"48,84309800";"2,34265800"
"202400015470";"1";"07";"2024";"22:45";"5";"75";"75119";"2";"1";"1";"3";"AVENUE JEAN JAURES";"48,88824800";"2,39130900"
"202400015471";"1";"07";"2024";"19:40";"1";"75";"75119";"2";"1";"1";"6";"RUE MANIN";"48,88285900";"2,38427500"
"202400015472";"1";"07";"2024";"17:40";"1";"75";"75119";"2";"1";"1";"7";"AVENUE JEAN JAURES";"48,88384300";"2,37399900"
"202400015473";"1";"07";"2024";"22:30";"5";"75";"75117";"2";"1";"1";"7";"AVENUE DE LA GRANDE ARMEE";"48,87713200";"2,28467300"
"202400015474";"24";"08";"2024";"19:50";"3";"57";"57041";"1";"1";"3";"2";"Autoroute A30";"49,41024302";"5,92116786"
"202400015475";"18";"11";"2024";"05:27";"1";"987";"98735";"2";"1";"1";"2";"PRINCE HINOI (AVENUE)";" -17,53395298";" -149,56100821"
"202400015476";"1";"07";"2024";"14:20";"1";"75";"75114";"2";"1";"1";"3";"BOULEVARD JOURDAN";"48,82054300";"2,33741100"
"202400015477";"21";"11";"2024";"23:40";"3";"974";"97416";"1";"1";"3";"2";"RN1 (ROUTE NATIONALE)";" -21,31137000";"55,43562000"
"202400015478";"1";"07";"2024";"19:15";"1";"75";"75111";"2";"2";"1";"3";"AVENUE PARMENTIER";"48,86505000";"2,37470100"
"202400015479";"21";"11";"2024";"13:45";"1";"974";"97416";"1";"1";"3";"6";"RN3 (1)";" -21,30458000";"55,49823000"
"202400015480";"1";"07";"2024";"11:35";"1";"75";"75111";"2";"3";"1";"3";"RUE DE LA ROQUETTE";"48,85870200";"2,38470200"
"202400015481";"21";"11";"2024";"19:16";"5";"974";"97411";"2";"1";"1";"3";"JAURES (BOULEVARD JEAN)";" -20,88976000";"55,46299000"
"202400015482";"1";"07";"2024";"13:00";"1";"75";"75104";"2";"3";"8";"3";"QUAI DE L HOTEL DE VILLE";"48,85539800";"2,35284100"
"202400015483";"21";"11";"2024";"17:55";"1";"974";"97411";"2";"6";"1";"2";"JAURES (BOULEVARD JEAN)";" -20,90246000";"55,50269000"
"202400015484";"30";"06";"2024";"21:35";"5";"75";"75101";"2";"2";"1";"1";"RUE DU LOUVRE";"48,86170100";"2,34124500"
"202400015485";"21";"11";"2024";"12:10";"1";"972";"97213";"1";"1";"2";"3";"Z I LES MANGLES";"14,61328000";" -61,01097000"
"202400015486";"21";"11";"2024";"14:52";"1";"69";"69385";"2";"3";"2";"3";"Pont Bonaparte";"45,75963000";"4,82792000"
"202400015487";"1";"07";"2024";"21:19";"2";"94";"94078";"2";"2";"1";"5";"Avenue Carnot";"48,73304000";"2,45081000"
"202400015488";"20";"11";"2024";"12:45";"1";"69";"69384";"2";"3";"1";"6";"Rue Henri Chevalier";"45,78289871";"4,82919537"
"202400015489";"21";"11";"2024";"08:00";"1";"971";"97101";"2";"1";"1";"7";"BOULEVARD DES HEROS";"16,24966000";" -61,52343000"
"202400015490";"21";"11";"2024";"05:25";"5";101;101004";"2";"1";"6";"6";"#GEORGES POMPIDOU AVENUE#";"41,92995000";"8,75703000"
"202400015491";"20";"11";"2024";"09:55";"1";"95";"95607";"2";"7";"1";"6";"D106";"49,02706000";"2,22344000"
"202400015492";"21";"11";"2024";"17:30";"5";"91";"91514";"2";"1";"4";"1";"RUE COMBS LA VILLE";"48,67000000";"2,54000000"
"202400015493";"20";"11";"2024";"07:20";"4";"91";"91114";"2";"1";"9";"6";"RUE TALMA";"48,69231000";"2,50072000"
"202400015494";"21";"11";"2024";"12:10";"1";"87";"87085";"2";"1";"3";"6";"LATTRE-DE-TASSIGNY (AVENUE DU MARECHAL)";"45,82528000";"1,27250000"
"202400015495";"21";"11";"2024";"08:30";"1";"87";"87085";"2";"1";"2";"4";"N/A";"45,81926915";"1,25060678"
"202400015496";"20";"11";"2024";"13:00";"1";"84";"84007";"2";"3";"1";"2";"AERODROME  (ROUTE DE L') MFT";"43,91670000";"4,88534000"
"202400015497";"21";"11";"2024";"08:55";"1";"83";"83069";"2";"1";"1";"6";"GALLIENI (RUE MARECHAL)";"43,11989000";"6,12625000"
"202400015498";"21";"11";"2024";"02:30";"3";"80";"80725";"1";"1";"9";"7";"GOLF (AVENUE DU)";"49,86128000";"2,25539000"
"202400015499";"21";"11";"2024";"21:30";"3";"77";"77462";"1";"1";"4";"6";"ROUTE NATIONALE 2";"49,00451378";"2,64391780"
"202400015500";"20";"11";"2024";"23:50";"5";"77";"77307";"2";"2";"1";"1";"D934";"48,87798000";"2,74474000"
"202400015501";"20";"11";"2024";"18:30";"5";"77";"77464";"2";"1";"1";"6";"GARE (RUE DE  LA)";"48,88191000";"2,70479000"
"202400015502";"20";"11";"2024";"11:00";"1";"76";"76305";"2";"3";"1";"3";"CAMP DOLENT (AVENUE)";"49,50709000";"0,21990000"
"202400015503";"21";"11";"2024";"11:40";"1";"72";"72181";"2";"1";"4";"2";"PATTON GENERAL RTE BAUGE A CHEMIN RONDE";"48,00674977";"0,17201543"
"202400015504";"21";"11";"2024";"15:00";"1";"69";"69092";"2";"1";"2";"6";"Avenue du Beaujolais";"45,99859000";"4,70641000"
"202400015505";"20";"11";"2024";"10:30";"1";"69";"69290";"2";"2";"3";"3";"Route de Lyon";"45,71123000";"4,90201000"
"202400015506";"21";"11";"2024";"18:18";"5";"68";"68224";"2";"1";"4";"6";"STALINGRAD (RUE DE)";"47,74874000";"7,34687000"
"202400015507";"21";"11";"2024";"19:15";"5";"66";"66136";"2";"1";"1";"6";"PALALDA (DE)";"42,68401000";"2,90238000"
"202400015508";"21";"11";"2024";"08:22";"1";"66";"66136";"1";"9";"1";"3";"PALAIS-DES-EXPO (AVENUE DU)";"42,70626011";"2,89805174"
"202400015509";"21";"11";"2024";"07:40";"2";"66";"66136";"2";"3";"2";"3";"Bd KOENING";"42,68723000";"2,90182000"
"202400015510";"20";"11";"2024";"18:35";"5";"64";"64269";"2";"1";"2";"6";"PEYREBLANQUE DE";"43,29723000";" -0,30434000"
"202400015511";"20";"11";"2024";"18:36";"5";"64";"64024";"2";"9";"3";"4";"BAB (BOULEVARD DU)";"43,49370000";" -1,52238000"
"202400015512";"21";"11";"2024";"20:05";"3";"63";"63113";"1";"1";"6";"6";"BEAULIEU (CHEMIN DE)";"45,76820000";"3,14728000"
"202400015513";"21";"11";"2024";"10:40";"1";"63";"63075";"2";"1";"2";"6";"BERTHELOT (BOULEVARD)";"45,78029410";"3,07125807"
"202400015514";"20";"11";"2024";"12:10";"1";"61";"61006";"2";"1";"1";"1";"D158";"48,74749300";" -0,02631400"
"202400015515";"21";"11";"2024";"11:19";"1";"59";"59339";"1";"1";"1";"6";"Avenue de l'Europe";"50,68227000";"3,21962000"
"202400015516";"20";"11";"2024";"15:00";"1";"59";"59560";"2";"1";"1";"6";"Boulevard Joseph Hentges";"50,55372000";"3,03202000"
"202400015517";"20";"11";"2024";"17:55";"5";"58";"58194";"2";"6";"1";"3";"GEORGES POMPIDOU (ROND POINT)";"47,00101000";"3,15595000"
"202400015518";"20";"11";"2024";"10:38";"1";"57";"57491";"2";"1";"7";"6";"THOREZ (AVENUE MAURICE)";"49,25285000";"6,04440000"
"202400015519";"17";"11";"2024";"18:00";"3";"56";"56162";"1";"1";"1";"5";"Kervéhennec";"47,75206400";" -3,41968400"
"202400015520";"19";"11";"2024";"18:20";"5";"49";"49328";"2";"6";"1";"2";"RESISTANCE (PLACE DE LA)";"47,26708000";" -0,06992000"
"202400015521";"20";"11";"2024";"18:50";"2";"49";"49007";"2";"2";"2";"1";"CHATEAU D'ORGEMONT RUE ET SQU";"47,45170000";" -0,54460000"
"202400015522";"20";"11";"2024";"13:50";"1";"47";"47001";"2";"1";"2";"2";"GAMBETTA (COURS)";"44,19879000";"0,61228000"
"202400015523";"20";"11";"2024";"17:40";"5";"46";"46042";"1";"3";"3";"3";"départementale 27";"44,43633000";"1,40917000"
"202400015524";"21";"11";"2024";"12:50";"1";"45";"45169";"2";"6";"2";"3";"Avenue Georges Pompidou";"47,90093000";"1,85574000"
"202400015525";"21";"11";"2024";"18:25";"5";"45";"45208";"2";"1";"4";"6";"D943 PR 0 + 20";"48,00746000";"2,74095000"
"202400015526";"17";"11";"2024";"18:55";"3";"44";"44172";"2";"1";"1";"4";"N/A";"47,23893000";" -1,48499000"
"202400015527";"20";"11";"2024";"17:16";"2";"42";"42270";"2";"1";"2";"1";"Route des Gorges";"45,39086000";"4,22826000"
"202400015528";"21";"11";"2024";"17:39";"3";"38";"38151";"2";"9";"8";"6";"AVENUE DE LA RÉPUBLIQUE";"45,14317000";"5,72837000"
"202400015529";"21";"11";"2024";"09:20";"1";"37";"37261";"2";"2";"4";"6";"GRAMMONT (AVENUE DE)";"47,37603000";"0,69453000"
"202400015530";"21";"11";"2024";"10:10";"1";"37";"37261";"2";"6";"4";"7";"GANCE (BOULEVARD ABEL)";"47,42497823";"0,71191674"
"202400015531";"21";"11";"2024";"08:20";"2";"37";"37261";"2";"1";"4";"6";"FUYE( RUE DE LE )";"47,38693000";"0,70325000"
"202400015532";"20";"11";"2024";"16:07";"1";"35";"35238";"2";"2";"1";"6";"LORIENT (DE)";"48,10883000";" -1,71017000"
"202400015533";"21";"11";"2024";"13:00";"1";"34";"34172";"2";"3";"2";"1";"ANGLADA (RUE DU PROFESSEUR JOSEPH)";"43,63215000";"3,85592000"
"202400015534";"20";"11";"2024";"16:10";"1";"34";"34172";"2";"1";"1";"1";"FIGAIRASSE (RUE DE LA)";"43,60507000";"3,85523000"
"202400015535";"21";"11";"2024";"15:25";"1";"32";"32013";"2";"9";"8";"6";"HUIT MAI";"43,65963000";"0,59210000"
"202400015536";"21";"11";"2024";"16:40";"1";"31";"31149";"2";"1";"1";"3";"ALLEE ARISTIDE MAILLOL";"43,59626000";"1,35277000"
"202400015537";"20";"11";"2024";"21:38";"5";"29";"29232";"2";"1";"1";"2";"Rue Aristide Briand";"47,99465800";" -4,09634600"
"202400015538";"21";"11";"2024";"08:23";"4";"29";"29232";"2";"1";"3";"6";"Chemin des Justices";"47,99173000";" -4,11886000"
"202400015539";"21";"11";"2024";"05:40";"5";"29";"29019";"2";"1";"6";"3";"chemin de Kereseis";"48,39224862";" -4,54652351"
"202400015540";"20";"11";"2024";"20:10";"5";"29";"29019";"2";"1";"1";"6";"530 avenue de Tallinn";"48,38974300";" -4,52537000"
"202400015541";"21";"11";"2024";"11:30";"1";"27";"27681";"2";"3";"4";"6";"ANCIENNE HALLE (PLACE DE L')";"49,09139000";"1,48486000"
"202400015542";"21";"11";"2024";"10:00";"1";"15";"15014";"2";"1";"3";"3";"RD 120";"44,91607000";"2,42967000"
"202400015543";"21";"11";"2024";"17:45";"5";"13";"13202";"2";"1";"2";"3";"LAZARET (QUAI DU)";"43,30752000";"5,36692000"
"202400015544";"20";"11";"2024";"16:30";"1";"10";"10333";"2";"6";"1";"6";"Rue Ober Ramstadt";"48,28102000";"4,05204000"
"202400015545";"20";"11";"2024";"11:30";"1";"10";"10387";"2";"2";"1";"6";"JULES GUESDE (RUE)";"48,28872000";"4,08039000"
"202400015546";"20";"11";"2024";"08:34";"1";"10";"10321";"2";"1";"7";"6";"GENERAL LECLERC (RUE DU)";"48,29018000";"4,01903000"
"202400015547";"21";"11";"2024";"07:10";"2";"07";"07281";"1";"9";"1";"3";"GRAND BOIS (CH. DU [PL. DE LA COMMUNE)]";"44,95926000";"4,81777000"
"202400015548";"21";"11";"2024";"08:25";"1";"06";"06069";"2";"1";"1";"6";"11 Boulevard Carnot";"43,65586800";"6,92222500"
"202400015549";"21";"11";"2024";"19:20";"5";"75";"75105";"2";"2";"4";"6";"RUE MONGE";"48,84806300";"2,35052000"
"202400015550";"21";"11";"2024";"10:28";"1";"75";"75119";"2";"1";"4";"6";"RUE DU PRE SAINT GERVAIS";"48,87815500";"2,39651500"
"202400015551";"21";"11";"2024";"17:40";"4";"75";"75116";"2";"1";"4";"6";"AVENUE RAPHAEL";"48,86031100";"2,26808600"
"202400015552";"21";"11";"2024";"11:30";"1";"75";"75116";"2";"2";"4";"6";"BOULEVARD EXELMANS";"48,84086700";"2,26529700"
"202400015553";"21";"11";"2024";"04:20";"5";"75";"75117";"2";"7";"1";"2";"PLACE DU MARECHAL JUIN";"48,88485900";"2,29790700"
"202400015554";"20";"11";"2024";"18:00";"5";"75";"75115";"2";"3";"2";"6";"RUE SAINT CHARLES";"48,84286700";"2,28222100"
"202400015555";"21";"11";"2024";"11:10";"1";"75";"75113";"2";"3";"4";"6";"AVENUE D ITALIE";"48,82579700";"2,35738900"
"202400015556";"21";"11";"2024";"00:40";"5";"75";"75112";"2";"1";"1";"1";"BOULEVARD PONIATOWSKI";"48,82984400";"2,39113500"
"202400015557";"21";"11";"2024";"09:10";"1";"75";"75109";"2";"2";"1";"3";"PLACE DU HAVRE";"48,87554300";"2,32666000"
"202400015558";"20";"11";"2024";"16:30";"5";"75";"75109";"2";"3";"1";"3";"BOULEVARD DE LA MADELEINE";"48,86977900";"2,32651700"
"202400015559";"21";"11";"2024";"21:47";"5";"75";"75103";"2";"2";"8";"6";"RUE SAINT MARTIN";"48,86863600";"2,35542400"
"202400015560";"21";"11";"2024";"01:05";"5";"75";"75102";"2";"4";"1";"7";"RUE MONTMARTRE";"48,86914100";"2,34316400"
"202400015561";"21";"11";"2024";"17:50";"5";"94";"94080";"2";"1";"4";"6";"Boulevard de la Libération";"48,84815875";"2,44566889"
"202400015562";"20";"11";"2024";"14:00";"1";"94";"94046";"2";"2";"1";"3";"Avenue Georges Clemenceau";"48,81207000";"2,44359000"
"202400015563";"21";"11";"2024";"09:45";"1";"94";"94033";"2";"1";"4";"6";"34 Rue Roger Salengro";"48,85016460";"2,48896015"
"202400015564";"20";"11";"2024";"08:55";"1";"94";"94079";"2";"1";"1";"1";"Boulevard Jean Monnet";"48,83323900";"2,53564600"
"202400015565";"21";"11";"2024";"15:00";"1";"77";"77291";"1";"1";"4";"2";"CHAPIT RE ( RUE DU)";"49,00420000";"2,57757000"
"202400015566";"21";"11";"2024";"19:45";"5";"93";"93062";"2";"1";"9";"2";"RESISTANCE (AVENUE DE LA)";"48,89147000";"2,51245000"
"202400015567";"21";"11";"2024";"09:45";"1";"93";"93062";"2";"1";"4";"2";"MIDI (BOULEVARD DU)";"48,89267452";"2,51982461"
"202400015568";"21";"11";"2024";"17:45";"5";"93";"93064";"2";"1";"4";"6";"ANCIENS COMBATTANTS D'AFN (RUE DES)";"48,86350000";"2,49206000"
"202400015569";"21";"11";"2024";"10:10";"1";"93";"93008";"2";"1";"4";"3";"BARBUSSE (AVENUE HENRI) A30";"48,91061676";"2,43215561"
"202400015570";"21";"11";"2024";"09:30";"1";"93";"93005";"2";"1";"1";"6";"JACQUES DUCLOS [CD44] (RUE)";"48,94669302";"2,49275406"
"202400015571";"21";"11";"2024";"00:50";"5";"92";"92046";"2";"3";"1";"3";"PIERRE BROSSOLETTE (AVENUE)";"48,81626655";"2,30584905"
"202400015572";"21";"11";"2024";"06:25";"5";"92";"92062";"2";"2";"1";"3";"JAURES (RUE JEAN) DU 114 AU 2";"48,88477062";"2,24787846"
"202400015573";"21";"11";"2024";"10:50";"2";"92";"92040";"2";"1";"4";"2";"ARISTIDE BRIAND";"48,82138317";"2,25349344"
"202400015574";"21";"11";"2024";"08:10";"2";"92";"92025";"2";"2";"8";"6";"GABRIEL PERI (RUE)";"48,92256565";"2,24788114"
"202400015575";"20";"11";"2024";"19:45";"5";"92";"92023";"2";"3";"2";"3";"PORTE DE TRIVAUX (RUE DE) N°57 A 197 ET";"48,78847000";"2,24982000"
"202400015576";"21";"11";"2024";"12:12";"1";"92";"92012";"2";"2";"4";"3";"GALLIENI (RUE) 159/FIN";"48,83615762";"2,23662525"
"202400015577";"21";"11";"2024";"14:40";"1";"92";"92014";"2";"3";"4";"3";"GENERAL LECLERC (AV.) (57 A 135 - 50 A 1";"48,78002431";"2,31557216"
"202400015578";"20";"11";"2024";"18:45";"3";"26";"26077";"1";"1";"1";"3";"Route des Dauphins";"45,16462600";"5,03771400"
"202400015579";"18";"11";"2024";"17:10";"2";"83";"83136";"1";"1";"1";"6";"Route de Lorgues";"43,45779000";"6,31055100"
"202400015580";"20";"11";"2024";"18:45";"5";"06";"06149";"2";"3";"1";"3";"2 Boulevard Général de Gaulle";"43,73504200";"7,30567200"
"202400015581";"21";"11";"2024";"16:10";"1";"02";"02776";"1";"1";"1";"7";"A26";"50,00503900";"3,17640600"
"202400015582";"21";"11";"2024";"21:40";"3";"972";"97221";"2";"6";"1";"3";"RD 7 Giratoire sens Rivière-Salée/ Les Trois Ilets";"14,52438100";" -60,98301500"
"202400015583";"21";"11";"2024";"15:10";"1";"63";"63035";"1";"1";"3";"7";"D 122";"45,97156487";"3,13685450"
"202400015584";"21";"11";"2024";"19:45";"3";"38";"38194";"1";"1";"8";"2";"D519";"45,34137800";"5,44698700"
"202400015585";"21";"11";"2024";"01:10";"3";"06";"06025";"1";"1";"1";"6";"2000 Route de Sainte-Marguerite";"43,82642300";"7,16465200"
"202400015586";"19";"11";"2024";"13:35";"1";"79";"79136";"1";"1";"5";"7";"N/A";"46,17702200";" -0,04321600"
"202400015587";"21";"11";"2024";"12:50";"1";"21";"21478";"1";"1";"4";"5";"D10";"47,36884100";"4,84078600"
"202400015588";"21";"11";"2024";"20:35";"3";"77";"77240";"1";"1";"8";"1";"D934";"48,78470000";"3,27474100"
"202400015589";"21";"11";"2024";"18:00";"3";"51";"51569";"1";"1";"1";"1";"Thillois";"49,25004000";"3,94437100"
"202400015590";"22";"11";"2024";"18:35";"3";"51";"51303";"2";"8";"1";"7";"D37";"49,01219600";"4,18698700"
"202400015591";"22";"11";"2024";"18:55";"3";"56";"56117";"2";"1";"1";"6";"Place Anne de Bretagne";"47,88335500";" -2,83234800"
"202400015592";"21";"11";"2024";"13:20";"1";"76";"76240";"1";"1";"4";"6";"Route du Havre";"49,70136400";"0,36415800"
"202400015593";"21";"11";"2024";"19:14";"5";"82";"82037";"2";"4";"6";"6";"Avenue de Molières";"44,16416100";"1,53624600"
"202400015594";"14";"11";"2024";"19:15";"5";"33";"33138";"1";"3";"1";"4";"N/A";"45,05944500";" -0,10370500"
"202400015595";"21";"11";"2024";"18:35";"5";"11";"11397";"2";"1";"2";"6";"N/A";"43,20611000";"2,43352300"
"202400015596";"22";"11";"2024";"07:35";"2";"49";"49003";"2";"1";"1";"6";"Route de Doué";"47,26040500";" -0,34108700"
"202400015597";"21";"11";"2024";"17:50";"3";"68";"68374";"1";"1";"4";"3";"Route départementale 17 PK 25+500";"48,05614000";"7,22698700"
"202400015598";"19";"11";"2024";"17:45";"5";"44";"44069";"2";"6";"3";"3";"Route de Saint-André-des-Eaux";"47,32509100";" -2,41050700"
"202400015599";"21";"11";"2024";"08:10";"2";"44";"44058";"1";"1";"2";"6";"La Fromiere";"47,78944500";" -1,34847500"
"202400015600";"21";"11";"2024";"16:10";"2";"29";"29072";"2";"3";"7";"3";"Avenue de la République";"47,80608457";" -4,27934788"
"202400015601";"21";"11";"2024";"08:35";"1";"01";"01134";"1";"6";"8";"6";"D933";"46,28804400";"4,87173400"
"202400015602";"21";"11";"2024";"13:50";"1";"06";"06079";"2";"1";"1";"6";"1216 Avenue du Général Garbay";"43,56559300";"6,94013400"
"202400015603";"20";"11";"2024";"23:40";"3";"90";"90009";"1";"1";"1";"6";"RD 57 PK 2+900";"47,47614400";"6,93713700"
"202400015604";"22";"11";"2024";"12:20";"1";"60";"60068";"2";"1";"1";"6";"62 Rue Albert Bocque";"49,29973200";"2,80080600"
"202400015605";"28";"01";"2024";"17:00";"1";"73";"73184";"1";"1";"1";"2";"D921 route du lac";"45,57380908";"5,79349772"
"202400015606";"21";"11";"2024";"20:15";"3";"36";"36016";"1";"1";"6";"6";"N/A";"46,52726028";"1,13355961"
"202400015607";"21";"11";"2024";"16:30";"1";"53";"53162";"1";"1";"4";"1";"Les Maillardieres";"48,25843649";" -0,62367766"
"202400015608";"20";"04";"2024";"00:01";"5";"92";"92012";"2";"1";"1";"2";"DENFERT ROCHEREAU (RUE)";"48,84392426";"2,24593520"
"202400015609";"22";"11";"2024";"07:50";"5";"85";"85084";"2";"1";"8";"6";"Rue de l'industrie";"46,80270300";" -1,12826600"
"202400015610";"20";"04";"2024";"13:30";"1";"92";"92007";"2";"1";"1";"6";"PASTEUR (AVENUE LOUIS) N° 1 A 39 ET 2 A";"48,80037551";"2,31813437"
"202400015611";"21";"11";"2024";"19:15";"3";"87";"87057";"1";"1";"6";"6";"D61";"46,22705600";"1,22707800"
"202400015612";"20";"04";"2024";"14:50";"1";"92";"92004";"2";"1";"1";"3";"COLOMBES ( RUE DE 31 A )";"48,91312479";"2,28288768"
"202400015613";"21";"11";"2024";"17:50";"2";"30";"30249";"1";"1";"1";"6";"D40a";"43,80201900";"4,21732800"
"202400015614";"20";"04";"2024";"15:05";"1";"34";"34322";"1";"3";"1";"5";"pk 0 D17e5";"43,79895900";"3,87691300"
"202400015615";"21";"11";"2024";"19:41";"3";"10";"10003";"1";"1";"4";"6";"Autoroute A5";"48,26679800";"3,73895600"
"202400015616";"21";"04";"2024";"15:48";"1";"22";"22209";"2";"1";"1";"7";"3 rue de la Paténais";"48,57613900";" -2,14899100"
"202400015617";"18";"04";"2024";"09:05";"1";"36";"36228";"1";"4";"1";"3";"N/A";"47,15377985";"1,56633496"
"202400015618";"22";"11";"2024";"12:15";"1";"76";"76305";"1";"1";"4";"3";"A131 PK.031.400";"49,49526003";"0,24559350"
"202400015619";"20";"04";"2024";"02:00";"3";"988";"98810";"1";"1";"1";"7";"Ouéholle (Tribu)";" -20,58493100";"164,52522100"
"202400015620";"21";"04";"2024";"16:15";"1";"28";"28196";"1";"1";"1";"6";"Autoroute A11";"48,28927500";"1,26527300"
"202400015621";"22";"11";"2024";"08:30";"1";"06";"06084";"1";"6";"1";"3";"654 Route de la Roquette";"43,61227900";"6,96822300"
"202400015622";"21";"04";"2024";"05:00";"3";"974";"97422";"1";"1";"1";"6";"Rue Charles Baudelaire";" -21,24912700";"55,49776900"
"202400015623";"22";"11";"2024";"19:45";"3";"69";"69102";"1";"9";"8";"3";"Autoroute 89";"45,86573531";"4,38871284"
"202400015624";"21";"04";"2024";"04:45";"4";"974";"97412";"2";"1";"1";"6";"Rue Charles Baudelaire";" -21,38185500";"55,64646500"
"202400015625";"19";"11";"2024";"10:15";"1";"987";"98715";"2";"9";"1";"3";"PK 4.500";" -17,58400000";" -149,56000000"
"202400015626";"21";"04";"2024";"11:10";"1";"64";"64396";"1";"3";"1";"3";"induslacq";"43,40138909";" -0,63676178"
"202400015627";"20";"04";"2024";"16:40";"1";"86";"86236";"1";"1";"1";"7";"D2";"46,67149300";"0,81610400"
"202400015628";"22";"11";"2024";"06:00";"3";"06";"06155";"1";"1";"1";"5";"A8 - PK 169.900 chaussée sud";"43,59941400";"7,05390900"
"202400015629";"20";"04";"2024";"20:00";"1";"86";"86165";"2";"6";"1";"6";"Route de Lussac";"46,41987400";"0,85955900"
"202400015630";"21";"11";"2024";"18:25";"3";"21";"21347";"1";"1";"8";"4";"A6";"46,99687300";"4,85785500"
"202400015631";"21";"04";"2024";"17:10";"1";"71";"71303";"1";"2";"7";"5";"D23";"46,67076100";"5,27086300"
"202400015632";"20";"04";"2024";"16:20";"1";"62";"62390";"2";"1";"1";"3";"D940";"50,38874960";"1,60861562"
"202400015633";"22";"11";"2024";"03:40";"3";"45";"45169";"1";"1";"4";"3";"A10 PR 102 + 280";"47,89891600";"1,80093400"
"202400015634";"22";"11";"2024";"00:05";"3";"45";"45062";"1";"1";"4";"4";"A10 PR 89 + 225";"47,98589300";"1,85811600"
"202400015635";"20";"04";"2024";"12:30";"1";"44";"44217";"1";"1";"1";"4";"N/A";"47,28992800";" -1,73940200"
"202400015636";"21";"11";"2024";"20:05";"5";"971";"97103";"1";"1";"1";"3";"N Rn 1 à Morne Bernard";"16,25332400";" -61,57678100"
"202400015637";"20";"04";"2024";"17:30";"1";"32";"32123";"1";"1";"1";"1";"D253";"43,62590200";"0,92396700"
"202400015638";"22";"11";"2024";"19:45";"3";"60";"60631";"1";"1";"8";"6";"N/A";"49,15262535";"2,58632755"
"202400015639";"21";"04";"2024";"12:40";"1";"11";"11436";"1";"1";"1";"6";"D611a";"43,04207700";"2,85779700"
"202400015640";"17";"11";"2024";"03:45";"3";"62";"62829";"1";"1";"2";"2";"A1";"50,05901311";"2,87356482"
"202400015641";"20";"04";"2024";"18:30";"1";"11";"11116";"1";"1";"1";"6";"Chemin d'Aubian";"43,27285600";"3,02980100"
"202400015642";"21";"11";"2024";"18:30";"3";"987";"98724";"1";"1";"1";"7";"District de Maroe - Huahine Iti";" -16,76678200";" -151,00021400"
"202400015643";"11";"04";"2024";"17:40";"1";"71";"71064";"1";"2";"1";"1";"D972";"46,58249200";"5,27105800"
"202400015644";"20";"04";"2024";"23:40";"3";"89";"89446";"2";"1";"1";"7";"Route de Clamecy";"47,46400700";"3,74082900"
"202400015645";"22";"11";"2024";"12:05";"1";"55";"55184";"1";"4";"4";"6";"D36";"48,72864312";"5,66338778"
"202400015646";"20";"04";"2024";"01:19";"3";"55";"55502";"2";"1";"1";"7";"Avenue du 18e B.C.P. (Pont)";"49,48920400";"5,18265000"
"202400015647";"22";"11";"2024";"17:19";"5";"54";"54432";"2";"3";"1";"6";"2 rue de lorraine";"48,60200945";"6,10289991"
"202400015648";"24";"03";"2024";"22:20";"3";"41";"41185";"1";"1";"1";"7";"915 Route de Selles";"47,34107000";"1,71819900"
"202400015649";"21";"11";"2024";"11:34";"1";"73";"73329";"1";"1";"8";"1";"D1504 Route du Bourget";"45,62352800";"5,87633600"
"202400015650";"20";"04";"2024";"20:15";"1";"86";"86293";"1";"1";"1";"7";"D4";"46,39988100";"0,27440700"
"202400015651";"21";"11";"2024";"11:35";"1";"27";"27279";"2";"9";"4";"6";"Route de Fourges";"49,09661800";"1,60977600"
"202400015652";"20";"04";"2024";"15:10";"1";"34";"34228";"1";"1";"1";"7";"D907 PK 41+900";"43,43767500";"2,74155000"
"202400015653";"22";"11";"2024";"15:25";"1";"02";"02495";"2";"1";"4";"7";"Rue Neuve";"49,96701900";"4,03443900"
"202400015654";"21";"04";"2024";"09:15";"1";"39";"39013";"1";"1";"2";"6";"N/A";"46,88936600";"5,72955300"
"202400015655";"18";"11";"2024";"08:35";"1";"59";"59412";"2";"1";"2";"7";"1 Rue de Solesmes";"50,12174993";"3,54055408"