"Num_Acc";"jour";"mois";"an";"hrmn";"lum";"dep";"com";"agg";"int";"atm";"col";"adr";"lat";"long"
"202400015656";"22";"11";"2024";"15:25";"1";"59";"59523";"2";"1";"1";"6";"Rue du President de Gaulle";"50,58748100";"3,16233000"
"202400015657";"21";"04";"2024";"05:15";"3";"39";"39327";"1";"1";"8";"6";"N/A";"46,67036800";"5,50894000"
"202400015658";"21";"11";"2024";"18:15";"3";"83";"83090";"1";"1";"8";"2";"A50";"43,12616000";"5,88301000"
"202400015659";"21";"04";"2024";"07:40";"1";"25";"25524";"1";"1";"2";"1";"D257";"47,44705700";"6,65284400"
"202400015660";"20";"11";"2024";"12:40";"1";"78";"78423";"1";"1";"1";"2";"A12 Y";"48,79823000";"2,04327000"
"202400015661";"19";"04";"2024";"07:42";"1";"38";"38511";"2";"1";"1";"6";"Rue de la Priola";"45,35826700";"5,95196100"
"202400015662";"20";"11";"2024";"06:49";"5";"78";"78118";"1";"1";"1";"4";"A13";"48,98298000";"1,68517000"
"202400015663";"19";"04";"2024";"12:20";"1";"03";"03052";"1";"3";"1";"2";"RD39";"46,33904300";"2,70999400"
"202400015664";"20";"11";"2024";"07:35";"1";"78";"78490";"1";"1";"8";"3";"RN12 EXT";"48,80044100";"1,95498200"
"202400015665";"20";"04";"2024";"16:20";"1";"01";"01243";"1";"1";"1";"6";"Route Departementale 933";"46,05479900";"4,76819500"
"202400015666";"21";"11";"2024";"17:50";"3";"93";"93064";"1";"1";"4";"2";"AUTOROUTE A86";"48,87916750";"2,47634149"
"202400015667";"20";"04";"2024";"23:50";"3";"64";"64221";"2";"2";"1";"1";"Chemin de la Croix";"43,32004000";" -0,92429700"
"202400015668";"21";"11";"2024";"09:55";"1";"93";"93066";"1";"1";"1";"3";"AUTOROUTE A1";"48,92253435";"2,35702102"
"202400015669";"20";"11";"2024";"05:40";"3";"93";"93078";"1";"1";"1";"6";"AUTOROUTE A104";"48,96300436";"2,52239723"
"202400015670";"20";"04";"2024";"05:30";"5";"21";"21713";"2";"1";"8";"6";"10 Route de Dijon";"47,29535700";"5,39595700"
"202400015671";"20";"04";"2024";"17:00";"1";"85";"85026";"1";"2";"1";"2";"RD12";"46,56747100";" -1,47886000"
"202400015672";"20";"11";"2024";"07:05";"3";"93";"93078";"1";"1";"1";"5";"AUTOROUTE A104";"48,96742731";"2,51064901"
"202400015673";"16";"04";"2024";"15:43";"1";"17";"17022";"1";"1";"1";"3";"D120";"45,90636000";" -0,50309700"
"202400015674";"19";"11";"2024";"08:30";"1";"95";"95018";"1";"1";"2";"2";"A15";"48,95676000";"2,27648000"
"202400015675";"18";"11";"2024";"17:15";"3";"93";"93007";"1";"1";"2";"2";"AUTOROUTE A1";"48,94359133";"2,43603045"
"202400015676";"21";"04";"2024";"11:45";"1";"08";"08419";"1";"1";"1";"1";"N/A";"49,73647700";"4,38408100"
"202400015677";"18";"11";"2024";"08:30";"1";"95";"95582";"1";"1";"2";"3";"D170";"48,96462384";"2,26965306"
"202400015678";"21";"04";"2024";"08:50";"1";"974";"97413";"1";"1";"1";"1";"rue du général de gaulle";" -21,15113500";"55,27772100"
"202400015679";"18";"11";"2024";"09:53";"1";"95";"95277";"1";"1";"2";"4";"A1";"48,98076493";"2,49856141"
"202400015680";"20";"04";"2024";"23:44";"3";"34";"34159";"1";"9";"1";"1";"D612";"43,52009000";"3,80974500"
"202400015681";"18";"04";"2024";"17:40";"1";"35";"35275";"1";"1";"1";"5";"la Pierre Blanche";"48,13874600";" -1,87140900"
"202400015682";"20";"11";"2024";"18:40";"3";"77";"77146";"1";"1";"1";"4";"A4.Y";"48,83246370";"2,65688229"
"202400015683";"20";"04";"2024";"04:10";"3";"45";"45154";"1";"1";"8";"7";"A10 PR 86 + 6";"48,01364200";"1,84437000"
"202400015684";"9";"08";"2024";"12:00";"1";"34";"34172";"2";"1";"1";"7";"N/A";"43,62061700";"3,83362200"
"202400015685";"21";"04";"2024";"02:10";"5";"78";"78537";"1";"1";"1";"6";"Barrière de Péage de Saint-Arnoult-en-Yvelines, PK 24+170, Direction Paris";"48,55318400";"1,93039400"
"202400015686";"22";"07";"2024";"08:40";"1";"14";"14118";"2";"3";"1";"3";"5 Boulevard Jean Moulin";"49,19247000";" -0,37489000"
"202400015687";"20";"04";"2024";"14:10";"1";"34";"34213";"1";"1";"1";"2";"D2";"43,49693600";"3,69194700"
"202400015688";"25";"06";"2024";"08:20";"1";"84";"84133";"2";"1";"1";"3";"428 Boulevard de Saint Roch";"43,72162600";"5,54217300"
"202400015689";"20";"04";"2024";"14:15";"1";"83";"83023";"2";"6";"1";"3";"Ave Jean Moulin - giratoire de l'Europe";"43,40972000";"6,06266900"
"202400015690";"31";"07";"2024";"11:50";"1";"84";"84080";"1";"3";"1";"3";"GRANDREAU CHEMIN DE";"44,00765000";"4,98313000"
"202400015691";"18";"07";"2024";"13:30";"1";"84";"84081";"2";"6";"1";"3";"Avenue Aristide Briand";"43,93970200";"4,90307800"
"202400015692";"14";"04";"2024";"12:50";"1";"13";"13041";"1";"1";"1";"1";"D7";"43,47083000";"5,45308100"
"202400015693";"21";"04";"2024";"04:30";"3";"26";"26058";"1";"1";"1";"7";"Autoroute A7 PK 65.050 N/S";"44,97943200";"4,88333700"
"202400015694";"18";"07";"2024";"12:10";"1";"84";"84031";"2";"2";"1";"3";"PETRARQUE AVENUE";"44,05431000";"5,04220000"
"202400015695";"20";"04";"2024";"22:10";"3";"35";"35292";"1";"1";"1";"6";"Le Rocher Hue";"48,35982100";" -1,42712800"
"202400015696";"21";"04";"2024";"09:00";"1";"60";"60469";"1";"1";"1";"7";"D46";"49,27969100";"2,22372300"
"202400015697";"2";"07";"2024";"15:25";"1";"84";"84142";"1";"4";"1";"3";"D938 - route de carpentras";"43,97427100";"5,03900700"
"202400015698";"18";"09";"2024";"15:55";"1";"74";"74010";"2";"1";"7";"3";"GREVES (CHEMIN DES)";"45,90852000";"6,10406000"
"202400015699";"31";"08";"2024";"00:53";"3";"74";"74281";"2";"1";"1";"6";"FONTAINE (PLACE DE LA)";"46,37973000";"6,48545000"
"202400015700";"26";"08";"2024";"22:05";"5";"74";"74119";"2";"1";"1";"7";"GARE (AVENUE DE LA)";"46,39847000";"6,57969000"
"202400015701";"24";"08";"2024";"22:25";"3";"74";"74281";"1";"1";"1";"7";"DRANSE (AVENUE DE LA)";"46,36562000";"6,50530000"
"202400015702";"20";"04";"2024";"11:55";"1";"91";"91161";"1";"1";"1";"4";"AUTOROUTE A6";"48,69879200";"2,31320300"
"202400015703";"1";"09";"2024";"19:15";"1";"57";"57058";"2";"1";"1";"6";"63 rue saint blaise";"49,17484800";"6,93684300"
"202400015704";"20";"04";"2024";"10:20";"1";"91";"91617";"1";"1";"1";"2";"RN 104";"48,63123000";"2,50900000"
"202400015705";"19";"06";"2024";"11:50";"1";"73";"73285";"1";"1";"1";"6";"D1090";"45,64214202";"6,84552044"
"202400015706";"20";"04";"2024";"00:20";"3";"93";"93078";"1";"1";"2";"6";"A104";"48,96616310";"2,51563055"
"202400015707";"19";"04";"2024";"21:45";"5";"94";"94052";"1";"1";"1";"6";"A86";"48,83118478";"2,49081470"
"202400015708";"20";"11";"2024";"14:20";"1";"974";"97416";"2";"9";"1";"3";"DELISLES (ROUTE HUBERT) CD3";" -21,34345000";"55,46819000"
"202400015709";"19";"02";"2024";"07:40";"2";"72";"72181";"1";"9";"2";"2";"LEFAUCHEUX PIERRE (BD)";"47,96284000";"0,17701000"
"202400015710";"20";"11";"2024";"07:15";"1";"974";"97411";"1";"1";"1";"7";"VINH-SAN (BLD 2 DU PRINCE)";" -20,88074000";"55,43879000"
"202400015711";"19";"02";"2024";"07:20";"2";"72";"72181";"2";"1";"2";"3";"BONNETABLE (RTE) N° IMP";"48,01793000";"0,21959000"
"202400015712";"21";"11";"2024";"00:30";"5";"974";"97407";"2";"1";"1";"6";"AXE MIXTE (ROND-POINT)";" -20,95332000";"55,29431000"
"202400015713";"20";"11";"2024";"18:10";"1";"974";"97407";"1";"1";"1";"7";"ROUTE NATIONALE N° 1";" -20,95790000";"55,30922000"
"202400015714";"19";"02";"2024";"08:08";"1";"54";"54257";"2";"3";"1";"3";"Rue Léon Songeur";"48,65311300";"6,20731800"
"202400015715";"20";"11";"2024";"18:40";"2";"973";"97302";"2";"1";"1";"3";"BADUEL (ROUTE DE)";"4,92889000";" -52,30023000"
"202400015716";"19";"02";"2024";"21:01";"5";"49";"49353";"2";"1";"1";"3";"JEAN JAURES RUE";"47,44438000";" -0,50029000"
"202400015717";"20";"11";"2024";"10:19";"1";"973";"97302";"2";"3";"1";"3";"BADUEL (ROUTE DE)";"4,93148595";" -52,30668747"
"202400015718";"19";"02";"2024";"18:13";"1";"49";"49007";"2";"1";"1";"3";"CHAMPS VERTS";"47,45539000";" -0,55175000"
"202400015719";"20";"11";"2024";"07:25";"1";"973";"97302";"2";"1";"1";"3";"MONNERVILLE (AVENUE GASTON)";"4,93713000";" -52,33310000"
"202400015720";"19";"02";"2024";"08:30";"1";"29";"29019";"2";"1";"1";"6";"avenue Victor Le Gorgeu";"48,40028700";" -4,49850500"
"202400015721";"19";"02";"2024";"13:00";"1";"06";"06069";"2";"1";"1";"6";"Boulevard Victor Hugo";"43,65429400";"6,91878400"
"202400015722";"20";"11";"2024";"07:45";"1";"973";"97302";"2";"3";"1";"6";"LALLOUETTE(RUE)";"4,94058839";" -52,32973498"
"202400015723";"19";"11";"2024";"17:05";"1";"973";"97302";"2";"1";"1";"3";"RABAN (ROUTE DE)";"4,92340261";" -52,31251931"
"202400015724";"19";"11";"2024";"13:00";"1";"973";"97302";"2";"1";"1";"2";"MONTABO (ROUTE DE) 1";"4,94422000";" -52,30927000"
"202400015725";"18";"02";"2024";"16:20";"1";"06";"06069";"2";"1";"1";"6";"Cours Honoré Cresp";"43,65667000";"6,92014000"
"202400015726";"19";"11";"2024";"08:40";"1";"973";"97302";"2";"1";"1";"7";"LALLOUETTE";"4,94008601";" -52,33181906"
"202400015727";"19";"11";"2024";"08:00";"1";"973";"97302";"2";"1";"1";"3";"BADUEL (ROUTE DE)";"4,93526401";" -52,31248882"
"202400015728";"20";"11";"2024";"10:15";"1";"972";"97213";"1";"1";"8";"2";"ROUTE DEPARTEMENTALE 15";"14,63582200";" -61,00857300"
"202400015729";"18";"02";"2024";"06:00";"5";"06";"06069";"2";"1";"1";"6";"Route de Cannes";"43,63523000";"6,95167000"
"202400015730";"19";"11";"2024";"18:10";"5";"972";"97209";"1";"1";"1";"3";"AUTOROUTE (A1)";"14,61600000";" -61,04200000"
"202400015731";"20";"11";"2024";"18:20";"5";"95";"95219";"2";"1";"2";"6";"D508";"48,98179112";"2,24658125"
"202400015732";"20";"11";"2024";"09:45";"1";"95";"95598";"2";"4";"1";"3";"D928";"48,98217055";"2,30078638"
"202400015733";"15";"02";"2024";"18:40";"3";"75";"75116";"2";"1";"1";"1";"ROUTE DES TRIBUNES";"48,86276000";"2,23105700"
"202400015734";"19";"11";"2024";"14:30";"1";"95";"95428";"2";"3";"2";"3";"D311";"48,97541322";"2,31714940"
"202400015735";"18";"11";"2024";"18:00";"5";"95";"95500";"2";"1";"2";"6";"D915Z";"49,05315109";"2,09471068"
"202400015736";"19";"04";"2024";"10:15";"1";"988";"98818";"2";"6";"8";"2";"RUE ANDRE DE BECHADE/RUE JACQUES IEKAWE";" -22,24526000";"166,46803000"
"202400015737";"19";"04";"2024";"08:00";"1";"987";"98735";"1";"1";"1";"3";"CHEF VAIRAATOA PROL.(QTIER ECOLE TAUNOA)";" -17,52980000";" -149,55500000"
"202400015738";"19";"04";"2024";"13:55";"1";"974";"97411";"2";"1";"1";"2";"LECLERC (DU MARECHAL)";" -20,88050000";"55,45743000"
"202400015739";"19";"04";"2024";"21:25";"3";"974";"97409";"1";"1";"3";"5";"RN2 SENS ST BENOIT ST DENIS";" -20,94217753";"55,64726615"
"202400015740";"8";"04";"2024";"21:20";"5";"973";"97302";"2";"1";"2";"2";"MADELEINE (ROUTE DE LA)";"4,91792000";" -52,32141000"
"202400015741";"8";"04";"2024";"17:18";"1";"973";"97302";"2";"1";"1";"6";"RABAN (ROUTE DE)";"4,92352000";" -52,31252000"
"202400015742";"19";"04";"2024";"10:45";"1";"973";"97302";"2";"2";"1";"3";"MADELEINE (ROUTE DE LA)";"4,91446100";" -52,32090980"
"202400015743";"19";"04";"2024";"19:40";"1";"69";"69388";"2";"2";"1";"5";"Boulevard des Etats-Unis";"45,73115331";"4,86637055"
"202400015744";"17";"02";"2024";"10:35";"1";"69";"69383";"2";"1";"8";"3";"Cours Albert Thomas";"45,74430830";"4,87489293"
"202400015745";"18";"04";"2024";"04:05";"5";"972";"97213";"1";"1";"1";"6";"ROUTE DEPARTEMENTALE 3";"14,67516000";" -60,99025000"
"202400015746";"18";"04";"2024";"14:10";"1";"972";"97209";"2";"1";"1";"6";"CORIDON (AVENUE DE)";"14,62291000";" -61,05905000"
"202400015747";"17";"04";"2024";"22:00";"5";"972";"97209";"2";"1";"1";"3";"OSMAN NADEAU (CHEMIN)";"14,63087000";" -61,06124000"
"202400015748";"19";"04";"2024";"21:15";"5";"69";"69034";"2";"1";"1";"3";"23 Montée des Forts";"45,79432000";"4,83166000"