"Num_Acc";"jour";"mois";"an";"hrmn";"lum";"dep";"com";"agg";"int";"atm";"col";"adr";"lat";"long"
"202400015749";"19";"04";"2024";"14:20";"1";100;100033";"1";"1";"1";"6";"CARDO - RT INFERIEURE DE";"42,41320000";"9,25500000"
"202400015750";"18";"04";"2024";"22:02";"5";"91";"91425";"2";"1";"1";"1";"RUE DE MARCOUSSIS";"48,63896000";"2,25581000"
"202400015751";"19";"04";"2024";"04:30";"5";"91";"91433";"1";"6";"1";"7";"RN20";"48,45827000";"2,17647000"
"202400015752";"18";"04";"2024";"12:12";"1";"87";"87085";"2";"3";"1";"7";"HUGO (BOULEVARD VICTOR)";"45,83231000";"1,25522000"
"202400015753";"16";"04";"2024";"18:25";"1";"87";"87085";"2";"2";"1";"3";"BEL AIR (BOULEVARD DE)";"45,81859000";"1,25205000"
"202400015754";"16";"04";"2024";"16:02";"1";"87";"87085";"2";"1";"1";"3";"BEL AIR (BOULEVARD DE)";"45,82154000";"1,24180000"
"202400015755";"16";"04";"2024";"13:35";"1";"87";"87085";"1";"1";"1";"6";"MAS-LOGE (rue du)";"45,83216000";"1,19760000"
"202400015756";"17";"04";"2024";"09:15";"1";"83";"83137";"2";"2";"1";"3";"STRASBOURG (BD DE )";"43,12517935";"5,93103486"
"202400015757";"15";"04";"2024";"23:25";"5";"83";"83118";"2";"1";"6";"6";"QUAI ALBERT 1ER";"43,42251000";"6,76591000"
"202400015758";"19";"04";"2024";"13:29";"1";"82";"82033";"1";"4";"1";"3";"LAFRANCAISE D45 (ROUTE DE) ";"44,07342000";"1,17440000"
"202400015759";"19";"04";"2024";"17:00";"1";"81";"81065";"2";"1";"1";"6";"HIPPOLYTE (LDT ST)";"43,59769000";"2,26886000"
"202400015760";"22";"01";"2024";"18:00";"2";"78";"78646";"2";"4";"1";"7";"REMONT (RUE)";"48,79042000";"2,15455000"
"202400015761";"19";"04";"2024";"12:50";"1";"78";"78650";"2";"1";"1";"6";"CARNOT (BOULEVARD)";"48,89164200";"2,14760900"
"202400015762";"19";"04";"2024";"15:30";"1";"78";"78440";"2";"1";"2";"6";"BOUAFLE (ROUTE DE)";"48,97310500";"1,91039900"
"202400015763";"19";"04";"2024";"13:20";"1";"77";"77058";"2";"1";"1";"3";"RUE JACQUES CARTIER";"48,83510386";"2,71018392"
"202400015764";"19";"04";"2024";"18:40";"1";"76";"76540";"2";"2";"1";"3";"Rue Jean Lecanuet";"49,44532000";"1,08870000"
"202400015765";"19";"04";"2024";"00:45";"5";"76";"76351";"2";"2";"1";"3";"VERDUN (RUE DE)";"49,50221000";"0,18453000"
"202400015766";"19";"04";"2024";"11:40";"1";"76";"76565";"2";"6";"1";"3";"RD 915";"49,89523339";"1,07758284"
"202400015767";"18";"04";"2024";"16:15";"1";"72";"72181";"2";"6";"7";"6";"DURAND GEORGES (AV) N° IMP 143 AU 197";"47,97838000";"0,21288000"
"202400015768";"19";"04";"2024";"21:32";"5";"71";"71076";"2";"2";"1";"3";"AVENUE Pierre MENDES FRANCE";"46,77492000";"4,83682000"
"202400015769";"19";"04";"2024";"17:10";"1";"69";"69266";"2";"1";"1";"6";"289 Route de Genas";"45,74947172";"4,91361603"
"202400015770";"19";"04";"2024";"21:44";"3";"69";"69290";"2";"2";"1";"1";"Route de Grenoble";"45,70736000";"4,98659000"
"202400015771";"18";"04";"2024";"18:15";"1";"69";"69290";"2";"3";"1";"6";"Rue Jean Gabin";"45,70797504";"4,91916726"
"202400015772";"18";"04";"2024";"16:15";"1";"67";"67482";"2";"3";"1";"3";"PEAGE (RUE DU)";"48,57723000";"7,78559000"
"202400015773";"19";"04";"2024";"00:30";"3";"67";"67180";"1";"9";"1";"7";"RD 1340";"48,79203000";"7,74835000"
"202400015774";"19";"04";"2024";"17:30";"1";"66";"66136";"2";"1";"1";"6";"EISENSTAEDT (ALFRED DE)";"42,70097000";"2,93760000"
"202400015775";"19";"04";"2024";"10:50";"1";"66";"66136";"2";"3";"1";"6";"JOFFRE (AVENUE DU MARECHAL CD 88)";"42,70952000";"2,89062000"
"202400015776";"19";"04";"2024";"00:44";"4";"65";"65226";"1";"1";"1";"4";"Route de Pau";"43,24039754";"0,01823524"
"202400015777";"18";"04";"2024";"16:10";"1";"64";"64122";"2";"1";"1";"2";"REINE VICTORIA (AVENUE DE LA)";"43,48520500";" -1,55259000"
"202400015778";"19";"04";"2024";"09:50";"1";"63";"63075";"2";"1";"1";"2";"VOLTAIRE (RUE)";"45,77910000";"3,06679000"
"202400015779";"13";"02";"2024";"07:10";"1";"62";"62250";"2";"1";"1";"3";"Rue Casimir Beugnet";"50,45139663";"2,93994150"
"202400015780";"19";"04";"2024";"20:15";"2";"62";"62193";"2";"6";"7";"3";"D940";"50,94589000";"1,83828000"
"202400015781";"19";"04";"2024";"13:30";"1";"62";"62099";"2";"1";"8";"6";"Rue Pierre Curie";"50,26257000";"2,78516000"
"202400015782";"18";"04";"2024";"17:45";"1";"60";"60159";"1";"1";"1";"6";"D 14";"49,39634000";"2,89563000"
"202400015783";"26";"12";"2024";"08:00";"1";"974";"97411";"1";"9";"1";"6";"TOPAZES(ALLEE DES)";" -20,90195000";"55,44370000"
"202400015784";"19";"04";"2024";"08:15";"2";"59";"59350";"2";"7";"8";"6";"Rue de Béthune";"50,63477000";"3,06441000"
"202400015785";"26";"12";"2024";"19:00";"3";"973";"97302";"2";"1";"2";"6";"BADUEL (ROUTE DE)";"4,93680000";" -52,31479000"
"202400015786";"17";"04";"2024";"17:45";"1";"58";"58194";"2";"1";"1";"2";"MARZY";"46,98749000";"3,13946000"
"202400015787";"26";"12";"2024";"15:00";"1";"69";"69383";"2";"1";"1";"3";"Avenue Lacassagne";"45,74810000";"4,88028000"
"202400015788";"18";"04";"2024";"12:10";"1";"56";"56098";"1";"1";"1";"6";"Kerpont";"47,78364200";" -3,33888900"
"202400015789";"25";"12";"2024";"16:40";"2";"69";"69202";"2";"1";"1";"3";"Avenue de Limburg";"45,72843000";"4,78022000"
"202400015790";"19";"04";"2024";"16:55";"1";"54";"54526";"2";"1";"3";"4";"boulevard du millenaire";"48,68165500";"6,21592500"
"202400015791";"25";"12";"2024";"18:30";"5";"91";"91514";"2";"9";"2";"3";"RUE DE LA MARNIERE";"48,68295000";"2,53696000"
"202400015792";"19";"04";"2024";"06:30";"5";"54";"54304";"2";"1";"1";"6";"parking centre commercial";"48,70046000";"6,13515400"
"202400015793";"31";"08";"2024";"11:45";"1";"16";"16292";"2";"6";"1";"2";"Boulevard du Général Pinoteau";"46,02968300";"0,19714200"
"202400015794";"25";"12";"2024";"15:28";"1";"87";"87085";"2";"1";"1";"7";"TURGOT (RUE)";"45,83169000";"1,25785000"
"202400015795";"18";"04";"2024";"17:55";"1";"54";"54482";"2";"1";"1";"6";"Rue Jules Ferry";"48,70385000";"6,21005000"
"202400015796";"11";"09";"2024";"13:24";"1";"16";"16206";"2";"6";"9";"7";"N/A";"45,87672900";"0,16453700"
"202400015797";"25";"12";"2024";"12:30";"1";"86";"86214";"2";"2";"2";"3";"Route de Gencay";"46,56485900";"0,35673800"
"202400015798";"18";"04";"2024";"17:35";"1";"54";"54395";"2";"2";"1";"6";"Boulevard Recteur Senn";"48,68417000";"6,18837000"
"202400015799";"26";"12";"2024";"11:30";"1";"83";"83137";"2";"1";"1";"2";"CARNOT (AVE LAZARE)";"43,12650434";"5,92554402"
"202400015800";"18";"04";"2024";"15:00";"1";"54";"54395";"2";"2";"1";"3";"Rue Saint Dizier";"48,68684761";"6,18539929"
"202400015801";"11";"09";"2024";"10:10";"1";"52";"52227";"1";"1";"3";"1";"D16";"48,18376800";"5,61959300"
"202400015802";"26";"12";"2024";"10:10";"1";"82";"82121";"1";"1";"1";"3";"SAINT-ANTONIN RD 958 (ROUTE DE)";"44,03583000";"1,40189000"
"202400015803";"18";"04";"2024";"15:30";"1";"54";"54395";"2";"2";"1";"6";"Rue des Carmes";"48,69047000";"6,18129000"
"202400015804";"26";"12";"2024";"18:20";"2";"82";"82033";"1";"1";"1";"6";"MONTAUBAN D 958 (ROUTE DE)";"44,03418843";"1,17758739"
"202400015805";"2";"09";"2024";"23:17";"3";"62";"62360";"1";"6";"1";"6";"D304";"50,90261762";"1,81716371"
"202400015806";"26";"12";"2024";"21:00";"5";"81";"81004";"2";"1";"1";"7";"JAURES (PL JEAN)";"43,92447600";"2,14779100"
"202400015807";"19";"04";"2024";"10:45";"1";"54";"54280";"2";"2";"2";"3";"avenue Saint-Maurice";"49,22681000";"6,01257000"
"202400015808";"26";"12";"2024";"16:35";"1";"81";"81004";"2";"1";"1";"6";"LANNES (BD DU MARECHAL)";"43,94273500";"2,15897000"
"202400015809";"26";"12";"2024";"12:20";"1";"78";"78481";"2";"2";"1";"1";"SARTROUVILLE (ROUTE DE)";"48,90393000";"2,11506000"
"202400015810";"19";"04";"2024";"11:25";"1";"50";"50218";"2";"1";"1";"2";"Route de Villedieu";"48,83757000";" -1,54352000"
"202400015811";"10";"09";"2024";"15:00";"1";"31";"31033";"1";"1";"1";"3";"D820 pr 54+700";"43,37526500";"1,44591500"
"202400015812";"10";"09";"2024";"03:10";"3";"72";"72363";"1";"1";"1";"6";"pk 143 A11";"48,10154400";"0,53999900"
"202400015813";"24";"12";"2024";"15:30";"1";"76";"76351";"2";"2";"2";"6";"GEORGE V (QUAI)";"49,49078000";"0,11653000"
"202400015814";"18";"04";"2024";"18:15";"1";"49";"49328";"1";"1";"1";"6";"ROCADE N 347";"47,28860000";" -0,04523000"
"202400015815";"26";"12";"2024";"23:15";"5";"72";"72181";"2";"2";"1";"3";"NEGRIER GENERAL (BD) N° PAIRS";"48,00802000";"0,20766000"
"202400015816";"18";"04";"2024";"18:15";"1";"49";"49007";"2";"2";"1";"3";"PASTEUR";"47,47985000";" -0,52668000"
"202400015817";"26";"12";"2024";"19:20";"5";"69";"69266";"2";"1";"1";"6";"Place Wilson";"45,77368000";"4,86719000"
"202400015818";"19";"04";"2024";"10:05";"1";"47";"47323";"1";"1";"1";"7";"GOURIE";"44,41410000";"0,75214000"
"202400015819";"25";"12";"2024";"13:15";"1";"66";"66136";"1";"1";"1";"6";"FRANCE LIBRE (BOULEVARD DE LA)";"42,70803661";"2,91120529"
"202400015820";"19";"04";"2024";"13:45";"1";"43";"43041";"2";"9";"1";"3";"Cote de Tireboeuf";"45,04967794";"3,91029036"
"202400015821";"25";"12";"2024";"12:15";"1";"66";"66136";"2";"9";"1";"6";"JARDINS SAINT-JACQUES (CHEMIN DES)(CR18)";"42,70285000";"2,90968000"
"202400015822";"26";"12";"2024";"09:15";"2";"62";"62193";"2";"1";"2";"2";"Boulevard des Justes";"50,93553000";"1,89076000"
"202400015823";"18";"04";"2024";"17:15";"1";"39";"39150";"2";"1";"1";"3";"12b Route Nationale";"47,06651100";"5,45910300"
"202400015824";"6";"09";"2024";"13:20";"1";"84";"84087";"1";"1";"1";"5";"A7";"44,14544600";"4,77583400"
"202400015825";"19";"04";"2024";"18:39";"1";"38";"38421";"2";"1";"1";"2";"Avenue Ambroise Croizat";"45,18314000";"5,75687000"
"202400015826";"25";"12";"2024";"19:33";"5";"62";"62178";"2";"2";"1";"3";"Rue Alfred Leroy";"50,47747000";"2,54417000"
"202400015827";"10";"09";"2024";"23:40";"5";"77";"77001";"1";"1";"1";"6";"A6 PK 58+000 direction LYON";"48,36170800";"2,57379000"
"202400015828";"17";"04";"2024";"10:10";"1";"37";"37261";"2";"3";"1";"3";"HEURTELOUP (BOULEVARD)";"47,39173000";"0,69870000"
"202400015829";"10";"09";"2024";"14:45";"1";"33";"33165";"2";"1";"1";"3";"N/A";"44,82497800";" -0,43879700"
"202400015830";"20";"12";"2024";"22:15";"5";"62";"62516";"2";"2";"2";"3";"D188";"50,54740000";"2,49148000"
"202400015831";"18";"04";"2024";"08:40";"1";"37";"37261";"2";"3";"1";"3";"STENDHAL (AVENUE)";"47,36730000";"0,70015000"
"202400015832";"26";"12";"2024";"11:55";"1";"56";"56260";"1";"1";"1";"3";"Liziec";"47,66613200";" -2,72639600"
"202400015833";"7";"09";"2024";"22:55";"3";"77";"77508";"1";"1";"8";"2";"D1036";"48,79272200";"2,86945900"
"202400015834";"12";"12";"2024";"17:05";"2";"49";"49328";"2";"1";"1";"2";"WEYGAND (BOULEVARD DU GENERAL)";"47,26340000";" -0,09042000"
"202400015835";"12";"04";"2024";"10:00";"1";"37";"37261";"2";"1";"1";"3";"LOIRE (QUAI DE LA)";"47,39926437";"0,67413622"
"202400015836";"9";"09";"2024";"04:00";"3";"11";"11076";"1";"1";"1";"6";"CD 6113";"43,29838100";"1,99219500"
"202400015837";"6";"12";"2024";"18:40";"5";"49";"49328";"2";"6";"1";"3";"DE GAULLE (AVENUE DU GENERAL)";"47,26444500";" -0,07326000"
"202400015838";"19";"04";"2024";"21:30";"3";"35";"35238";"2";"2";"1";"3";"VERDUN (BD DE)";"48,11872000";" -1,68897000"
"202400015839";"2";"12";"2024";"10:45";"1";"49";"49328";"2";"1";"1";"3";"AMY (RUE ROBERT)";"47,24690000";" -0,07713000"
"202400015840";"10";"09";"2024";"16:17";"1";"34";"34057";"2";"9";"1";"3";"10 Avenue de la Moutte";"43,63414900";"3,90601300"
"202400015841";"26";"12";"2024";"21:00";"3";"47";"47027";"1";"1";"1";"6";"FAVOLS (lieu-dit)";"44,41557000";"0,65932000"
"202400015842";"19";"04";"2024";"19:30";"1";"34";"34172";"2";"3";"1";"3";"FRIMAIRE (RUE)";"43,60317000";"3,89839000"
"202400015843";"23";"12";"2024";"19:00";"5";"40";"40192";"2";"1";"1";"2";"HOUGA (AV DU)";"43,87616000";" -0,47239000"
"202400015844";"10";"09";"2024";"20:54";"5";"84";"84003";"2";"2";"1";"3";"Boulevard National";"43,87376700";"5,39717300"
"202400015845";"25";"12";"2024";"16:45";"1";"33";"33318";"2";"3";"1";"3";"N/A";"44,79993000";" -0,67244000"
"202400015846";"26";"12";"2024";"16:40";"1";"15";"15014";"2";"1";"1";"7";"Rue du Docteur Chibret";"44,93570400";"2,45279700"
"202400015847";"19";"04";"2024";"09:40";"1";"33";"33063";"2";"2";"1";"3";"N/A";"44,85368000";" -0,59331000"
"202400015848";"10";"09";"2024";"18:00";"1";"83";"83042";"1";"1";"1";"6";"D 98";"43,25617400";"6,56016800"
"202400015849";"26";"12";"2024";"13:25";"1";"14";"14118";"2";"2";"1";"5";"4 Boulevard Henri Becquerel";"49,21102000";" -0,36311000"
"202400015850";"19";"04";"2024";"14:45";"1";"31";"31555";"2";"1";"1";"3";"AV DU GENERAL EISENHOWER";"43,55033000";"1,41714000"
"202400015851";"9";"09";"2024";"09:30";"1";"69";"69243";"2";"2";"2";"6";"38 Rue de la République";"45,89555100";"4,43230700"
"202400015852";"24";"12";"2024";"17:45";"1";"13";"13108";"1";"2";"1";"3";"CAYADES (ROUTE DES)";"43,80514000";"4,71275000"
"202400015853";"18";"04";"2024";"18:22";"1";"31";"31555";"1";"1";"1";"4";"ECHANGEUR BORDELONGUE (A64/A620)";"43,56843000";"1,41961500"
"202400015854";"17";"12";"2024";"17:15";"1";"30";"30032";"1";"3";"1";"3";"saint gilles route de D38";"43,79347000";"4,58858000"
"202400015855";"9";"09";"2024";"11:30";"1";"17";"17385";"1";"3";"8";"3";"92 Route des Châteliers";"45,92404300";" -1,33338000"
"202400015856";"19";"04";"2024";"18:20";"1";"29";"29019";"2";"3";"1";"3";"RUE GUSTAVE ZEDE";"48,42105600";" -4,46384600"
"202400015857";"26";"12";"2024";"20:00";"3";"13";"13039";"2";"1";"1";"7";"ROUTE NATIONALE 569";"43,46271000";"4,92329000"
"202400015858";"4";"09";"2024";"16:00";"1";"33";"33240";"2";"2";"1";"2";"N/A";"45,30069800";" -0,94096700"
"202400015859";"17";"04";"2024";"05:35";"5";"29";"29019";"2";"3";"1";"4";"boulevard Léon Blum";"48,40353600";" -4,48433800"
"202400015860";"26";"12";"2024";"12:00";"1";"13";"13208";"2";"1";"1";"5";"PARADIS (RUE)";"43,27507000";"5,38477000"
"202400015861";"26";"12";"2024";"11:52";"1";"13";"13208";"2";"9";"1";"6";"PRADO (contre allée)";"43,27910000";"5,38715000"
"202400015862";"17";"02";"2024";"15:20";"1";"27";"27681";"2";"1";"1";"2";"DEVOS (BOULEVARD JULIEN)";"49,08636800";"1,47444900"
"202400015863";"26";"08";"2024";"08:30";"1";"33";"33422";"2";"6";"1";"3";"N/A";"44,80955900";" -0,77538900"
"202400015864";"19";"04";"2024";"17:10";"1";"25";"25056";"2";"3";"2";"3";"BATAILLE RUE FREDERIC";"47,24967000";"6,02458000"
"202400015865";"26";"12";"2024";"18:20";"5";"11";"11069";"2";"1";"1";"3";"Avenue Claude Bernard";"43,22877000";"2,34607000"
"202400015866";"19";"04";"2024";"21:30";"5";"18";"18279";"2";"1";"1";"6";"12 Rue Raspail";"47,22255000";"2,07857000"
"202400015867";"25";"12";"2024";"16:00";"2";"06";"06029";"2";"1";"7";"6";"90 Boulevard du Midi Louise Moreau";"43,54013000";"6,95864000"
"202400015868";"9";"09";"2024";"13:30";"1";"27";"27242";"1";"2";"2";"3";"D830";"48,92843500";"0,80135800"
"202400015869";"17";"04";"2024";"20:50";"1";"14";"14118";"2";"3";"8";"3";"50 Avenue Sainte-Thérèse";"49,16702500";" -0,33644300"
"202400015870";"25";"12";"2024";"17:00";"2";"06";"06027";"2";"1";"1";"6";"3 Promenade de la Plage";"43,65177000";"7,15356000"
"202400015871";"7";"09";"2024";"23:15";"3";"59";"59652";"1";"1";"1";"7";"D148";"50,27998300";"3,29402100"
"202400015872";"25";"12";"2024";"10:00";"1";"75";"75116";"2";"1";"2";"2";"BD PERIPHERIQUE INTERIEUR";"48,87512600";"2,27667100"
"202400015873";"17";"04";"2024";"17:00";"1";"30";"30032";"1";"2";"1";"3";"saint gilles route de D38";"43,80154000";"4,61458000"
"202400015874";"9";"09";"2024";"08:15";"1";"13";"13210";"1";"1";"1";"2";"A50-Sens Aubagne vers Marseille";"43,28458000";"5,40579000"
"202400015875";"25";"12";"2024";"10:00";"1";"75";"75120";"2";"1";"2";"6";"BD PERIPHERIQUE INTERIEUR";"48,86260800";"2,41355300"
"202400015876";"20";"04";"2024";"00:30";"5";"13";"13201";"2";"2";"1";"6";"CANEBIERE    30 A 68";"43,29646000";"5,37777000"
"202400015877";"10";"09";"2024";"18:10";"1";"91";"91363";"1";"1";"1";"3";"RN 104";"48,66714900";"2,19140000"
"202400015878";"26";"12";"2024";"12:35";"1";"75";"75112";"2";"1";"1";"4";"BOULEVARD PERIPHERIQUE EXTERIEUR SUD";"48,82807400";"2,39629800"
"202400015879";"19";"04";"2024";"12:20";"1";"13";"13001";"2";"3";"1";"3";"COQ D'ARGENT (BD DU)";"43,52146000";"5,42041000"
"202400015880";"23";"12";"2024";"06:24";"5";"75";"75116";"2";"1";"1";"6";"BD PERIPHERIQUE EXTERIEUR";"48,84321300";"2,25437300"
"202400015881";"10";"09";"2024";"18:47";"1";"92";"92019";"1";"1";"1";"4";"RN 385 Extèrieure";"48,77230954";"2,24280014"
"202400015882";"7";"04";"2024";"11:46";"1";"11";"11262";"2";"6";"1";"3";"N/A";"43,18568000";"2,98271000"
"202400015883";"25";"12";"2024";"16:50";"5";"75";"75116";"2";"3";"1";"6";"PONT DE GRENELLE";"48,85116000";"2,27878200"
"202400015884";"16";"04";"2024";"16:05";"1";"06";"06069";"2";"1";"1";"6";"28 Route de Cannes";"43,64445000";"6,94334000"
"202400015885";"26";"12";"2024";"13:45";"1";"75";"75112";"2";"1";"1";"2";"RUE ROBERT ETLIN";"48,82833400";"2,38843500"
"202400015886";"10";"09";"2024";"08:35";"1";"78";"78466";"1";"1";"7";"4";"A13";"48,92835400";"1,98903200"
"202400015887";"18";"04";"2024";"18:00";"1";"75";"75116";"2";"1";"1";"2";"BD PERIPHERIQUE EXTERIEUR";"48,85464000";"2,25471100"
"202400015888";"26";"12";"2024";"02:08";"5";"75";"75112";"2";"3";"1";"3";"RUE DE CHARENTON";"48,84774000";"2,37712100"
"202400015889";"18";"04";"2024";"00:21";"5";"75";"75112";"2";"3";"1";"7";"BOULEVARD PONIATOWSKI";"48,83425600";"2,40476200"
"202400015890";"9";"09";"2024";"20:03";"2";"92";"92036";"1";"1";"1";"4";"RN315 Y";"48,91826484";"2,30736786"
"202400015891";"19";"04";"2024";"15:05";"1";"75";"75105";"2";"7";"2";"3";"BOULEVARD SAINT MICHEL";"48,84729700";"2,34075600"
"202400015892";"26";"12";"2024";"20:40";"5";"75";"75111";"2";"2";"1";"4";"BOULEVARD VOLTAIRE";"48,85036600";"2,39266200"
"202400015893";"9";"09";"2024";"08:40";"1";"78";"78158";"1";"1";"2";"3";"A13";"48,83477000";"2,13215000"
"202400015894";"19";"04";"2024";"08:57";"1";"75";"75119";"2";"1";"1";"3";"PLACE DE LA PORTE DE PANTIN";"48,89047500";"2,39594800"
"202400015895";"10";"09";"2024";"16:25";"1";"95";"95151";"1";"1";"1";"6";"N104";"49,06452185";"2,26275423"
"202400015896";"26";"12";"2024";"11:55";"1";"75";"75111";"2";"2";"1";"3";"RUE SAINT SEBASTIEN";"48,86212000";"2,37283600"
"202400015897";"26";"12";"2024";"18:30";"2";"75";"75108";"2";"1";"1";"3";"RUE DE ROME";"48,87627100";"2,32359500"
"202400015898";"18";"04";"2024";"15:20";"1";"75";"75116";"2";"3";"1";"2";"AVENUE DE MALAKOFF";"48,87511600";"2,28403900"
"202400015899";"10";"09";"2024";"11:50";"1";"92";"92036";"1";"1";"1";"4";"RN 315 ";"48,93551602";"2,30140548"
"202400015900";"1";"02";"2024";"22:30";"5";"06";"06161";"2";"2";"1";"3";"Carrefour D2/D6007";"43,64708500";"7,13650000"
"202400015901";"19";"04";"2024";"09:00";"1";"75";"75114";"2";"3";"1";"7";"BOULEVARD SAINT JACQUES";"48,83165000";"2,34087800"
"202400015902";"26";"12";"2024";"00:45";"5";"75";"75116";"2";"7";"1";"2";"PLACE CHARLES DE GAULLE";"48,87404200";"2,29420700"
"202400015903";"18";"04";"2024";"14:55";"1";"75";"75114";"2";"3";"1";"7";"RUE D ALESIA";"48,83145000";"2,31564000"
"202400015904";"9";"09";"2024";"08:10";"1";"93";"93005";"1";"1";"1";"2";"AUTOROUTE A3";"48,94503017";"2,47686505"
"202400015905";"2";"02";"2024";"07:35";"2";"31";"31445";"2";"9";"1";"3";"Route de Castres";"43,58640400";"1,54358700"
"202400015906";"26";"12";"2024";"07:45";"5";"94";"94078";"2";"2";"2";"3";"Rue Voltaire";"48,73878100";"2,44960100"
"202400015907";"28";"01";"2024";"20:30";"3";"972";"97223";"1";"1";"1";"7";"d6";"14,56590500";" -60,92397100"
"202400015908";"9";"09";"2024";"03:30";"3";"95";"95241";"1";"1";"9";"6";"N104";"49,04537416";"2,47585733"
"202400015909";"19";"04";"2024";"17:10";"1";"75";"75113";"2";"3";"2";"2";"RUE DE L AMIRAL MOUCHEZ";"48,82214100";"2,34209100"
"202400015910";"9";"09";"2024";"05:00";"4";"92";"92036";"1";"1";"1";"6";"AUTOROUTE A15";"48,93904803";"2,29437724"
"202400015911";"25";"12";"2024";"12:50";"1";"94";"94068";"2";"2";"8";"3";"Avenue du Général Leclerc";"48,80762011";"2,50584465"
"202400015912";"9";"09";"2024";"01:50";"3";"92";"92078";"1";"1";"8";"6";"AUTOROUTE A86";"48,92830843";"2,33162459"
"202400015913";"2";"02";"2024";"14:30";"1";"63";"63171";"1";"2";"1";"3";"lieu-dit les quatres routes";"46,06730600";"2,77532500"
"202400015914";"19";"04";"2024";"21:34";"5";"75";"75108";"2";"2";"9";"3";"RUE LA BOETIE";"48,87392000";"2,31589100"
"202400015915";"26";"12";"2024";"12:00";"1";"94";"94058";"2";"1";"1";"6";"Avenue Ledru-rollin";"48,84085000";"2,49790000"
"202400015916";"10";"09";"2024";"11:30";"1";"77";"77059";"1";"1";"1";"2";"A104";"48,84671400";"2,66229600"
"202400015917";"19";"04";"2024";"18:30";"1";"75";"75103";"2";"3";"3";"2";"BOULEVARD DES FILLES DU CALVAIRE";"48,86139300";"2,36707700"
"202400015918";"26";"12";"2024";"16:00";"1";"94";"94076";"2";"1";"1";"3";"Rue Marcel Grosménil";"48,79530733";"2,35441196"
"202400015919";"9";"09";"2024";"22:45";"3";"77";"77169";"1";"1";"1";"6";"RN104";"48,81573400";"2,62368800"
"202400015920";"26";"12";"2024";"22:40";"5";"94";"94041";"2";"1";"1";"3";"Boulevard Paul Vaillant Couturier";"48,81761000";"2,39863000"
"202400015921";"18";"04";"2024";"16:10";"1";"75";"75104";"2";"1";"1";"5";"BOULEVARD BOURDON";"48,85002500";"2,36686500"
"202400015922";"26";"12";"2024";"18:30";"5";"94";"94079";"2";"3";"1";"6";"Avenue André Rouy";"48,82039000";"2,55671000"
"202400015923";"9";"09";"2024";"18:50";"1";"93";"93051";"1";"1";"2";"5";"A4";"48,83548969";"2,56663434"
"202400015924";"17";"04";"2024";"10:51";"1";"94";"94067";"2";"5";"7";"3";"Place du General Leclerc / Avenue Gallieni";"48,84644400";"2,41775200"
"202400015925";"26";"12";"2024";"00:45";"5";"94";"94002";"2";"1";"2";"6";"Chemin de Villeneuve St Georges";"48,77663000";"2,42820000"
"202400015926";"9";"09";"2024";"18:00";"1";"94";"94028";"1";"1";"2";"3";"A86";"48,79983715";"2,44627859"
"202400015927";"19";"04";"2024";"18:45";"1";"94";"94074";"2";"1";"2";"6";"Rue Vasco de Gama";"48,76719500";"2,44823400"
"202400015928";"26";"12";"2024";"18:00";"5";"93";"93071";"2";"4";"1";"6";"WESTINGHOUSE (BOULEVARD)";"48,92762624";"2,51935333"
"202400015929";"19";"04";"2024";"17:20";"1";"94";"94078";"2";"3";"8";"6";"Avenue Anatole France / Rue Jules Verne";"48,74138400";"2,45229000"
"202400015930";"9";"09";"2024";"15:50";"1";"94";"94017";"1";"1";"2";"3";"A4";"48,82676199";"2,51252339"
"202400015931";"9";"09";"2024";"04:20";"3";"94";"94073";"1";"1";"2";"6";"A86";"48,76210053";"2,38167667"
"202400015932";"26";"12";"2024";"20:25";"5";"93";"93078";"2";"2";"1";"3";"Boulevard Robert Ballanger / Avenue Nollet";"48,95550513";"2,53888285"
"202400015933";"18";"04";"2024";"19:50";"1";"94";"94028";"2";"2";"1";"3";"Avenue des Compagnons de la Libération / Rue Jean Moulin";"48,77757000";"2,45770000"
"202400015934";"2";"02";"2024";"06:40";"2";"21";"21567";"1";"1";"5";"3";"lieu dit BarrivesRD 906, PR 050.500 sens LACANCHE/ARNAY LE DUC,";"47,12746700";"4,49329900"
"202400015935";"9";"09";"2024";"02:00";"3";"94";"94073";"1";"1";"2";"6";"A86";"48,76884600";"2,37919993"
"202400015936";"19";"04";"2024";"05:09";"5";"94";"94022";"2";"1";"1";"2";"Pont de l'Appel du 18 Juin 1940";"48,76616000";"2,41132000"
"202400015937";"2";"02";"2024";"00:01";"3";"42";"42284";"1";"1";"2";"6";"Route Nationale 7";"46,09658900";"3,98965700"
"202400015938";"26";"12";"2024";"13:15";"1";"93";"93046";"2";"2";"1";"3";"CESAR COLLAVERI AVENUE";"48,92314000";"2,53560000"
"202400015939";"28";"01";"2024";"22:10";"3";"974";"97414";"1";"1";"3";"7";"Rue Evariste de Parny";" -21,25384200";"55,43534300"
"202400015940";"26";"12";"2024";"07:16";"3";"93";"93015";"1";"1";"2";"6";"Route Stratégique";"48,92584000";"2,58324000"
"202400015941";"19";"04";"2024";"21:25";"3";"94";"94019";"2";"1";"2";"1";"Rue de Champigny";"48,79090000";"2,52280000"
"202400015942";"26";"02";"2024";"16:20";"1";"42";"42189";"1";"1";"1";"4";"M201";"45,43175600";"4,34701000"
"202400015943";"1";"02";"2024";"17:15";"1";"26";"26010";"2";"1";"1";"3";"10 Rue de l'Europe";"45,27348500";"4,88763200"
"202400015944";"26";"12";"2024";"10:00";"1";"93";"93001";"2";"1";"1";"7";"DOCTEUR PESQUE (RUE DU)";"48,91399320";"2,38295120"
"202400015945";"5";"09";"2024";"13:46";"1";"44";"44109";"2";"6";"1";"3";"Route de Saint Joseph";"47,25531377";" -1,52999753"
"202400015946";"19";"04";"2024";"17:50";"1";"94";"94059";"2";"6";"2";"2";"avenue alphonsine / avenue de la maréchale";"48,80659000";"2,58795000"
"202400015947";"31";"01";"2024";"12:30";"1";"63";"63241";"1";"9";"1";"2";"Autoroute A75 PK18+800 sens SUD/NORD";"45,62171742";"3,19750467"
"202400015948";"26";"12";"2024";"18:50";"5";"92";"92078";"2";"9";"1";"3";"MOULIN CAGE (QUAI)";"48,92556000";"2,33042000"
"202400015949";"2";"02";"2024";"12:00";"1";"62";"62198";"2";"1";"1";"1";"D75";"50,37916000";"2,61383500"
"202400015950";"5";"01";"2024";"06:10";"5";"42";"42218";"2";"2";"1";"1";"Boulevard Robert Maurice";"45,42763600";"4,38374500"
"202400015951";"26";"12";"2024";"12:27";"1";"92";"92024";"2";"1";"1";"2";"GENERAL ROGUET (RUE DU) DE (1 A 57)   (2";"48,91024000";"2,31287000"
"202400015952";"19";"04";"2024";"21:30";"5";"94";"94017";"2";"2";"2";"3";"Rue Louis Talamoni / Rue Albert Thomas";"48,81342000";"2,51126000"
"202400015953";"2";"02";"2024";"05:45";"3";"79";"79066";"1";"6";"1";"7";"N/A";"46,46835500";" -0,36804200"
"202400015954";"19";"05";"2024";"14:57";"1";"38";"38487";"2";"1";"1";"3";"BON ACCUEIL(MONTEE)";"45,54690000";"4,86491000"
"202400015955";"26";"12";"2024";"19:00";"5";"92";"92023";"2";"3";"1";"6";"PORTE DE TRIVAUX (RUE DE) N°57 A 197 ET";"48,78676195";"2,24521413"