"Num_Acc";"jour";"mois";"an";"hrmn";"lum";"dep";"com";"agg";"int";"atm";"col";"adr";"lat";"long"
"202400015956";"2";"02";"2024";"08:50";"1";100;100319";"1";"1";"1";"5";"T10";"42,42555500";"9,52749600"
"202400015957";"13";"05";"2024";"04:45";"3";"38";"38317";"1";"1";"1";"2";"A 480";"45,12978000";"5,69096000"
"202400015958";"25";"12";"2024";"17:50";"5";"92";"92023";"2";"1";"1";"6";"JEAN BAPTISTE CLEMENT (AVENUE)";"48,79201058";"2,26398155"
"202400015959";"2";"02";"2024";"12:44";"1";"33";"33424";"1";"1";"1";"7";"les Trois Lagunes";"45,10698100";" -0,88665800"
"202400015960";"18";"04";"2024";"12:35";"1";"94";"94002";"2";"3";"1";"4";"Quai Blanqui / Rue du Confluent";"48,81160000";"2,41074000"
"202400015961";"5";"09";"2024";"08:30";"2";"44";"44162";"2";"1";"1";"6";"82 Rue de la Gare";"47,20708898";" -1,65979657"
"202400015962";"24";"12";"2024";"08:15";"2";"47";"47164";"1";"1";"5";"1";"Route d'Issigeac";"44,67329900";"0,70448800"
"202400015963";"2";"02";"2024";"11:50";"1";"71";"71340";"1";"1";"1";"1";"RN 70";"46,54645293";"4,17617562"
"202400015964";"19";"04";"2024";"08:40";"1";"93";"93078";"2";"2";"1";"1";"Centre Commercial Beau Sevran";"48,95145000";"2,52713000"
"202400015965";"29";"06";"2024";"18:30";"1";"66";"66136";"2";"1";"1";"3";"Rue Madame Marie de Sévigné";"42,69126000";"2,90775000"
"202400015966";"29";"01";"2024";"16:30";"1";"71";"71316";"1";"1";"1";"6";"route de vicelaire";"46,32079300";"4,41204100"
"202400015967";"23";"12";"2024";"18:20";"5";"83";"83058";"2";"6";"1";"2";"D557";"43,53505208";"6,39882687"
"202400015968";"19";"04";"2024";"21:25";"5";"93";"93072";"2";"1";"9";"1";"Avenue du Colonel Rol-Tanguy";"48,95731600";"2,37766800"
"202400015969";"2";"02";"2024";"20:30";"5";"63";"63295";"2";"1";"1";"1";"59 rue du commerce";"46,01575806";"3,35461468"
"202400015970";"28";"06";"2024";"08:50";"1";"66";"66136";"2";"3";"1";"3";"PALMAROLE (COURS FRANCOIS)";"42,70307000";"2,89730000"
"202400015971";"23";"12";"2024";"10:50";"1";"84";"84142";"1";"2";"1";"2";"D31";"43,97089000";"5,02026900"
"202400015972";"1";"02";"2024";"13:50";"1";"61";"61474";"1";"1";"2";"7";"Voie Communale";"48,78298700";"0,04975400"
"202400015973";"18";"04";"2024";"09:45";"1";"93";"93072";"2";"3";"8";"3";"Boulevard Maxime Gorki / Rue Salvador Allende";"48,94673400";"2,38653100"
"202400015974";"4";"09";"2024";"07:00";"2";"44";"44109";"2";"6";"1";"6";"6 Route de Paris";"47,25010396";" -1,51937661"
"202400015975";"1";"02";"2024";"18:10";"3";"46";"46311";"1";"1";"5";"1";"prentegarde";"44,89109887";"2,02870117"
"202400015976";"18";"12";"2024";"07:30";"2";"42";"42032";"1";"1";"1";"6";"Route du Val Fleury";"45,52652100";"4,53555600"
"202400015977";"19";"04";"2024";"13:00";"1";"93";"93005";"2";"1";"1";"6";"Avenue de Savigny";"48,94893300";"2,51286000"
"202400015978";"3";"09";"2024";"18:30";"1";"44";"44143";"2";"1";"1";"6";"23 Rue de la Gabardière";"47,17334896";" -1,52506222"
"202400015979";"1";"02";"2024";"19:05";"2";"68";"68240";"2";"1";"1";"2";"Rue du Chemin de Fer (Oberdorf)";"47,56827000";"7,29441000"
"202400015980";"19";"04";"2024";"19:47";"1";"93";"93070";"2";"5";"2";"3";"Avenue Gabriel Péri / Rue Kléber";"48,90663900";"2,33202800"
"202400015981";"2";"02";"2024";"01:30";"3";"25";"25233";"1";"1";"1";"6";"D461";"47,15254400";"6,29966100"
"202400015982";"3";"09";"2024";"09:05";"1";"44";"44162";"2";"6";"1";"3";"Boulevard du Zenith";"47,23295644";" -1,62833461"
"202400015983";"18";"12";"2024";"10:30";"1";"83";"83116";"2";"1";"1";"2";"Route d?Esparron";"43,45865100";"5,86245300"
"202400015984";"26";"01";"2024";"17:45";"2";"29";"29192";"1";"1";"7";"6";"Kerveuleugan";"48,68569900";" -4,03128700"
"202400015985";"21";"12";"2024";"20:20";"5";"83";"83116";"2";"1";"1";"6";"27 Rue Marceau";"43,45322700";"5,86210800"
"202400015986";"18";"04";"2024";"19:30";"1";"93";"93057";"2";"3";"1";"3";"Allee d’Athenes / Avenue du Quatorze Juillet";"48,91127000";"2,49131000"
"202400015987";"3";"09";"2024";"09:00";"1";"44";"44114";"1";"1";"1";"2";"N/A";"47,26250396";" -1,61006184"
"202400015988";"26";"01";"2024";"20:50";"5";"38";"38431";"2";"1";"1";"7";"Chemin de la Baratiere";"45,25736500";"5,84481800"
"202400015989";"18";"04";"2024";"17:11";"1";"92";"92048";"2";"2";"1";"6";"PAVE DES GARDES (ROUTE DU)";"48,81220084";"2,21463472"
"202400015990";"30";"01";"2024";"16:15";"1";"01";"01348";"1";"1";"1";"7";"chemin de la passerelle de vannans";"46,16230400";"4,83321800"
"202400015991";"7";"09";"2024";"15:04";"1";"93";"93066";"2";"1";"2";"6";"ARNOUVILLE";"48,94068873";"2,37297885"
"202400015992";"23";"12";"2024";"09:00";"1";"19";"19259";"1";"1";"1";"5";"D1120";"45,04714218";"1,98906041"
"202400015993";"18";"04";"2024";"08:55";"1";"92";"92022";"2";"1";"8";"6";"STALINGRAD (RUE DE)";"48,81036000";"2,19248000"
"202400015994";"2";"02";"2024";"08:10";"1";"66";"66149";"1";"1";"1";"6";"Route départementale 66";"42,62297800";"2,44029000"
"202400015995";"6";"09";"2024";"15:30";"1";"81";"81065";"2";"1";"1";"6";"DE LAS CASES (RUE COMTE DE)";"43,62837000";"2,26311870"
"202400015996";"23";"12";"2024";"09:35";"1";"65";"65161";"1";"1";"8";"1";"N21";"43,33482800";"0,13075200"
"202400015997";"19";"04";"2024";"19:00";"1";"92";"92025";"2";"2";"3";"3";"CHARLES DE GAULLE (BD)";"48,90894366";"2,23660426"
"202400015998";"2";"02";"2024";"10:44";"1";"54";"54368";"1";"2";"1";"3";"D992";"48,53442500";"6,76281500"
"202400015999";"2";"09";"2024";"09:20";"1";"44";"44109";"2";"6";"1";"3";"18 Boulevard Michelet";"47,23311311";" -1,55645031"
"202400016000";"25";"12";"2024";"18:56";"3";"33";"33144";"1";"1";"5";"6";"N/A";"44,37917700";" -0,16168400"
"202400016001";"19";"04";"2024";"08:18";"1";"92";"92024";"2";"3";"1";"2";"MADAME DE SANZILLON (RUE)";"48,90368255";"2,31884909"
"202400016002";"1";"02";"2024";"17:34";"1";"50";"50550";"1";"1";"1";"1";"D433";"49,14525000";" -1,36586700"
"202400016003";"30";"05";"2024";"09:45";"1";"14";"14036";"1";"1";"1";"7";"A13";"49,17033100";" -0,21610500"
"202400016004";"27";"12";"2024";"12:50";"1";"61";"61091";"1";"2";"1";"3";"RD21";"48,62180500";" -0,57650500"
"202400016005";"19";"04";"2024";"13:40";"1";"92";"92012";"2";"2";"1";"3";"GALLIENI (RUE) 142/FIN";"48,83616780";"2,23662955"
"202400016006";"19";"04";"2024";"08:20";"1";"92";"92007";"2";"1";"1";"6";"BRIAND (AVENUE ARISTIDE) N° 2 A 98";"48,80684980";"2,32592118"
"202400016007";"2";"02";"2024";"12:30";"1";"50";"50433";"1";"2";"1";"3";"Route du Cap";"49,62712800";" -1,26038100"
"202400016008";"11";"07";"2024";"08:30";"1";"57";"57647";"2";"3";"1";"3";"FAMECK (RUE DE)";"49,31983000";"6,08549000"
"202400016009";"26";"12";"2024";"18:25";"3";"68";"68060";"1";"1";"5";"6";"D483";"47,74230300";"7,14819400"
"202400016010";"9";"09";"2024";"08:20";"1";"974";"97416";"1";"1";"1";"3";"RN3 (3)";" -21,29526000";"55,50940000"
"202400016011";"1";"02";"2024";"16:30";"1";"60";"60368";"2";"3";"1";"3";"Rue du Martellois";"49,47271500";"2,86572600"
"202400016012";"19";"04";"2024";"19:50";"1";"72";"72243";"1";"9";"1";"6";"lieu dit la croix jouis";"47,76269108";"0,19827935"
"202400016013";"27";"12";"2024";"14:00";"1";"39";"39013";"2";"1";"1";"6";"22 Route de Besançon";"46,91036300";"5,77036400"
"202400016014";"26";"12";"2024";"23:05";"3";"31";"31455";"1";"1";"1";"7";"D627";"43,27210623";"1,19942415"
"202400016015";"2";"02";"2024";"15:50";"1";"64";"64472";"1";"1";"1";"1";"20 Route de Montardon";"43,37144100";" -0,31612400"
"202400016016";"9";"09";"2024";"18:05";"2";"974";"97411";"2";"6";"1";"3";"JAURES (BOULEVARD JEAN)";" -20,90108000";"55,49678000"
"202400016017";"20";"04";"2024";"16:35";"1";"59";"59594";"1";"1";"8";"2";"D169";"50,48832000";"3,43386100"
"202400016018";"2";"02";"2024";"12:50";"1";"10";"10107";"1";"1";"1";"1";"N77";"48,07190000";"3,81770000"
"202400016019";"7";"09";"2024";"20:00";"5";"974";"97407";"2";"1";"1";"2";"CARPAYE(AVENUE)";" -20,94713000";"55,29891000"
"202400016020";"20";"04";"2024";"11:58";"1";"14";"14162";"1";"3";"1";"1";"Le Campoint";"48,90788300";" -0,48568400"
"202400016021";"2";"02";"2024";"07:45";"2";"16";"16120";"1";"1";"8";"1";"D104";"45,60196900";"0,26026000"
"202400016022";"9";"09";"2024";"04:08";"4";"973";"97302";"2";"6";"1";"3";"CHARLERY (GUSTAVE)";"4,93931658";" -52,31831646"
"202400016023";"27";"12";"2024";"00:40";"3";"06";"06108";"2";"1";"1";"1";"462 Chemin du Pont Neuf";"43,58495660";"6,95671820"
"202400016024";"19";"04";"2024";"19:45";"1";"86";"86262";"1";"1";"1";"1";"Lieu-dit la Chambue";"46,40712100";"0,79584300"
"202400016025";"1";"02";"2024";"16:40";"1";"07";"07172";"1";"1";"1";"1";"D267";"45,27069034";"4,74167659"
"202400016026";"8";"09";"2024";"20:17";"5";"973";"97302";"2";"6";"1";"7";"MADELEINE (ROUTE DE LA)";"4,90775000";" -52,32218000"
"202400016027";"25";"01";"2024";"08:00";"2";"24";"24520";"2";"3";"1";"6";"AVENUE THIERS";"44,88024684";"1,21678144"
"202400016028";"26";"12";"2024";"18:45";"3";"14";"14762";"1";"4";"5";"7";"Route de Tesson";"48,86302100";" -0,83330900"
"202400016029";"20";"04";"2024";"17:10";"1";"974";"97422";"1";"1";"9";"3";"Chemin Forestier du Volcan";" -21,20636240";"55,59572437"
"202400016030";"8";"09";"2024";"11:20";"1";"973";"97302";"2";"2";"1";"3";"MOLE";"4,93557907";" -52,33227172"
"202400016031";"2";"02";"2024";"13:15";"1";"04";"04049";"2";"1";"1";"6";"Avenue du General de Gaulle";"44,09581700";"6,01031800"
"202400016032";"27";"12";"2024";"16:10";"1";"90";"90053";"2";"1";"1";"6";"32 Rue General Leclerc";"47,53853900";"6,97171600"
"202400016033";"20";"04";"2024";"09:30";"1";"67";"67073";"2";"2";"2";"3";"Route Romaine";"48,27061300";"7,40762200"
"202400016034";"9";"09";"2024";"18:25";"1";"69";"69388";"2";"3";"9";"6";"Rue Professeur Beauvisage";"45,72882000";"4,86578000"
"202400016035";"1";"02";"2024";"18:38";"5";"85";"85108";"2";"1";"1";"3";"5 Rue de grasla";"46,90704800";" -1,36962400"
"202400016036";"26";"12";"2024";"14:05";"1";"60";"60509";"2";"1";"1";"1";"Avenue d’Auvelais";"49,31357058";"2,60417497"
"202400016037";"27";"08";"2024";"11:00";"1";"972";"97209";"2";"1";"1";"6";"REDOUTE (ROUTE DE LA)";"14,62477000";" -61,06205000"
"202400016038";"1";"02";"2024";"15:00";"1";"27";"27049";"2";"1";"1";"1";"Rue de l'Ecole";"48,94561300";"0,66168000"
"202400016039";"20";"12";"2024";"07:39";"2";"60";"60541";"2";"1";"5";"6";"D100";"49,30199400";"2,68900200"
"202400016040";"20";"04";"2024";"09:10";"1";"974";"97404";"1";"1";"1";"4";"N1a";" -21,25826800";"55,33193600"
"202400016041";"8";"09";"2024";"22:00";"3";"972";"97209";"1";"1";"3";"7";"RD 41 (ROCADE)";"14,61622000";" -61,05558000"
"202400016042";"9";"09";"2024";"17:55";"2";"971";"97120";"2";"1";"1";"6";"FREBAULT";"16,24038000";" -61,53541000"
"202400016043";"20";"12";"2024";"14:00";"1";"60";"60277";"2";"1";"7";"1";"Rue des Mésanges";"49,43023900";"2,04152600"
"202400016044";"31";"01";"2024";"16:09";"1";"28";"28189";"1";"2";"1";"3";"N154";"48,22338847";"1,80129901"
"202400016045";"19";"04";"2024";"19:00";"1";"34";"34123";"1";"1";"1";"5";"N109";"43,62898542";"3,77462268"
"202400016046";"8";"09";"2024";"05:20";"2";"971";"97101";"1";"1";"3";"6";"PATRICK SAINT ELOI ( AVENUE )";"16,25736000";" -61,52018000"
"202400016047";"26";"12";"2024";"21:10";"3";"10";"10368";"1";"1";"1";"7";"D619";"48,41293100";"3,93155000"
"202400016048";"16";"03";"2024";"00:30";"3";"34";"34123";"1";"1";"1";"6";"N109 - Pk 007+100";"43,62110300";"3,79049800"
"202400016049";"1";"02";"2024";"19:15";"5";"17";"17434";"2";"3";"2";"1";"Avenue de Saint Pierre";"46,10490600";" -0,75286900"
"202400016050";"9";"09";"2024";"21:30";"5";"95";"95252";"2";"9";"1";"3";"CHEMIN NEUF (RUE DU)";"48,97907096";"2,23264217"
"202400016051";"26";"12";"2024";"19:00";"3";"16";"16360";"1";"1";"5";"6";"D24";"45,45586700";" -0,13054300"
"202400016052";"19";"04";"2024";"06:00";"3";"37";"37167";"1";"1";"1";"6";"Autoroute A28 PK 033.580";"47,54721900";"0,60907600"
"202400016053";"27";"12";"2024";"09:15";"1";"53";"53147";"2";"1";"1";"6";"250 Boulevard Jean Monnet";"48,29019600";" -0,61919100"
"202400016054";"20";"04";"2024";"17:04";"1";"19";"19004";"1";"1";"1";"6";"25 lieu-dit lachaud";"45,12547931";"1,81262034"
"202400016055";"1";"02";"2024";"17:15";"1";"08";"08184";"1";"1";"1";"6";"D8043";"49,59435900";"5,25210700"
"202400016056";"5";"09";"2024";"09:07";"1";"91";"91477";"2";"2";"3";"3";"GRANDE CEINTURE (BOULEVARD)";"48,72116000";"2,25140000"
"202400016057";"2";"02";"2024";"00:35";"3";"18";"18279";"1";"1";"5";"6";"N/A";"47,24171600";"2,04373600"
"202400016058";"23";"12";"2024";"17:20";"1";"85";"85202";"1";"1";"1";"1";"l'ecole des chaffauds";"46,71336000";" -1,10234000"
"202400016059";"19";"04";"2024";"16:35";"1";"89";"89464";"1";"3";"8";"3";"D606";"48,09095100";"3,29645600"
"202400016060";"9";"09";"2024";"00:10";"3";"91";"91114";"1";"1";"2";"2";"RTE NATIONALE 6";"48,67749000";"2,49740000"
"202400016061";"26";"12";"2024";"10:55";"1";"69";"69044";"2";"1";"7";"6";"122 Route de Paris";"45,77299400";"4,75265400"
"202400016062";"30";"01";"2024";"08:55";"2";"33";"33527";"1";"1";"1";"2";"N/A";"44,61320100";" -1,04181300"
"202400016063";"19";"04";"2024";"12:20";"1";"63";"63064";"1";"1";"1";"1";"D95";"45,86026990";"2,47718621"
"202400016064";"8";"09";"2024";"17:14";"1";"87";"87085";"2";"1";"2";"7";"PLATON (RUE)";"45,83673000";"1,24305000"
"202400016065";"27";"12";"2024";"03:08";"3";"17";"17463";"1";"1";"5";"4";"D137";"45,97089900";" -0,98555100"
"202400016066";"1";"02";"2024";"07:15";"1";"974";"97418";"1";"1";"2";"5";"RN2 run market";" -20,89893900";"55,52165200"
"202400016067";"8";"09";"2024";"15:07";"1";"87";"87048";"1";"1";"2";"7";"RD 11";"45,78309000";"1,22638000"
"202400016068";"19";"04";"2024";"18:15";"1";"63";"63397";"2";"2";"1";"6";"rue du sancy / rue Simone Veil";"45,60667500";"2,68767500"
"202400016069";"27";"12";"2024";"05:40";"3";"38";"38332";"1";"1";"1";"1";"D45";"45,32240100";"5,49095400"
"202400016070";"8";"09";"2024";"12:05";"1";"87";"87085";"2";"2";"1";"3";"ALLENDE (QUAI SALVADOR)";"45,82121000";"1,26295000"
"202400016071";"28";"01";"2024";"20:15";"5";"971";"97121";"1";"1";"1";"5";"RD 23, le rocher noir";"16,18744900";" -61,77500200"
"202400016072";"18";"04";"2024";"16:45";"1";"61";"61491";"1";"1";"1";"5";"Nationale12";"48,61580600";"0,71575200"
"202400016073";"27";"12";"2024";"00:10";"3";"27";"27554";"1";"1";"5";"2";"Autoroute A.13";"49,08264700";"1,38166200"
"202400016074";"20";"04";"2024";"14:15";"1";"61";"61369";"1";"1";"1";"6";"D260";"48,63970100";" -0,62626300"
"202400016075";"6";"09";"2024";"17:38";"1";"87";"87085";"2";"1";"2";"6";"COOPERATEURS (RUE DES)";"45,83639000";"1,25393000"
"202400016076";"2";"02";"2024";"00:01";"3";"34";"34145";"2";"1";"1";"6";"Avenue du Marechal Leclerc";"43,69402900";"4,13058300"
"202400016077";"19";"04";"2024";"13:00";"1";"42";"42221";"2";"1";"1";"6";"Route de St Étienne Le Molard";"45,76711900";"4,12734000"
"202400016078";"25";"12";"2024";"19:30";"5";"987";"98754";"1";"1";"1";"1";"RT PK 30.300 C/Mer";" -16,90097900";" -151,46781900"
"202400016079";"8";"09";"2024";"01:10";"5";"85";"85194";"2";"6";"1";"6";"RD160";"46,51496000";" -1,75879000"
"202400016080";"31";"01";"2024";"12:05";"1";"13";"13067";"2";"1";"1";"3";"Avenue de la Victoire";"43,79181500";"5,03036500"
"202400016081";"27";"12";"2024";"11:08";"1";"973";"97304";"1";"1";"1";"7";"RN1";"5,12571700";" -52,73115600"
"202400016082";"20";"04";"2024";"16:00";"1";"46";"46138";"1";"1";"1";"6";"D802";"44,67917287";"1,63177848"
"202400016083";"27";"12";"2024";"09:29";"2";"77";"77142";"2";"3";"7";"6";"2 Rue du Marché";"48,85717300";"2,90916800"
"202400016084";"2";"02";"2024";"08:10";"2";"52";"52449";"2";"1";"5";"3";"Route de Dijon";"47,83383600";"5,33001100"
"202400016085";"9";"09";"2024";"14:45";"1";"83";"83137";"2";"9";"1";"1";"BRIAND (AVE ARISTIDE PROLONGEE)";"43,11996000";"5,88774000"
"202400016086";"17";"04";"2024";"18:30";"1";"47";"47065";"2";"7";"1";"3";"Place Viçoze";"44,36072100";"0,37833900"
"202400016087";"9";"09";"2024";"08:45";"1";"83";"83144";"2";"1";"1";"6";"LUMIERE (AVE DES FRERES)";"43,13400000";"5,99686000"
"202400016088";"17";"04";"2024";"08:48";"1";"86";"86293";"1";"1";"1";"6";"N10";"46,41715370";"0,24825100"
"202400016089";"27";"12";"2024";"16:10";"1";"78";"78346";"2";"1";"1";"7";"39 Rue de Mantes";"48,92248700";"1,59469700"
"202400016090";"1";"02";"2024";"18:30";"3";"67";"67033";"1";"9";"2";"4";"pk 3 D1340e04";"48,76148600";"7,69877400"
"202400016091";"30";"08";"2024";"08:30";"1";"83";"83123";"2";"1";"1";"6";"BANDOL (ROUTE)N° PAIRS";"43,13861000";"5,77244000"
"202400016092";"19";"04";"2024";"19:30";"1";"44";"44021";"1";"2";"1";"3";"N/A";"47,06374900";" -1,93561100"
"202400016093";"1";"02";"2024";"16:50";"1";"73";"73157";"2";"1";"1";"6";"Rue jules ferry";"45,20044930";"6,67164311"
"202400016094";"25";"12";"2024";"21:09";"3";100;100140";"1";"1";"1";"1";"rt20";"42,49596800";"9,29717500"
"202400016095";"9";"09";"2024";"09:00";"1";"81";"81018";"2";"1";"2";"7";"BILLOUX ( AVENUE ANDRE )";"43,95353000";"2,22127000"
"202400016096";"2";"02";"2024";"18:20";"3";"42";"42174";"1";"1";"1";"6";"Route de Villedieu";"45,73777300";"4,16021300"
"202400016097";"20";"04";"2024";"12:00";"1";"29";"29020";"2";"1";"1";"6";"1t Rue Général de Gaulle";"48,09728337";" -4,00135569"
"202400016098";"8";"09";"2024";"19:10";"2";"80";"80021";"1";"1";"2";"7";"SAVEUSE (RUE DE)";"49,90120000";"2,23819000"
"202400016099";"25";"12";"2024";"16:50";"3";100;100199";"1";"1";"1";"1";"RT 30 OSTRICONI";"42,65296300";"9,04337900"
"202400016100";"1";"02";"2024";"16:45";"1";"38";"38562";"2";"1";"1";"6";"Avenue Maurice Thorez";"45,08185400";"5,76888400"
"202400016101";"9";"09";"2024";"20:00";"1";"78";"78440";"2";"1";"1";"3";"LOUIS BLERIOT (RUE)";"48,97696000";"1,92057000"
"202400016102";"27";"12";"2024";"15:35";"1";"34";"34033";"2";"2";"1";"3";"D610";"43,75907600";"4,07785600"
"202400016103";"31";"01";"2024";"17:15";"1";"26";"26084";"1";"3";"1";"5";"Route de Châteauneuf";"45,00164300";"4,99283600"
"202400016104";"9";"09";"2024";"15:05";"1";"78";"78440";"2";"1";"1";"6";"GUSTAVE RAVANNE (RUE)";"48,97958000";"1,90766000"
"202400016105";"27";"12";"2024";"07:50";"2";"34";"34058";"1";"1";"1";"3";"D68 PK2+317";"43,66930700";"3,96993800"
"202400016106";"2";"02";"2024";"07:45";"2";"31";"31135";"2";"3";"1";"1";"Rue Jeanne Penent";"43,20483200";"1,08234100"
"202400016107";"9";"09";"2024";"16:30";"1";"78";"78208";"2";"1";"2";"3";"PRAGUE (RUE DE)";"48,79472000";"1,96800000"
"202400016108";"23";"12";"2024";"14:45";"1";"83";"83042";"2";"1";"6";"6";"59 Rue Marceau";"43,24552800";"6,53322300"
"202400016109";"1";"02";"2024";"13:40";"1";"16";"16232";"1";"1";"1";"6";"2 Route des Grottes";"45,66170600";"0,31084700"
"202400016110";"27";"12";"2024";"10:00";"1";"57";"57159";"2";"1";"1";"6";"Route de BOULAY";"49,05004500";"6,57757000"
"202400016111";"2";"02";"2024";"18:35";"5";"14";"14530";"1";"6";"1";"3";"Rue de la Libération";"49,23917800";" -0,26336000"
"202400016112";"27";"12";"2024";"16:30";"1";"73";"73150";"1";"1";"1";"3";"D224 Route de Belle Plagne";"45,51587137";"6,68580617"
"202400016113";"9";"09";"2024";"13:50";"1";"77";"77083";"2";"1";"1";"6";"GENERAL DE  GAULLE (AVENUE DU)";"48,85088442";"2,59099356"
"202400016114";"27";"12";"2024";"16:20";"1";"73";"73050";"1";"1";"1";"5";"D1504 route du tunnel";"45,68276305";"5,85111988"
"202400016115";"9";"09";"2024";"20:30";"5";"77";"77389";"1";"9";"8";"4";"GENERAL LECLERC(AVENUE DU)";"48,51780000";"2,65518000"
"202400016116";"31";"01";"2024";"20:50";"3";"83";"83027";"1";"1";"1";"5";"A50";"43,20283306";"5,73623121"
"202400016117";"26";"12";"2024";"18:00";"5";"07";"07042";"2";"1";"1";"3";"Avenue du Maréchal Leclerc";"44,37781200";"4,64293100"
"202400016118";"1";"02";"2024";"02:28";"3";"91";"91553";"1";"9";"1";"6";"RN 104";"48,62839000";"2,48105000"
"202400016119";"9";"09";"2024";"05:00";"5";"77";"77284";"2";"1";"1";"6";"GARE";"48,95766000";"2,87417000"
"202400016120";"1";"02";"2024";"05:40";"5";"92";"92051";"1";"1";"2";"6";"N13";"48,87869029";"2,27936715"
"202400016121";"27";"12";"2024";"17:00";"2";"69";"69094";"2";"1";"1";"6";"Route de Bordeaux";"45,74584800";"4,70301200"
"202400016122";"7";"09";"2024";"10:40";"1";"76";"76351";"2";"1";"2";"1";"RENE COTY";"49,49784054";"0,11489511"
"202400016123";"31";"01";"2024";"18:55";"3";"78";"78165";"1";"1";"1";"4";"RN12 INT";"48,79932100";"1,99278000"
"202400016124";"8";"09";"2024";"23:40";"5";"76";"76351";"2";"1";"1";"6";"JEAN JAURES (AVENUE)";"49,49981945";"0,15871167"
"202400016125";"23";"12";"2024";"13:40";"1";"69";"69298";"2";"2";"2";"5";"Route de Givors";"45,64922500";"4,99023100"
"202400016126";"31";"01";"2024";"07:15";"5";"78";"78362";"1";"1";"1";"4";"A13";"48,97637700";"1,71969500"
"202400016127";"26";"12";"2024";"14:28";"1";"44";"44215";"2";"1";"1";"6";"6 Rue du Onze Novembre 1918";"47,16953500";" -1,47507000"
"202400016128";"7";"09";"2024";"10:05";"1";"76";"76351";"2";"3";"2";"3";"LAMBLARDIE (QUAI)";"49,48979000";"0,10987000"
"202400016129";"1";"02";"2024";"18:50";"3";"95";"95572";"1";"1";"1";"2";"N184";"49,04610750";"2,13048003"
"202400016130";"26";"12";"2024";"02:45";"3";"44";"44026";"1";"1";"2";"7";"Route de Paris";"47,29577800";" -1,40970500"
"202400016131";"8";"09";"2024";"01:25";"5";"76";"76351";"2";"6";"1";"6";"ILE (QUAI DE L')";"49,48692000";"0,11456000"
"202400016132";"1";"02";"2024";"16:40";"1";"93";"93010";"1";"1";"1";"2";"AUTOROUTE A3";"48,90748049";"2,47291995"
"202400016133";"26";"12";"2024";"16:15";"1";"80";"80545";"1";"3";"1";"3";"D934";"49,79471900";"2,55772200"
"202400016134";"22";"12";"2024";"16:00";"1";"69";"69007";"1";"1";"3";"6";"Autoroute 7";"45,50134000";"4,83903000"
"202400016135";"1";"02";"2024";"09:40";"1";"95";"95241";"1";"1";"2";"3";"N104";"49,04547071";"2,44638090"
"202400016136";"7";"09";"2024";"17:45";"1";"72";"72181";"2";"9";"3";"6";"MAC JEAN (AV) N° PAIRS 308 ET plus";"47,97428000";"0,24250000"
"202400016137";"25";"12";"2024";"13:13";"1";"69";"69259";"1";"1";"1";"6";"RD383   11.750 A 14.250";"45,71767316";"4,86115975"
"202400016138";"31";"01";"2024";"19:30";"5";"95";"95527";"1";"1";"1";"4";"A1";"49,01298285";"2,53018495"
"202400016139";"8";"09";"2024";"13:00";"1";"69";"69276";"1";"1";"1";"1";"Route Départementale 312                                     ";"45,67883000";"4,85052000"
"202400016140";"8";"09";"2024";"02:05";"5";"67";"67482";"2";"9";"2";"7";"CERF BERR (RUE)";"48,58945000";"7,69137000"
"202400016141";"1";"02";"2024";"18:00";"2";"94";"94081";"1";"1";"2";"5";"A86";"48,77414959";"2,40719183"
"202400016142";"26";"12";"2024";"12:05";"1";"33";"33550";"1";"1";"1";"2";"N/A";"44,78203800";" -0,58397500"
"202400016143";"9";"09";"2024";"15:10";"1";"66";"66136";"2";"1";"1";"6";"Avenue René Cassin";"42,68125891";"2,89425641"
"202400016144";"31";"01";"2024";"16:15";"1";"94";"94069";"1";"1";"1";"2";"A4";"48,81739541";"2,43812799"
"202400016145";"9";"09";"2024";"19:30";"2";"64";"64445";"2";"1";"2";"2";"BIZANOS DE";"43,29264000";" -0,36010000"
"202400016146";"26";"12";"2024";"13:55";"1";"91";"91064";"1";"1";"1";"6";"RN 118";"48,74376800";"2,19001000"
"202400016147";"31";"01";"2024";"18:00";"1";"974";"97411";"2";"1";"1";"1";"CHAPELLE (RUE DE LA)";" -20,91126000";"55,48583000"
"202400016148";"9";"09";"2024";"11:20";"1";"64";"64445";"2";"1";"1";"2";"JEAN MERMOZ";"43,30948000";" -0,37678000"
"202400016149";"28";"01";"2024";"12:15";"1";"974";"97407";"2";"9";"1";"3";"SOURCE DENISE (RUE DE LA)-RIV DES GALET ";" -20,96120000";"55,31550000"
"202400016150";"26";"12";"2024";"03:11";"3";"91";"91617";"1";"1";"2";"6";"RN6 PROVINCE / RN 104 EXT";"48,64163000";"2,53415000"
"202400016151";"30";"01";"2024";"22:20";"4";"973";"97302";"2";"6";"1";"7";"LEBLOND (ROND POINT)";"4,92086000";" -52,32940000"
"202400016152";"9";"09";"2024";"07:15";"2";"64";"64445";"2";"2";"1";"5";"EDOUARD 7";"43,29831000";" -0,35835000"
"202400016153";"31";"01";"2024";"13:30";"1";"69";"69388";"2";"3";"1";"3";"Rue Marius Berliet";"45,74600000";"4,85928000"
"202400016154";"9";"09";"2024";"22:10";"5";"64";"64102";"2";"1";"2";"6";"CEINTURE CENTRE COMMERCIAL BAB2";"43,48766000";" -1,49654000"
"202400016155";"25";"12";"2024";"22:07";"3";"91";"91235";"1";"1";"1";"4";"RN 104";"48,62583000";"2,35606000"
"202400016156";"31";"01";"2024";"12:30";"1";"69";"69142";"2";"1";"1";"3";"Quai de la Libération";"45,72789000";"4,81615000"
"202400016157";"9";"09";"2024";"18:00";"1";"64";"64102";"2";"1";"2";"2";"RESPLANDY (AVENUE DU CAPITAINE)";"43,48706000";" -1,46277000"
"202400016158";"31";"01";"2024";"13:45";"1";"69";"69389";"2";"2";"1";"6";"Rue Sergent Michel Berthet";"45,77222000";"4,80543000"
"202400016159";"26";"12";"2024";"16:55";"1";"93";"93064";"1";"1";"1";"2";"AUTOROUTE A86";"48,87263328";"2,48072602"
"202400016160";"8";"09";"2024";"21:30";"5";"63";"63300";"2";"2";"1";"3";"RD2029/RD83/Bd Clémentel faubourg Bardo";"45,89096000";"3,11027000"
"202400016161";"31";"01";"2024";"19:40";"5";101;101004";"2";"9";"1";"2";"#Boulevard Louis Campi#";"41,94523000";"8,75846000"
"202400016162";"7";"09";"2024";"16:30";"1";"60";"60057";"2";"1";"1";"6";"Rue de Bretagne";"49,42547938";"2,08417827"