"Num_Acc";"jour";"mois";"an";"hrmn";"lum";"dep";"com";"agg";"int";"atm";"col";"adr";"lat";"long"
"202400016163";"31";"01";"2024";"14:00";"1";101;101004";"2";"6";"1";"6";"16 Avenue Marechal Juin";"41,94178000";"8,74988000"
"202400016164";"26";"12";"2024";"17:30";"3";"93";"93078";"1";"1";"1";"4";"AUTOROUTE A104";"48,96165006";"2,54513860"
"202400016165";"9";"09";"2024";"09:35";"1";"59";"59350";"2";"1";"8";"7";"Rue de Luxembourg";"50,63895000";"3,07797000"
"202400016166";"31";"01";"2024";"13:35";"1";"95";"95203";"2";"2";"1";"3";"MARCELLIN BERTHELOT (RUE)";"48,99904000";"2,27749000"
"202400016167";"26";"12";"2024";"11:30";"1";"93";"93008";"1";"1";"1";"2";"AUTOROUTE A86";"48,90626353";"2,45959640"
"202400016168";"8";"09";"2024";"23:09";"5";"56";"56098";"2";"1";"2";"3";"73 Rue Jean Jaurès";"47,76488000";" -3,35923000"
"202400016169";"31";"01";"2024";"10:35";"1";"95";"95288";"2";"1";"1";"6";"D311";"48,98486640";"2,36324286"
"202400016170";"9";"09";"2024";"15:40";"1";"51";"51454";"2";"1";"1";"3";"FOURIAUX (RUE MARIE-CLEMENCE)";"49,26366300";"4,02449000"
"202400016171";"31";"01";"2024";"09:10";"1";"91";"91689";"1";"1";"1";"3";"RD 118";"48,71457000";"2,32350000"
"202400016172";"26";"12";"2024";"12:10";"1";"93";"93064";"1";"1";"1";"2";"AUTOROUTE A86";"48,87685867";"2,47759134"
"202400016173";"9";"09";"2024";"07:50";"1";"51";"51454";"2";"1";"1";"6";"BONAPARTE (AVENUE DU GENERAL)";"49,23163000";"4,00684000"
"202400016174";"29";"01";"2024";"18:57";"5";"87";"87085";"2";"2";"1";"6";"TARRADE (AVENUE ADRIEN)";"45,83891000";"1,25522000"
"202400016175";"6";"09";"2024";"22:00";"3";"34";"34301";"2";"1";"1";"6";"RD2 Route de Balaruc";"43,41200000";"3,69000000"
"202400016176";"8";"09";"2024";"03:03";"5";"51";"51454";"2";"2";"1";"3";"LAON (AVENUE) DU N° 2 A 60 (PAIR)";"49,26323000";"4,02829000"
"202400016177";"31";"01";"2024";"11:00";"1";"83";"83069";"2";"6";"1";"2";"LECLERC (AVENUE MARECHAL)";"43,11988000";"6,11428000"
"202400016178";"1";"09";"2024";"21:50";"3";"34";"34108";"1";"1";"1";"1";"RD 612";"43,44459000";"3,76344000"
"202400016179";"31";"01";"2024";"17:50";"1";"82";"82121";"2";"1";"1";"3";"VOLTAIRE (RUE)";"44,03493000";"1,37166000"
"202400016180";"8";"09";"2024";"11:20";"1";"49";"49246";"2";"1";"1";"2";"GRANDES MAISONS CHEMIN";"47,43689000";" -0,51439000"
"202400016181";"24";"12";"2024";"10:00";"1";"59";"59527";"2";"1";"1";"6";"Rue Sainte-Hélène";"50,65835700";"3,05709000"
"202400016182";"31";"01";"2024";"11:50";"1";"81";"81004";"2";"1";"1";"6";"FLANDRES DUNKERQUE (AV)";"43,92842850";"2,16344380"
"202400016183";"8";"09";"2024";"06:30";"5";"49";"49007";"2";"1";"1";"6";"MILLOT BOULEVARD JACQUES";"47,45470000";" -0,53455000"
"202400016184";"30";"09";"2024";"07:55";"1";"974";"97413";"2";"1";"1";"6";"3 Chemin de la Découverte";" -21,20703900";"55,33399300"
"202400016185";"13";"01";"2024";"16:03";"1";"77";"77373";"2";"2";"1";"3";"AV CHARLES ROUXEL";"48,79318876";"2,60432553"
"202400016186";"3";"08";"2024";"11:15";"1";"13";"13072";"1";"1";"1";"3";"D6";"43,46187100";"5,62129900"
"202400016187";"8";"09";"2024";"02:12";"3";"45";"45234";"2";"9";"1";"3";"1 Quai de Prague";"47,89476700";"1,90413400"
"202400016188";"3";"08";"2024";"15:30";"1";"07";"07313";"2";"1";"1";"3";"Quai Jules Roche";"45,31560800";"4,76800700"
"202400016189";"13";"01";"2024";"08:20";"3";"77";"77350";"1";"1";"1";"5";"N4";"48,76137900";"2,66298500"
"202400016190";"24";"12";"2024";"18:20";"2";"987";"98735";"2";"6";"8";"3";"DUMONT D'URVILLE (RUE)";" -17,54335443";" -149,56847906"
"202400016191";"31";"08";"2024";"01:30";"5";"42";"42218";"2";"6";"1";"3";"Cours Fauriel";"45,42111000";"4,41086000"
"202400016192";"3";"08";"2024";"14:15";"1";"07";"07308";"1";"1";"1";"3";"D221";"45,19092900";"4,77467500"
"202400016193";"31";"01";"2024";"16:20";"1";"77";"77284";"2";"1";"1";"2";"FOCH (AVENUE DU ML.)";"48,95300000";"2,88600000"
"202400016194";"25";"12";"2024";"20:10";"5";"974";"97411";"2";"3";"1";"6";"BOIS DE NEFLES (ROUTE DE)";" -20,89792000";"55,47676000"
"202400016195";"2";"08";"2024";"07:45";"1";"53";"53271";"2";"1";"1";"6";"Rue Jules Doitteau";"48,34424500";" -0,27841300"
"202400016196";"9";"09";"2024";"13:50";"1";"35";"35238";"2";"1";"1";"6";"PROVENCE (SQUARE DE)";"48,11705548";" -1,70581862"
"202400016197";"31";"01";"2024";"08:05";"2";"77";"77335";"1";"1";"1";"3";"RN3 (ROUTE NATIONALE)";"48,95821000";"2,84223000"
"202400016198";"25";"12";"2024";"05:00";"2";"973";"97302";"2";"1";"2";"7";"HEDER (place)";"4,93944235";" -52,33460462"
"202400016199";"3";"08";"2024";"15:57";"1";"40";"40285";"1";"1";"1";"1";"D57";"43,91047700";" -0,73758600"
"202400016200";"9";"09";"2024";"09:15";"1";"35";"35238";"2";"1";"1";"3";"LESAGE";"48,11712082";" -1,67696536"
"202400016201";"31";"01";"2024";"15:00";"1";"77";"77372";"1";"1";"1";"1";"D 934";"48,88119000";"2,66228000"
"202400016202";"25";"12";"2024";"18:20";"5";"69";"69388";"2";"3";"1";"6";"Rue Ludovic Arrachart";"45,73326000";"4,86236000"
"202400016203";"4";"08";"2024";"15:14";"1";"24";"24376";"1";"1";"8";"1";"D5";"45,17089300";"0,09469800"
"202400016204";"10";"09";"2024";"00:45";"5";"34";"34172";"2";"2";"1";"3";"MAURIN (AVENUE DE";"43,59968286";"3,87562037"
"202400016205";"30";"01";"2024";"17:29";"1";"71";"71475";"2";"2";"7";"3";"BUXY (ROUTE DE )";"46,76098600";"4,83399000"
"202400016206";"3";"08";"2024";"16:37";"1";"85";"85084";"1";"1";"1";"7";"les vrignolettes";"46,77409800";" -1,16058100"
"202400016207";"25";"12";"2024";"22:00";"4";"91";"91228";"2";"6";"1";"3";"TRAITE DE ROME (ROND-POINT DU)";"48,62549000";"2,40635000"
"202400016208";"9";"09";"2024";"08:05";"1";"34";"34172";"2";"5";"1";"3";"LIBERTE (AVENUE DE LA";"43,61121000";"3,82861000"
"202400016209";"3";"08";"2024";"13:50";"1";"87";"87195";"1";"1";"1";"7";"D675";"46,29951800";"1,09709900"
"202400016210";"9";"09";"2024";"09:00";"1";"34";"34172";"2";"1";"1";"3";"RECAMBALE (AVENUE DE LA)";"43,60206400";"3,83956200"
"202400016211";"3";"08";"2024";"15:45";"1";"30";"30339";"1";"1";"1";"7";"D986";"44,08610000";"3,58124600"
"202400016212";"17";"01";"2024";"08:55";"1";"68";"68297";"2";"1";"2";"6";"BALE ( AVE DE)WIRU JUSQUE RUE MULHOUSENR";"47,58426000";"7,56541000"
"202400016213";"4";"08";"2024";"17:00";"1";"30";"30193";"1";"1";"1";"7";"DFCI B78";"43,88229500";"4,20523100"
"202400016214";"30";"01";"2024";"18:05";"5";"67";"67482";"2";"1";"2";"3";"MONTAGNE VERTE (RUE DE LA)";"48,57070000";"7,72575000"
"202400016215";"9";"09";"2024";"13:00";"1";"33";"33281";"2";"1";"1";"2";"N/A";"44,82552000";" -0,63465000"
"202400016216";"25";"12";"2024";"18:55";"5";"69";"69290";"2";"1";"1";"1";"Boulevard des Roses";"45,68524000";"4,94630000"
"202400016217";"4";"08";"2024";"05:15";"3";"52";"52044";"1";"1";"1";"6";"departementale 134";"48,28902439";"5,23531325"
"202400016218";"2";"09";"2024";"09:45";"1";"30";"30189";"1";"1";"1";"1";"ALES (ROUTE)";"43,89650000";"4,28890000"
"202400016219";"31";"01";"2024";"16:20";"1";"64";"64445";"2";"6";"1";"3";"ALSACE LORRAINE D'";"43,30465000";" -0,36822000"
"202400016220";"4";"08";"2024";"01:45";"3";"13";"13050";"1";"1";"1";"1";"RD7n - PK37+500";"43,66959100";"5,24477500"
"202400016221";"24";"12";"2024";"09:15";"1";"67";"67462";"2";"1";"1";"3";"THIERS (BOULEVARD)";"48,25775400";"7,45872600"
"202400016222";"31";"01";"2024";"05:10";"5";"64";"64445";"1";"3";"1";"3";"LARRIBAU";"43,31712000";" -0,32003000"
"202400016223";"9";"09";"2024";"19:00";"1";"22";"22187";"2";"2";"1";"3";"RUE DE LA CROIX LORMEL";"48,53430000";" -2,75560000"
"202400016224";"22";"12";"2024";"15:20";"1";"62";"62498";"2";"2";"1";"3";"Route de Lille";"50,43495000";"2,83746000"
"202400016225";"3";"08";"2024";"22:30";"3";"77";"77480";"1";"1";"1";"3";"Autoroute A5 PK 28+000 direction PARIS";"48,43512300";"2,91540000"
"202400016226";"8";"09";"2024";"19:00";"1";"19";"19031";"1";"1";"1";"7";"CHANLAT (LIEU-DIT)";"45,13153394";"1,51691605"
"202400016227";"31";"01";"2024";"08:30";"1";"63";"63063";"2";"2";"1";"6";"Joseph Prugnard / Jules Ferry";"45,82732391";"3,10121834"
"202400016228";"26";"12";"2024";"00:15";"5";"61";"61001";"2";"1";"8";"6";"23 Boulevard de Strasbourg";"48,43654300";"0,08934900"
"202400016229";"4";"08";"2024";"19:00";"5";"976";"97608";"2";"1";"1";"3";"Boulevard des Crabes";" -12,78865400";"45,26557600"
"202400016230";"9";"09";"2024";"22:30";"5";"13";"13212";"2";"1";"1";"3";"SAINT JULIEN (AVENUE DE )";"43,30753000";"5,42538000"
"202400016231";"3";"08";"2024";"11:50";"1";"971";"97112";"1";"1";"1";"6";"Lieu Dit Saint Marc";"15,91139700";" -61,27103100"
"202400016232";"31";"01";"2024";"08:25";"1";"63";"63113";"2";"3";"1";"2";"BREZET (AVENUE)/inra";"45,77899000";"3,14491000"
"202400016233";"5";"09";"2024";"17:30";"1";"13";"13028";"2";"2";"1";"3";"CAMUSSO (AVENUE MARCEL )";"43,17876000";"5,59575000"
"202400016234";"20";"12";"2024";"08:00";"2";"59";"59350";"2";"1";"2";"3";"Boulevard de Belfort";"50,61892000";"3,07634000"
"202400016235";"4";"08";"2024";"03:00";"3";"34";"34127";"2";"6";"1";"6";"D24";"43,64972800";"4,08231100"
"202400016236";"9";"09";"2024";"19:55";"2";"75";"75113";"2";"1";"1";"2";"BOULEVARD PERIPHERIQUE EXTERIEUR SUD";"48,82649100";"2,38914600"
"202400016237";"3";"08";"2024";"21:30";"1";"83";"83068";"2";"1";"1";"7";"Route du Littoral";"43,26774380";"6,57410538"
"202400016238";"30";"01";"2024";"18:10";"5";"57";"57672";"2";"1";"1";"6";"GENERAL DE CASTELNAU (RUE DU)";"49,35372776";"6,16191387"
"202400016239";"21";"12";"2024";"09:50";"1";"59";"59360";"2";"2";"1";"6";"REPUBLIQUE BOULEVARD DE LA";"50,61212001";"3,01163313"
"202400016240";"4";"08";"2024";"16:50";"1";"05";"05103";"1";"1";"1";"7";"d 1085 - PR 077.800";"44,25777100";"5,90646000"
"202400016241";"7";"09";"2024";"19:15";"1";"75";"75117";"2";"1";"8";"2";"BOULEVARD PERIPHERIQUE INTERIEUR OUEST";"48,88959100";"2,29741700"
"202400016242";"30";"01";"2024";"07:45";"5";"54";"54395";"2";"9";"1";"1";"Place Paul Painleve";"48,68256000";"6,16604000"
"202400016243";"13";"05";"2024";"05:25";"2";"13";"13052";"2";"6";"1";"7";"RD5";"43,83462700";"4,78642300"
"202400016244";"7";"09";"2024";"20:20";"2";"75";"75120";"2";"1";"1";"5";"BOULEVARD PERIPHERIQUE INTERIEUR NORD  ";"48,87396500";"2,41122900"
"202400016245";"31";"01";"2024";"20:45";"5";"44";"44162";"2";"1";"1";"6";"1 Rue du Chêne Lasse";"47,22925641";" -1,63982213"
"202400016246";"4";"08";"2024";"02:45";"3";"89";"89055";"2";"4";"1";"6";"D84";"47,98287400";"3,61487700"
"202400016247";"25";"12";"2024";"00:54";"5";"01";"01053";"2";"1";"1";"2";"PROVIDENCE ( CHEMIN DE LA)";"46,19775800";"5,24019400"
"202400016248";"9";"09";"2024";"15:56";"1";"75";"75119";"2";"2";"1";"2";"BOULEVARD D INDOCHINE";"48,88622300";"2,39674400"
"202400016249";"25";"12";"2024";"16:30";"1";"75";"75118";"2";"3";"1";"6";"BOULEVARD NEY";"48,89869400";"2,35867000"
"202400016250";"31";"01";"2024";"16:00";"1";"38";"38421";"2";"3";"1";"3";"AVENUE DU DOYEN LOUIS WEIL";"45,18725000";"5,75808000"
"202400016251";"4";"08";"2024";"05:30";"2";"21";"21416";"1";"1";"1";"3";"D70, PK 058.500";"47,40477500";"5,34616000"
"202400016252";"31";"01";"2024";"20:55";"5";"37";"37233";"2";"1";"1";"6";"COLOMBIER (RUE DU)";"47,38463000";"0,74994000"
"202400016253";"25";"12";"2024";"03:30";"5";"75";"75116";"2";"1";"2";"6";"AVENUE DE LA PORTE D AUTEUIL";"48,84799000";"2,25200500"
"202400016254";"8";"09";"2024";"03:07";"5";"75";"75119";"2";"2";"1";"3";"PLACE DE LA BATAILLE DE STALINGRAD";"48,88278800";"2,37027800"
"202400016255";"4";"08";"2024";"18:12";"1";"68";"68001";"1";"6";"1";"7";"D415";"48,00913300";"7,53476500"
"202400016256";"31";"01";"2024";"16:10";"1";"37";"37261";"2";"1";"1";"7";"TRANCHEE (AVENUE DE LA)";"47,40401036";"0,68331903"
"202400016257";"9";"09";"2024";"13:05";"1";"75";"75116";"2";"3";"1";"6";"QUAI SAINT EXUPERY";"48,83639500";"2,26377900"
"202400016258";"25";"12";"2024";"02:40";"5";"75";"75116";"2";"1";"2";"3";"ALLEE DE LONGCHAMP";"48,86484500";"2,24315800"
"202400016259";"3";"08";"2024";"21:12";"2";"57";"57254";"1";"1";"1";"1";"D12 PK 6+900";"49,05580800";"5,98357400"
"202400016260";"31";"01";"2024";"08:20";"5";"36";"36159";"2";"2";"5";"1";"Rue de la Charbonnière";"46,76352000";"1,71566000"
"202400016261";"9";"09";"2024";"06:42";"2";"75";"75114";"2";"2";"2";"3";"BOULEVARD ROMAIN ROLLAND";"48,82231600";"2,31419700"
"202400016262";"4";"08";"2024";"03:10";"3";"03";"03242";"1";"6";"1";"6";"Route Nationale 7";"46,35605700";"3,37450400"
"202400016263";"24";"12";"2024";"22:25";"5";"75";"75115";"2";"2";"2";"3";"RUE DE LA CONVENTION";"48,84344700";"2,28279300"
"202400016264";"31";"01";"2024";"16:45";"2";"35";"35238";"2";"6";"1";"3";"ROUTE DE ST MALO";"48,13255885";" -1,69073850"
"202400016265";"3";"08";"2024";"14:50";"1";"38";"38148";"2";"1";"1";"6";"36 Route du Pré Veyret";"45,61731700";"5,50040600"
"202400016266";"7";"09";"2024";"18:55";"1";"75";"75114";"2";"2";"1";"3";"AVENUE DU MAINE";"48,83752525";"2,32295930"
"202400016267";"3";"08";"2024";"23:45";"3";"38";"38203";"1";"1";"1";"6";"N85";"45,04149260";"5,76363717"
"202400016268";"24";"12";"2024";"23:25";"5";"75";"75112";"2";"1";"2";"1";"RUE DE DIJON";"48,83571000";"2,38608900"
"202400016269";"9";"09";"2024";"19:20";"1";"75";"75111";"2";"1";"8";"3";"RUE DE LA ROQUETTE";"48,85505500";"2,37340700"
"202400016270";"29";"01";"2024";"21:45";"5";"34";"34032";"2";"2";"1";"3";"BELIN EDOUARD (RUE)";"43,35275000";"3,21859000"
"202400016271";"3";"08";"2024";"17:20";"1";"26";"26362";"1";"3";"1";"3";"Route du Guimandet";"44,94070381";"4,97704268"
"202400016272";"24";"12";"2024";"20:52";"5";"75";"75110";"2";"2";"2";"6";"BOULEVARD DE LA VILLETTE";"48,88427500";"2,36464500"
"202400016273";"9";"09";"2024";"18:15";"1";"75";"75108";"2";"2";"8";"3";"RUE DE CONSTANTINOPLE";"48,87986600";"2,32068700"
"202400016274";"29";"01";"2024";"08:41";"1";"33";"33522";"2";"1";"1";"3";"N/A";"44,81878000";" -0,60151000"
"202400016275";"2";"08";"2024";"17:40";"1";"69";"69037";"1";"1";"1";"5";"Route du Stade François Chavant";"46,02457700";"4,50821400"
"202400016276";"31";"01";"2024";"07:40";"1";"31";"31069";"2";"9";"1";"3";"POTEZ (ALL HENRI)";"43,62594200";"1,37840200"
"202400016277";"25";"12";"2024";"20:50";"5";"93";"93073";"2";"3";"2";"3";"CHAPIT RE ( RUE DU)";"49,00804569";"2,55750242"
"202400016278";"9";"09";"2024";"10:30";"1";"75";"75101";"2";"2";"8";"3";"BOULEVARD DE SEBASTOPOL";"48,86057200";"2,34937500"
"202400016279";"31";"01";"2024";"18:15";"4";"30";"30243";"1";"1";"1";"7";"MOULIN (AVENUE J.)";"44,05918000";"4,09147000"
"202400016280";"9";"09";"2024";"14:00";"1";"94";"94068";"2";"2";"1";"3";"Avenue Foch";"48,79941800";"2,49905200"
"202400016281";"3";"08";"2024";"14:09";"1";"81";"81140";"1";"1";"1";"2";"Route Pierre Fabre";"43,68128100";"1,87085200"
"202400016282";"24";"12";"2024";"22:49";"5";"92";"92077";"2";"1";"2";"2";"SEVRES (RUE DE)";"48,82619000";"2,19344000"
"202400016283";"30";"01";"2024";"11:00";"1";"29";"29019";"2";"6";"1";"6";"rue du Huit Mai 1945";"48,40920700";" -4,46866100"
"202400016284";"17";"07";"2024";"06:15";"2";"31";"31291";"1";"1";"1";"1";"Route de Saint-lys";"43,57837000";"1,21704700"
"202400016285";"25";"12";"2024";"12:30";"1";"92";"92063";"2";"9";"2";"3";"GALLIENI (RUE)";"48,87028118";"2,20340788"
"202400016286";"8";"09";"2024";"22:48";"5";"94";"94041";"2";"2";"3";"3";"Rue Pierre et Marie Curie";"48,81525000";"2,37557000"
"202400016287";"31";"01";"2024";"07:55";"5";"28";"28134";"2";"1";"1";"6";"SANGNIER (RUE MARC)";"48,74132000";"1,35296000"
"202400016288";"26";"12";"2024";"12:30";"1";"60";"60318";"1";"1";"1";"2";"D200";"49,32593700";"2,65244200"
"202400016289";"9";"09";"2024";"08:00";"1";"94";"94077";"2";"2";"2";"6";"Avenue Paul Painlevé";"48,74069200";"2,42500500"
"202400016290";"4";"08";"2024";"05:50";"4";"17";"17336";"2";"3";"1";"3";"Route Nationale 137 Rulon";"45,78669400";" -0,71788300"
"202400016291";"30";"01";"2024";"12:50";"1";"27";"27306";"2";"1";"1";"1";"QUATORZE JUILLET (BOULEVARD)";"49,01336000";"1,17643000"
"202400016292";"25";"12";"2024";"22:20";"3";"34";"34225";"1";"1";"1";"6";"départementale 612";"43,37495300";"3,02523100"
"202400016293";"9";"09";"2024";"09:50";"1";"93";"93031";"2";"2";"8";"3";"ALLENDE (AVENUE SALVADOR)";"48,95725643";"2,30986232"
"202400016294";"4";"08";"2024";"12:20";"1";"14";"14325";"2";"1";"1";"2";"455 Grande Rue";"49,28368500";" -0,31522400"
"202400016295";"31";"01";"2024";"15:45";"1";"25";"25056";"2";"1";"7";"6";"STRASBOURG QUAI DE";"47,24050000";"6,02083000"
"202400016296";"3";"08";"2024";"01:15";"3";"27";"27161";"1";"6";"1";"6";"D613";"49,06527700";"1,02850900"
"202400016297";"9";"09";"2024";"11:45";"1";"93";"93062";"2";"9";"2";"3";"NOTRE-DAME DES ANGES (ALLEE)  1 - 33";"48,89650121";"2,53021431"
"202400016298";"29";"01";"2024";"05:30";"5";"17";"17415";"2";"9";"1";"6";"CORMIER RUE DU";"45,74897900";" -0,61325600"
"202400016299";"4";"08";"2024";"01:30";"3";"60";"60028";"1";"1";"1";"6";"D1330";"49,22295800";"2,54785700"
"202400016300";"9";"09";"2024";"06:00";"5";"93";"93073";"2";"1";"1";"6";"CHAPIT RE ( RUE DU)";"49,01088623";"2,56716998"
"202400016301";"26";"12";"2024";"08:15";"1";"974";"97422";"1";"1";"1";"7";"Nationale 3";" -21,17190600";"55,58534900"
"202400016302";"3";"08";"2024";"19:23";"1";"62";"62148";"2";"1";"1";"6";"D919";"50,37935300";"2,90504700"
"202400016303";"1";"02";"2024";"00:02";"5";"13";"13208";"2";"1";"1";"1";"pointe rouge (ave)";"43,24883000";"5,37507000"
"202400016304";"6";"09";"2024";"21:00";"5";"93";"93032";"2";"3";"1";"3";"PAUL VAILLANT COUTURIER (RUE)";"48,87692100";"2,54907846"
"202400016305";"26";"12";"2024";"08:05";"3";"76";"76584";"1";"1";"5";"5";"A28";"49,74746385";"1,47726582"
"202400016306";"31";"01";"2024";"12:40";"1";"13";"13209";"2";"1";"1";"3";"MAZARGUES (AVENUE DE)";"43,25524000";"5,39415000"
"202400016307";"9";"09";"2024";"12:15";"1";"93";"93010";"2";"1";"2";"6";"AULNAY (ROUTE) COTE PAIRE DE 2 A FIN";"48,90639892";"2,48029518"
"202400016308";"20";"12";"2024";"04:45";"3";"62";"62856";"1";"1";"2";"6";"Rue de Guestreville";"50,36978000";"2,52666200"
"202400016309";"2";"08";"2024";"17:32";"1";"13";"13106";"1";"1";"1";"2";"A51-Sens Aix en Provence vers Marseille";"43,40243132";"5,35596718"
"202400016310";"31";"01";"2024";"08:05";"2";"13";"13005";"2";"1";"1";"2";"GEMENOS (ROUTE DE CD2)";"43,28753000";"5,53021000"
"202400016311";"25";"12";"2024";"21:10";"3";"77";"77065";"1";"1";"2";"1";"D372";"48,45189100";"2,50943200"
"202400016312";"2";"08";"2024";"12:20";"1";"69";"69199";"1";"1";"1";"3";"Boulevard Périphérique Laurent Bonnevay";"45,71559000";"4,84368000"
"202400016313";"31";"01";"2024";"05:25";"3";"13";"13005";"2";"1";"1";"7";"AUMONE (TRAVERSE DE L')";"43,28934000";"5,53039000"
"202400016314";"9";"09";"2024";"13:00";"1";"92";"92073";"2";"3";"2";"3";"VERDUN (RUE DE)";"48,87322823";"2,22952690"
"202400016315";"26";"12";"2024";"12:20";"1";"79";"79174";"2";"1";"1";"3";"N/A";"46,22177300";" -0,14273100"
"202400016316";"31";"01";"2024";"14:00";"1";"04";"04112";"2";"1";"1";"1";"VOLTA (CHEMIN ALESSANDRO)";"43,81486000";"5,79749000"
"202400016317";"2";"08";"2024";"23:45";"4";"69";"69272";"1";"1";"1";"6";"Autoroute 46";"45,59731453";"4,85240432"
"202400016318";"31";"01";"2024";"19:00";"5";"75";"75119";"2";"4";"1";"7";"ECHANGEUR PRE SAINT GERVAIS";"48,88227808";"2,40105897"
"202400016319";"25";"12";"2024";"18:25";"3";"80";"80294";"1";"1";"2";"6";"D1017";"49,88878700";"2,91389800"
"202400016320";"9";"09";"2024";"08:55";"1";"92";"92036";"2";"2";"1";"2";"GRESILLONS (QUAI DES)";"48,92117296";"2,32501692"
"202400016321";"3";"08";"2024";"17:50";"1";"91";"91161";"1";"1";"1";"7";"AUTOROUTE A6";"48,71384000";"2,30903000"
"202400016322";"26";"12";"2024";"17:57";"5";"80";"80354";"2";"2";"1";"6";"28 Rue Principale";"49,98339700";"1,76729800"
"202400016323";"3";"08";"2024";"17:20";"1";"91";"91659";"1";"1";"1";"7";"AUTOROUTE A6";"48,58273001";"2,45713949"
"202400016324";"30";"01";"2024";"09:08";"1";"75";"75108";"2";"7";"1";"3";"PLACE DU CANADA";"48,86508300";"2,31034100"
"202400016325";"8";"09";"2024";"21:05";"5";"92";"92035";"2";"2";"2";"3";"Verdun 1916 ( avenue de )";"48,90491346";"2,23366204"
"202400016326";"25";"12";"2024";"18:00";"3";"32";"32132";"1";"1";"9";"1";"239 route de jegun";"43,82096600";"0,63677800"
"202400016327";"3";"08";"2024";"13:40";"1";"92";"92002";"1";"1";"1";"2";"AUTOROUTE A86";"48,76034112";"2,28180753"
"202400016328";"9";"09";"2024";"10:00";"1";"92";"92012";"2";"1";"2";"7";"PONT DE BILLANCOURT (PLACE DU)";"48,82537000";"2,24836000"
"202400016329";"31";"01";"2024";"02:00";"5";"75";"75111";"2";"3";"1";"3";"BOULEVARD DES FILLES DU CALVAIRE";"48,86137500";"2,36715000"
"202400016330";"3";"08";"2024";"14:54";"1";"78";"78640";"1";"1";"1";"4";"A86 EXT";"48,77833300";"2,20956300"
"202400016331";"26";"12";"2024";"06:05";"3";"49";"49323";"1";"1";"2";"3";"Route Départementale N°323 de Nantes à Paris (Saint-Sylvain-d'Anjou)";"47,52004100";" -0,44903400"
"202400016332";"9";"09";"2024";"18:20";"1";"92";"92002";"2";"1";"8";"3";"DIVISION LECLERC (1 A 29 -2 A 34)";"48,75199127";"2,30460137"
"202400016333";"3";"08";"2024";"07:15";"1";"78";"78545";"1";"9";"8";"7";"A12 Y";"48,81727800";"2,06414100"
"202400016334";"29";"01";"2024";"20:38";"5";"75";"75117";"2";"2";"1";"6";"BOULEVARD BESSIERES";"48,89761400";"2,32415700"
"202400016335";"26";"12";"2024";"08:44";"2";"12";"12270";"2";"1";"7";"6";"Avenue du Général de Gaulle";"44,32244000";"3,06429500"
"202400016336";"9";"09";"2024";"04:05";"3";"01";"01235";"1";"1";"2";"1";"D1083";"46,04737300";"5,07046500"
"202400016337";"2";"08";"2024";"13:50";"1";"92";"92025";"1";"1";"1";"2";"A86";"48,92912436";"2,24069854"
"202400016338";"25";"12";"2024";"18:00";"3";"41";"41059";"1";"1";"2";"1";"rd 956";"47,42274500";"1,44859700"
"202400016339";"30";"01";"2024";"08:30";"2";"75";"75115";"2";"1";"1";"2";"BOULEVARD PASTEUR";"48,84463700";"2,31174100"
"202400016340";"9";"09";"2024";"12:10";"1";"73";"73245";"1";"1";"2";"3";"D1504 Route du tunnel";"45,69344800";"5,83031200"
"202400016341";"26";"12";"2024";"13:15";"1";"34";"34139";"1";"1";"1";"1";"D909";"43,41777400";"3,22708400"
"202400016342";"31";"01";"2024";"18:30";"5";"75";"75112";"2";"1";"1";"6";"BOULEVARD DE PICPUS";"48,84265412";"2,40120426"
"202400016343";"2";"08";"2024";"01:10";"3";"78";"78571";"1";"1";"1";"2";"A13";"48,86732800";"2,03336300"
"202400016344";"10";"09";"2024";"11:40";"1";"43";"43080";"2";"7";"1";"3";"Rue Saint-roch";"45,32830000";"3,84574100"
"202400016345";"31";"01";"2024";"08:05";"2";"75";"75109";"2";"3";"1";"7";"RUE LA FAYETTE";"48,87510200";"2,34098400"
"202400016346";"3";"08";"2024";"07:10";"1";"93";"93001";"1";"1";"1";"2";"AUTOROUTE A86";"48,92107051";"2,37460256"
"202400016347";"25";"12";"2024";"07:45";"2";"68";"68155";"2";"1";"1";"7";"18 Route d'Eguisheim";"48,09159600";"7,30744800"
"202400016348";"10";"09";"2024";"08:30";"1";"57";"57479";"1";"1";"1";"1";"D956";"49,41636500";"6,38121900"
"202400016349";"30";"01";"2024";"23:25";"5";"75";"75109";"2";"3";"1";"6";"BOULEVARD HAUSSMANN";"48,87378833";"2,32702902"
"202400016350";"3";"08";"2024";"00:30";"3";"95";"95527";"1";"1";"1";"2";"A3";"48,98653821";"2,50540597"
"202400016351";"26";"12";"2024";"12:19";"1";"39";"39285";"1";"1";"1";"1";"N/A";"47,14738200";"5,64370600"
"202400016352";"31";"01";"2024";"15:35";"1";"75";"75102";"2";"3";"1";"6";"BOULEVARD DE BONNE NOUVELLE";"48,87005492";"2,35095084"
"202400016353";"19";"12";"2024";"18:30";"5";"44";"44052";"1";"1";"2";"1";"39 Route de Crossac";"47,37367300";" -2,12586500"
"202400016354";"2";"08";"2024";"21:45";"5";"93";"93066";"2";"9";"1";"4";"AUTOROUTE A1";"48,91623043";"2,35752085"
"202400016355";"7";"09";"2024";"16:35";"1";"972";"97214";"1";"1";"1";"3";"N1";"14,84397100";" -61,08326800"
"202400016356";"31";"01";"2024";"13:10";"1";"75";"75102";"2";"3";"1";"3";"BOULEVARD DE BONNE NOUVELLE";"48,87042100";"2,34910300"
"202400016357";"7";"09";"2024";"09:10";"1";"972";"97227";"1";"1";"3";"3";"Quartier Bellay";"14,49282600";" -60,92435000"
"202400016358";"24";"12";"2024";"19:00";"3";"29";"29196";"1";"1";"5";"1";"Traon Ivern";"48,52017111";" -4,59276722"
"202400016359";"3";"08";"2024";"12:30";"1";"94";"94033";"1";"1";"1";"5";"A86";"48,85116637";"2,49060216"
"202400016360";"25";"12";"2024";"17:50";"3";"31";"31399";"2";"1";"2";"7";"Route de Mauzac";"43,37033400";"1,27864400"
"202400016361";"9";"09";"2024";"11:30";"1";"21";"21214";"1";"1";"3";"6";"Autoroute A6, PK 278+100";"47,17523100";"4,68840700"
"202400016362";"31";"01";"2024";"08:10";"1";"94";"94078";"2";"3";"1";"3";"Rue de Paris / Av de l’Appel du 18 Juin 1940";"48,75503900";"2,44439600"
"202400016363";"24";"12";"2024";"14:50";"1";"14";"14326";"1";"1";"2";"6";"3747 Route de Cormeilles";"49,17063700";"0,29651600"
"202400016364";"2";"08";"2024";"21:45";"5";"988";"98818";"2";"4";"2";"6";"AVENUE DU GENERAL DE GAULLE/RUE DE SEBASTOPOL";" -22,28005000";"166,44387000"
"202400016365";"10";"09";"2024";"17:45";"1";"83";"83036";"2";"1";"1";"3";"Avenue de Saint-raphaël";"43,18496500";"6,54486900"
"202400016366";"31";"01";"2024";"00:05";"5";"94";"94077";"2";"1";"1";"7";"Pont de Villeneuve-Le-Roi";"48,72840000";"2,44129000"
"202400016367";"25";"12";"2024";"11:45";"1";"60";"60471";"1";"2";"8";"6";"D932";"49,60150085";"3,01150274"
"202400016368";"2";"08";"2024";"15:00";"1";"973";"97302";"2";"3";"1";"3";"ESTREES (AVENUE D')";"4,94073000";" -52,32368000"
"202400016369";"10";"09";"2024";"13:20";"1";"62";"62506";"2";"1";"2";"6";"D191";"50,78145674";"1,94297232"
"202400016370";"30";"01";"2024";"18:40";"5";"94";"94068";"2";"3";"1";"2";"Avenue Foch / Rue de la Réunion";"48,80194446";"2,49294645"