"Num_Acc";"jour";"mois";"an";"hrmn";"lum";"dep";"com";"agg";"int";"atm";"col";"adr";"lat";"long"
"202400016371";"26";"12";"2024";"12:15";"1";"64";"64443";"1";"1";"1";"7";"Route de Pardies";"43,35361200";" -0,58261900"
"202400016372";"10";"09";"2024";"08:55";"1";"06";"06064";"2";"1";"1";"1";"1326 Chemin de Provence";"43,75729400";"7,18286500"
"202400016373";"2";"08";"2024";"20:00";"1";"69";"69387";"2";"1";"1";"6";"Route de Vienne";"45,74370377";"4,85021660"
"202400016374";"23";"12";"2024";"17:18";"2";"43";"43112";"2";"1";"2";"7";"Avenue de la Margeride";"45,09017154";"3,49542395"
"202400016375";"31";"01";"2024";"09:45";"1";"94";"94042";"2";"1";"1";"2";"Avenue du Général Galliéni";"48,82020000";"2,46832000"
"202400016376";"5";"09";"2024";"11:10";"1";"14";"14389";"1";"1";"2";"4";"A84";"49,06388500";" -0,68424200"
"202400016377";"2";"08";"2024";"09:30";"1";"69";"69383";"2";"1";"1";"6";"Rue de l'Est";"45,75277000";"4,87846000"
"202400016378";"19";"12";"2024";"18:30";"5";"21";"21425";"2";"4";"2";"6";"Route de Dijon";"47,62502900";"4,34217700"
"202400016379";"31";"01";"2024";"19:30";"5";"94";"94016";"2";"2";"1";"6";"Rue d'Alsace / Avenue Paul Vaillant-Couturier";"48,79016000";"2,32267000"
"202400016380";"2";"08";"2024";"15:14";"1";"972";"97209";"2";"1";"1";"6";"RD 41 (ROCADE)";"14,61436000";" -61,05029000"
"202400016381";"10";"09";"2024";"03:45";"5";"14";"14061";"1";"1";"1";"6";"A84";"49,02866400";" -0,82856700"
"202400016382";"24";"12";"2024";"18:30";"3";"24";"24490";"1";"3";"1";"3";"Route Beausoleil (Festalemps)";"45,23985900";"0,24363200"
"202400016383";"10";"09";"2024";"16:56";"1";"12";"12145";"1";"1";"1";"2";"A75 PK 213+880";"44,14909500";"3,01718500"
"202400016384";"2";"08";"2024";"14:09";"1";"972";"97209";"2";"3";"1";"3";"RELIGIEUSES (ROUTE DES)";"14,61567000";" -61,05828000"
"202400016385";"24";"12";"2024";"22:00";"3";"85";"85210";"1";"1";"2";"6";"RD978";"46,82108400";" -1,61541400"
"202400016386";"2";"08";"2024";"19:00";"1";"69";"69081";"2";"1";"3";"7";"06 Chemin Jean-Marie Vianney";"45,78729000";"4,78309000"
"202400016387";"31";"01";"2024";"02:30";"5";"94";"94081";"2";"2";"1";"3";"Avenue de la Commune de Paris / Rue de la Petite Saussaie / Avenue Lucien Français";"48,78504000";"2,38842000"
"202400016388";"10";"09";"2024";"03:05";"3";"35";"35024";"1";"1";"1";"7";"D175";"48,18023100";" -1,62489300"
"202400016389";"25";"12";"2024";"21:18";"3";"08";"08264";"1";"1";"1";"6";"D980";"49,36252600";"4,51861000"
"202400016390";"2";"08";"2024";"12:39";"1";100;100033";"2";"1";"1";"3";"TOUTES RUES";"42,70260000";"9,45210000"
"202400016391";"25";"12";"2024";"19:50";"3";"08";"08185";"1";"1";"2";"6";"D988";"49,98125400";"4,66815900"
"202400016392";"4";"01";"2024";"17:20";"5";"94";"94073";"2";"3";"1";"3";"Avenue de Versailles / Avenue Georges Halgoult";"48,76030000";"2,39952000"
"202400016393";"9";"09";"2024";"15:05";"1";"76";"76361";"1";"1";"2";"3";"605 Route d'Etretat";"49,61553800";"0,15665200"
"202400016394";"1";"08";"2024";"21:00";"5";"971";"97101";"2";"1";"1";"5";"ROUTE DE CHAZEAU";"16,28952000";" -61,48063000"
"202400016395";"10";"09";"2024";"21:00";"3";100;100273";"1";"1";"1";"6";"D506";"42,42828300";"9,41681700"
"202400016396";"31";"01";"2024";"13:30";"1";"93";"93064";"2";"7";"1";"6";"Place Carnot";"48,87341300";"2,48250700"
"202400016397";"1";"08";"2024";"18:20";"1";"971";"97101";"1";"9";"1";"6";"Pont de BLANCHARD";"16,22599000";" -61,52413000"
"202400016398";"9";"09";"2024";"16:05";"1";"65";"65169";"2";"1";"1";"6";"8 route du lac";"42,93732300";" -0,17839900"
"202400016399";"31";"01";"2024";"17:55";"5";"92";"92078";"2";"2";"1";"3";"BONGARDE (RUE)";"48,92492818";"2,32543766"
"202400016400";"2";"08";"2024";"19:15";"2";101;101004";"2";"1";"1";"6";"MARECHAL LYAUTEY AVENUE PAIR";"41,93846000";"8,74520000"
"202400016401";"25";"12";"2024";"16:20";"1";"987";"98715";"2";"1";"1";"3";"PK 4 en face de la mairie de Faaa";" -17,55313200";" -149,59977100"
"202400016402";"9";"09";"2024";"18:40";"1";"47";"47252";"1";"1";"1";"6";"D911l";"44,39407100";"0,57653500"
"202400016403";"26";"12";"2024";"00:06";"3";"49";"49223";"1";"1";"2";"6";"A87";"47,38299704";" -0,55739838"
"202400016404";"2";"08";"2024";"11:08";"1";101;101004";"2";"1";"1";"3";"PRINCE IMPERIAL COURS";"41,93402000";"8,75031000"
"202400016405";"31";"01";"2024";"08:30";"1";"92";"92078";"2";"2";"1";"2";"GALLIENI (BD) (1 A 79 ET 22 A 102)";"48,92493558";"2,32543766"
"202400016406";"3";"08";"2024";"01:40";"3";"91";"91228";"2";"1";"1";"7";"RN7";"48,61934000";"2,45231000"
"202400016407";"10";"09";"2024";"10:30";"1";"41";"41186";"1";"3";"1";"3";"D36";"47,85693100";"1,04277300"
"202400016408";"31";"01";"2024";"10:40";"1";"92";"92062";"2";"1";"1";"6";"FUSILLES DE LA RESISTANCES (RUE DES) N°1";"48,88351193";"2,22474396"
"202400016409";"2";"08";"2024";"02:50";"3";"91";"91223";"1";"1";"1";"7";"R.D.20";"48,40908000";"2,12566000"
"202400016410";"31";"08";"2024";"01:30";"5";"29";"29189";"2";"1";"1";"6";"rue du Père Gwenaël";"48,38161600";" -4,36234900"
"202400016411";"2";"08";"2024";"09:23";"1";"87";"87085";"2";"3";"1";"3";"DUTREIX (RUE ARMAND)";"45,83165000";"1,23566000"
"202400016412";"22";"12";"2024";"14:50";"1";"14";"14198";"1";"1";"6";"2";"A13";"49,24899700";"0,01279600"
"202400016413";"31";"01";"2024";"20:39";"5";"92";"92024";"2";"2";"1";"6";"FOURNIER (RUE)";"48,90423539";"2,29930159"
"202400016414";"8";"09";"2024";"10:52";"1";"25";"25367";"2";"2";"1";"3";"43 Rue de Beaulieu";"47,44460800";"6,81658500"
"202400016415";"1";"08";"2024";"15:08";"1";"87";"87075";"1";"1";"1";"1";"RN 21";"45,78443000";"1,19110000"
"202400016416";"8";"09";"2024";"17:30";"1";"44";"44175";"2";"1";"2";"6";"201 Le Cruttier";"47,35566800";" -2,34002300"
"202400016417";"30";"07";"2024";"17:00";"1";"84";"84007";"2";"1";"1";"3";"PIERRE SEMARD (avenue)";"43,93628000";"4,82795000"
"202400016418";"26";"12";"2024";"11:33";"1";"69";"69013";"1";"1";"1";"4";"Autoroute 6";"46,01120004";"4,72966685"
"202400016419";"31";"01";"2024";"19:40";"4";"92";"92004";"2";"1";"1";"6";"NORMANDIE  ( RUE DE )";"48,90621651";"2,28487480"
"202400016420";"26";"12";"2024";"09:15";"1";"972";"97230";"1";"1";"1";"1";"Route de la Caravelle (rd2)";"14,75668600";" -60,92999300"
"202400016421";"9";"09";"2024";"12:20";"1";"44";"44131";"1";"1";"1";"4";"Route Bleue";"47,12428600";" -2,10421400"
"202400016422";"1";"08";"2024";"15:20";"1";"84";"84007";"2";"3";"1";"3";"JEAN BOCCACE (AVENUE)";"43,94800000";"4,82900000"
"202400016423";"1";"02";"2024";"14:30";"1";"95";"95487";"1";"1";"1";"3";"D301";"49,14847383";"2,24858165"
"202400016424";"8";"09";"2024";"01:38";"5";"29";"29163";"2";"2";"2";"6";"79 Rue de la République";"48,50370400";" -3,87478700"
"202400016425";"30";"07";"2024";"15:15";"1";"83";"83126";"2";"2";"1";"3";"CORSE RESISTANTE (BD DE LA)";"43,09883140";"5,89795853"
"202400016426";"25";"12";"2024";"17:38";"3";"45";"45324";"1";"3";"1";"6";"D951 PR 61 + 651";"47,79429700";"2,21454000"
"202400016427";"1";"02";"2024";"02:10";"3";"972";"97221";"1";"1";"1";"6";"route nationale 8";"14,54086300";" -60,95146200"
"202400016428";"10";"09";"2024";"17:35";"1";"15";"15187";"2";"6";"1";"3";"24 Avenue Léon Bélard";"45,04131300";"3,08614200"
"202400016429";"26";"12";"2024";"17:00";"2";"77";"77315";"2";"1";"1";"7";"2 Avenue du Marechal Foch";"48,88516800";"2,83502500"
"202400016430";"31";"01";"2024";"14:30";"1";"972";"97227";"1";"1";"1";"3";"ROUTE NATIONALE 5";"14,46866400";" -60,93609800"
"202400016431";"7";"08";"2024";"09:15";"1";"26";"26278";"1";"1";"1";"7";"route du poët";"44,26975000";"5,33631900"
"202400016432";"2";"08";"2024";"20:00";"1";"80";"80379";"1";"1";"1";"5";"D1029";"49,86805700";"2,37667900"
"202400016433";"25";"12";"2024";"23:30";"3";"13";"13089";"1";"1";"1";"6";"D29";"43,83396200";"4,95069500"
"202400016434";"2";"08";"2024";"12:40";"1";"80";"80724";"2";"1";"1";"3";"Rue Roger Salengro";"49,85992000";"2,23174000"
"202400016435";"29";"01";"2024";"18:55";"3";"69";"69260";"2";"3";"1";"1";"152 Rue de la Fée des Eaux";"45,65089600";"4,79988300"
"202400016436";"8";"09";"2024";"05:30";"4";"18";"18101";"2";"3";"5";"7";"9 Route de Sancoins";"46,91588000";"2,89618500"
"202400016437";"23";"12";"2024";"09:50";"1";"13";"13105";"1";"3";"1";"3";"D569";"43,74664600";"5,04581500"
"202400016438";"31";"01";"2024";"17:45";"3";"62";"62452";"1";"1";"1";"7";"D77";"50,68797600";"2,27374100"
"202400016439";"10";"09";"2024";"08:27";"1";"36";"36003";"1";"1";"1";"6";"N/A";"46,77139975";"1,95659053"
"202400016440";"31";"07";"2024";"11:35";"1";"80";"80021";"2";"1";"1";"3";"LOUIS BLANC (AVENUE)";"49,90200000";"2,27200000"
"202400016441";"24";"12";"2024";"04:45";"3";"33";"33227";"1";"9";"2";"6";"Route Nationale 524";"44,52827900";" -0,24087300"
"202400016442";"2";"08";"2024";"22:50";"3";"78";"78586";"1";"1";"1";"7";"RD 1021";"48,92338300";"2,16040000"
"202400016443";"21";"12";"2024";"22:42";"5";"29";"29103";"2";"1";"2";"6";"22 quai de Léon";"48,44983400";" -4,25114600"
"202400016444";"9";"09";"2024";"07:48";"1";"07";"07294";"1";"1";"1";"1";"D255";"44,27733200";"4,23945700"
"202400016445";"31";"01";"2024";"15:40";"1";"57";"57235";"1";"1";"8";"1";"D918";"49,29161566";"6,47988877"
"202400016446";"25";"12";"2024";"16:24";"1";"22";"22343";"2";"4";"5";"6";"114 Rue des Plages";"48,76989800";" -3,57620000"
"202400016447";"10";"09";"2024";"10:25";"1";"53";"53097";"1";"1";"8";"2";"route départementale 07";"48,12745100";" -0,37927600"
"202400016448";"2";"08";"2024";"13:20";"1";"78";"78621";"2";"2";"1";"2";"HENNEQUIN (AVENUE ROGER)";"48,76410000";"1,98590000"
"202400016449";"1";"02";"2024";"07:45";"3";"56";"56096";"1";"2";"8";"3";"Kergano";"47,73972000";" -3,07078000"
"202400016450";"24";"12";"2024";"19:24";"3";"60";"60047";"2";"1";"2";"1";"D330a";"49,17302000";"2,72527500"
"202400016451";"6";"09";"2024";"17:55";"1";"04";"04097";"1";"1";"1";"6";"D900";"44,17849200";"6,35600900"
"202400016452";"2";"08";"2024";"04:57";"3";"77";"77067";"1";"1";"2";"2";"RD 306";"48,59073900";"2,59987600"
"202400016453";"25";"01";"2024";"18:25";"3";"76";"76685";"1";"3";"1";"5";"9 route de sassetot";"49,76369600";"0,51917900"
"202400016454";"9";"09";"2024";"11:55";"1";"17";"17218";"2";"1";"1";"3";"D114";"46,30094700";" -0,98181700"
"202400016455";"2";"08";"2024";"23:40";"5";"72";"72181";"2";"2";"1";"3";"PASTEUR (RUE)";"48,00407000";"0,19268000"
"202400016456";"30";"01";"2024";"11:40";"1";"47";"47310";"2";"2";"1";"6";"cours de verdun";"44,39214600";"0,30575600"
"202400016457";"1";"08";"2024";"13:45";"1";"72";"72181";"2";"1";"7";"1";"PREMARTINE DE SAVORGNAN A LIMITE CIRCO";"48,01053000";"0,22525000"
"202400016458";"3";"09";"2024";"13:10";"1";"37";"37050";"2";"2";"1";"1";"72 Avenue de la République";"47,34314672";"0,71704298"
"202400016459";"1";"02";"2024";"05:47";"3";"47";"47140";"1";"1";"5";"6";"D13";"44,30310020";"0,58290434"
"202400016460";"2";"08";"2024";"12:05";"1";"71";"71306";"2";"2";"1";"3";"ALOUETTES (AVENUE DES)";"46,68230000";"4,36206000"
"202400016461";"26";"01";"2024";"07:00";"5";"68";"68004";"2";"1";"1";"3";"Av du 8e Regiment de Hussards";"47,62434900";"7,23108300"
"202400016462";"10";"09";"2024";"16:40";"1";"30";"30021";"1";"1";"1";"7";"D120";"44,00481900";"4,31220900"
"202400016463";"1";"08";"2024";"18:20";"1";"71";"71105";"2";"1";"7";"3";"DAVAYE (ROUTE DE)";"46,30246000";"4,79512000"
"202400016464";"1";"02";"2024";"18:15";"5";"25";"25578";"2";"4";"3";"6";"Av du Gal Pierre Marie Burnez";"47,15247081";"6,33746982"
"202400016465";"9";"09";"2024";"21:55";"3";"13";"13080";"1";"2";"1";"3";"D561";"43,65593000";"5,46914500"
"202400016466";"31";"07";"2024";"17:57";"1";"71";"71270";"2";"1";"1";"7";"LUMIERE (RUE DES FRERES)";"46,28840119";"4,81694162"
"202400016467";"27";"01";"2024";"15:30";"1";"38";"38229";"2";"1";"1";"6";"27 Avenue du Vercors";"45,20639700";"5,77307200"
"202400016468";"2";"08";"2024";"13:30";"1";"71";"71076";"2";"2";"1";"3";"SENTIERS (RUE )";"46,79742887";"4,85503167"
"202400016469";"10";"09";"2024";"08:25";"1";"91";"91579";"1";"1";"1";"3";"Route départementale 31";"48,55042500";"2,34618700"
"202400016470";"31";"01";"2024";"16:35";"1";"38";"38386";"1";"3";"1";"3";"D28";"45,45145300";"5,65702000"
"202400016471";"2";"08";"2024";"13:00";"1";"71";"71118";"2";"9";"1";"3";"PONT DE PIERRE (RUE DU)";"46,79247000";"4,82858000"
"202400016472";"10";"09";"2024";"17:50";"1";"66";"66213";"2";"9";"1";"3";"Boulevard de Clairfont";"42,66322800";"2,83340000"
"202400016473";"19";"07";"2024";"18:10";"1";"69";"69290";"2";"1";"1";"6";"Route de Grenoble";"45,71487000";"4,96425000"
"202400016474";"31";"01";"2024";"15:40";"1";"01";"01352";"1";"2";"1";"3";"route de béréziat";"46,38755700";"5,01870300"
"202400016475";"10";"09";"2024";"12:05";"1";"27";"27701";"1";"1";"1";"2";"A13";"49,23713100";"1,19987500"
"202400016476";"2";"08";"2024";"14:08";"1";"67";"67482";"2";"1";"1";"6";"LOUISE MICHEL (RUE)";"48,58406000";"7,70863000"
"202400016477";"1";"02";"2024";"05:50";"3";"26";"26166";"2";"1";"1";"3";"boulevard frederic mistral";"44,76051600";"4,83659700"
"202400016478";"9";"09";"2024";"17:30";"1";"45";"45121";"1";"1";"2";"6";"D93 PR 24 + 659";"47,79116900";"2,84927300"
"202400016479";"2";"08";"2024";"13:10";"1";"67";"67482";"2";"1";"3";"7";"BISCHWILLER (ROUTE DE)";"48,59689100";"7,74172600"
"202400016480";"21";"01";"2024";"15:45";"1";"83";"83102";"1";"1";"1";"7";"RD9 PK10+000";"43,68118800";"6,15811600"
"202400016481";"7";"09";"2024";"14:20";"1";"95";"95012";"1";"1";"1";"6";"D37";"49,10599259";"1,64154640"
"202400016482";"31";"01";"2024";"16:20";"1";"64";"64411";"1";"1";"1";"7";"D918";"43,20645100";" -0,97390500"
"202400016483";"2";"08";"2024";"11:50";"1";"66";"66136";"2";"1";"1";"2";"Boulevard de la France Libre";"42,70572000";"2,90241000"
"202400016484";"4";"09";"2024";"21:00";"3";"34";"34154";"1";"9";"2";"6";"Intersection D66/D189";"43,59578900";"3,94033100"
"202400016485";"31";"01";"2024";"16:57";"1";"16";"16251";"1";"1";"1";"6";"D127";"45,36737300";" -0,13574100"
"202400016486";"1";"08";"2024";"11:50";"1";"64";"64348";"2";"1";"1";"2";"EUROPE DE L'";"43,32183000";" -0,39084000"
"202400016487";"2";"08";"2024";"18:15";"1";"62";"62774";"2";"9";"1";"7";"RD940";"50,95094302";"1,77119724"
"202400016488";"6";"09";"2024";"03:25";"3";"13";"13085";"1";"3";"1";"2";"D1";"43,24873100";"5,60232500"
"202400016489";"31";"01";"2024";"20:00";"3";"85";"85096";"1";"1";"1";"6";"RD 90";"46,92029200";" -1,79246700"
"202400016490";"23";"08";"2024";"00:15";"3";"67";"67282";"2";"1";"1";"7";"Rue du Moulin";"48,61907000";"7,48381900"
"202400016491";"1";"08";"2024";"16:45";"1";"62";"62894";"1";"1";"1";"1";"D96E1";"50,74307767";"1,61195773"
"202400016492";"31";"01";"2024";"08:00";"2";"85";"85025";"1";"1";"1";"2";"D62";"46,97126100";" -1,20603380"
"202400016493";"27";"06";"2024";"23:10";"5";"59";"59392";"2";"7";"1";"6";"VERTE (PLACE)";"50,27710000";"3,97403000"
"202400016494";"10";"09";"2024";"08:25";"1";"42";"42261";"2";"1";"1";"3";"Route de Lyon";"45,72129700";"4,35044100"
"202400016495";"2";"08";"2024";"19:09";"1";"56";"56164";"2";"9";"1";"3";"Rue du Docteur Léonce Franco";"47,66254000";" -2,79650000"
"202400016496";"31";"01";"2024";"16:20";"1";"27";"27032";"1";"2";"7";"3";"CD33";"48,87913900";"1,12436100"
"202400016497";"10";"09";"2024";"09:10";"1";"42";"42328";"1";"4";"1";"3";"Route de Drutel";"45,56944200";"4,01749300"
"202400016498";"3";"08";"2024";"00:25";"3";"50";"50502";"2";"1";"1";"3";"POTERNE";"49,11571000";" -1,09797000"
"202400016499";"31";"01";"2024";"17:30";"1";"28";"28401";"1";"2";"7";"3";"D920";"48,47059500";"0,97169500"
"202400016500";"8";"09";"2024";"17:50";"1";"69";"69228";"2";"1";"2";"1";"Route de Saint-Didier";"45,58475000";"4,62614300"
"202400016501";"1";"02";"2024";"13:00";"1";"23";"23113";"1";"1";"2";"7";"Fougerolle";"46,00158200";"2,36961400"
"202400016502";"2";"08";"2024";"11:20";"1";"50";"50147";"2";"3";"1";"3";"ECLUSE CHETTE";"49,05319100";" -1,44433930"
"202400016503";"2";"08";"2024";"18:50";"1";"49";"49007";"2";"1";"1";"6";"DUVERNAY RICHARD";"47,47982000";" -0,52674000"
"202400016504";"1";"02";"2024";"10:35";"1";"30";"30310";"1";"1";"1";"3";"D907";"44,12631900";"3,76328900"
"202400016505";"1";"02";"2024";"12:00";"1";"30";"30227";"1";"1";"1";"1";"Route d'Uzès Prolongée";"44,24378500";"4,19669200"
"202400016506";"31";"01";"2024";"09:15";"1";"33";"33498";"1";"1";"1";"3";"A63";"44,60104100";" -0,84723500"
"202400016507";"2";"08";"2024";"11:40";"1";"35";"35238";"2";"2";"1";"3";"LORIENT (DE)";"48,10713985";" -1,72382087"
"202400016508";"1";"02";"2024";"17:23";"2";"57";"57144";"1";"1";"7";"4";"a320 pk 2+450";"49,15180500";"6,83732600"
"202400016509";"1";"08";"2024";"22:50";"5";"35";"35238";"2";"5";"1";"3";"FREVILLE (AVENUE HENRI)";"48,08670000";" -1,67430000"
"202400016510";"31";"01";"2024";"16:30";"1";"14";"14016";"1";"1";"1";"7";"A13";"49,24960100";"0,06370200"
"202400016511";"1";"08";"2024";"12:00";"1";"35";"35238";"2";"6";"1";"3";"BIGNON (DU)";"48,09707000";" -1,62981000"
"202400016512";"2";"08";"2024";"09:50";"1";"34";"34108";"2";"1";"1";"3";"MOULIN JEAN (AVENUE)";"43,44785000";"3,74543000"
"202400016513";"31";"01";"2024";"20:25";"3";"13";"13032";"1";"1";"1";"1";"d18";"43,55741200";"5,36244400"
"202400016514";"2";"08";"2024";"10:10";"1";"34";"34301";"2";"1";"1";"6";"BLANC CAMILLE (BOULEVARD)";"43,40920000";"3,67276000"
"202400016515";"31";"01";"2024";"14:20";"1";"971";"97128";"1";"1";"1";"7";"Surgy";"16,25647600";" -61,34941600"
"202400016516";"1";"02";"2024";"12:00";"1";"971";"97118";"1";"1";"1";"2";"nationale 1";"16,23321700";" -61,59038500"
"202400016517";"2";"08";"2024";"21:45";"5";"34";"34172";"2";"1";"2";"2";"RIMBAUD (RUE PAUL)";"43,61804000";"3,84387000"
"202400016518";"31";"01";"2024";"21:30";"3";"77";"77005";"1";"1";"1";"6";"D418";"48,93644200";"2,70501900"
"202400016519";"1";"02";"2024";"01:26";"3";"66";"66190";"1";"6";"1";"6";"N/A";"42,80946486";"2,91250885"
"202400016520";"1";"08";"2024";"00:27";"5";"34";"34172";"2";"2";"1";"1";"JUSTICE DE CASTELNAU (AVENUE DE LA)";"43,63741000";"3,82261000"
"202400016521";"3";"08";"2024";"00:30";"5";"33";"33063";"2";"1";"1";"3";"N/A";"44,85038000";" -0,57475000"
"202400016522";"31";"01";"2024";"10:10";"1";"34";"34154";"1";"3";"5";"3";"D172";"43,60398200";"3,99832100"
"202400016523";"1";"08";"2024";"10:00";"1";"33";"33119";"2";"1";"1";"3";"N/A";"44,85517000";" -0,53427000"
"202400016524";"1";"08";"2024";"09:55";"1";"32";"32013";"2";"1";"8";"1";"DUGOMMIER (RUE)";"43,65487000";"0,58601000"
"202400016525";"1";"02";"2024";"05:50";"3";"67";"67125";"1";"2";"1";"3";"D1422";"48,34584600";"7,46027500"
"202400016526";"2";"08";"2024";"03:30";"5";"30";"30007";"2";"1";"1";"6";"SPORTS (CHEMIN DES)";"44,11617000";"4,09139000"
"202400016527";"2";"08";"2024";"19:00";"1";"29";"29254";"1";"9";"1";"2";"N/A";"48,57851064";" -3,86133046"
"202400016528";"1";"02";"2024";"05:40";"3";"57";"57620";"1";"3";"2";"3";"D181 a";"49,19595200";"5,98898600"
"202400016529";"1";"08";"2024";"10:10";"1";"29";"29039";"2";"1";"1";"6";"Rue de Lanriec";"47,86979200";" -3,89487800"
"202400016530";"1";"02";"2024";"10:00";"1";"73";"73215";"1";"1";"1";"2";"D207 - ""au jay""";"45,45447500";"6,12464200"
"202400016531";"1";"08";"2024";"17:30";"1";"29";"29019";"2";"1";"1";"2";"D112";"48,42257538";" -4,47700816"
"202400016532";"1";"02";"2024";"11:25";"1";"69";"69074";"1";"1";"1";"6";"170 Route de Rivolet";"45,99448000";"4,67750900"
"202400016533";"29";"01";"2024";"01:30";"3";"29";"29094";"1";"1";"1";"7";"Route de Kergoff";"48,58115979";" -4,33900517"
"202400016534";"31";"01";"2024";"09:55";"1";"22";"22077";"1";"1";"1";"3";"D768";"48,53105900";" -2,41025600"
"202400016535";"1";"08";"2024";"12:25";"1";"27";"27229";"2";"3";"1";"1";"MARNIERE RIGA (RUE DE LA)";"49,01355800";"1,16548300"
"202400016536";"2";"08";"2024";"22:45";"2";"19";"19031";"2";"1";"1";"7";"DUMYRAT (RUE)";"45,15453637";"1,52853218"
"202400016537";"1";"02";"2024";"07:30";"2";"57";"57588";"1";"1";"2";"1";"D62";"49,47410600";"6,21892700"
"202400016538";"1";"08";"2024";"11:50";"1";"15";"15014";"2";"6";"1";"3";"Chemin de Conthe";"44,91612000";"2,42972000"
"202400016539";"1";"02";"2024";"12:20";"1";"80";"80759";"1";"1";"1";"2";"D1017";"49,63885800";"2,74658200"
"202400016540";"31";"07";"2024";"03:00";"3";"15";"15014";"2";"1";"1";"6";"Rue Jean Moulin";"44,91797000";"2,42989000"
"202400016541";"1";"02";"2024";"10:39";"1";"62";"62014";"2";"1";"1";"6";"Rue de Saint-omer";"50,64065900";"2,39725900"
"202400016542";"2";"08";"2024";"08:10";"1";"14";"14574";"1";"1";"1";"1";"2110 Route de Dives";"49,16504800";"0,18774600"
"202400016543";"29";"01";"2024";"10:30";"1";"59";"59012";"1";"1";"1";"1";"Rue d'Hirson";"49,97490600";"4,08859800"
"202400016544";"31";"01";"2024";"09:05";"1";"33";"33366";"1";"1";"1";"3";"N/A";"44,98127900";" -0,42929500"
"202400016545";"2";"08";"2024";"07:20";"1";"13";"13108";"1";"2";"1";"3";"CAYADES (ROUTE DES)";"43,80515000";"4,71272000"
"202400016546";"31";"01";"2024";"19:00";"3";"93";"93064";"1";"1";"1";"2";"AUTOROUTE A86";"48,86369651";"2,48274872"
"202400016547";"2";"08";"2024";"20:00";"1";"13";"13205";"2";"1";"1";"2";"JEAN MOULIN (BOULEVARD)";"43,28894867";"5,40007532"
"202400016548";"31";"01";"2024";"16:10";"1";"95";"95351";"1";"1";"1";"7";"N104";"49,02761049";"2,51882290"
"202400016549";"31";"01";"2024";"13:15";"1";"92";"92078";"1";"1";"1";"7";"AUTOROUTE A86";"48,92748315";"2,33288455"
"202400016550";"31";"01";"2024";"19:00";"2";"94";"94017";"1";"1";"1";"5";"A4";"48,82967430";"2,49827109"
"202400016551";"2";"08";"2024";"08:00";"1";"13";"13213";"2";"1";"1";"3";"POILUS (AVENUE DES)";"43,31939165";"5,45913885"
"202400016552";"29";"01";"2024";"07:00";"1";"987";"98735";"2";"9";"1";"3";"REINE POMARE IV (AVENUE)";" -17,54100000";" -149,57100000"
"202400016553";"2";"08";"2024";"00:10";"4";"13";"13005";"2";"9";"1";"6";"BOYER (AVENUE ANTIDE)";"43,29472000";"5,56407000"
"202400016554";"30";"01";"2024";"12:35";"1";"974";"97407";"2";"1";"1";"3";"ROUTE DU SACRE COEUR";" -20,95370000";"55,30705000"
"202400016555";"2";"08";"2024";"10:10";"1";"11";"11069";"2";"3";"1";"3";"N/A";"43,22840800";"2,35955200"
"202400016556";"30";"01";"2024";"23:10";"4";"69";"69387";"2";"2";"1";"3";"Avenue Berthelot";"45,74508000";"4,84212000"
"202400016557";"29";"01";"2024";"08:35";"1";"972";"97209";"1";"1";"2";"7";"RELIGIEUSES (ROUTE DES)";"14,60893000";" -61,05900000"
"202400016558";"12";"07";"2024";"22:17";"5";"06";"06088";"2";"9";"1";"3";"77 Boulevard François Grosso";"43,69978000";"7,25120000"
"202400016559";"30";"01";"2024";"10:00";"1";"69";"69034";"2";"1";"1";"6";"1 Place Maréchal Foch";"45,79778000";"4,85132000"