"Num_Acc";"jour";"mois";"an";"hrmn";"lum";"dep";"com";"agg";"int";"atm";"col";"adr";"lat";"long"
"202400016560";"30";"01";"2024";"19:53";"3";100;100033";"2";"9";"1";"6";"TOUTES RUES";"42,70206000";"9,45156000"
"202400016561";"13";"07";"2024";"20:45";"1";"02";"02408";"2";"1";"1";"6";"40 Rampe Saint-Marcel";"49,56608000";"3,61917000"
"202400016562";"30";"01";"2024";"19:30";"3";"971";"97101";"1";"1";"1";"2";"CHAUVEL";"16,23503000";" -61,52348000"
"202400016563";"29";"01";"2024";"08:40";"1";"971";"97101";"2";"2";"1";"3";"CHAUVEL";"16,23682965";" -61,51248872"
"202400016564";"2";"08";"2024";"18:40";"1";"75";"75116";"2";"1";"1";"4";"BD PERIPHERIQUE INTERIEUR";"48,87694200";"2,27952000"
"202400016565";"2";"08";"2024";"17:50";"1";"75";"75115";"2";"1";"1";"2";"BD PERIPHERIQUE EXTERIEUR";"48,82997900";"2,28630900"
"202400016566";"2";"08";"2024";"14:30";"1";"75";"75116";"2";"1";"1";"2";"BD PERIPHERIQUE INTERIEUR";"48,85937700";"2,26286700"
"202400016567";"2";"08";"2024";"17:19";"1";"75";"75110";"2";"3";"1";"3";"RUE DU FAUBOURG SAINT MARTIN";"48,87581300";"2,36029400"
"202400016568";"2";"08";"2024";"11:20";"1";"75";"75112";"2";"1";"1";"4";"BD PERIPHERIQUE EXTERIEUR ";"48,83309900";"2,40716600"
"202400016569";"1";"08";"2024";"20:10";"1";"75";"75118";"2";"2";"1";"3";"AVENUE DE LA PORTE DE SAINT OUEN";"48,89771100";"2,32903000"
"202400016570";"30";"07";"2024";"21:36";"5";"75";"75103";"2";"2";"1";"4";"BOULEVARD SAINT DENIS";"48,86929600";"2,35429000"
"202400016571";"2";"08";"2024";"17:05";"1";"75";"75119";"2";"1";"1";"3";"AVENUE DE FLANDRE";"48,88488100";"2,36989000"
"202400016572";"2";"08";"2024";"15:10";"1";"75";"75119";"2";"7";"1";"2";"PLACE SKANDERBEG";"48,90114200";"2,37158900"
"202400016573";"2";"08";"2024";"05:15";"5";"75";"75114";"2";"1";"1";"6";"BOULEVARD BRUNE";"48,82432100";"2,32095000"
"202400016574";"2";"08";"2024";"09:44";"1";"75";"75113";"2";"3";"1";"6";"AVENUE DE CHOISY";"48,82978900";"2,35715600"
"202400016575";"2";"08";"2024";"09:15";"1";"75";"75113";"2";"3";"1";"3";"BOULEVARD MASSENA";"48,82272500";"2,37308900"
"202400016576";"2";"08";"2024";"06:05";"2";"94";"94080";"2";"2";"1";"1";"Avenue de la République";"48,84858000";"2,43245000"
"202400016577";"2";"08";"2024";"03:04";"5";"94";"94080";"2";"1";"2";"6";"Avenue de Paris";"48,84618000";"2,42199000"
"202400016578";"1";"08";"2024";"17:51";"1";"94";"94080";"2";"1";"1";"2";"Avenue des Minimes";"48,84153648";"2,42839801"
"202400016579";"2";"08";"2024";"19:30";"1";"94";"94055";"2";"1";"1";"3";"Avenue du Général de Gaulle";"48,78655710";"2,53803270"
"202400016580";"1";"08";"2024";"17:20";"1";"94";"94079";"2";"3";"1";"3";"Route de Champigny";"48,82556200";"2,53519300"
"202400016581";"1";"08";"2024";"20:40";"1";"93";"93078";"2";"2";"1";"3";"PEUPLIERS (AVENUE DES)";"48,95076900";"2,54407300"
"202400016582";"2";"08";"2024";"15:30";"1";"93";"93066";"2";"3";"1";"3";"Avenue du Colonel Fabien / Cité Auguste Delaune";"48,94506800";"2,35270100"
"202400016583";"2";"08";"2024";"14:30";"1";"93";"93066";"2";"1";"1";"4";"Quai de Seine";"48,93785000";"2,34221000"
"202400016584";"2";"08";"2024";"14:10";"1";"92";"92046";"2";"2";"1";"3";"GABRIEL PERI";"48,81918906";"2,29778168"
"202400016585";"2";"08";"2024";"00:40";"5";"92";"92072";"2";"4";"1";"6";"GRANDE RUE";"48,82791915";"2,22498849"
"202400016586";"1";"08";"2024";"19:00";"1";"92";"92050";"2";"1";"1";"2";"PLACE NELSON MANDELA";"48,89751000";"2,21883000"
"202400016587";"2";"08";"2024";"20:38";"1";"92";"92049";"2";"9";"1";"6";"ARNOUX AVENUE MAURICE N°1 A 77";"48,82080393";"2,31370747"
"202400016588";"2";"08";"2024";"08:56";"1";"92";"92020";"2";"3";"1";"1";"GIDE ANDRE RUE";"48,80930229";"2,30096617"
"202400016589";"1";"08";"2024";"20:20";"1";"92";"92035";"2";"1";"1";"7";"FAUVELLES ( RUE DES )";"48,90156110";"2,23625846"
"202400016590";"2";"08";"2024";"09:10";"1";"92";"92025";"2";"4";"1";"6";"FELIX FAURE (RUE)";"48,91453852";"2,25903770"
"202400016591";"1";"08";"2024";"17:30";"1";"92";"92024";"2";"6";"1";"7";"TROIS PAVILLONS (RUE DES)";"48,91082454";"2,31293178"
"202400016592";"2";"08";"2024";"19:40";"5";"974";"97415";"1";"1";"1";"6";"Chemin Baillif";" -21,04596900";"55,31309900"
"202400016593";"23";"07";"2024";"19:15";"1";"63";"63123";"2";"7";"1";"3";"46 place du Coudert";"45,64691218";"3,03531338"
"202400016594";"3";"08";"2024";"15:30";"1";"40";"40036";"2";"3";"1";"1";"633 route de bayonne";"43,63045300";" -1,36641400"
"202400016595";"2";"08";"2024";"19:45";"1";"17";"17131";"1";"1";"1";"1";"Rue des Demoiselles";"45,57693700";" -0,82174300"
"202400016596";"3";"08";"2024";"13:20";"1";"18";"18259";"1";"1";"1";"6";"N/A";"47,48213300";"2,71583300"
"202400016597";"30";"07";"2024";"17:10";"3";"974";"97422";"2";"9";"1";"1";"Rue Jean de Fos du Rau";" -21,22377100";"55,55237400"
"202400016598";"3";"08";"2024";"08:25";"1";"51";"51217";"2";"1";"1";"6";"Rue du Docteur Moret";"49,08193400";"3,65183800"
"202400016599";"2";"08";"2024";"13:15";"1";"972";"97214";"2";"1";"1";"7";"Le Lorrain";"14,83466000";" -61,07128100"
"202400016600";"1";"08";"2024";"12:00";"1";"972";"97231";"1";"1";"1";"2";"Route départementale 7";"14,52903700";" -61,01559900"
"202400016601";"2";"08";"2024";"06:50";"2";"26";"26337";"1";"1";"1";"3";"A7";"44,72843244";"4,78774309"
"202400016602";"2";"08";"2024";"11:50";"1";"86";"86254";"2";"3";"1";"3";"D5";"46,37930000";"0,87327000"
"202400016603";"2";"08";"2024";"19:15";"1";"87";"87146";"1";"1";"1";"5";"Autoroute A20 PK 220+458";"45,56818543";"1,49639536"
"202400016604";"3";"08";"2024";"11:15";"1";"38";"38030";"1";"1";"1";"1";"D1085";"45,34606600";"5,47788400"
"202400016605";"3";"08";"2024";"11:40";"1";"60";"60069";"1";"1";"1";"1";"Route départemental 332";"49,13801400";"2,94909400"
"202400016606";"2";"08";"2024";"17:00";"1";"71";"71054";"1";"1";"1";"1";"D5";"46,91329100";"5,01208600"
"202400016607";"3";"08";"2024";"15:04";"1";"51";"51454";"2";"1";"1";"1";"Boulevard des Tondeurs - Reims";"49,28384700";"3,99079300"
"202400016608";"2";"08";"2024";"21:40";"3";"59";"59571";"1";"1";"8";"6";"D98";"50,14178200";"3,54615100"
"202400016609";"3";"08";"2024";"07:25";"1";"19";"19080";"2";"3";"1";"1";"N/A";"45,66251400";"2,45272200"
"202400016610";"2";"08";"2024";"02:50";"3";"19";"19192";"2";"1";"1";"6";"Route d'Argentat 29 trespeuch";"45,12340505";"1,90046891"
"202400016611";"2";"08";"2024";"10:15";"1";"56";"56179";"2";"1";"1";"6";"Rue François Mauriac";"47,83178300";" -3,40131000"
"202400016612";"8";"07";"2024";"11:45";"1";"56";"56194";"2";"1";"1";"3";"14 Rue des Trinitaires";"47,59843000";" -2,10411300"
"202400016613";"3";"08";"2024";"00:45";"3";"81";"81171";"1";"1";"1";"6";"d14 pk 19+750";"43,84679391";"1,82952476"
"202400016614";"3";"08";"2024";"09:30";"1";"81";"81208";"1";"1";"1";"6";"La bécède";"43,84192500";"1,86827700"
"202400016615";"2";"08";"2024";"21:15";"2";"71";"71183";"1";"3";"1";"6";"D225";"46,88971800";"4,56376300"
"202400016616";"3";"08";"2024";"11:45";"1";"89";"89378";"1";"1";"1";"3";"D86";"47,52961100";"3,94388800"
"202400016617";"3";"08";"2024";"08:45";"1";"42";"42156";"2";"1";"7";"6";"D282";"45,90848432";"4,17864472"
"202400016618";"3";"08";"2024";"20:20";"2";"42";"42286";"2";"1";"1";"6";"RD 22";"45,36532783";"4,37777795"
"202400016619";"3";"08";"2024";"17:20";"1";"68";"68307";"1";"1";"1";"7";"D466";"47,81618934";"6,86691127"
"202400016620";"2";"08";"2024";"18:20";"1";"22";"22182";"1";"1";"1";"6";"Tremargat";"48,58992500";" -2,91014500"
"202400016621";"2";"08";"2024";"12:45";"1";"44";"44131";"1";"1";"1";"1";"Route Bleue";"47,10500300";" -2,05083800"
"202400016622";"18";"07";"2024";"23:10";"3";"29";"29031";"1";"4";"1";"6";"Route de la forêt";"47,81508753";" -3,56291579"
"202400016623";"3";"08";"2024";"17:25";"1";"29";"29024";"2";"6";"2";"3";"Boulevard Jean Moulin";"48,27261786";" -3,56723411"
"202400016624";"2";"08";"2024";"21:10";"2";"29";"29117";"1";"3";"1";"6";"Toulran";"48,56063000";" -4,49529100"
"202400016625";"28";"05";"2024";"17:15";"1";"56";"56098";"1";"1";"2";"3";"Lann Sévelin";"47,77928000";" -3,34737000"
"202400016626";"18";"07";"2024";"08:40";"1";"29";"29003";"1";"4";"1";"7";"Pont Quillioc";"48,01978000";" -4,59199000"
"202400016627";"29";"05";"2024";"09:10";"1";"54";"54395";"2";"1";"1";"6";"Boulevard Charlemagne";"48,68293000";"6,16215000"
"202400016628";"2";"08";"2024";"19:50";"1";"02";"02305";"1";"1";"1";"3";"D3";"49,14094800";"3,52191200"
"202400016629";"28";"05";"2024";"19:35";"1";"54";"54395";"2";"6";"8";"3";"Avenue Raymond Pinchard";"48,70121000";"6,14795100"
"202400016630";"2";"08";"2024";"10:45";"1";"01";"01108";"2";"1";"1";"6";"Route de Franche Comte";"46,38887100";"5,34726000"
"202400016631";"28";"05";"2024";"17:15";"1";"54";"54395";"2";"2";"1";"3";"Rue de Château Salins";"48,69730000";"6,19569000"
"202400016632";"2";"08";"2024";"17:00";"1";"01";"01124";"1";"3";"1";"3";"Route de Bourg";"46,41479700";"5,23837600"
"202400016633";"29";"05";"2024";"11:34";"1";"54";"54099";"2";"1";"2";"2";"Cote des Corbeaux";"49,24498700";"5,94529100"
"202400016634";"29";"05";"2024";"12:10";"1";"53";"53201";"2";"1";"2";"6";"LATTRE DE TASSIGNY ( AVENUE DE )";"48,07930000";" -0,82754000"
"202400016635";"2";"08";"2024";"20:30";"2";"66";"66149";"2";"6";"1";"3";"Route d'Eus";"42,62387400";"2,42689500"
"202400016636";"2";"08";"2024";"17:30";"1";"72";"72195";"1";"9";"1";"6";"Saint Leger";"47,83908600";" -0,01219900"
"202400016637";"28";"05";"2024";"16:30";"1";"51";"51454";"2";"2";"8";"3";"FABIEN (RUE DU COLONNEL)";"49,24917000";"4,01659000"
"202400016638";"3";"08";"2024";"14:50";"1";"06";"06151";"1";"1";"1";"2";"Route M 6202 PK 86+187";"43,90334200";"7,19505800"
"202400016639";"29";"05";"2024";"08:10";"1";"45";"45169";"2";"2";"2";"3";"2 Avenue de l'Europe";"47,91655000";"1,82716000"
"202400016640";"3";"08";"2024";"10:05";"1";"50";"50543";"1";"2";"1";"3";"Rue de la Croix-du-chesnot";"48,65771900";" -1,28820100"
"202400016641";"29";"05";"2024";"13:10";"1";"44";"44184";"2";"1";"8";"6";"33 Rue Léonard de Vinci";"47,26651000";" -2,23160000"
"202400016642";"31";"07";"2024";"09:45";"1";"09";"09329";"1";"1";"1";"2";"Avenue de Labouiche";"42,98871800";"1,59872000"
"202400016643";"30";"05";"2024";"02:00";"5";"44";"44109";"2";"1";"1";"3";"2 Rue Louis Blanc";"47,20741000";" -1,55506000"
"202400016644";"2";"08";"2024";"07:15";"1";"43";"43026";"1";"1";"1";"7";"RD906";"45,21675707";"3,81780051"
"202400016645";"29";"05";"2024";"21:20";"2";"44";"44020";"1";"1";"2";"7";"N/A";"47,18225000";" -1,61302000"
"202400016646";"31";"07";"2024";"21:23";"1";"21";"21501";"2";"3";"1";"3";"Rue de Dijon";"47,25496073";"4,56402540"
"202400016647";"14";"04";"2024";"18:06";"1";"42";"42218";"2";"7";"1";"6";"Place Bellevue";"45,41560000";"4,39430000"
"202400016648";"1";"08";"2024";"19:30";"1";"85";"85001";"2";"2";"7";"3";"Route de la pointe d'arçay";"46,32992800";" -1,32051100"
"202400016649";"13";"04";"2024";"18:20";"1";"42";"42218";"2";"2";"1";"3";"Cours Victor Hugo";"45,43270000";"4,38820000"
"202400016650";"2";"08";"2024";"18:30";"1";"85";"85131";"1";"1";"1";"6";"RD 50";"46,46780900";" -1,19757000"
"202400016651";"29";"05";"2024";"08:00";"1";"37";"37122";"2";"2";"1";"3";"RD 86 DE MONTS à TOURS";"47,30606127";"0,64998172"
"202400016652";"2";"08";"2024";"19:30";"1";"85";"85042";"1";"1";"1";"7";"la pironnerie";"46,36870000";" -0,98014000"
"202400016653";"3";"08";"2024";"10:25";"1";"37";"37254";"1";"1";"1";"6";"Belle Vue";"47,19566671";"0,79994828"
"202400016654";"29";"05";"2024";"14:25";"1";"29";"29232";"2";"2";"2";"6";"Rue du Parc";"47,99450000";" -4,10447000"
"202400016655";"29";"05";"2024";"13:55";"1";"27";"27681";"1";"1";"2";"4";"EVREUX (ROUTE D')";"49,07838000";"1,44612000"
"202400016656";"29";"05";"2024";"20:10";"2";"27";"27375";"2";"6";"2";"7";"CANAL(ROND POINT DU)";"49,21990000";"1,17923000"
"202400016657";"29";"05";"2024";"12:40";"1";"70";"70285";"2";"2";"2";"6";"Avenue Leon Jouhaux";"47,57992000";"6,76513000"
"202400016658";"29";"05";"2024";"13:05";"1";"22";"22106";"2";"4";"1";"3";"LANDES (RUE DES)";"48,50036000";" -2,73595000"
"202400016659";"28";"05";"2024";"12:33";"1";"19";"19031";"2";"1";"1";"2";"POMPIDOU (AVENUE GEORGES)";"45,15782000";"1,54881000"
"202400016660";"29";"05";"2024";"19:23";"1";"17";"17306";"2";"1";"2";"7";"CENDRILLES (DES)";"45,64894000";" -1,03742000"
"202400016661";"29";"05";"2024";"14:40";"1";"17";"17333";"2";"1";"2";"3";"COTE DE BEAUTE (BOULEVARD)";"45,60096000";" -0,99777000"
"202400016662";"29";"05";"2024";"13:40";"1";"14";"14333";"1";"1";"2";"3";"Route de Trouville";"49,41549000";"0,18953000"
"202400016663";"28";"05";"2024";"22:50";"3";"14";"14118";"1";"1";"8";"1";"D405";"49,16608000";" -0,38688000"
"202400016664";"27";"05";"2024";"20:55";"1";"13";"13213";"2";"1";"1";"2";"OLIVES (AVENUE DES)";"43,32869000";"5,43226000"
"202400016665";"29";"05";"2024";"07:07";"1";"13";"13075";"2";"1";"1";"3";"L'ENJOLRAS (AVE DE)";"43,33700000";"5,45200000"
"202400016666";"29";"05";"2024";"13:25";"1";"07";"07102";"2";"9";"1";"7";"REPUBLIQUE (AV. DE LA) [DU N° AU N°]";"44,93258000";"4,88085000"
"202400016667";"29";"05";"2024";"16:20";"1";"06";"06069";"2";"1";"1";"6";"Place-martelly";"43,66097200";"6,92377400"
"202400016668";"28";"05";"2024";"10:20";"1";"06";"06004";"2";"3";"1";"6";"30 Avenue de Nice";"43,59303400";"7,12051800"
"202400016669";"29";"05";"2024";"08:40";"1";"75";"75119";"2";"4";"2";"7";"RUE DAVID D ANGERS";"48,88273800";"2,38999600"
"202400016670";"29";"05";"2024";"12:00";"1";"75";"75118";"2";"2";"2";"3";"RUE DU DEPARTEMENT";"48,88677600";"2,36101800"
"202400016671";"29";"05";"2024";"16:40";"1";"75";"75117";"2";"2";"2";"3";"AVENUE DE WAGRAM";"48,87515200";"2,29593100"
"202400016672";"29";"05";"2024";"08:30";"1";"75";"75116";"2";"2";"2";"3";"AVENUE FOCH";"48,87213300";"2,28415100"
"202400016673";"29";"05";"2024";"20:30";"1";"75";"75115";"2";"3";"2";"6";"PLACE DU GENERAL BEURET";"48,84183900";"2,30327500"
"202400016674";"29";"05";"2024";"13:50";"1";"75";"75115";"2";"2";"2";"7";"RUE PAUL BARRUEL";"48,83865500";"2,30526800"
"202400016675";"29";"05";"2024";"09:40";"1";"75";"75113";"2";"3";"2";"3";"RUE NATIONALE";"48,82619000";"2,36701000"
"202400016676";"29";"05";"2024";"09:20";"2";"75";"75114";"2";"3";"2";"7";"BOULEVARD BRUNE";"48,82383900";"2,32324700"
"202400016677";"29";"05";"2024";"08:30";"1";"75";"75110";"2";"4";"2";"6";"BOULEVARD DE LA VILLETTE";"48,88151000";"2,37001500"
"202400016678";"29";"05";"2024";"15:40";"1";"75";"75108";"2";"3";"2";"7";"BOULEVARD HAUSSMANN";"48,87522103";"2,31436265"
"202400016679";"29";"05";"2024";"14:50";"1";"75";"75107";"2";"3";"2";"6";"QUAI VOLTAIRE";"48,85925300";"2,33021700"
"202400016680";"29";"05";"2024";"08:15";"1";"75";"75113";"2";"3";"2";"2";"BOULEVARD VINCENT AURIOL";"48,83271500";"2,36220400"
"202400016681";"29";"05";"2024";"08:15";"1";"75";"75107";"2";"2";"2";"3";"RUE SAINT DOMINIQUE";"48,85815500";"2,32278800"
"202400016682";"29";"05";"2024";"12:35";"1";"75";"75101";"2";"2";"2";"3";"RUE SAINT HONORE";"48,86745500";"2,32621400"
"202400016683";"29";"05";"2024";"14:00";"1";"94";"94058";"2";"2";"2";"1";"Rue du Maréchal Lyautey / Rue du bois";"48,85504688";"2,49777858"
"202400016684";"29";"05";"2024";"12:15";"1";"93";"93064";"2";"1";"3";"3";"Boulevard Gabriel Péri";"48,87740700";"2,47870000"
"202400016685";"28";"05";"2024";"22:30";"5";"93";"93064";"2";"1";"1";"3";"Rue de Lisbonne";"48,88140700";"2,47024100"
"202400016686";"29";"05";"2024";"09:30";"1";"93";"93077";"2";"2";"2";"3";"Boulevard André / Avenue des Roses";"48,88131000";"2,52229000"
"202400016687";"29";"05";"2024";"14:20";"1";"93";"93046";"2";"1";"2";"2";"Avenue Aristide Briand";"48,91543000";"2,52928000"
"202400016688";"29";"05";"2024";"09:39";"1";"93";"93074";"2";"1";"2";"6";"Rue de Meaux";"48,93484000";"2,56768000"
"202400016689";"29";"05";"2024";"19:00";"1";"93";"93010";"2";"2";"3";"3";"Avenue de Verdun / Rue Jules Auffret";"48,90421000";"2,49133000"
"202400016690";"29";"05";"2024";"20:15";"1";"92";"92064";"2";"1";"2";"6";"MONT VALERIEN";"48,85844700";"2,21418679"
"202400016691";"29";"05";"2024";"16:05";"1";"92";"92064";"2";"9";"2";"3";"DAILLY";"48,84458187";"2,22039053"
"202400016692";"29";"05";"2024";"09:20";"1";"92";"92064";"2";"1";"2";"7";"GEORGES CLEMENCEAU";"48,84145163";"2,22129965"
"202400016693";"29";"05";"2024";"12:00";"1";"92";"92063";"2";"1";"2";"7";"CASANOVA (RUE DANIELLE)";"48,87735495";"2,17593098"
"202400016694";"29";"05";"2024";"14:30";"1";"92";"92051";"2";"9";"2";"2";"BOIS DE BOULOGNE (RUE DU)";"48,88108112";"2,25820506"
"202400016695";"29";"05";"2024";"13:00";"1";"92";"92051";"2";"1";"2";"3";"BINEAU (BOULEVARD, N°133 A 217 ET 134 A";"48,89333874";"2,26770830"
"202400016696";"28";"05";"2024";"19:55";"1";"92";"92050";"2";"2";"1";"3";"SURESNES RUE DE";"48,88394053";"2,21507925"
"202400016697";"29";"05";"2024";"09:05";"1";"92";"92020";"2";"1";"2";"3";"EXUPERY AVENUE SAINT";"48,80843174";"2,29834253"
"202400016698";"29";"05";"2024";"15:20";"1";"92";"92026";"2";"1";"2";"3";"COLOMBES";"48,89722770";"2,25646672"
"202400016699";"29";"05";"2024";"15:30";"1";"92";"92012";"2";"4";"2";"3";"BILLANCOURT (RUE DE) 1/61 - 2/104";"48,83712788";"2,23647282"
"202400016700";"29";"05";"2024";"14:00";"1";"92";"92012";"2";"1";"2";"7";"JEAN BAPTISTE CLEMENT (AVENUE) 1/47 - 2/";"48,84713069";"2,24000144"
"202400016701";"29";"05";"2024";"09:50";"1";"92";"92012";"2";"1";"2";"7";"GENERAL LECLERC (AVENUE DU) 35/FIN - 60/";"48,83200306";"2,23804736"
"202400016702";"28";"05";"2024";"23:04";"5";"92";"92012";"2";"1";"2";"6";"ALPHONSE LE GALLO (QUAI) 35/FIN";"48,83517154";"2,22561496"
"202400016703";"29";"05";"2024";"22:00";"5";"54";"54350";"2";"1";"3";"7";"Rue de Blâmont";"48,58635584";"6,60211265"
"202400016704";"26";"05";"2024";"17:55";"1";"24";"24448";"2";"9";"1";"3";"18 Avenue de la Résistance";"45,32848500";"1,04162500"
"202400016705";"30";"05";"2024";"09:30";"1";"60";"60440";"1";"1";"1";"6";"D73";"49,49797100";"2,63139700"
"202400016706";"26";"05";"2024";"05:50";"2";"45";"45293";"2";"1";"1";"6";"164 Route d’Orléans";"47,99463700";"2,61681900"
"202400016707";"29";"05";"2024";"14:04";"1";"86";"86070";"1";"2";"2";"3";"Rue de la Caronnière";"46,56283300";"0,65465200"
"202400016708";"30";"05";"2024";"06:30";"2";"83";"83019";"1";"1";"1";"1";"Avenue Lou Mistraou";"43,15155000";"6,31410000"
"202400016709";"29";"05";"2024";"14:45";"1";"65";"65146";"2";"2";"1";"3";"Rue des Pyrénées";"43,29477000";"0,11539900"
"202400016710";"30";"05";"2024";"10:18";"1";"47";"47121";"1";"3";"8";"2";"D 933- Route des veyries";"44,34849100";"0,10734500"
"202400016711";"24";"05";"2024";"08:15";"1";"89";"89471";"1";"2";"1";"5";"D660";"48,17609500";"3,41229800"
"202400016712";"29";"05";"2024";"17:30";"1";"56";"56248";"2";"1";"2";"3";"39b Rue Général Henri de Virel";"47,58489600";" -2,62886200"
"202400016713";"30";"05";"2024";"08:48";"1";"56";"56002";"1";"9";"1";"5";"Sainte-Julitte";"47,58912100";" -2,54992800"
"202400016714";"30";"05";"2024";"17:50";"1";100;100207";"1";"1";"1";"6";"village (sortie)";"42,46565900";"9,45728100"
"202400016715";"30";"05";"2024";"17:15";"1";"71";"71313";"1";"1";"1";"6";"La Siarre";"46,95679500";"4,24729900"
"202400016716";"30";"05";"2024";"18:05";"1";"63";"63154";"1";"2";"1";"3";"D997 / D81";"45,74786583";"3,32412773"
"202400016717";"29";"05";"2024";"15:40";"1";"12";"12209";"2";"1";"1";"6";"10 route du nayrac";"44,68671500";"2,66045100"
"202400016718";"18";"05";"2024";"13:51";"1";"25";"25228";"2";"6";"1";"2";"705 Rue du Breuil";"47,51079900";"6,85945500"
"202400016719";"24";"05";"2024";"18:15";"1";"25";"25258";"1";"1";"1";"7";"Chemin de la Dinde";"47,21921800";"5,92253200"
"202400016720";"29";"05";"2024";"17:50";"1";"44";"44223";"1";"2";"8";"3";"Avenue de la Vendée";"47,04711300";" -1,50873200"
"202400016721";"29";"05";"2024";"13:40";"1";"44";"44131";"1";"1";"2";"1";"N/A";"47,11164800";" -2,00508000"
"202400016722";"30";"05";"2024";"06:55";"1";"38";"38311";"2";"1";"3";"6";"1106 Route de Pisieu";"45,38702800";"5,10597400"
"202400016723";"29";"05";"2024";"20:00";"1";"38";"38361";"1";"1";"1";"6";"D119";"44,87545700";"5,73430500"
"202400016724";"29";"05";"2024";"18:25";"1";"15";"15087";"1";"1";"3";"1";"RD 41";"44,75602100";"2,45576100"
"202400016725";"30";"05";"2024";"11:37";"1";"72";"72068";"2";"7";"1";"6";"14 Place de la République";"47,72799000";"0,57541500"
"202400016726";"28";"05";"2024";"21:45";"3";"50";"50628";"1";"2";"2";"6";"D911";"48,72018100";" -1,22321100"
"202400016727";"29";"05";"2024";"14:52";"1";"64";"64291";"1";"3";"1";"5";"chemin d arancou";"43,45044200";" -1,02968900"
"202400016728";"29";"05";"2024";"10:50";"1";"07";"07346";"1";"3";"1";"3";"D86 route de Chateauneuf";"44,45327809";"4,68575451"
"202400016729";"28";"05";"2024";"09:45";"1";"40";"40195";"1";"1";"1";"1";"Route du Marsan";"43,75466700";" -0,44817600"
"202400016730";"30";"05";"2024";"14:08";"1";"17";"17253";"1";"1";"1";"1";"D911";"45,99070100";" -0,89718800"
"202400016731";"30";"05";"2024";"17:10";"1";"30";"30102";"1";"1";"1";"7";"D225";"43,91117300";"4,28655600"
"202400016732";"30";"05";"2024";"14:15";"1";"09";"09239";"1";"3";"5";"3";"Col des Hares";"42,68318500";"2,12463100"
"202400016733";"28";"05";"2024";"08:00";"1";"973";"97311";"2";"3";"3";"2";"Rue Joseph Symphorien";"5,49859300";" -54,02900800"
"202400016734";"26";"05";"2024";"19:46";"2";"34";"34111";"2";"1";"1";"6";"Avenue du Mont Aigoual";"43,93084400";"3,70513400"
"202400016735";"28";"05";"2024";"20:10";"1";"67";"67336";"1";"1";"1";"7";"Nordhouse";"48,44398500";"7,69920100"
"202400016736";"30";"05";"2024";"17:05";"1";"55";"55122";"2";"1";"1";"6";"2 Rue du Docteur Edmond Morelle";"48,75808999";"5,59082576"
"202400016737";"30";"05";"2024";"14:55";"1";"63";"63150";"2";"1";"1";"6";"Parking Leclerc Volvic";"45,88886600";"3,06950400"
"202400016738";"10";"05";"2024";"18:45";"1";"01";"01160";"2";"2";"1";"3";"Route de Prévessin";"46,25545700";"6,10214400"
"202400016739";"30";"04";"2024";"12:00";"1";"01";"01160";"1";"1";"1";"6";"Route de Meyrin";"46,24530100";"6,09471400"
"202400016740";"30";"05";"2024";"07:50";"1";"33";"33449";"2";"1";"1";"6";"N/A";"44,89545500";" -0,72519600"
"202400016741";"29";"05";"2024";"20:00";"1";"14";"14658";"1";"2";"8";"3";"1 Route de la Pichardière";"48,81906900";" -0,96625500"
"202400016742";"27";"05";"2024";"16:50";"1";"14";"14488";"2";"1";"1";"6";"119 Avenue du Grand Large";"49,26956900";" -0,25640800"
"202400016743";"27";"05";"2024";"21:29";"2";"14";"14060";"1";"1";"1";"7";"D515";"49,24794600";" -0,28216800"
"202400016744";"12";"05";"2024";"12:00";"1";"27";"27031";"1";"3";"1";"3";"Route de Sacquenville";"49,04913400";"1,11642600"
"202400016745";"30";"05";"2024";"17:30";"2";"80";"80034";"1";"9";"3";"5";"D937";"49,83960900";"2,99239000"
"202400016746";"29";"05";"2024";"13:30";"1";"83";"83144";"1";"1";"1";"2";"A57";"43,14318523";"6,01072219"
"202400016747";"26";"05";"2024";"13:50";"1";"59";"59234";"1";"1";"1";"7";"AUTOROUTE A21";"50,39930000";"3,08690000"
"202400016748";"27";"05";"2024";"00:44";"3";"59";"59196";"1";"1";"3";"7";"ROUTE METROPOLITAINE 652";"50,63243000";"2,96303000"
"202400016749";"26";"05";"2024";"14:58";"1";"59";"59328";"1";"1";"3";"7";"ROUTE METROPOLITAINE 652";"50,66592000";"3,02719000"
"202400016750";"25";"05";"2024";"02:50";"3";"62";"62907";"1";"1";"1";"6";"A1";"50,49133000";"2,99219000"
"202400016751";"29";"05";"2024";"18:50";"1";"94";"94043";"1";"1";"2";"3";"A6B";"48,81353900";"2,35460780"
"202400016752";"29";"05";"2024";"09:32";"1";"94";"94076";"1";"1";"8";"3";"A6B";"48,79081730";"2,34457243"
"202400016753";"29";"05";"2024";"10:20";"1";"92";"92047";"1";"1";"2";"3";"A13";"48,83397544";"2,16646875"
"202400016754";"29";"05";"2024";"08:00";"1";"78";"78640";"1";"1";"2";"3";"N118";"48,78129300";"2,22300100"
"202400016755";"29";"05";"2024";"09:20";"1";"92";"92025";"1";"1";"1";"3";"A86";"48,93500468";"2,25929339"
"202400016756";"28";"05";"2024";"08:30";"1";"92";"92036";"1";"1";"1";"3";"A86";"48,93403705";"2,27764322"
"202400016757";"29";"05";"2024";"11:15";"1";"95";"95572";"1";"1";"2";"5";"N184";"49,03491224";"2,11480807"
"202400016758";"29";"05";"2024";"07:55";"1";"95";"95018";"1";"1";"2";"6";"A15";"48,96022959";"2,27078238"
"202400016759";"26";"05";"2024";"18:05";"1";"93";"93005";"1";"1";"1";"3";"A1";"48,96072159";"2,46789896"
"202400016760";"29";"05";"2024";"08:55";"1";"77";"77517";"1";"1";"2";"2";"A104.INT";"48,90843855";"2,63820456"
"202400016761";"29";"05";"2024";"00:25";"3";"77";"77258";"1";"1";"1";"4";"A4.W";"48,83246370";"2,65688229"
"202400016762";"27";"05";"2024";"11:15";"1";"06";"06029";"2";"1";"1";"3";"Boulevard du Midi Louise Moreau";"43,54925000";"6,99720000"
"202400016763";"1";"03";"2024";"02:00";"4";"35";"35288";"2";"1";"1";"6";"rue des Hauts Sablons";"48,63579200";" -2,02198700"
"202400016764";"19";"03";"2024";"18:00";"2";"74";"74007";"1";"1";"1";"6";"Route de Bonneville";"46,07101100";"6,32525200"