"Num_Acc";"jour";"mois";"an";"hrmn";"lum";"dep";"com";"agg";"int";"atm";"col";"adr";"lat";"long"
"202400016765";"17";"03";"2024";"16:35";"1";"74";"74042";"2";"1";"1";"7";"61 Rue des grèbes huppes";"46,07266100";"6,41917500"
"202400016766";"15";"03";"2024";"08:03";"1";"74";"74105";"2";"5";"1";"3";"Avenue de geneve";"46,30575000";"6,30126800"
"202400016767";"10";"03";"2024";"20:00";"3";"74";"74042";"1";"1";"2";"6";"D186";"46,05652153";"6,44012475"
"202400016768";"17";"02";"2024";"18:50";"3";"74";"74260";"1";"4";"1";"1";"Route de frangy";"46,06254196";"5,96245384"
"202400016769";"27";"05";"2024";"11:25";"1";"987";"98735";"1";"9";"1";"3";"CHESSE ( RUE)";" -17,53360000";" -149,55881000"
"202400016770";"28";"05";"2024";"18:15";"3";"974";"97416";"1";"1";"2";"4";"RN2 (2)";" -21,34998000";"55,50395000"
"202400016771";"27";"05";"2024";"12:20";"1";"974";"97411";"2";"3";"1";"1";"BEDIER (RUE AMEDEE)";" -20,88433000";"55,45788000"
"202400016772";"28";"05";"2024";"15:50";"1";"974";"97409";"2";"1";"1";"6";"DU LYCEE(RUE)";" -20,96557000";"55,65177000"
"202400016773";"27";"05";"2024";"07:43";"1";"974";"97407";"1";"1";"7";"3";"COMPAGNIE DES INDES (BD DE LA) ";" -20,94503658";"55,32189703"
"202400016774";"28";"05";"2024";"09:40";"1";"973";"97302";"2";"1";"3";"7";"MONTABO (ROUTE DE) 1";"4,94435981";" -52,31769919"
"202400016775";"28";"05";"2024";"07:00";"1";"973";"97302";"2";"1";"3";"2";"MADELEINE (ROUTE DE LA)";"4,91527000";" -52,32112000"
"202400016776";"28";"05";"2024";"19:20";"1";"69";"69383";"2";"1";"1";"6";"Rue Moncey";"45,75999000";"4,84828000"
"202400016777";"27";"05";"2024";"07:50";"1";"972";"97209";"2";"1";"1";"6";"GENERAL DE GAULLE (BLD DU)";"14,60805000";" -61,07251000"
"202400016778";"28";"05";"2024";"18:30";"2";"971";"97101";"1";"4";"1";"6";"PAGES";"16,25427000";" -61,50037000"
"202400016779";"26";"05";"2024";"19:20";"5";"971";"97113";"1";"1";"1";"6";"RN4 - SECTION RIVIERA";"16,21781326";" -61,48640692"
"202400016780";"28";"05";"2024";"05:30";"2";"91";"91477";"1";"1";"1";"1";"SACLAY (ROUTE DE)";"48,71914000";"2,21182000"
"202400016781";"28";"05";"2024";"12:50";"1";"91";"91691";"2";"6";"2";"3";"MARCEAU BAILLIOTI(RUE)";"48,70709100";"2,49618900"
"202400016782";"28";"05";"2024";"08:10";"1";"91";"91421";"1";"9";"1";"3";"NATIONALE 6 (REVEIL MATIN)";"48,71942000";"2,44315000"
"202400016783";"28";"05";"2024";"06:50";"1";"91";"91433";"1";"1";"1";"6";"RD 191";"48,44988100";"2,23224650"
"202400016784";"14";"10";"2024";"14:35";"1";"33";"33348";"2";"1";"1";"3";"N/A";"45,34883500";" -0,98801900"
"202400016785";"28";"05";"2024";"17:25";"1";"90";"90010";"2";"6";"1";"3";"ALTKIRCH (AVENUE)";"47,63025000";"6,86441000"
"202400016786";"13";"10";"2024";"18:05";"2";"71";"71201";"1";"1";"1";"6";"route départementale 983";"46,68283300";"4,62230400"
"202400016787";"13";"10";"2024";"18:20";"1";"68";"68135";"2";"1";"8";"6";"3 Rue du Forgeron";"47,57698900";"7,52207300"
"202400016788";"27";"05";"2024";"19:00";"1";"87";"87085";"2";"2";"1";"7";"AINE (PLACE D')";"45,83056000";"1,25462000"
"202400016789";"24";"05";"2024";"15:09";"1";"87";"87085";"2";"2";"1";"3";"DUMAS (AVENUE GEORGES)";"45,82604000";"1,26800000"
"202400016790";"14";"10";"2024";"14:00";"1";"31";"31033";"2";"1";"1";"6";"Avenue d'Hermannsburg";"43,35570300";"1,46327900"
"202400016791";"28";"05";"2024";"20:30";"1";"84";"84087";"1";"1";"7";"7";"CAMARET (ROUTE DE)";"44,14428200";"4,82511400"
"202400016792";"13";"10";"2024";"18:35";"1";"31";"31592";"1";"1";"7";"3";"Route de Larra";"43,72875500";"1,20531000"
"202400016793";"23";"05";"2024";"20:00";"5";"84";"84007";"2";"1";"1";"6";"PIERRE SEMARD (avenue)";"43,94302000";"4,81581000"
"202400016794";"13";"10";"2024";"05:10";"5";"31";"31561";"2";"2";"1";"3";"Rue de Biarritz";"43,65160700";"1,48356700"
"202400016795";"28";"05";"2024";"11:15";"1";"78";"78401";"2";"3";"2";"3";"GAMBETTA (RUE)";"49,00546000";"1,91405000"
"202400016796";"13";"10";"2024";"20:10";"5";"31";"31581";"2";"1";"1";"6";"Route de Bouloc";"43,82533200";"1,43047600"
"202400016797";"28";"05";"2024";"16:05";"1";"78";"78208";"2";"2";"2";"3";"DASSAULT (AVENUE MARCEL)";"48,79197000";"1,96556000"
"202400016798";"15";"10";"2024";"07:25";"2";"38";"38303";"2";"1";"1";"3";"1057 Route de Savoie";"45,28787100";"5,93839500"
"202400016799";"28";"05";"2024";"13:45";"1";"77";"77284";"2";"1";"2";"7";"MARRONNIERS (RUE DES)";"48,95672000";"2,88850000"
"202400016800";"14";"10";"2024";"19:50";"3";"72";"72296";"1";"1";"1";"1";"l'orée du bois";"48,09901036";"0,65927222"
"202400016801";"27";"05";"2024";"13:50";"1";"76";"76351";"2";"2";"1";"6";"INGOUVILLE (RUE)";"49,49746000";"0,10942000"
"202400016802";"13";"10";"2024";"14:55";"1";"14";"14431";"1";"1";"1";"3";"D232";"49,06778600";" -0,12120400"
"202400016803";"15";"10";"2024";"15:00";"1";"50";"50138";"1";"1";"2";"6";"Biévredant";"49,44591200";" -1,49506300"
"202400016804";"28";"05";"2024";"08:30";"1";"72";"72181";"2";"6";"2";"3";"CHANZY (RUE)  N° PAIRS 2 A 50";"48,00408000";"0,20252000"
"202400016805";"15";"10";"2024";"06:45";"3";"50";"50585";"1";"1";"5";"2";"D650";"49,45232900";" -1,79121100"
"202400016806";"28";"05";"2024";"17:29";"1";"71";"71270";"2";"1";"1";"6";"NORMANDIE (RUE DE)";"46,32112000";"4,82913000"
"202400016807";"14";"10";"2024";"19:45";"2";"60";"60513";"1";"1";"8";"1";"Route Départementale 92";"49,20184800";"2,36906600"
"202400016808";"28";"05";"2024";"13:55";"1";"69";"69266";"2";"2";"1";"3";"204 Cours Emile Zola";"45,76864000";"4,88444000"
"202400016809";"26";"05";"2024";"10:00";"1";"69";"69259";"2";"1";"1";"3";"Avenue Francis de Pressensé";"45,71461745";"4,87258335"
"202400016810";"15";"10";"2024";"17:30";"1";"64";"64490";"1";"1";"2";"1";"d918";"43,21162700";" -1,28316900"
"202400016811";"28";"05";"2024";"16:30";"1";"67";"67482";"2";"1";"1";"7";"JEAN JAURES (AVENUE)";"48,56750000";"7,77040000"
"202400016812";"11";"10";"2024";"13:30";"1";"43";"43244";"1";"3";"1";"2";"La Combe";"45,14730133";"4,29380844"
"202400016813";"28";"05";"2024";"22:20";"5";"64";"64445";"2";"1";"1";"6";"EUROPE DE L'";"43,32917107";" -0,35271585"
"202400016814";"10";"10";"2024";"20:50";"3";"27";"27463";"1";"1";"2";"6";"D438";"49,12493500";"0,63401000"
"202400016815";"10";"10";"2024";"21:15";"3";"27";"27481";"1";"1";"2";"6";"D926 PK 4+200";"48,74089400";"0,88424900"
"202400016816";"28";"05";"2024";"09:55";"1";"63";"63113";"2";"2";"1";"2";"CLEMENTEL (BD ETIENNE)/ Solayer";"45,80948307";"3,10943663"
"202400016817";"25";"05";"2024";"19:20";"1";"62";"62624";"2";"1";"1";"2";"D160E1";"50,41781050";"2,98721302"
"202400016818";"15";"10";"2024";"17:50";"1";"17";"17053";"1";"3";"1";"3";"D118 rue de la prée";"45,88690200";" -0,80852500"
"202400016819";"15";"10";"2024";"05:35";"3";"68";"68242";"1";"1";"1";"6";"A35";"47,97584876";"7,37324683"
"202400016820";"28";"05";"2024";"13:40";"1";"62";"62193";"2";"3";"2";"3";"Avenue Georges Guynemer";"50,95137024";"1,89256847"
"202400016821";"15";"10";"2024";"16:50";"1";"18";"18140";"1";"1";"1";"7";"N/A";"47,16144300";"1,98675200"
"202400016822";"28";"05";"2024";"09:00";"1";"60";"60057";"2";"6";"2";"3";"Avenue Président J.F. Kennedy";"49,42391000";"2,10521000"
"202400016823";"28";"05";"2024";"14:40";"1";"59";"59527";"2";"2";"2";"1";"DE LATTRE TASSIGNY.AV °1A205";"50,66161000";"3,03516000"
"202400016824";"15";"10";"2024";"08:30";"1";"95";"95061";"1";"1";"1";"3";"D44";"49,05883903";"2,25201551"
"202400016825";"26";"05";"2024";"20:45";"2";"56";"56121";"2";"2";"1";"3";"Rue de Kerjulaude";"47,74384070";" -3,38108290"
"202400016826";"12";"10";"2024";"00:10";"3";"01";"01213";"1";"1";"1";"2";"A 42 PK 038+000";"45,94291400";"5,29403700"
"202400016827";"27";"05";"2024";"09:47";"1";"56";"56098";"2";"1";"1";"2";"Lann Sévelin";"47,77862300";" -3,34861200"
"202400016828";"14";"10";"2024";"13:45";"1";"987";"98715";"2";"1";"1";"3";"PK 6";" -17,56427700";" -149,61189200"
"202400016829";"27";"05";"2024";"14:45";"1";"54";"54395";"2";"2";"1";"3";"Rue Saint Dizier";"48,68676400";"6,18546200"
"202400016830";"15";"10";"2024";"09:45";"1";"13";"13109";"1";"1";"1";"2";"A8 PK 023.sens LYON - NICE";"43,51270691";"5,48640480"
"202400016831";"27";"05";"2024";"08:40";"1";"54";"54025";"1";"2";"1";"1";"Avenue Sainte Marguerite";"48,66322000";"6,23760000"
"202400016832";"14";"10";"2024";"17:40";"1";"62";"62019";"1";"1";"2";"2";"A26";"50,42387430";"2,71886946"
"202400016833";"27";"05";"2024";"18:00";"1";"54";"54099";"1";"9";"1";"7";"D138";"49,24930957";"5,96143484"
"202400016834";"27";"05";"2024";"08:52";"1";"49";"49007";"1";"1";"1";"3";"A87N";"47,45222000";" -0,51485000"
"202400016835";"12";"10";"2024";"18:35";"5";"971";"97118";"1";"1";"1";"2";"Colin RN1";"16,19880900";" -61,60581400"
"202400016836";"12";"10";"2024";"17:35";"1";"978";"97801";"2";"1";"1";"6";"R LADY FISH";"18,05989500";" -63,09878200"
"202400016837";"28";"05";"2024";"18:50";"1";"44";"44109";"2";"1";"1";"1";"19 Chaussée de la Madeleine";"47,21080000";" -1,55150000"
"202400016838";"28";"05";"2024";"08:10";"1";"44";"44109";"2";"6";"1";"2";"127 Rue du Corps de Garde";"47,21723290";" -1,60121441"
"202400016839";"15";"10";"2024";"07:00";"2";"77";"77196";"1";"1";"1";"2";"N3";"48,94750500";"2,72872900"
"202400016840";"28";"05";"2024";"10:12";"1";"37";"37122";"2";"1";"1";"6";"BRIAND (RUE ARISTIDE)";"47,35189000";"0,66184000"
"202400016841";"15";"10";"2024";"08:20";"2";"77";"77238";"1";"1";"1";"2";"route de la ferte sous jouarre";"48,93403100";"3,12400100"
"202400016842";"28";"05";"2024";"07:40";"1";"35";"35238";"2";"2";"2";"3";"NANTES (RUE DE)";"48,09032000";" -1,69275000"
"202400016843";"14";"10";"2024";"11:45";"1";"78";"78346";"1";"1";"1";"1";"D115";"48,90490000";"1,58872600"
"202400016844";"27";"05";"2024";"08:35";"1";"34";"34003";"2";"1";"1";"1";"MARCELLIN ALBERT (H15 A H16";"43,30765000";"3,47747000"
"202400016845";"14";"10";"2024";"18:00";"1";"84";"84054";"2";"1";"2";"6";"Route de Carpentras";"43,93052400";"5,06238000"
"202400016846";"28";"05";"2024";"19:30";"1";"33";"33162";"2";"1";"1";"6";"N/A";"44,87453000";" -0,62853000"
"202400016847";"14";"10";"2024";"21:38";"3";"83";"83106";"1";"1";"1";"1";"D81";"43,31989400";"6,06617000"
"202400016848";"28";"05";"2024";"22:45";"5";"33";"33063";"2";"1";"1";"6";"N/A";"44,86495000";" -0,57473000"
"202400016849";"15";"10";"2024";"16:35";"1";"83";"83023";"2";"1";"1";"6";"691 Avenue Frédéric Mistral";"43,40067100";"6,05813400"
"202400016850";"28";"05";"2024";"18:20";"1";"33";"33063";"2";"1";"1";"1";"N/A";"44,88581000";" -0,54972000"
"202400016851";"11";"10";"2024";"17:00";"2";"06";"06077";"1";"1";"1";"7";"Route de Luceram";"43,87562700";"7,35205400"
"202400016852";"28";"05";"2024";"18:15";"1";"33";"33063";"2";"1";"1";"6";"N/A";"44,87404000";" -0,57446000"
"202400016853";"15";"10";"2024";"14:10";"1";"06";"06048";"1";"1";"1";"5";"1045 Avenue Charles Alunni";"43,80148700";"7,32291600"
"202400016854";"28";"05";"2024";"14:00";"1";"33";"33529";"2";"3";"1";"3";"N/A";"44,61044300";" -1,13815600"
"202400016855";"13";"10";"2024";"16:30";"1";"13";"13042";"2";"1";"1";"2";"189 Avenue du 2e Cuirassier";"43,29860200";"5,62170400"
"202400016856";"30";"04";"2024";"11:30";"1";"31";"31555";"2";"1";"1";"6";"RUE ACHILLE VIADIEU";"43,59076500";"1,44448100"
"202400016857";"13";"10";"2024";"17:15";"1";"69";"69228";"1";"1";"1";"1";"Route de Riverie";"45,61651400";"4,62628500"
"202400016858";"27";"05";"2024";"17:30";"1";"29";"29232";"1";"1";"1";"2";"CNO";"48,03087886";" -4,09411698"
"202400016859";"21";"09";"2024";"18:25";"1";"85";"85298";"1";"1";"2";"1";"RD32";"46,58715000";" -1,76173000"
"202400016860";"28";"05";"2024";"08:55";"1";"29";"29019";"2";"3";"1";"3";"rue Dupuy de Lome";"48,39078900";" -4,50931200"
"202400016861";"14";"10";"2024";"14:15";"1";"49";"49138";"1";"1";"1";"3";"D347";"47,41631700";" -0,16951000"
"202400016862";"11";"10";"2024";"15:00";"1";"29";"29042";"2";"6";"1";"7";"boulevard de Sligo";"48,24818032";" -4,47132673"
"202400016863";"28";"05";"2024";"07:15";"1";"26";"26252";"1";"2";"1";"3";"Avenue du Port";"44,87885309";"4,86670732"
"202400016864";"28";"05";"2024";"18:30";"1";"25";"25056";"2";"4";"1";"2";"RN 1057 (ROUTE DE GRAY-CH.EPITAPHE)";"47,22517500";"5,97890700"
"202400016865";"10";"10";"2024";"17:10";"1";"35";"35047";"1";"2";"1";"1";"102 les Garennes";"48,00487100";" -1,74178800"
"202400016866";"28";"05";"2024";"21:50";"5";"25";"25056";"2";"1";"1";"3";"PAIX  AVENUE DE LA";"47,24620000";"6,02219000"
"202400016867";"14";"10";"2024";"19:42";"1";"33";"33122";"1";"1";"1";"6";"N/A";"44,74677300";" -0,70090300"
"202400016868";"28";"05";"2024";"05:45";"1";"13";"13103";"1";"6";"1";"7";"AVENUE DE ALABOUVETTE-RN 113";"43,64074000";"5,03703000"
"202400016869";"28";"05";"2024";"11:35";"1";"13";"13213";"2";"2";"1";"3";"ESCADRILLE NORMANDIE NIEMEN";"43,32705000";"5,40976000"
"202400016870";"14";"10";"2024";"08:35";"1";"33";"33448";"1";"1";"1";"2";"N/A";"44,72296200";" -0,52430200"
"202400016871";"27";"05";"2024";"09:25";"1";"10";"10387";"2";"2";"1";"6";"Rue d'Alsace - Lorraine";"48,28592000";"4,08277000"
"202400016872";"14";"10";"2024";"06:45";"3";"33";"33487";"1";"9";"1";"4";"N/A";"44,95103901";" -0,46154046"
"202400016873";"28";"05";"2024";"12:25";"1";"09";"09225";"1";"9";"1";"6";"CASTELLANE LIEU DIT";"43,12114000";"1,65263000"
"202400016874";"14";"10";"2024";"06:57";"5";"33";"33065";"1";"1";"1";"3";"N/A";"44,81231000";" -0,52163000"
"202400016875";"28";"05";"2024";"13:35";"1";"03";"03190";"2";"9";"1";"3";"Rue des Bouvreuils";"46,54787000";"3,33768000"
"202400016876";"11";"10";"2024";"21:10";"5";"33";"33249";"1";"1";"1";"2";"N/A";"44,87885000";" -0,52789000"
"202400016877";"14";"10";"2024";"08:25";"1";"91";"91340";"1";"1";"1";"3";"AUTOROUTE A6";"48,59977000";"2,43980000"
"202400016878";"28";"05";"2024";"14:00";"1";"75";"75119";"2";"3";"2";"4";"RUE DE CRIMEE";"48,88716800";"2,38108070"
"202400016879";"13";"10";"2024";"14:20";"1";"78";"78640";"1";"1";"1";"5";"N118";"48,77752400";"2,22217400"
"202400016880";"28";"05";"2024";"09:15";"1";"75";"75119";"2";"2";"8";"3";"RUE DE BELLEVILLE";"48,87548700";"2,39796500"
"202400016881";"13";"10";"2024";"13:55";"1";"78";"78498";"1";"1";"1";"6";"A13";"48,91288300";"2,00555300"
"202400016882";"28";"05";"2024";"14:25";"1";"75";"75117";"2";"3";"2";"3";"BOULEVARD BESSIERES";"48,89536200";"2,31638500"
"202400016883";"13";"10";"2024";"08:00";"2";"78";"78206";"1";"1";"1";"2";"A13";"48,96874000";"1,91735600"
"202400016884";"28";"05";"2024";"11:50";"1";"75";"75116";"2";"2";"2";"3";"AVENUE RAYMOND POINCARE";"48,87219200";"2,28471000"
"202400016885";"12";"10";"2024";"04:09";"3";"78";"78043";"1";"1";"1";"5";"A12 W";"48,82685300";"2,07696700"
"202400016886";"28";"05";"2024";"08:30";"1";"75";"75116";"2";"3";"8";"2";"RUE DE PASSY";"48,85830900";"2,28314200"
"202400016887";"14";"10";"2024";"14:30";"1";"95";"95582";"1";"1";"1";"6";"A15";"48,97011903";"2,24986200"
"202400016888";"14";"10";"2024";"09:25";"1";"95";"95060";"1";"1";"1";"2";"A115";"49,03632652";"2,19483097"
"202400016889";"28";"05";"2024";"15:00";"1";"75";"75115";"2";"2";"8";"7";"RUE DE LA CROIX NIVERT";"48,83735700";"2,28946500"
"202400016890";"14";"10";"2024";"13:55";"1";"93";"93010";"1";"1";"1";"2";"AUTOROUTE A3";"48,90625339";"2,47214056"
"202400016891";"14";"10";"2024";"09:40";"1";"93";"93073";"1";"1";"1";"2";"AUTOROUTE A104";"48,96676604";"2,56065607"
"202400016892";"10";"10";"2024";"20:50";"3";"95";"95582";"1";"1";"2";"2";"A15";"48,96852140";"2,25167830"
"202400016893";"24";"06";"2024";"16:00";"1";"84";"84042";"2";"1";"1";"6";"Boulevard du Sud";"43,77173400";"5,44032300"
"202400016894";"23";"05";"2024";"07:30";"1";"80";"80642";"1";"3";"1";"3";"D933";"50,14643600";"2,14085300"
"202400016895";"29";"04";"2024";"19:39";"2";"80";"80159";"1";"1";"1";"7";"Autoroute A29 - PK 209+225";"49,85854300";"2,46673100"
"202400016896";"20";"05";"2024";"18:00";"1";"32";"32227";"1";"1";"1";"2";"D931";"43,81325600";"0,08076700"
"202400016897";"20";"07";"2024";"18:30";"1";"41";"41151";"2";"1";"1";"6";"107 Rue de Tours";"47,34258500";"1,16917000"
"202400016898";"26";"07";"2024";"23:10";"3";"24";"24301";"1";"1";"1";"6";"D63";"45,01436200";"1,44178400"
"202400016899";"25";"07";"2024";"13:50";"1";"57";"57620";"1";"3";"1";"1";"D181a";"49,19663524";"5,98965137"
"202400016900";"13";"10";"2024";"19:25";"5";"69";"69152";"2";"1";"1";"6";"145 Boulevard de l'Europe";"45,69603000";"4,82601000"
"202400016901";"11";"10";"2024";"07:30";"1";"69";"69034";"2";"2";"1";"3";"Avenue Jean Monnet";"45,79162249";"4,83754830"
"202400016902";"13";"10";"2024";"12:30";"1";"95";"95268";"2";"1";"1";"6";"JACQUES ANQUETIL (RUE)";"48,96186716";"2,39848942"
"202400016903";"12";"10";"2024";"17:00";"1";"95";"95572";"2";"1";"2";"6";"PONT VERT (RUE DU)";"49,03376848";"2,12709278"
"202400016904";"11";"10";"2024";"15:00";"1";"95";"95323";"2";"2";"1";"6";"OISE (BOULEVARD DE L')";"49,01329000";"2,02772000"
"202400016905";"12";"10";"2024";"11:50";"1";"91";"91347";"2";"1";"8";"1";"RUE DE LORMOY";"48,64133000";"2,29153000"
"202400016906";"13";"10";"2024";"06:20";"5";"91";"91174";"2";"6";"1";"3";"RUE DE LA PAPETERIE";"48,59716000";"2,46586000"
"202400016907";"13";"10";"2024";"01:35";"4";"84";"84007";"1";"1";"3";"1";"129 (RN) MFT";"43,88997000";"4,91563000"
"202400016908";"12";"10";"2024";"15:40";"1";"83";"83137";"1";"1";"8";"1";"CD 46 DE 1930 A FIN (VALETTE)";"43,15287000";"5,96389000"
"202400016909";"12";"10";"2024";"16:05";"1";"81";"81257";"2";"2";"1";"3";"TEQUI ( AVENUE GERMAIN )";"43,94877000";"2,21067000"
"202400016910";"13";"10";"2024";"20:55";"4";"78";"78168";"1";"6";"1";"3";"MESNIL ST DENIS (RUE DU)";"48,74803000";"1,92631000"
"202400016911";"13";"10";"2024";"12:00";"1";"77";"77058";"1";"6";"1";"3";"RD10";"48,85006000";"2,73431000"
"202400016912";"23";"09";"2024";"10:45";"1";"76";"76114";"2";"1";"1";"6";"DESGENETAIS LEON (PLACE)";"49,56890000";"0,47183000"
"202400016913";"8";"10";"2024";"12:00";"1";"73";"73011";"2";"2";"2";"6";"COTY (RUE PRESIDENT)";"45,67698021";"6,38928456"
"202400016914";"13";"10";"2024";"15:40";"1";"71";"71076";"2";"1";"1";"2";"KENNEDY (AVENUE JOHN FITZGERALD)";"46,79627000";"4,86284000"
"202400016915";"13";"10";"2024";"17:30";"1";"69";"69091";"1";"1";"1";"5";"Route de Mornant";"45,58906446";"4,73539773"
"202400016916";"13";"10";"2024";"15:40";"1";"64";"64445";"2";"2";"1";"3";"JEAN MERMOZ";"43,31581000";" -0,37802000"
"202400016917";"13";"10";"2024";"10:40";"1";"64";"64445";"2";"1";"1";"7";"NORMAN PRINCE";"43,30713000";" -0,34093000"
"202400016918";"12";"10";"2024";"05:30";"5";"60";"60382";"1";"1";"1";"1";"RD 935";"49,44330548";"2,79531884"
"202400016919";"13";"10";"2024";"03:56";"5";"44";"44143";"2";"1";"1";"1";"5 Avenue Louise Michel";"47,18801000";" -1,54783000"
"202400016920";"13";"10";"2024";"08:50";"1";"35";"35051";"1";"1";"1";"2";"PORTE DE NORMANDIE";"48,14753000";" -1,61535000"
"202400016921";"13";"10";"2024";"15:34";"1";"22";"22278";"2";"3";"1";"3";"PARIS (DE)";"48,50204000";" -2,73712000"
"202400016922";"13";"10";"2024";"16:05";"1";"17";"17415";"2";"1";"1";"6";"MARINE RUE DE LA";"45,74935000";" -0,63392000"
"202400016923";"8";"10";"2024";"15:55";"1";"14";"14243";"2";"4";"1";"7";"6 Chemin du Clos Videcoq";"49,39326000";"0,20585000"
"202400016924";"13";"10";"2024";"17:30";"1";"13";"13103";"1";"1";"1";"3";"AURELIENNE -ANCIENNE VOIE";"43,62704000";"5,06965000"
"202400016925";"5";"09";"2024";"21:44";"4";"13";"13077";"2";"1";"1";"4";"THOREZ MAURICE (avenue)";"43,40693106";"4,98087403"
"202400016926";"13";"10";"2024";"16:54";"1";"13";"13204";"2";"1";"1";"1";"SAKAKINI (BOULEVARD)";"43,29632000";"5,40015000"
"202400016927";"12";"10";"2024";"10:15";"1";"13";"13211";"2";"1";"1";"3";"JEAN LOMBARD (AVENUE)";"43,28897216";"5,43202328"
"202400016928";"13";"10";"2024";"13:55";"1";"13";"13047";"1";"1";"1";"1";"R.N 569";"43,57908000";"4,98447000"
"202400016929";"12";"10";"2024";"04:05";"3";"08";"08409";"2";"1";"1";"6";"N/A";"49,70238825";"4,96306971"
"202400016930";"13";"10";"2024";"01:15";"5";"07";"07019";"2";"1";"2";"5";"JEAN MATHON(BOULEVARD)";"44,61990000";"4,38710000"
"202400016931";"13";"10";"2024";"12:25";"1";"03";"03101";"1";"2";"1";"3";"RICROS";"46,37881000";"2,51914000"
"202400016932";"12";"10";"2024";"22:54";"5";"01";"01031";"2";"9";"2";"6";"PRES ( RUE DES )";"46,23251400";"5,62335600"
"202400016933";"11";"10";"2024";"12:11";"1";"75";"75112";"2";"1";"1";"2";"BD PERIPHERIQUE EXTERIEUR";"48,83254200";"2,40610900"
"202400016934";"11";"10";"2024";"00:05";"5";"75";"75110";"2";"2";"1";"6";"BOULEVARD DE MAGENTA";"48,87736700";"2,35511200"
"202400016935";"10";"10";"2024";"21:45";"5";"75";"75120";"2";"2";"1";"4";"RUE DES PYRENEES";"48,87165900";"2,39230300"
"202400016936";"13";"10";"2024";"21:20";"5";"75";"75118";"2";"1";"1";"6";"AVENUE DE LA PORTE DE MONTMARTRE";"48,89851900";"2,33677100"
"202400016937";"13";"10";"2024";"02:25";"5";"75";"75116";"2";"3";"1";"6";"AVENUE DE NEW YORK";"48,85882900";"2,28897800"
"202400016938";"13";"10";"2024";"05:30";"5";"75";"75115";"2";"2";"1";"3";"RUE DE VAUGIRARD";"48,84039700";"2,30425000"
"202400016939";"13";"10";"2024";"11:20";"1";"75";"75113";"2";"2";"1";"7";"AVENUE DE LA PORTE D ITALIE";"48,81911800";"2,35952200"
"202400016940";"13";"10";"2024";"14:30";"1";"75";"75110";"2";"3";"1";"3";"RUE PIERRE CHAUSSON";"48,87093000";"2,36080400"
"202400016941";"12";"10";"2024";"22:20";"5";"94";"94074";"2";"1";"1";"6";"Rue Louise Michel";"48,74450000";"2,46541000"
"202400016942";"13";"10";"2024";"20:00";"5";"94";"94002";"2";"5";"1";"3";"Boulevard Carnot";"48,79590000";"2,42663000"
"202400016943";"13";"10";"2024";"12:45";"1";"94";"94041";"2";"2";"1";"3";"Quai Jean Compagnon";"48,81896000";"2,39923000"
"202400016944";"13";"10";"2024";"05:10";"5";"93";"93073";"2";"9";"2";"2";"CHAPIT RE ( RUE DU)";"49,00349559";"2,55870581"
"202400016945";"13";"10";"2024";"10:15";"1";"93";"93066";"2";"1";"1";"1";"WILSON (AVENUE DU PRESIDENT)";"48,91440561";"2,35744389"
"202400016946";"13";"10";"2024";"19:30";"5";"93";"93055";"2";"1";"1";"6";"JEAN JAURES (AVENUE) (2/74)";"48,90391237";"2,39243306"
"202400016947";"13";"10";"2024";"11:25";"1";"93";"93053";"2";"1";"1";"6";"ANATOLE FRANCE (RUE)";"48,88617613";"2,44575763"
"202400016948";"11";"10";"2024";"19:20";"5";"92";"92062";"2";"1";"1";"6";"REPUBLIQUE (RUE DE LA) N° 100 A 14";"48,88479475";"2,23964015"
"202400016949";"13";"10";"2024";"15:15";"1";"92";"92050";"2";"2";"1";"3";"JOLIOT CURIE F. ET IRENE AVENUE  N°PAIRS";"48,88932487";"2,20413432"
"202400016950";"13";"10";"2024";"20:10";"5";"92";"92012";"2";"2";"1";"3";"PIERRE LEFAUCHEUX (AVENUE)";"48,82732935";"2,23450921"
"202400016951";"14";"10";"2024";"07:49";"1";"78";"78356";"1";"3";"1";"3";"D195";"48,74217000";"2,05595100"
"202400016952";"13";"10";"2024";"16:12";"1";"71";"71360";"1";"2";"1";"3";"D17";"46,32211900";"4,76732700"
"202400016953";"8";"10";"2024";"17:30";"1";"974";"97415";"1";"1";"1";"2";"Route Nationale 1";" -20,99349600";"55,28758000"
"202400016954";"14";"10";"2024";"08:15";"1";"11";"11413";"1";"1";"1";"1";"N/A";"43,34111300";"2,28916900"
"202400016955";"13";"10";"2024";"12:10";"1";"09";"09224";"1";"1";"1";"1";"D919";"43,08359000";"1,43313600"
"202400016956";"13";"10";"2024";"00:45";"3";"22";"22190";"1";"1";"1";"7";"D2";"48,52646800";" -2,09165100"
"202400016957";"14";"10";"2024";"07:55";"1";"40";"40036";"2";"1";"1";"6";"Route de Dax";"43,64214700";" -1,34194100"
"202400016958";"6";"10";"2024";"02:45";"5";"40";"40304";"2";"1";"1";"6";"1060 Avenue du Golf";"43,65697500";" -1,41697100"
"202400016959";"14";"10";"2024";"12:55";"1";"49";"49188";"1";"4";"1";"1";"La Braudiere";"47,58759100";" -0,28869200"
"202400016960";"10";"10";"2024";"18:05";"2";"83";"83004";"1";"3";"1";"6";"chemin du collombier";"43,46036512";"6,47487316"