"Num_Acc";"jour";"mois";"an";"hrmn";"lum";"dep";"com";"agg";"int";"atm";"col";"adr";"lat";"long"
"202400016961";"14";"10";"2024";"10:40";"1";"59";"59016";"1";"1";"3";"1";"D3";"50,97006600";"2,37247700"
"202400016962";"13";"10";"2024";"10:00";"1";"79";"79007";"1";"1";"1";"7";"N/A";"46,58404800";" -0,41623600"
"202400016963";"12";"10";"2024";"01:18";"4";"79";"79179";"1";"6";"1";"7";"N/A";"46,70590700";" -0,59864200"
"202400016964";"12";"10";"2024";"22:30";"3";"79";"79061";"1";"1";"1";"7";"N/A";"46,25581200";" -0,22512300"
"202400016965";"15";"09";"2024";"20:45";"5";"80";"80597";"1";"6";"1";"3";"Rue Henri Barbusse";"50,07335100";"1,58960600"
"202400016966";"13";"10";"2024";"14:50";"1";"82";"82115";"1";"1";"1";"6";"Route de Vaissac";"44,00210700";"1,58775000"
"202400016967";"10";"10";"2024";"21:40";"3";"11";"11269";"1";"1";"1";"4";"N/A";"43,29540200";"2,96735500"
"202400016968";"14";"10";"2024";"18:55";"2";"41";"41106";"2";"2";"1";"3";"Intersection Rue des Genêts et Rue de la Campagnarde";"47,60417200";"2,03698500"
"202400016969";"14";"10";"2024";"17:10";"1";"68";"68258";"2";"1";"1";"7";"Allée Robert Schuman";"47,84418400";"7,28082400"
"202400016970";"2";"10";"2024";"16:05";"1";"22";"22196";"1";"1";"1";"6";"Zone Artisanale Kerantour Sud";"48,77944000";" -3,14636000"
"202400016971";"12";"10";"2024";"13:25";"1";"44";"44064";"1";"1";"1";"7";"la Grande Metairie";"47,08983400";" -1,32252200"
"202400016972";"11";"10";"2024";"08:00";"2";"44";"44096";"1";"1";"5";"3";"91 la loirière";"47,44686500";" -1,18094400"
"202400016973";"6";"10";"2024";"06:40";"5";"29";"29212";"1";"1";"1";"1";"D789";"48,36688436";" -4,57966692"
"202400016974";"13";"10";"2024";"12:20";"1";"31";"31145";"2";"1";"1";"7";"Avenue de la Gare";"43,30628900";"1,52814800"
"202400016975";"13";"10";"2024";"19:36";"3";"50";"50487";"1";"1";"1";"1";"La Daltiere";"48,50036100";" -1,39120500"
"202400016976";"12";"10";"2024";"14:45";"1";"16";"16167";"2";"3";"2";"3";"46 Route de Luchac";"45,68593600";" -0,18597300"
"202400016977";"13";"10";"2024";"16:20";"1";"04";"04084";"1";"1";"7";"6";"d 907";"43,95294600";"6,18044300"
"202400016978";"13";"10";"2024";"04:20";"3";"85";"85204";"1";"1";"1";"7";"Chemin de la merandoire";"46,81515700";" -1,79495600"
"202400016979";"11";"10";"2024";"12:05";"1";"27";"27170";"2";"1";"1";"6";"Rue de l’Abbaye";"49,24765600";"0,37729000"
"202400016980";"14";"10";"2024";"12:10";"1";"17";"17098";"1";"1";"1";"1";"D139";"45,52804300";" -0,76870000"
"202400016981";"13";"10";"2024";"14:00";"1";"87";"87019";"1";"1";"1";"6";"Le Roseau";"45,76472400";"1,31205100"
"202400016982";"13";"10";"2024";"16:00";"1";"987";"98734";"2";"1";"1";"6";"pk 35.900";" -17,76096166";" -149,51045036"
"202400016983";"9";"10";"2024";"08:30";"1";"973";"97307";"1";"1";"1";"3";"RN 2 PK 3";"4,85966800";" -52,33391000"
"202400016984";"11";"10";"2024";"16:00";"1";"42";"42011";"1";"9";"1";"2";"A89";"45,83531800";"4,16155500"
"202400016985";"12";"10";"2024";"15:41";"1";"01";"01062";"1";"1";"3";"2";"A42 PK 19+600 sens LYON GENÈVE";"45,85657300";"5,11093900"
"202400016986";"13";"10";"2024";"04:10";"3";"82";"82049";"1";"1";"1";"1";"A 62 PK 145.5";"44,07016683";"0,82001761"
"202400016987";"30";"09";"2024";"15:25";"1";"36";"36101";"2";"3";"1";"3";"Lothiers";"46,70032139";"1,58727049"
"202400016988";"11";"10";"2024";"16:00";"1";"14";"14712";"1";"1";"1";"2";"A13";"49,19168900";" -0,18848400"
"202400016989";"8";"10";"2024";"16:15";"1";"73";"73065";"1";"1";"1";"3";"A43 Bretelle autoroute 13.10";"45,60297800";"5,89240600"
"202400016990";"13";"10";"2024";"22:50";"3";"77";"77333";"1";"1";"1";"1";"Autoroute A6 PK 70+900 vers PARIS";"48,28534900";"2,69525500"
"202400016991";"12";"10";"2024";"23:20";"3";"60";"60505";"1";"1";"9";"1";"RD 1017";"49,17135100";"2,56028700"
"202400016992";"13";"10";"2024";"00:30";"3";"977";"97701";"2";"1";"1";"6";"Pointe Milou";"17,91259300";" -62,81425600"
"202400016993";"12";"10";"2024";"18:30";"2";"971";"97104";"2";"1";"1";"6";"Avenue du Père Labat";"16,01892600";" -61,74697000"
"202400016994";"13";"10";"2024";"16:10";"1";"78";"78380";"2";"2";"1";"3";"9 Rue du Clos Noyon";"48,90993900";"1,84612700"
"202400016995";"13";"10";"2024";"16:25";"1";"83";"83071";"1";"1";"1";"2";"Avenue du General de Gaulle";"43,13472800";"6,23718200"
"202400016996";"13";"10";"2024";"19:35";"2";"83";"83104";"1";"1";"1";"1";"D561";"43,61229400";"5,70224800"
"202400016997";"14";"10";"2024";"18:15";"2";"13";"13096";"1";"1";"2";"3";"Chemin Haut";"43,46782400";"4,41585500"
"202400016998";"14";"10";"2024";"17:40";"2";"13";"13027";"1";"6";"2";"2";"Route d'avignon";"43,89436700";"4,82223600"
"202400016999";"12";"10";"2024";"22:30";"5";"03";"03298";"2";"1";"3";"7";"Rue des Brémonts";"46,31819200";"3,39805300"
"202400017000";"14";"10";"2024";"13:40";"1";"73";"73075";"1";"1";"1";"1";"D925 B";"45,44378572";"6,08640609"
"202400017001";"13";"10";"2024";"20:44";"3";"69";"69140";"2";"1";"1";"7";"Route de Saint-Pierre";"45,89150200";"4,69049700"
"202400017002";"13";"10";"2024";"11:00";"1";"33";"33504";"1";"2";"1";"3";"N/A";"44,52692500";" -0,32553400"
"202400017003";"13";"10";"2024";"21:25";"3";"49";"49301";"1";"1";"1";"6";"Rue d'Anjou (St Germain-sur-Moine)";"47,11776700";" -1,10942600"
"202400017004";"14";"10";"2024";"08:00";"2";"44";"44047";"1";"9";"2";"3";"Route de Saint Etienne de Montluc";"47,24251000";" -1,67002900"
"202400017005";"13";"10";"2024";"11:20";"1";"50";"50505";"1";"1";"1";"2";"45 Les Brousses";"48,67616300";" -1,31008200"
"202400017006";"4";"10";"2024";"11:30";"1";"35";"35047";"2";"1";"1";"6";"Avenue Alphonse Legault";"48,02488600";" -1,74527000"
"202400017007";"13";"10";"2024";"19:00";"1";"13";"13212";"2";"1";"1";"2";"A507 sens Marseille - Aubagne";"43,29072770";"5,42449977"
"202400017008";"12";"10";"2024";"06:00";"3";"13";"13026";"1";"1";"1";"3";"A55-Sens Marseille vers Martigues";"43,37958366";"5,16307982"
"202400017009";"13";"10";"2024";"14:45";"1";"83";"83126";"1";"1";"1";"3";"A50";"43,11971718";"5,86322838"
"202400017010";"12";"10";"2024";"18:10";"1";"67";"67152";"1";"9";"1";"7";"Autoroute A.35";"48,52468000";"7,65725000"
"202400017011";"12";"10";"2024";"21:15";"3";"91";"91286";"1";"1";"1";"6";"AUTOROUTE A6";"48,64940000";"2,38475000"
"202400017012";"13";"10";"2024";"01:52";"3";"91";"91689";"1";"1";"1";"5";"AUTOROUTE A6B";"48,74569000";"2,32537000"
"202400017013";"12";"10";"2024";"23:51";"3";"91";"91553";"1";"1";"1";"4";"RN 104";"48,63045000";"2,48649000"
"202400017014";"12";"10";"2024";"17:35";"1";"95";"95277";"1";"1";"2";"4";"A1";"48,96695166";"2,47769618"
"202400017015";"12";"10";"2024";"14:40";"1";"93";"93078";"1";"1";"2";"7";"AUTOROUTE A104";"48,96300436";"2,52239723"
"202400017016";"11";"10";"2024";"20:00";"3";"95";"95061";"1";"1";"1";"2";"N104";"49,06849224";"2,25222096"
"202400017017";"12";"10";"2024";"13:50";"1";"93";"93010";"1";"1";"2";"3";"AUTOROUTE A3";"48,90059002";"2,46986417"
"202400017018";"12";"10";"2024";"12:49";"1";"93";"93005";"1";"1";"2";"5";"AUTOROUTE A1";"48,96577048";"2,47591738"
"202400017019";"12";"10";"2024";"05:20";"3";"95";"95500";"1";"1";"1";"4";"A15";"49,03753486";"2,09060913"
"202400017020";"12";"10";"2024";"04:00";"3";"93";"93053";"1";"1";"1";"6";"AUTOROUTE A3";"48,89707199";"2,46965129"
"202400017021";"12";"10";"2024";"02:00";"3";"93";"93005";"1";"1";"1";"5";"AUTOROUTE A3";"48,95384453";"2,47352068"
"202400017022";"11";"10";"2024";"21:00";"3";"93";"93010";"1";"1";"1";"2";"AUTOROUTE A3";"48,91555081";"2,47765535"
"202400017023";"13";"10";"2024";"05:45";"3";"77";"77141";"1";"1";"1";"2";"A4";"48,85105714";"2,83579486"
"202400017024";"12";"10";"2024";"20:10";"3";"77";"77169";"1";"1";"2";"2";"RN104";"48,80353420";"2,62736421"
"202400017025";"12";"10";"2024";"13:45";"1";"94";"94028";"1";"1";"2";"4";"A86";"48,79983715";"2,44627859"
"202400017026";"12";"10";"2024";"13:15";"1";"94";"94018";"1";"1";"3";"2";"A4";"48,82392287";"2,39473975"
"202400017027";"6";"10";"2024";"16:43";"1";"44";"44009";"1";"1";"1";"2";"N/A";"47,23039832";" -1,46985985"
"202400017028";"3";"10";"2024";"08:00";"2";"44";"44109";"2";"1";"1";"6";"Rue Tournefort";"47,22128782";" -1,55177151"
"202400017029";"24";"09";"2024";"15:55";"1";"44";"44109";"2";"6";"1";"3";"74 Rue du Port Boyer";"47,24121497";" -1,53782643"
"202400017030";"11";"10";"2024";"17:35";"1";"14";"14366";"2";"1";"1";"6";"Avenue Jean XXIII";"49,14448200";"0,26153900"
"202400017031";"11";"10";"2024";"12:50";"1";"92";"92026";"2";"9";"1";"3";"ANDRE PROTHIN (AVENUE)";"48,89202353";"2,24439383"
"202400017032";"11";"03";"2024";"16:15";"1";"75";"75114";"2";"3";"2";"3";"RUE D ALESIA";"48,82779500";"2,32914800"
"202400017033";"13";"03";"2024";"13:20";"1";"75";"75113";"2";"2";"8";"6";"BOULEVARD VINCENT AURIOL";"48,83383600";"2,36515800"
"202400017034";"13";"03";"2024";"15:39";"1";"75";"75101";"2";"3";"1";"3";"PLACE VENDOME";"48,86720800";"2,32877400"
"202400017035";"13";"03";"2024";"11:15";"1";"75";"75103";"2";"3";"8";"6";"BOULEVARD DE SEBASTOPOL";"48,86416800";"2,35137900"
"202400017036";"13";"03";"2024";"00:20";"5";"75";"75101";"2";"2";"2";"7";"BOULEVARD DE SEBASTOPOL";"48,86006900";"2,34908900"
"202400017037";"12";"03";"2024";"08:55";"1";"75";"75101";"2";"2";"8";"7";"RUE DE RIVOLI";"48,85910300";"2,34645900"
"202400017038";"3";"03";"2024";"11:00";"1";"94";"94058";"2";"3";"1";"1";"Quai de l'Artois / Allée Guy Môquet";"48,83006300";"2,50956800"
"202400017039";"13";"03";"2024";"17:30";"1";"94";"94003";"2";"1";"1";"6";"14 Avenue Vladimir Ilitch Lenine";"48,80956900";"2,33058200"
"202400017040";"10";"03";"2024";"21:50";"5";"94";"94028";"2";"2";"1";"3";"Rue Pasteur Vallery Radot / Avenue des Petites Haies";"48,78816000";"2,44095000"
"202400017041";"13";"03";"2024";"20:58";"5";"94";"94015";"2";"6";"1";"3";"Boulevard Jean Monnet / Centre Commercial Les Armoiries";"48,82922000";"2,52973000"
"202400017042";"13";"03";"2024";"07:55";"2";"93";"93051";"2";"1";"1";"6";"Avenue Emile Cossonneau";"48,84942000";"2,56209000"
"202400017043";"13";"03";"2024";"21:45";"5";"93";"93033";"2";"5";"2";"6";"Avenue Aristide Briand / Rue des Muriers";"48,85656000";"2,57744000"
"202400017044";"13";"03";"2024";"06:40";"2";"93";"93049";"2";"2";"2";"3";"Rue Poulet Langlet / Rue Gaston";"48,86190400";"2,50024900"
"202400017045";"13";"03";"2024";"11:45";"1";"93";"93006";"2";"2";"1";"7";"Rue Lenine / Rue Sadi Carnot";"48,86996361";"2,42026448"
"202400017046";"12";"03";"2024";"00:01";"5";"93";"93006";"2";"2";"1";"6";"Avenue de la République / Avenue Galliéni";"48,86224351";"2,41616106"
"202400017047";"13";"03";"2024";"12:15";"1";"93";"93047";"2";"1";"1";"6";"Rue du Lavoir";"48,89971100";"2,57741000"
"202400017048";"13";"03";"2024";"20:38";"5";"92";"92064";"2";"1";"1";"3";"MARCEL DASSAULT";"48,85515000";"2,22288000"
"202400017049";"13";"03";"2024";"12:10";"1";"92";"92044";"2";"1";"8";"7";"ARISTIDE BRIAND(RUE)51A83  54A96";"48,89239000";"2,28829000"
"202400017050";"1";"07";"2024";"11:40";"1";"94";"94003";"2";"2";"1";"3";"Avenue Aristide Briand";"48,80573100";"2,32570300"
"202400017051";"12";"03";"2024";"12:55";"1";"92";"92025";"2";"3";"2";"6";"E.D'ORVES > 330   281 (RUE)";"48,90998071";"2,23339251"
"202400017052";"1";"07";"2024";"06:15";"2";"94";"94076";"2";"1";"1";"3";"138 Avenue de Paris";"48,79757300";"2,36617900"
"202400017053";"12";"03";"2024";"12:15";"1";"92";"92060";"2";"1";"2";"6";"PIERRE BROSSOLETTE (AVENUE)";"48,77721000";"2,25953000"
"202400017054";"12";"03";"2024";"19:29";"5";"92";"92012";"2";"6";"2";"6";"ANDRE MORIZET (AVENUE) 1/47 - 2/52";"48,83375947";"2,24327302"
"202400017055";"30";"06";"2024";"23:50";"5";"94";"94043";"2";"3";"1";"3";"Rue des Chalets / Rue Voltaire";"48,81614000";"2,36435000"
"202400017056";"12";"03";"2024";"12:15";"1";"12";"12140";"1";"1";"1";"6";"D911";"44,38474000";"1,89959400"
"202400017057";"1";"07";"2024";"00:05";"5";"94";"94073";"2";"3";"1";"3";"Avenue du Général de Gaulle";"48,76651200";"2,38644600"
"202400017058";"14";"03";"2024";"10:40";"1";"08";"08239";"2";"1";"1";"6";"10 Avenue de Quimper";"49,39480700";"4,38277300"
"202400017059";"1";"07";"2024";"18:39";"1";"94";"94028";"2";"9";"1";"1";"Avenue du Chemin-de-mesly";"48,78414718";"2,45959961"
"202400017060";"1";"07";"2024";"18:55";"1";"94";"94011";"2";"2";"1";"3";"Rue Jean Catelas";"48,76242182";"2,47948927"
"202400017061";"12";"03";"2024";"05:40";"3";"87";"87120";"1";"1";"2";"1";"A 20";"45,56051800";"1,50057800"
"202400017062";"1";"07";"2024";"10:00";"1";"94";"94060";"2";"1";"1";"6";"Route de Villiers";"48,79339713";"2,57938258"
"202400017063";"14";"03";"2024";"08:30";"1";"06";"06095";"1";"4";"1";"1";"Boulevard des 5 Communes";"43,65007000";"6,88482300"
"202400017064";"30";"06";"2024";"20:17";"1";"93";"93005";"2";"2";"1";"1";"Rue Eugène Delacroix / Boulevard Marc Chagall";"48,95290000";"2,49900500"
"202400017065";"13";"03";"2024";"15:00";"1";"34";"34270";"2";"2";"1";"6";"Avenue de Librilla";"43,57261800";"3,83445900"
"202400017066";"1";"07";"2024";"00:01";"5";"93";"93078";"2";"2";"1";"3";"Avenue Montcalm / Avenue Jules Ferry";"48,95254840";"2,53500427"
"202400017067";"2";"03";"2024";"15:40";"1";"51";"51248";"2";"1";"1";"1";"Rue Jean Jaurés";"48,75589900";"3,99162900"
"202400017068";"30";"06";"2024";"19:05";"1";"93";"93047";"2";"3";"1";"3";"Rue du Génèral Leclerc / Chemin de la Côte du Change";"48,89679000";"2,57571000"
"202400017069";"1";"07";"2024";"16:25";"1";"93";"93008";"2";"1";"1";"6";"Rue de la Comete";"48,91104313";"2,42812729"
"202400017070";"13";"03";"2024";"08:15";"1";"31";"31541";"2";"1";"1";"3";"Route de Toulouse";"43,67577933";"1,36502980"
"202400017071";"25";"06";"2024";"21:40";"1";"92";"92063";"2";"2";"1";"3";"JONCHERE (CHEMIN DE LA)";"48,86949840";"2,15738270"
"202400017072";"14";"03";"2024";"11:30";"1";"55";"55488";"2";"1";"1";"1";"15 Grand Rue";"48,73428900";"5,24580500"
"202400017073";"30";"06";"2024";"13:20";"1";"92";"92049";"2";"2";"1";"7";"REPUBLIQUE AVENUE DE LA N°1 A 79";"48,81532817";"2,31762725"
"202400017074";"13";"03";"2024";"16:40";"1";"72";"72103";"1";"1";"7";"6";"D63";"47,82607100";"0,57140700"
"202400017075";"14";"03";"2024";"08:45";"1";"14";"14100";"2";"1";"1";"6";"30 Rue Camille Blaisot";"49,04359400";" -0,32138000"
"202400017076";"30";"06";"2024";"22:17";"5";"92";"92035";"2";"2";"1";"3";"National ( boulevard )";"48,90462415";"2,23941565"
"202400017077";"13";"03";"2024";"18:00";"1";"27";"27304";"2";"2";"1";"3";"D146";"49,22047900";"1,68036600"
"202400017078";"30";"06";"2024";"14:00";"1";"92";"92035";"2";"1";"1";"3";"République ( boulevard de la )";"48,90667900";"2,24605715"
"202400017079";"1";"07";"2024";"09:15";"1";"92";"92026";"2";"1";"1";"3";"BEZONS  (DE 01 A 22)";"48,89464050";"2,25073434"
"202400017080";"13";"03";"2024";"18:42";"2";"80";"80131";"1";"1";"1";"6";"A29 PK 198.250 SENS NEUFCHATEL/SAINT QUENTIN";"49,85414700";"2,35883700"
"202400017081";"10";"02";"2024";"18:49";"5";"67";"67326";"2";"1";"1";"7";"3a Rue de Mundolsheim";"48,62367475";"7,69952506"
"202400017082";"2";"07";"2024";"15:29";"1";"40";"40168";"1";"1";"1";"2";"A63";"43,81526900";" -1,19381900"
"202400017083";"14";"03";"2024";"08:35";"1";"69";"69385";"2";"1";"1";"3";"163 Rue Joliot Curie";"45,75453300";"4,77992700"
"202400017084";"1";"07";"2024";"19:00";"1";"60";"60643";"2";"1";"1";"6";"Rue Saint-antoine";"49,55894500";"2,58416600"
"202400017085";"13";"03";"2024";"22:05";"3";"83";"83096";"1";"1";"1";"3";"A8";"43,47213227";"5,80838656"
"202400017086";"1";"07";"2024";"17:35";"1";"60";"60040";"1";"3";"1";"3";"D101";"49,41618400";"2,61118900"
"202400017087";"13";"03";"2024";"20:40";"5";"27";"27213";"2";"3";"1";"1";"Route de Gasny";"49,11999900";"1,63921100"
"202400017088";"30";"06";"2024";"19:50";"1";"39";"39487";"1";"1";"1";"1";"N/A";"46,57142600";"5,98980700"
"202400017089";"9";"03";"2024";"17:55";"1";"42";"42330";"1";"1";"3";"2";"A72";"45,47852700";"4,35173400"
"202400017090";"2";"07";"2024";"13:55";"1";"25";"25212";"1";"1";"1";"2";"A36";"47,28076700";"5,99579200"
"202400017091";"1";"07";"2024";"08:30";"1";"17";"17245";"1";"3";"1";"7";"D110, route du silo";"46,13859400";" -1,00904700"
"202400017092";"13";"03";"2024";"14:39";"1";"33";"33013";"1";"1";"1";"5";"N/A";"44,86467000";" -0,50380000"
"202400017093";"1";"07";"2024";"15:30";"1";"16";"16186";"1";"1";"1";"7";"N/A";"45,57901000";" -0,18992000"
"202400017094";"8";"03";"2024";"10:45";"1";"59";"59479";"1";"1";"1";"7";"AUTOROUTE A2";"50,40127000";"3,61722000"
"202400017095";"28";"06";"2024";"05:30";"2";"68";"68029";"2";"1";"1";"3";"28 Rue de Bergholtz-zell";"47,92159900";"7,24353600"
"202400017096";"13";"03";"2024";"08:30";"1";"92";"92060";"1";"1";"1";"2";"RN385";"48,77452416";"2,24034960"
"202400017097";"2";"07";"2024";"07:20";"1";"68";"68023";"2";"1";"1";"7";"43 Rue de Hoen";"48,16012200";"7,33092000"
"202400017098";"2";"07";"2024";"10:20";"1";"67";"67202";"1";"1";"1";"6";"cd 25 schaffhouse sur zorn -PR 10";"48,73967561";"7,56336436"
"202400017099";"12";"03";"2024";"23:28";"5";"92";"92050";"1";"1";"2";"7";"A14";"48,90302962";"2,19912449"
"202400017100";"2";"07";"2024";"12:25";"1";"83";"83036";"2";"1";"1";"6";"Boulevard de l'Eau Blanche";"43,19008829";"6,52842200"
"202400017101";"12";"03";"2024";"20:33";"5";"92";"92012";"1";"1";"2";"2";"A13";"48,84817148";"2,22577108"
"202400017102";"11";"03";"2024";"21:30";"3";"95";"95277";"1";"1";"1";"6";"A3";"48,98124593";"2,49850875"
"202400017103";"28";"06";"2024";"18:20";"1";"14";"14347";"1";"2";"1";"5";"Route de Caumont";"49,03717000";" -0,72954600"
"202400017104";"11";"03";"2024";"18:15";"3";"93";"93066";"1";"1";"2";"2";"A86";"48,92279781";"2,35128419"
"202400017105";"2";"07";"2024";"16:55";"1";"50";"50487";"1";"1";"1";"6";"A84";"48,52842900";" -1,34394800"
"202400017106";"2";"07";"2024";"17:28";"1";"14";"14061";"1";"1";"1";"2";"A84";"49,02247600";" -0,83746600"
"202400017107";"13";"03";"2024";"17:20";"1";"94";"94058";"1";"1";"1";"5";"A86";"48,84340048";"2,49314717"
"202400017108";"11";"01";"2024";"19:20";"5";"74";"74010";"2";"2";"1";"3";"FRANCE (AVENUE)(SECTEUR 310)";"45,90846000";"6,13960000"
"202400017109";"2";"07";"2024";"07:15";"1";"27";"27148";"1";"1";"8";"2";"A 28  PK 223.990";"48,97442900";"0,43481800"
"202400017110";"11";"01";"2024";"13:15";"1";"74";"74010";"2";"1";"1";"1";"CREUSES (ROUTE DES)     (SECTEUR 630)";"45,89250000";"6,09430000"
"202400017111";"2";"07";"2024";"11:40";"1";"79";"79161";"1";"2";"1";"1";"N/A";"46,93680700";" -0,24389900"
"202400017112";"12";"03";"2024";"14:20";"1";"974";"97411";"2";"1";"1";"6";"BOIS ROUGE (CHEMIN DE)";" -20,92533000";"55,49030000"
"202400017113";"12";"03";"2024";"07:40";"1";"974";"97411";"1";"9";"1";"6";"JAURES (BLD 1 JEAN)";" -20,89527000";"55,47290000"
"202400017114";"2";"07";"2024";"13:15";"1";"82";"82042";"1";"3";"1";"3";"D81";"44,16973800";"1,20363600"
"202400017115";"30";"06";"2024";"17:35";"1";"65";"65460";"2";"6";"1";"2";"D935";"43,38728900";"0,06738800"
"202400017116";"12";"03";"2024";"13:22";"1";"973";"97302";"2";"3";"1";"2";"CABASSOU (ROUTE DE)";"4,91750390";" -52,31285244"
"202400017117";"11";"03";"2024";"07:50";"1";"973";"97302";"2";"3";"1";"3";"MONTABO (ROUTE DE) 1";"4,94286389";" -52,30615899"
"202400017118";"28";"06";"2024";"01:25";"3";"32";"32160";"1";"1";"1";"1";"Au Choulon";"43,60171400";"1,02973200"
"202400017119";"17";"05";"2024";"18:10";"2";"42";"42048";"2";"1";"1";"1";"Route de Saint Hilaire";"46,15132700";"4,17219800"
"202400017120";"13";"03";"2024";"00:00";"5";"69";"69387";"2";"2";"1";"1";"Rue de l'Université";"45,74910000";"4,84213000"
"202400017121";"12";"03";"2024";"14:50";"1";"69";"69387";"2";"2";"1";"3";"Rue du Repos";"45,74639000";"4,85008000"
"202400017122";"10";"06";"2024";"07:35";"2";"29";"29146";"1";"3";"1";"3";"Route de la Trinite";"47,91853531";" -3,81582005"
"202400017123";"12";"03";"2024";"08:20";"1";"69";"69034";"2";"2";"8";"3";"Chemin des Bruyères";"45,80221000";"4,86209000"
"202400017124";"29";"06";"2024";"06:00";"2";"03";"03126";"1";"6";"5";"6";"d906";"46,07340200";"3,43608100"
"202400017125";"11";"03";"2024";"18:10";"1";"971";"97113";"1";"1";"1";"2";"SECTEUR DAMPIERRE";"16,21118000";" -61,47380000"
"202400017126";"30";"06";"2024";"15:25";"1";"03";"03110";"1";"9";"8";"1";"59 Route de Vichy";"46,12704300";"3,36062000"
"202400017127";"1";"07";"2024";"16:40";"1";"70";"70282";"1";"1";"1";"6";"D12 PK 22 + 750";"47,39574900";"5,79352900"
"202400017128";"12";"03";"2024";"11:59";"1";101;101004";"2";"1";"1";"6";"MARECHAL LYAUTEY AVENUE PAIR";"41,93515000";"8,74430000"
"202400017129";"1";"07";"2024";"18:45";"1";"58";"58280";"2";"1";"1";"3";"Route du Bourg";"46,85797600";"3,38978100"
"202400017130";"11";"03";"2024";"17:40";"2";101;101004";"2";"1";"2";"2";"CLAIRIERE RCE LA BD LOUIS CAMPI";"41,94346000";"8,75419000"
"202400017131";"30";"06";"2024";"10:30";"1";"66";"66137";"2";"1";"1";"6";"avenue de france";"42,46184000";"2,86380500"
"202400017132";"12";"03";"2024";"19:30";"5";"95";"95680";"2";"6";"1";"6";"D370";"48,99861665";"2,41546271"
"202400017133";"2";"07";"2024";"07:00";"1";"54";"54072";"1";"1";"1";"6";"D40";"48,83777500";"6,09297000"
"202400017134";"12";"03";"2024";"14:55";"1";"95";"95203";"2";"1";"2";"6";"D928";"48,99514287";"2,27527506"
"202400017135";"2";"07";"2024";"09:05";"1";"72";"72139";"1";"1";"8";"1";"PK 84+200";"48,30859080";"0,09513411"
"202400017136";"11";"03";"2024";"10:15";"1";"95";"95598";"2";"1";"1";"3";"HENRI SESTRE (PLACE)";"48,98803454";"2,30160087"
"202400017137";"25";"06";"2024";"07:32";"1";"72";"72071";"1";"4";"1";"6";"105 Route de Nogent (Montabon)";"47,67727200";"0,40734200"
"202400017138";"12";"03";"2024";"08:25";"1";"91";"91570";"2";"1";"1";"6";"SAINT SAENS (RUE)";"48,63226000";"2,32585000"
"202400017139";"14";"06";"2024";"09:20";"1";"06";"06108";"2";"3";"1";"3";" Boulevard des Mimosas";"43,58097400";"6,95803100"
"202400017140";"12";"03";"2024";"17:15";"1";"91";"91471";"2";"1";"2";"3";"BLEUETS (AVENUE DES)";"48,68220000";"2,18540000"
"202400017141";"1";"07";"2024";"15:04";"1";"90";"90087";"2";"1";"3";"1";"au niveau de l'intersection de la D83 et de la D22";"47,67082100";"6,92285700"
"202400017142";"11";"03";"2024";"16:30";"1";"91";"91122";"2";"1";"1";"3";"PASSAGE DE VILLEVERT";"48,69601000";"2,16223000"
"202400017143";"2";"07";"2024";"07:45";"1";"36";"36006";"2";"1";"1";"6";"Rue Chapelle Notre Dame";"46,58675400";"1,51526000"
"202400017144";"11";"03";"2024";"18:50";"5";"91";"91345";"2";"2";"2";"6";"RUE MAURICE";"48,69316800";"2,29282700"
"202400017145";"2";"07";"2024";"13:20";"1";"16";"16181";"1";"1";"1";"1";"N/A";"46,08832000";"0,67487600"
"202400017146";"12";"03";"2024";"17:00";"1";"91";"91114";"2";"1";"2";"6";"RUE MARCEAU";"48,69380000";"2,48968000"
"202400017147";"1";"07";"2024";"08:00";"1";"17";"17197";"2";"1";"1";"3";"15 Avenue du 19 Mars 1962";"45,43654900";" -0,44854600"
"202400017148";"11";"03";"2024";"16:40";"1";"91";"91201";"2";"9";"2";"6";"AV DE L EUROPE";"48,68210000";"2,43030000"
"202400017149";"12";"03";"2024";"17:14";"2";"91";"91228";"2";"1";"2";"6";"MONTESPAN (RUE)";"48,63259000";"2,43395000"
"202400017150";"1";"07";"2024";"07:45";"1";"37";"37211";"1";"3";"1";"3";"L?Orset";"47,24269420";"0,80945796"
"202400017151";"12";"03";"2024";"09:30";"1";"91";"91228";"2";"1";"8";"6";"BD DE L YERRES";"48,61932200";"2,42811800"
"202400017152";"25";"06";"2024";"10:20";"1";"37";"37282";"1";"6";"1";"3";"25 La Revaudiere";"46,80323900";"0,83511100"
"202400017153";"12";"03";"2024";"19:12";"3";"91";"91223";"2";"9";"1";"2";"COQUERIVE (AVENUE DE)";"48,43384000";"2,16763000"
"202400017154";"25";"06";"2024";"14:51";"1";"37";"37273";"1";"2";"1";"3";"RD 140 - Le bois de plantes";"47,38225199";"0,76184499"
"202400017155";"7";"03";"2024";"16:40";"1";"89";"89387";"2";"2";"1";"3";"RENE BINET (RUE)";"48,19370000";"3,29307000"