"Num_Acc";"jour";"mois";"an";"hrmn";"lum";"dep";"com";"agg";"int";"atm";"col";"adr";"lat";"long"
"202400017406";"1";"07";"2024";"11:05";"1";"11";"11397";"1";"1";"1";"2";"rd 610";"43,20466000";"2,46633400"
"202400017407";"20";"11";"2024";"12:15";"1";"13";"13005";"2";"1";"1";"3";"DOUARD (AVENUE DU)";"43,28625379";"5,59862942"
"202400017408";"1";"07";"2024";"05:00";"2";"71";"71558";"1";"1";"1";"6";"D996";"46,54139000";"5,24466000"
"202400017409";"10";"03";"2024";"10:10";"1";"28";"28350";"1";"2";"8";"3";"Départementale 923";"48,45092700";"1,29386000"
"202400017410";"20";"11";"2024";"12:40";"1";"06";"06083";"2";"1";"1";"1";"Route de Castellar";"43,78530000";"7,50464000"
"202400017411";"13";"03";"2024";"16:15";"1";"49";"49138";"1";"1";"1";"7";"A85";"47,42466100";" -0,14325100"
"202400017412";"20";"11";"2024";"13:20";"1";"06";"06029";"2";"1";"1";"6";"ParcPANTIERO";"43,55106980";"7,01327180"
"202400017413";"30";"06";"2024";"21:15";"1";"71";"71014";"2";"1";"1";"6";"7 Rue Mermoz";"46,95159500";"4,29099300"
"202400017414";"8";"03";"2024";"07:30";"1";"01";"01077";"1";"1";"1";"3";"A40 PK 133+200 en direction de GENEVE";"46,11153500";"5,46480000"
"202400017415";"15";"11";"2024";"19:35";"5";"05";"05061";"2";"1";"1";"5";"Avenue Bernard Givaudan";"44,53955000";"6,06379000"
"202400017416";"12";"06";"2024";"18:35";"1";"89";"89002";"1";"2";"1";"3";"D956";"47,71749300";"3,90989900"
"202400017417";"13";"03";"2024";"08:37";"1";"49";"49007";"2";"1";"1";"6";"D323";"47,46796300";" -0,56588200"
"202400017418";"13";"03";"2024";"02:05";"3";"51";"51097";"1";"1";"2";"6";"Autoroute A4 Pk 187+530 sens Paris / Strasbourg";"49,03025700";"4,54675200"
"202400017419";"20";"11";"2024";"13:25";"5";"75";"75116";"2";"1";"1";"2";"BD PERIPHERIQUE INTERIEUR";"48,84585300";"2,25507200"
"202400017420";"1";"07";"2024";"09:20";"1";"89";"89034";"1";"1";"2";"1";"D965";"47,81280000";"3,70500000"
"202400017421";"16";"06";"2024";"08:00";"2";"49";"49178";"1";"1";"1";"7";"D923";"47,62920510";" -0,96204487"
"202400017422";"20";"11";"2024";"00:15";"5";"75";"75106";"2";"2";"2";"3";"BOULEVARD SAINT GERMAIN";"48,85210900";"2,34036100"
"202400017423";"5";"03";"2024";"15:00";"1";"69";"69086";"1";"3";"1";"5";"Route de France";"45,83369900";"4,66965600"
"202400017424";"29";"06";"2024";"17:45";"1";"49";"49362";"2";"1";"1";"2";"17 Route de Saumur";"47,23174300";" -0,07270900"
"202400017425";"20";"11";"2024";"18:00";"5";"75";"75116";"2";"2";"1";"6";"ROUTE DE SURESNES";"48,86511000";"2,23449800"
"202400017426";"12";"03";"2024";"18:00";"2";"974";"97417";"2";"1";"7";"6";"Chemin Paul Hoareau";" -21,35971400";"55,72054300"
"202400017427";"28";"06";"2024";"21:00";"2";"34";"34150";"2";"1";"1";"1";"Avenue du Soleil";"43,32035000";"3,53971100"
"202400017428";"20";"11";"2024";"08:30";"1";"75";"75116";"2";"3";"8";"3";"AVENUE DES PORTUGAIS";"48,87098100";"2,29419700"
"202400017429";"6";"03";"2024";"11:00";"1";"33";"33199";"2";"1";"1";"6";"N/A";"44,63619800";" -1,08160100"
"202400017430";"28";"06";"2024";"15:08";"1";"44";"44090";"1";"1";"1";"1";"N/A";"46,99937500";" -1,73594700"
"202400017431";"20";"11";"2024";"12:45";"1";"75";"75115";"2";"3";"1";"3";"BOULEVARD DE GRENELLE";"48,85033000";"2,29487000"
"202400017432";"13";"03";"2024";"13:34";"1";"91";"91359";"1";"1";"1";"1";"D837";"48,39577300";"2,40600600"
"202400017433";"30";"06";"2024";"20:45";"1";"44";"44087";"1";"1";"1";"1";"l’hermitiere";"47,03035500";" -1,81886000"
"202400017434";"6";"03";"2024";"13:50";"1";"34";"34154";"2";"1";"1";"1";"Rue des Flamants Roses";"43,62152600";"4,00243500"
"202400017435";"29";"06";"2024";"17:45";"1";"44";"44048";"1";"3";"1";"3";"la guillardière";"47,39613414";" -1,24819279"
"202400017436";"13";"03";"2024";"08:48";"1";"84";"84122";"2";"9";"1";"6";"D 950";"44,08657900";"4,97009000"
"202400017437";"20";"11";"2024";"12:45";"1";"75";"75107";"2";"3";"1";"1";"AVENUE DU MARECHAL GALLIENI";"48,86110500";"2,31322600"
"202400017438";"28";"06";"2024";"09:50";"1";"35";"35297";"1";"1";"1";"6";"N164 pk11";"48,17782900";" -2,19360700"
"202400017439";"13";"03";"2024";"14:05";"1";"83";"83115";"1";"1";"1";"6";"ROUTE DEPARTEMENTALE 25";"43,35534000";"6,60243500"
"202400017440";"18";"11";"2024";"19:00";"5";"94";"94081";"2";"1";"3";"6";"91 Avenue Paul Vaillant Couturier";"48,79584900";"2,39797500"
"202400017441";"29";"06";"2024";"09:45";"1";"38";"38272";"1";"1";"1";"3";"R.D. 71C";"45,22588100";"5,31626700"
"202400017442";"12";"03";"2024";"20:25";"3";"83";"83113";"1";"1";"1";"6";"D69";"43,69707743";"5,90173872"
"202400017443";"20";"11";"2024";"07:40";"3";"94";"94046";"2";"3";"2";"6";"Avenue du Général Leclerc";"48,80490000";"2,44252300"
"202400017444";"17";"11";"2024";"22:17";"5";"94";"94041";"2";"1";"1";"3";"Avenue Danielle Casanova";"48,81257000";"2,38628000"
"202400017445";"13";"03";"2024";"16:55";"1";"25";"25350";"1";"1";"1";"1";"D460";"47,48272800";"6,68698300"
"202400017446";"30";"06";"2024";"16:30";"1";"38";"38001";"2";"3";"1";"3";"Route de Bourg";"45,51056664";"5,59776563"
"202400017447";"20";"11";"2024";"06:35";"5";"94";"94073";"2";"1";"2";"6";"Avenue de Versailles";"48,75697995";"2,38852698"
"202400017448";"1";"07";"2024";"16:45";"1";"38";"38287";"1";"9";"1";"1";"D17";"45,44366300";"5,50118900"
"202400017449";"12";"03";"2024";"07:30";"2";"42";"42094";"2";"2";"2";"3";"Rue Louis Blanc";"45,73637300";"4,23588400"
"202400017450";"19";"11";"2024";"19:20";"5";"94";"94033";"2";"1";"3";"3";"Avenue de Lattre de Tassigny";"48,85703000";"2,49171000"
"202400017451";"29";"06";"2024";"14:55";"1";"38";"38269";"2";"3";"1";"6";"rue du breuil";"44,90643800";"5,78777500"
"202400017452";"12";"03";"2024";"20:00";"3";"42";"42113";"1";"1";"2";"6";"Route de Panissières";"45,74646600";"4,30126500"
"202400017453";"18";"11";"2024";"20:22";"5";"94";"94028";"2";"9";"2";"3";"Rue de Paris";"48,79455300";"2,45970500"
"202400017454";"20";"11";"2024";"13:50";"1";"94";"94073";"2";"1";"1";"6";"Boulevard de Stalingrad";"48,76863000";"2,40260000"
"202400017455";"20";"11";"2024";"12:15";"1";"94";"94002";"2";"1";"1";"6";"Rue Paul Vaillant Couturier";"48,80502000";"2,41931000"
"202400017456";"11";"03";"2024";"12:25";"1";"26";"26057";"1";"2";"1";"3";"Route de Besayes";"45,00494581";"5,06291628"
"202400017457";"29";"06";"2024";"15:00";"1";"03";"03149";"1";"3";"1";"1";"D46";"46,31541300";"3,25888400"
"202400017458";"20";"11";"2024";"16:20";"1";"95";"95527";"1";"1";"1";"2";"ARPENTEUR (ROUTE DE L')";"49,00709905";"2,51142740"
"202400017459";"13";"03";"2024";"20:10";"3";"50";"50531";"2";"2";"1";"3";"Intersection D160/D103";"48,68126700";" -1,25250000"
"202400017460";"19";"11";"2024";"18:55";"3";"93";"93053";"2";"1";"3";"6";"LEO LAGRANGE (RUE)";"48,89305111";"2,44635042"
"202400017461";"1";"07";"2024";"14:05";"1";"03";"03258";"2";"1";"1";"6";"24 Rue de Charpigny";"46,18140500";"3,38888000"
"202400017462";"11";"03";"2024";"20:57";"3";"60";"60134";"1";"1";"2";"6";"Voie d'insertion de la D1016 via la D137";"49,31901500";"2,44053900"
"202400017463";"30";"06";"2024";"17:00";"1";"15";"15021";"1";"1";"1";"7";"RD 51";"44,76520100";"2,25939600"
"202400017464";"20";"11";"2024";"08:25";"1";"93";"93051";"2";"1";"1";"2";"NEUILLY (AV DE)";"48,84598914";"2,54070371"
"202400017465";"13";"03";"2024";"08:15";"1";"02";"02676";"1";"1";"2";"1";"d18";"49,50514700";"3,85551500"
"202400017466";"1";"07";"2024";"12:10";"1";"26";"26113";"2";"1";"1";"7";"4 Chemin de Fond Giraude";"44,75333600";"5,36756400"
"202400017467";"20";"11";"2024";"18:55";"5";"93";"93029";"2";"1";"1";"3";"HENRI BARBUSSE (AVE) N°2-124";"48,92050729";"2,45277060"
"202400017468";"28";"06";"2024";"19:00";"1";"72";"72143";"2";"1";"1";"6";"La Florière";"47,86948300";"0,46754700"
"202400017469";"19";"11";"2024";"18:33";"5";"93";"93027";"2";"3";"2";"6";"HUGO (AVENUE VICTOR)";"48,92428000";"2,38446000"
"202400017470";"28";"06";"2024";"13:50";"1";"72";"72224";"1";"1";"1";"6";"Lieu Dit Le Champ De La Croix";"48,02513700";"0,48675700"
"202400017471";"29";"06";"2024";"08:45";"1";"14";"14138";"1";"1";"1";"6";"3 Route de la Couronne";"49,24882200";" -1,03287000"
"202400017472";"20";"11";"2024";"09:15";"1";"92";"92046";"2";"1";"8";"3";"PIERRE BROSSOLETTE (AVENUE)";"48,82009000";"2,31101000"
"202400017473";"20";"11";"2024";"18:00";"5";"92";"92064";"2";"3";"2";"6";"CARNOT";"48,84358756";"2,22274829"
"202400017474";"12";"05";"2024";"13:00";"1";"45";"45204";"1";"3";"1";"6";"D15 PR 9 + 380";"47,79776800";"1,82547200"
"202400017475";"19";"11";"2024";"18:15";"5";"92";"92020";"1";"3";"3";"6";"CHATEAUBRIAND RUE DE";"48,79963221";"2,28038996"
"202400017476";"30";"06";"2024";"07:35";"2";"10";"10114";"1";"1";"2";"3";"D619";"48,51167435";"3,61709028"
"202400017477";"29";"06";"2024";"17:22";"1";"16";"16335";"1";"1";"1";"6";"Saint-Martin-du-Clocher";"46,06654392";"0,13790309"
"202400017478";"20";"11";"2024";"10:15";"1";"92";"92036";"2";"1";"1";"2";"FOSSE BLANC (RUE DU) (1/145)";"48,92542216";"2,30751559"
"202400017479";"26";"06";"2024";"19:05";"1";"53";"53013";"1";"1";"1";"7";"Les Douaires";"48,32754600";" -0,21733400"
"202400017480";"20";"11";"2024";"08:00";"1";"92";"92012";"2";"1";"1";"6";"QUATRE SEPTEMBRE (QUAI DU)";"48,84306072";"2,22588211"
"202400017481";"28";"06";"2024";"17:00";"1";"40";"40284";"2";"1";"1";"6";"45 Avenue Nationale";"43,66056400";" -1,30463600"
"202400017482";"20";"11";"2024";"13:17";"1";"92";"92009";"2";"1";"1";"3";"MOULIN BAILLY ( RUE )";"48,90686621";"2,25809192"
"202400017483";"14";"11";"2024";"18:00";"3";"91";"91648";"1";"9";"1";"1";"Vert-le-Grand";"48,57154600";"2,36543500"
"202400017484";"29";"06";"2024";"14:50";"1";"24";"24356";"1";"1";"1";"1";"D32";"45,02505712";"0,97968138"
"202400017485";"20";"11";"2024";"14:45";"1";"84";"84094";"1";"1";"1";"1";"D71";"44,27212000";"5,13220000"
"202400017486";"30";"06";"2024";"16:45";"1";"24";"24355";"2";"1";"1";"3";"D703";"44,82537000";"1,18349500"
"202400017487";"20";"11";"2024";"09:05";"1";"22";"22223";"1";"1";"2";"2";"RD767 PR36+0400";"48,56732200";" -3,20730000"
"202400017488";"30";"06";"2024";"21:45";"2";"08";"08264";"1";"1";"1";"6";"N/A";"49,35528300";"4,50473200"
"202400017489";"29";"06";"2024";"23:00";"4";"69";"69050";"1";"1";"6";"6";"Autoroute 89";"45,85442740";"4,65040804"
"202400017490";"1";"11";"2024";"19:10";"5";"34";"34217";"2";"1";"8";"1";"D17";"43,68301900";"3,86390400"
"202400017491";"19";"11";"2024";"17:15";"3";"79";"79061";"2";"1";"2";"7";"N/A";"46,23072300";" -0,23052000"
"202400017492";"20";"11";"2024";"09:10";"1";"49";"49018";"2";"6";"1";"6";"Chemin de Rancan (Baugé)";"47,53768600";" -0,10132000"
"202400017493";"1";"07";"2024";"00:10";"3";"51";"51617";"1";"1";"1";"6";"Autoroute A4 PK 174+100";"49,03449200";"4,35779600"
"202400017494";"21";"11";"2024";"08:30";"1";"12";"12165";"1";"1";"2";"1";"Les Boutets";"44,50197700";"2,55040500"
"202400017495";"15";"06";"2024";"01:30";"3";"986";"98613";"1";"1";"1";"6";"RT 1, TEPA";" -13,32473300";" -176,19115600"
"202400017496";"19";"11";"2024";"13:50";"1";"12";"12032";"1";"4";"5";"1";"D911";"44,30281400";"2,39850600"
"202400017497";"30";"06";"2024";"14:40";"1";"974";"97419";"2";"1";"1";"3";"Route Nationale 2";" -21,13945800";"55,80900200"
"202400017498";"20";"11";"2024";"06:50";"3";"46";"46279";"1";"1";"2";"6";"D653";"44,74188488";"1,97245538"
"202400017499";"20";"11";"2024";"08:30";"1";"68";"68099";"2";"3";"1";"1";"Rue d’Illfurth";"47,68975300";"7,27146900"
"202400017500";"18";"11";"2024";"16:50";"2";"22";"22046";"1";"1";"8";"2";"La Motte aux Agneaux";"48,30124500";" -2,55437500"
"202400017501";"20";"11";"2024";"12:30";"1";"44";"44036";"2";"1";"1";"7";"Route de Juigne les Moutiers";"47,71545400";" -1,36332900"
"202400017502";"20";"11";"2024";"18:30";"5";"29";"29259";"2";"9";"1";"6";"Rue Pen Ar Pont";"48,67837136";" -3,98892529"
"202400017503";"20";"11";"2024";"07:45";"2";"29";"29204";"2";"1";"1";"6";"Rue de Kerjean";"48,50780943";" -4,21843193"
"202400017504";"20";"11";"2024";"21:50";"3";"29";"29054";"1";"3";"1";"6";"Croas An Herry";"48,38181691";" -3,84502784"
"202400017505";"20";"11";"2024";"19:45";"3";"31";"31142";"1";"1";"3";"1";"RD125 route de Bagneres";"42,85613200";"0,60589000"
"202400017506";"21";"11";"2024";"11:00";"1";"38";"38384";"1";"2";"2";"3";"D130";"45,33840600";"5,33286500"
"202400017507";"20";"11";"2024";"12:50";"1";"02";"02215";"2";"6";"1";"3";"2 Rue Marc Lavetti";"49,46266800";"3,82386400"
"202400017508";"20";"11";"2024";"12:00";"1";"01";"01098";"1";"1";"1";"3";"D83";"45,79363500";"5,68301300"
"202400017509";"21";"11";"2024";"06:45";"3";"01";"01134";"1";"1";"1";"3";"284 route de macon";"46,28964200";"4,90841600"
"202400017510";"20";"11";"2024";"20:25";"3";"70";"70405";"1";"2";"1";"3";"RN 57 PK 61+300";"47,49384900";"6,10721800"
"202400017511";"20";"11";"2024";"09:30";"1";"54";"54152";"2";"4";"1";"1";"Rue du Mal de Lattre de Tassigny";"48,55787500";"6,38466100"
"202400017512";"21";"11";"2024";"14:20";"1";"06";"06059";"2";"1";"1";"7";"527 Route de la Turbie";"43,73023200";"7,37254500"
"202400017513";"21";"11";"2024";"15:40";"1";"50";"50452";"1";"1";"4";"2";"Le Bas Cerisier";"48,56549300";" -1,10176000"
"202400017514";"19";"11";"2024";"20:50";"3";"73";"73007";"1";"1";"3";"6";"D102 Route du Fort";"45,56022500";"6,25309300"
"202400017515";"20";"11";"2024";"17:45";"3";"53";"53121";"1";"1";"1";"6";"La Ligne";"48,40054500";" -0,32107100"
"202400017516";"20";"11";"2024";"18:25";"4";"85";"85026";"2";"1";"8";"3";"Route du guy bertin";"46,54497300";" -1,40042100"
"202400017517";"20";"07";"2024";"17:15";"1";"37";"37101";"1";"2";"1";"3";"D29";"47,67454800";"0,63340900"
"202400017518";"21";"11";"2024";"18:20";"3";"37";"37018";"1";"1";"2";"6";"Route du Vau";"47,33938300";"0,59904500"
"202400017519";"21";"11";"2024";"19:45";"3";"30";"30004";"1";"6";"1";"3";"n113";"43,70554600";"4,19184200"
"202400017520";"20";"11";"2024";"13:10";"1";"08";"08385";"1";"1";"1";"4";"N/A";"49,75627260";"4,78485574"
"202400017521";"20";"11";"2024";"13:00";"1";"69";"69244";"2";"2";"1";"6";"Avenue Charles de Gaulle";"45,75823100";"4,77475200"
"202400017522";"20";"11";"2024";"10:15";"1";"82";"82037";"1";"1";"2";"1";"A20";"44,15029850";"1,51107008"
"202400017523";"21";"11";"2024";"13:50";"1";"45";"45344";"1";"1";"4";"6";"A10 PR 122 + 221";"47,78682100";"1,59960500"
"202400017524";"21";"11";"2024";"16:45";"1";"84";"84078";"1";"1";"2";"2";"A7";"44,24920300";"4,71016300"
"202400017525";"20";"11";"2024";"10:45";"1";"971";"97119";"1";"1";"1";"1";"Chemin de Sainte Elise";"16,38955200";" -61,46403700"
"202400017526";"18";"11";"2024";"17:10";"1";"971";"97117";"1";"1";"1";"6";"Route de l'Ecluse";"16,31263100";" -61,37971700"
"202400017527";"20";"11";"2024";"17:55";"3";"971";"97118";"1";"1";"1";"6";"Arnouville RN 1";"16,23863100";" -61,58872200"
"202400017528";"15";"11";"2024";"09:45";"1";"971";"97134";"1";"1";"1";"6";"Route nationale 2";"16,03657200";" -61,75141700"
"202400017529";"20";"11";"2024";"17:00";"2";"29";"29234";"1";"1";"8";"6";"Kergamp";"47,83501365";" -3,50164552"
"202400017530";"2";"10";"2024";"07:00";"3";"91";"91461";"1";"6";"1";"2";"D116d";"48,59199400";"2,20756500"
"202400017531";"20";"11";"2024";"10:25";"1";"21";"21464";"2";"1";"7";"6";"6 Rue Caumont Bréon";"47,14079600";"4,94863800"
"202400017532";"2";"11";"2024";"17:56";"5";"42";"42005";"2";"1";"1";"3";"13 Rue des Bullieux";"45,52850500";"4,27188500"
"202400017533";"19";"11";"2024";"19:55";"5";"38";"38344";"2";"1";"1";"3";"Avenue Gabriel Péri";"45,36602900";"4,80017100"
"202400017534";"21";"11";"2024";"17:30";"3";"38";"38377";"1";"1";"2";"7";"Avenue de Savoie";"45,57215600";"5,46855100"
"202400017535";"20";"11";"2024";"10:50";"1";"38";"38317";"2";"2";"1";"6";"Avenue du Maréchal Juin";"45,12305300";"5,69778400"
"202400017536";"21";"11";"2024";"08:50";"1";"85";"85129";"2";"1";"3";"6";"RD937";"46,84623300";" -1,49404800"
"202400017537";"19";"11";"2024";"22:45";"3";"49";"49301";"1";"1";"2";"7";"RN 249, PK4+150";"47,13330100";" -1,15031400"
"202400017538";"20";"11";"2024";"19:15";"5";"56";"56007";"2";"1";"1";"6";"Rue Abbé Philippe le Gall";"47,67051000";" -2,99101200"
"202400017539";"20";"11";"2024";"13:40";"1";"22";"22136";"1";"1";"1";"1";"La Tourelle";"48,18453300";" -2,72000900"
"202400017540";"21";"11";"2024";"07:54";"2";"60";"60612";"1";"1";"1";"1";"Avenue de Creil";"49,20868400";"2,56642900"
"202400017541";"7";"11";"2024";"19:05";"3";"54";"54304";"1";"1";"5";"2";"A33";"48,67868287";"6,11987829"
"202400017542";"20";"11";"2024";"09:45";"1";"33";"33013";"1";"1";"2";"6";"N/A";"44,86157000";" -0,50351000"
"202400017543";"20";"11";"2024";"08:40";"1";"94";"94034";"1";"1";"2";"2";"A86";"48,76061147";"2,31935953"
"202400017544";"19";"11";"2024";"07:50";"2";"92";"92050";"1";"1";"8";"2";"A86";"48,90648919";"2,21082598"
"202400017545";"21";"11";"2024";"22:45";"3";"94";"94044";"1";"1";"4";"5";"N406";"48,75800930";"2,47075818"