"Num_Acc";"jour";"mois";"an";"hrmn";"lum";"dep";"com";"agg";"int";"atm";"col";"adr";"lat";"long"
"202400017546";"20";"11";"2024";"18:45";"2";"77";"77468";"1";"1";"2";"3";"A4";"48,83238556";"2,66551763"
"202400017547";"17";"09";"2024";"11:04";"1";"24";"24193";"1";"4";"1";"1";"Route Madame de Sévigné";"44,81566700";"0,36570300"
"202400017548";"14";"07";"2024";"02:50";"5";"73";"73227";"1";"1";"1";"1";"D91A - 850 Route de la choulière";"45,42851536";"6,63375333"
"202400017549";"16";"11";"2024";"19:50";"5";"59";"59122";"2";"1";"1";"6";"MACE (RUE JEAN)";"50,17648000";"3,24905000"
"202400017550";"16";"08";"2024";"08:50";"1";"57";"57581";"1";"1";"1";"1";"RD 656-Rue Nationale";"49,02649000";"6,96497300"
"202400017551";"19";"11";"2024";"16:54";"1";"974";"97416";"1";"1";"1";"3";"DELISLES (ROUTE HUBERT) CD3";" -21,31698000";"55,54656000"
"202400017552";"27";"02";"2024";"14:15";"1";"974";"97416";"2";"1";"1";"5";"LORION (RUE LUC)";" -21,33620000";"55,47042000"
"202400017553";"19";"11";"2024";"12:30";"1";"974";"97409";"1";"1";"1";"6";"CHAMP BORNE (ROUTE DE)";" -20,93500000";"55,66900000"
"202400017554";"19";"11";"2024";"10:30";"1";"69";"69386";"2";"1";"1";"6";"Rue Duguesclin";"45,76937000";"4,84721000"
"202400017555";"19";"11";"2024";"18:00";"1";"972";"97209";"2";"1";"1";"2";"RD 41 (ROCADE)";"14,61574000";" -61,07523000"
"202400017556";"19";"11";"2024";"16:20";"1";"69";"69202";"2";"1";"8";"2";"Rue Commandant Charcot";"45,74938000";"4,79503000"
"202400017557";"18";"11";"2024";"11:54";"1";100;100120";"2";"1";"1";"1";"11 - RT";"42,64577000";"9,44007000"
"202400017558";"14";"11";"2024";"18:15";"5";"95";"95585";"2";"2";"8";"1";"D125";"48,98046584";"2,38813048"
"202400017559";"18";"11";"2024";"17:09";"5";"91";"91570";"2";"1";"2";"2";"MONTLHERY (RUE)";"48,63410000";"2,29930000"
"202400017560";"19";"11";"2024";"05:40";"5";"91";"91286";"2";"2";"1";"3";"PLESSIS (CHEMIN DU)";"48,65193000";"2,38492000"
"202400017561";"19";"11";"2024";"18:00";"5";"91";"91174";"2";"3";"3";"6";"RUE HENRI MATISSE";"48,61508000";"2,46262000"
"202400017562";"18";"11";"2024";"16:57";"2";"90";"90010";"2";"2";"1";"6";"JOFFRE (BOULEVARD MARECHAL)";"47,64150000";"6,85584000"
"202400017563";"18";"11";"2024";"16:59";"1";"87";"87085";"2";"3";"1";"6";"GONDINET (RUE)";"45,82876000";"1,25644000"
"202400017564";"19";"11";"2024";"18:10";"3";"85";"85194";"2";"1";"3";"6";"quai amiral de la gravière";"46,50408000";" -1,79070000"
"202400017565";"18";"11";"2024";"10:20";"1";"83";"83137";"2";"1";"1";"6";"GOURAUD (AVE GENERAL)";"43,13314539";"5,91764022"
"202400017566";"18";"11";"2024";"13:00";"1";"80";"80674";"2";"1";"2";"1";"DEFENSE PASSIVE (AVENUE DE LA)";"49,91290000";"2,34070000"
"202400017567";"18";"11";"2024";"18:05";"5";"78";"78297";"2";"3";"2";"6";"RUE DES GRAVIERS";"48,77530000";"2,06219000"
"202400017568";"18";"11";"2024";"17:50";"3";"77";"77258";"1";"1";"2";"4";"N104";"48,83259000";"2,62110000"
"202400017569";"19";"11";"2024";"18:04";"3";"77";"77143";"1";"1";"3";"5";"D405";"48,98933000";"2,87902000"
"202400017570";"19";"11";"2024";"08:05";"2";"76";"76451";"2";"2";"2";"6";"Avenue du Mont aux Malades";"49,46596000";"1,07117000"
"202400017571";"18";"11";"2024";"14:00";"1";"76";"76351";"2";"1";"2";"6";"IRENE JOLIOT CURIE (RUE)";"49,50794000";"0,10018000"
"202400017572";"18";"11";"2024";"16:15";"5";"76";"76341";"2";"6";"3";"3";"JEHAN DE GROUCHY";"49,50469000";"0,19589000"
"202400017573";"18";"11";"2024";"11:45";"1";"76";"76351";"2";"3";"2";"6";"HOTEL DE VILLE (PLACE DE)";"49,49318000";"0,10920000"
"202400017574";"19";"11";"2024";"19:10";"5";"70";"70388";"2";"3";"3";"6";"Avenue du Vernois";"47,61275000";"6,13499000"
"202400017575";"19";"11";"2024";"18:16";"5";"70";"70261";"2";"9";"3";"6";"RN 57";"47,63013200";"6,17543400"
"202400017576";"19";"11";"2024";"18:40";"5";"69";"69266";"2";"1";"1";"3";"Impasse Frédéric Fays";"45,76343733";"4,90457969"
"202400017577";"19";"11";"2024";"18:35";"2";"69";"69266";"2";"1";"1";"3";"Cours Emile Zola";"45,76366000";"4,91117000"
"202400017578";"19";"11";"2024";"07:00";"2";"69";"69029";"2";"3";"2";"3";"Avenue Franklin Roosevelt";"45,73356000";"4,90858000"
"202400017579";"18";"11";"2024";"11:00";"1";"69";"69290";"2";"9";"1";"5";"23 Rue Colette";"45,68960000";"4,94348000"
"202400017580";"18";"11";"2024";"17:15";"5";"67";"67482";"2";"1";"1";"3";"DANTE (AVENUE)";"48,59145000";"7,70325000"
"202400017581";"18";"11";"2024";"14:15";"1";"67";"67482";"2";"1";"1";"6";"SCHIRMECK (ROUTE DE)";"48,56199600";"7,69758400"
"202400017582";"18";"11";"2024";"18:05";"5";"66";"66136";"2";"4";"1";"3";"GRANDE BRETAGNE (AVENUE DE)";"42,69965000";"2,88430000"
"202400017583";"19";"11";"2024";"18:10";"5";"64";"64335";"2";"1";"1";"2";"BIE GRANDE";"43,33502000";" -0,43626000"
"202400017584";"18";"11";"2024";"17:44";"5";"64";"64102";"2";"6";"1";"2";"FAIENCERIE(Rond Point de la)";"43,49376000";" -1,49160000"
"202400017585";"19";"11";"2024";"18:15";"5";"63";"63014";"2";"2";"1";"2";"Av Roussillon M2009/ rue Jean Moulin M21";"45,75228000";"3,13169000"
"202400017586";"9";"11";"2024";"01:30";"3";"62";"62139";"2";"1";"2";"6";"RD211E2";"50,72242000";"2,28047000"
"202400017587";"19";"11";"2024";"17:30";"3";"62";"62427";"2";"1";"1";"1";"D919";"50,42534829";"2,95009545"
"202400017588";"18";"11";"2024";"07:45";"2";"62";"62048";"2";"9";"3";"6";"Rue Florent Evrard";"50,50471000";"2,47601000"
"202400017589";"19";"11";"2024";"07:45";"3";"59";"59599";"2";"1";"2";"6";"GUERRE (RUE FIN DE LA)";"50,72925700";"3,14475600"
"202400017590";"12";"11";"2024";"02:17";"3";"59";"59350";"2";"1";"9";"3";"Rue du Faubourg d'Arras";"50,60525000";"3,05760000"
"202400017591";"19";"11";"2024";"16:46";"1";"56";"56260";"2";"1";"3";"6";"Rue Guillaume Le Bartz";"47,64623000";" -2,78009000"
"202400017592";"19";"11";"2024";"07:55";"3";"56";"56260";"1";"1";"2";"4";"Kerblay";"47,66418000";" -2,71935000"
"202400017593";"17";"11";"2024";"17:50";"2";"56";"56121";"2";"1";"1";"7";"Rue de Belgique";"47,76016000";" -3,38306000"
"202400017594";"18";"11";"2024";"14:15";"1";"54";"54304";"2";"3";"2";"6";"Avenue Paul Déroulède";"48,68458000";"6,15404000"
"202400017595";"18";"11";"2024";"08:10";"2";"54";"54578";"2";"1";"1";"3";"Boulevard d'Haussonville";"48,67599000";"6,16283000"
"202400017596";"18";"11";"2024";"09:55";"1";"54";"54547";"2";"3";"1";"3";"Rue de Belgique";"48,66631000";"6,17036000"
"202400017597";"19";"11";"2024";"09:50";"1";"54";"54469";"1";"1";"6";"1";"D135";"49,17539000";"5,99843000"
"202400017598";"19";"11";"2024";"16:50";"5";"51";"51454";"2";"1";"3";"6";"SCHUMAN (AVENUE ROBERT)";"49,23180300";"4,01232300"
"202400017599";"19";"11";"2024";"05:00";"5";"51";"51454";"2";"3";"2";"6";"Avenue d'Épernay";"49,22924200";"4,01426300"
"202400017600";"18";"11";"2024";"17:30";"2";"49";"49267";"1";"1";"2";"5";"RD 347";"47,47313000";" -0,48976000"
"202400017601";"18";"04";"2024";"18:16";"1";"38";"38479";"1";"1";"1";"7";"1203 Route de Beaurepaire (Semons)";"45,42907500";"5,19020100"
"202400017602";"19";"04";"2024";"23:45";"3";"07";"07261";"1";"1";"1";"6";"D120";"44,82369400";"4,73733300"
"202400017603";"20";"04";"2024";"17:40";"1";"85";"85025";"1";"1";"1";"7";"D72";"46,95499600";" -1,17376500"
"202400017604";"11";"04";"2024";"17:50";"1";"37";"37213";"1";"2";"1";"5";"D938";"47,61714832";"0,50580025"
"202400017605";"20";"04";"2024";"16:10";"1";"30";"30271";"1";"1";"1";"1";"Route d'Auzon";"44,20523500";"4,20640100"
"202400017606";"20";"04";"2024";"09:00";"1";"60";"60299";"1";"9";"8";"7";"A16";"49,60715600";"2,20486200"
"202400017607";"19";"04";"2024";"22:53";"5";"67";"67212";"2";"1";"8";"6";"Rue Joseph Graff";"48,55883000";"7,65360300"
"202400017608";"20";"04";"2024";"20:10";"1";"13";"13059";"1";"1";"1";"3";"A51 PK035.600";"43,66131300";"5,50313700"
"202400017609";"17";"04";"2024";"15:35";"1";"39";"39150";"1";"1";"2";"6";"N/A";"47,06824600";"5,43891100"
"202400017610";"20";"04";"2024";"06:25";"2";"83";"83097";"1";"1";"1";"2";"autoroute A8 point kilométrique 46.500 sens Ouest-Est";"43,47893859";"5,75277229"
"202400017611";"19";"04";"2024";"13:23";"1";"17";"17044";"1";"1";"1";"1";"D137";"45,67863800";" -0,60638300"
"202400017612";"20";"04";"2024";"10:20";"1";"988";"98821";"1";"1";"1";"7";"LA TAMOA";" -22,07795000";"166,29706600"
"202400017613";"19";"04";"2024";"17:45";"1";"978";"97801";"2";"2";"1";"3";"R JEAN-LUC HAMLET";"18,06697900";" -63,07115800"
"202400017614";"19";"04";"2024";"14:10";"1";"978";"97801";"2";"1";"1";"6";"R LOW TOWN";"18,06034400";" -63,08655400"
"202400017615";"17";"04";"2024";"14:30";"1";"45";"45089";"2";"2";"1";"1";"D8 PR 2 + 70";"47,90815800";"2,03396200"
"202400017616";"19";"04";"2024";"15:40";"1";101;101247";"1";"1";"1";"3";"Route de l’Ospedale";"41,65991000";"9,19722700"
"202400017617";"19";"04";"2024";"22:00";"3";101;101247";"1";"1";"1";"6";"Route de Piccovagia";"41,59721600";"9,32490300"
"202400017618";"20";"04";"2024";"02:15";"3";"66";"66208";"1";"1";"1";"2";"N/A";"42,63609500";"2,93880900"
"202400017619";"19";"04";"2024";"18:51";"1";"66";"66037";"2";"3";"1";"3";"N/A";"42,70576604";"3,01558614"
"202400017620";"19";"04";"2024";"19:50";"2";"30";"30258";"2";"3";"1";"3";"Avenue de Verdun";"43,67328800";"4,42169600"
"202400017621";"19";"04";"2024";"16:00";"1";"83";"83138";"1";"1";"1";"6";"Tassi";"43,61448100";"6,71983500"
"202400017622";"20";"04";"2024";"12:15";"1";"71";"71235";"1";"1";"1";"6";"Hurigny";"46,34182985";"4,79224730"
"202400017623";"28";"03";"2024";"20:50";"5";"67";"67345";"1";"6";"1";"2";"D29";"48,78401400";"7,85966100"
"202400017624";"5";"04";"2024";"16:35";"1";"01";"01397";"1";"1";"1";"2";"Route de Versonnex";"46,30908100";"6,10126900"
"202400017625";"15";"04";"2024";"16:55";"1";"27";"27568";"1";"1";"1";"7";"D830";"48,94584200";"0,87830500"
"202400017626";"19";"04";"2024";"10:04";"1";"13";"13106";"1";"1";"1";"2";"A7-Sens Marseille vers Lyon";"43,38841000";"5,35113000"
"202400017627";"18";"04";"2024";"02:28";"3";"13";"13215";"1";"1";"1";"2";"A7-Sens Marseille vers Lyon";"43,36971000";"5,36038000"
"202400017628";"19";"04";"2024";"09:00";"1";"13";"13023";"1";"9";"1";"2";"A50";"43,20934943";"5,62114634"
"202400017629";"17";"04";"2024";"14:40";"1";"83";"83144";"1";"1";"1";"3";"A57";"43,13314076";"5,98358989"
"202400017630";"19";"04";"2024";"17:10";"1";"92";"92050";"1";"1";"1";"4";"A86";"48,89347708";"2,18884570"
"202400017631";"19";"04";"2024";"12:55";"1";"92";"92025";"1";"1";"1";"2";"A86";"48,92210032";"2,22649712"
"202400017632";"19";"04";"2024";"20:45";"1";"92";"92078";"1";"1";"2";"6";"AUTOROUTE A86";"48,92784897";"2,33249531"
"202400017633";"19";"04";"2024";"14:00";"1";"93";"93006";"1";"1";"2";"5";"A3";"48,86611228";"2,41541368"
"202400017634";"19";"04";"2024";"15:40";"1";"93";"93066";"1";"1";"1";"5";"A1";"48,90752236";"2,35821845"
"202400017635";"19";"04";"2024";"20:30";"3";"94";"94033";"1";"1";"2";"3";"A86";"48,85493533";"2,48858118"
"202400017636";"19";"04";"2024";"03:10";"3";"94";"94044";"1";"1";"1";"6";"N406";"48,75738975";"2,47653199"
"202400017637";"18";"02";"2024";"02:50";"5";"83";"83090";"2";"1";"1";"1";"RESISTANCE (AVE DE LA)";"43,13135540";"5,84444366"
"202400017638";"18";"02";"2024";"02:40";"5";"76";"76447";"1";"1";"1";"7";"RD 489";"49,53595993";"0,19959927"
"202400017639";"17";"02";"2024";"20:30";"5";"67";"67482";"2";"3";"1";"3";"PLAINE DES BOUCHERS (RUE DE LA)";"48,56273800";"7,73849500"
"202400017640";"17";"02";"2024";"19:25";"5";"67";"67482";"2";"1";"1";"1";"ALTENHEIM (ROUTE D )";"48,54164000";"7,76686200"
"202400017641";"18";"02";"2024";"16:30";"1";"64";"64260";"2";"3";"1";"3";"MER (BOULEVARD DE LA)";"43,37421000";" -1,76880000"
"202400017642";"18";"04";"2024";"17:38";"1";"973";"97302";"2";"1";"2";"6";"MARAN (RENE) CITE THEMIRE";"4,93504043";" -52,32105061"
"202400017643";"18";"04";"2024";"15:42";"1";"973";"97302";"2";"1";"2";"3";"RABAN (ROUTE DE)";"4,92394777";" -52,31247962"
"202400017644";"18";"04";"2024";"08:45";"1";"973";"97302";"2";"1";"2";"5";"COLOMB (CHRISTOPHE)";"4,93883549";" -52,32871503"
"202400017645";"17";"04";"2024";"20:40";"3";"973";"97302";"2";"1";"2";"3";"ZEPHIR (ROCADE)";"4,93456000";" -52,30867000"
"202400017646";"18";"04";"2024";"16:45";"1";"69";"69383";"2";"2";"2";"2";"Cours Gambetta";"45,75435000";"4,84580000"
"202400017647";"18";"04";"2024";"13:30";"1";"69";"69388";"2";"1";"1";"4";"Rue Marius Berliet";"45,74119509";"4,86206965"
"202400017648";"18";"04";"2024";"18:10";"5";"972";"97213";"1";"3";"1";"3";"ROUTE DEPARTEMENTALE 14";"14,63441000";" -61,01818000"
"202400017649";"18";"04";"2024";"11:10";"1";"972";"97213";"1";"1";"1";"6";"ROUTE DEPARTEMENTALE 3";"14,61863000";" -60,99503000"
"202400017650";"17";"04";"2024";"16:20";"1";"972";"97209";"2";"6";"1";"3";"MARNE (BOULEVARD DE LA)";"14,60310000";" -61,07881000"
"202400017651";"18";"04";"2024";"07:30";"1";101;101004";"2";"1";"1";"6";"AVENUE DU DOCTEUR NOEL FRANCHINI";"41,94400000";"8,75790000"
"202400017652";"18";"04";"2024";"21:15";"5";"91";"91286";"2";"1";"1";"6";"MIROIR (RUE DU)";"48,65291000";"2,37283000"
"202400017653";"25";"12";"2024";"12:10";"1";"59";"59139";"2";"7";"2";"6";"Place Eugène Fiévet";"50,12336700";"3,40835800"
"202400017654";"18";"04";"2024";"14:20";"1";"91";"91223";"2";"1";"1";"1";"PRISON (RUE DE LA)";"48,43332000";"2,16176000"
"202400017655";"26";"12";"2024";"14:50";"1";"59";"59106";"2";"1";"1";"1";"Rue de lille";"50,57953100";"3,18281700"
"202400017656";"18";"04";"2024";"18:05";"1";"88";"88160";"2";"1";"1";"6";"QUATRE VENTS (RUE DES)";"48,13311000";"6,43616000"
"202400017657";"17";"04";"2024";"11:48";"1";"88";"88209";"2";"1";"8";"2";"HOTEL DE VILLE (RUE DE L')";"48,19773000";"6,44028000"
"202400017658";"14";"04";"2024";"17:20";"1";"87";"87085";"2";"1";"1";"7";"LOUYAT (AVENUE DE)";"45,85321000";"1,25896000"
"202400017659";"25";"12";"2024";"00:20";"5";"13";"13212";"1";"1";"1";"2";"A507 sens Aubagne- Marseille";"43,29974682";"5,42508985"
"202400017660";"12";"04";"2024";"19:15";"1";"87";"87065";"1";"1";"1";"7";"MONTAUBAN (RUE DE)";"45,80069000";"1,27966000"
"202400017661";"24";"12";"2024";"23:30";"3";"13";"13117";"1";"1";"1";"3";"A7-Sens Lyon vers Marseille";"43,46038000";"5,23486000"
"202400017662";"25";"12";"2024";"12:00";"1";"95";"95572";"1";"1";"1";"6";"N184";"49,03265884";"2,11006407"
"202400017663";"17";"04";"2024";"17:40";"1";"83";"83137";"2";"1";"6";"6";"FOCH (AVE DU MARECHAL)";"43,12786151";"5,91771593"
"202400017664";"25";"12";"2024";"05:40";"4";"93";"93053";"1";"1";"2";"2";"AUTOROUTE A3";"48,89672950";"2,47015172"
"202400017665";"24";"12";"2024";"18:30";"3";"93";"93066";"1";"1";"2";"2";"AUTOROUTE A86";"48,92215853";"2,35753834"
"202400017666";"17";"04";"2024";"07:30";"1";"83";"83144";"2";"6";"1";"3";"LECLERC (BD MARECHAL)";"43,13632000";"5,98734000"
"202400017667";"16";"12";"2024";"13:28";"1";"44";"44109";"2";"1";"1";"6";"23 Rue de Chambellan";"47,23848276";" -1,50334030"
"202400017668";"17";"04";"2024";"17:25";"1";"81";"81163";"1";"1";"1";"7";"RD 118";"43,47213000";"2,36763000"
"202400017669";"12";"12";"2024";"16:45";"2";"44";"44109";"2";"2";"1";"3";"Route de Paris";"47,26029340";" -1,49899010"
"202400017670";"17";"04";"2024";"17:15";"1";"80";"80021";"2";"1";"1";"2";"Boulevard Châteaudun";"49,88446000";"2,28170000"
"202400017671";"11";"12";"2024";"07:50";"2";"44";"44109";"2";"6";"1";"3";"13 Place de la République";"47,20545643";" -1,55421671"
"202400017672";"17";"04";"2024";"12:05";"1";"80";"80021";"1";"1";"1";"3";"Rue de Saveuse";"49,90124000";"2,23826000"
"202400017673";"10";"12";"2024";"18:15";"3";"44";"44215";"1";"1";"1";"4";"N/A";"47,18002558";" -1,50343480"
"202400017674";"17";"04";"2024";"11:26";"1";"77";"77040";"1";"1";"1";"1";"MELUN ( ROUTE )";"48,51879000";"2,57470000"
"202400017675";"5";"12";"2024";"21:50";"5";"44";"44190";"2";"1";"1";"3";"411 Route de Clisson";"47,18714830";" -1,47931230"
"202400017676";"24";"10";"2024";"18:05";"2";"74";"74298";"1";"1";"1";"3";"BONNEVILLE (ROUTE DE )";"46,17115000";"6,25306000"
"202400017677";"17";"04";"2024";"14:10";"1";"77";"77251";"2";"1";"1";"6";"D. 50";"48,60876000";"2,55560000"
"202400017678";"24";"12";"2024";"09:40";"1";"976";"97611";"1";"1";"1";"1";"m'tsapere-Nationale 2 (route)";" -12,79999000";"45,21578000"
"202400017679";"17";"04";"2024";"14:15";"1";"76";"76366";"2";"2";"1";"3";"Rue de la République";"49,50904900";"1,03583500"
"202400017680";"18";"04";"2024";"06:05";"5";"72";"72181";"2";"1";"1";"7";"GOUGEARD (RUE) N° IMP";"48,00558000";"0,20162000"
"202400017681";"24";"12";"2024";"16:35";"1";"973";"97302";"2";"2";"1";"3";"PREVOT (ERNEST)";"4,93302340";" -52,33281970"
"202400017682";"18";"04";"2024";"12:15";"1";"69";"69259";"2";"1";"8";"3";"Rue du Clos Verger";"45,72016000";"4,89324000"
"202400017683";"24";"12";"2024";"09:05";"1";"69";"69386";"2";"2";"1";"6";"Rue Vendôme";"45,76734000";"4,84527000"
"202400017684";"24";"12";"2024";"09:45";"1";"972";"97209";"1";"1";"1";"6";"PARADISIERS (AVENUE DES)";"14,61833000";" -61,03693000"
"202400017685";"17";"04";"2024";"19:05";"1";"69";"69259";"2";"8";"8";"3";"Rue Gambetta";"45,69645000";"4,88378000"
"202400017686";"24";"12";"2024";"13:25";"1";"972";"97209";"1";"1";"1";"3";"AUTOROUTE (A1)";"14,61920000";" -61,03887000"
"202400017687";"17";"04";"2024";"17:15";"1";"69";"69091";"2";"1";"2";"5";"Rue de la Paix";"45,58489000";"4,75040000"
"202400017688";"24";"12";"2024";"05:15";"5";"69";"69382";"1";"1";"1";"6";"30 Cours de Verdun Perrache";"45,74851937";"4,82820615"
"202400017689";"23";"12";"2024";"16:36";"1";101;101004";"2";"1";"8";"3";"#105b Cours Napoléon#";"41,93106500";"8,73962100"
"202400017690";"17";"04";"2024";"22:15";"5";"67";"67482";"2";"5";"1";"3";"SEBASTOPOL (RUE DE)";"48,58580000";"7,74337000"
"202400017691";"24";"12";"2024";"17:00";"2";"91";"91457";"2";"1";"2";"3";"RTE DE LA FERTE ALAIS";"48,58239800";"2,25602400"
"202400017692";"17";"04";"2024";"15:10";"1";"62";"62737";"2";"1";"1";"6";"D937";"50,46239268";"2,67712589"
"202400017693";"24";"12";"2024";"16:10";"1";"91";"91201";"2";"1";"2";"5";"RUE EUGENE DELACROIX";"48,68113096";"2,42799273"
"202400017694";"13";"04";"2024";"08:35";"1";"62";"62498";"2";"9";"1";"3";"Rue de Londres";"50,44558000";"2,83854000"
"202400017695";"23";"12";"2024";"17:20";"5";"91";"91687";"2";"1";"2";"5";"MARMONT (AVENUE)";"48,66681400";"2,37684800"
"202400017696";"18";"04";"2024";"19:45";"1";"62";"62160";"2";"3";"1";"3";"Rue de la Paix";"50,72970000";"1,61201000"
"202400017697";"26";"11";"2024";"17:30";"5";"89";"89387";"2";"1";"2";"6";"MAIL (BOULEVARD DU)";"48,19925000";"3,28721000"
"202400017698";"24";"12";"2024";"11:20";"1";"83";"83144";"2";"1";"1";"6";"VALERY (AVE PAUL)";"43,12986000";"5,99057000"
"202400017699";"24";"12";"2024";"20:00";"5";"80";"80021";"2";"6";"2";"2";"Rue d'Abbeville";"49,90792000";"2,26442000"
"202400017700";"18";"04";"2024";"08:30";"1";"59";"59508";"2";"1";"1";"6";"Boulevard d'Halluin";"50,74391000";"3,13216900"
"202400017701";"24";"12";"2024";"07:45";"3";"77";"77350";"1";"1";"2";"1";"D471";"48,77896000";"2,70942000"
"202400017702";"12";"04";"2024";"15:00";"1";"59";"59636";"2";"1";"1";"3";"YPRES RUE D";"50,67874000";"3,04803000"
"202400017703";"23";"12";"2024";"18:20";"5";"77";"77058";"2";"1";"2";"6";"GENERAL DE GAULLE  (AVENUE DU)";"48,84190000";"2,73819000"
"202400017704";"24";"12";"2024";"15:50";"1";"76";"76451";"2";"2";"2";"1";"Rue du Tronquet";"49,47155000";"1,07652000"
"202400017705";"18";"04";"2024";"17:00";"1";"59";"59183";"1";"9";"1";"6";"RD601";"51,00434000";"2,26415000"
"202400017706";"23";"12";"2024";"16:30";"1";"76";"76486";"2";"1";"1";"2";"Rue Pierre et Thomas Corneille";"49,30392183";"0,99243450"
"202400017707";"18";"04";"2024";"10:00";"1";"59";"59017";"2";"3";"1";"6";"DEPORTES (RUE DES)";"50,68530100";"2,89034000"
"202400017708";"21";"12";"2024";"18:10";"5";"76";"76447";"2";"1";"2";"6";"MARECHAL FOCH";"49,52337000";"0,19302000"
"202400017709";"21";"12";"2024";"03:20";"5";"76";"76351";"2";"1";"1";"6";"ANDREI SAKHAROV (RUE)";"49,50475300";"0,16611000"
"202400017710";"18";"04";"2024";"08:15";"1";"56";"56260";"2";"6";"1";"2";"Giratoire de la Gare";"47,66415000";" -2,75553000"
"202400017711";"24";"12";"2024";"20:20";"5";"72";"72181";"2";"6";"1";"1";"BOLLEE (AV) N° IMP 201 A 255";"47,99755000";"0,21556000"
"202400017712";"17";"04";"2024";"17:13";"1";"56";"56036";"1";"1";"1";"2";"La Montagne du Salut";"47,79137600";" -3,31717100"
"202400017713";"23";"12";"2024";"20:00";"5";"72";"72181";"2";"2";"1";"3";"DURAND GEORGES (AV) N° IMP 199 AU N° 311";"47,97133000";"0,21709000"
"202400017714";"17";"04";"2024";"17:55";"1";"56";"56121";"2";"1";"1";"3";"BELGIQUE (RUE  DE )";"47,76012600";" -3,38296300"
"202400017715";"23";"12";"2024";"14:30";"1";"69";"69115";"2";"6";"1";"6";"Avenue Edouard Herriot";"45,97903524";"4,73107056"
"202400017716";"13";"04";"2024";"14:15";"1";"50";"50002";"2";"1";"1";"1";"COUTANCES (route de)";"49,10625900";" -1,14447360"
"202400017717";"24";"12";"2024";"16:10";"1";"69";"69029";"2";"1";"1";"6";"Rue du 35ème Régiment d'Aviation";"45,73406000";"4,93125000"
"202400017718";"16";"04";"2024";"16:40";"1";"50";"50129";"1";"1";"1";"6";"CD 901";"49,65158000";" -1,71000000"
"202400017719";"24";"12";"2024";"03:55";"5";"67";"67482";"2";"1";"9";"6";"COLMAR (AVENUE DE)";"48,56306000";"7,75228000"
"202400017720";"28";"01";"2024";"23:35";"3";"971";"97101";"1";"9";"1";"3";"LE RAIZET(SECTEUR)";"16,25200000";" -61,53075000"
"202400017721";"18";"04";"2024";"08:00";"1";"49";"49099";"2";"3";"1";"3";"LORRAINE (RUE DE)";"47,05300200";" -0,85506100"
"202400017722";"30";"01";"2024";"11:01";"1";101;101004";"2";"3";"1";"3";"ALBERT 1ER BD";"41,91296000";"8,72566000"
"202400017723";"23";"12";"2024";"12:50";"1";"67";"67482";"2";"3";"1";"3";"VOSGES (AVENUE DES)";"48,58928520";"7,75260000"
"202400017724";"4";"04";"2024";"16:10";"1";"49";"49099";"2";"1";"1";"6";"BOIS LAVAU (BOULEVARD DES)";"47,07512000";" -0,89222000"
"202400017725";"23";"12";"2024";"18:15";"3";"64";"64445";"2";"1";"1";"3";"GENERAL LECLERC DU";"43,30380000";" -0,34614000"
"202400017726";"17";"04";"2024";"17:35";"1";"49";"49015";"1";"6";"1";"7";"Avenue de la Boissière";"47,49054585";" -0,58272868"
"202400017727";"29";"01";"2024";"14:58";"1";"91";"91174";"2";"3";"1";"3";"PAPETERIE (RUE)";"48,59719000";"2,46597000"
"202400017728";"22";"12";"2024";"17:20";"5";"63";"63224";"2";"1";"3";"6";"RD 2009";"45,87572000";"3,12231000"
"202400017729";"16";"04";"2024";"08:35";"1";"49";"49007";"2";"1";"1";"5";"RAMON BOULEVARD";"47,48833000";" -0,54389000"
"202400017730";"29";"01";"2024";"20:25";"5";"91";"91589";"2";"2";"1";"3";"ARISTIDE BRIAND (BOULEVARD)";"48,69305000";"2,36484000"
"202400017731";"24";"12";"2024";"09:45";"1";"59";"59350";"2";"5";"8";"3";"Avenue de Dunkerque (Lille)";"50,63031062";"3,03503170"
"202400017732";"18";"04";"2024";"07:45";"1";"45";"45285";"2";"3";"9";"3";"D2152 PR 74 + 1878";"47,89690000";"1,86531000"
"202400017733";"29";"01";"2024";"19:35";"5";"83";"83098";"2";"1";"1";"5";"GANZIN (AVENUE DE)";"43,10780000";"6,03066000"
"202400017734";"24";"12";"2024";"14:25";"1";"57";"57631";"2";"1";"1";"6";"MONTAGNE (RUE DE LA)";"49,10166000";"7,05342600"
"202400017735";"17";"04";"2024";"17:30";"1";"45";"45234";"2";"2";"1";"3";"26 Rue de Patay";"47,90896000";"1,90094000"
"202400017736";"29";"01";"2024";"11:20";"1";"83";"83137";"2";"3";"1";"3";"STRASBOURG (BD DE )";"43,12470000";"5,93295000"
"202400017737";"18";"04";"2024";"17:00";"1";"44";"44109";"2";"9";"1";"6";"71 Boulevard de la Liberté";"47,20257000";" -1,58872000"
"202400017738";"23";"12";"2024";"16:11";"1";"56";"56098";"2";"1";"1";"6";"Rue Jean Jaurès";"47,76703000";" -3,35552000"
"202400017739";"29";"01";"2024";"16:45";"2";"82";"82033";"1";"2";"1";"3";"COURTINALS VC 11 (CHEMIN DES) ";"44,02526000";"1,16494000"