"Num_Acc";"jour";"mois";"an";"hrmn";"lum";"dep";"com";"agg";"int";"atm";"col";"adr";"lat";"long"
"202400017740";"24";"12";"2024";"20:15";"5";"54";"54184";"2";"9";"2";"6";"Av du 69e Regiment d’Infanterie";"48,71239000";"6,24744000"
"202400017741";"23";"12";"2024";"21:00";"5";"54";"54304";"2";"2";"2";"2";"Rue de la Sapinière";"48,69328000";"6,12817000"
"202400017742";"16";"04";"2024";"07:30";"1";"41";"41018";"2";"2";"1";"3";"CABOCHON (RUE DE)";"47,57977000";"1,30945000"
"202400017743";"18";"04";"2024";"18:48";"1";"38";"38421";"2";"1";"1";"6";"RUE GÉRARD PHILIPE";"45,18327000";"5,75577000"
"202400017744";"23";"12";"2024";"15:10";"1";"54";"54482";"2";"3";"1";"3";"Rue Louis Barthou";"48,69654000";"6,20824000"
"202400017745";"30";"01";"2024";"19:00";"5";"77";"77268";"2";"1";"1";"2";"RUE DU PRE DE BRAY";"48,86100743";"2,80916986"
"202400017746";"17";"04";"2024";"15:25";"1";"38";"38151";"2";"2";"1";"3";"Avenue du 8 mai 1945";"45,14779800";"5,71767000"
"202400017747";"23";"12";"2024";"17:50";"5";"51";"51108";"2";"1";"1";"3";"CARNOT (RUE)";"48,95208000";"4,36808000"
"202400017748";"30";"01";"2024";"08:00";"3";"77";"77186";"1";"1";"1";"3";"RD606. de la rochette à l'obélisque";"48,48469000";"2,66552000"
"202400017749";"17";"04";"2024";"11:45";"1";"37";"37122";"2";"9";"1";"6";"MONTAIGNE (JARDIN)";"47,35041000";"0,66130000"
"202400017750";"30";"01";"2024";"01:00";"3";"77";"77186";"1";"1";"1";"6";"RD148 carrefour DIANE à SORQUES";"48,35481000";"2,76266000"
"202400017751";"18";"04";"2024";"12:20";"1";"35";"35238";"2";"2";"1";"3";"CLEMENCEAU (BD GEORGES)";"48,09428232";" -1,68179601"
"202400017752";"23";"12";"2024";"18:30";"3";"50";"50129";"2";"1";"2";"4";"AXE NORD SUD";"49,61673968";" -1,58255321"
"202400017753";"30";"01";"2024";"04:20";"3";"76";"76447";"1";"4";"1";"1";"RAOUL DUFY";"49,55677000";"0,16576000"
"202400017754";"23";"12";"2024";"10:30";"1";"42";"42218";"2";"1";"2";"6";"Rue Albert Poylo";"45,45593000";"4,38409000"
"202400017755";"9";"09";"2024";"14:15";"1";"32";"32307";"1";"1";"1";"5";"23 Route d?Auch";"43,61668200";"0,58290000"
"202400017756";"18";"04";"2024";"08:45";"1";"33";"33281";"2";"2";"1";"3";"N/A";"44,84958000";" -0,65602000"
"202400017757";"30";"01";"2024";"00:40";"5";"76";"76351";"2";"1";"1";"6";"REPUBLIQUE (COURS DE LA)";"49,50013000";"0,12999000"
"202400017758";"23";"12";"2024";"17:25";"2";"35";"35051";"1";"6";"1";"2";"ALLIES (BOULEVARD DES)";"48,10240000";" -1,61023000"
"202400017759";"18";"04";"2024";"15:40";"1";"33";"33529";"2";"6";"1";"2";"N/A";"44,63708000";" -1,12896000"
"202400017760";"30";"01";"2024";"12:40";"1";"69";"69256";"2";"9";"1";"6";"Rue de la République";"45,78499826";"4,93128299"
"202400017761";"23";"12";"2024";"10:25";"1";"35";"35115";"2";"6";"1";"6";"CARNOT (PLACE DU PRESIDENT)";"48,35344000";" -1,19875000"
"202400017762";"30";"01";"2024";"07:45";"1";"66";"66136";"2";"3";"1";"3";"Avenue Victor DALBIEZ";"42,69209886";"2,88719684"
"202400017763";"18";"04";"2024";"14:50";"1";"30";"30007";"2";"1";"1";"2";"CROUPILLAC (AVE DE)";"44,13261000";"4,10574000"
"202400017764";"23";"12";"2024";"22:45";"3";"31";"31555";"1";"1";"1";"2";"980.3 PLAISANCE (ROCADE ARC EN CIEL)";"43,57110000";"1,37259000"
"202400017765";"29";"01";"2024";"07:50";"1";"62";"62133";"2";"1";"1";"3";"Avenue de la République";"50,41987409";"2,90835536"
"202400017766";"9";"09";"2024";"16:47";"1";"33";"33550";"1";"1";"1";"4";"N/A";"44,78616000";" -0,54155000"
"202400017767";"23";"12";"2024";"09:00";"1";"29";"29232";"2";"1";"1";"7";"Rond-Point d' Ergue-Armel";"47,98358546";" -4,07442542"
"202400017768";"17";"04";"2024";"13:15";"1";"29";"29019";"2";"2";"1";"1";"rue de l'Eau blanche";"48,41565000";" -4,46225100"
"202400017769";"30";"01";"2024";"18:45";"5";"62";"62193";"2";"1";"1";"6";"D940";"50,95245152";"1,83180196"
"202400017770";"24";"12";"2024";"03:15";"5";"26";"26252";"1";"1";"1";"7";"RN 7";"44,87362236";"4,86550570"
"202400017771";"9";"09";"2024";"09:20";"1";"33";"33090";"1";"1";"2";"4";"N/A";"44,76703100";" -0,66867300"
"202400017772";"18";"04";"2024";"16:28";"1";"22";"22187";"1";"2";"1";"3";"PONT A L'ANGLAIS (Rue du)";"48,53298000";" -2,75420000"
"202400017773";"24";"12";"2024";"09:45";"1";"25";"25388";"2";"3";"1";"6";"BESANCON (FAUBOURG DE)";"47,50920000";"6,78749000"
"202400017774";"30";"01";"2024";"15:25";"1";"62";"62178";"1";"1";"1";"3";"D188";"50,49514000";"2,53834000"
"202400017775";"24";"12";"2024";"10:28";"1";"22";"22215";"1";"1";"2";"6";"CARPONT (RUE DU)";"48,49900000";" -2,77806000"
"202400017776";"29";"01";"2024";"19:15";"3";"62";"62457";"1";"1";"1";"2";"D301";"50,45125778";"2,55144739"
"202400017777";"18";"04";"2024";"08:50";"1";"22";"22187";"1";"1";"1";"4";"RN12";"48,54245651";" -2,76694748"
"202400017778";"9";"09";"2024";"10:45";"1";"94";"94034";"1";"1";"2";"5";"A86";"48,76061147";"2,31935953"
"202400017779";"24";"12";"2024";"16:10";"1";"19";"19031";"2";"1";"8";"3";"ALVITRE (AVENUE ABBE)";"45,15353000";"1,50911000"
"202400017780";"18";"04";"2024";"16:54";"1";"22";"22113";"2";"1";"1";"2";"RESISTANCE (AVENUE DE LA)";"48,74061000";" -3,46468000"
"202400017781";"30";"01";"2024";"07:00";"5";"60";"60175";"2";"2";"1";"3";"Rue de la République";"49,26137000";"2,47422000"
"202400017782";"9";"09";"2024";"08:26";"1";"91";"91339";"1";"1";"2";"3";"RN 104";"48,62540000";"2,26244000"
"202400017783";"23";"12";"2024";"17:35";"5";"14";"14366";"2";"3";"1";"3";"155 Rue Roger Aini";"49,14482000";"0,25661000"
"202400017784";"18";"04";"2024";"19:10";"1";"14";"14220";"2";"1";"1";"6";"5 Avenue Strassburger";"49,35179000";"0,07530000"
"202400017785";"9";"09";"2024";"05:50";"3";"91";"91521";"1";"1";"2";"6";"RN 104";"48,63530039";"2,40133882"
"202400017786";"30";"01";"2024";"16:00";"1";"59";"59410";"2";"2";"8";"3";"BECQUEREL RUE DU";"50,63552000";"3,10092000"
"202400017787";"23";"12";"2024";"14:20";"1";"14";"14333";"2";"9";"8";"7";"Place Pierre Berthelot";"49,41992000";"0,23610000"
"202400017788";"18";"04";"2024";"09:30";"1";"13";"13213";"2";"1";"1";"4";"BARA (BOULEVARD)";"43,35020000";"5,44295000"
"202400017789";"9";"09";"2024";"01:30";"3";"91";"91692";"1";"1";"2";"1";"AUTOROUTE A10";"48,67432000";"2,19882000"
"202400017790";"26";"01";"2024";"15:50";"1";"54";"54167";"2";"1";"1";"3";"Avenue du Général Leclerc";"48,67287362";"5,91675997"
"202400017791";"24";"12";"2024";"18:50";"5";"14";"14118";"2";"3";"2";"4";"3 Rue Général Moulin";"49,18536500";" -0,39652200"
"202400017792";"17";"04";"2024";"21:40";"5";"13";"13213";"2";"1";"1";"1";"MARATHON (RUE DE)";"43,32956000";"5,40710000"
"202400017793";"7";"09";"2024";"12:20";"1";"93";"93029";"1";"1";"1";"5";"AUTOROUTE A86";"48,92256332";"2,42727135"
"202400017794";"29";"01";"2024";"16:30";"1";"54";"54526";"2";"3";"1";"6";"Rue Camélinat";"48,68802939";"6,20742962"
"202400017795";"21";"12";"2024";"22:30";"5";"14";"14118";"2";"1";"6";"6";"49 Avenue de Tourville";"49,18454000";" -0,34927000"
"202400017796";"17";"04";"2024";"09:00";"1";"13";"13206";"2";"1";"1";"3";"BRETEUIL (RUE)";"43,28990000";"5,37600000"
"202400017797";"8";"09";"2024";"01:40";"3";"93";"93048";"1";"1";"1";"4";"AUTOROUTE A86";"48,86354514";"2,48257640"
"202400017798";"23";"12";"2024";"18:50";"5";"13";"13212";"2";"1";"1";"3";"CAILLOLS (AVENUE DES)";"43,30379000";"5,42698000"
"202400017799";"16";"04";"2024";"20:30";"5";"13";"13202";"2";"1";"1";"2";"BASSINS DE RADOUB (BOULEVARD DES)";"43,32531000";"5,35963000"
"202400017800";"29";"01";"2024";"14:10";"1";"54";"54547";"2";"6";"1";"2";"Rue de Gembloux";"48,66428595";"6,17431104"
"202400017801";"24";"12";"2024";"10:55";"1";"13";"13201";"2";"1";"1";"1";"Cours lieutaud";"43,29391850";"5,38214991"
"202400017802";"7";"09";"2024";"13:35";"1";"93";"93027";"1";"1";"1";"3";"AUTOROUTE A86";"48,92367420";"2,38525629"
"202400017803";"17";"04";"2024";"17:00";"1";"13";"13028";"2";"6";"1";"3";"ROVARCH (AVENUE PIERRE)";"43,19229187";"5,60894914"
"202400017804";"26";"01";"2024";"17:00";"2";"52";"52125";"2";"1";"2";"1";"R.D. 162";"48,10986000";"5,16010000"
"202400017805";"24";"12";"2024";"10:44";"1";"10";"10387";"2";"1";"8";"3";"ANATOLE FRANCE (RUE)";"48,28007000";"4,06979000"
"202400017806";"6";"09";"2024";"17:05";"1";"93";"93007";"1";"1";"2";"4";"AUTOROUTE A1";"48,94841681";"2,44555052"
"202400017807";"25";"01";"2024";"19:40";"3";"49";"49328";"1";"1";"1";"6";"VIEUX VIVY (ROUTE DU)";"47,28967000";" -0,06963000"
"202400017808";"9";"04";"2024";"12:00";"1";"13";"13004";"2";"3";"1";"6";"AV MARECHAL JUIN";"43,66872000";"4,63447000"
"202400017809";"24";"12";"2024";"02:18";"3";"10";"10357";"1";"6";"1";"6";"D610";"48,29570000";"4,13780000"
"202400017810";"9";"09";"2024";"09:15";"1";"94";"94073";"1";"1";"2";"3";"A86";"48,76210053";"2,38167667"
"202400017811";"30";"01";"2024";"15:59";"1";"49";"49007";"2";"3";"1";"3";"BON PASTEUR BOULEVARD";"47,47012000";" -0,56948000"
"202400017812";"23";"12";"2024";"14:25";"1";"10";"10357";"1";"1";"8";"2";"ROCADE EST (RD 610)";"48,29560000";"4,13750000"
"202400017813";"16";"04";"2024";"17:45";"1";"11";"11069";"2";"1";"1";"2";"48 Bd Louis Joseph Gay Lussac";"43,20906000";"2,32487000"
"202400017814";"7";"09";"2024";"14:00";"1";"70";"70482";"2";"1";"1";"6";"Avenue des Patis";"47,66457300";"5,96867900"
"202400017815";"23";"12";"2024";"07:55";"2";"07";"07102";"2";"1";"2";"6";"REPUBLIQUE (AV. DE LA) [DU N° AU N°]";"44,93310000";"4,87969000"
"202400017816";"18";"04";"2024";"20:55";"2";"10";"10387";"2";"1";"1";"6";"JEAN BERTHELIN (RUE)";"48,27240000";"4,08030000"
"202400017817";"30";"01";"2024";"07:15";"5";"49";"49007";"2";"6";"1";"3";"AMBROISE PARE";"47,47614000";" -0,57297000"
"202400017818";"8";"09";"2024";"15:00";"1";"972";"97208";"1";"1";"2";"6";"BALATA (ROUTE DE)";"14,70819000";" -61,09364000"
"202400017819";"18";"04";"2024";"08:15";"1";"06";"06029";"2";"3";"1";"6";"8 Rue des Suisses";"43,55177800";"7,00955100"
"202400017820";"29";"01";"2024";"08:25";"2";"49";"49246";"2";"1";"1";"1";"SORGES ROUTE";"47,43497000";" -0,49931000"
"202400017821";"8";"09";"2024";"17:00";"1";"972";"97209";"1";"1";"2";"7";"BALATA (ROUTE DE)";"14,66262000";" -61,08592000"
"202400017822";"17";"04";"2024";"08:30";"1";"75";"75119";"2";"1";"1";"3";"BD PERIPHERIQUE EXTERIEUR";"48,90042500";"2,39020700"
"202400017823";"7";"09";"2024";"18:35";"2";"972";"97213";"1";"1";"1";"2";"AUTOROUTE (A1)";"14,61470000";" -61,01282000"
"202400017824";"18";"04";"2024";"10:15";"1";"75";"75120";"2";"3";"1";"3";"BOULEVARD DE BELLEVILLE";"48,86958300";"2,38005300"
"202400017825";"8";"09";"2024";"15:40";"1";"69";"69149";"2";"1";"1";"6";"80 Rue Dubois Crance";"45,71153000";"4,81957000"
"202400017826";"18";"04";"2024";"11:32";"1";"75";"75117";"2";"3";"1";"6";"BOULEVARD BESSIERES";"48,89765500";"2,32467700"
"202400017827";"23";"12";"2024";"14:55";"1";"06";"06029";"2";"2";"1";"4";"1 Avenue Reine Astrid";"43,53963000";"7,03579000"
"202400017828";"8";"09";"2024";"08:30";"1";"971";"97101";"1";"1";"3";"2";"RN1 ROCADE DE CHAUVEL";"16,24073000";" -61,52258000"
"202400017829";"18";"04";"2024";"08:15";"1";"75";"75117";"2";"2";"8";"6";"RUE CARDINET";"48,88862600";"2,31568600"
"202400017830";"20";"01";"2024";"20:00";"5";"42";"42218";"2";"1";"1";"2";"EVRARD FLORENT A PARTIR Nø 114-89";"45,42443392";"4,37538430"
"202400017831";"23";"12";"2024";"19:44";"5";"03";"03310";"2";"2";"1";"3";"Rue de Beauséjour";"46,13670000";"3,42291000"
"202400017832";"8";"09";"2024";"14:15";"1";"95";"95268";"2";"1";"1";"6";"D125E";"48,97299005";"2,39767934"
"202400017833";"17";"04";"2024";"22:30";"5";"75";"75116";"2";"3";"1";"6";"SQUARE ALBONI";"48,85777300";"2,28554100"
"202400017834";"15";"01";"2024";"16:00";"1";"42";"42275";"2";"1";"2";"6";"Place Massenet";"45,46633127";"4,37917940"
"202400017835";"23";"12";"2024";"17:40";"5";"75";"75120";"2";"1";"1";"2";"BD PERIPHERIQUE INTERIEUR";"48,85724000";"2,41402500"
"202400017836";"17";"04";"2024";"19:30";"1";"75";"75116";"2";"1";"1";"3";"AVENUE DE LA GRANDE ARMEE";"48,87546700";"2,28944600"
"202400017837";"8";"09";"2024";"09:13";"1";"84";"84092";"2";"2";"2";"3";"LYON (ROUTE DE )";"43,95471000";"4,83812000"
"202400017838";"18";"04";"2024";"08:55";"1";"75";"75115";"2";"1";"1";"6";"AVENUE DE LA PORTE DE LA PLAINE";"48,83044500";"2,29228500"
"202400017839";"24";"12";"2024";"20:00";"5";"75";"75120";"2";"3";"1";"6";"RUE DES PYRENEES";"48,87337500";"2,39008300"
"202400017840";"8";"09";"2024";"10:30";"1";"83";"83137";"2";"1";"2";"3";"BROSSET (BD GENERAL)";"43,12828000";"5,90529000"
"202400017841";"18";"04";"2024";"18:00";"1";"75";"75112";"2";"3";"1";"6";"AVENUE DAUMESNIL";"48,84031400";"2,39248700"
"202400017842";"30";"01";"2024";"15:13";"1";"38";"38169";"2";"3";"1";"3";"Boulevard Joliot Curie";"45,19704000";"5,69376000"
"202400017843";"8";"09";"2024";"02:00";"3";"83";"83069";"2";"1";"1";"6";"PIERREFEU (ROUTE DE) RD 12";"43,15085599";"6,14664584"
"202400017844";"24";"12";"2024";"17:33";"5";"75";"75118";"2";"2";"2";"6";"RUE D AUBERVILLIERS";"48,89871400";"2,37029100"
"202400017845";"18";"04";"2024";"09:20";"1";"75";"75110";"2";"2";"1";"6";"RUE DE LANCRY";"48,87255600";"2,36326700"
"202400017846";"8";"09";"2024";"02:45";"5";"83";"83050";"2";"6";"1";"6";"JUIN( AVENUE DU MARECHAL)";"43,53265316";"6,47091047"
"202400017847";"30";"01";"2024";"19:10";"5";"38";"38053";"2";"9";"1";"2";"Avenue d’Italie";"45,58457000";"5,27825000"
"202400017848";"24";"12";"2024";"09:30";"1";"75";"75115";"2";"5";"1";"6";"RUE LECOURBE";"48,84264200";"2,30267500"
"202400017849";"18";"04";"2024";"16:40";"1";"75";"75108";"2";"3";"1";"3";"RUE SAINT LAZARE";"48,87538200";"2,32490600"
"202400017850";"8";"09";"2024";"07:29";"1";"81";"81065";"2";"1";"1";"2";"180 Avenue Charles De Gaulle";"43,59669000";"2,26199000"
"202400017851";"29";"01";"2024";"17:30";"5";"37";"37261";"2";"9";"1";"2";"AUBERDIERE (RUE DE L')";"47,36573000";"0,69858000"
"202400017852";"24";"12";"2024";"17:45";"5";"75";"75113";"2";"7";"2";"2";"PLACE D ITALIE";"48,83096200";"2,35580900"
"202400017853";"18";"04";"2024";"10:00";"1";"75";"75108";"2";"7";"1";"3";"PLACE DE LA MADELEINE";"48,86924000";"2,32447000"
"202400017854";"30";"01";"2024";"12:05";"1";"35";"35055";"1";"3";"1";"3";"GRESILLON (ALLEE DU)";"48,07634368";" -1,58679716"
"202400017855";"8";"09";"2024";"17:25";"1";"78";"78643";"2";"6";"1";"6";"EUROPE BD DE L'";"48,97618300";"1,98253600"
"202400017856";"23";"12";"2024";"12:15";"1";"75";"75109";"2";"2";"1";"3";"RUE AUBER";"48,87326900";"2,32890500"
"202400017857";"30";"01";"2024";"11:15";"1";"35";"35051";"2";"6";"1";"4";"ALLIES (BOULEVARD DES)";"48,10248000";" -1,61031000"
"202400017858";"17";"04";"2024";"21:43";"5";"75";"75107";"2";"2";"1";"3";"QUAI VOLTAIRE";"48,85952200";"2,32928100"
"202400017859";"30";"01";"2024";"12:40";"1";"33";"33529";"2";"1";"1";"6";"N/A";"44,60973900";" -1,12479970"
"202400017860";"8";"09";"2024";"03:30";"3";"71";"71499";"2";"1";"1";"6";"SAINT EUGENE (RUE )";"46,67875042";"4,25903678"
"202400017861";"23";"12";"2024";"10:50";"1";"75";"75101";"2";"4";"7";"6";"AVENUE DE L OPERA";"48,86725200";"2,33361200"
"202400017862";"18";"04";"2024";"13:30";"1";"75";"75103";"2";"3";"1";"6";"RUE DU TEMPLE";"48,86337200";"2,35825900"
"202400017863";"29";"01";"2024";"08:10";"5";"29";"29019";"2";"6";"1";"3";"route du Vieux Saint-Marc";"48,38696200";" -4,47101000"
"202400017864";"8";"09";"2024";"23:40";"5";"69";"69282";"2";"4";"1";"6";"Rue de la République";"45,76172000";"5,02263000"
"202400017865";"22";"12";"2024";"16:19";"2";"75";"75101";"2";"3";"8";"6";"RUE DE RIVOLI";"48,86247000";"2,33627700"
"202400017866";"30";"01";"2024";"19:30";"5";"26";"26198";"2";"1";"1";"6";"Boulevard du Président Vincent Auriol";"44,54834000";"4,77395000"
"202400017867";"8";"09";"2024";"17:38";"1";"64";"64122";"2";"1";"8";"6";"""FOCH (AV, DU MARECHAL)""";"43,47922000";" -1,55860000"
"202400017868";"17";"04";"2024";"18:00";"1";"75";"75101";"2";"2";"1";"3";"PONT AU CHANGE";"48,85621800";"2,34649500"
"202400017869";"31";"01";"2024";"00:35";"5";"13";"13211";"2";"9";"1";"1";"MIREILLE LAUZE (Bd)";"43,28731400";"5,43243000"
"202400017870";"24";"12";"2024";"22:00";"5";"94";"94041";"2";"3";"2";"1";"Rue François Mitterrand";"48,82440000";"2,38702000"
"202400017871";"8";"09";"2024";"00:40";"4";"47";"47031";"2";"1";"1";"2";"RD813";"44,19257320";"0,64762686"
"202400017872";"17";"04";"2024";"00:58";"5";"94";"94068";"2";"2";"1";"3";"Boulevard de Créteil / Avenue Barbès";"48,79799000";"2,49170000"
"202400017873";"30";"01";"2024";"19:10";"5";"13";"13212";"2";"1";"1";"3";"24 AVRIL 15 (AVENUE DU)";"43,30789400";"5,42683900"
"202400017874";"24";"12";"2024";"19:45";"5";"94";"94028";"2";"1";"2";"4";"Rue Juliette Savar";"48,77990433";"2,46559145"
"202400017875";"7";"09";"2024";"14:40";"1";"45";"45068";"2";"1";"2";"6";"12 Rue Marcel Paul";"48,01200000";"2,72237000"
"202400017876";"18";"04";"2024";"06:45";"2";"94";"94041";"2";"1";"1";"3";"123 Avenue Maurice Thorez";"48,81546300";"2,37778700"
"202400017877";"30";"01";"2024";"15:30";"1";"13";"13215";"2";"1";"1";"3";"SAINT ANTOINE (AVENUE DE)";"43,37000000";"5,35000000"
"202400017878";"8";"09";"2024";"02:55";"5";"44";"44143";"2";"9";"2";"6";"125 Rue Aristide Briand";"47,17797000";" -1,54408000"
"202400017879";"23";"12";"2024";"13:00";"1";"94";"94017";"2";"2";"1";"3";"Rue Alexandre Fourny";"48,81882337";"2,52030936"
"202400017880";"17";"04";"2024";"14:00";"1";"94";"94041";"2";"1";"2";"3";"Boulevard Paul Vaillant Couturier";"48,81545605";"2,40104949"
"202400017881";"16";"01";"2024";"16:30";"1";"13";"13206";"2";"1";"1";"5";"LODI (RUE DE)";"43,28951000";"5,38717000"
"202400017882";"8";"09";"2024";"01:50";"5";"44";"44109";"2";"6";"2";"6";"PLACE DU GARIGLIANo";"47,19829883";" -1,60563565"
"202400017883";"24";"12";"2024";"13:00";"1";"93";"93064";"2";"1";"2";"3";"Rue Richard Gardebled";"48,87559836";"2,48410451"
"202400017884";"29";"01";"2024";"15:45";"1";"13";"13001";"2";"1";"1";"3";"BENOIT FERNAND (AV)";"43,54700000";"5,44000000"
"202400017885";"18";"04";"2024";"14:10";"1";"94";"94034";"2";"1";"1";"2";"Avenue de Stalingrad";"48,76322000";"2,33378000"
"202400017886";"7";"09";"2024";"17:05";"1";"43";"43002";"2";"1";"1";"2";"34 Route de Roderie";"45,05079000";"3,89300000"
"202400017887";"23";"12";"2024";"19:05";"5";"93";"93077";"2";"9";"1";"7";"Allee du Plateau";"48,87966000";"2,50419000"
"202400017888";"30";"01";"2024";"13:30";"1";"07";"07316";"1";"1";"1";"5";"Route de Lyon";"44,90501000";"4,85346000"
"202400017889";"18";"04";"2024";"15:40";"1";"93";"93051";"2";"3";"1";"3";"Rue de Verdun / Rue du 26 Aout 1944";"48,84814160";"2,53193092"
"202400017890";"8";"09";"2024";"20:50";"5";"38";"38185";"2";"2";"2";"3";"Rue des Alliés";"45,17052713";"5,72761193"
"202400017891";"24";"12";"2024";"05:47";"5";"93";"93045";"2";"2";"2";"1";"Boulevard Eugène Decros / Rue de la Rochefoucauld";"48,88125000";"2,41391000"
"202400017892";"30";"01";"2024";"13:07";"1";"06";"06088";"2";"1";"1";"6";"Rue de Roquebillière";"43,71192630";"7,28843900"
"202400017893";"8";"09";"2024";"12:30";"1";"37";"37195";"2";"1";"1";"6";"LOUIS XI (RUE)";"47,38524000";"0,66555000"
"202400017894";"7";"09";"2024";"16:45";"1";"37";"37261";"2";"1";"1";"6";"ALOUETTE (AVENUE)";"47,36274000";"0,69622000"
"202400017895";"24";"12";"2024";"09:00";"1";"93";"93030";"2";"2";"2";"6";"DE GAULLE (AVENUE DU GENERAL)";"48,94975000";"2,41508000"
"202400017896";"30";"01";"2024";"16:10";"1";"06";"06069";"2";"9";"1";"2";"Chemin de l’Orme";"43,65259000";"6,94536000"
"202400017897";"17";"04";"2024";"13:05";"1";"93";"93046";"2";"2";"1";"3";"Avenue Jean Jacques Rousseau / Avenue Emile Zola";"48,92944000";"2,54109000"
"202400017898";"8";"09";"2024";"12:00";"1";"34";"34129";"2";"1";"1";"3";"BRET (ROND POINT L)";"43,57612000";"3,87500000"
"202400017899";"30";"01";"2024";"14:40";"1";"06";"06069";"2";"1";"1";"2";"Avenue Antoine de Saint Exupéry";"43,66040000";"6,93050000"
"202400017900";"23";"12";"2024";"02:00";"5";"93";"93027";"2";"3";"1";"3";"FRANKLIN (RUE)";"48,91977072";"2,41297781"
"202400017901";"17";"04";"2024";"10:05";"1";"93";"93045";"2";"1";"1";"6";"Rue de Paris";"48,88082498";"2,41955210"
"202400017902";"8";"09";"2024";"17:30";"1";"29";"29232";"2";"1";"3";"7";"Boulevard de Poulguinan";"47,98559000";" -4,11124000"
"202400017903";"30";"01";"2024";"13:39";"1";"06";"06030";"2";"3";"1";"6";"Rue Sevigne";"43,56774000";"7,01570000"
"202400017904";"18";"04";"2024";"15:50";"1";"93";"93057";"2";"1";"1";"7";"Avenue Aristide Briand";"48,90870100";"2,49974400"
"202400017905";"24";"12";"2024";"16:05";"2";"92";"92026";"2";"2";"2";"4";"PRÉSIDENT PAUL DOUMER (QUAI DU)";"48,89669218";"2,26437673"
"202400017906";"29";"01";"2024";"12:10";"1";"05";"05023";"2";"1";"1";"6";"FINE (RUE ORONCE)";"44,88913000";"6,63318000"
"202400017907";"18";"04";"2024";"16:13";"1";"93";"93008";"2";"3";"1";"6";"Rue de Stalingrad / Rue du Colonel Rol Tanguy";"48,91814000";"2,41621000"
"202400017908";"8";"09";"2024";"12:34";"1";"27";"27229";"2";"2";"1";"3";"CITES UNIES (BOULEVARD DES)";"49,00640000";"1,14487000"
"202400017909";"30";"01";"2024";"17:10";"2";"75";"75115";"2";"1";"1";"3";"PORTE DE SEVRES";"48,83095400";"2,28402400"
"202400017910";"23";"12";"2024";"23:17";"5";"92";"92024";"2";"2";"2";"1";"JEAN JAURES (BD) DE (1 A 45)   (2 A 54)";"48,89784363";"2,30800644"
"202400017911";"17";"04";"2024";"11:00";"1";"93";"93007";"2";"2";"1";"3";"Rue Martyrs de la Deportation / Rue Gilbert Dru";"48,94732600";"2,43893100"
"202400017912";"30";"01";"2024";"16:40";"1";"75";"75118";"2";"1";"1";"4";"BD PERIPHERIQUE EXTERIEUR";"48,90107600";"2,34527300"
"202400017913";"24";"12";"2024";"07:00";"5";"92";"92002";"2";"1";"2";"3";"RAYMON ARON (AVENUE)";"48,77125642";"2,31210619"
"202400017914";"8";"09";"2024";"10:04";"1";"25";"25462";"2";"1";"1";"3";"LAVAUX DES (DU 26 A LA FIN)";"46,90568000";"6,36607000"
"202400017915";"18";"04";"2024";"17:35";"1";"92";"92078";"2";"3";"1";"6";"REDOUTE (AVENUE)";"48,94592249";"2,31931812"
"202400017916";"24";"12";"2024";"16:17";"1";"31";"31184";"1";"1";"8";"6";"Route de Lasbordes";"43,59835100";"1,53528500"
"202400017917";"29";"01";"2024";"16:35";"1";"75";"75114";"2";"1";"1";"4";"PORTE DE CHATILLON";"48,82256100";"2,31416900"
"202400017918";"18";"04";"2024";"07:10";"1";"92";"92062";"1";"1";"1";"3";"GENERAL DE GAULLE (AV) DU 63 AU 107";"48,88594873";"2,22915781"
"202400017919";"8";"09";"2024";"17:50";"1";"23";"23096";"2";"6";"1";"2";"GANE (ROND POINT DE LA)";"46,17456000";"1,87199000"
"202400017920";"25";"12";"2024";"11:45";"1";"87";"87202";"1";"1";"1";"6";"3 Rue François 1er";"45,89068678";"1,09366261"
"202400017921";"18";"04";"2024";"18:40";"1";"92";"92025";"2";"1";"1";"6";"CHARLES DE GAULLE (BD)";"48,91488690";"2,22868004"
"202400017922";"27";"01";"2024";"19:45";"5";"75";"75105";"2";"3";"1";"6";"BOULEVARD SAINT MARCEL";"48,83847400";"2,35704200"
"202400017923";"8";"09";"2024";"12:45";"1";"13";"13043";"2";"1";"2";"2";"ROVE (AV DU )";"43,38427000";"5,21903000"
"202400017924";"24";"12";"2024";"22:10";"3";"05";"05106";"1";"1";"1";"6";"N94";"44,53180500";"6,32700900"
"202400017925";"30";"01";"2024";"16:30";"1";"75";"75116";"2";"1";"1";"6";"AVENUE DE LA GRANDE ARMEE";"48,87547471";"2,28901586"
"202400017926";"18";"04";"2024";"09:15";"1";"92";"92024";"2";"1";"8";"2";"MARTRE DE (4 A 54)";"48,89974260";"2,30906904"
"202400017927";"8";"09";"2024";"15:40";"1";"13";"13213";"2";"1";"8";"7";"JEAN PAUL SARTRE (AVENUE)";"43,32218773";"5,41806352"
"202400017928";"25";"12";"2024";"15:40";"1";"07";"07330";"2";"1";"1";"1";"Chemin des Loubières";"44,42484800";"4,36823400"
"202400017929";"30";"01";"2024";"18:40";"5";"75";"75111";"2";"3";"1";"1";"RUE LOUIS BONNET";"48,87025198";"2,37648332"
"202400017930";"18";"04";"2024";"18:30";"1";"92";"92012";"2";"2";"1";"1";"REPUBLIQUE (BOULEVARD DE LA) 5/77BIS - 6";"48,83106651";"2,25724402"
"202400017931";"8";"09";"2024";"00:30";"5";"13";"13209";"2";"1";"1";"1";"LÉON LACHAMP (ROUTE)";"43,24900000";"5,44080000"