"Num_Acc";"jour";"mois";"an";"hrmn";"lum";"dep";"com";"agg";"int";"atm";"col";"adr";"lat";"long"
"202400017932";"24";"12";"2024";"20:30";"3";"24";"24485";"1";"1";"2";"6";"Route du Val de Côle";"45,37203264";"0,79777658"
"202400017933";"30";"01";"2024";"17:30";"2";"75";"75111";"2";"3";"1";"6";"RUE DE LA ROQUETTE";"48,85796600";"2,38160900"
"202400017934";"25";"12";"2024";"04:41";"3";"30";"30341";"1";"1";"1";"7";"D179";"43,59431700";"4,34260400"
"202400017935";"9";"09";"2024";"00:20";"3";"10";"10060";"2";"6";"1";"6";"GENERAL LECLERC (RUE DU)";"48,25496000";"4,09637000"
"202400017936";"17";"04";"2024";"20:05";"2";"92";"92002";"2";"1";"1";"2";"ARISTIDE BRIAND (AVENUE)";"48,75504880";"2,30568552"
"202400017937";"30";"01";"2024";"10:43";"1";"75";"75103";"2";"3";"1";"2";"RUE DEBELLEYME";"48,86084500";"2,36305800"
"202400017938";"19";"04";"2024";"08:40";"1";"17";"17010";"1";"1";"1";"1";"D202";"46,10849900";" -1,08498600"
"202400017939";"8";"09";"2024";"09:08";"1";"10";"10357";"2";"6";"7";"6";"HENRI BARBUSSE (RUE)";"48,30052000";"4,10853000"
"202400017940";"25";"12";"2024";"18:00";"5";"31";"31506";"2";"2";"1";"2";"Avenue de la Marqueille";"43,56031489";"1,53055161"
"202400017941";"18";"04";"2024";"18:35";"1";"22";"22302";"2";"1";"1";"6";"Rue de la Manchette";"48,59348800";" -2,18689600"
"202400017942";"29";"01";"2024";"19:25";"5";"75";"75101";"2";"2";"1";"1";"BOULEVARD DE SEBASTOPOL";"48,85953100";"2,34878900"
"202400017943";"7";"09";"2024";"17:25";"1";"08";"08105";"2";"1";"1";"1";"N/A";"49,75625000";"4,71974000"
"202400017944";"18";"04";"2024";"15:30";"1";"31";"31547";"1";"9";"1";"3";"3000 Route de Saint Lys";"43,50250500";"1,26674300"
"202400017945";"30";"01";"2024";"01:05";"5";"94";"94041";"2";"1";"1";"7";"Boulevard Paul Vaillant Couturier";"48,81738087";"2,39874297"
"202400017946";"25";"12";"2024";"03:05";"3";"30";"30169";"1";"1";"1";"5";"A9";"43,80059383";"4,31178948"
"202400017947";"8";"09";"2024";"07:50";"1";"06";"06088";"2";"2";"1";"3";"52 Boulevard Risso";"43,70263620";"7,28006110"
"202400017948";"25";"12";"2024";"01:20";"5";"971";"97118";"2";"1";"1";"6";"Chemin de Fontarabie";"16,21873900";" -61,63358000"
"202400017949";"19";"04";"2024";"01:18";"3";"35";"35206";"1";"1";"1";"2";"RN 137 Point ilométrique 40";"48,06301532";" -1,67847544"
"202400017950";"30";"01";"2024";"03:20";"5";"94";"94034";"2";"3";"1";"3";"Rue des Anémones / Boulevard Pasteur";"48,75586841";"2,31405035"
"202400017951";"24";"12";"2024";"05:40";"5";"33";"33199";"2";"1";"2";"6";"N/A";"44,63734600";" -1,10183800"
"202400017952";"8";"09";"2024";"01:45";"5";"06";"06088";"2";"2";"1";"3";"77 Boulevard Paul Montel";"43,67783000";"7,20527000"
"202400017953";"18";"04";"2024";"16:51";"1";"59";"59201";"1";"1";"8";"2";"Route de Fournes";"50,61369800";"2,92822000"
"202400017954";"30";"01";"2024";"14:30";"1";"94";"94070";"2";"1";"1";"4";"Route de Paris";"48,71971600";"2,56696400"
"202400017955";"18";"04";"2024";"20:17";"3";"21";"21406";"1";"1";"1";"6";"D9";"47,30868000";"4,72243700"
"202400017956";"8";"09";"2024";"13:55";"1";"06";"06069";"2";"1";"2";"6";"2 Place du Patti";"43,66072000";"6,92422000"
"202400017957";"30";"01";"2024";"15:40";"1";"93";"93064";"2";"1";"1";"6";"Rue Jules Ferry";"48,87396000";"2,47894000"
"202400017958";"18";"04";"2024";"17:13";"1";"19";"19196";"1";"1";"1";"7";"Route D'Objat";"45,28911932";"1,38656704"
"202400017959";"20";"09";"2024";"08:54";"1";"04";"04070";"2";"1";"1";"7";"GAMBETTA (BD)";"44,09075430";"6,23111630"
"202400017960";"19";"04";"2024";"07:00";"2";"19";"19285";"1";"1";"1";"7";"D7";"45,38356324";"1,46333184"
"202400017961";"30";"01";"2024";"08:25";"1";"93";"93062";"2";"9";"1";"3";"Allée Gambetta / Allée du Jardin Anglais";"48,89533400";"2,51093800"
"202400017962";"24";"12";"2024";"19:10";"3";"77";"77095";"1";"1";"2";"5";"D54";"48,98410400";"2,76374800"
"202400017963";"19";"04";"2024";"08:20";"1";"59";"59580";"2";"1";"1";"6";"30 Lotissement le Noordmeulen";"50,81072100";"2,57321900"
"202400017964";"19";"04";"2024";"06:20";"5";"81";"81081";"2";"1";"1";"6";"D85";"43,49544500";"2,15132500"
"202400017965";"29";"01";"2024";"17:45";"2";"93";"93048";"2";"1";"1";"6";"Rue Lenain de Tillemont";"48,85873000";"2,46184000"
"202400017966";"25";"12";"2024";"12:00";"1";"66";"66217";"2";"7";"1";"3";"avenue canterana";"42,61121200";"2,80803700"
"202400017967";"8";"09";"2024";"14:00";"1";"75";"75120";"2";"4";"1";"5";"BOULEVARD PERIPHERIQUE INTERIEUR NORD  ";"48,86872228";"2,41323978"
"202400017968";"29";"01";"2024";"14:45";"1";"93";"93048";"2";"1";"1";"3";"Rue de la Fédération";"48,85407100";"2,43813300"
"202400017969";"12";"04";"2024";"18:00";"1";"71";"71543";"2";"2";"1";"2";"Quai du Nord";"46,56398400";"4,91211200"
"202400017970";"24";"12";"2024";"09:30";"1";"04";"04242";"1";"1";"1";"2";"D4096";"43,89766000";"5,87890300"
"202400017971";"7";"09";"2024";"23:00";"5";"75";"75115";"2";"1";"1";"2";"BOULEVARD PERIPHERIQUE INTERIEUR SUD";"48,83340800";"2,27834300"
"202400017972";"30";"01";"2024";"08:30";"1";"93";"93047";"2";"1";"8";"6";"Avenue Victor Hugo";"48,90220000";"2,56094000"
"202400017973";"19";"04";"2024";"16:00";"1";"63";"63047";"2";"3";"1";"7";"Boulevard des Vernières";"45,59067400";"2,74939800"
"202400017974";"24";"12";"2024";"10:58";"1";"69";"69287";"2";"3";"1";"6";"15 Rue du 11 Novembre 1918";"45,69085200";"5,03342300"
"202400017975";"6";"09";"2024";"14:20";"1";"75";"75115";"2";"1";"1";"2";"BOULEVARD PERIPHERIQUE EXTERIEUR SUD";"48,83189700";"2,28169000"
"202400017976";"23";"12";"2024";"16:05";"1";"27";"27397";"1";"1";"1";"7";"rue du fond du val";"49,03606600";"1,36441300"
"202400017977";"30";"01";"2024";"07:33";"2";"93";"93010";"2";"3";"1";"6";"Rue Jules Guesde / Rue Jean Jaures";"48,90352800";"2,47799000"
"202400017978";"17";"04";"2024";"22:30";"3";"49";"49160";"1";"2";"1";"3";"D22";"47,41262700";" -0,94947200"
"202400017979";"18";"04";"2024";"14:15";"1";"42";"42264";"1";"1";"1";"6";"D6";"45,59076800";"4,33950300"
"202400017980";"30";"01";"2024";"17:15";"1";"93";"93005";"2";"5";"1";"6";"Avenue Anatole France / Rue Sadi Carnot";"48,93735000";"2,49467700"
"202400017981";"8";"09";"2024";"15:50";"1";"75";"75120";"2";"5";"1";"2";"RUE DES PYRENEES";"48,85619600";"2,40493200"
"202400017982";"25";"12";"2024";"11:55";"1";"76";"76116";"1";"2";"1";"3";"D6014";"49,38738600";"1,22112500"
"202400017983";"27";"01";"2024";"17:30";"2";"92";"92022";"2";"1";"1";"7";"ETANG SAINT-DENIS (ROUTE DE L')";"48,81102528";"2,19534051"
"202400017984";"18";"04";"2024";"18:45";"1";"86";"86002";"1";"2";"1";"3";"D18";"46,75853400";"0,16043900"
"202400017985";"30";"01";"2024";"10:55";"1";"92";"92050";"2";"1";"8";"2";"SOUFFLOT J-GERMAIN BOULEVARD";"48,89797000";"2,21403000"
"202400017986";"25";"12";"2024";"11:00";"1";"60";"60211";"1";"1";"1";"1";"D915";"49,32048900";"1,77463500"
"202400017987";"8";"09";"2024";"00:45";"5";"75";"75116";"2";"1";"1";"4";"AVENUE RAYMOND POINCARE";"48,87119000";"2,28495200"
"202400017988";"15";"03";"2024";"16:38";"1";"34";"34150";"2";"3";"1";"7";"1 Rue Montgolfier";"43,35795000";"3,52820000"
"202400017989";"30";"01";"2024";"13:50";"1";"92";"92040";"2";"3";"1";"3";"GENERAL DE GAULLE (AVE DU) 32 A 62";"48,82164784";"2,28169477"
"202400017990";"6";"09";"2024";"15:50";"1";"75";"75116";"2";"1";"1";"3";"AVENUE KLEBER";"48,86565800";"2,28915800"
"202400017991";"5";"04";"2024";"21:40";"3";"44";"44217";"1";"1";"1";"1";"Lieu Dit Tournebride";"47,27853800";" -1,72004700"
"202400017992";"23";"12";"2024";"12:10";"1";"13";"13005";"1";"1";"1";"2";"A50-Sens Aubagne vers Marseille";"43,28500320";"5,52417765"
"202400017993";"30";"01";"2024";"19:20";"5";"92";"92026";"2";"1";"1";"3";"CIRCULAIRE (BOULEVARD)";"48,89089000";"2,24766000"
"202400017994";"8";"09";"2024";"03:20";"5";"75";"75115";"2";"2";"1";"3";"QUAI ANDRE CITROEN";"48,84940900";"2,28151400"
"202400017995";"23";"12";"2024";"20:45";"5";"13";"13214";"1";"1";"1";"3";"A7-Sens Lyon vers Marseille";"43,33542674";"5,37708055"
"202400017996";"19";"04";"2024";"17:15";"1";"35";"35039";"2";"2";"1";"3";"Rue de Rennes";"48,10565100";" -1,48556800"
"202400017997";"30";"01";"2024";"16:50";"1";"92";"92024";"2";"1";"1";"2";"CLICHY (QUAI DE) DE (8 A 60)";"48,90775829";"2,29861844"
"202400017998";"30";"01";"2024";"12:30";"1";"34";"34069";"1";"1";"8";"6";"D14";"43,38069200";"3,12213400"
"202400017999";"7";"09";"2024";"23:30";"5";"75";"75115";"2";"1";"1";"3";"RUE DES BERGERS";"48,84471500";"2,28272300"
"202400018000";"19";"04";"2024";"17:05";"1";"58";"58079";"2";"1";"1";"6";"Le Foulon";"47,45137400";"3,50154300"
"202400018001";"13";"12";"2024";"18:48";"3";"13";"13071";"1";"1";"1";"4";"A7-Sens Lyon vers Marseille";"43,40498387";"5,33981320"
"202400018002";"31";"01";"2024";"07:20";"2";"51";"51423";"1";"1";"1";"3";"D61";"48,75968300";"4,84115100"
"202400018003";"19";"04";"2024";"08:50";"1";"72";"72247";"1";"1";"7";"1";"rd309 pk49+500";"47,97953822";"0,11534762"
"202400018004";"30";"01";"2024";"13:00";"1";"33";"33087";"2";"1";"1";"6";"Le Bourg Nord";"44,62754600";" -0,06322500"
"202400018005";"21";"12";"2024";"12:30";"1";"57";"57356";"1";"1";"8";"2";"Autoroute A31";"49,43664000";"6,11701000"
"202400018006";"8";"09";"2024";"17:40";"1";"75";"75101";"2";"3";"8";"3";"QUAI FRANCOIS MITTERRAND";"48,85898900";"2,33987300"
"202400018007";"17";"01";"2024";"17:00";"1";"36";"36103";"1";"1";"1";"7";"N/A";"47,13173900";"1,45214800"
"202400018008";"19";"04";"2024";"08:25";"1";"14";"14740";"1";"1";"1";"6";"Route de Livarot";"49,00373000";"0,36607900"
"202400018009";"30";"01";"2024";"17:09";"1";"972";"97231";"1";"3";"1";"1";"Sarcelle";"14,53003100";" -61,02097900"
"202400018010";"8";"09";"2024";"07:05";"1";"75";"75104";"2";"4";"1";"5";"BOULEVARD BEAUMARCHAIS";"48,85403900";"2,36897700"
"202400018011";"14";"04";"2024";"11:06";"1";"64";"64238";"1";"2";"1";"3";"Route de Ponson Dessus";"43,24833800";" -0,08275700"
"202400018012";"23";"12";"2024";"23:11";"3";"59";"59447";"1";"1";"1";"5";"AUTOROUTE A2";"50,37174000";"3,60272000"
"202400018013";"31";"01";"2024";"16:10";"1";"72";"72008";"1";"1";"1";"1";"D140";"47,92206389";"0,21814010"
"202400018014";"24";"12";"2024";"20:50";"3";"92";"92002";"1";"1";"1";"2";"AUTOROUTE A10";"48,73281000";"2,31210000"
"202400018015";"8";"09";"2024";"23:00";"5";"94";"94016";"2";"2";"1";"3";"Avenue Aristide Briand";"48,79615000";"2,32192800"
"202400018016";"29";"01";"2024";"08:50";"1";"82";"82185";"1";"1";"1";"7";"D47";"44,36762800";"0,91567400"
"202400018017";"13";"04";"2024";"09:20";"1";"43";"43244";"2";"1";"1";"6";"1 Place de l'Hotel-de-ville";"45,11464500";"4,29047500"
"202400018018";"31";"01";"2024";"04:10";"3";"63";"63195";"1";"1";"1";"6";"D20";"45,80826149";"3,38821148"
"202400018019";"24";"12";"2024";"19:55";"3";"91";"91228";"1";"1";"1";"2";"AUTOROUTE A6";"48,62410000";"2,41917000"
"202400018020";"8";"09";"2024";"07:55";"2";"95";"95527";"1";"1";"1";"3";"NOYER AU CHAT (ROUTE DU)";"49,00052653";"2,52678752"
"202400018021";"30";"01";"2024";"02:20";"3";"42";"42173";"1";"4";"1";"6";"Route du Chatelard";"45,81736000";"4,10796400"
"202400018022";"18";"04";"2024";"20:50";"3";"07";"07191";"1";"6";"1";"6";"D86";"44,58564500";"4,70155300"
"202400018023";"7";"09";"2024";"08:00";"2";"93";"93001";"2";"1";"2";"3";"VICTOR HUGO (AVE)  N° 122 =>";"48,91149091";"2,37952454"
"202400018024";"30";"01";"2024";"09:40";"1";"29";"29241";"2";"1";"5";"6";"Rue Alsace-lorraine";"47,95770800";" -3,82777000"
"202400018025";"24";"12";"2024";"15:10";"1";"92";"92019";"1";"1";"2";"2";"AUTOROUTE A86";"48,75977884";"2,27329195"
"202400018026";"8";"09";"2024";"20:45";"5";"92";"92036";"2";"3";"2";"6";"LUCIEN LANTERNIER (AVENUE) (1/17)";"48,93318258";"2,29414199"
"202400018027";"31";"01";"2024";"15:00";"1";"38";"38538";"1";"6";"7";"3";"D165";"45,23023700";"5,86352300"
"202400018028";"24";"12";"2024";"14:40";"1";"78";"78640";"1";"1";"1";"2";"N118";"48,77207900";"2,22744800"
"202400018029";"18";"04";"2024";"09:00";"1";"04";"04088";"2";"3";"1";"3";"Boulevard Latourette";"43,95796800";"5,77946300"
"202400018030";"31";"01";"2024";"09:45";"1";"15";"15243";"1";"1";"8";"6";"RD 678";"45,23911100";"2,49904600"
"202400018031";"24";"12";"2024";"08:19";"1";"92";"92036";"1";"1";"2";"6";"A86";"48,93595200";"2,28705609"
"202400018032";"8";"09";"2024";"12:00";"1";"39";"39097";"2";"1";"1";"6";"Rue du Cimetière";"46,74717000";"5,91126400"
"202400018033";"19";"04";"2024";"16:00";"1";"85";"85029";"1";"1";"1";"6";"RD59";"46,97750000";" -1,98351000"
"202400018034";"24";"12";"2024";"21:20";"3";"78";"78640";"1";"1";"2";"2";"A86 INT";"48,78030200";"2,18372600"
"202400018035";"31";"01";"2024";"12:25";"1";"70";"70149";"1";"1";"1";"1";"d16";"47,63600000";"6,72445900"
"202400018036";"29";"08";"2024";"14:30";"1";"57";"57028";"1";"3";"1";"1";"D1";"49,19861502";"6,20873882"
"202400018037";"18";"04";"2024";"22:45";"3";"85";"85089";"1";"2";"1";"1";"la cantière";"46,72354000";" -1,29886000"
"202400018038";"31";"01";"2024";"06:10";"3";"70";"70525";"1";"1";"1";"6";"Rue du Muguet";"47,65541700";"5,83809200"
"202400018039";"23";"12";"2024";"17:07";"1";"78";"78158";"1";"1";"1";"2";"A13";"48,84105900";"2,10699700"
"202400018040";"9";"09";"2024";"08:01";"1";"83";"83107";"1";"1";"7";"7";"A8";"43,46602503";"6,65061135"
"202400018041";"30";"01";"2024";"10:05";"1";"54";"54405";"1";"1";"9";"6";"RD 78";"48,58230200";"5,94264200"
"202400018042";"24";"12";"2024";"17:20";"5";"95";"95500";"1";"1";"2";"3";"A15";"49,03653414";"2,09411837"
"202400018043";"18";"04";"2024";"18:15";"1";"37";"37203";"1";"3";"1";"3";"Rue de Parçay";"47,41679900";"0,73425200"
"202400018044";"7";"09";"2024";"21:45";"3";"972";"97218";"1";"1";"1";"6";"chemin du petit reduit";"14,76028600";" -61,15838900"
"202400018045";"30";"01";"2024";"10:00";"1";"72";"72352";"1";"1";"1";"1";"Route de Marolles";"48,20662200";"0,40378000"
"202400018046";"24";"12";"2024";"15:55";"2";"95";"95365";"1";"1";"2";"3";"N104";"49,05773707";"2,42088314"
"202400018047";"8";"09";"2024";"10:16";"1";"63";"63289";"1";"1";"1";"7";"D204";"45,76589058";"2,72669334"
"202400018048";"18";"04";"2024";"19:30";"1";"61";"61497";"1";"9";"1";"3";"A28";"48,45370467";"0,13114403"
"202400018049";"28";"01";"2024";"16:10";"1";"64";"64040";"1";"1";"1";"7";"D132";"42,98529600";" -0,74339000"
"202400018050";"24";"12";"2024";"09:05";"1";"93";"93005";"1";"1";"2";"2";"AUTOROUTE A3";"48,95384453";"2,47352068"
"202400018051";"23";"01";"2024";"13:45";"1";"73";"73188";"1";"1";"1";"2";"D69";"45,61991700";"6,32672500"
"202400018052";"19";"04";"2024";"15:00";"1";"42";"42041";"1";"1";"1";"2";"A72";"45,70582300";"4,16458800"
"202400018053";"6";"09";"2024";"15:45";"1";"12";"12131";"1";"3";"1";"3";"D988";"44,41017900";"2,63677200"
"202400018054";"23";"12";"2024";"22:30";"3";"93";"93053";"1";"1";"1";"2";"AUTOROUTE A3";"48,89709475";"2,46970636"
"202400018055";"21";"01";"2024";"06:55";"5";"37";"37154";"2";"1";"2";"1";"48 Rue Nationale";"47,28660900";"0,71323300"
"202400018056";"19";"04";"2024";"09:00";"1";"973";"97309";"2";"1";"1";"3";"Route de Montjoly (rd1)";"4,92533000";" -52,28601200"
"202400018057";"8";"09";"2024";"19:30";"3";"974";"97413";"1";"1";"1";"1";"départementale 13 - ravine des poux";" -21,17530300";"55,30822300"
"202400018058";"30";"01";"2024";"09:00";"1";"987";"98734";"1";"1";"1";"3";"PK 30+500 PAPEMATO";" -17,71200000";" -149,50800000"
"202400018059";"18";"04";"2024";"12:20";"1";"69";"69244";"2";"1";"1";"3";"134 Rue Joliot Curie";"45,75426700";"4,77752000"
"202400018060";"24";"12";"2024";"19:45";"3";"77";"77294";"1";"1";"5";"6";"A104";"48,97036674";"2,57047531"
"202400018061";"8";"09";"2024";"18:30";"1";"50";"50467";"1";"1";"8";"6";"N13";"49,47729100";" -1,37564100"
"202400018062";"31";"01";"2024";"11:20";"1";"34";"34032";"1";"1";"1";"3";"A75";"43,35584516";"3,27395460"
"202400018063";"18";"04";"2024";"15:00";"1";"86";"86062";"1";"1";"1";"2";"A10";"46,66039400";"0,35559700"
"202400018064";"20";"06";"2024";"02:20";"5";"75";"75107";"2";"7";"1";"6";"AVENUE DE VILLARS";"48,85323500";"2,31325900"
"202400018065";"30";"01";"2024";"13:55";"1";"987";"98729";"2";"1";"1";"6";"PK 6.2 C/MER - MAHAREPA";" -17,57700000";" -150,20200000"
"202400018066";"9";"09";"2024";"00:30";"3";"50";"50025";"1";"9";"1";"6";"RN 175 PK 40+000";"48,70060600";" -1,34626500"
"202400018067";"7";"09";"2024";"12:00";"1";"34";"34114";"1";"1";"1";"6";"a750, pk 28";"43,64359100";"3,56467700"
"202400018068";"29";"06";"2024";"09:50";"1";"93";"93027";"2";"2";"1";"1";"Boulevard Pasteur / Rue de l'Union";"48,92804942";"2,38527775"
"202400018069";"30";"01";"2024";"19:20";"5";"973";"97312";"2";"2";"1";"1";"13 Rue d'Inkermann";"5,37816627";" -52,95679656"
"202400018070";"18";"04";"2024";"15:39";"1";"45";"45008";"1";"1";"1";"2";"A10";"48,08058100";"1,85123400"
"202400018071";"26";"06";"2024";"23:00";"5";"93";"93027";"2";"1";"1";"6";"Rue Honoré de Balzac";"48,92527000";"2,37980000"
"202400018072";"28";"01";"2024";"18:30";"5";"971";"97117";"2";"3";"1";"6";"Boulevard Rougé";"16,33081324";" -61,34539783"
"202400018073";"16";"04";"2024";"03:23";"3";"59";"59047";"1";"1";"2";"6";"A26 pk 143+400";"50,05964931";"3,17853496"
"202400018074";"8";"09";"2024";"18:10";"1";"87";"87122";"1";"1";"8";"1";"autoroute A 20 pK 154+900 SENS NORD/SUD";"46,05331300";"1,35852800"
"202400018075";"21";"06";"2024";"10:15";"1";"93";"93027";"2";"3";"2";"3";"Rue de Valmy / Rue Jollois";"48,92252000";"2,38164000"
"202400018076";"19";"04";"2024";"07:00";"2";"77";"77231";"1";"1";"1";"6";"D17";"49,00007100";"3,00724000"
"202400018077";"31";"01";"2024";"15:55";"1";"77";"77183";"2";"2";"1";"3";"Rue du Four Blanc";"48,94210400";"3,13859300"