"Num_Acc";"jour";"mois";"an";"hrmn";"lum";"dep";"com";"agg";"int";"atm";"col";"adr";"lat";"long"
"202400018078";"31";"01";"2024";"09:45";"1";100;100148";"2";"9";"1";"6";"parking du commerce";"42,52591000";"9,44260100"
"202400018079";"14";"06";"2024";"18:30";"1";"93";"93027";"2";"3";"1";"2";"Rue Raspail / Rue Rosa Parks";"48,92445434";"2,39581078"
"202400018080";"7";"09";"2024";"13:45";"1";"30";"30254";"1";"3";"1";"3";"N/A";"44,06982000";"4,70746000"
"202400018081";"18";"04";"2024";"14:30";"1";"21";"21464";"2";"2";"1";"6";"Rue Thurot";"47,13641000";"4,95003800"
"202400018082";"30";"01";"2024";"20:15";"3";"66";"66227";"1";"1";"1";"1";"D39";"42,63709881";"2,91524738"
"202400018083";"5";"06";"2024";"01:00";"5";"93";"93027";"2";"3";"1";"2";"Avenue Paul Vaillant-Couturier / A86";"48,92827498";"2,41874099"
"202400018084";"7";"09";"2024";"12:05";"1";"62";"62749";"2";"1";"1";"6";"D340";"50,35986846";"2,07077888"
"202400018085";"19";"04";"2024";"06:07";"2";"21";"21390";"2";"1";"1";"6";"Route des Grands Crus";"47,27397700";"4,99114600"
"202400018086";"31";"01";"2024";"07:25";"2";"84";"84074";"2";"1";"1";"2";"RD973";"43,75324900";"5,19244000"
"202400018087";"17";"04";"2024";"10:30";"1";"68";"68063";"2";"1";"1";"7";"8 Rue de la 4e Dmm";"47,80027800";"7,17347700"
"202400018088";"24";"12";"2024";"00:10";"5";"988";"98818";"2";"3";"1";"6";"RUE ISAAC NEWTON/RUE GUTENBERG";" -22,22793000";"166,44450000"
"202400018089";"31";"01";"2024";"18:40";"3";"83";"83008";"1";"1";"1";"6";"Route du Muy";"43,52020500";"6,64999000"
"202400018090";"9";"09";"2024";"10:13";"1";"57";"57465";"1";"3";"8";"3";"2 Route Nationale";"49,31831100";"6,28581600"
"202400018091";"23";"12";"2024";"14:20";"1";"976";"97611";"2";"1";"1";"6";"kaweni-Kaweni sud  (Z I)";" -12,77076000";"45,22549000"
"202400018092";"18";"04";"2024";"13:20";"1";"07";"07130";"1";"1";"4";"2";"Route nationale 102";"44,75198300";"3,98567700"
"202400018093";"31";"01";"2024";"14:00";"1";"70";"70528";"1";"1";"1";"1";"D.474 - PR 4+910";"47,42961147";"5,65798000"
"202400018094";"8";"09";"2024";"13:00";"1";"19";"19067";"1";"1";"2";"7";"D153";"44,99727900";"1,77961300"
"202400018095";"23";"12";"2024";"07:15";"1";"974";"97411";"2";"9";"1";"6";"LECONTE DE LISLE (AVENUE)";" -20,89615000";"55,49157000"
"202400018096";"27";"01";"2024";"14:50";"1";"67";"67368";"1";"1";"7";"7";"RD303";"48,44927900";"7,42479400"
"202400018097";"18";"04";"2024";"08:25";"1";"53";"53119";"1";"3";"7";"7";"1 L'Egretais";"47,99650600";" -0,74984900"
"202400018098";"6";"09";"2024";"19:30";"1";"56";"56112";"1";"1";"1";"7";"La Ville Stephant";"47,86760300";" -2,49925000"
"202400018099";"22";"12";"2024";"22:00";"5";"972";"97209";"2";"1";"1";"7";"RAVINE VILAINE (CHEMIN DEPARTEMENTAL DE)";"14,62995000";" -61,05994000"
"202400018100";"30";"01";"2024";"17:30";"2";"07";"07138";"1";"1";"1";"7";"N102";"44,58339900";"4,45009100"
"202400018101";"9";"04";"2024";"20:48";"2";"44";"44110";"1";"1";"1";"2";"Bois de bout";"47,41596500";" -1,52692800"
"202400018102";"7";"09";"2024";"04:40";"3";"56";"56166";"1";"1";"1";"6";"Rue du Petit Bois";"47,93550900";" -3,37856400"
"202400018103";"30";"01";"2024";"10:20";"1";"65";"65042";"1";"1";"1";"1";"30 Rue des Fréres Ferrère";"43,04411500";"0,16535300"
"202400018104";"18";"04";"2024";"06:45";"2";"14";"14698";"1";"1";"1";"6";"Route du Hamet";"49,20676500";" -0,22144300"
"202400018105";"21";"12";"2024";"16:30";"1";"972";"97209";"2";"1";"1";"4";"BISHOP (Avenue Maurice)";"14,61386000";" -61,05173000"
"202400018106";"8";"09";"2024";"04:43";"3";"79";"79179";"1";"1";"1";"7";"N/A";"46,70201600";" -0,56981400"
"202400018107";"30";"01";"2024";"08:55";"1";"86";"86137";"1";"1";"1";"1";"Rue des Guitais";"47,03795700";"0,05535400"
"202400018108";"17";"04";"2024";"12:35";"1";"35";"35360";"2";"1";"1";"6";"Allée verte";"48,11822500";" -1,20837800"
"202400018109";"22";"12";"2024";"23:10";"3";"971";"97101";"1";"9";"1";"7";"BOZON";"16,25456000";" -61,47839000"
"202400018110";"25";"01";"2024";"18:45";"3";"47";"47024";"1";"1";"1";"3";"Rue des Pommiers";"44,52661900";"0,14560600"
"202400018111";"19";"04";"2024";"13:50";"1";"27";"27410";"1";"1";"2";"1";"N13";"49,01352600";"1,26033800"
"202400018112";"23";"12";"2024";"08:05";"2";"91";"91027";"2";"1";"1";"3";"AV FRANCOIS MITTERRAND";"48,71156000";"2,37132000"
"202400018113";"7";"09";"2024";"11:45";"1";"80";"80606";"1";"1";"1";"6";"D29";"49,94149900";"1,78107300"
"202400018114";"18";"12";"2024";"12:40";"1";"88";"88160";"2";"2";"1";"3";"BOULAY-DE-LA-MEURTHE (RUE)";"48,17000000";"6,44000000"
"202400018115";"7";"09";"2024";"07:30";"1";"82";"82186";"1";"1";"8";"6";"D116";"44,10407700";"0,88409700"
"202400018116";"31";"01";"2024";"10:20";"1";"22";"22225";"2";"2";"1";"6";"Rue de l'Argoat";"48,53824700";" -3,13730500"
"202400018117";"21";"12";"2024";"18:26";"5";"87";"87085";"2";"3";"1";"6";"BUGEAUD (COURS)";"45,83462000";"1,26409000"
"202400018118";"9";"09";"2024";"11:30";"1";"71";"71379";"1";"1";"2";"1";"Route de Cuiseaux";"46,56683000";"5,30039000"
"202400018119";"31";"01";"2024";"08:15";"2";"76";"76758";"2";"1";"1";"6";"3 Rue des Victoires";"49,61695200";"0,75267100"
"202400018120";"17";"04";"2024";"12:20";"1";"13";"13001";"1";"1";"1";"2";"A51-Sens Marseille vers Aix en Provence";"43,49031207";"5,40723114"
"202400018121";"21";"12";"2024";"15:35";"1";"87";"87085";"1";"1";"1";"6";"RD39";"45,90616000";"1,27838000"
"202400018122";"30";"01";"2024";"12:10";"1";"60";"60446";"1";"1";"1";"6";"Route Nationale 2";"49,13607680";"2,79865945"
"202400018123";"17";"04";"2024";"10:30";"1";"13";"13071";"1";"1";"6";"2";"A7-Sens Lyon vers Marseille";"43,40498387";"5,33981320"
"202400018124";"7";"09";"2024";"17:33";"1";"89";"89151";"1";"2";"3";"3";"D660";"48,11570000";"3,15010000"
"202400018125";"19";"12";"2024";"18:15";"5";"87";"87085";"2";"1";"2";"2";"RUBEN (AVENUE ERNEST)";"45,82025000";"1,25342000"
"202400018126";"31";"01";"2024";"18:25";"3";"80";"80034";"1";"1";"1";"2";"autoroute A29 PK 246+200";"49,83792700";"2,99192900"
"202400018127";"22";"12";"2024";"02:03";"3";"77";"77118";"1";"1";"3";"6";"ROUTE NATIONALE 3";"48,94518000";"2,67691000"
"202400018128";"31";"01";"2024";"05:30";"3";"62";"62793";"2";"1";"1";"6";"D75";"50,41377997";"2,64318020"
"202400018129";"14";"04";"2024";"03:25";"3";"13";"13215";"1";"1";"1";"5";"A7-Sens Lyon vers Marseille";"43,40395738";"5,30381162"
"202400018130";"18";"07";"2024";"08:30";"1";"63";"63008";"1";"1";"1";"7";"Route de Saint Thomas";"45,88236728";"3,71326001"
"202400018131";"4";"04";"2024";"20:40";"2";"42";"42097";"1";"1";"1";"6";"A72";"45,50792000";"4,30246000"
"202400018132";"23";"12";"2024";"22:40";"5";"76";"76540";"2";"2";"2";"3";"Pont Guillaume le Conquérant";"49,43903000";"1,08000000"
"202400018133";"30";"01";"2024";"08:40";"1";"83";"83123";"1";"1";"1";"4";"A50";"43,14600000";"5,78200000"
"202400018134";"18";"04";"2024";"17:50";"1";"92";"92050";"1";"1";"1";"2";"A14";"48,89944094";"2,21322959"
"202400018135";"18";"04";"2024";"17:45";"1";"93";"93027";"1";"1";"2";"2";"A1";"48,93507158";"2,40041265"
"202400018136";"30";"01";"2024";"08:56";"1";"69";"69385";"1";"1";"1";"3";"Route de métropole 6";"45,75333964";"4,81858834"
"202400018137";"7";"09";"2024";"10:43";"1";"49";"49183";"1";"2";"1";"1";"N/A";"47,50871900";" -1,03088600"
"202400018138";"22";"12";"2024";"08:50";"1";"76";"76341";"1";"1";"1";"6";"RD 6382";"49,52432000";"0,18291000"
"202400018139";"23";"12";"2024";"12:05";"1";"76";"76217";"2";"1";"1";"6";"Rue Louis de Bures";"49,91722000";"1,08759000"
"202400018140";"9";"09";"2024";"09:50";"1";"12";"12188";"1";"1";"2";"6";"RD 911";"44,27452900";"2,74954000"
"202400018141";"18";"04";"2024";"14:50";"1";"94";"94073";"1";"1";"1";"4";"A86";"48,76210053";"2,38167667"
"202400018142";"15";"03";"2024";"08:48";"1";"54";"54115";"1";"1";"2";"4";"Autoroute A 31";"48,69362500";"6,08124500"
"202400018143";"2";"08";"2024";"21:14";"2";"31";"31022";"1";"1";"1";"2";"A62 PK 222.180 sens Bordeaux Toulouse";"43,67754375";"1,41514944"
"202400018144";"8";"09";"2024";"10:00";"1";"42";"42260";"2";"1";"1";"3";"20 Route de Boen";"45,83306400";"3,92338000"
"202400018145";"18";"12";"2024";"07:40";"5";"76";"76114";"2";"1";"1";"3";"JOFFRE (AVENUE DU MARECHAL)";"49,57026000";"0,48428000"
"202400018146";"17";"04";"2024";"19:10";"1";"77";"77363";"1";"1";"1";"4";"A104";"48,92307900";"2,62986900"
"202400018147";"31";"07";"2024";"10:10";"1";"988";"98805";"1";"1";"1";"6";"VE2";" -22,20175900";"166,45289200"
"202400018148";"8";"09";"2024";"09:20";"1";"42";"42047";"1";"1";"1";"7";"Route de Saint-Marcel";"45,86626000";"3,83654600"
"202400018149";"30";"01";"2024";"09:10";"1";"91";"91468";"1";"1";"1";"2";"AUTOROUTE A6";"48,57340837";"2,46739216"
"202400018150";"2";"08";"2024";"19:20";"1";"67";"67067";"1";"9";"2";"7";"aire de repos Brumath EST, Autoroute A4, sens Strasbourg vers Paris";"48,71965000";"7,69591200"
"202400018151";"22";"12";"2024";"18:50";"5";"67";"67482";"2";"1";"8";"6";"GENERAL KOENIG (QUAI DU)";"48,57528000";"7,75868000"
"202400018152";"28";"01";"2024";"22:46";"5";"92";"92050";"1";"1";"1";"7";"A14";"48,89464646";"2,22977686"
"202400018153";"8";"09";"2024";"03:00";"3";"46";"46322";"1";"1";"1";"1";"D12";"44,41742900";"1,32329500"
"202400018154";"21";"12";"2024";"18:00";"3";"66";"66136";"1";"3";"1";"3";"Rue Etienne Lenoir";"42,69072935";"2,85021722"
"202400018155";"9";"09";"2024";"02:50";"5";"68";"68338";"2";"6";"2";"7";"Route de Colmar";"48,08462191";"7,28775994"
"202400018156";"30";"01";"2024";"13:00";"1";"93";"93008";"1";"1";"1";"2";"AUTOROUTE A86";"48,91273457";"2,43680722"
"202400018157";"2";"08";"2024";"10:20";"1";"34";"34095";"1";"1";"1";"5";"Autoroute A9, P.K 112.800 dans le sens Nord / sud";"43,52614900";"3,76702300"
"202400018158";"17";"12";"2024";"14:00";"1";"65";"65286";"2";"1";"1";"6";"ABADIE (Avenue François)";"43,11051832";" -0,03790498"
"202400018159";"3";"08";"2024";"05:20";"3";"60";"60432";"1";"1";"1";"6";"RD922";"49,11379900";"2,61521800"
"202400018160";"23";"12";"2024";"16:25";"1";"64";"64445";"2";"1";"2";"2";"LOUIS BARTHOU";"43,29444000";" -0,36993000"
"202400018161";"5";"09";"2024";"21:25";"3";"39";"39510";"1";"1";"1";"2";"N/A";"46,36100000";"5,89645200"
"202400018162";"22";"12";"2024";"11:40";"1";"64";"64102";"2";"1";"2";"3";"MAUBEC (RUE)";"43,50034257";" -1,46692961"
"202400018163";"3";"08";"2024";"11:15";"1";"975";"97502";"2";"1";"1";"1";"boulevard Louis Heron de Villefosse";"46,77534700";" -56,18120700"
"202400018164";"29";"01";"2024";"19:35";"4";"93";"93007";"1";"1";"1";"2";"A3";"48,94214437";"2,47816648"
"202400018165";"8";"09";"2024";"01:30";"4";"39";"39412";"2";"1";"2";"6";"9 Route de Chaussin";"46,99051000";"5,36772500"
"202400018166";"23";"12";"2024";"18:20";"5";"59";"59426";"2";"1";"1";"6";"PETIT MENIN (RUE DU)";"50,75000000";"3,15000000"
"202400018167";"3";"08";"2024";"11:50";"1";"988";"98803";"1";"1";"1";"6";"RT3 à hauteur de la tribu d'Azareu";" -21,46457600";"165,48792400"
"202400018168";"23";"12";"2024";"21:00";"5";"59";"59343";"2";"1";"1";"1";"CURIE PIERRE RUE    N°PAIR";"50,59113000";"3,11393000"
"202400018169";"29";"01";"2024";"18:30";"3";"93";"93005";"1";"1";"1";"2";"A3";"48,96489011";"2,47555973"
"202400018170";"8";"09";"2024";"00:48";"3";"25";"25405";"1";"1";"3";"6";"D204";"46,83022200";"6,34416500"
"202400018171";"3";"08";"2024";"05:00";"3";"973";"97305";"1";"1";"1";"1";"Route Nationale 1 - PK 23+100";"4,99826400";" -52,45478200"
"202400018172";"23";"12";"2024";"18:40";"3";"59";"59560";"1";"1";"1";"2";"Route de Martinsart";"50,54233733";"3,04553889"
"202400018173";"29";"01";"2024";"23:00";"3";"974";"97416";"1";"1";"2";"6";"RN3 (1)";" -21,30700000";"55,49900000"
"202400018174";"2";"08";"2024";"18:35";"2";"971";"97129";"1";"1";"1";"6";"Morne Rouge";"16,30326300";" -61,65879800"
"202400018175";"8";"09";"2024";"15:10";"1";"44";"44003";"2";"1";"8";"6";"Boulevard de l'Atlantique";"47,37214000";" -1,19513300"
"202400018176";"23";"12";"2024";"16:13";"1";"56";"56260";"2";"6";"1";"6";"Rue Jeanne d'Arc";"47,65518000";" -2,76451000"
"202400018177";"8";"09";"2024";"11:00";"1";"29";"29111";"1";"1";"3";"7";"Trefalegan Didreux";"48,58596238";" -4,18943893"
"202400018178";"30";"11";"2024";"06:10";"4";"56";"56260";"2";"1";"1";"6";"Rue Marcelin Berthelot";"47,66619000";" -2,78614000"
"202400018179";"29";"01";"2024";"17:25";"1";"974";"97411";"2";"6";"1";"3";"JAURES (BOULEVARD JEAN)";" -20,89956000";"55,47965000"
"202400018180";"3";"08";"2024";"09:00";"1";"45";"45340";"1";"1";"8";"3";"D55 PR 1 + 0";"47,66167300";"2,34942200"
"202400018181";"8";"09";"2024";"16:10";"1";"29";"29259";"1";"1";"2";"1";"Lieu Dit Kernormand";"48,66627668";" -4,01132482"
"202400018182";"22";"12";"2024";"21:37";"5";"56";"56121";"2";"6";"1";"3";"Rue colonel Jean Muller";"47,76593000";" -3,40062000"
"202400018183";"27";"02";"2024";"13:50";"1";"45";"45155";"2";"1";"1";"2";"D941 PR 0 + 933";"47,68139600";"2,63031900"
"202400018184";"29";"01";"2024";"17:55";"1";"973";"97302";"2";"1";"2";"7";"VOLTAIRE(AVENUE)";"4,94257930";" -52,32154280"
"202400018185";"7";"09";"2024";"11:50";"1";"29";"29235";"2";"1";"2";"7";"boulevard Charles de Gaulle";"48,40188500";" -4,40306700"
"202400018186";"20";"12";"2024";"19:15";"5";"56";"56121";"2";"1";"2";"6";"Boulevard Eugène Cosmao-Dumanoir";"47,75331000";" -3,37293000"
"202400018187";"29";"01";"2024";"15:45";"1";"973";"97302";"2";"1";"3";"6";"REPUBLIQUE (BD DE LA)";"4,93751272";" -52,32449323"
"202400018188";"8";"09";"2024";"20:30";"3";"38";"38538";"2";"1";"3";"6";"Route de Chambéry";"45,22494400";"5,87241800"
"202400018189";"22";"12";"2024";"16:42";"2";"54";"54395";"2";"2";"1";"1";"Rue de Tomblaine";"48,68673000";"6,20108000"
"202400018190";"27";"01";"2024";"10:16";"1";"973";"97302";"1";"6";"1";"3";"MARINGOUINS (ROND-POINT)";"4,90782000";" -52,32221000"
"202400018191";"4";"09";"2024";"14:15";"1";"01";"01335";"1";"1";"1";"6";"D26";"46,10663200";"5,07427800"
"202400018192";"1";"08";"2024";"18:00";"1";"11";"11188";"2";"1";"1";"1";"N/A";"42,97005200";"2,99370800"
"202400018193";"21";"12";"2024";"18:00";"5";"54";"54116";"2";"3";"2";"6";"rue nationale";"48,59149000";"6,52749000"
"202400018194";"29";"01";"2024";"10:50";"1";"973";"97302";"2";"1";"2";"6";"MERE THERESA (rue)";"4,92629940";" -52,31374830"
"202400018195";"9";"09";"2024";"08:14";"1";"26";"26324";"2";"9";"7";"6";"Avenue Louis Girard";"44,34601800";"4,76744400"
"202400018196";"22";"12";"2024";"06:20";"5";"50";"50129";"2";"1";"1";"6";"ATLANTIQUE (BOULEVARD DE L')";"49,62035000";" -1,64694000"
"202400018197";"29";"01";"2024";"08:10";"1";"973";"97302";"2";"2";"3";"3";"FELIX EBOUE(ROCADE)";"4,93105919";" -52,31322527"
"202400018198";"3";"08";"2024";"03:05";"3";"84";"84019";"1";"1";"1";"1";"N86";"44,27199700";"4,70146200"
"202400018199";"8";"09";"2024";"17:30";"1";"66";"66137";"1";"1";"1";"6";"D900";"42,47186700";"2,85364500"
"202400018200";"28";"01";"2024";"20:30";"5";"972";"97209";"1";"1";"1";"2";"AUTOROUTE (A1)";"14,61790000";" -61,03977000"
"202400018201";"16";"11";"2024";"00:49";"5";"42";"42187";"2";"2";"1";"3";"Boulevard Ouest";"46,05065000";"4,06678000"
"202400018202";"7";"09";"2024";"15:40";"1";"06";"06119";"1";"1";"1";"7";"Col des Fourches (Col de montagne)";"44,33174600";"6,86656800"
"202400018203";"28";"01";"2024";"17:30";"2";"972";"97209";"1";"1";"1";"6";"BALATA (ROUTE DE)";"14,64962000";" -61,08119000"
"202400018204";"2";"08";"2024";"07:00";"1";"06";"06048";"2";"6";"1";"3";"Avenue Charles Alunni";"43,80545100";"7,31885300"
"202400018205";"12";"12";"2024";"22:50";"5";"40";"40088";"2";"1";"1";"6";"FOCH (COURS DU MARECHAL)";"43,71024483";" -1,05570859"
"202400018206";"29";"01";"2024";"13:00";"1";"69";"69034";"2";"1";"1";"3";"29 Route de Strasbourg";"45,79203000";"4,86720000"
"202400018207";"1";"08";"2024";"20:30";"1";"13";"13004";"1";"1";"1";"7";"d35";"43,50514300";"4,75215300"
"202400018208";"29";"08";"2024";"15:40";"1";"14";"14355";"1";"2";"1";"3";"Route de Caen";"49,28109700";" -0,52324000"
"202400018209";"28";"01";"2024";"22:05";"5";"971";"97101";"1";"1";"1";"1";"ROUTE DE BOISVINS";"16,26510000";" -61,48750000"
"202400018210";"2";"08";"2024";"17:45";"1";"71";"71299";"1";"1";"1";"6";"N79";"46,35402200";"4,70216700"
"202400018211";"23";"12";"2024";"14:20";"1";"37";"37261";"2";"1";"8";"3";"LOUIS XI (BOULEVARD)";"47,37364000";"0,67838000"
"202400018212";"27";"01";"2024";"18:50";"5";"971";"97120";"2";"3";"1";"1";"CHANZY (BOULEVARD)";"16,24581000";" -61,54270000"
"202400018213";"7";"09";"2024";"14:20";"1";"14";"14535";"2";"6";"8";"7";"36 Grande Rue";"49,30139593";" -0,46290156"
"202400018214";"23";"12";"2024";"18:45";"3";"35";"35150";"1";"4";"2";"3";"PILAIS (LA) LIEUX-DITS";"48,35495030";" -1,23026758"
"202400018215";"31";"07";"2024";"16:15";"1";"67";"67156";"1";"1";"1";"6";"STRASSBURGERWEG";"48,68015500";"7,76074600"
"202400018216";"29";"01";"2024";"09:00";"1";"91";"91421";"2";"7";"1";"2";"RN 6 (PARTIE FORET)";"48,68318100";"2,49024900"
"202400018217";"23";"12";"2024";"10:30";"1";"34";"34198";"2";"1";"1";"6";"PAGNOL (AVENUE MARCEL)";"43,56133000";"3,95081000"
"202400018218";"2";"08";"2024";"16:00";"1";"57";"57415";"1";"1";"1";"7";"D51";"49,14565100";"6,12890800"
"202400018219";"23";"12";"2024";"14:55";"1";"33";"33009";"2";"1";"1";"6";"N/A";"44,66124900";" -1,17256300"
"202400018220";"7";"09";"2024";"19:10";"2";"90";"90041";"2";"3";"1";"1";"Grande Rue";"47,70967900";"6,92544200"
"202400018221";"29";"01";"2024";"16:20";"1";"89";"89387";"2";"2";"1";"3";"PIERRE DE COUBERTIN (AVENUE)";"48,19544000";"3,30164000"
"202400018222";"7";"09";"2024";"14:40";"1";"09";"09005";"1";"1";"1";"7";"D618";"42,90860100";"1,29066800"
"202400018223";"23";"12";"2024";"19:40";"5";"31";"31555";"2";"2";"1";"3";"RUE DE L ORIENT";"43,61041000";"1,44828000"
"202400018224";"3";"08";"2024";"16:45";"1";"63";"63038";"1";"1";"1";"1";"D149";"45,50059810";"2,84811037"
"202400018225";"25";"01";"2024";"20:40";"3";"87";"87085";"1";"1";"1";"3";"AUTOROUTE A20";"45,89742000";"1,29220000"
"202400018226";"8";"09";"2024";"18:55";"1";"60";"60129";"2";"1";"1";"6";"798 Route de Bailly";"49,51547100";"3,00997000"
"202400018227";"23";"12";"2024";"12:55";"1";"31";"31555";"2";"1";"1";"6";"RUE MAURICE FONVIEILLE";"43,60410000";"1,44797000"
"202400018228";"3";"08";"2024";"13:15";"1";"38";"38295";"1";"1";"1";"7";"D52c";"45,82923200";"5,33850800"
"202400018229";"29";"01";"2024";"09:30";"1";"86";"86194";"2";"1";"7";"6";"Avenue John Kennedy";"46,58884300";"0,36126400"
"202400018230";"9";"09";"2024";"08:35";"2";"45";"45204";"1";"1";"8";"1";"Rue du Trembleau";"47,82261500";"1,83543500"
"202400018231";"23";"12";"2024";"10:40";"1";"27";"27229";"2";"2";"1";"3";"VERDUN (RUE DE)";"49,02403000";"1,14794000"
"202400018232";"30";"07";"2024";"18:30";"1";"38";"38138";"1";"1";"1";"1";"D52i";"45,73550300";"5,26635200"
"202400018233";"28";"01";"2024";"07:30";"2";"86";"86194";"2";"1";"1";"3";"Boulevard Chasseigne";"46,59047900";"0,34329300"
"202400018234";"23";"12";"2024";"14:40";"1";"25";"25462";"2";"1";"4";"6";"BERNARDINES";"46,90577000";"6,35433000"
"202400018235";"7";"09";"2024";"20:10";"1";"64";"64375";"1";"1";"1";"1";"D245";"43,32144700";" -1,15360700"
"202400018236";"29";"01";"2024";"23:45";"5";"84";"84007";"2";"3";"1";"1";"MONTFAVET (Route)";"43,94091000";"4,82712000"
"202400018237";"3";"08";"2024";"02:30";"3";"81";"81020";"1";"1";"1";"7";"Route de Marssac";"43,86798200";"2,03603300"
"202400018238";"7";"09";"2024";"19:30";"2";"18";"18173";"1";"1";"1";"7";"N/A";"46,92268800";"2,65593400"
"202400018239";"23";"12";"2024";"20:45";"3";"25";"25056";"1";"1";"1";"3";"RN 1057 (CH. EPITAPHE-CH. MONTBOUCONS)";"47,26999000";"6,00095000"
"202400018240";"8";"09";"2024";"18:10";"1";"43";"43078";"1";"1";"3";"7";"Route du Viaduc";"45,00448793";"3,91236861"
"202400018241";"23";"12";"2024";"07:19";"3";"14";"14327";"2";"1";"1";"1";"Avenue du Haut Crépon";"49,21135000";" -0,33959000"
"202400018242";"28";"01";"2024";"19:10";"3";"84";"84092";"1";"3";"1";"1";"SAINT SATURNIN (ROUTE DE)-MONTFAVET";"43,95294000";"4,88125000"
"202400018243";"1";"08";"2024";"18:50";"1";"09";"09047";"1";"1";"1";"3";"Lieu Dit Laborie";"42,91070600";"1,95550200"
"202400018244";"23";"12";"2024";"09:44";"1";"08";"08480";"2";"1";"1";"6";"BUISSON F.";"49,74235000";"4,74665000"
"202400018245";"9";"09";"2024";"17:55";"1";"16";"16384";"1";"2";"1";"3";"N/A";"45,36130500";" -0,19784500"
"202400018246";"28";"01";"2024";"08:55";"1";"83";"83137";"2";"1";"1";"3";"ARMAND (PONT LOUIS)";"43,12961000";"5,92646000"
"202400018247";"20";"12";"2024";"17:10";"2";"02";"02722";"2";"2";"2";"3";"21 Avenue de Laon";"49,38772000";"3,33542000"
"202400018248";"7";"09";"2024";"16:40";"1";"07";"07010";"1";"9";"1";"1";"Lieu-dit Le Chatelard, Hameau de Toissieu";"45,24453700";"4,65302500"
"202400018249";"3";"08";"2024";"10:30";"1";"17";"17351";"1";"3";"1";"3";"D728";"45,81676200";" -1,08035100"
"202400018250";"29";"01";"2024";"08:04";"2";"81";"81004";"2";"9";"1";"3";"LANNES (BD DU MARECHAL)";"43,94298120";"2,15044740"
"202400018251";"3";"08";"2024";"16:15";"1";"35";"35166";"1";"1";"1";"6";"lieu-dit La Fontenelle";"48,14908700";" -1,34781000"
"202400018252";"28";"01";"2024";"14:20";"1";"80";"80001";"1";"1";"1";"1";"CHEMIN DEPARTEMENTAL 901";"50,10130000";"1,83928000"
"202400018253";"23";"12";"2024";"09:20";"2";"75";"75116";"2";"1";"1";"5";"BD PERIPHERIQUE EXTERIEUR ";"48,86423900";"2,26664100"
"202400018254";"3";"09";"2024";"00:25";"5";"07";"07349";"1";"3";"2";"1";"D86";"44,78732000";"4,77144900"
"202400018255";"1";"08";"2024";"19:00";"1";"13";"13019";"1";"1";"1";"3";"A51-Sens Aix en Provence vers Marseille";"43,42208000";"5,37097000"
"202400018256";"22";"12";"2024";"06:35";"5";"75";"75119";"2";"1";"2";"2";"BD PERIPHERIQUE INTERIEUR ";"48,89089900";"2,39580900"
"202400018257";"29";"01";"2024";"18:20";"3";"78";"78642";"2";"6";"1";"2";"CLEMENCEAU BD GEORGES";"48,97759000";"1,97778000"
"202400018258";"9";"09";"2024";"07:50";"2";"21";"21250";"1";"2";"2";"1";"D29";"47,74236400";"4,75726000"
"202400018259";"23";"12";"2024";"19:43";"5";"75";"75105";"2";"2";"1";"6";"RUE MONGE";"48,84993100";"2,34907000"
"202400018260";"29";"01";"2024";"10:00";"1";"76";"76351";"2";"3";"1";"3";"ACACIAS (DES)";"49,50698900";"0,13592800"
"202400018261";"2";"08";"2024";"11:20";"1";"13";"13070";"1";"1";"1";"4";"A50-Sens Aubagne vers Marseille";"43,28499911";"5,51803038"
"202400018262";"23";"12";"2024";"13:50";"1";"75";"75106";"2";"3";"1";"6";"RUE D ASSAS";"48,85038300";"2,32770600"
"202400018263";"7";"09";"2024";"14:20";"1";"24";"24388";"1";"1";"2";"3";"Route du Mouscard";"44,87361000";"0,89624800"
"202400018264";"28";"01";"2024";"07:15";"5";"76";"76351";"2";"1";"1";"6";"AMIRAL MOUCHEZ (BD)";"49,48755000";"0,14636000"
"202400018265";"22";"12";"2024";"23:00";"5";"75";"75120";"2";"3";"8";"6";"RUE DES PYRENEES";"48,87340700";"2,39009100"
"202400018266";"31";"07";"2024";"18:13";"1";"13";"13106";"1";"1";"1";"4";"A7-Sens Lyon vers Marseille";"43,39959526";"5,34924076"
"202400018267";"8";"09";"2024";"01:00";"3";"27";"27367";"2";"3";"2";"6";"Rue de l'Ancienne Gare";"49,23097300";"0,49909500"
"202400018268";"28";"01";"2024";"20:20";"5";"76";"76351";"2";"2";"1";"3";"CONCORDE (DE LA)";"49,50591000";"0,15907000"
"202400018269";"23";"12";"2024";"10:12";"1";"75";"75119";"2";"2";"1";"6";"AVENUE MATHURIN MOREAU";"48,87826400";"2,37284800"
"202400018270";"26";"01";"2024";"20:35";"5";"76";"76305";"2";"1";"1";"7";"SEINE ( RUE DE LA )";"49,50552000";"0,22175000"
"202400018271";"4";"09";"2024";"19:40";"2";"27";"27690";"1";"2";"1";"3";"intersection Départementale 6";"49,24792500";"1,61125700"
"202400018272";"23";"12";"2024";"20:05";"5";"75";"75117";"2";"7";"2";"2";"PLACE DE LA PORTE MAILLOT";"48,87798000";"2,28223000"
"202400018273";"2";"08";"2024";"21:30";"3";"69";"69266";"1";"1";"2";"3";"Autoroute 42";"45,78215000";"4,89164000"
"202400018274";"29";"01";"2024";"18:00";"5";"69";"69266";"2";"9";"1";"3";"2 Impasse Poncet";"45,75217591";"4,90350680"
"202400018275";"30";"07";"2024";"03:15";"3";"01";"01275";"1";"9";"1";"7";"A42  4.020 A 4.353   GEN/LYON";"45,80735600";"4,92683600"
"202400018276";"23";"12";"2024";"15:15";"1";"75";"75116";"2";"1";"1";"5";"ROUTE DE SEVRES A NEUILLY";"48,85997000";"2,23704000"
"202400018277";"29";"01";"2024";"07:05";"3";"69";"69282";"1";"1";"1";"1";"Chemin de Chassieu à Meyzieu";"45,75683000";"4,98824000"
"202400018278";"8";"08";"2024";"16:00";"1";"17";"17111";"1";"2";"1";"3";"D2";"45,45192800";" -0,48951400"
"202400018279";"23";"12";"2024";"15:20";"1";"75";"75113";"2";"3";"1";"6";"BOULEVARD MASSENA";"48,81920000";"2,36207600"
"202400018280";"29";"01";"2024";"07:30";"5";"69";"69264";"2";"1";"1";"1";"Rue Monplaisir";"45,98964000";"4,72278000"
"202400018281";"7";"09";"2024";"17:30";"1";"23";"23164";"1";"1";"3";"3";"D996";"46,04115300";"2,49649800"
"202400018282";"22";"12";"2024";"21:30";"5";"75";"75111";"2";"2";"2";"3";"AVENUE LEDRU ROLLIN";"48,85127500";"2,37607300"
"202400018283";"30";"07";"2024";"16:20";"1";"59";"59580";"1";"1";"1";"6";"AUTOROUTE A25";"50,83015000";"2,58141000"
"202400018284";"29";"01";"2024";"17:00";"1";"64";"64445";"2";"1";"1";"2";"JEAN MERMOZ";"43,30928000";" -0,37685000"
"202400018285";"22";"12";"2024";"00:15";"5";"75";"75104";"2";"3";"2";"7";"RUE DES HOSPITALIERES SAINT GERVAIS";"48,85767800";"2,35845000"
"202400018286";"2";"08";"2024";"16:40";"1";"94";"94021";"1";"1";"1";"2";"A6B";"48,76388095";"2,34165844"
"202400018287";"8";"09";"2024";"17:15";"1";"87";"87205";"1";"1";"1";"5";"Chemin de la Vigne";"45,76420000";"1,29604300"
"202400018288";"20";"12";"2024";"17:10";"2";"94";"94068";"2";"1";"8";"6";"Avenue de Marinville";"48,80740500";"2,47983000"
"202400018289";"28";"01";"2024";"17:00";"1";"64";"64102";"2";"2";"1";"3";"SOULT (AVENUE MARECHAL)";"43,48409000";" -1,49932000"
"202400018290";"16";"12";"2024";"08:55";"1";"94";"94033";"2";"1";"1";"2";"Avenue de la République";"48,85321000";"2,46899000"
"202400018291";"29";"01";"2024";"12:45";"1";"63";"63113";"2";"3";"1";"3";"SOUS LES VIGNES (RUE) / rue Gilbert Roddier";"45,80378919";"3,10859978"
"202400018292";"2";"08";"2024";"11:55";"1";"91";"91136";"1";"1";"1";"4";"AUTOROUTE A126";"48,71314000";"2,28178000"
"202400018293";"7";"09";"2024";"17:59";"1";"30";"30210";"2";"1";"8";"6";"Avenue de l'Aigoual";"43,91602600";"3,99402400"
"202400018294";"2";"08";"2024";"09:10";"1";"91";"91645";"1";"1";"1";"7";"RN 385 INT";"48,75992000";"2,26420000"
"202400018295";"23";"12";"2024";"13:20";"1";"93";"93031";"2";"1";"1";"2";"JOFFRE (AVENUE)";"48,96039123";"2,29804535"
"202400018296";"7";"01";"2024";"22:20";"5";"62";"62774";"2";"1";"1";"2";"D243E3";"50,94334000";"1,74752000"
"202400018297";"8";"09";"2024";"16:20";"1";"39";"39017";"1";"1";"1";"3";"N/A";"46,78086500";"5,52545800"
"202400018298";"29";"01";"2024";"18:40";"5";"61";"61001";"2";"1";"1";"6";"Voie Communale";"48,42774000";"0,07735000"
"202400018299";"2";"08";"2024";"10:10";"1";"91";"91689";"1";"1";"1";"3";"AUTOROUTE A6";"48,73107000";"2,31508000"
"202400018300";"8";"09";"2024";"09:55";"1";"05";"05162";"1";"1";"3";"6";"A51";"44,43807000";"6,02922000"
"202400018301";"23";"12";"2024";"14:00";"1";"93";"93031";"2";"3";"7";"2";"NANCY (RUE DE)";"48,95673964";"2,29980433"
"202400018302";"29";"01";"2024";"08:30";"2";"57";"57463";"2";"2";"8";"6";"PANGE (RUE DE )";"49,11016000";"6,21983000"
"202400018303";"2";"08";"2024";"09:20";"1";"91";"91174";"1";"1";"1";"3";"RN 104";"48,61977000";"2,45913000"
"202400018304";"7";"09";"2024";"16:45";"1";"978";"97801";"2";"1";"1";"1";"Route nationale 7 - Grand Case";"18,09734600";" -63,06586900"
"202400018305";"23";"12";"2024";"21:15";"5";"93";"93029";"2";"3";"1";"3";"MARCEAU (AVENUE) N° 29-FIN";"48,92919086";"2,43354893"
"202400018306";"26";"01";"2024";"22:46";"5";"56";"56121";"2";"1";"1";"7";"LAENNEC ( BD )";"47,75853000";" -3,35773000"
"202400018307";"2";"08";"2024";"00:09";"3";"92";"92050";"1";"1";"2";"7";"A86";"48,89244680";"2,18503472"
"202400018308";"23";"12";"2024";"11:35";"1";"93";"93010";"2";"9";"1";"3";"Avenue Galliéni / Avenue de Verdun";"48,90710793";"2,48942102"
"202400018309";"2";"08";"2024";"01:45";"3";"93";"93001";"1";"1";"1";"2";"AUTOROUTE A86";"48,92164859";"2,37702727"
"202400018310";"29";"01";"2024";"09:30";"1";"54";"54578";"2";"3";"1";"2";"Boulevard des Aiguillettes";"48,67238590";"6,15463704"
"202400018311";"9";"09";"2024";"02:20";"3";"49";"49110";"1";"1";"1";"5";"Autoroute A11, PK 246+400";"47,52804439";" -0,34696903"
"202400018312";"1";"08";"2024";"21:23";"2";"94";"94073";"1";"1";"1";"6";"A86";"48,76803575";"2,37853024"
"202400018313";"27";"01";"2024";"11:00";"1";"51";"51108";"2";"3";"7";"6";"VERLAINE (AVE PAUL)";"48,94017000";"4,38981000"
"202400018314";"3";"10";"2024";"20:00";"2";"92";"92078";"2";"3";"1";"3";"VERDUN (AVENUE) (IMPAIRS 27 AU 73)";"48,93515000";"2,32880000"
"202400018315";"9";"09";"2024";"06:35";"3";"06";"06085";"1";"1";"1";"5";"A8 PK 164.450 direction Marseille";"43,58576038";"6,99715837"
"202400018316";"1";"08";"2024";"14:00";"1";"974";"97416";"1";"1";"1";"2";"RN1 (ROUTE NATIONALE)";" -21,31417271";"55,43934238"
"202400018317";"29";"08";"2024";"10:17";"1";"67";"67202";"1";"1";"1";"7";"A4, PK 452.300";"48,76807000";"7,55080500"
"202400018318";"28";"01";"2024";"16:25";"1";"50";"50129";"2";"3";"1";"3";"ARAGO (RUE)";"49,64722000";" -1,66886000"
"202400018319";"22";"12";"2024";"23:10";"5";"92";"92078";"2";"3";"2";"3";"VERDUN (AVENUE) (IMPAIRS 1 A 25)";"48,93551094";"2,33388506"
"202400018320";"29";"01";"2024";"18:22";"3";"49";"49353";"1";"1";"1";"5";"ANDARD ROUTE";"47,44730000";" -0,44957000"
"202400018321";"1";"08";"2024";"07:25";"1";"973";"97302";"2";"3";"1";"3";"MONTABO (ROUTE DE) 2";"4,94174000";" -52,30405000"
"202400018322";"23";"12";"2024";"12:30";"1";"92";"92026";"2";"2";"1";"2";"MISSION MARCHAND (COTE PAIR)";"48,89779602";"2,24022567"