"Num_Acc";"jour";"mois";"an";"hrmn";"lum";"dep";"com";"agg";"int";"atm";"col";"adr";"lat";"long"
"202400018323";"8";"09";"2024";"05:50";"3";"11";"11370";"1";"1";"1";"5";"autouroute A9 PK 181+100 vers Beziers";"43,22178400";"3,09528000"
"202400018324";"24";"01";"2024";"17:05";"2";"46";"46042";"2";"1";"1";"3";"Avenue de la Beyne";"44,42650000";"1,44180000"
"202400018325";"23";"12";"2024";"07:30";"5";"92";"92025";"2";"1";"1";"3";"GABRIEL PERI (RUE)";"48,92065177";"2,24406593"
"202400018326";"7";"09";"2024";"23:45";"3";"38";"38530";"1";"1";"2";"7";"A43 pk 028+300";"45,61523800";"5,19756900"
"202400018327";"1";"08";"2024";"02:10";"3";"973";"97302";"2";"1";"1";"7";"REPUBLIQUE (BD DE LA)";"4,93762202";" -52,32429242"
"202400018328";"30";"01";"2024";"00:40";"4";"45";"45234";"2";"1";"1";"6";"Rue de la Barrière Saint-Marc";"47,92084000";"1,92047000"
"202400018329";"9";"09";"2024";"01:00";"3";"13";"13105";"1";"1";"1";"2";"A7  sens sud nord PK 218+800";"43,74422000";"5,08666500"
"202400018330";"1";"08";"2024";"07:20";"1";"972";"97213";"2";"1";"1";"3";"ROUTE DEPARTEMENTALE 3";"14,63325000";" -60,99082000"
"202400018331";"29";"01";"2024";"18:17";"2";"41";"41018";"2";"1";"1";"6";"BOURG NEUF (RUE DU)";"47,58868000";"1,33100000"
"202400018332";"20";"12";"2024";"18:15";"5";"92";"92024";"2";"1";"2";"5";"GENNEVILLIERS (PONT DE)";"48,91250943";"2,31136143"
"202400018333";"7";"09";"2024";"20:20";"3";"33";"33229";"1";"1";"1";"6";"N/A";"44,73447200";" -0,99690200"
"202400018334";"1";"08";"2024";"14:15";"1";"972";"97209";"1";"2";"1";"3";"CHATEAUBOEUF (ROUTE DE)";"14,62042000";" -61,04344000"
"202400018335";"23";"12";"2024";"16:20";"1";"92";"92019";"2";"1";"1";"2";"VERDUN (RUE DE)";"48,76531111";"2,27124810"
"202400018336";"29";"01";"2024";"18:23";"2";"38";"38185";"2";"2";"1";"3";"RUE DU VILLAGE";"45,16401000";"5,72863000"
"202400018337";"8";"09";"2024";"23:00";"3";"988";"98833";"1";"1";"1";"7";"Méa Mébara (Tribu)";" -21,45927000";"165,80490000"
"202400018338";"31";"07";"2024";"21:10";"1";"69";"69034";"2";"1";"1";"6";"Montée des Soldats";"45,79549721";"4,85834931"
"202400018339";"23";"12";"2024";"15:00";"1";"38";"38332";"1";"1";"2";"6";"Route de Maubec";"45,34208300";"5,48852900"
"202400018340";"28";"01";"2024";"01:35";"5";"37";"37261";"2";"1";"1";"3";"WAGNER (BOULEVARD RICHARD)";"47,37708000";"0,71437000"
"202400018341";"6";"09";"2024";"14:30";"1";"972";"97230";"1";"1";"1";"6";"RN1";"14,71221400";" -60,94734200"
"202400018342";"31";"07";"2024";"03:08";"5";"69";"69384";"2";"1";"1";"2";"Avenue de Birmingham";"45,77453367";"4,81332883"
"202400018343";"29";"01";"2024";"12:55";"1";"35";"35278";"1";"1";"1";"2";"RD 29";"48,15798316";" -1,69770151"
"202400018344";"8";"09";"2024";"17:50";"1";"77";"77328";"2";"4";"1";"6";"23 rue du clos corbin";"48,31598100";"2,42027500"
"202400018345";"31";"07";"2024";"18:15";"2";"971";"97113";"1";"9";"1";"6";"ROUTE DE PERINET-RD 119";"16,20751000";" -61,48103000"
"202400018346";"29";"01";"2024";"13:35";"1";"35";"35238";"2";"6";"1";"2";"LANGEVIN (PAUL)";"48,09212000";" -1,65823000"
"202400018347";"8";"09";"2024";"16:30";"1";"91";"91405";"1";"1";"2";"1";"D372 PK18+200";"48,42596800";"2,46879100"
"202400018348";"1";"08";"2024";"15:30";"1";101;101004";"2";"1";"1";"3";"14 Lot Artisanal Stiletto";"41,94819000";"8,76529000"
"202400018349";"26";"01";"2024";"17:03";"1";"31";"31555";"2";"1";"1";"3";"ALBI (RTE D) DU 1AU 243";"43,63387000";"1,46339000"
"202400018350";"6";"09";"2024";"13:02";"1";"78";"78048";"1";"1";"1";"2";"N12";"48,79526400";"1,66998500"
"202400018351";"2";"08";"2024";"00:22";"5";"91";"91521";"2";"9";"2";"2";"BONTE (RUE)";"48,65862000";"2,41255000"
"202400018352";"29";"08";"2024";"16:30";"1";"13";"13107";"1";"1";"1";"3";"Route de Mimet";"43,42885900";"5,45833300"
"202400018353";"1";"08";"2024";"18:15";"1";"84";"84007";"2";"1";"1";"3";"FOLIE (Avenue de la)";"43,94620000";"4,83429000"
"202400018354";"29";"01";"2024";"10:52";"1";"14";"14366";"2";"4";"1";"3";"10 Rue Fournet";"49,14071000";"0,22725300"
"202400018355";"8";"09";"2024";"19:50";"2";"71";"71297";"1";"1";"1";"6";"D61";"46,86871500";"4,27404600"
"202400018356";"1";"08";"2024";"10:10";"1";"77";"77464";"2";"1";"1";"7";"CLAYE  (RUE DE  )";"48,89042000";"2,70606000"
"202400018357";"27";"01";"2024";"03:30";"5";"13";"13026";"1";"1";"1";"6";"RN 568 CLM";"43,39229340";"5,17970375"
"202400018358";"5";"09";"2024";"14:00";"1";"21";"21294";"1";"1";"3";"3";"D35";"47,08654600";"5,01650300"
"202400018359";"29";"01";"2024";"18:45";"5";"13";"13203";"2";"1";"1";"2";"CHARLES NEDELEC (BOULEVARD)";"43,30262000";"5,37779000"
"202400018360";"7";"09";"2024";"15:35";"1";"67";"67288";"2";"1";"1";"7";"30 rue de Lembach";"48,96183500";"7,86710700"
"202400018361";"29";"01";"2024";"18:40";"5";"13";"13206";"2";"1";"1";"2";"ARMENY (RUE D')";"43,29099000";"5,38006000"
"202400018362";"23";"07";"2024";"22:13";"5";"73";"73065";"2";"3";"1";"1";"GAMBETTA LEON (BOULEVARD)";"45,57311221";"5,91414937"
"202400018363";"8";"09";"2024";"00:50";"3";"67";"67432";"1";"1";"1";"1";"D244";"48,97255500";"8,08675300"
"202400018364";"29";"01";"2024";"09:00";"1";"13";"13214";"2";"3";"1";"3";"PLOMBIERES (BOULEVARD DES)";"43,31894897";"5,37920361"
"202400018365";"26";"07";"2024";"22:25";"5";"73";"73029";"2";"3";"1";"1";"CHALLES (ROUTE DE)";"45,57051000";"5,94877000"
"202400018366";"9";"09";"2024";"06:40";"2";"55";"55122";"1";"1";"8";"2";"Rue d'Euville";"48,75686800";"5,60989400"
"202400018367";"1";"08";"2024";"18:50";"1";"73";"73065";"1";"1";"1";"6";"DUCRETET EUGENE (RUE)";"45,59321000";"5,89684000"
"202400018368";"8";"09";"2024";"11:00";"1";"57";"57160";"2";"1";"1";"6";"Square de la Bisten";"49,20645700";"6,69592000"
"202400018369";"28";"01";"2024";"22:20";"5";"10";"10387";"2";"2";"1";"3";"Rue Kleber";"48,30334000";"4,08536000"
"202400018370";"6";"09";"2024";"10:30";"1";"63";"63213";"1";"6";"1";"7";"D1093";"45,81235900";"3,24022400"
"202400018371";"1";"08";"2024";"11:40";"1";"73";"73065";"1";"2";"1";"3";"DUCRETET EUGENE (RUE)";"45,59399092";"5,89759308"
"202400018372";"28";"01";"2024";"04:20";"5";"06";"06104";"1";"1";"1";"3";"Avenue de la Côte d'Azur";"43,76227000";"7,46242600"
"202400018373";"9";"09";"2024";"12:05";"1";"38";"38215";"1";"1";"8";"1";"Route de Fourgeon";"45,60253900";"4,97505800"
"202400018374";"26";"07";"2024";"11:10";"1";"73";"73011";"2";"6";"7";"3";"CHASSEURS ALPINS (AV.)C. VILLE VERS AV.J";"45,66506000";"6,38988000"
"202400018375";"29";"01";"2024";"10:45";"1";"01";"01053";"2";"4";"1";"6";"JASSERON (AVENUE DE - N° PAIRS)";"46,21070000";"5,23951000"
"202400018376";"8";"09";"2024";"18:10";"2";"07";"07018";"1";"1";"3";"1";"Col de la Chavade (Col de montagne)";"44,69717300";"4,02146000"
"202400018377";"1";"08";"2024";"01:15";"5";"72";"72181";"2";"2";"1";"6";"LAIGNE RUE DE N° IMP 115 A 155";"47,97790000";"0,21160000"
"202400018378";"29";"01";"2024";"20:20";"5";"75";"75116";"2";"2";"1";"6";"AVENUE FOCH";"48,87359300";"2,29279100"
"202400018379";"7";"09";"2024";"18:39";"1";"69";"69116";"2";"1";"1";"6";"Route Départementale 306";"45,81052300";"4,77844900"
"202400018380";"31";"07";"2024";"07:55";"1";"69";"69259";"2";"4";"1";"3";"Route de Vienne";"45,71735000";"4,85476000"
"202400018381";"29";"01";"2024";"15:20";"1";"75";"75115";"2";"2";"1";"2";"BOULEVARD PASTEUR";"48,84209600";"2,31299600"
"202400018382";"6";"09";"2024";"21:45";"5";"69";"69250";"2";"1";"1";"6";"137 Avenue du Casino";"45,79298200";"4,72774700"
"202400018383";"26";"01";"2024";"07:05";"5";"75";"75112";"2";"2";"1";"3";"AVENUE DE GRAVELLE";"48,82411000";"2,42286000"
"202400018384";"31";"07";"2024";"18:45";"1";"67";"67482";"2";"1";"1";"2";"FAUBOURG DE PIERRE (RUE DU)";"48,59044000";"7,74469000"
"202400018385";"8";"09";"2024";"16:30";"1";"33";"33273";"1";"1";"1";"1";"N/A";"44,83411300";" -0,81444700"
"202400018386";"8";"09";"2024";"15:00";"1";"49";"49021";"1";"1";"1";"6";"Route de Brion";"47,44025800";" -0,20156800"
"202400018387";"31";"07";"2024";"15:55";"1";"67";"67482";"2";"1";"1";"3";"ZURICH (RUE DE)";"48,58109000";"7,75637000"
"202400018388";"28";"01";"2024";"16:20";"1";"75";"75101";"2";"2";"1";"3";"RUE DE RIVOLI";"48,85963300";"2,34481300"
"202400018389";"31";"07";"2024";"17:04";"1";"64";"64260";"2";"3";"1";"3";"CHOURIENIA (RUE)";"43,35524000";" -1,76809000"
"202400018390";"5";"09";"2024";"20:05";"2";"44";"44026";"1";"1";"3";"4";"Route de Paris";"47,29663700";" -1,40715100"
"202400018391";"27";"01";"2024";"02:26";"5";"94";"94081";"2";"1";"1";"6";"Rue des Blancs Murs";"48,79823000";"2,38788000"
"202400018392";"4";"09";"2024";"06:20";"2";"35";"35012";"1";"3";"5";"3";"La Filouzais";"47,82839100";" -1,70804100"
"202400018393";"27";"01";"2024";"13:10";"1";"94";"94028";"2";"3";"1";"2";"Rue Jean Jaurès / Avenue des Petites Haies";"48,78783000";"2,43584000"
"202400018394";"31";"07";"2024";"16:00";"1";"62";"62498";"2";"3";"1";"3";"Place Roger Salengro";"50,42295660";"2,80624187"
"202400018395";"31";"07";"2024";"15:00";"1";"62";"62193";"2";"1";"1";"3";"Boulevard de l'Egalité";"50,94572000";"1,87116000"
"202400018396";"8";"09";"2024";"18:30";"1";"76";"76164";"1";"1";"3";"1";"Rives-en-Seine";"49,54558800";"0,75297100"
"202400018397";"29";"01";"2024";"07:35";"2";"94";"94003";"2";"3";"1";"3";"Avenue Pierre Ronsard / Avenue François Vincent Raspail";"48,80653600";"2,34039000"
"202400018398";"9";"09";"2024";"10:10";"1";"60";"60446";"1";"1";"2";"6";"N2";"49,13353900";"2,79780400"
"202400018399";"1";"08";"2024";"16:10";"1";"61";"61006";"2";"9";"1";"3";"Voie Communale";"48,74402900";" -0,01933800"
"202400018400";"29";"01";"2024";"07:20";"5";"94";"94021";"2";"1";"1";"6";"Rue du Père Mazurié";"48,77058000";"2,35269000"
"202400018401";"7";"09";"2024";"11:45";"1";"80";"80182";"1";"1";"1";"1";"Route Blanche";"50,21486600";"1,55649700"
"202400018402";"1";"08";"2024";"16:00";"1";"59";"59599";"2";"3";"1";"3";"BRUN PAIN (RUE DU)";"50,72558000";"3,14355000"
"202400018403";"29";"01";"2024";"19:00";"5";"93";"93066";"2";"6";"1";"3";"Rue du Général Joinville / Avenue Paul Vaillant Couturier";"48,93553400";"2,36779100"
"202400018404";"1";"08";"2024";"11:15";"1";"59";"59350";"2";"1";"1";"3";"Rue du Faubourg d'Arras";"50,60385000";"3,05669000"
"202400018405";"7";"09";"2024";"19:50";"1";"59";"59638";"1";"1";"1";"7";"D93";"50,57666900";"3,27063200"
"202400018406";"29";"01";"2024";"08:40";"1";"93";"93032";"2";"3";"1";"3";"Avenue Centrale / Rue Vaillant Couturier";"48,86727434";"2,55873486"
"202400018407";"8";"09";"2024";"18:40";"1";"13";"13216";"1";"1";"8";"7";"A55-Sens Martigues vers Marseille";"43,36393000";"5,34013000"
"202400018408";"8";"09";"2024";"15:00";"1";"13";"13085";"1";"1";"8";"3";"Sens Toulon vers Aubagne";"43,26650000";"5,58730000"
"202400018409";"31";"07";"2024";"20:00";"1";"59";"59271";"2";"3";"1";"3";"ALGUES - ALLEE";"51,01903600";"2,30531600"
"202400018410";"29";"01";"2024";"16:43";"1";"93";"93031";"2";"3";"1";"3";"Avenue de la République / Rue Gounod";"48,94807000";"2,33874000"
"202400018411";"8";"09";"2024";"15:30";"1";"13";"13085";"1";"1";"2";"2";"A50-Sens Toulon vers Aubagne";"43,25890000";"5,59210000"
"202400018412";"1";"08";"2024";"17:38";"1";"56";"56260";"2";"6";"1";"3";"Giratoire de Coët Digo";"47,68208100";" -2,76527200"
"202400018413";"8";"09";"2024";"15:40";"1";"13";"13071";"1";"1";"8";"2";"A51-Sens Marseille vers Aix en Provence";"43,40935357";"5,36357453"
"202400018414";"29";"01";"2024";"03:03";"5";"93";"93008";"2";"3";"1";"7";"Avenue de l'Hôtel de Ville / Avenue Karl Marx";"48,90523392";"2,44428635"
"202400018415";"31";"07";"2024";"13:35";"1";"54";"54304";"2";"1";"1";"6";"Rue de la Moselotte";"48,69796000";"6,12500000"
"202400018416";"7";"09";"2024";"21:07";"3";"13";"13026";"1";"1";"1";"2";"A55-Sens Martigues vers Marseille";"43,40028669";"5,10074129"
"202400018417";"31";"07";"2024";"21:00";"1";"50";"50129";"1";"9";"1";"3";"CD 901";"49,64933000";" -1,71657000"
"202400018418";"29";"01";"2024";"07:30";"5";"93";"93007";"2";"2";"1";"6";"Avenue Aristide Briand / Avenue Vladimir Ilitch Lenine";"48,94542079";"2,45137542"
"202400018419";"1";"08";"2024";"22:40";"5";"47";"47001";"2";"1";"1";"3";"9EME DE LIGNE (COURS DU)";"44,19652000";"0,61234000"
"202400018420";"6";"09";"2024";"18:00";"1";"83";"83069";"1";"1";"1";"3";"RN98";"43,11357706";"6,11951425"
"202400018421";"29";"01";"2024";"16:50";"1";"92";"92024";"2";"3";"1";"3";"VICTOR HUGO (BD)";"48,90032000";"2,31509000"
"202400018422";"31";"07";"2024";"14:40";"1";"42";"42275";"1";"1";"1";"6";"Route de l'Etrat";"45,47723000";"4,38223000"
"202400018423";"8";"09";"2024";"06:15";"3";"69";"69259";"1";"1";"8";"5";"Route Départementale 301";"45,68680000";"4,87233000"
"202400018424";"2";"08";"2024";"00:37";"5";"38";"38185";"2";"2";"1";"3";"JOSEPH REY (RUE)";"45,18592000";"5,71695000"
"202400018425";"29";"01";"2024";"17:00";"1";"92";"92019";"2";"3";"1";"3";"DIVISION LECLERC (AVENUE DE LA)";"48,76617045";"2,25565571"
"202400018426";"8";"09";"2024";"17:40";"1";"33";"33122";"1";"1";"8";"4";"N/A";"44,73540000";" -0,71877000"
"202400018427";"1";"08";"2024";"09:20";"1";"38";"38185";"2";"6";"1";"2";"EDMOND ESMONIN (AVENUE)";"45,16081000";"5,72045000"
"202400018428";"29";"01";"2024";"08:30";"1";"92";"92012";"2";"1";"1";"1";"GEORGES GORSE (QUAI)";"48,82414000";"2,23698000"
"202400018429";"8";"09";"2024";"12:00";"1";"91";"91340";"1";"1";"1";"2";"RN 104";"48,61100000";"2,43200000"
"202400018430";"1";"08";"2024";"19:45";"1";"37";"37261";"2";"3";"1";"3";"FOURNIER (RUE DU DOCTEUR)";"47,38678723";"0,70840207"
"202400018431";"30";"01";"2024";"09:20";"1";"72";"72051";"2";"1";"2";"6";"21 Rue Nationale";"47,83282800";"0,08015500"
"202400018432";"1";"08";"2024";"13:45";"1";"37";"37261";"2";"2";"1";"3";"CHEVALLIER (RUE AUGUSTE)";"47,37974000";"0,67984000"
"202400018433";"8";"09";"2024";"12:30";"1";"78";"78043";"1";"1";"1";"2";"A13W";"48,84169400";"2,09472600"
"202400018434";"30";"01";"2024";"02:40";"3";"40";"40152";"1";"1";"1";"2";"A63 pk 113.00";"43,95458000";" -1,06807700"
"202400018435";"31";"07";"2024";"15:45";"1";"37";"37261";"2";"6";"1";"3";"AUBERDIERE (RUE DE L')";"47,36604000";"0,69816000"
"202400018436";"29";"07";"2024";"01:47";"5";"34";"34301";"2";"1";"1";"6";"CAYENNE (ROUTE DE)";"43,41344000";"3,70273000"
"202400018437";"7";"09";"2024";"16:00";"1";"78";"78158";"1";"1";"1";"4";"A13";"48,83516300";"2,13111700"
"202400018438";"31";"07";"2024";"12:50";"1";"22";"22106";"2";"1";"1";"2";"POSTE (RUE DE LA)";"48,49363000";" -2,71617000"
"202400018439";"6";"09";"2024";"19:32";"1";"92";"92025";"1";"1";"1";"2";"A86";"48,92865065";"2,23945697"
"202400018440";"31";"07";"2024";"18:19";"1";"19";"19031";"2";"1";"1";"2";"RIBOT (AVENUE)";"45,16474303";"1,51388633"
"202400018441";"7";"09";"2024";"23:50";"3";"94";"94079";"1";"1";"1";"3";"A4";"48,83592061";"2,53990748"
"202400018442";"31";"07";"2024";"19:00";"1";"18";"18279";"2";"1";"1";"1";"67 Route de Tours";"47,23573000";"2,03465000"
"202400018443";"7";"09";"2024";"20:25";"5";"973";"97302";"2";"2";"1";"3";"BARTHELEMY (RENE)";"4,93462356";" -52,33070290"
"202400018444";"7";"09";"2024";"17:15";"1";"973";"97302";"2";"1";"1";"7";"CABASSOU (ROUTE DE)";"4,91998000";" -52,31970000"
"202400018445";"1";"08";"2024";"17:47";"1";"17";"17333";"1";"1";"1";"2";"EXPRESS (voie)";"45,61584000";" -0,98739000"
"202400018446";"8";"09";"2024";"02:30";"5";"69";"69383";"2";"2";"2";"3";"Rue des Rancy";"45,75613000";"4,85491000"
"202400018447";"1";"08";"2024";"12:40";"1";"17";"17306";"2";"2";"1";"3";"ANSALDI";"45,63475000";" -1,02325000"
"202400018448";"6";"09";"2024";"14:55";"1";"971";"97113";"1";"1";"1";"5";"SECTION MARE-GAILLARD";"16,21763000";" -61,43712000"
"202400018449";"31";"07";"2024";"10:30";"1";"14";"14117";"2";"2";"1";"3";"52 Avenue Guillaume le Conquérant";"49,28370000";" -0,13381000"
"202400018450";"6";"09";"2024";"17:20";"1";"91";"91657";"2";"1";"1";"3";"AV HENRI BARBUSSE";"48,70027000";"2,42024000"
"202400018451";"1";"08";"2024";"16:45";"1";"13";"13213";"2";"1";"1";"3";"OLIVES (AVENUE DES)";"43,32626209";"5,43912037"
"202400018452";"6";"09";"2024";"08:05";"1";"91";"91421";"2";"4";"1";"3";"MAINVILLE (RUE DE)";"48,70292300";"2,45405400"
"202400018453";"31";"07";"2024";"21:00";"1";"13";"13208";"2";"1";"1";"3";"PRADO (AVENUE DU)";"43,26683000";"5,38251000"
"202400018454";"31";"07";"2024";"17:00";"1";"13";"13202";"2";"1";"1";"2";"SAINTE BARBE (RUE)";"43,29910000";"5,37382000"
"202400018455";"7";"09";"2024";"22:30";"3";"77";"77373";"1";"1";"1";"2";"DEPARTEMENTALE 1004";"48,77023000";"2,63324000"
"202400018456";"7";"09";"2024";"19:45";"1";"77";"77276";"1";"1";"1";"6";"RD 360";"48,91663000";"2,88007000"
"202400018457";"1";"08";"2024";"12:45";"1";"11";"11069";"2";"3";"1";"3";"58 Route Minervoise";"43,21930000";"2,35450000"
"202400018458";"26";"07";"2024";"22:59";"5";"08";"08409";"2";"1";"3";"6";"GOULDEN (PLACE)";"49,70196000";"4,94418000"
"202400018459";"7";"09";"2024";"11:25";"1";"74";"74298";"2";"2";"1";"3";"TANINGES (ROUTE DE )";"46,18521000";"6,27730000"
"202400018460";"31";"07";"2024";"18:17";"1";"07";"07102";"2";"1";"1";"3";"REPUBLIQUE (AV. DE LA) [DU N° AU N°]";"44,93379000";"4,87856000"
"202400018461";"7";"09";"2024";"07:30";"2";"72";"72181";"2";"9";"1";"3";"CLOS MARGOT (RUE)";"48,01181000";"0,20905000"
"202400018462";"31";"07";"2024";"09:30";"1";"07";"07116";"2";"3";"1";"3";"NATIONALE (ROUTE)";"44,64336000";"4,36893000"
"202400018463";"7";"09";"2024";"21:20";"5";"71";"71153";"2";"6";"1";"3";"CHANZY (RUE DE)";"46,79432562";"4,44852144"
"202400018464";"1";"08";"2024";"09:30";"1";"06";"06029";"2";"3";"1";"1";"20 Rue Henri Paschke";"43,55507000";"7,01282000"
"202400018465";"31";"07";"2024";"07:25";"1";"06";"06123";"1";"1";"1";"6";"4530 Route de Saint-Jeannet";"43,70475200";"7,17123800"
"202400018466";"1";"08";"2024";"13:50";"1";"05";"05023";"2";"1";"1";"6";"Rue de la Soie";"44,89415900";"6,63478100"
"202400018467";"7";"09";"2024";"12:40";"1";"69";"69266";"2";"2";"1";"3";"Rue d'Inkermann";"45,76809000";"4,86578000"
"202400018468";"1";"08";"2024";"08:20";"1";"03";"03185";"2";"1";"1";"6";"THOMAS ( AVENUE ALBERT )";"46,35515000";"2,58776000"
"202400018469";"6";"09";"2024";"16:30";"1";"69";"69092";"2";"1";"1";"1";"Rue de Tarare";"45,98466738";"4,70151290"
"202400018470";"1";"08";"2024";"04:36";"5";"01";"01283";"2";"1";"8";"6";"DUNANT (HENRI)";"46,25062000";"5,65959000"
"202400018471";"7";"09";"2024";"22:33";"5";"68";"68224";"2";"8";"2";"1";"STOESSEL (BOULEVARD CHARLES)";"47,74042198";"7,32085991"
"202400018472";"1";"08";"2024";"18:30";"1";"75";"75116";"2";"1";"1";"4";"BD PERIPHERIQUE EXTERIEUR";"48,84322100";"2,25436400"
"202400018473";"7";"09";"2024";"17:45";"1";"67";"67482";"2";"1";"1";"1";"LA FONTAINE (BOULEVARD)";"48,59139000";"7,70646000"
"202400018474";"31";"07";"2024";"18:40";"1";"75";"75116";"2";"1";"1";"2";"BOULEVAR PERIPHERIQUE EXTERIEUR";"48,85833300";"2,26066200"
"202400018475";"7";"09";"2024";"17:15";"1";"67";"67482";"2";"1";"1";"1";"SCHIRMECK (ROUTE DE)";"48,56170000";"7,69590000"
"202400018476";"31";"07";"2024";"04:48";"5";"75";"75120";"2";"2";"2";"1";"RUE VITRUVE";"48,85812800";"2,40466400"
"202400018477";"6";"09";"2024";"17:10";"1";"67";"67482";"2";"1";"1";"3";"PIERRE CORNEILLE (AVENUE)";"48,59302000";"7,69691000"
"202400018478";"1";"08";"2024";"16:45";"1";"75";"75119";"2";"2";"1";"3";"AVENUE CORENTIN CARIOU";"48,89764800";"2,38548200"
"202400018479";"7";"09";"2024";"23:10";"3";"64";"64284";"2";"1";"1";"7";"VALLEES DES";"43,29207000";" -0,38608000"
"202400018480";"1";"08";"2024";"11:55";"1";"75";"75119";"2";"1";"1";"2";"RUE DE MEAUX";"48,87947200";"2,37176000"
"202400018481";"7";"09";"2024";"19:10";"1";"64";"64348";"1";"3";"1";"7";"CHARLES LEVEQUE";"43,32537000";" -0,38376000"
"202400018482";"31";"07";"2024";"21:45";"5";"75";"75117";"2";"3";"1";"7";"RUE DE LA JONQUIERE";"48,89539000";"2,31642900"
"202400018483";"7";"09";"2024";"19:33";"1";"64";"64102";"2";"3";"1";"3";"HABAS (CHEMIN DU MOULIN DE)";"43,50547000";" -1,46143000"
"202400018484";"1";"08";"2024";"08:03";"1";"75";"75116";"2";"5";"1";"6";"CHAUSSEE LA MUETTE";"48,85826200";"2,27261100"
"202400018485";"31";"07";"2024";"15:00";"1";"75";"75116";"2";"1";"1";"2";"BD PERIPHERIQUE EXTERIEUR";"48,86625900";"2,26851700"
"202400018486";"6";"09";"2024";"16:30";"1";"64";"64102";"2";"1";"1";"2";"SOULT (AVENUE MARECHAL)";"43,48506000";" -1,49452000"
"202400018487";"7";"09";"2024";"23:40";"3";"63";"63113";"2";"1";"8";"6";"bretelle Bingen / Oradou";"45,76975000";"3,11232000"
"202400018488";"1";"08";"2024";"18:05";"1";"75";"75113";"2";"1";"1";"2";"BOULEVARD KELLERMANN";"48,81922900";"2,35817500"
"202400018489";"1";"08";"2024";"13:15";"1";"75";"75112";"2";"1";"1";"3";"AVENUE DE GRAVELLE";"48,82358000";"2,42927000"
"202400018490";"7";"09";"2024";"15:00";"1";"63";"63113";"2";"2";"1";"4";"FRANCE (RUE ANATOLE)";"45,77882000";"3,11202000"
"202400018491";"1";"08";"2024";"05:55";"2";"75";"75112";"2";"2";"1";"3";"Avenue de Gravelle";"48,83182800";"2,39767200"
"202400018492";"31";"07";"2024";"21:58";"5";"75";"75112";"2";"1";"1";"6";"COURS DE VINCENNES";"48,84701800";"2,40776500"
"202400018493";"7";"09";"2024";"08:30";"1";"58";"58194";"2";"6";"2";"3";"MARECHAL KOENING";"46,99288000";"3,16788000"
"202400018494";"1";"08";"2024";"00:15";"5";"75";"75111";"2";"3";"1";"2";"BOULEVARD DE MENILMONTANT";"48,86095900";"2,38817600"
"202400018495";"1";"08";"2024";"11:15";"1";"75";"75110";"2";"3";"1";"6";"RUE DU FAUBOURG SAINT MARTIN";"48,87576400";"2,36027000"
"202400018496";"1";"08";"2024";"06:25";"2";"75";"75107";"2";"1";"3";"7";"BOULEVARD DES INVALIDES";"48,84744700";"2,31624500"
"202400018497";"1";"08";"2024";"02:30";"5";"75";"75101";"2";"3";"1";"2";"QUAI DE LA MEGISSERIE";"48,85770100";"2,34543900"
"202400018498";"1";"08";"2024";"18:45";"1";"94";"94052";"2";"1";"1";"4";"N486";"48,83123700";"2,49301100"
"202400018499";"31";"07";"2024";"16:45";"1";"94";"94042";"2";"1";"1";"3";"Quai du Barrage";"48,81709000";"2,47102000"
"202400018500";"1";"08";"2024";"06:30";"2";"94";"94046";"2";"1";"2";"6";"Rue Louis Pergaud";"48,80235556";"2,44537666"
"202400018501";"1";"08";"2024";"23:45";"5";"94";"94018";"1";"1";"3";"7";"Ile Martinet";"48,81849800";"2,40809400"
"202400018502";"31";"07";"2024";"18:15";"1";"94";"94071";"2";"6";"1";"3";"Avenue Gabriel Péri";"48,76200000";"2,53046000"
"202400018503";"31";"07";"2024";"16:50";"1";"93";"93073";"2";"2";"1";"3";"Rue du Sonnet / Rue des Terres Noires";"49,00244571";"2,53328472"
"202400018504";"1";"08";"2024";"13:40";"1";"93";"93029";"2";"3";"1";"3";"Avenue Marceau / Rue Eugene Sue";"48,92834547";"2,43613243"
"202400018505";"1";"08";"2024";"12:00";"1";"93";"93013";"1";"1";"1";"3";"LINDBERGH (CARREFOUR)";"48,94125000";"2,42562000"
"202400018506";"1";"08";"2024";"09:15";"1";"93";"93010";"2";"1";"1";"6";"Rue Jules Auffret";"48,90262467";"2,49038400"
"202400018507";"1";"08";"2024";"08:45";"1";"92";"92044";"2";"2";"1";"3";"J. GUESDE(RUE)25A57 ET 30A64";"48,89307504";"2,29272366"
"202400018508";"1";"08";"2024";"00:42";"5";"92";"92036";"2";"1";"1";"6";"GRESILLONS (AVENUE DES) (141/215)";"48,91972061";"2,31382191"
"202400018509";"1";"08";"2024";"19:15";"1";"92";"92004";"2";"1";"1";"6";"HOTEL DE VILLE   ( PLACE )";"48,91064000";"2,28916000"
"202400018510";"2";"08";"2024";"12:43";"1";"24";"24462";"2";"2";"1";"2";"Rue des Mauries";"45,03606100";"0,35201800"
"202400018511";"31";"07";"2024";"10:05";"1";"06";"06161";"2";"6";"1";"7";"Avenue des Plans";"43,65678000";"7,11992400"
"202400018512";"2";"08";"2024";"06:25";"2";"28";"28219";"1";"1";"1";"6";"A11 PK 101+500";"48,23417800";"1,04282100"
"202400018513";"1";"08";"2024";"16:00";"1";"974";"97422";"1";"1";"1";"7";"Route Forestière 5";" -21,20443800";"55,61851100"
"202400018514";"1";"08";"2024";"17:25";"1";"974";"97405";"1";"1";"1";"2";"Rue Augustin Mézino";" -21,36511500";"55,54999700"