"Num_Acc";"jour";"mois";"an";"hrmn";"lum";"dep";"com";"agg";"int";"atm";"col";"adr";"lat";"long"
"202400018515";"1";"08";"2024";"19:45";"3";"972";"97218";"2";"1";"2";"2";"Rue André Aliker";"14,77065000";" -61,14036400"
"202400018516";"2";"08";"2024";"18:27";"1";"83";"83086";"1";"1";"1";"2";"2195 Route d?Aix En Provence";"43,46436040";"6,53579736"
"202400018517";"1";"08";"2024";"22:30";"3";"14";"14027";"1";"1";"1";"6";"Route de Longvillers";"49,03428100";" -0,63639200"
"202400018518";"2";"08";"2024";"16:00";"1";"87";"87203";"1";"1";"1";"4";"Autoroute A20 PK205+780";"45,66727177";"1,38725905"
"202400018519";"2";"08";"2024";"09:19";"1";"76";"76312";"2";"1";"1";"7";"16 Boulevard de Verdun";"49,48512000";"1,72949900"
"202400018520";"1";"08";"2024";"21:40";"3";"79";"79130";"1";"3";"1";"2";"N/A";"46,27467100";" -0,52564900"
"202400018521";"2";"08";"2024";"14:05";"1";101;101323";"1";"1";"1";"3";"#Tavaco#";"42,01251400";"8,87061600"
"202400018522";"31";"07";"2024";"10:15";"1";"33";"33236";"2";"1";"1";"7";"N/A";"44,68450600";" -1,23795200"
"202400018523";"31";"07";"2024";"18:00";"1";"71";"71064";"1";"1";"1";"6";"Rue des Ruachons";"46,59709400";"5,24327300"
"202400018524";"2";"08";"2024";"14:45";"1";"71";"71391";"1";"1";"1";"6";" 27 Route de la Vallée des Vaux";"46,81990800";"4,61108200"
"202400018525";"28";"05";"2024";"15:10";"1";"75";"75113";"2";"2";"2";"2";"RUE DE PATAY";"48,82767000";"2,37136600"
"202400018526";"2";"08";"2024";"16:50";"1";"63";"63195";"2";"1";"2";"2";"Rue de la République";"45,82603300";"3,38396100"
"202400018527";"27";"05";"2024";"12:40";"1";"75";"75112";"2";"2";"1";"3";"RUE DE CHARENTON";"48,83730300";"2,39121600"
"202400018528";"2";"08";"2024";"13:20";"1";"61";"61402";"1";"2";"1";"3";"5 Route de Paris";"48,70859900";" -0,32600600"
"202400018529";"27";"05";"2024";"08:40";"1";"75";"75112";"2";"3";"1";"6";"AVENUE DAUMESNIL";"48,83662400";"2,40411200"
"202400018530";"22";"07";"2024";"16:25";"1";"61";"61015";"2";"3";"1";"6";"D8";"48,61147100";"0,22970400"
"202400018531";"28";"05";"2024";"15:10";"1";"75";"75111";"2";"3";"2";"3";"BOULEVARD DE CHARONNE";"48,85296089";"2,39696413"
"202400018532";"28";"05";"2024";"13:20";"1";"75";"75110";"2";"4";"2";"7";"BOULEVARD DE MAGENTA";"48,87650400";"2,35577800"
"202400018533";"27";"05";"2024";"16:45";"1";"75";"75110";"2";"3";"8";"3";"RUE D ABBEVILLE";"48,87860200";"2,35052300"
"202400018534";"1";"08";"2024";"16:55";"1";"35";"35339";"1";"2";"1";"3";"Le Haut de la Lande";"48,46748800";" -1,61427700"
"202400018535";"28";"07";"2024";"21:22";"2";"29";"29024";"2";"1";"1";"6";"Route de Kerniguez";"48,27717800";" -3,58324900"
"202400018536";"28";"05";"2024";"19:00";"1";"75";"75108";"2";"2";"1";"1";"RUE DE LISBONNE";"48,87775300";"2,31561100"
"202400018537";"29";"07";"2024";"09:45";"1";"31";"31071";"1";"2";"1";"3";"rte de labastide";"43,34242400";"1,13586200"
"202400018538";"28";"05";"2024";"08:39";"1";"75";"75116";"2";"3";"1";"2";"PONT D IENA";"48,86033400";"2,29122900"
"202400018539";"2";"08";"2024";"16:30";"1";"03";"03202";"1";"1";"1";"1";"D136";"46,49461100";"3,14827000"
"202400018540";"28";"05";"2024";"10:00";"1";"75";"75104";"2";"2";"2";"6";"BOULEVARD BOURDON";"48,84747400";"2,36558600"
"202400018541";"2";"08";"2024";"11:15";"1";"01";"01305";"2";"7";"1";"6";"Place Legrand";"46,42906500";"4,93849900"
"202400018542";"2";"08";"2024";"16:55";"1";"70";"70096";"1";"1";"9";"1";"D683";"47,59086900";"6,79540900"
"202400018543";"28";"05";"2024";"10:25";"1";"94";"94078";"2";"3";"2";"3";"Avenue du 8 Mai 1945 / Pont de Villeneuve le Roi";"48,72773000";"2,44571000"
"202400018544";"28";"05";"2024";"16:40";"1";"94";"94068";"2";"3";"2";"2";"Boulevard Rabelais / Rue de la Varenne";"48,80682692";"2,47759134"
"202400018545";"1";"08";"2024";"15:42";"1";"06";"06129";"1";"1";"1";"6";"M2205";"44,08724600";"7,10667400"
"202400018546";"30";"07";"2024";"15:30";"1";"64";"64443";"1";"6";"1";"7";"D2";"43,36485700";" -0,57720100"
"202400018547";"28";"05";"2024";"16:30";"1";"94";"94015";"2";"3";"2";"1";"Rue du Four / Grande Rue Charles de Gaulle";"48,83449700";"2,52005100"
"202400018548";"26";"07";"2024";"12:30";"1";"43";"43142";"1";"1";"1";"3";"Chemin d’Aulagny";"45,16528400";"4,31169400"
"202400018549";"27";"05";"2024";"22:40";"5";"94";"94076";"2";"3";"1";"3";"Boulevard Maxime Gorki / Rue Guynemer";"48,79274480";"2,36925410"
"202400018550";"28";"05";"2024";"11:20";"1";"94";"94041";"2";"3";"2";"6";"Avenue Georges Gosnat / Rue Gabriel Péri";"48,81172000";"2,38491000"
"202400018551";"1";"08";"2024";"15:20";"1";"07";"07101";"1";"3";"1";"2";"D111";"44,42015700";"4,31014900"
"202400018552";"28";"05";"2024";"09:15";"1";"94";"94069";"2";"2";"2";"6";"Avenue Saint Maurice du Valais / Av du Pdt J Fitzgerald Kennedy";"48,81500000";"2,46313000"
"202400018553";"12";"07";"2024";"19:30";"1";"07";"07334";"2";"3";"7";"3";"145 avenue du général de gaulle (Les Vans)";"44,40557500";"4,12693500"
"202400018554";"31";"07";"2024";"17:05";"1";"40";"40228";"1";"1";"1";"3";"Avenue Jean Barbé";"43,62619700";" -0,83636600"
"202400018555";"28";"05";"2024";"14:48";"1";"95";"95527";"1";"1";"2";"5";"A1";"48,99493730";"2,51593486"
"202400018556";"24";"07";"2024";"17:20";"1";"27";"27033";"1";"2";"1";"3";"D142";"49,08853000";"1,03764700"
"202400018557";"2";"08";"2024";"09:25";"1";"23";"23100";"2";"1";"1";"3";"D990";"46,17536437";"2,08836842"
"202400018558";"28";"05";"2024";"21:00";"1";"93";"93077";"2";"2";"1";"6";"Grande Rue / Rue de la Montagne Savart";"48,88254000";"2,51838000"
"202400018559";"1";"08";"2024";"18:50";"1";"37";"37132";"1";"6";"1";"7";"D764";"47,14025092";"1,00858086"
"202400018560";"28";"05";"2024";"05:50";"2";"93";"93050";"2";"2";"1";"3";"Rue Paul et Camille Thomoux / Rue Louis Vannini";"48,86650625";"2,52887249"
"202400018561";"2";"08";"2024";"13:10";"1";"30";"30284";"1";"1";"1";"4";"Avenue de Ladrecht";"44,15979500";"4,05977500"
"202400018562";"28";"05";"2024";"08:30";"1";"93";"93010";"2";"1";"1";"6";"Avenue Suzanne Buisson";"48,91425000";"2,48070400"
"202400018563";"2";"08";"2024";"17:00";"1";"30";"30228";"1";"1";"1";"1";"D979";"43,92526600";"4,39403300"
"202400018564";"28";"05";"2024";"19:00";"1";"92";"92073";"2";"1";"1";"3";"ROUSSEAU (RUE JEAN-JACQUES)";"48,86443209";"2,22054309"
"202400018565";"1";"08";"2024";"11:00";"1";"48";"48146";"1";"1";"1";"7";"départementale 986";"44,33284300";"3,38815600"
"202400018566";"28";"05";"2024";"14:10";"1";"92";"92072";"2";"1";"2";"2";"GRANDE RUE";"48,82374000";"2,20894000"
"202400018567";"28";"05";"2024";"20:30";"1";"92";"92062";"1";"1";"1";"6";"CIRCULAIRE (boulevard)";"48,89398933";"2,23619807"
"202400018568";"1";"08";"2024";"10:00";"1";"35";"35210";"1";"6";"1";"3";"D29";"48,14766700";" -1,75605800"
"202400018569";"27";"05";"2024";"22:30";"5";"92";"92051";"2";"1";"1";"7";"CHATEAU (RUE DU)";"48,88833392";"2,26496923"
"202400018570";"28";"05";"2024";"00:20";"5";"92";"92050";"2";"6";"1";"7";"BOULE PLACE DE LA";"48,88736227";"2,20035893"
"202400018571";"1";"08";"2024";"17:23";"1";"44";"44158";"1";"1";"1";"1";"N/A";"47,27985500";" -1,72713900"
"202400018572";"27";"05";"2024";"20:40";"1";"92";"92050";"2";"2";"1";"6";"THOREZ MAURICE RUE";"48,89413522";"2,19582313"
"202400018573";"2";"08";"2024";"10:10";"1";"971";"97115";"1";"1";"2";"1";"Nationale 02, La Boucan";"16,27891800";" -61,66731100"
"202400018574";"27";"05";"2024";"16:30";"1";"92";"92050";"2";"9";"2";"3";"LONGUES RAIES RUE DES";"48,89423985";"2,22983873"
"202400018575";"28";"05";"2024";"11:00";"1";"92";"92048";"2";"1";"3";"7";"COLONEL MORAINE (ROUTE DU)";"48,79094170";"2,22057366"
"202400018576";"1";"08";"2024";"15:00";"1";"33";"33535";"1";"6";"1";"7";"N/A";"44,83479800";" -0,47969700"
"202400018577";"27";"05";"2024";"18:30";"1";"92";"92044";"2";"1";"1";"3";"VIC. HUGO(RUE)091A113 ET 112A146";"48,89692259";"2,29560748"
"202400018578";"1";"08";"2024";"14:43";"1";"44";"44020";"2";"6";"1";"3";"Rue de la Croix Jeannette";"47,17268968";" -1,62177551"
"202400018579";"12";"07";"2024";"00:50";"5";"45";"45024";"1";"1";"2";"7";"D2152 PR 81 + 480";"47,80393300";"1,66176900"
"202400018580";"28";"05";"2024";"01:20";"5";"92";"92036";"2";"3";"1";"3";"PRINCIPALE DU PORT (ROUTE) (2>S/SA15)";"48,93798385";"2,27864557"
"202400018581";"28";"05";"2024";"09:30";"1";"92";"92025";"2";"1";"1";"1";"MONTS CLAIRS (AV VILLA RUE)";"48,91879852";"2,25611127"
"202400018582";"1";"08";"2024";"18:45";"1";"34";"34004";"1";"2";"7";"1";"D176";"43,34740200";"2,85874100"
"202400018583";"28";"05";"2024";"16:45";"1";"92";"92024";"2";"2";"8";"3";"GENERAL LECLERC (BD DU) (9 A 59)   (4 A";"48,90081651";"2,31599987"
"202400018584";"5";"07";"2024";"19:30";"1";"84";"84064";"1";"1";"1";"7";"D204";"44,31657100";"4,70754500"
"202400018585";"28";"05";"2024";"09:00";"1";"92";"92024";"2";"1";"1";"3";"JEAN JAURES (BD) DE (1 A 45)   (2 A 54)";"48,89711000";"2,30898000"
"202400018586";"21";"07";"2024";"10:33";"1";"83";"83146";"2";"1";"2";"1";"Route de Saint Julien";"43,64526484";"5,92860519"
"202400018587";"1";"08";"2024";"18:50";"1";"05";"05178";"1";"1";"1";"7";"Impasse du Roussi";"44,38069500";"5,91129900"
"202400018588";"27";"05";"2024";"17:55";"1";"92";"92024";"2";"3";"1";"3";"MARTRE (RUE) DE (59 A 109)   (58 A 120)";"48,90211267";"2,30702770"
"202400018589";"1";"08";"2024";"20:30";"2";"21";"21194";"1";"1";"7";"1";"D974";"47,08390000";"4,89892100"
"202400018590";"28";"05";"2024";"17:40";"1";"92";"92012";"2";"2";"2";"6";"GALLIENI (RUE) 159/FIN";"48,83507126";"2,22803736"
"202400018591";"1";"08";"2024";"21:45";"5";"68";"68154";"2";"9";"2";"3";"Rue de Sausheim";"47,76536400";"7,35987400"
"202400018592";"27";"05";"2024";"08:00";"1";"86";"86092";"2";"6";"1";"3";"Route de Descartes";"46,92810400";"0,60354500"
"202400018593";"28";"05";"2024";"20:00";"3";"973";"97353";"2";"1";"1";"7";"Route de Sophie";"3,64682600";" -54,02797400"
"202400018594";"31";"07";"2024";"16:30";"1";"67";"67081";"2";"1";"1";"6";"32 Rue Principale";"48,58453000";"7,50648200"
"202400018595";"29";"05";"2024";"16:31";"1";"16";"16090";"1";"1";"2";"1";"N/A";"45,58695894";" -0,01127064"
"202400018596";"1";"08";"2024";"14:30";"1";"73";"73094";"1";"1";"7";"1";"D71A Route des saisies";"45,79619259";"6,52833939"
"202400018597";"28";"05";"2024";"16:50";"1";"65";"65301";"1";"1";"1";"6";"2 Rue de l’Arros";"43,29683900";"0,20468500"
"202400018598";"28";"07";"2024";"22:50";"3";"38";"38085";"1";"1";"1";"7";"Départementale 24A";"45,73999000";"5,16542000"
"202400018599";"29";"05";"2024";"12:45";"1";"03";"03025";"1";"1";"1";"1";"A 79 au PR 36+000";"46,48227200";"3,33297100"
"202400018600";"1";"08";"2024";"20:55";"2";"44";"44052";"1";"6";"1";"7";"Les Prauds";"47,31891200";" -2,04897200"
"202400018601";"27";"05";"2024";"14:30";"1";"19";"19113";"2";"3";"1";"7";"D108";"45,42043933";"2,32999060"
"202400018602";"30";"07";"2024";"06:04";"2";"44";"44026";"1";"1";"1";"3";"Route de Paris";"47,28083000";" -1,45693300"
"202400018603";"28";"05";"2024";"16:45";"1";"82";"82112";"1";"1";"1";"6";"Route de Laujol";"44,14558500";"1,10468400"
"202400018604";"28";"05";"2024";"17:10";"1";"65";"65129";"2";"3";"1";"5";"Route de Toulouse";"43,29479300";"0,51231800"
"202400018605";"25";"07";"2024";"21:34";"2";"22";"22282";"1";"1";"3";"6";"D19";"48,59787300";" -2,24832400"
"202400018606";"28";"05";"2024";"21:20";"5";"11";"11255";"2";"9";"1";"1";"N/A";"43,18880200";"2,92818400"
"202400018607";"29";"05";"2024";"09:15";"1";"63";"63210";"1";"1";"2";"1";"lieu dit arbalesse";"45,92851300";"3,35440800"
"202400018608";"1";"08";"2024";"09:00";"1";"59";"59249";"2";"6";"2";"3";"Place Alfred Derigny";"50,01685400";"4,03996500"
"202400018609";"28";"05";"2024";"18:16";"1";"49";"49218";"1";"2";"8";"3";"D134";"47,27968800";" -1,03268300"
"202400018610";"31";"07";"2024";"20:18";"1";"13";"13213";"1";"1";"1";"3";"A507 sens Aubagne- Marseille";"43,32972000";"5,41298000"
"202400018611";"29";"05";"2024";"12:15";"1";"68";"68062";"2";"3";"2";"3";"1 Route de Hirtzbach";"47,61238275";"7,21697962"
"202400018612";"17";"07";"2024";"06:30";"1";"69";"69382";"2";"1";"8";"6";"Route de Métropole 7  ";"45,74718000";"4,82958000"
"202400018613";"28";"05";"2024";"15:05";"1";"22";"22055";"2";"1";"1";"6";"Quai Jean Bart";"48,60150600";" -2,82182300"
"202400018614";"28";"05";"2024";"18:00";"1";"39";"39101";"2";"3";"1";"3";"57 Rue de Damparis";"47,10190300";"5,43378100"
"202400018615";"28";"05";"2024";"09:50";"1";"31";"31468";"1";"1";"1";"6";"D36";"43,26193700";"0,85384400"
"202400018616";"12";"07";"2024";"17:00";"1";"01";"01049";"1";"1";"2";"4";"A432N 9.900 A 11.118";"45,83952000";"5,01817000"
"202400018617";"1";"08";"2024";"04:00";"5";"33";"33143";"1";"1";"1";"6";"N/A";"44,95657126";" -0,45088238"
"202400018618";"28";"05";"2024";"14:45";"1";"84";"84017";"1";"2";"1";"3";"Départementale 974";"44,12120600";"5,21328100"
"202400018619";"29";"07";"2024";"15:10";"1";"59";"59009";"1";"4";"1";"2";"ROUTE NATIONALE 227";"50,62862000";"3,13851000"
"202400018620";"29";"05";"2024";"10:40";"1";"84";"84020";"1";"1";"1";"5";"D900";"43,86573800";"5,30904700"
"202400018621";"1";"08";"2024";"16:45";"1";"91";"91645";"1";"1";"1";"2";"AUTOROUTE A86";"48,76010143";"2,25844743"
"202400018622";"29";"05";"2024";"10:45";"1";"66";"66137";"2";"1";"1";"6";"avenue de france";"42,46446400";"2,86312400"
"202400018623";"28";"05";"2024";"20:30";"1";"05";"05045";"1";"2";"1";"3";"route nationale 94";"44,53478700";"6,46676300"
"202400018624";"1";"08";"2024";"07:35";"1";"92";"92002";"1";"1";"2";"4";"AUTOROUTE A86";"48,76346833";"2,30949283"
"202400018625";"28";"05";"2024";"18:00";"1";"64";"64216";"1";"2";"1";"3";"D940";"43,24749300";" -0,16611500"
"202400018626";"1";"08";"2024";"12:40";"1";"92";"92051";"1";"1";"7";"2";"RN13";"48,88384066";"2,26309334"
"202400018627";"29";"05";"2024";"18:20";"1";"36";"36088";"1";"1";"2";"6";"N/A";"46,96449305";"1,99130416"
"202400018628";"31";"07";"2024";"16:50";"1";"92";"92050";"1";"1";"1";"6";"A86";"48,90222912";"2,20338204"
"202400018629";"27";"05";"2024";"17:35";"1";"07";"07198";"1";"1";"3";"1";"D86";"44,77925831";"4,76321416"
"202400018630";"1";"08";"2024";"18:25";"1";"93";"93027";"1";"1";"1";"3";"BDL";"48,93399243";"2,38993411"
"202400018631";"27";"05";"2024";"02:00";"3";"24";"24291";"2";"1";"1";"6";"Avenue du Chambon";"45,07248100";"1,16948600"
"202400018632";"29";"05";"2024";"07:36";"2";"37";"37045";"1";"1";"8";"6";"Le Grignon";"47,00372043";"0,64335734"
"202400018633";"31";"07";"2024";"15:10";"1";"93";"93051";"1";"1";"1";"2";"A4";"48,83494286";"2,58003118"
"202400018634";"29";"05";"2024";"14:30";"1";"19";"19085";"1";"1";"8";"6";"N/A";"45,30580847";"1,82465649"
"202400018635";"28";"07";"2024";"22:36";"3";"77";"77058";"1";"1";"1";"5";"A4";"48,82869000";"2,72793600"
"202400018636";"29";"05";"2024";"08:00";"1";"06";"06088";"1";"1";"1";"3";"93 Avenue Joseph Raybaud";"43,73339100";"7,28401100"
"202400018637";"18";"03";"2024";"02:00";"3";"32";"32119";"2";"1";"1";"6";"43 avenue des fleurs";"43,85088100";"0,10424100"
"202400018638";"27";"05";"2024";"15:20";"1";"11";"11145";"1";"1";"1";"6";"D1118 PR27";"43,19597800";"3,17170100"
"202400018639";"31";"07";"2024";"15:15";"1";"976";"97611";"2";"1";"1";"6";"mgombani-Mahabou (rue de )";"45,23233000";" -12,78381000"
"202400018640";"28";"05";"2024";"00:50";"3";"987";"98722";"1";"1";"1";"1";"PK 36 C/montagne - RT 2 -";" -17,56136486";" -149,32625771"
"202400018641";"20";"04";"2024";"00:55";"5";"13";"13007";"2";"1";"1";"1";"D560";"43,37158300";"5,66613700"
"202400018642";"29";"05";"2024";"10:45";"1";"13";"13027";"2";"1";"1";"1";"D571";"43,88907800";"4,84136600"
"202400018643";"28";"05";"2024";"16:35";"1";"13";"13059";"1";"1";"1";"2";"D96";"43,63064300";"5,51251400"
"202400018644";"28";"05";"2024";"11:55";"1";"57";"57654";"1";"1";"1";"3";"D603";"49,11599000";"6,36316800"
"202400018645";"29";"05";"2024";"12:00";"1";"42";"42005";"2";"1";"1";"3";"Rue des Bullieux";"45,52874668";"4,27190758"
"202400018646";"29";"05";"2024";"01:50";"3";"22";"22162";"2";"6";"1";"6";"Rue Raymond Pellier";"48,76736300";" -3,03984400"
"202400018647";"29";"05";"2024";"09:30";"1";"76";"76276";"2";"2";"2";"6";"rue de la république";"49,61280900";"1,54561800"
"202400018648";"27";"05";"2024";"22:12";"3";"13";"13216";"1";"1";"1";"6";"A55-Sens Marseille vers Martigues";"43,34756713";"5,34483846"
"202400018649";"23";"05";"2024";"18:00";"1";"01";"01275";"1";"1";"1";"5";"A46N 25.180 A 25.680";"45,80724000";"4,92122000"
"202400018650";"27";"05";"2024";"15:00";"1";"54";"54150";"1";"1";"1";"6";"Autoroute A 31";"48,79257868";"6,11936331"
"202400018651";"27";"05";"2024";"12:30";"1";"33";"33162";"1";"1";"1";"7";"N/A";"44,87676900";" -0,63253300"
"202400018652";"28";"05";"2024";"18:20";"1";"95";"95500";"1";"1";"1";"4";"A15";"49,03692211";"2,09270610"
"202400018653";"28";"05";"2024";"07:40";"1";"95";"95277";"1";"1";"1";"4";"D170";"48,97345195";"2,49067783"
"202400018654";"27";"05";"2024";"17:40";"1";"95";"95351";"1";"1";"3";"2";"N104";"49,03028809";"2,49648562"
"202400018655";"28";"05";"2024";"13:15";"1";"94";"94052";"1";"1";"2";"4";"A86";"48,84320967";"2,49265332"
"202400018656";"22";"02";"2024";"15:20";"1";"88";"88383";"2";"1";"3";"6";"rue des etats unis";"48,01637700";"6,58298000"
"202400018657";"24";"02";"2024";"18:35";"5";"88";"88383";"2";"1";"1";"2";"Boulevard Thiers";"48,01757000";"6,59230000"
"202400018658";"11";"01";"2024";"13:45";"1";"88";"88131";"1";"3";"1";"3";"route départementale 44 ";"48,16774600";"6,65574100"
"202400018659";"24";"02";"2024";"21:15";"3";"45";"45093";"1";"1";"8";"3";"A10 PR 84 + 350";"48,02781233";"1,84082670"
"202400018660";"27";"05";"2024";"13:20";"1";"987";"98735";"2";"9";"1";"2";"MISSION (QUARTIER)";" -17,54207979";" -149,55620313"
"202400018661";"27";"05";"2024";"08:15";"1";"974";"97411";"2";"1";"1";"6";"RUISSEAU BLANC (CHEMIN DU)";" -20,89468000";"55,41257000"
"202400018662";"27";"05";"2024";"06:00";"3";"974";"97407";"1";"9";"1";"3";"BOUVET (AVENUE)";" -20,95293000";"55,29516000"
"202400018663";"27";"05";"2024";"20:12";"1";"69";"69388";"2";"2";"1";"3";"Avenue Jean Mermoz";"45,73215000";"4,88294000"
"202400018664";"27";"05";"2024";"13:25";"1";"91";"91589";"2";"1";"8";"6";"BD ARISTIDE BRIAND";"48,68311900";"2,34445400"
"202400018665";"26";"05";"2024";"20:46";"1";"91";"91286";"2";"1";"8";"6";"SURCOUF (SQUARE)";"48,65530000";"2,39610000"
"202400018666";"27";"05";"2024";"16:20";"1";"91";"91521";"2";"1";"1";"6";"CHAMPS (AVENUE DES)";"48,65108000";"2,42080000"
"202400018667";"27";"05";"2024";"18:00";"1";"84";"84007";"2";"1";"2";"4";"CHARLES DE GAULLE";"43,93770000";"4,83200000"
"202400018668";"26";"05";"2024";"13:10";"1";"78";"78029";"2";"2";"1";"3";"VICTOR HUGO (BOULEVARD)";"48,97249200";"1,84379700"
"202400018669";"28";"05";"2024";"01:52";"5";"77";"77350";"2";"6";"1";"1";"AV DU GENERAL LECLERC";"48,76420000";"2,67248000"
"202400018670";"24";"05";"2024";"19:15";"1";"76";"76552";"2";"4";"1";"7";"ALBERT DUBOSC";"49,50745400";"0,08357900"
"202400018671";"27";"05";"2024";"09:50";"1";"76";"76447";"2";"1";"1";"1";"BELLE ETOILE (AV DE LA)";"49,53307900";"0,18730000"
"202400018672";"25";"05";"2024";"17:35";"1";"76";"76351";"2";"3";"1";"2";"BOIS AU COQ (AVENUE)";"49,51593100";"0,12045500"
"202400018673";"25";"05";"2024";"16:20";"1";"76";"76351";"2";"3";"1";"3";"SEIZIEME PORT (AVENUE DU)";"49,48271000";"0,16213000"
"202400018674";"27";"05";"2024";"20:25";"1";"65";"65440";"2";"3";"1";"1";"Avenue Aristide Briand";"43,21856000";"0,05767000"
"202400018675";"27";"05";"2024";"19:55";"2";"64";"64335";"1";"9";"1";"1";"D945";"43,35464000";" -0,44054000"
"202400018676";"26";"05";"2024";"18:45";"1";"64";"64122";"2";"1";"1";"6";"EDOUARD VII (AVENUE)";"43,48376000";" -1,55842000"
"202400018677";"26";"05";"2024";"05:00";"5";"64";"64024";"1";"1";"1";"7";"ETCHECOPAR (ALLEE)";"43,46383000";" -1,52369000"
"202400018678";"27";"05";"2024";"16:30";"1";"63";"63113";"2";"6";"1";"1";"BENNETT (RUE GORDON)";"45,78895830";"3,08021128"
"202400018679";"27";"05";"2024";"14:35";"1";"63";"63113";"2";"1";"8";"6";"JULIEN (AVENUE)";"45,77383000";"3,07558000"
"202400018680";"27";"05";"2024";"07:35";"1";"62";"62041";"2";"2";"1";"6";"Rue Désiré Delansorne";"50,28948383";"2,77497777"
"202400018681";"27";"05";"2024";"11:40";"1";"59";"59350";"2";"3";"1";"4";"Place des Buisses";"50,63696000";"3,06993000"
"202400018682";"27";"05";"2024";"09:30";"1";"59";"59343";"1";"1";"1";"1";"BRIZON PIERRE RUE";"50,59419000";"3,12364000"
"202400018683";"27";"05";"2024";"10:30";"1";"58";"58194";"2";"3";"1";"3";"PETIT MOUESSE";"46,98915000";"3,17099000"
"202400018684";"27";"05";"2024";"12:44";"1";"54";"54323";"1";"6";"1";"2";"D618";"49,51753780";"5,74823678"
"202400018685";"26";"05";"2024";"09:45";"1";"49";"49007";"2";"1";"1";"2";"PONTS DE CE";"47,45796000";" -0,54430000"
"202400018686";"27";"05";"2024";"15:25";"1";"47";"47001";"2";"1";"1";"3";"DENFERT ROCHEREAU (RUE)";"44,20289000";"0,62607000"
"202400018687";"25";"05";"2024";"22:40";"5";"46";"46042";"2";"1";"1";"1";"GAMBETTA (BOULEVARD LEON) N°IMPAIR";"44,45127000";"1,44006000"
"202400018688";"27";"05";"2024";"21:35";"5";"45";"45075";"2";"2";"1";"3";"D2152 PR 76 + 1206";"47,89279948";"1,84676985"
"202400018689";"27";"05";"2024";"13:50";"1";"42";"42095";"2";"1";"1";"2";"Rue Dorian";"45,39035000";"4,27946000"
"202400018690";"27";"05";"2024";"11:24";"1";"41";"41226";"1";"2";"1";"3";"PARIS (ROUTE DE)";"47,80447000";"1,07130000"
"202400018691";"27";"05";"2024";"02:00";"5";"35";"35238";"2";"1";"1";"6";"CHEVREL (ROGER)";"48,08917000";" -1,66835000"
"202400018692";"27";"05";"2024";"21:35";"5";"34";"34172";"2";"2";"1";"3";"EINSTEIN (AVENUE ALBERT";"43,61049000";"3,91479000"
"202400018693";"24";"05";"2024";"19:35";"1";"34";"34032";"1";"1";"1";"1";"DOMAINE LA CREMADE (RD.37E)";"43,31199000";"3,21892000"
"202400018694";"27";"05";"2024";"08:28";"1";"29";"29232";"2";"1";"2";"1";"Avenue des Oiseaux";"47,99143800";" -4,12597300"
"202400018695";"27";"05";"2024";"07:50";"1";"28";"28134";"2";"3";"1";"3";"N/A";"48,74933000";"1,38587000"
"202400018696";"27";"05";"2024";"08:15";"1";"25";"25056";"2";"3";"1";"3";"DOLE RUE DE (inf 82)";"47,23394000";"6,00671000"
"202400018697";"27";"05";"2024";"22:00";"2";"22";"22187";"2";"9";"1";"6";"Martin Plage (rue de )";"48,54911000";" -2,73329000"
"202400018698";"23";"05";"2024";"17:54";"1";"22";"22106";"2";"1";"1";"6";"VERNE (RUE JULES)";"48,49648000";" -2,72694000"
"202400018699";"27";"05";"2024";"11:30";"1";"22";"22113";"2";"1";"1";"6";"MARECHAL FOCH (QUAI DU)";"48,73137000";" -3,46452000"
"202400018700";"27";"05";"2024";"09:15";"1";"14";"14117";"2";"2";"1";"3";"4 Avenue de la Dives";"49,29316700";" -0,11054200"
"202400018701";"27";"05";"2024";"07:50";"1";"13";"13071";"1";"1";"1";"1";"PLAN DE CAMPAGNE (AVE. DE )";"43,41389000";"5,34517000"
"202400018702";"26";"05";"2024";"21:30";"2";"75";"75116";"2";"1";"1";"2";"BD PERIPHERIQUE EXTERIEUR";"48,84887100";"2,25265800"
"202400018703";"11";"10";"2024";"10:23";"1";"93";"93070";"2";"1";"1";"6";"DOCTEUR BAUER(RUE DU) :NÂ°  75 AU 129";"48,90705065";"2,34186983"
"202400018704";"25";"05";"2024";"06:15";"1";"75";"75120";"2";"1";"1";"3";"BD PERIPHERIQUE EXTERIEUR";"48,86080500";"2,41405700"
"202400018705";"30";"07";"2024";"08:30";"1";"76";"76351";"1";"1";"1";"1";"RD 6382";"49,52505000";"0,18132000"
"202400018706";"25";"05";"2024";"21:35";"3";"75";"75111";"2";"3";"1";"6";"RUE POPINCOURT";"48,86012000";"2,37557000"
"202400018707";"22";"07";"2024";"20:15";"1";"76";"76069";"2";"1";"1";"6";"35 Route de Paris";"49,37076702";"1,12709475"
"202400018708";"27";"05";"2024";"21:35";"5";"75";"75119";"2";"4";"1";"3";"RUE PETIT";"48,88532100";"2,38520500"
"202400018709";"11";"10";"2024";"18:22";"1";"17";"17415";"2";"1";"1";"6";"FLANDRES RUE DES";"45,73315000";" -0,61448000"