"Num_Acc";"jour";"mois";"an";"hrmn";"lum";"dep";"com";"agg";"int";"atm";"col";"adr";"lat";"long"
"202400018710";"27";"05";"2024";"00:30";"5";"75";"75116";"2";"2";"1";"3";"AVENUE DE L HIPPODROME";"48,85855800";"2,24493100"
"202400018711";"27";"05";"2024";"07:05";"1";"75";"75113";"2";"2";"1";"6";"RUE JEAN COLLY";"48,82799000";"2,36940100"
"202400018712";"10";"10";"2024";"21:40";"5";"92";"92025";"2";"1";"1";"3";"VALMY 1 A 53   2 A 66 (BD DE)";"48,92640000";"2,25310000"
"202400018713";"27";"05";"2024";"11:40";"1";"75";"75110";"2";"1";"1";"6";"BOULEVARD DE LA VILLETTE";"48,87703300";"2,37113000"
"202400018714";"12";"08";"2024";"07:13";"1";"74";"74008";"2";"1";"1";"6";"SANGNIER (RUE MARC)";"46,19680000";"6,21984000"
"202400018715";"27";"05";"2024";"20:43";"2";"75";"75101";"2";"3";"1";"6";"RUE SAINT DENIS";"48,86187800";"2,34923000"
"202400018716";"11";"10";"2024";"19:59";"5";"987";"98736";"2";"1";"1";"3";"TUTERAI TANE (RUE)-PIRAE";" -17,53559600";" -149,53805300"
"202400018717";"26";"05";"2024";"17:00";"1";"94";"94028";"2";"6";"1";"3";"Rue de Paris / Rue des Mèches";"48,79362500";"2,46094900"
"202400018718";"12";"10";"2024";"12:35";"1";"974";"97416";"1";"1";"1";"3";"LAMBRIQUET JOSEPH(RUE)";" -21,33079000";"55,48085000"
"202400018719";"25";"05";"2024";"22:00";"5";"94";"94028";"2";"1";"1";"4";"Avenue du Maréchal Foch";"48,78072000";"2,43776000"
"202400018720";"27";"05";"2024";"04:40";"3";"94";"94019";"2";"1";"8";"6";"Avenue de l’Hippodrome";"48,79282600";"2,55712300"
"202400018721";"12";"10";"2024";"10:55";"1";"974";"97416";"2";"1";"1";"2";"BANK (BOULEVARD)";" -21,33140000";"55,47732000"
"202400018722";"27";"05";"2024";"08:21";"1";"94";"94018";"2";"6";"1";"3";"Quai des Carrieres / Rue Victor Hugo";"48,81844000";"2,41086000"
"202400018723";"13";"10";"2024";"00:30";"3";"974";"97411";"1";"1";"1";"6";"POINSETIAS (CHEMIN DES)";" -20,89980000";"55,41600000"
"202400018724";"27";"05";"2024";"17:25";"1";"93";"93055";"2";"1";"1";"4";"Rue Denis Papin";"48,90230400";"2,39769900"
"202400018725";"12";"10";"2024";"09:30";"1";"974";"97411";"1";"1";"1";"6";"DOMENJOD (ROUTE DE)";" -20,91403000";"55,50721000"
"202400018726";"27";"05";"2024";"15:43";"1";"93";"93074";"2";"3";"3";"3";"Rue de Meaux / Rue Ronsard";"48,93585430";"2,57567167"
"202400018727";"27";"05";"2024";"07:50";"1";"93";"93079";"2";"9";"8";"3";"Avenue de la Division Leclerc";"48,94952636";"2,34228551"
"202400018728";"11";"10";"2024";"21:40";"3";"974";"97411";"1";"1";"1";"2";"LITTORAL (ROUTE 1 DU)";" -20,87806000";"55,40530000"
"202400018729";"25";"05";"2024";"21:00";"1";"93";"93014";"2";"3";"1";"3";"Allée Albert Camus / Avenue Jean Moulin";"48,90653663";"2,55743911"
"202400018730";"11";"10";"2024";"16:25";"1";"974";"97407";"2";"3";"1";"3";"CIMENDEF(RUE)";" -20,93542900";"55,30641600"
"202400018731";"27";"05";"2024";"20:00";"1";"93";"93005";"2";"2";"1";"3";"Rue de Sevran / Route de Mitry";"48,94023800";"2,50221200"
"202400018732";"27";"05";"2024";"11:55";"1";"93";"93001";"2";"1";"1";"3";"Boulevard Anatole France";"48,91765900";"2,38203300"
"202400018733";"12";"10";"2024";"13:20";"1";"973";"97302";"2";"2";"1";"3";"COLOMB (CHRISTOPHE)";"4,93874436";" -52,32913944"
"202400018734";"27";"05";"2024";"17:41";"1";"92";"92050";"2";"6";"1";"1";"BOULE PLACE DE LA";"48,88716956";"2,19993263"
"202400018735";"12";"10";"2024";"07:45";"1";"973";"97302";"2";"1";"1";"6";"RABAN (ROUTE DE)";"4,91814000";" -52,31274000"
"202400018736";"24";"05";"2024";"17:27";"1";"92";"92048";"2";"1";"1";"6";"GARDES (ROUTE DES) N° 5 A 51";"48,81878969";"2,24104571"
"202400018737";"12";"10";"2024";"07:45";"2";"69";"69387";"2";"1";"1";"6";"Rue Croix-Barret";"45,73687000";"4,84748000"
"202400018738";"27";"05";"2024";"05:50";"1";"92";"92004";"2";"6";"8";"1";"GALLIENI ( RUE )";"48,90906082";"2,28673629"
"202400018739";"28";"05";"2024";"07:40";"1";"34";"34202";"2";"1";"1";"1";"Avenue du General Grollier";"43,58578800";"3,77141700"
"202400018740";"11";"10";"2024";"17:50";"2";"972";"97209";"2";"1";"1";"6";"AVE CAMILLE DARSIERES";"14,60153000";" -61,05711000"
"202400018741";"28";"05";"2024";"18:45";"1";"60";"60369";"1";"1";"1";"6";"D13";"49,34780100";"2,69980400"
"202400018742";"27";"05";"2024";"14:00";"1";"09";"09289";"2";"9";"8";"1";"RD117";"43,01454600";"1,11010800"
"202400018743";"12";"10";"2024";"20:41";"3";100;100033";"2";"4";"1";"1";"FAVALE - COURS";"42,69393000";"9,45025000"
"202400018744";"28";"05";"2024";"15:20";"1";"60";"60296";"1";"1";"2";"3";"D930";"49,51774200";"1,82167100"
"202400018745";"28";"05";"2024";"00:40";"3";"66";"66217";"1";"1";"1";"2";"N/A";"42,60677000";"2,85266900"
"202400018746";"27";"05";"2024";"16:50";"1";"62";"62621";"2";"1";"1";"6";"Rue des Clittes";"50,87615400";"2,00656100"
"202400018747";"12";"10";"2024";"12:00";"1";"971";"97113";"2";"1";"1";"3";"MONTAUBAN (SECTEUR)";"16,21621000";" -61,50363000"
"202400018748";"28";"05";"2024";"19:00";"1";"67";"67534";"2";"3";"1";"1";"Rue des Vergers";"48,74935700";"7,50754100"
"202400018749";"11";"10";"2024";"13:00";"1";"971";"97105";"2";"1";"1";"6";"GOUVERNEUR DU LYON (AVE)";"16,00245000";" -61,73819000"
"202400018750";"25";"05";"2024";"13:30";"1";"54";"54011";"1";"1";"1";"3";"D29";"49,51451940";"5,58979869"
"202400018751";"26";"05";"2024";"10:45";"1";"14";"14061";"1";"1";"1";"7";"Les Bessardières (Campeaux)";"48,95819300";" -0,90363600"
"202400018752";"12";"10";"2024";"22:00";"5";101;101004";"2";"3";"1";"3";"#5 Cours Napoléon#";"41,92046600";"8,73705800"
"202400018753";"27";"05";"2024";"17:10";"1";"34";"34036";"1";"1";"1";"6";"A75 pk 280+373";"43,68986900";"3,35206400"
"202400018754";"12";"10";"2024";"23:16";"5";"91";"91161";"2";"1";"1";"2";"AV MAZARIN";"48,70506000";"2,31540000"
"202400018755";"26";"05";"2024";"03:45";"3";"51";"51612";"1";"4";"1";"6";"D38";"48,95522431";"3,99611319"
"202400018756";"27";"05";"2024";"16:33";"1";"59";"59037";"1";"1";"3";"7";"D97";"50,18292200";"3,36469600"
"202400018757";"27";"05";"2024";"19:35";"2";"65";"65284";"2";"9";"2";"6";"43.184572 , 0.013735";"43,18405700";"0,01348600"
"202400018758";"11";"10";"2024";"16:00";"1";"91";"91345";"2";"1";"1";"6";"RUE DU DOCTEUR ROUX";"48,69020000";"2,29672000"
"202400018759";"28";"05";"2024";"18:00";"1";"69";"69248";"1";"3";"1";"3";"Route Départementale 308";"46,01808933";"4,31483940"
"202400018760";"12";"10";"2024";"20:20";"5";"91";"91479";"2";"3";"1";"3";"AV DE VERDUN";"48,70575000";"2,36626000"
"202400018761";"28";"05";"2024";"16:00";"1";"71";"71254";"1";"2";"1";"3";"D118";"46,91674100";"5,24886800"
"202400018762";"27";"05";"2024";"15:00";"1";"12";"12294";"1";"1";"2";"6";"La Franquèse";"44,23835800";"2,88082100"
"202400018763";"12";"10";"2024";"05:00";"5";"88";"88160";"2";"1";"1";"1";"BESONFOSSE (RUE DE)";"48,14626000";"6,46087000"
"202400018764";"28";"05";"2024";"16:55";"1";"41";"41161";"2";"1";"1";"2";"45 Rue Saint-Marc";"47,54311700";"2,03379200"
"202400018765";"28";"05";"2024";"18:00";"1";"86";"86009";"1";"1";"1";"1";"Lieu dit le chateau d'eau";"46,67812100";"0,66966900"
"202400018766";"28";"05";"2024";"01:00";"4";"86";"86097";"2";"3";"1";"6";"Rue Saint Hilaire";"46,32193900";"0,39408600"
"202400018767";"11";"10";"2024";"23:35";"5";"84";"84007";"1";"3";"2";"3";"LUCIE AUBRAC (RUE)";"43,92041000";"4,88960000"
"202400018768";"28";"05";"2024";"16:00";"1";"34";"34079";"1";"4";"1";"2";"D156e4 - Lieu dit "" les bories""";"43,64056300";"3,41245700"
"202400018769";"26";"05";"2024";"10:04";"1";"39";"39285";"1";"1";"1";"7";"N/A";"47,14597700";"5,64164000"
"202400018770";"12";"10";"2024";"18:50";"5";"83";"83137";"2";"3";"2";"6";"JANVIER (RUE)";"43,13424000";"5,91349000"
"202400018771";"10";"05";"2024";"09:45";"1";"31";"31377";"1";"1";"1";"3";"RD25";"43,42923700";"1,72382400"
"202400018772";"12";"10";"2024";"15:30";"1";"83";"83137";"2";"9";"1";"6";"REVEL (RUE)";"43,12612000";"5,92881000"
"202400018773";"28";"05";"2024";"09:05";"1";"31";"31107";"2";"1";"1";"1";"20 Route de Lafitte";"43,29625700";"1,20678500"
"202400018774";"28";"05";"2024";"13:45";"1";"01";"01024";"1";"3";"7";"3";"Route de Montrevel";"46,29359700";"5,15565600"
"202400018775";"27";"05";"2024";"19:10";"1";"90";"90088";"2";"3";"1";"3";"Av du General Charles de Gaulle";"47,73100500";"6,84586400"
"202400018776";"11";"10";"2024";"22:45";"5";"77";"77307";"2";"9";"1";"7";"D934";"48,87803725";"2,74691843"
"202400018777";"27";"05";"2024";"18:21";"1";"60";"60030";"1";"1";"2";"3";"D927";"49,34794500";"2,09681200"
"202400018778";"11";"10";"2024";"17:40";"1";"72";"72181";"2";"3";"1";"3";"LECLERC GENERAL (AV) PAIRS DE 2 A 68";"47,99930000";"0,19580000"
"202400018779";"13";"10";"2024";"23:43";"5";"71";"71270";"2";"1";"2";"6";"LAMARTINE (QUAI)";"46,30290000";"4,83294000"
"202400018780";"28";"05";"2024";"10:30";"1";"45";"45307";"1";"1";"1";"5";"D146 PR 2 + 600";"48,09378000";"2,90545000"
"202400018781";"11";"10";"2024";"16:45";"1";"71";"71270";"2";"3";"1";"1";"HERITAN (RUE DE L')";"46,30900000";"4,82888000"
"202400018782";"27";"05";"2024";"14:30";"1";"64";"64495";"1";"1";"2";"1";"D4";"43,30624800";" -1,52319400"
"202400018783";"11";"10";"2024";"13:50";"1";"71";"71270";"2";"6";"1";"6";"NEUF CLES (BOULEVARD DES)";"46,30872000";"4,82033000"
"202400018784";"28";"05";"2024";"04:50";"3";"18";"18054";"2";"1";"1";"7";"5 Route de Nerondes";"46,89818000";"2,74799900"
"202400018785";"27";"05";"2024";"17:00";"1";"18";"18080";"1";"1";"1";"7";"N/A";"46,93489500";"2,83204300"
"202400018786";"13";"10";"2024";"01:23";"5";"64";"64102";"2";"1";"1";"2";"AQUITAINE (AVENUE DE L')";"43,48639000";" -1,46698000"
"202400018787";"28";"05";"2024";"12:20";"1";"36";"36181";"1";"1";"1";"3";"N/A";"46,84355500";"2,02327100"
"202400018788";"12";"10";"2024";"20:03";"5";"64";"64140";"2";"3";"1";"1";"GAULLE (AV CHARLES DE)";"43,52870000";" -1,47842000"
"202400018789";"27";"05";"2024";"19:15";"1";"40";"40271";"1";"1";"1";"1";"7288 route des barthes";"43,52832700";" -1,22537300"
"202400018790";"12";"10";"2024";"15:00";"1";"63";"63224";"2";"1";"1";"6";"GARENNES (RUE LES)";"45,87037707";"3,12071264"
"202400018791";"28";"05";"2024";"03:30";"3";"13";"13051";"1";"1";"1";"3";"D113";"43,59256100";"5,10927600"
"202400018792";"13";"10";"2024";"00:20";"3";"63";"63113";"2";"2";"1";"3";"André Theuriet / av des Cottages";"45,76490000";"3,07920000"
"202400018793";"25";"05";"2024";"06:20";"2";"01";"01142";"1";"1";"1";"2";"A42 PK 018+300";"45,85228400";"5,09386900"
"202400018794";"12";"10";"2024";"21:10";"5";"59";"59286";"2";"3";"2";"3";"CARNOT SADI RUE";"50,61210000";"2,99984000"
"202400018795";"27";"05";"2024";"15:50";"1";"18";"18089";"1";"1";"1";"2";"N/A";"46,57203636";"2,53453456"
"202400018796";"12";"10";"2024";"16:10";"1";"54";"54357";"2";"1";"1";"2";"Avenue de Metz";"48,72199496";"6,17220551"
"202400018797";"27";"05";"2024";"10:55";"1";"51";"51147";"1";"1";"1";"7";"Autoroute A4";"49,03011300";"4,48065200"
"202400018798";"11";"10";"2024";"16:55";"1";"54";"54547";"2";"1";"1";"3";"Rue de Norvège";"48,66610000";"6,18233000"
"202400018799";"11";"10";"2024";"17:55";"2";"54";"54395";"2";"5";"1";"3";"Boulevard Lobau";"48,69171576";"6,19274318"
"202400018800";"26";"05";"2024";"11:30";"1";"76";"76457";"1";"1";"1";"3";"A13";"49,33821100";"0,97578800"
"202400018801";"12";"10";"2024";"11:40";"1";"46";"46042";"2";"1";"1";"6";"ORMEAUX (COTE DES)";"44,46633000";"1,42840000"
"202400018802";"27";"05";"2024";"06:50";"1";"974";"97418";"1";"1";"1";"3";"N2";" -20,90274800";"55,55188500"
"202400018803";"12";"10";"2024";"10:30";"1";"45";"45274";"1";"1";"1";"2";"D951 PR 87 + 446";"47,87179000";"1,94965000"
"202400018804";"28";"05";"2024";"18:39";"1";"18";"18133";"2";"1";"1";"1";"20 Route de Bourges";"46,94478000";"2,27498300"
"202400018805";"12";"10";"2024";"07:35";"1";"38";"38185";"2";"1";"1";"1";"JEUX OLYMPIQUES (AVENUE DES)";"45,17519000";"5,74691000"
"202400018806";"13";"10";"2024";"00:20";"3";"37";"37122";"2";"1";"1";"6";"RD 127 ROUTE DES MAISONS NEUVES";"47,31012000";"0,67813000"
"202400018807";"28";"05";"2024";"12:15";"1";"66";"66008";"2";"1";"1";"3";"17 Chemin de Palau";"42,55263000";"3,01555900"
"202400018808";"12";"10";"2024";"19:10";"5";"34";"34172";"2";"1";"2";"3";"MONTELS L' EGLISE (RUE DE)";"43,57819100";"3,87652600"
"202400018809";"12";"10";"2024";"20:30";"5";"33";"33032";"1";"1";"1";"7";"N/A";"44,90636000";" -0,53012000"
"202400018810";"28";"05";"2024";"18:32";"1";"83";"83065";"1";"6";"1";"5";"Route Departementale 98a";"43,26173000";"6,58618600"
"202400018811";"12";"10";"2024";"10:30";"1";"33";"33318";"2";"1";"1";"6";"N/A";"44,79786400";" -0,64447500"
"202400018812";"28";"05";"2024";"10:30";"1";"13";"13107";"2";"1";"1";"1";"Avenue Roger Guigon";"43,42939300";"5,43742200"
"202400018813";"8";"04";"2024";"17:30";"1";"74";"74250";"1";"1";"1";"7";"Route de delairaz";"46,03703800";"6,38660800"
"202400018814";"12";"10";"2024";"03:15";"5";"33";"33063";"2";"3";"1";"3";"N/A";"44,84386000";" -0,57465000"
"202400018815";"28";"05";"2024";"19:00";"1";"42";"42304";"1";"1";"1";"6";"Route de Saint-Romain";"45,52989365";"4,15699571"
"202400018816";"12";"10";"2024";"15:17";"1";"31";"31555";"2";"1";"1";"4";"33 B SESQUIERES  (PERIPH OUEST A620)";"43,64732797";"1,42166734"
"202400018817";"24";"05";"2024";"08:45";"1";"38";"38200";"2";"2";"1";"3";"Rue Jules Ferry";"45,08662300";"5,74146700"
"202400018818";"27";"05";"2024";"20:39";"1";"80";"80625";"2";"1";"1";"6";"98 Rue Marcel Thomas";"49,72170500";"2,54560400"
"202400018819";"12";"10";"2024";"16:20";"1";"28";"28134";"1";"1";"8";"4";"RN 12 (ARCHE DU GAZON)";"48,74250729";"1,33173220"
"202400018820";"26";"05";"2024";"18:40";"1";"59";"59212";"2";"1";"1";"7";"3 Rue Philippe de Stavèle";"50,64323300";"2,72004300"
"202400018821";"12";"10";"2024";"11:10";"1";"27";"27306";"2";"1";"1";"2";"CARAVELLES (RUE DES)";"49,00955000";"1,17089000"
"202400018822";"12";"10";"2024";"23:40";"3";"26";"26198";"1";"1";"2";"6";"Route du Teil";"44,55276000";"4,70647000"
"202400018823";"23";"05";"2024";"08:24";"1";"13";"13106";"1";"1";"1";"3";"A7-Sens Lyon vers Marseille";"43,39529563";"5,35132430"
"202400018824";"12";"10";"2024";"08:30";"1";"15";"15014";"2";"1";"1";"6";"Place Pierre Semard";"44,92112000";"2,43528000"
"202400018825";"26";"05";"2024";"18:10";"1";"13";"13005";"1";"1";"1";"2";"A501-Sens Pont de l'Etoile vers Aubagne";"43,29000370";"5,55273994"
"202400018826";"12";"10";"2024";"19:40";"5";"14";"14215";"2";"1";"1";"6";"32 Rue Louis Ballière";"49,18967000";" -0,26853000"
"202400018827";"22";"05";"2024";"22:30";"3";"42";"42237";"1";"1";"1";"1";"N88";"45,44019700";"4,45613500"
"202400018828";"11";"10";"2024";"18:55";"2";"13";"13005";"2";"1";"1";"3";"RN 96 (ROUTE NATIONALE )";"43,30825000";"5,57601000"
"202400018829";"27";"05";"2024";"16:00";"1";"93";"93007";"1";"1";"8";"2";"A1";"48,95255567";"2,45324008"
"202400018830";"12";"10";"2024";"20:15";"5";"13";"13001";"1";"2";"2";"1";"ENFANT (RTE DE L')";"43,48010000";"5,39438000"
"202400018831";"27";"05";"2024";"13:00";"1";"95";"95572";"1";"1";"1";"6";"N184";"49,04618222";"2,13069058"
"202400018832";"19";"09";"2024";"18:30";"2";"13";"13001";"1";"8";"7";"3";"ST CANADET (ROUTE) D.13";"43,59821186";"5,46346559"
"202400018833";"12";"10";"2024";"11:30";"1";"10";"10333";"2";"2";"1";"3";"Avenue d'Echenilly";"48,27930000";"4,04210000"
"202400018834";"12";"10";"2024";"06:45";"5";"03";"03190";"2";"9";"1";"3";"Rue du Vert Galant";"46,56750000";"3,32790000"
"202400018835";"12";"10";"2024";"04:00";"5";"75";"75116";"2";"1";"1";"5";"BD PERIPHERIQUE EXTERIEUR";"48,85464000";"2,25471100"
"202400018836";"11";"10";"2024";"15:45";"1";"75";"75120";"2";"1";"1";"5";"BD PERIPHERIQUE INTERIEUR";"48,84742800";"2,41456000"
"202400018837";"11";"10";"2024";"20:30";"5";"75";"75102";"2";"2";"1";"6";"BOULEVARD SAINT DENIS";"48,86960700";"2,35258100"
"202400018838";"12";"10";"2024";"23:59";"5";"75";"75118";"2";"2";"1";"3";"RUE MARX DORMOY";"48,89019300";"2,35996100"
"202400018839";"12";"10";"2024";"18:30";"2";"75";"75117";"2";"2";"2";"2";"RUE DE COURCELLES";"48,88124400";"2,30106400"
"202400018840";"12";"10";"2024";"00:45";"5";"75";"75116";"2";"2";"1";"1";"ALLEE DE LA REINE MARGUERITE";"48,85857000";"2,24485500"
"202400018841";"12";"10";"2024";"19:10";"5";"75";"75115";"2";"2";"2";"3";"RUE DE LOURMEL";"48,84064300";"2,28424200"
"202400018842";"11";"10";"2024";"17:15";"1";"75";"75112";"2";"2";"1";"6";"AVENUE LEDRU ROLLIN";"48,84683600";"2,36939000"
"202400018843";"12";"10";"2024";"09:50";"1";"75";"75111";"2";"3";"1";"6";"BOULEVARD RICHARD LENOIR";"48,85585400";"2,38163200"
"202400018844";"12";"10";"2024";"12:29";"1";"75";"75108";"2";"1";"3";"1";"PONT DES INVALIDES";"48,86365000";"2,31047000"
"202400018845";"11";"10";"2024";"23:25";"5";"75";"75103";"2";"2";"1";"2";"BOULEVARD DE SEBASTOPOL";"48,86199000";"2,35017000"
"202400018846";"12";"10";"2024";"16:45";"1";"94";"94046";"2";"2";"1";"3";"Rue Pierre Sémard";"48,80185000";"2,42715000"
"202400018847";"12";"10";"2024";"20:05";"5";"94";"94034";"2";"1";"2";"6";"Avenue de la Division Leclerc";"48,75860000";"2,32422900"
"202400018848";"12";"10";"2024";"22:00";"5";"94";"94054";"2";"3";"1";"3";"Route Charles Tillon";"48,73977000";"2,38988000"
"202400018849";"12";"10";"2024";"16:20";"1";"94";"94022";"2";"1";"1";"6";"Avenue Gambetta";"48,76358000";"2,40273000"
"202400018850";"12";"10";"2024";"13:40";"1";"94";"94071";"2";"3";"1";"6";"Rue du Clos de Pacy";"48,77311000";"2,51797000"
"202400018851";"12";"10";"2024";"00:05";"4";"93";"93078";"2";"3";"1";"3";"DELATTRE DE TASSIGNY (AVENUE)";"48,95898000";"2,54429000"
"202400018852";"12";"10";"2024";"16:50";"1";"93";"93064";"2";"1";"2";"2";"DE GAULLE (AV DU GENERAL) 58/49 - FIN";"48,87716561";"2,48008311"
"202400018853";"12";"10";"2024";"13:10";"1";"93";"93064";"2";"9";"2";"3";"PERI (BOULEVARD GABRIEL)  0 - 37 / 42";"48,87734892";"2,47820998"
"202400018854";"12";"10";"2024";"17:44";"1";"93";"93032";"2";"1";"1";"6";"JEAN JAURES (AVENUE)";"48,88294000";"2,52685000"
"202400018855";"12";"10";"2024";"00:10";"5";"93";"93014";"2";"2";"1";"6";"GAGNY (ALLEE DE)";"48,91133000";"2,54966000"
"202400018856";"12";"10";"2024";"11:47";"1";"93";"93010";"2";"1";"1";"6";"POLISSARD (RUE AUGUSTE)";"48,90374804";"2,48122985"
"202400018857";"12";"10";"2024";"19:00";"2";"92";"92051";"2";"2";"2";"2";"ACHILLE PERETTI (AVENUE, N° 90 A 96 ET 9";"48,88563368";"2,26380900"
"202400018858";"12";"10";"2024";"00:01";"5";"92";"92020";"2";"2";"1";"3";"VERDUN AVENUE DE N°1 A 45";"48,80382000";"2,28791000"
"202400018859";"12";"10";"2024";"20:50";"5";"92";"92026";"2";"1";"2";"7";"PRÉSIDENT PAUL DOUMER (QUAI DU)";"48,89109862";"2,25774200"
"202400018860";"12";"10";"2024";"18:48";"5";"92";"92026";"2";"1";"2";"3";"MISSION MARCHAND (COTE PAIR)";"48,90203480";"2,23977283"
"202400018861";"12";"10";"2024";"07:45";"2";"72";"72191";"1";"1";"2";"2";"Route Départementale 30 - Route d'Ecommoy";"47,79329400";"0,27950800"
"202400018862";"12";"10";"2024";"23:10";"3";"60";"60338";"1";"6";"1";"6";"route départementale 932A";"49,37612354";"2,79817700"
"202400018863";"13";"10";"2024";"02:33";"3";"35";"35108";"1";"3";"1";"6";"Lasjambe";"47,94965300";" -1,40049900"
"202400018864";"11";"10";"2024";"16:45";"1";"95";"95116";"1";"1";"1";"1";"D922";"49,14395983";"2,33077279"
"202400018865";"13";"10";"2024";"14:15";"1";"63";"63379";"1";"1";"1";"7";"D985";"45,97971943";"3,12805401"
"202400018866";"12";"10";"2024";"14:15";"1";"21";"21298";"1";"1";"8";"2";"A6";"47,32681000";"4,48497500"
"202400018867";"13";"10";"2024";"06:10";"3";"87";"87019";"1";"1";"5";"5";"A20, Point kilométrique 194.700 sens SUD - NORD";"45,74428700";"1,34059000"
"202400018868";"13";"10";"2024";"14:30";"1";"83";"83054";"1";"3";"1";"3";"intersection impasse des loriots et rd97";"43,15250700";"6,03585000"
"202400018869";"5";"10";"2024";"12:27";"1";"19";"19201";"1";"1";"1";"7";"2 Aérodrome";"45,53825419";"2,42718915"
"202400018870";"13";"10";"2024";"14:45";"1";"80";"80318";"2";"1";"1";"6";"67 Rue Roger Godard";"50,01360400";"2,08204200"
"202400018871";"12";"10";"2024";"06:00";"3";"82";"82051";"1";"1";"1";"6";"Route de Lauzerte";"44,19571300";"1,14528200"
"202400018872";"12";"10";"2024";"23:20";"3";"65";"65100";"1";"1";"1";"1";"route de Bordeaux";"43,27995500";"0,06996300"
"202400018873";"13";"10";"2024";"08:41";"1";"71";"71591";"1";"6";"8";"7";"948 Route départementale 906";"46,44375700";"4,88411500"
"202400018874";"13";"10";"2024";"09:50";"1";"63";"63455";"2";"1";"1";"3";"53 avenue du docteuir Louis Presle";"45,67585196";"3,17332953"
"202400018875";"12";"10";"2024";"19:00";"2";"49";"49271";"1";"2";"1";"3";"Lieu Dit La Besnardière";"47,54193200";" -0,71666500"
"202400018876";"8";"10";"2024";"18:33";"1";"29";"29031";"1";"2";"1";"3";"Croas An Ter";"47,78169311";" -3,54597994"
"202400018877";"12";"10";"2024";"14:50";"1";"29";"29209";"1";"3";"2";"2";"Lieu Dit Coat Saliou";"48,54507521";" -4,41234935"
"202400018878";"26";"09";"2024";"08:15";"1";"31";"31175";"2";"3";"1";"3";"Avenue de Bequine";"43,11733000";"0,77081900"
"202400018879";"13";"10";"2024";"08:15";"2";"15";"15084";"1";"2";"1";"6";"RD 920";"44,74374400";"2,49465600"
"202400018880";"13";"10";"2024";"15:40";"1";"26";"26069";"1";"1";"1";"7";"Route du Col de Rousset";"44,83461900";"5,39016200"
"202400018881";"13";"10";"2024";"06:10";"3";"58";"58059";"2";"1";"1";"6";"avenue du Maréchal Leclerc";"47,19315400";"3,01444900"
"202400018882";"12";"10";"2024";"16:15";"1";"66";"66178";"1";"1";"1";"1";"rte departementale 900 - PK 43+1498";"42,52234400";"2,81090700"
"202400018883";"13";"10";"2024";"14:45";"1";"72";"72315";"1";"3";"1";"3";"Route du Mans";"48,17956200";" -0,12001300"
"202400018884";"13";"10";"2024";"14:55";"1";"14";"14431";"1";"1";"1";"7";"D232";"49,06738245";" -0,11836588"
"202400018885";"13";"10";"2024";"06:30";"3";"50";"50109";"1";"1";"1";"1";"départementale 35";"48,90145100";" -1,44262600"
"202400018886";"30";"09";"2024";"18:00";"1";"45";"45053";"2";"6";"1";"3";"D952 PR 0 + 15";"47,65460400";"2,74284300"
"202400018887";"12";"10";"2024";"16:59";"1";"73";"73270";"1";"1";"2";"6";"D201";"45,57001600";"6,16779900"
"202400018888";"12";"10";"2024";"19:35";"3";"18";"18088";"1";"1";"2";"1";"N/A";"47,38456000";"2,43321400"
"202400018889";"12";"10";"2024";"15:15";"1";"43";"43058";"1";"1";"2";"1";"Route des Gouttes";"45,33551800";"4,22312700"
"202400018890";"11";"10";"2024";"19:50";"5";"36";"36018";"2";"1";"1";"6";"7 Rue Pierre-Collin de Souvigny";"46,63146500";"1,06242600"
"202400018891";"12";"10";"2024";"19:00";"1";"36";"36045";"2";"1";"2";"6";"Place du Champ de Foire";"46,98890700";"1,17120500"
"202400018892";"13";"10";"2024";"03:00";"3";"16";"16070";"2";"1";"5";"6";"6 RUE GAMBETTA";"45,87279600";"0,71941100"
"202400018893";"12";"10";"2024";"14:45";"1";"04";"04109";"2";"1";"8";"7";"D951";"44,06557200";"5,88728800"
"202400018894";"13";"10";"2024";"12:45";"1";"04";"04174";"1";"1";"1";"3";"Route Nationale 202";"43,95882000";"6,73436200"
"202400018895";"13";"10";"2024";"00:40";"3";"28";"28135";"1";"2";"1";"1";"Intersection D122.12 et D328.4";"48,59488900";"1,69881500"
"202400018896";"13";"09";"2024";"18:00";"1";"31";"31424";"2";"1";"1";"6";"Rue des Ecoles";"43,56686200";"1,29720700"
"202400018897";"13";"10";"2024";"05:35";"3";"01";"01204";"1";"1";"2";"6";"A40";"46,16461000";"5,70113500"
"202400018898";"12";"10";"2024";"19:15";"3";"01";"01283";"1";"1";"1";"6";"A404 entrée n°12 en direction de LYON";"46,27038500";"5,64788500"
"202400018899";"12";"10";"2024";"18:40";"5";"987";"98715";"2";"1";"1";"1";"route de ceinture au niveau du quartier Setil";" -17,55556700";" -149,60293800"
"202400018900";"11";"10";"2024";"20:55";"3";"06";"06004";"1";"1";"1";"2";"pk 172, autoroute A8, chaussée nord";"43,60366000";"7,07141300"
"202400018901";"12";"10";"2024";"10:50";"1";"17";"17465";"1";"1";"1";"7";"Autoroute A 10 PK 412.400 sens Paris/Bordeaux";"45,96658100";" -0,55008400"