"Num_Acc";"jour";"mois";"an";"hrmn";"lum";"dep";"com";"agg";"int";"atm";"col";"adr";"lat";"long"
"202400018902";"13";"10";"2024";"10:25";"1";"28";"28092";"1";"1";"1";"2";"autoroute A 10 pk 46 direction Paris";"48,35522200";"1,87527200"
"202400018903";"12";"10";"2024";"17:00";"1";"987";"98722";"2";"1";"1";"1";"PK 27+200";" -17,59805188";" -149,30512190"
"202400018904";"13";"10";"2024";"03:30";"3";"973";"97305";"1";"1";"1";"1";"RN1 PK17";"4,93838700";" -52,40999900"
"202400018905";"13";"10";"2024";"10:30";"1";"95";"95039";"1";"6";"1";"2";"D928";"49,08983146";"2,14645024"
"202400018906";"13";"10";"2024";"19:10";"2";"78";"78615";"1";"1";"1";"1";"RD 119";"48,84793700";"1,89791200"
"202400018907";"13";"10";"2024";"16:15";"1";"84";"84068";"1";"1";"1";"7";"D27";"43,76297400";"5,37911700"
"202400018908";"13";"10";"2024";"07:30";"1";"83";"83101";"1";"1";"1";"2";"Route des Plages";"43,24763900";"6,64745800"
"202400018909";"13";"10";"2024";"16:40";"1";"26";"26179";"1";"1";"1";"7";"Autoroute A7";"45,07604000";"4,86929800"
"202400018910";"12";"10";"2024";"23:20";"3";"21";"21217";"1";"1";"2";"7";"route de Chazan";"47,21190200";"4,90554600"
"202400018911";"13";"10";"2024";"13:30";"1";"73";"73005";"1";"1";"1";"6";"D206";"45,64864338";"6,09407723"
"202400018912";"11";"10";"2024";"14:15";"1";"19";"19236";"2";"6";"1";"3";"D1089";"45,33201100";"1,87936500"
"202400018913";"13";"10";"2024";"12:10";"1";"61";"61341";"1";"1";"1";"6";"D26 PR6+830";"48,49646600";"0,06799900"
"202400018914";"13";"10";"2024";"10:20";"1";"60";"60282";"1";"1";"1";"6";"D17";"49,19291800";"2,38334700"
"202400018915";"13";"10";"2024";"20:15";"3";"60";"60628";"1";"1";"1";"6";"Rue de Nivillers";"49,42044400";"2,15450500"
"202400018916";"12";"10";"2024";"05:50";"3";"13";"13001";"1";"1";"1";"2";"A51-Sens Marseille vers Aix en Provence";"43,49438652";"5,40672870"
"202400018917";"11";"10";"2024";"18:00";"1";"13";"13106";"1";"1";"1";"2";"A7-Sens Lyon vers Marseille";"43,39959526";"5,34924076"
"202400018918";"11";"10";"2024";"16:24";"1";"13";"13043";"1";"1";"1";"2";"A55 SENS MARTIGUES-MARSEILLE";"43,39129821";"5,26458933"
"202400018919";"10";"10";"2024";"20:55";"3";"13";"13215";"1";"1";"1";"2";"A7-Sens Lyon vers Marseille";"43,34261266";"5,37589947"
"202400018920";"8";"10";"2024";"07:30";"2";"69";"69290";"1";"1";"3";"6";"Autoroute 46 ";"45,69520000";"4,96982000"
"202400018921";"12";"10";"2024";"16:30";"1";"91";"91228";"1";"1";"1";"2";"AUTOROUTE A6";"48,62347000";"2,42005000"
"202400018922";"12";"10";"2024";"07:50";"2";"91";"91161";"2";"1";"1";"6";"AUTOROUTE A6";"48,69902415";"2,31238604"
"202400018923";"11";"10";"2024";"23:35";"3";"91";"91477";"1";"1";"1";"1";"AUTOROUTE A126";"48,72447000";"2,24357000"
"202400018924";"12";"10";"2024";"12:50";"1";"92";"92036";"1";"1";"2";"2";"A86";"48,93540166";"2,26544968"
"202400018925";"11";"10";"2024";"23:40";"3";"78";"78646";"1";"1";"1";"7";"N12";"48,78880900";"2,13280100"
"202400018926";"11";"10";"2024";"19:30";"3";"77";"77294";"1";"1";"1";"3";"A104";"48,96164633";"2,61726537"
"202400018927";"11";"10";"2024";"19:45";"3";"94";"94028";"1";"1";"1";"3";"A86";"48,79449381";"2,44220497"
"202400018928";"11";"10";"2024";"12:15";"1";"94";"94017";"1";"1";"1";"3";"A4";"48,83032290";"2,48934965"
"202400018929";"11";"10";"2024";"09:20";"1";"94";"94017";"1";"1";"1";"3";"A4";"48,83020089";"2,49576700"
"202400018930";"11";"10";"2024";"08:42";"1";100;100033";"2";"9";"1";"6";"SEBASTIANI  - AVENUE";"42,70220000";"9,45065000"
"202400018931";"11";"10";"2024";"03:15";"5";101;101004";"2";"4";"1";"6";"T21";"41,93390000";"8,75063000"
"202400018932";"11";"10";"2024";"12:00";"1";"95";"95277";"2";"1";"1";"6";"D370";"48,99146361";"2,43075493"
"202400018933";"11";"10";"2024";"07:55";"1";"95";"95277";"2";"1";"1";"6";"GEORGES POMPIDOU (AVENUE)";"48,99104000";"2,43100000"
"202400018934";"11";"10";"2024";"16:05";"1";"95";"95607";"2";"1";"1";"5";"D407";"49,01273100";"2,21536713"
"202400018935";"11";"10";"2024";"15:00";"1";"91";"91377";"2";"1";"1";"3";"AV SAINT MARC";"48,73065000";"2,28780000"
"202400018936";"11";"10";"2024";"20:05";"5";"91";"91657";"2";"1";"1";"6";"AV HENRI CHARON";"48,70000000";"2,42300000"
"202400018937";"11";"10";"2024";"15:00";"1";"91";"91432";"2";"1";"1";"2";"RUE LAVOISIER";"48,69540000";"2,33000000"
"202400018938";"11";"10";"2024";"19:00";"2";"91";"91228";"2";"1";"1";"2";"MONTESPAN (RUE)";"48,63288000";"2,43545000"
"202400018939";"9";"10";"2024";"19:38";"5";"87";"87114";"1";"1";"3";"6";"AUTOROUTE A20";"45,83658000";"1,28366000"
"202400018940";"11";"10";"2024";"14:30";"1";"86";"86194";"2";"1";"1";"3";"Bd du Marechal de Lattre de Tassigny";"46,58390000";"0,35186000"
"202400018941";"11";"10";"2024";"19:10";"5";"84";"84007";"2";"9";"1";"3";"C.DE GAULLE (ROCADE)";"43,92887000";"4,81302000"
"202400018942";"11";"10";"2024";"14:30";"1";"84";"84007";"2";"1";"1";"3";"AMANDIER (AVENUE DE L')";"43,93711000";"4,84910000"
"202400018943";"10";"10";"2024";"08:55";"1";"84";"84007";"1";"1";"2";"3";"LEO   (RN1007)";"43,92099000";"4,78148000"
"202400018944";"11";"10";"2024";"22:05";"3";"83";"83126";"2";"2";"1";"3";"QUATRE SEPTEMBRE (BD DU)";"43,10276000";"5,87418000"
"202400018945";"11";"10";"2024";"15:54";"1";"80";"80021";"2";"1";"1";"6";"Rue de la République";"49,89049000";"2,29608300"
"202400018946";"11";"10";"2024";"23:05";"5";"78";"78356";"2";"6";"1";"7";"EUROPE (AVENUE DE L')";"48,75562000";"2,07112000"
"202400018947";"12";"10";"2024";"00:30";"5";"77";"77294";"2";"3";"1";"3";"D84";"48,95765400";"2,60229600"
"202400018948";"11";"10";"2024";"14:30";"1";"77";"77450";"2";"1";"1";"3";"N 19";"48,71143641";"2,58126934"
"202400018949";"11";"10";"2024";"08:25";"1";"77";"77284";"1";"1";"1";"3";"RD5 (ROUTE DEPARTEMENTALE)";"48,95728100";"2,86282300"
"202400018950";"11";"10";"2024";"06:45";"4";"77";"77243";"2";"1";"1";"6";"VC";"48,87690000";"2,70422000"
"202400018951";"11";"10";"2024";"09:10";"1";"76";"76351";"2";"2";"1";"6";"GENERAL ARCHINARD (AVENUE)";"49,49140000";"0,11671000"
"202400018952";"11";"10";"2024";"08:55";"1";"72";"72181";"2";"6";"1";"3";"DEMORIEUX ENTRE PT CHEM DE FER ET HUISNE";"47,99261000";"0,18428000"
"202400018953";"10";"10";"2024";"16:05";"1";"72";"72181";"2";"1";"1";"4";"ESTIENNE D'ORVES (BD D')";"47,97955932";"0,20119786"
"202400018954";"10";"10";"2024";"07:55";"1";"72";"72181";"2";"2";"8";"2";"CUGNOT NICOLAS (BD)";"47,98590000";"0,22529000"
"202400018955";"11";"10";"2024";"19:55";"5";"71";"71306";"2";"3";"1";"3";"ALOUETTES (AVENUE DES)";"46,68825000";"4,35766000"
"202400018956";"11";"10";"2024";"12:11";"1";"71";"71540";"1";"3";"1";"3";"HUIT MAI (AVENUE DU)";"46,76971000";"4,45001000"
"202400018957";"11";"10";"2024";"15:15";"1";"71";"71118";"2";"1";"1";"6";"GEORGES BRASSENS (AVENUE)";"46,79264933";"4,80961602"
"202400018958";"11";"10";"2024";"07:45";"2";"67";"67482";"2";"3";"8";"3";"LA ROCHELLE (RUE DE)";"48,52486000";"7,77860000"
"202400018959";"11";"10";"2024";"19:20";"2";"64";"64129";"2";"1";"1";"2";"BAYONNE DE";"43,30365000";" -0,39915000"
"202400018960";"11";"10";"2024";"20:20";"5";"64";"64132";"2";"2";"1";"3";"GEORGES CLEMENCEAU";"43,28738000";" -0,35132000"
"202400018961";"28";"06";"2024";"04:35";"3";"37";"37003";"1";"1";"1";"6";"Départementale 31";"47,38578400";"0,97952100"
"202400018962";"30";"06";"2024";"21:50";"3";"45";"45244";"1";"1";"1";"6";"D119 PR 10 + 833";"47,78736000";"2,49539300"
"202400018963";"30";"06";"2024";"17:15";"1";"91";"91129";"1";"1";"1";"1";"D56 route d orgemont";"48,49684400";"2,28324700"
"202400018964";"30";"06";"2024";"06:30";"2";"34";"34063";"1";"1";"1";"6";"D30E4";"43,52098300";"3,34467200"
"202400018965";"22";"06";"2024";"14:30";"1";"13";"13100";"2";"1";"1";"2";"337 Avenue du General Koenig";"43,79263500";"4,82571800"
"202400018966";"1";"07";"2024";"15:55";"1";"13";"13059";"1";"1";"1";"5";"D556";"43,61986000";"5,49233300"
"202400018967";"30";"06";"2024";"11:30";"1";"68";"68370";"2";"1";"2";"3";"Rue Principale";"47,97479000";"6,96079900"
"202400018968";"29";"06";"2024";"17:05";"1";"67";"67028";"2";"7";"8";"1";"11B rue d'ITALIE";"48,38062500";"7,59571600"
"202400018969";"1";"07";"2024";"09:40";"1";"01";"01043";"2";"3";"1";"3";"158 Chemin du Sermoraz";"45,82988700";"4,99594700"
"202400018970";"1";"07";"2024";"17:45";"1";"65";"65042";"1";"1";"2";"7";"Foret communale";"43,03150600";"0,21513500"
"202400018971";"18";"06";"2024";"11:50";"1";"33";"33486";"1";"2";"1";"3";"N/A";"45,08883900";" -0,57360100"
"202400018972";"27";"06";"2024";"14:15";"1";"44";"44052";"2";"2";"1";"3";"30 Avenue de la Paix";"47,31829800";" -2,07537500"
"202400018973";"27";"06";"2024";"11:15";"1";"56";"56005";"2";"1";"1";"3";"Rue de Bilouris";"47,55324800";" -2,88273600"
"202400018974";"30";"06";"2024";"11:27";"1";"27";"27448";"1";"1";"1";"1";"rd141";"49,01090000";"1,35626700"
"202400018975";"30";"06";"2024";"10:30";"1";"62";"62681";"1";"1";"1";"7";"D190";"50,68673819";"2,33174586"
"202400018976";"28";"06";"2024";"15:58";"1";"13";"13216";"1";"1";"1";"2";"A55-Sens Marseille vers Martigues";"43,35540000";"5,34749000"
"202400018977";"25";"06";"2024";"17:20";"1";"13";"13001";"1";"1";"1";"2";"A51-Sens Marseille vers Aix en Provence";"43,51549000";"5,42796000"
"202400018978";"28";"06";"2024";"09:00";"1";"13";"13071";"1";"1";"1";"6";"A55 - Sens Marseille vers Martigues";"43,39330763";"5,29952667"
"202400018979";"30";"06";"2024";"19:42";"1";"83";"83123";"1";"9";"1";"6";"A50";"43,15532194";"5,76561657"
"202400018980";"29";"06";"2024";"06:55";"2";"83";"83027";"1";"1";"1";"6";"A50";"43,16758995";"5,76872020"
"202400018981";"28";"06";"2024";"11:40";"1";"83";"83144";"1";"1";"1";"2";"A57";"43,13398268";"5,98674088"
"202400018982";"30";"06";"2024";"04:50";"3";"92";"92025";"1";"1";"2";"2";"A86";"48,92387176";"2,22973719"
"202400018983";"30";"06";"2024";"01:25";"3";"92";"92050";"1";"1";"1";"6";"A86";"48,91564738";"2,22070303"
"202400018984";"12";"03";"2024";"13:50";"1";"59";"59363";"2";"1";"2";"5";"16 Route Nationale";"50,21503600";"3,65333900"
"202400018985";"12";"03";"2024";"23:10";"4";"59";"59315";"1";"1";"2";"7";"RD 649";"50,32214362";"3,78502258"
"202400018986";"29";"06";"2024";"17:50";"1";"93";"93008";"1";"1";"1";"4";"A86";"48,90902313";"2,44815409"
"202400018987";"8";"03";"2024";"19:30";"3";"59";"59534";"1";"1";"1";"6";"D424";"50,10256200";"3,87521800"
"202400018988";"29";"06";"2024";"05:00";"3";"93";"93010";"1";"1";"1";"6";"A3";"48,90653393";"2,47247712"
"202400018989";"12";"03";"2024";"17:45";"1";"13";"13215";"1";"1";"1";"3";"A7-Sens Marseille vers Lyon";"43,35828200";"5,36253400"
"202400018990";"29";"06";"2024";"22:00";"1";"93";"93053";"1";"1";"1";"2";"A86";"48,90134557";"2,46913520"
"202400018991";"12";"03";"2024";"16:50";"1";"13";"13106";"1";"1";"1";"4";"A7-Sens Marseille vers Lyon";"43,38817000";"5,35114000"
"202400018992";"29";"06";"2024";"08:05";"1";"95";"95527";"1";"1";"1";"2";"A3";"48,98915000";"2,50818000"
"202400018993";"11";"03";"2024";"15:14";"1";"13";"13071";"1";"1";"1";"2";"A7-Sens Marseille vers Lyon";"43,40972592";"5,28550357"
"202400018994";"30";"06";"2024";"13:40";"1";"77";"77294";"1";"1";"1";"2";"A104";"48,97462817";"2,57871573"
"202400018995";"12";"03";"2024";"10:00";"1";"13";"13071";"1";"1";"1";"2";"A51-Sens Aix en Provence vers Marseille";"43,40949800";"5,36369000"
"202400018996";"12";"03";"2024";"08:30";"1";"13";"13005";"1";"1";"1";"3";"A50-Sens Aubagne vers Marseille";"43,28501117";"5,57110296"
"202400018997";"29";"06";"2024";"07:15";"1";"77";"77373";"1";"1";"1";"6";"RN104";"48,79169848";"2,61886634"
"202400018998";"29";"06";"2024";"04:35";"3";"77";"77372";"1";"1";"1";"6";"A104";"48,87890479";"2,66822031"
"202400018999";"12";"03";"2024";"07:30";"1";"13";"13211";"1";"1";"1";"5";"A50-Sens Marseille vers Aubagne";"43,29207811";"5,45266634"
"202400019000";"17";"02";"2024";"19:30";"5";"84";"84031";"2";"3";"1";"1";"OBSERVANTINS DES";"44,05728000";"5,05011000"
"202400019001";"12";"03";"2024";"07:05";"1";"13";"13215";"1";"1";"1";"2";"A7-Sens Marseille vers Lyon";"43,35818840";"5,36269145"
"202400019002";"18";"01";"2024";"19:35";"5";"93";"93048";"2";"2";"1";"3";"Boulevard Paul Vaillant Couturier / Rue Victor Beausse";"48,86673000";"2,44513000"
"202400019003";"11";"03";"2024";"20:34";"5";"13";"13212";"1";"1";"1";"4";"A507 sens Aubagne- Marseille";"43,30515000";"5,42548000"
"202400019004";"9";"01";"2024";"15:15";"1";"93";"93048";"2";"2";"8";"6";"Rue de Stalingrad / Rue de Rosny";"48,86060000";"2,44347000"
"202400019005";"11";"03";"2024";"08:20";"1";"13";"13056";"1";"1";"1";"4";"A55-Sens Marseille vers Martigues";"43,40565000";"5,03983000"
"202400019006";"7";"01";"2024";"12:10";"1";"93";"93048";"2";"1";"1";"3";"Boulevard Théophile Sueur";"48,86250325";"2,46605873"
"202400019007";"12";"05";"2024";"13:02";"1";"33";"33281";"1";"9";"1";"6";"N/A";"44,83295290";" -0,69817391"
"202400019008";"11";"03";"2024";"05:43";"3";"13";"13015";"1";"1";"1";"2";"A51-Sens Marseille vers Aix en Provence";"43,45184294";"5,39633709"
"202400019009";"13";"04";"2024";"21:40";"5";"74";"74123";"2";"2";"1";"1";"10 Route d'annecy";"45,74816800";"6,29006300"
"202400019010";"20";"03";"2024";"15:45";"1";"74";"74206";"1";"1";"1";"6";"departementale 36";"46,30384146";"6,49764394"
"202400019011";"11";"03";"2024";"09:00";"1";"67";"67152";"1";"1";"1";"4";"M35";"48,52466000";"7,65948000"
"202400019012";"26";"03";"2024";"09:30";"1";"74";"74081";"2";"1";"1";"6";"4 Rue pierre trappier";"46,06892700";"6,56181300"
"202400019013";"7";"03";"2024";"18:50";"2";"67";"67447";"1";"1";"1";"2";"M35";"48,60878000";"7,72721000"
"202400019014";"5";"04";"2024";"11:11";"1";"74";"74116";"1";"1";"1";"1";"D1203";"46,04892000";"6,26390200"
"202400019015";"12";"03";"2024";"08:20";"1";"33";"33448";"1";"1";"1";"3";"N/A";"44,71786000";" -0,52017000"
"202400019016";"12";"03";"2024";"04:15";"3";"33";"33080";"1";"1";"1";"6";"N/A";"44,73218000";" -0,53101000"
"202400019017";"13";"04";"2024";"18:00";"1";"74";"74288";"2";"3";"1";"3";"Route de bloux";"46,10348600";"5,96897700"
"202400019018";"12";"03";"2024";"08:50";"1";"91";"91432";"1";"1";"1";"3";"AUTOROUTE A6";"48,69250000";"2,32135000"
"202400019019";"6";"04";"2024";"17:30";"1";"74";"74020";"1";"1";"1";"6";"Route d'armoy";"46,35059300";"6,51886800"
"202400019020";"11";"03";"2024";"08:45";"1";"92";"92050";"1";"1";"1";"4";"A86";"48,91767811";"2,22233685"
"202400019021";"7";"04";"2024";"19:45";"1";"74";"74112";"1";"1";"1";"6";"A41";"45,94593200";"6,11169800"
"202400019022";"12";"03";"2024";"14:35";"1";"93";"93053";"1";"1";"2";"6";"A3";"48,89707199";"2,46965129"
"202400019023";"10";"03";"2024";"22:50";"3";"92";"92078";"1";"1";"9";"6";"AUTOROUTE A86";"48,92830843";"2,33162459"
"202400019024";"28";"03";"2024";"20:50";"4";"74";"74104";"1";"1";"1";"5";"3310 Route d'annecy";"45,80633000";"6,21152400"
"202400019025";"22";"03";"2024";"15:00";"1";"74";"74159";"1";"1";"1";"2";"route nationale";"46,00636773";"6,62884623"
"202400019026";"10";"03";"2024";"05:40";"3";"95";"95154";"1";"9";"3";"4";"A1";"49,04345435";"2,54437913"
"202400019027";"23";"02";"2024";"21:45";"3";"74";"74196";"1";"1";"4";"7";"D119";"46,04668600";"6,58082100"
"202400019028";"12";"03";"2024";"09:45";"1";"77";"77495";"1";"1";"8";"2";"A5B";"48,57960300";"2,63802500"
"202400019029";"29";"02";"2024";"08:55";"1";"44";"44109";"2";"6";"1";"7";"30 Boulevard Emile Gabory";"47,19380878";" -1,52894596"
"202400019030";"29";"06";"2024";"02:05";"3";"973";"97302";"2";"1";"1";"2";"CABASSOU (ROUTE DE)";"4,91986000";" -52,31946000"
"202400019031";"28";"02";"2024";"19:00";"2";"44";"44109";"2";"1";"8";"7";"45 Route de Vertou";"47,19010555";" -1,53300491"
"202400019032";"28";"06";"2024";"23:25";"3";"973";"97302";"2";"1";"1";"7";"REPUBLIQUE (BD DE LA)";"4,93916000";" -52,31872000"
"202400019033";"25";"02";"2024";"13:30";"1";"44";"44109";"2";"1";"8";"2";"41 Route de Vannes";"47,23422094";" -1,58073651"
"202400019034";"29";"06";"2024";"16:25";"1";"971";"97113";"1";"1";"1";"3";"SECTION BOIS DE ROSE";"16,24102000";" -61,44093000"
"202400019035";"23";"02";"2024";"15:45";"1";"44";"44109";"1";"1";"8";"2";"N/A";"47,19361124";" -1,61349004"
"202400019036";"23";"02";"2024";"05:00";"3";"44";"44190";"1";"1";"8";"3";"N/A";"47,21167952";" -1,48457518"