"Num_Acc";"jour";"mois";"an";"hrmn";"lum";"dep";"com";"agg";"int";"atm";"col";"adr";"lat";"long"
"202400019037";"28";"06";"2024";"13:51";"1";101;101004";"2";"3";"1";"3";"NAPOLEON COURS AVANT BEVERINI";"41,92583000";"8,73823000"
"202400019038";"18";"11";"2024";"18:03";"1";"49";"49267";"2";"1";"1";"3";"BOIS RINIER";"47,47483000";" -0,49551000"
"202400019039";"22";"02";"2024";"10:30";"1";"44";"44109";"2";"1";"8";"6";"6 Boulevard René Cassin";"47,26438106";" -1,57573847"
"202400019040";"18";"11";"2024";"18:45";"5";"48";"48095";"2";"9";"1";"6";"HENRI BOURILLON (BOULEVARD)";"44,51688942";"3,49733997"
"202400019041";"29";"06";"2024";"02:30";"3";"95";"95252";"2";"3";"1";"2";"D14";"48,98661265";"2,22019583"
"202400019042";"21";"02";"2024";"16:28";"1";"44";"44109";"2";"1";"8";"6";"15 Boulevard de Stalingrad";"47,21871000";" -1,53831435"
"202400019043";"19";"11";"2024";"18:15";"5";"44";"44109";"2";"6";"3";"6";"3 Route de Carquefou";"47,25884222";" -1,51949420"
"202400019044";"29";"06";"2024";"20:12";"1";"95";"95127";"2";"4";"1";"6";"HERONS (AVENUE DES)";"49,05004361";"2,01840252"
"202400019045";"11";"03";"2024";"07:40";"1";"987";"98735";"2";"1";"1";"3";"PRINCE HINOI (AVENUE)";" -17,53408000";" -149,56133000"
"202400019046";"19";"11";"2024";"18:40";"3";"43";"43078";"1";"1";"8";"7";"Chemin des Estelles";"45,01813000";"3,90986000"
"202400019047";"29";"06";"2024";"22:20";"5";"91";"91345";"2";"1";"2";"6";"RTE DE CORBEIL";"48,68170000";"2,31260000"
"202400019048";"11";"03";"2024";"10:30";"1";"974";"97416";"2";"9";"1";"3";"ROND POINT DES CASERNES";" -21,32563000";"55,48594000"
"202400019049";"19";"11";"2024";"09:24";"1";"37";"37261";"2";"1";"2";"1";"MARECHAL JUIN (BD)";"47,41234000";"0,70308000"
"202400019050";"29";"06";"2024";"09:40";"1";"91";"91687";"2";"1";"1";"6";"VICTOR SCHOELCHER (AVENUE)";"48,65200000";"2,37000000"
"202400019051";"19";"11";"2024";"07:15";"5";"37";"37261";"2";"1";"1";"3";"BERT (QUAI PAUL)";"47,40141000";"0,68644000"
"202400019052";"28";"06";"2024";"17:50";"1";"91";"91589";"2";"9";"1";"6";"RUE MARIE CHAUVET";"48,67978000";"2,34419000"
"202400019053";"11";"03";"2024";"13:35";"1";"974";"97411";"1";"3";"1";"3";"TOPAZES(ALLEE DES)";" -20,89820000";"55,44398000"
"202400019054";"19";"11";"2024";"06:05";"3";"37";"37122";"2";"1";"1";"6";"RD 37";"47,36062000";"0,64647000"
"202400019055";"11";"03";"2024";"06:20";"1";"974";"97411";"2";"1";"2";"1";"JAURES (BOULEVARD JEAN)";" -20,89967000";"55,48031000"
"202400019056";"29";"06";"2024";"19:46";"1";"91";"91228";"2";"2";"2";"3";"AV DE L ORME A MARTIN";"48,62774000";"2,40868000"
"202400019057";"19";"11";"2024";"18:00";"5";"35";"35281";"2";"1";"2";"6";"PILATE (RUE DE LA)";"48,09033258";" -1,69734612"
"202400019058";"11";"03";"2024";"17:25";"1";"974";"97409";"2";"1";"1";"7";"CHEMIN CENT GAULETTES";" -20,94840000";"55,65815000"
"202400019059";"29";"06";"2024";"01:30";"3";"91";"91469";"1";"1";"1";"7";"D721";"48,40767000";"2,17768000"
"202400019060";"10";"03";"2024";"21:45";"5";"973";"97302";"2";"1";"1";"3";"RABAN (ROUTE DE)";"4,93485605";" -52,31412917"
"202400019061";"18";"11";"2024";"18:30";"5";"34";"34108";"1";"3";"1";"3";"MONTPELLIER (ROUTE DE)";"43,47368000";"3,76991800"
"202400019062";"29";"06";"2024";"11:05";"1";"78";"78383";"2";"3";"1";"2";"GUY SCHULLER (BOULEVARD)";"48,75976000";"1,94659000"
"202400019063";"9";"03";"2024";"19:50";"5";"973";"97302";"2";"2";"1";"3";"VOLTAIRE(AVENUE)";"4,94235000";" -52,32241000"
"202400019064";"28";"06";"2024";"20:45";"1";"78";"78498";"2";"3";"1";"3";"CASTILLE AV BLANCHE DE";"48,92014000";"2,02676000"
"202400019065";"18";"11";"2024";"11:05";"1";"34";"34032";"2";"2";"1";"2";"LIBERTE (BD DE LA)";"43,34249000";"3,22139000"
"202400019066";"11";"03";"2024";"16:40";"1";"972";"97213";"1";"9";"1";"5";"ROUTE NATIONALE 1";"14,65377000";" -60,97281000"
"202400019067";"19";"11";"2024";"18:45";"5";"33";"33550";"2";"3";"2";"2";"N/A";"44,76388000";" -0,56051000"
"202400019068";"29";"06";"2024";"10:55";"1";"77";"77438";"2";"1";"1";"6";"CLAUDE MONET (PLACE)";"48,85409000";"2,66686000"
"202400019069";"10";"03";"2024";"09:00";"1";"971";"97113";"1";"1";"1";"4";"RN4 - SECTION RIVIERA";"16,20863000";" -61,46992000"
"202400019070";"19";"11";"2024";"07:31";"2";"33";"33063";"2";"2";"8";"6";"N/A";"44,82359400";" -0,56582290"
"202400019071";"29";"06";"2024";"10:45";"1";"76";"76540";"2";"2";"1";"6";"Rue Jeanne d'Arc";"49,44006000";"1,08933000"
"202400019072";"10";"03";"2024";"06:30";"1";"971";"97101";"1";"1";"1";"2";"PERRIN (SECTEUR)";"16,28537000";" -61,50555000"
"202400019073";"18";"11";"2024";"14:45";"1";"33";"33065";"1";"1";"1";"1";"N/A";"44,80501000";" -0,51675000"
"202400019074";"10";"03";"2024";"19:50";"5";"971";"97105";"2";"1";"2";"6";"BD GERTY ARCHIMEDE";"15,99105000";" -61,72847000"
"202400019075";"29";"06";"2024";"07:05";"1";"72";"72181";"2";"6";"1";"6";"MAILLETS (RUE DES) N° PAIRS DE 2 A 12";"48,01758000";"0,21885000"
"202400019076";"11";"03";"2024";"09:00";"1";"95";"95582";"2";"1";"1";"6";"GUYNEMER (RUE)";"48,96884000";"2,26678000"
"202400019077";"19";"11";"2024";"20:15";"5";"31";"31555";"2";"2";"1";"3";"BD DE MARENGO";"43,60947721";"1,45437688"
"202400019078";"28";"06";"2024";"13:45";"1";"71";"71270";"1";"3";"7";"2";"JULIENAS (ROUTE DE)";"46,27563000";"4,78613000"
"202400019079";"19";"11";"2024";"09:45";"1";"31";"31555";"2";"1";"1";"3";"AV MARCEL DASSAULT";"43,57403000";"1,49458000"
"202400019080";"11";"03";"2024";"03:40";"3";"91";"91161";"2";"1";"1";"1";"RTE DE MASSY";"48,71206000";"2,30837000"
"202400019081";"12";"11";"2024";"18:45";"5";"30";"30189";"2";"1";"2";"5";"AVIGNON (ROUTE)";"43,85603000";"4,40194000"
"202400019082";"11";"03";"2024";"18:50";"5";"91";"91027";"2";"2";"2";"3";"AV FRANCOIS MITTERRAND";"48,71619000";"2,37105000"
"202400019083";"28";"06";"2024";"14:27";"1";"69";"69264";"2";"2";"1";"3";"Rue de la Quarantaine";"45,98930000";"4,72274000"
"202400019084";"18";"11";"2024";"07:50";"5";"29";"29019";"2";"1";"2";"6";"rue de Portzmoguer";"48,39530000";" -4,49402000"
"202400019085";"28";"06";"2024";"23:50";"5";"69";"69029";"2";"1";"1";"6";"Avenue Général de Gaulle";"45,72984000";"4,92005000"
"202400019086";"11";"03";"2024";"05:20";"5";"91";"91223";"2";"6";"1";"3";"VICTOIRE (ROND-POINT DE LA)";"48,43717000";"2,16317000"
"202400019087";"29";"06";"2024";"10:09";"1";"63";"63300";"1";"1";"1";"6";"RD227-Route de Chatel-Guyon";"45,90766986";"3,08670125"
"202400019088";"19";"11";"2024";"21:20";"5";"27";"27229";"2";"2";"2";"3";"BUZOT (RUE)";"49,02731000";"1,15549000"
"202400019089";"10";"03";"2024";"12:05";"1";"91";"91469";"1";"3";"1";"1";"ARTONDU (ROUTE D')";"48,39824000";"2,14348000"
"202400019090";"28";"06";"2024";"07:30";"1";"62";"62427";"2";"1";"1";"3";"D161E4";"50,44588000";"2,96502000"
"202400019091";"18";"11";"2024";"13:45";"1";"25";"25031";"2";"1";"1";"6";"JALESIE (RUE DE LA)";"47,48739000";"6,84357000"
"202400019092";"10";"03";"2024";"10:10";"1";"91";"91223";"2";"9";"1";"4";"BONNEVAUX (AVENUE DE)";"48,43020000";"2,15797000"
"202400019093";"19";"11";"2024";"18:30";"5";"15";"15014";"2";"6";"2";"3";"Giratoite Pierre Sémard";"44,92169300";"2,43583400"
"202400019094";"29";"06";"2024";"02:10";"4";"62";"62051";"1";"3";"1";"2";"D941";"50,51681511";"2,77406645"
"202400019095";"11";"03";"2024";"07:36";"1";"87";"87085";"2";"1";"3";"6";"JOURDAN (PLACE)";"45,83217701";"1,26470089"
"202400019096";"19";"11";"2024";"07:30";"2";"15";"15014";"2";"1";"2";"7";"Rue Laparra de Fieux";"44,92054700";"2,43118700"
"202400019097";"30";"06";"2024";"00:08";"3";"61";"61006";"1";"1";"1";"6";"D958";"48,74686000";" -0,03201000"
"202400019098";"9";"03";"2024";"15:49";"1";"87";"87085";"2";"1";"1";"2";"BAC (RUE THEODORE)";"45,83974000";"1,26074000"
"202400019099";"14";"11";"2024";"07:30";"2";"14";"14338";"2";"3";"1";"6";"24 Route de la Vallée";"49,29675900";" -0,07818000"
"202400019100";"28";"06";"2024";"13:40";"1";"61";"61001";"2";"1";"1";"6";"Voie Communale";"48,43687300";"0,10707500"
"202400019101";"11";"03";"2024";"20:50";"5";"83";"83137";"2";"3";"1";"3";"PICOT (AVE DU COLONEL)";"43,12872095";"5,96649778"
"202400019102";"19";"11";"2024";"17:20";"5";"13";"13106";"2";"1";"1";"1";"8 MAI 1945 (AVENUE DU)";"43,39000000";"5,36000000"
"202400019103";"29";"06";"2024";"23:05";"3";"60";"60175";"1";"1";"1";"6";"RN 330_BRETELLE RN330_ACCES RN16";"49,25331000";"2,49051000"
"202400019104";"10";"03";"2024";"12:55";"1";"77";"77487";"2";"1";"1";"2";"SAINT JUST (AVENUE)";"48,53436000";"2,67872000"
"202400019105";"19";"11";"2024";"12:20";"1";"13";"13103";"2";"1";"1";"3";"BOULEVARD JOLY - VICTOR";"43,63806000";"5,09525000"
"202400019106";"29";"06";"2024";"19:45";"1";"59";"59153";"1";"6";"1";"1";"CHE DU HALAGE";"50,44700000";"3,58500000"
"202400019107";"19";"11";"2024";"19:15";"5";"13";"13212";"2";"1";"1";"6";"ALPES (BOULEVARD DES)";"43,30144839";"5,41507943"
"202400019108";"11";"03";"2024";"22:15";"5";"77";"77438";"2";"3";"1";"6";"CLOS SAINT PAIRES (CHEMIN DU )";"48,86532200";"2,69099400"
"202400019109";"19";"11";"2024";"10:20";"1";"13";"13203";"2";"1";"1";"1";"FÉLIX PYAT (RUE)";"43,31440000";"5,37560000"
"202400019110";"28";"06";"2024";"16:50";"1";"59";"59599";"2";"2";"1";"3";"GRAMME (CHAUSSEE)";"50,73562000";"3,17537000"
"202400019111";"11";"03";"2024";"06:35";"5";"72";"72003";"2";"1";"1";"3";"SABLE (RTE DE)";"47,98337037";"0,14780102"
"202400019112";"19";"11";"2024";"18:50";"3";"13";"13047";"1";"1";"1";"6";"RN 569";"43,56901000";"4,97957000"
"202400019113";"29";"06";"2024";"06:45";"1";"59";"59350";"2";"1";"1";"6";"Façade de l'Esplanade";"50,64299000";"3,05347000"
"202400019114";"11";"03";"2024";"08:20";"1";"69";"69275";"2";"1";"1";"3";"Avenue Jean Jaurès";"45,77103413";"4,96139914"
"202400019115";"19";"11";"2024";"01:15";"3";"06";"06088";"2";"1";"1";"3";"Promenade des Anglais";"43,68848100";"7,24064100"
"202400019116";"28";"06";"2024";"23:20";"5";"59";"59507";"2";"9";"1";"3";"Place du Commandant Alloy";"50,60737700";"3,07658100"
"202400019117";"18";"02";"2024";"12:53";"1";"68";"68224";"2";"3";"1";"3";"Avenue de Colmar";"47,76456800";"7,32400300"
"202400019118";"19";"11";"2024";"14:35";"1";"03";"03190";"2";"6";"8";"3";"rond point Georges Pompidou";"46,56925000";"3,32560000"
"202400019119";"29";"06";"2024";"18:30";"1";"56";"56260";"2";"1";"1";"7";"Boulevard de la Résistance";"47,64845000";" -2,78196000"
"202400019120";"19";"11";"2024";"16:45";"2";"01";"01283";"2";"1";"2";"6";"EGLISETTE (RUE DE L')";"46,26171000";"5,63873000"
"202400019121";"11";"03";"2024";"11:10";"1";"66";"66136";"2";"1";"1";"3";"Talbot-Lago (Rue)";"42,73248000";"2,89034000"
"202400019122";"19";"11";"2024";"15:43";"1";"01";"01451";"1";"1";"8";"6";"GOUVERNEUR LOUIS VABRE ( ALLEE DU)";"46,22701000";"5,20770300"
"202400019123";"29";"06";"2024";"16:10";"1";"56";"56098";"2";"1";"1";"2";"Rue Daniel-Charles Trudaine";"47,77661000";" -3,33876000"
"202400019124";"11";"03";"2024";"14:50";"1";"64";"64483";"2";"1";"2";"6";"LABROUCHE JOSEPH JOACHIM (AVENUE)";"43,38738000";" -1,66127000"
"202400019125";"11";"03";"2024";"08:30";"1";"64";"64445";"2";"1";"3";"7";"rue Marca";"43,29436000";" -0,37736000"
"202400019126";"18";"11";"2024";"11:22";"1";"94";"94068";"2";"2";"2";"6";"Rue Bourdignon";"48,80374400";"2,47704800"
"202400019127";"29";"06";"2024";"04:30";"5";"34";"34172";"2";"2";"1";"3";"PUECH VILLA (RUE DE)";"43,63945000";"3,82847000"
"202400019128";"29";"06";"2024";"03:27";"5";"33";"33063";"2";"9";"8";"7";"N/A";"44,82117000";" -0,58266000"
"202400019129";"19";"11";"2024";"18:40";"5";"94";"94058";"2";"3";"3";"6";"Avenue du 11 Novembre";"48,84216185";"2,49872768"
"202400019130";"22";"02";"2024";"16:45";"1";"62";"62498";"2";"1";"1";"4";"D58E1";"50,42693000";"2,80612000"
"202400019131";"29";"06";"2024";"20:10";"1";"33";"33009";"2";"1";"2";"2";"N/A";"44,66010000";" -1,16780000"
"202400019132";"18";"11";"2024";"18:19";"5";"94";"94046";"2";"1";"2";"4";"Rue Jean Jaurès";"48,79197735";"2,43471770"
"202400019133";"11";"03";"2024";"21:15";"5";"59";"59650";"2";"3";"2";"3";"MARAIS (RUE JEAN)";"50,69910000";"3,22481000"
"202400019134";"30";"06";"2024";"00:25";"3";"32";"32013";"1";"1";"8";"6";"BARRAN (CHEMIN DE)";"43,62950000";"0,53867000"
"202400019135";"11";"03";"2024";"04:10";"4";"59";"59225";"1";"1";"2";"6";"R.N. 49 VALENCIENNES";"50,28032000";"3,90714300"
"202400019136";"19";"11";"2024";"18:15";"5";"94";"94021";"2";"2";"3";"6";"Av du Pdt Franklin Roosevelt";"48,77181800";"2,35697000"
"202400019137";"28";"06";"2024";"18:00";"1";"29";"29232";"2";"1";"1";"2";"Route de Brest";"48,01388000";" -4,07987000"
"202400019138";"8";"03";"2024";"15:00";"1";"57";"57672";"2";"2";"1";"3";"GUENTRANGE (ROUTE DE) 1 A 93";"49,36016800";"6,15729100"
"202400019139";"28";"06";"2024";"07:45";"2";"29";"29232";"2";"6";"1";"3";"Rond-Point de Ludugris";"47,97952351";" -4,12191647"
"202400019140";"18";"11";"2024";"22:06";"5";"92";"92073";"2";"1";"2";"3";"ROOSVELT (AVENUE FRANKLIN)";"48,87343014";"2,22155317"
"202400019141";"10";"03";"2024";"09:50";"1";"56";"56121";"2";"1";"8";"7";"GAILLEC (RUE  DU )";"47,76153000";" -3,40460000"
"202400019142";"19";"11";"2024";"09:55";"1";"92";"92022";"2";"1";"8";"3";"SALENGRO (AVENUE ROGER)";"48,81845272";"2,19767153"
"202400019143";"28";"06";"2024";"13:24";"1";"28";"28220";"2";"1";"1";"5";"AVENUE DE LA REPUBLIQUE";"48,42644000";"1,47203000"
"202400019144";"19";"11";"2024";"11:40";"1";"92";"92064";"2";"1";"3";"6";"SURESNES";"48,85735700";"2,22031161"
"202400019145";"10";"03";"2024";"08:52";"1";"54";"54526";"2";"3";"1";"3";"Rue Camélinat";"48,68799000";"6,20737000"
"202400019146";"29";"06";"2024";"04:10";"3";"26";"26057";"2";"1";"1";"7";"D2532N";"45,02991275";"5,04742384"
"202400019147";"19";"11";"2024";"18:20";"5";"92";"92063";"2";"9";"2";"6";"DOUMER (AVENUE PAUL) NORD";"48,88051185";"2,18219563"
"202400019148";"10";"03";"2024";"05:05";"5";"54";"54395";"2";"3";"1";"6";"Rue de l'Armée Patton";"48,69104062";"6,17090732"
"202400019149";"29";"06";"2024";"04:28";"5";"17";"17274";"2";"1";"1";"2";"POMMERAIE   PLACE DE LA";"46,15503800";" -1,09632500"
"202400019150";"19";"11";"2024";"21:20";"5";"92";"92050";"2";"3";"1";"1";"REPUBLIQUE AVENUE DE LA";"48,91260492";"2,22466215"
"202400019151";"9";"03";"2024";"18:30";"1";"50";"50129";"2";"2";"1";"3";"TANNERIES (RUE DES)";"49,63376000";" -1,62238000"
"202400019152";"29";"06";"2024";"19:35";"1";"14";"14557";"1";"1";"1";"6";"551 Route de Beaumont-en-Auge";"49,32229400";"0,08765600"
"202400019153";"19";"11";"2024";"08:44";"1";"92";"92050";"2";"3";"2";"3";"CLEMENCEAU GEORGES AVENUE N° PAIR";"48,88569923";"2,21973203"
"202400019154";"9";"03";"2024";"14:05";"1";"49";"49328";"1";"1";"1";"2";"ROCADE N 347";"47,24698000";" -0,10546000"
"202400019155";"29";"06";"2024";"20:10";"1";"14";"14366";"1";"1";"1";"3";"Chemin de la Galoterie";"49,14405800";"0,26454300"
"202400019156";"19";"11";"2024";"16:25";"2";"92";"92026";"2";"2";"2";"6";"VERDUN (DE 62 A FIN)";"48,90042847";"2,26081096"
"202400019157";"11";"03";"2024";"12:30";"1";"45";"45234";"2";"1";"1";"6";"95 bis Rue de Coulmiers";"47,91209000";"1,89768000"
"202400019158";"28";"06";"2024";"17:10";"1";"13";"13001";"1";"1";"1";"6";"LOQUI (ROUTE DE)";"43,53509000";"5,37031000"
"202400019159";"24";"02";"2024";"09:45";"1";"40";"40279";"1";"1";"4";"6";"RN 124";"43,73720000";" -1,02416500"
"202400019160";"18";"11";"2024";"17:40";"5";"92";"92025";"2";"8";"2";"3";"CHARLES DE GAULLE (BD)";"48,91463445";"2,22905325"
"202400019161";"29";"06";"2024";"12:45";"1";"08";"08105";"2";"1";"1";"3";"39 Rue Jean-jacques Rousseau";"49,77397000";"4,71147000"
"202400019162";"19";"11";"2024";"18:20";"5";"92";"92024";"2";"9";"1";"3";"CLICHY (QUAI DE) DE (8 A 60)";"48,90598174";"2,29495302"
"202400019163";"11";"03";"2024";"12:05";"1";"38";"38151";"2";"8";"1";"3";"ETATS GENERAUX (AVENUE DES)";"45,15534042";"5,71872711"
"202400019164";"30";"06";"2024";"01:00";"3";"06";"06069";"1";"1";"1";"6";"Route de Pégomas";"43,62350400";"6,92744700"
"202400019165";"19";"11";"2024";"13:30";"1";"92";"92019";"2";"1";"2";"6";"LOUP PENDU CHEMIN)";"48,77010796";"2,25056380"
"202400019166";"29";"06";"2024";"11:30";"1";"01";"01053";"2";"9";"1";"6";"CHAMP DE FOIRE ( AVENUE DU)";"46,20802000";"5,22980000"
"202400019167";"10";"11";"2024";"23:40";"3";"34";"34179";"1";"1";"1";"6";"M27";"43,60766500";"3,72714400"
"202400019168";"11";"03";"2024";"08:50";"1";"36";"36159";"1";"9";"1";"4";"N/A";"46,75860157";"1,72115207"
"202400019169";"19";"11";"2024";"17:50";"1";"974";"97415";"1";"1";"1";"4";"Route de Savannah";" -20,98239800";"55,30639900"
"202400019170";"29";"06";"2024";"04:21";"5";"75";"75120";"2";"1";"1";"5";"BD PERIPHERIQUE EXTERIEUR";"48,85437700";"2,41407900"
"202400019171";"8";"11";"2024";"18:30";"3";"86";"86272";"1";"1";"5";"6";"Route de la Plante";"46,84149300";"0,47759400"
"202400019172";"29";"06";"2024";"01:20";"5";"75";"75119";"2";"1";"1";"2";"BD PERIPHERIQUE INTERIEUR";"48,90063800";"2,37116900"
"202400019173";"18";"11";"2024";"18:15";"5";"06";"06149";"2";"1";"1";"3";"21 Boulevard Francois Suarez";"43,74306000";"7,31597600"
"202400019174";"28";"06";"2024";"16:40";"1";"75";"75119";"2";"1";"1";"3";"PORTE DE PANTIN";"48,89448800";"2,39504000"
"202400019175";"18";"02";"2024";"13:15";"1";"35";"35238";"2";"2";"1";"2";"BERNARD (CLAUDE)";"48,10361000";" -1,69400000"
"202400019176";"30";"10";"2024";"12:20";"1";"23";"23107";"1";"1";"7";"1";"D3";"46,04666000";"1,93840000"
"202400019177";"28";"06";"2024";"05:00";"2";"75";"75117";"2";"7";"1";"6";"PLACE DES TERNES";"48,87829400";"2,29857700"
"202400019178";"20";"11";"2024";"09:40";"1";"67";"67302";"2";"6";"7";"6";"Rue du Général Leclerc";"48,75611100";"7,37682600"
"202400019179";"28";"06";"2024";"18:15";"1";"75";"75119";"2";"1";"1";"2";"BOULEVARD MACDONALD";"48,89867400";"2,38419800"
"202400019180";"29";"06";"2024";"10:45";"1";"75";"75118";"2";"1";"1";"2";"RUE FOREST";"48,88525100";"2,32933100"
"202400019181";"18";"11";"2024";"17:36";"5";"72";"72260";"2";"1";"8";"5";"Route de Changé";"47,95050900";"0,26376100"
"202400019182";"11";"03";"2024";"14:00";"1";"34";"34198";"2";"1";"1";"6";"PAGNOL (AVENUE MARCEL)";"43,56107000";"3,95298000"
"202400019183";"19";"11";"2024";"18:35";"5";"77";"77385";"2";"1";"3";"6";"04 Rue Jean Moulin";"48,84519600";"3,23503400"
"202400019184";"29";"06";"2024";"20:00";"1";"75";"75116";"2";"7";"1";"6";"PLACE DU DOCTEUR HAYEM";"48,85275800";"2,27594800"
"202400019185";"17";"11";"2024";"23:30";"3";"56";"56140";"1";"1";"1";"6";"Bonehan";"47,92861800";" -2,80459900"
"202400019186";"19";"11";"2024";"05:50";"3";"59";"59497";"1";"1";"6";"7";"D642";"50,73279500";"2,34947600"
"202400019187";"28";"06";"2024";"16:40";"1";"75";"75112";"2";"2";"1";"2";"ROUTE DE LA FALUERE";"48,83379600";"2,44486100"
"202400019188";"19";"11";"2024";"19:15";"3";"76";"76377";"1";"1";"2";"6";"1156 Route de Dieppe";"49,50908700";"1,14742200"
"202400019189";"11";"03";"2024";"19:15";"3";"31";"31555";"1";"1";"2";"2";"VA008432 LANGLADE A620 Sortie 25";"43,57042200";"1,42872000"
"202400019190";"20";"11";"2024";"09:50";"1";"79";"79271";"1";"4";"1";"3";"N/A";"46,51669800";" -0,36310100"
"202400019191";"29";"06";"2024";"13:30";"1";"75";"75110";"2";"4";"1";"6";"RUE DU HUIT MAI 1945";"48,87585700";"2,35941000"
"202400019192";"10";"03";"2024";"05:50";"5";"30";"30189";"2";"1";"1";"3";"PASTEUR PAUL BRUNEL";"43,83858000";"4,34343000"
"202400019193";"31";"10";"2024";"18:00";"2";"33";"33011";"2";"6";"8";"3";"N/A";"44,76929900";" -1,13337300"
"202400019194";"29";"06";"2024";"12:25";"1";"75";"75110";"2";"4";"1";"6";"QUAI DE JEMMAPES";"48,87950300";"2,36800300"
"202400019195";"19";"11";"2024";"21:35";"5";"63";"63016";"2";"1";"2";"6";"Grand Rue";"45,72185900";"3,61491500"
"202400019196";"11";"03";"2024";"12:20";"1";"30";"30007";"2";"1";"2";"7";"32bis Chemin des Potences";"44,14829000";"4,09031000"
"202400019197";"29";"06";"2024";"18:25";"1";"75";"75109";"2";"1";"1";"6";"RUE D AMSTERDAM";"48,87617700";"2,32689800"
"202400019198";"20";"11";"2024";"14:02";"1";"63";"63430";"2";"1";"2";"1";"D2089";"45,86432100";"3,57508400"
"202400019199";"29";"06";"2024";"19:07";"1";"75";"75108";"2";"3";"1";"7";"AVENUE DE WAGRAM";"48,87671700";"2,29723500"
"202400019200";"19";"11";"2024";"18:40";"4";"63";"63338";"1";"1";"2";"6";"lieu dit le sucharet";"46,14370100";"2,82327700"
"202400019201";"13";"01";"2024";"11:43";"1";"17";"17299";"2";"1";"1";"2";"DENFERT ROCHEREAU RUE";"45,93918700";" -0,96604000"
"202400019202";"14";"11";"2024";"06:30";"3";"42";"42224";"1";"1";"5";"1";"Route du Col de la Republique";"45,34489200";"4,48317300"
"202400019203";"29";"06";"2024";"13:38";"1";"75";"75108";"2";"2";"1";"6";"AVENUE DES CHAMPS ELYSEES";"48,87188800";"2,30089000"
"202400019204";"11";"03";"2024";"09:10";"1";"15";"15014";"2";"1";"2";"4";"RN 122";"44,91639000";"2,46141000"
"202400019205";"28";"06";"2024";"16:53";"1";"75";"75103";"2";"3";"1";"6";"RUE DU TEMPLE";"48,86606900";"2,36110900"
"202400019206";"19";"11";"2024";"12:26";"1";"44";"44015";"2";"9";"2";"6";"N/A";"47,47497300";" -1,75643400"
"202400019207";"10";"03";"2024";"10:30";"1";"15";"15012";"2";"3";"1";"3";"RD 617";"44,89294000";"2,41585000"
"202400019208";"29";"06";"2024";"14:31";"1";"94";"94078";"2";"3";"1";"3";"Rue Francis Martin / Rue Camille Flammarion";"48,73588000";"2,45189000"
"202400019209";"20";"11";"2024";"07:45";"2";"45";"45203";"2";"3";"1";"3";"D2152 PR 76 + 600";"47,83448400";"1,70640000"
"202400019210";"11";"03";"2024";"14:00";"1";"13";"13047";"2";"1";"1";"2";"JEAN JACQUES PRAT BOULEVARD";"43,50643000";"4,98535000"
"202400019211";"29";"06";"2024";"10:56";"1";"94";"94044";"2";"1";"1";"6";"27ter Avenue de la Sablière";"48,75365000";"2,49364000"
"202400019212";"16";"11";"2024";"12:20";"1";"07";"07078";"2";"1";"1";"2";"Route de Lyon";"45,26077400";"4,70302300"
"202400019213";"11";"03";"2024";"08:30";"1";"13";"13005";"2";"1";"2";"3";"FENESTRELLES (CHEMIN DE)";"43,28350000";"5,56600000"
"202400019214";"19";"11";"2024";"17:40";"5";"21";"21603";"2";"1";"3";"6";"Route de Massène";"47,49250300";"4,34744800"
"202400019215";"29";"06";"2024";"19:00";"1";"94";"94052";"2";"1";"2";"3";"Boulevard de Strasbourg";"48,84288931";"2,48523483"
"202400019216";"10";"03";"2024";"14:20";"1";"11";"11069";"2";"1";"1";"6";"118 Rue de Verdun";"43,21269000";"2,34683000"
"202400019217";"20";"11";"2024";"14:02";"1";"37";"37109";"2";"1";"1";"3";"6 Avenue du Général de Gaulle";"47,40494900";"0,60347800"
"202400019218";"28";"06";"2024";"17:30";"1";"94";"94011";"2";"1";"1";"6";"Avenue de Paris";"48,78070380";"2,47521262"
"202400019219";"9";"03";"2024";"17:30";"1";"11";"11069";"1";"1";"1";"7";"N/A";"43,21357000";"2,27600000"
"202400019220";"28";"06";"2024";"16:10";"1";"94";"94022";"2";"1";"1";"3";"16 Avenue Louis Luc";"48,76182700";"2,41373200"
"202400019221";"10";"03";"2024";"17:25";"1";"10";"10362";"2";"1";"1";"7";"Rue Louis Blanc";"48,29641000";"4,05146000"
"202400019222";"17";"11";"2024";"10:05";"1";"30";"30006";"1";"3";"1";"1";"Route de Lunel";"43,68714200";"4,19913200"
"202400019223";"28";"06";"2024";"23:45";"5";"94";"94022";"2";"1";"1";"7";"16 Avenue Louis Luc";"48,76182500";"2,41379800"
"202400019224";"19";"11";"2024";"19:05";"3";"77";"77305";"1";"1";"3";"6";"Autoroute A5 PK 35+200";"48,39413400";"2,98253100"
"202400019225";"29";"06";"2024";"13:30";"1";"93";"93073";"2";"3";"1";"3";"Avenue Gilbert Berger";"48,95023000";"2,57842000"
"202400019226";"11";"03";"2024";"08:30";"1";"06";"06088";"2";"1";"8";"2";"Boulevard Carnot";"43,69739800";"7,28890880"
"202400019227";"19";"11";"2024";"16:45";"1";"13";"13037";"2";"1";"1";"2";"Rn 113";"43,54444000";"5,18520600"
"202400019228";"19";"11";"2024";"17:10";"2";"06";"06152";"1";"1";"1";"7";"2260 Route des Cretes";"43,62578600";"7,04656000"
"202400019229";"10";"03";"2024";"07:45";"5";"06";"06088";"2";"1";"2";"6";"Avenue Raymond Comboul";"43,70869000";"7,26673000"
"202400019230";"28";"06";"2024";"20:15";"1";"93";"93078";"2";"2";"1";"6";"Avenue de la Republique / Avenue Emile Dambel";"48,95103000";"2,55286000"
"202400019231";"11";"03";"2024";"18:30";"2";"06";"06069";"2";"1";"1";"6";"Traverse des Roses de Mai";"43,63828560";"6,97906040"
"202400019232";"29";"06";"2024";"17:15";"1";"93";"93066";"2";"1";"1";"6";"Avenue Jules Rimet";"48,92361500";"2,36256900"
"202400019233";"20";"11";"2024";"06:00";"1";"973";"97305";"1";"1";"1";"5";"Macouria";"4,94234200";" -52,41457000"
"202400019234";"10";"03";"2024";"20:45";"5";"06";"06027";"2";"1";"1";"6";"48 Boulevard du Maréchal Juin";"43,65788700";"7,15085600"
"202400019235";"29";"06";"2024";"11:15";"1";"93";"93051";"2";"2";"1";"3";"Rue du Marechal Juin / Rue de Malnoue";"48,84197000";"2,56886000"
"202400019236";"16";"11";"2024";"02:50";"5";"971";"97121";"2";"1";"1";"1";"RN 2, guyonneau";"16,22588000";" -61,78540300"
"202400019237";"10";"03";"2024";"11:25";"1";"02";"02738";"2";"2";"1";"3";"1 Rue de Verdun";"49,66301000";"3,28902000"
"202400019238";"29";"06";"2024";"20:06";"1";"92";"92073";"2";"1";"1";"2";"JAURES (AVENUE JEAN)";"48,86402250";"2,20851392"
"202400019239";"20";"11";"2024";"16:50";"2";"30";"30307";"1";"1";"1";"3";"N106";"44,19455700";"4,04365500"
"202400019240";"9";"03";"2024";"06:00";"5";"75";"75117";"2";"1";"1";"6";"BD PERIPHERIQUE EXTERIEUR";"48,88834833";"2,29213804"
"202400019241";"29";"06";"2024";"08:00";"1";"92";"92072";"2";"3";"1";"3";"GRANDE RUE";"48,82639000";"2,21928000"
"202400019242";"14";"11";"2024";"13:51";"1";"11";"11410";"2";"1";"1";"7";"D610";"43,25392400";"2,40857000"
"202400019243";"11";"03";"2024";"10:30";"1";"75";"75106";"2";"7";"1";"3";"PLACE SAINT MICHEL";"48,85377619";"2,34426588"
"202400019244";"19";"11";"2024";"13:26";"1";"13";"13086";"2";"9";"1";"1";"Avenue des Allies";"43,34805700";"5,60359300"
"202400019245";"29";"06";"2024";"16:50";"1";"92";"92063";"2";"1";"1";"7";"CRAMAIL (RUE ADRIEN)";"48,88165379";"2,17144883"
"202400019246";"11";"03";"2024";"15:30";"1";"75";"75120";"2";"2";"2";"6";"RUE DE BELLEVILLE";"48,87544700";"2,39793100"
"202400019247";"29";"06";"2024";"12:11";"1";"92";"92040";"2";"3";"1";"6";"JEAN-PIERRE TIMBAUD";"48,82023915";"2,24982727"
"202400019248";"28";"10";"2024";"18:00";"3";"26";"26165";"1";"1";"1";"4";"A7 - PK 090.700 SENS SUD/NORD";"44,77134293";"4,80249595"
"202400019249";"11";"03";"2024";"11:10";"1";"75";"75120";"2";"2";"1";"6";"BOULEVARD DAVOUT";"48,85348700";"2,41052600"
"202400019250";"29";"06";"2024";"18:38";"1";"92";"92026";"2";"2";"1";"3";"MISSION MARCHAND (COTE IMPAIR)";"48,90222132";"2,23947510"
"202400019251";"18";"11";"2024";"18:45";"3";"67";"67078";"1";"1";"2";"1";"RD 1004";"48,65876800";"7,41006400"
"202400019252";"11";"03";"2024";"06:30";"1";"75";"75119";"2";"7";"1";"6";"RUE COMPANS";"48,87751500";"2,39380200"
"202400019253";"19";"11";"2024";"11:38";"1";"42";"42285";"2";"2";"1";"6";"Rue du 8 mai";"45,55372000";"4,12089200"
"202400019254";"29";"06";"2024";"20:20";"1";"92";"92032";"2";"1";"1";"3";"LANGEVIN PAUL (AVENUE)";"48,78337000";"2,28436000"
"202400019255";"11";"03";"2024";"22:00";"5";"75";"75108";"2";"2";"1";"3";"RUE LA BOETIE";"48,87396100";"2,31587900"
"202400019256";"19";"11";"2024";"09:15";"1";"42";"42147";"2";"6";"1";"6";"1 Rue de Feurs";"45,61131300";"4,06545100"
"202400019257";"11";"03";"2024";"15:33";"1";"75";"75117";"2";"1";"2";"7";"BOULEVARD GOUVION SAINT CYR";"48,88265400";"2,28688300"
"202400019258";"29";"06";"2024";"07:45";"1";"92";"92012";"2";"6";"1";"3";"PONT DE BILLANCOURT (PLACE DU)";"48,82507031";"2,24838120"
"202400019259";"11";"03";"2024";"13:10";"1";"75";"75107";"2";"2";"1";"6";"AVENUE DE BRETEUIL";"48,85068800";"2,31161900"
"202400019260";"15";"11";"2024";"05:40";"5";"38";"38449";"2";"1";"5";"2";"Rue des Garinnes";"45,65411300";"5,12461800"
"202400019261";"29";"06";"2024";"20:15";"1";"92";"92036";"2";"1";"1";"1";"FRERES LUMIERES  ( AVE DES )";"48,93371313";"2,27908552"
"202400019262";"11";"03";"2024";"10:45";"1";"75";"75113";"2";"3";"1";"3";"RUE DE TOLBIAC";"48,82681800";"2,36504900"
"202400019263";"30";"06";"2024";"12:55";"1";"24";"24019";"1";"1";"1";"1";"Avenue de la Liberté";"45,15047821";"1,11702204"
"202400019264";"20";"11";"2024";"13:45";"1";"50";"50594";"1";"2";"2";"2";"D22";"49,58631300";" -1,72197800"
"202400019265";"11";"03";"2024";"18:01";"1";"75";"75112";"2";"2";"2";"3";"QUAI DE LA RAPEE";"48,84587600";"2,36766400"
"202400019266";"18";"11";"2024";"12:15";"1";"29";"29055";"2";"1";"2";"6";"Route de Brest";"48,55561000";" -4,34195400"
"202400019267";"30";"06";"2024";"09:15";"1";"35";"35145";"2";"3";"1";"1";"21 Grande Rue";"47,72031900";" -1,84889000"
"202400019268";"11";"03";"2024";"09:15";"1";"75";"75111";"2";"7";"1";"6";"BOULEVARD VOLTAIRE";"48,85763700";"2,38045000"
"202400019269";"19";"11";"2024";"12:20";"1";"29";"29103";"2";"6";"2";"6";"quai de Léon";"48,44822467";" -4,26073602"
"202400019270";"30";"06";"2024";"12:15";"1";"85";"85148";"1";"1";"1";"3";"RD68";"46,40029100";" -0,84862240"
"202400019271";"11";"03";"2024";"18:40";"5";"75";"75109";"2";"3";"2";"6";"RUE LA FAYETTE";"48,87513100";"2,34096500"
"202400019272";"18";"06";"2024";"12:05";"1";"35";"35166";"2";"1";"1";"6";"11 rue de l'école";"48,14182800";" -1,33778400"