"Num_Acc";"jour";"mois";"an";"hrmn";"lum";"dep";"com";"agg";"int";"atm";"col";"adr";"lat";"long"
"202400019273";"30";"06";"2024";"15:45";"1";101;101362";"1";"1";"1";"6";"D368";"41,74306868";"9,19922006"
"202400019274";"11";"03";"2024";"10:50";"1";"75";"75109";"2";"4";"1";"6";"RUE BLANCHE";"48,87789300";"2,33195600"
"202400019275";"20";"11";"2024";"14:15";"1";"60";"60079";"1";"3";"1";"3";"D922";"49,14767100";"2,87183000"
"202400019276";"29";"06";"2024";"19:00";"2";"972";"97232";"1";"1";"1";"1";"N6";"14,51454500";" -60,84040800"
"202400019277";"20";"11";"2024";"12:00";"1";"60";"60439";"2";"6";"7";"6";"Avenue du 8 Mai 1945";"49,31709700";"2,32380700"
"202400019278";"11";"03";"2024";"18:20";"4";"94";"94081";"2";"3";"2";"4";"Avenue du Moulin de Saquet / Rue Carpeaux";"48,78997000";"2,37978000"
"202400019279";"30";"06";"2024";"14:40";"1";"974";"97414";"2";"1";"1";"1";"91 Rue du Docteur Schweitzer";" -21,27237900";"55,44875400"
"202400019280";"20";"11";"2024";"16:00";"1";"62";"62318";"2";"9";"7";"6";"D940";"50,52731588";"1,62799788"
"202400019281";"11";"03";"2024";"19:55";"4";"94";"94016";"2";"2";"2";"3";"Avenue Aristide Briand / Rue Marcel Bonnet";"48,79623700";"2,32196400"
"202400019282";"29";"06";"2024";"20:30";"1";"84";"84135";"1";"1";"2";"6";"2105 Route d'Orange";"44,19889600";"4,80079400"
"202400019283";"11";"03";"2024";"17:00";"1";"94";"94073";"2";"2";"2";"1";"Avenue du Général de Gaulle / Rue Buffon";"48,76651000";"2,38618000"
"202400019284";"29";"06";"2024";"19:30";"1";"59";"59278";"1";"1";"1";"6";"RN41";"50,61369307";"2,95386171"
"202400019285";"19";"11";"2024";"15:00";"1";"62";"62560";"1";"3";"3";"3";"D191";"50,82718200";"1,69892700"
"202400019286";"11";"03";"2024";"09:00";"1";"94";"94033";"2";"1";"1";"6";"Rue Edouard Vaillant";"48,85085662";"2,48325321"
"202400019287";"18";"07";"2024";"16:40";"1";"26";"26360";"1";"3";"1";"1";"Route de Saint Paul";"44,41095700";"4,80585900"
"202400019288";"29";"06";"2024";"17:30";"1";"87";"87181";"1";"4";"2";"3";"Rue du Chatelard";"46,04292200";"1,49283200"
"202400019289";"25";"08";"2024";"22:00";"5";"14";"14047";"2";"1";"1";"7";"11 Rue Louviere";"49,28206300";" -0,70473400"
"202400019290";"11";"03";"2024";"19:20";"5";"94";"94077";"2";"3";"2";"3";"Rue Charles Nungesser / Avenue Didier Daurat";"48,73289500";"2,40366500"
"202400019291";"29";"06";"2024";"12:00";"1";"30";"30202";"2";"1";"1";"7";"Rue Trintignant";"44,25473600";"4,64656800"
"202400019292";"10";"08";"2024";"23:10";"3";"14";"14305";"1";"1";"1";"1";"Route de Lisieux";"49,27345700";" -0,05162200"
"202400019293";"9";"03";"2024";"20:30";"5";"94";"94019";"2";"7";"3";"2";"Route de la Libération / Route du Plessis";"48,79903800";"2,54508200"
"202400019294";"30";"06";"2024";"14:48";"1";"30";"30286";"1";"1";"1";"1";"D981";"43,98497200";"4,45928000"
"202400019295";"30";"06";"2024";"17:45";"1";"62";"62761";"1";"1";"1";"6";"D33";"50,23357495";"2,84916581"
"202400019296";"11";"03";"2024";"08:15";"1";"94";"94028";"2";"3";"1";"6";"Avenue des Petites Haies / Rue de Valenton";"48,78810000";"2,43976000"
"202400019297";"17";"04";"2024";"11:25";"1";"14";"14530";"1";"9";"1";"3";"D514";"49,24090400";" -0,26907400"
"202400019298";"18";"11";"2024";"12:10";"1";"974";"97416";"1";"1";"7";"1";"ENTRE DEUX (CHEMIN) CD26";" -21,29794000";"55,43878000"
"202400019299";"28";"06";"2024";"19:20";"1";"77";"77359";"2";"1";"7";"2";"Rue des Grouettes";"48,48393100";"2,52692000"
"202400019300";"11";"03";"2024";"22:00";"3";"93";"93073";"1";"1";"2";"5";"Terminal 2";"49,00526732";"2,55778885"
"202400019301";"30";"06";"2024";"15:10";"1";"95";"95026";"1";"1";"1";"1";"D909";"49,14632607";"2,37641118"
"202400019302";"11";"03";"2024";"17:15";"1";"93";"93073";"2";"3";"2";"6";"Avenue de la Station / Avenue la Fontaine";"48,95667000";"2,57265000"
"202400019303";"30";"06";"2024";"16:10";"1";"51";"51369";"1";"1";"1";"7";"D373";"48,72780700";"3,68560500"
"202400019304";"18";"11";"2024";"08:57";"1";"974";"97411";"2";"1";"1";"3";"JAURES (BOULEVARD JEAN)";" -20,88834000";"55,44453000"
"202400019305";"11";"03";"2024";"18:05";"3";"93";"93072";"2";"3";"2";"3";"Boulevard Maxime Gorki / Avenue Gaston Monmousseau";"48,94767600";"2,38637300"
"202400019306";"29";"06";"2024";"17:58";"1";"51";"51161";"1";"1";"2";"7";"D1";"49,04569600";"4,17446100"
"202400019307";"18";"11";"2024";"16:00";"1";"973";"97302";"1";"6";"1";"3";"ROUTE NATIONALE 1";"4,89674000";" -52,32858000"
"202400019308";"29";"06";"2024";"01:30";"3";"56";"56005";"2";"1";"1";"6";"Boulevard de la résistance";"47,54638600";" -2,89380300"
"202400019309";"11";"03";"2024";"09:00";"1";"93";"93062";"2";"2";"8";"3";"Avenue Thiers / Boulevard du Nord";"48,90125000";"2,51241000"
"202400019310";"29";"06";"2024";"17:45";"1";"76";"76400";"2";"1";"1";"6";"Rue du General de Gaulle";"49,82870900";"0,91250900"
"202400019311";"18";"11";"2024";"08:20";"1";"973";"97302";"2";"1";"1";"3";"BADUEL (ROUTE DE)";"4,93701000";" -52,31502000"
"202400019312";"18";"11";"2024";"05:28";"2";"973";"97302";"1";"1";"1";"6";"ROUTE NATIONALE 1";"4,89791000";" -52,32753000"
"202400019313";"30";"06";"2024";"00:38";"3";"79";"79329";"1";"1";"2";"6";"N/A";"46,94507700";" -0,24162400"
"202400019314";"11";"03";"2024";"07:00";"1";"93";"93046";"2";"2";"1";"1";"Boulevard Jean Jaurès / Allée Condorcet";"48,92445000";"2,52253000"
"202400019315";"17";"11";"2024";"07:30";"1";"973";"97302";"2";"1";"1";"7";"BADUEL (ROUTE DE)";"4,92906000";" -52,29553000"
"202400019316";"30";"06";"2024";"02:45";"5";"80";"80186";"2";"1";"1";"7";"Rue de Nesle";"49,80782800";"2,80080600"
"202400019317";"29";"06";"2024";"16:30";"1";"82";"82112";"2";"1";"1";"6";"Chemin de Sainte-Livrade";"44,11457800";"1,12187700"
"202400019318";"9";"03";"2024";"12:00";"1";"93";"93032";"2";"2";"1";"3";"Rue du Rond Point / Rue du Chanoine Monsanglant";"48,87299646";"2,55608261"
"202400019319";"17";"11";"2024";"19:43";"2";"972";"97213";"1";"1";"3";"6";"ROUTE DEPARTEMENTALE 15";"14,63791000";" -61,00986000"
"202400019320";"11";"03";"2024";"19:55";"5";"93";"93008";"2";"7";"2";"6";"Avenue Paul Vaillant - Couturier / Route de Stains";"48,90565000";"2,46944000"
"202400019321";"29";"06";"2024";"18:00";"1";"82";"82094";"2";"3";"1";"6";"D2";"44,25210200";"1,13494500"
"202400019322";"18";"11";"2024";"07:15";"1";100;100033";"2";"1";"1";"3";"11 - RT";"42,66492000";"9,44272000"
"202400019323";"30";"06";"2024";"11:30";"1";"82";"82155";"1";"1";"1";"7";"lieu-dit Paradis";"44,14660900";"1,79561600"
"202400019324";"11";"03";"2024";"21:10";"5";"93";"93005";"2";"3";"1";"3";"Rue Maximilien de Robespierre / Rue du Hameau";"48,94868500";"2,50287300"
"202400019325";"17";"11";"2024";"01:20";"5";"971";"97101";"1";"1";"1";"2";"CHAUVEL";"16,23827000";" -61,52291000"
"202400019326";"11";"03";"2024";"01:15";"5";"92";"92049";"2";"1";"1";"6";"DORMOY AVENUE MARX N°2 A 100";"48,81002781";"2,31874752"
"202400019327";"16";"11";"2024";"18:20";"5";"971";"97101";"1";"1";"1";"7";"BAIMBRIDGE";"16,24822000";" -61,52726000"
"202400019328";"11";"04";"2024";"16:15";"1";"69";"69066";"1";"1";"1";"5";"1740 Route de Thizy";"46,08213580";"4,31167979"
"202400019329";"11";"03";"2024";"19:01";"1";"92";"92036";"2";"2";"2";"6";"HENRI BARBUSSE (RUE) (37/135)";"48,92123124";"2,29943705"
"202400019330";"16";"11";"2024";"18:45";"4";"971";"97101";"1";"1";"1";"6";"GRAND CAMP(SECTION)";"16,25390000";" -61,54016000"
"202400019331";"29";"06";"2024";"14:45";"1";"61";"61081";"2";"1";"3";"1";"D438";"48,65173000";"0,19409500"
"202400019332";"11";"03";"2024";"18:45";"1";"92";"92035";"2";"1";"8";"6";"Général de Gaulle  ( avenue du )";"48,90652245";"2,25570345"
"202400019333";"15";"11";"2024";"23:40";"5";"971";"97120";"1";"1";"1";"2";"CHEMIN NEUF";"16,23316000";" -61,53172000"
"202400019334";"23";"06";"2024";"17:40";"1";"42";"42246";"1";"1";"1";"2";"Rue de la Condamine";"45,31927600";"4,62558500"
"202400019335";"11";"03";"2024";"11:00";"1";"92";"92024";"2";"1";"1";"6";"LEON GAMBETTA (ALLEES)";"48,90306934";"2,31065798"
"202400019336";"11";"03";"2024";"08:15";"1";"92";"92007";"2";"3";"1";"3";"BLANCHARD (RUE)";"48,79591561";"2,29379421"
"202400019337";"29";"06";"2024";"01:25";"3";"44";"44153";"1";"6";"1";"2";"N/A";"47,68305800";" -1,44649400"
"202400019338";"18";"11";"2024";"19:00";"5";"95";"95127";"2";"3";"2";"6";"OISE (BOULEVARD DE L')";"49,04512588";"2,03807294"
"202400019339";"28";"06";"2024";"19:25";"1";"29";"29236";"1";"1";"1";"6";"D4";"47,86251625";" -3,71396426"
"202400019340";"28";"06";"2024";"20:20";"2";"38";"38408";"1";"1";"1";"6";"75 Route de Lafayette";"45,58947300";"5,02752700"
"202400019341";"18";"11";"2024";"18:05";"3";"85";"85191";"1";"1";"8";"4";"RD160";"46,67830000";" -1,45270000"
"202400019342";"10";"03";"2024";"02:00";"3";"62";"62100";"2";"3";"2";"3";"D113";"50,42463690";"1,91557938"
"202400019343";"18";"11";"2024";"08:20";"1";"83";"83137";"2";"2";"1";"6";"DARDANELLES (AVE DES)";"43,12850000";"5,92461000"
"202400019344";"12";"03";"2024";"11:00";"1";"01";"01007";"2";"6";"1";"6";"D36";"46,00903100";"5,36218600"
"202400019345";"29";"06";"2024";"09:37";"1";"85";"85008";"1";"1";"3";"7";"A87";"46,62735582";" -1,43314503"
"202400019346";"14";"11";"2024";"16:12";"1";"83";"83129";"2";"9";"1";"6";"ILES (CORNICHE DES)";"43,07075000";"5,79457000"
"202400019347";"11";"03";"2024";"17:10";"1";"76";"76728";"1";"1";"1";"6";"A150";"49,48051200";"1,00884300"
"202400019348";"30";"06";"2024";"18:00";"1";"83";"83139";"1";"1";"1";"7";"1602 Route de Villecroze";"43,59731600";"6,28425200"
"202400019349";"18";"11";"2024";"17:45";"1";"81";"81004";"2";"6";"1";"3";"5 Rue de Rudel";"43,92602900";"2,13074500"
"202400019350";"11";"03";"2024";"19:00";"5";"76";"76210";"2";"2";"2";"1";"Route de Neufchatel";"49,86052300";"1,20303500"
"202400019351";"30";"06";"2024";"02:50";"3";"64";"64046";"1";"1";"2";"7";"D8";"43,28134766";" -1,13151938"
"202400019352";"18";"11";"2024";"19:50";"4";"78";"78621";"2";"2";"2";"6";"CASTIGLIONE DEL LAGO (RUE)";"48,77954300";"1,99079000"
"202400019353";"12";"03";"2024";"17:10";"1";"974";"97412";"2";"9";"1";"6";"Rue de l'Hôpital";" -21,37940700";"55,61857000"
"202400019354";"29";"06";"2024";"19:30";"2";"10";"10326";"1";"1";"6";"7";"57 La Garenne";"48,45433900";"4,49482400"
"202400019355";"12";"03";"2024";"08:10";"1";"83";"83036";"1";"1";"1";"2";"D559";"43,16541329";"6,50201394"
"202400019356";"18";"11";"2024";"17:15";"5";"77";"77284";"2";"6";"3";"3";"CLEMENCEAU (AV.)";"48,96261000";"2,87585000"
"202400019357";"30";"06";"2024";"00:30";"3";"36";"36213";"2";"6";"2";"6";"Place des Prunus";"46,64564801";"0,96386254"
"202400019358";"18";"11";"2024";"20:01";"5";"77";"77058";"2";"1";"3";"6";"D406";"48,83363000";"2,71059000"
"202400019359";"12";"03";"2024";"08:20";"1";"84";"84099";"1";"1";"1";"2";"chemin de Romieu";"43,87483400";"5,08909500"
"202400019360";"30";"06";"2024";"18:10";"1";"07";"07052";"1";"1";"1";"7";"D533";"44,94434400";"4,74838400"
"202400019361";"14";"11";"2024";"15:30";"1";"77";"77320";"2";"1";"8";"6";"PARIS (AVENUE DE)";"48,81440000";"3,07104000"
"202400019362";"30";"06";"2024";"15:14";"1";"04";"04141";"1";"1";"1";"7";"RD 950 route de BANON";"44,00840400";"5,68718400"
"202400019363";"10";"03";"2024";"14:56";"1";"38";"38226";"2";"1";"3";"1";"saint claude et la croix";"44,81752000";"5,76170000"
"202400019364";"15";"11";"2024";"18:15";"5";"76";"76351";"2";"1";"1";"6";"REPUBLIQUE (COURS DE LA)";"49,49961000";"0,12949000"
"202400019365";"11";"03";"2024";"10:25";"1";"74";"74225";"2";"6";"1";"6";"Boulevard Louis Dagand";"45,86477700";"5,94008300"
"202400019366";"30";"06";"2024";"09:45";"1";"04";"04172";"2";"2";"1";"1";"Route des chateaux, RD 952";"43,82691900";"6,12913200"
"202400019367";"30";"06";"2024";"14:15";"1";"04";"04135";"1";"1";"1";"6";"D952";"43,84611900";"6,20322000"
"202400019368";"10";"03";"2024";"00:40";"3";"33";"33236";"1";"1";"2";"6";"N/A";"44,77928400";" -1,16716900"
"202400019369";"14";"11";"2024";"08:53";"1";"76";"76351";"2";"9";"1";"3";"VALLEE (RUE DE LA)";"49,49635311";"0,15737117"
"202400019370";"30";"06";"2024";"11:35";"1";"04";"04024";"1";"1";"1";"1";"D 900";"44,21695900";"6,36162000"
"202400019371";"12";"03";"2024";"11:40";"1";"11";"11027";"1";"1";"1";"1";"route départementale 6113";"43,18631800";"2,50612700"
"202400019372";"18";"11";"2024";"08:50";"1";"71";"71076";"2";"1";"1";"6";"SAINT VINCENT (REMPART)";"46,78710000";"4,85463000"
"202400019373";"28";"06";"2024";"16:20";"1";"17";"17327";"1";"2";"1";"1";"Rue de l?Erable";"46,07659500";" -0,60113700"
"202400019374";"11";"03";"2024";"14:15";"1";"41";"41139";"1";"4";"1";"6";"Départementale 17";"47,25264800";"1,51590900"
"202400019375";"28";"06";"2024";"19:45";"1";"17";"17139";"1";"1";"1";"7";"La Coudre";"46,12743400";" -0,58225400"
"202400019376";"11";"03";"2024";"17:45";"1";"29";"29097";"2";"1";"1";"3";"Rue du Stade";"48,48688900";" -4,03815200"
"202400019377";"30";"06";"2024";"08:20";"1";"17";"17017";"1";"1";"1";"7";"d122E1";"45,93437800";" -0,69668800"
"202400019378";"18";"11";"2024";"17:38";"5";"70";"70550";"2";"6";"2";"6";"Boulevard Kennedy";"47,63131300";"6,16557000"
"202400019379";"12";"03";"2024";"10:40";"1";"38";"38022";"1";"1";"1";"6";"D33";"45,66438300";"5,56936600"
"202400019380";"30";"06";"2024";"15:41";"1";"87";"87036";"1";"3";"1";"3";"1 Bousseroux";"45,68511100";"0,96766600"
"202400019381";"12";"03";"2024";"16:45";"1";"58";"58024";"1";"1";"2";"6";"ecluse numéro 3";"47,14319000";"3,62278500"
"202400019382";"18";"11";"2024";"18:24";"5";"64";"64445";"2";"1";"1";"2";"GASTON LACOSTE";"43,29244000";" -0,36350000"
"202400019383";"12";"03";"2024";"14:00";"1";"05";"05046";"2";"3";"1";"6";"16 Rue de la Liberté";"44,56298900";"6,49318800"
"202400019384";"30";"06";"2024";"16:45";"1";"37";"37213";"1";"2";"1";"1";"La Petite Belle Etoile";"47,64192759";"0,49843901"
"202400019385";"18";"11";"2024";"11:30";"1";"64";"64445";"2";"1";"1";"3";"BOSQUET";"43,29808000";" -0,36550000"
"202400019386";"10";"03";"2024";"23:10";"3";"18";"18058";"2";"1";"1";"7";"10 Rue Saint - Antoine";"46,85712100";"2,31419000"
"202400019387";"29";"06";"2024";"20:34";"3";"973";"97307";"1";"2";"1";"6";"Chemin Morthium";"4,83463100";" -52,32527400"
"202400019388";"18";"11";"2024";"09:10";"1";"64";"64129";"2";"1";"1";"6";"JEAN MERMOZ";"43,31741000";" -0,37838000"
"202400019389";"12";"03";"2024";"02:40";"4";"43";"43025";"1";"1";"8";"6";"Route de Bas";"45,26240414";"4,10395846"
"202400019390";"30";"06";"2024";"10:30";"1";"67";"67389";"2";"1";"1";"6";"Boulevard des enseignes";"48,64950100";"7,73001900"
"202400019391";"18";"11";"2024";"07:00";"5";"64";"64445";"2";"3";"1";"1";"BIE MOULIE";"43,29886000";" -0,34515000"
"202400019392";"11";"03";"2024";"21:10";"3";"10";"10107";"1";"1";"2";"2";"RN 77";"48,07172000";"3,81720200"
"202400019393";"14";"11";"2024";"14:20";"1";"62";"62510";"2";"1";"2";"6";"Rue Alexandre Dumas";"50,43453000";"2,79164000"
"202400019394";"12";"03";"2024";"11:30";"1";"16";"16153";"1";"1";"1";"2";"RN 141";"45,66717800";" -0,18110500"
"202400019395";"29";"06";"2024";"17:00";"1";"17";"17226";"1";"1";"3";"7";"A10";"45,93482600";" -0,56395100"
"202400019396";"18";"11";"2024";"22:05";"5";"62";"62193";"2";"1";"2";"3";"Rue du Beau Marais";"50,94467000";"1,90455000"
"202400019397";"30";"06";"2024";"08:15";"1";"13";"13103";"1";"1";"1";"1";"A 7 PK234+700";"43,62932700";"5,12602300"
"202400019398";"11";"03";"2024";"12:15";"1";"53";"53195";"1";"2";"1";"5";"Les Daumeries";"48,17690800";" -0,67936100"
"202400019399";"18";"06";"2024";"21:00";"3";"971";"97128";"1";"1";"1";"6";"Courcelles";"16,25534300";" -61,32757200"
"202400019400";"17";"11";"2024";"08:15";"2";"60";"60159";"1";"1";"1";"6";"Rd 973";"49,40180000";"2,85463000"
"202400019401";"12";"03";"2024";"06:15";"2";"53";"53122";"1";"1";"2";"6";"pk 13.000";"48,24766900";" -0,52884600"
"202400019402";"11";"03";"2024";"14:35";"1";"17";"17430";"1";"2";"1";"3";"D50";"45,37900700";" -0,52373900"
"202400019403";"29";"06";"2024";"10:00";"1";"971";"97111";"1";"1";"1";"1";"RN2, Bas-vent";"16,34333600";" -61,77199800"
"202400019404";"17";"11";"2024";"00:51";"3";"56";"56121";"2";"1";"1";"5";"Pénétrante de  Lorient";"47,74842000";" -3,38709000"
"202400019405";"10";"03";"2024";"16:10";"1";"30";"30249";"1";"1";"1";"2";"D40";"43,80171100";"4,21650800"
"202400019406";"29";"06";"2024";"17:30";"1";"971";"97106";"1";"1";"7";"6";"Rue des Galets";"16,16911400";" -61,77648800"
"202400019407";"24";"06";"2024";"16:30";"1";"33";"33099";"2";"1";"1";"6";"N/A";"44,81911100";" -0,47306700"
"202400019408";"23";"02";"2024";"20:35";"3";"40";"40295";"1";"1";"4";"4";"A63 PK050.000";"44,41250900";" -0,81934000"
"202400019409";"28";"06";"2024";"17:10";"1";"33";"33245";"1";"1";"1";"6";"N/A";"44,81011800";" -0,41728000"
"202400019410";"16";"11";"2024";"18:35";"2";"56";"56098";"2";"3";"1";"4";"Rue Jean Jaurès";"47,76528000";" -3,35851000"
"202400019411";"29";"06";"2024";"16:00";"1";"66";"66065";"2";"6";"1";"2";"rue de latour";"42,60191200";"2,97688700"
"202400019412";"12";"03";"2024";"16:30";"1";"01";"01450";"1";"1";"1";"2";"A42";"45,90372500";"5,23083300"
"202400019413";"15";"11";"2024";"12:30";"1";"56";"56098";"2";"1";"1";"6";"Avenue Ambroise Croizat";"47,77321000";" -3,34751000"
"202400019414";"30";"06";"2024";"05:10";"2";"05";"05038";"1";"1";"1";"6";"D947 - PK 5+600";"44,76766193";"6,83185870"
"202400019415";"12";"03";"2024";"09:20";"1";"33";"33122";"1";"1";"1";"2";"N/A";"44,71301300";" -0,74595500"
"202400019416";"18";"11";"2024";"17:45";"5";"50";"50147";"2";"1";"3";"6";"DIVISION LECLERC";"49,06022000";" -1,43500000"
"202400019417";"12";"03";"2024";"05:45";"1";"976";"97607";"1";"1";"1";"5";"rn2 - Ironie bé";" -12,84648500";"45,18289400"
"202400019418";"15";"11";"2024";"16:05";"1";"49";"49099";"2";"3";"1";"3";"CARNOT (RUE SADI)";"47,06086000";" -0,87195000"
"202400019419";"30";"06";"2024";"18:45";"1";"26";"26072";"1";"1";"1";"6";"Autoroute A7 PK 050.368";"45,10695400";"4,88351900"
"202400019420";"17";"11";"2024";"18:23";"2";"49";"49007";"2";"1";"1";"6";"PASTEUR AVENUE";"47,47161000";" -0,54329000"
"202400019421";"29";"06";"2024";"10:50";"1";"52";"52488";"2";"1";"1";"1";"18 Rue Principale";"47,99142000";"5,28518500"
"202400019422";"17";"11";"2024";"02:50";"3";"49";"49267";"2";"1";"1";"2";"RD 347";"47,46962400";" -0,44780100"
"202400019423";"10";"03";"2024";"22:00";"4";"971";"97115";"1";"1";"1";"6";"N2";"16,26116200";" -61,63470400"
"202400019424";"30";"06";"2024";"16:30";"1";"16";"16163";"1";"1";"1";"5";"N/A";"45,67250000";"0,00250000"
"202400019425";"12";"03";"2024";"06:45";"1";"972";"97228";"2";"1";"1";"2";"Rue du Pave";"14,79410000";" -61,01541100"
"202400019426";"18";"11";"2024";"12:30";"1";"47";"47001";"2";"4";"1";"2";"COLMAR (AV. DE)";"44,19463000";"0,64275000"
"202400019427";"30";"06";"2024";"13:35";"1";"33";"33233";"1";"1";"1";"6";"N/A";"45,15224900";" -0,36054100"
"202400019428";"10";"03";"2024";"18:00";"1";"95";"95462";"1";"1";"1";"7";"D171";"49,12908036";"1,70857811"
"202400019429";"18";"11";"2024";"18:12";"5";"45";"45068";"2";"1";"2";"1";"3 Rue Nelson Mandela";"48,01022000";"2,72426000"
"202400019430";"24";"06";"2024";"07:05";"2";"33";"33498";"1";"1";"5";"6";"N/A";"44,57753800";" -0,88382000"
"202400019431";"11";"03";"2024";"08:13";"1";"57";"57260";"1";"1";"1";"2";"N61";"49,13298275";"7,03816355"
"202400019432";"18";"11";"2024";"12:50";"1";"42";"42170";"1";"1";"1";"6";"Route du Beaujolais";"46,03836000";"4,14142000"
"202400019433";"29";"06";"2024";"23:35";"5";"22";"22044";"2";"1";"1";"3";"24b Rue de la Glanerie";"48,48947000";" -2,59564900"
"202400019434";"7";"03";"2024";"19:00";"5";"73";"73089";"2";"2";"1";"6";"D204 / D31";"45,52874957";"6,14860223"
"202400019435";"14";"11";"2024";"18:33";"3";"40";"40192";"2";"1";"1";"1";"THORE (CHEMIN DE)";"43,89382000";" -0,52116000"
"202400019436";"30";"06";"2024";"07:27";"1";"27";"27358";"1";"1";"1";"6";"Rue de l?Ancienne Abbaye";"49,04774800";"1,30512200"
"202400019437";"12";"03";"2024";"16:15";"1";"38";"38537";"2";"1";"1";"6";"avenue de la verpilliere";"45,62504000";"5,15343800"
"202400019438";"18";"11";"2024";"20:00";"5";"33";"33281";"2";"6";"1";"2";"N/A";"44,81350000";" -0,71364800"
"202400019439";"29";"06";"2024";"05:50";"2";"69";"69276";"1";"1";"1";"2";"Route Départementale 301";"45,68684000";"4,86654000"
"202400019440";"4";"03";"2024";"16:30";"1";"33";"33227";"2";"1";"2";"5";"N/A";"44,54569200";" -0,26315300"
"202400019441";"18";"11";"2024";"15:50";"1";"33";"33065";"1";"6";"1";"3";"N/A";"44,81292000";" -0,52369000"
"202400019442";"11";"03";"2024";"14:25";"1";"61";"61271";"2";"6";"1";"6";"D2";"48,61073800";" -0,11823100"
"202400019443";"29";"06";"2024";"16:45";"1";"91";"91434";"1";"1";"1";"5";"AUTOROUTE A6";"48,66815000";"2,35502000"
"202400019444";"12";"03";"2024";"13:00";"1";"50";"50099";"1";"2";"2";"3";"Route Américaine";"49,30591600";" -1,26293400"
"202400019445";"18";"11";"2024";"08:25";"1";"33";"33075";"2";"2";"1";"5";"N/A";"44,87964000";" -0,62678000"
"202400019446";"29";"06";"2024";"11:40";"1";"91";"91216";"1";"1";"1";"4";"AUTOROUTE A6";"48,68289000";"2,32955000"
"202400019447";"9";"02";"2024";"13:20";"1";"60";"60612";"2";"2";"8";"6";"26 Rue de la République";"49,20176110";"2,58236256"
"202400019448";"18";"11";"2024";"09:45";"1";"31";"31555";"2";"1";"1";"3";"STRASBOURG (BD DE) DU 2AU 66";"43,60925000";"1,44497000"
"202400019449";"28";"06";"2024";"19:01";"1";"92";"92060";"1";"1";"1";"4";"A86 EXT ";"48,77452416";"2,24034960"
"202400019450";"18";"11";"2024";"19:05";"5";"29";"29232";"2";"1";"2";"2";"Boulevard Louis le Guennec";"47,98283600";" -4,11053639"
"202400019451";"28";"06";"2024";"15:55";"1";"95";"95394";"1";"1";"1";"7";"A115";"49,05163571";"2,18238207"
"202400019452";"17";"11";"2024";"18:58";"3";"27";"27229";"2";"1";"1";"3";"GAMBETTA (BOULEVARD)";"49,01864090";"1,14327680"
"202400019453";"18";"11";"2024";"19:30";"5";"25";"25031";"2";"9";"1";"6";"REVOLUTION DE 1789 AVENUE DE LA)";"47,48720000";"6,84226000"
"202400019454";"10";"03";"2024";"23:27";"3";"13";"13005";"1";"1";"2";"2";"A50-Sens Marseille vers Aubagne";"43,28629000";"5,56839000"
"202400019455";"10";"03";"2024";"15:44";"1";"57";"57067";"1";"1";"1";"6";"Autoroute A31";"49,31680228";"6,18267235"
"202400019456";"11";"03";"2024";"09:50";"1";"33";"33487";"1";"1";"3";"6";"N/A";"44,95400000";" -0,45630000"
"202400019457";"10";"03";"2024";"02:50";"3";"33";"33090";"1";"1";"1";"6";"N/A";"44,76603000";" -0,67096900"
"202400019458";"16";"11";"2024";"22:35";"5";"21";"21231";"2";"2";"1";"3";"Boulevard Voltaire";"47,31869500";"5,05145300"
"202400019459";"11";"03";"2024";"02:24";"3";"91";"91521";"1";"1";"1";"7";"RN 449";"48,63201000";"2,40076000"
"202400019460";"18";"11";"2024";"13:30";"1";"17";"17415";"2";"1";"8";"3";"Avenue de Saintonge";"45,74079600";" -0,62930000"
"202400019461";"18";"11";"2024";"06:50";"5";"14";"14069";"2";"3";"2";"7";"2 Chemin de Grais";"49,13010000";"0,26626000"
"202400019462";"10";"03";"2024";"02:30";"3";"92";"92036";"1";"1";"2";"6";"A86";"48,93513721";"2,26665421"
"202400019463";"8";"11";"2024";"18:39";"5";"14";"14117";"2";"6";"1";"3";"14 Avenue Charles de Gaulle";"49,28762300";" -0,12316200"
"202400019464";"9";"03";"2024";"18:10";"1";"92";"92036";"1";"1";"3";"2";"A86";"48,93865784";"2,29531682"
"202400019465";"18";"11";"2024";"08:20";"1";"13";"13213";"2";"1";"1";"6";"NOGARETTE (RUE)";"43,33164201";"5,40857186"
"202400019466";"11";"03";"2024";"04:40";"3";"93";"93029";"1";"1";"1";"6";"A86";"48,92609879";"2,42244591"
"202400019467";"18";"11";"2024";"16:14";"1";"06";"06069";"1";"1";"1";"6";"36 Boulevard Pasteur";"43,65995000";"6,91067000"
"202400019468";"19";"02";"2024";"13:00";"1";"44";"44109";"2";"1";"1";"2";"26 Rue de Gigant";"47,21434644";" -1,57108324"
"202400019469";"18";"11";"2024";"08:30";"2";"06";"06069";"2";"1";"1";"7";"122 Route de Cannes";"43,63770000";"6,95048000"
"202400019470";"13";"11";"2024";"08:00";"2";"06";"06029";"2";"1";"1";"7";"81 Boulevard Carnot";"43,56091000";"7,01675000"
"202400019471";"15";"02";"2024";"15:35";"1";"44";"44109";"2";"1";"8";"6";"Quai de Tourville";"47,20935906";" -1,55579709"
"202400019472";"14";"02";"2024";"10:10";"1";"44";"44020";"1";"1";"8";"6";"Route de Pornic";"47,17832732";" -1,60917412"
"202400019473";"16";"11";"2024";"13:00";"1";"04";"04112";"2";"1";"1";"2";"HAUTE PROVENCE (BD. DE)";"43,82844000";"5,78745000"
"202400019474";"19";"11";"2024";"20:00";"3";"60";"60374";"1";"1";"2";"7";"D47";"49,56693400";"2,51254300"
"202400019475";"14";"02";"2024";"06:56";"2";"44";"44109";"2";"6";"8";"7";"6 Avenue Jean Claude Bonduelle";"47,21200631";" -1,54377339"
"202400019476";"4";"11";"2024";"19:40";"5";"35";"35328";"2";"1";"5";"1";"Rue de la Sauldre";"47,77560300";" -2,08176400"
"202400019477";"14";"02";"2024";"23:25";"5";"44";"44109";"2";"6";"8";"6";"Rond-Point de Vannes";"47,22971689";" -1,57232438"
"202400019478";"13";"02";"2024";"08:30";"2";"44";"44109";"2";"1";"8";"3";"76 Rue Desaix";"47,22799848";" -1,54964502"
"202400019479";"18";"11";"2024";"06:45";"3";"14";"14162";"1";"3";"2";"2";"LA LANDELLE";"48,92739200";" -0,50669900"
"202400019480";"18";"11";"2024";"22:00";"4";"33";"33327";"2";"6";"1";"6";"N/A";"44,64747200";" -0,35136400"
"202400019481";"13";"02";"2024";"19:00";"2";"44";"44143";"2";"6";"8";"6";"Rue Louise Michel";"47,18865639";" -1,55093624"
"202400019482";"10";"03";"2024";"19:30";"1";"974";"97416";"2";"2";"1";"3";"LAPIERRE (RUE HENRI)";" -21,33692000";"55,46433000"
"202400019483";"19";"11";"2024";"08:00";"1";"69";"69277";"2";"1";"2";"7";"10 Rue Lionel Terray";"45,71863278";"4,99235987"
"202400019484";"10";"03";"2024";"08:45";"1";"972";"97213";"2";"1";"3";"6";"ROUTE DEPARTEMENTALE 3";"14,63037000";" -60,98780000"
"202400019485";"18";"11";"2024";"18:45";"2";"23";"23245";"1";"1";"8";"1";"pk 38 N145";"46,19164700";"1,80611600"
"202400019486";"9";"03";"2024";"22:10";"5";"972";"97209";"1";"1";"1";"6";"AUTOROUTE (A1)";"14,61466000";" -61,04921000"
"202400019487";"8";"03";"2024";"17:30";"2";"86";"86066";"2";"1";"3";"6";"Rue Marcel Beauchêne";"46,79278500";"0,58702300"