"Num_Acc";"jour";"mois";"an";"hrmn";"lum";"dep";"com";"agg";"int";"atm";"col";"adr";"lat";"long"
"202400019488";"18";"11";"2024";"13:20";"1";"56";"56240";"1";"1";"2";"7";"Kergroes";"47,52205500";" -2,76918800"
"202400019489";"10";"03";"2024";"11:45";"1";"83";"83069";"2";"3";"1";"3";"ALMANARRE (ROUTE DE L')";"43,09500000";"6,13120000"
"202400019490";"10";"03";"2024";"20:05";"3";"81";"81144";"1";"1";"2";"2";"RN 88";"43,97056000";"2,18300000"
"202400019491";"18";"11";"2024";"17:25";"5";"67";"67463";"2";"9";"2";"6";"Route de Hatten";"48,89569600";"8,09614100"
"202400019492";"9";"03";"2024";"19:00";"5";"77";"77373";"2";"1";"3";"6";"AV DE LA REPUBLIQUE";"48,80319027";"2,61070344"
"202400019493";"16";"11";"2024";"12:30";"1";"65";"65460";"1";"3";"1";"2";"D935";"43,40171100";"0,05351500"
"202400019494";"16";"11";"2024";"18:50";"3";"65";"65296";"1";"1";"1";"6";"Route de Perron";"43,55790200";" -0,04634900"
"202400019495";"9";"03";"2024";"16:45";"1";"77";"77284";"2";"1";"2";"3";"CRECHE (RUE DE LA)";"48,95315000";"2,88535000"
"202400019496";"19";"11";"2024";"15:30";"1";"63";"63393";"2";"2";"1";"6";"Rue Docteur Roddier";"45,88934400";"3,59182700"
"202400019497";"10";"03";"2024";"16:20";"1";"77";"77186";"1";"1";"1";"3";"D 607";"48,35086800";"2,69582100"
"202400019498";"10";"03";"2024";"12:45";"1";"76";"76429";"2";"6";"1";"1";"Rue de Belbeuf";"49,40897000";"1,14040000"
"202400019499";"19";"11";"2024";"07:25";"2";"61";"61405";"1";"1";"2";"6";"D286";"48,29923900";"0,75668300"
"202400019500";"9";"03";"2024";"16:30";"1";"76";"76212";"2";"6";"1";"6";"Place du Marechal Foch";"49,44055044";"1,14551575"
"202400019501";"3";"11";"2024";"02:42";"3";"12";"12122";"1";"1";"1";"6";"D999";"44,01429900";"3,11852900"
"202400019502";"10";"03";"2024";"13:10";"1";"71";"71486";"2";"1";"1";"2";"LOUIS AUBLANC (RUE)";"46,64270114";"4,35123704"
"202400019503";"18";"11";"2024";"18:00";"5";"42";"42097";"2";"1";"1";"3";"M1082";"45,50158400";"4,31205100"
"202400019504";"9";"03";"2024";"17:20";"1";"69";"69271";"2";"1";"1";"6";"Rue Marius Berliet";"45,73743000";"4,95589000"
"202400019505";"19";"11";"2024";"17:12";"2";"68";"68201";"2";"1";"3";"6";"4 Rue du Général de Gaulle";"47,77269700";"7,00160100"
"202400019506";"9";"03";"2024";"17:55";"1";"65";"65286";"2";"1";"1";"6";"Place du Champ Commun";"43,09426000";" -0,04649000"
"202400019507";"17";"11";"2024";"19:25";"3";"44";"44220";"1";"1";"1";"6";"La Genonville";"47,19970000";" -1,86698900"
"202400019508";"10";"03";"2024";"11:35";"1";"63";"63113";"2";"1";"1";"2";"PAULINES (AVENUE DES)";"45,77605667";"3,09735596"
"202400019509";"18";"11";"2024";"10:45";"1";"35";"35243";"1";"2";"2";"1";"La Morinais";"48,37836600";" -1,25586900"
"202400019510";"18";"11";"2024";"10:05";"1";"84";"84089";"2";"6";"1";"6";"Route d?Aix- rond   point  d'Herborn";"43,68205300";"5,50043000"
"202400019511";"18";"11";"2024";"18:10";"3";"15";"15225";"1";"1";"2";"1";"RD 3";"45,19904200";"2,82104000"
"202400019512";"10";"03";"2024";"22:00";"5";"62";"62178";"2";"3";"2";"3";"Rue Raoul Briquet";"50,47556405";"2,55465683"
"202400019513";"19";"11";"2024";"06:36";"3";"01";"01272";"1";"1";"2";"1";"D936";"46,15709600";"4,99702200"
"202400019514";"10";"03";"2024";"16:53";"1";"59";"59367";"2";"1";"1";"6";"Rue du Fresnoy";"50,67531000";"3,22915000"
"202400019515";"14";"11";"2024";"13:45";"1";"72";"72217";"1";"1";"1";"7";"lieu dit le vignau";"48,06544179";"0,22423267"
"202400019516";"10";"03";"2024";"13:50";"1";"59";"59163";"2";"2";"2";"1";"JAURES (AVENUE JEAN)";"50,66900000";"3,15500000"
"202400019517";"18";"11";"2024";"23:30";"3";"83";"83083";"1";"1";"1";"7";"D22";"43,46949400";"6,11421300"
"202400019518";"9";"03";"2024";"09:55";"1";"59";"59183";"2";"9";"1";"3";"BERTEAUX MAURICE - AVENUE";"51,02820000";"2,35070000"
"202400019519";"14";"11";"2024";"15:05";"1";"36";"36121";"1";"1";"1";"3";"N/A";"46,83044857";"1,95368822"
"202400019520";"10";"03";"2024";"11:30";"1";"54";"54149";"2";"1";"1";"6";"D521";"49,42908000";"5,93088000"
"202400019521";"19";"11";"2024";"08:30";"1";"85";"85006";"1";"1";"2";"7";"la roseraie";"46,78556200";" -1,74670000"
"202400019522";"8";"03";"2024";"10:20";"1";"46";"46042";"2";"1";"3";"6";"GAMBETTA (BOULEVARD LEON) N°IMPAIR";"44,45143000";"1,44005000"
"202400019523";"16";"11";"2024";"19:20";"5";"987";"98715";"2";"1";"1";"2";"PARKING PHARMACIE AÉROPORT - ST HILAIRE";" -17,58400000";" -149,56000000"
"202400019524";"18";"11";"2024";"12:47";"1";"72";"72353";"1";"1";"2";"6";"Autoroute A11, PK 123+000, sens PARIS/LE MANS";"48,17936113";"0,77945400"
"202400019525";"19";"11";"2024";"15:30";"1";"971";"97112";"1";"1";"1";"6";"N9";"15,92598600";" -61,31847400"
"202400019526";"9";"11";"2024";"19:45";"2";"28";"28372";"1";"1";"1";"7";"D4";"48,63868000";"1,59130100"
"202400019527";"19";"11";"2024";"12:30";"1";"83";"83079";"1";"1";"1";"1";"D98";"43,22793300";"6,51022600"
"202400019528";"18";"11";"2024";"18:50";"5";"26";"26179";"1";"6";"1";"6";"autoroute A7";"45,06787317";"4,87121344"
"202400019529";"15";"11";"2024";"11:00";"1";"54";"54557";"1";"6";"1";"3";"D400";"48,69253736";"6,05065584"
"202400019530";"13";"11";"2024";"19:20";"5";"38";"38316";"2";"1";"1";"6";"47 Rue Giffard";"45,75589300";"5,18369700"
"202400019531";"19";"11";"2024";"07:45";"3";"85";"85088";"2";"9";"8";"6";"Rue du centre";"46,71962100";" -1,90107600"
"202400019532";"18";"11";"2024";"13:35";"1";"44";"44210";"2";"1";"2";"6";"Avenue de la République";"47,28969500";" -2,20923900"
"202400019533";"18";"11";"2024";"06:44";"3";"59";"59263";"1";"6";"3";"2";"D643";"50,32596000";"3,10965700"
"202400019534";"18";"11";"2024";"13:00";"1";"13";"13088";"1";"1";"7";"2";"A55 SENS MARTIGUES-MARSEILLE";"43,38005710";"5,22169349"
"202400019535";"18";"11";"2024";"21:00";"3";"91";"91235";"1";"1";"2";"4";"RN 104";"48,62610000";"2,35420000"
"202400019536";"17";"11";"2024";"17:32";"2";"78";"78133";"1";"1";"1";"4";"A13W";"48,89338000";"2,00816000"
"202400019537";"17";"11";"2024";"18:21";"3";"78";"78455";"1";"1";"1";"5";"A13";"48,86034100";"2,04795400"
"202400019538";"16";"11";"2024";"18:45";"3";"92";"92050";"1";"1";"1";"3";"A86";"48,91446370";"2,21961284"
"202400019539";"18";"11";"2024";"02:00";"5";"93";"93039";"1";"1";"1";"2";"AUTOROUTE A86";"48,92667897";"2,33583977"
"202400019540";"17";"04";"2024";"10:55";"1";"94";"94018";"1";"1";"1";"2";"A4";"48,81739541";"2,41619825"
"202400019541";"17";"04";"2024";"09:10";"1";"94";"94018";"1";"1";"1";"7";"A4";"48,82194249";"2,39804712"
"202400019542";"16";"02";"2024";"17:50";"1";"87";"87085";"2";"1";"2";"1";"LEOBARDY (AVE DU PROF JOSEPH DE)";"45,81024000";"1,23960000"
"202400019543";"17";"02";"2024";"18:05";"5";"76";"76351";"2";"2";"1";"1";"GRAVILLE (BD DE)";"49,49555000";"0,14715000"
"202400019544";"16";"02";"2024";"09:40";"1";"30";"30189";"2";"1";"1";"7";"Boulevard Pasteur Marc Boegner";"43,82310000";"4,32810000"
"202400019545";"17";"02";"2024";"21:05";"5";"06";"06123";"2";"3";"1";"3";"Avenue du Général Leclerc";"43,67422620";"7,18953460"
"202400019546";"12";"04";"2024";"07:50";"1";"987";"98736";"2";"1";"1";"7";"CHARLES DE GAULLE (AV)";" -17,54134600";" -149,56974900"
"202400019547";"17";"04";"2024";"12:20";"1";"974";"97411";"2";"6";"1";"2";"JAURES (BOULEVARD JEAN)";" -20,90090000";"55,48717000"
"202400019548";"17";"04";"2024";"15:30";"1";"973";"97302";"2";"2";"2";"5";"CATAYEE (JUSTIN)";"4,94163733";" -52,33113572"
"202400019549";"17";"04";"2024";"18:25";"1";"69";"69383";"2";"2";"1";"3";"Rue Paul Bert";"45,75705988";"4,85850589"
"202400019550";"17";"04";"2024";"06:20";"1";"69";"69386";"2";"1";"1";"3";"Quai de Serbie";"45,77133000";"4,84099000"
"202400019551";"17";"04";"2024";"06:30";"2";"69";"69149";"2";"2";"8";"3";"Rue de la République (Pierre-Bénite)";"45,70250000";"4,83180000"
"202400019552";"14";"04";"2024";"08:00";"1";"971";"97101";"1";"1";"1";"6";"ROUTE DE BOISVINS";"16,26486000";" -61,48855000"
"202400019553";"10";"01";"2024";"10:00";"1";"971";"97101";"2";"1";"1";"6";"BOISRIPEAUX";"16,27524000";" -61,50686000"
"202400019554";"17";"04";"2024";"22:10";"3";"95";"95018";"2";"3";"1";"1";"D311";"48,94245232";"2,25668288"
"202400019555";"17";"04";"2024";"00:15";"5";"91";"91027";"2";"2";"1";"5";"RUE PAUL DEMANGE";"48,71615000";"2,37085000"
"202400019556";"16";"04";"2024";"12:15";"1";"91";"91174";"2";"3";"1";"6";"ALL DES ORMES";"48,60385000";"2,48990000"
"202400019557";"17";"04";"2024";"10:15";"1";"89";"89387";"1";"1";"1";"6";"D606";"48,19089000";"3,31216000"
"202400019558";"17";"04";"2024";"14:25";"1";"84";"84007";"1";"1";"1";"3";"CAVAILLON (Route de Cavaillon)-MONTFAVET";"43,88931000";"4,91483000"
"202400019559";"16";"04";"2024";"15:00";"1";"83";"83129";"1";"1";"1";"2";"MER (AVENUE DE LA) N°IMPAIRS";"43,10613000";"5,81519000"
"202400019560";"18";"04";"2024";"02:35";"5";"82";"82121";"2";"1";"1";"6";"chemin de saint pierre";"44,04947704";"1,33242273"
"202400019561";"17";"04";"2024";"03:00";"5";"77";"77438";"2";"1";"8";"6";"SAINT GERMAIN DES NOYERS  (AVENUE)";"48,85991000";"2,67226000"
"202400019562";"17";"04";"2024";"21:56";"5";"69";"69256";"2";"1";"2";"7";"Rue Jean Jaurès";"45,78827599";"4,93314251"
"202400019563";"16";"04";"2024";"12:15";"1";"67";"67462";"2";"3";"1";"3";"THIERS (BOULEVARD)";"48,25768000";"7,45864000"
"202400019564";"18";"04";"2024";"22:20";"5";"64";"64335";"2";"6";"1";"3";"CHARLES DE GAULLE";"43,31823000";" -0,42459000"
"202400019565";"17";"04";"2024";"08:25";"1";"64";"64269";"2";"9";"2";"3";"BUTTE DE LA";"43,28874000";" -0,31209000"
"202400019566";"17";"04";"2024";"18:30";"1";"59";"59205";"2";"3";"1";"3";"RUE PAUL BERT";"50,32399000";"3,34298000"
"202400019567";"17";"04";"2024";"19:00";"1";"59";"59360";"2";"1";"8";"6";"POTIE GEORGES RUE";"50,61368000";"3,00637000"
"202400019568";"15";"04";"2024";"18:15";"1";"50";"50129";"2";"1";"1";"3";"NAPOLEON (PLACE)";"49,64366000";" -1,62564000"
"202400019569";"17";"04";"2024";"09:10";"1";"49";"49267";"1";"1";"1";"2";"A87N";"47,47561000";" -0,50384000"
"202400019570";"16";"04";"2024";"16:52";"1";"49";"49007";"2";"1";"1";"3";"PAJOTIN";"47,46331000";" -0,52901000"
"202400019571";"17";"04";"2024";"20:40";"5";"45";"45234";"2";"3";"8";"4";"80 Boulevard Alexandre Martin";"47,90639100";"1,90709400"
"202400019572";"17";"04";"2024";"11:05";"1";"45";"45075";"2";"1";"1";"2";"5a Rue des Hauts";"47,88729000";"1,83863000"
"202400019573";"17";"04";"2024";"03:20";"3";"42";"42187";"2";"1";"2";"6";"Cours de la République";"46,03865731";"4,06417689"
"202400019574";"16";"04";"2024";"14:10";"1";"41";"41018";"2";"1";"1";"2";"GUINIERES (RUE DES)";"47,61390000";"1,33036000"
"202400019575";"24";"12";"2024";"09:15";"1";"974";"97413";"2";"1";"1";"1";"194 Route Hubert Delisle";" -21,19687600";"55,32828600"
"202400019576";"17";"04";"2024";"12:58";"1";"37";"37261";"2";"2";"1";"3";"HUARD (RUE ERNEST)";"47,40728000";"0,68505000"
"202400019577";"23";"12";"2024";"16:30";"2";"67";"67472";"2";"1";"2";"6";"8 Grand Rue";"48,82949500";"7,96551900"
"202400019578";"17";"04";"2024";"12:38";"1";"35";"35278";"1";"1";"2";"4";"RD 29";"48,15688000";" -1,69910000"
"202400019579";"23";"12";"2024";"19:00";"3";"15";"15108";"1";"1";"4";"6";"A 75 ";"44,91947600";"3,21367300"
"202400019580";"24";"12";"2024";"14:30";"1";"19";"19028";"2";"1";"1";"6";"Avenue Gambetta";"45,38998334";"2,49439825"
"202400019581";"17";"04";"2024";"21:05";"5";"34";"34172";"2";"3";"1";"3";"MOULINS (AVENUE DES";"43,63226000";"3,84324000"
"202400019582";"17";"04";"2024";"18:50";"1";"33";"33162";"2";"1";"1";"3";"N/A";"44,88945000";" -0,64905400"
"202400019583";"17";"04";"2024";"09:30";"1";"33";"33529";"2";"1";"1";"2";"N/A";"44,63215000";" -1,14650000"
"202400019584";"24";"12";"2024";"10:00";"1";"56";"56206";"1";"1";"8";"5";"le Chapeau Rouge";"47,67126900";" -2,72515700"
"202400019585";"16";"04";"2024";"23:40";"5";"31";"31555";"2";"3";"2";"3";"AV DE LATTRE DE TASSIGNY";"43,57902000";"1,43685000"
"202400019586";"23";"12";"2024";"22:17";"3";"79";"79147";"1";"1";"1";"7";"N/A";"46,66389900";" -0,53170000"
"202400019587";"23";"12";"2024";"19:30";"3";"79";"79007";"1";"1";"8";"1";"N/A";"46,55694200";" -0,41353200"
"202400019588";"18";"04";"2024";"00:50";"5";"27";"27229";"2";"6";"2";"6";"COCHEREL (RUE DE)";"49,02053000";"1,18199900"
"202400019589";"14";"10";"2024";"11:35";"1";101;101271";"2";"1";"1";"1";"T22";"41,95427200";"8,79251700"
"202400019590";"17";"04";"2024";"12:00";"1";"27";"27229";"2";"1";"1";"6";"BUZOT (RUE)";"49,02844000";"1,15279000"
"202400019591";"23";"12";"2024";"11:40";"1";"32";"32051";"1";"1";"8";"6";"D4";"43,53222400";"0,89219900"
"202400019592";"17";"04";"2024";"13:50";"1";"14";"14366";"2";"1";"1";"2";"25 Rue Calmette et Guérin";"49,15012800";"0,25722900"
"202400019593";"23";"12";"2024";"13:11";"1";"89";"89460";"2";"2";"1";"3";"D103";"48,33523800";"3,06419600"
"202400019594";"17";"04";"2024";"02:00";"5";"14";"14366";"2";"1";"1";"6";"Route d'Orbec";"49,14053000";"0,23181000"
"202400019595";"17";"04";"2024";"14:00";"1";"13";"13071";"2";"1";"1";"3";"ROUTE NATIONALE 368 (PLAN DES PENNES)";"43,40250000";"5,27457000"
"202400019596";"24";"12";"2024";"13:10";"1";"61";"61050";"1";"3";"2";"2";"1776 l'Epine de Feuillet";"48,43961400";"0,73344400"
"202400019597";"17";"04";"2024";"08:00";"1";"13";"13117";"2";"1";"1";"2";"MARSEILLE ( AVENUE DE )";"43,44222000";"5,25890000"
"202400019598";"24";"12";"2024";"17:45";"3";"12";"12056";"1";"6";"5";"3";"D911";"44,28409500";"2,42601500"
"202400019599";"15";"03";"2024";"14:15";"1";"13";"13215";"2";"1";"1";"2";"LITTORAL (CHEMIN DU)";"43,34000000";"5,34000000"
"202400019600";"23";"12";"2024";"19:50";"3";"44";"44175";"1";"1";"2";"6";"22 Le Crelin";"47,39078100";" -2,31930100"
"202400019601";"17";"04";"2024";"10:40";"1";"13";"13215";"2";"1";"1";"6";"LYON (RUE DE)";"43,33000000";"5,36000000"
"202400019602";"16";"04";"2024";"12:00";"1";"13";"13206";"2";"9";"1";"3";"PAUL PEYTRAL (BOULEVARD)";"43,30000000";"5,40000000"
"202400019603";"22";"12";"2024";"20:00";"3";"14";"14601";"2";"1";"6";"6";"1 Route de Lisieux";"49,28386200";"0,20745300"
"202400019604";"14";"04";"2024";"15:40";"1";"10";"10081";"2";"1";"1";"6";"Rue Teilhard de Chardin";"48,30440000";"4,03250000"
"202400019605";"22";"12";"2024";"10:43";"3";"09";"09139";"1";"1";"4";"1";"nationale 20";"42,58672800";"1,79586200"
"202400019606";"16";"04";"2024";"09:47";"1";"10";"10387";"2";"4";"1";"7";"ANATOLE FRANCE (RUE)";"48,28601000";"4,07537000"
"202400019607";"23";"12";"2024";"19:30";"3";"64";"64206";"1";"1";"8";"1";"RN134";"43,07171300";" -0,60607700"
"202400019608";"18";"12";"2024";"21:10";"3";"40";"40211";"1";"1";"1";"6";"Route de Saubusse";"43,65147900";" -1,18437800"
"202400019609";"18";"04";"2024";"01:12";"5";"06";"06088";"2";"2";"1";"3";"Avenue Raoul Dufy";"43,68175000";"7,21475000"
"202400019610";"17";"04";"2024";"16:15";"1";"06";"06088";"2";"8";"1";"6";"Boulevard René Cassin";"43,67494200";"7,22711600"
"202400019611";"20";"12";"2024";"22:29";"3";"85";"85084";"1";"1";"2";"3";"RD160";"46,77910000";" -1,21655000"
"202400019612";"13";"04";"2024";"16:40";"1";"05";"05061";"2";"1";"1";"3";"GENERAL DE GAULLE ( BD )";"44,55965000";"6,07582000"
"202400019613";"23";"12";"2024";"16:25";"1";"85";"85135";"2";"1";"1";"7";"RD746";"46,53814000";" -1,23049000"
"202400019614";"24";"12";"2024";"08:00";"2";"27";"27243";"1";"1";"2";"1";"d 180";"49,40903600";"0,30228500"
"202400019615";"17";"04";"2024";"12:20";"1";"02";"02408";"2";"1";"1";"3";"N/A";"49,56710000";"3,62960000"
"202400019616";"23";"12";"2024";"18:00";"3";"27";"27157";"1";"1";"2";"1";"Rue de Damville";"48,87752300";"1,00279200"
"202400019617";"17";"04";"2024";"20:50";"3";"01";"01289";"1";"1";"1";"3";"BOULEAUX ( CHEMIN DES ) IMPAIR";"46,17916000";"5,22834000"
"202400019618";"22";"12";"2024";"14:23";"1";"10";"10084";"1";"1";"4";"7";" A26";"48,40108700";"4,15021400"
"202400019619";"16";"04";"2024";"19:30";"5";"75";"75116";"2";"1";"2";"3";"BD PERIPHERIQUE EXTERIEUR";"48,87290600";"2,27444700"
"202400019620";"24";"12";"2024";"19:45";"3";"01";"01089";"1";"1";"1";"2";"Autoroute A42";"45,94770300";"5,29948700"
"202400019621";"16";"04";"2024";"23:15";"3";"75";"75120";"2";"3";"2";"3";"PLACE DE LA PORTE DE MONTREUIL";"48,85437800";"2,41290100"
"202400019622";"17";"04";"2024";"13:21";"1";"75";"75119";"2";"4";"8";"6";"RUE ARCHEREAU";"48,88926300";"2,37148900"
"202400019623";"24";"12";"2024";"18:05";"3";"72";"72360";"1";"1";"1";"5";"a81";"48,04554169";"0,10761336"
"202400019624";"17";"04";"2024";"09:30";"1";"75";"75115";"2";"2";"1";"3";"RUE DE VOUILLE";"48,83469900";"2,30516100"
"202400019625";"24";"12";"2024";"11:50";"1";"06";"06088";"1";"1";"1";"2";"A8 PK192.705";"43,71648900";"7,21349500"
"202400019626";"17";"04";"2024";"12:25";"1";"75";"75114";"2";"3";"2";"6";"AVENUE DU GENERAL LECLERC";"48,82689100";"2,32653600"
"202400019627";"22";"12";"2024";"17:34";"2";"49";"49068";"1";"1";"1";"6";"A11- PK 287.700";"47,43296500";" -0,87324100"
"202400019628";"23";"12";"2024";"22:30";"3";"33";"33552";"1";"1";"2";"2";"N/A";"44,63337776";" -0,41564121"
"202400019629";"16";"04";"2024";"11:20";"1";"75";"75114";"2";"2";"2";"7";"BOULEVARD DU MONTPARNASSE";"48,84300100";"2,32632600"
"202400019630";"23";"12";"2024";"17:15";"2";"33";"33005";"2";"1";"1";"6";"N/A";"44,74530800";" -1,09369200"
"202400019631";"17";"04";"2024";"10:00";"1";"75";"75113";"2";"2";"1";"6";"RUE DE TOLBIAC";"48,82847400";"2,37294900"
"202400019632";"24";"12";"2024";"08:00";"1";"987";"98747";"1";"1";"1";"3";"PK 5.300 AFAAHITI";" -17,73045800";" -149,28817000"
"202400019633";"17";"04";"2024";"15:20";"1";"94";"94017";"2";"1";"2";"6";"Avenue des Grands Godets";"48,81262000";"2,53257200"
"202400019634";"21";"12";"2024";"01:12";"5";"34";"34213";"1";"1";"1";"6";"D613";"43,46975500";"3,67567800"
"202400019635";"17";"04";"2024";"18:00";"1";"93";"93070";"2";"1";"8";"6";"Rue Albert Dhalenne";"48,91587164";"2,33084679"
"202400019636";"17";"04";"2024";"18:00";"1";"93";"93039";"2";"9";"9";"7";"Rue Méchin";"48,93572744";"2,33786774"
"202400019637";"23";"12";"2024";"12:00";"1";"13";"13100";"1";"2";"1";"3";"RD571 PK 14+491";"43,80596200";"4,83324400"
"202400019638";"17";"04";"2024";"06:00";"5";"93";"93064";"2";"3";"1";"6";"Rue de la Prevoyance / Avenue Jean Jaurès";"48,86756600";"2,48613600"
"202400019639";"23";"12";"2024";"10:17";"1";"13";"13066";"2";"9";"1";"1";"Noves";"43,87783100";"4,90385100"
"202400019640";"16";"04";"2024";"19:30";"2";"93";"93032";"2";"1";"1";"2";"Rue Vaillant Couturier";"48,86743431";"2,55828738"
"202400019641";"21";"12";"2024";"15:00";"1";"89";"89380";"1";"1";"2";"6";"autoroute A19 pk 028.850";"48,06442900";"3,10861600"
"202400019642";"17";"04";"2024";"09:15";"1";"93";"93008";"2";"1";"1";"3";"Avenue Jean Jaures";"48,90341700";"2,44004400"
"202400019643";"30";"01";"2024";"07:45";"2";"65";"65193";"1";"9";"1";"1";"1156 Route de Mauleon";"42,98788800";"0,57298700"
"202400019644";"24";"12";"2024";"18:15";"4";"57";"57069";"1";"1";"2";"1";"D63b";"49,27340800";"6,63801200"
"202400019645";"17";"04";"2024";"06:30";"2";"93";"93008";"2";"1";"8";"6";"Avenue Paul Vaillant - Couturier";"48,90840000";"2,45142000"
"202400019646";"23";"12";"2024";"18:06";"5";"38";"38524";"2";"1";"3";"6";"Rue de l'Industrie";"45,09787400";"5,68184100"
"202400019647";"29";"01";"2024";"18:30";"3";"14";"14411";"1";"2";"1";"3";"2 Route des Carreaux";"48,96683300";" -0,40227600"
"202400019648";"17";"04";"2024";"08:50";"1";"92";"92064";"2";"1";"7";"6";"MARECHAL JUIN";"48,83800427";"2,22152925"
"202400019649";"23";"12";"2024";"17:57";"3";"17";"17409";"1";"1";"1";"1";"route departementale 733";"45,69108800";" -0,99632300"
"202400019650";"27";"01";"2024";"18:25";"3";"17";"17172";"1";"3";"1";"4";"D143";"45,55766200";" -0,66855100"
"202400019651";"17";"04";"2024";"12:35";"1";"92";"92063";"2";"9";"1";"3";"FLOQUET (RUE CHARLES) EST";"48,87395640";"2,17809319"
"202400019652";"23";"12";"2024";"16:50";"1";"86";"86137";"2";"3";"1";"3";"Avenue d’Anjou";"47,02157100";"0,08018200"
"202400019653";"29";"01";"2024";"19:10";"2";"91";"91666";"1";"1";"1";"1";"SAULX (RUE DE)";"48,68504600";"2,23955300"
"202400019654";"17";"04";"2024";"14:30";"1";"92";"92062";"2";"1";"2";"4";"DE DION BOUTON (QUAI) DU 1 AU 28";"48,87681774";"2,24080503"
"202400019655";"20";"12";"2024";"02:05";"3";"85";"85226";"1";"1";"1";"1";"RD38";"46,73510000";" -1,95865000"
"202400019656";"28";"01";"2024";"11:55";"1";"44";"44149";"1";"1";"1";"7";"2 Le Doux";"47,47004500";" -1,58850100"
"202400019657";"24";"12";"2024";"15:20";"1";"44";"44215";"1";"1";"1";"1";"14 Route des Pégers";"47,14732300";" -1,46887500"
"202400019658";"17";"04";"2024";"08:00";"1";"92";"92025";"2";"2";"1";"3";"KLEBER (AV)";"48,93428637";"2,25587833"
"202400019659";"23";"12";"2024";"21:00";"3";"22";"22339";"1";"1";"2";"6";"le Portail";"48,48067000";" -2,06438400"
"202400019660";"17";"04";"2024";"18:55";"1";"08";"08313";"2";"3";"8";"7";"intersection D30 / rue du port";"49,51222200";"4,29990300"
"202400019661";"29";"01";"2024";"18:15";"5";"62";"62297";"2";"3";"1";"3";"D219";"50,80988100";"2,14941500"
"202400019662";"24";"12";"2024";"17:15";"3";"60";"60589";"1";"1";"2";"4";"Route departemental 44";"49,20522000";"2,46468200"
"202400019663";"17";"04";"2024";"19:30";"3";"43";"43038";"1";"1";"1";"1";"Arvant";"45,34545000";"3,34866800"
"202400019664";"28";"01";"2024";"00:15";"4";"56";"56222";"1";"1";"1";"6";"La Harazée";"47,81513200";" -2,72911100"
"202400019665";"30";"01";"2024";"00:40";"3";"56";"56101";"1";"1";"1";"6";"Lieu-Dit Talhouët Spinifort";"47,82642400";" -3,20073400"
"202400019666";"17";"04";"2024";"17:10";"1";"28";"28201";"1";"1";"2";"1";"RD906";"48,51421300";"1,51785900"
"202400019667";"13";"12";"2024";"17:16";"3";"13";"13203";"1";"1";"1";"4";"A7-Sens Lyon vers Marseille";"43,30602000";"5,37488000"
"202400019668";"17";"04";"2024";"02:54";"3";"87";"87148";"1";"1";"1";"1";"A 20";"45,72637500";"1,34385100"
"202400019669";"30";"01";"2024";"14:15";"1";"76";"76449";"1";"1";"1";"1";"D929";"49,67484900";"1,13892000"
"202400019670";"29";"01";"2024";"13:12";"1";"33";"33443";"1";"1";"1";"6";"N/A";"44,65192500";" -0,04890200"
"202400019671";"20";"12";"2024";"05:07";"5";"13";"13214";"1";"1";"6";"3";"A507 sens Aubagne- Marseille";"43,32987658";"5,39435720"
"202400019672";"18";"04";"2024";"10:27";"1";"59";"59016";"1";"4";"1";"3";"croisement de la rue Laboureur et de la D3";"50,96765700";"2,36392700"
"202400019673";"30";"01";"2024";"12:55";"1";"69";"69070";"2";"1";"1";"1";"4 Rue des Marronniérs";"46,01342700";"4,37174300"
"202400019674";"23";"12";"2024";"04:35";"5";"83";"83137";"1";"1";"6";"2";"A50";"43,12529939";"5,90724511"
"202400019675";"27";"01";"2024";"03:52";"3";"69";"69109";"1";"9";"2";"6";"Route Départementale 78";"46,14548896";"4,62458077"
"202400019676";"17";"04";"2024";"22:20";"3";"30";"30125";"1";"6";"1";"3";"D442";"43,77731900";"4,42913700"
"202400019677";"30";"01";"2024";"17:30";"1";"49";"49069";"1";"1";"1";"6";"La Coindassière (La Varenne)";"47,32838100";" -1,28935400"
"202400019678";"12";"04";"2024";"11:35";"1";"89";"89239";"2";"3";"1";"3";"Route de Noé";"48,16979200";"3,34422600"
"202400019679";"30";"01";"2024";"14:45";"1";"12";"12045";"2";"1";"1";"7";"lieu-dit noyes";"44,22820400";"2,44338700"
"202400019680";"18";"12";"2024";"12:25";"1";"57";"57412";"1";"1";"1";"4";"Autoroute A31";"49,11487800";"6,16076900"
"202400019681";"18";"04";"2024";"13:30";"1";"76";"76163";"1";"9";"7";"2";"1475 Route de la Forge";"49,51720486";"1,32626081"
"202400019682";"28";"01";"2024";"12:35";"1";"46";"46330";"1";"3";"1";"3";"N/A";"44,94613900";"1,70341200"
"202400019683";"18";"04";"2024";"15:30";"1";100;100063";"1";"7";"1";"6";"le village";"42,36432700";"9,36565700"
"202400019684";"28";"01";"2024";"16:50";"2";"84";"84079";"1";"1";"1";"3";"RD 942";"44,05164700";"5,33156600"