"Num_Acc";"jour";"mois";"an";"hrmn";"lum";"dep";"com";"agg";"int";"atm";"col";"adr";"lat";"long"
"202400019685";"21";"12";"2024";"21:30";"3";"78";"78133";"1";"1";"2";"5";"A13";"48,88759000";"2,01172000"
"202400019686";"18";"04";"2024";"10:30";"1";"80";"80737";"2";"2";"1";"3";"D222";"50,02537900";"3,04567500"
"202400019687";"21";"12";"2024";"21:20";"3";"92";"92025";"1";"1";"2";"2";"A86";"48,93269508";"2,24971309"
"202400019688";"30";"01";"2024";"01:20";"3";"03";"03319";"1";"2";"1";"3";"D46";"46,32292700";"3,08587100"
"202400019689";"21";"12";"2024";"18:06";"3";"78";"78217";"1";"1";"2";"6";"A13";"48,96358966";"1,82797822"
"202400019690";"17";"04";"2024";"19:10";"1";"33";"33547";"2";"1";"1";"1";"N/A";"44,46619600";" -0,36821100"
"202400019691";"30";"01";"2024";"14:30";"1";"03";"03301";"1";"1";"1";"7";"chemin des trechamps";"46,43263300";"2,59203900"
"202400019692";"23";"12";"2024";"00:10";"3";"93";"93013";"1";"1";"9";"2";"AUTOROUTE A1";"48,94129741";"2,42739109"
"202400019693";"30";"01";"2024";"09:50";"1";"06";"06079";"2";"1";"1";"2";"Avenue Jean Mermoz";"43,56539900";"6,94925200"
"202400019694";"18";"04";"2024";"09:00";"1";"63";"63085";"1";"1";"1";"1";"route départementale 62";"45,88545602";"2,86874099"
"202400019695";"23";"12";"2024";"00:45";"4";"75";"75120";"1";"1";"1";"7";"AUTOROUTE A3";"48,86366908";"2,41323762"
"202400019696";"29";"01";"2024";"12:20";"1";"14";"14209";"1";"1";"1";"2";"573 Route du Molay-Littry";"49,25509641";" -0,82330942"
"202400019697";"17";"04";"2024";"20:45";"2";"61";"61327";"1";"1";"1";"6";"RD27";"48,44578100";"0,40961700"
"202400019698";"23";"12";"2024";"00:40";"3";"92";"92036";"1";"1";"1";"7";"AUTOROUTE A15";"48,93900272";"2,29566479"
"202400019699";"30";"01";"2024";"15:40";"1";"14";"14454";"1";"1";"1";"7";"195 Rue Verte";"49,15262400";" -0,47658600"
"202400019700";"22";"12";"2024";"22:10";"3";"95";"95018";"1";"1";"1";"6";"A15";"48,94970996";"2,28053232"
"202400019701";"18";"04";"2024";"06:20";"2";"61";"61210";"1";"1";"1";"6";"D204";"48,68722000";" -0,11207300"
"202400019702";"4";"12";"2024";"11:00";"1";"44";"44143";"2";"1";"7";"6";"Place François Mitterand";"47,18455846";" -1,55938290"
"202400019703";"30";"01";"2024";"17:50";"2";"18";"18005";"1";"1";"1";"4";"N/A";"47,17396200";"2,19503400"
"202400019704";"4";"12";"2024";"12:35";"1";"44";"44109";"2";"1";"1";"3";"144 Rue Paul Bellamy";"47,22901000";" -1,56229200"
"202400019705";"29";"01";"2024";"15:45";"1";"43";"43087";"1";"1";"1";"3";"Le Mirail";"45,21346204";"4,38146741"
"202400019706";"4";"12";"2024";"14:10";"1";"44";"44143";"2";"1";"1";"7";"Rue Félix Eboué";"47,19679100";" -1,56220260"
"202400019707";"3";"12";"2024";"08:00";"2";"44";"44109";"2";"1";"1";"6";"Boulevard Alexandre Millerand";"47,20841795";" -1,53050982"
"202400019708";"30";"01";"2024";"10:30";"1";"36";"36006";"2";"1";"1";"6";"25 Avenue Rollinat";"46,58856800";"1,51396300"
"202400019709";"17";"04";"2024";"08:00";"1";"44";"44116";"2";"3";"1";"3";"51 Boulevard de l'Astrolabe";"47,28586700";" -2,02272900"
"202400019710";"2";"12";"2024";"09:00";"2";"44";"44162";"2";"1";"1";"1";"Rue de la Porchellerie";"47,22385550";" -1,67045482"
"202400019711";"27";"11";"2024";"12:10";"1";"44";"44190";"2";"1";"2";"7";"Rue du Lieutenant Augé";"47,19708200";" -1,51911400"
"202400019712";"30";"01";"2024";"12:00";"1";"24";"24229";"1";"1";"1";"1";"avenue de brive 6089";"45,12977300";"1,24014600"
"202400019713";"18";"04";"2024";"17:00";"1";"29";"29205";"1";"1";"1";"4";"Kergonval";"48,31833290";" -3,52066677"
"202400019714";"8";"09";"2024";"07:00";"1";"57";"57463";"2";"1";"8";"6";"Rue Gambetta";"49,11055400";"6,17467700"
"202400019715";"17";"04";"2024";"16:15";"1";"29";"29011";"1";"1";"1";"1";"route de Kerdonval";"48,43641200";" -4,53129200"
"202400019716";"30";"01";"2024";"10:25";"1";"49";"49163";"1";"2";"2";"3";"N/A";"47,55774700";" -0,22957300"
"202400019717";"22";"12";"2024";"14:39";"1";"973";"97302";"2";"3";"2";"3";"CABASSOU (ROUTE DE)";"4,91750230";" -52,31282777"
"202400019718";"16";"04";"2024";"15:30";"1";"01";"01320";"2";"1";"1";"3";"Route de Pont de Vaux";"46,31897800";"4,87811700"
"202400019719";"21";"12";"2024";"23:10";"5";"973";"97302";"2";"1";"1";"3";"FELIX EBOUE (Rue)";"4,94071000";" -52,30466000"
"202400019720";"24";"01";"2024";"07:25";"1";"06";"06088";"1";"1";"1";"4";"Autoroute A8, PK 193.500 chaussée nord";"43,72251300";"7,22316700"
"202400019721";"17";"04";"2024";"23:47";"3";"85";"85146";"1";"1";"1";"1";"RD137";"46,93500000";" -1,27314400"
"202400019722";"22";"12";"2024";"19:00";"5";"69";"69388";"2";"1";"2";"3";"Avenue Paul Santy";"45,72838972";"4,87714963"
"202400019723";"17";"04";"2024";"13:35";"1";"64";"64314";"1";"1";"2";"1";"D933";"43,23022700";" -1,10189400"
"202400019724";"30";"01";"2024";"07:30";"2";"38";"38239";"1";"1";"1";"2";"d 1085 pk 041.200";"45,33781100";"5,54346100"
"202400019725";"22";"12";"2024";"03:22";"5";"69";"69383";"2";"2";"1";"6";"Cours de la Liberté";"45,75994000";"4,84236000"
"202400019726";"21";"12";"2024";"22:02";"5";"972";"97213";"2";"1";"1";"3";"ROUTE DEPARTEMENTALE 14";"14,62476000";" -61,01859000"
"202400019727";"26";"01";"2024";"11:20";"1";"45";"45302";"1";"1";"2";"3";"A10 péage Orléans-nord";"47,94921152";"1,84878743"
"202400019728";"7";"04";"2024";"10:20";"1";"36";"36064";"1";"1";"1";"4";"N/A";"46,82897089";"1,79660528"
"202400019729";"29";"01";"2024";"02:30";"3";"988";"98813";"1";"1";"1";"6";"Route des Boeufs - VU 46";" -21,71524100";"165,84650900"
"202400019730";"22";"12";"2024";"07:35";"2";"69";"69382";"2";"3";"1";"2";"Place Antonin Poncet";"45,75580000";"4,83549000"
"202400019731";"18";"04";"2024";"14:30";"1";"27";"27425";"1";"3";"1";"3";"D438";"49,14929300";"0,66512300"
"202400019732";"8";"09";"2024";"00:46";"3";"56";"56260";"2";"1";"1";"7";"Rue Winston Churchill";"47,64378000";" -2,77119000"
"202400019733";"22";"12";"2024";"06:17";"5";100;100037";"2";"9";"1";"5";"TOUTES RUES";"42,62868000";"9,43776000"
"202400019734";"16";"04";"2024";"16:30";"1";"17";"17434";"1";"1";"1";"3";"D209";"46,11394400";" -0,73565500"
"202400019735";"29";"01";"2024";"20:10";"3";"971";"97107";"1";"1";"1";"2";"Rocade RN1 sens POINTE A PITRE vers BASSE TERRE";"16,05136100";" -61,57073000"
"202400019736";"22";"12";"2024";"12:55";"1";"971";"97105";"2";"1";"1";"6";"PERES DOMINICAINS(AVENUE DES)";"16,00833000";" -61,74008000"
"202400019737";"17";"04";"2024";"12:00";"1";"17";"17323";"1";"2";"1";"3";"1601 Route des Huttes";"46,01813200";" -1,38955600"
"202400019738";"21";"12";"2024";"17:45";"5";101;101004";"2";"1";"1";"6";"MARECHAL JUIN AVENUE";"41,94182000";"8,74989000"
"202400019739";"29";"01";"2024";"16:40";"1";100;100042";"2";"9";"1";"3";"Route de la Gare";"42,56309900";"9,44630300"
"202400019740";"7";"09";"2024";"09:00";"1";"56";"56121";"2";"6";"1";"3";"Rue de Ploemeur";"47,76009000";" -3,38971000"
"202400019741";"17";"04";"2024";"14:35";"1";"13";"13058";"1";"3";"1";"3";"Avenue de Roquerousse";"43,70999800";"4,80006000"
"202400019742";"30";"01";"2024";"18:10";"2";"84";"84054";"1";"9";"1";"1";"Chemin des Calades";"43,89697200";"5,04657100"
"202400019743";"22";"12";"2024";"17:55";"4";"91";"91228";"1";"1";"2";"5";"RN 449";"48,63618901";"2,41663277"
"202400019744";"7";"09";"2024";"02:35";"5";"54";"54528";"2";"1";"1";"6";"Avenue Victor Hugo";"48,67685000";"5,88309000"
"202400019745";"18";"04";"2024";"08:34";"1";"974";"97423";"2";"9";"1";"3";"Chemin Montee Panon";" -21,12240100";"55,26473400"
"202400019746";"17";"04";"2024";"16:00";"1";"974";"97423";"1";"1";"1";"7";"Chemin Montee Panon";" -21,11540161";"55,27142555"
"202400019747";"28";"01";"2024";"18:00";"3";"13";"13093";"2";"3";"1";"3";"D561";"43,68702800";"5,39488300"
"202400019748";"21";"12";"2024";"18:35";"5";"89";"89338";"1";"9";"2";"3";"REPUBLIQUE (RUE DE LA)";"48,22200000";"3,28796000"
"202400019749";"18";"04";"2024";"04:56";"3";"34";"34058";"1";"1";"1";"7";"M610";"43,68370100";"4,00425900"
"202400019750";"30";"01";"2024";"11:10";"1";"13";"13015";"2";"6";"1";"1";"Place des Muriers";"43,46275500";"5,40900700"
"202400019751";"8";"09";"2024";"01:00";"4";"54";"54395";"2";"1";"2";"6";"Boulevard Lobau";"48,67680000";"6,20118000"
"202400019752";"17";"04";"2024";"20:15";"1";"06";"06021";"2";"1";"1";"6";"3031 Route Métropolitaine 27 Basse";"43,85709800";"7,18268200"
"202400019753";"28";"01";"2024";"15:40";"1";"38";"38317";"2";"1";"1";"6";"Cours Saint - André";"45,13490400";"5,70127600"
"202400019754";"14";"04";"2024";"09:15";"1";"88";"88417";"1";"1";"1";"3";"Route d?Epinal";"48,32900100";"6,64234000"
"202400019755";"22";"12";"2024";"17:55";"5";"81";"81065";"2";"3";"2";"3";"1 Boulevard des Lices";"43,60515700";"2,23716000"
"202400019756";"30";"01";"2024";"08:15";"1";"81";"81128";"2";"1";"1";"6";"Route de Roquecourbe";"43,66690700";"2,34458100"
"202400019757";"7";"09";"2024";"13:10";"1";"54";"54300";"1";"1";"1";"2";"Rue Pierre Cremel";"48,64197400";"6,26139100"
"202400019758";"21";"12";"2024";"08:30";"5";"79";"79191";"2";"1";"5";"7";"N/A";"46,33263000";" -0,45711000"
"202400019759";"17";"04";"2024";"11:15";"1";"69";"69131";"1";"1";"3";"1";"48 Route des Monts du Lyonnais";"45,69547900";"4,68460100"
"202400019760";"11";"01";"2024";"07:41";"3";"72";"72016";"1";"1";"9";"7";"Lieu Dit La Jeune Panne";"47,87533900";" -0,34184200"
"202400019761";"7";"09";"2024";"18:35";"1";"44";"44009";"1";"1";"2";"6";"N/A";"47,22922000";" -1,46892000"
"202400019762";"15";"04";"2024";"21:50";"2";"44";"44179";"1";"1";"1";"1";"la banque";"47,35991800";" -1,45500200"
"202400019763";"30";"01";"2024";"19:20";"3";"22";"22136";"1";"1";"1";"6";"RN 164 PK 40";"48,18132200";" -2,73128300"
"202400019764";"17";"04";"2024";"07:10";"2";"29";"29042";"1";"1";"1";"6";"route de Tremaidic";"48,26062700";" -4,47744400"
"202400019765";"6";"09";"2024";"17:20";"1";"37";"37261";"2";"1";"1";"6";"BERANGER (BOULEVARD)";"47,38944000";"0,68327000"
"202400019766";"29";"01";"2024";"20:00";"5";"76";"76596";"2";"4";"1";"7";"Côte des Châtaigniers";"49,52889900";"0,25343700"
"202400019767";"22";"12";"2024";"15:40";"1";"76";"76540";"1";"1";"1";"3";"N28";"49,43894000";"1,11594000"
"202400019768";"16";"04";"2024";"13:30";"1";"29";"29032";"2";"1";"1";"1";"Route du Drennec";"47,91472231";" -4,07157170"
"202400019769";"17";"04";"2024";"19:15";"1";"60";"60022";"1";"1";"1";"6";"Rue de Saint-maximin";"49,22164400";"2,49542000"
"202400019770";"21";"12";"2024";"00:10";"5";"76";"76217";"2";"1";"2";"1";"ENTREPOT (DE L')";"49,92181000";"1,08370000"
"202400019771";"29";"01";"2024";"18:36";"5";"60";"60628";"2";"2";"1";"2";"Rue du Maréchal Leclerc";"49,41500100";"2,16263300"
"202400019772";"7";"09";"2024";"14:00";"1";"35";"35051";"1";"1";"1";"7";"A84";"48,14690000";" -1,59269000"
"202400019773";"18";"04";"2024";"18:10";"1";"80";"80561";"1";"1";"1";"3";"D935";"49,64246300";"2,57778500"
"202400019774";"29";"01";"2024";"13:00";"1";"83";"83137";"1";"1";"1";"6";"A57";"43,12237943";"5,95668833"
"202400019775";"21";"12";"2024";"16:00";"1";"62";"62386";"2";"2";"3";"3";"Place Saint Louis";"50,45225000";"2,75189000"
"202400019776";"17";"04";"2024";"18:15";"1";"59";"59139";"2";"1";"1";"2";"D643";"50,13122800";"3,42379800"
"202400019777";"25";"01";"2024";"11:05";"1";"54";"54027";"1";"9";"1";"2";"Autoroute A 31";"48,89230805";"6,10099554"
"202400019778";"20";"12";"2024";"15:30";"2";"62";"62239";"2";"1";"2";"4";"Boulevard de l’Europe";"50,93836980";"1,81230640"
"202400019779";"7";"09";"2024";"09:50";"1";"35";"35278";"1";"1";"1";"2";"RD 137";"48,14216000";" -1,69721000"
"202400019780";"17";"04";"2024";"00:15";"3";"92";"92072";"1";"1";"1";"2";"N118";"48,81977963";"2,21805485"
"202400019781";"22";"12";"2024";"03:12";"5";"60";"60057";"2";"2";"3";"6";"SAINT ANDRE (BOULEVARD) - PAIR -";"49,43192000";"2,08976000"
"202400019782";"27";"01";"2024";"09:10";"1";"54";"54312";"1";"1";"1";"6";"Autoroute A 31";"48,93247124";"6,11168146"
"202400019783";"17";"04";"2024";"00:37";"3";"93";"93007";"1";"1";"2";"2";"A1";"48,94359133";"2,43603045"
"202400019784";"21";"12";"2024";"15:02";"1";"54";"54280";"2";"1";"1";"6";"Rue de Franchepré";"49,22352080";"6,00858539"
"202400019785";"29";"01";"2024";"14:03";"1";"33";"33192";"1";"1";"1";"2";"N/A";"44,78963400";" -0,61734800"
"202400019786";"7";"09";"2024";"18:45";"1";"33";"33162";"1";"1";"1";"3";"N/A";"44,87605000";" -0,66058000"
"202400019787";"22";"12";"2024";"16:30";"1";"50";"50218";"2";"1";"1";"6";"PAUL POIRIER (RUE)";"48,83744000";" -1,59781000"
"202400019788";"17";"04";"2024";"18:45";"1";"77";"77373";"1";"1";"1";"2";"RN104";"48,78552700";"2,61688300"
"202400019789";"7";"09";"2024";"20:00";"2";"31";"31555";"2";"1";"1";"6";"RUE DE SAINTONGE";"43,58240000";"1,41055000"
"202400019790";"20";"12";"2024";"13:10";"1";"49";"49099";"1";"1";"1";"1";"SARTHE (RUE DE LA)";"47,08696000";" -0,85086000"
"202400019791";"17";"04";"2024";"09:55";"1";"94";"94069";"1";"9";"1";"2";"A4";"48,81731094";"2,44243718"
"202400019792";"16";"01";"2024";"17:30";"1";"44";"44152";"1";"1";"8";"7";"La Renais";"47,47474646";" -2,00682949"
"202400019793";"22";"12";"2024";"21:20";"3";"35";"35334";"1";"1";"2";"6";"ROCADE 16-17";"48,14494745";" -1,58997595"
"202400019794";"16";"02";"2024";"16:45";"1";"74";"74298";"2";"3";"1";"6";"TANINGES (ROUTE DE )";"46,18813000";"6,26886800"
"202400019795";"6";"09";"2024";"17:30";"1";"31";"31555";"2";"1";"1";"3";"RUE MARIE CLAIRE DE CATELLAN";"43,62731000";"1,44551000"
"202400019796";"17";"02";"2024";"19:19";"5";"988";"98818";"2";"1";"1";"7";"RUE RICHARD BERNIER";" -22,29636000";"166,44021000"
"202400019797";"22";"12";"2024";"09:00";"1";"34";"34301";"2";"3";"1";"3";"VERDUN (BOULEVARD DE)";"43,41053000";"3,67763000"
"202400019798";"27";"01";"2024";"23:50";"5";"988";"98818";"2";"6";"1";"6";"RUE BERTHELOT";" -22,26021000";"166,44441000"
"202400019799";"21";"12";"2024";"11:50";"1";"34";"34301";"2";"1";"1";"3";"AVENUE DES EAUX BLANCHES";"43,42015000";"3,71698000"
"202400019800";"29";"08";"2024";"14:11";"1";"28";"28070";"1";"1";"1";"3";"D823";"48,46927000";"1,52422000"
"202400019801";"22";"12";"2024";"05:00";"5";"34";"34172";"2";"1";"1";"1";"GOSSEC (RUE FRANCOIS-JOSEPH)";"43,57522000";"3,85608000"
"202400019802";"28";"01";"2024";"18:20";"3";"974";"97416";"2";"3";"3";"3";"FOUR A CHAUX(RUE DU)";" -21,34072000";"55,46910000"
"202400019803";"16";"02";"2024";"15:20";"1";"974";"97416";"1";"1";"1";"5";"RN1 (ROUTE NATIONALE)";" -21,33227000";"55,45823000"
"202400019804";"22";"12";"2024";"15:30";"1";"33";"33281";"2";"1";"2";"6";"N/A";"44,82939000";" -0,66243000"
"202400019805";"7";"09";"2024";"04:55";"3";"26";"26058";"2";"1";"1";"6";"N/A";"44,94472000";"4,88737000"
"202400019806";"16";"04";"2024";"12:55";"1";"976";"97611";"2";"1";"1";"6";"m'tsapere-Nationale 2 (route)";" -12,78785000";"45,22451000"
"202400019807";"28";"01";"2024";"10:15";"1";"974";"97409";"2";"3";"1";"3";"DE LA REPUBLIQUE(AVENUE)";" -20,96364000";"55,65617000"
"202400019808";"15";"04";"2024";"17:05";"1";"976";"97611";"1";"1";"1";"3";"Hauts Vallons - Majicavo ( rue des)";" -12,75857000";"45,23100000"
"202400019809";"22";"12";"2024";"11:50";"1";"33";"33069";"2";"3";"1";"3";"N/A";"44,86251000";" -0,58461000"
"202400019810";"21";"12";"2024";"17:50";"5";"30";"30007";"2";"1";"1";"7";"BRIGADE DU LANGUEDOC (QUAI DE LA)";"44,11919000";"4,08706000"
"202400019811";"28";"01";"2024";"09:14";"1";"973";"97302";"2";"2";"1";"2";"MONTABO (ROUTE DE) 1";"4,94437727";" -52,30985910"
"202400019812";"28";"01";"2024";"03:35";"5";"973";"97302";"2";"1";"1";"7";"HENRI QUINTRIE(RUE)";"4,93380050";" -52,33300388"
"202400019813";"16";"04";"2024";"20:26";"3";"974";"97416";"2";"1";"1";"4";"RN1 (ROUTE NATIONALE)";" -21,33179000";"55,45764000"
"202400019814";"28";"01";"2024";"10:45";"1";"972";"97209";"2";"1";"1";"2";"REDOUTE (ROUTE DE LA)";"14,62963000";" -61,05834000"
"202400019815";"21";"12";"2024";"12:20";"1";"30";"30007";"2";"1";"1";"5";"BRIGADE DU LANGUEDOC (QUAI DE LA)";"44,11328000";"4,09407000"
"202400019816";"7";"09";"2024";"21:12";"5";"25";"25031";"2";"2";"3";"5";"REVOLUTION DE 1789 AVENUE DE LA)";"47,47886000";"6,84244000"
"202400019817";"22";"12";"2024";"08:40";"1";"25";"25462";"2";"1";"4";"6";"PAREUSES DES (+ CITE)";"46,90615000";"6,36249000"
"202400019818";"27";"01";"2024";"14:30";"1";"972";"97209";"1";"1";"1";"6";"REDOUTE (ROUTE DE LA)";"14,63443000";" -61,05472000"
"202400019819";"16";"04";"2024";"15:50";"1";"974";"97411";"2";"1";"1";"1";"VICTOIRE (AVENUE DE LA)";" -20,87431000";"55,44694000"
"202400019820";"17";"12";"2024";"10:19";"1";"18";"18033";"2";"6";"1";"6";"Avenue Henri Laudier";"47,09106000";"2,39368000"
"202400019821";"8";"09";"2024";"01:15";"3";"22";"22360";"1";"6";"1";"6";"SAINT-RIVILY (RUE DE)";"48,48863000";" -2,76233400"
"202400019822";"27";"01";"2024";"05:50";"3";"84";"84035";"1";"1";"1";"7";"BOSCODOMINI (AVENUE)";"43,81900000";"5,05300000"
"202400019823";"16";"04";"2024";"11:15";"1";"974";"97411";"2";"1";"1";"1";"CASSIN (AVENUE RENE)";" -20,90283000";"55,48753000"
"202400019824";"22";"12";"2024";"07:10";"5";"13";"13202";"2";"1";"1";"7";"VAUDOYER (AVENUE)";"43,29725000";"5,36336000"
"202400019825";"16";"04";"2024";"07:35";"1";"974";"97411";"2";"3";"1";"3";"MACE (BOULEVARD GABRIEL)";" -20,87246000";"55,44968000"
"202400019826";"21";"12";"2024";"10:00";"1";"07";"07019";"2";"1";"1";"6";"BELLANDE (AVENUE DE )";"44,61514000";"4,40096000"
"202400019827";"28";"01";"2024";"15:20";"1";"83";"83009";"2";"3";"1";"3";"DE GAULLE (QUAI CHARLES)";"43,13629000";"5,75740000"
"202400019828";"7";"09";"2024";"14:20";"1";"22";"22360";"2";"6";"1";"2";"MARCEL RAULT";"48,48803000";" -2,74026000"
"202400019829";"22";"12";"2024";"02:15";"5";"75";"75105";"2";"5";"3";"6";"BOULEVARD SAINT MARCEL";"48,83687300";"2,35218580"
"202400019830";"15";"04";"2024";"16:45";"1";"974";"97411";"2";"1";"1";"2";"LATTRE DE TASSIGNY (AVENUE MARECHAL DE)";" -20,88884000";"55,47529000"
"202400019831";"28";"01";"2024";"11:30";"1";"78";"78146";"2";"1";"1";"3";"LIEUTENANT RICARD (RUE DU)";"48,89918000";"2,14694000"
"202400019832";"22";"12";"2024";"13:05";"1";"75";"75116";"2";"2";"3";"1";"AVENUE DE VERSAILLES";"48,84377000";"2,26998100"
"202400019833";"12";"04";"2024";"05:28";"5";"69";"69382";"2";"1";"1";"3";"Quai Docteur Gailleton";"45,75364162";"4,83401209"
"202400019834";"22";"12";"2024";"03:00";"5";"75";"75112";"2";"3";"2";"1";"BOULEVARD DIDEROT";"48,84608100";"2,37600700"
"202400019835";"7";"09";"2024";"20:25";"2";"16";"16089";"1";"3";"1";"3";"N/A";"45,66884000";" -0,32084000"
"202400019836";"16";"04";"2024";"15:10";"1";"971";"97113";"2";"9";"1";"3";"Morne Salines";"16,21443421";" -61,43896401"
"202400019837";"22";"12";"2024";"16:23";"1";"75";"75108";"2";"3";"2";"6";"RUE WASHINGTON";"48,87193400";"2,30118100"
"202400019838";"7";"09";"2024";"03:30";"5";"13";"13026";"1";"1";"1";"1";"RN 568 CLM";"43,39457000";"5,12705000"
"202400019839";"9";"01";"2024";"22:26";"3";"971";"97101";"1";"1";"1";"6";"GRAND CAMP(SECTION)";"16,25371000";" -61,54037000"
"202400019840";"28";"01";"2024";"09:27";"1";"77";"77276";"1";"1";"1";"6";"QUINCY (ROUTE DE )";"48,91484166";"2,87834706"
"202400019841";"22";"12";"2024";"12:00";"1";"75";"75108";"2";"3";"1";"7";"AVENUE DES CHAMPS ELYSEES";"48,87100500";"2,30346100"
"202400019842";"28";"01";"2024";"02:45";"5";"971";"97113";"1";"1";"1";"3";"RN4 - SECTION RIVIERA";"16,21806000";" -61,49880000"
"202400019843";"7";"09";"2024";"01:07";"5";"13";"13208";"2";"1";"1";"3";"ERNEST DELIBES (PLACE)";"43,27909000";"5,38287000"
"202400019844";"27";"01";"2024";"17:00";"1";"77";"77268";"2";"3";"1";"6";"RUE DE LA BOISERIE";"48,86177532";"2,82269132"
"202400019845";"16";"04";"2024";"13:19";"1";101;101004";"2";"6";"1";"7";"BEVERINI VICO PAIR AVENUE";"41,92681000";"8,73481000"
"202400019846";"22";"12";"2024";"01:10";"5";"75";"75103";"2";"3";"3";"7";"BOULEVARD BEAUMARCHAIS";"48,85950000";"2,36767600"
"202400019847";"29";"01";"2024";"01:45";"5";"76";"76540";"2";"3";"1";"6";"Avenue du Mont Riboudet";"49,44526000";"1,07326000"
"202400019848";"19";"02";"2024";"09:30";"1";"95";"95018";"2";"1";"1";"6";"D392";"48,94171235";"2,20674244"
"202400019849";"22";"12";"2024";"19:00";"5";"94";"94033";"2";"1";"2";"6";"Avenue Louison Bobet";"48,85239000";"2,48655000"
"202400019850";"7";"09";"2024";"02:10";"3";"13";"13004";"1";"1";"1";"2";"RTE N113 MARSEILLE A BORBEAUX";"43,65967000";"4,64385000"
"202400019851";"28";"01";"2024";"18:15";"3";"76";"76451";"1";"1";"1";"2";"Avenue du Bois des Dames";"49,47796000";"1,09405000"
"202400019852";"22";"12";"2024";"12:00";"1";"94";"94017";"2";"2";"1";"3";"Rue Alexandre Fourny";"48,81929000";"2,51472000"
"202400019853";"28";"01";"2024";"11:15";"1";"74";"74281";"2";"1";"1";"6";"GARE (PLACE DE LA)";"46,36836000";"6,47970000"
"202400019854";"7";"09";"2024";"01:56";"5";"13";"13001";"2";"5";"6";"7";"GALICE (RTE DE)";"43,52895000";"5,42388000"
"202400019855";"22";"12";"2024";"06:51";"5";"93";"93066";"2";"3";"2";"1";"""STALINGRAD (AVENUE), NR 88 A 114 BIS""";"48,94600000";"2,36626000"
"202400019856";"18";"02";"2024";"18:50";"5";"91";"91691";"2";"1";"2";"4";"RD 94";"48,70700000";"2,49680000"
"202400019857";"28";"01";"2024";"10:15";"1";"69";"69266";"2";"2";"1";"3";"Rue Antoine Primat";"45,75818000";"4,89325000"
"202400019858";"22";"12";"2024";"02:47";"5";"93";"93046";"2";"1";"2";"6";"Avenue Winston Churchill";"48,91315909";"2,53814523"
"202400019859";"5";"04";"2024";"07:18";"2";"81";"81065";"2";"1";"1";"3";"ALBERT 1° (AV)";"43,59790000";"2,22990000"
"202400019860";"6";"09";"2024";"17:40";"1";"11";"11069";"1";"1";"1";"4";"RD 6113";"43,22700500";"2,33046200"
"202400019861";"28";"01";"2024";"16:40";"1";"64";"64125";"2";"1";"1";"2";"ATHERBEA (AVENUE)";"43,43772000";" -1,59080000"
"202400019862";"22";"12";"2024";"16:09";"1";"93";"93006";"2";"3";"2";"6";"Rue de Noisy le Sec / Rue de Romainville";"48,87810000";"2,42135000"
"202400019863";"22";"12";"2024";"18:56";"5";"93";"93031";"2";"1";"2";"1";"JEAN JAURES (AVENUE)";"48,95432789";"2,31743932"
"202400019864";"27";"01";"2024";"15:00";"1";"64";"64024";"2";"2";"1";"1";"HARDOY (RUE DE)";"43,49355076";" -1,51005685"
"202400019865";"7";"09";"2024";"11:20";"1";"07";"07102";"2";"6";"1";"3";"Jean MOULIN (Rue)";"44,93769000";"4,86319000"
"202400019866";"16";"04";"2024";"03:14";"5";"77";"77373";"2";"6";"6";"6";"D1004";"48,77674300";"2,59554800"
"202400019867";"23";"12";"2024";"13:40";"1";"26";"26083";"1";"1";"2";"1";"Route de Saint Sorlin";"45,24951700";"4,94736700"
"202400019868";"23";"12";"2024";"14:00";"1";"71";"71047";"2";"1";"1";"6";"48 Avenue Emile et Claude Puzenat";"46,62450400";"3,75662100"
"202400019869";"15";"04";"2024";"13:00";"1";"77";"77014";"2";"1";"1";"1";"FRANKLIN ROOSEVELT (AVENUE)";"48,41691000";"2,72528000"
"202400019870";"28";"01";"2024";"11:55";"1";"63";"63032";"2";"1";"1";"5";"AUBIERE (ROUTE D')";"45,74983000";"3,09318000"
"202400019871";"7";"09";"2024";"04:45";"5";"06";"06088";"2";"2";"1";"2";"27 Promenade des Anglais";"43,69475000";"7,26110000"
"202400019872";"23";"12";"2024";"09:20";"1";"95";"95487";"2";"1";"1";"6";"D78";"49,15443090";"2,26948669"
"202400019873";"28";"01";"2024";"15:25";"1";"62";"62907";"1";"9";"1";"3";"D917";"50,48491480";"2,98326248"
"202400019874";"16";"04";"2024";"16:45";"1";"74";"74298";"2";"1";"1";"5";"TANINGES (ROUTE DE )";"46,19107000";"6,25580000"
"202400019875";"23";"12";"2024";"12:00";"1";"77";"77505";"1";"1";"1";"7";"Autoroute A4";"48,91448300";"2,97681200"
"202400019876";"7";"09";"2024";"08:49";"1";"06";"06069";"2";"1";"1";"6";"1 Chemin des Chenes";"43,64081000";"6,91118000"
"202400019877";"23";"12";"2024";"10:35";"1";"14";"14027";"2";"1";"1";"6";"Rue de Villers";"49,02504417";" -0,63257036"
"202400019878";"27";"01";"2024";"16:30";"1";"62";"62498";"2";"3";"1";"3";"Rue Molière";"50,43700404";"2,79716009"