"Num_Acc";"jour";"mois";"an";"hrmn";"lum";"dep";"com";"agg";"int";"atm";"col";"adr";"lat";"long"
"202400019879";"15";"04";"2024";"14:30";"1";"72";"72181";"2";"3";"1";"3";"FLORE (RUE DE) N° IMP 1 A 67";"48,00213000";"0,20721000"
"202400019880";"26";"01";"2024";"16:10";"1";"62";"62193";"2";"1";"1";"6";"Avenue Antoine de Saint Exupéry";"50,94645000";"1,89674000"
"202400019881";"22";"12";"2024";"17:18";"3";"87";"87019";"1";"1";"3";"6";"autoroute A20 PK194+700";"45,74782100";"1,33964500"
"202400019882";"15";"04";"2024";"08:30";"1";"72";"72181";"2";"6";"1";"3";"VIEUX LOUP (RUE DU)";"48,00207000";"0,17464000"
"202400019883";"6";"09";"2024";"10:15";"1";"04";"04070";"2";"9";"1";"5";"BRET (BD MARTIN)";"44,09317000";"6,23553000"
"202400019884";"23";"12";"2024";"21:05";"3";"42";"42271";"1";"1";"2";"6";"Route de la Terrasse";"45,47993100";"4,57913200"
"202400019885";"27";"01";"2024";"17:15";"2";"59";"59279";"2";"3";"1";"6";"Rue Gustave Desmettre";"50,78447000";"3,12811000"
"202400019886";"16";"04";"2024";"19:47";"1";"71";"71499";"2";"1";"1";"1";"LIBERATION (RUE DE LA)";"46,66307182";"4,32276070"
"202400019887";"22";"12";"2024";"18:35";"3";"19";"19147";"2";"4";"1";"6";"Route Des Anciennes Vignes";"45,07006900";"1,49112000"
"202400019888";"6";"09";"2024";"12:20";"1";"75";"75116";"2";"1";"1";"2";"BOULEVARD PERIPHERIQUE INTERIEUR OUEST";"48,83718700";"2,25548400"
"202400019889";"28";"01";"2024";"21:33";"5";"59";"59009";"2";"1";"1";"1";"BARATTE GASTON RUE";"50,61803000";"3,15781000"
"202400019890";"17";"12";"2024";"10:15";"1";"65";"65307";"1";"1";"5";"7";"D72";"43,06917200";"0,54896500"
"202400019891";"16";"04";"2024";"19:00";"1";"69";"69282";"2";"2";"1";"3";"50 Avenue du Dauphiné";"45,76203068";"5,01322150"
"202400019892";"28";"01";"2024";"15:40";"1";"59";"59648";"1";"1";"1";"6";"CLEMENCEAU RUE";"50,59202600";"3,05165800"
"202400019893";"22";"12";"2024";"15:30";"1";"63";"63050";"2";"3";"8";"6";"Rue du Général Frantz / rue du Clos Fleuri";"45,41487800";"3,33126100"
"202400019894";"16";"04";"2024";"12:20";"1";"69";"69259";"2";"2";"1";"6";"Avenue Pierre Sémard";"45,70614000";"4,87791000"
"202400019895";"7";"09";"2024";"16:13";"1";"75";"75118";"2";"7";"8";"3";"BOULEVARD ORNANO";"48,89600800";"2,34597900"
"202400019896";"28";"01";"2024";"06:04";"5";"59";"59122";"2";"2";"1";"3";"BART (BOULEVARD JEAN)";"50,17667800";"3,22226000"
"202400019897";"15";"04";"2024";"18:00";"1";"69";"69199";"2";"3";"1";"6";"1 Rue de Sète";"45,71170345";"4,84191787"
"202400019898";"23";"12";"2024";"13:15";"1";"63";"63126";"1";"1";"1";"1";"D213";"45,69062300";"3,15435300"
"202400019899";"7";"09";"2024";"01:15";"5";"75";"75114";"2";"1";"1";"2";"PORTE DE VANVES";"48,82294800";"2,31295100"
"202400019900";"23";"12";"2024";"13:40";"1";"61";"61404";"1";"1";"1";"3";"D602";"48,54199700";"0,51476900"
"202400019901";"27";"01";"2024";"18:30";"5";"59";"59122";"2";"3";"1";"3";"CATEAU (AVENUE DU)";"50,17346100";"3,25192700"
"202400019902";"15";"04";"2024";"06:40";"2";"69";"69290";"2";"2";"1";"3";"Route de Grenoble";"45,71563000";"4,96190000"
"202400019903";"20";"12";"2024";"20:30";"4";"61";"61486";"2";"1";"2";"6";"D809";"48,69457200";" -0,68433800"
"202400019904";"16";"04";"2024";"19:30";"1";"65";"65226";"1";"1";"2";"7";"RN21";"43,22283000";"0,02699000"
"202400019905";"26";"01";"2024";"15:50";"1";"59";"59431";"2";"1";"1";"1";"MOULIN  (RUE DU)";"50,70058000";"2,84656000"
"202400019906";"6";"09";"2024";"20:58";"4";"75";"75107";"2";"2";"1";"3";"AVENUE BOSQUET";"48,86115600";"2,30239100"
"202400019907";"22";"12";"2024";"08:15";"2";"55";"55119";"1";"1";"2";"2";"RD 164";"49,37351600";"5,17730700"
"202400019908";"16";"04";"2024";"10:54";"1";"64";"64189";"2";"1";"2";"1";"JAURES JEAN  (AVENUE)";"43,37991102";" -1,66910380"
"202400019909";"27";"01";"2024";"11:05";"1";"53";"53201";"2";"1";"1";"1";"LOGES ( BOULEVARD DES )";"48,05864000";" -0,80781000"
"202400019910";"22";"12";"2024";"16:45";"1";"46";"46185";"1";"1";"2";"6";"D840";"44,92166600";"1,62953000"
"202400019911";"16";"04";"2024";"16:30";"1";"64";"64102";"2";"1";"8";"1";"LAURIERS (AVENUE DES)";"43,49620000";" -1,48960000"
"202400019912";"28";"01";"2024";"13:25";"1";"35";"35238";"2";"6";"1";"3";"VERN (DE)";"48,08769288";" -1,64478689"
"202400019913";"7";"09";"2024";"13:40";"1";"75";"75119";"2";"2";"8";"3";"AVENUE SIMON BOLIVAR";"48,87558000";"2,38187600"
"202400019914";"28";"01";"2024";"03:40";"3";"35";"35278";"2";"1";"1";"6";"GRAND QUARTIER";"48,13900000";" -1,69500000"
"202400019915";"22";"12";"2024";"06:35";"3";"68";"68257";"1";"1";"3";"6";"route départementale 411";"47,49802400";"7,16943700"
"202400019916";"16";"04";"2024";"16:00";"1";"64";"64102";"2";"6";"1";"7";"LEGION TCHEQUE (AVENUE DE LA)";"43,49380000";" -1,49442000"
"202400019917";"22";"12";"2024";"12:10";"1";"22";"22254";"1";"1";"6";"1";"Le Croajou";"48,68875800";" -3,28314200"
"202400019918";"27";"01";"2024";"17:00";"1";"35";"35238";"2";"1";"1";"3";"BOURBONNAIS (DU)";"48,12060000";" -1,71140000"
"202400019919";"6";"09";"2024";"12:45";"1";"75";"75116";"2";"2";"1";"2";"BOULEVARD SUCHET";"48,85735200";"2,26466100"
"202400019920";"22";"12";"2024";"21:00";"3";"22";"22079";"2";"1";"2";"6";"Les Aulnays";"48,38889100";" -2,70617700"
"202400019921";"16";"04";"2024";"15:55";"1";"64";"64024";"2";"1";"8";"3";"EUGENE BERNAIN (AVENUE)";"43,48193000";" -1,50980000"
"202400019922";"28";"01";"2024";"11:03";"1";"25";"25204";"1";"1";"1";"3";"Route Départementale 437";"46,92720000";"6,35810000"
"202400019923";"23";"12";"2024";"10:15";"1";"44";"44025";"2";"1";"7";"6";"18 Rue de Bretagne";"47,41343500";" -1,97057600"
"202400019924";"21";"12";"2024";"14:30";"1";"44";"44195";"2";"1";"2";"7";"36 Rue du Bas Matz";"47,37020700";" -1,95145700"
"202400019925";"15";"04";"2024";"17:10";"1";"64";"64102";"2";"3";"1";"3";"HENRI DE NAVARRE (AVENUE)";"43,50976110";" -1,44355953"
"202400019926";"6";"09";"2024";"15:49";"1";"75";"75116";"2";"3";"1";"3";"AVENUE DE NEW YORK";"48,86407200";"2,29948600"
"202400019927";"28";"01";"2024";"19:30";"5";"13";"13208";"2";"1";"1";"5";"MENDES FRANCE (AVENUE)";"43,25005000";"5,37517000"
"202400019928";"23";"12";"2024";"15:05";"1";"29";"29026";"2";"1";"2";"7";"Rue de Pennarun";"48,20098300";" -4,09762100"
"202400019929";"16";"04";"2024";"09:00";"1";"63";"63113";"2";"1";"1";"7";"BERGOUGNAN (AVENUE RAYMOND)";"45,78357000";"3,07007000"
"202400019930";"28";"01";"2024";"18:30";"2";"13";"13211";"2";"1";"1";"2";"VALBARELLE (CHEMIN DE LA)";"43,28141000";"5,44422000"
"202400019931";"7";"09";"2024";"15:35";"1";"75";"75113";"2";"3";"8";"6";"AVENUE DE CHOISY";"48,82977200";"2,35710500"
"202400019932";"16";"04";"2024";"08:20";"1";"59";"59507";"2";"1";"8";"6";"CARNOT SADI RUE";"50,60145000";"3,09805000"
"202400019933";"20";"12";"2024";"15:20";"1";"29";"29061";"1";"4";"2";"1";"21 impasse de Trielen";"48,45377423";" -4,47256087"
"202400019934";"28";"01";"2024";"17:10";"1";"13";"13204";"2";"9";"1";"1";"MARÉCHAL JUIN (BOULEVARD)";"43,31368000";"5,40592000"
"202400019935";"16";"04";"2024";"08:30";"1";"59";"59183";"2";"3";"6";"6";"REPUBLIQUE";"51,02865900";"2,35181100"
"202400019936";"23";"12";"2024";"14:00";"1";"31";"31345";"1";"1";"8";"6";"D820";"43,39239500";"1,43109800"
"202400019937";"7";"09";"2024";"01:50";"5";"75";"75113";"2";"2";"1";"3";"AVENUE DES GOBELINS";"48,83340800";"2,35419600"
"202400019938";"15";"04";"2024";"13:45";"1";"59";"59178";"2";"1";"1";"2";"GUYNEMER (RUE GEORGES)";"50,37312000";"3,06515000"
"202400019939";"16";"04";"2024";"12:10";"1";"58";"58194";"2";"3";"1";"6";"SABLONS";"46,98987000";"3,18876000"
"202400019940";"22";"12";"2024";"14:55";"1";"14";"14326";"1";"1";"8";"1";"4495 Route de Cormeilles";"49,17404924";"0,30054152"
"202400019941";"26";"01";"2024";"16:50";"1";"13";"13207";"2";"1";"1";"3";"GEORGES ESTRANGIN (BOULEVARD)";"43,27664638";"5,37173817"
"202400019942";"16";"04";"2024";"08:00";"1";"58";"58194";"2";"1";"1";"6";"CHAUMIERE";"46,99504000";"3,16349000"
"202400019943";"23";"12";"2024";"09:40";"1";"50";"50031";"2";"6";"1";"3";"Rue Hauvet";"49,38139500";" -1,75257700"
"202400019944";"7";"09";"2024";"10:20";"1";"75";"75110";"2";"1";"1";"6";"RUE DU FAUBOURG SAINT DENIS";"48,87828700";"2,35656700"
"202400019945";"27";"01";"2024";"17:00";"1";"13";"13208";"2";"1";"1";"5";"pointe rouge (ave)";"43,24739000";"5,37416000"
"202400019946";"21";"12";"2024";"23:30";"3";"36";"36133";"1";"1";"2";"6";"N/A";"46,57615004";"1,75881962"
"202400019947";"16";"04";"2024";"16:30";"1";"56";"56260";"2";"2";"1";"3";"JUIN(AVENUE DU MARECHAL)";"47,64302000";" -2,76076000"
"202400019948";"22";"01";"2024";"08:10";"2";"13";"13047";"2";"6";"1";"3";"RAYMOND FILIPPI AVENUE";"43,49586000";"4,98126000"
"202400019949";"21";"12";"2024";"15:00";"1";"53";"53228";"1";"9";"1";"3";"Lieu dit ""Le poteau""";"48,03311500";" -0,35091900"
"202400019950";"15";"04";"2024";"16:07";"1";"54";"54174";"2";"9";"1";"3";"avenue du 15e génie";"48,67990000";"5,87166000"
"202400019951";"7";"09";"2024";"10:50";"1";"75";"75101";"2";"2";"1";"2";"QUAI FRANCOIS MITTERRAND";"48,86011200";"2,33334700"
"202400019952";"22";"12";"2024";"22:15";"3";"40";"40113";"1";"1";"2";"6";"Route du Mouliot";"43,72186800";" -0,93562400"
"202400019953";"28";"01";"2024";"16:30";"1";"09";"09225";"2";"2";"1";"3";"GABRIEL PERI RUE";"43,11884300";"1,61121500"
"202400019954";"22";"12";"2024";"14:40";"1";"40";"40141";"1";"1";"8";"6";"D32";"43,72527400";" -0,80633600"
"202400019955";"15";"04";"2024";"11:50";"3";"54";"54547";"2";"1";"1";"2";"Boulevard des Aiguillettes";"48,66679900";"6,16596700"
"202400019956";"21";"12";"2024";"07:40";"1";"30";"30259";"1";"1";"1";"6";"N106";"44,10176300";"4,10247100"
"202400019957";"27";"01";"2024";"20:15";"4";"75";"75118";"2";"1";"1";"2";"BD PERIPHERIQUE EXTERIEUR";"48,90092600";"2,35886700"
"202400019958";"6";"09";"2024";"18:45";"1";"94";"94081";"2";"6";"1";"3";"Quai Jules Guesde";"48,79613700";"2,41697600"
"202400019959";"18";"12";"2024";"17:00";"2";"30";"30008";"1";"1";"1";"1";"Route d?Ales";"44,20290100";"4,24067700"
"202400019960";"28";"01";"2024";"16:18";"1";"75";"75118";"2";"2";"1";"6";"RUE DAMREMONT";"48,88793500";"2,33273400"
"202400019961";"15";"04";"2024";"15:50";"1";"50";"50129";"2";"1";"1";"6";"VAL DE SAIRE (RUE DU)";"49,63843000";" -1,61050000"
"202400019962";"26";"01";"2024";"06:00";"5";"75";"75113";"2";"4";"1";"7";"RUE DE TOLBIAC";"48,82616095";"2,35864145"
"202400019963";"6";"09";"2024";"22:25";"5";"94";"94068";"2";"2";"1";"2";"Boulevard de Champigny";"48,80950000";"2,50968000"
"202400019964";"16";"04";"2024";"17:20";"1";"45";"45298";"2";"1";"1";"3";"D951 PR 93 + 1042";"47,88562000";"1,88155000"
"202400019965";"22";"12";"2024";"16:30";"1";"52";"52211";"1";"1";"2";"5";"RD520";"48,31691289";"5,11574490"
"202400019966";"28";"01";"2024";"21:15";"5";"75";"75112";"2";"3";"1";"6";"BOULEVARD DE BERCY";"48,83995600";"2,38232400"
"202400019967";"22";"12";"2024";"19:50";"5";"987";"98734";"2";"1";"1";"7";"quartier Temarua - PK 35.600 côté montagne";" -17,75616600";" -149,50457100"
"202400019968";"15";"04";"2024";"17:55";"1";"45";"45234";"2";"2";"1";"3";"1 Boulevard Alexandre Martin";"47,90444000";"1,91300000"
"202400019969";"7";"09";"2024";"16:05";"1";"93";"93073";"1";"1";"1";"2";"CHAPITRE ( RUE DU)";"49,00215800";"2,53686600"
"202400019970";"15";"12";"2024";"04:56";"3";"31";"31433";"1";"1";"1";"2";"A64 pk 282";"43,52777400";"1,38371900"
"202400019971";"28";"01";"2024";"14:55";"1";"75";"75110";"2";"3";"1";"6";"QUAI DE VALMY";"48,87422800";"2,36286100"
"202400019972";"16";"04";"2024";"07:40";"1";"38";"38185";"2";"1";"2";"3";"RUE D'ALEMBERT";"45,18200000";"5,71000000"
"202400019973";"22";"12";"2024";"18:00";"3";"60";"60030";"1";"9";"2";"2";"A16 PK 059.700 sens BOULOGNE/MER - PARIS";"49,32654276";"2,09277975"
"202400019974";"21";"12";"2024";"02:20";"3";"988";"98805";"1";"1";"1";"6";"VE2 sens Nord/Sud";" -22,18304400";"166,43310800"
"202400019975";"28";"01";"2024";"18:30";"5";"94";"94028";"2";"1";"1";"6";"Avenue du Général de Gaulle";"48,79202000";"2,44643000"
"202400019976";"16";"04";"2024";"18:25";"1";"34";"34172";"2";"2";"1";"1";"PAVELET (AVENUE DU COLONEL)";"43,57962000";"3,86912000"
"202400019977";"22";"12";"2024";"14:00";"1";"01";"01067";"1";"1";"4";"6";"A40";"46,11359400";"5,48816400"
"202400019978";"6";"09";"2024";"17:15";"1";"93";"93073";"2";"2";"1";"1";"BARBUSSE (RUE HENRI)";"48,96483000";"2,56966000"
"202400019979";"16";"04";"2024";"12:50";"1";"34";"34172";"2";"1";"1";"6";"ALCO (RUE D'";"43,61586000";"3,84192000"
"202400019980";"22";"12";"2024";"17:10";"3";"42";"42279";"1";"1";"3";"6";"D498";"45,51748200";"4,26744300"
"202400019981";"16";"04";"2024";"15:30";"1";"34";"34003";"2";"1";"1";"3";"PASSEUR CHALLIES (J12 A M13";"43,28858000";"3,50904000"
"202400019982";"19";"12";"2024";"17:45";"4";"06";"06067";"1";"9";"1";"5";"Autoroute A8 PK 217.500";"43,78486700";"7,46001700"
"202400019983";"28";"01";"2024";"11:00";"1";"93";"93070";"2";"3";"1";"3";"Boulevard Victor Hugo / Rue des Bateliers";"48,90981408";"2,33032197"
"202400019984";"6";"09";"2024";"20:50";"5";"93";"93032";"2";"9";"1";"3";"PAUL VAILLANT COUTURIER (RUE)";"48,87696000";"2,54912000"
"202400019985";"16";"04";"2024";"14:10";"1";"33";"33063";"1";"1";"1";"3";"N/A";"44,87930000";" -0,56398000"
"202400019986";"21";"12";"2024";"23:30";"3";"988";"98824";"2";"1";"2";"6";"Route Provinciale Nord 10 (Pont)";" -20,36454900";"164,55789000"
"202400019987";"28";"01";"2024";"00:30";"5";"93";"93014";"2";"4";"1";"7";"Allee des Tanneurs / Allee de Coubron";"48,91332000";"2,55373000"
"202400019988";"22";"12";"2024";"17:10";"2";"33";"33097";"1";"1";"1";"1";"N/A";"45,07079300";" -1,04636200"
"202400019989";"15";"04";"2024";"14:10";"1";"29";"29019";"2";"2";"2";"6";"quai de la Douane";"48,38157900";" -4,48799600"
"202400019990";"28";"01";"2024";"18:10";"5";"92";"92044";"2";"1";"1";"6";"BINEAU (BOULEVARD)";"48,88655451";"2,28447604"
"202400019991";"7";"09";"2024";"18:50";"1";"93";"93048";"2";"2";"1";"3";"STALINGRAD AV.";"48,87106000";"2,43115000"
"202400019992";"16";"04";"2024";"14:50";"1";"25";"25056";"2";"1";"1";"6";"PLANCON RUE GABRIEL";"47,23320000";"6,01460000"
"202400019993";"23";"12";"2024";"13:40";"1";"77";"77031";"1";"2";"1";"3";"D201A";"48,68404400";"2,93690600"
"202400019994";"15";"04";"2024";"23:52";"5";"18";"18033";"2";"1";"8";"7";"261 Route de Saint-Michel";"47,10411000";"2,42391000"
"202400019995";"28";"01";"2024";"15:50";"1";"92";"92025";"2";"2";"1";"3";"GABRIEL PERI (RUE)";"48,92290991";"2,24969923"
"202400019996";"16";"12";"2024";"23:45";"3";"91";"91226";"1";"4";"1";"6";"N20";"48,50501900";"2,20032300"
"202400019997";"16";"04";"2024";"23:40";"5";"13";"13208";"2";"1";"1";"1";"MICHELET (BOULEVARD)";"43,26042911";"5,39812561"
"202400019998";"27";"01";"2024";"23:45";"5";"92";"92024";"2";"9";"1";"6";"GENNEVILLIERS (PONT DE)";"48,91123000";"2,31225000"
"202400019999";"6";"09";"2024";"20:48";"5";"93";"93001";"2";"6";"1";"3";"SAINT DENIS (RUE DE)";"48,92195018";"2,37420896"
"202400020000";"28";"01";"2024";"19:30";"5";"92";"92023";"2";"1";"1";"7";"PRESIDENT ROOSEVELT (RUE DU) N°1 A 45";"48,80427747";"2,25809920"
"202400020001";"23";"12";"2024";"18:23";"5";"42";"42180";"1";"4";"2";"3";"Route de Curraize";"45,58952000";"4,14659100"
"202400020002";"15";"04";"2024";"17:00";"1";"13";"13005";"2";"1";"1";"2";"RN 8";"43,28306565";"5,59720772"
"202400020003";"23";"12";"2024";"16:55";"2";"01";"01249";"1";"1";"8";"7";"Rue de la Dombes";"45,86831000";"4,92354900"
"202400020004";"29";"01";"2024";"15:10";"1";"71";"71166";"1";"1";"1";"7";"D985";"46,74536400";"4,05853400"
"202400020005";"7";"09";"2024";"05:25";"5";"92";"92073";"2";"1";"2";"2";"SELLIER (BOULEVARD HENRI)";"48,86819000";"2,22487000"
"202400020006";"16";"04";"2024";"09:15";"1";"06";"06088";"2";"1";"1";"3";"12 Rue Gounod";"43,69947000";"7,26044000"
"202400020007";"2";"12";"2024";"08:15";"1";"01";"01160";"2";"2";"1";"3";"D1005";"46,25879000";"6,11224500"
"202400020008";"29";"01";"2024";"14:00";"1";"81";"81284";"2";"2";"1";"3";"avenue de saint-exupéry";"43,91106800";"2,11685800"
"202400020009";"7";"09";"2024";"17:18";"1";"92";"92077";"2";"1";"1";"2";"SEVRES (RUE DE)";"48,82601103";"2,19790444"
"202400020010";"15";"04";"2024";"10:50";"1";"06";"06069";"1";"1";"1";"5";"70 Route de la Paoute";"43,63684000";"6,95661000"
"202400020011";"20";"12";"2024";"23:35";"5";"69";"69112";"2";"3";"2";"3";"Chemin de Montcher";"45,80781800";"4,66453300"
"202400020012";"16";"04";"2024";"20:20";"2";"75";"75117";"2";"1";"1";"2";"BD PERIPHERIQUE INTERIEUR";"48,90055800";"2,32766200"
"202400020013";"7";"09";"2024";"16:10";"1";"92";"92062";"2";"9";"2";"2";"KUPKA (RUE FRANCK) TOUR";"48,89102039";"2,23245353"
"202400020014";"22";"12";"2024";"15:17";"1";"17";"17360";"1";"1";"1";"1";"Rue de la Flotte";"46,16522900";" -1,33382700"
"202400020015";"28";"01";"2024";"20:05";"3";"88";"88232";"1";"1";"1";"2";"A31";"48,47084400";"5,87888700"
"202400020016";"7";"09";"2024";"09:00";"1";"92";"92040";"2";"1";"1";"7";"GALLIENI (BOULEVARD)";"48,82339901";"2,26793736"
"202400020017";"16";"04";"2024";"11:45";"1";"75";"75119";"2";"1";"2";"2";"BD PERIPHERIQUE EXTERIEUR";"48,90058100";"2,38612900"
"202400020018";"22";"12";"2024";"15:55";"1";"61";"61074";"2";"3";"2";"3";"8 L'Augrumière";"48,56714700";" -0,15960200"
"202400020019";"22";"12";"2024";"22:10";"3";"35";"35212";"1";"1";"2";"6";"La Chevrie";"47,89167831";" -1,66375011"
"202400020020";"16";"04";"2024";"07:30";"1";"75";"75113";"2";"1";"1";"2";"BD PERIPHERIQUE EXTERIEUR";"48,82523700";"2,38552900"
"202400020021";"7";"09";"2024";"14:10";"1";"92";"92023";"2";"1";"8";"3";"BIEVRES (RUE DE)";"48,79265000";"2,26472000"
"202400020022";"29";"01";"2024";"08:00";"1";"28";"28388";"1";"1";"1";"5";"D910";"48,39058300";"1,45081200"
"202400020023";"15";"04";"2024";"10:40";"1";"75";"75105";"2";"3";"1";"6";"BOULEVARD SAINT GERMAIN";"48,84987400";"2,34947400"
"202400020024";"22";"12";"2024";"16:50";"1";"27";"27365";"1";"1";"2";"1";"D77";"49,29780100";"1,19558900"
"202400020025";"6";"09";"2024";"15:30";"1";"92";"92060";"2";"1";"1";"3";"LEON BLUM (AVENUE) (RD 75)";"48,77558417";"2,25573224"
"202400020026";"28";"01";"2024";"19:30";"3";"83";"83036";"2";"3";"1";"6";"Allée du Levant";"43,19417900";"6,52499900"
"202400020027";"22";"12";"2024";"20:10";"3";"27";"27213";"1";"1";"6";"1";"D3";"49,21291600";"1,54120300"
"202400020028";"16";"04";"2024";"15:00";"1";"75";"75119";"2";"3";"2";"6";"AVENUE JEAN JAURES";"48,88876900";"2,39314500"
"202400020029";"29";"01";"2024";"14:00";"1";"62";"62839";"1";"1";"1";"6";"D20";"50,14240725";"2,92176590"
"202400020030";"8";"09";"2024";"01:45";"3";101;101212";"1";"1";"1";"6";"Route Départementale 81";"42,24241100";"8,65293500"
"202400020031";"3";"12";"2024";"16:55";"2";"27";"27016";"1";"9";"1";"3";"D1";"49,23745000";"1,42412400"
"202400020032";"16";"04";"2024";"12:55";"1";"75";"75119";"2";"1";"2";"3";"RUE DE NANTES";"48,89204900";"2,38179100"
"202400020033";"13";"01";"2024";"22:10";"5";"51";"51643";"1";"1";"1";"7";"D951";"49,00887800";"3,91264000"
"202400020034";"8";"09";"2024";"03:20";"3";"38";"38239";"1";"1";"8";"6";"Route de Grenoble";"45,32645200";"5,57977300"
"202400020035";"7";"09";"2024";"13:00";"1";"42";"42322";"1";"1";"1";"7";"Route de la Croix de Chaubouret";"45,40245800";"4,53231100"
"202400020036";"18";"01";"2024";"18:12";"5";"59";"59663";"2";"9";"4";"6";"1 Rue d'Herzeele";"50,88306200";"2,46939200"
"202400020037";"16";"04";"2024";"09:18";"1";"75";"75119";"2";"3";"2";"2";"BOULEVARD DE LA COMMANDERIE";"48,90159400";"2,38548900"
"202400020038";"21";"12";"2024";"10:29";"1";"59";"59400";"1";"1";"2";"1";"pk 0 D23c";"50,62993300";"2,66620200"
"202400020039";"28";"01";"2024";"15:30";"1";"63";"63267";"1";"1";"1";"7";"D64";"45,91123704";"3,64526153"
"202400020040";"26";"08";"2024";"17:30";"1";"19";"19178";"1";"2";"1";"2";"Chemin De La Fontsalade";"45,26978622";"1,55974048"
"202400020041";"22";"12";"2024";"18:00";"4";"59";"59535";"2";"1";"1";"3";"2810 Route du Parc";"50,77886100";"2,73567400"
"202400020042";"16";"04";"2024";"18:00";"1";"75";"75117";"2";"3";"2";"4";"RUE GUSTAVE CHARPENTIER";"48,88094900";"2,28125200"
"202400020043";"7";"09";"2024";"12:45";"1";"63";"63040";"1";"9";"2";"6";"D997";"45,72525200";"3,35104500"
"202400020044";"28";"01";"2024";"13:50";"1";"63";"63271";"1";"1";"1";"2";"D906";"45,91956226";"3,50986898"
"202400020045";"16";"04";"2024";"16:53";"1";"75";"75117";"2";"3";"1";"6";"AVENUE DE SAINT OUEN";"48,88802000";"2,32583500"
"202400020046";"21";"12";"2024";"22:30";"3";"13";"13026";"1";"1";"1";"2";"A55-Sens Marseille vers Martigues";"43,40012173";"5,09963791"
"202400020047";"8";"09";"2024";"04:05";"3";"31";"31052";"1";"1";"1";"6";"RD 4";"43,40137600";"1,36563100"
"202400020048";"28";"01";"2024";"14:45";"1";"49";"49132";"1";"1";"1";"7";"D52";"47,67800900";" -0,44158800"
"202400020049";"15";"04";"2024";"16:20";"1";"75";"75114";"2";"3";"3";"6";"BOULEVARD BRUNE";"48,82644000";"2,31019000"
"202400020050";"7";"09";"2024";"18:40";"1";"03";"03127";"1";"1";"2";"6";"D3";"46,52034500";"2,72033900"
"202400020051";"28";"01";"2024";"17:35";"2";"12";"12257";"1";"1";"1";"7";"loupiac";"44,54919400";"2,02006800"
"202400020052";"11";"12";"2024";"12:20";"1";"69";"69275";"1";"1";"1";"4";"Rocade Est";"45,77473323";"4,98352791"
"202400020053";"16";"04";"2024";"09:30";"1";"75";"75111";"2";"1";"2";"3";"RUE DU CHEMIN VERT";"48,86003300";"2,37766100"
"202400020054";"8";"09";"2024";"00:30";"3";"18";"18248";"2";"1";"8";"7";"6 Rue des Ormes";"46,94921100";"2,43518300"
"202400020055";"29";"01";"2024";"14:25";"1";"68";"68140";"1";"1";"1";"6";"D50";"47,88869000";"7,44370900"
"202400020056";"16";"04";"2024";"18:50";"1";"75";"75109";"2";"2";"1";"6";"RUE DES MATHURINS";"48,87302551";"2,32840919"
"202400020057";"7";"09";"2024";"15:30";"1";"36";"36168";"1";"9";"2";"6";"N/A";"46,52357644";"1,26946310"
"202400020058";"22";"12";"2024";"15:10";"1";"91";"91174";"1";"1";"3";"5";"RN 104";"48,61550000";"2,45441000"
"202400020059";"28";"01";"2024";"17:00";"1";"44";"44069";"1";"1";"1";"1";"Route de Saint-Lyphard";"47,34303900";" -2,40403100"
"202400020060";"31";"07";"2024";"08:00";"1";"976";"97611";"1";"1";"1";"3";"m'tsapere-Nationale 2 (route)";" -12,79242000";"45,22073000"
"202400020061";"16";"04";"2024";"17:40";"1";"75";"75109";"2";"1";"1";"3";"RUE BLANCHE";"48,87887500";"2,33154500"
"202400020062";"6";"09";"2024";"16:40";"1";"16";"16258";"2";"6";"2";"2";"N/A";"45,47374200";"0,03295900"
"202400020063";"22";"12";"2024";"09:00";"1";"91";"91521";"1";"1";"2";"6";"RN 449";"48,63557000";"2,40172000"
"202400020064";"28";"01";"2024";"16:30";"1";"02";"02235";"1";"1";"1";"7";"Monument commémoratif dit des Basques (Patrimoine national)";"49,42946500";"3,76118700"
"202400020065";"8";"09";"2024";"06:45";"2";"85";"85197";"2";"1";"2";"6";"21 Rue de l eglise (ST SUPLICE LE VERDON)";"46,89433400";" -1,42167300"
"202400020066";"15";"04";"2024";"21:45";"5";"75";"75109";"2";"3";"1";"6";"RUE ROUGEMONT";"48,87107600";"2,34575900"
"202400020067";"31";"07";"2024";"12:50";"1";"974";"97416";"2";"3";"1";"3";"MAHATMA GANDHI(RUE)";" -21,33834000";"55,46130000"
"202400020068";"27";"01";"2024";"08:05";"2";"72";"72289";"1";"1";"1";"6";"route de montbizot";"48,14401900";"0,17887100"
"202400020069";"22";"12";"2024";"02:55";"3";"91";"91161";"1";"1";"2";"4";"AUTOROUTE A6";"48,69559000";"2,31797000"
"202400020070";"8";"09";"2024";"03:30";"3";"973";"97309";"2";"1";"1";"6";"Route de Rémire";"4,89885400";" -52,27393500"
"202400020071";"16";"04";"2024";"18:43";"1";"75";"75108";"2";"4";"2";"3";"AVENUE DES CHAMPS ELYSEES";"48,87182400";"2,30087500"
"202400020072";"31";"07";"2024";"12:07";"1";"974";"97411";"2";"3";"1";"6";"LEBRETON (CHEMIN LORY)";" -20,91873000";"55,49810000"
"202400020073";"16";"04";"2024";"11:10";"1";"75";"75101";"2";"3";"1";"6";"RUE DU MONT THABOR";"48,86531400";"2,32978300"
"202400020074";"28";"01";"2024";"12:20";"1";"14";"14614";"1";"1";"1";"4";"Route de Notre Dame";"49,23063700";" -0,97032700"
"202400020075";"22";"12";"2024";"07:40";"2";"95";"95527";"1";"1";"2";"2";"A3";"48,98790062";"2,50943807"
"202400020076";"31";"07";"2024";"12:05";"1";"974";"97407";"2";"9";"1";"3";"BELLEAU REMI(RUELLE)";" -20,94074000";"55,29748000"
"202400020077";"15";"04";"2024";"14:55";"1";"75";"75101";"2";"2";"2";"6";"RUE DANIELLE CASANOVA";"48,86753200";"2,33362200"
"202400020078";"29";"01";"2024";"10:00";"1";"18";"18111";"1";"1";"1";"7";"N/A";"47,29064100";"2,59809500"
"202400020079";"22";"12";"2024";"05:50";"3";"93";"93078";"1";"1";"2";"6";"AUTOROUTE A104";"48,96300436";"2,52239723"
"202400020080";"6";"09";"2024";"07:42";"1";"38";"38485";"1";"1";"1";"3";"D106";"45,17078700";"5,64953100"
"202400020081";"16";"04";"2024";"14:45";"1";"94";"94081";"2";"3";"1";"3";"Rue Clement Perrot / Rue de la Glacière";"48,78793200";"2,39207400"
"202400020082";"30";"07";"2024";"18:00";"3";"974";"97407";"2";"1";"1";"1";"ROUTE DU SACRE COEUR";" -20,95182458";"55,30480313"
"202400020083";"22";"12";"2024";"03:50";"3";"93";"93005";"1";"1";"1";"6";"AUTOROUTE A104";"48,97299672";"2,49281358"
"202400020084";"27";"01";"2024";"13:55";"1";"18";"18223";"1";"1";"1";"1";"N/A";"47,21045100";"2,39441900"
"202400020085";"15";"04";"2024";"14:09";"1";"94";"94067";"2";"3";"2";"3";"Avenue de Paris / Avenue Gambetta";"48,84592577";"2,42304102"
"202400020086";"21";"12";"2024";"16:50";"3";"95";"95252";"1";"1";"3";"6";"A15";"48,97624408";"2,23643552"
"202400020087";"31";"07";"2024";"15:31";"1";"973";"97302";"2";"1";"1";"3";"MONTABO (ROUTE DE) 1";"4,93532850";" -52,29450059"
"202400020088";"27";"01";"2024";"11:15";"1";"28";"28144";"1";"1";"1";"7";"D13";"48,24398200";"0,81654000"
"202400020089";"7";"09";"2024";"23:55";"5";"69";"69244";"2";"1";"3";"1";"Avenue Jean Bergeron";"45,76822100";"4,74922100"
"202400020090";"16";"04";"2024";"04:10";"5";"94";"94076";"2";"2";"2";"7";"Avenue de Stalingrad / Boulevard Maxime Gorki";"48,78607000";"2,36686000"
"202400020091";"22";"12";"2024";"18:40";"3";"94";"94042";"1";"1";"2";"2";"A4";"48,82672557";"2,46681536"
"202400020092";"31";"07";"2024";"18:20";"1";"69";"69387";"2";"2";"1";"3";"Rue Chalopin";"45,75199658";"4,84492592"
"202400020093";"29";"01";"2024";"13:30";"1";"17";"17397";"2";"1";"1";"2";"Avenue des Sources";"45,88638200";" -0,67203300"
"202400020094";"16";"04";"2024";"12:00";"1";"94";"94021";"2";"6";"2";"6";"Avenue de Stalingrad / Av du Pdt Franklin Roosevelt";"48,76839081";"2,36788899"
"202400020095";"21";"12";"2024";"15:10";"1";"77";"77450";"1";"1";"2";"2";"RN104";"48,70838832";"2,59888985"
"202400020096";"7";"09";"2024";"16:00";"1";"988";"98814";"1";"1";"1";"1";"TRIBU DE HNAEU";" -20,95703000";"167,37712000"
"202400020097";"27";"01";"2024";"04:30";"3";"17";"17353";"1";"1";"1";"7";"RD 937C - PR 3 + 500";"45,98977600";" -1,05558900"
"202400020098";"16";"04";"2024";"15:00";"1";"94";"94028";"2";"1";"1";"3";"208 Rue du Général Leclerc";"48,78210400";"2,47371200"
"202400020099";"31";"07";"2024";"20:00";"1";"69";"69149";"2";"2";"1";"3";"Rue des Martyrs de la Libération";"45,70085000";"4,82404000"
"202400020100";"21";"12";"2024";"10:30";"1";"94";"94073";"1";"1";"1";"3";"A86";"48,76286065";"2,38135983"
"202400020101";"8";"09";"2024";"09:15";"1";"988";"98802";"1";"1";"1";"6";"RT1";" -21,85813000";"165,97544000"
"202400020102";"29";"01";"2024";"00:14";"3";"17";"17322";"1";"1";"1";"7";"D206";"46,26726200";" -0,82929600"
"202400020103";"31";"07";"2024";"14:00";"1";100;100033";"2";"1";"1";"6";"PERI  - RUE GABRIEL";"42,70220000";"9,44875000"