"Num_Acc";"jour";"mois";"an";"hrmn";"lum";"dep";"com";"agg";"int";"atm";"col";"adr";"lat";"long"
"202400020104";"27";"11";"2024";"14:13";"1";"44";"44109";"2";"6";"1";"3";"Place Victor Mangin";"47,20088366";" -1,54442048"
"202400020105";"7";"09";"2024";"11:00";"1";"988";"98802";"1";"1";"1";"6";"RT1 PR 81+400";" -21,85833200";"166,02524000"
"202400020106";"29";"01";"2024";"08:00";"1";"72";"72386";"1";"1";"1";"2";"PK 162";"48,05100500";"0,30418400"
"202400020107";"26";"11";"2024";"08:30";"2";"44";"44143";"2";"1";"1";"6";"42 Rue de la Blordière";"47,18000000";" -1,53339900"
"202400020108";"7";"09";"2024";"23:15";"3";"971";"97118";"1";"1";"2";"6";"N1";"16,22201000";" -61,59661400"
"202400020109";"31";"07";"2024";"10:00";"1";100;100033";"2";"1";"1";"4";"TUNNEL";"42,69597000";"9,45241000"
"202400020110";"25";"11";"2024";"08:15";"2";"44";"44114";"2";"3";"1";"6";"4 Place de l'Eglise";"47,27082540";" -1,62305620"
"202400020111";"29";"01";"2024";"16:05";"1";"30";"30036";"2";"1";"1";"2";"Avenue des Capitelles";"43,76589500";"4,27694300"
"202400020112";"3";"09";"2024";"11:30";"1";"83";"83115";"2";"1";"1";"2";"Av du Croiseur Leger le Malin";"43,34080900";"6,68012200"
"202400020113";"31";"07";"2024";"13:00";"1";"84";"84031";"1";"1";"1";"6";"D942";"44,05611000";"5,03078000"
"202400020114";"31";"07";"2024";"18:50";"3";"971";"97101";"1";"1";"2";"2";"PROVIDENCE";"16,26272000";" -61,51383000"
"202400020115";"1";"08";"2024";"09:48";"1";"84";"84004";"1";"1";"1";"6";"D55";"44,09943600";"5,06306600"
"202400020116";"30";"07";"2024";"20:40";"1";"91";"91223";"1";"1";"1";"7";"R.D.20";"48,42798000";"2,15558000"
"202400020117";"28";"01";"2024";"17:16";"1";"987";"98738";"2";"3";"1";"3";"RT1 PK 18";" -17,61634659";" -149,60911274"
"202400020118";"8";"09";"2024";"01:55";"5";"57";"57591";"1";"1";"2";"7";"N52";"49,25664300";"6,09990500"
"202400020119";"21";"12";"2024";"11:20";"1";"988";"98818";"1";"4";"8";"3";"ROUTE PROVINCIALE DU NORMANDIE";" -22,22420000";"166,47164000"
"202400020120";"29";"07";"2024";"18:03";"1";"91";"91433";"1";"1";"1";"6";"R.D. 20";"48,46926000";"2,18438000"
"202400020121";"19";"01";"2024";"23:25";"3";"05";"05162";"1";"1";"1";"6";"La Saulce";"44,43920400";"6,02941300"
"202400020122";"8";"09";"2024";"08:04";"2";"38";"38464";"1";"1";"8";"6";"675 Route de Torchefelon";"45,53745200";"5,39922800"
"202400020123";"30";"07";"2024";"07:33";"1";"91";"91223";"2";"9";"1";"7";"ROND POINT CHARLES DE GAULLES";"48,42730000";"2,15507000"
"202400020124";"28";"01";"2024";"22:50";"3";"978";"97801";"1";"1";"1";"1";"Route de Griselle RN7";"18,09476600";" -63,03269000"
"202400020125";"21";"12";"2024";"12:20";"1";"974";"97411";"2";"1";"1";"2";"MONTHYON (RUE)";" -20,88746000";"55,46339000"
"202400020126";"27";"01";"2024";"07:10";"5";"06";"06152";"1";"1";"1";"7";"Route de la Valmasque";"43,60503100";"7,06013200"
"202400020127";"7";"09";"2024";"17:50";"1";"49";"49023";"2";"1";"1";"6";"Rue Jean de Béjarry (Gesté)";"47,17573700";" -1,10950100"
"202400020128";"28";"07";"2024";"17:05";"1";"88";"88428";"1";"1";"7";"1";"CHEMIN DES TITISS";"48,32609000";"6,90456000"
"202400020129";"21";"12";"2024";"12:26";"1";"974";"97411";"2";"1";"1";"2";"PARIS (RUE DE)";" -20,88528000";"55,45083000"
"202400020130";"7";"09";"2024";"17:00";"1";"22";"22178";"1";"1";"1";"6";"D2.7";"48,68745800";" -3,02109500"
"202400020131";"31";"07";"2024";"10:58";"1";"87";"87075";"1";"1";"1";"1";"DU PUY DU TOUR (ROUTE)";"45,81716000";"1,19104000"
"202400020132";"29";"01";"2024";"07:50";"2";"51";"51118";"1";"1";"1";"4";"Autoroute A.26, pk 261+700, sens CALAIS REIMS";"49,26130700";"3,96103300"
"202400020133";"22";"12";"2024";"01:50";"3";"974";"97407";"2";"1";"1";"7";"ROUTE NATIONALE N° 1";" -20,95004000";"55,32009000"
"202400020134";"26";"01";"2024";"16:00";"1";"34";"34213";"1";"9";"1";"3";"D600";"43,47592600";"3,68588600"
"202400020135";"7";"09";"2024";"18:35";"1";"35";"35066";"2";"1";"2";"3";"D34";"48,04171300";" -1,69402400"
"202400020136";"28";"07";"2024";"12:14";"1";"87";"87085";"2";"2";"1";"3";"THUILLAT (RUE VICTOR)";"45,84780000";"1,25483000"
"202400020137";"27";"01";"2024";"21:45";"3";"45";"45302";"1";"1";"1";"7";"A10 PR 92 + 70";"47,96139000";"1,85381900"
"202400020138";"20";"12";"2024";"09:32";"1";"973";"97302";"1";"1";"2";"5";"ROUTE NATIONALE 1";"4,92581000";" -52,32887000"
"202400020139";"31";"07";"2024";"08:55";"1";"85";"85194";"2";"1";"1";"3";"Boulevard de l'île vertime";"46,50380000";" -1,78821000"
"202400020140";"7";"09";"2024";"10:47";"1";"60";"60612";"2";"2";"1";"2";"Rue du Faubourg Saint-martin";"49,19555200";"2,57709100"
"202400020141";"26";"01";"2024";"12:20";"1";"974";"97422";"1";"1";"3";"3";"Rue Pierre Rivals";" -21,23344700";"55,55013700"
"202400020142";"7";"09";"2024";"23:00";"3";"80";"80236";"1";"1";"1";"7";"RD 41";"49,69633900";"2,59650700"
"202400020143";"21";"12";"2024";"11:15";"1";"69";"69149";"2";"1";"1";"3";"Grande Rue";"45,72104309";"4,81113979"
"202400020144";"31";"07";"2024";"17:00";"1";"84";"84007";"2";"3";"1";"3";"MORIERES (Route de )";"43,95245714";"4,84306169"
"202400020145";"29";"01";"2024";"12:45";"1";"973";"97311";"1";"1";"8";"6";"Avenue Gaston Monnerville";"5,48906100";" -54,00119300"
"202400020146";"10";"08";"2024";"10:50";"1";"13";"13015";"1";"1";"1";"7";"A51-Sens Aix en Provence vers Marseille";"43,46753554";"5,40713194"
"202400020147";"21";"12";"2024";"15:20";"1";"95";"95424";"2";"1";"2";"6";"ARISTIDE MAILLOL (AVENUE)";"48,99577000";"2,19870000"
"202400020148";"28";"07";"2024";"17:45";"1";"83";"83126";"2";"1";"1";"6";"MISTRAL (AV FREDERIC)";"43,09709491";"5,88370646"
"202400020149";"28";"01";"2024";"15:30";"1";"33";"33097";"1";"1";"1";"3";"D6e1";"45,06406400";" -1,17690500"
"202400020150";"3";"09";"2024";"05:05";"3";"69";"69297";"1";"1";"1";"2";"Autoroute 47  ";"45,58795597";"4,78644758"
"202400020151";"28";"01";"2024";"19:30";"3";"45";"45171";"1";"1";"1";"6";"D83 PR 16 + 350";"47,66277900";"2,25817300"
"202400020152";"21";"12";"2024";"15:00";"1";"95";"95427";"2";"2";"2";"3";"D193";"48,95965026";"2,32846320"
"202400020153";"30";"07";"2024";"08:20";"1";"80";"80160";"2";"1";"1";"3";"Place Jean Jaures";"49,86191000";"2,34136000"
"202400020154";"20";"12";"2024";"10:00";"1";"91";"91514";"2";"9";"7";"6";"RUE DE LA REPUBLIQUE";"48,67274000";"2,53711000"
"202400020155";"12";"01";"2024";"06:35";"3";"77";"77508";"1";"1";"1";"6";"D231";"48,80318900";"2,84674600"
"202400020156";"6";"09";"2024";"01:05";"3";"69";"69296";"1";"1";"1";"2";"Autoroute 7 ";"45,64207779";"4,82741833"
"202400020157";"27";"01";"2024";"10:10";"1";100;100307";"2";"1";"1";"6";"t10";"42,37846000";"9,53007600"
"202400020158";"7";"09";"2024";"13:15";"1";"92";"92050";"1";"1";"2";"6";"A86";"48,90037653";"2,19977438"
"202400020159";"21";"12";"2024";"22:40";"3";"91";"91286";"2";"6";"2";"1";"EMILE ALLIAUD (AVENUE)";"48,64919000";"2,38222000"
"202400020160";"31";"07";"2024";"05:05";"5";"76";"76540";"2";"1";"1";"6";"Place Saint Paul";"49,43347000";"1,10720000"
"202400020161";"27";"01";"2024";"09:45";"1";"66";"66171";"2";"1";"1";"1";"chemin du mas des capellans";"42,60752300";"3,02589700"
"202400020162";"6";"09";"2024";"15:00";"1";"78";"78640";"1";"1";"1";"6";"A86 EXT";"48,77875700";"2,20402900"
"202400020163";"22";"12";"2024";"00:35";"3";"91";"91432";"2";"1";"2";"7";"RD 118";"48,70728000";"2,35125000"
"202400020164";"28";"01";"2024";"13:25";"1";"13";"13115";"1";"1";"1";"6";"D22";"43,70087700";"5,22479300"
"202400020165";"21";"12";"2024";"00:10";"3";"91";"91228";"2";"1";"1";"2";"RN7";"48,63789000";"2,43174000"
"202400020166";"31";"07";"2024";"07:50";"1";"71";"71270";"2";"1";"1";"6";"MURTIN (RUE DU GENERAL)";"46,31933000";"4,81374000"
"202400020167";"6";"09";"2024";"17:15";"1";"95";"95241";"1";"1";"1";"4";"N104";"49,05639571";"2,42231110"
"202400020168";"21";"12";"2024";"20:30";"5";"85";"85191";"2";"1";"2";"2";"Rue du maréchal foch";"46,67371000";" -1,42828000"
"202400020169";"31";"07";"2024";"16:55";"1";"69";"69286";"2";"1";"1";"2";"Avenue de l'Europe";"45,81635000";"4,89956000"
"202400020170";"6";"09";"2024";"10:20";"1";"93";"93007";"1";"1";"1";"2";"AUTOROUTE A3";"48,94229860";"2,47831903"
"202400020171";"28";"01";"2024";"17:45";"1";"33";"33073";"1";"1";"1";"1";"Lieu Dit les Frappes";"45,24600800";" -0,61550300"
"202400020172";"30";"08";"2024";"19:15";"1";"94";"94028";"1";"1";"1";"2";"A86";"48,79054422";"2,44069237"
"202400020173";"30";"07";"2024";"17:00";"1";"69";"69259";"2";"3";"1";"3";"Avenue de la République";"45,70747000";"4,86882000"
"202400020174";"26";"01";"2024";"18:05";"3";"22";"22156";"1";"2";"1";"3";"Le Danouet";"48,53887900";" -3,23145000"
"202400020175";"6";"09";"2024";"15:45";"1";"77";"77083";"1";"1";"1";"6";"A4.W";"48,83345700";"2,59320200"
"202400020176";"28";"01";"2024";"13:10";"1";"13";"13071";"1";"1";"1";"2";"A7-Sens Marseille vers Lyon";"43,40918000";"5,28627000"
"202400020177";"6";"09";"2024";"14:20";"1";"94";"94042";"1";"1";"1";"2";"A4";"48,82800728";"2,47304660"
"202400020178";"31";"07";"2024";"12:50";"1";"64";"64483";"2";"1";"1";"4";"RD810";"43,40145000";" -1,63763000"
"202400020179";"28";"01";"2024";"06:50";"3";"83";"83129";"1";"1";"1";"6";"A50";"43,12024732";"5,84655534"
"202400020180";"5";"09";"2024";"20:30";"5";"987";"98735";"2";"2";"1";"3";"CHEF VAIRAATOA (AVENUE)";" -17,53275000";" -149,56333000"
"202400020181";"28";"01";"2024";"05:20";"3";"69";"69271";"1";"1";"1";"6";"Route Départementale 302";"45,75118000";"4,98452000"
"202400020182";"30";"07";"2024";"19:55";"1";"62";"62099";"2";"1";"1";"1";"D60";"50,25254000";"2,77407000"
"202400020183";"6";"09";"2024";"12:10";"1";"974";"97411";"2";"3";"1";"3";"CANAL (CHEMIN DU GRAND)";" -20,90035000";"55,49948000"
"202400020184";"28";"01";"2024";"19:53";"3";"91";"91161";"1";"1";"1";"4";"AUTOROUTE A6";"48,70159000";"2,30877000"
"202400020185";"31";"07";"2024";"19:55";"1";"56";"56260";"2";"6";"1";"3";"Avenue de la Marne";"47,65999000";" -2,79002000"
"202400020186";"6";"09";"2024";"19:35";"3";"973";"97302";"2";"1";"1";"3";"BADUEL (ROUTE DE)";"4,92918000";" -52,29653000"
"202400020187";"28";"01";"2024";"06:25";"3";"94";"94034";"1";"1";"1";"5";"A6A";"48,75620370";"2,33415003"
"202400020188";"30";"07";"2024";"08:22";"1";"51";"51454";"2";"1";"1";"6";"COURLANCY (RUE DE)";"49,24286000";"4,02237700"
"202400020189";"30";"07";"2024";"17:35";"1";"50";"50129";"2";"1";"1";"6";"MUSSET (RUE ALFRED)";"49,64500000";" -1,64832000"
"202400020190";"6";"09";"2024";"12:50";"1";"973";"97302";"2";"1";"1";"2";"CABASSOU (ROUTE DE)";"4,92067000";" -52,32155000"
"202400020191";"31";"07";"2024";"16:40";"1";"50";"50129";"2";"1";"1";"6";"GRAND PRE (RUE DU)";"49,63713000";" -1,59545000"
"202400020192";"27";"01";"2024";"19:25";"3";"91";"91340";"1";"1";"1";"5";"RN 104";"48,60900000";"2,43900000"
"202400020193";"5";"09";"2024";"21:00";"5";"973";"97302";"2";"1";"1";"3";"FLAMBOYANTS (RUE DES)";"4,92469227";" -52,32058525"
"202400020194";"6";"07";"2024";"05:12";"5";"49";"49007";"2";"2";"1";"1";"MOLIERE PLACE";"47,47369000";" -0,55567000"
"202400020195";"27";"01";"2024";"16:20";"1";"91";"91064";"1";"1";"1";"2";"RN 118";"48,77106000";"2,22888000"
"202400020196";"6";"09";"2024";"13:00";"1";"69";"69387";"2";"1";"1";"4";"Avenue Debourg";"45,73164000";"4,82542000"
"202400020197";"30";"07";"2024";"19:43";"1";"49";"49007";"2";"1";"1";"1";"SAUMUROISE IMPASSE ET RUE";"47,45759000";" -0,53306000"
"202400020198";"27";"01";"2024";"12:40";"1";"94";"94077";"1";"1";"1";"4";"N7";"48,72134868";"2,37075153"
"202400020199";"6";"09";"2024";"06:59";"1";"972";"97213";"1";"1";"1";"6";"MAHAULT";"14,61704000";" -61,00370000"
"202400020200";"28";"01";"2024";"09:40";"1";"78";"78124";"1";"1";"1";"6";"SE A14";"48,91171800";"2,18288400"
"202400020201";"31";"07";"2024";"17:00";"1";"45";"45147";"2";"1";"1";"1";"19 Rue du 11 Octobre";"47,93419000";"1,90018000"
"202400020202";"28";"01";"2024";"05:00";"3";"78";"78362";"1";"1";"1";"2";"A13";"48,97638800";"1,71680900"
"202400020203";"6";"09";"2024";"08:40";"1";100;100120";"1";"1";"1";"4";"TOUTES RUES";"42,64926000";"9,44047000"
"202400020204";"31";"07";"2024";"05:45";"5";"37";"37261";"2";"6";"1";"3";"DANIEL MAYER";"47,41923000";"0,67386000"
"202400020205";"28";"01";"2024";"21:15";"3";"93";"93005";"1";"1";"1";"6";"A3";"48,95088858";"2,47455129"
"202400020206";"28";"01";"2024";"21:50";"3";"95";"95277";"1";"1";"1";"7";"A104";"48,97352265";"2,48582988"
"202400020207";"6";"09";"2024";"04:40";"4";"971";"97113";"1";"1";"1";"2";"RN4 - SECTION RIVIERA";"16,21797000";" -61,49827000"
"202400020208";"13";"07";"2024";"18:50";"1";"34";"34108";"2";"1";"1";"2";"MONTPELLIER (ROUTE DE)";"43,46000000";"3,76000000"
"202400020209";"28";"01";"2024";"18:40";"3";"93";"93006";"1";"1";"1";"2";"AUTOROUTE A3";"48,86896374";"2,42891767"
"202400020210";"31";"07";"2024";"21:50";"2";"32";"32013";"1";"1";"1";"6";"AGEN (ROUTE D')";"43,67928000";"0,60172000"
"202400020211";"28";"01";"2024";"15:00";"1";"95";"95424";"1";"1";"1";"3";"A15";"48,99165890";"2,19023195"
"202400020212";"6";"09";"2024";"17:50";"1";"91";"91201";"2";"3";"1";"1";"AV DE L EUROPE";"48,68570000";"2,43432000"
"202400020213";"28";"01";"2024";"06:50";"3";"93";"93073";"1";"1";"1";"6";"AUTOROUTE A104";"48,96636000";"2,55951000"
"202400020214";"6";"09";"2024";"09:40";"1";"91";"91521";"1";"3";"1";"3";"JOLIOT CURIE (AVENUE IRENE ET FREDERIC)";"48,63211000";"2,39600000"
"202400020215";"31";"07";"2024";"19:30";"1";"31";"31069";"1";"1";"1";"4";"VA001490 A621";"43,62514308";"1,38593787"
"202400020216";"26";"01";"2024";"12:11";"1";"987";"98735";"2";"1";"1";"3";"REMPARTS (RUE BLOC FRANCE LIBRE)";" -17,53420700";" -149,56723300"
"202400020217";"31";"07";"2024";"15:12";"1";"31";"31555";"2";"1";"1";"6";"RUE DU GENERAL GIRAUD";"43,64095776";"1,46199971"
"202400020218";"6";"09";"2024";"15:00";"1";"84";"84007";"1";"4";"1";"2";"A7D";"43,89140000";"4,91649000"
"202400020219";"27";"01";"2024";"07:28";"1";"973";"97302";"2";"2";"1";"3";"JUILLET (RUE DU 14)";"4,93996050";" -52,32962966"
"202400020220";"19";"06";"2024";"21:20";"5";"83";"83069";"2";"6";"1";"3";"CORPS (AVENUE DU XVEME)";"43,12141000";"6,13771000"
"202400020221";"31";"07";"2024";"21:57";"5";"16";"16015";"2";"2";"1";"3";"N/A";"45,65340600";"0,14793100"
"202400020222";"6";"09";"2024";"19:45";"1";"80";"80021";"2";"1";"1";"6";"Rue Edmond Rostand";"49,87314000";"2,32417000"
"202400020223";"26";"01";"2024";"07:39";"1";"973";"97302";"2";"1";"1";"3";"BARTHELEMY (RENE)";"4,93620999";" -52,31585652"
"202400020224";"27";"01";"2024";"20:15";"5";"972";"97213";"1";"1";"1";"7";"AUTOROUTE A1";"14,61826600";" -61,03488500"
"202400020225";"31";"07";"2024";"16:15";"1";"13";"13213";"2";"1";"1";"2";"OLIVES (AVENUE DES)";"43,32740000";"5,43610000"
"202400020226";"31";"07";"2024";"04:40";"5";"13";"13209";"2";"1";"1";"6";"MORGIOU (chemin de )";"43,24000000";"5,40000000"
"202400020227";"6";"09";"2024";"10:35";"1";"80";"80021";"2";"1";"1";"3";"Rue Saint-Fuscien";"49,87076000";"2,30726000"
"202400020228";"27";"01";"2024";"19:11";"5";"972";"97213";"1";"1";"1";"1";"BASSE GONDEAU (CHEMIN RURAL N°3 DE)";"14,62787750";" -61,02515955"
"202400020229";"28";"07";"2024";"14:20";"1";"04";"04112";"2";"1";"1";"3";"DEPARTEMENTALE 4096";"43,83100000";"5,79470000"
"202400020230";"6";"09";"2024";"09:45";"1";"80";"80674";"2";"1";"1";"3";"Rue Laennec";"49,90420813";"2,32901037"
"202400020231";"5";"09";"2024";"17:45";"1";"80";"80489";"1";"1";"2";"7";"Avenue de la Ville Idéale";"49,86792000";"2,37572000"
"202400020232";"27";"01";"2024";"23:29";"5";100;100033";"2";"1";"1";"1";"DE MONTERA - BD HYACINTE";"42,69948000";"9,44665000"
"202400020233";"31";"07";"2024";"11:15";"1";"75";"75112";"2";"1";"1";"4";"QUAI DE BERCY";"48,83015400";"2,38657100"
"202400020234";"5";"09";"2024";"14:00";"1";"79";"79191";"2";"1";"1";"3";"N/A";"46,30421500";" -0,46008000"
"202400020235";"31";"07";"2024";"05:24";"5";"75";"75110";"2";"2";"3";"3";"RUE DU FAUBOURG SAINT MARTIN";"48,87374600";"2,35832500"
"202400020236";"27";"01";"2024";"13:34";"1";100;100033";"2";"1";"1";"3";"BASTIA -Z.I DE";"42,66370000";"9,43635000"
"202400020237";"31";"07";"2024";"15:00";"1";"75";"75101";"2";"4";"8";"7";"RUE DE RIVOLI";"48,86046800";"2,34225200"
"202400020238";"27";"01";"2024";"00:05";"4";"971";"97101";"2";"1";"1";"1";"ACHILLE RENE BOISNEUF (RUE)";"16,27026000";" -61,50580000"
"202400020239";"30";"07";"2024";"16:50";"1";"94";"94081";"2";"1";"1";"6";"Rue Gabriel Péri";"48,79909420";"2,39920700"
"202400020240";"6";"09";"2024";"13:45";"1";"77";"77221";"2";"9";"1";"1";"D35";"48,85473000";"2,70462000"
"202400020241";"31";"07";"2024";"17:10";"1";"94";"94052";"2";"1";"1";"3";"Rond Point du Marechal Foch";"48,84461100";"2,48778500"
"202400020242";"27";"01";"2024";"13:50";"1";"95";"95582";"2";"2";"1";"3";"FOSSES TREMPES ( RUE DES)";"48,98404979";"2,23693550"
"202400020243";"5";"09";"2024";"09:00";"1";"77";"77442";"2";"9";"2";"6";"ROYALE (RUE)";"48,42948000";"2,74770000"
"202400020244";"30";"07";"2024";"00:27";"5";"94";"94052";"2";"3";"1";"3";"Rue Hoche";"48,83390000";"2,49280000"
"202400020245";"26";"01";"2024";"10:10";"1";"95";"95598";"2";"1";"1";"3";"DESCARTES (AVENUE)";"48,98048222";"2,29721010"
"202400020246";"30";"07";"2024";"21:50";"5";"94";"94011";"2";"3";"1";"3";"Avenue de Paris";"48,77734000";"2,47862000"
"202400020247";"6";"09";"2024";"09:40";"1";"76";"76351";"2";"2";"1";"3";"MARTYRS (DES)";"49,51430500";"0,10859400"
"202400020248";"27";"01";"2024";"17:50";"3";"91";"91425";"2";"9";"1";"2";"LA CHAPELLE (RUE DE)";"48,63979000";"2,27189000"
"202400020249";"5";"09";"2024";"12:30";"1";"76";"76305";"2";"1";"2";"1";"ESTUAIRE";"49,49886000";"0,23207100"
"202400020250";"27";"01";"2024";"06:45";"5";"91";"91657";"2";"1";"9";"3";"HENRI BARBUSSE (AVENUE)";"48,70490000";"2,43730000"
"202400020251";"29";"07";"2024";"22:55";"5";"94";"94011";"2";"9";"1";"3";"Avenue des 28 Arpents";"48,76272000";"2,47863300"
"202400020252";"6";"09";"2024";"07:19";"1";"69";"69275";"2";"8";"1";"6";"Rue Emile Bertrand";"45,77202000";"4,95617000"
"202400020253";"27";"01";"2024";"07:40";"2";"91";"91027";"2";"2";"1";"3";"RTE DE FONTAINEBLEAU";"48,71610000";"2,37090000"
"202400020254";"31";"07";"2024";"13:30";"1";"93";"93073";"2";"2";"1";"3";"Rue des Terres Noires / Rue du Sonnet";"49,00244000";"2,53330000"
"202400020255";"7";"09";"2024";"01:00";"5";"69";"69199";"2";"2";"1";"3";"Avenue Jean Jaurès";"45,71224519";"4,85507727"
"202400020256";"27";"01";"2024";"04:30";"5";"91";"91479";"2";"2";"1";"3";"EUGENE TARTASSE (RUE)";"48,70864000";"2,35839000"
"202400020257";"31";"07";"2024";"09:12";"1";"93";"93066";"2";"2";"1";"6";"LAMAZE DOCTEUR";"48,93708000";"2,37188000"
"202400020258";"27";"01";"2024";"19:45";"5";"83";"83129";"2";"1";"1";"6";"MER (AVENUE DE LA) N°IMPAIRS";"43,09607000";"5,83167000"
"202400020259";"6";"09";"2024";"08:10";"1";"69";"69029";"2";"3";"1";"3";"Avenue François Mitterrand";"45,73710000";"4,91892000"
"202400020260";"31";"07";"2024";"15:25";"1";"93";"93048";"2";"1";"1";"6";"Boulevard Aristide Briand";"48,87255209";"2,45329844"
"202400020261";"27";"01";"2024";"23:55";"5";"83";"83069";"2";"2";"1";"3";"AVENUE RITONDALE LEOPOLD";"43,11351000";"6,12992000"
"202400020262";"5";"09";"2024";"18:45";"1";"69";"69259";"2";"1";"1";"2";"Boulevard de Jodino";"45,69145000";"4,88587000"
"202400020263";"31";"07";"2024";"15:00";"1";"93";"93048";"2";"1";"1";"6";"Avenue Jean Moulin";"48,86089000";"2,45270000"
"202400020264";"6";"09";"2024";"01:18";"5";"68";"68297";"2";"6";"1";"7";"DE GAULLE ( AVE DU GLE )A PARTIR DES NR";"47,58232000";"7,55637000"
"202400020265";"27";"01";"2024";"16:05";"1";"77";"77058";"2";"9";"1";"3";"MARNE ET GONDOIRE (RUE)";"48,83990000";"2,66080000"
"202400020266";"31";"07";"2024";"05:10";"5";"92";"92051";"2";"1";"2";"7";"MARCHE (PLACE DU)";"48,88066178";"2,27572158"
"202400020267";"27";"01";"2024";"23:00";"5";"76";"76575";"2";"1";"1";"6";"Chemin de la Sapiniere";"49,38313300";"1,08538700"
"202400020268";"6";"09";"2024";"12:15";"1";"64";"64122";"2";"6";"2";"3";"Rue de Pitchot";"43,46605000";" -1,53703000"
"202400020269";"31";"07";"2024";"00:45";"5";"92";"92036";"2";"4";"2";"6";"JEAN GRANDEL (PLACE)";"48,93348518";"2,29613820"
"202400020270";"27";"01";"2024";"17:45";"2";"76";"76259";"2";"1";"1";"6";"HUET ( RUE JACQUES)";"49,75585000";"0,37962000"
"202400020271";"6";"09";"2024";"13:05";"1";"62";"62427";"2";"1";"2";"6";"Rue Elie Gruyelle";"50,42140000";"2,95444000"
"202400020272";"6";"09";"2024";"11:45";"1";"60";"60057";"2";"9";"1";"6";"Rue de Sénéfontaine";"49,41479000";"2,06724000"
"202400020273";"26";"01";"2024";"15:00";"1";"76";"76217";"2";"1";"1";"1";"BLD DU MARECHAL JOFFRE";"49,92286000";"1,07611000"
"202400020274";"30";"07";"2024";"19:55";"1";"92";"92025";"2";"9";"1";"1";"AUDRA (AV)";"48,92778996";"2,24883628"
"202400020275";"27";"01";"2024";"06:01";"5";"72";"72181";"2";"1";"1";"6";"LIBERATION (AV DE LA) N° IMP 1 A 145";"48,00400000";"0,18710000"
"202400020276";"6";"09";"2024";"13:00";"1";"59";"59599";"2";"1";"2";"6";"PAPIN (CHAUSSEE DENIS)";"50,73315000";"3,14347000"
"202400020277";"27";"01";"2024";"18:40";"5";"69";"69259";"2";"1";"1";"3";"Avenue Charles de Gaulle";"45,71630072";"4,89329442"
"202400020278";"31";"07";"2024";"11:55";"1";"92";"92007";"2";"1";"1";"3";"TURIN (RUE DE)";"48,80499182";"2,31537603"
"202400020279";"6";"09";"2024";"20:35";"2";"59";"59009";"2";"2";"8";"3";"FUSILLES RUE DES DU N°116 A FIN";"50,61151000";"3,16125000"
"202400020280";"27";"01";"2024";"11:20";"1";"67";"67180";"2";"3";"1";"1";"MARCHE AUX GRAINS (RUE DU)";"48,81350000";"7,79211000"
"202400020281";"6";"09";"2024";"07:10";"2";"59";"59378";"2";"1";"2";"6";"Boulevard Clémenceau";"50,66286000";"3,09499700"
"202400020282";"1";"08";"2024";"16:50";"1";"24";"24188";"1";"1";"1";"1";"cd 6089 pk 34.100";"45,13289900";"1,01269500"
"202400020283";"5";"09";"2024";"18:38";"1";"56";"56121";"2";"2";"1";"3";"Rue Lazare Carnot";"47,74269000";" -3,36071000"
"202400020284";"26";"01";"2024";"08:15";"5";"60";"60057";"2";"6";"2";"1";"Avenue Nelson Mandela";"49,43391000";"2,06207000"
"202400020285";"31";"07";"2024";"15:25";"1";"37";"37232";"1";"3";"1";"3";"D952";"47,29117200";"0,33121000"
"202400020286";"6";"09";"2024";"19:15";"1";"54";"54184";"2";"6";"1";"3";"Avenue de Saulxures";"48,70850000";"6,24405000"
"202400020287";"26";"01";"2024";"16:30";"1";"59";"59206";"2";"1";"1";"6";"JAURES (RUE JEAN)";"50,19499000";"3,26783000"
"202400020288";"31";"07";"2024";"18:25";"2";"37";"37074";"1";"1";"1";"1";"rue médard";"47,25420600";"0,14414200"
"202400020289";"5";"09";"2024";"13:30";"1";"54";"54339";"2";"1";"1";"2";"29 Rue de Jéricho";"48,70567000";"6,18683000"
"202400020290";"27";"01";"2024";"20:26";"5";"49";"49007";"2";"1";"1";"3";"BOISNET RUE";"47,47437000";" -0,55228000"
"202400020291";"6";"09";"2024";"08:00";"1";"54";"54280";"2";"3";"2";"3";"Rue de Franchepré";"49,22543000";"6,01491000"
"202400020292";"1";"08";"2024";"03:00";"3";101;101249";"1";"1";"1";"1";"#Propriano#";"41,66377000";"8,88617500"