"Num_Acc";"jour";"mois";"an";"hrmn";"lum";"dep";"com";"agg";"int";"atm";"col";"adr";"lat";"long"
"202400020293";"27";"01";"2024";"02:50";"5";"44";"44109";"2";"1";"1";"6";"14 Rue Anatole de Monzie";"47,20328995";" -1,54188464"
"202400020294";"6";"09";"2024";"12:45";"1";"51";"51454";"2";"6";"1";"3";"FRACHON (AVENUE BENOIT)";"49,28527000";"4,01543000"
"202400020295";"25";"06";"2024";"11:00";"1";"84";"84116";"2";"1";"1";"3";"Avenue de Verdun";"44,25831300";"5,10731200"
"202400020296";"27";"01";"2024";"02:50";"3";"41";"41226";"2";"1";"1";"2";"PARIS (ROUTE DE)";"47,80652231";"1,07208589"
"202400020297";"6";"09";"2024";"05:30";"5";"51";"51454";"2";"3";"2";"7";"ROUX (BOULEVARD DU DOCTEUR)";"49,23260000";"4,02428000"
"202400020298";"27";"01";"2024";"06:30";"5";"35";"35238";"2";"2";"1";"3";"CLEMENCEAU (BD GEORGES)";"48,09373413";" -1,67456478"
"202400020299";"1";"08";"2024";"11:05";"1";"05";"05133";"2";"3";"1";"3";"Allée des Petits Plans";"44,93490275";"6,58700913"
"202400020300";"5";"09";"2024";"18:20";"1";"51";"51454";"2";"1";"8";"7";"BOCQUAINE (CHAUSSEE)";"49,24672000";"4,02364000"
"202400020301";"27";"01";"2024";"21:15";"5";"34";"34172";"2";"1";"1";"1";"MENDE (ROUTE DE)";"43,62814000";"3,86937000"
"202400020302";"5";"09";"2024";"13:44";"1";"51";"51454";"2";"9";"2";"6";"GAMBETTA (RUE) DU N°1 AU 57 ET DU N° 2 A";"49,24937400";"4,03816200"
"202400020303";"30";"07";"2024";"18:10";"1";"62";"62571";"1";"4";"1";"1";"D144E3";"50,45990800";"1,62681300"
"202400020304";"27";"01";"2024";"20:15";"5";"33";"33063";"2";"3";"1";"6";"N/A";"44,87537000";" -0,57444000"
"202400020305";"5";"09";"2024";"14:30";"1";"51";"51454";"2";"1";"1";"2";"BARTHOU (BOULEVARD LOUIS) IMPAIR";"49,23481104";"4,02842832"
"202400020306";"31";"07";"2024";"22:32";"3";"57";"57100";"1";"1";"1";"7";"Camp La Horie (Aérodrome)";"48,77508500";"7,20374800"
"202400020307";"27";"01";"2024";"06:36";"5";"33";"33281";"2";"6";"1";"6";"N/A";"44,84144000";" -0,67052000"
"202400020308";"30";"08";"2024";"20:20";"1";"51";"51108";"2";"2";"1";"3";"GRANDE ETAPE (RUE)";"48,95956000";"4,37106000"
"202400020309";"31";"07";"2024";"19:50";"1";"59";"59037";"2";"1";"1";"7";"18 rue Jules FERRY";"50,19633500";"3,38273300"
"202400020310";"27";"01";"2024";"01:25";"3";"27";"27701";"1";"1";"1";"3";"RD6015";"49,23752000";"1,20246000"
"202400020311";"6";"09";"2024";"09:20";"1";"49";"49007";"2";"1";"1";"1";"JOXE AVENUE";"47,48620000";" -0,54037000"
"202400020312";"1";"08";"2024";"18:35";"1";"56";"56117";"2";"6";"1";"6";"Rue Ernest Renan";"47,89173300";" -2,83322800"
"202400020313";"5";"09";"2024";"15:35";"1";"49";"49015";"2";"1";"1";"3";"CHAMP DES MARTYRS CHEMIN DU";"47,49272200";" -0,57763400"
"202400020314";"31";"07";"2024";"14:00";"1";"77";"77444";"1";"1";"1";"6";"N4";"48,69192400";"3,37692300"
"202400020315";"6";"09";"2024";"22:30";"5";"45";"45286";"2";"3";"1";"3";"8 Route de Sandillon";"47,88825000";"1,92547000"
"202400020316";"27";"01";"2024";"16:20";"1";"25";"25056";"2";"1";"1";"1";"MALPAS  CHEMIN DE";"47,22493000";"6,03437000"
"202400020317";"31";"07";"2024";"13:45";"1";101;101362";"1";"1";"1";"1";"Ferrulaghjolu";"41,65165800";"9,35075600"
"202400020318";"26";"01";"2024";"16:25";"1";"25";"25056";"2";"9";"2";"6";"FLORE PLACE";"47,24556000";"6,02804000"
"202400020319";"6";"09";"2024";"11:17";"1";"41";"41018";"2";"2";"1";"3";"ARMAND (RUE LOUIS )";"47,59900000";"1,30300000"
"202400020320";"25";"01";"2024";"03:30";"3";"23";"23096";"1";"1";"1";"6";"RN 145";"46,18092395";"1,88533254"
"202400020321";"30";"07";"2024";"15:00";"1";100;100251";"2";"9";"1";"3";"RT 10, Face au magasin Casino";"42,00211100";"9,40297200"
"202400020322";"6";"09";"2024";"18:40";"1";"37";"37261";"2";"1";"1";"6";"ARSONVAL (AVENUE ARSENE D')";"47,35574000";"0,70127000"
"202400020323";"1";"08";"2024";"00:30";"3";"89";"89417";"1";"1";"1";"6";"D35";"47,85878900";"3,89158000"
"202400020324";"27";"01";"2024";"12:00";"1";"13";"13209";"2";"3";"1";"1";"EMMANUEL CHABRIER)";"43,23959266";"5,39270075"
"202400020325";"6";"09";"2024";"10:00";"1";"34";"34198";"1";"1";"1";"3";"D21E";"43,57366000";"3,94426000"
"202400020326";"1";"08";"2024";"10:00";"1";"63";"63128";"1";"2";"7";"1";"intersection D46 et route des jolys";"45,91438700";"3,41158700"
"202400020327";"6";"09";"2024";"20:50";"5";"33";"33281";"2";"1";"1";"1";"N/A";"44,85262000";" -0,64200300"
"202400020328";"5";"09";"2024";"02:05";"5";"33";"33063";"2";"1";"1";"7";"N/A";"44,86005000";" -0,56868000"
"202400020329";"28";"07";"2024";"15:55";"1";"49";"49261";"1";"1";"1";"1";"39 Rue de Saumur (Gennes)";"47,34671300";" -0,21750200"
"202400020330";"28";"07";"2024";"16:30";"1";"42";"42287";"1";"1";"1";"7";"D74";"45,25558989";"4,45648625"
"202400020331";"1";"09";"2024";"23:35";"5";"30";"30189";"2";"3";"1";"3";"SAUVE (ROUTE)";"43,83660000";"4,33760000"
"202400020332";"6";"09";"2024";"07:25";"2";"29";"29019";"2";"2";"1";"1";"rue du Château";"48,38490700";" -4,48894900"
"202400020333";"1";"08";"2024";"17:00";"1";"39";"39492";"1";"1";"1";"2";"N/A";"46,61237100";"5,59635400"
"202400020334";"31";"07";"2024";"10:20";"1";"25";"25463";"2";"1";"1";"1";"23 Rue d'Alsace";"47,40176200";"6,76706300"
"202400020335";"6";"09";"2024";"17:15";"1";"27";"27229";"2";"1";"1";"7";"BAUDOUX (Rue Docteur Michel)";"49,03490400";"1,14148100"
"202400020336";"6";"09";"2024";"08:20";"1";"27";"27229";"2";"6";"1";"3";"MOULIN (RUE JEAN)";"49,00722000";"1,15118000"
"202400020337";"1";"08";"2024";"15:55";"1";"66";"66187";"1";"1";"1";"1";"D117";"42,81491126";"2,52033234"
"202400020338";"5";"09";"2024";"22:15";"5";"19";"19031";"2";"1";"1";"7";"TOULZAC (RUE)";"45,16072332";"1,53292635"
"202400020339";"31";"07";"2024";"10:50";"1";"50";"50484";"2";"1";"7";"6";"Rue du 14 Juin 1944";"48,57650100";" -1,09416600"
"202400020340";"6";"09";"2024";"15:58";"1";"17";"17291";"1";"1";"1";"2";"N11";"46,17162000";" -1,12201000"
"202400020341";"28";"07";"2024";"19:10";"1";"60";"60572";"1";"1";"1";"1";"D335";"49,37270500";"3,00057600"
"202400020342";"5";"09";"2024";"21:20";"3";"15";"15012";"2";"1";"1";"3";"RD 990";"44,89744500";"2,46802500"
"202400020343";"5";"09";"2024";"11:00";"1";"14";"14366";"1";"1";"2";"7";"D613";"49,12948000";"0,22541000"
"202400020344";"28";"07";"2024";"18:10";"1";"18";"18227";"1";"1";"1";"2";"N/A";"47,49586400";"2,31665600"
"202400020345";"26";"07";"2024";"16:30";"1";"07";"07139";"1";"1";"1";"1";"578";"44,76192970";"4,34030238"
"202400020346";"7";"09";"2024";"00:15";"5";"13";"13206";"2";"2";"1";"3";"PIERRE PUGET (COURS)";"43,29043000";"5,37562000"
"202400020347";"31";"07";"2024";"19:00";"1";"27";"27467";"2";"1";"1";"6";"1 Côte de la Pierre";"49,35763300";"0,51866000"
"202400020348";"6";"09";"2024";"01:00";"5";"13";"13204";"2";"3";"1";"3";"FRANÇOISE DUPARC (BOULEVARD)";"43,30451000";"5,40103000"
"202400020349";"1";"08";"2024";"10:00";"1";"13";"13069";"1";"1";"1";"4";"D22";"43,64048500";"5,18151300"
"202400020350";"3";"09";"2024";"12:10";"1";"12";"12028";"1";"1";"3";"1";"Les Tannins";"44,57266000";"2,20756000"
"202400020351";"1";"08";"2024";"07:15";"1";"13";"13112";"2";"6";"1";"2";"Velaux";"43,53400500";"5,25464100"
"202400020352";"6";"09";"2024";"14:20";"1";"10";"10081";"2";"1";"1";"2";"Rue Antoine Lumière";"48,32332000";"4,03539000"
"202400020353";"6";"09";"2024";"13:25";"1";"10";"10325";"1";"1";"1";"6";"ROCADE OUEST (RD 610)";"48,26286508";"4,08156037"
"202400020354";"1";"08";"2024";"08:20";"1";"21";"21194";"1";"1";"1";"2";"Autoroute A31, PK 09+200 sens Dijon / Beaune";"47,09075400";"4,93820400"
"202400020355";"5";"09";"2024";"18:50";"1";"10";"10362";"2";"1";"1";"3";"Avenue du General Gallieni";"48,29442000";"4,05855000"
"202400020356";"27";"07";"2024";"19:45";"1";"11";"11202";"1";"4";"1";"6";"N/A";"42,92958200";"3,00438000"
"202400020357";"6";"09";"2024";"16:12";"1";"06";"06088";"2";"8";"1";"6";"176 Rue de France";"43,69205420";"7,24658470"
"202400020358";"31";"07";"2024";"16:20";"1";"974";"97420";"1";"1";"1";"2";"Route Nationale 2";" -20,90115400";"55,59082000"
"202400020359";"6";"09";"2024";"15:35";"1";"06";"06088";"2";"1";"1";"6";"10 Rue de l'Hôtel des Postes";"43,70145730";"7,27478450"
"202400020360";"5";"09";"2024";"15:00";"1";"06";"06069";"2";"1";"1";"6";"Avenue Frédéric Mistral";"43,65038000";"6,92214000"
"202400020361";"24";"08";"2024";"18:11";"1";"05";"05061";"2";"1";"1";"7";"JEAN JAURES ( AVENUE )";"44,54879135";"6,06724262"
"202400020362";"30";"07";"2024";"20:30";"2";"11";"11076";"2";"2";"1";"3";"D6113";"43,30984700";"1,97278100"
"202400020363";"27";"05";"2024";"22:05";"3";"94";"94069";"1";"1";"9";"4";"A4";"48,81730019";"2,42507684"
"202400020364";"31";"07";"2024";"09:00";"1";"34";"34189";"1";"1";"1";"1";"D11";"43,27025700";"2,76240700"
"202400020365";"6";"09";"2024";"06:00";"5";"01";"01053";"2";"1";"1";"2";"JOLIOT CURIE ( BOULEVARD IRENE COTE PAIR";"46,20877000";"5,23448000"
"202400020366";"6";"09";"2024";"13:10";"1";"75";"75112";"2";"1";"1";"2";"BOULEVARD PERIPHERIQUE EXTERIEUR SUD";"48,83356900";"2,40834100"
"202400020367";"26";"07";"2024";"17:32";"1";"01";"01262";"2";"6";"1";"3";"avenue des platanes";"45,84825900";"5,05791700"
"202400020368";"27";"05";"2024";"13:50";"1";"94";"94073";"1";"1";"1";"4";"A86";"48,76210053";"2,38167667"
"202400020369";"6";"09";"2024";"08:55";"1";"75";"75116";"2";"1";"1";"2";"BOULEVARD PERIPHERIQUE INTERIEUR OUEST";"48,85453900";"2,25492300"
"202400020370";"30";"07";"2024";"14:40";"1";"17";"17307";"1";"2";"1";"3";"Rue de Toulon";"45,68605300";" -0,89970400"
"202400020371";"26";"05";"2024";"03:35";"3";"77";"77363";"1";"1";"2";"2";"RN104";"48,92310726";"2,63014241"
"202400020372";"5";"09";"2024";"18:20";"1";"75";"75113";"2";"1";"1";"2";"BOULEVARD PERIPHERIQUE EXTERIEUR SUD";"48,82649100";"2,38914600"
"202400020373";"23";"07";"2024";"16:30";"1";"33";"33417";"1";"1";"1";"1";"N/A";"44,99876600";" -0,91066400"
"202400020374";"15";"01";"2024";"19:05";"5";"84";"84031";"2";"9";"1";"3";"ROUTE DE BEDOIN ";"44,06404000";"5,06233000"
"202400020375";"31";"07";"2024";"17:00";"1";"76";"76418";"1";"1";"1";"6";"Route départementale 490";"49,55201300";"0,74461300"
"202400020376";"6";"09";"2024";"00:20";"5";"75";"75110";"2";"2";"1";"6";"RUE LA FAYETTE";"48,87945600";"2,35760500"
"202400020377";"10";"01";"2024";"19:25";"5";"84";"84080";"2";"6";"2";"3";"Boulevard Pasteur";"44,03458000";"4,99455000"
"202400020378";"26";"05";"2024";"19:30";"3";"974";"97409";"1";"1";"2";"7";"Salazie (route de)";" -20,97838000";"55,63662000"
"202400020379";"31";"07";"2024";"16:00";"1";"83";"83123";"1";"1";"1";"4";"A50";"43,13309232";"5,81199480"
"202400020380";"6";"09";"2024";"11:54";"1";"75";"75120";"2";"2";"1";"3";"RUE DES PYRENEES";"48,84894000";"2,40654700"
"202400020381";"26";"05";"2024";"15:30";"1";"69";"69388";"2";"9";"1";"6";"Route de Vienne";"45,73648000";"4,85288000"
"202400020382";"4";"09";"2024";"16:05";"1";"75";"75120";"2";"3";"1";"6";"RUE D AVRON";"48,85294100";"2,40747500"
"202400020383";"26";"05";"2024";"01:10";"5";"69";"69389";"2";"6";"1";"3";"Rue de Bourgogne";"45,78164000";"4,80025000"
"202400020384";"29";"07";"2024";"07:30";"1";"83";"83137";"2";"1";"1";"4";"A57";"43,13138738";"5,98036515"
"202400020385";"6";"09";"2024";"20:25";"2";"75";"75119";"2";"1";"1";"6";"Rue Césaria Évora";"48,89770900";"2,37598000"