"Num_Acc";"jour";"mois";"an";"hrmn";"lum";"dep";"com";"agg";"int";"atm";"col";"adr";"lat";"long"
"202400020386";"26";"05";"2024";"10:32";"1";100;100120";"2";"1";"1";"3";"LAGUNE (Route de la) D107";"42,65000000";"9,41000000"
"202400020387";"29";"07";"2024";"12:45";"1";"59";"59603";"1";"1";"1";"4";"AUTOROUTE A2";"50,34092700";"3,47672900"
"202400020388";"6";"09";"2024";"15:00";"1";"75";"75119";"2";"1";"1";"5";"RUE PETIT";"48,88624200";"2,39145300"
"202400020389";"25";"05";"2024";"16:40";"1";"971";"97101";"1";"1";"1";"6";"RN11";"16,27203000";" -61,51545000"
"202400020390";"31";"07";"2024";"19:50";"1";"94";"94065";"1";"1";"1";"3";"A86";"48,75511112";"2,34366638"
"202400020391";"6";"09";"2024";"00:05";"5";"75";"75119";"2";"2";"1";"2";"AVENUE CORENTIN CARIOU";"48,89513425";"2,38274306"
"202400020392";"31";"07";"2024";"17:00";"1";"92";"92002";"1";"1";"1";"4";"AUTOROUTE A86";"48,76043430";"2,28809490"
"202400020393";"25";"05";"2024";"15:10";"1";"971";"97101";"1";"1";"1";"2";"RN11";"16,27160000";" -61,54826000"
"202400020394";"6";"09";"2024";"18:30";"1";"75";"75118";"2";"5";"1";"3";"RUE JOSEPH DE MAISTRE";"48,88662700";"2,33260100"
"202400020395";"31";"07";"2024";"12:30";"1";"91";"91086";"1";"1";"1";"2";"RN 104";"48,62380000";"2,37800000"
"202400020396";"25";"05";"2024";"11:50";"1";"971";"97120";"2";"1";"1";"6";"DUPLESSIS";"16,23744000";" -61,53642000"
"202400020397";"31";"07";"2024";"13:59";"1";"91";"91340";"1";"1";"1";"1";"AUTOROUTE A6";"48,60449528";"2,43670098"
"202400020398";"6";"09";"2024";"02:50";"5";"75";"75118";"2";"2";"1";"3";"RUE DAMREMONT";"48,89364600";"2,33637400"
"202400020399";"26";"05";"2024";"07:00";"1";"95";"95572";"1";"6";"2";"6";"EGUILLETTE (AVENUE DE L')";"49,04920214";"2,12736189"
"202400020400";"30";"07";"2024";"17:40";"1";"78";"78124";"1";"1";"1";"7";"SE A14";"48,90860700";"2,19034400"
"202400020401";"6";"09";"2024";"19:45";"1";"75";"75116";"2";"2";"1";"3";"AVENUE VICTOR HUGO";"48,87116500";"2,28884400"
"202400020402";"31";"07";"2024";"19:50";"1";"93";"93007";"1";"1";"1";"2";"AUTOROUTE A1";"48,95491941";"2,45727922"
"202400020403";"26";"05";"2024";"18:55";"1";"91";"91064";"2";"3";"1";"3";"MARTINIERE (RUE DE LA)";"48,75640000";"2,20978000"
"202400020404";"6";"09";"2024";"12:00";"1";"75";"75116";"2";"1";"1";"2";"BOULEVARD PERIPHERIQUE INTERIEUR OUEST";"48,85937700";"2,26286700"
"202400020405";"31";"07";"2024";"18:30";"1";"92";"92036";"1";"1";"1";"6";"AUTOROUTE A15";"48,94497374";"2,28487431"
"202400020406";"26";"05";"2024";"17:20";"1";"88";"88160";"2";"1";"1";"3";"GRAVEURS (RUE DES)";"48,15895000";"6,44873000"
"202400020407";"6";"09";"2024";"08:15";"1";"75";"75108";"2";"7";"1";"3";"PLACE DE L ALMA";"48,86473358";"2,30136216"
"202400020408";"31";"07";"2024";"09:00";"1";"93";"93013";"1";"1";"2";"4";"AUTOROUTE A1";"48,94076452";"2,42585320"
"202400020409";"26";"05";"2024";"09:35";"1";"81";"81163";"2";"1";"1";"7";"JUIN (MARECHAL)";"43,50176000";"2,38192000"
"202400020410";"31";"07";"2024";"18:10";"1";"94";"94069";"1";"1";"1";"7";"A4";"48,81730357";"2,43236125"
"202400020411";"26";"05";"2024";"23:30";"3";"81";"81004";"1";"1";"1";"3";"RN88 OUEST";"43,91517000";"2,15684000"
"202400020412";"6";"09";"2024";"14:05";"1";"75";"75115";"2";"2";"1";"3";"ESPLANADE HENRI DE FRANCE";"48,83872337";"2,26989180"
"202400020413";"31";"07";"2024";"04:45";"4";"94";"94073";"1";"1";"2";"4";"A86";"48,75352251";"2,37891488"
"202400020414";"26";"05";"2024";"18:00";"1";"77";"77111";"2";"2";"1";"3";"AV HERGE";"48,85915000";"2,77535000"
"202400020415";"6";"09";"2024";"12:50";"1";"75";"75109";"2";"4";"1";"6";"RUE LA FAYETTE";"48,87604200";"2,34463400"
"202400020416";"30";"07";"2024";"01:25";"3";"77";"77495";"1";"1";"1";"7";"N105";"48,56861300";"2,64196000"
"202400020417";"29";"04";"2024";"14:20";"1";"50";"50099";"2";"1";"1";"3";"Rue des Fleurs";"49,30742700";" -1,22063000"
"202400020418";"4";"09";"2024";"17:40";"1";"94";"94081";"2";"3";"1";"3";"Avenue du Moulin de Saquet";"48,79111800";"2,38147400"
"202400020419";"30";"07";"2024";"06:45";"1";"974";"97416";"1";"9";"1";"6";"AUBEPINES(ALLEE DES)";" -21,33477000";"55,48732000"
"202400020420";"25";"05";"2024";"22:50";"3";"77";"77186";"1";"1";"1";"1";"D606";"48,36890000";"2,79700000"
"202400020421";"6";"09";"2024";"07:05";"2";"94";"94068";"2";"2";"1";"3";"Rue Delerue";"48,79560000";"2,49593000"
"202400020422";"26";"05";"2024";"11:00";"1";"77";"77070";"1";"1";"1";"2";"D 934";"48,79435000";"3,10734000"
"202400020423";"30";"07";"2024";"10:40";"1";"974";"97411";"1";"6";"1";"3";"LITTORAL (ROUTE 1 DU)";" -20,87665000";"55,44241000"
"202400020424";"6";"09";"2024";"14:30";"1";"94";"94042";"2";"2";"1";"1";"Avenue du President Kennedy";"48,81422507";"2,46254156"
"202400020425";"26";"05";"2024";"19:20";"1";"69";"69266";"2";"1";"1";"3";"Rue de la Soie";"45,76197000";"4,91713000"
"202400020426";"30";"07";"2024";"14:45";"1";"973";"97302";"2";"1";"1";"2";"UNIVERSITE CHICAGO (RUE DE)";"4,93578617";" -52,30288661"
"202400020427";"6";"09";"2024";"12:00";"1";"94";"94052";"2";"1";"1";"2";"Rue Hoche";"48,83382173";"2,49198054"
"202400020428";"30";"07";"2024";"15:16";"1";"69";"69388";"2";"1";"1";"2";"94 Boulevard des Etats-Unis";"45,73087000";"4,86632000"
"202400020429";"26";"05";"2024";"13:50";"1";"69";"69256";"2";"3";"1";"3";"Rue Cuzin";"45,77461000";"4,91535000"
"202400020430";"6";"09";"2024";"17:30";"1";"94";"94041";"2";"1";"1";"6";"Rue Lénine";"48,81692000";"2,39578000"
"202400020431";"30";"07";"2024";"01:00";"5";"69";"69388";"2";"1";"1";"6";"Rue Joseph Chapelle";"45,73538691";"4,86715421"
"202400020432";"5";"09";"2024";"09:25";"1";"94";"94077";"2";"1";"2";"6";"Cours de Verdun";"48,73704000";"2,40714000"
"202400020433";"26";"05";"2024";"17:24";"1";"66";"66136";"2";"3";"8";"3";"DESPRES (HIPPOLYTE)";"42,70973000";"2,89049000"
"202400020434";"30";"07";"2024";"17:55";"1";"69";"69382";"2";"3";"1";"3";"Quai Perrache";"45,73633000";"4,81986000"
"202400020435";"6";"09";"2024";"09:40";"1";"94";"94018";"2";"3";"1";"1";"Rue de Conflans";"48,82142000";"2,41313000"
"202400020436";"30";"07";"2024";"17:50";"1";"95";"95585";"2";"1";"1";"6";"D125";"48,99101010";"2,37378230"
"202400020437";"26";"05";"2024";"16:25";"1";"64";"64284";"2";"1";"1";"1";"RAUSKI";"43,25920000";" -0,39068000"
"202400020438";"30";"07";"2024";"19:45";"1";"91";"91286";"2";"9";"1";"3";"PLESSIS (CHEMIN DU)";"48,65165000";"2,38406000"
"202400020439";"6";"09";"2024";"16:35";"1";"94";"94079";"2";"1";"1";"1";"Chemin des Lyonnes";"48,81970000";"2,54867000"
"202400020440";"30";"07";"2024";"11:28";"1";"87";"87085";"2";"1";"1";"7";"KING (AVENUE MARTIN LUTHER)";"45,81486000";"1,23205000"
"202400020441";"26";"05";"2024";"18:40";"1";"63";"63113";"2";"2";"1";"2";"rue des Liondards / Av Léon Blum";"45,76666000";"3,09592000"
"202400020442";"26";"07";"2024";"11:39";"1";"87";"87085";"2";"3";"1";"3";"BELLAC (RUE DE)";"45,84966000";"1,24500000"
"202400020443";"5";"09";"2024";"21:50";"5";"93";"93073";"1";"1";"1";"5";"Circuit 1";"49,00558591";"2,53537059"
"202400020444";"6";"09";"2024";"07:00";"1";"93";"93072";"2";"9";"1";"6";"MAXIME GORKI (BOULEVARD) DES N°1 AU 87";"48,94456000";"2,38695000"
"202400020445";"26";"05";"2024";"02:57";"5";"59";"59421";"2";"2";"1";"3";"MARNE (BOULEVARD DE LA)";"50,69262000";"3,13134000"
"202400020446";"30";"07";"2024";"11:30";"1";"83";"83137";"2";"3";"1";"7";"LECLERC (AVE GENERAL)";"43,12589000";"5,92767000"
"202400020447";"6";"09";"2024";"12:25";"1";"93";"93066";"2";"1";"1";"3";"LIBERATION RD14 (BOULEVARD)";"48,92804247";"2,34132533"
"202400020448";"25";"07";"2024";"07:45";"1";"83";"83123";"1";"1";"1";"6";"BANDOL (ROUTE)N° IMPAIRS";"43,13601000";"5,77761000"
"202400020449";"26";"05";"2024";"19:35";"1";"57";"57463";"2";"2";"1";"3";"CASTELNAU (RUE )";"49,09322000";"6,17505000"
"202400020450";"6";"09";"2024";"10:10";"1";"93";"93046";"2";"2";"1";"3";"Boulevard Gutenberg / Avenue Vauban";"48,91300883";"2,51840312"
"202400020451";"28";"07";"2024";"12:35";"1";"83";"83061";"1";"1";"1";"2";"N7";"43,51389000";"6,82684000"
"202400020452";"25";"05";"2024";"16:45";"1";"47";"47323";"2";"4";"1";"7";"GENERAL DE GAULLE (AVENUE DU)";"44,42093446";"0,72101963"
"202400020453";"30";"07";"2024";"09:35";"1";"82";"82033";"2";"3";"1";"6";"N/A";"44,03903934";"1,10837817"
"202400020454";"5";"09";"2024";"21:20";"5";"93";"93062";"2";"2";"1";"3";"COTEAUX (ALLEE DES) 28 - FIN";"48,89958000";"2,52360000"
"202400020455";"3";"04";"2024";"13:10";"4";"42";"42218";"2";"2";"1";"3";"Rue de la Valse";"45,43869189";"4,40193856"
"202400020456";"30";"07";"2024";"23:30";"5";"78";"78423";"2";"1";"2";"6";"PRES (AVENUE DES)";"48,77763000";"2,01833000"
"202400020457";"6";"09";"2024";"09:10";"1";"93";"93051";"2";"3";"1";"6";"Rue Jean Richepin / Rue Galilée";"48,84454000";"2,54693000"
"202400020458";"25";"05";"2024";"14:40";"1";"38";"38185";"2";"2";"1";"3";"PLACE VICTOR HUGO";"45,18966000";"5,72474000"
"202400020459";"30";"07";"2024";"10:45";"1";"78";"78208";"2";"1";"1";"6";"VILLEDIEU (AVENUE DE LA) 210";"48,77004000";"1,96820000"
"202400020460";"6";"09";"2024";"13:35";"1";"93";"93046";"2";"1";"1";"2";"MARX DORMOY BOULEVARD";"48,90648588";"2,52406273"
"202400020461";"21";"05";"2024";"12:30";"1";"38";"38185";"2";"1";"1";"6";"Place Saint Bruno";"45,18767000";"5,71373000"
"202400020462";"6";"09";"2024";"16:35";"1";"93";"93029";"2";"1";"1";"2";"HENRI BARBUSSE (AVE) N°2-124";"48,91809000";"2,44784000"
"202400020463";"26";"05";"2024";"13:45";"1";"35";"35281";"2";"2";"1";"3";"BLUM (MAIL LEON)";"48,07843000";" -1,71576000"
"202400020464";"6";"09";"2024";"15:15";"1";"93";"93029";"2";"3";"1";"3";"SEDOV";"48,92205000";"2,42083000"
"202400020465";"25";"05";"2024";"20:10";"1";"34";"34301";"2";"3";"1";"3";"MOULIN JEAN (RUE)";"43,41001100";"3,68829200"
"202400020466";"6";"09";"2024";"09:20";"1";"93";"93029";"2";"1";"1";"3";"Rue Anatole France";"48,93366000";"2,45570000"
"202400020467";"30";"07";"2024";"16:45";"1";"77";"77306";"1";"1";"1";"1";"D.471";"48,58635000";"2,68642400"
"202400020468";"12";"05";"2024";"20:10";"1";"34";"34301";"2";"3";"1";"3";"BLANC CAMILLE (BOULEVARD)";"43,40938000";"3,67307000"
"202400020469";"26";"05";"2024";"08:10";"1";"34";"34301";"2";"1";"1";"6";"EUZET HONORE (RUE)";"43,40468000";"3,70051000"
"202400020470";"30";"07";"2024";"07:50";"1";"77";"77053";"1";"1";"1";"6";"RD 216";"48,70408000";"2,62671000"
"202400020471";"25";"05";"2024";"17:00";"1";"33";"33063";"2";"3";"1";"3";"N/A";"44,82828000";" -0,54019000"
"202400020472";"30";"07";"2024";"13:40";"1";"77";"77475";"2";"1";"1";"2";"RN 3";"48,95816700";"2,96251700"
"202400020473";"25";"05";"2024";"17:55";"1";"29";"29232";"2";"1";"1";"7";"Boulevard de Creac'h Gwen";"47,97530100";" -4,09776800"
"202400020474";"30";"07";"2024";"19:10";"1";"76";"76681";"2";"2";"1";"1";"Rue de Paris";"49,41754100";"1,09540600"
"202400020475";"24";"05";"2024";"19:10";"1";"29";"29151";"2";"3";"1";"3";"Rue de Brest";"48,57096951";" -3,83786291"
"202400020476";"28";"07";"2024";"20:25";"1";"76";"76447";"2";"1";"1";"6";"MARECHAL FOCH";"49,53855000";"0,18658000"
"202400020477";"30";"07";"2024";"04:50";"3";"73";"73065";"1";"1";"1";"6";"D211 MONTAGNY (RUE DE)";"45,59902000";"5,92487000"
"202400020478";"26";"05";"2024";"20:55";"1";"22";"22278";"2";"5";"1";"6";"PORT-FAVIGO (DU)";"48,51881000";" -2,75858000"
"202400020479";"29";"07";"2024";"15:54";"1";"72";"72181";"2";"9";"1";"3";"MESSIAEN OLIVIER (AV) PAIRS";"48,01546000";"0,15577000"
"202400020480";"21";"05";"2024";"12:03";"1";"22";"22113";"2";"1";"1";"2";"RESISTANCE (AVENUE DE LA)";"48,73711000";" -3,46807000"
"202400020481";"30";"07";"2024";"07:40";"2";"71";"71475";"2";"1";"1";"6";"AUGUSTE MARTIN (RUE)";"46,77205000";"4,83250000"
"202400020482";"26";"05";"2024";"16:33";"1";"16";"16358";"1";"1";"1";"6";"N/A";"45,67370000";"0,14439000"
"202400020483";"25";"05";"2024";"17:25";"1";"13";"13117";"2";"1";"1";"1";"SALYENS ( AVENUE DES )";"43,44194000";"5,25296000"
"202400020484";"15";"07";"2024";"23:05";"5";"69";"69266";"2";"2";"1";"3";"Rue Anatole France";"45,76789000";"4,87799000"
"202400020485";"29";"07";"2024";"18:45";"1";"69";"69290";"2";"1";"1";"2";"Place de l'Hôtel de Ville Charles Ottina";"45,69443000";"4,93696000"
"202400020486";"25";"05";"2024";"07:40";"1";"13";"13043";"2";"3";"1";"3";"MEDITERRANEE (AV DE LA )";"43,38509249";"5,21722108"
"202400020487";"29";"07";"2024";"16:30";"1";"67";"67267";"2";"1";"1";"3";"MARECHAL FOCH (RUE DU)";"48,55651000";"7,68123000"
"202400020488";"25";"05";"2024";"21:30";"5";"13";"13103";"2";"1";"1";"1";"CHEMIN DES CARDELINES";"43,62258000";"5,08821000"
"202400020489";"25";"05";"2024";"16:40";"1";"13";"13047";"1";"1";"1";"1";"RN 569";"43,54216000";"4,95631000"
"202400020490";"29";"07";"2024";"07:40";"1";"67";"67204";"2";"3";"1";"1";"FONTAINE (RUE DE LA)";"48,62371000";"7,75408000"
"202400020491";"29";"07";"2024";"21:40";"2";"64";"64545";"2";"4";"8";"1";"RD810";"43,36185000";" -1,70539000"
"202400020492";"26";"05";"2024";"18:30";"1";"13";"13001";"1";"9";"1";"5";"FERRINI FORTUNE (AV)";"43,49460000";"5,43286000"
"202400020493";"30";"07";"2024";"00:06";"5";"64";"64445";"2";"3";"1";"3";"CARREROT";"43,29836000";" -0,36255000"
"202400020494";"25";"05";"2024";"17:25";"1";"75";"75115";"2";"1";"1";"4";"BD PERIPHERIQUE EXTERIEUR";"48,82637600";"2,29701300"
"202400020495";"29";"07";"2024";"18:01";"1";"64";"64024";"2";"3";"1";"3";"PLAGES (BOULEVARD DES)";"43,50959000";" -1,52939000"
"202400020496";"29";"07";"2024";"07:40";"1";"62";"62510";"2";"1";"1";"6";"Rue Albert Samain";"50,42563000";"2,76976000"
"202400020497";"25";"05";"2024";"09:20";"1";"75";"75113";"2";"2";"1";"6";"RUE PRIMATICE";"48,83323500";"2,35554000"
"202400020498";"30";"07";"2024";"20:10";"1";"61";"61001";"2";"1";"1";"6";"Voie Communale";"48,41342000";"0,09651000"
"202400020499";"26";"05";"2024";"15:52";"1";"75";"75118";"2";"3";"2";"6";"RUE DE LA CHAPELLE";"48,89712400";"2,35948000"
"202400020500";"24";"07";"2024";"14:20";"1";"60";"60057";"2";"1";"1";"6";"Rue de la Madeleine";"49,42774000";"2,08849000"
"202400020501";"26";"05";"2024";"18:20";"1";"75";"75116";"2";"1";"1";"6";"AVENUE RAYMOND POINCARE";"48,86919000";"2,28547000"
"202400020502";"30";"07";"2024";"05:35";"1";"59";"59650";"2";"2";"1";"3";"CASTERMANT (RUE CHARLES)";"50,70325000";"3,19553000"
"202400020503";"30";"07";"2024";"10:50";"1";"58";"58194";"2";"1";"1";"5";"DOCKS";"46,99376000";"3,14878000"
"202400020504";"27";"07";"2024";"14:50";"1";"57";"57672";"2";"1";"2";"6";"ARLON (ROUTE D')";"49,35668933";"6,14332148"
"202400020505";"12";"07";"2024";"17:40";"1";"55";"55545";"2";"1";"1";"7";"PORTE DE FRANCE ( PLACE )";"49,16233000";"5,37774000"
"202400020506";"26";"05";"2024";"17:20";"1";"75";"75116";"2";"3";"1";"6";"RUE DU COMMANDANT GUILBAUD";"48,83919800";"2,25172100"
"202400020507";"26";"05";"2024";"13:30";"1";"75";"75116";"2";"1";"1";"6";"AVENUE RAYMOND POINCARE";"48,86796500";"2,28579500"
"202400020508";"15";"07";"2024";"18:59";"1";"55";"55545";"2";"3";"1";"3";"SAINT PAUL ( ROND POINT )";"49,16437000";"5,38410000"
"202400020509";"29";"07";"2024";"17:06";"1";"54";"54079";"2";"1";"1";"6";"Avenue de la Petite Suisse";"48,88299000";"6,04480000"
"202400020510";"26";"05";"2024";"15:55";"1";"75";"75115";"2";"7";"1";"3";"RUE DE VOUILLE";"48,83543800";"2,30269500"
"202400020511";"25";"05";"2024";"14:30";"1";"75";"75114";"2";"1";"1";"3";"AVENUE DE LA PORTE DE CHATILLON";"48,82265700";"2,31501700"
"202400020512";"29";"07";"2024";"08:55";"1";"54";"54395";"2";"9";"1";"3";"Boulevard d'Austrasie";"48,69388000";"6,19825000"
"202400020513";"26";"05";"2024";"16:30";"1";"75";"75113";"2";"4";"1";"2";"RUE DE TOLBIAC";"48,82610400";"2,35882900"
"202400020514";"26";"05";"2024";"13:45";"1";"75";"75113";"2";"4";"1";"6";"BOULEVARD SAINT MARCEL";"48,83833200";"2,35697500"
"202400020515";"29";"07";"2024";"08:50";"1";"52";"52448";"2";"1";"7";"6";"CAMUS (RUE JEAN)";"48,63850000";"4,97689000"
"202400020516";"26";"05";"2024";"04:40";"5";"94";"94081";"2";"3";"1";"2";"Avenue Jean Jaurès / Avenue du Groupe Manouchian";"48,79422000";"2,40165000"
"202400020517";"26";"06";"2024";"16:15";"1";"49";"49099";"2";"1";"1";"6";"BOTREL (RUE THEODORE)";"47,05469846";" -0,88179767"
"202400020518";"30";"07";"2024";"03:35";"5";"45";"45285";"2";"1";"1";"1";"32 Rue du Clos du Renard";"47,90278100";"1,87305200"
"202400020519";"26";"05";"2024";"11:00";"1";"93";"93055";"2";"3";"1";"3";"Avenue Jean Lolive / Rue Lépine";"48,89444700";"2,41981900"
"202400020520";"30";"07";"2024";"19:30";"1";"44";"44055";"2";"1";"7";"6";"34 Avenue Maréchal Joffre";"47,28524000";" -2,38761000"
"202400020521";"26";"05";"2024";"18:55";"1";"93";"93051";"2";"2";"1";"6";"Boulevard du Marechal Foch / Rue de Verdun";"48,84701525";"2,53299505"
"202400020522";"23";"07";"2024";"23:50";"5";"42";"42218";"2";"2";"1";"3";"Rue Michelet";"45,43548000";"4,38952000"
"202400020523";"26";"05";"2024";"20:00";"1";"93";"93057";"2";"2";"1";"6";"Avenue Jean Jaurès / Allée Pierre Brossolette";"48,90420000";"2,50463000"
"202400020524";"30";"07";"2024";"17:35";"1";"41";"41295";"1";"1";"1";"5";"D951";"47,60808800";"1,37824000"
"202400020525";"26";"05";"2024";"10:40";"1";"93";"93007";"2";"3";"1";"6";"Rue de Petrodvoretz / Avenue des Cosmonautes";"48,94946900";"2,45555900"
"202400020526";"29";"07";"2024";"07:00";"1";"37";"37261";"2";"2";"1";"6";"MARECHAL JUIN (BD)";"47,41224000";"0,70296000"
"202400020527";"26";"05";"2024";"03:05";"5";"92";"92023";"2";"1";"1";"7";"MARGUERITE RENAUDIN (AV) N°23 A 187 ET 2";"48,80765355";"2,27402455"
"202400020528";"30";"07";"2024";"17:34";"1";"35";"35281";"2";"1";"1";"6";"MARIN (RUE JEAN)";"48,08284836";" -1,71453623"
"202400020529";"26";"05";"2024";"11:52";"1";"92";"92032";"2";"1";"1";"6";"BOUCICAUT (RUE)";"48,79048579";"2,28956044"
"202400020530";"30";"07";"2024";"16:30";"1";"35";"35278";"1";"1";"1";"2";"PORTE DE MAUREPAS";"48,14203000";" -1,66416000"
"202400020531";"26";"05";"2024";"17:10";"1";"92";"92012";"2";"1";"1";"5";"GENERAL LECLERC (AVENUE DU) 35/FIN - 60/";"48,83060197";"2,23358560"
"202400020532";"30";"07";"2024";"15:30";"1";"35";"35238";"1";"1";"1";"4";"RN136";"48,13253283";" -1,70822110"
"202400020533";"26";"05";"2024";"01:53";"5";"92";"92012";"2";"2";"1";"3";"CHATEAU (RUE DU) 1/125 - 2/136";"48,84297000";"2,24375000"
"202400020534";"29";"07";"2024";"18:05";"1";"35";"35115";"2";"3";"1";"2";"FORET (RUE DE LA)";"48,35792000";" -1,19385000"
"202400020535";"26";"05";"2024";"01:00";"5";"92";"92012";"2";"1";"1";"6";"MEUDON (RUE DE) - COTE PAIR";"48,82763533";"2,24205530"
"202400020536";"29";"07";"2024";"19:50";"1";"34";"34301";"2";"1";"1";"6";"MONNET JEAN (AVENUE)";"43,39647200";"3,66031200"
"202400020537";"30";"07";"2024";"20:50";"2";"34";"34172";"2";"2";"1";"3";"CASTELNAU (AVENUE DE)";"43,62614000";"3,88230000"
"202400020538";"29";"07";"2024";"14:50";"1";"34";"34003";"2";"1";"1";"7";"QUAI DES CHANTIERS (G4 ET F12";"43,30708000";"3,46536000"
"202400020539";"27";"05";"2024";"11:35";"1";"68";"68026";"2";"1";"8";"2";"25 Rue du Général de Gaulle";"48,14481200";"7,32418000"
"202400020540";"30";"07";"2024";"18:45";"1";"33";"33162";"2";"6";"1";"3";"N/A";"44,86495000";" -0,66454000"
"202400020541";"27";"05";"2024";"12:10";"1";"974";"97412";"1";"6";"2";"1";"N1002";" -21,37381200";"55,59877000"
"202400020542";"26";"05";"2024";"03:00";"5";"67";"67530";"2";"1";"1";"7";"55 Rue Principale";"48,78296800";"7,52660000"
"202400020543";"30";"07";"2024";"15:13";"1";"33";"33063";"2";"2";"1";"3";"N/A";"44,85431000";" -0,56913000"
"202400020544";"26";"05";"2024";"17:45";"1";"22";"22190";"1";"1";"2";"6";"Route nationale 176 - Point routier 05+900 - Sens SAINT MALO - SAINT BRIEUC";"48,51568895";" -2,03887145"
"202400020545";"27";"07";"2024";"15:00";"1";"33";"33039";"2";"6";"1";"3";"N/A";"44,79340000";" -0,53508000"
"202400020546";"30";"07";"2024";"09:35";"1";"29";"29232";"2";"1";"1";"3";"Boulevard Amiral de Kerguelen";"47,99547800";" -4,09800100"
"202400020547";"27";"05";"2024";"11:35";"1";"87";"87148";"1";"1";"1";"1";"A20";"45,71443200";"1,35614600"
"202400020548";"30";"07";"2024";"09:00";"1";"29";"29232";"2";"1";"1";"6";"Boulevard Louis le Guennec";"47,98092531";" -4,10880644"
"202400020549";"27";"05";"2024";"07:00";"1";"06";"06034";"1";"1";"1";"6";"2978 Route de Grenoble";"43,79607400";"7,20777200"
"202400020550";"29";"07";"2024";"16:40";"1";"29";"29019";"1";"1";"1";"7";"RD 205";"48,37904700";" -4,54537600"
"202400020551";"26";"05";"2024";"23:00";"3";"85";"85109";"1";"1";"1";"7";"la Palarderie Neuve";"46,89484000";" -1,05799000"
"202400020552";"27";"05";"2024";"09:00";"1";"91";"91679";"1";"9";"1";"3";"D36";"48,73288400";"2,10383900"
"202400020553";"26";"05";"2024";"18:20";"1";"51";"51310";"1";"1";"1";"7";"RD980, PK 27 +100";"49,20720250";"3,92002776"
"202400020554";"30";"07";"2024";"22:16";"5";"17";"17300";"2";"9";"1";"3";"SARTRE   AVENUE JEAN-PAUL";"46,15490000";" -1,13589000"
"202400020555";"20";"07";"2024";"12:35";"1";"14";"14117";"2";"1";"1";"6";"24 Avenue Georges Clémenceau";"49,29130000";" -0,12072000"
"202400020556";"25";"05";"2024";"20:40";"1";"79";"79164";"1";"2";"1";"3";"N/A";"46,19150100";" -0,06432000"
"202400020557";"30";"07";"2024";"21:00";"3";"13";"13117";"2";"1";"1";"3";"ROUTE NATIONALE 113 - CARREFOUR";"43,43140170";"5,25868980"
"202400020558";"26";"05";"2024";"06:19";"2";"82";"82171";"2";"1";"1";"1";"2 Route de Castelsarrasin";"44,00549900";"1,17800500"
"202400020559";"31";"07";"2024";"00:01";"5";"13";"13208";"2";"1";"1";"1";"CLOT BEY (AVENUE)";"43,25588000";"5,38239000"
"202400020560";"26";"05";"2024";"23:20";"3";"89";"89235";"1";"3";"1";"1";"D606";"47,48606300";"3,99039700"
"202400020561";"30";"07";"2024";"08:35";"1";"13";"13215";"2";"3";"1";"3";"BLD DE LETZ";"43,34578000";"5,36842000"
"202400020562";"26";"05";"2024";"07:30";"2";"61";"61484";"1";"1";"1";"7";"D7";"48,29332200";"0,60796000"
"202400020563";"30";"07";"2024";"22:40";"5";"13";"13063";"2";"2";"1";"2";"ARISTIDE BRIAND BOULEVARD";"43,58606000";"5,00227000"
"202400020564";"25";"05";"2024";"20:00";"1";"61";"61486";"2";"1";"1";"7";"D924";"48,76775900";" -0,72445300"
"202400020565";"30";"07";"2024";"22:10";"5";"13";"13004";"2";"2";"1";"3";"RUE MAURICE BONNAFOUX";"43,68215000";"4,63821000"
"202400020566";"27";"05";"2024";"08:38";"1";"61";"61028";"1";"1";"1";"5";"D909";"48,83684200";" -0,23513300"
"202400020567";"30";"07";"2024";"15:15";"1";"11";"11262";"2";"1";"1";"5";"N/A";"43,17204000";"2,99064000"
"202400020568";"9";"05";"2024";"19:00";"1";"55";"55551";"1";"1";"1";"7";"D908";"48,98466829";"5,71340840"
"202400020569";"30";"07";"2024";"09:20";"1";"11";"11024";"1";"9";"1";"6";"N/A";"43,13849000";"2,97111000"
"202400020570";"27";"05";"2024";"00:01";"3";"49";"49121";"2";"1";"1";"7";"D69";"47,27139700";" -0,26512000"
"202400020571";"29";"07";"2024";"10:00";"1";"08";"08409";"2";"1";"7";"6";"MARNE (AVENUE DE LA)";"49,69799000";"4,92170000"
"202400020572";"27";"05";"2024";"16:50";"1";"42";"42092";"2";"1";"1";"6";"Rue du 8 Mai";"45,48555900";"4,38134900"
"202400020573";"25";"05";"2024";"14:50";"1";"44";"44131";"2";"6";"1";"3";"46 Rue de la Fontaine aux Bretons";"47,10414484";" -2,06591239"
"202400020574";"29";"07";"2024";"16:41";"1";"06";"06004";"2";"2";"1";"3";"742 Boulevard de la Garoupe";"43,55512000";"7,13347600"
"202400020575";"30";"07";"2024";"09:48";"1";"05";"05061";"2";"9";"1";"6";"Route de Valserres";"44,55332000";"6,07867000"
"202400020576";"25";"05";"2024";"15:30";"1";"29";"29236";"1";"1";"1";"3";"Beg-Kerlisquidic";"47,84615917";" -3,70660154"
"202400020577";"30";"07";"2024";"13:25";"1";"04";"04112";"2";"1";"1";"6";"MOULIN (AV. J.)";"43,82885000";"5,77924000"
"202400020578";"18";"05";"2024";"02:30";"3";"29";"29173";"1";"3";"1";"3";"Route de Guengat";"48,01483058";" -4,19868594"
"202400020579";"29";"07";"2024";"17:45";"1";"01";"01344";"1";"1";"1";"1";"Rue Jean Mermoz";"46,19122000";"5,18866000"
"202400020580";"30";"07";"2024";"13:10";"1";"75";"75114";"2";"1";"1";"4";"BD PERIPHERIQUE INTERIEUR";"48,82294800";"2,31295100"
"202400020581";"26";"05";"2024";"22:20";"5";"38";"38062";"1";"2";"1";"1";"D1090";"45,40200600";"5,97922300"
"202400020582";"26";"05";"2024";"10:40";"1";"84";"84079";"1";"1";"1";"7";"Départementale 5 - PR22";"44,02602600";"5,32390600"
"202400020583";"30";"07";"2024";"12:54";"1";"75";"75115";"2";"1";"1";"4";"BD PERIPHERIQUE INTERIEUR";"48,83340800";"2,27834300"
"202400020584";"25";"05";"2024";"17:15";"1";"03";"03019";"2";"2";"1";"3";"Route de la Noire";"46,59590000";"3,67061400"
"202400020585";"29";"07";"2024";"08:55";"1";"75";"75112";"2";"1";"1";"2";"BD PERIPHERIQUE EXTERIEUR";"48,83193400";"2,40509200"
"202400020586";"26";"05";"2024";"15:30";"1";"01";"01303";"2";"4";"1";"3";"Avenue de la Resistance";"46,08893700";"5,40717800"
"202400020587";"30";"07";"2024";"11:45";"1";"75";"75115";"2";"5";"1";"2";"QUAI D ISSY LES MOULINEAUX";"48,83536426";"2,26692259"
"202400020588";"27";"05";"2024";"12:00";"1";"66";"66147";"1";"1";"5";"1";"N320";"42,56341700";"1,77789700"
"202400020589";"23";"05";"2024";"15:28";"1";"05";"05132";"1";"1";"1";"6";"Route des Combes";"44,68886200";"6,13997300"
"202400020590";"26";"05";"2024";"11:45";"1";"09";"09065";"1";"1";"1";"6";"D618";"42,89959400";"1,36053400"
"202400020591";"27";"05";"2024";"00:30";"3";"21";"21704";"2";"1";"1";"6";"Rue Saint Phal";"47,82206600";"4,71176100"
"202400020592";"20";"05";"2024";"17:15";"1";"27";"27294";"2";"3";"1";"7";"Rue du Claquedent";"49,34972700";"1,36330800"
"202400020593";"26";"05";"2024";"19:00";"1";"30";"30059";"2";"2";"1";"3";"Avenue Fernand Granon";"43,68490000";"4,23312100"
"202400020594";"27";"05";"2024";"07:45";"1";"13";"13091";"2";"1";"1";"3";"avenue henri barbusse";"43,62500900";"5,29345800"
"202400020595";"21";"05";"2024";"13:40";"1";"06";"06018";"2";"9";"1";"1";"16bis Chemin Neuf";"43,62695900";"7,09530700"
"202400020596";"27";"05";"2024";"14:20";"1";"95";"95580";"1";"1";"1";"1";"D317";"49,08519456";"2,52990254"
"202400020597";"27";"05";"2024";"14:55";"1";"77";"77339";"1";"1";"1";"2";"A6 PK 055+500";"48,38361800";"2,55809800"
"202400020598";"26";"05";"2024";"16:00";"1";"973";"97304";"1";"1";"1";"1";"Route Nationale 1 Sud";"5,11877100";" -52,65320100"
"202400020599";"16";"03";"2024";"11:50";"1";"78";"78615";"1";"1";"1";"3";"D119";"48,84290100";"1,92434500"
"202400020600";"27";"05";"2024";"15:10";"1";"66";"66115";"1";"1";"8";"7";"N/A";"42,53263346";"2,86141545"
"202400020601";"23";"05";"2024";"16:30";"1";"06";"06077";"1";"1";"1";"1";"Premier Rabier";"43,87222400";"7,35187500"
"202400020602";"27";"05";"2024";"14:13";"1";"26";"26084";"1";"1";"1";"5";"A7 PK 063+800";"44,99339400";"4,87964600"
"202400020603";"27";"05";"2024";"15:55";"1";"89";"89085";"2";"9";"1";"3";"8 Route de Lyon";"47,94104000";"3,49184400"
"202400020604";"27";"05";"2024";"15:28";"1";"71";"71342";"1";"3";"1";"3";"Route de Saint-yan";"46,43801000";"4,09399200"
"202400020605";"26";"05";"2024";"15:50";"1";"71";"71062";"1";"1";"1";"7";"Route de Mesvres";"46,93059000";"4,25911200"
"202400020606";"26";"05";"2024";"17:25";"1";"67";"67351";"2";"1";"1";"7";"8 Rue de l'Ecole Niederseebach";"48,95240700";"7,99923900"
"202400020607";"23";"05";"2024";"13:40";"1";"54";"54111";"2";"9";"1";"1";"Route de Maron";"48,61867598";"6,08601808"
"202400020608";"26";"05";"2024";"18:45";"1";"38";"38236";"1";"1";"1";"7";"Chemin de la Billonniere";"45,42141100";"5,70405600"
"202400020609";"25";"05";"2024";"15:37";"1";"69";"69116";"2";"2";"1";"3";"Allée des Frènes";"45,81657100";"4,77235800"
"202400020610";"27";"05";"2024";"14:05";"1";"81";"81081";"2";"1";"1";"6";"D85";"43,49181400";"2,14579400"
"202400020611";"28";"02";"2024";"09:35";"1";"65";"65059";"1";"1";"1";"6";"Parking n°5 - station Grand Tourmalet";"42,91879900";"0,18955700"
"202400020612";"26";"05";"2024";"06:00";"2";"14";"14530";"2";"1";"1";"6";"22 Route du Parc";"49,21416500";" -0,29036500"
"202400020613";"27";"05";"2024";"18:55";"2";"80";"80410";"2";"1";"1";"3";"42 Rue de Verdun";"49,74275300";"3,08380800"
"202400020614";"26";"05";"2024";"21:35";"1";"59";"59419";"1";"1";"1";"7";"rue de genech";"50,52340000";"3,25930200"
"202400020615";"26";"05";"2024";"11:50";"1";"59";"59477";"2";"1";"1";"6";"62 Rue Nationale";"50,51239632";"2,91691303"
"202400020616";"26";"05";"2024";"18:41";"1";"13";"13214";"1";"1";"1";"3";"A507 sens Aubagne- Marseille";"43,33026917";"5,38957741"
"202400020617";"25";"05";"2024";"19:40";"1";"13";"13215";"1";"1";"1";"2";"A7-Sens Marseille vers Lyon";"43,37536866";"5,36024259"
"202400020618";"24";"05";"2024";"19:00";"1";"13";"13214";"1";"1";"1";"2";"A7-Sens Lyon vers Marseille";"43,33430000";"5,37710000"
"202400020619";"25";"05";"2024";"12:15";"1";"13";"13088";"1";"1";"1";"6";"A55-Sens Martigues vers Marseille";"43,37901000";"5,22352000"
"202400020620";"24";"05";"2024";"19:17";"1";"13";"13106";"1";"1";"1";"3";"A7-Sens Marseille vers Lyon";"43,39426000";"5,35137000"
"202400020621";"26";"05";"2024";"00:05";"3";"69";"69275";"1";"1";"1";"2";"Rocade Est";"45,77791833";"4,96744966"
"202400020622";"24";"05";"2024";"09:43";"1";"67";"67482";"1";"1";"1";"2";"M35";"48,58767000";"7,72812000"
"202400020623";"26";"05";"2024";"10:45";"1";"94";"94021";"1";"1";"1";"6";"A6B";"48,76877597";"2,34362068"
"202400020624";"26";"05";"2024";"06:00";"1";"91";"91659";"1";"1";"1";"2";"AUTOROUTE A6";"48,59119000";"2,44579000"
"202400020625";"25";"05";"2024";"01:05";"3";"92";"92064";"1";"1";"1";"1";"A13";"48,83793332";"2,19049695"
"202400020626";"25";"05";"2024";"19:30";"1";"78";"78117";"1";"1";"1";"2";"RN12";"48,78787900";"2,14409200"
"202400020627";"26";"05";"2024";"17:35";"1";"92";"92036";"1";"1";"1";"6";"AUTOROUTE A86";"48,93871924";"2,30981521"
"202400020628";"26";"05";"2024";"17:30";"1";"93";"93007";"1";"1";"1";"4";"A3";"48,93439349";"2,48054299"
"202400020629";"25";"05";"2024";"18:30";"1";"93";"93007";"1";"1";"1";"2";"A3";"48,93439349";"2,48054299"
"202400020630";"11";"10";"2024";"16:10";"1";"64";"64284";"1";"1";"1";"3";"HENRI IV";"43,28086000";" -0,38754000"
"202400020631";"25";"05";"2024";"11:45";"1";"77";"77514";"1";"1";"1";"6";"A104";"48,93546957";"2,62810044"
"202400020632";"12";"05";"2024";"11:34";"1";"57";"57240";"2";"1";"1";"1";"rue du passage supérieur";"49,14486000";"6,81170000"
"202400020633";"11";"10";"2024";"07:30";"2";"64";"64269";"2";"1";"1";"4";"TARBES DE";"43,29799000";" -0,30222000"
"202400020634";"20";"01";"2024";"16:30";"1";"62";"62826";"2";"1";"4";"6";"Chemin etienne carmier";"50,49808000";"1,62330000"
"202400020635";"9";"02";"2024";"17:20";"1";"14";"14258";"2";"1";"1";"7";"20 Rue des Champs Saint-Georges ";"48,89064900";" -0,18445600"
"202400020636";"8";"02";"2024";"05:30";"3";"14";"14216";"1";"1";"1";"2";"Route de Livarot ";"48,91996100";" -0,10441300"
"202400020637";"12";"10";"2024";"00:30";"5";"64";"64024";"2";"3";"1";"3";"ESPAGNE (AVENUE D')";"43,47657316";" -1,52634448"
"202400020638";"25";"05";"2024";"10:35";"1";"974";"97416";"1";"9";"1";"1";"DE VILLIERS 5CHEMIN ADAM)";" -21,30331000";"55,42425000"
"202400020639";"25";"05";"2024";"06:45";"1";"974";"97416";"1";"9";"2";"3";"BADAMIER(CHEMIN)";" -21,33038000";"55,45684000"
"202400020640";"25";"05";"2024";"16:40";"1";"974";"97411";"2";"1";"1";"7";"DORET 1 (BOULEVARD)";" -20,89077000";"55,46155000"
"202400020641";"10";"10";"2024";"17:56";"1";"64";"64102";"2";"6";"1";"3";"ROND POINT DU GRAND BASQUE";"43,48683000";" -1,46889000"
"202400020642";"25";"05";"2024";"10:35";"1";"974";"97407";"2";"1";"1";"2";"ROUTE DU SACRE COEUR";" -20,95889548";"55,31986928"
"202400020643";"25";"05";"2024";"23:00";"5";"69";"69383";"2";"2";"1";"6";"Avenue Maréchal de Saxe";"45,76354882";"4,84494552"
"202400020644";"10";"10";"2024";"11:45";"1";"64";"64102";"2";"1";"2";"1";"SAINT ETIENNE (CHEMIN DE )";"43,49678000";" -1,46317000"
"202400020645";"25";"05";"2024";"22:40";"5";"69";"69387";"2";"9";"1";"6";"Avenue Jean Jaurès";"45,73386502";"4,83514027"
"202400020646";"25";"05";"2024";"21:45";"3";"69";"69034";"2";"3";"1";"3";"Route de Strasbourg";"45,79140000";"4,86291000"
"202400020647";"11";"10";"2024";"06:09";"5";"63";"63113";"2";"6";"1";"3";"ITALIE (AVENUE DE L')";"45,78220000";"3,09530000"
"202400020648";"25";"05";"2024";"18:20";"1";"69";"69034";"2";"1";"8";"1";"71 Route de Strasbourg";"45,79533000";"4,87467000"
"202400020649";"25";"05";"2024";"12:40";"1";"971";"97101";"1";"3";"1";"3";"CARAQUE";"16,25353000";" -61,49366000"
"202400020650";"10";"10";"2024";"18:35";"1";"62";"62083";"2";"1";"1";"6";"Rue de Fresnicourt";"50,45496000";"2,61686000"
"202400020651";"8";"10";"2024";"17:10";"1";"62";"62250";"2";"1";"1";"6";"Place Jean Tailliez";"50,45895000";"2,94528000"