"Num_Acc";"jour";"mois";"an";"hrmn";"lum";"dep";"com";"agg";"int";"atm";"col";"adr";"lat";"long"
"202400020652";"24";"05";"2024";"17:55";"1";101;101004";"2";"2";"1";"3";"NICOLI JEAN COURS";"41,93370000";"8,74406000"
"202400020653";"11";"10";"2024";"08:10";"1";"62";"62186";"2";"1";"1";"3";"Rue Jules Verne";"50,43834732";"2,72359997"
"202400020654";"25";"05";"2024";"02:10";"5";"84";"84031";"2";"3";"1";"3";"JAURES AVENUE JEAN";"44,05209000";"5,04844000"
"202400020655";"11";"10";"2024";"09:30";"1";"62";"62523";"2";"1";"1";"7";"D162";"50,43732000";"2,87170000"
"202400020656";"25";"05";"2024";"15:30";"1";"83";"83062";"2";"6";"1";"3";"DELAGE (RUE MARC)";"43,12493641";"6,00462395"
"202400020657";"25";"05";"2024";"08:00";"1";"83";"83009";"2";"1";"1";"6";"BOIS MAURIN (BOULEVARD DU)";"43,14269000";"5,74802000"
"202400020658";"11";"10";"2024";"19:00";"1";"62";"62120";"2";"1";"1";"6";"D86";"50,44234648";"2,52059424"
"202400020659";"25";"05";"2024";"14:05";"1";"80";"80021";"2";"1";"1";"3";"Rue Béranger";"49,88918600";"2,28508800"
"202400020660";"11";"10";"2024";"12:00";"1";"60";"60057";"2";"1";"2";"6";"Rue des Vignes";"49,43331000";"2,10361000"
"202400020661";"25";"05";"2024";"08:00";"1";"78";"78650";"2";"2";"1";"3";"MONTESSON (ROUTE DE)";"48,89872000";"2,11749000"
"202400020662";"24";"05";"2024";"11:45";"1";"77";"77216";"2";"1";"1";"7";"CHE DES PRES";"48,31432424";"2,69336445"
"202400020663";"11";"10";"2024";"16:15";"1";"59";"59426";"2";"1";"1";"6";"PETIT MENIN (RUE DU)";"50,74326700";"3,14303000"
"202400020664";"25";"05";"2024";"02:05";"5";"76";"76165";"2";"5";"1";"3";"Rue Emile Zola";"49,28256000";"1,01752000"
"202400020665";"7";"10";"2024";"15:55";"1";"57";"57227";"2";"1";"1";"6";"BARTH (RUE FELIX )";"49,18316100";"6,89495600"
"202400020666";"12";"10";"2024";"00:40";"5";"56";"56260";"2";"1";"2";"7";"Rue Ferdinand Le Dressay";"47,65375000";" -2,75742000"
"202400020667";"25";"05";"2024";"19:15";"1";"76";"76114";"2";"1";"1";"6";"Avenue Louis Debray";"49,57961000";"0,47497000"
"202400020668";"24";"05";"2024";"17:00";"1";"74";"74010";"2";"1";"8";"3";"JEAN JAURES";"45,90195000";"6,12877000"
"202400020669";"11";"10";"2024";"18:30";"1";"56";"56260";"2";"1";"1";"7";"Boulevard du Général Guillaudot";"47,66700000";" -2,74500000"
"202400020670";"25";"05";"2024";"17:47";"1";"72";"72181";"2";"6";"8";"6";"ISAAC CHARBONNIERE (RTE D')";"48,01646000";"0,24075000"
"202400020671";"11";"10";"2024";"07:55";"3";"56";"56098";"1";"1";"1";"6";"Route de Kerhervy";"47,76942000";" -3,31266000"
"202400020672";"25";"05";"2024";"17:35";"1";"67";"67218";"1";"1";"1";"1";"NEUHOF (ROUTE DE)";"48,53947000";"7,75432000"
"202400020673";"10";"10";"2024";"20:15";"5";"56";"56121";"2";"1";"1";"6";"Boulevard Flandres-Dunkerque 1940";"47,74472700";" -3,39555000"
"202400020674";"25";"05";"2024";"15:50";"1";"67";"67180";"1";"3";"1";"3";"RD263";"48,89133700";"7,83286400"
"202400020675";"24";"05";"2024";"17:36";"1";"65";"65440";"2";"1";"1";"3";"TILLEULS (AVENUE DES)";"43,24280000";"0,07880000"
"202400020676";"10";"10";"2024";"10:00";"1";"56";"56083";"2";"6";"1";"3";"Rond-point de la Gardeloupe";"47,79966000";" -3,26060000"
"202400020677";"25";"05";"2024";"13:10";"1";"64";"64348";"2";"6";"1";"2";"SANTONA DE";"43,32048000";" -0,39192000"
"202400020678";"25";"05";"2024";"10:45";"1";"64";"64445";"2";"1";"1";"6";"CAMOU";"43,30010000";" -0,37525000"
"202400020679";"9";"10";"2024";"05:29";"3";"54";"54149";"1";"2";"3";"3";"D521";"49,43893000";"5,91318000"
"202400020680";"20";"05";"2024";"17:30";"1";"59";"59350";"2";"9";"1";"6";"Rue de Lannoy";"50,63399000";"3,09603000"
"202400020681";"11";"10";"2024";"12:45";"1";"51";"51454";"2";"1";"1";"6";"SCHUMAN (AVENUE ROBERT)";"49,23286900";"4,00755100"
"202400020682";"25";"05";"2024";"22:22";"5";"56";"56260";"2";"6";"2";"3";"Avenue du Général Delestraint";"47,65499000";" -2,73979000"
"202400020683";"24";"05";"2024";"07:50";"1";"56";"56260";"2";"1";"1";"3";"Avenue du Général Borgnis-Desbordes";"47,65532000";" -2,79055000"
"202400020684";"11";"10";"2024";"14:25";"1";"50";"50532";"1";"1";"1";"2";"NATIONALE (ANCIENNE ROUTE)";"48,80610000";" -1,53220000"
"202400020685";"25";"05";"2024";"20:55";"1";"54";"54304";"2";"2";"1";"3";"Boulevard de Hardeval";"48,67758952";"6,14873081"
"202400020686";"10";"10";"2024";"14:50";"1";"50";"50129";"1";"9";"1";"3";"CLAIRES (RUE DES)";"49,66142000";" -1,68960000"
"202400020687";"25";"05";"2024";"14:25";"1";"54";"54575";"1";"1";"1";"6";"RN52";"49,47466000";"5,83247000"
"202400020688";"24";"05";"2024";"12:35";"1";"54";"54036";"1";"1";"3";"6";"D139";"49,30080007";"6,00469351"
"202400020689";"25";"05";"2024";"23:50";"5";"49";"49007";"2";"1";"1";"6";"FOCH BOULEVARD";"47,46903000";" -0,54973000"
"202400020690";"11";"10";"2024";"07:40";"2";"49";"49328";"2";"2";"5";"3";"FUSILLES (AVENUE DES) N 147";"47,28094000";" -0,05414000"
"202400020691";"25";"05";"2024";"17:38";"1";"49";"49246";"2";"1";"1";"3";"MOULIN MARCILLE CHEMIN";"47,43601000";" -0,50270000"
"202400020692";"25";"05";"2024";"12:20";"1";"49";"49007";"1";"1";"1";"7";"N/A";"47,46791400";" -0,58488800"
"202400020693";"11";"10";"2024";"11:15";"1";"47";"47001";"2";"1";"2";"2";"LECLERC (AV. DU GENERAL)";"44,18723000";"0,62025000"
"202400020694";"24";"05";"2024";"17:30";"1";"36";"36159";"1";"9";"1";"6";"Route de Montluçon";"46,79198000";"1,73659000"
"202400020695";"11";"10";"2024";"09:10";"1";"45";"45298";"2";"1";"8";"1";"63 Rue des Hautes Levées";"47,89284400";"1,87683700"
"202400020696";"25";"05";"2024";"22:30";"3";"35";"35051";"2";"3";"1";"3";"FOUGERES (ROUTE DE)";"48,13555000";" -1,62586000"
"202400020697";"11";"10";"2024";"07:55";"1";"45";"45234";"2";"1";"1";"6";"2 Rue Dupanloup";"47,90270800";"1,91228400"
"202400020698";"26";"05";"2024";"23:30";"5";"34";"34172";"2";"1";"1";"2";"TOULOUSE (AVENUE DE";"43,58918000";"3,85543000"
"202400020699";"11";"10";"2024";"15:20";"1";"45";"45338";"2";"1";"1";"2";"33 Rue des Déportés";"47,98797200";"2,70035900"
"202400020700";"25";"05";"2024";"05:24";"5";"33";"33063";"2";"1";"1";"2";"N/A";"44,84994632";" -0,56980044"
"202400020701";"11";"10";"2024";"09:15";"1";"45";"45068";"2";"2";"1";"3";"12 Avenue Léon Blum";"48,01448600";"2,73673600"
"202400020702";"25";"05";"2024";"01:25";"3";"33";"33550";"2";"1";"1";"1";"N/A";"44,77322000";" -0,53733000"
"202400020703";"24";"05";"2024";"16:45";"1";"33";"33063";"2";"1";"1";"3";"N/A";"44,81607500";" -0,57239000"
"202400020704";"10";"10";"2024";"10:30";"1";"45";"45068";"2";"1";"1";"1";"Rue Nelson Mandela";"48,01315200";"2,72782400"
"202400020705";"23";"05";"2024";"20:17";"1";"33";"33039";"2";"2";"1";"3";"N/A";"44,79559400";" -0,56788500"
"202400020706";"11";"10";"2024";"22:05";"3";"44";"44109";"2";"1";"1";"3";"68c Rue des Plantes";"47,23194000";" -1,58788000"
"202400020707";"25";"05";"2024";"05:00";"2";"31";"31555";"2";"6";"1";"1";"RD916";"43,55799000";"1,49301000"
"202400020708";"25";"05";"2024";"20:05";"1";"29";"29232";"1";"1";"2";"3";"Chemin du Quinquis";"47,97407000";" -4,05458200"
"202400020709";"11";"10";"2024";"20:50";"5";"44";"44109";"2";"6";"1";"3";"3 Rue Maurice Garin";"47,21759000";" -1,60196000"
"202400020710";"24";"05";"2024";"21:40";"2";"29";"29254";"1";"1";"1";"2";"RN12";"48,57774741";" -3,85384025"
"202400020711";"8";"10";"2024";"17:10";"1";"42";"42127";"2";"1";"1";"4";"Route de Paris";"46,07700000";"4,03600000"
"202400020712";"25";"05";"2024";"23:47";"3";"22";"22360";"1";"6";"2";"3";"ROND POINT DE BREZILLET";"48,49308000";" -2,76222000"
"202400020713";"24";"05";"2024";"23:43";"5";"13";"13208";"2";"6";"1";"3";"HAIFA (AVENUE)";"43,25064000";"5,38927000"
"202400020714";"11";"10";"2024";"21:00";"5";"42";"42095";"2";"5";"1";"6";"Boulevard Saint-Charles";"45,38503000";"4,28409000"
"202400020715";"24";"05";"2024";"13:45";"1";"13";"13208";"2";"1";"2";"3";"RABATAU (BOULEVARD)";"43,27367000";"5,39323000"
"202400020716";"8";"10";"2024";"16:30";"1";"42";"42044";"1";"1";"1";"7";"Rue James Jackson";"45,39889000";"4,34119000"
"202400020717";"25";"05";"2024";"05:00";"2";"08";"08105";"2";"9";"1";"6";"N/A";"49,75202000";"4,70298000"
"202400020718";"24";"09";"2024";"14:15";"1";"39";"39300";"2";"2";"1";"1";"25 Avenue Abbé Lemire";"46,67379900";"5,57119400"
"202400020719";"25";"05";"2024";"13:05";"1";"05";"05023";"2";"3";"1";"3";"DAUPHINE (AVENUE DU)";"44,90388000";"6,62826000"
"202400020720";"11";"10";"2024";"13:00";"1";"38";"38053";"2";"2";"1";"3";"PONTIER (DOCTEUR)";"45,59095000";"5,28364000"
"202400020721";"25";"05";"2024";"09:05";"1";"04";"04112";"2";"3";"1";"2";"SAINT JOSEPH(BOULEVARD)";"43,82057000";"5,79504000"
"202400020722";"25";"05";"2024";"20:15";"1";"01";"01053";"2";"1";"1";"3";"ROUSSEAU ( PLACE J.JACQUES)";"46,18732100";"5,22673900"
"202400020723";"11";"10";"2024";"00:45";"5";"37";"37261";"2";"1";"1";"2";"GRAMMONT (AVENUE DE)";"47,38215000";"0,69216000"
"202400020724";"25";"05";"2024";"18:35";"1";"75";"75120";"2";"1";"1";"2";"BD PERIPHERIQUE INTERIEUR";"48,86964300";"2,41326700"
"202400020725";"10";"10";"2024";"01:10";"5";"34";"34172";"2";"4";"2";"1";"TOULOUSE (AVENUE DE";"43,59347000";"3,85976000"
"202400020726";"24";"05";"2024";"21:20";"5";"75";"75120";"2";"1";"1";"2";"BD PERIPHERIQUE INTERIEUR";"48,85544700";"2,41382600"
"202400020727";"11";"10";"2024";"18:40";"1";"33";"33063";"2";"3";"1";"6";"N/A";"44,86207000";" -0,55473000"
"202400020728";"25";"05";"2024";"11:50";"1";"75";"75118";"2";"2";"1";"3";"RUE DUC";"48,89182000";"2,34394000"
"202400020729";"11";"10";"2024";"13:00";"1";"31";"31555";"2";"1";"1";"3";"RUE DU FAUBOURG BONNEFOY";"43,61642426";"1,45364463"
"202400020730";"25";"05";"2024";"01:30";"5";"75";"75118";"2";"2";"1";"3";"RUE DE TORCY";"48,89126800";"2,36326300"
"202400020731";"12";"10";"2024";"00:08";"4";"30";"30007";"1";"1";"1";"7";"BRIGADE DU LANGUEDOC (QUAI DE LA)";"44,11257000";"4,09408000"
"202400020732";"11";"10";"2024";"02:20";"5";"29";"29173";"2";"1";"1";"7";"Route de Douarnenez";"48,00757881";" -4,17766803"
"202400020733";"11";"10";"2024";"10:50";"1";"29";"29019";"2";"6";"1";"6";"rue Yves Collet";"48,39286400";" -4,47922900"
"202400020734";"11";"10";"2024";"16:55";"1";"25";"25462";"2";"1";"1";"6";"INDUSTRIE DE L'";"46,90022700";"6,36000900"
"202400020735";"10";"10";"2024";"12:40";"1";"23";"23096";"2";"2";"1";"3";"CHARLES DE GAULLE (AVENUE)";"46,16867000";"1,87414000"
"202400020736";"9";"10";"2024";"17:05";"1";"22";"22278";"2";"1";"2";"1";"PARIS (DE)";"48,50557000";" -2,74455000"
"202400020737";"11";"10";"2024";"17:55";"1";"19";"19031";"2";"1";"1";"6";"ROOSEVELT (AVENUE DU PRESIDENT)";"45,15787000";"1,52543000"
"202400020738";"11";"10";"2024";"13:15";"1";"17";"17415";"2";"3";"1";"3";"ARC DE TRIOMPHE RUE DE L' 2-68 1-57";"45,74551000";" -0,62517000"
"202400020739";"11";"10";"2024";"13:45";"1";"14";"14326";"2";"3";"1";"3";"1714 Rue Édouard Branly";"49,14742000";"0,27636000"
"202400020740";"9";"10";"2024";"14:14";"1";"14";"14587";"1";"1";"3";"6";"N814";"49,19196000";" -0,42181000"
"202400020741";"9";"10";"2024";"16:40";"1";"14";"14341";"2";"1";"2";"3";"36 Avenue Jean Vilar";"49,15068600";" -0,35098500"
"202400020742";"12";"10";"2024";"00:50";"5";"13";"13056";"2";"1";"1";"5";"MONGIN BOULEVARD";"43,40258000";"5,05311000"
"202400020743";"11";"10";"2024";"06:45";"5";"13";"13205";"2";"3";"1";"3";"JAUBERT (RUE)";"43,29759218";"5,38867908"
"202400020744";"11";"10";"2024";"01:09";"5";"13";"13208";"2";"1";"1";"2";"MENDES FRANCE (AVENUE)";"43,26023000";"5,37539000"
"202400020745";"11";"10";"2024";"22:23";"5";"10";"10387";"2";"3";"1";"3";"JULES GUESDE (RUE)";"48,29399000";"4,08175000"
"202400020746";"10";"10";"2024";"11:35";"1";"10";"10387";"2";"1";"2";"6";"ECREVOLLES (RUE)";"48,30997000";"4,09070000"
"202400020747";"10";"10";"2024";"22:00";"5";"06";"06104";"2";"6";"1";"6";"852 Avenue Virginie Hériot";"43,75594200";"7,47755500"
"202400020748";"8";"10";"2024";"08:30";"2";"05";"05061";"2";"1";"3";"6";"Avenue Jean Jaurès";"44,54774000";"6,06593000"
"202400020749";"11";"10";"2024";"23:20";"5";"75";"75119";"2";"2";"1";"2";"RUE DE CRIMEE";"48,89528000";"2,37198060"
"202400020750";"11";"10";"2024";"15:00";"1";"75";"75118";"2";"5";"1";"3";"RUE DU POTEAU";"48,89675800";"2,33849600"
"202400020751";"11";"10";"2024";"08:15";"1";"75";"75116";"2";"2";"1";"6";"RUE OCTAVE FEUILLET";"48,86238800";"2,27063200"
"202400020752";"11";"10";"2024";"11:00";"1";"75";"75115";"2";"2";"1";"6";"RUE DE LA CONVENTION";"48,83722900";"2,29639100"
"202400020753";"11";"10";"2024";"05:40";"5";"75";"75115";"2";"2";"1";"3";"BOULEVARD DE GRENELLE";"48,85250000";"2,29058400"
"202400020754";"11";"10";"2024";"16:25";"1";"75";"75114";"2";"2";"1";"7";"BOULEVARD SAINT JACQUES";"48,83303000";"2,33598300"
"202400020755";"11";"10";"2024";"09:35";"1";"75";"75114";"2";"2";"1";"7";"BOULEVARD JOURDAN";"48,81976800";"2,34285600"
"202400020756";"10";"10";"2024";"18:30";"1";"75";"75114";"2";"1";"2";"4";"AVENUE RENE COTY";"48,83342200";"2,33267400"
"202400020757";"10";"10";"2024";"07:55";"1";"75";"75114";"2";"3";"8";"6";"RUE DU GENERAL DE MAUD HUY";"48,82399900";"2,31626800"
"202400020758";"11";"10";"2024";"03:00";"5";"75";"75109";"2";"7";"1";"6";"Place Adrien Oudin";"48,87271400";"2,33533100"
"202400020759";"11";"10";"2024";"21:47";"5";"75";"75108";"2";"1";"1";"3";"AVENUE DE MARIGNY";"48,86974600";"2,31528400"
"202400020760";"11";"10";"2024";"19:45";"5";"75";"75108";"2";"7";"1";"3";"PLACE DE LA MADELEINE";"48,86924100";"2,32408200"
"202400020761";"11";"10";"2024";"09:00";"1";"94";"94037";"2";"1";"1";"6";"9 Rue René Anjolvy";"48,81429600";"2,34249800"
"202400020762";"10";"10";"2024";"22:10";"5";"94";"94017";"2";"1";"1";"3";"Rue Jean Jaurès";"48,81525688";"2,50561358"
"202400020763";"11";"10";"2024";"13:30";"1";"93";"93078";"2";"2";"1";"3";"CLEMENCEAU (AVENUE GEORGES)";"48,95823239";"2,55848041"
"202400020764";"10";"10";"2024";"18:40";"1";"93";"93053";"2";"1";"1";"1";"LEO LAGRANGE (RUE)";"48,89214345";"2,44995117"
"202400020765";"10";"10";"2024";"17:00";"1";"93";"93053";"2";"1";"3";"2";"VAILLANT COUTURIER (RUE)";"48,89111240";"2,44897576"
"202400020766";"10";"10";"2024";"21:10";"5";"93";"93050";"2";"3";"8";"3";"GENERAL DE GAULLE (AVENUE)";"48,85566813";"2,52663732"
"202400020767";"10";"10";"2024";"20:25";"5";"93";"93050";"2";"4";"8";"6";"GENERAL DE GAULLE (AVENUE)";"48,85589033";"2,52805546"
"202400020768";"11";"10";"2024";"07:45";"2";"93";"93049";"2";"1";"1";"6";"FAUVETTES (AVENUE) J-BACHELET->BEL AIR";"48,87240000";"2,50785000"
"202400020769";"11";"10";"2024";"11:10";"1";"93";"93063";"2";"2";"1";"6";"GABRIEL HUSSON (RUE) ";"48,88312000";"2,43649000"
"202400020770";"11";"10";"2024";"17:50";"1";"92";"92076";"2";"1";"1";"3";"REPUBLIQUE";"48,83772857";"2,15925761"
"202400020771";"11";"10";"2024";"09:52";"1";"92";"92064";"2";"1";"1";"6";"DAILLY";"48,84479000";"2,22032000"
"202400020772";"11";"10";"2024";"10:45";"1";"92";"92020";"2";"1";"1";"2";"STALINGRAD BOULEVARD";"48,81141376";"2,29718640"
"202400020773";"11";"10";"2024";"18:45";"1";"92";"92036";"2";"1";"1";"2";"MARCEL PAUL (AVENUE) (1/103)";"48,94214643";"2,30290174"
"202400020774";"10";"10";"2024";"13:20";"1";"92";"92035";"2";"9";"2";"3";"Verdun 1916 ( avenue de )";"48,90493000";"2,23363000"
"202400020775";"11";"10";"2024";"08:05";"1";"92";"92026";"2";"9";"1";"2";"MISSION MARCHAND (COTE PAIR)";"48,89666029";"2,24036470"
"202400020776";"11";"10";"2024";"07:30";"1";"92";"92025";"2";"1";"8";"1";"STALINGRAD (AV DE)";"48,93205847";"2,26628289"
"202400020777";"10";"10";"2024";"16:15";"1";"92";"92025";"2";"1";"1";"2";"LOUIS ARAGON (PLACE)";"48,91518349";"2,22891882"
"202400020778";"11";"10";"2024";"09:05";"1";"92";"92024";"2";"1";"1";"7";"LEON BLUM (RUE)";"48,90831914";"2,30540290"
"202400020779";"11";"10";"2024";"07:45";"2";"92";"92012";"2";"1";"1";"3";"REINE (ROUTE DE LA) 1/37- 6/80";"48,83903452";"2,24738583"
"202400020780";"11";"10";"2024";"17:50";"1";"92";"92004";"2";"1";"1";"6";"PIERRE CURIE";"48,91763000";"2,31480000"
"202400020781";"11";"10";"2024";"19:45";"3";"37";"37126";"1";"1";"1";"6";"Route de Roiffe";"47,13386884";"0,11825252"
"202400020782";"11";"10";"2024";"10:55";"1";"60";"60269";"1";"2";"1";"3";"D901";"49,61813900";"1,94896500"
"202400020783";"11";"10";"2024";"09:45";"1";"35";"35180";"1";"2";"5";"3";"RD70";"48,28337900";" -1,95447200"
"202400020784";"11";"10";"2024";"19:00";"3";"51";"51224";"1";"3";"1";"2";"nationale D58E2 PK 93+8324";"48,69628600";"4,69360800"
"202400020785";"12";"10";"2024";"17:15";"1";"62";"62882";"1";"1";"1";"1";"D192";"50,67696818";"2,15291545"
"202400020786";"12";"10";"2024";"13:35";"1";"06";"06006";"1";"1";"1";"7";"3637 Route de Nice";"43,75874700";"7,24660500"
"202400020787";"12";"10";"2024";"09:50";"1";"50";"50553";"1";"1";"1";"6";"A84, PR 156.1";"48,57005334";" -1,33358170"
"202400020788";"11";"10";"2024";"22:50";"3";"30";"30286";"1";"1";"1";"7";"D305";"44,00045600";"4,45140500"
"202400020789";"11";"10";"2024";"17:35";"1";"83";"83131";"2";"1";"1";"5";"Route Départementale 554";"43,20304500";"6,02859700"
"202400020790";"11";"10";"2024";"18:00";"2";"51";"51564";"1";"1";"2";"7";"D9";"49,13309300";"4,10292100"
"202400020791";"11";"10";"2024";"14:45";"1";"76";"76292";"2";"1";"1";"2";"Rue du Docteur Delatre";"49,53151100";"1,52507600"
"202400020792";"11";"10";"2024";"16:55";"1";101;101271";"2";"1";"1";"3";"T22";"41,95812250";"8,80271763"
"202400020793";"10";"10";"2024";"12:15";"1";"82";"82126";"1";"1";"2";"1";"Route du Traversié";"44,15556200";"1,57023000"
"202400020794";"12";"10";"2024";"00:30";"3";"65";"65360";"1";"1";"1";"6";"Route de Pau";"43,10218900";" -0,13181400"
"202400020795";"30";"09";"2024";"09:15";"1";"65";"65235";"2";"2";"1";"1";"Route de Lourdes";"43,19882900";"0,03288400"
"202400020796";"28";"09";"2024";"23:40";"5";"49";"49331";"1";"6";"1";"1";"Segré-en-Anjou Bleu";"47,69709000";" -0,87013500"
"202400020797";"11";"10";"2024";"15:30";"1";"42";"42273";"1";"2";"1";"3";"Route de Fleury";"46,17752000";"4,12742600"
"202400020798";"12";"10";"2024";"13:10";"1";"25";"25200";"1";"1";"2";"5";"D14";"47,32614900";"6,02205300"
"202400020799";"12";"10";"2024";"17:50";"1";"29";"29037";"2";"3";"1";"3";"rue de l'Odet";"47,88705113";" -4,15582001"
"202400020800";"12";"10";"2024";"16:56";"1";"66";"66036";"1";"1";"1";"7";"route nationale";"42,53012500";"2,24786300"
"202400020801";"12";"10";"2024";"14:55";"1";"64";"64018";"1";"3";"1";"3";"D124";"43,35691200";" -1,04561600"
"202400020802";"9";"10";"2024";"07:00";"5";"16";"16295";"2";"1";"3";"6";"1 Rue de la Cave";"45,79648600";"0,13456900"
"202400020803";"12";"10";"2024";"00:25";"3";"16";"16065";"1";"3";"1";"3";"D951";"46,07790100";"0,79132100"
"202400020804";"11";"10";"2024";"17:15";"1";"21";"21603";"2";"1";"1";"6";"15 Rue de la Liberté";"47,49164400";"4,33511200"
"202400020805";"11";"10";"2024";"17:20";"1";"85";"85102";"1";"1";"1";"6";"le poteau";"46,86444600";" -1,64303500"
"202400020806";"11";"10";"2024";"16:10";"1";"27";"27333";"1";"1";"1";"6";"D16";"49,33387600";"1,68386900"
"202400020807";"12";"10";"2024";"15:30";"1";"27";"27113";"1";"2";"8";"6";"D26";"49,20957900";"0,67679600"
"202400020808";"12";"10";"2024";"18:15";"2";"30";"30088";"1";"1";"2";"6";"D6110";"43,84654500";"4,09804000"
"202400020809";"12";"10";"2024";"18:56";"2";"30";"30184";"1";"1";"2";"7";"D982";"43,97512400";"4,22648300"
"202400020810";"11";"10";"2024";"11:50";"1";"31";"31395";"1";"1";"1";"6";"A64";"43,48720200";"1,32944200"
"202400020811";"8";"10";"2024";"15:26";"1";"31";"31424";"2";"1";"1";"2";"Route des Vitarelles";"43,56451000";"1,31849300"
"202400020812";"11";"10";"2024";"13:45";"1";"35";"35352";"2";"6";"1";"3";"D34";"48,04992800";" -1,60629900"
"202400020813";"11";"10";"2024";"20:12";"5";"06";"06085";"2";"6";"1";"3";"256 Avenue de Cannes";"43,61814300";"6,97233800"
"202400020814";"11";"10";"2024";"14:50";"1";"34";"34113";"1";"1";"1";"5";"A9 PK 119+400 sens MONTPELLIER en direction de BEZIER";"43,49512900";"3,72096400"
"202400020815";"12";"10";"2024";"17:30";"1";"11";"11014";"1";"1";"1";"1";"N/A";"43,17485200";"3,08226800"
"202400020816";"10";"10";"2024";"16:40";"1";"11";"11170";"1";"1";"1";"2";"N/A";"43,12300700";"3,07331800"
"202400020817";"11";"10";"2024";"17:40";"1";"13";"13114";"1";"3";"1";"3";"Route de Roquefavour";"43,52680400";"5,28953100"
"202400020818";"10";"10";"2024";"10:00";"1";"66";"66049";"1";"1";"1";"2";"RD 618";"42,49022400";"2,77713800"
"202400020819";"12";"10";"2024";"01:00";"3";"69";"69235";"1";"1";"1";"7";"Route de Rive-de-Gier";"45,53139700";"4,85712600"
"202400020820";"10";"10";"2024";"16:00";"1";"988";"98823";"1";"4";"1";"6";"RT3/Route de l'Embouchure";" -21,06619000";"165,39444400"
"202400020821";"12";"10";"2024";"14:40";"1";"988";"98804";"2";"3";"1";"3";"RPN3/Route de Parahoué";" -21,52931000";"165,97559000"
"202400020822";"11";"10";"2024";"16:35";"1";"77";"77257";"2";"3";"1";"3";"Avenue du Chemin Noir";"49,02658500";"3,02551600"
"202400020823";"12";"10";"2024";"19:05";"2";"66";"66140";"1";"1";"1";"2";"D16a";"42,69229200";"2,75488700"
"202400020824";"12";"10";"2024";"01:13";"3";"34";"34154";"1";"1";"1";"6";"D189";"43,61777100";"3,98333300"
"202400020825";"11";"10";"2024";"20:00";"3";"06";"06128";"1";"1";"1";"6";"1381 Route de Cagnes";"43,68912100";"7,13085700"
"202400020826";"10";"10";"2024";"17:54";"2";"38";"38003";"2";"1";"1";"6";"369 Route de Vienne";"45,34215100";"4,85089800"
"202400020827";"12";"10";"2024";"01:48";"3";"38";"38545";"1";"1";"1";"6";"D1075";"45,04033800";"5,67079400"
"202400020828";"4";"10";"2024";"22:05";"3";"14";"14762";"1";"1";"1";"7";"Route de Saint-Lô";"48,87566600";" -0,87603200"
"202400020829";"11";"10";"2024";"17:20";"1";"29";"29055";"2";"1";"1";"6";"Route de Brest";"48,56124759";" -4,33653247"
"202400020830";"12";"10";"2024";"00:40";"4";"22";"22162";"2";"1";"1";"7";"Rue Bécot";"48,77860600";" -3,05560500"
"202400020831";"8";"10";"2024";"08:20";"1";"13";"13056";"1";"1";"2";"5";"A55-Sens Martigues vers Marseille";"43,39850000";"5,08593000"
"202400020832";"9";"10";"2024";"07:54";"1";"33";"33550";"1";"1";"2";"4";"N/A";"44,77771200";" -0,56189100"
"202400020833";"11";"10";"2024";"18:40";"3";"91";"91617";"1";"1";"1";"2";"RN6 PROVINCE / RN104 INT";"48,63170200";"2,51935200"
"202400020834";"11";"10";"2024";"12:30";"1";"91";"91377";"1";"1";"1";"2";"AUTOROUTE A10";"48,72595000";"2,30112000"
"202400020835";"11";"10";"2024";"01:57";"3";"91";"91174";"1";"1";"1";"7";"RN 104";"48,61878000";"2,45814000"
"202400020836";"11";"10";"2024";"14:30";"1";"92";"92048";"1";"1";"1";"2";"N118";"48,78772156";"2,22217275"
"202400020837";"11";"10";"2024";"10:15";"1";"92";"92025";"1";"1";"1";"4";"A86";"48,91903976";"2,22360689"
"202400020838";"10";"10";"2024";"20:24";"3";"78";"78640";"1";"1";"1";"2";"N118";"48,77949900";"2,22250900"
"202400020839";"10";"10";"2024";"14:55";"1";"92";"92072";"1";"1";"2";"6";"N118";"48,82602589";"2,22262601"
"202400020840";"10";"10";"2024";"12:58";"1";"92";"92036";"1";"1";"1";"7";"A86";"48,93370714";"2,27422190"
"202400020841";"11";"10";"2024";"16:30";"1";"93";"93027";"1";"1";"1";"2";"AUTOROUTE A1";"48,93857444";"2,41556063"
"202400020842";"11";"10";"2024";"15:20";"1";"93";"93005";"1";"1";"1";"3";"AUTOROUTE A3";"48,96014870";"2,47352444"
"202400020843";"8";"10";"2024";"18:00";"1";"93";"93078";"1";"1";"1";"5";"AUTOROUTE A104";"48,96923893";"2,50452379"
"202400020844";"11";"10";"2024";"08:30";"1";"93";"93066";"1";"1";"1";"2";"AUTOROUTE A86";"48,92536061";"2,33939297"
"202400020845";"10";"10";"2024";"17:40";"1";"95";"95572";"1";"1";"1";"2";"A15";"49,03467133";"2,10094755"
"202400020846";"10";"10";"2024";"13:15";"1";"95";"95572";"1";"1";"2";"2";"N184";"49,03527323";"2,11585884"
"202400020847";"9";"10";"2024";"21:40";"3";"95";"95604";"1";"1";"3";"2";"A1";"49,09810918";"2,55024523"
"202400020848";"9";"10";"2024";"14:00";"1";"95";"95582";"1";"1";"3";"6";"A15";"48,97537300";"2,24146664"
"202400020849";"9";"10";"2024";"12:00";"1";"95";"95582";"1";"1";"3";"6";"A15";"48,97562164";"2,24024027"
"202400020850";"10";"10";"2024";"01:30";"3";"94";"94073";"1";"1";"2";"5";"A86";"48,76884600";"2,37919993"
"202400020851";"10";"10";"2024";"18:20";"5";"974";"97411";"2";"1";"1";"6";"LECONTE DE LISLE (AVENUE)";" -20,89314000";"55,48445000"
"202400020852";"9";"10";"2024";"17:20";"1";"974";"97409";"2";"1";"1";"6";"RUE DES PALMIERS";" -20,97351000";"55,65876000"
"202400020853";"10";"10";"2024";"16:30";"1";"69";"69388";"2";"8";"1";"6";"Avenue Berthelot";"45,73759000";"4,86556000"
"202400020854";"10";"10";"2024";"11:15";"1";"69";"69388";"2";"2";"1";"3";"Rue Paul Cazeneuve";"45,73210000";"4,86077000"