"Num_Acc";"jour";"mois";"an";"hrmn";"lum";"dep";"com";"agg";"int";"atm";"col";"adr";"lat";"long"
"202400020855";"10";"10";"2024";"06:30";"4";"69";"69383";"2";"2";"1";"1";"Rue Garibaldi";"45,75289000";"4,85346000"
"202400020856";"10";"10";"2024";"18:00";"1";"69";"69382";"2";"1";"8";"3";"Pont de la Guillotière";"45,75700935";"4,83773363"
"202400020857";"10";"10";"2024";"08:10";"1";"91";"91201";"2";"3";"2";"1";"AV DE L EUROPE";"48,68448000";"2,43391000"
"202400020858";"10";"10";"2024";"19:20";"5";"91";"91479";"2";"1";"1";"2";"RTE DE FONTAINEBLEAU";"48,70782000";"2,37143000"
"202400020859";"9";"10";"2024";"15:59";"1";"90";"90010";"2";"3";"1";"3";"BAUMANN (RUE)";"47,63638900";"6,84272200"
"202400020860";"9";"10";"2024";"17:55";"1";"84";"84035";"2";"6";"1";"1";"GAMBETTA (PLACE LEON)";"43,83655200";"5,04096000"
"202400020861";"9";"10";"2024";"17:55";"1";"84";"84031";"2";"1";"1";"4";"MISTRAL AVENUE FREDERIC";"44,04917000";"5,03664000"
"202400020862";"9";"10";"2024";"09:00";"1";"84";"84007";"2";"1";"1";"2";"C.DE GAULLE (ROCADE)";"43,92870000";"4,80658000"
"202400020863";"10";"10";"2024";"20:17";"5";"83";"83137";"2";"1";"1";"1";"STRASBOURG (BD DE )";"43,12482000";"5,93090000"
"202400020864";"9";"10";"2024";"17:10";"1";"83";"83137";"2";"3";"1";"3";"TIRAILLEURS SENEGALAIS (AVE DES)";"43,11062000";"5,93230000"
"202400020865";"9";"10";"2024";"10:15";"1";"83";"83098";"2";"9";"1";"3";"GRAVETTES (CHEMIN DE)";"43,10876000";"6,01232000"
"202400020866";"10";"10";"2024";"11:05";"1";"83";"83069";"2";"1";"1";"6";"BELGIQUE ( AVENUE DE )";"43,12035000";"6,13185000"
"202400020867";"10";"10";"2024";"16:15";"1";"82";"82121";"2";"3";"1";"3";"avenue jean moulin";"44,02714000";"1,36741000"
"202400020868";"9";"10";"2024";"07:40";"5";"79";"79191";"2";"2";"3";"3";"N/A";"46,33355000";" -0,43294000"
"202400020869";"10";"10";"2024";"09:17";"1";"78";"78498";"1";"1";"1";"5";"RD30";"48,89511200";"1,99366000"
"202400020870";"9";"10";"2024";"07:45";"2";"77";"77288";"2";"1";"2";"6";"GARE   (PASSAGE DE LA)";"48,52801000";"2,65554000"
"202400020871";"10";"10";"2024";"22:45";"5";"76";"76540";"2";"2";"1";"2";"Rue du Mail";"49,42915000";"1,09205000"
"202400020872";"8";"10";"2024";"10:30";"1";"76";"76351";"2";"3";"1";"6";"PIERRE FARCIS";"49,51715000";"0,09755000"
"202400020873";"8";"10";"2024";"20:35";"5";"76";"76351";"2";"2";"1";"3";"PIERRE LOTI";"49,50800000";"0,14936000"
"202400020874";"9";"10";"2024";"13:10";"1";"72";"72181";"2";"1";"2";"6";"LAENNEC RENE (AV)";"48,01880749";"0,16461253"
"202400020875";"9";"10";"2024";"18:20";"1";"71";"71540";"2";"1";"1";"1";"Avenue de la République";"46,79051944";"4,44737640"
"202400020876";"10";"10";"2024";"08:30";"1";"69";"69266";"2";"6";"3";"3";"Rond-point Charles de Gaulle";"45,78475000";"4,86352000"
"202400020877";"10";"10";"2024";"16:24";"1";"67";"67482";"2";"8";"1";"3";"CHRIST (SENTIER)";"48,59996000";"7,78425000"
"202400020878";"10";"10";"2024";"14:20";"1";"67";"67482";"2";"1";"1";"3";"ALSACE (AVENUE D )";"48,58704000";"7,76048000"
"202400020879";"9";"10";"2024";"10:02";"1";"64";"64125";"2";"9";"1";"3";"BERRUA";"43,43868000";" -1,58648000"
"202400020880";"10";"10";"2024";"16:50";"1";"63";"63300";"2";"2";"1";"6";"Avenue de Chatel-guyon /Rue Colombier Lanore";"45,89756243";"3,10671285"
"202400020881";"28";"06";"2024";"21:05";"1";"95";"95018";"1";"1";"1";"2";"A15";"48,96033640";"2,27113018"
"202400020882";"28";"06";"2024";"20:50";"1";"95";"95256";"1";"1";"1";"5";"N184";"49,05506170";"2,20194139"
"202400020883";"28";"06";"2024";"17:15";"1";"93";"93010";"1";"1";"1";"2";"A3";"48,89957019";"2,46959801"
"202400020884";"29";"06";"2024";"07:05";"2";"77";"77258";"1";"1";"1";"6";"A4.Y";"48,83246370";"2,65688229"
"202400020885";"28";"06";"2024";"19:20";"5";"974";"97411";"2";"1";"1";"6";"GARE (DE LA)";" -20,89587000";"55,49209000"
"202400020886";"28";"06";"2024";"18:10";"1";"973";"97302";"1";"1";"1";"7";"ZONE COLLERY I OU II";"4,90674000";" -52,32477000"
"202400020887";"27";"06";"2024";"18:25";"2";"973";"97302";"2";"1";"1";"2";"CABASSOU (ROUTE DE)";"4,91967000";" -52,31892000"
"202400020888";"27";"06";"2024";"17:30";"1";"973";"97302";"2";"1";"1";"2";"CONSTANT CHLORE(RUE)";"4,93396779";" -52,31931880"
"202400020889";"28";"06";"2024";"18:40";"1";"69";"69387";"2";"2";"1";"3";"Rue Louis Dansard";"45,75441000";"4,84540000"
"202400020890";"28";"06";"2024";"17:00";"1";"69";"69383";"2";"2";"1";"3";"Avenue Maréchal de Saxe";"45,76159284";"4,84540055"
"202400020891";"28";"06";"2024";"10:20";"1";"69";"69386";"2";"1";"1";"2";"Avenue Maréchal Foch";"45,77002000";"4,84348000"
"202400020892";"28";"06";"2024";"02:15";"5";"69";"69386";"2";"2";"1";"3";"Rue Cuvier";"45,76780000";"4,85553000"
"202400020893";"27";"06";"2024";"18:40";"2";"972";"97213";"1";"1";"1";"2";"FERNAND GUILLON (BOULEVARD)";"14,61697000";" -60,99660000"
"202400020894";"28";"06";"2024";"10:45";"1";"972";"97209";"1";"1";"1";"5";"AUTOROUTE (A1)";"14,61821000";" -61,03620000"
"202400020895";"28";"06";"2024";"06:00";"1";"971";"97113";"2";"1";"1";"4";"RN4 - SECTION RIVIERA";"16,21807000";" -61,49842000"
"202400020896";"28";"06";"2024";"17:50";"1";"95";"95585";"2";"1";"1";"3";"D209";"48,98532000";"2,38814000"
"202400020897";"28";"06";"2024";"18:30";"1";"95";"95277";"2";"9";"1";"7";"BUTTES (RUE DES)";"48,97505761";"2,49647677"
"202400020898";"28";"06";"2024";"15:04";"1";"95";"95582";"2";"9";"1";"6";"D192";"48,97103799";"2,25579859"
"202400020899";"28";"06";"2024";"08:45";"1";"91";"91027";"2";"3";"7";"6";"RUE J B DE LA SALLE";"48,70691000";"2,38350000"
"202400020900";"25";"06";"2024";"15:50";"1";"90";"90029";"2";"2";"1";"3";"COMMANDOS D'AFRIQUE (RUE DES)";"47,65408500";"6,83649000"
"202400020901";"27";"06";"2024";"21:20";"1";"87";"87085";"2";"3";"1";"3";"PERI (AVENUE GABRIEL)";"45,82850000";"1,26266000"
"202400020902";"28";"06";"2024";"01:50";"5";"30";"30351";"2";"1";"1";"1";"VERDUN AVENUE DE";"43,96733000";"4,80240000"
"202400020903";"27";"06";"2024";"12:00";"1";"84";"84007";"2";"6";"1";"2";"REALPANIER (Rond point de)-MONTFAVET";"43,95028100";"4,86070300"
"202400020904";"27";"06";"2024";"10:35";"1";"84";"84007";"2";"2";"1";"4";"C.De GAULLE (Rocade)";"43,92887000";"4,81305000"
"202400020905";"28";"06";"2024";"14:00";"1";"81";"81065";"2";"1";"1";"6";"25 Rue Théron Périé";"43,60892000";"2,24544000"
"202400020906";"27";"06";"2024";"10:50";"1";"80";"80021";"2";"1";"1";"6";"Avenue de Belgique";"49,87091000";"2,29468000"
"202400020907";"28";"06";"2024";"17:40";"1";"78";"78586";"2";"9";"1";"6";"BERTEAUX (MAURICE) N°44 A 152";"48,94100000";"2,16490000"
"202400020908";"28";"06";"2024";"18:00";"1";"78";"78418";"2";"9";"1";"1";"GABRIEL PERI (AVENUE)";"48,92736000";"2,14029000"
"202400020909";"28";"06";"2024";"09:30";"1";"78";"78481";"2";"1";"1";"6";"VIGNES BENETTES (AVENUE DES)";"48,88050000";"2,09595000"
"202400020910";"28";"06";"2024";"01:50";"5";"78";"78146";"2";"1";"1";"6";"DARCIS (RUE)";"48,91018000";"2,13832000"
"202400020911";"25";"06";"2024";"17:40";"1";"78";"78517";"1";"1";"1";"3";"D 937";"48,65877000";"1,82486000"
"202400020912";"27";"06";"2024";"14:30";"1";"78";"78621";"2";"1";"1";"6";"CD 912";"48,78386000";"1,99240000"
"202400020913";"28";"06";"2024";"01:00";"5";"78";"78172";"1";"3";"1";"3";"RN 184";"49,00221500";"2,08150000"
"202400020914";"28";"06";"2024";"19:25";"1";"77";"77350";"1";"1";"1";"6";"DEPARTEMENTALE 1004";"48,76723000";"2,64937000"
"202400020915";"28";"06";"2024";"23:25";"3";"77";"77067";"1";"1";"1";"3";"D.346";"48,55755400";"2,59987300"
"202400020916";"28";"06";"2024";"16:30";"1";"77";"77053";"1";"1";"1";"7";"CD 50";"48,67159032";"2,58494921"
"202400020917";"28";"06";"2024";"14:15";"1";"77";"77288";"2";"3";"1";"3";"ARISTIDE BRIAND  (BOULEVARD)";"48,54524000";"2,65066000"
"202400020918";"28";"06";"2024";"13:00";"1";"77";"77122";"2";"3";"1";"3";"RUE SOMMEVILLE";"48,66609700";"2,55744800"
"202400020919";"27";"06";"2024";"15:25";"1";"76";"76351";"2";"2";"1";"6";"ANATOLE FRANCE";"49,49480000";"0,11128000"
"202400020920";"28";"06";"2024";"22:35";"5";"72";"72181";"2";"6";"1";"3";"CHANZY (RUE)  N° IMP 1 A 71 BIS";"47,99913000";"0,20975000"
"202400020921";"28";"06";"2024";"21:40";"2";"71";"71270";"2";"1";"1";"6";"GAMBETTA (RUE)";"46,30212000";"4,83113000"
"202400020922";"27";"06";"2024";"14:10";"1";"69";"69290";"2";"2";"1";"3";"Boulevard de la Porte des Alpes";"45,71503000";"4,92542000"
"202400020923";"17";"11";"2024";"08:15";"1";"95";"95018";"1";"1";"2";"3";"A15";"48,95858710";"2,27405291"
"202400020924";"28";"06";"2024";"09:15";"1";"69";"69096";"2";"3";"7";"3";"Rue Charles De Gaulle";"45,60578000";"4,78282000"
"202400020925";"27";"06";"2024";"15:40";"1";"67";"67482";"2";"1";"1";"6";"WISSEMBOURG (RUE DE)";"48,59112000";"7,74182000"
"202400020926";"16";"11";"2024";"18:00";"5";"93";"93053";"1";"1";"1";"3";"AUTOROUTE A3";"48,88722551";"2,47394088"
"202400020927";"28";"06";"2024";"08:15";"1";"64";"64445";"2";"6";"8";"3";"PEYROULET";"43,30387000";" -0,35621000"
"202400020928";"27";"06";"2024";"21:30";"2";"64";"64122";"2";"1";"1";"2";"VERDUN (AVENUE DE)";"43,48214000";" -1,55474000"
"202400020929";"28";"06";"2024";"22:00";"5";"64";"64102";"2";"1";"1";"6";"ALSACE LORRAINE (BOULEVARD)";"43,49472000";" -1,46852000"
"202400020930";"16";"11";"2024";"19:10";"2";"95";"95252";"1";"1";"1";"3";"A115";"48,98859238";"2,24343194"
"202400020931";"28";"06";"2024";"16:16";"1";"63";"63032";"2";"2";"3";"3";"EUROPE (AVENUE DE L')";"45,75492446";"3,09679806"
"202400020932";"16";"11";"2024";"20:10";"3";"93";"93007";"1";"1";"1";"3";"AUTOROUTE A3";"48,93125800";"2,48097635"
"202400020933";"28";"06";"2024";"16:20";"1";"62";"62510";"2";"1";"1";"6";"D58";"50,42225415";"2,77408996"
"202400020934";"17";"11";"2024";"04:00";"5";"94";"94065";"1";"1";"1";"6";"A86";"48,75453592";"2,34767061"
"202400020935";"24";"06";"2024";"13:10";"1";"62";"62510";"2";"3";"1";"3";"Rue du Docteur Biat";"50,41706352";"2,77953243"
"202400020936";"27";"06";"2024";"18:10";"1";"62";"62193";"2";"7";"1";"3";"Boulevard Curie";"50,93974000";"1,86932000"
"202400020937";"25";"06";"2024";"15:45";"1";"59";"59426";"2";"1";"1";"6";"RONCQ (ROUTE)";"50,74356134";"3,15022230"
"202400020938";"31";"08";"2024";"06:30";"2";"38";"38185";"2";"2";"1";"3";"NICOLAS CHORIER (RUE)";"45,18571000";"5,71213000"
"202400020939";"26";"06";"2024";"13:45";"1";"59";"59354";"2";"1";"1";"3";"MOINES (RUE DES)";"50,35838000";"3,16397000"
"202400020940";"28";"06";"2024";"15:58";"1";"56";"56121";"2";"1";"1";"3";"Rue Jean Le Coutaller";"47,74650000";" -3,36791000"
"202400020941";"20";"08";"2024";"21:14";"5";"38";"38185";"2";"1";"1";"5";"AVENUE PAUL VERLAINE";"45,16342000";"5,71291000"
"202400020942";"28";"06";"2024";"15:00";"1";"51";"51055";"1";"1";"1";"2";"TONDEURS (BOULEVARD DES)";"49,28651000";"4,02850000"
"202400020943";"28";"06";"2024";"12:20";"1";"50";"50532";"1";"1";"1";"6";"BRUYERE (ROUTE)";"48,79593000";" -1,56150000"
"202400020944";"27";"06";"2024";"08:25";"1";"50";"50129";"2";"2";"1";"2";"LEMONNIER (AVENUE AMIRAL)";"49,63451000";" -1,60235000"
"202400020945";"8";"08";"2024";"17:36";"1";"38";"38169";"2";"9";"1";"3";"BOULEVARD PAUL LANGEVIN";"45,19562000";"5,67465000"
"202400020946";"26";"06";"2024";"16:50";"1";"50";"50129";"2";"2";"1";"3";"CURIE (RUE)";"49,63755000";" -1,60559000"
"202400020947";"28";"06";"2024";"14:35";"1";"49";"49015";"1";"1";"1";"4";"D775";"47,50133000";" -0,62092000"
"202400020948";"18";"08";"2024";"17:05";"1";"14";"14705";"1";"1";"7";"3";"Rue Eisenhower";"49,23246600";" -0,93766800"
"202400020949";"27";"06";"2024";"18:55";"1";"49";"49007";"2";"2";"1";"3";"MAIL";"47,47479000";" -0,55299000"
"202400020950";"25";"06";"2024";"21:50";"1";"49";"49007";"2";"3";"1";"7";"PASTEUR";"47,47192000";" -0,54206000"
"202400020951";"15";"11";"2024";"13:00";"1";"75";"75112";"2";"1";"8";"2";"BD PERIPHERIQUE INTERIEUR";"48,83455700";"2,41047100"
"202400020952";"27";"06";"2024";"11:34";"1";"49";"49007";"2";"1";"1";"6";"TARIN";"47,46800000";" -0,54519000"
"202400020953";"17";"11";"2024";"23:25";"5";"75";"75120";"2";"2";"1";"3";"RUE DE LAGNY";"48,84905000";"2,40923600"
"202400020954";"10";"03";"2024";"04:20";"3";"44";"44184";"1";"1";"9";"2";"N/A";"47,28945000";" -2,23946000"
"202400020955";"17";"11";"2024";"01:25";"5";"75";"75119";"2";"4";"1";"3";"RUE MANIN";"48,88144200";"2,38062800"
"202400020956";"10";"03";"2024";"06:00";"5";"37";"37233";"2";"3";"5";"6";"GAMBETTA (RUE)";"47,39166000";"0,70970000"
"202400020957";"27";"06";"2024";"09:28";"1";"49";"49007";"2";"6";"1";"3";"LAC DE MAINE AVENUE";"47,46066000";" -0,59627000"
"202400020958";"10";"03";"2024";"06:40";"2";"37";"37261";"2";"6";"5";"6";"GANCE (BOULEVARD ABEL)";"47,42015000";"0,71679000"
"202400020959";"17";"11";"2024";"15:10";"1";"75";"75117";"2";"3";"2";"6";"BOULEVARD BESSIERES";"48,89774012";"2,32900769"
"202400020960";"28";"06";"2024";"19:25";"1";"37";"37208";"2";"1";"1";"2";"DE LARCAY (RUE)";"47,36850424";"0,73511696"
"202400020961";"10";"03";"2024";"20:15";"3";"28";"28134";"2";"1";"1";"6";"HOCHE (RUE)";"48,72260000";"1,38180000"
"202400020962";"17";"11";"2024";"10:10";"1";"75";"75117";"2";"7";"8";"7";"PLACE DU MARECHAL JUIN";"48,88449824";"2,29717845"
"202400020963";"28";"06";"2024";"14:00";"1";"35";"35238";"2";"3";"1";"3";"BELLEVUE (DE)";"48,11478000";" -1,65257000"
"202400020964";"17";"11";"2024";"14:30";"1";"75";"75115";"2";"2";"1";"3";"RUE DES VOLONTAIRES";"48,84307800";"2,30684900"
"202400020965";"29";"06";"2024";"00:12";"5";"33";"33063";"2";"1";"1";"2";"N/A";"44,85037000";" -0,60563000"
"202400020966";"10";"03";"2024";"12:10";"1";"13";"13005";"2";"1";"1";"6";"MARCEAU (RUE)";"43,29065000";"5,57064000"
"202400020967";"17";"11";"2024";"09:45";"1";"75";"75115";"2";"7";"2";"3";"PLACE BALARD";"48,83686500";"2,27884200"
"202400020968";"28";"06";"2024";"03:35";"4";"33";"33032";"1";"6";"1";"7";"N/A";"44,89349000";" -0,52982000"
"202400020969";"10";"03";"2024";"22:17";"5";"13";"13001";"2";"2";"8";"3";"MINIMES (COURS DES)";"43,52884000";"5,43774000"
"202400020970";"28";"06";"2024";"14:40";"1";"27";"27681";"2";"1";"1";"6";"RENAISSANCE (RUE DE LA)";"49,08243000";"1,47831000"
"202400020971";"16";"11";"2024";"14:41";"1";"75";"75110";"2";"3";"1";"3";"BOULEVARD DE BONNE NOUVELLE";"48,87018300";"2,35051000"
"202400020972";"28";"06";"2024";"11:30";"1";"27";"27229";"2";"1";"1";"6";"SALONIQUE (RUE DE)";"49,03530000";"1,13560000"
"202400020973";"9";"03";"2024";"21:57";"5";"01";"01283";"2";"2";"1";"3";"LAPLANCHE";"46,26080000";"5,65690000"
"202400020974";"17";"11";"2024";"16:40";"2";"75";"75103";"2";"2";"1";"6";"RUE VIEILLE DU TEMPLE";"48,86052400";"2,36181600"
"202400020975";"28";"06";"2024";"21:55";"2";"25";"25056";"2";"6";"1";"6";"AMITIE RUE";"47,23336000";"5,98400000"
"202400020976";"17";"11";"2024";"01:01";"3";"94";"94078";"2";"1";"1";"7";"Chemin de la Bassinette";"48,72493350";"2,45182952"
"202400020977";"26";"06";"2024";"12:05";"1";"18";"18033";"2";"1";"1";"7";"Rue du Traité de Rome";"47,05140000";"2,39652000"
"202400020978";"10";"03";"2024";"14:30";"1";"75";"75118";"2";"1";"1";"4";"PORTE DE CLIGNANCOURT";"48,90104100";"2,35076400"
"202400020979";"17";"11";"2024";"00:35";"5";"94";"94046";"2";"3";"1";"3";"Avenue du Général Leclerc";"48,81009000";"2,43288000"
"202400020980";"25";"06";"2024";"16:40";"1";"16";"16102";"2";"1";"1";"5";"N/A";"45,68800000";" -0,32800000"
"202400020981";"9";"03";"2024";"10:30";"1";"75";"75118";"2";"1";"1";"1";"BOULEVARD PERIPHERIQUE EXTERIEUR NORD  ";"48,90080200";"2,36980700"
"202400020982";"17";"11";"2024";"19:00";"5";"94";"94038";"2";"1";"1";"6";"Rue Jean Jaurès";"48,77894000";"2,33560000"
"202400020983";"8";"03";"2024";"15:05";"1";"75";"75114";"2";"3";"1";"6";"BOULEVARD ADOLPHE PINARD";"48,82461000";"2,30399200"
"202400020984";"27";"06";"2024";"18:30";"1";"15";"15014";"2";"3";"1";"6";"Rue de la Montade";"44,91517000";"2,43979000"
"202400020985";"17";"11";"2024";"10:45";"1";"93";"93049";"2";"3";"2";"3";"GALLIENI (BOULEVARD)";"48,85282685";"2,51322742"
"202400020986";"10";"03";"2024";"00:30";"5";"75";"75115";"2";"3";"2";"3";"BOULEVARD DU MONTPARNASSE";"48,84472500";"2,32127200"
"202400020987";"27";"06";"2024";"17:20";"1";"15";"15014";"1";"1";"1";"2";"RD 120";"44,92963000";"2,42629000"
"202400020988";"16";"11";"2024";"12:45";"1";"93";"93029";"2";"1";"1";"2";"JAURES (AVENUE JEAN) DE 28 A 62";"48,93124000";"2,42897000"
"202400020989";"28";"06";"2024";"10:15";"1";"13";"13212";"2";"1";"1";"3";"MONTOLIVET (AVENUE DE)";"43,31783085";"5,41952513"
"202400020990";"10";"03";"2024";"02:40";"5";"75";"75119";"2";"2";"2";"3";"AVENUE SIMON BOLIVAR";"48,87841000";"2,37425200"
"202400020991";"16";"11";"2024";"22:35";"3";"93";"93005";"2";"1";"1";"6";"ANDRE CITROEN (BOULEVARD)";"48,95829525";"2,48506028"
"202400020992";"10";"03";"2024";"18:20";"1";"75";"75118";"2";"3";"1";"6";"RUE DE TRETAIGNE";"48,89130500";"2,34198500"
"202400020993";"28";"06";"2024";"07:30";"1";"13";"13214";"2";"1";"1";"1";"MERLAN (AVENUE)";"43,34171000";"5,40385000"
"202400020994";"17";"11";"2024";"14:52";"1";"92";"92012";"2";"1";"1";"6";"REINE (ROUTE DE LA) 1/37- 6/80";"48,83890255";"2,24881411"
"202400020995";"10";"03";"2024";"04:30";"5";"75";"75117";"2";"2";"2";"2";"AVENUE MAC MAHON";"48,87529200";"2,29478900"
"202400020996";"28";"06";"2024";"08:40";"1";"13";"13207";"2";"1";"1";"2";"Corniche John Fitzgérald Kennedy";"43,27670710";"5,35778498"
"202400020997";"10";"03";"2024";"08:30";"1";"75";"75114";"2";"1";"8";"3";"BD PERIPHERIQUE INTERIEUR";"48,82092700";"2,32182800"
"202400020998";"16";"11";"2024";"23:50";"5";"92";"92002";"2";"3";"1";"3";"MIRABEAU (RUE)";"48,74503627";"2,29822777"
"202400020999";"10";"03";"2024";"00:10";"5";"75";"75110";"2";"3";"2";"3";"RUE DU FAUBOURG SAINT MARTIN";"48,87780300";"2,36163800"
"202400021000";"28";"06";"2024";"11:30";"1";"13";"13004";"2";"1";"1";"6";"AV STALINGRAD";"43,69377000";"4,63965000"
"202400021001";"17";"11";"2024";"05:40";"5";"51";"51567";"1";"1";"5";"7";"N4";"48,69062114";"4,71438751"
"202400021002";"9";"03";"2024";"21:20";"5";"75";"75109";"2";"2";"2";"6";"RUE LA FAYETTE";"48,87466800";"2,33937900"
"202400021003";"26";"06";"2024";"23:40";"5";"06";"06088";"2";"1";"1";"3";"41 Boulevard François Grosso";"43,69710000";"7,25142000"
"202400021004";"17";"11";"2024";"02:20";"3";"36";"36233";"1";"1";"1";"6";"route de paulmery";"47,24407599";"1,56311097"
"202400021005";"10";"03";"2024";"08:20";"1";"75";"75107";"2";"1";"2";"6";"PLACE HENRY DE MONTHERLANT";"48,86038200";"2,32686400"
"202400021006";"17";"11";"2024";"08:45";"2";"31";"31053";"2";"2";"1";"3";"Carrefour RM112/RD59";"43,64611000";"1,55526800"
"202400021007";"28";"06";"2024";"14:30";"1";"06";"06069";"2";"3";"1";"3";"93 Boulevard Emmanuel Rouquier";"43,63638100";"6,94072500"
"202400021008";"10";"03";"2024";"19:50";"5";"75";"75104";"2";"3";"1";"6";"RUE DE LOBAU";"48,85601000";"2,35332600"
"202400021009";"16";"11";"2024";"15:40";"1";"81";"81218";"2";"1";"1";"6";"1 Rue d'Al Causse";"43,89183200";"2,16683700"
"202400021010";"28";"06";"2024";"09:55";"1";"75";"75119";"2";"3";"1";"3";"RUE BOTZARIS";"48,87928100";"2,38435200"
"202400021011";"10";"03";"2024";"05:14";"5";"75";"75101";"2";"3";"1";"6";"RUE SAINT DENIS";"48,86018400";"2,34830100"
"202400021012";"16";"11";"2024";"18:10";"5";"68";"68157";"2";"1";"1";"3";"5 Grand'Rue";"48,11739500";"7,47606800"
"202400021013";"10";"03";"2024";"18:00";"1";"94";"94078";"2";"1";"1";"1";"Avenue de Choisy";"48,75370646";"2,42972280"
"202400021014";"28";"06";"2024";"17:45";"1";"75";"75118";"2";"3";"1";"6";"RUE STEPHENSON";"48,89041000";"2,35583500"
"202400021015";"10";"03";"2024";"18:30";"2";"94";"94041";"2";"1";"1";"2";"80 Avenue Maurice Thorez";"48,81417000";"2,37921000"
"202400021016";"17";"11";"2024";"13:50";"1";"68";"68376";"1";"1";"1";"7";"D20";"47,82575400";"7,34279900"
"202400021017";"28";"06";"2024";"00:10";"5";"75";"75117";"2";"1";"1";"7";"BOULEVARD DE REIMS";"48,89157800";"2,29985300"
"202400021018";"10";"03";"2024";"16:15";"1";"94";"94022";"2";"2";"8";"3";"Avenue Léon Gourdault / Avenue du Général Leclerc / Avenue de la République";"48,76241153";"2,40664691"
"202400021019";"17";"11";"2024";"08:53";"1";"69";"69283";"2";"6";"5";"1";"Route d'Heyrieux";"45,68017500";"4,95950100"
"202400021020";"10";"03";"2024";"18:15";"1";"94";"94048";"2";"3";"1";"6";"Avenue des Buissons / Rue Chasse Lievre";"48,73538100";"2,55785900"
"202400021021";"18";"11";"2024";"02:00";"3";"971";"97109";"1";"6";"2";"6";"RN1";"15,99038500";" -61,71621300"
"202400021022";"28";"06";"2024";"02:30";"5";"75";"75115";"2";"1";"1";"1";"RUE DE VAUGIRARD";"48,84331100";"2,31380900"
"202400021023";"10";"03";"2024";"15:20";"1";"93";"93008";"2";"3";"1";"6";"Rue Saint Andre / Rue Bernard";"48,90348600";"2,42436200"
"202400021024";"17";"11";"2024";"04:23";"3";"26";"26216";"1";"1";"5";"7";"Route de Claveyson";"45,19481600";"4,91558800"
"202400021025";"10";"03";"2024";"14:30";"1";"93";"93001";"2";"1";"1";"3";"Avenue Jean Jaurès";"48,91285057";"2,40201536"
"202400021026";"27";"06";"2024";"21:35";"1";"75";"75114";"2";"2";"1";"2";"RUE D ALESIA";"48,83275200";"2,31156200"
"202400021027";"10";"03";"2024";"14:00";"1";"92";"92044";"2";"6";"8";"3";"PORTE DE VILLIERS (AVENUE DE LA, N° 33 A";"48,88662400";"2,28356338"
"202400021028";"27";"06";"2024";"11:52";"1";"75";"75113";"2";"7";"1";"6";"PLACE D ITALIE";"48,83191600";"2,35554200"
"202400021029";"16";"11";"2024";"17:50";"3";"42";"42322";"1";"4";"1";"1";"Chemin de Rocheplate";"45,41987500";"4,52969800"
"202400021030";"10";"03";"2024";"02:45";"5";"92";"92050";"2";"1";"2";"2";"JOILIOT CURIE F. ET IRENE AVENUE N°IMPAI";"48,88752000";"2,20094000"
"202400021031";"27";"06";"2024";"00:15";"5";"75";"75112";"2";"2";"1";"6";"PONT D AUSTERLITZ";"48,84568700";"2,36745000"
"202400021032";"17";"11";"2024";"11:50";"1";"50";"50137";"1";"1";"8";"6";"Autoroute A84, PR 196+600, sens RENNES-CAEN";"48,85841500";" -1,20925800"
"202400021033";"10";"03";"2024";"16:50";"1";"92";"92044";"2";"2";"2";"6";"PDT WILSON(RUE)107A131 ET 110A130";"48,89812034";"2,28518128"
"202400021034";"16";"11";"2024";"18:40";"5";"57";"57269";"2";"1";"1";"6";"Boulevard du Pont";"49,29898700";"6,19426700"
"202400021035";"28";"06";"2024";"12:20";"1";"75";"75110";"2";"2";"1";"3";"AVENUE PARMENTIER";"48,87124100";"2,37012400"
"202400021036";"10";"03";"2024";"21:00";"5";"92";"92035";"2";"3";"1";"3";"Léon Maurice Nordmann ( rue )";"48,90443985";"2,24041772"
"202400021037";"17";"11";"2024";"00:58";"5";"51";"51596";"2";"1";"1";"2";"Rue de l?Empereur";"48,88090600";"3,61477000"
"202400021038";"10";"03";"2024";"09:30";"1";"92";"92023";"2";"2";"8";"6";"JEAN JAURES (AVENUE) N°57 A 259 ET 64 A";"48,80990717";"2,26932764"
"202400021039";"28";"06";"2024";"11:00";"1";"75";"75108";"2";"1";"1";"2";"COURS LA REINE";"48,86472600";"2,31529600"
"202400021040";"18";"11";"2024";"18:05";"5";"80";"80318";"2";"3";"2";"6";"3 Rue Roger Godard";"50,01650900";"2,07967800"
"202400021041";"10";"03";"2024";"16:50";"1";"92";"92012";"2";"1";"1";"1";"GEORGES GORSE (QUAI)";"48,82376626";"2,23808536"
"202400021042";"28";"06";"2024";"13:55";"1";"75";"75108";"2";"2";"1";"3";"BOULEVARD HAUSSMANN";"48,87504900";"2,30917800"
"202400021043";"17";"11";"2024";"19:30";"5";"80";"80711";"2";"1";"1";"7";"6 Rue Philippe Louis";"50,03726600";"2,12103200"
"202400021044";"10";"03";"2024";"10:40";"1";"92";"92012";"2";"1";"2";"2";"JEAN JAURES (BOULEVARD) 217/FIN - 210/FI";"48,82566643";"2,24802469"
"202400021045";"17";"11";"2024";"23:12";"3";"65";"65026";"1";"1";"2";"6";"Route de Toulouse";"43,28610300";"0,54641200"
"202400021046";"28";"06";"2024";"19:25";"1";"75";"75107";"2";"1";"1";"3";"QUAI ANATOLE FRANCE";"48,86127600";"2,32358500"
"202400021047";"9";"03";"2024";"17:40";"1";"92";"92012";"2";"1";"2";"3";"ANDRE MORIZET (AVENUE) 1/47 - 2/52";"48,83573026";"2,23950702"