"Num_Acc";"jour";"mois";"an";"hrmn";"lum";"dep";"com";"agg";"int";"atm";"col";"adr";"lat";"long"
"202400021048";"14";"11";"2024";"21:30";"3";"33";"33229";"1";"1";"1";"6";"N/A";"44,78623500";" -0,91224200"
"202400021049";"28";"06";"2024";"19:30";"1";"75";"75107";"2";"1";"1";"7";"PROMENADE GISELE HALIMI";"48,86287498";"2,30920225"
"202400021050";"9";"03";"2024";"19:40";"5";"92";"92002";"2";"1";"2";"6";"MARCHE (RUE DU)";"48,75271974";"2,30272043"
"202400021051";"16";"11";"2024";"15:30";"1";"63";"63201";"2";"2";"1";"6";"D55/ RD55A";"45,96057400";"3,38726800"
"202400021052";"28";"06";"2024";"15:45";"1";"75";"75103";"2";"1";"1";"3";"BOULEVARD SAINT MARTIN";"48,86851800";"2,35858500"
"202400021053";"10";"03";"2024";"22:34";"3";"86";"86153";"1";"1";"1";"2";"Route Nationale N°147";"46,41565200";"0,68299500"
"202400021054";"16";"11";"2024";"18:40";"3";"63";"63368";"1";"1";"1";"7";"D301";"45,69290816";"3,32640521"
"202400021055";"27";"06";"2024";"20:45";"1";"75";"75104";"2";"2";"1";"3";"BOULEVARD DE SEBASTOPOL";"48,86056200";"2,34942200"
"202400021056";"10";"03";"2024";"06:30";"2";"71";"71481";"1";"1";"3";"6";"A6";"46,18650400";"4,77279700"
"202400021057";"17";"11";"2024";"08:25";"2";"61";"61484";"1";"1";"2";"6";"D107";"48,27022600";"0,65072500"
"202400021058";"28";"06";"2024";"11:30";"1";"94";"94044";"2";"1";"1";"6";"43 Rue Henri Barbusse";"48,75183000";"2,48754000"
"202400021059";"8";"03";"2024";"11:30";"1";"58";"58086";"2";"1";"1";"6";"1 rue du 14 juillet";"47,41139400";"2,92648000"
"202400021060";"16";"11";"2024";"11:15";"1";"61";"61194";"1";"1";"1";"7";"Voie Communale";"48,76277300";" -0,16651100"
"202400021061";"28";"06";"2024";"18:20";"1";"75";"75112";"2";"2";"1";"3";"Avenue de Nogent";"48,84210900";"2,44914400"
"202400021062";"11";"03";"2024";"13:40";"1";"974";"97413";"2";"3";"1";"1";"Rue Georges Pompidou";" -21,14647200";"55,27632100"
"202400021063";"8";"11";"2024";"15:40";"1";"49";"49248";"1";"1";"1";"1";"Route Départementale 775";"47,76877500";" -1,22476100"
"202400021064";"10";"03";"2024";"09:35";"1";"34";"34114";"1";"1";"1";"6";"A750 PK 26+900";"43,63936700";"3,57789500"
"202400021065";"6";"11";"2024";"12:25";"1";"49";"49331";"2";"6";"1";"3";"rue charles de gaulle";"47,69308300";" -0,87046400"
"202400021066";"11";"03";"2024";"18:47";"3";"30";"30312";"1";"1";"2";"1";"D980";"44,03379000";"4,79396000"
"202400021067";"15";"11";"2024";"09:28";"1";"49";"49369";"2";"3";"8";"3";"Rue de la Mairie";"47,38894700";"0,07250500"
"202400021068";"28";"06";"2024";"03:20";"5";"94";"94041";"2";"2";"1";"3";"Rue Louis Bertrand / Avenue Pierre Sémard";"48,81761000";"2,38153000"
"202400021069";"10";"03";"2024";"05:00";"2";"30";"30131";"1";"1";"3";"7";"Pont de l'Aiguillion";"44,19186000";"4,48138000"
"202400021070";"28";"06";"2024";"20:00";"1";"94";"94073";"2";"1";"1";"6";"rdpt des halles";"48,75951100";"2,37097300"
"202400021071";"17";"11";"2024";"19:10";"3";"12";"12022";"1";"1";"1";"2";"D999";"44,01590400";"3,07458400"
"202400021072";"10";"03";"2024";"16:15";"1";"34";"34270";"1";"6";"1";"3";"Rond-Point du Rieucoulon";"43,58347200";"3,84789700"
"202400021073";"16";"11";"2024";"15:30";"1";"42";"42234";"1";"1";"1";"6";"Chemin de Champlas";"45,53481800";"4,38507400"
"202400021074";"10";"03";"2024";"16:50";"1";"89";"89411";"1";"1";"1";"7";"D27";"48,15168600";"3,41237100"
"202400021075";"28";"06";"2024";"18:25";"1";"94";"94028";"2";"1";"1";"3";"Avenue du Général de Gaulle";"48,78232671";"2,45712206"
"202400021076";"17";"11";"2024";"02:30";"3";"41";"41135";"1";"1";"1";"6";"la bissonnière";"47,27825700";"1,86610400"
"202400021077";"10";"03";"2024";"16:45";"1";"51";"51054";"1";"1";"1";"6";"RD 980";"49,29569500";"4,37598600"
"202400021078";"28";"06";"2024";"15:40";"1";"94";"94019";"2";"1";"1";"3";"Route de la Libération";"48,80145900";"2,54091400"
"202400021079";"9";"11";"2024";"08:30";"1";"34";"34300";"1";"1";"3";"1";"N2009";"43,40146600";"3,33728000"
"202400021080";"10";"03";"2024";"19:50";"3";"79";"79220";"1";"1";"1";"2";"N/A";"46,21566900";" -0,61762700"
"202400021081";"16";"11";"2024";"14:30";"1";"34";"34339";"1";"1";"1";"7";"RD20";"43,38086400";"2,90886600"
"202400021082";"28";"06";"2024";"00:35";"5";"94";"94079";"2";"2";"1";"3";"Rue de Bernau / Avenue Maurice Thorez";"48,81799000";"2,53900000"
"202400021083";"10";"03";"2024";"20:15";"3";100;100043";"1";"1";"1";"3";"Sagro";"42,79607000";"9,48976300"
"202400021084";"15";"11";"2024";"16:30";"1";"34";"34312";"1";"1";"1";"6";"D922";"43,64552400";"3,10978500"
"202400021085";"28";"06";"2024";"11:30";"1";"93";"93077";"2";"3";"1";"6";"Avenue de Rosny / Rue de la Liberté";"48,88505958";"2,50312060"
"202400021086";"11";"03";"2024";"09:30";"1";"32";"32147";"1";"1";"3";"7";"RD 4 PR 3+360";"43,59922700";"0,87414300"
"202400021087";"15";"11";"2024";"18:15";"3";"22";"22137";"1";"1";"1";"1";"Lieu Dit la Croix Neuve";"48,29338232";" -3,44444633"
"202400021088";"10";"03";"2024";"19:50";"3";"32";"32269";"1";"1";"8";"6";"rd 654- pk 46+885";"43,77606000";"0,84528200"
"202400021089";"28";"06";"2024";"13:30";"1";"93";"93050";"2";"1";"1";"2";"Avenue du General de Gaulle";"48,85790000";"2,53353000"
"202400021090";"16";"11";"2024";"13:00";"1";"72";"72023";"1";"1";"1";"1";"Le Grand Moray";"48,18760600";"0,21297300"
"202400021091";"28";"06";"2024";"07:55";"1";"93";"93049";"2";"1";"1";"3";"Chemin de Meaux";"48,86264000";"2,51192000"
"202400021092";"10";"03";"2024";"17:00";"1";"11";"11206";"2";"1";"1";"3";"Esplanade Francois Mitterrand";"43,05082700";"2,21948000"
"202400021093";"17";"11";"2024";"05:00";"3";"50";"50431";"1";"1";"2";"3";"Route de la Libération";"49,18174500";" -1,23303800"
"202400021094";"28";"06";"2024";"21:00";"1";"93";"93015";"2";"6";"1";"3";"Rue des Grands Champs / Route du Bois de Bernouille";"48,91738000";"2,57292000"
"202400021095";"10";"03";"2024";"15:25";"1";"61";"61402";"1";"1";"4";"5";"D924";"48,71527800";" -0,29047700"
"202400021096";"16";"11";"2024";"18:30";"5";"18";"18197";"2";"9";"1";"3";"93 Avenue du Général de Gaulle";"46,73140800";"2,49432000"
"202400021097";"27";"06";"2024";"21:05";"1";"93";"93046";"2";"1";"1";"2";"Avenue Jean Jacques Rousseau";"48,92695000";"2,54430000"
"202400021098";"11";"03";"2024";"00:45";"3";"42";"42039";"1";"1";"8";"6";"Route des Pistes";"45,69060800";"3,82611800"
"202400021099";"10";"03";"2024";"14:00";"1";"42";"42227";"1";"1";"1";"6";"Route de Sail";"45,70747900";"3,93173200"
"202400021100";"27";"06";"2024";"19:15";"1";"93";"93046";"2";"2";"1";"6";"Avenue Turgot / Allée Ledru - Rollin";"48,91672000";"2,51850000"
"202400021101";"11";"03";"2024";"16:40";"1";"39";"39201";"1";"1";"1";"6";"N/A";"46,66645200";"5,78434100"
"202400021102";"16";"11";"2024";"09:15";"1";"07";"07237";"2";"9";"1";"3";"D120";"44,82993400";"4,67871400"
"202400021103";"11";"03";"2024";"09:00";"1";"29";"29031";"1";"1";"7";"1";"Rue de Lorient";"47,79870443";" -3,57539721"
"202400021104";"16";"11";"2024";"17:45";"5";"53";"53147";"2";"3";"1";"3";"Boulevard Jean Monnet";"48,28746900";" -0,62151100"
"202400021105";"28";"06";"2024";"20:30";"2";"93";"93072";"2";"2";"7";"6";"Boulevard Maxime Gorki / Avenue Gaston Monmousseau";"48,94779000";"2,38648000"
"202400021106";"14";"11";"2024";"16:10";"1";"53";"53137";"1";"6";"1";"3";"La Chapelle du Chene";"48,07082800";" -0,92787800"
"202400021107";"10";"03";"2024";"18:00";"1";"31";"31258";"1";"1";"1";"1";"Chemin Marou";"43,27447659";"1,28962755"
"202400021108";"27";"06";"2024";"22:30";"5";"92";"92046";"2";"1";"1";"3";"Charles de gaulle";"48,82116543";"2,29702002"
"202400021109";"17";"11";"2024";"06:35";"3";"21";"21408";"2";"1";"1";"6";"17 Grande Rue";"47,40489900";"5,01792200"
"202400021110";"11";"03";"2024";"18:00";"2";"50";"50400";"2";"2";"1";"6";"Rue d'Utah-beach";"49,37540900";" -1,40507000"
"202400021111";"26";"06";"2024";"22:30";"5";"92";"92051";"2";"9";"1";"3";"BINEAU (BOULEVARD, N°133 A 217 ET 134 A";"48,88947211";"2,27265463"
"202400021112";"16";"11";"2024";"09:10";"1";"40";"40094";"2";"4";"1";"7";"Route de Mimizan";"44,16415947";" -1,03448524"
"202400021113";"10";"03";"2024";"21:45";"3";"64";"64029";"2";"1";"3";"6";"24 Route de Lanne";"43,11663300";" -0,73482300"
"202400021114";"16";"11";"2024";"11:45";"1";"17";"17197";"2";"6";"1";"2";"intersection D134 - D142";"45,44808900";" -0,43856300"
"202400021115";"10";"03";"2024";"19:40";"3";"18";"18075";"1";"1";"1";"2";"N/A";"47,01249300";"3,05237500"
"202400021116";"28";"06";"2024";"18:45";"1";"92";"92050";"2";"2";"1";"3";"BOUVETS BOULEVARD DES";"48,89687000";"2,22405000"
"202400021117";"17";"11";"2024";"19:53";"3";"30";"30006";"1";"1";"1";"7";"Route de Lunel";"43,68917100";"4,18030900"
"202400021118";"28";"06";"2024";"08:52";"1";"92";"92050";"2";"1";"1";"3";"CLEMENCEAU GEORGES AVENUE N° PAIR";"48,88626103";"2,21180177"
"202400021119";"11";"03";"2024";"08:30";"1";"10";"10198";"1";"1";"5";"7";"D88";"48,16245644";"4,04131067"
"202400021120";"17";"11";"2024";"07:30";"2";"76";"76660";"1";"9";"1";"2";"N1029";"49,44372171";"0,27229714"
"202400021121";"10";"03";"2024";"20:45";"3";"36";"36109";"1";"1";"2";"1";"N/A";"46,57509457";"1,95557043"
"202400021122";"27";"06";"2024";"18:00";"1";"92";"92020";"2";"1";"1";"2";"VERDUN AVENUE DE AUTRES N°";"48,80134155";"2,28466523"
"202400021123";"18";"11";"2024";"08:10";"1";"13";"13091";"2";"3";"7";"1";"506 Avenue de l'Europe";"43,61356400";"5,32046200"
"202400021124";"8";"03";"2024";"12:05";"1";"40";"40284";"2";"1";"1";"7";"Avenue Nationale";"43,66065000";" -1,30460500"
"202400021125";"17";"11";"2024";"02:30";"3";"34";"34333";"1";"1";"1";"6";"RD 116";"43,49723500";"3,79580900"
"202400021126";"17";"02";"2024";"05:10";"3";"85";"85204";"1";"1";"5";"6";"RD948";"46,80430400";" -1,73345800"
"202400021127";"17";"11";"2024";"17:55";"2";"973";"97309";"2";"6";"1";"3";"D2";"4,88761690";" -52,28503847"
"202400021128";"27";"06";"2024";"21:55";"2";"92";"92044";"2";"2";"1";"3";"ARISTIDE BRIAND(RUE)85 +  ET  98+";"48,89591601";"2,29646695"
"202400021129";"8";"03";"2024";"11:50";"1";"85";"85034";"1";"2";"1";"7";"RD 52";"46,61633400";" -1,10175490"
"202400021130";"18";"11";"2024";"08:40";"1";"06";"06152";"1";"1";"1";"3";"1363 Route de Nice";"43,64675100";"7,02194800"
"202400021131";"28";"02";"2024";"17:40";"1";"17";"17116";"1";"1";"1";"7";"RD 148";"45,42226200";" -0,56874100"
"202400021132";"16";"11";"2024";"16:50";"2";"63";"63195";"1";"1";"7";"1";"RD 115 PR 006+000";"45,82078450";"3,43203275"
"202400021133";"28";"06";"2024";"16:40";"1";"92";"92036";"2";"3";"1";"3";"FOSSE BLANC (RUE DU) (1/145)";"48,92971798";"2,30918670"
"202400021134";"10";"03";"2024";"21:30";"3";"23";"23112";"1";"1";"2";"6";"Montmartin";"46,41999800";"1,87721900"
"202400021135";"16";"11";"2024";"17:04";"2";"83";"83133";"1";"1";"1";"6";"A8, pk 151.200 voie nord";"43,53466679";"6,86939900"
"202400021136";"25";"06";"2024";"18:30";"1";"92";"92036";"2";"3";"1";"3";"GABRIEL PERI (AVENUE) (147/177)";"48,92252000";"2,29481000"
"202400021137";"11";"03";"2024";"16:25";"1";"30";"30062";"2";"3";"1";"3";"Avenue du College";"43,78278000";"4,20083800"
"202400021138";"16";"11";"2024";"07:15";"2";"67";"67460";"1";"9";"1";"3";"Autoroute A4 Péage de SCHWINDRATZHEIM";"48,76968600";"7,60216900"
"202400021139";"9";"03";"2024";"19:40";"3";"30";"30120";"2";"1";"3";"7";"Chemin de la Vigière";"44,31262200";"4,12899300"
"202400021140";"27";"06";"2024";"12:28";"1";"92";"92012";"2";"1";"1";"6";"BELLEVUE (RUE DE) 73/FIN - 80/FIN";"48,83408774";"2,23117197"
"202400021141";"15";"11";"2024";"14:30";"1";"987";"98712";"2";"1";"1";"2";"Rte de la Cité Jay";" -17,52508100";" -149,52824300"
"202400021142";"8";"03";"2024";"17:30";"1";"973";"97307";"1";"3";"1";"3";"N4 PK 3";"4,84823000";" -52,31607900"
"202400021143";"28";"06";"2024";"18:30";"1";"92";"92007";"2";"9";"1";"3";"FORTIN (AVENUE JEAN-BAPTISTE)";"48,79786221";"2,30259258"
"202400021144";"16";"11";"2024";"16:40";"1";"78";"78349";"1";"1";"1";"7";"A10";"48,58221000";"2,01595000"
"202400021145";"10";"03";"2024";"20:10";"3";"978";"97801";"2";"1";"1";"7";"R DE GRISELLE";"18,09247100";" -63,03063500"
"202400021146";"16";"11";"2024";"11:00";"1";"987";"98714";"1";"1";"1";"2";"RT 101 - Faanui Condominium";" -16,49098705";" -151,75304890"
"202400021147";"28";"06";"2024";"12:25";"1";"92";"92007";"2";"3";"1";"3";"BLAINS (RUE DES) N° AUTRES NUMEROS";"48,79339503";"2,32067730"
"202400021148";"11";"03";"2024";"07:30";"1";"13";"13037";"1";"9";"1";"3";"Rn 113";"43,54444000";"5,18520600"
"202400021149";"17";"11";"2024";"10:30";"1";"988";"98803";"1";"1";"1";"6";"RT1";" -21,60118800";"165,55223800"
"202400021150";"28";"06";"2024";"21:15";"1";"92";"92004";"2";"1";"1";"2";"AULAGNIER ( QUAI )";"48,91413821";"2,31113416"
"202400021151";"10";"03";"2024";"16:45";"1";"973";"97309";"1";"3";"1";"3";"Route d?Attila Cabassou";"4,89013500";" -52,28766400"
"202400021152";"16";"11";"2024";"01:00";"3";"986";"98613";"2";"1";"1";"1";"FALALEU";" -13,28598200";" -176,18067400"
"202400021153";"27";"06";"2024";"22:00";"2";"92";"92004";"2";"1";"1";"6";"DOCTEUR DERVAUX  ( QUAI DU )";"48,90704000";"2,29166000"
"202400021154";"10";"03";"2024";"22:23";"5";"42";"42279";"2";"6";"8";"3";"Boulevard Jean Jaurès";"45,51635800";"4,26328000"
"202400021155";"29";"06";"2024";"04:37";"2";"54";"54262";"2";"1";"1";"6";"Grande Rue";"48,70754445";"6,43483400"
"202400021156";"15";"11";"2024";"22:40";"3";"986";"98613";"2";"1";"1";"1";"TEPA";" -13,31876100";" -176,18964300"
"202400021157";"28";"06";"2024";"16:15";"1";"31";"31271";"1";"9";"1";"7";"route départementale 1";"43,55924700";"1,66422500"
"202400021158";"11";"03";"2024";"09:50";"1";"17";"17140";"1";"1";"1";"1";"Route Départementale N°734, PR 11+079";"45,92373700";" -1,28082500"
"202400021159";"18";"11";"2024";"07:20";"1";"973";"97305";"1";"3";"1";"1";"Route Nationale 1";"4,93761700";" -52,40930200"
"202400021160";"28";"06";"2024";"21:00";"1";"86";"86289";"1";"1";"1";"6";"D8";"46,22053900";"0,66383600"
"202400021161";"9";"03";"2024";"15:50";"1";"976";"97609";"2";"1";"1";"7";"CCD 4, Kani bé";" -12,97881400";"45,11588800"
"202400021162";"28";"06";"2024";"23:25";"3";"16";"16297";"2";"1";"1";"6";"N/A";"45,63570100";" -0,11589500"
"202400021163";"17";"11";"2024";"18:10";"5";"29";"29233";"2";"3";"1";"3";"Rue du Couédic";"47,87788200";" -3,55276200"
"202400021164";"11";"03";"2024";"14:24";"1";"73";"73182";"1";"4";"1";"6";"A41 pk 98.200";"45,67807906";"5,93075124"
"202400021165";"28";"06";"2024";"23:15";"4";"49";"49127";"2";"1";"1";"6";"15 Avenue d'Angers";"47,66636880";" -0,24292499"
"202400021166";"18";"11";"2024";"17:50";"3";"45";"45155";"1";"1";"2";"1";"D952 PR 6 + 700";"47,67798700";"2,66372700"
"202400021167";"10";"03";"2024";"18:50";"5";"95";"95371";"2";"1";"1";"2";"D184";"49,08332663";"2,50476806"
"202400021168";"14";"11";"2024";"20:20";"3";"45";"45179";"1";"1";"1";"2";"Route de Blois";"47,74786500";"1,66363500"
"202400021169";"10";"03";"2024";"13:20";"1";"971";"97125";"2";"1";"1";"1";"Route Touristique";"16,24540300";" -61,30062100"
"202400021170";"15";"11";"2024";"15:20";"1";"77";"77315";"2";"1";"1";"3";"1 Avenue du Marechal Gallieni";"48,88813100";"2,83000100"
"202400021171";"11";"03";"2024";"08:15";"1";"45";"45155";"2";"1";"1";"6";"17 Rue des Vanneaux";"47,69932500";"2,62115700"
"202400021172";"11";"03";"2024";"16:41";"3";101;101041";"1";"1";"2";"7";"T40";"41,45443500";"9,11092800"
"202400021173";"29";"06";"2024";"13:00";"1";"51";"51298";"1";"1";"1";"7";"D18";"49,04191900";"3,67814500"
"202400021174";"27";"06";"2024";"10:15";"1";"62";"62399";"2";"1";"1";"6";"D339";"50,30536382";"2,60488858"
"202400021175";"17";"11";"2024";"10:40";"1";"95";"95039";"2";"1";"8";"4";"ISLE (CHEMIN DE L')";"49,09652700";"2,15970400"
"202400021176";"16";"02";"2024";"15:40";"1";"06";"06147";"1";"1";"1";"3";"Boulevard Léon Sauvan - lieu-dit ""le pascal""";"43,77937900";"7,27556200"
"202400021177";"29";"06";"2024";"09:25";"1";"51";"51002";"2";"1";"1";"6";"110 Rue Julien Ducos";"49,01091500";"3,86625400"
"202400021178";"16";"11";"2024";"11:20";"1";"78";"78057";"2";"1";"1";"2";"Chaussée de coldstream";"49,03987900";"1,57028300"
"202400021179";"7";"03";"2024";"07:40";"1";"13";"13022";"1";"1";"1";"1";"D559a";"43,22566200";"5,58345800"
"202400021180";"15";"11";"2024";"08:20";"1";100;100042";"1";"1";"7";"1";"Route de San Ornello";"42,57981200";"9,43757800"
"202400021181";"28";"06";"2024";"10:45";"1";"19";"19213";"1";"2";"1";"5";"N/A";"45,38443075";"1,64263849"
"202400021182";"8";"03";"2024";"14:15";"1";"71";"71090";"2";"1";"1";"3";"661 Route du Vieux Moulin";"46,20823400";"4,76471400"
"202400021183";"16";"11";"2024";"13:45";"1";101;101288";"1";"1";"1";"1";"D959";"41,54155800";"9,19627500"
"202400021184";"28";"06";"2024";"23:30";"3";"65";"65342";"1";"1";"1";"7";"52 Route du Milieu";"43,30623484";"0,24881640"
"202400021185";"8";"03";"2024";"13:56";"1";"54";"54123";"2";"3";"7";"1";"D974";"48,63259482";"6,12724095"
"202400021186";"27";"06";"2024";"18:45";"1";"33";"33361";"1";"1";"1";"1";"N/A";"44,77821000";" -0,06021000"
"202400021187";"26";"02";"2024";"16:20";"1";"33";"33433";"1";"1";"2";"6";"N/A";"44,92874400";" -0,42340300"
"202400021188";"28";"06";"2024";"16:45";"1";"32";"32132";"1";"1";"1";"2";"Route d'Auch - RN 21";"43,81638300";"0,65060200"
"202400021189";"16";"11";"2024";"19:20";"3";"34";"34329";"1";"6";"1";"6";"RD 64";"43,25348600";"3,25192600"
"202400021190";"24";"02";"2024";"11:30";"1";"44";"44047";"2";"1";"3";"6";"45 Rue du Premier Mai";"47,21443100";" -1,68221200"
"202400021191";"27";"06";"2024";"16:50";"1";"11";"11258";"1";"1";"7";"6";"Route dépatementale 169";"43,23178300";"2,96266100"
"202400021192";"10";"03";"2024";"18:20";"1";"29";"29087";"2";"7";"1";"6";"Place de l'Eglise";"48,06608400";" -4,25562400"
"202400021193";"14";"11";"2024";"17:30";"2";"06";"06047";"2";"1";"1";"1";"Avenue des Anciens Combattants";"43,84318900";"7,04720800"
"202400021194";"10";"03";"2024";"02:50";"3";"13";"13015";"1";"1";"3";"6";"A51-Sens Aix en Provence vers Marseille";"43,44670637";"5,39571452"
"202400021195";"17";"11";"2024";"15:12";"1";"05";"05117";"1";"1";"1";"6";"RD 994";"44,41248600";"5,55753700"
"202400021196";"9";"03";"2024";"10:20";"1";"13";"13005";"1";"1";"2";"3";"A50-Sens Marseille vers Aubagne";"43,28501117";"5,57110296"
"202400021197";"29";"06";"2024";"11:55";"1";"49";"49224";"1";"1";"3";"1";"D767";"47,34013100";"0,00134600"
"202400021198";"9";"03";"2024";"05:18";"3";"13";"13071";"1";"9";"2";"2";"A7-Sens Marseille vers Lyon";"43,40375432";"5,34350140"
"202400021199";"26";"06";"2024";"14:20";"1";"42";"42038";"1";"1";"1";"6";"Route de Montrond";"45,63924000";"4,21114900"
"202400021200";"17";"11";"2024";"17:55";"5";"05";"05070";"2";"3";"1";"3";"Carrefour des Alpes (Plateforme)";"44,31521600";"5,81877400"
"202400021201";"10";"03";"2024";"20:40";"5";"33";"33249";"1";"9";"2";"6";"N/A";"44,88317600";" -0,51799500"
"202400021202";"16";"11";"2024";"21:30";"3";"05";"05078";"1";"1";"1";"1";"D942";"44,38587100";"5,92174900"
"202400021203";"28";"06";"2024";"15:30";"1";"47";"47058";"1";"2";"1";"3";"Caubeyres";"44,26890500";"0,22066000"
"202400021204";"10";"03";"2024";"16:50";"1";"91";"91689";"1";"1";"1";"5";"AUTOROUTE A6";"48,72702000";"2,31369000"
"202400021205";"4";"09";"2024";"08:20";"1";"13";"13089";"1";"3";"8";"3";"Route Departementale 7n";"43,82008200";"4,97308600"
"202400021206";"29";"06";"2024";"08:30";"1";"86";"86009";"1";"2";"7";"3";"carrefour D3-D9";"46,68561900";"0,68337600"
"202400021207";"10";"03";"2024";"17:45";"1";"95";"95582";"1";"1";"1";"2";"A15";"48,96483389";"2,26089512"
"202400021208";"29";"06";"2024";"00:30";"3";"29";"29218";"1";"1";"1";"2";"Lieu dit Lanviscar";"48,04270699";" -4,46928202"
"202400021209";"15";"11";"2024";"16:18";"1";"70";"70026";"2";"1";"1";"6";"Avenue Charles Couyba";"47,45422500";"5,58920900"
"202400021210";"10";"03";"2024";"07:10";"3";"95";"95582";"1";"1";"1";"5";"A15";"48,96346787";"2,26421667"
"202400021211";"17";"11";"2024";"17:45";"3";"21";"21469";"1";"1";"1";"6";"D960";"47,35748200";"5,14780800"
"202400021212";"10";"03";"2024";"03:31";"3";"93";"93066";"1";"1";"2";"6";"A1";"48,93046874";"2,36537451"
"202400021213";"29";"06";"2024";"10:40";"1";"02";"02159";"1";"1";"1";"3";"N/A";"49,55639800";"3,25985000"
"202400021214";"17";"11";"2024";"09:43";"1";"54";"54063";"1";"1";"2";"6";"D904";"48,86348000";"5,84106800"
"202400021215";"28";"06";"2024";"16:00";"1";"14";"14570";"1";"1";"1";"6";"363 Chemin des Cahottes";"49,06401500";"0,32344900"
"202400021216";"10";"03";"2024";"18:30";"2";"77";"77450";"1";"1";"1";"6";"RN104";"48,71721700";"2,59937500"
"202400021217";"16";"11";"2024";"11:51";"1";"73";"73284";"1";"1";"1";"6";"D117";"45,46169600";"6,51549300"
"202400021218";"29";"06";"2024";"10:55";"1";"05";"05045";"1";"3";"1";"1";"RN 94";"44,53771132";"6,47407204"
"202400021219";"10";"03";"2024";"16:25";"1";"94";"94065";"1";"1";"1";"4";"A86";"48,75467000";"2,34658000"
"202400021220";"18";"11";"2024";"17:00";"1";"42";"42037";"1";"2";"1";"1";"Route de Saint-Paul";"45,66210929";"4,07384304"
"202400021221";"28";"06";"2024";"12:39";"1";"90";"90065";"1";"1";"1";"6";"cd465";"47,79929000";"6,83952600"
"202400021222";"17";"11";"2024";"21:20";"3";"38";"38537";"2";"1";"1";"7";"348 Rue du Danet";"45,64004000";"5,14310400"
"202400021223";"10";"03";"2024";"16:35";"5";"94";"94017";"1";"1";"1";"5";"A4";"48,82736313";"2,50739886"
"202400021224";"28";"06";"2024";"12:10";"1";"18";"18004";"2";"2";"1";"1";"Route de Bourges";"47,22482500";"2,31900600"
"202400021225";"7";"01";"2024";"02:15";"5";"74";"74173";"2";"1";"1";"6";"N/A";"45,86414344";"6,63127586"
"202400021226";"16";"11";"2024";"16:35";"1";"44";"44035";"1";"1";"1";"6";"8 Boulevard de l'Hopitau";"47,27398800";" -1,54816600"
"202400021227";"15";"11";"2024";"16:00";"1";"38";"38545";"2";"3";"1";"7";"Allée du Pré Gambu";"45,04336200";"5,66442300"
"202400021228";"29";"06";"2024";"03:25";"5";"36";"36088";"2";"2";"1";"3";"Rue de l'Avenier";"46,94816800";"1,99421200"
"202400021229";"8";"03";"2024";"23:50";"5";"973";"97302";"2";"9";"1";"3";"ROBERT VIGNON (RUE)";"4,93187914";" -52,32116997"
"202400021230";"28";"06";"2024";"21:16";"2";"07";"07010";"1";"9";"1";"6";"Route de la Roche Péréandre";"45,23134700";"4,67719000"
"202400021231";"5";"03";"2024";"17:45";"1";"75";"75116";"2";"3";"1";"6";"RUE JEAN DE LA FONTAINE";"48,85064200";"2,27115200"
"202400021232";"16";"11";"2024";"07:20";"2";"26";"26084";"2";"1";"5";"7";"Route de Perouiller";"44,99487101";"4,94635820"
"202400021233";"9";"03";"2024";"13:45";"1";"987";"98736";"1";"3";"1";"2";"AUTE HO'E (ROUTE)";" -17,53801000";" -149,53887000"
"202400021234";"17";"11";"2024";"04:30";"3";"81";"81099";"1";"1";"5";"6";"D988";"43,88768700";"1,87136700"
"202400021235";"28";"06";"2024";"22:30";"3";"17";"17365";"1";"3";"1";"2";"Route D730";"45,22764900";" -0,21361100"
"202400021236";"28";"02";"2024";"14:23";"1";"987";"98735";"2";"1";"1";"6";"REMPARTS (RUE BLOC STATION TOTAL PAPEAVA";" -17,53310000";" -149,56754000"
"202400021237";"28";"06";"2024";"07:10";"1";"37";"37167";"1";"1";"1";"6";"D2";"47,56533147";"0,60654022"
"202400021238";"16";"11";"2024";"11:45";"1";"65";"65059";"2";"1";"1";"2";"Boulevard de l'Hypéron";"43,06370500";"0,14612900"
"202400021239";"9";"03";"2024";"21:50";"5";"973";"97302";"2";"1";"1";"2";"MONTABO (ROUTE DE) 1";"4,94485827";" -52,31149793"
"202400021240";"28";"06";"2024";"18:54";"1";"30";"30182";"1";"2";"1";"3";"RD 999 PK 39+700";"43,85558400";"4,17881300"
"202400021241";"17";"11";"2024";"19:10";"3";"33";"33322";"1";"1";"8";"4";"N/A";"44,93771400";" -0,68627000"
"202400021242";"28";"06";"2024";"15:35";"1";"14";"14229";"1";"1";"1";"7";"A13";"49,23523000";" -0,04837500"
"202400021243";"9";"03";"2024";"11:31";"1";"973";"97302";"2";"2";"1";"3";"CABASSOU (ROUTE DE)";"4,91924493";" -52,31759995"