"Num_Acc";"jour";"mois";"an";"hrmn";"lum";"dep";"com";"agg";"int";"atm";"col";"adr";"lat";"long"
"202400021244";"17";"11";"2024";"17:35";"1";"33";"33256";"2";"1";"1";"7";"N/A";"44,97612100";" -0,61368400"
"202400021245";"29";"06";"2024";"02:45";"3";"78";"78569";"1";"1";"1";"2";"A10 - PK 024.800 - direction province";"48,55082233";"1,92193800"
"202400021246";"17";"11";"2024";"16:40";"1";"29";"29091";"1";"3";"7";"3";"Route de Guissény";"48,63924677";" -4,38453621"
"202400021247";"8";"03";"2024";"21:00";"3";"972";"97213";"1";"9";"1";"1";"ROUTE DEPARTEMENTALE 13";"14,63476000";" -61,01965000"
"202400021248";"28";"06";"2024";"17:30";"2";"987";"98748";"1";"1";"1";"1";"Taravao PK 0+800";" -17,75600000";" -148,73600000"
"202400021249";"27";"10";"2024";"02:55";"3";"76";"76743";"2";"3";"1";"7";"802 Route de Bouville";"49,52802900";"0,93092000"
"202400021250";"8";"03";"2024";"19:44";"5";"972";"97209";"2";"1";"1";"2";"BALATA (ROUTE DE)";"14,61959000";" -61,07056000"
"202400021251";"28";"06";"2024";"16:19";"1";"95";"95489";"1";"1";"1";"7";"D123";"49,01396800";"2,32784656"
"202400021252";"9";"03";"2024";"10:00";"1";"971";"97113";"1";"1";"2";"7";"Chemin de la BOUAYE";"16,23526000";" -61,49016000"
"202400021253";"9";"03";"2024";"12:10";"1";"971";"97101";"1";"1";"1";"6";"RN1-  HAUTEUR DE SORTIE LAURICISQUE";"16,25380000";" -61,53692000"
"202400021254";"28";"06";"2024";"19:00";"1";"78";"78478";"1";"1";"1";"2";"N191";"48,47093300";"1,86572300"
"202400021255";"9";"10";"2024";"18:20";"2";"59";"59268";"2";"3";"1";"3";"Rue du Grand Chemin";"50,63754100";"2,73672200"
"202400021256";"9";"03";"2024";"09:10";"1";"971";"97113";"2";"1";"2";"1";"RN4 - SECTION RIVIERA";"16,21876447";" -61,50201738"
"202400021257";"27";"06";"2024";"19:00";"1";"34";"34162";"1";"6";"1";"7";"D613";"43,46507400";"3,50873600"
"202400021258";"17";"11";"2024";"18:36";"2";"13";"13071";"1";"1";"1";"2";"A51-Sens Marseille vers Aix en Provence";"43,41631044";"5,36503646"
"202400021259";"9";"03";"2024";"05:45";"5";"971";"97113";"1";"1";"2";"6";"PONT DE POUCET";"16,21848000";" -61,50590000"
"202400021260";"17";"06";"2024";"20:30";"1";"06";"06075";"2";"1";"1";"1";"3366 Avenue Felix Faure";"43,82270700";"7,26256100"
"202400021261";"15";"11";"2024";"17:16";"2";"13";"13211";"1";"1";"1";"4";"A507 sens Marseille - Aubagne";"43,28800000";"5,42500000"
"202400021262";"8";"03";"2024";"17:30";"1";"971";"97113";"2";"1";"1";"2";"GRAND BAIE ( RN4)";"16,22004000";" -61,51893000"
"202400021263";"28";"06";"2024";"15:45";"1";"52";"52457";"1";"3";"1";"1";"D17";"47,83577300";"5,37514700"
"202400021264";"17";"11";"2024";"12:50";"1";"13";"13212";"1";"1";"1";"2";"A507 sens Marseille - Aubagne";"43,30517000";"5,42551000"
"202400021265";"8";"03";"2024";"08:00";"1";"971";"97101";"1";"3";"1";"3";"POINTE D'OR";"16,29959000";" -61,49122000"
"202400021266";"17";"11";"2024";"06:20";"3";"13";"13106";"1";"1";"1";"2";"A7-Sens Marseille vers Lyon";"43,40232000";"5,34652000"
"202400021267";"29";"06";"2024";"11:24";"1";"68";"68123";"2";"3";"1";"3";"Rue du Maréchal Leclerc";"48,01066118";"7,29996228"
"202400021268";"8";"03";"2024";"08:00";"1";"971";"97101";"1";"9";"1";"2";"PERRIN (SECTEUR)";"16,28918000";" -61,51134000"
"202400021269";"17";"11";"2024";"02:06";"3";"13";"13071";"1";"1";"1";"1";"A51-Sens Marseille vers Aix en Provence";"43,41818129";"5,36599311"
"202400021270";"29";"06";"2024";"12:00";"1";"03";"03235";"2";"1";"1";"6";"route de sanssat";"46,25489781";"3,48577285"
"202400021271";"9";"03";"2024";"08:55";"1";"95";"95197";"2";"1";"1";"6";"ABEL FAUVEAU (RUE) ";"48,96379164";"2,33013153"
"202400021272";"16";"11";"2024";"20:45";"3";"13";"13071";"1";"1";"1";"6";"A55 - Sens Marseille vers Martigues";"43,39362000";"5,28003000"
"202400021273";"28";"06";"2024";"10:17";"1";"56";"56176";"2";"6";"7";"6";"Rue Léonard de Vinci";"47,67180300";" -2,96238200"
"202400021274";"17";"11";"2024";"04:50";"3";"67";"67365";"1";"1";"1";"6";"M35";"48,53739000";"7,71561000"
"202400021275";"19";"02";"2024";"18:40";"2";"91";"91377";"2";"9";"2";"2";"AV DE L EUROPE";"48,72607000";"2,28158000"
"202400021276";"28";"06";"2024";"17:40";"1";"22";"22291";"2";"1";"1";"3";"rue de la forge";"48,42153600";" -3,00274400"
"202400021277";"16";"11";"2024";"23:25";"3";"91";"91659";"1";"1";"1";"2";"AUTOROUTE A6";"48,58485662";"2,45380878"
"202400021278";"9";"03";"2024";"05:50";"5";"86";"86194";"2";"6";"2";"7";"PARIS (AVENUE DE)";"46,61262000";"0,34895000"
"202400021279";"28";"06";"2024";"09:30";"1";"35";"35047";"2";"3";"1";"3";"Boulevard Louis Pasteur";"48,02101700";" -1,73848600"
"202400021280";"17";"11";"2024";"15:30";"1";"92";"92036";"1";"1";"1";"2";"RN315 Y";"48,93378736";"2,30216366"
"202400021281";"10";"03";"2024";"01:20";"5";"84";"84007";"2";"3";"1";"3";"SAINT ROCH (Boulevard)";"43,94258000";"4,80533000"
"202400021282";"17";"11";"2024";"06:15";"5";"77";"77141";"1";"1";"1";"6";"A4";"48,85404137";"2,83845836"
"202400021283";"29";"06";"2024";"00:00";"3";"60";"60695";"1";"1";"1";"6";"D606";"49,21246000";"2,50243700"
"202400021284";"9";"03";"2024";"20:29";"2";"84";"84007";"2";"3";"1";"2";"MALPEIGNE (Chemin de)";"43,95055000";"4,83404000"
"202400021285";"29";"06";"2024";"00:30";"3";"60";"60695";"1";"1";"1";"6";"D606";"49,20814200";"2,49619200"
"202400021286";"16";"11";"2024";"22:50";"5";"94";"94017";"2";"1";"1";"2";"A4";"48,82785752";"2,50428066"
"202400021287";"16";"11";"2024";"21:20";"5";"94";"94028";"1";"1";"1";"6";"A86";"48,78943010";"2,44046879"
"202400021288";"9";"03";"2024";"13:00";"1";"30";"30351";"2";"2";"2";"3";"Boulevard Edmond Ducros";"43,96287000";"4,78546000"
"202400021289";"26";"06";"2024";"19:00";"1";"69";"69029";"2";"1";"1";"2";"Boulevard Périphérique Laurent Bonnevay";"45,74445000";"4,90617000"
"202400021290";"28";"06";"2024";"10:00";"1";"93";"93008";"2";"1";"1";"3";"Avenue Henri Barbusse";"48,90809231";"2,42668033"
"202400021291";"28";"06";"2024";"14:30";"1";"33";"33550";"1";"1";"1";"3";"N/A";"44,78189000";" -0,58330900"
"202400021292";"9";"03";"2024";"09:00";"1";"84";"84007";"2";"2";"1";"3";"PIERRE SEMARD (avenue)";"43,92990000";"4,83822000"
"202400021293";"28";"06";"2024";"18:15";"1";"94";"94034";"1";"1";"1";"2";"A86";"48,75762305";"2,32812012"
"202400021294";"19";"06";"2024";"19:25";"1";"93";"93048";"2";"4";"1";"3";"Rue de Vincennes / Rue Douy Delcupe";"48,85464000";"2,43595000"
"202400021295";"9";"03";"2024";"15:40";"1";"83";"83137";"1";"1";"3";"2";"CD D559";"43,12483000";"5,89651000"
"202400021296";"15";"06";"2024";"11:20";"1";"93";"93048";"2";"1";"1";"6";"Rue Galilée";"48,86005872";"2,44946837"
"202400021297";"28";"06";"2024";"16:10";"1";"91";"91161";"1";"1";"1";"2";"AUTOROUTE A6";"48,71250000";"2,30798000"
"202400021298";"9";"03";"2024";"04:52";"3";"82";"82033";"1";"1";"1";"6";"Route de Montauban";"44,03097000";"1,15126000"
"202400021299";"28";"06";"2024";"10:26";"1";"91";"91589";"1";"1";"1";"6";"AUTOROUTE A6";"48,67738000";"2,33816000"
"202400021300";"5";"06";"2024";"22:00";"5";"93";"93048";"2";"3";"1";"3";"Avenue de la Résistance / Rue de la Beaune";"48,86179626";"2,43694246"
"202400021301";"28";"06";"2024";"09:25";"1";"94";"94021";"1";"1";"1";"3";"A6A";"48,76446314";"2,34264629"
"202400021302";"3";"06";"2024";"15:50";"1";"93";"93048";"2";"2";"1";"5";"GABRIEL PERI (AVENUE)";"48,85743500";"2,44007100"
"202400021303";"28";"06";"2024";"09:00";"1";"93";"93029";"1";"1";"1";"1";"A86";"48,91914140";"2,42853445"
"202400021304";"9";"03";"2024";"17:50";"1";"81";"81033";"2";"9";"1";"3";"JAURES (AV. JEAN)";"44,03114000";"2,13157000"
"202400021305";"28";"06";"2024";"17:20";"1";"93";"93048";"2";"1";"1";"6";"Avenue Jean Moulin";"48,86116589";"2,45321815"
"202400021306";"28";"06";"2024";"09:10";"1";"95";"95395";"1";"1";"1";"3";"N104";"49,06789399";"2,39451044"
"202400021307";"30";"06";"2024";"14:46";"1";"93";"93048";"2";"3";"1";"3";"Rue de Paris / Rue de la Révolution";"48,85685000";"2,42936000"
"202400021308";"28";"06";"2024";"08:10";"1";"95";"95018";"1";"1";"1";"5";"A15";"48,95528809";"2,27796417"
"202400021309";"9";"03";"2024";"14:40";"1";"74";"74118";"2";"1";"1";"5";"LIBERATION (ROUTE DE LA)";"46,17938000";"6,23216000"
"202400021310";"16";"05";"2024";"19:40";"1";"93";"93048";"2";"2";"1";"3";"Rue Saint-Denis / Avenue du President Salvador Allende";"48,87047000";"2,45790000"
"202400021311";"28";"06";"2024";"15:15";"1";"94";"94022";"1";"1";"1";"4";"A86";"48,77613511";"2,41472468"
"202400021312";"14";"05";"2024";"16:30";"1";"93";"93071";"2";"1";"2";"6";"Avenue Salvador Allende";"48,94835555";"2,53024042"
"202400021313";"8";"03";"2024";"16:45";"1";"74";"74305";"2";"1";"1";"2";"THONON (ROUTE DE)";"46,19907000";"6,27148000"
"202400021314";"28";"06";"2024";"12:45";"1";"94";"94028";"1";"1";"1";"2";"A86";"48,79983715";"2,44627859"
"202400021315";"5";"05";"2024";"16:30";"1";"93";"93048";"2";"9";"2";"3";"Avenue de la Résistance";"48,86155510";"2,43697071"
"202400021316";"9";"03";"2024";"13:28";"1";"69";"69256";"2";"1";"1";"2";"Avenue du 8 Mai 1945";"45,78867000";"4,90759000"
"202400021317";"29";"02";"2024";"11:00";"1";"14";"14228";"2";"6";"1";"7";"11 Rue de l'Église";"49,29462800";" -0,37777300"
"202400021318";"4";"05";"2024";"16:00";"1";"93";"93048";"2";"2";"8";"3";"Avenue Gabriel Péri / Rue Francois Debergue";"48,85780000";"2,43842000"
"202400021319";"9";"03";"2024";"20:30";"5";"69";"69264";"2";"1";"1";"1";"533 Rue Jean-Baptiste Martini";"45,98340722";"4,70931740"
"202400021320";"27";"06";"2024";"17:45";"2";"974";"97411";"2";"1";"1";"7";"LECONTE DE LISLE (AVENUE)";" -20,89118000";"55,48040000"
"202400021321";"1";"06";"2024";"10:50";"1";"93";"93048";"2";"1";"2";"6";"Place Jean Jaures";"48,86256007";"2,44260153"
"202400021322";"17";"06";"2024";"16:15";"1";"974";"97411";"2";"1";"8";"6";"ALBIUS (RUE EDMOND)";" -20,90043000";"55,47124000"
"202400021323";"9";"03";"2024";"01:55";"3";"64";"64483";"2";"9";"1";"7";"ITHURRALDE ANDRE (AVENUE)";"43,39923890";" -1,64056510"
"202400021324";"30";"03";"2024";"15:25";"1";"93";"93051";"1";"1";"2";"7";"A4";"48,83606180";"2,55867807"
"202400021325";"27";"06";"2024";"15:00";"1";"974";"97411";"2";"1";"1";"2";"JAURES (BLD 2 JEAN)";" -20,88986000";"55,46146000"
"202400021326";"10";"07";"2024";"12:30";"1";"43";"43158";"1";"3";"1";"7";"Forêt domaniale de Meygal";"45,06298800";"4,12830600"
"202400021327";"8";"06";"2024";"12:00";"2";"43";"43003";"1";"1";"1";"7";"D40";"45,18712220";"3,67211882"
"202400021328";"27";"06";"2024";"08:00";"1";"974";"97407";"2";"3";"1";"3";"ROUTE DU SACRE COEUR";" -20,95867000";"55,31963000"
"202400021329";"9";"03";"2024";"18:40";"1";"64";"64102";"2";"2";"1";"3";"MAUBEC (RUE)";"43,50351000";" -1,46792000"
"202400021330";"13";"08";"2024";"13:45";"1";"43";"43135";"1";"1";"1";"7";"route de coubon";"44,95133156";"3,98511441"
"202400021331";"27";"06";"2024";"17:15";"1";"69";"69387";"2";"1";"1";"6";"Avenue Leclerc";"45,74569920";"4,83204707"
"202400021332";"9";"03";"2024";"16:13";"1";"63";"63113";"2";"5";"2";"3";"avenue Albert et Elisabeth / avenue d'Itale";"45,77916000";"3,09599000"
"202400021333";"11";"08";"2024";"16:20";"1";"43";"43017";"1";"3";"7";"1";"Les Granges";"45,36734848";"3,37290933"
"202400021334";"26";"06";"2024";"18:15";"1";"69";"69383";"2";"1";"1";"3";"Boulevard Marius Vivier-Merle";"45,75200955";"4,85968547"
"202400021335";"27";"06";"2024";"15:10";"1";"69";"69388";"2";"1";"1";"6";"Avenue des Frères Lumière";"45,74347800";"4,87329945"
"202400021336";"11";"08";"2024";"11:15";"1";"43";"43115";"1";"1";"1";"3";"Route des Estables";"44,95866526";"4,07107312"
"202400021337";"8";"03";"2024";"18:00";"1";"59";"59467";"2";"1";"1";"7";"PANTEGNIES (RUE DE)";"50,22710900";"3,85742700"
"202400021338";"27";"06";"2024";"08:45";"1";"69";"69387";"1";"1";"1";"3";"Rue Domer";"45,74685552";"4,84505281"
"202400021339";"3";"08";"2024";"11:26";"1";"43";"43059";"1";"1";"1";"1";"D706";"45,36277542";"3,69654656"
"202400021340";"9";"03";"2024";"09:45";"1";"59";"59386";"1";"3";"1";"7";"Chemin du Gibet";"50,67140000";"3,03577000"
"202400021341";"26";"06";"2024";"13:20";"1";"972";"97209";"2";"1";"1";"7";"PETITION DES OUVRIERS DE PARIS (RUE DE L";"14,61399000";" -61,07261000"
"202400021342";"9";"03";"2024";"15:15";"1";"59";"59155";"2";"1";"1";"3";"ARTS";"51,01831000";"2,38089000"
"202400021343";"7";"11";"2024";"08:15";"1";"56";"56260";"2";"9";"1";"3";"Boulevard de la Paix";"47,66138630";" -2,75748930"
"202400021344";"27";"06";"2024";"17:25";"1";100;100033";"2";"1";"1";"6";"11 - RT";"42,69728000";"9,45088000"
"202400021345";"8";"03";"2024";"17:30";"1";"54";"54357";"2";"6";"1";"3";"avenue des quatre vents";"48,70084000";"6,13607000"
"202400021346";"8";"07";"2024";"11:40";"1";"55";"55008";"1";"3";"1";"1";"D618";"49,26618248";"5,66272662"
"202400021347";"27";"06";"2024";"09:50";"1";"971";"97101";"2";"1";"1";"6";"GRAND CAMP(SECTION)";"16,25327000";" -61,53204000"
"202400021348";"9";"07";"2024";"18:34";"1";"55";"55122";"1";"1";"1";"6";"D964";"48,77626306";"5,56852646"
"202400021349";"9";"03";"2024";"08:30";"1";"54";"54549";"2";"1";"8";"3";"Rue du Colonel Fabien";"48,63453000";"6,31128000"
"202400021350";"16";"11";"2024";"20:25";"3";"974";"97416";"2";"1";"1";"6";"L'ENTRE DEUX(ROUTE DE)";" -21,30598000";"55,42720000"
"202400021351";"27";"06";"2024";"21:54";"2";"95";"95277";"1";"9";"1";"2";"D317";"48,97754209";"2,46402459"
"202400021352";"9";"03";"2024";"17:30";"1";"51";"51454";"2";"1";"1";"2";"Rue de la Petite Vitesse";"49,26293000";"4,02875000"
"202400021353";"16";"11";"2024";"18:10";"1";"974";"97411";"1";"9";"1";"6";"MOSELLE (ALLEE DE LA)";" -20,89223000";"55,48674000"
"202400021354";"8";"03";"2024";"11:25";"1";"51";"51454";"2";"1";"1";"7";"CERNAY (ROUTE DE )";"49,25758000";"4,06599000"
"202400021355";"26";"06";"2024";"20:35";"1";"95";"95277";"2";"2";"1";"3";"CLARET (RUE)";"48,98690000";"2,44025000"
"202400021356";"15";"11";"2024";"17:00";"1";"974";"97407";"1";"9";"1";"3";"SACRE COEUR (RD POINT) -RIV. DES GALETS ";" -20,95875000";"55,31967000"
"202400021357";"9";"03";"2024";"21:45";"5";"49";"49007";"2";"1";"2";"6";"MONPROFIT PLACE";"47,47377000";" -0,56752000"
"202400021358";"27";"06";"2024";"19:05";"1";"95";"95607";"2";"1";"1";"6";"D409";"49,02884000";"2,20671000"
"202400021359";"9";"03";"2024";"11:16";"1";"47";"47031";"1";"1";"2";"6";"SAINT PIERRE DE GAUBERT (RTE DE)";"44,16676000";"0,67406000"
"202400021360";"15";"11";"2024";"21:35";"3";"972";"97213";"1";"4";"1";"3";"LA MAUGEE (CHEMIN)";"14,64344000";" -61,01046000"
"202400021361";"27";"06";"2024";"08:20";"1";"91";"91667";"2";"1";"1";"6";"ROUGES GORGES (RUE)";"48,65719000";"2,33862000"
"202400021362";"9";"03";"2024";"19:55";"5";"46";"46042";"2";"3";"1";"3";"SEMARD (AVE PIERRE)";"44,44771000";"1,43268000"
"202400021363";"16";"11";"2024";"12:00";"1";100;100037";"2";"9";"1";"3";"TOUTES RUES";"42,63272000";"9,43512000"
"202400021364";"26";"06";"2024";"14:15";"1";"91";"91021";"2";"1";"1";"4";"RTE DE LIMOURS";"48,59944000";"2,24142000"
"202400021365";"9";"03";"2024";"22:00";"5";"35";"35238";"2";"1";"2";"2";"CHATEAU (AVENUE FRANCOIS)";"48,11109068";" -1,64828986"
"202400021366";"16";"11";"2024";"18:40";"5";"971";"97101";"1";"2";"1";"6";"BESSON";"16,23668000";" -61,51254000"
"202400021367";"26";"06";"2024";"17:45";"1";"91";"91421";"2";"2";"1";"3";"CORBEIL (ROUTE DE)";"48,71052000";"2,44193000"
"202400021368";"7";"03";"2024";"18:20";"2";"35";"35278";"2";"1";"1";"2";"DE GAULLE (AVENUE GENERAL)";"48,16027000";" -1,68892000"
"202400021369";"27";"06";"2024";"18:45";"1";"91";"91027";"2";"1";"1";"2";"AV FRANCOIS MITTERRAND";"48,71330000";"2,37120000"
"202400021370";"16";"11";"2024";"13:45";"1";101;101004";"2";"3";"1";"2";"#147 avenue maréchal juin#";"41,93699000";"8,75082000"
"202400021371";"5";"03";"2024";"16:39";"1";"33";"33063";"2";"6";"8";"6";"N/A";"44,87532667";" -0,55357844"
"202400021372";"27";"06";"2024";"18:00";"1";"91";"91027";"2";"1";"1";"3";"AV FRANCOIS MITTERRAND";"48,71605000";"2,37110000"
"202400021373";"27";"06";"2024";"17:25";"1";"91";"91340";"2";"9";"1";"6";"D 446";"48,61000000";"2,44000000"
"202400021374";"15";"11";"2024";"16:08";"1";101;101004";"1";"1";"1";"4";"T20";"41,93503000";"8,80202000"
"202400021375";"9";"03";"2024";"10:00";"1";"31";"31483";"2";"3";"1";"3";"FRANCOIS MITTERAND ( AVENUE)";"43,11272000";"0,75065000"
"202400021376";"27";"06";"2024";"07:04";"1";"86";"86194";"1";"1";"7";"2";"Avenue John Kennedy";"46,58255000";"0,36748000"