"Num_Acc";"jour";"mois";"an";"hrmn";"lum";"dep";"com";"agg";"int";"atm";"col";"adr";"lat";"long"
"202400021377";"15";"11";"2024";"17:07";"2";101;101004";"2";"1";"1";"2";"#Boulevard Louis Campi#";"41,94456000";"8,75646000"
"202400021378";"9";"03";"2024";"19:38";"5";"13";"13215";"2";"1";"3";"1";"MIMET (CHEMIN DE)";"43,38323000";"5,35851000"
"202400021379";"13";"11";"2024";"19:00";"5";"95";"95197";"2";"3";"1";"3";"COMMANDANT MANOUKIAN (AVENUE DU)";"48,97523673";"2,33667716"
"202400021380";"9";"03";"2024";"07:45";"1";"13";"13210";"2";"1";"1";"1";"CAPELETTE (AVENUE DE LA)";"43,27988000";"5,41624000"
"202400021381";"8";"03";"2024";"16:45";"1";"13";"13208";"2";"1";"2";"3";"LOUIS BONNEFON (PLACE)";"43,25435000";"5,38210000"
"202400021382";"16";"11";"2024";"05:20";"3";"83";"83126";"2";"9";"1";"1";"LA SEYNE A OLLIOULES (CHEMIN DE)";"43,11482461";"5,85669445"
"202400021383";"8";"03";"2024";"11:50";"1";"13";"13028";"2";"6";"3";"1";"Rond Point DULAC/ROVARCH";"43,19220448";"5,60941050"
"202400021384";"16";"11";"2024";"04:40";"5";"83";"83129";"1";"1";"1";"1";"SAINT PIERRE (QUAI)";"43,07553279";"5,80184316"
"202400021385";"9";"03";"2024";"16:05";"1";"13";"13001";"1";"1";"3";"2";"R.N 7";"43,59065000";"5,36205000"
"202400021386";"17";"11";"2024";"00:01";"4";"82";"82121";"1";"1";"1";"1";"avenue de gasseras";"44,01780000";"1,32065000"
"202400021387";"9";"03";"2024";"06:50";"2";"13";"13001";"2";"9";"1";"1";"ENFANT (RTE DE L')";"43,49247000";"5,38588000"
"202400021388";"16";"11";"2024";"19:30";"5";"80";"80021";"2";"1";"1";"3";"QUATORZE JUILLET 1789 (AVENUE DU)";"49,87771000";"2,28257000"
"202400021389";"8";"03";"2024";"17:05";"1";"11";"11069";"2";"1";"1";"2";"125 Avenue Pierre Charles Lespinasse";"43,21493000";"2,33961000"
"202400021390";"9";"03";"2024";"12:00";"1";"75";"75120";"2";"1";"1";"3";"RUE DES PYRENEES";"48,86273900";"2,39995400"
"202400021391";"16";"11";"2024";"12:00";"1";"78";"78551";"2";"1";"1";"6";"ROOSEVELT (DU PRESIDENT)";"48,89947000";"2,07499000"
"202400021392";"9";"03";"2024";"02:00";"5";"75";"75119";"2";"7";"1";"3";"PLACE AUGUSTE BARON";"48,90045000";"2,38687400"
"202400021393";"16";"11";"2024";"15:45";"1";"77";"77258";"2";"1";"1";"3";"PETITES ECURIES ( COURS DES )";"48,83661000";"2,64037000"
"202400021394";"16";"11";"2024";"19:25";"5";"77";"77284";"2";"1";"1";"1";"BRIAND (RUE ARISTIDE)";"48,95729000";"2,89427000"
"202400021395";"8";"03";"2024";"15:56";"1";"75";"75119";"2";"3";"1";"3";"AVENUE JEAN JAURES";"48,88612200";"2,38308400"
"202400021396";"16";"11";"2024";"23:50";"5";"76";"76540";"2";"4";"1";"2";"Rue Nansen";"49,44737000";"1,06060000"
"202400021397";"9";"03";"2024";"06:00";"5";"75";"75108";"2";"2";"1";"6";"VOIE GEORGES POMPIDOU";"48,86494800";"2,31802600"
"202400021398";"16";"11";"2024";"18:15";"5";"76";"76540";"2";"3";"1";"3";"Route de Neufchâtel";"49,45200000";"1,09800000"
"202400021399";"9";"03";"2024";"08:27";"1";"75";"75107";"2";"2";"1";"6";"RUE SAINT DOMINIQUE";"48,85815000";"2,32278300"
"202400021400";"16";"11";"2024";"19:20";"5";"73";"73029";"2";"2";"1";"1";"D1006 / TILLEULS (RUE DES)";"45,57050200";"5,94892900"
"202400021401";"8";"03";"2024";"18:30";"2";"75";"75107";"2";"3";"1";"7";"AVENUE DE LA BOURDONNAIS";"48,85922645";"2,29769826"
"202400021402";"16";"11";"2024";"17:00";"1";"64";"64545";"2";"1";"1";"2";"RD810";"43,37002000";" -1,68282000"
"202400021403";"16";"11";"2024";"08:50";"1";"64";"64445";"2";"2";"1";"1";"CATHERINE DE BOURBON";"43,32466000";" -0,35760000"
"202400021404";"9";"03";"2024";"12:30";"1";"94";"94081";"2";"5";"1";"6";"Rue Gabriel Péri / Avenue Jean Jaurès";"48,79410300";"2,40078300"
"202400021405";"15";"11";"2024";"15:20";"1";"64";"64445";"2";"1";"1";"6";"ALFRED DE MUSSET";"43,29645000";" -0,36169000"
"202400021406";"9";"03";"2024";"20:35";"5";"94";"94076";"2";"1";"2";"5";"67 Rue Youri Gagarïne";"48,78430730";"2,35882634"
"202400021407";"15";"11";"2024";"18:10";"5";"64";"64445";"2";"1";"1";"2";"JEAN MERMOZ";"43,31287000";" -0,37746000"
"202400021408";"9";"03";"2024";"16:30";"1";"94";"94076";"2";"1";"2";"6";"76 Avenue de Stalingrad";"48,78482971";"2,36693573"
"202400021409";"16";"11";"2024";"20:38";"5";"64";"64024";"2";"1";"1";"2";"BIARRITZ (AVENUE DE)";"43,48017000";" -1,52186000"
"202400021410";"9";"03";"2024";"10:45";"1";"94";"94073";"2";"2";"1";"3";"rue simone veil / Avenue de Versailles";"48,75827000";"2,39293000"
"202400021411";"16";"11";"2024";"18:50";"5";"63";"63113";"2";"3";"1";"3";"Av République (rue d'Effiat";"45,78620000";"3,10340000"
"202400021412";"9";"03";"2024";"12:00";"1";"93";"93055";"2";"3";"1";"6";"Rue de la Liberté / Rue Hoche";"48,89268000";"2,40222000"
"202400021413";"16";"11";"2024";"15:30";"1";"62";"62624";"2";"1";"1";"3";"rue émile zola";"50,41892000";"2,98290000"
"202400021414";"15";"11";"2024";"04:05";"3";"60";"60057";"2";"1";"1";"6";"Avenue Président J.F. Kennedy";"49,41190000";"2,10666000"
"202400021415";"9";"03";"2024";"10:00";"1";"93";"93032";"2";"2";"1";"3";"Boulevard Saint Dizier / Allée Eugénie";"48,88650700";"2,53801900"
"202400021416";"15";"11";"2024";"16:30";"2";"59";"59508";"2";"1";"1";"6";"LILLE (RUE DE)MENIN A 8 MAI 1945";"50,74857400";"3,11899900"
"202400021417";"9";"03";"2024";"13:00";"1";"93";"93057";"2";"3";"1";"2";"Avenue Aristide Briand / Allée de Prétoria";"48,91005500";"2,50841200"
"202400021418";"16";"11";"2024";"16:00";"1";"56";"56260";"1";"1";"1";"7";"Le Chapeau Rouge";"47,67338000";" -2,71357000"
"202400021419";"8";"03";"2024";"13:25";"1";"92";"92063";"2";"1";"1";"7";"FOUILLEUSE (AVENUE DE)";"48,86253690";"2,19419646"
"202400021420";"16";"11";"2024";"11:20";"1";"56";"56121";"2";"1";"1";"6";"Rue Lazare Carnot";"47,74096100";" -3,36424000"
"202400021421";"9";"03";"2024";"13:29";"1";"92";"92050";"2";"1";"2";"3";"HEBERT CELESTIN RUE";"48,89657574";"2,22381163"
"202400021422";"9";"03";"2024";"05:00";"5";"92";"92036";"2";"1";"1";"6";"LOUIS SEGUIN (BD)";"48,93618050";"2,25163928"
"202400021423";"16";"11";"2024";"05:30";"3";"51";"51242";"1";"1";"1";"1";"RD 933 (RTE DE MONTMIRAIL)";"48,95054200";"4,29881100"
"202400021424";"16";"11";"2024";"09:02";"1";"49";"49267";"2";"2";"1";"7";"Route d'ANGERS";"47,46847000";" -0,50633000"
"202400021425";"10";"03";"2024";"08:15";"1";"41";"41204";"1";"1";"5";"1";"D951";"47,62626100";"1,40461900"
"202400021426";"10";"03";"2024";"06:40";"2";"33";"33072";"1";"1";"2";"6";"N/A";"44,52349800";" -0,13589100"
"202400021427";"10";"03";"2024";"09:20";"2";"10";"10412";"1";"1";"3";"7";"D610";"48,31409800";"4,12667500"
"202400021428";"16";"11";"2024";"15:50";"1";"45";"45234";"2";"1";"1";"2";"39 Avenue Dauphine";"47,89166000";"1,90464000"
"202400021429";"9";"03";"2024";"15:05";"1";"22";"22364";"1";"1";"1";"7";"RN 176- PR 18+200- SENS SAINT-BRIEUC SAINT-MALO";"48,44045600";" -2,12852100"
"202400021430";"8";"03";"2024";"16:40";"1";"59";"59653";"2";"1";"1";"7";"Rue du Marais de la Ville";"50,56225300";"2,92838100"
"202400021431";"15";"11";"2024";"23:04";"5";"45";"45234";"2";"2";"1";"3";"Avenue des Droits de l'Homme";"47,92379000";"1,93761000"
"202400021432";"30";"10";"2024";"22:30";"3";"44";"44184";"1";"1";"1";"6";"123 Route du Marais d'Ust";"47,31561745";" -2,26997767"
"202400021433";"10";"03";"2024";"05:15";"3";"44";"44089";"1";"1";"8";"6";"N/A";"47,34371200";" -1,84731800"
"202400021434";"9";"03";"2024";"14:15";"1";"62";"62306";"1";"1";"1";"7";"D917";"50,15531380";"2,82772900"
"202400021435";"15";"11";"2024";"17:45";"2";"42";"42218";"2";"1";"1";"6";"Avenue de Verdun";"45,46618703";"4,37727954"
"202400021436";"9";"03";"2024";"22:00";"3";"30";"30302";"1";"1";"3";"7";"99 Route de Saint-Paul les Fonts";"44,07466000";"4,63248000"
"202400021437";"9";"03";"2024";"16:40";"1";"51";"51380";"2";"1";"2";"6";"Rue des Fosses";"48,87403900";"3,54381800"
"202400021438";"15";"11";"2024";"17:30";"2";"35";"35278";"1";"1";"1";"4";"PORTE DE MAUREPAS";"48,14155000";" -1,66866000"
"202400021439";"8";"03";"2024";"16:45";"1";"76";"76577";"2";"6";"1";"6";"D100";"49,79430433";"1,13509781"
"202400021440";"10";"03";"2024";"02:20";"3";"76";"76273";"1";"1";"9";"7";"Route du Val de la Chaux";"49,47656000";"1,17796200"
"202400021441";"9";"03";"2024";"10:11";"1";"32";"32032";"2";"1";"8";"6";"chemin de ronde";"43,58005700";"0,24372700"
"202400021442";"16";"11";"2024";"21:35";"5";"34";"34172";"2";"2";"1";"1";"JUSTICE DE CASTELNAU (AVENUE DE LA)";"43,62603000";"3,88240000"
"202400021443";"10";"03";"2024";"05:50";"3";"71";"71353";"1";"1";"3";"6";"Route de Plottes";"46,53755113";"4,89194079"
"202400021444";"10";"03";"2024";"05:24";"3";"89";"89380";"1";"1";"2";"7";"D103";"48,09589600";"3,08027000"
"202400021445";"16";"11";"2024";"19:50";"5";"34";"34172";"2";"1";"1";"2";"PALAVAS D986 (ROUTE DE)";"43,58743000";"3,89342000"
"202400021446";"9";"03";"2024";"17:00";"1";"63";"63276";"1";"1";"6";"1";"Chez Vernieres";"45,83044876";"3,48325890"
"202400021447";"16";"11";"2024";"22:00";"5";"34";"34172";"2";"4";"1";"3";"ASSAS (AVENUE D')";"43,61316500";"3,86677100"
"202400021448";"10";"03";"2024";"13:10";"1";"61";"61287";"1";"1";"1";"2";"D962";"48,81394300";" -0,56629400"
"202400021449";"15";"11";"2024";"15:25";"1";"34";"34172";"2";"1";"1";"6";"RECH (RUE HIPPOLYTE)";"43,61895000";"3,86379000"
"202400021450";"10";"03";"2024";"09:40";"1";"03";"03236";"1";"1";"8";"6";"RD 67";"46,19228700";"3,42180100"
"202400021451";"16";"11";"2024";"14:57";"1";"33";"33013";"2";"1";"1";"2";"N/A";"44,84300000";" -0,50149000"
"202400021452";"10";"03";"2024";"15:50";"1";"66";"66015";"1";"6";"1";"3";"N/A";"42,55417100";"2,85906300"
"202400021453";"16";"11";"2024";"03:10";"5";"33";"33063";"2";"1";"1";"6";"N/A";"44,84392800";" -0,57039600"
"202400021454";"9";"03";"2024";"16:15";"1";"54";"54022";"1";"1";"1";"1";"D952";"49,00828100";"6,03767000"
"202400021455";"10";"03";"2024";"15:40";"1";"36";"36102";"1";"2";"1";"3";"N/A";"47,08424950";"1,89888261"
"202400021456";"8";"03";"2024";"07:15";"2";"16";"16145";"1";"1";"1";"2";"PK 90 RN 141";"45,69801970";" -0,12589170"
"202400021457";"10";"03";"2024";"06:50";"3";"07";"07265";"1";"1";"2";"6";"Route du Ternay";"45,29882200";"4,64494200"
"202400021458";"9";"03";"2024";"21:30";"3";"04";"04116";"1";"1";"3";"1";"Route Départemenetale 4";"44,02108100";"5,96029200"
"202400021459";"10";"03";"2024";"11:45";"1";"27";"27578";"1";"2";"1";"3";"D51";"48,80135200";"0,99599000"
"202400021460";"9";"03";"2024";"02:20";"3";"17";"17327";"2";"1";"1";"7";"Rue du Marais Poitevin";"46,09812200";" -0,58916900"
"202400021461";"21";"12";"2024";"10:45";"1";"85";"85191";"1";"1";"1";"1";"RD37";"46,69354000";" -1,42491000"
"202400021462";"21";"12";"2024";"13:15";"1";"83";"83069";"2";"1";"1";"2";"OLBIA  (VOIE)";"43,11328000";"6,12440000"
"202400021463";"22";"12";"2024";"01:25";"5";"81";"81065";"2";"1";"1";"2";"BRUNIQUEL (RD 4 - AV MARTHE)";"43,62264000";"2,27061000"
"202400021464";"20";"12";"2024";"16:55";"1";"81";"81004";"1";"9";"8";"6";"CASTRES";"43,91044000";"2,14060000"
"202400021465";"21";"12";"2024";"14:45";"1";"77";"77447";"2";"9";"1";"3";"CROIX FONTAINE (DES)";"48,56242000";"2,54875000"
"202400021466";"17";"12";"2024";"18:40";"3";"77";"77243";"2";"9";"1";"4";"D934";"48,87515000";"2,72004000"
"202400021467";"21";"12";"2024";"17:30";"2";"69";"69282";"2";"1";"8";"6";"Avenue Lucien Buisson";"45,76438000";"4,99980000"
"202400021468";"21";"12";"2024";"20:18";"5";"69";"69290";"2";"1";"2";"6";"Rue de la Cordière";"45,69262000";"4,95544000"
"202400021469";"21";"12";"2024";"16:15";"1";"68";"68066";"1";"2";"1";"3";"RD3";"48,14033000";"7,45961000"
"202400021470";"20";"12";"2024";"15:25";"1";"68";"68066";"2";"1";"1";"6";"CHAMP DE MARS (BLD DU)";"48,07610000";"7,35488000"
"202400021471";"21";"12";"2024";"22:30";"3";"66";"66136";"2";"3";"1";"3";"DALBIEZ (AVENUE VICTOR)";"42,69180000";"2,88689000"
"202400021472";"21";"12";"2024";"17:30";"5";"66";"66136";"2";"1";"1";"3";"MERCADER (BOULEVARD FELIX)";"42,69256000";"2,89190000"
"202400021473";"21";"12";"2024";"03:30";"3";"63";"63300";"1";"1";"2";"6";"RD 2009";"45,89554633";"3,14080238"
"202400021474";"21";"12";"2024";"20:00";"5";"63";"63300";"2";"2";"2";"3";"Av Libération (D6) / rue du Général Chapsal";"45,88694000";"3,11441000"
"202400021475";"21";"12";"2024";"20:05";"3";"63";"63113";"2";"9";"2";"6";"RABANESSE (RUE DE)";"45,76658000";"3,08656000"
"202400021476";"21";"12";"2024";"18:00";"5";"63";"63113";"2";"9";"1";"3";"HERMITAGE (RUE DE L')";"45,76461000";"3,12715000"
"202400021477";"20";"12";"2024";"16:25";"1";"62";"62193";"2";"2";"2";"3";"Boulevard Victor Hugo";"50,94155000";"1,87499000"
"202400021478";"16";"12";"2024";"08:15";"3";"61";"61006";"2";"6";"2";"2";"D924";"48,73229000";" -0,03571700"
"202400021479";"21";"12";"2024";"06:00";"5";"59";"59155";"2";"1";"8";"1";"FURNES - ROUTE";"51,03301400";"2,39872100"
"202400021480";"15";"12";"2024";"15:40";"1";"57";"57227";"2";"1";"2";"5";"CD31E";"49,18974000";"6,88251000"
"202400021481";"22";"12";"2024";"23:55";"5";"54";"54578";"2";"2";"2";"3";"Boulevard des Aiguillettes";"48,67442000";"6,15094000"
"202400021482";"21";"12";"2024";"20:35";"3";"54";"54547";"2";"3";"2";"6";"Rue Gabriel Péri";"48,66530000";"6,17498000"
"202400021483";"21";"12";"2024";"02:40";"3";"51";"51058";"2";"1";"2";"6";"ESSIOS (RUE DES)";"49,21635000";"3,99118000"
"202400021484";"22";"12";"2024";"00:50";"5";"49";"49007";"2";"1";"2";"6";"FAURE QUAI";"47,47005000";" -0,56255000"
"202400021485";"21";"12";"2024";"13:15";"1";"45";"45004";"1";"3";"1";"3";"D943 PR 6 + 627";"47,96222000";"2,78760000"
"202400021486";"22";"12";"2024";"03:05";"5";"35";"35238";"2";"1";"2";"2";"LIBERTE (BD DE LA)";"48,10825027";" -1,68322831"
"202400021487";"21";"12";"2024";"14:55";"1";"35";"35051";"1";"6";"1";"3";"LONGCHAMPS (PORTE DES)";"48,14111000";" -1,62833000"
"202400021488";"21";"12";"2024";"12:15";"1";"35";"35238";"1";"1";"1";"5";"RN136";"48,10509000";" -1,71679000"
"202400021489";"20";"12";"2024";"17:30";"2";"33";"33063";"2";"3";"2";"1";"N/A";"44,84962935";" -0,57523191"
"202400021490";"21";"12";"2024";"04:40";"5";"31";"31555";"2";"1";"1";"2";"RTE D ALBI";"43,63224631";"1,46287277"
"202400021491";"20";"12";"2024";"21:50";"5";"31";"31555";"2";"1";"1";"3";"RN124";"43,60933220";"1,35556161"
"202400021492";"20";"12";"2024";"21:55";"5";"29";"29232";"2";"3";"2";"6";"Rue de Concarneau";"47,99380000";" -4,09160000"
"202400021493";"20";"12";"2024";"08:15";"3";"29";"29232";"2";"1";"1";"6";"MORBIHAN AVENUE DU";"47,97859167";" -4,05556116"
"202400021494";"21";"12";"2024";"21:45";"5";"28";"28404";"2";"6";"2";"6";"GARNAY (ROND POINT DE)";"48,71978000";"1,34847000"
"202400021495";"21";"12";"2024";"12:39";"1";"27";"27229";"2";"1";"2";"6";"ORLEANS (RUE D')";"49,00199000";"1,15326000"
"202400021496";"20";"12";"2024";"22:15";"5";"25";"25056";"2";"1";"8";"6";"DROZ   AVENUE EDOUARD";"47,24246000";"6,02950000"
"202400021497";"21";"12";"2024";"11:11";"1";"22";"22360";"2";"2";"2";"3";"GUILLOUX (AVENUE LOUIS)";"48,48795000";" -2,73150000"
"202400021498";"21";"12";"2024";"08:00";"5";"15";"15014";"2";"1";"2";"6";"Avenue de la République";"44,92392000";"2,43732000"
"202400021499";"22";"12";"2024";"01:19";"5";"13";"13205";"2";"2";"1";"3";"BAILLE (BOULEVARD)";"43,28732000";"5,38908000"
"202400021500";"21";"12";"2024";"06:00";"3";"13";"13063";"1";"6";"1";"7";"RN 1569 LA TRANSHUMANCE";"43,58821000";"4,98917000"
"202400021501";"21";"12";"2024";"06:15";"5";"13";"13001";"2";"9";"1";"3";"MOURET HENRI (AV)";"43,52035000";"5,43532000"
"202400021502";"21";"12";"2024";"13:35";"1";"11";"11069";"2";"1";"2";"6";"N/A";"43,21035900";"2,35308200"
"202400021503";"21";"12";"2024";"10:25";"1";"10";"10333";"2";"6";"8";"3";"Rue Charles Baltet";"48,28210000";"4,05980000"
"202400021504";"21";"12";"2024";"06:00";"3";"08";"08480";"1";"1";"5";"5";"N/A";"49,73833395";"4,77090839"
"202400021505";"21";"12";"2024";"22:50";"3";"07";"07102";"1";"1";"1";"7";"Chemin des MULETS";"44,93440000";"4,85832000"
"202400021506";"20";"12";"2024";"18:45";"5";"06";"06088";"1";"1";"1";"4";"Bretelle Entrée Cimiez - Mathis (Chaussée sud)";"43,70834000";"7,27034000"
"202400021507";"20";"12";"2024";"14:25";"1";"05";"05023";"1";"1";"1";"6";"GAP (ROUTE DE   RN94)";"44,87503000";"6,61678000"
"202400021508";"21";"12";"2024";"16:00";"1";"03";"03185";"2";"9";"1";"6";"PALME ( RUE OLOF )";"46,34880000";"2,60141000"
"202400021509";"21";"12";"2024";"01:55";"5";"75";"75116";"2";"1";"1";"5";"BD PERIPHERIQUE INTERIEUR";"48,86350000";"2,26592200"
"202400021510";"20";"12";"2024";"03:46";"5";"75";"75115";"2";"2";"1";"3";"RUE DE SEVRES";"48,84528700";"2,31176700"
"202400021511";"21";"12";"2024";"08:25";"2";"75";"75119";"2";"1";"8";"6";"RUE PETIT";"48,88619900";"2,39087500"
"202400021512";"21";"12";"2024";"06:25";"5";"75";"75117";"2";"2";"1";"3";"RUE DES MOINES";"48,88776200";"2,31836800"
"202400021513";"21";"12";"2024";"02:30";"5";"75";"75116";"2";"1";"2";"3";"ALLEE DE LONGCHAMP";"48,87013300";"2,25802700"
"202400021514";"21";"12";"2024";"21:20";"5";"75";"75113";"2";"2";"2";"6";"PORTE D IVRY";"48,81972900";"2,37286500"
"202400021515";"21";"12";"2024";"02:55";"5";"75";"75110";"2";"7";"2";"3";"BOULEVARD DE STRASBOURG";"48,87619100";"2,36785500"
"202400021516";"21";"12";"2024";"20:30";"5";"75";"75103";"2";"3";"1";"3";"RUE DES ARCHIVES";"48,86331100";"2,36062900"
"202400021517";"21";"12";"2024";"00:30";"5";"75";"75103";"2";"1";"2";"7";"RUE SAINT MARTIN";"48,86570500";"2,36367300"
"202400021518";"19";"12";"2024";"00:15";"5";"75";"75104";"2";"1";"2";"6";"QUAI DES CELESTINS";"48,85240700";"2,36053200"
"202400021519";"21";"12";"2024";"19:20";"5";"94";"94078";"2";"2";"2";"3";"Rue Alexandre Dumas";"48,74004400";"2,44972900"
"202400021520";"21";"12";"2024";"06:40";"5";"94";"94041";"2";"1";"2";"6";"Boulevard de Stalingrad";"48,80390000";"2,37755000"
"202400021521";"21";"12";"2024";"02:30";"5";"94";"94079";"2";"1";"2";"1";"Route de Bry";"48,82967000";"2,53905000"
"202400021522";"21";"12";"2024";"06:05";"5";"93";"93072";"2";"2";"1";"7";"MARCEL CACHIN (AVENUE) DES N°1 AU 17";"48,95585000";"2,38294000"
"202400021523";"21";"12";"2024";"06:00";"5";"93";"93077";"2";"2";"8";"3";"RAINCY (AVENUE DU)";"48,88747820";"2,50955057"
"202400021524";"21";"12";"2024";"15:40";"1";"93";"93048";"2";"1";"2";"3";"PARIS (RUE DE)";"48,85686394";"2,42956924"
"202400021525";"21";"12";"2024";"12:30";"1";"93";"93074";"1";"1";"1";"2";"Route Nationale 3";"48,93459000";"2,57978000"
"202400021526";"21";"12";"2024";"13:40";"1";"93";"93046";"2";"1";"2";"6";"FIRMIN DIDOT AVENUE";"48,91150000";"2,52190000"
"202400021527";"21";"12";"2024";"07:20";"2";"93";"93031";"2";"1";"8";"6";"SAINT LEU (ROUTE)";"48,94668000";"2,34556000"
"202400021528";"21";"12";"2024";"20:15";"5";"93";"93014";"2";"6";"2";"3";"Allée de la République / Allée de l'Indépendance";"48,90246778";"2,54189750"
"202400021529";"21";"12";"2024";"05:00";"5";"93";"93008";"2";"1";"8";"1";"VAILLANT COUTURIER (AVENUE PAUL)";"48,90560063";"2,46718168"
"202400021530";"20";"12";"2024";"17:05";"5";"92";"92020";"2";"2";"2";"1";"PIERRELAIS RUE DES";"48,79835000";"2,28751000"
"202400021531";"20";"12";"2024";"18:10";"5";"92";"92071";"2";"1";"2";"6";"COLBERT (BOULEVARD)";"48,77485780";"2,29265571"
"202400021532";"21";"12";"2024";"01:30";"5";"92";"92012";"2";"1";"2";"6";"POINT DU JOUR (QUAI DU)";"48,83367707";"2,26080313"
"202400021533";"20";"12";"2024";"14:00";"1";"60";"60669";"1";"1";"1";"1";"D29";"49,32277600";"2,49071000"
"202400021534";"20";"12";"2024";"15:55";"1";"35";"35128";"1";"3";"1";"2";"Rue de Rennes";"48,29029600";" -1,72252500"
"202400021535";"16";"04";"2024";"09:24";"1";"94";"94018";"2";"1";"8";"3";"Rue de Paris";"48,82718367";"2,40487754"
"202400021536";"21";"12";"2024";"08:00";"3";"35";"35356";"1";"1";"1";"6";"RD137";"48,24757600";" -1,76428700"
"202400021537";"16";"04";"2024";"11:00";"1";"94";"94071";"2";"3";"2";"2";"Rue du Général Leclerc / Rue Buffon";"48,77647000";"2,51125000"
"202400021538";"19";"12";"2024";"16:45";"3";"67";"67061";"1";"2";"3";"1";"D517";"48,83612200";"7,48557300"
"202400021539";"20";"12";"2024";"19:52";"3";"28";"28161";"1";"1";"2";"6";"Autoroute A11";"48,24052700";"1,08819900"
"202400021540";"16";"04";"2024";"16:40";"1";"93";"93070";"2";"3";"8";"3";"Avenue Michelet / Rue Eugène Berthoud";"48,90655800";"2,34420400"
"202400021541";"22";"12";"2024";"10:30";"1";"972";"97220";"1";"1";"1";"6";"N8";"14,48523800";" -60,90266200"
"202400021542";"19";"12";"2024";"21:45";"3";"14";"14061";"1";"1";"1";"6";"Route du Pont de la Vallée (La Ferrière-Harang)";"48,96940400";" -0,87051600"
"202400021543";"16";"04";"2024";"12:35";"1";"93";"93070";"2";"2";"2";"3";"Rue Blanqui / Rue Étienne Dolet";"48,90595100";"2,33821000"
"202400021544";"16";"04";"2024";"12:25";"1";"93";"93066";"2";"1";"3";"6";"Boulevard Félix Faure";"48,93862100";"2,35741100"
"202400021545";"22";"12";"2024";"04:45";"3";"62";"62397";"1";"1";"6";"6";"D221";"50,85864843";"1,89428632"
"202400021546";"16";"04";"2024";"08:20";"1";"93";"93027";"2";"3";"2";"6";"Rue Danielle Casanova / Rue Pierre Curie";"48,91918000";"2,38706000"
"202400021547";"21";"12";"2024";"08:00";"2";"38";"38239";"1";"1";"1";"2";"D1092";"45,33322500";"5,55774100"
"202400021548";"21";"12";"2024";"14:00";"1";"83";"83049";"1";"6";"1";"2";"Departemental 14";"43,23616800";"6,10307700"
"202400021549";"16";"04";"2024";"17:30";"1";"93";"93062";"2";"6";"1";"3";"Avenue Thiers / Rond - Point Thiers";"48,89924000";"2,51767000"
"202400021550";"22";"12";"2024";"07:20";"3";"72";"72287";"2";"1";"2";"6";"Route du Plessis";"47,88012100";"0,20197100"
"202400021551";"16";"04";"2024";"16:45";"1";"93";"93005";"2";"1";"1";"1";"Rue Jules Princet";"48,93745400";"2,49914400"
"202400021552";"22";"12";"2024";"11:45";"1";"50";"50393";"1";"1";"8";"6";"Le Mesnil Coq";"48,92129400";" -1,20878600"
"202400021553";"16";"04";"2024";"08:30";"1";"92";"92062";"1";"1";"1";"6";"JAURES (RUE JEAN) DU 114 AU 2";"48,88374099";"2,24416584"
"202400021554";"21";"12";"2024";"15:20";"1";"51";"51111";"1";"1";"2";"2";"D224";"49,18571333";"3,82387902"
"202400021555";"15";"04";"2024";"19:08";"1";"92";"92020";"2";"1";"1";"6";"VANVES BOULEVARD N° IMPAIRS";"48,80903000";"2,28345000"
"202400021556";"22";"12";"2024";"04:40";"3";"56";"56094";"1";"1";"2";"6";"Poulvernic";"47,78877100";" -3,25443100"
"202400021557";"16";"04";"2024";"10:00";"1";"92";"92044";"2";"1";"2";"3";"CHARLES PASQUA (QUAI) 58 A90";"48,90168199";"2,28575385"
"202400021558";"22";"12";"2024";"17:20";"3";"67";"67543";"1";"1";"2";"2";"D392";"48,50229800";"7,25343600"
"202400021559";"16";"04";"2024";"12:51";"1";"92";"92040";"2";"1";"1";"6";"VERDUN (AVENUE DE) DU 83 AU 113 BIS";"48,81956000";"2,25602000"
"202400021560";"21";"12";"2024";"17:09";"3";"67";"67144";"1";"1";"2";"7";"D57";"48,41880900";"7,19017600"
"202400021561";"16";"04";"2024";"08:55";"1";"92";"92040";"2";"1";"1";"3";"VICTOR HUGO";"48,82663684";"2,27530932"
"202400021562";"21";"12";"2024";"16:50";"1";"79";"79172";"1";"1";"1";"1";"N/A";"46,55294300";" -0,30899000"
"202400021563";"22";"12";"2024";"00:05";"5";"32";"32160";"1";"6";"2";"7";"Rond-point Le Choulon";"43,60286300";"1,04707000"
"202400021564";"14";"04";"2024";"15:30";"1";"92";"92036";"2";"9";"1";"1";"LOUIS ROCHE (AVENUE) (1/45)";"48,92703236";"2,31432045"
"202400021565";"21";"12";"2024";"20:40";"3";"63";"63418";"1";"1";"2";"7";"les boules";"45,76074417";"3,48328738"
"202400021566";"16";"04";"2024";"14:21";"1";"92";"92023";"2";"1";"2";"2";"GENERAL DE GAULLE (AV DU) N°440 A 544 ET";"48,77979000";"2,23759000"
"202400021567";"20";"12";"2024";"17:05";"3";"61";"61330";"1";"1";"2";"6";"D926";"48,70454200";"0,37688200"
"202400021568";"16";"04";"2024";"18:53";"1";"92";"92019";"2";"1";"1";"1";"MALRAUX ANDRE (RUE)";"48,76795803";"2,28617513"
"202400021569";"16";"04";"2024";"13:30";"1";"92";"92012";"2";"1";"1";"3";"YVES KERMEN (RUE) 51/FIN - 40/FIN";"48,82862015";"2,23829699"
"202400021570";"22";"12";"2024";"12:50";"1";"39";"39017";"2";"2";"8";"3";"14 Rue Honore Chapuis";"46,76038100";"5,53078300"
"202400021571";"16";"04";"2024";"07:55";"2";"92";"92004";"2";"1";"2";"3";"ARGENTEUIL N° 176 A 388";"48,91920671";"2,28056163"
"202400021572";"12";"12";"2024";"15:15";"1";"44";"44050";"2";"6";"7";"3";"Rond Point du Calvaire";"47,41241100";" -2,16729500"
"202400021573";"15";"04";"2024";"23:35";"5";"92";"92009";"2";"9";"1";"5";"EUROPE (AVENUE)";"48,90661166";"2,26005131"
"202400021574";"21";"12";"2024";"05:05";"3";"31";"31546";"1";"1";"1";"6";"D622";"43,36740200";"1,67321100"
"202400021575";"16";"04";"2024";"20:40";"5";"92";"92014";"2";"1";"1";"3";"BIEVRE (RUE DE LA)";"48,78177000";"2,31751000"
"202400021576";"21";"12";"2024";"19:30";"3";"02";"02503";"1";"1";"2";"1";"D1029";"49,85882000";"3,53928700"
"202400021577";"12";"04";"2024";"17:15";"1";"01";"01244";"1";"1";"1";"4";"D1084";"45,90196300";"5,19909700"
"202400021578";"22";"12";"2024";"14:16";"1";"15";"15073";"1";"1";"2";"6";"Chemin non goudronné";"44,91108400";"3,12333700"
"202400021579";"16";"04";"2024";"18:05";"2";"974";"97422";"2";"3";"1";"2";"Rue Georges Pompidou";" -21,26598000";"55,52423200"
"202400021580";"22";"12";"2024";"10:15";"1";"26";"26143";"1";"1";"2";"6";"route de la vallée";"45,26543300";"5,07298000"
"202400021581";"21";"12";"2024";"20:10";"3";"26";"26006";"1";"1";"1";"7";"Route de livron";"44,76590000";"4,89589800"
"202400021582";"17";"04";"2024";"11:30";"1";"972";"97201";"2";"1";"2";"1";"N3";"14,83084400";" -61,10396700"
"202400021583";"22";"12";"2024";"00:15";"3";"58";"58281";"2";"2";"2";"6";"Route de Champcelée D1";"47,33306000";"3,09167500"
"202400021584";"15";"04";"2024";"16:14";"1";"54";"54151";"1";"1";"2";"6";"D18";"49,47361798";"5,73561430"
"202400021585";"21";"12";"2024";"14:25";"1";"06";"06074";"1";"1";"1";"6";"Route du Val de Lantousca";"43,95240900";"7,29538300"
"202400021586";"21";"12";"2024";"16:35";"1";"07";"07337";"1";"6";"1";"7";"Route de Davezieux";"45,24454300";"4,71023800"
"202400021587";"14";"04";"2024";"19:55";"1";"51";"51326";"1";"1";"1";"7";"PK 12+700 - RD 21";"49,11776187";"4,35949145"
"202400021588";"20";"12";"2024";"17:30";"3";"07";"07172";"1";"1";"1";"7";"Route de Bayard";"45,27671000";"4,73472100"
"202400021589";"21";"12";"2024";"10:30";"1";"40";"40287";"1";"2";"3";"3";"1771 Rue de l'Arieste";"44,47429800";" -1,05254700"
"202400021590";"17";"04";"2024";"17:50";"1";"83";"83049";"1";"1";"6";"5";"D43";"43,25663500";"6,06321400"
"202400021591";"21";"12";"2024";"16:40";"1";"40";"40021";"1";"1";"8";"1";"765 Route de Soustons";"43,78601500";" -1,29784200"
"202400021592";"16";"04";"2024";"15:15";"1";"50";"50592";"2";"3";"2";"6";"66 Rue Saint Pierre et Miquelon";"48,97243800";" -1,05929100"
"202400021593";"22";"12";"2024";"08:00";"3";"85";"85295";"1";"1";"3";"6";"D753";"46,98620000";" -1,20132000"
"202400021594";"17";"04";"2024";"05:30";"3";"79";"79013";"2";"1";"1";"7";"N/A";"46,97946900";" -0,46965500"
"202400021595";"21";"12";"2024";"16:30";"1";"973";"97307";"1";"1";"1";"5";"N4";"4,86482100";" -52,31136900"
"202400021596";"17";"04";"2024";"07:00";"2";"65";"65316";"1";"1";"2";"1";"D929";"43,20472200";"0,46232700"
"202400021597";"21";"12";"2024";"16:00";"1";"44";"44028";"1";"1";"8";"6";"N/A";"47,35689400";" -1,33024700"
"202400021598";"16";"04";"2024";"23:15";"3";"11";"11255";"1";"1";"1";"6";"N/A";"43,16383900";"2,91004700"
"202400021599";"16";"04";"2024";"22:25";"5";"89";"89025";"2";"1";"2";"1";"70 Route des Châtelaines";"47,47697300";"3,90234000"
"202400021600";"21";"12";"2024";"22:23";"3";"34";"34240";"1";"1";"1";"4";"A709";"43,65162600";"3,98865900"
"202400021601";"17";"04";"2024";"09:45";"1";"01";"01034";"1";"1";"2";"1";"Rd 992";"45,70877700";"5,67639600"
"202400021602";"16";"04";"2024";"16:06";"1";"86";"86082";"1";"1";"1";"7";"D2";"46,31435500";"0,21886500"
"202400021603";"21";"12";"2024";"22:23";"3";"34";"34022";"1";"1";"1";"5";"A709 PK 004+100";"43,65178900";"3,98889500"
"202400021604";"17";"04";"2024";"14:10";"1";"35";"35009";"1";"2";"1";"3";"D795";"48,50499200";" -1,73992800"
"202400021605";"20";"12";"2024";"20:30";"3";"988";"98828";"1";"1";"8";"6";"Sarraméa";" -21,66559000";"165,80865000"
"202400021606";"17";"04";"2024";"13:55";"1";"38";"38130";"1";"2";"1";"3";"D519";"45,34660300";"5,24664800"
"202400021607";"17";"04";"2024";"16:30";"1";"38";"38517";"2";"1";"2";"6";"30 Avenue de la Gare";"45,29922400";"5,48541500"
"202400021608";"19";"12";"2024";"04:55";"3";"77";"77100";"1";"1";"2";"5";"D605";"48,49067200";"2,81692000"
"202400021609";"22";"12";"2024";"14:20";"1";"78";"78398";"2";"1";"2";"7";"Rue du Moulin";"48,75720700";"1,82988600"
"202400021610";"17";"04";"2024";"14:15";"1";"58";"58112";"1";"1";"2";"1";"Lieu Dit le Pont d?Isy";"46,97633800";"3,35329200"
"202400021611";"17";"04";"2024";"16:48";"1";"50";"50569";"1";"2";"1";"3";"N/A";"49,05121600";" -1,32595500"
"202400021612";"21";"12";"2024";"11:45";"1";"26";"26124";"1";"1";"1";"2";"A7 - PK 082.500";"44,82613996";"4,86023539"
"202400021613";"17";"04";"2024";"10:30";"1";"50";"50215";"2";"1";"1";"6";"Rue des Frères Lacolley";"49,09684000";" -1,58376400"
"202400021614";"22";"12";"2024";"18:00";"3";"73";"73054";"1";"1";"4";"1";"D119 - Le chenal";"45,60076800";"6,80478600"
"202400021615";"13";"04";"2024";"13:20";"1";"09";"09265";"1";"1";"1";"2";"N20";"43,08756300";"1,63490200"
"202400021616";"17";"04";"2024";"18:50";"1";"60";"60025";"2";"1";"1";"7";"Rue de Tracy";"49,41504900";"3,03668000"
"202400021617";"16";"04";"2024";"18:40";"1";"60";"60220";"1";"3";"2";"3";"D109";"49,42064700";"1,86233300"
"202400021618";"26";"03";"2024";"16:30";"1";"27";"27302";"2";"9";"3";"3";"Route de Montfort";"49,22789200";"0,83998100"
"202400021619";"21";"12";"2024";"15:35";"1";"73";"73150";"1";"1";"1";"5";"N90";"45,57993172";"6,73637762"
"202400021620";"22";"12";"2024";"01:10";"3";"01";"01418";"2";"1";"1";"6";"219 Route de Beynost";"45,82150600";"5,01721700"
"202400021621";"22";"12";"2024";"15:05";"1";"01";"01185";"1";"1";"4";"6";"D21";"45,96874000";"5,58034300"
"202400021622";"16";"04";"2024";"15:42";"1";"87";"87017";"1";"1";"1";"1";"route nationale 145";"46,13834100";"1,09780700"
"202400021623";"21";"12";"2024";"17:56";"5";"69";"69040";"2";"1";"1";"6";"10 Avenue Général de Gaulle";"45,80239600";"4,78454600"
"202400021624";"14";"04";"2024";"15:06";"1";"30";"30109";"1";"1";"1";"7";"D981";"44,06649200";"4,23771400"
"202400021625";"20";"12";"2024";"12:00";"1";"81";"81215";"1";"4";"1";"6";"route départementale 14";"43,78519000";"1,86605700"
"202400021626";"17";"04";"2024";"09:00";"1";"67";"67084";"1";"1";"2";"7";"A35";"48,31046900";"7,47712400"
"202400021627";"21";"12";"2024";"02:20";"4";"49";"49194";"2";"1";"2";"7";"zone artisanale du pre barreau";"47,45747500";" -0,28399200"
"202400021628";"12";"04";"2024";"14:30";"1";"06";"06085";"2";"3";"1";"1";"Avenue Notre-Dame de Vie";"43,59824200";"7,00250900"
"202400021629";"17";"04";"2024";"17:30";"1";"68";"68297";"1";"1";"2";"2";"A35 PK122.600";"47,61500200";"7,51772800"
"202400021630";"25";"11";"2024";"09:20";"1";"14";"14258";"2";"2";"1";"6";"6 Rue du Capitaine Greffet";"48,89540300";" -0,19870900"
"202400021631";"22";"12";"2024";"04:15";"3";"14";"14066";"2";"1";"3";"6";"51 Rue du Maréchal Foch";"49,33221541";" -0,40911098"