"Num_Acc";"jour";"mois";"an";"hrmn";"lum";"dep";"com";"agg";"int";"atm";"col";"adr";"lat";"long"
"202400021632";"13";"04";"2024";"21:00";"3";"51";"51058";"1";"1";"1";"3";"Autoroute A4 137+300";"49,21485000";"3,99044000"
"202400021633";"21";"12";"2024";"12:13";"1";"29";"29058";"2";"1";"1";"2";"Route de Quimper";"47,90080952";" -4,02269610"
"202400021634";"14";"04";"2024";"04:18";"3";"51";"51657";"1";"1";"1";"6";"Autoroute A4 - PK 130+200";"49,24442616";"3,92620342"
"202400021635";"21";"12";"2024";"22:04";"3";"76";"76099";"1";"1";"2";"6";"Route du Manoir";"49,54794200";"0,85416500"
"202400021636";"15";"04";"2024";"15:15";"1";"971";"97111";"1";"1";"1";"1";"D18, Allée du coeur";"16,32175100";" -61,77548500"
"202400021637";"11";"04";"2024";"12:40";"1";"33";"33234";"1";"2";"1";"3";"N/A";"44,78440300";" -0,50660100"
"202400021638";"20";"12";"2024";"16:30";"1";"13";"13213";"1";"1";"1";"2";"A507 sens Marseille - Aubagne";"43,32738851";"5,41904855"
"202400021639";"12";"04";"2024";"08:03";"1";"77";"77173";"2";"1";"1";"7";"Rue du Pont Vérard";"49,03574500";"2,92921600"
"202400021640";"16";"04";"2024";"09:24";"4";"13";"13100";"2";"1";"1";"6";"Avenue Jean Moulin";"43,78822100";"4,84100600"
"202400021641";"20";"12";"2024";"04:20";"3";"83";"83090";"1";"1";"6";"2";"A50";"43,12565000";"5,87652000"
"202400021642";"2";"04";"2024";"08:04";"1";"67";"67300";"2";"1";"1";"3";"Avenue de la Gare";"48,53905300";"7,49575500"
"202400021643";"7";"12";"2024";"12:00";"1";"01";"01238";"1";"1";"3";"3";"A46N   7.065 A 9.020";"45,90225400";"4,81235500"
"202400021644";"16";"04";"2024";"22:00";"3";"33";"33182";"1";"1";"1";"6";"N/A";"45,07370200";" -0,63218600"
"202400021645";"17";"12";"2024";"09:30";"1";"67";"67043";"1";"1";"1";"4";"M35";"48,61736200";"7,72639100"
"202400021646";"16";"04";"2024";"16:30";"1";"49";"49194";"1";"2";"1";"3";"lieu dit joncheron";"47,44440121";" -0,28693736"
"202400021647";"17";"04";"2024";"14:50";"1";"80";"80383";"1";"1";"1";"3";"D34";"49,72112200";"2,76319000"
"202400021648";"21";"12";"2024";"15:30";"1";"77";"77251";"1";"1";"2";"2";"AUTOROUTE A5A";"48,62251414";"2,54435624"
"202400021649";"17";"04";"2024";"00:10";"3";"59";"59035";"2";"2";"1";"3";"Route de Sains";"50,11292800";"3,94549200"
"202400021650";"16";"04";"2024";"19:19";"1";"59";"59586";"2";"1";"2";"6";"1 Rue de Lille";"50,52572200";"3,16431500"
"202400021651";"21";"12";"2024";"08:00";"3";"91";"91521";"1";"1";"1";"7";"RN 449";"48,63450000";"2,40590000"
"202400021652";"14";"04";"2024";"01:30";"3";"13";"13211";"1";"1";"1";"7";"A50-Sens Marseille vers Aubagne";"43,28807985";"5,44165529"
"202400021653";"20";"12";"2024";"21:35";"3";"94";"94003";"1";"1";"2";"2";"A6B";"48,79896363";"2,34374287"
"202400021654";"16";"04";"2024";"21:05";"3";"13";"13026";"1";"1";"1";"2";"A55-Sens Marseille vers Martigues";"43,37402000";"5,18083000"
"202400021655";"21";"12";"2024";"15:50";"2";"78";"78297";"1";"1";"2";"6";"RN12";"48,78919400";"2,06909900"
"202400021656";"16";"04";"2024";"07:40";"1";"13";"13005";"1";"1";"1";"2";"A52-Sens Toulon vers Pont de l'Etoile";"43,32400000";"5,59800000"
"202400021657";"21";"12";"2024";"14:30";"1";"78";"78297";"1";"1";"2";"4";"RN12";"48,79190300";"2,05536900"
"202400021658";"15";"04";"2024";"08:45";"1";"83";"83137";"1";"1";"1";"4";"A57";"43,12436614";"5,96459381"
"202400021659";"21";"12";"2024";"06:00";"5";"78";"78238";"1";"1";"1";"2";"A13";"48,97064400";"1,88605900"
"202400021660";"21";"12";"2024";"05:00";"3";"92";"92036";"1";"1";"2";"6";"AUTOROUTE A15";"48,94815749";"2,28119607"
"202400021661";"16";"04";"2024";"09:36";"1";"33";"33039";"1";"1";"1";"2";"N/A";"44,79632000";" -0,53862000"
"202400021662";"16";"04";"2024";"07:09";"2";"33";"33096";"1";"1";"1";"3";"N/A";"44,89332000";" -0,49972000"
"202400021663";"20";"12";"2024";"06:30";"5";"93";"93066";"1";"1";"1";"5";"AUTOROUTE A1";"48,90751824";"2,35850551"
"202400021664";"15";"04";"2024";"17:10";"1";"33";"33550";"1";"1";"1";"4";"N/A";"44,77459000";" -0,55662000"
"202400021665";"20";"12";"2024";"05:38";"3";"95";"95277";"1";"1";"1";"3";"A3";"48,96893169";"2,47975723"
"202400021666";"12";"04";"2024";"18:00";"1";"62";"62628";"1";"1";"1";"2";" A21";"50,43253869";"2,85844849"
"202400021667";"15";"03";"2024";"22:15";"3";"94";"94071";"2";"3";"2";"2";"Rue du Général Leclerc / Boulevard Louis Boon";"48,77788100";"2,51167600"
"202400021668";"8";"04";"2024";"21:35";"3";"62";"62907";"1";"1";"3";"6";"A1";"50,49573152";"2,99954491"
"202400021669";"16";"04";"2024";"16:59";"1";"91";"91377";"1";"1";"1";"2";"AUTOROUTE A10";"48,72766000";"2,30386000"
"202400021670";"16";"04";"2024";"08:30";"1";"94";"94034";"1";"1";"1";"2";"A86";"48,75619818";"2,33320381"
"202400021671";"19";"12";"2024";"21:35";"5";"987";"98735";"2";"2";"1";"1";"CLEMENCEAU (RUE)";" -17,53514000";" -149,55554000"
"202400021672";"15";"04";"2024";"23:51";"3";"91";"91553";"1";"1";"2";"2";"RN 104";"48,63133000";"2,49056000"
"202400021673";"6";"12";"2024";"15:40";"1";"974";"97407";"2";"1";"1";"2";"EMMAEUS D'EXPORT - RIV. DES GALETS";" -20,95908000";"55,31606000"
"202400021674";"16";"04";"2024";"18:30";"1";"92";"92050";"1";"1";"2";"2";"A86";"48,90439707";"2,20786035"
"202400021675";"20";"12";"2024";"19:40";"4";"973";"97302";"2";"1";"1";"3";"FELIX EBOUE(ROCADE)";"4,93089000";" -52,31322000"
"202400021676";"16";"04";"2024";"09:20";"1";"78";"78158";"1";"1";"2";"2";"A13";"48,83488800";"2,13187900"
"202400021677";"20";"12";"2024";"08:15";"1";"973";"97302";"2";"3";"2";"3";"MADELEINE (ROUTE DE LA)";"4,91675000";" -52,32149000"
"202400021678";"15";"04";"2024";"17:35";"1";"92";"92050";"1";"9";"2";"3";"A86";"48,90887046";"2,21442681"
"202400021679";"27";"01";"2024";"13:40";"1";"13";"13203";"2";"1";"1";"7";"GIBBES (TRAVERSE)";"43,31803877";"5,37817115"
"202400021680";"9";"12";"2024";"14:52";"1";"69";"69387";"2";"1";"8";"6";"27 Rue des Girondins";"45,73921498";"4,82895331"
"202400021681";"15";"04";"2024";"08:30";"1";"92";"92023";"1";"1";"1";"3";"RN385";"48,77671730";"2,23193664"
"202400021682";"27";"01";"2024";"10:15";"1";"13";"13208";"2";"1";"1";"1";"JOSEPH VIDAL (PLACE)";"43,24363221";"5,37037985"
"202400021683";"20";"12";"2024";"07:50";"2";"69";"69387";"2";"8";"1";"1";"Rue Challemel Lacour";"45,72940000";"4,84510000"
"202400021684";"16";"04";"2024";"19:40";"1";"93";"93066";"1";"1";"8";"3";"A1";"48,91936344";"2,35754643"
"202400021685";"20";"12";"2024";"02:20";"5";"972";"97209";"1";"1";"2";"6";"ROCADE (RUE DE LA)";"14,61205000";" -61,07766000"
"202400021686";"27";"01";"2024";"20:20";"5";"13";"13005";"2";"1";"1";"3";"RN 8";"43,28537000";"5,55401000"
"202400021687";"15";"04";"2024";"17:50";"1";"93";"93007";"1";"1";"2";"4";"A3";"48,93333787";"2,48068994"
"202400021688";"20";"12";"2024";"08:15";"1";"69";"69202";"2";"3";"8";"3";"103 Rue Commandant Charcot";"45,74647286";"4,78835091"
"202400021689";"27";"01";"2024";"05:55";"3";"12";"12145";"1";"1";"5";"1";"CAVALERIE (COTE DE LA )";"44,08902200";"3,10150500"
"202400021690";"20";"12";"2024";"01:22";"4";"971";"97101";"1";"1";"1";"7";"ROUTE DE BOULIQUI";"16,25812000";" -61,45354000"
"202400021691";"15";"04";"2024";"15:30";"1";"93";"93066";"1";"1";"1";"2";"A1";"48,91030991";"2,35797606"
"202400021692";"6";"09";"2024";"17:30";"1";"93";"93010";"2";"2";"1";"1";"GUESDES (RUE JULES)";"48,90324283";"2,48009205"
"202400021693";"27";"01";"2024";"18:32";"2";"01";"01031";"1";"1";"8";"7";"RD 984 D";"46,23343000";"5,63227000"
"202400021694";"19";"12";"2024";"19:15";"5";"971";"97113";"1";"1";"1";"3";"BAS DU FORT";"16,21946000";" -61,51692000"
"202400021695";"15";"04";"2024";"11:50";"1";"92";"92036";"1";"1";"1";"2";"AUTOROUTE A15";"48,94355783";"2,28738079"
"202400021696";"23";"01";"2024";"13:40";"1";"75";"75116";"2";"3";"2";"7";"AVENUE MARCEAU";"48,87232100";"2,29635800"
"202400021697";"20";"12";"2024";"23:30";"5";101;101004";"2";"1";"1";"7";"21 Résidence les Coteaux de Timizzolo";"41,92992200";"8,78102800"
"202400021698";"6";"09";"2024";"23:10";"5";"93";"93005";"2";"1";"1";"3";"JEAN CHARCOT [CD115] (RUE)";"48,93391847";"2,49096394"
"202400021699";"16";"04";"2024";"12:05";"1";"94";"94028";"1";"1";"2";"3";"A86";"48,79162094";"2,44097743"
"202400021700";"27";"01";"2024";"19:40";"5";"75";"75113";"2";"1";"1";"6";"RUE DE DOMREMY";"48,83001300";"2,37237200"
"202400021701";"20";"12";"2024";"21:30";"5";"95";"95268";"2";"6";"2";"3";"D84";"48,96125000";"2,40184000"
"202400021702";"6";"09";"2024";"08:45";"1";"92";"92049";"2";"1";"1";"3";"JAURES AVENUE JEAN N°53 A FIN";"48,81151597";"2,30324543"
"202400021703";"26";"01";"2024";"16:55";"1";"75";"75111";"2";"3";"1";"2";"BOULEVARD VOLTAIRE";"48,86101300";"2,37482700"
"202400021704";"16";"04";"2024";"10:20";"1";"75";"75112";"1";"1";"2";"3";"A4";"48,81772509";"2,45560527"
"202400021705";"19";"12";"2024";"16:34";"1";"87";"87085";"2";"1";"2";"2";"BAUDIN ( AVENUE) (VC)";"45,81690000";"1,25153000"
"202400021706";"15";"04";"2024";"18:30";"1";"94";"94065";"1";"1";"1";"3";"N186";"48,75450603";"2,34891348"
"202400021707";"27";"01";"2024";"06:10";"5";"75";"75108";"2";"3";"1";"1";"AVENUE DE MARIGNY";"48,86780700";"2,31389900"
"202400021708";"6";"09";"2024";"08:50";"1";"92";"92020";"2";"3";"1";"1";"VEDRINES RUE JULES";"48,80994038";"2,28255665"
"202400021709";"16";"12";"2024";"20:10";"3";"84";"84007";"2";"1";"1";"3";"MADAME DE SÉVIGNÉ (RUE)";"43,92955000";"4,82900000"
"202400021710";"15";"02";"2024";"09:40";"1";"74";"74012";"2";"1";"1";"6";"FLORISSANT (AVENUE)";"46,19739000";"6,23965000"
"202400021711";"27";"01";"2024";"22:10";"4";"75";"75107";"2";"3";"1";"7";"QUAI BRANLY";"48,85745800";"2,29115400"
"202400021712";"6";"09";"2024";"16:30";"1";"92";"92036";"2";"1";"1";"6";"13 Rue Auguste Renoir";"48,93015900";"2,28654500"
"202400021713";"3";"02";"2024";"13:40";"1";"74";"74010";"2";"1";"1";"1";"MARQUISATS (AVENUE DES)";"45,88900000";"6,14400000"
"202400021714";"20";"12";"2024";"21:35";"3";"84";"84007";"2";"6";"1";"3";"FONCOUVERTE (AVENUE DE)";"43,93997000";"4,83686000"
"202400021715";"27";"01";"2024";"15:40";"1";"75";"75104";"2";"2";"1";"7";"RUE DU RENARD";"48,85836000";"2,35192600"
"202400021716";"15";"02";"2024";"12:20";"1";"59";"59646";"2";"1";"1";"6";"Place de la République";"50,66960000";"3,12964000"
"202400021717";"6";"09";"2024";"12:20";"1";"92";"92026";"2";"2";"7";"2";"PRÉSIDENT PAUL DOUMER (QUAI DU)";"48,89013494";"2,25625969"
"202400021718";"20";"12";"2024";"16:30";"1";"83";"83137";"2";"3";"6";"6";"FONTAN (AVE DU DOCTEUR)";"43,13122000";"5,91945000"
"202400021719";"26";"01";"2024";"13:17";"1";"75";"75104";"2";"3";"1";"5";"BOULEVARD BOURDON";"48,85165300";"2,36766000"
"202400021720";"6";"09";"2024";"20:15";"2";"92";"92025";"2";"1";"1";"6";"VALMY (BD DE)";"48,93089304";"2,25519730"
"202400021721";"15";"02";"2024";"18:40";"5";"59";"59574";"2";"2";"1";"3";"DRAGUIGNAN(RUE DE)";"50,37140000";"3,26502000"
"202400021722";"20";"12";"2024";"07:30";"5";"83";"83137";"2";"1";"6";"6";"PICOT (AVE DU COLONEL)";"43,12716000";"5,96213000"
"202400021723";"25";"01";"2024";"08:40";"2";"75";"75101";"2";"1";"1";"3";"AVENUE GENERAL LEMONNIER";"48,86213500";"2,33100300"
"202400021724";"5";"09";"2024";"20:50";"3";"92";"92025";"2";"1";"1";"6";"SOLFERINO (RUE   AV)";"48,93131390";"2,26472729"
"202400021725";"15";"02";"2024";"17:07";"1";"27";"27229";"2";"6";"1";"6";"FAUVILLE (RUE DE)";"49,02843000";"1,18494000"
"202400021726";"26";"01";"2024";"23:00";"5";"94";"94068";"2";"1";"1";"6";"Rue Garibaldi";"48,79963000";"2,47785000"
"202400021727";"19";"12";"2024";"15:45";"1";"80";"80021";"1";"1";"1";"2";"Rue de Saveuse";"49,90260000";"2,24127000"
"202400021728";"6";"09";"2024";"10:45";"1";"92";"92014";"2";"9";"1";"6";"MARECHAL JOFFRE (BD DU) (1 A 41 - 2 A 56";"48,78274000";"2,31477000"
"202400021729";"15";"04";"2024";"10:15";"1";"976";"97611";"2";"1";"1";"3";"kaweni-Kaweni nord ( Z I )";" -12,76682000";"45,22478000"
"202400021730";"7";"09";"2024";"02:30";"3";"28";"28012";"1";"1";"2";"6";"RD 126";"48,11352000";"1,11590600"
"202400021731";"27";"01";"2024";"11:20";"1";"94";"94046";"2";"2";"1";"3";"Avenue de la République / Rue Michelet";"48,81005000";"2,45560000"
"202400021732";"20";"12";"2024";"13:10";"1";"78";"78517";"1";"9";"8";"3";"D 151";"48,65912000";"1,83474000"
"202400021733";"11";"04";"2024";"16:45";"1";"976";"97611";"2";"1";"1";"1";"mgombani-Mahabou (rue de )";"45,23507000";"12,78223000"
"202400021734";"20";"12";"2024";"07:35";"3";"77";"77121";"1";"1";"1";"6";"D471";"48,82324000";"2,68419000"
"202400021735";"27";"01";"2024";"06:10";"5";"94";"94017";"2";"1";"1";"2";"Rue Georges Dimitrov";"48,81302800";"2,50992900"
"202400021736";"7";"09";"2024";"12:17";"1";"14";"14712";"1";"1";"1";"3";"Route de Rouen ";"49,17928400";" -0,19799800"
"202400021737";"15";"04";"2024";"12:15";"1";"974";"97411";"2";"1";"1";"7";"ETUDIANTS (ALLEE DES)";" -20,89072000";"55,46881000"
"202400021738";"20";"12";"2024";"13:56";"1";"77";"77284";"2";"9";"1";"3";"D360";"48,94838263";"2,87992000"
"202400021739";"7";"09";"2024";"14:45";"1";"59";"59335";"2";"1";"1";"7";"Rue des Fèves";"50,46337100";"3,41519200"
"202400021740";"15";"04";"2024";"18:42";"5";"973";"97302";"1";"6";"1";"7";"CRIQUE FOUILLEE (ROND POINT)";"4,89703706";" -52,32845217"
"202400021741";"26";"01";"2024";"22:19";"5";"93";"93005";"2";"6";"1";"3";"Carrefour des Droits de l'Homme / Rue Charles de Gaulle";"48,93022200";"2,48173000"
"202400021742";"15";"04";"2024";"05:01";"5";"973";"97302";"2";"1";"1";"6";"BADUEL (ROUTE DE)";"4,92900000";" -52,29522000"
"202400021743";"20";"12";"2024";"07:35";"5";"72";"72181";"2";"6";"8";"3";"BOLLEE (AV) N° PAIRS 224 ET >";"47,99732000";"0,22311000"
"202400021744";"9";"01";"2024";"20:00";"5";"93";"93066";"2";"3";"1";"3";"Rue du Landy / Rue de Tunis";"48,91404300";"2,34536700"
"202400021745";"7";"09";"2024";"07:40";"2";"60";"60374";"1";"2";"1";"3";"D929";"49,56131800";"2,48722900"
"202400021746";"15";"04";"2024";"13:10";"1";"69";"69381";"2";"1";"1";"1";"51 Rue du Bon Pasteur";"45,77275000";"4,83159000"
"202400021747";"27";"01";"2024";"15:10";"1";"93";"93050";"2";"3";"1";"7";"Avenue Jean Stéphan / Avenue Jean Jaurès";"48,86509353";"2,55529225"
"202400021748";"27";"08";"2024";"11:43";"1";"60";"60539";"2";"1";"1";"7";"Rue Jean Carette";"49,29828000";"2,51923800"
"202400021749";"19";"12";"2024";"13:12";"1";"72";"72181";"2";"6";"8";"3";"MOULIN JEAN (BD) N° IMP";"47,97842000";"0,21304000"
"202400021750";"15";"04";"2024";"14:00";"1";"971";"97101";"2";"4";"1";"3";"ACHILLE RENE BOISNEUF (RUE)";"16,27060514";" -61,50548011"
"202400021751";"27";"01";"2024";"13:15";"1";"93";"93031";"2";"3";"1";"6";"Route d'Argenteuil / Rue de Marseille";"48,96089418";"2,29341343"
"202400021752";"7";"09";"2024";"15:30";"1";"39";"39389";"1";"1";"1";"2";"N/A";"46,71685200";"5,89196200"
"202400021753";"20";"12";"2024";"13:40";"1";"69";"69256";"2";"2";"1";"3";"Rue de l'Egalité";"45,78077000";"4,92340000"
"202400021754";"27";"01";"2024";"11:40";"1";"93";"93031";"2";"1";"1";"6";"Rue Alfred de Musset";"48,96049000";"2,30159000"
"202400021755";"15";"04";"2024";"08:30";"1";"971";"97101";"1";"1";"2";"3";"DUGAZON";"16,24873000";" -61,51735000"
"202400021756";"15";"04";"2024";"00:50";"3";"971";"97113";"1";"1";"9";"7";"BAS DU FORT";"16,22128000";" -61,52186000"
"202400021757";"6";"09";"2024";"18:50";"1";"42";"42187";"2";"1";"1";"2";"100 Rue Eugène Bichon";"46,02047200";"4,05202000"
"202400021758";"20";"12";"2024";"21:30";"5";"69";"69290";"2";"2";"1";"3";"Rue Henri Maréchal";"45,69430442";"4,94116535"
"202400021759";"14";"04";"2024";"00:15";"3";"971";"97113";"1";"1";"2";"1";"BAS DU FORT";"16,21825000";" -61,51750000"
"202400021760";"20";"12";"2024";"11:05";"1";"69";"69096";"2";"1";"1";"6";"Avenue Jacques Chirac";"45,60640385";"4,77218017"
"202400021761";"22";"03";"2024";"13:30";"1";"971";"97105";"2";"1";"1";"6";"BD GERTY ARCHIMEDE";"15,99072000";" -61,72819000"
"202400021762";"26";"01";"2024";"11:15";"1";"93";"93057";"2";"2";"1";"6";"Avenue Jean Jaurès / Allée Pierre Brossolette";"48,90425400";"2,50470000"
"202400021763";"7";"09";"2024";"11:00";"1";"31";"31454";"2";"1";"8";"1";"151 rue du fer à cheval";"43,41300800";"1,11259200"
"202400021764";"15";"04";"2024";"12:15";"1";"91";"91345";"2";"1";"1";"6";"RUE PDT FRANCOIS MITTERRAND";"48,69364000";"2,29330000"
"202400021765";"20";"12";"2024";"18:40";"5";"67";"67447";"2";"3";"1";"3";"DEUXIEME DIVISION BLINDEE (AVENUE DE LA)";"48,61019502";"7,73069233"
"202400021766";"27";"01";"2024";"13:45";"1";"92";"92073";"2";"1";"1";"3";"ROOSVELT (AVENUE FRANKLIN)";"48,87536000";"2,21909000"
"202400021767";"6";"09";"2024";"17:00";"1";"77";"77401";"1";"9";"1";"6";"A4";"49,01021200";"3,14615600"
"202400021768";"15";"04";"2024";"18:40";"1";"91";"91687";"2";"6";"1";"6";"LUNAIN (RUE DU)";"48,66088000";"2,37540000"
"202400021769";"20";"12";"2024";"14:00";"1";"64";"64024";"2";"3";"1";"7";"MOULIN BARBOT (RUE DU)";"43,50072000";" -1,53241000"
"202400021770";"27";"01";"2024";"11:12";"1";"92";"92022";"2";"1";"1";"3";"PAVE DES GARDES (RUE DU)";"48,80722000";"2,18749000"
"202400021771";"7";"09";"2024";"04:10";"3";"44";"44198";"1";"1";"8";"1";"N/A";"47,13433000";" -1,51579100"
"202400021772";"15";"04";"2024";"17:25";"1";"91";"91223";"2";"2";"3";"3";"VICTOIRE (ALLEE DE LA)";"48,43609000";"2,16541000"
"202400021773";"20";"12";"2024";"08:45";"1";"62";"62548";"1";"3";"1";"3";"D247";"50,93675000";"1,94067000"
"202400021774";"7";"09";"2024";"16:43";"1";"10";"10003";"2";"9";"1";"1";"Rue Joseph Anglade";"48,21862900";"3,73708400"
"202400021775";"26";"01";"2024";"17:30";"1";"92";"92049";"2";"3";"1";"3";"BRIAND AVENUE ARISTIDE N°1 A 129";"48,81751669";"2,32544553"
"202400021776";"15";"04";"2024";"15:28";"1";"90";"90010";"2";"1";"1";"1";"DE GAULLE (PONT DU GENERAL)";"47,62859000";"6,86376000"
"202400021777";"20";"12";"2024";"14:20";"1";"59";"59508";"2";"1";"1";"6";"HALLUIN (BOULEVARD D')";"50,74486400";"3,13215300"
"202400021778";"27";"01";"2024";"15:05";"1";"92";"92026";"2";"2";"1";"6";"RÉPUBLIQUE ( DE 82 A FIN )";"48,90309203";"2,25606161"
"202400021779";"5";"09";"2024";"17:30";"1";"83";"83086";"1";"1";"1";"2";"D125";"43,45832900";"6,55757200"
"202400021780";"14";"04";"2024";"13:20";"1";"86";"86194";"2";"1";"1";"3";"MAILLOCHON (RUE DE)";"46,58377900";"0,33227700"
"202400021781";"20";"12";"2024";"19:05";"5";"59";"59350";"2";"1";"2";"1";"Avenue Oscar Lambret";"50,61308538";"3,03646282"
"202400021782";"12";"04";"2024";"12:10";"1";"80";"80001";"2";"1";"1";"3";"Rue Basse de la Bouvaque";"50,11691900";"1,84998600"
"202400021783";"26";"01";"2024";"18:20";"5";"92";"92024";"2";"2";"1";"3";"GENERAL LECLERC (BD DU) (9 A 59)   (4 A";"48,90132895";"2,31525019"
"202400021784";"27";"02";"2024";"21:30";"5";"974";"97402";"2";"2";"1";"3";"Rue Eugène Dayot";" -20,99668166";"55,67996550"
"202400021785";"20";"12";"2024";"18:40";"5";"56";"56121";"2";"6";"2";"3";"Place de Kernitra";"47,76200000";" -3,39617000"
"202400021786";"26";"01";"2024";"23:55";"5";"92";"92007";"2";"1";"1";"7";"FROIDE (RUE)";"48,79730337";"2,30131602"
"202400021787";"15";"04";"2024";"12:20";"1";"77";"77438";"1";"1";"1";"2";"D934";"48,86684000";"2,67556000"
"202400021788";"7";"09";"2024";"02:10";"3";"72";"72124";"1";"1";"1";"7";"La libaudiere - D338";"47,80740806";"0,31390601"
"202400021789";"27";"01";"2024";"09:40";"1";"92";"92002";"2";"3";"1";"3";"RAYMON ARON (AVENUE)";"48,76434868";"2,30938080"
"202400021790";"19";"12";"2024";"18:35";"5";"56";"56121";"2";"2";"2";"3";"Rue de Kerjulaude";"47,74375000";" -3,38126000"
"202400021791";"14";"04";"2024";"19:10";"1";"76";"76351";"2";"3";"1";"2";"GUILLAUME LE TESTU (QUAI)";"49,48978000";"0,10992000"
"202400021792";"28";"01";"2024";"01:00";"3";"47";"47132";"1";"1";"5";"6";"Route de Lauzun";"44,65257800";"0,52553100"
"202400021793";"19";"12";"2024";"12:30";"1";"56";"56083";"2";"1";"7";"2";"Avenue Salvador Allende";"47,80433000";" -3,26245000"
"202400021794";"28";"01";"2024";"10:30";"1";"14";"14713";"2";"1";"1";"6";"route de caen";"49,05506200";" -0,47459000"
"202400021795";"13";"04";"2024";"00:05";"5";"76";"76305";"1";"3";"1";"3";"CAMP DOLENT (AVENUE)";"49,50713000";"0,21981000"
"202400021796";"7";"09";"2024";"13:25";"1";"50";"50487";"1";"1";"1";"4";"A84 PK152+700";"48,53718100";" -1,34101900"
"202400021797";"27";"01";"2024";"18:00";"2";"62";"62150";"1";"1";"1";"6";"D939";"50,41357700";"1,80774500"
"202400021798";"12";"04";"2024";"17:28";"1";"76";"76351";"2";"1";"1";"7";"CHRISTOPHE COLOMB (AVENUE)";"49,47932000";"0,14730000"
"202400021799";"20";"12";"2024";"13:45";"1";"54";"54395";"2";"3";"1";"3";"Rue des Quatre Eglises";"48,68747333";"6,18349493"
"202400021800";"27";"01";"2024";"10:35";"1";"95";"95205";"2";"1";"1";"6";"PRE CURE (RUE DU)";"49,02127809";"2,37494051"
"202400021801";"19";"12";"2024";"19:25";"5";"54";"54526";"2";"2";"2";"6";"RM 674";"48,68146328";"6,21580347"
"202400021802";"28";"01";"2024";"08:33";"1";"17";"17425";"1";"1";"1";"7";"D730";"45,60650200";" -0,94628300"
"202400021803";"7";"09";"2024";"17:10";"1";100;100143";"1";"1";"1";"6";"Rt 10";"42,15691400";"9,51476100"
"202400021804";"15";"04";"2024";"04:30";"3";"73";"73065";"2";"4";"1";"6";"Quai du 11 novembre";"45,56757412";"5,93751222"