"Num_Acc";"jour";"mois";"an";"hrmn";"lum";"dep";"com";"agg";"int";"atm";"col";"adr";"lat";"long"
"202400021805";"6";"09";"2024";"15:15";"1";100;100074";"1";"1";"1";"6";"T20";"42,26016000";"9,17130900"
"202400021806";"20";"12";"2024";"22:43";"5";"54";"54367";"2";"1";"1";"1";"Rue de la Piscine";"49,50147312";"5,77443659"
"202400021807";"15";"04";"2024";"16:15";"1";"71";"71486";"2";"3";"1";"3";"GUY MOCQUET (RUE)";"46,64860147";"4,35818732"
"202400021808";"28";"01";"2024";"17:10";"1";"36";"36244";"1";"2";"1";"6";"Les Mardelles";"47,16991120";"1,45359099"
"202400021809";"6";"09";"2024";"12:30";"1";"82";"82110";"1";"1";"7";"6";"Route de Lafrançaise";"44,14368500";"1,41135700"
"202400021810";"20";"12";"2024";"08:38";"1";"51";"51454";"2";"1";"1";"6";"VAILLANT COUTURIER (RUE PAUL) N°199 ET N";"49,27770000";"4,01060000"
"202400021811";"28";"01";"2024";"00:30";"5";"84";"84044";"2";"1";"1";"6";"D13 - route de malaucène";"44,21632400";"5,13157000"
"202400021812";"15";"04";"2024";"13:50";"1";"71";"71486";"2";"1";"1";"1";"PUITS (RUE DES)";"46,64998400";"4,32880000"
"202400021813";"28";"01";"2024";"05:18";"3";"10";"10240";"1";"1";"9";"7";"D660";"48,27689200";"3,90100000"
"202400021814";"20";"12";"2024";"08:38";"1";"51";"51454";"2";"2";"1";"2";"LAON (AVENUE) DU N° 219 AU 341 ET N° 248";"49,27009000";"4,02211000"
"202400021815";"29";"08";"2024";"19:00";"1";"65";"65072";"2";"1";"1";"7";" Route de Bordeaux";"43,28663200";"0,06934700"
"202400021816";"13";"04";"2024";"09:00";"1";"71";"71497";"2";"2";"1";"6";"SENNECE (ROUTE DE)";"46,34089000";"4,82812000"
"202400021817";"28";"01";"2024";"09:20";"1";"972";"97204";"1";"1";"1";"1";"N2";"14,71439300";" -61,18369800"
"202400021818";"7";"09";"2024";"15:00";"1";"71";"71428";"1";"1";"1";"7";"Grand Route du Botoret";"46,19888900";"4,30469900"
"202400021819";"19";"12";"2024";"18:10";"5";"51";"51454";"2";"2";"1";"6";"HERDUIN (RUE DU LIEUTENANT)";"49,25021000";"4,03880000"
"202400021820";"27";"01";"2024";"16:40";"1";"46";"46148";"2";"1";"1";"6";"D10";"44,33631000";"1,54806400"
"202400021821";"15";"04";"2024";"18:54";"1";"69";"69286";"2";"9";"1";"2";"Avenue de l'Hippodrome";"45,81675263";"4,88895135"
"202400021822";"6";"09";"2024";"17:10";"1";"89";"89093";"1";"3";"1";"3";"D606";"48,32863000";"3,11316800"
"202400021823";"28";"01";"2024";"13:55";"1";"974";"97414";"2";"2";"1";"3";"190 Rue Saint Jean XXIII";" -21,27638800";"55,41574200"
"202400021824";"15";"04";"2024";"11:15";"1";"69";"69092";"2";"1";"1";"3";"Route de Tarare";"45,98718621";"4,70708565"
"202400021825";"18";"12";"2024";"20:25";"5";"50";"50129";"2";"2";"3";"2";"LAGRANGE (RUE LEO)";"49,63929000";" -1,58348000"
"202400021826";"6";"09";"2024";"16:55";"1";"89";"89081";"1";"3";"1";"3";"D91";"47,84482000";"3,77651000"
"202400021827";"27";"01";"2024";"14:30";"1";"23";"23075";"1";"1";"1";"6";"D44";"46,31817700";"1,66916000"
"202400021828";"15";"04";"2024";"12:00";"1";"69";"69290";"2";"2";"1";"3";"Rue Edmond Rostand";"45,69433000";"4,94121000"
"202400021829";"7";"09";"2024";"10:50";"1";"63";"63232";"2";"1";"2";"7";"Rue des Renodents";"46,00713100";"3,40854600"
"202400021830";"20";"12";"2024";"22:45";"4";"49";"49007";"2";"1";"1";"3";"BASSE CHAINE PONT";"47,47003000";" -0,56253000"
"202400021831";"28";"01";"2024";"12:00";"1";"79";"79320";"1";"2";"1";"3";"D168";"46,46729100";" -0,45954300"
"202400021832";"15";"04";"2024";"13:40";"1";"69";"69091";"2";"1";"1";"3";"Rue de la Paix";"45,58525000";"4,75129000"
"202400021833";"27";"01";"2024";"20:00";"3";"63";"63199";"1";"1";"1";"6";"D28";"45,61602900";"3,10178300"
"202400021834";"7";"09";"2024";"13:20";"1";"68";"68266";"1";"3";"1";"7";"route departementale 50";"47,88533400";"7,40677000"
"202400021835";"20";"12";"2024";"08:10";"2";"47";"47001";"2";"2";"1";"5";"DE GAULLE (AV. DU GENERAL)";"44,20601984";"0,61163324"
"202400021836";"14";"04";"2024";"10:20";"1";"67";"67482";"2";"1";"1";"6";"PAUL ELUARD (RUE)";"48,58752000";"7,69937000"
"202400021837";"27";"01";"2024";"07:20";"4";"61";"61091";"1";"1";"9";"6";"D208";"48,63030200";" -0,51523400"
"202400021838";"6";"09";"2024";"17:00";"1";"68";"68338";"1";"2";"7";"3";"Route des Trois Epis";"48,08381300";"7,25835800"
"202400021839";"15";"04";"2024";"16:31";"1";"63";"63113";"2";"1";"1";"6";"COTE BLATIN (BD)";"45,76848338";"3,08961511"
"202400021840";"20";"12";"2024";"13:55";"1";"45";"45234";"2";"2";"1";"3";"2 Avenue des Droits de l'Homme";"47,91180000";"1,92314000"
"202400021841";"28";"01";"2024";"03:25";"3";"49";"49200";"1";"1";"1";"7";"D775";"47,54484400";" -0,65435200"
"202400021842";"14";"04";"2024";"10:01";"1";"63";"63164";"2";"1";"1";"7";"PIBOUT (PL DU)";"45,82507858";"3,14156145"
"202400021843";"6";"09";"2024";"12:28";"1";"22";"22055";"2";"1";"1";"6";"Boulevard du Général Leclerc";"48,59933100";" -2,82592200"
"202400021844";"10";"12";"2024";"17:20";"5";"39";"39362";"2";"1";"1";"6";"Rue du 19 mars 1962";"46,67402000";"5,53924200"
"202400021845";"28";"01";"2024";"12:05";"1";"49";"49125";"1";"3";"1";"3";"D178";"47,21474400";" -0,37269800"
"202400021846";"14";"04";"2024";"19:50";"1";"62";"62035";"2";"1";"1";"3";"D181E4";"50,52920000";"2,59593000"
"202400021847";"21";"12";"2024";"01:38";"3";"37";"37122";"1";"1";"2";"6";"RD 127 ";"47,30891000";"0,68249000"
"202400021848";"7";"09";"2024";"15:08";"1";"25";"25320";"1";"1";"1";"2";"D9";"46,78097400";"6,29636200"
"202400021849";"20";"12";"2024";"10:05";"1";"34";"34108";"1";"1";"1";"2";"RD 600";"43,43612000";"3,71817000"
"202400021850";"27";"01";"2024";"18:00";"3";"68";"68374";"2";"1";"1";"2";"D417";"48,06512400";"7,24608700"
"202400021851";"7";"09";"2024";"12:15";"1";"25";"25282";"1";"2";"1";"2";"N57";"46,97977700";"6,33770600"
"202400021852";"15";"04";"2024";"08:45";"1";"59";"59009";"2";"1";"1";"3";"DE VIGNY ALFRED RUE";"50,65495200";"3,14611000"
"202400021853";"20";"12";"2024";"13:55";"1";"34";"34172";"2";"9";"1";"3";"LIBERTE (AVENUE DE LA";"43,60874000";"3,84984000"
"202400021854";"26";"01";"2024";"18:25";"3";"22";"22025";"1";"1";"1";"6";"Lieu Dit le Crenvez";"48,39550200";" -3,41879700"
"202400021855";"14";"04";"2024";"16:05";"1";"59";"59170";"2";"1";"1";"6";"JAURES (PLACE JEAN)";"50,35331000";"3,12635000"
"202400021856";"20";"12";"2024";"11:00";"1";"33";"33119";"2";"6";"1";"6";"N/A";"44,86299000";" -0,51417000"
"202400021857";"14";"04";"2024";"19:22";"1";"56";"56098";"2";"1";"1";"7";"LE BOUHART (RUE  PIERRE )";"47,77293700";" -3,35028000"
"202400021858";"7";"09";"2024";"08:30";"1";"29";"29061";"1";"6";"2";"3";"rond point du dorguen";"48,44993298";" -4,47199970"
"202400021859";"15";"04";"2024";"15:15";"1";"51";"51454";"2";"1";"2";"7";"JACQUART (RUE) DU N° 1 AU N° 75 (IMPAIR)";"49,26397000";"4,04010000"
"202400021860";"20";"12";"2024";"06:35";"3";"33";"33063";"1";"1";"5";"6";"N/A";"44,87765000";" -0,56363000"
"202400021861";"13";"04";"2024";"18:06";"1";"51";"51454";"2";"1";"1";"7";"ESCAUT (RUE)";"49,24761700";"4,06772400"
"202400021862";"20";"12";"2024";"10:50";"1";"31";"31555";"2";"1";"1";"6";"BD LAZARE CARNOT";"43,60045000";"1,45217000"
"202400021863";"7";"09";"2024";"15:15";"1";"58";"58309";"1";"1";"8";"7";"41 route du puits";"46,90953600";"4,00136000"
"202400021864";"27";"01";"2024";"19:40";"3";"25";"25036";"1";"1";"1";"5";"N83";"47,18999000";"5,96639200"
"202400021865";"12";"04";"2024";"07:40";"2";"50";"50129";"2";"3";"1";"3";"CACHIN (RUE DE L'INGENIEUR)";"49,63929000";" -1,61290000"
"202400021866";"7";"09";"2024";"14:15";"1";"58";"58151";"1";"1";"2";"2";"Rue Clémence Bonde";"46,89969700";"3,46688300"
"202400021867";"20";"12";"2024";"18:50";"5";"29";"29019";"2";"3";"3";"3";"boulevard de Plymouth";"48,38651800";" -4,52798700"
"202400021868";"27";"01";"2024";"18:55";"3";"29";"29202";"1";"1";"5";"7";"D785";"48,43262607";" -3,88595488"
"202400021869";"7";"09";"2024";"10:20";"1";"14";"14654";"2";"1";"1";"6";"34 Rue d'Harmonville (Saint-Pierre-sur-Dives)";"49,02448900";" -0,02778800"
"202400021870";"27";"01";"2024";"15:30";"1";"02";"02106";"1";"1";"1";"7";"Rue du Stade";"49,39985600";"3,66831200"
"202400021871";"11";"04";"2024";"19:50";"1";"49";"49328";"2";"6";"1";"3";"rond point du general arnold";"47,26288000";" -0,09033000"
"202400021872";"6";"09";"2024";"21:40";"5";"50";"50267";"1";"1";"1";"6";"D900";"49,21168200";" -1,51971800"
"202400021873";"19";"12";"2024";"17:23";"1";"29";"29019";"2";"2";"1";"3";"rue Vauban";"48,38488100";" -4,50099000"
"202400021874";"14";"04";"2024";"07:55";"1";"49";"49267";"2";"1";"1";"6";"Route d'ANGERS";"47,46700000";" -0,50025000"
"202400021875";"26";"01";"2024";"07:20";"2";"01";"01245";"1";"2";"1";"3";"D979";"46,16066500";"5,39404600"
"202400021876";"15";"04";"2024";"08:00";"1";"45";"45147";"2";"1";"1";"3";"94 Rue Camille Desmoulins";"47,93505000";"1,93093000"
"202400021877";"6";"09";"2024";"16:20";"1";"50";"50378";"1";"3";"1";"3";"Route des 4 Sapins";"48,97616800";" -1,24106900"
"202400021878";"18";"12";"2024";"18:25";"5";"29";"29019";"2";"6";"2";"3";"rue Albert Louppe";"48,40481000";" -4,47747500"
"202400021879";"26";"01";"2024";"15:30";"1";"70";"70329";"1";"1";"2";"1";"N19";"47,73576300";"5,80159400"
"202400021880";"30";"07";"2024";"11:45";"1";"75";"75120";"2";"1";"1";"3";"BD PERIPHERIQUE EXTERIEUR";"48,84826300";"2,41494700"
"202400021881";"15";"04";"2024";"19:40";"1";"44";"44109";"2";"1";"1";"1";"53 Boulevard Jean Moulin";"47,20830133";" -1,59833506"
"202400021882";"7";"09";"2024";"11:35";"1";"50";"50274";"1";"2";"3";"3";"Route de La Mesleraie";"48,51665400";" -1,07025500"
"202400021883";"15";"04";"2024";"19:30";"1";"42";"42044";"2";"1";"1";"7";"Avenue André Citröen";"45,39143712";"4,30210322"
"202400021884";"30";"07";"2024";"09:18";"1";"75";"75112";"2";"1";"1";"4";"BD PERIPHERIQUE EXTERIEUR";"48,82764600";"2,39365300"
"202400021885";"11";"04";"2024";"13:00";"1";"40";"40088";"2";"6";"1";"3";"CAMUS (BOULEVARD ALBERT)";"43,71378937";" -1,04929787"
"202400021886";"28";"01";"2024";"17:30";"1";"50";"50227";"2";"1";"1";"3";"Rue Saint Pierre";"49,46119100";" -1,40497900"
"202400021887";"6";"09";"2024";"18:40";"1";"18";"18189";"1";"1";"1";"7";"6 Les Bardys d’En Bas";"47,25193800";"2,44264000"
"202400021888";"30";"07";"2024";"01:57";"5";"75";"75102";"2";"3";"1";"7";"RUE MONTMARTRE";"48,86778500";"2,34379000"
"202400021889";"15";"04";"2024";"19:00";"1";"35";"35206";"1";"1";"1";"2";"ROCADE 5-6";"48,08141000";" -1,65959000"
"202400021890";"28";"01";"2024";"10:50";"1";"60";"60068";"2";"1";"1";"6";"176 Avenue de la Gare";"49,29735200";"2,79981300"
"202400021891";"7";"09";"2024";"11:00";"1";"43";"43051";"2";"1";"1";"2";"Route de Saint-Agrève";"45,05546287";"4,31428189"
"202400021892";"28";"01";"2024";"15:45";"1";"07";"07009";"1";"1";"1";"7";"D82";"45,24432500";"4,78635100"
"202400021893";"29";"07";"2024";"11:15";"1";"75";"75120";"2";"1";"1";"3";"BD PERIPHERIQUE INTERIEUR ";"48,86515300";"2,41321500"
"202400021894";"15";"04";"2024";"16:00";"1";"35";"35238";"2";"2";"1";"6";"JOFFRE ( DU MARECHAL)";"48,10935000";" -1,67788000"
"202400021895";"28";"01";"2024";"01:15";"3";"85";"85182";"2";"1";"1";"2";"RD960B";"46,78541870";" -0,81523190"
"202400021896";"30";"07";"2024";"23:40";"5";"75";"75119";"2";"1";"1";"3";"QUAI DE LA SEINE";"48,88819100";"2,37755800"
"202400021897";"31";"08";"2024";"15:40";"1";"43";"43244";"2";"3";"1";"1";"Avenue de la Gare";"45,11381800";"4,29586900"
"202400021898";"15";"04";"2024";"09:10";"1";"35";"35051";"1";"1";"1";"2";"RN157";"48,11515165";" -1,56423483"
"202400021899";"27";"01";"2024";"14:30";"1";"37";"37270";"1";"1";"1";"1";"Les Luats";"47,40553841";"0,85546374"
"202400021900";"30";"07";"2024";"21:15";"2";"75";"75119";"2";"7";"1";"3";"PLACE AUGUSTE BARON";"48,90044000";"2,38702400"
"202400021901";"15";"04";"2024";"17:00";"1";"33";"33063";"2";"2";"1";"6";"N/A";"44,83607100";" -0,55039000"
"202400021902";"7";"09";"2024";"11:30";"1";"16";"16106";"1";"1";"2";"3";"N/A";"46,02575700";"0,65629100"
"202400021903";"25";"01";"2024";"08:30";"2";"30";"30114";"1";"1";"1";"1";"rd 107";"43,82707300";"4,12225500"
"202400021904";"15";"04";"2024";"14:05";"1";"33";"33529";"1";"1";"1";"3";"N/A";"44,61757000";" -1,12928000"
"202400021905";"6";"09";"2024";"16:10";"1";"07";"07110";"2";"1";"1";"6";"Route de Lablachère";"44,47766100";"4,22923700"
"202400021906";"29";"07";"2024";"17:00";"1";"75";"75117";"2";"3";"1";"3";"PLACE DE LA PORTE DE CHAMPERRET";"48,88583691";"2,28891742"
"202400021907";"27";"01";"2024";"15:46";"1";"68";"68015";"1";"1";"1";"7";"A35";"47,79370100";"7,39448500"
"202400021908";"15";"04";"2024";"12:35";"1";"28";"28134";"1";"1";"1";"2";"RN 12";"48,74665100";"1,39904000"
"202400021909";"29";"07";"2024";"17:00";"1";"75";"75117";"2";"4";"1";"6";"RUE TARBE";"48,88712300";"2,31379600"
"202400021910";"6";"09";"2024";"11:50";"1";"21";"21099";"2";"1";"1";"1";"D970";"47,04938700";"4,77674600"
"202400021911";"30";"07";"2024";"14:15";"1";"75";"75114";"2";"2";"1";"3";"AVENUE RENE COTY";"48,83073500";"2,33387900"
"202400021912";"27";"01";"2024";"19:00";"3";"13";"13086";"1";"9";"1";"2";"A52";"43,34800300";"5,61665300"
"202400021913";"16";"04";"2024";"01:55";"3";"17";"17380";"2";"1";"1";"7";"VERDUN (AVENUE DE)";"45,65859600";" -1,07587100"
"202400021914";"7";"09";"2024";"12:00";"1";"04";"04144";"1";"1";"1";"5";"D23";"43,76794100";"6,32722400"
"202400021915";"15";"04";"2024";"09:35";"1";"17";"17306";"2";"6";"1";"2";"Avenue Maryse Bastié";"45,62366000";" -1,01354000"
"202400021916";"27";"01";"2024";"22:15";"5";"66";"66026";"2";"1";"1";"6";"N/A";"42,56694660";"2,89938748"
"202400021917";"7";"09";"2024";"12:30";"1";"04";"04135";"1";"1";"1";"3";"D957";"43,80369000";"6,23376500"
"202400021918";"30";"07";"2024";"18:35";"1";"75";"75112";"2";"3";"1";"4";"AVENUE DAUMESNIL";"48,83936200";"2,43000900"
"202400021919";"30";"07";"2024";"13:15";"1";"75";"75107";"2";"1";"1";"7";"QUAI D ORSAY";"48,86245200";"2,31925500"
"202400021920";"15";"04";"2024";"07:40";"1";"14";"14366";"2";"6";"1";"3";"1 Rue du Carmel";"49,14339000";"0,22907000"
"202400021921";"28";"01";"2024";"18:55";"3";"13";"13076";"1";"3";"1";"1";"D7n";"43,81190900";"4,98752500"
"202400021922";"6";"09";"2024";"18:00";"1";"28";"28290";"2";"2";"1";"1";"Rue de la Mairie";"48,41274900";"1,29094500"
"202400021923";"30";"07";"2024";"18:45";"1";"94";"94033";"2";"1";"7";"6";"Rue Emile Zola";"48,85670758";"2,46890339"
"202400021924";"28";"01";"2024";"01:10";"5";"13";"13014";"2";"1";"1";"1";"Boulevard Henri Wallon";"43,49402800";"5,16932500"
"202400021925";"15";"04";"2024";"16:20";"1";"13";"13216";"2";"1";"1";"2";"LITTORAL (CHEMIN DU)";"43,34957821";"5,34220563"
"202400021926";"30";"07";"2024";"22:00";"5";"94";"94077";"2";"1";"1";"6";"Avenue le Foll";"48,72770000";"2,43648000"
"202400021927";"27";"01";"2024";"16:30";"1";"13";"13031";"2";"1";"1";"1";"RD 96";"43,37834100";"5,60527000"
"202400021928";"1";"08";"2024";"08:05";"1";"08";"08090";"2";"1";"1";"6";"72 Avenue de Blagny";"49,62726200";"5,17488100"
"202400021929";"15";"04";"2024";"21:45";"3";"13";"13004";"1";"1";"1";"5";"RTE ST MARTIN DE CRAU";"43,65066000";"4,67808000"
"202400021930";"30";"07";"2024";"09:00";"1";"93";"93078";"2";"2";"1";"3";"Boulevard Robert Ballanger / Avenue Emile Dambel";"48,95756000";"2,54534000"
"202400021931";"28";"01";"2024";"00:45";"3";"71";"71433";"1";"1";"5";"6";"126 Chevagny";"46,37429000";"4,20599600"
"202400021932";"6";"09";"2024";"17:25";"5";"06";"06088";"1";"1";"1";"2";"autoroute a8 pk193.150, sens France-italie";"43,71924100";"7,21478800"
"202400021933";"14";"04";"2024";"07:56";"1";"10";"10375";"1";"1";"1";"1";"N/A";"48,28290029";"4,17449111"
"202400021934";"28";"01";"2024";"07:00";"4";"03";"03186";"1";"1";"5";"6";"D945";"46,32704600";"2,97501000"
"202400021935";"29";"07";"2024";"23:50";"3";"93";"93072";"2";"3";"1";"5";"Avenue de Stalingrad / Rue Pasteur";"48,95860000";"2,39767000"
"202400021936";"5";"09";"2024";"20:10";"2";"38";"38065";"1";"1";"1";"2";"A48 PK 60.4";"45,43712900";"5,41746100"
"202400021937";"15";"04";"2024";"19:50";"1";"06";"06088";"2";"9";"1";"3";"Rue de Roquebillière";"43,71215000";"7,28848000"
"202400021938";"30";"07";"2024";"15:40";"1";"93";"93064";"2";"1";"1";"6";"Boulevard d'Alsace-lorraine";"48,88589900";"2,47679700"
"202400021939";"27";"01";"2024";"18:45";"3";"63";"63335";"1";"1";"1";"5";"Départementale D 978";"45,55478700";"3,03902900"
"202400021940";"15";"04";"2024";"15:00";"1";"06";"06069";"2";"1";"1";"6";"Avenue Pierre Sémard";"43,65466900";"6,92696000"
"202400021941";"4";"09";"2024";"17:45";"1";"34";"34146";"1";"1";"1";"3";"A9 - PK 82+050";"43,69564900";"4,08766500"
"202400021942";"30";"07";"2024";"11:44";"1";"93";"93001";"2";"2";"1";"6";"Avenue Jean Jaurès / Avenue de la République";"48,90338484";"2,39162801"
"202400021943";"7";"09";"2024";"03:00";"3";"988";"98822";"2";"1";"1";"6";"Tiéti (Tribu)";" -20,91586000";"165,30285000"
"202400021944";"14";"04";"2024";"13:00";"1";"06";"06027";"2";"9";"1";"6";"60 Avenue de Nice";"43,65790500";"7,16016400"
"202400021945";"27";"01";"2024";"18:05";"5";"63";"63204";"2";"1";"1";"1";"D54";"45,80794100";"3,18891600"
"202400021946";"28";"01";"2024";"09:00";"1";"63";"63226";"2";"6";"1";"7";"D1-rd-Pt du Maréchal Joffre";"45,76570800";"3,23794100"
"202400021947";"7";"09";"2024";"05:15";"3";"974";"97418";"1";"1";"1";"2";"route nationale 2";" -20,90242700";"55,54499700"
"202400021948";"31";"07";"2024";"16:25";"1";"84";"84088";"2";"3";"1";"3";"565 Route de la Buissonne";"44,00858200";"5,05157300"
"202400021949";"12";"04";"2024";"18:05";"1";"03";"03310";"2";"2";"1";"6";"Rue du Maréchal Joffre";"46,12150000";"3,42391000"
"202400021950";"6";"09";"2024";"22:15";"3";"971";"97115";"1";"1";"2";"1";"N2";"16,27023300";" -61,65298600"
"202400021951";"30";"07";"2024";"18:40";"1";"67";"67149";"1";"1";"1";"3";"D41";"48,72259190";"7,41968215"
"202400021952";"28";"01";"2024";"14:15";"1";"73";"73249";"1";"3";"1";"3";"D1006";"45,52449882";"5,99400759"
"202400021953";"15";"04";"2024";"15:15";"1";"75";"75115";"2";"1";"1";"2";"BD PERIPHERIQUE INTERIEUR";"48,83199600";"2,28179200"
"202400021954";"6";"09";"2024";"08:00";"1";"971";"97124";"2";"1";"1";"7";"route nationale 3";"16,01320800";" -61,71017300"
"202400021955";"28";"01";"2024";"12:30";"1";"07";"07131";"2";"1";"1";"6";"420 Impasse de Champ Fraix";"44,53938400";"4,40184800"
"202400021956";"29";"07";"2024";"07:56";"1";"22";"22093";"1";"1";"1";"3";"N12";"48,45783868";" -2,51960846"
"202400021957";"15";"04";"2024";"14:55";"1";"75";"75105";"2";"3";"1";"2";"RUE LINNE";"48,84571700";"2,35466700"
"202400021958";"28";"01";"2024";"07:30";"1";"01";"01386";"2";"1";"1";"6";"D40a";"45,88593500";"5,36244800"
"202400021959";"31";"07";"2024";"08:45";"1";"83";"83049";"1";"1";"1";"6";"2109 route départementale 97";"43,25770600";"6,10506200"
"202400021960";"27";"01";"2024";"16:00";"1";"16";"16019";"1";"1";"8";"7";"Chemin des Fregonnieres";"45,71045300";"0,07644200"
"202400021961";"7";"09";"2024";"01:00";"5";"91";"91386";"2";"1";"2";"1";"boulevard Charles De Gaulle";"48,56056900";"2,42615500"
"202400021962";"15";"04";"2024";"14:30";"1";"75";"75120";"2";"3";"2";"6";"RUE DES VIGNOLES";"48,85474300";"2,40087300"
"202400021963";"30";"07";"2024";"18:30";"1";"62";"62752";"2";"1";"1";"3";"D144";"50,46925399";"1,66336380"
"202400021964";"27";"01";"2024";"08:40";"1";"86";"86054";"1";"1";"5";"1";"Lieu Dit Leigne";"46,21153500";"0,32141300"
"202400021965";"27";"01";"2024";"14:10";"1";"64";"64230";"2";"1";"1";"7";"74 Avenue des Pyrénées";"43,21324064";" -0,38453490"
"202400021966";"30";"07";"2024";"17:30";"1";"68";"68043";"2";"1";"1";"2";"1 Route de Guebwiller";"47,86256400";"7,25728500"
"202400021967";"15";"04";"2024";"04:00";"3";"75";"75116";"2";"2";"1";"1";"AVENUE DE L HIPPODROME";"48,85856900";"2,24486400"
"202400021968";"6";"09";"2024";"08:30";"1";"06";"06048";"2";"1";"1";"2";"1906 Route Rd 15 la Roseyre";"43,78314000";"7,33626000"
"202400021969";"30";"07";"2024";"06:07";"2";"83";"83089";"2";"1";"1";"7";"D3";"43,48236800";"5,83127800"
"202400021970";"28";"07";"2024";"18:25";"1";"51";"51210";"1";"1";"1";"7";"D251";"49,07174300";"3,97309700"
"202400021971";"7";"09";"2024";"08:20";"1";"13";"13004";"2";"1";"1";"3";"Route de la Crau";"43,64321800";"4,72668300"
"202400021972";"15";"04";"2024";"19:50";"1";"75";"75114";"2";"2";"1";"7";"RUE FRIANT";"48,82487400";"2,32381200"
"202400021973";"28";"01";"2024";"15:15";"1";"76";"76631";"1";"1";"1";"3";"D5";"49,51291100";"0,86280500"
"202400021974";"6";"09";"2024";"21:00";"2";"52";"52276";"1";"1";"1";"7";"D417";"48,09758900";"5,23952000"
"202400021975";"31";"07";"2024";"17:40";"1";"56";"56174";"1";"1";"1";"1";"Breneuh";"47,87233100";" -2,85769000"
"202400021976";"28";"01";"2024";"06:45";"2";"80";"80090";"1";"1";"1";"6";"autoroute A1 PK 119 SENS PARIS/LILLE";"49,87201500";"2,83584600"
"202400021977";"7";"09";"2024";"17:15";"1";"68";"68089";"1";"1";"1";"7";"pk 13 D27";"47,92686800";"7,00672400"
"202400021978";"15";"04";"2024";"07:50";"1";"75";"75113";"2";"2";"1";"3";"BOULEVARD DE L HOPITAL";"48,83573300";"2,35861300"
"202400021979";"27";"01";"2024";"00:45";"3";"83";"83123";"1";"1";"1";"6";"A50";"43,14587271";"5,78263649"
"202400021980";"30";"07";"2024";"15:10";"1";"56";"56165";"1";"1";"1";"3";"Bourgneuf";"47,93314400";" -2,42246900"
"202400021981";"7";"09";"2024";"10:30";"1";"88";"88367";"2";"9";"1";"3";"38 Faubourg de la Chipotte";"48,34383200";"6,64137200"
"202400021982";"22";"01";"2024";"21:00";"5";"83";"83137";"1";"1";"1";"3";"A57";"43,12247000";"5,95713000"
"202400021983";"15";"04";"2024";"19:40";"1";"75";"75110";"2";"2";"1";"6";"RUE LA FAYETTE";"48,88163700";"2,36581200"
"202400021984";"29";"07";"2024";"12:15";"1";"56";"56062";"1";"1";"7";"2";"D158";"47,69353000";" -3,31529600"
"202400021985";"6";"09";"2024";"17:00";"1";"88";"88078";"2";"1";"1";"1";"49 Avenue du Cameroun";"48,20940700";"6,72151900"
"202400021986";"26";"01";"2024";"15:10";"1";"95";"95018";"1";"1";"1";"2";"A15";"48,96295185";"2,26532238"
"202400021987";"6";"09";"2024";"09:05";"1";"73";"73023";"1";"1";"1";"1";"D83";"45,23835036";"6,76950288"
"202400021988";"30";"07";"2024";"13:50";"1";"56";"56026";"2";"3";"1";"3";"Route de Melrand";"47,96473400";" -3,16786100"
"202400021989";"2";"04";"2024";"06:10";"1";"987";"98736";"2";"6";"2";"7";"CHARLES DE GAULLE (AV)";" -17,54081900";" -149,56872400"
"202400021990";"15";"04";"2024";"19:20";"1";"75";"75110";"2";"2";"1";"3";"BOULEVARD DE LA CHAPELLE";"48,88422100";"2,36459200"
"202400021991";"7";"09";"2024";"11:50";"1";"42";"42285";"1";"1";"1";"2";"Route de Montbrison";"45,56667800";"4,13437700"
"202400021992";"26";"01";"2024";"08:15";"1";"974";"97411";"2";"1";"2";"2";"MACE (ROUTE GABRIEL)";" -20,91801000";"55,49432000"
"202400021993";"6";"09";"2024";"20:40";"3";"69";"69216";"1";"1";"1";"1";"Route Départementale 24";"45,78907688";"4,50932922"
"202400021994";"15";"04";"2024";"17:05";"1";"75";"75110";"2";"2";"2";"3";"PLACE DE LA BATAILLE DE STALINGRAD";"48,88271400";"2,36983300"
"202400021995";"31";"07";"2024";"09:15";"1";"76";"76629";"1";"1";"1";"7";"Route du Bois Lambert";"49,75860800";"0,96102300"
"202400021996";"25";"01";"2024";"08:15";"1";"974";"97411";"2";"2";"1";"3";"PARIS (RUE DE)";" -20,88303000";"55,45012000"
"202400021997";"31";"07";"2024";"10:15";"1";"32";"32076";"1";"1";"1";"7";"La Bourdette";"43,59553500";"0,72294800"
"202400021998";"15";"04";"2024";"05:00";"5";"75";"75107";"2";"2";"1";"6";"BOULEVARD SAINT GERMAIN";"48,85858600";"2,32317400"
"202400021999";"6";"09";"2024";"16:40";"1";"46";"46102";"2";"1";"1";"6";"Rue du Stade";"44,61147100";"2,03025000"
"202400022000";"31";"07";"2024";"02:30";"3";"71";"71263";"1";"1";"1";"6";"Rue de Vincelles";"46,64851600";"5,22912700"
"202400022001";"14";"04";"2024";"21:03";"5";"75";"75107";"2";"1";"1";"6";"PONT DE LA CONCORDE";"48,86341200";"2,31962300"
"202400022002";"26";"01";"2024";"18:25";"1";"973";"97302";"2";"3";"1";"3";"MANGO (ROUTE)";"4,93189027";" -52,31772467"
"202400022003";"6";"09";"2024";"17:55";"1";"87";"87005";"1";"1";"8";"2";"le couderchou - rd 979";"45,79804200";"1,38972800"
"202400022004";"31";"07";"2024";"05:55";"2";"71";"71310";"1";"1";"1";"7";"Route nationale 70 - Pr 046+725";"46,73870856";"4,48300154"
"202400022005";"7";"09";"2024";"01:30";"3";"79";"79049";"2";"1";"1";"6";"N/A";"46,84348900";" -0,49017600"
"202400022006";"14";"04";"2024";"02:50";"5";"75";"75102";"2";"2";"1";"3";"BOULEVARD DE SEBASTOPOL";"48,86623400";"2,35253500"
"202400022007";"26";"01";"2024";"12:20";"1";"973";"97302";"2";"3";"1";"3";"GIPPET (DOCTEUR)";"4,94116524";" -52,32213289"
"202400022008";"31";"07";"2024";"17:30";"1";"63";"63381";"1";"3";"1";"2";"RD941 / Les Fontêtes";"45,82131369";"2,92020575"
"202400022009";"7";"09";"2024";"02:40";"3";"64";"64304";"1";"6";"2";"7";"1179 Route de Mouguerre";"43,47321800";" -1,39549200"
"202400022010";"26";"01";"2024";"11:35";"1";"973";"97302";"2";"6";"1";"3";"KET TAI (CARREFOUR)";"4,93266523";" -52,32644320"
"202400022011";"13";"04";"2024";"16:30";"1";"75";"75104";"2";"2";"1";"3";"AVENUE VICTORIA";"48,85726800";"2,34921800"
"202400022012";"30";"07";"2024";"13:50";"1";"42";"42023";"1";"1";"1";"7";"Route de Saint Julien";"45,31318600";"4,59702600"
"202400022013";"6";"09";"2024";"21:45";"3";"49";"49299";"1";"1";"2";"7";"D752";"47,10120900";" -0,91903000"
"202400022014";"26";"01";"2024";"15:05";"1";"973";"97309";"2";"6";"1";"3";"SUZINI (CARREFOUR)";"4,92707000";" -52,28978000"
"202400022015";"30";"07";"2024";"13:30";"1";"47";"47222";"1";"1";"1";"1";"D11";"44,28767000";"0,13398200"
"202400022016";"14";"04";"2024";"19:00";"1";"94";"94068";"2";"1";"1";"2";"Boulevard du Général Ferrié";"48,80506841";"2,46906334"
"202400022017";"25";"01";"2024";"06:50";"1";"973";"97302";"2";"1";"2";"6";"ROUTE NATIONALE 1";"4,89720000";" -52,32829000"
"202400022018";"6";"09";"2024";"14:30";"1";"27";"27016";"2";"2";"7";"3";"Rue de la Gabelle";"49,24144600";"1,40164500"
"202400022019";"31";"07";"2024";"08:10";"1";"47";"47066";"1";"1";"1";"6";"RD245";"44,25796534";"0,48413662"
"202400022020";"15";"04";"2024";"08:15";"1";"93";"93072";"2";"6";"1";"6";"Avenue Aristide Briand / Rue Gambetta";"48,96306000";"2,37749000"
"202400022021";"31";"07";"2024";"08:40";"1";"34";"34008";"1";"1";"1";"7";"Route de Gatinie";"43,58115300";"3,07360800"
"202400022022";"26";"01";"2024";"20:30";"5";"69";"69387";"2";"2";"2";"3";"Rue d'Aguesseau";"45,75453000";"4,83994000"
"202400022023";"15";"04";"2024";"16:00";"1";"93";"93066";"2";"7";"3";"6";"Boulevard Anatole France / Rue Pleyel";"48,92006800";"2,34383404"