"Num_Acc";"jour";"mois";"an";"hrmn";"lum";"dep";"com";"agg";"int";"atm";"col";"adr";"lat";"long"
"202400022024";"7";"09";"2024";"15:10";"1";"76";"76261";"1";"1";"1";"5";"D21";"49,56797100";"1,54495200"
"202400022025";"7";"09";"2024";"16:18";"1";"60";"60666";"2";"1";"2";"7";"Rue Gérard de Nerval";"49,11136500";"2,63950300"
"202400022026";"26";"01";"2024";"08:34";"1";"972";"97209";"1";"1";"2";"2";"A.JOVIGNAC (RUE)";"14,61147000";" -61,07917000"
"202400022027";"15";"04";"2024";"08:45";"1";"93";"93051";"2";"1";"1";"2";"Rue de l’Universite";"48,83677000";"2,55891000"
"202400022028";"30";"07";"2024";"19:00";"1";"22";"22046";"1";"1";"1";"5";"La Croix Duret";"48,29969675";" -2,52702355"
"202400022029";"6";"09";"2024";"18:52";"1";"60";"60628";"1";"1";"1";"2";"N31";"49,42605600";"2,13511300"
"202400022030";"30";"07";"2024";"15:08";"1";"39";"39283";"1";"1";"1";"7";"N/A";"46,33675300";"5,68765700"
"202400022031";"15";"04";"2024";"13:16";"1";"92";"92062";"2";"1";"1";"3";"GENERAL DE GAULLE (AVENUE DU)";"48,88652000";"2,23057000"
"202400022032";"26";"01";"2024";"08:30";"1";"972";"97209";"1";"1";"1";"2";"RD 41 (ROCADE)";"14,61624000";" -61,06073000"
"202400022033";"30";"07";"2024";"22:20";"3";"44";"44083";"1";"1";"1";"2";"3 L'Egonnière";"46,97085800";" -1,67361500"
"202400022034";"16";"04";"2024";"01:00";"3";"95";"95205";"1";"1";"1";"1";"BOUQUEVAL (ROUTE DE)";"49,02310031";"2,39103913"
"202400022035";"23";"01";"2024";"08:10";"1";"971";"97120";"2";"1";"1";"6";"DUBOUCHAGE";"16,23470000";" -61,53291000"
"202400022036";"7";"09";"2024";"17:15";"1";"02";"02381";"1";"1";"1";"1";"D3050";"49,90859400";"4,10073300"
"202400022037";"24";"01";"2024";"16:00";"1";"971";"97113";"2";"1";"1";"7";"SECTION PLIANE";"16,21788000";" -61,45571000"
"202400022038";"16";"04";"2024";"08:55";"1";"66";"66164";"1";"9";"1";"3";"A9";"42,78180834";"2,89684474"
"202400022039";"30";"07";"2024";"21:45";"5";"38";"38269";"1";"3";"1";"1";"Chemin de Pré Neuf";"44,93312600";"5,78588000"
"202400022040";"4";"09";"2024";"16:45";"1";"13";"13212";"1";"1";"2";"3";"A507 sens Aubagne- Marseille";"43,29490378";"5,42459882"
"202400022041";"14";"04";"2024";"14:30";"1";"51";"51425";"1";"1";"1";"7";"D980";"49,13211000";"3,68153600"
"202400022042";"31";"07";"2024";"12:37";"1";"02";"02184";"2";"1";"1";"6";"25 Avenue Frédéric Viefville";"49,75268700";"3,56973600"
"202400022043";"26";"01";"2024";"16:25";"1";"95";"95563";"2";"3";"1";"1";"VERDUN (RUE DE)";"49,01060300";"2,23840700"
"202400022044";"30";"07";"2024";"12:25";"1";"84";"84017";"1";"1";"1";"7";"D974";"44,12028100";"5,24859000"
"202400022045";"26";"01";"2024";"08:30";"1";"91";"91122";"2";"2";"2";"6";"HACQUINIERE (RUE DE LA)";"48,69433000";"2,15292000"
"202400022046";"5";"09";"2024";"08:30";"1";"69";"69199";"2";"1";"3";"5";"Route Départementale 383";"45,70732537";"4,84363094"
"202400022047";"14";"04";"2024";"16:55";"1";"35";"35193";"1";"1";"1";"6";"D82";"48,24556800";" -1,71845900"
"202400022048";"26";"01";"2024";"15:40";"1";"91";"91027";"2";"3";"1";"3";"PLANTES (RUE DES)";"48,70512000";"2,37851300"
"202400022049";"31";"07";"2024";"10:00";"1";"15";"15189";"1";"3";"7";"3";"RD 7";"44,94974300";"2,20157900"
"202400022050";"6";"09";"2024";"11:50";"1";"33";"33003";"1";"1";"2";"2";"N/A";"44,93423500";" -0,46775000"
"202400022051";"12";"04";"2024";"17:20";"1";"79";"79127";"1";"2";"1";"3";"N/A";"46,18554300";" -0,51354600"
"202400022052";"26";"01";"2024";"08:30";"1";"91";"91174";"2";"3";"2";"6";"CRETE (BOULEVARD)";"48,61376000";"2,48021000"
"202400022053";"30";"07";"2024";"06:32";"2";"26";"26108";"2";"6";"1";"3";"D888";"44,72647600";"5,02067700"
"202400022054";"5";"09";"2024";"07:59";"1";"59";"59566";"1";"1";"1";"6";"AUTOROUTE A25";"50,61626000";"2,98484000"
"202400022055";"15";"04";"2024";"18:00";"1";100;100342";"2";"1";"1";"3";"lieu dit Travu T10";"41,91759900";"9,38962000"
"202400022056";"25";"01";"2024";"17:37";"1";"87";"87085";"2";"1";"1";"3";"MARCLAND (RUE DU DOCTEUR RAYMOND)";"45,81455000";"1,24199000"
"202400022057";"16";"04";"2024";"18:30";"1";"71";"71332";"1";"1";"1";"7";"Impasse des Crots";"46,65176404";"4,97196056"
"202400022058";"6";"09";"2024";"03:27";"3";"91";"91161";"1";"1";"1";"2";"AUTOROUTE A6";"48,69653000";"2,31651000"
"202400022059";"31";"07";"2024";"14:10";"1";"05";"05164";"1";"1";"1";"3";"N94";"44,52672789";"6,41811433"
"202400022060";"21";"01";"2024";"15:15";"1";"87";"87085";"1";"1";"2";"2";"AUTOROUTE A20";"45,90806000";"1,29164000"
"202400022061";"6";"09";"2024";"14:10";"1";"92";"92025";"1";"1";"1";"6";"A86";"48,93326783";"2,25212387"
"202400022062";"25";"01";"2024";"08:45";"2";"86";"86157";"2";"6";"1";"3";"N147";"46,55344200";"0,39923600"
"202400022063";"12";"04";"2024";"17:30";"1";"55";"55527";"2";"1";"1";"6";"11 rue saint jean";"49,22880600";"5,03349500"
"202400022064";"31";"07";"2024";"08:45";"1";"50";"50227";"2";"2";"1";"3";"rue saint pierre";"49,46097000";" -1,40507000"
"202400022065";"6";"09";"2024";"14:30";"1";"93";"93064";"1";"1";"1";"3";"AUTOROUTE A103";"48,88634048";"2,48395621"
"202400022066";"30";"07";"2024";"22:15";"3";"50";"50239";"1";"1";"1";"7";"D900";"49,11815300";" -1,15086100"
"202400022067";"15";"04";"2024";"17:20";"1";"49";"49214";"2";"1";"1";"7";"D103";"47,54356200";" -0,62113500"
"202400022068";"5";"09";"2024";"08:00";"1";"93";"93001";"1";"1";"3";"6";"AUTOROUTE A86";"48,92155930";"2,37673223"
"202400022069";"26";"01";"2024";"10:39";"1";"86";"86066";"2";"6";"1";"3";"Boulevard de Blossac";"46,81533278";"0,54485967"
"202400022070";"30";"07";"2024";"16:30";"1";"90";"90088";"2";"1";"1";"7";"28 Rue des Ecoles";"47,73015500";"6,85214800"
"202400022071";"16";"04";"2024";"08:10";"1";"25";"25160";"1";"1";"8";"6";"2 Route de la Grotte";"47,03301300";"6,51764500"
"202400022072";"5";"09";"2024";"07:07";"2";"95";"95572";"1";"1";"3";"6";"N184";"49,03385084";"2,11134575"
"202400022073";"25";"01";"2024";"18:52";"5";"85";"85194";"2";"6";"1";"3";"RD949";"46,51381300";" -1,78172430"
"202400022074";"30";"07";"2024";"11:35";"1";"64";"64160";"2";"3";"1";"3";"20 Allée Edmond Rostand";"43,36110500";" -1,40103600"
"202400022075";"15";"04";"2024";"19:45";"1";"25";"25578";"2";"9";"1";"1";"Rue Adelphe Daudey";"47,14553200";"6,34253400"
"202400022076";"4";"09";"2024";"08:45";"1";"95";"95212";"1";"1";"1";"3";"N104";"49,02898260";"2,53020029"
"202400022077";"25";"01";"2024";"19:00";"5";"84";"84007";"2";"1";"1";"6";"République (rue de la )";"43,94782100";"4,80584100"
"202400022078";"16";"04";"2024";"16:45";"1";"25";"25195";"2";"3";"2";"1";"Rue de la Gare";"47,20474800";"5,87703100"
"202400022079";"30";"07";"2024";"20:00";"1";"40";"40091";"1";"3";"1";"1";"Route du Lac";"43,70456874";" -0,31942248"
"202400022080";"4";"09";"2024";"09:20";"1";"93";"93005";"1";"1";"1";"2";"AUTOROUTE A3";"48,96489011";"2,47555973"
"202400022081";"26";"01";"2024";"15:45";"1";"83";"83034";"1";"1";"1";"6";"RUE DES 3 PINS";"43,10090000";"6,05959000"
"202400022082";"30";"03";"2024";"03:30";"5";"44";"44018";"2";"6";"2";"6";"53 Rue de Nantes";"47,14374800";" -1,67896600"
"202400022083";"29";"07";"2024";"18:32";"1";"17";"17091";"1";"9";"1";"3";"les vrillandes neuv - D9";"46,27992100";" -1,07323000"
"202400022084";"6";"09";"2024";"08:15";"1";"77";"77169";"1";"1";"1";"2";"A4.Y";"48,83350600";"2,59213400"
"202400022085";"26";"01";"2024";"14:00";"1";"82";"82121";"2";"1";"8";"3";"285 avenue de paris";"44,03229200";"1,37386700"
"202400022086";"15";"04";"2024";"19:16";"1";"01";"01374";"1";"1";"1";"1";"Chemin du Pavillon";"46,11855500";"5,30112900"
"202400022087";"30";"07";"2024";"15:50";"1";"23";"23089";"1";"1";"1";"7";"le Château Pointu";"46,37289678";"1,99162960"
"202400022088";"16";"04";"2024";"11:30";"1";"01";"01204";"1";"1";"2";"1";"867 Route de Geneve";"46,16401300";"5,69446200"
"202400022089";"25";"01";"2024";"10:40";"1";"81";"81021";"2";"3";"1";"3";"25 Boulevard du Languedoc";"43,50697000";"2,36925000"
"202400022090";"12";"04";"2024";"18:45";"1";"14";"14456";"1";"2";"1";"1";"Route des Pédouze";"49,12218681";" -0,13161688"
"202400022091";"14";"04";"2024";"12:40";"1";"53";"53190";"1";"1";"1";"7";"Les Hautes Frogeries";"48,38997283";" -0,39273052"
"202400022092";"16";"04";"2024";"13:15";"1";"27";"27258";"1";"1";"1";"7";"rd 27";"49,31924200";"0,37843300"
"202400022093";"22";"01";"2024";"16:55";"1";"81";"81065";"2";"1";"1";"6";"ALBERT 1° (AV)";"43,59886590";"2,23143570"
"202400022094";"16";"04";"2024";"07:31";"1";"27";"27032";"1";"2";"1";"6";"rue du vivier // rue de la Haie d'Aumet - hameau ""la Sôgne"" - THOMER LA SOGNE";"48,90924800";"1,14470800"
"202400022095";"26";"07";"2024";"08:45";"1";"37";"37109";"1";"3";"1";"1";"RD 367";"47,41277697";"0,62084591"
"202400022096";"15";"04";"2024";"21:00";"3";"23";"23015";"1";"1";"3";"6";"Les Genets";"46,36075300";"1,49105100"
"202400022097";"26";"01";"2024";"21:10";"5";"78";"78498";"2";"1";"1";"2";"QUARANTE SOUS ROUTE DE";"48,91474000";"2,01979000"
"202400022098";"5";"03";"2024";"08:30";"1";"13";"13077";"2";"6";"1";"3";"LIBERTE (quai de la)";"43,40670000";"4,98794000"
"202400022099";"30";"07";"2024";"16:35";"1";"88";"88158";"2";"3";"1";"7";"Rue du Plateau";"48,09099400";"6,60127000"
"202400022100";"15";"04";"2024";"17:35";"1";"37";"37050";"2";"2";"8";"6";"21 Avenue de la République";"47,34700600";"0,70697000"
"202400022101";"5";"09";"2024";"10:45";"1";"974";"97416";"1";"1";"1";"2";"OLIVINES (RUE DES)";" -21,32262000";"55,47389000"
"202400022102";"26";"01";"2024";"14:00";"1";"77";"77083";"2";"1";"1";"6";"COPERNIC (BOULEVARD)";"48,84186000";"2,58616000"
"202400022103";"17";"07";"2024";"17:05";"1";"10";"10045";"1";"1";"1";"2";"Beurey";"48,17620000";"4,44380000"
"202400022104";"16";"04";"2024";"09:55";"1";"38";"38530";"1";"1";"1";"5";"D1006";"45,61135100";"5,20661800"
"202400022105";"5";"09";"2024";"06:45";"1";"974";"97416";"1";"1";"1";"2";"RN3 (2)";" -21,33251000";"55,46326000"
"202400022106";"25";"01";"2024";"19:30";"3";"77";"77394";"1";"1";"1";"7";"MEAUX   (ROUTE DE )";"48,56793000";"2,69468000"
"202400022107";"15";"04";"2024";"19:45";"2";"01";"01301";"2";"1";"1";"6";"154 Route de Bourg-en-bresse";"46,24902500";"5,12846900"
"202400022108";"31";"07";"2024";"14:15";"1";"13";"13044";"1";"1";"1";"1";"D16";"43,59696600";"5,04512300"
"202400022109";"4";"09";"2024";"16:10";"1";"974";"97416";"2";"1";"1";"3";"BOIS NOIRS (ALLEE DES) (1)";" -21,28271000";"55,46347000"
"202400022110";"29";"07";"2024";"19:00";"1";"33";"33284";"1";"1";"1";"6";"N/A";"44,62345100";" -0,96356500"
"202400022111";"26";"01";"2024";"15:30";"1";"77";"77276";"1";"6";"1";"3";"RD 360";"48,91708000";"2,87994000"
"202400022112";"16";"04";"2024";"01:00";"3";"988";"98827";"1";"1";"1";"6";"Col de Poya";" -21,36169000";"165,18216000"
"202400022113";"26";"01";"2024";"15:35";"1";"76";"76705";"1";"6";"1";"6";"Boulevard Gabriel Péri";"49,31961000";"1,07396000"
"202400022114";"30";"07";"2024";"18:45";"1";"11";"11076";"2";"1";"8";"1";"378 Avenue Arnaut Vidal";"43,31256800";"1,94748800"
"202400022115";"3";"09";"2024";"14:35";"1";"974";"97411";"2";"2";"1";"3";"OLIVIER (RUE JULES)";" -20,88163000";"55,45506000"
"202400022116";"16";"04";"2024";"12:45";"1";"45";"45324";"2";"1";"1";"6";"D951 PR 63 + 54";"47,79612300";"2,19767900"
"202400022117";"26";"01";"2024";"07:30";"5";"76";"76575";"2";"2";"2";"6";"Rue Georges Guynemer";"49,39842000";"1,07455000"
"202400022118";"31";"07";"2024";"18:55";"1";"34";"34022";"2";"3";"1";"3";"route nationale 113";"43,65806900";"4,01230000"
"202400022119";"5";"09";"2024";"15:30";"1";"69";"69388";"2";"1";"1";"3";"Rue Professeur Tavernier";"45,72729000";"4,86752000"
"202400022120";"6";"04";"2024";"22:20";"5";"77";"77440";"2";"1";"1";"1";"D603 - rue de metz";"48,94752600";"3,08635400"
"202400022121";"30";"07";"2024";"16:46";"1";"83";"83150";"1";"1";"1";"2";"D952";"43,71837300";"5,79951500"
"202400022122";"25";"01";"2024";"08:15";"2";"76";"76351";"2";"6";"1";"6";"MARCEAU (RUE)";"49,49150000";"0,13300000"
"202400022123";"30";"07";"2024";"15:40";"1";"83";"83008";"1";"1";"1";"6";"N/A";"43,53464300";"6,72494200"
"202400022124";"16";"04";"2024";"07:20";"1";101;101114";"1";"1";"1";"1";"RD622";"41,51102000";"9,12840000"
"202400022125";"4";"09";"2024";"16:30";"1";"69";"69387";"2";"3";"1";"7";"Rue de l'Université";"45,74824000";"4,84352000"
"202400022126";"26";"01";"2024";"02:30";"5";"76";"76351";"2";"1";"1";"6";"CLEMENCEAU (BD)";"49,48765000";"0,09852000"
"202400022127";"31";"07";"2024";"13:45";"1";"04";"04143";"1";"1";"1";"3";"D12";"43,91846900";"5,92957000"
"202400022128";"25";"01";"2024";"08:06";"2";"76";"76351";"2";"6";"1";"7";"MARCEAU (RUE)";"49,49153000";"0,13303000"
"202400022129";"5";"09";"2024";"13:00";"1";"972";"97209";"2";"9";"2";"6";"MOUTTE (ROUTE DE)";"14,61658000";" -61,05779000"
"202400022130";"26";"01";"2024";"18:00";"5";"76";"76217";"2";"3";"1";"6";"CANADIENS (AVENUE DES)  RN27";"49,90501000";"1,07684000"
"202400022131";"25";"07";"2024";"14:00";"1";"13";"13015";"1";"1";"1";"1";"CD6";"43,43149700";"5,41587400"
"202400022132";"5";"09";"2024";"16:40";"1";101;101004";"2";"1";"1";"3";"#MEZZAVIA ROUTE DE#";"41,95178000";"8,78267000"
"202400022133";"30";"07";"2024";"21:35";"5";"67";"67205";"2";"1";"1";"7";"19 rue de l'industrie";"48,67679400";"7,78328800"
"202400022134";"26";"01";"2024";"10:45";"1";"74";"74305";"2";"2";"1";"6";"VOIRONS (RUE DES)";"46,20270000";"6,25229000"
"202400022135";"28";"07";"2024";"19:25";"1";"55";"55366";"1";"1";"1";"1";"D994";"48,80223385";"5,11765804"
"202400022136";"4";"09";"2024";"17:50";"1";101;101004";"2";"1";"1";"3";"PRINCE IMPERIAL COURS";"41,93422000";"8,74751000"
"202400022137";"26";"01";"2024";"23:55";"5";"72";"72181";"2";"1";"1";"6";"BOEUFS MOTO CROSS (CHEMIN AUX)";"47,94780000";"0,21280000"
"202400022138";"27";"07";"2024";"05:40";"2";"38";"38565";"2";"1";"1";"6";"Quai des Chartreux";"45,29995900";"5,63798100"
"202400022139";"5";"09";"2024";"10:30";"1";"95";"95585";"2";"1";"3";"6";"D125";"48,99122694";"2,37187421"
"202400022140";"26";"01";"2024";"10:00";"1";"72";"72181";"2";"1";"2";"6";"OYON ALEXANDRE (BD)";"47,99467000";"0,19009000"
"202400022141";"30";"07";"2024";"20:50";"2";"38";"38382";"2";"2";"1";"3";"D1075";"45,23501100";"5,67649700"
"202400022142";"4";"09";"2024";"15:58";"1";"95";"95252";"2";"3";"1";"3";"ALEXANDRE DUMAS (RUE)";"48,99032000";"2,22964000"
"202400022143";"26";"01";"2024";"16:35";"1";"69";"69256";"2";"2";"1";"6";"Rue Cuzin";"45,77552000";"4,91724000"
"202400022144";"30";"07";"2024";"17:45";"1";"26";"26271";"1";"2";"1";"3";"Route du Dauphiné";"45,03338000";"4,86767300"
"202400022145";"5";"09";"2024";"10:30";"1";"91";"91377";"2";"1";"2";"1";"AV SAINT MARC";"48,73135000";"2,28710000"
"202400022146";"24";"01";"2024";"11:50";"1";"67";"67462";"2";"1";"2";"3";"CHARLEMAGNE (BOULEVRD)";"48,26227000";"7,45477000"
"202400022147";"30";"07";"2024";"08:41";"1";"69";"69204";"2";"9";"1";"6";"27 Avenue Georges Clémenceau";"45,70023800";"4,79545200"
"202400022148";"26";"01";"2024";"17:10";"1";"64";"64445";"2";"1";"1";"7";"ALFRED NOBEL";"43,31794000";" -0,30969000"
"202400022149";"31";"07";"2024";"09:20";"1";"33";"33056";"2";"1";"1";"3";"Avenue du Général de Gaulle";"44,92316500";" -0,63479400"
"202400022150";"5";"09";"2024";"20:16";"2";"84";"84007";"2";"6";"1";"1";"AMANDIER (AVENUE DE L')";"43,93572000";"4,84799000"
"202400022151";"25";"01";"2024";"17:42";"1";"64";"64102";"2";"1";"1";"6";"BERNEDE (RUE)";"43,49280356";" -1,47495210"
"202400022152";"21";"07";"2024";"17:13";"1";"14";"14762";"1";"1";"1";"1";"La Gréardière";"48,79093100";" -0,91003100"
"202400022153";"5";"09";"2024";"18:45";"1";"83";"83126";"2";"1";"1";"6";"MERLE (BD TOUSSAINT)";"43,10111000";"5,88776000"
"202400022154";"26";"01";"2024";"20:37";"5";"63";"63113";"2";"5";"2";"6";"JOUHAUX (BD LEON)";"45,79250000";"3,11793000"
"202400022155";"30";"07";"2024";"20:15";"1";"56";"56241";"2";"1";"1";"2";"Rue du Port Vihan";"47,37332500";" -3,22002100"
"202400022156";"4";"09";"2024";"05:20";"5";"83";"83129";"2";"6";"8";"3";"JUIN MARECHAL (AV DU)";"43,09466024";"5,84709239"
"202400022157";"29";"07";"2024";"20:30";"1";"22";"22008";"1";"2";"1";"1";"Rue de la Croix Jean Gicquel";"48,41817900";" -2,07993500"
"202400022158";"18";"01";"2024";"15:45";"1";"63";"63113";"2";"8";"1";"3";"Voie tram : TORPILLEUR SIROCCO / Solayer";"45,80962000";"3,10711000"
"202400022159";"4";"09";"2024";"15:45";"1";"80";"80021";"2";"1";"1";"3";"ALEXANDRE DUMAS (RUE)";"49,87529000";"2,28367000"
"202400022160";"26";"01";"2024";"18:30";"3";"59";"59599";"2";"9";"1";"6";"Avenue de la Fin de la Guerre";"50,72922500";"3,14476000"
"202400022161";"26";"07";"2024";"14:40";"1";"62";"62014";"2";"3";"1";"1";"Rue du Sac";"50,66124275";"2,36943358"
"202400022162";"6";"09";"2024";"00:50";"3";"78";"78299";"2";"1";"1";"6";"Boulevard Michelet";"49,00477000";"1,90082000"
"202400022163";"26";"01";"2024";"07:55";"2";"59";"59378";"2";"1";"2";"6";"Boulevard Clémenceau";"50,66433000";"3,08866000"
"202400022164";"26";"07";"2024";"16:50";"1";"59";"59614";"1";"1";"1";"6";"D113";"50,16908200";"3,45837600"
"202400022165";"5";"09";"2024";"18:40";"1";"77";"77326";"1";"1";"1";"6";"D. 50";"48,58979000";"2,56359000"
"202400022166";"26";"01";"2024";"04:05";"3";"54";"54395";"2";"1";"1";"6";"Place des Vosges";"48,68514425";"6,18695766"
"202400022167";"30";"07";"2024";"18:20";"1";"13";"13212";"1";"1";"1";"2";"A507 sens Marseille - Aubagne";"43,29482000";"5,42631000"
"202400022168";"5";"09";"2024";"06:35";"3";"77";"77186";"1";"2";"3";"1";"RD606. de la rochette à l'obélisque";"48,48371028";"2,66588236"
"202400022169";"25";"01";"2024";"18:45";"5";"54";"54304";"2";"2";"2";"3";"Boulevard du Maréchal Foch";"48,68034000";"6,15362000"
"202400022170";"30";"07";"2024";"11:40";"1";"13";"13211";"1";"1";"1";"2";"A50-Sens Aubagne vers Marseille";"43,28807985";"5,44165529"
"202400022171";"4";"09";"2024";"20:30";"5";"76";"76351";"2";"2";"1";"3";"EUGENE MOPIN (RUE)";"49,52219000";"0,16091000"
"202400022172";"25";"01";"2024";"14:00";"1";"54";"54274";"2";"3";"1";"3";"Avenue de la Malgrange";"48,67216000";"6,20119000"
"202400022173";"30";"07";"2024";"08:40";"1";"13";"13033";"1";"1";"1";"3";"A55-Sens Marseille vers Martigues";"43,37304848";"5,18576785"
"202400022174";"3";"09";"2024";"17:40";"1";"76";"76351";"2";"3";"1";"3";"BOUTEILLERIE (DE LA)";"49,52173000";"0,16481000"
"202400022175";"26";"01";"2024";"07:50";"5";"51";"51454";"2";"1";"2";"6";"KOENIG (RUE DU GENERAL)";"49,22658700";"4,02401900"
"202400022176";"5";"09";"2024";"05:50";"3";"73";"73065";"2";"3";"3";"1";"D912 GRANDE CHARTREUSE (AVENUE DE LA)";"45,55544122";"5,92181292"
"202400022177";"26";"01";"2024";"06:40";"5";"51";"51454";"2";"1";"1";"6";"CRENEAUX (RUE DES)";"49,24369700";"4,04369000"
"202400022178";"5";"09";"2024";"20:00";"2";"67";"67218";"2";"1";"3";"6";"ALSACE (RUE D )";"48,53352000";"7,72718000"
"202400022179";"30";"07";"2024";"08:05";"1";"83";"83144";"1";"1";"1";"4";"A57";"43,14055487";"6,00057177"
"202400022180";"25";"01";"2024";"20:25";"5";"50";"50129";"2";"1";"1";"6";"MENDES FRANCE (BOULEVARD)";"49,63393000";" -1,62290000"
"202400022181";"5";"09";"2024";"01:00";"5";"67";"67043";"2";"1";"2";"3";"BISCHWILLER (ROUTE DE)";"48,61536346";"7,75282055"
"202400022182";"25";"01";"2024";"05:19";"5";"49";"49007";"2";"1";"2";"3";"GAULLE BOULEVARD CHARLES DE";"47,47015000";" -0,56228000"
"202400022183";"5";"09";"2024";"08:25";"1";"66";"66136";"2";"1";"1";"6";"Chemin de Saint-Roch";"42,68791000";"2,90858000"
"202400022184";"24";"07";"2024";"23:15";"5";"69";"69266";"1";"1";"1";"4";"Boulevard Périphérique Nord";"45,79118648";"4,88339652"
"202400022185";"25";"01";"2024";"07:56";"5";"49";"49007";"1";"1";"1";"2";"ATLANTIQUE  AVENUE DE L'";"47,46776000";" -0,58483000"
"202400022186";"5";"09";"2024";"14:10";"1";"65";"65440";"2";"9";"1";"3";"PARC DES EXPOSITIONS (ROND-POINT)";"43,21926440";"0,08389636"
"202400022187";"24";"07";"2024";"16:45";"1";"59";"59343";"1";"1";"1";"2";"AUTOROUTE A1";"50,58295075";"3,09008033"
"202400022188";"24";"01";"2024";"07:40";"5";"49";"49007";"2";"1";"2";"3";"PYRAMIDE ROUTE";"47,44865000";" -0,51203000"
"202400022189";"5";"09";"2024";"13:20";"1";"64";"64545";"1";"1";"1";"1";"RD810";"43,36200000";" -1,71632000"
"202400022190";"26";"01";"2024";"19:10";"5";"44";"44109";"2";"1";"1";"6";"1 Rue du Ballet";"47,23089000";" -1,55694000"
"202400022191";"5";"09";"2024";"15:50";"1";"64";"64445";"2";"1";"1";"7";"LARRIBAU";"43,30244000";" -0,32972000"
"202400022192";"30";"07";"2024";"16:45";"1";"93";"93078";"1";"1";"1";"4";"AUTOROUTE A104";"48,95883814";"2,53476623"
"202400022193";"26";"01";"2024";"13:00";"1";"43";"43157";"2";"6";"1";"7";"69 Avenue Marechal Foch";"45,03464000";"3,88690000"
"202400022194";"5";"09";"2024";"14:50";"1";"64";"64445";"2";"6";"1";"3";"POUGUET";"43,32038000";" -0,35258000"
"202400022195";"5";"09";"2024";"07:35";"1";"64";"64445";"2";"1";"1";"6";"CHAMPETIER DE RIBES";"43,30357000";" -0,37824000"
"202400022196";"25";"01";"2024";"17:00";"1";"42";"42223";"2";"6";"1";"2";"Route des Monts d’Urfee";"45,46488201";"4,32147726"
"202400022197";"30";"07";"2024";"16:50";"1";"93";"93078";"1";"1";"1";"5";"AUTOROUTE A104";"48,95934580";"2,52584113"
"202400022198";"26";"01";"2024";"08:05";"2";"41";"41018";"2";"1";"1";"6";"MAUNOURY (AVENUE DE MARECHAL)";"47,59068000";"1,33510000"
"202400022199";"21";"08";"2024";"12:45";"1";"62";"62765";"2";"1";"7";"6";"Quai du Commerce";"50,75389000";"2,26237000"
"202400022200";"26";"01";"2024";"06:40";"5";"38";"38185";"2";"1";"1";"3";"RUE DES ALLIÉS";"45,17056000";"5,72764000"
"202400022201";"1";"09";"2024";"16:40";"1";"62";"62757";"2";"1";"1";"2";"D928";"50,75458000";"2,23921000"
"202400022202";"26";"01";"2024";"12:08";"1";"37";"37261";"2";"2";"3";"6";"HEURTELOUP (BOULEVARD)";"47,39189000";"0,69915000"
"202400022203";"30";"07";"2024";"16:10";"1";"93";"93066";"1";"1";"1";"4";"AUTOROUTE A1";"48,90515615";"2,35842786"
"202400022204";"5";"09";"2024";"12:10";"1";"62";"62523";"2";"1";"1";"3";"D162E1";"50,43909000";"2,87606000"
"202400022205";"25";"01";"2024";"20:30";"5";"37";"37261";"2";"7";"1";"6";"PERE GORIOT (RUE DU)";"47,42015000";"0,70106000"
"202400022206";"4";"09";"2024";"15:20";"1";"62";"62570";"2";"6";"1";"3";"D262";"50,39838200";"2,88584089"
"202400022207";"26";"01";"2024";"15:00";"1";"35";"35281";"1";"1";"1";"3";"NATIONALE";"48,09029000";" -1,70498000"
"202400022208";"30";"07";"2024";"15:20";"1";"93";"93013";"1";"1";"1";"2";"AUTOROUTE A1";"48,94143032";"2,42796991"
"202400022209";"23";"08";"2024";"13:05";"1";"62";"62498";"2";"9";"1";"3";"Rue de Londres";"50,44314045";"2,83680350"
"202400022210";"26";"01";"2024";"08:15";"5";"35";"35238";"2";"3";"2";"6";"MOUNIER (BD EMMANUEL)";"48,12596000";" -1,66561000"
"202400022211";"30";"07";"2024";"10:45";"1";"93";"93066";"1";"1";"1";"4";"AUTOROUTE A1";"48,91859593";"2,35735953"
"202400022212";"5";"09";"2024";"13:10";"1";"62";"62193";"2";"1";"1";"3";"Rue du Groupe Normandie Niemen";"50,95138000";"1,90338000"
"202400022213";"26";"01";"2024";"22:00";"5";"34";"34301";"2";"1";"1";"2";"VERDUN (BOULEVARD DE)";"43,41000000";"3,68000000"
"202400022214";"30";"07";"2024";"05:00";"3";"93";"93008";"1";"1";"1";"6";"AUTOROUTE A86";"48,91075329";"2,44277632"
"202400022215";"4";"09";"2024";"11:20";"1";"60";"60159";"2";"3";"1";"6";"Jeanne d'Arc     ( Rue)";"49,41749000";"2,82321000"
"202400022216";"26";"01";"2024";"08:20";"1";"33";"33063";"2";"1";"5";"6";"N/A";"44,88191000";" -0,55107000"
"202400022217";"30";"07";"2024";"23:15";"3";"95";"95351";"1";"1";"1";"3";"N104";"49,02967727";"2,49931068"
"202400022218";"25";"01";"2024";"13:50";"1";"33";"33069";"2";"9";"1";"3";"N/A";"44,86942000";" -0,60720000"
"202400022219";"6";"09";"2024";"01:00";"5";"59";"59350";"2";"1";"1";"6";"Rue du Quai";"50,63713000";"3,05562000"