"Num_Acc";"jour";"mois";"an";"hrmn";"lum";"dep";"com";"agg";"int";"atm";"col";"adr";"lat";"long"
"202400022220";"29";"07";"2024";"22:20";"5";"95";"95527";"1";"1";"1";"2";"A3";"48,98224238";"2,50206822"
"202400022221";"5";"09";"2024";"20:08";"1";"56";"56260";"2";"2";"1";"6";"Rue Henri Dunant";"47,65169000";" -2,76775000"
"202400022222";"26";"01";"2024";"16:20";"1";"29";"29232";"2";"1";"1";"4";"Route de Rosporden";"47,98989423";" -4,06456878"
"202400022223";"4";"09";"2024";"16:37";"1";"51";"51454";"2";"3";"1";"7";"POINCARE (RUE RAYMOND)";"49,28240700";"4,01899800"
"202400022224";"29";"07";"2024";"16:30";"1";"93";"93013";"1";"1";"1";"4";"AUTOROUTE A1";"48,94022999";"2,42355031"
"202400022225";"29";"07";"2024";"14:00";"1";"95";"95488";"1";"1";"1";"6";"A15";"49,01352598";"2,14843642"
"202400022226";"26";"01";"2024";"18:55";"5";"26";"26198";"1";"3";"1";"3";"Avenue de Gournier";"44,53168000";"4,74263000"
"202400022227";"31";"08";"2024";"19:00";"1";"50";"50502";"2";"2";"1";"3";"EXODE";"49,11109000";" -1,09001000"
"202400022228";"25";"01";"2024";"18:15";"5";"25";"25284";"2";"1";"2";"6";"BETHONCOURT (ROUTE DE )";"47,53018000";"6,81022000"
"202400022229";"19";"08";"2024";"00:00";"3";"49";"49099";"1";"1";"1";"2";"RD 20";"47,04831000";" -0,83236000"
"202400022230";"30";"07";"2024";"19:45";"1";"77";"77058";"1";"1";"1";"4";"A4";"48,83080000";"2,69269500"
"202400022231";"26";"01";"2024";"07:30";"5";"25";"25056";"2";"1";"1";"1";"BLUM BOULEVARD LEON (entre 51 ET  90)";"47,25999000";"6,03092000"
"202400022232";"5";"09";"2024";"04:20";"5";"49";"49007";"2";"1";"1";"6";"CROIX BLANCHE RUE ET SQUARE";"47,47870000";" -0,51751000"
"202400022233";"29";"07";"2024";"16:50";"1";"77";"77373";"1";"1";"1";"6";"RN104";"48,77291200";"2,61187600"
"202400022234";"4";"09";"2024";"22:40";"5";"49";"49007";"2";"1";"1";"3";"SAUMUROISE IMPASSE ET RUE";"47,45564000";" -0,52990000"
"202400022235";"29";"07";"2024";"12:50";"1";"45";"45208";"2";"1";"1";"6";"D943 PR 0 + 780";"47,99824100";"2,74329400"
"202400022236";"25";"01";"2024";"21:15";"5";"14";"14118";"2";"1";"1";"2";"4 Boulevard Richemond";"49,19156000";" -0,37570000"
"202400022237";"5";"09";"2024";"10:34";"1";"45";"45232";"2";"1";"2";"3";"D2020 PR 40 + 408";"47,85270000";"1,91194000"
"202400022238";"28";"05";"2024";"17:25";"1";"43";"43089";"2";"1";"1";"7";"Route de Langeac";"45,05222960";"3,84412651"
"202400022239";"25";"01";"2024";"21:30";"5";"14";"14118";"2";"3";"1";"3";"126 Boulevard Raymond Poincaré";"49,16693000";" -0,33855000"
"202400022240";"30";"05";"2024";"05:50";"5";"43";"43157";"2";"1";"7";"6";"Place du Breuil";"45,04207000";"3,88473000"
"202400022241";"5";"09";"2024";"08:00";"1";"45";"45234";"2";"6";"2";"1";"Rue du Chapeau Rouge";"47,87980000";"1,88540000"
"202400022242";"25";"01";"2024";"19:05";"5";"14";"14118";"2";"1";"2";"7";"Avenue Amiral Mountbatten";"49,19998000";" -0,39318000"
"202400022243";"30";"05";"2024";"16:20";"1";"74";"74012";"2";"1";"1";"4";"THONON (ROUTE DE)";"46,19413000";"6,25782000"
"202400022244";"5";"09";"2024";"07:35";"1";"45";"45284";"1";"1";"2";"3";"RN 60";"47,92468000";"1,97724000"
"202400022245";"26";"01";"2024";"11:00";"1";"13";"13043";"2";"1";"1";"2";"ROVE (AV DU )";"43,38390000";"5,21954000"
"202400022246";"5";"09";"2024";"14:00";"1";"45";"45208";"2";"1";"1";"2";"32 Rue Emile Decourt";"47,99822900";"2,74605300"
"202400022247";"25";"05";"2024";"02:30";"5";"57";"57019";"2";"1";"1";"7";"CD47";"49,25716215";"6,11427784"
"202400022248";"29";"07";"2024";"07:10";"2";"973";"97302";"2";"6";"1";"7";"GIRATOIRE MARINGOUINS";"4,90696000";" -52,32233000"
"202400022249";"25";"01";"2024";"13:10";"1";"13";"13054";"2";"2";"1";"3";"SIGNORE (BD DE LA )";"43,42109000";"5,20775000"
"202400022250";"5";"09";"2024";"07:00";"2";"44";"44184";"2";"1";"3";"3";"38 Rue Gabriel Fauré";"47,26976000";" -2,23895000"
"202400022251";"28";"07";"2024";"22:25";"5";"973";"97302";"2";"1";"1";"2";"MERE THERESA (rue)";"4,91919000";" -52,31276000"
"202400022252";"25";"01";"2024";"09:00";"1";"11";"11069";"2";"3";"1";"3";"36 Avenue du Général Leclerc";"43,21009000";"2,36450000"
"202400022253";"3";"09";"2024";"21:30";"2";"44";"44109";"2";"5";"1";"1";"10 Quai Moncousu";"47,20930000";" -1,55542000"
"202400022254";"27";"07";"2024";"11:10";"1";"972";"97209";"2";"2";"1";"3";"VICTOR CORIDUN (AVENUE)";"14,60985000";" -61,04684000"
"202400022255";"5";"09";"2024";"11:30";"1";"37";"37214";"2";"1";"2";"2";"MAISONS BLANCHES (QUAI DES)";"47,39568000";"0,65703000"
"202400022256";"23";"01";"2024";"17:45";"5";"06";"06027";"2";"1";"1";"4";"Promenade de la Plage";"43,65230000";"7,15440000"
"202400022257";"5";"09";"2024";"19:45";"1";"36";"36159";"2";"1";"8";"1";"Avenue de la Forêt";"46,77384340";"1,71059489"
"202400022258";"29";"07";"2024";"01:26";"5";"69";"69387";"2";"1";"1";"6";"Rue Montesquieu";"45,75181000";"4,84413000"
"202400022259";"26";"01";"2024";"18:50";"5";"01";"01053";"2";"3";"2";"6";"boulevard de brou";"46,19989000";"5,23347000"
"202400022260";"5";"09";"2024";"04:30";"5";"35";"35238";"2";"2";"2";"3";"FREVILLE (AVENUE HENRI)";"48,08372000";" -1,67514000"
"202400022261";"25";"01";"2024";"22:30";"5";"75";"75120";"2";"1";"1";"7";"ECHANGEUR BAGNOLET";"48,86589882";"2,41253579"
"202400022262";"29";"07";"2024";"22:40";"5";100;100033";"2";"6";"1";"3";"GIACCOBBI - AV PAUL";"42,67131000";"9,44248000"
"202400022263";"5";"09";"2024";"17:10";"1";"34";"34172";"2";"1";"1";"3";"MOULINS (AVENUE DES";"43,62089000";"3,83363000"
"202400022264";"26";"01";"2024";"06:00";"5";"75";"75105";"2";"3";"2";"6";"RUE DES ECOLES";"48,84992480";"2,34365112"
"202400022265";"29";"07";"2024";"18:58";"1";100;100120";"1";"1";"1";"2";"LAGUNE (Route de la) D107";"42,61847000";"9,47620000"
"202400022266";"4";"09";"2024";"09:33";"1";"34";"34003";"2";"6";"1";"3";"MONACO (F16 A G15";"43,30909000";"3,47714000"
"202400022267";"27";"07";"2024";"15:00";"1";"971";"97101";"1";"1";"1";"6";"PERRIN (SECTEUR)";"16,28071000";" -61,51117000"
"202400022268";"26";"01";"2024";"08:25";"2";"75";"75120";"2";"4";"2";"5";"AVENUE GAMBETTA";"48,87121900";"2,40400800"
"202400022269";"5";"09";"2024";"08:10";"1";"33";"33318";"2";"1";"1";"2";"N/A";"44,81228000";" -0,64470000"
"202400022270";"26";"01";"2024";"07:40";"5";"75";"75117";"2";"1";"2";"6";"BOULEVARD DU FORT DE VAUX";"48,89349300";"2,30336400"
"202400022271";"29";"07";"2024";"09:45";"1";101;101004";"1";"1";"1";"2";"ALATA ROUTE";"41,94619000";"8,73715000"
"202400022272";"5";"09";"2024";"15:20";"1";"27";"27681";"1";"3";"3";"3";"IVRY (ROUTE D')";"49,07100000";"1,47200000"
"202400022273";"29";"07";"2024";"13:40";"1";"95";"95277";"2";"1";"1";"6";"BELLE ETOILE (RUE DE LA)";"48,97857000";"2,50021000"
"202400022274";"26";"01";"2024";"00:10";"5";"75";"75115";"2";"3";"1";"1";"AVENUE DU MAINE";"48,84495700";"2,31984900"
"202400022275";"5";"09";"2024";"19:40";"1";"27";"27229";"2";"2";"1";"2";"VERNON (RUE DE)";"49,03173000";"1,15862000"
"202400022276";"29";"07";"2024";"09:45";"1";"95";"95280";"2";"3";"1";"1";"ALBERT SARRAUT (AVENUE)";"49,03154100";"2,45913148"
"202400022277";"24";"01";"2024";"14:35";"1";"75";"75114";"2";"3";"1";"3";"RUE FROIDEVAUX";"48,83518400";"2,32999600"
"202400022278";"5";"09";"2024";"14:08";"1";"27";"27229";"2";"1";"2";"7";"VAL ITON (RUE DU)";"49,03426000";"1,14763000"
"202400022279";"29";"07";"2024";"06:55";"1";"95";"95555";"2";"6";"1";"6";"CRESSONNIERES (RUE DES)";"48,97633577";"2,28766948"
"202400022280";"5";"09";"2024";"18:45";"1";"26";"26362";"2";"1";"1";"6";"Avenue Victor Hugo";"44,91430002";"4,88477468"
"202400022281";"29";"07";"2024";"06:15";"1";"95";"95127";"2";"6";"1";"3";"HAUT PAVE (AVENUE DU)";"49,05105206";"2,03174606"
"202400022282";"26";"01";"2024";"10:50";"1";"75";"75113";"2";"2";"1";"6";"RUE CLISSON";"48,83218200";"2,36765600"
"202400022283";"5";"09";"2024";"07:35";"1";"26";"26362";"2";"1";"3";"6";"Avenue Docteur Paul Santy";"44,91256000";"4,90879000"
"202400022284";"26";"01";"2024";"21:30";"3";"75";"75112";"2";"2";"1";"3";"RUE DE CHARENTON";"48,83527505";"2,39280179"
"202400022285";"5";"09";"2024";"19:40";"1";"26";"26198";"2";"1";"1";"1";"Rue Léon Blum";"44,56823427";"4,75246668"
"202400022286";"29";"07";"2024";"05:05";"5";"95";"95218";"2";"3";"1";"2";"N184";"49,01342586";"2,08977853"
"202400022287";"25";"05";"2024";"05:50";"1";"75";"75117";"2";"3";"1";"7";"BOULEVARD PERSHING";"48,88173500";"2,28523400"
"202400022288";"25";"01";"2024";"22:45";"5";"75";"75111";"2";"3";"2";"3";"BOULEVARD VOLTAIRE";"48,85537900";"2,38434000"
"202400022289";"24";"05";"2024";"10:50";"1";"75";"75114";"2";"1";"1";"7";"BOULEVARD BRUNE";"48,82768500";"2,30511100"
"202400022290";"5";"09";"2024";"08:20";"1";"25";"25204";"2";"4";"3";"3";"Champ d'anis  (avenue)";"46,92148000";"6,34656000"
"202400022291";"29";"07";"2024";"17:40";"1";"95";"95018";"2";"9";"1";"2";"D392";"48,94810001";"2,20605018"
"202400022292";"25";"01";"2024";"08:55";"1";"75";"75103";"2";"2";"8";"6";"RUE REAUMUR";"48,86597500";"2,35377200"
"202400022293";"29";"07";"2024";"06:30";"2";"91";"91421";"2";"1";"1";"6";"CORBEIL (ROUTE DE)";"48,70881000";"2,44104000"
"202400022294";"6";"05";"2024";"18:05";"1";"75";"75111";"2";"3";"1";"3";"RUE DU CHEMIN VERT";"48,86185700";"2,38345300"
"202400022295";"5";"09";"2024";"07:37";"5";"19";"19031";"2";"2";"1";"3";"MIRABEAU (BOULEVARD) COTE SUD";"45,16422000";"1,52150000"
"202400022296";"26";"01";"2024";"17:40";"5";"94";"94058";"2";"1";"1";"2";"Rue d'Avron";"48,84934500";"2,50063800"
"202400022297";"29";"07";"2024";"11:10";"1";"91";"91027";"2";"1";"1";"3";"AV HENRI DUNANT";"48,71728600";"2,39948400"
"202400022298";"25";"05";"2024";"11:18";"1";"75";"75110";"2";"4";"1";"3";"BOULEVARD DE MAGENTA";"48,88141020";"2,35141486"
"202400022299";"4";"09";"2024";"08:30";"1";"19";"19031";"2";"3";"1";"3";"BRUNE (BOULEVARD)";"45,15353000";"1,53674000"
"202400022300";"26";"01";"2024";"19:30";"5";"94";"94022";"2";"3";"1";"6";"Av de Villeneuve Saint Georges / Rue Théophile Ducloux";"48,76213999";"2,41940376"
"202400022301";"29";"07";"2024";"19:30";"1";"89";"89236";"2";"1";"1";"2";"D 606";"48,17745000";"3,29425000"
"202400022302";"25";"05";"2024";"09:30";"1";"75";"75108";"2";"3";"1";"7";"COURS LA REINE";"48,86501648";"2,31556427"
"202400022303";"25";"01";"2024";"16:30";"2";"94";"94073";"2";"2";"1";"3";"Avenue du Général Leclerc / Av du Mal de Lattre de Tassigny";"48,76127800";"2,40320600"
"202400022304";"5";"09";"2024";"11:15";"1";"18";"18033";"2";"2";"1";"1";"47 Rue des Fonds Gaidons";"47,07964000";"2,42430000"
"202400022305";"25";"05";"2024";"19:45";"1";"75";"75115";"2";"1";"1";"3";"BOULEVARD VICTOR";"48,83487400";"2,28261000"
"202400022306";"9";"07";"2024";"15:25";"1";"88";"88160";"2";"2";"1";"3";"BOULAY-DE-LA-MEURTHE (RUE)";"48,17900000";"6,44457000"
"202400022307";"26";"07";"2024";"12:19";"1";"87";"87085";"2";"1";"1";"6";"KENNEDY (AVENUE DU PRESIDENT JOHN)";"45,80446485";"1,28484964"
"202400022308";"26";"01";"2024";"20:20";"5";"93";"93046";"2";"2";"1";"2";"Avenue de Livry / Chemin de la Mare au Chanvre";"48,92972000";"2,54071000"
"202400022309";"25";"05";"2024";"15:00";"1";"75";"75107";"2";"3";"1";"2";"QUAI D ORSAY";"48,86282600";"2,31341400"
"202400022310";"5";"09";"2024";"08:00";"1";"13";"13054";"2";"2";"1";"3";"FIGUERES (RUE DES )";"43,41418000";"5,21222000"
"202400022311";"29";"07";"2024";"05:35";"3";"85";"85194";"2";"1";"1";"7";"Boulevard du vendée globe";"46,49635000";" -1,75317000"
"202400022312";"26";"01";"2024";"12:50";"1";"93";"93070";"2";"1";"1";"2";"Rue Ardoin";"48,91343100";"2,32402200"
"202400022313";"25";"05";"2024";"18:15";"1";"75";"75103";"2";"2";"1";"6";"RUE RAMBUTEAU";"48,86181725";"2,35088128"
"202400022314";"29";"07";"2024";"12:38";"1";"85";"85191";"2";"1";"1";"6";"Rue du maréchal ney";"46,67497000";" -1,42886000"
"202400022315";"5";"09";"2024";"18:00";"1";"13";"13209";"2";"3";"1";"3";"REDON (BOULEVARD DU)";"43,24741913";"5,42421768"
"202400022316";"26";"01";"2024";"08:00";"2";"93";"93066";"2";"1";"2";"3";"Rue Pleyel";"48,91896600";"2,34514400"
"202400022317";"25";"05";"2024";"11:30";"1";"75";"75101";"2";"7";"1";"4";"RUE DE RICHELIEU";"48,86386458";"2,33591598"
"202400022318";"12";"07";"2024";"18:15";"1";"84";"84007";"2";"2";"1";"3";"C.De GAULLE (Rocade)";"43,92848600";"4,80952100"
"202400022319";"26";"01";"2024";"07:55";"3";"93";"93064";"2";"3";"2";"6";"Rue Marcellin Berthelot / Rue Victor Hugo";"48,86493120";"2,49022186"
"202400022320";"5";"09";"2024";"06:45";"2";"13";"13213";"1";"1";"1";"5";"ESCADRILLE NORMANDIE NIEMEN";"43,33987000";"5,40923000"
"202400022321";"25";"05";"2024";"06:50";"2";"94";"94074";"2";"3";"1";"2";"Avenue Henri Barbusse / Rue Michelet";"48,76358714";"2,44213897"
"202400022322";"4";"09";"2024";"11:05";"1";"13";"13215";"2";"1";"2";"2";"MADRAGUE VILLE (chemin de la)";"43,33337362";"5,35849921"
"202400022323";"29";"07";"2024";"12:15";"1";"84";"84007";"2";"6";"1";"3";"AMANDIER (Avenue de l')";"43,93562000";"4,84858000"
"202400022324";"26";"01";"2024";"14:08";"1";"93";"93047";"2";"3";"1";"3";"Avenue Jean Jaurès / Avenue des Rosières";"48,89863681";"2,54888847"
"202400022325";"25";"05";"2024";"13:05";"1";"94";"94071";"2";"3";"1";"6";"Rue du Grand Val / Rue Maurice Berteaux";"48,77393059";"2,51751827"
"202400022326";"26";"01";"2024";"22:00";"3";"93";"93010";"2";"1";"1";"3";"Rue Louis Auguste Blanqui";"48,89829000";"2,48898800"
"202400022327";"5";"09";"2024";"20:55";"5";"13";"13001";"2";"2";"1";"3";"BAUDOIN ALBERT (AV)";"43,52419000";"5,43343000"
"202400022328";"29";"07";"2024";"19:10";"1";"83";"83137";"2";"1";"1";"4";"VILLEVIEILLE (ROND POINT)";"43,12705000";"5,92118000"
"202400022329";"25";"05";"2024";"17:00";"1";"93";"93078";"2";"6";"1";"3";"Route de Villepinte / Avenue Vauban";"48,97103866";"2,54922509"
"202400022330";"26";"01";"2024";"01:25";"5";"93";"93007";"2";"3";"2";"7";"Avenue Paul Vaillant Couturier / Rue de Londres";"48,92913800";"2,47891600"
"202400022331";"30";"08";"2024";"07:35";"1";"11";"11262";"2";"6";"1";"3";"N/A";"43,15965000";"2,97018000"
"202400022332";"29";"07";"2024";"14:10";"1";"81";"81065";"2";"2";"7";"3";"CHAPTAL (RUE JEAN)";"43,58927010";"2,18943650"
"202400022333";"25";"05";"2024";"12:20";"1";"93";"93064";"2";"1";"1";"1";"Rue de Lisbonne";"48,88190700";"2,46911300"
"202400022334";"4";"09";"2024";"09:43";"1";"10";"10387";"2";"1";"1";"2";"Place Robert Galley";"48,29000000";"4,06765000"
"202400022335";"26";"01";"2024";"13:45";"1";"93";"93005";"2";"2";"1";"7";"Boulevard de Strasbourg / Rue de Reims";"48,92343600";"2,48556600"
"202400022336";"29";"07";"2024";"07:20";"1";"78";"78688";"2";"2";"1";"2";"ROUTE DE GUYANCOURT";"48,76442000";"2,05184000"
"202400022337";"25";"05";"2024";"21:20";"2";"93";"93033";"2";"7";"1";"3";"Place Churchill / Avenue des Princes / Rue des Fougères";"48,85884700";"2,58151000"
"202400022338";"26";"01";"2024";"15:40";"1";"92";"92022";"2";"1";"7";"2";"COTEAU (RUE DU)";"48,81446031";"2,18947524"
"202400022339";"5";"09";"2024";"17:45";"1";"09";"09122";"2";"9";"1";"3";"FAURE (COURS GABRIEL)";"42,96439000";"1,61051000"
"202400022340";"28";"07";"2024";"18:15";"1";"77";"77251";"1";"1";"1";"1";"AV MARGUERITE PEREY";"48,61881000";"2,56173000"
"202400022341";"23";"01";"2024";"09:40";"1";"92";"92022";"2";"1";"1";"6";"FRANCE (RUE ANATOLE)";"48,80544788";"2,18805420"
"202400022342";"25";"05";"2024";"14:10";"1";"93";"93079";"2";"3";"1";"6";"Rue Étienne Fajon / Rue du 19 Mars 1962";"48,96076000";"2,34271000"
"202400022343";"27";"08";"2024";"16:32";"1";"05";"05061";"2";"1";"1";"2";"Avenue de Provence";"44,53547442";"6,05131567"
"202400022344";"29";"07";"2024";"11:30";"1";"77";"77058";"1";"1";"1";"1";"MARIE CURIE  (AVENUE)";"48,83411945";"2,71430739"
"202400022345";"26";"01";"2024";"11:00";"1";"92";"92064";"2";"2";"2";"3";"PORTE JAUNE";"48,84900482";"2,20110476"
"202400022346";"25";"05";"2024";"13:30";"1";"93";"93001";"2";"5";"1";"3";"Avenue du Président Roosevelt / Boulevard Anatole France";"48,91510000";"2,38102000"
"202400022347";"5";"09";"2024";"18:00";"1";"75";"75117";"2";"1";"2";"3";"BOULEVARD PERIPHERIQUE INTERIEUR OUEST";"48,88398100";"2,28527900"
"202400022348";"25";"05";"2024";"09:40";"1";"92";"92022";"2";"1";"1";"7";"SALENGRO (AVENUE ROGER)";"48,81016059";"2,19052541"
"202400022349";"29";"07";"2024";"20:25";"1";"76";"76540";"2";"2";"1";"3";"Quai Cavelier de la Salle";"49,43691000";"1,08734000"
"202400022350";"5";"09";"2024";"11:04";"1";"75";"75112";"2";"1";"2";"3";"BOULEVARD PERIPHERIQUE EXTERIEUR SUD";"48,83401000";"2,40951600"
"202400022351";"26";"01";"2024";"14:00";"1";"92";"92036";"2";"6";"1";"3";"MARCEL PAUL (AVENUE) (1/103)";"48,93680443";"2,30364516"
"202400022352";"24";"05";"2024";"17:27";"1";"92";"92048";"2";"1";"1";"7";"PAVE DES GARDES (ROUTE DU)";"48,81876000";"2,24088000"
"202400022353";"29";"07";"2024";"07:50";"1";"76";"76640";"1";"1";"1";"2";"Rue de Louviers";"49,26232000";"1,05742000"
"202400022354";"25";"05";"2024";"00:10";"5";"92";"92019";"2";"1";"1";"6";"DIVISION LECLERC (AVENUE DE LA)";"48,76212000";"2,28571000"
"202400022355";"5";"09";"2024";"05:15";"5";"75";"75120";"2";"1";"2";"5";"BOULEVARD PERIPHERIQUE";"48,85265800";"2,41474800"
"202400022356";"26";"01";"2024";"08:45";"1";"92";"92036";"2";"3";"2";"4";"GENERAL DE GAULLE (AVENUE) (PAIRS)";"48,93377868";"2,31336772"
"202400022357";"25";"05";"2024";"12:35";"1";"92";"92012";"2";"1";"1";"2";"POINT DU JOUR (RUE DU)";"48,83120882";"2,25208130"
"202400022358";"29";"07";"2024";"00:05";"5";"76";"76351";"2";"2";"1";"3";"FLEURUS (DE)";"49,49257000";"0,13757000"
"202400022359";"5";"09";"2024";"00:30";"5";"75";"75115";"2";"4";"1";"6";"BOULEVARD PERIPHERIQUE INTERIEUR SUD";"48,82606989";"2,29887307"
"202400022360";"26";"01";"2024";"20:40";"5";"92";"92025";"2";"2";"1";"3";"COLBERT  55 A 113   42 A 102 (RUE)";"48,91358266";"2,23500531"
"202400022361";"25";"07";"2024";"23:30";"5";"76";"76351";"2";"1";"1";"7";"JEAN JAURES (AVENUE)";"49,49927000";"0,15462000"
"202400022362";"25";"05";"2024";"13:10";"1";"92";"92007";"2";"1";"1";"2";"BRIAND (AVENUE ARISTIDE) N° 100 A 160";"48,79899000";"2,32284000"
"202400022363";"4";"09";"2024";"11:55";"1";"75";"75112";"2";"1";"1";"3";"BOULEVARD PERIPHERIQUE EXTERIEUR NORD  ";"48,83080700";"2,40315400"
"202400022364";"26";"01";"2024";"12:33";"1";"92";"92023";"2";"1";"8";"6";"PAUL VAILLANT COUTURIER (RUE)";"48,80264930";"2,26323992"
"202400022365";"28";"07";"2024";"18:50";"1";"76";"76351";"2";"2";"1";"7";"PAUL VERLAINE (AVENUE)";"49,50968000";"0,15137000"
"202400022366";"25";"05";"2024";"19:15";"1";"37";"37200";"2";"3";"1";"3";"2 Rue de la Besneraie";"47,26998937";"0,37004091"
"202400022367";"5";"09";"2024";"18:59";"1";"75";"75106";"2";"1";"1";"3";"BOULEVARD SAINT MICHEL";"48,84919900";"2,34195500"
"202400022368";"26";"01";"2024";"18:35";"5";"92";"92002";"2";"6";"1";"3";"LEWISHAM (PLACE DE)";"48,74993760";"2,30916309"
"202400022369";"28";"07";"2024";"04:30";"4";"69";"69271";"1";"4";"1";"6";"Route de Lyon";"45,74230991";"4,94186835"
"202400022370";"26";"05";"2024";"11:30";"1";"76";"76115";"1";"2";"1";"3";"intersection D28/D109";"49,60570400";"0,56058700"
"202400022371";"28";"07";"2024";"13:54";"1";"66";"66136";"2";"1";"1";"6";"JOFFRE (AVENUE DU MARECHAL CD 88)";"42,71264000";"2,88938000"
"202400022372";"26";"01";"2024";"16:50";"2";"92";"92002";"2";"6";"1";"3";"ANDRE CHENIER (RUE 1 A 25)";"48,73838959";"2,27540320"
"202400022373";"5";"09";"2024";"21:20";"5";"75";"75120";"2";"7";"1";"2";"ECHANGEUR VINCENNES";"48,84703300";"2,41407000"
"202400022374";"29";"07";"2024";"12:45";"1";"64";"64260";"2";"1";"1";"7";"Boulevard du général de gaulle";"43,35824000";" -1,77625000"
"202400022375";"26";"05";"2024";"02:45";"5";"11";"11193";"2";"2";"1";"6";"RD 209, grande rue";"43,17927700";"2,08667800"
"202400022376";"26";"01";"2024";"15:40";"1";"92";"92002";"2";"1";"1";"6";"ADOLPHE PAJEAUD (RUE)";"48,74262660";"2,28660539"
"202400022377";"5";"09";"2024";"20:20";"4";"75";"75120";"2";"2";"1";"3";"RUE DES PYRENEES";"48,86666300";"2,39710100"
"202400022378";"28";"07";"2024";"20:15";"1";"64";"64102";"2";"1";"1";"2";"RAYMOND DE MARTRES (AVENUE)";"43,48626000";" -1,48286000"
"202400022379";"26";"01";"2024";"18:15";"5";"39";"39487";"2";"1";"2";"6";"47 Rue de Genève";"46,57672443";"5,96034184"
"202400022380";"5";"09";"2024";"16:20";"1";"75";"75120";"2";"1";"2";"2";"BOULEVARD PERIPHERIQUE";"48,85009900";"2,41510600"
"202400022381";"26";"05";"2024";"10:25";"1";"71";"71047";"1";"3";"2";"3";"D973";"46,64232900";"3,77438300"
"202400022382";"4";"09";"2024";"13:30";"1";"75";"75120";"2";"3";"1";"3";"RUE JEAN VEBER";"48,86241800";"2,40915800"
"202400022383";"26";"05";"2024";"15:00";"1";101;101362";"1";"1";"1";"6";"D268";"41,77589552";"9,21549429"
"202400022384";"25";"07";"2024";"13:55";"1";"61";"61169";"2";"6";"1";"3";"D424";"48,75223600";" -0,57476700"
"202400022385";"26";"01";"2024";"16:50";"2";"62";"62461";"2";"1";"7";"2";"D928";"50,38353700";"2,04232000"
"202400022386";"24";"05";"2024";"17:08";"1";"57";"57177";"2";"1";"1";"6";"Route de Loudrefing";"48,81480000";"6,72782000"
"202400022387";"29";"07";"2024";"18:55";"1";"59";"59656";"2";"1";"1";"6";"Rue des Frères Saint-Léger";"50,77654000";"3,05328000"
"202400022388";"5";"09";"2024";"12:43";"1";"75";"75119";"2";"4";"2";"2";"RUE DAVID D ANGERS";"48,88271600";"2,38988500"
"202400022389";"25";"05";"2024";"10:30";"1";"27";"27306";"1";"1";"1";"1";"rue des moisonneurs";"48,97495300";"1,17542400"
"202400022390";"29";"07";"2024";"19:30";"1";"59";"59599";"2";"1";"1";"1";"SCHUMAN (RUE ROBERT)";"50,74415000";"3,17879000"
"202400022391";"4";"09";"2024";"21:15";"5";"75";"75116";"2";"2";"1";"2";"RUE DE LA POMPE";"48,86655900";"2,28011800"
"202400022392";"26";"05";"2024";"16:00";"1";"54";"54213";"1";"1";"1";"7";"D132";"49,14196900";"5,84904000"
"202400022393";"28";"07";"2024";"02:30";"4";"58";"58194";"2";"1";"2";"6";"REPUBLIQUE (BOULEVARD)";"46,99429000";"3,17040000"
"202400022394";"5";"09";"2024";"14:25";"1";"75";"75115";"2";"2";"2";"6";"RUE BELLART";"48,84657500";"2,30866400"
"202400022395";"26";"05";"2024";"10:00";"1";"974";"97413";"2";"1";"1";"6";"40 Chemin Departemental 25";" -21,19542800";"55,30107700"
"202400022396";"27";"07";"2024";"11:45";"1";"58";"58194";"2";"1";"1";"7";"BARATTE (FAUBOURG)";"46,98065000";"3,18945000"
"202400022397";"5";"09";"2024";"17:00";"1";"75";"75114";"2";"4";"2";"6";"AVENUE DU GENERAL LECLERC";"48,82877700";"2,32769100"
"202400022398";"25";"05";"2024";"15:40";"1";"65";"65101";"1";"2";"1";"2";"D817";"43,20806900";"0,21429800"
"202400022399";"25";"07";"2024";"17:35";"1";"56";"56260";"2";"1";"1";"6";"Rue Théophraste Renaudot";"47,66251000";" -2,78563000"
"202400022400";"4";"09";"2024";"13:55";"1";"75";"75115";"2";"3";"1";"1";"RUE OLIVIER DE SERRES";"48,83111200";"2,29245200"
"202400022401";"28";"07";"2024";"06:52";"2";"54";"54395";"2";"1";"1";"6";"boulevard du 21ème RA";"48,69248000";"6,19284000"
"202400022402";"5";"09";"2024";"11:50";"1";"75";"75113";"2";"1";"2";"6";"RUE DE L AMIRAL MOUCHEZ";"48,82184100";"2,34221400"
"202400022403";"25";"05";"2024";"18:45";"1";"56";"56137";"1";"3";"8";"3";"Lieu Dit Guernevé";"47,74593600";" -2,69196400"
"202400022404";"5";"09";"2024";"06:35";"2";"75";"75114";"2";"3";"3";"6";"BOULEVARD JOURDAN";"48,81967100";"2,34163800"
"202400022405";"27";"07";"2024";"15:55";"1";"54";"54257";"1";"5";"2";"1";"route de Mirecourt";"48,64761623";"6,18242137"
"202400022406";"5";"09";"2024";"08:30";"1";"75";"75113";"2";"1";"3";"6";"PLACE JEANNE D ARC";"48,83037900";"2,36837500"
"202400022407";"26";"05";"2024";"11:50";"1";"76";"76441";"2";"3";"1";"1";"Rue Andre Carpentier";"49,95312200";"1,58923600"
"202400022408";"29";"07";"2024";"16:39";"1";"54";"54261";"1";"1";"1";"2";"Rue du Côteau";"49,51490000";"5,79970000"