"Num_Acc";"jour";"mois";"an";"hrmn";"lum";"dep";"com";"agg";"int";"atm";"col";"adr";"lat";"long"
"202400022409";"5";"09";"2024";"07:50";"2";"75";"75114";"2";"1";"3";"6";"RUE RAYMOND LOSSERAND";"48,83131300";"2,31306100"
"202400022410";"25";"05";"2024";"11:25";"1";100;100050";"2";"1";"1";"6";"zone industrielle cantone";"42,53655200";"8,80136800"
"202400022411";"28";"07";"2024";"09:00";"1";"51";"51454";"2";"1";"1";"7";"JAMOT (PLACE PAUL)";"49,25372000";"4,03950000"
"202400022412";"5";"09";"2024";"09:30";"1";"94";"94044";"2";"1";"3";"3";"Rue Marius Dantz";"48,74915000";"2,48135000"
"202400022413";"25";"05";"2024";"07:30";"1";"82";"82171";"1";"1";"1";"6";"D14 route de beaumont de lomagne";"44,01068000";"1,16421300"
"202400022414";"16";"07";"2024";"20:00";"1";"49";"49099";"2";"3";"1";"3";"CALMETTE (RUE ALBERT)";"47,05629000";" -0,86630000"
"202400022415";"5";"09";"2024";"10:35";"1";"94";"94018";"2";"3";"8";"1";"Quai de Bercy";"48,82588000";"2,39263000"
"202400022416";"27";"07";"2024";"11:10";"1";"46";"46042";"2";"1";"1";"2";"ORMEAUX (COTE DES)";"44,46539000";"1,42848000"
"202400022417";"4";"09";"2024";"14:40";"1";"93";"93073";"1";"3";"1";"3";"Rue de Dublin / Rue de Paris";"49,00847725";"2,56158650"
"202400022418";"25";"05";"2024";"20:00";"1";"63";"63265";"1";"3";"1";"3";"Puy Renard";"45,84398400";"3,42865200"
"202400022419";"21";"07";"2024";"18:10";"1";"45";"45068";"2";"6";"1";"6";"2 Rue Roger Salengro";"48,01148400";"2,71968300"
"202400022420";"5";"09";"2024";"16:50";"1";"93";"93062";"2";"2";"2";"3";"Allée des Sapins / Allée du Plateau";"48,89723000";"2,53002000"
"202400022421";"28";"07";"2024";"05:20";"3";"40";"40279";"1";"1";"1";"6";"RD 524";"43,72655000";" -1,09280000"
"202400022422";"26";"05";"2024";"16:55";"1";"34";"34186";"2";"1";"1";"7";"pk 12 D157";"43,67325000";"3,26408200"
"202400022423";"5";"09";"2024";"12:30";"1";"93";"93051";"2";"2";"2";"3";"Rue Pierre Brossolette / Rue de Verdun";"48,84540000";"2,53466000"
"202400022424";"29";"07";"2024";"07:55";"1";"38";"38516";"2";"1";"1";"2";"D1090";"45,19540000";"5,75071000"
"202400022425";"26";"05";"2024";"05:45";"2";"25";"25356";"1";"1";"1";"6";"D437 Village des Bichets";"47,23537100";"6,78492700"
"202400022426";"5";"09";"2024";"08:35";"1";"93";"93062";"2";"4";"3";"3";"Allée des Sapins / Boulevard de l'Est";"48,89815308";"2,52719879"
"202400022427";"29";"07";"2024";"05:30";"5";"34";"34301";"2";"1";"1";"6";"ROUGET DE LISLE (RUE)";"43,40681000";"3,69339000"
"202400022428";"14";"07";"2024";"19:30";"1";"34";"34301";"2";"1";"1";"2";"HIRONDELLES (CHEMIN DES)";"43,41451800";"3,67637500"
"202400022429";"19";"05";"2024";"03:45";"5";"25";"25015";"1";"3";"1";"3";"Zone Industrielle Grands Bois";"47,02970000";"6,08648500"
"202400022430";"25";"05";"2024";"15:00";"1";"29";"29293";"2";"1";"1";"6";"Rue Saint Philibert";"47,85224991";" -3,85159692"
"202400022431";"29";"07";"2024";"10:05";"1";"29";"29232";"2";"1";"1";"4";"Route de Pont l'Abbe";"47,97941133";" -4,12250636"
"202400022432";"25";"05";"2024";"23:20";"3";"29";"29106";"1";"3";"3";"6";"Kerneon";"48,10796407";" -4,07654727"
"202400022433";"7";"05";"2024";"23:15";"3";"29";"29212";"1";"1";"1";"6";"route de l'Arvor";"48,38059300";" -4,62240800"
"202400022434";"29";"07";"2024";"17:25";"1";"29";"29019";"2";"2";"1";"3";"boulevard de l'Europe";"48,41688400";" -4,46852800"
"202400022435";"25";"07";"2024";"16:56";"1";"22";"22113";"2";"1";"1";"2";"DE BROGLIE (RUE DE)";"48,75791000";" -3,45704000"
"202400022436";"27";"07";"2024";"15:35";"1";"14";"14333";"2";"9";"1";"6";"8 Chemin le Grand Bouloir";"49,41770746";"0,23042053"
"202400022437";"26";"05";"2024";"13:15";"1";"02";"02422";"2";"4";"1";"3";"2 Rue de Vadencourt";"49,93236700";"3,62146000"
"202400022438";"25";"05";"2024";"16:00";"1";"03";"03292";"1";"1";"1";"6";"la vernaie tronget 03240";"46,40291800";"3,09436800"
"202400022439";"29";"07";"2024";"19:00";"1";"13";"13054";"2";"1";"1";"2";"HENRI DUNANT (AV )";"43,40599613";"5,25772753"
"202400022440";"26";"05";"2024";"20:35";"1";"05";"05164";"1";"1";"1";"3";"pont de Savines-le-lac, route nationale 94";"44,53407600";"6,39292700"
"202400022441";"30";"07";"2024";"00:40";"5";"13";"13212";"2";"1";"1";"3";"SALETTE (TRAVERSE DE LA)";"43,31456541";"5,47713408"
"202400022442";"26";"05";"2024";"00:45";"3";"60";"60692";"2";"1";"1";"7";"Rue d'Hardivillers";"49,64103600";"2,23649500"
"202400022443";"29";"07";"2024";"20:37";"1";"13";"13207";"2";"1";"1";"3";"DECAZES (RUE)";"43,28792000";"5,35947000"
"202400022444";"26";"05";"2024";"18:50";"2";"16";"16181";"1";"1";"1";"7";"N/A";"46,05661500";"0,68359900"
"202400022445";"26";"05";"2024";"05:35";"2";"21";"21423";"1";"1";"1";"6";"Grande Rue de Laborde";"46,98658400";"4,85256700"
"202400022446";"29";"07";"2024";"20:35";"1";"13";"13206";"2";"1";"1";"2";"TOULON (AVENUE DE)";"43,28626000";"5,38488000"
"202400022447";"26";"05";"2024";"14:56";"1";"87";"87132";"1";"1";"1";"6";"MONT MASPERTUIS";"45,76208922";"1,80611372"
"202400022448";"18";"05";"2024";"16:15";"1";"52";"52407";"1";"1";"3";"1";"D674";"48,28320000";"5,47987100"
"202400022449";"29";"07";"2024";"06:15";"3";"13";"13047";"1";"1";"1";"6";"Cabane Noire (Route de la)";"43,47523000";"4,99244000"
"202400022450";"25";"05";"2024";"18:20";"1";"06";"06152";"1";"1";"1";"3";"1655 Route de Cannes";"43,62666700";"6,99882300"
"202400022451";"29";"07";"2024";"19:45";"1";"13";"13004";"1";"1";"1";"4";"RTE N570 AVIGNON STES MARIES";"43,68853000";"4,64348000"
"202400022452";"28";"07";"2024";"17:55";"1";"10";"10357";"1";"1";"1";"6";"D619";"48,29482000";"4,14110000"
"202400022453";"26";"05";"2024";"06:00";"2";"63";"63195";"1";"1";"1";"2";"Autoroute 89 - PK 419+650 - Sens BORDEAUX/YON";"45,85179640";"3,38283104"
"202400022454";"29";"07";"2024";"15:30";"1";"09";"09225";"2";"1";"1";"1";"BELPECH ROUTE DE";"43,11551000";"1,62814000"
"202400022455";"25";"05";"2024";"16:53";"1";"83";"83001";"1";"1";"1";"6";"A8 voie nord, bretelle de sortie n° 39";"43,54473000";"6,81240300"
"202400022456";"26";"05";"2024";"08:30";"1";"68";"68059";"1";"1";"1";"3";"Autoroute A36 PK 007+800 sens MULHOUSE - BELFORT";"47,72187400";"7,15336600"
"202400022457";"29";"07";"2024";"20:00";"1";"06";"06004";"2";"1";"1";"3";"2015 Route de Grasse";"43,59969000";"7,08616000"
"202400022458";"25";"05";"2024";"19:10";"1";"06";"06088";"1";"1";"1";"7";"Bretelle Sortie N°50 A8 - Nice ouest";"43,66881300";"7,19982700"
"202400022459";"29";"07";"2024";"12:10";"1";"75";"75115";"2";"2";"1";"3";"RUE DE LA CROIX NIVERT";"48,84235100";"2,29418100"
"202400022460";"24";"05";"2024";"07:48";"1";"06";"06088";"1";"1";"1";"6";"A8 PK 189.000";"43,69807700";"7,18846500"
"202400022461";"28";"07";"2024";"18:10";"1";"75";"75117";"2";"1";"1";"6";"BD PERIPHERIQUE EXTERIEUR";"48,88024400";"2,28170100"
"202400022462";"25";"05";"2024";"22:05";"3";"77";"77333";"1";"1";"1";"6";"Autoroute A6, PK 072+750, dans le sens Paris vers Province";"48,26912600";"2,71717200"
"202400022463";"29";"07";"2024";"15:05";"1";"75";"75119";"2";"2";"1";"3";"AVENUE CORENTIN CARIOU";"48,89763144";"2,38544422"
"202400022464";"29";"07";"2024";"21:10";"2";"75";"75118";"2";"2";"1";"6";"RUE ORDENER";"48,89284900";"2,34195500"
"202400022465";"25";"05";"2024";"16:50";"1";"974";"97417";"1";"1";"2";"2";"Route Nationale 2 le Tremblet";" -21,28713500";"55,79634200"
"202400022466";"28";"07";"2024";"22:00";"5";"75";"75115";"2";"5";"1";"6";"Rond-point du Pont Mirabeau";"48,84704300";"2,29588700"
"202400022467";"25";"05";"2024";"11:15";"1";"972";"97224";"2";"1";"1";"1";"9 Rue Schoëlcher";"14,67147000";" -61,03729200"
"202400022468";"28";"07";"2024";"06:45";"1";"75";"75115";"2";"7";"1";"6";"BOULEVARD GARIBALDI";"48,84531100";"2,31098200"
"202400022469";"26";"05";"2024";"02:25";"3";"77";"77192";"1";"1";"1";"1";"Route département 402";"48,70197900";"2,91283600"
"202400022470";"29";"07";"2024";"09:04";"1";"75";"75113";"2";"2";"1";"3";"QUAI FRANCOIS MAURIAC";"48,83231600";"2,37978900"
"202400022471";"25";"05";"2024";"13:10";"1";"34";"34135";"1";"1";"1";"3";"D37";"43,27634200";"3,16220600"
"202400022472";"29";"07";"2024";"21:30";"1";"75";"75111";"2";"2";"1";"6";"AVENUE PARMENTIER";"48,86502536";"2,37467462"
"202400022473";"26";"05";"2024";"19:00";"1";"83";"83071";"2";"1";"1";"3";"27 Rue Pierre Curie";"43,13819200";"6,23632900"
"202400022474";"26";"05";"2024";"11:30";"1";"83";"83035";"1";"4";"1";"3";"Dn8";"43,24861000";"5,78781500"
"202400022475";"29";"07";"2024";"07:37";"1";"94";"94042";"2";"9";"1";"3";"Rue Jean Mermoz";"48,82000000";"2,46715500"
"202400022476";"20";"05";"2024";"12:00";"1";"68";"68329";"2";"1";"1";"7";"61 Route de la Schlucht";"48,05061500";"7,11019200"
"202400022477";"25";"05";"2024";"19:10";"1";"67";"67303";"1";"1";"7";"7";"RD 250";"48,90959000";"7,74109700"
"202400022478";"29";"07";"2024";"08:50";"1";"94";"94041";"2";"1";"1";"3";"Boulevard Paul Vaillant Couturier";"48,81951926";"2,39637324"
"202400022479";"29";"07";"2024";"03:10";"5";"94";"94041";"2";"1";"1";"6";"Avenue de Verdun";"48,81291000";"2,37030000"
"202400022480";"25";"05";"2024";"19:30";"1";"54";"54397";"2";"1";"1";"6";"32 Rue Roger Salengro";"48,61652337";"6,10222399"
"202400022481";"29";"07";"2024";"16:35";"1";"94";"94060";"2";"1";"7";"6";"Avenue des Bordes";"48,79571495";"2,56885618"
"202400022482";"29";"07";"2024";"08:40";"1";"94";"94079";"2";"1";"1";"2";"Boulevard de Friedberg";"48,83221139";"2,54261532"
"202400022483";"26";"05";"2024";"10:40";"1";"69";"69106";"1";"1";"1";"1";"Route de la Colline";"45,92817400";"4,69278800"
"202400022484";"27";"07";"2024";"18:00";"1";"94";"94055";"2";"1";"2";"5";"Av. Maurice Schumann";"48,77893266";"2,53584462"
"202400022485";"25";"05";"2024";"06:50";"2";"69";"69112";"1";"3";"7";"3";"Route d’Eveux";"45,80637100";"4,64157900"
"202400022486";"29";"07";"2024";"07:40";"1";"95";"95527";"1";"9";"1";"3";"A1";"49,01467966";"2,53079193"
"202400022487";"25";"05";"2024";"21:28";"2";"29";"29001";"1";"1";"2";"1";"Route de Bellevue";"48,26715315";" -4,29244387"
"202400022488";"29";"07";"2024";"19:34";"1";"93";"93062";"2";"1";"1";"6";"SAPINS (ALLEE DES)";"48,89742000";"2,52902400"
"202400022489";"25";"05";"2024";"12:50";"1";"78";"78640";"1";"1";"1";"4";"A86 INT";"48,78067800";"2,17846700"
"202400022490";"28";"07";"2024";"13:00";"1";"93";"93006";"2";"2";"1";"1";"Rue Girardot / Rue François Mitterrand";"48,87534511";"2,42440224"
"202400022491";"25";"05";"2024";"08:05";"1";"92";"92072";"2";"1";"1";"3";"N118";"48,82701466";"2,22422590"
"202400022492";"29";"07";"2024";"10:52";"1";"93";"93005";"2";"2";"1";"3";"PIERRE JOUHET (AVENUE)";"48,92396000";"2,50445000"
"202400022493";"24";"05";"2024";"16:12";"1";"78";"78646";"1";"1";"1";"5";"RN12";"48,79188000";"2,09747700"
"202400022494";"25";"05";"2024";"04:25";"5";"78";"78321";"1";"1";"1";"6";"RN12 INT";"48,79661500";"1,90753800"
"202400022495";"29";"07";"2024";"16:50";"1";"93";"93001";"2";"2";"1";"3";"Boulevard Anatole France / Rue des Noyers";"48,91629912";"2,38164530"
"202400022496";"24";"05";"2024";"15:45";"1";"95";"95580";"1";"1";"1";"6";"A1";"49,08422099";"2,55129954"
"202400022497";"29";"07";"2024";"08:37";"1";"92";"92040";"2";"1";"1";"6";"ROUGET DE L'ISLE";"48,82889701";"2,26443493"
"202400022498";"24";"05";"2024";"12:30";"1";"974";"97416";"1";"9";"1";"3";"RN3 (ANCIENNE ROUTE)";" -21,29386000";"55,51077000"
"202400022499";"29";"07";"2024";"08:28";"1";"92";"92036";"1";"6";"1";"3";"MARCEL PAUL (AVENUE) (52/102)";"48,93987656";"2,30356264"
"202400022500";"29";"07";"2024";"21:10";"1";"92";"92024";"2";"1";"1";"3";"VICTOR HUGO (BD)";"48,90221728";"2,31815064"
"202400022501";"24";"05";"2024";"09:35";"1";"974";"97411";"1";"6";"1";"7";"GARE ROUTIERE (DE LA)";" -20,87830000";"55,45847000"
"202400022502";"29";"07";"2024";"09:10";"1";"92";"92009";"2";"2";"1";"6";"EUROPE (AVENUE)";"48,90681646";"2,26144999"
"202400022503";"23";"05";"2024";"20:00";"5";"974";"97411";"1";"1";"1";"2";"RN2/043";" -20,89295000";"55,50189000"
"202400022504";"29";"07";"2024";"09:00";"1";"92";"92014";"2";"1";"1";"6";"CONDORCET (PLACE)";"48,77967082";"2,31559423"
"202400022505";"24";"05";"2024";"18:00";"3";"974";"97409";"2";"1";"2";"3";"CITE LES CAZALES";" -20,95950000";"55,64825000"
"202400022506";"27";"07";"2024";"22:35";"2";"14";"14741";"1";"1";"1";"7";"Route de Saint-Laurent";"48,91241700";" -0,45143200"
"202400022507";"24";"05";"2024";"09:40";"1";"974";"97409";"2";"1";"1";"2";"RN2 DIRECTION ST BENT SORTIE PETIT BAZAR";" -20,94388000";"55,64934000"
"202400022508";"30";"07";"2024";"08:00";"1";"81";"81087";"1";"1";"1";"6";"D3";"43,97113900";"1,97337700"
"202400022509";"25";"07";"2024";"19:53";"1";"95";"95052";"1";"1";"1";"6";"D922";"49,14595772";"2,30725373"
"202400022510";"24";"05";"2024";"11:35";"1";"973";"97302";"2";"3";"1";"3";"VOLTAIRE(AVENUE)";"4,94165000";" -52,32537000"
"202400022511";"30";"07";"2024";"04:45";"3";"40";"40004";"1";"1";"1";"6";"CD133";"43,64971600";" -1,39398700"
"202400022512";"24";"05";"2024";"18:30";"1";"972";"97209";"2";"1";"1";"2";"CHATEAUBOEUF (ROUTE DE)";"14,61000000";" -61,04000000"
"202400022513";"29";"07";"2024";"16:15";"1";"974";"97404";"2";"3";"7";"3";"Avenue Raymond Barre";" -21,25875600";"55,35453900"
"202400022514";"24";"05";"2024";"13:39";"1";"972";"97209";"1";"1";"1";"2";"AUTOROUTE (A1)";"14,61594000";" -61,04480000"
"202400022515";"24";"05";"2024";"22:29";"5";100;100033";"2";"1";"1";"6";"AGLIANI - CHEMIN D'";"42,67453000";"1,40766500"
"202400022516";"23";"05";"2024";"13:00";"1";"971";"97120";"2";"3";"1";"6";"SCHOELCHER";"16,23565000";" -61,53743000"
"202400022517";"29";"07";"2024";"10:00";"1";"26";"26191";"1";"1";"1";"3";"N/A";"44,53995700";"4,80561700"
"202400022518";"23";"05";"2024";"13:20";"1";"971";"97120";"2";"2";"2";"6";"BD LEGITIMUS";"16,24404874";" -61,53437018"