"Num_Acc";"jour";"mois";"an";"hrmn";"lum";"dep";"com";"agg";"int";"atm";"col";"adr";"lat";"long"
"202400022519";"24";"05";"2024";"08:15";"1";101;101004";"2";"1";"1";"4";"#Ricanto#";"41,92847000";"8,77299000"
"202400022520";"24";"05";"2024";"13:30";"1";"95";"95427";"2";"1";"1";"1";"D193E";"48,97733040";"2,35627759"
"202400022521";"21";"05";"2024";"13:54";"1";"95";"95127";"2";"1";"2";"6";"N14";"49,05544599";"2,04691708"
"202400022522";"24";"05";"2024";"17:20";"1";"91";"91027";"2";"3";"1";"3";"AV HENRI DUNANT";"48,71007000";"2,38548000"
"202400022523";"24";"05";"2024";"10:10";"1";"91";"91479";"2";"1";"1";"2";" FONTAINEBLEAU (ROUTE DE)";"48,70772000";"2,37136000"
"202400022524";"24";"05";"2024";"08:20";"1";"91";"91027";"2";"9";"1";"3";"AV MARCEL SEMBAT";"48,70881000";"2,38542000"
"202400022525";"24";"05";"2024";"14:35";"1";"89";"89342";"2";"3";"2";"3";"FONDERIES PONT A MOUSSON (AVENUE DES)";"48,21048000";"3,27629000"
"202400022526";"23";"05";"2024";"13:39";"1";"87";"87085";"2";"2";"1";"3";"RUBEN (AVENUE ERNEST)";"45,82008000";"1,25182000"
"202400022527";"22";"05";"2024";"20:57";"2";"87";"87085";"2";"1";"1";"7";"LOUYAT (AVENUE DE)";"45,85185000";"1,25897000"
"202400022528";"24";"05";"2024";"17:50";"1";"85";"85194";"2";"2";"1";"6";"Avenue d'anjou";"46,50396000";" -1,77418000"
"202400022529";"24";"05";"2024";"12:45";"1";"85";"85191";"2";"1";"1";"6";"24 Rue gutenberg";"46,67892000";" -1,43012000"
"202400022530";"24";"05";"2024";"05:10";"2";"83";"83129";"1";"1";"1";"3";"JUIN MARECHAL (AV DU)";"43,09825409";"5,85167563"
"202400022531";"24";"05";"2024";"14:15";"1";"82";"82033";"2";"1";"1";"6";"Place des Belges";"44,03996000";"1,12140000"
"202400022532";"24";"05";"2024";"07:40";"1";"79";"79329";"2";"2";"1";"3";"N/A";"46,99236800";" -0,21349000"
"202400022533";"24";"05";"2024";"07:50";"1";"79";"79191";"2";"3";"1";"3";"N/A";"46,31563000";" -0,44152000"
"202400022534";"24";"05";"2024";"06:50";"1";"77";"77284";"2";"3";"1";"3";"VICTOIRE (AV.DE LA)";"48,95743000";"2,93623000"
"202400022535";"24";"05";"2024";"20:35";"1";"74";"74012";"2";"9";"8";"3";"LECLERC (AVENUE DU MARECHAL)";"46,18000000";"6,24000000"
"202400022536";"9";"05";"2024";"17:13";"1";"73";"73065";"2";"1";"1";"6";"Place de la gare";"45,57018223";"5,91981903"
"202400022537";"24";"05";"2024";"19:20";"1";"71";"71153";"2";"2";"1";"3";"Rue du President Wilson";"46,79634000";"4,42925000"
"202400022538";"24";"05";"2024";"22:00";"3";"69";"69199";"1";"9";"1";"3";"Avenue des Frères Perret";"45,69453000";"4,84424000"
"202400022539";"24";"05";"2024";"23:00";"5";"69";"69259";"2";"8";"1";"3";"Avenue d'Oschatz";"45,69600000";"4,88179000"
"202400022540";"24";"05";"2024";"23:10";"5";"67";"67482";"2";"3";"1";"3";"OBERHAUSBERGEN (ROUTE D )";"48,59703900";"7,70535400"
"202400022541";"24";"05";"2024";"07:45";"1";"67";"67482";"2";"1";"8";"3";"JACQUES KABLE (RUE)";"48,59347000";"7,75484000"
"202400022542";"24";"05";"2024";"23:27";"5";"64";"64445";"2";"3";"1";"3";"JEAN MERMOZ";"43,30696000";" -0,37641000"
"202400022543";"24";"05";"2024";"15:10";"1";"64";"64445";"2";"2";"1";"3";"LILAS DES";"43,30487000";" -0,35230000"
"202400022544";"24";"05";"2024";"10:00";"1";"64";"64445";"2";"2";"1";"3";"RESISTANCE";"43,30152000";" -0,37536000"
"202400022545";"24";"05";"2024";"05:05";"5";"64";"64445";"2";"9";"1";"7";"BAYARD";"43,29700000";" -0,37745000"
"202400022546";"23";"05";"2024";"18:30";"1";"64";"64445";"2";"1";"1";"6";"NOGUE";"43,29993000";" -0,37002000"
"202400022547";"16";"05";"2024";"08:00";"2";"62";"62771";"2";"1";"2";"3";"Rue Constant Darras";"50,42342000";"2,84921000"
"202400022548";"21";"05";"2024";"17:55";"1";"61";"61169";"1";"2";"1";"3";"D259";"48,76166300";" -0,53897200"
"202400022549";"24";"05";"2024";"13:15";"1";"59";"59650";"2";"1";"1";"7";"Boulevard de la Liberté";"50,70989000";"3,19098000"
"202400022550";"24";"05";"2024";"17:45";"1";"59";"59648";"2";"9";"1";"6";"CLEMENCEAU RUE";"50,59947000";"3,05304000"
"202400022551";"23";"05";"2024";"20:05";"1";"58";"58194";"2";"3";"1";"3";"AMIRAL JACQUINOT";"46,98401000";"3,18366000"
"202400022552";"24";"05";"2024";"06:05";"1";"56";"56260";"2";"1";"1";"6";"Avenue de Tohannic";"47,64785000";" -2,74368000"
"202400022553";"23";"05";"2024";"23:40";"3";"56";"56121";"1";"1";"1";"1";"D465 Desserte Portuaire";"47,73886700";" -3,38025700"
"202400022554";"23";"05";"2024";"17:10";"1";"56";"56107";"1";"1";"1";"1";"Centre nautique de Kerguélen";"47,70571000";" -3,40832000"
"202400022555";"24";"05";"2024";"13:30";"1";"54";"54395";"2";"1";"1";"3";"Avenue Raymond Pinchard";"48,70252206";"6,15272462"
"202400022556";"23";"05";"2024";"17:00";"1";"54";"54547";"2";"1";"3";"3";"Avenue du Général Leclerc";"48,66674300";"6,16673100"
"202400022557";"23";"05";"2024";"11:00";"1";"54";"54526";"2";"1";"1";"2";"Boulevard Tolstoi";"48,67967433";"6,21686697"
"202400022558";"24";"05";"2024";"15:45";"1";"51";"51454";"2";"1";"1";"5";"CHAMPAGNE (AVENUE)";"49,23134000";"4,03541000"
"202400022559";"24";"05";"2024";"13:25";"1";"51";"51454";"2";"1";"1";"6";"JEANNE D'ARC (RUE')";"49,25302000";"4,02659000"
"202400022560";"23";"05";"2024";"09:45";"1";"51";"51454";"2";"6";"1";"3";"CHAMPAGNE   (  AVENUE DE)";"49,21991000";"4,02069000"
"202400022561";"23";"05";"2024";"21:48";"3";"51";"51506";"1";"1";"1";"7";"RN 44";"48,95847000";"4,38995000"
"202400022562";"23";"05";"2024";"12:46";"1";"49";"49007";"2";"1";"1";"3";"EPINARD ROUTE";"47,48658000";" -0,56347000"
"202400022563";"24";"05";"2024";"10:50";"1";"45";"45232";"2";"1";"1";"3";"D2020 PR 36 + 50";"47,84111900";"1,91362800"
"202400022564";"24";"05";"2024";"11:45";"1";"45";"45004";"2";"1";"1";"6";"D2107 PR 2 + 578";"47,97087600";"2,73371200"
"202400022565";"25";"05";"2024";"00:08";"5";"35";"35238";"2";"2";"1";"3";"TROIS CROIX (BD DES)";"48,12777000";" -1,68342000"
"202400022566";"24";"05";"2024";"08:05";"1";"33";"33063";"2";"6";"1";"3";"N/A";"44,86565000";" -0,57592000"
"202400022567";"24";"05";"2024";"08:45";"1";"31";"31555";"2";"1";"1";"3";"12 LES IZARDS (PERIPH EST A62)";"43,64693000";"1,44485000"
"202400022568";"23";"05";"2024";"20:15";"2";"31";"31555";"2";"1";"1";"3";"NARBONNE (ROUTE DE)";"43,56635000";"1,45883000"
"202400022569";"24";"05";"2024";"16:05";"1";"27";"27229";"2";"1";"1";"3";"NORMANDIE (BOULEVARD DE)";"49,01900000";"1,13911000"
"202400022570";"24";"05";"2024";"10:00";"1";"22";"22360";"2";"1";"1";"3";"VERNE (RUE JULES)";"48,48647000";" -2,72927000"
"202400022571";"23";"05";"2024";"12:00";"1";"22";"22278";"2";"1";"1";"1";"MONGE";"48,50203000";" -2,73878000"
"202400022572";"24";"05";"2024";"21:40";"2";"17";"17300";"2";"2";"1";"3";"MULHOUSE   AVENUE DE";"46,15489000";" -1,14516000"
"202400022573";"24";"05";"2024";"09:42";"1";"16";"16089";"1";"6";"1";"2";"N/A";"45,68115000";" -0,29300000"
"202400022574";"23";"05";"2024";"15:05";"1";"15";"15014";"2";"6";"1";"3";"Cours d'Angouleme";"44,93172000";"2,45039000"
"202400022575";"23";"05";"2024";"12:55";"1";"14";"14118";"1";"4";"1";"2";"Boulevard Jean Moulin";"49,19589500";" -0,37523800"
"202400022576";"24";"05";"2024";"09:30";"2";"13";"13216";"2";"1";"8";"2";"LITTORAL (CHEMIN DU)";"43,35371000";"5,32846000"
"202400022577";"24";"05";"2024";"18:30";"1";"13";"13001";"2";"1";"1";"3";"THUMINE GRANDE (BD DE LA)";"43,52424000";"5,41243000"
"202400022578";"24";"05";"2024";"06:45";"1";"13";"13001";"1";"1";"1";"3";"PETIT MOULIN (RTE DU)";"43,50699000";"5,33329000"
"202400022579";"23";"05";"2024";"14:30";"1";"10";"10362";"2";"3";"1";"3";"ERIC TABARLY (RUE)";"48,29740000";"4,04090000"
"202400022580";"23";"05";"2024";"14:00";"1";"10";"10333";"2";"2";"2";"2";"ADOLPHE THIERS (RUE DE)";"48,28030000";"4,06270000"
"202400022581";"10";"10";"2024";"16:30";"1";"63";"63113";"2";"1";"1";"6";"JOUHAUX (BD LEON)";"45,79152185";"3,11495394"
"202400022582";"24";"05";"2024";"07:45";"1";"06";"06069";"2";"1";"1";"3";"Route de Valbonne";"43,64004000";"6,97955000"
"202400022583";"24";"05";"2024";"13:30";"1";"04";"04070";"2";"1";"8";"7";"HONNORAT (R. DU DR)";"44,09231000";"6,23203000"
"202400022584";"10";"10";"2024";"14:20";"1";"60";"60159";"2";"3";"3";"3";"Avenue du Général Weygand";"49,40574000";"2,80858000"
"202400022585";"9";"05";"2024";"08:05";"1";"02";"02722";"2";"1";"1";"7";"88 Allée des Platanes";"49,35909000";"3,31646000"
"202400022586";"23";"05";"2024";"18:50";"1";"75";"75113";"2";"1";"2";"2";"BD PERIPHERIQUE INTERIEUR";"48,82000400";"2,37422500"
"202400022587";"9";"10";"2024";"13:10";"1";"59";"59009";"2";"2";"1";"6";"Rue Jean Jaures";"50,66628000";"3,14153000"
"202400022588";"22";"05";"2024";"17:00";"1";"75";"75115";"2";"1";"1";"3";"PORTE DE VANVES";"48,82637600";"2,29701300"
"202400022589";"23";"05";"2024";"20:40";"1";"75";"75106";"2";"5";"1";"3";"BOULEVARD DU MONTPARNASSE";"48,84198400";"2,32961600"
"202400022590";"10";"10";"2024";"08:00";"1";"59";"59343";"2";"2";"2";"6";"JAURES JEAN RUE";"50,58551900";"3,10513100"
"202400022591";"24";"05";"2024";"10:15";"1";"75";"75119";"2";"1";"1";"7";"PLACE DE LA BATAILLE DE STALINGRAD";"48,88321300";"2,36924200"
"202400022592";"23";"05";"2024";"21:40";"5";"75";"75119";"2";"1";"1";"3";"RUE BOTZARIS";"48,87885900";"2,38264900"
"202400022593";"9";"10";"2024";"14:20";"1";"59";"59350";"2";"3";"3";"5";"Rue Pierre Legrand";"50,63191000";"3,09367000"
"202400022594";"5";"10";"2024";"14:30";"1";"59";"59183";"2";"1";"1";"7";"REPUBLIQUE - F MITTERAND - BOULEVARD";"51,04873000";"2,41993000"
"202400022595";"24";"05";"2024";"01:30";"5";"75";"75117";"2";"2";"1";"6";"RUE LANTIEZ";"48,89645100";"2,32513200"
"202400022596";"10";"10";"2024";"16:00";"1";"58";"58194";"2";"1";"1";"4";"HENRI BOUQUILLARD";"46,99570000";"3,13111000"
"202400022597";"24";"05";"2024";"04:40";"5";"75";"75116";"2";"7";"1";"2";"Place de la Porte d'Auteuil";"48,84784100";"2,25747700"
"202400022598";"8";"10";"2024";"15:40";"1";"54";"54549";"2";"1";"8";"2";"Route d'Art-sur-meurthe";"48,64146000";"6,30054000"
"202400022599";"24";"05";"2024";"09:30";"1";"75";"75114";"2";"3";"1";"3";"BOULEVARD BRUNE";"48,82615400";"2,31274200"
"202400022600";"23";"05";"2024";"11:45";"1";"75";"75112";"2";"3";"1";"6";"AVENUE DU GENERAL DODDS";"48,83426600";"2,40472900"
"202400022601";"10";"10";"2024";"21:40";"5";"51";"51454";"2";"1";"2";"7";"CERNAY (RUE DE ) DU N° 39 A FIN ET DU N°";"49,25763000";"4,05060000"
"202400022602";"23";"05";"2024";"09:30";"1";"75";"75112";"2";"1";"1";"3";"AVENUE DU TREMBLAY";"48,83426700";"2,45473500"
"202400022603";"24";"05";"2024";"17:00";"1";"94";"94068";"2";"3";"1";"6";"Rue du Pont de Créteil / Rue du Chemin Vert";"48,80079201";"2,47179615"
"202400022604";"10";"10";"2024";"17:10";"1";"51";"51454";"2";"1";"8";"3";"NIEPCE (AVENUE NICEPHORE)";"49,23003000";"4,06864000"
"202400022605";"24";"05";"2024";"09:55";"1";"94";"94068";"2";"2";"1";"3";"Avenue des Piliers / Avenue Francis Garnier";"48,79362100";"2,50893000"
"202400022606";"8";"10";"2024";"18:55";"1";"50";"50502";"2";"1";"1";"1";"HAVIN";"49,11468000";" -1,09333000"
"202400022607";"24";"05";"2024";"09:00";"1";"94";"94068";"2";"2";"1";"6";"Avenue Victor Hugo / Avenue Émile Zola";"48,80326891";"2,48473084"
"202400022608";"22";"05";"2024";"13:00";"1";"94";"94016";"2";"1";"1";"6";"Avenue du Président Wilson";"48,78818000";"2,32392000"
"202400022609";"9";"10";"2024";"09:15";"1";"50";"50129";"2";"2";"2";"3";"EST (BOULEVARD DE L')";"49,63527000";" -1,58629000"
"202400022610";"23";"05";"2024";"11:10";"1";"94";"94028";"2";"1";"1";"6";"29 Avenue Pierre Brossolette";"48,79202400";"2,46219100"
"202400022611";"24";"05";"2024";"12:40";"1";"94";"94017";"2";"1";"1";"6";"Rue du Marché";"48,81184000";"2,50942000"
"202400022612";"10";"10";"2024";"07:45";"2";"49";"49328";"1";"3";"1";"3";"RD 952";"47,27376604";" -0,07991731"
"202400022613";"24";"05";"2024";"12:50";"1";"93";"93070";"2";"3";"1";"5";"Rue des Rosiers / Boulevard Biron";"48,90662000";"2,33532000"
"202400022614";"24";"05";"2024";"11:30";"1";"93";"93055";"2";"3";"1";"3";"Avenue du Général Leclerc / Chemin de la Noue";"48,90143000";"2,41298000"
"202400022615";"10";"10";"2024";"06:50";"5";"49";"49328";"2";"6";"1";"6";"POISSON ROUGE (PLACE DU)";"47,24691000";" -0,07711000"
"202400022616";"24";"05";"2024";"16:35";"1";"93";"93057";"2";"3";"1";"3";"Avenue du Quatorze Juillet / Rue Emile Zola";"48,91101281";"2,49117583"
"202400022617";"24";"05";"2024";"06:55";"1";"93";"93010";"2";"3";"1";"1";"Rue Jules Guesde / Rue du Breuil";"48,90373000";"2,47631000"
"202400022618";"24";"05";"2024";"17:45";"1";"92";"92072";"2";"1";"1";"7";"LECLERC (AVENUE DE LA DIVISION)";"48,82297000";"2,22268000"
"202400022619";"19";"08";"2024";"02:20";"3";"49";"49099";"1";"6";"2";"6";"le Bas Gué au Bouin";"47,05936000";" -0,92182000"
"202400022620";"23";"05";"2024";"22:20";"5";"92";"92064";"2";"1";"1";"1";"ST CLOUD";"48,84030383";"2,22167391"
"202400022621";"9";"10";"2024";"17:14";"1";"49";"49007";"2";"1";"3";"6";"FOCH BOULEVARD";"47,46927000";" -0,54947000"
"202400022622";"23";"05";"2024";"11:30";"1";"92";"92050";"2";"1";"1";"3";"ALLENDE SALVADOR RUE";"48,89594964";"2,21957016"
"202400022623";"22";"05";"2024";"18:15";"1";"92";"92050";"2";"2";"1";"3";"SOUFFLOT J-GERMAIN BOULEVARD";"48,89641792";"2,21476641"
"202400022624";"9";"10";"2024";"09:13";"1";"49";"49007";"2";"1";"3";"2";"MARIANNE BOULEVARD";"47,45039000";" -0,52911000"
"202400022625";"24";"05";"2024";"13:40";"1";"92";"92026";"2";"1";"1";"3";"PRÉSIDENT PAUL DOUMER (QUAI DU)";"48,88954000";"2,25550000"
"202400022626";"24";"05";"2024";"23:45";"5";"92";"92012";"2";"1";"1";"7";"PIERRE GRENIER (AVENUE)";"48,83342000";"2,25396000"
"202400022627";"10";"10";"2024";"20:27";"5";"45";"45147";"2";"9";"1";"6";"3 Avenue d'Oradour-Sur-Glane";"47,93271400";"1,92807900"
"202400022628";"25";"05";"2024";"01:30";"3";"33";"33531";"1";"1";"1";"7";"N/A";"44,82053800";" -0,23165700"
"202400022629";"9";"10";"2024";"09:15";"1";"44";"44109";"2";"1";"3";"7";"10 Boulevard René Cassin";"47,26430000";" -1,57654000"
"202400022630";"25";"05";"2024";"11:40";"1";"80";"80583";"1";"2";"1";"3";"D210";"49,79231900";"2,20956100"
"202400022631";"10";"10";"2024";"06:25";"5";"43";"43190";"2";"1";"8";"6";"R.N 88";"45,05795000";"3,93930000"
"202400022632";"24";"05";"2024";"14:50";"1";"12";"12301";"1";"3";"1";"3";"Route de Montaslès";"44,46013600";"2,00740300"
"202400022633";"10";"10";"2024";"07:20";"1";"38";"38544";"2";"1";"1";"3";"ALPES(BD DES)";"45,52646000";"4,90503000"
"202400022634";"23";"05";"2024";"15:15";"1";"67";"67352";"1";"1";"2";"1";"D6";"48,86005600";"7,46083300"
"202400022635";"9";"10";"2024";"17:09";"1";"37";"37233";"2";"1";"3";"1";"COLOMBIER (RUE DU)";"47,38181000";"0,73890000"
"202400022636";"10";"10";"2024";"08:10";"1";"36";"36044";"2";"1";"1";"6";"Rue Eugène Delacroix";"46,80317827";"1,70686662"
"202400022637";"24";"05";"2024";"18:05";"1";"76";"76621";"1";"1";"1";"4";"A28";"49,65971800";"1,29737400"
"202400022638";"10";"10";"2024";"18:22";"1";"35";"35238";"2";"3";"1";"3";"VOLTAIRE (BD)";"48,10512000";" -1,69807000"
"202400022639";"23";"05";"2024";"14:00";"1";"57";"57102";"1";"1";"1";"6";"9 Rue Paul Cezanne";"49,27651800";"6,20431400"
"202400022640";"25";"05";"2024";"16:45";"1";"51";"51621";"1";"1";"1";"5";"D67";"49,20276600";"4,97385600"
"202400022641";"24";"05";"2024";"11:45";"1";"51";"51210";"1";"1";"8";"7";"D251";"49,07993800";"3,97582800"
"202400022642";"29";"04";"2024";"18:50";"1";"78";"78591";"2";"1";"1";"1";"Rue Georges Duhamel";"48,89328700";"1,68068800"
"202400022643";"10";"10";"2024";"12:42";"1";"35";"35238";"2";"1";"1";"4";"LORIENT (DE)";"48,10690000";" -1,72780000"
"202400022644";"25";"05";"2024";"16:35";"1";"76";"76528";"1";"2";"1";"3";"D407";"49,90406440";"1,58699584"
"202400022645";"24";"05";"2024";"14:30";"1";"79";"79029";"1";"1";"1";"1";"N/A";"46,55610900";" -0,18908500"
"202400022646";"23";"05";"2024";"14:25";"1";"33";"33033";"1";"1";"1";"3";"N/A";"44,72664800";" -0,45118000"
"202400022647";"9";"10";"2024";"16:30";"1";"35";"35055";"1";"1";"2";"2";"RN136";"48,09265308";" -1,62587727"
"202400022648";"25";"05";"2024";"13:10";"1";"71";"71014";"2";"4";"1";"3";"Rue du Faubourg Saint Andoche";"46,95541568";"4,29022751"
"202400022649";"10";"10";"2024";"15:00";"1";"34";"34172";"2";"1";"1";"5";"AURIOL (AVENUE VINCENT)";"43,64612000";"3,85371000"
"202400022650";"10";"10";"2024";"08:55";"1";"34";"34172";"2";"1";"1";"2";"MENDES FRANCE (AVENUE PRESIDENT PIERRE";"43,60972100";"3,90168500"
"202400022651";"8";"10";"2024";"15:10";"1";"34";"34172";"2";"2";"1";"3";"MENDE (ROUTE DE)";"43,62690000";"3,86965000"
"202400022652";"10";"10";"2024";"20:15";"5";"33";"33063";"2";"1";"1";"2";"N/A";"44,82504000";" -0,59840000"
"202400022653";"10";"10";"2024";"17:45";"1";"29";"29232";"2";"1";"1";"6";"95 Rue de Benodet";"47,98222700";" -4,10292400"
"202400022654";"6";"10";"2024";"14:00";"1";"29";"29232";"2";"1";"2";"1";"Alez An Douar Du";"47,99895200";" -4,13074500"
"202400022655";"10";"10";"2024";"17:40";"1";"27";"27229";"2";"6";"1";"3";"FAUVILLE (RUE DE)";"49,02859200";"1,18420200"
"202400022656";"1";"10";"2024";"21:05";"5";"25";"25388";"2";"1";"3";"7";"PARC (RUE DU)";"47,51279000";"6,80170000"
"202400022657";"9";"10";"2024";"12:10";"1";"24";"24322";"2";"3";"1";"6";"HUGO ( RUE VICTOR)";"45,18812000";"0,71804000"
"202400022658";"2";"10";"2024";"21:09";"5";"18";"18033";"2";"3";"1";"3";"14 Boulevard du Maréchal Joffre";"47,07489300";"2,40457400"
"202400022659";"9";"10";"2024";"16:45";"1";"15";"15014";"2";"3";"3";"2";"Avenue de Tronquières";"44,90509000";"2,42745000"
"202400022660";"10";"10";"2024";"07:30";"2";"13";"13203";"2";"1";"1";"3";"STRASBOURG (BOULEVARD)";"43,30823822";"5,37700589"
"202400022661";"10";"10";"2024";"09:29";"1";"06";"06088";"2";"3";"1";"3";"Boulevard René Cassin";"43,66739700";"7,20810100"
"202400022662";"10";"10";"2024";"09:55";"1";"75";"75113";"2";"1";"2";"3";"BE PRIPHERIQUE INTERIEUR";"48,82663500";"2,38899500"
"202400022663";"10";"10";"2024";"08:30";"1";"75";"75120";"2";"4";"2";"6";"BD PERIPHERIQUE EXTERIEUR";"48,86696200";"2,41343500"
"202400022664";"9";"10";"2024";"08:14";"3";"75";"75120";"2";"2";"2";"3";"RUE DES PYRENEES";"48,85918400";"2,40212500"
"202400022665";"10";"10";"2024";"22:20";"5";"75";"75119";"2";"3";"1";"1";"AVENUE JEAN JAURES";"48,88516100";"2,37945700"
"202400022666";"9";"10";"2024";"16:00";"2";"75";"75119";"2";"7";"3";"2";"PLACE DE LA PORTE DE PANTIN";"48,88973400";"2,39603300"
"202400022667";"10";"10";"2024";"23:25";"5";"75";"75117";"2";"2";"1";"7";"RUE DU CAPORAL PEUGEOT";"48,88794400";"2,28882500"
"202400022668";"10";"10";"2024";"09:50";"1";"75";"75116";"2";"3";"2";"1";"AVENUE DE LA GRANDE ARMEE";"48,87510900";"2,29040800"
"202400022669";"9";"10";"2024";"20:50";"5";"75";"75116";"2";"7";"3";"6";"Place de Costa Rica";"48,85869700";"2,28466900"
"202400022670";"10";"10";"2024";"07:15";"5";"75";"75115";"2";"2";"2";"6";"AVENUE DE LA PORTE BRANCION";"48,82588300";"2,30031700"
"202400022671";"10";"10";"2024";"09:19";"1";"75";"75110";"2";"4";"1";"2";"RUE LA FAYETTE";"48,87739500";"2,34990500"
"202400022672";"10";"10";"2024";"21:30";"5";"75";"75114";"2";"1";"1";"3";"BOULEVARD EDGAR QUINET";"48,84006100";"2,32847500"
"202400022673";"10";"10";"2024";"13:00";"1";"75";"75107";"2";"7";"8";"1";"AVENUE BOSQUET";"48,85450600";"2,30543000"
"202400022674";"10";"10";"2024";"08:43";"1";"75";"75101";"2";"2";"8";"6";"BOULEVARD DE SEBASTOPOL";"48,86199000";"2,35016200"
"202400022675";"9";"10";"2024";"09:10";"1";"75";"75104";"2";"2";"3";"3";"PONT DE LA TOURNELLE";"48,85113100";"2,35590800"
"202400022676";"9";"10";"2024";"21:45";"5";"94";"94042";"2";"1";"3";"2";"D4";"48,82020000";"2,46764700"
"202400022677";"10";"10";"2024";"17:50";"1";"94";"94041";"2";"2";"2";"3";"Boulevard du Colonel Fabien";"48,81454000";"2,40441000"
"202400022678";"10";"10";"2024";"16:45";"1";"94";"94065";"2";"1";"2";"5";"Rue des Solets";"48,74231000";"2,35345000"
"202400022679";"10";"10";"2024";"09:15";"1";"94";"94002";"2";"3";"2";"3";"Rue Etienne Dolet/ Rue Nelson Mandela";"48,78432000";"2,42777700"
"202400022680";"10";"10";"2024";"06:45";"5";"93";"93071";"2";"3";"2";"1";"AULNAY (RUE D')";"48,94022108";"2,52162913"
"202400022681";"10";"10";"2024";"12:30";"1";"93";"93048";"2";"1";"1";"6";"MESSIERS (RUE DES)";"48,86010764";"2,42915103"
"202400022682";"10";"10";"2024";"18:15";"1";"93";"93006";"2";"2";"2";"5";"GAMBETTA AV.";"48,87086000";"2,41748000"
"202400022683";"10";"10";"2024";"09:40";"1";"93";"93029";"2";"1";"1";"6";"ANATOLE FRANCE (COLLEGE)";"48,92876429";"2,45260689"
"202400022684";"10";"10";"2024";"08:15";"2";"93";"93010";"2";"1";"2";"6";"AULNAY (ROUTE) COTE PAIRE DE 2 A FIN";"48,90957926";"2,47999048"
"202400022685";"9";"10";"2024";"16:15";"1";"92";"92063";"2";"9";"2";"1";"COLMAR (AVENUE DE)";"48,88687326";"2,17032809"
"202400022686";"10";"10";"2024";"07:20";"5";"92";"92036";"2";"1";"2";"6";"LUCIEN LANTERNIER (AVENUE) (67/87)";"48,93077000";"2,28598000"
"202400022687";"7";"10";"2024";"18:04";"1";"92";"92035";"2";"1";"3";"6";"National ( boulevard )";"48,90539638";"2,23905791"
"202400022688";"9";"10";"2024";"15:30";"1";"92";"92023";"2";"1";"3";"6";"JEAN JAURES (AVENUE) N°57 A 259 ET 64 A";"48,80076542";"2,26358458"
"202400022689";"9";"10";"2024";"08:52";"1";"92";"92023";"2";"1";"2";"6";"GARENNE (ROUTE DE LA)";"48,77807213";"2,22940676"
"202400022690";"9";"10";"2024";"17:20";"2";"92";"92012";"2";"1";"3";"6";"PIERRE GRENIER (AVENUE)";"48,82929536";"2,25112930"
"202400022691";"10";"10";"2024";"07:45";"2";"92";"92004";"2";"1";"2";"6";"VOLTAIRE ( BD 16 A FIN )";"48,91630161";"2,28992611"
"202400022692";"9";"10";"2024";"16:15";"1";"92";"92004";"2";"1";"3";"2";"DOCTEUR DERVAUX  ( QUAI DU )";"48,90648000";"2,29066000"
"202400022693";"11";"10";"2024";"15:20";"1";"976";"97610";"2";"1";"1";"6";"Majikavo Koropa";" -12,74706100";"45,22745100"
"202400022694";"9";"10";"2024";"23:45";"3";"50";"50565";"1";"6";"2";"6";"RD 673";"48,74393700";" -1,44288400"
"202400022695";"10";"10";"2024";"19:08";"1";"22";"22182";"1";"2";"2";"3";"les Tronchets";"48,55653600";" -2,93324800"
"202400022696";"11";"10";"2024";"00:35";"5";"01";"01071";"2";"6";"2";"6";"D1005";"46,31453900";"6,06640600"
"202400022697";"11";"10";"2024";"03:10";"3";"29";"29020";"1";"1";"1";"1";"N165";"48,07480526";" -4,04613055"
"202400022698";"8";"10";"2024";"17:30";"1";"59";"59463";"1";"3";"1";"3";"14 Route du Staelen Brugge Cd 17";"50,93937600";"2,32674700"
"202400022699";"10";"10";"2024";"15:44";"1";"30";"30334";"1";"3";"1";"5";"D982";"44,01962300";"4,43032300"
"202400022700";"10";"10";"2024";"18:54";"2";"95";"95352";"1";"9";"3";"5";"D316";"49,10976169";"2,42893774"
"202400022701";"10";"10";"2024";"20:58";"3";"19";"19289";"1";"1";"1";"6";"Route Des Crêtes";"45,20373698";"1,40650284"
"202400022702";"11";"10";"2024";"05:25";"5";"80";"80318";"2";"2";"5";"3";"Rue Yves Poiret";"50,01544000";"2,08552500"
"202400022703";"9";"10";"2024";"14:50";"1";"63";"63364";"1";"2";"1";"2";"D2089 / D46A";"45,82864996";"3,43144086"
"202400022704";"11";"10";"2024";"15:43";"1";"63";"63003";"2";"2";"1";"6";"20 Boulevard Sully";"45,54948179";"3,73962030"
"202400022705";"11";"10";"2024";"15:53";"1";"46";"46237";"1";"1";"1";"1";"Route de Puy Blanc";"44,63214600";"1,93255300"
"202400022706";"10";"10";"2024";"15:10";"1";"41";"41275";"1";"3";"8";"3";"D357";"47,89225900";"1,08266800"
"202400022707";"11";"10";"2024";"02:30";"3";"22";"22195";"2";"1";"2";"6";"Saint Antoine";"48,85300100";" -3,12304600"
"202400022708";"6";"10";"2024";"13:05";"1";"39";"39270";"1";"4";"8";"3";"N/A";"47,13670400";"5,46985300"
"202400022709";"11";"10";"2024";"07:25";"2";"25";"25147";"2";"6";"1";"6";"D11";"47,22624500";"5,90047600"
"202400022710";"10";"10";"2024";"20:35";"5";"29";"29284";"2";"3";"1";"3";"Route du Letty";"47,80790900";" -4,25995900"
"202400022711";"10";"10";"2024";"10:20";"1";"38";"38263";"1";"1";"1";"7";"568 chemin des collines";"45,28214900";"5,45643000"
"202400022712";"11";"10";"2024";"04:23";"3";"02";"02450";"1";"1";"1";"1";"N/A";"49,88141800";"3,59956700"
"202400022713";"11";"10";"2024";"06:55";"3";"15";"15142";"1";"2";"5";"3";"RD 921";"44,98171600";"3,01715300"
"202400022714";"11";"10";"2024";"16:30";"1";"01";"01028";"2";"3";"1";"3";"Impasse de l?Avenir";"46,11070100";"4,90278800"
"202400022715";"9";"10";"2024";"12:50";"1";"72";"72183";"1";"1";"3";"3";"lieu dit les chopinieres";"47,68837700";"0,49028100"
"202400022716";"9";"10";"2024";"13:15";"1";"14";"14431";"2";"3";"3";"1";"11 Route de la Chapelle au Haras";"49,12156991";" -0,10271980"
"202400022717";"10";"10";"2024";"14:00";"1";"14";"14102";"1";"2";"2";"1";"Route de la Vallee";"49,22802900";"0,21199600"
"202400022718";"8";"10";"2024";"10:00";"1";"14";"14077";"1";"2";"1";"3";"33 Route du Faulq";"49,25803000";"0,30267100"
"202400022719";"10";"10";"2024";"17:40";"1";"85";"85246";"1";"1";"1";"6";"RD52";"46,71306800";" -1,16548700"
"202400022720";"11";"10";"2024";"10:41";"1";"30";"30071";"1";"9";"1";"7";"D106";"44,03230500";"4,13654600"
"202400022721";"21";"09";"2024";"01:00";"4";"08";"08331";"2";"1";"1";"6";"N/A";"49,67129100";"4,95031700"
"202400022722";"11";"10";"2024";"15:15";"1";"69";"69044";"2";"3";"1";"3";"Route de Sain-Bel";"45,76986053";"4,74224075"
"202400022723";"6";"10";"2024";"19:50";"5";"78";"78010";"2";"1";"1";"1";"50 Route Royale";"48,92025000";"1,91386900"
"202400022724";"12";"10";"2024";"03:10";"3";"988";"98811";"1";"3";"1";"1";"RT1/CR4";" -21,04995000";"164,79711000"
"202400022725";"10";"10";"2024";"07:15";"2";"29";"29031";"1";"1";"1";"6";"Kergroas";"47,82360002";" -3,58042247"
"202400022726";"10";"10";"2024";"10:30";"1";"77";"77183";"2";"3";"2";"6";"31 Avenue Franklin Roosevelt";"48,94344300";"3,12199500"
"202400022727";"10";"10";"2024";"22:50";"3";"34";"34162";"1";"1";"1";"6";"D32";"43,48906600";"3,47055900"
"202400022728";"8";"10";"2024";"08:30";"1";"13";"13014";"1";"1";"8";"1";"D113";"43,52237600";"5,19786400"
"202400022729";"11";"10";"2024";"11:16";"1";"68";"68063";"2";"1";"1";"6";"2 Rue Maurice Koechlin";"47,80248300";"7,18185100"
"202400022730";"9";"10";"2024";"19:00";"2";"67";"67363";"1";"1";"1";"5";"D30";"48,59320000";"7,53989300"
"202400022731";"1";"10";"2024";"04:30";"3";"73";"73006";"1";"1";"2";"7";"Route de montagne";"45,55130800";"6,57847200"
"202400022732";"29";"09";"2024";"01:50";"3";"73";"73095";"1";"6";"1";"6";"D925";"45,46934800";"6,12394500"
"202400022733";"11";"10";"2024";"16:30";"1";"42";"42148";"1";"1";"1";"7";"Route de Violay";"45,83046600";"4,32947200"
"202400022734";"10";"10";"2024";"09:55";"1";"44";"44035";"2";"1";"1";"3";"N/A";"47,28045200";" -1,54907800"
"202400022735";"10";"10";"2024";"20:25";"5";"38";"38281";"1";"1";"1";"2";"RD 1532";"45,23201100";"5,64527200"
"202400022736";"11";"10";"2024";"06:25";"5";"69";"69241";"1";"1";"1";"1";"Route Départementale 342";"45,63455100";"4,73277900"
"202400022737";"9";"10";"2024";"16:30";"1";"69";"69204";"2";"1";"1";"6";"102 Avenue Georges Clémenceau";"45,69837500";"4,79473800"
"202400022738";"11";"10";"2024";"15:35";"1";"65";"65059";"2";"1";"1";"7";"Route de Toulouse";"43,07591400";"0,15885700"
"202400022739";"11";"10";"2024";"08:43";"2";"33";"33240";"2";"3";"1";"3";"N/A";"45,30356500";" -0,92417100"
"202400022740";"11";"10";"2024";"12:00";"1";"33";"33322";"1";"1";"1";"4";"N/A";"44,95733200";" -0,72254400"
"202400022741";"11";"10";"2024";"07:35";"2";"33";"33051";"1";"3";"1";"1";"N/A";"44,66021300";" -0,91891900"
"202400022742";"11";"10";"2024";"08:57";"1";"60";"60628";"1";"1";"5";"5";"N31";"49,42612318";"2,13355780"
"202400022743";"10";"10";"2024";"12:47";"1";"13";"13005";"1";"1";"1";"2";"A501-Sens Aubagne vers Pont de l'Etoile";"43,29100000";"5,55550000"
"202400022744";"10";"10";"2024";"10:05";"1";"13";"13071";"1";"1";"1";"2";"A5502G-sens Martigues vers A7-Marseille";"43,40130000";"5,29962000"
"202400022745";"10";"10";"2024";"07:13";"4";"33";"33013";"1";"1";"8";"2";"N/A";"44,86865000";" -0,50252000"
"202400022746";"10";"10";"2024";"18:23";"2";"91";"91553";"1";"1";"1";"5";"RN 104";"48,63154000";"2,50178000"
"202400022747";"10";"10";"2024";"17:17";"1";"91";"91549";"1";"1";"2";"2";"RN 104";"48,62597000";"2,34045000"
"202400022748";"10";"10";"2024";"10:20";"1";"91";"91617";"1";"1";"2";"6";"RN 104";"48,63804517";"2,53555536"
"202400022749";"10";"10";"2024";"08:50";"1";"94";"94021";"1";"1";"2";"1";"A6B";"48,76030105";"2,33820212"
"202400022750";"10";"10";"2024";"09:25";"1";"94";"94038";"1";"1";"2";"4";"A6B";"48,77844525";"2,34673565"
"202400022751";"9";"10";"2024";"09:30";"1";"92";"92047";"1";"1";"3";"7";"A13";"48,83231571";"2,15438418"
"202400022752";"9";"10";"2024";"09:26";"1";"92";"92025";"1";"1";"2";"3";"A86";"48,92386630";"2,22972613"
"202400022753";"9";"10";"2024";"01:45";"3";"78";"78423";"1";"1";"1";"6";"RN12";"48,79597000";"2,03484000"
"202400022754";"8";"10";"2024";"23:15";"3";"78";"78217";"1";"1";"1";"2";"A13";"48,96532500";"1,81636700"
"202400022755";"10";"10";"2024";"17:00";"1";"95";"95582";"1";"1";"2";"3";"A15";"48,96395155";"2,26313134"
"202400022756";"9";"10";"2024";"09:30";"1";"95";"95641";"1";"1";"3";"2";"A1";"49,06957407";"2,55231568"
"202400022757";"8";"10";"2024";"21:50";"3";"93";"93005";"1";"1";"1";"6";"AUTOROUTE A1";"48,96445891";"2,47393611"
"202400022758";"9";"10";"2024";"01:20";"5";"93";"93064";"1";"1";"1";"3";"AUTOROUTE A86";"48,87742669";"2,47719169"
"202400022759";"10";"10";"2024";"16:30";"1";"94";"94028";"1";"1";"3";"2";"A86";"48,79449381";"2,44220497"
"202400022760";"2";"10";"2024";"08:45";"2";"44";"44162";"2";"6";"1";"2";"Rond-Point du Croisy";"47,25474673";" -1,62949014"
"202400022761";"20";"09";"2024";"19:25";"1";"44";"44143";"2";"6";"1";"3";"Allée de Touraine";"47,18615507";" -1,55607946"
"202400022762";"3";"08";"2024";"19:00";"1";"74";"74008";"2";"1";"1";"2";"GENEVE (RUE DE)";"46,19000000";"6,22000000"
"202400022763";"14";"05";"2024";"07:15";"2";"92";"92051";"2";"1";"2";"2";"ACHILLE PERETTI (AVENUE, N° 90 A 96 ET 9";"48,88411215";"2,27045810"
"202400022764";"22";"07";"2024";"18:50";"1";"92";"92050";"1";"1";"1";"2";"A86";"48,91069292";"2,21618664"
"202400022765";"9";"10";"2024";"05:10";"2";"974";"97416";"1";"9";"1";"5";"RN3 (1)";" -21,30264000";"55,50113000"
"202400022766";"9";"10";"2024";"05:10";"2";"974";"97416";"1";"9";"1";"2";"RN3 (1)";" -21,30264000";"55,50113000"
"202400022767";"8";"10";"2024";"12:00";"1";"974";"97411";"2";"1";"1";"7";"RIVIERE DES PLUIES (ROUTE DE LA)";" -20,90132000";"55,50150000"
"202400022768";"9";"10";"2024";"20:55";"5";"973";"97302";"2";"1";"1";"2";"FELIX EBOUE(ROCADE)";"4,92921000";" -52,31559000"
"202400022769";"9";"10";"2024";"12:31";"1";"973";"97302";"2";"1";"1";"1";"TROUBIRAN (CHEMIN DE)";"4,92986000";" -52,30414000"
"202400022770";"9";"10";"2024";"06:00";"2";"972";"97213";"1";"1";"2";"6";"ROUTE DEPARTEMENTALE 3";"14,67145000";" -60,99176000"
"202400022771";"9";"10";"2024";"17:30";"1";"69";"69389";"2";"1";"6";"6";"Rue Sergent Michel Berthet";"45,77488860";"4,80542393"
"202400022772";"9";"10";"2024";"06:56";"1";"971";"97120";"1";"1";"1";"6";"Pont de BLANCHARD";"16,22358000";" -61,52587000"
"202400022773";"8";"10";"2024";"08:50";"1";"971";"97101";"2";"1";"1";"7";"Frédéric JALTON";"16,27478000";" -61,50341000"
"202400022774";"1";"10";"2024";"19:38";"5";"95";"95268";"2";"6";"1";"1";"D84B";"48,97226000";"2,41982000"
"202400022775";"9";"10";"2024";"22:40";"5";"95";"95277";"2";"1";"3";"6";"D84";"48,98472039";"2,46298441"
"202400022776";"9";"10";"2024";"18:14";"1";"95";"95500";"2";"5";"3";"3";"D915Z";"49,05142770";"2,10048196"
"202400022777";"9";"10";"2024";"18:40";"2";"91";"91549";"2";"5";"3";"3";"SEQUIGNY (RUE DE)";"48,64421000";"2,32533000"
"202400022778";"9";"10";"2024";"01:14";"4";"91";"91645";"2";"9";"1";"6";"TOURNELLE (ALLEE DE LA)";"48,74165000";"2,27008000"
"202400022779";"9";"10";"2024";"14:00";"1";"84";"84080";"2";"6";"1";"6";"AVIGNON BOULEVARD D'";"44,03340000";"4,99517000"
"202400022780";"8";"10";"2024";"07:40";"2";"84";"84007";"2";"6";"3";"6";"PONT DES DEUX EAUX (CHEMIN DU)";"43,94311000";"4,84194000"
"202400022781";"8";"10";"2024";"07:30";"2";"84";"84007";"2";"1";"2";"6";"LIMBERT (BOULEVARD)";"43,94783000";"4,81829000"
"202400022782";"27";"08";"2024";"19:20";"2";"83";"83126";"2";"6";"1";"6";"MERLE (BD TOUSSAINT)";"43,10109000";"5,88836000"
"202400022783";"9";"10";"2024";"07:45";"1";"79";"79191";"2";"1";"3";"2";"N/A";"46,31114800";" -0,47620000"
"202400022784";"9";"10";"2024";"08:00";"1";"78";"78551";"2";"1";"3";"6";"LOGES (AVENUE DES)";"48,90162000";"2,09438000"
"202400022785";"8";"10";"2024";"08:45";"1";"78";"78401";"2";"1";"1";"4";"RHIN ET DANUBE (PONT)";"48,99999000";"1,90760000"
"202400022786";"9";"10";"2024";"09:20";"1";"77";"77335";"1";"1";"3";"3";"RD129 (ROUTE DEPARTEMENTALE)";"48,96924975";"2,83086777"
"202400022787";"9";"10";"2024";"08:00";"2";"77";"77513";"2";"1";"3";"6";"BRIAND ARISTIDE (RUE)";"48,94941000";"2,86938000"
"202400022788";"9";"10";"2024";"17:15";"1";"76";"76474";"1";"1";"3";"1";"Rue de l'Abbaye";"49,49885000";"1,04095000"
"202400022789";"14";"08";"2024";"13:10";"1";"76";"76540";"2";"3";"1";"3";"Rue François Couperin";"49,45105000";"1,13530000"
"202400022790";"8";"10";"2024";"14:10";"1";"76";"76259";"2";"1";"1";"4";"LEBORGNE ( RUE CHARLES)";"49,75356000";"0,37219000"
"202400022791";"9";"10";"2024";"11:40";"1";"76";"76217";"2";"1";"2";"2";"BLD DU MARECHAL JOFFRE";"49,92287000";"1,07606000"
"202400022792";"9";"10";"2024";"10:38";"1";"73";"73065";"2";"2";"1";"3";"D1006 - REPOS (AVENUE DU)";"45,57590000";"5,90696000"
"202400022793";"9";"10";"2024";"09:00";"1";"73";"73065";"2";"1";"1";"3";"Voie verte - Av Verte Nord Chambéry";"45,59705609";"5,89225441"
"202400022794";"8";"10";"2024";"17:15";"1";"72";"72003";"1";"1";"2";"2";"SPAY (RTE DE)";"47,94457428";"0,16051680"
"202400022795";"9";"10";"2024";"07:25";"1";"71";"71540";"2";"9";"2";"6";"MOUILLELONGUE (BOULEVARD DE LA)";"46,78672000";"4,43150000"