"Num_Acc";"jour";"mois";"an";"hrmn";"lum";"dep";"com";"agg";"int";"atm";"col";"adr";"lat";"long"
"202400022796";"9";"10";"2024";"09:09";"1";"71";"71076";"2";"1";"1";"2";"SAINT COSME (QUAI)";"46,77676721";"4,84841294"
"202400022797";"9";"10";"2024";"07:36";"2";"71";"71076";"2";"1";"1";"6";"MATHIAS (AVENUE)";"46,78619000";"4,85713000"
"202400022798";"9";"10";"2024";"18:15";"1";"69";"69282";"2";"1";"6";"3";"20 Rue Paul Cézanne";"45,76695868";"4,98660220"
"202400022799";"6";"10";"2024";"15:55";"1";"69";"69264";"2";"2";"1";"3";"Rue Pierre Dupont";"45,99476000";"4,72560000"
"202400022800";"6";"10";"2024";"10:40";"1";"69";"69264";"2";"1";"1";"2";"Rue Condorcet";"45,98300000";"4,73153000"
"202400022801";"8";"10";"2024";"12:30";"1";"67";"67482";"2";"1";"3";"1";"ROETHIG (RUE DU)";"48,56734000";"7,70479000"
"202400022802";"9";"10";"2024";"14:00";"1";"66";"66136";"2";"2";"1";"3";"Avenue Maréchal Juin";"42,68752888";"2,90032089"
"202400022803";"9";"10";"2024";"11:55";"1";"66";"66136";"2";"1";"1";"6";"BOULES";"42,70471000";"2,87977000"
"202400022804";"9";"10";"2024";"13:05";"1";"64";"64445";"2";"6";"2";"3";"PEYROULET";"43,30388000";" -0,35605000"
"202400022805";"8";"10";"2024";"21:23";"5";"64";"64129";"2";"3";"1";"7";"RONSARD";"43,30462000";" -0,39098000"
"202400022806";"9";"10";"2024";"06:50";"5";"63";"63113";"2";"1";"2";"3";"LAFAYETTE (BD)";"45,76927165";"3,10324073"
"202400022807";"9";"10";"2024";"07:10";"5";"63";"63113";"2";"1";"1";"3";"RESSORT (RUE DU)";"45,78723000";"3,11072000"
"202400022808";"9";"10";"2024";"19:15";"5";"62";"62186";"2";"1";"3";"6";"D166";"50,45607606";"2,72114481"
"202400022809";"9";"10";"2024";"10:30";"1";"60";"60057";"2";"9";"2";"6";"Rue du Charolais";"49,44015000";"2,09599000"
"202400022810";"8";"10";"2024";"22:00";"5";"59";"59650";"2";"2";"1";"3";"POLLET (RUE DENIS)";"50,70343000";"3,21406000"
"202400022811";"27";"06";"2024";"07:25";"1";"84";"84035";"2";"1";"1";"3";"MERIMEE (AVENUE PROSPER)";"43,85173000";"5,03412000"
"202400022812";"24";"06";"2024";"15:35";"1";"84";"84007";"1";"7";"1";"7";"GARE TGV (Parking)";"43,92397000";"4,78782000"
"202400022813";"8";"06";"2024";"07:05";"1";"84";"84007";"2";"1";"1";"6";"LYON (route de )";"43,95102000";"4,82602000"
"202400022814";"27";"06";"2024";"10:50";"1";"83";"83137";"2";"3";"1";"2";"STRASBOURG (BD DE )";"43,12464000";"5,93369000"
"202400022815";"27";"06";"2024";"13:10";"1";"81";"81163";"2";"1";"1";"6";"Route des Usines";"43,47378000";"2,39183000"
"202400022816";"27";"06";"2024";"15:35";"1";"81";"81065";"2";"9";"1";"1";"RN 112 (ROCADE SUD)";"43,56743000";"2,26701000"
"202400022817";"26";"06";"2024";"18:25";"1";"78";"78208";"2";"1";"1";"6";"MESNIL (ROUTE DU) 274";"48,78257800";"1,96025200"
"202400022818";"26";"06";"2024";"16:40";"1";"78";"78644";"2";"1";"1";"3";"PETIT PONT (RUE DU)";"48,75749800";"1,95662100"
"202400022819";"27";"06";"2024";"18:00";"1";"77";"77373";"2";"1";"1";"3";"RUE DU PLATEAU";"48,79696000";"2,61359000"
"202400022820";"27";"06";"2024";"16:44";"1";"77";"77373";"1";"1";"1";"1";"CD 51";"48,77215900";"2,60902100"
"202400022821";"22";"06";"2024";"13:30";"1";"77";"77083";"2";"2";"1";"1";"AUGUSTE VALLAUD (RUE)";"48,85603875";"2,58392308"
"202400022822";"27";"06";"2024";"12:55";"1";"77";"77378";"2";"3";"1";"6";"FONTAINEBLEAU(AVENUE DE)";"48,52827594";"2,54897565"
"202400022823";"27";"06";"2024";"17:10";"1";"77";"77122";"2";"1";"1";"2";"RUE SOMMEVILLE";"48,66446600";"2,56952900"
"202400022824";"27";"06";"2024";"07:45";"1";"77";"77458";"2";"1";"1";"6";"RUE DES VARENNES";"48,17826400";"2,73363300"
"202400022825";"27";"06";"2024";"19:40";"1";"76";"76498";"2";"1";"1";"4";"N338 - Sud 3";"49,43304520";"1,06072247"
"202400022826";"27";"06";"2024";"18:40";"1";"76";"76540";"2";"2";"1";"6";"Avenue du Mont Riboudet";"49,44645000";"1,07086000"
"202400022827";"27";"06";"2024";"10:10";"1";"73";"73065";"2";"6";"1";"1";"TURIN (AVENUE)";"45,57021000";"5,93524000"
"202400022828";"26";"06";"2024";"11:40";"1";"73";"73008";"2";"6";"1";"3";"LEPIC BOULEVARD";"45,68552000";"5,90600000"
"202400022829";"26";"06";"2024";"13:35";"1";"71";"71153";"2";"1";"1";"7";"VERDUN (AVENUE DE)";"46,80692000";"4,43254000"
"202400022830";"27";"06";"2024";"12:20";"1";"69";"69266";"2";"2";"1";"6";"Rue Léon Blum";"45,76458000";"4,91907000"
"202400022831";"26";"06";"2024";"17:35";"1";"69";"69266";"2";"1";"1";"1";"Avenue Marcel Cerdan";"45,76720449";"4,90599828"
"202400022832";"26";"06";"2024";"16:30";"1";"67";"67218";"2";"1";"1";"3";"VINCENT SCOTTO (RUE)";"48,53110254";"7,72269130"
"202400022833";"26";"06";"2024";"17:05";"1";"67";"67482";"2";"1";"1";"6";"JACQUELINE AURIOL";"48,54646000";"7,76646000"
"202400022834";"28";"06";"2024";"01:00";"3";"65";"65100";"1";"1";"2";"3";"Chemin de Lourdes";"43,24916455";"0,03886931"
"202400022835";"26";"06";"2024";"14:11";"1";"64";"64102";"2";"1";"1";"4";"HENRI DE NAVARRE (AVENUE)";"43,49812000";" -1,44857000"
"202400022836";"27";"06";"2024";"19:15";"1";"62";"62119";"2";"1";"1";"1";"Avenue de Bruay";"50,52359735";"2,62770635"
"202400022837";"21";"06";"2024";"10:00";"1";"62";"62126";"2";"1";"1";"6";"D72";"50,52106000";"2,67909000"
"202400022838";"27";"06";"2024";"09:20";"1";"59";"59648";"2";"1";"1";"3";"GUILLAIN CHARLES AVENUE";"50,58908000";"3,04814000"
"202400022839";"27";"06";"2024";"18:40";"1";"57";"57751";"2";"1";"1";"3";"METZ (RUE DE )";"49,14130000";"6,15262000"
"202400022840";"26";"06";"2024";"17:15";"1";"56";"56260";"2";"6";"1";"3";"Avenue Jean Monnet";"47,66265000";" -2,76226000"
"202400022841";"26";"06";"2024";"18:33";"1";"56";"56162";"1";"1";"1";"1";"Rue du Moulin du Ter";"47,73151000";" -3,40658000"
"202400022842";"26";"06";"2024";"17:29";"1";"54";"54367";"1";"1";"1";"2";"RN52";"49,50223491";"5,79322815"
"202400022843";"27";"06";"2024";"20:53";"1";"54";"54280";"2";"3";"1";"3";"Rue de Franchepré";"49,22808000";"6,01783600"
"202400022844";"27";"06";"2024";"02:40";"4";"51";"51454";"2";"1";"1";"6";"BREBANT (AVENUE) DU 1 A 86";"49,25570704";"4,01505061"
"202400022845";"26";"06";"2024";"21:10";"1";"51";"51454";"2";"2";"1";"3";"SALENGRO (RUE ROGER)";"49,27348000";"4,02403000"
"202400022846";"27";"06";"2024";"17:35";"1";"45";"45232";"2";"1";"1";"3";"D920 PR 6 + 370";"47,87044000";"1,90396000"
"202400022847";"27";"06";"2024";"19:40";"1";"43";"43251";"1";"1";"1";"7";"D31";"45,02160938";"3,84913937"
"202400022848";"27";"06";"2024";"12:50";"1";"37";"37261";"2";"3";"1";"3";"AMPERE (RUE)";"47,39076000";"0,67566000"
"202400022849";"27";"06";"2024";"12:40";"1";"35";"35238";"2";"2";"1";"3";"BOURGEOIS (BOULEVARD LEON)";"48,09810000";" -1,65550000"
"202400022850";"27";"06";"2024";"12:50";"1";"35";"35238";"2";"1";"1";"3";"COETLOGON (AVENUE DE)";"48,12266921";" -1,68611974"
"202400022851";"26";"06";"2024";"17:50";"1";"34";"34172";"2";"1";"1";"3";"LIBERTE (AVENUE DE LA";"43,61174000";"3,82632000"
"202400022852";"26";"06";"2024";"11:30";"1";"34";"34172";"2";"1";"1";"3";"MONTELS L' EGLISE (RUE DE)";"43,58266000";"3,88677000"
"202400022853";"27";"06";"2024";"17:45";"1";"33";"33167";"2";"6";"1";"3";"N/A";"44,84338000";" -0,50378000"
"202400022854";"27";"06";"2024";"15:42";"1";"33";"33281";"2";"1";"1";"6";"N/A";"44,82670000";" -0,66400000"
"202400022855";"26";"06";"2024";"21:35";"4";"28";"28134";"2";"9";"1";"7";"RIOTTES (RUE DES)";"48,73774900";"1,34754000"
"202400022856";"27";"06";"2024";"17:50";"1";"27";"27681";"2";"1";"1";"1";"SAINT LOUIS (RUE)";"49,08720000";"1,47990000"
"202400022857";"27";"06";"2024";"20:00";"1";"26";"26058";"2";"9";"1";"7";"Rue Louis de Broglie";"44,96084790";"4,88587439"
"202400022858";"27";"06";"2024";"18:38";"1";"26";"26198";"1";"1";"1";"2";"Avenue de Gournier";"44,53307000";"4,73583000"
"202400022859";"26";"06";"2024";"14:20";"1";"25";"25388";"2";"9";"1";"6";"LAMARTINE (RUE)";"47,51925000";"6,78018000"
"202400022860";"27";"06";"2024";"17:00";"1";"19";"19272";"2";"1";"1";"6";"Rigny (Quai)";"45,26420000";"1,76327000"
"202400022861";"26";"06";"2024";"12:15";"1";"15";"15012";"1";"1";"1";"7";"RD 6";"44,89110000";"2,46964000"
"202400022862";"26";"06";"2024";"22:30";"5";"13";"13043";"2";"1";"1";"3";"POUSARAQUE (AV DE LA )";"43,38717000";"5,22341000"
"202400022863";"27";"06";"2024";"19:30";"1";"13";"13213";"2";"3";"1";"3";"ALBERT EINSTEIN (RUE)";"43,34362923";"5,44606578"
"202400022864";"27";"06";"2024";"19:00";"1";"13";"13047";"2";"3";"1";"3";"COGNETS RONDE DES";"43,50323000";"4,98002000"
"202400022865";"26";"06";"2024";"16:50";"1";"11";"11069";"2";"1";"1";"6";"131 Rue Trivalle";"43,20855000";"2,36751000"
"202400022866";"26";"06";"2024";"16:35";"1";"09";"09225";"1";"6";"1";"2";"TOULOUSE ROUTE DE";"43,14423800";"1,60542300"
"202400022867";"27";"06";"2024";"02:30";"5";"06";"06029";"2";"1";"1";"1";"2 Avenue Maurice Chevalier";"43,55176960";"6,96081740"
"202400022868";"26";"06";"2024";"22:45";"5";"01";"01053";"2";"3";"1";"2";"VICAIRE (RUE GABRIEL)";"46,20768000";"5,22538000"
"202400022869";"27";"06";"2024";"20:00";"1";"75";"75116";"2";"1";"1";"3";"BD PERIPHERIQUE EXTERIEUR";"48,83718700";"2,25548400"
"202400022870";"27";"06";"2024";"17:40";"1";"75";"75113";"2";"1";"1";"3";"BD PERIPHERIQUE EXTERIEUR";"48,82567500";"2,38658900"
"202400022871";"27";"06";"2024";"09:30";"1";"75";"75116";"2";"1";"1";"2";"BD PERIPHERIQUE EXTERIEUR";"48,83492800";"2,26270900"
"202400022872";"27";"06";"2024";"08:40";"1";"75";"75112";"2";"1";"1";"4";"BD PERIPHERIQUE EXTERIEUR ";"48,83080700";"2,40315400"
"202400022873";"26";"06";"2024";"14:10";"1";"75";"75112";"2";"1";"1";"5";"BD PERIPHERIQUE EXTERIEUR";"48,82952500";"2,40122800"
"202400022874";"26";"06";"2024";"14:40";"1";"75";"75114";"2";"3";"8";"6";"AVENUE DU GENERAL LECLERC";"48,82396000";"2,32576800"
"202400022875";"27";"06";"2024";"22:10";"5";"75";"75106";"2";"4";"1";"6";"RUE SUGER";"48,85296300";"2,34278400"
"202400022876";"27";"06";"2024";"16:42";"1";"75";"75105";"2";"1";"1";"6";"RUE DES BERNARDINS";"48,85042200";"2,35086200"
"202400022877";"15";"11";"2024";"22:50";"5";"29";"29151";"2";"1";"1";"2";"Rue de Brest";"48,57547400";" -3,82943300"
"202400022878";"27";"06";"2024";"17:10";"1";"75";"75120";"2";"2";"1";"6";"RUE DES COURONNES";"48,86968400";"2,38221000"
"202400022879";"16";"11";"2024";"11:55";"1";"28";"28220";"2";"1";"1";"6";"RIBOUCHES";"48,41953000";"1,46491000"
"202400022880";"27";"06";"2024";"13:30";"1";"75";"75119";"2";"2";"1";"6";"RUE DE LORRAINE";"48,88611200";"2,38309900"
"202400022881";"27";"06";"2024";"14:50";"1";"75";"75118";"2";"7";"1";"6";"Boulevard Ornano";"48,89595600";"2,34597000"
"202400022882";"15";"11";"2024";"18:57";"5";"25";"25462";"2";"1";"1";"2";"ROCADE G.POMPIDOU ( DE 0 A 6)";"46,89722000";"6,36016000"
"202400022883";"26";"06";"2024";"15:40";"1";"75";"75117";"2";"7";"1";"3";"BOULEVARD MALESHERBES";"48,88716800";"2,30489300"
"202400022884";"15";"11";"2024";"17:10";"1";"19";"19031";"2";"1";"1";"3";"KOENIG (BOULEVARD GENERAL)";"45,15928000";"1,53063000"
"202400022885";"26";"06";"2024";"16:40";"1";"75";"75116";"2";"3";"1";"3";"RUE GROS";"48,85136200";"2,27712600"
"202400022886";"15";"11";"2024";"15:25";"1";"17";"17306";"2";"1";"1";"3";"REPUBLIQUE (DE LA) (BD)";"45,62428000";" -1,02829000"
"202400022887";"26";"06";"2024";"21:50";"2";"75";"75116";"2";"2";"1";"3";"PLACE DE LA PORTE D AUTEUIL";"48,84808800";"2,25895800"
"202400022888";"27";"06";"2024";"17:50";"1";"75";"75115";"2";"2";"1";"6";"RUE PETEL";"48,84154800";"2,29914700"
"202400022889";"27";"06";"2024";"15:00";"1";"75";"75115";"2";"3";"1";"6";"RUE LECOURBE";"48,84316900";"2,30459200"
"202400022890";"15";"11";"2024";"12:55";"1";"16";"16166";"2";"1";"1";"6";"N/A";"45,66698500";"0,20013500"
"202400022891";"15";"11";"2024";"17:40";"5";"15";"15014";"2";"1";"1";"6";"Avenue Aristide Briand";"44,92451000";"2,44718000"
"202400022892";"27";"06";"2024";"14:15";"1";"75";"75114";"2";"9";"1";"2";"PORTE DE CHATILLON";"48,82266100";"2,31474600"
"202400022893";"15";"11";"2024";"23:45";"3";"13";"13103";"1";"1";"1";"3";"RN 113";"43,64017000";"4,98651000"
"202400022894";"24";"06";"2024";"17:53";"1";"75";"75112";"2";"1";"1";"6";"AVENUE DE LA PORTE DE VINCENNES";"48,84649000";"2,41502000"
"202400022895";"16";"11";"2024";"20:10";"5";"13";"13208";"2";"1";"1";"3";"PRADO (AVENUE DU)";"43,26834000";"5,38748500"
"202400022896";"16";"11";"2024";"18:30";"5";"13";"13210";"2";"1";"1";"1";"PAUL CLAUDEL (BOULEVARD)";"43,27180000";"5,42400000"
"202400022897";"27";"06";"2024";"13:06";"1";"75";"75111";"2";"2";"1";"2";"RUE DU FAUBOURG SAINT ANTOINE";"48,85045700";"2,38145600"
"202400022898";"16";"11";"2024";"19:20";"5";"13";"13004";"2";"1";"1";"3";"AV STALINGRAD";"43,68767000";"4,63500000"
"202400022899";"16";"11";"2024";"20:50";"5";"10";"10357";"2";"3";"1";"3";"ROUTE DE BOURANTON (D147)";"48,29688000";"4,13337000"
"202400022900";"27";"06";"2024";"16:53";"1";"75";"75110";"2";"7";"1";"6";"Place de la République";"48,86849900";"2,36292700"
"202400022901";"15";"11";"2024";"17:20";"5";"10";"10362";"2";"2";"1";"3";"DAMES (RUE DES)";"48,29263000";"4,04534000"
"202400022902";"27";"06";"2024";"10:40";"1";"75";"75110";"2";"2";"1";"6";"RUE DU FAUBOURG SAINT MARTIN";"48,88110511";"2,36515447"
"202400022903";"16";"11";"2024";"15:36";"1";"06";"06088";"2";"1";"1";"7";"480 Promenade des Anglais";"43,66636000";"7,21108000"
"202400022904";"16";"11";"2024";"20:35";"5";"06";"06069";"2";"1";"1";"3";"Boulevard Marechal Leclerc";"43,65048000";"6,92208000"
"202400022905";"16";"11";"2024";"19:10";"5";"06";"06027";"2";"1";"1";"3";"15 Avenue de Grasse";"43,65721100";"7,14499000"
"202400022906";"16";"11";"2024";"09:20";"1";"06";"06123";"2";"1";"1";"1";"1643 Boulevard Georges Pompidou";"43,68196000";"7,18952000"
"202400022907";"16";"11";"2024";"12:50";"1";"06";"06004";"2";"1";"1";"3";"35 Boulevard Gustave Chancel";"43,57715000";"7,11733000"
"202400022908";"27";"06";"2024";"09:15";"1";"75";"75108";"2";"4";"1";"3";"AVENUE GEORGE V";"48,86682000";"2,30140000"
"202400022909";"16";"11";"2024";"19:30";"5";"75";"75112";"2";"1";"1";"3";"BD PERIPHERIQUE EXTERIEUR";"48,83193400";"2,40509200"
"202400022910";"26";"06";"2024";"16:15";"1";"75";"75108";"2";"3";"1";"6";"PLACE SAINT AUGUSTIN";"48,87494400";"2,31993700"
"202400022911";"15";"11";"2024";"20:52";"5";"75";"75119";"2";"1";"1";"3";"BD PERIPHERIQUE EXTERIEUR";"48,89006900";"2,39627400"
"202400022912";"27";"06";"2024";"10:50";"1";"75";"75104";"2";"3";"1";"1";"RUE SAINT ANTOINE";"48,85396800";"2,36486500"
"202400022913";"15";"11";"2024";"15:02";"1";"75";"75120";"2";"3";"1";"2";"BOULEVARD DAVOUT";"48,85630500";"2,41024700"
"202400022914";"25";"06";"2024";"16:00";"1";"94";"94081";"2";"1";"1";"6";"Rue Gabriel Péri";"48,79603034";"2,39996499"
"202400022915";"16";"11";"2024";"21:00";"5";"75";"75117";"2";"3";"1";"3";"RUE DE ROME";"48,88461500";"2,31778400"
"202400022916";"27";"06";"2024";"08:20";"1";"94";"94078";"2";"9";"1";"6";"Rue Gustave Flaubert";"48,74028000";"2,46700000"
"202400022917";"16";"11";"2024";"09:30";"1";"75";"75116";"2";"3";"1";"3";"BOULEVARD SUCHET";"48,85306100";"2,26181600"
"202400022918";"26";"06";"2024";"18:35";"1";"94";"94068";"2";"1";"1";"2";"52 Boulevard du Général Giraud";"48,79535596";"2,47672196"
"202400022919";"16";"11";"2024";"18:00";"5";"75";"75113";"2";"3";"1";"3";"BOULEVARD ARAGO";"48,83567000";"2,34856000"
"202400022920";"27";"06";"2024";"09:50";"1";"94";"94073";"2";"3";"1";"3";"Esplanade Auguste Perret";"48,76384700";"2,36859400"
"202400022921";"26";"06";"2024";"14:30";"1";"94";"94017";"2";"1";"1";"1";"Boulevard de Stalingrad";"48,82180000";"2,49872000"
"202400022922";"16";"11";"2024";"11:54";"1";"75";"75113";"2";"2";"1";"3";"QUAI D AUSTERLITZ";"48,84189600";"2,36797600"
"202400022923";"27";"06";"2024";"16:45";"1";"93";"93070";"2";"3";"1";"6";"Rue des Bateliers / Boulevard Victor Hugo";"48,90986700";"2,33019800"
"202400022924";"16";"11";"2024";"02:05";"5";"75";"75113";"2";"2";"1";"3";"AVENUE CAFFIERI";"48,82021500";"2,35285000"
"202400022925";"26";"06";"2024";"11:27";"1";"93";"93039";"2";"1";"1";"2";"Quai de Seine";"48,93393400";"2,34088200"
"202400022926";"16";"11";"2024";"13:56";"1";"75";"75110";"2";"3";"1";"6";"RUE DU FAUBOURG DU TEMPLE";"48,86948800";"2,36934200"
"202400022927";"27";"06";"2024";"14:42";"1";"93";"93051";"2";"2";"1";"3";"Rue Rouget de Lisle / Rue Marthe";"48,84850000";"2,56543000"
"202400022928";"16";"11";"2024";"18:15";"5";"94";"94076";"2";"2";"1";"3";"Avenue de Paris";"48,80108000";"2,36492000"
"202400022929";"27";"06";"2024";"03:50";"5";"93";"93049";"2";"1";"1";"6";"Boulevard Galliéni";"48,85259000";"2,51265000"
"202400022930";"16";"11";"2024";"13:25";"1";"94";"94043";"2";"1";"1";"6";"Rue Benoit Malon";"48,80570000";"2,35096300"
"202400022931";"27";"06";"2024";"02:30";"5";"93";"93046";"2";"1";"1";"7";"Avenue Aristide Briand";"48,91385300";"2,52533800"
"202400022932";"16";"11";"2024";"12:00";"1";"94";"94073";"2";"1";"1";"6";"Rue du 11 Novembre";"48,75248519";"2,39901415"
"202400022933";"27";"06";"2024";"10:10";"1";"93";"93005";"2";"9";"1";"6";"Chemin du Moulin de la Ville";"48,95056972";"2,49724120"
"202400022934";"15";"11";"2024";"23:30";"5";"94";"94017";"2";"1";"1";"6";"88 Avenue Marx Dormoy";"48,80731500";"2,52556400"
"202400022935";"27";"06";"2024";"08:20";"1";"93";"93001";"2";"1";"1";"2";"Boulevard Anatole France";"48,91695700";"2,38189800"
"202400022936";"16";"11";"2024";"13:07";"1";"94";"94048";"1";"1";"8";"1";"N19";"48,72706486";"2,55357993"
"202400022937";"27";"06";"2024";"09:33";"1";"92";"92063";"1";"1";"1";"1";"VERSAILLES (AVENUE DE)";"48,86780530";"2,17041707"
"202400022938";"16";"11";"2024";"16:50";"1";"92";"92062";"2";"6";"1";"3";"POMPIDOU (AVENUE GEORGES)";"48,87464035";"2,23449647"
"202400022939";"26";"06";"2024";"09:58";"1";"92";"92062";"2";"5";"1";"6";"JAURES (RUE JEAN) DU 97 AU 1";"48,88253172";"2,23991203"
"202400022940";"16";"11";"2024";"14:05";"1";"92";"92072";"2";"1";"1";"3";"GRANDE RUE";"48,82171518";"2,20468104"
"202400022941";"26";"06";"2024";"13:20";"1";"92";"92025";"2";"1";"1";"6";"PRESIDENT SALVADOR ALLENDE (RUE DU)";"48,92101881";"2,23004115"
"202400022942";"16";"11";"2024";"09:30";"1";"92";"92051";"2";"3";"1";"7";"RICHARD WALLACE (BOULEVARD)";"48,87589756";"2,24786617"
"202400022943";"27";"06";"2024";"08:20";"1";"92";"92004";"2";"3";"1";"3";"ARGENTEUIL AV D'";"48,91210000";"2,28480000"
"202400022944";"3";"11";"2024";"21:00";"5";"92";"92050";"2";"7";"1";"7";"BOULE PLACE DE LA";"48,88714017";"2,19993398"
"202400022945";"27";"06";"2024";"19:00";"1";"92";"92002";"2";"1";"1";"3";"DIVISION LECLERC (53 A 217 - 58 A 186)";"48,74939573";"2,30414701"
"202400022946";"15";"11";"2024";"23:20";"3";"92";"92025";"2";"4";"1";"3";"CHARLES DE GAULLE (BD)";"48,91504556";"2,22847648"
"202400022947";"27";"06";"2024";"18:36";"1";"60";"60152";"1";"1";"1";"7";"D111";"49,37243300";"2,58911500"
"202400022948";"28";"06";"2024";"06:45";"2";"34";"34248";"1";"1";"1";"6";"Route d'Assas";"43,76070400";"3,90788200"
"202400022949";"16";"11";"2024";"10:25";"1";"92";"92023";"2";"1";"1";"6";"CHATILLON (RUE DE)";"48,80163523";"2,27105632"
"202400022950";"15";"11";"2024";"21:40";"5";"92";"92060";"2";"1";"1";"6";"CHARLES DE GAULLE (AVENUE) RD75 N°1 A 35";"48,78070138";"2,26327457"
"202400022951";"24";"06";"2024";"20:05";"1";"11";"11203";"2";"3";"7";"3";"12 Avenue du General de Gaulle";"43,19899900";"2,76812600"
"202400022952";"16";"11";"2024";"18:20";"3";"40";"40046";"1";"1";"5";"6";"Chemin de Pinsoulet";"44,40050200";" -1,12869000"
"202400022953";"27";"06";"2024";"21:15";"3";"26";"26005";"1";"1";"1";"2";"A7";"44,52616000";"4,79673400"
"202400022954";"16";"11";"2024";"16:28";"1";"27";"27022";"2";"3";"1";"1";"D65";"49,17185300";"1,34190900"
"202400022955";"27";"06";"2024";"17:10";"1";"38";"38105";"2";"1";"1";"3";"Route de Chartreuse";"45,40509800";"5,56469300"
"202400022956";"28";"06";"2024";"00:40";"3";"44";"44195";"1";"1";"1";"7";"N/A";"47,37137400";" -1,92522500"
"202400022957";"16";"11";"2024";"15:35";"1";"93";"93027";"1";"1";"1";"2";"AUTOROUTE A1";"48,93884239";"2,41670558"
"202400022958";"28";"06";"2024";"07:20";"1";"15";"15188";"1";"9";"1";"3";"A 75 ";"45,04843174";"3,11448593"
"202400022959";"16";"11";"2024";"10:00";"1";"95";"95641";"1";"1";"1";"3";"A1";"49,07782892";"2,55160616"
"202400022960";"28";"06";"2024";"08:00";"1";"95";"95214";"1";"1";"1";"3";"D316";"49,08560574";"2,41559148"
"202400022961";"15";"11";"2024";"21:20";"3";"95";"95572";"1";"1";"1";"6";"A15";"49,03082700";"2,12237761"
"202400022962";"28";"06";"2024";"11:20";"1";"56";"56175";"1";"3";"1";"3";"Lieu Dit Coet Digo";"47,71218000";" -2,92682100"
"202400022963";"15";"11";"2024";"20:30";"3";"93";"93010";"1";"9";"1";"5";"AUTOROUTE A3";"48,90625339";"2,47214056"
"202400022964";"27";"06";"2024";"12:25";"1";"59";"59094";"2";"1";"1";"3";"60 Avenue Anthony Caro";"50,94812300";"2,19232500"
"202400022965";"15";"11";"2024";"17:10";"5";"93";"93064";"1";"1";"1";"2";"AUTOROUTE A86";"48,87916750";"2,47634149"
"202400022966";"15";"11";"2024";"11:20";"1";"93";"93007";"1";"1";"1";"7";"AUTOROUTE A3";"48,94229860";"2,47831903"
"202400022967";"28";"06";"2024";"14:10";"1";"79";"79066";"1";"1";"1";"1";"N/A";"46,47132900";" -0,40192400"
"202400022968";"15";"11";"2024";"21:40";"3";"77";"77514";"1";"1";"1";"6";"A104";"48,93443456";"2,62801014"
"202400022969";"27";"06";"2024";"20:00";"1";101;101006";"1";"1";"1";"6";"D81";"41,97660100";"8,78022200"
"202400022970";"27";"06";"2024";"22:25";"1";"80";"80296";"2";"1";"1";"7";"D112";"50,02268300";"2,03844700"
"202400022971";"26";"06";"2024";"14:20";"1";"69";"69256";"2";"1";"1";"1";"43 Avenue Grandclément";"45,76986468";"4,91448030"
"202400022972";"25";"05";"2024";"23:00";"5";"82";"82089";"1";"1";"1";"6";"D813";"44,11908933";"0,83600575"
"202400022973";"15";"11";"2024";"15:00";"1";"974";"97411";"2";"1";"1";"2";"BOIS DE NEFLES (ROUTE DE)";" -20,89712000";"55,47681000"
"202400022974";"28";"06";"2024";"17:38";"1";"71";"71014";"2";"2";"1";"6";"Rue de la Croix Blanche";"46,95679100";"4,30315400"
"202400022975";"15";"11";"2024";"07:30";"1";"974";"97411";"2";"1";"1";"6";"BOIS DE NEFLES (ROUTE DE)";" -20,89986000";"55,47600000"
"202400022976";"27";"06";"2024";"09:30";"1";"63";"63236";"1";"1";"1";"1";"D983 ; PK 21+900";"45,58587343";"2,82190483"
"202400022977";"15";"11";"2024";"17:48";"1";"973";"97302";"2";"2";"1";"3";"CATAYEE (JUSTIN)";"4,93592000";" -52,32963000"
"202400022978";"26";"06";"2024";"16:40";"1";"63";"63031";"2";"1";"1";"7";"D725";"45,44145700";"3,28742300"
"202400022979";"26";"06";"2024";"08:45";"1";"42";"42159";"1";"1";"1";"7";"La Lagère";"45,81592400";"3,73176800"
"202400022980";"15";"11";"2024";"16:00";"1";"973";"97302";"2";"6";"1";"3";"EAU-LISETTE (CITE)";"4,92856000";" -52,32232000"
"202400022981";"15";"11";"2024";"13:35";"1";"973";"97302";"2";"1";"1";"2";"CABASSOU (ROUTE DE)";"4,91865000";" -52,31606000"
"202400022982";"28";"06";"2024";"11:15";"1";"47";"47271";"1";"2";"1";"3";"carrefour 211 et route de cocussotte";"44,64768100";"0,21018900"
"202400022983";"26";"06";"2024";"15:42";"1";"39";"39491";"2";"1";"1";"6";"6 Route de Ravilloles";"46,41613400";"5,80832400"
"202400022984";"16";"11";"2024";"02:30";"5";"69";"69383";"2";"2";"1";"1";"Cours Albert Thomas";"45,74558580";"4,87125925"
"202400022985";"27";"06";"2024";"13:30";"1";"25";"25592";"1";"1";"1";"6";"RD9";"46,81811300";"6,24629100"
"202400022986";"15";"11";"2024";"19:30";"5";"972";"97209";"2";"1";"1";"3";"AUTOROUTE (A1)";"14,61000000";" -61,04200000"
"202400022987";"27";"06";"2024";"10:52";"1";"25";"25238";"1";"1";"3";"7";"D437b";"47,28615800";"6,93185800"
"202400022988";"25";"06";"2024";"18:35";"1";"25";"25283";"1";"1";"1";"7";"D110";"47,07165600";"5,93218800"
"202400022989";"15";"11";"2024";"21:40";"5";"69";"69389";"2";"2";"1";"3";"Quai de la Gare d'Eau";"45,78038688";"4,80895782"
"202400022990";"28";"06";"2024";"10:22";"1";"25";"25415";"1";"1";"1";"5";"D67";"47,02331900";"6,29862100"
"202400022991";"15";"11";"2024";"20:13";"5";"69";"69389";"2";"1";"1";"3";"17 Quai Arloing";"45,77281000";"4,81025000"
"202400022992";"28";"06";"2024";"11:28";"1";"02";"02419";"1";"2";"1";"3";"D1029";"49,95079200";"3,77608900"
"202400022993";"15";"11";"2024";"18:05";"5";"69";"69034";"2";"1";"1";"1";"Avenue Marc Sangnier";"45,79471000";"4,84525000"
"202400022994";"15";"11";"2024";"18:00";"5";"69";"69081";"2";"1";"1";"6";"Avenue du Bon Pasteur";"45,78631000";"4,77578000"
"202400022995";"27";"06";"2024";"05:00";"2";"01";"01319";"1";"2";"1";"3";"RD27";"46,06078400";"4,94685700"
"202400022996";"15";"11";"2024";"10:42";"1";"69";"69034";"2";"1";"2";"6";"10 Chemin Petit";"45,80492000";"4,85913000"
"202400022997";"24";"06";"2024";"16:40";"1";"01";"01195";"2";"1";"1";"6";"Rue Charles Robin";"46,21185300";"5,32300700"
"202400022998";"15";"11";"2024";"19:05";"3";"971";"97105";"2";"6";"1";"6";"GASTON FEUILLARD(AVENUE)";"15,99874000";" -61,72079000"
"202400022999";"28";"06";"2024";"19:05";"1";"66";"66149";"2";"1";"1";"2";"RD66";"42,62304200";"2,43630400"
"202400023000";"28";"06";"2024";"10:25";"1";"66";"66074";"1";"1";"1";"5";"RD 66";"42,63675500";"2,46982600"
"202400023001";"15";"11";"2024";"08:28";"1";101;101004";"1";"1";"1";"4";"T40";"41,92884000";"8,80965000"