"Num_Acc";"jour";"mois";"an";"hrmn";"lum";"dep";"com";"agg";"int";"atm";"col";"adr";"lat";"long"
"202400023002";"27";"06";"2024";"17:50";"1";"54";"54435";"1";"1";"1";"7";"Chemin communal La Traverse";"48,97376651";"5,96682072"
"202400023003";"15";"11";"2024";"04:50";"5";"91";"91514";"2";"6";"1";"1";"RTE DE BOUSSY ST ANTOINE";"48,67689000";"2,53602000"
"202400023004";"27";"06";"2024";"19:00";"1";"50";"50078";"1";"2";"8";"3";"Hameau Girault";"49,25478100";" -1,63840100"
"202400023005";"15";"11";"2024";"14:05";"1";"91";"91589";"2";"1";"1";"3";"BD ARISTIDE BRIAND";"48,68337000";"2,34462000"
"202400023006";"27";"06";"2024";"16:10";"1";"50";"50582";"2";"1";"1";"6";"14 Rue General Millet";"48,72462900";" -0,91964900"
"202400023007";"15";"11";"2024";"19:50";"3";"91";"91228";"2";"1";"1";"4";"ROUTE DE MENNECY";"48,63800000";"2,41700000"
"202400023008";"27";"06";"2024";"19:55";"1";"40";"40129";"1";"1";"1";"1";"D12";"43,65469200";" -1,24701300"
"202400023009";"14";"11";"2024";"19:30";"5";"91";"91228";"2";"9";"1";"3";"RUE DU BOIS BRIARD";"48,62256000";"2,41663000"
"202400023010";"27";"06";"2024";"09:40";"1";"04";"04130";"1";"1";"1";"7";"D 951 Lieu-dit Sambuc";"44,05807800";"5,81691700"
"202400023011";"15";"11";"2024";"15:00";"1";"86";"86194";"2";"1";"1";"6";"Avenue de lafayette";"46,57609300";"0,37568400"
"202400023012";"28";"06";"2024";"08:45";"1";"85";"85157";"1";"2";"1";"1";"VC la roguerie";"46,57417700";" -1,15205700"
"202400023013";"15";"11";"2024";"12:40";"1";"86";"86194";"2";"1";"1";"3";"Rue de la Roche";"46,58592000";"0,33350000"
"202400023014";"27";"06";"2024";"14:00";"1";"17";"17347";"1";"8";"1";"2";"rd 150";"45,96097300";" -0,51713000"
"202400023015";"12";"11";"2024";"17:45";"5";"84";"84080";"2";"1";"3";"7";"VELLERON ROUTE DE";"44,03057000";"4,99998000"
"202400023016";"24";"06";"2024";"16:50";"1";"24";"24517";"1";"1";"1";"7";"D710";"44,72010300";"1,00310300"
"202400023017";"8";"11";"2024";"17:30";"5";"84";"84007";"2";"3";"1";"1";"LAVARIN (CHEMIN DU)";"43,92950000";"4,80475000"
"202400023018";"27";"06";"2024";"17:00";"1";"03";"03010";"1";"1";"1";"6";"D241, les maisons";"46,47009100";"2,54635000"
"202400023019";"15";"11";"2024";"12:07";"1";"84";"84007";"2";"2";"1";"3";"MONTFAVET (ROUTE DE)";"43,94016000";"4,83365000"
"202400023020";"15";"11";"2024";"10:52";"1";"83";"83137";"2";"1";"1";"6";"BAZEILLES (BD / ROND POINT DE)";"43,11222245";"5,93406388"
"202400023021";"27";"06";"2024";"17:15";"1";"49";"49110";"1";"1";"1";"5";"D323, PR 18+000";"47,56594309";" -0,36490917"
"202400023022";"15";"11";"2024";"12:18";"1";"83";"83069";"2";"1";"1";"6";"GEOFFROY ST HILAIRE (AVENUE)";"43,10622000";"6,12839000"
"202400023023";"27";"06";"2024";"19:20";"1";"42";"42279";"2";"3";"1";"6";"Rue Joannes Beaulieu";"45,50270400";"4,26107500"
"202400023024";"15";"11";"2024";"09:01";"1";"80";"80021";"2";"3";"1";"3";"ALEXANDRE DUMAS (RUE)";"49,87100000";"2,30300000"
"202400023025";"26";"06";"2024";"11:35";"1";"06";"06085";"2";"2";"1";"3";"339 Route du Cannet";"43,58369800";"7,00935800"
"202400023026";"28";"06";"2024";"07:40";"1";"13";"13032";"1";"1";"7";"2";"Route de Pelissanne";"43,58760300";"5,29661200"
"202400023027";"16";"11";"2024";"00:57";"5";"78";"78440";"2";"3";"1";"3";"MARECHAL FOCH (AVENUE DU)";"48,99221000";"1,90261200"
"202400023028";"27";"06";"2024";"15:30";"1";"17";"17213";"1";"1";"1";"2";"A10";"46,06592100";" -0,53401700"
"202400023029";"15";"11";"2024";"13:10";"1";"78";"78440";"2";"3";"1";"6";"POISSY (RUE DE)";"48,99309600";"1,91580000"
"202400023030";"25";"06";"2024";"16:45";"1";"973";"97303";"1";"1";"2";"2";"N1";"5,52661000";" -53,38645200"
"202400023031";"12";"11";"2024";"18:10";"5";"78";"78123";"2";"2";"1";"3";"QUENNET RUE A.";"48,94953100";"2,03853900"
"202400023032";"26";"06";"2024";"19:20";"3";"973";"97312";"1";"1";"1";"3";"N1";"5,34834100";" -52,93706400"
"202400023033";"15";"11";"2024";"04:05";"5";"78";"78498";"2";"1";"1";"7";"TOURNELLE RUE DE LA";"48,92354000";"2,03868000"
"202400023034";"23";"06";"2024";"19:40";"3";"971";"97116";"1";"1";"2";"7";"Jabrun Sonel";"16,29568900";" -61,44188800"
"202400023035";"15";"11";"2024";"20:00";"3";"77";"77350";"1";"1";"1";"6";"D471";"48,77166000";"2,70797000"
"202400023036";"28";"06";"2024";"05:40";"2";"971";"97117";"2";"3";"1";"3";"Rocade Sergent";"16,32527200";" -61,35092900"
"202400023037";"13";"11";"2024";"12:45";"1";"76";"76351";"2";"1";"1";"3";"LUCIEN CORBEAUX (AVENUE)";"49,48636000";"0,11503000"
"202400023038";"27";"06";"2024";"23:00";"5";"77";"77153";"2";"1";"1";"3";"Rue Maryse Bastié";"49,05041400";"2,67024600"
"202400023039";"28";"06";"2024";"02:15";"5";101;101247";"2";"1";"1";"6";"1 Voie Romaine";"41,58841000";"9,27801800"
"202400023040";"14";"11";"2024";"19:55";"5";"72";"72181";"2";"8";"1";"3";"GAMBETTA (PONT)";"48,00605000";"0,19179000"
"202400023041";"14";"11";"2024";"18:30";"5";"72";"72181";"2";"9";"1";"3";"BOLLEE (AV) N° PAIRS 224 ET >";"48,00394000";"0,20273000"
"202400023042";"28";"06";"2024";"15:50";"1";101;101041";"1";"4";"1";"1";"RT10";"41,40351500";"9,16841300"
"202400023043";"28";"06";"2024";"18:15";"1";"66";"66145";"1";"1";"1";"7";"D37";"42,64604200";"2,80135300"
"202400023044";"14";"11";"2024";"12:30";"1";"72";"72181";"2";"1";"1";"3";"EDISON THOMAS (RUE)";"48,02513000";"0,18057000"
"202400023045";"13";"06";"2024";"11:30";"1";"34";"34145";"1";"2";"1";"3";"RD61";"43,66889600";"4,14343400"
"202400023046";"15";"11";"2024";"15:20";"1";"64";"64348";"2";"3";"1";"3";"HIPPODROME DE L'";"43,33819000";" -0,38002000"
"202400023047";"8";"03";"2024";"21:15";"3";"08";"08146";"2";"2";"1";"6";"2 Rue du Duc d’Orange";"49,65820400";"4,33563000"
"202400023048";"23";"06";"2024";"14:45";"1";"06";"06157";"2";"1";"1";"6";"361 Avenue Henri Giraud";"43,72677800";"7,10394900"
"202400023049";"15";"11";"2024";"13:20";"1";"64";"64445";"2";"1";"1";"3";"MARECHAL FOCH";"43,29680000";" -0,36700000"
"202400023050";"9";"03";"2024";"19:45";"3";"31";"31117";"1";"1";"1";"5";"A68 PK 6.500";"43,66642800";"1,55490900"
"202400023051";"28";"06";"2024";"13:30";"1";"13";"13022";"2";"1";"1";"1";"D55A - Avenue Foch";"43,21712000";"5,54393300"
"202400023052";"27";"06";"2024";"15:30";"1";"13";"13041";"1";"1";"1";"2";"Route Departementale 6";"43,44842900";"5,44635400"
"202400023053";"9";"03";"2024";"17:00";"1";"33";"33122";"1";"1";"1";"5";"N/A";"44,74338800";" -0,76558800"
"202400023054";"14";"11";"2024";"12:25";"1";"64";"64284";"2";"1";"1";"6";"GENERAL LECLERC DU";"43,28872000";" -0,38876000"
"202400023055";"9";"03";"2024";"00:00";"3";"60";"60494";"1";"1";"1";"6";"Bretelle de sortie Parc Asterix, autoroute A1";"49,13158064";"2,56043029"
"202400023056";"28";"06";"2024";"06:40";"1";"89";"89388";"1";"1";"1";"3";"A6";"47,93930000";"3,24350000"
"202400023057";"14";"11";"2024";"06:00";"3";"63";"63224";"1";"1";"1";"7";"420";"45,85797883";"3,13564673"
"202400023058";"27";"06";"2024";"12:15";"1";"21";"21292";"2";"3";"1";"3";"N/A";"47,23405200";"5,23761300"
"202400023059";"6";"11";"2024";"12:30";"1";"62";"62510";"2";"1";"1";"6";"Rue d'Artois";"50,43712000";"2,78457000"
"202400023060";"10";"03";"2024";"17:00";"1";"13";"13103";"1";"1";"1";"2";"A54 - PK 072.000 - SENS EST-OUEST";"43,62738600";"5,12373800"
"202400023061";"8";"03";"2024";"10:15";"1";"987";"98712";"2";"1";"1";"3";"PK 4 - STADE Boris Leontieff";" -17,27900000";" -149,54200000"
"202400023062";"27";"06";"2024";"18:35";"1";"67";"67246";"2";"1";"1";"1";"3 Rue du Maréchal Leclerc";"48,33660100";"7,53917500"
"202400023063";"15";"11";"2024";"15:45";"1";"59";"59599";"2";"3";"8";"3";"GUERRE (RUE FIN DE LA)";"50,72980000";"3,14240000"
"202400023064";"10";"03";"2024";"07:55";"2";"974";"97420";"1";"9";"1";"6";"Route Nationale 2";" -20,91585616";"55,61735639"
"202400023065";"15";"11";"2024";"16:15";"1";"56";"56036";"1";"1";"1";"2";"PA Kerpont-Bellevue";"47,78581000";" -3,33430000"
"202400023066";"9";"03";"2024";"10:45";"1";"973";"97311";"2";"1";"1";"3";"Impasse Saimiri";"5,43942600";" -54,03783700"
"202400023067";"28";"06";"2024";"16:55";"1";"55";"55351";"1";"3";"1";"5";"Rue Albert 1er";"49,52205700";"5,38367600"
"202400023068";"8";"03";"2024";"17:50";"3";"971";"97128";"1";"1";"1";"2";"Boulevard de la Criee";"16,21788400";" -61,41731100"
"202400023069";"14";"11";"2024";"18:25";"5";"56";"56098";"2";"6";"1";"3";"Place Robert Carré";"47,76613000";" -3,34429000"
"202400023070";"27";"06";"2024";"16:30";"1";"55";"55351";"2";"1";"1";"6";"Place Raymond Poincaré";"49,51947500";"5,36679900"
"202400023071";"10";"03";"2024";"08:45";"1";"33";"33199";"2";"6";"2";"3";"N/A";"44,62787200";" -1,11057100"
"202400023072";"12";"11";"2024";"17:06";"3";"54";"54528";"2";"7";"1";"6";"HAM";"48,67286000";"5,89406000"
"202400023073";"9";"03";"2024";"18:15";"1";"13";"13021";"1";"1";"3";"7";"D9";"43,34399200";"5,16977000"
"202400023074";"26";"01";"2024";"17:30";"1";"63";"63213";"1";"1";"2";"1";"départementale 1093";"45,84519483";"3,27840954"
"202400023075";"15";"11";"2024";"12:50";"1";"54";"54395";"2";"1";"1";"3";"Rue Grand Rabbin Haguenauer";"48,68789830";"6,17972910"
"202400023076";"10";"03";"2024";"09:30";"1";"29";"29234";"1";"1";"1";"6";"D 62";"47,85790608";" -3,49038372"
"202400023077";"27";"06";"2024";"23:45";"5";"42";"42022";"2";"5";"1";"3";"Avenue de la Mairie";"45,52522000";"4,22624400"
"202400023078";"15";"11";"2024";"13:50";"1";"54";"54395";"2";"1";"1";"2";"Avenue Général Leclerc";"48,68236000";"6,18406000"
"202400023079";"10";"03";"2024";"00:45";"5";"06";"06143";"1";"1";"3";"1";"Avenue du General de Gaulle";"43,94651700";"7,01858300"
"202400023080";"27";"04";"2024";"16:05";"1";"01";"01249";"2";"9";"1";"7";"Montée Neuve";"45,82532300";"4,94205600"
"202400023081";"14";"11";"2024";"08:05";"1";"54";"54159";"2";"2";"2";"3";"Avenue de Rosières";"48,61495000";"6,35273000"
"202400023082";"10";"03";"2024";"16:56";"1";"13";"13110";"1";"1";"1";"3";"Impasse Courtot";"43,47058800";"5,66751800"
"202400023083";"9";"03";"2024";"23:35";"3";"71";"71232";"1";"1";"3";"7";"route de lugny";"46,43395700";"4,19956700"
"202400023084";"28";"06";"2024";"12:00";"1";"69";"69078";"1";"1";"1";"5";"Route de Bordeaux";"45,68644335";"4,52451606"
"202400023085";"13";"11";"2024";"09:00";"1";"52";"52045";"2";"9";"1";"6";"ROISES (RUE DES)";"48,65555000";"4,96748000"
"202400023086";"27";"06";"2024";"18:45";"1";"81";"81142";"1";"1";"1";"3";"la bousquetarié";"43,53434700";"2,08319700"
"202400023087";"15";"11";"2024";"11:05";"1";"51";"51454";"2";"1";"1";"4";"TONDEURS (BOULEVARD DES)";"49,28539900";"4,02306400"
"202400023088";"27";"06";"2024";"13:00";"1";"33";"33496";"1";"1";"1";"6";"N/A";"44,86211800";" -0,39669400"
"202400023089";"10";"03";"2024";"14:00";"1";"69";"69019";"2";"3";"1";"6";"Rue Pierre Cothenet";"46,12553000";"4,73618600"
"202400023090";"28";"06";"2024";"10:15";"1";"53";"53082";"1";"2";"1";"3";"route des génetais";"47,96966200";" -0,87522100"
"202400023091";"10";"03";"2024";"10:31";"1";"17";"17058";"2";"1";"1";"6";"12 Rue de Chatain";"45,85023100";" -1,14295600"
"202400023092";"14";"11";"2024";"16:20";"1";"51";"51454";"1";"1";"1";"3";"FARMAN (AVENUE HENRI)";"49,23418000";"4,07871000"
"202400023093";"10";"03";"2024";"00:30";"3";"27";"27275";"1";"3";"1";"6";"Route de la Garenne";"49,16519000";"1,36869600"
"202400023094";"14";"11";"2024";"12:50";"1";"51";"51454";"2";"1";"1";"2";"CHAMPAGNE   (  AVENUE DE)";"49,23233490";"4,03681263"
"202400023095";"27";"06";"2024";"18:25";"1";"14";"14640";"1";"3";"1";"2";"Route d'Argences";"49,17168500";" -0,18561300"
"202400023096";"15";"11";"2024";"12:00";"1";"51";"51108";"2";"1";"1";"1";"JAURES (RUE JEAN) (N° INFERIEUR A 59-34)";"48,95461000";"4,35236000"
"202400023097";"28";"06";"2024";"16:15";"1";"35";"35015";"1";"3";"1";"1";"Lieu Dit la Chevrie";"48,15453500";" -1,17605200"
"202400023098";"9";"03";"2024";"11:07";"1";"33";"33063";"1";"1";"1";"4";"N/A";"44,87990000";" -0,53708000"
"202400023099";"13";"11";"2024";"18:45";"5";"50";"50647";"2";"1";"1";"7";"ECOLE (RUE DE  L')";"48,84485000";" -1,55845000"
"202400023100";"28";"06";"2024";"06:30";"2";"02";"02697";"1";"1";"1";"3";"D977";"49,58884800";"3,74667500"
"202400023101";"14";"11";"2024";"19:50";"5";"50";"50129";"2";"1";"2";"2";"NAPOLEON (PLACE)";"49,64315000";" -1,62497000"
"202400023102";"9";"03";"2024";"11:51";"1";"91";"91286";"1";"1";"1";"4";"AUTOROUTE A6";"48,64806000";"2,38628000"
"202400023103";"28";"06";"2024";"18:15";"1";"80";"80561";"1";"1";"1";"7";"D155";"49,65083500";"2,54942900"
"202400023104";"9";"03";"2024";"03:58";"3";"91";"91377";"1";"1";"1";"2";"AUTOROUTE A10";"48,72370000";"2,29820000"
"202400023105";"12";"11";"2024";"16:00";"1";"50";"50129";"2";"2";"1";"3";"METIERS (RUE DES)";"49,63642000";" -1,58500000"
"202400023106";"28";"06";"2024";"11:55";"1";"62";"62443";"2";"1";"1";"6";"D65";"50,44214500";"2,64393700"
"202400023107";"15";"11";"2024";"23:40";"5";"49";"49267";"2";"1";"1";"2";"CHATENAY AVENUE VICTOR";"47,48982000";" -0,50737000"
"202400023108";"22";"06";"2024";"20:10";"1";"59";"59482";"2";"1";"1";"3";"Rue de la Prevote";"50,70596500";"2,99007000"
"202400023109";"8";"03";"2024";"16:25";"1";"92";"92023";"1";"1";"1";"4";"A86 EXT ";"48,77692034";"2,22492564"
"202400023110";"15";"11";"2024";"23:00";"5";"49";"49267";"1";"2";"1";"2";"RD 347";"47,47334000";" -0,46586000"
"202400023111";"27";"06";"2024";"08:30";"1";"13";"13117";"1";"1";"1";"2";"A7-Sens Lyon vers Marseille";"43,43587996";"5,25406413"
"202400023112";"9";"03";"2024";"15:00";"1";"95";"95563";"1";"1";"2";"6";"A115";"49,01153732";"2,22514987"
"202400023113";"9";"03";"2024";"20:24";"3";"77";"77121";"1";"1";"2";"6";"A104";"48,84047700";"2,66397900"
"202400023114";"16";"11";"2024";"00:10";"5";"44";"44109";"2";"2";"1";"3";"Route de Paris";"47,25320000";" -1,51518000"
"202400023115";"26";"06";"2024";"10:20";"1";"13";"13211";"1";"1";"1";"4";"A50-Sens Marseille vers Aubagne";"43,29413128";"5,47032278"
"202400023116";"8";"03";"2024";"09:30";"1";"974";"97411";"2";"1";"1";"5";"JAURES (BOULEVARD JEAN)";" -20,89059000";"55,45460000"
"202400023117";"27";"06";"2024";"07:40";"1";"83";"83137";"1";"1";"1";"4";"A50";"43,12490445";"5,90491697"
"202400023118";"15";"11";"2024";"13:55";"1";"43";"43157";"2";"2";"1";"6";"Boulevard Saint Louis";"45,04287000";"3,88045000"
"202400023119";"26";"06";"2024";"23:55";"3";"69";"69072";"1";"1";"1";"6";"Autoroute 89";"45,83530836";"4,74916243"
"202400023120";"8";"03";"2024";"20:20";"5";"973";"97302";"2";"1";"1";"2";"TOUSSAINT LOUVERTURE (rue)";"4,92657000";" -52,30458000"
"202400023121";"7";"03";"2024";"19:05";"3";"973";"97302";"2";"6";"1";"2";"MADELEINE (ROUTE DE LA)";"4,92494721";" -52,32397288"
"202400023122";"15";"11";"2024";"18:50";"3";"42";"42237";"1";"1";"1";"6";"M32";"45,45782000";"4,46958000"
"202400023123";"26";"06";"2024";"09:50";"1";"67";"67482";"1";"1";"1";"4";"M35";"48,57680000";"7,72690000"
"202400023124";"6";"03";"2024";"15:50";"1";"69";"69385";"2";"1";"1";"6";"Avenue de la Première Division Française Libre";"45,75420052";"4,81312260"
"202400023125";"7";"03";"2024";"23:00";"5";"971";"97120";"2";"9";"1";"4";"PAUL VALENTINO (AVENUE)";"16,22895000";" -61,53146000"
"202400023126";"15";"11";"2024";"13:15";"1";"41";"41018";"2";"1";"1";"2";"PORTE COTE (RUE)";"47,58675000";"1,33059000"
"202400023127";"27";"06";"2024";"18:30";"1";"94";"94034";"1";"1";"1";"4";"A86";"48,75895409";"2,32434215"
"202400023128";"6";"03";"2024";"22:00";"3";"971";"97113";"2";"3";"1";"3";"MONTAUBAN (SECTEUR)";"16,20823913";" -61,49996012"
"202400023129";"14";"11";"2024";"17:45";"2";"41";"41018";"2";"1";"1";"1";"DUGUESCLIN (RUE BERTRAND)";"47,59377000";"1,29826000"
"202400023130";"8";"03";"2024";"11:20";"1";"95";"95369";"2";"2";"1";"3";"HENRY DUNANT (RUE)";"49,00062155";"2,29492217"
"202400023131";"27";"06";"2024";"16:00";"1";"91";"91312";"1";"1";"1";"5";"RD 444";"48,73598000";"2,22919000"
"202400023132";"9";"03";"2024";"01:00";"3";"91";"91552";"1";"1";"1";"7";"RTE NATIONALE 20";"48,60375900";"2,24847100"
"202400023133";"27";"06";"2024";"14:00";"1";"94";"94034";"1";"1";"1";"2";"A86";"48,75642000";"2,34146000"
"202400023134";"7";"03";"2024";"16:15";"1";"88";"88209";"2";"6";"1";"2";"DOMEVRE (RUE DE)";"48,19751000";"6,41155000"
"202400023135";"15";"11";"2024";"09:45";"1";"37";"37261";"2";"1";"1";"4";"SAINT SAUVEUR (PONT)";"47,37259000";"0,67824000"
"202400023136";"15";"11";"2024";"08:05";"1";"37";"37233";"2";"3";"1";"7";"CACHIN (RUE MARCEL)";"47,39714000";"0,74129000"
"202400023137";"27";"06";"2024";"08:30";"1";"91";"91553";"1";"1";"1";"4";"RN 104";"48,63167000";"2,49617000"
"202400023138";"9";"03";"2024";"00:25";"5";"84";"84007";"2";"1";"1";"6";"SOUSPIROUS (Avenue des ) - MONTFAVET";"43,93529000";"4,85096000"
"202400023139";"15";"11";"2024";"14:00";"1";"36";"36044";"2";"3";"1";"3";"N/A";"46,81521200";"1,70832800"
"202400023140";"8";"03";"2024";"12:25";"1";"83";"83062";"1";"1";"3";"3";"DIGNE (AVENUE DE )";"43,14633458";"6,03443021"
"202400023141";"27";"06";"2024";"02:41";"3";"91";"91161";"1";"1";"1";"4";"AUTOROUTE A6";"48,69769051";"2,31452912"
"202400023142";"7";"03";"2024";"17:30";"1";"80";"80489";"2";"1";"1";"7";"Avenue Henri Barbusse";"49,86930000";"2,36067000"
"202400023143";"15";"11";"2024";"21:05";"5";"35";"35238";"2";"3";"1";"3";"LIBERTE (BD DE LA)";"48,10739000";" -1,67848000"
"202400023144";"27";"06";"2024";"17:50";"1";"78";"78238";"1";"1";"1";"6";"A13";"48,97054700";"1,88091500"
"202400023145";"7";"03";"2024";"16:05";"1";"80";"80021";"2";"1";"1";"2";"Boulevard d'Alsace-Lorraine";"49,89361000";"2,30856000"
"202400023146";"26";"06";"2024";"19:30";"1";"78";"78640";"1";"1";"1";"3";"RN12 INT";"48,78146000";"2,16812000"
"202400023147";"8";"03";"2024";"08:00";"1";"78";"78238";"2";"1";"1";"3";"RENAULT (ROUTE DE)";"48,96789000";"1,86810000"
"202400023148";"27";"06";"2024";"18:25";"1";"93";"93013";"1";"1";"1";"2";"A1";"48,94024886";"2,42276942"
"202400023149";"8";"03";"2024";"17:26";"1";"77";"77378";"2";"1";"1";"6";"ORME BRISE(RUE DE L')";"48,52064000";"2,56316000"
"202400023150";"15";"11";"2024";"19:10";"3";"35";"35238";"1";"1";"1";"2";"ROCADE 12-13";"48,12542200";" -1,71568700"
"202400023151";"8";"03";"2024";"14:05";"1";"77";"77487";"2";"1";"1";"6";"CHARTRETTES  (ROUTE DE)";"48,53091000";"2,66909000"
"202400023152";"27";"06";"2024";"15:50";"1";"93";"93066";"1";"1";"1";"5";"A1";"48,92985457";"2,36307976"
"202400023153";"7";"03";"2024";"11:45";"1";"76";"76305";"1";"1";"1";"6";"rue montagne";"49,46548000";"0,20040000"
"202400023154";"15";"11";"2024";"11:35";"1";"35";"35238";"2";"1";"1";"6";"VATAR (HIPPOLYTE)";"48,11353000";" -1,66124000"
"202400023155";"27";"06";"2024";"09:30";"1";"92";"92036";"1";"1";"1";"2";"AUTOROUTE A15";"48,94355783";"2,28738079"
"202400023156";"5";"03";"2024";"15:00";"1";"73";"73065";"1";"1";"2";"5";"N201 VOIE RAPIDE URBAINE";"45,58522000";"5,90774000"
"202400023157";"27";"06";"2024";"02:35";"3";"95";"95582";"1";"1";"1";"2";"A15";"48,97632763";"2,23681612"
"202400023158";"15";"11";"2024";"11:10";"1";"34";"34172";"2";"1";"1";"3";"MONTELS-EGLISE (RUE DE)";"43,58014000";"3,87986000"
"202400023159";"8";"03";"2024";"11:25";"1";"71";"71270";"2";"1";"1";"3";"LYON (ROUTE DE)";"46,28280000";"4,80525000"
"202400023160";"27";"06";"2024";"18:15";"1";"77";"77058";"1";"1";"1";"4";"A4";"48,83110253";"2,68772746"
"202400023161";"15";"11";"2024";"13:45";"1";"34";"34032";"2";"1";"1";"7";"HIRONDELLE  (RUE DE L')";"43,33747000";"3,21700000"
"202400023162";"8";"03";"2024";"15:10";"1";"69";"69259";"2";"1";"1";"2";"Boulevard Irène Joliot Curie";"45,71972139";"4,87498030"
"202400023163";"15";"11";"2024";"12:35";"1";"33";"33063";"2";"1";"1";"6";"N/A";"44,84211000";" -0,56048000"
"202400023164";"27";"06";"2024";"17:30";"1";"75";"75112";"2";"1";"1";"1";"AUTOROUTE A4";"48,81823800";"2,45626400"
"202400023165";"7";"03";"2024";"17:50";"1";"69";"69290";"2";"6";"1";"6";"Route de Grenoble";"45,71361705";"4,96789174"
"202400023166";"14";"11";"2024";"07:45";"3";"29";"29019";"2";"1";"1";"6";"rue Auguste Rodin";"48,39673600";" -4,46447800"
"202400023167";"27";"06";"2024";"09:13";"1";"94";"94018";"1";"1";"1";"3";"A4";"48,82253799";"2,39690691"
"202400023168";"9";"03";"2024";"21:30";"5";"67";"67482";"1";"1";"1";"1";"PETIT RHIN (ROUTE DU)";"48,56133000";"7,80084000"
"202400023169";"15";"11";"2024";"17:53";"3";"27";"27229";"2";"1";"1";"1";"QUATORZE JUILLET (BOULEVARD)";"49,00989000";"1,16724000"
"202400023170";"7";"03";"2024";"07:10";"1";"67";"67482";"2";"3";"8";"3";"VICTOR HUGO (BOULEVARD)";"48,59246000";"7,70339000"
"202400023171";"26";"06";"2024";"16:30";"1";"77";"77258";"1";"1";"1";"4";"A4.W";"48,83006290";"2,62477805"
"202400023172";"15";"11";"2024";"16:43";"1";"27";"27229";"2";"2";"1";"3";"FAUVILLE (RUE DE)";"49,02309000";"1,17326000"
"202400023173";"8";"03";"2024";"15:40";"1";"66";"66136";"2";"5";"1";"3";"N/A";"42,70438632";"2,89266586"
"202400023174";"3";"04";"2024";"08:20";"1";"82";"82013";"2";"6";"7";"3";"Avenue de la Gimone";"43,87977600";"0,99092100"
"202400023175";"15";"11";"2024";"17:38";"3";"25";"25204";"1";"3";"1";"3";"R-N 57  lieu dit Pont rouge";"46,94300000";"6,34289000"
"202400023176";"7";"03";"2024";"18:55";"1";"64";"64140";"1";"1";"1";"5";"LOUIS DE FOIX (AVENUE)";"43,52019604";" -1,46425277"
"202400023177";"8";"03";"2024";"07:59";"1";"63";"63113";"2";"1";"1";"6";"PONT NATUREL (RUE DU)";"45,78327000";"3,07919000"
"202400023178";"15";"11";"2024";"10:50";"1";"25";"25056";"2";"3";"1";"6";"VIANCIN RUE CHARLES";"47,24840000";"6,00445000"
"202400023179";"8";"03";"2024";"20:10";"5";"62";"62510";"2";"2";"1";"1";"D58E4";"50,42130000";"2,77875000"
"202400023180";"15";"11";"2024";"07:50";"2";"14";"14137";"1";"1";"1";"2";"N13";"49,19393000";" -0,44422000"
"202400023181";"5";"03";"2024";"17:50";"1";"60";"60057";"2";"1";"3";"6";"HECTOR BERLIOZ (RUE)";"49,41664302";"2,07714115"
"202400023182";"15";"11";"2024";"22:40";"5";"13";"13206";"2";"3";"1";"3";"LODI (RUE DE)";"43,29151000";"5,38495000"
"202400023183";"2";"03";"2024";"13:20";"1";"59";"59350";"2";"1";"2";"6";"Rue du Château d'Isenghien";"50,65103000";"2,98371000"
"202400023184";"8";"03";"2024";"18:21";"2";"54";"54184";"2";"6";"1";"7";"avenue de Brigachtal";"48,70786200";"6,24415200"
"202400023185";"7";"03";"2024";"20:45";"3";"54";"54395";"2";"3";"1";"1";"Rue de Phalsbourg";"48,68352000";"6,18121000"
"202400023186";"15";"11";"2024";"01:50";"5";"13";"13203";"2";"3";"1";"3";"NATIONAL (BOULEVARD)";"43,30880000";"5,38062000"