"Num_Acc";"jour";"mois";"an";"hrmn";"lum";"dep";"com";"agg";"int";"atm";"col";"adr";"lat";"long"
"202400023187";"8";"03";"2024";"18:30";"5";"54";"54280";"2";"3";"1";"3";"Rue du 8 Mai 1945";"49,23062000";"6,01022000"
"202400023188";"15";"11";"2024";"06:20";"3";"13";"13047";"2";"6";"1";"1";"FELIX GOUIN AVENUE";"43,50568000";"4,98449000"
"202400023189";"8";"03";"2024";"17:00";"1";"51";"51454";"2";"2";"1";"6";"GOULIN (RUE)";"49,26719000";"4,02481000"
"202400023190";"14";"11";"2024";"22:20";"3";"13";"13047";"1";"1";"1";"1";"R.N 569";"43,58302000";"4,98578000"
"202400023191";"6";"03";"2024";"18:40";"1";"50";"50129";"1";"1";"1";"6";"ROUTE DE LA LANDE ST GABRIEL";"49,63377000";" -1,54884000"
"202400023192";"15";"11";"2024";"18:45";"5";"13";"13028";"2";"9";"1";"3";"BILLOUX (AVENUE FRANCOIS )";"43,17455000";"5,59784000"
"202400023193";"7";"03";"2024";"12:24";"1";"49";"49007";"2";"1";"1";"3";"LETANDUERE";"47,45743000";" -0,55407000"
"202400023194";"8";"03";"2024";"16:15";"1";"45";"45147";"2";"1";"1";"6";"2 Rue du Colonel Fabien";"47,93628000";"1,91174000"
"202400023195";"14";"11";"2024";"07:20";"2";"11";"11069";"2";"6";"1";"2";"N/A";"43,19754600";"2,35765200"
"202400023196";"15";"11";"2024";"15:40";"1";"09";"09225";"2";"1";"1";"7";"DELCASSE BOULEVARD";"43,11230000";"1,61260000"
"202400023197";"8";"03";"2024";"22:10";"5";"44";"44109";"2";"1";"1";"1";"5 Quai André Rhuys";"47,20713000";" -1,55353000"
"202400023198";"15";"11";"2024";"22:40";"4";"06";"06088";"1";"1";"1";"2";"550 Boulevard du Mercantour";"43,71866000";"7,18664000"
"202400023199";"8";"03";"2024";"08:10";"1";"43";"43041";"2";"9";"8";"2";"2 Rue du Pont de la Chartreuse";"45,05275000";"3,91309000"
"202400023200";"8";"03";"2024";"03:36";"5";"36";"36044";"2";"1";"1";"6";"gireugne";"46,78300000";"1,67600000"
"202400023201";"15";"11";"2024";"20:25";"3";"06";"06088";"1";"1";"1";"6";"862 Boulevard du Mercantour";"43,75455100";"7,19566400"
"202400023202";"15";"11";"2024";"21:20";"5";"75";"75120";"2";"1";"1";"7";"RUE DES PYRENEES";"48,86913000";"2,39518400"
"202400023203";"8";"03";"2024";"17:30";"1";"35";"35238";"1";"1";"2";"3";"ROCADE 14-15";"48,10880000";" -1,71764000"
"202400023204";"15";"11";"2024";"01:05";"5";"75";"75110";"2";"7";"1";"3";"PLACE DE LA BATAILLE DE STALINGRAD";"48,88324100";"2,36925300"
"202400023205";"8";"03";"2024";"16:10";"1";"35";"35238";"2";"1";"1";"7";"FOUGERES (ROUTE DE)";"48,12929000";" -1,64448000"
"202400023206";"8";"03";"2024";"11:50";"1";"34";"34172";"2";"1";"3";"6";"JANVIER (RUE GUILLAUME)";"43,59575000";"3,86660000"
"202400023207";"15";"11";"2024";"17:10";"5";"75";"75117";"2";"2";"7";"3";"BOULEVARD BESSIERES";"48,89438600";"2,31362600"
"202400023208";"8";"03";"2024";"22:30";"5";"33";"33063";"2";"2";"1";"6";"N/A";"44,86617000";" -0,56131000"
"202400023209";"23";"02";"2024";"18:13";"1";"30";"30189";"2";"1";"1";"1";"SAUVE (ROUTE)";"43,83940000";"4,32180000"
"202400023210";"15";"11";"2024";"18:45";"5";"75";"75116";"2";"1";"1";"3";"AVENUE DU MAHATMA GANDHI";"48,87463700";"2,25710900"
"202400023211";"2";"03";"2024";"20:50";"5";"30";"30189";"2";"1";"1";"7";"50 Rue Vincent Faita";"43,84410000";"4,37020000"
"202400023212";"8";"03";"2024";"11:30";"1";"29";"29019";"2";"3";"1";"3";"rue Paul Masson";"48,40166900";" -4,47973000"
"202400023213";"15";"11";"2024";"14:15";"1";"75";"75116";"2";"2";"1";"3";"BOULEVARD EXELMANS";"48,84533200";"2,25860800"
"202400023214";"7";"03";"2024";"23:54";"5";"27";"27229";"2";"1";"1";"3";"ISAMBARD (RUE)";"49,02918400";"1,14914100"
"202400023215";"15";"11";"2024";"09:00";"1";"75";"75116";"2";"7";"1";"3";"PLACE DU MARECHAL DE LATTRE DE TASSIGNY";"48,87221900";"2,27434800"
"202400023216";"8";"03";"2024";"04:35";"3";"26";"26058";"1";"3";"1";"2";"Route des Morliettes";"44,96700437";"4,91048098"
"202400023217";"14";"11";"2024";"16:20";"1";"75";"75115";"2";"3";"1";"1";"RUE DE VAUGIRARD";"48,84229500";"2,31055500"
"202400023218";"9";"03";"2024";"00:25";"3";"17";"17028";"2";"1";"1";"2";"Avenue Simone Veil";"46,14328000";" -1,12350000"
"202400023219";"15";"11";"2024";"18:30";"5";"75";"75105";"2";"1";"1";"3";"AVENUE DE L OBSERVATOIRE";"48,84036300";"2,33701600"
"202400023220";"15";"11";"2024";"18:15";"5";"75";"75113";"2";"2";"1";"6";"AVENUE D ITALIE";"48,82220300";"2,35851300"
"202400023221";"17";"02";"2024";"19:12";"2";"15";"15012";"1";"1";"1";"3";"RD 920";"44,84290000";"2,47650000"
"202400023222";"15";"11";"2024";"08:30";"1";"75";"75113";"2";"1";"1";"3";"QUAI PANHARD ET LEVASSOR";"48,83007000";"2,38247100"
"202400023223";"8";"03";"2024";"10:10";"1";"14";"14366";"2";"1";"1";"1";"1156 Rue Édouard Branly";"49,14717000";"0,27010000"
"202400023224";"15";"11";"2024";"01:54";"5";"75";"75114";"2";"3";"1";"3";"BOULEVARD ROMAIN ROLLAND";"48,82090200";"2,32055100"
"202400023225";"8";"03";"2024";"00:56";"5";"13";"13205";"2";"2";"1";"3";"VERTUS (RUE DES)";"43,29096000";"5,39206000"
"202400023226";"14";"11";"2024";"23:39";"5";"75";"75113";"2";"2";"1";"6";"AVENUE D ITALIE";"48,82618000";"2,35739400"
"202400023227";"7";"03";"2024";"10:10";"1";"13";"13205";"2";"3";"1";"3";"BAILLE (BOULEVARD)";"43,28937000";"5,39669000"
"202400023228";"15";"11";"2024";"19:24";"5";"75";"75110";"2";"4";"1";"3";"RUE DU FAUBOURG SAINT MARTIN";"48,87895800";"2,36234800"
"202400023229";"6";"03";"2024";"16:20";"1";"13";"13202";"2";"1";"1";"2";"VAUDOYER (AVENUE)";"43,29710593";"5,36319583"
"202400023230";"15";"11";"2024";"12:08";"1";"94";"94080";"2";"1";"1";"6";"Allee Georges Pompidou";"48,84958000";"2,43531000"
"202400023231";"8";"03";"2024";"19:45";"5";"06";"06088";"2";"1";"3";"6";"20 Avenue Docteur Victor Robini";"43,68271450";"7,20135250"
"202400023232";"15";"11";"2024";"19:30";"5";"94";"94052";"2";"7";"1";"6";"Place du General Leclerc";"48,83533800";"2,47383300"
"202400023233";"7";"03";"2024";"08:00";"1";"03";"03095";"2";"2";"1";"3";"HUIT MAI 1945 (BOULEVARD DU)";"46,12887000";"3,43583000"
"202400023234";"15";"11";"2024";"17:50";"5";"94";"94046";"2";"2";"1";"3";"Avenue de la République";"48,80580000";"2,44082000"
"202400023235";"7";"03";"2024";"07:50";"1";"75";"75113";"2";"1";"1";"2";"QUAI D IVRY";"48,82483800";"2,38428600"
"202400023236";"13";"11";"2024";"12:15";"1";"94";"94028";"2";"1";"8";"6";"Rue de Joly";"48,79076000";"2,46303000"
"202400023237";"8";"03";"2024";"19:30";"5";"75";"75105";"2";"3";"1";"2";"BOULEVARD DE PORT ROYAL";"48,83887800";"2,33968300"
"202400023238";"15";"11";"2024";"16:40";"1";"94";"94073";"2";"3";"1";"3";"Av du Mal de Lattre de Tassigny";"48,75574693";"2,40481576"
"202400023239";"15";"11";"2024";"14:00";"1";"94";"94022";"2";"9";"1";"3";"60 Avenue Victor Hugo";"48,76877800";"2,42069800"
"202400023240";"7";"03";"2024";"08:43";"1";"75";"75106";"2";"7";"7";"6";"BOULEVARD DU MONTPARNASSE";"48,84383900";"2,32426700"
"202400023241";"8";"03";"2024";"09:35";"1";"75";"75120";"2";"3";"1";"6";"RUE PIAT";"48,87221400";"2,38466700"
"202400023242";"15";"11";"2024";"20:10";"5";"93";"93059";"2";"1";"1";"3";"JEAN MERMOZ (BOULEVARD) DES N°1A57 ET N°";"48,96340000";"2,35968000"
"202400023243";"8";"03";"2024";"03:00";"5";"75";"75120";"2";"3";"1";"3";"BOULEVARD DAVOUT";"48,84907900";"2,41121700"
"202400023244";"15";"11";"2024";"19:00";"5";"93";"93007";"2";"3";"1";"3";"GEORGES GUYNEMER (AVENUE)";"48,94463000";"2,44822000"
"202400023245";"15";"11";"2024";"19:15";"5";"93";"93005";"2";"9";"1";"6";"ONZE NOVEMBRE (RUE DU)";"48,93242207";"2,49919472"
"202400023246";"15";"11";"2024";"15:00";"1";"93";"93005";"2";"1";"1";"6";"ROISSY EN FRANCE [CR N9] (CHEMIN DE)";"48,95063295";"2,49169879"
"202400023247";"8";"03";"2024";"14:30";"1";"75";"75119";"2";"2";"1";"3";"AVENUE DE FLANDRE";"48,89070200";"2,37669000"
"202400023248";"15";"11";"2024";"22:55";"5";"92";"92064";"2";"1";"1";"6";"PASTEUR";"48,84187182";"2,20291436"
"202400023249";"15";"11";"2024";"08:00";"1";"92";"92049";"2";"1";"1";"6";"BARBES RUE";"48,81730887";"2,32778616"
"202400023250";"8";"03";"2024";"14:55";"1";"75";"75118";"2";"3";"1";"6";"RUE DE CLIGNANCOURT";"48,88461000";"2,34719400"
"202400023251";"15";"11";"2024";"12:00";"1";"92";"92044";"2";"4";"1";"3";"VIC. HUGO(RUE)115A149 ET 148A178";"48,89829826";"2,29431979"
"202400023252";"7";"03";"2024";"22:45";"5";"75";"75117";"2";"3";"1";"3";"BOULEVARD PEREIRE";"48,87796700";"2,28485800"
"202400023253";"15";"11";"2024";"08:50";"1";"92";"92040";"2";"7";"1";"1";"MARECHAL JUIN (PLACE)";"48,82523754";"2,26770165"
"202400023254";"6";"03";"2024";"19:23";"5";"75";"75117";"2";"2";"1";"1";"RUE DE COURCELLES";"48,88645900";"2,29576800"
"202400023255";"16";"11";"2024";"08:30";"1";"34";"34069";"1";"1";"1";"6";"départementale 14";"43,38114800";"3,12124400"
"202400023256";"8";"03";"2024";"15:47";"1";"75";"75116";"2";"4";"1";"2";"AVENUE KLEBER";"48,86720500";"2,29027400"
"202400023257";"13";"11";"2024";"13:10";"1";"38";"38425";"1";"1";"1";"6";"Route de la centrale";"45,40580200";"4,76306700"
"202400023258";"8";"03";"2024";"09:45";"1";"75";"75116";"2";"7";"1";"2";"PLACE D IENA";"48,86486300";"2,29428800"
"202400023259";"15";"11";"2024";"17:50";"5";"83";"83130";"1";"1";"1";"3";"autoroute A57 PK 013+000";"43,19047200";"6,03685900"
"202400023260";"8";"03";"2024";"18:45";"2";"75";"75114";"2";"7";"1";"7";"RUE FROIDEVAUX";"48,83473400";"2,33126600"
"202400023261";"16";"11";"2024";"05:06";"2";"974";"97410";"1";"1";"1";"5";"Route Nationale 2";" -21,03125900";"55,70502900"
"202400023262";"8";"03";"2024";"12:25";"1";"75";"75114";"2";"4";"1";"6";"RUE FROIDEVAUX";"48,83752600";"2,32303300"
"202400023263";"15";"11";"2024";"17:50";"3";"971";"97109";"1";"1";"1";"6";"Axe RN1";"15,99853300";" -61,67690300"
"202400023264";"8";"03";"2024";"10:00";"1";"75";"75114";"2";"3";"1";"3";"RUE D ALESIA";"48,82931300";"2,32268000"
"202400023265";"15";"11";"2024";"08:20";"1";"83";"83019";"1";"1";"7";"3";"4032 Avenue Lou Mistraou";"43,14942300";"6,31756800"
"202400023266";"13";"11";"2024";"14:00";"1";"85";"85109";"2";"1";"1";"6";"RD 160";"46,89207130";" -1,01235430"
"202400023267";"8";"03";"2024";"20:15";"5";"75";"75111";"2";"3";"1";"3";"BOULEVARD DE CHARONNE";"48,84809700";"2,39909100"
"202400023268";"11";"11";"2024";"10:20";"1";"23";"23257";"1";"1";"8";"6";"Route de Masvaudier";"45,91416800";"2,03622000"
"202400023269";"8";"03";"2024";"07:55";"1";"75";"75111";"2";"2";"1";"6";"BOULEVARD VOLTAIRE";"48,85873000";"2,37859700"
"202400023270";"15";"11";"2024";"08:15";"1";"62";"62297";"2";"1";"1";"7";"D219";"50,82678844";"2,13993790"
"202400023271";"8";"03";"2024";"16:50";"1";"75";"75108";"2";"1";"1";"3";"AVENUE GEORGE V";"48,86927800";"2,30107200"
"202400023272";"11";"11";"2024";"19:15";"3";"57";"57374";"1";"9";"2";"6";"départementale 41";"48,60797200";"7,01929800"
"202400023273";"15";"11";"2024";"18:05";"3";"51";"51303";"1";"1";"1";"1";"D37";"49,00051518";"4,17862050"
"202400023274";"8";"03";"2024";"13:55";"1";"75";"75108";"2";"2";"1";"3";"AVENUE DES CHAMPS ELYSEES";"48,87053400";"2,30532700"
"202400023275";"11";"11";"2024";"18:00";"5";"19";"19123";"2";"1";"1";"1";"8 Rue Léonce Bourliaguet";"45,19461700";"1,61909900"
"202400023276";"8";"03";"2024";"12:19";"1";"75";"75107";"2";"2";"1";"3";"BOULEVARD DE LA TOUR MAUBOURG";"48,86260100";"2,31041300"
"202400023277";"8";"03";"2024";"13:00";"1";"75";"75101";"2";"3";"1";"2";"RUE JEAN JACQUES ROUSSEAU";"48,86240300";"2,34030800"
"202400023278";"7";"03";"2024";"14:00";"1";"75";"75101";"2";"2";"1";"6";"BOULEVARD DE SEBASTOPOL";"48,86056800";"2,34937500"
"202400023279";"10";"11";"2024";"17:50";"2";"65";"65460";"1";"1";"8";"5";"D935";"43,39024400";"0,06607900"
"202400023280";"8";"03";"2024";"20:15";"5";"94";"94041";"2";"1";"1";"6";"Avenue Henri Barbusse";"48,80824879";"2,37567464"
"202400023281";"8";"03";"2024";"07:50";"1";"94";"94044";"2";"1";"1";"6";"Chemin du Bas Gagny";"48,74877685";"2,49916334"
"202400023282";"15";"11";"2024";"16:35";"1";"61";"61214";"2";"1";"1";"2";"7 Avenue Kennedy";"48,76455900";"0,62178400"
"202400023283";"8";"03";"2024";"19:40";"1";"94";"94068";"2";"1";"1";"3";"7 Avenue du Bac";"48,79728000";"2,50450600"
"202400023284";"7";"03";"2024";"14:15";"1";"94";"94068";"2";"2";"1";"2";"Rue de la Varenne / Avenue de la Libération";"48,80726400";"2,47510200"
"202400023285";"15";"11";"2024";"19:00";"3";"49";"49248";"1";"1";"1";"5";"D771";"47,74425800";" -1,21905300"
"202400023286";"16";"11";"2024";"05:30";"3";"44";"44096";"1";"1";"5";"6";"Le Pont Esnault";"47,41822200";" -1,28814700"
"202400023287";"16";"11";"2024";"16:05";"1";"02";"02822";"1";"1";"1";"7";"Départementale 81";"49,33088400";"3,10054800"
"202400023288";"6";"03";"2024";"17:15";"1";"94";"94068";"2";"2";"1";"1";"Boulevard de Créteil / Rue des Deux Boulevards";"48,79785300";"2,49841300"
"202400023289";"7";"03";"2024";"22:00";"5";"94";"94028";"2";"9";"1";"6";"Avenue de la Pompadour";"48,77261000";"2,43348000"
"202400023290";"16";"11";"2024";"03:15";"3";"84";"84041";"1";"1";"1";"6";"D974";"44,10398200";"5,15677200"
"202400023291";"8";"03";"2024";"07:10";"1";"93";"93066";"2";"2";"1";"6";"Avenue Marcel Cachin / Avenue Lénine";"48,93911200";"2,36940300"
"202400023292";"16";"11";"2024";"11:15";"1";"72";"72094";"2";"1";"1";"6";"75 Rue Principale";"47,99228300";"0,62407300"
"202400023293";"8";"03";"2024";"13:50";"1";"93";"93051";"2";"1";"1";"2";"Boulevard du Ru de Nesles";"48,84193000";"2,58076000"
"202400023294";"8";"03";"2024";"07:45";"1";"93";"93050";"2";"1";"1";"6";"Avenue Paul Doumer";"48,85796300";"2,52482100"
"202400023295";"22";"10";"2024";"17:30";"1";"83";"83028";"1";"6";"1";"3";"route départementale 25";"43,57292100";"6,56142400"
"202400023296";"8";"03";"2024";"06:36";"2";"93";"93014";"2";"1";"1";"6";"Boulevard Gagarine";"48,90745765";"2,53476262"
"202400023297";"16";"11";"2024";"04:00";"3";"60";"60622";"1";"1";"1";"7";"D124";"49,67664700";"2,01058400"
"202400023298";"16";"11";"2024";"12:40";"1";"07";"07005";"1";"1";"8";"5";"2824 Route de Viviers";"44,54161800";"4,61480500"
"202400023299";"8";"03";"2024";"12:50";"1";"93";"93001";"2";"9";"1";"3";"Rue Edouard Poisson";"48,91087900";"2,38213900"
"202400023300";"15";"11";"2024";"09:40";"1";"04";"04217";"1";"1";"1";"6";"Chemin du Pont de Bonne";"44,14563900";"6,14395400"
"202400023301";"8";"03";"2024";"19:30";"5";"92";"92046";"2";"9";"1";"7";"PIERRE BROSSOLETTE (AVENUE)";"48,81865041";"2,30915308"
"202400023302";"13";"11";"2024";"18:25";"3";"85";"85292";"1";"1";"1";"1";"6 Rue des fiefs";"46,61639000";" -0,88000000"
"202400023303";"7";"03";"2024";"23:30";"5";"92";"92073";"2";"1";"1";"3";"BAS ROGERS (RUE DES)";"48,88064949";"2,22846580"
"202400023304";"8";"03";"2024";"18:20";"1";"92";"92051";"2";"1";"1";"3";"CHARLES DE GAULLE (AVENUE,N°118 A 192 +";"48,88455879";"2,26185948"
"202400023305";"15";"11";"2024";"07:15";"2";"48";"48128";"1";"1";"5";"3";"les estrets";"44,74409700";"3,34089500"
"202400023306";"15";"11";"2024";"15:45";"1";"68";"68375";"2";"6";"1";"3";"D2";"47,81531200";"7,24186500"
"202400023307";"8";"03";"2024";"19:20";"5";"92";"92050";"2";"3";"1";"1";"PESARO BOULEVARD DE";"48,89603804";"2,22341520"
"202400023308";"17";"11";"2024";"03:00";"3";"988";"98805";"2";"6";"2";"6";"Avenue de Tonghoue";" -22,20888200";"166,47448400"
"202400023309";"2";"03";"2024";"19:55";"2";"92";"92044";"2";"1";"1";"6";"ARISTIDE BRIAND(RUE)85 +  ET  98+";"48,89495000";"2,29420000"
"202400023310";"16";"11";"2024";"12:40";"1";"06";"06088";"1";"1";"1";"3";"A8, Pk 197.800 chaussée sud";"43,72852200";"7,26004200"
"202400023311";"8";"03";"2024";"12:25";"1";"92";"92035";"2";"2";"1";"3";"Verdun 1916 ( avenue de )";"48,90581796";"2,23598984"
"202400023312";"8";"03";"2024";"14:50";"1";"95";"95529";"2";"1";"1";"7";"485 CHAMBLY (RUE DE)";"49,16771800";"2,23134600"
"202400023313";"16";"11";"2024";"14:15";"1";"62";"62718";"1";"1";"1";"2";"A26";"50,31285800";"2,90405100"
"202400023314";"8";"03";"2024";"23:35";"5";"68";"68005";"2";"1";"1";"7";"Route du Vin";"48,12860528";"7,28196505"
"202400023315";"14";"11";"2024";"22:45";"5";"987";"98712";"2";"1";"1";"7";"RT 2 _ PK 7";" -17,52433700";" -149,51787300"
"202400023316";"9";"03";"2024";"03:15";"3";"972";"97227";"1";"1";"1";"7";"route départementale 7";"14,46609800";" -60,93888800"
"202400023317";"15";"11";"2024";"09:00";"3";"988";"98808";"1";"3";"1";"6";"Tribu de Nebe";" -21,28515200";"165,64414800"
"202400023318";"15";"11";"2024";"15:10";"1";"972";"97228";"1";"9";"1";"3";"route départementale 24";"14,75532200";" -61,03336000"
"202400023319";"8";"03";"2024";"15:10";"1";"57";"57465";"1";"1";"1";"4";"D918";"49,31583732";"6,30220556"
"202400023320";"24";"02";"2024";"17:10";"1";"56";"56021";"1";"9";"1";"3";"Kerhorno";"47,78821900";" -3,18181300"
"202400023321";"1";"03";"2024";"14:15";"1";101;101040";"1";"1";"5";"1";"RT20";"42,09787200";"9,10436200"
"202400023322";"9";"03";"2024";"15:30";"1";"65";"65395";"1";"1";"1";"1";"Route de Lourdes";"43,10386600";" -0,14243600"
"202400023323";"9";"03";"2024";"01:20";"3";"32";"32106";"2";"1";"1";"6";"Route de Mauvezin";"43,72340100";"0,97109100"
"202400023324";"8";"03";"2024";"19:20";"5";"63";"63430";"2";"1";"1";"6";"Avenue Léo Lagrange";"45,84491500";"3,52157400"
"202400023325";"7";"03";"2024";"18:25";"1";"61";"61007";"1";"2";"1";"3";"Intersection D20/D216";"48,75004000";" -0,42392000"
"202400023326";"9";"03";"2024";"00:05";"3";"55";"55445";"1";"1";"1";"7";"CD 618";"49,39967577";"5,62330024"
"202400023327";"7";"03";"2024";"16:35";"1";"49";"49218";"1";"1";"8";"1";"9 Rue de la Rimonerie (Le Fuilet)";"47,27570200";" -1,13387700"
"202400023328";"7";"03";"2024";"20:05";"3";"39";"39462";"1";"1";"1";"2";"N/A";"47,11789100";"5,54161500"
"202400023329";"8";"03";"2024";"16:00";"1";"25";"25261";"1";"1";"1";"7";"D137";"47,30184800";"6,68630500"
"202400023330";"9";"03";"2024";"06:45";"2";"25";"25193";"1";"1";"1";"6";"D201 pk 7";"47,21828600";"6,85993200"
"202400023331";"9";"03";"2024";"06:00";"3";"25";"25147";"1";"1";"1";"1";"D673";"47,20667600";"5,89714200"
"202400023332";"4";"03";"2024";"05:45";"2";"02";"02410";"1";"1";"1";"6";"N/A";"49,24930624";"3,04962914"
"202400023333";"8";"03";"2024";"14:15";"1";"01";"01412";"1";"2";"8";"3";"N/A";"46,16570700";"4,96317800"
"202400023334";"8";"03";"2024";"22:40";"4";"45";"45282";"2";"1";"1";"6";"5001 Rue de Quincailles";"47,85597400";"1,84769300"
"202400023335";"6";"03";"2024";"08:45";"1";"36";"36031";"1";"1";"2";"7";"N/A";"46,85311782";"1,40163903"
"202400023336";"8";"03";"2024";"18:50";"2";"16";"16353";"1";"1";"2";"7";"RD 06";"45,68825500";"0,44159900"
"202400023337";"8";"03";"2024";"20:00";"3";"17";"17105";"1";"1";"2";"1";"D132e3";"45,96985500";" -0,12301700"
"202400023338";"8";"03";"2024";"09:35";"1";"17";"17434";"1";"1";"2";"2";"D939";"46,10806800";" -0,77733600"
"202400023339";"7";"03";"2024";"11:40";"1";"68";"68252";"1";"1";"1";"2";"D83";"48,14769200";"7,36903700"
"202400023340";"8";"03";"2024";"16:40";"1";"77";"77164";"1";"1";"1";"6";"Autoroute A5 Pk 027.600 vers Troyes";"48,44221300";"2,90710700"
"202400023341";"8";"03";"2024";"08:00";"1";"976";"97617";"1";"1";"1";"3";"Montée du gite mont Combani D3";" -12,78838700";"45,15634100"
"202400023342";"8";"03";"2024";"16:15";"1";"62";"62718";"1";"1";"1";"6";"A1";"50,30055671";"2,88798155"
"202400023343";"8";"03";"2024";"19:30";"3";"973";"97311";"1";"1";"1";"2";"Village Sparouine";"5,26310200";" -54,24842800"
"202400023344";"7";"03";"2024";"19:30";"5";"971";"97117";"1";"1";"1";"1";"Chateau Gaillard";"16,30732500";" -61,39995400"
"202400023345";"9";"03";"2024";"16:15";"1";"978";"97801";"1";"1";"1";"3";"rue de hollande N7 BELLEVUE";"18,05471300";" -63,08574900"
"202400023346";"8";"03";"2024";"22:00";"3";"95";"95241";"1";"1";"1";"3";"D47";"49,04034619";"2,44611100"
"202400023347";"9";"03";"2024";"16:29";"1";"83";"83066";"1";"1";"3";"6";"D23";"43,65654542";"5,84700511"
"202400023348";"8";"03";"2024";"18:40";"5";"52";"52269";"2";"6";"1";"6";"Place des Etats-Unis";"47,85811182";"5,33236085"
"202400023349";"8";"03";"2024";"20:20";"3";"38";"38064";"1";"1";"2";"6";"48 Route de Chambéry";"45,56698900";"5,38123000"
"202400023350";"8";"03";"2024";"13:10";"1";"01";"01249";"2";"1";"1";"2";"Place de la Republique";"45,82664200";"4,95669500"
"202400023351";"6";"03";"2024";"17:15";"1";"69";"69148";"1";"1";"1";"1";"774 Route de Mornant";"45,66064370";"4,69359943"
"202400023352";"8";"03";"2024";"18:45";"2";"76";"76503";"1";"2";"1";"3";"D104";"49,54007500";"1,00909000"
"202400023353";"9";"03";"2024";"19:45";"3";"60";"60446";"1";"1";"2";"1";"ROUTE NATIONALE 2";"49,14788900";"2,81940900"
"202400023354";"8";"03";"2024";"16:45";"1";"59";"59400";"2";"1";"1";"3";"61 rue des Capucins";"50,64329700";"2,64369500"
"202400023355";"20";"12";"2024";"08:20";"1";"27";"27681";"2";"1";"1";"1";"ARDECHE (AVENUE DE L')";"49,08393000";"1,47811000"
"202400023356";"7";"03";"2024";"18:25";"5";"13";"13005";"1";"1";"1";"2";"A50-Sens Aubagne vers Marseille";"43,28664642";"5,53629823"
"202400023357";"19";"12";"2024";"14:10";"1";"27";"27229";"2";"1";"2";"3";"BRIAND (AVENUE ARISTIDE)";"49,01740000";"1,12400000"
"202400023358";"7";"03";"2024";"16:15";"1";"13";"13071";"1";"1";"1";"2";"A7-Sens Lyon vers Marseille";"43,40439894";"5,31594824"
"202400023359";"8";"03";"2024";"21:23";"3";"33";"33003";"1";"1";"1";"6";"N/A";"44,92605000";" -0,47180000"
"202400023360";"8";"03";"2024";"19:25";"2";"33";"33013";"1";"1";"2";"4";"N/A";"44,86871000";" -0,49941000"
"202400023361";"20";"12";"2024";"03:50";"4";"22";"22113";"1";"1";"2";"6";"KERAMPICHON (ZONE ARTISANALE)";"48,72422000";" -3,43101000"
"202400023362";"8";"03";"2024";"08:41";"1";"33";"33550";"1";"1";"2";"5";"N/A";"44,78442000";" -0,59073000"
"202400023363";"20";"12";"2024";"17:40";"1";"16";"16015";"2";"1";"1";"6";"BASSEAU (RUE DE N° PAIRS)";"45,65109000";"0,11654000"
"202400023364";"7";"03";"2024";"19:25";"3";"33";"33075";"1";"1";"1";"2";"N/A";"44,88859200";" -0,59167500"
"202400023365";"20";"12";"2024";"23:15";"5";"13";"13039";"2";"1";"1";"3";"JAURES JEAN (Avenue)";"43,43309000";"4,94782000"
"202400023366";"8";"03";"2024";"21:40";"3";"91";"91553";"1";"1";"1";"2";"RN 104";"48,63023000";"2,48495000"
"202400023367";"20";"12";"2024";"20:25";"5";"13";"13209";"2";"1";"1";"6";"MORGIOU (chemin de )";"43,23721000";"5,40915000"
"202400023368";"8";"03";"2024";"20:15";"3";"94";"94043";"1";"1";"1";"2";"A6B";"48,80839441";"2,34798035"
"202400023369";"8";"03";"2024";"06:30";"3";"91";"91339";"1";"1";"1";"6";"RN 104";"48,62911000";"2,25529000"
"202400023370";"20";"12";"2024";"15:15";"1";"13";"13203";"2";"3";"1";"3";"REVOLUTION (BOULEVARD)";"43,31398000";"5,38485000"
"202400023371";"8";"03";"2024";"00:55";"3";"92";"92060";"1";"1";"1";"6";"RN 385 INT";"48,77432972";"2,24097374"
"202400023372";"20";"12";"2024";"11:30";"1";"13";"13209";"2";"1";"6";"6";"MARÉCHAL DE LATTRE (AVENUE)";"43,24680000";"5,40775000"
"202400023373";"8";"03";"2024";"18:30";"2";"92";"92036";"1";"1";"1";"5";"A86";"48,93897886";"2,30243999"
"202400023374";"8";"03";"2024";"08:35";"1";"92";"92025";"1";"1";"1";"2";"A86";"48,93248487";"2,24849163"
"202400023375";"20";"12";"2024";"07:05";"5";"13";"13201";"2";"2";"6";"3";"NATIONAL   1 A 51 (BOULEVARD)";"43,30560000";"5,38000000"
"202400023376";"7";"03";"2024";"22:45";"3";"91";"91064";"1";"1";"1";"2";"N118";"48,74423255";"2,19101876"
"202400023377";"19";"12";"2024";"23:40";"5";"13";"13204";"2";"1";"6";"3";"MARÉCHAL JUIN (BOULEVARD)";"43,31186000";"5,40391000"
"202400023378";"7";"03";"2024";"10:08";"1";"78";"78646";"1";"1";"1";"2";"RN12";"48,79058600";"2,07093700"
"202400023379";"19";"12";"2024";"16:30";"2";"10";"10387";"2";"1";"2";"3";"VICTOR HUGO (RUE)";"48,29373000";"4,06900000"
"202400023380";"7";"03";"2024";"07:53";"2";"92";"92050";"1";"1";"1";"2";"A86";"48,89437690";"2,19077487"
"202400023381";"19";"12";"2024";"07:29";"5";"10";"10081";"2";"3";"2";"3";"Rue Jean Mermoz";"48,31475000";"4,04311000"
"202400023382";"8";"03";"2024";"09:05";"1";"93";"93008";"1";"1";"1";"2";"AUTOROUTE A86";"48,91273457";"2,43680722"
"202400023383";"8";"03";"2024";"19:10";"3";"77";"77018";"1";"1";"1";"2";"A4";"48,83581200";"2,80819500"
"202400023384";"20";"12";"2024";"12:47";"1";"06";"06029";"2";"9";"1";"6";"36 Boulevard de Lorraine";"43,55277170";"7,02809460"
"202400023385";"6";"03";"2024";"13:10";"1";"974";"97409";"1";"1";"8";"6";"RN2 DIRECTION ST BENT SORTIE PETIT BAZAR";" -20,94343000";"55,64885000"
"202400023386";"20";"12";"2024";"07:50";"2";"06";"06123";"2";"1";"1";"3";"103 Avenue de La France d'Outre-Mer";"43,65940580";"7,19199830"
"202400023387";"20";"12";"2024";"12:55";"1";"03";"03185";"2";"2";"1";"3";"Avenue Jules Guesde";"46,34218500";"2,58923200"
"202400023388";"7";"03";"2024";"16:20";"1";"973";"97302";"2";"1";"1";"3";"MADELEINE (ROUTE DE LA)";"4,90982000";" -52,32156000"
"202400023389";"7";"03";"2024";"06:25";"1";"973";"97302";"2";"6";"1";"6";"BADUEL (ROND POINT DE)";"4,93330079";" -52,30968475"
"202400023390";"20";"12";"2024";"17:25";"5";"75";"75105";"2";"3";"1";"6";"PLACE SAINT MICHEL";"48,85335000";"2,34395000"
"202400023391";"7";"03";"2024";"16:50";"1";"69";"69386";"2";"3";"1";"6";"Avenue Thiers";"45,76724000";"4,86182000"
"202400023392";"20";"12";"2024";"17:25";"2";"75";"75105";"2";"3";"1";"3";"QUAI DE LA TOURNELLE";"48,85108100";"2,35127700"
"202400023393";"7";"03";"2024";"19:35";"5";"69";"69389";"2";"3";"1";"3";"Rue Professeur Guérin";"45,76569000";"4,80390000"
"202400023394";"20";"12";"2024";"05:50";"5";"75";"75116";"2";"1";"1";"1";"AVENUE FOCH";"48,87171400";"2,28016700"
"202400023395";"7";"03";"2024";"08:45";"1";"69";"69389";"2";"3";"1";"3";"Rue des Rivières";"45,78887000";"4,80770000"
"202400023396";"19";"12";"2024";"07:32";"4";"75";"75114";"2";"2";"8";"3";"BOULEVARD BRUNE";"48,82488300";"2,31839100"
"202400023397";"7";"03";"2024";"19:21";"5";100;100033";"2";"9";"1";"6";"11 - RT";"42,68557000";"9,44635000"