"Num_Acc";"jour";"mois";"an";"hrmn";"lum";"dep";"com";"agg";"int";"atm";"col";"adr";"lat";"long"
"202400023398";"18";"02";"2024";"22:50";"5";"971";"97113";"1";"1";"1";"1";"RN4 - SECTION RIVIERA";"16,21768000";" -61,49440000"
"202400023399";"20";"12";"2024";"11:48";"1";"75";"75106";"2";"3";"1";"6";"RUE BONAPARTE";"48,84948300";"2,33267300"
"202400023400";"7";"03";"2024";"15:50";"1";101;101004";"1";"3";"1";"3";"T20";"41,93710000";"8,80369000"
"202400023401";"20";"12";"2024";"12:20";"1";"75";"75111";"2";"3";"1";"6";"RUE DE LA ROQUETTE";"48,85791300";"2,38103000"
"202400023402";"7";"03";"2024";"14:20";"1";101;101004";"2";"1";"1";"6";"NAPOLEON COURS AVANT BEVERINI";"41,92120000";"8,73724000"
"202400023403";"20";"12";"2024";"07:30";"5";"75";"75117";"2";"1";"1";"2";"BOULEVARD MALESHERBES";"48,88815000";"2,30443600"
"202400023404";"6";"03";"2024";"17:15";"1";"95";"95277";"2";"1";"1";"2";"D47";"49,00083301";"2,46471850"
"202400023405";"20";"12";"2024";"10:00";"1";"75";"75102";"2";"3";"1";"3";"RUE MONTMARTRE";"48,86816000";"2,34362600"
"202400023406";"7";"03";"2024";"20:04";"5";"95";"95252";"2";"1";"1";"6";"D14";"48,98270980";"2,23111468"
"202400023407";"20";"12";"2024";"05:00";"2";"94";"94081";"2";"1";"5";"6";"Rue Balzac";"48,77591863";"2,40168066"
"202400023408";"7";"03";"2024";"16:30";"1";"95";"95598";"2";"1";"1";"4";"D928";"48,98636294";"2,29664109"
"202400023409";"20";"12";"2024";"12:20";"1";"94";"94080";"2";"2";"1";"3";"Rue de Fontenay";"48,84857500";"2,43248300"
"202400023410";"7";"03";"2024";"11:00";"1";"91";"91103";"2";"1";"1";"3";"RUE DE L'EXPLOITATION";"48,60461000";"2,32255000"
"202400023411";"19";"12";"2024";"16:40";"2";"94";"94068";"2";"7";"1";"6";"Place des Tilleuls";"48,80542000";"2,50074000"
"202400023412";"7";"03";"2024";"22:10";"5";"91";"91161";"2";"9";"1";"3";"RTE DE LONGJUMEAU";"48,71251000";"2,29798000"
"202400023413";"19";"12";"2024";"21:58";"5";"94";"94028";"2";"4";"1";"3";"Allée Nicolas Poussin";"48,78373151";"2,44249570"
"202400023414";"7";"03";"2024";"12:50";"1";"91";"91027";"2";"1";"1";"1";"AV DE MORANGIS";"48,70588000";"2,36876000"
"202400023415";"20";"12";"2024";"09:20";"2";"94";"94073";"2";"2";"1";"2";"Av du Mal de Lattre de Tassigny";"48,75808000";"2,40416000"
"202400023416";"7";"03";"2024";"12:00";"1";"91";"91027";"2";"1";"1";"6";"AV MARCEL SEMBAT";"48,70872000";"2,38059000"
"202400023417";"19";"12";"2024";"15:12";"1";"94";"94018";"2";"3";"4";"3";"Rue Victor Hugo";"48,82040000";"2,41218000"
"202400023418";"18";"02";"2024";"19:15";"5";"91";"91027";"2";"1";"2";"4";"L'INDUSTRIE (QUAI DE) ";"48,69596000";"2,39277000"
"202400023419";"20";"12";"2024";"15:00";"1";"93";"93073";"2";"2";"1";"3";"HUITIEME (AVENUE)";"48,96054210";"2,56464689"
"202400023420";"7";"03";"2024";"11:00";"1";"90";"90010";"2";"1";"1";"6";"REPUBLIQUE (RUE DE LA)";"47,63692400";"6,85943100"
"202400023421";"20";"12";"2024";"20:15";"3";"93";"93055";"2";"2";"2";"3";"MEHUL (1/37. 2/24)";"48,88914207";"2,41010139"
"202400023422";"7";"03";"2024";"09:00";"1";"85";"85191";"2";"5";"1";"3";"RD763";"46,68410000";" -1,43010000"
"202400023423";"19";"12";"2024";"23:50";"5";"93";"93048";"2";"1";"1";"1";"STALINGRAD (RUE DE)";"48,85338000";"2,44852000"
"202400023424";"20";"12";"2024";"08:45";"2";"93";"93063";"2";"1";"1";"6";"VERDUN AVENUE DE";"48,88214000";"2,43207000"
"202400023425";"20";"12";"2024";"09:45";"1";"93";"93029";"2";"9";"1";"3";"SADI CARNOT";"48,92456355";"2,44258606"
"202400023426";"26";"02";"2024";"21:51";"5";"84";"84007";"2";"1";"1";"4";"PERRIN MOREL (RUE)";"43,92970000";"4,82115000"
"202400023427";"20";"12";"2024";"09:10";"1";"93";"93047";"2";"2";"1";"2";"ARTS  (AVENUE DES)";"48,88999759";"2,55402017"
"202400023428";"20";"12";"2024";"19:30";"5";"92";"92063";"2";"1";"1";"2";"RICHELIEU (BOULEVARD)";"48,87083455";"2,18403096"
"202400023429";"20";"12";"2024";"11:45";"1";"92";"92063";"2";"2";"8";"3";"NATIONAL (BOULEVARD)";"48,88758939";"2,18533605"
"202400023430";"20";"12";"2024";"11:26";"1";"92";"92063";"2";"9";"1";"6";"MAUREPAS (RUE DE)";"48,87908989";"2,18115753"
"202400023431";"20";"12";"2024";"08:25";"2";"92";"92063";"2";"3";"1";"6";"JACOB (RUE FRANCOIS)";"48,89060728";"2,17638016"
"202400023432";"20";"12";"2024";"10:20";"1";"92";"92062";"2";"9";"1";"2";"DE DION BOUTON (QUAI) DU 1 AU 28";"48,87986000";"2,24436000"
"202400023433";"16";"12";"2024";"07:40";"3";"92";"92048";"2";"1";"2";"6";"MORANE SAULNIER (AVENUE)";"48,78569175";"2,21933931"
"202400023434";"20";"12";"2024";"13:50";"1";"92";"92025";"2";"1";"1";"6";"CHARLES DE GAULLE (BD)";"48,91404156";"2,22977512"
"202400023435";"20";"12";"2024";"19:40";"2";"92";"92007";"2";"1";"1";"2";"PETIT (AVENUE ALBERT) N° 2 A 26";"48,79512207";"2,30843291"
"202400023436";"20";"12";"2024";"12:35";"1";"92";"92007";"2";"1";"1";"3";"BRIAND (AVENUE ARISTIDE) N° 2 A 98";"48,79608606";"2,32170001"
"202400023437";"19";"12";"2024";"09:11";"1";"11";"11059";"1";"1";"8";"7";"Departementale 21";"43,17057700";"2,11642400"
"202400023438";"20";"12";"2024";"09:15";"2";"80";"80016";"2";"1";"1";"6";"Avenue de la République";"50,00306700";"2,65246300"
"202400023439";"20";"12";"2024";"13:30";"1";"81";"81271";"2";"2";"1";"3";"Route d'Azas";"43,77003600";"1,68255000"
"202400023440";"21";"12";"2024";"15:20";"1";"87";"87178";"1";"1";"1";"6";"Route de la Sablière";"45,88116600";"1,37921300"
"202400023441";"20";"12";"2024";"17:30";"3";"73";"73085";"2";"3";"1";"1";"D991 - 2471 Route d'aix";"45,80102700";"5,85730600"
"202400023442";"20";"12";"2024";"12:40";"1";"40";"40065";"2";"2";"1";"3";"Rue des Roses";"43,64272200";" -1,42333000"
"202400023443";"21";"12";"2024";"19:25";"5";"06";"06161";"2";"6";"1";"6";"Boulevard Nationale 7";"43,63802800";"7,13349600"
"202400023444";"20";"12";"2024";"22:30";"3";"972";"97221";"1";"1";"2";"6";"route nationale 5";"14,52151500";" -60,98336900"
"202400023445";"21";"12";"2024";"07:45";"2";"57";"57731";"1";"1";"3";"1";"D15";"49,43910300";"6,08525600"
"202400023446";"18";"12";"2024";"10:30";"1";"57";"57195";"1";"1";"1";"7";"D620";"49,10306700";"7,33077800"
"202400023447";"20";"12";"2024";"17:45";"3";"51";"51118";"1";"4";"1";"2";"D75";"49,27365700";"3,94480000"
"202400023448";"21";"12";"2024";"09:55";"1";"51";"51281";"2";"3";"8";"1";"rue d'Epernay";"48,97810800";"3,95572200"
"202400023449";"20";"12";"2024";"18:30";"5";"56";"56165";"2";"9";"1";"1";"Rue d'Augan";"47,92753300";" -2,37771900"
"202400023450";"20";"12";"2024";"19:50";"3";"76";"76128";"1";"1";"2";"5";"Route de Touffrainville";"49,78019000";"0,68650600"
"202400023451";"20";"12";"2024";"18:30";"5";"76";"76377";"2";"6";"2";"6";"Rue du Mont Perreux";"49,49157783";"1,14455572"
"202400023452";"18";"12";"2024";"17:20";"5";"76";"76517";"1";"3";"1";"3";"Route de Neufchâtel";"49,51738400";"1,17662900"
"202400023453";"16";"12";"2024";"17:08";"3";"79";"79079";"1";"1";"1";"3";"N/A";"46,96971800";" -0,89865800"
"202400023454";"20";"12";"2024";"14:00";"1";"82";"82117";"2";"1";"7";"6";"225 Avenue de Saint Martin";"44,33681537";"1,01856261"
"202400023455";"20";"12";"2024";"16:20";"1";"11";"11401";"2";"1";"1";"6";"29 Rue des Clapiés";"42,88852700";"2,71404100"
"202400023456";"20";"12";"2024";"07:35";"1";"63";"63172";"1";"1";"8";"1";"D996 PR 44+225";"45,57416852";"3,06366171"
"202400023457";"20";"12";"2024";"18:30";"5";"63";"63178";"2";"1";"1";"2";"D996 Route de Parentignat";"45,54189888";"3,25898443"
"202400023458";"21";"12";"2024";"11:00";"1";"55";"55500";"1";"1";"1";"7";"D413";"49,34530400";"5,71504400"
"202400023459";"8";"12";"2024";"16:30";"2";"46";"46208";"1";"1";"2";"6";"pech blanc";"44,87126400";"1,62584800"
"202400023460";"20";"12";"2024";"09:00";"1";"46";"46046";"1";"1";"1";"3";"D12";"44,51763100";"1,38611200"
"202400023461";"20";"12";"2024";"18:50";"3";"47";"47252";"1";"1";"1";"2";"Rte de Casseneuil";"44,42953200";"0,60822300"
"202400023462";"20";"12";"2024";"08:55";"1";"29";"29189";"2";"6";"8";"5";"N165";"48,38338059";" -4,34966326"
"202400023463";"21";"12";"2024";"00:47";"3";"25";"25519";"1";"1";"1";"1";"D437 - PR 111+300";"47,32545100";"6,80570800"
"202400023464";"25";"11";"2024";"18:40";"5";"44";"44036";"2";"6";"2";"7";"Rue du Président Kennedy";"47,70612300";" -1,38389100"
"202400023465";"21";"12";"2024";"07:00";"3";"29";"29037";"1";"1";"9";"6";"D785";"47,89171734";" -4,20426541"
"202400023466";"20";"12";"2024";"20:30";"3";"38";"38517";"1";"1";"1";"5";"Rue de la Republique";"45,29805300";"5,47794500"
"202400023467";"14";"12";"2024";"11:10";"1";"02";"02141";"1";"1";"2";"3";"N/A";"49,98348200";"3,88896200"
"202400023468";"20";"12";"2024";"08:00";"2";"58";"58296";"1";"1";"1";"1";"Les Boreilles";"46,69142530";"3,21501576"
"202400023469";"20";"12";"2024";"15:20";"1";"72";"72228";"1";"1";"1";"1";"D53";"47,83801290";" -0,21132459"
"202400023470";"20";"12";"2024";"18:30";"5";"06";"06105";"2";"1";"1";"4";"4953 Route de Grasse";"43,67114300";"7,03861500"
"202400023471";"21";"12";"2024";"03:15";"3";"73";"73300";"1";"6";"1";"6";"D1201";"45,66737800";"5,89512000"
"202400023472";"20";"12";"2024";"23:00";"4";"53";"53087";"1";"1";"2";"3";"D166";"47,95247500";" -0,50110000"
"202400023473";"21";"12";"2024";"03:00";"3";"24";"24180";"1";"1";"5";"6";"Route du Coly";"45,58515600";"0,92576400"
"202400023474";"16";"12";"2024";"17:50";"5";"27";"27226";"2";"3";"2";"6";"Rue de la Levrière";"49,30452400";"1,62297200"
"202400023475";"20";"12";"2024";"16:15";"1";"17";"17048";"1";"1";"1";"7";"D124";"45,87410000";" -0,37783200"
"202400023476";"21";"12";"2024";"12:50";"1";"48";"48132";"1";"1";"8";"1";"D987";"44,81267200";"3,43170900"
"202400023477";"20";"12";"2024";"15:21";"1";"48";"48002";"1";"1";"8";"6";"D70";"44,87162000";"3,26084200"
"202400023478";"21";"12";"2024";"02:00";"5";"987";"98752";"2";"9";"1";"1";"pk 47.200 RT1";" -17,72200000";" -149,39900000"
"202400023479";"21";"12";"2024";"01:00";"3";"77";"77195";"1";"1";"2";"2";"Autoroute A5 au PK07.800";"48,57977450";"2,74032580"
"202400023480";"20";"12";"2024";"17:10";"3";"63";"63113";"1";"1";"8";"2";"A710W PR 11+400";"45,80545871";"3,14574271"
"202400023481";"20";"12";"2024";"20:30";"3";"13";"13069";"1";"1";"1";"3";"D17";"43,61094300";"5,17674900"
"202400023482";"9";"12";"2024";"14:30";"1";"01";"01451";"1";"1";"8";"2";"A40, pk 166+100 direction Genève";"46,22978742";"5,28485298"
"202400023483";"21";"12";"2024";"12:15";"1";"973";"97309";"2";"3";"1";"1";"Route de Rémire";"4,92558100";" -52,28644600"
"202400023484";"20";"12";"2024";"20:30";"3";"38";"38253";"1";"1";"1";"6";"RD530";"44,99084500";"6,09337800"
"202400023485";"20";"12";"2024";"13:35";"1";"06";"06027";"1";"1";"1";"6";"Autoroute A8 - Pk 181 sud";"43,65489400";"7,14637000"
"202400023486";"17";"12";"2024";"20:45";"3";"67";"67506";"1";"1";"1";"2";"A4";"48,66630100";"7,73670900"
"202400023487";"15";"04";"2024";"17:20";"1";"83";"83023";"1";"1";"1";"1";"3341 Route de Vins";"43,42090800";"6,09828100"
"202400023488";"8";"04";"2024";"10:15";"1";"13";"13015";"2";"6";"1";"2";"ROND POINT DE LA MALLE rD8N";"43,42561612";"5,38753775"
"202400023489";"21";"12";"2024";"10:45";"1";"84";"84091";"1";"1";"1";"4";"A7";"44,17074300";"4,76087800"
"202400023490";"13";"04";"2024";"16:45";"1";"70";"70279";"2";"1";"1";"6";"Rue de la Plage";"47,45339400";"5,60397700"
"202400023491";"21";"12";"2024";"19:15";"3";"988";"98827";"1";"1";"1";"7";"RT1";" -21,34698800";"165,15900300"
"202400023492";"20";"12";"2024";"23:00";"3";"29";"29230";"1";"1";"5";"6";"Lieu Dit la Croix Rouge";"47,97297496";" -3,57425324"
"202400023493";"21";"12";"2024";"01:00";"4";"45";"45096";"2";"1";"2";"6";"D42 PR 24 + 850";"47,79412300";"2,67740200"
"202400023494";"16";"04";"2024";"01:55";"3";"21";"21390";"2";"4";"2";"6";"2 Avenue Marguerite de Salin";"47,27765300";"4,99763100"
"202400023495";"20";"12";"2024";"19:50";"3";"66";"66165";"1";"1";"1";"3";"N/A";"42,64695700";"2,55865500"
"202400023496";"21";"12";"2024";"16:15";"1";"30";"30132";"2";"1";"1";"1";"2 Rue de la Pise";"44,20925700";"4,03701400"
"202400023497";"14";"04";"2024";"18:18";"1";"68";"68255";"1";"1";"1";"3";"D40";"48,01744000";"7,19352400"
"202400023498";"20";"12";"2024";"20:30";"3";"89";"89438";"1";"1";"1";"1";"Route départementale RD 965";"47,80115000";"3,66370400"
"202400023499";"21";"12";"2024";"04:13";"3";"68";"68063";"2";"1";"1";"6";"Faubourg de Belfort";"47,79763098";"7,17356611"
"202400023500";"20";"12";"2024";"17:55";"3";"73";"73187";"1";"1";"1";"1";"N90 (viaduc)";"45,53128485";"6,47585108"
"202400023501";"19";"12";"2024";"23:50";"3";"42";"42168";"1";"1";"3";"6";"45.406646 4.681345";"45,40664600";"4,68134500"
"202400023502";"21";"12";"2024";"04:20";"3";"42";"42046";"2";"1";"1";"6";"99 Chemin de la Vallon";"45,64597600";"4,05383700"
"202400023503";"15";"04";"2024";"07:45";"1";"38";"38565";"2";"3";"1";"3";"Avenue de Juin 1940";"45,30733800";"5,62289700"
"202400023504";"21";"12";"2024";"03:00";"3";"38";"38215";"1";"1";"1";"6";"Route de Serpaize";"45,58333500";"4,94788200"
"202400023505";"15";"04";"2024";"08:30";"1";"29";"29237";"1";"2";"2";"3";"Les Hauts du Pontois";"48,46672023";" -4,20828174"
"202400023506";"13";"12";"2024";"17:41";"3";"38";"38545";"2";"6";"1";"6";"Avenue du 8 Mai 1945";"45,05293100";"5,67741600"
"202400023507";"15";"04";"2024";"19:10";"2";"60";"60103";"1";"1";"1";"4";"N31";"49,41560900";"2,23511700"
"202400023508";"18";"12";"2024";"17:15";"4";"26";"26313";"1";"1";"1";"7";"N/A";"44,96746000";"4,96159100"
"202400023509";"28";"03";"2024";"16:33";"1";"69";"69290";"1";"1";"1";"3";"Route Nationale 346  ";"45,71210000";"4,96867000"
"202400023510";"15";"04";"2024";"19:30";"2";"95";"95582";"1";"1";"1";"6";"A115";"48,97642695";"2,24155659"
"202400023511";"20";"12";"2024";"18:00";"3";"26";"26173";"1";"3";"1";"3";"D149";"44,98266800";"5,10883000"
"202400023512";"15";"04";"2024";"08:30";"1";"93";"93078";"1";"1";"1";"5";"AUTOROUTE A104";"48,96244307";"2,54754487"
"202400023513";"21";"12";"2024";"16:27";"1";"01";"01249";"2";"1";"1";"6";"381 Avenue Joséphine Guillon";"45,82753700";"4,95771500"
"202400023514";"15";"04";"2024";"02:15";"3";"93";"93078";"1";"1";"1";"6";"A104";"48,95857237";"2,53354347"
"202400023515";"20";"12";"2024";"18:55";"5";"69";"69191";"2";"1";"1";"3";"104 Route de Lyon";"45,81366600";"4,81874400"
"202400023516";"14";"04";"2024";"20:15";"1";"92";"92036";"1";"1";"1";"3";"AUTOROUTE A86";"48,93841259";"2,30032146"
"202400023517";"20";"12";"2024";"17:35";"5";"69";"69089";"2";"4";"1";"5";"3 Place du Repos";"45,73740000";"4,76128600"
"202400023518";"14";"04";"2024";"21:38";"3";"77";"77237";"1";"1";"1";"2";"A4";"48,83089500";"2,76059700"
"202400023519";"21";"12";"2024";"01:00";"3";"81";"81038";"1";"6";"1";"6";"rd968";"43,88281900";"1,89865700"
"202400023520";"20";"12";"2024";"18:55";"3";"17";"17083";"2";"1";"2";"7";"Rue de Razour";"45,85791600";" -0,90683400"
"202400023521";"20";"12";"2024";"17:00";"2";"44";"44210";"2";"1";"1";"3";"50 Rue du Petit Savine";"47,29726300";" -2,21208200"
"202400023522";"21";"01";"2024";"18:15";"5";"74";"74010";"2";"1";"1";"5";"ROCADE (BOULEVARD DE LA)";"45,91200000";"6,12200000"
"202400023523";"21";"12";"2024";"17:25";"2";"29";"29042";"1";"2";"2";"3";"chemin Maen Gwenn";"48,24877300";" -4,46186000"
"202400023524";"14";"01";"2024";"18:40";"5";"50";"50188";"2";"9";"1";"6";"le Repas";"48,83604800";" -1,41667800"
"202400023525";"20";"12";"2024";"15:00";"1";"59";"59237";"1";"1";"1";"7";"2485 Route du Mont des Cats";"50,77164200";"2,65729700"
"202400023526";"27";"01";"2024";"04:50";"3";"57";"57413";"1";"1";"1";"6";"D910";"49,09582898";"6,63726544"
"202400023527";"19";"12";"2024";"16:15";"1";"13";"13215";"1";"1";"1";"2";"A7-Sens Marseille vers Lyon";"43,35327000";"5,36532000"
"202400023528";"22";"01";"2024";"19:10";"3";"57";"57047";"2";"1";"2";"6";"Rue de Laudrefang";"49,09690600";"6,62214300"
"202400023529";"14";"04";"2024";"06:55";"2";"973";"97302";"2";"1";"2";"6";"SOURCE DE BADUEL (CHEMIN DE LA)";"4,92635819";" -52,30533689"
"202400023530";"19";"12";"2024";"07:14";"2";"13";"13005";"1";"1";"1";"2";"A50-Sens Aubagne vers Marseille";"43,28900000";"5,54900000"
"202400023531";"14";"04";"2024";"20:30";"5";"69";"69383";"2";"1";"1";"3";"Cours Gambetta";"45,75513325";"4,84347730"
"202400023532";"15";"12";"2024";"04:05";"5";"13";"13213";"1";"1";"1";"2";"A507 sens Marseille - Aubagne";"43,33007406";"5,41001584"
"202400023533";"14";"04";"2024";"17:00";"1";"69";"69386";"2";"6";"7";"3";"Place René Deroudille";"45,76601000";"4,85577000"
"202400023534";"20";"12";"2024";"02:20";"3";"69";"69266";"1";"1";"1";"2";"Route Départementale 383";"45,77799073";"4,89620755"
"202400023535";"14";"04";"2024";"05:00";"1";"972";"97209";"2";"1";"1";"7";"MARNE (BOULEVARD DE LA)";"14,60498000";" -61,08681000"
"202400023536";"19";"12";"2024";"23:00";"3";"69";"69081";"2";"1";"3";"2";"Route de Métropole 6 ";"45,77226000";"4,78837000"
"202400023537";"14";"04";"2024";"21:30";"5";"69";"69389";"2";"1";"1";"1";"Quai Arloing";"45,77141000";"4,81153000"
"202400023538";"20";"12";"2024";"16:50";"1";"33";"33122";"1";"1";"1";"4";"N/A";"44,75268700";" -0,69138700"
"202400023539";"12";"04";"2024";"09:20";"1";"69";"69385";"2";"3";"1";"3";"Avenue du Point du Jour";"45,75624000";"4,80292000"
"202400023540";"20";"12";"2024";"08:15";"2";"92";"92019";"1";"1";"1";"2";"RN 385";"48,76000055";"2,27578476"
"202400023541";"14";"04";"2024";"15:30";"1";100;100120";"2";"9";"1";"2";"11 - RT";"42,65282000";"9,44096000"
"202400023542";"20";"12";"2024";"08:50";"1";"78";"78431";"1";"1";"1";"4";"A13";"48,94235000";"1,95201000"
"202400023543";"20";"12";"2024";"08:50";"1";"78";"78431";"1";"1";"1";"6";"A13";"48,94238000";"1,95200000"
"202400023544";"13";"04";"2024";"16:25";"1";101;101004";"1";"4";"1";"1";"Chemin de St Antoine";"41,92980000";"8,69461000"
"202400023545";"20";"12";"2024";"04:30";"3";"92";"92036";"1";"1";"1";"6";"A86";"48,93440186";"2,28032461"
"202400023546";"14";"04";"2024";"16:15";"1";"95";"95680";"2";"1";"1";"6";"D10";"49,00674067";"2,40107410"
"202400023547";"19";"12";"2024";"18:13";"3";"92";"92036";"1";"1";"1";"3";"RN315 Y";"48,92131769";"2,30620543"
"202400023548";"14";"04";"2024";"08:45";"1";"95";"95074";"2";"1";"1";"2";"D922";"49,02285377";"1,99979088"
"202400023549";"19";"12";"2024";"16:40";"2";"78";"78402";"1";"1";"8";"2";"A13";"48,96490200";"1,80143800"
"202400023550";"5";"09";"2024";"14:00";"1";"93";"93006";"2";"1";"2";"3";"Rue Girardot";"48,87452957";"2,42585086"
"202400023551";"14";"04";"2024";"17:45";"1";"91";"91645";"2";"6";"1";"2";"CARNOT (AVENUE)";"48,74230000";"2,26850000"
"202400023552";"19";"12";"2024";"09:15";"2";"78";"78238";"1";"1";"2";"2";"A13";"48,96981600";"1,86727100"
"202400023553";"14";"04";"2024";"15:27";"1";"85";"85194";"1";"1";"1";"7";"RD 949";"46,50780000";" -1,70346000"
"202400023554";"5";"09";"2024";"11:10";"1";"93";"93029";"2";"2";"2";"2";"Rue Faidherbes / Rue Danton";"48,92208803";"2,43328571"
"202400023555";"19";"12";"2024";"09:15";"1";"78";"78238";"1";"1";"2";"4";"A13";"48,96900000";"1,86329000"
"202400023556";"14";"04";"2024";"16:50";"1";"84";"84007";"2";"6";"1";"3";"FONTCOUVERTE(Avenue de)";"43,93819000";"4,84190000"
"202400023557";"19";"11";"2024";"02:25";"5";"92";"92062";"1";"1";"1";"6";"RN1013";"48,88784918";"2,25036747"
"202400023558";"14";"04";"2024";"09:35";"1";"83";"83137";"2";"3";"1";"3";"RESISTANCE (AVE / IMP DE LA)";"43,11023000";"5,96943000"
"202400023559";"18";"11";"2024";"21:30";"3";"92";"92072";"1";"1";"2";"6";"N118";"48,82128224";"2,21946107"
"202400023560";"5";"09";"2024";"18:30";"1";"93";"93008";"2";"1";"2";"3";"VAILLANT COUTURIER (AVENUE PAUL)";"48,90979000";"2,44729000"
"202400023561";"14";"04";"2024";"14:50";"1";"79";"79191";"1";"1";"1";"1";"N/A";"46,34366000";" -0,51066000"
"202400023562";"18";"11";"2024";"19:25";"3";"92";"92064";"1";"1";"3";"2";"A13";"48,83972687";"2,20066775"
"202400023563";"5";"09";"2024";"09:00";"1";"93";"93008";"2";"1";"2";"3";"Avenue Jean Jaures";"48,88636760";"2,38377187"
"202400023564";"20";"12";"2024";"16:04";"1";"93";"93027";"1";"1";"1";"3";"AUTOROUTE A1";"48,93410011";"2,39349648"
"202400023565";"20";"12";"2024";"12:25";"1";"93";"93064";"1";"1";"1";"3";"AUTOROUTE A86";"48,87120979";"2,48194230"
"202400023566";"5";"09";"2024";"18:00";"1";"93";"93001";"2";"1";"1";"3";"Avenue Jean Jaurès";"48,91508502";"2,40442169"
"202400023567";"5";"09";"2024";"01:22";"5";"92";"92064";"2";"1";"1";"6";"BUZENVAL";"48,85240000";"2,20339000"
"202400023568";"20";"12";"2024";"15:00";"2";"93";"93053";"1";"1";"1";"2";"AUTOROUTE A3";"48,88722551";"2,47394088"
"202400023569";"14";"04";"2024";"15:00";"1";"73";"73029";"2";"6";"1";"3";"HUIT MAI 1945 (RUE DU)";"45,56455716";"5,94678462"
"202400023570";"17";"08";"2024";"04:35";"5";"92";"92063";"2";"1";"1";"6";"MONTBRISON (RUE DU LIEUTENANT COLONEL DE";"48,85874655";"2,19420321"
"202400023571";"14";"04";"2024";"13:35";"1";"73";"73065";"1";"6";"1";"6";"VILLARCHER (AVENUE DE)";"45,61278000";"5,88739000"
"202400023572";"20";"12";"2024";"11:00";"1";"93";"93066";"1";"1";"1";"4";"AUTOROUTE A86";"48,92293450";"2,34504055"
"202400023573";"13";"04";"2024";"17:55";"1";"73";"73137";"2";"3";"1";"3";"BELLECOMBETTE (ROUTE DE)";"45,55477658";"5,91316715"
"202400023574";"5";"09";"2024";"17:03";"1";"92";"92025";"2";"2";"1";"3";"BOUIN (RUE)";"48,92081933";"2,25087716"
"202400023575";"20";"12";"2024";"07:50";"2";"95";"95365";"1";"1";"1";"7";"N104";"49,06394000";"2,40369000"
"202400023576";"14";"04";"2024";"03:00";"3";"73";"73065";"2";"1";"1";"6";"VERDUN (QUAI DE)";"45,57095018";"5,91775507"
"202400023577";"20";"08";"2024";"01:53";"5";"13";"13208";"2";"1";"1";"2";"POMPIDOU (PROMENADE)";"43,26430000";"5,37363000"
"202400023578";"5";"09";"2024";"11:00";"1";"92";"92004";"2";"1";"2";"3";"ARGENTEUIL AV D'";"48,91955549";"2,28018466"
"202400023579";"7";"08";"2024";"13:25";"1";"13";"13104";"2";"1";"1";"3";"40 avenue de l'europe";"43,32906400";"5,13258900"