"Num_Acc";"jour";"mois";"an";"hrmn";"lum";"dep";"com";"agg";"int";"atm";"col";"adr";"lat";"long"
"202400023580";"14";"04";"2024";"21:40";"5";"73";"73011";"2";"2";"1";"3";"JEAN JAURES (AVENUE)";"45,67010000";"6,38840000"
"202400023581";"19";"12";"2024";"19:50";"5";"988";"98818";"2";"3";"1";"6";"ROUTE DE L'ANSE VATA/LEONARD DE VINCI";" -22,29022000";"166,44753000"
"202400023582";"14";"04";"2024";"21:05";"5";"73";"73011";"2";"1";"1";"6";"Parc stationnement Intermarché";"45,65559882";"6,36643601"
"202400023583";"5";"09";"2024";"08:15";"1";"80";"80627";"1";"1";"8";"4";"D210";"49,80875900";"2,22020400"
"202400023584";"18";"12";"2024";"22:57";"5";"987";"98735";"2";"9";"1";"6";"CHEF VAIRAATOA PROL.(QTIER ECOLE TAUNOA)";" -17,53309000";" -149,57271000"
"202400023585";"1";"09";"2024";"19:29";"1";"17";"17230";"1";"1";"1";"7";"Route de Semussac";"45,57175500";" -0,94415900"
"202400023586";"13";"04";"2024";"15:25";"1";"70";"70388";"1";"3";"1";"3";"RD457";"47,61051300";"6,13257700"
"202400023587";"19";"12";"2024";"18:20";"2";"974";"97416";"1";"1";"1";"2";"RN2 (1)";" -21,34462000";"55,49784000"
"202400023588";"6";"09";"2024";"00:40";"5";"31";"31269";"2";"1";"1";"6";"1004 Route de la Fougarouse";"43,49231400";"1,24589300"
"202400023589";"6";"09";"2024";"14:55";"1";"974";"97422";"2";"1";"1";"6";"rue de paris";" -21,25104200";"55,54303900"
"202400023590";"18";"12";"2024";"16:20";"1";"974";"97416";"1";"1";"1";"4";"RN1 (ROUTE NATIONALE)";" -21,30363000";"55,42720000"
"202400023591";"14";"04";"2024";"19:00";"1";"69";"69256";"2";"1";"1";"6";"6 Avenue de Böhlen";"45,76520000";"4,92220000"
"202400023592";"6";"09";"2024";"12:15";"1";"50";"50487";"1";"1";"1";"6";"A84";"48,52564300";" -1,34607200"
"202400023593";"19";"12";"2024";"20:30";"3";"974";"97409";"2";"9";"1";"4";"CHAMP BORNE (ROUTE DE)";" -20,94032000";"55,67755000"
"202400023594";"14";"04";"2024";"13:25";"1";"67";"67482";"2";"3";"7";"3";"VITRY LE FRANCOIS (AVENUE DE)";"48,56982000";"7,79328000"
"202400023595";"19";"12";"2024";"18:25";"1";"974";"97407";"1";"1";"1";"5";"ROUTE NATIONALE N° 1";" -20,94886000";"55,32176000"
"202400023596";"13";"04";"2024";"17:10";"1";"64";"64335";"1";"3";"1";"3";"VERT GALANT DU";"43,32590000";" -0,44103000"
"202400023597";"6";"09";"2024";"04:45";"3";"83";"83067";"1";"1";"1";"7";"D97";"43,35038416";"6,29605472"
"202400023598";"13";"04";"2024";"17:00";"1";"64";"64024";"2";"1";"1";"7";"BAYONNE (AVENUE DE)";"43,48123000";" -1,51122000"
"202400023599";"19";"12";"2024";"08:07";"1";"973";"97302";"2";"1";"1";"6";"HEDER (place)";"4,94194000";" -52,33024000"
"202400023600";"27";"08";"2024";"19:00";"1";"51";"51115";"1";"1";"1";"3";"route communale";"49,19558400";"4,02619400"
"202400023601";"9";"12";"2024";"17:11";"1";"973";"97302";"2";"1";"2";"7";"MONT LUCAS 1 (CITE)";"4,92237752";" -52,31828767"
"202400023602";"26";"01";"2024";"09:17";"1";"67";"67222";"1";"3";"2";"3";"RD919";"48,89660600";"7,45113400"
"202400023603";"14";"04";"2024";"22:50";"5";"63";"63014";"2";"1";"1";"6";"GRAVENOIRE (RUE DE)";"45,75534000";"3,10300000"
"202400023604";"6";"09";"2024";"02:55";"4";"76";"76755";"2";"1";"1";"6";"Route Departementale 926";"49,69419500";"0,53359900"
"202400023605";"19";"12";"2024";"10:00";"1";"972";"97213";"1";"1";"1";"2";"AUTOROUTE A1";"14,60834000";" -61,00523000"
"202400023606";"14";"04";"2024";"16:45";"1";"63";"63113";"2";"1";"1";"1";"CHARTOIRE (BD LOUIS)";"45,80173972";"3,14574838"
"202400023607";"27";"01";"2024";"14:00";"1";"42";"42338";"1";"2";"1";"3";"Route de Perreux";"46,07296600";"4,11890200"
"202400023608";"4";"09";"2024";"18:24";"1";"33";"33036";"1";"9";"1";"1";"N/A";"44,41464500";" -0,21934300"
"202400023609";"18";"12";"2024";"14:20";"1";"972";"97209";"1";"9";"1";"3";"BALATA (ROUTE DE)";"14,63381500";" -61,07334700"
"202400023610";"13";"04";"2024";"04:45";"5";"62";"62041";"2";"3";"1";"3";"Avenue du Marechal Leclerc";"50,28695362";"2,77769172"
"202400023611";"6";"09";"2024";"18:00";"1";"63";"63187";"1";"1";"1";"7";"Rd 13 pk 2+200";"46,23327085";"2,87078577"
"202400023612";"26";"01";"2024";"20:05";"3";"28";"28104";"1";"1";"1";"6";"D19";"48,50324200";"1,62026900"
"202400023613";"3";"09";"2024";"07:20";"1";"63";"63022";"1";"1";"1";"7";"D710";"45,44868400";"3,29884400"
"202400023614";"13";"04";"2024";"12:30";"1";"59";"59343";"2";"1";"1";"2";"Avenue du Docteur Schweitzer";"50,59221000";"3,10557000"
"202400023615";"16";"12";"2024";"22:20";"5";"972";"97209";"2";"1";"1";"6";"RD 41 (ROCADE)";"14,61685000";" -61,05906000"
"202400023616";"25";"01";"2024";"16:35";"2";"33";"33036";"2";"3";"7";"1";"N/A";"44,42694400";" -0,21858900"
"202400023617";"19";"12";"2024";"18:10";"5";"69";"69382";"2";"2";"9";"6";"26 Cours Suchet";"45,74710000";"4,82342000"
"202400023618";"5";"09";"2024";"16:25";"1";"12";"12090";"1";"1";"1";"6";"pk 47 D994";"44,38240900";"2,42053500"
"202400023619";"13";"04";"2024";"15:20";"1";"59";"59360";"2";"2";"1";"3";"Rue Mirabeau";"50,61010000";"3,02064000"
"202400023620";"5";"09";"2024";"10:30";"1";"22";"22271";"1";"1";"1";"7";"Pen Lan";"48,48191100";" -3,13402200"
"202400023621";"19";"12";"2024";"17:55";"5";"69";"69384";"2";"1";"2";"6";"18 Rue Henri Chevalier";"45,78341042";"4,82726308"
"202400023622";"26";"01";"2024";"22:40";"3";"32";"32448";"1";"1";"1";"1";"La Justice 1";"43,67508500";"0,93388600"
"202400023623";"14";"04";"2024";"03:30";"5";"59";"59527";"2";"2";"1";"2";"DE LATTRE TASSIGNY.AVN°279A659";"50,66163000";"3,03513600"
"202400023624";"6";"09";"2024";"06:45";"2";"29";"29274";"1";"3";"1";"6";"Garoff";"47,95705400";" -3,70307900"
"202400023625";"19";"12";"2024";"15:45";"1";"69";"69384";"2";"9";"3";"3";"Quai Joseph Gillet";"45,78792000";"4,81839000"
"202400023626";"26";"01";"2024";"13:30";"1";"89";"89345";"1";"1";"2";"1";"D943";"48,00567300";"3,67142900"
"202400023627";"14";"04";"2024";"16:00";"1";"57";"57660";"2";"1";"1";"3";"NATIONALE(RUE)LIMITE FORBACH/RUE ST ALIC";"49,19347000";"6,91599000"
"202400023628";"4";"09";"2024";"19:15";"1";"29";"29199";"1";"1";"1";"1";"D64";"48,57886139";" -3,71168250"
"202400023629";"19";"12";"2024";"07:00";"5";"69";"69034";"2";"1";"2";"6";"Rue Pasteur";"45,79508111";"4,84732997"
"202400023630";"13";"04";"2024";"15:50";"1";"56";"56260";"1";"1";"1";"7";"Le Chapeau rouge";"47,66938000";" -2,72364000"
"202400023631";"26";"01";"2024";"18:15";"1";"61";"61464";"1";"1";"1";"5";"D958";"48,61674600";"0,15283700"
"202400023632";"5";"09";"2024";"07:28";"1";"38";"38048";"1";"3";"2";"1";"D36";"45,59877100";"5,10646500"
"202400023633";"18";"12";"2024";"17:50";"3";"69";"69034";"1";"1";"1";"2";"Quai Bellevue";"45,78657000";"4,85057000"
"202400023634";"14";"04";"2024";"17:30";"1";"54";"54357";"2";"1";"1";"2";"Avenue de Metz";"48,72082900";"6,17189300"
"202400023635";"18";"12";"2024";"00:50";"5";"69";"69389";"2";"1";"1";"6";"71 Avenue 25ème Régiment des Tirailleurs Sénégalais";"45,78138834";"4,79954470"
"202400023636";"5";"09";"2024";"17:10";"1";"03";"03082";"2";"1";"1";"2";"Rue Jean Alexis Bayet";"46,30006800";"2,73647000"
"202400023637";"13";"04";"2024";"09:50";"1";"47";"47323";"2";"1";"1";"6";"LECLERC (AVENUE DU MARECHAL)";"44,40290000";"0,70480000"
"202400023638";"26";"01";"2024";"20:00";"5";"55";"55527";"2";"2";"1";"3";"Rue des Bonnes Femmes";"49,22601800";"5,03604400"
"202400023639";"19";"12";"2024";"14:35";"1";101;101004";"2";"3";"1";"3";"MACCHINI EUGENE AVENUE";"41,91819245";"8,73704374"
"202400023640";"6";"09";"2024";"07:25";"2";"58";"58123";"1";"1";"5";"3";"D216/C8";"47,29777900";"3,61876100"
"202400023641";"13";"04";"2024";"21:15";"5";"45";"45208";"2";"2";"1";"3";"26 Rue de la Pontonnerie";"48,00172000";"2,72192000"
"202400023642";"27";"01";"2024";"18:30";"3";"49";"49086";"1";"3";"1";"3";"Rue saint eloi";"47,29719000";" -0,45063300"
"202400023643";"19";"12";"2024";"08:13";"5";"95";"95127";"2";"1";"3";"6";"HAZAY (AVENUE DU)";"49,04422309";"2,00997368"
"202400023644";"5";"09";"2024";"20:20";"2";"50";"50311";"1";"1";"7";"2";"D33";"48,86038100";" -1,30097900"
"202400023645";"27";"01";"2024";"17:00";"1";"44";"44102";"2";"1";"1";"3";"25 Rue des Moulins";"47,06030400";" -1,48288200"
"202400023646";"14";"04";"2024";"17:10";"1";"44";"44184";"2";"6";"1";"3";"Place Jean Bouin";"47,27506069";" -2,22766510"
"202400023647";"19";"12";"2024";"12:05";"1";"91";"91691";"2";"2";"2";"3";"CHEVALIER DE LA BARRE(RUE)";"48,69237000";"2,48247000"
"202400023648";"27";"01";"2024";"19:06";"3";"29";"29106";"1";"1";"1";"3";"Ty Coat";"48,09752908";" -4,07192747"
"202400023649";"6";"09";"2024";"15:50";"1";"50";"50410";"1";"2";"1";"3";"Rue de la Martinerie";"48,56714400";" -1,47086400"
"202400023650";"14";"04";"2024";"19:15";"1";"44";"44109";"2";"1";"1";"1";"218 Rue de la Gilarderie";"47,18797000";" -1,51564000"
"202400023651";"19";"12";"2024";"12:30";"1";"91";"91657";"2";"1";"1";"4";"AV HENRI BARBUSSE";"48,70400000";"2,43300000"
"202400023652";"26";"01";"2024";"18:15";"5";"31";"31311";"1";"3";"1";"3";"D630";"43,81856600";"1,54207200"
"202400023653";"6";"09";"2024";"14:50";"1";"60";"60471";"2";"1";"2";"1";"rd934";"49,59391100";"2,97952700"
"202400023654";"14";"04";"2024";"16:14";"1";"43";"43157";"2";"3";"1";"3";"D98";"45,05551303";"3,90263021"
"202400023655";"18";"12";"2024";"18:15";"5";"91";"91286";"2";"1";"2";"6";"HENRI BARBUSSE (PLACE)";"48,65287000";"2,39234000"
"202400023656";"26";"01";"2024";"15:35";"1";"84";"84082";"1";"1";"1";"7";"Route de Flassan";"44,08047600";"5,20569600"
"202400023657";"14";"12";"2024";"15:42";"1";"87";"87085";"2";"1";"1";"7";"LECLERC (AVENUE DU GENERAL)";"45,84908000";"1,26256000"
"202400023658";"12";"04";"2024";"14:45";"1";"42";"42187";"2";"2";"7";"6";"Rue Alexandre Roche";"46,04078000";"4,07258000"
"202400023659";"30";"08";"2024";"16:00";"1";"45";"45130";"2";"2";"1";"3";"D951 PR 110 + 245";"47,79455400";"1,72185200"
"202400023660";"14";"04";"2024";"19:40";"2";"38";"38185";"2";"3";"1";"3";"RUE DE BRETAGNE";"45,15883352";"5,71354777"
"202400023661";"6";"09";"2024";"08:15";"1";"07";"07300";"1";"1";"1";"6";"D107";"44,52228200";"4,61953600"
"202400023662";"26";"01";"2024";"20:10";"3";"03";"03108";"1";"1";"2";"7";"D998";"46,19721100";"2,92094700"
"202400023663";"19";"12";"2024";"05:05";"5";"83";"83137";"2";"3";"1";"3";"PRUNEAU (AVE GENERAL)";"43,12188000";"5,95562000"
"202400023664";"14";"04";"2024";"00:15";"5";"38";"38151";"2";"1";"1";"6";"Cours Jean Jaurès";"45,15150000";"5,70666000"
"202400023665";"14";"04";"2024";"16:35";"1";"35";"35115";"2";"1";"1";"7";"GUE MAHEU (RUE DU)";"48,34352000";" -1,19550000"
"202400023666";"26";"01";"2024";"13:45";"1";"70";"70031";"1";"1";"3";"1";"RD 93 PK1+130";"47,58350200";"6,53490200"
"202400023667";"6";"09";"2024";"13:40";"1";"21";"21682";"1";"1";"1";"3";"D960";"47,44413700";"5,23918700"
"202400023668";"19";"12";"2024";"17:25";"5";"83";"83069";"2";"4";"8";"3";"ERMITAGE (CHEMIN DE)";"43,10192000";"6,12332000"
"202400023669";"13";"04";"2024";"17:45";"1";"34";"34108";"2";"1";"7";"6";"81ème R.I. (RUE DU)";"43,44215000";"3,75864000"
"202400023670";"27";"01";"2024";"07:45";"2";"70";"70121";"2";"1";"8";"6";"27 Rue des Vieilles Vies";"47,58695800";"6,68754100"
"202400023671";"5";"09";"2024";"18:30";"1";"85";"85026";"1";"1";"2";"6";"la chapeliere";"46,54986000";" -1,40527000"
"202400023672";"14";"04";"2024";"06:50";"1";"31";"31555";"2";"1";"1";"6";"AV DE LARDENNE";"43,59239000";"1,39705000"
"202400023673";"19";"12";"2024";"16:15";"1";"82";"82121";"2";"2";"1";"3";"DE SAINT PIERRE (CHEMIN)";"44,03083000";"1,34300000"
"202400023674";"14";"04";"2024";"18:45";"1";"30";"30007";"2";"1";"1";"7";"Avenue Jean Philippe Rameau";"44,13648000";"4,10945000"
"202400023675";"4";"06";"2024";"19:47";"1";"27";"27105";"1";"2";"1";"1";"route de neubourg";"49,28069800";"0,88211400"
"202400023676";"19";"12";"2024";"10:00";"1";"81";"81065";"2";"1";"1";"6";"SIDOBRE RD 622 (AV. DU)";"43,61007000";"2,26185000"
"202400023677";"26";"01";"2024";"18:15";"2";"58";"58095";"2";"1";"1";"5";"107 Route de Moulins";"46,82080400";"3,45145900"
"202400023678";"19";"12";"2024";"09:25";"1";"77";"77379";"2";"9";"2";"3";"VOULZIE (AVENUE DE LA)";"48,54856414";"3,29340373"
"202400023679";"13";"04";"2024";"17:30";"1";"27";"27681";"2";"1";"1";"6";"JAURES (BOULEVARD JAURES)";"49,09594000";"1,46330000"
"202400023680";"29";"08";"2024";"16:55";"1";"27";"27284";"2";"1";"8";"3";"Rue du Faubourg de Neaufles";"49,27606100";"1,76162100"
"202400023681";"18";"12";"2024";"19:15";"5";"77";"77373";"2";"3";"2";"3";"RUE DES TILLEULS";"48,80261000";"2,62111000"
"202400023682";"27";"01";"2024";"12:30";"1";"14";"14179";"1";"2";"1";"3";"Route de l'Hôtellerie";"49,10544100";"0,38141700"
"202400023683";"13";"04";"2024";"17:00";"1";"27";"27562";"2";"9";"1";"2";"PRES (RUE DES)";"49,10318000";"1,45321000"
"202400023684";"5";"09";"2024";"06:25";"4";"27";"27286";"1";"1";"2";"7";"RD29";"49,17993600";"0,57418600"
"202400023685";"19";"12";"2024";"17:00";"5";"77";"77279";"2";"4";"5";"3";"VIGNE (CHEMIN DE LA)";"48,38413000";"3,02902000"
"202400023686";"14";"04";"2024";"15:30";"1";"26";"26362";"2";"1";"1";"1";"N/A";"44,93184000";"4,91838000"
"202400023687";"19";"12";"2024";"07:00";"5";"77";"77284";"2";"1";"2";"3";"ALLENDE (AV.SALVADOR)";"48,95530000";"2,89068000"
"202400023688";"27";"01";"2024";"15:25";"1";"64";"64477";"1";"1";"1";"1";"2514 Bankako errepidea";"43,16956300";" -1,35764300"
"202400023689";"14";"04";"2024";"18:30";"1";"25";"25056";"2";"5";"1";"3";"BLUM BOULEVARD LEON (sup 90)";"47,25938500";"6,02875800"
"202400023690";"5";"09";"2024";"22:40";"3";"37";"37139";"1";"1";"1";"2";"D6";"47,42080483";"0,53180695"
"202400023691";"13";"04";"2024";"10:14";"1";"18";"18033";"2";"1";"1";"7";"2 Rue de Gionne";"47,07271000";"2,40713000"
"202400023692";"26";"01";"2024";"00:10";"3";"64";"64558";"1";"1";"5";"6";"2609 Route de Saint Pierre d'Irube - D137";"43,45569200";" -1,46352900"
"202400023693";"18";"12";"2024";"11:55";"1";"76";"76447";"2";"3";"1";"3";"PRESIDENT WILSON";"49,54300000";"0,18187000"
"202400023694";"27";"01";"2024";"14:45";"1";"10";"10051";"1";"1";"1";"7";"rue de l hotel de ville";"48,18632900";"4,00506900"
"202400023695";"5";"09";"2024";"13:42";"1";"68";"68375";"2";"3";"1";"1";"6 Rue de Reiningue";"47,80684300";"7,23899500"
"202400023696";"14";"04";"2024";"12:10";"1";"17";"17415";"1";"1";"1";"4";"ROCADE SUD";"45,73025000";" -0,62296000"
"202400023697";"14";"04";"2024";"18:15";"1";"14";"14715";"2";"1";"1";"2";"179 Route d'Aguesseau";"49,36322000";"0,09634000"
"202400023698";"26";"01";"2024";"17:14";"1";"07";"07334";"2";"9";"1";"3";"D104a";"44,40720700";"4,13470600"
"202400023699";"19";"12";"2024";"18:30";"5";"73";"73222";"2";"3";"2";"6";"Route de Plaimpalais";"45,57469000";"5,95514000"
"202400023700";"6";"09";"2024";"17:14";"1";"06";"06152";"1";"3";"1";"3";"Route des Macarons";"43,63826500";"7,04620100"
"202400023701";"6";"09";"2024";"15:45";"1";"68";"68278";"1";"1";"1";"6";"A35 PK 103.300";"47,75390300";"7,42009500"
"202400023702";"19";"12";"2024";"21:05";"5";"69";"69266";"2";"3";"2";"1";"Rue Jules Kumer";"45,76737000";"4,89073000"
"202400023703";"12";"04";"2024";"12:15";"1";"13";"13208";"2";"9";"1";"2";"MENDES FRANCE (AVENUE)";"43,25974000";"5,37551000"
"202400023704";"27";"01";"2024";"15:00";"1";"07";"07132";"2";"3";"1";"3";"Route d?Aubenas";"44,51719500";"4,31179000"
"202400023705";"13";"04";"2024";"18:00";"1";"13";"13216";"2";"1";"1";"6";"JEAN LABRO (BOULEVARD)";"43,35357240";"5,33916547"
"202400023706";"5";"09";"2024";"20:45";"5";"987";"98738";"1";"1";"1";"2";"PK8  rt1 C/MER";" -17,61800000";" -149,54900000"
"202400023707";"19";"12";"2024";"10:25";"1";"69";"69264";"2";"6";"1";"6";"Boulevard Burdeau";"45,99531000";"4,72091000"
"202400023708";"19";"01";"2024";"12:40";"1";"17";"17394";"2";"3";"1";"3";"Rue de la Fontaine";"46,13774900";" -0,66783500"
"202400023709";"13";"04";"2024";"14:20";"1";"13";"13028";"1";"1";"1";"3";"BODIN (AVENUE EMILE)";"43,19971000";"5,58961000"
"202400023710";"6";"09";"2024";"08:14";"1";"45";"45232";"1";"1";"1";"2";"A71 PR 105 + 469";"47,84440000";"1,86617700"
"202400023711";"19";"12";"2024";"18:40";"3";"69";"69276";"1";"1";"2";"3";"Avenue Albert Ramboz";"45,68096184";"4,84622674"
"202400023712";"25";"01";"2024";"18:15";"3";"87";"87014";"1";"3";"1";"3";"La Croix du Breuil";"46,13401400";"1,37178400"
"202400023713";"14";"04";"2024";"06:45";"2";"07";"07072";"1";"3";"1";"7";"RD 104";"44,73588000";"4,63416000"
"202400023714";"6";"09";"2024";"17:15";"1";"45";"45155";"1";"1";"1";"3";"59 Mingotty";"47,71481800";"2,63736200"
"202400023715";"26";"01";"2024";"18:10";"3";"26";"26088";"1";"1";"1";"6";"A49";"45,02678400";"5,10262400"
"202400023716";"19";"12";"2024";"15:00";"1";"69";"69259";"2";"1";"2";"6";"Boulevard Ambroise Croizat";"45,70041000";"4,88775000"
"202400023717";"12";"04";"2024";"19:20";"2";"06";"06029";"2";"1";"1";"2";"Boulevard du Midi Louise Moreau";"43,54930700";"6,99699900"
"202400023718";"5";"09";"2024";"23:50";"5";"34";"34344";"1";"6";"1";"1";"Avenue du Grand Travers";"43,55867200";"4,05738800"
"202400023719";"14";"04";"2024";"10:00";"1";"06";"06029";"2";"1";"1";"3";"1 Boulevard Carnot";"43,55429600";"7,01688900"
"202400023720";"22";"01";"2024";"21:15";"3";"38";"38193";"2";"2";"1";"3";"25 Rue des Sayes";"45,61310700";"5,22586600"
"202400023721";"19";"12";"2024";"07:13";"5";"69";"69259";"2";"2";"2";"3";"Rue Gambetta";"45,69628435";"4,88381343"
"202400023722";"6";"09";"2024";"07:55";"1";"34";"34022";"2";"1";"1";"6";"97 Rue du Colombier";"43,65903500";"4,01637500"
"202400023723";"14";"04";"2024";"11:50";"1";"06";"06155";"2";"2";"1";"3";"Rue Sicard";"43,57703200";"7,05492300"
"202400023724";"27";"01";"2024";"05:00";"3";"40";"40210";"1";"9";"5";"6";"A63 bretelle sortie aire de repos ONNESSE ET LAHARIE EST";"44,09036300";" -0,99858100"
"202400023725";"19";"12";"2024";"22:19";"5";"67";"67482";"2";"1";"1";"6";"MARECHAL LEFEBVRE (RUE DU)";"48,56053000";"7,74350000"
"202400023726";"27";"01";"2024";"16:20";"1";"13";"13069";"2";"1";"1";"3";"422 Chemin des Hirondelles";"43,63097300";"5,13598000"
"202400023727";"5";"09";"2024";"12:50";"1";"83";"83127";"1";"6";"1";"3";"D2";"43,27506100";"5,80412300"
"202400023728";"12";"04";"2024";"07:58";"1";"02";"02168";"2";"3";"1";"3";"1bis Quai Gambetta";"49,04111000";"3,40442000"
"202400023729";"1";"09";"2024";"12:30";"1";"83";"83023";"2";"9";"1";"6";"16 ROUTE DU PRE DE PAQUES";"43,40830600";"6,05789800"
"202400023730";"26";"01";"2024";"18:50";"5";"69";"69244";"2";"2";"2";"3";"Place des Trois Renards";"45,76361200";"4,77355400"
"202400023731";"19";"12";"2024";"08:41";"1";"67";"67482";"2";"1";"2";"4";"ILL (RUE DE L )";"48,61321200";"7,77081600"
"202400023732";"18";"12";"2024";"18:00";"5";"67";"67482";"2";"1";"1";"6";"GARE (PLACE DE LA)";"48,58437000";"7,73613000"
"202400023733";"6";"09";"2024";"12:29";"1";"05";"05118";"2";"1";"1";"2";"Lotissement les Narcisses";"44,22653100";"5,85834100"
"202400023734";"14";"04";"2024";"13:45";"1";"75";"75118";"2";"1";"1";"4";"BD PERIPHERIQUE INTERIEUR";"48,90104100";"2,35076400"
"202400023735";"19";"12";"2024";"05:00";"5";"66";"66136";"2";"9";"1";"6";"POUDRIERE (CHEMIN DE LA)";"42,71629000";"2,89580000"
"202400023736";"26";"01";"2024";"18:15";"2";"63";"63193";"1";"1";"1";"4";"A712";"45,78454700";"3,20306200"
"202400023737";"2";"09";"2024";"20:15";"2";"13";"13109";"1";"1";"1";"3";"2002 Route Cézanne";"43,52351500";"5,49952600"
"202400023738";"12";"04";"2024";"21:40";"2";"75";"75113";"2";"1";"1";"2";"BOULEVARD PERIPHERIQUE INTERIEUR";"48,81731800";"2,36612700"
"202400023739";"26";"01";"2024";"10:24";"1";"34";"34129";"1";"1";"1";"2";"PK 016.280 A709";"43,57404318";"3,87552381"
"202400023740";"2";"09";"2024";"13:20";"1";"32";"32207";"1";"1";"1";"7";"Portetini";"43,65928800";"0,66273100"
"202400023741";"14";"04";"2024";"14:48";"1";"75";"75108";"2";"1";"1";"3";"RUE DE ROME";"48,87629400";"2,32355200"
"202400023742";"26";"01";"2024";"10:30";"1";"28";"28367";"1";"1";"3";"7";"A10 PK071+700";"48,14584500";"1,85565900"
"202400023743";"18";"12";"2024";"08:00";"1";"66";"66136";"2";"3";"1";"3";"Avenue Julien Panchot";"42,68982000";"2,87917000"
"202400023744";"14";"04";"2024";"07:15";"2";"75";"75114";"2";"1";"1";"6";"BD PERIPHERIQUE EXTERIEUR";"48,81772100";"2,33399900"
"202400023745";"25";"08";"2024";"07:40";"1";"19";"19146";"1";"3";"1";"3";"Avenue des Resistants";"45,33711457";"1,74952626"
"202400023746";"19";"12";"2024";"16:25";"1";"64";"64130";"2";"1";"1";"2";"RD811";"43,34152000";" -1,75293000"
"202400023747";"27";"01";"2024";"12:15";"1";"11";"11379";"1";"1";"1";"2";"N/A";"43,03312900";"2,97368400"
"202400023748";"14";"04";"2024";"10:30";"1";"75";"75119";"2";"1";"1";"3";"AVENUE DE LA PORTE DE LA VILLETTE";"48,89896000";"2,38700300"
"202400023749";"14";"04";"2024";"19:20";"1";"75";"75115";"2";"2";"1";"6";"BOULEVARD DE GRENELLE";"48,85005400";"2,29516300"
"202400023750";"4";"09";"2024";"21:20";"5";"85";"85092";"2";"3";"1";"3";"Rue de la République";"46,46308000";" -0,79678500"
"202400023751";"14";"12";"2024";"08:45";"2";"62";"62540";"1";"1";"2";"3";"D301";"50,45276000";"2,56141000"
"202400023752";"27";"01";"2024";"10:10";"1";"974";"97408";"2";"1";"1";"2";"Rue Jean Robert";" -20,95973600";"55,32683200"
"202400023753";"14";"04";"2024";"14:26";"1";"75";"75112";"2";"1";"1";"6";"RUE JOSEPH KESSEL";"48,83408200";"2,38316100"
"202400023754";"19";"12";"2024";"16:40";"5";"62";"62041";"2";"1";"1";"6";"D266";"50,29734000";"2,75558000"
"202400023755";"4";"09";"2024";"17:30";"1";"27";"27412";"1";"6";"1";"3";"D313";"49,24665800";"1,09750600"
"202400023756";"26";"01";"2024";"11:00";"1";"77";"77315";"2";"3";"2";"6";"2 Rue du Docteur Roux";"48,88701300";"2,82774600"
"202400023757";"19";"12";"2024";"08:40";"1";"62";"62041";"2";"4";"3";"6";"D266";"50,29707000";"2,75417000"
"202400023758";"14";"04";"2024";"19:45";"1";"75";"75120";"2";"3";"1";"3";"RUE D AVRON";"48,85152100";"2,39953000"
"202400023759";"4";"09";"2024";"23:39";"5";"13";"13214";"1";"1";"2";"7";"A507 sens Marseille - Aubagne";"43,33030819";"5,38941647"
"202400023760";"27";"01";"2024";"11:15";"1";100;100140";"1";"1";"1";"6";"D5";"42,50526600";"9,28659100"
"202400023761";"12";"12";"2024";"14:58";"1";"61";"61169";"2";"1";"1";"6";"36 Rue Richard Lenoir";"48,74994400";" -0,57279000"
"202400023762";"14";"04";"2024";"11:00";"1";"75";"75118";"2";"2";"1";"3";"BOULEVARD ORNANO";"48,89754000";"2,34467300"
"202400023763";"27";"01";"2024";"09:45";"1";"13";"13081";"2";"1";"7";"3";"Boulevard Gustave Courbet";"43,49157200";"5,23364200"
"202400023764";"5";"09";"2024";"14:17";"1";"13";"13214";"1";"1";"1";"7";"A507 sens Aubagne- Marseille";"43,33436627";"5,38287188"
"202400023765";"19";"12";"2024";"08:05";"2";"61";"61001";"2";"6";"2";"3";"D112";"48,43888800";"0,08314200"
"202400023766";"14";"04";"2024";"16:45";"1";"75";"75110";"2";"2";"1";"6";"BOULEVARD DE MAGENTA";"48,87045600";"2,36112500"
"202400023767";"26";"01";"2024";"16:15";"1";"13";"13014";"1";"1";"1";"1";"D21B";"43,51305660";"5,12423587"
"202400023768";"16";"12";"2024";"07:50";"2";"60";"60159";"1";"1";"1";"6";"Avenue de la Faisanderie";"49,40090000";"2,82953000"
"202400023769";"5";"09";"2024";"07:30";"1";"13";"13215";"1";"1";"1";"4";"A7-Sens Marseille vers Lyon";"43,36643455";"5,36080529"
"202400023770";"13";"04";"2024";"23:35";"5";"75";"75110";"2";"3";"1";"3";"BOULEVARD DE MAGENTA";"48,87959100";"2,35332000"
"202400023771";"18";"12";"2024";"09:30";"1";"59";"59599";"2";"9";"1";"6";"Avenue de la Marne";"50,71192920";"3,15573690"
"202400023772";"26";"01";"2024";"15:20";"1";"13";"13100";"1";"1";"1";"3";"D30";"43,79368900";"4,85444400"
"202400023773";"4";"09";"2024";"07:20";"1";"13";"13071";"1";"1";"2";"2";"A55 - Sens Marseille vers Martigues";"43,37210124";"5,32036195"
"202400023774";"13";"04";"2024";"16:50";"1";"75";"75110";"2";"3";"1";"2";"RUE D ALSACE";"48,87927200";"2,35865600"