"Num_Acc";"jour";"mois";"an";"hrmn";"lum";"dep";"com";"agg";"int";"atm";"col";"adr";"lat";"long"
"202400023775";"5";"09";"2024";"19:30";"2";"69";"69290";"1";"1";"1";"2";"Autoroute 43 ";"45,70585899";"4,95929718"
"202400023776";"19";"12";"2024";"23:10";"5";"59";"59650";"2";"1";"1";"1";"VALLON (RUE)";"50,70501000";"3,22468000"
"202400023777";"27";"01";"2024";"06:27";"3";"03";"03201";"1";"1";"5";"7";"chez gaillard";"46,11816800";"3,63947900"
"202400023778";"14";"04";"2024";"08:18";"1";"75";"75107";"1";"2";"1";"3";"QUAI VOLTAIRE";"48,85954300";"2,32928200"
"202400023779";"25";"11";"2024";"12:15";"1";"59";"59350";"2";"2";"2";"3";"Rue Eugène Jacquet";"50,63722600";"3,08736100"
"202400023780";"5";"09";"2024";"09:00";"1";"67";"67482";"1";"1";"1";"4";"M351";"48,58611000";"7,72017000"
"202400023781";"14";"04";"2024";"05:35";"5";"75";"75107";"2";"1";"1";"6";"QUAI VOLTAIRE";"48,85884000";"2,33173000"
"202400023782";"27";"01";"2024";"10:55";"1";"86";"86024";"2";"1";"1";"7";"Rue de la Croix";"46,56773100";"0,20837400"
"202400023783";"5";"09";"2024";"07:00";"1";"33";"33550";"1";"1";"1";"4";"N/A";"44,77277100";" -0,55568900"
"202400023784";"19";"12";"2024";"23:50";"5";"56";"56260";"2";"6";"8";"3";"Giratoire de la France Libre";"47,65979000";" -2,78112000"
"202400023785";"26";"01";"2024";"14:30";"1";"72";"72154";"2";"6";"1";"3";"Rue des Éturcies";"47,70496000";" -0,08863100"
"202400023786";"13";"04";"2024";"13:50";"1";"75";"75107";"2";"1";"1";"6";"PONT ALEXANDRE III";"48,86345500";"2,31352200"
"202400023787";"2";"09";"2024";"05:30";"3";"62";"62766";"1";"1";"1";"2";" A16";"50,94490160";"2,09964570"
"202400023788";"5";"09";"2024";"21:30";"5";"91";"91479";"1";"1";"1";"3";"TUNNEL ORLY Y (PARAY VP) PK 2.6-3.6";"48,71872000";"2,37054000"
"202400023789";"26";"01";"2024";"15:45";"1";"13";"13211";"2";"1";"1";"2";"A50-Sens Marseille vers Aubagne";"43,28694543";"5,43567763"
"202400023790";"14";"04";"2024";"00:10";"5";"75";"75102";"2";"2";"1";"2";"PLACE DE L OPERA";"48,87069000";"2,33252300"
"202400023791";"5";"09";"2024";"14:00";"1";"91";"91228";"1";"1";"2";"3";"RN 104";"48,61775000";"2,42745000"
"202400023792";"19";"01";"2024";"14:40";"1";"69";"69256";"1";"1";"1";"2";"Rocade Est";"45,79701000";"4,93883000"
"202400023793";"13";"04";"2024";"19:30";"1";"75";"75102";"2";"1";"1";"6";"BOULEVARD POISSONNIERE";"48,87125000";"2,34451100"
"202400023794";"26";"01";"2024";"03:45";"3";"33";"33143";"1";"1";"1";"2";"N/A";"44,97560500";" -0,43343200"
"202400023795";"5";"09";"2024";"08:00";"1";"91";"91136";"1";"1";"3";"2";"AUTOROUTE A126";"48,71179000";"2,29116000"
"202400023796";"25";"01";"2024";"20:00";"5";"33";"33013";"1";"1";"1";"2";"N/A";"44,84531300";" -0,50196100"
"202400023797";"5";"09";"2024";"08:10";"2";"94";"94021";"1";"1";"3";"3";"A6A";"48,77028660";"2,34542494"
"202400023798";"14";"04";"2024";"18:20";"1";"94";"94078";"2";"3";"1";"2";"Rue de Paris / Rue Thimonnier";"48,75124671";"2,44531363"
"202400023799";"26";"01";"2024";"12:10";"1";"92";"92036";"1";"1";"1";"2";"RN315 W";"48,92727667";"2,30317029"
"202400023800";"5";"09";"2024";"10:30";"1";"92";"92047";"1";"1";"2";"2";"A13";"48,83231571";"2,15438418"
"202400023801";"14";"04";"2024";"14:00";"1";"94";"94065";"2";"1";"1";"6";"Avenue Lucien Grelinger";"48,75086900";"2,34643700"
"202400023802";"26";"01";"2024";"09:10";"1";"78";"78672";"1";"1";"8";"4";"A13";"48,92982900";"1,98424000"
"202400023803";"5";"09";"2024";"04:30";"3";"78";"78238";"1";"1";"3";"2";"A13";"48,97055600";"1,88496400"
"202400023804";"14";"04";"2024";"01:40";"3";"94";"94073";"2";"1";"1";"6";"Avenue du Luxembourg";"48,75720000";"2,37042000"
"202400023805";"26";"01";"2024";"07:50";"2";"92";"92036";"1";"1";"1";"3";"RN315 Y";"48,92813825";"2,30273773"
"202400023806";"5";"09";"2024";"17:45";"1";"95";"95582";"1";"1";"2";"6";"D170";"48,96269256";"2,26373794"
"202400023807";"14";"04";"2024";"12:55";"1";"94";"94028";"2";"1";"1";"2";"Avenue Victor Hugo";"48,77166129";"2,43013126"
"202400023808";"25";"01";"2024";"16:15";"1";"92";"92019";"1";"1";"1";"3";"RN385";"48,77621518";"2,23316898"
"202400023809";"25";"01";"2024";"14:30";"1";"92";"92050";"1";"1";"1";"6";"A14";"48,89509609";"2,22815045"
"202400023810";"14";"04";"2024";"18:22";"1";"93";"93059";"2";"2";"1";"1";"Avenue Émile Zola / Rue Toussaint Louverture";"48,94954632";"2,36487150"
"202400023811";"5";"09";"2024";"09:30";"1";"93";"93027";"1";"1";"3";"5";"AUTOROUTE A86";"48,92340632";"2,38338411"
"202400023812";"14";"04";"2024";"18:20";"1";"93";"93050";"2";"2";"1";"1";"Rue de l'Amiral Courbet / Rue Ledru Rollin";"48,85515000";"2,53323000"
"202400023813";"25";"01";"2024";"21:15";"3";"95";"95277";"1";"6";"1";"4";"D970";"48,99483122";"2,45187715"
"202400023814";"14";"04";"2024";"15:26";"1";"92";"92050";"2";"1";"1";"6";"REPUBLIQUE AVENUE DE LA";"48,90554726";"2,21004373"
"202400023815";"26";"01";"2024";"12:00";"1";"94";"94081";"1";"1";"1";"2";"A86";"48,77409948";"2,40494042"
"202400023816";"14";"04";"2024";"14:29";"1";"92";"92020";"2";"1";"1";"2";"VANVES BOULEVARD N° IMPAIRS";"48,80806514";"2,28447890"
"202400023817";"5";"09";"2024";"08:00";"1";"93";"93001";"1";"1";"3";"5";"AUTOROUTE A86";"48,92136190";"2,36821890"
"202400023818";"25";"01";"2024";"21:20";"3";"94";"94069";"1";"1";"2";"2";"A4";"48,81731613";"2,44009667"
"202400023819";"14";"04";"2024";"01:25";"5";"92";"92071";"2";"1";"1";"6";"CAMBERWELL (AVENUE DE)";"48,77895000";"2,29306000"
"202400023820";"14";"04";"2024";"20:35";"3";"51";"51001";"1";"1";"1";"6";"D81";"48,80816400";"4,51362100"
"202400023821";"5";"09";"2024";"08:50";"1";"93";"93007";"1";"1";"3";"2";"AUTOROUTE A1";"48,94605193";"2,44078471"
"202400023822";"25";"01";"2024";"01:05";"3";"77";"77175";"1";"1";"2";"4";"RN104";"48,66638900";"2,61291200"
"202400023823";"9";"04";"2024";"19:45";"2";"71";"71075";"2";"4";"1";"1";"Rue Principale";"46,59909600";"3,84427900"
"202400023824";"25";"01";"2024";"11:15";"1";"988";"98818";"2";"1";"1";"6";"N°1 RUE ROGER GERVOLINO";" -22,26706000";"166,46507000"
"202400023825";"4";"09";"2024";"07:30";"1";"92";"92036";"1";"1";"1";"3";"AUTOROUTE A15";"48,94722536";"2,28156680"
"202400023826";"25";"01";"2024";"07:00";"1";"976";"97611";"2";"1";"1";"6";"passamanty-Vahibé ( route )";" -12,79000000";"45,22346000"
"202400023827";"12";"04";"2024";"18:05";"1";"40";"40296";"2";"2";"1";"1";"Avenue des Chais";"43,70835700";" -1,42538500"
"202400023828";"25";"01";"2024";"14:55";"1";"972";"97213";"1";"6";"1";"7";"ROUTE NATIONALE 1";"14,61884000";" -61,00522000"
"202400023829";"14";"04";"2024";"18:00";"1";"57";"57177";"2";"9";"7";"3";"270 Rue Sai la Princ Alix Napoléon";"48,80601900";"6,71017300"
"202400023830";"30";"08";"2024";"09:52";"1";"93";"93053";"1";"1";"1";"3";"AUTOROUTE A3";"48,89707199";"2,46965129"
"202400023831";"23";"01";"2024";"18:20";"5";"972";"97209";"2";"2";"1";"5";"GENERAL DE GAULLE (BLD DU)";"14,60664000";" -61,06676000"
"202400023832";"14";"04";"2024";"17:50";"1";"83";"83086";"2";"1";"1";"4";"709 Route de Frejus";"43,47008352";"6,58098623"
"202400023833";"14";"04";"2024";"14:35";"1";"83";"83148";"1";"1";"1";"6";"3740 Route du Thoronet Rd 84";"43,42909398";"6,39195371"
"202400023834";"25";"01";"2024";"21:00";"5";"69";"69149";"2";"3";"1";"1";"Rue Stéphane Déchant";"45,72105418";"4,81113979"
"202400023835";"5";"09";"2024";"10:30";"1";"77";"77018";"1";"1";"2";"2";"A4";"48,84059400";"2,82124900"
"202400023836";"14";"04";"2024";"11:15";"1";"11";"11203";"1";"1";"1";"6";"D611";"43,23974000";"2,75878100"
"202400023837";"24";"01";"2024";"16:04";"1";100;100033";"2";"1";"1";"2";"VEZZANI - RUE CESAR";"42,69200000";"9,44920000"
"202400023838";"11";"04";"2024";"14:40";"1";"57";"57620";"1";"1";"1";"3";"A4";"49,19784944";"5,98284960"
"202400023839";"5";"09";"2024";"09:45";"1";"94";"94069";"1";"1";"2";"5";"A4";"48,81744084";"2,43118632"
"202400023840";"25";"01";"2024";"22:20";"5";"95";"95598";"2";"2";"8";"3";"D109P";"48,99268682";"2,29951858"
"202400023841";"14";"04";"2024";"14:45";"1";"86";"86202";"1";"1";"1";"1";"D83";"46,63485400";"0,73074100"
"202400023842";"4";"09";"2024";"08:30";"1";"94";"94017";"1";"1";"1";"3";"A4";"48,82945195";"2,48321604"
"202400023843";"15";"04";"2024";"02:30";"3";"71";"71081";"1";"1";"1";"6";"A6";"46,80843900";"4,82639900"
"202400023844";"25";"01";"2024";"13:50";"1";"95";"95598";"2";"2";"8";"1";"D144";"48,99310533";"2,30976351"
"202400023845";"5";"09";"2024";"07:37";"1";"988";"98818";"2";"3";"1";"6";"N°38 RUE TARAGNAT/RUE SYLVAIN GARGON";" -22,27520000";"166,45662000"
"202400023846";"24";"01";"2024";"20:05";"3";"91";"91021";"1";"1";"8";"6";"RN20";"48,58828000";"2,23542000"
"202400023847";"15";"04";"2024";"12:30";"1";"54";"54581";"1";"4";"7";"3";"D132";"49,12627113";"5,86112290"
"202400023848";"4";"09";"2024";"11:26";"1";"988";"98818";"2";"1";"1";"3";"ROUTE DE L'ANSE VATA";" -22,29584000";"166,44521000"
"202400023849";"24";"01";"2024";"20:30";"5";"91";"91347";"2";"1";"2";"2";"MONTLHERY (ROUTE DE)";"48,63473000";"2,28892000"
"202400023850";"15";"04";"2024";"15:25";"1";"41";"41172";"1";"2";"8";"3";"D924";"47,94501000";"1,32119200"
"202400023851";"4";"09";"2024";"07:50";"1";"974";"97416";"1";"9";"1";"3";"ENTRE DEUX (CHEMIN) CD26";" -21,30009000";"55,43531000"
"202400023852";"25";"01";"2024";"14:30";"1";"91";"91228";"2";"9";"1";"2";"BD DE L YERRES";"48,61935800";"2,42810400"
"202400023853";"14";"04";"2024";"16:50";"1";"57";"57235";"2";"1";"1";"7";"27 Rue de Metz";"49,27701206";"6,48802525"
"202400023854";"14";"04";"2024";"19:00";"1";"51";"51191";"1";"2";"1";"3";"D982";"49,14601300";"4,81795500"
"202400023855";"3";"09";"2024";"21:50";"5";"974";"97411";"2";"2";"1";"3";"LAGRANGE (RUE LEO)";" -20,90463000";"55,48162000"
"202400023856";"25";"01";"2024";"19:10";"5";"89";"89387";"2";"3";"1";"3";"VAUBAN (AVENUE)";"48,19800000";"3,27102000"
"202400023857";"3";"09";"2024";"21:30";"5";"972";"97209";"2";"9";"1";"2";"DIDIER (ROUTE DE)";"14,62503000";" -61,07897000"
"202400023858";"23";"01";"2024";"14:07";"1";"87";"87113";"1";"1";"1";"1";"ANGUERNAUD";"45,88316000";"1,30794000"
"202400023859";"15";"04";"2024";"15:25";"1";"80";"80024";"1";"1";"2";"1";"D12";"49,94442300";"2,25258900"
"202400023860";"4";"09";"2024";"08:31";"1";100;100037";"1";"6";"1";"3";"TOUTES RUES";"42,59500000";"9,43900000"
"202400023861";"23";"01";"2024";"13:16";"1";"87";"87085";"2";"3";"1";"3";"COMTE (RUE AUGUSTE)";"45,87791000";"1,27508000"
"202400023862";"14";"04";"2024";"10:25";"1";"69";"69012";"1";"1";"1";"4";"Route de Monsols";"46,17121300";"4,55800100"
"202400023863";"11";"04";"2024";"13:30";"1";"32";"32132";"2";"6";"1";"1";"Rue des Glycines";"43,83850500";"0,66188300"
"202400023864";"20";"01";"2024";"15:26";"1";"87";"87085";"2";"2";"1";"6";"GOUJAUD (QUAI LOUIS)";"45,82606000";"1,26791000"
"202400023865";"4";"09";"2024";"08:35";"1";101;101004";"2";"1";"1";"2";"15 Avenue Marechal Juin";"41,94028000";"8,74972000"
"202400023866";"13";"04";"2024";"02:10";"3";"71";"71073";"1";"1";"1";"2";"D906";"46,89720400";"4,76203700"
"202400023867";"24";"01";"2024";"05:00";"5";"83";"83123";"2";"1";"1";"2";"BUGE (CHEMIN DE LA) N° IMPAIRS";"43,12056312";"5,80819881"
"202400023868";"15";"04";"2024";"08:55";"1";"49";"49307";"1";"1";"7";"5";"N/A";"47,46527491";" -0,42081714"
"202400023869";"3";"09";"2024";"14:36";"1";"87";"87050";"1";"1";"3";"6";"RD947";"45,85662000";"1,24514000"
"202400023870";"25";"01";"2024";"06:30";"5";"82";"82033";"2";"1";"2";"2";"Route de Toulouse";"44,03454000";"1,11734000"
"202400023871";"14";"04";"2024";"10:30";"1";"46";"46128";"1";"1";"1";"7";"départementale 840";"44,78195300";"1,72933800"
"202400023872";"24";"01";"2024";"18:22";"5";"82";"82033";"2";"1";"1";"7";"Rue de l’Usine";"44,04913000";"1,10634000"
"202400023873";"14";"04";"2024";"22:10";"3";"46";"46214";"1";"1";"1";"6";"Route des Landes";"44,48716100";"1,31422900"
"202400023874";"4";"09";"2024";"16:55";"1";"85";"85191";"2";"2";"1";"1";"RD248";"46,66056000";" -1,41153300"
"202400023875";"13";"04";"2024";"10:10";"1";"47";"47251";"1";"1";"1";"7";"route de caubeyres";"44,28494400";"0,23212100"
"202400023876";"25";"01";"2024";"12:00";"1";"78";"78029";"2";"6";"1";"3";"AVENUE DE L'UNION";"48,95949000";"1,84067000"
"202400023877";"14";"04";"2024";"12:55";"1";"47";"47273";"1";"1";"1";"1";"lamouroux";"44,24749300";"0,78149400"
"202400023878";"4";"09";"2024";"19:00";"1";"84";"84007";"1";"4";"3";"6";"C.De GAULLE (Rocade)";"43,94703000";"4,84068000"
"202400023879";"12";"04";"2024";"10:45";"1";"29";"29189";"2";"9";"1";"6";"rue Jean Fournier";"48,36846600";" -4,37164300"
"202400023880";"4";"09";"2024";"17:00";"1";"84";"84007";"2";"1";"3";"6";"SAINT ROCH (BOULEVARD)";"43,95000000";"4,81667000"
"202400023881";"15";"04";"2024";"05:45";"2";"68";"68135";"1";"3";"1";"3";"route departemental 105";"47,57931200";"7,53117800"
"202400023882";"14";"04";"2024";"19:50";"1";"22";"22251";"1";"1";"2";"7";"Couépeur (Pordic)";"48,54640200";" -2,82497800"
"202400023883";"4";"09";"2024";"10:00";"1";"30";"30351";"2";"3";"1";"3";"AUGUSTE RENOIR (RUE)";"43,97078000";"4,77037000"
"202400023884";"13";"04";"2024";"20:00";"2";"44";"44025";"1";"1";"1";"3";"2 La Rabinais";"47,40759300";" -1,94827600"
"202400023885";"11";"04";"2024";"13:08";"1";"44";"44187";"1";"1";"1";"1";"la riverais";"47,20931400";" -2,10253500"
"202400023886";"4";"09";"2024";"07:45";"1";"80";"80261";"2";"1";"1";"3";"RUE DU FOND LAGACHE";"49,87349000";"2,27183000"
"202400023887";"29";"07";"2024";"17:35";"1";"21";"21210";"1";"1";"1";"6";"Autoroute A38";"47,27214700";"4,59199300"
"202400023888";"15";"04";"2024";"16:05";"1";"44";"44131";"2";"1";"1";"6";"14 Rue des Bougrenets";"47,11464800";" -2,13618200"
"202400023889";"4";"09";"2024";"17:30";"1";"78";"78168";"2";"1";"1";"2";"Route nationale 10";"48,73762000";"1,90816000"
"202400023890";"30";"07";"2024";"11:25";"1";"01";"01204";"1";"1";"1";"6";"Autoroute A40 - PK 114.700";"46,16219200";"5,65742300"
"202400023891";"14";"04";"2024";"23:50";"3";"35";"35223";"1";"1";"1";"2";"RN24  PR31";"48,01241533";" -2,06867248"
"202400023892";"25";"01";"2024";"11:35";"1";"77";"77053";"2";"1";"1";"6";"RUE DU GENERAL LECLERC";"48,69872000";"2,60394000"
"202400023893";"29";"08";"2024";"12:00";"1";"78";"78621";"1";"1";"1";"6";"CASTIGLIONE DEL LAGO (RUE)";"48,77866300";"1,99071300"
"202400023894";"14";"04";"2024";"16:50";"1";"29";"29135";"2";"1";"1";"6";"Rue du Général de Penfentenyo";"47,83075400";" -4,18239900"
"202400023895";"5";"09";"2024";"22:00";"5";"77";"77373";"2";"1";"1";"6";"AV DU DUC DE DANTZIG";"48,80780000";"2,61247000"
"202400023896";"29";"07";"2024";"16:20";"1";"42";"42242";"2";"1";"1";"1";"42 Route du 3 Juillet 1867";"45,54193500";"4,63509900"
"202400023897";"25";"01";"2024";"20:05";"5";"77";"77132";"2";"1";"2";"1";"Avenue Robert Schuman";"48,86971000";"2,79444000"
"202400023898";"4";"09";"2024";"03:35";"5";"74";"74012";"2";"1";"2";"7";"VALLEES (ROUTE DES)";"46,19148000";"6,25055000"
"202400023899";"30";"07";"2024";"05:15";"3";"30";"30041";"1";"1";"1";"7";"N/A";"43,97537200";"4,40091000"
"202400023900";"14";"04";"2024";"14:40";"1";"31";"31471";"2";"3";"1";"3";"avenue de la brèche romaine. (Lez)";"42,91130700";"0,69593700"
"202400023901";"25";"01";"2024";"08:15";"1";"77";"77464";"2";"1";"8";"6";"CLAYE  (RUE DE  )";"48,88385000";"2,70751000"
"202400023902";"14";"04";"2024";"17:55";"2";"31";"31280";"1";"1";"1";"7";"D25";"43,23272400";"1,29818100"
"202400023903";"4";"09";"2024";"08:50";"1";"72";"72181";"2";"2";"7";"6";"MAC JEAN (AV) N° IMP 107 ET plus";"47,97907000";"0,22511000"
"202400023904";"26";"07";"2024";"17:55";"1";"62";"62280";"2";"4";"1";"1";"chemin de servain";"50,24518000";"3,00351000"
"202400023905";"14";"04";"2024";"17:20";"1";"02";"02636";"1";"1";"1";"7";"D13";"49,83470000";"3,44150000"
"202400023906";"24";"01";"2024";"18:25";"2";"76";"76351";"2";"3";"1";"6";"FRANCOIS 1ER (BD)";"49,49237000";"0,09861000"
"202400023907";"3";"09";"2024";"10:01";"1";"72";"72095";"2";"1";"1";"6";"SAINT GERMAIN (BD)";"48,02547000";"0,20160000"
"202400023908";"15";"04";"2024";"08:00";"1";"02";"02153";"1";"4";"1";"1";"D558";"49,55201300";"3,49712800"
"202400023909";"2";"09";"2024";"18:05";"1";"72";"72181";"1";"9";"1";"2";"RUAUDIN (RUE) N° PAIRS 264 ET >";"47,96993625";"0,23352452"
"202400023910";"24";"01";"2024";"18:45";"5";"72";"72181";"2";"3";"2";"3";"MALTE (RUE DE)";"47,99532000";"0,22513000"
"202400023911";"12";"04";"2024";"17:30";"1";"84";"84020";"1";"1";"1";"7";"RD 943";"43,82415500";"5,35680100"
"202400023912";"12";"04";"2024";"13:00";"1";"15";"15138";"1";"1";"1";"6";"RD 3";"45,13169100";"2,84058800"
"202400023913";"30";"07";"2024";"14:10";"1";"41";"41181";"1";"1";"1";"1";"A85";"47,29324832";"1,27225142"
"202400023914";"24";"01";"2024";"16:30";"1";"72";"72095";"2";"9";"2";"3";"SAINT MICHEL (BD)";"48,02307000";"0,20153000"
"202400023915";"13";"04";"2024";"20:20";"1";"15";"15033";"1";"1";"1";"6";"RD 57";"44,96718900";"2,86411600"
"202400023916";"4";"09";"2024";"15:30";"1";"71";"71270";"2";"4";"8";"3";"PARC (ALLEE DU)";"46,32127000";"4,84495000"
"202400023917";"30";"07";"2024";"16:35";"1";"65";"65388";"1";"1";"1";"3";"D929";"42,79877000";"0,29495700"
"202400023918";"24";"01";"2024";"15:40";"1";"71";"71475";"2";"1";"1";"6";"LYON (ROUTE DE )";"46,76758000";"4,84335000"
"202400023919";"14";"04";"2024";"20:47";"3";"26";"26229";"1";"1";"1";"7";"route departementale 5";"44,24889600";"5,24165900"
"202400023920";"4";"09";"2024";"20:00";"5";"69";"69275";"2";"2";"2";"3";"Avenue Edouard Herriot";"45,77219000";"4,96186000"
"202400023921";"13";"04";"2024";"18:00";"1";"26";"26146";"1";"3";"1";"3";"D541";"44,42261900";"4,87748400"
"202400023922";"24";"01";"2024";"07:35";"2";"71";"71076";"2";"9";"1";"2";"LARDY (AVENUE PIERRE)";"46,79242000";"4,85918400"
"202400023923";"29";"07";"2024";"15:25";"1";"71";"71310";"1";"1";"1";"4";"RN 70";"46,74250526";"4,48660799"
"202400023924";"3";"09";"2024";"20:20";"5";"67";"67447";"2";"1";"1";"6";"ADELSHOFFEN (RUE D )";"48,60742000";"7,75768000"
"202400023925";"14";"04";"2024";"17:00";"1";"26";"26183";"1";"1";"1";"1";"Route du Diois";"44,69827074";"5,13207436"
"202400023926";"30";"07";"2024";"11:10";"1";"71";"71377";"1";"1";"1";"7";"D182";"46,55132400";"4,81404500"
"202400023927";"24";"01";"2024";"16:20";"1";"69";"69259";"2";"3";"1";"3";"Rue Honoré de Balzac";"45,71774000";"4,85477000"
"202400023928";"13";"04";"2024";"13:50";"1";"14";"14174";"2";"1";"1";"7";"6 Rue Saint-Pierre";"48,84914900";" -0,54887100"
"202400023929";"4";"09";"2024";"17:25";"1";"64";"64129";"2";"1";"1";"2";"JEAN MERMOZ";"43,31931000";" -0,37874000"
"202400023930";"5";"01";"2024";"10:55";"1";"68";"68166";"2";"1";"1";"1";"Rue des Chalets";"47,79111600";"7,32706500"
"202400023931";"15";"04";"2024";"11:35";"1";"07";"07155";"1";"1";"1";"1";"route d'ailhon D235";"44,61795300";"4,33950600"
"202400023932";"4";"09";"2024";"11:35";"1";"64";"64445";"2";"1";"3";"6";"MICHELET";"43,30050000";" -0,37722000"
"202400023933";"14";"04";"2024";"02:40";"3";"40";"40135";"1";"1";"1";"7";"D651";"44,10947000";" -0,55329700"
"202400023934";"30";"07";"2024";"15:50";"1";"55";"55573";"2";"3";"7";"3";"intersection entre la D964 et la D10";"48,68431700";"5,62122300"
"202400023935";"5";"01";"2024";"12:30";"1";"68";"68166";"2";"6";"1";"2";"Rue Claude Debussy";"47,79434100";"7,32407100"
"202400023936";"14";"04";"2024";"18:40";"1";"28";"28407";"1";"1";"1";"6";"La Cave";"48,25970200";"0,89739700"
"202400023937";"3";"09";"2024";"13:20";"1";"64";"64445";"2";"1";"2";"3";"ALSACE LORRAINE D'";"43,30444000";" -0,36739000"
"202400023938";"28";"07";"2024";"18:50";"1";"42";"42154";"1";"1";"1";"6";"Route de Balbigny";"45,84141700";"4,23613100"
"202400023939";"25";"01";"2024";"19:30";"5";"67";"67482";"2";"3";"8";"3";"PREMIERE ARMEE (RUE DE LA)";"48,57723800";"7,75182100"
"202400023940";"15";"04";"2024";"16:00";"1";"87";"87073";"1";"1";"1";"7";"Le Mas Buisson";"45,74187600";"1,01037200"
"202400023941";"2";"09";"2024";"17:35";"1";"64";"64125";"2";"1";"1";"1";"BAYONNE (AVENUE DE)";"43,44965000";" -1,56940000"
"202400023942";"29";"07";"2024";"17:30";"1";"86";"86161";"1";"1";"1";"6";"Rue Duguesclin";"46,89113300";"0,00080500"
"202400023943";"15";"04";"2024";"15:05";"1";"87";"87199";"1";"1";"1";"1";"Maison neuve";"45,78257900";"0,83942400"
"202400023944";"25";"01";"2024";"18:30";"2";"67";"67482";"2";"3";"1";"3";"PALERME (RUE DE)";"48,57570000";"7,76378000"
"202400023945";"15";"04";"2024";"12:50";"1";"48";"48061";"2";"1";"1";"6";"45 Avenue du 8 Mai 1945";"44,33332500";"3,58542900"
"202400023946";"3";"09";"2024";"07:20";"1";"64";"64024";"2";"1";"2";"2";"ALLEES MARINES (AVENUE DES)";"43,49702000";" -1,50743000"
"202400023947";"25";"01";"2024";"08:45";"1";"67";"67482";"2";"1";"2";"3";"DANUBE (PONT DU)";"48,57354000";"7,77116000"
"202400023948";"30";"07";"2024";"08:00";"1";"86";"86082";"1";"2";"1";"3";"D158";"46,29301500";"0,23419900"
"202400023949";"30";"08";"2024";"17:59";"1";"60";"60057";"2";"1";"1";"6";"Rue de Clermont";"49,43210929";"2,10617995"
"202400023950";"9";"04";"2024";"06:25";"2";"10";"10084";"1";"1";"1";"3";"A26";"48,39900000";"4,15070000"
"202400023951";"25";"01";"2024";"17:00";"1";"66";"66136";"2";"1";"1";"6";"Avenue de la SALANQUE";"42,72364000";"2,89023000"
"202400023952";"11";"05";"2024";"11:00";"1";"34";"34139";"1";"1";"1";"1";"D15";"43,42638500";"3,24830500"
"202400023953";"4";"09";"2024";"17:52";"1";"59";"59426";"2";"1";"1";"6";"Rue de Tourcoing";"50,75106800";"3,15241900"
"202400023954";"4";"09";"2024";"15:30";"1";"57";"57463";"2";"1";"1";"6";"EUROPE (BOULEVARD DE L' )";"49,11833000";"6,19839000"
"202400023955";"25";"01";"2024";"15:30";"1";"66";"66136";"2";"1";"1";"3";"Cours Lazare ESCARGUEL";"42,69828000";"2,88732000"
"202400023956";"15";"04";"2024";"06:40";"3";"44";"44003";"1";"1";"1";"2";"N/A";"47,39666552";" -1,21098071"
"202400023957";"4";"09";"2024";"07:45";"1";"56";"56260";"2";"9";"1";"3";"Place de la Libération";"47,65854500";" -2,76412130"
"202400023958";"29";"07";"2024";"16:20";"1";"34";"34252";"1";"3";"1";"1";"D922";"43,65568600";"3,10980700"
"202400023959";"14";"04";"2024";"02:20";"5";"987";"98715";"2";"1";"1";"6";"route RDO";" -17,58400000";" -149,56000000"
"202400023960";"24";"01";"2024";"18:25";"5";"66";"66136";"2";"3";"1";"5";"Avenue Maréchal JUIN";"42,68766000";"2,89959000"
"202400023961";"29";"07";"2024";"23:50";"4";"68";"68258";"2";"6";"1";"6";"9 Rue de Lorraine";"47,84188300";"7,31110100"
"202400023962";"4";"09";"2024";"18:44";"1";"54";"54321";"2";"2";"1";"6";"Avenue Bogdan Politanski";"49,53595065";"5,80354929"
"202400023963";"30";"07";"2024";"02:00";"3";"25";"25514";"1";"1";"1";"6";"D9";"46,77448000";"6,32896200"
"202400023964";"3";"09";"2024";"18:10";"1";"51";"51454";"2";"1";"2";"3";"CHANZY (RUE)";"49,25137700";"4,03397700"
"202400023965";"14";"04";"2024";"18:05";"1";"38";"38401";"1";"1";"1";"4";"A43";"45,56055600";"5,41658200"
"202400023966";"30";"07";"2024";"20:20";"1";"25";"25578";"2";"1";"1";"6";"Rue de l'Hôtel de Ville";"47,15158900";"6,35208200"
"202400023967";"14";"04";"2024";"00:35";"3";"38";"38053";"1";"1";"1";"6";"A43";"45,60095057";"5,26829228"
"202400023968";"25";"01";"2024";"13:20";"1";"64";"64102";"2";"1";"1";"4";"SAINT BERNARD (CHEMIN DE)";"43,50277000";" -1,48392000"
"202400023969";"3";"09";"2024";"10:20";"1";"51";"51454";"2";"1";"1";"3";"VASNIER (BOULEVARD HENRI) COTE IMPAIR";"49,24395000";"4,04985000"
"202400023970";"25";"01";"2024";"00:20";"5";"64";"64024";"2";"6";"1";"7";"CADRAN (ALLEE)";"43,48373000";" -1,50232000"
"202400023971";"12";"04";"2024";"17:25";"2";"987";"98712";"1";"6";"1";"6";"Rond point hotel LE TAHITI";" -17,51902286";" -149,50754285"
"202400023972";"3";"09";"2024";"17:55";"1";"50";"50147";"2";"1";"1";"3";"DIVISION LECLERC";"49,06549000";" -1,43223000"
"202400023973";"29";"07";"2024";"21:00";"1";"29";"29031";"1";"4";"1";"3";"Lieu Dit Keranna";"47,80516396";" -3,57995265"
"202400023974";"28";"07";"2024";"15:25";"1";"29";"29155";"1";"1";"1";"7";"Kermein";"48,45678000";" -5,08880200"
"202400023975";"24";"01";"2024";"07:20";"5";"64";"64102";"2";"1";"1";"3";"PONT SAINT FREDERIC";"43,48744222";" -1,46185967"
"202400023976";"3";"09";"2024";"18:22";"1";"49";"49353";"1";"1";"1";"3";"REPUBLIQUE AVENUE";"47,44610000";" -0,49640000"
"202400023977";"14";"04";"2024";"21:20";"4";"973";"97308";"1";"1";"1";"1";"RN2 PK 162";"3,89250674";" -51,80679560"
"202400023978";"3";"09";"2024";"09:30";"1";"49";"49007";"2";"1";"1";"6";"MARIANNE BOULEVARD";"47,45218000";" -0,52534000"
"202400023979";"25";"01";"2024";"20:40";"5";"62";"62570";"2";"6";"2";"3";"Avenue de Flöha";"50,40647000";"2,86116000"
"202400023980";"14";"04";"2024";"17:50";"1";"77";"77476";"1";"1";"1";"7";"D401";"49,04129300";"2,95615900"
"202400023981";"4";"09";"2024";"10:20";"1";"45";"45234";"2";"1";"1";"2";"136 Boulevard de Châteaudun";"47,91426300";"1,89648000"
"202400023982";"30";"07";"2024";"19:35";"1";"03";"03052";"1";"3";"1";"3";"Rue du Cheroux";"46,34313800";"2,69963100"
"202400023983";"24";"01";"2024";"20:20";"5";"62";"62523";"2";"1";"1";"3";"Rue Emile Basly";"50,43692000";"2,86738000"
"202400023984";"14";"04";"2024";"17:00";"1";"91";"91184";"1";"1";"1";"5";"D449";"48,42554800";"2,37256400"
"202400023985";"29";"07";"2024";"09:15";"1";"15";"15127";"1";"1";"1";"6";"RN 122";"45,20154400";"3,09108500"
"202400023986";"26";"08";"2024";"19:50";"1";"42";"42218";"2";"1";"1";"3";"Rue Jean Huss";"45,44538000";"4,41721000"
"202400023987";"25";"01";"2024";"09:10";"1";"59";"59350";"2";"1";"8";"6";"Boulevard Louis XIV";"50,62869000";"3,07247000"
"202400023988";"24";"01";"2024";"20:30";"5";"59";"59183";"2";"1";"1";"6";"MER - AVENUE";"51,04897500";"2,40168000"
"202400023989";"4";"09";"2024";"20:30";"2";"35";"35278";"2";"1";"8";"6";"ROUTE DE SAINT-MALO";"48,13605000";" -1,69335000"
"202400023990";"14";"04";"2024";"22:15";"5";"83";"83115";"2";"3";"1";"3";"Av du Croiseur Leger le Malin";"43,34109800";"6,68041700"
"202400023991";"26";"07";"2024";"07:34";"1";"70";"70509";"1";"3";"1";"2";"D67";"47,33275600";"5,71905800"
"202400023992";"24";"01";"2024";"17:20";"2";"59";"59178";"2";"1";"1";"6";"CARNOT (PLACE)";"50,37207000";"3,08620000"
"202400023993";"4";"09";"2024";"16:10";"1";"35";"35238";"2";"1";"1";"6";"BULGARIE (BD DE)";"48,08458000";" -1,65872000"
"202400023994";"23";"01";"2024";"08:25";"1";"59";"59165";"2";"1";"1";"6";"ROBESPIERRE (RUE MAXIMILIEN)";"50,38324000";"3,05521000"
"202400023995";"29";"07";"2024";"21:30";"2";"54";"54416";"1";"1";"1";"7";"RD48";"48,93014055";"5,78827143"
"202400023996";"14";"04";"2024";"18:10";"1";"71";"71513";"2";"2";"1";"3";"Rue du Treuil";"46,39615200";"4,86145000"
"202400023997";"24";"01";"2024";"21:03";"5";"56";"56121";"2";"6";"1";"3";"GAULLE ( AVE DU GENERAL DE )";"47,74132000";" -3,37318000"
"202400023998";"13";"04";"2024";"18:15";"1";"73";"73262";"1";"3";"1";"1";"D1212";"45,80047300";"6,49319400"
"202400023999";"4";"09";"2024";"21:40";"5";"13";"13206";"2";"2";"2";"3";"PIERRE PUGET (COURS)";"43,28998000";"5,37259000"
"202400024000";"24";"01";"2024";"17:40";"2";"54";"54578";"2";"3";"1";"6";"Rue des 3 Epis";"48,67536503";"6,16303235"
"202400024001";"14";"04";"2024";"09:55";"1";"42";"42005";"2";"1";"7";"3";"Chemin de Pre Grand";"45,53097469";"4,26336184"
"202400024002";"28";"07";"2024";"12:35";"1";"06";"06079";"2";"1";"1";"4";"1256 Avenue de Fréjus";"43,53024700";"6,92863200"
"202400024003";"4";"09";"2024";"15:25";"1";"13";"13202";"2";"9";"3";"6";"JOLIETTE (PLACE DE LA)";"43,30588000";"5,36644000"
"202400024004";"24";"01";"2024";"18:10";"5";"54";"54328";"2";"3";"2";"3";"route de mirecourt";"48,61585000";"6,17633000"
"202400024005";"14";"04";"2024";"17:30";"1";"07";"07077";"1";"1";"1";"1";"D224";"44,65518255";"4,52381935"
"202400024006";"29";"07";"2024";"16:17";"1";"14";"14431";"1";"1";"1";"7";"Route du Long Moté";"49,06770200";" -0,12083900"
"202400024007";"1";"09";"2024";"11:15";"1";"13";"13005";"2";"1";"1";"3";"RN 96 (ROUTE NATIONALE )";"43,30492000";"5,57150000"
"202400024008";"25";"01";"2024";"18:55";"5";"51";"51454";"2";"1";"2";"6";"MARS (RUE)";"49,25919000";"4,03168000"
"202400024009";"28";"07";"2024";"11:30";"1";"05";"05068";"2";"1";"1";"7";"D211";"44,50651051";"6,11104050"
"202400024010";"15";"04";"2024";"16:35";"1";"87";"87062";"1";"3";"1";"1";"route de limoges,";"45,78277910";"1,48041370"
"202400024011";"3";"09";"2024";"18:40";"1";"11";"11069";"2";"2";"1";"5";"73 Avenue du Général Leclerc";"43,20920000";"2,36819000"
"202400024012";"24";"01";"2024";"16:20";"1";"49";"49328";"2";"3";"1";"3";"FRICOTELLE (RUE)";"47,24654000";" -0,07571000"
"202400024013";"23";"07";"2024";"13:00";"1";"64";"64160";"1";"9";"1";"6";"ZI ERROBI";"43,35188000";" -1,41745100"
"202400024014";"4";"04";"2024";"12:25";"1";"17";"17476";"1";"2";"1";"3";"D154";"45,37254000";" -0,44078900"
"202400024015";"3";"09";"2024";"13:24";"1";"10";"10387";"2";"1";"8";"1";"Rue Etienne Pedron";"48,30686000";"4,07672000"
"202400024016";"29";"07";"2024";"22:24";"3";"64";"64502";"1";"1";"1";"1";"2785 Chemin de Halage";"43,54659600";" -1,18919000"
"202400024017";"25";"01";"2024";"17:20";"1";"47";"47323";"2";"3";"1";"3";"PRUNE (RUE DE LA)";"44,40797483";"0,72241930"
"202400024018";"14";"04";"2024";"11:05";"1";"85";"85119";"2";"1";"1";"7";"RD37";"46,96627200";" -1,11757500"
"202400024019";"3";"09";"2024";"07:43";"1";"10";"10321";"2";"1";"1";"6";"Rue Jules Cuisin";"48,28552000";"4,02118000"
"202400024020";"25";"01";"2024";"21:00";"5";"47";"47031";"2";"6";"1";"3";"LACAPELETTE";"44,17993434";"0,62592560"
"202400024021";"14";"04";"2024";"18:35";"1";"35";"35052";"1";"3";"1";"3";"Chemin de Rennes";"48,14878000";" -1,32357400"
"202400024022";"4";"09";"2024";"14:30";"1";"05";"05061";"1";"3";"2";"3";"Route de Grenoble";"44,58947000";"6,08036000"
"202400024023";"25";"01";"2024";"09:15";"1";"47";"47001";"2";"2";"1";"1";"LIBERTE (BOULEVARD DE LA)";"44,19541092";"0,61700946"
"202400024024";"30";"07";"2024";"15:30";"1";"07";"07288";"1";"1";"7";"6";"RD 104";"44,72407022";"4,51670381"
"202400024025";"14";"04";"2024";"16:00";"1";"76";"76727";"1";"3";"1";"3";"Route d'Aizier";"49,47203200";"0,67601900"
"202400024026";"4";"09";"2024";"09:28";"1";"75";"75116";"2";"1";"1";"3";"BOULEVARD PERIPHERIQUE INTERIEUR OUEST";"48,86978400";"2,27168400"
"202400024027";"25";"01";"2024";"12:30";"1";"45";"45234";"2";"2";"1";"3";"D14 PR 8 + 558";"47,84623700";"1,94092900"
"202400024028";"13";"04";"2024";"14:45";"1";"59";"59323";"1";"1";"1";"6";"D129";"50,29860700";"3,64164400"
"202400024029";"29";"07";"2024";"09:36";"1";"04";"04172";"1";"3";"1";"3";"Intersection D952/D56";"43,84401400";"6,16137700"
"202400024030";"3";"09";"2024";"17:30";"1";"75";"75114";"2";"1";"1";"6";"AVENUE PAUL APPELL";"48,82153700";"2,32795500"
"202400024031";"24";"01";"2024";"07:55";"1";"38";"38053";"2";"1";"1";"2";"Boulevard F. et I. Joliot Curie";"45,58875000";"5,26232000"
"202400024032";"14";"04";"2024";"07:50";"1";"13";"13005";"1";"1";"1";"2";"A50-Sens Aubagne vers Marseille";"43,28747218";"5,54349383"
"202400024033";"30";"07";"2024";"18:00";"1";"85";"85172";"1";"3";"7";"1";"RD 59";"46,80368400";" -1,98226500"