"Num_Acc";"jour";"mois";"an";"hrmn";"lum";"dep";"com";"agg";"int";"atm";"col";"adr";"lat";"long"
"202400024034";"25";"01";"2024";"17:25";"1";"35";"35051";"2";"1";"1";"6";"CHALOTAIS (RUE DE LA)";"48,12453000";" -1,60055000"
"202400024035";"4";"09";"2024";"09:55";"1";"75";"75106";"2";"7";"1";"6";"RUE DE RENNES";"48,84417000";"2,32415400"
"202400024036";"29";"07";"2024";"18:35";"1";"85";"85031";"1";"1";"1";"4";"RD79";"46,80472100";" -0,93241400"
"202400024037";"14";"04";"2024";"00:30";"3";"13";"13056";"1";"1";"1";"2";"A55-Sens Martigues vers Marseille";"43,40603496";"5,03921825"
"202400024038";"25";"01";"2024";"12:20";"1";"35";"35206";"1";"1";"1";"6";"PORTE DE BREQUIGNY";"48,07952000";" -1,68503000"
"202400024039";"3";"09";"2024";"15:45";"1";"75";"75106";"2";"1";"1";"6";"QUAI MALAQUAIS";"48,85801800";"2,33429400"
"202400024040";"25";"01";"2024";"06:00";"3";"35";"35238";"1";"1";"8";"7";"TESGUES (LIEU-DIT)";"48,13388000";" -1,71473000"
"202400024041";"25";"01";"2024";"08:00";"1";"34";"34172";"2";"1";"1";"6";"VANIERES (AVENUE DE)";"43,59658000";"3,84506000"
"202400024042";"4";"09";"2024";"18:15";"1";"75";"75119";"2";"1";"1";"6";"AVENUE JEAN JAURES";"48,88891700";"2,39337900"
"202400024043";"29";"07";"2024";"07:25";"2";"27";"27340";"1";"3";"1";"4";"Route Departementale 313";"49,36717400";"0,81428600"
"202400024044";"12";"04";"2024";"17:00";"1";"13";"13214";"1";"1";"1";"5";"A7-Sens Marseille vers Lyon";"43,33000000";"5,37700000"
"202400024045";"4";"09";"2024";"09:15";"1";"75";"75117";"2";"1";"1";"7";"BOULEVARD GOUVION SAINT CYR";"48,87849200";"2,28438000"
"202400024046";"29";"07";"2024";"22:00";"3";"28";"28331";"1";"1";"1";"1";"La Touche";"48,38632200";"1,00110200"
"202400024047";"20";"01";"2024";"18:00";"5";"33";"33039";"2";"2";"1";"2";"Rue Alexis Labro";"44,79244082";" -0,56111544"
"202400024048";"13";"04";"2024";"01:55";"3";"69";"69199";"1";"1";"1";"2";"Autoroute 7";"45,68819000";"4,84628000"
"202400024049";"2";"09";"2024";"21:45";"5";"75";"75116";"2";"1";"1";"3";"RUE CLAUDE TERRASSE";"48,83903600";"2,26265100"
"202400024050";"14";"07";"2024";"23:45";"4";"28";"28099";"1";"4";"1";"1";"D923";"48,44142300";"1,21008400"
"202400024051";"13";"04";"2024";"16:20";"1";"67";"67482";"1";"1";"1";"2";"M351";"48,58731000";"7,71236000"
"202400024052";"2";"09";"2024";"10:50";"1";"75";"75115";"2";"1";"1";"3";"RUE DE LA CONVENTION";"48,84137400";"2,28729600"
"202400024053";"14";"04";"2024";"20:10";"3";"91";"91521";"1";"1";"1";"7";"RN 104";"48,62654400";"2,39843200"
"202400024054";"29";"07";"2024";"12:30";"1";"48";"48045";"1";"1";"1";"6";"N88";"44,65876300";"3,75002900"
"202400024055";"22";"01";"2024";"20:25";"5";"30";"30189";"2";"1";"1";"7";"Avenue Georges Dayan";"43,82210000";"4,34540000"
"202400024056";"14";"04";"2024";"17:35";"1";"93";"93027";"1";"1";"1";"6";"A86";"48,92568108";"2,39637584"
"202400024057";"4";"09";"2024";"15:30";"1";"75";"75111";"2";"1";"1";"6";"RUE PELEE";"48,85979000";"2,37014600"
"202400024058";"14";"04";"2024";"17:00";"1";"95";"95582";"1";"1";"1";"6";"A15";"48,96346787";"2,26421667"
"202400024059";"25";"01";"2024";"07:50";"2";"29";"29019";"2";"6";"2";"3";"rond-point des Grèbes";"48,38910900";" -4,45826900"
"202400024060";"30";"07";"2024";"08:45";"1";"13";"13091";"1";"3";"1";"2";"D7n PK 45+500";"43,62615900";"5,29204700"
"202400024061";"4";"09";"2024";"14:00";"1";"75";"75111";"2";"2";"1";"6";"AVENUE DE LA REPUBLIQUE";"48,86609500";"2,37017600"
"202400024062";"25";"01";"2024";"07:55";"2";"29";"29019";"2";"9";"2";"1";"rue de la Villeneuve";"48,40810700";" -4,46830600"
"202400024063";"14";"04";"2024";"10:10";"1";"95";"95241";"1";"1";"1";"5";"N104";"49,04625460";"2,45395412"
"202400024064";"4";"09";"2024";"19:15";"1";"75";"75110";"2";"1";"1";"1";"RUE LA FAYETTE";"48,88224900";"2,36820800"
"202400024065";"14";"04";"2024";"02:15";"3";"93";"93027";"1";"1";"1";"6";"A86";"48,92794603";"2,41113961"
"202400024066";"24";"01";"2024";"10:00";"1";"29";"29019";"2";"1";"1";"1";"boulevard Montaigne";"48,40085500";" -4,48443200"
"202400024067";"4";"09";"2024";"10:00";"1";"75";"75110";"2";"2";"1";"6";"RUE CAIL";"48,88283500";"2,35935500"
"202400024068";"13";"04";"2024";"14:15";"1";"93";"93066";"1";"1";"1";"3";"A86";"48,92247728";"2,35626225"
"202400024069";"4";"09";"2024";"11:10";"1";"75";"75108";"2";"3";"1";"3";"AVENUE DES CHAMPS ELYSEES";"48,87307600";"2,29723600"
"202400024070";"14";"04";"2024";"05:35";"5";"94";"94004";"1";"1";"1";"2";"N19";"48,75271809";"2,51268268"
"202400024071";"4";"09";"2024";"09:10";"1";"75";"75107";"2";"1";"1";"7";"QUAI D ORSAY";"48,86288000";"2,31594100"
"202400024072";"20";"01";"2024";"16:25";"1";"19";"19031";"2";"2";"9";"6";"THIBAUD (RUE JACQUES)";"45,16053000";"1,50328000"
"202400024073";"17";"01";"2024";"22:25";"5";"19";"19031";"2";"1";"2";"6";"COMTE (RUE ERNEST)";"45,15579000";"1,48240000"
"202400024074";"4";"09";"2024";"06:25";"2";"75";"75113";"2";"1";"1";"1";"BOULEVARD DE L HOPITAL";"48,84299069";"2,36421168"
"202400024075";"13";"04";"2024";"16:15";"1";"77";"77083";"1";"1";"1";"3";"A4";"48,83440389";"2,58740902"
"202400024076";"17";"01";"2024";"13:20";"1";"19";"19031";"2";"3";"2";"3";"POMPIDOU (AVENUE GEORGES)";"45,15806421";"1,55478217"
"202400024077";"30";"07";"2024";"07:58";"1";"45";"45317";"1";"1";"1";"2";"A10 PR 122 + 538";"47,78455700";"1,59725500"
"202400024078";"4";"09";"2024";"07:54";"1";"94";"94017";"2";"9";"1";"3";"Avenue du Général Galliéni";"48,81987971";"2,48243684"
"202400024079";"12";"04";"2024";"17:00";"1";"94";"94028";"1";"1";"1";"2";"A86";"48,77604351";"2,42843614"
"202400024080";"29";"07";"2024";"23:05";"3";"38";"38509";"1";"1";"1";"6";"A43";"45,56057389";"5,44214502"
"202400024081";"4";"09";"2024";"13:20";"1";"94";"94041";"2";"7";"1";"2";"Place de la République";"48,81132921";"2,38401183"
"202400024082";"13";"04";"2024";"04:35";"5";"974";"97416";"2";"1";"1";"3";"BANK (BOULEVARD)";" -21,33216000";"55,47907000"
"202400024083";"25";"01";"2024";"10:32";"1";"13";"13210";"2";"2";"1";"3";"RABATAU (BOULEVARD)";"43,27000000";"5,40000000"
"202400024084";"2";"09";"2024";"16:10";"1";"94";"94028";"2";"1";"1";"2";"Av du Mal de Lattre de Tassigny";"48,80047324";"2,45101640"
"202400024085";"13";"04";"2024";"18:00";"1";"69";"69383";"2";"2";"1";"2";"Cours Gambetta";"45,75532000";"4,84298000"
"202400024086";"27";"07";"2024";"12:30";"1";"13";"13067";"1";"1";"1";"3";"Autoroute A7, pk 215, sens nord/sud";"43,78881700";"5,04547100"
"202400024087";"13";"04";"2024";"01:45";"5";"69";"69382";"2";"1";"1";"1";"Pont Galliéni";"45,74842000";"4,83180000"
"202400024088";"29";"07";"2024";"19:34";"1";"45";"45265";"1";"1";"1";"7";"A6 PR 98 + 242";"48,12594000";"2,96635700"
"202400024089";"4";"09";"2024";"21:00";"5";"94";"94046";"2";"2";"1";"3";"Rue de Colmar";"48,79340700";"2,43659300"
"202400024090";"25";"01";"2024";"10:00";"1";"13";"13208";"2";"1";"1";"2";"PARADIS (RUE)";"43,27483728";"5,38465610"
"202400024091";"3";"09";"2024";"19:06";"1";"94";"94071";"2";"1";"8";"6";"Avenue Charles de Gaulle";"48,76472231";"2,53470191"
"202400024092";"28";"07";"2024";"20:20";"1";"33";"33005";"2";"1";"1";"6";"N/A";"44,74377300";" -1,11208700"
"202400024093";"12";"04";"2024";"15:30";"1";"69";"69034";"2";"3";"1";"3";"Route de Strasbourg";"45,79130000";"4,86270000"
"202400024094";"4";"09";"2024";"19:25";"1";"93";"93064";"2";"2";"8";"6";"Rue du 4e Zouave / Boulevard de la Boissière";"48,87122000";"2,47099000"
"202400024095";"13";"04";"2024";"17:30";"1";100;100033";"1";"1";"1";"6";"GIRAUD - BD GENERAL";"42,69574000";"9,44640000"
"202400024096";"25";"01";"2024";"15:00";"1";"12";"12013";"2";"3";"1";"3";"CERONS LIEU-DIT";"44,54293000";"2,24691000"
"202400024097";"28";"07";"2024";"22:30";"5";"971";"97111";"1";"1";"1";"2";"N2 - Section FERRY - LA COQUE";"16,28330000";" -61,80230100"
"202400024098";"4";"09";"2024";"13:40";"1";"92";"92064";"2";"1";"1";"6";"GOUNOD";"48,84296000";"2,21338000"
"202400024099";"12";"04";"2024";"18:30";"1";100;100033";"2";"1";"1";"3";"AV DE LA LIBERATION";"42,67944700";"9,44440200"
"202400024100";"30";"07";"2024";"08:55";"1";"45";"45063";"1";"1";"1";"1";"D948 PR 52 + 800";"47,60617700";"2,38757400"
"202400024101";"24";"01";"2024";"09:00";"1";"11";"11069";"2";"9";"1";"3";"1105 Route de Montreal";"43,21257000";"2,31309000"
"202400024102";"4";"09";"2024";"09:00";"1";"92";"92050";"2";"1";"1";"5";"BOULEVARD DE LA DEFENSE";"48,89916755";"2,22033620"
"202400024103";"25";"01";"2024";"11:15";"1";"06";"06027";"2";"1";"1";"6";"130 Avenue de Nice";"43,65980700";"7,17112700"
"202400024104";"30";"07";"2024";"17:00";"1";"77";"77382";"2";"2";"1";"1";"2 Rue de Condé";"48,90037600";"2,85722000"
"202400024105";"4";"09";"2024";"12:30";"1";"92";"92036";"2";"1";"1";"3";"GENEAL DE GAULLE (AVENUE) (1/41)";"48,93358239";"2,30711496"
"202400024106";"29";"07";"2024";"14:30";"1";"34";"34103";"1";"1";"1";"7";"D174";"43,54080300";"3,40831500"
"202400024107";"16";"01";"2024";"12:55";"1";"04";"04112";"2";"1";"1";"2";"VOLX (AV.DE)";"43,83599000";"5,80220000"
"202400024108";"25";"01";"2024";"12:23";"1";"03";"03185";"2";"9";"1";"3";"Rue de Pasquis";"46,36264000";"2,59178000"
"202400024109";"3";"09";"2024";"19:30";"2";"92";"92025";"2";"9";"8";"4";"GENERAL LECLERC (PLACE DU)";"48,92302000";"2,25250000"
"202400024110";"30";"07";"2024";"13:45";"1";"34";"34240";"2";"2";"1";"6";"Avenue de la Ciboulette";"43,64923100";"3,97837000"
"202400024111";"25";"01";"2024";"17:35";"5";"01";"01451";"2";"8";"1";"6";"CHAMBIERE (CHEMIN DE LA) PAIR";"46,21134000";"5,21125000"
"202400024112";"2";"09";"2024";"18:45";"1";"92";"92025";"2";"1";"1";"1";"VALMY (BD DE)";"48,93099472";"2,25519007"
"202400024113";"24";"01";"2024";"17:40";"2";"75";"75119";"2";"1";"1";"3";"BD PERIPHERIQUE EXTERIEUR";"48,88022700";"2,40612900"
"202400024114";"29";"07";"2024";"13:55";"1";"83";"83023";"1";"1";"1";"5";"Dn7";"43,40369100";"6,00902800"
"202400024115";"4";"09";"2024";"12:25";"1";"92";"92012";"2";"2";"1";"3";"CHATEAU (RUE DU) 127/FIN - 133/FIN";"48,84416338";"2,24981797"
"202400024116";"24";"01";"2024";"21:30";"5";"75";"75115";"2";"1";"1";"1";"BD PERIPHERIQUE EXTERIEUR";"48,83331700";"2,27821600"
"202400024117";"20";"07";"2024";"19:45";"1";"13";"13086";"2";"1";"1";"1";"32 Avenue des Allies";"43,34915200";"5,60356400"
"202400024118";"29";"07";"2024";"00:30";"5";"21";"21038";"2";"1";"1";"6";"Rue de Moissey";"47,19509300";"5,39564700"
"202400024119";"25";"01";"2024";"08:50";"1";"75";"75113";"2";"3";"1";"6";"AVENUE DE CHOISY";"48,82977600";"2,35713200"
"202400024120";"5";"09";"2024";"20:20";"2";"22";"22190";"2";"1";"1";"6";"Place de la Mairie";"48,52712500";" -2,08035900"
"202400024121";"24";"01";"2024";"22:35";"3";"75";"75118";"2";"1";"1";"6";"RUE LOUIS PASTEUR VALERY RADOT";"48,90035300";"2,33251400"
"202400024122";"29";"07";"2024";"21:30";"3";"68";"68269";"1";"3";"1";"3";"Ribeauvillé";"48,18901500";"7,35034700"
"202400024123";"4";"09";"2024";"14:18";"1";"68";"68162";"1";"1";"1";"1";"D415";"48,14371900";"7,25560100"
"202400024124";"25";"01";"2024";"08:35";"1";"75";"75117";"2";"3";"2";"6";"BOULEVARD MALESHERBES";"48,88122400";"2,31217800"
"202400024125";"29";"07";"2024";"17:30";"1";"55";"55366";"1";"1";"1";"7";"D994";"48,80355600";"5,11621700"
"202400024126";"4";"09";"2024";"12:55";"1";"41";"41046";"1";"1";"1";"6";"A71";"47,63571647";"1,95193403"
"202400024127";"30";"07";"2024";"09:45";"1";"81";"81140";"2";"1";"1";"6";"1 avenue pierre fabre";"43,69851900";"1,81490300"
"202400024128";"24";"01";"2024";"16:15";"1";"75";"75116";"2";"3";"1";"5";"AVENUE DE LA PORTE DE SAINT CLOUD";"48,83841219";"2,25409788"
"202400024129";"5";"09";"2024";"05:20";"3";"12";"12131";"1";"1";"2";"1";"D888";"44,38162700";"2,65704500"
"202400024130";"25";"01";"2024";"10:30";"1";"75";"75115";"2";"3";"1";"6";"BOULEVARD DE VAUGIRARD";"48,84220600";"2,32049600"
"202400024131";"29";"07";"2024";"00:10";"3";"61";"61080";"1";"6";"1";"3";"D250";"48,56468000";" -0,13808000"
"202400024132";"24";"01";"2024";"21:48";"5";"75";"75115";"2";"2";"8";"3";"RUE DE VOUILLE";"48,83389900";"2,30812500"
"202400024133";"30";"07";"2024";"13:03";"1";"14";"14066";"2";"1";"1";"6";"832 Promenade des Français";"49,33539700";" -0,41163900"
"202400024134";"24";"01";"2024";"13:40";"1";"75";"75114";"2";"3";"1";"7";"RUE FROIDEVAUX";"48,83599396";"2,32762206"
"202400024135";"3";"09";"2024";"23:00";"3";"35";"35206";"1";"1";"1";"5";"Route Nationale 137, Point kilométrique 042+100";"48,06893200";" -1,67696000"
"202400024136";"21";"07";"2024";"17:55";"1";"56";"56023";"1";"1";"1";"6";"Route de Saint-Guerin";"47,70389600";" -3,00732000"
"202400024137";"29";"07";"2024";"17:45";"1";"22";"22171";"2";"1";"1";"6";"Rue de Mirette";"48,40639700";" -2,81712900"
"202400024138";"5";"09";"2024";"09:30";"1";"60";"60176";"2";"1";"3";"6";"Rue Saint-lazare";"49,23332100";"2,89098500"
"202400024139";"25";"01";"2024";"09:01";"1";"75";"75111";"2";"3";"1";"3";"BOULEVARD RICHARD LENOIR";"48,85510400";"2,37038100"
"202400024140";"28";"07";"2024";"14:50";"1";"22";"22210";"2";"1";"1";"6";"Rue Pierre Loti";"48,80056000";" -3,00950300"
"202400024141";"4";"09";"2024";"17:12";"1";"65";"65447";"2";"1";"1";"3";"11 Avenue de Tarbes";"43,18570800";"0,23835200"
"202400024142";"24";"01";"2024";"15:45";"1";"75";"75110";"2";"3";"1";"3";"BOULEVARD DE BONNE NOUVELLE";"48,87035600";"2,35143700"
"202400024143";"30";"07";"2024";"09:55";"1";"76";"76684";"1";"1";"1";"1";"D39";"49,48617900";"0,46373200"
"202400024144";"3";"09";"2024";"08:00";"1";"77";"77406";"1";"1";"1";"7";"D204";"48,86057100";"3,21534400"
"202400024145";"25";"01";"2024";"14:50";"1";"75";"75109";"2";"3";"1";"6";"RUE JOUBERT";"48,87462200";"2,33139100"
"202400024146";"27";"07";"2024";"18:30";"1";"13";"13070";"1";"1";"1";"2";"A50";"43,28503464";"5,51675262"
"202400024147";"2";"09";"2024";"17:03";"1";"19";"19138";"1";"4";"1";"7";"Avenue de Versailles";"45,05012300";"1,66962700"
"202400024148";"25";"01";"2024";"09:10";"1";"75";"75108";"2";"2";"1";"3";"RUE DE MONCEAU";"48,87941400";"2,31429500"
"202400024149";"25";"07";"2024";"11:30";"1";"69";"69266";"2";"1";"1";"2";"Boulevard Périphérique Laurent Bonnevay";"45,78042360";"4,89423926"
"202400024150";"11";"07";"2024";"15:30";"1";"56";"56198";"2";"3";"2";"6";"7 Rue du Lac";"48,07433400";" -2,75497100"
"202400024151";"29";"07";"2024";"09:12";"1";"33";"33281";"1";"1";"1";"6";"N/A";"44,84607400";" -0,67063900"
"202400024152";"25";"01";"2024";"08:50";"1";"75";"75108";"2";"2";"8";"6";"RUE DE LISBONNE";"48,87763300";"2,31255000"
"202400024153";"29";"07";"2024";"11:20";"1";"94";"94021";"1";"1";"1";"3";"A6A";"48,76224266";"2,34059909"
"202400024154";"4";"09";"2024";"12:08";"1";"31";"31032";"2";"6";"2";"3";"rond point de sainte germaine";"43,68397000";"1,32073700"
"202400024155";"24";"01";"2024";"16:30";"1";"94";"94004";"2";"9";"1";"3";"Avenue du Général Leclerc / Avenue Charles de Gaulle";"48,75501700";"2,50531100"
"202400024156";"29";"07";"2024";"06:40";"1";"91";"91553";"1";"1";"1";"6";"RN 104";"48,62896000";"2,48178000"
"202400024157";"29";"07";"2024";"08:20";"1";"93";"93005";"1";"1";"1";"3";"AUTOROUTE A104";"48,97356693";"2,49167206"
"202400024158";"4";"09";"2024";"22:19";"5";"11";"11397";"2";"4";"2";"3";"22 Rue d'Anjou";"43,20621600";"2,44222200"
"202400024159";"18";"07";"2024";"08:30";"1";"44";"44143";"2";"1";"1";"1";"54 Rue Aristide Briand";"47,18180711";" -1,54536569"
"202400024160";"5";"09";"2024";"11:45";"1";"71";"71093";"1";"1";"2";"6";"940 Route de Pierre";"46,85202500";"5,27590200"
"202400024161";"25";"01";"2024";"20:00";"5";"93";"93031";"2";"9";"1";"2";"Route de Saint-Lieu ";"48,95510000";"2,33358000"
"202400024162";"14";"02";"2024";"00:20";"5";"974";"97411";"1";"9";"1";"2";"LANCASTEL (BOULEVARD)";" -20,87601000";"55,45503000"
"202400024163";"5";"09";"2024";"07:45";"1";"12";"12204";"1";"1";"2";"6";"D991";"44,12282300";"3,19722500"
"202400024164";"5";"09";"2024";"15:40";"1";"46";"46034";"1";"1";"1";"6";"D840";"44,71591800";"1,89388100"
"202400024165";"24";"01";"2024";"14:50";"1";"93";"93030";"2";"2";"1";"3";"Rue de la Haye / Avenue du 8 mai 1945";"48,95664923";"2,44518489"
"202400024166";"21";"03";"2024";"16:15";"1";"18";"18279";"2";"2";"1";"3";"48 Rue des Ponts";"47,21914000";"2,06662000"
"202400024167";"3";"09";"2024";"13:40";"1";"39";"39322";"1";"1";"1";"7";"N/A";"46,61926100";"5,84989800"
"202400024168";"25";"01";"2024";"09:10";"1";"92";"92063";"2";"1";"1";"6";"EGLISE (PLACE DE L')";"48,87612247";"2,18065935"