"Num_Acc";"jour";"mois";"an";"hrmn";"lum";"dep";"com";"agg";"int";"atm";"col";"adr";"lat";"long"
"202400024169";"4";"09";"2024";"14:45";"1";"29";"29163";"2";"3";"1";"6";"Rue Georges Brassens";"48,50528200";" -3,87217600"
"202400024170";"28";"07";"2024";"17:50";"1";"92";"92078";"2";"2";"1";"3";"VERDUN (AVENUE) (IMPAIRS 75 AV J JAURES)";"48,93486055";"2,32484221"
"202400024171";"25";"01";"2024";"17:30";"5";"92";"92050";"2";"1";"2";"2";"JOLIOT CURIE F. ET IRENE AVENUE  N°PAIRS";"48,89169000";"2,20835000"
"202400024172";"22";"08";"2024";"15:55";"1";"01";"01019";"1";"1";"1";"6";"Route d?Hauteville";"45,86442700";"5,55843000"
"202400024173";"27";"05";"2024";"05:30";"2";"57";"57521";"2";"1";"1";"1";"Rue de Gaubiving";"49,17275400";"6,91974500"
"202400024174";"25";"01";"2024";"16:29";"1";"92";"92020";"2";"1";"2";"1";"MALAKOFF RUE DE";"48,80582828";"2,28698015"
"202400024175";"28";"08";"2024";"04:20";"2";"01";"01246";"1";"2";"1";"3";"Route de Polliat";"46,24050500";"5,06445300"
"202400024176";"28";"07";"2024";"18:05";"5";"988";"98818";"2";"1";"1";"6";"N°134 PROMENADE ROGER LAROQUE";" -22,30671000";"166,44782000"
"202400024177";"24";"01";"2024";"18:55";"2";"92";"92020";"2";"3";"1";"1";"PARIS AVENUE DE N°84 A FIN";"48,80825868";"2,29620315"
"202400024178";"27";"07";"2024";"15:05";"1";"987";"98735";"2";"1";"2";"7";"POMARE (BVD BLOC FARE UTE)";" -17,53586400";" -149,56821600"
"202400024179";"24";"01";"2024";"15:45";"1";"92";"92026";"2";"6";"1";"3";"SAINT DENIS BD (120 A 174 / 199 A 315)";"48,90259700";"2,27491280"
"202400024180";"28";"07";"2024";"12:50";"1";"69";"69152";"2";"1";"1";"6";"Boulevard de l'Europe";"45,69410000";"4,82700000"
"202400024181";"30";"08";"2024";"11:30";"1";"14";"14299";"1";"2";"1";"3";"214 Route de Saint-Benoît-d'Hébertot";"49,33971400";"0,26392000"
"202400024182";"4";"09";"2024";"20:02";"2";"14";"14312";"2";"9";"2";"6";"1 Rue du Centre";"49,38126800";" -1,05586700"
"202400024183";"25";"01";"2024";"17:15";"2";"92";"92025";"2";"2";"2";"6";"CHARLES DE GAULLE (BD)";"48,91461908";"2,22902709"
"202400024184";"28";"07";"2024";"19:20";"1";101;101004";"2";"1";"1";"2";"8bis Avenue Beverini Vico";"41,92651000";"8,73723000"
"202400024185";"5";"09";"2024";"06:30";"2";"16";"16002";"1";"1";"5";"7";"N10";"46,07539300";"0,19523800"
"202400024186";"25";"01";"2024";"13:30";"1";"92";"92024";"2";"1";"1";"6";"CHANCE MILLY (RUE)";"48,89609294";"2,30490357"
"202400024187";"28";"07";"2024";"22:56";"5";101;101004";"2";"3";"1";"3";"#117 bis Cours Jean Nicoli#";"41,93400000";"8,74400000"
"202400024188";"5";"09";"2024";"08:30";"2";"07";"07188";"2";"1";"2";"6";"Route d'Annonay";"45,19435100";"4,68517000"
"202400024189";"24";"01";"2024";"19:10";"5";"92";"92012";"2";"3";"1";"2";"SEINE (RUE DE)";"48,82686192";"2,25181317"
"202400024190";"4";"09";"2024";"19:00";"1";"07";"07009";"2";"1";"2";"1";"route d'annonay";"45,23958100";"4,79659200"
"202400024191";"28";"07";"2024";"00:22";"5";"95";"95424";"2";"2";"1";"3";"D392";"48,98063296";"2,18251378"
"202400024192";"25";"01";"2024";"16:50";"1";"33";"33138";"1";"1";"1";"1";"N/A";"45,01867700";" -0,10685400"
"202400024193";"31";"08";"2024";"10:35";"1";"40";"40001";"2";"1";"1";"3";"16 avenue de verdun";"43,70220700";" -0,26354000"
"202400024194";"27";"07";"2024";"12:05";"1";"86";"86066";"1";"1";"2";"7";"D161";"46,78119300";"0,53196700"
"202400024195";"23";"02";"2024";"19:40";"5";"33";"33447";"2";"1";"2";"6";"Rue de la République";"45,01537700";" -0,05725100"
"202400024196";"4";"09";"2024";"18:50";"2";"30";"30009";"1";"1";"3";"7";"D999";"43,97370000";"3,41138400"
"202400024197";"28";"07";"2024";"10:15";"1";"83";"83144";"2";"6";"1";"3";"Rond point de l'Université";"43,13674000";"6,00065000"
"202400024198";"5";"09";"2024";"06:30";"2";"88";"88176";"1";"1";"1";"1";"ROUTE DE SAINT-LOUP";"47,96487000";"6,20555900"
"202400024199";"26";"01";"2024";"06:30";"3";"71";"71481";"1";"1";"8";"2";"autoroute A6 PK 401.300 sens LYON-Paris";"46,19823200";"4,77808400"
"202400024200";"27";"07";"2024";"19:15";"1";"83";"83050";"2";"1";"1";"4";"GRASSE(AVENUE DE)";"43,53584180";"6,49461287"
"202400024201";"28";"07";"2024";"22:00";"3";"76";"76391";"1";"1";"1";"6";"Rue de Rouen";"49,31914521";"0,89953780"
"202400024202";"28";"07";"2024";"16:05";"1";"76";"76540";"2";"1";"1";"6";"Impasse de la Poudriere";"49,42508000";"1,09765000"
"202400024203";"4";"09";"2024";"15:30";"1";"987";"98738";"2";"1";"1";"1";"PK 17.300 sur la RT1";" -17,65247200";" -149,59961200"
"202400024204";"23";"01";"2024";"09:30";"1";"28";"28330";"1";"1";"1";"1";"d927";"48,08338300";"1,42242900"
"202400024205";"23";"07";"2024";"16:50";"1";"73";"73065";"2";"1";"1";"6";"BOISSE (AVENUE DE LA)";"45,58134000";"5,91151000"
"202400024206";"3";"09";"2024";"11:00";"1";"987";"98738";"2";"1";"7";"1";"Rte du Lot. Punavai Nui - Voie Y";" -17,61800000";" -149,54900000"
"202400024207";"20";"01";"2024";"11:10";"1";"11";"11164";"1";"1";"1";"3";"D607";"43,28261800";"2,87625600"
"202400024208";"28";"07";"2024";"22:30";"5";"71";"71153";"2";"1";"1";"3";"JAURES (RUE JEAN)";"46,80618000";"4,42144000"
"202400024209";"22";"01";"2024";"21:00";"3";"971";"97132";"1";"9";"2";"6";"Sapotille";"15,98130300";" -61,62611200"
"202400024210";"5";"09";"2024";"08:40";"1";"13";"13001";"1";"1";"5";"2";"Autoroute A51, point kilométrique 23+700, sens GAP/AIX-EN-PROVENCE";"43,56319700";"5,46057000"
"202400024211";"23";"01";"2024";"18:00";"5";"01";"01357";"2";"1";"2";"6";"199 Route des Carpates";"46,17681400";"5,74132700"
"202400024212";"27";"07";"2024";"18:40";"1";"68";"68376";"2";"1";"2";"6";"MINES (RUE DES)";"47,79915000";"7,31602000"
"202400024213";"25";"01";"2024";"11:25";"1";"83";"83031";"1";"1";"1";"3";"route thoronet d17";"43,42990000";"6,32976700"
"202400024214";"4";"09";"2024";"19:30";"5";"973";"97309";"2";"2";"1";"3";"Route de Montjoly";"4,90780290";" -52,27286625"
"202400024215";"28";"07";"2024";"18:30";"1";"63";"63113";"2";"6";"1";"3";"JOUHAUX (BD LEON)";"45,80008000";"3,11227000"
"202400024216";"24";"05";"2024";"15:00";"1";"89";"89297";"1";"1";"1";"7";"D958";"47,42362300";"3,77978000"
"202400024217";"25";"01";"2024";"08:45";"1";"51";"51111";"1";"1";"2";"6";"D980";"49,18367400";"3,82277000"
"202400024218";"29";"07";"2024";"00:25";"5";"62";"62765";"2";"1";"1";"3";"D209";"50,75873470";"2,27758095"
"202400024219";"4";"09";"2024";"17:15";"1";"33";"33050";"1";"1";"1";"2";"N/A";"44,53210300";" -0,13065900"
"202400024220";"24";"05";"2024";"16:10";"1";"63";"63343";"1";"2";"1";"3";"D 58 PK 33 +000 / rue des Vieux chênes";"45,70199800";"3,49619500"
"202400024221";"26";"01";"2024";"05:00";"3";"56";"56034";"1";"1";"2";"2";"Lieu dit Kergroix";"47,63566800";" -3,05338400"
"202400024222";"4";"09";"2024";"21:30";"3";101;101041";"2";"1";"1";"6";"D60";"41,41031900";"9,18349200"
"202400024223";"29";"07";"2024";"01:30";"3";"62";"62427";"2";"1";"1";"7";"Boulevard de Herne";"50,40441000";"2,97294000"
"202400024224";"25";"05";"2024";"16:25";"1";"61";"61052";"2";"1";"1";"7";"18 Chemin de la Fonte";"48,67698500";"0,57113800"
"202400024225";"25";"01";"2024";"11:00";"1";"79";"79202";"2";"1";"1";"6";"N/A";"46,65424900";" -0,24796000"
"202400024226";"27";"07";"2024";"16:55";"1";"62";"62548";"2";"1";"7";"7";"RUE DU CANAL";"50,95438869";"1,95719755"
"202400024227";"5";"09";"2024";"12:00";"1";"34";"34289";"1";"3";"1";"3";"D18";"43,39025900";"3,39974300"
"202400024228";"28";"07";"2024";"20:40";"1";"59";"59367";"2";"1";"1";"1";"CAVROIS (RUE)";"50,66890000";"3,20521000"
"202400024229";"25";"05";"2024";"07:10";"1";"55";"55551";"1";"1";"1";"7";"D901";"48,98049046";"5,74812112"
"202400024230";"25";"01";"2024";"07:40";"2";"82";"82049";"1";"1";"2";"5";"Route du Port";"44,12706700";"0,79807800"
"202400024231";"4";"09";"2024";"15:00";"1";"67";"67101";"2";"9";"1";"6";"31 Rue de la Loi";"48,52353300";"7,47777900"
"202400024232";"28";"07";"2024";"19:55";"1";"47";"47031";"2";"1";"1";"6";"Avenue de Bigorre";"44,18355000";"0,63263000"
"202400024233";"25";"05";"2024";"11:00";"1";"42";"42092";"1";"1";"1";"3";"La Gilière";"45,50018100";"4,35964100"
"202400024234";"4";"09";"2024";"12:10";"1";"67";"67154";"1";"1";"1";"7";"RD 468";"48,37379800";"7,68751100"
"202400024235";"24";"05";"2024";"13:43";"1";"68";"68082";"2";"1";"3";"6";"D2";"47,86486800";"7,34513000"
"202400024236";"26";"01";"2024";"07:40";"2";"71";"71038";"1";"1";"2";"5";"D980";"46,75529100";"4,35818200"
"202400024237";"28";"07";"2024";"09:40";"1";"37";"37122";"2";"2";"1";"3";"CHINON (BOULEVARD DE)";"47,35456000";"0,69524000"
"202400024238";"4";"09";"2024";"17:30";"1";"31";"31451";"2";"2";"1";"3";"17 Boulevard de la République";"43,46019900";"2,00320800"
"202400024239";"25";"01";"2024";"12:30";"1";"12";"12102";"1";"1";"1";"1";"route de la capelle viaur";"44,25962300";"2,61226800"
"202400024240";"27";"07";"2024";"18:00";"1";"35";"35238";"2";"1";"1";"2";"VOLGA (DE LA)";"48,08740143";" -1,65218174"
"202400024241";"24";"05";"2024";"16:20";"1";"68";"68340";"2";"1";"1";"7";"Rue de Seppois";"47,54854400";"7,15957200"
"202400024242";"26";"01";"2024";"08:30";"1";"42";"42029";"1";"1";"1";"7";"Route de Rozier En Donzy";"45,81795800";"4,26983000"
"202400024243";"28";"07";"2024";"21:40";"5";"34";"34172";"2";"1";"1";"6";"BOUISSON-BERTRAND (AVENUE)";"43,61710300";"3,87341900"
"202400024244";"4";"09";"2024";"15:37";"1";"17";"17283";"1";"1";"1";"4";"D137";"45,55311100";" -0,55612400"
"202400024245";"25";"05";"2024";"04:15";"3";"39";"39476";"2";"1";"1";"6";"14 Rue de Dijon";"47,03903200";"5,32118100"
"202400024246";"24";"01";"2024";"08:15";"1";"42";"42059";"2";"1";"1";"7";"Rue de la Fraternité";"45,64008300";"4,39432800"
"202400024247";"22";"05";"2024";"07:35";"1";"25";"25151";"1";"1";"3";"6";"D50";"47,16187800";"6,37631700"
"202400024248";"28";"07";"2024";"19:00";"1";"33";"33281";"2";"2";"1";"3";"N/A";"44,84431000";" -0,64506000"
"202400024249";"25";"01";"2024";"17:50";"2";"31";"31232";"2";"6";"1";"1";"Avenue du Président Kennedy";"43,76757300";"1,29669500"
"202400024250";"5";"09";"2024";"08:00";"1";"56";"56178";"2";"2";"1";"3";"1 Rue des Ajoncs";"48,06888900";" -2,97417800"
"202400024251";"28";"07";"2024";"04:15";"3";"29";"29039";"1";"1";"1";"6";"Chemin de la haie";"47,88644000";" -3,88465000"
"202400024252";"28";"07";"2024";"03:30";"5";"19";"19272";"2";"1";"1";"6";"Chameyrat (Rue)";"45,25853512";"1,74279536"
"202400024253";"25";"05";"2024";"12:00";"1";"35";"35299";"1";"3";"1";"3";"La Coudre";"48,64897300";" -1,87942400"
"202400024254";"26";"01";"2024";"06:55";"2";"01";"01040";"1";"3";"1";"2";"Route de Pont-de-vaux";"46,37087000";"5,03621200"
"202400024255";"25";"05";"2024";"07:15";"1";"31";"31396";"1";"1";"1";"6";"D91";"43,36911100";"1,59924000"
"202400024256";"26";"01";"2024";"11:30";"1";"60";"60189";"1";"1";"1";"6";"N/A";"49,53801714";"3,07356155"
"202400024257";"28";"07";"2024";"10:00";"1";"14";"14059";"2";"1";"1";"7";"28 Avenue du Littoral";"49,34858000";"0,05014600"
"202400024258";"17";"08";"2024";"19:30";"1";"13";"13106";"1";"1";"1";"2";"A51-Sens Aix en Provence vers Marseille";"43,39760000";"5,35200000"
"202400024259";"24";"05";"2024";"19:47";"1";"38";"38034";"1";"1";"1";"6";"D519";"45,33099400";"5,03144900"
"202400024260";"25";"01";"2024";"16:50";"2";"10";"10019";"1";"1";"8";"3";"route départementale 80";"48,38344587";"4,39132432"
"202400024261";"28";"07";"2024";"19:00";"1";"13";"13117";"1";"1";"1";"1";"ROGNAC ( ROUTE DE )";"43,46000000";"5,23000000"
"202400024262";"4";"09";"2024";"14:10";"1";"13";"13028";"1";"1";"1";"6";"A50";"43,20959414";"5,62660217"
"202400024263";"24";"05";"2024";"22:35";"3";"02";"02558";"1";"1";"1";"7";"Hameau de Lalouzy";"50,04330200";"3,76960900"
"202400024264";"18";"01";"2024";"08:15";"2";"40";"40002";"2";"1";"1";"5";"Rue du Moulin";"43,59437500";" -0,74842200"
"202400024265";"4";"09";"2024";"08:30";"1";"78";"78043";"1";"1";"1";"5";"A13W";"48,84528400";"2,08594500"
"202400024266";"17";"07";"2024";"20:10";"1";"13";"13043";"2";"3";"1";"3";"COTE BLEUE (AV DE LA )";"43,38649277";"5,22222833"
"202400024267";"25";"05";"2024";"08:15";"1";"02";"02322";"1";"2";"1";"3";"D13";"49,87489800";"3,44839800"
"202400024268";"15";"01";"2024";"17:25";"1";"27";"27009";"1";"2";"1";"3";"route de maurepas";"48,84364300";"0,71584400"
"202400024269";"24";"05";"2024";"16:40";"1";"72";"72089";"1";"1";"1";"6";"Rue Ernest Souty";"48,11818700";" -0,02226200"
"202400024270";"26";"07";"2024";"12:05";"1";"07";"07019";"2";"1";"1";"3";"DELATTRE DE TASSIGNY(AVENUE)";"44,60234000";"4,38660000"
"202400024271";"23";"01";"2024";"21:34";"5";"17";"17347";"2";"2";"2";"6";"Allee d?Aussy";"45,94341400";" -0,51405100"
"202400024272";"25";"05";"2024";"11:35";"1";"06";"06041";"1";"1";"1";"1";"D603";"43,75961100";"6,98782000"
"202400024273";"27";"07";"2024";"21:35";"5";"75";"75112";"2";"1";"8";"2";"BD PERIPHERIQUE INTERIEUR";"48,84135700";"2,41355200"
"202400024274";"24";"05";"2024";"23:35";"5";"06";"06079";"2";"1";"1";"3";"Zone des Tourrades (Zone tertiaire)";"43,55359100";"6,95486100"
"202400024275";"27";"07";"2024";"15:30";"1";"75";"75120";"2";"1";"3";"6";"BD PERIPHERIQUE INTERIEUR";"48,86350200";"2,41340800"
"202400024276";"25";"01";"2024";"15:35";"1";"17";"17020";"1";"3";"1";"3";"D152";"45,50916700";" -0,30194200"
"202400024277";"28";"07";"2024";"19:30";"1";"75";"75116";"2";"1";"1";"6";"RUE DE REMUSAT";"48,84769000";"2,27240000"
"202400024278";"24";"05";"2024";"17:45";"1";"50";"50029";"1";"1";"1";"2";"D36";"48,62006300";" -0,80594000"
"202400024279";"24";"05";"2024";"16:15";"1";"60";"60291";"1";"1";"1";"1";"D91";"49,66799600";"3,05980500"
"202400024280";"2";"01";"2024";"11:40";"1";"08";"08096";"1";"1";"3";"1";"RD764";"49,70762900";"4,76887100"
"202400024281";"28";"07";"2024";"11:45";"1";"75";"75116";"2";"1";"1";"4";"ROUTE DES TRIBUNES";"48,85999600";"2,22955600"
"202400024282";"25";"05";"2024";"09:30";"1";"64";"64469";"2";"1";"1";"6";"16 Rue de Pau";"43,20435500";" -0,29355200"
"202400024283";"24";"01";"2024";"22:30";"3";"08";"08336";"1";"1";"1";"6";"D8043";"49,65050514";"5,14476460"
"202400024284";"28";"07";"2024";"06:15";"1";"75";"75115";"2";"2";"1";"3";"AVENUE DE LA PORTE BRANCION";"48,82585100";"2,30032200"
"202400024285";"24";"05";"2024";"16:40";"1";"36";"36018";"2";"1";"1";"3";"Rue Albert Chichery";"46,63979800";"1,06215500"
"202400024286";"26";"01";"2024";"11:08";"1";"88";"88468";"2";"1";"2";"1";"26 Rue Charles de Gaulle";"47,87928600";"6,76520200"
"202400024287";"28";"07";"2024";"03:52";"5";"75";"75113";"2";"4";"1";"2";"AVENUE DE LA PORTE D ITALIE";"48,81765200";"2,36001900"
"202400024288";"21";"05";"2024";"16:40";"1";"53";"53012";"1";"1";"1";"1";"12 La Brancherie";"47,87999600";" -0,93960400"
"202400024289";"16";"01";"2024";"07:45";"2";"67";"67388";"2";"2";"1";"6";"Rue de Gumbrechtshoffen";"48,93012600";"7,65877400"
"202400024290";"28";"07";"2024";"13:00";"1";"75";"75109";"2";"2";"1";"6";"RUE SAINT LAZARE";"48,87563800";"2,32665500"
"202400024291";"24";"05";"2024";"21:36";"3";"40";"40005";"1";"4";"1";"6";"Le Moulin";"43,61095400";" -0,42840200"
"202400024292";"25";"01";"2024";"14:30";"1";"49";"49123";"1";"1";"8";"3";"D960";"47,22470900";" -0,14359500"
"202400024293";"24";"05";"2024";"18:55";"1";"27";"27656";"1";"1";"1";"7";"27 Route de la Vallée de la Masse";"49,36058800";"0,47443700"
"202400024294";"27";"07";"2024";"15:00";"1";"75";"75107";"2";"3";"2";"6";"AVENUE DE LA BOURDONNAIS";"48,85610800";"2,30242500"
"202400024295";"24";"05";"2024";"19:45";"1";"28";"28362";"1";"1";"1";"7";"D923";"48,38907600";"0,97400700"
"202400024296";"28";"07";"2024";"20:00";"1";"94";"94076";"2";"1";"1";"2";"55-57 Avenue de Stalingrad";"48,78425500";"2,36722200"
"202400024297";"24";"05";"2024";"19:15";"1";"37";"37050";"2";"1";"1";"6";"18 Rue Charles Coulomb";"47,33577800";"0,70092700"
"202400024298";"28";"07";"2024";"04:20";"5";"94";"94041";"2";"1";"1";"6";"Rue François Mitterrand";"48,82409000";"2,38760000"
"202400024299";"24";"05";"2024";"21:52";"5";"30";"30259";"2";"3";"1";"3";"Route d?Uzes";"44,10623700";"4,12309600"
"202400024300";"28";"07";"2024";"20:00";"1";"93";"93070";"2";"3";"1";"2";"Boulevard Victor Hugo / Rue Louis Blanc";"48,90939745";"2,32970148"
"202400024301";"24";"05";"2024";"17:45";"1";"52";"52060";"1";"1";"2";"7";"RD460 PK36";"47,92520000";"5,76039800"
"202400024302";"27";"07";"2024";"20:45";"1";"93";"93045";"2";"2";"2";"3";"Avenue Faidherbe / Rue du Progrès";"48,88003853";"2,41194606"
"202400024303";"25";"05";"2024";"19:15";"1";"31";"31044";"2";"6";"1";"3";"Chemin de Nollet";"43,59061800";"1,51109200"
"202400024304";"28";"07";"2024";"15:55";"1";"93";"93010";"2";"5";"1";"1";"Avenue Henri Varagnat / Avenue Léon Jouhaux";"48,91741507";"2,48491199"
"202400024305";"25";"05";"2024";"20:00";"1";"06";"06155";"1";"1";"1";"3";"A8 PR 170 + 961";"43,60433200";"7,06499200"
"202400024306";"19";"07";"2024";"15:20";"1";"93";"93007";"2";"3";"1";"2";"""PIERRE SEMARD (RUE """"COTE PAIRS"""")""";"48,93443200";"2,47660500"
"202400024307";"25";"05";"2024";"09:25";"1";"06";"06027";"1";"1";"1";"7";"autoroute A8 PK 183.650 Nord";"43,66371200";"7,17686200"
"202400024308";"12";"05";"2024";"09:00";"1";"988";"98815";"1";"1";"1";"7";"Tribu de Hnawayatche";" -21,44480500";"167,85788700"
"202400024309";"27";"07";"2024";"17:15";"1";"92";"92020";"2";"6";"2";"6";"BROSSOLETTE RUE PIERRE N°3 A 13";"48,80083862";"2,28386208"
"202400024310";"24";"05";"2024";"18:30";"1";"84";"84028";"1";"1";"1";"7";"Route de St Roman de Malegarde";"44,23635200";"4,94073600"
"202400024311";"27";"07";"2024";"22:22";"3";"92";"92036";"2";"3";"8";"3";"COUTURE D'AUXERRE (RUE DE LA) (1/25)";"48,92706738";"2,28849792"
"202400024312";"24";"05";"2024";"08:30";"1";"13";"13027";"2";"1";"1";"3";"D571";"43,87874400";"4,84943900"
"202400024313";"28";"07";"2024";"21:15";"3";"11";"11367";"1";"1";"1";"6";"D629";"43,39270000";"2,12061900"
"202400024314";"25";"05";"2024";"16:19";"1";"57";"57155";"2";"9";"1";"1";"Rue Saint Jean";"49,11032600";"6,39184400"
"202400024315";"28";"07";"2024";"18:00";"1";"86";"86140";"1";"4";"1";"6";"D749";"46,40746000";"0,71237900"
"202400024316";"25";"05";"2024";"17:45";"1";"73";"73249";"2";"1";"1";"6";"Che du Prieuré";"45,53185300";"5,99485500"
"202400024317";"22";"07";"2024";"14:45";"1";"31";"31253";"2";"1";"1";"2";"Route de Saint-clar";"43,46734900";"1,24591300"
"202400024318";"24";"05";"2024";"16:00";"1";"81";"81271";"2";"2";"1";"1";"Avenue pasteur";"43,77245700";"1,68481900"
"202400024319";"28";"07";"2024";"03:00";"3";"81";"81078";"1";"1";"1";"6";"D14";"43,66573300";"1,94944000"
"202400024320";"24";"05";"2024";"18:30";"1";"69";"69089";"2";"1";"1";"1";"Chemin des Ifs";"45,75043500";"4,76797200"
"202400024321";"28";"07";"2024";"20:20";"2";"71";"71550";"1";"1";"1";"6";"Autoroute A6 PK 365+900 SENS LYON PARIS";"46,49586605";"4,89912122"
"202400024322";"24";"05";"2024";"13:55";"1";"19";"19082";"2";"1";"1";"6";"Route de la Couze";"45,25080600";"1,66021100"
"202400024323";"29";"07";"2024";"04:20";"3";"83";"83048";"2";"1";"1";"6";"1559 avenue saint raphael";"43,20428247";"6,56304187"
"202400024324";"13";"05";"2024";"18:30";"1";"33";"33473";"1";"1";"1";"6";"N/A";"45,13841600";" -0,47856000"
"202400024325";"27";"07";"2024";"02:26";"3";"01";"01401";"1";"1";"1";"2";"D89";"46,26369500";"6,00020900"
"202400024326";"28";"07";"2024";"20:35";"5";"974";"97413";"2";"1";"1";"7";"52 Chemin Pierre Deguigne";" -21,21779400";"55,30382300"
"202400024327";"24";"05";"2024";"14:50";"1";"60";"60346";"2";"1";"1";"6";"13 Rue Michel Blere";"49,15236800";"2,44268100"
"202400024328";"29";"07";"2024";"13:50";"1";"30";"30282";"2";"1";"1";"2";"D237";"44,14032200";"4,49025500"
"202400024329";"24";"05";"2024";"17:55";"1";"62";"62014";"2";"2";"1";"3";"D186E1";"50,63591639";"2,39140821"
"202400024330";"28";"07";"2024";"07:20";"1";"83";"83130";"2";"9";"1";"1";"Avenue des Sénès";"43,19938100";"6,03225100"
"202400024331";"28";"07";"2024";"17:45";"1";"83";"83073";"2";"6";"1";"3";"DN7 - Rond point de l'Europe";"43,39288219";"6,31619489"
"202400024332";"24";"05";"2024";"18:00";"1";"13";"13212";"1";"1";"1";"3";"A507 sens Marseille - Aubagne";"43,29798995";"5,42492892"
"202400024333";"28";"07";"2024";"19:10";"2";"57";"57603";"2";"3";"7";"2";"Rue Jean Moulin";"49,47980800";"5,95474000"
"202400024334";"20";"05";"2024";"18:40";"1";"59";"59501";"1";"1";"1";"3";"AUTOROUTE A 21";"50,37647000";"3,23793000"
"202400024335";"29";"07";"2024";"09:20";"1";"56";"56031";"1";"2";"1";"3";"Kernoul";"47,84863800";" -2,97767000"
"202400024336";"21";"05";"2024";"18:11";"1";"59";"59203";"1";"1";"1";"2";"AUTOROUTE A 21";"50,34516833";"3,30108190"
"202400024337";"27";"07";"2024";"16:00";"1";"56";"56251";"1";"1";"1";"2";"Lieu Dit Noyance";"47,63823400";" -2,67325600"
"202400024338";"28";"07";"2024";"19:15";"1";"67";"67072";"1";"1";"1";"7";"Route de Montbronn";"48,96830100";"7,24539800"
"202400024339";"24";"05";"2024";"17:25";"1";"92";"92050";"1";"1";"1";"4";"A86";"48,90223198";"2,20380485"
"202400024340";"29";"07";"2024";"09:30";"1";"79";"79351";"1";"2";"1";"6";"N/A";"46,43932800";" -0,56104200"
"202400024341";"28";"07";"2024";"12:07";"1";100;100150";"1";"1";"1";"7";"T30";"42,60354700";"8,84133300"
"202400024342";"24";"05";"2024";"19:10";"1";"93";"93010";"1";"1";"1";"5";"A86";"48,89136500";"2,47343200"
"202400024343";"27";"07";"2024";"12:00";"1";"69";"69130";"1";"4";"1";"1";"Route du Val d'Azergues";"46,03561600";"4,43298900"
"202400024344";"24";"05";"2024";"09:00";"1";"93";"93053";"1";"1";"1";"2";"A3";"48,89707199";"2,46965129"
"202400024345";"28";"07";"2024";"20:10";"1";"32";"32107";"1";"1";"1";"6";"Route d?Agen";"43,97898500";"0,41222900"
"202400024346";"28";"07";"2024";"18:45";"1";"41";"41095";"1";"1";"1";"7";"Chemin rural n°13";"47,88266500";"1,22465400"
"202400024347";"23";"05";"2024";"23:15";"4";"94";"94018";"1";"1";"1";"6";"A4";"48,81777160";"2,41217065"
"202400024348";"27";"07";"2024";"10:02";"1";"34";"34239";"2";"2";"1";"3";"Avenue de Montpellier";"43,65018800";"3,50641700"
"202400024349";"13";"01";"2024";"16:28";"1";"84";"84031";"2";"6";"1";"3";"MONTEUX CHEMIN DE";"44,04498000";"5,02823000"
"202400024350";"28";"07";"2024";"20:30";"1";"34";"34284";"1";"1";"1";"7";"D907";"43,50140600";"2,74905000"
"202400024351";"13";"03";"2024";"15:16";"1";"29";"29232";"2";"1";"1";"6";"Boulevard de Creac'h Gwen";"47,97953000";" -4,10308000"
"202400024352";"18";"07";"2024";"14:00";"1";"39";"39470";"1";"1";"1";"7";"N/A";"46,48334200";"6,04936600"
"202400024353";"10";"02";"2024";"14:10";"1";"57";"57474";"2";"6";"2";"3";"311 Rue de Metz";"49,25625200";"6,16999300"
"202400024354";"29";"07";"2024";"09:05";"1";"25";"25372";"1";"9";"1";"2";"D663";"47,45212100";"6,60299800"
"202400024355";"23";"05";"2024";"15:45";"1";"976";"97611";"2";"1";"1";"2";"tsoundzou-Mangadzia  Tsoundzou 2 (rue )";" -12,81339000";"45,20178000"
"202400024356";"28";"07";"2024";"06:35";"3";"25";"25328";"1";"1";"1";"6";"N83";"47,18772900";"5,96609100"
"202400024357";"23";"05";"2024";"16:50";"2";"974";"97411";"2";"1";"1";"2";"LANCASTEL (BOULEVARD)";" -20,87946000";"55,45945000"
"202400024358";"22";"07";"2024";"16:40";"1";"25";"25036";"1";"1";"1";"3";"Rue de Beure";"47,19896400";"5,97233000"
"202400024359";"23";"05";"2024";"16:15";"1";"974";"97409";"2";"1";"1";"2";"LAGOURGUE(CHEMIN)";" -20,95058000";"55,65921000"
"202400024360";"28";"07";"2024";"19:10";"1";"38";"38504";"1";"1";"1";"7";"D30";"45,30396900";"5,98967300"
"202400024361";"22";"05";"2024";"11:40";"1";"974";"97409";"2";"1";"1";"3";"PENTE SASSY (chemin de la)";" -20,96358000";"55,65617000"
"202400024362";"27";"07";"2024";"05:00";"2";"15";"15141";"1";"1";"1";"6";"RD 679";"45,16349100";"2,97774600"
"202400024363";"23";"05";"2024";"11:00";"1";"974";"97407";"2";"9";"1";"3";"LAUDE E(RUE)";" -20,93858000";"55,30029000"