"Num_Acc";"jour";"mois";"an";"hrmn";"lum";"dep";"com";"agg";"int";"atm";"col";"adr";"lat";"long"
"202400024364";"23";"05";"2024";"16:20";"1";"973";"97302";"2";"1";"1";"6";"MONTABO (ROUTE DE) 2";"4,94293800";" -52,30639672"
"202400024365";"29";"07";"2024";"18:30";"1";"01";"01123";"1";"3";"1";"3";"Chemin du Brouillard";"46,24567500";"4,81539100"
"202400024366";"23";"05";"2024";"19:30";"5";"972";"97213";"1";"6";"1";"6";"LEON GONTRAN DAMAS (RUE)";"14,61572000";" -60,99048000"
"202400024367";"19";"07";"2024";"13:30";"1";"01";"01319";"1";"2";"1";"3";"125 Route de Sandrans";"46,06083700";"4,94685200"
"202400024368";"23";"05";"2024";"06:25";"1";"972";"97213";"2";"1";"2";"6";"ROUTE DEPARTEMENTALE 15";"14,64679000";" -61,01048000"
"202400024369";"27";"07";"2024";"07:20";"1";"58";"58302";"2";"1";"1";"6";"Rue de l'Étang";"47,20601100";"3,07203100"
"202400024370";"22";"05";"2024";"17:22";"1";"972";"97209";"1";"1";"1";"7";"RD 41 (ROCADE)";"14,61000000";" -61,08510000"
"202400024371";"25";"07";"2024";"22:15";"3";"54";"54504";"1";"1";"1";"6";"D16";"49,40169177";"5,87947190"
"202400024372";"21";"05";"2024";"17:23";"2";"972";"97209";"1";"1";"1";"3";"BEAUSEJOUR JAMBETTE (ROUTE DE )";"14,63085975";" -61,04111731"
"202400024373";"27";"07";"2024";"09:20";"1";"06";"06148";"1";"1";"1";"1";"9325 Route de la Colle";"43,68954300";"7,07112400"
"202400024374";"28";"07";"2024";"14:30";"1";"05";"05127";"1";"1";"1";"7";"D3";"44,48731000";"6,27065600"
"202400024375";"23";"05";"2024";"19:45";"1";"69";"69389";"2";"2";"1";"3";"Rue de la Grange";"45,77006000";"4,80456000"
"202400024376";"29";"07";"2024";"03:40";"3";"50";"50603";"1";"9";"1";"6";"D44 / D72";"49,04226400";" -1,55502700"
"202400024377";"23";"05";"2024";"07:45";"1";"971";"97101";"1";"1";"2";"2";"CHAUVEL";"16,23394000";" -61,52351000"
"202400024378";"23";"05";"2024";"16:23";"1";101;101004";"2";"1";"1";"2";"#4983 Route des Sanguinaires#";"41,91087398";"8,64574671"
"202400024379";"28";"07";"2024";"21:10";"2";"64";"64133";"1";"6";"1";"3";"D938";"43,22577100";" -0,25006800"
"202400024380";"23";"05";"2024";"14:40";"1";101;101004";"2";"3";"1";"6";"7 Avenue du President Kennedy";"41,93057000";"8,73756000"
"202400024381";"29";"07";"2024";"07:45";"1";"18";"18076";"2";"1";"1";"3";"14 Place General Guy Delfosse";"46,69310400";"2,59646400"
"202400024382";"28";"07";"2024";"19:00";"1";"10";"10358";"2";"9";"1";"3";"N/A";"48,17210000";"4,21440000"
"202400024383";"23";"05";"2024";"16:40";"1";"95";"95598";"2";"4";"1";"3";"PONTOISE (RUE DE)";"48,99218207";"2,31218085"
"202400024384";"28";"07";"2024";"22:00";"3";"07";"07010";"1";"3";"1";"3";"Avenue Ferdinand Janvier";"45,26299000";"4,66721300"
"202400024385";"23";"05";"2024";"08:50";"1";"91";"91161";"1";"6";"1";"6";"RTE DE MASSY";"48,71252000";"2,31006000"
"202400024386";"29";"07";"2024";"06:45";"1";"21";"21412";"1";"1";"1";"6";"rd 974";"46,95679500";"4,76723000"
"202400024387";"23";"05";"2024";"15:30";"1";"91";"91201";"2";"3";"1";"3";"RUE ETIENNE RABOT";"48,67640000";"2,42350000"
"202400024388";"28";"07";"2024";"18:10";"1";"28";"28154";"2";"1";"1";"2";"Rue de la Gare";"48,46820500";"1,31482400"
"202400024389";"28";"07";"2024";"15:25";"1";"08";"08202";"1";"3";"1";"2";"47 grand'rue";"49,94720200";"4,53164600"
"202400024390";"22";"05";"2024";"10:30";"1";"91";"91027";"2";"2";"1";"3";"AV FRANCOIS MITTERRAND";"48,71614000";"2,37105000"
"202400024391";"29";"07";"2024";"16:00";"1";"88";"88037";"1";"1";"9";"7";"Route du Col des Hayes";"47,98361241";"6,79883793"
"202400024392";"23";"05";"2024";"16:35";"1";"91";"91223";"2";"1";"1";"2";"HENRI IV (BOULEVARD)";"48,43557000";"2,15737000"
"202400024393";"29";"07";"2024";"12:45";"1";"88";"88200";"2";"1";"1";"1";"Rue de la mairie";"48,23052300";"6,33799800"
"202400024394";"29";"07";"2024";"10:10";"1";"63";"63311";"1";"1";"1";"2";"A71";"46,03980764";"3,11309444"
"202400024395";"15";"05";"2024";"06:58";"1";"89";"89024";"2";"2";"1";"5";"JEAN JAURES (AVENUE)";"47,80105000";"3,58132000"
"202400024396";"29";"07";"2024";"12:30";"1";"35";"35210";"1";"3";"1";"1";"Les quatre vents";"48,16583100";" -1,73838000"
"202400024397";"24";"05";"2024";"19:25";"1";"88";"88087";"2";"1";"1";"3";"FRANCAIS (RUE DES)";"48,17228000";"6,43683000"
"202400024398";"22";"05";"2024";"08:15";"1";"85";"85194";"2";"2";"1";"3";"RD949";"46,51323000";" -1,77648000"
"202400024399";"25";"07";"2024";"13:00";"1";"31";"31254";"1";"1";"1";"1";"D916";"43,53489200";"1,51295900"
"202400024400";"23";"05";"2024";"16:40";"1";"85";"85191";"2";"6";"1";"2";"Rue du moulin rouge";"46,66502400";" -1,41505560"
"202400024401";"28";"07";"2024";"21:17";"2";"45";"45278";"2";"3";"1";"6";"D41 PR 20 + 310";"47,81890700";"2,83577600"
"202400024402";"23";"07";"2024";"11:35";"1";"66";"66103";"1";"1";"1";"5";"N/A";"42,64333500";"2,48890200"
"202400024403";"22";"05";"2024";"18:05";"1";"84";"84007";"2";"1";"1";"5";"pont de l'europe";"43,94504000";"4,79372000"
"202400024404";"23";"05";"2024";"08:00";"1";"78";"78551";"1";"1";"8";"6";"RD 308";"48,93803000";"2,06830000"
"202400024405";"23";"05";"2024";"13:30";"1";"77";"77305";"2";"3";"1";"3";"PARIS (RUE DE)";"48,39000896";"2,95655710"
"202400024406";"29";"07";"2024";"17:30";"1";"66";"66008";"2";"3";"1";"3";"N/A";"42,58355366";"3,03164184"
"202400024407";"22";"05";"2024";"15:45";"1";"77";"77131";"2";"1";"2";"6";"MARNE (BOULEVARD DE LA)";"48,80510782";"3,09217687"
"202400024408";"29";"07";"2024";"12:30";"1";"13";"13100";"1";"3";"1";"2";"D99";"43,78463500";"4,87828400"
"202400024409";"23";"05";"2024";"08:25";"1";"76";"76351";"2";"3";"1";"3";"GEORGE V (QUAI)";"49,49080000";"0,11671000"
"202400024410";"29";"07";"2024";"11:58";"1";"38";"38449";"1";"1";"1";"1";"D518";"45,61878000";"5,08008200"
"202400024411";"26";"07";"2024";"19:30";"1";"38";"38382";"2";"1";"1";"3";"17 Route de Grenoble";"45,22665500";"5,68589000"
"202400024412";"22";"05";"2024";"19:55";"1";"76";"76351";"2";"1";"1";"3";"JULES GUESDE (RUE)";"49,51063400";"0,11931600"
"202400024413";"22";"05";"2024";"12:25";"1";"71";"71270";"2";"1";"1";"6";"Rue de l'Europe";"46,30011000";"4,82493000"
"202400024414";"28";"07";"2024";"08:00";"1";"01";"01049";"2";"3";"1";"3";"752 Route Nationale";"45,84566400";"5,03828800"
"202400024415";"28";"07";"2024";"15:24";"1";"69";"69208";"1";"1";"7";"7";"680 Chemin de Conzy";"45,87216000";"4,62310000"
"202400024416";"23";"05";"2024";"19:15";"1";"69";"69266";"2";"1";"1";"6";"22 Rue Docteur Ollier";"45,76700000";"4,88311000"
"202400024417";"28";"07";"2024";"06:15";"2";"17";"17102";"1";"1";"1";"7";"Avenue de l'Estuaire";"45,70821700";" -0,69128000"
"202400024418";"29";"07";"2024";"16:20";"1";"27";"27240";"2";"1";"1";"6";"Route de Conches";"48,97886800";"0,78873400"
"202400024419";"23";"05";"2024";"01:10";"5";"69";"69290";"2";"6";"1";"6";"Rue du Lyonnais";"45,70120398";"4,89969641"
"202400024420";"29";"07";"2024";"15:15";"1";"02";"02381";"1";"1";"1";"2";"D3050";"49,93518800";"4,10688000"
"202400024421";"22";"05";"2024";"20:10";"2";"69";"69259";"2";"3";"2";"3";"Avenue Maurice Thorez";"45,70044000";"4,86774000"
"202400024422";"27";"07";"2024";"19:45";"1";"13";"13106";"1";"1";"1";"2";"A7-Sens Lyon vers Marseille";"43,39959526";"5,34924076"
"202400024423";"22";"05";"2024";"14:47";"1";"69";"69271";"2";"1";"1";"2";"Route de Lyon";"45,73870000";"4,96473000"
"202400024424";"21";"05";"2024";"15:45";"1";"67";"67482";"2";"1";"1";"6";"MARCHE GARE (RUE DU)";"48,59772000";"7,73544000"
"202400024425";"28";"07";"2024";"06:50";"1";"83";"83047";"1";"1";"1";"1";"A570";"43,13422723";"6,04850543"
"202400024426";"28";"07";"2024";"05:00";"3";"78";"78029";"1";"1";"1";"2";"A13Y";"48,96366200";"1,84168100"
"202400024427";"23";"05";"2024";"08:55";"1";"65";"65440";"2";"2";"1";"3";"COMMANDO HISPANO (RUE DU)";"43,22299000";"0,08876000"
"202400024428";"27";"07";"2024";"17:25";"1";"92";"92063";"1";"1";"2";"3";"A86";"48,87132588";"2,15734398"
"202400024429";"23";"05";"2024";"17:17";"1";"64";"64249";"1";"1";"1";"4";"GETARIA(AVENUE)";"43,41627594";" -1,61071479"
"202400024430";"28";"07";"2024";"16:35";"1";"93";"93078";"1";"1";"1";"5";"AUTOROUTE A104";"48,96779609";"2,50939444"
"202400024431";"23";"05";"2024";"15:10";"1";"64";"64445";"2";"1";"1";"6";"HONORE BARADAT";"43,30435000";" -0,36593000"
"202400024432";"28";"07";"2024";"05:30";"2";"95";"95218";"1";"9";"1";"6";"A15";"49,03516562";"2,09832362"
"202400024433";"28";"07";"2024";"04:30";"3";"93";"93010";"1";"1";"1";"3";"AUTOROUTE A3";"48,91441816";"2,47750685"
"202400024434";"23";"05";"2024";"13:35";"1";"63";"63113";"2";"2";"2";"3";"rue Victor Basch / rue de la Crouzille";"45,76715000";"3,11577000"
"202400024435";"28";"07";"2024";"01:15";"3";"95";"95351";"1";"1";"1";"6";"N104";"49,02799740";"2,50542558"
"202400024436";"27";"07";"2024";"20:50";"1";"95";"95277";"1";"1";"1";"6";"A1";"48,97199933";"2,48500102"
"202400024437";"23";"05";"2024";"15:20";"1";"62";"62250";"1";"1";"1";"4";"D46";"50,46262072";"2,96325169"
"202400024438";"22";"05";"2024";"13:05";"1";"62";"62498";"2";"5";"2";"6";"D58E1";"50,43251105";"2,82265538"
"202400024439";"27";"07";"2024";"20:30";"2";"93";"93066";"1";"1";"1";"5";"AUTOROUTE A1";"48,91033834";"2,35826011"
"202400024440";"27";"07";"2024";"09:00";"1";"95";"95572";"1";"1";"2";"6";"N184";"49,03385084";"2,11134575"
"202400024441";"23";"05";"2024";"13:25";"1";"62";"62193";"2";"1";"1";"6";"Rue Dieudonné Boufflers";"50,94866000";"1,83008000"
"202400024442";"27";"07";"2024";"07:55";"1";"987";"98735";"2";"4";"1";"3";"TIPAERUI (CV)";" -17,54973000";" -149,57762000"
"202400024443";"22";"05";"2024";"07:25";"2";"62";"62160";"2";"2";"1";"6";"Rue Louis Faidherbe";"50,72419843";"1,60332102"
"202400024444";"27";"07";"2024";"07:50";"1";"976";"97611";"2";"1";"1";"3";"mamoudzou centre-Adrian SOULI (avenue)";"45,22950000";" -12,78421000"
"202400024445";"23";"05";"2024";"11:40";"1";"59";"59599";"2";"1";"1";"3";"BLANC SEAU (RUE DU)1ERE PARTIE";"50,70779000";"3,15725000"
"202400024446";"27";"07";"2024";"10:45";"1";"974";"97411";"2";"3";"1";"7";"CANAL (CHEMIN DU GRAND)";" -20,90386000";"55,49834000"
"202400024447";"23";"05";"2024";"17:20";"1";"59";"59328";"2";"1";"1";"2";"HIPPODROME AV DE L N°237 AU389";"50,64690000";"3,02658000"
"202400024448";"27";"07";"2024";"05:15";"5";"69";"69388";"2";"1";"1";"6";"Boulevard des Etats-Unis";"45,73363103";"4,86412435"
"202400024449";"27";"07";"2024";"05:00";"5";"972";"97213";"1";"1";"2";"1";"VIEUX CHEMIN CALIFORNIE (RUE DU)";"14,62135300";" -61,02760100"
"202400024450";"23";"05";"2024";"10:15";"1";"54";"54375";"2";"9";"1";"1";"Avenue du Général Eisenhower";"48,90225000";"6,03675000"
"202400024451";"26";"07";"2024";"19:20";"3";"972";"97213";"1";"1";"1";"3";"MORNE PITAULT (ROUTE DE)";"14,62009000";" -60,96358000"
"202400024452";"22";"05";"2024";"18:15";"1";"54";"54395";"2";"2";"1";"3";"Avenue de Strasbourg";"48,67877257";"6,19728953"
"202400024453";"28";"07";"2024";"00:20";"5";"69";"69034";"2";"1";"1";"6";"Rue de l'Avenir Croix-Roussien";"45,79130000";"4,84074000"
"202400024454";"23";"05";"2024";"15:10";"1";"54";"54149";"1";"4";"1";"3";"D27";"49,44726000";"5,91851000"
"202400024455";"15";"07";"2024";"01:31";"5";"971";"97120";"2";"3";"1";"3";"CHANZY (BOULEVARD)";"16,24132000";" -61,53706000"
"202400024456";"22";"05";"2024";"19:05";"1";"49";"49246";"1";"1";"1";"3";"A87";"47,44008000";" -0,51140000"
"202400024457";"22";"05";"2024";"15:15";"1";"49";"49015";"2";"2";"8";"3";"DUNANT RUE HENRI ET ROND POINT";"47,50109000";" -0,58872000"
"202400024458";"22";"05";"2024";"19:50";"1";"42";"42218";"2";"2";"1";"4";"Boulevard Jules Janin";"45,44890000";"4,39137000"
"202400024459";"23";"05";"2024";"16:45";"1";"41";"41018";"2";"1";"1";"6";"GARROS (RUE ROLAND)";"47,59303000";"1,31175000"
"202400024460";"23";"05";"2024";"08:00";"1";"37";"37261";"2";"1";"8";"3";"MONTJOYEUX (AVENUE)";"47,36119000";"0,70323000"
"202400024461";"21";"05";"2024";"16:20";"1";"37";"37233";"2";"6";"2";"3";"RABATERIE ( RUE DE LA )";"47,39203000";"0,72552000"
"202400024462";"22";"05";"2024";"17:40";"1";"35";"35281";"1";"1";"1";"2";"RN136";"48,08685755";" -1,70050554"
"202400024463";"23";"05";"2024";"12:00";"1";"34";"34301";"2";"1";"1";"3";"AVENUE GILBERT MARTELLI";"43,41106000";"3,70942000"
"202400024464";"22";"05";"2024";"02:00";"5";"33";"33063";"2";"2";"1";"3";"N/A";"44,83244000";" -0,56967000"
"202400024465";"23";"05";"2024";"17:35";"1";"31";"31557";"2";"1";"1";"3";"AV JEAN JAURES";"43,58852000";"1,35882000"
"202400024466";"23";"05";"2024";"14:52";"1";"31";"31149";"2";"1";"1";"3";"ROND POINT JUPITER";"43,60517730";"1,30734354"
"202400024467";"23";"05";"2024";"12:25";"1";"30";"30007";"2";"2";"1";"3";"ROUSSEAU (RUE JEAN-JACQUES)";"44,12565000";"4,08894000"
"202400024468";"23";"05";"2024";"15:30";"1";"29";"29019";"2";"3";"1";"3";"rue de Quimper";"48,40216800";" -4,46254400"
"202400024469";"23";"05";"2024";"20:40";"1";"27";"27375";"2";"1";"1";"3";"ONZE NOVEMBRE 1918 (RUE DU)";"49,22027000";"1,16634000"
"202400024470";"23";"05";"2024";"08:20";"1";"25";"25204";"1";"1";"2";"1";"R-N 57  lieu dit Pont rouge";"46,94071000";"6,34320000"
"202400024471";"23";"05";"2024";"13:55";"1";"19";"19031";"2";"3";"1";"3";"PASTEUR (AVENUE)";"45,16643000";"1,53166000"
"202400024472";"23";"05";"2024";"08:58";"1";"19";"19031";"2";"2";"1";"3";"DUMYRAT (RUE)";"45,15602000";"1,52952000"
"202400024473";"22";"05";"2024";"09:05";"1";"17";"17415";"2";"1";"8";"2";"SAINTONGE A10 A ROCADE OUEST AVENUE DE";"45,74300000";" -0,66881000"
"202400024474";"22";"05";"2024";"14:25";"1";"30";"30032";"1";"1";"1";"1";"saint gilles route de D38";"43,79548000";"4,60134000"
"202400024475";"23";"05";"2024";"10:10";"1";"13";"13056";"2";"1";"1";"7";"CACHIN BOULEVARD MARCEL";"43,39948000";"5,05600000"
"202400024476";"23";"05";"2024";"16:10";"1";"13";"13203";"2";"1";"1";"3";"ARNAL (RUE)";"43,31573961";"5,38382188"
"202400024477";"23";"05";"2024";"14:40";"1";"13";"13211";"2";"1";"1";"3";"CARTONNERIE (BOULEVARD DE LA )";"43,29141000";"5,46129000"
"202400024478";"23";"05";"2024";"11:30";"1";"13";"13208";"2";"1";"1";"3";"MENDES FRANCE (AVENUE)";"43,26129000";"5,37478000"
"202400024479";"24";"05";"2024";"01:50";"3";"11";"11069";"1";"1";"1";"6";"N/A";"43,22156000";"2,28621000"
"202400024480";"23";"05";"2024";"13:09";"1";"06";"06088";"2";"2";"1";"4";"159 Route de Turin";"43,72253900";"7,28980000"
"202400024481";"22";"05";"2024";"15:10";"1";"06";"06030";"2";"3";"1";"1";"107 Boulevard Sadi Carnot";"43,56834700";"7,01648400"
"202400024482";"18";"05";"2024";"23:30";"5";"03";"03310";"2";"2";"1";"3";"Boulevard de la Mutualite";"46,13157000";"3,42854000"
"202400024483";"23";"05";"2024";"16:25";"1";"03";"03321";"2";"3";"3";"6";"Route de Lyon";"46,54499000";"3,34194000"
"202400024484";"23";"05";"2024";"19:48";"1";"01";"01289";"2";"3";"1";"3";"BELLEVUE ( CHEMIN DE) PAIR";"46,18216000";"5,21405000"
"202400024485";"22";"05";"2024";"17:58";"1";"01";"01053";"2";"1";"1";"3";"SEMARD (AVENUE PIERRE)";"46,19960000";"5,21560000"
"202400024486";"23";"05";"2024";"09:10";"1";"75";"75116";"2";"1";"1";"2";"BD PERIPHERIQUE INTERIEUR";"48,86978400";"2,27168400"
"202400024487";"23";"05";"2024";"11:30";"1";"75";"75112";"2";"1";"1";"3";"BD PERIPHERIQUE INTERIEUR";"48,84405100";"2,41384200"
"202400024488";"23";"05";"2024";"08:55";"1";"75";"75117";"2";"1";"1";"2";"BD PERIPHERIQUE EXTERIEUR";"48,88901000";"2,29461600"
"202400024489";"23";"05";"2024";"10:00";"1";"75";"75113";"2";"1";"1";"2";"BD PERIPHERIQUE EXTERIEUR";"48,81761400";"2,36746900"
"202400024490";"23";"05";"2024";"17:20";"1";"75";"75114";"2";"3";"1";"6";"RUE CHARLES DIVRY";"48,83337900";"2,32641500"
"202400024491";"22";"05";"2024";"08:15";"1";"75";"75111";"2";"2";"1";"2";"AVENUE PARMENTIER";"48,86809700";"2,37247700"
"202400024492";"23";"05";"2024";"18:15";"1";"75";"75119";"2";"3";"1";"6";"QUAI DE LA LOIRE";"48,88620300";"2,37652600"
"202400024493";"23";"05";"2024";"16:40";"1";"75";"75118";"2";"2";"1";"6";"AVENUE DE LA PORTE DE MONTMARTRE";"48,89915200";"2,33643600"
"202400024494";"22";"05";"2024";"16:20";"1";"75";"75117";"2";"4";"1";"6";"AVENUE DE LA PORTE DE CLICHY";"48,89616100";"2,31027800"
"202400024495";"23";"05";"2024";"17:50";"1";"75";"75116";"2";"3";"2";"6";"RUE JOUVENET";"48,84358200";"2,26323300"
"202400024496";"22";"05";"2024";"22:25";"5";"75";"75115";"2";"7";"1";"6";"PLACE D ALLERAY";"48,83638500";"2,30662700"
"202400024497";"22";"05";"2024";"02:55";"5";"75";"75115";"2";"3";"1";"6";"RUE ALAIN CHARTIER";"48,83864000";"2,29485400"
"202400024498";"22";"05";"2024";"23:15";"5";"75";"75114";"2";"2";"1";"2";"AVENUE DU GENERAL LECLERC";"48,83008600";"2,32881400"
"202400024499";"22";"05";"2024";"21:45";"5";"75";"75113";"2";"4";"1";"6";"RUE DES PEUPLIERS";"48,82160400";"2,35255400"
"202400024500";"23";"05";"2024";"16:20";"1";"75";"75112";"2";"5";"1";"6";"AVENUE DU DOCTEUR ARNOLD NETTER";"48,84480000";"2,40549000"
"202400024501";"23";"05";"2024";"15:00";"1";"75";"75111";"2";"1";"8";"6";"BOULEVARD VOLTAIRE";"48,85124200";"2,39112000"
"202400024502";"22";"05";"2024";"17:00";"1";"75";"75111";"2";"1";"1";"3";"PLACE DE LA BASTILLE";"48,85339400";"2,36953400"
"202400024503";"23";"05";"2024";"08:30";"1";"75";"75105";"2";"5";"1";"3";"AVENUE DES GOBELINS";"48,83848900";"2,35069500"
"202400024504";"22";"05";"2024";"14:45";"1";"75";"75109";"2";"7";"3";"6";"BOULEVARD DE ROCHECHOUART";"48,88321800";"2,34678000"
"202400024505";"22";"05";"2024";"09:50";"1";"75";"75103";"2";"2";"1";"6";"RUE DU GRENIER SAINT LAZARE";"48,86272000";"2,35430000"
"202400024506";"23";"05";"2024";"16:45";"1";"94";"94080";"2";"1";"1";"6";"Rue Diderot";"48,85069897";"2,44174361"
"202400024507";"23";"05";"2024";"08:35";"1";"94";"94068";"2";"3";"1";"3";"Quai Beaubourg / Rue Beaubourg";"48,81534200";"2,47367800"
"202400024508";"22";"05";"2024";"18:25";"1";"94";"94068";"2";"1";"1";"3";"18 Rue Ledru Rollin";"48,79599200";"2,48094300"
"202400024509";"22";"05";"2024";"17:10";"1";"94";"94068";"2";"3";"1";"3";"Avenue du Bac / Rue Etienne Marcel";"48,79661000";"2,50597000"
"202400024510";"22";"05";"2024";"10:25";"1";"94";"94003";"2";"3";"1";"6";"Avenue Laplace / Rue Eugène Fournière";"48,80776000";"2,33382000"
"202400024511";"23";"05";"2024";"19:00";"1";"94";"94022";"2";"1";"1";"6";"Rue Carnot";"48,76635800";"2,40897300"
"202400024512";"23";"05";"2024";"09:00";"1";"94";"94022";"2";"1";"1";"6";"5 Rue Ledru - Rollin";"48,76290400";"2,40480100"
"202400024513";"22";"05";"2024";"12:15";"1";"94";"94055";"2";"2";"1";"6";"Route de Provins / Rue Danielle Casanova";"48,79550987";"2,55036624"
"202400024514";"6";"10";"2024";"14:15";"1";"57";"57631";"1";"1";"1";"2";"NANCY(ROUTE)D662";"49,09650768";"7,04870478"
"202400024515";"23";"05";"2024";"02:40";"4";"94";"94018";"2";"4";"1";"6";"Rue Arthur Croquette / A4";"48,81713163";"2,41689831"
"202400024516";"8";"10";"2024";"20:42";"5";"56";"56083";"2";"1";"2";"6";"Avenue Aristide Bruant";"47,80504000";" -3,25931000"
"202400024517";"22";"05";"2024";"18:00";"1";"94";"94017";"2";"1";"1";"3";"76 Avenue du Général de Gaulle";"48,82198800";"2,49099900"
"202400024518";"8";"10";"2024";"12:44";"1";"56";"56107";"2";"1";"1";"6";"Rue des 3 Pierres";"47,70770000";" -3,39074000"
"202400024519";"23";"04";"2024";"18:15";"1";"93";"93031";"2";"2";"1";"6";"Rue de Marseille / Rue des Carrières";"48,95800600";"2,29389000"
"202400024520";"8";"10";"2024";"17:15";"1";"52";"52121";"2";"1";"1";"6";"RD 674";"48,11844000";"5,14952000"
"202400024521";"23";"05";"2024";"20:00";"1";"93";"93005";"2";"6";"1";"3";"Carrefour de l’Europe / Boulevard Marc Chagall";"48,95141900";"2,48515700"
"202400024522";"8";"10";"2024";"16:25";"1";"51";"51454";"2";"1";"1";"7";"RUISSELET (RUE)";"49,24527000";"4,03893000"
"202400024523";"22";"05";"2024";"18:40";"1";"92";"92022";"2";"1";"1";"3";"PAVE DES GARDES (RUE DU)";"48,80829737";"2,19446540"
"202400024524";"23";"05";"2024";"13:00";"1";"92";"92036";"2";"1";"1";"3";"MARCEL PAUL (AVENUE) (1/103)";"48,93360000";"2,30276000"
"202400024525";"8";"10";"2024";"10:50";"1";"51";"51454";"2";"1";"1";"3";"JOLIOT-CURIE (RUE)";"49,22308000";"4,01441000"
"202400024526";"23";"05";"2024";"15:35";"1";"92";"92012";"2";"1";"8";"2";"QUATRE SEPTEMBRE (QUAI DU)";"48,84170000";"2,22533000"
"202400024527";"8";"10";"2024";"19:30";"5";"50";"50129";"2";"1";"8";"6";"LEMONNIER (AVENUE AMIRAL)";"49,63440000";" -1,61202000"
"202400024528";"23";"05";"2024";"18:00";"1";"92";"92004";"2";"2";"1";"3";"REDOUTE ( AVENUE DE LA  )";"48,92949000";"2,28190000"
"202400024529";"8";"10";"2024";"07:55";"2";"50";"50129";"2";"1";"8";"2";"SALINE (BOULEVARD DE LA)";"49,64841000";" -1,64357000"
"202400024530";"24";"05";"2024";"08:00";"2";"57";"57028";"1";"6";"1";"3";"Rue du Calvaire";"49,20964200";"6,21039700"
"202400024531";"7";"10";"2024";"07:35";"5";"50";"50129";"2";"1";"1";"1";"SALINE (BOULEVARD DE LA)";"49,65751000";" -1,65834000"
"202400024532";"23";"05";"2024";"14:25";"1";"40";"40133";"1";"2";"1";"6";"D810";"43,61259000";" -1,40326800"
"202400024533";"24";"05";"2024";"11:09";"1";"21";"21452";"1";"1";"1";"6";"A31";"47,26563845";"5,12926963"
"202400024534";"30";"05";"2024";"16:42";"1";"49";"49328";"2";"1";"1";"6";"CLOS COUTARD (RUE DU)";"47,25146000";" -0,06925000"
"202400024535";"23";"05";"2024";"16:44";"1";"21";"21599";"1";"1";"8";"6";"A 31 PK 82.900";"47,64717500";"5,17862400"
"202400024536";"23";"05";"2024";"11:35";"1";"46";"46148";"2";"3";"1";"2";"Avenue du Mercadiol";"44,33909000";"1,54477000"
"202400024537";"8";"10";"2024";"15:10";"1";"49";"49007";"2";"1";"1";"2";"MENDES FRANCE PLACE";"47,47356000";" -0,54523000"
"202400024538";"11";"05";"2024";"03:30";"3";"01";"01157";"1";"1";"1";"6";"route départementale 933";"46,03035000";"4,75477300"
"202400024539";"9";"10";"2024";"14:25";"1";"45";"45208";"2";"1";"3";"3";"1bis Rue du Château";"47,99892900";"2,72903600"
"202400024540";"24";"05";"2024";"02:30";"4";"26";"26009";"2";"1";"1";"7";"11 rue de la bascule";"45,24226100";"4,80376100"
"202400024541";"9";"10";"2024";"08:01";"1";"45";"45004";"1";"1";"3";"2";"D973 PR 2 + 888";"48,00197000";"2,78291600"
"202400024542";"24";"05";"2024";"18:00";"1";"42";"42307";"1";"1";"1";"1";"Route de Givors";"45,55248800";"4,67566400"
"202400024543";"30";"08";"2024";"10:45";"1";"44";"44114";"2";"1";"1";"1";"54 Rue du Docteur Stéphane Leduc";"47,26964000";" -1,61990000"
"202400024544";"24";"05";"2024";"15:35";"1";"44";"44209";"1";"1";"1";"6";"N/A";"47,31817000";" -1,64352900"
"202400024545";"24";"05";"2024";"00:45";"3";"34";"34036";"1";"1";"1";"2";"A75";"43,68098900";"3,37918100"
"202400024546";"23";"05";"2024";"17:00";"1";"57";"57038";"1";"6";"1";"2";"251 Rue du Moulin";"49,47570600";"5,95275500"
"202400024547";"22";"05";"2024";"19:00";"1";"56";"56129";"1";"1";"3";"6";"Le verger";"48,12701200";" -2,48890900"
"202400024548";"5";"10";"2024";"05:38";"5";"42";"42218";"2";"1";"1";"6";"Rue Etienne Mimard";"45,43843866";"4,39651564"
"202400024549";"17";"05";"2024";"11:00";"1";"56";"56013";"2";"6";"2";"3";"Route des 4 Chemins";"47,66617500";" -3,17917900"
"202400024550";"9";"10";"2024";"08:45";"1";"37";"37261";"2";"1";"2";"6";"CHEVALLIER (RUE AUGUSTE)";"47,37488000";"0,67894000"
"202400024551";"22";"05";"2024";"07:30";"1";"65";"65446";"2";"3";"1";"3";"D27";"43,32633300";"0,10065800"
"202400024552";"22";"05";"2024";"16:30";"1";"32";"32158";"1";"1";"1";"6";"D953";"43,92049300";"0,73734500"
"202400024553";"9";"10";"2024";"05:50";"5";"37";"37261";"2";"1";"3";"3";"DASSAULT (AVENUE MARCEL)";"47,36389355";"0,68580070"
"202400024554";"24";"05";"2024";"04:45";"3";"32";"32262";"1";"1";"1";"6";"D39 - PR 30+018";"43,67326500";"1,03633000"
"202400024555";"24";"05";"2024";"16:38";"1";"71";"71479";"1";"1";"1";"1";"842 Route de Saint-Sernin";"46,83358300";"4,43347400"
"202400024556";"21";"05";"2024";"01:20";"3";"61";"61207";"1";"1";"2";"7";"D276";"48,31745400";"0,48096800"