"Num_Acc";"jour";"mois";"an";"hrmn";"lum";"dep";"com";"agg";"int";"atm";"col";"adr";"lat";"long"
"202400024557";"9";"10";"2024";"20:05";"5";"33";"33192";"2";"1";"2";"4";"N/A";"44,78529000";" -0,60560000"
"202400024558";"23";"05";"2024";"16:22";"1";"68";"68338";"1";"3";"1";"3";"D417";"48,07617900";"7,25767700"
"202400024559";"23";"05";"2024";"20:10";"1";"29";"29013";"1";"1";"1";"3";"Départementale 785";"48,36665277";" -3,94891555"
"202400024560";"8";"10";"2024";"22:51";"5";"29";"29019";"2";"2";"2";"3";"boulevard de l'Europe";"48,41305900";" -4,49636700"
"202400024561";"21";"05";"2024";"09:05";"1";"29";"29081";"1";"1";"1";"6";"Bel Air";"48,36546700";" -3,77672000"
"202400024562";"8";"10";"2024";"19:10";"2";"29";"29019";"2";"1";"2";"6";"boulevard tanguy prigent";"48,39606100";" -4,53536400"
"202400024563";"24";"05";"2024";"12:50";"1";"29";"29263";"1";"3";"1";"3";"Lieu Dit Ty Raden";"48,22663879";" -4,07745722"
"202400024564";"23";"05";"2024";"14:00";"1";"38";"38399";"1";"1";"2";"1";"d518";"45,49470600";"5,14078600"
"202400024565";"8";"10";"2024";"17:30";"1";"29";"29019";"2";"1";"2";"6";"rue Aime Cotton";"48,40756600";" -4,46774300"
"202400024566";"24";"05";"2024";"14:50";"1";"02";"02608";"1";"2";"1";"3";"4 Hameau l’Epinette";"49,83773700";"4,06160500"
"202400024567";"9";"10";"2024";"11:45";"1";"27";"27681";"1";"3";"3";"3";"STANDS (ALLEE DES)";"49,10782000";"1,49970000"
"202400024568";"23";"05";"2024";"16:45";"1";"02";"02232";"1";"2";"1";"6";"N/A";"49,23241000";"2,98147000"
"202400024569";"8";"10";"2024";"17:40";"1";"27";"27229";"2";"1";"1";"6";"FOCH (AVENUE DU MARECHAL)";"49,02411000";"1,12384000"
"202400024570";"24";"05";"2024";"12:00";"1";"15";"15049";"1";"1";"1";"6";"lieu dit Le Vernet";"45,19517900";"2,69557700"
"202400024571";"23";"05";"2024";"20:20";"1";"58";"58095";"1";"1";"1";"7";"les brosses";"46,79558300";"3,44270600"
"202400024572";"8";"10";"2024";"08:00";"2";"27";"27229";"2";"9";"2";"6";"VERNON (RUE DE)";"49,03077000";"1,16048000"
"202400024573";"23";"05";"2024";"19:00";"1";"66";"66149";"1";"1";"1";"1";"N/A";"42,62655400";"2,41203500"
"202400024574";"9";"10";"2024";"19:30";"5";"25";"25056";"1";"9";"2";"2";"RN 1057 (CH. EPITAPHE-CH. MONTBOUCONS)";"47,26729000";"6,00355000"
"202400024575";"24";"05";"2024";"19:15";"1";"54";"54010";"1";"2";"1";"3";"La Grand Saulx";"48,54283591";"5,80825925"
"202400024576";"9";"10";"2024";"08:15";"1";"13";"13056";"2";"9";"1";"3";"MICHEL TRAVERSE LOUISE";"43,42367000";"5,04605000"
"202400024577";"9";"10";"2024";"23:05";"5";"13";"13202";"2";"2";"1";"1";"COLBERT(RUE)";"43,29925000";"5,37416000"
"202400024578";"9";"10";"2024";"18:45";"5";"13";"13210";"2";"1";"2";"2";"PONT DE VIVAUX (BOULEVARD)";"43,28151000";"5,42334000"
"202400024579";"5";"10";"2024";"20:00";"5";"13";"13028";"2";"1";"1";"2";"FRANCE (BOULEVARD ANATOLE)";"43,17000000";"5,61000000"
"202400024580";"9";"10";"2024";"20:16";"5";"10";"10387";"2";"1";"2";"6";"Avenue Anatole France";"48,27896000";"4,06884000"
"202400024581";"9";"10";"2024";"08:50";"1";"06";"06029";"2";"1";"1";"2";"110 Avenue Michel Jourdan";"43,55554400";"6,97111900"
"202400024582";"9";"10";"2024";"13:00";"1";"75";"75105";"2";"1";"3";"3";"BOULEVARD SAINT MICHEL";"48,85309300";"2,34397400"
"202400024583";"9";"10";"2024";"15:45";"1";"75";"75118";"2";"3";"3";"3";"RUE DE LA CHAPELLE";"48,89270800";"2,35972200"
"202400024584";"9";"10";"2024";"18:00";"5";"75";"75113";"2";"1";"2";"4";"RUE BRILLAT SAVARIN";"48,82181500";"2,35116120"
"202400024585";"9";"10";"2024";"19:15";"5";"75";"75110";"2";"2";"3";"2";"RUE DU HUIT MAI 1945";"48,87664400";"2,35620100"
"202400024586";"7";"10";"2024";"22:10";"5";"75";"75109";"2";"7";"2";"3";"Place de l'Opéra";"48,87115100";"2,33234500"
"202400024587";"9";"10";"2024";"19:59";"5";"75";"75108";"2";"1";"3";"6";"PONT DE L ALMA";"48,86350800";"2,30176200"
"202400024588";"9";"10";"2024";"12:30";"1";"75";"75108";"2";"2";"3";"6";"RUE DU FAUBOURG SAINT HONORE";"48,87176400";"2,31420500"
"202400024589";"9";"10";"2024";"08:40";"2";"75";"75101";"2";"2";"2";"1";"QUAI DE LA MEGISSERIE";"48,85849167";"2,34248847"
"202400024590";"8";"10";"2024";"16:23";"1";"75";"75101";"2";"2";"1";"3";"AVENUE VICTORIA";"48,85750000";"2,34780900"
"202400024591";"8";"10";"2024";"05:50";"5";"75";"75103";"2";"2";"8";"3";"RUE DU VERTBOIS";"48,86770000";"2,35493700"
"202400024592";"9";"10";"2024";"12:00";"1";"94";"94003";"2";"1";"2";"6";"Avenue Nelson Mandela";"48,81124599";"2,32734901"
"202400024593";"8";"10";"2024";"07:23";"3";"93";"93053";"2";"3";"1";"6";"COTTAGES (ALLEE DES)";"48,89000000";"2,46970000"
"202400024594";"9";"10";"2024";"19:58";"5";"93";"93049";"2";"4";"3";"3";"MEAUX (CHEMIN)";"48,86291000";"2,51252000"
"202400024595";"9";"10";"2024";"18:11";"2";"93";"93048";"2";"2";"3";"6";"PRESIDENT WILSON (AVENUE DU)";"48,85569641";"2,43957230"
"202400024596";"9";"10";"2024";"13:05";"1";"93";"93029";"2";"2";"3";"3";"GARIBALDI (AVENUE) N°";"48,92256000";"2,45261000"
"202400024597";"9";"10";"2024";"09:45";"1";"93";"93029";"2";"3";"2";"3";"ADRIEN FROMENT";"48,92525000";"2,43724000"
"202400024598";"9";"10";"2024";"15:54";"1";"93";"93008";"2";"6";"3";"3";"BARBUSSE (AVENUE HENRI) A30";"48,90764716";"2,42580422"
"202400024599";"9";"10";"2024";"18:35";"2";"93";"93005";"2";"6";"3";"1";"POMEREU (AVENUE DE)";"48,92337617";"2,49391803"
"202400024600";"9";"10";"2024";"00:45";"5";"92";"92073";"2";"3";"1";"1";"BERNARD (AVENUE DU PROFESSEUR LEON)";"48,87097765";"2,21448030"
"202400024601";"4";"10";"2024";"16:00";"1";"92";"92063";"2";"9";"1";"3";"DOUMER (AVENUE PAUL) NORD";"48,88344000";"2,19096000"
"202400024602";"8";"10";"2024";"11:00";"1";"92";"92063";"2";"1";"8";"4";"CHATOU (PONT DE)";"48,88815000";"2,16373000"
"202400024603";"7";"10";"2024";"08:50";"1";"92";"92049";"2";"1";"1";"7";"PERI RUE GABRIEL N°38 A 82";"48,81856000";"2,31935000"
"202400024604";"9";"10";"2024";"11:30";"1";"92";"92026";"2";"3";"3";"2";"ADAM LEDOUX";"48,89840141";"2,24909730"
"202400024605";"9";"10";"2024";"07:25";"2";"92";"92026";"2";"1";"2";"6";"BEZONS  (DE 01 A 22)";"48,89324000";"2,25240000"
"202400024606";"9";"10";"2024";"19:15";"5";"92";"92004";"2";"1";"3";"6";"NANTERRE ( DE 46 A )";"48,90979000";"2,28156000"
"202400024607";"9";"10";"2024";"17:45";"1";"34";"34295";"1";"3";"1";"7";"M5e3";"43,56479000";"3,80357100"
"202400024608";"10";"10";"2024";"14:00";"1";"974";"97415";"2";"1";"1";"1";"Route de Savannah";" -20,98789200";"55,29555700"
"202400024609";"10";"10";"2024";"01:15";"3";"84";"84088";"1";"2";"2";"6";"Chemin de Saint Hilaire";"44,00975400";"5,02499300"
"202400024610";"9";"10";"2024";"17:55";"1";"22";"22206";"2";"3";"1";"3";"Rue Notre-dame";"48,54046300";" -2,97302500"
"202400024611";"10";"10";"2024";"07:40";"2";"51";"51609";"2";"1";"2";"6";"14 Rue de Reims";"49,10214700";"3,67072600"
"202400024612";"10";"10";"2024";"07:55";"2";"37";"37077";"1";"1";"1";"2";"A85";"47,33251200";"0,45541800"
"202400024613";"10";"10";"2024";"11:35";"1";"30";"30047";"2";"1";"1";"7";"Route de Manduel";"43,80506400";"4,43329500"
"202400024614";"10";"10";"2024";"08:30";"1";"04";"04033";"1";"1";"1";"6";"rd900b, pk 24+910";"44,45808700";"6,24420400"
"202400024615";"10";"10";"2024";"02:50";"3";"51";"51507";"1";"1";"2";"2";"D3";"49,09091900";"4,91732300"
"202400024616";"10";"10";"2024";"10:05";"1";"51";"51436";"1";"1";"1";"6";"D60";"48,85848200";"4,48762500"
"202400024617";"9";"10";"2024";"13:27";"1";"56";"56219";"1";"1";"3";"1";"Aire des Landes de Lanvaux";"47,76625800";" -2,49908900"
"202400024618";"9";"10";"2024";"08:22";"2";"77";"77025";"1";"1";"3";"1";"D411";"48,39778100";"3,19752300"
"202400024619";"9";"10";"2024";"13:40";"1";100;100329";"1";"1";"1";"6";"RT20";"42,33569100";"9,17605200"
"202400024620";"8";"10";"2024";"14:55";"1";"80";"80706";"1";"1";"1";"1";"D12";"50,05804800";"2,13566100"
"202400024621";"10";"10";"2024";"18:18";"1";"63";"63229";"1";"1";"1";"2";"goele";"45,78748700";"3,36353300"
"202400024622";"10";"10";"2024";"09:00";"1";"68";"68049";"1";"1";"1";"6";"Bouxwiller";"47,50089500";"7,32532700"
"202400024623";"21";"09";"2024";"17:45";"1";"29";"29185";"2";"1";"1";"6";"Pen Ar Prat";"48,67313800";" -4,19171300"
"202400024624";"9";"10";"2024";"19:30";"3";"31";"31170";"1";"1";"6";"3";"D17";"43,27895500";"0,72999000"
"202400024625";"7";"10";"2024";"19:00";"3";"70";"70311";"2";"6";"3";"7";"D957";"47,82122300";"6,39355500"
"202400024626";"10";"10";"2024";"17:50";"1";"50";"50151";"1";"1";"1";"3";"Route du Buisson D2";"49,18202720";" -1,52040060"
"202400024627";"10";"10";"2024";"08:15";"1";"45";"45166";"1";"1";"1";"1";"D102 PR 11 + 651";"48,04295400";"1,80129800"
"202400024628";"9";"10";"2024";"13:13";"1";"18";"18008";"1";"2";"1";"3";"N/A";"46,96733900";"2,35246400"
"202400024629";"10";"10";"2024";"05:15";"3";"36";"36021";"1";"1";"2";"3";"Bois des Tomeris";"46,97231062";"1,95410141"
"202400024630";"9";"10";"2024";"22:00";"5";"36";"36140";"2";"6";"3";"7";"rond point du 19 Mars 1962";"46,88847200";"1,85647500"
"202400024631";"9";"10";"2024";"16:25";"1";"16";"16175";"1";"9";"3";"6";"N/A";"45,54230700";" -0,04171400"
"202400024632";"8";"10";"2024";"09:55";"1";"21";"21610";"1";"1";"2";"7";"D20D";"47,25033900";"5,44778100"
"202400024633";"9";"10";"2024";"21:40";"3";"23";"23240";"1";"1";"6";"6";"La Viergne";"46,33864700";"2,22419500"
"202400024634";"10";"10";"2024";"09:00";"1";"30";"30322";"2";"1";"1";"7";"D271";"44,06356400";"3,82887200"
"202400024635";"20";"08";"2024";"11:25";"1";"79";"79355";"1";"1";"1";"2";"N/A";"46,31132300";" -0,35295700"
"202400024636";"10";"10";"2024";"12:00";"1";"85";"85102";"1";"1";"1";"6";"RD81";"46,87330600";" -1,64426900"
"202400024637";"9";"10";"2024";"10:23";"1";"24";"24077";"1";"1";"1";"1";"N21";"44,95614300";"0,58591200"
"202400024638";"10";"10";"2024";"08:30";"2";"45";"45032";"1";"1";"9";"2";"A6 PR 94 + 0";"48,14055500";"2,91375400"
"202400024639";"9";"10";"2024";"13:30";"1";"971";"97118";"2";"1";"1";"1";"Chemin de Daubin";"16,22376100";" -61,61182200"
"202400024640";"10";"10";"2024";"06:55";"3";"41";"41220";"1";"1";"1";"1";"D925";"47,73984300";"1,64241300"
"202400024641";"7";"10";"2024";"17:10";"1";"13";"13062";"1";"3";"1";"3";"D8";"43,42439455";"5,47477881"
"202400024642";"9";"10";"2024";"09:37";"1";"26";"26252";"1";"1";"1";"5";"A7 - PK 077.600 - SENS SUD NORD";"44,86915154";"4,86524820"
"202400024643";"24";"09";"2024";"18:30";"1";"68";"68309";"2";"1";"1";"6";"Rue du Maréchal Foch";"47,65582000";"7,45619200"
"202400024644";"9";"10";"2024";"16:54";"1";"46";"46109";"1";"1";"2";"2";"A 20 PK 374.700 sens 1";"44,33769300";"1,50053500"
"202400024645";"10";"10";"2024";"12:01";"1";"16";"16061";"1";"1";"1";"3";"N/A";"45,70783000";"0,27465000"
"202400024646";"9";"10";"2024";"13:25";"1";"47";"47094";"1";"1";"3";"1";"D813";"44,43580437";"0,25724745"
"202400024647";"8";"10";"2024";"18:45";"1";"33";"33293";"2";"1";"1";"7";"N/A";"44,87434000";" -0,42962700"
"202400024648";"8";"10";"2024";"16:45";"1";"33";"33312";"2";"1";"1";"3";"N/A";"44,94598800";" -0,61152200"
"202400024649";"10";"10";"2024";"08:50";"1";"85";"85071";"2";"9";"7";"6";"RD82";"46,76154100";" -1,83305200"
"202400024650";"9";"10";"2024";"18:00";"1";"50";"50612";"1";"1";"1";"6";"D41";"48,67684700";" -1,45003000"
"202400024651";"10";"10";"2024";"17:30";"1";"14";"14658";"1";"1";"1";"6";"8 Route de la Groudière";"48,83448393";" -1,02825200"
"202400024652";"9";"10";"2024";"19:45";"3";"22";"22093";"1";"1";"2";"1";"La Mare Jaune Maroué";"48,42451600";" -2,50602000"
"202400024653";"10";"10";"2024";"07:20";"4";"76";"76099";"1";"1";"3";"1";"Chemin de la Queue du Chien";"49,54297800";"0,84753500"
"202400024654";"8";"10";"2024";"14:40";"1";"54";"54197";"1";"1";"8";"6";"A330";"48,63380671";"6,18197680"
"202400024655";"20";"09";"2024";"17:30";"1";"33";"33013";"1";"1";"1";"4";"N/A";"44,84529000";" -0,50202900"
"202400024656";"9";"10";"2024";"17:45";"1";"91";"91479";"1";"1";"3";"4";"TUNNEL ORLY Y (PARAY VP) PK 2.6-3.6";"48,72986000";"2,36853000"
"202400024657";"9";"10";"2024";"12:30";"1";"92";"92002";"1";"1";"1";"4";"AUTOROUTE A86";"48,76314911";"2,30539360"
"202400024658";"8";"10";"2024";"22:00";"5";"92";"92051";"1";"1";"1";"3";"N13";"48,87880132";"2,27905835"
"202400024659";"8";"10";"2024";"15:30";"1";"92";"92050";"1";"1";"9";"5";"A14";"48,89706847";"2,22199036"
"202400024660";"7";"10";"2024";"08:15";"1";"93";"93078";"1";"1";"8";"2";"AUTOROUTE A104";"48,96176998";"2,54505298"
"202400024661";"13";"07";"2024";"02:04";"3";"91";"91477";"1";"1";"1";"2";"AUTOROUTE A10";"48,71765000";"2,25527000"
"202400024662";"12";"07";"2024";"17:30";"1";"91";"91223";"1";"1";"1";"6";"R.D.20";"48,41580000";"2,13012000"
"202400024663";"11";"07";"2024";"17:40";"1";"91";"91064";"1";"1";"1";"6";"RN 118";"48,74605000";"2,19519000"
"202400024664";"7";"08";"2024";"15:20";"1";"74";"74305";"2";"1";"1";"6";"DAVID (RUE FERNAND)";"46,20908000";"6,25456000"
"202400024665";"28";"07";"2024";"17:35";"1";"29";"29234";"1";"2";"7";"3";"Kerfleury";"47,84800394";" -3,50910819"
"202400024666";"8";"10";"2024";"16:40";"1";"974";"97416";"1";"2";"1";"1";"JOLI-FOND (CHEMIN)";" -21,32924000";"55,47544000"
"202400024667";"7";"10";"2024";"16:30";"1";"974";"97416";"1";"1";"1";"2";"RN2 (2)";" -21,33241000";"55,48021000"
"202400024668";"7";"10";"2024";"14:12";"1";"974";"97416";"2";"1";"1";"6";"JOSEPH HUBERT(RUE)";" -21,33140000";"55,47221000"
"202400024669";"8";"10";"2024";"22:55";"3";"974";"97411";"1";"1";"1";"7";"FURCREAS (CHEMIN DES)";" -20,90222000";"55,40749000"
"202400024670";"8";"10";"2024";"09:25";"1";"974";"97411";"1";"1";"1";"2";"LITTORAL (ROUTE 1 DU)";" -20,88873545";"55,38442442"
"202400024671";"8";"10";"2024";"07:15";"1";"974";"97411";"2";"2";"1";"3";"JAURES (BOULEVARD JEAN)";" -20,89070000";"55,45500000"
"202400024672";"8";"10";"2024";"11:50";"1";"974";"97407";"2";"1";"1";"6";"OWENS JAMES";" -20,93458360";"55,31748748"
"202400024673";"8";"10";"2024";"08:40";"1";"974";"97407";"2";"1";"1";"7";"SACRE COEUR (RD POINT) -RIV. DES GALETS ";" -20,95698000";"55,31125000"
"202400024674";"8";"10";"2024";"20:55";"5";"973";"97302";"2";"1";"1";"3";"MONTABO (ROUTE DE) 1";"4,94390000";" -52,30795000"
"202400024675";"8";"10";"2024";"07:00";"1";"973";"97302";"2";"1";"1";"3";"ZEPHIR (ROCADE)";"4,93456000";" -52,30845000"
"202400024676";"8";"10";"2024";"10:50";"1";"973";"97302";"2";"1";"1";"5";"BADUEL (ROUTE DE)";"4,93200000";" -52,30741000"
"202400024677";"8";"10";"2024";"08:30";"1";"973";"97302";"1";"6";"1";"2";"MARINGOUINS (ROND-POINT)";"4,90739000";" -52,32271000"
"202400024678";"8";"10";"2024";"17:38";"1";"69";"69387";"2";"3";"2";"6";"Route de Vienne";"45,74388000";"4,85014000"
"202400024679";"8";"10";"2024";"09:00";"1";"69";"69383";"2";"3";"3";"3";"Cours Docteur Long";"45,74994000";"4,88577000"
"202400024680";"8";"10";"2024";"08:30";"1";"69";"69383";"2";"3";"1";"3";"Rue Garibaldi";"45,76215000";"4,85192000"
"202400024681";"8";"10";"2024";"08:20";"1";"972";"97209";"2";"1";"1";"7";"RD 41 (ROCADE)";"14,61582000";" -61,05304000"
"202400024682";"8";"10";"2024";"19:35";"3";100;100120";"2";"1";"1";"6";"STADE (Route du) D764";"42,65353000";"9,44217000"
"202400024683";"7";"10";"2024";"15:55";"1";"971";"97101";"1";"1";"1";"4";"RN1-  HAUTEUR DE SORTIE LAURICISQUE";"16,25360000";" -61,54890000"
"202400024684";"7";"10";"2024";"14:45";"1";"971";"97120";"1";"1";"1";"3";"HALL DES SPORTS";"16,24822213";" -61,53749228"
"202400024685";"8";"10";"2024";"14:30";"1";"95";"95197";"2";"1";"8";"1";"PRESLES (RUE DES)";"48,95902565";"2,32472956"
"202400024686";"8";"10";"2024";"23:20";"5";"95";"95500";"2";"9";"8";"1";"JULES CESAR (CHAUSSEE)";"49,04618382";"2,08462470"
"202400024687";"8";"10";"2024";"09:15";"1";"91";"91103";"2";"1";"1";"6";"RUE ALBERT CAMUS";"48,60000000";"2,31398000"
"202400024688";"8";"10";"2024";"08:05";"1";"91";"91201";"2";"2";"2";"7";"AV DE L EUROPE";"48,68359000";"2,43213800"
"202400024689";"5";"10";"2024";"17:50";"1";"85";"85194";"2";"1";"2";"7";"Quai ernest de franqueville";"46,49758600";" -1,78609000"
"202400024690";"8";"10";"2024";"07:50";"2";"85";"85194";"2";"6";"1";"6";"Boulevard du vendée globe";"46,50699000";" -1,75702000"
"202400024691";"7";"10";"2024";"18:45";"1";"84";"84007";"2";"3";"1";"2";"MONTFAVET (ROUTE DE)";"43,94020000";"4,82979000"
"202400024692";"7";"10";"2024";"16:30";"1";"83";"83062";"2";"3";"1";"3";"ROUTE DE HYERES";"43,13506000";"6,03397000"
"202400024693";"6";"10";"2024";"21:35";"5";"80";"80021";"2";"1";"2";"7";"Rue Jules Barni";"49,88684000";"2,31596000"
"202400024694";"8";"10";"2024";"10:20";"1";"77";"77374";"1";"1";"8";"1";"D471";"48,79372151";"2,71476023"
"202400024695";"7";"10";"2024";"17:27";"1";"77";"77058";"1";"1";"2";"1";"D406";"48,83190000";"2,69860000"
"202400024696";"8";"10";"2024";"20:00";"3";"77";"77433";"1";"1";"3";"1";"D112E2";"48,75546454";"3,02839047"
"202400024697";"8";"10";"2024";"07:45";"2";"69";"69266";"2";"1";"3";"6";"3 Rue Bourgchanin";"45,76813000";"4,90246000"
"202400024698";"7";"10";"2024";"09:00";"1";"67";"67447";"2";"1";"3";"7";"PAIX (RUE DE LA)";"48,60664000";"7,73389000"
"202400024699";"8";"10";"2024";"10:00";"1";"66";"66136";"2";"1";"1";"2";"Ettore Bugatti";"42,73204000";"2,90583000"
"202400024700";"7";"10";"2024";"10:40";"1";"66";"66136";"2";"3";"2";"2";"PALAIS-DES-EXPO (AVENUE DU)";"42,70466000";"2,89329000"
"202400024701";"7";"10";"2024";"18:00";"1";"65";"65440";"2";"9";"1";"3";"Boulevard Jean Moulin";"43,21941839";"0,05782978"
"202400024702";"3";"10";"2024";"18:45";"1";"62";"62765";"2";"1";"1";"2";"Rue Eugene Delacroix";"50,74480708";"2,26325208"
"202400024703";"8";"10";"2024";"12:05";"1";"61";"61006";"2";"6";"1";"3";"Intersection D924 / D158";"48,74150200";" -0,02528400"
"202400024704";"8";"10";"2024";"16:25";"1";"59";"59560";"2";"3";"1";"3";"Rue Fénelon";"50,54908000";"3,02890000"
"202400024705";"8";"10";"2024";"12:25";"1";"59";"59350";"2";"3";"1";"3";"Rue de Marquillies";"50,61500000";"3,05000000"
"202400024706";"8";"10";"2024";"15:00";"1";"56";"56260";"2";"1";"1";"6";"Rue Francis Decker";"47,65871000";" -2,75522000"
"202400024707";"7";"10";"2024";"16:57";"1";"56";"56260";"2";"1";"8";"6";"Rue du 8 Mai 1945";"47,66050000";" -2,76045000"
"202400024708";"8";"10";"2024";"15:15";"1";"56";"56121";"2";"1";"1";"6";"Cours de La Bôve";"47,74652000";" -3,35967000"
"202400024709";"8";"10";"2024";"09:00";"1";"56";"56121";"2";"6";"1";"3";"Rue contre-amiral Alain Dordelin";"47,73290980";" -3,37213460"
"202400024710";"4";"10";"2024";"11:10";"1";"50";"50129";"2";"1";"1";"1";"BREQUECAL (RUE DE)";"49,62592670";" -1,54757800"
"202400024711";"7";"10";"2024";"18:30";"1";"49";"49328";"1";"1";"2";"2";"DELESSERT (BOULEVARD BENJAMIN)";"47,26015200";" -0,08912500"
"202400024712";"6";"10";"2024";"16:25";"1";"49";"49099";"2";"1";"8";"2";"VENDEE (RUE DE LA )";"47,05685000";" -0,88882000"
"202400024713";"7";"10";"2024";"20:21";"5";"49";"49246";"2";"1";"1";"6";"EUROPE AVENUE";"47,44259000";" -0,52740000"
"202400024714";"7";"10";"2024";"07:17";"2";"49";"49007";"1";"1";"1";"2";"RD 323";"47,46450000";" -0,57220000"
"202400024715";"8";"10";"2024";"23:37";"5";"45";"45285";"2";"1";"9";"7";"29 Rue du 11 Octobre";"47,91271900";"1,88196800"
"202400024716";"9";"10";"2024";"22:35";"4";"45";"45147";"2";"1";"2";"6";"215 Rue du Faubourg Bannier";"47,92114600";"1,89792500"
"202400024717";"8";"10";"2024";"16:25";"1";"45";"45302";"2";"1";"1";"4";"D557 PR 0 + 565";"47,95134000";"1,86146000"
"202400024718";"8";"10";"2024";"07:55";"1";"45";"45286";"2";"3";"2";"4";"Avenue Gaston Galloux";"47,88433100";"1,92446200"
"202400024719";"7";"10";"2024";"16:35";"1";"45";"45075";"2";"1";"2";"2";"3 Rue des Hauts";"47,88707100";"1,83871400"
"202400024720";"8";"10";"2024";"20:25";"5";"45";"45068";"2";"6";"2";"1";"21 Rue du 23 Août 1944";"48,00904000";"2,72161000"
"202400024721";"7";"10";"2024";"08:35";"1";"45";"45338";"2";"1";"1";"3";"58 Rue Henri Chaintreau";"47,98510300";"2,70541100"
"202400024722";"8";"10";"2024";"13:00";"1";"43";"43157";"2";"1";"1";"6";"Route Nationale 88";"45,04841000";"3,90263000"
"202400024723";"8";"10";"2024";"09:05";"1";"37";"37261";"2";"2";"1";"3";"HALLES (RUE DES)";"47,39355000";"0,68502000"
"202400024724";"8";"10";"2024";"07:40";"2";"37";"37261";"2";"6";"2";"3";"VICTOIRE (RUE DE LA)";"47,39533368";"0,67746779"
"202400024725";"8";"10";"2024";"06:05";"3";"37";"37195";"2";"1";"2";"6";"PROUDHON (AVENUE)";"47,38974664";"0,64776617"
"202400024726";"8";"10";"2024";"12:33";"1";"36";"36044";"2";"1";"1";"3";"Avenue Marcel Lemoine";"46,82082000";"1,69748000"
"202400024727";"8";"10";"2024";"16:30";"1";"34";"34301";"2";"9";"1";"3";"BLANC CAMILLE (BOULEVARD)";"43,41026000";"3,67687000"
"202400024728";"8";"10";"2024";"15:45";"1";"31";"31555";"2";"1";"1";"6";"RTE D ALBI";"43,63481000";"1,46358000"
"202400024729";"8";"10";"2024";"08:00";"2";"31";"31555";"2";"6";"1";"1";"RP CAZAUX";"43,62395040";"1,41935527"
"202400024730";"8";"10";"2024";"07:40";"2";"31";"31149";"2";"1";"1";"3";"Av Edouard Serres";"43,61032000";"1,35216000"
"202400024731";"8";"10";"2024";"16:40";"1";"30";"30028";"2";"1";"1";"7";"HUIT MAI (RUE DU)";"44,15546000";"4,61246000"
"202400024732";"8";"10";"2024";"09:20";"1";"29";"29232";"2";"1";"1";"2";"Boulevard de Creac'h Gwen";"47,97530100";" -4,09776800"
"202400024733";"3";"10";"2024";"18:30";"2";"70";"70285";"2";"3";"9";"7";"Rue du Four";"47,57556000";"6,75917000"
"202400024734";"8";"10";"2024";"07:55";"1";"23";"23096";"2";"3";"1";"6";"BORDIER (AVENUE)";"46,16712000";"1,87015000"
"202400024735";"8";"10";"2024";"23:30";"5";"14";"14220";"2";"1";"1";"7";"238 Avenue de la République";"49,35441000";"0,06591000"
"202400024736";"8";"10";"2024";"08:00";"1";"13";"13117";"2";"1";"2";"4";"ROUTE NATIONALE 113 - CARREFOUR";"43,42438000";"5,26578000"
"202400024737";"8";"10";"2024";"16:30";"1";"13";"13208";"2";"9";"1";"6";"HAMBOURG (BOULEVARD)";"43,25418000";"5,38323000"
"202400024738";"8";"10";"2024";"15:10";"1";"13";"13215";"2";"1";"1";"1";"LE CHATELIER";"43,34700000";"5,36858000"
"202400024739";"8";"10";"2024";"14:00";"1";"13";"13212";"2";"1";"1";"1";"GAROUTTE (BOULEVARD)";"43,30700000";"5,41300000"
"202400024740";"8";"10";"2024";"16:30";"1";"13";"13047";"2";"6";"1";"7";"RAYMOND FILIPPI AVENUE";"43,49039000";"4,98654000"
"202400024741";"8";"10";"2024";"05:00";"4";"13";"13005";"2";"1";"3";"7";"GEMENOS (ROUTE DE CD2)";"43,29835000";"5,59211000"
"202400024742";"8";"10";"2024";"08:15";"2";"13";"13001";"2";"4";"3";"3";"RIEU CHARLOUN (RUE)";"43,52978000";"5,41330000"
"202400024743";"5";"10";"2024";"04:10";"3";"11";"11262";"1";"1";"1";"1";"N/A";"43,19638000";"3,02680000"
"202400024744";"8";"10";"2024";"08:35";"1";"11";"11069";"2";"3";"1";"1";"8 Rue Antoine Marty";"43,21622000";"2,35987000"
"202400024745";"26";"01";"2024";"12:45";"1";"74";"74056";"2";"1";"1";"6";"Place du poilu";"45,92396600";"6,87271700"
"202400024746";"6";"06";"2024";"19:20";"1";"44";"44109";"2";"1";"1";"6";"Pont Pirmil";"47,20016579";" -1,54390671"
"202400024747";"23";"04";"2024";"17:55";"1";"82";"82125";"2";"1";"1";"6";"Route de Soudène";"43,94822300";"1,22850500"
"202400024748";"25";"06";"2024";"22:00";"2";"973";"97309";"2";"1";"8";"6";"TROUBIRAN (CHEMIN DE)";"4,91935000";" -52,30218000"
"202400024749";"26";"06";"2024";"09:37";"1";"69";"69386";"2";"1";"1";"6";"Rue Juliette Récamier";"45,76509000";"4,85460000"
"202400024750";"18";"06";"2024";"17:40";"1";"69";"69381";"2";"1";"1";"2";"Tunnel de la Croix-Rousse";"45,77273000";"4,83618000"
"202400024751";"25";"06";"2024";"18:15";"1";"69";"69384";"2";"1";"1";"6";"Tunnel de la Croix-Rousse";"45,77440000";"4,81439000"