"Num_Acc";"jour";"mois";"an";"hrmn";"lum";"dep";"com";"agg";"int";"atm";"col";"adr";"lat";"long"
"202400024752";"26";"06";"2024";"05:35";"1";100;100033";"2";"1";"1";"6";"11 - RT";"42,67697000";"9,44448000"
"202400024753";"26";"06";"2024";"08:20";"1";"971";"97113";"2";"1";"1";"2";"MONTAUBAN (SECTEUR)";"16,21359000";" -61,50085000"
"202400024754";"26";"06";"2024";"10:40";"1";"95";"95539";"2";"9";"7";"6";"CHAPELLE SAINT-NICOLAS (SENTIER DE LA )";"48,98999000";"2,36068000"
"202400024755";"25";"06";"2024";"18:15";"1";"95";"95428";"2";"4";"1";"3";"D125";"48,99330000";"2,33346000"
"202400024756";"26";"06";"2024";"03:10";"5";"91";"91161";"2";"1";"1";"7";"AV CHARLES DE GAULLE";"48,70470000";"2,32206000"
"202400024757";"26";"06";"2024";"11:45";"1";"91";"91326";"2";"3";"1";"3";"MONTTESSUY (RUE DE)";"48,68533000";"2,38327000"
"202400024758";"12";"06";"2024";"12:28";"1";"91";"91687";"2";"2";"1";"6";"GENERAL DE GAULLE (AVENUE DU)";"48,68153000";"2,37884000"
"202400024759";"26";"06";"2024";"15:10";"1";"84";"84031";"2";"1";"1";"6";"PETRARQUE AVENUE";"44,05472000";"5,04422000"
"202400024760";"26";"06";"2024";"20:10";"1";"83";"83129";"2";"1";"1";"6";"RAYOLET (CHEMIN DU)";"43,08919599";"5,81147164"
"202400024761";"23";"06";"2024";"17:50";"1";"83";"83069";"2";"1";"1";"1";"MANGIN (AVENUE GENERAL)";"43,12130000";"6,13374000"
"202400024762";"25";"06";"2024";"09:30";"1";"80";"80021";"2";"1";"1";"3";"QUATORZE JUILLET 1789 (AVENUE DU)";"49,88010000";"2,28300000"
"202400024763";"26";"06";"2024";"14:00";"1";"79";"79329";"1";"2";"1";"3";"N/A";"46,97783000";" -0,18070000"
"202400024764";"25";"06";"2024";"17:30";"1";"77";"77152";"2";"1";"1";"6";"FOCH(AVENUE DU MAL)LE RESTE";"48,52113000";"2,64312000"
"202400024765";"26";"06";"2024";"10:30";"1";"72";"72181";"2";"2";"1";"3";"BLANCHARD (RUE)";"47,97336000";"0,20357000"
"202400024766";"25";"06";"2024";"19:25";"1";"72";"72181";"2";"1";"1";"6";"DEMORIEUX (BD) ENTRE HUISNE ET RD-POINT";"47,99022000";"0,18246000"
"202400024767";"25";"06";"2024";"11:55";"1";"69";"69290";"2";"3";"1";"3";"Rue Henri Maréchal";"45,69449000";"4,94121000"
"202400024768";"25";"06";"2024";"18:35";"1";"67";"67482";"2";"1";"1";"3";"RHIN (AVENUE DU)";"48,57130000";"7,77349000"
"202400024769";"25";"06";"2024";"11:20";"1";"67";"67482";"2";"1";"1";"6";"FORET NOIRE (AVENUE DE LA)";"48,58377000";"7,77116000"
"202400024770";"25";"06";"2024";"07:30";"1";"67";"67043";"2";"1";"1";"6";"BRUMATH (ROUTE DE)";"48,61390000";"7,73290000"
"202400024771";"25";"06";"2024";"19:45";"1";"65";"65286";"2";"3";"1";"3";"Place du Champ Commun";"43,09355000";" -0,04758000"
"202400024772";"26";"06";"2024";"16:00";"1";"64";"64348";"2";"1";"1";"6";"FRERES MONTGOLFIER DES";"43,30842341";" -0,42232454"
"202400024773";"26";"06";"2024";"04:15";"5";"64";"64024";"2";"6";"1";"6";"BUTTE AUX CAILLES (ROND POINT DE LA)";"43,49675478";" -1,50949091"
"202400024774";"25";"06";"2024";"16:25";"1";"64";"64102";"2";"1";"1";"7";"RESPLANDY (AVENUE DU CAPITAINE)";"43,48375000";" -1,45562000"
"202400024775";"25";"06";"2024";"13:50";"1";"64";"64140";"2";"1";"1";"2";"BRAMARIE (RUE RAOUL)";"43,51889000";" -1,48646000"
"202400024776";"26";"06";"2024";"18:36";"1";"63";"63014";"2";"9";"1";"3";"MONTGOLFIER (RUE DES FRERES)";"45,74944000";"3,13706000"
"202400024777";"26";"06";"2024";"00:20";"4";"61";"61006";"2";"1";"1";"6";"2 Chemin de Frévent";"48,72045800";" -0,01067100"
"202400024778";"25";"06";"2024";"12:40";"1";"60";"60665";"1";"1";"1";"6";"Avenue de l'Europe";"49,40910000";"2,77871000"
"202400024779";"26";"06";"2024";"21:00";"1";"59";"59183";"2";"1";"1";"3";"UNIVERSITE - AVENUE";"51,03979000";"2,37209000"
"202400024780";"25";"06";"2024";"13:20";"1";"59";"59178";"2";"1";"1";"3";"TOURNAI (ROUTE DE)";"50,40723680";"3,12740688"
"202400024781";"25";"06";"2024";"08:50";"1";"59";"59574";"2";"1";"1";"6";"MICHEL LOUISE(BOULEVARD)";"50,36071822";"3,28051945"
"202400024782";"25";"06";"2024";"14:00";"1";"57";"57368";"2";"1";"1";"6";"REPUBLIQUE (RUE DE LA )";"49,33922500";"6,04238600"
"202400024783";"26";"06";"2024";"11:00";"1";"56";"56260";"2";"1";"1";"6";"Rue Joseph Le Brix";"47,65892000";" -2,75966000"
"202400024784";"25";"06";"2024";"13:15";"1";"56";"56121";"1";"6";"1";"2";"Rue Georges Pompidou";"47,73601800";" -3,36571800"
"202400024785";"25";"06";"2024";"17:35";"1";"54";"54482";"2";"1";"1";"6";"Rue Alexandre 1er";"48,70076400";"6,20199100"
"202400024786";"25";"06";"2024";"08:00";"1";"51";"51108";"2";"3";"1";"3";"GARE (AVE DE LA)";"48,95467000";"4,34881000"
"202400024787";"24";"06";"2024";"15:44";"1";"51";"51108";"2";"1";"1";"7";"DE GAULLE (AVE GENERAL)";"48,95084000";"4,36953000"
"202400024788";"23";"05";"2024";"21:50";"2";"49";"49099";"2";"6";"1";"6";"CHENE ROND (AVENUE DU)";"47,03950000";" -0,88522000"
"202400024789";"9";"06";"2024";"02:25";"3";"49";"49099";"2";"2";"1";"3";"LAENNEC (RUE DU DOCTEUR RENE)";"47,05883000";" -0,86627000"
"202400024790";"26";"06";"2024";"07:45";"1";"49";"49007";"2";"1";"1";"6";"MOLL";"47,48098000";" -0,56135000"
"202400024791";"1";"05";"2024";"03:20";"5";"42";"42071";"2";"1";"1";"6";"Avenue de la Libération";"46,01966900";"4,09002400"
"202400024792";"26";"06";"2024";"19:34";"1";"38";"38185";"2";"1";"1";"6";"COURS BERRIAT";"45,18776000";"5,72327000"
"202400024793";"25";"06";"2024";"17:02";"1";"37";"37214";"2";"6";"1";"3";"MARECHAL LECLERC (RD PT)";"47,41968000";"0,66328000"
"202400024794";"26";"06";"2024";"10:25";"1";"35";"35278";"1";"6";"1";"2";"MONTGERMONT (ROND POINT DE)";"48,15464000";" -1,70087000"
"202400024795";"26";"06";"2024";"10:00";"1";"35";"35238";"2";"2";"1";"1";"GRAND CORDEL (DU)";"48,12224666";" -1,66174382"
"202400024796";"26";"06";"2024";"18:40";"1";"34";"34172";"2";"6";"1";"3";"SOULAS (AVENUE DU PERE";"43,61830000";"3,86327000"
"202400024797";"25";"06";"2024";"08:48";"1";"34";"34003";"2";"1";"1";"2";"CHAINES (J18 A K18";"43,28219000";"3,51740000"
"202400024798";"26";"06";"2024";"11:30";"1";"33";"33318";"2";"2";"1";"3";"N/A";"44,80767000";" -0,66203000"
"202400024799";"24";"06";"2024";"17:00";"1";"33";"33119";"1";"1";"1";"6";"N/A";"44,85728800";" -0,53897900"
"202400024800";"26";"06";"2024";"02:25";"5";"31";"31555";"2";"1";"1";"6";"RUE MARIE LOUISE DISSART";"43,60280000";"1,36714000"
"202400024801";"25";"06";"2024";"22:15";"3";"15";"15012";"1";"6";"1";"3";"RD 920";"44,89353000";"2,44299000"
"202400024802";"25";"06";"2024";"11:10";"1";"15";"15014";"2";"1";"1";"3";"RD 120";"44,91574000";"2,42966000"
"202400024803";"25";"06";"2024";"12:05";"1";"15";"15014";"2";"2";"1";"6";"Boulevard Antony Joly";"44,92859000";"2,43341000"
"202400024804";"26";"06";"2024";"22:45";"5";"13";"13204";"2";"1";"1";"3";"HAITI (AVENUE D')";"43,29766000";"5,40632000"
"202400024805";"26";"06";"2024";"11:24";"1";"13";"13205";"2";"1";"1";"3";"BAILLE (BOULEVARD)";"43,28980000";"5,39820000"
"202400024806";"26";"06";"2024";"02:48";"5";"13";"13216";"2";"1";"1";"1";"RABELAIS (RUE)";"43,36034000";"5,33017000"
"202400024807";"26";"06";"2024";"01:35";"5";"13";"13204";"2";"2";"1";"2";"MARÉCHAL JUIN (BOULEVARD)";"43,30962000";"5,40293000"
"202400024808";"26";"06";"2024";"22:30";"5";"13";"13005";"2";"9";"1";"1";"RN 8";"43,29456428";"5,56026220"
"202400024809";"26";"06";"2024";"16:30";"1";"13";"13001";"2";"1";"1";"1";"BERRE (ROUTE DE)";"43,53087000";"5,41605000"
"202400024810";"21";"06";"2024";"17:10";"1";"13";"13001";"2";"1";"1";"1";"ANCIENNE ROUTE DES ALPES (RTE)";"43,54924228";"5,45604361"
"202400024811";"26";"06";"2024";"20:25";"1";"11";"11262";"2";"1";"1";"6";"N/A";"43,18784000";"3,00741000"
"202400024812";"26";"06";"2024";"09:00";"1";"11";"11262";"1";"1";"1";"6";"9 Rue Francis Aston";"43,15834500";"2,96926300"
"202400024813";"25";"06";"2024";"16:45";"1";"11";"11069";"2";"1";"1";"6";"N/A";"43,21061852";"2,33970165"
"202400024814";"26";"06";"2024";"23:05";"5";"06";"06088";"2";"1";"1";"6";"23 Avenue de la Californie";"43,69043200";"7,24287100"
"202400024815";"26";"06";"2024";"13:06";"1";"06";"06088";"2";"1";"1";"3";"62 Avenue des Arènes de Cimiez";"43,70849650";"7,27581250"
"202400024816";"25";"06";"2024";"00:19";"5";"06";"06088";"2";"1";"2";"2";"267 Promenade des Anglais";"43,68130000";"7,23180000"
"202400024817";"26";"06";"2024";"07:50";"1";"01";"01053";"2";"3";"1";"6";"JASSERON (AVENUE DE - N° PAIRS)";"46,21118900";"5,24341900"
"202400024818";"16";"11";"2024";"15:30";"1";"21";"21605";"2";"3";"1";"6";"Rue de l'Aige aux Mouches";"47,28994000";"5,10326300"
"202400024819";"11";"11";"2024";"15:55";"1";"77";"77238";"1";"1";"1";"7";"D402";"48,89065300";"3,09463100"
"202400024820";"26";"06";"2024";"11:45";"1";"75";"75113";"2";"1";"1";"3";"BD PERIPHERIQUE INTERIEUR";"48,81683300";"2,36498200"
"202400024821";"15";"11";"2024";"21:45";"3";"77";"77317";"2";"1";"1";"6";"Chemin de bagneaux";"48,60564900";"2,90002600"
"202400024822";"26";"06";"2024";"09:40";"1";"75";"75116";"2";"1";"1";"2";"BD PERIPHERIQUE INTERIEUR";"48,86906700";"2,27085000"
"202400024823";"15";"11";"2024";"22:50";"3";"84";"84118";"1";"1";"1";"6";"D943 PR 21-881";"43,96307500";"5,32924900"
"202400024824";"26";"06";"2024";"17:25";"1";"75";"75105";"2";"2";"1";"6";"RUE DE LA MONTAGNE SAINTE GENEVIEVE";"48,84862600";"2,34851700"
"202400024825";"13";"11";"2024";"17:00";"1";"67";"67282";"2";"1";"1";"2";"Impasse de la Soupe";"48,62174100";"7,48581200"
"202400024826";"26";"06";"2024";"08:40";"1";"75";"75119";"2";"3";"1";"6";"AVENUE JEAN JAURES";"48,88876200";"2,39313300"
"202400024827";"15";"11";"2024";"17:40";"3";"38";"38449";"2";"1";"8";"6";"Rue du Revolay";"45,65851500";"5,10035200"
"202400024828";"26";"06";"2024";"17:15";"1";"75";"75118";"2";"3";"1";"6";"BOULEVARD NEY";"48,89772519";"2,33750761"
"202400024829";"14";"11";"2024";"19:50";"3";"33";"33164";"1";"1";"1";"6";"N/A";"44,54075800";" -0,29117500"
"202400024830";"26";"06";"2024";"08:50";"1";"75";"75118";"2";"1";"1";"5";"BD PERIPHERIQUE INTERIEUR";"48,90037400";"2,37016300"
"202400024831";"15";"11";"2024";"08:00";"2";"49";"49023";"1";"3";"5";"1";"La Marottière (Jallais)";"47,18031000";" -0,93035600"
"202400024832";"26";"06";"2024";"19:20";"1";"75";"75117";"2";"2";"1";"6";"RUE GUY MOQUET";"48,89192000";"2,32216700"
"202400024833";"15";"11";"2024";"13:45";"1";"61";"61165";"1";"3";"1";"2";"D1";"48,41697500";" -0,02281700"
"202400024834";"26";"06";"2024";"09:50";"1";"75";"75117";"2";"1";"1";"3";"AVENUE DE CLICHY";"48,89346600";"2,31531900"
"202400024835";"26";"06";"2024";"18:35";"1";"75";"75116";"2";"3";"1";"3";"AVENUE DE NEW YORK";"48,86396100";"2,29885300"
"202400024836";"14";"11";"2024";"20:00";"5";"13";"13213";"1";"1";"1";"2";"A507 sens Marseille - Aubagne";"43,32991797";"5,40384676"
"202400024837";"25";"06";"2024";"19:29";"1";"75";"75117";"2";"4";"1";"3";"AVENUE DES TERNES";"48,87975500";"2,28936000"
"202400024838";"15";"11";"2024";"07:20";"2";"13";"13211";"1";"1";"1";"2";"A50-Sens Marseille vers Aubagne";"43,28649000";"5,43415000"
"202400024839";"26";"06";"2024";"16:30";"1";"75";"75115";"2";"3";"1";"6";"BOULEVARD GARIBALDI";"48,84671000";"2,30625000"
"202400024840";"14";"11";"2024";"06:20";"3";"13";"13216";"1";"1";"1";"3";"A55-Sens Marseille vers Martigues";"43,35189801";"5,34811807"
"202400024841";"14";"11";"2024";"23:53";"3";"13";"13215";"1";"1";"1";"6";"A55-Sens Marseille vers Martigues";"43,33188505";"5,35414144"
"202400024842";"26";"06";"2024";"14:00";"1";"75";"75115";"2";"2";"1";"6";"RUE DE LA CROIX NIVERT";"48,84234900";"2,29416000"
"202400024843";"14";"11";"2024";"20:00";"3";"13";"13005";"1";"1";"1";"6";"A502-Sens Toulon par R.N. vers  Aubagne";"43,28369465";"5,58567883"
"202400024844";"26";"06";"2024";"07:15";"1";"75";"75115";"2";"1";"1";"6";"BOULEVARD GARIBALDI";"48,84604900";"2,30765400"
"202400024845";"14";"11";"2024";"14:30";"1";"13";"13005";"1";"1";"1";"2";"A50-Sens Marseille vers Aubagne";"43,28664642";"5,53629823"
"202400024846";"26";"06";"2024";"00:40";"5";"75";"75112";"2";"1";"1";"2";"AVENUE DE LA PORTE DE VINCENNES";"48,84683200";"2,41283700"
"202400024847";"13";"11";"2024";"12:10";"1";"13";"13216";"1";"1";"1";"3";"A55-Sens Marseille vers Martigues";"43,34760000";"5,34500000"
"202400024848";"25";"06";"2024";"18:15";"1";"75";"75112";"2";"2";"1";"2";"AVENUE LEDRU ROLLIN";"48,84962500";"2,37430500"
"202400024849";"14";"11";"2024";"19:50";"5";"83";"83137";"1";"1";"1";"2";"A57";"43,12509627";"5,96961742"
"202400024850";"25";"06";"2024";"14:20";"1";"75";"75112";"2";"2";"1";"3";"AVENUE DU DOCTEUR ARNOLD NETTER";"48,84089100";"2,40471500"
"202400024851";"26";"06";"2024";"15:05";"1";"75";"75107";"2";"2";"1";"6";"RUE CLER";"48,85923400";"2,30509300"
"202400024852";"9";"11";"2024";"00:00";"3";"69";"69266";"1";"1";"1";"4";"Boulevard Périphérique Laurent Bonnevay";"45,77471000";"4,89899000"
"202400024853";"26";"06";"2024";"11:50";"1";"75";"75107";"2";"3";"1";"3";"RUE DU BAC";"48,85603200";"2,32595500"
"202400024854";"15";"11";"2024";"21:10";"5";"33";"33063";"1";"1";"1";"2";"N/A";"44,88083000";" -0,54213000"
"202400024855";"25";"06";"2024";"23:25";"5";"75";"75107";"2";"7";"1";"3";"PLACE DE LA RESISTANCE";"48,86240800";"2,30179000"
"202400024856";"13";"11";"2024";"11:45";"1";"33";"33550";"1";"1";"1";"2";"N/A";"44,77564000";" -0,55671000"
"202400024857";"25";"06";"2024";"22:40";"5";"94";"94081";"2";"1";"1";"7";"Rue des Contes de Fees";"48,77249000";"2,37325000"
"202400024858";"26";"06";"2024";"14:30";"1";"94";"94080";"2";"1";"1";"6";"Avenue Aubert";"48,84750003";"2,43392068"
"202400024859";"15";"11";"2024";"07:02";"3";"62";"62249";"1";"1";"1";"2";"A21";"50,42441000";"3,01522000"
"202400024860";"15";"11";"2024";"18:25";"3";"78";"78466";"1";"1";"1";"1";"A13";"48,92743000";"1,99181000"
"202400024861";"26";"06";"2024";"08:15";"1";"94";"94074";"2";"1";"1";"5";"Avenue Henri Barbusse";"48,76567000";"2,44160000"
"202400024862";"26";"06";"2024";"13:50";"1";"94";"94041";"2";"9";"1";"3";"Avenue Georges Gosnat";"48,81266000";"2,38736000"
"202400024863";"15";"11";"2024";"13:30";"1";"92";"92064";"1";"1";"1";"4";"A13";"48,83963957";"2,19735978"
"202400024864";"26";"06";"2024";"13:00";"1";"94";"94038";"2";"1";"1";"3";"Boulevard Paul Vaillant Couturier";"48,77602000";"2,33992000"
"202400024865";"15";"11";"2024";"13:50";"1";"92";"92025";"1";"1";"1";"2";"A86";"48,93376075";"2,25454017"
"202400024866";"26";"06";"2024";"10:45";"1";"77";"77291";"1";"1";"1";"3";"CHAPIT RE ( RUE DU)";"49,00543000";"2,61477000"
"202400024867";"15";"11";"2024";"08:00";"1";"92";"92025";"1";"1";"8";"3";"A86";"48,93213484";"2,24735175"
"202400024868";"26";"06";"2024";"11:00";"1";"93";"93066";"2";"3";"1";"6";"Allée Saint Just / Avenue George Sand";"48,90827771";"2,36441016"
"202400024869";"14";"11";"2024";"07:45";"1";"92";"92036";"1";"1";"1";"3";"A86";"48,93726854";"2,29465127"
"202400024870";"26";"06";"2024";"07:33";"1";"93";"93066";"2";"1";"1";"3";"Avenue du Président Wilson";"48,91103000";"2,35767000"
"202400024871";"15";"11";"2024";"09:55";"1";"95";"95061";"1";"1";"1";"6";"N104";"49,06798361";"2,25451979"
"202400024872";"26";"06";"2024";"15:40";"1";"93";"93064";"2";"1";"1";"2";"Rue de Lisbonne";"48,88098400";"2,47156500"
"202400024873";"14";"11";"2024";"22:35";"3";"95";"95306";"1";"1";"1";"2";"A15";"49,00685223";"2,16266973"
"202400024874";"15";"11";"2024";"19:20";"3";"94";"94015";"1";"1";"1";"2";"A4";"48,82945356";"2,52827231"
"202400024875";"26";"06";"2024";"16:45";"1";"93";"93055";"2";"3";"1";"3";"Avenue Édouard Vaillant / Rue Danton";"48,89717200";"2,39983400"
"202400024876";"25";"06";"2024";"15:10";"1";"93";"93053";"2";"1";"1";"6";"Avenue Victor Hugo";"48,89213170";"2,46769398"
"202400024877";"15";"11";"2024";"18:30";"3";"77";"77053";"1";"1";"1";"2";"RN104";"48,68816237";"2,59637086"
"202400024878";"26";"06";"2024";"08:45";"1";"93";"93032";"2";"3";"1";"3";"Rue du Rond Point / Rue Vaillant Couturier";"48,87299600";"2,55342800"
"202400024879";"6";"07";"2024";"16:00";"1";"13";"13038";"1";"1";"1";"3";"D17";"43,72927000";"4,74557900"
"202400024880";"15";"11";"2024";"09:00";"1";"988";"98818";"2";"1";"7";"6";"RUE LOUISE MICHEL";" -22,24115000";"166,46115000"
"202400024881";"26";"06";"2024";"17:09";"1";"93";"93079";"2";"2";"1";"3";"Rue du 19 Mars 1962 / Rue Henri Barbusse";"48,96159000";"2,34283000"
"202400024882";"26";"06";"2024";"16:00";"1";"93";"93029";"2";"1";"1";"7";"Rue Henri Rouanet";"48,92771800";"2,44896100"
"202400024883";"14";"11";"2024";"19:25";"5";"976";"97611";"2";"1";"1";"3";"mamoudzou centre-Commandant Passot (Plac";" -12,77830000";"45,23177000"
"202400024884";"26";"06";"2024";"20:50";"1";"93";"93008";"2";"1";"1";"2";"Avenue Louis Aragon";"48,91352000";"2,43821000"
"202400024885";"14";"11";"2024";"11:40";"1";"974";"97416";"2";"1";"1";"1";"BUREL (CHEMIN) (1)";" -21,29231000";"55,46599000"
"202400024886";"14";"11";"2024";"20:00";"5";"973";"97302";"2";"1";"1";"3";"BADUEL (ROUTE DE)";"4,93756000";" -52,31590000"
"202400024887";"14";"11";"2024";"18:00";"5";"69";"69386";"2";"1";"1";"6";"Avenue de Grande-Bretagne";"45,77550000";"4,84306000"
"202400024888";"26";"06";"2024";"11:00";"1";"92";"92062";"2";"1";"1";"3";"DE DION BOUTON (QUAI) DU 29 AU 65";"48,88270116";"2,24806345"
"202400024889";"25";"06";"2024";"23:45";"5";"92";"92040";"2";"3";"1";"2";"GUYNEMER";"48,83105410";"2,27887774"
"202400024890";"26";"06";"2024";"20:00";"2";"92";"92024";"2";"1";"1";"6";"GENERAL LECLERC (BD DU) DE (61 A 9)";"48,90141740";"2,31512922"
"202400024891";"14";"11";"2024";"14:45";"1";"69";"69386";"2";"3";"1";"3";"Avenue Maréchal de Saxe";"45,76600000";"4,84444000"
"202400024892";"26";"06";"2024";"19:50";"1";"92";"92004";"2";"1";"1";"3";"PIERRE BROSSOLETTE";"48,91224772";"2,29532146"
"202400024893";"27";"06";"2024";"09:20";"1";"60";"60402";"2";"3";"1";"1";"Rue du Général de Gaulle";"49,35704000";"2,75650600"
"202400024894";"27";"06";"2024";"20:00";"1";"76";"76115";"2";"3";"1";"7";"Route Nationale 15";"49,59923800";"0,56457800"
"202400024895";"14";"11";"2024";"09:50";"1";"69";"69387";"2";"1";"1";"6";"Avenue Berthelot";"45,74110000";"4,85492000"
"202400024896";"26";"06";"2024";"18:00";"1";"37";"37031";"1";"4";"7";"3";"D35";"47,29160500";"0,18796400"
"202400024897";"5";"11";"2024";"09:50";"1";"972";"97213";"1";"1";"1";"4";"AUTOROUTE A1";"14,61400000";" -61,01300000"
"202400024898";"27";"06";"2024";"18:45";"1";"12";"12300";"2";"1";"1";"1";"Rue Roger Cavaignac";"44,36551100";"2,03247100"
"202400024899";"13";"11";"2024";"11:20";"1";"972";"97209";"2";"3";"1";"3";"REDOUTE (ROUTE DE LA)";"14,62796000";" -61,05709000"
"202400024900";"26";"06";"2024";"19:15";"1";"36";"36097";"1";"1";"1";"6";"Chemin de Bellevue";"47,00261124";"1,75852845"
"202400024901";"13";"11";"2024";"09:15";"1";"972";"97209";"1";"1";"1";"6";"RD 41";"14,60952000";" -61,06576000"
"202400024902";"27";"06";"2024";"10:20";"1";"86";"86165";"1";"1";"1";"1";"Lieu Dit le Plasteau";"46,44445300";"0,82981200"
"202400024903";"14";"11";"2024";"19:09";"5";"69";"69382";"2";"5";"1";"3";"Quai Docteur Gailleton";"45,75723000";"4,83665000"
"202400024904";"13";"11";"2024";"07:41";"1";100;100033";"2";"1";"1";"2";"CAP - ROUTE DU CAP";"42,70890000";"9,45400000"
"202400024905";"27";"06";"2024";"08:13";"1";"65";"65337";"1";"3";"1";"3";"Chemin de la Coste";"43,22893900";"0,30894000"
"202400024906";"14";"11";"2024";"12:30";"1";"971";"97101";"2";"3";"1";"3";"Frédéric JALTON";"16,27297000";" -61,50505000"
"202400024907";"14";"11";"2024";"08:45";"1";"971";"97101";"1";"1";"1";"3";"PERRIN (SECTEUR)";"16,29304000";" -61,51134000"
"202400024908";"26";"06";"2024";"07:00";"2";"14";"14738";"1";"1";"1";"2";"A84";"49,16239300";" -0,44915200"
"202400024909";"13";"11";"2024";"13:45";"1";"971";"97120";"2";"1";"1";"2";"NELSON MANDELA";"16,24065469";" -61,53180599"
"202400024910";"14";"11";"2024";"13:40";"1";101;101004";"2";"2";"1";"3";"5 Avenue du President Kennedy";"41,93063000";"8,73774000"
"202400024911";"12";"11";"2024";"03:44";"3";"95";"95607";"2";"1";"1";"2";"JULES CESAR (CHAUSSEE)";"49,00715652";"2,20413744"
"202400024912";"14";"11";"2024";"14:20";"1";"95";"95210";"2";"1";"1";"3";"D928";"48,97583766";"2,30786952"
"202400024913";"27";"06";"2024";"15:15";"1";"44";"44113";"1";"2";"1";"3";"N/A";"47,59345200";" -1,58807200"
"202400024914";"14";"11";"2024";"08:40";"1";"95";"95306";"2";"1";"8";"6";"VAL (RUE DU)";"48,98972000";"2,16375000"
"202400024915";"14";"11";"2024";"18:20";"5";"91";"91425";"2";"1";"1";"6";"BD DU TEMERAIRE";"48,63796000";"2,27737000"
"202400024916";"27";"06";"2024";"09:25";"1";"71";"71456";"1";"2";"1";"3";"Route de Chalon";"46,80898200";"5,02715700"
"202400024917";"27";"06";"2024";"07:30";"1";"62";"62458";"2";"1";"1";"7";"Rue de Vincq";"50,80459200";"2,17817400"
"202400024918";"14";"11";"2024";"08:10";"1";"91";"91521";"2";"3";"1";"3";"AV PAUL LANGEVIN";"48,64761000";"2,39686000"
"202400024919";"26";"06";"2024";"18:12";"1";"56";"56079";"1";"1";"1";"7";"38 Equi";"47,93866800";" -2,52474700"
"202400024920";"26";"06";"2024";"14:45";"1";"56";"56124";"2";"9";"1";"6";"Place du Docteur Jean Queinnec";"47,81044800";" -2,38419400"
"202400024921";"14";"11";"2024";"17:45";"1";"84";"84007";"2";"3";"1";"3";"MONCLAR (AVENUE)";"43,93705000";"4,80491000"
"202400024922";"27";"06";"2024";"08:10";"1";"56";"56053";"1";"3";"1";"3";"Le Petit Boccolo";"47,71257000";" -2,61233200"
"202400024923";"14";"11";"2024";"16:20";"1";"83";"83144";"2";"1";"1";"6";"UNIVERSITE (AVE DE L')";"43,13686000";"6,00251000"
"202400024924";"26";"06";"2024";"08:05";"1";"56";"56206";"2";"9";"1";"6";"Rue Charles Peguy";"47,67951700";" -2,76227200"
"202400024925";"14";"11";"2024";"12:30";"1";"83";"83137";"2";"3";"1";"3";"STRASBOURG (BD DE )";"43,12454000";"5,93475000"
"202400024926";"8";"11";"2024";"12:25";"1";"82";"82121";"1";"6";"1";"6";"MONTECH (AVENUE DE)";"44,00238000";"1,34044000"
"202400024927";"26";"06";"2024";"19:00";"1";"59";"59580";"1";"1";"1";"1";"523 Chemin du Bois des Religieuses";"50,79648200";"2,61956300"
"202400024928";"13";"11";"2024";"17:30";"1";"80";"80021";"2";"1";"1";"7";"Rue du Professeur Christian Cabrol";"49,87722000";"2,26199000"
"202400024929";"13";"11";"2024";"15:20";"1";"78";"78440";"2";"1";"1";"6";"SEINE (RUE DE)";"48,99748000";"1,91002000"
"202400024930";"13";"11";"2024";"19:35";"5";"77";"77251";"2";"1";"1";"6";"ALL DE LA FETE";"48,61391000";"2,53943000"
"202400024931";"13";"11";"2024";"18:20";"3";"76";"76351";"2";"2";"1";"3";"MARTYRS (DES)";"49,51428900";"0,10859100"
"202400024932";"26";"06";"2024";"18:30";"1";"59";"59268";"1";"8";"1";"3";"Rue des Sûres - PN36";"50,64281400";"2,77574600"
"202400024933";"14";"11";"2024";"18:50";"3";"73";"73065";"1";"1";"1";"2";"N201";"45,58714000";"5,90368000"
"202400024934";"13";"11";"2024";"13:00";"1";"72";"72181";"2";"3";"1";"3";"MOZART (AV)";"47,97103000";"0,21067000"
"202400024935";"14";"11";"2024";"15:05";"1";"71";"71306";"2";"2";"1";"3";"BARBES (RUE)";"46,66497269";"4,36813563"
"202400024936";"27";"06";"2024";"17:49";"1";"67";"67310";"1";"3";"1";"1";"D208";"48,21324900";"7,51914100"
"202400024937";"13";"11";"2024";"16:35";"2";"67";"67482";"2";"3";"2";"6";"FOSSE RIEPBERG (RUE DU)";"48,56729000";"7,76917000"
"202400024938";"13";"11";"2024";"17:40";"2";"65";"65440";"2";"2";"8";"3";"Rue Marcel Lamarque";"43,24005000";"0,05170000"
"202400024939";"27";"06";"2024";"18:20";"1";"76";"76159";"1";"1";"1";"6";"D268";"49,76801700";"0,63787800"
"202400024940";"14";"11";"2024";"18:00";"5";"64";"64445";"2";"2";"1";"6";"CATHERINE DE BOURBON";"43,32469898";" -0,35756126"
"202400024941";"14";"11";"2024";"13:00";"1";"64";"64445";"1";"1";"1";"2";"EUROPE DE L'";"43,32319000";" -0,31545000"
"202400024942";"26";"06";"2024";"16:45";"1";101;101008";"1";"1";"1";"1";"Départementale 302";"41,86062023";"8,85900848"
"202400024943";"14";"11";"2024";"08:20";"1";"64";"64373";"2";"1";"8";"6";"8 MAI 1945 DU";"43,28057000";" -0,35484000"