"Num_Acc";"jour";"mois";"an";"hrmn";"lum";"dep";"com";"agg";"int";"atm";"col";"adr";"lat";"long"
"202400024944";"27";"06";"2024";"10:35";"1";100;100252";"1";"1";"1";"1";"Pelaventre";"42,44328500";"9,45755500"
"202400024945";"13";"11";"2024";"16:20";"1";"64";"64125";"2";"3";"1";"1";"UHABIA (RUE)";"43,43640000";" -1,59420000"
"202400024946";"27";"06";"2024";"09:12";"1";"89";"89446";"1";"1";"1";"6";"Route des Chaumots";"47,47023300";"3,72508400"
"202400024947";"27";"06";"2024";"10:00";"1";"89";"89419";"2";"1";"1";"2";"Avenue du Général de Gaulle";"47,72785000";"3,30886000"
"202400024948";"27";"06";"2024";"19:00";"2";"89";"89292";"1";"1";"3";"6";"D905";"47,95900000";"3,83440000"
"202400024949";"13";"11";"2024";"15:20";"1";"62";"62108";"2";"6";"1";"3";"Rond Point du Marquenterre";"50,40300000";"1,59239000"
"202400024950";"14";"11";"2024";"19:00";"5";"60";"60463";"2";"3";"2";"6";"Rue des Frères Péraux";"49,27552000";"2,47754000"
"202400024951";"25";"06";"2024";"18:42";"1";"63";"63172";"1";"1";"1";"7";"D996";"45,57233832";"3,05939601"
"202400024952";"14";"11";"2024";"13:50";"1";"59";"59426";"2";"2";"1";"3";"VERTUQUET (RUE DU)";"50,75676100";"3,16300900"
"202400024953";"14";"11";"2024";"15:45";"1";"59";"59350";"2";"1";"8";"6";"Boulevard Victor Hugo";"50,62144000";"3,05921400"
"202400024954";"26";"06";"2024";"21:25";"2";"63";"63146";"1";"2";"1";"3";"D997 /  VC route d'Ambert";"45,72177802";"3,36362775"
"202400024955";"26";"06";"2024";"21:50";"2";"61";"61050";"1";"1";"1";"6";"RD612";"48,44487700";"0,71415900"
"202400024956";"14";"11";"2024";"12:35";"1";"56";"56260";"2";"1";"1";"4";"Boulevard de Pontivy";"47,67096000";" -2,77089000"
"202400024957";"14";"11";"2024";"01:55";"3";"56";"56098";"2";"6";"1";"7";"Avenue Pablo Néruda";"47,76596000";" -3,32954000"
"202400024958";"27";"06";"2024";"16:40";"1";"61";"61507";"1";"1";"1";"6";"D281";"48,53891400";"0,59815400"
"202400024959";"7";"03";"2024";"21:11";"5";"83";"83137";"2";"1";"1";"1";"HERRIOT (AVE EDOUARD)";"43,12895768";"5,89524221"
"202400024960";"23";"06";"2024";"11:00";"1";"41";"41209";"1";"1";"7";"6";"D111";"47,83308100";"1,12962200"
"202400024961";"14";"11";"2024";"17:45";"5";"54";"54495";"2";"2";"1";"6";"Rue de Tomblaine";"48,68555000";"6,24025000"
"202400024962";"7";"03";"2024";"17:30";"2";"80";"80021";"2";"1";"1";"1";"Avenue Paul Claudel";"49,87461000";"2,26648000"
"202400024963";"25";"06";"2024";"07:40";"1";"29";"29185";"2";"3";"1";"3";"Boulevard de l’Europe";"48,65427687";" -4,16922170"
"202400024964";"7";"03";"2024";"18:35";"2";"78";"78551";"1";"1";"1";"6";"RD 190";"48,91635000";"2,06509000"
"202400024965";"13";"11";"2024";"16:40";"1";"54";"54395";"2";"3";"1";"3";"Rue des Ponts";"48,68783000";"6,18228000"
"202400024966";"26";"06";"2024";"21:40";"2";"02";"02014";"2";"2";"1";"3";"Rue Moreau Moraux";"49,60770300";"3,30253200"
"202400024967";"7";"03";"2024";"01:15";"3";"77";"77373";"1";"1";"1";"2";"CHE D 21";"48,78375000";"2,62599000"
"202400024968";"13";"11";"2024";"13:20";"1";"54";"54395";"2";"1";"1";"7";"Rue Mansuy Gauvain";"48,67918698";"6,19799763"
"202400024969";"14";"11";"2024";"19:10";"5";"51";"51230";"2";"6";"1";"6";"HUIT MAI 1945 (AVENUE DU)";"49,02970000";"3,95340000"
"202400024970";"27";"06";"2024";"08:15";"1";"54";"54157";"2";"1";"1";"2";"128 Avenue du Général de Gaulle";"48,83853900";"6,07228100"
"202400024971";"7";"03";"2024";"08:00";"2";"77";"77288";"2";"1";"1";"6";"PATTON  (AVENUE GENERAL)";"48,54624000";"2,65060000"
"202400024972";"7";"11";"2024";"13:25";"1";"51";"51108";"2";"3";"1";"6";"PERTHUIS (CHEMIN DU)";"48,95420300";"4,35096400"
"202400024973";"7";"03";"2024";"19:30";"5";"77";"77284";"2";"6";"1";"3";"CLEMENCEAU (AV.)";"48,96254000";"2,87612000"
"202400024974";"26";"06";"2024";"19:50";"1";"06";"06023";"1";"9";"1";"7";"D93 Pienne-Haute";"43,88203600";"7,51001600"
"202400024975";"6";"03";"2024";"17:45";"2";"77";"77132";"2";"9";"2";"1";"RUE DES BOURGOGNES";"48,90590000";"2,80030000"
"202400024976";"10";"11";"2024";"16:45";"1";"49";"49099";"2";"3";"8";"6";"COUBERTIN (BOULEVARD PIERRE DE)";"47,04802000";" -0,87460000"
"202400024977";"22";"06";"2024";"07:55";"1";"14";"14169";"1";"1";"1";"6";"D12";"49,29957800";" -0,51762300"
"202400024978";"7";"03";"2024";"09:42";"1";"77";"77333";"2";"1";"1";"6";"AV DE LYON";"48,26322600";"2,69976600"
"202400024979";"14";"11";"2024";"22:15";"5";"49";"49007";"2";"1";"1";"6";"SAINT JACQUES";"47,47377000";" -0,57393000"
"202400024980";"7";"03";"2024";"06:15";"5";"76";"76498";"2";"3";"1";"6";"Allée Raoul Dufy";"49,42670000";"1,06213000"
"202400024981";"27";"06";"2024";"14:19";"1";"60";"60616";"2";"1";"7";"3";"D915";"49,36058800";"1,76899800"
"202400024982";"13";"11";"2024";"07:40";"2";"49";"49246";"2";"1";"1";"3";"SAND PLACE";"47,43377000";" -0,51979000"
"202400024983";"7";"03";"2024";"09:26";"1";"74";"74010";"2";"4";"1";"3";"ILES (AVENUE DES)(SECTEUR 420)";"45,91206000";"6,11343000"
"202400024984";"27";"06";"2024";"11:20";"1";"16";"16308";"1";"1";"1";"3";"N/A";"45,89707000";"0,45571800"
"202400024985";"14";"11";"2024";"16:15";"1";"47";"47031";"1";"1";"1";"3";"JEAN JAURES (Avenue)  ";"44,17763000";"0,64001000"
"202400024986";"7";"03";"2024";"16:00";"1";"69";"69264";"2";"1";"1";"2";"Rue Grange Blazet";"45,98322585";"4,71962679"
"202400024987";"27";"06";"2024";"06:30";"2";"07";"07304";"1";"1";"1";"7";"125 Route Vieille";"44,38769600";"4,37616900"
"202400024988";"14";"11";"2024";"09:20";"1";"47";"47001";"2";"1";"1";"6";"FALLIERES (PLACE ARMAND)";"44,19971000";"0,61709000"
"202400024989";"19";"02";"2024";"01:30";"5";"69";"69259";"2";"1";"2";"6";"2 Avenue du 11 Novembre 1918";"45,68908996";"4,86493068"
"202400024990";"14";"11";"2024";"12:00";"1";"45";"45234";"2";"9";"1";"6";"Avenue Jean Zay";"47,90635600";"1,92194600"
"202400024991";"26";"06";"2024";"20:00";"1";"07";"07330";"1";"1";"1";"3";"Route de Bourg Saint Andéol";"44,40649300";"4,42222200"
"202400024992";"7";"03";"2024";"14:45";"1";"66";"66136";"2";"1";"1";"6";"Avenue du LANGUEDOC";"42,73261000";"2,88955000"
"202400024993";"25";"06";"2024";"00:38";"3";"17";"17026";"1";"2";"1";"7";"D134 - D229E1";"45,83712700";" -0,42471200"
"202400024994";"7";"03";"2024";"21:20";"5";"64";"64445";"2";"9";"1";"2";"N/A";"43,31018000";" -0,37708000"
"202400024995";"13";"11";"2024";"16:45";"1";"44";"44184";"2";"1";"1";"5";"Boulevard Georges Charpak";"47,27063000";" -2,25013000"
"202400024996";"7";"03";"2024";"09:06";"1";"64";"64445";"2";"1";"1";"2";"JEAN MERMOZ";"43,31654000";" -0,37814000"
"202400024997";"26";"06";"2024";"16:15";"1";"88";"88372";"1";"1";"7";"1";"D392a";"48,41952500";"6,89542300"
"202400024998";"12";"11";"2024";"08:15";"1";"44";"44143";"2";"1";"1";"6";"25 Avenue de la Libération";"47,19203000";" -1,54757000"
"202400024999";"7";"03";"2024";"11:50";"1";"64";"64125";"2";"9";"1";"2";"ATHERBEA (AVENUE)";"43,43773203";" -1,58976942"
"202400025000";"26";"06";"2024";"16:00";"1";"987";"98734";"1";"1";"7";"2";"RT1 pk 34.100";" -17,75655635";" -149,51990604"
"202400025001";"14";"11";"2024";"07:15";"1";"34";"34172";"2";"1";"1";"6";"VANIERES (AVENUE DE)";"43,59651000";"3,84514000"
"202400025002";"7";"03";"2024";"08:00";"1";"63";"63113";"2";"3";"1";"3";"CANROBERT (RUE)";"45,78760546";"3,06289762"
"202400025003";"26";"06";"2024";"12:12";"1";"10";"10438";"1";"1";"1";"6";"Autoroute A 5";"48,16784900";"4,54771800"
"202400025004";"7";"03";"2024";"19:50";"5";"62";"62528";"2";"1";"1";"6";"Rue Roger Salengro";"50,45269000";"2,79611000"
"202400025005";"14";"11";"2024";"20:30";"5";"33";"33063";"2";"5";"1";"3";"N/A";"44,83950000";" -0,58093000"
"202400025006";"7";"03";"2024";"15:15";"1";"59";"59599";"2";"1";"1";"6";"Rue du Moulin Fagot";"50,72501600";"3,16735000"
"202400025007";"27";"06";"2024";"14:30";"1";"24";"24091";"1";"2";"1";"3";"Maraval";"44,77158200";"1,21817100"
"202400025008";"14";"11";"2024";"18:15";"5";"33";"33162";"2";"1";"1";"3";"N/A";"44,86194000";" -0,64442000"
"202400025009";"27";"06";"2024";"08:50";"1";"06";"06085";"2";"9";"1";"2";"701 Chemin des Campelieres";"43,58059100";"7,00678900"
"202400025010";"6";"03";"2024";"17:20";"1";"59";"59350";"2";"1";"8";"2";"Boulevard de la Moselle";"50,62642900";"3,03113600"
"202400025011";"26";"06";"2024";"17:04";"1";"53";"53001";"1";"2";"1";"3";"Intersection D771 et D553";"47,98957900";" -0,85366100"
"202400025012";"14";"11";"2024";"08:00";"1";"33";"33032";"2";"1";"1";"3";"N/A";"44,89123000";" -0,51639000"
"202400025013";"7";"03";"2024";"10:40";"1";"59";"59017";"2";"1";"7";"6";"BLUM  (AVENUE LEON)";"50,69417000";"2,88715000"
"202400025014";"26";"06";"2024";"18:30";"5";"987";"98715";"2";"1";"1";"3";"RT1 - Face à la Mairie";" -17,55291200";" -149,59953700"
"202400025015";"13";"11";"2024";"17:45";"1";"33";"33162";"2";"1";"1";"3";"N/A";"44,86095000";" -0,63981000"
"202400025016";"7";"03";"2024";"16:03";"1";"56";"56260";"2";"1";"1";"2";"Avenue du Maréchal de Lattre De Tassigny";"47,64495000";" -2,75983000"
"202400025017";"26";"06";"2024";"16:30";"1";"06";"06088";"2";"1";"8";"3";"A8 - PK 190.700 - CHAUSSÉE SUD";"43,72452900";"7,22962600"
"202400025018";"13";"11";"2024";"07:30";"3";"33";"33529";"1";"3";"1";"2";"N/A";"44,58754000";" -1,13515000"
"202400025019";"6";"03";"2024";"12:38";"1";"56";"56098";"2";"2";"2";"3";"27 Rue Jean Jaurès";"47,76338700";" -3,36159910"
"202400025020";"26";"06";"2024";"02:40";"3";"38";"38348";"1";"1";"1";"2";"A43";"45,57233600";"5,31730700"
"202400025021";"14";"11";"2024";"18:00";"2";"31";"31555";"2";"7";"1";"3";"Passage Albert Camus";"43,56321410";"1,39564100"
"202400025022";"26";"06";"2024";"16:05";"1";"78";"78569";"1";"1";"1";"6";"A10";"48,54846300";"1,91592200"
"202400025023";"6";"03";"2024";"12:20";"1";"51";"51454";"2";"1";"1";"1";"GOULETTE (RUE)";"49,27017000";"4,05427000"
"202400025024";"14";"11";"2024";"15:50";"1";"28";"28134";"1";"1";"7";"4";"RN 154";"48,73750222";"1,38327749"
"202400025025";"6";"03";"2024";"17:14";"1";"50";"50218";"2";"1";"1";"6";"IMPASSE DES TREMAILLEURS";"48,83322000";" -1,55149000"
"202400025026";"24";"06";"2024";"06:30";"1";"988";"98805";"1";"1";"1";"1";"VE2 sens Sud/Nord";" -22,18149400";"166,43001800"
"202400025027";"26";"06";"2024";"11:00";"1";"971";"97124";"2";"1";"1";"6";"Rue Joseph Pitat";"16,01418800";" -61,70928800"
"202400025028";"13";"11";"2024";"07:20";"5";"27";"27299";"2";"1";"1";"2";"BRIAND (AVENUE ARISTIDE)";"49,05717000";"1,16863000"
"202400025029";"6";"03";"2024";"18:25";"1";"50";"50129";"2";"1";"1";"2";"boulevard de l'Est";"49,63597000";" -1,58031000"
"202400025030";"26";"06";"2024";"10:00";"1";"77";"77493";"2";"6";"1";"6";"Rue de l'Egalite";"48,64481900";"2,83539500"
"202400025031";"14";"11";"2024";"13:25";"1";"25";"25204";"1";"2";"1";"3";"Point du Jour  (rue du)";"46,92532800";"6,35659100"
"202400025032";"6";"03";"2024";"13:09";"1";"49";"49007";"2";"1";"1";"6";"PATTON AVENUE";"47,47371000";" -0,58005000"
"202400025033";"10";"11";"2024";"16:55";"1";"15";"15012";"1";"1";"1";"6";"RD 920";"44,84499000";"2,47002000"
"202400025034";"26";"06";"2024";"17:00";"1";"34";"34199";"1";"1";"1";"1";"Chemin de la carrière Mercadale";"43,45909100";"3,43081900"
"202400025035";"6";"03";"2024";"19:30";"5";"49";"49007";"2";"1";"1";"2";"CHATEAU D'ORGEMONT RUE ET SQU";"47,45183000";" -0,54484000"
"202400025036";"14";"11";"2024";"17:10";"5";"13";"13210";"2";"2";"1";"3";"MAURIAC (RUE)";"43,27150000";"5,42196000"
"202400025037";"6";"03";"2024";"20:25";"5";"49";"49007";"2";"1";"1";"6";"Boulevard Charles Barangé";"47,46064000";" -0,57203000"
"202400025038";"23";"06";"2024";"07:15";"2";"84";"84092";"2";"3";"7";"1";"64 Avenue François Lascour";"43,96259500";"4,86341100"
"202400025039";"13";"11";"2024";"15:40";"1";"13";"13204";"2";"1";"1";"6";"D'ARRAS (BOULEVARD)";"43,30858058";"5,40114423"
"202400025040";"14";"11";"2024";"18:00";"5";"13";"13005";"2";"1";"1";"2";"GEMENOS (ROUTE DE CD2)";"43,29748888";"5,58708286"
"202400025041";"7";"03";"2024";"19:28";"1";"42";"42184";"2";"6";"1";"3";"Boulevard Ouest";"46,03104244";"4,04583693"
"202400025042";"26";"06";"2024";"14:45";"1";"83";"83077";"1";"3";"1";"3";"RD 5";"43,30316800";"5,98703900"
"202400025043";"13";"11";"2024";"21:30";"5";"10";"10387";"2";"4";"1";"6";"Avenue Anatole France";"48,28397000";"4,07281000"
"202400025044";"24";"05";"2024";"07:20";"1";"83";"83055";"1";"1";"1";"6";"Route de Seillans";"43,62408500";"6,67153400"
"202400025045";"6";"03";"2024";"13:55";"1";"39";"39198";"2";"3";"1";"3";"Avenue Jean Jaurès";"47,09391700";"5,49779300"
"202400025046";"14";"11";"2024";"09:00";"1";"06";"06069";"2";"4";"1";"5";"36 Avenue Antoine de Saint Exupéry";"43,66200000";"6,93377000"
"202400025047";"7";"03";"2024";"11:50";"1";"37";"37261";"2";"1";"1";"3";"FROMENTEL (RUE)";"47,38232000";"0,69212000"
"202400025048";"26";"06";"2024";"10:00";"1";"13";"13110";"1";"2";"1";"3";"D7n";"43,48336400";"5,68662600"
"202400025049";"14";"11";"2024";"07:45";"1";"06";"06069";"2";"3";"1";"3";"2 Avenue de l'Oliveraie";"43,64858000";"6,93096000"
"202400025050";"7";"03";"2024";"23:00";"5";"35";"35238";"2";"2";"1";"3";"CHURCHILL (AVENUE SIR WINSTON)";"48,12034000";" -1,70828000"
"202400025051";"13";"11";"2024";"09:22";"1";"02";"02691";"2";"1";"1";"6";"N/A";"49,86520000";"3,28992000"
"202400025052";"7";"03";"2024";"15:00";"1";"35";"35238";"2";"1";"1";"3";"PATIS TATELIN (LIEU-DIT LE)";"48,13300000";" -1,63900000"
"202400025053";"27";"06";"2024";"11:50";"1";"69";"69019";"2";"1";"1";"6";"Route Départementale 337";"46,11917100";"4,71574700"
"202400025054";"5";"11";"2024";"19:55";"5";"01";"01031";"2";"9";"1";"3";"FORGE DE N°     A  N°    (RTE DE LA)";"46,25099000";"5,63530000"
"202400025055";"7";"03";"2024";"14:16";"1";"34";"34172";"2";"1";"1";"3";"TOULOUSE (AVENUE DE";"43,59256300";"3,85880000"
"202400025056";"26";"06";"2024";"19:59";"1";"64";"64407";"2";"1";"1";"7";"D712";"43,47723100";" -1,43316200"
"202400025057";"26";"06";"2024";"06:57";"1";"33";"33548";"1";"1";"1";"7";"N/A";"44,97069600";" -0,30184000"
"202400025058";"7";"03";"2024";"13:00";"1";"34";"34172";"2";"4";"1";"3";"BOUISSON-BERTRAND (AVENUE)";"43,61710000";"3,87332000"
"202400025059";"13";"11";"2024";"16:54";"1";"75";"75113";"2";"3";"1";"3";"BOULEVARD VINCENT AURIOL";"48,83728800";"2,37378600"
"202400025060";"7";"03";"2024";"20:30";"5";"33";"33063";"2";"1";"1";"2";"N/A";"44,83191000";" -0,55781000"
"202400025061";"26";"06";"2024";"02:00";"3";"50";"50095";"1";"1";"1";"6";"2108 route de la vire";"49,08823000";" -1,13352300"
"202400025062";"14";"11";"2024";"09:50";"1";"75";"75120";"2";"2";"1";"3";"BOULEVARD DE MENILMONTANT";"48,85983200";"2,38875600"
"202400025063";"20";"06";"2024";"17:45";"1";"76";"76057";"2";"9";"1";"3";"Rue Jean Jaurès";"49,54567484";"0,95428191"
"202400025064";"7";"03";"2024";"18:20";"1";"33";"33162";"2";"3";"1";"3";"N/A";"44,88734000";" -0,64221000"
"202400025065";"26";"06";"2024";"13:55";"1";"62";"62235";"1";"1";"7";"1";"D240";"50,65330996";"1,64878440"
"202400025066";"6";"03";"2024";"17:10";"1";"33";"33009";"2";"1";"1";"3";"N/A";"44,66019000";" -1,16501400"
"202400025067";"14";"11";"2024";"08:32";"1";"75";"75116";"2";"3";"1";"3";"BOULEVARD SUCHET";"48,85192700";"2,26117800"
"202400025068";"24";"06";"2024";"18:13";"1";"59";"59378";"1";"1";"1";"6";"AUTOROUTE A22";"50,67406000";"3,11420000"
"202400025069";"14";"11";"2024";"10:30";"1";"75";"75115";"2";"3";"1";"2";"AVENUE DE LA PORTE BRANCION";"48,82756700";"2,30109600"
"202400025070";"7";"03";"2024";"11:30";"1";"31";"31555";"2";"1";"1";"3";"BARCELONE (ALL DE) DU 16AU 156";"43,60921100";"1,42351000"
"202400025071";"25";"06";"2024";"21:51";"2";"91";"91471";"1";"1";"1";"2";"RN 118";"48,69610000";"2,19240000"
"202400025072";"7";"03";"2024";"12:30";"1";"31";"31069";"1";"1";"1";"3";"CORNEBARRIEU (ROUTE DE)";"43,64450000";"1,36189000"
"202400025073";"14";"11";"2024";"20:09";"5";"75";"75113";"2";"2";"1";"3";"BOULEVARD MASSENA";"48,82012100";"2,36464100"
"202400025074";"7";"03";"2024";"23:45";"5";"28";"28134";"2";"1";"1";"6";"SAINT THIBAULT (RUE)";"48,73355200";"1,35376100"
"202400025075";"26";"06";"2024";"14:20";"1";"92";"92036";"1";"1";"1";"2";"A86";"48,93565576";"2,26424299"
"202400025076";"26";"06";"2024";"20:50";"2";"93";"93001";"1";"1";"1";"6";"A86";"48,92093891";"2,37306833"
"202400025077";"14";"11";"2024";"11:25";"1";"75";"75113";"2";"3";"1";"3";"AVENUE D ITALIE";"48,82282800";"2,35844100"
"202400025078";"7";"03";"2024";"05:05";"5";"25";"25462";"2";"2";"1";"3";"MARPAUD";"46,90224000";"6,35437000"
"202400025079";"26";"06";"2024";"07:45";"1";"93";"93053";"1";"1";"1";"3";"A3";"48,89332229";"2,47257373"
"202400025080";"14";"11";"2024";"19:40";"5";"75";"75108";"2";"3";"1";"6";"BOULEVARD MALESHERBES";"48,88009200";"2,31345800"
"202400025081";"26";"02";"2024";"18:00";"1";"24";"24037";"1";"1";"1";"4";"RD 936 E1";"44,83390000";"0,45070000"
"202400025082";"25";"06";"2024";"22:10";"3";"93";"93053";"1";"1";"1";"3";"A3";"48,88380049";"2,46676219"
"202400025083";"14";"11";"2024";"06:10";"5";"75";"75108";"2";"1";"1";"7";"AVENUE DES CHAMPS ELYSEES";"48,86628400";"2,31858200"
"202400025084";"26";"06";"2024";"09:15";"1";"94";"94018";"1";"1";"1";"3";"A4";"48,82465601";"2,39368239"
"202400025085";"26";"06";"2024";"03:25";"3";"94";"94042";"1";"1";"1";"2";"A4";"48,82832701";"2,47421970"
"202400025086";"13";"11";"2024";"16:05";"1";"75";"75108";"2";"7";"1";"3";"PLACE DE LA CONCORDE";"48,86645200";"2,32185300"
"202400025087";"30";"03";"2024";"14:15";"1";"14";"14425";"1";"1";"1";"7";"D511";"49,08782894";"0,11214495"
"202400025088";"2";"01";"2024";"18:00";"3";"14";"14666";"2";"1";"1";"3";"6bis Route de Caen";"49,17844076";" -0,21735281"
"202400025089";"14";"11";"2024";"20:15";"5";"75";"75101";"2";"2";"1";"6";"RUE MONTMARTRE";"48,86478800";"2,34513300"
"202400025090";"3";"02";"2024";"11:50";"1";"13";"13056";"2";"3";"1";"3";"CD 5 (Route d'Istres)";"43,42480000";"5,05366000"
"202400025091";"14";"11";"2024";"11:55";"1";"75";"75103";"2";"3";"1";"3";"BOULEVARD DU TEMPLE";"48,86306800";"2,36674000"
"202400025092";"24";"06";"2024";"16:50";"1";"974";"97411";"2";"1";"1";"1";"LATTRE DE TASSIGNY (AVENUE MARECHAL DE)";" -20,88978000";"55,47747000"
"202400025093";"14";"11";"2024";"08:30";"1";"75";"75103";"2";"3";"1";"2";"RUE DU TEMPLE";"48,86718200";"2,36281900"
"202400025094";"24";"06";"2024";"05:25";"2";"974";"97411";"2";"6";"1";"7";"JAURES (BOULEVARD JEAN)";" -20,90072000";"55,49202000"
"202400025095";"13";"11";"2024";"19:15";"5";"94";"94081";"2";"1";"1";"6";"Avenue de l'Abbé Roger Derry";"48,78970900";"2,39013400"
"202400025096";"14";"11";"2024";"16:15";"1";"94";"94044";"2";"1";"1";"6";"Rue Albert Garry";"48,75551551";"2,48094262"
"202400025097";"25";"06";"2024";"18:55";"1";"69";"69387";"2";"3";"1";"3";"Rue Etienne Jayet";"45,74147000";"4,84040000"
"202400025098";"25";"06";"2024";"08:25";"1";"972";"97213";"2";"1";"2";"6";"ROUTE DEPARTEMENTALE 13";"14,63065000";" -61,02951000"
"202400025099";"14";"11";"2024";"06:17";"5";"94";"94078";"2";"1";"1";"3";"Avenue du 8 Mai 1945";"48,72806000";"2,44587000"
"202400025100";"24";"06";"2024";"09:27";"1";"972";"97209";"1";"6";"1";"4";"BEAUSEJOUR JAMBETTE (ROUTE DE )";"14,62732000";" -61,04030000"
"202400025101";"14";"11";"2024";"09:30";"1";"94";"94068";"2";"2";"1";"6";"Rue de la Varenne";"48,80915000";"2,47218000"
"202400025102";"24";"06";"2024";"08:40";"1";"971";"97113";"2";"1";"2";"1";"SECTION GRANDE RAVINE";"16,21662510";" -61,48112297"
"202400025103";"14";"11";"2024";"12:02";"1";"94";"94042";"2";"1";"1";"6";"Avenue du Général Galliéni";"48,81999500";"2,48099600"
"202400025104";"23";"06";"2024";"20:45";"5";"971";"97101";"1";"1";"3";"6";"DE LA BALANCE (CHEMIN)";"16,29371505";" -61,49980724"
"202400025105";"13";"11";"2024";"22:40";"5";"94";"94046";"2";"3";"1";"3";"Avenue du Général Leclerc";"48,81012000";"2,43292000"
"202400025106";"14";"11";"2024";"19:25";"1";"93";"93062";"2";"1";"1";"3";"RESISTANCE (AVENUE DE LA)";"48,89622000";"2,51468000"
"202400025107";"25";"06";"2024";"08:00";"1";101;101004";"2";"4";"1";"3";"830 Chemin de Loretto";"41,93130000";"8,72840000"
"202400025108";"12";"11";"2024";"18:20";"5";"93";"93051";"2";"1";"8";"3";"NEUILLY (ROUTE)";"48,84899792";"2,53758268"
"202400025109";"14";"11";"2024";"18:00";"5";"93";"93050";"2";"1";"1";"3";"HIPPOLYTE  PINA  (RUE)";"48,87131000";"2,54438000"
"202400025110";"13";"11";"2024";"16:29";"1";"93";"93079";"2";"9";"1";"6";"DIVISION LECLERC (AV)";"48,95281000";"2,34344000"
"202400025111";"14";"11";"2024";"08:55";"1";"93";"93007";"2";"9";"1";"3";"CHARLES FLOQUET (AVENUE)";"48,94046355";"2,44545704"
"202400025112";"14";"11";"2024";"17:51";"5";"92";"92064";"2";"1";"1";"6";"CARNOT";"48,84614388";"2,22391337"
"202400025113";"12";"11";"2024";"10:15";"1";"92";"92051";"2";"1";"2";"3";"BINEAU (BOULEVARD, N°133 A 217 ET 134 A";"48,88950402";"2,27259010"
"202400025114";"7";"10";"2024";"21:30";"5";"92";"92035";"2";"1";"3";"6";"Général de Gaulle  ( avenue du )";"48,90961000";"2,25508000"
"202400025115";"14";"11";"2024";"10:04";"1";"92";"92026";"2";"1";"1";"2";"BEZONS (DE 23 A FIN)";"48,89640740";"2,24858075"
"202400025116";"14";"11";"2024";"08:30";"1";"92";"92023";"2";"1";"1";"6";"HENRI BARBUSSE (AVENUE)";"48,80582151";"2,25914285"
"202400025117";"13";"11";"2024";"17:45";"2";"92";"92004";"2";"1";"1";"6";"VOLTAIRE ( BD )";"48,91649000";"2,28934000"
"202400025118";"15";"11";"2024";"17:30";"2";"86";"86153";"1";"1";"1";"6";"D727";"46,38985900";"0,68058500"
"202400025119";"15";"11";"2024";"00:10";"4";"01";"01248";"1";"1";"1";"3";"d1083";"45,91274300";"4,94092900"
"202400025120";"14";"11";"2024";"14:45";"1";"33";"33154";"1";"3";"1";"2";"N/A";"45,09612500";" -0,04058200"
"202400025121";"14";"11";"2024";"18:00";"5";"972";"97217";"2";"1";"1";"6";"Route nationale 5";"14,47237200";" -60,87844100"
"202400025122";"12";"11";"2024";"15:20";"1";"38";"38373";"1";"1";"1";"6";"48 Chemin des Bouleaux";"45,35795800";"5,54456600"
"202400025123";"8";"11";"2024";"07:45";"1";"83";"83054";"2";"9";"1";"3";"Chemin Alphonse Lavallee";"43,15608400";"6,04387500"
"202400025124";"14";"11";"2024";"11:45";"1";"83";"83087";"1";"1";"1";"3";"pk 6 D560";"43,38538900";"5,75000000"
"202400025125";"7";"03";"2024";"19:29";"5";"18";"18033";"1";"1";"1";"7";"Rue Joseph Aristide Auxenfans";"47,04726000";"2,34529000"
"202400025126";"14";"11";"2024";"18:40";"5";"62";"62819";"2";"1";"1";"6";"D943E1";"50,77545998";"2,19815969"
"202400025127";"14";"11";"2024";"22:30";"3";"51";"51105";"1";"1";"5";"7";"PK 106.100";"49,27360100";"4,09132400"
"202400025128";"6";"11";"2024";"15:35";"1";"56";"56167";"1";"1";"1";"2";"Guernen";"47,66240700";" -2,88014600"
"202400025129";"6";"03";"2024";"21:40";"5";"18";"18033";"2";"2";"1";"3";"Place Juranville";"47,08328000";"2,38892000"
"202400025130";"15";"11";"2024";"03:10";"5";"76";"76159";"2";"2";"8";"6";"Rue de Saint Valery";"49,78764400";"0,63887000"
"202400025131";"14";"11";"2024";"21:15";"5";"76";"76263";"2";"7";"2";"6";"13 Place Verte";"49,46503500";"1,51599000"
"202400025132";"6";"03";"2024";"17:30";"1";"17";"17415";"2";"9";"1";"1";"VIOLETTE SQUARE DU BATAILLON";"45,73345800";" -0,64754200"
"202400025133";"5";"11";"2024";"12:23";"1";"80";"80373";"2";"1";"1";"1";"Rue Charles de Gaulle";"49,98887000";"1,55316000"
"202400025134";"15";"11";"2024";"09:55";"1";"11";"11206";"2";"7";"1";"3";"Esplanade Francois Mitterrand";"43,05080900";"2,21942300"
"202400025135";"15";"11";"2024";"16:45";"1";"63";"63430";"2";"1";"7";"6";"45 Avenue Léo Lagrange";"45,84846900";"3,53302200"
"202400025136";"15";"11";"2024";"04:50";"3";"63";"63357";"1";"1";"1";"6";"D48";"45,47100056";"3,15957443"
"202400025137";"7";"03";"2024";"14:35";"1";"14";"14118";"2";"1";"1";"4";"20 Cours Montalivet";"49,17936000";" -0,34287000"
"202400025138";"7";"03";"2024";"17:45";"1";"13";"13202";"2";"1";"1";"3";"JOLIETTE (RUE DE LA)";"43,30270000";"5,37106000"
"202400025139";"14";"11";"2024";"07:45";"1";"41";"41002";"2";"1";"1";"1";"4 Route de Serelle";"47,33123700";"1,22757900"
"202400025140";"11";"11";"2024";"00:40";"5";"34";"34101";"2";"1";"1";"7";"Place de la République";"43,38286300";"3,46595000"