"Num_Acc";"jour";"mois";"an";"hrmn";"lum";"dep";"com";"agg";"int";"atm";"col";"adr";"lat";"long"
"202400025141";"7";"03";"2024";"17:30";"1";"13";"13216";"2";"1";"1";"3";"LE PELLETIE (RUE)";"43,36252000";"5,31891000"
"202400025142";"9";"11";"2024";"14:30";"1";"38";"38315";"2";"1";"1";"3";"279 Avenue de la Folatière";"45,53623800";"5,65216800"
"202400025143";"14";"11";"2024";"10:09";"5";"02";"02227";"2";"4";"2";"3";"10 La Grande Rue";"49,14839600";"3,57592900"
"202400025144";"7";"03";"2024";"08:02";"1";"13";"13075";"2";"3";"1";"1";"L'ENJOLRAS (AVE DE)";"43,33766300";"5,45279250"
"202400025145";"6";"03";"2024";"13:50";"1";"13";"13047";"2";"6";"1";"3";"GEORGES GUYNEMER AVENUE";"43,51871000";"4,96668000"
"202400025146";"14";"11";"2024";"07:23";"2";"01";"01183";"2";"5";"1";"3";"D933";"46,10471000";"4,77637000"
"202400025147";"7";"03";"2024";"15:15";"1";"12";"12084";"1";"1";"1";"2";"ISSIS A CREISSELS (VOIE COMMUNALE N°2 D'";"44,08149800";"3,04151300"
"202400025148";"15";"11";"2024";"09:15";"1";"09";"09056";"1";"1";"1";"2";"D119";"43,14954800";"1,58977700"
"202400025149";"6";"03";"2024";"10:53";"1";"10";"10387";"2";"1";"1";"6";"LOMBARDS (AVENUE)";"48,27800000";"4,06740000"
"202400025150";"14";"11";"2024";"17:15";"2";"45";"45046";"1";"3";"1";"5";"D955 PR 14 + 239";"47,97614800";"1,74777000"
"202400025151";"6";"03";"2024";"17:30";"5";"75";"75120";"2";"1";"2";"5";"BD PERIPHERIQUE EXTERIEUR";"48,87409600";"2,41136200"
"202400025152";"7";"03";"2024";"06:20";"3";"75";"75115";"2";"4";"1";"6";"BD PERIPHERIQUE INTERIEUR";"48,83315152";"2,27890134"
"202400025153";"14";"11";"2024";"16:20";"1";"36";"36053";"1";"5";"1";"3";"D927";"46,58661600";"1,24590800"
"202400025154";"7";"03";"2024";"09:00";"1";"75";"75105";"2";"1";"1";"7";"QUAI SAINT MICHEL";"48,85333900";"2,34596500"
"202400025155";"15";"11";"2024";"14:40";"1";"36";"36208";"1";"2";"1";"7";"N/A";"46,52909726";"2,06476450"
"202400025156";"7";"03";"2024";"14:58";"1";"75";"75119";"2";"6";"1";"3";"AVENUE DE LA PORTE CHAUMONT";"48,88618600";"2,39643900"
"202400025157";"14";"11";"2024";"16:00";"1";"07";"07117";"1";"1";"1";"5";"Route de Payzac";"44,46275015";"4,20058641"
"202400025158";"7";"03";"2024";"09:10";"1";"75";"75117";"2";"3";"1";"3";"RUE CARDINET";"48,89021600";"2,31727300"
"202400025159";"14";"11";"2024";"18:15";"2";"40";"40303";"1";"2";"1";"3";"D44";"44,14506100";" -0,89671600"
"202400025160";"7";"03";"2024";"10:10";"1";"75";"75116";"2";"2";"1";"2";"AVENUE KLEBER";"48,87244100";"2,29408600"
"202400025161";"15";"11";"2024";"15:30";"1";"40";"40051";"2";"3";"1";"1";"Route de Mont-de-marsan";"43,88974100";" -0,39806400"
"202400025162";"7";"03";"2024";"09:40";"1";"75";"75117";"2";"1";"1";"3";"RUE DE COURCELLES";"48,88903700";"2,29326300"
"202400025163";"13";"11";"2024";"18:30";"3";"17";"17236";"1";"1";"1";"2";"Lieu Dit Courpe";"45,35154600";" -0,57478700"
"202400025164";"7";"03";"2024";"11:29";"1";"75";"75115";"2";"2";"1";"6";"AVENUE EMILE ZOLA";"48,84648400";"2,28539300"
"202400025165";"15";"11";"2024";"06:50";"2";"87";"87043";"1";"1";"1";"7";"12 route de saint-léonard de noblat";"45,83043600";"1,62783300"
"202400025166";"14";"11";"2024";"03:45";"3";"68";"68375";"1";"1";"1";"7";"Route Nationale 66";"47,77286200";"7,22685500"
"202400025167";"7";"03";"2024";"09:45";"1";"75";"75115";"2";"2";"1";"3";"RUE DE LA CONVENTION";"48,84475900";"2,27991400"
"202400025168";"15";"11";"2024";"08:55";"1";"13";"13113";"2";"3";"7";"6";"Avenue de la Grande Terre";"43,59944100";"5,48817200"
"202400025169";"7";"03";"2024";"16:15";"1";"75";"75114";"2";"1";"1";"2";"AVENUE DENFERT ROCHEREAU";"48,83516500";"2,33312000"
"202400025170";"15";"11";"2024";"08:35";"1";"64";"64216";"1";"1";"1";"2";"PK 120+900";"43,26198700";" -0,16007400"
"202400025171";"15";"11";"2024";"12:30";"1";"31";"31506";"2";"1";"1";"6";"Avenue de Revel";"43,54985800";"1,53551600"
"202400025172";"7";"03";"2024";"10:30";"1";"75";"75114";"2";"3";"1";"3";"AVENUE DU GENERAL LECLERC";"48,82471100";"2,32600800"
"202400025173";"4";"03";"2024";"14:50";"1";"75";"75114";"2";"2";"1";"3";"AVENUE DE LA PORTE DE CHATILLON";"48,82262300";"2,31455600"
"202400025174";"13";"11";"2024";"21:25";"5";"62";"62369";"1";"9";"1";"6";"A1";"50,32510800";"2,91090500"
"202400025175";"6";"03";"2024";"19:00";"5";"75";"75112";"2";"7";"1";"6";"BOULEVARD DE PICPUS";"48,84482600";"2,40209100"
"202400025176";"14";"11";"2024";"17:55";"5";"971";"97107";"1";"1";"1";"1";"RN1 - Intersection Rue Alfred Balon";"16,07648600";" -61,56220100"
"202400025177";"15";"11";"2024";"07:50";"2";"29";"29233";"2";"1";"1";"6";"Boulevard de Kerneuzec";"47,88229800";" -3,55277900"
"202400025178";"7";"03";"2024";"22:10";"5";"75";"75111";"2";"2";"1";"3";"RUE AMELOT";"48,86079400";"2,36786700"
"202400025179";"13";"11";"2024";"17:25";"2";"78";"78381";"1";"1";"1";"1";"D115";"48,78165000";"1,60559100"
"202400025180";"7";"03";"2024";"18:20";"2";"75";"75111";"2";"3";"1";"6";"RUE DE LA ROQUETTE";"48,85800000";"2,38159800"
"202400025181";"15";"11";"2024";"13:40";"1";"84";"84092";"2";"6";"1";"3";"Rue des Tonneliers";"43,98219300";"4,86157900"
"202400025182";"6";"03";"2024";"21:45";"5";"75";"75109";"2";"3";"1";"3";"RUE LA FAYETTE";"48,87652800";"2,34652000"
"202400025183";"14";"11";"2024";"06:32";"3";"83";"83088";"1";"1";"1";"2";"D554 PK78+600";"43,30807100";"5,99350300"
"202400025184";"7";"03";"2024";"17:45";"1";"75";"75108";"2";"7";"1";"3";"PLACE DE LA CONCORDE";"48,86726300";"2,32080800"
"202400025185";"7";"03";"2024";"11:45";"1";"75";"75103";"2";"3";"1";"7";"RUE SAINT MARTIN";"48,86768500";"2,35491300"
"202400025186";"15";"11";"2024";"10:00";"1";"68";"68113";"2";"3";"1";"3";"9 Route de Selestat";"48,18859600";"7,39539700"
"202400025187";"14";"11";"2024";"17:40";"3";"67";"67520";"1";"1";"2";"1";"RD75";"48,61597000";"7,44234100"
"202400025188";"5";"03";"2024";"20:30";"5";"94";"94068";"2";"3";"8";"2";"Boulevard Maurice Berteaux / Boulevard du Général Leclerc";"48,81141011";"2,46892646"
"202400025189";"14";"11";"2024";"10:07";"1";"57";"57752";"1";"1";"1";"6";"route nationale 61";"49,07656800";"7,02292900"
"202400025190";"11";"11";"2024";"13:56";"1";"57";"57039";"1";"1";"2";"6";"Rue Saint-Blaise";"49,05751500";"6,10761500"
"202400025191";"7";"03";"2024";"13:10";"1";"94";"94076";"2";"1";"1";"4";"141 Avenue de Paris";"48,80046797";"2,36531853"
"202400025192";"14";"11";"2024";"16:40";"1";"17";"17021";"2";"6";"1";"1";"109 Avenue de l'Etrade";"45,75784100";" -1,14047500"
"202400025193";"7";"03";"2024";"17:30";"1";"94";"94038";"2";"1";"1";"6";"Rue Jules Ferry";"48,77803000";"2,34770000"
"202400025194";"10";"11";"2024";"19:20";"3";"13";"13071";"1";"1";"1";"2";"A7-Sens Lyon vers Marseille";"43,40498387";"5,33981320"
"202400025195";"5";"03";"2024";"22:27";"5";"94";"94028";"2";"6";"2";"4";"Route de Choisy / Avenue du Maréchal Foch";"48,77478000";"2,43945000"
"202400025196";"14";"11";"2024";"08:30";"1";"33";"33063";"1";"1";"1";"3";"N/A";"44,88768200";" -0,57634600"
"202400025197";"5";"03";"2024";"10:15";"1";"94";"94028";"2";"3";"8";"1";"Avenue Laferrière";"48,80357900";"2,46210500"
"202400025198";"8";"11";"2024";"18:00";"3";"62";"62624";"1";"1";"1";"2";" A21";"50,42691000";"3,00150000"
"202400025199";"7";"03";"2024";"22:45";"5";"94";"94022";"2";"3";"1";"3";"Rue Demanieux / Passage Bertrand";"48,77233300";"2,40254200"
"202400025200";"14";"11";"2024";"19:00";"5";"94";"94043";"1";"1";"1";"5";"A6B";"48,80698476";"2,34657371"
"202400025201";"13";"11";"2024";"22:20";"5";"93";"93008";"1";"1";"1";"7";"AUTOROUTE A86";"48,90892746";"2,44905923"
"202400025202";"7";"03";"2024";"17:09";"1";"94";"94017";"2";"1";"1";"2";"Avenue François Mitterrand";"48,81560000";"2,51450000"
"202400025203";"13";"11";"2024";"08:45";"1";"93";"93066";"1";"1";"1";"2";"AUTOROUTE A1";"48,91224353";"2,35780750"
"202400025204";"12";"11";"2024";"14:30";"1";"95";"95500";"1";"1";"1";"4";"A15";"49,03753486";"2,09060913"
"202400025205";"6";"03";"2024";"17:05";"1";"94";"94002";"2";"3";"1";"3";"Quai Blanqui / Rue du Port à l'Anglais";"48,80571000";"2,41096000"
"202400025206";"14";"11";"2024";"18:00";"3";"94";"94017";"1";"1";"1";"2";"A4";"48,82927050";"2,48085549"
"202400025207";"7";"03";"2024";"14:00";"1";"93";"93013";"2";"1";"1";"3";"Rue de Verdun";"48,93038314";"2,41644233"
"202400025208";"6";"03";"2024";"19:15";"5";"93";"93047";"2";"1";"1";"6";"Rue Henri Barbusse";"48,90053322";"2,56796408"
"202400025209";"14";"11";"2024";"13:30";"1";"94";"94073";"1";"1";"1";"4";"A86";"48,77125451";"2,39124438"
"202400025210";"14";"11";"2024";"10:00";"1";"94";"94073";"1";"1";"1";"5";"A86";"48,77107455";"2,38866733"
"202400025211";"7";"03";"2024";"18:45";"5";"93";"93057";"2";"3";"1";"1";"Avenue Jean Jaurès / Allée Jean-baptiste Clément";"48,90598100";"2,50030200"
"202400025212";"13";"11";"2024";"17:50";"2";"94";"94046";"1";"1";"1";"2";"A86";"48,80959275";"2,44911608"
"202400025213";"13";"11";"2024";"17:55";"3";"94";"94069";"1";"1";"1";"2";"A86";"48,81626132";"2,45282484"
"202400025214";"7";"03";"2024";"12:45";"1";"92";"92046";"2";"2";"7";"3";"GARMANTS (RUE DES)";"48,81281969";"2,27969357"
"202400025215";"13";"11";"2024";"17:45";"3";"77";"77122";"1";"1";"1";"2";"RN104";"48,66330471";"2,61359837"
"202400025216";"13";"11";"2024";"07:45";"1";"974";"97416";"2";"1";"1";"6";"VILRIS(CHEMIN)";" -21,29861000";"55,44978000"
"202400025217";"7";"03";"2024";"16:35";"1";"92";"92073";"2";"2";"1";"3";"WASHINGTON (BOULEVARD)";"48,87047293";"2,21814555"
"202400025218";"13";"11";"2024";"16:35";"1";"974";"97411";"2";"1";"1";"6";"METEO (CHEMIN DE LA)";" -20,88493000";"55,42880000"
"202400025219";"7";"03";"2024";"20:26";"5";"92";"92064";"2";"1";"1";"3";"MONT VALERIEN";"48,85427323";"2,21566415"
"202400025220";"7";"03";"2024";"10:50";"1";"92";"92062";"2";"1";"1";"2";"DE DION BOUTON (QUAI) DU 29 AU 65";"48,88024668";"2,24479938"
"202400025221";"7";"03";"2024";"16:00";"1";"92";"92049";"2";"2";"1";"3";"JAURES AVENUE JEAN N°53 A FIN";"48,81357960";"2,30682421"
"202400025222";"7";"03";"2024";"18:45";"5";"92";"92040";"2";"1";"1";"3";"PASTEUR (AVENUE)";"48,82100328";"2,26232805"
"202400025223";"7";"03";"2024";"17:50";"1";"92";"92025";"2";"1";"1";"6";"COLBERT  55 A 113   42 A 102 (RUE)";"48,91149513";"2,23653023"
"202400025224";"7";"03";"2024";"18:55";"2";"92";"92024";"2";"1";"1";"3";"GENERAL ROGUET (RUE DU) DE (1 A 57)   (2";"48,90534629";"2,31294107"
"202400025225";"7";"03";"2024";"20:25";"5";"92";"92023";"2";"1";"1";"1";"GENERAL DE GAULLE (AVENUE DU) N°2 A 132";"48,79230397";"2,26853156"
"202400025226";"7";"03";"2024";"07:40";"1";"92";"92019";"2";"2";"1";"3";"PLESSIS (AVENUE DU)";"48,77910735";"2,28000981"
"202400025227";"7";"03";"2024";"09:47";"1";"92";"92012";"2";"3";"1";"5";"GALLIENI (RUE) 142/FIN";"48,83462152";"2,22597063"
"202400025228";"7";"03";"2024";"00:40";"5";"92";"92014";"2";"1";"1";"6";"BIEVRE (RUE DE LA)";"48,77999000";"2,32435000"
"202400025229";"8";"03";"2024";"06:10";"2";101;101189";"1";"1";"1";"1";"RT 40";"41,69743000";"8,90381800"
"202400025230";"7";"03";"2024";"19:15";"5";"22";"22368";"2";"1";"1";"1";"Rue de Dinan";"48,55203400";" -2,06137400"
"202400025231";"8";"03";"2024";"12:30";"1";"10";"10030";"2";"1";"1";"3";"Rue de la Gare";"48,33743100";"4,02989600"
"202400025232";"5";"03";"2024";"22:50";"3";"972";"97207";"2";"9";"1";"5";"Route de Morne vert";"14,58045300";" -60,96265700"
"202400025233";"8";"03";"2024";"01:15";"4";"55";"55242";"1";"1";"1";"2";"autoroute A4 - PK 272.200";"49,12777909";"5,64433599"
"202400025234";"7";"03";"2024";"08:55";"1";"01";"01446";"1";"2";"1";"3";"N/A";"46,02284800";"4,89843200"
"202400025235";"7";"03";"2024";"20:50";"3";"86";"86165";"1";"1";"1";"6";"Lieu Dit la Rue";"46,46010200";"0,86127800"
"202400025236";"7";"03";"2024";"15:12";"1";"60";"60083";"2";"1";"1";"6";"Rue de Villers";"49,28330200";"2,99885300"
"202400025237";"18";"02";"2024";"19:15";"3";"71";"71215";"1";"1";"2";"3";"Route de Chalon";"46,86711200";"4,94871900"
"202400025238";"5";"03";"2024";"16:55";"1";"38";"38186";"2";"1";"1";"3";"Route du Col de l?Allimas";"44,90235000";"5,56767600"
"202400025239";"7";"03";"2024";"22:30";"3";"80";"80655";"2";"3";"1";"1";"rue de la liberation";"49,95824700";"1,99015600"
"202400025240";"29";"02";"2024";"16:30";"1";"49";"49069";"1";"1";"1";"7";"D763 SAINT LAURENT DES AUTELS";"47,27375100";" -1,19700600"
"202400025241";"7";"03";"2024";"08:30";"1";"12";"12102";"1";"1";"1";"7";"Flavin";"44,27456600";"2,61137700"
"202400025242";"8";"03";"2024";"08:30";"1";"39";"39458";"1";"2";"1";"3";"N/A";"46,61629500";"5,60947800"
"202400025243";"7";"03";"2024";"17:00";"1";"29";"29220";"1";"3";"1";"3";"Route de Combrit";"47,88373139";" -4,20516445"
"202400025244";"8";"03";"2024";"12:00";"1";"02";"02822";"1";"2";"1";"2";"N/A";"49,31339400";"3,10316000"
"202400025245";"7";"03";"2024";"18:30";"3";"02";"02131";"1";"9";"1";"6";"N/A";"49,39128100";"3,37448700"
"202400025246";"19";"12";"2024";"15:35";"1";"56";"56121";"1";"1";"2";"4";"D465 Desserte Portuaire";"47,73707000";" -3,37787000"
"202400025247";"6";"03";"2024";"18:00";"2";"15";"15187";"1";"1";"7";"6";"RD 44";"45,03261800";"3,05142600"
"202400025248";"15";"12";"2024";"17:50";"5";"54";"54375";"2";"3";"2";"3";"Avenue du Général Eisenhower";"48,90214029";"6,03611290"
"202400025249";"6";"03";"2024";"17:30";"2";"26";"26005";"1";"1";"1";"4";"Route de Montelimar";"44,51910800";"4,77459000"
"202400025250";"19";"12";"2024";"05:10";"5";"54";"54395";"2";"2";"3";"6";"VERDUN (rue de)";"48,69722195";"6,17032126"
"202400025251";"8";"03";"2024";"08:15";"1";"66";"66016";"2";"1";"2";"6";"avenue Pierre Fabre";"42,48098859";"3,13013256"
"202400025252";"19";"12";"2024";"07:45";"5";"54";"54323";"2";"1";"2";"6";"Avenue André Malraux";"49,52141501";"5,76032549"
"202400025253";"19";"12";"2024";"18:20";"5";"54";"54280";"2";"3";"2";"6";"Avenue de la République";"49,22322000";"6,00644000"
"202400025254";"8";"03";"2024";"13:50";"1";"50";"50513";"1";"2";"1";"3";"Rue de la Liberte";"48,96880800";" -1,29606500"
"202400025255";"10";"12";"2024";"16:45";"1";"52";"52448";"2";"9";"1";"6";"SALENGRO (AVENUE ROGER)";"48,63986000";"4,91972000"
"202400025256";"7";"03";"2024";"13:39";"1";"90";"90094";"1";"9";"8";"5";"N19";"47,58196800";"6,87067700"
"202400025257";"19";"12";"2024";"15:45";"1";"50";"50218";"2";"1";"1";"6";"ARISTIDE BRIAND (AVENUE)";"48,83625000";" -1,58220000"
"202400025258";"18";"12";"2024";"07:20";"3";"50";"50129";"1";"1";"2";"6";"BREQUECAL (RUE DE)";"49,62925000";" -1,55651000"
"202400025259";"18";"12";"2024";"20:24";"5";"49";"49007";"2";"6";"2";"3";"CHESNAIES";"47,47427000";" -0,51584000"
"202400025260";"7";"03";"2024";"19:20";"3";"24";"24311";"1";"1";"1";"1";"départementale 675";"45,55216500";"0,67317000"
"202400025261";"18";"12";"2024";"16:30";"1";"49";"49007";"2";"1";"2";"3";"SAINT NICOLAS";"47,47431000";" -0,56684000"
"202400025262";"8";"03";"2024";"00:50";"3";"04";"04116";"1";"1";"1";"6";"d4";"44,04558600";"6,01467100"
"202400025263";"19";"12";"2024";"20:00";"5";"45";"45004";"2";"1";"1";"6";"196 Rue du Maréchal Juin";"47,97441600";"2,77578100"
"202400025264";"19";"12";"2024";"11:25";"1";"43";"43041";"2";"1";"1";"3";"Avenue Charles Dupuy";"45,04855000";"3,92177000"
"202400025265";"7";"03";"2024";"11:00";"1";"04";"04127";"1";"1";"1";"1";"D4096";"44,06649700";"5,97895500"
"202400025266";"19";"12";"2024";"11:00";"1";"43";"43089";"2";"1";"1";"3";"74 Avenue de L 'Hermitage";"45,05584600";"3,86027800"
"202400025267";"18";"12";"2024";"19:45";"5";"43";"43157";"2";"1";"1";"3";"Place du Breuil";"45,04203000";"3,88480000"
"202400025268";"8";"03";"2024";"14:50";"1";"30";"30346";"1";"1";"2";"5";"D981";"43,95507400";"4,53490700"
"202400025269";"19";"12";"2024";"11:50";"1";"38";"38185";"2";"3";"2";"6";"PONT MARIUS GONTARD";"45,19358000";"5,72386000"
"202400025270";"8";"03";"2024";"15:30";"1";"52";"52227";"2";"1";"1";"6";"8 Voie Romaine";"48,17229500";"5,63494400"
"202400025271";"19";"12";"2024";"10:45";"1";"37";"37261";"2";"2";"1";"3";"MARCEAU (RUE)";"47,39247000";"0,68546000"
"202400025272";"29";"02";"2024";"11:20";"1";"08";"08113";"2";"1";"2";"1";"1 Rue des Coutures";"49,65150100";"4,25038400"
"202400025273";"18";"12";"2024";"17:10";"5";"37";"37233";"2";"2";"2";"3";"CACHIN (RUE MARCEL)";"47,39682000";"0,73837000"
"202400025274";"5";"03";"2024";"21:00";"3";"67";"67108";"1";"6";"9";"7";"D392";"48,52451400";"7,58419500"
"202400025275";"18";"12";"2024";"11:13";"1";"36";"36044";"2";"2";"8";"3";"Avenue John Kennedy";"46,79300000";"1,69149400"
"202400025276";"6";"03";"2024";"17:45";"1";"13";"13001";"2";"9";"1";"3";"2036 Route de Sisteron";"43,55517600";"5,45973300"
"202400025277";"20";"12";"2024";"01:53";"3";"33";"33281";"2";"1";"2";"6";"N/A";"44,84495000";" -0,63546000"
"202400025278";"8";"03";"2024";"08:30";"1";"06";"06149";"1";"1";"1";"6";"a500 , pk 001.200, sens NICE MONACO";"43,74628200";"7,37999100"
"202400025279";"19";"12";"2024";"19:05";"5";"33";"33318";"2";"1";"2";"3";"N/A";"44,80977000";" -0,62520000"
"202400025280";"7";"03";"2024";"09:10";"1";"11";"11170";"1";"6";"1";"6";"N/A";"43,11699300";"3,08814000"
"202400025281";"19";"12";"2024";"17:10";"2";"33";"33039";"2";"2";"2";"3";"N/A";"44,81461000";" -0,55302000"
"202400025282";"7";"03";"2024";"18:50";"3";"971";"97106";"1";"1";"1";"1";"Route de la Traversee";"16,17905200";" -61,74841600"
"202400025283";"18";"12";"2024";"15:50";"1";"33";"33192";"2";"2";"1";"3";"N/A";"44,77846000";" -0,60970000"
"202400025284";"7";"03";"2024";"15:53";"1";"28";"28094";"1";"1";"1";"6";"D306.7";"48,64640700";"1,50066400"
"202400025285";"19";"12";"2024";"14:20";"1";"33";"33063";"2";"1";"2";"2";"N/A";"44,82105000";" -0,58251000"
"202400025286";"6";"03";"2024";"18:10";"2";"77";"77490";"1";"1";"2";"5";"D17";"49,03949800";"3,07694600"
"202400025287";"19";"12";"2024";"08:15";"5";"33";"33063";"2";"9";"1";"3";"N/A";"44,83267000";" -0,56083000"
"202400025288";"8";"03";"2024";"00:35";"4";"77";"77196";"1";"1";"1";"2";"pk 11 N3";"48,94805100";"2,73854100"
"202400025289";"18";"12";"2024";"16:00";"1";"33";"33063";"2";"6";"1";"6";"N/A";"44,85927000";" -0,63020000"
"202400025290";"5";"01";"2024";"22:14";"3";"30";"30155";"1";"1";"1";"6";"D999";"43,82922500";"4,46585700"
"202400025291";"8";"03";"2024";"00:30";"5";"83";"83023";"2";"6";"1";"3";"Dn7";"43,40890800";"6,04275900"
"202400025292";"19";"12";"2024";"13:57";"1";"31";"31555";"2";"1";"2";"3";"BD LAZARE CARNOT";"43,60045000";"1,45217000"
"202400025293";"19";"12";"2024";"15:50";"1";"29";"29039";"2";"6";"1";"3";"maison blanche (rond point)";"47,88844900";" -3,91892400"
"202400025294";"8";"03";"2024";"11:10";"1";"08";"08188";"2";"3";"7";"1";"Croisement entre la D979 et la D22";"49,81707400";"4,82795500"
"202400025295";"18";"12";"2024";"21:20";"5";"29";"29019";"2";"2";"8";"6";"place Joseph Goez";"48,38607300";" -4,50098100"
"202400025296";"8";"03";"2024";"12:56";"1";"54";"54217";"2";"3";"1";"3";"Grande Rue";"48,48210679";"6,73460573"
"202400025297";"18";"12";"2024";"18:35";"5";"29";"29019";"2";"6";"2";"3";"rue Victor Hugo";"48,39141100";" -4,48032700"
"202400025298";"18";"12";"2024";"12:15";"1";"29";"29019";"2";"3";"1";"3";"rue Marcellin Duval";"48,41139000";" -4,48652500"
"202400025299";"8";"03";"2024";"04:45";"4";"54";"54215";"2";"3";"1";"1";"4 Rue de Nancy";"48,75489200";"6,14133700"
"202400025300";"16";"12";"2024";"13:45";"1";"29";"29019";"2";"3";"1";"6";"rue Jean Jaurès";"48,39814600";" -4,47420900"
"202400025301";"7";"03";"2024";"15:30";"1";"42";"42041";"1";"1";"1";"2";"Route de Feurs";"45,71028500";"4,18943900"
"202400025302";"7";"03";"2024";"21:45";"3";"38";"38026";"1";"1";"1";"3";"D65, PR 18+200";"45,82213000";"5,31297300"
"202400025303";"19";"12";"2024";"08:30";"1";"27";"27681";"1";"1";"2";"5";"EVREUX (ROUTE D')";"49,07505800";"1,43612500"
"202400025304";"8";"03";"2024";"16:15";"1";"81";"81112";"1";"1";"1";"6";"D988";"43,92055040";"2,01812080"
"202400025305";"19";"12";"2024";"11:15";"1";"25";"25056";"2";"6";"1";"3";"LAGRANGE  AVENUE LEO";"47,24301000";"6,00760000"
"202400025306";"19";"12";"2024";"07:55";"5";"25";"25056";"2";"9";"2";"6";"DOLTO RUE";"47,22263000";"5,95877000"
"202400025307";"7";"03";"2024";"13:35";"1";"19";"19041";"1";"3";"1";"1";"N/A";"45,25090132";"1,79229252"
"202400025308";"19";"12";"2024";"09:00";"1";"17";"17306";"2";"1";"3";"6";"Rue Pierre Loti";"45,62749000";" -1,03203000"
"202400025309";"7";"03";"2024";"14:40";"1";"35";"35152";"2";"1";"1";"6";"98 Rue de Rennes";"48,21113000";" -1,51544300"
"202400025310";"19";"12";"2024";"16:40";"1";"17";"17274";"1";"1";"1";"1";"D108";"46,15567000";" -1,07087000"
"202400025311";"7";"03";"2024";"14:55";"1";"60";"60141";"2";"1";"1";"4";"Avenue du General de Gaulle";"49,18262900";"2,45840500"
"202400025312";"12";"12";"2024";"21:39";"5";"14";"14118";"2";"1";"1";"6";"69 VAUGUEUX ";"49,18629000";" -0,36015000"
"202400025313";"7";"03";"2024";"16:00";"1";"60";"60581";"2";"3";"1";"1";"40 Rue Mangin";"49,50286400";"2,43247400"
"202400025314";"18";"12";"2024";"21:40";"5";"13";"13205";"2";"9";"1";"3";"BERCEAU (RUE)";"43,28817000";"5,39520000"
"202400025315";"18";"12";"2024";"07:50";"2";"13";"13213";"2";"1";"1";"6";"ALBERT EINSTEIN (RUE)";"43,33740403";"5,43556958"
"202400025316";"8";"03";"2024";"17:30";"1";"60";"60395";"2";"1";"1";"1";"23 Boulevard Jean Racine";"49,22766700";"2,14173300"
"202400025317";"5";"12";"2024";"17:30";"5";"12";"12100";"1";"1";"1";"2";"RD 840 (AXE BRIVE MEDITERRANEE)";"44,54130700";"2,31095700"
"202400025318";"6";"03";"2024";"16:45";"1";"13";"13202";"1";"1";"1";"3";"A55-Sens Marseille vers Martigues";"43,31831527";"5,36356031"
"202400025319";"19";"12";"2024";"07:40";"2";"11";"11262";"2";"1";"1";"3";"N/A";"43,17504000";"3,00368000"
"202400025320";"18";"12";"2024";"17:50";"5";"11";"11069";"2";"1";"2";"6";"17 Avenue Andre Maginot";"43,21307000";"2,37177000"
"202400025321";"19";"12";"2024";"08:25";"2";"11";"11069";"2";"1";"1";"6";"N/A";"43,21180000";"2,33060000"
"202400025322";"5";"03";"2024";"17:53";"1";"33";"33075";"1";"1";"1";"4";"ROCADE A 630";"44,88970000";" -0,60567000"
"202400025323";"19";"12";"2024";"22:05";"5";"10";"10357";"2";"2";"1";"2";"GENERAL DE GAULLE (RUE DU)";"48,29756000";"4,12368000"
"202400025324";"7";"03";"2024";"15:30";"1";"95";"95277";"1";"1";"1";"4";"A3";"48,97998245";"2,49663572"
"202400025325";"19";"12";"2024";"08:11";"5";"07";"07102";"2";"2";"2";"6";"SADI-CARNOT (AV.) [DU N° AU N°]";"44,93077000";"4,87649000"
"202400025326";"18";"12";"2024";"19:00";"5";"06";"06083";"2";"9";"1";"3";"10 Rue Guyau";"43,77683000";"7,50443000"
"202400025327";"7";"03";"2024";"10:20";"1";"93";"93027";"1";"1";"1";"4";"A86";"48,92242642";"2,37962902"
"202400025328";"18";"12";"2024";"13:53";"1";"06";"06030";"2";"9";"1";"3";"2 Rue Colbert";"43,57155000";"7,01749000"
"202400025329";"7";"03";"2024";"10:50";"1";"93";"93039";"1";"1";"1";"3";"A86";"48,92734180";"2,33342354"
"202400025330";"9";"12";"2024";"07:15";"2";"04";"04112";"1";"1";"1";"4";"D907";"43,81113000";"5,81033000"
"202400025331";"7";"03";"2024";"08:40";"1";"93";"93013";"1";"1";"1";"2";"A1";"48,94024886";"2,42276942"
"202400025332";"19";"12";"2024";"18:40";"5";"75";"75115";"2";"1";"8";"3";"BD PERIPHERIQUE EXTERIEUR";"48,82947800";"2,28744100"
"202400025333";"12";"12";"2024";"20:40";"5";"75";"75118";"2";"9";"1";"3";"BD PERIPHERIQUE EXTERIEUR";"48,90090358";"2,36372352"
"202400025334";"19";"12";"2024";"08:04";"2";"75";"75105";"2";"7";"2";"1";"PLACE ERNEST DENIS";"48,84173800";"2,33781400"
"202400025335";"7";"03";"2024";"07:00";"1";"95";"95154";"1";"1";"1";"4";"A1";"49,04321551";"2,54423985"
"202400025336";"18";"12";"2024";"19:30";"5";"75";"75106";"2";"2";"2";"1";"BOULEVARD DU MONTPARNASSE";"48,84211243";"2,32947958"
"202400025337";"6";"03";"2024";"20:05";"3";"75";"75120";"1";"1";"1";"5";"A3";"48,86633334";"2,41393447"
"202400025338";"18";"12";"2024";"15:55";"1";"75";"75105";"2";"1";"1";"3";"RUE MONGE";"48,83933500";"2,35511400"
"202400025339";"6";"03";"2024";"18:15";"1";"93";"93066";"1";"1";"1";"2";"A1";"48,90870238";"2,35840950"
"202400025340";"19";"12";"2024";"08:05";"1";"75";"75118";"2";"3";"2";"1";"RUE DE L EVANGILE";"48,89578600";"2,37121800"
"202400025341";"6";"03";"2024";"08:45";"1";"93";"93007";"1";"1";"2";"2";"A1";"48,95491941";"2,45727922"
"202400025342";"19";"12";"2024";"21:30";"5";"75";"75117";"2";"2";"1";"3";"RUE DE COURCELLES";"48,87926700";"2,30306400"
"202400025343";"5";"03";"2024";"21:00";"3";"93";"93005";"1";"1";"1";"4";"A1";"48,95878304";"2,46482351"
"202400025344";"19";"12";"2024";"11:35";"1";"75";"75117";"2";"2";"1";"3";"AVENUE DE LA PORTE D ASNIERES";"48,89017500";"2,30373800"
"202400025345";"7";"03";"2024";"16:44";"1";"94";"94046";"1";"1";"1";"3";"A86";"48,80488630";"2,44852700"
"202400025346";"19";"12";"2024";"03:05";"5";"75";"75116";"2";"1";"2";"6";"ALLEE DU BORD DE L EAU";"48,86847700";"2,23556200"
"202400025347";"18";"12";"2024";"15:20";"1";"75";"75116";"2";"3";"1";"6";"RUE COROT";"48,84714400";"2,27008700"
"202400025348";"7";"03";"2024";"13:25";"1";"94";"94052";"1";"1";"1";"2";"A86";"48,84027522";"2,49328165"
"202400025349";"12";"02";"2024";"13:45";"1";"44";"44109";"2";"2";"8";"6";"18 Rue de Talensac";"47,22192884";" -1,55919885"
"202400025350";"18";"12";"2024";"09:25";"1";"75";"75116";"2";"3";"8";"3";"AVENUE VICTOR HUGO";"48,86882300";"2,28331500"
"202400025351";"19";"12";"2024";"13:05";"1";"75";"75115";"2";"1";"1";"2";"BOULEVARD PASTEUR";"48,83932800";"2,31648800"
"202400025352";"11";"02";"2024";"09:30";"1";"44";"44020";"1";"1";"8";"3";"N/A";"47,17865800";" -1,60299600"
"202400025353";"19";"12";"2024";"07:05";"5";"75";"75115";"2";"7";"1";"6";"PLACE CHARLES MICHELS";"48,84679700";"2,28567700"
"202400025354";"10";"02";"2024";"12:10";"1";"44";"44020";"1";"1";"8";"4";"N/A";"47,17700000";" -1,61000000"
"202400025355";"18";"12";"2024";"11:30";"1";"75";"75113";"2";"3";"1";"5";"RUE VERGNIAUD";"48,82595700";"2,34519700"
"202400025356";"9";"02";"2024";"11:00";"1";"44";"44190";"2";"6";"8";"3";"70 Rue de la Commune de 1871";"47,19935792";" -1,50019996"
"202400025357";"9";"02";"2024";"09:25";"1";"44";"44190";"2";"6";"8";"7";"Rue de la Croix Sourdeau";"47,20510903";" -1,52265672"
"202400025358";"19";"12";"2024";"15:30";"1";"75";"75111";"2";"1";"1";"6";"RUE DU CHEMIN VERT";"48,86132500";"2,38184200"
"202400025359";"19";"12";"2024";"22:45";"5";"75";"75109";"2";"1";"1";"6";"RUE LE PELETIER";"48,87380500";"2,33899000"
"202400025360";"8";"02";"2024";"09:15";"1";"44";"44109";"2";"6";"8";"3";"Boulevard Cardiff";"47,19835980";" -1,58856110"
"202400025361";"19";"12";"2024";"19:05";"5";"75";"75107";"2";"1";"1";"6";"PONT D IENA";"48,85983000";"2,29205000"
"202400025362";"8";"02";"2024";"15:55";"1";"44";"44109";"2";"1";"1";"7";"128 Boulevard Jules Verne";"47,24278202";" -1,52776847"
"202400025363";"19";"12";"2024";"12:00";"1";"94";"94068";"2";"2";"1";"6";"Avenue Émile Zola";"48,80322000";"2,48466000"
"202400025364";"8";"02";"2024";"12:55";"1";"44";"44109";"2";"6";"2";"3";"133 Route de Vannes";"47,23764268";" -1,58637911"
"202400025365";"19";"12";"2024";"19:30";"5";"94";"94058";"2";"1";"2";"6";"Avenue Pierre Brossolette";"48,83470000";"2,50736500"
"202400025366";"8";"02";"2024";"15:15";"1";"44";"44143";"2";"6";"8";"7";"Rue de la Pierre Anne";"47,16129534";" -1,55525167"
"202400025367";"19";"12";"2024";"21:16";"5";"94";"94043";"2";"1";"2";"6";"Avenue de Fontainebleau";"48,81068900";"2,36222400"
"202400025368";"7";"02";"2024";"11:10";"1";"44";"44109";"2";"6";"8";"3";"1 Place Raymond Poincaré";"47,22221364";" -1,58557910"
"202400025369";"19";"12";"2024";"10:20";"1";"94";"94037";"2";"1";"2";"3";"Avenue Paul Vaillant-couturier";"48,81619945";"2,34236804"
"202400025370";"6";"02";"2024";"11:25";"1";"44";"44109";"2";"2";"8";"3";"37 Rue Félix Faure";"47,22923038";" -1,56947872"
"202400025371";"18";"12";"2024";"17:20";"5";"94";"94034";"2";"1";"2";"3";"Avenue de la Cerisaie";"48,75249000";"2,33009000"
"202400025372";"4";"02";"2024";"18:39";"5";"44";"44109";"2";"6";"8";"3";"Quai Malakoff";"47,21604983";" -1,54403032"
"202400025373";"18";"12";"2024";"19:15";"5";"94";"94028";"2";"1";"2";"6";"Avenue Jean-baptiste Champeval";"48,79456800";"2,45615800"
"202400025374";"6";"03";"2024";"10:55";"1";"976";"97611";"2";"1";"1";"3";"kaweni-Grande Traverse (rue de la)";" -12,77583000";"45,22674000"
"202400025375";"17";"12";"2024";"17:00";"1";"94";"94028";"2";"9";"1";"1";"Av du Mal de Lattre de Tassigny";"48,79915751";"2,45364296"
"202400025376";"19";"12";"2024";"14:20";"1";"93";"93059";"2";"9";"2";"3";"JACQUES PREVERT (AVENUE)";"48,97119000";"2,36649000"
"202400025377";"6";"03";"2024";"07:55";"1";"974";"97416";"2";"1";"1";"6";"STEPHANE(CHEMIN)";" -21,27366000";"55,48992000"
"202400025378";"19";"12";"2024";"16:15";"1";"93";"93055";"2";"1";"2";"2";"FLORIAN";"48,89472017";"2,40248945"
"202400025379";"6";"03";"2024";"14:30";"1";"69";"69383";"1";"1";"1";"6";"Rue Général Mouton-Duvernet";"45,75430000";"4,86159000"
"202400025380";"19";"12";"2024";"18:34";"5";"93";"93051";"2";"3";"2";"6";"REPUBLIQUE";"48,84634852";"2,55318883"
"202400025381";"6";"03";"2024";"09:55";"1";"69";"69388";"2";"1";"1";"6";"108 Rue Marius Berliet";"45,74031000";"4,86466000"
"202400025382";"19";"12";"2024";"18:10";"5";"93";"93029";"2";"3";"1";"6";"JULIAN GRIMAU";"48,92254320";"2,42309017"
"202400025383";"6";"03";"2024";"06:45";"2";"972";"97213";"2";"2";"1";"6";"FERNAND GUILLON (BOULEVARD)";"14,61599000";" -61,00019000"
"202400025384";"19";"12";"2024";"12:35";"1";"93";"93010";"2";"2";"1";"6";"THOMAS (AV. ALBERT)";"48,89966311";"2,49747567"
"202400025385";"13";"12";"2024";"11:20";"1";"92";"92062";"2";"1";"1";"6";"LAFARGUES (RUE PAUL)";"48,88492377";"2,24740751"
"202400025386";"6";"03";"2024";"19:00";"2";"69";"69382";"2";"3";"1";"3";"Rue des Archers";"45,75947000";"4,83337000"
"202400025387";"6";"03";"2024";"15:00";"1";"69";"69034";"2";"1";"1";"6";"Quai Clemenceau";"45,79212000";"4,82415000"
"202400025388";"19";"12";"2024";"17:20";"5";"92";"92051";"2";"6";"1";"3";"CHATEAU (BOULEVARD DU)";"48,88820541";"2,26460606"
"202400025389";"19";"12";"2024";"08:30";"5";"92";"92050";"2";"2";"2";"7";"VOLANT RUE";"48,89298581";"2,19583601"
"202400025390";"6";"03";"2024";"18:46";"5";100;100120";"2";"1";"1";"2";"11 - RT";"42,63220000";"9,43840000"