"Num_Acc";"jour";"mois";"an";"hrmn";"lum";"dep";"com";"agg";"int";"atm";"col";"adr";"lat";"long"
"202400025391";"19";"12";"2024";"05:15";"5";"92";"92050";"2";"1";"2";"6";"LENINE VLADIMIR ILITCH AVENUE";"48,88827140";"2,19379015"
"202400025392";"4";"02";"2024";"01:30";"5";"971";"97107";"2";"1";"1";"6";"PAUL LACAVE ( AVENUE )";"16,04168000";" -61,56602000"
"202400025393";"17";"12";"2024";"09:30";"1";"92";"92050";"2";"2";"1";"1";"JOLIOT CURIE F. ET IRENE AVENUE  N°PAIRS";"48,89371000";"2,21199000"
"202400025394";"6";"03";"2024";"13:15";"1";"971";"97105";"2";"1";"1";"2";"BOLOGNE (ROUTE DE)";"16,00563000";" -61,73757000"
"202400025395";"19";"12";"2024";"19:30";"5";"92";"92040";"2";"1";"1";"6";"JEAN-PIERRE TIMBAUD";"48,81918000";"2,24965000"
"202400025396";"5";"03";"2024";"18:08";"1";"91";"91021";"2";"1";"1";"6";"ERNEST GIRAULT (BOULEVARD)";"48,59278000";"2,24561000"
"202400025397";"19";"12";"2024";"19:30";"5";"92";"92024";"2";"3";"8";"3";"GENERAL LECLERC (RUE DU) DE (59 ET PLUS)";"48,90378645";"2,31218331"
"202400025398";"6";"03";"2024";"11:30";"1";"91";"91161";"2";"9";"1";"2";"CARLET (AVENUE DE)";"48,70487000";"2,30951000"
"202400025399";"19";"12";"2024";"18:20";"5";"92";"92009";"2";"6";"2";"3";"EUROPE (AVENUE)";"48,90734776";"2,26584144"
"202400025400";"19";"12";"2024";"19:27";"5";"92";"92002";"2";"9";"1";"6";"ARISTIDE BRIAND (AVENUE)";"48,75832166";"2,30689914"
"202400025401";"6";"03";"2024";"08:26";"1";"91";"91514";"2";"1";"2";"6";"RTE DE BOUSSY ST ANTOINE";"48,68132000";"2,53874000"
"202400025402";"18";"12";"2024";"11:35";"1";"63";"63302";"1";"1";"8";"1";"route départementale 978";"45,72255500";"3,15408500"
"202400025403";"6";"03";"2024";"19:40";"5";"91";"91589";"1";"9";"8";"6";"GRAND VAUX (RUE DE)";"48,67070000";"2,33761000"
"202400025404";"6";"03";"2024";"08:16";"1";"91";"91027";"2";"1";"8";"3";"INDUSTRIE (QUAI DE L')";"48,69530000";"2,39200000"
"202400025405";"18";"12";"2024";"09:25";"1";"01";"01105";"1";"1";"1";"4";"Route de Lyon";"45,89814400";"4,88058500"
"202400025406";"19";"12";"2024";"15:01";"2";"25";"25305";"1";"1";"6";"6";"N57";"47,17198410";"6,22399951"
"202400025407";"19";"12";"2024";"08:45";"1";"05";"05079";"2";"1";"9";"7";"Route de Grenoble";"44,95571800";"6,54851700"
"202400025408";"18";"02";"2024";"02:00";"5";"91";"91479";"2";"2";"1";"3";"GENERAL DE GAULLE (AVENUE DU)";"48,71030000";"2,36019000"
"202400025409";"6";"03";"2024";"04:27";"5";"91";"91228";"2";"1";"3";"6";"MENNECY (ROUTE DE)";"48,64049000";"2,42001800"
"202400025410";"18";"12";"2024";"13:45";"1";"972";"97221";"1";"1";"1";"2";"rn5";"14,53691700";" -60,97997900"
"202400025411";"19";"12";"2024";"16:15";"1";"35";"35085";"2";"1";"1";"6";"35 Avenue du General de Gaulle";"48,41398700";" -1,75485500"
"202400025412";"6";"03";"2024";"11:15";"1";"84";"84031";"1";"2";"1";"3";"ROUTE DE BEDOIN";"44,07502000";"5,08944000"
"202400025413";"16";"12";"2024";"07:25";"2";"35";"35125";"1";"1";"2";"1";"D178";"47,94137400";" -1,24996300"
"202400025414";"25";"02";"2024";"20:53";"5";"84";"84007";"2";"2";"1";"1";"C.De GAULLE (Rocade)";"43,93414000";"4,83142000"
"202400025415";"20";"12";"2024";"12:50";"1";"71";"71204";"1";"1";"1";"2";"Fragnes-La Loyère";"46,85372000";"4,82671000"
"202400025416";"5";"03";"2024";"17:09";"1";"83";"83129";"1";"1";"1";"6";"BARELLES (CHEMIN DES) N° PAIRS";"43,08233000";"5,84487000"
"202400025417";"18";"12";"2024";"19:10";"5";"59";"59462";"2";"1";"8";"2";"166 Rue du Marechal Foch";"50,51949500";"3,00543700"
"202400025418";"6";"03";"2024";"21:55";"5";"82";"82033";"2";"1";"1";"6";"Route de Toulouse";"44,03476000";"1,11675000"
"202400025419";"20";"12";"2024";"16:40";"1";"974";"97413";"2";"2";"1";"1";"81 Chemin Thenor Georges";" -21,19128400";"55,29734400"
"202400025420";"18";"12";"2024";"10:47";"1";"23";"23065";"1";"1";"1";"7";"D951";"46,28698511";"1,59726620"
"202400025421";"6";"03";"2024";"18:25";"2";"81";"81004";"2";"9";"1";"2";"ROCADE RN88 SUD";"43,91019000";"2,14056000"
"202400025422";"19";"12";"2024";"17:05";"2";"47";"47010";"2";"1";"1";"1";"D655";"44,35215772";"0,01204736"
"202400025423";"5";"03";"2024";"07:00";"3";"77";"77326";"1";"3";"8";"3";"D.346";"48,58162000";"2,55381000"
"202400025424";"19";"12";"2024";"13:40";"1";"35";"35197";"1";"1";"2";"1";"Le Champ de la Rue";"48,21262000";" -1,61891200"
"202400025425";"5";"03";"2024";"12:40";"1";"76";"76351";"2";"1";"2";"6";"VAL AUX CORNEILLES (AVENUE DU)°";"49,50909000";"0,14820000"
"202400025426";"20";"12";"2024";"13:40";"1";"95";"95026";"1";"1";"1";"6";"D909";"49,14531463";"2,37602677"
"202400025427";"6";"03";"2024";"18:50";"5";"69";"69256";"2";"1";"1";"6";"14 Avenue Marcel Cachin";"45,78368000";"4,93523000"
"202400025428";"20";"12";"2024";"08:15";"1";"95";"95352";"1";"1";"7";"3";"D316";"49,11013782";"2,42923794"
"202400025429";"20";"12";"2024";"09:30";"1";"19";"19107";"1";"1";"1";"1";"Route De Brive";"45,12081700";"1,42460700"
"202400025430";"6";"03";"2024";"19:00";"5";"69";"69290";"2";"2";"1";"3";"Route de Lyon";"45,70368000";"4,91474000"
"202400025431";"19";"12";"2024";"17:15";"2";"19";"19208";"1";"9";"2";"7";"D16";"45,32657230";"2,10952741"
"202400025432";"13";"04";"2024";"23:30";"5";101;101004";"2";"1";"1";"3";"#bd charles bonaparte#";"41,92920000";"8,74020000"
"202400025433";"19";"12";"2024";"17:15";"2";"56";"56001";"2";"1";"1";"6";"Rue de la Voie Romaine";"47,63340140";" -2,17402840"
"202400025434";"13";"04";"2024";"23:50";"5";101;101004";"2";"3";"1";"3";"#7 Avenue Napoleon III#";"41,92584000";"8,73440000"
"202400025435";"16";"12";"2024";"19:55";"5";"80";"80253";"2";"1";"8";"7";"7 Route Nationale - Hameau de Haute Visée";"50,18126100";"2,33252400"
"202400025436";"13";"04";"2024";"14:40";"1";101;101004";"1";"1";"1";"3";"T21";"41,92863000";"8,76568000"
"202400025437";"13";"04";"2024";"10:00";"1";101;101004";"1";"9";"1";"1";"T40";"41,93173000";"8,80311000"
"202400025438";"20";"12";"2024";"17:35";"3";"89";"89265";"1";"2";"1";"5";"Lieu Dit Ru Bouilly";"47,85578300";"3,66070000"
"202400025439";"13";"04";"2024";"12:20";"1";"95";"95019";"2";"9";"1";"6";"ALBERT LEFEBVRE (RUE)";"48,99425700";"2,42045200"
"202400025440";"20";"12";"2024";"12:30";"1";"39";"39219";"1";"1";"1";"1";"N/A";"47,17055500";"5,77766100"
"202400025441";"12";"04";"2024";"11:55";"1";"95";"95582";"1";"9";"1";"6";"HORIONNE (RUE DE LA)";"48,96467000";"2,25606000"
"202400025442";"19";"12";"2024";"12:50";"1";"44";"44084";"1";"2";"1";"3";"N/A";"47,26151000";" -1,30027100"
"202400025443";"13";"04";"2024";"12:15";"1";"95";"95428";"2";"2";"1";"6";"ALOUETTES (RUE DES)";"48,97082033";"2,31541827"
"202400025444";"13";"04";"2024";"00:01";"5";"91";"91552";"1";"1";"1";"3";"RTE NATIONALE 20";"48,60376000";"2,24870000"
"202400025445";"19";"12";"2024";"21:45";"3";"44";"44064";"1";"1";"1";"1";"N/A";"47,11268200";" -1,28145800"
"202400025446";"12";"04";"2024";"18:35";"1";"91";"91657";"2";"1";"1";"6";"AV HENRI BARBUSSE";"48,70014000";"2,42057000"
"202400025447";"20";"12";"2024";"10:20";"1";"29";"29097";"1";"1";"1";"1";"D69";"48,49712171";" -4,07258693"
"202400025448";"12";"04";"2024";"12:20";"1";"91";"91589";"2";"2";"1";"3";"BD ARISTIDE BRIAND";"48,68077000";"2,34271400"
"202400025449";"20";"12";"2024";"08:45";"1";"29";"29264";"1";"1";"2";"1";"D712";"48,48750250";" -4,15355362"
"202400025450";"12";"04";"2024";"18:33";"1";"91";"91109";"1";"1";"1";"1";"COCHET (RUE DU)        RD201";"48,45940000";"2,12000000"
"202400025451";"19";"12";"2024";"14:15";"1";"03";"03090";"1";"1";"2";"3";"La Petite prugne";"46,64850400";"3,15161200"
"202400025452";"20";"12";"2024";"10:20";"1";"15";"15061";"1";"1";"4";"6";"RD 3";"45,18135200";"2,83909200"
"202400025453";"13";"04";"2024";"19:55";"2";"83";"83137";"2";"3";"1";"7";"JOFFRE (BD MARECHAL)";"43,12456000";"5,95562000"
"202400025454";"19";"12";"2024";"22:00";"3";"01";"01237";"1";"1";"2";"1";"D984d";"46,19738900";"5,59534500"
"202400025455";"8";"04";"2024";"15:20";"1";"83";"83118";"2";"3";"1";"6";"BOULEVARD DU PONANT";"43,42715253";"6,78632194"
"202400025456";"19";"12";"2024";"20:51";"3";"01";"01125";"1";"1";"2";"6";"D936";"46,24987300";"5,46090400"
"202400025457";"19";"12";"2024";"16:55";"3";"70";"70384";"1";"1";"9";"1";"D33";"47,51657800";"5,94429000"
"202400025458";"13";"04";"2024";"09:25";"1";"80";"80021";"2";"3";"1";"3";"Rue Robert Pierre";"49,89265000";"2,28869000"
"202400025459";"20";"12";"2024";"08:14";"2";"72";"72275";"2";"1";"1";"6";"grande rue";"48,06629000";"0,34367100"
"202400025460";"19";"12";"2024";"19:45";"3";"50";"50349";"1";"1";"4";"1";"D20";"48,99776100";" -1,52173500"
"202400025461";"13";"04";"2024";"17:58";"1";"77";"77294";"2";"1";"1";"3";"GUSTAVE DUBOIS (RUE)";"48,97240000";"2,63400000"
"202400025462";"20";"12";"2024";"08:20";"2";"50";"50410";"2";"1";"1";"6";"27 Rue de Rennes";"48,54966200";" -1,50411300"
"202400025463";"13";"04";"2024";"04:00";"3";"77";"77462";"1";"1";"1";"2";"ROUTE NATIONALE 2";"49,02750000";"2,67030000"
"202400025464";"18";"12";"2024";"18:55";"3";"90";"90020";"1";"1";"2";"7";"D130";"47,62030600";"6,77913300"
"202400025465";"13";"04";"2024";"20:53";"3";"77";"77372";"1";"1";"1";"3";"D934";"48,88189000";"2,65500000"
"202400025466";"19";"12";"2024";"10:45";"1";"43";"43268";"2";"1";"8";"6";"Chemin de la Galoche";"45,14962300";"4,12507100"
"202400025467";"19";"12";"2024";"14:30";"1";"43";"43026";"1";"1";"2";"6";"D 906";"45,23848255";"3,78761259"
"202400025468";"12";"04";"2024";"13:50";"1";"77";"77458";"2";"6";"1";"6";"RUE PAUL ROLLIN";"48,18288000";"2,73436000"
"202400025469";"12";"04";"2024";"10:10";"1";"77";"77431";"2";"1";"1";"6";"RUE DE LA GARE";"48,26674000";"2,68762000"
"202400025470";"20";"12";"2024";"11:37";"1";"10";"10254";"1";"9";"1";"3";"Rue de la Mairie";"48,58385400";"3,51662300"
"202400025471";"20";"12";"2024";"12:25";"1";"53";"53267";"1";"1";"1";"6";"Vaiges";"48,05550083";" -0,45850268"
"202400025472";"13";"04";"2024";"20:55";"2";"76";"76108";"2";"2";"1";"3";"Rue de la Republique";"49,47057000";"1,11623900"
"202400025473";"20";"12";"2024";"08:00";"3";"85";"85008";"1";"6";"1";"3";"RD80";"46,64164000";" -1,45058000"
"202400025474";"12";"04";"2024";"16:50";"1";"73";"73065";"2";"1";"1";"2";"BOISSE (AVENUE DE LA)";"45,58165000";"5,91132000"
"202400025475";"13";"04";"2024";"15:50";"1";"72";"72181";"2";"9";"1";"3";"CHANTREL PAUL (BD)";"48,01102000";"0,18164000"
"202400025476";"20";"12";"2024";"17:45";"3";"37";"37028";"1";"1";"2";"1";"Le Buchet";"46,81902763";"0,93007636"
"202400025477";"13";"04";"2024";"12:20";"1";"71";"71540";"1";"1";"1";"3";"HUIT MAI (AVENUE DU)";"46,77529000";"4,44644000"
"202400025478";"19";"12";"2024";"23:35";"3";"48";"48140";"1";"1";"4";"6";"D809";"44,81817500";"3,26988100"
"202400025479";"13";"04";"2024";"19:50";"1";"69";"69092";"2";"2";"7";"3";"Route de Tarare";"45,98105000";"4,69369000"
"202400025480";"19";"12";"2024";"21:25";"3";"08";"08498";"1";"1";"1";"1";"D3";"49,72721200";"4,64822500"
"202400025481";"13";"04";"2024";"14:45";"1";"69";"69264";"2";"1";"1";"6";"431 Avenue de l'Europe";"45,98804000";"4,74342000"
"202400025482";"19";"12";"2024";"07:42";"4";"68";"68375";"2";"1";"2";"6";"18 Rue de Mulhouse";"47,80803000";"7,23950200"
"202400025483";"13";"04";"2024";"15:30";"1";"69";"69290";"1";"1";"1";"7";"11 Rue Paul Langevin";"45,72054009";"4,91996817"
"202400025484";"10";"04";"2024";"09:10";"1";"68";"68066";"2";"3";"1";"3";"STANISLAS (RUE)";"48,08063100";"7,35272100"
"202400025485";"20";"12";"2024";"14:15";"1";"65";"65127";"1";"1";"1";"5";"PK167+400";"43,12289584";"0,31957139"
"202400025486";"13";"04";"2024";"21:52";"5";"64";"64445";"2";"3";"1";"7";"CASTETNAU";"43,30043046";" -0,36485839"
"202400025487";"13";"04";"2024";"15:15";"1";"64";"64122";"2";"1";"1";"2";"RD 810";"43,45000000";" -1,55978000"
"202400025488";"20";"12";"2024";"16:55";"2";"13";"13051";"1";"1";"6";"5";"D113";"43,55850100";"5,16554800"
"202400025489";"19";"12";"2024";"08:20";"1";"69";"69244";"2";"1";"2";"3";"Avenue Charles de Gaulle";"45,75731619";"4,77368788"
"202400025490";"13";"04";"2024";"22:00";"5";"64";"64024";"2";"1";"1";"3";"BAHINOS (ROND POINT DE)";"43,49404000";" -1,51889000"
"202400025491";"22";"11";"2024";"17:43";"3";"73";"73128";"1";"1";"2";"2";"A41, PR 102.600, sens ANNECY-CHAMBÉRY";"45,71706500";"5,92391600"
"202400025492";"13";"04";"2024";"20:25";"2";"63";"63113";"2";"6";"7";"3";"FLAUBERT (BD GUSTAVE)";"45,76453000";"3,12533000"
"202400025493";"20";"12";"2024";"14:45";"1";"971";"97103";"2";"1";"1";"1";"Rue henri sidambaron";"16,25620800";" -61,58925900"
"202400025494";"13";"04";"2024";"15:45";"1";"62";"62274";"2";"1";"2";"6";"chemin de halage";"50,44855693";"2,98132816"
"202400025495";"20";"12";"2024";"02:00";"3";"13";"13110";"1";"1";"6";"2";"Autoroute A8 PK 39+050 direction AIX-EN-PROVENCE";"43,47037111";"5,66413397"
"202400025496";"13";"04";"2024";"10:10";"1";"59";"59599";"2";"1";"1";"6";"Boulevard d'Halluin";"50,73190993";"3,13700267"
"202400025497";"19";"12";"2024";"17:20";"2";"971";"97102";"1";"1";"1";"6";"Rue Emile Lafontaine";"16,46579600";" -61,47474500"
"202400025498";"13";"04";"2024";"19:00";"1";"54";"54395";"2";"1";"1";"6";"place Henri Mengin";"48,68915000";"6,18316000"
"202400025499";"20";"12";"2024";"17:35";"4";"45";"45108";"1";"1";"1";"5";"D940 PR 3 + 750";"47,60089200";"2,51507400"
"202400025500";"13";"04";"2024";"08:25";"2";"54";"54323";"2";"2";"1";"3";"Rue Mercy";"49,52300000";"5,76442000"
"202400025501";"20";"12";"2024";"13:20";"1";"77";"77010";"1";"1";"1";"3";"route departementale 619";"48,61886700";"2,86039400"
"202400025502";"13";"04";"2024";"13:40";"1";"51";"51454";"2";"3";"1";"6";"LIBERGIER (RUE)";"49,25145000";"4,02785000"
"202400025503";"20";"12";"2024";"02:45";"3";"21";"21292";"2";"1";"1";"7";"D25";"47,24047700";"5,21673600"
"202400025504";"14";"12";"2024";"09:00";"1";"08";"08190";"2";"1";"5";"6";"10 D949";"50,13421000";"4,84744900"
"202400025505";"13";"04";"2024";"12:10";"1";"51";"51454";"2";"2";"1";"3";"JAURES (AVENUE JEAN) DU N° 74 A FIN (PAI";"49,26255900";"4,05342600"
"202400025506";"12";"04";"2024";"18:00";"1";"51";"51454";"2";"1";"1";"3";"ALBERT 1ER (BOULEVARD)";"49,26909000";"4,01074000"
"202400025507";"17";"12";"2024";"11:18";"1";"74";"74094";"1";"1";"1";"5";"D903";"46,18399000";"6,30292300"
"202400025508";"3";"09";"2024";"20:14";"2";"92";"92036";"1";"1";"1";"2";"RN315 W";"48,92099836";"2,30632621"
"202400025509";"20";"12";"2024";"08:50";"1";"01";"01275";"1";"6";"1";"6";"chemin du gué";"45,80640100";"4,93282400"
"202400025510";"13";"04";"2024";"04:52";"3";"51";"51168";"1";"1";"1";"2";"Route Départementale 977";"48,90002000";"4,30274000"
"202400025511";"20";"12";"2024";"08:40";"1";"23";"23067";"1";"1";"1";"7";"D28";"45,75575700";"2,23655500"
"202400025512";"4";"09";"2024";"14:22";"1";"93";"93010";"1";"1";"1";"5";"AUTOROUTE A3";"48,90207598";"2,47041227"
"202400025513";"12";"04";"2024";"17:20";"1";"47";"47001";"2";"1";"1";"2";"LACOUR (BD EDOUARD)";"44,19311000";"0,62879000"
"202400025514";"19";"12";"2024";"17:30";"2";"33";"33268";"2";"1";"2";"4";"N/A";"45,04414800";" -0,67843000"
"202400025515";"13";"04";"2024";"06:55";"1";"45";"45302";"1";"1";"1";"6";"D2701 PR 0 + 1";"47,94913000";"1,85985000"
"202400025516";"20";"12";"2024";"08:00";"2";"33";"33493";"1";"1";"1";"7";"N/A";"45,31690500";" -0,80240400"
"202400025517";"3";"09";"2024";"23:55";"5";"93";"93066";"1";"1";"1";"2";"AUTOROUTE A1";"48,91626041";"2,35780504"
"202400025518";"13";"04";"2024";"08:55";"1";"44";"44184";"2";"2";"1";"3";"97 Avenue de la République";"47,28308000";" -2,21128000"
"202400025519";"19";"12";"2024";"18:00";"3";"33";"33504";"1";"2";"3";"3";"N/A";"44,52684800";" -0,32544900"
"202400025520";"8";"04";"2024";"09:20";"1";"42";"42218";"2";"1";"1";"3";"Boulevard Maréchal Franchet d'Esperey";"45,44093000";"4,37426000"
"202400025521";"3";"09";"2024";"16:55";"1";"93";"93066";"1";"1";"1";"2";"AUTOROUTE A1";"48,93068415";"2,36707590"
"202400025522";"19";"12";"2024";"15:15";"1";"49";"49269";"1";"1";"1";"2";"D160";"47,00583600";" -0,93744300"
"202400025523";"3";"09";"2024";"15:40";"1";"95";"95252";"1";"1";"1";"7";"A15";"48,98535793";"2,21429788"
"202400025524";"20";"12";"2024";"07:50";"3";"29";"29156";"1";"3";"3";"2";"La Croix Neuve";"48,42624400";" -4,23786100"
"202400025525";"13";"04";"2024";"11:45";"1";"35";"35238";"2";"5";"1";"3";"ROOSEVELT (BD FRANKLIN)";"48,09725000";" -1,65782000"
"202400025526";"20";"12";"2024";"08:00";"2";"35";"35360";"2";"6";"1";"6";"50 Rue du College";"48,12022600";" -1,21650000"
"202400025527";"3";"09";"2024";"07:45";"2";"95";"95572";"1";"1";"2";"6";"A15";"49,03222307";"2,11163590"
"202400025528";"19";"12";"2024";"19:45";"3";"27";"27031";"1";"1";"1";"1";"Route de Sacquenville";"49,05948400";"1,10053200"
"202400025529";"13";"04";"2024";"14:00";"1";"34";"34172";"2";"9";"1";"2";"CHATEAU D'O (ROND-POINT DU)";"43,63092000";"3,84262000"
"202400025530";"3";"09";"2024";"08:30";"1";"93";"93007";"1";"1";"2";"2";"AUTOROUTE A1";"48,94548836";"2,43972568"
"202400025531";"19";"12";"2024";"17:10";"5";"27";"27180";"2";"1";"1";"3";"65 Rue de l?Abbaye du Beau Bec";"49,17973600";"1,37064600"
"202400025532";"12";"04";"2024";"22:55";"5";"34";"34172";"2";"2";"1";"6";"JUSTICE DE CASTELNAU (AVENUE DE LA)";"43,62603800";"3,88237900"
"202400025533";"2";"09";"2024";"18:30";"1";"93";"93066";"1";"1";"1";"7";"AUTOROUTE A86";"48,92280772";"2,34986237"