"Num_Acc";"jour";"mois";"an";"hrmn";"lum";"dep";"com";"agg";"int";"atm";"col";"adr";"lat";"long"
"202400025534";"13";"04";"2024";"22:09";"5";"31";"31555";"2";"1";"1";"1";"CHE DE CAYRAS";"43,56935000";"1,51482000"
"202400025535";"20";"12";"2024";"16:30";"2";"80";"80625";"2";"1";"8";"1";"D935";"49,71797300";"2,53796500"
"202400025536";"4";"09";"2024";"16:40";"1";"77";"77294";"1";"1";"1";"2";"A104";"48,95934400";"2,62178400"
"202400025537";"13";"04";"2024";"15:15";"1";"29";"29232";"2";"9";"1";"3";"Rue du Poher";"47,98888000";" -4,12564400"
"202400025538";"16";"12";"2024";"21:30";"5";"62";"62711";"2";"1";"1";"3";"D191";"50,80639434";"1,73198261"
"202400025539";"12";"04";"2024";"19:25";"1";"22";"22113";"2";"6";"1";"3";"VIARMES (QUAI DE)";"48,73183000";" -3,46478000"
"202400025540";"27";"08";"2024";"15:00";"1";"44";"44109";"2";"3";"1";"2";"124 Rue Paul Bellamy";"47,22739332";" -1,56094730"
"202400025541";"18";"12";"2024";"18:36";"3";"13";"13210";"1";"1";"1";"2";"A50-Sens Marseille vers Aubagne";"43,28520000";"5,42320000"
"202400025542";"13";"04";"2024";"01:40";"3";"19";"19031";"2";"1";"1";"6";"SALAN (BOULEVARD DU)";"45,16038000";"1,53516300"
"202400025543";"18";"12";"2024";"14:45";"1";"13";"13213";"1";"1";"1";"3";"A507 sens Marseille - Aubagne";"43,32996000";"5,40682000"
"202400025544";"13";"04";"2024";"10:45";"1";"19";"19031";"2";"1";"1";"2";"SOURIE (RUE ARMAND)";"45,14506676";"1,47050464"
"202400025545";"31";"05";"2024";"14:58";"1";"91";"91689";"1";"1";"2";"3";"AUTOROUTE A6A";"48,72960000";"2,31440000"
"202400025546";"18";"12";"2024";"17:30";"3";"13";"13071";"1";"1";"1";"5";"A5502G-sens Martigues vers A7-Marseille";"43,40164000";"5,29974000"
"202400025547";"13";"04";"2024";"11:40";"1";"14";"14366";"2";"1";"1";"2";"Route de Paris";"49,14666000";"0,25898000"
"202400025548";"13";"04";"2024";"06:25";"5";"13";"13205";"2";"1";"1";"1";"CAMAS (RUE DU)";"43,29420000";"5,39818000"
"202400025549";"19";"12";"2024";"13:49";"1";"33";"33013";"1";"1";"2";"2";"N/A";"44,86652000";" -0,50388000"
"202400025550";"30";"05";"2024";"18:10";"1";"91";"91174";"2";"1";"8";"2";"HENRI DUNANT (BOULEVARD)";"48,59670000";"2,47918000"
"202400025551";"13";"04";"2024";"03:00";"5";"13";"13210";"2";"1";"1";"2";"CAPELETTE (AVENUE DE LA)";"43,28079381";"5,40717262"
"202400025552";"19";"12";"2024";"08:55";"1";"33";"33075";"1";"1";"2";"2";"N/A";"44,88999600";" -0,61141800"
"202400025553";"19";"12";"2024";"03:40";"3";"33";"33318";"1";"1";"3";"6";"N/A";"44,78974500";" -0,64589500"
"202400025554";"30";"05";"2024";"18:10";"1";"91";"91363";"1";"1";"1";"3";"RN 104";"48,64688000";"2,19003000"
"202400025555";"13";"04";"2024";"03:37";"5";"13";"13206";"2";"2";"1";"3";"BRETEUIL (RUE)";"43,29047142";"5,37574665"
"202400025556";"13";"04";"2024";"22:20";"5";"13";"13098";"2";"7";"1";"7";"JEAN FRANCOIS CHAMPOLLION PLACE";"43,46968992";"5,01532577"
"202400025557";"8";"12";"2024";"18:09";"3";"62";"62498";"1";"1";"1";"4";" A211";"50,42700442";"2,83574086"
"202400025558";"19";"12";"2024";"21:34";"3";"91";"91339";"1";"1";"1";"6";"RN 104";"48,62286000";"2,27084000"
"202400025559";"13";"04";"2024";"20:00";"1";"13";"13005";"2";"1";"1";"1";"PAIX (AVENUE DE LA )";"43,28254000";"5,54945000"
"202400025560";"30";"05";"2024";"15:55";"1";"91";"91286";"1";"1";"1";"5";"AUTOROUTE A6";"48,65286000";"2,38140000"
"202400025561";"13";"04";"2024";"09:15";"1";"13";"13001";"2";"1";"1";"1";"MONNET JEAN (AV)";"43,53205044";"5,42139427"
"202400025562";"19";"12";"2024";"17:26";"3";"92";"92002";"1";"1";"1";"4";"AUTOROUTE A6";"48,73759480";"2,31744850"
"202400025563";"14";"04";"2024";"00:20";"3";"10";"10343";"2";"1";"1";"7";"Rue Louis Maillet";"48,27609000";"4,09336000"
"202400025564";"19";"12";"2024";"08:55";"1";"91";"91235";"1";"1";"1";"2";"RN 104";"48,62524000";"2,36087000"
"202400025565";"13";"04";"2024";"16:40";"1";"10";"10081";"2";"1";"7";"6";"Avenue de Neckarbischofsheim";"48,31136000";"4,03269000"
"202400025566";"29";"05";"2024";"22:23";"3";"91";"91103";"1";"1";"2";"7";"RN 104";"48,62417000";"2,29925000"
"202400025567";"19";"12";"2024";"06:50";"3";"91";"91689";"1";"1";"1";"2";"AUTOROUTE A6A";"48,74343000";"2,32248000"
"202400025568";"28";"05";"2024";"15:38";"1";"91";"91546";"2";"1";"2";"7";"Rue de Bandeville";"48,57339000";"2,03050100"
"202400025569";"13";"04";"2024";"12:22";"1";"10";"10387";"2";"2";"1";"3";"Rue de la Cite";"48,29979000";"4,07941000"
"202400025570";"19";"12";"2024";"01:15";"3";"91";"91377";"1";"1";"2";"6";"AUTOROUTE A10";"48,71418000";"2,28858000"
"202400025571";"13";"04";"2024";"06:15";"3";"07";"07008";"1";"1";"1";"3";"D2 ( ROUTE DEPARTEMENTALE )";"44,71158600";"4,61977800"
"202400025572";"18";"12";"2024";"16:56";"2";"94";"94034";"1";"1";"1";"4";"A86";"48,75735712";"2,32917459"
"202400025573";"28";"05";"2024";"08:20";"1";"91";"91228";"1";"1";"8";"4";"AUTOROUTE A6";"48,62254596";"2,42190599"
"202400025574";"13";"04";"2024";"18:48";"1";"06";"06069";"2";"1";"1";"3";"19 Route de Draguignan";"43,64119500";"6,90821900"
"202400025575";"21";"08";"2024";"16:00";"1";"44";"44162";"2";"1";"1";"6";"Boulevard Salvador Allende";"47,21918202";" -1,62126507"
"202400025576";"18";"12";"2024";"17:50";"3";"91";"91573";"1";"1";"1";"4";"RN 104";"48,63134100";"2,51975600"
"202400025577";"13";"04";"2024";"18:35";"1";"04";"04112";"1";"1";"1";"1";"MORT D'IMBERT (MTE. DE LA)";"43,85170000";"5,76824000"
"202400025578";"26";"05";"2024";"01:56";"3";"91";"91377";"1";"1";"1";"2";"AUTOROUTE A10";"48,72034000";"2,29433000"
"202400025579";"18";"12";"2024";"17:30";"3";"92";"92048";"1";"1";"1";"3";"N118";"48,78947093";"2,22122315"
"202400025580";"12";"04";"2024";"08:20";"1";"02";"02691";"2";"1";"1";"3";"29 Boulevard Victor Hugo";"49,84160477";"3,28540376"
"202400025581";"18";"12";"2024";"18:20";"3";"78";"78423";"1";"1";"1";"2";"N12W";"48,79464000";"2,04930000"
"202400025582";"25";"05";"2024";"03:14";"3";"91";"91471";"1";"1";"1";"7";"RN 118";"48,70483000";"2,19267000"
"202400025583";"18";"12";"2024";"08:51";"1";"92";"92012";"1";"1";"1";"2";"A13";"48,84845340";"2,22963261"
"202400025584";"13";"04";"2024";"01:40";"5";"75";"75112";"2";"1";"1";"5";"PONT DE BERCY";"48,82776500";"2,39348600"
"202400025585";"18";"12";"2024";"18:20";"3";"95";"95527";"1";"1";"1";"2";"N104";"49,02722005";"2,51571544"
"202400025586";"13";"04";"2024";"20:50";"5";"75";"75105";"2";"3";"1";"6";"BOULEVARD SAINT MARCEL";"48,83849000";"2,35706200"
"202400025587";"18";"12";"2024";"15:00";"1";"93";"93066";"1";"1";"1";"2";"AUTOROUTE A1";"48,91862819";"2,35760923"
"202400025588";"24";"05";"2024";"17:40";"1";"91";"91534";"1";"1";"1";"3";"RN 118";"48,74090000";"2,18360000"
"202400025589";"26";"01";"2024";"20:55";"3";"988";"98805";"1";"1";"1";"1";"VE2 - zone en travaux";" -22,17381400";"166,42212200"
"202400025590";"13";"04";"2024";"12:30";"1";"75";"75105";"2";"2";"1";"6";"RUE MONGE";"48,84897800";"2,34985000"
"202400025591";"18";"12";"2024";"17:20";"3";"95";"95219";"1";"1";"1";"1";"A115";"48,99032046";"2,24437538"
"202400025592";"25";"01";"2024";"10:30";"1";"06";"06018";"1";"1";"1";"7";"Route des Colles";"43,61687400";"7,09623600"
"202400025593";"18";"12";"2024";"13:45";"1";"93";"93008";"1";"1";"1";"3";"AUTOROUTE A86";"48,90960136";"2,44592249"
"202400025594";"13";"04";"2024";"13:50";"1";"75";"75117";"2";"3";"1";"1";"RUE DE TOCQUEVILLE";"48,88672000";"2,30865700"
"202400025595";"2";"01";"2024";"16:50";"1";"987";"98738";"1";"1";"1";"1";"Route NINA PEATA";" -17,57520100";" -149,61192400"
"202400025596";"19";"12";"2024";"07:00";"3";"94";"94044";"1";"1";"2";"2";"N406";"48,75738975";"2,47653199"
"202400025597";"24";"05";"2024";"15:10";"1";"91";"91136";"1";"1";"1";"4";"AUTOROUTE A10";"48,71340000";"2,27934000"
"202400025598";"11";"04";"2024";"09:15";"1";"75";"75106";"2";"2";"1";"3";"BOULEVARD DU MONTPARNASSE";"48,84508068";"2,32013762"
"202400025599";"19";"12";"2024";"01:16";"4";"94";"94042";"1";"1";"2";"6";"A4";"48,82818677";"2,47432101"
"202400025600";"26";"01";"2024";"00:49";"3";"971";"97116";"1";"1";"1";"6";"Boulevard Toussaint Louverture";"16,35150500";" -61,45584000"
"202400025601";"24";"05";"2024";"12:40";"1";"91";"91174";"2";"1";"1";"6";"BD JEAN JAURES";"48,61041000";"2,46230000"
"202400025602";"26";"01";"2024";"01:15";"3";"977";"97701";"2";"1";"1";"7";"RT 209";"17,91613160";" -62,84608841"
"202400025603";"13";"04";"2024";"19:55";"1";"75";"75107";"2";"3";"1";"6";"AVENUE DE SUFFREN";"48,85374200";"2,29701600"
"202400025604";"18";"12";"2024";"17:45";"3";"77";"77468";"1";"1";"1";"6";"A4.Y";"48,83251521";"2,65929855"
"202400025605";"26";"01";"2024";"12:00";"1";101;101247";"2";"1";"1";"6";"Chemin de Covasina";"41,59362500";"9,28000300"
"202400025606";"18";"12";"2024";"04:00";"3";"77";"77495";"1";"9";"1";"7";"A5";"48,59088063";"2,64790671"
"202400025607";"23";"05";"2024";"18:30";"1";"91";"91226";"2";"2";"1";"3";"Boulevard de la Gare";"48,49279100";"2,19323700"
"202400025608";"13";"04";"2024";"07:30";"1";"75";"75114";"2";"3";"1";"2";"AVENUE DE LA PORTE DE MONTROUGE";"48,82368400";"2,32317300"
"202400025609";"26";"01";"2024";"07:20";"1";"34";"34033";"2";"1";"1";"6";"D610";"43,75807700";"4,07650700"
"202400025610";"17";"12";"2024";"23:00";"3";"94";"94079";"1";"1";"1";"6";"A4";"48,82763000";"2,52595676"
"202400025611";"23";"05";"2024";"08:30";"1";"91";"91235";"1";"1";"1";"2";"RN 104";"48,62591000";"2,35670000"
"202400025612";"13";"04";"2024";"10:00";"1";"75";"75110";"2";"2";"1";"3";"RUE LOUIS BLANC";"48,88362300";"2,36051200"
"202400025613";"26";"01";"2024";"09:35";"1";"26";"26271";"1";"2";"1";"5";"Route du Dauphiné";"45,02505976";"4,86825228"
"202400025614";"23";"05";"2024";"07:38";"1";"91";"91339";"1";"1";"8";"6";"RN 104";"48,62510609";"2,26324260"
"202400025615";"11";"08";"2024";"04:00";"5";"62";"62617";"2";"2";"1";"3";"D937";"50,46552402";"2,67431748"
"202400025616";"26";"01";"2024";"12:50";"1";"69";"69009";"2";"1";"1";"2";"Route de Lucenay";"45,92725200";"4,70916500"
"202400025617";"12";"04";"2024";"15:15";"1";"75";"75109";"2";"7";"1";"6";"BOULEVARD DE CLICHY";"48,88218800";"2,33769000"
"202400025618";"26";"01";"2024";"00:05";"3";"69";"69154";"1";"1";"1";"6";"560 Route de Gaminon";"45,75980300";"4,66659800"
"202400025619";"9";"08";"2024";"19:40";"1";"62";"62737";"2";"6";"1";"1";"D937";"50,44662000";"2,69117000"
"202400025620";"22";"05";"2024";"20:13";"2";"91";"91553";"1";"1";"1";"5";"RN 104";"48,63149520";"2,50254929"
"202400025621";"6";"08";"2024";"19:30";"1";"62";"62737";"2";"1";"1";"3";"D937";"50,44870000";"2,68931000"
"202400025622";"13";"04";"2024";"03:20";"5";"75";"75108";"2";"2";"1";"2";"BOULEVARD MALESHERBES";"48,88079300";"2,31257600"
"202400025623";"25";"01";"2024";"17:00";"1";"69";"69171";"2";"3";"1";"1";"15 Quai de la Brévenne";"45,80977700";"4,60024600"
"202400025624";"25";"01";"2024";"16:00";"1";"31";"31248";"1";"1";"1";"2";"D4";"43,44701500";"1,38615500"
"202400025625";"30";"07";"2024";"09:40";"1";"59";"59569";"2";"3";"1";"3";"DOUAI (RUE DE)";"50,36533000";"3,10693000"
"202400025626";"13";"04";"2024";"19:59";"2";"75";"75102";"2";"2";"1";"6";"RUE SAINT MARC";"48,87039300";"2,34089200"
"202400025627";"25";"01";"2024";"16:36";"2";"85";"85302";"1";"1";"2";"5";"RD 160";"46,92993900";" -0,98967600"
"202400025628";"24";"07";"2024";"10:30";"1";"59";"59178";"2";"1";"1";"6";"HAYEZ (BOULEVARD PAUL)";"50,36300000";"3,07899000"
"202400025629";"22";"05";"2024";"15:23";"1";"91";"91689";"1";"1";"2";"4";"AUTOROUTE A6";"48,73200000";"2,31500000"
"202400025630";"13";"04";"2024";"16:40";"1";"75";"75102";"2";"3";"1";"3";"BOULEVARD DES CAPUCINES";"48,87020800";"2,33016100"
"202400025631";"26";"01";"2024";"13:10";"1";"76";"76464";"1";"1";"1";"6";"Rue des Andelys";"49,35005500";"1,26341700"
"202400025632";"19";"07";"2024";"20:45";"1";"59";"59327";"2";"1";"1";"2";"GAULLE (AVENUE DU GENERAL DE)";"50,39236000";"3,15641000"
"202400025633";"26";"01";"2024";"16:50";"1";"62";"62148";"2";"1";"1";"6";"D919";"50,38223664";"2,90770655"
"202400025634";"3";"05";"2024";"00:40";"3";"76";"76005";"2";"1";"1";"7";"Route de Paris";"49,41783314";"1,11803126"
"202400025635";"13";"04";"2024";"13:40";"1";"75";"75103";"2";"3";"1";"3";"PLACE DE LA REPUBLIQUE";"48,86730998";"2,36331546"
"202400025636";"22";"05";"2024";"07:17";"1";"91";"91521";"1";"1";"1";"4";"AUTOROUTE A6";"48,63590000";"2,40060000"
"202400025637";"26";"01";"2024";"14:20";"1";"62";"62810";"1";"3";"1";"1";"D917";"50,36424700";"2,79407300"
"202400025638";"19";"09";"2024";"11:30";"1";"76";"76108";"1";"1";"1";"6";"D1043";"49,48216000";"1,11490000"
"202400025639";"22";"09";"2024";"03:30";"4";"76";"76451";"2";"1";"1";"6";"Allée du Fond du Val";"49,45609000";"1,07671000"
"202400025640";"13";"04";"2024";"12:45";"1";"75";"75101";"2";"3";"1";"3";"QUAI FRANCOIS MITTERRAND";"48,86018100";"2,33338000"
"202400025641";"26";"01";"2024";"06:45";"5";"59";"59524";"2";"1";"2";"6";"Rue Gambetta";"50,56354700";"2,89823500"
"202400025642";"29";"03";"2024";"19:40";"2";"76";"76540";"2";"3";"1";"6";"Quai de Paris";"49,43642000";"1,09960000"
"202400025643";"21";"05";"2024";"18:00";"1";"91";"91179";"1";"1";"1";"4";"AUTOROUTE A6";"48,56220000";"2,48136000"
"202400025644";"25";"01";"2024";"08:00";"1";"13";"13015";"1";"1";"1";"3";"A51-Sens Aix en Provence vers Marseille";"43,42801022";"5,38616758"
"202400025645";"13";"04";"2024";"13:55";"1";"94";"94081";"2";"2";"7";"3";"Boulevard de Stalingrad / Rue Germaine Tailleferre";"48,80363820";"2,37737256"
"202400025646";"25";"03";"2024";"15:34";"1";"76";"76540";"2";"3";"1";"3";"Boulevard de l'Yser";"49,44838000";"1,10035000"
"202400025647";"25";"01";"2024";"10:05";"1";"13";"13212";"2";"1";"1";"4";"A507 sens Marseille - Aubagne";"43,29139149";"5,42439248"
"202400025648";"25";"02";"2024";"21:55";"5";"76";"76322";"2";"1";"2";"7";"182 Boulevard Maurice Ravel";"49,41289047";"1,04737043"
"202400025649";"20";"05";"2024";"20:10";"1";"91";"91534";"1";"1";"2";"6";"RN 118";"48,73257000";"2,16762000"
"202400025650";"12";"04";"2024";"21:35";"5";"94";"94081";"2";"2";"1";"3";"Avenue du Colonel Fabien / Rue Paul Armangot";"48,78072700";"2,38275900"
"202400025651";"25";"01";"2024";"08:08";"1";"67";"67482";"2";"1";"1";"2";"M351";"48,58669195";"7,71643321"
"202400025652";"12";"04";"2024";"18:15";"1";"94";"94076";"2";"1";"1";"6";"Rue Georges Lebigot";"48,79267922";"2,36483485"
"202400025653";"5";"08";"2024";"01:35";"3";"84";"84080";"1";"9";"1";"2";"CD 942 DE CARPENTRAS A RTE SARRIANS";"44,04638000";"4,99394000"
"202400025654";"20";"05";"2024";"17:30";"1";"91";"91377";"1";"1";"2";"2";"AUTOROUTE A10";"48,71932300";"2,29306608"
"202400025655";"25";"01";"2024";"07:30";"3";"33";"33143";"1";"1";"1";"2";"N/A";"44,96078000";" -0,44435000"
"202400025656";"19";"10";"2024";"09:03";"1";"74";"74012";"2";"1";"1";"6";"ARAVIS (RUE DES)";"46,18799000";"6,23411000"
"202400025657";"13";"04";"2024";"20:15";"1";"94";"94034";"2";"6";"1";"3";"Chemin des Otages / Chemin des Otages";"48,75329000";"2,33285000"
"202400025658";"25";"01";"2024";"07:54";"2";"59";"59090";"1";"1";"1";"4";"AUTOROUTE A22";"50,71601000";"3,12354000"
"202400025659";"26";"09";"2024";"07:40";"1";"976";"97611";"2";"1";"1";"3";"tsoundzou-Baraka (rue)";" -12,82016000";"45,19550000"
"202400025660";"13";"04";"2024";"20:45";"1";"94";"94021";"2";"4";"1";"2";"Boulevard Jean Mermoz / Avenue Georges Guynemer";"48,76715000";"2,33622000"
"202400025661";"13";"09";"2024";"19:40";"1";"91";"91692";"1";"1";"1";"3";"CD35";"48,67426000";"2,17323000"
"202400025662";"25";"01";"2024";"08:05";"1";"91";"91339";"1";"1";"2";"5";"RN 104";"48,62319000";"2,26813000"
"202400025663";"20";"05";"2024";"12:10";"1";"91";"91434";"1";"1";"1";"5";"AUTOROUTE A6";"48,66828005";"2,35434383"
"202400025664";"24";"01";"2024";"18:35";"3";"78";"78043";"1";"1";"1";"6";"A12 Y";"48,84161700";"2,09457700"
"202400025665";"18";"05";"2024";"12:30";"1";"91";"91136";"1";"1";"1";"2";"RD188 PROVINCE / A10 PROVINCE";"48,71672000";"2,26833000"
"202400025666";"12";"04";"2024";"16:30";"1";"94";"94028";"2";"3";"1";"3";"Rue Juliette Savar / Rue Henri Matisse";"48,78300000";"2,46406000"
"202400025667";"24";"01";"2024";"07:15";"5";"92";"92036";"1";"1";"2";"2";"A86";"48,93434692";"2,26966750"
"202400025668";"18";"05";"2024";"07:40";"1";"91";"91340";"1";"1";"7";"2";"AUTOROUTE A6";"48,59864466";"2,44032264"
"202400025669";"13";"04";"2024";"20:30";"2";"94";"94077";"2";"3";"1";"3";"Avenue le Foll / Rue Albert Larme";"48,72732800";"2,43772000"
"202400025670";"24";"01";"2024";"05:55";"3";"92";"92036";"1";"1";"1";"3";"A86";"48,93655908";"2,29110539"
"202400025671";"25";"01";"2024";"08:45";"1";"95";"95678";"1";"9";"2";"3";"N184";"49,07315956";"2,23044139"
"202400025672";"16";"05";"2024";"20:20";"1";"91";"91689";"1";"1";"1";"3";"AUTOROUTE A6A";"48,74106000";"2,32035000"
"202400025673";"13";"04";"2024";"19:25";"1";"94";"94022";"2";"2";"1";"3";"Avenue Victor Hugo / Rue d'Alsace-lorraine";"48,76874800";"2,42087800"
"202400025674";"13";"04";"2024";"04:05";"5";"94";"94022";"2";"1";"1";"1";"Rue Demanieux";"48,77279961";"2,40215689"
"202400025675";"15";"05";"2024";"14:45";"1";"91";"91377";"1";"1";"1";"3";"AUTOROUTE A10";"48,72100000";"2,29400000"
"202400025676";"25";"01";"2024";"06:30";"3";"93";"93007";"1";"1";"2";"4";"AUTOROUTE A1";"48,94925302";"2,44676549"
"202400025677";"13";"04";"2024";"14:37";"1";"93";"93048";"2";"2";"1";"3";"Rue de Paris / Rue d’Alembert";"48,85476000";"2,41751000"
"202400025678";"25";"01";"2024";"07:45";"1";"93";"93078";"1";"1";"1";"3";"AUTOROUTE A104";"48,96910262";"2,50581828"
"202400025679";"14";"05";"2024";"15:00";"1";"91";"91549";"1";"1";"2";"4";"RN 104";"48,62589000";"2,34000000"
"202400025680";"13";"04";"2024";"02:10";"5";"93";"93046";"2";"2";"1";"3";"Avenue du Maréchal Leclerc / Allée Joseph Noize";"48,92012700";"2,53923700"
"202400025681";"25";"01";"2024";"18:15";"3";"77";"77373";"1";"1";"2";"2";"RN104";"48,76507000";"2,61490600"
"202400025682";"25";"01";"2024";"09:00";"1";"94";"94015";"1";"1";"2";"3";"A4";"48,82945356";"2,52827231"
"202400025683";"13";"04";"2024";"14:05";"1";"93";"93057";"2";"3";"1";"3";"Allée de Monthyon / Allée de l'Emancipation";"48,91432400";"2,50326200"
"202400025684";"14";"05";"2024";"12:20";"1";"91";"91228";"1";"1";"1";"4";"AUTOROUTE A6";"48,62653620";"2,41547942"
"202400025685";"25";"01";"2024";"08:00";"2";"94";"94018";"1";"1";"2";"2";"A4";"48,81758000";"2,41896000"
"202400025686";"13";"04";"2024";"17:17";"1";"92";"92051";"2";"3";"1";"3";"VICTOR HUGO (BOULEVARD, N° 9 A 49 ET 16";"48,88380000";"2,28175000"
"202400025687";"6";"06";"2024";"18:16";"1";"91";"91161";"1";"1";"1";"2";"AUTOROUTE A6";"48,70013000";"2,31084000"
"202400025688";"24";"01";"2024";"22:45";"3";"77";"77175";"1";"1";"2";"6";"N104";"48,67183400";"2,61159000"
"202400025689";"13";"04";"2024";"15:13";"1";"92";"92051";"2";"2";"1";"2";"ROULE (AVENUE DU, N° 29 A 91 ET 30 A 86)";"48,88255141";"2,27724892"
"202400025690";"24";"01";"2024";"18:30";"3";"94";"94073";"1";"1";"1";"3";"A86";"48,77111483";"2,39012767"
"202400025691";"6";"06";"2024";"15:40";"1";"91";"91174";"2";"1";"1";"6";"RUE DE NAGIS";"48,60759000";"2,48122000"
"202400025692";"13";"04";"2024";"13:56";"1";"92";"92051";"2";"2";"1";"6";"INKERMANN (BOULEVARD D')";"48,88797414";"2,27553463"
"202400025693";"24";"01";"2024";"15:10";"1";"94";"94042";"1";"1";"1";"2";"A4";"48,82800728";"2,47304660"
"202400025694";"13";"04";"2024";"15:20";"1";"92";"92040";"2";"2";"1";"3";"STALINGRAD (QUAI DE)";"48,82063539";"2,24694943"
"202400025695";"6";"06";"2024";"11:48";"1";"91";"91228";"2";"1";"1";"6";"BD CHAMPS ELYSEES";"48,62521000";"2,42400000"
"202400025696";"23";"01";"2024";"06:50";"1";"974";"97407";"2";"1";"1";"5";"MASCAREIGNES(BOULEVARD)";" -20,93610000";"55,30930000"
"202400025697";"12";"04";"2024";"07:45";"1";"92";"92035";"2";"2";"1";"3";"Verdun 1916 ( avenue de )";"48,90581948";"2,23599315"
"202400025698";"22";"01";"2024";"18:25";"1";"974";"97407";"2";"2";"1";"6";"COMMUNE DE PARIS (AVENUE)";" -20,93596000";"55,29121000"
"202400025699";"12";"04";"2024";"11:13";"1";"92";"92026";"2";"9";"1";"6";"DEFENSE (PLACE DE LA)";"48,89106780";"2,24131050"
"202400025700";"5";"06";"2024";"01:00";"5";"91";"91521";"2";"1";"1";"3";"LIBERATION (AVENUE DE LA) N°28 A 84";"48,65241000";"2,41321000"
"202400025701";"24";"01";"2024";"09:25";"1";"973";"97302";"2";"1";"1";"3";"URANUS (CITE)";"4,92052186";" -52,32154012"
"202400025702";"13";"04";"2024";"12:06";"1";"24";"24066";"1";"1";"1";"7";"Route des Forges";"45,19295574";"0,99477679"
"202400025703";"24";"01";"2024";"21:05";"5";"69";"69387";"2";"2";"1";"3";"Quai Claude Bernard";"45,75197000";"4,83682000"
"202400025704";"13";"04";"2024";"21:00";"3";"83";"83058";"1";"1";"1";"7";"D557";"43,54450400";"6,34402500"
"202400025705";"24";"01";"2024";"16:20";"2";"69";"69381";"2";"1";"1";"1";"Pont de Lattre de Tassigny";"45,77270924";"4,83739333"
"202400025706";"1";"06";"2024";"14:15";"1";"91";"91687";"1";"1";"2";"2";"AUTOROUTE A6";"48,66201000";"2,36948000"
"202400025707";"14";"04";"2024";"10:25";"1";"52";"52422";"1";"9";"1";"6";"D107";"48,02020000";"5,06720000"
"202400025708";"24";"01";"2024";"12:00";"1";"69";"69384";"2";"3";"1";"6";"Rue de Belfort";"45,77641963";"4,83490437"
"202400025709";"12";"04";"2024";"16:00";"1";"31";"31454";"1";"1";"1";"6";"Intersection Avenue de Toulouse et chemin de la fontagneres";"43,41631000";"1,13164500"
"202400025710";"1";"06";"2024";"03:15";"3";"91";"91521";"1";"1";"2";"6";"RN 104";"48,63272000";"2,40605000"
"202400025711";"24";"01";"2024";"17:50";"5";100;100120";"1";"1";"1";"3";"TOUTES RUES";"42,64093000";"9,43726000"
"202400025712";"24";"01";"2024";"14:05";"1";"95";"95428";"2";"1";"1";"6";"D124";"49,00584940";"2,31634785"
"202400025713";"13";"04";"2024";"18:33";"1";"57";"57232";"2";"3";"1";"3";"1 rue de saint - avold";"48,96238800";"6,79803700"
"202400025714";"14";"04";"2024";"05:40";"3";"81";"81147";"1";"1";"1";"6";"RD 71 PK 002+5000";"43,82507040";"2,16761420"
"202400025715";"16";"08";"2024";"06:10";"2";"44";"44190";"2";"6";"1";"3";"120 Rue du Général De Gaulle";"47,20866957";" -1,48943499"
"202400025716";"25";"01";"2024";"00:40";"3";"95";"95218";"2";"2";"2";"3";"N184";"49,01840578";"2,09613705"
"202400025717";"13";"04";"2024";"17:30";"1";"68";"68009";"2";"1";"1";"3";"Rue de Baltzenheim";"48,11353100";"7,54157200"
"202400025718";"28";"05";"2024";"09:45";"1";"19";"19072";"1";"1";"1";"6";"autoroute A20,PR 266.700, Sens 2";"45,20878165";"1,51615609"
"202400025719";"23";"01";"2024";"22:15";"5";"95";"95127";"2";"9";"2";"5";"GOLF (ROND POINT DU)";"49,04324586";"2,01128662"
"202400025720";"14";"04";"2024";"03:40";"5";"26";"26325";"2";"1";"1";"6";"16 Avenue de Lyon";"45,29881300";"4,81133300"
"202400025721";"24";"01";"2024";"08:15";"2";"95";"95176";"2";"1";"1";"1";"VERDUN (RUE DE)";"48,96139843";"2,18621492"
"202400025722";"23";"01";"2024";"13:47";"1";"91";"91339";"2";"1";"2";"6";"JUBILE (RUE DU)";"48,61687000";"2,25736000"
"202400025723";"3";"09";"2024";"14:55";"1";"988";"98818";"2";"1";"8";"4";"RUE FERNAND FOREST";" -22,24121000";"166,45293000"
"202400025724";"14";"04";"2024";"03:46";"5";"62";"62689";"2";"2";"1";"3";"D3";"50,20752695";"2,68999478"
"202400025725";"24";"01";"2024";"11:00";"1";"91";"91691";"2";"1";"1";"2";"PAULIN TALABOT(PONT)";"48,70661000";"2,48807000"
"202400025726";"24";"01";"2024";"15:45";"1";"91";"91434";"2";"1";"8";"6";"JEAN MOULIN (AVENUE)";"48,64580000";"2,34638000"
"202400025727";"14";"04";"2024";"11:30";"1";"19";"19140";"1";"1";"1";"7";"Route de Laborie";"45,09138700";"1,92569700"
"202400025728";"3";"09";"2024";"06:56";"1";"987";"98736";"2";"1";"1";"1";"TIHONI TEFAATAU (RUE)-PIRAE";" -17,53013300";" -149,55047000"
"202400025729";"23";"01";"2024";"16:55";"1";"91";"91027";"2";"1";"1";"3";"RTE NATIONALE 7";"48,70577500";"2,37144900"