"Num_Acc";"jour";"mois";"an";"hrmn";"lum";"dep";"com";"agg";"int";"atm";"col";"adr";"lat";"long"
"202400025730";"13";"04";"2024";"16:30";"1";"59";"59135";"1";"1";"1";"2";"Route d'Oxelaere";"50,79321000";"2,48841900"
"202400025731";"30";"08";"2024";"12:14";"1";"973";"97302";"2";"1";"1";"3";"BADUEL (ROUTE DE)";"4,92886000";" -52,29786000"
"202400025732";"14";"04";"2024";"11:15";"1";"76";"76577";"1";"1";"1";"2";"D149";"49,79363500";"1,12601300"
"202400025733";"11";"01";"2024";"13:05";"1";"89";"89387";"2";"3";"1";"1";"BELLOCIER (RUE)";"48,20150000";"3,26930000"
"202400025734";"10";"08";"2024";"05:45";"2";100;100037";"1";"1";"1";"2";"TOUTES RUES";"46,61103000";"9,43787000"
"202400025735";"20";"01";"2024";"11:22";"1";"87";"87085";"2";"3";"1";"3";"DUTREIX (RUE ARMAND)";"45,83380000";"1,22941000"
"202400025736";"12";"04";"2024";"23:40";"3";"79";"79005";"1";"1";"1";"1";"N/A";"46,84211200";" -0,20856900"
"202400025737";"23";"01";"2024";"08:20";"1";"84";"84007";"2";"3";"1";"3";"SAINT RUF (Avenue)";"43,93711400";"4,81027700"
"202400025738";"14";"04";"2024";"01:05";"5";"80";"80679";"2";"1";"1";"6";"Rue de la Liberation";"49,98792100";"3,16343500"
"202400025739";"2";"09";"2024";"16:40";"1";"971";"97113";"1";"3";"1";"3";"RN4 - SECTION RIVIERA";"16,20849000";" -61,46746000"
"202400025740";"14";"04";"2024";"09:15";"1";"33";"33482";"1";"1";"7";"6";"N/A";"44,68283600";" -0,11838700"
"202400025741";"22";"01";"2024";"19:15";"5";"83";"83129";"2";"1";"1";"3";"ARTISANAT (RUE DE L')";"43,11376165";"5,84588706"
"202400025742";"31";"08";"2024";"21:50";"3";"971";"97107";"2";"1";"1";"7";"DUMANOIR ( ALLEE )";"16,02550000";" -61,57400000"
"202400025743";"23";"01";"2024";"15:00";"1";"83";"83069";"1";"1";"1";"7";"PIERREFEU (ROUTE DE) RD 12";"43,15206629";"6,14122510"
"202400025744";"14";"04";"2024";"18:40";"1";"71";"71390";"1";"2";"1";"3";"D102";"46,72837500";"4,29873300"
"202400025745";"1";"09";"2024";"04:40";"5";"971";"97105";"2";"1";"2";"6";"GASTON FEUILLARD(AVENUE)";"16,00363000";" -61,72800000"
"202400025746";"24";"01";"2024";"14:17";"1";"80";"80021";"2";"1";"1";"3";"Rue Haleine Ridoux";"49,88400000";"2,33500000"
"202400025747";"3";"09";"2024";"11:40";"1";"95";"95306";"2";"1";"8";"6";"D48";"49,00100655";"2,14211855"
"202400025748";"13";"04";"2024";"23:00";"5";"89";"89345";"2";"2";"1";"5";"Avenue de l’Europe";"48,00060500";"3,71994500"
"202400025749";"13";"04";"2024";"15:50";"1";"63";"63008";"1";"1";"1";"7";"Lieu dit Bras de fer";"45,88099986";"3,70447256"
"202400025750";"3";"09";"2024";"08:30";"1";"91";"91377";"2";"1";"8";"3";"AV DE LA REPUBLIQUE";"48,73604000";"2,29471000"
"202400025751";"24";"01";"2024";"07:35";"2";"76";"76351";"2";"2";"1";"3";"IRENE JOLIOT CURIE (RUE)";"49,51267000";"0,10416000"
"202400025752";"12";"04";"2024";"18:30";"1";"61";"61151";"1";"2";"1";"2";"D3";"48,72537900";"0,57179300"
"202400025753";"3";"09";"2024";"09:20";"1";"91";"91228";"2";"6";"8";"4";"RTE NATIONALE 7";"48,61970000";"2,45170000"
"202400025754";"23";"01";"2024";"15:00";"1";"76";"76351";"2";"3";"1";"7";"REAUMUR (AVENUE)";"49,50713000";"0,17160000"
"202400025755";"5";"04";"2024";"14:50";"1";"49";"49080";"1";"1";"1";"7";"N/A";"47,73389000";" -0,58864300"
"202400025756";"14";"04";"2024";"14:48";"1";"42";"42252";"1";"1";"1";"6";"D1089";"45,79197900";"3,90741500"
"202400025757";"24";"01";"2024";"12:10";"1";"69";"69013";"2";"1";"1";"2";"Avenue de Joux";"46,00788000";"4,72841000"
"202400025758";"2";"09";"2024";"19:05";"1";"87";"87085";"2";"2";"1";"3";"BETOULLE (PLACE LEON)";"45,82772000";"1,26027000"
"202400025759";"14";"04";"2024";"17:40";"1";"46";"46290";"1";"1";"1";"7";"D39";"44,74850900";"1,50563700"
"202400025760";"23";"01";"2024";"11:15";"1";"67";"67482";"2";"1";"8";"6";"SAINTE MARIE AUX MINES (RUE DE)";"48,56654000";"7,76201000"
"202400025761";"2";"09";"2024";"17:00";"1";"86";"86066";"1";"1";"1";"1";"D161";"46,78368000";"0,54150000"
"202400025762";"13";"04";"2024";"10:30";"1";"68";"68221";"2";"3";"1";"7";"Rue du 1er Septembre";"47,54819000";"7,36899900"
"202400025763";"23";"01";"2024";"19:25";"5";"64";"64260";"2";"3";"1";"3";"BEHOBIE (RUE DE)";"43,34959000";" -1,77726000"
"202400025764";"3";"09";"2024";"07:00";"1";"84";"84007";"2";"3";"1";"3";"LYON (ROUTE DE )";"43,95410300";"4,83520700"
"202400025765";"13";"04";"2024";"17:54";"1";"25";"25173";"1";"4";"7";"3";"RD 464";"47,26207800";"6,72359000"
"202400025766";"19";"01";"2024";"16:20";"1";"64";"64445";"2";"2";"1";"3";"LILAS DES";"43,30927958";" -0,34419447"
"202400025767";"19";"01";"2024";"11:00";"1";"64";"64335";"2";"3";"1";"6";"SULLY";"43,31871000";" -0,42571000"
"202400025768";"3";"09";"2024";"19:40";"1";"83";"83137";"2";"1";"1";"7";"JOFFRE (BD MARECHAL)";"43,12384000";"5,95293000"
"202400025769";"23";"01";"2024";"19:00";"5";"64";"64122";"2";"6";"1";"7";"CASCAIS (BD DE)";"43,47544000";" -1,54553000"
"202400025770";"13";"04";"2024";"18:30";"1";"25";"25283";"2";"4";"1";"6";"Rue du Chalet";"47,08102800";"5,93513100"
"202400025771";"23";"01";"2024";"15:10";"1";"64";"64102";"2";"1";"1";"1";"Pont du Génie";"43,48795000";" -1,47531000"
"202400025772";"29";"08";"2024";"13:45";"1";"83";"83061";"2";"1";"1";"2";"AVENUE LOUIS CASTILLON";"43,39057000";"6,71968000"
"202400025773";"12";"04";"2024";"09:30";"1";"29";"29262";"1";"2";"1";"1";"La croix rouge";"48,45964269";" -3,98998227"
"202400025774";"24";"01";"2024";"17:42";"2";"63";"63113";"2";"9";"1";"6";"DUMAS (BD J.BAPTISTE)";"45,78677940";"3,08981761"
"202400025775";"13";"04";"2024";"17:25";"1";"29";"29209";"1";"1";"1";"7";"Kerarédeau";"48,56189100";" -4,44762800"
"202400025776";"13";"04";"2024";"15:05";"1";"31";"31552";"1";"1";"1";"7";"D96";"43,23541300";"0,96816500"
"202400025777";"24";"01";"2024";"18:40";"5";"59";"59299";"2";"3";"1";"6";"Avenue Charles De Gaulle";"50,66675800";"3,18405111"
"202400025778";"3";"09";"2024";"20:00";"1";"80";"80021";"2";"1";"1";"2";"Place Alphonse Fiquet";"49,89079000";"2,30633000"
"202400025779";"13";"04";"2024";"16:00";"1";"31";"31443";"1";"1";"1";"6";"D632";"43,36033600";"0,73331600"
"202400025780";"24";"01";"2024";"16:42";"1";"54";"54431";"2";"1";"8";"1";"Avenue de Champagne";"48,91580000";"6,05588000"
"202400025781";"3";"09";"2024";"08:58";"1";"79";"79329";"2";"1";"1";"1";"N/A";"46,98426400";" -0,20644000"
"202400025782";"13";"04";"2024";"16:05";"1";"38";"38466";"1";"2";"1";"3";"RD 1090";"45,37263100";"5,96112400"
"202400025783";"2";"09";"2024";"12:30";"1";"77";"77407";"1";"1";"1";"6";"FONTAINEBLEAU(AVENUE DE)";"48,53781000";"2,52301000"
"202400025784";"22";"01";"2024";"08:15";"2";"52";"52448";"2";"2";"1";"3";"MONTANTS (RUE DES)";"48,63890000";"4,96236000"
"202400025785";"14";"04";"2024";"00:40";"3";"01";"01246";"2";"1";"1";"7";"Route de Vaudrenand";"46,24212100";"5,03696300"
"202400025786";"13";"04";"2024";"10:30";"1";"14";"14582";"1";"1";"1";"6";"Route de Fervaques";"49,06605700";"0,17909600"
"202400025787";"24";"01";"2024";"18:30";"4";"51";"51454";"2";"6";"1";"3";"ARNOULD (BOULEVARD CHARLES)";"49,26432000";"4,00993000"
"202400025788";"14";"04";"2024";"17:55";"1";"14";"14752";"2";"1";"1";"3";"19 Boulevard du 13 Juin 1944";"49,08219700";" -0,64597200"
"202400025789";"24";"01";"2024";"15:06";"1";"51";"51230";"2";"2";"1";"6";"DUNANT (RUE HENRY)";"49,04760000";"3,95570000"
"202400025790";"3";"09";"2024";"19:15";"1";"77";"77449";"2";"1";"1";"6";"BD LA MERIDIENNE";"48,85176429";"2,77984142"
"202400025791";"23";"01";"2024";"17:30";"2";"49";"49015";"1";"1";"2";"4";"D775";"47,51073300";" -0,61826600"
"202400025792";"13";"04";"2024";"23:55";"3";"83";"83135";"1";"1";"1";"6";"D 554 PK 28.700, route de Varages";"43,59705200";"5,98591800"
"202400025793";"19";"06";"2024";"19:15";"1";"73";"73065";"2";"1";"1";"1";"MONTJAY (CHEMIN DE)";"45,56708000";"5,90903000"
"202400025794";"13";"04";"2024";"19:45";"1";"60";"60286";"1";"3";"7";"2";"D124";"49,66093000";"1,92868500"
"202400025795";"24";"01";"2024";"08:25";"1";"41";"41018";"2";"3";"2";"3";"VENDOME (AVENUE DE)";"47,59760000";"1,32423000"
"202400025796";"13";"04";"2024";"16:35";"1";"60";"60233";"2";"9";"1";"6";"Place du Vieux Marche";"49,64742000";"1,84462000"
"202400025797";"24";"01";"2024";"17:20";"5";"38";"38185";"2";"9";"1";"6";"AVENUE MARÉCHAL RANDON";"45,19847000";"5,73841000"
"202400025798";"2";"09";"2024";"15:45";"2";"73";"73065";"2";"1";"1";"6";"DUCS DE SAVOIE (AVENUE DES)";"45,56792000";"5,92257000"
"202400025799";"8";"04";"2024";"16:11";"1";"64";"64100";"2";"1";"3";"6";"1356 Route Départementale 3";"43,44159700";" -1,51771200"
"202400025800";"23";"01";"2024";"18:35";"5";"38";"38185";"2";"1";"1";"6";"RUE JEAN BART";"45,17739000";"5,74307000"
"202400025801";"14";"04";"2024";"07:00";"1";"43";"43223";"1";"1";"1";"7";"D 23";"45,24508700";"4,35850400"
"202400025802";"24";"01";"2024";"01:05";"5";"37";"37261";"2";"1";"2";"3";"BERT (QUAI PAUL)";"47,40154000";"0,68744000"
"202400025803";"3";"09";"2024";"10:27";"1";"71";"71153";"2";"2";"1";"3";"HOCHE";"46,79950524";"4,44486998"
"202400025804";"14";"04";"2024";"11:10";"1";"07";"07010";"2";"1";"1";"2";"55 Avenue de l'Europe";"45,24526800";"4,66878700"
"202400025805";"24";"01";"2024";"15:00";"1";"35";"35051";"2";"6";"8";"6";"MORAND (RUE DU CHENE)";"48,09946000";" -1,61617000"
"202400025806";"13";"04";"2024";"19:40";"2";"21";"21030";"1";"1";"1";"6";"D104a";"47,11069743";"4,74400115"
"202400025807";"24";"01";"2024";"14:00";"1";"35";"35238";"2";"3";"8";"3";"FOUGERES (ROUTE DE)";"48,13256000";" -1,63327000"
"202400025808";"14";"04";"2024";"00:00";"3";"40";"40001";"2";"1";"1";"6";"Place du Commerce";"43,70041500";" -0,26420800"
"202400025809";"2";"09";"2024";"15:57";"1";"71";"71445";"1";"1";"1";"5";"RD673";"46,75981000";"4,86489000"
"202400025810";"19";"01";"2024";"19:15";"5";"34";"34301";"2";"1";"1";"3";"HUGO VICTOR (AVENUE)";"43,40774000";"3,69835000"
"202400025811";"14";"04";"2024";"17:20";"1";"24";"24520";"2";"6";"1";"3";"45 Avenue de la Gare";"44,87743400";"1,21994900"
"202400025812";"9";"04";"2024";"06:15";"2";"24";"24082";"1";"1";"8";"6";"route de gourdon";"44,82819300";"1,28030400"
"202400025813";"24";"01";"2024";"19:30";"5";"34";"34301";"2";"4";"1";"1";"BLANC CAMILLE (BOULEVARD)";"43,40920000";"3,67288000"
"202400025814";"2";"09";"2024";"17:40";"1";"69";"69091";"2";"1";"1";"3";"Allée Jacques Duclos";"45,60432000";"4,76321000"
"202400025815";"13";"04";"2024";"22:45";"3";"04";"04149";"1";"1";"1";"6";"D4096";"44,01894400";"5,92875500"
"202400025816";"24";"01";"2024";"03:55";"5";"34";"34172";"2";"4";"1";"3";"CHOLET (RUE DE)";"43,58530000";"3,86960000"
"202400025817";"12";"04";"2024";"16:52";"1";"85";"85047";"2";"2";"1";"3";"Avenue biochaud";"46,84527000";" -1,87351000"
"202400025818";"3";"09";"2024";"12:25";"1";"67";"67482";"2";"3";"1";"3";"TOREAU (RUE)";"48,59502000";"7,77846000"
"202400025819";"13";"04";"2024";"16:30";"1";"17";"17347";"2";"1";"1";"7";"Route de Saintes";"45,93972100";" -0,52129300"
"202400025820";"24";"01";"2024";"10:30";"1";"33";"33281";"2";"1";"1";"4";"N/A";"44,84154900";" -0,64905400"
"202400025821";"14";"04";"2024";"00:04";"3";"17";"17205";"2";"1";"1";"7";"Route de l'Isle de Ludène (Chemin)";"45,99569300";" -0,92953600"
"202400025822";"2";"09";"2024";"08:40";"1";"67";"67482";"2";"1";"1";"3";"KASTNER (ALLEE)";"48,59599000";"7,77790000"
"202400025823";"14";"04";"2024";"13:45";"1";"89";"89441";"1";"1";"1";"7";"A6";"47,69900000";"3,81490000"
"202400025824";"3";"09";"2024";"13:15";"1";"64";"64445";"2";"1";"2";"6";"LOUIS SALLENAVE";"43,31647000";" -0,36089000"
"202400025825";"12";"01";"2024";"18:30";"5";"36";"36070";"2";"1";"1";"6";"Rue Camille Toussaints";"46,44087558";"1,58320604"
"202400025826";"15";"01";"2024";"15:50";"1";"33";"33119";"2";"1";"1";"6";"N/A";"44,85364000";" -0,51666000"
"202400025827";"3";"09";"2024";"11:50";"1";"64";"64335";"2";"1";"2";"7";"PAU DE";"43,31888399";" -0,42705595"
"202400025828";"24";"01";"2024";"18:25";"5";"31";"31555";"2";"2";"1";"3";"AV DE FRONTON";"43,64679000";"1,43317000"
"202400025829";"14";"04";"2024";"03:00";"3";"34";"34166";"1";"1";"1";"5";"A9 PK 154+800";"43,35919533";"3,34322214"
"202400025830";"3";"09";"2024";"17:05";"1";"63";"63113";"2";"3";"1";"6";"FRANCE (RUE ANATOLE)";"45,77737612";"3,10282767"
"202400025831";"23";"01";"2024";"18:45";"5";"29";"29019";"2";"6";"2";"3";"avenue Victor Le Gorgeu";"48,40077500";" -4,50016700"
"202400025832";"13";"04";"2024";"15:10";"1";"13";"13011";"1";"1";"1";"1";"D5";"43,75235400";"4,83219300"
"202400025833";"15";"01";"2024";"23:10";"3";"22";"22187";"2";"1";"1";"6";"ARRIVEE (ROND POINT DE L')";"48,54822000";" -2,79314000"
"202400025834";"14";"04";"2024";"13:30";"1";"38";"38118";"1";"1";"1";"2";"A48";"45,41139019";"5,46261983"
"202400025835";"3";"09";"2024";"10:00";"1";"63";"63113";"2";"2";"1";"2";"Mallet / Liondards";"45,76395537";"3,09157044"
"202400025836";"23";"01";"2024";"09:00";"1";"15";"15014";"2";"1";"1";"6";"Avenue du 4 septembre";"44,92121000";"2,43210000"
"202400025837";"13";"04";"2024";"14:30";"1";"973";"97312";"1";"1";"1";"7";"route nationale 1 pk 104.250";"5,29479156";" -52,91480541"
"202400025838";"2";"09";"2024";"12:30";"1";"62";"62498";"2";"1";"1";"6";"Rue Robert Schuman";"50,44200000";"2,82400000"
"202400025839";"3";"04";"2024";"14:15";"1";"77";"77475";"1";"1";"1";"2";"D603";"48,95903900";"2,98968700"
"202400025840";"24";"01";"2024";"19:20";"5";"13";"13211";"2";"1";"1";"3";"JEAN LOMBARD (AVENUE)";"43,28896025";"5,43172610"
"202400025841";"2";"09";"2024";"12:00";"1";"62";"62498";"2";"9";"1";"6";"Avenue Raoul Briquet";"50,43252000";"2,83597000"
"202400025842";"14";"04";"2024";"17:10";"1";101;101041";"2";"9";"1";"1";"RT 40";"41,40272300";"9,16070900"
"202400025843";"24";"01";"2024";"10:55";"1";"13";"13211";"2";"1";"1";"1";"MIRELLE LAUZE (BOULEVARD)";"43,28877000";"5,43657000"
"202400025844";"13";"04";"2024";"18:00";"1";"66";"66180";"2";"1";"1";"7";"Chemin de Leucate";"42,76936557";"3,00166011"
"202400025845";"23";"01";"2024";"21:00";"5";"13";"13212";"2";"1";"1";"1";"COMTESSE (BOULEVARD DE LA)";"43,31991000";"5,44635000"
"202400025846";"13";"04";"2024";"20:45";"3";"84";"84054";"2";"3";"1";"1";"Cours Fernande Peyre";"43,92123500";"5,05701300"
"202400025847";"3";"09";"2024";"23:45";"4";"62";"62035";"2";"5";"8";"3";"Rue du Capitaine Coussette";"50,53629480";"2,61855680"
"202400025848";"9";"01";"2024";"19:40";"5";"12";"12202";"2";"4";"1";"3";"AMANS RODAT (AVENUE)";"44,34984800";"2,56825100"
"202400025849";"14";"04";"2024";"18:10";"1";"13";"13081";"2";"1";"1";"1";"Rue des Figuiers";"43,51089400";"5,20944400"
"202400025850";"23";"01";"2024";"15:07";"1";"10";"10081";"2";"1";"2";"2";"Avenue Jean Moulin";"48,30999000";"4,03981000"
"202400025851";"2";"09";"2024";"12:00";"1";"62";"62753";"2";"3";"1";"2";"Rue Paulhan";"50,30581575";"2,81109144"
"202400025852";"14";"04";"2024";"17:45";"1";"13";"13096";"1";"3";"1";"2";"Intersection RD570 - RD85";"43,48171800";"4,40476700"
"202400025853";"23";"01";"2024";"10:00";"1";"10";"10060";"2";"1";"1";"2";"Avenue Marechal Leclerc";"48,26244000";"4,09242000"
"202400025854";"14";"04";"2024";"13:25";"1";"89";"89384";"1";"1";"1";"7";"A6";"47,90210000";"3,35030000"
"202400025855";"29";"08";"2024";"09:15";"1";"59";"59606";"2";"6";"1";"6";"FROISSART (BOULEVARD)";"50,36307000";"3,52099000"
"202400025856";"14";"04";"2024";"15:15";"1";"21";"21017";"1";"1";"1";"6";"D25";"47,14307700";"4,83421000"
"202400025857";"23";"01";"2024";"05:40";"3";"09";"09225";"1";"1";"1";"6";"ROUTE NATIONALE 20 (VOIE RAPIDE)";"43,10227000";"1,63269000"
"202400025858";"13";"04";"2024";"16:14";"1";"68";"68296";"2";"3";"1";"1";"31 Route du Vin";"48,23178200";"7,37069200"
"202400025859";"23";"01";"2024";"19:50";"5";"75";"75120";"2";"1";"1";"4";"PORTE DE BAGNOLET";"48,87721800";"2,40892800"
"202400025860";"30";"08";"2024";"22:20";"5";"59";"59574";"2";"2";"1";"3";"VINCI (RUE LEONARD)";"50,34100000";"3,27800000"
"202400025861";"13";"04";"2024";"17:25";"1";"88";"88073";"1";"2";"1";"3";"D28";"48,34730800";"6,27759200"
"202400025862";"24";"01";"2024";"19:10";"5";"75";"75117";"2";"3";"1";"7";"BOULEVARD GOUVION SAINT CYR";"48,87816700";"2,28426400"
"202400025863";"14";"04";"2024";"18:00";"1";"54";"54460";"1";"1";"1";"7";"RD10";"48,80562000";"5,96338700"
"202400025864";"24";"01";"2024";"13:50";"1";"75";"75117";"2";"1";"1";"2";"BOULEVARD BESSIERES";"48,89688800";"2,32023100"
"202400025865";"12";"04";"2024";"19:35";"1";"54";"54043";"1";"1";"1";"7";"D331";"48,58177095";"6,10415500"
"202400025866";"2";"09";"2024";"16:45";"1";"56";"56260";"2";"9";"1";"3";"Boulevard de la Résistance";"47,64565000";" -2,77970000"
"202400025867";"23";"01";"2024";"19:00";"5";"75";"75116";"2";"3";"1";"6";"BOULEVARD LANNES";"48,87107000";"2,27489400"
"202400025868";"14";"04";"2024";"03:30";"3";"26";"26004";"1";"1";"1";"7";"chemin des 4 vents";"44,97984900";"4,98012200"
"202400025869";"2";"09";"2024";"12:05";"1";"54";"54526";"2";"5";"1";"1";"Boulevard Tolstoi";"48,68136000";"6,21606000"
"202400025870";"24";"01";"2024";"11:30";"1";"75";"75115";"2";"2";"1";"2";"RUE DE LA CROIX NIVERT";"48,84359234";"2,29571334"
"202400025871";"12";"04";"2024";"19:05";"2";"26";"26235";"2";"6";"1";"6";"Avenue Jean Perrin";"44,37899700";"4,69971300"
"202400025872";"13";"04";"2024";"17:05";"1";"65";"65123";"1";"1";"1";"6";"D918";"42,94556600";"0,27249600"
"202400025873";"24";"01";"2024";"08:30";"1";"75";"75115";"2";"1";"2";"6";"AVENUE DE SUFFREN";"48,85013200";"2,30268400"
"202400025874";"14";"04";"2024";"10:15";"1";"85";"85019";"2";"6";"1";"3";"RD6";"46,79028000";" -1,42188100"
"202400025875";"2";"09";"2024";"07:50";"1";"54";"54395";"2";"1";"1";"6";"boulevard du millénaire";"48,67829000";"6,20917000"
"202400025876";"24";"01";"2024";"16:38";"1";"75";"75111";"2";"3";"1";"1";"AVENUE LEDRU ROLLIN";"48,85474800";"2,37814700"
"202400025877";"13";"04";"2024";"19:45";"1";"56";"56178";"2";"1";"1";"6";"101 Rue Nationale";"48,06335200";" -2,96672800"
"202400025878";"13";"04";"2024";"17:45";"1";"27";"27070";"1";"1";"1";"6";"D1";"49,26889700";"1,41592700"
"202400025879";"24";"01";"2024";"12:30";"1";"75";"75111";"2";"1";"1";"6";"AVENUE LEDRU ROLLIN";"48,85196400";"2,37679500"
"202400025880";"3";"09";"2024";"17:14";"1";"54";"54382";"1";"1";"8";"3";"RN52";"49,54970000";"5,80602000"
"202400025881";"13";"04";"2024";"04:57";"3";"27";"27020";"2";"1";"1";"6";"D55";"48,99909500";"1,10800400"
"202400025882";"24";"01";"2024";"14:45";"1";"75";"75110";"2";"1";"1";"3";"BOULEVARD SAINT MARTIN";"48,86856200";"2,35829800"
"202400025883";"2";"09";"2024";"13:16";"1";"54";"54521";"2";"1";"8";"6";"Rue Saint Georges";"49,47165000";"5,90871000"
"202400025884";"13";"04";"2024";"17:30";"1";"59";"59634";"1";"2";"1";"2";"Route du Bourbourg";"50,71438500";"2,48203600"
"202400025885";"24";"01";"2024";"10:30";"1";"75";"75108";"2";"2";"1";"1";"AVENUE HOCHE";"48,87808400";"2,30508900"
"202400025886";"3";"09";"2024";"15:15";"1";"51";"51454";"2";"1";"2";"6";"RUE CHARLES GUGGIARI";"49,28484000";"4,02486000"
"202400025887";"13";"04";"2024";"16:45";"1";"13";"13070";"1";"1";"1";"4";"A50-Sens Aubagne vers Marseille";"43,28612245";"5,51633961"
"202400025888";"24";"01";"2024";"10:03";"1";"75";"75108";"2";"3";"1";"3";"BOULEVARD HAUSSMANN";"48,87519700";"2,31635800"
"202400025889";"9";"04";"2024";"19:29";"1";"13";"13215";"1";"1";"1";"2";"A7-Sens Lyon vers Marseille";"43,37569000";"5,34256000"
"202400025890";"3";"09";"2024";"09:25";"1";"51";"51454";"2";"6";"1";"2";"DONATINI (PLACE JEAN)";"49,22710000";"4,01469000"
"202400025891";"24";"01";"2024";"06:45";"5";"75";"75107";"2";"3";"1";"3";"QUAI D ORSAY";"48,86256807";"2,31039852"
"202400025892";"2";"09";"2024";"15:12";"1";"51";"51454";"2";"1";"1";"7";"MARTIN PELLER (RUE)";"49,24871000";"4,01490000"
"202400025893";"12";"04";"2024";"17:20";"1";"13";"13214";"1";"1";"1";"4";"A507 sens Marseille - Aubagne";"43,33315668";"5,38480307"
"202400025894";"24";"01";"2024";"09:15";"1";"75";"75101";"2";"2";"2";"7";"QUAI FRANCOIS MITTERRAND";"48,86011300";"2,33334600"
"202400025895";"23";"01";"2024";"15:45";"1";"94";"94080";"2";"1";"2";"6";"Rue Diderot";"48,85049881";"2,44506113"
"202400025896";"2";"09";"2024";"15:46";"1";"51";"51454";"2";"1";"1";"2";"COURCELLES (RUE DE) DU 223 A FIN ET 102";"49,26422500";"4,01339900"
"202400025897";"12";"04";"2024";"11:35";"1";"13";"13215";"1";"1";"1";"2";"A7-Sens Lyon vers Marseille";"43,34290500";"5,37594000"
"202400025898";"2";"09";"2024";"15:15";"1";"49";"49323";"2";"1";"3";"6";"A87N";"47,49565081";" -0,49884365"
"202400025899";"24";"01";"2024";"15:40";"1";"94";"94068";"2";"1";"1";"6";"Boulevard du Général Giraud";"48,79142625";"2,48279120"
"202400025900";"12";"04";"2024";"20:55";"4";"33";"33075";"1";"1";"1";"4";"N/A";"44,88929000";" -0,60274000"
"202400025901";"24";"01";"2024";"20:50";"5";"94";"94003";"2";"1";"1";"6";"9 Avenue du President Nelson Mandela";"48,81140700";"2,32755700"
"202400025902";"3";"09";"2024";"11:15";"1";"47";"47323";"1";"1";"2";"4";"ROMAS";"44,40650000";"0,74047000"
"202400025903";"13";"04";"2024";"20:45";"3";"92";"92002";"1";"1";"1";"3";"RN 385 Extèrieure";"48,76060033";"2,28558497"
"202400025904";"23";"01";"2024";"22:12";"5";"94";"94038";"2";"1";"2";"3";"Avenue de la Division Leclerc";"48,78434000";"2,32836000"
"202400025905";"3";"09";"2024";"16:45";"1";"45";"45284";"2";"1";"8";"3";"169 Avenue Louis-Joseph Soulas";"47,90867000";"1,97594000"
"202400025906";"13";"04";"2024";"14:10";"1";"91";"91136";"1";"1";"1";"4";"AUTOROUTE A126";"48,71219000";"2,28867000"
"202400025907";"24";"01";"2024";"01:40";"5";"93";"93070";"2";"1";"1";"2";"Pont de Saint-Ouen";"48,91843000";"2,32910000"
"202400025908";"3";"09";"2024";"10:15";"1";"44";"44109";"2";"6";"1";"3";"Place Victor Mangin";"47,20044000";" -1,54433000"
"202400025909";"12";"04";"2024";"18:35";"1";"91";"91103";"1";"1";"1";"4";"RN 104";"48,62481200";"2,30263200"
"202400025910";"24";"01";"2024";"08:30";"1";"93";"93066";"2";"3";"9";"6";"Rue du Languedoc / Avenue du Franc Moisin";"48,92624827";"2,37312680"
"202400025911";"13";"04";"2024";"03:30";"3";"78";"78242";"1";"1";"1";"2";"A12 Y";"48,82224900";"2,07086400"
"202400025912";"22";"08";"2024";"17:45";"1";"40";"40192";"2";"1";"1";"4";"CANENX (AV DE) R.D. 53";"43,92428000";" -0,49629000"
"202400025913";"13";"04";"2024";"15:50";"1";"93";"93007";"1";"1";"1";"2";"A3";"48,94419727";"2,47746314"
"202400025914";"24";"01";"2024";"07:40";"5";"93";"93066";"2";"2";"2";"6";"Boulevard Félix Faure / Rue Alber Walter";"48,93880490";"2,35940248"
"202400025915";"3";"09";"2024";"07:47";"2";"37";"37195";"2";"6";"9";"2";"PRIEURE (AVENUE DU)";"47,38280000";"0,65464000"
"202400025916";"13";"04";"2024";"14:00";"1";"93";"93064";"1";"1";"1";"5";"A86";"48,87109766";"2,48225139"
"202400025917";"24";"01";"2024";"10:55";"1";"93";"93055";"2";"3";"1";"6";"Rue Etienne Marcel / Rue de la Liberté";"48,89321094";"2,40443945"
"202400025918";"3";"09";"2024";"06:56";"2";"37";"37122";"1";"1";"2";"6";"RD 37";"47,33982000";"0,66687000"
"202400025919";"13";"04";"2024";"06:35";"3";"95";"95527";"1";"1";"1";"2";"A3";"48,98278289";"2,50307168"
"202400025920";"3";"09";"2024";"19:58";"1";"36";"36159";"2";"1";"1";"6";"Route de Varennes";"46,77277064";"1,73516020"
"202400025921";"24";"01";"2024";"08:30";"2";"93";"93048";"2";"3";"2";"6";"Avenue du Colonel Fabien / Rue Charles Deleslcuze";"48,87766800";"2,45558000"
"202400025922";"13";"04";"2024";"21:50";"3";"94";"94028";"1";"1";"1";"6";"A86";"48,78927074";"2,44014502"
"202400025923";"12";"04";"2024";"22:35";"3";"77";"77363";"1";"1";"1";"2";"A104";"48,92974900";"2,62795900"
"202400025924";"23";"01";"2024";"19:00";"2";"93";"93063";"2";"2";"1";"6";"Route de Montreuil / Avenue du Docteur Fernand Lamaze";"48,87714915";"2,44939774"
"202400025925";"3";"09";"2024";"14:50";"1";"34";"34172";"2";"2";"1";"3";"CAUSSE (RUE PIERRE)";"43,60969000";"3,83792000"