"Num_Acc";"jour";"mois";"an";"hrmn";"lum";"dep";"com";"agg";"int";"atm";"col";"adr";"lat";"long"
"202400025926";"12";"04";"2024";"20:10";"2";"94";"94028";"1";"1";"1";"7";"A86";"48,79698818";"2,44355794"
"202400025927";"3";"09";"2024";"12:35";"1";"31";"31483";"2";"1";"1";"2";"SOMMER RAYMOND (BOULEVARD)";"43,09894087";"0,70815951"
"202400025928";"26";"07";"2024";"19:27";"5";"971";"97120";"2";"1";"1";"6";"HANNE (BOULEVARD)";"16,23941000";" -61,53098000"
"202400025929";"24";"01";"2024";"17:00";"2";"93";"93007";"2";"6";"1";"3";"Avenue Albert Einstein / Rond point Pablo Néruda";"48,94982228";"2,46687859"
"202400025930";"24";"05";"2024";"15:15";"1";"14";"14578";"2";"2";"1";"3";"67 Rue des Brioleurs";"49,34931600";"0,18095800"
"202400025931";"24";"01";"2024";"10:30";"1";"93";"93001";"2";"1";"1";"6";"Rue de l'Abeille";"48,91366497";"2,39423312"
"202400025932";"12";"04";"2024";"18:15";"1";"77";"77083";"1";"1";"1";"4";"A4.W";"48,83180534";"2,60174191"
"202400025933";"3";"09";"2024";"07:45";"1";"29";"29232";"1";"1";"8";"3";"Route de Pluguffan";"47,97706919";" -4,13363278"
"202400025934";"28";"07";"2024";"01:00";"5";101;101004";"2";"1";"2";"5";"#111 Cours Napoléon#";"41,93215000";"8,74016000"
"202400025935";"23";"05";"2024";"15:00";"1";"14";"14676";"1";"1";"1";"2";"Rue des Alliés";"49,29510000";" -0,64126800"
"202400025936";"24";"01";"2024";"08:25";"1";"92";"92078";"1";"2";"1";"3";"LONGUE BERTRANE (RUE)";"48,92965000";"2,32017000"
"202400025937";"3";"09";"2024";"08:42";"1";"27";"27229";"1";"1";"1";"3";"BUFFARDIERE (BOULEVARD DE LA)";"49,01885200";"1,14239000"
"202400025938";"11";"02";"2024";"17:30";"1";"34";"34301";"2";"3";"1";"3";"LATTRE DE TASSIGNY MARECHAL (QUAI DU)";"43,40424000";"3,69730000"
"202400025939";"26";"07";"2024";"21:30";"5";"91";"91514";"2";"6";"3";"2";"RUE MERE MARIE PIA";"48,67669000";"2,53701000"
"202400025940";"24";"01";"2024";"13:10";"1";"92";"92075";"2";"1";"1";"6";"LATTRE DE TASSIGNY (PLACE DU MAL)";"48,82184000";"2,28489000"
"202400025941";"23";"05";"2024";"18:00";"1";"05";"05098";"2";"1";"2";"6";"D40";"44,49278600";"6,55580200"
"202400025942";"7";"04";"2024";"04:24";"5";"987";"98735";"2";"1";"1";"6";"PRINCE HINOI (AVENUE)";" -17,53388000";" -149,56074000"
"202400025943";"3";"09";"2024";"11:00";"1";"25";"25056";"2";"9";"1";"6";"VESOUL RUE DE (sup 52)";"47,25415000";"6,01524000"
"202400025944";"27";"07";"2024";"14:45";"1";"91";"91174";"2";"1";"2";"2";"BD JEAN JAURES";"48,61116000";"2,46200000"
"202400025945";"24";"01";"2024";"09:30";"1";"92";"92076";"1";"9";"1";"2";"JARDY";"48,83281418";"2,15326130"
"202400025946";"12";"04";"2024";"05:50";"5";"974";"97411";"1";"1";"2";"3";"VINH-SAN (BLD 1 DU PRINCE)";" -20,88742000";"55,44112000"
"202400025947";"3";"09";"2024";"17:15";"1";"22";"22278";"2";"1";"1";"2";"8 MAI 1945 (PL DU)";"48,51210000";" -2,75580000"
"202400025948";"24";"07";"2024";"17:10";"1";"86";"86194";"2";"9";"9";"2";"Promenade des Cours";"46,57301000";"0,34020000"
"202400025949";"24";"01";"2024";"14:20";"1";"92";"92063";"2";"1";"1";"2";"HOPITAL STELL (BOULEVARD DE L')";"48,88082289";"2,18480587"
"202400025950";"24";"05";"2024";"12:15";"1";"45";"45258";"1";"1";"1";"1";"D948 PR 5 + 46";"48,21849700";"2,45704300"
"202400025951";"13";"04";"2024";"00:02";"5";"974";"97407";"2";"9";"1";"2";"RUE SULLY PRUD'HOMME";" -20,94023000";"55,30811000"
"202400025952";"24";"05";"2024";"09:40";"1";"64";"64218";"1";"1";"1";"7";"D428";"43,07265400";" -1,19138900"
"202400025953";"27";"07";"2024";"13:15";"1";"85";"85191";"2";"6";"8";"6";"Rue du puy charpentreau";"46,64820100";" -1,43464600"
"202400025954";"2";"09";"2024";"10:00";"1";"19";"19031";"2";"2";"1";"2";"ROOSEVELT (AVENUE DU PRESIDENT)";"45,15753000";"1,52398000"
"202400025955";"23";"01";"2024";"18:15";"5";"92";"92050";"2";"1";"1";"3";"NATIONAL BOULEVARD";"48,88618131";"2,18839574"
"202400025956";"27";"07";"2024";"22:30";"5";"84";"84087";"2";"1";"1";"6";"CARISTIE (RUE)";"44,13754400";"4,80846600"
"202400025957";"23";"01";"2024";"18:45";"5";"60";"60587";"2";"1";"1";"2";"48 Rue de Paris";"49,33821400";"2,60503100"
"202400025958";"12";"04";"2024";"18:18";"1";"973";"97302";"2";"1";"1";"3";"MADELEINE (ROUTE DE LA)";"4,91453000";" -52,32099000"
"202400025959";"3";"09";"2024";"03:00";"5";"17";"17200";"2";"1";"2";"7";"ROSE   AVENUE DU FIEF";"46,17423000";" -1,16665000"
"202400025960";"23";"05";"2024";"12:10";"1";"18";"18196";"1";"2";"3";"3";"N/A";"46,76233800";"2,81540800"
"202400025961";"24";"01";"2024";"17:30";"1";"65";"65130";"1";"3";"1";"3";"D935";"43,57914700";" -0,02150100"
"202400025962";"3";"09";"2024";"19:45";"1";"16";"16089";"1";"3";"1";"3";"N/A";"45,67439000";" -0,34132000"
"202400025963";"27";"07";"2024";"18:15";"1";"84";"84007";"2";"3";"1";"1";"MORIERES (Route de )";"43,95133000";"4,82726000"
"202400025964";"23";"05";"2024";"07:18";"1";"43";"43087";"1";"1";"5";"1";"D501";"45,20019044";"4,35562586"
"202400025965";"12";"04";"2024";"16:00";"1";"973";"97302";"1";"1";"1";"5";"ROUTE NATIONALE 1";"4,91314000";" -52,32841000"
"202400025966";"24";"01";"2024";"11:00";"1";"26";"26231";"1";"1";"1";"1";"Route de Génissieux";"45,09373500";"5,07190700"
"202400025967";"24";"05";"2024";"11:20";"1";"28";"28387";"2";"1";"1";"6";"Rue de l?Etang";"48,31225000";"0,99079200"
"202400025968";"27";"07";"2024";"10:30";"1";"83";"83137";"2";"1";"1";"6";"BAZEILLES (BD / ROND POINT DE)";"43,11210000";"5,93760000"
"202400025969";"3";"09";"2024";"20:30";"5";"13";"13056";"2";"6";"1";"3";"TURCAN FRANCIS";"43,41920000";"5,05589000"
"202400025970";"24";"01";"2024";"19:45";"3";"86";"86042";"1";"1";"1";"1";"D58";"46,96222300";"0,66934900"
"202400025971";"24";"05";"2024";"08:45";"2";"17";"17266";"1";"2";"1";"3";"D739e";"45,93005000";" -0,64849400"
"202400025972";"26";"07";"2024";"22:15";"5";"83";"83069";"2";"3";"1";"3";"AEROPORT (AVENUE DE L')";"43,08644343";"6,15710270"
"202400025973";"25";"01";"2024";"14:30";"1";"41";"41282";"1";"1";"1";"7";"d75";"47,35669100";"1,84305300"
"202400025974";"4";"09";"2024";"00:54";"5";"13";"13214";"2";"1";"1";"2";"PLOMBIERES (BOULEVARD DES)";"43,31517000";"5,38698000"
"202400025975";"17";"05";"2024";"17:12";"1";"37";"37124";"1";"1";"3";"1";"D976";"47,36604400";"0,78991100"
"202400025976";"27";"07";"2024";"13:45";"1";"83";"83069";"2";"6";"1";"6";"VICTORIA (AVENUE)";"43,11521155";"6,12521171"
"202400025977";"23";"01";"2024";"07:50";"2";"31";"31418";"1";"1";"8";"3";"71 Route de Flourens";"43,60849500";"1,53965200"
"202400025978";"2";"09";"2024";"19:00";"1";"10";"10387";"2";"1";"1";"3";"Avenue Edouard Herriot";"48,27390000";"4,08050000"
"202400025979";"23";"05";"2024";"07:55";"1";"37";"37203";"2";"1";"1";"2";"35 Rue Saint-Georges";"47,41002200";"0,73850900"
"202400025980";"27";"07";"2024";"22:24";"5";"79";"79191";"2";"1";"1";"1";"N/A";"46,30642000";" -0,44110000"
"202400025981";"24";"01";"2024";"16:05";"1";"974";"97405";"1";"1";"2";"3";"Déviation de Grand Bois (Pont)";" -21,36384300";"55,53986900"
"202400025982";"23";"05";"2024";"16:50";"1";"33";"33052";"1";"1";"1";"2";"N/A";"44,95989000";" -0,24719800"
"202400025983";"24";"01";"2024";"22:15";"3";"66";"66050";"1";"1";"1";"7";"Carrer de Las Escales";"42,77615700";"2,94405700"
"202400025984";"22";"05";"2024";"19:15";"5";"987";"98738";"2";"1";"1";"3";"RDO";" -17,57508700";" -149,61182200"
"202400025985";"25";"01";"2024";"16:40";"2";"51";"51237";"2";"1";"8";"6";"Rue Jean Jaures";"48,72773800";"3,55415800"
"202400025986";"2";"09";"2024";"18:51";"1";"10";"10362";"2";"1";"1";"3";"Avenue du General Gallieni";"48,29359000";"4,05299000"
"202400025987";"27";"07";"2024";"10:30";"1";"78";"78168";"2";"6";"2";"6";"ARPENTS (BOULEVARD DES)";"48,75639000";"1,93019000"
"202400025988";"17";"01";"2024";"06:55";"3";"51";"51237";"1";"1";"9";"6";"Esternay";"48,73177000";"3,59768600"
"202400025989";"21";"05";"2024";"23:18";"3";"57";"57644";"1";"1";"1";"2";"Autoroute A4 PK 373";"49,11790000";"6,83662900"
"202400025990";"24";"01";"2024";"19:00";"5";100;100123";"2";"6";"1";"6";"Avenue du 9 Septembre";"42,01768400";"9,40665200"
"202400025991";"26";"07";"2024";"18:15";"1";"77";"77216";"1";"1";"1";"6";"D 40d";"48,31928000";"2,69733000"
"202400025992";"21";"01";"2024";"17:00";"1";100;100123";"1";"1";"1";"6";"D344";"42,04154800";"9,38854700"
"202400025993";"23";"05";"2024";"10:30";"1";"976";"97617";"1";"1";"1";"1";"CCD 3 mirereni direction vahibé";" -12,78487100";"45,14353000"
"202400025994";"23";"05";"2024";"15:25";"1";"33";"33229";"2";"6";"1";"2";"N/A";"44,70379100";" -1,03864300"
"202400025995";"2";"09";"2024";"16:30";"1";"10";"10387";"2";"6";"8";"7";"Boulevard Georges Pompidou";"48,28790000";"4,08129000"
"202400025996";"25";"01";"2024";"09:50";"1";"11";"11254";"1";"1";"1";"1";"N/A";"43,19416400";"2,12545800"
"202400025997";"26";"07";"2024";"11:05";"1";"71";"71153";"2";"2";"1";"1";"MARECHAL JOFFRE";"46,79509000";"4,42504000"
"202400025998";"24";"01";"2024";"19:53";"4";"61";"61214";"2";"1";"1";"6";"55 Rue Louis Pasteur";"48,76229800";"0,62079100"
"202400025999";"24";"05";"2024";"12:00";"1";"77";"77153";"1";"1";"1";"1";"D13";"49,06028500";"2,69821600"
"202400026000";"27";"07";"2024";"14:20";"1";"67";"67447";"2";"1";"1";"6";"GENERAL DE GAULLE (ROUTE DU)";"48,60693000";"7,73608000"
"202400026001";"22";"05";"2024";"17:20";"1";"77";"77168";"1";"9";"1";"7";"Impasse du Gros Charme";"48,19573100";"2,85623100"
"202400026002";"26";"07";"2024";"18:20";"1";"66";"66136";"2";"3";"1";"3";"AERODROME AVENUE DE L'(CD117)";"42,72194000";"2,88511000"
"202400026003";"3";"09";"2024";"18:30";"1";"06";"06029";"2";"9";"1";"5";"74 Rue Georges Clemenceau";"43,54938000";"7,00875000"
"202400026004";"22";"05";"2024";"11:55";"1";"77";"77211";"1";"1";"1";"3";"RD 201";"48,59574100";"2,98321700"
"202400026005";"23";"01";"2024";"18:15";"5";"22";"22183";"2";"3";"8";"3";"Rue Jéhan Crès";"48,14223300";" -2,60571800"
"202400026006";"27";"07";"2024";"11:40";"1";"64";"64249";"2";"3";"1";"2";"GENERAL DE GAULLE(AVENUE DU)";"43,42373000";" -1,60896000"
"202400026007";"3";"09";"2024";"18:15";"1";"75";"75120";"2";"1";"1";"3";"PORTE DES LILAS";"48,86874200";"2,41325200"
"202400026008";"25";"01";"2024";"06:38";"3";"25";"25262";"1";"1";"2";"1";"D461";"47,13561500";"6,59098100"
"202400026009";"27";"07";"2024";"00:40";"5";"64";"64483";"2";"3";"1";"3";"HUGO VICTOR (BOULEVARD)";"43,38853000";" -1,65870000"
"202400026010";"23";"05";"2024";"12:30";"1";100;100257";"1";"1";"1";"2";"intesection D 81 / D62";"42,65399200";"9,26757400"
"202400026011";"24";"01";"2024";"18:20";"2";"44";"44023";"2";"1";"8";"6";"32 Rue  Louis Guihot";"47,41838900";" -1,84953300"
"202400026012";"22";"07";"2024";"19:30";"1";"61";"61006";"2";"1";"1";"7";"Voie Communale";"48,75251500";" -0,02523900"
"202400026013";"3";"09";"2024";"16:00";"1";"75";"75115";"2";"1";"1";"5";"PORTE DE SEVRES";"48,83293000";"2,27950700"
"202400026014";"24";"01";"2024";"15:50";"1";"26";"26108";"1";"1";"1";"2";"D538";"44,71501620";"5,00869789"
"202400026015";"24";"05";"2024";"14:45";"1";"30";"30130";"1";"1";"3";"1";"Route départementale 906";"44,35467200";"3,95309900"
"202400026016";"28";"07";"2024";"00:38";"5";"59";"59512";"2";"9";"1";"6";"Rue de Leers";"50,69006000";"3,21086000"
"202400026017";"3";"09";"2024";"15:25";"1";"75";"75120";"2";"1";"1";"3";"ECHANGEUR BAGNOLET";"48,86964300";"2,41326700"
"202400026018";"23";"05";"2024";"13:45";"1";"54";"54196";"1";"1";"1";"7";"RN57";"48,56728372";"6,17592573"
"202400026019";"26";"07";"2024";"17:40";"1";"59";"59636";"2";"1";"1";"6";"CHATEAUX AVENUE DES";"50,68797000";"3,05145000"
"202400026020";"3";"09";"2024";"01:55";"5";"75";"75112";"2";"1";"1";"3";"PORTE DE CHARENTON";"48,82911000";"2,39997100"
"202400026021";"24";"01";"2024";"15:10";"1";"72";"72331";"1";"1";"8";"2";"D323";"48,09061100";"0,56332800"
"202400026022";"27";"07";"2024";"04:09";"3";"57";"57606";"2";"9";"3";"6";"RD 910 A";"49,10773400";"6,68997400"
"202400026023";"24";"05";"2024";"13:07";"1";"42";"42285";"2";"3";"1";"3";"Avenue François Parot";"45,55372079";"4,12096913"
"202400026024";"23";"01";"2024";"09:20";"1";"05";"05010";"2";"1";"1";"6";"Route de Valence";"44,52410502";"5,74727654"
"202400026025";"3";"09";"2024";"01:15";"5";"75";"75119";"2";"1";"1";"5";"PORTE DES LILAS";"48,87903200";"2,40811600"
"202400026026";"24";"01";"2024";"21:01";"3";"50";"50429";"1";"1";"2";"6";"D 49";"49,01275200";" -1,54521000"
"202400026027";"27";"07";"2024";"06:00";"2";"56";"56083";"2";"6";"8";"6";"Avenue Aristide Bruant";"47,80252000";" -3,25975000"
"202400026028";"3";"09";"2024";"08:45";"1";"75";"75119";"2";"1";"1";"6";"AVENUE JEAN JAURES";"48,88741236";"2,38787949"
"202400026029";"24";"05";"2024";"10:45";"1";"31";"31248";"2";"1";"1";"6";"Avenue du Lauragais, intersection Chemin du Camp du Nord";"43,45265400";"1,40213000"
"202400026030";"21";"01";"2024";"18:30";"2";"64";"64495";"1";"2";"1";"3";"D918";"43,36482200";" -1,59045300"
"202400026031";"27";"07";"2024";"17:15";"1";"51";"51454";"2";"2";"3";"5";"GERUZEZ (RUE)";"49,26385600";"4,01794900"
"202400026032";"3";"09";"2024";"23:20";"5";"75";"75113";"2";"2";"1";"3";"BOULEVARD DU GENERAL JEAN SIMON";"48,82571600";"2,38193700"
"202400026033";"27";"07";"2024";"15:55";"1";"51";"51454";"2";"1";"2";"6";"BOCQUAINE (CHAUSSEE)";"49,25004200";"4,01968800"
"202400026034";"3";"09";"2024";"16:15";"1";"75";"75110";"2";"1";"1";"7";"AVENUE PARMENTIER";"48,87048100";"2,37069200"
"202400026035";"20";"01";"2024";"16:10";"1";"73";"73312";"1";"1";"7";"7";"D201C";"45,65598100";"6,31218300"
"202400026036";"22";"05";"2024";"08:13";"1";"13";"13088";"1";"1";"1";"2";"A55-Sens Martigues vers Marseille";"43,38100000";"5,22400000"
"202400026037";"27";"07";"2024";"04:31";"5";"49";"49007";"1";"1";"2";"7";"MOULIN BOULEVARD";"47,49557000";" -0,55462000"
"202400026038";"3";"09";"2024";"08:15";"1";"75";"75111";"2";"2";"1";"6";"RUE DU CHEMIN VERT";"48,86030500";"2,37861500"
"202400026039";"22";"05";"2024";"06:55";"1";"13";"13071";"1";"1";"1";"7";"F1-Sens Lyon vers A55-Martigues";"43,39800000";"5,29800000"
"202400026040";"24";"01";"2024";"14:55";"1";"16";"16393";"1";"2";"1";"1";"N/A";"45,76486104";"0,16221731"
"202400026041";"3";"09";"2024";"00:40";"5";"75";"75110";"2";"3";"1";"6";"CITE DE CHABROL";"48,87634100";"2,35383200"
"202400026042";"26";"07";"2024";"16:55";"1";"45";"45234";"2";"3";"1";"3";"50 Avenue du Président John Kennedy";"47,84349800";"1,92394000"
"202400026043";"12";"04";"2024";"00:20";"3";"69";"69040";"1";"1";"1";"2";"Route de Métropole 6  ";"45,79693786";"4,77773204"
"202400026044";"25";"01";"2024";"14:00";"1";"07";"07343";"1";"1";"1";"2";"Route de Largentière";"44,55690100";"4,31767000"
"202400026045";"23";"05";"2024";"23:18";"4";"33";"33318";"1";"1";"1";"7";"N/A";"44,80794400";" -0,66858900"
"202400026046";"27";"07";"2024";"13:30";"1";"37";"37261";"2";"9";"2";"3";"DESLONDAINS (RUE ADRIEN)";"47,39055000";"0,67265000"
"202400026047";"24";"01";"2024";"08:00";"5";"37";"37109";"2";"1";"1";"6";"72 Avenue du Général de Gaulle";"47,40473260";"0,61389823"
"202400026048";"3";"09";"2024";"16:40";"1";"75";"75108";"2";"3";"8";"3";"BOULEVARD DE COURCELLES";"48,88117000";"2,31532800"
"202400026049";"25";"01";"2024";"20:30";"5";"30";"30212";"2";"1";"1";"7";"D6101";"43,94035900";"4,57371400"
"202400026050";"26";"07";"2024";"16:50";"1";"37";"37261";"2";"3";"1";"3";"DANIEL MAYER";"47,41860000";"0,69345000"
"202400026051";"3";"09";"2024";"10:02";"1";"75";"75108";"2";"1";"2";"3";"RUE DE MIROMESNIL";"48,87434200";"2,31585600"
"202400026052";"23";"05";"2024";"08:20";"1";"33";"33249";"1";"1";"1";"4";"N/A";"44,87865000";" -0,53043000"
"202400026053";"25";"01";"2024";"13:20";"1";"08";"08173";"2";"1";"2";"3";"17 rue de sedan";"49,69814400";"4,77740600"
"202400026054";"27";"07";"2024";"17:21";"1";"33";"33063";"2";"3";"1";"6";"N/A";"44,83506000";" -0,56344000"
"202400026055";"25";"01";"2024";"06:43";"5";"95";"95394";"2";"1";"1";"3";"D928";"49,05787829";"2,18982163"
"202400026056";"27";"07";"2024";"02:30";"5";"33";"33063";"2";"1";"1";"6";"Rue Emile Duploye";"44,84027000";" -0,56966000"
"202400026057";"23";"05";"2024";"06:05";"2";"33";"33122";"1";"1";"1";"4";"N/A";"44,74330000";" -0,70667000"
"202400026058";"2";"09";"2024";"21:55";"5";"93";"93059";"2";"2";"1";"3";"Avenue Lénine / Avenue Suzanne Valandon";"48,96005000";"2,35878000"
"202400026059";"24";"01";"2024";"16:40";"1";"13";"13080";"1";"2";"1";"3";"RD 561, croisement D15g";"43,65591900";"5,46911000"
"202400026060";"26";"07";"2024";"14:00";"1";"33";"33063";"2";"1";"7";"6";"N/A";"44,86241000";" -0,55606000"
"202400026061";"3";"09";"2024";"19:41";"1";"93";"93077";"2";"3";"1";"3";"Avenue de Rosny / Place du Souvenir Français";"48,88248000";"2,49783000"
"202400026062";"18";"05";"2024";"09:30";"1";"62";"62766";"1";"1";"2";"5";"A16";"50,94210218";"2,09036153"
"202400026063";"24";"01";"2024";"12:00";"1";"06";"06085";"2";"2";"1";"1";"Chemin des Campelieres";"43,58021600";"7,00565600"
"202400026064";"26";"07";"2024";"22:30";"5";"27";"27229";"2";"3";"2";"3";"BOIS DES COMMUNES (RUE DU)";"49,02937100";"1,17977400"
"202400026065";"23";"05";"2024";"09:20";"1";"93";"93066";"1";"1";"1";"2";"A86";"48,92536061";"2,33939297"
"202400026066";"3";"09";"2024";"09:40";"1";"93";"93050";"2";"3";"1";"6";"Avenue du 8 Mai 1945 / Place du Roussillon";"48,86584518";"2,53447205"
"202400026067";"24";"01";"2024";"20:45";"3";"95";"95348";"1";"1";"1";"7";"D14";"49,07188117";"1,95834883"
"202400026068";"27";"07";"2024";"10:30";"1";"26";"26362";"2";"9";"1";"6";"Avenue Victor Hugo";"44,92200000";"4,88653000"
"202400026069";"3";"09";"2024";"07:05";"1";"93";"93014";"2";"1";"8";"3";"Allée Maurice Audin";"48,90851000";"2,53910000"
"202400026070";"23";"05";"2024";"19:15";"1";"94";"94022";"1";"1";"1";"2";"A86";"48,77338115";"2,40113955"
"202400026071";"22";"01";"2024";"20:10";"3";"83";"83079";"1";"1";"1";"5";"Route Nationale 98";"43,20991900";"6,48942200"
"202400026072";"3";"09";"2024";"17:25";"1";"93";"93029";"2";"1";"1";"2";"Rue de Stalingrad";"48,91606523";"2,42431368"
"202400026073";"23";"05";"2024";"00:35";"3";"94";"94042";"1";"1";"2";"4";"A4";"48,82854107";"2,47576095"
"202400026074";"12";"01";"2024";"09:00";"1";"06";"06075";"1";"1";"1";"6";"Route de Grenoble";"43,85373200";"7,19783700"
"202400026075";"3";"09";"2024";"09:20";"1";"93";"93008";"2";"1";"8";"6";"Boulevard Lénine";"48,90655000";"2,44294000"
"202400026076";"27";"07";"2024";"16:40";"1";"17";"17415";"1";"1";"1";"4";"route nationale 141";"45,73028000";" -0,62426000"
"202400026077";"22";"05";"2024";"07:00";"2";"94";"94079";"1";"1";"1";"2";"A4";"48,83281718";"2,53379035"
"202400026078";"3";"09";"2024";"17:50";"1";"93";"93001";"2";"9";"1";"6";"Rue Trevet";"48,90607900";"2,39187509"
"202400026079";"25";"01";"2024";"16:10";"1";"13";"13034";"1";"3";"1";"3";"D24";"43,75267500";"4,92284100"
"202400026080";"7";"01";"2024";"12:05";"1";"14";"14231";"1";"1";"2";"6";"438 Rue du Bourg";"49,21341100";"0,02241100"
"202400026081";"27";"07";"2024";"05:24";"3";"17";"17291";"1";"1";"1";"4";"35 PK RN11 ROCADE NANTES";"46,17365100";" -1,11523400"
"202400026082";"25";"01";"2024";"09:30";"1";"57";"57582";"1";"1";"1";"2";"D60";"49,29797355";"6,16815805"
"202400026083";"3";"09";"2024";"12:30";"2";"93";"93001";"2";"2";"8";"5";"Avenue de la République / Rue Bernard et Mazoyer";"48,91245949";"2,38346636"
"202400026084";"18";"02";"2024";"19:43";"5";"13";"13210";"2";"1";"1";"3";"PIERRE DOIZE  (RUE)";"43,27580143";"5,42623851"
"202400026085";"24";"01";"2024";"10:45";"1";"26";"26220";"2";"1";"1";"6";"90 Avenue Frédéric Mistral";"44,35613000";"5,12550800"
"202400026086";"29";"08";"2024";"20:20";"2";"92";"92050";"2";"1";"1";"6";"LORRAINE ALLEE DE";"48,89936738";"2,21792310"
"202400026087";"27";"07";"2024";"09:10";"1";"15";"15014";"2";"9";"1";"3";"RN 122";"44,90743000";"2,42084000"
"202400026088";"24";"01";"2024";"10:40";"1";"85";"85161";"1";"1";"1";"3";"la Gautrie";"46,56158900";" -1,50364700"
"202400026089";"3";"09";"2024";"05:30";"5";"92";"92040";"2";"1";"1";"6";"VERDUN (AVENUE DE) DU 115 AU 149";"48,81785872";"2,25007832"
"202400026090";"18";"02";"2024";"11:10";"1";"13";"13208";"2";"1";"1";"5";"PRADO (AVENUE DU)";"43,26766985";"5,38383365"
"202400026091";"27";"07";"2024";"11:40";"1";"14";"14366";"2";"1";"1";"2";"31 Rue Henry Chéron";"49,14596000";"0,22684000"
"202400026092";"25";"01";"2024";"12:10";"1";"80";"80176";"1";"9";"1";"1";"D930";"49,70987000";"2,82870100"
"202400026093";"3";"09";"2024";"11:50";"1";"92";"92036";"2";"1";"1";"7";"BASSES NOELS (PASSAGE DES)";"48,92597000";"2,31333000"
"202400026094";"23";"05";"2024";"01:50";"5";"974";"97416";"2";"1";"1";"6";"HUBERT DE LISLE(BOULEVARD)";" -21,34344000";"55,47199000"
"202400026095";"27";"07";"2024";"04:46";"5";"13";"13207";"2";"1";"1";"3";"Corniche John Fitzgérald Kennedy";"43,27847904";"5,35456324"
"202400026096";"24";"01";"2024";"08:35";"1";"13";"13202";"1";"1";"1";"2";"A55 - Sens Marseille vers Martigues";"43,31431865";"5,36559368"
"202400026097";"3";"09";"2024";"09:56";"1";"92";"92024";"2";"2";"2";"3";"RUE PAUL DUPONT";"48,90468000";"2,29361000"
"202400026098";"27";"07";"2024";"19:00";"1";"13";"13214";"2";"1";"1";"1";"JEAN QUEILLAU (RUE)";"43,33266000";"5,38599000"
"202400026099";"22";"05";"2024";"18:49";"5";"973";"97302";"1";"1";"1";"2";"ROUTE NATIONALE 1";"4,90117324";" -52,32502484"
"202400026100";"22";"05";"2024";"06:45";"1";"973";"97302";"2";"6";"2";"3";"MIRZA (ROND-POINT)";"4,93243000";" -52,32648000"
"202400026101";"3";"09";"2024";"13:20";"1";"92";"92060";"2";"6";"1";"3";"CARREAU (RUE DU)";"48,78090072";"2,25580949"
"202400026102";"23";"01";"2024";"09:50";"1";"13";"13081";"1";"1";"1";"4";"A7-Sens Lyon vers Marseille";"43,49581534";"5,23949787"
"202400026103";"26";"07";"2024";"14:53";"1";"13";"13209";"2";"6";"1";"3";"MAZARGUES (ROND-POINT)";"43,25089000";"5,40370000"
"202400026104";"22";"05";"2024";"19:15";"1";"69";"69388";"2";"3";"2";"3";"Avenue Jean Mermoz";"45,73371447";"4,87775192"
"202400026105";"3";"09";"2024";"14:50";"1";"92";"92004";"2";"9";"1";"3";"COMETE  ( RUE DE LA )";"48,91335930";"2,28673339"
"202400026106";"23";"01";"2024";"07:00";"5";"83";"83126";"1";"1";"1";"3";"A50";"43,11971718";"5,86322838"
"202400026107";"26";"07";"2024";"15:45";"1";"13";"13028";"2";"1";"1";"3";"SERPOLET (AVENUE DU)";"43,20002322";"5,59503443"
"202400026108";"2";"09";"2024";"11:00";"1";"974";"97415";"2";"1";"1";"3";"route des premiers français";" -21,01413600";"55,26483900"
"202400026109";"22";"05";"2024";"10:00";"1";"69";"69383";"2";"3";"1";"6";"Rue Feuillat";"45,75491149";"4,87726863"
"202400026110";"16";"01";"2024";"00:05";"3";"69";"69029";"1";"1";"1";"2";"Route Départementale 383";"45,73715337";"4,90355879"
"202400026111";"27";"07";"2024";"11:10";"1";"11";"11262";"2";"2";"1";"7";"21 Avenue Gustave Eiffel";"43,16134000";"2,97951100"
"202400026112";"21";"05";"2024";"13:35";"1";"90";"90008";"2";"9";"1";"6";"Grande Rue François Mitterrand";"47,62074205";"6,83429874"
"202400026113";"3";"09";"2024";"17:20";"1";"12";"12300";"2";"6";"1";"3";"Avenue du Quercy";"44,35892006";"2,02120095"
"202400026114";"27";"07";"2024";"15:30";"1";"11";"11069";"2";"1";"1";"6";"N/A";"43,21080000";"2,30320000"
"202400026115";"16";"01";"2024";"17:40";"3";"42";"42099";"1";"1";"1";"2";"N88";"45,37948000";"4,27344000"
"202400026116";"22";"05";"2024";"18:30";"1";"88";"88160";"2";"1";"1";"7";"DOGNEVILLE (Q. DE)";"48,18189000";"6,44691000"
"202400026117";"13";"08";"2024";"15:50";"1";"40";"40004";"1";"3";"1";"1";"Route de Portets";"43,65111800";" -1,38792500"
"202400026118";"27";"07";"2024";"19:20";"1";"10";"10333";"2";"1";"3";"7";"ROCADE OUEST (RD 610)";"48,26900000";"4,05120000"
"202400026119";"22";"05";"2024";"14:05";"1";"84";"84007";"2";"4";"1";"1";"JOSEPH NOEL CLAMON (rue)";"43,95257000";"4,79675000"