"Num_Acc";"jour";"mois";"an";"hrmn";"lum";"dep";"com";"agg";"int";"atm";"col";"adr";"lat";"long"
"202400026120";"27";"07";"2024";"07:20";"1";"06";"06069";"2";"1";"1";"3";"158 Route de Cannes";"43,63469000";"6,95172000"
"202400026121";"24";"01";"2024";"13:01";"1";"57";"57463";"1";"1";"1";"5";"RN 431";"49,08828419";"6,22196314"
"202400026122";"3";"09";"2024";"15:00";"1";"31";"31467";"2";"3";"1";"3";"Avenue de Fronton";"43,67964900";"1,42233000"
"202400026123";"21";"05";"2024";"13:45";"1";"84";"84007";"2";"1";"1";"3";"AMANDIER (Avenue de l')";"43,94193000";"4,85217000"
"202400026124";"4";"09";"2024";"17:30";"1";"81";"81238";"2";"1";"3";"6";"59 Avenue de la Méditerranée";"43,47788410";"2,48996950"
"202400026125";"24";"01";"2024";"12:50";"1";"33";"33397";"1";"1";"1";"3";"N/A";"44,91291300";" -0,48281100"
"202400026126";"27";"07";"2024";"02:30";"3";"04";"04070";"2";"1";"1";"6";"NOEL (AV. DU COL.)";"44,08274000";"6,20184000"
"202400026127";"21";"05";"2024";"09:10";"1";"84";"84007";"2";"2";"1";"3";"AULNES(Avenue des)-MONTFAVET";"43,94328000";"4,86571000"
"202400026128";"3";"09";"2024";"22:40";"3";"10";"10240";"1";"1";"8";"6";"D660";"48,27714300";"3,90616100"
"202400026129";"27";"07";"2024";"21:40";"1";"75";"75116";"2";"1";"2";"7";"ECHANGEUR MAILLOT";"48,87522800";"2,27651200"
"202400026130";"4";"09";"2024";"15:20";"1";"46";"46103";"1";"1";"2";"7";"RD 820";"44,27573400";"1,46277000"
"202400026131";"24";"01";"2024";"16:55";"1";"94";"94003";"1";"1";"1";"5";"A6A";"48,80352187";"2,34180952"
"202400026132";"21";"05";"2024";"22:55";"5";"83";"83137";"2";"9";"1";"3";"HERRIOT (AVE EDOUARD)";"43,12869000";"5,89264000"
"202400026133";"27";"07";"2024";"11:40";"1";"75";"75119";"2";"1";"2";"2";"BD PERIPHERIQUE EXTERIEUR";"48,89006900";"2,39627400"
"202400026134";"3";"09";"2024";"16:38";"1";"67";"67253";"1";"1";"1";"1";"D220";"48,64740300";"7,52917500"
"202400026135";"24";"01";"2024";"01:51";"3";"91";"91689";"1";"1";"1";"7";"AUTOROUTE A10";"48,74197000";"2,32170000"
"202400026136";"27";"07";"2024";"06:20";"1";"75";"75120";"2";"1";"2";"6";"BD PERIPHERIQUE INTERIEUR";"48,84831600";"2,41476800"
"202400026137";"22";"05";"2024";"10:35";"1";"78";"78372";"2";"3";"8";"2";"EUROPE (AVENUE DE L')";"48,88443000";"2,10023000"
"202400026138";"3";"09";"2024";"14:00";"1";"58";"58059";"1";"9";"1";"3";"A77, PK 129+000";"47,18291300";"3,03859400"
"202400026139";"22";"05";"2024";"10:30";"1";"78";"78372";"2";"1";"1";"3";"ABREUVOIR (AVENUE DE L')";"48,86794000";"2,10193000"
"202400026140";"26";"07";"2024";"16:10";"1";"75";"75118";"2";"1";"1";"3";"BD PERIPHERIQUE INTERIEUR";"48,90081500";"2,33991700"
"202400026141";"23";"01";"2024";"09:38";"1";"78";"78206";"1";"1";"1";"3";"A13";"48,95140200";"1,94234000"
"202400026142";"4";"09";"2024";"05:15";"3";"30";"30334";"1";"1";"1";"7";"D982";"44,01716900";"4,42911700"
"202400026143";"21";"05";"2024";"16:25";"1";"77";"77288";"2";"3";"1";"6";"CHAMBLAIN   (BOULEVARD)";"48,53366700";"2,65461100"
"202400026144";"26";"07";"2024";"10:40";"1";"75";"75120";"2";"4";"2";"3";"BD PERIPHERIQUE INTERIEUR";"48,86134563";"2,41373599"
"202400026145";"24";"01";"2024";"01:15";"3";"93";"93064";"1";"1";"1";"4";"A3";"48,88566369";"2,47257834"
"202400026146";"20";"08";"2024";"20:00";"1";"62";"62864";"1";"1";"1";"6";"D9E4";"50,26120200";"2,94444300"
"202400026147";"16";"05";"2024";"09:03";"1";"77";"77251";"1";"6";"1";"1";"AV PAUL DELOUVRIER";"48,62649000";"2,55301000"
"202400026148";"4";"09";"2024";"00:45";"3";"95";"95652";"1";"1";"1";"6";"ROULIERS (CHEMIN DES)";"49,11373200";"2,39466500"
"202400026149";"27";"07";"2024";"16:26";"1";"75";"75114";"2";"1";"2";"3";"BD PERIPHERIQUE INTERIEUR";"48,82468200";"2,30511600"
"202400026150";"22";"05";"2024";"18:10";"1";"69";"69282";"2";"2";"1";"6";"Avenue de Verdun";"45,77576000";"4,98974000"
"202400026151";"3";"09";"2024";"19:30";"1";"76";"76146";"1";"1";"1";"3";"D919";"49,57894300";"1,29314700"
"202400026152";"26";"07";"2024";"20:30";"1";"75";"75115";"2";"3";"3";"6";"QUAI DE GRENELLE";"48,85205900";"2,28883200"
"202400026153";"23";"01";"2024";"10:20";"1";"974";"97416";"2";"3";"1";"2";"LEBLOND(RUE M. ET A.)";" -21,33574000";"55,46824000"
"202400026154";"22";"05";"2024";"11:10";"1";"66";"66136";"2";"5";"1";"1";"N/A";"42,69722000";"2,88322000"
"202400026155";"23";"01";"2024";"12:30";"1";"973";"97302";"2";"1";"1";"6";"BONHOMME (CITE)";"4,91986914";" -52,31840193"
"202400026156";"27";"07";"2024";"13:40";"1";"75";"75114";"2";"3";"1";"3";"AVENUE RENE COTY";"48,82992400";"2,33420400"
"202400026157";"22";"05";"2024";"20:20";"1";"59";"59650";"2";"1";"1";"3";"CASTEL (RUE JEAN)";"50,71055800";"3,21055500"
"202400026158";"3";"09";"2024";"12:00";"1";"25";"25601";"2";"1";"1";"6";"12 Grande-rue";"47,18297700";"6,39935900"
"202400026159";"21";"05";"2024";"17:40";"1";"56";"56121";"2";"2";"1";"6";"Rue de Vauban";"47,74994000";" -3,36340000"
"202400026160";"27";"07";"2024";"12:40";"1";"75";"75110";"2";"3";"3";"2";"BOULEVARD DE STRASBOURG";"48,87058572";"2,35500705"
"202400026161";"24";"01";"2024";"01:50";"5";"69";"69387";"2";"2";"1";"3";"Avenue Jean Jaurès";"45,74816000";"4,84367000"
"202400026162";"4";"09";"2024";"10:55";"1";"44";"44130";"1";"1";"1";"3";"N/A";"47,11222500";" -1,53823100"
"202400026163";"22";"05";"2024";"19:45";"1";"54";"54547";"2";"1";"1";"3";"Square de Liège";"48,66736122";"6,16813123"
"202400026164";"12";"01";"2024";"16:00";"1";"69";"69388";"2";"1";"1";"6";"21 Rue Genton";"45,73391124";"4,88465154"
"202400026165";"26";"07";"2024";"23:00";"5";"75";"75110";"2";"2";"2";"3";"RUE DU FAUBOURG SAINT MARTIN";"48,88159700";"2,36572000"
"202400026166";"22";"05";"2024";"11:00";"1";"54";"54395";"2";"3";"1";"3";"Rue de Phalsbourg";"48,68425000";"6,18044000"
"202400026167";"4";"09";"2024";"07:00";"2";"44";"44002";"2";"2";"1";"3";"N/A";"47,07476900";" -1,41911400"
"202400026168";"23";"01";"2024";"17:00";"1";"972";"97209";"2";"1";"1";"6";"MARNE (BOULEVARD DE LA)";"14,60483000";" -61,08482000"
"202400026169";"21";"05";"2024";"18:27";"1";"54";"54547";"2";"1";"1";"3";"Rue de Gembloux";"48,66271400";"6,17659900"
"202400026170";"26";"07";"2024";"16:35";"1";"75";"75109";"2";"3";"8";"6";"RUE SAINT LAZARE";"48,87574800";"2,32855300"
"202400026171";"30";"08";"2024";"10:38";"1";"29";"29257";"1";"1";"1";"7";"Lieu Dit Kerhornou";"48,56109500";" -4,63369600"
"202400026172";"23";"01";"2024";"06:43";"1";"972";"97209";"2";"1";"1";"6";"YVES GOUSSARD (RUE)";"14,60831047";" -61,06867070"
"202400026173";"26";"07";"2024";"17:00";"1";"94";"94081";"2";"1";"1";"6";"Route de Fontainebleau";"48,77706675";"2,36763203"
"202400026174";"21";"05";"2024";"09:56";"1";"54";"54395";"2";"3";"2";"3";"Avenue Général Leclerc";"48,67440000";"6,17526000"
"202400026175";"22";"01";"2024";"16:45";"1";"972";"97209";"1";"1";"2";"6";"BISHOP (Avenue Maurice)";"14,61320000";" -61,05264000"
"202400026176";"21";"05";"2024";"08:13";"1";"49";"49007";"2";"1";"2";"7";"MONTESQUIEU PASSAGE";"47,47334000";" -0,57868000"
"202400026177";"4";"09";"2024";"18:55";"2";"58";"58247";"1";"9";"1";"5";"Cougny";"47,00330500";"3,35415100"
"202400026178";"27";"07";"2024";"00:45";"5";"94";"94080";"2";"2";"2";"6";"Avenue Aubert";"48,84757900";"2,43063000"
"202400026179";"21";"01";"2024";"23:35";"5";"972";"97209";"2";"1";"1";"6";"LEOPOLD BISSOL (BOULEVARD)";"14,61294000";" -61,07347000"
"202400026180";"22";"05";"2024";"12:45";"1";"45";"45075";"2";"1";"1";"1";"POMPIDOU (AVENUE GEORGES POMPIDOU)";"47,89871600";"1,85514100"
"202400026181";"23";"01";"2024";"07:23";"2";"69";"69389";"2";"1";"1";"3";"103 Avenue 25ème Régiment des Tirailleurs Sénégalais";"45,78338000";"4,80053000"
"202400026182";"4";"09";"2024";"05:30";"3";"54";"54523";"1";"1";"2";"1";"D974";"48,56739300";"5,94856000"
"202400026183";"27";"07";"2024";"07:45";"2";"94";"94034";"2";"9";"3";"3";"Avenue de la Division Leclerc";"48,75910000";"2,32466000"
"202400026184";"22";"05";"2024";"18:00";"1";"41";"41226";"1";"1";"1";"7";"PARIS (ROUTE DE)";"47,82451514";"1,07734507"
"202400026185";"4";"09";"2024";"09:48";"1";"05";"05084";"1";"1";"1";"7";"RN94, Zone artisanale du Saruchet";"44,55280648";"6,24471063"
"202400026186";"23";"01";"2024";"07:45";"2";"69";"69384";"2";"1";"1";"3";"65 Quai Joseph Gillet";"45,78685451";"4,81709227"
"202400026187";"20";"05";"2024";"11:40";"1";"40";"40281";"2";"1";"3";"1";"KENNEDY (AV DU PDT. JOHN FIDGERALD)";"43,86337000";" -0,48622000"
"202400026188";"27";"07";"2024";"21:15";"2";"94";"94017";"2";"1";"8";"3";"Rue Eugéne Varlin";"48,82627400";"2,52255100"
"202400026189";"3";"09";"2024";"14:20";"1";"21";"21016";"1";"1";"1";"1";"D28d";"47,36263600";"5,16668600"
"202400026190";"17";"05";"2024";"14:50";"1";"40";"40192";"2";"1";"1";"3";"PEMEGNAN (CHEMIN DE)";"43,89575000";" -0,46358000"
"202400026191";"23";"01";"2024";"16:22";"1";"971";"97101";"2";"3";"1";"3";"MORNE CARUEL";"16,25764669";" -61,51984870"
"202400026192";"26";"07";"2024";"23:10";"5";"94";"94004";"1";"3";"3";"6";"Av du Mal de Lattre de Tassigny";"48,72760653";"2,53103147"
"202400026193";"3";"09";"2024";"12:50";"1";"37";"37214";"1";"3";"1";"3";"Rue du val choisille";"47,43516645";"0,64126557"
"202400026194";"22";"05";"2024";"09:05";"1";"37";"37122";"2";"1";"1";"6";"DOUZILLIERE (RUE DE LA)";"47,34139000";"0,65474000"
"202400026195";"23";"01";"2024";"11:12";"1";"971";"97101";"2";"3";"2";"7";"PATRICK SAINT ELOI ( AVENUE )";"16,25416188";" -61,52301908"
"202400026196";"4";"09";"2024";"13:15";"1";"30";"30095";"1";"1";"1";"3";"D45";"43,86508200";"3,93610600"
"202400026197";"27";"07";"2024";"13:05";"1";"95";"95527";"1";"1";"2";"1";"A1";"49,00801973";"2,52766855"
"202400026198";"22";"05";"2024";"08:00";"1";"35";"35278";"2";"1";"1";"1";"DE GAULLE (AVENUE GENERAL)";"48,14128547";" -1,68658565"
"202400026199";"29";"08";"2024";"18:30";"1";"48";"48009";"1";"1";"1";"6";"D3";"44,65392500";"3,29292100"
"202400026200";"19";"01";"2024";"23:40";"5";"87";"87085";"2";"3";"1";"3";"PERRIN (RUE FRANCOIS)";"45,82959000";"1,24673000"
"202400026201";"27";"07";"2024";"14:50";"1";"93";"93046";"2";"2";"2";"3";"Boulevard Roger Salengro / Avenue Léon Blum";"48,91044000";"2,52749000"
"202400026202";"17";"05";"2024";"20:45";"1";"35";"35281";"2";"3";"1";"2";"NANTES (RUE DE)";"48,09200000";" -1,69185000"
"202400026203";"19";"01";"2024";"07:30";"5";"87";"87085";"2";"3";"1";"6";"RUCHAUD (RUE JEAN BAPTISTE)";"45,82002060";"1,24485433"
"202400026204";"4";"09";"2024";"19:30";"2";"48";"48016";"1";"1";"3";"1";"N88";"44,49573854";"3,45921928"
"202400026205";"27";"07";"2024";"15:00";"1";"92";"92073";"2";"1";"2";"7";"CHENES (RUE DES)";"48,88021581";"2,22292746"
"202400026206";"22";"05";"2024";"22:00";"5";"34";"34172";"2";"1";"1";"7";"BALEARES (RUE DES)";"43,64121000";"3,81554000"
"202400026207";"18";"01";"2024";"13:45";"1";"87";"87085";"2";"1";"2";"6";"LATTRE-DE-TASSIGNY (AVENUE DU MARECHAL)";"45,82491725";"1,27564877"
"202400026208";"4";"09";"2024";"10:25";"1";"31";"31212";"1";"1";"3";"6";"A68";"43,70925300";"1,56836800"
"202400026209";"27";"07";"2024";"01:45";"5";"92";"92050";"2";"1";"2";"6";"REPUBLIQUE AVENUE DE LA";"48,90340269";"2,20675170"
"202400026210";"21";"05";"2024";"10:00";"1";"34";"34172";"2";"2";"1";"3";"MARCHE AUX BESTIAUX (RUE DU)";"43,61616000";"3,88438000"
"202400026211";"17";"01";"2024";"16:14";"1";"87";"87085";"2";"3";"3";"6";"GAY-LUSSAC (COURS)";"45,83647398";"1,26521409"
"202400026212";"1";"09";"2024";"02:30";"3";"38";"38530";"1";"6";"1";"1";"D1006";"45,61358000";"5,19815300"
"202400026213";"27";"07";"2024";"14:55";"1";"92";"92036";"2";"4";"2";"6";"GENERAL DE GAULLE (AVENUE) (43/129)";"48,93377192";"2,31337264"
"202400026214";"21";"05";"2024";"14:55";"1";"34";"34032";"2";"2";"1";"6";"MISTRAL FREDERIC (BD)";"43,34639000";"3,21906000"
"202400026215";"27";"07";"2024";"21:10";"2";"92";"92023";"2";"1";"1";"6";"DIVISION LECLERC (ROND POINT DE LA) SANS";"48,77662000";"2,23087000"
"202400026216";"22";"01";"2024";"08:00";"1";"84";"84007";"2";"3";"1";"3";"PIERRE SEMARD (avenue)";"43,93988400";"4,82048500"
"202400026217";"4";"09";"2024";"16:00";"1";"63";"63072";"1";"1";"2";"7";"PK 449+500, A89";"45,85805692";"3,72267008"
"202400026218";"22";"05";"2024";"11:35";"1";"34";"34003";"2";"1";"1";"2";"JETEE (L16 A M15";"43,27747000";"3,51294000"
"202400026219";"23";"01";"2024";"09:40";"1";"83";"83126";"2";"9";"1";"6";"PAUL (AV MARCEL)";"43,10910037";"5,85680562"
"202400026220";"23";"01";"2024";"13:25";"1";"83";"83069";"2";"1";"1";"7";"EUGENIE (RUE)";"43,12178216";"6,11584461"
"202400026221";"4";"09";"2024";"05:45";"2";"976";"97603";"1";"1";"3";"6";"route nationale 3";" -12,88604800";"45,21548300"
"202400026222";"22";"05";"2024";"18:40";"1";"33";"33522";"2";"6";"1";"3";"N/A";"44,80176000";" -0,58505000"
"202400026223";"27";"07";"2024";"14:20";"1";"92";"92012";"2";"2";"3";"1";"GENERAL LECLERC (AVENUE DU) 35/FIN - 60/";"48,83079466";"2,23471248"
"202400026224";"22";"05";"2024";"12:15";"1";"28";"28404";"2";"1";"1";" -1";"SAINT THIBAULT (RUE)";"48,73324000";"1,34520000"
"202400026225";"26";"07";"2024";"07:50";"1";"47";"47145";"1";"1";"1";"7";"Route de Troutet";"44,13373700";"0,71670100"
"202400026226";"3";"09";"2024";"08:48";"1";"49";"49068";"1";"1";"1";"2";"A11";"47,43297900";" -0,87294100"
"202400026227";"4";"09";"2024";"08:28";"1";"63";"63126";"1";"1";"3";"3";"A75";"45,68475662";"3,14399022"
"202400026228";"19";"05";"2024";"06:20";"2";"22";"22278";"2";"1";"1";"6";"CARNOT (BD)";"48,50661000";" -2,76776000"
"202400026229";"25";"07";"2024";"15:20";"1";"51";"51649";"2";"9";"1";"1";"Place Royer Collard (Parking)";"48,72471200";"4,58601300"
"202400026230";"26";"07";"2024";"20:19";"3";"67";"67415";"1";"1";"2";"7";"D198";"48,92306300";"7,51151600"
"202400026231";"22";"05";"2024";"09:45";"1";"13";"13208";"2";"1";"1";"4";"MENDES FRANCE (AVENUE)";"43,25869000";"5,37602000"
"202400026232";"1";"09";"2024";"13:44";"1";"14";"14593";"1";"1";"1";"3";"A13";"49,26737400";"0,16876500"
"202400026233";"22";"05";"2024";"13:50";"1";"13";"13005";"2";"3";"1";"3";"RN 8";"43,28380000";"5,54269000"
"202400026234";"4";"09";"2024";"10:17";"1";"38";"38046";"1";"1";"1";"6";"Chemin de la Mairie";"45,45496400";"5,37694600"
"202400026235";"28";"07";"2024";"16:00";"1";"41";"41034";"1";"9";"1";"1";"Route Charles X";"47,61366300";"1,51723000"
"202400026236";"3";"09";"2024";"16:30";"1";"06";"06122";"2";"1";"1";"6";"1228 route de Gattières";"43,74573100";"7,15817200"
"202400026237";"27";"07";"2024";"11:06";"1";"69";"69043";"1";"6";"1";"7";"Route de Brignais";"45,69195700";"4,76594200"
"202400026238";"22";"05";"2024";"07:20";"1";"13";"13005";"2";"3";"1";"3";"RN 96 (ROUTE NATIONALE )";"43,32344000";"5,58993000"
"202400026239";"28";"07";"2024";"01:40";"3";"974";"97422";"2";"1";"1";"6";"Rue Pierre Rivals";" -21,23411700";"55,54056600"
"202400026240";"22";"05";"2024";"18:15";"1";"13";"13001";"1";"1";"1";"3";"RD9";"43,50255000";"5,39341000"
"202400026241";"4";"09";"2024";"08:20";"1";"13";"13089";"1";"3";"8";"3";"Route Departementale 7n";"43,82008200";"4,97308600"
"202400026242";"2";"09";"2024";"12:32";"1";"73";"73123";"1";"4";"8";"7";"D909 / Chemin crève cœur";"45,87078384";"6,48215345"
"202400026243";"19";"05";"2024";"19:30";"1";"12";"12176";"1";"6";"3";"3";"D901 (ROUTE DE CONQUES)";"44,37931000";"2,56586000"
"202400026244";"29";"08";"2024";"17:00";"1";"81";"81099";"1";"2";"1";"3";"Chemin Toulze";"43,92100040";"1,88597100"
"202400026245";"27";"07";"2024";"09:35";"1";"83";"83086";"1";"1";"1";"3";"D125";"43,45826200";"6,55763900"
"202400026246";"21";"05";"2024";"12:45";"1";"11";"11069";"1";"1";"1";"1";"route départementale 119";"43,21379000";"2,28786000"
"202400026247";"26";"07";"2024";"12:30";"1";"34";"34079";"1";"1";"1";"2";"A75";"43,62988600";"3,44898800"
"202400026248";"22";"05";"2024";"17:00";"1";"10";"10387";"2";"1";"1";"6";"CHOMEDEY DE MAISONNEUVE (AVE)";"48,30630000";"4,07080000"
"202400026249";"28";"08";"2024";"10:25";"1";"81";"81105";"1";"4";"1";"2";"Route de Realmont";"43,76520400";"2,01766800"
"202400026250";"22";"05";"2024";"00:40";"5";"05";"05023";"2";"6";"2";"6";"DE LATTRE DE TASSIGNY (RUE)";"44,88206000";"6,62288000"
"202400026251";"4";"09";"2024";"03:15";"3";"31";"31229";"1";"1";"2";"6";"D626B";"43,32239900";"1,08705100"
"202400026252";"27";"07";"2024";"18:50";"1";"41";"41178";"1";"1";"1";"1";"D50";"47,80743300";"1,40848200"
"202400026253";"27";"07";"2024";"23:37";"3";"23";"23095";"1";"1";"1";"7";"La Ribe";"46,12768700";"1,67378400"
"202400026254";"4";"09";"2024";"07:05";"2";"33";"33256";"2";"3";"1";"1";"N/A";"44,96764800";" -0,61282000"
"202400026255";"22";"05";"2024";"00:50";"5";"75";"75118";"2";"1";"1";"5";"BD PERIPHERIQUE EXTERIEUR";"48,90081900";"2,33306900"
"202400026256";"26";"07";"2024";"17:20";"1";"79";"79034";"1";"6";"1";"2";"N/A";"46,30232500";" -0,49105900"
"202400026257";"30";"08";"2024";"17:11";"1";"29";"29238";"2";"1";"1";"6";"Place de l'Eglise";"48,31496749";" -4,54829056"
"202400026258";"22";"05";"2024";"02:50";"5";"75";"75120";"2";"4";"1";"6";"BOULEVARD DAVOUT";"48,85474000";"2,41028200"