"Num_Acc";"jour";"mois";"an";"hrmn";"lum";"dep";"com";"agg";"int";"atm";"col";"adr";"lat";"long"
"202400026259";"28";"07";"2024";"16:45";"1";100;100319";"1";"1";"1";"6";"Talasani";"42,40436700";"9,49041700"
"202400026260";"3";"09";"2024";"18:50";"1";"35";"35206";"1";"6";"1";"3";"la Petite Saudrais";"48,04470400";" -1,65982600"
"202400026261";"22";"05";"2024";"21:35";"2";"75";"75120";"2";"7";"9";"3";"RUE DES CASCADES";"48,87275900";"2,38962700"
"202400026262";"26";"07";"2024";"22:35";"3";"82";"82018";"1";"1";"1";"6";"3304 Route de Caussade";"44,11529800";"1,53057000"
"202400026263";"2";"09";"2024";"09:50";"1";"80";"80410";"2";"1";"1";"3";"Rue Andre Audinot";"49,74463000";"3,07134400"
"202400026264";"27";"07";"2024";"03:05";"3";"61";"61153";"1";"1";"1";"7";"D771";"48,72309600";" -0,18898800"
"202400026265";"22";"05";"2024";"09:55";"1";"75";"75109";"2";"2";"1";"6";"RUE DROUOT";"48,87408500";"2,34074200"
"202400026266";"26";"07";"2024";"18:20";"1";"61";"61474";"1";"1";"2";"1";"D14 PR9+000";"48,75746800";"0,22479000"
"202400026267";"21";"05";"2024";"14:45";"1";"75";"75103";"2";"2";"1";"3";"BOULEVARD DE SEBASTOPOL";"48,86625900";"2,35254300"
"202400026268";"27";"07";"2024";"18:05";"1";"49";"49261";"1";"1";"1";"7";"Route de Beaufort";"47,36408000";" -0,22318300"
"202400026269";"3";"09";"2024";"13:30";"1";"33";"33249";"1";"1";"1";"2";"N/A";"44,87545400";" -0,50775000"
"202400026270";"22";"05";"2024";"08:15";"1";"94";"94080";"2";"2";"8";"6";"Avenue de Paris / Cours Marigny";"48,84464000";"2,43863000"
"202400026271";"28";"07";"2024";"00:08";"3";"49";"49261";"1";"1";"1";"6";"Chemin de la Guibardière";"47,32203800";" -0,12958000"
"202400026272";"22";"05";"2024";"12:48";"1";"94";"94016";"2";"6";"1";"7";"Rue Emile Zola / Sentier des Goischères";"48,79740000";"2,34189000"
"202400026273";"3";"09";"2024";"08:56";"1";"33";"33249";"1";"1";"2";"4";"N/A";"44,87134200";" -0,50562000"
"202400026274";"28";"07";"2024";"14:20";"1";"49";"49292";"1";"3";"1";"3";"2 Route de la Corniche Angevine";"47,34201400";" -0,69295400"
"202400026275";"22";"05";"2024";"19:15";"1";"94";"94028";"2";"3";"1";"3";"Rue de Mesly / Rue de Joly";"48,79004000";"2,46103000"
"202400026276";"30";"08";"2024";"22:35";"3";"59";"59043";"1";"1";"1";"2";"AUTOROUTE A25";"50,71406000";"2,76823000"
"202400026277";"28";"07";"2024";"17:15";"1";"42";"42081";"2";"1";"1";"5";"642 Route de Montrond";"45,61403600";"4,25635700"
"202400026278";"22";"05";"2024";"18:40";"1";"94";"94079";"2";"3";"1";"3";"Rue Jean Jaurès / Rue des Rameaux";"48,82718000";"2,53182000"
"202400026279";"3";"09";"2024";"08:00";"1";"91";"91617";"1";"1";"2";"2";"RN 104";"48,63105000";"2,51359200"
"202400026280";"26";"07";"2024";"19:30";"1";"47";"47301";"1";"1";"1";"3";"route d'escassefort";"44,56603944";"0,29177889"
"202400026281";"19";"05";"2024";"17:30";"1";"94";"94056";"1";"1";"1";"6";"Route de Brie Comte Robert";"48,69689800";"2,57064400"
"202400026282";"3";"09";"2024";"08:10";"1";"91";"91363";"1";"1";"2";"3";"RN 104";"48,66188000";"2,18747000"
"202400026283";"21";"05";"2024";"23:17";"5";"93";"93064";"2";"3";"1";"3";"Route de Noisy / Allée de l'Espérance";"48,88300301";"2,49548435"
"202400026284";"27";"07";"2024";"12:30";"1";"86";"86053";"1";"2";"1";"3";"D18";"46,73273100";"0,19227800"
"202400026285";"25";"07";"2024";"21:45";"3";"68";"68059";"1";"1";"1";"7";"D26";"47,70429476";"7,15289259"
"202400026286";"22";"05";"2024";"11:25";"1";"93";"93053";"2";"1";"1";"2";"Rue de Paris";"48,90224100";"2,46178000"
"202400026287";"3";"09";"2024";"10:10";"1";"92";"92012";"1";"1";"2";"4";"A13";"48,84824241";"2,23903918"
"202400026288";"22";"05";"2024";"14:30";"1";"93";"93046";"2";"2";"1";"3";"Allée de Chartres / Allée Stanislas Kubacki";"48,92407000";"2,53469000"
"202400026289";"22";"07";"2024";"05:40";"3";"44";"44217";"1";"1";"1";"3";"N/A";"47,32424300";" -1,69821200"
"202400026290";"2";"09";"2024";"18:45";"1";"93";"93005";"1";"1";"1";"6";"AUTOROUTE A3";"48,93958962";"2,47948796"
"202400026291";"21";"05";"2024";"10:15";"1";"93";"93007";"2";"3";"1";"3";"Avenue Eugène le Moign / Avenue Paul Vaillant Couturier";"48,92639700";"2,46916700"
"202400026292";"27";"07";"2024";"17:00";"1";"35";"35070";"2";"3";"1";"6";"2 Rue de l?Aunaie";"48,55768000";" -1,93003600"
"202400026293";"2";"09";"2024";"16:30";"1";"93";"93006";"1";"1";"1";"3";"AUTOROUTE A3";"48,86611228";"2,41541368"
"202400026294";"19";"07";"2024";"00:05";"5";"29";"29075";"2";"1";"1";"6";"impasse de Quelarnou";"48,41838200";" -4,42957700"
"202400026295";"22";"05";"2024";"18:30";"2";"93";"93005";"2";"2";"3";"3";"Boulevard Lefèvre / Rue Ordener";"48,94327500";"2,49312300"
"202400026296";"21";"05";"2024";"09:22";"1";"92";"92073";"2";"1";"8";"6";"CLUSERET (RUE)";"48,86861716";"2,21900439"
"202400026297";"27";"07";"2024";"17:55";"1";"38";"38547";"2";"1";"7";"5";"Rue de l?Isle";"45,23406398";"5,87104507"
"202400026298";"28";"07";"2024";"14:15";"1";"38";"38126";"1";"1";"1";"6";"D512";"45,23470000";"5,75106000"
"202400026299";"22";"05";"2024";"17:00";"1";"92";"92062";"2";"1";"1";"3";"DE DION BOUTON (QUAI) DU 1 AU 28";"48,87709000";"2,24084000"
"202400026300";"2";"09";"2024";"07:00";"1";"93";"93064";"1";"1";"1";"4";"AUTOROUTE A86";"48,88318367";"2,47202095"
"202400026301";"27";"07";"2024";"19:00";"1";"06";"06053";"1";"1";"1";"7";"1645 Route Départementale 96";"44,02725500";"6,80635200"
"202400026302";"22";"05";"2024";"00:15";"5";"92";"92020";"2";"1";"1";"6";"CHATEAUBRIAND RUE DE";"48,79840038";"2,27870911"
"202400026303";"28";"07";"2024";"01:43";"3";"06";"06079";"2";"1";"1";"7";"192 Avenue du Maréchal Juin";"43,53539300";"6,93460500"
"202400026304";"22";"05";"2024";"19:56";"1";"92";"92048";"2";"1";"1";"6";"GARDES (ROUTE DES) N° 5 A 51";"48,81882000";"2,23481000"
"202400026305";"3";"09";"2024";"22:25";"3";"77";"77169";"1";"1";"1";"6";"A104";"48,81545700";"2,62445600"
"202400026306";"21";"05";"2024";"20:07";"1";"92";"92044";"2";"4";"1";"6";"VIC. HUGO(RUE)115A149 ET 148A178";"48,89926505";"2,29345509"
"202400026307";"27";"07";"2024";"23:15";"3";"50";"50529";"1";"1";"1";"6";"La Blaitiere";"48,77132300";" -1,18871200"
"202400026308";"28";"07";"2024";"09:17";"1";"16";"16141";"1";"1";"1";"6";"N/A";"45,91062000";"0,19563000"
"202400026309";"3";"09";"2024";"12:56";"1";"94";"94069";"1";"1";"8";"4";"A4";"48,81757222";"2,43761789"
"202400026310";"22";"05";"2024";"17:00";"1";"92";"92012";"2";"1";"1";"2";"ALPHONSE LE GALLO (QUAI) 35/FIN";"48,83362000";"2,22684000"
"202400026311";"27";"07";"2024";"17:30";"1";"16";"16230";"1";"2";"1";"3";"N/A";"45,40679000";"0,13735600"
"202400026312";"3";"09";"2024";"11:05";"1";"77";"77450";"1";"1";"2";"3";"RN104";"48,71829600";"2,59905200"
"202400026313";"23";"05";"2024";"17:22";"1";"33";"33539";"1";"2";"8";"1";"N/A";"44,86834200";" -0,31247800"
"202400026314";"17";"05";"2024";"08:50";"1";"47";"47084";"1";"1";"1";"6";"lieu-dit sept homes";"44,63355900";"0,55987400"
"202400026315";"27";"07";"2024";"19:00";"1";"24";"24563";"1";"1";"1";"1";"Route de Tamniès";"44,99369700";"1,17347300"
"202400026316";"2";"09";"2024";"17:45";"1";"77";"77258";"1";"1";"1";"2";"A4.W";"48,83256400";"2,65689400"
"202400026317";"21";"05";"2024";"20:30";"1";"17";"17407";"2";"2";"1";"3";"D110";"46,17149500";" -1,00389500"
"202400026318";"28";"07";"2024";"16:21";"1";"04";"04135";"1";"4";"1";"3";"D952";"43,84486500";"6,21795100"
"202400026319";"27";"07";"2024";"19:25";"1";"85";"85096";"1";"2";"1";"3";"Rue sainte-barbe";"46,89930000";" -1,83255000"
"202400026320";"22";"05";"2024";"15:50";"1";"14";"14579";"1";"1";"1";"6";"Route de Cahagnes";"49,05214500";" -0,71401700"
"202400026321";"30";"04";"2024";"22:50";"3";"79";"79230";"1";"1";"1";"7";"N/A";"46,29203600";"0,14574100"
"202400026322";"27";"07";"2024";"15:10";"1";"28";"28008";"1";"1";"8";"6";"D133";"48,53553300";"1,19705900"
"202400026323";"23";"05";"2024";"09:05";"1";"36";"36173";"1";"1";"1";"3";"N/A";"46,68429543";"1,17867184"
"202400026324";"25";"07";"2024";"21:55";"2";"28";"28386";"1";"1";"1";"1";"Départementale 939";"48,54231000";"1,30726600"
"202400026325";"22";"05";"2024";"14:30";"1";"87";"87177";"1";"1";"8";"1";"D2000";"45,80485900";"1,11356100"
"202400026326";"26";"07";"2024";"17:00";"1";"30";"30212";"2";"3";"1";"3";"Avenue Geoffroy Perret";"43,93898200";"4,56647700"
"202400026327";"23";"05";"2024";"10:25";"1";"19";"19256";"1";"9";"1";"6";"N/A";"45,36662000";"2,32944500"
"202400026328";"28";"07";"2024";"05:00";"3";"90";"90010";"1";"1";"2";"6";"Autoroute A36";"47,63170600";"6,87415800"
"202400026329";"23";"05";"2024";"17:00";"1";"63";"63195";"1";"1";"8";"1";"D2089 PK 34";"45,82420404";"3,36423298"
"202400026330";"21";"05";"2024";"18:55";"1";"61";"61046";"1";"1";"2";"1";"D612";"48,49010300";"0,74507400"
"202400026331";"28";"07";"2024";"04:00";"3";"21";"21295";"1";"1";"1";"2";"A31";"47,22243878";"5,00840959"
"202400026332";"28";"07";"2024";"06:40";"1";"27";"27701";"1";"1";"1";"6";"Autoroute A.13 (pk 096+800)";"49,24950100";"1,17403500"
"202400026333";"22";"05";"2024";"14:40";"1";"12";"12162";"1";"1";"1";"1";"D57";"44,35097800";"2,42828400"
"202400026334";"22";"05";"2024";"20:40";"3";"47";"47318";"1";"1";"2";"6";"Naudet";"44,22087707";"0,32624277"
"202400026335";"28";"07";"2024";"00:50";"3";"11";"11202";"1";"1";"1";"1";"N/A";"42,87451740";"3,03789139"
"202400026336";"25";"07";"2024";"22:40";"5";"987";"98731";"2";"1";"1";"6";"RT 420";" -8,88251100";" -140,10967200"
"202400026337";"19";"05";"2024";"16:07";"1";"47";"47278";"1";"4";"1";"7";"impasse chez amblard";"44,71655100";"0,25636000"
"202400026338";"27";"07";"2024";"14:01";"1";"971";"97112";"1";"6";"1";"3";"Grande Anse";"15,91356400";" -61,32822600"
"202400026339";"23";"05";"2024";"17:20";"1";"68";"68332";"2";"2";"1";"3";"D432";"47,65429500";"7,26562400"
"202400026340";"16";"05";"2024";"10:35";"1";"68";"68004";"2";"1";"1";"6";"2 Avenue Poincaré";"47,62158500";"7,23646500"
"202400026341";"28";"07";"2024";"10:55";"1";"66";"66115";"1";"1";"1";"1";"D618";"42,53618578";"2,87062883"
"202400026342";"23";"05";"2024";"07:00";"1";"39";"39475";"2";"1";"1";"6";"2 Avenue des Sports";"46,43322300";"5,34235800"
"202400026343";"28";"07";"2024";"09:50";"1";"30";"30130";"1";"9";"1";"1";"d 906 - les chataigners";"44,30803500";"3,97177200"
"202400026344";"23";"05";"2024";"16:35";"1";"25";"25411";"2";"6";"2";"7";"Avenue Charles de Gaulle";"47,05739300";"6,61134700"
"202400026345";"27";"07";"2024";"17:05";"1";"84";"84141";"2";"1";"7";"3";"794 Route de Realpanier";"43,95398700";"4,89124700"
"202400026346";"28";"07";"2024";"00:50";"3";"13";"13082";"1";"1";"1";"5";"D14c";"43,64439900";"5,37954600"
"202400026347";"23";"05";"2024";"09:40";"1";"72";"72132";"2";"1";"1";"5";"Avenue Jean Bealet";"48,17771200";"0,65736700"
"202400026348";"27";"07";"2024";"09:15";"1";"13";"13097";"1";"6";"1";"3";"Route Nationale N°113";"43,64017500";"4,91492300"
"202400026349";"14";"05";"2024";"17:15";"1";"06";"06089";"1";"1";"1";"1";"route de Roquefort";"43,65222800";"7,02808800"
"202400026350";"27";"07";"2024";"10:00";"1";"70";"70205";"2";"1";"1";"2";"6 Grande Rue";"47,65825500";"6,73423300"
"202400026351";"23";"05";"2024";"06:15";"2";"14";"14504";"1";"1";"1";"6";"Route de Blangy";"49,21526007";"0,32565339"
"202400026352";"27";"07";"2024";"15:10";"1";"71";"71235";"1";"1";"1";"6";"Route de Mâcon";"46,36134500";"4,79945400"
"202400026353";"28";"07";"2024";"08:56";"1";"08";"08312";"1";"1";"1";"7";"A304";"49,80013100";"4,53355600"
"202400026354";"23";"05";"2024";"10:25";"1";"07";"07078";"2";"1";"8";"4";"Route de Lyon";"45,25706200";"4,69682700"
"202400026355";"21";"05";"2024";"18:00";"1";"24";"24563";"1";"3";"1";"3";"Route de la Vézère";"45,03784600";"1,13429500"
"202400026356";"28";"07";"2024";"14:00";"1";"38";"38003";"1";"2";"1";"3";"Route de Grenoble";"45,32344200";"4,85651000"
"202400026357";"28";"07";"2024";"12:30";"1";"26";"26116";"1";"1";"1";"7";"Route des Alpes";"44,43600200";"4,72326300"
"202400026358";"23";"05";"2024";"16:36";"1";"27";"27226";"2";"4";"1";"6";"Rue des Marronniers";"49,31265200";"1,61121360"
"202400026359";"28";"07";"2024";"18:50";"1";"69";"69052";"1";"1";"1";"7";"Route de Saint-antoine";"45,87864200";"4,71676900"
"202400026360";"22";"05";"2024";"12:40";"1";"27";"27117";"1";"1";"1";"1";"D107";"48,98324500";"0,52076200"
"202400026361";"23";"07";"2024";"17:30";"1";"81";"81105";"2";"6";"1";"3";"Avenue du Pont de Saint Pierre";"43,76114100";"2,00381400"
"202400026362";"22";"05";"2024";"16:20";"1";"24";"24126";"1";"1";"1";"1";"N21";"44,79604154";"0,52252977"
"202400026363";"5";"07";"2024";"15:30";"1";"33";"33517";"2";"1";"1";"1";"N/A";"45,05550400";" -0,70350100"
"202400026364";"22";"05";"2024";"13:15";"1";"31";"31476";"1";"1";"1";"3";"A64";"43,27156500";"1,13429500"
"202400026365";"28";"07";"2024";"11:25";"1";"44";"44066";"1";"2";"1";"1";"Route de la Chapelle sur Erdre";"47,35468100";" -1,59793400"
"202400026366";"21";"05";"2024";"10:01";"1";"88";"88022";"1";"1";"1";"3";"autoroute A31 - PK 178+400 - sens ""DIJON-NANCY""";"48,23191511";"5,86056232"
"202400026367";"22";"05";"2024";"18:05";"2";"971";"97103";"2";"1";"1";"3";"Route de Blachon";"16,24757100";" -61,60187600"
"202400026368";"27";"07";"2024";"21:39";"2";"29";"29022";"2";"1";"1";"5";"route de Kerloch";"48,25939807";" -4,56066730"
"202400026369";"22";"05";"2024";"10:40";"1";"987";"98735";"2";"1";"1";"7";"Taravao RT321 au Pk 0.700";" -17,75600000";" -148,73600000"
"202400026370";"23";"07";"2024";"17:30";"1";"13";"13085";"1";"1";"1";"7";"A50-Sens Toulon vers Aubagne";"43,24822000";"5,59662000"
"202400026371";"22";"05";"2024";"19:00";"4";"973";"97311";"2";"1";"1";"6";"Rue Buissons Ardents";"5,47863800";" -54,02360600"
"202400026372";"23";"07";"2024";"19:50";"1";"13";"13202";"2";"1";"1";"4";"A55-Sens Martigues vers Marseille";"43,31327000";"5,36628000"
"202400026373";"17";"05";"2024";"15:00";"1";"37";"37230";"1";"3";"1";"2";"D31";"47,46148285";"1,01078510"
"202400026374";"27";"07";"2024";"06:52";"1";"33";"33162";"1";"1";"1";"6";"N/A";"44,85941200";" -0,66052100"
"202400026375";"27";"07";"2024";"02:00";"4";"33";"33318";"1";"1";"1";"6";"N/A";"44,80885500";" -0,66979900"
"202400026376";"22";"05";"2024";"20:30";"2";"91";"91179";"2";"2";"2";"1";"Chemin de la Justice";"48,55778600";"2,49926100"
"202400026377";"27";"07";"2024";"16:30";"1";"91";"91521";"1";"1";"2";"7";"RN 449";"48,63553000";"2,40167000"
"202400026378";"21";"05";"2024";"18:30";"1";"06";"06066";"2";"1";"1";"3";"982 Route du pont charles Albert";"43,83551700";"7,18724700"
"202400026379";"27";"07";"2024";"15:20";"1";"91";"91174";"1";"1";"1";"7";"RN 104";"48,61593000";"2,45520000"
"202400026380";"27";"07";"2024";"15:45";"1";"94";"94065";"1";"1";"1";"6";"A86";"48,75359225";"2,35593856"
"202400026381";"20";"05";"2024";"15:48";"1";"69";"69157";"1";"4";"2";"1";"Route de Saint-Clément";"45,90703900";"4,46703700"
"202400026382";"27";"07";"2024";"06:38";"2";"91";"91553";"1";"1";"3";"6";"RN 104";"48,62860000";"2,48050000"
"202400026383";"22";"05";"2024";"18:30";"1";"69";"69297";"2";"1";"1";"1";"Route Neuve";"45,60885100";"4,80748400"
"202400026384";"27";"07";"2024";"01:15";"3";"91";"91136";"1";"1";"2";"7";"AUTOROUTE A10";"48,71056000";"2,28768000"
"202400026385";"22";"05";"2024";"15:30";"1";"69";"69040";"2";"1";"1";"6";"47 Avenue de Lanessan";"45,79451300";"4,79298400"
"202400026386";"26";"07";"2024";"22:40";"3";"91";"91174";"1";"1";"3";"3";"RN 104";"48,62209000";"2,46320000"
"202400026387";"22";"05";"2024";"17:30";"1";"14";"14047";"2";"7";"1";"6";"1 Place aux Pommes";"49,27759100";" -0,70047000"
"202400026388";"27";"07";"2024";"11:55";"1";"92";"92063";"1";"1";"2";"3";"A86";"48,88961195";"2,16890822"
"202400026389";"22";"05";"2024";"07:35";"1";"27";"27412";"1";"1";"1";"1";"RD 79";"49,25027100";"1,10239900"
"202400026390";"27";"07";"2024";"19:20";"1";"95";"95572";"1";"1";"1";"2";"N184";"49,04116499";"2,12821547"
"202400026391";"22";"05";"2024";"12:50";"1";"27";"27165";"2";"1";"1";"3";"Route de Louviers";"48,97542100";"0,94876700"
"202400026392";"22";"05";"2024";"10:27";"1";"13";"13071";"1";"1";"1";"7";"A7-Sens Marseille vers Lyon";"43,40400000";"5,31400000"
"202400026393";"27";"07";"2024";"07:35";"1";"93";"93064";"1";"1";"2";"3";"AUTOROUTE A86";"48,86773131";"2,48195414"
"202400026394";"27";"07";"2024";"10:10";"1";"92";"92078";"1";"1";"3";"6";"AUTOROUTE A86";"48,92928253";"2,32938717"
"202400026395";"26";"07";"2024";"18:10";"1";"95";"95527";"1";"1";"3";"7";"A1";"49,00473404";"2,52582663"
"202400026396";"29";"03";"2024";"00:08";"4";"54";"54197";"1";"1";"1";"3";"Autoroute A 33";"48,61813000";"6,19881000"
"202400026397";"26";"07";"2024";"06:10";"5";"95";"95018";"1";"1";"3";"2";"A15";"48,95863789";"2,27437326"
"202400026398";"22";"05";"2024";"18:20";"1";"94";"94065";"1";"1";"2";"3";"A106";"48,74745783";"2,35851545"
"202400026399";"27";"07";"2024";"19:10";"1";"94";"94069";"1";"1";"3";"3";"A4";"48,81730357";"2,43230760"
"202400026400";"22";"05";"2024";"08:20";"1";"92";"92019";"1";"1";"1";"3";"AUTOROUTE A86";"48,76065654";"2,28429441"
"202400026401";"27";"07";"2024";"17:35";"1";"94";"94069";"1";"1";"3";"5";"A4";"48,81713893";"2,44226193"
"202400026402";"21";"05";"2024";"23:44";"3";"92";"92002";"1";"1";"2";"6";"AUTOROUTE A86";"48,76040969";"2,29181952"
"202400026403";"21";"05";"2024";"22:20";"3";"78";"78043";"1";"1";"2";"6";"A12 Y";"48,83168000";"2,08305000"
"202400026404";"27";"07";"2024";"17:15";"1";"93";"93051";"1";"1";"3";"2";"A4";"48,83611442";"2,55457974"
"202400026405";"21";"05";"2024";"18:20";"1";"92";"92072";"1";"1";"1";"7";"N118";"48,81740264";"2,21629518"
"202400026406";"22";"05";"2024";"09:10";"1";"93";"93066";"1";"1";"1";"6";"A86";"48,92293450";"2,34504055"
"202400026407";"27";"07";"2024";"16:45";"1";"77";"77373";"1";"1";"2";"2";"RN104";"48,79071600";"2,61845700"
"202400026408";"21";"05";"2024";"06:00";"1";"95";"95572";"1";"1";"8";"5";"N184";"49,03432309";"2,11289343"
"202400026409";"27";"07";"2024";"16:00";"1";"77";"77373";"1";"1";"3";"6";"RN104";"48,79617400";"2,62159700"
"202400026410";"20";"05";"2024";"20:45";"1";"95";"95277";"1";"1";"2";"2";"A3";"48,96803561";"2,47785819"
"202400026411";"27";"07";"2024";"14:10";"1";"75";"75112";"1";"1";"3";"2";"A4";"48,81805355";"2,45657891"
"202400026412";"21";"05";"2024";"03:30";"3";"94";"94081";"1";"1";"2";"7";"A86";"48,77409978";"2,40896160"
"202400026413";"27";"07";"2024";"04:18";"3";"77";"77121";"1";"1";"3";"2";"A4";"48,83097200";"2,68726100"
"202400026414";"1";"03";"2024";"08:50";"1";"45";"45187";"2";"1";"1";"6";"24bis place du mail";"47,88789900";"2,51399700"
"202400026415";"12";"02";"2024";"18:30";"5";"18";"18033";"2";"9";"1";"3";"137 Chemin de Villeneuve";"47,06302000";"2,36143000"
"202400026416";"12";"03";"2024";"17:15";"1";"32";"32013";"2";"3";"8";"3";"PIERRE MENDES FRANCE";"43,64110000";"0,59530000"
"202400026417";"3";"01";"2024";"18:25";"5";"17";"17299";"2";"1";"2";"6";"RESISTANCE BOULEVARD DE LA";"45,93060200";" -0,96101100"
"202400026418";"27";"07";"2024";"02:40";"5";"974";"97411";"2";"1";"1";"7";"KARTING (DU)";" -20,89453000";"55,49904000"
"202400026419";"21";"05";"2024";"17:25";"1";"974";"97411";"1";"3";"1";"3";"ROUTIERS (CHEMIN DES)";" -20,91800000";"55,49610000"
"202400026420";"26";"07";"2024";"19:50";"5";"973";"97302";"2";"1";"3";"3";"MADELEINE (ROUTE DE LA)";"4,92363528";" -52,32401991"
"202400026421";"20";"05";"2024";"17:20";"1";"974";"97411";"2";"1";"1";"1";"MONTAGNE (ROUTE DE LA)";" -20,87732000";"55,44244000"
"202400026422";"26";"07";"2024";"11:55";"1";"69";"69387";"2";"2";"1";"6";"Rue Raulin";"45,74764000";"4,83505000"
"202400026423";"21";"05";"2024";"13:35";"1";"974";"97407";"2";"3";"1";"3";"MONDON (AVENUE)";" -20,93366588";"55,30790305"
"202400026424";"26";"07";"2024";"16:00";"1";"972";"97213";"1";"6";"1";"4";"ROUTE NATIONALE 1";"14,61988000";" -60,99413000"
"202400026425";"21";"05";"2024";"11:35";"1";"973";"97302";"2";"1";"1";"6";"NOVAPARC (RESIDENCE) RTE DE RABAN";"4,92244156";" -52,31324637"
"202400026426";"20";"05";"2024";"23:30";"5";"973";"97302";"2";"1";"1";"7";"FELIX EBOUE(ROCADE)";"4,93160033";" -52,31232101"
"202400026427";"25";"07";"2024";"11:24";"1";"972";"97213";"1";"3";"1";"3";"ROUTE DEPARTEMENTALE 15";"14,62472000";" -61,00743000"
"202400026428";"21";"05";"2024";"16:40";"1";"69";"69387";"2";"3";"1";"3";"Rue de la Thibaudière";"45,75078000";"4,84422000"
"202400026429";"25";"07";"2024";"21:15";"5";100;100033";"2";"9";"1";"2";"CAP - ROUTE DU CAP";"42,71300000";"9,45446000"
"202400026430";"26";"07";"2024";"15:40";"1";"971";"97101";"1";"3";"1";"2";"CHAUVEL";"16,23950000";" -61,51994000"
"202400026431";"21";"05";"2024";"15:40";"1";"69";"69383";"2";"3";"1";"1";"Avenue Lacassagne";"45,75610000";"4,86408000"
"202400026432";"25";"07";"2024";"19:10";"3";"971";"97113";"1";"1";"1";"1";"SECTION PLIANE";"16,21755000";" -61,45741000"
"202400026433";"21";"05";"2024";"08:50";"1";"69";"69386";"2";"2";"1";"3";"Avenue Maréchal de Saxe";"45,76676000";"4,84430000"
"202400026434";"24";"07";"2024";"21:20";"5";"971";"97113";"1";"4";"1";"1";"SECTION LEROUX";"16,23438000";" -61,46771000"
"202400026435";"21";"05";"2024";"08:15";"1";"69";"69386";"2";"2";"1";"3";"Rue Barrême";"45,77462000";"4,84709000"
"202400026436";"26";"07";"2024";"09:30";"1";"91";"91433";"1";"1";"2";"6";"R.D. 20";"48,45901000";"2,17742000"
"202400026437";"9";"07";"2024";"12:15";"1";"88";"88160";"2";"1";"1";"6";"JEUXEY (RTE DE)";"48,19307972";"6,45314813"
"202400026438";"20";"05";"2024";"04:28";"5";"972";"97213";"1";"1";"1";"2";"AUTOROUTE A1";"14,61824000";" -61,02648000"
"202400026439";"21";"05";"2024";"09:41";"1";100;100037";"2";"1";"1";"6";"TOUTES RUES";"42,62814000";"9,42950000"
"202400026440";"25";"07";"2024";"16:58";"1";"87";"87050";"2";"1";"1";"4";"LIMOGES (AVENUE DE)";"45,86823000";"1,23826000"
"202400026441";"25";"07";"2024";"16:56";"1";"87";"87085";"1";"1";"1";"2";"AUTOROUTE A20";"45,87973000";"1,28873000"
"202400026442";"21";"05";"2024";"16:00";"1";"971";"97113";"2";"1";"1";"5";"RN4 - SECTION RIVIERA";"16,21247000";" -61,47634000"
"202400026443";"25";"07";"2024";"12:00";"1";"87";"87085";"2";"1";"1";"2";"BEAUBLANC (BOULEVARD DE)";"45,84502000";"1,24247000"
"202400026444";"20";"05";"2024";"08:40";"1";"971";"97113";"1";"3";"1";"3";"BAS DU FORT";"16,22029000";" -61,51746000"
"202400026445";"18";"05";"2024";"04:25";"5";"971";"97101";"1";"1";"1";"7";"ROUTE DE BOISVINS";"16,26310000";" -61,49505000"
"202400026446";"25";"07";"2024";"19:20";"1";"83";"83126";"2";"2";"1";"5";"QUATRE SEPTEMBRE (BD DU)";"43,10270000";"5,87270000"
"202400026447";"18";"05";"2024";"17:40";"1";"85";"85194";"2";"2";"1";"6";"Rue du palais";"46,49547900";" -1,78417800"
"202400026448";"26";"07";"2024";"15:30";"1";"81";"81163";"2";"2";"1";"3";"MERMOZ (JEAN)";"43,49492000";"2,37285000"
"202400026449";"20";"05";"2024";"11:40";"1";"84";"84007";"2";"3";"1";"6";"BRAQUE ( RUE GEORGE";"43,94144000";"4,84721000"
"202400026450";"21";"05";"2024";"14:40";"1";"80";"80021";"2";"1";"1";"7";"Avenue du Languedoc";"49,91714000";"2,25564000"
"202400026451";"26";"07";"2024";"13:50";"1";"80";"80021";"2";"1";"1";"3";"Boulevard de Beauvillé";"49,89000000";"2,30924000"
"202400026452";"18";"05";"2024";"05:30";"2";"76";"76351";"1";"1";"1";"6";"RD 6382";"49,52472000";"0,17996000"
"202400026453";"25";"07";"2024";"23:25";"5";"80";"80021";"2";"1";"1";"6";"Place du Don";"49,89607000";"2,30362000"
"202400026454";"25";"07";"2024";"10:20";"1";"80";"80021";"2";"1";"1";"2";"D8 ";"49,86880000";"2,25215000"
"202400026455";"19";"05";"2024";"20:20";"1";"76";"76447";"2";"1";"1";"6";"JACQUES PREVERT";"49,54754217";"0,17653763"
"202400026456";"18";"05";"2024";"06:00";"2";"76";"76351";"2";"2";"1";"7";"COLBERT (QUAI)";"49,49260429";"0,13202235"
"202400026457";"24";"07";"2024";"14:15";"1";"80";"80021";"2";"2";"1";"3";"TERRAL (RUE)";"49,90859000";"2,29458000"
"202400026458";"21";"05";"2024";"18:50";"1";"67";"67482";"2";"1";"1";"6";"VIENNE (ROUTE DE)";"48,57394000";"7,75541000"
"202400026459";"26";"07";"2024";"10:30";"1";"79";"79329";"2";"1";"1";"2";"N/A";"46,97706800";" -0,20494000"
"202400026460";"21";"05";"2024";"17:25";"1";"66";"66136";"1";"1";"2";"3";"Avenue de la Salanque";"42,72644245";"2,89636195"
"202400026461";"26";"07";"2024";"13:30";"1";"77";"77251";"1";"1";"2";"3";"RD 306";"48,61039600";"2,57772900"
"202400026462";"21";"05";"2024";"16:30";"1";"66";"66136";"2";"3";"1";"3";"SAINT-ASSISCLE (BOULEVARD DE)";"42,69880000";"2,87770000"
"202400026463";"25";"07";"2024";"19:15";"1";"76";"76351";"2";"3";"3";"6";"Rue Aristide Briand";"49,50011000";"0,13196000"
"202400026464";"21";"05";"2024";"09:10";"1";"66";"66136";"2";"1";"1";"2";"Avenue de Prades";"42,69050000";"2,83542000"
"202400026465";"25";"07";"2024";"15:15";"1";"72";"72181";"2";"6";"1";"3";"EDISON THOMAS (RUE)";"48,02486000";"0,17808000"
"202400026466";"21";"05";"2024";"19:03";"1";"64";"64024";"2";"1";"1";"3";"HAUSQUETTE (RUE DE)";"43,49665000";" -1,50915000"
"202400026467";"26";"07";"2024";"13:00";"1";"69";"69013";"2";"3";"1";"3";"Route Nationale 6";"46,00240345";"4,71950582"
"202400026468";"26";"07";"2024";"21:55";"2";"69";"69259";"2";"1";"1";"6";"Rue du Professeur Roux";"45,72555000";"4,85808000"
"202400026469";"19";"05";"2024";"19:30";"1";"62";"62570";"2";"1";"1";"6";"D33";"50,40153198";"2,86225881"
"202400026470";"12";"05";"2024";"23:25";"4";"62";"62239";"2";"1";"1";"6";"Boulevard de l’Europe";"50,93413000";"1,80533000"
"202400026471";"26";"07";"2024";"19:15";"1";"69";"69276";"1";"2";"1";"3";"Allée du Rhône";"45,66610000";"4,84626000"
"202400026472";"20";"05";"2024";"17:05";"1";"62";"62126";"2";"6";"1";"3";"D941";"50,51252550";"2,66881657"
"202400026473";"26";"07";"2024";"09:05";"1";"68";"68066";"2";"2";"1";"3";"SANDHERR (RUE CHARLES)";"48,06648000";"7,34517000"
"202400026474";"26";"07";"2024";"17:00";"1";"64";"64445";"2";"1";"1";"2";"NORMAN PRINCE";"43,30685000";" -0,34170000"
"202400026475";"20";"05";"2024";"14:11";"1";"60";"60175";"2";"6";"1";"3";"Boulevard Salvador Allende";"49,24477000";"2,46957000"
"202400026476";"25";"07";"2024";"20:26";"1";"64";"64122";"2";"1";"1";"7";"IMPERATRICE (AVENUE DE L')";"43,48892000";" -1,55292000"
"202400026477";"19";"05";"2024";"02:03";"3";"56";"56098";"2";"1";"1";"6";"Avenue Gabriel Péri";"47,75960000";" -3,35297000"
"202400026478";"24";"07";"2024";"12:27";"1";"64";"64122";"2";"1";"1";"7";"JARDINS (RUE DES)";"43,48614000";" -1,54989000"
"202400026479";"19";"05";"2024";"06:15";"2";"56";"56162";"1";"1";"1";"6";"Rue du Moulin du Ter";"47,73275000";" -3,40415000"
"202400026480";"25";"07";"2024";"22:42";"5";"64";"64024";"2";"6";"1";"7";"BUTTE AUX CAILLES (ROND POINT DE LA)";"43,49703000";" -1,50862000"
"202400026481";"20";"05";"2024";"04:10";"5";"54";"54300";"2";"1";"5";"6";"Rue Lucien Galtier";"48,66354000";"6,21905000"
"202400026482";"24";"07";"2024";"11:20";"1";"64";"64024";"2";"1";"1";"7";"MARAIS (ROND POINT DES)";"43,49138698";" -1,49607718"
"202400026483";"26";"07";"2024";"20:00";"1";"59";"59299";"2";"1";"1";"1";"SAILLY (RUE DE)";"50,64885000";"3,20765000"
"202400026484";"26";"07";"2024";"20:30";"1";"59";"59431";"1";"1";"1";"1";"TOUQUET (RUE DU)";"50,68880000";"2,83039000"
"202400026485";"26";"07";"2024";"15:00";"1";"56";"56260";"2";"1";"1";"6";"Avenue de la Marne";"47,65934000";" -2,77558000"
"202400026486";"26";"07";"2024";"23:40";"5";"54";"54482";"2";"2";"2";"3";"Rue de la Haie le Comte";"48,70476781";"6,20744437"
"202400026487";"26";"07";"2024";"16:45";"1";"54";"54357";"2";"2";"1";"6";"Rue de la République";"48,71266000";"6,16297000"
"202400026488";"7";"10";"2024";"11:33";"1";"10";"10387";"2";"1";"1";"7";"Rue Thenard";"48,27447000";"4,08382000"
"202400026489";"7";"10";"2024";"11:35";"1";"03";"03023";"2";"3";"3";"3";"Route de Gannat";"46,12700000";"3,39584000"
"202400026490";"8";"10";"2024";"10:18";"1";"75";"75119";"2";"2";"1";"6";"RUE MANIN";"48,88322200";"2,38802300"
"202400026491";"7";"10";"2024";"14:10";"1";"75";"75120";"2";"1";"1";"3";"BD PERIPHERIQUE EXTERIEUR";"48,86169800";"2,41391200"
"202400026492";"8";"10";"2024";"14:00";"1";"75";"75105";"2";"1";"1";"6";"QUAI DE MONTEBELLO";"48,85160000";"2,35003700"
"202400026493";"8";"10";"2024";"21:00";"5";"75";"75118";"2";"2";"8";"3";"RUE DOUDEAUVILLE";"48,88835400";"2,34961000"
"202400026494";"8";"10";"2024";"07:55";"1";"75";"75118";"2";"2";"1";"3";"BOULEVARD NEY";"48,89872600";"2,37024800"
"202400026495";"8";"10";"2024";"16:50";"1";"75";"75117";"2";"3";"1";"2";"AVENUE DE CLICHY";"48,89287000";"2,31663700"
"202400026496";"7";"10";"2024";"17:15";"1";"75";"75117";"2";"2";"2";"4";"RUE GUERSANT";"48,88310000";"2,28752900"
"202400026497";"8";"10";"2024";"17:54";"1";"75";"75116";"2";"3";"3";"6";"AVENUE VICTOR HUGO";"48,86643200";"2,27766300"
"202400026498";"8";"10";"2024";"16:10";"1";"75";"75113";"2";"4";"1";"6";"BOULEVARD DE L HOPITAL";"48,83886300";"2,36098100"
"202400026499";"8";"10";"2024";"21:01";"5";"75";"75111";"2";"2";"8";"3";"AVENUE LEDRU ROLLIN";"48,85330900";"2,37736100"
"202400026500";"7";"10";"2024";"12:45";"1";"75";"75111";"2";"2";"8";"1";"RUE SAINT MAUR";"48,86458000";"2,37803300"
"202400026501";"8";"10";"2024";"19:30";"5";"75";"75108";"2";"4";"9";"3";"BOULEVARD MALESHERBES";"48,87213900";"2,32181500"
"202400026502";"8";"10";"2024";"14:20";"1";"75";"75108";"2";"2";"1";"3";"COURS LA REINE";"48,86503600";"2,31374000"
"202400026503";"7";"10";"2024";"13:45";"1";"75";"75108";"2";"3";"1";"6";"AVENUE DE FRIEDLAND";"48,87407700";"2,29821700"
"202400026504";"8";"10";"2024";"12:00";"1";"75";"75107";"2";"3";"1";"6";"RUE DE SEVRES";"48,84983100";"2,32330100"
"202400026505";"8";"10";"2024";"14:10";"1";"94";"94076";"2";"2";"1";"3";"Avenue de Paris";"48,80411159";"2,36416849"
"202400026506";"8";"10";"2024";"17:35";"1";"94";"94041";"2";"2";"1";"3";"Rue Jean-Marie Poulmarch";"48,81634000";"2,37467000"
"202400026507";"8";"10";"2024";"11:50";"1";"94";"94034";"2";"1";"1";"2";"Avenue de la Division Leclerc";"48,75992000";"2,32170000"
"202400026508";"8";"10";"2024";"09:30";"1";"93";"93072";"2";"1";"1";"2";"STALINGRAD (AVENUE DE) DES N° 126 A 156";"48,95013508";"2,38670971"
"202400026509";"8";"10";"2024";"16:50";"1";"93";"93066";"2";"1";"1";"6";"DIX NEUF MARS 1962";"48,94797000";"2,35451000"
"202400026510";"8";"10";"2024";"07:48";"1";"93";"93055";"2";"1";"1";"6";"JEAN LOLIVE (AVENUE)(137/FIN ET 134/FIN)";"48,89442654";"2,41929245"
"202400026511";"8";"10";"2024";"12:25";"1";"93";"93051";"2";"1";"2";"3";"GABRIEL PERI (AVENUE)";"48,83288159";"2,56633548"
"202400026512";"8";"10";"2024";"15:30";"1";"93";"93050";"2";"1";"1";"5";"MARTYRS DE LA DEPORTATION (RUE)";"48,85666000";"2,52634000"