"Num_Acc";"jour";"mois";"an";"hrmn";"lum";"dep";"com";"agg";"int";"atm";"col";"adr";"lat";"long"
"202400026513";"8";"10";"2024";"01:00";"5";"93";"93046";"2";"1";"2";"3";"MARECHAL LECLERC AVENUE";"48,92029031";"2,53979445"
"202400026514";"7";"10";"2024";"13:00";"1";"93";"93006";"2";"1";"2";"1";"CAPSULERIE RUE DE LA";"48,86364078";"2,42100209"
"202400026515";"8";"10";"2024";"12:26";"1";"93";"93027";"2";"1";"1";"3";"RASPAIL (RUE)";"48,92338683";"2,39524222"
"202400026516";"7";"10";"2024";"17:50";"1";"92";"92077";"2";"1";"2";"2";"VERSAILLES (RUE DE)";"48,82648839";"2,18832225"
"202400026517";"8";"10";"2024";"06:35";"5";"92";"92050";"2";"2";"2";"3";"HOCHE AVENUE";"48,90029983";"2,20021874"
"202400026518";"7";"10";"2024";"08:35";"1";"92";"92020";"2";"6";"8";"7";"VERDUN AVENUE DE";"48,80069652";"2,28344589"
"202400026519";"8";"10";"2024";"21:15";"5";"92";"92040";"2";"1";"1";"1";"GALLIENI (BOULEVARD)";"48,82626413";"2,26767406"
"202400026520";"8";"10";"2024";"20:15";"5";"92";"92036";"2";"6";"2";"3";"VILLEBOIS MAREUIL (RUE)";"48,93354286";"2,30202869"
"202400026521";"7";"10";"2024";"16:05";"1";"92";"92025";"2";"3";"2";"3";"GABRIEL PERI (RUE)";"48,91772105";"2,23756847"
"202400026522";"8";"10";"2024";"22:45";"5";"92";"92060";"2";"4";"1";"6";"MALABRY (RUE DE) N°18 A 46";"48,77797226";"2,27052324"
"202400026523";"8";"10";"2024";"15:15";"1";"92";"92002";"2";"4";"1";"3";"ADOLPHE PAJEAUD (RUE)";"48,74484762";"2,29402922"
"202400026524";"9";"10";"2024";"00:45";"3";"71";"71371";"2";"1";"8";"7";"2 Route de Rez de Veau";"46,34388600";"4,73408000"
"202400026525";"9";"10";"2024";"10:40";"1";"15";"15066";"1";"1";"2";"7";"RD 17";"45,10436000";"2,66427500"
"202400026526";"8";"10";"2024";"10:30";"1";"47";"47015";"2";"3";"1";"7";"Avenue d?Agen";"44,06381400";"0,65029100"
"202400026527";"9";"10";"2024";"07:30";"1";"54";"54156";"1";"1";"2";"6";"D913";"48,37306185";"6,12464190"
"202400026528";"8";"10";"2024";"06:45";"5";"01";"01244";"2";"1";"3";"6";"Chemin des Verchères";"45,90165700";"5,19405200"
"202400026529";"8";"10";"2024";"12:40";"1";"69";"69273";"2";"9";"1";"1";"Rue des Corbèges";"45,67551600";"4,92813000"
"202400026530";"8";"10";"2024";"19:25";"2";"40";"40036";"2";"1";"2";"7";"Chemin du Brana";"43,62877200";" -1,40000000"
"202400026531";"4";"10";"2024";"09:45";"1";"49";"49092";"1";"2";"1";"3";"La Bouie (Valanjou)";"47,22753600";" -0,64288300"
"202400026532";"8";"10";"2024";"14:59";"1";"83";"83031";"1";"1";"1";"1";"D558 pk 0.370";"43,39165500";"6,35198600"
"202400026533";"8";"10";"2024";"13:25";"1";"25";"25524";"1";"1";"3";"6";"autoroute A36 , PK 068.100";"47,42564800";"6,64707200"
"202400026534";"8";"10";"2024";"15:40";"1";"06";"06140";"2";"1";"1";"6";"471 Chemin du Village";"43,63951100";"6,84695000"
"202400026535";"8";"10";"2024";"14:15";"1";"87";"87003";"1";"1";"1";"3";"A20 PK 132+560";"46,25068300";"1,39131500"
"202400026536";"6";"10";"2024";"19:45";"5";"51";"51171";"1";"3";"2";"3";"D944";"49,37506300";"3,92038100"
"202400026537";"8";"10";"2024";"12:30";"1";100;100343";"1";"1";"1";"2";"Diceppo";"42,49355100";"9,47232800"
"202400026538";"8";"10";"2024";"12:15";"1";"82";"82187";"1";"1";"1";"6";"Route de l’Aveyron";"44,16389000";"1,91810100"
"202400026539";"8";"10";"2024";"15:15";"1";"82";"82134";"1";"6";"1";"3";"Chemin de Mondarre";"44,06329800";"1,49570700"
"202400026540";"8";"10";"2024";"17:00";"1";"81";"81002";"1";"6";"1";"3";"N112";"43,51113700";"2,33501900"
"202400026541";"7";"10";"2024";"07:15";"1";"71";"71345";"2";"2";"2";"3";"D15";"46,43706900";"4,80237200"
"202400026542";"8";"10";"2024";"21:25";"5";"63";"63271";"2";"2";"1";"3";"intersection d85 - d64";"45,91097300";"3,51955200"
"202400026543";"7";"10";"2024";"20:00";"3";"49";"49180";"1";"1";"1";"6";"lieu dit la bonde";"47,40288068";" -0,14437258"
"202400026544";"8";"10";"2024";"15:15";"1";"42";"42092";"1";"2";"1";"4";"Rue de Verdun";"45,48464300";"4,36481200"
"202400026545";"8";"10";"2024";"16:00";"1";"47";"47252";"2";"2";"1";"3";"Av Rene Bouchon";"44,39591800";"0,59144900"
"202400026546";"7";"10";"2024";"08:35";"1";"86";"86075";"1";"1";"2";"3";"D18";"46,79132900";"0,11712800"
"202400026547";"7";"10";"2024";"13:45";"1";"86";"86211";"1";"2";"2";"3";"Lieu-dit La Cosse";"46,24889500";"0,27893900"
"202400026548";"8";"10";"2024";"22:00";"5";"34";"34332";"2";"1";"1";"6";"Boulevard de la Liberte";"43,31167400";"3,41679600"
"202400026549";"9";"10";"2024";"17:45";"1";"68";"68004";"1";"1";"1";"4";"D432";"47,63179921";"7,26101582"
"202400026550";"8";"10";"2024";"23:05";"4";"29";"29075";"2";"6";"9";"6";"rue Commandant Challe";"48,43774600";" -4,40280900"
"202400026551";"9";"10";"2024";"08:50";"2";"29";"29075";"1";"3";"1";"6";"rue du Commandant Charcot";"48,41470100";" -4,40511500"
"202400026552";"9";"10";"2024";"15:00";"1";"31";"31115";"1";"1";"1";"1";"Quartier Pitoulet";"43,34417200";"0,90373500"
"202400026553";"6";"10";"2024";"22:00";"3";"38";"38422";"2";"3";"2";"3";"Route de Gieres";"45,15611500";"5,82395800"
"202400026554";"8";"10";"2024";"15:50";"1";"26";"26063";"2";"3";"1";"3";"Avenue du Pont Neuf";"44,27694400";"5,27661300"
"202400026555";"7";"10";"2024";"15:15";"1";"66";"66178";"2";"9";"1";"3";"Route Departementale 115";"42,51531800";"2,78789900"
"202400026556";"7";"10";"2024";"06:56";"1";"54";"54501";"1";"1";"2";"7";"D147";"48,47036055";"6,52012825"
"202400026557";"6";"10";"2024";"17:28";"1";"40";"40119";"2";"1";"1";"1";"Chemin de Busquet";"43,66133300";" -0,58546700"
"202400026558";"4";"10";"2024";"18:46";"2";"40";"40053";"1";"2";"7";"3";"D379";"44,17596400";" -0,19318300"
"202400026559";"8";"10";"2024";"15:05";"1";"24";"24133";"1";"1";"8";"6";"Route du Périgord-Limousin";"45,56682400";"0,97412500"
"202400026560";"9";"10";"2024";"07:10";"2";"04";"04008";"1";"1";"1";"1";"N202";"43,94772100";"6,68887100"
"202400026561";"7";"10";"2024";"12:52";"1";"28";"28379";"1";"1";"1";"1";"Route de Coltainville";"48,51069100";"1,58640900"
"202400026562";"8";"10";"2024";"19:00";"3";"988";"98805";"2";"1";"1";"6";"Route de Koé";" -22,15374800";"166,46489700"
"202400026563";"9";"10";"2024";"19:40";"5";"13";"13051";"2";"3";"1";"1";"Boulevard Victor Hugo";"43,58941000";"5,12666200"
"202400026564";"28";"09";"2024";"10:20";"1";"01";"01027";"1";"1";"2";"4";"A42 - PK 018+600";"45,85331100";"5,09769400"
"202400026565";"7";"10";"2024";"05:25";"3";"34";"34240";"1";"1";"1";"6";"pk 94 A9";"43,62940200";"3,96683400"
"202400026566";"9";"10";"2024";"09:08";"1";"77";"77006";"1";"1";"3";"6";"Autoroute A6 PK 053+800";"48,39786700";"2,55466500"
"202400026567";"8";"10";"2024";"20:30";"3";"77";"77071";"1";"1";"2";"6";"A6";"48,21185700";"2,78361600"
"202400026568";"8";"10";"2024";"09:20";"1";"45";"45155";"2";"1";"1";"1";"11 Chemin de la Saulaie";"47,70484100";"2,63274900"
"202400026569";"8";"10";"2024";"09:40";"1";"83";"83068";"1";"1";"2";"6";"Route du Littoral";"43,28066000";"6,57988800"
"202400026570";"9";"10";"2024";"10:10";"1";"68";"68130";"1";"1";"1";"7";"D468";"47,94904672";"7,53712032"
"202400026571";"8";"10";"2024";"18:02";"1";"57";"57582";"2";"1";"1";"1";"D 54";"49,28393200";"6,16899500"
"202400026572";"9";"10";"2024";"17:30";"1";"42";"42304";"2";"6";"1";"6";"Rue des Parottes";"45,53745200";"4,18804400"
"202400026573";"4";"10";"2024";"15:35";"1";"01";"01262";"1";"1";"1";"6";"D4";"45,92682700";"5,03168500"
"202400026574";"8";"10";"2024";"16:30";"1";"69";"69140";"2";"1";"1";"7";"Chemin des Pierres Folles";"45,88870630";"4,68612866"
"202400026575";"8";"10";"2024";"18:10";"1";"69";"69052";"2";"3";"2";"3";"Route de Saint-antoine";"45,87626600";"4,71363400"
"202400026576";"8";"10";"2024";"16:00";"1";"69";"69021";"1";"3";"7";"1";"Route de la Giraudière";"45,76513559";"4,56389971"
"202400026577";"8";"10";"2024";"14:30";"1";"81";"81112";"1";"3";"1";"3";"D988";"43,92073300";"2,02605800"
"202400026578";"9";"10";"2024";"18:10";"1";"14";"14762";"2";"3";"2";"3";"79 Avenue Guy de Maupassant";"48,84656600";" -0,88560600"
"202400026579";"9";"10";"2024";"16:50";"1";"14";"14352";"1";"1";"2";"1";"45 Impasse de la Quérantillière";"48,89727400";" -1,00151900"
"202400026580";"9";"10";"2024";"06:30";"3";"27";"27644";"1";"1";"3";"6";"RD 181";"49,14567100";"1,53942700"
"202400026581";"9";"10";"2024";"13:40";"1";"59";"59249";"2";"1";"3";"1";"Rue du Maire Coppeaux";"50,01924600";"4,05625100"
"202400026582";"8";"10";"2024";"07:20";"1";"13";"13212";"1";"1";"1";"2";"A507 sens Marseille - Aubagne";"43,29144000";"5,42452000"
"202400026583";"7";"10";"2024";"21:00";"3";"83";"83047";"1";"1";"1";"6";"A570";"43,13556000";"6,04458000"
"202400026584";"5";"10";"2024";"02:05";"3";"69";"69142";"1";"1";"1";"4";"Route de Métropole 7 ";"45,72007000";"4,81853000"
"202400026585";"7";"10";"2024";"11:37";"1";"57";"57582";"1";"9";"2";"6";"Autoroute A31";"49,28588771";"6,17205302"
"202400026586";"8";"10";"2024";"18:35";"2";"91";"91228";"1";"1";"2";"7";"AUTOROUTE A6";"48,62336000";"2,41955000"
"202400026587";"8";"10";"2024";"16:50";"1";"91";"91617";"1";"1";"1";"3";"RN 104";"48,63453000";"2,53515000"
"202400026588";"8";"10";"2024";"05:55";"3";"91";"91103";"1";"1";"2";"6";"RN 104";"48,62382000";"2,29890000"
"202400026589";"8";"10";"2024";"14:33";"1";"78";"78646";"1";"1";"1";"5";"RN12";"48,79066400";"2,11094000"
"202400026590";"7";"10";"2024";"23:49";"3";"92";"92072";"1";"1";"1";"6";"N118";"48,82721274";"2,22437440"
"202400026591";"8";"10";"2024";"18:08";"1";"95";"95488";"1";"1";"2";"2";"A15";"49,02138092";"2,13670217"
"202400026592";"8";"10";"2024";"16:50";"1";"93";"93006";"1";"1";"2";"6";"AUTOROUTE A3";"48,86679280";"2,42555663"
"202400026593";"8";"10";"2024";"16:15";"1";"93";"93008";"1";"1";"1";"2";"AUTOROUTE A86";"48,90728251";"2,45507534"
"202400026594";"8";"10";"2024";"13:30";"1";"93";"93010";"1";"1";"1";"2";"AUTOROUTE A3";"48,90653393";"2,47247712"
"202400026595";"8";"10";"2024";"10:50";"1";"93";"93027";"1";"1";"1";"3";"AUTOROUTE A1";"48,93720852";"2,40978107"
"202400026596";"7";"10";"2024";"17:20";"1";"95";"95018";"1";"1";"3";"2";"A15";"48,95427304";"2,27864085"
"202400026597";"7";"10";"2024";"18:32";"1";"95";"95572";"1";"1";"3";"3";"N184";"49,03992681";"2,12689327"
"202400026598";"7";"10";"2024";"19:30";"2";"93";"93063";"1";"1";"3";"6";"AUTOROUTE A3";"48,87844318";"2,44713993"
"202400026599";"6";"10";"2024";"19:00";"2";"93";"93078";"1";"1";"2";"6";"AUTOROUTE A104";"48,96300436";"2,52239723"
"202400026600";"6";"10";"2024";"19:00";"1";"95";"95252";"1";"1";"2";"6";"A15";"48,98341557";"2,21876294"
"202400026601";"6";"10";"2024";"16:55";"1";"95";"95582";"1";"1";"1";"6";"D170";"48,96249709";"2,26309699"
"202400026602";"6";"10";"2024";"08:35";"1";"95";"95277";"1";"1";"1";"6";"A1";"48,97320599";"2,48714084"
"202400026603";"8";"10";"2024";"17:25";"1";"77";"77258";"1";"1";"1";"2";"A4.Y";"48,83006290";"2,62477805"
"202400026604";"8";"10";"2024";"06:40";"3";"77";"77083";"1";"1";"1";"3";"A4.W";"48,83321520";"2,59442286"
"202400026605";"7";"10";"2024";"08:44";"1";"94";"94004";"1";"1";"1";"5";"N19";"48,75338301";"2,51167417"
"202400026606";"24";"07";"2024";"17:51";"1";"06";"06088";"2";"3";"1";"1";"boulevard Gambetta";"43,69957400";"7,25624500"
"202400026607";"17";"07";"2024";"17:30";"1";"22";"22113";"1";"1";"1";"7";"TREGUIER (ROUTE DE)";"48,74174000";" -3,41819000"
"202400026608";"28";"06";"2024";"22:00";"2";"14";"14494";"1";"1";"1";"3";"Route Départementale 49";"49,26106900";" -0,09454300"
"202400026609";"27";"06";"2024";"15:50";"1";"14";"14473";"1";"3";"1";"6";"1070 Route de Lisieux";"49,11466600";"0,04010400"
"202400026610";"26";"07";"2024";"21:30";"2";"18";"18255";"1";"1";"1";"2";"N/A";"47,03665700";"2,32003400"
"202400026611";"5";"10";"2024";"09:10";"3";"44";"44131";"2";"1";"1";"7";"37 Boulevard de l'Océan";"47,11158080";" -2,12378473"
"202400026612";"3";"08";"2024";"08:15";"1";"57";"57019";"2";"1";"1";"2";"VIEIL AMNEVILLE (RUE DU)";"49,26189000";"6,13391000"
"202400026613";"26";"06";"2024";"18:00";"1";"29";"29150";"2";"6";"1";"2";"Route de Clohars";"47,80532978";" -3,62731070"
"202400026614";"5";"10";"2024";"17:00";"1";"988";"98818";"2";"3";"1";"3";"ROUTE DE L'ANSE VATA/RUE LACAVE-LAPLAGNE";" -22,28213000";"166,44827000"
"202400026615";"7";"10";"2024";"18:00";"2";"974";"97411";"2";"1";"1";"6";"GRIMAUD (EMILE)";" -20,89099000";"55,48350000"
"202400026616";"7";"10";"2024";"16:32";"1";"973";"97302";"2";"1";"1";"7";"MANDELA  (BOULEVARD)";"4,93642000";" -52,32597000"
"202400026617";"7";"10";"2024";"17:10";"1";"973";"97302";"2";"1";"1";"3";"ZEPHIR (ROCADE)";"4,93479000";" -52,30847000"
"202400026618";"7";"10";"2024";"14:10";"1";"973";"97302";"2";"1";"1";"7";"RABAN (ROUTE DE)";"4,93685000";" -52,31520000"
"202400026619";"7";"10";"2024";"08:00";"2";"973";"97302";"2";"1";"1";"6";"JASMIN(LOTISSEMENT)";"4,91651000";" -52,31765000"
"202400026620";"4";"10";"2024";"20:30";"5";"973";"97302";"2";"3";"1";"1";"BADUEL (ROUTE DE)";"4,93087000";" -52,30562000"
"202400026621";"7";"10";"2024";"08:15";"1";"973";"97302";"2";"1";"1";"3";"BADUEL (ROUTE DE)";"4,92888000";" -52,29792000"
"202400026622";"7";"10";"2024";"07:08";"2";"69";"69383";"2";"2";"1";"3";"Rue Mazenod";"45,75912000";"4,85092000"
"202400026623";"7";"10";"2024";"10:45";"1";100;100120";"1";"1";"1";"2";"11 - RT";"42,66922000";"9,44322000"
"202400026624";"5";"10";"2024";"18:11";"5";"971";"97101";"1";"1";"1";"2";"N1 - CHAUVEL";"16,23425000";" -61,52347000"
"202400026625";"7";"10";"2024";"17:03";"1";"91";"91549";"2";"1";"8";"6";"PRESIDENT SALVADOR ALLENDE (AVENUE DU)";"48,64578000";"2,30855000"
"202400026626";"7";"10";"2024";"08:30";"1";"91";"91161";"2";"1";"1";"6";"RUE DES   MARES   JULIENNES";"48,71616000";"2,31514000"
"202400026627";"7";"10";"2024";"11:00";"1";"91";"91114";"2";"2";"8";"6";"RUE DE LA REPUBLIQUE";"48,69796000";"2,50667000"
"202400026628";"7";"10";"2024";"08:37";"1";"91";"91109";"2";"1";"8";"6";"CHARLES DE GAULLE (RUE)";"48,45743000";"2,13974000"
"202400026629";"5";"10";"2024";"18:28";"1";"87";"87085";"2";"1";"1";"6";"BAUDIN ( AVENUE) (VC)";"45,82691000";"1,25954000"
"202400026630";"4";"10";"2024";"16:21";"1";"87";"87085";"2";"3";"1";"3";"PERRIN (RUE FRANCOIS)";"45,82887000";"1,24338000"
"202400026631";"4";"10";"2024";"09:57";"1";"87";"87085";"2";"1";"1";"3";"THOMAS (AVENUE ALBERT)";"45,83591000";"1,24360000"
"202400026632";"7";"10";"2024";"19:35";"5";"83";"83126";"2";"1";"2";"6";"ROSTAND (BD JEAN)";"43,11037000";"5,86193000"
"202400026633";"7";"10";"2024";"21:55";"5";"81";"81004";"2";"1";"2";"1";"22 AOUT 1944 (PT DU)";"43,93149000";"2,14708000"
"202400026634";"7";"10";"2024";"14:08";"1";"78";"78029";"2";"1";"1";"6";"ACACIAS (RUE DES)";"48,95373500";"1,85607400"
"202400026635";"6";"10";"2024";"23:20";"5";"77";"77186";"1";"6";"8";"3";"D607";"48,40877000";"2,68629000"
"202400026636";"7";"10";"2024";"10:00";"1";"76";"76305";"1";"3";"1";"1";"CHATAIGNIERS(COTE DES)";"49,52012000";"0,23274000"
"202400026637";"7";"10";"2024";"17:55";"1";"74";"74010";"2";"1";"8";"3";"TRESUM (AVENUE DE)";"45,89396000";"6,13014000"
"202400026638";"7";"10";"2024";"19:02";"1";"71";"71306";"2";"1";"1";"7";"ROUGET DE L'ISLE (RUE)";"46,67490000";"4,36515000"
"202400026639";"7";"10";"2024";"11:35";"1";"69";"69264";"2";"1";"1";"6";"Rue de Stalingrad";"45,98552000";"4,72056000"
"202400026640";"6";"10";"2024";"09:15";"1";"69";"69029";"2";"1";"2";"1";"299 Route de Genas";"45,74841605";"4,91710858"
"202400026641";"6";"10";"2024";"04:20";"3";"69";"69290";"1";"1";"1";"3";"Route de Grenoble";"45,71899000";"4,94238000"
"202400026642";"7";"10";"2024";"15:45";"1";"64";"64129";"2";"2";"2";"3";"BAYONNE DE";"43,30209000";" -0,39616000"
"202400026643";"4";"10";"2024";"20:40";"5";"62";"62724";"2";"1";"1";"1";"D46E2";"50,39165000";"2,91004000"
"202400026644";"3";"10";"2024";"18:20";"1";"62";"62041";"2";"2";"1";"6";"Rue Saint Aubert";"50,29255000";"2,76902000"
"202400026645";"7";"10";"2024";"23:40";"5";"60";"60057";"2";"6";"2";"1";"Avenue Jean Rostand";"49,41403521";"2,09526873"
"202400026646";"7";"10";"2024";"10:10";"1";"59";"59009";"2";"3";"1";"3";"TOURNAI BOULEVARD DE";"50,61418000";"3,13560000"
"202400026647";"4";"10";"2024";"16:05";"1";"56";"56121";"2";"1";"1";"6";"Rue Paul Guieysse";"47,75739000";" -3,36937000"
"202400026648";"5";"10";"2024";"23:30";"3";"56";"56121";"2";"1";"1";"6";"Rue Poissonnière";"47,74706000";" -3,35849000"
"202400026649";"5";"10";"2024";"15:25";"1";"55";"55029";"2";"1";"1";"1";"Avenue du 8 Mai 1945";"48,77009537";"5,17657329"
"202400026650";"7";"10";"2024";"09:00";"1";"54";"54304";"2";"1";"1";"1";"Rue Raymond Poincaré";"48,68069000";"6,15524000"
"202400026651";"6";"10";"2024";"18:45";"1";"54";"54395";"2";"2";"2";"3";"Rue Albert Lebrun";"48,68440000";"6,18841000"
"202400026652";"6";"10";"2024";"10:44";"1";"54";"54578";"2";"3";"1";"3";"Boulevard Valonnière";"48,65877000";"6,11408100"
"202400026653";"5";"10";"2024";"05:15";"3";"50";"50129";"1";"6";"1";"7";"FLAMANDS (ROND POINT)";"49,65344000";" -1,57909000"
"202400026654";"7";"10";"2024";"07:55";"4";"37";"37261";"2";"3";"2";"6";"HALLEBARDIER (RUE DU)";"47,38294448";"0,69631205"
"202400026655";"7";"10";"2024";"12:30";"1";"35";"35238";"2";"1";"2";"2";"CHARDONNET (AVENUE)";"48,10871000";" -1,64556000"
"202400026656";"7";"10";"2024";"07:30";"3";"35";"35051";"1";"1";"2";"6";"SAINT-SULPICE (RD 97)";"48,15434000";" -1,62451000"
"202400026657";"7";"10";"2024";"15:15";"1";"34";"34172";"2";"2";"1";"3";"CAPITAINE CROIX DU";"43,60278000";"3,86362000"
"202400026658";"7";"10";"2024";"11:45";"1";"31";"31483";"2";"1";"1";"7";"CAZAUX (ROUTE DE LA SERRE DE)";"43,13489563";"0,72694621"
"202400026659";"5";"10";"2024";"20:15";"3";"23";"23096";"2";"1";"1";"6";"POITOU (AVENUE DU)";"46,17469000";"1,86463000"
"202400026660";"7";"10";"2024";"17:45";"1";"22";"22278";"2";"2";"1";"3";"KLEBER";"48,50878000";" -2,76102000"
"202400026661";"7";"10";"2024";"07:40";"2";"22";"22278";"2";"3";"2";"3";"GOUEDIC (DE)";"48,50884000";" -2,75370000"
"202400026662";"5";"10";"2024";"12:00";"1";"15";"15014";"2";"1";"1";"6";"Rue de l’Hotel de Ville";"44,92979400";"2,44531500"
"202400026663";"2";"10";"2024";"07:12";"5";"13";"13211";"2";"1";"1";"3";"JEAN LOMBARD (AVENUE)";"43,28897361";"5,43186955"
"202400026664";"7";"10";"2024";"10:20";"1";"06";"06029";"2";"6";"2";"3";"46 Boulevard du Riou";"43,55388100";"7,00596200"
"202400026665";"7";"10";"2024";"08:00";"1";"06";"06029";"2";"1";"2";"1";"23 Avenue Docteur Raymond Picaud";"43,55066000";"7,00222000"
"202400026666";"3";"10";"2024";"12:51";"1";"04";"04112";"2";"1";"1";"2";"LIBERATION (AV. DE LA)";"43,82157000";"5,79214000"
"202400026667";"6";"10";"2024";"20:05";"5";"75";"75112";"2";"1";"1";"7";"BD PERIPHERIQUE EXTERIEUR";"48,82746600";"2,39231200"
"202400026668";"5";"10";"2024";"20:45";"5";"75";"75117";"2";"1";"1";"3";"BD PERIPHERIQUE INTERIEUR";"48,88519300";"2,28730200"
"202400026669";"7";"10";"2024";"16:30";"1";"75";"75118";"2";"3";"8";"3";"RUE DE LA CHAPELLE";"48,89085400";"2,35992100"
"202400026670";"7";"10";"2024";"13:27";"1";"75";"75118";"2";"1";"8";"5";"ECHANGEUR AUBERVILLIERS";"48,90037300";"2,36886100"
"202400026671";"7";"10";"2024";"15:15";"1";"75";"75116";"2";"3";"2";"6";"AVENUE DU GENERAL SARRAIL";"48,84542900";"2,25596300"
"202400026672";"7";"10";"2024";"12:40";"1";"75";"75115";"2";"2";"1";"3";"RUE DE LOURMEL";"48,84374800";"2,28638600"
"202400026673";"6";"10";"2024";"04:05";"5";"75";"75115";"2";"2";"1";"3";"RUE LECOURBE";"48,84486700";"2,31040400"
"202400026674";"7";"10";"2024";"10:30";"1";"75";"75114";"2";"4";"8";"6";"RUE D ALESIA";"48,82780400";"2,32898300"
"202400026675";"7";"10";"2024";"08:05";"2";"75";"75110";"2";"2";"1";"3";"BOULEVARD DE STRASBOURG";"48,86946900";"2,35433100"
"202400026676";"7";"10";"2024";"18:40";"1";"75";"75108";"2";"1";"2";"3";"RUE PIERRE CHARRON";"48,86985400";"2,30404100"
"202400026677";"7";"10";"2024";"19:15";"5";"94";"94044";"2";"1";"3";"6";"Avenue de la Sablière";"48,75413000";"2,49317000"
"202400026678";"7";"10";"2024";"13:40";"1";"94";"94078";"2";"1";"3";"6";"Rue Henri Janin";"48,72957400";"2,44795800"
"202400026679";"7";"10";"2024";"19:45";"5";"94";"94003";"2";"1";"2";"1";"Avenue des Aqueducs";"48,80021000";"2,33151000"
"202400026680";"7";"10";"2024";"17:00";"1";"94";"94073";"2";"3";"3";"6";"Avenue du Général de Gaulle";"48,76680000";"2,38386000"
"202400026681";"6";"10";"2024";"17:45";"1";"94";"94022";"2";"3";"2";"3";"Avenue de la République";"48,75799895";"2,40954182"
"202400026682";"25";"06";"2024";"12:00";"2";"91";"91477";"2";"1";"7";"3";"ALFRED DE MUSSET (RUE)";"48,70592000";"2,21076000"
"202400026683";"24";"06";"2024";"17:35";"1";"91";"91691";"2";"1";"1";"6";"ELISABETH(RUE)";"48,72005000";"2,50241000"
"202400026684";"25";"06";"2024";"23:50";"3";"85";"85194";"2";"1";"1";"6";"RD32B";"46,46299000";" -1,72058000"
"202400026685";"25";"06";"2024";"20:30";"1";"84";"84087";"1";"1";"1";"1";"ROUTE DE ROQUEMAURE";"44,07580000";"4,77137000"
"202400026686";"25";"06";"2024";"07:53";"1";"84";"84035";"2";"1";"1";"6";"COTY (AVENUE RENE)";"43,83825800";"5,04602400"
"202400026687";"25";"06";"2024";"09:25";"1";"84";"84007";"2";"1";"1";"2";"PIERRE SEMARD (avenue)";"43,94323000";"4,80010000"
"202400026688";"22";"06";"2024";"15:15";"1";"83";"83144";"2";"1";"1";"2";"LUMIERE (AVE DES FRERES)";"43,13654000";"6,00033000"
"202400026689";"25";"06";"2024";"07:31";"1";"82";"82033";"1";"1";"7";"6";"Chemin du Moulin de Gandalou";"44,06374000";"1,13849000"
"202400026690";"25";"06";"2024";"11:00";"1";"81";"81060";"2";"1";"1";"3";"RODEZ  (AVENUE DE)";"44,05554850";"2,16268190"
"202400026691";"16";"06";"2024";"14:15";"1";"80";"80021";"2";"1";"1";"7";"Rue de Vignacourt";"49,90570000";"2,28953000"
"202400026692";"24";"06";"2024";"13:28";"1";"79";"79329";"2";"1";"1";"1";"N/A";"46,98536500";" -0,23243000"
"202400026693";"25";"06";"2024";"07:45";"1";"78";"78383";"2";"1";"1";"3";"GATINE (AVENUE DE)";"48,76426800";"1,93613100"
"202400026694";"25";"06";"2024";"20:00";"1";"77";"77373";"2";"3";"1";"3";"AV CHARLES ROUXEL";"48,79327000";"2,60431000"
"202400026695";"25";"06";"2024";"17:50";"1";"77";"77307";"2";"1";"1";"2";"AV DE L EUROPE";"48,85546000";"2,76877000"
"202400026696";"25";"06";"2024";"17:50";"1";"76";"76540";"2";"2";"1";"3";"Boulevard de l'Europe";"49,42820000";"1,08106000"
"202400026697";"24";"06";"2024";"11:15";"1";"76";"76351";"2";"2";"1";"3";"LENINGRAD (BD DE)";"49,49870000";"0,15927000"
"202400026698";"23";"06";"2024";"17:30";"1";"76";"76351";"2";"2";"1";"3";"LOUIS BLANC";"49,50786000";"0,13351000"
"202400026699";"25";"06";"2024";"16:35";"1";"74";"74013";"1";"9";"1";"4";"RD 1005";"46,34800000";"6,44400000"
"202400026700";"24";"06";"2024";"18:00";"1";"74";"74281";"1";"1";"1";"3";"RIPAILLE (AVENUE DE)";"46,38600000";"6,49300000"
"202400026701";"24";"06";"2024";"16:07";"1";"74";"74118";"1";"1";"1";"3";"N/A";"46,16945000";"6,20636000"
"202400026702";"24";"06";"2024";"17:05";"1";"69";"69290";"2";"3";"1";"3";"Avenue Urbain Le Verrier";"45,71247000";"4,95594000"
"202400026703";"24";"06";"2024";"15:50";"1";"69";"69290";"2";"1";"1";"5";"Avenue Jean Jaurès";"45,69731000";"4,93508000"
"202400026704";"24";"06";"2024";"12:00";"1";"69";"69276";"2";"3";"1";"6";"Route des Bitumes";"45,67761000";"4,84669000"
"202400026705";"24";"06";"2024";"09:22";"1";"69";"69290";"2";"2";"1";"3";"Rue Juliette Récamier";"45,69512000";"4,93384000"
"202400026706";"24";"06";"2024";"21:30";"1";"68";"68066";"2";"1";"1";"3";"LOGELBACH ( RUE DU)";"48,08324000";"7,33893000"
"202400026707";"24";"06";"2024";"19:00";"1";"67";"67482";"2";"3";"1";"5";"PREMIERE ARMEE (RUE DE LA)";"48,57830000";"7,74962000"
"202400026708";"24";"06";"2024";"15:15";"1";"66";"66136";"2";"1";"1";"6";"Boulevard Félix Mercader";"42,69393000";"2,89013000"
"202400026709";"26";"06";"2024";"01:28";"5";"64";"64445";"2";"1";"1";"7";"MONTPENSIER";"43,30159000";" -0,37334000"