"Num_Acc";"jour";"mois";"an";"hrmn";"lum";"dep";"com";"agg";"int";"atm";"col";"adr";"lat";"long"
"202400026710";"24";"06";"2024";"17:58";"1";"64";"64125";"2";"1";"1";"7";"ATHERBEA (AVENUE)";"43,43560000";" -1,59340000"
"202400026711";"24";"06";"2024";"17:40";"1";"64";"64102";"2";"2";"1";"7";"LEGION TCHEQUE (AVENUE DE LA)";"43,49240000";" -1,48687000"
"202400026712";"24";"06";"2024";"16:36";"1";"64";"64102";"2";"1";"1";"6";"HENRI DE NAVARRE (AVENUE)";"43,50404000";" -1,44542000"
"202400026713";"25";"06";"2024";"17:25";"1";"63";"63113";"2";"1";"1";"3";"PLANCHETTES (RUE DES)";"45,79798498";"3,10734451"
"202400026714";"25";"06";"2024";"07:33";"1";"63";"63113";"2";"1";"7";"2";"MERMOZ (AVENUE JEAN)";"45,79029000";"3,13321000"
"202400026715";"24";"06";"2024";"17:50";"1";"59";"59368";"2";"1";"1";"4";"SAINT MAUR AVENUE";"50,65237000";"3,08086000"
"202400026716";"25";"06";"2024";"01:39";"5";"57";"57463";"2";"1";"1";"6";"ALSACE (BOULEVARD D')";"49,11476082";"6,22287512"
"202400026717";"24";"06";"2024";"17:10";"1";"56";"56162";"2";"7";"1";"3";"Place de l’Église";"47,73663000";" -3,42841000"
"202400026718";"25";"06";"2024";"19:52";"1";"54";"54528";"2";"1";"1";"1";"Avenue du General Bigeard";"48,65462000";"5,89480000"
"202400026719";"25";"06";"2024";"11:40";"1";"54";"54329";"2";"3";"1";"6";"Rue Georges de Villebois Mareuil";"48,59316000";"6,50097000"
"202400026720";"25";"06";"2024";"14:20";"1";"54";"54263";"2";"1";"1";"2";"D137";"49,22322100";"6,00464200"
"202400026721";"25";"06";"2024";"11:55";"1";"51";"51108";"2";"1";"1";"1";"JAURES (RUE JEAN) (SUPERIEUR AU N° 38-69";"48,95418000";"4,35029000"
"202400026722";"25";"06";"2024";"19:28";"1";"47";"47001";"2";"1";"1";"1";"CALE ABADIE (RUE)";"44,20298000";"0,61128000"
"202400026723";"25";"06";"2024";"14:41";"1";"45";"45147";"2";"2";"1";"3";"48 Avenue d'Oradour-Sur-Glane";"47,93356700";"1,92163300"
"202400026724";"25";"06";"2024";"15:45";"1";"43";"43157";"2";"9";"1";"3";"13 Avenue Charles Dupuy";"45,04243000";"3,88986000"
"202400026725";"25";"06";"2024";"19:35";"1";"42";"42183";"2";"1";"3";"6";"Rue de la Libération";"45,40366000";"4,36527000"
"202400026726";"24";"06";"2024";"14:18";"1";"41";"41018";"2";"1";"1";"2";"VERDUN (AVENUE DE)";"47,59220000";"1,34467000"
"202400026727";"31";"05";"2024";"17:10";"1";"38";"38053";"2";"2";"1";"3";"D1006";"45,58525000";"5,27082000"
"202400026728";"24";"06";"2024";"17:29";"1";"37";"37122";"2";"4";"1";"7";"CHINON (BOULEVARD DE)";"47,35086397";"0,67903635"
"202400026729";"25";"06";"2024";"18:20";"1";"35";"35051";"1";"6";"1";"2";"ALLIES (BOULEVARD DES)";"48,10243284";" -1,61019713"
"202400026730";"24";"06";"2024";"10:20";"1";"35";"35115";"2";"1";"1";"6";"SAINT GERMAIN (BOULEVARD DE)";"48,36207000";" -1,20844000"
"202400026731";"13";"11";"2024";"11:30";"1";"974";"97411";"1";"9";"1";"6";"BRIDET";" -20,89282000";"55,48568000"
"202400026732";"25";"06";"2024";"22:00";"5";"34";"34172";"2";"3";"1";"3";"POMPIGNANE (AVENUE DE LA)";"43,61580000";"3,89760000"
"202400026733";"25";"06";"2024";"09:05";"1";"34";"34003";"2";"1";"1";"3";"GENTILSHOMMES (H16 A L17";"43,28205000";"3,51594000"
"202400026734";"13";"11";"2024";"07:50";"1";"974";"97411";"2";"1";"1";"4";"PROVIDENCE (BOULEVARD DE LA)";" -20,89340000";"55,45682000"
"202400026735";"12";"11";"2024";"09:20";"1";"973";"97302";"2";"1";"1";"3";"BADUEL (ROUTE DE)";"4,92919207";" -52,29586780"
"202400026736";"25";"06";"2024";"22:05";"1";"33";"33063";"2";"2";"1";"3";"N/A";"44,85434000";" -0,57229000"
"202400026737";"13";"11";"2024";"20:05";"5";"69";"69383";"2";"1";"1";"6";"Rue du Dauphiné";"45,74992000";"4,86367000"
"202400026738";"25";"06";"2024";"20:05";"1";"33";"33063";"2";"9";"1";"6";"N/A";"44,83551000";" -0,56462000"
"202400026739";"13";"11";"2024";"13:45";"1";"69";"69388";"2";"1";"1";"6";"Boulevard des Etats-Unis";"45,72586000";"4,87048000"
"202400026740";"25";"06";"2024";"16:55";"1";"33";"33039";"2";"2";"1";"3";"N/A";"44,79688000";" -0,56833000"
"202400026741";"13";"11";"2024";"07:15";"2";"69";"69387";"2";"1";"1";"3";"Avenue Debourg";"45,73158000";"4,82704000"
"202400026742";"13";"11";"2024";"20:13";"5";101;101004";"2";"2";"1";"3";"NAPOLEON COURS AVANT BEVERINI";"41,91984000";"8,73681000"
"202400026743";"25";"06";"2024";"19:10";"1";"33";"33281";"2";"2";"1";"3";"N/A";"44,83450000";" -0,63721000"
"202400026744";"13";"11";"2024";"13:00";"1";"95";"95680";"2";"1";"8";"6";"D10";"49,00772764";"2,40156889"
"202400026745";"13";"11";"2024";"05:30";"5";"95";"95555";"2";"1";"1";"6";"MASSENET (RUE)";"48,96136000";"2,28923000"
"202400026746";"25";"06";"2024";"10:15";"1";"30";"30007";"2";"1";"1";"7";"Avenue Carnot";"44,12137000";"4,08684000"
"202400026747";"12";"11";"2024";"17:35";"5";"91";"91097";"2";"1";"7";"6";"AV DU GAL CHARLES DE GAULLE";"48,68000000";"2,53000000"
"202400026748";"25";"06";"2024";"19:55";"1";"26";"26362";"2";"1";"1";"1";"Route de Malissard";"44,91171672";"4,92215395"
"202400026749";"13";"11";"2024";"18:55";"5";"30";"30351";"2";"6";"1";"6";"GENERAL LECLERC (AVENUE DU)";"43,95837000";"4,77628000"
"202400026750";"25";"06";"2024";"18:55";"1";"25";"25056";"2";"4";"7";"3";"BELFORT RUE DE (inf144)";"47,25200000";"6,03585000"
"202400026751";"13";"11";"2024";"12:15";"1";"30";"30011";"1";"6";"1";"2";"DEUXIEME D.B (AVENUE DE LA)";"43,95890000";"4,74695000"
"202400026752";"25";"06";"2024";"21:00";"2";"17";"17306";"2";"2";"1";"3";"TREILLE (DE LA)";"45,65000000";" -1,03200000"
"202400026753";"13";"11";"2024";"09:30";"1";"30";"30351";"2";"3";"1";"1";"MONT VENTOUX (AVENUE DU)";"43,97233000";"4,77749000"
"202400026754";"23";"06";"2024";"09:54";"1";"15";"15012";"2";"1";"1";"3";"RD 320";"44,90169000";"2,45858000"
"202400026755";"25";"06";"2024";"20:45";"1";"13";"13203";"2";"1";"1";"3";"FÉLIX PYAT (RUE)";"43,32080000";"5,37478000"
"202400026756";"25";"06";"2024";"18:40";"1";"13";"13203";"1";"2";"1";"3";"CAMILLE PELLETAN (AVENUE)";"43,30644000";"5,37350000"
"202400026757";"12";"11";"2024";"11:00";"1";"77";"77487";"2";"1";"1";"3";"MARECHAL JUIN  (DU)";"48,53750000";"2,68590000"
"202400026758";"24";"06";"2024";"10:40";"1";"04";"04112";"2";"1";"1";"2";"HAUTE PROVENCE (BD. DE)";"43,83052000";"5,79104000"
"202400026759";"12";"11";"2024";"08:45";"1";"77";"77447";"1";"1";"1";"2";"C.D 82";"48,55299000";"2,56102000"
"202400026760";"25";"06";"2024";"15:03";"1";"01";"01289";"1";"2";"1";"3";"DOMBES (AVENUE DE LA)";"46,18046000";"5,19481000"
"202400026761";"13";"11";"2024";"11:50";"1";"76";"76103";"2";"3";"7";"6";"Rue des Hautes Haies";"49,41895000";"1,13505000"
"202400026762";"25";"06";"2024";"16:00";"1";"75";"75115";"2";"1";"1";"2";"BD PERIPHERIQUE EXTERIEUR";"48,83425600";"2,27589400"
"202400026763";"13";"11";"2024";"12:00";"1";"76";"76540";"2";"2";"1";"1";"Rue Saint Sever";"49,43575000";"1,09025000"
"202400026764";"25";"06";"2024";"09:30";"1";"75";"75120";"2";"1";"1";"3";"BD PERIPHERIQUE EXTERIEUR";"48,86169800";"2,41391200"
"202400026765";"24";"06";"2024";"18:15";"1";"75";"75117";"2";"1";"1";"7";"BD PERIPHERIQUE INTERIEUR";"48,88959100";"2,29741700"
"202400026766";"9";"11";"2024";"14:20";"1";"76";"76447";"1";"1";"1";"7";"PAUL DOUMER";"49,52352000";"0,19556000"
"202400026767";"24";"06";"2024";"22:35";"5";"75";"75120";"2";"2";"1";"3";"AVENUE DE LA PORTE DE MONTREUIL";"48,85356200";"2,41075400"
"202400026768";"11";"11";"2024";"06:00";"5";"76";"76351";"2";"3";"2";"6";"PIERRE MENDES FRANCE";"49,51451000";"0,15343000"
"202400026769";"25";"06";"2024";"08:10";"1";"75";"75119";"2";"2";"1";"1";"BOULEVARD MACDONALD";"48,89889300";"2,37980400"
"202400026770";"12";"11";"2024";"18:10";"5";"71";"71270";"2";"9";"1";"1";"PARE (RUE AMBROISE)";"46,31442532";"4,81141761"
"202400026771";"24";"06";"2024";"17:00";"1";"75";"75117";"2";"2";"1";"7";"BOULEVARD DE REIMS";"48,88755000";"2,29473600"
"202400026772";"13";"11";"2024";"16:10";"1";"69";"69256";"2";"3";"1";"3";"Avenue Gabriel Péri";"45,77086783";"4,90693639"
"202400026773";"25";"06";"2024";"13:50";"1";"75";"75116";"2";"7";"1";"3";"AVENUE DE VERSAILLES";"48,85129500";"2,27836900"
"202400026774";"25";"06";"2024";"14:45";"1";"75";"75115";"2";"1";"1";"2";"BOULEVARD LEFEBVRE";"48,82913600";"2,29904000"
"202400026775";"12";"11";"2024";"08:25";"2";"69";"69290";"2";"1";"8";"4";"Route de Grenoble";"45,71063000";"4,97660000"
"202400026776";"25";"06";"2024";"13:51";"1";"75";"75115";"2";"1";"1";"6";"RUE DU COLONEL PIERRE AVIA";"48,82996700";"2,27581700"
"202400026777";"13";"11";"2024";"08:15";"1";"66";"66136";"2";"1";"2";"2";"Quai François Batllo";"42,70157000";"2,89363000"
"202400026778";"25";"06";"2024";"17:00";"1";"75";"75114";"2";"3";"1";"3";"BOULEVARD JOURDAN";"48,81963800";"2,34193300"
"202400026779";"25";"06";"2024";"18:00";"1";"75";"75112";"2";"4";"1";"6";"BOULEVARD PONIATOWSKI";"48,82924700";"2,39027400"
"202400026780";"3";"11";"2024";"00:45";"5";"65";"65440";"2";"2";"1";"3";"ORMEAU (CHEMIN DE L')";"43,22624916";"0,07673290"
"202400026781";"25";"06";"2024";"17:40";"1";"75";"75111";"2";"3";"1";"6";"RUE DE LA ROQUETTE";"48,85877100";"2,38463900"
"202400026782";"13";"11";"2024";"09:10";"1";"63";"63113";"2";"2";"1";"6";"rue des Liondards / av Léon Blum ";"45,76666000";"3,09597000"
"202400026783";"25";"06";"2024";"16:00";"1";"75";"75111";"2";"4";"1";"3";"BOULEVARD RICHARD LENOIR";"48,85473700";"2,36952600"
"202400026784";"13";"11";"2024";"18:30";"5";"62";"62119";"2";"1";"1";"6";"D943";"50,52428650";"2,62818990"
"202400026785";"25";"06";"2024";"18:00";"1";"75";"75110";"2";"7";"1";"1";"PLACE DE LA REPUBLIQUE";"48,86814400";"2,36370400"
"202400026786";"10";"11";"2024";"22:45";"3";"62";"62847";"2";"8";"1";"1";"D72E3";"50,50048645";"2,66023546"
"202400026787";"25";"06";"2024";"20:00";"1";"75";"75108";"2";"5";"1";"3";"RUE DE COURCELLES";"48,87644400";"2,30789100"
"202400026788";"8";"11";"2024";"16:30";"1";"62";"62041";"2";"9";"1";"6";"Rue Saint Maurice";"50,29379000";"2,77016000"
"202400026789";"25";"06";"2024";"02:00";"5";"75";"75107";"2";"2";"1";"2";"QUAI VOLTAIRE";"48,85956000";"2,32928100"
"202400026790";"10";"11";"2024";"00:30";"5";"60";"60159";"2";"6";"1";"6";"Avenue Napoléon";"49,40564000";"2,83783000"
"202400026791";"25";"06";"2024";"17:25";"1";"75";"75101";"2";"3";"1";"2";"QUAI DU LOUVRE";"48,85901600";"2,33985200"
"202400026792";"25";"06";"2024";"10:50";"1";"75";"75101";"2";"3";"7";"7";"RUE DE RIVOLI";"48,86151600";"2,33912400"
"202400026793";"13";"11";"2024";"13:55";"1";"57";"57463";"2";"3";"1";"3";"PONT ROUGE (RUE DU )";"49,11348500";"6,19235400"
"202400026794";"25";"06";"2024";"06:30";"2";"75";"75102";"2";"4";"1";"1";"RUE LOUIS LE GRAND";"48,87104800";"2,33458000"
"202400026795";"12";"11";"2024";"14:30";"1";"54";"54547";"2";"1";"1";"6";"parking CHU";"48,64876000";"6,14678000"
"202400026796";"25";"06";"2024";"11:35";"1";"94";"94043";"2";"1";"1";"6";"Avenue de Fontainebleau";"48,81502000";"2,36070000"
"202400026797";"12";"11";"2024";"17:15";"1";"50";"50002";"2";"1";"1";"6";"GOUVILLE (place de)";"49,11574000";" -1,11351000"
"202400026798";"25";"06";"2024";"12:00";"1";"94";"94021";"2";"1";"1";"7";"Boulevard Circulaire Min Est";"48,76459000";"2,35620000"
"202400026799";"13";"11";"2024";"04:00";"4";"49";"49007";"2";"6";"1";"7";"DOYENNE BOULEVARD ET PASSAGE";"47,48805000";" -0,53653000"
"202400026800";"24";"06";"2024";"08:20";"2";"94";"94073";"2";"3";"1";"3";"Rue du Docteur Marie";"48,74624000";"2,37055000"
"202400026801";"12";"11";"2024";"18:00";"2";"49";"49007";"2";"1";"1";"2";"CHAUMIN BOULEVARD";"47,45030000";" -0,55460000"
"202400026802";"24";"06";"2024";"08:15";"1";"94";"94011";"2";"3";"1";"4";"Avenue Rhin et Danube / Avenue des Lys";"48,77074000";"2,48997000"
"202400026803";"24";"06";"2024";"13:55";"1";"94";"94017";"2";"3";"1";"2";"Avenue du Général de Gaulle / Rue Eugéne Varlin";"48,82690559";"2,52076256"
"202400026804";"9";"11";"2024";"15:54";"1";"39";"39300";"2";"2";"1";"6";"26 Avenue Camille Prost";"46,67119500";"5,56895400"
"202400026805";"25";"06";"2024";"09:25";"1";"94";"94004";"2";"1";"1";"1";"Avenue Charles de Gaulle";"48,75705000";"2,49848000"
"202400026806";"13";"11";"2024";"08:45";"1";"38";"38544";"2";"1";"8";"7";"Chemin de la Rente";"45,50179000";"4,89384000"
"202400026807";"24";"06";"2024";"14:15";"1";"93";"93073";"2";"2";"1";"1";"Avenue Louis Dequet / Avenue des Chênes";"48,95283000";"2,58231000"
"202400026808";"24";"06";"2024";"13:50";"1";"93";"93070";"2";"1";"1";"6";"Avenue Gabriel Péri";"48,90711700";"2,33216400"
"202400026809";"13";"11";"2024";"17:45";"3";"38";"38151";"1";"1";"1";"4";"ÉCHANGEUR DU RONDEAU";"45,15537000";"5,69929000"
"202400026810";"25";"06";"2024";"15:20";"1";"93";"93066";"2";"3";"1";"3";"Rue Paul Éluard / Rue Ambroise Croizat";"48,93941100";"2,34510400"
"202400026811";"13";"11";"2024";"17:55";"2";"38";"38185";"2";"1";"1";"6";"RUE DES ALLIÉS";"45,17302000";"5,71996000"
"202400026812";"25";"06";"2024";"16:15";"1";"93";"93032";"2";"3";"1";"3";"Rue Vaillant Couturier / Rue Emile Fontaine";"48,87153000";"2,55429000"
"202400026813";"13";"11";"2024";"15:25";"1";"38";"38185";"2";"2";"8";"3";"MALLIFAUD (RUE)";"45,18063000";"5,73500000"
"202400026814";"24";"06";"2024";"15:45";"1";"93";"93047";"2";"2";"1";"3";"Rue Henri Barbusse / Rue Paul Bert";"48,90017000";"2,56704000"
"202400026815";"13";"11";"2024";"18:10";"2";"34";"34301";"2";"2";"8";"3";"VERDUN (BOULEVARD DE)";"43,41120700";"3,67940900"
"202400026816";"25";"06";"2024";"17:30";"1";"93";"93005";"2";"9";"1";"3";"Rue Paul Cézanne";"48,95369700";"2,50560000"
"202400026817";"13";"11";"2024";"14:20";"1";"34";"34301";"2";"3";"1";"3";"BLANC CAMILLE (BOULEVARD)";"43,41025000";"3,67690000"
"202400026818";"25";"06";"2024";"08:30";"1";"92";"92063";"2";"3";"1";"3";"MAISTRASSE (AVENUE ALEXANDRE)";"48,86355644";"2,20081499"
"202400026819";"25";"06";"2024";"18:20";"1";"92";"92040";"2";"9";"1";"6";"VICTOR CRESSON (AVENUE) DU 02 AU 40";"48,82391625";"2,27264267"
"202400026820";"13";"11";"2024";"12:55";"1";"34";"34129";"2";"9";"1";"3";"BRET (ROND POINT PAUL LOUIS)";"43,57620000";"3,87360000"
"202400026821";"21";"06";"2024";"23:00";"4";"92";"92025";"2";"3";"1";"3";"GABRIEL PERI (RUE)";"48,91573427";"2,23245138"
"202400026822";"12";"11";"2024";"17:05";"2";"28";"28085";"2";"1";"1";"6";"MAUNOURY (RUE DU DOCTEUR)";"48,44057000";"1,48251000"
"202400026823";"25";"06";"2024";"20:05";"1";"92";"92024";"2";"1";"1";"3";"HENRI BARBUSSE (RUE) DE (1 A 73)   (2 A";"48,89858097";"2,30286419"
"202400026824";"13";"11";"2024";"15:10";"1";"19";"19031";"2";"1";"1";"3";"DES TROIS PROVINCES (RUE)";"45,16500000";"1,54328000"
"202400026825";"26";"06";"2024";"13:59";"1";"60";"60308";"1";"1";"1";"1";"D1017";"49,48546800";"2,66914100"
"202400026826";"8";"11";"2024";"16:18";"1";"18";"18279";"2";"1";"1";"3";"Rue Edouard Branly";"47,21623700";"2,10430800"
"202400026827";"25";"06";"2024";"18:40";"1";"60";"60539";"2";"1";"1";"3";"Rue Jean Carette";"49,29971800";"2,52019800"
"202400026828";"25";"06";"2024";"20:50";"1";"39";"39130";"1";"1";"3";"6";"N/A";"46,48671500";"5,84259200"
"202400026829";"26";"06";"2024";"11:30";"1";"14";"14162";"1";"1";"1";"6";"D562";"48,90108100";" -0,48690100"
"202400026830";"26";"06";"2024";"10:30";"1";"44";"44141";"1";"1";"1";"6";"N/A";"47,21563300";" -1,17816000"
"202400026831";"13";"11";"2024";"18:45";"3";"13";"13001";"1";"2";"1";"3";"BELLEC MAURICE (RTE DU COLONEL)";"43,57697000";"5,41039000"
"202400026832";"15";"06";"2024";"18:25";"3";"974";"97405";"1";"1";"2";"1";"Rue Maxime Payet";" -21,37030500";"55,58176500"
"202400026833";"13";"11";"2024";"08:00";"1";"06";"06069";"2";"1";"1";"2";"13 Av Mal de Lattre de Tassigny";"43,64973870";"6,92316200"
"202400026834";"25";"06";"2024";"19:20";"3";"972";"97232";"1";"1";"1";"6";"Route Nationale 6";"14,55465400";" -60,84614800"
"202400026835";"25";"06";"2024";"13:30";"1";"27";"27507";"1";"1";"1";"1";"départementale 53";"48,88848000";"1,26439300"
"202400026836";"13";"11";"2024";"07:14";"5";"75";"75113";"2";"2";"1";"6";"RUE DE TOLBIAC";"48,82641735";"2,34179395"
"202400026837";"13";"11";"2024";"20:20";"5";"75";"75119";"2";"1";"1";"1";"BOULEVARD DE LA VILLETTE";"48,87922300";"2,37047700"
"202400026838";"25";"06";"2024";"17:40";"1";"35";"35337";"1";"3";"1";"3";"lieu dit la landelle tinteniac";"48,30689400";" -1,82028700"
"202400026839";"5";"06";"2024";"03:00";"3";"01";"01354";"1";"6";"1";"7";"d35";"46,25224100";"6,04456200"
"202400026840";"13";"11";"2024";"16:00";"1";"75";"75117";"2";"7";"1";"6";"AVENUE PAUL ADAM";"48,88736500";"2,29769800"
"202400026841";"26";"06";"2024";"19:05";"1";"60";"60176";"2";"2";"1";"2";"Rue Nationale";"49,23483700";"2,88741900"
"202400026842";"13";"11";"2024";"09:25";"1";"75";"75117";"2";"3";"1";"3";"RUE THEODULE RIBOT";"48,88032700";"2,29982500"
"202400026843";"26";"06";"2024";"06:00";"2";"50";"50616";"1";"1";"1";"7";"N175";"48,66866700";" -1,37159000"
"202400026844";"13";"11";"2024";"08:38";"1";"75";"75111";"2";"2";"8";"6";"RUE SEDAINE";"48,85568600";"2,37165900"
"202400026845";"25";"06";"2024";"23:05";"3";"30";"30287";"1";"1";"2";"7";"Départementale 980";"44,20062000";"4,53507900"
"202400026846";"13";"11";"2024";"21:55";"5";"75";"75110";"2";"3";"1";"6";"BOULEVARD SAINT DENIS";"48,86947500";"2,35425600"
"202400026847";"26";"06";"2024";"10:09";"1";"21";"21650";"1";"1";"1";"1";"D35";"47,25482500";"4,85209500"
"202400026848";"13";"11";"2024";"17:00";"2";"75";"75110";"2";"3";"1";"6";"RUE DU FAUBOURG SAINT MARTIN";"48,87524155";"2,35945040"
"202400026849";"26";"06";"2024";"07:12";"1";"30";"30034";"2";"6";"1";"3";"D38-D6113";"43,75209400";"4,49561800"
"202400026850";"13";"11";"2024";"16:29";"1";"75";"75109";"2";"3";"1";"3";"BOULEVARD DES ITALIENS";"48,87139700";"2,33700900"
"202400026851";"25";"06";"2024";"09:15";"1";"76";"76070";"2";"1";"1";"6";"267 Route de Dieppe";"49,70995600";"1,22703600"
"202400026852";"13";"11";"2024";"10:12";"1";"75";"75109";"2";"2";"1";"6";"RUE TRONCHET";"48,87313400";"2,32677100"
"202400026853";"25";"06";"2024";"16:50";"1";101;101008";"1";"1";"3";"3";"Bisinao";"41,83970280";"8,88086924"
"202400026854";"13";"11";"2024";"18:10";"5";"75";"75103";"2";"4";"1";"6";"BOULEVARD BEAUMARCHAIS";"48,86009100";"2,36741400"