"Num_Acc";"jour";"mois";"an";"hrmn";"lum";"dep";"com";"agg";"int";"atm";"col";"adr";"lat";"long"
"202400026855";"26";"06";"2024";"07:30";"1";101;101130";"2";"1";"1";"6";"4285 boulevard marie-jeanne bozzi";"41,88353741";"8,79213721"
"202400026856";"12";"11";"2024";"21:30";"5";"75";"75102";"2";"2";"1";"7";"RUE GRENETA";"48,86514000";"2,35036500"
"202400026857";"26";"06";"2024";"13:15";"1";"82";"82089";"1";"2";"1";"3";"D813";"44,12384889";"0,83016305"
"202400026858";"12";"11";"2024";"20:08";"5";"94";"94044";"2";"1";"1";"6";"Rue des Perdrix";"48,74210000";"2,48259000"
"202400026859";"25";"06";"2024";"19:40";"1";"81";"81069";"1";"1";"1";"7";"RD600";"44,05909600";"1,97057600"
"202400026860";"12";"11";"2024";"19:10";"5";"94";"94068";"2";"1";"1";"6";"Avenue Henri Martin";"48,79595348";"2,48824641"
"202400026861";"26";"06";"2024";"09:45";"1";"63";"63096";"2";"2";"1";"6";"rue Martagere / rue de la Côte";"45,74946800";"3,30243200"
"202400026862";"11";"11";"2024";"00:50";"5";"94";"94028";"2";"1";"1";"3";"Rue Gustave Eiffel";"48,79647159";"2,45022476"
"202400026863";"25";"06";"2024";"17:00";"1";"55";"55215";"1";"1";"9";"7";"D182";"48,51521100";"5,48026800"
"202400026864";"12";"11";"2024";"18:15";"5";"94";"94059";"2";"6";"1";"3";"avenue maurice berteaux";"48,81612392";"2,56202726"
"202400026865";"25";"06";"2024";"18:20";"1";"47";"47138";"1";"3";"1";"3";"RD656";"44,28077700";"0,78222900"
"202400026866";"13";"11";"2024";"09:40";"1";"93";"93050";"2";"1";"1";"3";"MARECHAL FOCH (AVENUE) COTE PAIR";"48,85470000";"2,52286000"
"202400026867";"26";"06";"2024";"12:35";"1";"68";"68307";"1";"4";"3";"7";"D466";"47,80593800";"6,85826900"
"202400026868";"13";"11";"2024";"13:30";"1";"93";"93064";"2";"1";"1";"6";"QUATRIEME ZOUAVES (RUE DU)";"48,87133000";"2,47190000"
"202400026869";"26";"06";"2024";"09:45";"1";"22";"22251";"2";"3";"1";"2";"Rue de la Croix Rouge";"48,57594100";" -2,81598900"
"202400026870";"12";"11";"2024";"20:45";"5";"93";"93073";"2";"1";"1";"3";"SAVOIE RUE DE";"48,93835339";"2,59231281"
"202400026871";"25";"06";"2024";"19:15";"2";"22";"22222";"1";"1";"1";"1";"D21";"48,68650900";" -2,98461200"
"202400026872";"22";"06";"2024";"18:00";"1";"39";"39556";"1";"1";"1";"6";"N/A";"46,59559400";"5,72797500"
"202400026873";"12";"11";"2024";"19:15";"5";"93";"93079";"2";"2";"1";"2";"DIVISION LECLERC (AV)";"48,95159005";"2,34292245"
"202400026874";"25";"06";"2024";"15:55";"1";"25";"25367";"2";"1";"1";"6";"21 Rue du 17 Novembre";"47,44542200";"6,82329400"
"202400026875";"13";"11";"2024";"08:30";"1";"93";"93008";"2";"3";"1";"3";"BARBUSSE (AVENUE HENRI) A30";"48,90840525";"2,42736027"
"202400026876";"13";"11";"2024";"17:12";"2";"93";"93001";"2";"2";"1";"6";"BORDIER (RUE)  => 10/11";"48,90354533";"2,38639037"
"202400026877";"25";"06";"2024";"20:10";"1";"29";"29178";"2";"3";"1";"1";"Rue Docteur Amédée le Meur";"48,54351544";" -4,65904936"
"202400026878";"13";"11";"2024";"09:07";"1";"92";"92076";"2";"1";"1";"1";"RAYMOND POINCARE";"48,84228386";"2,16740660"
"202400026879";"25";"06";"2024";"20:08";"1";"02";"02361";"2";"1";"1";"6";"Place d'Armes";"49,89997300";"3,62759100"
"202400026880";"13";"11";"2024";"12:35";"1";"92";"92050";"2";"1";"1";"6";"SADI CARNOT RUE";"48,88896193";"2,20414303"
"202400026881";"23";"06";"2024";"18:00";"1";"03";"03074";"1";"2";"1";"3";"D779";"46,61084500";"3,56005300"
"202400026882";"12";"11";"2024";"23:30";"5";"92";"92050";"2";"2";"1";"3";"JOLIOT CURIE F. ET IRENE AVENUE  N°PAIRS";"48,89368649";"2,21201688"
"202400026883";"26";"06";"2024";"04:50";"2";"15";"15190";"1";"1";"1";"6";"RD 62";"45,23286300";"2,73299900"
"202400026884";"12";"11";"2024";"07:41";"2";"92";"92050";"2";"1";"1";"2";"VIEUX PONT RUE DU";"48,88860000";"2,18552000"
"202400026885";"25";"06";"2024";"20:40";"1";"70";"70152";"2";"1";"1";"1";"Rue du Tacot";"47,38968100";"5,75890100"
"202400026886";"25";"06";"2024";"20:40";"1";"72";"72180";"1";"1";"1";"7";"lieu dit les veaux guillaume";"48,36065000";"0,36851000"
"202400026887";"11";"11";"2024";"14:45";"1";"92";"92050";"2";"1";"1";"1";"PASCAL RUE";"48,89654000";"2,20042000"
"202400026888";"26";"06";"2024";"17:30";"1";"06";"06144";"1";"1";"2";"6";"Route de la Tinée";"43,95763800";"7,15690600"
"202400026889";"13";"11";"2024";"15:05";"1";"92";"92036";"2";"1";"1";"2";"LOUIS CALMEL (RUE) (60/106)";"48,92482923";"2,28957913"
"202400026890";"3";"11";"2024";"19:26";"5";"92";"92071";"2";"1";"1";"2";"GENERAL LECLERC (AVENUE DU)";"48,77548000";"2,31369004"
"202400026891";"26";"06";"2024";"10:00";"1";"14";"14061";"1";"2";"1";"3";"D109";"48,92138500";" -0,85485200"
"202400026892";"19";"11";"2024";"04:10";"5";"92";"92007";"2";"9";"1";"3";"BARBUSSE (AVENUE HENRI) N° 1 A 43 ET 2 A";"48,79960000";"2,31149000"
"202400026893";"25";"06";"2024";"08:15";"1";"14";"14193";"1";"1";"1";"6";"Route de la Cannerie";"49,11707800";"0,34934200"
"202400026894";"13";"11";"2024";"13:00";"1";"92";"92007";"2";"1";"1";"4";"VERDUN (RUE DE) N° PAIRS";"48,80203214";"2,31915012"
"202400026895";"25";"06";"2024";"20:20";"1";"05";"05010";"1";"1";"2";"3";"RD 1075";"44,55219100";"5,77318700"
"202400026896";"13";"11";"2024";"15:45";"1";"37";"37072";"1";"1";"1";"1";"D8";"47,15276327";"0,28137946"
"202400026897";"26";"06";"2024";"13:25";"1";"50";"50217";"1";"1";"7";"1";"Le Gué Botterel";"48,68311300";" -1,15279200"
"202400026898";"13";"11";"2024";"10:45";"1";"971";"97114";"1";"5";"1";"5";"La Rose";"16,14788300";" -61,58351900"
"202400026899";"28";"10";"2024";"15:05";"1";"974";"97415";"1";"1";"1";"1";"Chemin Summer 2";" -21,03687700";"55,25769000"
"202400026900";"25";"06";"2024";"18:00";"1";"60";"60518";"1";"2";"1";"3";"D151";"49,57454600";"2,18284600"
"202400026901";"5";"11";"2024";"08:00";"1";"974";"97422";"2";"1";"1";"3";"Rue d?Espagne";" -21,27909500";"55,50380100"
"202400026902";"25";"06";"2024";"08:27";"1";"64";"64160";"2";"6";"7";"3";"Roind point D410 / Avenue du Professeur grancher";"43,36144800";" -1,39362200"
"202400026903";"26";"06";"2024";"18:30";"1";"16";"16001";"1";"1";"7";"7";"N/A";"46,11156000";"0,67960700"
"202400026904";"30";"10";"2024";"20:30";"3";"35";"35206";"1";"1";"1";"2";"RN 137 direction NANTES PK 041.000";"48,06002100";" -1,67948600"
"202400026905";"25";"06";"2024";"10:15";"1";"53";"53107";"2";"1";"1";"6";"Route de Brecé";"48,40638600";" -0,80082200"
"202400026906";"13";"11";"2024";"08:10";"2";"06";"06033";"2";"1";"1";"6";"1 Rue de l'Eusière";"43,77332900";"7,19190400"
"202400026907";"25";"06";"2024";"15:45";"1";"53";"53103";"1";"1";"1";"1";"route les suhards";"48,08024400";" -0,88246800"
"202400026908";"13";"11";"2024";"15:05";"1";"26";"26002";"1";"1";"1";"1";"Route Nationale 7";"45,24266835";"4,82021519"
"202400026909";"13";"11";"2024";"09:15";"1";"30";"30174";"2";"1";"1";"7";"Parking Intermarché";"44,02532200";"4,38923700"
"202400026910";"25";"06";"2024";"07:50";"2";"40";"40310";"1";"2";"7";"1";"Route d?Azur";"43,76917000";" -1,30367400"
"202400026911";"26";"06";"2024";"05:15";"2";"30";"30259";"2";"1";"1";"7";"544 Route d?Uzes";"44,10721700";"4,12003000"
"202400026912";"12";"11";"2024";"08:30";"1";"44";"44071";"2";"1";"1";"2";"Rue de la basse lande";"47,19386100";" -1,44380600"
"202400026913";"25";"06";"2024";"10:15";"1";"17";"17415";"1";"1";"1";"7";"Autoroute A10 - PK441.060";"45,73856700";" -0,66686200"
"202400026914";"9";"11";"2024";"11:10";"1";"57";"57106";"1";"1";"1";"7";"D63";"49,30346692";"6,51358837"
"202400026915";"14";"11";"2024";"15:45";"1";"79";"79066";"2";"1";"1";"3";"N/A";"46,48527800";" -0,40320600"
"202400026916";"25";"06";"2024";"13:37";"1";"971";"97128";"1";"1";"1";"3";"Boulevard de la Criee";"16,21892700";" -61,40691700"
"202400026917";"13";"11";"2024";"15:45";"1";"80";"80688";"1";"1";"1";"6";"D940";"50,27469200";"1,65935900"
"202400026918";"24";"06";"2024";"11:30";"1";"971";"97128";"1";"1";"1";"3";"Fonds Thezan";"16,21724500";" -61,41477600"
"202400026919";"13";"11";"2024";"15:35";"1";"82";"82125";"1";"1";"1";"2";"Route de Toulouse";"43,94934833";"1,21662247"
"202400026920";"26";"06";"2024";"12:15";"1";"77";"77382";"1";"1";"1";"6";"D85";"48,89861300";"2,89579900"
"202400026921";"13";"11";"2024";"14:35";"1";"65";"65218";"1";"1";"1";"6";"D929";"42,98866300";"0,37487600"
"202400026922";"24";"06";"2024";"17:45";"1";"66";"66164";"2";"9";"1";"3";"Avenue Jacques de Vaucanson";"42,79956500";"2,88224800"
"202400026923";"19";"06";"2024";"01:00";"3";"66";"66227";"2";"1";"1";"6";"chemin las serres";"42,63696331";"2,89481699"
"202400026924";"10";"11";"2024";"16:15";"1";"61";"61043";"2";"2";"1";"3";"D955";"48,34531100";"0,74601800"
"202400026925";"26";"06";"2024";"12:15";"1";"48";"48004";"1";"1";"1";"7";"les Rochettes Basses";"44,47628300";"3,84142800"
"202400026926";"13";"11";"2024";"14:20";"1";"39";"39399";"1";"1";"1";"1";"N/A";"46,99466000";"5,67766700"
"202400026927";"15";"06";"2024";"19:40";"1";"34";"34127";"1";"3";"1";"3";"Route de Mudaison";"43,65182000";"4,06109000"
"202400026928";"14";"11";"2024";"16:20";"1";"25";"25245";"1";"1";"7";"6";"Fontain";"47,19474300";"6,02113500"
"202400026929";"25";"06";"2024";"17:00";"1";"84";"84034";"1";"1";"1";"5";"Départementale 900";"43,88716100";"4,94252300"
"202400026930";"24";"06";"2024";"18:30";"1";"83";"83133";"1";"1";"2";"7";"déparmentale 37";"43,58151000";"6,81216200"
"202400026931";"14";"11";"2024";"11:00";"1";"29";"29201";"1";"1";"1";"1";"D28";"48,40723191";" -4,72653506"
"202400026932";"22";"06";"2024";"11:25";"1";"04";"04156";"1";"1";"1";"6";"D12";"44,00025500";"6,04563500"
"202400026933";"14";"11";"2024";"10:20";"1";"15";"15258";"2";"1";"1";"6";"RD 54";"44,97795200";"2,62443800"
"202400026934";"26";"06";"2024";"16:50";"1";"13";"13097";"1";"9";"1";"2";"D24";"43,61253100";"4,79024300"
"202400026935";"14";"10";"2024";"10:00";"1";"26";"26112";"1";"3";"1";"3";"route des Alpes";"44,38821000";"5,23296800"
"202400026936";"26";"06";"2024";"16:20";"1";"69";"69204";"2";"1";"1";"6";"16 Rue des Sources";"45,69437643";"4,81950043"
"202400026937";"14";"11";"2024";"07:00";"2";"58";"58095";"2";"1";"1";"3";"Route de Moulins";"46,81820100";"3,45067300"
"202400026938";"25";"06";"2024";"20:45";"1";"69";"69116";"1";"1";"1";"1";"814 Route du Mont Verdun";"45,84017700";"4,77907500"
"202400026939";"11";"11";"2024";"10:45";"1";"72";"72132";"1";"1";"9";"6";"lieu dit la croix verrier";"48,20175817";"0,63721978"
"202400026940";"24";"06";"2024";"07:55";"2";"49";"49023";"1";"2";"1";"1";"La Croix qui Chante (Calvaire)";"47,16072300";" -0,84058300"
"202400026941";"13";"11";"2024";"22:05";"3";"10";"10345";"1";"2";"1";"3";"D396";"48,41234000";"4,52118200"
"202400026942";"25";"06";"2024";"16:25";"1";"27";"27191";"2";"1";"1";"2";"65 Rue de Louviers (La Croix-Saint-Leufroy)";"49,11284300";"1,23569400"
"202400026943";"10";"11";"2024";"17:00";"1";"16";"16241";"1";"1";"1";"6";"D115";"45,85148274";"0,21858662"
"202400026944";"22";"06";"2024";"07:40";"1";"27";"27439";"1";"1";"2";"2";"N154";"49,06190200";"1,17500100"
"202400026945";"8";"11";"2024";"18:30";"3";"27";"27679";"1";"1";"1";"1";"D55";"48,79128800";"0,83687100"
"202400026946";"26";"06";"2024";"08:15";"1";"59";"59053";"2";"1";"1";"3";"Rue Eugène Mascart";"50,29901100";"3,80227600"
"202400026947";"11";"11";"2024";"10:34";"1";"27";"27017";"1";"1";"1";"2";"D6154";"48,98171700";"1,15783500"
"202400026948";"25";"06";"2024";"14:45";"1";"59";"59075";"1";"1";"1";"1";"RD 45";"50,14099100";"3,41996700"
"202400026949";"14";"11";"2024";"06:30";"2";"52";"52221";"1";"1";"1";"6";"D15";"48,16123829";"4,95637465"
"202400026950";"24";"06";"2024";"17:40";"1";"13";"13202";"1";"1";"1";"3";"TVPCD-Sens Les Ports vers Saint Victor";"43,31000000";"5,36700000"
"202400026951";"24";"06";"2024";"19:15";"1";"13";"13071";"1";"1";"2";"3";"A51-Sens Aix en Provence vers Marseille";"43,41824500";"5,36597200"
"202400026952";"13";"11";"2024";"02:15";"3";"79";"79256";"1";"1";"1";"7";"N/A";"46,45093700";" -0,02184700"
"202400026953";"14";"11";"2024";"06:22";"3";"45";"45331";"1";"1";"1";"1";"Route de Tigy";"47,74182700";"2,20657800"
"202400026954";"20";"06";"2024";"15:15";"1";"13";"13071";"1";"1";"1";"3";"A7-Sens Lyon vers Marseille";"43,40000000";"5,34000000"
"202400026955";"13";"11";"2024";"17:30";"3";"78";"78451";"2";"4";"1";"3";"D191";"48,93818200";"1,84131500"
"202400026956";"25";"06";"2024";"13:00";"1";"83";"83069";"1";"1";"1";"7";"RN98";"43,11337644";"6,12316784"
"202400026957";"13";"11";"2024";"18:05";"3";"30";"30156";"1";"1";"1";"7";"D6086";"43,85726400";"4,42187400"
"202400026958";"25";"06";"2024";"08:40";"1";"83";"83062";"1";"1";"1";"3";"A57";"43,14593500";"6,03109825"
"202400026959";"13";"11";"2024";"04:15";"3";"34";"34154";"1";"1";"1";"1";"D 172 E1";"43,59298800";"3,94904900"
"202400026960";"24";"06";"2024";"08:00";"1";"67";"67218";"1";"1";"1";"2";"Nationale 353";"48,49660000";"7,74981000"
"202400026961";"12";"11";"2024";"16:30";"1";"83";"83143";"1";"1";"1";"1";"D562";"43,45013100";"6,09492300"
"202400026962";"25";"06";"2024";"07:40";"1";"33";"33096";"1";"1";"1";"2";"N/A";"44,88925000";" -0,50402000"
"202400026963";"14";"11";"2024";"07:30";"3";"56";"56185";"1";"3";"1";"3";"Moustoir Flamm";"47,78428300";" -3,44919200"
"202400026964";"23";"06";"2024";"21:20";"1";"59";"59636";"1";"1";"1";"2";"ROUTE METROPOLITAINE 652";"50,67225000";"3,03998000"
"202400026965";"13";"11";"2024";"17:45";"3";"89";"89289";"1";"1";"1";"6";"D955";"47,96236300";"3,38186900"
"202400026966";"25";"06";"2024";"15:50";"1";"91";"91689";"1";"1";"1";"4";"AUTOROUTE A6B";"48,74937922";"2,32846856"
"202400026967";"13";"11";"2024";"17:15";"2";"68";"68217";"1";"1";"1";"4";"D1066";"47,85463100";"7,05651600"
"202400026968";"13";"11";"2024";"16:20";"1";"68";"68318";"2";"1";"1";"1";"4 Rue de Westhalten";"47,95708000";"7,24658700"
"202400026969";"25";"06";"2024";"08:00";"1";"91";"91645";"1";"1";"1";"3";"RN 385 Extèrieure";"48,75976855";"2,26225240"
"202400026970";"25";"06";"2024";"07:50";"1";"94";"94038";"1";"1";"1";"4";"A6A";"48,77318113";"2,34587558"
"202400026971";"13";"11";"2024";"17:35";"5";"38";"38562";"2";"1";"1";"6";"Route d?Uriage";"45,07593000";"5,77430000"
"202400026972";"24";"06";"2024";"21:42";"3";"77";"77251";"1";"1";"1";"2";"AUTOROUTE A5A";"48,61870000";"2,55258000"
"202400026973";"14";"11";"2024";"15:28";"1";"50";"50298";"1";"1";"1";"2";"D29";"49,26506000";" -1,27544400"
"202400026974";"25";"06";"2024";"17:30";"1";"92";"92072";"1";"1";"1";"2";"N118";"48,82247896";"2,22222850"
"202400026975";"25";"06";"2024";"16:11";"1";"78";"78043";"1";"1";"1";"6";"A12 Y";"48,84234800";"2,09751300"
"202400026976";"30";"10";"2024";"15:45";"1";"22";"22076";"1";"2";"8";"1";"27 Saint Jean";"48,58800200";" -2,38239900"
"202400026977";"24";"06";"2024";"17:05";"1";"78";"78571";"1";"1";"1";"2";"A13";"48,86626000";"2,03571500"
"202400026978";"10";"11";"2024";"02:10";"3";"83";"83047";"1";"1";"1";"6";"A570";"43,13270865";"6,05807662"
"202400026979";"24";"06";"2024";"19:07";"1";"92";"92048";"1";"1";"1";"6";"N118";"48,79123833";"2,22009228"
"202400026980";"13";"11";"2024";"08:25";"1";"91";"91692";"1";"1";"1";"3";"RN 118";"48,67116000";"2,19416000"
"202400026981";"25";"06";"2024";"19:00";"1";"93";"93027";"1";"1";"1";"3";"A1";"48,93720852";"2,40978107"
"202400026982";"12";"11";"2024";"07:05";"3";"92";"92036";"1";"1";"8";"3";"A86";"48,93460624";"2,26847112"
"202400026983";"24";"06";"2024";"20:25";"1";"93";"93006";"1";"1";"1";"7";"A3";"48,86679280";"2,42555663"
"202400026984";"24";"06";"2024";"17:00";"1";"95";"95277";"1";"1";"1";"3";"A3";"48,96803561";"2,47785819"
"202400026985";"12";"11";"2024";"20:15";"3";"95";"95678";"1";"1";"1";"5";"N184";"49,06427517";"2,21383601"
"202400026986";"24";"06";"2024";"13:55";"1";"93";"93008";"1";"1";"1";"2";"A86";"48,90833207";"2,45074511"
"202400026987";"12";"11";"2024";"08:45";"1";"93";"93008";"1";"1";"1";"3";"AUTOROUTE A86";"48,91076249";"2,44276017"
"202400026988";"25";"06";"2024";"21:10";"1";"94";"94028";"1";"1";"1";"3";"A86";"48,79449381";"2,44220497"
"202400026989";"13";"11";"2024";"00:25";"3";"77";"77058";"1";"1";"1";"5";"A4";"48,82957827";"2,74332614"
"202400026990";"25";"06";"2024";"19:00";"1";"94";"94017";"1";"1";"1";"5";"A4";"48,82671118";"2,52258828"
"202400026991";"12";"04";"2024";"08:15";"1";"972";"97213";"1";"6";"1";"3";"ROUTE DEPARTEMENTALE 14";"14,62200000";" -61,00700000"
"202400026992";"25";"06";"2024";"18:17";"1";"94";"94042";"1";"1";"1";"4";"A4";"48,82800728";"2,47304660"
"202400026993";"9";"04";"2024";"18:15";"5";"972";"97213";"1";"1";"1";"5";"ROUTE DEPARTEMENTALE 13";"14,63408000";" -61,01342000"
"202400026994";"25";"06";"2024";"14:00";"1";"77";"77363";"1";"1";"1";"4";"A104";"48,91242400";"2,63577900"
"202400026995";"9";"04";"2024";"12:10";"1";"972";"97213";"1";"1";"1";"3";"ROUTE DEPARTEMENTALE 3";"14,63303000";" -60,99105000"
"202400026996";"6";"09";"2024";"15:30";"1";"74";"74265";"1";"1";"1";"7";"Route de la Diamanterie";"45,80203800";"6,33811900"
"202400026997";"25";"06";"2024";"10:15";"1";"77";"77337";"1";"1";"1";"6";"A4";"48,83017800";"2,61369600"
"202400026998";"20";"01";"2024";"14:29";"1";"82";"82030";"1";"1";"1";"6";"Route de Belleperche";"44,00026648";"1,10124135"
"202400026999";"10";"08";"2024";"18:35";"2";"74";"74105";"2";"6";"1";"3";"Avenue du lac";"46,30713460";"6,29361176"
"202400027000";"17";"06";"2024";"08:30";"1";"44";"44109";"2";"1";"1";"6";"36 Boulevard Eugène Orieux";"47,23492042";" -1,55152842"
"202400027001";"18";"08";"2024";"16:00";"1";"74";"74184";"1";"1";"2";"7";"Route de frangy";"46,05235800";"5,98059100"
"202400027002";"17";"06";"2024";"20:50";"2";"44";"44109";"2";"1";"1";"3";"191 Rue Paul Bellamy";"47,23144824";" -1,56436688"
"202400027003";"1";"09";"2024";"16:00";"1";"74";"74056";"2";"1";"1";"6";"Place du Mont Blanc";"45,92497200";"6,87145700"
"202400027004";"24";"06";"2024";"10:29";"1";"87";"87065";"2";"3";"1";"3";"LIMOUSIN ( AVE)";"45,81183700";"1,32715100"
"202400027005";"30";"08";"2024";"07:08";"1";"74";"74094";"2";"3";"1";"3";"644 Route de la chandouze";"46,21871500";"6,30809400"
"202400027006";"9";"03";"2024";"19:20";"5";"65";"65002";"2";"1";"4";"6";"N21";"43,14186900";" -0,02666100"
"202400027007";"27";"08";"2024";"05:45";"5";"74";"74288";"2";"2";"1";"3";"Route de saint-julien-en-genevois";"46,10845500";"5,96940600"
"202400027008";"25";"06";"2024";"07:30";"1";"988";"98818";"2";"3";"1";"3";"ROUTE DU PORT DESPOINTES";" -22,28390000";"166,45378000"
"202400027009";"31";"08";"2024";"21:30";"4";"74";"74026";"2";"1";"1";"6";"Route de paris";"45,96613700";"6,03577000"
"202400027010";"24";"06";"2024";"08:30";"1";"987";"98736";"2";"1";"1";"3";"PAUL BERNIERE (RUE)";" -17,53656000";" -149,55289000"
"202400027011";"2";"09";"2024";"17:00";"1";"74";"74299";"2";"1";"1";"1";"44 Route d'annecy";"45,89142500";"6,17056400"
"202400027012";"24";"06";"2024";"20:00";"3";"974";"97411";"2";"3";"1";"6";"JAURES (BLD 2 JEAN)";" -20,88991000";"55,46405000"
"202400027013";"27";"08";"2024";"04:00";"3";"74";"74001";"1";"1";"1";"7";"Route de Richebourg";"46,28986400";"6,74957500"
"202400027014";"21";"08";"2024";"17:55";"1";"74";"74067";"2";"2";"1";"5";"Route des creuses (Seynod)";"45,88761700";"6,07291000"
"202400027015";"31";"08";"2024";"10:10";"1";"74";"74112";"2";"2";"1";"3";"AVENUE DU CENTRE";"45,93543000";"6,08263900"
"202400027016";"26";"08";"2024";"14:50";"1";"74";"74021";"1";"1";"1";"6";"1497 Route nationale";"46,16007000";"6,28172800"
"202400027017";"14";"07";"2024";"14:30";"1";"74";"74005";"1";"1";"1";"7";"Rue de la gare";"46,32485928";"6,43546768"
"202400027018";"28";"06";"2024";"22:45";"3";"74";"74262";"1";"1";"1";"2";"autoroute A40";"46,12852700";"6,32439100"
"202400027019";"12";"11";"2024";"13:45";"1";"92";"92036";"2";"6";"8";"1";"PRINCIPALE DU PORT (ROUTE) (1/17)";"48,93964382";"2,28673920"
"202400027020";"7";"11";"2024";"21:15";"5";"93";"93055";"2";"1";"1";"6";"JEAN LOLIVE (AVENUE)(107/135 ET 108/132)";"48,89461000";"2,42084000"
"202400027021";"19";"05";"2024";"17:00";"1";"62";"62537";"2";"1";"1";"1";"D54";"50,30358800";"2,40874700"
"202400027022";"8";"06";"2024";"04:30";"3";"32";"32222";"1";"1";"1";"6";"D6";"43,76137121";" -0,10871839"
"202400027023";"29";"08";"2024";"17:30";"2";"24";"24090";"1";"1";"2";"6";"Jaure";"45,29298800";"0,40570000"
"202400027024";"12";"11";"2024";"07:15";"1";"974";"97411";"2";"3";"1";"3";"JAURES (BOULEVARD JEAN)";" -20,89186000";"55,46732000"
"202400027025";"12";"11";"2024";"07:22";"1";"974";"97409";"2";"1";"1";"7";"DE LA GARE(RUE)";" -20,96207000";"55,65677000"
"202400027026";"12";"11";"2024";"17:30";"1";"973";"97302";"2";"2";"1";"5";"SCHOELCHER (RUE)";"4,94199000";" -52,33238000"
"202400027027";"12";"11";"2024";"06:50";"1";"973";"97302";"2";"1";"1";"2";"MADELEINE (ROUTE DE LA)";"4,91685000";" -52,32142000"
"202400027028";"12";"11";"2024";"17:00";"1";"69";"69386";"2";"3";"1";"6";"Cours Franklin Roosevelt";"45,76891000";"4,84605000"
"202400027029";"12";"11";"2024";"18:35";"2";"972";"97213";"2";"1";"1";"2";"AUTOROUTE A1";"14,61799000";" -61,03243000"
"202400027030";"11";"11";"2024";"22:30";"3";"972";"97209";"1";"1";"1";"6";"BALATA (ROUTE DE)";"14,67617000";" -61,08809000"
"202400027031";"11";"11";"2024";"01:00";"5";"972";"97209";"2";"1";"2";"6";"RD 41 (ROCADE)";"14,61988000";" -61,05427000"
"202400027032";"12";"11";"2024";"10:37";"1";"971";"97101";"2";"9";"1";"6";"CLARA BOURGAREL - ASSAINISSEMENT (RUE)";"16,24424000";" -61,53092000"
"202400027033";"11";"11";"2024";"07:00";"1";"971";"97101";"1";"1";"2";"6";"BEAUSOLEIL";"16,27349000";" -61,46778000"
"202400027034";"10";"11";"2024";"23:30";"3";"971";"97101";"1";"1";"1";"1";"ROUTE DE BOISVINS";"16,26274000";" -61,46399000"
"202400027035";"12";"11";"2024";"14:50";"1";101;101004";"2";"1";"1";"2";"#BONAPARTE CHARLES  BD#";"41,93359839";"8,74477386"
"202400027036";"12";"11";"2024";"08:40";"1";101;101004";"1";"1";"1";"3";"T40";"41,92406900";"8,81124200"
"202400027037";"11";"11";"2024";"18:05";"5";101;101004";"2";"1";"1";"6";"SERAFINI ANTOINE  AVENUE";"41,91878387";"8,73886496"
"202400027038";"12";"11";"2024";"23:00";"5";"95";"95582";"2";"1";"1";"3";"D14";"48,97563065";"2,24764892"
"202400027039";"12";"11";"2024";"16:00";"1";"95";"95555";"2";"3";"1";"2";"PETIT LAC (AVENUE DU)";"48,97504588";"2,29764640"
"202400027040";"12";"11";"2024";"12:00";"1";"95";"95572";"2";"3";"8";"3";"MARCEL DASSAULT (RUE)";"49,04378000";"2,13048000"
"202400027041";"12";"11";"2024";"15:00";"1";"91";"91174";"2";"3";"1";"3";"RUE LAMARTINE";"48,60296000";"2,47675000"
"202400027042";"12";"11";"2024";"11:20";"1";"91";"91174";"2";"3";"1";"3";"BD HENRI DUNANT";"48,60160300";"2,48025000"
"202400027043";"8";"11";"2024";"09:04";"1";"85";"85194";"2";"1";"1";"1";"Rue du docteur charcot";"46,50560000";" -1,77524000"
"202400027044";"6";"11";"2024";"19:30";"5";"85";"85194";"2";"7";"1";"3";"Place du général collineau";"46,49706000";" -1,78237000"
"202400027045";"4";"11";"2024";"06:15";"2";"83";"83141";"1";"9";"9";"3";"ARCS(ROUTE DES)";"43,49185000";"6,48503000"
"202400027046";"6";"11";"2024";"15:55";"1";"77";"77403";"2";"1";"1";"6";"RUE DES EPARMAILLES";"48,56100000";"3,32300000"
"202400027047";"12";"11";"2024";"14:48";"1";"76";"76540";"2";"1";"1";"6";"Promenade de la France Libre";"49,43869000";"1,08837000"
"202400027048";"11";"11";"2024";"18:00";"5";"71";"71076";"2";"2";"1";"3";"PARIS (AVENUE DE)";"46,80642421";"4,84430552"
"202400027049";"6";"03";"2024";"11:25";"1";"66";"66136";"2";"1";"1";"6";"Place de l'EUROPE";"42,67973000";"2,90913000"
"202400027050";"11";"11";"2024";"17:00";"2";"71";"71475";"2";"1";"8";"3";"LYON (ROUTE DE )";"46,76335928";"4,84250844"
"202400027051";"6";"03";"2024";"18:00";"1";"65";"65100";"1";"9";"1";"3";"Route de Bordeaux";"43,27162987";"0,07075805"
"202400027052";"11";"11";"2024";"06:35";"5";"70";"70550";"2";"1";"8";"7";"Avenue du Lac";"47,62333000";"6,14324000"
"202400027053";"6";"03";"2024";"14:00";"1";"61";"61001";"2";"6";"1";"3";"Voie Communale";"48,43114000";"0,08985000"
"202400027054";"12";"11";"2024";"14:00";"1";"69";"69013";"1";"2";"1";"3";"Route Départementale 686";"46,01065000";"4,71984000"
"202400027055";"5";"03";"2024";"16:25";"1";"59";"59368";"2";"9";"8";"6";"REPUBLIQUE AVENUE DE LA";"50,65183000";"3,08199000"
"202400027056";"12";"11";"2024";"21:00";"5";"67";"67482";"2";"1";"1";"3";"HAGUENAU (PLACE DE)";"48,59317100";"7,74347000"
"202400027057";"12";"11";"2024";"09:15";"1";"64";"64545";"1";"1";"1";"2";"CORNICHE (ROUTE DE LA)";"43,37864000";" -1,73370000"
"202400027058";"2";"03";"2024";"19:35";"5";"59";"59350";"2";"2";"3";"3";"Rue Winston Churchill";"50,63264000";"3,01752000"
"202400027059";"12";"11";"2024";"19:55";"3";"64";"64445";"2";"9";"2";"3";"CHATIEU";"43,31700000";" -0,37718000"
"202400027060";"4";"03";"2024";"17:00";"1";"57";"57672";"2";"1";"1";"6";"ESCH SUR ALZETTE (ROUTE D') - IMPAIR";"49,35737000";"6,13743000"
"202400027061";"11";"11";"2024";"11:40";"1";"64";"64132";"2";"1";"8";"7";"ALBERT 1ER";"43,28577000";" -0,34854000"
"202400027062";"3";"03";"2024";"16:38";"1";"56";"56260";"2";"1";"1";"6";"Boulevard de la Résistance";"47,64916000";" -2,78231000"
"202400027063";"12";"11";"2024";"12:35";"1";"63";"63308";"2";"6";"2";"3";"ALLARD (PLACE)";"45,76747000";"3,05617000"
"202400027064";"6";"11";"2024";"08:30";"1";"62";"62528";"2";"3";"1";"3";"D165";"50,45131722";"2,76248038"
"202400027065";"5";"03";"2024";"17:40";"1";"49";"49246";"2";"1";"1";"2";"A87N";"47,42640418";" -0,50396766"
"202400027066";"12";"11";"2024";"18:52";"3";"60";"60057";"2";"1";"1";"4";"Avenue Jean Rostand";"49,41400915";"2,08573937"
"202400027067";"6";"03";"2024";"11:35";"1";"45";"45068";"2";"3";"8";"3";"D740 PR 3 + 448";"48,03130000";"2,74341000"
"202400027068";"12";"11";"2024";"16:05";"1";"59";"59599";"2";"1";"1";"6";"Rue de la Croix Rouge";"50,73087000";"3,17877000"
"202400027069";"12";"11";"2024";"14:45";"1";"59";"59508";"2";"9";"1";"6";"HALLUIN (BOULEVARD D')";"50,73636000";"3,13274000"
"202400027070";"6";"03";"2024";"07:50";"1";"44";"44109";"2";"1";"1";"3";"94 Rue de Coulmiers";"47,22612000";" -1,54098000"
"202400027071";"12";"11";"2024";"07:30";"2";"59";"59368";"2";"2";"1";"3";"Rue du Pré Catelan";"50,65133000";"3,06113000"
"202400027072";"6";"03";"2024";"19:00";"2";"38";"38185";"2";"1";"1";"6";"RUE RAOUL BLANCHARD";"45,19018000";"5,72978000"
"202400027073";"11";"11";"2024";"06:35";"5";"57";"57463";"2";"1";"5";"1";"GAMBETTA (PONT )";"49,12745000";"6,18703000"
"202400027074";"11";"11";"2024";"21:30";"5";"54";"54304";"1";"1";"2";"1";"Avenue des Quatre Vents";"48,69350000";"6,12980000"
"202400027075";"6";"03";"2024";"21:45";"5";"37";"37261";"2";"2";"1";"3";"WAGNER (BOULEVARD RICHARD)";"47,37628190";"0,71160328"
"202400027076";"31";"10";"2024";"17:15";"1";"54";"54099";"1";"4";"1";"3";"D643";"49,26958039";"5,89721739"
"202400027077";"6";"03";"2024";"08:05";"1";"37";"37261";"2";"6";"1";"3";"DELAROCHE (RUE)";"47,42227000";"0,67958000"
"202400027078";"11";"11";"2024";"12:53";"1";"51";"51454";"2";"1";"1";"6";"BUIRETTE (RUE)";"49,25459100";"4,02572800"
"202400027079";"6";"03";"2024";"02:10";"5";"36";"36063";"2";"1";"1";"6";"N/A";"46,84192000";"1,70687000"
"202400027080";"11";"11";"2024";"12:20";"1";"51";"51454";"2";"1";"2";"7";"GOSSET (RUE) DU N° 2 AU N° 46 (PAIR)";"49,26566000";"4,03911000"
"202400027081";"11";"11";"2024";"15:50";"1";"45";"45302";"1";"1";"1";"5";"RD 557 PR1+110";"47,95313700";"1,85475800"
"202400027082";"6";"03";"2024";"10:00";"1";"34";"34172";"2";"1";"1";"4";"SOULAS (AVENUE DU PERE";"43,62931000";"3,84449000"
"202400027083";"12";"11";"2024";"16:50";"1";"44";"44184";"2";"1";"2";"1";"19 Rue Suzanne Lacore";"47,25976000";" -2,26205000"
"202400027084";"12";"11";"2024";"14:10";"1";"43";"43157";"2";"3";"8";"2";"MONTREDON (ROUTE DE)";"45,04948000";"3,89493000"
"202400027085";"6";"03";"2024";"19:30";"5";"33";"33069";"2";"2";"1";"3";"N/A";"44,86236000";" -0,59303000"
"202400027086";"6";"03";"2024";"17:50";"5";"33";"33063";"2";"1";"1";"3";"N/A";"44,87209000";" -0,56128000"
"202400027087";"6";"03";"2024";"15:00";"1";"33";"33063";"2";"1";"1";"3";"N/A";"44,83330000";" -0,56137000"
"202400027088";"6";"03";"2024";"21:30";"5";"30";"30007";"2";"9";"1";"1";"CYPRES (MONTEE DES)";"44,09972000";"4,08118000"
"202400027089";"5";"03";"2024";"17:20";"1";"29";"29039";"1";"1";"1";"2";"Quai du Moros";"47,87907018";" -3,90409994"
"202400027090";"5";"03";"2024";"14:00";"1";"29";"29039";"2";"1";"1";"2";"Rue de Trégunc";"47,86146813";" -3,88578961"
"202400027091";"6";"03";"2024";"14:35";"1";"27";"27681";"2";"1";"1";"6";"HOTEL DU PRES (RUE DE L')";"49,10284100";"1,47029500"
"202400027092";"6";"03";"2024";"07:40";"1";"21";"21054";"2";"1";"1";"6";"CHASSEURS (RUE DU 16 EME)";"47,02932000";"4,85156000"
"202400027093";"5";"03";"2024";"16:15";"1";"13";"13207";"2";"3";"1";"3";"SAUVEUR TOBELEM (RUE)";"43,28803000";"5,36348000"
"202400027094";"6";"03";"2024";"10:10";"1";"13";"13047";"2";"1";"1";"6";"FELIX GOUIN AVENUE";"43,49781000";"4,98642000"
"202400027095";"29";"07";"2024";"18:30";"1";"91";"91228";"2";"1";"1";"6";"2 BD DE L EUROPE CCR EVRY 2";"48,63058200";"2,42795900"
"202400027096";"5";"03";"2024";"13:57";"1";"11";"11069";"1";"1";"1";"2";"ROCADE SUD RD 6161";"43,20312000";"2,33472000"
"202400027097";"17";"07";"2024";"16:40";"1";"76";"76575";"2";"2";"1";"2";"Rue Hubert Latham";"49,39614000";"1,07740000"
"202400027098";"5";"03";"2024";"18:54";"5";"10";"10387";"2";"1";"1";"7";"Avenue Pierre Brossolette";"48,29174000";"4,07468000"
"202400027099";"6";"03";"2024";"02:00";"5";"06";"06069";"2";"1";"1";"6";"Chemin des Chenes";"43,64111000";"6,91467000"
"202400027100";"6";"03";"2024";"12:30";"1";"75";"75114";"2";"1";"1";"7";"BD PERIPHERIQUE EXTERIEUR";"48,81644000";"2,34304500"
"202400027101";"11";"10";"2024";"21:05";"5";"32";"32013";"2";"1";"1";"1";"PYRENEES (AVENUE DES)";"43,63615000";"0,58358000"
"202400027102";"6";"03";"2024";"03:30";"5";"75";"75119";"2";"1";"2";"5";"BD PERIPHERIQUE INTERIEUR";"48,88736100";"2,39680700"
"202400027103";"5";"03";"2024";"18:30";"5";"75";"75117";"2";"1";"8";"3";"BD PERIPHERIQUE INTERIEUR";"48,88398100";"2,28527900"
"202400027104";"7";"08";"2024";"15:02";"1";"32";"32013";"2";"1";"1";"4";"JEAN JAURES (AVENUE)";"43,66434295";"0,59668422"
"202400027105";"4";"03";"2024";"19:30";"5";"75";"75116";"2";"1";"1";"4";"BD PERIPHERIQUE EXTERIEUR";"48,84972300";"2,25220500"
"202400027106";"6";"08";"2024";"14:26";"1";"32";"32013";"1";"1";"1";"7";"HAGET (CHEMIN DU)";"43,65308297";"0,60182333"
"202400027107";"19";"09";"2024";"08:32";"1";"32";"32013";"2";"1";"1";"3";"ABEL GARDEY";"43,63485000";"0,59584000"
"202400027108";"6";"03";"2024";"10:40";"1";"75";"75115";"2";"3";"1";"6";"RUE DE LA CONVENTION";"48,84382400";"2,28194300"
"202400027109";"16";"09";"2024";"14:20";"1";"32";"32013";"1";"4";"1";"3";"CLAUDE CHAPPE";"43,69639000";"0,60952000"
"202400027110";"6";"03";"2024";"00:32";"3";"75";"75115";"2";"2";"2";"6";"BOULEVARD DU MONTPARNASSE";"48,84551100";"2,31913900"
"202400027111";"5";"03";"2024";"08:00";"1";"75";"75115";"2";"3";"1";"6";"RUE DE LA CONVENTION";"48,84069000";"2,28885500"
"202400027112";"3";"09";"2024";"08:45";"1";"32";"32013";"2";"1";"2";"1";"DARWIN";"43,63172000";"0,58839000"
"202400027113";"5";"03";"2024";"09:00";"1";"75";"75114";"2";"3";"8";"6";"AVENUE DU MAINE";"48,83550600";"2,32369300"
"202400027114";"6";"03";"2024";"08:40";"1";"75";"75113";"2";"3";"8";"3";"RUE PINEL";"48,83456900";"2,35783200"
"202400027115";"20";"08";"2024";"09:55";"1";"32";"32013";"1";"1";"1";"3";"HAGET (CHEMIN DU)";"43,65654000";"0,61034000"
"202400027116";"6";"03";"2024";"08:35";"1";"75";"75113";"2";"1";"1";"3";"BOULEVARD PERIPHERIQUE INTERIEUR SUD";"48,81741600";"2,35467400"
"202400027117";"6";"03";"2024";"09:15";"1";"75";"75112";"2";"2";"1";"3";"AVENUE LEDRU ROLLIN";"48,84865900";"2,37251400"
"202400027118";"16";"08";"2024";"04:30";"5";"32";"32013";"2";"2";"1";"3";"SADI-CARNOT (BOULEVARD)";"43,64369459";"0,58700323"
"202400027119";"6";"03";"2024";"19:25";"5";"75";"75111";"2";"3";"1";"6";"BOULEVARD DE MENILMONTANT";"48,86021400";"2,38857000"
"202400027120";"15";"08";"2024";"19:10";"1";"32";"32013";"1";"3";"1";"6";"ARÇON (ROUTE)";"43,66665057";"0,61576366"
"202400027121";"6";"03";"2024";"12:40";"1";"75";"75109";"2";"3";"1";"6";"BOULEVARD POISSONNIERE";"48,87088300";"2,34675300"
"202400027122";"11";"08";"2024";"21:29";"5";"32";"32013";"2";"1";"1";"3";"PYRENEES (AVENUE DES)";"43,63930000";"0,58459000"
"202400027123";"6";"03";"2024";"01:00";"3";"75";"75108";"2";"2";"2";"3";"RUE DE L ARCADE";"48,87331600";"2,32429400"
"202400027124";"2";"05";"2024";"17:24";"1";"32";"32013";"2";"7";"1";"3";"DARWIN";"43,62858000";"0,58694000"
"202400027125";"6";"03";"2024";"11:45";"1";"75";"75101";"2";"1";"1";"3";"RUE DE RICHELIEU";"48,86466200";"2,33634800"
"202400027126";"5";"03";"2024";"10:10";"1";"94";"94081";"2";"2";"2";"3";"Avenue Rouget de Lisle / Avenue de la Commune de Paris";"48,78272000";"2,39395000"
"202400027127";"30";"08";"2024";"16:43";"1";"27";"27681";"2";"3";"2";"3";"CHAMBRAY (ROUTE DE)";"49,09349000";"1,47184000"
"202400027128";"5";"03";"2024";"19:15";"3";"94";"94028";"2";"1";"2";"6";"Avenue des Compagnons de la Libération";"48,77756000";"2,45699000"
"202400027129";"12";"08";"2024";"13:20";"1";"27";"27562";"2";"1";"1";"3";"ROUEN (ROUTE DE )";"49,10337000";"1,46447000"
"202400027130";"5";"03";"2024";"09:15";"1";"94";"94071";"2";"2";"8";"3";"Avenue Winston Churchill / Rue de la Garenne";"48,76497000";"2,52505000"
"202400027131";"12";"06";"2024";"06:30";"1";"75";"75110";"2";"4";"1";"6";"RUE YVES TOUDIC";"48,87019400";"2,36365800"
"202400027132";"17";"12";"2024";"12:36";"1";"987";"98735";"2";"6";"1";"3";"DUMONT D'URVILLE (RUE)";" -17,54130000";" -149,56525000"
"202400027133";"6";"03";"2024";"17:05";"1";"93";"93066";"2";"1";"1";"3";"Rue du Languedoc";"48,92586800";"2,37251200"
"202400027134";"18";"12";"2024";"08:00";"1";"974";"97416";"1";"1";"1";"3";"ENTRE DEUX (CHEMIN) CD26";" -21,29531000";"55,44515000"
"202400027135";"18";"12";"2024";"07:45";"1";"974";"97416";"1";"1";"1";"6";"RN2 (2)";" -21,33800000";"55,49086000"
"202400027136";"6";"03";"2024";"17:15";"1";"93";"93048";"2";"3";"1";"3";"Boulevard de Chanzy / Rue des Sorins";"48,85864900";"2,42786100"
"202400027137";"17";"12";"2024";"20:05";"5";"974";"97416";"2";"1";"1";"7";"BOIS NOIRS(ALLEE DES)";" -21,28975000";"55,45483000"
"202400027138";"17";"12";"2024";"09:15";"1";"974";"97416";"2";"9";"1";"6";"CACHALOT (CHEMIN)";" -21,30039000";"55,42724000"
"202400027139";"5";"03";"2024";"20:00";"5";"93";"93032";"2";"3";"2";"3";"Rue de Maison Rouge / Allée de Maison Rouge";"48,89474400";"2,54227000"
"202400027140";"17";"12";"2024";"13:20";"1";"973";"97302";"2";"3";"1";"3";"MONTABO (ROUTE DE) 1";"4,93651000";" -52,31434000"
"202400027141";"5";"03";"2024";"22:45";"5";"93";"93010";"2";"1";"2";"6";"Allee Surcouf";"48,89320100";"2,47478000"
"202400027142";"17";"12";"2024";"07:20";"1";"973";"97302";"2";"1";"1";"3";"CABASSOU (ROUTE DE)";"4,91850000";" -52,31547000"
"202400027143";"18";"12";"2024";"08:55";"1";"69";"69387";"2";"1";"1";"6";"Quai Claude Bernard";"45,75131450";"4,83653359"
"202400027144";"6";"03";"2024";"00:10";"5";"93";"93005";"2";"3";"2";"3";"Rue Jean Charcot / Avenue de l'Aulnaysienne";"48,93530000";"2,49316500"
"202400027145";"18";"12";"2024";"08:50";"1";"69";"69388";"2";"2";"8";"6";"Avenue Berthelot";"45,73956000";"4,85945000"
"202400027146";"4";"03";"2024";"08:55";"1";"93";"93001";"2";"1";"1";"3";"Rue du Landy";"48,91522000";"2,37551000"
"202400027147";"17";"12";"2024";"06:19";"5";"69";"69387";"2";"2";"1";"3";"29 Avenue Debourg";"45,73152000";"4,82992000"
"202400027148";"6";"03";"2024";"18:10";"1";"92";"92050";"2";"1";"1";"6";"PROVINCES FRANCAISES BD DES";"48,90113141";"2,21632040"
"202400027149";"18";"12";"2024";"12:00";"1";"972";"97213";"2";"3";"2";"3";"ROUTE DEPARTEMENTALE 3";"14,61848000";" -60,99497000"
"202400027150";"5";"03";"2024";"08:00";"1";"92";"92050";"2";"1";"2";"3";"JOLIOT CURIE F. ET IRENE AVENUE  N°PAIRS";"48,89126000";"2,20773000"
"202400027151";"18";"12";"2024";"06:02";"2";"972";"97213";"1";"1";"2";"6";"ROUTE DEPARTEMENTALE 15";"14,61912000";" -61,00510000"
"202400027152";"6";"03";"2024";"22:30";"5";"92";"92040";"2";"1";"1";"3";"MAURICE MALLET";"48,82972713";"2,26711535"
"202400027153";"17";"12";"2024";"19:00";"5";"972";"97213";"2";"1";"1";"2";"AUTOROUTE A1";"14,61832000";" -61,02640000"
"202400027154";"16";"12";"2024";"17:05";"1";"972";"97213";"2";"9";"1";"7";"Z I CALIFORNIE";"14,61408000";" -61,03215000"
"202400027155";"5";"03";"2024";"20:15";"5";"92";"92026";"2";"3";"2";"3";"ABREUVOIR";"48,89102159";"2,25514188"
"202400027156";"17";"12";"2024";"10:00";"1";"972";"97209";"2";"1";"1";"6";"RD 41";"14,61704000";" -61,05995000"
"202400027157";"17";"12";"2024";"13:53";"1";100;100037";"2";"1";"1";"3";"TOUTES RUES";"42,61660000";"9,41660000"