"Num_Acc";"jour";"mois";"an";"hrmn";"lum";"dep";"com";"agg";"int";"atm";"col";"adr";"lat";"long"
"202400027501";"22";"01";"2024";"21:30";"5";"13";"13210";"2";"3";"1";"3";"RABATAU (BOULEVARD)";"43,28109000";"5,39930000"
"202400027502";"4";"03";"2024";"12:37";"1";"75";"75115";"2";"2";"1";"3";"RUE PEGOUD";"48,83456600";"2,26695200"
"202400027503";"12";"04";"2024";"21:35";"5";"38";"38185";"2";"2";"1";"3";"BOULEVARD ÉDOUARD REY";"45,19014241";"5,72422162"
"202400027504";"18";"12";"2024";"09:45";"1";"94";"94017";"2";"1";"1";"3";"Rue Louis Talamoni";"48,81326000";"2,51243000"
"202400027505";"23";"01";"2024";"08:20";"1";"13";"13001";"2";"1";"1";"7";"ANCIENNE ROUTE DES ALPES (RTE)";"43,54644000";"5,45482000"
"202400027506";"12";"04";"2024";"21:16";"5";"37";"37261";"2";"1";"1";"7";"PONT CHER (AVENUE DE)";"47,36800000";"0,67606000"
"202400027507";"5";"03";"2024";"12:45";"1";"75";"75119";"2";"7";"1";"2";"PLACE AUGUSTE BARON";"48,89979300";"2,38815200"
"202400027508";"22";"01";"2024";"18:36";"5";"13";"13001";"1";"1";"2";"1";"RD9";"43,50801000";"5,42372000"
"202400027509";"17";"12";"2024";"14:50";"1";"94";"94002";"2";"2";"1";"6";"Rue Emile Zola / Rue Joffrin";"48,79990000";"2,42697000"
"202400027510";"12";"04";"2024";"18:10";"1";"37";"37214";"2";"6";"1";"3";"DE GAULLE (BD CHARLES)";"47,42376000";"0,65776000"
"202400027511";"5";"03";"2024";"09:20";"1";"75";"75119";"2";"1";"1";"3";"RUE D AUBERVILLIERS";"48,88836400";"2,36751600"
"202400027512";"23";"01";"2024";"20:28";"5";"11";"11262";"2";"3";"1";"6";"Avenue Karl Marx";"43,18344710";"2,99821983"
"202400027513";"12";"04";"2024";"13:15";"1";"37";"37261";"2";"1";"1";"3";"MELIES (RUE GEORGES)";"47,42534000";"0,70957000"
"202400027514";"5";"03";"2024";"13:30";"1";"75";"75118";"2";"3";"1";"6";"RUE DAMREMONT";"48,89419000";"2,33681100"
"202400027515";"23";"01";"2024";"08:30";"1";"11";"11262";"2";"1";"1";"1";"Rue Joseph Anglade";"43,19096000";"3,02402000"
"202400027516";"18";"12";"2024";"20:25";"5";"93";"93078";"2";"6";"8";"3";"REVE (AVENUE DU)";"48,95273452";"2,56054893"
"202400027517";"21";"01";"2024";"16:50";"1";"11";"11069";"1";"1";"1";"6";"N/A";"43,19252100";"2,33551300"
"202400027518";"4";"03";"2024";"13:35";"1";"75";"75114";"2";"2";"1";"7";"BOULEVARD ROMAIN ROLLAND";"48,81988100";"2,32543300"
"202400027519";"18";"12";"2024";"17:40";"5";"93";"93059";"2";"1";"1";"6";"LEDRU ROLLIN (AVENUE)";"48,96285000";"2,36972000"
"202400027520";"13";"04";"2024";"00:10";"5";"35";"35238";"2";"1";"1";"1";"LORIENT (DE)";"48,10856787";" -1,69932559"
"202400027521";"22";"01";"2024";"11:30";"1";"10";"10297";"2";"1";"1";"2";"Rue Marc Verdier";"48,32674000";"4,11039000"
"202400027522";"12";"04";"2024";"08:30";"1";"33";"33069";"2";"1";"1";"3";"N/A";"44,86774500";" -0,59669400"
"202400027523";"5";"03";"2024";"12:55";"1";"75";"75108";"2";"3";"8";"2";"AVENUE DE MARIGNY";"48,87106500";"2,31638700"
"202400027524";"18";"12";"2024";"14:33";"1";"93";"93059";"2";"1";"1";"3";"JEAN MERMOZ (N°59 AU 185)";"48,96992000";"2,36561000"
"202400027525";"23";"01";"2024";"13:50";"1";"06";"06069";"2";"1";"1";"1";"Route de Draguignan";"43,64298400";"6,90852100"
"202400027526";"12";"04";"2024";"01:27";"5";"33";"33281";"2";"1";"1";"6";"N/A";"44,82691000";" -0,61455000"
"202400027527";"18";"12";"2024";"16:30";"1";"93";"93066";"2";"1";"1";"3";"WILSON (AVENUE DU PRESIDENT)";"48,92071000";"2,35771000"
"202400027528";"5";"03";"2024";"19:30";"5";"75";"75107";"2";"3";"2";"6";"QUAI D ORSAY";"48,86228300";"2,30632400"
"202400027529";"18";"12";"2024";"18:05";"5";"93";"93055";"2";"1";"8";"1";"JEAN JAURES (AVENUE) (76/128)";"48,90319000";"2,39169000"
"202400027530";"22";"01";"2024";"17:55";"5";"01";"01053";"2";"2";"2";"3";"MONTHOLON (RUE) IMPAIR";"46,19683000";"5,21047000"
"202400027531";"5";"03";"2024";"10:00";"1";"75";"75102";"2";"2";"1";"6";"RUE ETIENNE MARCEL";"48,86442800";"2,34669900"
"202400027532";"11";"04";"2024";"15:00";"1";"33";"33119";"2";"8";"1";"3";"N/A";"44,85507147";" -0,53566262"
"202400027533";"18";"12";"2024";"18:55";"5";"93";"93051";"2";"1";"1";"3";"REIMS";"48,84554000";"2,56530000"
"202400027534";"23";"01";"2024";"08:55";"1";"75";"75117";"2";"1";"1";"2";"PORTE DE CLICHY";"48,88923700";"2,29615400"
"202400027535";"12";"04";"2024";"23:50";"5";"33";"33529";"2";"1";"1";"7";"N/A";"44,62949800";" -1,14153700"
"202400027536";"5";"03";"2024";"20:30";"5";"94";"94078";"2";"1";"2";"6";"93 Av du Pdt J Fitzgerald Kennedy";"48,73669700";"2,46783500"
"202400027537";"18";"12";"2024";"11:20";"1";"93";"93047";"2";"1";"8";"6";"LAVOIR (RUE DU)";"48,90126029";"2,57203150"
"202400027538";"23";"01";"2024";"13:00";"1";"75";"75119";"2";"1";"1";"6";"AVENUE MATHURIN MOREAU";"48,87876400";"2,37736200"
"202400027539";"12";"04";"2024";"19:05";"1";"33";"33529";"2";"1";"1";"7";"N/A";"44,64616400";" -1,16405073"
"202400027540";"5";"03";"2024";"08:30";"1";"94";"94068";"2";"3";"8";"3";"Boulevard de Créteil / Zone d'Activité";"48,79907000";"2,47334000"
"202400027541";"18";"12";"2024";"12:25";"1";"92";"92062";"2";"3";"1";"3";"WALLACE (BD RICHARD) DU 17 AU 91 ET DU 3";"48,88240478";"2,23448731"
"202400027542";"23";"01";"2024";"21:15";"5";"75";"75118";"2";"2";"1";"3";"RUE CAULAINCOURT";"48,88750200";"2,33337300"
"202400027543";"11";"04";"2024";"18:08";"1";"27";"27229";"2";"1";"1";"4";"GAMBETTA (BOULEVARD)";"49,01897100";"1,14721500"
"202400027544";"18";"12";"2024";"18:45";"3";"92";"92020";"2";"1";"1";"3";"FONTENAY RUE DE AUTRES N°";"48,79719000";"2,28608000"
"202400027545";"4";"03";"2024";"14:30";"1";"94";"94068";"2";"3";"1";"3";"Boulevard de Champigny / Rue Boileau";"48,80874000";"2,50950000"
"202400027546";"23";"01";"2024";"08:00";"2";"75";"75117";"2";"4";"1";"7";"BOULEVARD GOUVION SAINT CYR";"48,88223400";"2,28616300"
"202400027547";"18";"12";"2024";"11:15";"1";"92";"92044";"2";"1";"1";"7";"MARIUS AUFAN(RUE) 69+ ET 80+";"48,89442007";"2,28136629"
"202400027548";"12";"04";"2024";"10:30";"1";"19";"19031";"2";"6";"1";"2";"TEINCHURIER (AVENUE DU)";"45,14684000";"1,48265000"
"202400027549";"18";"12";"2024";"18:50";"5";"92";"92040";"2";"2";"1";"6";"VICTOR CRESSON (AVENUE) DU 29 AU 77";"48,82122000";"2,26138000"
"202400027550";"11";"04";"2024";"21:10";"2";"19";"19031";"2";"9";"1";"7";"BRUNE (BOULEVARD)";"45,15331608";"1,53626025"
"202400027551";"22";"01";"2024";"16:50";"1";"75";"75116";"2";"2";"1";"3";"AVENUE DE L HIPPODROME";"48,85856900";"2,24485100"
"202400027552";"18";"12";"2024";"00:10";"5";"92";"92036";"2";"4";"8";"6";"MARCEL ROYER (RUE)";"48,91532656";"2,29621835"
"202400027553";"18";"12";"2024";"20:00";"5";"92";"92026";"2";"2";"1";"3";"VERDUN (DE 01 A 61)";"48,90042208";"2,26080760"
"202400027554";"23";"01";"2024";"13:00";"1";"75";"75114";"2";"2";"1";"3";"RUE JULIA BARTET";"48,82544800";"2,30230900"
"202400027555";"18";"12";"2024";"14:15";"1";"92";"92026";"2";"1";"1";"2";"BEZONS (DE 23 A FIN)";"48,89564063";"2,24936754"
"202400027556";"23";"01";"2024";"21:30";"5";"75";"75108";"2";"7";"2";"7";"AVENUE DES CHAMPS ELYSEES";"48,86585800";"2,31988400"
"202400027557";"11";"04";"2024";"15:50";"1";"15";"15014";"1";"9";"1";"3";"RD 120";"44,93085000";"2,42634000"
"202400027558";"23";"01";"2024";"11:45";"1";"75";"75108";"2";"2";"2";"3";"BOULEVARD HAUSSMANN";"48,87494300";"2,31848200"
"202400027559";"18";"12";"2024";"20:10";"5";"92";"92024";"2";"2";"2";"3";"JEAN JAURES (BD) DE (120 A 138)";"48,90830210";"2,29992673"
"202400027560";"11";"04";"2024";"12:45";"1";"15";"15012";"2";"1";"1";"2";"Avenue du Général Leclerc";"44,90198000";"2,46962000"
"202400027561";"18";"12";"2024";"19:25";"5";"92";"92012";"2";"1";"1";"3";"PIERRE LEFAUCHEUX (AVENUE)";"48,82432287";"2,24194765"
"202400027562";"23";"01";"2024";"21:10";"5";"94";"94016";"2";"3";"1";"6";"Rue du Moulin de Cachan / Rue du Parc de Cachan";"48,78915600";"2,33357900"
"202400027563";"18";"12";"2024";"23:15";"4";"37";"37216";"2";"1";"2";"6";"2 Rue Louis Perrotin";"47,14621200";"0,53806300"
"202400027564";"12";"04";"2024";"23:30";"5";"13";"13204";"2";"9";"1";"6";"FRANCOISE DUPARC (BOULEVARD)";"43,30937000";"5,40305000"
"202400027565";"23";"01";"2024";"15:40";"1";"94";"94011";"2";"9";"2";"3";"Rue Pierre Sémard / Carrefour de la Ballastière";"48,76267000";"2,47862000"
"202400027566";"18";"12";"2024";"17:10";"2";"38";"38378";"2";"3";"1";"6";"Rue Maréchal Leclerc";"45,43964700";"4,77205200"
"202400027567";"22";"01";"2024";"17:00";"1";"94";"94017";"2";"1";"1";"3";"Avenue du Général de Gaulle";"48,82308000";"2,49468000"
"202400027568";"12";"04";"2024";"18:40";"1";"13";"13209";"1";"1";"1";"1";"COL DE LA GINESTE D559";"43,24203000";"5,45319000"
"202400027569";"23";"01";"2024";"08:15";"1";"93";"93073";"2";"1";"1";"6";"Rue Pierre Brossolette";"48,94949000";"2,57367000"
"202400027570";"19";"12";"2024";"12:10";"1";"52";"52058";"1";"1";"3";"1";"D200";"48,17871000";"5,14051800"
"202400027571";"23";"01";"2024";"07:05";"5";"93";"93046";"2";"4";"1";"6";"Avenue Gambetta / Avenue Astride Briand";"48,91525635";"2,52859656"
"202400027572";"12";"04";"2024";"06:35";"2";"13";"13209";"2";"9";"1";"3";"MICHELET (BOULEVARD)";"43,25228000";"5,40325000"
"202400027573";"23";"01";"2024";"20:34";"5";"93";"93039";"2";"2";"1";"3";"Rue Mechin / Avenue Jean Jaurès";"48,93571800";"2,33858200"
"202400027574";"19";"12";"2024";"11:55";"1";"26";"26169";"1";"1";"1";"3";"Autoroute A7 - PK 125.000";"44,47626800";"4,76670400"
"202400027575";"11";"04";"2024";"20:10";"5";"13";"13213";"2";"2";"1";"3";"ROSE (AVENUE DE LA)";"43,32636000";"5,42155000"
"202400027576";"22";"01";"2024";"21:00";"5";"93";"93066";"2";"1";"1";"2";"Avenue du Président Wilson";"48,90520000";"2,35888000"
"202400027577";"12";"12";"2024";"05:35";"5";"01";"01285";"2";"2";"1";"3";"D933";"45,91041000";"4,81606200"
"202400027578";"23";"01";"2024";"09:00";"1";"93";"93048";"2";"3";"1";"6";"Boulevard Aristide Briand / Avenue Paul Signac";"48,86979000";"2,44952000"
"202400027579";"23";"01";"2024";"02:50";"5";"93";"93007";"2";"1";"1";"6";"Avenue Jacques Duclos";"48,94264382";"2,46774025"
"202400027580";"12";"04";"2024";"15:00";"1";"13";"13047";"1";"1";"1";"4";"RN 569";"43,52860183";"4,96090677"
"202400027581";"23";"01";"2024";"09:05";"1";"93";"93001";"2";"2";"1";"6";"Avenue de la République / Rue Henri Barbusse";"48,90611802";"2,38958162"
"202400027582";"11";"04";"2024";"02:00";"5";"13";"13004";"2";"3";"6";"3";"BD GEORGES CLEMENCEAU";"43,67430000";"4,62161000"
"202400027583";"23";"01";"2024";"05:56";"5";"93";"93001";"2";"5";"1";"3";"Avenue du Président Roosevelt / Boulevard Anatole France / Rue du Moutier";"48,91486856";"2,38115251"
"202400027584";"12";"04";"2024";"17:15";"1";"10";"10387";"2";"2";"1";"3";"Mail Saint - Dominique";"48,29470000";"4,08246000"
"202400027585";"12";"04";"2024";"07:20";"1";"06";"06069";"2";"1";"1";"2";"Route de Pégomas";"43,64008900";"6,93432200"
"202400027586";"12";"04";"2024";"12:35";"1";"75";"75115";"2";"1";"1";"2";"BD Périphérique Exterieur";"48,83189700";"2,28169000"
"202400027587";"22";"01";"2024";"10:25";"1";"93";"93001";"2";"1";"2";"5";"Rue de la Haie Coq";"48,90606200";"2,37280100"
"202400027588";"12";"04";"2024";"07:00";"2";"75";"75116";"2";"1";"1";"7";"BD Périphérique Exterieur";"48,87522800";"2,27651200"
"202400027589";"23";"01";"2024";"11:20";"1";"92";"92063";"2";"6";"2";"3";"HUGO (AVENUE VICTOR)";"48,88315517";"2,18035841"
"202400027590";"12";"04";"2024";"09:55";"1";"75";"75112";"2";"1";"1";"3";"BD PERIPHERIQUE EXTERIEUR";"48,82807000";"2,39629800"
"202400027591";"23";"01";"2024";"15:08";"1";"92";"92050";"2";"3";"1";"2";"PAQUERETTES RUE DES";"48,90851438";"2,21487410"
"202400027592";"23";"01";"2024";"08:03";"1";"92";"92050";"2";"1";"1";"6";"PROVINCES FRANCAISES BD DES";"48,89982817";"2,21398669"
"202400027593";"9";"04";"2024";"23:20";"5";"75";"75114";"2";"1";"1";"5";"BD PERIPHERIQUE EXTERIEUR";"48,82256100";"2,31416900"
"202400027594";"23";"01";"2024";"08:30";"1";"92";"92048";"2";"1";"1";"3";"ROBERT JULIEN LANEN (RUE) N° 1 A 15";"48,81536291";"2,24633467"
"202400027595";"7";"04";"2024";"00:10";"5";"75";"75119";"2";"1";"1";"6";"ECHANGEUR VILLETTE";"48,90013000";"2,38489000"
"202400027596";"23";"01";"2024";"10:35";"1";"92";"92044";"2";"1";"8";"2";"MAURICE RAVEL (RUE)";"48,89007218";"2,29405001"
"202400027597";"22";"01";"2024";"16:45";"1";"92";"92044";"2";"1";"1";"6";"P.V.COUTURIER(RUE)65A79 ET50A58";"48,89704000";"2,28918000"
"202400027598";"12";"04";"2024";"12:00";"1";"75";"75120";"2";"2";"1";"6";"RUE DES VIGNOLES";"48,85524700";"2,40148700"
"202400027599";"23";"01";"2024";"11:41";"1";"92";"92023";"1";"1";"2";"3";"MARIE FICHET (RUE)";"48,77859914";"2,22896665"
"202400027600";"12";"04";"2024";"10:50";"1";"75";"75119";"2";"3";"1";"6";"AVENUE JEAN JAURES";"48,88307600";"2,37148300"
"202400027601";"23";"01";"2024";"18:35";"3";"95";"95487";"1";"1";"1";"6";"D301";"49,14855336";"2,24857092"
"202400027602";"12";"04";"2024";"17:30";"1";"75";"75118";"2";"2";"1";"6";"RUE DES POISSONNIERS";"48,89048000";"2,35148400"
"202400027603";"12";"04";"2024";"18:00";"1";"75";"75116";"2";"7";"1";"2";"AVENUE DE VERSAILLES";"48,84729800";"2,27359200"
"202400027604";"23";"01";"2024";"20:55";"3";"26";"26166";"1";"1";"1";"4";"Autoroute A7 PK 094.200";"44,75103100";"4,79033900"
"202400027605";"12";"04";"2024";"19:00";"1";"75";"75115";"2";"3";"1";"2";"BOULEVARD VICTOR";"48,83397200";"2,28536800"
"202400027606";"24";"01";"2024";"11:15";"1";"86";"86028";"1";"1";"1";"7";"D139";"46,59655200";"0,48140000"
"202400027607";"12";"04";"2024";"16:45";"1";"75";"75115";"2";"2";"1";"6";"RUE BRANCION";"48,83475200";"2,30521000"
"202400027608";"23";"01";"2024";"08:00";"5";"58";"58102";"2";"1";"8";"3";"rue de beauséjour";"47,37729400";"3,11348800"
"202400027609";"22";"01";"2024";"17:50";"2";"85";"85215";"1";"9";"8";"3";"RD 137";"46,84962500";" -1,16341750"
"202400027610";"12";"04";"2024";"15:00";"1";"75";"75115";"2";"4";"1";"3";"RUE BARGUE";"48,83762000";"2,30963900"
"202400027611";"23";"01";"2024";"10:00";"1";"47";"47165";"2";"1";"1";"7";"Rue Edouard Giresse";"44,51980500";"0,03917900"
"202400027612";"24";"01";"2024";"06:20";"3";"59";"59229";"1";"1";"8";"3";"D42";"50,03932300";"4,02713300"
"202400027613";"12";"04";"2024";"16:40";"1";"75";"75114";"2";"4";"1";"6";"AVENUE DU MAINE";"48,83021400";"2,32591400"
"202400027614";"24";"01";"2024";"16:00";"1";"56";"56185";"1";"1";"1";"3";"Kersalic";"47,77887300";" -3,43086200"
"202400027615";"24";"01";"2024";"11:15";"1";"65";"65025";"2";"1";"1";"2";"8 Rue du Général Leclerc";"43,00399600";" -0,10123200"
"202400027616";"12";"04";"2024";"15:16";"1";"75";"75114";"2";"7";"1";"6";"AVENUE JEAN MOULIN";"48,82781100";"2,32661200"
"202400027617";"12";"04";"2024";"11:15";"1";"75";"75113";"2";"7";"1";"6";"RUE VULPIAN";"48,83259400";"2,34686400"
"202400027618";"23";"01";"2024";"08:40";"1";"65";"65025";"2";"2";"1";"3";"Avenue Robert Coll";"43,00636608";" -0,09335716"
"202400027619";"12";"04";"2024";"21:25";"5";"75";"75110";"2";"2";"1";"6";"RUE DE LA GRANGE AUX BELLES";"48,87324800";"2,36421800"
"202400027620";"12";"04";"2024";"14:53";"1";"75";"75109";"2";"2";"1";"6";"RUE SAINT LAZARE";"48,87559400";"2,32661500"
"202400027621";"23";"01";"2024";"10:10";"1";"33";"33424";"1";"9";"8";"4";"N/A";"45,13946800";" -0,81824000"
"202400027622";"12";"04";"2024";"16:58";"1";"75";"75102";"2";"2";"1";"7";"BOULEVARD DE SEBASTOPOL";"48,86622900";"2,35253500"
"202400027623";"23";"01";"2024";"18:45";"5";"63";"63058";"2";"1";"1";"6";"Lieu-dit les raymonds";"45,88962602";"3,38890672"
"202400027624";"23";"01";"2024";"20:00";"2";"42";"42323";"2";"2";"1";"3";"Rue du Stade";"45,56676000";"4,29641600"
"202400027625";"12";"04";"2024";"16:55";"1";"94";"94081";"2";"2";"7";"3";"Avenue Rouget de Lisle / Avenue de la Commune de Paris";"48,78266422";"2,39392161"
"202400027626";"12";"04";"2024";"14:50";"1";"94";"94081";"2";"2";"7";"3";"Rue Berthie Albrecht / Rue Edith Cavell";"48,79908684";"2,41141140"
"202400027627";"23";"01";"2024";"14:00";"1";"42";"42021";"1";"1";"1";"1";"Route de Margerie";"45,51410200";"4,09682200"
"202400027628";"11";"04";"2024";"12:45";"1";"94";"94068";"2";"1";"1";"6";"Rue du Pont de Créteil";"48,80461000";"2,47171000"
"202400027629";"24";"01";"2024";"08:00";"2";"41";"41233";"2";"1";"2";"1";"43 Rue du Bourg Neuf";"47,43498400";"1,29147500"
"202400027630";"8";"04";"2024";"13:30";"1";"94";"94058";"2";"1";"1";"6";"Rue Jean d'Estienne d'Orves";"48,84052900";"2,49878200"
"202400027631";"23";"01";"2024";"15:10";"1";"29";"29004";"1";"1";"2";"6";"Saint Lucas";"47,92162100";" -3,69444400"
"202400027632";"12";"04";"2024";"18:50";"1";"94";"94046";"2";"3";"1";"6";"Rue Paul Bert / Quai Fernand Saguet";"48,81560000";"2,42580000"
"202400027633";"23";"01";"2024";"13:15";"1";"01";"01449";"1";"1";"1";"6";"D93";"46,00627000";"5,25829900"
"202400027634";"12";"04";"2024";"18:45";"1";"94";"94016";"2";"3";"1";"3";"Avenue de la Division Leclerc / Avenue Vatier";"48,78831000";"2,33031000"
"202400027635";"24";"01";"2024";"12:25";"1";"26";"26124";"1";"1";"1";"2";"RN-7, PK montant 58";"44,82238477";"4,86031294"
"202400027636";"12";"04";"2024";"21:20";"5";"94";"94073";"2";"3";"1";"3";"Avenue du Luxembourg";"48,75881000";"2,37251000"
"202400027637";"23";"01";"2024";"23:25";"5";"58";"58095";"2";"1";"1";"3";"Quai de Loire";"46,82977000";"3,46335900"
"202400027638";"11";"04";"2024";"05:30";"5";"94";"94033";"2";"6";"1";"3";"Rue Carnot";"48,85282000";"2,49074000"
"202400027639";"21";"01";"2024";"15:58";"1";"72";"72290";"1";"1";"2";"6";"lieu dit tete de loup";"48,16543662";"0,11095047"
"202400027640";"11";"04";"2024";"07:00";"2";"94";"94055";"2";"1";"1";"2";"Avenue du Général de Gaulle";"48,79100658";"2,53371933"
"202400027641";"12";"04";"2024";"10:00";"1";"93";"93050";"2";"3";"1";"6";"Avenue du 8 Mai 1945 / Rue d’Artois";"48,86497000";"2,53470000"
"202400027642";"24";"01";"2024";"18:40";"3";"14";"14504";"1";"1";"1";"2";"418 Route de Lisieux";"49,20619400";"0,33441800"
"202400027643";"24";"01";"2024";"12:09";"1";"64";"64155";"1";"1";"1";"7";"D933";"43,17794700";" -1,18071900"
"202400027644";"12";"04";"2024";"10:30";"1";"93";"93048";"2";"2";"1";"3";"Rue de Paris / Rue d’Alembert";"48,85474000";"2,41753000"
"202400027645";"23";"01";"2024";"18:30";"5";"16";"16005";"2";"7";"2";"7";"2 Rue de Saint-fraigne";"45,90010000";"0,01499400"
"202400027646";"12";"04";"2024";"08:54";"1";"93";"93046";"2";"2";"1";"6";"Boulevard Gutenberg / Avenue Vauban";"48,91289000";"2,51855000"
"202400027647";"23";"01";"2024";"18:37";"3";"04";"04123";"1";"3";"1";"6";"Intersection RD24 / La grande Bastide";"44,26140400";"5,87655400"
"202400027648";"12";"04";"2024";"00:10";"5";"93";"93032";"2";"3";"1";"3";"Avenue Jean Jaurès / Rue Clemenceau";"48,88312000";"2,52752000"
"202400027649";"24";"01";"2024";"18:40";"3";"85";"85157";"1";"1";"8";"6";"RD 7";"46,57177810";" -1,15635900"
"202400027650";"12";"04";"2024";"06:30";"4";"93";"93071";"2";"1";"1";"2";"Chemin de Savigny";"48,94158200";"2,52115500"
"202400027651";"24";"01";"2024";"12:15";"1";"87";"87057";"1";"3";"1";"3";"le Beauvert";"46,19222400";"1,23753900"
"202400027652";"12";"04";"2024";"13:52";"1";"92";"92036";"2";"6";"1";"3";"VERDUN (AVENUE) (IMPAIRS 1 A 25)";"48,93450000";"2,32090000"
"202400027653";"12";"04";"2024";"11:13";"2";"92";"92062";"2";"1";"1";"6";"PLACE DES DEGRES";"48,89095000";"2,23978000"
"202400027654";"23";"01";"2024";"08:30";"1";"30";"30003";"1";"1";"1";"2";"N/A";"43,56445400";"4,13070870"
"202400027655";"20";"05";"2024";"16:25";"1";"51";"51172";"2";"2";"1";"3";"CHANZY (RUE)";"49,22428000";"4,05183000"
"202400027656";"11";"04";"2024";"22:30";"5";"92";"92025";"2";"3";"1";"3";"CHARLES DE GAULLE (BD)";"48,90894769";"2,23656997"
"202400027657";"23";"01";"2024";"10:50";"1";"68";"68375";"1";"4";"1";"2";"D430";"47,82467244";"7,28745923"
"202400027658";"2";"09";"2024";"07:30";"1";"93";"93051";"1";"1";"1";"2";"A4";"48,83542191";"2,56797802"
"202400027659";"12";"04";"2024";"15:45";"1";"92";"92024";"2";"1";"1";"4";"MARTRE (RUE) DE (59 A 109)   (58 A 120)";"48,90111637";"2,30787849"
"202400027660";"24";"01";"2024";"06:45";"2";"978";"97801";"2";"1";"1";"1";"rn 7 la savane";"18,08554200";" -63,06605600"
"202400027661";"21";"05";"2024";"14:30";"1";"44";"44184";"2";"3";"1";"3";"23 Rue P. Augustin de Beaumarchais";"47,27530168";" -2,22063214"
"202400027662";"16";"01";"2024";"18:44";"3";"91";"91179";"1";"1";"1";"4";"RN 337";"48,55623000";"2,49696000"
"202400027663";"8";"04";"2024";"12:20";"1";"92";"92004";"2";"1";"1";"3";"GRESILLONS ( AVENUE DES  )";"48,91679421";"2,30617118"
"202400027664";"24";"01";"2024";"12:40";"1";"40";"40134";"1";"1";"1";"6";"A63";"44,21644700";" -0,92542600"
"202400027665";"12";"04";"2024";"22:25";"5";"92";"92002";"2";"1";"1";"6";"LEON JOUHAUX (AVENUE)";"48,73440773";"2,31143296"
"202400027666";"15";"08";"2024";"16:15";"1";"44";"44109";"2";"6";"1";"3";"Rond-Point de Vannes";"47,22967895";" -1,57235192"
"202400027667";"23";"01";"2024";"18:13";"3";"51";"51437";"1";"1";"1";"3";"A4 PK 121+600 sens METZ/PARIS";"49,22191000";"3,81593900"
"202400027668";"12";"04";"2024";"15:35";"1";"60";"60374";"2";"3";"1";"3";"Route de Coivrel";"49,55252800";"2,53279900"
"202400027669";"15";"08";"2024";"17:05";"1";"44";"44109";"2";"1";"1";"6";"6 Place du Sanitat";"47,21015160";" -1,56876267"
"202400027670";"24";"01";"2024";"14:45";"1";"73";"73039";"1";"1";"1";"2";"A43";"45,56890542";"5,66922516"
"202400027671";"4";"04";"2024";"17:59";"1";"51";"51141";"2";"4";"1";"3";"40 Rue du Colonel Caillot";"48,83726500";"4,51208400"
"202400027672";"14";"08";"2024";"16:30";"1";"44";"44109";"2";"1";"1";"7";"Boulevard Albert Einstein";"47,26192133";" -1,56556655"
"202400027673";"22";"05";"2024";"00:10";"5";"44";"44109";"2";"8";"1";"3";"45 Boulevard de Doulon";"47,22424000";" -1,52057000"
"202400027674";"23";"01";"2024";"15:00";"1";"987";"98731";"2";"1";"1";"6";"Village d'HATIHEU";" -8,82876000";" -140,08573700"
"202400027675";"12";"04";"2024";"11:15";"1";"42";"42332";"2";"3";"7";"6";"Route de la Mirandole";"46,01800600";"4,04878400"
"202400027676";"14";"08";"2024";"15:10";"1";"44";"44143";"2";"1";"1";"6";"74 Rue de la Commune de 1871";"47,18753790";" -1,55188710"