"Num_Acc";"jour";"mois";"an";"hrmn";"lum";"dep";"com";"agg";"int";"atm";"col";"adr";"lat";"long"
"202400027677";"20";"04";"2024";"10:45";"1";"39";"39300";"2";"1";"1";"6";"4 Place Perraud";"46,67621700";"5,55436000"
"202400027678";"12";"04";"2024";"23:08";"3";"77";"77505";"1";"1";"1";"2";"A4";"48,91440600";"2,97650100"
"202400027679";"22";"01";"2024";"11:48";"1";"37";"37014";"1";"3";"2";"3";"Route de Langeais";"47,27086133";"0,42693990"
"202400027680";"21";"05";"2024";"06:43";"2";"38";"38053";"2";"6";"1";"3";"BARBUSSE";"45,59880000";"5,26694000"
"202400027681";"13";"04";"2024";"15:45";"1";"83";"83148";"2";"2";"1";"3";"Chemin de la Verrerie Neuve";"43,39650400";"6,42099400"
"202400027682";"12";"04";"2024";"10:15";"1";"42";"42097";"1";"1";"1";"5";"A72";"45,49773000";"4,31346000"
"202400027683";"19";"01";"2024";"07:00";"2";100;100093";"1";"1";"1";"3";"D151";"42,62120200";"8,91144100"
"202400027684";"12";"04";"2024";"21:50";"3";"83";"83048";"2";"1";"1";"7";"allée du train des pignes";"43,20608512";"6,56536433"
"202400027685";"11";"08";"2024";"13:00";"1";"44";"44109";"2";"6";"1";"3";"Route de la Chapelle sur Erdre";"47,26432372";" -1,57419383"
"202400027686";"20";"05";"2024";"10:40";"1";"37";"37261";"2";"1";"1";"3";"EIFFEL (AVENUE GUSTAVE)";"47,43565000";"0,69839000"
"202400027687";"23";"01";"2024";"18:00";"2";"66";"66065";"1";"1";"1";"6";"Chemin de la Mer";"42,59007300";"3,01089800"
"202400027688";"12";"04";"2024";"21:25";"3";"35";"35363";"1";"1";"1";"3";"N137";"47,99682635";" -1,69379890"
"202400027689";"10";"08";"2024";"13:30";"1";"44";"44109";"2";"1";"1";"7";"Place de la Duchesse Anne";"47,21673514";" -1,54709702"
"202400027690";"21";"05";"2024";"17:20";"1";"35";"35238";"2";"1";"1";"6";"CLEMENCEAU (BD GEORGES)";"48,09393520";" -1,67725035"
"202400027691";"21";"01";"2024";"14:40";"1";"83";"83068";"1";"1";"1";"3";"Route de la Garde Freinet";"43,27353400";"6,50967800"
"202400027692";"9";"08";"2024";"00:25";"5";"44";"44109";"2";"1";"1";"7";"Rue Louis Blanc";"47,20689023";" -1,55505164"
"202400027693";"21";"05";"2024";"15:30";"1";"35";"35238";"2";"1";"2";"6";"CANADA (AVENUE DU)";"48,08547306";" -1,68230185"
"202400027694";"12";"04";"2024";"18:20";"1";"62";"62042";"2";"1";"1";"1";"Rue du Chaufour";"50,30547011";"2,83467937"
"202400027695";"7";"08";"2024";"09:05";"1";"44";"44109";"2";"6";"1";"3";"45 Rue du Château de l'Eraudière";"47,24677655";" -1,53732249"
"202400027696";"13";"04";"2024";"19:00";"2";"56";"56094";"1";"1";"1";"7";"Lieu Dit Locjean";"47,76003400";" -3,21187000"
"202400027697";"21";"05";"2024";"10:00";"1";"35";"35238";"2";"6";"8";"3";"CHATEAU (AVENUE FRANCOIS)";"48,11183568";" -1,64635867"
"202400027698";"20";"01";"2024";"19:45";"3";"69";"69167";"1";"1";"8";"6";"Route du Cruizon";"46,02463000";"4,56860000"
"202400027699";"13";"04";"2024";"05:30";"3";"76";"76405";"1";"1";"1";"1";"N27";"49,83128400";"1,06550200"
"202400027700";"13";"04";"2024";"02:50";"3";100;100096";"1";"1";"1";"6";"RT 20 PK 79";"42,28147600";"9,16411600"
"202400027701";"20";"05";"2024";"01:10";"5";"34";"34172";"2";"1";"1";"7";"TOULOUSE (AVENUE DE";"43,59448000";"3,86095000"
"202400027702";"22";"06";"2024";"08:35";"1";"84";"84007";"2";"2";"1";"5";"PIERRE SEMARD (avenue)";"43,93399000";"4,83202000"
"202400027703";"23";"01";"2024";"16:00";"1";"35";"35240";"2";"6";"1";"3";"Avenue des Acquets";"48,09400000";" -1,79526700"
"202400027704";"21";"05";"2024";"10:50";"1";"33";"33281";"2";"2";"1";"6";"N/A";"44,84357000";" -0,65018000"
"202400027705";"13";"04";"2024";"10:30";"1";"32";"32107";"2";"1";"1";"7";"Avenue des Pyrénées";"43,94740000";"0,37223700"
"202400027706";"22";"06";"2024";"03:50";"5";"84";"84007";"2";"1";"1";"3";"QUAI SAINT LAZARE (Bd du)";"43,95253000";"4,81683000"
"202400027707";"22";"01";"2024";"00:05";"3";"69";"69389";"1";"1";"1";"2";"Route de Métropole 6";"45,77047000";"4,79185000"
"202400027708";"13";"04";"2024";"19:25";"1";"71";"71132";"1";"2";"1";"3";"la valteuse";"46,60191900";"4,27275900"
"202400027709";"21";"05";"2024";"08:40";"1";"33";"33063";"2";"3";"1";"3";"N/A";"44,86744000";" -0,55165000"
"202400027710";"21";"06";"2024";"13:15";"1";"84";"84007";"2";"1";"1";"1";"République (rue de la )";"43,94616000";"4,80570000"
"202400027711";"12";"04";"2024";"19:20";"1";"89";"89309";"1";"1";"1";"6";"route departementale 82";"48,26922600";"3,18195800"
"202400027712";"21";"05";"2024";"09:30";"1";"29";"29051";"2";"1";"1";"7";"Avenue de Coray";"48,00050105";" -4,04902187"
"202400027713";"23";"01";"2024";"15:28";"1";"92";"92002";"1";"1";"1";"5";"AUTOROUTE A10";"48,73300520";"2,31191432"
"202400027714";"13";"04";"2024";"14:30";"1";"89";"89345";"1";"1";"1";"7";"D905";"47,99965700";"3,69224300"
"202400027715";"21";"05";"2024";"09:50";"1";"29";"29039";"2";"1";"1";"6";"Rue Chateaubriand";"47,87162600";" -3,91954500"
"202400027716";"7";"08";"2024";"19:10";"1";"44";"44109";"2";"3";"1";"3";"Rue Dos d'Äne";"47,19774281";" -1,54242858"
"202400027717";"23";"01";"2024";"09:25";"1";"92";"92048";"1";"1";"1";"3";"N118";"48,78690915";"2,22253888"
"202400027718";"12";"04";"2024";"22:25";"3";"63";"63211";"1";"1";"1";"6";"lieu dit espinasse";"45,49333478";"3,75813425"
"202400027719";"20";"05";"2024";"09:35";"1";"27";"27562";"2";"9";"1";"6";"ROUEN (ROUTE DE )";"49,10200000";"1,46800000"
"202400027720";"23";"01";"2024";"09:45";"1";"78";"78545";"1";"1";"8";"4";"A12 Y";"48,81035000";"2,05563400"
"202400027721";"6";"08";"2024";"06:30";"2";"44";"44109";"2";"2";"1";"3";"42 Rue de Strasbourg";"47,21900173";" -1,55381337"
"202400027722";"21";"05";"2024";"18:05";"1";"25";"25388";"2";"9";"1";"3";"LUDWIGSBURG (ROND POINT DE)";"47,50326000";"6,81192000"
"202400027723";"12";"04";"2024";"08:50";"1";"76";"76711";"2";"1";"1";"3";"Route d?Eu";"50,05581800";"1,38873000"
"202400027724";"23";"01";"2024";"09:30";"1";"92";"92036";"1";"1";"1";"3";"AUTOROUTE A15";"48,93788866";"2,29766722"
"202400027725";"21";"05";"2024";"10:40";"1";"13";"13019";"1";"1";"1";"1";"ROUTE D’APT";"43,42368000";"5,36752000"
"202400027726";"3";"08";"2024";"14:06";"1";"44";"44109";"2";"1";"1";"6";"95 rue Gambetta";"47,21955538";" -1,54888054"
"202400027727";"12";"04";"2024";"22:57";"3";"12";"12077";"1";"1";"1";"7";"D7";"43,89558100";"3,17073600"
"202400027728";"22";"01";"2024";"17:25";"1";"93";"93066";"1";"1";"1";"2";"A1";"48,90987370";"2,35830324"
"202400027729";"28";"05";"2024";"15:50";"1";"42";"42095";"2";"1";"1";"6";"Impasse des Artisans";"45,38824000";"4,29933000"
"202400027730";"21";"05";"2024";"14:07";"1";"13";"13203";"2";"3";"1";"1";"FÉLIX PYAT (RUE)";"43,31998000";"5,37435000"
"202400027731";"23";"01";"2024";"19:00";"3";"93";"93051";"1";"1";"2";"2";"A4";"48,83625354";"2,55187896"
"202400027732";"13";"04";"2024";"15:37";"1";"86";"86085";"1";"1";"1";"6";"D7";"46,86031300";"0,22134100"
"202400027733";"21";"05";"2024";"12:00";"1";"13";"13208";"2";"1";"1";"3";"MICHELET (BOULEVARD)";"43,26420309";"5,39599938"
"202400027734";"25";"05";"2024";"00:45";"5";"42";"42044";"2";"3";"1";"3";"Avenue André Citroën";"45,39298000";"4,30285000"
"202400027735";"23";"01";"2024";"13:50";"1";"94";"94069";"1";"1";"8";"3";"A4";"48,81713893";"2,44226193"
"202400027736";"20";"05";"2024";"19:30";"1";"13";"13207";"2";"1";"1";"3";"CHARLES LIVON (BOULEVARD)";"43,29221000";"5,36381000"
"202400027737";"3";"08";"2024";"11:00";"1";"44";"44114";"2";"1";"1";"2";"2 Allée de Tilleuls";"47,25069722";" -1,60578370"
"202400027738";"23";"01";"2024";"09:25";"1";"94";"94073";"1";"1";"8";"3";"A86";"48,77107455";"2,38866733"
"202400027739";"12";"04";"2024";"18:06";"1";"86";"86016";"1";"1";"1";"1";"D18";"46,66936100";"0,29257900"
"202400027740";"21";"05";"2024";"15:30";"1";"13";"13028";"2";"1";"1";"2";"FONTSAINTE (AVENUE DE)";"43,19102000";"5,63886000"
"202400027741";"30";"07";"2024";"07:45";"2";"44";"44162";"2";"6";"1";"3";"1 Rue de la Johardière";"47,22382512";" -1,64392763"
"202400027742";"22";"01";"2024";"00:01";"5";"971";"97120";"2";"9";"1";"6";"CHANZY (BOULEVARD)";"16,24120406";" -61,53662324"
"202400027743";"21";"05";"2024";"09:15";"1";"13";"13001";"2";"1";"7";"3";"VAIR GUILLAUME DU (RUE)";"43,50445000";"5,39492000"
"202400027744";"12";"04";"2024";"16:55";"1";"22";"22377";"2";"3";"1";"3";"2 Rue de Kervalo";"48,66316500";" -2,87210400"
"202400027745";"30";"07";"2024";"22:20";"5";"44";"44109";"2";"2";"1";"3";"Pont de Pirmil";"47,19802795";" -1,54220486"
"202400027746";"12";"04";"2024";"17:45";"1";"39";"39577";"1";"1";"1";"1";"N/A";"46,80033900";"5,48820700"
"202400027747";"22";"01";"2024";"20:20";"5";"974";"97416";"1";"1";"1";"3";"DELISLES (ROUTE HUBERT) CD3";" -21,31879540";"55,54848129"
"202400027748";"27";"07";"2024";"14:45";"1";"44";"44109";"2";"1";"1";"2";"16 Boulevard Président René Coty";"47,20806867";" -1,58382286"
"202400027749";"21";"05";"2024";"12:00";"1";"06";"06088";"2";"1";"1";"6";"61 Boulevard Henri Sappia";"43,73113169";"7,25241918"
"202400027750";"22";"01";"2024";"20:35";"5";"974";"97416";"2";"1";"1";"5";"REPUBLIQUE(RUE DE LA)";" -21,33434000";"55,46540000"
"202400027751";"12";"04";"2024";"22:30";"3";"25";"25321";"1";"1";"1";"3";"Rue du Col";"47,05883800";"6,67716600"
"202400027752";"21";"05";"2024";"09:40";"1";"06";"06069";"2";"1";"1";"3";"62 Route de la Marigarde";"43,65388900";"6,93447900"
"202400027753";"22";"01";"2024";"05:45";"1";"974";"97416";"1";"4";"1";"6";"CALVAIRE(CHEMIN)";" -21,33809000";"55,51690000"
"202400027754";"1";"09";"2024";"07:38";"1";"94";"94044";"1";"1";"1";"5";"N406";"48,75781222";"2,47055049"
"202400027755";"22";"01";"2024";"11:30";"1";"974";"97409";"2";"1";"1";"3";"Lefaguyes (chemin)";" -20,96098000";"55,66187000"
"202400027756";"21";"05";"2024";"20:15";"1";"01";"01451";"1";"6";"8";"7";"STRASBOURG (ROUTE DE)";"46,24030600";"5,26586900"
"202400027757";"13";"04";"2024";"16:59";"1";"44";"44087";"2";"1";"1";"1";"Boulevard de l’atlantique";"46,99838600";" -1,81441000"
"202400027758";"11";"04";"2024";"18:10";"1";"67";"67230";"1";"1";"1";"5";"RHIN (ROUTE DU)";"48,79697000";"7,83926000"
"202400027759";"21";"01";"2024";"19:05";"3";"973";"97302";"2";"1";"1";"6";"BOULEVARD DES CITES";"4,92210000";" -52,31696000"
"202400027760";"2";"09";"2024";"19:20";"5";"974";"97416";"2";"3";"1";"6";"RAIMBAULT (RUE DU PERE)";" -21,33321000";"55,47149000"
"202400027761";"12";"04";"2024";"17:40";"1";"29";"29276";"2";"2";"1";"3";"Route de Cléder";"48,66656968";" -4,06963896"
"202400027762";"22";"01";"2024";"18:50";"2";"69";"69388";"2";"2";"1";"3";"Boulevard des Etats-Unis";"45,73111000";"4,86600000"
"202400027763";"21";"05";"2024";"10:50";"1";"75";"75116";"2";"1";"1";"2";"BD PERIPHERIQUE INTERIEUR";"48,84053000";"2,25409900"
"202400027764";"12";"04";"2024";"19:40";"1";"29";"29007";"1";"1";"1";"7";"D769";"48,43631358";" -3,77292415"
"202400027765";"1";"09";"2024";"20:55";"3";"974";"97411";"1";"9";"1";"6";"LITTORAL (ROUTE 1 DU)";" -20,87740000";"55,40766000"
"202400027766";"21";"01";"2024";"21:00";"5";"972";"97209";"2";"1";"1";"6";"Bretelle sortie A1";"14,61456000";" -61,04943000"
"202400027767";"13";"04";"2024";"08:30";"1";"31";"31027";"1";"1";"1";"2";"D622";"43,33066400";"1,35931100"
"202400027768";"22";"01";"2024";"11:15";"1";"971";"97120";"2";"1";"1";"7";"Amitié des peuples";"16,24883000";" -61,54646000"
"202400027769";"31";"08";"2024";"15:55";"1";"974";"97411";"2";"1";"1";"3";"GAULLE (DU GENERAL DE)";" -20,88489000";"55,46003000"
"202400027770";"21";"05";"2024";"07:15";"1";"75";"75119";"2";"1";"1";"4";"BD PERIPHERIQUE EXTERIEUR";"48,90060600";"2,37393300"
"202400027771";"17";"02";"2024";"19:00";"3";"38";"38463";"2";"2";"1";"7";"D32";"45,15670500";"5,32781700"
"202400027772";"1";"09";"2024";"02:55";"5";"971";"97113";"1";"1";"1";"3";"SECTION LABROUSSE";"16,21815000";" -61,50914000"
"202400027773";"20";"01";"2024";"02:30";"5";"971";"97101";"1";"9";"1";"4";"MORNE BERNUS";"16,23375996";" -61,52397394"
"202400027774";"13";"04";"2024";"10:51";"1";"38";"38183";"1";"1";"1";"6";"Route de la Ville";"45,59548300";"5,59217000"
"202400027775";"21";"05";"2024";"05:40";"2";"75";"75118";"2";"1";"1";"2";"BD PERIPHERIQUE INTERIEUR";"48,90098400";"2,34803800"
"202400027776";"31";"08";"2024";"19:30";"5";"971";"97113";"1";"1";"1";"2";"GRAND BAIE ( RN4)";"16,21836000";" -61,50680000"
"202400027777";"22";"01";"2024";"22:17";"5";"95";"95598";"2";"9";"1";"3";"D109P";"48,98786359";"2,30094458"
"202400027778";"21";"05";"2024";"16:30";"1";"75";"75112";"2";"3";"2";"6";"AVENUE DAUMESNIL";"48,84660500";"2,37667800"
"202400027779";"13";"04";"2024";"10:45";"1";"02";"02222";"1";"1";"1";"1";"D35";"49,69062400";"3,47114000"
"202400027780";"22";"01";"2024";"16:30";"1";"91";"91434";"2";"1";"7";"6";"DOCTEUR ROUX (PAIRS DU 16 AU 126)  (AVEN";"48,66279000";"2,35821000"
"202400027781";"31";"08";"2024";"06:00";"1";"971";"97113";"1";"1";"1";"6";"RN4 - SECTION RIVIERA";"16,20832000";" -61,46618000"
"202400027782";"21";"05";"2024";"13:10";"5";"75";"75119";"2";"1";"1";"6";"SOUTERRAIN PANTIN VILLETTE";"48,89128000";"2,39580000"
"202400027783";"13";"04";"2024";"10:05";"1";"03";"03155";"2";"1";"1";"6";"3 Rue du Docteur Vinatier";"46,72999100";"2,93895800"
"202400027784";"22";"01";"2024";"10:20";"1";"91";"91286";"2";"1";"1";"6";"SABLONS (AVENUE DES)";"48,65517200";"2,39131900"
"202400027785";"21";"05";"2024";"12:55";"1";"75";"75119";"2";"1";"1";"6";"AVENUE DE FLANDRE";"48,88938900";"2,37500300"
"202400027786";"21";"01";"2024";"16:13";"1";"91";"91433";"1";"1";"8";"7";"RN 20";"48,44621820";"2,17586964"
"202400027787";"21";"05";"2024";"10:40";"1";"75";"75117";"2";"1";"8";"2";"BOULEVARD PERSHING";"48,87995300";"2,28262600"
"202400027788";"13";"04";"2024";"10:00";"1";"15";"15261";"1";"2";"7";"3";"RD 922";"45,19983000";"2,37897600"
"202400027789";"2";"09";"2024";"11:35";"1";"91";"91477";"2";"9";"1";"2";"SAND (RUE GEORGES)";"48,70692000";"2,24347000"
"202400027790";"17";"01";"2024";"16:20";"1";"85";"85194";"2";"1";"1";"6";"68 Avenue d'aquitaine";"46,49393240";" -1,76431810"
"202400027791";"21";"05";"2024";"11:55";"1";"75";"75116";"2";"7";"1";"1";"AVENUE DU PRESIDENT WILSON";"48,86469741";"2,29418403"
"202400027792";"22";"01";"2024";"09:00";"1";"85";"85191";"2";"6";"2";"3";"RD 760";"46,67461000";" -1,42886000"
"202400027793";"31";"08";"2024";"11:57";"1";"87";"87085";"2";"3";"1";"3";"RHIN ET DANUBE (RUE)";"45,87983003";"1,30056202"
"202400027794";"13";"04";"2024";"17:00";"1";"26";"26108";"1";"9";"7";"2";"Route des Blaches";"44,72152500";"5,00811300"
"202400027795";"21";"05";"2024";"15:35";"1";"75";"75115";"2";"1";"1";"6";"RUE MODIGLIANI";"48,83849500";"2,27956300"
"202400027796";"22";"01";"2024";"15:30";"1";"84";"84087";"2";"1";"2";"6";"CHAMPLAIN (CHEMIN DE)";"44,15984000";"4,82845000"
"202400027797";"22";"08";"2024";"21:35";"5";"87";"87085";"2";"1";"1";"3";"BLANC LOUIS (BOULEVARD)";"45,82791000";"1,26114000"
"202400027798";"20";"05";"2024";"14:30";"1";"75";"75114";"2";"2";"1";"3";"RUE JULIA BARTET";"48,82547400";"2,30219100"
"202400027799";"21";"01";"2024";"08:50";"1";"84";"84007";"2";"1";"1";"1";"DOCTEUR PONS (Route touristique)";"43,95907000";"4,83205000"
"202400027800";"2";"09";"2024";"12:00";"1";"84";"84007";"2";"3";"1";"6";"CROIX DES OISEAUX (AVENUE DE LA)";"43,93020000";"4,82430000"
"202400027801";"26";"07";"2024";"20:35";"2";"51";"51454";"2";"1";"2";"1";"BUIRETTE (RUE)";"49,25461000";"4,02580000"
"202400027802";"13";"04";"2024";"12:00";"1";"54";"54536";"2";"2";"1";"3";"Rue Loris Batignani";"49,31649200";"5,91472700"
"202400027803";"21";"05";"2024";"17:00";"1";"75";"75113";"2";"3";"1";"3";"RUE DE LA POTERNE DES PEUPLIERS";"48,81928500";"2,35322600"
"202400027804";"20";"01";"2024";"16:40";"1";"30";"30011";"1";"6";"1";"4";"6580 (RD)";"43,95914000";"4,74606000"
"202400027805";"2";"09";"2024";"10:45";"1";"84";"84092";"2";"1";"1";"6";"ANTOINE PINAY (ALLEE)";"43,95332000";"4,88052000"
"202400027806";"24";"07";"2024";"22:15";"5";"50";"50129";"2";"1";"1";"1";"SALINE (BOULEVARD DE LA)";"49,65611000";" -1,65271000"
"202400027807";"12";"04";"2024";"20:10";"2";"45";"45127";"2";"2";"1";"3";"12 Rue de la Capioterie";"48,14450600";"2,76717600"
"202400027808";"21";"05";"2024";"09:10";"1";"75";"75112";"2";"1";"1";"6";"RUE DE BERCY";"48,84358200";"2,37396300"
"202400027809";"1";"09";"2024";"13:10";"1";"84";"84007";"2";"9";"1";"2";"CHARLES DE GAULLE";"43,94186000";"4,83251000"
"202400027810";"18";"01";"2024";"18:00";"5";"83";"83126";"2";"2";"1";"3";"DONICARDE (CHEMIN DE)";"43,09674654";"5,86804551"
"202400027811";"12";"04";"2024";"07:20";"1";"16";"16066";"1";"1";"1";"6";"N/A";"45,33974900";" -0,04748600"
"202400027812";"2";"09";"2024";"13:00";"1";"83";"83126";"2";"1";"1";"6";"MERLE (BD TOUSSAINT)";"43,10106739";"5,88797829"
"202400027813";"24";"07";"2024";"16:35";"1";"50";"50129";"2";"2";"1";"3";"CHAUDIERES (RUE DES)";"49,63754000";" -1,56852000"
"202400027814";"22";"01";"2024";"08:45";"1";"83";"83126";"2";"1";"1";"6";"LAMARQUE (AV JEAN ALBERT)";"43,10901000";"5,86134000"
"202400027815";"13";"04";"2024";"16:30";"1";"16";"16223";"1";"1";"1";"6";"D108";"45,66992950";"0,48563003"
"202400027816";"21";"05";"2024";"12:00";"1";"75";"75111";"2";"3";"1";"3";"BOULEVARD BEAUMARCHAIS";"48,85854500";"2,36789600"
"202400027817";"2";"09";"2024";"08:05";"1";"82";"82033";"1";"1";"1";"3";"Route de Toulouse";"44,03336000";"1,12140000"
"202400027818";"21";"05";"2024";"09:15";"1";"75";"75110";"2";"3";"1";"2";"PLACE FRANZ LISZT";"48,87773000";"2,35159000"
"202400027819";"26";"07";"2024";"06:30";"1";"47";"47001";"2";"4";"1";"1";"LIBERTE (BOULEVARD DE LA)";"44,19763000";"0,62030000"
"202400027820";"12";"04";"2024";"13:10";"1";"07";"07101";"1";"2";"1";"3";"Route de Fons-Julienne";"44,39315800";"4,27719500"
"202400027821";"1";"09";"2024";"23:15";"5";"78";"78621";"2";"1";"1";"3";"VERLAINE (SQUARE PAUL)";"48,78501000";"1,98653000"
"202400027822";"25";"07";"2024";"05:55";"2";"44";"44162";"2";"1";"1";"6";"3 Boulevard Charles De Gaulle";"47,21073000";" -1,62275000"
"202400027823";"21";"05";"2024";"20:05";"1";"75";"75109";"2";"2";"1";"6";"RUE LAFFITTE";"48,87153800";"2,33718600"
"202400027824";"12";"04";"2024";"13:00";"1";"07";"07120";"1";"1";"1";"2";"chemin du grand james";"44,81394800";"4,26643300"
"202400027825";"2";"09";"2024";"08:20";"1";"77";"77372";"2";"9";"7";"3";"PARIS  (RUE DE  )";"48,88057070";"2,68090739"
"202400027826";"21";"05";"2024";"15:42";"1";"75";"75108";"2";"1";"1";"3";"AVENUE DES CHAMPS ELYSEES";"48,86615600";"2,31906400"
"202400027827";"23";"07";"2024";"13:20";"1";"40";"40281";"2";"1";"1";"5";"SAILHÈS (CH. DE)";"43,86842000";" -0,48222000"
"202400027828";"22";"01";"2024";"16:00";"1";"77";"77258";"2";"6";"1";"1";"GABRIEL (RUE)";"48,83670000";"2,63854000"
"202400027829";"21";"05";"2024";"00:25";"5";"75";"75108";"2";"3";"3";"2";"AVENUE DE FRIEDLAND";"48,87400400";"2,29728300"
"202400027830";"26";"07";"2024";"10:40";"1";"38";"38185";"2";"2";"1";"6";"JEAN JAURES (COURS)";"45,18805000";"5,71895000"
"202400027831";"21";"01";"2024";"09:10";"1";"76";"76005";"2";"1";"2";"6";"Rue François Mitterrand";"49,40097000";"1,12516000"
"202400027832";"1";"09";"2024";"17:50";"1";"77";"77186";"1";"2";"1";"1";"RD 409 panneau ONF à LIBERATION";"48,41348000";"2,64520000"
"202400027833";"12";"04";"2024";"17:40";"1";"21";"21056";"1";"3";"7";"3";"D28A";"47,40395200";"5,18443000"
"202400027834";"21";"05";"2024";"08:30";"1";"75";"75107";"2";"1";"1";"4";"QUAI VOLTAIRE";"48,85860700";"2,33220900"
"202400027835";"27";"07";"2024";"00:45";"5";"33";"33063";"2";"3";"1";"2";"N/A";"44,82987000";" -0,55986000"
"202400027836";"22";"01";"2024";"11:35";"1";"76";"76351";"2";"1";"1";"7";"REPUBLIQUE (COURS DE LA)";"49,49677000";"0,12704000"
"202400027837";"7";"08";"2024";"22:25";"5";"76";"76351";"2";"2";"1";"3";"Cours de la République";"49,50005840";"0,12958414"
"202400027838";"12";"04";"2024";"08:55";"1";"40";"40117";"1";"2";"1";"3";"D824";"43,79225000";" -0,44526800"
"202400027839";"21";"05";"2024";"00:03";"5";"75";"75102";"2";"3";"3";"3";"BOULEVARD MONTMARTRE";"48,87170000";"2,34161100"
"202400027840";"26";"07";"2024";"14:15";"1";"32";"32013";"1";"1";"1";"3";"TOULOUSE (ROUTE DE)";"43,65412000";"0,60980000"
"202400027841";"22";"01";"2024";"07:50";"5";"76";"76351";"2";"2";"2";"3";"JULES LECESNE (RUE)";"49,49330000";"0,11861000"
"202400027842";"29";"08";"2024";"13:30";"1";"76";"76351";"2";"3";"1";"7";"Rue d'Etretat";"49,49720000";"0,09816000"
"202400027843";"21";"05";"2024";"14:30";"1";"94";"94003";"2";"1";"1";"7";"Avenue Aristide Briand";"48,81232000";"2,32827000"
"202400027844";"26";"07";"2024";"12:05";"1";"31";"31555";"2";"1";"1";"7";"AV DE FRONTON";"43,65139991";"1,43262120"
"202400027845";"12";"04";"2024";"17:25";"1";"04";"04094";"1";"3";"1";"3";"route départementale 952";"43,75765600";"5,90710900"
"202400027846";"20";"01";"2024";"19:30";"5";"76";"76351";"2";"4";"1";"3";"LEON HALLAURE";"49,51832000";"0,09577000"
"202400027847";"30";"08";"2024";"19:45";"1";"76";"76552";"2";"3";"1";"3";"TILLEULS";"49,51127000";"0,08579000"
"202400027848";"20";"05";"2024";"07:10";"1";"94";"94076";"2";"1";"1";"6";"Av du President Salvador Allende";"48,79799000";"2,34746000"
"202400027849";"26";"07";"2024";"08:15";"1";"29";"29254";"1";"1";"1";"6";"Allée Saint François";"48,59311284";" -3,84144017"
"202400027850";"12";"04";"2024";"15:50";"1";"30";"30228";"1";"1";"1";"3";"RD 136";"43,96158400";"4,33456800"
"202400027851";"19";"01";"2024";"21:50";"5";"76";"76351";"2";"2";"1";"7";"Avenue Paul Bert";"49,50928000";"0,16665000"
"202400027852";"21";"05";"2024";"13:05";"1";"94";"94073";"2";"5";"1";"3";"Avenue du Luxembourg / Rue d'Italie";"48,75952158";"2,37197453"
"202400027853";"13";"04";"2024";"06:50";"2";"48";"48190";"1";"1";"1";"6";"départementale 989";"44,81113100";"3,17203400"
"202400027854";"2";"09";"2024";"20:55";"5";"74";"74012";"2";"1";"1";"7";"GIFFRE (AVENUE DU)";"46,19643000";"6,23904000"
"202400027855";"19";"01";"2024";"09:00";"1";"76";"76351";"2";"3";"1";"6";"JEAN JAURES (AVENUE)";"49,49824000";"0,14804000"
"202400027856";"26";"07";"2024";"10:00";"1";"27";"27451";"1";"1";"1";"5";"FOCH (AVENUE DU MARECHAL)";"49,02777000";"1,11219000"
"202400027857";"2";"09";"2024";"11:45";"1";"72";"72003";"2";"1";"1";"6";"GAULLE CHARLES DE (AV)";"47,96917000";"0,15968000"
"202400027858";"12";"04";"2024";"17:10";"1";"13";"13118";"1";"3";"1";"3";"D10";"43,54907700";"5,24351500"
"202400027859";"22";"01";"2024";"20:05";"5";"74";"74012";"2";"6";"1";"6";"ETREMBIERES (RUE D')";"46,19030000";"6,23320000"
"202400027860";"1";"09";"2024";"08:15";"1";"72";"72181";"2";"1";"1";"6";"PETITE-VITESSE (BD DE LA)";"47,99315000";"0,19674000"
"202400027861";"26";"07";"2024";"20:00";"2";"26";"26252";"1";"9";"1";"2";"Rue Marcel Champion";"44,85851000";"4,89130000"
"202400027862";"13";"05";"2024";"17:15";"1";"94";"94017";"2";"3";"1";"4";"Voie Sonia Delaunay / Avenue des Grands Godets";"48,81262000";"2,53160000"
"202400027863";"13";"04";"2024";"17:59";"1";"01";"01049";"1";"1";"1";"6";"A42 sens LYON/GENÈVE PK 013+350 sens LYON/GENÈVE";"45,83535500";"5,03464000"
"202400027864";"21";"05";"2024";"11:10";"1";"93";"93070";"2";"1";"1";"6";"Rue Albert Dhalenne";"48,91621700";"2,33050700"
"202400027865";"26";"07";"2024";"16:50";"1";"17";"17380";"1";"1";"1";"1";"GRANDE COTE (AVENUE DE LA)";"45,65281000";" -1,12192000"
"202400027866";"21";"01";"2024";"16:05";"1";"72";"72181";"2";"6";"1";"3";"SAVORGNAN DE BRAZZA (AV) N° IMP";"48,00915000";"0,22679000"
"202400027867";"2";"09";"2024";"10:25";"1";"69";"69013";"2";"1";"1";"5";"Route Départementale 686";"46,01905000";"4,72073000"
"202400027868";"10";"04";"2024";"15:20";"1";"91";"91679";"1";"1";"1";"1";"départementale 938";"48,73851000";"2,10838800"
"202400027869";"30";"08";"2024";"20:50";"2";"67";"67043";"2";"1";"1";"6";"ROBERT KIEFFER (RUE)";"48,61646500";"7,75232400"