"Num_Acc";"jour";"mois";"an";"hrmn";"lum";"dep";"com";"agg";"int";"atm";"col";"adr";"lat";"long"
"202400027870";"21";"05";"2024";"18:00";"1";"93";"93064";"2";"1";"2";"3";"Rue Lachambaudie";"48,87786100";"2,50746500"
"202400027871";"12";"04";"2024";"16:45";"1";"49";"49223";"1";"9";"1";"7";"A87 - PK: 1+300 - BRETELLE SORTIE 23";"47,39323029";" -0,54007095"
"202400027872";"21";"01";"2024";"12:40";"1";"72";"72181";"2";"1";"8";"2";"DURAND GEORGES (AV) N° PAIRS 166 A 310";"47,97359900";"0,21589200"
"202400027873";"23";"07";"2024";"18:00";"1";"14";"14225";"2";"1";"1";"2";"113 Rue du Général de Gaulle";"49,28540000";" -0,11031900"
"202400027874";"2";"09";"2024";"04:05";"5";"67";"67482";"2";"3";"1";"7";"DOUBS (RUE DU)";"48,54972000";"7,73421000"
"202400027875";"21";"05";"2024";"14:10";"1";"93";"93051";"2";"1";"1";"3";"Avenue Médéric";"48,82947000";"2,57345000"
"202400027876";"22";"01";"2024";"19:15";"3";"69";"69266";"2";"1";"2";"6";"Boulevard Laurent Bonnevay";"45,78762000";"4,88163000"
"202400027877";"11";"04";"2024";"11:05";"1";"972";"97230";"1";"1";"1";"3";"Tartane";"14,75689300";" -60,92914600"
"202400027878";"22";"07";"2024";"18:40";"1";"14";"14341";"1";"6";"1";"2";"N814";"49,14561000";" -0,33800000"
"202400027879";"21";"05";"2024";"13:00";"1";"93";"93074";"1";"1";"1";"7";"D933";"48,93455000";"2,57668000"
"202400027880";"1";"09";"2024";"06:55";"2";"66";"66136";"1";"1";"8";"1";"N/A";"42,66713000";"2,89906000"
"202400027881";"6";"04";"2024";"14:50";"1";"37";"37072";"1";"1";"1";"6";"zone du blanc carroi";"47,18265400";"0,26487400"
"202400027882";"22";"01";"2024";"18:00";"5";"69";"69286";"2";"6";"3";"3";"Route de Strasbourg";"45,82940000";"4,90768000"
"202400027883";"21";"05";"2024";"09:24";"1";"93";"93074";"2";"1";"1";"2";"Boulevard Jacques Amyot";"48,93552129";"2,56842703"
"202400027884";"26";"07";"2024";"01:26";"5";"13";"13117";"1";"6";"1";"3";"CHEMIN DEPARTEMENTAL CD 20";"43,45396549";"5,23223673"
"202400027885";"1";"09";"2024";"19:45";"1";"64";"64445";"2";"3";"1";"6";"MONTPENSIER";"43,30402000";" -0,37571000"
"202400027886";"13";"04";"2024";"13:00";"1";"45";"45085";"2";"1";"1";"1";"Parking SUPER U";"47,83457800";"2,84082400"
"202400027887";"21";"05";"2024";"17:45";"1";"93";"93006";"2";"1";"2";"6";"Avenue du Général de Gaulle";"48,86494000";"2,41749400"
"202400027888";"22";"01";"2024";"17:30";"1";"69";"69275";"2";"3";"2";"6";"Rue de la Fraternité";"45,77138000";"4,95819000"
"202400027889";"27";"07";"2024";"00:20";"5";"13";"13208";"2";"1";"1";"2";"MADRAGUE DE MONTREDON (AVE DE LA) ";"43,23300000";"5,35840000"
"202400027890";"2";"09";"2024";"16:30";"1";"64";"64024";"2";"1";"1";"3";"MARCEL DASSAULT (AVENUE)";"43,50165000";" -1,49551000"
"202400027891";"22";"01";"2024";"19:00";"5";"69";"69091";"2";"2";"2";"6";"Avenue Youri Gagarine";"45,60183430";"4,77062421"
"202400027892";"12";"04";"2024";"17:45";"1";"77";"77034";"1";"3";"7";"6";"D215";"48,57677000";"2,78119300"
"202400027893";"21";"05";"2024";"11:45";"1";"93";"93047";"2";"7";"1";"6";"Place Jean Mermoz / Rue du Général Leclerc";"48,90146000";"2,57046000"
"202400027894";"26";"07";"2024";"22:00";"5";"13";"13206";"2";"2";"1";"3";"PIERRE PUGET (COURS)";"43,29043000";"5,37578000"
"202400027895";"9";"04";"2024";"20:10";"5";101;101041";"2";"1";"1";"7";"#Brancuccio#";"41,39039700";"9,17047800"
"202400027896";"1";"09";"2024";"10:35";"1";"63";"63212";"1";"3";"1";"3";"ROCADE RD 446";"45,88174573";"3,09607923"
"202400027897";"21";"01";"2024";"15:35";"1";"67";"67218";"2";"3";"1";"3";"PARC (RUE DU)";"48,53151000";"7,71455000"
"202400027898";"23";"07";"2024";"09:00";"1";"13";"13208";"2";"1";"1";"1";"HAMBOURG (BOULEVARD)";"43,25000845";"5,38938972"
"202400027899";"21";"05";"2024";"17:45";"1";"93";"93001";"2";"1";"8";"1";"Rue Danielle Casanova";"48,91644000";"2,39775000"
"202400027900";"2";"09";"2024";"18:20";"1";"63";"63113";"2";"1";"1";"3";"GANTIERE (RUE DE LA)";"45,76412000";"3,12340000"
"202400027901";"13";"04";"2024";"11:30";"1";"66";"66037";"2";"3";"1";"1";"N/A";"42,69844133";"3,00822616"
"202400027902";"22";"01";"2024";"08:20";"1";"63";"63113";"2";"1";"8";"2";"BERGOUGNAN (AVENUE RAYMOND)";"45,78434217";"3,06754053"
"202400027903";"26";"07";"2024";"18:40";"1";"13";"13047";"2";"1";"1";"3";"ANCIENS COMBATTANTS AVENUE DES";"43,49420000";"4,99261000"
"202400027904";"30";"04";"2024";"02:00";"5";"92";"92051";"2";"9";"1";"3";"CHARLES DE GAULLE (AVENUE, N°27 A 129)";"48,88250620";"2,26843983"
"202400027905";"2";"09";"2024";"11:05";"1";"61";"61006";"2";"1";"1";"6";"40 Rue de la République";"48,74602000";" -0,02143000"
"202400027906";"21";"05";"2024";"20:15";"1";"92";"92048";"2";"1";"1";"7";"ROUTE DES BOIS BLANCS";"48,80886616";"2,20592326"
"202400027907";"22";"01";"2024";"07:30";"2";"62";"62498";"2";"3";"2";"5";"D161E2";"50,43744742";"2,84684515"
"202400027908";"13";"04";"2024";"14:45";"1";"30";"30330";"1";"4";"1";"3";"D982";"44,03249400";"4,00288000"
"202400027909";"26";"07";"2024";"09:50";"1";"11";"11069";"2";"1";"1";"5";"N/A";"43,22825444";"2,33656373"
"202400027910";"2";"09";"2024";"21:40";"5";"59";"59512";"2";"1";"1";"1";"LAGACHE (AVENUE JULIEN)";"50,68387000";"3,19907000"
"202400027911";"12";"04";"2024";"16:50";"1";"34";"34199";"1";"1";"1";"7";"Route de Nizas";"43,48611200";"3,41364700"
"202400027912";"22";"01";"2024";"19:00";"3";"60";"60057";"1";"4";"2";"3";"Rue de Crevecoeur";"49,46634980";"2,07432014"
"202400027913";"21";"05";"2024";"16:45";"1";"34";"34202";"1";"1";"1";"4";"D5";"43,58590900";"3,79060500"
"202400027914";"25";"07";"2024";"19:10";"1";"11";"11069";"1";"1";"1";"3";"N/A";"43,21373000";"2,29799000"
"202400027915";"2";"09";"2024";"18:35";"1";"59";"59350";"2";"2";"1";"6";"Boulevard de la Lorraine";"50,63041900";"3,03510500"
"202400027916";"22";"01";"2024";"15:10";"1";"59";"59599";"2";"1";"1";"6";"Boulevard Gambetta";"50,71659000";"3,15831000"
"202400027917";"12";"04";"2024";"17:50";"1";"83";"83112";"2";"1";"1";"6";"Avenue de la Mer";"43,17936700";"5,68933500"
"202400027918";"20";"05";"2024";"17:20";"1";101;101272";"1";"1";"3";"7";"route de propriano";"41,65512200";"8,92430700"
"202400027919";"19";"01";"2024";"08:25";"1";"59";"59327";"1";"1";"4";"7";"TOURBIERES (CHEMIN DES)";"50,38655000";"3,18065000"
"202400027920";"25";"07";"2024";"10:10";"1";"11";"11069";"1";"1";"1";"2";"ROCADE NORD - RD 6113";"43,23356000";"2,36308000"
"202400027921";"2";"09";"2024";"08:40";"1";"59";"59009";"2";"2";"1";"3";"TOURNAI BOULEVARD DE";"50,61507000";"3,14105000"
"202400027922";"22";"01";"2024";"11:33";"1";"54";"54451";"1";"1";"4";"2";"Rue de Boismont";"49,50536000";"5,75232000"
"202400027923";"13";"04";"2024";"17:30";"1";"58";"58214";"1";"1";"1";"1";"D8";"47,07906500";"3,12238600"
"202400027924";"22";"05";"2024";"15:50";"1";"30";"30334";"2";"1";"1";"1";"Chemin Charles-François Landry";"44,02216100";"4,40290000"
"202400027925";"23";"07";"2024";"09:20";"1";"10";"10387";"2";"2";"2";"3";"ST DOMINIQUE (MAIL)";"48,29491000";"4,08184000"
"202400027926";"2";"09";"2024";"09:10";"1";"51";"51454";"2";"1";"1";"6";"VENISE (RUE)";"49,24660000";"4,03190000"
"202400027927";"22";"01";"2024";"18:55";"5";"53";"53130";"2";"1";"1";"1";"ATLANTIQUE ( AVENUE DE L' )";"48,06092038";" -0,78464270"
"202400027928";"13";"04";"2024";"15:50";"1";"63";"63470";"1";"1";"1";"7";"RD90 egaules";"45,84557578";"3,00534403"
"202400027929";"26";"07";"2024";"10:55";"1";"06";"06088";"1";"1";"1";"6";"75 Route d'Aspremont";"43,74322200";"7,24922100"
"202400027930";"31";"08";"2024";"11:41";"1";"49";"49323";"2";"1";"3";"7";"A87";"47,49565081";" -0,49884365"
"202400027931";"22";"01";"2024";"08:37";"1";"51";"51454";"2";"9";"1";"7";"SAINT THIERRY (RUE) DU N°52 A 136 ET DU";"49,26801100";"4,01676200"
"202400027932";"22";"05";"2024";"17:40";"1";"83";"83054";"2";"2";"1";"3";"Rue du Docteur Schweitzer";"43,15242800";"6,04321500"
"202400027933";"7";"04";"2024";"10:50";"1";"38";"38072";"2";"1";"1";"7";"Montee de Bouillard";"45,31103900";"4,82730000"
"202400027934";"20";"01";"2024";"04:06";"3";"49";"49007";"2";"1";"1";"7";"COUBERTIN BOULEVARD";"47,46267000";" -0,53225000"
"202400027935";"1";"09";"2024";"22:15";"5";"49";"49007";"2";"1";"1";"3";"PRE PIGEON";"47,46308000";" -0,55225000"
"202400027936";"26";"07";"2024";"16:40";"1";"06";"06069";"2";"3";"1";"3";"76 Boulevard Emmanuel Rouquier";"43,63963000";"6,94144000"
"202400027937";"21";"05";"2024";"15:25";"1";"56";"56231";"1";"1";"3";"6";"La Grée";"47,67840600";" -2,65558000"
"202400027938";"12";"04";"2024";"06:30";"1";"38";"38138";"1";"1";"1";"7";"D517";"45,73465800";"5,23447600"
"202400027939";"19";"01";"2024";"17:25";"1";"49";"49007";"2";"1";"1";"7";"THIERS";"47,47624000";" -0,55201000"
"202400027940";"26";"07";"2024";"09:45";"1";"06";"06029";"2";"1";"1";"6";"ALSACE ( BOULEVARD D')";"43,55278000";"7,02983000"
"202400027941";"13";"01";"2024";"16:15";"2";"42";"42103";"2";"1";"1";"2";"Rue Jean Jaurés";"45,50389000";"4,56911000"
"202400027942";"2";"09";"2024";"05:00";"5";"42";"42218";"2";"2";"1";"3";"Rue des Alliés";"45,44142700";"4,41642200"
"202400027943";"21";"05";"2024";"12:30";"1";"79";"79216";"1";"2";"2";"3";"N/A";"46,27079300";" -0,33472900"
"202400027944";"26";"07";"2024";"09:30";"1";"06";"06123";"2";"1";"1";"3";"Promenade Alain Gerbault";"43,65776000";"7,18490900"
"202400027945";"13";"04";"2024";"10:50";"1";"69";"69289";"2";"2";"1";"3";"Route de Givors";"45,64736300";"5,01489400"
"202400027946";"22";"01";"2024";"11:00";"1";"37";"37122";"2";"6";"3";"2";"JAURES (BOULEVARD JEAN)";"47,34684123";"0,65046930"
"202400027947";"31";"08";"2024";"12:30";"1";"39";"39198";"2";"1";"1";"6";"89 Avenue du General Eisenhower";"47,09889000";"5,50556300"
"202400027948";"23";"07";"2024";"17:48";"1";"05";"05061";"2";"1";"1";"6";"LADOUCETTE ( COURS )";"44,56175000";"6,08328000"
"202400027949";"22";"01";"2024";"14:20";"1";"35";"35238";"2";"1";"1";"6";"VEYETTES (DES)";"48,10183000";" -1,63328000"
"202400027950";"13";"04";"2024";"01:20";"3";"81";"81271";"1";"3";"1";"2";"D988";"43,78157500";"1,67567800"
"202400027951";"22";"01";"2024";"18:30";"5";"34";"34172";"2";"1";"1";"6";"PONT JUVENAL (AVENUE DU)";"43,60574000";"3,89356000"
"202400027952";"22";"05";"2024";"15:10";"1";"32";"32152";"1";"1";"1";"1";"D124";"43,40986400";"0,14926000"
"202400027953";"25";"07";"2024";"17:00";"1";"75";"75112";"2";"1";"1";"4";"BD PERIPHERIQUE EXTERIEUR";"48,84583100";"2,41444500"
"202400027954";"13";"04";"2024";"17:25";"1";"16";"16348";"1";"1";"1";"6";"RN141";"45,67028430";"0,03506183"
"202400027955";"2";"09";"2024";"14:00";"1";"37";"37233";"2";"3";"1";"2";"POMPIDOU (AVENUE GEORGES)";"47,39298498";"0,70619738"
"202400027956";"22";"01";"2024";"19:00";"5";"33";"33281";"2";"1";"9";"2";"N/A";"44,84820400";" -0,67940100"
"202400027957";"21";"05";"2024";"10:45";"1";"42";"42138";"1";"1";"1";"7";"Route de la Rate";"45,65035600";"4,35088600"
"202400027958";"26";"07";"2024";"00:40";"5";"75";"75115";"2";"1";"1";"3";"BD PERIPHERIQUE EXTERIEUR";"48,82579300";"2,29959300"
"202400027959";"10";"04";"2024";"14:45";"1";"56";"56213";"1";"1";"2";"7";"Pont Saint Caradec";"48,10513900";" -2,92112900"
"202400027960";"1";"09";"2024";"16:55";"1";"37";"37261";"2";"1";"1";"7";"CHEVALLIER (RUE AUGUSTE)";"47,37894083";"0,67986739"
"202400027961";"25";"07";"2024";"23:00";"5";"75";"75120";"2";"1";"1";"6";"BD PERIPHERIQUE EXTERIEUR";"48,86169800";"2,41391200"
"202400027962";"21";"05";"2024";"17:30";"1";"46";"46334";"1";"1";"2";"1";"D704";"44,71414500";"1,44345200"
"202400027963";"2";"09";"2024";"19:50";"2";"36";"36202";"1";"1";"1";"6";"Route de Gireugne";"46,77140642";"1,66132959"
"202400027964";"25";"07";"2024";"17:05";"1";"75";"75116";"2";"1";"1";"2";"BD PERIPHERIQUE EXTERIEUR";"48,83500600";"2,26134700"
"202400027965";"22";"01";"2024";"09:00";"1";"31";"31555";"1";"1";"1";"4";"18 MONTAUDRAN (PERIPH EST A61)";"43,56542000";"1,49381000"
"202400027966";"10";"04";"2024";"18:20";"1";"13";"13070";"1";"1";"1";"5";"A50-Sens Aubagne vers Marseille";"43,28520000";"5,51390000"
"202400027967";"21";"05";"2024";"18:00";"1";"41";"41237";"1";"2";"1";"1";"D956";"47,40213300";"1,45108600"
"202400027968";"2";"09";"2024";"16:00";"1";"35";"35281";"2";"2";"1";"5";"DODIN (AVENUE ROGER)";"48,09088000";" -1,70465000"
"202400027969";"22";"01";"2024";"07:00";"5";"29";"29232";"2";"1";"1";"2";"Rue de Concarneau";"47,99269000";" -4,08961000"
"202400027970";"12";"04";"2024";"18:35";"1";"33";"33249";"1";"1";"1";"2";"N/A";"44,87937000";" -0,53416000"
"202400027971";"19";"05";"2024";"10:50";"1";"34";"34239";"1";"2";"1";"2";"D 619";"43,65418000";"3,53283400"
"202400027972";"2";"09";"2024";"12:14";"1";"27";"27229";"2";"1";"1";"6";"BRIAND (AVENUE ARISTIDE)";"49,01832700";"1,12570800"
"202400027973";"26";"07";"2024";"19:40";"2";"75";"75117";"2";"2";"2";"3";"AVENUE DE WAGRAM";"48,88329500";"2,30194400"
"202400027974";"22";"01";"2024";"05:56";"4";"27";"27299";"2";"1";"2";"1";"BRIAND (AVENUE ARISTIDE)";"49,05651400";"1,16803200"
"202400027975";"12";"04";"2024";"17:20";"1";"33";"33063";"1";"1";"1";"3";"N/A";"44,88013000";" -0,53871000"
"202400027976";"19";"05";"2024";"13:15";"1";"25";"25258";"1";"1";"1";"1";"D67";"47,21561100";"5,91634200"
"202400027977";"26";"07";"2024";"06:24";"2";"75";"75119";"2";"1";"2";"6";"BD PERIPHERIQUE EXTERIEUR";"48,89538500";"2,39480200"
"202400027978";"12";"04";"2024";"06:00";"3";"91";"91589";"1";"1";"1";"6";"AUTOROUTE A6";"48,67292000";"2,34402000"
"202400027979";"1";"09";"2024";"14:50";"1";"19";"19031";"2";"2";"2";"3";"SEVERINE (RUE)";"45,16315000";"1,53752000"
"202400027980";"22";"05";"2024";"16:35";"1";"35";"35010";"2";"1";"1";"1";"33 Rue de Paris";"48,55322900";" -1,69714000"
"202400027981";"26";"07";"2024";"00:50";"5";"75";"75117";"2";"1";"3";"2";"BOULEVARD DE DOUAUMONT";"48,89560900";"2,30848600"
"202400027982";"12";"04";"2024";"17:05";"1";"92";"92047";"1";"1";"1";"3";"A13";"48,83504220";"2,17442129"
"202400027983";"21";"05";"2024";"19:40";"1";"29";"29302";"1";"1";"1";"6";"28 rue de Ti Jopic";"48,28390623";" -4,11525442"
"202400027984";"31";"08";"2024";"21:25";"5";"19";"19031";"2";"2";"1";"1";"SEMARD (AVENUE PIERRE) ";"45,15739142";"1,52370965"
"202400027985";"12";"04";"2024";"12:15";"1";"78";"78646";"1";"1";"1";"3";"RN12";"48,79293700";"2,07450500"
"202400027986";"25";"07";"2024";"14:15";"1";"75";"75120";"2";"1";"1";"4";"BD PERIPHERIQUE INTERIEUR";"48,85634400";"2,41392300"
"202400027987";"12";"01";"2024";"17:48";"1";"13";"13210";"2";"1";"1";"1";"ADRIENNE RANC-SAKAKINI (rue)";"43,27643000";"5,43725000"
"202400027988";"12";"04";"2024";"06:40";"2";"78";"78640";"1";"1";"1";"7";"A86 EXT";"48,77973300";"2,19159100"
"202400027989";"22";"05";"2024";"20:00";"1";"02";"02583";"1";"1";"7";"1";"N/A";"49,44583200";"3,65167200"
"202400027990";"2";"09";"2024";"19:30";"2";"13";"13071";"2";"1";"1";"2";"CAPITAINE DE CORVETTE P.BRUTUS";"43,39055000";"5,31151000"
"202400027991";"24";"07";"2024";"19:15";"2";"75";"75113";"2";"1";"1";"6";"RUE JEANNE D ARC";"48,83449600";"2,36214700"
"202400027992";"22";"01";"2024";"18:00";"2";"13";"13210";"2";"9";"1";"1";"VERDILLON (RUE)";"43,27620000";"5,42250000"
"202400027993";"21";"05";"2024";"16:30";"1";"03";"03109";"1";"1";"3";"7";"D215";"46,12598000";"3,28464100"
"202400027994";"22";"01";"2024";"18:15";"5";"13";"13210";"2";"1";"1";"2";"ELIE WIESEL (BD)";"43,26780000";"5,42050000"
"202400027995";"2";"09";"2024";"15:41";"1";"13";"13214";"2";"1";"1";"3";"MORETTI (BOULEVARD)";"43,32553000";"5,38071000"
"202400027996";"26";"07";"2024";"13:30";"1";"75";"75120";"2";"3";"1";"3";"RUE SERPOLLET";"48,86060800";"2,40948400"
"202400027997";"21";"05";"2024";"14:50";"1";"70";"70122";"1";"1";"1";"1";"D67";"47,62087400";"5,50754100"
"202400027998";"11";"04";"2024";"17:00";"1";"78";"78640";"1";"1";"1";"5";"A86 INT";"48,77771300";"2,21974100"
"202400027999";"2";"09";"2024";"10:45";"1";"13";"13204";"2";"3";"1";"3";"Rue des orgues";"43,29993104";"5,40028589"
"202400028000";"21";"05";"2024";"20:30";"1";"58";"58215";"2";"1";"1";"1";"Avenue de la Gare";"47,28318100";"2,96169000"
"202400028001";"26";"07";"2024";"11:25";"1";"75";"75110";"2";"2";"1";"6";"PLACE DE LA BATAILLE DE STALINGRAD";"48,88379300";"2,36858900"
"202400028002";"22";"01";"2024";"17:15";"1";"13";"13215";"2";"1";"1";"5";"BOURRELY (CHEMIN DES)";"43,37533837";"5,35791616"
"202400028003";"12";"04";"2024";"15:30";"1";"93";"93010";"1";"1";"1";"5";"A3";"48,89196501";"2,47287972"
"202400028004";"2";"09";"2024";"10:20";"1";"13";"13028";"2";"1";"1";"3";"DULAC (AVENUE GUILLAUME)";"43,19437000";"5,59994000"
"202400028005";"22";"05";"2024";"02:00";"5";"06";"06138";"2";"1";"1";"6";"15 Boulevard de la Corniche d'Or";"43,50628900";"6,94279300"
"202400028006";"21";"01";"2024";"09:55";"1";"13";"13202";"2";"1";"1";"6";"CARGO RHIN FIDELI (RUE)";"43,32700000";"5,35694000"
"202400028007";"25";"07";"2024";"22:50";"5";"75";"75117";"2";"3";"1";"2";"AVENUE DE CLICHY";"48,89212100";"2,31752700"
"202400028008";"12";"04";"2024";"01:30";"5";"93";"93066";"1";"1";"1";"2";"A1";"48,91106829";"2,35819085"
"202400028009";"29";"08";"2024";"17:00";"1";"13";"13005";"1";"1";"1";"1";"CIOTAT (ROUTE DE LA RN559)";"43,27544000";"5,58923000"
"202400028010";"16";"05";"2024";"12:30";"1";"14";"14735";"1";"3";"1";"3";"Chemin du Four à Chaux";"48,98886620";" -0,06360569"
"202400028011";"21";"01";"2024";"02:20";"5";"13";"13004";"2";"2";"1";"3";"RUE DOC SCHWEITZER";"43,67610000";"4,64190000"
"202400028012";"26";"07";"2024";"10:30";"1";"75";"75115";"2";"4";"2";"3";"RUE DE L ARRIVEE";"48,84225124";"2,32105297"
"202400028013";"12";"04";"2024";"13:55";"1";"94";"94065";"1";"1";"1";"3";"A86";"48,75362032";"2,36183147"
"202400028014";"2";"09";"2024";"13:32";"1";"12";"12145";"2";"6";"1";"2";"BOMPAIRE FREDERIC (PLACE)";"44,09553000";"3,07654000"
"202400028015";"17";"05";"2024";"16:15";"1";"14";"14676";"1";"1";"1";"2";"Rue des Alliés";"49,29592600";" -0,63602700"
"202400028016";"26";"07";"2024";"19:25";"1";"75";"75114";"2";"9";"2";"3";"AVENUE DE LA PORTE DE CHATILLON";"48,82272000";"2,31510400"
"202400028017";"2";"09";"2024";"12:50";"1";"75";"75116";"2";"1";"1";"2";"PORTE DAUPHINE";"48,86652400";"2,26879200"
"202400028018";"18";"01";"2024";"16:45";"1";"13";"13001";"1";"9";"8";"3";"ANCIENNE ROUTE DES ALPES (RTE)";"43,54982906";"5,45640318"
"202400028019";"10";"04";"2024";"20:48";"5";"976";"97611";"2";"1";"1";"3";"passamanty-Vahibé ( route )";" -12,80061000";"45,21566000"
"202400028020";"17";"05";"2024";"20:10";"1";"14";"14355";"1";"1";"1";"7";"Route de Fontaine-Henry";"49,27573310";" -0,49417197"
"202400028021";"26";"07";"2024";"18:00";"1";"75";"75114";"2";"3";"1";"6";"BOULEVARD BRUNE";"48,82575300";"2,31449500"
"202400028022";"2";"09";"2024";"17:00";"1";"75";"75106";"2";"4";"1";"6";"BOULEVARD RASPAIL";"48,84382500";"2,32914800"
"202400028023";"21";"05";"2024";"18:50";"1";"07";"07010";"2";"1";"1";"6";"4 Allee Nicolas Copernic";"45,25464100";"4,66914700"
"202400028024";"22";"01";"2024";"19:20";"5";"06";"06088";"2";"3";"1";"3";"Rue Puget";"43,71704000";"7,25865000"
"202400028025";"1";"09";"2024";"16:30";"1";"75";"75105";"2";"1";"1";"6";"BOULEVARD SAINT MICHEL";"48,84997000";"2,34240400"
"202400028026";"11";"04";"2024";"08:05";"1";"974";"97411";"2";"1";"8";"3";"LORY LES BAS (RUE)";" -20,88769000";"55,48231000"
"202400028027";"26";"07";"2024";"15:30";"1";"75";"75110";"2";"3";"1";"6";"RUE DE L AQUEDUC";"48,87977300";"2,35866400"
"202400028028";"22";"01";"2024";"15:15";"1";"06";"06069";"2";"1";"1";"6";"Avenue Antoine de Saint Exupéry";"43,66525000";"6,93850000"
"202400028029";"21";"05";"2024";"09:50";"1";"24";"24259";"1";"1";"1";"1";"les pichottes";"44,92556100";"0,45371200"
"202400028030";"11";"04";"2024";"07:15";"1";"974";"97411";"2";"1";"1";"2";"LANCASTEL (BOULEVARD)";" -20,87522000";"55,45435000"
"202400028031";"2";"09";"2024";"10:15";"1";"75";"75119";"2";"7";"1";"2";"PLACE DU MAQUIS DU VERCORS";"48,87816757";"2,40938276"
"202400028032";"22";"01";"2024";"06:40";"5";"06";"06069";"2";"1";"1";"7";"Boulevard Emmanuel Rouquier";"43,63409000";"6,93934000"
"202400028033";"26";"07";"2024";"16:10";"1";"94";"94016";"2";"2";"8";"5";"Avenue de Chateaubriand";"48,79000000";"2,32500000"
"202400028034";"11";"05";"2024";"11:15";"1";"37";"37270";"1";"3";"1";"3";"D46";"47,43795171";"0,85611391"
"202400028035";"11";"04";"2024";"08:30";"1";"974";"97411";"2";"2";"1";"3";"MARIE (RUE SAINTE)";" -20,88263000";"55,45769000"
"202400028036";"2";"09";"2024";"09:10";"1";"75";"75118";"2";"2";"1";"6";"BOULEVARD NEY";"48,89788000";"2,34441600"
"202400028037";"21";"01";"2024";"17:30";"1";"06";"06123";"2";"1";"1";"5";"MAICON PROMENADE";"43,66571520";"7,19667000"
"202400028038";"26";"07";"2024";"06:00";"1";"94";"94028";"2";"1";"2";"2";"Chemin des Marais";"48,77371000";"2,43525000"
"202400028039";"21";"05";"2024";"08:03";"1";"06";"06088";"1";"1";"1";"2";"A8 - PK 196+200 - chaussée nord";"43,73457700";"7,24269400"
"202400028040";"11";"04";"2024";"17:50";"1";"973";"97302";"2";"1";"1";"6";"EUGENE GOBERT(RUE)";"4,93203947";" -52,33079106"
"202400028041";"1";"09";"2024";"05:00";"5";"75";"75116";"2";"1";"1";"6";"ALLEE DU BORD DE L EAU";"48,85316444";"2,22639978"
"202400028042";"22";"05";"2024";"13:20";"1";"27";"27102";"1";"1";"1";"7";"A13 PK 134+400";"49,36947800";"0,77022300"
"202400028043";"26";"07";"2024";"15:50";"1";"94";"94002";"2";"2";"2";"6";"Rue Charles de Gaulle / Rue Véron";"48,81457700";"2,41380100"
"202400028044";"8";"01";"2024";"12:00";"1";"02";"02304";"1";"1";"1";"2";"N/A";"49,66709200";"3,36699800"
"202400028045";"11";"04";"2024";"14:40";"1";"973";"97302";"2";"1";"1";"1";"ZEPHIR (ROCADE)";"4,93399000";" -52,30893000"
"202400028046";"2";"09";"2024";"13:30";"1";"75";"75115";"2";"7";"1";"3";"PLACE DE LA PORTE DE VERSAILLES";"48,83293200";"2,28724100"
"202400028047";"17";"05";"2024";"17:40";"1";"77";"77265";"2";"1";"1";"6";"rue du 103 régiment d'infanterie";"48,97296200";"3,18063700"
"202400028048";"11";"04";"2024";"07:56";"1";"973";"97302";"2";"1";"1";"6";"BADUEL (ROUTE DE)";"4,93670169";" -52,31468439"
"202400028049";"26";"07";"2024";"14:40";"1";"93";"93078";"2";"4";"1";"6";"DELATTRE DE TASSIGNY (AVENUE)";"48,96385000";"2,53733000"
"202400028050";"21";"01";"2024";"12:36";"1";"75";"75105";"2";"3";"1";"6";"AVENUE DES GOBELINS";"48,83803500";"2,35103600"
"202400028051";"2";"09";"2024";"00:10";"5";"75";"75112";"2";"1";"1";"2";"QUAI DE BERCY";"48,83284300";"2,38315400"
"202400028052";"21";"05";"2024";"18:42";"1";"30";"30211";"2";"1";"1";"3";"329bis Route de Beaucaire";"43,82677600";"4,48946000"
"202400028053";"26";"07";"2024";"08:15";"1";"93";"93046";"2";"1";"2";"2";"CONSUL GENERAL NORDLING AVENUE";"48,91762600";"2,53425700"
"202400028054";"22";"01";"2024";"15:30";"1";"75";"75116";"2";"7";"1";"2";"PLACE DE VARSOVIE";"48,86081550";"2,29126266"
"202400028055";"26";"07";"2024";"16:30";"1";"93";"93048";"2";"1";"2";"3";"Rue Parmentier";"48,85980461";"2,43562460"
"202400028056";"21";"05";"2024";"22:40";"3";"71";"71176";"1";"3";"8";"3";"Route des Sables";"46,47739900";"4,07695800"
"202400028057";"2";"09";"2024";"13:59";"1";"75";"75110";"2";"7";"1";"3";"RUE LA FAYETTE";"48,88267300";"2,36985400"
"202400028058";"22";"01";"2024";"17:40";"5";"75";"75115";"2";"3";"1";"7";"RUE LECOURBE";"48,84425000";"2,30820000"
"202400028059";"26";"07";"2024";"08:50";"1";"92";"92064";"2";"1";"2";"7";"CALVAIRE";"48,84978001";"2,21797943"
"202400028060";"21";"05";"2024";"12:20";"1";"42";"42304";"2";"1";"1";"6";"Route de Montbrison";"45,54682704";"4,17101651"
"202400028061";"2";"09";"2024";"14:50";"1";"94";"94046";"2";"3";"1";"3";"Avenue de la République";"48,80065000";"2,43066000"
"202400028062";"21";"05";"2024";"14:00";"1";"14";"14762";"1";"1";"2";"7";"Route de Saint-Lô";"48,86903400";" -0,87235700"
"202400028063";"22";"01";"2024";"15:45";"1";"75";"75115";"2";"3";"1";"3";"RUE DE VAUGIRARD";"48,84443200";"2,31770100"