"Num_Acc";"jour";"mois";"an";"hrmn";"lum";"dep";"com";"agg";"int";"atm";"col";"adr";"lat";"long"
"202400028064";"26";"07";"2024";"19:56";"1";"92";"92063";"2";"1";"3";"7";"CHATEAU (RUE DU)";"48,87385355";"2,18135767"
"202400028065";"22";"05";"2024";"12:20";"1";"22";"22050";"2";"1";"1";"6";"Rue de la Cochais";"48,43518200";" -2,06611900"
"202400028066";"2";"09";"2024";"22:00";"5";"94";"94043";"2";"1";"1";"3";"Avenue de Fontainebleau";"48,80859000";"2,36268000"
"202400028067";"22";"01";"2024";"12:25";"1";"75";"75112";"2";"3";"8";"6";"RUE CROZATIER";"48,85064000";"2,37881900"
"202400028068";"26";"07";"2024";"12:40";"1";"92";"92062";"2";"3";"1";"3";"DE DION BOUTON (QUAI) DU 29 AU 65";"48,88534001";"2,25096166"
"202400028069";"2";"09";"2024";"16:45";"1";"94";"94038";"2";"1";"1";"6";"1 Rue Léon Blum";"48,76801000";"2,32398000"
"202400028070";"15";"04";"2024";"18:39";"1";"60";"60628";"1";"1";"1";"2";"N31";"49,42285500";"2,15070100"
"202400028071";"22";"07";"2024";"04:00";"5";"92";"92036";"1";"2";"1";"3";"SORTIE A 86";"48,93583210";"2,27971941"
"202400028072";"21";"05";"2024";"09:35";"1";"13";"13211";"1";"1";"1";"2";"Sens Marseille vers Aubagne";"43,29192000";"5,42596000"
"202400028073";"2";"09";"2024";"13:45";"1";"94";"94054";"2";"9";"1";"1";"Rue du Verger";"48,74390000";"2,40049000"
"202400028074";"26";"07";"2024";"18:00";"1";"92";"92023";"2";"6";"2";"3";"JEAN JAURES (AVENUE) N°57 A 259 ET 64 A";"48,81129000";"2,27022000"
"202400028075";"2";"09";"2024";"15:25";"1";"93";"93059";"2";"9";"1";"2";"JACQUES PREVERT (AVENUE)";"48,97117000";"2,36611000"
"202400028076";"27";"04";"2024";"14:30";"1";"69";"69117";"1";"1";"1";"5";"Autoroute 6";"45,85241000";"4,74392000"
"202400028077";"26";"07";"2024";"20:00";"2";"92";"92012";"2";"1";"2";"7";"CHATEAU (RUE DU) 1/125 - 2/136";"48,84378857";"2,24802303"
"202400028078";"2";"09";"2024";"11:25";"1";"93";"93051";"2";"1";"1";"6";"ARCADES (VOIE)";"48,83980000";"2,54485000"
"202400028079";"26";"07";"2024";"00:10";"5";"92";"92036";"2";"1";"1";"2";"AULAGNIER ( QUAI )";"48,91908000";"2,32151000"
"202400028080";"17";"05";"2024";"21:58";"3";"59";"59109";"1";"1";"2";"2";"AUTOROUTE A23";"50,44187038";"3,35456047"
"202400028081";"12";"07";"2024";"10:42";"1";"78";"78356";"1";"1";"1";"7";"D91";"48,74022900";"2,02294300"
"202400028082";"2";"09";"2024";"07:30";"1";"93";"93031";"2";"6";"1";"3";"Avenue Joffre / Avenue Galliéni";"48,96173000";"2,29510000"
"202400028083";"21";"05";"2024";"17:50";"1";"92";"92002";"1";"1";"1";"3";"AUTOROUTE A10";"48,73174747";"2,30992913"
"202400028084";"27";"07";"2024";"12:45";"1";"37";"37176";"1";"3";"2";"3";"D108";"47,08090292";"0,58257607"
"202400028085";"2";"09";"2024";"16:45";"1";"93";"93029";"2";"1";"1";"1";"Avenue Henri Barbusse";"48,91965366";"2,45096776"
"202400028086";"21";"05";"2024";"18:40";"1";"91";"91179";"1";"1";"1";"3";"AUTOROUTE A6";"48,55278292";"2,49355711"
"202400028087";"26";"07";"2024";"17:18";"1";"39";"39210";"1";"1";"1";"6";"N/A";"46,75642100";"5,93439100"
"202400028088";"21";"05";"2024";"09:35";"1";"94";"94034";"1";"1";"2";"2";"A6A";"48,75888658";"2,33719736"
"202400028089";"1";"09";"2024";"14:00";"1";"93";"93027";"2";"3";"1";"1";"Rue Renoir / Rue Yako";"48,93135522";"2,37847307"
"202400028090";"27";"07";"2024";"15:20";"1";"11";"11197";"1";"1";"1";"6";"route departementale 623";"43,08964700";"2,18477700"
"202400028091";"26";"07";"2024";"13:45";"1";"974";"97415";"1";"1";"1";"1";"N1a";" -21,01983800";"55,24974000"
"202400028092";"2";"09";"2024";"10:10";"1";"92";"92073";"2";"1";"1";"7";"GALLIENI (QUAI)";"48,87059831";"2,23185271"
"202400028093";"19";"05";"2024";"21:00";"1";"92";"92072";"1";"1";"1";"2";"N118";"48,82239432";"2,22235729"
"202400028094";"26";"07";"2024";"13:51";"1";"974";"97415";"1";"1";"1";"6";"Rue Mahatma Gandhi";" -21,05563200";"55,26044700"
"202400028095";"21";"05";"2024";"15:00";"1";"93";"93008";"1";"1";"1";"2";"A86";"48,91269278";"2,43692633"
"202400028096";"2";"09";"2024";"14:25";"1";"92";"92064";"2";"2";"1";"3";"RENE WEILL";"48,84935570";"2,21099290"
"202400028097";"21";"05";"2024";"10:00";"1";"93";"93063";"1";"1";"1";"7";"A3";"48,87574517";"2,44098062"
"202400028098";"26";"07";"2024";"18:30";"1";"08";"08232";"1";"1";"8";"1";"D777";"49,78335283";"4,99414689"
"202400028099";"2";"09";"2024";"13:30";"1";"92";"92050";"2";"1";"1";"6";"FAURE FELIX AVENUE";"48,88441551";"2,21819714"
"202400028100";"2";"09";"2024";"06:40";"2";"92";"92048";"2";"1";"1";"6";"TRIVAUX (AVENUE DE) N° 9";"48,79888634";"2,23311000"
"202400028101";"21";"05";"2024";"11:30";"1";"92";"92036";"1";"1";"1";"2";"AUTOROUTE A15";"48,94122394";"2,29162986"
"202400028102";"26";"07";"2024";"14:00";"1";"87";"87076";"1";"1";"1";"6";"Jabreilles-les-Bordes - cirieix du colon";"46,01715600";"1,53070400"
"202400028103";"21";"05";"2024";"07:20";"1";"93";"93053";"1";"1";"8";"7";"A3";"48,88417055";"2,46205171"
"202400028104";"2";"09";"2024";"17:20";"1";"92";"92040";"2";"1";"1";"3";"VERDUN (AVENUE DE) DU 116 AU 150";"48,81794320";"2,25062102"
"202400028105";"21";"05";"2024";"08:00";"1";"93";"93053";"1";"1";"8";"2";"A3";"48,88390122";"2,46883928"
"202400028106";"26";"07";"2024";"15:43";"1";"24";"24372";"2";"6";"1";"1";"Boulevard Pierre Mallebay";"45,14734560";"0,52638888"
"202400028107";"2";"09";"2024";"19:15";"1";"92";"92012";"2";"1";"1";"3";"POINT DU JOUR (QUAI DU)";"48,82715000";"2,25221000"
"202400028108";"26";"07";"2024";"19:20";"2";"24";"24367";"1";"1";"1";"7";"La Cabane";"45,15823143";"0,34594059"
"202400028109";"20";"05";"2024";"16:00";"1";"95";"95277";"1";"1";"2";"5";"A3";"48,96803561";"2,47785819"
"202400028110";"2";"09";"2024";"20:50";"3";"71";"71090";"2";"1";"1";"6";"Rue Joseph Colassot";"46,20958900";"4,78400600"
"202400028111";"27";"07";"2024";"06:00";"2";"17";"17010";"1";"1";"8";"2";"D137";"46,09763800";" -1,09073600"
"202400028112";"5";"02";"2024";"12:20";"1";"50";"50454";"1";"1";"5";"2";"1 Le Moulin ";"49,55939500";" -1,74364900"
"202400028113";"27";"07";"2024";"13:59";"1";"85";"85209";"1";"1";"1";"6";"RD38";"46,52275100";" -0,98926300"
"202400028114";"3";"09";"2024";"08:33";"1";"976";"97617";"1";"9";"1";"5";"D1";" -12,79167700";"45,11562500"
"202400028115";"2";"02";"2024";"07:30";"2";"50";"50604";"1";"1";"5";"1";"D65";"49,53927400";" -1,84857800"
"202400028116";"26";"07";"2024";"23:35";"3";"50";"50137";"1";"1";"1";"6";"PK 038.900, D999 VOIE DE LA LIBERTE";"48,86916100";" -1,20075000"
"202400028117";"1";"09";"2024";"19:30";"1";"11";"11221";"2";"1";"2";"6";"RD 118";"43,41267800";"2,29773000"
"202400028118";"27";"02";"2024";"13:50";"1";"59";"59560";"2";"3";"1";"3";"INDUSTRIE RUE DE L";"50,55036200";"3,05017100"
"202400028119";"26";"07";"2024";"05:12";"2";"57";"57330";"1";"1";"1";"1";"D656";"49,01796600";"6,97921300"
"202400028120";"1";"09";"2024";"13:15";"1";"63";"63084";"1";"1";"2";"7";"D2089";"45,70563200";"3,04741300"
"202400028121";"1";"09";"2024";"12:45";"1";"47";"47175";"1";"1";"1";"7";"D257";"44,55408700";"0,72114900"
"202400028122";"25";"07";"2024";"10:00";"1";"89";"89291";"1";"2";"1";"1";"route départemantale 606";"48,11565500";"3,28901100"
"202400028123";"26";"07";"2024";"16:15";"1";"19";"19287";"1";"1";"1";"6";"D 142";"45,39735588";"1,95895069"
"202400028124";"27";"01";"2024";"18:30";"2";"50";"50579";"1";"1";"1";"3";"D50";"49,53158700";" -1,59102200"
"202400028125";"28";"08";"2024";"16:45";"1";"17";"17407";"2";"2";"1";"3";"D110";"46,17151500";" -1,00384700"
"202400028126";"26";"07";"2024";"20:11";"1";"56";"56082";"1";"1";"1";"6";"Bois de Digouet";"47,96762900";" -2,48947600"
"202400028127";"2";"09";"2024";"11:00";"1";"18";"18256";"1";"1";"1";"7";"N/A";"47,40847900";"2,76330800"
"202400028128";"20";"05";"2024";"18:40";"5";"976";"97611";"2";"1";"1";"3";"cavani-Kavani sud ( rue )";" -12,78635000";"45,21265000"
"202400028129";"27";"07";"2024";"14:50";"1";"79";"79203";"1";"4";"1";"1";"N/A";"46,97578700";" -0,05630500"
"202400028130";"20";"05";"2024";"17:25";"1";"974";"97416";"1";"1";"2";"7";"AUGUSTIN ARCHAMBAUD(RUE)";" -21,32608226";"55,48502254"
"202400028131";"2";"09";"2024";"19:35";"1";"31";"31044";"2";"1";"1";"6";"8 Route de Castres";"43,59469400";"1,49861000"
"202400028132";"25";"07";"2024";"00:40";"3";"81";"81276";"1";"1";"1";"6";"259 Route de Saint-Martin";"43,91704182";"1,69327835"
"202400028133";"19";"05";"2024";"22:20";"5";"973";"97302";"2";"1";"2";"3";"14 ET 22 JUIN 1962";"4,93283000";" -52,32679000"
"202400028134";"2";"09";"2024";"15:25";"1";"69";"69283";"2";"3";"1";"3";"Route de Saint Priest";"45,67786200";"4,95263500"
"202400028135";"26";"07";"2024";"16:30";"1";"89";"89433";"1";"1";"1";"2";"Vault-de-Lugny";"47,50327200";"3,87435400"
"202400028136";"20";"05";"2024";"01:40";"5";"69";"69386";"2";"1";"2";"2";"Avenue de Grande-Bretagne";"45,77477000";"4,84290000"
"202400028137";"2";"09";"2024";"18:25";"1";"51";"51530";"2";"9";"1";"3";"Rue du 11 Novembre";"49,15328900";"4,25146200"
"202400028138";"26";"07";"2024";"18:40";"1";"63";"63223";"1";"1";"1";"1";"La Cassière";"46,12102142";"2,91303008"
"202400028139";"31";"08";"2024";"18:10";"1";"19";"19019";"2";"1";"1";"7";"route des esclaviers";"44,97879800";"1,83239900"
"202400028140";"20";"05";"2024";"14:40";"1";"69";"69382";"2";"3";"1";"6";"Rue Saint Bonaventure";"45,76264000";"4,83802000"
"202400028141";"26";"07";"2024";"23:00";"4";"68";"68215";"1";"1";"1";"7";"Rue d?Alsace";"47,62490900";"7,02760200"
"202400028142";"2";"09";"2024";"10:45";"1";"19";"19222";"1";"1";"1";"6";"pk 29 D29";"45,16629900";"1,99713300"
"202400028143";"20";"05";"2024";"19:30";"1";100;100033";"1";"9";"2";"3";"CARDO - RT INFERIEURE DE";"42,68840000";"9,42830000"
"202400028144";"23";"07";"2024";"09:25";"1";"29";"29225";"1";"3";"7";"3";"Route de Meot";"47,96064463";" -4,34413294"
"202400028145";"20";"05";"2024";"00:16";"5";"95";"95268";"2";"1";"1";"3";"D84";"48,96585166";"2,40854766"
"202400028146";"2";"09";"2024";"18:50";"1";"76";"76291";"2";"2";"1";"2";"Rue de la Cave";"49,72134100";"0,32918800"
"202400028147";"14";"08";"2024";"14:50";"1";100;100058";"1";"1";"1";"7";"D80";"42,86231300";"9,33488100"
"202400028148";"16";"05";"2024";"18:35";"1";"91";"91687";"2";"1";"1";"2";"COMMANDANT BARRE (AVENUE DU)";"48,66160000";"2,36356000"
"202400028149";"29";"08";"2024";"17:15";"1";"33";"33506";"2";"1";"1";"6";"N/A";"44,69397700";" -0,08879700"
"202400028150";"27";"07";"2024";"10:45";"1";"02";"02098";"1";"1";"3";"1";"D969";"49,00121200";"3,34299000"
"202400028151";"3";"09";"2024";"08:20";"1";"32";"32213";"2";"1";"8";"6";"Route de Samatan";"43,48106000";"0,91584600"
"202400028152";"2";"09";"2024";"14:45";"1";"11";"11347";"1";"4";"1";"7";"D109";"42,86541700";"2,22626400"
"202400028153";"20";"05";"2024";"18:30";"1";"78";"78190";"2";"1";"3";"1";"SAUT DE LOUP (RUE DU)";"48,87870200";"2,14739500"
"202400028154";"27";"07";"2024";"18:00";"1";"09";"09173";"1";"1";"1";"2";"D11";"43,05418200";"1,58550200"
"202400028155";"19";"05";"2024";"05:35";"2";"77";"77350";"1";"1";"5";"7";"DEPARTEMENTALE 1004";"48,74852000";"2,68324000"
"202400028156";"2";"09";"2024";"17:35";"1";"63";"63236";"1";"1";"1";"3";"D36";"45,57067400";"2,82018200"
"202400028157";"27";"07";"2024";"03:30";"3";"09";"09174";"2";"1";"1";"6";"Chemin de la Peyrade";"43,00691900";"1,60553800"
"202400028158";"27";"07";"2024";"02:48";"3";"45";"45186";"1";"1";"2";"7";"D318 PR 3 + 970";"48,05082900";"2,53084700"
"202400028159";"3";"09";"2024";"19:10";"1";"63";"63455";"2";"4";"2";"1";"grande rue";"45,66678700";"3,18143500"
"202400028160";"20";"05";"2024";"11:05";"1";"77";"77058";"2";"6";"1";"6";"CLOS SAINT GEORGES  (AVENUE DU)";"48,84541000";"2,73101000"
"202400028161";"2";"09";"2024";"17:30";"1";"76";"76618";"1";"1";"1";"6";"Rue des Buissons";"49,93464600";"1,32364300"
"202400028162";"26";"07";"2024";"18:10";"1";"64";"64059";"1";"1";"7";"2";"D817";"43,28181400";" -0,24353400"
"202400028163";"2";"09";"2024";"15:30";"1";"61";"61275";"2";"1";"2";"6";"Rue du Pavé";"48,69976600";"0,28406200"
"202400028164";"20";"05";"2024";"18:20";"1";"72";"72181";"2";"2";"1";"2";"CHURCHILL WINSTON (BD) N° IMP 41 ET >";"47,98920000";"0,21539000"
"202400028165";"27";"07";"2024";"15:50";"1";"07";"07103";"1";"1";"1";"5";"D120 - PR 61+196";"44,96040600";"4,34909500"
"202400028166";"1";"09";"2024";"04:25";"3";"49";"49008";"1";"1";"3";"6";"D219";"47,56541300";" -0,97252300"
"202400028167";"20";"05";"2024";"23:13";"5";"59";"59421";"2";"2";"1";"3";"FOCH (AVENUE DU MARECHAL)";"50,70350000";"3,13665000"
"202400028168";"3";"09";"2024";"06:40";"2";"49";"49183";"1";"1";"1";"3";"La Salette";"47,51449800";" -0,85353800"
"202400028169";"27";"07";"2024";"11:00";"1";"07";"07181";"1";"1";"1";"3";"route départementale 86";"44,76487700";"4,75288000"
"202400028170";"10";"07";"2024";"20:30";"1";"40";"40312";"2";"1";"1";"6";"Avenue Julian Grimau";"43,54714400";" -1,48871700"
"202400028171";"20";"05";"2024";"18:35";"1";"59";"59650";"2";"1";"1";"3";"DEBUSSY (SQUARE CLAUDE)";"50,70863600";"3,18331800"
"202400028172";"3";"09";"2024";"14:30";"1";"01";"01268";"1";"3";"1";"5";"RD 992 pr 007+200";"45,64298300";"5,68468500"
"202400028173";"2";"09";"2024";"19:15";"1";"29";"29150";"1";"1";"2";"7";"Rue de Kerandoze";"47,77794600";" -3,61623500"
"202400028174";"27";"07";"2024";"12:45";"1";"88";"88468";"2";"1";"1";"1";"1 Rue de la Mouline";"47,88077900";"6,76346900"
"202400028175";"11";"05";"2024";"00:15";"5";"46";"46042";"2";"9";"2";"6";"SAND (RUE GEORGES)";"44,46359623";"1,45494252"
"202400028176";"3";"09";"2024";"10:55";"1";"29";"29192";"1";"1";"1";"1";"Kerigou";"48,63105621";" -4,06353575"
"202400028177";"27";"07";"2024";"00:30";"5";"78";"78455";"1";"9";"3";"1";"route departementale 307";"48,85124000";"2,05018000"
"202400028178";"20";"05";"2024";"17:10";"1";"35";"35238";"2";"1";"1";"6";"PORTE DE LORIENT";"48,11283497";" -1,71879441"
"202400028179";"21";"08";"2024";"12:10";"1";"31";"31495";"1";"4";"1";"3";"D38";"43,40706000";"1,57386700"
"202400028180";"27";"07";"2024";"15:50";"1";"67";"67115";"1";"1";"2";"2";"A35";"48,30827500";"7,47595200"
"202400028181";"21";"05";"2024";"00:01";"3";"33";"33281";"2";"6";"3";"2";"N/A";"44,83325000";" -0,68752000"
"202400028182";"2";"09";"2024";"18:00";"1";"31";"31341";"1";"3";"1";"3";"Route de Larra";"43,72376200";"1,25884700"
"202400028183";"8";"05";"2024";"01:35";"5";"29";"29151";"2";"1";"1";"6";"Place Daumesnil";"48,57452700";" -3,82307800"
"202400028184";"2";"09";"2024";"08:45";"1";"03";"03106";"1";"1";"1";"3";"697 Route de Montlucon";"46,25753100";"2,69768000"
"202400028185";"26";"07";"2024";"10:45";"1";"66";"66172";"2";"2";"1";"6";"Rue de la Grangerie";"42,70831500";"2,84701500"
"202400028186";"16";"05";"2024";"17:50";"1";"14";"14701";"2";"1";"1";"2";"Route de Varaville";"49,32404000";"0,06603000"
"202400028187";"2";"09";"2024";"13:15";"1";"15";"15265";"2";"1";"1";"3";"RD 922";"45,34250400";"2,43499100"
"202400028188";"26";"07";"2024";"15:00";"1";"976";"97606";"2";"1";"1";"6";"rue mamou chaka";" -12,93447700";"45,15099200"
"202400028189";"2";"09";"2024";"15:20";"1";"06";"06038";"1";"1";"1";"3";" Route d'Opio";"43,67406000";"6,98046300"
"202400028190";"20";"05";"2024";"12:00";"1";"13";"13210";"2";"1";"1";"3";"CAPELETTE (AVENUE DE LA)";"43,27900000";"5,41500000"
"202400028191";"26";"07";"2024";"20:15";"1";"30";"30034";"1";"1";"1";"2";"Autoroute A54 / PK14";"43,73494179";"4,46582954"
"202400028192";"3";"09";"2024";"08:15";"1";"64";"64371";"2";"6";"1";"3";"Place de la résistance";"43,22469600";" -0,88831000"
"202400028193";"20";"05";"2024";"14:15";"1";"06";"06030";"2";"3";"1";"2";"171 Avenue Michel Jourdan";"43,56516630";"6,96488760"
"202400028194";"27";"07";"2024";"06:10";"2";"973";"97305";"1";"1";"1";"2";"PK 14 Route Nationale 1";"4,93167400";" -52,39919500"
"202400028195";"2";"09";"2024";"18:50";"1";"18";"18219";"1";"2";"1";"3";"N/A";"47,20932200";"2,21490400"
"202400028196";"27";"07";"2024";"00:01";"3";"971";"97129";"1";"1";"1";"6";"Route Nationale 2";"16,33366900";" -61,71289800"
"202400028197";"20";"05";"2024";"12:00";"1";"06";"06027";"2";"1";"1";"1";"46 Avenue de Grasse";"43,65854000";"7,14069000"
"202400028198";"2";"09";"2024";"22:30";"3";"18";"18087";"1";"2";"1";"7";"N/A";"46,88699800";"2,52350800"
"202400028199";"19";"05";"2024";"22:40";"5";"05";"05023";"2";"1";"1";"6";"Avenue du Col de l’Izoard";"44,89318400";"6,64038900"
"202400028200";"2";"09";"2024";"01:35";"3";"53";"53007";"1";"1";"1";"6";"La Coudrie";"48,11280393";" -0,64898729"
"202400028201";"20";"05";"2024";"18:30";"1";"01";"01451";"1";"2";"2";"3";"Route de Paris";"46,25201000";"5,18319000"
"202400028202";"27";"07";"2024";"10:30";"1";"971";"97118";"1";"1";"1";"5";"Route de la Traversee";"16,20989400";" -61,62707800"
"202400028203";"2";"09";"2024";"20:30";"2";"24";"24082";"1";"1";"1";"3";"D704a";"44,86828300";"1,28136100"
"202400028204";"20";"05";"2024";"17:15";"1";"01";"01053";"2";"1";"1";"7";"BIEVRE ( RUE DE)";"46,21330000";"5,25509000"
"202400028205";"3";"09";"2024";"15:00";"1";"27";"27518";"1";"1";"1";"2";"RD 87";"49,45617200";"0,54455300"
"202400028206";"26";"07";"2024";"21:15";"2";"21";"21515";"2";"3";"1";"7";"43 Boulevard de la Motte";"47,31533400";"5,10589600"
"202400028207";"17";"05";"2024";"15:50";"1";"75";"75117";"2";"1";"1";"2";"BD PERIPHERIQUE EXTERIEUR";"48,90064500";"2,32473000"
"202400028208";"27";"07";"2024";"04:40";"4";"45";"45315";"1";"1";"2";"6";"D320 PR 6 + 847";"47,72829700";"2,38989100"
"202400028209";"20";"05";"2024";"20:40";"1";"75";"75114";"2";"2";"8";"6";"PORTE D ORLEANS";"48,82190600";"2,32551600"
"202400028210";"3";"09";"2024";"16:13";"1";"27";"27302";"1";"1";"1";"6";"Route de Brionne";"49,21445400";"0,80736800"
"202400028211";"26";"07";"2024";"09:50";"1";"91";"91100";"1";"1";"2";"6";"D153";"48,42877400";"2,29977700"
"202400028212";"20";"05";"2024";"14:00";"1";"75";"75108";"2";"3";"8";"7";"AVENUE PERCIER";"48,87489900";"2,31437600"
"202400028213";"27";"07";"2024";"12:00";"1";"66";"66008";"1";"1";"1";"7";"D2";"42,53382500";"2,99051300"
"202400028214";"2";"09";"2024";"19:25";"2";"30";"30294";"1";"1";"1";"2";"22 Route de Salindres";"44,15142800";"4,10373400"
"202400028215";"20";"05";"2024";"18:00";"1";"94";"94033";"2";"3";"2";"6";"Avenue Charles Garcia / Rue Aimé et Eugénie Cotton";"48,85369601";"2,48189186"
"202400028216";"27";"07";"2024";"13:21";"1";"83";"83068";"1";"1";"1";"1";"D558";"43,27324100";"6,51782200"
"202400028217";"20";"05";"2024";"15:00";"1";"93";"93078";"2";"5";"1";"6";"Avenue du Général Leclerc / Avenue des Roses";"48,95473000";"2,55538000"
"202400028218";"26";"07";"2024";"18:05";"1";"06";"06157";"1";"1";"1";"7";"6320 Route de Coursegoules";"43,75671300";"7,08034500"
"202400028219";"20";"05";"2024";"06:23";"2";"93";"93064";"2";"1";"1";"3";"Rue Joseph et Etienne de Montgolfier";"48,88551200";"2,48665900"
"202400028220";"26";"07";"2024";"10:50";"1";"68";"68301";"1";"1";"1";"2";"D201";"47,68543000";"7,42687000"
"202400028221";"2";"09";"2024";"17:15";"1";"48";"48147";"1";"1";"1";"1";"N106, chaliac";"44,45608500";"3,52888600"
"202400028222";"27";"07";"2024";"16:10";"1";"73";"73290";"1";"1";"1";"7";"D1006";"45,22854100";"6,96218800"
"202400028223";"3";"09";"2024";"08:00";"1";"72";"72047";"1";"1";"1";"6";"autoroute A28";"47,92241070";"0,30134641"
"202400028224";"20";"05";"2024";"19:00";"1";"93";"93046";"2";"3";"2";"3";"Boulevard Marx Dormoy / Chemin des Postes";"48,90448000";"2,52197000"
"202400028225";"31";"08";"2024";"01:50";"3";"64";"64157";"2";"1";"1";"6";"26 Rue Porte de la Vallee";"43,13566800";" -0,46106100"
"202400028226";"20";"07";"2024";"03:10";"3";"73";"73173";"1";"4";"1";"7";"D81 intersection Albanne/Les Karellis";"45,21876260";"6,42198130"
"202400028227";"20";"05";"2024";"10:18";"1";"93";"93008";"2";"1";"1";"3";"Avenue Paul Vaillant - Couturier";"48,90557000";"2,46459000"
"202400028228";"27";"07";"2024";"18:15";"1";"42";"42304";"2";"4";"2";"6";"Sury-le-Comtal (Gare)";"45,53033500";"4,18188000"
"202400028229";"2";"09";"2024";"13:08";"1";"03";"03021";"1";"9";"1";"4";"PK 347+300";"46,11776188";"3,12469430"
"202400028230";"20";"05";"2024";"16:05";"1";"93";"93005";"2";"9";"1";"2";"ROBERT BREMOND (RUE)";"48,95785507";"2,46425629"
"202400028231";"27";"07";"2024";"17:36";"1";"42";"42147";"2";"7";"1";"6";"8 Avenue Paul Cézanne";"45,61105400";"4,05518400"
"202400028232";"20";"05";"2024";"12:15";"1";"92";"92004";"2";"1";"1";"6";"GRESILLONS ( AVENUE DES  )";"48,91425267";"2,30008185"
"202400028233";"3";"09";"2024";"15:00";"1";"973";"97309";"2";"3";"1";"3";"Chemin Germain";"4,90296300";" -52,27343700"
"202400028234";"20";"05";"2024";"16:00";"1";"92";"92002";"2";"1";"1";"6";"ARISTIDE BRIAND (AVENUE)";"48,75353361";"2,30509973"
"202400028235";"13";"08";"2024";"20:17";"5";"57";"57606";"1";"1";"1";"6";"A4, barrière de péage";"49,13585900";"6,70163900"
"202400028236";"26";"07";"2024";"19:40";"1";"38";"38349";"2";"1";"7";"4";"32 Route des Alpes";"45,31842900";"4,77330500"
"202400028237";"20";"05";"2024";"23:05";"5";"91";"91086";"2";"6";"1";"5";"D31";"48,60221200";"2,37212400"
"202400028238";"27";"07";"2024";"10:42";"1";"38";"38565";"2";"1";"1";"3";"71 Quai des Chartreux";"45,29854700";"5,63746200"
"202400028239";"2";"09";"2024";"23:30";"3";"34";"34095";"1";"1";"1";"2";"A9 PK 116+300";"43,54195400";"3,78921000"
"202400028240";"21";"05";"2024";"11:30";"1";"86";"86257";"1";"1";"2";"3";"D73";"46,87356600";"0,28471600"
"202400028241";"27";"07";"2024";"18:00";"1";"01";"01249";"2";"1";"1";"7";"Rue du Pont de l’Ile";"45,81943500";"4,94768900"
"202400028242";"21";"05";"2024";"10:15";"1";"84";"84045";"1";"1";"1";"7";"Chemin du Jas";"44,26439500";"5,14541000"
"202400028243";"2";"09";"2024";"07:20";"5";"73";"73281";"1";"1";"1";"2";"Autoroute A43, tunnel de l'épine, sens LYON-CHAMBÉRY";"45,57839130";"5,82134843"
"202400028244";"20";"05";"2024";"16:45";"1";"68";"68162";"2";"1";"1";"7";"Rue du Riesling";"48,13897900";"7,27740200"
"202400028245";"2";"09";"2024";"02:23";"3";"28";"28408";"1";"1";"1";"6";"A10";"48,37883000";"1,88803600"
"202400028246";"27";"07";"2024";"12:30";"1";"69";"69255";"1";"1";"1";"1";"Rue de Malval";"45,75052514";"4,62893236"
"202400028247";"20";"05";"2024";"07:09";"1";"972";"97204";"1";"1";"1";"3";"Morne aux Boeufs";"14,69569300";" -61,17672400"
"202400028248";"1";"09";"2024";"00:15";"3";"987";"98744";"1";"9";"6";"1";"UNAA";" -22,43323900";" -151,36630300"
"202400028249";"27";"07";"2024";"14:10";"1";"81";"81104";"1";"1";"1";"7";"D87";"43,77703600";"1,82709900"
"202400028250";"20";"05";"2024";"22:30";"4";"23";"23247";"2";"1";"1";"6";"8 Route de la Brionne";"46,20174000";"1,75772700"
"202400028251";"27";"07";"2024";"07:50";"1";"09";"09251";"1";"1";"1";"6";"D507";"43,06924800";"1,93472600"
"202400028252";"2";"09";"2024";"16:46";"1";"77";"77471";"1";"1";"1";"1";"D63";"48,34980400";"2,46583000"
"202400028253";"26";"07";"2024";"09:35";"1";"31";"31476";"1";"1";"1";"6";"1400 Route de Lafitte";"43,29158900";"1,14892200"
"202400028254";"20";"05";"2024";"21:30";"2";"52";"52114";"1";"9";"2";"2";"A31 Aire de val Marnay";"48,05650316";"4,95631993"