"Num_Acc";"jour";"mois";"an";"hrmn";"lum";"dep";"com";"agg";"int";"atm";"col";"adr";"lat";"long"
"202400028255";"3";"09";"2024";"17:20";"1";101;101247";"2";"3";"1";"3";"#route de Bocca Del Oro#";"41,56011300";"9,27701500"
"202400028256";"20";"05";"2024";"17:40";"1";"54";"54151";"1";"1";"1";"3";"D17";"49,48507500";"5,73518400"
"202400028257";"2";"09";"2024";"14:30";"1";"66";"66171";"2";"6";"1";"3";"Avenue du Maréchal Leclerc (Pont)";"42,61886900";"3,00964800"
"202400028258";"26";"07";"2024";"06:50";"2";"33";"33077";"1";"1";"1";"1";"N/A";"44,59532678";" -0,56089913"
"202400028259";"19";"05";"2024";"16:40";"1";"14";"14061";"1";"2";"1";"6";"2 Impasse du Quesnay";"48,91718000";" -0,92999500"
"202400028260";"27";"08";"2024";"19:48";"5";"06";"06021";"2";"1";"1";"6";"4 boulevard du barbant";"43,86222700";"7,18796600"
"202400028261";"26";"07";"2024";"21:33";"3";"33";"33382";"1";"1";"1";"6";"N/A";"45,12981000";" -0,52222100"
"202400028262";"20";"05";"2024";"10:15";"1";"41";"41114";"1";"1";"1";"2";"A10 P 128.000 vers Paris";"47,75143300";"1,54369900"
"202400028263";"2";"09";"2024";"17:15";"1";"25";"25047";"2";"3";"1";"2";"Rue de la Prairie";"47,34950200";"6,35572000"
"202400028264";"1";"09";"2024";"19:46";"1";"88";"88321";"2";"1";"1";"1";"Rue du Moulinot";"48,35707600";"5,68827900"
"202400028265";"20";"05";"2024";"15:00";"1";"62";"62043";"1";"1";"1";"1";"D943";"50,90016114";"1,95836326"
"202400028266";"26";"07";"2024";"19:30";"1";"27";"27312";"2";"2";"2";"3";"rue des osiers/rue de l'ancienne abbaye";"49,04535100";"1,30896100"
"202400028267";"3";"09";"2024";"09:40";"1";"01";"01032";"2";"1";"1";"3";"62 Route de Lyon";"45,84956100";"5,12265400"
"202400028268";"20";"05";"2024";"19:00";"2";"95";"95056";"1";"1";"3";"2";"D909";"49,08143793";"2,35483028"
"202400028269";"21";"05";"2024";"13:50";"1";"51";"51607";"2";"9";"1";"2";"Rue de la Verdonnelle";"48,94849500";"3,62112200"
"202400028270";"3";"09";"2024";"17:20";"1";"46";"46102";"2";"3";"1";"6";"GARE ROUTIÈRE";"44,60790700";"2,02842800"
"202400028271";"26";"07";"2024";"14:40";"1";"83";"83144";"1";"1";"1";"2";"A57";"43,13561064";"5,99192274"
"202400028272";"20";"05";"2024";"20:10";"2";"56";"56035";"1";"1";"2";"6";"le gueffro";"47,84179400";" -2,31631300"
"202400028273";"24";"08";"2024";"03:15";"3";"46";"46055";"1";"1";"1";"7";"Cavagnac";"44,58551600";"2,07864800"
"202400028274";"22";"07";"2024";"17:00";"1";"42";"42044";"1";"1";"1";"2";"N88";"45,39030000";"4,31390000"
"202400028275";"20";"05";"2024";"00:10";"3";"56";"56197";"1";"1";"2";"6";"rue de l'if";"47,89246400";" -2,46732700"
"202400028276";"26";"07";"2024";"20:55";"2";"92";"92072";"1";"1";"2";"7";"N118";"48,82701466";"2,22422590"
"202400028277";"1";"09";"2024";"22:47";"3";"13";"13210";"1";"1";"1";"2";"A50-Sens Aubagne vers Marseille";"43,28433000";"5,40409000"
"202400028278";"21";"05";"2024";"14:10";"1";100;100043";"1";"1";"1";"3";"Campinca";"42,76477600";"9,46796700"
"202400028279";"26";"07";"2024";"18:20";"1";"92";"92050";"1";"1";"8";"7";"A86";"48,91446370";"2,21961284"
"202400028280";"2";"09";"2024";"03:00";"3";"69";"69259";"1";"1";"1";"6";"Boulevard Périphérique Laurent Bonnevay";"45,71744150";"4,86022711"
"202400028281";"26";"07";"2024";"07:35";"1";"92";"92025";"1";"1";"2";"6";"A86";"48,93542176";"2,26058310"
"202400028282";"21";"05";"2024";"10:45";"1";"71";"71248";"2";"3";"1";"3";"Chemin des Carrieres";"46,56054000";"4,92922000"
"202400028283";"2";"09";"2024";"12:50";"1";"33";"33192";"1";"1";"1";"3";"N/A";"44,78075600";" -0,63778100"
"202400028284";"26";"07";"2024";"19:15";"1";"95";"95018";"1";"1";"2";"6";"A15";"48,95204423";"2,27986403"
"202400028285";"21";"05";"2024";"10:55";"1";"61";"61214";"2";"1";"1";"6";"Voie Communale";"48,76074300";"0,63921800"
"202400028286";"26";"07";"2024";"20:30";"2";"94";"94069";"1";"1";"3";"6";"A4";"48,81661087";"2,44867515"
"202400028287";"31";"08";"2024";"08:00";"1";"95";"95582";"1";"1";"8";"3";"A15";"48,97105157";"2,24878136"
"202400028288";"20";"05";"2024";"19:00";"1";"49";"49367";"1";"3";"2";"2";"D 73";"47,57461900";" -0,73249500"
"202400028289";"26";"07";"2024";"13:40";"1";"77";"77294";"1";"1";"1";"6";"A104";"48,97240000";"2,57525400"
"202400028290";"31";"08";"2024";"11:50";"1";"93";"93027";"1";"1";"1";"5";"AUTOROUTE A86";"48,92460473";"2,39061534"
"202400028291";"20";"05";"2024";"19:05";"1";"42";"42149";"2";"1";"8";"1";"Rue de Ravatey";"45,64932800";"4,23237600"
"202400028292";"25";"07";"2024";"08:30";"1";"974";"97416";"1";"1";"1";"2";"RN02";" -21,35922000";"55,53593000"
"202400028293";"20";"05";"2024";"09:35";"1";"34";"34219";"2";"1";"1";"7";"Les Vignes de la Coste";"43,52968800";"2,83057500"
"202400028294";"2";"09";"2024";"08:57";"1";"94";"94069";"1";"1";"1";"2";"A4";"48,81740557";"2,42988727"
"202400028295";"20";"05";"2024";"17:20";"1";"35";"35188";"2";"3";"2";"7";"Rue de Coulon";"48,13569300";" -1,95585100"
"202400028296";"2";"09";"2024";"06:05";"3";"93";"93051";"1";"1";"1";"2";"A4";"48,83537225";"2,57202249"
"202400028297";"25";"07";"2024";"09:40";"1";"973";"97302";"2";"3";"1";"3";"MONT LUCAS 1 (CITE)";"4,92415000";" -52,30198000"
"202400028298";"20";"05";"2024";"20:35";"1";"35";"35169";"2";"1";"9";"6";"61 Rue Pierre Porcher";"47,98363100";" -2,04255600"
"202400028299";"13";"04";"2024";"07:50";"2";"84";"84133";"2";"1";"1";"6";"Chemin du Plan";"43,72468400";"5,54363300"
"202400028300";"25";"07";"2024";"20:50";"1";"69";"69386";"2";"2";"1";"3";"Rue de Créqui";"45,77083000";"4,84566000"
"202400028301";"20";"05";"2024";"14:25";"1";"54";"54040";"1";"1";"1";"7";"D992";"48,49441913";"6,92919731"
"202400028302";"1";"04";"2024";"17:15";"1";"84";"84062";"1";"2";"1";"3";"D901";"43,88222700";"5,10290800"
"202400028303";"25";"07";"2024";"16:45";"1";"69";"69388";"2";"2";"1";"3";"Boulevard des Etats-Unis";"45,73119000";"4,86618000"
"202400028304";"21";"05";"2024";"08:25";"1";"14";"14191";"2";"1";"1";"7";"4 Place du Marche";"49,32958700";" -0,45688200"
"202400028305";"18";"02";"2024";"22:00";"5";"84";"84003";"2";"1";"1";"6";"Avenue Eugène Baudouin";"43,87409200";"5,38771600"
"202400028306";"25";"07";"2024";"12:00";"1";"972";"97209";"2";"1";"1";"2";"Bretelle sortie A1";"14,61608000";" -61,04361000"
"202400028307";"19";"05";"2024";"16:00";"1";"36";"36169";"1";"1";"1";"3";"N/A";"46,77771300";"2,05176100"
"202400028308";"24";"01";"2024";"14:15";"1";"84";"84003";"2";"3";"1";"2";"Avenue Philippe de Girard";"43,87596700";"5,38528000"
"202400028309";"25";"07";"2024";"20:35";"1";"69";"69389";"2";"2";"1";"3";"Avenue Joannès Masset";"45,76796000";"4,80107000"
"202400028310";"20";"05";"2024";"20:30";"1";"07";"07308";"2";"9";"3";"3";"D221";"45,18979500";"4,79611200"
"202400028311";"25";"07";"2024";"11:10";"1";"69";"69385";"2";"2";"1";"1";"67 Boulevard des Castors";"45,75180000";"4,80889000"
"202400028312";"21";"05";"2024";"18:15";"1";"53";"53126";"1";"1";"1";"2";"D31 le petit val";"48,32763800";" -0,95051100"
"202400028313";"30";"08";"2024";"23:40";"5";"987";"98735";"2";"1";"2";"7";"GAL DE GAULLE (RUE BLOC BANQUE POLYNESIE";" -17,54055826";" -149,56809282"
"202400028314";"25";"07";"2024";"16:35";"1";"971";"97113";"1";"1";"1";"3";"SECTION COCOYER";"16,24140000";" -61,49408000"
"202400028315";"18";"05";"2024";"22:50";"5";"37";"37001";"1";"1";"1";"6";"55 Route du Blanc";"46,96140128";"0,70545807"
"202400028316";"1";"09";"2024";"18:15";"1";"69";"69385";"2";"2";"1";"3";"Avenue Barthélémy Buyer";"45,76408000";"4,79089000"
"202400028317";"20";"05";"2024";"21:05";"2";"80";"80754";"1";"1";"1";"6";"PK 162+950 - Autoroute A29";"49,81367500";"1,93565400"
"202400028318";"24";"07";"2024";"14:40";"1";"971";"97105";"2";"1";"1";"3";"SIDAMBAROM(AVENUE)";"15,99600000";" -61,72718000"
"202400028319";"1";"09";"2024";"19:15";"1";"95";"95183";"2";"3";"1";"3";"FIEF A CAVAN (RUE DU)";"49,04820714";"2,00550109"
"202400028320";"5";"05";"2024";"05:45";"2";"88";"88327";"1";"1";"8";"6";"rn57";"48,31564900";"6,36847100"
"202400028321";"25";"07";"2024";"21:00";"5";101;101004";"2";"3";"1";"1";"NAPOLEON COURS AVANT BEVERINI";"41,92638081";"8,73830304"
"202400028322";"21";"05";"2024";"14:20";"1";"13";"13051";"1";"1";"1";"2";"Route Departementale 10";"43,54764600";"5,15554900"
"202400028323";"25";"07";"2024";"13:45";"1";"95";"95268";"2";"1";"1";"6";"LANGUEDOC (ALLEE DU)";"48,97169716";"2,41584018"
"202400028324";"20";"05";"2024";"19:40";"1";"91";"91649";"1";"1";"1";"1";"D31";"48,54672800";"2,34866100"
"202400028325";"1";"09";"2024";"17:50";"1";"91";"91589";"2";"1";"1";"3";"BD ARISTIDE BRIAND";"48,68711000";"2,35436000"
"202400028326";"25";"07";"2024";"19:00";"1";"91";"91174";"2";"1";"1";"3";"RUE GUSTAVE COURBET";"48,61599000";"2,46583000"
"202400028327";"21";"05";"2024";"08:30";"1";"53";"53113";"1";"1";"8";"7";"D241";"48,25525600";" -0,44312200"
"202400028328";"1";"09";"2024";"12:13";"1";"91";"91687";"1";"1";"1";"6";"A6";"48,66596000";"2,36277000"
"202400028329";"25";"07";"2024";"11:00";"1";"91";"91174";"2";"9";"1";"3";"BD FONTAINEBLEAU";"48,59368000";"2,47607000"
"202400028330";"21";"05";"2024";"08:00";"5";"06";"06150";"1";"1";"1";"1";"A500, PR 2 + 2912";"43,74108800";"7,38457200"
"202400028331";"15";"05";"2024";"19:25";"5";"971";"97106";"1";"1";"1";"1";"Route de Monchy";"16,09420700";" -61,76906900"
"202400028332";"31";"08";"2024";"12:55";"1";"91";"91589";"2";"3";"1";"3";"RUE DU 11 NOVEMBRE";"48,68275000";"2,34803400"
"202400028333";"24";"07";"2024";"09:40";"1";"89";"89024";"2";"1";"1";"6";"GAMBETTA (AVENUE) N° PAIRS";"47,79616000";"3,58135000"
"202400028334";"24";"07";"2024";"20:20";"1";"87";"87085";"2";"1";"1";"7";"THUILLAT (RUE VICTOR)";"45,85020000";"1,25469000"
"202400028335";"1";"09";"2024";"17:30";"1";"91";"91174";"2";"3";"1";"6";"AV CARNOT";"48,61200000";"2,47423000"
"202400028336";"21";"05";"2024";"07:15";"1";"91";"91540";"2";"1";"1";"6";"rue du moulin";"48,54864000";"2,12780000"
"202400028337";"1";"09";"2024";"12:30";"1";"30";"30011";"2";"1";"1";"7";"ARAMON (ROUTE D')";"43,93590000";"4,75060000"
"202400028338";"24";"07";"2024";"16:24";"1";"87";"87085";"2";"1";"1";"6";"COMBES (RUE DES)";"45,83249000";"1,25800000"
"202400028339";"25";"07";"2024";"19:00";"1";"85";"85191";"2";"9";"1";"6";"Rue jacques cartier";"46,67779000";" -1,43083000"
"202400028340";"21";"05";"2024";"15:15";"1";"11";"11066";"1";"1";"1";"5";"Route départementale 613";"42,79741600";"1,92217800"
"202400028341";"1";"09";"2024";"02:20";"5";"78";"78350";"1";"2";"1";"3";"VERSAILLES (ROUTE DE)";"48,84688000";"2,10922000"
"202400028342";"1";"09";"2024";"21:30";"5";"67";"67218";"2";"1";"1";"6";"VERGER (RUE DU)";"48,54051905";"7,72732884"
"202400028343";"25";"07";"2024";"17:15";"1";"85";"85191";"2";"2";"1";"3";"GUTEMBERG RUE (SECTEUR 413)";"46,68084000";" -1,43046000"
"202400028344";"19";"05";"2024";"10:45";"1";"83";"83042";"2";"2";"1";"1";"N 98";"43,24529700";"6,53392000"
"202400028345";"20";"05";"2024";"12:00";"1";"52";"52401";"1";"1";"1";"7";"D107";"48,03952000";"5,25865000"
"202400028346";"1";"09";"2024";"20:15";"5";"67";"67447";"2";"1";"1";"6";"BISCHWILLER (ROUTE DE)";"48,61144000";"7,75090000"
"202400028347";"18";"05";"2024";"20:00";"1";"57";"57474";"2";"6";"1";"2";"Rue des Ponts";"49,25971800";"6,15983800"
"202400028348";"24";"07";"2024";"14:00";"1";"84";"84007";"2";"9";"1";"3";"MORIERES (Route de )";"43,95140000";"4,82733000"
"202400028349";"20";"05";"2024";"14:50";"1";"57";"57408";"2";"1";"1";"2";"Rue de Forbach";"49,15620546";"6,99025975"
"202400028350";"1";"09";"2024";"17:00";"1";"67";"67218";"1";"3";"1";"3";"23 NOVEMBRE (RUE DU)";"48,53170000";"7,70809000"
"202400028351";"24";"07";"2024";"09:40";"1";"84";"84007";"2";"1";"1";"2";"SAINTE CATHERINE (AVENUE)";"43,92969000";"4,86557000"
"202400028352";"20";"05";"2024";"12:40";"1";"57";"57620";"1";"1";"1";"1";"D181a";"49,20357900";"5,99505900"
"202400028353";"25";"07";"2024";"18:10";"1";"83";"83137";"2";"1";"1";"3";"COLLET (AVE AMIRAL)";"43,12919000";"5,92453000"
"202400028354";"20";"05";"2024";"15:45";"1";"73";"73030";"2";"3";"1";"3";"Rue du prede";"45,56357505";"5,98177828"
"202400028355";"30";"08";"2024";"15:10";"1";"65";"65226";"2";"1";"1";"4";" Av du Pouey";"43,23825972";"0,03884323"
"202400028356";"25";"07";"2024";"20:45";"1";"77";"77373";"2";"1";"1";"3";"AV DE LA REPUBLIQUE";"48,80310000";"2,61109000"
"202400028357";"20";"05";"2024";"15:15";"1";"26";"26116";"1";"1";"1";"7";"Route Nationale 93";"44,41227900";"4,69716000"
"202400028358";"1";"09";"2024";"14:00";"1";"64";"64122";"2";"1";"1";"2";"BIARRITZ (Porte de )";"43,47679000";" -1,55207000"
"202400028359";"25";"07";"2024";"16:45";"1";"77";"77058";"2";"3";"1";"3";"EUROPE (AVENUE DE L' )";"48,83185000";"2,71760000"
"202400028360";"12";"05";"2024";"11:20";"1";"17";"17164";"1";"3";"2";"3";"Route de Taillebourg";"45,76995100";" -0,61800800"
"202400028361";"1";"09";"2024";"22:40";"5";"62";"62498";"2";"9";"1";"3";"Route de Béthune";"50,44310000";"2,80299000"
"202400028362";"25";"07";"2024";"22:00";"3";"76";"76640";"2";"4";"2";"3";"Rue de Louviers";"49,27267000";"1,03936000"
"202400028363";"1";"09";"2024";"07:30";"1";"62";"62386";"2";"2";"1";"3";"Rue Emile Zola";"50,45388000";"2,73021000"
"202400028364";"13";"05";"2024";"18:00";"1";"64";"64304";"2";"3";"2";"6";"D261";"43,49121100";" -1,38299000"
"202400028365";"24";"07";"2024";"15:20";"1";"76";"76351";"2";"3";"1";"7";"STADE OCEANE (Rue du)";"49,49996000";"0,17153000"
"202400028366";"31";"08";"2024";"10:05";"1";"62";"62457";"2";"9";"1";"3";"D341";"50,45598000";"2,52828000"
"202400028367";"18";"05";"2024";"15:05";"1";"29";"29288";"1";"3";"1";"3";"Chapelle Jésus";"48,55943712";" -4,29228637"
"202400028368";"23";"07";"2024";"02:35";"5";"76";"76351";"2";"3";"2";"7";"PIERRE MENDES FRANCE";"49,51470000";"0,15380000"
"202400028369";"31";"08";"2024";"16:45";"1";"62";"62119";"2";"3";"3";"1";"avenue pierre mendès france";"50,51915000";"2,63965000"
"202400028370";"31";"08";"2024";"10:55";"1";"56";"56260";"2";"2";"8";"3";"Boulevard de la Résistance";"47,64624000";" -2,78008000"
"202400028371";"21";"05";"2024";"17:30";"1";"76";"76122";"1";"2";"1";"3";"Carrefour D928 et D920";"49,82623200";"1,53044700"
"202400028372";"24";"07";"2024";"15:30";"1";"72";"72181";"2";"2";"1";"3";"GAULLE GENERAL DE (AV DU)";"48,00405000";"0,19971000"
"202400028373";"31";"08";"2024";"23:47";"5";"50";"50502";"2";"1";"1";"3";"TORTERON (rue)";"49,11464000";" -1,09552000"
"202400028374";"20";"04";"2024";"15:39";"3";"80";"80064";"1";"1";"2";"7";"D 28";"49,79716700";"2,60322300"
"202400028375";"25";"07";"2024";"16:45";"1";"71";"71499";"2";"1";"1";"7";"JULES GUESDE (RUE)";"46,66500000";"4,29260000"
"202400028376";"1";"09";"2024";"10:48";"1";"49";"49007";"1";"1";"1";"6";"ATLANTIQUE  AVENUE DE L'";"47,46816000";" -0,58580000"
"202400028377";"20";"05";"2024";"18:00";"1";"62";"62881";"1";"1";"1";"6";"D938";"50,21709000";"2,17348500"
"202400028378";"25";"07";"2024";"17:45";"1";"69";"69266";"2";"3";"1";"6";"Rue de Longchamp";"45,78147000";"4,88641000"
"202400028379";"1";"09";"2024";"21:41";"5";"45";"45338";"2";"2";"1";"3";"79 Rue Jean Mermoz";"47,98112800";"2,71636800"
"202400028380";"24";"07";"2024";"08:35";"1";"69";"69290";"2";"1";"1";"4";"Rue Alfred de Vigny";"45,69954000";"4,93602000"
"202400028381";"1";"09";"2024";"05:50";"5";"44";"44109";"2";"9";"3";"6";"Quai du Marquis d'Aiguillon";"47,20054000";" -1,57829000"
"202400028382";"25";"07";"2024";"23:11";"5";"68";"68066";"2";"1";"1";"3";"EUROPE (AVENUE DE L')";"48,07980500";"7,32773900"
"202400028383";"25";"07";"2024";"10:50";"1";"67";"67482";"2";"1";"1";"3";"JEAN JAURES (AVENUE)";"48,56945000";"7,76326000"
"202400028384";"1";"09";"2024";"11:00";"1";"34";"34301";"2";"2";"1";"3";"HUGO VICTOR (AVENUE)";"43,41020000";"3,69743000"
"202400028385";"24";"07";"2024";"13:00";"1";"67";"67482";"2";"1";"1";"3";"HOPITAL (ROUTE DE L )";"48,57021000";"7,75094000"
"202400028386";"24";"07";"2024";"09:37";"1";"67";"67462";"1";"1";"1";"5";"RD 424";"48,23606300";"7,48017700"
"202400028387";"24";"07";"2024";"13:30";"1";"65";"65286";"2";"1";"1";"2";"MARQUI (AVENUE ALEXANDRE)";"43,10603909";" -0,04067347"
"202400028388";"24";"07";"2024";"14:15";"1";"64";"64445";"2";"1";"1";"6";"LATAPIE";"43,29543626";" -0,36788374"
"202400028389";"25";"07";"2024";"21:00";"1";"64";"64122";"2";"6";"1";"3";"ROND POINT DE L EUROPE";"43,48098000";" -1,54069000"
"202400028390";"25";"07";"2024";"11:40";"1";"64";"64122";"2";"1";"1";"2";"LUIS MARIANO ( RUE-ROND POINT))";"43,45949000";" -1,53946000"
"202400028391";"24";"07";"2024";"00:55";"5";"64";"64125";"2";"1";"1";"1";"BIARRITZ (AVENUE DE)";"43,45645000";" -1,57255000"
"202400028392";"25";"07";"2024";"10:50";"1";"63";"63113";"2";"2";"1";"3";"Rue Niel / Rue de la Liève";"45,78332000";"3,10241000"
"202400028393";"25";"07";"2024";"20:40";"2";"59";"59368";"2";"2";"2";"3";"CONCORDE RUE DE LA";"50,65848000";"3,07647000"
"202400028394";"24";"07";"2024";"18:00";"1";"59";"59009";"2";"1";"1";"1";"Rue des Fusilles";"50,61978000";"3,13960000"
"202400028395";"24";"07";"2024";"13:50";"1";"59";"59566";"2";"6";"1";"6";"MUCHEMBUS AVENUE DE";"50,62487000";"2,98443000"
"202400028396";"25";"07";"2024";"16:00";"1";"58";"58194";"2";"3";"1";"2";"SAINT VINCENT";"46,98939000";"3,16285000"
"202400028397";"25";"07";"2024";"12:40";"1";"56";"56260";"2";"6";"1";"3";"Boulevard de Pontivy";"47,67694000";" -2,77436000"
"202400028398";"25";"07";"2024";"02:24";"4";"56";"56162";"2";"1";"1";"7";"Place de l’Église";"47,73643000";" -3,42798000"
"202400028399";"25";"07";"2024";"06:00";"1";"54";"54395";"2";"2";"1";"3";"Rue Charles Keller";"48,70168000";"6,17157000"
"202400028400";"24";"07";"2024";"18:20";"1";"54";"54395";"2";"5";"1";"1";"Rue des Tiercelins";"48,69167000";"6,19251000"
"202400028401";"25";"07";"2024";"22:55";"3";"54";"54575";"1";"1";"1";"6";"D17";"49,47303000";"5,80638000"
"202400028402";"22";"07";"2024";"11:30";"1";"52";"52121";"2";"1";"1";"6";"MOULIN NEUF (RUE DU)";"48,12623094";"5,15492141"
"202400028403";"25";"07";"2024";"18:20";"1";"50";"50647";"2";"1";"2";"3";"VILLEDIEU LES POELES (ROUTE)";"48,83928400";" -1,55310700"
"202400028404";"25";"07";"2024";"11:55";"1";"48";"48095";"2";"4";"1";"7";"FOCH (AVENUE)";"44,51765000";"3,49657000"
"202400028405";"25";"07";"2024";"09:45";"1";"45";"45285";"2";"1";"1";"6";"3 Rue de Marmogne";"47,89711700";"1,85981400"
"202400028406";"24";"07";"2024";"16:00";"1";"44";"44109";"2";"1";"1";"2";"N/A";"47,19265917";" -1,61347568"
"202400028407";"7";"10";"2024";"07:40";"1";"94";"94056";"2";"1";"8";"6";"Route de Brie Comte Robert";"48,69697000";"2,57058000"
"202400028408";"25";"07";"2024";"11:23";"1";"42";"42207";"2";"2";"1";"3";"Place Nationale";"45,46435000";"4,50340000"
"202400028409";"7";"10";"2024";"07:00";"2";"93";"93066";"2";"9";"8";"2";"LENINE (AVENUE) NR 28 A 62 ET 13 A 41";"48,94304457";"2,36359252"
"202400028410";"24";"07";"2024";"14:11";"1";"38";"38421";"2";"1";"1";"3";"AVENUE AMBROISE CROIZAT";"45,18314000";"5,75702000"
"202400028411";"6";"10";"2024";"14:43";"1";"93";"93066";"2";"1";"2";"5";"WILSON (AVENUE DU PRESIDENT)";"48,92756000";"2,35678000"
"202400028412";"24";"07";"2024";"15:12";"1";"36";"36044";"2";"1";"1";"6";"Rue Victor Hugo";"46,81132000";"1,69323000"
"202400028413";"7";"10";"2024";"01:50";"5";"93";"93048";"1";"6";"2";"3";"PIERRE DE MONTREUIL S5 (RUE)";"48,86253102";"2,45520813"
"202400028414";"25";"07";"2024";"07:00";"1";"35";"35238";"2";"1";"1";"6";"ISLY (RUE D')";"48,10581000";" -1,67764000"
"202400028415";"7";"10";"2024";"13:05";"1";"93";"93050";"2";"1";"2";"1";"LOUIS VANNINI (RUE)";"48,86584000";"2,52332000"
"202400028416";"7";"10";"2024";"08:10";"1";"93";"93010";"2";"2";"1";"6";"FRANCE (AV. ANATOLE) DE 79 ET 80 A FIN";"48,89054000";"2,49590000"
"202400028417";"25";"07";"2024";"04:35";"3";"35";"35051";"1";"1";"5";"6";"FOUGERES (ROUTE DE)";"48,15335000";" -1,59645000"
"202400028418";"7";"10";"2024";"13:20";"1";"92";"92022";"2";"1";"8";"7";"PASSERELLE (RUE DE LA)";"48,81347887";"2,19494060"
"202400028419";"25";"07";"2024";"13:35";"1";"34";"34172";"2";"1";"1";"6";"GANGES (ROUTE DE";"43,62895000";"3,85690000"
"202400028420";"7";"10";"2024";"08:30";"1";"92";"92072";"2";"1";"7";"6";"EUROPE (AVENUE DE L')";"48,82271089";"2,20887959"
"202400028421";"7";"10";"2024";"19:40";"5";"92";"92049";"2";"3";"2";"3";"BRIAND AVENUE ARISTIDE N°1 A 129";"48,81325955";"2,32583731"
"202400028422";"25";"07";"2024";"14:50";"1";"33";"33318";"2";"1";"1";"3";"N/A";"44,80990600";" -0,62172500"
"202400028423";"5";"10";"2024";"20:28";"5";"92";"92036";"2";"8";"1";"1";"PIERRE TIMBAUD (RUE) (1/45)";"48,93327297";"2,30165452"
"202400028424";"7";"10";"2024";"08:21";"1";"92";"92026";"2";"2";"1";"3";"PAIX";"48,90320228";"2,26694673"
"202400028425";"25";"07";"2024";"09:30";"1";"33";"33281";"2";"1";"1";"4";"N/A";"44,84466000";" -0,67495000"
"202400028426";"7";"10";"2024";"08:50";"1";"92";"92032";"2";"3";"8";"3";"CHEVREUSE (VOIE DE)";"48,78447970";"2,29180992"
"202400028427";"7";"10";"2024";"19:20";"5";"92";"92002";"2";"1";"2";"3";"PYRENEES (BOULEVARD DES)";"48,73621614";"2,28204019"
"202400028428";"25";"07";"2024";"16:45";"1";"33";"33529";"2";"6";"1";"3";"N/A";"44,63012000";" -1,15431000"
"202400028429";"7";"10";"2024";"10:50";"1";"59";"59594";"2";"1";"1";"1";"Rue Alphonse Dussart";"50,49097900";"3,45149600"
"202400028430";"7";"10";"2024";"18:25";"3";"63";"63425";"1";"1";"3";"1";"D213";"45,67665478";"3,12695120"
"202400028431";"5";"10";"2024";"13:55";"1";"21";"21021";"1";"1";"1";"4";"A31";"47,33734400";"5,16586800"
"202400028432";"25";"07";"2024";"11:05";"1";"31";"31555";"2";"1";"1";"3";"RTE DE SEYSSES";"43,56538419";"1,41049421"
"202400028433";"7";"10";"2024";"16:00";"1";"81";"81156";"2";"1";"1";"2";"31 Avenue d'Albi";"43,91677400";"2,03315700"
"202400028434";"7";"10";"2024";"16:30";"1";"34";"34114";"1";"1";"3";"6";"A75 PK 28+212 Sens 1";"43,64425300";"3,56275700"
"202400028435";"24";"07";"2024";"16:25";"1";"31";"31555";"2";"1";"7";"2";"BD DE LA MARNE";"43,58404620";"1,46167785"
"202400028436";"7";"10";"2024";"16:00";"1";"80";"80006";"1";"2";"1";"3";"D12";"50,17899800";"1,93695500"
"202400028437";"13";"08";"2024";"02:35";"3";"61";"61414";"1";"1";"1";"6";"D912";"48,53159700";"0,52321300"
"202400028438";"5";"10";"2024";"16:35";"1";"22";"22229";"1";"1";"1";"3";"Kernevez";"48,26832300";" -3,22943300"
"202400028439";"8";"10";"2024";"09:10";"1";"44";"44015";"1";"1";"1";"1";"N/A";"47,45486800";" -1,79562400"
"202400028440";"7";"10";"2024";"10:05";"1";"01";"01266";"2";"3";"1";"3";"Rue des Carronnieres";"46,33603400";"5,12593700"
"202400028441";"3";"10";"2024";"14:30";"1";"14";"14177";"2";"1";"1";"2";"3055 Route du Regiment Ecossais";"49,21204200";"0,21529700"
"202400028442";"8";"10";"2024";"07:49";"2";"45";"45148";"2";"1";"1";"6";"D32 PR 5 + 838";"48,10411900";"2,77395700"
"202400028443";"7";"10";"2024";"14:38";"1";"43";"43187";"1";"3";"1";"1";"RD906";"45,15956672";"3,82871021"
"202400028444";"6";"10";"2024";"02:30";"3";"53";"53143";"1";"1";"2";"7";"la Sellerie";"47,95955400";" -0,65470600"
"202400028445";"7";"10";"2024";"21:10";"5";"40";"40313";"2";"1";"1";"6";"rue du général de gaulle";"43,83295200";" -0,80716300"
"202400028446";"6";"10";"2024";"17:20";"1";"85";"85221";"2";"1";"1";"6";"Rue des Alouettes";"46,90771900";" -1,99640600"
"202400028447";"4";"10";"2024";"18:35";"2";"01";"01033";"1";"1";"1";"3";"A 40, PK 104+200";"46,16043100";"5,77845500"
"202400028448";"3";"10";"2024";"13:15";"1";"83";"83023";"1";"1";"1";"1";"D43";"43,35377750";"6,08967131"
"202400028449";"7";"10";"2024";"13:20";"1";"48";"48004";"1";"1";"2";"6";"les rochettes hautes";"44,47403200";"3,86085700"
"202400028450";"7";"10";"2024";"11:45";"1";"13";"13041";"1";"1";"1";"1";"D46a PK 0+450";"43,46507900";"5,46894900"
"202400028451";"7";"10";"2024";"17:40";"1";"21";"21295";"2";"1";"2";"3";"Avenue de la gare";"47,22882200";"4,99112200"
"202400028452";"7";"10";"2024";"20:00";"5";"57";"57271";"2";"1";"2";"5";"Rue de Marienthal";"49,10337600";"6,79853100"
"202400028453";"7";"10";"2024";"18:30";"1";"01";"01386";"1";"3";"1";"1";"D20";"45,88410800";"5,34526700"
"202400028454";"7";"10";"2024";"13:25";"1";"69";"69068";"2";"1";"8";"1";"70 Rue Rochon";"45,84484200";"4,81899600"
"202400028455";"8";"10";"2024";"06:30";"3";"81";"81070";"1";"1";"5";"2";"A 68 PK 34+500";"43,80323700";"1,77481800"
"202400028456";"8";"10";"2024";"09:10";"1";"33";"33056";"2";"1";"1";"7";"75 avenue du 11 novembre";"44,90902900";" -0,62320300"
"202400028457";"4";"10";"2024";"06:05";"3";"44";"44047";"1";"1";"2";"2";"N/A";"47,24311700";" -1,67021200"
"202400028458";"19";"09";"2024";"16:00";"1";"29";"29161";"1";"1";"1";"6";"ZAC de Penhoat Salaun";"47,90120116";" -4,02917147"
"202400028459";"24";"09";"2024";"17:55";"1";"83";"83090";"1";"1";"1";"2";"A50";"43,12199255";"5,83105057"
"202400028460";"6";"10";"2024";"05:55";"3";"33";"33023";"1";"1";"2";"5";"N/A";"44,69765815";" -0,49913712"
"202400028461";"20";"09";"2024";"16:20";"1";"59";"59560";"1";"1";"1";"2";"AUTOROUTE A1";"50,53732000";"3,05077000"
"202400028462";"6";"10";"2024";"03:50";"3";"62";"62351";"1";"1";"1";"6";"A21";"50,43213160";"2,90356147"
"202400028463";"4";"10";"2024";"20:15";"3";"59";"59183";"1";"1";"1";"6";"AUTOROUTE A16";"51,00809000";"2,32519000"
"202400028464";"6";"10";"2024";"17:40";"1";"78";"78362";"1";"1";"2";"5";"A13";"48,97580700";"1,72282400"
"202400028465";"6";"10";"2024";"17:30";"1";"92";"92047";"1";"1";"1";"2";"A13";"48,83554429";"2,17962441"
"202400028466";"6";"10";"2024";"14:15";"1";"78";"78007";"1";"1";"2";"7";"A13W";"48,90100000";"2,00490000"
"202400028467";"6";"10";"2024";"05:35";"3";"78";"78140";"1";"1";"2";"7";"A13";"48,96361400";"1,92677200"
"202400028468";"4";"10";"2024";"18:10";"1";"92";"92050";"1";"1";"1";"3";"A86";"48,90384816";"2,20690817"
"202400028469";"7";"10";"2024";"05:10";"3";"93";"93078";"1";"1";"2";"6";"AUTOROUTE A104";"48,95857237";"2,53354347"
"202400028470";"6";"10";"2024";"17:15";"1";"92";"92036";"1";"1";"2";"2";"AUTOROUTE A15";"48,94364712";"2,28775617"
"202400028471";"6";"10";"2024";"17:45";"1";"95";"95582";"1";"1";"1";"6";"A115";"48,97445324";"2,24505104"
"202400028472";"6";"10";"2024";"16:30";"1";"95";"95212";"1";"1";"2";"6";"A1";"49,03384000";"2,54192000"
"202400028473";"6";"10";"2024";"02:30";"3";"93";"93078";"1";"1";"1";"2";"AUTOROUTE A104";"48,96493499";"2,55465645"
"202400028474";"5";"10";"2024";"05:45";"3";"93";"93005";"1";"1";"1";"2";"AUTOROUTE A3";"48,95598293";"2,47342937"
"202400028475";"7";"10";"2024";"06:20";"3";"77";"77468";"1";"1";"1";"2";"A4.W";"48,83251521";"2,65929855"
"202400028476";"6";"10";"2024";"23:25";"3";"94";"94044";"1";"1";"2";"6";"N406";"48,75777351";"2,47883053"
"202400028477";"6";"10";"2024";"22:20";"3";"94";"94074";"1";"1";"2";"6";"N406";"48,76258012";"2,46669352"
"202400028478";"16";"05";"2024";"14:10";"1";"93";"93070";"2";"1";"1";"3";"Rue Albert Dhalenne";"48,91610900";"2,33062900"
"202400028479";"3";"05";"2024";"19:30";"1";"93";"93070";"2";"1";"1";"2";"Quai de Seine";"48,91775612";"2,32885838"
"202400028480";"24";"04";"2024";"23:25";"5";"93";"93070";"2";"2";"1";"3";"Avenue Michelet / Impasse Aubert";"48,90869000";"2,34416000"
"202400028481";"29";"06";"2024";"16:15";"1";"974";"97407";"2";"6";"1";"3";"VERGES(AVENUE)";" -20,93000000";"55,30000000"
"202400028482";"6";"10";"2024";"09:15";"1";"974";"97416";"2";"1";"1";"1";"THOREZ (CHEMIN MAURICE)";" -21,27641000";"55,46956000"
"202400028483";"6";"10";"2024";"08:15";"1";"974";"97411";"1";"9";"1";"7";"MONTAGNE (ROUTE DE LA)";" -20,88834000";"55,43771000"
"202400028484";"30";"09";"2024";"15:20";"1";"69";"69388";"2";"1";"1";"3";"Rue Commandant Caroline Aigle";"45,73231240";"4,88581046"
"202400028485";"6";"10";"2024";"04:00";"5";"69";"69387";"2";"1";"1";"6";"Rue Tourville";"45,74886000";"4,85177000"
"202400028486";"5";"10";"2024";"11:35";"1";"972";"97209";"1";"9";"1";"6";"AMILCAR CABRAL (BOULEVARD)";"14,61158400";" -61,08259500"
"202400028487";"5";"10";"2024";"17:15";"1";"972";"97209";"1";"1";"1";"6";"AVE CAMILLE DARSIERES";"14,59590000";" -61,05935000"
"202400028488";"6";"10";"2024";"06:40";"1";"972";"97209";"2";"1";"1";"7";"EAUX DECOUPEES (CHEMIN DES)";"14,60808000";" -61,05457000"
"202400028489";"5";"10";"2024";"18:10";"1";"95";"95280";"2";"9";"1";"6";"JACQUES ANQUETIL (AVENUE)";"49,02269100";"2,45733800"