"Num_Acc";"jour";"mois";"an";"hrmn";"lum";"dep";"com";"agg";"int";"atm";"col";"adr";"lat";"long"
"202400028490";"6";"10";"2024";"11:10";"1";"95";"95219";"2";"1";"2";"4";"D140";"48,98665835";"2,24752563"
"202400028491";"6";"10";"2024";"15:55";"1";"91";"91687";"2";"1";"2";"6";"NUNGESSER ET COLI (RUE)";"48,67426000";"2,36683000"
"202400028492";"6";"10";"2024";"12:43";"1";"91";"91027";"2";"2";"2";"3";"RUE NOUVELLE";"48,69378000";"2,38916000"
"202400028493";"5";"10";"2024";"19:10";"2";"90";"90010";"2";"9";"1";"3";"JAURES (AVENUE JEAN) DE 152 ET 119";"47,65266000";"6,85016000"
"202400028494";"6";"10";"2024";"11:40";"1";"84";"84035";"2";"2";"1";"1";"ROBION-RD2 (ROUTE DE)";"43,84042300";"5,06198100"
"202400028495";"6";"10";"2024";"16:35";"1";"79";"79191";"2";"2";"1";"3";"N/A";"46,34818000";" -0,47741000"
"202400028496";"5";"10";"2024";"11:20";"1";"78";"78224";"2";"1";"1";"1";"SAINT NOM (ROUTE DE)";"48,86913000";"2,05309000"
"202400028497";"6";"10";"2024";"00:01";"5";"77";"77249";"2";"3";"1";"6";"RUE DE LA FORET DE JOUY";"48,73403000";"2,59513000"
"202400028498";"5";"10";"2024";"16:30";"1";"73";"73065";"2";"1";"1";"1";"BANQUE (RUE DE LA)";"45,56558000";"5,92589000"
"202400028499";"6";"10";"2024";"21:10";"5";"69";"69282";"2";"2";"1";"1";"Rue de la République";"45,76538000";"5,00915000"
"202400028500";"6";"10";"2024";"07:30";"2";"64";"64140";"2";"2";"2";"3";"DUVERT (RUE RENE)";"43,52275000";" -1,48931000"
"202400028501";"5";"10";"2024";"18:45";"1";"64";"64102";"2";"2";"1";"3";"SOULT (AVENUE MARECHAL)";"43,48408000";" -1,49931000"
"202400028502";"6";"10";"2024";"06:00";"5";"59";"59488";"2";"1";"1";"6";"ROUTE D'ARRAS";"50,19104000";"3,16541000"
"202400028503";"5";"10";"2024";"19:05";"1";"59";"59122";"2";"1";"1";"3";"VICTOIRE (AVENUE DE LA)";"50,17330000";"3,23327000"
"202400028504";"6";"10";"2024";"01:30";"5";"57";"57606";"2";"1";"1";"6";"POILUS (PASSAGE DES)";"49,10119200";"6,71123100"
"202400028505";"6";"10";"2024";"14:20";"1";"56";"56260";"1";"1";"2";"5";"Liziec";"47,66838000";" -2,72451000"
"202400028506";"5";"10";"2024";"16:50";"1";"51";"51108";"2";"1";"1";"6";"MENARD (RUE MICHEL)";"48,94142500";"4,40094600"
"202400028507";"6";"10";"2024";"20:50";"5";"45";"45147";"2";"1";"8";"1";"18 Rue de Montaran";"47,94416200";"1,91679900"
"202400028508";"6";"10";"2024";"11:45";"1";"45";"45075";"2";"1";"2";"2";"D2152 PR 63 + 754";"47,89416000";"1,85159000"
"202400028509";"6";"10";"2024";"19:20";"3";"38";"38185";"2";"1";"2";"6";"Cours Berriat";"45,18805106";"5,71868688"
"202400028510";"6";"10";"2024";"20:40";"3";"37";"37122";"2";"1";"8";"6";"RD 37";"47,34058000";"0,66463000"
"202400028511";"6";"10";"2024";"10:05";"1";"37";"37122";"2";"1";"2";"6";"DEUX LIONS (ROUTE DES)";"47,36096000";"0,68454000"
"202400028512";"6";"10";"2024";"12:10";"1";"35";"35238";"2";"2";"1";"3";"LORIENT (DE)";"48,10897000";" -1,71033000"
"202400028513";"6";"10";"2024";"11:15";"1";"35";"35238";"2";"1";"2";"2";"BERNARD (CLAUDE)";"48,10317000";" -1,69413000"
"202400028514";"6";"10";"2024";"18:30";"1";"34";"34108";"2";"3";"1";"3";"BALARUC (ROUTE DE)";"43,43020000";"3,72510000"
"202400028515";"6";"10";"2024";"03:45";"3";"33";"33200";"1";"1";"8";"6";"N/A";"44,88832700";" -0,66810800"
"202400028516";"6";"10";"2024";"14:10";"1";"33";"33529";"2";"3";"1";"3";"N/A";"44,62216700";" -1,14014300"
"202400028517";"6";"10";"2024";"19:20";"2";"27";"27375";"2";"1";"2";"7";"DUNANT (AVENUE HENRI)";"49,20997000";"1,17089000"
"202400028518";"4";"10";"2024";"14:55";"1";"22";"22113";"2";"1";"1";"2";"SAINT MARC (RUE DE)";"48,73386000";" -3,44165000"
"202400028519";"5";"10";"2024";"15:20";"1";"13";"13212";"2";"3";"1";"3";"BOUSQUETIER (BOULEVARD DU)";"43,31788400";"5,44554626"
"202400028520";"5";"10";"2024";"20:45";"4";"13";"13047";"1";"1";"1";"1";"FOS (ROUTE DE) - RN 569";"43,49260000";"4,97012000"
"202400028521";"30";"09";"2024";"16:25";"1";"04";"04070";"2";"1";"1";"7";"DEMONTZEY (AV.)";"44,09133000";"6,23130000"
"202400028522";"6";"10";"2024";"19:30";"5";"75";"75113";"2";"1";"1";"3";"BD PERIPHERIQUE EXTERIEUR";"48,81636800";"2,34441000"
"202400028523";"6";"10";"2024";"11:35";"1";"75";"75120";"2";"2";"2";"6";"RUE DES ORTEAUX";"48,85619300";"2,40493700"
"202400028524";"6";"10";"2024";"19:45";"5";"75";"75119";"2";"2";"2";"3";"RUE DE CRIMEE";"48,89379900";"2,37331200"
"202400028525";"6";"10";"2024";"12:47";"1";"75";"75119";"2";"3";"2";"6";"RUE DES CHAUFOURNIERS";"48,87898700";"2,37129200"
"202400028526";"6";"10";"2024";"11:00";"1";"75";"75118";"2";"3";"2";"6";"BOULEVARD DE CLICHY";"48,88341900";"2,33430900"
"202400028527";"6";"10";"2024";"09:45";"1";"75";"75118";"2";"2";"2";"6";"BOULEVARD NEY";"48,89788200";"2,33736200"
"202400028528";"5";"10";"2024";"20:31";"5";"75";"75118";"2";"3";"1";"3";"BOULEVARD BARBES";"48,88450100";"2,34947700"
"202400028529";"6";"10";"2024";"20:30";"5";"75";"75116";"2";"3";"2";"6";"AVENUE MOZART";"48,85242900";"2,26813600"
"202400028530";"6";"10";"2024";"11:00";"1";"75";"75116";"2";"2";"2";"6";"RUE JEAN DE LA FONTAINE";"48,84966800";"2,26861900"
"202400028531";"5";"10";"2024";"16:45";"1";"75";"75116";"2";"7";"1";"3";"Place de Barcelone";"48,84747400";"2,27362900"
"202400028532";"5";"10";"2024";"17:45";"1";"75";"75112";"2";"1";"1";"6";"AVENUE DE SAINT MAURICE";"48,83161900";"2,42059400"
"202400028533";"6";"10";"2024";"21:45";"5";"75";"75111";"2";"1";"2";"3";"BOULEVARD DE MENILMONTANT";"48,85908900";"2,38901700"
"202400028534";"6";"10";"2024";"01:15";"5";"75";"75109";"2";"3";"1";"6";"RUE RICHER";"48,87402100";"2,34650800"
"202400028535";"6";"10";"2024";"01:15";"5";"75";"75109";"2";"2";"1";"6";"RUE RICHER";"48,87402900";"2,34534400"
"202400028536";"6";"10";"2024";"16:10";"1";"75";"75115";"2";"1";"2";"6";"RUE DU COMMERCE";"48,84365600";"2,29299600"
"202400028537";"5";"10";"2024";"21:20";"5";"75";"75102";"2";"2";"1";"6";"RUE DES PETITS CHAMPS";"48,86700600";"2,33588700"
"202400028538";"6";"10";"2024";"05:45";"5";"94";"94052";"2";"1";"1";"3";"Avenue de Joinville";"48,82928368";"2,46677265"
"202400028539";"7";"10";"2024";"00:01";"5";"94";"94041";"2";"2";"2";"7";"Boulevard Paul Vaillant Couturier";"48,81756000";"2,39867000"
"202400028540";"5";"10";"2024";"18:15";"1";"93";"93073";"2";"1";"1";"2";"CHAPIT RE ( RUE DU)";"49,00386000";"2,56698000"
"202400028541";"5";"10";"2024";"22:00";"5";"93";"93062";"2";"1";"1";"7";"PLATEAU (ALLEE DU)";"48,90300000";"2,52849000"
"202400028542";"5";"10";"2024";"19:45";"5";"93";"93029";"2";"9";"1";"6";"REPUBLIQUE (DE LA) N° 1-161";"48,92161334";"2,44363546"
"202400028543";"6";"10";"2024";"16:15";"1";"92";"92075";"2";"2";"2";"3";"SOLFERINO (RUE)";"48,82241715";"2,28993550"
"202400028544";"6";"10";"2024";"14:30";"1";"92";"92073";"2";"1";"2";"3";"JAURES (AVENUE JEAN)";"48,86361343";"2,20904589"
"202400028545";"6";"10";"2024";"12:30";"1";"92";"92064";"2";"3";"2";"3";"CAMP CANADIEN";"48,85289735";"2,20585808"
"202400028546";"5";"10";"2024";"11:15";"1";"92";"92064";"2";"1";"1";"6";"DAILLY";"48,84347000";"2,22070000"
"202400028547";"6";"10";"2024";"11:25";"1";"92";"92048";"1";"9";"2";"6";"MARE ADAM (CARREFOUR DE LA)";"48,80083050";"2,20914960"
"202400028548";"6";"10";"2024";"19:20";"2";"92";"92024";"2";"1";"1";"2";"VICTOR HUGO (BD)";"48,89977410";"2,31424525"
"202400028549";"6";"10";"2024";"19:20";"5";"92";"92004";"2";"1";"2";"4";"DOCTEUR DERVAUX  ( QUAI DU )";"48,90462656";"2,28698999"
"202400028550";"5";"10";"2024";"14:45";"1";"37";"37022";"2";"1";"1";"6";"17 Rue du Parc";"47,19886800";"0,18401400"
"202400028551";"7";"10";"2024";"09:20";"1";"72";"72051";"1";"2";"2";"3";"D323";"47,81485500";"0,06388500"
"202400028552";"6";"10";"2024";"12:50";"1";"12";"12287";"2";"1";"1";"6";"D926";"44,32351400";"1,89905800"
"202400028553";"7";"10";"2024";"09:45";"1";"54";"54089";"1";"1";"2";"6";"D913";"48,75655700";"6,25259400"
"202400028554";"7";"10";"2024";"12:40";"1";"26";"26353";"1";"1";"2";"7";"Route de l’Ecluse";"44,67384300";"4,78999300"
"202400028555";"5";"10";"2024";"11:00";"1";"17";"17010";"1";"6";"1";"3";"D202 - les cadelis";"46,10407300";" -1,09371900"
"202400028556";"5";"10";"2024";"21:30";"3";"45";"45104";"2";"1";"1";"7";"Rue Achille Fouquin";"48,04469300";"2,67699000"
"202400028557";"6";"10";"2024";"17:28";"1";"31";"31418";"2";"6";"1";"6";"85 Route d'Aufrery";"43,61143800";"1,53190300"
"202400028558";"5";"10";"2024";"11:20";"1";"31";"31044";"2";"1";"1";"6";"Rue des Lilas";"43,60835100";"1,49456100"
"202400028559";"6";"10";"2024";"09:15";"1";"81";"81299";"1";"1";"1";"1";"D112";"43,66261000";"1,93146900"
"202400028560";"5";"10";"2024";"11:20";"1";"972";"97221";"2";"1";"7";"6";"73 Rue Schoelcher";"14,52801900";" -60,98071300"
"202400028561";"6";"10";"2024";"22:45";"3";"28";"28024";"1";"1";"2";"2";"N124";"48,41590000";"1,48085800"
"202400028562";"7";"10";"2024";"06:25";"2";"01";"01033";"2";"1";"5";"3";"avenue du stade";"46,12415100";"5,81610700"
"202400028563";"5";"10";"2024";"20:17";"3";100;100009";"1";"1";"1";"1";"T 10";"42,08518100";"9,49306700"
"202400028564";"27";"09";"2024";"12:15";"1";"62";"62763";"2";"4";"2";"3";"D85";"50,37260700";"2,35806900"
"202400028565";"5";"10";"2024";"07:30";"2";"66";"66050";"1";"1";"1";"6";"CD 83 - PK 15";"42,77732765";"2,91553974"
"202400028566";"7";"10";"2024";"09:30";"1";"83";"83021";"1";"1";"2";"6";"D35";"43,47788400";"5,94947200"
"202400028567";"7";"10";"2024";"08:30";"1";"56";"56047";"1";"1";"2";"7";"Les Cinq Chemins";"48,05391700";" -2,76731000"
"202400028568";"7";"10";"2024";"04:30";"5";"80";"80620";"2";"1";"8";"6";"D1017";"49,93440000";"2,94723300"
"202400028569";"4";"10";"2024";"19:45";"5";"80";"80373";"2";"9";"1";"3";"Rue Charles de Gaulle";"49,98648300";"1,55612600"
"202400028570";"6";"10";"2024";"20:55";"5";"82";"82142";"2";"3";"1";"3";"53 Rue Bernard Peyrille";"43,81529100";"1,31370600"
"202400028571";"6";"10";"2024";"18:15";"1";"65";"65054";"1";"1";"1";"1";"D17";"43,05661300";"0,35963100"
"202400028572";"6";"10";"2024";"11:20";"1";"63";"63125";"1";"1";"1";"4";"D58";"45,77502454";"3,55048384"
"202400028573";"5";"10";"2024";"19:00";"2";"27";"27027";"1";"4";"7";"1";"D32";"48,91043600";"1,24095500"
"202400028574";"7";"10";"2024";"07:10";"2";"63";"63227";"1";"1";"1";"6";"axe d1";"45,67997733";"3,21780880"
"202400028575";"6";"10";"2024";"14:40";"1";"61";"61394";"2";"1";"1";"7";"D7";"48,28110600";"0,60536600"
"202400028576";"6";"10";"2024";"16:35";"1";"49";"49008";"1";"1";"1";"1";"D923";"47,60321200";" -0,99288900"
"202400028577";"7";"10";"2024";"14:40";"1";"49";"49018";"1";"2";"2";"6";"LE PORTEAU";"47,52050100";" -0,16898500"
"202400028578";"6";"10";"2024";"20:30";"3";"12";"12264";"1";"1";"1";"6";"Route de Villecomtal";"44,43353100";"2,58213600"
"202400028579";"7";"10";"2024";"14:04";"1";"39";"39441";"1";"1";"1";"3";"N/A";"46,47456200";"6,02967000"
"202400028580";"6";"10";"2024";"05:20";"3";"39";"39405";"1";"1";"8";"6";"N/A";"47,01227500";"5,49454800"
"202400028581";"6";"10";"2024";"17:20";"1";"44";"44115";"1";"1";"2";"5";"N/A";"47,35275100";" -1,26630300"
"202400028582";"6";"10";"2024";"19:30";"1";"29";"29300";"1";"1";"1";"7";"D22";"47,87586800";" -3,61703400"
"202400028583";"5";"10";"2024";"18:00";"1";"02";"02713";"1";"1";"7";"2";"N/A";"49,20262600";"3,56150200"
"202400028584";"7";"10";"2024";"17:35";"1";"01";"01083";"1";"2";"1";"3";"D17";"46,09903700";"4,85866100"
"202400028585";"7";"10";"2024";"08:30";"1";"26";"26365";"1";"1";"8";"6";"D538";"44,75686300";"5,01680400"
"202400028586";"7";"10";"2024";"07:45";"1";"26";"26165";"1";"1";"1";"7";"Route d allex";"44,79515600";"4,87376200"
"202400028587";"6";"10";"2024";"17:30";"1";"58";"58059";"2";"1";"2";"7";"Avenue Gambetta";"47,18203600";"3,03048800"
"202400028588";"6";"10";"2024";"23:58";"5";"06";"06079";"1";"1";"1";"1";"Boulevard du Bon Puits";"43,52198900";"6,93589400"
"202400028589";"6";"10";"2024";"04:00";"3";"64";"64405";"1";"1";"1";"7";"D62";"43,33852300";" -0,24495000"
"202400028590";"1";"10";"2024";"09:00";"1";"18";"18059";"1";"1";"3";"7";"N/A";"46,64463400";"2,27418600"
"202400028591";"6";"10";"2024";"15:20";"1";"18";"18229";"1";"1";"8";"6";"N/A";"47,23050800";"2,40741100"
"202400028592";"4";"10";"2024";"16:30";"1";"36";"36138";"1";"2";"1";"3";"N/A";"46,55191541";"2,13656187"
"202400028593";"6";"10";"2024";"20:10";"5";"36";"36088";"2";"1";"2";"7";"Route de Bourges";"46,95233500";"2,00520900"
"202400028594";"7";"10";"2024";"13:11";"1";"07";"07236";"1";"1";"2";"7";"Chemin de Chatelas";"45,08415700";"4,61361100"
"202400028595";"6";"10";"2024";"10:00";"1";"21";"21670";"1";"1";"1";"7";"Rue des Mûriers";"47,44370000";"4,66424400"
"202400028596";"3";"10";"2024";"15:41";"1";"04";"04116";"1";"1";"1";"6";"D4";"44,01433800";"5,95357100"
"202400028597";"6";"10";"2024";"17:30";"1";"28";"28215";"1";"2";"2";"2";"D939";"48,34874500";"1,81218100"
"202400028598";"6";"10";"2024";"22:10";"3";"37";"37146";"1";"1";"2";"1";"Le Viornay";"47,53091592";"0,20649156"
"202400028599";"6";"10";"2024";"22:20";"3";"37";"37167";"1";"1";"2";"6";"Route Départementale 68";"47,57037510";"0,57119161"
"202400028600";"6";"10";"2024";"00:05";"3";"52";"52140";"1";"1";"1";"7";"D40";"48,27360400";"4,99136600"
"202400028601";"6";"10";"2024";"13:05";"1";"95";"95678";"1";"1";"2";"3";"N184";"49,07298501";"2,23432839"
"202400028602";"7";"10";"2024";"07:40";"1";"973";"97309";"2";"3";"1";"1";"Route de Montjoly";"4,91528800";" -52,27502500"
"202400028603";"7";"10";"2024";"00:20";"3";"51";"51454";"2";"4";"1";"1";"A344 Pk 009+200 sens Cormontreuil/Tinqueux";"49,22526650";"4,06154776"
"202400028604";"6";"10";"2024";"15:12";"1";"45";"45006";"1";"1";"2";"6";"A71 PR 112 + 193";"47,78552000";"1,84637400"
"202400028605";"7";"10";"2024";"14:10";"1";"45";"45169";"1";"1";"3";"5";"A10 PR 102 + 16";"47,89926100";"1,80377200"
"202400028606";"5";"10";"2024";"09:30";"2";"69";"69119";"1";"1";"1";"6";"Route de Rive de Gier";"45,50848600";"4,67924800"
"202400028607";"6";"10";"2024";"17:15";"1";"974";"97419";"2";"1";"1";"6";"Route Nationale 2";" -21,19771100";"55,82015500"
"202400028608";"5";"10";"2024";"20:02";"5";"971";"97129";"2";"1";"1";"6";"Route de Sofaia";"16,31577400";" -61,70207300"
"202400028609";"6";"10";"2024";"12:35";"1";"971";"97118";"2";"1";"1";"3";"Rue Rene Cassin";"16,20014300";" -61,59580900"
"202400028610";"4";"10";"2024";"06:30";"2";"971";"97121";"1";"1";"7";"5";"rd 23";"16,18282800";" -61,76627900"
"202400028611";"6";"10";"2024";"21:54";"3";"28";"28001";"1";"1";"8";"5";"D928";"48,77428600";"1,40165800"
"202400028612";"7";"10";"2024";"07:45";"1";"78";"78380";"2";"1";"1";"6";"31a Boulevard Paul Barré";"48,90933200";"1,85589600"
"202400028613";"5";"10";"2024";"18:10";"1";100;100307";"1";"1";"1";"2";"T10";"42,38447200";"9,53033300"
"202400028614";"6";"10";"2024";"20:50";"5";"34";"34209";"2";"6";"2";"7";"D37";"43,29983400";"3,33788000"
"202400028615";"7";"10";"2024";"00:40";"3";"06";"06092";"1";"1";"1";"7";"51 Avenue de l’Hotel de Ville";"43,76672400";"7,36025400"
"202400028616";"23";"06";"2024";"23:47";"3";"973";"97302";"2";"2";"8";"3";"PREVOT (ERNEST)";"4,93162999";" -52,33247468"
"202400028617";"23";"06";"2024";"07:00";"1";"971";"97120";"2";"1";"1";"1";"CARENAGE";"16,22985582";" -61,53131247"