"Num_Acc";"jour";"mois";"an";"hrmn";"lum";"dep";"com";"agg";"int";"atm";"col";"adr";"lat";"long"
"202400028618";"24";"06";"2024";"14:30";"1";101;101004";"2";"1";"1";"6";"COLONNA D'ORNANO COLONEL AV.";"41,92819742";"8,73846531"
"202400028619";"24";"06";"2024";"17:40";"1";"95";"95607";"2";"3";"1";"2";"D106";"49,02130509";"2,21572042"
"202400028620";"24";"06";"2024";"17:50";"1";"95";"95197";"2";"9";"7";"6";"ABEL FAUVEAU (RUE) ";"48,96350929";"2,32866704"
"202400028621";"24";"06";"2024";"08:30";"1";"95";"95427";"2";"1";"1";"6";"D193";"48,96436463";"2,33613060"
"202400028622";"24";"06";"2024";"08:10";"1";"91";"91201";"2";"1";"1";"3";"AV DU GENERAL DE GAULLE";"48,68719000";"2,39959000"
"202400028623";"24";"06";"2024";"07:10";"1";"91";"91223";"2";"1";"1";"6";"COQUERIVE (AVENUE DE)";"48,43447000";"2,16928000"
"202400028624";"23";"06";"2024";"14:20";"1";"90";"90010";"2";"2";"1";"2";"KENNEDY (BOULEVARD)";"47,62978100";"6,84291600"
"202400028625";"24";"06";"2024";"08:53";"1";"87";"87085";"2";"1";"1";"7";"QUEUILLE (PLACE HENRI)";"45,81472000";"1,26926000"
"202400028626";"24";"06";"2024";"00:40";"5";"86";"86066";"2";"1";"1";"7";"Pont Henri IV";"46,81639000";"0,53954000"
"202400028627";"24";"06";"2024";"11:45";"1";"84";"84007";"2";"1";"1";"3";"TRIOLET (AVENUE ELSA)";"43,93112000";"4,84077000"
"202400028628";"24";"06";"2024";"10:00";"1";"83";"83069";"2";"2";"8";"3";"MICHELET (RUE)";"43,11715000";"6,12649000"
"202400028629";"24";"06";"2024";"08:00";"1";"81";"81065";"2";"1";"1";"7";"GRELE (CH.DE)";"43,59552904";"2,22406027"
"202400028630";"23";"06";"2024";"17:37";"1";"80";"80256";"1";"1";"1";"6";"Rue Octavie Duchellier";"49,91173000";"2,22092000"
"202400028631";"23";"06";"2024";"22:00";"2";"80";"80021";"2";"1";"1";"7";"Rue Saint-Leu";"49,89910000";"2,30060000"
"202400028632";"24";"06";"2024";"00:50";"5";"78";"78481";"2";"9";"1";"3";"CHARLES DE GAULLE (AVENUE)";"48,89252000";"2,10449000"
"202400028633";"24";"06";"2024";"21:30";"1";"78";"78217";"1";"1";"7";"2";"CD 113";"48,95922000";"1,83853000"
"202400028634";"24";"06";"2024";"10:35";"1";"78";"78423";"2";"1";"1";"2";"LECLERC (AVENUE DU  GENERAL)";"48,78103000";"2,02637000"
"202400028635";"24";"06";"2024";"08:45";"1";"78";"78423";"2";"1";"1";"6";"PRES (AVENUE DES)";"48,78724000";"2,04538000"
"202400028636";"22";"06";"2024";"10:30";"1";"77";"77258";"2";"1";"1";"3";"MAIRIE (RUE DE LA)";"48,83538000";"2,62695000"
"202400028637";"23";"06";"2024";"14:06";"1";"77";"77487";"2";"1";"1";"1";"CHARTRETTES  (ROUTE DE)";"48,51890682";"2,67351251"
"202400028638";"21";"06";"2024";"21:40";"1";"76";"76351";"2";"2";"1";"3";"FREDERIC BELLANGER";"49,49544000";"0,09961000"
"202400028639";"21";"06";"2024";"19:00";"1";"76";"76552";"2";"3";"1";"3";"ALBERT DUBOSC";"49,50742000";"0,08358000"
"202400028640";"22";"06";"2024";"19:30";"1";"67";"67267";"2";"6";"8";"3";"MARECHAL FOCH (RUE DU)";"48,56063000";"7,69311000"
"202400028641";"24";"06";"2024";"15:30";"1";"64";"64260";"2";"9";"1";"2";"CD 912";"43,35536161";" -1,77826438"
"202400028642";"27";"06";"2024";"17:15";"1";"62";"62427";"2";"1";"1";"6";"D39";"50,42441063";"2,94434939"
"202400028643";"24";"06";"2024";"21:45";"1";"59";"59299";"2";"1";"1";"6";"CD 700";"50,64600000";"3,19390000"
"202400028644";"23";"06";"2024";"08:42";"1";"51";"51454";"2";"1";"1";"6";"COLOMB (AVENUE CHRISTOPHE)";"49,22783900";"4,03596100"
"202400028645";"21";"06";"2024";"19:20";"1";"50";"50129";"2";"1";"1";"3";"ABBAYE (RUE DE L')";"49,64452000";" -1,63402000"
"202400028646";"22";"06";"2024";"00:50";"3";"49";"49007";"2";"2";"1";"3";"AYRAULT";"47,47731000";" -0,55326000"
"202400028647";"24";"06";"2024";"10:40";"1";"43";"43046";"2";"9";"1";"6";"17 Avenue des Champs Élysées";"45,05367000";"3,89907000"
"202400028648";"24";"06";"2024";"22:50";"5";"41";"41018";"2";"1";"1";"7";"WILSON (AVENUE DU PRESIDENT)";"47,58300000";"1,33900000"
"202400028649";"23";"06";"2024";"08:20";"1";"41";"41018";"2";"6";"1";"6";"SCHUMAN (ROND POINT ROBERT)";"47,60799000";"1,33384000"
"202400028650";"24";"06";"2024";"18:10";"1";"37";"37261";"2";"3";"1";"3";"TONNELLE (BOULEVARD)";"47,38237000";"0,66836000"
"202400028651";"24";"06";"2024";"11:55";"1";"35";"35238";"2";"2";"1";"3";"VANEAU";"48,10857503";" -1,69296205"
"202400028652";"23";"06";"2024";"00:40";"3";"34";"34172";"2";"1";"1";"7";"NERUDA (AVENUE PABLO)";"43,61656000";"3,82013000"
"202400028653";"24";"06";"2024";"06:50";"1";"25";"25388";"2";"1";"1";"6";"BRIAND (AVENUE ARISTIDE)";"47,51002000";"6,80113000"
"202400028654";"24";"06";"2024";"15:55";"1";"25";"25056";"2";"1";"1";"2";"DOLE RUE DE (entre 82 et 185)";"47,22755000";"5,98221000"
"202400028655";"20";"06";"2024";"17:05";"1";"22";"22113";"2";"2";"1";"7";"LE MAUX (RUE PHILIPPE)";"48,73905000";" -3,45756000"
"202400028656";"24";"06";"2024";"14:15";"1";"13";"13005";"2";"3";"1";"3";"BONNES NOUVELLES (CH.DES)";"43,29167000";"5,59027000"
"202400028657";"24";"06";"2024";"13:05";"1";"13";"13005";"2";"3";"1";"6";"PAIX (AVENUE DE LA )";"43,28153000";"5,55028000"
"202400028658";"24";"06";"2024";"07:30";"1";"13";"13005";"2";"1";"1";"3";"MAISON RETRAITE BOURBONNE";"43,28341228";"5,59570487"
"202400028659";"24";"06";"2024";"13:40";"1";"12";"12145";"1";"1";"1";"1";"CAVALERIE (COTE DE LA )";"44,08824000";"3,08819000"
"202400028660";"24";"06";"2024";"10:21";"1";"11";"11262";"2";"3";"1";"6";"10 Quai Victor Hugo";"43,18103000";"3,00898000"
"202400028661";"24";"06";"2024";"09:05";"1";"11";"11262";"2";"9";"1";"3";"8 Avenue des Pyrenees";"43,18449000";"2,99891000"
"202400028662";"24";"06";"2024";"14:25";"1";"07";"07102";"2";"9";"1";"3";"REPUBLIQUE (AV. DE LA) [DU N° AU N°]";"44,93601000";"4,87397000"
"202400028663";"23";"06";"2024";"15:15";"1";"06";"06088";"2";"1";"1";"6";"163 Boulevard René Cassin";"43,66856000";"7,21158200"
"202400028664";"23";"06";"2024";"11:00";"1";"06";"06027";"2";"6";"1";"3";"Rond point des gendarmes d'ouvéa";"43,67038000";"7,12554000"
"202400028665";"23";"06";"2024";"23:00";"5";"75";"75112";"2";"1";"1";"2";"BD PERIPHERIQUE INTERIEUR";"48,83319100";"2,40694600"
"202400028666";"22";"06";"2024";"23:45";"5";"75";"75119";"2";"3";"1";"6";"AVENUE DE FLANDRE";"48,89136200";"2,37788900"
"202400028667";"24";"06";"2024";"10:50";"1";"75";"75106";"2";"4";"1";"3";"BOULEVARD SAINT GERMAIN";"48,85199000";"2,33971700"
"202400028668";"23";"06";"2024";"20:20";"1";"75";"75118";"2";"2";"1";"3";"RUE DES POISSONNIERS";"48,89118100";"2,35164800"
"202400028669";"23";"06";"2024";"19:30";"1";"75";"75117";"2";"2";"1";"3";"RUE JOUFFROY D ABBANS";"48,88520685";"2,30723959"
"202400028670";"24";"06";"2024";"14:45";"1";"75";"75116";"2";"4";"1";"3";"AVENUE EDOUARD VAILLANT";"48,83677300";"2,25365500"
"202400028671";"24";"06";"2024";"08:00";"1";"75";"75116";"2";"7";"1";"3";"PLACE DE LA PORTE D AUTEUIL";"48,84809700";"2,25772400"
"202400028672";"24";"06";"2024";"13:30";"1";"75";"75115";"2";"2";"1";"6";"QUAI ANDRE CITROEN";"48,84917900";"2,28119020"
"202400028673";"24";"06";"2024";"07:30";"1";"75";"75115";"2";"3";"1";"6";"RUE SAINT CHARLES";"48,84442700";"2,28364600"
"202400028674";"23";"06";"2024";"21:00";"1";"75";"75114";"2";"3";"1";"2";"AVENUE DU GENERAL LECLERC";"48,83117800";"2,32984700"
"202400028675";"24";"06";"2024";"18:00";"1";"75";"75109";"2";"2";"1";"6";"RUE DE MAUBEUGE";"48,87725800";"2,34269100"
"202400028676";"24";"06";"2024";"20:00";"1";"75";"75108";"2";"2";"1";"3";"AVENUE MARCEAU";"48,86864500";"2,29903300"
"202400028677";"23";"06";"2024";"21:50";"2";"94";"94068";"2";"2";"1";"3";"Boulevard de Créteil / Avenue Gambetta";"48,79802000";"2,49128000"
"202400028678";"23";"06";"2024";"23:04";"5";"94";"94052";"2";"7";"1";"3";"Avenue de Joinville / Boulevard de Strasbourg / Grande Rue Charles de Gaulle";"48,83549000";"2,47419000"
"202400028679";"22";"06";"2024";"20:50";"1";"94";"94068";"2";"3";"1";"2";"Boulevard de Créteil / Rue Bourdignon";"48,79890568";"2,47378099"
"202400028680";"24";"06";"2024";"12:40";"1";"95";"95527";"2";"1";"7";"6";"5 CONTINENTS (RUE DES)";"48,99396459";"2,51936384"
"202400028681";"24";"06";"2024";"17:30";"1";"93";"93072";"2";"3";"1";"1";"Boulevard Maxime Gorki / Avenue François Bégué";"48,95209000";"2,38479000"
"202400028682";"23";"06";"2024";"22:35";"5";"93";"93059";"2";"2";"1";"1";"Rue Parmentier / Rue Jean Grignoux";"48,96843000";"2,37416000"
"202400028683";"24";"06";"2024";"09:00";"1";"93";"93066";"2";"1";"1";"3";"Rue Francis de Pressensé";"48,91840000";"2,35858000"
"202400028684";"23";"06";"2024";"07:30";"1";"93";"93053";"2";"3";"1";"6";"Avenue Galliéni / Avenue de Strasbourg";"48,89694000";"2,46169000"
"202400028685";"12";"11";"2024";"13:25";"1";"42";"42183";"2";"1";"2";"3";"Rue Robespierre";"45,40024000";"4,36764000"
"202400028686";"12";"11";"2024";"11:00";"1";"42";"42183";"2";"1";"2";"6";"Rue Gambetta";"45,40394884";"4,36678246"
"202400028687";"23";"06";"2024";"14:25";"1";"93";"93053";"2";"1";"1";"2";"Boulevard Gabriel Péri";"48,87970600";"2,45972500"
"202400028688";"12";"11";"2024";"06:20";"5";"37";"37261";"2";"6";"1";"7";"DANEMARK (AVENUE DU)";"47,43194000";"0,69714000"
"202400028689";"24";"06";"2024";"10:20";"1";"93";"93071";"2";"1";"1";"6";"Allée Condorcet";"48,92482502";"2,52340883"
"202400028690";"12";"11";"2024";"05:55";"3";"35";"35238";"1";"1";"1";"6";"RN136";"48,11882500";" -1,71928100"
"202400028691";"24";"06";"2024";"17:40";"1";"93";"93031";"2";"2";"1";"3";"Avenue Joffre / Route d'Argenteuil";"48,96166800";"2,29502300"
"202400028692";"12";"11";"2024";"16:50";"1";"35";"35238";"2";"1";"1";"3";"SAINT-MALO (RUE DE)";"48,12538000";" -1,68545000"
"202400028693";"23";"06";"2024";"16:19";"1";"92";"92050";"2";"3";"1";"3";"HEBERT CELESTIN RUE";"48,89605726";"2,22343603"
"202400028694";"12";"11";"2024";"11:00";"1";"35";"35055";"1";"6";"1";"3";"173 RD";"48,08255643";" -1,64013326"
"202400028695";"23";"06";"2024";"18:40";"1";"92";"92007";"2";"1";"7";"7";"DORMOY AVENUE MARX N°102 A FIN";"48,81015670";"2,31413323"
"202400028696";"12";"11";"2024";"07:50";"2";"35";"35278";"1";"1";"1";"2";"RN136";"48,14197000";" -1,66369000"
"202400028697";"18";"06";"2024";"17:00";"1";"92";"92036";"2";"9";"1";"3";"LUCIEN LANTERNIER (AVENUE) (1/17)";"48,93204816";"2,29001825"
"202400028698";"24";"06";"2024";"16:30";"1";"92";"92035";"2";"1";"1";"7";"République ( boulevard de la )";"48,90642000";"2,24807000"
"202400028699";"12";"11";"2024";"07:50";"1";"35";"35238";"2";"1";"1";"3";"DE COUBERTIN (ALLEE PIERRE)";"48,08660000";" -1,68820000"
"202400028700";"12";"11";"2024";"18:30";"5";"34";"34172";"2";"1";"2";"3";"JUSTICE DE CASTELNAU (AVENUE DE LA)";"43,62817100";"3,89317300"
"202400028701";"24";"06";"2024";"17:40";"1";"92";"92023";"2";"2";"1";"3";"GENERAL DE GAULLE (AVENUE DU)";"48,78343819";"2,24668479"
"202400028702";"12";"11";"2024";"13:38";"1";"34";"34172";"2";"2";"1";"3";"MARCHE GARE (AVENUE DU)";"43,58534000";"3,88223000"
"202400028703";"12";"11";"2024";"19:40";"5";"33";"33318";"2";"1";"1";"6";"N/A";"44,79120000";" -0,65253000"
"202400028704";"24";"06";"2024";"09:15";"1";"92";"92012";"2";"1";"1";"6";"CHATEAU (RUE DU) 1/125 - 2/136";"48,84375253";"2,24771002"
"202400028705";"12";"11";"2024";"02:20";"5";"33";"33063";"2";"2";"1";"6";"N/A";"44,83302000";" -0,56147000"
"202400028706";"24";"06";"2024";"17:20";"1";"37";"37271";"2";"1";"1";"7";"81 Rue de la Galandiére";"47,23206056";"0,49765375"
"202400028707";"12";"11";"2024";"08:58";"1";"32";"32013";"2";"9";"1";"6";"SAINTES (CHEMIN DE)";"43,63579000";"0,55945000"
"202400028708";"21";"06";"2024";"09:20";"1";"63";"63026";"1";"1";"8";"3";"D213, PK 11.900";"45,66243700";"3,04226900"
"202400028709";"12";"11";"2024";"18:31";"5";"29";"29232";"2";"7";"2";"4";"Rue du Manoir";"48,00321200";" -4,10879400"
"202400028710";"22";"06";"2024";"23:17";"3";"08";"08115";"2";"1";"1";"7";"13 Grand Rue";"49,64187300";"4,87301100"
"202400028711";"12";"11";"2024";"08:45";"1";"29";"29232";"2";"3";"1";"6";"Rue Emile Zola";"47,98628700";" -4,09870600"
"202400028712";"18";"06";"2024";"17:30";"1";"01";"01362";"1";"3";"1";"3";"ROUTE DU MORBIER";"45,95529800";"4,87107300"
"202400028713";"12";"11";"2024";"07:15";"3";"29";"29039";"2";"1";"1";"6";"D70";"47,92210462";" -3,89978478"
"202400028714";"24";"06";"2024";"17:25";"1";"95";"95205";"1";"1";"1";"3";"D316";"49,02615379";"2,38730004"
"202400028715";"12";"11";"2024";"09:17";"1";"26";"26058";"1";"1";"2";"2";"ROUTE DE PONT D ISERE-RN7";"44,97271209";"4,88442398"
"202400028716";"25";"06";"2024";"07:35";"1";"22";"22011";"1";"4";"1";"3";"Lieu Dit Kerlouzaouen";"48,47760100";" -2,96137300"
"202400028717";"12";"11";"2024";"18:20";"5";"26";"26281";"2";"6";"2";"6";"Avenue Charles Jourdan";"45,04231000";"5,05653000"
"202400028718";"12";"11";"2024";"19:10";"5";"22";"22106";"2";"1";"2";"6";"BREST (RUE DE)";"48,49517000";" -2,71715000"
"202400028719";"24";"06";"2024";"19:20";"1";"42";"42145";"2";"9";"1";"3";"104 Impasse Hector Berlioz";"46,03465800";"4,23848800"
"202400028720";"22";"06";"2024";"22:10";"2";"88";"88478";"1";"1";"1";"2";"A31 Pk 200+500";"48,43627600";"5,86205400"
"202400028721";"25";"06";"2024";"10:19";"1";"974";"97404";"2";"1";"1";"1";"Route des Sables";" -21,27990036";"55,37297148"
"202400028722";"12";"11";"2024";"14:00";"1";"22";"22360";"1";"1";"1";"2";"RD700";"48,48855000";" -2,76377000"
"202400028723";"23";"06";"2024";"10:00";"1";"54";"54138";"1";"1";"1";"7";"D172";"49,51986000";"5,69928600"
"202400028724";"25";"06";"2024";"20:30";"3";"974";"97414";"1";"1";"1";"2";"Route de Cilaos (Pont)";" -21,28459600";"55,42398700"
"202400028725";"7";"11";"2024";"16:42";"2";"14";"14118";"2";"2";"8";"3";"141 Boulevard Leroy";"49,17463000";" -0,33841000"
"202400028726";"12";"11";"2024";"08:00";"1";"13";"13039";"1";"1";"8";"3";"ROUTE NATIONALE 569";"43,46475000";"4,92845000"
"202400028727";"22";"06";"2024";"09:15";"1";"71";"71420";"1";"2";"3";"3";"Route de Cuisery";"46,68832632";"4,97506173"
"202400028728";"21";"06";"2024";"21:30";"1";"56";"56061";"1";"1";"1";"7";"Roussimel";"47,74585300";" -2,13230500"
"202400028729";"12";"11";"2024";"19:35";"5";"13";"13213";"2";"1";"1";"2";"POILUS (AVENUE DES)";"43,32086000";"5,45820000"
"202400028730";"24";"06";"2024";"17:00";"1";"56";"56029";"1";"2";"1";"3";"Fontaine Maria";"47,87013200";" -3,31521600"
"202400028731";"12";"11";"2024";"16:00";"1";"13";"13208";"2";"9";"2";"3";"PRADO (AVENUE DU)";"43,27582228";"5,38944298"
"202400028732";"12";"11";"2024";"20:10";"5";"13";"13005";"2";"1";"2";"1";"RN 8";"43,28789000";"5,55662000"
"202400028733";"25";"06";"2024";"09:00";"1";"56";"56259";"1";"1";"1";"1";"Route des Vénètes";"47,60776900";" -2,60564800"
"202400028734";"12";"11";"2024";"14:40";"1";"13";"13070";"2";"3";"2";"7";"VOLTAIRE (BOULEVARD)";"43,28122000";"5,52072000"
"202400028735";"24";"06";"2024";"16:10";"1";"76";"76312";"2";"2";"1";"3";"Rue du Croquet du Bosc";"49,47839000";"1,71652800"
"202400028736";"11";"11";"2024";"18:12";"5";"11";"11262";"2";"9";"1";"3";"N/A";"43,19037300";"3,00620000"
"202400028737";"25";"06";"2024";"08:15";"1";"80";"80620";"1";"4";"1";"4";"D1017";"49,90010100";"2,92339300"
"202400028738";"11";"11";"2024";"17:40";"5";"06";"06083";"2";"1";"1";"6";"18 Avenue Carnot";"43,77182100";"7,49633800"
"202400028739";"24";"06";"2024";"16:30";"1";"11";"11165";"1";"1";"1";"6";"N/A";"42,87601100";"2,15769800"
"202400028740";"12";"11";"2024";"20:30";"4";"06";"06004";"1";"3";"1";"3";"2081 Route de Nice";"43,61793900";"7,12869500"
"202400028741";"25";"06";"2024";"13:05";"1";"71";"71013";"1";"2";"1";"3";"Route de Fretterans";"46,90693900";"5,29655800"
"202400028742";"25";"06";"2024";"11:20";"1";"61";"61079";"1";"1";"1";"6";"RD136";"48,21572200";"0,73674900"
"202400028743";"11";"11";"2024";"18:10";"5";"75";"75118";"2";"1";"1";"4";"BD PERIPHERIQUE EXTERIEUR";"48,90113400";"2,34801100"
"202400028744";"25";"06";"2024";"07:55";"1";"61";"61314";"1";"1";"1";"1";"D958";"48,76798800";" -0,05406200"
"202400028745";"11";"11";"2024";"20:05";"5";"75";"75113";"2";"3";"1";"7";"RUE THOMAS MANN";"48,83065700";"2,38174400"
"202400028746";"24";"06";"2024";"09:58";"1";"42";"42323";"2";"1";"1";"6";"Avenue Irénée Laurent";"45,56782700";"4,29500500"
"202400028747";"10";"11";"2024";"23:50";"5";"75";"75117";"2";"1";"1";"7";"BOD PERIPHERIQUE EXTERIEUR";"48,89515800";"2,30641000"
"202400028748";"25";"06";"2024";"12:50";"1";"68";"68062";"1";"3";"1";"3";"D16";"47,62863350";"7,22027014"
"202400028749";"12";"11";"2024";"22:10";"5";"75";"75119";"2";"7";"1";"3";"AVENUE DE LA PORTE DE LA VILLETTE";"48,89978233";"2,38798946"
"202400028750";"25";"06";"2024";"12:30";"1";"22";"22296";"1";"1";"7";"3";"Le Gué Coq";"48,36607200";" -2,52496700"
"202400028751";"12";"11";"2024";"16:25";"2";"75";"75119";"2";"1";"1";"2";"AVENUE SIMON BOLIVAR";"48,87520900";"2,38234000"
"202400028752";"25";"06";"2024";"06:30";"1";"39";"39520";"1";"1";"1";"6";"N/A";"46,96786100";"5,56564300"
"202400028753";"11";"11";"2024";"18:50";"5";"75";"75119";"2";"1";"1";"3";"AVENUE DE FLANDRE";"48,88949400";"2,37551400"
"202400028754";"12";"11";"2024";"12:10";"1";"75";"75117";"2";"3";"1";"7";"AVENUE DE VILLIERS";"48,88173200";"2,31458900"
"202400028755";"20";"06";"2024";"23:00";"5";"29";"29197";"2";"1";"1";"3";"D784";"48,01536179";" -4,49456679"
"202400028756";"25";"06";"2024";"10:50";"1";"06";"06079";"2";"1";"1";"7";"806 Avenue du Maréchal Juin";"43,53043500";"6,93491600"
"202400028757";"12";"11";"2024";"13:30";"1";"75";"75114";"2";"2";"1";"3";"AVENUE DE LA PORTE D ORLEANS";"48,82026300";"2,32571700"
"202400028758";"20";"06";"2024";"10:10";"1";"45";"45341";"1";"1";"1";"2";"D136 PR 2 + 658";"48,04393300";"1,66226100"
"202400028759";"12";"11";"2024";"15:29";"1";"75";"75113";"2";"2";"8";"6";"RUE NEUVE TOLBIAC";"48,83216800";"2,37965400"
"202400028760";"25";"06";"2024";"17:48";"1";"64";"64417";"2";"9";"1";"6";"8 Chemin de la Montjoie";"43,17597900";" -0,25004100"
"202400028761";"12";"11";"2024";"10:30";"1";"75";"75113";"2";"1";"8";"3";"BOULEVARD VINCENT AURIOL";"48,83518300";"2,36839000"
"202400028762";"24";"06";"2024";"17:10";"1";"18";"18087";"2";"1";"1";"7";"Place Berthe Fievet";"46,88639700";"2,57461000"
"202400028763";"12";"11";"2024";"18:50";"5";"75";"75109";"2";"1";"1";"6";"RUE SAINT LAZARE";"48,87589800";"2,32947600"
"202400028764";"24";"06";"2024";"18:00";"1";"07";"07237";"1";"1";"1";"2";"D120";"44,81990600";"4,69974500"
"202400028765";"12";"11";"2024";"18:36";"5";"75";"75109";"2";"2";"1";"3";"BOULEVARD MONTMARTRE";"48,87147900";"2,34306100"
"202400028766";"24";"06";"2024";"13:00";"1";"21";"21020";"1";"1";"1";"1";"D16k";"47,21356300";"4,47684300"
"202400028767";"12";"11";"2024";"18:25";"5";"75";"75107";"2";"3";"1";"7";"RUE DES SAINTS PERES";"48,85827700";"2,33325300"
"202400028768";"24";"06";"2024";"13:15";"1";"40";"40110";"2";"1";"1";"1";"7 Route de la Chalosse";"43,63978700";" -0,37846500"
"202400028769";"24";"06";"2024";"12:25";"1";"24";"24077";"1";"1";"1";"1";"N21";"44,94648529";"0,57450771"
"202400028770";"12";"11";"2024";"08:20";"1";"75";"75103";"2";"2";"8";"3";"BOULEVARD DE SEBASTOPOL";"48,86623100";"2,35254300"
"202400028771";"12";"11";"2024";"07:25";"5";"94";"94044";"2";"1";"2";"6";"Avenue du 8 Mai 1945";"48,75219000";"2,49169000"
"202400028772";"25";"06";"2024";"14:35";"1";"48";"48178";"1";"1";"1";"1";"RN 106";"44,26439763";"3,87273459"
"202400028773";"12";"11";"2024";"13:30";"1";"94";"94038";"2";"3";"1";"3";"Rue de Bicêtre";"48,77248000";"2,35066000"
"202400028774";"25";"06";"2024";"15:50";"1";"48";"48016";"1";"3";"1";"3";"N88/N106";"44,48259100";"3,45762500"
"202400028775";"12";"11";"2024";"10:20";"1";"94";"94033";"2";"5";"1";"6";"Avenue Victor Hugo";"48,85390000";"2,47007000"
"202400028776";"12";"11";"2024";"05:20";"3";"94";"94065";"1";"1";"2";"2";"13 Avenue de Franche-comté";"48,75870000";"2,35616000"
"202400028777";"11";"11";"2024";"09:30";"1";"93";"93070";"2";"1";"8";"6";"DOCTEUR BAUER(RUE DU) :N° 1 AU 73";"48,91267000";"2,33550000"
"202400028778";"24";"06";"2024";"16:15";"1";"31";"31169";"1";"1";"1";"5";"D916";"43,51687007";"1,53201073"
"202400028779";"12";"11";"2024";"16:00";"1";"93";"93048";"2";"9";"1";"3";"CHANZY (BOULEVARD)";"48,85863686";"2,42978019"
"202400028780";"25";"06";"2024";"13:35";"1";"14";"14620";"1";"1";"1";"2";"A132";"49,30982000";"0,15578300"
"202400028781";"25";"06";"2024";"13:10";"1";"55";"55117";"1";"1";"1";"6";"Autoroute A4";"49,09436893";"5,08712533"
"202400028782";"12";"11";"2024";"16:40";"1";"93";"93046";"2";"2";"1";"1";"VAUBAN AVENUE";"48,91297187";"2,51841903"
"202400028783";"24";"06";"2024";"04:30";"5";"62";"62369";"1";"9";"1";"6";"A1";"50,32415619";"2,91102193"
"202400028784";"12";"11";"2024";"08:19";"1";"93";"93032";"2";"2";"2";"3";"RONSARD   (AVENUE)";"48,87443718";"2,56682396"
"202400028785";"25";"06";"2024";"08:35";"1";"77";"77196";"1";"1";"1";"6";"N3, PK 12+000 direction CLAYE SOUILLY";"48,94787900";"2,73383600"
"202400028786";"24";"06";"2024";"18:30";"1";"91";"91099";"1";"1";"1";"6";"Rue de Cheval Rue";"48,43247500";"2,38894700"
"202400028787";"12";"11";"2024";"09:40";"1";"93";"93005";"2";"1";"2";"4";"JEAN MONET (CARREFOUR)";"48,95410393";"2,50937412"