"Num_Acc";"jour";"mois";"an";"hrmn";"lum";"dep";"com";"agg";"int";"atm";"col";"adr";"lat";"long"
"202400028788";"25";"06";"2024";"11:25";"1";101;101215";"1";"3";"1";"3";"Carrefour T40/D22";"41,48493200";"9,07527000"
"202400028789";"11";"11";"2024";"21:10";"5";"93";"93005";"2";"1";"1";"3";"MAXIMILIEN ROBESPIERRE (RUE)";"48,94761505";"2,50104152"
"202400028790";"12";"11";"2024";"16:00";"1";"92";"92073";"2";"1";"8";"3";"BLUM (QUAI LEON)";"48,86509000";"2,22685000"
"202400028791";"24";"06";"2024";"14:00";"1";"11";"11295";"1";"1";"1";"1";"D611a";"43,05013700";"2,88245200"
"202400028792";"12";"11";"2024";"09:40";"1";"92";"92073";"2";"1";"2";"6";"SELLIER (BOULEVARD HENRI)";"48,86628158";"2,22049713"
"202400028793";"25";"06";"2024";"06:50";"1";"11";"11022";"1";"3";"1";"3";"D610";"43,25527600";"2,68770200"
"202400028794";"11";"11";"2024";"13:20";"1";"92";"92020";"2";"1";"1";"4";"MERMOZ RUE JEAN";"48,81018643";"2,29238860"
"202400028795";"24";"06";"2024";"17:15";"1";"34";"34327";"1";"9";"1";"3";"M65";"43,65820100";"3,95984200"
"202400028796";"12";"11";"2024";"10:25";"1";"92";"92048";"2";"8";"8";"6";"VILLACOUBLAY (AVENUE DE)";"48,78326570";"2,23006502"
"202400028797";"12";"11";"2024";"17:20";"5";"92";"92026";"2";"1";"1";"3";"VERDUN (DE 62 A FIN)";"48,89921942";"2,26198711"
"202400028798";"23";"06";"2024";"14:25";"1";"83";"83071";"1";"1";"1";"3";"1669 Route Departementale No.559";"43,12682100";"6,20477200"
"202400028799";"12";"11";"2024";"09:00";"1";"92";"92019";"2";"1";"2";"7";"COULEE VERTE";"48,76796181";"2,28466094"
"202400028800";"24";"06";"2024";"16:50";"1";"83";"83119";"2";"3";"1";"3";"Route des Plages";"43,25792300";"6,63344600"
"202400028801";"11";"11";"2024";"18:01";"5";"92";"92012";"2";"2";"1";"6";"CHATEAU (RUE DU) 1/125 - 2/136";"48,84220340";"2,23990336"
"202400028802";"15";"06";"2024";"17:30";"1";"83";"83133";"1";"1";"1";"1";"Chemin de Font de Sante";"43,54709668";"6,83190581"
"202400028803";"12";"11";"2024";"08:36";"1";"92";"92004";"2";"1";"8";"3";"MENIL";"48,91966000";"2,28517000"
"202400028804";"25";"06";"2024";"13:49";"1";"05";"05053";"1";"1";"1";"1";"D1075";"44,34166800";"5,77649100"
"202400028805";"12";"11";"2024";"12:50";"1";"92";"92002";"2";"9";"8";"6";"GENERAL DE GAULLE (AVENUE DU)";"48,76202384";"2,29928903"
"202400028806";"9";"11";"2024";"18:58";"3";"08";"08343";"1";"1";"1";"1";"D8043";"49,67484308";"5,06342567"
"202400028807";"23";"06";"2024";"21:30";"2";"13";"13007";"2";"1";"1";"1";"rue du clos";"43,36968500";"5,63450000"
"202400028808";"11";"11";"2024";"15:00";"1";"09";"09061";"1";"9";"2";"7";"Ferme de Biscagne";"43,12249800";"1,37862300"
"202400028809";"25";"06";"2024";"00:15";"3";"81";"81099";"1";"1";"1";"7";"Chemin des Taillades";"43,87824971";"1,86616409"
"202400028810";"13";"11";"2024";"15:40";"1";"06";"06161";"2";"1";"1";"1";"1544 Boulevard Nationale 7";"43,62843800";"7,13320600"
"202400028811";"24";"06";"2024";"19:15";"1";"31";"31395";"2";"1";"1";"1";"D19g";"43,47026579";"1,33067234"
"202400028812";"13";"11";"2024";"12:35";"1";"62";"62634";"1";"1";"1";"7";"Rue Flament";"50,94477400";"1,99483400"
"202400028813";"12";"11";"2024";"15:25";"1";"21";"21634";"1";"1";"1";"6";"A6";"47,15143600";"4,69929000"
"202400028814";"24";"06";"2024";"19:45";"1";"33";"33051";"1";"1";"1";"3";"N/A";"44,64467800";" -0,95278000"
"202400028815";"12";"11";"2024";"10:30";"1";"44";"44086";"1";"1";"1";"6";"La Cibotiere";"47,67659300";" -1,56088500"
"202400028816";"21";"06";"2024";"20:10";"1";"22";"22136";"1";"1";"1";"6";"Guermeleuc";"48,15493200";" -2,73053500"
"202400028817";"12";"11";"2024";"21:15";"3";"34";"34194";"1";"1";"3";"5";"A75";"43,54708600";"3,44833400"
"202400028818";"13";"11";"2024";"05:40";"4";"41";"41245";"2";"1";"1";"6";"Rue de l?Eglise";"47,75764100";"1,50207700"
"202400028819";"20";"06";"2024";"18:48";"1";"35";"35360";"1";"2";"1";"3";"D178";"48,12982000";" -1,23153500"
"202400028820";"24";"06";"2024";"08:00";"1";"33";"33075";"1";"1";"1";"3";"N/A";"44,88913100";" -0,59780800"
"202400028821";"13";"11";"2024";"07:45";"2";"50";"50159";"1";"1";"1";"3";"Rue des Chevaliers";"49,01708700";" -1,23737800"
"202400028822";"12";"11";"2024";"18:45";"5";"62";"62168";"2";"1";"1";"3";"D156";"50,61080559";"1,93094671"
"202400028823";"22";"06";"2024";"04:35";"3";"59";"59260";"1";"1";"1";"6";"AUTOROUTE A16";"51,04258000";"2,50521000"
"202400028824";"22";"06";"2024";"17:40";"1";"59";"59378";"1";"1";"1";"6";"AUTOROUTE A22";"50,68654000";"3,11115000"
"202400028825";"12";"11";"2024";"18:30";"5";"56";"56013";"2";"1";"2";"6";"Rue du Docteur Laennec";"47,67573000";" -3,17260300"
"202400028826";"24";"06";"2024";"13:00";"1";"91";"91345";"1";"1";"1";"2";"AUTOROUTE A6";"48,68949000";"2,32400000"
"202400028827";"24";"06";"2024";"08:50";"1";"91";"91553";"1";"1";"1";"4";"RN 104";"48,62733000";"2,47736000"
"202400028828";"9";"11";"2024";"18:05";"3";"82";"82112";"1";"1";"1";"1";"Route de Détours";"44,12652000";"1,06979400"
"202400028829";"12";"10";"2024";"11:00";"1";"65";"65258";"2";"6";"1";"3";"Rue Alsace-Lorraine";"43,12249000";"0,38784200"
"202400028830";"24";"06";"2024";"06:45";"1";"94";"94043";"1";"1";"1";"4";"A6B";"48,80839441";"2,34798035"
"202400028831";"12";"11";"2024";"21:00";"3";"32";"32213";"2";"1";"8";"6";"Route de Samatan";"43,48199000";"0,91725600"
"202400028832";"24";"06";"2024";"15:45";"1";"93";"93007";"1";"1";"1";"2";"A1";"48,94353028";"2,43541292"
"202400028833";"12";"11";"2024";"14:40";"1";"61";"61168";"2";"1";"1";"7";"D916";"48,59052500";" -0,36612100"
"202400028834";"13";"11";"2024";"06:50";"2";"42";"42011";"2";"6";"1";"3";"Rue de l'Industrie";"45,81933200";"4,18651400"
"202400028835";"24";"06";"2024";"18:55";"1";"94";"94069";"1";"1";"1";"4";"A4";"48,81730122";"2,43258119"
"202400028836";"9";"11";"2024";"19:10";"3";"41";"41185";"1";"1";"1";"1";"2679 Route de Billy";"47,30776800";"1,64106100"
"202400028837";"24";"06";"2024";"17:30";"1";"77";"77169";"1";"1";"1";"3";"RN104";"48,80878100";"2,63012500"
"202400028838";"12";"11";"2024";"18:00";"3";"39";"39042";"1";"3";"1";"1";"N/A";"47,11168900";"5,52961000"
"202400028839";"24";"06";"2024";"16:15";"1";"93";"93051";"1";"1";"1";"2";"A4";"48,83569183";"2,56273622"
"202400028840";"24";"06";"2024";"02:32";"3";"94";"94046";"1";"1";"1";"6";"A86";"48,81577215";"2,45029735"
"202400028841";"12";"11";"2024";"18:40";"5";"25";"25454";"2";"1";"2";"6";"27 Route Saint Martin";"47,25388900";"5,96089300"
"202400028842";"13";"11";"2024";"07:55";"2";"44";"44024";"1";"6";"1";"3";"Rond-Point de Lorière";"47,17613800";" -1,70433500"
"202400028843";"24";"06";"2024";"02:20";"3";"94";"94022";"1";"1";"1";"2";"A86";"48,77312611";"2,40005502"
"202400028844";"3";"11";"2024";"05:20";"3";"29";"29278";"1";"1";"8";"6";"Pont Min";"48,17200177";" -3,75605553"
"202400028845";"13";"11";"2024";"09:40";"1";"02";"02814";"1";"1";"1";"1";"N/A";"49,92498700";"3,68594500"
"202400028846";"23";"06";"2024";"01:34";"3";"94";"94028";"1";"1";"1";"2";"A86";"48,80301088";"2,44831306"
"202400028847";"11";"11";"2024";"21:13";"5";"70";"70538";"2";"3";"1";"6";"1 Grande Rue";"47,47360900";"5,79383600"
"202400028848";"12";"06";"2024";"19:40";"1";"44";"44109";"2";"1";"1";"7";"Boulevard de la Prairie de Mauves";"47,22128406";" -1,51114673"
"202400028849";"13";"11";"2024";"07:50";"1";"26";"26330";"2";"1";"8";"2";"Route d'Anneyron";"45,28710500";"4,94588600"
"202400028850";"13";"11";"2024";"16:50";"1";"58";"58088";"2";"1";"1";"7";"Rue des Hatées";"47,01071200";"3,16583000"
"202400028851";"20";"04";"2024";"06:23";"2";"44";"44109";"2";"2";"1";"6";"2 Rue Yves Bodiguel";"47,22191210";" -1,55924925"
"202400028852";"12";"11";"2024";"16:15";"1";"06";"06108";"2";"1";"1";"6";"940 Boulevard du 8 Mai";"43,59285300";"6,95690600"
"202400028853";"4";"02";"2024";"15:20";"1";"44";"44109";"2";"1";"1";"6";"Mail Haroun Tazieff";"47,24156387";" -1,51481939"
"202400028854";"12";"11";"2024";"12:15";"1";"14";"14431";"2";"2";"1";"6";"1 Route de Paris";"49,11869700";"0,01506900"
"202400028855";"30";"01";"2024";"13:30";"1";"04";"04070";"1";"1";"1";"1";"chaffaut ( route du )";"44,07845000";"6,21222000"
"202400028856";"13";"11";"2024";"17:51";"2";"14";"14623";"1";"1";"1";"1";"40 Rue de Verrières";"49,11333900";" -0,36441000"
"202400028857";"6";"02";"2024";"05:00";"2";"974";"97415";"2";"3";"1";"3";"Avenue Paul Julius Benard";" -21,02127500";"55,26580100"
"202400028858";"19";"03";"2024";"10:30";"1";"14";"14191";"2";"1";"1";"7";"16 Rue du Docteur Tourmente";"49,32842900";" -0,45515800"
"202400028859";"10";"11";"2024";"20:00";"5";"14";"14542";"2";"2";"1";"3";"8 Route de Gruchy";"49,22763800";" -0,45775700"
"202400028860";"11";"11";"2024";"18:00";"5";"50";"50215";"2";"1";"1";"7";"80 Rue du Nord";"49,09732800";" -1,59233100"
"202400028861";"18";"03";"2024";"18:05";"1";"14";"14341";"2";"6";"1";"7";"N814";"49,14520400";" -0,33849400"
"202400028862";"14";"02";"2024";"19:00";"3";"14";"14130";"1";"9";"2";"1";"Route du Molay Litry";"49,25906700";" -0,78775400"
"202400028863";"12";"11";"2024";"12:05";"1";"10";"10054";"1";"2";"1";"3";"D54";"48,37690500";"3,62635700"
"202400028864";"12";"11";"2024";"13:30";"1";"16";"16167";"2";"1";"2";"7";"Rue de la Société";"45,67878500";" -0,17140300"
"202400028865";"15";"01";"2024";"10:30";"1";"32";"32279";"1";"1";"1";"6";"Route de Crates";"43,68867100";"0,65748900"
"202400028866";"12";"11";"2024";"12:15";"1";"07";"07094";"1";"1";"2";"7";"Route du Cros de Beliou";"44,85466700";"4,73125600"
"202400028867";"5";"11";"2024";"17:00";"2";"04";"04008";"1";"1";"1";"7";"Nationale 202";"43,95832700";"6,69474500"
"202400028868";"12";"11";"2024";"22:10";"5";"48";"48080";"2";"1";"1";"1";"avenue jules conturie";"44,72401400";"3,85217800"
"202400028869";"23";"06";"2024";"11:00";"1";"976";"97611";"1";"1";"1";"1";"passamanty-Vahibé ( route )";" -12,79260000";"45,18830000"
"202400028870";"11";"11";"2024";"15:23";"1";"13";"13112";"1";"3";"1";"3";"D20";"43,51769400";"5,23147400"
"202400028871";"23";"06";"2024";"21:30";"5";"69";"69387";"2";"2";"1";"3";"Rue du Béguin";"45,74873000";"4,84941000"
"202400028872";"12";"11";"2024";"16:30";"1";"69";"69027";"1";"1";"1";"7";"Avenue Marcel Merieux";"45,68584100";"4,76996400"
"202400028873";"23";"06";"2024";"06:00";"1";"972";"97213";"1";"1";"1";"2";"AUTOROUTE A1";"14,60790000";" -61,00452000"
"202400028874";"13";"11";"2024";"14:00";"1";"973";"97304";"2";"1";"1";"3";"18 Avenue Leopold Cedar Senghor";"5,16725600";" -52,65328700"
"202400028875";"22";"06";"2024";"16:05";"1";"972";"97209";"2";"1";"1";"6";"GENERAL DE GAULLE (BLD DU)";"14,60779000";" -61,06878000"
"202400028876";"12";"11";"2024";"19:55";"5";"77";"77086";"2";"3";"1";"6";"490 Rue Grande";"48,54973500";"2,89380000"
"202400028877";"23";"06";"2024";"19:45";"1";"69";"69202";"2";"1";"1";"6";"1 Avenue Valioud";"45,74830000";"4,81258000"
"202400028878";"8";"11";"2024";"06:14";"3";"78";"78506";"1";"1";"2";"3";"D177";"48,49122700";"1,80630600"
"202400028879";"23";"06";"2024";"04:10";"5";"69";"69034";"1";"1";"1";"3";"Tunnel Bellevue";"45,78814000";"4,85454000"
"202400028880";"12";"11";"2024";"16:39";"1";"13";"13030";"2";"9";"1";"6";"D8n";"43,26998500";"5,67814200"
"202400028881";"23";"06";"2024";"11:50";"1";"971";"97113";"2";"1";"1";"4";"RN4 - SECTION RIVIERA";"16,21772000";" -61,49165000"
"202400028882";"11";"11";"2024";"18:45";"5";"31";"31451";"2";"1";"1";"6";"Chemin de l' Ourmette";"43,46070300";"2,00950600"
"202400028883";"23";"06";"2024";"07:50";"1";"91";"91691";"2";"1";"1";"6";"BOILEAU (RUE)";"48,69654000";"2,47888000"
"202400028884";"23";"06";"2024";"19:15";"1";"91";"91174";"2";"1";"1";"6";"RUE GUSTAVE COURBET";"48,61610000";"2,46692000"
"202400028885";"12";"11";"2024";"11:30";"1";"17";"17421";"2";"8";"1";"3";"Chemin Vert";"45,67029100";" -0,94284500"
"202400028886";"12";"11";"2024";"09:20";"1";"72";"72264";"2";"1";"1";"6";"Route du Mans";"47,83908200";" -0,31559900"
"202400028887";"22";"06";"2024";"18:15";"1";"84";"84035";"2";"3";"1";"6";"ROCH PAPE (ALLEE)";"43,82858700";"5,03682200"
"202400028888";"12";"11";"2024";"08:00";"2";"27";"27447";"1";"2";"2";"3";"RD 830";"48,96175100";"0,95950100"
"202400028889";"22";"06";"2024";"08:15";"1";"83";"83069";"2";"2";"1";"3";"GODILLOT  ( AVENUE ALEXIS )";"43,11532000";"6,12306000"
"202400028890";"13";"11";"2024";"20:22";"3";"59";"59134";"2";"2";"1";"3";"Chemin du Prince";"50,07612200";"3,87138200"
"202400028891";"23";"06";"2024";"11:00";"1";"83";"83118";"2";"3";"1";"3";"BOULEVARD DE LA PLAGE";"43,43090000";"6,87042000"
"202400028892";"23";"06";"2024";"14:00";"1";"78";"78190";"2";"1";"1";"6";"PRAIRIE (BERGE DE LA)";"48,87224000";"2,14599000"
"202400028893";"12";"11";"2024";"19:10";"5";"59";"59602";"2";"2";"1";"3";"Route Nationale";"50,60938700";"3,18019600"
"202400028894";"12";"11";"2024";"16:37";"1";"13";"13085";"1";"1";"2";"3";"A50-Sens Toulon vers Aubagne";"43,26390000";"5,58820000"
"202400028895";"23";"06";"2024";"19:05";"1";"78";"78299";"2";"3";"1";"3";"VEXIN (ROUTE DU)";"49,00526700";"1,90066200"
"202400028896";"12";"11";"2024";"15:40";"1";"13";"13212";"1";"1";"2";"7";"A507 sens Aubagne- Marseille";"43,28588571";"5,42578723"
"202400028897";"23";"06";"2024";"02:05";"3";"77";"77186";"1";"6";"1";"6";"CROIX DE MONTMORIN (CARREFOUR DE LA)";"48,38995000";"2,75495000"
"202400028898";"12";"05";"2024";"07:30";"1";"73";"73065";"1";"1";"1";"6";"Voie verte";"45,59328184";"5,89454859"
"202400028899";"12";"11";"2024";"08:37";"1";"33";"33013";"1";"1";"1";"3";"N/A";"44,86796100";" -0,50434900"
"202400028900";"17";"06";"2024";"18:18";"1";"73";"73008";"2";"1";"1";"1";"CORSUET CHEMIN DE";"45,70726000";"5,89833000"
"202400028901";"12";"11";"2024";"16:17";"1";"78";"78073";"1";"1";"8";"4";"N12Y";"48,79834300";"2,00849400"
"202400028902";"10";"11";"2024";"21:30";"3";"78";"78431";"1";"1";"1";"3";"A13";"48,93936100";"1,95562800"
"202400028903";"23";"06";"2024";"01:09";"5";"71";"71270";"2";"6";"1";"1";"Rue de Flacé";"46,31046000";"4,83460000"
"202400028904";"12";"11";"2024";"02:50";"3";"92";"92078";"1";"1";"1";"6";"AUTOROUTE A86";"48,92768992";"2,33289331"
"202400028905";"23";"06";"2024";"21:40";"5";"69";"69286";"2";"4";"1";"3";"95 Avenue de l'Europe";"45,81931000";"4,90734000"
"202400028906";"11";"11";"2024";"17:25";"2";"95";"95252";"1";"1";"1";"4";"A15";"48,97905792";"2,22898099"
"202400028907";"23";"06";"2024";"12:08";"1";"63";"63113";"2";"3";"1";"6";"CLEMENTEL (BD ETIENNE)";"45,80650000";"3,10940000"
"202400028908";"6";"09";"2024";"07:54";"1";"74";"74298";"2";"3";"1";"3";"LIVRON (ROUTE DE)";"46,18754000";"6,25088000"
"202400028909";"21";"08";"2024";"21:50";"4";"74";"74276";"1";"1";"1";"6";"Route departementale D 902";"46,12241400";"6,61940200"
"202400028910";"18";"06";"2024";"22:19";"2";"62";"62119";"2";"6";"8";"3";"Rue de l'Horlogerie";"50,52351873";"2,64555359"
"202400028911";"5";"08";"2024";"11:30";"1";"74";"74197";"1";"5";"1";"2";"D903";"46,14209100";"6,31697500"
"202400028912";"23";"06";"2024";"11:50";"1";"60";"60057";"2";"1";"1";"3";"Avenue Montaigne";"49,40986000";"2,11030000"
"202400028913";"2";"08";"2024";"21:41";"5";"74";"74225";"2";"1";"8";"6";"Rue du Bouchet";"45,87293400";"5,93461800"
"202400028914";"23";"06";"2024";"11:20";"1";"59";"59378";"2";"1";"1";"2";"NATIONALE RUE";"50,66695000";"3,07711000"
"202400028915";"17";"06";"2024";"21:50";"3";"74";"74021";"1";"1";"1";"7";"508 Route nationale";"46,16424600";"6,27213800"
"202400028916";"23";"06";"2024";"20:16";"1";"54";"54521";"2";"1";"7";"6";"Rue des Cités des Sors";"49,47034000";"5,91226000"
"202400028917";"15";"07";"2024";"12:35";"1";"19";"19173";"1";"3";"1";"3";"N/A";"45,16620002";"2,18555760"
"202400028918";"23";"06";"2024";"03:25";"3";"50";"50218";"1";"1";"1";"6";"CRETE  (RUE DE LA)";"48,82646100";" -1,57822700"
"202400028919";"10";"11";"2024";"16:51";"1";"973";"97302";"2";"6";"1";"3";"EBOUE (ROCADE FELIX)";"4,92467250";" -52,32332003"
"202400028920";"23";"06";"2024";"16:50";"1";"49";"49328";"2";"1";"1";"3";"TOURS (ROUTE DE)";"47,26296000";" -0,05489000"
"202400028921";"11";"11";"2024";"17:55";"2";"69";"69383";"2";"3";"1";"1";"Avenue Rockefeller";"45,74111189";"4,88583999"
"202400028922";"23";"06";"2024";"16:30";"1";"45";"45234";"2";"1";"1";"6";"90 Quai du Châtelet";"47,89799800";"1,90513500"
"202400028923";"11";"11";"2024";"14:15";"1";"69";"69383";"2";"2";"1";"1";"Rue de la Villette";"45,76291000";"4,86179000"
"202400028924";"23";"06";"2024";"10:36";"1";"45";"45075";"2";"1";"1";"6";"21 Rue des Trois Fossés";"47,89383000";"1,84037700"
"202400028925";"11";"11";"2024";"14:30";"1";"69";"69388";"2";"8";"1";"3";"Rue de l'Epargne";"45,74235000";"4,85821000"
"202400028926";"22";"06";"2024";"16:30";"1";"44";"44109";"2";"1";"1";"6";"6 Rue des Pourpiers";"47,25371000";" -1,54373000"
"202400028927";"11";"11";"2024";"04:00";"5";"69";"69385";"2";"1";"1";"3";"Montée Saint Barthélémy";"45,76329000";"4,82583000"
"202400028928";"21";"06";"2024";"17:15";"1";"42";"42170";"1";"1";"1";"6";"Chemin Bord de Loire";"46,06101000";"4,11827000"
"202400028929";"11";"11";"2024";"02:30";"3";"971";"97113";"1";"1";"2";"2";"RN4 - SECTION RIVIERA";"16,21773000";" -61,49140000"
"202400028930";"23";"06";"2024";"10:00";"1";"37";"37122";"1";"9";"1";"7";"RD 37";"47,34101108";"0,65241694"
"202400028931";"11";"11";"2024";"21:39";"5";"91";"91286";"2";"1";"1";"5";"NATIONALE 7 (ROUTE)";"48,66678000";"2,39603000"
"202400028932";"23";"06";"2024";"15:20";"1";"31";"31555";"2";"3";"1";"1";"DESBALS (RUE HENRI)";"43,57999383";"1,41211733"
"202400028933";"11";"11";"2024";"07:45";"2";"91";"91174";"2";"3";"1";"6";"AV CARNOT";"48,60886000";"2,47949000"
"202400028934";"23";"06";"2024";"06:15";"2";"29";"29232";"1";"1";"2";"6";"ERGUE ARMEL BOULEVARD D'";"47,98524215";" -4,07386660"
"202400028935";"11";"11";"2024";"19:35";"3";"84";"84080";"1";"9";"1";"2";"CD 942 DE CARPENTRAS A RTE SARRIANS";"44,04529300";"4,98525600"
"202400028936";"22";"06";"2024";"19:05";"1";"29";"29254";"1";"9";"1";"2";"837 Route de l'Espérance";"48,58212514";" -3,86851252"
"202400028937";"10";"11";"2024";"20:20";"5";"78";"78621";"2";"3";"1";"3";"VAILLANT COUTURIER (AVENUE PAUL)";"48,77922000";"2,01082000"
"202400028938";"22";"06";"2024";"02:00";"3";"27";"27554";"1";"1";"2";"3";"ROUEN (AVENUE DE)";"49,13283000";"1,42737000"
"202400028939";"11";"11";"2024";"16:40";"2";"77";"77379";"2";"1";"1";"6";"DE LA FRIPERIE (RUE)";"48,56008275";"3,29930122"
"202400028940";"21";"06";"2024";"22:45";"5";"27";"27681";"2";"3";"1";"1";"LE TELLIER (RUE PIERRE)";"49,08411000";"1,48660000"
"202400028941";"11";"11";"2024";"13:40";"1";"77";"77042";"2";"9";"2";"1";"FERTE GAUCHER (RUE DE LA)";"48,81598000";"3,15102000"
"202400028942";"22";"06";"2024";"18:22";"1";"17";"17300";"2";"1";"1";"3";"JOFFRE   BOULEVARD (79 et 18)";"46,15437000";" -1,14435000"
"202400028943";"11";"11";"2024";"18:00";"5";"76";"76540";"2";"2";"1";"3";"Quai Gaston Boulet";"49,44297000";"1,07781000"
"202400028944";"23";"06";"2024";"15:15";"1";"13";"13209";"1";"9";"1";"1";"COL DE LA GINESTE D559";"43,24030000";"5,45349000"
"202400028945";"11";"11";"2024";"02:50";"3";"72";"72181";"2";"1";"1";"3";"PORT (RUE DU)";"48,00329500";"0,19566900"
"202400028946";"23";"06";"2024";"14:20";"1";"13";"13210";"2";"9";"1";"3";"RABATAU (BOULEVARD)";"43,27710303";"5,39849935"
"202400028947";"11";"11";"2024";"18:50";"5";"71";"71486";"2";"1";"1";"6";"JEAN DAMICHEL (RUE)";"46,65800000";"4,37600000"
"202400028948";"23";"06";"2024";"11:30";"1";"13";"13205";"2";"1";"1";"2";"SAKAKINI (BOULEVARD)";"43,29303000";"5,40180000"
"202400028949";"11";"11";"2024";"18:30";"5";"69";"69259";"2";"9";"9";"6";"Boulevard Irène Joliot Curie";"45,71570000";"4,87812000"
"202400028950";"11";"11";"2024";"08:50";"1";"67";"67482";"2";"1";"8";"6";"ROETHIG (RUE DU)";"48,56607000";"7,70344000"
"202400028951";"11";"11";"2024";"19:20";"5";"47";"47031";"2";"1";"1";"6";"LACAPELETTE";"44,17877000";"0,63267000"
"202400028952";"9";"10";"2024";"12:35";"1";"42";"42275";"1";"1";"1";"6";"Route de l'Etrat";"45,47633000";"4,38222000"
"202400028953";"11";"11";"2024";"13:05";"1";"37";"37261";"2";"6";"1";"7";"POMPIDOU (AVENUE GEORGES)";"47,39466000";"0,70440000"
"202400028954";"11";"11";"2024";"13:30";"1";"33";"33069";"2";"1";"1";"6";"N/A";"44,86778000";" -0,60321000"
"202400028955";"11";"11";"2024";"05:52";"5";"32";"32013";"2";"3";"1";"3";"PYRENEES (AVENUE DES)";"43,63509000";"0,58314000"
"202400028956";"11";"11";"2024";"23:11";"5";"29";"29232";"2";"1";"1";"7";"Route de Pont l'Abbe";"47,99119400";" -4,11545700"
"202400028957";"11";"11";"2024";"18:50";"5";"29";"29232";"2";"1";"1";"3";"Avenue de la Liberation";"47,99169000";" -4,07660000"
"202400028958";"11";"11";"2024";"17:32";"1";"29";"29019";"2";"2";"1";"3";"rue de la Porte";"48,38417600";" -4,50080300"
"202400028959";"11";"11";"2024";"18:20";"3";"25";"25056";"2";"3";"2";"3";"FAURE AVENUE EDGAR";"47,24275100";"6,01706100"
"202400028960";"11";"11";"2024";"06:38";"3";"22";"22360";"1";"1";"1";"6";"RD 222";"48,47497000";" -2,73771000"
"202400028961";"11";"11";"2024";"20:30";"5";"13";"13203";"2";"1";"1";"3";"CAMILLE PELLETAN (AVENUE)";"43,30409000";"5,37371000"
"202400028962";"11";"11";"2024";"19:45";"5";"13";"13207";"2";"1";"1";"3";"Corniche John Fitzgérald Kennedy";"43,27494000";"5,36106000"
"202400028963";"11";"11";"2024";"02:30";"5";"13";"13214";"2";"3";"1";"3";"REIMS (RUE DE)";"43,34004000";"5,39928000"
"202400028964";"11";"11";"2024";"03:41";"4";"75";"75108";"2";"3";"1";"2";"RUE ROYALE";"48,86837800";"2,32327200"
"202400028965";"11";"11";"2024";"12:50";"1";"75";"75106";"2";"2";"1";"3";"BOULEVARD RASPAIL";"48,84791200";"2,32776100"
"202400028966";"11";"11";"2024";"12:12";"1";"75";"75119";"2";"2";"1";"6";"RUE MANIN";"48,88298800";"2,38557200"
"202400028967";"11";"11";"2024";"06:46";"5";"75";"75119";"2";"3";"1";"2";"AVENUE JEAN JAURES";"48,88517300";"2,37935500"
"202400028968";"11";"11";"2024";"10:20";"1";"75";"75108";"2";"7";"1";"3";"PLACE DE L ALMA";"48,86452900";"2,30129900"
"202400028969";"11";"11";"2024";"19:48";"5";"75";"75115";"2";"2";"1";"3";"AVENUE EMILE ZOLA";"48,84652200";"2,28540200"
"202400028970";"10";"11";"2024";"20:40";"3";"75";"75115";"2";"1";"1";"6";"RUE DU LAOS";"48,85056700";"2,30098000"
"202400028971";"11";"11";"2024";"17:15";"5";"75";"75110";"2";"1";"1";"3";"AVENUE CLAUDE VELLEFAUX";"48,87312000";"2,37005000"
"202400028972";"11";"11";"2024";"19:43";"5";"75";"75107";"2";"1";"1";"3";"BOULEVARD DE LA TOUR MAUBOURG";"48,85448300";"2,30960300"
"202400028973";"11";"11";"2024";"16:20";"1";"94";"94046";"2";"3";"1";"3";"Avenue du Général de Gaulle";"48,81241500";"2,42208900"
"202400028974";"11";"11";"2024";"20:05";"5";"94";"94077";"2";"9";"1";"6";"Villa Republique";"48,73120300";"2,41574900"
"202400028975";"11";"11";"2024";"20:30";"5";"94";"94075";"2";"3";"1";"3";"Rue de Mandres";"48,71794000";"2,53540000"
"202400028976";"11";"11";"2024";"13:20";"1";"93";"93059";"2";"1";"1";"3";"LENINE (AVENUE) N°2A34 ET 1A43";"48,95471111";"2,35814629"
"202400028977";"10";"11";"2024";"19:05";"5";"93";"93051";"2";"1";"1";"1";"JULES FERRY (NR PAIRS )";"48,84586000";"2,57278000"
"202400028978";"11";"11";"2024";"07:15";"3";"93";"93050";"2";"1";"1";"6";"PAUL VAILLANT COUTURIER (RUE)";"48,87381385";"2,55274773"
"202400028979";"11";"11";"2024";"07:10";"3";"93";"93031";"2";"1";"1";"6";"MARNE (AVENUE DE LA)";"48,95475906";"2,32678735"
"202400028980";"11";"11";"2024";"18:30";"5";"93";"93001";"2";"6";"1";"2";"SAINT DENIS (RUE DE)";"48,92114970";"2,37587321"
"202400028981";"10";"11";"2024";"12:00";"1";"34";"34088";"1";"1";"1";"7";"N/A";"43,57449900";"3,68044100"
"202400028982";"11";"11";"2024";"18:00";"5";"71";"71360";"1";"2";"1";"3";"RD 17";"46,32221800";"4,76724100"
"202400028983";"12";"11";"2024";"06:30";"3";"47";"47075";"1";"1";"1";"5";"N21";"44,30321300";"0,70062500"
"202400028984";"18";"09";"2024";"15:45";"1";"39";"39494";"1";"1";"1";"3";"N/A";"46,58887400";"5,92092100"
"202400028985";"10";"11";"2024";"22:40";"3";"24";"24059";"1";"1";"1";"6";"D709e1";"45,02109700";"0,37784800"
"202400028986";"11";"11";"2024";"15:00";"1";"01";"01381";"1";"3";"1";"6";"Saint-Nizier-le-Désert";"46,03831200";"5,14894000"
"202400028987";"10";"11";"2024";"21:20";"3";"86";"86086";"1";"1";"1";"6";"D75";"46,82483100";"0,72820300"
"202400028988";"11";"11";"2024";"17:37";"5";"01";"01007";"1";"1";"1";"1";"route departementale d1075";"46,00730600";"5,34113600"
"202400028989";"11";"11";"2024";"15:15";"1";"33";"33352";"2";"1";"1";"1";"N/A";"44,58153100";" -0,03728300"
"202400028990";"10";"11";"2024";"17:20";"5";"57";"57066";"1";"1";"1";"3";"D43";"48,81286200";"7,00948100"
"202400028991";"11";"11";"2024";"19:29";"3";"28";"28141";"1";"1";"1";"4";"Autoroute A11, point-kilométrique 074+300";"48,32913800";"1,38156800"
"202400028992";"8";"11";"2024";"21:53";"3";"28";"28403";"1";"1";"1";"6";"A11- PK 065+000  - vers PARIS";"48,37364200";"1,47109500"
"202400028993";"11";"11";"2024";"14:00";"1";"01";"01353";"1";"1";"1";"5";"D28";"45,96060700";"4,80031700"
"202400028994";"12";"11";"2024";"21:00";"3";"30";"30217";"2";"1";"2";"7";"rue du cimetière";"43,95829800";"4,74171100"
"202400028995";"11";"11";"2024";"17:10";"5";"41";"41265";"2";"1";"1";"6";"Rue Sainte Catherine";"47,77698400";"0,79797900"
"202400028996";"11";"11";"2024";"13:30";"1";"62";"62773";"1";"4";"1";"6";"D127E4";"50,63446000";"1,78075600"
"202400028997";"12";"11";"2024";"15:00";"1";"51";"51516";"1";"1";"1";"3";"D9";"48,61683900";"3,90923400"
"202400028998";"10";"11";"2024";"16:15";"1";"19";"19150";"1";"2";"1";"3";"Route de Turenne";"45,07082300";"1,61692100"
"202400028999";"18";"12";"2024";"14:55";"1";"06";"06064";"1";"1";"1";"3";"2167 Route de la Baronne";"43,75279200";"7,18221500"
"202400029000";"17";"12";"2024";"08:45";"1";101;101271";"1";"1";"1";"6";"RT 20";"41,97949600";"8,83324400"
"202400029001";"10";"11";"2024";"10:00";"1";"79";"79355";"2";"6";"1";"3";"N/A";"46,31488000";" -0,36033900"
"202400029002";"2";"12";"2024";"23:45";"3";"11";"11325";"1";"6";"1";"6";"N/A";"43,11824200";"2,28537100"
"202400029003";"19";"12";"2024";"13:00";"1";"71";"71522";"1";"1";"3";"6";"Route du Taillet";"46,59759500";"4,93997000"
"202400029004";"11";"11";"2024";"19:15";"5";100;100207";"2";"1";"1";"2";"Chiapatella";"42,44467400";"9,50762100"
"202400029005";"19";"12";"2024";"11:55";"1";"84";"84051";"1";"1";"1";"6";"D60";"43,86450100";"5,23193800"
"202400029006";"12";"11";"2024";"18:00";"2";"82";"82155";"2";"1";"1";"3";"zone artisanale de fontalès";"44,14944200";"1,74869300"
"202400029007";"19";"12";"2024";"06:30";"3";"58";"58210";"1";"1";"2";"7";"route de saulieu";"47,12452000";"4,07378200"
"202400029008";"18";"12";"2024";"16:00";"1";"64";"64499";"2";"7";"1";"6";"Place du Bayaa";"43,47085700";" -0,92523900"
"202400029009";"27";"10";"2024";"17:10";"1";"63";"63457";"1";"1";"1";"6";"D225";"45,64329715";"3,27304115"
"202400029010";"19";"12";"2024";"09:45";"1";"16";"16085";"2";"3";"3";"6";"AVENUE DE LA REPUBLIQUE";"45,82500500";"0,45078800"
"202400029011";"12";"10";"2024";"20:00";"3";"86";"86244";"1";"4";"1";"3";"Rue de la Mare";"46,38437400";"0,09124300"
"202400029012";"13";"12";"2024";"08:30";"2";"04";"04139";"1";"1";"2";"2";"2934 Route de Noyers";"44,16808000";"5,84776800"
"202400029013";"19";"12";"2024";"16:25";"1";"85";"85081";"1";"1";"1";"6";"RD101";"46,74986300";" -1,38446500"
"202400029014";"17";"12";"2024";"10:00";"1";"72";"72320";"1";"4";"1";"6";"Autoroute A28, bretelle accés A11";"48,05407400";"0,18376400"
"202400029015";"19";"12";"2024";"01:29";"5";"987";"98738";"2";"9";"1";"1";"pk 17.500 au niveau sv HOPUARE 1 c/mont";" -17,61732143";" -149,61434841"
"202400029016";"18";"12";"2024";"23:45";"3";"63";"63113";"1";"1";"1";"2";"N/A";"45,78018648";"3,14141651"
"202400029017";"19";"12";"2024";"13:15";"1";"72";"72123";"1";"1";"1";"2";"A11 PK 207+500";"47,83862500";" -0,13217900"
"202400029018";"11";"12";"2024";"19:55";"3";"33";"33199";"1";"1";"1";"2";"N/A";"44,61462100";" -1,05404400"
"202400029019";"18";"12";"2024";"11:50";"1";"14";"14555";"1";"1";"8";"6";"A13";"49,30264900";"0,28185400"
"202400029020";"18";"12";"2024";"19:24";"3";"77";"77126";"1";"1";"2";"1";"D405";"49,01389200";"2,94313400"
"202400029021";"3";"12";"2024";"17:15";"5";"78";"78089";"2";"1";"1";"3";"48 Rue Marcel Sembat";"49,03584400";"1,57478800"
"202400029022";"19";"12";"2024";"04:10";"3";"66";"66165";"1";"1";"2";"6";"N/A";"42,65248800";"2,54626400"
"202400029023";"18";"12";"2024";"16:10";"1";"34";"34329";"1";"1";"1";"6";"D64";"43,25959700";"3,24421800"
"202400029024";"18";"12";"2024";"18:20";"4";"83";"83047";"2";"6";"1";"6";"Avenue de la Gare";"43,14673000";"6,06856200"
"202400029025";"19";"12";"2024";"10:37";"1";"13";"13030";"2";"9";"1";"6";"place de la libération";"43,27593200";"5,70197400"
"202400029026";"30";"11";"2024";"09:40";"1";"63";"63284";"2";"2";"1";"3";"rue de la Fontaine Ballet /  chemin du champs des poix";"45,79507300";"3,24021600"
"202400029027";"19";"12";"2024";"07:47";"1";"38";"38407";"1";"1";"3";"1";"D520a";"45,34118200";"5,66442800"
"202400029028";"18";"12";"2024";"06:30";"5";"26";"26347";"2";"3";"1";"1";"34 Avenue du President Roosevelt";"45,06761800";"4,84760500"
"202400029029";"16";"12";"2024";"14:45";"1";"07";"07245";"2";"1";"1";"6";"1 Impasse des Iles";"45,07713900";"4,81692900"
"202400029030";"18";"12";"2024";"09:30";"1";"01";"01275";"1";"6";"5";"2";"Chemin de l'Île";"45,81345160";"4,93574202"
"202400029031";"18";"12";"2024";"17:10";"2";"49";"49023";"2";"3";"2";"6";"Rue de la Cité (Beaupréau)";"47,20392800";" -0,99724000"
"202400029032";"19";"12";"2024";"10:20";"1";"56";"56151";"1";"2";"2";"3";"Kerio";"48,09353100";" -2,90757900"
"202400029033";"19";"12";"2024";"00:10";"3";"80";"80582";"1";"1";"3";"6";"Rue de Wailly";"49,79948000";"2,14510200"
"202400029034";"19";"12";"2024";"11:30";"1";"80";"80708";"1";"1";"1";"2";"Autroroute A1 PK 099.700 sens Lille direction Paris.";"49,69006500";"2,77194500"
"202400029035";"19";"12";"2024";"17:10";"3";"59";"59449";"2";"1";"2";"1";"2 Rue Charles Flon";"50,46830100";"3,25209700"
"202400029036";"19";"12";"2024";"17:55";"3";"59";"59168";"1";"1";"2";"7";"D90";"50,58509000";"3,22538900"
"202400029037";"15";"12";"2024";"13:50";"1";"13";"13071";"1";"1";"1";"2";"A7-Sens Marseille vers Lyon";"43,40621700";"5,32315593"
"202400029038";"15";"12";"2024";"01:13";"3";"13";"13043";"1";"1";"1";"2";"A55-Sens Marseille vers Martigues";"43,39129821";"5,26458933"
"202400029039";"17";"12";"2024";"19:50";"3";"57";"57416";"1";"1";"8";"7";"Autoroute A31";"48,98961955";"6,10486247"
"202400029040";"5";"03";"2024";"00:01";"5";"94";"94069";"2";"3";"2";"2";"PONT DE CHARENTON / A4";"48,81702566";"2,41985410"
"202400029041";"29";"11";"2024";"07:20";"2";"54";"54215";"1";"9";"5";"5";"A 31";"48,74118203";"6,15300894"
"202400029042";"5";"03";"2024";"08:40";"1";"94";"94017";"2";"1";"1";"3";"Avenue du Général de Gaulle";"48,82326648";"2,49508055"
"202400029043";"18";"12";"2024";"08:20";"1";"33";"33281";"1";"1";"1";"4";"N/A";"44,82662100";" -0,67527400"
"202400029044";"18";"12";"2024";"17:30";"3";"91";"91432";"1";"1";"1";"5";"AUTOROUTE A6";"48,69280000";"2,32080000"
"202400029045";"5";"03";"2024";"08:00";"1";"93";"93051";"2";"2";"8";"3";"Boulevard Paul Pambrun / Rue Pasteur";"48,84952000";"2,54713000"
"202400029046";"18";"12";"2024";"12:54";"1";"91";"91689";"1";"1";"1";"3";"AUTOROUTE A6B";"48,73992800";"2,32025600"