"Num_Acc";"jour";"mois";"an";"hrmn";"lum";"dep";"com";"agg";"int";"atm";"col";"adr";"lat";"long"
"202400029047";"18";"12";"2024";"09:52";"1";"91";"91161";"1";"1";"1";"2";"AUTOROUTE A126";"48,71050000";"2,30110000"
"202400029048";"4";"03";"2024";"17:40";"1";"93";"93048";"2";"5";"1";"6";"Rue de Paris / Rue Emile Zola";"48,85500000";"2,41897000"
"202400029049";"18";"12";"2024";"01:10";"4";"91";"91340";"1";"1";"1";"6";"AUTOROUTE A6";"48,60115988";"2,43869454"
"202400029050";"18";"12";"2024";"06:40";"5";"78";"78242";"1";"1";"1";"3";"A12 W";"48,80593300";"2,05133300"
"202400029051";"3";"03";"2024";"19:20";"5";"93";"93048";"2";"1";"1";"6";"Boulevard Paul Vaillant Couturier";"48,86297400";"2,44174700"
"202400029052";"17";"12";"2024";"17:10";"2";"78";"78073";"1";"1";"1";"6";"RN12 INT";"48,79851600";"2,00503900"
"202400029053";"4";"03";"2024";"17:50";"1";"93";"93005";"2";"7";"1";"3";"Carrefour Louis Armand / Boulevard André Citroën";"48,95585700";"2,48168000"
"202400029054";"17";"12";"2024";"09:10";"1";"92";"92047";"1";"1";"8";"3";"A13";"48,83524106";"2,17705758"
"202400029055";"18";"12";"2024";"20:40";"5";"94";"94033";"1";"1";"1";"2";"A86";"48,85841005";"2,48778049"
"202400029056";"4";"03";"2024";"10:05";"1";"92";"92050";"2";"1";"1";"6";"CLEMENCEAU GEORGES AVENUE N° PAIR";"48,88583268";"2,21762270"
"202400029057";"18";"12";"2024";"14:50";"1";"94";"94017";"1";"1";"8";"3";"A4";"48,82872227";"2,47703472"
"202400029058";"24";"11";"2024";"00:10";"3";"64";"64545";"1";"1";"6";"6";"N/A";"43,35991700";" -1,72679000"
"202400029059";"5";"03";"2024";"12:15";"1";"92";"92020";"2";"1";"1";"3";"VERDUN AVENUE DE AUTRES N°";"48,79468149";"2,27324456"
"202400029060";"17";"08";"2024";"14:10";"1";"27";"27284";"2";"1";"1";"5";"Rue du Faubourg de Neaufles";"49,27680700";"1,75961500"
"202400029061";"5";"03";"2024";"15:52";"1";"35";"35239";"2";"4";"8";"3";"2 Rue Anatole le Braz";"47,91453000";" -1,38064600"
"202400029062";"15";"10";"2024";"16:30";"1";"74";"74012";"2";"2";"1";"1";"MOLE (RUE DU)";"46,19795000";"6,23610000"
"202400029063";"29";"01";"2024";"14:36";"1";"35";"35002";"1";"1";"1";"1";"Lieu Dit Laval";"48,01453000";" -1,47916300"
"202400029064";"30";"09";"2024";"13:36";"1";"91";"91086";"2";"1";"1";"7";"route de vert-le-grand";"48,61162900";"2,36319200"
"202400029065";"5";"03";"2024";"09:13";"1";"51";"51066";"1";"1";"1";"7";"D396";"48,66713700";"4,58406700"
"202400029066";"18";"09";"2024";"18:05";"1";"76";"76575";"2";"3";"1";"1";"Avenue des Canadiens";"49,39864178";"1,06290042"
"202400029067";"13";"09";"2024";"23:20";"5";"76";"76540";"2";"1";"1";"6";"Quai du Havre";"49,44136350";"1,08175064"
"202400029068";"10";"09";"2024";"17:55";"1";"76";"76540";"2";"1";"1";"6";"Rue des Charrettes";"49,44013000";"1,08853000"
"202400029069";"5";"03";"2024";"17:10";"1";"28";"28100";"1";"1";"2";"1";"D923";"48,44123700";"1,35441200"
"202400029070";"6";"09";"2024";"00:30";"4";"76";"76178";"2";"3";"1";"1";"Rue de Tourville";"49,30674000";"1,02801000"
"202400029071";"29";"08";"2024";"01:50";"5";"76";"76540";"2";"7";"1";"6";"Place du General de Gaulle";"49,44352000";"1,09887000"
"202400029072";"5";"03";"2024";"17:15";"1";"19";"19162";"1";"1";"9";"2";"N/A";"45,33906529";"1,57226867"
"202400029073";"27";"08";"2024";"11:05";"1";"76";"76540";"2";"3";"1";"6";"Rue du Docteur Rambert";"49,43990000";"1,09027000"
"202400029074";"6";"03";"2024";"09:15";"1";"30";"30135";"1";"1";"1";"3";"D?999";"43,82887700";"4,59050400"
"202400029075";"8";"08";"2024";"22:12";"5";"76";"76540";"2";"3";"1";"1";"Boulevard Gambetta";"49,43628911";"1,10120206"
"202400029076";"6";"03";"2024";"12:15";"1";"62";"62566";"2";"1";"1";"1";"Rue des Oliviers";"50,67667700";"1,86035300"
"202400029077";"5";"03";"2024";"14:40";"1";"56";"56243";"2";"6";"1";"7";"Route de Nantes";"47,65050400";" -2,72330600"
"202400029078";"28";"08";"2024";"15:50";"1";"13";"13004";"1";"1";"1";"1";"RD570 - Dite Route des saintes Marie de la Mer";"43,58530300";"4,45723100"
"202400029079";"5";"03";"2024";"18:50";"3";"80";"80361";"1";"1";"1";"7";"D29";"49,92661000";"1,79450500"
"202400029080";"1";"08";"2024";"00:15";"3";"13";"13004";"1";"1";"1";"2";"N113";"43,64516679";"4,69903804"
"202400029081";"6";"03";"2024";"07:20";"1";"71";"71295";"2";"3";"8";"3";"24 Route de Chalon";"46,80027200";"5,17824100"
"202400029082";"10";"07";"2024";"14:50";"1";"13";"13004";"1";"1";"7";"2";"D570";"43,64222100";"4,56436900"
"202400029083";"5";"03";"2024";"11:55";"1";"71";"71520";"2";"1";"3";"1";"D294";"46,74215600";"4,84421400"
"202400029084";"6";"03";"2024";"08:40";"1";"61";"61093";"2";"1";"1";"6";"RD229";"48,72946400";" -0,67464100"
"202400029085";"16";"12";"2024";"17:15";"1";"973";"97302";"2";"3";"1";"3";"RABAN (ROUTE DE)";"4,92798615";" -52,31387275"
"202400029086";"5";"03";"2024";"13:30";"1";"01";"01015";"1";"1";"2";"6";"RD 69  PK 3";"45,72977500";"5,64263800"
"202400029087";"16";"12";"2024";"18:45";"5";"69";"69387";"2";"2";"1";"3";"Avenue Jean Jaurès";"45,75115000";"4,84526000"
"202400029088";"6";"02";"2024";"18:00";"5";"58";"58011";"2";"1";"1";"3";"169 Route Buissonniere";"47,45596200";"3,55042900"
"202400029089";"16";"12";"2024";"11:49";"1";"972";"97213";"2";"1";"1";"1";"MORNE PITAULT (ROUTE DE)";"14,61999000";" -60,96335000"
"202400029090";"6";"03";"2024";"04:40";"3";"54";"54029";"1";"1";"9";"6";"D906";"49,36369719";"5,90710402"
"202400029091";"16";"12";"2024";"07:50";"2";"69";"69034";"2";"3";"1";"3";"Route de Strasbourg";"45,79138000";"4,86215000"
"202400029092";"6";"03";"2024";"16:15";"1";"72";"72132";"2";"1";"1";"6";"ZC zone du lac";"48,17938300";"0,65307500"
"202400029093";"16";"12";"2024";"16:00";"1";"971";"97101";"1";"1";"1";"4";"DOTHEMARE";"16,27284000";" -61,51859000"
"202400029094";"5";"03";"2024";"11:00";"1";"72";"72360";"1";"1";"1";"1";"La Balonniere";"48,02156700";"0,11184800"
"202400029095";"14";"12";"2024";"20:10";"3";"971";"97101";"1";"1";"1";"2";"RN5-BOISRIPEAUX";"16,28429000";" -61,50583000"
"202400029096";"6";"03";"2024";"00:04";"3";"60";"60132";"1";"1";"1";"6";"CD 934";"49,62733600";"2,92330700"
"202400029097";"14";"12";"2024";"19:45";"3";"971";"97101";"1";"1";"1";"6";"RN5-BOISRIPEAUX";"16,28462000";" -61,50595000"
"202400029098";"5";"03";"2024";"19:30";"3";"45";"45204";"1";"1";"2";"7";"D15 PR 10 + 54";"47,79191000";"1,82375200"
"202400029099";"16";"12";"2024";"15:25";"1";101;101004";"1";"9";"1";"3";"#Residence Hlm du Vazzio Erilia#";"41,93411000";"8,79195000"
"202400029100";"4";"03";"2024";"11:30";"1";"18";"18265";"1";"1";"7";"2";"N/A";"47,01835600";"2,97134000"
"202400029101";"16";"12";"2024";"10:10";"1";101;101004";"2";"2";"1";"6";"MONTEE SAINT JEAN";"41,93279000";"8,73741000"
"202400029102";"6";"03";"2024";"17:35";"1";"10";"10106";"1";"1";"8";"6";"RD 951 - PK 24.000 - Sens NOGENT SUR SEINE vers BRAY SUR SEINE";"48,45912000";"3,41194200"
"202400029103";"16";"12";"2024";"19:45";"5";"95";"95203";"2";"1";"2";"2";"D928";"48,99744693";"2,26908708"
"202400029104";"25";"02";"2024";"22:30";"3";"36";"36005";"1";"1";"1";"6";"N/A";"46,76244300";"1,82608000"
"202400029105";"6";"03";"2024";"09:20";"1";"07";"07334";"2";"1";"1";"6";"Rue du temple";"44,40480100";"4,13142800"
"202400029106";"5";"03";"2024";"15:35";"1";"85";"85128";"2";"1";"1";"2";"24 Rue des blés d'or";"46,45897100";" -1,13694540"
"202400029107";"16";"12";"2024";"12:53";"1";"91";"91479";"2";"3";"2";"3";"AV DE VERDUN";"48,70575000";"2,35893000"
"202400029108";"15";"12";"2024";"18:50";"5";"91";"91589";"2";"2";"2";"3";"AV DES TILLEULS";"48,69052000";"2,34975000"
"202400029109";"5";"03";"2024";"08:50";"1";"27";"27660";"1";"2";"2";"3";"Route de l'Eglise";"48,97305300";"0,50861100"
"202400029110";"16";"12";"2024";"14:00";"1";"91";"91228";"2";"1";"8";"6";"RUE DE L ECOLE";"48,61826200";"2,43290800"
"202400029111";"5";"03";"2024";"20:00";"3";"24";"24167";"1";"1";"1";"2";"Route d'Issigeac";"44,68046319";"0,42263031"
"202400029112";"15";"12";"2024";"13:44";"1";"90";"90010";"2";"1";"1";"2";"LAURENCIE (AVENUE CAPITAINE DE LA)";"47,63879000";"6,87559600"
"202400029113";"4";"03";"2024";"11:50";"1";"987";"98738";"1";"1";"1";"1";"RT1 PK 18+500";" -17,61821400";" -149,54710500"
"202400029114";"14";"12";"2024";"15:55";"1";"89";"89024";"2";"2";"8";"3";"GUYNEMER (RUE)";"47,81572000";"3,57657000"
"202400029115";"17";"02";"2024";"16:35";"1";"06";"06152";"1";"1";"1";"4";"576 Route de Nice";"43,64388157";"7,01497793"
"202400029116";"13";"12";"2024";"17:41";"1";"87";"87085";"2";"1";"2";"6";"JOURDAN (PLACE)";"45,83204000";"1,26375000"
"202400029117";"6";"03";"2024";"05:25";"3";"42";"42304";"1";"1";"1";"1";"Chemin de la Petite Plaine à la Grande Plaine";"45,53135000";"4,19781800"
"202400029118";"13";"12";"2024";"18:04";"5";"87";"87085";"2";"3";"2";"3";"FONDERIE (RUE DE LA)";"45,83566000";"1,25265000"
"202400029119";"5";"03";"2024";"18:20";"1";"82";"82037";"1";"1";"4";"5";"A20";"44,14526100";"1,50517000"
"202400029120";"13";"12";"2024";"16:09";"1";"87";"87085";"2";"2";"1";"3";"DUMAS (AVENUE GEORGES)";"45,82605000";"1,26791000"
"202400029121";"6";"03";"2024";"09:45";"1";"53";"53262";"1";"1";"1";"5";"la blanchardière";"48,06190306";" -0,59281169"
"202400029122";"16";"12";"2024";"20:15";"3";"84";"84031";"1";"3";"1";"5";"MIRABEAU AVENUE";"44,06932000";"5,04278000"
"202400029123";"6";"03";"2024";"00:35";"3";"68";"68015";"1";"1";"2";"6";"A36 pk 114.400 en direction d'OTTMARSHEIM";"47,78959600";"7,44689300"
"202400029124";"16";"12";"2024";"15:15";"1";"84";"84007";"2";"1";"1";"3";"MARSEILLE (ROUTE DE )";"43,92467000";"4,85042000"
"202400029125";"16";"12";"2024";"11:40";"1";"84";"84007";"2";"3";"1";"3";"CÉDRES (CHEMIN DES) MFT";"43,93252000";"4,88062000"
"202400029126";"16";"12";"2024";"13:35";"1";"83";"83137";"2";"1";"1";"6";"GUES (BD DE L'ENSEIGNE DE VAISSEAU)";"43,11533397";"5,98104554"
"202400029127";"3";"03";"2024";"17:50";"1";"64";"64521";"1";"1";"4";"4";"A64 PK 83";"43,41114300";" -0,56586000"
"202400029128";"14";"12";"2024";"16:05";"1";"83";"83137";"2";"1";"1";"1";"LECLERC (AVE GENERAL)";"43,12584000";"5,92771000"
"202400029129";"6";"03";"2024";"04:10";"3";"60";"60254";"1";"1";"1";"2";"Autoroute A1 - PK 073.000 sens PARIS-LILLE";"49,45483202";"2,70045233"
"202400029130";"5";"03";"2024";"19:30";"5";"988";"98817";"2";"3";"1";"6";"RPS1/Rue de l'Henriette";" -22,26579500";"166,61501000"
"202400029131";"14";"12";"2024";"16:45";"1";"83";"83144";"2";"4";"1";"1";"PICOT (CHEMIN DU COLONEL)";"43,14273000";"6,00775000"
"202400029132";"13";"12";"2024";"15:15";"1";"83";"83126";"2";"1";"1";"6";"KENNEDY (AVENUE J.)N° IMPAIRS > ST VICTO";"43,11188000";"5,85019000"
"202400029133";"5";"03";"2024";"21:50";"3";"971";"97118";"1";"1";"1";"6";"route départementale 23";"16,20275500";" -61,63619800"
"202400029134";"4";"03";"2024";"10:20";"1";"978";"97801";"2";"1";"1";"1";"R DE SANDY GROUND";"18,05810000";" -63,09695500"
"202400029135";"12";"12";"2024";"15:40";"1";"83";"83061";"2";"6";"1";"3";"ROND-POINT DES MOULINS";"43,43070000";"6,73559000"
"202400029136";"5";"03";"2024";"18:30";"2";"972";"97228";"1";"1";"1";"7";"Reculée";"14,77925000";" -61,02835500"
"202400029137";"5";"03";"2024";"15:20";"1";100;100307";"1";"1";"1";"7";"route du village";"42,38248200";"9,51781900"
"202400029138";"16";"12";"2024";"05:53";"5";"79";"79191";"2";"3";"1";"3";"N/A";"46,32141000";" -0,47915000"
"202400029139";"4";"03";"2024";"20:30";"3";"34";"34285";"2";"7";"1";"6";"la Montade";"43,51296200";"3,48752600"
"202400029140";"16";"12";"2024";"07:11";"2";"77";"77285";"2";"6";"2";"6";"CORBEIL (AVENUE DE)";"48,54908000";"2,63974000"
"202400029141";"16";"12";"2024";"12:00";"1";"76";"76165";"2";"3";"1";"6";"Passage Chatel";"49,28222000";"1,01893000"
"202400029142";"6";"03";"2024";"10:25";"1";"89";"89298";"1";"1";"2";"4";"autoroute A6";"48,03234400";"3,12472000"
"202400029143";"16";"12";"2024";"08:00";"2";"74";"74012";"2";"1";"1";"7";"ARAVIS (RUE DES)";"46,18782000";"6,23246000"
"202400029144";"5";"03";"2024";"18:43";"5";"68";"68072";"2";"3";"1";"1";"Rue du Général de Gaulle";"47,69469100";"7,40477200"
"202400029145";"16";"12";"2024";"15:00";"1";"73";"73065";"2";"1";"1";"2";"BOISSE (AVENUE DE LA)";"45,58172000";"5,91129000"
"202400029146";"6";"03";"2024";"11:55";"1";"42";"42094";"2";"6";"1";"2";"Rue Jules Ferry";"45,74540400";"4,22542200"
"202400029147";"16";"12";"2024";"15:45";"1";"73";"73065";"2";"1";"1";"4";"BOISSE (AVENUE DE LA)";"45,58172000";"5,91129000"
"202400029148";"5";"03";"2024";"17:15";"1";"26";"26309";"1";"1";"4";"6";"Route de Villard de Lans";"45,07966245";"5,46593428"
"202400029149";"16";"12";"2024";"05:00";"3";"72";"72003";"1";"1";"8";"7";"SABLE (RTE DE)";"47,98220000";"0,13954000"
"202400029150";"6";"03";"2024";"12:00";"1";"49";"49301";"1";"1";"1";"7";"ZA du Petit Lapin (St Germain-sur-Moine)";"47,11006400";" -1,11041300"
"202400029151";"1";"03";"2024";"09:33";"1";"56";"56167";"1";"1";"3";"5";"Zone du Keneah Nord";"47,66473700";" -2,89753700"
"202400029152";"14";"12";"2024";"13:59";"1";"70";"70261";"1";"1";"2";"5";"RN19";"47,62458800";"6,20601500"
"202400029153";"5";"03";"2024";"09:50";"1";"29";"29103";"2";"6";"1";"6";"boulevard de la Gare";"48,45324400";" -4,25620300"
"202400029154";"16";"12";"2024";"17:10";"1";"64";"64445";"2";"1";"1";"6";"TOURASSE";"43,31103000";" -0,35020000"
"202400029155";"16";"12";"2024";"08:15";"1";"64";"64335";"1";"1";"1";"2";"D817";"43,33544000";" -0,46134000"
"202400029156";"6";"03";"2024";"12:30";"1";"27";"27525";"1";"1";"1";"6";"d65";"49,09727900";"1,34897900"
"202400029157";"16";"12";"2024";"07:25";"2";"64";"64129";"2";"1";"1";"2";"BAYONNE DE";"43,30577000";" -0,40301000"
"202400029158";"6";"03";"2024";"16:30";"1";"60";"60103";"1";"1";"1";"2";"Route Nationale 31";"49,41538500";"2,26185300"
"202400029159";"16";"12";"2024";"09:30";"1";"64";"64445";"2";"6";"1";"3";"DROITS DE L' HOMME DES";"43,31305000";" -0,36899000"
"202400029160";"5";"03";"2024";"15:55";"1";"13";"13106";"1";"1";"1";"3";"A51-Sens Marseille vers Aix en Provence";"43,40527907";"5,36000540"
"202400029161";"16";"12";"2024";"06:50";"5";"64";"64445";"2";"1";"1";"3";"RONSARD";"43,31863000";" -0,35922000"
"202400029162";"16";"12";"2024";"08:25";"5";"60";"60057";"2";"1";"1";"6";"Rue d'Amiens";"49,43863653";"2,08854926"
"202400029163";"4";"03";"2024";"20:00";"3";"13";"13211";"1";"1";"1";"2";"A507 sens Aubagne- Marseille";"43,29207811";"5,45266634"
"202400029164";"12";"12";"2024";"17:45";"5";"59";"59324";"2";"3";"1";"3";"Rue Léon Blum";"50,29515000";"4,08630000"
"202400029165";"5";"03";"2024";"13:45";"1";"13";"13071";"1";"1";"1";"4";"A7-Sens Marseille vers Lyon";"43,40939184";"5,28588321"
"202400029166";"16";"12";"2024";"08:30";"1";"59";"59527";"2";"2";"2";"6";"LECLERC RUE DU GENERAL";"50,66217100";"3,05016100"
"202400029167";"13";"12";"2024";"16:28";"1";"57";"57683";"2";"1";"1";"6";"Rue Jeanne d'Arc";"49,30113920";"6,16238146"
"202400029168";"4";"03";"2024";"10:27";"1";"13";"13213";"1";"1";"1";"2";"A507 sens Marseille - Aubagne";"43,32632788";"5,42112018"
"202400029169";"16";"12";"2024";"08:40";"1";"56";"56260";"1";"1";"1";"3";"Avenue Paul Duplaix";"47,65289000";" -2,71543000"
"202400029170";"5";"03";"2024";"00:13";"3";"13";"13117";"1";"1";"1";"6";"A7-Sens Lyon vers Marseille";"43,43200000";"5,25810000"
"202400029171";"14";"12";"2024";"01:02";"4";"56";"56036";"2";"6";"1";"6";"Route de Kerviec";"47,78030300";" -3,35131100"
"202400029172";"4";"03";"2024";"12:51";"1";"13";"13071";"1";"1";"1";"2";"A7-Sens Lyon vers Marseille";"43,40479107";"5,34038573"
"202400029173";"15";"12";"2024";"12:50";"1";"56";"56121";"2";"9";"1";"3";"Boulevard du Scorff";"47,76351000";" -3,36732000"
"202400029174";"15";"12";"2024";"18:10";"5";"54";"54395";"2";"1";"1";"6";"Rue de la Croix Saint Claude";"48,69164973";"6,13843113"
"202400029175";"5";"03";"2024";"12:45";"1";"91";"91228";"1";"1";"2";"3";"RN 104";"48,62550000";"2,41772000"
"202400029176";"16";"12";"2024";"17:20";"5";"54";"54323";"2";"1";"2";"6";"Rue Mercy";"49,52375164";"5,76447755"
"202400029177";"5";"03";"2024";"04:23";"3";"94";"94076";"1";"1";"2";"2";"A6B";"48,78543196";"2,34573083"
"202400029178";"16";"12";"2024";"12:00";"1";"54";"54273";"2";"6";"8";"6";"Avenue Wilson";"49,15581000";"5,88394000"
"202400029179";"5";"03";"2024";"08:30";"1";"93";"93005";"1";"1";"8";"5";"A3";"48,93958962";"2,47948796"
"202400029180";"15";"12";"2024";"02:25";"5";"51";"51454";"2";"3";"1";"3";"EISENHOWER (AVENUE DU GENERAL)";"49,23952000";"4,00758000"
"202400029181";"1";"02";"2024";"14:20";"1";"44";"44143";"2";"1";"1";"7";"Avenue du maréchal de Lattre de Tassigny";"47,19382195";" -1,57067801"
"202400029182";"14";"12";"2024";"17:15";"3";"51";"51474";"1";"1";"2";"1";"SAINT THIERRY (CHEMIN DE) A REIMS";"49,28301000";"3,99189600"
"202400029183";"14";"12";"2024";"12:03";"1";"51";"51108";"2";"1";"8";"6";"DE GAULLE (AVE GENERAL)";"48,94916000";"4,37091000"
"202400029184";"31";"01";"2024";"19:00";"3";"44";"44190";"1";"1";"8";"4";"N/A";"47,19102726";" -1,49031174"
"202400029185";"16";"12";"2024";"12:15";"1";"45";"45169";"2";"2";"8";"3";"Rue de Changelin";"47,92063000";"1,82638000"
"202400029186";"16";"12";"2024";"09:40";"1";"45";"45286";"2";"1";"1";"6";"1 Allée des Bouvreuils";"47,88080100";"1,93419300"
"202400029187";"16";"12";"2024";"22:15";"5";"44";"44109";"2";"2";"1";"3";"19 Rue Eugène Thomas";"47,26140000";" -1,57095000"
"202400029188";"30";"01";"2024";"13:20";"1";"44";"44143";"2";"6";"8";"3";"Place du 8 mai 1945";"47,18928357";" -1,55196178"
"202400029189";"7";"12";"2024";"02:40";"5";"43";"43041";"2";"1";"1";"6";"Avenue Charles Dupuy";"45,05290000";"3,91100000"
"202400029190";"16";"12";"2024";"05:35";"5";"41";"41018";"2";"1";"5";"1";"CHATEAU-RENAULT (ROUTE DE)";"47,58213000";"1,30119000"
"202400029191";"31";"01";"2024";"08:48";"1";"44";"44109";"2";"1";"8";"4";"27 Rue de Strasbourg";"47,21805761";" -1,55303704"
"202400029192";"16";"12";"2024";"08:35";"1";"37";"37261";"2";"1";"2";"6";"GIRAUDEAU (RUE)";"47,38777000";"0,67655000"
"202400029193";"15";"12";"2024";"20:05";"5";"36";"36044";"2";"1";"8";"6";"Boulevard Saint-Denis";"46,81570928";"1,70882866"
"202400029194";"30";"01";"2024";"08:00";"2";"44";"44109";"2";"2";"1";"3";"11 Boulevard Général de Gaulle";"47,20694207";" -1,53970599"
"202400029195";"16";"12";"2024";"19:30";"5";"34";"34301";"2";"3";"1";"6";"HERRIOT EDOUARD (PLACE)";"43,39460000";"3,67727000"
"202400029196";"16";"12";"2024";"13:35";"1";"34";"34172";"2";"3";"1";"6";"CENTRAYRARGUES (RUE DE)";"43,59686000";"3,88052000"
"202400029197";"30";"01";"2024";"10:35";"1";"44";"44109";"2";"3";"8";"3";"Route de Paris";"47,25438276";" -1,51313781"
"202400029198";"16";"12";"2024";"20:04";"5";"33";"33550";"2";"1";"1";"3";"N/A";"44,76475000";" -0,56123000"
"202400029199";"30";"01";"2024";"09:20";"1";"44";"44109";"2";"1";"8";"3";"504 Route de Saint Joseph";"47,27199130";" -1,51632199"
"202400029200";"29";"01";"2024";"10:45";"1";"44";"44109";"2";"1";"8";"6";"6 Rue Samuel de Champlain";"47,26073316";" -1,57436549"
"202400029201";"24";"01";"2024";"13:20";"1";"44";"44109";"2";"6";"8";"2";"194 Route de Saint Joseph";"47,24873457";" -1,53035126"
"202400029202";"16";"12";"2024";"15:45";"1";"33";"33069";"2";"1";"1";"3";"N/A";"44,85597000";" -0,59224000"
"202400029203";"24";"01";"2024";"07:30";"1";"44";"44109";"2";"1";"8";"6";"30 Boulevard Maréchal Alphonse Juin";"47,19827283";" -1,59922479"
"202400029204";"21";"01";"2024";"05:29";"5";"44";"44109";"2";"1";"8";"3";"21 Rue Paul Bellamy";"47,22216899";" -1,55657321"
"202400029205";"16";"12";"2024";"09:40";"1";"33";"33522";"2";"6";"1";"3";"N/A";"44,80142000";" -0,58100000"
"202400029206";"19";"01";"2024";"14:00";"5";"44";"44143";"2";"6";"8";"2";"Boulevard Victor Schoelcher";"47,19536030";" -1,56230579"
"202400029207";"16";"12";"2024";"13:55";"1";"32";"32013";"2";"1";"1";"7";"SAMBRE ET MEUSE (AVENUE)";"43,64950000";"0,59754000"
"202400029208";"19";"01";"2024";"08:00";"2";"44";"44162";"2";"1";"8";"6";"8 Rue Océane";"47,22387775";" -1,62788141"
"202400029209";"4";"03";"2024";"10:28";"1";"976";"97611";"1";"1";"1";"1";"m'tsapere-Nationale 2 (route)";" -12,79215000";"45,22112000"
"202400029210";"16";"12";"2024";"20:05";"3";"22";"22113";"2";"4";"1";"3";"MONTROULEZ (HENT COZ)";"48,72927000";" -3,47525000"
"202400029211";"4";"03";"2024";"21:25";"5";"974";"97411";"2";"6";"1";"3";"CHAUDRON  (BLD 1 DU)";" -20,89242000";"55,49162000"
"202400029212";"4";"03";"2024";"08:00";"1";"973";"97302";"2";"1";"1";"3";"RABAN (ROUTE DE)";"4,92968519";" -52,31333256"
"202400029213";"16";"12";"2024";"16:10";"1";"19";"19031";"2";"1";"1";"1";"JASMIN (AVENUE)";"45,15690000";"1,51309000"
"202400029214";"1";"03";"2024";"05:30";"2";"69";"69387";"2";"2";"1";"3";"Rue Chevreul";"45,74918000";"4,83842000"
"202400029215";"16";"12";"2024";"09:45";"1";"19";"19031";"2";"2";"1";"3";"SEMARD (AVENUE PIERRE) A PARTIR DE N° 75";"45,15432000";"1,51214000"
"202400029216";"4";"03";"2024";"10:15";"1";"69";"69383";"2";"2";"1";"3";"Quai Victor Augagneur";"45,75998000";"4,84108000"
"202400029217";"4";"03";"2024";"08:00";"1";"971";"97113";"1";"1";"1";"3";"SECTEUR DAMPIERRE";"16,20873000";" -61,47011000"
"202400029218";"16";"12";"2024";"13:15";"1";"13";"13213";"2";"1";"1";"3";"OLIVES (AVENUE DES)";"43,32000000";"5,44000000"
"202400029219";"3";"03";"2024";"18:25";"5";"971";"97101";"2";"1";"1";"2";"DUGAZON";"16,25191000";" -61,52026000"
"202400029220";"16";"12";"2024";"08:35";"1";"13";"13215";"2";"1";"1";"1";"SAINT LOUIS (AVENUE DE)";"43,34907000";"5,35898000"
"202400029221";"3";"03";"2024";"12:30";"1";"971";"97113";"2";"1";"1";"6";"BESSON";"16,23821684";" -61,49960876"
"202400029222";"16";"12";"2024";"16:00";"1";"13";"13047";"2";"6";"1";"3";"RADOLFZELL AVENUE DE";"43,49829000";"4,98599000"
"202400029223";"16";"12";"2024";"19:55";"5";"10";"10081";"2";"6";"2";"6";"OUEST (BD)";"48,30479000";"4,02664000"
"202400029224";"3";"03";"2024";"00:07";"5";"971";"97120";"2";"1";"1";"1";"CARENAGE";"16,23036000";" -61,53382000"
"202400029225";"16";"12";"2024";"10:20";"1";"07";"07281";"1";"1";"1";"1";"Route du Pin";"44,93015800";"4,81246200"
"202400029226";"29";"02";"2024";"19:40";"3";"971";"97107";"2";"3";"1";"6";"FILAOS ( RUE DES )";"16,05413000";" -61,56187000"
"202400029227";"4";"03";"2024";"14:00";"1";"95";"95060";"2";"1";"1";"6";"EST (RUE DE L')";"49,03673790";"2,21250862"
"202400029228";"16";"12";"2024";"10:10";"1";"07";"07070";"2";"3";"1";"6";"ALPES (RUE DES)";"44,96476000";"4,84937000"
"202400029229";"16";"12";"2024";"10:15";"1";"06";"06030";"2";"1";"7";"6";"69 Avenue Maurice Cheval";"43,56728000";"6,99193000"
"202400029230";"3";"03";"2024";"20:45";"5";"95";"95051";"2";"1";"1";"3";"JULES CESAR (CHAUSSEE)";"49,01080194";"2,19286948"
"202400029231";"15";"12";"2024";"10:00";"1";"06";"06155";"2";"6";"1";"3";"2 Route de Cannes";"43,57408000";"7,04866000"
"202400029232";"4";"03";"2024";"08:55";"1";"95";"95607";"2";"3";"1";"3";"SAINT PRIX (RUE DE)";"49,02115613";"2,19672650"
"202400029233";"16";"12";"2024";"10:00";"1";"75";"75114";"2";"1";"8";"2";"BD PERIPHERIQUE INTERIEUR";"48,81721200";"2,33498200"
"202400029234";"4";"03";"2024";"07:25";"1";"95";"95252";"2";"2";"1";"6";"D14";"48,98023839";"2,23512419"
"202400029235";"4";"03";"2024";"12:30";"1";"95";"95210";"2";"1";"1";"6";"BARRE (RUE DE LA)";"48,96348000";"2,31222000"
"202400029236";"17";"12";"2024";"09:45";"1";"75";"75118";"2";"7";"1";"3";"PLACE ALBERT KAHN";"48,89605300";"2,34604200"
"202400029237";"4";"03";"2024";"07:25";"1";"95";"95063";"2";"1";"1";"3";"MAURICE BERTEAUX (RUE)";"48,92780270";"2,21081883"
"202400029238";"17";"12";"2024";"20:45";"5";"75";"75117";"2";"4";"1";"3";"AVENUE DE CLICHY";"48,89124300";"2,31930100"
"202400029239";"29";"02";"2024";"07:57";"1";"91";"91021";"2";"1";"2";"2";"LIMOURS (ROUTE DE)";"48,59946000";"2,24080000"
"202400029240";"17";"12";"2024";"18:20";"5";"75";"75117";"2";"3";"1";"6";"RUE CARDINET";"48,89110900";"2,31799000"
"202400029241";"4";"03";"2024";"09:40";"1";"91";"91657";"2";"1";"1";"3";"PRESIDENT ROBERT LAKOTA (AVENUE DU)";"48,70761400";"2,41371800"
"202400029242";"3";"03";"2024";"00:15";"5";"91";"91114";"2";"2";"2";"3";"CHARLES CHRISTOFLE (AVENUE)";"48,70142000";"2,49359000"
"202400029243";"16";"12";"2024";"16:22";"1";"75";"75116";"2";"2";"1";"1";"ROUTE DE LA PORTE DAUPHINE A LA PORTE DES SABLONS";"48,87492400";"2,27113500"
"202400029244";"4";"03";"2024";"14:35";"1";"91";"91174";"2";"3";"1";"6";"COMBES MARNES (BOULEVARD)";"48,60575000";"2,46487000"
"202400029245";"17";"12";"2024";"16:53";"5";"75";"75115";"2";"2";"1";"6";"RUE DU THEATRE";"48,84124000";"2,29014400"
"202400029246";"4";"03";"2024";"04:35";"5";"85";"85191";"2";"1";"1";"7";"Boulevard aristide briand";"46,66820000";" -1,43092900"
"202400029247";"17";"12";"2024";"13:30";"1";"75";"75115";"2";"1";"2";"6";"RUE CASTAGNARY";"48,83552400";"2,30995200"
"202400029248";"3";"03";"2024";"14:00";"1";"84";"84007";"2";"1";"3";"6";"EUROPE (Pont de l')";"43,94395000";"4,79616000"
"202400029249";"16";"12";"2024";"17:05";"1";"75";"75115";"2";"2";"1";"7";"PONT DU GARIGLIANO";"48,83865900";"2,26973800"
"202400029250";"4";"03";"2024";"16:50";"1";"83";"83137";"1";"1";"1";"3";"RD46";"43,15213000";"5,96769000"
"202400029251";"17";"12";"2024";"20:05";"5";"75";"75113";"2";"2";"1";"3";"BOULEVARD AUGUSTE BLANQUI";"48,83077300";"2,34411300"
"202400029252";"4";"03";"2024";"09:15";"1";"82";"82033";"2";"1";"1";"2";"Avenue du Maréchal Leclerc";"44,04519000";"1,10379000"
"202400029253";"17";"12";"2024";"19:15";"5";"75";"75113";"2";"7";"1";"2";"BOULEVARD DE L HOPITAL";"48,83640300";"2,35949400"
"202400029254";"4";"03";"2024";"11:30";"1";"78";"78350";"2";"1";"1";"3";"CONTI (QUAI)";"48,87656100";"2,11682900"
"202400029255";"17";"12";"2024";"12:50";"1";"75";"75112";"2";"1";"1";"3";"QUAI DE LA RAPEE";"48,84360000";"2,36990000"
"202400029256";"4";"03";"2024";"02:35";"3";"78";"78350";"1";"1";"1";"1";"MARLY (ROUTE DE)";"48,86254000";"2,10506000"
"202400029257";"17";"12";"2024";"10:35";"1";"75";"75110";"2";"1";"8";"6";"RUE DU FAUBOURG SAINT MARTIN";"48,87829100";"2,36195200"
"202400029258";"17";"12";"2024";"18:20";"5";"75";"75107";"2";"1";"1";"1";"QUAI BRANLY";"48,86207000";"2,29940000"
"202400029259";"4";"03";"2024";"06:45";"2";"77";"77132";"2";"1";"1";"3";"AV ROBERT SCHUMAN";"48,86931000";"2,79283000"
"202400029260";"1";"03";"2024";"10:30";"1";"76";"76270";"1";"1";"2";"6";"RD 6382";"49,53129000";"0,14050000"
"202400029261";"17";"12";"2024";"18:20";"5";"94";"94003";"2";"1";"1";"1";"Avenue Paul Vaillant-couturier";"48,80079840";"2,34102452"
"202400029262";"3";"03";"2024";"17:00";"1";"71";"71040";"2";"1";"1";"7";"MACON (ROUTE DE)";"46,69281900";"4,39132065"
"202400029263";"17";"12";"2024";"14:05";"1";"94";"94017";"2";"3";"8";"6";"Avenue Roger Salengro";"48,81888000";"2,48983000"
"202400029264";"2";"03";"2024";"22:55";"3";"71";"71486";"2";"1";"2";"6";"MAURICE THOREZ (RUE)";"46,65617035";"4,37087014"
"202400029265";"17";"12";"2024";"11:20";"1";"94";"94071";"2";"9";"8";"3";"2-9 Place du Clos de Pacy";"48,77248000";"2,51897000"
"202400029266";"4";"03";"2024";"21:40";"5";"71";"71540";"2";"6";"1";"3";"ABATTOIRS (boulevard des)";"46,78598000";"4,43643000"
"202400029267";"17";"12";"2024";"08:25";"2";"93";"93066";"2";"9";"1";"3";"WILSON (AVENUE DU PRESIDENT)";"48,91539593";"2,35784754"
"202400029268";"25";"02";"2024";"17:05";"1";"71";"71076";"2";"1";"1";"1";"POMPIDOU (RUE GEORGES)";"46,77983000";"4,84536000"
"202400029269";"17";"12";"2024";"17:50";"5";"93";"93051";"2";"3";"1";"6";"JEAN RICHEPIN";"48,84435000";"2,54545000"
"202400029270";"3";"03";"2024";"06:15";"5";"69";"69266";"2";"1";"1";"4";"Pont de Cusset";"45,76782000";"4,90524000"
"202400029271";"17";"12";"2024";"11:40";"1";"93";"93051";"2";"9";"8";"3";"JULES VEDRINES (NR PAIRS)";"48,84229860";"2,56725940"
"202400029272";"3";"03";"2024";"20:00";"5";"69";"69259";"2";"3";"2";"3";"13 Rue Président Salvador Allende";"45,69493000";"4,89139000"
"202400029273";"17";"12";"2024";"12:15";"1";"93";"93046";"2";"1";"1";"6";"CLICHY CHEMIN DE";"48,91681000";"2,54623000"
"202400029274";"3";"03";"2024";"20:20";"5";"69";"69271";"2";"2";"2";"1";"Avenue du Progrès";"45,73826000";"4,96921000"
"202400029275";"17";"12";"2024";"07:30";"2";"93";"93032";"2";"3";"2";"6";"ROND POINT  (RUE DU)";"48,87305000";"2,55931000"
"202400029276";"3";"03";"2024";"19:20";"5";"69";"69271";"2";"2";"3";"3";"Route de Lyon";"45,73997000";"4,95300000"
"202400029277";"17";"12";"2024";"17:45";"5";"93";"93008";"2";"6";"1";"1";"ALLENDE (AVE DU P. SALVADOR)";"48,90089000";"2,44122000"
"202400029278";"3";"03";"2024";"16:00";"1";"69";"69271";"2";"2";"3";"3";"Avenue du Progrès";"45,72793000";"4,96337000"
"202400029279";"17";"12";"2024";"16:50";"2";"93";"93005";"2";"5";"1";"6";"JACQUES DUCLOS [CD44] (RUE)";"48,94729002";"2,49225522"
"202400029280";"4";"03";"2024";"06:55";"5";"64";"64102";"2";"3";"1";"2";"SOULT (AVENUE MARECHAL)";"43,48776000";" -1,48276000"
"202400029281";"17";"12";"2024";"10:25";"1";"92";"92078";"2";"2";"1";"3";"BRANDIN (RUE)";"48,93564316";"2,33386785"
"202400029282";"4";"03";"2024";"18:00";"1";"59";"59599";"2";"2";"1";"6";"Rue Racine";"50,73697735";"3,14466645"
"202400029283";"17";"12";"2024";"13:58";"1";"92";"92046";"2";"3";"1";"6";"DANTON (RUE)";"48,82125028";"2,29717657"
"202400029284";"17";"12";"2024";"17:10";"5";"92";"92073";"2";"1";"1";"5";"DASSAULT (QUAI MARCEL)";"48,86117000";"2,22510000"
"202400029285";"4";"03";"2024";"09:45";"1";"59";"59508";"2";"9";"1";"6";"Rue du Dronckaert";"50,73894500";"3,13024400"
"202400029286";"17";"12";"2024";"18:54";"5";"92";"92077";"2";"3";"1";"3";"MARNES (RUE DE)";"48,82763380";"2,18446165"
"202400029287";"4";"03";"2024";"08:50";"1";"59";"59183";"2";"1";"1";"6";"STADE - AVENUE";"51,03391000";"2,39138000"
"202400029288";"16";"12";"2024";"03:00";"5";"92";"92051";"2";"9";"1";"6";"BINEAU (BOULEVARD, N°133 A 217 ET 134 A";"48,88945378";"2,27267354"
"202400029289";"4";"03";"2024";"15:50";"1";"54";"54257";"2";"1";"8";"6";"Rue de Morlaix";"48,64143000";"6,19769000"
"202400029290";"17";"12";"2024";"09:13";"1";"92";"92040";"2";"2";"1";"6";"VICTOR CRESSON (AVENUE) DU 01 AU 27";"48,82260559";"2,26797078"
"202400029291";"4";"03";"2024";"14:50";"1";"54";"54395";"2";"1";"8";"1";"Avenue de Boufflers";"48,69310900";"6,14179400"
"202400029292";"16";"12";"2024";"18:52";"3";"92";"92025";"2";"1";"2";"3";"STALINGRAD (AV DE)";"48,93216801";"2,26614319"
"202400029293";"4";"03";"2024";"07:45";"2";"54";"54547";"2";"1";"1";"2";"Avenue de la Forêt de Haye";"48,65117000";"6,14559000"
"202400029294";"17";"12";"2024";"11:15";"1";"92";"92002";"2";"3";"1";"6";"RABELAIS (AVENUE)";"48,75325627";"2,30916783"
"202400029295";"4";"03";"2024";"21:20";"5";"51";"51573";"2";"1";"1";"7";"CARREFOUR (ROUTE DE SOISSONS)";"49,25396000";"3,97737000"
"202400029296";"18";"12";"2024";"08:00";"2";"60";"60553";"1";"2";"1";"3";"D1017";"49,46539176";"2,65968221"
"202400029297";"25";"02";"2024";"19:00";"3";"42";"42170";"1";"1";"8";"3";"Route du Beaujolais";"46,03671000";"4,13697000"
"202400029298";"12";"12";"2024";"10:55";"1";"35";"35120";"1";"3";"1";"3";"la Chatelleraie";"48,23570000";" -1,80599600"
"202400029299";"4";"03";"2024";"07:25";"2";"42";"42095";"1";"1";"1";"7";"Rue de Saint-Just-Malmont";"45,37843000";"4,29143000"
"202400029300";"17";"12";"2024";"14:00";"1";"16";"16316";"1";"1";"1";"7";"Rue de la vallade";"45,59442800";" -0,29483400"