"Num_Acc";"jour";"mois";"an";"hrmn";"lum";"dep";"com";"agg";"int";"atm";"col";"adr";"lat";"long"
"202400029301";"29";"02";"2024";"14:50";"1";"42";"42044";"2";"1";"1";"6";"Allee Paul Gauguin";"45,39499475";"4,32908245"
"202400029302";"17";"12";"2024";"13:10";"1";"06";"06161";"2";"9";"1";"6";"193 Route du Bord de Mer";"43,64161900";"7,14238500"
"202400029303";"3";"03";"2024";"07:20";"1";"37";"37261";"2";"1";"1";"7";"MAGINOT (AV. ANDRE)";"47,41372000";"0,68676000"
"202400029304";"18";"12";"2024";"05:00";"3";"31";"31547";"2";"1";"1";"6";"930 Route de Fonsorbes";"43,50594900";"1,29951100"
"202400029305";"4";"03";"2024";"06:15";"5";"34";"34172";"2";"2";"1";"3";"FABRE DE MORLHON (BOULEVARD JACQUES)";"43,58907000";"3,88479000"
"202400029306";"12";"12";"2024";"22:45";"3";"59";"59011";"1";"1";"1";"1";"M41b";"50,51574600";"2,93959400"
"202400029307";"4";"03";"2024";"19:00";"5";"33";"33063";"2";"3";"2";"3";"N/A";"44,85101000";" -0,59563000"
"202400029308";"17";"12";"2024";"16:36";"2";"60";"60176";"2";"2";"1";"1";"Rue Hippolyte Clair";"49,23346102";"2,89329994"
"202400029309";"4";"03";"2024";"17:20";"1";"33";"33063";"2";"1";"2";"3";"N/A";"44,87237000";" -0,56075000"
"202400029310";"10";"07";"2024";"15:30";"1";"56";"56185";"2";"6";"1";"1";"Rue Docteur Dieny";"47,78860100";" -3,41978400"
"202400029311";"4";"03";"2024";"08:00";"1";"31";"31555";"2";"1";"1";"2";"CHE DE LA BOURIETTE";"43,60757002";"1,37306839"
"202400029312";"7";"12";"2024";"12:10";"1";"76";"76243";"1";"1";"2";"1";"D93";"49,53202600";"1,36116700"
"202400029313";"18";"12";"2024";"07:35";"2";100;100286";"1";"1";"1";"3";"rt10";"42,47940900";"9,48120100"
"202400029314";"4";"03";"2024";"19:00";"2";"28";"28134";"2";"3";"1";"6";"DUNANT (RUE HENRI)";"48,73745500";"1,39195600"
"202400029315";"4";"03";"2024";"20:30";"3";"27";"27681";"1";"1";"2";"6";"MAGNY (ROUTE DE)";"49,09880000";"1,50542000"
"202400029316";"18";"12";"2024";"07:15";"2";"33";"33424";"1";"1";"1";"1";"N/A";"45,11579000";" -0,86654000"
"202400029317";"18";"12";"2024";"17:15";"5";"89";"89025";"2";"6";"1";"1";"Rue de la Goulotte";"47,48791500";"3,92008600"
"202400029318";"4";"03";"2024";"09:00";"1";"27";"27681";"2";"6";"1";"3";"JAURES (BOULEVARD JAURES)";"49,09385000";"1,46874000"
"202400029319";"17";"12";"2024";"23:10";"3";"89";"89233";"1";"1";"1";"1";"D606";"47,61800000";"3,75000000"
"202400029320";"4";"03";"2024";"12:35";"1";"27";"27229";"2";"4";"1";"3";"VAL ITON (RUE DU)";"49,03358000";"1,14662000"
"202400029321";"18";"12";"2024";"09:45";"1";"63";"63211";"1";"1";"1";"1";"N/A";"45,45650641";"3,70994845"
"202400029322";"4";"03";"2024";"09:15";"1";"26";"26313";"2";"1";"1";"2";"N7";"44,95776000";"4,92887000"
"202400029323";"10";"04";"2024";"10:50";"1";"973";"97302";"2";"2";"1";"3";"SOURCE DE BADUEL (CHEMIN DE LA)";"4,93110729";" -52,30915233"
"202400029324";"18";"12";"2024";"07:57";"2";"61";"61462";"1";"1";"2";"1";"D2";"48,72093800";" -0,04680900"
"202400029325";"11";"04";"2024";"00:45";"5";"972";"97209";"1";"3";"1";"7";"RD 41 (ROCADE)";"14,61573000";" -61,05758000"
"202400029326";"18";"12";"2024";"17:34";"3";"42";"42313";"1";"1";"1";"1";"Route du Pont Rompu";"45,72929318";"4,00867599"
"202400029327";"11";"04";"2024";"11:40";"1";"69";"69389";"2";"3";"1";"6";"Avenue Sidoine Apollinaire";"45,77512973";"4,79445668"
"202400029328";"18";"12";"2024";"08:15";"1";"34";"34096";"1";"1";"5";"6";"D909";"43,55117600";"3,18364300"
"202400029329";"4";"03";"2024";"21:47";"5";"13";"13215";"2";"1";"1";"2";"MADRAGUE VILLE (chemin de la)";"43,34333000";"5,35351000"
"202400029330";"18";"12";"2024";"12:45";"1";"29";"29202";"1";"1";"1";"1";"D785";"48,44576277";" -3,88223559"
"202400029331";"11";"04";"2024";"09:30";"1";"69";"69034";"2";"1";"1";"2";"23 Montée des Soldats";"45,79743000";"4,85493000"
"202400029332";"24";"02";"2024";"17:30";"1";"13";"13203";"2";"1";"1";"3";"RIVOIRE (RUE)";"43,31354000";"5,37693000"
"202400029333";"10";"12";"2024";"00:42";"3";"02";"02820";"1";"1";"2";"7";"D 1032 Viry-Noureuil";"49,63990000";"3,24536600"
"202400029334";"17";"12";"2024";"11:45";"1";"15";"15184";"1";"1";"1";"7";"RN 122";"44,73222300";"2,19889600"
"202400029335";"11";"04";"2024";"09:00";"1";"69";"69385";"2";"3";"1";"3";"Rue Commandant Charcot";"45,75339000";"4,80470000"
"202400029336";"4";"03";"2024";"15:30";"1";"13";"13005";"2";"9";"1";"3";"GOUMS (AVENUE DES)";"43,28990858";"5,55922543"
"202400029337";"17";"12";"2024";"19:00";"5";"43";"43153";"2";"1";"1";"6";"Rue du Velay";"45,33399500";"4,24491763"
"202400029338";"18";"12";"2024";"09:00";"1";"973";"97309";"2";"1";"3";"7";"Route de Rémire";"4,91688800";" -52,27649000"
"202400029339";"11";"04";"2024";"17:20";"1";101;101004";"2";"3";"1";"3";"FREDIANI RUE LOUIS";"41,92487000";"8,73891000"
"202400029340";"4";"03";"2024";"09:40";"1";"13";"13001";"2";"2";"1";"3";"ENFANT (RTE DE L')";"43,48854000";"5,38734000"
"202400029341";"10";"04";"2024";"11:30";"1";"95";"95252";"2";"1";"1";"6";"CADET DE VAUX (RUE)";"48,99061000";"2,23329000"
"202400029342";"20";"02";"2024";"16:20";"1";"04";"04112";"1";"1";"1";"3";"VOLTA (CHEMIN ALESSANDRO)";"43,81300000";"5,79500000"
"202400029343";"11";"04";"2024";"19:24";"1";"91";"91425";"2";"2";"1";"6";"RUE DU MAILLE";"48,64050000";"2,26846000"
"202400029344";"29";"02";"2024";"12:20";"1";"02";"02738";"2";"2";"1";"5";"107 Rue de Grasse (Vouël)";"49,65910000";"3,27920000"
"202400029345";"11";"04";"2024";"11:15";"1";"91";"91692";"1";"1";"1";"3";"R.N 446";"48,68333000";"2,18888000"
"202400029346";"3";"03";"2024";"21:00";"4";"75";"75119";"2";"1";"1";"3";"BD PERIPHERIQUE INTERIEUR";"48,87887900";"2,40790600"
"202400029347";"3";"03";"2024";"07:30";"2";"75";"75120";"2";"1";"1";"7";"ECHANGEUR BAGNOLET";"48,86289851";"2,41406858"
"202400029348";"11";"04";"2024";"07:04";"2";"91";"91477";"2";"1";"1";"2";"GUTEMBERG (RUE)";"48,70859000";"2,25601000"
"202400029349";"2";"03";"2024";"23:00";"5";"75";"75119";"2";"1";"2";"4";"PORTE DE LA VILLETTE";"48,90035500";"2,38210300"
"202400029350";"10";"04";"2024";"08:35";"1";"89";"89387";"1";"1";"7";"1";"CLERIMOIS (RUE DES)";"48,19108000";"3,31848000"
"202400029351";"4";"03";"2024";"07:55";"1";"75";"75105";"2";"2";"1";"3";"RUE DU CARDINAL LEMOINE";"48,84651200";"2,35163600"
"202400029352";"10";"04";"2024";"09:55";"1";"89";"89024";"2";"1";"1";"1";"MOULIN DU PRESIDENT (RUE DU)";"47,80395000";"3,57913000"
"202400029353";"4";"03";"2024";"18:00";"1";"75";"75120";"2";"1";"1";"6";"AVENUE GAMBETTA";"48,86316200";"2,38858700"
"202400029354";"11";"04";"2024";"07:55";"1";"88";"88160";"2";"6";"1";"3";"CEDRES (AV. DES)";"48,18582000";"6,46434000"
"202400029355";"4";"03";"2024";"08:30";"1";"75";"75119";"2";"3";"7";"6";"RUE DE ROMAINVILLE";"48,87784000";"2,40341500"
"202400029356";"4";"03";"2024";"19:55";"5";"75";"75115";"2";"1";"1";"2";"QUAI BRANLY";"48,85630000";"2,29004400"
"202400029357";"11";"04";"2024";"09:45";"1";"87";"87085";"2";"2";"1";"3";"CARNOT (BOULEVARD)";"45,83296000";"1,25894000"
"202400029358";"4";"03";"2024";"17:45";"1";"75";"75115";"2";"2";"1";"3";"AVENUE DE LA PORTE BRANCION";"48,82584400";"2,30022000"
"202400029359";"9";"04";"2024";"17:18";"1";"87";"87085";"2";"2";"3";"6";"VIGENAL (BOULEVARD DU)";"45,85266000";"1,25922000"
"202400029360";"9";"04";"2024";"14:54";"1";"87";"87085";"2";"1";"3";"2";"BELLAC (RUE DE)";"45,85521000";"1,24962000"
"202400029361";"4";"03";"2024";"13:50";"1";"75";"75113";"2";"3";"1";"3";"BOULEVARD DE L HOPITAL";"48,83890000";"2,36093200"
"202400029362";"11";"04";"2024";"08:05";"1";"84";"84035";"2";"1";"1";"2";"PONT (AVENUE DU)";"43,83047600";"5,03718900"
"202400029363";"3";"03";"2024";"23:00";"5";"75";"75112";"2";"2";"1";"3";"AVENUE DAUMESNIL";"48,84730800";"2,37532900"
"202400029364";"11";"04";"2024";"10:45";"1";"84";"84007";"1";"1";"1";"1";"ROUTE NATIONALE 7-MONTFAVET";"43,88900000";"4,92256000"
"202400029365";"4";"03";"2024";"15:00";"1";"75";"75103";"2";"2";"1";"3";"RUE DE TURBIGO";"48,86546700";"2,35608900"
"202400029366";"11";"04";"2024";"12:30";"1";"83";"83137";"2";"1";"1";"5";"STRASBOURG (BD DE )";"43,12458000";"5,93410000"
"202400029367";"4";"03";"2024";"11:40";"1";"75";"75103";"2";"3";"1";"6";"BOULEVARD BEAUMARCHAIS";"48,85697300";"2,36823500"
"202400029368";"4";"03";"2024";"09:00";"1";"94";"94044";"2";"1";"1";"2";"Avenue Jean Monnet";"48,75744930";"2,48240769"
"202400029369";"11";"04";"2024";"10:00";"1";"83";"83137";"2";"3";"1";"3";"BAUDIN (BD)";"43,12814000";"5,90708000"
"202400029370";"4";"03";"2024";"05:07";"3";"94";"94078";"2";"3";"1";"3";"Rue de Paris / Rue Thimonnier";"48,75135000";"2,44521000"
"202400029371";"10";"04";"2024";"18:30";"1";"80";"80021";"2";"3";"1";"3";"Port d'Aval";"49,89799000";"2,29522000"
"202400029372";"4";"03";"2024";"07:50";"1";"94";"94076";"2";"1";"1";"3";"Boulevard Maxime Gorki";"48,79430266";"2,36908362"
"202400029373";"3";"03";"2024";"14:20";"1";"94";"94028";"2";"9";"1";"3";"30 Avenue des Compagnons de la Libération";"48,78048134";"2,45800853"
"202400029374";"11";"04";"2024";"15:29";"1";"78";"78440";"2";"1";"1";"6";"EUROPE (AVENUE DE L')";"48,97960800";"1,91299200"
"202400029375";"3";"03";"2024";"13:00";"1";"94";"94028";"2";"3";"1";"5";"Rue des Mèches / Avenue du Chemin-de-mesly";"48,79275000";"2,45924000"
"202400029376";"10";"04";"2024";"18:30";"1";"77";"77258";"2";"2";"1";"1";"NICOLAS APPERT (RUE)";"48,83986000";"2,62955000"
"202400029377";"4";"03";"2024";"14:35";"1";"94";"94022";"2";"1";"1";"6";"Allee de Provence";"48,76380983";"2,40802713"
"202400029378";"11";"04";"2024";"08:40";"1";"77";"77251";"2";"1";"1";"7";"D 402";"48,62257000";"2,54005000"
"202400029379";"3";"03";"2024";"18:24";"5";"94";"94079";"2";"2";"1";"2";"Boulevard Jean Monnet / Boulevard de Friedberg";"48,83494000";"2,54717000"
"202400029380";"4";"03";"2024";"08:05";"1";"94";"94060";"2";"3";"1";"6";"Avenue Georges Pompidou / Rue Claude Debussy";"48,79450722";"2,56584565"
"202400029381";"10";"04";"2024";"07:48";"1";"77";"77296";"1";"3";"1";"6";"AV DE L'EUROPE";"48,62893000";"2,57220000"
"202400029382";"4";"03";"2024";"09:10";"1";"93";"93070";"2";"2";"1";"3";"Rue des Bateliers / Rue la Clef des Champs";"48,91314000";"2,32674000"
"202400029383";"11";"04";"2024";"08:00";"1";"77";"77284";"2";"4";"1";"6";"BUREAU (RUE JEAN)";"48,95854006";"2,87614653"
"202400029384";"4";"03";"2024";"14:45";"1";"93";"93066";"2";"3";"1";"3";"Avenue du Général de Gaulle / Rue Henri Delaunay";"48,92568680";"2,36467838"
"202400029385";"11";"04";"2024";"00:40";"3";"77";"77186";"1";"6";"1";"7";"CROIX DE MONTMORIN (CARREFOUR DE LA)";"48,39008000";"2,75530000"
"202400029386";"4";"03";"2024";"10:20";"1";"93";"93051";"2";"2";"1";"3";"Rue de la République / Avenue du Général de Gaulle";"48,84680900";"2,55861100"
"202400029387";"11";"04";"2024";"20:15";"1";"76";"76157";"2";"1";"1";"6";"Cote de Canteleu";"49,44880000";"1,04700000"
"202400029388";"4";"03";"2024";"14:13";"1";"93";"93064";"2";"4";"1";"6";"Rue d'Estienne d'Orves / A86";"48,87264000";"2,48095000"
"202400029389";"3";"03";"2024";"13:20";"1";"93";"93006";"2";"3";"8";"3";"Avenue Galliéni / Rue Edouard Vaillant";"48,85873500";"2,41469000"
"202400029390";"11";"04";"2024";"18:40";"1";"74";"74305";"2";"4";"1";"3";"VOIRONS (RUE DES)";"46,20241000";"6,25589000"
"202400029391";"3";"03";"2024";"19:00";"5";"93";"93027";"2";"1";"1";"3";"Rue de Genève";"48,92495000";"2,37827000"
"202400029392";"11";"04";"2024";"20:30";"2";"74";"74010";"2";"6";"1";"3";"CROISEE (DE LA)";"45,89601000";"6,11117000"
"202400029393";"11";"04";"2024";"08:47";"1";"72";"72181";"2";"9";"2";"3";"PATTON GENERAL RTE BAUGE A CHEMIN RONDE";"47,99576000";"0,17254000"
"202400029394";"3";"03";"2024";"06:00";"2";"92";"92076";"2";"6";"8";"3";"COLLEGE Y DU MANOIR (ROUTE NAPO 3 )";"48,83287645";"2,15036917"
"202400029395";"10";"04";"2024";"15:55";"1";"72";"72181";"2";"6";"1";"3";"SAVORGNAN DE BRAZZA (AV) N° IMP";"48,00890000";"0,22690000"
"202400029396";"4";"03";"2024";"12:48";"1";"92";"92051";"2";"2";"1";"6";"LONGCHAMP (RUE DE)";"48,87672207";"2,25074074"
"202400029397";"11";"04";"2024";"13:13";"1";"71";"71153";"1";"1";"1";"6";"MARCEAU (RUE)";"46,79980000";"4,44050000"
"202400029398";"4";"03";"2024";"15:50";"1";"92";"92050";"2";"2";"1";"3";"VENETS RUE DES";"48,88995591";"2,20319510"
"202400029399";"10";"04";"2024";"16:30";"1";"69";"69264";"2";"3";"1";"6";"Place de la Gare";"45,98549000";"4,72101000"
"202400029400";"4";"03";"2024";"07:08";"1";"92";"92050";"2";"3";"1";"1";"FUSILLES DE LA RESISTANCE RUE DES";"48,87783163";"2,21610241"
"202400029401";"11";"04";"2024";"13:40";"1";"67";"67482";"2";"3";"1";"3";"ROBERTSAU (ALLEE DE LA)";"48,58962000";"7,76701000"
"202400029402";"4";"03";"2024";"08:40";"1";"92";"92020";"2";"1";"1";"2";"VERDUN AVENUE DE AUTRES N°";"48,80167274";"2,28481829"
"202400029403";"10";"04";"2024";"15:15";"1";"67";"67447";"2";"1";"1";"6";"BISCHWILLER (ROUTE DE)";"48,60724000";"7,74944000"
"202400029404";"4";"03";"2024";"09:00";"1";"92";"92048";"2";"1";"7";"6";"LOUVOIS (AVENUE)";"48,80738154";"2,23984243"
"202400029405";"10";"04";"2024";"08:10";"1";"66";"66136";"2";"1";"2";"3";"VIELLEDENT (JEAN)";"42,69609000";"2,89959000"
"202400029406";"4";"03";"2024";"07:04";"1";"92";"92036";"2";"3";"1";"1";"PIERRE DE COUBERTIN (BOULEVARD) (PORT ->";"48,93572768";"2,27964628"
"202400029407";"2";"03";"2024";"23:20";"5";"92";"92024";"2";"2";"8";"3";"DOCTEUR DERVAUX  ( QUAI DU )";"48,90852293";"2,30012298"
"202400029408";"11";"04";"2024";"13:50";"1";"64";"64445";"2";"3";"1";"2";"PAIX";"43,32176944";" -0,36357075"
"202400029409";"4";"03";"2024";"09:20";"1";"92";"92002";"2";"9";"1";"3";"ARISTIDE BRIAND (AVENUE)";"48,75830000";"2,30690000"
"202400029410";"10";"04";"2024";"08:25";"1";"64";"64024";"2";"1";"1";"7";"MAIGNON (ROUTE DE)";"43,47997524";" -1,50772735"
"202400029411";"4";"03";"2024";"17:10";"1";"24";"24329";"2";"3";"3";"3";"Route de Coutras";"45,02568400";"0,05081200"
"202400029412";"11";"04";"2024";"15:10";"1";"63";"63075";"2";"1";"1";"2";"DUCLAUX (BOULEVARD)";"45,77534000";"3,07369000"
"202400029413";"9";"02";"2024";"07:40";"3";"17";"17425";"1";"3";"2";"7";"RD 117";"45,62457300";" -0,91892500"
"202400029414";"5";"03";"2024";"10:30";"1";"06";"06044";"1";"1";"1";"1";"925 route du Pont de Pierre";"43,68273800";"7,08955600"
"202400029415";"11";"04";"2024";"14:04";"1";"63";"63113";"2";"1";"1";"3";"VIVIANI (RUE)";"45,81218000";"3,12038000"
"202400029416";"4";"03";"2024";"10:50";"1";"06";"06130";"1";"9";"4";"1";"Route de Caussols";"43,71612300";"6,86543000"
"202400029417";"11";"04";"2024";"12:00";"1";"63";"63113";"2";"2";"1";"4";"LAFAYETTE (BD)";"45,76551215";"3,10890019"
"202400029418";"4";"03";"2024";"21:00";"3";"41";"41252";"1";"1";"2";"2";"A10 PK 137.800";"47,69820900";"1,44281400"
"202400029419";"4";"03";"2024";"23:10";"3";"56";"56251";"1";"6";"2";"7";"Giratoire de Since";"47,63671600";" -2,68277800"
"202400029420";"10";"04";"2024";"07:30";"2";"62";"62570";"1";"2";"1";"6";"D33";"50,39470517";"2,87264442"
"202400029421";"5";"03";"2024";"17:50";"1";"11";"11264";"1";"1";"1";"5";"D6113";"43,21115000";"2,87481300"
"202400029422";"5";"03";"2024";"15:55";"1";"71";"71543";"2";"2";"1";"1";"18 Rue de Beausoleil";"46,55576200";"4,90714400"
"202400029423";"5";"03";"2024";"04:30";"3";"49";"49183";"1";"1";"2";"6";"D57 ";"47,54420300";" -1,03588000"
"202400029424";"11";"04";"2024";"19:20";"1";"62";"62758";"1";"3";"5";"1";"D341";"50,71726000";"1,66623000"
"202400029425";"4";"03";"2024";"14:00";"1";"39";"39448";"1";"3";"1";"3";"N/A";"47,00683900";"5,49644000"
"202400029426";"5";"03";"2024";"04:25";"3";"25";"25039";"1";"1";"2";"2";"D461";"47,14499900";"6,45135500"
"202400029427";"11";"04";"2024";"22:30";"5";"59";"59599";"2";"2";"1";"3";"Rue Saint Blaise";"50,73004000";"3,15534000"
"202400029428";"4";"03";"2024";"18:35";"1";"85";"85008";"1";"1";"2";"1";"A87 entrée 32 PK 0,660";"46,62778353";" -1,43674668"
"202400029429";"4";"03";"2024";"11:25";"1";"70";"70252";"1";"1";"1";"6";"D36 PK 23";"47,56182500";"5,55997000"
"202400029430";"4";"03";"2024";"20:25";"4";"14";"14614";"2";"4";"2";"7";"Rue Octave Lemenuel";"49,22526000";" -1,04674800"
"202400029431";"11";"04";"2024";"07:45";"2";"59";"59378";"2";"3";"2";"1";"Rue Raymond Derain";"50,67317400";"3,09208300"
"202400029432";"4";"03";"2024";"00:00";"5";"09";"09182";"2";"1";"1";"6";"Rue du port";"42,88734600";"1,34930400"