"Num_Acc";"jour";"mois";"an";"hrmn";"lum";"dep";"com";"agg";"int";"atm";"col";"adr";"lat";"long"
"202400029433";"4";"03";"2024";"22:00";"3";"38";"38048";"1";"1";"1";"6";"948 Route de Vienne";"45,60069400";"5,11418800"
"202400029434";"5";"03";"2024";"01:16";"1";"06";"06085";"2";"1";"1";"2";"508 Avenue General de Gaulle";"43,60806400";"7,01011400"
"202400029435";"11";"04";"2024";"07:45";"1";"56";"56260";"2";"9";"1";"3";"Avenue Georges Pompidou";"47,66955000";" -2,76966000"
"202400029436";"11";"04";"2024";"19:20";"1";"54";"54431";"2";"3";"1";"3";"Rue du Père Hilarion";"48,90685000";"6,04144800"
"202400029437";"11";"04";"2024";"15:08";"1";"54";"54431";"2";"4";"1";"6";"Avenue Eisenhower";"48,90304000";"6,04219000"
"202400029438";"10";"04";"2024";"16:25";"1";"54";"54304";"2";"1";"1";"2";"Avenue de la Résistance";"48,69492000";"6,12417000"
"202400029439";"11";"04";"2024";"13:45";"1";"51";"51454";"2";"1";"1";"7";"HALBWACHS (RUE MAURICE)";"49,26915000";"4,00161000"
"202400029440";"11";"04";"2024";"11:35";"1";"51";"51454";"2";"2";"8";"3";"PAIX (BOULEVARD DE LA)";"49,25389000";"4,04075000"
"202400029441";"22";"01";"2024";"18:10";"5";"75";"75101";"2";"1";"1";"3";"PONT NEUF";"48,85806000";"2,34203000"
"202400029442";"10";"04";"2024";"17:54";"1";"51";"51454";"2";"1";"1";"6";"SCHWEITZER (RUE DU DOCTEUR)";"49,27995000";"4,02138000"
"202400029443";"21";"01";"2024";"17:25";"5";"75";"75104";"2";"3";"1";"7";"RUE DE RIVOLI";"48,85522400";"2,36115300"
"202400029444";"10";"04";"2024";"07:45";"1";"50";"50129";"2";"1";"1";"7";"TOURNE PIERRE (RUE DU)";"49,65688000";" -1,70909000"
"202400029445";"22";"01";"2024";"09:30";"1";"94";"94078";"2";"3";"2";"4";"192 Rue de Paris";"48,73905800";"2,44659500"
"202400029446";"11";"04";"2024";"20:13";"1";"47";"47323";"2";"5";"1";"3";"DESMOULINS (BD CAMILLE)";"44,40342000";"0,70125000"
"202400029447";"21";"01";"2024";"02:00";"5";"94";"94068";"2";"6";"9";"7";"Avenue Gambetta / Avenue Victoria";"48,79416000";"2,49579000"
"202400029448";"10";"04";"2024";"14:25";"1";"47";"47201";"2";"1";"1";"6";"MARINE (RUE DE LA)";"44,19795083";"0,59792393"
"202400029449";"22";"01";"2024";"16:15";"1";"94";"94073";"2";"2";"1";"3";"Avenue de Versailles / Av du Mal de Lattre de Tassigny";"48,76139665";"2,40302593"
"202400029450";"21";"01";"2024";"23:10";"5";"94";"94033";"2";"6";"1";"6";"Avenue de Lattre de Tassigny / Rue Carnot";"48,85403000";"2,49312000"
"202400029451";"11";"04";"2024";"18:10";"1";"43";"43041";"2";"3";"1";"3";"Avenue Charles Dupuy";"45,04804000";"3,92325000"
"202400029452";"19";"01";"2024";"22:45";"5";"94";"94074";"2";"3";"8";"6";"Avenue de la Saussaie du Ban / Rue Daniel Costantini";"48,76621200";"2,45830900"
"202400029453";"11";"04";"2024";"18:35";"1";"37";"37195";"2";"1";"1";"6";"PAGNOL (PLACE MARCEL)";"47,38948000";"0,65986000"
"202400029454";"22";"01";"2024";"14:45";"1";"93";"93066";"2";"3";"1";"3";"Boulevard Anatole France / Rue Jules Saulnier";"48,92548000";"2,35067000"
"202400029455";"11";"04";"2024";"16:31";"1";"37";"37122";"2";"1";"1";"2";"RD 86 DE MONTS à TOURS";"47,32944289";"0,66397548"
"202400029456";"22";"01";"2024";"18:30";"5";"93";"93064";"2";"1";"1";"6";"Avenue de la République";"48,86864130";"2,48510680"
"202400029457";"10";"04";"2024";"16:50";"1";"37";"37261";"2";"3";"1";"2";"AUBERDIERE (RUE DE L')";"47,36571000";"0,69866000"
"202400029458";"22";"01";"2024";"16:21";"1";"93";"93062";"2";"2";"1";"6";"Allée du Jardin Anglais / Allee Valere Lefebvre";"48,89795500";"2,51291900"
"202400029459";"10";"04";"2024";"15:31";"1";"37";"37261";"2";"7";"1";"6";"JAURES (PLACE JEAN)";"47,38925000";"0,68911000"
"202400029460";"22";"01";"2024";"12:30";"1";"93";"93049";"2";"2";"2";"3";"Avenue Georges Clémenceau / Rue Paul Vaillant-Couturier";"48,86147981";"2,50399768"
"202400029461";"22";"01";"2024";"13:10";"1";"93";"93006";"2";"1";"2";"3";"Avenue Gambetta";"48,86993000";"2,41652000"
"202400029462";"11";"04";"2024";"13:00";"1";"35";"35051";"2";"1";"1";"3";"FREBARDIERE (RUE DE LA)";"48,10253000";" -1,63092000"
"202400029463";"22";"01";"2024";"21:10";"5";"93";"93008";"2";"9";"1";"6";"Avenue Paul Vaillant - Couturier";"48,90558000";"2,46718000"
"202400029464";"11";"04";"2024";"02:15";"5";"34";"34154";"2";"1";"1";"7";"VINCI (AVENUE LEONARD DE)";"43,58703700";"3,93692800"
"202400029465";"22";"01";"2024";"19:50";"5";"93";"93005";"2";"2";"1";"3";"Avenue Dumont / Avenue du 14 Juillet";"48,92911600";"2,49530000"
"202400029466";"9";"04";"2024";"12:36";"1";"34";"34032";"2";"1";"1";"3";"RIQUET PIERRE PAUL (ALLEES)";"43,34326000";"3,21626000"
"202400029467";"22";"01";"2024";"07:50";"2";"92";"92046";"2";"1";"8";"3";"PIERRE BROSSOLETTE (AVENUE)";"48,81586945";"2,30528086"
"202400029468";"22";"01";"2024";"09:30";"1";"92";"92064";"2";"1";"2";"5";"CARNOT";"48,84981000";"2,22387000"
"202400029469";"10";"04";"2024";"13:55";"1";"29";"29019";"2";"2";"2";"2";"boulevard de l'Europe";"48,41628600";" -4,46832800"
"202400029470";"22";"01";"2024";"17:00";"1";"92";"92063";"2";"9";"1";"2";"MONTBRISON (RUE DU LIEUTENANT COLONEL DE";"48,85890337";"2,19431095"
"202400029471";"22";"01";"2024";"08:20";"1";"92";"92051";"2";"2";"2";"3";"CHATEAU (BOULEVARD DU)";"48,88985697";"2,26847863"
"202400029472";"22";"01";"2024";"18:56";"5";"92";"92050";"2";"1";"1";"6";"BERANGER RUE";"48,89574920";"2,19643933"
"202400029473";"11";"04";"2024";"17:00";"2";"25";"25056";"2";"2";"1";"3";"SANATORIUM CHEMIN DU";"47,23688600";"5,97563400"
"202400029474";"22";"01";"2024";"16:00";"1";"92";"92019";"2";"8";"1";"3";"DIVISION LECLERC (AVENUE DE LA)";"48,76203953";"2,28635967"
"202400029475";"11";"04";"2024";"16:55";"1";"25";"25056";"2";"1";"1";"3";"GRAY ROUTE DE";"47,24400000";"5,99100000"
"202400029476";"22";"01";"2024";"18:53";"5";"92";"92012";"2";"1";"8";"4";"EDOUARD VAILLANT (AVENUE) DEBUT/56 - COT";"48,83486000";"2,24737000"
"202400029477";"10";"04";"2024";"12:50";"1";"24";"24322";"2";"1";"1";"3";"Route de Lyon";"45,17886000";"0,73734000"
"202400029478";"22";"01";"2024";"06:25";"5";"92";"92012";"2";"2";"1";"6";"CHARLES DE GAULLE (AVENUE) COTE IMPAIR";"48,85032203";"2,23777682"
"202400029479";"11";"04";"2024";"18:00";"1";"19";"19031";"2";"1";"9";"1";"ERCKMANN CHATRIAN (AVENUE)";"45,14842199";"1,49603570"
"202400029480";"21";"01";"2024";"20:30";"5";"92";"92036";"1";"1";"1";"5";"PIERRE DE COUBERTIN  ( BD )";"48,92330116";"2,28610843"
"202400029481";"11";"04";"2024";"21:46";"3";"15";"15014";"1";"1";"1";"6";"RD 17";"44,95117000";"2,46553000"
"202400029482";"22";"01";"2024";"18:30";"5";"92";"92002";"2";"1";"1";"3";"JEAN MONNET (AVENUE)";"48,74642000";"2,29663000"
"202400029483";"22";"01";"2024";"13:10";"1";"35";"35126";"2";"7";"1";"6";"Place Saint-martin";"47,96795900";" -1,79520800"
"202400029484";"10";"04";"2024";"08:55";"1";"15";"15014";"2";"2";"1";"5";"RN 122";"44,91379000";"2,43221000"
"202400029485";"22";"01";"2024";"06:50";"3";"47";"47169";"1";"1";"8";"7";"Route de la Peyrigne";"44,13581449";"0,60393476"
"202400029486";"11";"04";"2024";"00:45";"5";"13";"13208";"2";"1";"1";"2";"HENRI FRENAY (ROND-POINT)";"43,25452927";"5,37594896"
"202400029487";"10";"04";"2024";"08:15";"1";"13";"13213";"2";"1";"7";"1";"FRAIS VALLON (AVENUE)";"43,32517303";"5,43387984"
"202400029488";"22";"01";"2024";"20:30";"3";"68";"68300";"1";"1";"2";"4";"RD 55";"47,78234800";"7,43525000"
"202400029489";"18";"01";"2024";"19:05";"3";"01";"01173";"1";"1";"4";"1";"Route de la Faucille";"46,36752400";"6,02243400"
"202400029490";"11";"04";"2024";"12:05";"1";"13";"13004";"2";"2";"1";"3";"AV MARECHAL LYAUTEY";"43,66999108";"4,63379342"
"202400029491";"21";"01";"2024";"11:50";"1";"06";"06095";"2";"1";"1";"7";"74 Chemin de la Blejarde";"43,64937900";"6,88391500"
"202400029492";"10";"04";"2024";"20:00";"1";"10";"10081";"2";"9";"1";"3";"Avenue de Neckarbischofsheim";"48,31107000";"4,03144000"
"202400029493";"23";"01";"2024";"06:50";"3";"60";"60176";"1";"1";"1";"6";"Crépy-en-Valois";"49,21577162";"2,91318771"
"202400029494";"23";"01";"2024";"07:55";"2";"51";"51569";"1";"1";"1";"5";"Route Nationale 31";"49,26227400";"3,94254700"
"202400029495";"10";"04";"2024";"19:40";"1";"10";"10343";"2";"6";"1";"3";"AUGUSTE TERRENOIRE (RUE)";"48,28120000";"4,09990000"
"202400029496";"22";"01";"2024";"10:05";"1";"79";"79195";"2";"1";"2";"6";"N/A";"46,94652000";" -0,59382500"
"202400029497";"11";"04";"2024";"07:45";"2";"06";"06029";"2";"9";"1";"3";"Boulevard du Perier";"43,56592900";"7,00221700"
"202400029498";"18";"01";"2024";"13:30";"1";101;101271";"1";"1";"7";"2";"D161";"41,98058391";"8,82628879"
"202400029499";"11";"04";"2024";"18:25";"1";"01";"01053";"2";"3";"1";"3";"MAIL (AVENUE DU )";"46,20191800";"5,21056800"
"202400029500";"22";"01";"2024";"16:15";"1";"80";"80253";"2";"1";"1";"2";"62 Route de Milly - Hameau de Milly";"50,17022600";"2,36916300"
"202400029501";"10";"04";"2024";"17:10";"1";"75";"75114";"2";"1";"1";"2";"BD PERIPHERIQUE INTERIEUR";"48,82067800";"2,32314500"
"202400029502";"21";"01";"2024";"13:05";"1";"65";"65004";"1";"1";"1";"3";"D821";"43,03753400";" -0,06451400"
"202400029503";"15";"01";"2024";"15:45";"1";"32";"32096";"2";"1";"3";"6";"N524";"43,93203800";" -0,05339200"
"202400029504";"9";"04";"2024";"19:50";"2";"75";"75117";"2";"1";"1";"4";"BD PERIPHERIQUE INTERIEUR";"48,88858800";"2,29359700"
"202400029505";"19";"01";"2024";"09:10";"1";"32";"32088";"1";"1";"1";"6";"route du chateau de batz";"43,72259100";"0,24520800"
"202400029506";"11";"04";"2024";"00:20";"5";"75";"75119";"2";"2";"1";"3";"AVENUE DE LA PORTE DES LILAS";"48,87725600";"2,40681800"
"202400029507";"22";"01";"2024";"16:50";"1";"61";"61448";"2";"2";"1";"3";"Voie Communale";"48,35153400";"0,81028700"
"202400029508";"22";"01";"2024";"14:00";"1";"34";"34300";"1";"1";"1";"1";"D18";"43,41223400";"3,32587500"
"202400029509";"10";"04";"2024";"18:30";"1";"75";"75120";"2";"3";"1";"6";"AVENUE BENOIT FRACHON";"48,85211100";"2,41569400"
"202400029510";"10";"04";"2024";"15:20";"1";"75";"75120";"2";"1";"1";"6";"RUE PELLEPORT";"48,87451000";"2,39791600"
"202400029511";"23";"01";"2024";"05:40";"3";"39";"39103";"1";"1";"1";"5";"N/A";"46,98600500";"5,85320200"
"202400029512";"11";"04";"2024";"14:10";"1";"75";"75119";"2";"4";"8";"6";"AVENUE SIMON BOLIVAR";"48,87605500";"2,38131900"
"202400029513";"23";"01";"2024";"16:35";"1";"66";"66090";"1";"1";"1";"1";"N/A";"42,56186299";"2,29141384"
"202400029514";"11";"04";"2024";"11:20";"1";"75";"75119";"2";"2";"1";"3";"RUE HAXO";"48,87870400";"2,40160200"
"202400029515";"20";"01";"2024";"11:30";"1";"72";"72193";"1";"9";"9";"6";"Lieu Dit Mehisson";"48,09122837";"0,80624700"
"202400029516";"10";"04";"2024";"13:10";"1";"75";"75116";"2";"1";"1";"3";"RUE HENRY DE LA VAULX";"48,83498600";"2,25888000"
"202400029517";"23";"01";"2024";"15:35";"1";"06";"06079";"2";"6";"1";"6";"avenue marechal juin";"43,53679000";"6,93478900"
"202400029518";"11";"04";"2024";"09:40";"1";"75";"75115";"2";"2";"1";"6";"RUE DE DANTZIG";"48,83096200";"2,29643600"
"202400029519";"23";"01";"2024";"10:30";"1";"64";"64005";"1";"1";"1";"1";"D2";"43,36209900";" -0,57253400"
"202400029520";"11";"04";"2024";"23:10";"5";"75";"75113";"2";"2";"1";"3";"RUE DE PATAY";"48,82442800";"2,37640900"
"202400029521";"21";"01";"2024";"10:05";"1";"27";"27304";"2";"1";"1";"6";"39 Rue de la Vallée";"49,21898100";"1,67803800"
"202400029522";"10";"04";"2024";"23:25";"5";"75";"75113";"2";"1";"1";"6";"BOULEVARD DU GENERAL JEAN SIMON";"48,82512200";"2,37971800"
"202400029523";"22";"01";"2024";"10:19";"1";"30";"30133";"2";"6";"1";"3";"N/A";"43,54121475";"4,13355768"
"202400029524";"11";"04";"2024";"14:15";"1";"75";"75112";"2";"2";"1";"1";"RUE DE CHARENTON";"48,83732300";"2,39124000"
"202400029525";"22";"01";"2024";"12:20";"1";"71";"71506";"1";"1";"2";"6";"A39";"46,64815956";"5,40563822"
"202400029526";"11";"04";"2024";"00:01";"5";"75";"75111";"2";"3";"1";"2";"BOULEVARD RICHARD LENOIR";"48,86012400";"2,37265000"
"202400029527";"21";"01";"2024";"00:55";"5";"988";"98817";"2";"3";"1";"6";"RPS1/Rue du Vieux Pont";" -22,23422800";"166,57467000"
"202400029528";"22";"01";"2024";"10:00";"1";"971";"97116";"2";"6";"1";"6";"boulevard rosa parks";"16,32853600";" -61,44902200"
"202400029529";"11";"04";"2024";"10:40";"1";"75";"75110";"2";"7";"1";"6";"PLACE DE STALINGRAD";"48,88383500";"2,36859100"
"202400029530";"22";"01";"2024";"07:10";"5";"78";"78389";"2";"1";"2";"6";"1 Place Louis Valton";"48,80180000";"1,81532400"
"202400029531";"22";"01";"2024";"16:00";"1";"68";"68154";"2";"1";"2";"6";"14 Rue de Berne";"47,77316600";"7,38955000"
"202400029532";"22";"01";"2024";"18:00";"5";"01";"01202";"2";"6";"2";"6";"Avenue Montferrand";"45,89881600";"5,34725200"
"202400029533";"11";"04";"2024";"13:17";"1";"75";"75107";"2";"3";"1";"3";"QUAI D ORSAY";"48,86286900";"2,31520100"
"202400029534";"22";"01";"2024";"17:25";"2";"69";"69159";"1";"3";"2";"3";"Route de Tarare";"45,96532334";"4,67010693"
"202400029535";"23";"01";"2024";"18:20";"5";"69";"69287";"2";"1";"2";"2";"106 Avenue Charles de Gaulle";"45,69616600";"5,01954700"
"202400029536";"11";"04";"2024";"02:18";"5";"75";"75107";"2";"1";"1";"6";"QUAI BRANLY";"48,85944000";"2,29407000"
"202400029537";"23";"01";"2024";"07:10";"3";"17";"17225";"2";"1";"1";"6";"Avenue Pierre Sibard";"45,71302700";" -1,13663400"
"202400029538";"21";"01";"2024";"06:00";"3";"86";"86019";"1";"1";"1";"2";"D910";"46,72714000";"0,43007400"
"202400029539";"16";"01";"2024";"10:50";"1";"29";"29057";"2";"6";"1";"7";"Route de Fouesnant";"47,90645427";" -3,98976712"
"202400029540";"10";"04";"2024";"23:48";"5";"75";"75107";"2";"2";"1";"3";"AVENUE DE LA MOTTE PICQUET";"48,85726400";"2,30993400"
"202400029541";"23";"01";"2024";"03:30";"3";"60";"60612";"1";"1";"1";"2";"D1330";"49,22538559";"2,58188581"
"202400029542";"9";"04";"2024";"21:35";"5";"75";"75107";"2";"7";"1";"3";"PLACE DE L ECOLE MILITAIRE";"48,85441400";"2,30525400"
"202400029543";"10";"04";"2024";"14:51";"1";"75";"75102";"2";"7";"1";"3";"PLACE DE L OPERA";"48,87026000";"2,33240000"
"202400029544";"22";"01";"2024";"17:45";"3";"62";"62503";"1";"1";"1";"5";"A16";"50,86141684";"1,73639903"
"202400029545";"9";"04";"2024";"08:40";"1";"94";"94068";"2";"1";"8";"3";"25 Quai Winston Churchill";"48,79222000";"2,52156000"
"202400029546";"20";"01";"2024";"18:00";"3";"59";"59188";"1";"1";"4";"1";"Rue du Calvaire";"50,19356800";"3,90127800"
"202400029547";"21";"05";"2024";"17:30";"1";"59";"59524";"2";"2";"1";"1";"Rue Gambetta";"50,56409000";"2,89751200"
"202400029548";"11";"04";"2024";"12:05";"1";"94";"94033";"2";"2";"1";"1";"Avenue du Président Roosevelt / Avenue des Marronniers";"48,84300000";"2,46480000"
"202400029549";"17";"01";"2024";"19:30";"3";"13";"13210";"2";"1";"1";"3";"A50-Sens Aubagne vers Marseille";"43,28522000";"5,42149000"
"202400029550";"19";"05";"2024";"20:45";"1";"69";"69266";"1";"1";"1";"3";"Route Départementale 383   ";"45,76319122";"4,90937814"
"202400029551";"3";"01";"2024";"16:15";"1";"67";"67204";"1";"1";"1";"6";"BRETELLE DE SORTIE";"48,62196000";"7,72662000"
"202400029552";"19";"05";"2024";"06:00";"2";"54";"54150";"1";"1";"1";"6";"Autoroute A 31";"48,76572000";"6,14430000"
"202400029553";"11";"04";"2024";"18:20";"1";"94";"94079";"2";"3";"1";"3";"Boulevard Jean Monnet / Parking IKEA";"48,82857000";"2,52843000"
"202400029554";"16";"05";"2024";"14:40";"1";"67";"67447";"1";"1";"1";"2";"M35";"48,61072000";"7,72668000"
"202400029555";"22";"01";"2024";"13:47";"1";"91";"91345";"1";"1";"2";"4";"AUTOROUTE A6";"48,68822400";"2,32507400"
"202400029556";"10";"04";"2024";"18:20";"1";"94";"94055";"2";"3";"1";"3";"Rue d'Amboile / Rue d'Aguesseau";"48,78900743";"2,53145680"
"202400029557";"20";"05";"2024";"10:50";"1";"33";"33063";"1";"1";"1";"4";"N/A";"44,88042000";" -0,53946000"
"202400029558";"22";"01";"2024";"08:10";"1";"78";"78362";"1";"1";"3";"4";"A13";"48,97604900";"1,72158600"
"202400029559";"10";"04";"2024";"14:17";"1";"94";"94018";"2";"3";"1";"2";"Rue de Paris / Rue Félix Langlais";"48,82870000";"2,40242000"
"202400029560";"21";"01";"2024";"13:50";"1";"78";"78029";"1";"1";"1";"6";"A13W";"48,96414600";"1,84457000"
"202400029561";"20";"05";"2024";"18:20";"1";"94";"94017";"1";"1";"2";"5";"A4";"48,82648029";"2,52228801"
"202400029562";"10";"04";"2024";"17:50";"1";"93";"93071";"2";"3";"1";"2";"Avenue John Fitzgerald Kennedy / Rue Charlie Chaplin";"48,93772000";"2,51396000"
"202400029563";"18";"05";"2024";"00:01";"3";"77";"77058";"1";"1";"1";"2";"A4";"48,82883722";"2,73090654"
"202400029564";"10";"04";"2024";"18:14";"1";"93";"93064";"2";"7";"1";"7";"Place Félix Eboué";"48,88267200";"2,48163200"
"202400029565";"21";"01";"2024";"06:00";"3";"78";"78291";"1";"1";"9";"5";"A13";"48,96561800";"1,75098300"
"202400029566";"3";"03";"2024";"14:25";"1";"80";"80001";"2";"1";"1";"6";"AMIENS (d')";"50,10302000";"1,85250000"
"202400029567";"24";"01";"2024";"12:52";"1";"04";"04070";"2";"9";"1";"6";"ARNOUX (R. DU CAP.)";"44,09546000";"6,23555000"
"202400029568";"10";"04";"2024";"21:55";"5";"93";"93050";"2";"1";"1";"6";"Avenue de Verdun";"48,86031200";"2,53690400"
"202400029569";"22";"01";"2024";"10:45";"1";"95";"95607";"1";"1";"2";"2";"A115";"49,02112824";"2,21140244"
"202400029570";"5";"02";"2024";"14:35";"1";"88";"88429";"2";"1";"1";"3";"D 157";"48,05046000";"6,58245000"
"202400029571";"10";"04";"2024";"17:46";"1";"77";"77083";"2";"1";"7";"6";"BEL AIR";"48,85536518";"2,58260697"
"202400029572";"22";"01";"2024";"01:10";"3";"95";"95277";"1";"1";"6";"6";"A3";"48,97442870";"2,48834400"
"202400029573";"17";"05";"2024";"23:45";"5";"987";"98735";"2";"9";"1";"7";"POMARE V (AVENUE)";" -17,53230000";" -149,56734000"
"202400029574";"21";"01";"2024";"04:30";"5";"972";"97209";"2";"1";"2";"6";"CHEVALIER SAINTE-MARTHE (BOULEVARD)";"14,60199000";" -61,06704000"
"202400029575";"10";"04";"2024";"11:20";"1";"93";"93007";"2";"6";"1";"2";"ARISTIDE BRIAND     Z2 (DU 148 AU 232)";"48,94709194";"2,45862007"
"202400029576";"19";"05";"2024";"12:45";"1";"974";"97411";"2";"4";"1";"3";"CHAUDRON  (BLD 1 DU)";" -20,89562000";"55,49489000"
"202400029577";"21";"01";"2024";"04:30";"5";"69";"69149";"2";"1";"8";"3";"Boulevard Emile Zola";"45,71949094";"4,80561627"
"202400029578";"16";"05";"2024";"12:45";"1";"973";"97302";"2";"3";"1";"1";"TROUBIRAN (CHEMIN DE)";"4,92691171";" -52,30349010"
"202400029579";"10";"04";"2024";"21:50";"5";"92";"92063";"2";"2";"1";"3";"DOUMER (AVENUE PAUL) EST";"48,88125927";"2,18426549"
"202400029580";"21";"01";"2024";"15:30";"1";"971";"97101";"1";"1";"1";"1";"PENNEL - DUGAZON (CHEMIN)";"16,24683000";" -61,51375000"
"202400029581";"19";"05";"2024";"17:40";"1";"69";"69034";"2";"1";"1";"2";"18 Cours Aristide Briand";"45,78153000";"4,84272000"
"202400029582";"11";"04";"2024";"23:11";"5";"92";"92020";"2";"1";"1";"2";"PARIS AVENUE DE N°84 A FIN";"48,81057062";"2,29917097"
"202400029583";"21";"01";"2024";"16:00";"1";"91";"91114";"2";"1";"1";"3";"RTE NATIONALE 6";"48,68116000";"2,49290000"
"202400029584";"19";"05";"2024";"19:50";"1";"69";"69381";"2";"1";"1";"1";"22 Rue de l'Annonciade";"45,76960000";"4,82835000"
"202400029585";"21";"01";"2024";"19:30";"3";"84";"84087";"2";"1";"1";"3";"GAULLE (AVENUE CHARLES DE)";"44,13739000";"4,80070000"
"202400029586";"11";"04";"2024";"12:13";"1";"92";"92048";"2";"1";"1";"3";"PEPINIERE (RUE DE LA)";"48,78522021";"2,22530481"
"202400029587";"18";"05";"2024";"23:35";"5";"971";"97101";"1";"1";"1";"3";"MARECHAL LECLERC";"16,25539000";" -61,53009000"
"202400029588";"16";"01";"2024";"20:00";"5";"83";"83050";"2";"1";"1";"6";"TRANS(RUE DE) ";"43,53707096";"6,46808034"
"202400029589";"11";"04";"2024";"21:45";"5";"92";"92036";"2";"3";"1";"6";"ROLLET SALVAN (RUE)";"48,93348000";"2,29963000"
"202400029590";"17";"05";"2024";"16:15";"1";"971";"97113";"2";"4";"1";"3";"GENERAL DE GAULLE (AVENUE)";"16,20637000";" -61,49428000"
"202400029591";"21";"01";"2024";"17:10";"1";"81";"81021";"2";"1";"1";"1";"THORE";"43,50762000";"2,37592000"
"202400029592";"19";"05";"2024";"19:20";"1";101;101004";"1";"1";"1";"7";"Ajaccio";"41,93360200";"8,64822500"
"202400029593";"11";"04";"2024";"09:31";"1";"92";"92026";"2";"1";"1";"3";"COLOMBES";"48,89986579";"2,25648254"
"202400029594";"19";"05";"2024";"09:55";"1";101;101004";"2";"2";"1";"3";"14 Rue Lucien Bonaparte";"41,91202000";"8,72272000"
"202400029595";"20";"01";"2024";"12:00";"1";"81";"81065";"2";"5";"1";"3";"JUIN (ALL. ALPHONSE)";"43,60177000";"2,24058000"
"202400029596";"11";"04";"2024";"17:05";"1";"92";"92025";"2";"1";"1";"6";"CHARLES DE GAULLE (BD)";"48,91435000";"2,22904000"
"202400029597";"19";"05";"2024";"03:20";"5";101;101004";"2";"1";"1";"6";"NICOLI JEAN COURS";"41,93407000";"8,74510000"
"202400029598";"21";"01";"2024";"15:50";"1";"74";"74012";"2";"1";"1";"2";"GENEVE (RUE DE)";"46,19291000";"6,22542000"
"202400029599";"10";"04";"2024";"13:25";"1";"75";"75116";"2";"1";"1";"3";"ANATOLE FRANCE (BOULEVARD) 1/4BIS";"48,85179205";"2,23121130"
"202400029600";"19";"01";"2024";"15:30";"1";"69";"69275";"2";"1";"8";"3";"Avenue Franklin Roosevelt";"45,75874595";"4,93639097"
"202400029601";"19";"05";"2024";"08:00";"1";"91";"91657";"2";"2";"1";"3";" PAUL VAILLANT COUTURIER (AVENUE)";"48,69659000";"2,43595000"
"202400029602";"21";"01";"2024";"19:41";"5";"63";"63113";"2";"3";"1";"1";"JB Dumas / Barbier Daubrée";"45,78650000";"3,09126000"
"202400029603";"14";"05";"2024";"18:10";"1";"88";"88160";"2";"1";"1";"3";"BOURG (RUE LEOPOLD-)";"48,17607000";"6,44737000"
"202400029604";"21";"01";"2024";"01:00";"3";"45";"45232";"1";"1";"1";"2";"D2020 PR 36 + 500";"47,83723000";"1,91555000"
"202400029605";"12";"04";"2024";"16:10";"1";"39";"39364";"1";"1";"1";"1";"N/A";"46,78128300";"5,86918800"
"202400029606";"20";"01";"2024";"16:10";"1";"38";"38151";"2";"1";"1";"3";"HONHOUE (AVE D' )";"45,15110000";"5,70925000"
"202400029607";"19";"05";"2024";"19:30";"1";"84";"84007";"2";"2";"1";"1";"CROIX ROUGE( Avenue de la )";"43,93182000";"4,83023000"
"202400029608";"12";"04";"2024";"14:00";"1";"40";"40304";"2";"2";"1";"3";"2333 Route des Lacs";"43,66534200";" -1,40151900"
"202400029609";"19";"05";"2024";"13:30";"1";"83";"83034";"2";"6";"1";"3";"AVENUE GENERAL DE GAULLE";"43,08810000";"6,07762000"
"202400029610";"21";"01";"2024";"00:26";"5";"37";"37261";"2";"2";"1";"3";"BOYER (RUE LEON)";"47,39286000";"0,67236000"
"202400029611";"12";"04";"2024";"07:40";"1";"17";"17133";"2";"1";"1";"3";"rue du jardin public";"45,59660100";" -0,70961600"
"202400029612";"20";"01";"2024";"14:35";"1";"34";"34172";"2";"1";"1";"7";"MILHAUD (BOULEVARD BENJAMIN)";"43,61064000";"3,85662000"
"202400029613";"19";"05";"2024";"12:50";"1";"78";"78517";"2";"1";"8";"3";"METAIRIE (RUE PIERRE)";"48,62298700";"1,82874000"
"202400029614";"21";"01";"2024";"19:15";"5";"32";"32013";"2";"1";"1";"6";"SADI-CARNOT (BOULEVARD)";"43,64505000";"0,58764000"
"202400029615";"12";"04";"2024";"14:30";"1";"71";"71448";"1";"1";"1";"2";"Autoroute A6 Sens LYON/PARIS PK 379+400";"46,38042200";"4,84722900"
"202400029616";"19";"05";"2024";"16:45";"1";"77";"77377";"1";"1";"1";"2";"RD 471";"48,70778000";"2,69591000"
"202400029617";"21";"01";"2024";"02:05";"3";"25";"25388";"2";"1";"1";"6";"FOCH (AVENUE DU MARECHAL)";"47,51571100";"6,79554200"
"202400029618";"12";"04";"2024";"10:30";"1";"68";"68145";"1";"1";"1";"7";"D415";"48,06564400";"7,39707000"
"202400029619";"21";"01";"2024";"18:10";"1";"22";"22360";"2";"1";"2";"6";"RD700";"48,47816000";" -2,76809000"
"202400029620";"12";"04";"2024";"01:15";"4";"57";"57690";"1";"1";"1";"6";"D910a";"49,07683070";"6,69369260"
"202400029621";"20";"01";"2024";"15:05";"1";"22";"22113";"2";"1";"1";"6";"HERVIOU (RUE YVES MARIE)";"48,74596000";" -3,48490000"
"202400029622";"11";"04";"2024";"18:30";"1";"01";"01427";"2";"1";"1";"3";"572 Route de Lyon";"45,93431900";"4,79265400"