"Num_Acc";"jour";"mois";"an";"hrmn";"lum";"dep";"com";"agg";"int";"atm";"col";"adr";"lat";"long"
"202400029623";"19";"05";"2024";"12:45";"1";"77";"77518";"1";"9";"1";"6";"CARREFOUR(CENTRE COMMERCIAL)";"48,50074000";"2,58286000"
"202400029624";"19";"01";"2024";"16:45";"1";"22";"22113";"1";"1";"4";"6";"ROSPEZ (ROUTE DE)";"48,73341000";" -3,42177000"
"202400029625";"21";"01";"2024";"13:20";"1";"13";"13102";"2";"1";"1";"3";"CHARLES PEGUY (RUE )";"43,41455000";"5,23410000"
"202400029626";"12";"04";"2024";"06:50";"1";"51";"51078";"1";"1";"1";"7";"D21";"49,07897200";"4,35084300"
"202400029627";"18";"05";"2024";"16:15";"1";"76";"76476";"2";"3";"1";"3";"DUFY  RAOUL (RUE)";"49,48630099";"0,58686205"
"202400029628";"21";"01";"2024";"17:05";"1";"13";"13075";"2";"1";"1";"2";"FREDERIC MISTRAL (AVE)";"43,35185200";"5,47583100"
"202400029629";"19";"05";"2024";"02:35";"3";"71";"71040";"1";"1";"5";"7";"MONTCHEVRIER (CHEMIN DE)";"46,68335000";"4,41312000"
"202400029630";"11";"04";"2024";"15:20";"1";"38";"38239";"1";"1";"1";"1";"Rue Vincent Martin";"45,32490900";"5,58263700"
"202400029631";"10";"04";"2024";"17:02";"1";"72";"72008";"2";"1";"1";"2";"Boulevard Pierre Lefaucheux";"47,95339600";"0,18000800"
"202400029632";"20";"01";"2024";"14:30";"1";"13";"13209";"2";"1";"1";"3";"LUDOVIC LEGRE (AVENUE)";"43,25091907";"5,39818345"
"202400029633";"18";"05";"2024";"17:50";"1";"71";"71270";"2";"3";"1";"3";"Route de Lyon";"46,28484000";"4,80728000"
"202400029634";"10";"04";"2024";"10:53";"1";"72";"72350";"2";"7";"1";"6";"Place de Verdun";"47,88737500";"0,26944400"
"202400029635";"21";"01";"2024";"22:00";"3";"13";"13001";"1";"1";"1";"2";"RD 543";"43,52992000";"5,35142000"
"202400029636";"20";"05";"2024";"01:05";"5";"69";"69286";"2";"1";"1";"6";"Route de Strasbourg";"45,82038000";"4,89585000"
"202400029637";"19";"05";"2024";"03:15";"4";"69";"69266";"2";"1";"1";"2";"Boulevard Laurent Bonnevay";"45,78754000";"4,88260000"
"202400029638";"21";"01";"2024";"17:30";"5";"75";"75118";"2";"1";"1";"2";"BD PERIPHERIQUE INTERIEUR";"48,90101300";"2,34940700"
"202400029639";"11";"04";"2024";"19:05";"1";"76";"76295";"1";"1";"1";"1";"D919";"49,65821100";"1,65910700"
"202400029640";"1";"09";"2024";"01:00";"5";"33";"33318";"2";"1";"2";"6";"N/A";"44,81224000";" -0,64305000"
"202400029641";"18";"05";"2024";"12:30";"1";"69";"69266";"2";"2";"3";"1";"Boulevard Laurent Bonnevay";"45,78757888";"4,88125870"
"202400029642";"21";"01";"2024";"05:30";"5";"75";"75115";"2";"1";"2";"2";"QUAI D ISSY LES MOULINEAUX";"48,83491400";"2,26539700"
"202400029643";"12";"04";"2024";"15:00";"1";"76";"76509";"1";"1";"1";"5";"D61";"49,49579700";"1,19685400"
"202400029644";"1";"09";"2024";"13:20";"1";"33";"33063";"2";"1";"8";"3";"N/A";"44,84344000";" -0,58334000"
"202400029645";"18";"05";"2024";"11:55";"1";"68";"68066";"2";"1";"1";"6";"STRASBOURG (ROUTE DE)";"48,10875000";"7,36359000"
"202400029646";"20";"01";"2024";"17:25";"5";"75";"75112";"2";"1";"1";"2";"BD PERIPHERIQUE EXTERIEUR";"48,83017100";"2,40218800"
"202400029647";"10";"04";"2024";"09:30";"1";101;101324";"1";"1";"2";"7";"RT 20";"42,07479800";"8,99512100"
"202400029648";"19";"05";"2024";"20:30";"2";"64";"64335";"2";"1";"2";"7";"NOVELLA";"43,32339000";" -0,42056000"
"202400029649";"31";"08";"2024";"17:15";"1";"33";"33200";"2";"3";"1";"3";"N/A";"44,86325500";" -0,66595800"
"202400029650";"12";"04";"2024";"12:00";"1";"71";"71340";"2";"3";"1";"2";"5 rue du plan d'eau";"46,56242200";"4,22484100"
"202400029651";"19";"01";"2024";"17:05";"1";"75";"75112";"2";"1";"4";"3";"PORTE DE CHARENTON";"48,83134400";"2,40407800"
"202400029652";"19";"05";"2024";"15:25";"1";"63";"63113";"2";"2";"1";"3";"rue de la Cerisiere /  rue de Marmillat";"45,79410148";"3,11244607"
"202400029653";"12";"04";"2024";"05:00";"3";"71";"71582";"1";"1";"1";"6";"route de montceau (La Vineuse)";"46,46919880";"4,62090829"
"202400029654";"18";"05";"2024";"17:35";"1";"62";"62764";"2";"1";"1";"6";"Rue Mediolanaise";"50,30491000";"2,79200000"
"202400029655";"1";"09";"2024";"17:40";"1";"33";"33529";"2";"6";"1";"7";"N/A";"44,63085000";" -1,20192000"
"202400029656";"19";"05";"2024";"22:15";"5";"59";"59152";"2";"1";"1";"6";"FLANDRE (RUE DE)";"50,75250000";"3,00760000"
"202400029657";"12";"04";"2024";"19:00";"1";"63";"63125";"1";"1";"1";"1";"D304";"45,73303379";"3,52826716"
"202400029658";"19";"01";"2024";"16:10";"1";"75";"75117";"2";"4";"1";"3";"PORTE DE CLICHY";"48,89780219";"2,31314152"
"202400029659";"12";"04";"2024";"12:40";"1";"49";"49336";"1";"1";"1";"7";"D171";"47,04841400";" -0,62242300"
"202400029660";"19";"05";"2024";"19:40";"1";"59";"59599";"2";"2";"1";"3";"Rue du Roitelet";"50,73718000";"3,17098000"
"202400029661";"21";"01";"2024";"16:15";"1";"75";"75117";"2";"2";"1";"7";"BOULEVARD D AURELLE DE PALADINES";"48,88260100";"2,28275500"
"202400029662";"12";"04";"2024";"19:10";"1";"12";"12167";"1";"1";"1";"6";"lieu-dit Les Pelayries";"44,23065600";"1,96477200"
"202400029663";"19";"05";"2024";"21:45";"2";"59";"59512";"2";"9";"1";"3";"Pierre de ROUBAIX (rue)";"50,68784000";"3,18938000"
"202400029664";"12";"04";"2024";"07:01";"2";"44";"44061";"1";"1";"8";"6";"La Ville Aubert";"47,23737740";" -1,94459170"
"202400029665";"20";"01";"2024";"00:30";"5";"75";"75117";"2";"3";"1";"7";"AVENUE MAC MAHON";"48,87791100";"2,29438500"
"202400029666";"12";"04";"2024";"15:10";"1";"38";"38029";"2";"1";"1";"3";"653 Route de Lyon";"45,57732400";"5,51992000"
"202400029667";"19";"05";"2024";"15:45";"1";"59";"59560";"2";"6";"1";"1";"Avenue de l'Épinette";"50,55752000";"3,05876000"
"202400029668";"21";"01";"2024";"15:25";"1";"75";"75115";"2";"1";"1";"1";"QUAI ANDRE CITROEN";"48,84724500";"2,27919200"
"202400029669";"1";"09";"2024";"12:30";"1";"31";"31555";"2";"4";"1";"3";"ALL CHARLES DE FITTE";"43,60104000";"1,42863000"
"202400029670";"19";"05";"2024";"16:15";"1";"59";"59009";"2";"1";"7";"7";"Rue Elisee Reclus";"50,60763000";"3,13312000"
"202400029671";"12";"04";"2024";"15:00";"1";"02";"02286";"2";"3";"1";"1";"13 Route du Grand Wez";"49,98296500";"3,77901800"
"202400029672";"21";"01";"2024";"15:20";"1";"75";"75112";"2";"1";"1";"3";"AVENUE LEDRU ROLLIN";"48,85002300";"2,37481400"
"202400029673";"19";"05";"2024";"14:50";"1";"59";"59350";"2";"1";"1";"1";"Rue de Wazemmes";"50,62307000";"3,05643000"
"202400029674";"21";"01";"2024";"15:45";"1";"75";"75110";"2";"1";"1";"6";"RUE DU FAUBOURG SAINT MARTIN";"48,87667000";"2,36089300"
"202400029675";"11";"04";"2024";"16:45";"1";"72";"72146";"1";"9";"1";"3";"Lieu-dit ""la belle étoile""";"47,90008790";"0,15842294"
"202400029676";"17";"05";"2024";"13:30";"1";"59";"59410";"2";"1";"1";"6";"8 MAI 1945 RUE DU";"50,63743500";"3,11524100"
"202400029677";"19";"05";"2024";"17:28";"1";"56";"56260";"2";"1";"1";"7";"Rue de l'Amiral Ronarc'H";"47,63940000";" -2,77136000"
"202400029678";"1";"09";"2024";"23:10";"3";"18";"18033";"1";"1";"1";"2";"Avenue d'Issoudun";"47,05740000";"2,35881000"
"202400029679";"12";"04";"2024";"18:10";"1";"14";"14610";"2";"1";"1";"1";"22 Rue de Bouliesse";"49,18564500";" -0,50347700"
"202400029680";"21";"01";"2024";"07:14";"5";"75";"75110";"2";"3";"1";"3";"BOULEVARD DE MAGENTA";"48,87326400";"2,35876700"
"202400029681";"21";"01";"2024";"18:50";"5";"75";"75116";"2";"1";"1";"6";"AVENUE RAPHAEL";"48,86098300";"2,26793000"
"202400029682";"12";"04";"2024";"09:16";"1";"73";"73010";"2";"1";"1";"3";"D991C - Rue de la Chambotte";"45,78580200";"5,94508700"
"202400029683";"19";"05";"2024";"14:45";"1";"54";"54395";"2";"2";"1";"3";"Rue Jeanne d'Arc";"48,68342889";"6,17344201"
"202400029684";"21";"01";"2024";"06:35";"5";"75";"75101";"2";"1";"1";"6";"QUAI DES TUILERIES";"48,86311700";"2,32336000"
"202400029685";"11";"04";"2024";"21:15";"5";"10";"10268";"2";"1";"1";"2";"Aiguillage";"48,50280000";"3,49860000"
"202400029686";"20";"01";"2024";"00:25";"5";"75";"75104";"2";"3";"1";"1";"PLACE DE LA BASTILLE";"48,85382000";"2,36820000"
"202400029687";"19";"05";"2024";"14:50";"1";"31";"31555";"2";"3";"2";"2";"AV DE LATTRE DE TASSIGNY";"43,58127700";"1,43845900"
"202400029688";"1";"09";"2024";"12:58";"1";"14";"14333";"2";"3";"1";"3";"10 Rue Montpensier";"49,41938000";"0,23303000"
"202400029689";"19";"05";"2024";"10:55";"1";"31";"31483";"2";"1";"1";"6";"GAMBETTA (BOULEVARD)";"43,10501500";"0,72841500"
"202400029690";"11";"04";"2024";"23:30";"5";"85";"85234";"2";"6";"1";"7";"291 Route de Notre-Dame-de-Monts";"46,81176900";" -2,11680500"
"202400029691";"21";"01";"2024";"21:26";"5";"94";"94046";"2";"2";"8";"1";"Rue du Maréchal de Lattre de Tassigny / Rue de la Belle Image";"48,81221979";"2,43480675"
"202400029692";"1";"09";"2024";"22:00";"3";"14";"14437";"2";"1";"1";"7";"D613";"49,16286000";" -0,30273000"
"202400029693";"18";"05";"2024";"09:30";"1";"22";"22113";"1";"1";"1";"2";"TREBEURDEN (ROUTE DE)";"48,75233957";" -3,50953717"
"202400029694";"12";"04";"2024";"14:40";"1";"28";"28323";"1";"2";"1";"3";"D 20";"48,65910800";"1,20510600"
"202400029695";"21";"01";"2024";"02:30";"5";"94";"94046";"2";"2";"1";"3";"Avenue du Général Leclerc / Avenue de la République";"48,80577000";"2,44092000"
"202400029696";"12";"04";"2024";"17:10";"1";"48";"48105";"1";"1";"1";"3";"D26";"44,76788200";"3,76908300"
"202400029697";"17";"05";"2024";"08:45";"1";"17";"17306";"2";"6";"2";"3";"REGAZZONI (AVENUE CHARLES)";"45,63778000";" -1,03976000"
"202400029698";"1";"09";"2024";"06:15";"4";"13";"13206";"2";"1";"1";"2";"ARMENY (RUE D')";"43,29091016";"5,37970864"
"202400029699";"21";"01";"2024";"19:20";"5";"94";"94003";"2";"2";"8";"2";"Avenue du General Malleret Joinville / Avenue Paul Vaillant-Couturier";"48,80210300";"2,33894500"
"202400029700";"11";"04";"2024";"12:30";"1";"88";"88486";"2";"1";"1";"1";"Rue d'Ouffet";"48,00496200";"6,71773200"
"202400029701";"1";"09";"2024";"15:30";"1";"13";"13209";"2";"1";"1";"1";"COL DE LA GINESTE D559";"43,23982000";"5,45652000"
"202400029702";"11";"04";"2024";"11:05";"1";"44";"44069";"1";"1";"1";"1";"Route de Herbignac";"47,35083000";" -2,42230000"
"202400029703";"11";"04";"2024";"14:00";"1";"63";"63014";"1";"9";"1";"6";"A75 diffuseur 2 sortie Paris -Aubière  (sens 1)";"45,74437700";"3,14505100"
"202400029704";"31";"08";"2024";"11:20";"1";"12";"12145";"2";"1";"1";"1";"LAURET EMILE (BOULEVARD)";"44,10706329";"3,08288097"
"202400029705";"19";"05";"2024";"22:50";"5";"13";"13214";"2";"3";"1";"3";"Louis VILLECROZE (Bld)";"43,32240000";"5,39220000"
"202400029706";"20";"01";"2024";"16:20";"1";"94";"94073";"2";"2";"1";"3";"Avenue de Versailles / rue simone veil";"48,75825000";"2,39294000"
"202400029707";"11";"04";"2024";"18:10";"1";"69";"69204";"1";"1";"1";"1";"Route de Brignais";"45,71415100";"4,77462200"
"202400029708";"19";"05";"2024";"07:00";"1";"13";"13211";"2";"9";"1";"3";"COMMANDANT DE ROBIEN (RUE)";"43,28987533";"5,48696437"
"202400029709";"21";"01";"2024";"20:05";"5";"93";"93031";"2";"2";"1";"3";"Rue de Paris / Avenue de Lattre de Tassigny";"48,95280000";"2,31552000"
"202400029710";"12";"04";"2024";"10:40";"1";"91";"91111";"1";"1";"1";"2";"Autoroute A10 PK 006+700 sens 2 vers PARIS";"48,62430800";"2,13676500"
"202400029711";"31";"08";"2024";"16:45";"1";"09";"09122";"2";"1";"1";"2";"CROS (cours Irénée)";"42,96845000";"1,60818000"
"202400029712";"18";"05";"2024";"16:40";"1";"13";"13001";"1";"9";"1";"2";"RD9";"43,48726000";"5,36162000"
"202400029713";"20";"01";"2024";"23:52";"5";"92";"92078";"2";"2";"1";"3";"VERDUN (AVENUE) (IMPAIRS 1 A 25)";"48,93500445";"2,32638127"
"202400029714";"1";"09";"2024";"23:40";"5";"06";"06088";"2";"2";"1";"3";"60 Boulevard Général Louis Delfino";"43,70383000";"7,28994000"
"202400029715";"20";"05";"2024";"00:05";"5";"06";"06088";"2";"3";"1";"3";"29 Avenue Thiers";"43,70281000";"7,25910000"
"202400029716";"11";"04";"2024";"17:50";"1";"971";"97118";"2";"3";"1";"5";"Chemin de Clede";"16,20033400";" -61,62024400"
"202400029717";"18";"05";"2024";"07:30";"1";"04";"04070";"2";"3";"1";"7";"GAMBETTA (BD)";"44,08511000";"6,22689000"
"202400029718";"1";"09";"2024";"10:00";"1";"03";"03101";"2";"1";"1";"1";"Rue Jean Moulin";"46,36716000";"2,56841000"
"202400029719";"21";"01";"2024";"19:55";"5";"92";"92046";"2";"2";"1";"6";"FABIEN (BOULEVARD DU COLONEL)";"48,81281842";"2,27967001"
"202400029720";"11";"04";"2024";"08:20";"1";"13";"13005";"1";"2";"1";"3";"D396";"43,30874000";"5,60804300"
"202400029721";"17";"05";"2024";"08:49";"1";"03";"03190";"2";"2";"7";"3";"Boulevard de Courtais";"46,56164000";"3,33520000"
"202400029722";"11";"04";"2024";"16:25";"1";"52";"52280";"1";"9";"1";"6";"Rue de l'Ormeau ";"47,86187700";"5,43167200"
"202400029723";"19";"05";"2024";"05:45";"3";"03";"03185";"2";"1";"1";"6";"Rue Pablo Picasso";"46,34681000";"2,60363000"
"202400029724";"1";"09";"2024";"17:30";"1";"75";"75116";"2";"1";"1";"2";"PORTE MAILLOT";"48,87059700";"2,27235200"
"202400029725";"21";"01";"2024";"20:45";"5";"92";"92024";"2";"6";"1";"2";"CLICHY (QUAI DE) DE (104 A 202)";"48,91061794";"2,30598718"
"202400029726";"11";"04";"2024";"17:30";"1";"88";"88412";"1";"1";"1";"3";"D159bis";"48,36046900";"6,74459700"
"202400029727";"19";"05";"2024";"13:45";"1";"01";"01053";"2";"3";"1";"6";"SEMARD (AVENUE PIERRE)";"46,20226000";"5,21496000"
"202400029728";"19";"05";"2024";"20:10";"1";"75";"75114";"2";"1";"1";"3";"BD PERIPHERIQUE EXTERIEUR";"48,82256100";"2,31416900"
"202400029729";"1";"09";"2024";"06:30";"5";"75";"75117";"2";"1";"1";"6";"PORTE MAILLOT";"48,87927300";"2,28152900"
"202400029730";"12";"04";"2024";"14:30";"1";"63";"63247";"1";"1";"7";"7";"D5 murol";"45,57669601";"2,93949484"
"202400029731";"19";"05";"2024";"03:15";"4";"75";"75119";"2";"1";"1";"2";"BD PERIPHERIQUE INTERIEUR";"48,90018800";"2,37926900"
"202400029732";"18";"01";"2024";"18:05";"5";"01";"01244";"2";"6";"2";"6";"52 Rue de Lyon";"45,90141800";"5,18950600"
"202400029733";"12";"04";"2024";"16:00";"1";"42";"42324";"1";"1";"1";"6";"Rue de la Rive";"45,55042000";"4,24469800"
"202400029734";"18";"05";"2024";"18:50";"1";"75";"75113";"2";"1";"2";"3";" BD PERIPHERIQUE EXTERIEUR";"48,81735600";"2,35456600"
"202400029735";"12";"04";"2024";"18:00";"1";"42";"42046";"1";"1";"1";"6";"Route de Chalain";"45,63782800";"4,06809700"
"202400029736";"21";"01";"2024";"16:40";"1";"43";"43189";"1";"1";"1";"2";"D9";"45,28125511";"3,89380834"
"202400029737";"12";"04";"2024";"16:30";"1";"69";"69121";"1";"3";"1";"1";"Route de Lyon";"45,85670304";"4,69901462"
"202400029738";"20";"01";"2024";"16:00";"1";"33";"33081";"2";"1";"7";"3";"N/A";"44,63602700";" -0,32381400"
"202400029739";"30";"08";"2024";"14:35";"1";"75";"75118";"2";"4";"2";"4";"Boulevard Périphérique Intérieur";"48,90067334";"2,36660421"
"202400029740";"19";"05";"2024";"16:03";"1";"75";"75110";"2";"2";"1";"3";"BOULEVARD DE LA CHAPELLE";"48,88427400";"2,36150400"
"202400029741";"11";"04";"2024";"12:15";"1";"64";"64422";"2";"1";"1";"1";"24 Avenue Sadi Carnot";"43,19387100";" -0,61130200"
"202400029742";"21";"01";"2024";"15:00";"1";"31";"31547";"1";"2";"1";"3";"D50";"43,50428600";"1,24834300"
"202400029743";"18";"05";"2024";"12:20";"1";"75";"75115";"2";"2";"1";"3";"BOULEVARD PASTEUR";"48,84302000";"2,31279000"
"202400029744";"1";"09";"2024";"15:10";"1";"75";"75118";"2";"2";"1";"6";"RUE DE LA CHAPELLE";"48,89024942";"2,35991746"
"202400029745";"12";"04";"2024";"03:05";"3";"33";"33114";"1";"9";"1";"2";"N/A";"45,08826700";" -0,38253700"
"202400029746";"22";"01";"2024";"08:35";"2";"44";"44173";"1";"1";"2";"1";"les Sensives";"47,07125800";" -1,38368200"
"202400029747";"19";"05";"2024";"00:30";"5";"75";"75117";"2";"3";"1";"6";"RUE DE LA JONQUIERE";"48,89414100";"2,32092700"
"202400029748";"10";"04";"2024";"13:00";"1";"14";"14354";"2";"1";"1";"1";"26 Rue du Moulin";"49,32256300";" -0,36598700"
"202400029749";"21";"01";"2024";"10:00";"1";"972";"97229";"2";"3";"1";"3";"La Démarche";"14,62752100";" -61,11405700"
"202400029750";"11";"04";"2024";"20:20";"1";"60";"60241";"1";"1";"1";"7";"1 route departementale 126";"49,12792600";"2,63800100"
"202400029751";"1";"09";"2024";"15:55";"1";"75";"75117";"2";"1";"1";"2";"RUE LEGENDRE";"48,88741100";"2,31980300"
"202400029752";"18";"05";"2024";"17:40";"1";"75";"75116";"2";"3";"1";"6";"RUE DUFRENOY";"48,86670100";"2,27169500"
"202400029753";"21";"01";"2024";"05:30";"3";"61";"61497";"1";"1";"9";"6";"A28 PK 161+530";"48,46291900";"0,12401400"
"202400029754";"5";"04";"2024";"09:40";"1";"59";"59092";"2";"1";"1";"6";"Rue Léon Piérard";"50,28455500";"3,31649800"
"202400029755";"18";"05";"2024";"22:30";"5";"75";"75116";"2";"3";"1";"6";"ALLEE DU BORD DE L EAU";"48,85338200";"2,22637500"
"202400029756";"1";"09";"2024";"16:05";"1";"75";"75114";"2";"1";"1";"3";"BOULEVARD BRUNE";"48,82636100";"2,31108600"
"202400029757";"11";"04";"2024";"18:10";"1";"13";"13213";"2";"1";"1";"2";"A507 sens Marseille - Aubagne";"43,32999602";"5,39574649"
"202400029758";"19";"05";"2024";"16:15";"1";"75";"75115";"2";"3";"1";"6";"RUE DE LA FEDERATION";"48,85279600";"2,29831400"
"202400029759";"22";"01";"2024";"11:00";"1";"56";"56243";"2";"1";"1";"3";"Rue du verger";"47,65196000";" -2,73338000"
"202400029760";"10";"04";"2024";"19:20";"1";"13";"13212";"2";"1";"1";"2";"A507 sens Marseille - Aubagne";"43,30115228";"5,42525078"
"202400029761";"21";"01";"2024";"12:50";"1";"76";"76689";"1";"9";"1";"7";"Route de Bois-Mare";"49,72255100";"0,52238700"
"202400029762";"31";"08";"2024";"16:30";"1";"75";"75114";"2";"1";"1";"3";"AVENUE DU GENERAL LECLERC";"48,82555100";"2,32609200"
"202400029763";"19";"05";"2024";"05:47";"3";"75";"75113";"2";"1";"1";"6";"RUE DU CHATEAU DES RENTIERS";"48,82955300";"2,36381900"
"202400029764";"11";"04";"2024";"08:40";"1";"13";"13211";"1";"1";"1";"2";"A50-Sens Marseille vers Aubagne";"43,29470359";"5,46192848"
"202400029765";"22";"01";"2024";"07:30";"3";"89";"89273";"1";"1";"2";"6";"D85";"47,61480700";"3,17285500"
"202400029766";"19";"05";"2024";"14:45";"1";"75";"75110";"2";"2";"1";"3";"BOULEVARD DE STRASBOURG";"48,86933700";"2,35425700"
"202400029767";"22";"01";"2024";"03:00";"3";"46";"46175";"1";"1";"1";"7";"RD 18";"44,61242700";"1,98492300"
"202400029768";"10";"04";"2024";"16:15";"1";"13";"13215";"1";"1";"1";"4";"A55-Sens Martigues vers Marseille";"43,33271000";"5,35408000"
"202400029769";"1";"09";"2024";"03:00";"5";"75";"75112";"2";"1";"1";"3";"QUAI DE LA RAPEE";"48,84548000";"2,36666000"
"202400029770";"21";"01";"2024";"00:55";"3";"86";"86177";"1";"1";"1";"6";"D347";"46,66910400";"0,27453500"
"202400029771";"10";"04";"2024";"18:00";"1";"67";"67482";"1";"1";"7";"7";"M352";"48,57061000";"7,73030000"
"202400029772";"19";"05";"2024";"01:37";"5";"75";"75102";"2";"3";"1";"3";"BOULEVARD DE SEBASTOPOL";"48,86893600";"2,35399000"
"202400029773";"31";"08";"2024";"23:00";"5";"75";"75112";"2";"1";"2";"6";"QUAI DE LA RAPEE";"48,84132800";"2,37291400"
"202400029774";"18";"05";"2024";"22:05";"5";"75";"75104";"2";"2";"1";"3";"BOULEVARD DU PALAIS";"48,85604000";"2,34641000"
"202400029775";"10";"04";"2024";"09:35";"1";"67";"67218";"1";"1";"1";"4";"M35";"48,54292000";"7,72362000"
"202400029776";"21";"01";"2024";"17:20";"2";"38";"38422";"1";"1";"1";"7";"Casserousse (Parking)";"45,14144938";"5,88809646"
"202400029777";"19";"05";"2024";"05:25";"2";"94";"94074";"2";"3";"1";"3";"Avenue Henri Barbusse / Rue de la Ferme de la Tour";"48,77048000";"2,44039000"
"202400029778";"22";"01";"2024";"04:00";"5";"03";"03264";"2";"2";"1";"6";"Avenue de Thiers";"46,06559500";"3,46517300"
"202400029779";"10";"04";"2024";"08:15";"1";"67";"67482";"1";"1";"1";"2";"Bretelle échangeur";"48,58412000";"7,72469000"
"202400029780";"1";"09";"2024";"15:25";"1";"75";"75111";"2";"2";"1";"3";"BOULEVARD DE CHARONNE";"48,85128423";"2,39822477"
"202400029781";"22";"01";"2024";"10:49";"1";"15";"15122";"2";"1";"2";"6";"RN 122";"44,71143500";"2,19794700"
"202400029782";"11";"04";"2024";"18:05";"1";"77";"77384";"1";"1";"1";"7";"AUTOROUTE A5A";"48,59469200";"2,61472400"
"202400029783";"19";"05";"2024";"23:15";"5";"94";"94076";"2";"3";"1";"3";"Rue de Chevilly / Rue de l'Epi d'Or";"48,78540000";"2,35448200"
"202400029784";"19";"01";"2024";"09:45";"1";"01";"01034";"2";"2";"1";"6";"Avenue Charles de Gaulle";"45,75937100";"5,69080800"
"202400029785";"11";"04";"2024";"01:38";"3";"91";"91689";"1";"1";"1";"2";"AUTOROUTE A6A";"48,74588000";"2,32493000"
"202400029786";"19";"05";"2024";"17:15";"1";"94";"94003";"2";"3";"1";"2";"Allée Paul Doumer / Avenue François Vincent Raspail";"48,80562900";"2,33873500"
"202400029787";"31";"08";"2024";"23:55";"5";"75";"75108";"2";"2";"8";"3";"BOULEVARD HAUSSMANN";"48,87503100";"2,30919700"
"202400029788";"17";"01";"2024";"11:00";"1";"72";"72054";"2";"1";"2";"6";"24 Rue Jacques Guède";"48,02383665";"0,33367217"
"202400029789";"11";"04";"2024";"13:35";"1";"92";"92036";"1";"1";"1";"2";"AUTOROUTE A86";"48,93827869";"2,31217146"
"202400029790";"19";"05";"2024";"17:55";"1";"94";"94028";"2";"2";"1";"6";"Avenue des Compagnons de la Libération / Rue Jean Moulin";"48,77754552";"2,45751473"
"202400029791";"22";"01";"2024";"10:30";"1";"43";"43020";"1";"1";"1";"6";"RD12 - route de Monistrol";"45,29420308";"4,13876513"
"202400029792";"11";"04";"2024";"20:00";"1";"94";"94017";"1";"1";"1";"6";"A4";"48,82909642";"2,48067967"
"202400029793";"19";"05";"2024";"17:50";"1";"94";"94022";"2";"3";"1";"6";"Passage Bertrand";"48,77222000";"2,40156000"
"202400029794";"21";"01";"2024";"18:00";"3";"10";"10353";"1";"1";"1";"1";"D619";"48,44710482";"3,90632596"
"202400029795";"11";"04";"2024";"18:35";"1";"94";"94069";"1";"1";"1";"2";"A4";"48,81731064";"2,43546724"
"202400029796";"1";"09";"2024";"00:25";"5";"75";"75102";"2";"4";"1";"3";"AVENUE DE L OPERA";"48,86869400";"2,33314600"
"202400029797";"22";"01";"2024";"19:26";"5";"07";"07010";"2";"6";"1";"7";"Rue du Docteur Reybard";"45,24026700";"4,69769600"
"202400029798";"19";"05";"2024";"18:20";"1";"93";"93078";"2";"3";"1";"1";"Avenue du President Rene Coty / Avenue de l’Europe";"48,95691000";"2,55721000"
"202400029799";"11";"04";"2024";"15:05";"1";"94";"94018";"1";"1";"1";"4";"A4";"48,82253799";"2,39690691"
"202400029800";"1";"09";"2024";"11:30";"1";"94";"94069";"2";"1";"1";"6";"Chemin du Halage";"48,81542900";"2,45522200"
"202400029801";"22";"01";"2024";"07:40";"3";"40";"40284";"2";"1";"1";"6";"119 Avenue Nationale";"43,65948400";" -1,30801300"
"202400029802";"22";"01";"2024";"07:30";"5";"85";"85149";"1";"1";"3";"6";"RD 137";"46,41686100";" -1,08189000"
"202400029803";"10";"04";"2024";"17:15";"1";"94";"94028";"1";"1";"1";"3";"A86";"48,80301088";"2,44831306"
"202400029804";"19";"05";"2024";"17:30";"1";"93";"93071";"2";"2";"1";"3";"Avenue Hoche / Chemin de la Voirie des Trèfles";"48,93014125";"2,52864057"
"202400029805";"1";"09";"2024";"10:00";"1";"94";"94075";"2";"1";"1";"3";"49 bis Route de la Grange";"48,73277900";"2,51321700"
"202400029806";"21";"01";"2024";"16:30";"1";"17";"17261";"1";"1";"1";"7";"N/A";"45,82479200";" -0,15256400"
"202400029807";"10";"04";"2024";"10:15";"1";"77";"77363";"1";"1";"1";"2";"A104";"48,92869685";"2,62840045"
"202400029808";"19";"05";"2024";"21:05";"1";"93";"93050";"2";"2";"1";"3";"Rue Paul et Camille Thomoux / Rue du Roussillon";"48,86528000";"2,52944000"
"202400029809";"31";"08";"2024";"22:30";"5";"93";"93077";"2";"1";"2";"2";"Avenue de Rosny";"48,88519104";"2,50364220"
"202400029810";"21";"01";"2024";"06:00";"1";"987";"98734";"2";"1";"1";"2";"PK 39+200";" -17,75948012";" -149,51451391"
"202400029811";"10";"04";"2024";"12:30";"1";"976";"97611";"2";"1";"1";"3";"mamoudzou centre-Haladi Selemani ( rue )";" -12,77898000";"45,22581000"
"202400029812";"19";"05";"2024";"14:55";"1";"93";"93050";"2";"3";"1";"1";"Avenue du Maréchal Leclerc / Rue du General Donzelot";"48,86058857";"2,54031909"
"202400029813";"1";"09";"2024";"10:00";"1";"93";"93048";"2";"1";"1";"6";"Boulevard Aristide Briand";"48,87253367";"2,45329238"