"Num_Acc";"jour";"mois";"an";"hrmn";"lum";"dep";"com";"agg";"int";"atm";"col";"adr";"lat";"long"
"202400029814";"19";"05";"2024";"06:40";"1";"93";"93031";"2";"1";"1";"6";"Avenue Joffre";"48,95702400";"2,30363600"
"202400029815";"18";"01";"2024";"16:20";"1";"31";"31424";"2";"2";"1";"6";"25 avenue des pyrénées";"43,56427205";"1,29347116"
"202400029816";"9";"04";"2024";"11:20";"1";"974";"97416";"1";"1";"7";"5";"RN3 (1)";" -21,33185000";"55,46497000"
"202400029817";"31";"08";"2024";"21:40";"5";"93";"93013";"2";"1";"2";"6";"Rue Rigaud";"48,93305000";"2,42284000"
"202400029818";"25";"07";"2024";"22:50";"5";"25";"25388";"2";"1";"1";"6";"HELVETIE (AVENUE D')";"47,50857000";"6,80676000"
"202400029819";"19";"05";"2024";"15:30";"1";"93";"93057";"2";"1";"1";"1";"Avenue du Général Leclerc";"48,90979600";"2,49683000"
"202400029820";"19";"01";"2024";"00:01";"5";"35";"35353";"2";"2";"1";"3";"N24";"48,10492610";" -1,74007505"
"202400029821";"10";"04";"2024";"15:30";"1";"974";"97411";"2";"4";"1";"3";"GAULLE (DU GENERAL DE)";" -20,88542000";"55,45790000"
"202400029822";"31";"08";"2024";"14:10";"1";"93";"93008";"2";"1";"1";"3";"Rue de la République";"48,90669840";"2,43120074"
"202400029823";"18";"05";"2024";"20:45";"1";"92";"92078";"2";"4";"1";"1";"CHARLES DE GAULLE (BD) (15 AU 69)";"48,93977226";"2,32520449"
"202400029824";"24";"07";"2024";"18:22";"1";"17";"17415";"1";"1";"1";"4";"D137";"45,72515000";" -0,64292000"
"202400029825";"22";"01";"2024";"08:00";"1";"13";"13038";"2";"1";"1";"1";"Cours Alphonse Daudet";"43,72546800";"4,70811900"
"202400029826";"10";"04";"2024";"12:23";"1";"973";"97302";"2";"3";"1";"3";"BADUEL (ROUTE DE)";"4,93826318";" -52,31673628"
"202400029827";"18";"05";"2024";"22:45";"5";"92";"92024";"2";"2";"1";"1";"GENERAL LECLERC (BD DU) (9 A 59)   (4 A";"48,90077043";"2,31594068"
"202400029828";"1";"09";"2024";"16:20";"1";"93";"93005";"2";"2";"1";"1";"Rue de la Balance / Rue du Capricorne";"48,95579000";"2,50402000"
"202400029829";"24";"07";"2024";"11:30";"1";"15";"15012";"1";"3";"1";"3";"RD 617";"44,87820000";"2,40980000"
"202400029830";"22";"01";"2024";"05:50";"4";"27";"27005";"1";"1";"2";"2";"Autoroute A.13";"49,17159000";"1,24909400"
"202400029831";"18";"05";"2024";"17:15";"1";"92";"92012";"2";"1";"1";"6";"BONTEMPS (rue Marcel)";"48,82785534";"2,23636678"
"202400029832";"10";"04";"2024";"12:05";"1";"69";"69034";"2";"1";"1";"6";"304 Boulevard des Canuts";"45,78458000";"4,83199000"
"202400029833";"25";"07";"2024";"14:00";"1";"13";"13117";"1";"1";"1";"2";"STADIUM (CD9)";"43,43961000";"5,28820000"
"202400029834";"21";"01";"2024";"22:00";"3";"13";"13051";"1";"1";"1";"2";"A7 pk 238.00";"43,60455183";"5,15151794"
"202400029835";"18";"05";"2024";"23:19";"5";"92";"92002";"2";"3";"1";"3";"DIVISION LECLERC (31 A 51 -36 A 56 BIS)";"48,74965340";"2,30436489"
"202400029836";"10";"04";"2024";"08:17";"1";"69";"69034";"2";"1";"1";"2";"Boulevard Périphérique Nord";"45,78819528";"4,85726595"
"202400029837";"1";"09";"2024";"13:45";"1";"92";"92047";"1";"1";"1";"4";"JARDY";"48,82732114";"2,15155095"
"202400029838";"21";"01";"2024";"02:25";"3";"51";"51617";"1";"1";"1";"6";"A4 PK 174";"49,03447400";"4,37269800"
"202400029839";"17";"05";"2024";"19:15";"1";"24";"24262";"1";"1";"1";"6";"1353 Route du Causse";"45,29169100";"0,94173800"
"202400029840";"25";"07";"2024";"07:10";"1";"13";"13054";"2";"9";"1";"1";"8 MAI 1945 (AV DU )";"43,41108000";"5,21711000"
"202400029841";"10";"04";"2024";"12:00";"1";"971";"97113";"2";"1";"1";"6";"ROUTE DE PERINET-RD 119";"16,20734000";" -61,48107000"
"202400029842";"21";"01";"2024";"04:30";"2";"988";"98813";"1";"1";"1";"6";"RT1";" -21,69619200";"165,79991300"
"202400029843";"20";"05";"2024";"07:45";"1";"49";"49244";"2";"1";"2";"7";"Quai des Mariniers (Montjean-sur-Loire)";"47,39235700";" -0,87036600"
"202400029844";"1";"09";"2024";"11:10";"1";"92";"92012";"2";"9";"1";"6";"JEAN JAURES (BOULEVARD) 1/61 - COTE IMPA";"48,84417853";"2,23765478"
"202400029845";"20";"01";"2024";"01:40";"3";"974";"97415";"1";"1";"1";"2";"RN 1A - PK 37";" -21,05563200";"55,22705400"
"202400029846";"25";"07";"2024";"19:00";"1";"13";"13103";"2";"3";"1";"3";"BOULEVARD DU JOFFRE - MARECHAL";"43,64203000";"5,09792000"
"202400029847";"10";"04";"2024";"22:31";"5";101;101004";"1";"1";"8";"1";"#Rue du Vittulo#";"41,92890000";"8,72430000"
"202400029848";"20";"05";"2024";"02:45";"3";"01";"01383";"1";"1";"2";"1";"départementale 1083";"46,07935000";"5,10055000"
"202400029849";"2";"09";"2024";"05:53";"3";"35";"35239";"1";"9";"2";"6";"D173 PK 017+000";"47,90030400";" -1,37575900"
"202400029850";"21";"01";"2024";"19:45";"3";"971";"97129";"1";"1";"1";"1";"Route Nationale";"16,30971900";" -61,67709600"
"202400029851";"20";"05";"2024";"00:20";"3";"52";"52206";"1";"1";"1";"1";"D384";"48,51752934";"4,80893392"
"202400029852";"10";"04";"2024";"10:30";"1";"95";"95252";"1";"6";"1";"2";"CHEMIN NEUF (RUE DU)";"48,97724067";"2,22841144"
"202400029853";"25";"07";"2024";"21:30";"2";"13";"13214";"2";"3";"1";"2";"ANATOLE DE LA FORGE (BOULEVARD)";"43,33770750";"5,39447344"
"202400029854";"19";"01";"2024";"18:25";"2";"34";"34057";"2";"3";"1";"3";"Avenue Marcel Dassault";"43,62443800";"3,91538900"
"202400029855";"1";"09";"2024";"12:30";"1";"39";"39258";"1";"1";"1";"3";"N/A";"46,52294500";"5,90749200"
"202400029856";"10";"04";"2024";"08:00";"1";"91";"91570";"2";"4";"7";"6";"SAINT SAENS (RUE)";"48,63829000";"2,31434000"
"202400029857";"25";"07";"2024";"18:10";"1";"13";"13209";"2";"1";"1";"1";"COL DE LA GINESTE D559";"43,23991838";"5,45164776"
"202400029858";"19";"05";"2024";"15:55";"1";"22";"22209";"1";"2";"1";"3";"Lermaubais";"48,55723200";" -2,14716700"
"202400029859";"19";"01";"2024";"13:30";"1";"84";"84019";"2";"1";"1";"4";"D26 - Avenue Jean MOULIN";"44,29938100";"4,74934500"
"202400029860";"18";"05";"2024";"21:16";"3";"972";"97222";"1";"1";"1";"7";"N1";"14,67055000";" -60,95476900"
"202400029861";"25";"07";"2024";"06:30";"1";"13";"13203";"2";"1";"1";"1";"GUIBAL (RUE)";"43,30690000";"5,38616000"
"202400029862";"22";"01";"2024";"06:00";"4";"71";"71555";"2";"1";"6";"6";"rd 906";"46,71367200";"4,86417000"
"202400029863";"10";"04";"2024";"19:00";"1";"91";"91421";"2";"6";"1";"3";"CORBEIL (ROUTE DE)";"48,71122000";"2,44216000"
"202400029864";"31";"08";"2024";"16:00";"1";"81";"81163";"1";"3";"1";"3";"RD 118";"43,43943795";"2,33338237"
"202400029865";"25";"07";"2024";"02:50";"4";"13";"13203";"2";"1";"1";"7";"BD FERDINAND DE LESSEPS";"43,32079000";"5,37446000"
"202400029866";"21";"01";"2024";"09:15";"1";"71";"71150";"1";"1";"1";"1";"2021 route départementale 906";"46,23165800";"4,78660600"
"202400029867";"9";"04";"2024";"13:20";"1";"87";"87085";"2";"1";"2";"7";"FOUCAUD (AVENUE)";"45,82904000";"1,25147000"
"202400029868";"19";"05";"2024";"18:00";"1";"46";"46082";"1";"1";"2";"6";"Route des Fournets";"44,39263300";"1,60046300"
"202400029869";"25";"07";"2024";"12:50";"1";"13";"13047";"2";"1";"1";"3";"COMETE  RUE DE LA";"43,50860000";"4,98410000"
"202400029870";"19";"05";"2024";"21:00";"3";"64";"64254";"1";"1";"3";"6";"4050 route départementale 945";"43,50778900";" -0,60530300"
"202400029871";"22";"01";"2024";"07:15";"2";"55";"55170";"1";"1";"1";"7";"D102";"49,35990500";"5,33000000"
"202400029872";"20";"05";"2024";"14:45";"1";"38";"38182";"1";"1";"1";"7";"route du vercors";"45,36847400";"5,43085100"
"202400029873";"1";"09";"2024";"22:52";"5";"06";"06149";"2";"1";"1";"2";"100 Boulevard Général de Gaulle";"43,74273600";"7,31278800"
"202400029874";"10";"04";"2024";"22:15";"5";"83";"83137";"2";"1";"1";"1";"GASQUET (AVE JOSEPH DE 1 A 1423";"43,12585000";"5,96796000"
"202400029875";"20";"05";"2024";"21:10";"5";"83";"83070";"2";"1";"1";"6";"chemin du repos";"43,14249800";"6,35836000"
"202400029876";"22";"01";"2024";"16:50";"2";"54";"54397";"2";"2";"1";"6";"Rue Aristide Briand";"48,61140600";"6,10210600"
"202400029877";"24";"07";"2024";"17:20";"1";"13";"13047";"2";"6";"1";"2";"RADOLFZELL AVENUE DE";"43,49875000";"4,98644000"
"202400029878";"8";"04";"2024";"18:25";"1";"83";"83103";"1";"1";"1";"6";"BARRAGE (ROUTE DU)";"43,17007616";"5,93433813"
"202400029879";"20";"01";"2024";"05:30";"3";"13";"13106";"1";"1";"9";"2";"A7-Sens Marseille vers Lyon";"43,39027850";"5,35118701"
"202400029880";"20";"05";"2024";"10:25";"1";"12";"12002";"1";"4";"2";"3";"A75";"44,17636800";"3,03305800"
"202400029881";"9";"04";"2024";"10:05";"1";"83";"83137";"2";"9";"2";"3";"NOGUES (AVE DU GENERAL)";"43,12738956";"5,91982251"
"202400029882";"30";"08";"2024";"12:05";"1";"42";"42338";"1";"6";"1";"3";"Route de Roanne";"46,07441000";"4,09934300"
"202400029883";"25";"07";"2024";"08:50";"1";"13";"13028";"1";"1";"1";"2";"BODIN (AVENUE EMILE)";"43,20218000";"5,58844000"
"202400029884";"19";"05";"2024";"18:45";"1";"22";"22312";"1";"1";"1";"1";"le Pont de Rance";"48,32625300";" -2,06697200"
"202400029885";"2";"09";"2024";"02:15";"3";"31";"31454";"1";"1";"1";"6";"Route de Bérat";"43,40810300";"1,13625900"
"202400029886";"20";"05";"2024";"06:15";"2";"62";"62306";"1";"1";"1";"7";"D917";"50,17711800";"2,82215600"
"202400029887";"9";"04";"2024";"18:50";"1";"80";"80021";"2";"3";"1";"3";"Rue des Francs Mûriers";"49,89729000";"2,29815000"
"202400029888";"20";"01";"2024";"18:30";"3";"13";"13215";"1";"1";"1";"2";"A7-Sens Lyon vers Marseille";"43,37071343";"5,36115630"
"202400029889";"20";"05";"2024";"17:10";"1";"59";"59562";"1";"1";"1";"7";"Rue de Sains";"50,10870300";"4,00241400"
"202400029890";"2";"09";"2024";"10:45";"1";"14";"14579";"1";"3";"1";"1";"1 Route de la Vallée";"49,04439500";" -0,68789500"
"202400029891";"10";"04";"2024";"17:35";"1";"78";"78224";"2";"3";"1";"3";"GUERINES (RUE DES)";"48,86571000";"2,06962000"
"202400029892";"19";"05";"2024";"13:15";"1";"19";"19132";"1";"1";"2";"7";"les prades route de tulle";"45,11332010";"1,78191141"
"202400029893";"21";"01";"2024";"02:20";"5";"69";"69266";"1";"1";"1";"2";"Boulevard Périphérique Nord";"45,79343606";"4,87587353"
"202400029894";"25";"07";"2024";"13:15";"1";"06";"06069";"2";"1";"1";"2";"94 Av Mal de Lattre de Tassigny";"43,64898000";"6,93162000"
"202400029895";"19";"05";"2024";"14:15";"1";"59";"59580";"1";"1";"1";"7";"57 Rue des Freres Patteyn";"50,81422483";"2,52399434"
"202400029896";"21";"01";"2024";"17:44";"3";"94";"94034";"1";"1";"1";"2";"AUTOROUTE A86";"48,75979435";"2,32184781"
"202400029897";"25";"07";"2024";"09:10";"1";"06";"06029";"2";"1";"1";"3";"boulevard de la première division";"43,55396000";"7,02349000"
"202400029898";"2";"09";"2024";"10:15";"1";"71";"71475";"1";"1";"1";"3";"Gare de Péage Chalon-Sud";"46,75522500";"4,83310500"
"202400029899";"18";"05";"2024";"19:30";"2";100;100305";"2";"1";"1";"5";"Grisgione";"42,73012600";"9,45932500"
"202400029900";"21";"01";"2024";"09:50";"1";"91";"91617";"1";"1";"1";"6";"RN 104";"48,63155600";"2,50855200"
"202400029901";"24";"07";"2024";"21:15";"2";"04";"04070";"2";"1";"1";"6";"JUIN (AV. MAR.) ";"44,08069000";"6,22194000"
"202400029902";"19";"05";"2024";"19:30";"1";"82";"82056";"1";"1";"1";"6";"D19";"44,19621193";"1,76306087"
"202400029903";"9";"04";"2024";"17:05";"1";"76";"76351";"2";"1";"1";"4";"Boulevard Jules Durand";"49,49223000";"0,16657000"
"202400029904";"1";"09";"2024";"22:50";"3";"71";"71245";"1";"1";"1";"7";"Autoroute A6 PK 350.400 sens Lyon-Paris";"46,61706800";"4,86576000"
"202400029905";"20";"01";"2024";"22:45";"4";"78";"78158";"1";"1";"1";"3";"A13";"48,84072000";"2,11129000"
"202400029906";"20";"05";"2024";"10:20";"1";"65";"65388";"1";"1";"1";"6";"Route du Pla d’Adet";"42,82272800";"0,28339100"
"202400029907";"9";"04";"2024";"14:30";"1";"76";"76351";"2";"1";"2";"7";"STRASBOURG (BD)";"49,49346000";"0,11359000"
"202400029908";"24";"07";"2024";"16:00";"1";"03";"03190";"2";"9";"1";"3";"Rue Philippe Thomas";"46,56094000";"3,33824000"
"202400029909";"21";"01";"2024";"21:30";"3";"93";"93027";"1";"1";"2";"3";"AUTOROUTE A86";"48,92774000";"2,41028000"
"202400029910";"13";"05";"2024";"11:35";"1";"33";"33437";"2";"2";"1";"3";"N/A";"44,86659300";" -0,08250700"
"202400029911";"19";"07";"2024";"17:00";"1";"02";"02168";"2";"1";"1";"6";"N/A";"49,03657000";"3,38074000"
"202400029912";"21";"01";"2024";"06:45";"3";"95";"95678";"1";"1";"2";"6";"N104";"49,07315521";"2,23856188"
"202400029913";"19";"05";"2024";"22:10";"3";"89";"89309";"1";"1";"1";"6";"D606";"48,27973400";"3,21793200"
"202400029914";"24";"07";"2024";"14:00";"1";"01";"01053";"2";"2";"1";"6";"MAGINOT ( AVENUE ) DE 1A 41";"46,20886300";"5,22760800"
"202400029915";"20";"01";"2024";"16:20";"1";"93";"93007";"1";"1";"1";"2";"AUTOROUTE A3";"48,93859255";"2,47983863"
"202400029916";"20";"05";"2024";"17:21";"1";"49";"49200";"2";"1";"2";"7";"2 Rue Jean Le François";"47,56016200";" -0,67071900"
"202400029917";"30";"08";"2024";"20:45";"3";"44";"44129";"1";"1";"2";"7";"N/A";"47,44352700";" -2,08156600"
"202400029918";"21";"01";"2024";"12:50";"1";"95";"95241";"1";"1";"2";"3";"N104";"49,04653407";"2,43883155"
"202400029919";"25";"07";"2024";"18:30";"1";"75";"75120";"2";"1";"1";"2";"BD PERIPHERIQUE INTERIEUR";"48,86784500";"2,41324100"
"202400029920";"1";"09";"2024";"20:35";"2";"71";"71341";"2";"1";"1";"6";"Impasse du Chateau";"46,95531500";"5,03503700"
"202400029921";"21";"01";"2024";"01:15";"5";"95";"95641";"1";"1";"1";"6";"A1";"49,07178909";"2,55235818"
"202400029922";"17";"05";"2024";"19:15";"1";"49";"49307";"1";"1";"1";"5";"lieu dit la croix blanche - RD 347";"47,47217700";" -0,36636800"
"202400029923";"29";"08";"2024";"08:00";"1";"62";"62115";"1";"1";"1";"7";"RN 25";"50,25373504";"2,68221221"
"202400029924";"25";"07";"2024";"11:40";"1";"75";"75112";"2";"4";"1";"3";"BD PERIPHERIQUE INTERIEUR";"48,82688216";"2,38970339"
"202400029925";"10";"05";"2024";"18:20";"1";"41";"41097";"1";"1";"1";"3";"D976";"47,29492000";"1,69674400"
"202400029926";"20";"01";"2024";"19:51";"3";"95";"95018";"1";"1";"1";"7";"A15";"48,95851377";"2,27458283"
"202400029927";"25";"07";"2024";"08:30";"1";"75";"75119";"2";"1";"1";"3";"BD PERIPHERIQUE EXTERIEUR";"48,90042900";"2,38346600"
"202400029928";"20";"05";"2024";"16:30";"1";"86";"86053";"1";"1";"8";"1";"D30";"46,68743300";"0,15078800"
"202400029929";"31";"08";"2024";"17:15";"1";101;101130";"1";"1";"1";"1";"120 u corsu";"41,87285200";"8,96188300"
"202400029930";"19";"05";"2024";"18:30";"1";"22";"22006";"2";"1";"1";"7";"Trépas Bras";"48,70066600";" -3,31369200"
"202400029931";"20";"01";"2024";"16:00";"1";"93";"93064";"1";"1";"1";"4";"A86";"48,88006293";"2,47576680"
"202400029932";"24";"07";"2024";"18:25";"1";"75";"75119";"2";"1";"1";"3";"BD PERIPHERIQUE INTERIEUR";"48,88343000";"2,39973900"
"202400029933";"1";"09";"2024";"04:10";"3";"80";"80443";"1";"1";"1";"6";"D211";"49,85260800";"1,91520500"
"202400029934";"18";"05";"2024";"23:15";"3";"25";"25024";"1";"1";"1";"7";"Lieu dit La Combe Badier";"46,96583000";"6,39883900"
"202400029935";"19";"01";"2024";"21:00";"3";"93";"93066";"1";"1";"1";"5";"AUTOROUTE A1";"48,92290239";"2,35725128"
"202400029936";"19";"05";"2024";"17:30";"1";"25";"25187";"2";"1";"1";"7";"D227";"47,37901200";"6,67567200"
"202400029937";"24";"07";"2024";"08:15";"1";"75";"75112";"2";"1";"1";"5";"BD PERIPHERIQUE EXTERIEUR";"48,83447300";"2,41069600"
"202400029938";"2";"09";"2024";"16:40";"1";"82";"82132";"2";"1";"1";"1";"route de caussade";"44,07807900";"1,61635300"
"202400029939";"21";"01";"2024";"14:15";"1";"75";"75112";"1";"1";"1";"4";"A4";"48,82514600";"2,46377200"
"202400029940";"19";"05";"2024";"17:00";"1";"25";"25434";"2";"1";"1";"1";"Route de Besançon";"47,10869300";"6,12661300"
"202400029941";"25";"07";"2024";"19:20";"1";"75";"75119";"2";"3";"1";"3";"BOULEVARD MACDONALD";"48,89884600";"2,37813600"
"202400029942";"20";"01";"2024";"22:39";"3";"93";"93051";"1";"1";"1";"2";"A4";"48,83599070";"2,56003554"
"202400029943";"31";"08";"2024";"18:45";"1";"32";"32178";"1";"1";"1";"7";"D158";"43,84182100";"0,32105000"
"202400029944";"19";"05";"2024";"06:45";"2";"25";"25467";"2";"6";"1";"6";"27 Rue de Lausanne";"47,25465000";"5,93646300"
"202400029945";"24";"07";"2024";"10:05";"1";"75";"75113";"2";"3";"1";"2";"AVENUE D ITALIE";"48,82678800";"2,35721100"
"202400029946";"20";"01";"2024";"12:00";"1";"976";"97611";"2";"9";"1";"2";"kaweni-Kaweni nord ( Z I )";" -12,76457000";"45,22543000"
"202400029947";"18";"05";"2024";"22:30";"3";"35";"35069";"1";"3";"1";"1";"Intersection D32 et D463";"48,03783453";" -1,48999661"
"202400029948";"20";"01";"2024";"15:10";"1";"974";"97416";"1";"1";"1";"3";"BADAMIER(CHEMIN)";" -21,31434000";"55,45783000"
"202400029949";"25";"07";"2024";"09:40";"1";"75";"75110";"2";"2";"1";"6";"RUE LA FAYETTE";"48,88133500";"2,36475000"
"202400029950";"2";"09";"2024";"14:15";"1";"63";"63250";"1";"1";"7";"1";"D996";"45,57967350";"3,14957351"
"202400029951";"19";"05";"2024";"22:15";"2";"29";"29173";"1";"1";"1";"6";"Route de Kerdrein";"48,02636300";" -4,22613300"
"202400029952";"20";"01";"2024";"01:30";"3";"974";"97411";"1";"1";"1";"4";"LITTORAL (ROUTE 1 DU)";" -20,88482000";"55,39046000"
"202400029953";"24";"07";"2024";"10:12";"1";"75";"75107";"2";"3";"1";"3";"BOULEVARD DE LA TOUR MAUBOURG";"48,86239900";"2,31040300"
"202400029954";"20";"05";"2024";"06:15";"2";"31";"31356";"1";"1";"1";"6";"Route de Grenade";"43,71348700";"1,24832200"
"202400029955";"19";"01";"2024";"17:00";"2";"69";"69382";"2";"1";"1";"6";"22 Rue de la République";"45,76377000";"4,83586000"
"202400029956";"1";"09";"2024";"04:40";"3";"42";"42020";"2";"3";"1";"6";"Route de Seyves";"45,61793200";"4,21339100"
"202400029957";"20";"05";"2024";"00:15";"3";"38";"38338";"1";"1";"1";"2";"D1532";"45,21425800";"5,48947300"
"202400029958";"24";"07";"2024";"06:40";"1";"94";"94081";"2";"1";"1";"1";"Rue de Choisy";"48,78125806";"2,40295833"
"202400029959";"20";"01";"2024";"15:00";"1";"69";"69149";"2";"1";"1";"3";"171 Grande Rue";"45,71242000";"4,80341000"
"202400029960";"19";"05";"2024";"00:15";"3";"38";"38370";"1";"1";"1";"6";"Route des Croix";"45,14175900";"5,22866400"
"202400029961";"19";"01";"2024";"16:05";"1";"971";"97101";"1";"1";"1";"7";"LAURICISQUE";"16,25380482";" -61,54030323"
"202400029962";"25";"07";"2024";"19:05";"1";"94";"94054";"2";"1";"1";"1";"Avenue Adrien Raynal";"48,74297699";"2,40118311"
"202400029963";"25";"04";"2024";"22:15";"3";"02";"02369";"1";"1";"1";"1";"D372";"49,79795100";"3,97051000"
"202400029964";"29";"08";"2024";"06:55";"1";"34";"34163";"1";"6";"1";"3";"La Vabre";"43,62998700";"3,69377700"
"202400029965";"25";"07";"2024";"17:15";"1";"93";"93073";"2";"1";"1";"6";"BARBUSSE (RUE HENRI)";"48,95881000";"2,57279000"
"202400029966";"19";"05";"2024";"02:30";"3";"05";"05040";"1";"1";"1";"1";"N94";"44,55150718";"6,25565284"
"202400029967";"20";"05";"2024";"03:25";"3";"50";"50403";"1";"1";"1";"7";"zone conchylicole";"49,15382000";" -1,59096800"
"202400029968";"19";"01";"2024";"03:53";"5";"91";"91552";"1";"1";"1";"2";"RN20";"48,61367000";"2,25474000"
"202400029969";"1";"09";"2024";"13:20";"1";"25";"25271";"1";"1";"1";"7";"D132";"47,05225900";"6,47667600"
"202400029970";"20";"01";"2024";"22:30";"5";"91";"91174";"2";"1";"1";"6";"LA PECHERIE (RUE DE)";"48,61328000";"2,48587000"
"202400029971";"25";"07";"2024";"00:01";"5";"93";"93066";"2";"3";"1";"3";"Avenue du Président Wilson / Rue Henri Delaunay";"48,92595621";"2,35719392"
"202400029972";"19";"05";"2024";"18:40";"1";"18";"18221";"1";"1";"1";"7";"Route de Rousson";"46,82197800";"2,37691500"
"202400029973";"31";"08";"2024";"18:10";"1";"44";"44032";"1";"2";"1";"3";"les gautronnieres";"47,16612100";" -1,34146400"
"202400029974";"25";"07";"2024";"08:49";"1";"93";"93046";"2";"2";"1";"1";"Boulevard Robert Schuman / Avenue Lucie Aubrac";"48,92804000";"2,54927000"
"202400029975";"20";"01";"2024";"22:20";"5";"91";"91174";"2";"1";"1";"2";"HENRI DUNANT (BOULEVARD)";"48,59941000";"2,48021800"
"202400029976";"20";"05";"2024";"19:15";"1";"07";"07292";"1";"2";"2";"3";"995 mont du vivarais";"45,16873300";"4,69389800"
"202400029977";"25";"07";"2024";"17:00";"1";"93";"93006";"2";"1";"1";"6";"Rue Sadi Carnot";"48,87562853";"2,42483318"
"202400029978";"1";"09";"2024";"09:37";"1";"29";"29130";"1";"1";"1";"7";"Lieu Dit Kerzongar Bihan";"48,38977800";" -4,66076200"
"202400029979";"20";"01";"2024";"17:05";"1";"85";"85191";"2";"1";"7";"6";"PALISSY ROND-POINT BERNARD";"46,69026000";" -1,43060000"
"202400029980";"20";"05";"2024";"19:15";"1";"07";"07007";"1";"1";"3";"7";"D533";"44,94988700";"4,70785600"
"202400029981";"20";"01";"2024";"21:50";"5";"83";"83137";"1";"1";"1";"6";"GROIGNARD (AVE)";"43,14495232";"5,90163624"
"202400029982";"25";"07";"2024";"07:10";"1";"93";"93032";"2";"1";"1";"2";"MONTGUICHET  (CHEMIN DE)";"48,88117000";"2,54789000"
"202400029983";"20";"05";"2024";"15:10";"1";"53";"53251";"1";"3";"3";"7";"route de la maison neuve";"47,78440600";" -0,87446500"
"202400029984";"20";"01";"2024";"11:00";"1";"81";"81163";"2";"1";"9";"7";"5 Rue Alphonse Tournier";"43,49402320";"2,37846880"
"202400029985";"1";"09";"2024";"11:30";"1";"38";"38504";"1";"1";"1";"2";"route de la croix blanche";"45,30253100";"5,99406700"
"202400029986";"20";"01";"2024";"10:00";"1";"78";"78642";"2";"1";"4";"6";"BRETAGNE RUE DE";"48,98614500";"1,97015200"
"202400029987";"25";"07";"2024";"13:45";"1";"93";"93005";"2";"1";"1";"3";"JEAN JAURES (AVENUE)";"48,92178000";"2,50407000"
"202400029988";"19";"05";"2024";"13:50";"1";"30";"30210";"1";"1";"1";"1";"Route de Saint-théodorit";"43,92020700";"4,02454700"
"202400029989";"20";"01";"2024";"18:15";"5";"76";"76217";"2";"3";"1";"1";"AVENUE JEAN JAURES";"49,91310000";"1,07169000"
"202400029990";"24";"07";"2024";"19:15";"1";"92";"92078";"2";"1";"1";"3";"BONGARDE (RUE)";"48,92582191";"2,32298210"
"202400029991";"2";"09";"2024";"19:05";"1";"84";"84041";"1";"1";"1";"7";"Route du Pont de Crillon";"44,10717100";"5,14409100"
"202400029992";"24";"07";"2024";"21:00";"1";"92";"92050";"2";"1";"1";"7";"LECLERC GENERAL AVENUE DU";"48,90261752";"2,18657166"
"202400029993";"1";"09";"2024";"15:20";"1";"85";"85081";"1";"1";"1";"6";"RD39";"46,79713600";" -1,32278000"
"202400029994";"19";"01";"2024";"12:50";"1";"74";"74305";"2";"2";"1";"5";"VOIRONS (RUE DES)";"46,20231000";"6,25867000"
"202400029995";"25";"07";"2024";"10:08";"1";"92";"92026";"2";"2";"1";"3";"DIEPPE";"48,89991553";"2,23973684"
"202400029996";"1";"09";"2024";"13:15";"1";"70";"70299";"2";"6";"1";"6";"Rue du Val Fleuri";"47,62531400";"5,78101600"
"202400029997";"20";"01";"2024";"05:20";"5";"72";"72181";"2";"1";"1";"6";"BOLLEE (AV) N° PAIRS 2 A 62";"48,00349000";"0,20342000"
"202400029998";"24";"07";"2024";"17:13";"1";"92";"92025";"2";"1";"1";"2";"CHARLES DE GAULLE (BD)";"48,91425911";"2,22950031"
"202400029999";"20";"05";"2024";"08:15";"1";"31";"31254";"2";"1";"1";"6";"La Pyreneenne";"43,54471953";"1,50394142"
"202400030000";"31";"08";"2024";"10:45";"1";"58";"58031";"2";"1";"1";"3";"D188";"47,02429400";"3,47836400"
"202400030001";"19";"01";"2024";"14:26";"1";"72";"72181";"2";"1";"1";"6";"JAURES JEAN (AV) N° PAIRS 60 ET >";"47,99048000";"0,20605000"
"202400030002";"25";"07";"2024";"16:35";"1";"34";"34202";"1";"1";"1";"2";"M5";"43,57501600";"3,74685800"
"202400030003";"31";"08";"2024";"14:12";"1";"54";"54518";"1";"1";"1";"7";"RD 3";"48,94670675";"5,88294268"
"202400030004";"20";"01";"2024";"18:30";"5";"69";"69286";"2";"1";"1";"3";"88 Route de Genève";"45,80786000";"4,89747000"
"202400030005";"8";"05";"2024";"07:00";"1";"69";"69206";"1";"1";"1";"2";"Autoroute 6";"46,07295991";"4,74133281"
"202400030006";"20";"01";"2024";"02:10";"5";"69";"69275";"2";"1";"1";"6";"Avenue Jean Jaurès";"45,76818000";"4,93824000"
"202400030007";"24";"07";"2024";"21:00";"2";"35";"35120";"2";"1";"1";"3";"Rue de Rennes";"48,21772700";" -1,78124800"
"202400030008";"1";"09";"2024";"15:30";"1";"54";"54400";"1";"1";"1";"7";"RD 70";"48,84859900";"6,23925300"
"202400030009";"19";"05";"2024";"22:20";"3";"971";"97125";"1";"1";"1";"1";"N5";"16,30032800";" -61,29344900"
"202400030010";"20";"01";"2024";"05:50";"4";"63";"63113";"2";"1";"9";"6";"MAYER (BD DANIEL)";"45,79339000";"3,09735000"
"202400030011";"20";"05";"2024";"01:30";"3";"971";"97129";"1";"1";"1";"1";"N2";"16,31705800";" -61,68436300"
"202400030012";"22";"07";"2024";"16:23";"1";"26";"26177";"1";"2";"1";"3";"Route de Clerieux";"45,10861300";"4,94828400"
"202400030013";"20";"01";"2024";"04:40";"5";"59";"59009";"2";"1";"5";"1";"8 MAI 1945 RUE DU A PARTIR DU N° 60";"50,64340000";"3,15830000"
"202400030014";"30";"08";"2024";"20:20";"2";"72";"72087";"1";"2";"1";"3";"D1";"47,94858900";"0,75303600"
"202400030015";"19";"05";"2024";"18:10";"1";"77";"77196";"1";"1";"1";"7";"N3";"48,94854800";"2,75138900"
"202400030016";"9";"01";"2024";"18:25";"3";"57";"57606";"2";"1";"8";"6";"MONTREAL (RUE DE)";"49,09708000";"6,72091000"
"202400030017";"24";"07";"2024";"19:30";"1";"40";"40296";"2";"2";"1";"1";"Avenue Charles de Gaulle";"43,68943500";" -1,36721300"
"202400030018";"2";"09";"2024";"08:05";"1";"14";"14672";"1";"1";"1";"1";"Route de Caumont";"49,08259400";" -0,81272000"
"202400030019";"25";"07";"2024";"07:07";"1";"972";"97221";"1";"1";"1";"1";"Départementale 7";"14,50164500";" -60,98077800"
"202400030020";"20";"01";"2024";"18:05";"2";"54";"54323";"2";"3";"1";"3";"Avenue Raymond Poincaré";"49,52729000";"5,77845000"
"202400030021";"19";"05";"2024";"21:00";"3";100;100335";"1";"9";"1";"5";"T10";"42,33644500";"9,53592900"