"Num_Acc";"jour";"mois";"an";"hrmn";"lum";"dep";"com";"agg";"int";"atm";"col";"adr";"lat";"long"
"202400030022";"1";"09";"2024";"15:45";"1";"05";"05149";"1";"1";"3";"1";"Route d'Ancelle";"44,63769700";"6,18841400"
"202400030023";"20";"01";"2024";"11:35";"1";"45";"45147";"2";"1";"1";"3";"33 Rue de Verdun";"47,93424000";"1,91359000"
"202400030024";"26";"07";"2024";"03:45";"3";"64";"64184";"1";"9";"8";"6";"D32";"43,40871700";" -0,51105500"
"202400030025";"20";"05";"2024";"17:20";"1";"83";"83099";"1";"3";"1";"1";"Dn7";"43,45945300";"6,66676500"
"202400030026";"20";"01";"2024";"10:00";"1";"44";"44184";"2";"1";"7";"6";"Route des Bassins";"47,28593000";" -2,24591000"
"202400030027";"20";"05";"2024";"03:45";"3";"83";"83066";"2";"1";"1";"6";"Route de Rians";"43,66162400";"5,85204600"
"202400030028";"31";"08";"2024";"14:00";"1";"50";"50613";"2";"3";"1";"7";"Rue Doncanville";"49,64766200";" -1,30243500"
"202400030029";"10";"07";"2024";"13:15";"1";"34";"34247";"1";"5";"1";"3";"CD127e8";"43,66904600";"3,84113500"
"202400030030";"19";"05";"2024";"11:15";"1";"13";"13092";"2";"6";"1";"3";"D10";"43,54256500";"5,04176500"
"202400030031";"26";"07";"2024";"13:20";"1";"83";"83097";"1";"1";"1";"3";"Route Départementale 6";"43,46774600";"5,74533500"
"202400030032";"1";"09";"2024";"18:55";"2";"73";"73270";"1";"1";"3";"1";"D1006";"45,55560672";"6,17320061"
"202400030033";"18";"05";"2024";"22:05";"3";"13";"13030";"1";"1";"1";"1";"D8n";"43,26915900";"5,71818000"
"202400030034";"26";"07";"2024";"14:40";"1";"51";"51030";"2";"1";"1";"7";"Quai Sud du Canal";"49,04478100";"4,08565300"
"202400030035";"21";"07";"2024";"01:55";"3";"56";"56036";"1";"1";"2";"6";"Lieu-Dit Kerblaye";"47,82419100";" -3,38604200"
"202400030036";"2";"09";"2024";"15:15";"1";"53";"53029";"1";"1";"8";"1";"Le Patis Bierné";"47,79883300";" -0,54884300"
"202400030037";"19";"05";"2024";"14:50";"1";"13";"13094";"2";"4";"1";"3";"route departementale 99";"43,78689300";"4,74725700"
"202400030038";"25";"07";"2024";"10:45";"1";"65";"65291";"1";"1";"1";"7";"Route de Berbérust";"43,06326000";" -0,03672500"
"202400030039";"19";"05";"2024";"21:39";"3";"71";"71086";"1";"1";"1";"1";"Route de Tourny";"46,40800440";"4,25285236"
"202400030040";"2";"09";"2024";"09:30";"1";"53";"53136";"1";"1";"1";"1";"L'Andeucherie (Chemin)";"47,89058600";" -0,70762600"
"202400030041";"25";"07";"2024";"17:40";"1";"32";"32132";"1";"1";"1";"1";"D654 - PK30+005";"43,84793000";"0,68254700"
"202400030042";"25";"07";"2024";"23:24";"5";"55";"55551";"1";"6";"1";"7";"70 Rue Raymond Poincaré";"48,97862900";"5,71543100"
"202400030043";"20";"05";"2024";"05:20";"3";"08";"08110";"1";"1";"5";"2";"A304";"49,81505700";"4,51747500"
"202400030044";"29";"08";"2024";"09:45";"1";"85";"85090";"1";"2";"1";"2";"RD755";"46,85027000";" -0,93153900"
"202400030045";"26";"07";"2024";"09:00";"1";"42";"42019";"2";"2";"7";"6";"66 Rue de Clermont";"45,74602100";"4,00338100"
"202400030046";"20";"05";"2024";"15:15";"1";"88";"88064";"1";"3";"2";"3";"Bois-de-Champ";"48,26022700";"6,79719000"
"202400030047";"25";"07";"2024";"13:30";"1";"47";"47138";"1";"3";"1";"3";"Estradet";"44,28072700";"0,78226100"
"202400030048";"1";"09";"2024";"20:50";"2";"27";"27246";"2";"3";"1";"6";"Rue Augustin Leonard";"49,36538700";"1,36456800"
"202400030049";"21";"07";"2024";"10:30";"1";"34";"34150";"1";"1";"2";"1";"N 112";"43,32802200";"3,55621200"
"202400030050";"20";"05";"2024";"17:40";"1";"26";"26220";"2";"2";"1";"3";"Allée des Troubadours";"44,35899900";"5,12458600"
"202400030051";"1";"09";"2024";"04:35";"3";"87";"87061";"1";"2";"1";"1";"N145";"46,17989700";"1,16304900"
"202400030052";"12";"05";"2024";"20:50";"2";"01";"01297";"2";"1";"1";"6";"Rue du Mas Peguet";"45,89010500";"5,09379900"
"202400030053";"25";"07";"2024";"16:40";"1";"44";"44123";"1";"2";"1";"3";"N/A";"47,69327400";" -1,78515500"
"202400030054";"2";"05";"2024";"08:55";"1";"81";"81076";"1";"1";"2";"3";"Route du Couchant";"43,57272100";"1,87109600"
"202400030055";"2";"09";"2024";"07:10";"1";"13";"13044";"1";"3";"7";"3";"D69";"43,62791000";"5,05765400"
"202400030056";"25";"07";"2024";"18:30";"1";"38";"38503";"1";"2";"1";"3";"RD 1090";"45,32676300";"5,93671800"
"202400030057";"25";"07";"2024";"07:40";"1";"03";"03297";"1";"1";"1";"6";"D2144";"46,54717300";"2,61869400"
"202400030058";"19";"05";"2024";"18:30";"1";"50";"50041";"1";"2";"1";"3";"D22";"49,63966700";" -1,76951200"
"202400030059";"26";"07";"2024";"10:50";"1";"15";"15124";"1";"1";"1";"7";"RD 3";"45,30085634";"2,61004472"
"202400030060";"1";"09";"2024";"19:30";"5";"987";"98715";"2";"3";"1";"7";"Face à HAPPY MARKET à AUAE";" -17,54741500";" -149,59352800"
"202400030061";"24";"07";"2024";"10:20";"1";"26";"26115";"1";"1";"1";"1";"D538";"44,70603600";"5,00604300"
"202400030062";"20";"05";"2024";"07:00";"1";"80";"80002";"1";"1";"1";"7";"A1";"49,84773800";"2,83159700"
"202400030063";"26";"07";"2024";"15:30";"1";"58";"58145";"1";"9";"1";"7";"D944";"47,27154200";"3,82152600"
"202400030064";"31";"08";"2024";"13:10";"1";"51";"51572";"1";"9";"1";"7";"Autoroute A4  - PK 192 + 000";"49,03717200";"4,62338300"
"202400030065";"15";"05";"2024";"21:25";"3";"13";"13015";"1";"1";"1";"1";"A51-Sens Marseille vers Aix en Provence";"43,46899000";"5,40748000"
"202400030066";"23";"07";"2024";"00:15";"3";"14";"14460";"1";"1";"2";"6";"Route d'Ouilly";"49,18111400";"0,35029600"
"202400030067";"8";"04";"2024";"22:18";"3";"13";"13001";"1";"1";"1";"7";"A51-Sens Marseille vers Aix en Provence";"43,51094727";"5,41885566"
"202400030068";"31";"08";"2024";"14:45";"1";"988";"98821";"1";"1";"1";"6";"Katiramona (Rivière)";" -22,13785000";"166,40903000"
"202400030069";"25";"07";"2024";"09:30";"1";"14";"14020";"1";"1";"1";"2";"le Fresne";"49,14332900";" -0,16360700"
"202400030070";"19";"05";"2024";"17:10";"1";"13";"13215";"1";"1";"1";"2";"A7-Sens Lyon vers Marseille";"43,36600000";"5,36100000"
"202400030071";"18";"07";"2024";"18:25";"1";"45";"45269";"1";"1";"1";"6";"67ter Route de Blois";"47,85023600";"1,73513400"
"202400030072";"2";"09";"2024";"14:50";"1";"77";"77176";"1";"1";"1";"1";"RD402 PK043+000";"48,75420800";"3,01376200"
"202400030073";"18";"05";"2024";"19:25";"1";"83";"83047";"1";"1";"1";"2";"A570";"43,12624514";"6,08255384"
"202400030074";"23";"07";"2024";"00:30";"3";"73";"73122";"1";"3";"1";"6";"D40 Route de praz long";"45,60369527";"5,75083618"
"202400030075";"25";"02";"2024";"19:15";"3";"66";"66114";"1";"1";"1";"6";"El Pa de Sucre";"42,60785100";"2,92373100"
"202400030076";"26";"07";"2024";"10:34";"1";"40";"40046";"2";"1";"1";"5";"route de la plage";"44,44071600";" -1,24052400"
"202400030077";"18";"05";"2024";"14:35";"1";"987";"98735";"2";"9";"1";"7";"MISSION (QUARTIER)";" -17,54081200";" -149,55907400"
"202400030078";"25";"07";"2024";"21:03";"3";"04";"04138";"1";"1";"1";"6";"route departementale 4100";"43,93277200";"5,85914600"
"202400030079";"2";"09";"2024";"10:50";"1";"13";"13052";"1";"1";"1";"1";"CD5, route de saint rémy";"43,82483700";"4,79566100"
"202400030080";"18";"05";"2024";"19:30";"3";"974";"97416";"2";"1";"1";"2";"OCEANITES (AVENUE DES)";" -21,32804000";"55,47083000"
"202400030081";"1";"09";"2024";"09:20";"1";"70";"70402";"2";"1";"1";"6";"Rue du Stade";"47,53306700";"5,56262300"
"202400030082";"25";"07";"2024";"17:00";"1";"85";"85277";"1";"2";"1";"3";"RD747";"46,51952900";" -1,43225100"
"202400030083";"18";"05";"2024";"08:30";"1";"973";"97302";"2";"3";"2";"3";"MERE THERESA (rue)";"4,92161000";" -52,31259000"
"202400030084";"25";"07";"2024";"21:10";"2";"37";"37250";"1";"1";"1";"6";"Le Breuil";"47,23985492";"0,71472645"
"202400030085";"1";"09";"2024";"07:45";"2";"67";"67001";"2";"1";"1";"7";"Route de Holtzheim";"48,57626600";"7,62866400"
"202400030086";"18";"05";"2024";"01:40";"5";"973";"97302";"2";"1";"2";"7";"TROUBIRAN (CHEMIN DE)";"4,91551426";" -52,31123579"
"202400030087";"25";"07";"2024";"16:40";"1";"08";"08004";"1";"1";"1";"6";"N/A";"49,47948700";"4,16870900"
"202400030088";"18";"05";"2024";"20:40";"1";"69";"69384";"2";"2";"1";"3";"21 Grande Rue de la Croix-Rousse";"45,77718000";"4,83225000"
"202400030089";"24";"07";"2024";"12:40";"1";"01";"01128";"1";"1";"1";"2";"D2";"46,46625200";"5,10184000"
"202400030090";"1";"09";"2024";"18:50";"1";"88";"88076";"1";"1";"1";"1";"Rue des Forges";"48,24648300";"6,72906700"
"202400030091";"17";"05";"2024";"19:56";"1";100;100033";"2";"1";"1";"1";"IMPERIALE - ROUTE";"42,66450000";"9,43765000"
"202400030092";"24";"07";"2024";"17:30";"1";"06";"06059";"1";"4";"1";"2";"route départemental 6007 / intersection A500";"43,73318200";"7,38916400"
"202400030093";"31";"08";"2024";"12:30";"1";"57";"57445";"1";"1";"1";"2";"D68a";"49,00506000";"6,10669300"
"202400030094";"25";"07";"2024";"13:30";"1";"45";"45270";"1";"1";"1";"6";"D148 PR 6 + 818";"47,81749200";"2,31674200"
"202400030095";"18";"05";"2024";"01:35";"5";"971";"97101";"1";"1";"1";"6";"PATRICK SAINT ELOI ( AVENUE )";"16,25309000";" -61,52403000"
"202400030096";"26";"07";"2024";"18:05";"1";"77";"77103";"1";"1";"2";"1";"D408";"48,54332000";"2,80206700"
"202400030097";"25";"08";"2024";"08:15";"2";"73";"73054";"1";"1";"5";"1";"D119 Route des Arcs";"45,60877671";"6,78245105"
"202400030098";"18";"05";"2024";"02:28";"3";"95";"95476";"1";"1";"1";"5";"N14";"49,05775854";"2,03665766"
"202400030099";"25";"07";"2024";"17:30";"1";"95";"95028";"1";"1";"1";"5";"D909";"49,06956722";"2,34052258"
"202400030100";"18";"05";"2024";"13:04";"1";"91";"91549";"1";"1";"1";"6";"FOSSE AUX LEUX (RUE DE LA)";"48,62061500";"2,33784000"
"202400030101";"2";"09";"2024";"16:55";"1";"38";"38487";"1";"3";"1";"3";"D4";"45,56643000";"4,81753700"
"202400030102";"25";"07";"2024";"21:20";"3";"95";"95141";"1";"1";"2";"6";"D983";"49,14061924";"1,78767139"
"202400030103";"25";"07";"2024";"20:09";"1";"34";"34058";"1";"1";"1";"7";"D 68";"43,67886000";"3,94733200"
"202400030104";"18";"05";"2024";"13:30";"1";"83";"83062";"1";"1";"1";"7";"ROUTE DE HYERES";"43,13333000";"6,04124000"
"202400030105";"2";"09";"2024";"08:00";"1";"69";"69299";"1";"2";"1";"3";"Route Départementale 29";"45,71911411";"5,06021394"
"202400030106";"23";"08";"2024";"12:30";"1";"33";"33551";"1";"3";"1";"7";"N/A";"45,09042900";" -0,63911700"
"202400030107";"26";"07";"2024";"18:25";"1";"83";"83065";"1";"2";"1";"3";"Route du Bourrian";"43,24381000";"6,57295200"
"202400030108";"18";"05";"2024";"14:50";"1";"77";"77284";"2";"1";"1";"2";"VICTOIRE (AV.DE LA)";"48,95665980";"2,90775776"
"202400030109";"26";"07";"2024";"08:00";"1";"05";"05122";"1";"1";"1";"6";"Route de Briançon";"44,76899981";"6,56285217"
"202400030110";"2";"09";"2024";"10:35";"1";"33";"33019";"2";"2";"1";"3";"N/A";"44,68887300";" -0,99830200"
"202400030111";"18";"05";"2024";"03:00";"5";"77";"77058";"2";"1";"1";"6";"EUROPE (AVENUE DE L' )";"48,83083000";"2,71101000"
"202400030112";"26";"07";"2024";"11:00";"1";"13";"13042";"1";"6";"7";"3";"Avenue du Garlaban";"43,27953700";"5,61181400"
"202400030113";"18";"05";"2024";"04:30";"5";"72";"72181";"2";"6";"2";"6";"MESSIAEN OLIVIER (AV) PAIRS";"48,01567000";"0,15287000"
"202400030114";"2";"09";"2024";"15:14";"1";"35";"35240";"1";"3";"1";"2";"N24";"48,10160600";" -1,75375700"
"202400030115";"25";"07";"2024";"12:10";"1";"13";"13004";"1";"9";"1";"2";"D570";"43,66240400";"4,58585300"
"202400030116";"18";"05";"2024";"00:10";"5";"72";"72181";"2";"1";"1";"6";"BOEUFS LE PETIT HOUX (CHEMIN AUX)";"47,93930000";"0,21469000"
"202400030117";"2";"09";"2024";"10:45";"1";"60";"60462";"2";"1";"1";"6";"16 Rue de Paris";"49,32856400";"2,20007100"
"202400030118";"25";"07";"2024";"18:30";"1";"21";"21297";"1";"1";"1";"6";"D25h";"47,17693700";"4,98633400"
"202400030119";"18";"05";"2024";"15:25";"1";"69";"69266";"2";"9";"1";"7";"Rue Lucette et René Desgrand";"45,78522356";"4,89805132"
"202400030120";"25";"07";"2024";"23:30";"3";"52";"52037";"1";"1";"1";"7";"D74 Bannes";"47,89923910";"5,39139323"
"202400030121";"31";"08";"2024";"18:40";"1";"59";"59321";"1";"1";"1";"1";"D643";"50,11743913";"3,48310170"
"202400030122";"18";"05";"2024";"04:00";"5";"69";"69276";"2";"1";"1";"3";"3 Chemin Sous le Fort";"45,67042000";"4,86136000"
"202400030123";"30";"08";"2024";"18:00";"1";"59";"59059";"2";"1";"2";"6";"Route Nationale";"50,12436300";"3,45351900"
"202400030124";"26";"07";"2024";"15:45";"1";"73";"73179";"2";"2";"1";"3";"Rue des Allobroges / Fontanil";"45,59734400";"5,87483200"
"202400030125";"18";"05";"2024";"16:30";"1";"66";"66136";"1";"1";"2";"2";"N/A";"42,66453000";"2,91726000"
"202400030126";"31";"08";"2024";"12:50";"1";"13";"13215";"1";"1";"1";"2";"A7-Sens Marseille vers Lyon";"43,34980000";"5,36900000"
"202400030127";"25";"04";"2024";"19:58";"1";"64";"64269";"2";"1";"1";"1";"D938";"43,28295000";" -0,31609000"
"202400030128";"23";"07";"2024";"14:20";"1";"85";"85035";"1";"1";"1";"1";"D40a";"46,63675200";" -1,82512500"
"202400030129";"30";"08";"2024";"12:40";"1";"13";"13215";"1";"1";"1";"2";"A7-Sens Marseille vers Lyon";"43,35818840";"5,36269145"
"202400030130";"18";"05";"2024";"18:59";"1";"64";"64335";"1";"1";"2";"3";"RD 817";"43,34113000";" -0,40714000"
"202400030131";"24";"07";"2024";"18:00";"1";"29";"29181";"2";"2";"1";"3";"route de la Laiterie";"48,48216126";" -4,24857113"
"202400030132";"1";"09";"2024";"04:33";"5";"69";"69382";"2";"1";"1";"2";"Route de Métropole 7";"45,74818469";"4,82973953"
"202400030133";"1";"09";"2024";"06:45";"2";"69";"69142";"1";"1";"1";"1";"Route de Méropole 7 ";"45,73015000";"4,81551000"
"202400030134";"18";"05";"2024";"10:16";"1";"63";"63075";"2";"3";"2";"3";"CLAUSSAT (AVENUE JOSEPH) / rue Jules Guesde";"45,77766000";"3,06367000"
"202400030135";"26";"07";"2024";"07:05";"2";"22";"22059";"1";"1";"1";"1";"Mauguerand";"48,41297700";" -2,86321500"
"202400030136";"26";"07";"2024";"00:50";"5";"60";"60313";"1";"3";"3";"6";"Chemin de Granville";"49,34993300";"2,23897900"
"202400030137";"1";"09";"2024";"06:20";"3";"91";"91689";"1";"1";"1";"4";"AUTOROUTE A6A";"48,74953000";"2,32808000"
"202400030138";"18";"05";"2024";"16:25";"1";"59";"59367";"2";"1";"1";"1";"LECLERC (RUE DU GENERAL)";"50,66233000";"3,21771000"
"202400030139";"18";"05";"2024";"04:50";"3";"59";"59646";"2";"1";"2";"7";"VOLTAIRE (RUE)";"50,68776400";"3,13461000"
"202400030140";"1";"09";"2024";"07:20";"2";"91";"91286";"1";"1";"1";"2";"AUTOROUTE A6";"48,64882657";"2,38546014"
"202400030141";"26";"07";"2024";"07:30";"1";"80";"80467";"1";"1";"1";"2";"Autoroute A1 pk 96+800 sens PARIS/LILLE";"49,67529300";"2,77164500"
"202400030142";"31";"08";"2024";"20:25";"1";"92";"92002";"1";"1";"1";"2";"AUTOROUTE A10";"48,73166279";"2,31019700"
"202400030143";"18";"05";"2024";"16:30";"1";"59";"59350";"2";"1";"1";"3";"Rue Saint-Gabriel";"50,63976000";"3,08661000"
"202400030144";"1";"09";"2024";"04:00";"3";"93";"93013";"1";"1";"1";"6";"AUTOROUTE A1";"48,94022999";"2,42355031"
"202400030145";"26";"07";"2024";"16:45";"1";"59";"59312";"1";"1";"8";"7";"D103";"50,04864300";"3,20757300"
"202400030146";"31";"08";"2024";"20:00";"1";"93";"93066";"1";"1";"1";"2";"AUTOROUTE A1";"48,92901494";"2,35961726"
"202400030147";"18";"05";"2024";"09:02";"1";"56";"56260";"2";"2";"1";"3";"Avenue du 4 Août 1944";"47,67025000";" -2,75713000"
"202400030148";"25";"07";"2024";"10:52";"1";"13";"13211";"1";"1";"1";"2";"A507 sens Marseille - Aubagne";"43,29081591";"5,42447805"
"202400030149";"18";"05";"2024";"14:16";"1";"56";"56121";"2";"6";"1";"2";"Avenue Simone Veil";"47,76360000";" -3,37020000"
"202400030150";"24";"07";"2024";"19:05";"1";"13";"13212";"1";"1";"1";"2";"A507 sens Marseille - Aubagne";"43,29462675";"5,42447805"
"202400030151";"31";"08";"2024";"19:20";"1";"93";"93027";"1";"1";"1";"4";"AUTOROUTE A86";"48,92773456";"2,40988970"
"202400030152";"24";"07";"2024";"17:45";"1";"13";"13212";"1";"1";"1";"7";"A507 sens Marseille - Aubagne";"43,29166481";"5,42433883"
"202400030153";"17";"05";"2024";"17:50";"1";"54";"54547";"2";"1";"1";"3";"Avenue du Général Leclerc";"48,66169000";"6,16463000"
"202400030154";"31";"08";"2024";"17:00";"1";"93";"93078";"1";"1";"1";"4";"AUTOROUTE A104";"48,97113985";"2,49844915"
"202400030155";"18";"05";"2024";"20:20";"2";"51";"51454";"2";"1";"1";"2";"JAURES (AVENUE JEAN) DU N° 74 A FIN (PAI";"49,26418000";"4,05797000"
"202400030156";"25";"07";"2024";"17:40";"1";"33";"33167";"1";"1";"1";"2";"N/A";"44,84579200";" -0,50246100"
"202400030157";"24";"07";"2024";"22:15";"2";"33";"33063";"1";"9";"1";"7";"N/A";"44,88488300";" -0,56010800"
"202400030158";"1";"09";"2024";"11:14";"1";"77";"77083";"1";"1";"1";"4";"A4.W";"48,83227200";"2,59931000"
"202400030159";"18";"05";"2024";"17:20";"1";"49";"49007";"2";"6";"1";"6";"PORTET BOULEVARD";"47,45013000";" -0,55888000"
"202400030160";"25";"07";"2024";"14:30";"1";"91";"91661";"1";"1";"1";"3";"AUTOROUTE A10";"48,68942000";"2,21983000"
"202400030161";"1";"09";"2024";"02:24";"3";"77";"77294";"1";"1";"1";"3";"A104";"48,97476500";"2,57885900"
"202400030162";"25";"07";"2024";"12:45";"1";"91";"91161";"1";"1";"1";"2";"AUTOROUTE A6";"48,71489000";"2,30886000"
"202400030163";"17";"05";"2024";"16:58";"1";"47";"47001";"2";"1";"1";"5";"LECLERC (AV. DU GENERAL)";"44,19263000";"0,61489000"
"202400030164";"30";"08";"2024";"16:20";"1";"77";"77121";"1";"1";"1";"4";"A4";"48,83217600";"2,66924400"
"202400030165";"25";"07";"2024";"03:30";"3";"91";"91228";"1";"1";"1";"2";"AUTOROUTE A6";"48,62765000";"2,41389000"
"202400030166";"24";"07";"2024";"23:05";"3";"91";"91174";"1";"1";"1";"2";"RN 104";"48,61396000";"2,45223000"
"202400030167";"30";"08";"2024";"03:45";"3";"77";"77384";"1";"1";"1";"6";"A105";"48,62059800";"2,63024900"
"202400030168";"19";"05";"2024";"00:05";"5";"44";"44109";"2";"1";"1";"3";"9 Route de Carquefou";"47,25983000";" -1,51844000"
"202400030169";"25";"07";"2024";"21:05";"2";"95";"95582";"1";"1";"1";"7";"D170";"48,96704119";"2,27372777"
"202400030170";"8";"04";"2024";"15:15";"1";"62";"62765";"2";"1";"1";"6";"Place du Maréchal Foch";"50,74990281";"2,25269151"
"202400030171";"18";"05";"2024";"15:40";"1";"41";"41018";"2";"1";"2";"6";"SAUSSAYE (QUAI DE LA)";"47,58549000";"1,33525000"
"202400030172";"10";"05";"2024";"07:55";"1";"52";"52235";"1";"1";"1";"1";"SAINT DIZIER (ROUTE DE)";"48,64938000";"4,90629000"
"202400030173";"25";"07";"2024";"17:15";"2";"93";"93066";"1";"1";"1";"4";"AUTOROUTE A1";"48,92974710";"2,36364986"
"202400030174";"18";"05";"2024";"07:50";"1";"37";"37261";"2";"1";"1";"2";"MARECHAL JUIN (BD)";"47,40601221";"0,70305660"
"202400030175";"30";"08";"2024";"16:20";"1";"92";"92025";"2";"2";"2";"3";"E.VAILLANT 114   89 A 93 (RUE)";"48,91513003";"2,23325175"
"202400030176";"24";"07";"2024";"15:35";"1";"93";"93006";"1";"1";"1";"2";"AUTOROUTE A3";"48,86679280";"2,42555663"
"202400030177";"17";"05";"2024";"17:20";"1";"37";"37214";"2";"1";"3";"6";"MAISONS BLANCHES (QUAI DES)";"47,39385363";"0,64892292"
"202400030178";"23";"04";"2024";"15:30";"1";"74";"74013";"2";"6";"1";"7";"D133 ROUTE DE MARGENCEL";"46,34767300";"6,44165600"
"202400030179";"25";"07";"2024";"17:30";"1";"94";"94046";"1";"1";"1";"2";"A86";"48,81292733";"2,44895577"
"202400030180";"18";"05";"2024";"21:17";"2";"31";"31555";"2";"1";"1";"3";"RTE DE LAUNAGUET";"43,62727000";"1,43724000"
"202400030181";"24";"07";"2024";"18:00";"1";"94";"94028";"1";"1";"1";"7";"A86";"48,77623444";"2,43292233"
"202400030182";"31";"08";"2024";"21:15";"5";"974";"97407";"2";"1";"1";"3";"MARINS PECHEURS(RUE)";" -20,94897000";"55,28733000"
"202400030183";"18";"05";"2024";"01:00";"5";"31";"31555";"1";"1";"2";"7";"VA007331 A620";"43,60450012";"1,39953375"
"202400030184";"17";"07";"2024";"09:20";"1";"44";"44109";"2";"2";"8";"3";"Pont Haudaudine";"47,20929381";" -1,55561638"
"202400030185";"31";"08";"2024";"13:00";"1";"972";"97209";"2";"1";"1";"6";"BALATA (ROUTE DE)";"14,61642000";" -61,07185000"
"202400030186";"16";"07";"2024";"13:00";"1";"44";"44143";"2";"1";"8";"4";"Route de Pornic";"47,19191222";" -1,57520460"
"202400030187";"18";"05";"2024";"00:50";"3";"31";"31555";"2";"1";"2";"4";"20 LESPINET  (PERIPH OUEST A620)";"43,56449232";"1,48575068"
"202400030188";"31";"08";"2024";"09:00";"1";"972";"97209";"2";"1";"1";"4";"SOLEIL LEVANT (BOULEVARD DU)";"14,62327000";" -61,03894000"
"202400030189";"12";"07";"2024";"22:20";"5";"44";"44109";"2";"1";"8";"7";"Cr John Kennedy";"47,21465313";" -1,54914864"
"202400030190";"24";"07";"2024";"18:10";"5";"974";"97411";"2";"1";"1";"6";"PITEL (RUE)";" -20,89187600";"55,47737300"
"202400030191";"31";"08";"2024";"16:45";"1";"971";"97113";"2";"3";"1";"4";"GENERAL DE GAULLE (AVENUE)";"16,20607000";" -61,49656000"
"202400030192";"24";"07";"2024";"18:50";"5";"974";"97411";"1";"9";"1";"7";"MANES (RUE EDOUARD)";" -20,89560000";"55,49511000"
"202400030193";"23";"07";"2024";"20:25";"5";"974";"97411";"1";"1";"1";"6";"DUFOURG LES HAUTS (CHEMIN)";" -20,92449000";"55,49958000"
"202400030194";"31";"08";"2024";"09:35";"1";"971";"97101";"1";"1";"1";"4";"ROUTE DE BOISVINS";"16,26272000";" -61,49088000"
"202400030195";"23";"07";"2024";"12:10";"1";"974";"97411";"2";"1";"1";"3";"TOPAZES(ALLEE DES)";" -20,89696000";"55,44340000"
"202400030196";"31";"08";"2024";"05:15";"1";"971";"97120";"2";"9";"1";"6";"GERTY ARCHIMEDE (RESIDENCE)";"16,24820000";" -61,53759000"
"202400030197";"24";"07";"2024";"21:50";"3";"973";"97302";"2";"1";"3";"6";"TERRASSE DES CALIMBES (Lot)";"4,92076388";" -52,31714594"
"202400030198";"24";"07";"2024";"06:50";"1";"69";"69386";"2";"2";"1";"3";"Rue Boileau";"45,77379000";"4,84810000"
"202400030199";"30";"08";"2024";"16:45";"1";"971";"97101";"1";"1";"2";"4";"RN1-  HAUTEUR DE SORTIE LAURICISQUE";"16,25340000";" -61,54820000"
"202400030200";"19";"07";"2024";"00:10";"3";"972";"97209";"2";"1";"1";"7";"PETIT PAVOIS (RUE DU)";"14,60131000";" -61,07937000"
"202400030201";"24";"07";"2024";"18:45";"1";"69";"69381";"2";"9";"1";"3";"Tunnel de la Croix Rousse ";"45,77262000";"4,83671000"
"202400030202";"30";"08";"2024";"15:00";"1";"971";"97101";"1";"3";"2";"5";"PATRICK SAINT ELOI ( AVENUE )";"16,25415000";" -61,52299000"
"202400030203";"23";"07";"2024";"15:36";"1";"971";"97120";"2";"1";"1";"6";"RUE EUVREMONT GENE";"16,24730540";" -61,53863490"
"202400030204";"31";"08";"2024";"18:40";"3";"971";"97107";"2";"1";"1";"3";"FOCH";"16,04566000";" -61,56331000"
"202400030205";"23";"07";"2024";"10:45";"1";"971";"97101";"1";"1";"1";"3";"DUGAZON";"16,25186000";" -61,51962000"
"202400030206";"31";"08";"2024";"18:20";"1";"95";"95388";"1";"1";"8";"1";"CÔTE DU PARC";"49,02383000";"1,97441000"
"202400030207";"20";"07";"2024";"13:15";"1";"89";"89342";"2";"2";"1";"3";"FONDERIES PONT A MOUSSON (AVENUE DES)";"48,21509000";"3,27508000"
"202400030208";"24";"07";"2024";"10:36";"1";"87";"87050";"2";"3";"1";"2";"DROUET (RUE MARTIAL)";"45,87695000";"1,23793000"
"202400030209";"31";"08";"2024";"22:25";"5";"91";"91114";"2";"6";"1";"2";"PL DE LA PYRAMIDE";"48,68337600";"2,49053200"
"202400030210";"23";"07";"2024";"07:55";"1";"87";"87085";"2";"1";"1";"6";"BORIE (BOULEVARD DE LA)";"45,83801000";"1,23202000"
"202400030211";"23";"07";"2024";"09:30";"1";"84";"84007";"2";"1";"1";"3";"LIMBERT (Boulevard)";"43,94771000";"4,81796000"
"202400030212";"30";"08";"2024";"17:30";"1";"91";"91421";"1";"9";"2";"4";"NATIONALE 6 (GLACIERE)";"48,70862000";"2,44231000"
"202400030213";"23";"07";"2024";"17:50";"1";"83";"83062";"2";"1";"1";"2";"ROUTE NATIONALE 97";"43,13577052";"6,03077888"
"202400030214";"30";"08";"2024";"21:04";"5";"91";"91521";"1";"1";"2";"1";"ROUTE DE MENNECY";"48,64321100";"2,42068800"
"202400030215";"24";"07";"2024";"20:30";"1";"78";"78650";"2";"1";"1";"3";"CARNOT (BOULEVARD)";"48,89567000";"2,12628000"
"202400030216";"1";"09";"2024";"00:15";"5";"84";"84007";"1";"1";"1";"6";"MISTRAL7  (Parking C.Commercial)";"43,92144000";"4,86143000"
"202400030217";"25";"07";"2024";"00:23";"5";"78";"78440";"2";"2";"1";"3";"MOLIERE (RUE)";"48,98380000";"1,91532000"
"202400030218";"31";"08";"2024";"15:29";"1";"83";"83137";"2";"3";"1";"2";"COLBERT (AVE)";"43,12493000";"5,93272000"
"202400030219";"24";"07";"2024";"00:26";"3";"77";"77475";"1";"1";"1";"1";"D603";"48,95885000";"2,97787000"
"202400030220";"31";"08";"2024";"00:29";"5";"83";"83098";"2";"1";"1";"6";"GANZIN (AVENUE DE)";"43,10907191";"6,03839743"
"202400030221";"23";"07";"2024";"11:40";"1";"72";"72181";"2";"1";"1";"6";"PREMARTINE (RUE) N° PAIRS 2 A 26";"48,00784000";"0,20420000"
"202400030222";"30";"08";"2024";"16:35";"1";"83";"83129";"2";"3";"1";"3";"KENNEDY (AVENUE J.)N° IMPAIRS > ST VICTO";"43,10710000";"5,82188000"
"202400030223";"30";"08";"2024";"17:30";"1";"81";"81065";"2";"1";"1";"6";"COUDERT (AV.LUCIEN)";"43,60903260";"2,24268000"
"202400030224";"24";"07";"2024";"12:00";"1";"69";"69266";"2";"2";"1";"1";"Rue Pierre Voyant";"45,77007000";"4,89890000"
"202400030225";"23";"07";"2024";"20:20";"1";"69";"69259";"2";"3";"1";"3";"Route de Vienne";"45,72468186";"4,85407325"
"202400030226";"31";"08";"2024";"21:35";"3";"77";"77358";"1";"1";"1";"1";"RN 330 (ROUTE NATIONALE)";"48,98003000";"2,86414000"
"202400030227";"31";"08";"2024";"02:30";"3";"76";"76384";"1";"1";"1";"3";"SAINT ROMAIN (ROUTE DE)";"49,52575000";"0,52634000"
"202400030228";"24";"07";"2024";"13:15";"1";"68";"68376";"2";"6";"1";"3";"SOULTZ(ROUTE DE)";"47,79666000";"7,31425000"
"202400030229";"31";"08";"2024";"18:35";"1";"72";"72181";"2";"9";"1";"6";"CHANZY (RUE)  N° IMP 73 A 101";"47,99727000";"0,20323000"
"202400030230";"23";"07";"2024";"20:40";"1";"67";"67482";"2";"1";"8";"7";"BOSTON (RUE DE)";"48,57761000";"7,77493000"
"202400030231";"24";"07";"2024";"18:30";"1";"64";"64102";"2";"1";"1";"6";"RESPLANDY (AVENUE DU CAPITAINE)";"43,48355000";" -1,45389000"
"202400030232";"31";"08";"2024";"18:20";"1";"72";"72181";"2";"1";"1";"3";"HEUZE OLIVIER AV N° PAIRS 2 A 198";"47,99499000";"0,17725000"
"202400030233";"24";"07";"2024";"11:35";"1";"60";"60463";"2";"1";"1";"6";"Rue Chateaubriand";"49,27162000";"2,46625000"
"202400030234";"23";"07";"2024";"17:57";"1";"56";"56121";"2";"1";"1";"3";"Boulevard de Normandie";"47,75840000";" -3,37069000"
"202400030235";"30";"08";"2024";"15:50";"1";"69";"69115";"1";"1";"1";"3";"Avenue Edouard Herriot";"45,97896000";"4,72780000"
"202400030236";"23";"07";"2024";"12:06";"1";"56";"56121";"2";"6";"1";"3";"Avenue du Faouëdic";"47,74686000";" -3,36616000"
"202400030237";"31";"08";"2024";"03:40";"5";"67";"67218";"2";"9";"1";"7";"DOUBS (RUE DU)";"48,54985000";"7,73398000"
"202400030238";"31";"08";"2024";"16:00";"1";"64";"64445";"2";"1";"1";"7";"LAURIERS DES";"43,29898000";" -0,33553000"
"202400030239";"24";"07";"2024";"09:20";"1";"51";"51172";"2";"1";"1";"3";"GOISSES";"49,21659000";"4,05663000"
"202400030240";"23";"07";"2024";"14:50";"1";"51";"51172";"2";"2";"1";"3";"PARMENTIER (RUE)";"49,22370000";"4,04782000"
"202400030241";"31";"08";"2024";"04:06";"5";"59";"59650";"2";"2";"1";"3";"LIBERTE (BOULEVARD DE LA)";"50,70780000";"3,18672000"
"202400030242";"24";"07";"2024";"09:45";"1";"51";"51431";"1";"6";"1";"3";"RD 40A";"49,01990935";"3,95060020"
"202400030243";"1";"09";"2024";"02:10";"5";"59";"59350";"2";"1";"1";"2";"Rue de Solférino";"50,63655000";"3,04478000"
"202400030244";"23";"07";"2024";"20:28";"1";"49";"49007";"1";"1";"1";"6";"BRESSIGNY";"47,46610000";" -0,54710000"
"202400030245";"30";"08";"2024";"17:00";"1";"58";"58194";"2";"1";"1";"1";"LEON BLUM";"46,98108000";"3,18788000"
"202400030246";"24";"07";"2024";"21:30";"1";"45";"45234";"2";"1";"1";"6";"5 Boulevard de Verdun";"47,90657000";"1,90445000"
"202400030247";"31";"08";"2024";"14:20";"1";"57";"57463";"2";"1";"1";"6";"111 Rue aux Arènes";"49,10684000";"6,17703000"
"202400030248";"24";"07";"2024";"09:00";"1";"45";"45284";"1";"1";"1";"4";"D2060 PR 92 + 915";"47,92431500";"1,96119600"
"202400030249";"31";"08";"2024";"17:00";"1";"54";"54395";"2";"2";"1";"3";"Cours Léopold";"48,69663766";"6,17430031"
"202400030250";"19";"07";"2024";"19:00";"1";"42";"42275";"2";"1";"1";"3";"Avenue Pierre Mendès-france";"45,47192000";"4,37231000"
"202400030251";"31";"08";"2024";"22:00";"2";"49";"49328";"2";"6";"1";"3";"RESISTANCE (PLACE DE LA)";"47,26725000";" -0,06996900"
"202400030252";"23";"07";"2024";"12:04";"1";"40";"40281";"2";"9";"1";"3";"STEPHENSON (RUE GEORGE)";"43,88310000";" -0,50697000"
"202400030253";"31";"08";"2024";"10:32";"1";"49";"49007";"2";"1";"3";"1";"MOULIN BOULEVARD";"47,49077300";" -0,54805000"
"202400030254";"24";"07";"2024";"06:30";"2";"35";"35238";"2";"2";"1";"3";"BREST (DE)";"48,11210000";" -1,68723000"
"202400030255";"22";"08";"2024";"11:20";"1";"45";"45004";"2";"1";"1";"6";"D2107 PR 1 + 698";"47,97860000";"2,73308000"
"202400030256";"23";"07";"2024";"20:45";"1";"35";"35051";"1";"3";"1";"6";"CHANTEPIE (ROUTE DE)";"48,09704000";" -1,60649000"