"Num_Acc";"jour";"mois";"an";"hrmn";"lum";"dep";"com";"agg";"int";"atm";"col";"adr";"lat";"long"
"202400030257";"31";"08";"2024";"16:40";"1";"44";"44184";"2";"1";"1";"6";"31 Rue de la Paix et des Arts";"47,27680000";" -2,21194000"
"202400030258";"24";"07";"2024";"12:45";"1";"34";"34301";"2";"1";"1";"3";"VERDUN (BOULEVARD DE)";"43,41209000";"3,68755000"
"202400030259";"31";"08";"2024";"14:45";"1";"41";"41018";"2";"1";"1";"7";"WILSON (AVENUE DU PRESIDENT)";"47,58003000";"1,34504000"
"202400030260";"30";"08";"2024";"16:35";"1";"37";"37122";"2";"1";"1";"7";"DOUZILLIERE (RUE DE LA)";"47,34046000";"0,65427000"
"202400030261";"24";"07";"2024";"20:00";"1";"33";"33522";"2";"6";"1";"3";"N/A";"44,79880000";" -0,58267000"
"202400030262";"31";"08";"2024";"10:40";"1";"35";"35051";"1";"1";"2";"6";"LONGCHAMPS (PORTE DES)";"48,14036000";" -1,62663000"
"202400030263";"24";"07";"2024";"13:40";"1";"33";"33318";"2";"1";"1";"7";"N/A";"44,78600000";" -0,66970000"
"202400030264";"30";"08";"2024";"16:35";"1";"35";"35238";"2";"4";"3";"3";"ROOSEVELT (BD FRANKLIN)";"48,09744953";" -1,65727526"
"202400030265";"23";"07";"2024";"23:20";"5";"33";"33162";"2";"2";"1";"6";"N/A";"44,86482000";" -0,66458000"
"202400030266";"24";"07";"2024";"08:15";"1";"31";"31555";"2";"1";"1";"6";"18 MONTAUDRAN (PERIPH EST A61)";"43,57120000";"1,49488000"
"202400030267";"30";"08";"2024";"15:00";"1";"34";"34301";"2";"1";"1";"2";"AGDE (ROUTE DE)";"43,38228000";"3,63911000"
"202400030268";"22";"08";"2024";"15:00";"1";"34";"34301";"2";"1";"1";"6";"LORIOTS (RUE DES)";"43,40403000";"3,65971000"
"202400030269";"23";"07";"2024";"17:30";"1";"29";"29232";"2";"3";"1";"6";"Route de Brest";"48,00740614";" -4,08305348"
"202400030270";"31";"08";"2024";"08:39";"1";"34";"34172";"2";"2";"1";"3";"PRES D'ARENES (AVENUE DES)";"43,59114000";"3,88325000"
"202400030271";"23";"07";"2024";"19:45";"1";"29";"29232";"2";"1";"1";"3";"Rue de Pen Ar Stang";"47,99189600";" -4,10239000"
"202400030272";"31";"08";"2024";"09:05";"1";"30";"30007";"2";"2";"1";"7";"GUESDE (AVE JULES)";"44,11988000";"4,08300000"
"202400030273";"31";"08";"2024";"10:55";"1";"29";"29051";"2";"1";"1";"7";"Avenue du Rouillen";"47,99600519";" -4,06339344"
"202400030274";"24";"07";"2024";"23:34";"3";"17";"17291";"1";"1";"1";"2";"N237";"46,17900000";" -1,12900000"
"202400030275";"30";"08";"2024";"17:25";"1";"15";"15014";"2";"1";"1";"4";"RN 122";"44,91642000";"2,46155000"
"202400030276";"14";"06";"2024";"19:07";"1";"16";"16015";"2";"1";"2";"6";"N/A";"45,63322400";"0,17311900"
"202400030277";"31";"08";"2024";"17:30";"1";"14";"14137";"1";"1";"7";"3";"Route de Caumont";"49,18409000";" -0,45852000"
"202400030278";"24";"07";"2024";"13:45";"1";"13";"13117";"2";"1";"1";"3";"ROUTE NATIONALE 113 - AGNEAU";"43,46720649";"5,23200274"
"202400030279";"31";"08";"2024";"14:54";"1";"13";"13206";"2";"2";"1";"3";"BRETEUIL (RUE)";"43,28806000";"5,37680000"
"202400030280";"31";"08";"2024";"09:30";"1";"13";"13215";"2";"3";"1";"3";"SAINT ANTOINE A SAINT JOSEPH (CHEMIN DE)";"43,35951000";"5,36450000"
"202400030281";"24";"07";"2024";"09:25";"1";"13";"13004";"1";"2";"1";"3";"RTE D EYGUIERES";"43,66138000";"4,66019000"
"202400030282";"24";"07";"2024";"14:15";"1";"13";"13001";"1";"9";"7";"1";"RD 7";"43,55319287";"5,43930816"
"202400030283";"30";"08";"2024";"16:15";"1";"13";"13001";"1";"1";"1";"2";"RD9";"43,45262000";"5,30803000"
"202400030284";"23";"07";"2024";"11:34";"1";"10";"10333";"2";"6";"8";"6";"Rue Charles Baltet";"48,28381000";"4,05711000"
"202400030285";"31";"08";"2024";"22:05";"3";"06";"06069";"2";"1";"1";"6";"3 Boulevard Fragonard";"43,65730300";"6,92450200"
"202400030286";"17";"02";"2024";"19:50";"3";"07";"07231";"1";"1";"1";"3";"D579";"44,59082628";"4,39373821"
"202400030287";"31";"08";"2024";"18:40";"1";"06";"06069";"2";"9";"1";"3";"128 Route de Cannes";"43,63763000";"6,95093000"
"202400030288";"24";"07";"2024";"17:10";"1";"75";"75113";"2";"1";"1";"3";"BD PERIPHERIQUE INTERIEUR";"48,81840339";"2,36934578"
"202400030289";"31";"08";"2024";"20:00";"2";"75";"75120";"2";"1";"1";"4";"BD PERIPHERIQUE INTERIEUR";"48,86874200";"2,41325200"
"202400030290";"22";"07";"2024";"18:00";"1";"75";"75113";"2";"1";"1";"3";"BD PERIPHERIQUE EXTERIEUR";"48,81791600";"2,35203500"
"202400030291";"31";"08";"2024";"08:40";"1";"75";"75119";"2";"3";"1";"3";"RUE DE CAMBRAI";"48,89427800";"2,37766300"
"202400030292";"24";"07";"2024";"16:37";"1";"75";"75116";"2";"1";"1";"3";"BD PERIPHERIQUE INTERIEUR";"48,87765500";"2,28034400"
"202400030293";"23";"07";"2024";"20:12";"1";"75";"75120";"2";"3";"1";"6";"BOULEVARD DE BELLEVILLE";"48,86956950";"2,38003600"
"202400030294";"31";"08";"2024";"02:20";"5";"75";"75118";"2";"2";"1";"3";"RUE DE LA CHAPELLE";"48,89025000";"2,35991400"
"202400030295";"24";"07";"2024";"22:35";"5";"75";"75106";"2";"3";"1";"7";"BOULEVARD SAINT MICHEL";"48,85030800";"2,34254500"
"202400030296";"31";"08";"2024";"08:15";"1";"75";"75117";"2";"2";"1";"1";"BOULEVARD GOUVION SAINT CYR";"48,88312500";"2,28741400"
"202400030297";"24";"07";"2024";"14:35";"1";"75";"75106";"2";"4";"1";"6";"PLACE DU DIX HUIT JUIN 1940";"48,84421400";"2,32420600"
"202400030298";"31";"08";"2024";"01:10";"5";"75";"75117";"2";"3";"1";"6";"AVENUE DES TERNES";"48,87834500";"2,29556800"
"202400030299";"24";"07";"2024";"14:40";"1";"75";"75116";"2";"3";"1";"6";"AVENUE DE LA GRANDE ARMEE";"48,87715000";"2,28364600"
"202400030300";"31";"08";"2024";"15:00";"1";"75";"75113";"2";"3";"1";"6";"BOULEVARD MASSENA";"48,82112100";"2,36888100"
"202400030301";"24";"07";"2024";"12:15";"1";"75";"75116";"2";"3";"1";"1";"AVENUE PAUL DOUMER";"48,85984700";"2,27978300"
"202400030302";"31";"08";"2024";"16:00";"1";"75";"75112";"2";"2";"1";"6";"RUE DE LYON";"48,84666900";"2,37201600"
"202400030303";"24";"07";"2024";"09:40";"1";"75";"75115";"2";"3";"1";"2";"RUE JACQUES BAUDRY";"48,82846300";"2,30322800"
"202400030304";"31";"08";"2024";"02:50";"5";"75";"75111";"2";"2";"1";"3";"BOULEVARD DE BELLEVILLE";"48,86893500";"2,38047300"
"202400030305";"23";"07";"2024";"20:05";"1";"75";"75115";"2";"1";"1";"2";"AVENUE DE LA PORTE DE SEVRES";"48,83479400";"2,27765900"
"202400030306";"30";"08";"2024";"19:30";"2";"75";"75102";"2";"3";"2";"1";"BOULEVARD MONTMARTRE";"48,87170400";"2,34161800"
"202400030307";"23";"07";"2024";"12:55";"1";"75";"75114";"2";"3";"1";"3";"RUE D ALESIA";"48,82782000";"2,33032000"
"202400030308";"31";"08";"2024";"14:59";"1";"94";"94078";"2";"1";"1";"6";"Rue Henri Leduc";"48,73201000";"2,44802000"
"202400030309";"24";"07";"2024";"14:10";"1";"75";"75111";"2";"1";"1";"6";"BOULEVARD DE MENILMONTANT";"48,86343800";"2,38663400"
"202400030310";"24";"07";"2024";"11:05";"1";"75";"75111";"2";"7";"1";"3";"PLACE DE LA NATION";"48,84937500";"2,39533500"
"202400030311";"31";"08";"2024";"09:40";"1";"94";"94021";"2";"3";"1";"3";"Boulevard Circulaire";"48,76634000";"2,34559000"
"202400030312";"23";"07";"2024";"23:30";"5";"75";"75110";"2";"3";"1";"3";"BOULEVARD DE MAGENTA";"48,88360500";"2,34957100"
"202400030313";"31";"08";"2024";"08:50";"1";"94";"94021";"2";"3";"1";"3";"Avenue de la Villette";"48,76886600";"2,35189000"
"202400030314";"24";"07";"2024";"08:55";"1";"75";"75109";"2";"3";"1";"3";"RUE ROUGEMONT";"48,87104300";"2,34572900"
"202400030315";"31";"08";"2024";"11:45";"1";"94";"94011";"2";"2";"1";"3";"Rue Pierre Sémard";"48,76264000";"2,47871000"
"202400030316";"24";"07";"2024";"00:30";"5";"94";"94068";"2";"1";"1";"7";"Quai Winston Churchill";"48,79560435";"2,52218521"
"202400030317";"31";"08";"2024";"15:10";"1";"93";"93064";"2";"2";"1";"5";"Avenue Faidherbe / Avenue Jean Jaurès";"48,86096690";"2,48946369"
"202400030318";"23";"07";"2024";"18:30";"1";"94";"94028";"2";"1";"1";"3";"Avenue Francois Mauriac";"48,78594915";"2,45441222"
"202400030319";"30";"08";"2024";"06:30";"5";"93";"93053";"2";"1";"1";"6";"AVENIR (RUE DE L') N° 67 A ... - 116 A .";"48,88175021";"2,45704436"
"202400030320";"23";"07";"2024";"11:30";"1";"94";"94028";"2";"1";"2";"2";"Rue Juliette Savar";"48,77811200";"2,46665200"
"202400030321";"30";"08";"2024";"11:10";"1";"93";"93053";"2";"1";"2";"6";"Allee du Londeau";"48,88668793";"2,46387615"
"202400030322";"24";"07";"2024";"19:20";"1";"94";"94077";"2";"2";"1";"3";"Avenue de la République";"48,73164000";"2,41317000"
"202400030323";"30";"08";"2024";"18:15";"1";"92";"92012";"2";"1";"8";"3";"SEVRES (RUE DE) 1/55 - 2/40";"48,83624942";"2,22794563"
"202400030324";"23";"07";"2024";"17:50";"1";"94";"94018";"2";"2";"1";"6";"Rue de Paris";"48,82149508";"2,41378185"
"202400030325";"31";"08";"2024";"15:50";"1";"08";"08357";"1";"1";"7";"2";"chateau du liry - route départementale 6";"49,66553678";"4,96817689"
"202400030326";"24";"07";"2024";"19:00";"1";"93";"93066";"2";"9";"1";"1";"REPUBLIQUE";"48,93693200";"2,35097900"
"202400030327";"31";"08";"2024";"10:40";"1";"62";"62843";"1";"2";"1";"3";"D343";"50,48162300";"2,18203100"
"202400030328";"23";"07";"2024";"19:37";"1";"93";"93057";"2";"2";"1";"3";"Avenue de Chanzy / Allée Paul Lafargue";"48,91013000";"2,51930000"
"202400030329";"31";"08";"2024";"19:30";"1";"09";"09167";"1";"1";"1";"6";"Route d?Auterive";"43,28364900";"1,35490700"
"202400030330";"24";"07";"2024";"09:13";"1";"92";"92072";"2";"1";"1";"6";"VILLE D'AVRAY (RUE DE )";"48,82578000";"2,20588000"
"202400030331";"1";"09";"2024";"02:00";"3";"05";"05161";"1";"1";"1";"7";"D1091";"44,93756200";"6,58003800"
"202400030332";"24";"07";"2024";"04:35";"2";"92";"92063";"2";"1";"1";"7";"GALLIENI (RUE)";"48,87477000";"2,20101000"
"202400030333";"30";"08";"2024";"15:20";"1";"05";"05085";"2";"1";"1";"7";"Route de France";"44,93417500";"6,73194800"
"202400030334";"19";"07";"2024";"07:56";"1";"92";"92063";"2";"1";"1";"6";"BONAPARTE (AVENUE NAPOLEON) NORD";"48,87090088";"2,15983048"
"202400030335";"24";"07";"2024";"12:05";"1";"92";"92051";"2";"3";"1";"2";"CHARLES DE GAULLE (AVENUE, N° 18 A 116)";"48,88244564";"2,26753950"
"202400030336";"22";"08";"2024";"17:12";"1";"21";"21192";"1";"6";"1";"2";"Route de Dijon";"47,29575400";"4,94616800"
"202400030337";"24";"07";"2024";"09:55";"1";"92";"92050";"2";"1";"1";"3";"BOULEVARD DE LA DEFENSE";"48,89654083";"2,23124474"
"202400030338";"28";"08";"2024";"07:20";"1";"37";"37193";"1";"1";"1";"6";"A85";"47,26720100";"0,24504200"
"202400030339";"23";"07";"2024";"14:45";"1";"92";"92036";"2";"1";"1";"6";"BEAUMARCHAIS (BOULEVARD)";"48,93132705";"2,28604174"
"202400030340";"31";"08";"2024";"05:00";"3";"56";"56166";"1";"6";"1";"6";"Pont En Daul";"47,90187200";" -3,33557400"
"202400030341";"30";"08";"2024";"00:25";"3";"56";"56205";"1";"1";"1";"7";"Clos Cachet";"47,55826200";" -2,69426800"
"202400030342";"1";"09";"2024";"06:00";"2";"80";"80262";"2";"1";"1";"6";"535 Route du Val de Somme";"50,06511100";"1,88584900"
"202400030343";"24";"07";"2024";"11:40";"1";"92";"92026";"2";"1";"1";"4";"JOFFRE ( DE 30 A 50 ET DE 31 A 55 )";"48,90029160";"2,27428570"
"202400030344";"31";"08";"2024";"17:10";"1";"65";"65039";"1";"1";"1";"1";"Col d'Aspin (Col de montagne)";"42,93933400";"0,33783000"
"202400030345";"23";"07";"2024";"18:50";"1";"92";"92036";"2";"1";"1";"2";"INTERCOMMUNAL (B)";"48,93384658";"2,28157101"
"202400030346";"31";"08";"2024";"17:40";"1";"33";"33036";"2";"6";"1";"6";"N/A";"44,43551900";" -0,23889900"
"202400030347";"22";"07";"2024";"17:20";"1";"92";"92036";"2";"1";"1";"6";"DOCTEUR FLEMING ( AVNUE DU )";"48,93310619";"2,28116775"
"202400030348";"31";"08";"2024";"16:15";"1";"71";"71111";"1";"2";"1";"3";"D92";"46,58393700";"4,12033400"
"202400030349";"2";"10";"2024";"16:50";"1";"04";"04039";"2";"1";"1";"6";"Chemin de Destourbes";"43,84125200";"6,53467700"
"202400030350";"25";"07";"2024";"16:25";"1";"78";"78356";"1";"1";"1";"1";"Chemin Departemental 195";"48,73910800";"2,06327500"
"202400030351";"1";"09";"2024";"09:50";"1";"71";"71148";"2";"1";"1";"3";"Route de Belmont";"46,17916900";"4,28133700"
"202400030352";"24";"09";"2024";"18:30";"1";"68";"68309";"2";"1";"1";"6";"Rue du Maréchal Foch";"47,65578983";"7,45615500"
"202400030353";"1";"09";"2024";"11:40";"1";"89";"89131";"1";"2";"1";"7";"D965";"47,84201000";"4,23738600"
"202400030354";"23";"05";"2024";"15:45";"1";"974";"97415";"1";"1";"1";"3";"Rue Gabriel Martin";" -20,97784500";"55,32938500"
"202400030355";"6";"10";"2024";"14:00";"1";"68";"68287";"1";"1";"1";"2";"Route Départementale 83";"47,93702658";"7,27904142"
"202400030356";"23";"07";"2024";"08:10";"1";"49";"49089";"1";"1";"5";"6";"D770";"47,58711300";" -0,89821800"
"202400030357";"24";"07";"2024";"14:30";"1";"01";"01443";"2";"1";"1";"3";"Rue Saint Michel";"46,00069200";"5,01939500"
"202400030358";"6";"10";"2024";"18:25";"1";"67";"67104";"1";"1";"1";"1";"D65";"48,98839900";"7,85453800"
"202400030359";"6";"10";"2024";"17:00";"1";"73";"73150";"1";"1";"8";"6";"D220 - Route des Barrières";"45,56549920";"6,71245828"
"202400030360";"24";"07";"2024";"21:30";"5";"67";"67073";"2";"1";"1";"6";"71 Rue du Marechal Foch";"48,27234300";"7,39916100"
"202400030361";"7";"10";"2024";"14:48";"1";"73";"73006";"1";"1";"1";"6";"N90 Tunnel du Siaix";"45,52239728";"6,57378355"
"202400030362";"6";"10";"2024";"18:00";"1";"38";"38097";"1";"1";"1";"7";"D18";"45,76918400";"5,19971400"
"202400030363";"7";"10";"2024";"08:25";"1";"69";"69296";"1";"1";"8";"5";"Route de Chasse";"45,64604300";"4,83190300"
"202400030364";"6";"10";"2024";"07:00";"2";"86";"86156";"1";"1";"2";"6";"Route de la Bruyère";"47,00856600";"0,14940700"
"202400030365";"28";"08";"2024";"17:30";"1";"33";"33322";"2";"1";"1";"5";"N/A";"44,94762900";" -0,64851900"
"202400030366";"7";"10";"2024";"08:55";"1";"85";"85247";"1";"2";"1";"3";"RD72";"46,96960100";" -1,07496500"
"202400030367";"5";"10";"2024";"16:00";"1";"44";"44026";"2";"1";"7";"6";"16 Rue de la Mainguais";"47,27855600";" -1,49345900"
"202400030368";"5";"10";"2024";"13:40";"1";"14";"14047";"2";"3";"1";"3";"25 Rue Saint-Exupère";"49,27402200";" -0,69798800"
"202400030369";"7";"10";"2024";"14:01";"1";"14";"14456";"1";"1";"1";"1";"Route de Saint-Pierre-sur-Dives";"49,10747800";" -0,17478300"
"202400030370";"6";"10";"2024";"23:30";"3";"22";"22081";"1";"1";"1";"6";"D80";"48,50851600";" -2,66886200"
"202400030371";"6";"10";"2024";"16:00";"1";"76";"76559";"1";"2";"1";"3";"route départementale 34";"49,57921000";"0,62832900"
"202400030372";"6";"10";"2024";"13:35";"1";"76";"76237";"1";"2";"1";"3";"D5";"49,53113600";"0,85540700"
"202400030373";"7";"10";"2024";"04:30";"3";"60";"60282";"2";"1";"1";"7";"31 Rue de Chantilly";"49,18826062";"2,42689985"
"202400030374";"3";"10";"2024";"20:09";"5";"62";"62543";"2";"1";"1";"6";"D197";"50,63777200";"2,32402700"
"202400030375";"4";"10";"2024";"18:00";"1";"62";"62560";"1";"1";"1";"3";"D238";"50,79340537";"1,71469103"
"202400030376";"23";"09";"2024";"09:20";"1";"62";"62103";"2";"1";"2";"1";"D917";"50,14182512";"2,83297888"
"202400030377";"6";"10";"2024";"11:02";"1";"13";"13215";"1";"1";"2";"6";"A7-Sens Lyon vers Marseille";"43,37056776";"5,36114433"
"202400030378";"5";"10";"2024";"20:45";"3";"13";"13216";"1";"1";"1";"6";"A55-Sens Marseille vers Martigues";"43,34470000";"5,34680000"
"202400030379";"5";"10";"2024";"00:10";"3";"13";"13001";"1";"1";"1";"4";"A51-Sens Marseille vers Aix en Provence";"43,51416961";"5,42691569"
"202400030380";"5";"10";"2024";"10:05";"1";"69";"69389";"1";"1";"1";"2";"Boulevard Périphérique Nord";"45,77981000";"4,79662000"
"202400030381";"6";"10";"2024";"14:00";"1";"91";"91521";"1";"1";"2";"6";"RN 449";"48,63470000";"2,40570000"
"202400030382";"6";"10";"2024";"11:35";"1";"91";"91136";"1";"1";"2";"6";"AUTOROUTE A10";"48,71134000";"2,28946000"
"202400030383";"6";"10";"2024";"05:10";"5";"94";"94003";"1";"1";"1";"2";"A6B";"48,80197950";"2,34359623"
"202400030384";"5";"10";"2024";"12:20";"1";"91";"91434";"1";"1";"1";"5";"AUTOROUTE A6";"48,66826000";"2,35435000"
"202400030385";"5";"10";"2024";"10:15";"1";"91";"91377";"1";"9";"1";"6";"AUTOROUTE A10";"48,72123300";"2,29464100"
"202400030386";"6";"10";"2024";"10:00";"1";"78";"78490";"1";"1";"2";"2";"RN12 EXT";"48,79928400";"1,93562600"
"202400030387";"6";"10";"2024";"19:45";"3";"94";"94028";"1";"1";"2";"4";"A86";"48,77614220";"2,43067341"
"202400030388";"6";"10";"2024";"18:00";"1";"77";"77337";"1";"1";"2";"6";"RN104";"48,82902097";"2,61865052"
"202400030389";"20";"05";"2024";"11:40";"1";"88";"88383";"1";"1";"1";"1";"RD 57";"47,98664000";"6,59049000"
"202400030390";"15";"06";"2024";"12:50";"1";"62";"62737";"2";"1";"1";"7";"D937E1";"50,46608488";"2,68570161"
"202400030391";"22";"06";"2024";"02:10";"3";"43";"43234";"1";"1";"1";"7";"D32";"44,97044779";"3,53621203"
"202400030392";"22";"06";"2024";"10:50";"1";"43";"43267";"1";"1";"8";"5";"route de chamalières";"45,20284649";"3,94643409"
"202400030393";"24";"06";"2024";"16:10";"1";"74";"74070";"1";"3";"1";"1";"D1005";"46,28405200";"6,26038300"
"202400030394";"5";"08";"2024";"16:00";"1";"74";"74012";"2";"3";"1";"4";"EUROPE (AVENUE DE L')";"46,17783000";"6,23765000"
"202400030395";"20";"07";"2024";"10:56";"1";"74";"74134";"2";"4";"1";"6";"Impasse de la grange neuve";"46,15427700";"6,66719600"
"202400030396";"10";"07";"2024";"20:15";"1";"74";"74010";"2";"1";"1";"1";"Chemin de la confrérie";"45,88014200";"6,09141500"
"202400030397";"2";"08";"2024";"14:30";"1";"74";"74012";"2";"6";"1";"2";"ETREMBIERES (ROUTE D')";"46,19003000";"6,23320000"
"202400030398";"29";"07";"2024";"17:40";"1";"74";"74012";"2";"1";"1";"3";"DE GAULLE (AVENUE CHARLES)";"46,18439000";"6,24697000"