"Num_Acc";"jour";"mois";"an";"hrmn";"lum";"dep";"com";"agg";"int";"atm";"col";"adr";"lat";"long"
"202400030399";"22";"07";"2024";"22:34";"3";"74";"74297";"2";"1";"1";"1";"Route de Geneve";"45,92111400";"5,93496100"
"202400030400";"4";"08";"2024";"23:35";"5";"74";"74010";"2";"2";"1";"3";"LOVERCHY (CIMETIERE/AVENUE)";"45,89677000";"6,12073000"
"202400030401";"17";"07";"2024";"18:15";"1";"74";"74108";"2";"1";"1";"7";"168 R des Pres Bernard";"45,82706600";"6,19990000"
"202400030402";"14";"07";"2024";"11:30";"1";"74";"74159";"1";"2";"1";"3";"D1205";"45,99515800";"6,63067300"
"202400030403";"14";"07";"2024";"12:45";"1";"74";"74278";"2";"3";"1";"3";"25 Route du plan";"46,08182700";"6,53821700"
"202400030404";"14";"07";"2024";"06:30";"2";"74";"74001";"1";"1";"1";"6";"D22";"46,28793700";"6,68992300"
"202400030405";"12";"07";"2024";"17:35";"1";"74";"74267";"2";"1";"1";"6";"1076 Route d'albertville";"45,87398500";"6,14150000"
"202400030406";"22";"07";"2024";"11:35";"1";"74";"74236";"2";"1";"1";"6";"317 Avenue de geneve";"45,90498600";"6,70043700"
"202400030407";"13";"07";"2024";"22:12";"3";"74";"74256";"2";"9";"1";"1";"route de Méribel";"45,94989300";"6,64362800"
"202400030408";"12";"07";"2024";"15:10";"1";"74";"74238";"1";"1";"1";"5";"D902";"46,24706700";"6,63662700"
"202400030409";"11";"07";"2024";"17:00";"1";"74";"74293";"2";"1";"1";"3";"Route des Voirons";"46,26903100";"6,25830400"
"202400030410";"2";"07";"2024";"12:05";"1";"74";"74201";"1";"1";"1";"2";"A41";"46,10906100";"6,09458000"
"202400030411";"7";"07";"2024";"01:00";"5";"74";"74263";"1";"1";"1";"1";"route de bonnatrait";"46,33570600";"6,39853800"
"202400030412";"8";"07";"2024";"07:00";"2";"74";"74191";"1";"1";"1";"7";"Chemin des raverettes";"46,15553200";"6,70506400"
"202400030413";"28";"06";"2024";"09:50";"1";"74";"74295";"1";"1";"1";"3";"D902";"46,31748800";"6,60278300"
"202400030414";"25";"06";"2024";"17:20";"1";"74";"74264";"2";"1";"1";"2";"avenue du mont blanc";"46,05566600";"6,56116100"
"202400030415";"6";"07";"2024";"10:20";"1";"74";"74137";"1";"1";"3";"6";"Route de la Filière";"46,00132900";"6,20309700"
"202400030416";"28";"06";"2024";"17:58";"1";"74";"74095";"1";"1";"1";"1";"Route des bondets";"45,95111200";"5,90870300"
"202400030417";"24";"06";"2024";"15:00";"1";"74";"74311";"1";"1";"1";"7";"2863 Route des verdets";"46,17254100";"6,40343900"
"202400030418";"20";"06";"2024";"11:15";"1";"74";"74164";"2";"2";"2";"2";"Avenue d'anterne";"46,08016633";"6,50341851"
"202400030419";"19";"06";"2024";"09:15";"1";"74";"74233";"1";"9";"1";"2";"Autoroute A41 sens ANNECY CHAMBERY";"45,80758200";"5,98321400"
"202400030420";"4";"10";"2024";"13:35";"1";"973";"97302";"2";"2";"1";"6";"ARAGO (FRANCOIS)";"4,93878000";" -52,33174000"
"202400030421";"4";"10";"2024";"23:12";"5";"973";"97302";"2";"1";"1";"3";"ZEPHIR (ROCADE)";"4,93810000";" -52,30600000"
"202400030422";"4";"10";"2024";"19:32";"5";"973";"97302";"2";"9";"1";"3";"BADUEL (ROUTE DE)";"4,93145000";" -52,30647000"
"202400030423";"5";"10";"2024";"21:05";"5";"69";"69387";"2";"2";"1";"3";"Avenue Jean Jaurès";"45,74245000";"4,84017000"
"202400030424";"5";"10";"2024";"08:40";"1";"971";"97120";"2";"1";"1";"6";"VICTOIRE(PLACE DE LA)";"16,23694000";" -61,53480000"
"202400030425";"5";"10";"2024";"06:25";"2";"971";"97113";"1";"1";"1";"7";"SECTION TOMBEAU";"16,22927000";" -61,47533000"
"202400030426";"5";"10";"2024";"00:35";"3";101;101004";"2";"4";"1";"1";"1 Cours Jean Nicoli";"41,93219432";"8,74071836"
"202400030427";"5";"10";"2024";"16:10";"1";"91";"91228";"2";"9";"7";"6";"BD CHAMPS ELYSEES 198";"48,64099000";"2,42808000"
"202400030428";"5";"10";"2024";"12:30";"1";"91";"91174";"2";"6";"1";"3";"BD JEAN JAURES";"48,61161000";"2,46177000"
"202400030429";"5";"10";"2024";"15:00";"1";"30";"30011";"2";"6";"1";"3";"100 (ROUTE NATIONALE)";"43,95826600";"4,74590100"
"202400030430";"5";"10";"2024";"16:25";"1";"83";"83061";"2";"3";"1";"3";"D8";"43,42577000";"6,71425000"
"202400030431";"5";"10";"2024";"17:25";"1";"78";"78224";"2";"1";"1";"2";"JEAN MERMOZ (RUE)";"48,86887000";"2,07140000"
"202400030432";"4";"10";"2024";"22:55";"5";"78";"78172";"2";"2";"1";"3";"AMBASSADEUR (RUE DE L')";"49,01325000";"2,09011000"
"202400030433";"5";"10";"2024";"18:35";"1";"77";"77083";"2";"1";"1";"6";"PAUL CEZANNE (AVENUE)";"48,84040000";"2,60380000"
"202400030434";"4";"10";"2024";"17:35";"1";"73";"73065";"2";"1";"1";"6";"Place du 8 mai 1945";"45,56640000";"5,92125000"
"202400030435";"5";"10";"2024";"16:45";"1";"72";"72181";"2";"3";"1";"1";"BARBUSSE HENRI (RUE)";"47,98901000";"0,19080000"
"202400030436";"4";"10";"2024";"22:45";"5";"71";"71270";"2";"6";"1";"6";"HERRIOT (AVENUE EDOUARD)";"46,29504000";"4,82023000"
"202400030437";"5";"10";"2024";"23:10";"5";"67";"67482";"2";"3";"1";"3";"POLYGONE (ROUTE DU)";"48,56397000";"7,76111000"
"202400030438";"4";"10";"2024";"16:40";"1";"64";"64122";"2";"1";"1";"2";"DASSAULT MARCEL (BD)";"43,46530000";" -1,54249000"
"202400030439";"5";"10";"2024";"13:50";"1";"63";"63113";"2";"2";"1";"2";"THERMAL (BD) / av du Puy de Dôme";"45,78768000";"3,05762000"
"202400030440";"5";"10";"2024";"13:00";"1";"63";"63113";"2";"3";"1";"4";"COTE BLATIN (BD)";"45,76817000";"3,08863000"
"202400030441";"4";"10";"2024";"19:30";"1";"59";"59636";"2";"1";"1";"6";"LECLERCQ RUE DU GENERAL";"50,68492000";"3,04928000"
"202400030442";"4";"10";"2024";"10:15";"1";"59";"59560";"2";"1";"1";"6";"Rue Roger Bouvry";"50,54535000";"3,02512000"
"202400030443";"5";"10";"2024";"19:35";"1";"59";"59122";"2";"1";"1";"6";"SOUFFLETS (RUE DES)";"50,16511000";"3,24834000"
"202400030444";"5";"10";"2024";"17:50";"1";"56";"56121";"2";"6";"1";"1";"Avenue Raymond Queudet";"47,75838000";" -3,39047000"
"202400030445";"5";"10";"2024";"21:15";"5";"51";"51454";"2";"2";"1";"3";"PIPER (RUE)";"49,25510000";"4,04050000"
"202400030446";"5";"10";"2024";"17:13";"1";"49";"49007";"2";"1";"1";"2";"NOYERS";"47,46572000";" -0,53138000"
"202400030447";"5";"10";"2024";"14:56";"1";"49";"49353";"2";"1";"1";"2";"MALEMBARDIERES";"47,45080000";" -0,47277000"
"202400030448";"5";"10";"2024";"02:00";"5";"44";"44109";"2";"6";"1";"1";"48 Route de Sainte Luce";"47,23067000";" -1,52322000"
"202400030449";"5";"10";"2024";"10:45";"1";"37";"37261";"2";"6";"1";"6";"POMPIDOU (AVENUE GEORGES)";"47,39459000";"0,70461000"
"202400030450";"5";"10";"2024";"04:38";"5";"37";"37261";"2";"2";"1";"3";"MIRABEAU (RUE)";"47,39753000";"0,69946000"
"202400030451";"4";"10";"2024";"17:15";"1";"34";"34172";"2";"1";"1";"3";"LAVERUNE (ROUTE DE";"43,59688000";"3,83831000"
"202400030452";"5";"10";"2024";"20:15";"5";"33";"33063";"2";"2";"1";"1";"N/A";"44,85825000";" -0,62321000"
"202400030453";"5";"10";"2024";"12:55";"1";"33";"33550";"2";"2";"1";"5";"N/A";"44,78208000";" -0,54036000"
"202400030454";"5";"10";"2024";"02:50";"5";"33";"33069";"2";"2";"1";"6";"N/A";"44,85379000";" -0,59359000"
"202400030455";"4";"10";"2024";"22:35";"5";"31";"31555";"1";"1";"1";"2";"VA007518 A68";"43,64322185";"1,49442616"
"202400030456";"5";"10";"2024";"04:30";"5";"31";"31555";"1";"6";"1";"6";"Rd Pt Firmin Pons";"43,56906850";"1,37399107"
"202400030457";"5";"10";"2024";"13:05";"1";"25";"25056";"2";"1";"1";"2";"MITTERAND AVENUE FRANCOIS";"47,22401000";"5,99278000"
"202400030458";"5";"10";"2024";"23:08";"5";"17";"17300";"2";"2";"3";"3";"HUGUENOTE   RUE DE LA";"46,15005800";" -1,15477200"
"202400030459";"4";"10";"2024";"17:55";"1";"15";"15014";"2";"6";"1";"3";"Giratoire  Canteloube/Marmiesse";"44,90658000";"2,43949000"
"202400030460";"5";"10";"2024";"15:30";"1";"13";"13205";"2";"1";"1";"3";"SAKAKINI (BOULEVARD)";"43,29559128";"5,40052952"
"202400030461";"5";"10";"2024";"11:10";"1";"06";"06088";"2";"6";"1";"3";"Boulevard du Mercantour";"43,70267100";"7,18924400"
"202400030462";"5";"10";"2024";"08:55";"1";"06";"06069";"1";"1";"1";"1";"80 Boulevard Docteur Belletrud";"43,66511600";"6,89229900"
"202400030463";"5";"10";"2024";"19:45";"5";"01";"01053";"2";"3";"1";"3";"boulevard édouard herriot";"46,21297000";"5,21832600"
"202400030464";"4";"10";"2024";"16:40";"1";"01";"01053";"2";"1";"1";"2";"MERCIER (AVENUE AMEDEE DU 45 AU FIN)";"46,19742000";"5,26240000"
"202400030465";"5";"10";"2024";"18:35";"1";"75";"75113";"2";"1";"1";"2";"BD PERIPHERIQUE INTERIEUR";"48,82243300";"2,38022100"
"202400030466";"5";"10";"2024";"06:00";"5";"75";"75119";"2";"3";"1";"6";"RUE D AUBERVILLIERS";"48,88638300";"2,36662000"
"202400030467";"5";"10";"2024";"08:36";"1";"75";"75119";"2";"2";"1";"6";"AVENUE DE FLANDRE";"48,88406400";"2,36870100"
"202400030468";"5";"10";"2024";"14:35";"1";"75";"75117";"2";"1";"1";"6";"RUE POUCHET";"48,89225600";"2,31908200"
"202400030469";"4";"10";"2024";"17:35";"1";"75";"75114";"2";"2";"1";"2";"BOULEVARD BRUNE";"48,82475500";"2,31831000"
"202400030470";"5";"10";"2024";"02:50";"5";"75";"75107";"2";"1";"1";"7";"BOULEVARD RASPAIL";"48,85487800";"2,32575000"
"202400030471";"5";"10";"2024";"00:30";"5";"75";"75107";"2";"2";"1";"3";"RUE VANEAU";"48,85168500";"2,31904200"
"202400030472";"5";"10";"2024";"18:00";"1";"94";"94078";"2";"1";"1";"7";"Avenue des Fusillés";"48,72873000";"2,44785000"
"202400030473";"5";"10";"2024";"15:30";"1";"94";"94042";"2";"9";"1";"6";"Avenue du President Kennedy";"48,81735135";"2,46720837"
"202400030474";"5";"10";"2024";"06:50";"5";"94";"94038";"2";"2";"2";"1";"Bd Paul Vaillant Couturier";"48,78094000";"2,34127000"
"202400030475";"5";"10";"2024";"19:00";"1";"94";"94069";"2";"1";"1";"2";"Av du Mal de Lattre de Tassigny";"48,82002988";"2,41975687"
"202400030476";"5";"10";"2024";"13:02";"1";"94";"94071";"2";"3";"1";"6";"Rue des Fontaines";"48,77232242";"2,51748517"
"202400030477";"4";"10";"2024";"18:20";"1";"94";"94071";"2";"1";"1";"6";"Route de Bonneuil";"48,77048000";"2,50812000"
"202400030478";"5";"10";"2024";"18:30";"1";"93";"93078";"2";"1";"1";"2";"DE GAULLE (AVENUE CHARLES)";"48,95703345";"2,55488346"
"202400030479";"5";"10";"2024";"20:20";"5";"93";"93073";"2";"2";"1";"3";"PETITS PONTS (ROUTE DES)";"48,96220000";"2,55923000"
"202400030480";"5";"10";"2024";"12:00";"1";"93";"93066";"2";"3";"1";"3";"LIBERATION RD14 (BOULEVARD)";"48,92661417";"2,34178865"
"202400030481";"4";"10";"2024";"11:10";"1";"93";"93048";"2";"2";"1";"1";"PAUL VAILLANT COUTURIER (BOULEVARD)";"48,86676606";"2,44512054"
"202400030482";"5";"10";"2024";"12:50";"1";"93";"93045";"2";"1";"1";"3";"COQ FRANCAIS RUE DU";"48,87841000";"2,41483000"
"202400030483";"5";"10";"2024";"11:45";"1";"93";"93079";"2";"1";"1";"1";"ROGER SALENGRO";"48,96235639";"2,34458699"
"202400030484";"4";"10";"2024";"18:51";"2";"93";"93029";"2";"3";"1";"3";"HENRI BARBUSSE (AVE) N°2-124";"48,91756423";"2,44674683"
"202400030485";"5";"10";"2024";"14:46";"1";"93";"93001";"2";"1";"1";"6";"PRESIDENT ROOSEVELT (AVENUE DU)";"48,91591000";"2,38037000"
"202400030486";"5";"10";"2024";"00:50";"5";"92";"92064";"2";"3";"1";"6";"MARCEL DASSAULT";"48,85412290";"2,22263373"
"202400030487";"5";"10";"2024";"00:40";"5";"92";"92050";"2";"2";"1";"3";"FAIDHERBE RUE";"48,89730000";"2,19755000"
"202400030488";"6";"10";"2024";"07:30";"1";"38";"38019";"1";"1";"2";"3";"Route des Grenouillères";"45,42760100";"4,81332100"
"202400030489";"4";"10";"2024";"09:00";"1";"17";"17030";"1";"3";"1";"4";"départementale 137";"45,74308900";" -0,86079600"
"202400030490";"2";"10";"2024";"05:55";"3";"22";"22209";"1";"1";"2";"1";"D768";"48,58168200";" -2,12640200"
"202400030491";"4";"10";"2024";"11:12";"1";"06";"06006";"2";"9";"1";"6";"97 route de nice";"43,78481700";"7,24447200"
"202400030492";"6";"10";"2024";"14:15";"1";"974";"97413";"2";"1";"1";"7";"Chemin Augustin Gruchet";" -21,21497500";"55,31482600"
"202400030493";"4";"10";"2024";"17:08";"1";"34";"34282";"1";"1";"1";"7";"A750";"43,62670900";"3,66359000"
"202400030494";"5";"10";"2024";"02:20";"3";"87";"87191";"1";"1";"1";"6";"Route de Périgueux";"45,72217044";"1,02206887"
"202400030495";"5";"10";"2024";"15:00";"1";"62";"62870";"2";"6";"1";"2";"D142";"50,40449093";"1,72550511"
"202400030496";"5";"10";"2024";"17:20";"1";"62";"62172";"1";"1";"1";"3";"D917";"50,20019080";"2,81574059"
"202400030497";"4";"10";"2024";"09:45";"1";"89";"89483";"1";"9";"1";"7";"D40";"48,26059900";"3,40574000"
"202400030498";"3";"10";"2024";"17:55";"1";"51";"51030";"2";"1";"1";"7";"Rue Chanzy";"49,05375900";"4,00164600"
"202400030499";"5";"10";"2024";"20:20";"5";101;101271";"2";"1";"1";"3";"RT20 Zone baléone";"41,95597230";"8,79784137"
"202400030500";"5";"10";"2024";"13:45";"1";"69";"69006";"1";"1";"1";"6";"Route de Tarare";"45,96089991";"4,33492560"
"202400030501";"6";"10";"2024";"01:00";"4";"71";"71343";"2";"1";"1";"7";"Rue des Bayards";"46,91401900";"4,63484400"
"202400030502";"5";"10";"2024";"19:15";"2";"63";"63419";"2";"1";"1";"1";"départementale 915";"46,12104052";"2,96193775"
"202400030503";"5";"10";"2024";"16:45";"2";"63";"63155";"1";"1";"7";"1";"pk 22 D997";"45,68219149";"3,45487603"
"202400030504";"4";"10";"2024";"08:30";"1";"49";"49323";"2";"3";"1";"3";"route de paris";"47,52074625";" -0,44678092"
"202400030505";"1";"10";"2024";"18:30";"1";"41";"41280";"2";"1";"2";"3";"37 Avenue de la Commanderie";"47,30100100";"1,76819400"
"202400030506";"5";"10";"2024";"14:00";"1";"39";"39478";"1";"1";"1";"6";"N/A";"46,41173600";"5,93087900"
"202400030507";"6";"10";"2024";"01:15";"3";"39";"39156";"1";"3";"1";"7";"N/A";"46,58266900";"5,77163400"
"202400030508";"5";"10";"2024";"14:25";"1";"25";"25029";"1";"1";"1";"7";"D41";"47,03639463";"6,34284496"
"202400030509";"4";"10";"2024";"21:30";"3";"35";"35224";"1";"1";"1";"1";"route départementale 75";"48,55258600";" -1,86773800"
"202400030510";"13";"07";"2024";"09:00";"1";"29";"29056";"2";"3";"1";"3";"D233";"48,42833884";" -4,30757405"
"202400030511";"4";"10";"2024";"17:00";"1";"29";"29167";"1";"2";"1";"3";"Tourne Ici";"47,97127011";" -4,24944215"
"202400030512";"5";"10";"2024";"16:35";"1";"31";"31033";"2";"1";"1";"6";"27 Route de Toulouse";"43,35316600";"1,46910500"
"202400030513";"6";"10";"2024";"07:15";"2";"31";"31211";"2";"1";"2";"6";"1934 Route de la Mouissagues";"43,75481000";"1,44934700"
"202400030514";"6";"10";"2024";"04:55";"3";"31";"31490";"1";"1";"2";"6";"route départementale 820";"43,75533400";"1,36279800"
"202400030515";"5";"10";"2024";"00:10";"3";"02";"02160";"1";"1";"1";"6";"N/A";"49,71820900";"4,01611400"
"202400030516";"5";"10";"2024";"08:20";"1";"02";"02503";"1";"1";"1";"7";"D1029";"49,85169700";"3,52164100"
"202400030517";"5";"10";"2024";"16:00";"1";"03";"03103";"1";"1";"1";"1";"Chemin des Pinguelles";"46,32508300";"3,79780900"
"202400030518";"5";"10";"2024";"14:10";"1";"03";"03103";"2";"1";"7";"3";"Avenue Honoré PREVERAUD";"46,35010800";"3,79334100"
"202400030519";"4";"10";"2024";"18:30";"1";"72";"72386";"1";"1";"7";"1";"D91";"48,04331600";"0,31019200"
"202400030520";"5";"10";"2024";"11:40";"1";"05";"05040";"1";"1";"1";"2";"N94";"44,55163876";"6,25291992"
"202400030521";"4";"10";"2024";"22:00";"3";"83";"83039";"1";"1";"1";"6";"D554";"43,52133525";"6,01507931"
"202400030522";"5";"10";"2024";"16:30";"1";"60";"60265";"1";"1";"1";"3";"D151";"49,56747100";"2,22179800"
"202400030523";"5";"10";"2024";"10:00";"1";"64";"64420";"1";"1";"1";"1";"Route Départementale 111";"43,32889300";" -0,71943300"
"202400030524";"5";"10";"2024";"16:55";"1";"73";"73162";"1";"1";"1";"1";"D201";"45,60501948";"6,25936523"
"202400030525";"4";"10";"2024";"17:15";"1";"16";"16039";"2";"1";"1";"2";"Route de Montjean";"46,04228100";"0,16910000"
"202400030526";"5";"10";"2024";"21:30";"3";"16";"16287";"1";"4";"2";"6";"N/A";"45,57633200";"0,01365200"
"202400030527";"5";"10";"2024";"11:10";"1";"07";"07296";"1";"1";"1";"7";"Route départemenatle 104";"44,57854056";"4,38106537"
"202400030528";"6";"10";"2024";"06:30";"3";"40";"40178";"1";"1";"1";"6";"D30";"43,86057634";" -0,43292788"
"202400030529";"5";"10";"2024";"19:30";"2";"85";"85047";"2";"3";"2";"7";"route de nantes";"46,85281800";" -1,87341600"
"202400030530";"4";"10";"2024";"17:20";"1";"27";"27153";"1";"1";"7";"7";"D6";"49,28685700";"1,60958300"
"202400030531";"27";"09";"2024";"15:20";"1";"17";"17107";"1";"2";"2";"3";"D5";"46,05587100";" -0,93950300"
"202400030532";"5";"10";"2024";"12:10";"1";"23";"23152";"1";"1";"1";"1";"les Bussières";"46,15812466";"2,24677563"
"202400030533";"5";"10";"2024";"20:05";"5";"37";"37050";"2";"1";"1";"6";"33 Avenue du Grand Sud";"47,34536800";"0,70247700"
"202400030534";"4";"10";"2024";"15:20";"1";"30";"30263";"2";"3";"1";"7";"Cours Gambetta";"43,96521000";"3,85597600"
"202400030535";"5";"10";"2024";"00:10";"3";"48";"48064";"1";"1";"1";"6";"départementale 989";"44,81525300";"3,14127400"
"202400030536";"5";"10";"2024";"15:10";"1";"31";"31296";"1";"1";"1";"6";"autoroute A64 PK 220.200 sens Bayonne/Toulouse";"43,11945757";"0,92302098"
"202400030537";"4";"10";"2024";"10:15";"1";"987";"98715";"2";"1";"1";"7";"Aratia Nelson Mandela - Face 107 - Banque de Polynésie";" -17,55876100";" -149,60629100"
"202400030538";"4";"10";"2024";"17:14";"1";"06";"06027";"1";"1";"2";"7";"A8 pk 181.900 Nord";"43,66085500";"7,15682000"
"202400030539";"6";"10";"2024";"11:25";"1";"57";"57227";"1";"1";"1";"6";"Autoroute A320, PK 6+600, sens Allemagne France";"49,17214000";"6,88331000"
"202400030540";"4";"10";"2024";"16:30";"1";"988";"98808";"1";"1";"1";"6";"Coula (Tribu)";" -21,32639500";"165,44957400"
"202400030541";"4";"10";"2024";"08:30";"1";"971";"97116";"1";"3";"1";"3";"N5";"16,32140100";" -61,42073000"
"202400030542";"5";"10";"2024";"03:30";"3";"977";"97701";"2";"1";"1";"6";"route de LORIENT";"17,90630400";" -62,82368700"
"202400030543";"4";"10";"2024";"19:50";"2";"33";"33535";"1";"1";"1";"7";"N/A";"44,83122200";" -0,46885000"
"202400030544";"5";"10";"2024";"14:57";"1";"91";"91226";"1";"1";"1";"5";"Route Nationale 20";"48,47977000";"2,19174300"
"202400030545";"5";"10";"2024";"15:55";"1";"91";"91226";"1";"1";"1";"5";"N20";"48,51595100";"2,20367100"
"202400030546";"5";"10";"2024";"18:16";"1";101;101247";"2";"1";"1";"1";"RT 10";"41,61417100";"9,27981600"
"202400030547";"4";"10";"2024";"16:15";"1";"66";"66037";"2";"4";"1";"3";"Avenue Mediterranee";"42,69784100";"3,02894900"
"202400030548";"5";"10";"2024";"16:00";"1";"34";"34162";"1";"2";"1";"3";"D32";"43,48550300";"3,47089400"
"202400030549";"23";"06";"2024";"07:30";"1";"13";"13210";"2";"1";"1";"3";"PAUL CLAUDEL (BOULEVARD)";"43,26827597";"5,41886842"
"202400030550";"23";"06";"2024";"00:05";"5";"13";"13216";"2";"1";"1";"1";"LITTORAL (CHEMIN DU)";"43,35144000";"5,34000000"
"202400030551";"23";"06";"2024";"14:20";"1";"12";"12305";"2";"1";"1";"6";"GRANGE ADAM (AVENUE)";"44,56056000";"2,23035000"
"202400030552";"23";"06";"2024";"20:17";"1";"06";"06088";"2";"2";"2";"3";"54 Boulevard de Riquier";"43,70499000";"7,29093000"
"202400030553";"23";"06";"2024";"03:59";"5";"06";"06088";"2";"2";"1";"3";"20 Rue Meyerbeer";"43,69676900";"7,26055100"
"202400030554";"22";"06";"2024";"01:00";"5";"06";"06004";"2";"1";"1";"3";"1422 Route de Grasse";"43,59589910";"7,09134570"
"202400030555";"21";"06";"2024";"12:35";"1";"75";"75116";"2";"1";"2";"2";"BD PERIPHERIQUE EXTERIEUR";"48,83785300";"2,25463200"
"202400030556";"23";"06";"2024";"19:15";"1";"75";"75116";"2";"3";"1";"6";"AVENUE DU PRESIDENT WILSON";"48,86518300";"2,29954000"
"202400030557";"23";"06";"2024";"13:15";"1";"75";"75111";"2";"2";"1";"6";"RUE SEDAINE";"48,85644000";"2,37351100"
"202400030558";"22";"06";"2024";"15:00";"1";"75";"75101";"2";"3";"1";"6";"QUAI DU LOUVRE";"48,85873000";"2,34167400"
"202400030559";"23";"06";"2024";"12:15";"1";"94";"94016";"2";"1";"1";"3";"Avenue de l'Europe";"48,78612693";"2,32783341"
"202400030560";"23";"06";"2024";"06:50";"2";"94";"94041";"2";"1";"1";"2";"13 Rue Pierre et Marie Curie";"48,81400000";"2,37300000"
"202400030561";"23";"06";"2024";"18:00";"1";"93";"93051";"2";"1";"7";"3";"Rue Pierre Brossolette";"48,84814342";"2,54884154"
"202400030562";"23";"06";"2024";"12:55";"1";"93";"93010";"2";"3";"1";"2";"Avenue Galliéni / Rue des Ecoles";"48,90709300";"2,48830100"
"202400030563";"23";"06";"2024";"19:00";"1";"93";"93001";"2";"1";"1";"3";"56 Rue Danielle Casanova";"48,91853100";"2,39271700"
"202400030564";"23";"06";"2024";"09:30";"1";"92";"92046";"2";"1";"1";"6";"GABRIEL PERI";"48,81925123";"2,29914951"
"202400030565";"23";"06";"2024";"14:00";"1";"92";"92025";"2";"3";"1";"3";"VALMY (BD DE)";"48,93392058";"2,25584033"
"202400030566";"23";"06";"2024";"05:53";"2";"92";"92004";"2";"3";"1";"7";"HENIR BARBUSSE ( AVENUE )";"48,90938393";"2,27837563"
"202400030567";"21";"06";"2024";"13:30";"1";"33";"33243";"2";"3";"2";"3";"N/A";"44,91193200";" -0,21747400"
"202400030568";"23";"06";"2024";"11:35";"1";"15";"15066";"1";"1";"1";"7";"RD 680";"45,11505200";"2,67084600"
"202400030569";"23";"06";"2024";"16:50";"1";"65";"65049";"1";"1";"1";"7";"109 Route de Maubourguet";"43,49843100";"0,07215900"
"202400030570";"23";"06";"2024";"15:36";"1";"14";"14150";"1";"1";"1";"6";"D6";"48,96590700";" -0,32711100"
"202400030571";"23";"06";"2024";"22:45";"3";"52";"52087";"1";"5";"1";"3";"D65";"48,09661600";"5,03780500"
"202400030572";"24";"06";"2024";"16:37";"1";"40";"40036";"1";"2";"1";"3";"D366";"43,62476100";" -1,34567500"
"202400030573";"23";"06";"2024";"22:00";"2";"40";"40036";"1";"9";"1";"6";"Route d'Angresse";"43,64184400";" -1,37340900"
"202400030574";"22";"06";"2024";"18:20";"3";"972";"97218";"1";"1";"2";"1";"Rue Marcel Bouquety";"14,76989100";" -61,12843800"
"202400030575";"23";"06";"2024";"01:46";"5";"59";"59037";"2";"1";"1";"1";"Route de Solesmes";"50,18967500";"3,39177900"
"202400030576";"23";"06";"2024";"18:50";"1";"19";"19274";"1";"1";"1";"7";"impassse du réservoir";"45,16831700";"1,47591200"
"202400030577";"19";"06";"2024";"18:55";"1";"56";"56021";"1";"1";"2";"4";"Boul Sapin";"47,78036200";" -3,20027200"
"202400030578";"23";"06";"2024";"23:20";"3";"56";"56153";"1";"1";"1";"1";"Kerdoré";"47,56834160";" -2,31664530"
"202400030579";"22";"06";"2024";"16:45";"1";101;101017";"1";"1";"1";"1";"D161";"41,98128128";"8,78854028"