"Num_Acc";"jour";"mois";"an";"hrmn";"lum";"dep";"com";"agg";"int";"atm";"col";"adr";"lat";"long"
"202400030580";"23";"06";"2024";"20:00";"1";100;100050";"1";"1";"1";"6";"RT 30";"42,55146800";"8,77196600"
"202400030581";"22";"06";"2024";"13:55";"1";"80";"80245";"2";"1";"2";"6";"Rue d'Orion";"50,15826700";"2,08421600"
"202400030582";"23";"06";"2024";"21:50";"3";"32";"32143";"1";"1";"1";"7";"lieu-dit bel air";"44,00565700";"0,48957800"
"202400030583";"23";"06";"2024";"09:45";"1";"89";"89309";"2";"3";"1";"3";"Route de Paris";"48,29379800";"3,19536900"
"202400030584";"24";"06";"2024";"16:50";"1";"63";"63390";"1";"1";"1";"7";"D50";"46,07764678";"3,05605983"
"202400030585";"22";"06";"2024";"18:50";"1";"55";"55248";"2";"1";"1";"6";"D960";"48,55027600";"5,47944200"
"202400030586";"23";"06";"2024";"01:00";"3";"39";"39434";"1";"1";"1";"7";"N/A";"46,82505400";"5,69778400"
"202400030587";"18";"06";"2024";"12:20";"1";"31";"31232";"1";"1";"1";"2";"Avenue de Gascogne";"43,77472900";"1,27703700"
"202400030588";"23";"06";"2024";"12:50";"1";"03";"03019";"1";"1";"1";"7";"Lieu Dit les Communes";"46,59930600";"3,64748200"
"202400030589";"23";"06";"2024";"17:30";"1";"15";"15196";"1";"1";"8";"6";"RN 122";"44,88418500";"2,31513300"
"202400030590";"23";"06";"2024";"01:20";"3";"01";"01140";"1";"1";"2";"7";"Route de Planchemelle";"46,27618000";"5,09262400"
"202400030591";"24";"06";"2024";"03:00";"3";"58";"58267";"2";"1";"1";"6";"17 Faubourg de Decize";"47,10381200";"3,51307400"
"202400030592";"24";"06";"2024";"11:36";"1";"58";"58296";"1";"1";"1";"1";"RN7, PK 106+500";"46,69392224";"3,21217973"
"202400030593";"23";"06";"2024";"17:10";"1";"83";"83007";"2";"1";"1";"7";"D22";"43,61634100";"6,21735000"
"202400030594";"22";"06";"2024";"15:25";"1";"83";"83083";"1";"1";"1";"6";"Route de Cotignac, RD 22; PK17+680";"43,47813300";"6,13702300"
"202400030595";"23";"06";"2024";"12:19";"1";"09";"09032";"1";"1";"1";"6";"Route Nationale 20";"42,68712633";"1,82403330"
"202400030596";"23";"06";"2024";"20:25";"2";"73";"73301";"1";"1";"1";"3";"D49 Route de Grésy";"45,70887600";"5,95133400"
"202400030597";"23";"06";"2024";"10:40";"1";"10";"10140";"1";"1";"1";"2";"D374";"48,03291300";"3,91144400"
"202400030598";"24";"06";"2024";"17:55";"1";"16";"16221";"1";"3";"1";"6";"N/A";"45,85956000";" -0,01767000"
"202400030599";"24";"06";"2024";"17:55";"1";"53";"53068";"1";"3";"1";"3";"le haut brecé";"47,79903400";" -0,90768600"
"202400030600";"20";"06";"2024";"19:30";"1";"21";"21127";"1";"2";"1";"3";"D 903";"47,47013900";"5,07928800"
"202400030601";"24";"06";"2024";"01:40";"3";"30";"30165";"1";"1";"1";"7";"405 Route d'Uzès";"44,09941300";"4,13841200"
"202400030602";"24";"06";"2024";"14:11";"1";"88";"88237";"2";"1";"1";"6";"Moulin de Gorhey";"48,19805000";"6,27885000"
"202400030603";"18";"06";"2024";"13:30";"1";"68";"68300";"1";"1";"1";"3";"A36";"47,77423384";"7,38436762"
"202400030604";"24";"06";"2024";"01:15";"3";"06";"06149";"1";"1";"1";"7";"A500";"43,74558400";"7,37926900"
"202400030605";"23";"06";"2024";"20:00";"1";"51";"51172";"1";"1";"1";"2";"A4 PK 142.100 sens Paris-Metz";"49,21064182";"4,05341377"
"202400030606";"24";"06";"2024";"01:27";"3";"28";"28367";"1";"1";"1";"7";"A10 PK 072+500 direction Paris";"48,14011700";"1,85527300"
"202400030607";"11";"11";"2024";"15:45";"1";"22";"22183";"2";"1";"2";"2";"Rue de la Fontaine";"48,17905300";" -2,58174000"
"202400030608";"11";"11";"2024";"00:30";"3";"35";"35351";"1";"1";"1";"6";"la Bévinais";"48,05839200";" -1,92902300"
"202400030609";"23";"06";"2024";"23:15";"3";"45";"45146";"1";"1";"1";"4";"A71 PR 124 + 500";"47,68502165";"1,90453216"
"202400030610";"10";"11";"2024";"10:40";"1";"29";"29204";"1";"1";"1";"7";"Roc'h glaz 29400 Plouneventer";"48,51883938";" -4,21035057"
"202400030611";"24";"06";"2024";"05:40";"2";"83";"83097";"1";"1";"1";"6";"Autoroute A8 PK 45+600 SUD";"43,48109286";"5,74209243"
"202400030612";"12";"11";"2024";"16:00";"1";"29";"29220";"1";"6";"1";"3";"D2";"47,86239098";" -4,24588436"
"202400030613";"23";"06";"2024";"16:00";"1";"987";"98750";"1";"1";"1";"7";"Faaroa - Traversière pk 2";" -16,82100000";" -151,40400000"
"202400030614";"10";"11";"2024";"13:45";"1";"84";"84014";"2";"1";"1";"6";"Route de Mirabeau";"43,73579000";"5,69007000"
"202400030615";"21";"06";"2024";"16:00";"1";"971";"97117";"1";"1";"1";"1";"Route de Neron";"16,34204400";" -61,39759900"
"202400030616";"11";"11";"2024";"14:15";"1";"01";"01363";"1";"3";"8";"2";"D63";"46,02108600";"5,40818600"
"202400030617";"22";"06";"2024";"21:30";"3";"971";"97118";"1";"2";"1";"3";"Route de la Traversee";"16,20784900";" -61,62988400"
"202400030618";"10";"11";"2024";"21:25";"5";"90";"90093";"2";"1";"8";"6";"2 Rue d'Evette";"47,68849900";"6,83563300"
"202400030619";"22";"06";"2024";"16:20";"1";"972";"97230";"2";"1";"1";"3";"Route nationale 1";"14,73029000";" -60,96491600"
"202400030620";"12";"11";"2024";"07:35";"2";"60";"60086";"1";"1";"8";"1";"N/A";"49,16628600";"2,34285600"
"202400030621";"23";"06";"2024";"16:18";"1";"28";"28185";"1";"1";"1";"2";"Rn 12";"48,76965400";"1,53817200"
"202400030622";"10";"11";"2024";"15:20";"1";"18";"18110";"1";"1";"1";"7";"rue du bourneau";"47,24573600";"2,91948800"
"202400030623";"11";"11";"2024";"16:50";"1";"16";"16104";"2";"1";"1";"6";"Lieu Dit la Vergnee";"46,03157100";"0,23144800"
"202400030624";"23";"06";"2024";"21:30";"5";"77";"77183";"2";"1";"1";"1";"Boulevard de Turenne";"48,94887200";"3,13034200"
"202400030625";"11";"11";"2024";"11:25";"1";"27";"27104";"1";"6";"1";"3";"D6014";"49,38766700";"1,29936900"
"202400030626";"8";"06";"2024";"11:20";"1";"77";"77183";"2";"1";"1";"3";"9 Rue de Chanzy";"48,94902700";"3,12611500"
"202400030627";"11";"11";"2024";"15:30";"1";"87";"87140";"1";"1";"1";"7";"route de l'étang";"45,92960873";"0,95655210"
"202400030628";"8";"06";"2024";"20:10";"1";"77";"77451";"1";"1";"1";"7";"Chemin du Jeu d'Arc";"48,90774900";"3,07548500"
"202400030629";"10";"11";"2024";"20:20";"3";"08";"08275";"1";"9";"1";"6";"N/A";"49,61564600";"5,33785300"
"202400030630";"23";"06";"2024";"18:35";"1";"95";"95351";"2";"1";"1";"3";"D184";"49,04949455";"2,50033870"
"202400030631";"12";"11";"2024";"02:00";"3";"973";"97307";"1";"1";"1";"7";"Larivot";"4,90210700";" -52,35748100"
"202400030632";"23";"06";"2024";"18:58";"1";100;100034";"1";"9";"1";"2";"rt30";"42,63643700";"9,01253100"
"202400030633";"12";"11";"2024";"07:30";"2";"01";"01352";"1";"1";"1";"6";"D26";"46,41955400";"4,97728900"
"202400030634";"24";"06";"2024";"09:00";"1";"13";"13097";"1";"1";"1";"2";"N568";"43,53660300";"4,82317000"
"202400030635";"12";"11";"2024";"07:15";"3";"37";"37131";"1";"1";"1";"1";"RD 31";"47,45657290";"1,01164341"
"202400030636";"22";"06";"2024";"00:25";"3";"13";"13048";"1";"1";"1";"6";"D11 - Route de VAUVENARGUES";"43,58379063";"5,63811226"
"202400030637";"21";"06";"2024";"16:38";"1";"26";"26313";"2";"6";"1";"2";"Avenue de Provence";"44,96823700";"4,95103600"
"202400030638";"12";"11";"2024";"03:56";"3";"53";"53034";"1";"9";"1";"6";"A81 pk 241.500 sens 1";"48,09813621";" -0,70494890"
"202400030639";"4";"06";"2024";"07:45";"1";"44";"44110";"2";"6";"1";"2";"3 Boulevard  paul doumer";"47,43795000";" -1,49984300"
"202400030640";"11";"11";"2024";"11:15";"1";"51";"51428";"1";"1";"1";"2";"A4, PK 158+400";"49,12810864";"4,22984074"
"202400030641";"24";"06";"2024";"17:49";"1";"60";"60103";"2";"1";"7";"2";"D931";"49,41192900";"2,25899100"
"202400030642";"6";"11";"2024";"17:35";"3";"68";"68118";"2";"2";"5";"3";"Rue de la Rampe";"47,73246200";"7,42332900"
"202400030643";"18";"06";"2024";"12:30";"1";"13";"13215";"1";"1";"1";"2";"A7-Sens Lyon vers Marseille";"43,36676000";"5,36055000"
"202400030644";"21";"06";"2024";"19:15";"1";"13";"13215";"1";"1";"1";"3";"A7-Sens Lyon vers Marseille";"43,36643455";"5,36080529"
"202400030645";"10";"11";"2024";"18:50";"3";"69";"69242";"1";"1";"1";"5";"Autoroute A6";"46,12183306";"4,76380839"
"202400030646";"23";"06";"2024";"07:15";"1";"69";"69081";"1";"1";"1";"6";"Route de Métropole 6   ";"45,77244960";"4,78824190"
"202400030647";"11";"11";"2024";"19:40";"3";"987";"98748";"2";"1";"1";"2";"Vairao Pk 10.200";" -17,81000000";" -149,24300000"
"202400030648";"23";"06";"2024";"04:00";"3";"69";"69250";"1";"1";"1";"3";"Autoroute 89 ";"45,82022717";"4,71281597"
"202400030649";"10";"11";"2024";"23:50";"3";"973";"97303";"1";"1";"3";"1";"route nationale 1 PK 175";"5,54514800";" -53,44698400"
"202400030650";"23";"06";"2024";"04:40";"3";"69";"69297";"1";"1";"8";"6";"Autoroute 7 ";"45,60431500";"4,79844300"
"202400030651";"10";"11";"2024";"11:59";"1";100;100079";"2";"1";"1";"6";"T20";"42,48383200";"9,28061500"
"202400030652";"23";"06";"2024";"13:40";"1";"91";"91477";"1";"1";"1";"2";"AUTOROUTE A10";"48,71761000";"2,26248000"
"202400030653";"22";"06";"2024";"21:15";"1";"91";"91521";"1";"1";"1";"6";"RD 31";"48,63900000";"2,39383000"
"202400030654";"11";"11";"2024";"09:00";"1";"06";"06157";"1";"1";"1";"7";"Route de Coursegoules";"43,74143800";"7,10199600"
"202400030655";"23";"06";"2024";"12:30";"1";"78";"78531";"1";"1";"1";"2";"A13";"48,99055700";"1,64508200"
"202400030656";"11";"11";"2024";"16:15";"1";"13";"13110";"2";"9";"1";"3";"boulevard de l'europe";"43,45056700";"5,68374000"
"202400030657";"12";"11";"2024";"09:30";"1";"13";"13059";"1";"1";"2";"2";"D15";"43,64961600";"5,54080000"
"202400030658";"22";"06";"2024";"15:05";"1";"92";"92048";"1";"1";"1";"4";"N118";"48,80191535";"2,21492010"
"202400030659";"8";"11";"2024";"13:40";"1";"63";"63226";"1";"1";"1";"6";"D1";"45,74609257";"3,23690417"
"202400030660";"23";"06";"2024";"13:45";"1";"93";"93005";"1";"1";"1";"4";"A3";"48,95598293";"2,47342937"
"202400030661";"11";"11";"2024";"00:01";"3";"38";"38392";"1";"1";"5";"1";"D517";"45,68851000";"5,28298600"
"202400030662";"23";"06";"2024";"07:25";"1";"93";"93005";"1";"1";"1";"2";"A3";"48,95493345";"2,47355044"
"202400030663";"23";"06";"2024";"04:55";"2";"95";"95582";"1";"9";"1";"6";"D170";"48,96627777";"2,27253290"
"202400030664";"23";"06";"2024";"04:45";"2";"75";"75120";"1";"1";"1";"7";"A3";"48,86633561";"2,41388619"
"202400030665";"11";"11";"2024";"12:15";"1";"38";"38548";"1";"1";"8";"1";"RD 531 roche pointue";"45,07312300";"5,54381000"
"202400030666";"22";"06";"2024";"22:30";"3";"95";"95675";"1";"1";"1";"3";"A1";"49,06061000";"2,55110000"
"202400030667";"11";"11";"2024";"17:50";"3";"69";"69228";"1";"1";"1";"3";"Route de Lyon";"45,54584254";"4,64144902"
"202400030668";"21";"06";"2024";"12:45";"1";"92";"92036";"1";"1";"2";"7";"AUTOROUTE A15";"48,94067835";"2,29263081"
"202400030669";"12";"11";"2024";"10:50";"1";"79";"79049";"1";"1";"2";"7";"N/A";"46,80848700";" -0,48726900"
"202400030670";"22";"06";"2024";"15:00";"1";"93";"93064";"1";"1";"1";"2";"A86";"48,86122426";"2,48410075"
"202400030671";"11";"11";"2024";"12:30";"1";"16";"16320";"1";"1";"1";"6";"D11";"45,76554700";"0,04368800"
"202400030672";"21";"06";"2024";"20:10";"2";"94";"94022";"1";"1";"1";"6";"A86";"48,77662114";"2,41804614"
"202400030673";"11";"11";"2024";"17:15";"1";"72";"72154";"1";"1";"1";"1";"Route de Savigné-sous-Le-Lude";"47,66033713";" -0,03440733"
"202400030674";"21";"06";"2024";"15:30";"1";"94";"94028";"1";"1";"1";"2";"A86";"48,77623444";"2,43292233"
"202400030675";"10";"11";"2024";"19:10";"3";"56";"56023";"1";"1";"1";"4";"Kerstran";"47,69098800";" -3,03373900"
"202400030676";"21";"06";"2024";"18:11";"5";"987";"98735";"2";"1";"1";"7";"TIPAERUI (CV)";" -17,55000000";" -149,57724000"
"202400030677";"10";"11";"2024";"17:40";"5";"35";"35229";"2";"6";"1";"2";"rond-point de Beauvais - D178";"48,11230100";" -1,22409900"
"202400030678";"22";"06";"2024";"12:45";"1";"974";"97416";"1";"1";"1";"7";"PETIT FRERE(CHEMIN)";" -21,27843000";"55,48881000"
"202400030679";"10";"11";"2024";"17:10";"2";"80";"80570";"2";"1";"1";"3";"36 Rue Victor Gaillard";"49,77351300";"2,48125100"
"202400030680";"21";"06";"2024";"23:25";"5";"973";"97302";"2";"1";"1";"7";"BADUEL (ROUTE DE)";"4,93723721";" -52,31530237"
"202400030681";"7";"11";"2024";"18:52";"5";"13";"13210";"2";"1";"1";"3";"A50-Sens Marseille vers Aubagne";"43,28489979";"5,41754007"
"202400030682";"21";"06";"2024";"19:20";"5";"973";"97302";"1";"6";"1";"2";"LEBLOND (ROND POINT)";"4,92066000";" -52,33019000"
"202400030683";"22";"06";"2024";"04:50";"5";"972";"97209";"2";"1";"1";"6";"PAUL NARDAL (AVENUE)";"14,60961000";" -61,07341000"
"202400030684";"11";"11";"2024";"14:36";"1";"92";"92002";"1";"1";"1";"4";"AUTOROUTE A10";"48,73174570";"2,31031090"
"202400030685";"22";"06";"2024";"15:26";"1";100;100033";"2";"1";"1";"3";"AV DE LA LIBERATION";"42,68296100";"9,44449900"
"202400030686";"22";"06";"2024";"15:35";"1";"95";"95428";"2";"1";"1";"6";"DOCTEUR DEMIRLEAU (RUE DU)";"48,98875266";"2,31986046"
"202400030687";"11";"11";"2024";"15:18";"1";"91";"91689";"1";"1";"1";"6";"AUTOROUTE A6B";"48,74158000";"2,32143000"
"202400030688";"22";"06";"2024";"00:10";"3";"95";"95074";"2";"1";"2";"1";"D922";"49,02097927";"1,99788642"
"202400030689";"11";"11";"2024";"09:22";"1";"91";"91235";"1";"1";"1";"7";"RN 104";"48,62490043";"2,36740351"
"202400030690";"22";"06";"2024";"20:30";"1";"95";"95063";"2";"1";"1";"6";"FRANCIS DE PRESSENSE (RUE)";"48,92824000";"2,21766000"
"202400030691";"21";"06";"2024";"18:10";"1";"91";"91589";"2";"1";"1";"6";"RUE DANIEL NIORD";"48,67947000";"2,33545000"
"202400030692";"11";"11";"2024";"01:29";"3";"77";"77296";"1";"1";"1";"2";"A5b";"48,63686831";"2,62853221"
"202400030693";"30";"10";"2024";"14:45";"1";"44";"44109";"2";"6";"1";"7";"Rue des Dervalières";"47,22196230";" -1,57865059"
"202400030694";"22";"06";"2024";"05:55";"1";"88";"88160";"2";"2";"1";"3";"BOULAY-DE-LA-MEURTHE (RUE)";"48,17913000";"6,44460000"
"202400030695";"30";"10";"2024";"12:40";"1";"44";"44109";"2";"1";"1";"7";"Boulevard des ations Unies";"47,21064165";" -1,55993555"
"202400030696";"21";"08";"2024";"23:35";"3";"84";"84019";"1";"1";"1";"2";"A7";"44,32389400";"4,73982800"
"202400030697";"22";"06";"2024";"18:45";"1";"84";"84035";"1";"3";"1";"3";"ROBION-RD2 (ROUTE DE)";"43,84025000";"5,06164000"
"202400030698";"28";"07";"2024";"00:10";"5";"84";"84003";"2";"1";"1";"1";"Rue Saint-Lazare";"43,88019400";"5,39153000"
"202400030699";"25";"07";"2024";"14:50";"1";"84";"84054";"2";"1";"1";"7";"990 Avenue du Partage des Eaux";"43,91643200";"5,06735800"
"202400030700";"22";"06";"2024";"03:40";"4";"84";"84035";"2";"1";"1";"1";"MARSEILLE-RD938 (ROUTE DE)";"43,82769000";"5,03280000"
"202400030701";"11";"07";"2024";"22:25";"5";"84";"84031";"2";"1";"1";"7";"ZOLA BOULEVARD EMILE";"44,04941000";"5,04935000"
"202400030702";"22";"06";"2024";"20:27";"1";"84";"84007";"2";"1";"1";"1";"MORIERES (Route de )";"43,95142700";"4,82753700"
"202400030703";"24";"06";"2024";"21:05";"2";"84";"84052";"1";"1";"1";"1";"Route de la Tour d?Aigues";"43,75645700";"5,57453200"
"202400030704";"22";"06";"2024";"15:21";"1";"83";"83137";"2";"1";"1";"3";"15EME CORPS (AVE DU)";"43,12824000";"5,91649000"
"202400030705";"22";"06";"2024";"05:30";"2";"81";"81065";"2";"1";"1";"2";"60 Rue Ernest Barthe";"43,60472000";"2,25001000"
"202400030706";"3";"07";"2024";"10:40";"1";"14";"14322";"1";"2";"1";"6";"Route des Flagues";"49,23959700";" -0,70353300"
"202400030707";"22";"06";"2024";"20:45";"1";"80";"80021";"2";"1";"1";"6";"Rue Eloi Morel";"49,90174000";"2,30744000"
"202400030708";"10";"11";"2024";"10:30";"1";100;100120";"2";"1";"1";"2";"IMPERIALE (Route) D464 ";"42,64025000";"9,43277000"
"202400030709";"22";"06";"2024";"01:30";"3";"78";"78372";"2";"1";"8";"6";"EUROPE (AVENUE DE L')";"48,87681000";"2,10106000"
"202400030710";"22";"06";"2024";"18:48";"1";"77";"77296";"2";"1";"1";"6";"RUE DENIS PAPIN";"48,61156000";"2,58716000"
"202400030711";"9";"11";"2024";"19:30";"3";"971";"97113";"1";"1";"2";"5";"SECTION LEROUX";"16,22743000";" -61,47628000"
"202400030712";"22";"06";"2024";"03:05";"5";"77";"77445";"2";"1";"1";"6";"ROUGEAU (RUE DE)";"48,60125000";"2,57022000"
"202400030713";"21";"06";"2024";"16:00";"1";"76";"76108";"2";"3";"1";"3";"Rue de la Republique";"49,47058000";"1,11646000"
"202400030714";"9";"11";"2024";"19:35";"3";"971";"97101";"1";"1";"1";"4";"RN1-  HAUTEUR DE SORTIE LAURICISQUE";"16,25295000";" -61,54538000"
"202400030715";"10";"11";"2024";"06:35";"2";101;101004";"2";"1";"1";"6";"CONVENTIONNEL SALICETTI CHRISTOPHE";"41,92766000";"8,73525000"
"202400030716";"21";"06";"2024";"17:05";"1";"76";"76324";"1";"1";"1";"2";"RD 925";"49,93344500";"1,15254500"
"202400030717";"10";"11";"2024";"02:15";"3";"90";"90075";"1";"1";"5";"7";"D13";"47,66091000";"6,85813000"
"202400030718";"21";"06";"2024";"22:35";"5";"73";"73065";"2";"3";"2";"2";"PALAIS DE JUSTICE (PLACE DE)";"45,56849959";"5,91977182"
"202400030719";"21";"06";"2024";"18:05";"1";"73";"73011";"1";"1";"2";"6";"D925 PONT ALBERTIN";"45,65847567";"6,38562705"
"202400030720";"10";"11";"2024";"13:52";"1";"80";"80021";"2";"1";"1";"3";"Rue de Paris";"49,88637000";"2,28823000"
"202400030721";"10";"11";"2024";"18:40";"5";"77";"77373";"2";"2";"1";"2";"RUE DES PRES SAINT MARTIN";"48,78052000";"2,61456000"
"202400030722";"22";"06";"2024";"20:50";"2";"69";"69266";"2";"2";"8";"3";"160 Rue Anatole France";"45,76941000";"4,88722000"
"202400030723";"21";"06";"2024";"18:05";"1";"66";"66136";"1";"1";"1";"2";"RD 900";"42,67465000";"2,88602000"
"202400030724";"10";"11";"2024";"19:20";"5";"77";"77096";"2";"1";"1";"6";"GALLIENI (AVENUE)";"48,48853000";"2,69679000"
"202400030725";"22";"06";"2024";"23:25";"4";"61";"61001";"2";"2";"1";"3";"Voie Communale";"48,43187900";"0,10781200"
"202400030726";"21";"06";"2024";"16:45";"1";"59";"59122";"2";"2";"9";"1";"DE GAULLE (RUE DU GENERAL)";"50,17543000";"3,23701000"
"202400030727";"9";"11";"2024";"18:50";"1";"77";"77169";"2";"1";"1";"2";"D361";"48,80328000";"2,62632000"
"202400030728";"22";"06";"2024";"17:15";"1";"56";"56121";"2";"1";"1";"1";"Rue Jean Le Coutaller";"47,74750000";" -3,36905000"
"202400030729";"10";"11";"2024";"00:45";"3";"76";"76575";"1";"1";"2";"2";"Boulevard Lénine";"49,36873221";"1,11265031"
"202400030730";"22";"06";"2024";"12:00";"1";"54";"54578";"2";"2";"2";"3";"Boulevard des Aiguillettes";"48,67024000";"6,15820000"
"202400030731";"22";"06";"2024";"21:25";"2";"51";"51454";"2";"1";"8";"7";"AVIATION (RUE)";"49,27539000";"4,03909000"
"202400030732";"22";"06";"2024";"19:15";"1";"51";"51573";"2";"1";"1";"2";"PERI (RUE GABRIEL)";"49,24577000";"3,99746000"
"202400030733";"10";"11";"2024";"16:15";"1";"74";"74298";"2";"3";"1";"3";"LIVRON (ROUTE DE)";"46,18576000";"6,25153000"
"202400030734";"10";"11";"2024";"18:35";"5";"73";"73065";"2";"6";"1";"3";"D991 CEDRES (ROND POINT DES)";"45,58981000";"5,92040000"
"202400030735";"21";"06";"2024";"16:45";"1";"51";"51454";"2";"1";"1";"4";"CHAMPAGNE   (  AVENUE DE)";"49,22829000";"4,03089000"
"202400030736";"22";"06";"2024";"07:26";"1";"49";"49267";"2";"6";"1";"7";"BOIS RINIER";"47,47606000";" -0,49634000"
"202400030737";"10";"11";"2024";"22:10";"5";"68";"68066";"2";"1";"8";"3";"Route de Neuf-Brisach";"48,07997100";"7,36586400"
"202400030738";"22";"06";"2024";"01:15";"5";"42";"42218";"2";"1";"1";"6";"Rue des Alliés";"45,43916045";"4,42031460"
"202400030739";"10";"11";"2024";"11:35";"1";"64";"64269";"2";"3";"1";"1";"PIERRE DE BELSUNCE";"43,28966000";" -0,31188000"
"202400030740";"22";"06";"2024";"05:05";"2";"41";"41295";"1";"1";"2";"7";"D951";"47,60400000";"1,37600000"
"202400030741";"10";"11";"2024";"04:35";"5";"64";"64445";"2";"1";"1";"6";"JEAN MERMOZ";"43,31294000";" -0,37745000"
"202400030742";"22";"06";"2024";"19:10";"1";"38";"38179";"2";"3";"8";"3";"AVENUE GABRIEL PÉRI";"45,18174000";"5,77984000"
"202400030743";"22";"06";"2024";"18:10";"1";"38";"38185";"2";"1";"1";"6";"JEAN PAIN (BOULEVARD)";"45,18691683";"5,73604077"
"202400030744";"10";"11";"2024";"02:50";"5";"59";"59017";"2";"2";"1";"3";"RESISTANTS (RUE DES )";"50,69135000";"2,87324000"
"202400030745";"4";"11";"2024";"17:43";"5";"54";"54280";"2";"9";"1";"6";"Rue Saint Robert";"49,22542203";"6,01174772"
"202400030746";"22";"06";"2024";"12:05";"1";"37";"37233";"2";"3";"1";"6";"JAURES (RUE JEAN)";"47,39025000";"0,72585000"
"202400030747";"21";"06";"2024";"16:50";"1";"37";"37261";"2";"9";"1";"2";"MARECHAL JUIN (BD)";"47,41235000";"0,70329000"
"202400030748";"22";"06";"2024";"01:30";"3";"34";"34129";"1";"1";"1";"1";"D116";"43,55898000";"3,86522000"
"202400030749";"9";"11";"2024";"15:35";"1";"50";"50218";"2";"1";"1";"4";"VENDEENS (AV DES)";"48,83534000";" -1,57916000"
"202400030750";"21";"06";"2024";"14:30";"1";"31";"31555";"2";"3";"1";"3";"BLAGNAC (ROUTE DE)";"43,62316000";"1,40472000"
"202400030751";"22";"06";"2024";"05:30";"3";"29";"29232";"2";"1";"1";"6";"Boulevard Louis le Guennec";"47,97999419";" -4,10677976"
"202400030752";"8";"11";"2024";"18:07";"3";"47";"47323";"1";"2";"1";"3";"RN 21";"44,39010000";"0,71789000"
"202400030753";"22";"06";"2024";"14:47";"1";"28";"28134";"2";"6";"1";"3";"ROND POINT DES CHATELETS";"48,74670000";"1,39052000"
"202400030754";"23";"06";"2024";"01:35";"5";"22";"22278";"2";"1";"1";"6";"VOLTAIRE";"48,50903000";" -2,75787000"
"202400030755";"10";"11";"2024";"10:30";"1";"42";"42187";"2";"3";"8";"3";"Rue de Charlieu";"46,04873000";"4,08306000"
"202400030756";"21";"06";"2024";"17:05";"1";"21";"21054";"2";"3";"1";"3";"GAULLE (AVENUE DU GENERAL DE)";"47,01814200";"4,83572400"
"202400030757";"22";"06";"2024";"21:44";"5";"19";"19031";"2";"1";"1";"6";"BRUNE (BOULEVARD)";"45,15330000";"1,53615000"
"202400030758";"22";"06";"2024";"12:30";"1";"19";"19031";"2";"6";"2";"3";"CHAUMEIL (RUE PIERRE)";"45,15648000";"1,50418000"
"202400030759";"10";"11";"2024";"18:15";"5";"38";"38185";"2";"1";"1";"4";"AVENUE LA BRUYÈRE";"45,16656000";"5,72902000"
"202400030760";"21";"06";"2024";"18:06";"1";"19";"19031";"2";"1";"1";"6";"JAURES (AVENUE JEAN)";"45,15345000";"1,52934000"
"202400030761";"10";"11";"2024";"18:40";"5";"38";"38185";"2";"1";"1";"2";"COURS JEAN JAURÈS";"45,18320000";"5,71760000"
"202400030762";"22";"06";"2024";"14:40";"1";"14";"14366";"2";"2";"1";"3";"24 Boulevard Duchesne Fournet";"49,14843500";"0,22829500"
"202400030763";"22";"06";"2024";"22:17";"5";"13";"13210";"2";"1";"2";"6";"ROMAIN ROLLAND (BOULEVARD)";"43,27485000";"5,41561000"
"202400030764";"10";"11";"2024";"06:15";"5";"37";"37261";"2";"1";"1";"1";"MIRABEAU (PONT)";"47,39798000";"0,69950000"
"202400030765";"22";"06";"2024";"03:00";"5";"13";"13208";"2";"1";"1";"5";"PRADO (AVENUE DU)";"43,26932000";"5,38602000"
"202400030766";"22";"06";"2024";"05:30";"2";"13";"13203";"2";"3";"1";"1";"GÉNÉRAL LECLERC (RUE)";"43,30435000";"5,37598000"
"202400030767";"10";"11";"2024";"04:30";"5";"35";"35238";"2";"1";"1";"6";"MIRABEAU";"48,12451000";" -1,64378000"
"202400030768";"18";"06";"2024";"16:30";"1";"13";"13205";"2";"2";"1";"5";"SAKAKINI (BOULEVARD)";"43,29541000";"5,40084000"
"202400030769";"9";"11";"2024";"23:40";"3";"35";"35278";"1";"1";"1";"6";"CHENAY HUE  (LIEU DIT)";"48,17011281";" -1,68984264"
"202400030770";"23";"06";"2024";"00:16";"5";"10";"10387";"2";"9";"1";"7";"REPUBLIQUE (RUE DE LA )";"48,29800000";"4,07420000"
"202400030771";"22";"06";"2024";"20:43";"1";"10";"10387";"2";"1";"1";"7";"Boulevard Danton";"48,30294000";"4,07703000"
"202400030772";"21";"06";"2024";"18:40";"1";"07";"07102";"2";"6";"1";"3";"Jean MOULIN (Rue)";"44,93764000";"4,86363000"
"202400030773";"11";"11";"2024";"00:20";"5";"34";"34172";"2";"2";"1";"3";"SORBES (RUE DE LAS";"43,61609000";"3,85812000"
"202400030774";"21";"06";"2024";"11:10";"1";"75";"75116";"2";"1";"2";"2";"BD PERIPHERIQUE EXTERIEUR";"48,86659300";"2,26861500"
"202400030775";"21";"06";"2024";"10:01";"1";"75";"75120";"2";"3";"2";"6";"AVENUE DE LA PORTE DE BAGNOLET";"48,86472200";"2,41023500"
"202400030776";"8";"11";"2024";"15:50";"1";"34";"34116";"2";"1";"1";"6";"COMTE DE NICE (AVENUE DU)";"43,64237000";"3,81416000"
"202400030777";"22";"06";"2024";"01:30";"5";"75";"75106";"2";"1";"1";"3";"PONT NEUF";"48,85630000";"2,34060000"
"202400030778";"22";"06";"2024";"00:30";"5";"75";"75111";"2";"2";"2";"1";"AVENUE PHILIPPE AUGUSTE";"48,85576200";"2,39133800"
"202400030779";"22";"06";"2024";"17:20";"1";"75";"75118";"2";"2";"1";"3";"BOULEVARD BARBES";"48,88834000";"2,34970400"
"202400030780";"10";"11";"2024";"14:20";"1";"29";"29232";"2";"6";"1";"3";"Rond-Point de Ludugris";"47,97952351";" -4,12191647"
"202400030781";"22";"06";"2024";"20:05";"1";"75";"75115";"2";"2";"1";"6";"BOULEVARD PASTEUR";"48,84299700";"2,31279600"
"202400030782";"9";"11";"2024";"15:30";"1";"29";"29232";"2";"1";"1";"1";"Rue de Kerfeunteun";"48,00013600";" -4,10134400"
"202400030783";"10";"11";"2024";"03:10";"5";"25";"25056";"2";"1";"1";"6";"BELFORT RUE DE (inf144)";"47,24966000";"6,03231000"
"202400030784";"22";"06";"2024";"16:30";"1";"75";"75115";"2";"2";"1";"3";"RUE DE LA CONVENTION";"48,83722100";"2,29642300"
"202400030785";"10";"11";"2024";"11:35";"1";"17";"17306";"2";"3";"1";"6";"POSTE (ROND POINT DE LA)";"45,62507000";" -1,02439000"
"202400030786";"22";"06";"2024";"19:05";"1";"75";"75112";"2";"3";"1";"2";"RUE DU SAHEL";"48,84111900";"2,40232300"
"202400030787";"22";"06";"2024";"20:30";"1";"75";"75111";"2";"3";"1";"3";"RUE DE MONTREUIL";"48,85090500";"2,39644500"
"202400030788";"10";"11";"2024";"05:05";"5";"15";"15014";"2";"4";"5";"6";"Route de Belbex";"44,91953000";"2,41768000"
"202400030789";"22";"06";"2024";"09:40";"1";"75";"75110";"2";"1";"1";"7";"BOULEVARD DE LA VILLETTE";"48,88046200";"2,37007400"
"202400030790";"22";"06";"2024";"00:45";"5";"75";"75108";"2";"3";"1";"3";"RUE DE LA VILLE L EVEQUE";"48,87103700";"2,32241500"