"Num_Acc";"jour";"mois";"an";"hrmn";"lum";"dep";"com";"agg";"int";"atm";"col";"adr";"lat";"long"
"202400030791";"10";"11";"2024";"21:30";"3";"13";"13056";"1";"9";"1";"7";"REVEILLA";"43,42011000";"5,02249000"
"202400030792";"22";"06";"2024";"00:20";"5";"75";"75107";"2";"1";"2";"2";"QUAI D ORSAY";"48,86221800";"2,30318700"
"202400030793";"22";"06";"2024";"13:55";"1";"94";"94076";"2";"1";"1";"1";"Avenue de la République";"48,78846528";"2,35912836"
"202400030794";"21";"06";"2024";"19:55";"1";"94";"94073";"2";"2";"1";"2";"Avenue de Versailles / Rue simone veil";"48,75820329";"2,39257768"
"202400030795";"9";"11";"2024";"17:00";"5";"13";"13001";"2";"2";"1";"3";"ROI RENE (BD DU)";"43,52396548";"5,44745400"
"202400030796";"21";"06";"2024";"23:55";"5";"94";"94054";"2";"9";"2";"6";"Route Charles Tillon";"48,74596000";"2,38345000"
"202400030797";"22";"06";"2024";"04:45";"5";"77";"77291";"2";"1";"2";"1";"CHAPIT RE ( RUE DU)";"49,01271707";"2,59030470"
"202400030798";"10";"11";"2024";"09:20";"1";"10";"10081";"2";"1";"1";"6";"JEAN ZAY (RUE)";"48,30850000";"4,03990000"
"202400030799";"22";"06";"2024";"20:00";"1";"93";"93066";"2";"1";"1";"6";"Rue d'Eaubonne";"48,94513600";"2,37577100"
"202400030800";"22";"06";"2024";"04:00";"5";"93";"93046";"2";"1";"1";"7";"Avenue Aristide Briand";"48,91341000";"2,52464000"
"202400030801";"22";"06";"2024";"01:20";"4";"93";"93015";"2";"1";"2";"1";"Rue Raoul Larche";"48,91421000";"2,57910000"
"202400030802";"22";"06";"2024";"18:00";"1";"93";"93057";"2";"2";"1";"3";"Allée Monthyon / Allée Marie-Louise";"48,91322400";"2,50579500"
"202400030803";"10";"11";"2024";"15:45";"1";"08";"08105";"2";"1";"1";"3";"NOUZONVILLE";"49,78559000";"4,72097000"
"202400030804";"22";"06";"2024";"00:10";"5";"92";"92072";"2";"2";"2";"6";"Maréchal Juin (Quai)";"48,82918130";"2,22411239"
"202400030805";"22";"06";"2024";"03:00";"5";"92";"92044";"2";"2";"1";"3";"PDT WILSON(RUE)133A149 ET 132A144";"48,89811835";"2,28517923"
"202400030806";"22";"06";"2024";"00:15";"4";"92";"92036";"1";"9";"2";"6";"SORTIE A 86";"48,93422494";"2,28121805"
"202400030807";"21";"06";"2024";"22:30";"5";"92";"92004";"2";"1";"1";"3";"GRESILLONS (AVENUE DES) (47/101)";"48,91461356";"2,30069232"
"202400030808";"22";"06";"2024";"10:20";"1";"92";"92032";"2";"1";"2";"6";"CLAUDE AUGUSTIN (RUE)";"48,78528301";"2,28790085"
"202400030809";"22";"06";"2024";"12:44";"1";"92";"92007";"2";"6";"3";"6";"STALINGRAD (AVENUE DE)";"48,80970091";"2,31758621"
"202400030810";"22";"06";"2024";"05:25";"5";"92";"92007";"2";"5";"2";"3";"MEUNIERS (RUE DES)";"48,79784242";"2,31744057"
"202400030811";"10";"11";"2024";"16:15";"1";"75";"75118";"2";"4";"1";"2";"BOULEVARD PERIPHERIQUE INTERIEUR NORD  ";"48,90096955";"2,34761417"
"202400030812";"22";"06";"2024";"23:30";"5";"54";"54509";"2";"1";"1";"6";"Rue de Lorraine";"48,63157200";"6,37329600"
"202400030813";"15";"06";"2024";"01:30";"3";"35";"35168";"1";"6";"1";"6";"Rond Point Bellevue";"47,90935108";" -1,99117273"
"202400030814";"10";"11";"2024";"14:20";"1";"75";"75119";"2";"2";"1";"3";"AVENUE SIMON BOLIVAR";"48,87707800";"2,37420300"
"202400030815";"23";"06";"2024";"03:15";"3";101;101127";"1";"1";"1";"6";"T40";"41,58034300";"8,95249500"
"202400030816";"8";"11";"2024";"17:00";"1";"75";"75116";"2";"1";"1";"6";"AVENUE PAUL DOUMER";"48,86058800";"2,28213200"
"202400030817";"22";"06";"2024";"11:35";"1";"06";"06149";"2";"1";"1";"1";"4 Boulevard Riba Roussa";"43,73301100";"7,29288300"
"202400030818";"23";"06";"2024";"18:50";"1";"95";"95487";"2";"1";"1";"6";"MAURICE THOREZ (AVENUE)";"49,15112400";"2,27066200"
"202400030819";"10";"11";"2024";"15:40";"1";"75";"75115";"2";"3";"1";"3";"AVENUE EMILE ZOLA";"48,84689800";"2,29309800"
"202400030820";"21";"06";"2024";"10:45";"1";"36";"36233";"1";"1";"3";"1";"Route de Valencay";"47,23779994";"1,54171821"
"202400030821";"23";"06";"2024";"12:15";"1";"63";"63004";"2";"1";"1";"6";"90 les jarrasses";"45,93743567";"2,80367480"
"202400030822";"10";"11";"2024";"13:00";"1";"75";"75115";"2";"2";"1";"3";"BOULEVARD VICTOR";"48,83541000";"2,28105800"
"202400030823";"23";"06";"2024";"08:30";"1";"974";"97414";"2";"1";"1";"3";"99 Route Hubert Delisle";" -21,25763600";"55,44140100"
"202400030824";"22";"06";"2024";"03:00";"3";"58";"58048";"1";"1";"2";"6";"c2";"47,34274500";"3,19622200"
"202400030825";"10";"11";"2024";"12:10";"1";"75";"75114";"2";"2";"1";"6";"BOULEVARD BRUNE";"48,82616100";"2,31274700"
"202400030826";"13";"06";"2024";"17:30";"1";"06";"06046";"1";"1";"1";"4";"94 Route de Grenoble";"43,77045900";"7,21211700"
"202400030827";"9";"11";"2024";"23:15";"5";"75";"75108";"2";"1";"1";"6";"AVENUE DELCASSE";"48,87327500";"2,31457800"
"202400030828";"10";"11";"2024";"23:40";"5";"75";"75108";"2";"2";"1";"2";"AVENUE DES CHAMPS ELYSEES";"48,87192500";"2,30083500"
"202400030829";"21";"06";"2024";"17:15";"1";"971";"97132";"2";"1";"1";"2";"route de grande anse";"15,96084700";" -61,67163800"
"202400030830";"23";"06";"2024";"01:40";"3";"68";"68156";"1";"1";"8";"6";"D430";"47,89020822";"7,25097475"
"202400030831";"9";"11";"2024";"23:20";"5";"75";"75102";"2";"1";"1";"3";"BOULEVARD DE BONNE NOUVELLE";"48,87039700";"2,34934400"
"202400030832";"22";"06";"2024";"15:30";"1";"37";"37170";"1";"1";"1";"2";"A28 , PK 41";"47,59319900";"0,54712800"
"202400030833";"10";"11";"2024";"23:25";"5";"94";"94033";"2";"5";"1";"3";"Boulevard de Verdun";"48,85373000";"2,46983000"
"202400030834";"22";"06";"2024";"11:00";"1";"35";"35024";"1";"1";"1";"6";"Roullefort";"48,15615200";" -1,65074300"
"202400030835";"23";"06";"2024";"02:00";"3";"56";"56234";"1";"1";"1";"2";"Route de Quiberon";"47,51078800";" -3,12979500"
"202400030836";"10";"11";"2024";"14:30";"1";"94";"94022";"2";"2";"1";"3";"Rue du Four";"48,75378479";"2,40538479"
"202400030837";"23";"06";"2024";"11:45";"1";"77";"77066";"1";"3";"1";"3";"N4";"48,69103100";"3,34484300"
"202400030838";"9";"11";"2024";"15:20";"1";"94";"94054";"2";"3";"8";"1";"Rue des Aubépines";"48,74296000";"2,38997000"
"202400030839";"22";"06";"2024";"05:28";"3";"79";"79220";"1";"3";"3";"7";"N/A";"46,22148200";" -0,68372700"
"202400030840";"10";"11";"2024";"18:00";"5";"93";"93078";"2";"1";"1";"6";"BALLANGER (BD ROBERT)";"48,95441009";"2,53572464"
"202400030841";"23";"06";"2024";"16:15";"1";100;100208";"1";"1";"8";"7";"molinone";"42,32617300";"9,40495100"
"202400030842";"10";"11";"2024";"17:59";"5";"93";"93039";"2";"1";"1";"5";"MARINE (QUAI DE LA )";"48,94766522";"2,32332148"
"202400030843";"18";"12";"2024";"07:45";"2";"34";"34270";"1";"9";"1";"3";"Autorouite A 709, PK 19.100, sens Sud Nord";"43,56661700";"3,84163100"
"202400030844";"10";"11";"2024";"01:50";"3";"93";"93077";"2";"3";"5";"3";"RAINCY (AVENUE DU)";"48,88664000";"2,50887000"
"202400030845";"6";"12";"2024";"14:00";"1";"77";"77295";"1";"1";"7";"1";"voie communale numéro 2";"48,55755900";"2,73879300"
"202400030846";"10";"11";"2024";"17:00";"2";"93";"93055";"2";"3";"1";"3";"JEAN LOLIVE (AVENUE)(75/105.88/106)";"48,89183108";"2,40644038"
"202400030847";"3";"12";"2024";"05:08";"2";"78";"78601";"1";"1";"1";"3";"route nationale 10";"48,59318600";"1,83265700"
"202400030848";"10";"11";"2024";"02:55";"5";"93";"93031";"2";"4";"2";"6";"DE LATTRE DE TASSIGNY (1 A 51)";"48,95927000";"2,30036000"
"202400030849";"18";"12";"2024";"10:49";"1";100;100057";"1";"1";"1";"3";"RT10";"42,25020000";"9,54557700"
"202400030850";"12";"12";"2024";"17:00";"2";"30";"30258";"2";"1";"1";"7";"Avenue des Costieres";"43,67993100";"4,42330100"
"202400030851";"10";"11";"2024";"01:15";"5";"93";"93029";"2";"2";"5";"3";"ANATOLE FRANCE";"48,92482947";"2,44759355"
"202400030852";"16";"12";"2024";"15:35";"1";"13";"13041";"2";"6";"7";"3";"Chemin des Pres";"43,45784500";"5,46315000"
"202400030853";"10";"11";"2024";"19:40";"5";"92";"92049";"2";"1";"1";"2";"VERDIER AVENUE AUTRES N°";"48,81616205";"2,30917141"
"202400030854";"18";"12";"2024";"01:00";"3";"89";"89206";"1";"6";"1";"6";"rd 606";"47,97067500";"3,40936700"
"202400030855";"10";"11";"2024";"12:20";"1";"92";"92002";"2";"1";"2";"2";"RAYMON ARON (AVENUE)";"48,76661393";"2,31013320"
"202400030856";"18";"12";"2024";"10:35";"1";"55";"55122";"2";"1";"1";"6";"Rue Cochard Mourot";"48,75819400";"5,58421700"
"202400030857";"11";"11";"2024";"02:30";"3";"972";"97204";"2";"1";"2";"3";"ROUTE NATIONALE 02";"14,70874800";" -61,18316200"
"202400030858";"11";"12";"2024";"17:40";"3";"63";"63263";"1";"1";"2";"4";"D942";"45,76297066";"2,99497139"
"202400030859";"9";"11";"2024";"02:45";"3";"971";"97109";"1";"1";"2";"1";"RN1";"15,99154500";" -61,68133400"
"202400030860";"6";"11";"2024";"20:16";"3";"34";"34036";"1";"1";"1";"6";"A75 PK 279+850";"43,69232900";"3,34608800"
"202400030861";"5";"11";"2024";"08:20";"1";"63";"63141";"2";"1";"1";"6";"avenue de la Paix";"45,79359648";"3,05293322"
"202400030862";"10";"11";"2024";"17:50";"5";"30";"30135";"2";"3";"1";"3";"11 Rue Theophile Michel";"43,82819200";"4,55151300"
"202400030863";"17";"12";"2024";"17:25";"3";"69";"69216";"1";"1";"5";"6";"Route Départementale 24";"45,78805648";"4,52760414"
"202400030864";"8";"11";"2024";"17:00";"1";"06";"06108";"2";"1";"1";"6";"128 Avenue de la Republique";"43,57474400";"6,95168500"
"202400030865";"18";"12";"2024";"17:30";"2";"09";"09306";"2";"1";"1";"6";"Avenue de Sabart";"42,84113200";"1,60240500"
"202400030866";"10";"11";"2024";"07:10";"2";"45";"45088";"2";"1";"5";"1";"1 Place du Chateau";"48,16969000";"1,97989100"
"202400030867";"17";"12";"2024";"10:40";"1";"17";"17240";"2";"1";"1";"6";"34 Avenue de Royan";"45,28815400";" -0,41009900"
"202400030868";"11";"11";"2024";"05:40";"3";"27";"27179";"1";"6";"2";"6";"D834";"49,13778600";"0,57531200"
"202400030869";"17";"12";"2024";"06:30";"3";"64";"64501";"1";"1";"9";"6";"RD933";"43,51821000";" -0,72170200"
"202400030870";"18";"12";"2024";"07:00";"5";"29";"29042";"2";"1";"1";"6";"route de Lanvéoc";"48,24955040";" -4,41967706"
"202400030871";"18";"12";"2024";"15:50";"1";"76";"76541";"1";"1";"8";"1";"D6015";"49,52502700";"0,98048700"
"202400030872";"16";"12";"2024";"13:15";"1";"13";"13088";"1";"1";"1";"7";"A55-Sens Martigues vers Marseille";"43,39141000";"5,25239000"
"202400030873";"16";"12";"2024";"13:00";"1";"13";"13005";"1";"1";"1";"6";"A50-Sens Aubagne vers Toulon";"43,28300157";"5,57748508"
"202400030874";"16";"12";"2024";"00:02";"3";"13";"13026";"1";"1";"1";"2";"A55-Sens Martigues vers Marseille";"43,38950000";"5,13775000"
"202400030875";"7";"11";"2024";"12:05";"1";"30";"30037";"2";"3";"1";"3";"D746";"44,27860700";"4,12991500"
"202400030876";"8";"11";"2024";"22:20";"5";"987";"98738";"2";"1";"1";"7";"ROUTE DE LA PUNARUU";" -17,61800000";" -149,54900000"
"202400030877";"17";"12";"2024";"10:40";"1";"83";"83137";"1";"1";"1";"5";"A50 TUNNEL TUBE SUD";"43,12721801";"5,92314623"
"202400030878";"21";"10";"2024";"09:35";"1";"04";"04127";"1";"1";"1";"2";"autoroute a 51 PK 102.300";"44,06010956";"5,96297136"
"202400030879";"16";"12";"2024";"18:30";"3";"83";"83062";"2";"1";"1";"2";"A570";"43,14229207";"6,03522960"
"202400030880";"10";"11";"2024";"17:30";"3";"06";"06152";"1";"1";"1";"7";"100 Chemin des Clausonnes";"43,60435100";"7,05205300"
"202400030881";"4";"11";"2024";"18:40";"5";"01";"01249";"2";"1";"1";"7";"Rue du Figuier";"45,82773700";"4,96939300"
"202400030882";"16";"12";"2024";"08:55";"1";"33";"33192";"1";"1";"1";"4";"N/A";"44,78819500";" -0,60056900"
"202400030883";"14";"12";"2024";"19:18";"3";"62";"62634";"1";"1";"1";"6";"A16";"50,93270000";"2,00385000"
"202400030884";"10";"11";"2024";"05:30";"3";"14";"14762";"1";"1";"1";"6";"D150";"48,82224400";" -0,93378400"
"202400030885";"13";"11";"2024";"07:00";"2";"59";"59431";"1";"1";"1";"3";"AUTOROUTE A25";"50,68790000";"2,82820000"
"202400030886";"8";"11";"2024";"11:00";"1";"56";"56178";"2";"1";"1";"6";"Rue Leperdit";"48,06795300";" -2,96368000"
"202400030887";"11";"11";"2024";"00:45";"3";"59";"59582";"1";"6";"1";"3";"D642";"50,72935200";"2,62328600"
"202400030888";"17";"12";"2024";"07:30";"2";"91";"91661";"1";"1";"2";"5";"AUTOROUTE A10";"48,70274000";"2,24849000"
"202400030889";"8";"11";"2024";"09:30";"1";"13";"13056";"1";"1";"1";"2";"A55-Sens Martigues vers Marseille";"43,39846284";"5,08412226"
"202400030890";"17";"12";"2024";"05:30";"3";"91";"91570";"1";"1";"2";"2";"RN 104";"48,62518000";"2,32926000"
"202400030891";"10";"11";"2024";"05:25";"3";"13";"13215";"1";"1";"1";"2";"A7-Sens Marseille vers Lyon";"43,34963000";"5,36927000"
"202400030892";"16";"12";"2024";"11:00";"1";"92";"92036";"1";"1";"8";"2";"A86";"48,93444454";"2,27968714"
"202400030893";"10";"11";"2024";"01:10";"3";"13";"13211";"1";"1";"1";"3";"A50-Sens Aubagne vers Marseille";"43,29200000";"5,45257000"
"202400030894";"17";"12";"2024";"20:00";"3";"95";"95527";"1";"1";"1";"2";"A3";"48,98608259";"2,50437342"
"202400030895";"10";"11";"2024";"02:12";"3";"13";"13211";"1";"1";"1";"6";"A50-Sens Aubagne vers Marseille";"43,29191000";"5,45201000"
"202400030896";"17";"12";"2024";"19:00";"3";"95";"95351";"1";"1";"1";"2";"N104";"49,03158928";"2,49319292"
"202400030897";"17";"12";"2024";"08:20";"1";"93";"93010";"1";"1";"1";"2";"AUTOROUTE A3";"48,91775151";"2,47850608"
"202400030898";"16";"12";"2024";"17:00";"3";"93";"93008";"1";"1";"1";"3";"AUTOROUTE A86";"48,91198941";"2,43837476"
"202400030899";"9";"11";"2024";"18:44";"2";"13";"13210";"2";"1";"1";"2";"Tunnel Prado Carénage";"43,27950000";"5,39474000"
"202400030900";"16";"12";"2024";"05:20";"3";"95";"95604";"1";"1";"1";"6";"A1";"49,10548000";"2,55192000"
"202400030901";"8";"11";"2024";"20:45";"3";"13";"13215";"1";"1";"2";"2";"A7-Sens Lyon vers Marseille";"43,34994821";"5,36891233"
"202400030902";"15";"12";"2024";"20:05";"3";"93";"93027";"1";"1";"2";"2";"AUTOROUTE A1";"48,93803963";"2,41408741"
"202400030903";"9";"11";"2024";"19:00";"3";"69";"69276";"1";"1";"1";"5";"Route Départementale 301";"45,68408000";"4,85486000"
"202400030904";"17";"12";"2024";"14:10";"1";"94";"94046";"1";"1";"1";"3";"A86";"48,81292733";"2,44895577"
"202400030905";"9";"11";"2024";"05:30";"3";"42";"42207";"1";"1";"1";"6";"N88";"45,46265875";"4,49269766"
"202400030906";"16";"12";"2024";"18:35";"3";"93";"93051";"1";"1";"2";"3";"A4";"48,83569183";"2,56273622"
"202400030907";"16";"12";"2024";"10:00";"1";"77";"77249";"1";"1";"2";"1";"RN104";"48,75684101";"2,61553866"
"202400030908";"9";"11";"2024";"05:30";"3";"42";"42207";"1";"1";"1";"4";"N88";"45,45210696";"4,47663771"
"202400030909";"16";"12";"2024";"07:30";"2";"77";"77122";"1";"1";"2";"6";"RN104";"48,65951340";"2,61310224"
"202400030910";"10";"11";"2024";"07:50";"2";"92";"92002";"1";"1";"1";"2";"AUTOROUTE A10";"48,73097848";"2,30884150"
"202400030911";"17";"08";"2024";"15:20";"1";"974";"97411";"2";"1";"1";"7";"TECOMAS (RUE DES)";" -20,89674000";"55,46619000"
"202400030912";"9";"11";"2024";"16:38";"1";"92";"92025";"1";"1";"1";"2";"A86";"48,93541254";"2,26118997"
"202400030913";"8";"06";"2024";"18:45";"5";"974";"97411";"2";"1";"1";"6";"MAHY (FRANCOIS DE)";" -20,89749000";"55,48496000"
"202400030914";"10";"11";"2024";"10:35";"1";"95";"95212";"1";"1";"1";"6";"N104";"49,02916218";"2,53426909"
"202400030915";"29";"05";"2024";"14:20";"2";"974";"97411";"2";"1";"8";"2";"BERTIN";" -20,88809000";"55,44964000"
"202400030916";"9";"11";"2024";"06:40";"3";"95";"95582";"1";"1";"1";"6";"A15";"48,96922475";"2,25039607"
"202400030917";"9";"11";"2024";"21:45";"5";"988";"98818";"2";"2";"1";"1";"ROUTE DE L'ANSE VATA/RUE EDOUARD GLASSER";" -22,29256000";"166,44723000"
"202400030918";"14";"03";"2024";"19:00";"5";"974";"97409";"2";"4";"1";"5";"BRETELLE SORTIE RN2 ROCADE SUD";" -20,96897944";"55,65550849"
"202400030919";"9";"11";"2024";"00:24";"5";"987";"98735";"2";"1";"1";"7";"FARE UTE";" -17,53136000";" -149,57108000"
"202400030920";"16";"12";"2024";"00:50";"5";"75";"75119";"2";"1";"2";"6";"BD PERIPHERIQUE EXTERIEUR";"48,89632800";"2,39456900"
"202400030921";"9";"11";"2024";"13:40";"1";"974";"97416";"1";"1";"1";"2";"RN1 (ROUTE NATIONALE)";" -21,31570000";"55,44166000"
"202400030922";"16";"12";"2024";"17:33";"4";"75";"75117";"2";"7";"1";"3";"AVENUE DES TERNES";"48,88117500";"2,28415000"
"202400030923";"8";"11";"2024";"16:29";"1";"974";"97416";"2";"1";"1";"3";"CAYENNE (RUE DE LA)";" -21,34067800";"55,46632900"
"202400030924";"16";"12";"2024";"08:30";"1";"75";"75118";"2";"2";"2";"3";"BOULEVARD NEY";"48,89760200";"2,32901200"
"202400030925";"16";"12";"2024";"18:20";"5";"75";"75116";"2";"1";"1";"3";"AVENUE VICTOR HUGO";"48,87149900";"2,28967100"
"202400030926";"8";"11";"2024";"16:20";"1";"974";"97407";"1";"2";"1";"3";"MURAT CHANOINE(RUE)";" -20,93564000";"55,29461000"
"202400030927";"16";"12";"2024";"07:40";"5";"75";"75114";"2";"7";"2";"6";"AVENUE DU MAINE";"48,82804200";"2,32671300"
"202400030928";"1";"11";"2024";"08:35";"5";"973";"97302";"2";"2";"1";"3";"JUILLET (RUE DU 14)";"4,94057000";" -52,32975000"
"202400030929";"16";"12";"2024";"08:10";"2";"75";"75113";"2";"2";"2";"2";"AVENUE DES GOBELINS";"48,83335900";"2,35422600"
"202400030930";"8";"11";"2024";"18:40";"5";"69";"69383";"2";"3";"1";"1";"Rue Antoine Charial";"45,75790000";"4,86887000"
"202400030931";"16";"12";"2024";"14:49";"1";"75";"75110";"2";"1";"8";"3";"QUAI DE VALMY";"48,87590200";"2,36383500"
"202400030932";"16";"12";"2024";"08:30";"1";"75";"75110";"2";"1";"2";"3";"BOULEVARD DE MAGENTA";"48,86996000";"2,36187900"
"202400030933";"9";"11";"2024";"04:40";"5";"69";"69387";"2";"9";"1";"3";"Avenue Leclerc";"45,74780000";"4,83363000"
"202400030934";"16";"12";"2024";"15:53";"1";"75";"75109";"2";"7";"1";"3";"RUE SAINT LAZARE";"48,87642100";"2,33112000"
"202400030935";"9";"11";"2024";"09:15";"1";"972";"97209";"2";"1";"1";"5";"PAPIN DUPONT (RUE)";"14,60689000";" -61,06819000"
"202400030936";"14";"12";"2024";"18:55";"5";"94";"94081";"2";"1";"2";"2";"Avenue Jean Jaurès";"48,79488810";"2,40400386"
"202400030937";"9";"11";"2024";"12:40";"1";100;100037";"2";"1";"3";"3";"D 82";"42,59252000";"9,43464000"
"202400030938";"16";"12";"2024";"09:49";"1";"94";"94074";"2";"1";"2";"1";"Rue Théodule Jourdain";"48,76821496";"2,45084703"
"202400030939";"9";"11";"2024";"06:05";"4";"91";"91027";"2";"1";"2";"1";"VC QUAI DE L'INDUSTRIE";"48,70262000";"2,39965000"
"202400030940";"15";"12";"2024";"18:45";"5";"94";"94068";"2";"3";"2";"1";"Rue du Pont de Créteil";"48,80360000";"2,47160000"
"202400030941";"9";"11";"2024";"09:30";"1";"84";"84007";"2";"1";"1";"6";"JARDINS NEUFS (CHEMIN DES)";"43,95570000";"4,83099000"
"202400030942";"15";"12";"2024";"19:05";"5";"94";"94018";"2";"2";"2";"3";"Avenue de Gravelle";"48,82407421";"2,41993068"
"202400030943";"8";"11";"2024";"17:05";"2";"81";"81004";"2";"9";"1";"3";"STRASBOURG (BD DE)";"43,93342611";"2,14670062"
"202400030944";"16";"12";"2024";"00:01";"5";"94";"94041";"2";"5";"2";"3";"Rue de la Gare";"48,81551000";"2,39311000"
"202400030945";"9";"11";"2024";"21:40";"5";"78";"78208";"2";"4";"1";"6";"ALLENDE (RUE SALVADOR)";"48,76748900";"1,95643800"
"202400030946";"15";"12";"2024";"23:12";"5";"93";"93059";"2";"9";"2";"1";"LAENNEC (AVENUE)";"48,96200704";"2,37046623"
"202400030947";"9";"11";"2024";"14:20";"1";"77";"77288";"2";"1";"1";"2";"SEJOURNE (RUE)";"48,52719000";"2,65376000"
"202400030948";"15";"12";"2024";"07:45";"5";"93";"93053";"2";"1";"1";"6";"PARIS (RUE DE)";"48,90330000";"2,46642000"
"202400030949";"16";"12";"2024";"08:50";"1";"93";"93050";"2";"1";"2";"6";"GABRIELLE (IMPASSE ET RUE)";"48,87534000";"2,52599000"
"202400030950";"8";"11";"2024";"17:40";"5";"73";"73011";"2";"6";"1";"4";"D1212 CHASSEURS ALPINS (AV.) P. DUROY VERS AV";"45,66487000";"6,38941000"
"202400030951";"16";"12";"2024";"05:50";"5";"93";"93010";"2";"1";"2";"6";"GALLIENI (AV.) DE 2 A 96";"48,90625800";"2,48346000"
"202400030952";"16";"12";"2024";"18:11";"3";"92";"92040";"2";"1";"1";"3";"ROUGET DE L'ISLE";"48,82936113";"2,26251807"
"202400030953";"8";"11";"2024";"06:55";"5";"72";"72181";"2";"4";"2";"3";"HEUZE OLIVIER AV N° PAIRS 200 ET >";"47,99158000";"0,17191000"
"202400030954";"15";"12";"2024";"23:00";"5";"92";"92012";"2";"1";"2";"1";"JEAN JAURES (BOULEVARD) 217/FIN - 210/FI";"48,82940000";"2,24591000"
"202400030955";"8";"11";"2024";"17:05";"2";"69";"69282";"2";"4";"1";"6";"Rue de la République";"45,76643000";"5,00558000"
"202400030956";"9";"11";"2024";"22:45";"5";"67";"67482";"2";"9";"1";"6";"POLYGONE (ROUTE DU)";"48,56175000";"7,76352000"
"202400030957";"16";"12";"2024";"19:26";"3";"31";"31567";"1";"3";"1";"3";"Route de Castres";"43,59413000";"1,66829100"
"202400030958";"9";"11";"2024";"18:25";"5";"65";"65440";"2";"1";"2";"6";"Rue du Corps Franc Pommiès";"43,23714002";"0,04968793"
"202400030959";"17";"12";"2024";"00:40";"5";"59";"59335";"2";"1";"2";"1";"23 Route de Tournai";"50,45958400";"3,42677500"
"202400030960";"9";"11";"2024";"18:30";"4";"64";"64445";"2";"1";"2";"6";"LOUIS SALLENAVE";"43,31788000";" -0,35806000"
"202400030961";"9";"12";"2024";"16:30";"2";"35";"35216";"1";"1";"1";"6";"Les trois chênes";"48,19081000";" -1,81911700"
"202400030962";"9";"11";"2024";"11:30";"1";"64";"64445";"2";"6";"2";"3";"JEAN MERMOZ";"43,31784000";" -0,37838000"
"202400030963";"14";"12";"2024";"10:10";"1";"83";"83031";"1";"1";"1";"3";"Échangeur entre A8 et A 57 (Embranchement d'autoroute)";"43,39960700";"6,36035400"
"202400030964";"9";"11";"2024";"11:20";"1";"63";"63113";"2";"1";"1";"6";"JULIEN (AVENUE)";"45,77539000";"3,08165000"
"202400030965";"9";"11";"2024";"07:20";"2";"59";"59352";"2";"1";"2";"6";"Avenue Robert Descamps";"50,72989817";"3,09281526"
"202400030966";"16";"12";"2024";"15:20";"1";"14";"14061";"1";"1";"1";"6";"A84";"49,01429700";" -0,87471100"
"202400030967";"9";"11";"2024";"20:45";"4";"59";"59350";"2";"1";"2";"4";"Avenue de Dunkerque (Lille)";"50,63819000";"3,02300000"
"202400030968";"16";"12";"2024";"16:55";"2";"22";"22305";"1";"3";"2";"2";"D766";"48,25632000";" -2,16703200"
"202400030969";"9";"11";"2024";"10:45";"1";"58";"58194";"2";"2";"1";"3";"MARZY";"46,98740000";"3,14080000"
"202400030970";"16";"12";"2024";"22:30";"3";"51";"51576";"1";"1";"2";"6";"D34";"49,06135849";"4,15715366"
"202400030971";"9";"11";"2024";"19:30";"5";"49";"49099";"2";"9";"1";"6";"MARNE (AVENUE DE LA)";"47,05101000";" -0,88678000"
"202400030972";"9";"11";"2024";"18:17";"5";"47";"47032";"2";"6";"2";"3";"ALBERT CAMUS (avenue)";"44,19095388";"0,65727049"
"202400030973";"16";"12";"2024";"17:10";"2";"61";"61168";"2";"3";"1";"3";"VC";"48,57445600";" -0,36982800"
"202400030974";"9";"11";"2024";"11:00";"1";"45";"45234";"2";"3";"7";"6";"2 Place Albert Camus";"47,83523000";"1,93586000"
"202400030975";"16";"12";"2024";"20:45";"3";"34";"34338";"1";"1";"1";"1";"Départementale 908";"43,61678000";"3,40932900"
"202400030976";"9";"11";"2024";"07:00";"3";"45";"45302";"2";"1";"5";"3";"D2020 PR 22 + 70";"47,96341000";"1,88868000"
"202400030977";"9";"11";"2024";"21:35";"5";"45";"45068";"2";"1";"1";"6";"89 Rue Voltaire";"48,03540000";"2,73853000"
"202400030978";"17";"12";"2024";"07:15";"3";"44";"44187";"1";"1";"1";"1";"Les Pilorgères";"47,21934900";" -2,06720300"
"202400030979";"9";"11";"2024";"19:10";"5";"34";"34172";"2";"1";"2";"6";"APOTHICAIRES (AVENUE DES)";"43,64299000";"3,83842000"
"202400030980";"15";"12";"2024";"15:00";"1";"70";"70399";"1";"1";"1";"6";"D7";"47,90363200";"6,01234980"
"202400030981";"9";"11";"2024";"18:40";"5";"33";"33119";"2";"2";"1";"3";"N/A";"44,85723000";" -0,53228000"
"202400030982";"16";"12";"2024";"16:24";"2";"14";"14578";"1";"1";"1";"5";"Route de Honfleur";"49,33695200";"0,20627300"
"202400030983";"9";"11";"2024";"19:00";"5";"33";"33039";"2";"1";"1";"3";"N/A";"44,78801000";" -0,56651000"
"202400030984";"14";"10";"2024";"06:22";"3";"10";"10231";"1";"1";"2";"1";"D619";"48,51065800";"3,43026900"
"202400030985";"8";"11";"2024";"15:20";"1";"33";"33069";"2";"3";"1";"6";"N/A";"44,86152000";" -0,58984000"