"Num_Acc";"jour";"mois";"an";"hrmn";"lum";"dep";"com";"agg";"int";"atm";"col";"adr";"lat";"long"
"202400030986";"16";"12";"2024";"18:45";"3";"10";"10029";"1";"1";"2";"6";"D452";"48,03502400";"4,37221500"
"202400030987";"8";"11";"2024";"15:30";"1";"33";"33522";"2";"3";"1";"1";"N/A";"44,79615000";" -0,59232000"
"202400030988";"16";"12";"2024";"18:40";"3";"07";"07347";"1";"1";"9";"7";"D121";"45,18986300";"4,53233200"
"202400030989";"8";"11";"2024";"13:00";"1";"33";"33522";"2";"6";"1";"5";"N/A";"44,81848000";" -0,60209000"
"202400030990";"17";"12";"2024";"17:19";"2";"30";"30294";"1";"1";"1";"1";"Route de Bagnols";"44,12850700";"4,14120200"
"202400030991";"13";"11";"2024";"16:10";"1";"29";"29019";"2";"1";"1";"7";"ARMORIQUE (DE 1 A 51 ET 2 A 60)";"48,38460800";" -4,50282200"
"202400030992";"13";"12";"2024";"07:30";"2";"67";"67204";"1";"6";"8";"7";"Route de la Wantzenau";"48,63875553";"7,78031051"
"202400030993";"9";"11";"2024";"14:10";"1";"27";"27681";"2";"2";"1";"3";"RENAISSANCE (RUE DE LA)";"49,08141000";"1,48136000"
"202400030994";"16";"12";"2024";"07:40";"1";"67";"67112";"1";"1";"1";"4";"A35 PK 317+100";"48,51212000";"7,58255100"
"202400030995";"16";"12";"2024";"17:45";"3";"44";"44082";"1";"1";"1";"1";"117 Bel Air";"47,38120000";" -1,39450700"
"202400030996";"5";"11";"2024";"14:23";"1";"22";"22113";"1";"1";"1";"6";"FOT (LIEU-DIT LE)(BRELEVENEZ)";"48,74993000";" -3,42055000"
"202400030997";"14";"12";"2024";"13:00";"1";"73";"73065";"1";"1";"8";"6";"BIF13.10 Bretelle Accès bifurcation / A43";"45,60288500";"5,89194400"
"202400030998";"8";"11";"2024";"13:25";"1";"17";"17306";"2";"1";"1";"2";"ROCHEFORT (DE)  (AVENUE)";"45,64255100";" -1,02476900"
"202400030999";"16";"12";"2024";"16:00";"1";"27";"27701";"1";"1";"1";"2";"Autoroute A13 PK 96";"49,22426500";"1,21048900"
"202400031000";"17";"12";"2024";"08:20";"2";"27";"27518";"1";"1";"1";"6";"A131 PK 012+000 direction LE HAVRE";"49,45361100";"0,53303200"
"202400031001";"9";"11";"2024";"09:10";"1";"17";"17299";"2";"2";"1";"3";"BUISSON BOULEVARD";"45,94022000";" -0,98418000"
"202400031002";"17";"12";"2024";"07:40";"1";"973";"97305";"1";"1";"1";"3";"Route Nationale 1 - PK 34.700";"5,05281400";" -52,52297400"
"202400031003";"16";"12";"2024";"07:10";"3";"41";"41136";"1";"1";"1";"6";"D112";"47,68588900";"1,51768000"
"202400031004";"9";"11";"2024";"20:00";"5";"13";"13210";"2";"1";"2";"5";"CAPELETTE (AVENUE DE LA)";"43,28056000";"5,40787000"
"202400031005";"9";"11";"2024";"04:00";"3";"06";"06069";"1";"1";"2";"6";"251 Route de Plascassier";"43,64450000";"6,96348000"
"202400031006";"5";"11";"2024";"12:45";"1";"06";"06069";"2";"1";"1";"6";"6 Boulevard Emmanuel Rouquier";"43,64485000";"6,94037000"
"202400031007";"11";"12";"2024";"08:35";"1";"77";"77508";"1";"6";"1";"3";"D231";"48,82332500";"2,83417200"
"202400031008";"9";"11";"2024";"19:14";"2";"03";"03013";"2";"9";"1";"3";"Avenue des Isles";"46,57600000";"3,31900000"
"202400031009";"16";"12";"2024";"12:00";"1";"77";"77318";"1";"2";"8";"3";"D216";"48,79256700";"2,93486200"
"202400031010";"8";"11";"2024";"16:05";"1";"01";"01289";"2";"6";"1";"3";"LYON ( AVE DE) A PARTIR";"46,18203000";"5,20513000"
"202400031011";"16";"12";"2024";"17:30";"3";"78";"78164";"1";"1";"2";"3";"D29";"48,59763500";"1,92783200"
"202400031012";"8";"11";"2024";"16:57";"1";"75";"75117";"2";"2";"1";"6";"BOULEVARD BESSIERES";"48,89772500";"2,32901500"
"202400031013";"15";"12";"2024";"08:55";"2";"06";"06157";"2";"1";"7";"4";"669 Avenue Emile Hugues";"43,71943500";"7,11303100"
"202400031014";"16";"12";"2024";"15:25";"1";"10";"10004";"1";"1";"2";"1";"D677";"48,59994100";"4,16167300"
"202400031015";"17";"12";"2024";"06:00";"3";"67";"67084";"1";"1";"5";"1";"D1422";"48,32550100";"7,45928400"
"202400031016";"25";"11";"2024";"19:00";"5";"57";"57663";"2";"1";"3";"6";"D55bis";"49,24035000";"6,17342600"
"202400031017";"8";"11";"2024";"16:00";"1";"75";"75120";"2";"2";"1";"6";"RUE ALEXANDRE DUMAS";"48,85475300";"2,39748000"
"202400031018";"17";"12";"2024";"07:50";"1";"69";"69246";"1";"2";"5";"3";"Route de Tarare";"45,93571400";"4,65482400"
"202400031019";"8";"11";"2024";"15:00";"1";"75";"75120";"2";"3";"8";"3";"RUE D AVRON";"48,85152600";"2,39952100"
"202400031020";"16";"12";"2024";"12:05";"1";"17";"17385";"2";"6";"7";"7";"Route des Mirouelles";"45,94656200";" -1,31730800"
"202400031021";"16";"12";"2024";"13:20";"1";"33";"33248";"2";"1";"1";"6";"N/A";"45,08736500";" -0,79680700"
"202400031022";"9";"11";"2024";"02:50";"5";"75";"75119";"2";"1";"1";"2";"AVENUE JEAN JAURES";"48,88881300";"2,39351000"
"202400031023";"16";"12";"2024";"13:15";"1";"33";"33056";"2";"1";"1";"6";"N/A";"44,91202200";" -0,62010000"
"202400031024";"9";"11";"2024";"20:10";"5";"75";"75115";"2";"1";"1";"3";"QUAI BRANLY";"48,85644000";"2,29003800"
"202400031025";"16";"12";"2024";"10:15";"1";"14";"14529";"1";"1";"2";"6";"3 Rue de la Mairie";"49,25631800";" -0,75341600"
"202400031026";"8";"11";"2024";"19:28";"5";"75";"75115";"2";"1";"1";"2";"RUE FALGUIERE";"48,83870000";"2,31160000"
"202400031027";"17";"12";"2024";"05:20";"3";"22";"22068";"1";"1";"1";"7";"D700";"48,26239700";" -2,78532100"
"202400031028";"8";"11";"2024";"20:50";"5";"75";"75114";"2";"2";"1";"3";"BOULEVARD BRUNE";"48,82615900";"2,31274400"
"202400031029";"17";"12";"2024";"07:40";"3";"76";"76503";"1";"3";"1";"5";"D6015";"49,51356054";"0,99470150"
"202400031030";"8";"11";"2024";"20:45";"5";"75";"75113";"2";"1";"1";"6";"BOULEVARD DU GENERAL JEAN SIMON";"48,82637361";"2,38402784"
"202400031031";"15";"12";"2024";"20:20";"3";"60";"60139";"1";"9";"2";"2";"D 1001";"49,17235740";"2,23059797"
"202400031032";"9";"11";"2024";"19:38";"5";"75";"75109";"2";"1";"1";"3";"RUE BLANCHE";"48,87863800";"2,33162000"
"202400031033";"16";"12";"2024";"17:20";"3";"60";"60120";"1";"1";"2";"2";"Départemenatle 137";"49,32364138";"2,41843843"
"202400031034";"9";"11";"2024";"04:51";"5";"94";"94078";"2";"2";"1";"1";"Rue Emile Zola";"48,73559000";"2,44692000"
"202400031035";"9";"11";"2024";"04:50";"5";"94";"94068";"2";"2";"1";"1";"Avenue Foch";"48,80444000";"2,48614000"
"202400031036";"9";"11";"2024";"15:50";"1";"94";"94041";"2";"1";"1";"6";"Avenue Henri Barbusse";"48,80814828";"2,37535813"
"202400031037";"9";"11";"2024";"09:15";"1";"94";"94041";"2";"2";"1";"3";"Rue Lénine";"48,81660000";"2,39536000"
"202400031038";"9";"11";"2024";"17:00";"2";"94";"94028";"2";"1";"1";"6";"Avenue de la France Libre";"48,77845300";"2,45513400"
"202400031039";"17";"10";"2024";"07:20";"2";"69";"69290";"1";"1";"3";"2";"Autoroute 43";"45,70546061";"4,96039247"
"202400031040";"16";"12";"2024";"06:50";"5";"33";"33249";"1";"1";"1";"3";"N/A";"44,88473000";" -0,51616000"
"202400031041";"16";"12";"2024";"09:00";"1";"91";"91363";"1";"1";"8";"2";"RN 104";"48,64627300";"2,19145300"
"202400031042";"16";"12";"2024";"01:00";"3";"78";"78571";"1";"1";"2";"2";"A13";"48,86527500";"2,03751500"
"202400031043";"15";"12";"2024";"15:29";"1";"92";"92048";"1";"1";"2";"2";"N118";"48,79379358";"2,21880725"
"202400031044";"15";"12";"2024";"01:05";"4";"78";"78238";"1";"1";"1";"6";"A13";"48,96914000";"1,86395000"
"202400031045";"14";"12";"2024";"18:20";"3";"78";"78640";"1";"1";"2";"2";"A86 INT";"48,77771300";"2,21813500"
"202400031046";"18";"11";"2024";"18:31";"3";"92";"92050";"1";"1";"2";"6";"A86";"48,89160830";"2,17728343"
"202400031047";"14";"12";"2024";"12:20";"1";"95";"95277";"1";"1";"1";"4";"A104";"48,97399752";"2,48805982"
"202400031048";"16";"12";"2024";"13:10";"1";"94";"94073";"1";"1";"2";"4";"A86";"48,76314920";"2,38096972"
"202400031049";"16";"12";"2024";"01:55";"3";"77";"77438";"1";"1";"2";"6";"A104";"48,86262798";"2,66812122"
"202400031050";"27";"09";"2024";"16:00";"1";"24";"24322";"2";"2";"1";"3";"COMBES DES DAMES (RUE)";"45,18959000";"0,72022000"
"202400031051";"16";"05";"2024";"16:30";"1";"93";"93029";"2";"2";"8";"6";"Rue Anatole France / Rue Henri Rouanet";"48,92721764";"2,45114744"
"202400031052";"11";"05";"2024";"08:40";"1";"93";"93029";"2";"1";"1";"2";"Avenue Henri Barbusse";"48,92167209";"2,45517969"
"202400031053";"9";"05";"2024";"18:50";"1";"93";"93029";"2";"3";"1";"6";"Rue Anatole France / Rue Gateau Lamblin";"48,93113000";"2,45541000"
"202400031054";"27";"09";"2024";"10:30";"1";"43";"43157";"2";"3";"1";"3";"MONTREDON (ROUTE DE)";"45,05057000";"3,89913000"
"202400031055";"19";"09";"2024";"18:00";"1";"43";"43157";"2";"1";"2";"6";"LIBERATION (PLACE DE LA)";"45,04767000";"3,87832000"
"202400031056";"5";"09";"2024";"18:10";"1";"43";"43157";"2";"3";"1";"3";"Place du Breuil";"45,04202000";"3,88273000"
"202400031057";"11";"09";"2024";"20:20";"2";"14";"14054";"2";"3";"8";"5";"1 Le Bourg";"48,89398900";" -0,98291700"
"202400031058";"13";"07";"2024";"09:50";"1";"25";"25315";"2";"1";"1";"6";"rue de Lattre de Tassigny";"47,44985400";"6,58094500"
"202400031059";"15";"12";"2024";"11:25";"1";"987";"98735";"2";"1";"1";"3";"GAL DE GAULLE (RUE)";" -17,54030000";" -149,56760000"
"202400031060";"15";"12";"2024";"12:45";"1";"974";"97409";"2";"1";"1";"3";"CAMBUSTON (rue de)";" -20,93300000";"55,65116000"
"202400031061";"15";"12";"2024";"14:45";"1";"972";"97209";"2";"3";"1";"3";"LAMARTINE (RUE)";"14,61930000";" -61,03978000"
"202400031062";"15";"12";"2024";"11:40";"1";"972";"97209";"1";"1";"1";"1";"SOLEIL LEVANT (BOULEVARD DU)";"14,61920000";" -61,03887000"
"202400031063";"15";"12";"2024";"13:13";"1";100;100037";"1";"1";"1";"3";"TOUTES RUES";"42,36000000";"9,26180000"
"202400031064";"15";"12";"2024";"16:10";"1";"971";"97107";"2";"1";"2";"3";"PAUL LACAVE ( AVENUE )";"16,04326666";" -61,56460941"
"202400031065";"14";"12";"2024";"15:30";"1";101;101004";"2";"6";"8";"2";"STEPHANOPOLI NICEPHORE  DE COMENE BD";"41,90877000";"8,71145000"
"202400031066";"15";"12";"2024";"00:25";"5";"95";"95539";"1";"2";"1";"4";"D301";"48,99178077";"2,36020435"
"202400031067";"14";"12";"2024";"12:55";"1";"95";"95051";"2";"1";"1";"6";"JULES CESAR (CHAUSSEE)";"49,00938978";"2,19744533"
"202400031068";"15";"12";"2024";"12:35";"1";"91";"91477";"1";"1";"1";"3";"GENERAL LECLERC (AVENUE DU)";"48,70392400";"2,23187500"
"202400031069";"15";"12";"2024";"16:00";"1";"91";"91687";"2";"1";"1";"3";"MARMONT (AVENUE)";"48,66685300";"2,37682600"
"202400031070";"15";"12";"2024";"04:40";"5";"91";"91286";"2";"1";"1";"6";"ROUTE NATIONALE 7";"48,66500900";"2,39800000"
"202400031071";"14";"12";"2024";"18:25";"5";"89";"89387";"2";"3";"1";"3";"RENE BINET (RUE)";"48,19176000";"3,29725000"
"202400031072";"15";"12";"2024";"18:00";"5";"88";"88160";"2";"9";"8";"3";"NANCY (RUE DE)";"48,18383000";"6,44148000"
"202400031073";"15";"12";"2024";"04:07";"5";"86";"86194";"2";"2";"1";"6";"Boulevard Bajon";"46,58098500";"0,35283400"
"202400031074";"14";"12";"2024";"17:27";"5";"77";"77284";"2";"1";"1";"6";"D603";"48,95668000";"2,90825000"
"202400031075";"14";"12";"2024";"08:30";"1";"74";"74012";"2";"3";"2";"3";"LEVANT (RUE DU)";"46,19710000";"6,24040000"
"202400031076";"15";"12";"2024";"16:30";"2";"67";"67482";"2";"8";"1";"6";"FRANCS BOURGEOIS (RUE DES)";"48,58237000";"7,74601000"
"202400031077";"14";"12";"2024";"11:40";"1";"65";"65286";"2";"1";"8";"1";"LAPACCA (BOULEVARD DU)";"43,09839249";" -0,04161716"
"202400031078";"15";"12";"2024";"16:30";"2";"64";"64445";"2";"1";"1";"6";"ALSACE LORRAINE D'";"43,30199000";" -0,35950000"
"202400031079";"15";"12";"2024";"13:50";"1";"64";"64102";"2";"6";"1";"3";"BEYRIS (GIRATOIRE)";"43,47857000";" -1,49264000"
"202400031080";"26";"11";"2024";"19:45";"5";"62";"62765";"2";"1";"1";"3";"Rue des Béguines";"50,74862000";"2,26173000"
"202400031081";"15";"12";"2024";"14:10";"1";"59";"59378";"2";"1";"1";"3";"Boulevard Clémenceau";"50,66189000";"3,09646000"
"202400031082";"14";"12";"2024";"12:15";"1";"59";"59566";"2";"1";"1";"2";"Rue du Pont";"50,62275000";"2,98591000"
"202400031083";"14";"12";"2024";"22:30";"5";"59";"59648";"2";"2";"1";"3";"Rue Clémenceau";"50,59959000";"3,05337000"
"202400031084";"14";"12";"2024";"18:19";"4";"54";"54079";"2";"3";"8";"3";"Avenue Victor Claude";"48,87948000";"6,05470000"
"202400031085";"14";"12";"2024";"16:30";"5";"54";"54099";"2";"3";"2";"7";"146D (RD)";"49,26986742";"5,92174351"
"202400031086";"13";"12";"2024";"17:08";"1";"50";"50502";"2";"1";"8";"3";"MIDI";"49,11080000";" -1,08462000"
"202400031087";"14";"12";"2024";"22:35";"3";"47";"47323";"1";"1";"8";"7";"TOURNON (ROUTE DE)";"44,39517000";"0,75386000"
"202400031088";"15";"12";"2024";"20:20";"5";"42";"42095";"2";"1";"1";"3";"Rue de la République";"45,39316000";"4,29477000"
"202400031089";"15";"12";"2024";"16:50";"2";"37";"37261";"2";"2";"2";"3";"DEVILDE (RUE)";"47,40666620";"0,69161260"
"202400031090";"15";"12";"2024";"09:40";"1";"33";"33063";"2";"2";"1";"3";"N/A";"44,84729300";" -0,62290600"
"202400031091";"15";"12";"2024";"06:30";"3";"29";"29232";"1";"6";"1";"7";"Rond-Point de Park Poullig";"48,02992834";" -4,08839227"
"202400031092";"15";"12";"2024";"23:54";"3";"29";"29254";"1";"9";"2";"7";"Rue Ar Brug";"48,57658500";" -3,85545200"
"202400031093";"14";"12";"2024";"19:15";"4";"29";"29039";"1";"1";"1";"1";"Route de Kerguéres";"47,89181400";" -3,92357300"
"202400031094";"16";"12";"2024";"01:00";"3";"26";"26198";"1";"1";"1";"6";"RN7";"44,55620287";"4,72993314"
"202400031095";"13";"12";"2024";"13:35";"1";"26";"26198";"2";"1";"1";"6";"Avenue John Fitzgerald Kennedy";"44,55488000";"4,73696000"
"202400031096";"10";"12";"2024";"17:28";"3";"22";"22113";"2";"1";"2";"3";"DE BROGLIE (RUE DE)";"48,75762000";" -3,46031000"
"202400031097";"15";"12";"2024";"15:45";"1";"13";"13212";"2";"1";"1";"7";"PINATEL (BOULEVARD)";"43,31498672";"5,44164730"
"202400031098";"15";"12";"2024";"18:51";"5";"06";"06027";"2";"2";"1";"3";"55 Boulevard du Maréchal Alphonse Juin";"43,65758000";"7,15109000"
"202400031099";"1";"11";"2024";"15:05";"1";"05";"05061";"2";"3";"1";"3";"PRE DE FOIRE ( RUE DU )";"44,55496000";"6,07452000"
"202400031100";"14";"12";"2024";"17:45";"5";"01";"01344";"2";"3";"2";"3";"TREVOUX (AVENUE DE)";"46,20097300";"5,20138300"
"202400031101";"15";"12";"2024";"08:05";"1";"75";"75116";"2";"1";"1";"2";"BD PERIPHERIQUE EXTERIEUR";"48,86659300";"2,26861500"
"202400031102";"15";"12";"2024";"04:20";"5";"75";"75120";"2";"1";"1";"2";"BD PERIPHERIQUE INTERIEUR";"48,86694200";"2,41322000"
"202400031103";"14";"12";"2024";"17:40";"5";"75";"75113";"2";"1";"1";"3";"BD PERIPHERIQUE EXTERIEUR ";"48,81629000";"2,34577700"
"202400031104";"14";"12";"2024";"17:10";"2";"75";"75120";"2";"4";"1";"2";"BD PERIPHERIQUE EXTERIEUR";"48,86258700";"2,41376700"
"202400031105";"13";"12";"2024";"08:50";"1";"75";"75115";"2";"1";"1";"4";"BD PERIPHERIQUE INTERIEUR";"48,82806100";"2,29094600"
"202400031106";"5";"03";"2024";"10:25";"1";"38";"38052";"2";"9";"1";"3";"RD1091 - zone du ras";"45,06694900";"6,02196400"
"202400031107";"15";"12";"2024";"12:26";"1";"75";"75119";"2";"1";"8";"7";"AVENUE DE FLANDRE";"48,88780360";"2,37309200"
"202400031108";"15";"12";"2024";"01:30";"5";"75";"75119";"2";"3";"2";"3";"BOULEVARD DE LA VILLETTE";"48,88443000";"2,36731000"
"202400031109";"4";"03";"2024";"08:40";"1";"60";"60494";"1";"3";"1";"5";"ZA Pre de la Dame Jeanne";"49,10136000";"2,55851800"
"202400031110";"5";"03";"2024";"01:20";"3";"976";"97608";"2";"1";"1";"7";"Route de Moya";" -12,78332300";"45,28091300"
"202400031111";"15";"12";"2024";"08:20";"2";"75";"75113";"2";"3";"1";"6";"AVENUE DE LA PORTE DE VITRY";"48,82288900";"2,37783200"
"202400031112";"3";"03";"2024";"22:00";"5";"971";"97116";"1";"1";"2";"6";"Richeval";"16,34553900";" -61,45447800"
"202400031113";"15";"12";"2024";"00:02";"5";"75";"75112";"2";"2";"2";"2";"AVENUE DU DOCTEUR ARNOLD NETTER";"48,84089000";"2,40474300"
"202400031114";"29";"02";"2024";"11:30";"1";"77";"77107";"1";"2";"2";"1";"N36";"48,67515700";"2,81318700"
"202400031115";"15";"12";"2024";"15:50";"1";"75";"75109";"2";"3";"1";"3";"AVENUE TRUDAINE";"48,88067800";"2,34032800"
"202400031116";"1";"03";"2024";"14:00";"1";"95";"95039";"2";"1";"1";"3";"D928";"49,07099785";"2,17643311"
"202400031117";"15";"12";"2024";"10:55";"1";"75";"75107";"2";"3";"1";"6";"BOULEVARD DES INVALIDES";"48,85185400";"2,31471400"
"202400031118";"5";"03";"2024";"18:30";"1";"83";"83068";"1";"1";"1";"1";"Route de Collobrieres";"43,27233100";"6,50304800"
"202400031119";"15";"12";"2024";"17:30";"5";"75";"75101";"2";"2";"1";"6";"PLACE VENDOME";"48,86690000";"2,32919000"
"202400031120";"8";"12";"2024";"01:30";"5";"75";"75102";"2";"2";"1";"6";"BOULEVARD DES CAPUCINES";"48,87024500";"2,33014500"
"202400031121";"5";"03";"2024";"17:20";"1";"83";"83068";"1";"3";"1";"3";"D14";"43,26965500";"6,54146000"
"202400031122";"14";"12";"2024";"21:30";"5";"94";"94074";"2";"1";"1";"2";"Avenue Henri Barbusse";"48,77103000";"2,44029000"
"202400031123";"5";"03";"2024";"10:30";"1";"13";"13015";"1";"1";"1";"3";"D6";"43,44776300";"5,44439100"
"202400031124";"5";"03";"2024";"18:50";"5";"89";"89099";"2";"1";"1";"1";"12 Rue des Gauzys";"47,92757200";"3,54786200"
"202400031125";"14";"12";"2024";"17:55";"5";"94";"94073";"2";"3";"2";"5";"Rue du Bas Marin";"48,75414000";"2,38641000"
"202400031126";"15";"12";"2024";"12:13";"1";"94";"94055";"2";"9";"1";"1";"Route de Provins";"48,79487326";"2,55123621"
"202400031127";"4";"03";"2024";"14:40";"1";"69";"69171";"2";"4";"1";"4";"Route de Lyon";"45,81109700";"4,60056200"
"202400031128";"4";"03";"2024";"07:15";"1";"86";"86123";"1";"1";"7";"6";"Bas Etang";"46,56000400";"0,09163800"
"202400031129";"15";"12";"2024";"17:05";"5";"93";"93046";"2";"1";"2";"2";"ROGER SALENGRO BOULEVARD";"48,91465874";"2,53326679"
"202400031130";"5";"03";"2024";"09:30";"1";"64";"64230";"2";"1";"2";"6";"Pc";"43,23167300";" -0,38806200"
"202400031131";"15";"12";"2024";"10:10";"1";"93";"93027";"2";"1";"1";"2";"MERMOZ (AVENUE JEAN)";"48,93245000";"2,40693000"
"202400031132";"13";"12";"2024";"21:13";"5";"92";"92050";"2";"1";"8";"6";"FRACHON BENOIT AVENUE";"48,89672000";"2,19587000"
"202400031133";"5";"03";"2024";"14:10";"1";"22";"22093";"2";"6";"1";"3";"Rue des Ponts Neufs";"48,53141600";" -2,57694800"
"202400031134";"15";"12";"2024";"12:18";"1";"92";"92040";"2";"1";"1";"1";"STALINGRAD (QUAI DE)";"48,82237256";"2,25204170"
"202400031135";"15";"12";"2024";"18:45";"5";"92";"92026";"2";"3";"2";"2";"VERDUN (DE 62 A FIN)";"48,90040144";"2,26073664"
"202400031136";"4";"03";"2024";"07:20";"1";"83";"83027";"1";"1";"1";"6";"A50";"43,19450747";"5,69220956"
"202400031137";"9";"12";"2024";"07:45";"5";"33";"33243";"2";"1";"1";"6";"N/A";"44,91882200";" -0,24341600"
"202400031138";"10";"12";"2024";"17:40";"3";"33";"33346";"1";"4";"1";"1";"N/A";"44,55619300";" -0,06246900"
"202400031139";"3";"03";"2024";"21:05";"3";"78";"78402";"1";"1";"1";"2";"A13";"48,96523000";"1,76431000"
"202400031140";"14";"12";"2024";"15:35";"1";"41";"41276";"2";"3";"8";"6";"Rue de la Poste";"47,62214300";"1,32309600"
"202400031141";"3";"03";"2024";"19:38";"3";"78";"78007";"1";"1";"1";"2";"A13 Y";"48,89582200";"2,00691500"
"202400031142";"13";"12";"2024";"14:20";"1";"31";"31299";"1";"1";"2";"6";"D3";"43,45927000";"1,20682200"
"202400031143";"16";"12";"2024";"10:35";"1";"05";"05085";"1";"1";"1";"2";"RN94 Col de Montgenèvre";"44,92492300";"6,68864600"
"202400031144";"2";"03";"2024";"19:50";"3";"78";"78423";"1";"1";"2";"4";"RN12";"48,79327300";"2,05246800"
"202400031145";"13";"12";"2024";"18:54";"3";"01";"01250";"1";"1";"3";"1";"Route Departementale 28";"45,98672700";"4,79588600"
"202400031146";"15";"12";"2024";"23:30";"5";"83";"83036";"2";"1";"1";"6";"Avenue de Saint-raphaël";"43,18416700";"6,54300700"
"202400031147";"14";"12";"2024";"19:30";"5";"83";"83091";"2";"2";"1";"1";"Route de Puget-ville";"43,23231000";"6,14959700"
"202400031148";"4";"03";"2024";"06:20";"3";"93";"93005";"1";"1";"1";"5";"A3";"48,93141176";"2,48117112"
"202400031149";"15";"12";"2024";"19:30";"5";"57";"57038";"2";"1";"2";"6";"31 Rue du General Leclerc";"49,47118800";"5,95719200"
"202400031150";"3";"03";"2024";"22:45";"5";"93";"93008";"1";"1";"1";"6";"A86";"48,91407642";"2,43245842"
"202400031151";"8";"12";"2024";"11:30";"1";"80";"80710";"1";"1";"1";"3";"D29";"49,99947100";"1,73425700"
"202400031152";"4";"03";"2024";"20:15";"3";"77";"77121";"1";"1";"1";"2";"A104";"48,83662222";"2,66498382"
"202400031153";"16";"12";"2024";"00:20";"3";"65";"65116";"1";"1";"1";"7";"D929";"42,89082600";"0,35265100"
"202400031154";"23";"02";"2024";"10:35";"1";"47";"47215";"2";"1";"1";"7";"avenue de Pujols";"44,39450198";"0,69428032"
"202400031155";"14";"12";"2024";"11:20";"1";"69";"69169";"1";"1";"2";"6";"Route de Saint-Just-d'Avray";"45,99177400";"4,40320000"
"202400031156";"15";"12";"2024";"15:00";"1";"11";"11262";"2";"1";"3";"1";"N/A";"43,21212000";"3,01274300"
"202400031157";"17";"01";"2024";"09:47";"1";"44";"44109";"2";"9";"1";"3";"N/A";"47,26237480";" -1,58348480"
"202400031158";"12";"01";"2024";"17:10";"1";"44";"44109";"2";"1";"8";"6";"15 Rue de Toul";"47,24394436";" -1,52529993"
"202400031159";"12";"01";"2024";"08:30";"1";"44";"44162";"2";"1";"8";"6";"1 Rue de la Gironde";"47,21081842";" -1,61357032"
"202400031160";"11";"01";"2024";"15:33";"1";"44";"44109";"2";"1";"8";"3";"83 Rue du Coudray";"47,22815300";" -1,54483700"
"202400031161";"3";"01";"2024";"13:50";"1";"44";"44172";"1";"1";"8";"7";"N/A";"47,23705673";" -1,48132527"
"202400031162";"3";"03";"2024";"11:45";"1";"974";"97416";"1";"1";"2";"2";"RN02";" -21,34330000";"55,49650000"
"202400031163";"2";"03";"2024";"12:15";"1";"974";"97409";"2";"1";"1";"2";"Salazie (route de)";" -21,00146000";"55,59060000"
"202400031164";"2";"03";"2024";"05:55";"3";"973";"97302";"2";"3";"1";"3";"BADUEL (ROUTE DE)";"4,92876771";" -52,29843289"
"202400031165";"3";"03";"2024";"18:45";"3";"69";"69387";"2";"1";"2";"6";"Pont Galliéni";"45,74821641";"4,83238654"
"202400031166";"3";"03";"2024";"19:30";"3";"971";"97105";"2";"1";"1";"3";"BOLOGNE (ROUTE DE)";"16,00563000";" -61,73325000"
"202400031167";"3";"03";"2024";"07:15";"1";"95";"95277";"2";"1";"2";"1";"D208";"48,98570800";"2,43186800"
"202400031168";"3";"03";"2024";"10:35";"1";"91";"91687";"2";"1";"1";"5";"COUR DE FRANCE (AVENUE DE LA)";"48,67743900";"2,38337800"
"202400031169";"2";"03";"2024";"15:15";"1";"83";"83069";"2";"1";"1";"6";"OLBIA  (VOIE)";"43,11346000";"6,12873000"
"202400031170";"3";"03";"2024";"08:00";"2";"77";"77517";"1";"1";"2";"1";"D404 LAGNY A ANNET";"48,90114000";"2,66399000"
"202400031171";"3";"03";"2024";"19:30";"5";"64";"64445";"2";"2";"3";"3";"CASTETNAU";"43,30027000";" -0,36520000"
"202400031172";"3";"03";"2024";"06:50";"5";"63";"63113";"2";"2";"2";"3";"CHANTERANNE / Chaussée Claudius";"45,78476000";"3,09974000"
"202400031173";"3";"03";"2024";"02:25";"5";"62";"62215";"2";"2";"2";"3";"Rue Edouard Plachez";"50,49332732";"2,95759624"
"202400031174";"2";"03";"2024";"17:25";"1";"45";"45234";"2";"1";"3";"7";"D2020 PR 36 + 3630";"47,90810000";"1,90394000"
"202400031175";"3";"03";"2024";"12:42";"1";"45";"45004";"2";"1";"8";"6";"D2107 PR 2 + 383";"47,97267000";"2,73342000"
"202400031176";"3";"03";"2024";"15:00";"1";"42";"42044";"2";"2";"4";"3";"Avenue Charles de Gaulle";"45,39593000";"4,32202000"
"202400031177";"3";"03";"2024";"16:30";"1";"35";"35278";"1";"6";"1";"2";"CERISAIE (ROND POINT DE LA)";"48,14039000";" -1,68671000"
"202400031178";"3";"03";"2024";"18:00";"1";"31";"31555";"2";"3";"1";"3";"ESTEBE (AV FREDERIC) DU 1AU 122";"43,62590554";"1,43708870"
"202400031179";"3";"03";"2024";"21:40";"5";"29";"29039";"2";"1";"1";"7";"Avenue du Cabellou";"47,85636400";" -3,90010200"
"202400031180";"3";"03";"2024";"03:50";"3";"28";"28404";"1";"1";"1";"7";"RN 154";"48,70877619";"1,36990851"
"202400031181";"3";"03";"2024";"17:15";"1";"14";"14118";"2";"3";"1";"3";"26 bis Rue Robert Jacquemard";"49,18120000";" -0,39840000"
"202400031182";"3";"03";"2024";"01:19";"5";"13";"13208";"2";"1";"2";"6";"MENDES FRANCE (AVENUE)";"43,24949000";"5,37508000"