"Num_Acc";"jour";"mois";"an";"hrmn";"lum";"dep";"com";"agg";"int";"atm";"col";"adr";"lat";"long"
"202400031183";"3";"03";"2024";"20:10";"5";"13";"13005";"2";"1";"2";"3";"VERDUN (AVENUE DE)";"43,28784000";"5,58172000"
"202400031184";"3";"03";"2024";"20:00";"4";"75";"75112";"2";"1";"1";"3";"BD PERIPHERIQUE EXTERIEUR";"48,82864200";"2,39888900"
"202400031185";"2";"03";"2024";"21:00";"3";"75";"75116";"2";"1";"2";"2";"BD PERIPHERIQUE INTERIEUR";"48,87357800";"2,27529500"
"202400031186";"2";"03";"2024";"16:50";"1";"75";"75115";"2";"1";"2";"3";"BD PERIPHERIQUE INTERIEUR";"48,83529800";"2,27219900"
"202400031187";"2";"03";"2024";"16:20";"2";"75";"75112";"2";"1";"2";"4";"BD PERIPHERIQUE INTERIEUR";"48,84583100";"2,41420900"
"202400031188";"1";"03";"2024";"16:50";"5";"75";"75116";"2";"1";"1";"2";"BD PERIPHERIQUE INTERIEUR";"48,85716600";"2,25862000"
"202400031189";"3";"03";"2024";"15:15";"1";"75";"75117";"2";"3";"1";"6";"AVENUE DE SAINT OUEN";"48,88800800";"2,32576700"
"202400031190";"3";"03";"2024";"06:20";"5";"75";"75116";"2";"2";"2";"3";"ALLEE DE LONGCHAMP";"48,87492500";"2,27110500"
"202400031191";"3";"03";"2024";"14:45";"1";"75";"75115";"2";"1";"1";"4";"BOULEVARD VICTOR";"48,83652200";"2,27663700"
"202400031192";"3";"03";"2024";"11:20";"1";"75";"75114";"2";"2";"8";"3";"RUE RAYMOND LOSSERAND";"48,83294600";"2,31625200"
"202400031193";"2";"03";"2024";"05:42";"5";"75";"75113";"2";"3";"1";"7";"BOULEVARD VINCENT AURIOL";"48,83397800";"2,36472100"
"202400031194";"3";"03";"2024";"09:50";"1";"75";"75108";"2";"3";"1";"6";"BOULEVARD MALESHERBES";"48,87899400";"2,31483500"
"202400031195";"3";"03";"2024";"05:10";"5";"94";"94078";"2";"3";"2";"2";"Rue de Paris / Rue de l'Orme Sainte Marie";"48,73895000";"2,44675000"
"202400031196";"3";"03";"2024";"19:35";"5";"94";"94043";"2";"9";"1";"6";"Avenue Jean Jaurès / Rue Gabriel Péri";"48,81236000";"2,35261000"
"202400031197";"3";"03";"2024";"06:30";"5";"94";"94043";"2";"6";"2";"2";"Avenue de Fontainebleau  / Avenue Eugène Thomas";"48,80978000";"2,36229000"
"202400031198";"3";"03";"2024";"03:45";"5";"94";"94041";"2";"1";"2";"6";"76 Avenue Maurice Thorez";"48,81447071";"2,37879392"
"202400031199";"2";"03";"2024";"23:45";"5";"93";"93008";"2";"5";"2";"3";"Avenue Paul Vaillant - Couturier / Rue Honore d'Estienne d'Orves";"48,90720000";"2,45679000"
"202400031200";"3";"03";"2024";"23:20";"3";"60";"60531";"1";"1";"1";"1";"D36";"49,42122600";"2,73583700"
"202400031201";"3";"02";"2024";"19:15";"3";"974";"97404";"1";"1";"1";"6";"D17e";" -21,26142100";"55,34437900"
"202400031202";"3";"03";"2024";"22:30";"3";"76";"76404";"1";"6";"1";"6";"D489";"49,57819100";"0,24004700"
"202400031203";"3";"03";"2024";"18:50";"3";"974";"97410";"1";"1";"2";"4";"Route Nationale 2";" -21,03317200";"55,70558700"
"202400031204";"2";"03";"2024";"06:45";"3";"56";"56047";"1";"1";"1";"6";"Kerhue";"48,06061400";" -2,76342600"
"202400031205";"4";"03";"2024";"13:50";"1";"79";"79216";"1";"1";"2";"1";"N/A";"46,25110800";" -0,32807000"
"202400031206";"2";"03";"2024";"14:15";"1";"82";"82180";"1";"3";"1";"3";"D25";"43,93708700";"1,04112400"
"202400031207";"3";"03";"2024";"21:58";"4";"82";"82114";"1";"1";"1";"6";"chemin des tilleuls";"43,88863800";"1,23807500"
"202400031208";"3";"03";"2024";"19:45";"3";"32";"32301";"1";"1";"1";"3";"Route Nationale 124, PK 71+580";"43,71079600";"0,44239300"
"202400031209";"4";"03";"2024";"11:20";"1";"71";"71543";"2";"1";"1";"1";"971 Route de Plottes";"46,55728300";"4,90306600"
"202400031210";"3";"03";"2024";"10:10";"1";"63";"63432";"1";"1";"2";"7";"D210";"45,99026645";"3,27393307"
"202400031211";"3";"03";"2024";"06:00";"3";"68";"68320";"1";"1";"1";"6";"D466";"47,66193839";"7,22301259"
"202400031212";"4";"03";"2024";"11:45";"1";"70";"70421";"1";"1";"1";"1";"RN19";"47,68986700";"6,00563800"
"202400031213";"4";"03";"2024";"01:10";"3";"54";"54491";"1";"1";"1";"7";"D906";"49,33805000";"5,91311200"
"202400031214";"17";"02";"2024";"11:50";"1";"14";"14654";"1";"1";"1";"1";"Route de Saint-Julien le Faucon";"49,05014300";"0,02901100"
"202400031215";"2";"03";"2024";"18:45";"2";"14";"14716";"1";"1";"1";"3";"Route de l'Aurette";"49,20214900";" -0,72089500"
"202400031216";"4";"03";"2024";"15:45";"1";"60";"60245";"2";"3";"1";"3";"Rue de Grumesnil";"49,64719621";"1,72457922"
"202400031217";"2";"03";"2024";"14:20";"1";"45";"45062";"1";"1";"3";"2";"D2020 PR 19 + 1";"47,99069700";"1,88196700"
"202400031218";"2";"03";"2024";"03:00";"3";"43";"43163";"1";"1";"1";"7";"Labouriez";"45,25597186";"4,40062157"
"202400031219";"3";"03";"2024";"14:20";"1";"21";"21416";"1";"6";"1";"7";"D701";"47,39058500";"5,31768300"
"202400031220";"26";"02";"2024";"14:00";"1";"87";"87133";"1";"9";"2";"3";"RN 145";"46,20027000";"1,36651000"
"202400031221";"4";"03";"2024";"14:15";"1";"08";"08121";"1";"1";"1";"1";"RD 8043";"49,85294037";"4,46394448"
"202400031222";"9";"04";"2024";"16:45";"1";"76";"76351";"2";"6";"1";"3";"MARCEAU (RUE)";"49,48547000";"0,13639000"
"202400031223";"3";"03";"2024";"19:23";"5";"973";"97309";"2";"1";"1";"1";"Route de Montjoly";"4,91486000";" -52,27460700"
"202400031224";"4";"03";"2024";"02:40";"3";"64";"64141";"1";"1";"3";"2";"a65 pk 121.600";"43,54457400";" -0,29623400"
"202400031225";"10";"04";"2024";"12:05";"1";"73";"73011";"2";"1";"1";"2";"D990 - TOURS (ROUTE DE)";"45,66800645";"6,39553696"
"202400031226";"21";"02";"2024";"08:50";"1";"67";"67506";"1";"1";"1";"2";"PK 472.600 autoroute A4 sens Paris vers Strasbourg";"48,66590400";"7,73676800"
"202400031227";"10";"04";"2024";"12:25";"1";"71";"71540";"2";"1";"1";"6";"VILET (RUE DU)";"46,78080000";"4,43173000"
"202400031228";"10";"04";"2024";"19:30";"1";"69";"69259";"2";"1";"1";"6";"8 Rue du Professeur Roux";"45,72958799";"4,85698700"
"202400031229";"3";"03";"2024";"12:47";"1";"06";"06150";"1";"1";"3";"6";"a8 PK 208+500 chaussée NORD";"43,74587800";"7,38240500"
"202400031230";"3";"03";"2024";"00:01";"5";"987";"98748";"1";"1";"1";"2";"PK 2.300 TOAHOTU";" -17,76498049";" -149,31403398"
"202400031231";"10";"04";"2024";"18:40";"1";"69";"69290";"2";"1";"1";"6";"41 Rue des Garennes";"45,70148887";"4,93773937"
"202400031232";"3";"03";"2024";"08:50";"1";"987";"98722";"1";"1";"1";"1";"PK 17";" -17,59200000";" -149,39100000"
"202400031233";"10";"04";"2024";"12:20";"1";"69";"69290";"2";"9";"1";"3";"72 Route d'Heyrieux";"45,68678000";"4,94480000"
"202400031234";"2";"03";"2024";"21:00";"5";"987";"98733";"1";"1";"1";"1";"pk 26.200";" -17,69600000";" -149,54800000"
"202400031235";"10";"04";"2024";"10:25";"1";"66";"66136";"2";"1";"6";"6";"ESPAGNE (ROUTE D')";"42,68164406";"2,89413035"
"202400031236";"9";"04";"2024";"16:40";"1";"66";"66136";"1";"1";"1";"3";"R D 900";"42,74375000";"2,89114000"
"202400031237";"2";"03";"2024";"19:19";"3";"77";"77145";"1";"2";"3";"3";"N36";"48,59185200";"2,72591300"
"202400031238";"8";"04";"2024";"10:20";"1";"65";"65440";"2";"6";"1";"3";"Avenue Alsace Lorraine";"43,24103261";"0,07364448"
"202400031239";"22";"02";"2024";"22:00";"3";"73";"73285";"1";"1";"4";"6";"D1090";"45,62806900";"6,83495500"
"202400031240";"10";"04";"2024";"16:45";"1";"63";"63113";"2";"8";"1";"6";"MABRUT (RUE ADRIEN)";"45,81315000";"3,12095000"
"202400031241";"27";"02";"2024";"07:30";"1";"26";"26313";"2";"2";"1";"3";"Rue de la Roche";"44,96426300";"4,94108500"
"202400031242";"10";"04";"2024";"12:00";"1";"62";"62894";"1";"1";"1";"3";"D242";"50,77225394";"1,63342232"
"202400031243";"3";"03";"2024";"19:05";"4";"64";"64430";"2";"1";"2";"3";"816 Avenue Adrien Planté";"43,48120600";" -0,75110600"
"202400031244";"10";"04";"2024";"12:35";"1";"59";"59009";"2";"1";"7";"1";"CHATELLENIE AVENUE DE LA";"50,63440000";"3,13511400"
"202400031245";"4";"03";"2024";"16:30";"1";"60";"60612";"2";"1";"1";"6";"9 Rue de la République";"49,20119600";"2,58138500"
"202400031246";"10";"04";"2024";"18:50";"1";"59";"59043";"2";"1";"1";"6";"GARE (PLACE DE LA)";"50,72935500";"2,73540100"
"202400031247";"3";"03";"2024";"18:15";"5";"13";"13210";"1";"1";"1";"2";"A50-Sens Aubagne vers Marseille";"43,28618600";"5,42974300"
"202400031248";"10";"04";"2024";"16:20";"1";"59";"59043";"1";"1";"1";"6";"LILLE (ROUTE DE)";"50,71759000";"2,80946000"
"202400031249";"1";"03";"2024";"11:35";"1";"83";"83123";"1";"1";"1";"4";"A50";"43,14472418";"5,78567088"
"202400031250";"2";"03";"2024";"05:30";"3";"69";"69149";"1";"1";"1";"3";"Route de Métropole 7";"45,71810000";"4,81920000"
"202400031251";"9";"04";"2024";"19:20";"1";"58";"58194";"2";"3";"1";"3";"MARECHAL LYAUTEY";"46,99320000";"3,12820000"
"202400031252";"10";"04";"2024";"15:35";"1";"57";"57480";"2";"1";"1";"6";"SAINT LADRE (RUE )";"49,09440000";"6,15270000"
"202400031253";"2";"03";"2024";"04:45";"3";"42";"42207";"1";"1";"1";"5";"A47";"45,47754000";"4,49859000"
"202400031254";"3";"03";"2024";"07:00";"4";"94";"94037";"1";"1";"2";"3";"A6A";"48,81703415";"2,33585935"
"202400031255";"9";"04";"2024";"17:20";"1";"54";"54482";"2";"3";"1";"2";"Rue du Groupe Libérator";"48,70377000";"6,20495000"
"202400031256";"3";"03";"2024";"05:30";"3";"91";"91553";"1";"1";"2";"6";"RN 104";"48,62976000";"2,48390000"
"202400031257";"9";"04";"2024";"13:15";"1";"54";"54482";"2";"1";"1";"6";"Rue Wolfgang Amadeus Mozart";"48,70418000";"6,19913000"
"202400031258";"2";"03";"2024";"19:20";"3";"92";"92036";"1";"1";"3";"2";"A86";"48,93529046";"2,28393225"
"202400031259";"3";"03";"2024";"13:00";"1";"95";"95572";"1";"1";"1";"2";"A15";"49,03529993";"2,09858891"
"202400031260";"9";"04";"2024";"13:00";"1";"54";"54395";"2";"3";"1";"2";"Route de Mirecourt";"48,67391000";"6,19445000"
"202400031261";"9";"04";"2024";"12:42";"1";"54";"54547";"2";"1";"1";"3";"parking magasin Leclerc";"48,65379900";"6,17775340"
"202400031262";"21";"02";"2024";"15:20";"1";"93";"93048";"1";"1";"2";"4";"A3";"48,87300800";"2,43528390"
"202400031263";"9";"04";"2024";"12:00";"1";"54";"54274";"2";"3";"1";"6";"Rue de la République";"48,67268000";"6,20345000"
"202400031264";"2";"02";"2024";"20:30";"3";"92";"92036";"1";"1";"2";"3";"AUTOROUTE A15";"48,94355783";"2,28738079"
"202400031265";"10";"04";"2024";"10:25";"1";"50";"50218";"2";"1";"1";"2";"Rue du Fourneau";"48,81989920";" -1,57290600"
"202400031266";"2";"03";"2024";"21:10";"3";"93";"93027";"1";"1";"2";"3";"A86";"48,92291000";"2,38070400"
"202400031267";"10";"04";"2024";"06:55";"2";"49";"49007";"2";"2";"1";"3";"BIRGE BOULEVARD";"47,48215000";" -0,52217000"
"202400031268";"2";"03";"2024";"20:00";"3";"95";"95604";"1";"1";"2";"1";"A1";"49,10663375";"2,55125605"
"202400031269";"9";"04";"2024";"17:30";"1";"49";"49007";"2";"1";"1";"3";"MENDES FRANCE PLACE";"47,47400000";" -0,54500000"
"202400031270";"2";"03";"2024";"15:40";"1";"93";"93064";"1";"1";"3";"7";"A86";"48,87746432";"2,47722387"
"202400031271";"9";"04";"2024";"22:00";"3";"44";"44184";"1";"1";"1";"2";"Route du Point du Jour";"47,29281000";" -2,27142000"
"202400031272";"3";"03";"2024";"20:10";"3";"77";"77438";"1";"1";"1";"6";"RN104";"48,86262798";"2,66812122"
"202400031273";"10";"04";"2024";"19:05";"1";"42";"42071";"2";"1";"1";"6";"Avenue de la Libération";"46,03142543";"4,08263773"
"202400031274";"3";"03";"2024";"17:40";"1";"77";"77053";"1";"1";"1";"2";"RN104";"48,67520109";"2,61068573"
"202400031275";"9";"04";"2024";"18:05";"1";"41";"41018";"2";"3";"1";"3";"BALZAC  (RUE HONORE DE)";"47,59539000";"1,33099600"
"202400031276";"3";"03";"2024";"12:07";"1";"94";"94028";"1";"1";"2";"5";"A86";"48,78901627";"2,44014502"
"202400031277";"9";"04";"2024";"07:45";"2";"38";"38185";"2";"7";"3";"6";"PLACE DE LA RÉSISTANCE";"45,20514000";"5,70078000"
"202400031278";"2";"03";"2024";"16:30";"1";"94";"94022";"1";"1";"3";"2";"A86";"48,77642770";"2,41579932"
"202400031279";"1";"03";"2024";"20:20";"3";"77";"77169";"1";"1";"3";"2";"RN104";"48,82157566";"2,61534427"
"202400031280";"10";"04";"2024";"20:38";"2";"37";"37261";"2";"2";"1";"3";"CHALMEL (RUE)";"47,38545000";"0,69260000"
"202400031281";"2";"03";"2024";"19:25";"5";"92";"92025";"2";"1";"3";"3";"VALMY 1 A 53   2 A 66 (BD DE)";"48,92632445";"2,25309333"
"202400031282";"28";"02";"2024";"10:27";"1";"87";"87065";"2";"2";"1";"3";"GROSSE PIERRE ( RUE DE LA  )";"45,79253305";"1,28214777"
"202400031283";"10";"04";"2024";"08:40";"1";"37";"37261";"2";"6";"1";"3";"SAINT LAZARE ( AVENUE)";"47,37807000";"0,69524000"
"202400031284";"2";"03";"2024";"04:00";"3";"974";"97407";"1";"1";"1";"7";"ROUTE NATIONALE N° 1";" -20,95329000";"55,31574000"
"202400031285";"10";"04";"2024";"07:10";"2";"37";"37122";"1";"1";"7";"6";"ROUTE DE SAVONNIERES";"47,36745714";"0,64133093"
"202400031286";"2";"03";"2024";"06:25";"1";"973";"97302";"1";"6";"1";"3";"MARINGOUINS (ROND-POINT)";"4,90780000";" -52,32232000"
"202400031287";"2";"03";"2024";"03:45";"5";"69";"69382";"1";"1";"1";"6";"Route de Métropole 6";"45,74989000";"4,82517000"
"202400031288";"9";"04";"2024";"17:38";"1";"37";"37261";"2";"2";"1";"3";"SUEDE (RUE DE)";"47,43265000";"0,68589000"
"202400031289";"16";"02";"2024";"15:45";"1";"971";"97101";"1";"1";"1";"5";"RN1 ROCADE DE CHAUVEL";"16,23579000";" -61,52365000"
"202400031290";"10";"04";"2024";"11:20";"1";"35";"35238";"2";"1";"1";"6";"TOUR D'AUVERGNE (BD DE LA)";"48,10481060";" -1,68419927"
"202400031291";"2";"03";"2024";"11:40";"1";"91";"91549";"2";"1";"3";"2";"CORBEIL (ROUTE DE)";"48,62926000";"2,34146000"
"202400031292";"26";"02";"2024";"17:25";"1";"84";"84031";"2";"1";"1";"3";"SAINT LABRE CHEMIN DE";"44,05399000";"5,05256000"
"202400031293";"10";"04";"2024";"23:20";"3";"33";"33200";"2";"1";"1";"6";"N/A";"44,86236900";" -0,69885700"
"202400031294";"2";"03";"2024";"17:20";"1";"30";"30011";"1";"3";"1";"3";"ARAMON RUE D'";"43,94750000";"4,78618000"
"202400031295";"10";"04";"2024";"01:00";"5";"31";"31555";"2";"9";"1";"6";"RUE LOUIS PLANA";"43,61272000";"1,47720000"
"202400031296";"1";"03";"2024";"17:10";"1";"83";"83098";"1";"1";"1";"6";"BROSSET (AVENUE DU GENERAL)";"43,10901460";"6,00317627"
"202400031297";"2";"03";"2024";"14:25";"1";"78";"78551";"2";"5";"2";"3";"ROOSEVELT (DU PRESIDENT)";"48,89928000";"2,07394000"
"202400031298";"9";"04";"2024";"16:25";"1";"31";"31555";"2";"3";"2";"3";"RUE DE SEBASTOPOL";"43,60914000";"1,43063000"
"202400031299";"2";"03";"2024";"22:20";"5";"74";"74012";"2";"1";"1";"3";"BONNEVILLE (ROUTE DE)";"46,18591000";"6,23662000"
"202400031300";"10";"04";"2024";"10:00";"1";"29";"29232";"2";"1";"2";"6";"Route de Douarnenez";"47,99853441";" -4,12689746"
"202400031301";"2";"03";"2024";"17:25";"1";"71";"71076";"2";"1";"1";"2";"CASSIN (RUE RENE)";"46,77434069";"4,86541461"
"202400031302";"9";"04";"2024";"18:45";"1";"29";"29019";"2";"1";"1";"6";"avenue de l'Ecole Navale";"48,37997400";" -4,52713900"
"202400031303";"20";"01";"2024";"12:15";"1";"35";"35238";"2";"3";"1";"6";"LEBON (PHILIPPE)";"48,10516000";" -1,70048000"
"202400031304";"1";"03";"2024";"23:22";"3";"65";"65440";"2";"9";"8";"3";"ALSACE LORRAINE (AVENUE)";"43,25351061";"0,07248711"
"202400031305";"9";"04";"2024";"08:55";"1";"29";"29019";"2";"1";"1";"3";"rue de Gouesnou";"48,41528200";" -4,46822100"
"202400031306";"20";"01";"2024";"13:20";"1";"34";"34172";"2";"1";"1";"3";"LODEVE (AVENUE DE";"43,61401000";"3,83806000"
"202400031307";"2";"03";"2024";"16:00";"1";"64";"64445";"2";"1";"2";"6";"ETIGNY D'";"43,29680000";" -0,38700000"
"202400031308";"19";"01";"2024";"16:20";"1";"34";"34172";"2";"1";"1";"2";"FAVRE DE SAINT CASTOR (RUE)";"43,62195000";"3,82329000"
"202400031309";"9";"04";"2024";"15:35";"1";"28";"28134";"1";"1";"1";"5";"RN12";"48,74419200";"1,34287300"
"202400031310";"20";"01";"2024";"12:00";"1";"31";"31483";"2";"1";"1";"2";"Av du Pdt Francois Mitterrand";"43,11267592";"0,75328701"
"202400031311";"10";"04";"2024";"21:45";"5";"28";"28220";"2";"2";"1";"3";"LIBERTE (RUE DE LA)";"48,42686000";"1,47218000"
"202400031312";"2";"03";"2024";"15:00";"1";"63";"63113";"2";"1";"1";"3";"CLOS NOTRE DAME (RUE DU)";"45,78310000";"3,07561000"
"202400031313";"2";"03";"2024";"01:07";"3";"63";"63014";"2";"6";"1";"7";"COURNON (AVENUE DE)";"45,75515524";"3,14543724"
"202400031314";"20";"01";"2024";"15:45";"1";"28";"28220";"2";"1";"1";"3";"LIBERTE (RUE DE LA)";"48,42753000";"1,46819000"
"202400031315";"1";"03";"2024";"07:00";"2";"62";"62753";"1";"1";"1";"7";"D 950";"50,30763763";"2,80556935"
"202400031316";"10";"04";"2024";"08:50";"1";"27";"27229";"2";"1";"1";"3";"CITES UNIES (BOULEVARD DES)";"49,01580000";"1,14410000"
"202400031317";"1";"03";"2024";"17:15";"1";"61";"61001";"2";"1";"1";"6";"Voie Communale";"48,41525000";"0,09423000"
"202400031318";"10";"04";"2024";"09:40";"1";"26";"26362";"2";"1";"1";"6";"Rue de Biberach";"44,93076000";"4,92296000"
"202400031319";"2";"03";"2024";"15:20";"1";"59";"59650";"2";"9";"3";"6";"LIBERTE (BOULEVARD DE LA)";"50,70985000";"3,19360000"
"202400031320";"20";"01";"2024";"20:35";"5";"14";"14118";"2";"2";"1";"3";"4 Rue Montoir-Poissonnerie";"49,18476000";" -0,36019000"
"202400031321";"12";"02";"2024";"07:35";"1";"59";"59368";"2";"1";"1";"3";"DE GAULLE RUE DU GENERAL";"50,65042000";"3,07185000"
"202400031322";"10";"04";"2024";"08:34";"1";"25";"25462";"2";"2";"1";"6";"GRENIER DOCTEUR";"46,90464000";"6,35224000"
"202400031323";"1";"03";"2024";"23:55";"5";"59";"59043";"2";"1";"2";"6";"HAZEBROUCK (ROUTE D')";"50,73862077";"2,72628621"
"202400031324";"19";"01";"2024";"16:00";"1";"14";"14118";"2";"3";"9";"3";"Avenue du Général Dempsey";"49,19900600";" -0,39063200"
"202400031325";"20";"01";"2024";"05:10";"5";"13";"13209";"2";"1";"1";"6";"MAZARGUES (AVENUE DE)";"43,25061100";"5,40325600"
"202400031326";"20";"01";"2024";"09:40";"1";"11";"11069";"2";"1";"1";"6";"N/A";"43,21133500";"2,33008100"
"202400031327";"20";"01";"2024";"01:20";"5";"75";"75116";"2";"1";"1";"6";"BD PERIPHERIQUE INTERIEUR";"48,83553900";"2,25867000"
"202400031328";"2";"03";"2024";"10:50";"1";"56";"56162";"1";"1";"7";"6";"Boulevard de l'Atlantique";"47,72336000";" -3,48469000"
"202400031329";"19";"01";"2024";"09:50";"1";"75";"75119";"2";"3";"1";"6";"RUE ADOLPHE MILLE";"48,88796900";"2,38918600"
"202400031330";"10";"04";"2024";"08:54";"1";"25";"25462";"1";"6";"1";"3";"ROCADE G.POMPIDOU (DU 25 A LA FIN)";"46,90013400";"6,33510700"
"202400031331";"2";"03";"2024";"20:00";"5";"54";"54395";"2";"2";"2";"1";"Rue Henri Bazin";"48,69652000";"6,19309000"
"202400031332";"19";"01";"2024";"23:45";"5";"75";"75116";"2";"7";"1";"6";"AVENUE DU PRESIDENT WILSON";"48,86321700";"2,28782500"
"202400031333";"2";"03";"2024";"12:45";"1";"51";"51172";"2";"3";"1";"2";"TAISSY (ROUTE)";"49,21985000";"4,06584000"
"202400031334";"20";"01";"2024";"17:40";"5";"75";"75115";"2";"3";"1";"6";"RUE LECOURBE";"48,84318300";"2,30460100"
"202400031335";"10";"04";"2024";"11:30";"1";"25";"25056";"2";"3";"1";"3";"EDISON RUE THOMAS";"47,23187000";"5,97051000"
"202400031336";"3";"03";"2024";"01:40";"5";"44";"44109";"2";"1";"1";"6";"30 Boulevard Jean Monnet";"47,21054000";" -1,55206000"
"202400031337";"20";"01";"2024";"13:20";"1";"75";"75114";"2";"2";"1";"6";"BOULEVARD DU MONTPARNASSE";"48,84192500";"2,32976400"
"202400031338";"3";"03";"2024";"01:00";"3";"44";"44035";"1";"1";"1";"1";"N/A";"47,25716000";" -1,54575000"
"202400031339";"10";"04";"2024";"10:50";"1";"25";"25056";"2";"3";"1";"3";"POLYGONE RUE DU";"47,23200000";"6,00800000"
"202400031340";"2";"03";"2024";"17:50";"1";"38";"38185";"2";"1";"8";"1";"Chemin des Alpins";"45,17167000";"5,72021000"
"202400031341";"20";"01";"2024";"05:35";"5";"75";"75114";"2";"3";"1";"2";"BOULEVARD RASPAIL";"48,84142100";"2,32973900"
"202400031342";"10";"04";"2024";"13:35";"1";"24";"24037";"2";"1";"1";"6";"BRIAND (AVENUE ARISTIDE)";"44,85215000";"0,46864000"
"202400031343";"10";"04";"2024";"11:25";"1";"22";"22187";"1";"9";"8";"6";"FONTAINE HUE (rue de la)";"48,53270000";" -2,81665000"
"202400031344";"20";"01";"2024";"14:20";"1";"75";"75113";"2";"3";"1";"7";"RUE CHARLES FOURIER";"48,82533900";"2,35106500"
"202400031345";"2";"03";"2024";"13:54";"1";"37";"37261";"2";"1";"3";"4";"WAGNER (BOULEVARD RICHARD)";"47,37403000";"0,69734000"
"202400031346";"28";"03";"2024";"08:25";"1";"19";"19272";"2";"1";"1";"3";"Lucien Sampeix (Av)";"45,25437179";"1,76356047"
"202400031347";"1";"03";"2024";"16:55";"1";"37";"37261";"2";"1";"1";"6";"STENDHAL (AVENUE)";"47,36772000";"0,70458000"
"202400031348";"19";"01";"2024";"08:55";"1";"75";"75113";"2";"2";"1";"6";"RUE DE TOLBIAC";"48,82599000";"2,35364800"
"202400031349";"10";"04";"2024";"11:22";"1";"13";"13209";"2";"1";"1";"2";"SAINTE MARGUERITE (BOULEVARD)";"43,26269000";"5,41226000"
"202400031350";"20";"01";"2024";"18:56";"5";"75";"75111";"2";"2";"1";"6";"Rue Louis Bonnet";"48,87186700";"2,37695200"
"202400031351";"2";"03";"2024";"14:15";"1";"35";"35278";"1";"6";"1";"3";"MAISON BLANCHE (ROND POINT DE)";"48,14416000";" -1,65719000"
"202400031352";"10";"04";"2024";"14:45";"1";"13";"13063";"2";"4";"1";"3";"D 10";"43,57637000";"5,01458000"
"202400031353";"20";"01";"2024";"00:25";"5";"75";"75111";"2";"2";"1";"2";"AVENUE DE LA REPUBLIQUE";"48,86527800";"2,37450100"
"202400031354";"10";"04";"2024";"07:00";"2";"11";"11069";"1";"1";"2";"7";"N/A";"43,19692000";"2,35745000"
"202400031355";"2";"03";"2024";"12:00";"1";"35";"35238";"1";"1";"1";"4";"RN136";"48,09880736";" -1,71407908"
"202400031356";"9";"04";"2024";"16:00";"1";"11";"11069";"1";"1";"2";"6";"N/A";"43,20283000";"2,28101000"
"202400031357";"2";"03";"2024";"05:25";"5";"31";"31555";"2";"1";"1";"7";"PORT ST ETIENNE ";"43,60082800";"1,45653300"
"202400031358";"20";"01";"2024";"01:30";"5";"94";"94041";"2";"1";"2";"3";"Rue François Mitterrand";"48,82162300";"2,39014300"
"202400031359";"2";"03";"2024";"19:10";"2";"26";"26362";"2";"1";"1";"1";"Avenue de la Liberation";"44,91369220";"4,88928080"
"202400031360";"9";"04";"2024";"08:30";"1";"11";"11069";"2";"1";"8";"1";"ROCADE SUD RD 6161";"43,20423000";"2,38262000"
"202400031361";"20";"01";"2024";"13:26";"1";"94";"94033";"2";"1";"1";"3";"Boulevard de Verdun";"48,85110000";"2,47462000"
"202400031362";"9";"04";"2024";"19:45";"1";"10";"10387";"2";"1";"1";"6";"Rue des Marots";"48,30740000";"4,04440000"
"202400031363";"18";"05";"2024";"05:05";"3";"29";"29254";"1";"1";"1";"6";"RN 12";"48,58830910";" -3,84599105"
"202400031364";"3";"03";"2024";"00:58";"5";"25";"25056";"2";"2";"1";"3";"CHURCHILL BD WINSTON";"47,24935000";"6,00283000"
"202400031365";"18";"05";"2024";"09:55";"1";"29";"29019";"2";"1";"1";"6";"rue de Paris";"48,41037700";" -4,45506400"
"202400031366";"20";"01";"2024";"20:10";"5";"94";"94017";"2";"1";"8";"2";"Avenue Salvador Allendé";"48,80844000";"2,55185000"
"202400031367";"10";"04";"2024";"14:56";"1";"06";"06088";"2";"2";"1";"1";"Rue Anatole de Monzie";"43,73698000";"7,29930000"
"202400031368";"2";"03";"2024";"14:15";"1";"25";"25056";"2";"6";"1";"3";"MAROT RUE CLEMENT";"47,21531000";"5,96129000"
"202400031369";"18";"05";"2024";"09:30";"1";"29";"29019";"2";"2";"1";"6";"rue de Quimper";"48,40111900";" -4,45368500"
"202400031370";"20";"01";"2024";"13:00";"1";"94";"94069";"2";"1";"1";"2";"Rue du Maréchal Leclerc";"48,81770212";"2,45072164"
"202400031371";"10";"04";"2024";"19:00";"1";"06";"06069";"1";"1";"2";"2";"Route de la Paoute";"43,63629000";"6,95657000"
"202400031372";"17";"05";"2024";"16:40";"1";"27";"27375";"2";"1";"1";"6";"JOFFRE (BOULEVARD DU ML)";"49,21511000";"1,16752000"
"202400031373";"19";"01";"2024";"20:05";"5";"94";"94028";"2";"3";"8";"3";"Avenue Georges Duhamel / Rue Henri Doucet";"48,77707000";"2,46885000"
"202400031374";"2";"03";"2024";"08:45";"1";"22";"22278";"2";"1";"1";"4";"RAHUEL (DOCTEUR)";"48,50572000";" -2,74534000"
"202400031375";"18";"05";"2024";"13:40";"1";"22";"22278";"2";"1";"1";"1";"LEGUE (DU)";"48,52010000";" -2,76360000"
"202400031376";"10";"04";"2024";"08:05";"1";"06";"06069";"2";"1";"1";"3";"3 Avenue Yves Emmanuel Baudoin";"43,65991100";"6,92189500"
"202400031377";"20";"01";"2024";"06:45";"5";"93";"93066";"2";"1";"1";"1";"Rue du Landy";"48,91545201";"2,35961705"