"Num_Acc";"jour";"mois";"an";"hrmn";"lum";"dep";"com";"agg";"int";"atm";"col";"adr";"lat";"long"
"202400031378";"2";"03";"2024";"15:20";"1";"18";"18279";"2";"1";"2";"2";"1010 Avenue du 8 Mai 1945";"47,23560000";"2,08633000"
"202400031379";"17";"05";"2024";"17:37";"1";"22";"22360";"1";"1";"1";"2";"RD 222";"48,48275000";" -2,69231000"
"202400031380";"13";"03";"2024";"09:00";"1";"05";"05061";"1";"1";"1";"6";"RD944";"44,55285375";"6,03464842"
"202400031381";"18";"05";"2024";"22:50";"5";"14";"14225";"2";"1";"1";"1";"16 Rue Pierre Loti";"49,29387000";" -0,09174000"
"202400031382";"20";"01";"2024";"21:25";"5";"93";"93064";"2";"3";"1";"6";"Rue Etienne Dolet / Boulevard de la Boissière";"48,87632296";"2,46755229"
"202400031383";"17";"05";"2024";"22:45";"3";"11";"11069";"2";"1";"3";"3";"ROCADE OUEST RD 6161";"43,22134610";"2,32429504"
"202400031384";"10";"04";"2024";"20:50";"2";"75";"75119";"2";"2";"1";"3";"AVENUE CORENTIN CARIOU";"48,89479000";"2,38235200"
"202400031385";"20";"01";"2024";"21:15";"5";"93";"93031";"2";"2";"9";"3";"Avenue de la République / Avenue de la Marne";"48,95010100";"2,32844400"
"202400031386";"3";"03";"2024";"00:55";"5";"13";"13206";"2";"3";"3";"3";"LIEUTAUD (COURS)";"43,29059000";"5,38334000"
"202400031387";"10";"04";"2024";"09:20";"1";"75";"75119";"2";"1";"1";"6";"RUE DE BELLEVILLE";"48,87587200";"2,40166400"
"202400031388";"19";"05";"2024";"02:20";"5";"10";"10387";"2";"1";"1";"6";"MIMOSAS (RUE DES)";"48,30952000";"4,07559000"
"202400031389";"20";"01";"2024";"18:55";"5";"93";"93014";"2";"2";"9";"6";"Allée Romain Rolland / Allée de Gagny";"48,90452753";"2,54858807"
"202400031390";"2";"03";"2024";"23:30";"5";"13";"13213";"2";"1";"2";"1";"MERLAN (AVENUE DU)";"43,33834000";"5,40741000"
"202400031391";"20";"01";"2024";"13:20";"1";"93";"93005";"2";"9";"1";"6";"Centre Commercial Parinor";"48,95694300";"2,47589600"
"202400031392";"10";"04";"2024";"09:00";"1";"75";"75118";"2";"2";"1";"6";"RUE DE CLIGNANCOURT";"48,89406400";"2,34924500"
"202400031393";"2";"03";"2024";"09:15";"1";"13";"13201";"2";"9";"1";"2";"BELGES (QUAI DES)";"43,29400000";"5,37400000"
"202400031394";"20";"01";"2024";"12:50";"1";"92";"92062";"2";"1";"1";"2";"BELLINI (RUE)";"48,88721412";"2,24964774"
"202400031395";"18";"05";"2024";"11:10";"1";"09";"09225";"1";"1";"1";"4";"ROUTE NATIONALE 20";"43,15070514";"1,61644131"
"202400031396";"10";"04";"2024";"10:37";"1";"75";"75115";"2";"3";"1";"6";"PLACE JACQUES MARETTE";"48,83265100";"2,30094800"
"202400031397";"2";"03";"2024";"02:30";"5";"13";"13208";"2";"1";"1";"1";"MENDES FRANCE (AVENUE)";"43,25366052";"5,37606853"
"202400031398";"20";"01";"2024";"18:30";"5";"92";"92024";"2";"9";"1";"6";"HENRI BARBUSSE (RUE) DE (1 A 73)   (2 A";"48,89955000";"2,30516000"
"202400031399";"10";"04";"2024";"15:05";"1";"75";"75110";"2";"1";"1";"7";"BOULEVARD DE MAGENTA";"48,87451500";"2,35780200"
"202400031400";"18";"05";"2024";"15:30";"1";"06";"06069";"2";"1";"1";"2";"94 Av Mal de Lattre de Tassigny";"43,64920000";"6,93179000"
"202400031401";"18";"02";"2024";"09:16";"1";"13";"13209";"2";"1";"1";"2";"LANCIER (CHEMIN DU)";"43,24665156";"5,39597436"
"202400031402";"20";"01";"2024";"16:45";"1";"01";"01261";"1";"4";"7";"3";"route departementale 6";"45,97272600";"4,95236100"
"202400031403";"17";"05";"2024";"15:17";"1";"06";"06123";"2";"1";"1";"2";"Route du Bord de Mer";"43,65664000";"7,17829000"
"202400031404";"10";"04";"2024";"19:26";"1";"75";"75108";"2";"2";"1";"4";"BOULEVARD MALESHERBES";"48,88076100";"2,31267100"
"202400031405";"2";"03";"2024";"18:45";"3";"13";"13001";"1";"1";"2";"1";"PETITE RTE DES MILLES (RTE)";"43,51026000";"5,39592000"
"202400031406";"18";"05";"2024";"22:55";"5";"05";"05023";"2";"6";"1";"6";"SOIE (RUE DE LA)";"44,89405900";"6,63335600"
"202400031407";"20";"01";"2024";"01:00";"5";"62";"62053";"2";"1";"4";"6";"D92";"50,58791000";"2,12924500"
"202400031408";"2";"03";"2024";"06:55";"1";"13";"13001";"2";"1";"1";"2";"ENFANT (RTE DE L')";"43,49011000";"5,38516000"
"202400031409";"10";"04";"2024";"13:50";"1";"75";"75108";"2";"3";"1";"6";"PLACE FRANCOIS 1ER";"48,86614000";"2,30756900"
"202400031410";"17";"05";"2024";"13:45";"1";"01";"01053";"2";"1";"1";"3";"MARBOZ (AVENUEDE - PAIRS)";"46,22511000";"5,22888000"
"202400031411";"21";"01";"2024";"08:55";"1";"77";"77235";"1";"1";"1";"6";"A4 - PK 060.200 vers province";"48,97835800";"3,07321100"
"202400031412";"1";"03";"2024";"16:44";"1";"11";"11262";"2";"1";"1";"3";"15 Boulevard du General de Gaulle";"43,18641980";"3,00886452"
"202400031413";"18";"05";"2024";"18:55";"1";"75";"75120";"2";"4";"1";"3";"BD PERIPHERIQUE INTERIEUR";"48,85634400";"2,41392300"
"202400031414";"10";"04";"2024";"17:44";"1";"75";"75102";"2";"2";"1";"2";"BOULEVARD DES ITALIENS";"48,87189500";"2,34000000"
"202400031415";"19";"01";"2024";"16:15";"1";"972";"97231";"2";"1";"1";"1";"Av de l?Imperatrice Josephine";"14,53722800";" -61,03417000"
"202400031416";"2";"03";"2024";"19:00";"5";"06";"06069";"2";"1";"2";"2";"Route de Cannes";"43,63805240";"6,95073530"
"202400031417";"18";"05";"2024";"09:55";"1";"75";"75114";"2";"1";"1";"5";"BD PERIPHERIQUE INTERIEUR";"48,82201100";"2,31679700"
"202400031418";"9";"04";"2024";"19:55";"1";"94";"94081";"2";"2";"2";"3";"Boulevard de Stalingrad / Rue de la Concorde";"48,79861000";"2,38199000"
"202400031419";"21";"01";"2024";"00:05";"3";"63";"63116";"1";"1";"8";"6";"D19";"45,98996589";"3,04112232"
"202400031420";"22";"02";"2024";"10:53";"1";"05";"05061";"2";"1";"2";"2";"LADOUCETTE ( COURS )";"44,56145000";"6,08249000"
"202400031421";"8";"04";"2024";"18:15";"1";"94";"94068";"2";"1";"1";"6";"Villa Camus";"48,80491300";"2,47270400"
"202400031422";"20";"01";"2024";"17:15";"2";"86";"86070";"1";"1";"1";"6";"Route de la Chapelle Viviers";"46,51416200";"0,69528400"
"202400031423";"17";"05";"2024";"19:30";"1";"75";"75116";"2";"1";"1";"5";"PORTE DAUPHINE";"48,87048300";"2,27252900"
"202400031424";"2";"03";"2024";"15:00";"1";"05";"05023";"2";"1";"2";"6";"159° RIA (AVENUE DU)";"44,89893000";"6,63377000"
"202400031425";"20";"01";"2024";"14:30";"1";"85";"85215";"2";"6";"1";"7";"RD 137";"46,86389900";" -1,18903400"
"202400031426";"10";"04";"2024";"09:00";"1";"93";"93078";"2";"6";"1";"2";"Boulevard Robert Ballanger / Avenue Georges Clémenceau";"48,96070000";"2,55536000"
"202400031427";"20";"01";"2024";"19:35";"3";"30";"30315";"1";"1";"1";"7";"N100";"43,94901344";"4,69826790"
"202400031428";"17";"05";"2024";"15:10";"1";"75";"75104";"2";"3";"1";"4";"BOULEVARD HENRI IV";"48,85260373";"2,36725312"
"202400031429";"10";"04";"2024";"01:40";"5";"93";"93071";"2";"1";"1";"6";"Avenue Ernest Pivot";"48,92940300";"2,53036400"
"202400031430";"1";"03";"2024";"13:50";"1";"75";"75112";"2";"1";"1";"2";"BD PERIPHERIQUE EXTERIEUR";"48,83080700";"2,40315400"
"202400031431";"18";"05";"2024";"02:15";"4";"75";"75120";"2";"1";"1";"2";"RUE PELLEPORT";"48,86986000";"2,40002800"
"202400031432";"21";"01";"2024";"15:40";"1";"30";"30286";"1";"9";"1";"3";"D981";"43,98603300";"4,45543300"
"202400031433";"1";"03";"2024";"17:20";"2";"75";"75106";"2";"5";"8";"6";"BOULEVARD SAINT MICHEL";"48,85034700";"2,34262660"
"202400031434";"10";"04";"2024";"17:00";"1";"93";"93048";"2";"2";"1";"6";"Rue Alexis Lepere / Rue des Caillots";"48,86490000";"2,43931000"
"202400031435";"18";"05";"2024";"22:30";"5";"75";"75119";"2";"3";"1";"3";"BOULEVARD DE LA VILLETTE";"48,88436800";"2,36692000"
"202400031436";"19";"01";"2024";"20:40";"3";"62";"62817";"1";"1";"4";"1";"D60";"50,27236400";"2,80900200"
"202400031437";"21";"01";"2024";"03:35";"3";"61";"61303";"1";"1";"4";"6";"A88";"48,81900100";" -0,13127800"
"202400031438";"18";"05";"2024";"10:30";"1";"75";"75116";"2";"2";"1";"6";"RUE LARGILLIERE";"48,85729900";"2,27304000"
"202400031439";"10";"04";"2024";"16:18";"1";"93";"93046";"2";"3";"1";"3";"Avenue du Consul General Nordling / Rue Léon Jouhaux";"48,91786000";"2,53492000"
"202400031440";"2";"03";"2024";"15:20";"1";"75";"75106";"2";"4";"2";"3";"RUE D ASSAS";"48,84593400";"2,33139400"
"202400031441";"20";"01";"2024";"19:30";"3";"56";"56040";"1";"1";"1";"1";"Kerchopine";"47,89229100";" -3,34010100"
"202400031442";"10";"04";"2024";"17:30";"1";"93";"93057";"2";"1";"1";"6";"Boulevard Pasteur";"48,90364300";"2,51272000"
"202400031443";"20";"01";"2024";"10:00";"1";"11";"11206";"2";"1";"7";"6";"47 Rue Jean Jaures";"43,05534200";"2,21601600"
"202400031444";"18";"05";"2024";"02:00";"5";"75";"75116";"2";"2";"1";"3";"AVENUE GEORGES MANDEL";"48,86412700";"2,27760400"
"202400031445";"2";"03";"2024";"16:48";"2";"75";"75118";"2";"8";"3";"6";"BOULEVARD NEY";"48,89838500";"2,35939700"
"202400031446";"18";"05";"2024";"00:05";"5";"75";"75116";"2";"4";"1";"6";"AVENUE DE VERSAILLES";"48,84108900";"2,26561600"
"202400031447";"2";"03";"2024";"19:45";"5";"75";"75117";"2";"5";"2";"1";"AVENUE DE LA PORTE D ASNIERES";"48,89186700";"2,30173000"
"202400031448";"10";"04";"2024";"21:55";"5";"93";"93007";"2";"3";"1";"3";"Avenue Aristide Briand / Avenue Marcel Alizard";"48,94360000";"2,44442000"
"202400031449";"18";"05";"2024";"15:40";"1";"75";"75115";"2";"2";"1";"6";"BOULEVARD LEFEBVRE";"48,83270500";"2,28837800"
"202400031450";"2";"03";"2024";"02:00";"5";"75";"75117";"2";"3";"1";"2";"AVENUE DE CLICHY";"48,88537900";"2,32660300"
"202400031451";"10";"04";"2024";"17:00";"1";"93";"93007";"2";"1";"1";"3";"Avenue Paul Vaillant Couturier";"48,92541117";"2,46556091"
"202400031452";"20";"01";"2024";"17:10";"1";"71";"71468";"1";"1";"1";"3";"Route de la Rouelle";"46,84325500";"4,54126100"
"202400031453";"18";"05";"2024";"11:30";"1";"75";"75112";"2";"2";"1";"3";"AVENUE DU TREMBLAY";"48,82727200";"2,46437200"
"202400031454";"1";"03";"2024";"20:45";"5";"75";"75116";"2";"1";"2";"6";"AVENUE DE VERSAILLES";"48,84692500";"2,27327800"
"202400031455";"10";"04";"2024";"08:27";"1";"92";"92073";"2";"1";"1";"2";"SELLIER (BOULEVARD HENRI)";"48,86465425";"2,21897863"
"202400031456";"20";"01";"2024";"17:00";"1";"63";"63457";"1";"3";"1";"1";"RD 225 / rue des meuliers";"45,64598300";"3,22669700"
"202400031457";"2";"03";"2024";"12:10";"1";"75";"75115";"2";"2";"3";"7";"RUE DES ENTREPRENEURS";"48,84566600";"2,28797700"
"202400031458";"18";"05";"2024";"04:40";"5";"75";"75112";"2";"7";"1";"2";"PORTE DE VINCENNES";"48,84669518";"2,41382718"
"202400031459";"10";"04";"2024";"08:44";"1";"92";"92062";"2";"1";"1";"6";"LAFARGUES (RUE PAUL)";"48,88620788";"2,24576819"
"202400031460";"20";"01";"2024";"20:25";"5";"49";"49125";"2";"1";"1";"3";"5bis Boulevard jacques savary";"47,18745600";" -0,27840300"
"202400031461";"18";"05";"2024";"21:00";"1";"75";"75110";"2";"1";"1";"1";"RUE LA FAYETTE";"48,88112900";"2,36399600"
"202400031462";"1";"03";"2024";"16:15";"1";"75";"75114";"2";"3";"8";"5";"PLACE DENFERT ROCHEREAU";"48,83339600";"2,33269100"
"202400031463";"21";"01";"2024";"01:15";"3";"12";"12167";"1";"1";"1";"7";"D564";"44,21827000";"1,93104000"
"202400031464";"18";"05";"2024";"09:55";"1";"75";"75110";"2";"1";"1";"6";"RUE DU FAUBOURG SAINT DENIS";"48,87929100";"2,35706800"
"202400031465";"10";"04";"2024";"19:00";"1";"92";"92051";"2";"1";"1";"2";"CHARLES DE GAULLE (AVENUE, N°27 A 129)";"48,88143625";"2,27073097"
"202400031466";"21";"01";"2024";"18:30";"2";"47";"47239";"1";"1";"1";"6";"1260 route de miramont de guyenne";"44,42783342";"0,54649906"
"202400031467";"29";"02";"2024";"20:45";"5";"75";"75114";"2";"3";"2";"2";"AVENUE DU MAINE";"48,84056300";"2,32174900"
"202400031468";"17";"05";"2024";"20:00";"1";"75";"75110";"2";"3";"1";"2";"QUAI DE JEMMAPES";"48,86883700";"2,36763600"
"202400031469";"9";"04";"2024";"13:35";"1";"92";"92020";"2";"3";"2";"3";"SAND RUE GEORGE";"48,81053041";"2,28458869"
"202400031470";"21";"01";"2024";"16:15";"1";"44";"44005";"1";"1";"2";"7";"La Petite Masure";"47,11995000";" -1,84342900"
"202400031471";"20";"01";"2024";"07:00";"2";"03";"03176";"1";"1";"8";"6";"Chemin de Graviere";"46,38310900";"3,29501300"
"202400031472";"2";"03";"2024";"21:50";"5";"75";"75104";"2";"3";"2";"3";"RUE SAINT ANTOINE";"48,85465000";"2,36273400"
"202400031473";"17";"05";"2024";"00:22";"5";"75";"75108";"2";"7";"1";"3";"PLACE SAINT AUGUSTIN";"48,87460500";"2,32014400"
"202400031474";"9";"04";"2024";"17:20";"1";"92";"92004";"2";"1";"1";"4";"DOCTEUR DERVAUX  ( QUAI DU )";"48,91117993";"2,29861996"
"202400031475";"19";"01";"2024";"17:40";"3";"70";"70428";"1";"1";"1";"2";"Route nationale 19";"47,64766100";"6,12908000"
"202400031476";"18";"05";"2024";"09:25";"1";"75";"75107";"2";"3";"1";"6";"RUE DU GENERAL BERTRAND";"48,84886700";"2,31273100"
"202400031477";"2";"03";"2024";"12:00";"1";"75";"75102";"2";"3";"2";"5";"RUE DES JEUNEURS";"48,86990800";"2,34280800"
"202400031478";"5";"04";"2024";"22:20";"3";"974";"97415";"2";"1";"1";"3";"Route Nationale 1";" -21,02683700";"55,22844400"
"202400031479";"18";"05";"2024";"10:40";"1";"94";"94022";"2";"3";"1";"6";"Avenue Victor Hugo / Rue Brongniart";"48,76854520";"2,41968566"
"202400031480";"20";"01";"2024";"01:45";"3";"70";"70163";"1";"1";"1";"6";"N57";"47,66124700";"6,21407700"
"202400031481";"10";"04";"2024";"15:00";"1";"64";"64061";"2";"1";"1";"7";"Rue de la Bie Cabe";"43,40094500";" -0,56991200"
"202400031482";"1";"03";"2024";"23:20";"5";"94";"94081";"2";"1";"2";"5";"13 Quai Jules Guesde";"48,78193100";"2,41692300"
"202400031483";"20";"01";"2024";"14:22";"1";"72";"72035";"1";"2";"7";"3";"Lieu Dit les Boderies";"47,82796600";"0,69025800"
"202400031484";"18";"05";"2024";"10:45";"1";"93";"93050";"2";"2";"1";"1";"Rue Paul et Camille Thomoux / Avenue du General de Gaulle";"48,85723500";"2,53130300"
"202400031485";"2";"03";"2024";"02:05";"5";"94";"94068";"2";"6";"2";"6";"Avenue Foch / Avenue Joffre";"48,80238365";"2,49192533"
"202400031486";"21";"01";"2024";"00:15";"3";"14";"14591";"1";"1";"9";"6";"2 Route des Hauts Vents";"49,33292500";" -0,80217600"
"202400031487";"10";"04";"2024";"19:01";"2";"38";"38105";"1";"1";"1";"5";"Route de Bonpertuis";"45,40523700";"5,55341700"
"202400031488";"18";"05";"2024";"00:40";"5";"93";"93049";"2";"2";"1";"3";"Avenue des Fauvettes / Avenue de Rosny";"48,87231200";"2,50777400"
"202400031489";"2";"03";"2024";"19:35";"5";"94";"94041";"2";"2";"2";"3";"Rue Jules Vanzuppe / Rue Jean-Jacques Rousseau";"48,81932000";"2,39270000"
"202400031490";"11";"04";"2024";"12:20";"1";"56";"56165";"1";"1";"1";"6";"Echangeur Saint Antoine";"47,91963500";" -2,40535700"
"202400031491";"18";"05";"2024";"14:40";"1";"93";"93031";"2";"2";"1";"6";"Avenue Joffre / Avenue Galliéni";"48,96171000";"2,29543000"
"202400031492";"16";"01";"2024";"07:40";"2";"05";"05017";"1";"4";"1";"1";"D11";"44,56276000";"6,19809700"
"202400031493";"11";"04";"2024";"11:57";"1";"74";"74010";"2";"1";"1";"6";"Route d'albertville";"45,88343100";"6,14203300"
"202400031494";"20";"01";"2024";"17:15";"1";"64";"64010";"1";"1";"1";"3";"RD 29";"43,35517200";" -1,02228600"
"202400031495";"2";"03";"2024";"19:40";"5";"94";"94046";"2";"3";"2";"1";"Avenue de la République / Rue de la Lune";"48,80929000";"2,45362000"
"202400031496";"17";"05";"2024";"23:12";"5";"93";"93031";"2";"2";"1";"3";"Avenue de la République / Avenue de la Marne";"48,95013000";"2,32861000"
"202400031497";"10";"04";"2024";"18:30";"1";"77";"77026";"1";"1";"1";"7";"Beauchery-Saint-Martin";"48,58322900";"3,42570700"
"202400031498";"21";"01";"2024";"14:45";"1";"07";"07009";"1";"1";"1";"6";"Route Rd 86";"45,21726600";"4,80328900"
"202400031499";"17";"05";"2024";"22:05";"5";"92";"92077";"2";"1";"1";"6";"Rue de Saint Cloud";"48,82833763";"2,19035733"
"202400031500";"2";"03";"2024";"06:10";"2";"94";"94017";"2";"1";"2";"2";"Rue de Verdun";"48,81602240";"2,48801681"
"202400031501";"18";"05";"2024";"14:10";"1";"92";"92048";"2";"9";"1";"2";"VERD DE SAINT JULIEN (BOULEVARD)";"48,81773904";"2,23023051"
"202400031502";"21";"01";"2024";"07:16";"3";"40";"40230";"2";"1";"1";"6";"Avenue de la Chalosse";"43,78420500";" -0,92550200"
"202400031503";"18";"05";"2024";"04:30";"5";"92";"92026";"2";"1";"1";"6";"LAMBRECHTS";"48,89773201";"2,25669426"
"202400031504";"2";"03";"2024";"13:00";"1";"93";"93070";"2";"1";"2";"2";"Rue Ardoin";"48,91481000";"2,32326000"
"202400031505";"21";"01";"2024";"15:11";"1";"40";"40248";"1";"1";"1";"6";"1716 Route du Marais";"43,56944000";" -1,37581100"
"202400031506";"10";"04";"2024";"13:25";"1";"49";"49125";"1";"1";"1";"2";"D170";"47,18018200";" -0,30788500"
"202400031507";"2";"03";"2024";"19:10";"1";"93";"93066";"2";"1";"3";"3";"Rue Henri Delaunay";"48,92598800";"2,36343000"
"202400031508";"20";"01";"2024";"20:45";"3";"24";"24408";"1";"1";"1";"1";"D74";"45,31687100";"0,79469600"
"202400031509";"11";"04";"2024";"16:08";"1";"68";"68182";"1";"1";"1";"1";"D12b";"47,51163600";"7,48596000"
"202400031510";"18";"05";"2024";"16:03";"1";"63";"63026";"2";"1";"1";"2";"Boulevard du Lac Sauteyras";"45,66502248";"2,98118585"
"202400031511";"20";"01";"2024";"13:05";"1";"28";"28391";"1";"1";"1";"6";"D927";"48,18890800";"1,91628300"
"202400031512";"2";"03";"2024";"13:30";"1";"93";"93057";"2";"2";"2";"3";"Avenue Jean Jaurès / Allée Pierre Brossolette / Allée Robillard";"48,90428400";"2,50471500"
"202400031513";"10";"04";"2024";"20:20";"2";"39";"39510";"1";"1";"1";"2";"N/A";"46,36210800";"5,89518400"
"202400031514";"19";"05";"2024";"03:00";"5";"83";"83154";"2";"1";"1";"6";"28 Route de Mappe";"43,50654400";"6,28780900"
"202400031515";"2";"03";"2024";"12:45";"3";"93";"93005";"2";"2";"3";"3";"Rue Marco Polo / Rue Edgar Degas";"48,95621127";"2,49595106"
"202400031516";"18";"05";"2024";"16:40";"1";"41";"41208";"1";"1";"2";"7";"D 65";"47,60836200";"1,04726300"
"202400031517";"9";"04";"2024";"08:00";"1";"38";"38399";"2";"1";"3";"5";"D518";"45,50292700";"5,12577900"
"202400031518";"21";"01";"2024";"06:00";"3";"80";"80318";"1";"1";"1";"5";"Autoroute A16 - PK 147+675";"50,02540100";"2,10017500"
"202400031519";"2";"03";"2024";"22:00";"5";"93";"93005";"2";"1";"2";"2";"Boulevard du Général Galliéni";"48,93142100";"2,49717800"
"202400031520";"21";"01";"2024";"14:55";"1";"18";"18148";"1";"1";"1";"7";"N/A";"47,20311900";"2,03462700"
"202400031521";"18";"05";"2024";"05:15";"2";"972";"97207";"1";"1";"1";"1";"route nationale 8";"14,56606600";" -60,96501200"
"202400031522";"2";"03";"2024";"15:00";"1";"92";"92046";"2";"3";"3";"3";"GABRIEL PERI";"48,81921697";"2,30151737"
"202400031523";"11";"04";"2024";"16:35";"1";"01";"01273";"2";"3";"1";"3";"547 Rue du Docteur Hubert";"46,07413100";"5,37631100"
"202400031524";"20";"01";"2024";"00:40";"5";"987";"98745";"1";"1";"1";"6";"Tahaa";" -16,57842100";" -151,51607800"
"202400031525";"18";"05";"2024";"22:00";"3";"972";"97227";"1";"1";"2";"2";"N5 corps de garde";"14,46989000";" -60,94464900"
"202400031526";"20";"01";"2024";"15:00";"1";"34";"34172";"1";"1";"1";"7";"A709";"43,60256000";"3,92422200"
"202400031527";"18";"05";"2024";"18:30";"1";"88";"88115";"2";"1";"2";"6";"Route de la Houssière";"48,17665900";"6,88011800"
"202400031528";"2";"03";"2024";"14:32";"1";"92";"92033";"2";"6";"2";"3";"GARE";"48,83847492";"2,18671560"
"202400031529";"11";"04";"2024";"11:25";"1";"07";"07078";"2";"3";"1";"3";"intersection rue de la lombardiére et rue Christophe colomb DAVÉZIEUX 07430";"45,25308600";"4,69663900"
"202400031530";"21";"01";"2024";"00:10";"3";"28";"28169";"1";"1";"1";"2";"A10";"48,43249700";"1,90415400"
"202400031531";"18";"05";"2024";"04:00";"3";"35";"35152";"1";"1";"1";"2";"A84";"48,21786800";" -1,50768000"
"202400031532";"17";"05";"2024";"09:45";"1";"24";"24309";"1";"9";"1";"3";"A89 PK92";"45,07475539";"0,44741057"
"202400031533";"10";"04";"2024";"15:25";"1";"53";"53062";"1";"1";"1";"1";"RD 962";"47,79327900";" -0,70841400"
"202400031534";"20";"01";"2024";"19:50";"3";"77";"77343";"1";"1";"1";"3";"RD17";"49,02934274";"3,05213928"
"202400031535";"2";"03";"2024";"01:40";"5";"92";"92012";"2";"2";"1";"3";"ANDRE MORIZET (AVENUE) 1/47 - 2/52";"48,83500840";"2,24128515"
"202400031536";"19";"05";"2024";"09:20";"1";"56";"56175";"2";"1";"1";"1";"31 Rue Anne de Bretagne";"47,73946000";" -2,91585100"