"Num_Acc";"jour";"mois";"an";"hrmn";"lum";"dep";"com";"agg";"int";"atm";"col";"adr";"lat";"long"
"202400031537";"21";"01";"2024";"06:20";"3";100;100055";"1";"1";"1";"6";"Campitello";"42,50847300";"9,32183500"
"202400031538";"11";"04";"2024";"08:35";"1";"30";"30073";"1";"1";"1";"2";"D6086";"43,95244169";"4,56698871"
"202400031539";"20";"01";"2024";"03:35";"5";"54";"54397";"2";"1";"1";"6";"95 Rue Jean Jaures";"48,62076500";"6,10646700"
"202400031540";"2";"03";"2024";"23:10";"3";"39";"39271";"2";"1";"1";"1";"Le Voisinal";"46,61157500";"6,00606700"
"202400031541";"19";"05";"2024";"08:20";"1";"56";"56251";"1";"1";"1";"2";"Graz Iliz";"47,63069400";" -2,64095700"
"202400031542";"21";"01";"2024";"04:20";"5";"42";"42304";"2";"1";"1";"6";"16 rue du 11 novembre";"45,53983300";"4,18383900"
"202400031543";"5";"04";"2024";"16:45";"1";"34";"34116";"2";"6";"1";"3";"rond point du salinier";"43,64387600";"3,82265700"
"202400031544";"19";"05";"2024";"17:27";"1";"69";"69066";"2";"2";"1";"7";"Rue de la Cime de Cours";"46,11990500";"4,34268700"
"202400031545";"3";"03";"2024";"13:00";"1";"52";"52469";"1";"1";"1";"7";"D101";"48,08629773";"5,01815557"
"202400031546";"19";"01";"2024";"12:20";"1";"42";"42304";"2";"1";"2";"3";"373 Route d'Épeluy";"45,54431960";"4,18940373"
"202400031547";"19";"05";"2024";"08:40";"1";"32";"32242";"1";"1";"1";"7";"D929";"43,44748600";"0,57870300"
"202400031548";"10";"04";"2024";"20:20";"4";"987";"98715";"2";"3";"1";"1";"Route de Puurai";" -17,56034900";" -149,59399600"
"202400031549";"19";"05";"2024";"04:40";"2";"22";"22042";"1";"1";"1";"1";"Lieu Dit Pen Ar Chra";"48,75465400";" -3,31278600"
"202400031550";"21";"01";"2024";"10:15";"1";"80";"80421";"1";"1";"1";"2";"pk 117";"49,76722700";"2,79599900"
"202400031551";"10";"04";"2024";"19:15";"1";"38";"38212";"2";"1";"1";"6";"Rioupéroux - HLM (Arrêt de bus)";"45,08929700";"5,90176100"
"202400031552";"25";"04";"2024";"19:55";"1";"29";"29197";"2";"1";"1";"1";"Rue du Général de Gaulle";"48,01509335";" -4,49169000"
"202400031553";"20";"01";"2024";"15:55";"1";"59";"59315";"1";"1";"9";"3";"Route Departementale 649";"50,30502000";"3,77431900"
"202400031554";"11";"04";"2024";"08:10";"1";"01";"01363";"1";"1";"1";"3";"D1084";"46,04305300";"5,36601700"
"202400031555";"18";"05";"2024";"18:00";"1";"38";"38265";"2";"1";"8";"2";"Route de la Festinière";"44,95520200";"5,75157300"
"202400031556";"19";"01";"2024";"18:15";"3";"13";"13214";"1";"1";"1";"2";"A7-Sens Marseille vers Lyon";"43,32477293";"5,37850846"
"202400031557";"19";"05";"2024";"02:05";"5";"13";"13045";"2";"1";"1";"1";"Rue du Calada";"43,85298100";"4,77086400"
"202400031558";"11";"04";"2024";"08:40";"1";"34";"34295";"1";"1";"1";"2";"Route Departementale 613";"43,56442900";"3,80329700"
"202400031559";"19";"05";"2024";"16:45";"1";"02";"02558";"1";"1";"1";"7";"D75";"50,00610500";"3,88091000"
"202400031560";"20";"01";"2024";"17:00";"2";"94";"94021";"1";"1";"1";"3";"A6A";"48,76224266";"2,34059909"
"202400031561";"9";"04";"2024";"10:45";"1";"13";"13037";"1";"1";"1";"3";"A7";"43,56164200";"5,22811900"
"202400031562";"20";"01";"2024";"10:50";"1";"91";"91689";"1";"1";"1";"2";"AUTOROUTE A10";"48,74124000";"2,32094000"
"202400031563";"19";"05";"2024";"01:15";"3";"14";"14057";"1";"1";"1";"6";"857 Route de Garcelles";"49,10859100";" -0,26557900"
"202400031564";"11";"04";"2024";"08:00";"1";"34";"34123";"2";"9";"1";"6";"Rue du Pergasan";"43,61843500";"3,79200000"
"202400031565";"20";"01";"2024";"07:45";"2";"91";"91086";"1";"1";"1";"6";"RN 104";"48,62499800";"2,39553200"
"202400031566";"19";"05";"2024";"11:25";"1";"50";"50076";"2";"3";"1";"7";"8 Avenue du Golf";"48,90376500";" -1,56474200"
"202400031567";"10";"04";"2024";"11:30";"1";"987";"98714";"1";"1";"1";"3";"Matira";" -16,49261900";" -151,75046400"
"202400031568";"19";"01";"2024";"19:00";"2";"94";"94018";"1";"1";"1";"4";"A4";"48,82320034";"2,39580432"
"202400031569";"18";"05";"2024";"22:45";"5";"50";"50082";"2";"4";"1";"1";"Rue Freres Fremines";"49,47319600";" -1,62762300"
"202400031570";"20";"01";"2024";"08:37";"1";"988";"98818";"2";"1";"1";"1";"Sur piste cyclable de la PROMENADE PIERRE VERNIER";" -22,30511000";"166,45926000"
"202400031571";"19";"05";"2024";"16:00";"1";"83";"83007";"1";"1";"1";"1";"RD957 Pk22";"43,64681336";"6,22300327"
"202400031572";"19";"01";"2024";"09:33";"1";"973";"97302";"2";"6";"1";"2";"GALMOT (ROND-POINT)";"4,93129569";" -52,33001053"
"202400031573";"10";"04";"2024";"16:00";"1";"988";"98821";"1";"1";"1";"7";"VE2 à hauteur de Savannah";" -22,16452000";"166,39024000"
"202400031574";"19";"05";"2024";"03:30";"3";"60";"60471";"1";"1";"1";"7";"D938";"49,57742600";"2,98231600"
"202400031575";"11";"04";"2024";"07:20";"1";"33";"33165";"1";"1";"1";"3";"N/A";"44,82592600";" -0,42419700"
"202400031576";"18";"01";"2024";"21:59";"4";"973";"97302";"2";"3";"1";"3";"ZEPHIR (ROCADE)";"4,93803000";" -52,30632000"
"202400031577";"18";"05";"2024";"17:00";"1";"18";"18164";"1";"2";"1";"3";"N/A";"46,84306600";"2,98195100"
"202400031578";"10";"04";"2024";"22:20";"3";"66";"66176";"1";"1";"1";"7";"D11";"42,79527900";"2,95705500"
"202400031579";"19";"01";"2024";"08:45";"1";"69";"69385";"2";"2";"1";"7";"11 Rue de Champvert";"45,75958596";"4,79583129"
"202400031580";"11";"04";"2024";"19:30";"2";"83";"83047";"2";"6";"7";"6";"rond point des harkis";"43,15507400";"6,06941000"
"202400031581";"19";"05";"2024";"10:10";"1";"07";"07129";"1";"4";"1";"1";"D534";"44,99679300";"4,60584600"
"202400031582";"18";"01";"2024";"15:11";"1";"971";"97105";"2";"1";"1";"3";"GASTON FEUILLARD(AVENUE)";"15,99928000";" -61,72161000"
"202400031583";"11";"04";"2024";"07:20";"1";"13";"13066";"1";"1";"9";"3";"D29";"43,84059400";"4,88312200"
"202400031584";"19";"01";"2024";"05:10";"3";"91";"91161";"2";"1";"1";"6";"PABLO (PARKING DU)";"48,71308000";"2,29992000"
"202400031585";"19";"05";"2024";"07:10";"1";"17";"17235";"2";"1";"1";"7";"Avenue de la République";"45,80425800";" -0,39937600"
"202400031586";"19";"05";"2024";"04:00";"3";"23";"23025";"1";"1";"1";"6";"La Borde";"46,32321600";"1,89708400"
"202400031587";"19";"01";"2024";"08:00";"2";"91";"91097";"2";"1";"1";"3";"CHARLES DE GAULLE (AVENUE)";"48,68947000";"2,52549000"
"202400031588";"10";"04";"2024";"12:00";"1";"13";"13027";"2";"3";"6";"1";"Rue Jean-baptiste Lacroix";"43,88095900";"4,86047400"
"202400031589";"18";"05";"2024";"17:20";"1";"87";"87103";"1";"1";"1";"1";"Avenue des Pins";"46,00109800";"1,18252200"
"202400031590";"11";"04";"2024";"04:00";"3";"26";"26165";"1";"1";"6";"7";"A7- PK 086.000";"44,79712400";"4,84471300"
"202400031591";"19";"01";"2024";"14:40";"1";"91";"91228";"2";"3";"1";"3";"JEAN MONNET (BOULEVARD)";"48,62230000";"2,41699000"
"202400031592";"16";"01";"2024";"18:00";"5";"91";"91228";"2";"1";"1";"6";"BD DE FRANCE";"48,63010000";"2,43512000"
"202400031593";"19";"01";"2024";"12:55";"1";"91";"91223";"1";"1";"1";"7";"CHARLES DE GAULLE (AVENUE)";"48,42570000";"2,15413000"
"202400031594";"16";"05";"2024";"15:45";"1";"30";"30133";"2";"3";"7";"3";"route départementale 62c";"43,55093100";"4,12412700"
"202400031595";"10";"04";"2024";"16:25";"1";"68";"68300";"1";"3";"1";"3";"Avenue du Général de Gaulle";"47,77435600";"7,37992600"
"202400031596";"3";"01";"2024";"18:45";"5";"84";"84007";"2";"1";"1";"6";"OULLE (Boulevard de l')";"43,94846000";"4,80087000"
"202400031597";"1";"05";"2024";"19:00";"1";"67";"67324";"1";"1";"1";"7";"D53";"48,95495865";"7,68732639"
"202400031598";"18";"01";"2024";"14:15";"1";"83";"83137";"2";"1";"1";"6";"DEMOCRATIE (BD DE LA)";"43,12597000";"5,93887000"
"202400031599";"11";"04";"2024";"16:50";"1";"42";"42261";"1";"4";"1";"1";"Route de Lyon";"45,71766600";"4,36758000"
"202400031600";"18";"05";"2024";"06:40";"1";"73";"73068";"1";"1";"1";"6";"A43 PR 124+0300";"45,56334908";"6,20657533"
"202400031601";"11";"04";"2024";"11:05";"1";"79";"79048";"1";"1";"8";"1";"N/A";"46,38215400";" -0,27060300"
"202400031602";"9";"04";"2024";"09:30";"1";"14";"14258";"2";"1";"2";"7";"11 Boulevard de la Fontaine Couverte";"48,89024900";" -0,19565000"
"202400031603";"18";"01";"2024";"18:53";"5";"77";"77458";"2";"4";"2";"6";"RUE JEAN COCTEAU";"48,18795000";"2,73569000"
"202400031604";"19";"05";"2024";"20:10";"1";"69";"69244";"2";"1";"1";"2";"13 Avenue de la Constellation";"45,75506000";"4,77467100"
"202400031605";"10";"04";"2024";"03:42";"5";"13";"13206";"1";"9";"1";"7";"Tunnel Prado Carénage";"43,29124000";"5,36627000"
"202400031606";"19";"01";"2024";"22:17";"4";"76";"76705";"2";"6";"5";"6";"D7";"49,33211000";"1,09986000"
"202400031607";"18";"01";"2024";"02:36";"5";"76";"76351";"2";"2";"4";"3";"LOUIS LUMIERE";"49,52417400";"0,12285800"
"202400031608";"9";"04";"2024";"19:50";"1";"33";"33122";"1";"1";"1";"2";"N/A";"44,72326900";" -0,73488200"
"202400031609";"17";"05";"2024";"16:00";"1";"06";"06085";"2";"1";"1";"3";"2252 Avenue Marechal Juin";"43,58135700";"6,99796900"
"202400031610";"19";"01";"2024";"14:20";"1";"72";"72181";"1";"1";"1";"2";"ITALIENS (BD DES)";"47,94626000";"0,20746000"
"202400031611";"9";"04";"2024";"17:45";"1";"33";"33122";"1";"1";"1";"2";"N/A";"44,74388000";" -0,70516000"
"202400031612";"18";"05";"2024";"12:45";"1";"14";"14012";"1";"1";"1";"6";"A13";"49,24331700";" -0,02085700"
"202400031613";"19";"01";"2024";"13:00";"1";"72";"72181";"2";"1";"1";"6";"DURAND GEORGES (AV) N° PAIRS 166 A 310";"47,97293000";"0,21658000"
"202400031614";"18";"01";"2024";"21:45";"3";"72";"72181";"1";"1";"9";"7";"BALLON (RTE DE)";"48,01944000";"0,20408000"
"202400031615";"18";"05";"2024";"22:00";"5";"971";"97103";"1";"1";"1";"2";"la Jaille";"16,25360200";" -61,57452800"
"202400031616";"10";"04";"2024";"19:25";"1";"91";"91689";"1";"1";"1";"4";"AUTOROUTE A6";"48,72665000";"2,31363000"
"202400031617";"19";"01";"2024";"14:35";"1";"69";"69264";"2";"1";"1";"3";"Avenue Edouard Herriot";"45,97889000";"4,71813000"
"202400031618";"10";"04";"2024";"17:55";"1";"91";"91174";"1";"1";"1";"2";"RN 104";"48,61187000";"2,44850000"
"202400031619";"18";"05";"2024";"16:00";"1";"973";"97310";"1";"1";"2";"3";"RN2, PK 99.900";"4,38714800";" -52,30899800"
"202400031620";"19";"01";"2024";"15:40";"1";"69";"69290";"1";"3";"1";"3";"Route de Lyon";"45,70349000";"4,91463000"
"202400031621";"9";"04";"2024";"08:40";"1";"92";"92048";"1";"1";"1";"3";"N118";"48,79291841";"2,21929169"
"202400031622";"19";"05";"2024";"05:30";"3";"973";"97305";"1";"1";"2";"1";"pk 35 RN1";"5,06934100";" -52,54142800"
"202400031623";"10";"04";"2024";"20:30";"2";"93";"93064";"1";"1";"1";"7";"A86";"48,88562499";"2,47286780"
"202400031624";"18";"01";"2024";"15:40";"1";"69";"69290";"2";"3";"2";"3";"Avenue Henri Germain";"45,70222070";"4,90120606"
"202400031625";"19";"05";"2024";"10:15";"1";"971";"97116";"2";"1";"1";"2";"Route Marie Emile Coco";"16,32288300";" -61,43903400"
"202400031626";"10";"04";"2024";"19:45";"1";"95";"95394";"1";"1";"1";"3";"A115";"49,05235925";"2,18464900"
"202400031627";"18";"01";"2024";"14:50";"1";"66";"66136";"1";"6";"1";"2";"N/A";"42,67970752";"2,91733608"
"202400031628";"18";"05";"2024";"20:50";"3";"971";"97134";"1";"1";"1";"1";"Route de Val de l'Orge";"16,04313300";" -61,75545900"
"202400031629";"10";"04";"2024";"10:15";"1";"92";"92036";"1";"1";"1";"2";"AUTOROUTE A86";"48,93863106";"2,30149090"
"202400031630";"18";"01";"2024";"18:13";"3";"63";"63103";"2";"1";"4";"6";"BOIS (ALLEE DU)";"45,92553000";"3,06351000"
"202400031631";"19";"05";"2024";"06:10";"1";"83";"83106";"1";"1";"1";"6";"D81";"43,31979200";"6,06662000"
"202400031632";"10";"04";"2024";"08:00";"1";"95";"95527";"1";"1";"1";"6";"A1";"49,02172295";"2,53461784"
"202400031633";"16";"01";"2024";"12:30";"1";"62";"62771";"2";"1";"7";"6";"Rue Victor Filipic";"50,42625000";"2,85170000"
"202400031634";"19";"01";"2024";"07:10";"3";"56";"56162";"1";"1";"8";"6";"Rue de Laudé";"47,71999700";" -3,41542000"
"202400031635";"18";"05";"2024";"11:05";"1";"13";"13099";"1";"4";"1";"2";"D11";"43,66465900";"5,75424000"
"202400031636";"10";"04";"2024";"09:00";"1";"77";"77146";"1";"1";"1";"3";"A4.Y";"48,83227000";"2,65864000"
"202400031637";"18";"05";"2024";"17:06";"1";"71";"71150";"2";"3";"1";"6";"RD906";"46,24879200";"4,78741600"
"202400031638";"18";"05";"2024";"23:30";"3";"88";"88160";"1";"9";"2";"7";"N57";"48,14823100";"6,49090400"
"202400031639";"18";"01";"2024";"15:40";"1";"56";"56121";"2";"6";"1";"3";"CHOISEUL (AVE. DE)";"47,75504000";" -3,35455000"
"202400031640";"17";"05";"2024";"18:40";"1";"88";"88253";"2";"6";"1";"7";"Rue du Saut-le-cerf";"48,19997900";"6,47837200"
"202400031641";"9";"04";"2024";"07:35";"1";"974";"97411";"1";"3";"1";"3";"MACE (ROUTE GABRIEL)";" -20,91111000";"55,49929000"
"202400031642";"18";"05";"2024";"22:20";"3";"54";"54351";"1";"1";"1";"6";"D657";"48,78665061";"6,12344027"
"202400031643";"18";"01";"2024";"12:20";"1";"56";"56121";"2";"3";"7";"3";"FRANCHET- D'ESPEREY ( BD )";"47,75358100";" -3,36589800"
"202400031644";"19";"05";"2024";"09:00";"1";"63";"63470";"2";"1";"1";"6";"Rue de la Liberation";"45,87337258";"3,03843856"
"202400031645";"8";"04";"2024";"12:30";"1";"974";"97411";"2";"2";"1";"5";"PARIS (RUE DE)";" -20,88148000";"55,44955000"
"202400031646";"19";"05";"2024";"01:00";"3";"38";"38223";"2";"1";"1";"7";"871 Route de Saint Jean";"45,56881800";"5,28045400"
"202400031647";"18";"01";"2024";"07:55";"2";"54";"54495";"1";"6";"2";"4";"RM 674";"48,69897700";"6,24303500"
"202400031648";"19";"05";"2024";"02:28";"5";"69";"69287";"2";"3";"1";"6";"9 Rue Luyzine";"45,69528331";"5,01822842"
"202400031649";"9";"04";"2024";"15:50";"1";"974";"97407";"1";"1";"1";"3";"ROUTE DU SACRE COEUR";" -20,95935936";"55,32171679"
"202400031650";"19";"01";"2024";"19:10";"5";"53";"53130";"2";"6";"1";"3";"CROSSARDIERE ( RUE )";"48,07342000";" -0,76792000"
"202400031651";"18";"05";"2024";"08:00";"1";"33";"33056";"1";"3";"1";"1";"N/A";"44,89897600";" -0,63984100"
"202400031652";"7";"04";"2024";"06:20";"1";"974";"97407";"2";"9";"1";"3";"VERDUN (BOULEVARD)";" -20,94000000";"55,29000000"
"202400031653";"19";"01";"2024";"09:04";"1";"51";"51454";"2";"2";"4";"2";"COURCELLES (RUE DE) DU 1 AU 97 ET 2 A 22";"49,26231000";"4,01754000"
"202400031654";"19";"05";"2024";"02:30";"3";"56";"56152";"1";"1";"1";"6";"Antoureau";"47,33323100";" -3,18366400"
"202400031655";"9";"04";"2024";"17:50";"1";"973";"97302";"2";"6";"2";"7";"CATAYEE (JUSTIN)";"4,92498000";" -52,32363000"
"202400031656";"9";"04";"2024";"19:22";"1";"69";"69387";"2";"4";"2";"7";"Avenue Jean Jaurès";"45,75047000";"4,84492000"
"202400031657";"19";"05";"2024";"18:25";"1";"02";"02381";"1";"3";"1";"6";"N/A";"49,93220800";"4,10447200"
"202400031658";"18";"01";"2024";"18:45";"5";"49";"49099";"2";"4";"1";"3";"LECOQ (BOULEVARD PIERRE)";"47,04932000";" -0,86618000"
"202400031659";"18";"05";"2024";"17:25";"1";"59";"59031";"2";"3";"1";"3";"D961";"50,27469000";"3,81662000"
"202400031660";"19";"01";"2024";"13:10";"1";"49";"49007";"2";"1";"1";"6";"BRIOLLAY ROUTE";"47,49109000";" -0,52963000"
"202400031661";"9";"04";"2024";"10:00";"1";"69";"69388";"2";"2";"2";"1";"Rue Marius Berliet";"45,74129000";"4,86190000"
"202400031662";"18";"05";"2024";"15:50";"1";"13";"13207";"1";"1";"1";"7";"Tunnel Prado Carénage";"43,29086000";"5,36445000"
"202400031663";"18";"01";"2024";"13:10";"1";"49";"49007";"2";"1";"1";"2";"DAVID D'ANGERS";"47,44370000";" -0,53554000"
"202400031664";"9";"04";"2024";"07:40";"1";"972";"97213";"2";"1";"1";"2";"ROUTE DEPARTEMENTALE 15";"14,63294000";" -61,00808000"
"202400031665";"17";"05";"2024";"19:30";"1";"13";"13015";"1";"1";"1";"2";"A51-Sens Marseille vers Aix en Provence";"43,42801022";"5,38616758"
"202400031666";"19";"01";"2024";"07:00";"3";"45";"45169";"2";"3";"1";"6";"240 Route Nationale";"47,93196800";"1,83378100"
"202400031667";"9";"04";"2024";"16:55";"1";"972";"97209";"2";"3";"1";"3";"ERNEST DEPROGE (RUE)";"14,60356000";" -61,07302000"
"202400031668";"19";"01";"2024";"13:55";"1";"44";"44184";"2";"1";"1";"4";"Boulevard Georges Charpak";"47,26529000";" -2,25694000"
"202400031669";"17";"05";"2024";"17:30";"1";"13";"13071";"1";"1";"1";"2";"A7-Sens Lyon vers Marseille";"43,40425000";"5,34205000"
"202400031670";"9";"04";"2024";"12:30";"1";"69";"69384";"2";"1";"8";"1";"Montée des Esses";"45,77218000";"4,81605000"
"202400031671";"19";"01";"2024";"18:05";"5";"44";"44114";"2";"3";"1";"6";"49 Route de Rennes ";"47,25062000";" -1,57685000"
"202400031672";"17";"05";"2024";"16:00";"1";"13";"13117";"1";"1";"1";"3";"A7-Sens Lyon vers Marseille";"43,43203191";"5,25786355"
"202400031673";"9";"04";"2024";"08:35";"1";100;100037";"2";"1";"8";"2";"TOUTES RUES";"42,61666000";"9,41667000"
"202400031674";"19";"01";"2024";"16:10";"1";"37";"37261";"2";"1";"1";"2";"GANCE (BOULEVARD ABEL)";"47,41840391";"0,71780205"
"202400031675";"17";"05";"2024";"03:30";"3";"83";"83126";"1";"1";"1";"6";"A50";"43,11962832";"5,85873668"
"202400031676";"8";"04";"2024";"16:30";"1";100;100033";"2";"1";"1";"5";"TOUTES RUES";"42,67480000";"9,43510000"
"202400031677";"19";"01";"2024";"07:30";"5";"37";"37208";"2";"2";"9";"3";"CORMERY (RUE DE)";"47,35297000";"0,73293000"
"202400031678";"8";"04";"2024";"18:00";"1";"95";"95585";"2";"1";"1";"6";"CASCADE (AVENUE DE LA)";"48,98445347";"2,39032030"
"202400031679";"20";"01";"2024";"01:00";"5";"35";"35238";"2";"1";"1";"6";"NANTES (DE)";"48,09742400";" -1,68860600"
"202400031680";"18";"05";"2024";"12:14";"1";"33";"33143";"1";"1";"1";"4";"N/A";"44,95476300";" -0,45481100"
"202400031681";"8";"04";"2024";"11:40";"1";"91";"91103";"2";"9";"8";"6";"RUE DE LA PAIX";"48,60945700";"2,30499700"
"202400031682";"19";"01";"2024";"15:15";"1";"35";"35238";"2";"1";"1";"2";"GROS MALHON (AVENUE)";"48,12406636";" -1,68161228"
"202400031683";"18";"05";"2024";"10:40";"1";"94";"94038";"1";"1";"1";"5";"A6A";"48,77342126";"2,34590575"
"202400031684";"9";"04";"2024";"20:20";"1";"91";"91326";"2";"1";"1";"3";"COUR DE FRANCE (AVENUE DE LA)";"48,69727000";"2,37164000"
"202400031685";"18";"01";"2024";"23:00";"5";"34";"34172";"2";"1";"1";"2";"TOULOUSE (AVENUE DE";"43,59988000";"3,86692000"
"202400031686";"24";"07";"2024";"08:00";"1";"51";"51217";"1";"3";"1";"5";"D3";"49,08416800";"3,65741700"
"202400031687";"18";"05";"2024";"09:20";"1";"93";"93066";"1";"1";"1";"2";"A1";"48,93163435";"2,37061507"
"202400031688";"19";"01";"2024";"20:10";"5";"29";"29232";"2";"1";"1";"7";"Rue de la Tour d'Auvergne";"47,99258000";" -4,08938000"
"202400031689";"9";"04";"2024";"22:40";"5";"91";"91174";"2";"1";"1";"3";"PL ANCIENS COMBATTANTS";"48,61422000";"2,45920000"
"202400031690";"18";"05";"2024";"00:15";"3";"93";"93048";"1";"1";"1";"2";"A3";"48,87194401";"2,43325545"
"202400031691";"19";"01";"2024";"15:30";"1";"29";"29232";"2";"1";"1";"3";"Rd 365 - Avenue du Morbihan";"47,97909029";" -4,07440816"
"202400031692";"7";"04";"2024";"19:10";"2";"90";"90099";"2";"2";"1";"3";"ZOLA (RUE EMILE)";"47,66308900";"6,84036600"
"202400031693";"17";"05";"2024";"07:30";"1";"95";"95277";"1";"1";"1";"2";"A1";"48,95556079";"2,45851994"
"202400031694";"17";"01";"2024";"11:30";"1";"29";"29019";"2";"3";"3";"6";"boulevard de l'Europe";"48,41672300";" -4,46013100"
"202400031695";"25";"07";"2024";"09:50";"1";"83";"83086";"1";"3";"1";"2";"Route de Sainte Maxime";"43,46864000";"6,56434600"
"202400031696";"18";"05";"2024";"03:10";"5";"94";"94052";"1";"1";"1";"6";"A86";"48,83727523";"2,49396111"
"202400031697";"8";"04";"2024";"07:25";"2";"87";"87085";"2";"2";"2";"6";"CARNOT (BOULEVARD)";"45,83187000";"1,26399000"
"202400031698";"17";"02";"2024";"12:30";"1";"13";"13106";"2";"1";"1";"2";"BEDOULE (CHEMIN DE LA)";"43,38701000";"5,35212000"
"202400031699";"7";"04";"2024";"19:50";"1";"87";"87085";"2";"1";"1";"1";"BAUDIN ( AVENUE) (VC)";"45,82078000";"1,25746000"
"202400031700";"19";"01";"2024";"22:05";"5";"25";"25056";"2";"1";"1";"1";"DOLE RUE DE (sup 200)";"47,22145000";"5,95876000"
"202400031701";"17";"05";"2024";"18:51";"3";"988";"98818";"2";"1";"2";"6";"VE1";" -22,26299000";"166,44280000"
"202400031702";"19";"01";"2024";"04:50";"3";"22";"22360";"2";"1";"9";"6";"BOCAGE (RUE DU)";"48,47669000";" -2,77126000"
"202400031703";"7";"04";"2024";"11:23";"1";"87";"87085";"2";"1";"1";"6";"APPERT (RUE NICOLAS)";"45,88320000";"1,28468000"
"202400031704";"25";"07";"2024";"16:40";"1";"26";"26010";"1";"2";"1";"2";"Route de Saint-Sorlin";"45,27666300";"4,91031500"
"202400031705";"17";"05";"2024";"08:10";"1";"987";"98736";"2";"9";"1";"2";"AFARERII (RUE)";" -17,53228800";" -149,55312200"
"202400031706";"19";"01";"2024";"14:45";"1";"14";"14118";"2";"1";"1";"7";"5 Place Monseigneur des Hameaux";"49,18189000";" -0,37372000"
"202400031707";"9";"04";"2024";"14:44";"1";"84";"84007";"2";"1";"8";"6";"LIMBERT (Boulevard)";"43,94784000";"4,81829000"
"202400031708";"17";"05";"2024";"12:20";"1";"976";"97611";"2";"1";"1";"7";"kaweni-SPPM ( rue de la )";" -12,77100000";"45,22200000"
"202400031709";"25";"07";"2024";"10:00";"1";"38";"38419";"1";"1";"1";"6";"d1075";"44,84004700";"5,61311200"
"202400031710";"19";"01";"2024";"19:30";"3";"13";"13019";"1";"1";"1";"1";"D60 A";"43,43489000";"5,34043000"
"202400031711";"9";"04";"2024";"09:15";"1";"83";"83069";"1";"9";"2";"2";"ROUTE DEPARTEMENTALE 98";"43,12237131";"6,16163707"
"202400031712";"17";"05";"2024";"20:30";"5";"974";"97416";"2";"3";"1";"3";"LEBLOND 1 (RUE MARIUS ET ARY)";" -21,33700000";"55,47300000"
"202400031713";"19";"01";"2024";"21:05";"5";"13";"13210";"2";"1";"1";"3";"CAPELETTE (AVENUE DE LA)";"43,27947300";"5,41127400"
"202400031714";"18";"05";"2024";"01:40";"5";"974";"97411";"2";"1";"1";"7";"JAURES (BOULEVARD JEAN)";" -20,89935000";"55,47916000"
"202400031715";"9";"04";"2024";"08:00";"2";"81";"81004";"2";"1";"8";"4";"MILLAU (RTE DE) DU N° 32 A LA FIN";"43,92835000";"2,19696000"
"202400031716";"19";"01";"2024";"09:00";"1";"13";"13208";"2";"9";"1";"3";"PARADIS (RUE)";"43,26981000";"5,38680000"
"202400031717";"8";"04";"2024";"20:50";"3";"80";"80021";"1";"1";"3";"7";"D11";"49,92700000";"2,31900000"
"202400031718";"13";"07";"2024";"08:40";"1";"56";"56102";"1";"1";"1";"7";"La Vile Hervieux";"47,96888000";" -2,60884000"
"202400031719";"18";"01";"2024";"23:00";"5";"13";"13213";"2";"1";"1";"3";"JEAN PAUL SARTRE (AVENUE)";"43,32345000";"5,41930000"
"202400031720";"16";"05";"2024";"20:00";"5";"974";"97411";"2";"2";"1";"1";"LORY LES HAUTS (RUE)";" -20,89196000";"55,48200000"
"202400031721";"8";"04";"2024";"13:00";"1";"80";"80021";"2";"2";"1";"3";"Rue Charles Dubois";"49,88654000";"2,30174000"
"202400031722";"18";"01";"2024";"06:55";"4";"13";"13201";"2";"2";"1";"3";"BRETEUIL (RUE)    2 A 18";"43,29245000";"5,37490000"
"202400031723";"25";"07";"2024";"20:15";"1";100;100050";"2";"1";"1";"1";"Route de la pinède";"42,55418700";"8,76452600"
"202400031724";"8";"04";"2024";"18:30";"1";"78";"78440";"2";"1";"1";"6";"MARECHAL FOCH (AVENUE DU)";"48,98792000";"1,89683000"
"202400031725";"17";"05";"2024";"09:10";"1";"973";"97302";"2";"3";"2";"3";"BADUEL (ROUTE DE)";"4,93704525";" -52,31510952"
"202400031726";"19";"01";"2024";"19:15";"3";"13";"13001";"1";"1";"1";"7";"RD 543";"43,52808000";"5,35190000"
"202400031727";"19";"01";"2024";"17:10";"1";"11";"11069";"2";"1";"1";"6";"70 Rue de la République";"43,21451000";"2,34747000"
"202400031728";"15";"05";"2024";"12:32";"1";"973";"97302";"2";"1";"1";"5";"MANGUES (RUE DES - CITE MANGUIERS)";"4,93399362";" -52,32427293"
"202400031729";"9";"04";"2024";"17:40";"1";"77";"77288";"1";"3";"1";"6";"D 605";"48,54151000";"2,65097000"
"202400031730";"19";"01";"2024";"08:10";"1";"06";"06088";"2";"1";"1";"6";"Route de Turin";"43,72513940";"7,28850080"
"202400031731";"24";"07";"2024";"10:30";"1";"80";"80005";"1";"2";"1";"3";"Intersection D56 / D46";"50,16809900";"2,09410800"
"202400031732";"16";"05";"2024";"21:26";"5";"972";"97213";"1";"1";"1";"3";"ROUTE NATIONALE 1";"14,61495700";" -61,01014800"
"202400031733";"8";"04";"2024";"14:58";"1";"73";"73008";"2";"2";"1";"3";"GRAND PORT (AV)";"45,69464000";"5,91020000"
"202400031734";"18";"01";"2024";"08:30";"1";"06";"06123";"2";"1";"1";"3";"PUGETS AVENUE DES";"43,67886000";"7,18859000"
"202400031735";"3";"04";"2024";"06:48";"5";"73";"73008";"2";"6";"2";"3";"D1201 Carrefour des Hopitaux";"45,69665000";"5,90755000"
"202400031736";"18";"01";"2024";"21:00";"5";"75";"75114";"2";"1";"1";"2";"PORTE D ORLEANS";"48,82056200";"2,32311200"
"202400031737";"15";"05";"2024";"11:40";"1";"971";"97101";"1";"3";"1";"3";"RN1 ROCADE DE CHAUVEL";"16,24474000";" -61,52401000"
"202400031738";"25";"07";"2024";"08:45";"1";"32";"32107";"1";"1";"1";"5";"Route d?Agen";"43,96229500";"0,38713400"
"202400031739";"19";"01";"2024";"15:30";"1";"75";"75119";"2";"3";"1";"3";"AVENUE DE FLANDRE";"48,88701900";"2,37210600"
"202400031740";"8";"04";"2024";"20:40";"1";"72";"72181";"1";"9";"1";"7";"ALENCON (RTE D')";"48,02870000";"0,18071000"
"202400031741";"17";"05";"2024";"17:30";"1";"95";"95585";"1";"1";"1";"4";"D316";"48,98256408";"2,37009995"
"202400031742";"19";"01";"2024";"02:50";"5";"75";"75118";"2";"2";"1";"1";"RUE DU MONT CENIS";"48,89252100";"2,34431000"
"202400031743";"9";"04";"2024";"12:15";"1";"71";"71153";"2";"1";"2";"2";"PRUDHOMME (RUE SULLY)";"46,80128350";"4,41024363"
"202400031744";"17";"05";"2024";"23:08";"5";"95";"95555";"2";"1";"1";"3";"D14";"48,96470399";"2,28671274"
"202400031745";"24";"07";"2024";"10:45";"1";"11";"11045";"1";"1";"1";"7";"Route départementale 52";"43,00254400";"2,16256900"
"202400031746";"19";"01";"2024";"20:20";"3";"75";"75117";"2";"4";"1";"7";"BOULEVARD DE LA SOMME";"48,88666200";"2,29048000"
"202400031747";"9";"04";"2024";"15:40";"1";"69";"69290";"2";"1";"1";"6";"71 Chemin de Revaison";"45,70551000";"4,92099000"
"202400031748";"16";"05";"2024";"23:00";"3";"95";"95127";"2";"6";"1";"6";"D14";"49,05317997";"2,03233469"
"202400031749";"18";"01";"2024";"10:00";"1";"75";"75112";"2";"1";"1";"3";"QUAI DE BERCY";"48,83831400";"2,37673900"
"202400031750";"9";"04";"2024";"03:50";"3";"69";"69029";"2";"1";"3";"3";"17 Avenue du Doyen Jean Lépine";"45,74882000";"4,90199000"
"202400031751";"17";"05";"2024";"15:42";"1";"91";"91201";"2";"3";"1";"3";"DES GRANDES PIECES (ALLEE)";"48,68192000";"2,43064000"
"202400031752";"21";"01";"2024";"07:14";"5";"75";"75110";"2";"2";"1";"3";"BOULEVARD DE MAGENTA";"48,88111400";"2,36518100"
"202400031753";"25";"07";"2024";"06:25";"1";"63";"63148";"1";"3";"5";"3";"D224";"45,89164200";"3,24162100"
"202400031754";"8";"04";"2024";"18:10";"1";"69";"69259";"2";"1";"1";"3";"Avenue Francis de Pressensé";"45,71621555";"4,87127205"
"202400031755";"17";"05";"2024";"12:10";"1";"91";"91326";"2";"3";"1";"6";"PASTEUR (RUE)";"48,68610100";"2,37895300"
"202400031756";"19";"01";"2024";"00:35";"5";"75";"75108";"2";"2";"1";"1";"RUE DE TILSITT";"48,87459200";"2,29695800"
"202400031757";"17";"05";"2024";"09:55";"1";"91";"91326";"2";"1";"1";"3";"GENERAL DE GAULLE (AVENUE DU)";"48,69369800";"2,37938500"
"202400031758";"8";"04";"2024";"14:30";"1";"67";"67482";"2";"1";"1";"3";"VOSGES (AVENUE DES)";"48,58791000";"7,75756000"
"202400031759";"16";"05";"2024";"12:00";"1";"89";"89387";"2";"1";"1";"6";"JOSSEY (RUE)";"48,19554000";"3,28138000"
"202400031760";"9";"04";"2024";"20:00";"2";"64";"64445";"2";"1";"1";"6";"CAMI SALIE DU";"43,33155000";" -0,36312000"
"202400031761";"24";"07";"2024";"11:00";"1";"41";"41059";"1";"1";"1";"1";"D30";"47,41120900";"1,39979100"
"202400031762";"19";"01";"2024";"00:45";"5";"75";"75103";"2";"2";"1";"6";"RUE DES QUATRE FILS";"48,85994400";"2,36076700"
"202400031763";"17";"05";"2024";"20:40";"1";"88";"88160";"1";"1";"1";"1";"FONDATION-PRUD'HOMME (RUE DE LA)";"48,14914711";"6,47398353"