"Num_Acc";"jour";"mois";"an";"hrmn";"lum";"dep";"com";"agg";"int";"atm";"col";"adr";"lat";"long"
"202400031764";"18";"01";"2024";"19:30";"5";"75";"75103";"2";"1";"1";"2";"RUE VIEILLE DU TEMPLE";"48,86082400";"2,36239800"
"202400031765";"16";"05";"2024";"22:45";"4";"87";"87065";"1";"1";"1";"3";"AUTOROUTE A20";"45,80622000";"1,29772000"
"202400031766";"26";"06";"2024";"19:25";"1";"44";"44108";"1";"1";"1";"3";"N/A";"47,14206150";" -1,28384950"
"202400031767";"8";"04";"2024";"18:20";"1";"64";"64269";"1";"1";"8";"4";"D802";"43,29578000";" -0,31718000"
"202400031768";"19";"01";"2024";"12:40";"1";"94";"94081";"2";"1";"1";"3";"Boulevard de Stalingrad";"48,80116000";"2,37968000"
"202400031769";"17";"05";"2024";"10:50";"1";"84";"84035";"1";"9";"1";"3";"AVIGNON-RD973 (ROUTE D')";"43,87859800";"4,97913800"
"202400031770";"19";"01";"2024";"19:20";"5";"94";"94042";"2";"3";"1";"3";"Avenue du Général Galliéni / Boulevard de Polangis";"48,82009300";"2,48174100"
"202400031771";"6";"04";"2024";"12:15";"1";"63";"63300";"1";"6";"1";"3";"RD 2009";"45,90739509";"3,12415659"
"202400031772";"16";"05";"2024";"10:30";"1";"84";"84007";"2";"3";"1";"1";"PIERRE SEMARD (avenue)";"43,94223000";"4,81660000"
"202400031773";"19";"01";"2024";"08:40";"1";"93";"93049";"2";"3";"1";"6";"Boulevard d'Alsace-lorraine / Avenue du Président Roosevelt";"48,85249500";"2,51147800"
"202400031774";"17";"05";"2024";"17:00";"1";"80";"80021";"2";"1";"1";"7";"Rue Emile Francfort";"49,89681000";"2,26358000"
"202400031775";"9";"04";"2024";"22:27";"5";"63";"63113";"2";"3";"1";"3";"DOLET (RUE ETIENNE) / Rue desdevises du Dezert";"45,76575000";"3,08650000"
"202400031776";"25";"07";"2024";"09:00";"1";"44";"44128";"2";"2";"1";"5";"le Pigeon Blanc";"47,56477000";" -1,86866300"
"202400031777";"19";"01";"2024";"08:30";"2";"94";"94046";"2";"1";"4";"2";"Avenue du Général de Gaulle";"48,81618000";"2,41990000"
"202400031778";"16";"05";"2024";"23:50";"5";"80";"80021";"2";"2";"1";"1";"Rue du Marché Lanselles";"49,89670000";"2,29774000"
"202400031779";"9";"04";"2024";"12:10";"1";"63";"63113";"2";"1";"1";"3";"SAINTE CLAIRE (RUE)";"45,78207641";"3,08153361"
"202400031780";"18";"01";"2024";"21:00";"3";"93";"93073";"2";"1";"9";"6";"Route de la Croix au Plâtre";"48,98423520";"2,53508985"
"202400031781";"17";"05";"2024";"10:40";"1";"78";"78481";"2";"1";"1";"6";"SARTROUVILLE (ROUTE DE)";"48,90364400";"2,11503300"
"202400031782";"23";"07";"2024";"08:20";"1";"35";"35243";"1";"3";"8";"1";"Moncorps";"48,33768856";" -1,26172514"
"202400031783";"17";"05";"2024";"21:45";"5";"78";"78297";"2";"1";"1";"6";"HAUSSMAN (RUE GEORGES)";"48,76610600";"2,07873900"
"202400031784";"19";"01";"2024";"10:00";"1";"93";"93064";"2";"2";"1";"6";"Rue du 4e Zouave / Boulevard Theophile Sueur";"48,87118800";"2,47100800"
"202400031785";"6";"04";"2024";"21:45";"5";"62";"62498";"2";"9";"1";"3";"Avenue de Varsovie";"50,42868179";"2,83617800"
"202400031786";"18";"01";"2024";"23:30";"5";"93";"93051";"2";"3";"8";"3";"Rue des Hauts Roseaux / Rue Jules Ferry";"48,84783600";"2,57652700"
"202400031787";"9";"04";"2024";"18:20";"1";"62";"62193";"2";"1";"1";"2";"Avenue Louis Blériot";"50,95102000";"1,87289000"
"202400031788";"25";"07";"2024";"16:10";"1";"29";"29105";"2";"6";"2";"3";"Rue du Ponant";"48,51952693";" -4,07649685"
"202400031789";"17";"05";"2024";"03:40";"3";"77";"77450";"2";"1";"1";"3";"N 19";"48,70844000";"2,58670000"
"202400031790";"19";"01";"2024";"07:55";"5";"93";"93007";"2";"3";"4";"3";"Avenue de la République / Avenue du Professeur Fleming";"48,93563112";"2,46818751"
"202400031791";"17";"05";"2024";"19:00";"1";"77";"77474";"1";"1";"1";"6";"RN3 (ROUTE NATIONALE)";"48,95880000";"2,82370000"
"202400031792";"1";"09";"2024";"16:45";"1";"12";"12059";"1";"1";"1";"1";"D911";"44,31689884";"2,32804298"
"202400031793";"29";"03";"2024";"14:30";"1";"62";"62193";"2";"9";"1";"3";"Rue du Four à Chaux";"50,94150000";"1,85803000"
"202400031794";"24";"07";"2024";"20:00";"2";"31";"31341";"1";"2";"1";"3";"Route de l'Hippodrome";"43,74099700";"1,28749200"
"202400031795";"19";"01";"2024";"02:20";"5";"93";"93005";"2";"1";"4";"1";"Rue Robert Brémond";"48,95744882";"2,46337116"
"202400031796";"16";"05";"2024";"14:40";"1";"76";"76552";"2";"1";"1";"2";"REINE ELISABETH";"49,50383423";"0,08665314"
"202400031797";"19";"01";"2024";"18:45";"5";"92";"92073";"2";"1";"1";"6";"JAURES (AVENUE JEAN)";"48,86209611";"2,21153212"
"202400031798";"31";"08";"2024";"14:45";"1";"12";"12208";"2";"1";"1";"3";"115 Avenue Jean Jaurès";"43,95374700";"2,89354800"
"202400031799";"9";"04";"2024";"18:30";"1";"61";"61143";"1";"6";"1";"3";"D529";"48,44238800";"0,05909300"
"202400031800";"16";"05";"2024";"11:00";"1";"71";"71105";"2";"6";"2";"6";"RD PT COLONEL ARNAUD BELTRAME";"46,30637000";"4,81243000"
"202400031801";"18";"01";"2024";"09:20";"1";"92";"92063";"2";"1";"4";"1";"MONIER (RUE JOSEPH)";"48,89135287";"2,17391253"
"202400031802";"31";"08";"2024";"16:40";"1";"41";"41043";"1";"1";"1";"6";"Chemin des Merels";"47,28931300";"1,47245800"
"202400031803";"9";"04";"2024";"10:00";"1";"59";"59599";"2";"1";"1";"6";"Rue de Lille";"50,72288100";"3,14972800"
"202400031804";"17";"05";"2024";"20:00";"1";"69";"69266";"2";"1";"1";"6";"50 Rue Antonin Perrin";"45,75676000";"4,88536000"
"202400031805";"25";"07";"2024";"18:30";"1";"58";"58083";"2";"1";"1";"1";"Rue de l'Abattoir";"47,25963100";"3,68170200"
"202400031806";"17";"05";"2024";"19:40";"1";"69";"69256";"2";"1";"1";"6";"Rue des Verchères";"45,78012000";"4,92770000"
"202400031807";"19";"01";"2024";"20:10";"5";"92";"92050";"2";"1";"8";"2";"LENINE VLADIMIR ILITCH AVENUE";"48,88742471";"2,19847038"
"202400031808";"19";"01";"2024";"10:30";"1";"92";"92020";"2";"1";"4";"6";"PERI RUE GABRIEL";"48,80142000";"2,28704000"
"202400031809";"9";"04";"2024";"13:13";"1";"59";"59350";"2";"2";"1";"1";"Rue de Marquillies";"50,61516000";"3,04857000"
"202400031810";"20";"07";"2024";"15:45";"1";"14";"14371";"1";"1";"1";"2";"5197 Route de la Côte Fleurie (Le Mesnil-Durand)";"49,05368400";"0,17214400"
"202400031811";"17";"05";"2024";"06:30";"1";"69";"69290";"2";"2";"1";"3";"Rue Jules Ferry";"45,69502000";"4,94713000"
"202400031812";"19";"01";"2024";"14:45";"1";"92";"92048";"1";"1";"1";"2";"BANES (RUE) N° 3 A 19";"48,80820719";"2,24019398"
"202400031813";"16";"05";"2024";"11:30";"1";"69";"69199";"2";"3";"2";"3";"Rue Carnot";"45,70807000";"4,85875000"
"202400031814";"24";"07";"2024";"17:45";"1";"83";"83147";"1";"1";"1";"1";"D6";"43,65488219";"6,26998631"
"202400031815";"19";"01";"2024";"09:25";"1";"92";"92026";"2";"9";"1";"6";"22 SEPTEMBRE ( RUE DU )";"48,90516082";"2,27244624"
"202400031816";"19";"01";"2024";"07:15";"5";"92";"92026";"2";"1";"1";"6";"EDITH CAVELL (DE 47 A FIN)";"48,90420000";"2,26732000"
"202400031817";"16";"05";"2024";"12:40";"1";"69";"69259";"2";"2";"3";"3";"Boulevard Ambroise Croizat";"45,70312000";"4,88769000"
"202400031818";"25";"07";"2024";"15:59";"1";"18";"18061";"1";"2";"1";"2";"N/A";"47,13934200";"2,78372800"
"202400031819";"31";"08";"2024";"10:25";"1";"44";"44057";"1";"4";"8";"5";"le Pont de l’Eau";"47,60937500";" -2,03874200"
"202400031820";"24";"07";"2024";"06:30";"2";"85";"85234";"1";"1";"1";"1";"RD 205";"46,79630800";" -2,02096400"
"202400031821";"6";"04";"2024";"21:17";"5";"57";"57221";"2";"2";"1";"5";"NATIONALE (RUE)";"49,31774000";"6,11301000"
"202400031822";"31";"08";"2024";"15:40";"1";"38";"38029";"1";"2";"1";"2";"D1075";"45,57810100";"5,55284100"
"202400031823";"25";"07";"2024";"15:20";"1";"85";"85051";"1";"1";"7";"3";"D949b";"46,66905000";" -1,09017300"
"202400031824";"19";"01";"2024";"20:10";"5";"92";"92024";"2";"1";"4";"7";"CLICHY (QUAI DE) DE (8 A 60)";"48,90386000";"2,29051000"
"202400031825";"16";"05";"2024";"17:00";"1";"69";"69096";"2";"1";"1";"6";"Avenue du 19 Mars 1962";"45,60520000";"4,77907000"
"202400031826";"9";"04";"2024";"15:54";"1";"56";"56260";"2";"1";"1";"3";"Giratoire de Kergrain";"47,66470000";" -2,79470000"
"202400031827";"31";"08";"2024";"00:09";"3";"02";"02006";"2";"1";"1";"6";"18 Rue Emile Borgne";"49,93296400";"3,52214300"
"202400031828";"23";"07";"2024";"12:30";"1";"27";"27192";"1";"9";"1";"1";"Crosville la Vieille";"49,16559900";"0,94255000"
"202400031829";"20";"01";"2024";"12:48";"1";"60";"60154";"2";"1";"1";"6";"Rue de Liancourt";"49,31989800";"2,52311600"
"202400031830";"8";"04";"2024";"17:40";"1";"56";"56121";"2";"1";"1";"6";"FAURE (RUE  GABRIEL )";"47,76567000";" -3,37253000"
"202400031831";"17";"05";"2024";"13:50";"1";"66";"66136";"2";"1";"1";"5";"N/A";"42,69279000";"2,85982000"
"202400031832";"19";"01";"2024";"09:26";"1";"24";"24297";"2";"1";"9";"2";"D6089";"45,01035484";"0,05184442"
"202400031833";"15";"05";"2024";"07:10";"2";"37";"37018";"2";"1";"1";"3";"Route des Vallées";"47,36395800";"0,63008600"
"202400031834";"1";"09";"2024";"18:10";"1";"03";"03212";"2";"1";"1";"1";"Rue du Plan d'Eau";"46,33118000";"2,51355200"
"202400031835";"16";"05";"2024";"11:00";"1";"64";"64125";"2";"1";"1";"7";"BIARRITZ (AVENUE DE)";"43,45974642";" -1,57177985"
"202400031836";"8";"04";"2024";"09:45";"1";"54";"54395";"1";"2";"1";"3";"Rue de Mon Desert";"48,68342656";"6,17349297"
"202400031837";"19";"01";"2024";"16:30";"1";"33";"33327";"1";"1";"1";"1";"N/A";"44,63839900";" -0,36289200"
"202400031838";"17";"05";"2024";"07:53";"1";"63";"63113";"2";"3";"1";"6";"BIAUZAT (RUE GAULTIER DE) / place Gaillard";"45,78042534";"3,08329448"
"202400031839";"1";"09";"2024";"10:00";"1";"01";"01010";"1";"1";"1";"6";"D992";"45,92222900";"5,80962200"
"202400031840";"25";"07";"2024";"14:45";"1";"38";"38195";"2";"2";"1";"1";"D1532";"45,14839000";"5,37609600"
"202400031841";"8";"04";"2024";"07:00";"5";"54";"54300";"2";"3";"1";"6";"Rue Lucien Galtier";"48,66110177";"6,22290730"
"202400031842";"17";"01";"2024";"08:00";"1";"01";"01446";"1";"1";"2";"1";"Route de Villefranche";"46,01141900";"4,82516500"
"202400031843";"9";"05";"2024";"18:00";"1";"62";"62624";"2";"9";"1";"1";"Avenue de la République";"50,41564222";"2,98004007"
"202400031844";"24";"07";"2024";"22:00";"2";"63";"63082";"1";"1";"1";"6";"A71-Aire des Volcans";"46,05904200";"3,11013900"
"202400031845";"31";"08";"2024";"10:55";"1";"01";"01280";"1";"1";"1";"3";"D94a";"45,82723700";"5,54621500"
"202400031846";"12";"01";"2024";"05:00";"3";"87";"87122";"1";"1";"1";"2";"A20 PK 157.600 sens NORD SUD";"46,03064395";"1,34831555"
"202400031847";"8";"04";"2024";"20:10";"1";"51";"51454";"2";"2";"2";"3";"MARCHANDEAU (AVENUE PAUL)";"49,24406900";"4,02760200"
"202400031848";"16";"05";"2024";"21:20";"1";"62";"62186";"2";"6";"1";"3";"D165";"50,44530000";"2,72260000"
"202400031849";"20";"01";"2024";"05:40";"3";"83";"83131";"1";"1";"1";"6";"D554";"43,21604100";"6,02565800"
"202400031850";"24";"07";"2024";"13:35";"1";"18";"18096";"1";"1";"1";"2";"N/A";"47,18919100";"2,16456100"
"202400031851";"8";"04";"2024";"08:20";"1";"50";"50129";"1";"3";"1";"3";"Vallee de Quincampoix";"49,61419000";" -1,64634000"
"202400031852";"16";"05";"2024";"19:20";"1";"62";"62563";"2";"1";"1";"3";"D943";"50,46495000";"2,76177000"
"202400031853";"31";"08";"2024";"14:36";"1";"14";"14754";"2";"3";"1";"3";"1 Rue Paris d'Illins";"49,32460800";" -0,00300400"
"202400031854";"19";"01";"2024";"19:01";"5";"37";"37233";"1";"1";"1";"6";"A10 - PK 206.900 VERS BORDEAUX";"47,39423034";"0,70615911"
"202400031855";"7";"04";"2024";"14:25";"1";"50";"50129";"2";"8";"1";"6";"FRANCOIS 1ER (PONT)";"49,62780000";" -1,61876000"
"202400031856";"15";"05";"2024";"17:50";"2";"59";"59178";"2";"1";"1";"6";"HAYEZ (BOULEVARD PAUL)";"50,36362000";"3,08242000"
"202400031857";"18";"07";"2024";"22:45";"3";"30";"30156";"1";"9";"1";"7";"A9 - PK 46 - SENS 1";"43,85361964";"4,42364036"
"202400031858";"18";"01";"2024";"17:37";"2";"51";"51100";"1";"1";"1";"3";"D242";"48,91244500";"3,78150700"
"202400031859";"16";"05";"2024";"21:25";"5";"57";"57463";"2";"1";"8";"6";"THIONVILLE (AVENUE )";"49,14159128";"6,16532564"
"202400031860";"6";"04";"2024";"14:45";"1";"50";"50129";"2";"6";"1";"7";"THEMIS (ROND POINT DE)";"49,63436000";" -1,61379000"
"202400031861";"20";"01";"2024";"12:30";"1";"79";"79225";"2";"4";"1";"3";"N/A";"46,55343800";" -0,18947100"
"202400031862";"1";"09";"2024";"10:30";"1";"09";"09318";"1";"1";"9";"2";"n20";"42,74895000";"1,77342800"
"202400031863";"16";"05";"2024";"13:54";"1";"57";"57463";"2";"1";"1";"6";"TANNEURS (RUE DES )";"49,11919000";"6,18145000"
"202400031864";"4";"04";"2024";"18:30";"1";"49";"49328";"2";"1";"1";"6";"MAUPASSANT (PLACE)";"47,25720000";" -0,08106000"
"202400031865";"24";"07";"2024";"22:14";"5";"33";"33005";"2";"1";"1";"7";"N/A";"44,74224900";" -1,09809600"
"202400031866";"17";"05";"2024";"08:45";"2";"56";"56098";"2";"6";"1";"3";"HO CHI MINH ( AV. )";"47,77409350";" -3,33759400"
"202400031867";"19";"01";"2024";"17:30";"2";"79";"79304";"2";"2";"1";"1";"N/A";"46,28015100";" -0,58895900"
"202400031868";"8";"04";"2024";"08:44";"1";"49";"49007";"2";"3";"1";"3";"LIONNAISE";"47,47635000";" -0,56311000"
"202400031869";"20";"01";"2024";"17:50";"2";"49";"49048";"2";"1";"1";"1";"78 Route de Tiercé";"47,58111900";" -0,49856800"
"202400031870";"24";"07";"2024";"08:25";"1";"77";"77094";"2";"1";"1";"1";"2 Rue des 2 Jumeaux";"48,94185700";"2,77637300"
"202400031871";"31";"08";"2024";"20:00";"1";"18";"18023";"2";"3";"1";"3";"26 Rue du Docteur Tillet";"47,08143100";"2,73022100"
"202400031872";"16";"05";"2024";"17:30";"1";"54";"54265";"2";"1";"1";"6";"RM 570";"48,64558900";"6,18180300"
"202400031873";"8";"04";"2024";"10:20";"1";"44";"44114";"1";"9";"1";"6";"362 Route de Vannes";"47,25539000";" -1,63019000"
"202400031874";"19";"01";"2024";"17:42";"2";"49";"49167";"1";"1";"1";"7";"D748";"47,38709200";" -0,49114400"
"202400031875";"19";"07";"2024";"20:15";"1";"95";"95675";"2";"1";"1";"6";"ORMET (RUE DE L')";"49,05846500";"2,54306700"
"202400031876";"25";"08";"2024";"20:45";"2";"10";"10140";"2";"9";"1";"3";"Avenue de la Gare";"48,04940400";"3,92409100"
"202400031877";"19";"01";"2024";"19:15";"3";"47";"47271";"1";"1";"1";"3";"D708";"44,64362800";"0,19510900"
"202400031878";"16";"05";"2024";"14:50";"1";"54";"54395";"2";"2";"1";"3";"ARC (RUE JEANNE D' N°53 A 189-60 A 175)";"48,68338000";"6,17338000"
"202400031879";"1";"09";"2024";"14:55";"1";"07";"07225";"1";"1";"1";"2";"D820";"45,26309200";"4,70235200"
"202400031880";"9";"04";"2024";"19:25";"1";"38";"38185";"2";"2";"1";"6";"RUE LESDIGUIÈRES";"45,18712000";"5,72739000"
"202400031881";"19";"01";"2024";"23:30";"3";"22";"22289";"1";"1";"9";"6";"D63";"48,46714500";" -3,06083000"
"202400031882";"17";"05";"2024";"17:30";"1";"51";"51454";"2";"1";"1";"1";"GUTENBERG (RUE)";"49,27607300";"4,00403700"
"202400031883";"30";"08";"2024";"16:30";"1";"27";"27009";"1";"1";"2";"6";"D830";"48,84492100";"0,73041900"
"202400031884";"16";"02";"2024";"15:50";"1";"38";"38151";"2";"1";"1";"6";"AVENUE DE GRUGLIASCO";"45,14843000";"5,72300000"
"202400031885";"19";"01";"2024";"15:02";"1";"35";"35329";"1";"1";"7";"1";"Le Ramponneau";"48,52627106";" -1,52515501"
"202400031886";"11";"07";"2024";"18:30";"1";"13";"13076";"1";"1";"1";"3";"1054 Route de Marseille";"43,80104200";"5,00496400"
"202400031887";"17";"05";"2024";"15:20";"1";"51";"51454";"2";"1";"1";"1";"NOIROT (BOULEVARD MAURICE)";"49,25198000";"4,02101000"
"202400031888";"18";"01";"2024";"15:15";"1";"29";"29216";"2";"6";"1";"6";"Rue Jean Cam";"47,97012900";" -4,14070300"
"202400031889";"30";"08";"2024";"10:25";"1";"87";"87135";"1";"1";"1";"2";"D10";"45,82187000";"0,93176100"
"202400031890";"4";"04";"2024";"13:30";"1";"38";"38053";"2";"1";"2";"3";"BELLERIVE";"45,60093000";"5,29313000"
"202400031891";"17";"05";"2024";"13:40";"1";"49";"49267";"1";"1";"3";"3";"HAUT BOIS";"47,46660000";" -0,46865000"
"202400031892";"20";"01";"2024";"19:39";"3";"03";"03212";"1";"1";"1";"1";"N 145";"46,31805261";"2,50379796"
"202400031893";"24";"07";"2024";"17:00";"1";"70";"70220";"1";"1";"7";"1";"D70";"47,39727400";"5,43904800"
"202400031894";"1";"09";"2024";"10:00";"1";"48";"48099";"2";"1";"1";"7";"Rue de la Fare";"44,52135800";"3,26206900"
"202400031895";"9";"04";"2024";"18:15";"1";"35";"35238";"2";"1";"1";"6";"MUSSAT (AVENUE ANDRE)";"48,13104725";" -1,69558716"
"202400031896";"20";"01";"2024";"04:28";"3";"66";"66142";"1";"1";"1";"6";"N/A";"42,49182200";"2,13129400"
"202400031897";"17";"05";"2024";"16:00";"1";"37";"37233";"2";"1";"1";"2";"DUCLOS (AVENUE JACQUES)";"47,38033000";"0,72851000"
"202400031898";"19";"01";"2024";"21:35";"3";"83";"83025";"1";"1";"1";"7";"route départementale 560";"43,52935300";"5,96980300"
"202400031899";"9";"04";"2024";"09:50";"1";"35";"35238";"2";"1";"1";"6";"LETTONIE (DE)";"48,08588000";" -1,64772000"
"202400031900";"17";"05";"2024";"08:25";"1";"37";"37261";"2";"1";"1";"6";"CHEVALLIER (RUE AUGUSTE)";"47,37540000";"0,67890000"
"202400031901";"16";"04";"2024";"08:00";"1";"68";"68255";"2";"4";"1";"3";"3 Rue Hattstatt";"47,99755600";"7,29398900"
"202400031902";"16";"01";"2024";"20:45";"3";"88";"88010";"1";"1";"1";"3";"A31 PK 193+700";"48,36848100";"5,87081900"
"202400031903";"7";"04";"2024";"01:00";"3";"34";"34336";"1";"1";"1";"1";"SERIGNAN (ANCIENNE ROUTE DE)";"43,31851000";"3,29278000"
"202400031904";"17";"05";"2024";"07:30";"2";"37";"37233";"2";"6";"1";"3";"BLANQUI (RUE)";"47,39483000";"0,71831000"
"202400031905";"1";"09";"2024";"15:55";"1";"52";"52182";"1";"1";"1";"1";"D384";"48,55564504";"4,83863994"
"202400031906";"18";"01";"2024";"16:30";"1";"987";"98715";"1";"1";"1";"2";"Voie d'insertion à la RDO par PUURAI";" -17,55941800";" -149,59724700"
"202400031907";"17";"05";"2024";"23:30";"5";"34";"34172";"2";"1";"1";"3";"MAS ARGELLIERS (AVENUE DU)";"43,58798000";"3,89006000"
"202400031908";"9";"04";"2024";"20:22";"5";"33";"33550";"2";"2";"2";"1";"N/A";"44,78200000";" -0,54036000"
"202400031909";"20";"01";"2024";"19:10";"3";"13";"13112";"1";"1";"1";"1";"A7 PK 251.400";"43,51544400";"5,23146600"
"202400031910";"17";"05";"2024";"03:35";"5";"33";"33522";"2";"1";"1";"2";"N/A";"44,80594000";" -0,57300000"
"202400031911";"25";"07";"2024";"11:40";"1";"69";"69023";"1";"2";"1";"3";"Route de Salles";"46,04572200";"4,65690500"
"202400031912";"1";"09";"2024";"09:20";"1";"08";"08386";"1";"2";"1";"3";"N/A";"49,45168400";"4,25037900"
"202400031913";"9";"04";"2024";"12:00";"1";"33";"33162";"2";"2";"8";"1";"N/A";"44,88523000";" -0,65656000"
"202400031914";"19";"01";"2024";"14:30";"1";"974";"97420";"1";"1";"1";"5";"Rue Louis Hoarau";" -20,90844100";"55,59791200"
"202400031915";"20";"01";"2024";"21:30";"5";"974";"97408";"2";"1";"1";"6";"Rue Nelson Mandela";" -20,96447500";"55,32808200"
"202400031916";"24";"07";"2024";"14:00";"1";"81";"81200";"1";"4";"1";"3";"D84";"43,48583300";"2,01391328"
"202400031917";"31";"08";"2024";"18:00";"1";"08";"08366";"2";"1";"1";"6";"2 Rue Jean Ruiz";"49,71988700";"4,20740400"
"202400031918";"17";"05";"2024";"13:51";"1";"29";"29039";"1";"1";"1";"3";"rue de Penanguer";"47,91049864";" -3,92031958"
"202400031919";"8";"04";"2024";"16:50";"1";"33";"33550";"2";"3";"1";"3";"N/A";"44,79017600";" -0,56685700"
"202400031920";"19";"01";"2024";"10:30";"1";"972";"97228";"1";"1";"1";"1";"Route de l?Union";"14,78359700";" -61,00680100"
"202400031921";"30";"08";"2024";"19:10";"2";"13";"13080";"1";"1";"1";"1";"D13";"43,63526799";"5,45989917"
"202400031922";"23";"05";"2024";"13:25";"1";"29";"29019";"2";"6";"1";"2";"boulevard de l'Europe";"48,40866977";" -4,52071846"
"202400031923";"24";"07";"2024";"11:54";"1";"31";"31395";"2";"1";"1";"2";"9 Avenue des Pyrénées";"43,45839800";"1,32554200"
"202400031924";"19";"01";"2024";"15:40";"1";"95";"95139";"1";"1";"4";"1";"D14";"49,18190959";"1,73750256"
"202400031925";"23";"07";"2024";"10:15";"1";"76";"76053";"2";"1";"1";"6";"Route du Beau Soleil";"49,79906900";"1,44726800"
"202400031926";"17";"05";"2024";"12:30";"1";"28";"28134";"2";"2";"1";"3";"FENOTS (AVENUE DES)";"48,74180000";"1,33574000"
"202400031927";"1";"09";"2024";"01:40";"5";"978";"97801";"2";"1";"2";"5";"Route Nationale 7, Grand Case";"18,09813100";" -63,06521400"
"202400031928";"19";"01";"2024";"18:30";"3";"91";"91547";"1";"2";"5";"3";"ANGERVILLE (ROUTE D')";"48,41402000";"1,96659600"
"202400031929";"8";"04";"2024";"13:45";"1";"28";"28085";"2";"1";"1";"2";"COURTILLE (BOULEVARD DE LA)";"48,44482000";"1,49636000"
"202400031930";"25";"07";"2024";"17:15";"1";"60";"60116";"1";"3";"1";"5";"RD 137";"49,31618691";"2,36829934"
"202400031931";"12";"01";"2024";"07:15";"3";"34";"34154";"1";"6";"9";"3";"Pont";"43,58032900";"3,94537900"
"202400031932";"1";"01";"2024";"21:25";"5";"06";"06048";"2";"1";"1";"6";"946 Route Departementale 2204";"43,78674200";"7,34357800"
"202400031933";"24";"07";"2024";"23:20";"4";"80";"80561";"1";"1";"1";"7";"D135a";"49,65476600";"2,59254800"
"202400031934";"1";"09";"2024";"19:03";"1";"18";"18138";"1";"1";"1";"2";"N/A";"47,09365900";"2,24551900"
"202400031935";"17";"05";"2024";"15:58";"1";"27";"27229";"2";"1";"1";"6";"JOSEPHINE (RUE)";"49,02359000";"1,14310000"
"202400031936";"17";"07";"2024";"01:15";"3";"80";"80212";"1";"1";"1";"6";"D1";"49,92355700";"2,52039700"
"202400031937";"17";"05";"2024";"18:30";"1";"25";"25031";"2";"2";"1";"6";"REVOLUTION DE 1789 AVENUE DE LA)";"47,48201000";"6,84493000"
"202400031938";"31";"08";"2024";"14:10";"1";"44";"44048";"1";"1";"1";"6";"N/A";"47,39165040";" -1,23464856"
"202400031939";"19";"01";"2024";"20:03";"3";"13";"13076";"1";"3";"1";"3";"795 Route de Cabannes";"43,82152500";"5,00399700"
"202400031940";"22";"07";"2024";"18:20";"1";"57";"57663";"1";"1";"1";"2";"Autoroute A31";"49,22911683";"6,17903709"
"202400031941";"20";"01";"2024";"05:49";"3";"26";"26179";"1";"1";"1";"2";"Autoroute A7 SENS Sud / Nord";"45,04024900";"4,87806900"
"202400031942";"17";"05";"2024";"19:20";"1";"25";"25056";"2";"1";"1";"5";"DROZ   AVENUE EDOUARD";"47,24033000";"6,03358000"
"202400031943";"30";"08";"2024";"14:15";"1";"44";"44180";"1";"2";"8";"3";"Route de la Césarée";"47,52960400";" -1,08479300"
"202400031944";"24";"07";"2024";"14:50";"1";"91";"91687";"1";"1";"1";"3";"AUTOROUTE A6";"48,66219000";"2,36920000"
"202400031945";"17";"05";"2024";"07:40";"1";"22";"22113";"1";"1";"8";"6";"PETIT CAMP (ROUTE DE) (TY AN TUAL)";"48,76700000";" -3,42500000"
"202400031946";"31";"08";"2024";"19:30";"1";"33";"33284";"1";"1";"1";"7";"N/A";"44,63284100";" -0,84749200"
"202400031947";"24";"07";"2024";"08:43";"1";"91";"91434";"1";"1";"1";"2";"AUTOROUTE A6";"48,66850915";"2,35337019"
"202400031948";"19";"01";"2024";"22:55";"3";"89";"89438";"1";"1";"1";"4";"A6";"47,79794359";"3,65490399"
"202400031949";"17";"05";"2024";"07:35";"1";"17";"17306";"2";"1";"8";"3";"AMPERE";"45,63180000";" -1,00244000"
"202400031950";"23";"07";"2024";"05:08";"3";"92";"92036";"1";"1";"2";"6";"A86";"48,93601405";"2,28857875"
"202400031951";"17";"05";"2024";"07:55";"1";"14";"14118";"2";"3";"1";"1";"Rue de Nashville";"49,20043000";" -0,38735000"
"202400031952";"23";"07";"2024";"09:35";"1";"92";"92025";"1";"1";"2";"2";"A86";"48,93248487";"2,24849163"
"202400031953";"1";"09";"2024";"06:30";"3";"64";"64269";"1";"1";"2";"5";"A64 pk 108+480";"43,31824164";" -0,28880160"
"202400031954";"15";"05";"2024";"19:40";"1";"14";"14118";"2";"3";"1";"7";"97 Rue Chemin Vert";"49,19370700";" -0,39450900"
"202400031955";"22";"07";"2024";"08:20";"1";"92";"92047";"1";"1";"1";"5";"A13";"48,83281316";"2,15759293"
"202400031956";"31";"08";"2024";"00:55";"3";"49";"49298";"1";"1";"1";"2";"A11, PK 275.500, sens PARIS-NANTES";"47,46372800";" -0,69334000"
"202400031957";"17";"05";"2024";"09:00";"1";"13";"13214";"2";"9";"1";"3";"LAROUSSE (BOULEVARD)";"43,33013000";"5,37981000"
"202400031958";"24";"07";"2024";"20:30";"1";"93";"93008";"1";"1";"1";"3";"AUTOROUTE A86";"48,90860149";"2,45026633"
"202400031959";"24";"07";"2024";"12:50";"1";"95";"95682";"1";"1";"1";"7";"N104";"49,06759248";"2,37974080"