"Num_Acc";"jour";"mois";"an";"hrmn";"lum";"dep";"com";"agg";"int";"atm";"col";"adr";"lat";"long"
"202400031960";"4";"01";"2024";"06:58";"2";"13";"13213";"2";"1";"1";"3";"OLIVES (AVENUE DES)";"43,32694000";"5,43759000"
"202400031961";"31";"08";"2024";"18:40";"1";"34";"34123";"2";"2";"1";"1";"Route de Saint-Georges-d’Orques";"43,61099700";"3,80492300"
"202400031962";"22";"05";"2024";"17:50";"1";"74";"74012";"2";"1";"1";"3";"MALBRANDE (RUE DE)";"46,19184000";"6,24223000"
"202400031963";"17";"05";"2024";"08:20";"1";"13";"13215";"2";"1";"1";"1";"LE CHATELIER";"43,34630000";"5,36657000"
"202400031964";"26";"07";"2024";"06:30";"1";"987";"98714";"2";"1";"1";"3";"Vaitape";" -16,38800000";" -151,76500000"
"202400031965";"21";"05";"2024";"09:45";"1";"74";"74118";"1";"1";"1";"3";"REIGNIER (ROUTE DE)";"46,17021000";"6,24055000"
"202400031966";"17";"05";"2024";"02:15";"5";"13";"13215";"2";"2";"1";"3";"GAFFAREL (RUE)";"43,34837000";"5,36240000"
"202400031967";"31";"08";"2024";"18:05";"2";"973";"97304";"1";"1";"1";"7";"Route Degrad Saramaca";"5,07055400";" -52,69279000"
"202400031968";"28";"03";"2024";"17:30";"1";"73";"73011";"2";"1";"1";"2";"CHASSEURS ALPINS (AV.) P. DUROY VERS AV";"45,66703552";"6,39003843"
"202400031969";"16";"05";"2024";"15:37";"1";"13";"13208";"2";"9";"1";"5";"PRADO (AVENUE DU)";"43,26377624";"5,37736699"
"202400031970";"31";"08";"2024";"19:45";"3";"77";"77257";"1";"1";"1";"6";"D 147";"49,03785400";"3,00585500"
"202400031971";"19";"03";"2024";"08:25";"1";"73";"73011";"2";"6";"1";"3";"DE GAULLE (AV)";"45,67020316";"6,37758762"
"202400031972";"30";"04";"2024";"19:40";"1";"14";"14480";"2";"1";"1";"3";"4 Rue de la Mairie";"49,32951100";" -1,07821000"
"202400031973";"17";"05";"2024";"14:37";"1";"11";"11262";"2";"1";"1";"2";"N/A";"43,16145000";"2,98332000"
"202400031974";"1";"09";"2024";"19:15";"2";100;100134";"2";"1";"1";"7";"D81a";"42,63820100";"8,93516800"
"202400031975";"1";"01";"2024";"02:30";"3";"974";"97409";"2";"1";"3";"7";"LAGOURGUE(CHEMIN)";" -20,95347000";"55,65819000"
"202400031976";"31";"08";"2024";"09:40";"1";"34";"34289";"2";"6";"1";"7";"D13e15";"43,38814600";"3,42035300"
"202400031977";"17";"05";"2024";"14:00";"1";"11";"11262";"2";"1";"1";"6";"Enclos Saint Vincent";"43,18370000";"2,99019000"
"202400031978";"31";"08";"2024";"22:40";"5";"83";"83115";"2";"1";"1";"6";"50 Avenue Charles de Gaulle";"43,30851600";"6,63736800"
"202400031979";"23";"07";"2024";"08:35";"1";"974";"97416";"1";"1";"1";"4";"RN1 (ROUTE NATIONALE)";" -21,33103000";"55,45592000"
"202400031980";"17";"05";"2024";"08:50";"1";"11";"11069";"1";"1";"1";"2";"ROCADE NORD - RD 6113";"43,23248000";"2,37182000"
"202400031981";"1";"09";"2024";"15:15";"1";"83";"83008";"2";"1";"1";"7";"490 Route de Saint Paul";"43,53572500";"6,70398560"
"202400031982";"23";"07";"2024";"08:30";"1";"974";"97411";"2";"1";"1";"6";"BAILLY (CHEMIN)";" -20,88926000";"55,42307000"
"202400031983";"17";"05";"2024";"08:57";"1";"10";"10387";"2";"1";"1";"3";"Cours Jacquin";"48,30398000";"4,07994000"
"202400031984";"23";"07";"2024";"09:45";"1";"69";"69386";"2";"1";"1";"5";"Quai de Serbie";"45,77072000";"4,84103000"
"202400031985";"31";"08";"2024";"10:22";"1";"21";"21200";"2";"7";"1";"2";"Place Charles de Gaulle";"47,26027400";"4,97896600"
"202400031986";"16";"05";"2024";"16:40";"1";"10";"10333";"2";"1";"1";"2";"Avenue Charles de Refuge";"48,28360000";"4,05690000"
"202400031987";"23";"07";"2024";"07:20";"1";"972";"97213";"1";"1";"3";"4";"AUTOROUTE A1";"14,61787300";" -61,01904900"
"202400031988";"1";"09";"2024";"18:45";"1";"03";"03298";"2";"4";"1";"3";"22 Rue des Brémonts";"46,31836500";"3,39838500"
"202400031989";"17";"05";"2024";"18:55";"1";"09";"09013";"1";"1";"8";"4";"20 (R.N.) TUNNEL";"42,97406200";"1,62273100"
"202400031990";"19";"07";"2024";"19:23";"1";"972";"97213";"1";"1";"3";"4";"AUTOROUTE A1";"14,61790000";" -61,03200000"
"202400031991";"1";"09";"2024";"16:00";"1";"60";"60619";"1";"1";"1";"7";"N/A";"49,11538800";"2,76900800"
"202400031992";"23";"07";"2024";"05:00";"5";"69";"69382";"2";"1";"1";"3";"7 Quai Tilsitt";"45,75831000";"4,82854000"
"202400031993";"15";"05";"2024";"11:45";"1";"06";"06069";"2";"1";"1";"4";"109 Avenue Sidi Brahim";"43,64796400";"6,93987200"
"202400031994";"17";"05";"2024";"08:25";"1";"01";"01053";"2";"9";"1";"6";"MAGINOT ( AVENUE) COTE PAIR";"46,21067000";"5,22763000"
"202400031995";"6";"04";"2024";"07:00";"1";"971";"97101";"2";"1";"1";"7";"BOISSARD";"16,24210000";" -61,52886000"
"202400031996";"25";"08";"2024";"22:00";"3";"13";"13022";"1";"1";"1";"3";"A50-Sens Toulon vers Aubagne";"43,21391000";"5,58167000"
"202400031997";"17";"05";"2024";"19:10";"1";"75";"75118";"2";"1";"2";"2";"BD PERIPHERIQUE INTERIEUR";"48,90095400";"2,34666700"
"202400031998";"20";"07";"2024";"14:30";"1";"971";"97101";"1";"6";"1";"2";"DOTHEMARE";"16,26325000";" -61,51402000"
"202400031999";"31";"08";"2024";"06:00";"3";"13";"13215";"1";"1";"1";"7";"A7-Sens Marseille vers Lyon";"43,35818840";"5,36269145"
"202400032000";"17";"05";"2024";"11:30";"1";"75";"75117";"2";"1";"1";"2";"BD PERIPHERIQUE INTERIEUR";"48,88819800";"2,29236500"
"202400032001";"22";"07";"2024";"19:10";"1";"91";"91114";"2";"2";"1";"3";"BD CHARLES DE GAULLE";"48,69425000";"2,50886000"
"202400032002";"30";"08";"2024";"18:20";"1";"13";"13202";"1";"1";"1";"3";"A55-Sens Martigues vers Marseille";"43,31222644";"5,36688625"
"202400032003";"17";"05";"2024";"18:40";"1";"75";"75120";"2";"1";"2";"3";"RUE D AVRON";"48,85228000";"2,40353000"
"202400032004";"22";"07";"2024";"18:40";"1";"87";"87085";"2";"1";"1";"7";"SOLIGNAC (RUE DE)";"45,80191000";"1,26240000"
"202400032005";"17";"05";"2024";"12:00";"1";"75";"75118";"2";"3";"1";"3";"BOULEVARD ORNANO";"48,89638900";"2,34558300"
"202400032006";"30";"08";"2024";"19:20";"1";"83";"83126";"1";"1";"1";"5";"A50";"43,11985800";"5,85698500"
"202400032007";"22";"07";"2024";"15:50";"1";"86";"86066";"2";"2";"1";"3";"Avenue des Stades";"46,81131000";"0,52743000"
"202400032008";"17";"05";"2024";"20:00";"1";"75";"75117";"2";"7";"8";"6";"AVENUE NIEL";"48,88445200";"2,29717700"
"202400032009";"22";"07";"2024";"23:15";"5";"83";"83069";"2";"3";"1";"6";"MARINE (BOULEVARD DE LA)";"43,08641000";"6,15691000"
"202400032010";"17";"05";"2024";"16:00";"1";"75";"75114";"2";"3";"1";"2";"AVENUE DE LA PORTE D ORLEANS";"48,82028578";"2,32568514"
"202400032011";"31";"08";"2024";"21:45";"3";"69";"69091";"1";"1";"1";"4";"Autoroute 47 ";"45,58706865";"4,75638419"
"202400032012";"15";"07";"2024";"00:22";"5";"83";"83118";"2";"1";"1";"6";"BOULEVARD GENERAL DE GAULLE";"43,41908791";"6,77258753"
"202400032013";"17";"05";"2024";"09:20";"1";"75";"75113";"2";"2";"1";"3";"RUE LEON MAURICE NORDMANN";"48,83416100";"2,34485800"
"202400032014";"21";"07";"2024";"09:40";"1";"80";"80021";"2";"1";"1";"7";"Rue Robert le Coq";"49,89835000";"2,26554000"
"202400032015";"7";"08";"2024";"07:45";"1";"69";"69009";"1";"1";"1";"3";"Autoroute 6 ";"45,93917000";"4,72420000"
"202400032016";"17";"05";"2024";"13:30";"1";"75";"75112";"2";"1";"1";"6";"BOULEVARD DE PICPUS";"48,84573000";"2,40151600"
"202400032017";"23";"07";"2024";"22:55";"5";"78";"78299";"2";"1";"1";"3";"MICHELET (BOULEVARD)";"49,00048300";"1,89040000"
"202400032018";"16";"05";"2024";"21:36";"5";"75";"75112";"2";"3";"1";"6";"QUAI DE BERCY";"48,83220100";"2,38450800"
"202400032019";"31";"08";"2024";"03:00";"3";"69";"69029";"1";"9";"1";"2";"Autoroute 43 ";"45,72385000";"4,92789000"
"202400032020";"23";"07";"2024";"13:00";"1";"77";"77390";"2";"1";"1";"3";"PREMIERE AVENUE";"48,79011000";"2,65464000"
"202400032021";"17";"05";"2024";"01:40";"5";"75";"75108";"2";"7";"1";"6";"AVENUE MATIGNON";"48,86909826";"2,31034058"
"202400032022";"23";"07";"2024";"01:40";"5";"77";"77243";"2";"9";"1";"7";"FREYCINET  (RUE   )";"48,87311000";"2,67746000"
"202400032023";"16";"05";"2024";"19:45";"1";"75";"75108";"2";"3";"1";"1";"RUE DU FAUBOURG SAINT HONORE";"48,87033400";"2,31765600"
"202400032024";"19";"08";"2024";"22:53";"3";"67";"67482";"1";"1";"1";"4";"M35";"48,55040400";"7,73117800"
"202400032025";"21";"07";"2024";"08:20";"1";"76";"76157";"2";"2";"1";"1";"Rue Victor Hugo";"49,44611000";"1,03633000"
"202400032026";"31";"08";"2024";"19:45";"1";"33";"33122";"1";"1";"1";"2";"N/A";"44,73763000";" -0,71539000"
"202400032027";"19";"07";"2024";"19:15";"1";"76";"76447";"1";"1";"1";"6";"RD 489";"49,53496000";"0,19452000"
"202400032028";"19";"07";"2024";"23:30";"5";"76";"76351";"2";"2";"1";"3";"JULES VALLES";"49,51381000";"0,17600000"
"202400032029";"31";"08";"2024";"12:20";"1";"33";"33487";"1";"1";"1";"2";"N/A";"44,95382000";" -0,45693000"
"202400032030";"23";"07";"2024";"13:50";"1";"73";"73065";"2";"3";"1";"3";"JEU DE PAUME (QUAI DU)";"45,57013000";"5,91782000"
"202400032031";"31";"08";"2024";"19:00";"1";"91";"91136";"1";"1";"1";"7";"RN20";"48,70810000";"2,28789000"
"202400032032";"22";"07";"2024";"15:20";"1";"72";"72181";"2";"9";"1";"6";"ZOLA EMILE (BD) N° IMP 1 A 67";"47,99394000";"0,19886000"
"202400032033";"31";"08";"2024";"09:35";"1";"94";"94038";"1";"1";"1";"3";"A6A";"48,78853020";"2,34472628"
"202400032034";"22";"07";"2024";"14:20";"1";"72";"72181";"2";"2";"1";"6";"CLEMENCEAU GEORGES ( BD) N° PAIRS";"47,98104000";"0,21759000"
"202400032035";"30";"08";"2024";"17:20";"1";"92";"92072";"1";"1";"2";"6";"N118";"48,82701466";"2,22422590"
"202400032036";"22";"07";"2024";"18:25";"1";"71";"71270";"1";"1";"1";"7";"GROSNE (RUE DE LA)";"46,28200000";"4,81381000"
"202400032037";"31";"08";"2024";"14:25";"1";"93";"93010";"1";"1";"1";"2";"AUTOROUTE A3";"48,91857885";"2,47854047"
"202400032038";"22";"07";"2024";"00:15";"5";"71";"71076";"2";"2";"1";"3";"CANETIERES (IMPASSE DES )";"46,79827000";"4,85215000"
"202400032039";"31";"08";"2024";"15:30";"1";"95";"95277";"1";"1";"1";"2";"D170 ";"48,97652538";"2,47925590"
"202400032040";"23";"07";"2024";"08:55";"1";"69";"69092";"2";"6";"1";"3";"Rue de Tarare";"45,98177440";"4,69515324"
"202400032041";"31";"08";"2024";"02:00";"3";"93";"93053";"1";"1";"1";"3";"AUTOROUTE A3";"48,89752191";"2,46980926"
"202400032042";"31";"08";"2024";"02:10";"5";"93";"93027";"1";"1";"1";"6";"AUTOROUTE A1";"48,93380850";"2,38399696"
"202400032043";"22";"07";"2024";"19:55";"1";"69";"69029";"2";"6";"1";"1";"Avenue Edouard Herriot";"45,72914000";"4,90139000"
"202400032044";"31";"08";"2024";"00:30";"3";"93";"93066";"1";"1";"1";"2";"AUTOROUTE A86";"48,92566114";"2,33952919"
"202400032045";"22";"07";"2024";"09:00";"1";"67";"67447";"2";"6";"1";"3";"ZAGREB (RUE DE)";"48,61102734";"7,70579875"
"202400032046";"30";"08";"2024";"21:00";"3";"95";"95154";"1";"9";"2";"6";"A1";"49,03451530";"2,54072530"
"202400032047";"22";"07";"2024";"16:00";"1";"66";"66136";"1";"3";"1";"3";"D91";"42,65237600";"2,88145959"
"202400032048";"30";"08";"2024";"13:00";"1";"93";"93008";"1";"1";"9";"4";"AUTOROUTE A86";"48,90866349";"2,44944155"
"202400032049";"23";"07";"2024";"08:10";"1";"65";"65286";"2";"1";"1";"6";"FOCH (AVENUE MARECHAL)";"43,09112966";" -0,04615117"
"202400032050";"30";"08";"2024";"08:00";"1";"95";"95604";"1";"1";"1";"3";"A1";"49,11883722";"2,55599320"
"202400032051";"23";"07";"2024";"06:50";"1";"64";"64445";"2";"3";"1";"3";"EUROPE DE L'";"43,32331000";" -0,31557000"
"202400032052";"22";"07";"2024";"16:45";"1";"64";"64445";"2";"4";"7";"3";"TRAN";"43,29684000";" -0,37389000"
"202400032053";"30";"08";"2024";"21:40";"3";"94";"94069";"1";"1";"1";"4";"A4";"48,81713893";"2,44226193"
"202400032054";"29";"08";"2024";"16:10";"1";"987";"98735";"2";"1";"1";"3";"CLEMENCEAU (RUE BLOC CHIN LOY)";" -17,53551000";" -149,55741000"
"202400032055";"23";"07";"2024";"13:40";"1";"64";"64122";"2";"1";"1";"2";"DASSAULT MARCEL (BD)";"43,46039500";" -1,54723200"
"202400032056";"23";"07";"2024";"17:23";"1";"64";"64024";"2";"1";"1";"3";"CHAMBRE D'AMOUR (AVENUE DE LA)";"43,49602000";" -1,53686000"
"202400032057";"30";"08";"2024";"04:55";"5";"974";"97411";"2";"3";"2";"3";"NICE (RUE DE)";" -20,87414000";"55,44756000"
"202400032058";"30";"08";"2024";"08:20";"1";"973";"97302";"1";"6";"1";"3";"MARINGOUINS (ROND-POINT)";"4,90698000";" -52,32211000"
"202400032059";"22";"07";"2024";"15:40";"1";"62";"62826";"2";"1";"1";"2";"Allée des Pâquerettes";"50,50805241";"1,61135781"
"202400032060";"30";"08";"2024";"02:35";"5";"973";"97302";"2";"1";"1";"6";"GRANT (CITE)";"4,94538149";" -52,30605841"
"202400032061";"23";"07";"2024";"10:00";"1";"59";"59527";"2";"1";"1";"3";"LECLERC RUE DU GENERAL";"50,66452000";"3,04974000"
"202400032062";"29";"08";"2024";"09:50";"1";"973";"97302";"2";"1";"1";"3";"BADUEL (ROUTE DE)";"4,93859000";" -52,31740000"
"202400032063";"14";"07";"2024";"11:15";"1";"59";"59272";"2";"3";"1";"3";"PLEUVRET (AVENUE PIERRE)";"50,98842000";"2,11060000"
"202400032064";"30";"08";"2024";"16:00";"1";"69";"69387";"2";"1";"1";"3";"34 Rue Paul Duvivier";"45,74360773";"4,84502272"
"202400032065";"22";"07";"2024";"17:40";"1";"59";"59122";"2";"1";"1";"3";"SAINT LADRE (RUE)";"50,15924000";"3,25213000"
"202400032066";"30";"08";"2024";"17:51";"1";"972";"97209";"2";"1";"1";"7";"XAVIER ORVILLE (RUE)";"14,61140000";" -61,07230000"
"202400032067";"22";"07";"2024";"14:15";"1";"54";"54395";"2";"1";"1";"2";"Boulevard Lobau";"48,68786000";"6,19445000"
"202400032068";"30";"08";"2024";"08:30";"1";"971";"97101";"2";"1";"1";"2";"ROLAND GARROS - DUGAZON (RUELLE)";"16,25180000";" -61,51899000"
"202400032069";"22";"07";"2024";"22:30";"5";"51";"51573";"2";"1";"1";"7";"CROIX CORDIER (RUE DE LA)";"49,24613000";"3,98914000"
"202400032070";"12";"07";"2024";"12:27";"1";"51";"51663";"2";"1";"1";"3";"MOULIN (RUE JEAN)";"49,04700000";"3,96700000"
"202400032071";"30";"08";"2024";"16:30";"1";"91";"91027";"2";"1";"2";"2";"AV FRANCOIS MITTERRAND";"48,70600000";"2,37100000"
"202400032072";"23";"07";"2024";"10:10";"1";"49";"49328";"2";"6";"8";"3";"AMIOT (RUE JULES)";"47,26124100";" -0,09857400"
"202400032073";"29";"08";"2024";"23:40";"5";"83";"83123";"2";"3";"1";"7";"MARINES DE PORTISSOL (AV)";"43,11661000";"5,79539000"
"202400032074";"30";"08";"2024";"06:54";"1";"81";"81033";"2";"1";"1";"2";"ALBI (AV. D' )";"44,02659000";"2,15625000"
"202400032075";"23";"07";"2024";"19:20";"1";"46";"46191";"2";"2";"1";"3";"GRANDS CAMPS (LIEU-DIT)";"44,50557000";"1,38473000"
"202400032076";"29";"08";"2024";"08:38";"1";"80";"80021";"2";"1";"1";"6";"Rue Alexandre Dumas";"49,87220000";"2,29336000"
"202400032077";"29";"08";"2024";"02:05";"5";"80";"80021";"2";"1";"1";"7";"Boulevard Baraban";"49,90003000";"2,30390000"
"202400032078";"22";"07";"2024";"16:50";"1";"44";"44109";"2";"2";"1";"3";"10 Boulevard Robert Schuman";"47,23396238";" -1,56646677"
"202400032079";"23";"07";"2024";"20:55";"1";"44";"44055";"2";"4";"1";"6";"5 Avenue de la Lambarde";"47,28174000";" -2,38229000"
"202400032080";"29";"08";"2024";"17:35";"1";"76";"76351";"2";"2";"1";"3";"COLBERT (QUAI)";"49,49270000";"0,13179000"
"202400032081";"22";"07";"2024";"11:05";"1";"42";"42110";"2";"2";"1";"3";"Cours Marin";"45,48506173";"4,54188002"
"202400032082";"29";"08";"2024";"19:50";"1";"76";"76481";"2";"2";"1";"7";"RD147A";"49,53021000";"0,10733000"
"202400032083";"23";"07";"2024";"22:00";"5";"42";"42184";"2";"2";"1";"6";"Rue de la République";"46,03695000";"4,05206000"
"202400032084";"30";"08";"2024";"18:00";"1";"69";"69266";"2";"1";"1";"6";"189 Cours Emile Zola";"45,76912000";"4,88173000"
"202400032085";"30";"08";"2024";"14:15";"1";"67";"67218";"2";"6";"1";"3";"RHIN (ROUTE DU)";"48,50145000";"7,73197000"
"202400032086";"22";"07";"2024";"21:15";"2";"37";"37122";"2";"2";"1";"3";"JUMEAUX (RUE DES)";"47,35334000";"0,69776000"
"202400032087";"30";"08";"2024";"19:30";"1";"64";"64445";"2";"1";"1";"2";"FRANCOIS MITTERAND";"43,33044000";" -0,35553000"
"202400032088";"22";"07";"2024";"10:05";"1";"34";"34301";"2";"1";"1";"2";"AVENUE GILBERT MARTELLI";"43,41060000";"3,70818000"
"202400032089";"30";"08";"2024";"14:50";"1";"64";"64125";"2";"1";"1";"7";"GARE (RUE DE LA)";"43,43030000";" -1,59250000"
"202400032090";"27";"08";"2024";"18:40";"1";"62";"62193";"2";"1";"1";"6";"Rue Ferdinand Buisson";"50,95219000";"1,87804000"
"202400032091";"23";"07";"2024";"00:57";"3";"34";"34003";"1";"1";"1";"1";"RD612";"43,30300000";"3,45900000"
"202400032092";"30";"08";"2024";"01:40";"5";"59";"59512";"2";"2";"1";"3";"NATIONS UNIES (AVENUE DES)";"50,69724000";"3,16598000"
"202400032093";"23";"07";"2024";"05:26";"5";"33";"33039";"2";"3";"1";"3";"N/A";"44,82108000";" -0,54082000"
"202400032094";"30";"08";"2024";"14:35";"1";"56";"56260";"2";"1";"2";"6";"Avenue Edgar Degas";"47,67342000";" -2,76290000"
"202400032095";"23";"07";"2024";"09:40";"1";"31";"31149";"2";"1";"1";"1";"SALVETAT (CHEMIN DE LA)";"43,60362740";"1,30557328"
"202400032096";"30";"08";"2024";"02:37";"5";"54";"54493";"2";"1";"1";"1";"RD26";"49,53175000";"5,82780000"
"202400032097";"30";"08";"2024";"23:40";"3";"51";"51454";"2";"1";"1";"3";"GUTENBERG (RUE)";"49,27492200";"4,00238200"
"202400032098";"22";"07";"2024";"17:15";"1";"31";"31069";"1";"1";"1";"2";"A621";"43,62443000";"1,38731000"
"202400032099";"30";"08";"2024";"15:27";"1";"51";"51454";"2";"1";"1";"3";"CHAILLOT (RUE)";"49,28726200";"4,02636900"
"202400032100";"19";"07";"2024";"09:25";"1";"30";"30189";"1";"2";"1";"3";"SOUS FONT DAME (CHEMIN OU IMPASSE)";"43,80510000";"4,33650000"
"202400032101";"22";"07";"2024";"18:15";"1";"29";"29232";"2";"1";"1";"6";"Boulevard des Frères Maillet";"48,00018000";" -4,08906000"
"202400032102";"30";"08";"2024";"11:55";"1";"51";"51454";"2";"3";"8";"3";"FABIEN (RUE DU COLONNEL)";"49,24922000";"4,01650000"
"202400032103";"22";"07";"2024";"17:05";"1";"29";"29232";"2";"1";"1";"6";"Rue du Palais";"47,99358100";" -4,10971100"
"202400032104";"30";"08";"2024";"06:43";"1";"51";"51454";"2";"1";"1";"6";"BUIRETTE (RUE)";"49,25452800";"4,02555100"
"202400032105";"22";"07";"2024";"12:36";"1";"29";"29232";"2";"1";"1";"3";"Boulevard President Allende";"47,99355411";" -4,07332151"
"202400032106";"29";"08";"2024";"21:15";"5";"51";"51454";"2";"6";"1";"1";"N/A";"49,25706300";"4,03940500"
"202400032107";"23";"07";"2024";"14:52";"1";"25";"25204";"2";"2";"1";"3";"Grande rue";"46,92773000";"6,34920000"
"202400032108";"29";"08";"2024";"06:15";"2";"51";"51454";"2";"6";"1";"1";"VAL DE VESLE (BOULEVARD)";"49,22498000";"4,09677000"
"202400032109";"22";"07";"2024";"17:00";"1";"19";"19031";"2";"2";"1";"3";"Avenue Jacques Et Bernadette Chirac";"45,16676640";"1,54552567"
"202400032110";"29";"08";"2024";"18:40";"1";"51";"51454";"2";"2";"1";"6";"PASTEUR (BOULEVARD) N°2 A 30 (PAIR)";"49,24962200";"4,04299400"
"202400032111";"23";"07";"2024";"07:20";"1";"17";"17415";"1";"3";"7";"3";"VARZAY ROUTE DE";"45,72738000";" -0,67510000"
"202400032112";"29";"08";"2024";"18:30";"1";"51";"51172";"2";"1";"1";"6";"TROUSSET (RUE LUCIEN)";"49,21380000";"4,04821000"
"202400032113";"22";"07";"2024";"21:55";"4";"14";"14715";"2";"1";"2";"6";"54 La Croix Sonnet";"49,37488800";"0,12853000"
"202400032114";"23";"07";"2024";"10:25";"1";"14";"14118";"2";"1";"1";"7";"2 Rue de l’Oratoire";"49,18150000";" -0,35914000"
"202400032115";"30";"08";"2024";"19:35";"1";"45";"45234";"2";"1";"1";"4";"D2020 PR 36 + 5555";"47,89683000";"1,89548000"
"202400032116";"23";"07";"2024";"18:30";"1";"13";"13208";"2";"1";"1";"3";"RABATAU (BOULEVARD)";"43,27318000";"5,39240000"
"202400032117";"29";"08";"2024";"18:05";"1";"44";"44184";"2";"1";"1";"6";"74 Boulevard Albert 1er";"47,25953882";" -2,22378998"
"202400032118";"23";"07";"2024";"19:00";"1";"13";"13214";"2";"1";"1";"1";"SALVADOR ALLENDE (RUE)";"43,33037000";"5,39548000"
"202400032119";"23";"07";"2024";"11:15";"1";"13";"13215";"2";"1";"1";"1";"SAINT ANTOINE (AVENUE DE)";"43,36900000";"5,35700000"
"202400032120";"29";"08";"2024";"19:16";"1";"44";"44109";"2";"8";"1";"3";"1 Boulevard Léon Jouhaux";"47,20887000";" -1,58741000"
"202400032121";"30";"08";"2024";"13:50";"1";"41";"41018";"2";"1";"1";"6";"7 Rue Denis Papin";"47,58659800";"1,33522600"
"202400032122";"22";"07";"2024";"16:45";"1";"13";"13213";"2";"3";"1";"3";"CHEMIN DU MERLAN A LA ROSE ";"43,33046000";"5,41543000"
"202400032123";"23";"07";"2024";"21:45";"5";"11";"11262";"2";"1";"1";"6";"N/A";"43,18498000";"2,98072000"
"202400032124";"30";"08";"2024";"16:08";"1";"38";"38185";"2";"2";"1";"3";"BOULEVARD CLEMENCEAU";"45,18210126";"5,73428578"
"202400032125";"30";"08";"2024";"13:20";"1";"34";"34172";"2";"3";"1";"1";"SAINT-PRIEST (RUE)";"43,63390900";"3,84318400"
"202400032126";"23";"07";"2024";"14:40";"1";"06";"06069";"2";"1";"1";"4";"89 Avenue Pierre Sémard";"43,65479000";"6,92712000"
"202400032127";"30";"08";"2024";"21:20";"5";"33";"33550";"2";"1";"1";"6";"Rue Maréchal Foch";"44,76995000";" -0,54317000"
"202400032128";"23";"07";"2024";"09:10";"1";"06";"06069";"2";"1";"1";"5";"256 Boulevard Emmanuel Rouquier";"43,62456000";"6,93502000"
"202400032129";"30";"08";"2024";"10:50";"1";"29";"29232";"2";"1";"1";"6";"Boulevard Amiral de Kerguelen";"47,99518900";" -4,10102500"
"202400032130";"30";"08";"2024";"14:45";"1";"29";"29019";"2";"1";"1";"1";"rue Matthieu Gallou";"48,39844900";" -4,50915800"
"202400032131";"23";"07";"2024";"18:25";"1";"75";"75114";"2";"1";"1";"5";"BD PERIPHERIQUE INTERIEUR";"48,82533700";"2,30225300"
"202400032132";"30";"08";"2024";"13:20";"1";"29";"29019";"2";"1";"1";"2";"rue de Paris";"48,40524600";" -4,46310400"
"202400032133";"23";"07";"2024";"13:30";"1";"75";"75116";"2";"1";"1";"2";"BD PERIPHERIQUE INTERIEUR";"48,85064900";"2,25221800"
"202400032134";"23";"07";"2024";"11:05";"1";"75";"75118";"2";"1";"1";"2";"BD PERIPHERIQUE EXTERIEUR";"48,90107600";"2,34527300"
"202400032135";"29";"08";"2024";"20:15";"1";"29";"29019";"2";"2";"1";"3";"rue de Gouesnou";"48,42248900";" -4,46668500"
"202400032136";"23";"07";"2024";"08:25";"1";"75";"75120";"2";"1";"2";"3";"BD PERIPHERIQUE INTERIEUR";"48,86350200";"2,41340800"
"202400032137";"30";"08";"2024";"12:40";"1";"25";"25462";"2";"1";"1";"2";"REPUBLIQUE DE LA";"46,90327000";"6,35579000"
"202400032138";"22";"07";"2024";"20:25";"1";"75";"75112";"2";"1";"1";"4";"BD PERIPHERIQUE EXTERIEUR";"48,83254200";"2,40610900"
"202400032139";"30";"08";"2024";"10:05";"1";"25";"25462";"2";"1";"1";"6";"BERNARDINES";"46,90469000";"6,35580000"
"202400032140";"22";"07";"2024";"11:20";"1";"75";"75114";"2";"1";"1";"2";"BD PERIPHERIQUE INTERIEUR";"48,82352000";"2,31035800"
"202400032141";"30";"08";"2024";"07:55";"1";"17";"17415";"2";"6";"1";"1";"BERTHELOT RUE MARCELIN";"45,74110000";" -0,62230000"
"202400032142";"21";"07";"2024";"19:45";"1";"75";"75119";"2";"1";"1";"5";"BD PERIPHERIQUE INTERIEUR";"48,88344300";"2,39973900"
"202400032143";"28";"08";"2024";"11:30";"1";"14";"14699";"1";"3";"1";"7";"1 Chemin du Marais";"49,34933900";"0,09116200"
"202400032144";"23";"07";"2024";"14:34";"1";"75";"75116";"2";"1";"1";"2";"BD PERIPHERIQUE INTERIEUR";"48,83499500";"2,26404000"
"202400032145";"30";"08";"2024";"06:15";"2";"13";"13043";"2";"1";"1";"7";"DEPARTEMENTALE 48 (RTE )";"43,38318000";"5,20114000"
"202400032146";"23";"07";"2024";"17:15";"1";"75";"75119";"2";"3";"1";"2";"AVENUE JEAN JAURES";"48,88719700";"2,38718400"
"202400032147";"29";"08";"2024";"17:00";"2";"13";"13054";"2";"1";"1";"1";"LACANAU (AV DE )";"43,40631405";"5,22884050"
"202400032148";"30";"08";"2024";"19:30";"1";"13";"13213";"2";"1";"1";"6";"TILLEULS (BOULEVARD)";"43,31865000";"5,40873000"
"202400032149";"23";"07";"2024";"09:30";"1";"75";"75119";"2";"1";"2";"3";"BOULEVARD DE LA VILLETTE";"48,87979200";"2,37048600"
"202400032150";"30";"08";"2024";"08:30";"1";"13";"13213";"2";"1";"1";"3";"JEAN PAUL SARTRE (AVENUE)";"43,32208764";"5,41796195"
"202400032151";"23";"07";"2024";"20:45";"2";"75";"75117";"2";"3";"1";"3";"AVENUE DE LA PORTE DE CHAMPERRET";"48,88632800";"2,28653400"
"202400032152";"30";"08";"2024";"23:15";"5";"13";"13047";"1";"1";"1";"2";"D.5";"43,48653000";"4,99488000"