"Num_Acc";"jour";"mois";"an";"hrmn";"lum";"dep";"com";"agg";"int";"atm";"col";"adr";"lat";"long"
"202400032153";"23";"07";"2024";"13:40";"1";"75";"75116";"2";"4";"8";"3";"ALLEE DU BORD DE L EAU";"48,87416127";"2,24483371"
"202400032154";"30";"08";"2024";"11:23";"1";"10";"10387";"2";"3";"1";"3";"NOELS RUE (DES)";"48,29121000";"4,10292000"
"202400032155";"23";"07";"2024";"09:50";"1";"75";"75116";"2";"1";"2";"2";"BOULEVARD SUCHET";"48,84902300";"2,25949500"
"202400032156";"23";"07";"2024";"09:10";"1";"75";"75116";"2";"3";"2";"6";"AVENUE DE VERSAILLES";"48,83923200";"2,26149200"
"202400032157";"29";"08";"2024";"21:00";"2";"10";"10387";"2";"6";"1";"3";"GEORGES POMPIDOU (RUE)";"48,29639000";"4,09480000"
"202400032158";"23";"07";"2024";"10:10";"1";"75";"75115";"2";"3";"2";"2";"RUE DE LA CONVENTION";"48,83833300";"2,29396800"
"202400032159";"29";"08";"2024";"18:11";"1";"10";"10387";"2";"1";"1";"4";"Boulevard Jules Guesde";"48,28066000";"4,08604000"
"202400032160";"23";"07";"2024";"09:48";"1";"75";"75115";"2";"3";"2";"6";"BOULEVARD VICTOR";"48,83445200";"2,28403900"
"202400032161";"29";"08";"2024";"18:53";"1";"06";"06155";"2";"1";"1";"6";"23 Avenue du Tapis Vert";"43,57887500";"7,05844200"
"202400032162";"23";"07";"2024";"16:50";"1";"75";"75101";"2";"2";"1";"6";"BOULEVARD DE LA MADELEINE";"48,86939100";"2,32522200"
"202400032163";"21";"08";"2024";"17:45";"1";"03";"03185";"2";"2";"1";"3";"DORMOY ( AVENUE MARX )";"46,33817000";"2,59731000"
"202400032164";"21";"07";"2024";"06:20";"1";"94";"94015";"2";"1";"1";"6";"Avenue du Général Leclerc";"48,82834000";"2,51401000"
"202400032165";"30";"08";"2024";"08:00";"1";"75";"75116";"2";"1";"1";"4";"BD PERIPHERIQUE INTERIEUR";"48,86193400";"2,26460000"
"202400032166";"22";"07";"2024";"13:00";"1";"94";"94038";"2";"9";"1";"1";"Rue des Tulipes";"48,77645800";"2,35379600"
"202400032167";"27";"08";"2024";"16:10";"1";"75";"75120";"2";"1";"1";"2";"BD PERIPHERIQUE EXTERIEUR";"48,84826300";"2,41494700"
"202400032168";"23";"07";"2024";"12:13";"1";"94";"94033";"2";"9";"2";"2";"Avenue de la République";"48,85251000";"2,46525000"
"202400032169";"30";"08";"2024";"08:45";"1";"75";"75115";"2";"2";"8";"3";"RUE PEGOUD";"48,83538600";"2,26676000"
"202400032170";"23";"07";"2024";"05:15";"5";"93";"93073";"2";"2";"2";"3";"Avenue Blaise Pascal / Rue de Lorraine";"48,94021005";"2,57733499"
"202400032171";"30";"08";"2024";"15:10";"1";"75";"75120";"2";"2";"2";"1";"RUE DES PYRENEES";"48,85267700";"2,40609900"
"202400032172";"30";"08";"2024";"15:55";"1";"75";"75115";"2";"1";"3";"3";"RUE LINOIS";"48,84837900";"2,28312700"
"202400032173";"22";"07";"2024";"09:40";"1";"93";"93078";"2";"1";"1";"4";"VAUBAN (AVENUE)";"48,96998000";"2,55027000"
"202400032174";"22";"07";"2024";"10:15";"1";"93";"93073";"2";"1";"1";"6";"TOLSTOI (RUE LEON)";"48,94546847";"2,56749630"
"202400032175";"30";"08";"2024";"19:15";"1";"75";"75108";"2";"2";"2";"2";"RUE DE COURCELLES";"48,87503900";"2,30914900"
"202400032176";"23";"07";"2024";"15:30";"1";"93";"93071";"2";"1";"1";"6";"GASTON BUSSIERE (PLACE)";"48,93755000";"2,52941000"
"202400032177";"30";"08";"2024";"08:25";"1";"75";"75103";"2";"2";"1";"2";"BOULEVARD DE SEBASTOPOL";"48,86624300";"2,35257000"
"202400032178";"23";"07";"2024";"11:00";"1";"93";"93066";"2";"3";"2";"3";"Avenue Paul Vaillant-Couturier / Rue des Victimes du Franquisme";"48,93273532";"2,36598289"
"202400032179";"30";"08";"2024";"12:20";"1";"94";"94052";"2";"2";"2";"6";"Rue Jacques Kablé";"48,83581300";"2,48890700"
"202400032180";"30";"08";"2024";"20:45";"3";"94";"94003";"2";"1";"2";"6";"Avenue Vladimir Ilitch Lenine";"48,81298800";"2,33188200"
"202400032181";"23";"07";"2024";"14:09";"1";"93";"93074";"2";"3";"1";"3";"Rue de Meaux / Rue du Centre";"48,93506846";"2,56971359"
"202400032182";"30";"08";"2024";"18:17";"1";"94";"94043";"2";"2";"2";"3";"Rue Gabriel Péri";"48,81235863";"2,35258985"
"202400032183";"23";"07";"2024";"09:40";"1";"93";"93046";"2";"1";"1";"3";"Allée de Rosny";"48,90597000";"2,51567000"
"202400032184";"23";"07";"2024";"13:20";"1";"93";"93008";"2";"1";"1";"2";"Avenue Paul Vaillant - Couturier";"48,90761396";"2,45481813"
"202400032185";"30";"08";"2024";"08:35";"1";"94";"94018";"2";"3";"1";"2";"89 Rue de Paris";"48,82207400";"2,41255500"
"202400032186";"4";"07";"2024";"16:22";"1";"92";"92078";"2";"1";"1";"6";"PIERRE COUBERTIN (AVENUE)";"48,93889229";"2,32791066"
"202400032187";"30";"08";"2024";"18:30";"1";"94";"94028";"2";"1";"2";"3";"Av du Mal de Lattre de Tassigny";"48,79745000";"2,45649000"
"202400032188";"30";"08";"2024";"16:30";"1";"93";"93072";"2";"9";"3";"3";"Avenue de Stalingrad";"48,94707316";"2,37246752"
"202400032189";"23";"07";"2024";"03:42";"5";"92";"92078";"2";"2";"1";"3";"VERDUN (AVENUE) (PAIRS 2 A 38)";"48,93568233";"2,33593440"
"202400032190";"23";"07";"2024";"06:06";"2";"92";"92077";"1";"1";"2";"6";"VERSAILLES (RUE DE)";"48,81643000";"2,16074000"
"202400032191";"29";"08";"2024";"17:45";"1";"93";"93064";"2";"1";"1";"3";"Rue Leon Blum";"48,88301444";"2,47992671"
"202400032192";"23";"07";"2024";"11:11";"1";"92";"92051";"2";"9";"2";"2";"GENERAL LANREZAC (RUE)";"48,88500226";"2,25587860"
"202400032193";"30";"08";"2024";"21:10";"5";"93";"93014";"2";"3";"8";"6";"Allée de Gagny / Allée Henri Barbusse";"48,90644400";"2,54943200"
"202400032194";"23";"07";"2024";"09:25";"1";"92";"92049";"2";"1";"2";"7";"REPUBLIQUE AVENUE DE LA N°2 A 90";"48,81524481";"2,31759524"
"202400032195";"30";"08";"2024";"01:30";"5";"93";"93014";"2";"1";"1";"6";"Boulevard du Temple";"48,90220494";"2,53240675"
"202400032196";"22";"07";"2024";"18:32";"1";"92";"92035";"2";"1";"1";"1";"République ( boulevard de la )";"48,90554000";"2,25503000"
"202400032197";"29";"08";"2024";"04:50";"5";"93";"93014";"2";"1";"1";"3";"Boulevard Emile Zola";"48,90616000";"2,55297000"
"202400032198";"31";"08";"2024";"08:54";"1";"92";"92078";"2";"1";"1";"6";"GALLIENI (BD) (154 ET 214)";"48,93480000";"2,33286000"
"202400032199";"29";"08";"2024";"18:08";"1";"92";"92051";"2";"1";"1";"2";"CHARLES DE GAULLE (AVENUE, N°27 A 129)";"48,87872581";"2,27925763"
"202400032200";"29";"08";"2024";"16:55";"1";"92";"92040";"2";"1";"1";"7";"VICTOR CRESSON (AVENUE) DU 29 AU 77";"48,82243000";"2,26715000"
"202400032201";"22";"07";"2024";"09:10";"1";"92";"92035";"2";"1";"1";"3";"Général de Gaulle  ( avenue du )";"48,90845000";"2,25539000"
"202400032202";"29";"08";"2024";"20:15";"1";"92";"92036";"2";"1";"1";"7";"CLAUDE DEBUSSY (AVENUE)";"48,92504966";"2,29734510"
"202400032203";"21";"07";"2024";"15:03";"1";"92";"92025";"2";"1";"1";"1";"PRESIDENT SALVADOR ALLENDE (RUE DU)";"48,92219354";"2,23570257"
"202400032204";"29";"08";"2024";"23:09";"5";"92";"92012";"2";"2";"1";"3";"ROBERT SCHUMAN (AVENUE)";"48,84270761";"2,24892229"
"202400032205";"23";"07";"2024";"14:30";"1";"92";"92007";"2";"4";"1";"2";"BRIAND (AVENUE ARISTIDE) N° 2 A 98";"48,80668681";"2,32585520"
"202400032206";"30";"08";"2024";"19:00";"1";"92";"92004";"2";"1";"8";"5";"CHATEAU ( RUE DU )";"48,90913266";"2,29137897"
"202400032207";"23";"07";"2024";"12:45";"1";"54";"54571";"1";"1";"1";"1";"D71";"48,62288200";"6,22424800"
"202400032208";"23";"07";"2024";"14:25";"1";"40";"40004";"1";"1";"1";"3";"Route de Tyrosse";"43,65797556";" -1,35644958"
"202400032209";"27";"08";"2024";"09:45";"1";"92";"92004";"2";"2";"1";"3";"ARGENTEUIL AV D'";"48,91933000";"2,28042000"
"202400032210";"24";"07";"2024";"11:06";"1";"68";"68300";"1";"1";"1";"3";"D55";"47,78660100";"7,42680900"
"202400032211";"31";"08";"2024";"15:50";"1";"49";"49244";"1";"2";"1";"3";"La Baclaire (Le Marillais)";"47,35823100";" -1,06471900"
"202400032212";"30";"08";"2024";"10:00";"1";101;101100";"1";"1";"1";"6";"#D24#";"42,23624226";"8,81260272"
"202400032213";"31";"08";"2024";"07:38";"1";101;101276";"1";"1";"7";"1";"#Stiliccionu#";"41,75228100";"8,84313600"
"202400032214";"23";"07";"2024";"23:00";"3";"34";"34032";"1";"1";"1";"2";"Autoroute A75 PK 328";"43,37810300";"3,29898800"
"202400032215";"31";"08";"2024";"12:35";"1";"06";"06114";"2";"1";"1";"6";"101 Quai de la Banquiere";"43,74113500";"7,28786800"
"202400032216";"23";"07";"2024";"17:01";"1";"34";"34270";"2";"1";"1";"6";"rue des jasses";"43,56996700";"3,83656100"
"202400032217";"30";"08";"2024";"15:16";"1";"57";"57161";"1";"2";"1";"3";"ferme de l'espérance";"48,84065900";"6,83423600"
"202400032218";"10";"07";"2024";"16:50";"1";"31";"31203";"2";"1";"1";"2";"4 Avenue du Gers";"43,51641600";"1,31490500"
"202400032219";"31";"08";"2024";"09:00";"1";"52";"52384";"1";"1";"1";"2";"A31";"47,80206386";"5,22466517"
"202400032220";"23";"07";"2024";"17:20";"1";"59";"59394";"2";"1";"1";"1";"47 Rue de Bertry";"50,07767400";"3,46574400"
"202400032221";"31";"08";"2024";"00:10";"3";"974";"97410";"2";"1";"1";"6";"RN2 Sainte Anne";" -21,08315900";"55,74676900"
"202400032222";"30";"08";"2024";"04:30";"3";"06";"06095";"2";"1";"1";"7";"5 Boulevard Jean Giraud";"43,64390900";"6,87905100"
"202400032223";"24";"07";"2024";"08:32";"1";"77";"77301";"1";"1";"1";"4";"N4";"48,69380800";"3,43810500"
"202400032224";"30";"08";"2024";"21:15";"5";"06";"06033";"1";"1";"1";"6";"M6202 BIS, Z.I CARROS - en face 1ère avenue - 4ème rue";"43,77509900";"7,21194900"
"202400032225";"23";"07";"2024";"19:55";"1";"77";"77519";"2";"1";"1";"2";"37 Rue de la Gare";"48,65042700";"3,40986900"
"202400032226";"30";"08";"2024";"16:50";"1";"974";"97413";"2";"9";"1";"2";"Bois Blanc";" -21,23948200";"55,31071200"
"202400032227";"23";"07";"2024";"17:05";"1";"79";"79179";"1";"3";"1";"1";"N/A";"46,67984500";" -0,61398400"
"202400032228";"30";"08";"2024";"23:55";"3";"23";"23217";"1";"1";"1";"6";"Cheyroux";"45,94064600";"1,57143100"
"202400032229";"23";"07";"2024";"19:10";"1";"79";"79202";"1";"1";"1";"3";"N/A";"46,63811500";" -0,21787000"
"202400032230";"31";"08";"2024";"04:40";"3";"47";"47114";"1";"1";"1";"7";"567 Route des Métairies";"44,38854600";"0,13237200"
"202400032231";"24";"07";"2024";"14:30";"1";"79";"79265";"1";"1";"1";"1";"N/A";"46,97058600";" -0,13329400"
"202400032232";"30";"08";"2024";"14:44";"1";"37";"37203";"1";"1";"1";"5";"A10";"47,42757822";"0,73425436"
"202400032233";"31";"08";"2024";"12:05";"1";"41";"41100";"1";"1";"3";"7";"Départementale 116 - La Glacière";"47,68853300";"0,78097300"
"202400032234";"19";"07";"2024";"12:15";"1";101;101269";"1";"1";"1";"1";"#857 Strada di Sari#";"41,85328494";"9,38814926"
"202400032235";"30";"08";"2024";"10:10";"1";"62";"62268";"2";"3";"1";"6";"D204";"50,66763429";"1,83582875"
"202400032236";"18";"07";"2024";"11:25";"1";"65";"65314";"1";"2";"1";"2";"D 5";"43,44263700";"0,12052800"
"202400032237";"31";"08";"2024";"06:00";"5";"56";"56047";"1";"1";"1";"6";"11 Bellevue";"48,03084800";" -2,75598000"
"202400032238";"22";"07";"2024";"21:10";"1";"81";"81149";"1";"1";"1";"7";"Route de Parisot";"43,82042400";"1,80403200"
"202400032239";"30";"08";"2024";"23:40";"3";"61";"61411";"1";"1";"1";"6";"D256";"48,44825400";"0,51263400"
"202400032240";"24";"07";"2024";"12:00";"1";"71";"71346";"1";"1";"1";"1";"694 chemin du patouillet";"46,60425700";"4,21226200"
"202400032241";"31";"08";"2024";"13:00";"1";"86";"86039";"1";"3";"1";"1";"Rue du Marchais Rouge";"46,26184100";"0,21684100"
"202400032242";"23";"07";"2024";"19:15";"1";"71";"71248";"1";"1";"1";"6";"D975";"46,55812000";"4,92647000"
"202400032243";"31";"08";"2024";"07:40";"1";"68";"68374";"2";"2";"1";"3";"Rue du Lavoir";"48,07554100";"7,28666300"
"202400032244";"24";"07";"2024";"17:00";"1";"89";"89418";"2";"1";"1";"6";"42 Rue du Général Campenon";"47,85782600";"3,97047200"
"202400032245";"31";"08";"2024";"11:25";"1";"25";"25434";"1";"1";"1";"1";"D241";"47,10420700";"6,11865500"
"202400032246";"23";"07";"2024";"20:15";"1";"89";"89237";"1";"1";"1";"7";"D950";"47,59073900";"3,70026800"
"202400032247";"23";"07";"2024";"17:30";"1";"63";"63382";"1";"1";"1";"7";"D50";"46,04282693";"2,99360459"
"202400032248";"30";"08";"2024";"08:30";"1";"44";"44029";"1";"2";"2";"3";"Route du chateau d’eau";"47,26538700";" -1,31508200"
"202400032249";"23";"07";"2024";"15:55";"1";"63";"63178";"2";"6";"1";"3";"D996-Route de Perrier-giratoire rue colonnel Buret";"45,54359200";"3,22442300"
"202400032250";"30";"08";"2024";"17:00";"1";"44";"44014";"1";"1";"1";"3";"N/A";"47,10296600";" -1,46220400"
"202400032251";"11";"07";"2024";"09:24";"1";"63";"63321";"1";"1";"1";"6";"D225";"45,62595065";"3,31233498"
"202400032252";"10";"07";"2024";"18:00";"1";"44";"44061";"1";"2";"2";"3";"N/A";"47,24865000";" -1,95638200"
"202400032253";"30";"08";"2024";"19:55";"1";"29";"29272";"1";"1";"1";"7";"Parc Frost";"47,95449300";" -3,90404000"
"202400032254";"23";"07";"2024";"14:40";"1";"12";"12088";"1";"3";"1";"3";"D921";"44,64928800";"2,85207900"
"202400032255";"30";"08";"2024";"17:30";"1";"58";"58311";"1";"1";"1";"3";"RD 34";"46,92857900";"3,49414600"
"202400032256";"23";"07";"2024";"04:15";"3";"34";"34205";"1";"1";"1";"7";"744 Route de Lodève";"43,74576900";"3,28235600"
"202400032257";"30";"08";"2024";"10:10";"1";"54";"54105";"1";"3";"7";"7";"D11";"48,56050542";"5,85116386"
"202400032258";"31";"08";"2024";"17:30";"1";"72";"72021";"1";"1";"1";"7";"Lieu Dit La Maison D Eugene";"47,84581941";" -0,16918017"
"202400032259";"24";"07";"2024";"15:15";"1";"25";"25320";"1";"1";"1";"1";"D9";"46,77655200";"6,31226800"
"202400032260";"30";"08";"2024";"18:10";"1";"73";"73124";"1";"1";"1";"2";"N90";"45,64910714";"6,34076893"
"202400032261";"23";"07";"2024";"19:00";"1";"44";"44142";"1";"3";"1";"3";"N/A";"47,04304575";" -1,36129975"
"202400032262";"31";"08";"2024";"01:50";"3";"07";"07334";"1";"1";"1";"6";"D901";"44,40913700";"4,16356100"
"202400032263";"21";"07";"2024";"11:30";"1";"44";"44057";"1";"1";"1";"7";"N/A";"47,57843600";" -2,07783200"
"202400032264";"29";"08";"2024";"22:45";"5";"30";"30133";"2";"1";"1";"3";"3 Avenue Jean Lasserre";"43,52121400";"4,13473300"
"202400032265";"24";"07";"2024";"10:35";"1";"35";"35184";"1";"1";"1";"6";"N/A";"48,19416206";" -2,09763229"
"202400032266";"31";"08";"2024";"11:20";"1";"30";"30321";"2";"1";"1";"7";"Route de Saussines";"43,78104500";"4,08219900"
"202400032267";"23";"07";"2024";"17:10";"1";"38";"38399";"2";"9";"1";"6";"51 Boulevard Nelson Mandela";"45,49871800";"5,13735300"
"202400032268";"30";"08";"2024";"10:20";"1";"30";"30350";"2";"1";"7";"7";"N/A";"43,99085000";"3,60897700"
"202400032269";"31";"08";"2024";"17:50";"1";"48";"48068";"1";"1";"1";"7";"Piéma";"44,52669500";"3,37185900"
"202400032270";"19";"07";"2024";"18:43";"1";"38";"38288";"1";"1";"1";"1";"D75";"45,57409800";"5,02931400"
"202400032271";"31";"08";"2024";"03:30";"4";"30";"30036";"1";"1";"5";"7";"Route de Langlade";"43,78847600";"4,26424000"
"202400032272";"24";"07";"2024";"17:00";"1";"15";"15028";"1";"3";"1";"3";"RD 990";"44,90099800";"2,61852700"
"202400032273";"28";"08";"2024";"15:10";"1";"33";"33284";"1";"1";"1";"5";"N/A";"44,63959000";" -0,84079700"
"202400032274";"24";"07";"2024";"12:00";"1";"01";"01128";"1";"3";"1";"2";"Route de Curciat";"46,46602000";"5,10095000"
"202400032275";"30";"08";"2024";"12:35";"1";"987";"98715";"2";"9";"2";"3";"Aratia Pamatai";" -17,55186900";" -149,59298700"
"202400032276";"23";"07";"2024";"18:00";"1";"66";"66107";"1";"1";"1";"1";"D117";"42,80291596";"2,62515306"
"202400032277";"28";"08";"2024";"22:45";"5";"987";"98738";"1";"1";"1";"1";"PK 8.100 passerelle Université";" -17,61800000";" -149,54900000"
"202400032278";"30";"08";"2024";"15:45";"1";"17";"17307";"1";"3";"1";"1";"RD117 intersection RD150";"45,68188400";" -0,90785300"
"202400032279";"30";"08";"2024";"09:00";"1";"988";"98831";"1";"1";"1";"7";"RT1 entrée Nord Oundjo";" -21,02646800";"164,71662300"
"202400032280";"31";"08";"2024";"02:35";"3";"988";"98825";"1";"1";"1";"6";"Route du CAPTAGE de TIAKANA";" -21,04064700";"164,86601100"
"202400032281";"30";"08";"2024";"13:10";"1";"976";"97608";"2";"9";"1";"3";"Boulevard des Crabes";" -12,78396600";"45,25835600"
"202400032282";"30";"08";"2024";"14:25";"1";"33";"33199";"2";"1";"1";"3";"N/A";"44,63948900";" -1,11619600"
"202400032283";"31";"08";"2024";"14:30";"1";"83";"83107";"2";"1";"1";"6";"D559";"43,34472000";"6,70380300"
"202400032284";"31";"08";"2024";"14:30";"1";"06";"06101";"1";"1";"1";"4";"6388 Route des Gorges du Cians";"43,99171800";"6,99811900"
"202400032285";"31";"08";"2024";"11:40";"1";"26";"26252";"1";"1";"1";"6";"A7 Aire de service de PORTES-lès-VALENCE";"44,86583621";"4,86589193"
"202400032286";"31";"08";"2024";"10:40";"1";"71";"71571";"1";"2";"1";"3";"D95";"46,38789500";"4,45634600"
"202400032287";"31";"08";"2024";"02:30";"3";"57";"57222";"1";"1";"1";"7";"CD30";"49,15266100";"6,89130300"
"202400032288";"30";"08";"2024";"10:45";"1";"42";"42094";"2";"7";"1";"6";"Place de la Boaterie (Parking)";"45,74426900";"4,22473100"
"202400032289";"30";"08";"2024";"21:10";"3";"69";"69105";"1";"2";"1";"1";"Route de la Maladière";"45,97853742";"4,65655311"
"202400032290";"29";"08";"2024";"18:45";"1";"85";"85009";"1";"3";"2";"1";"RD65";"46,44307500";" -0,88045100"
"202400032291";"31";"08";"2024";"11:30";"1";"85";"85302";"1";"3";"1";"3";"RD6";"46,97124100";" -0,98634500"
"202400032292";"30";"08";"2024";"14:17";"1";"49";"49260";"1";"1";"1";"7";"Chemin du Bouchot";"47,06581000";" -1,01053800"
"202400032293";"30";"08";"2024";"18:05";"1";"56";"56046";"1";"1";"3";"4";"Lieu Dit Kerdavid";"47,65685000";" -2,99034000"
"202400032294";"5";"10";"2024";"15:06";"1";"06";"06134";"1";"1";"1";"6";"Route Napoléon";"43,76244600";"6,70938300"
"202400032295";"5";"10";"2024";"09:35";"1";"13";"13024";"2";"1";"1";"1";"Avenue des Alpilles";"43,71851200";"5,23755000"
"202400032296";"2";"10";"2024";"12:25";"1";"13";"13027";"2";"1";"1";"1";"650 Boulevard Ernest Genevet";"43,88794600";"4,85324800"
"202400032297";"5";"10";"2024";"11:50";"1";"21";"21564";"1";"2";"1";"3";"D996";"47,12316900";"5,09900800"
"202400032298";"5";"10";"2024";"14:30";"1";"44";"44066";"1";"1";"1";"7";"chanais";"47,35023375";" -1,66470050"
"202400032299";"5";"10";"2024";"17:20";"1";"26";"26084";"1";"2";"1";"3";"Route d’Alixan";"45,00996200";"4,96282700"
"202400032300";"30";"09";"2024";"17:55";"1";"81";"81105";"2";"4";"1";"3";"Avenue du maréchal juin";"43,76001400";"1,96852700"
"202400032301";"5";"10";"2024";"21:00";"3";"33";"33425";"1";"1";"2";"1";"N/A";"45,03890000";" -0,46297100"
"202400032302";"5";"10";"2024";"06:00";"3";"33";"33293";"1";"1";"1";"2";"N/A";"44,87446100";" -0,43026900"
"202400032303";"5";"10";"2024";"19:45";"2";"85";"85016";"2";"3";"1";"3";"RD50";"46,68125800";" -1,61800500"
"202400032304";"4";"10";"2024";"12:05";"1";"44";"44026";"1";"3";"1";"3";"Route de Paris";"47,26922700";" -1,48090100"
"202400032305";"1";"10";"2024";"17:30";"1";"27";"27439";"1";"1";"1";"6";"Rue de l'Iton";"49,06145200";"1,15483000"
"202400032306";"5";"10";"2024";"14:00";"1";"76";"76516";"1";"1";"1";"3";"Route de Massy";"49,71568400";"1,43212800"
"202400032307";"6";"10";"2024";"06:30";"3";"76";"76541";"1";"1";"8";"6";"D67";"49,52173200";"0,96852000"
"202400032308";"5";"10";"2024";"20:50";"5";"60";"60469";"2";"1";"1";"1";"101 Rue Fernand Desjardins";"49,27274700";"2,21516100"
"202400032309";"4";"10";"2024";"17:30";"1";"02";"02309";"1";"1";"1";"2";"départementale 1044";"49,51795100";"3,75279700"
"202400032310";"4";"10";"2024";"23:35";"5";"13";"13202";"1";"1";"1";"2";"TVPCM-Sens Saint Victor vers Les Ports";"43,29766000";"5,36394000"
"202400032311";"4";"10";"2024";"20:35";"5";"83";"83137";"2";"1";"1";"2";"A50 TUNNEL TUBE NORD";"43,12127233";"5,95302607"
"202400032312";"26";"09";"2024";"13:35";"1";"69";"69287";"1";"1";"2";"3";"Autoroute 43  ";"45,67855000";"5,02663000"
"202400032313";"4";"10";"2024";"04:30";"3";"57";"57463";"1";"1";"1";"2";"Autoroute A31";"49,11863000";"6,16053000"
"202400032314";"5";"10";"2024";"17:45";"1";"94";"94038";"1";"1";"1";"5";"A6B";"48,78289290";"2,34713213"
"202400032315";"5";"10";"2024";"03:31";"3";"91";"91179";"1";"1";"1";"2";"AUTOROUTE A6";"48,56766000";"2,47243000"
"202400032316";"5";"10";"2024";"14:25";"1";"92";"92051";"1";"1";"7";"2";"RN13";"48,88397369";"2,26271063"
"202400032317";"5";"10";"2024";"12:00";"1";"92";"92064";"1";"1";"1";"2";"A13";"48,83850309";"2,19236004"
"202400032318";"5";"10";"2024";"00:25";"3";"78";"78217";"1";"1";"1";"2";"A13";"48,96578900";"1,81195800"
"202400032319";"5";"10";"2024";"17:00";"1";"93";"93005";"1";"1";"1";"2";"AUTOROUTE A1";"48,96072159";"2,46789896"
"202400032320";"5";"10";"2024";"17:30";"1";"94";"94028";"1";"1";"1";"5";"A86";"48,78943010";"2,44046879"
"202400032321";"5";"10";"2024";"16:30";"1";"77";"77373";"1";"1";"1";"6";"RN104";"48,76507039";"2,61490617"
"202400032322";"5";"10";"2024";"15:40";"1";"94";"94017";"1";"1";"1";"2";"A4";"48,82944026";"2,48213089"
"202400032323";"5";"10";"2024";"11:00";"1";"77";"77058";"1";"1";"1";"6";"A4";"48,82990915";"2,70752296"
"202400032324";"4";"10";"2024";"07:03";"1";"987";"98735";"2";"2";"1";"3";"PRINCE HINOI (AVENUE)";" -17,53480000";" -149,56352000"
"202400032325";"4";"10";"2024";"12:20";"1";"974";"97416";"1";"1";"3";"3";"BADAMIER(CHEMIN)";" -21,30720000";"55,45697000"
"202400032326";"4";"10";"2024";"07:15";"1";"974";"97411";"1";"1";"1";"2";"LITTORAL (ROUTE 1 DU)";" -20,87468000";"55,41764000"
"202400032327";"4";"10";"2024";"17:20";"1";"973";"97302";"2";"1";"1";"3";"BADUEL (ROUTE DE)";"4,93371000";" -52,31048000"
"202400032328";"4";"10";"2024";"00:20";"5";"973";"97302";"2";"1";"1";"1";"ZEPHIR (ROCADE)";"4,94071000";" -52,30466000"
"202400032329";"4";"10";"2024";"07:10";"2";"69";"69149";"2";"1";"8";"6";"287 Avenue Georges Clémenceau";"45,70701100";"4,79813203"
"202400032330";"4";"10";"2024";"06:43";"5";100;100033";"2";"1";"1";"3";"CAP - ROUTE DU CAP";"42,71384000";"9,45428000"
"202400032331";"4";"10";"2024";"06:30";"1";"971";"97120";"2";"2";"1";"3";"Amitié des peuples";"16,24295000";" -61,53971000"