"Num_Acc";"jour";"mois";"an";"hrmn";"lum";"dep";"com";"agg";"int";"atm";"col";"adr";"lat";"long"
"202400032332";"4";"10";"2024";"09:01";"1";101;101004";"1";"1";"1";"3";"T20";"41,94153000";"8,80763000"
"202400032333";"4";"10";"2024";"22:00";"4";"91";"91161";"2";"1";"1";"6";"RTE DE LONGJUMEAU";"48,71311000";"2,29797000"
"202400032334";"4";"10";"2024";"13:49";"1";"91";"91471";"2";"1";"1";"6";"LOUIS SCOCARD (RUE)";"48,69644000";"2,18455000"
"202400032335";"4";"10";"2024";"10:20";"1";"91";"91174";"2";"9";"1";"3";"RUE DU DOCTEUR VIGNES";"48,61218000";"2,47623700"
"202400032336";"3";"10";"2024";"20:24";"5";"90";"90010";"2";"1";"1";"3";"JAURES (AVENUE JEAN) A 150 ET 117";"47,65219000";"6,85040000"
"202400032337";"3";"10";"2024";"12:31";"1";"87";"87085";"2";"1";"1";"7";"COTY (AVENUE DU PRESIDENT RENE)";"45,84290000";"1,23116000"
"202400032338";"2";"10";"2024";"07:31";"2";"87";"87113";"2";"1";"1";"1";"CARNOT (AVENUE SADI)";"45,86787000";"1,32777000"
"202400032339";"4";"10";"2024";"17:20";"1";"86";"86158";"2";"1";"1";"1";"Route de Saint Nicolas";"46,61633400";"0,31218500"
"202400032340";"1";"10";"2024";"16:20";"1";"86";"86066";"2";"1";"2";"6";"Rocade Est";"46,83830000";"0,54770000"
"202400032341";"4";"10";"2024";"07:20";"2";"84";"84007";"2";"6";"1";"3";"FONTCOUVERTE (AVENUE DE)";"43,93539000";"4,84806000"
"202400032342";"3";"10";"2024";"12:35";"1";"84";"84007";"2";"2";"1";"2";"C.DE GAULLE (ROCADE)";"43,93160000";"4,82861000"
"202400032343";"2";"10";"2024";"08:00";"1";"84";"84007";"2";"1";"1";"2";"QUAI DE LA LIGNE (BOULEVARD DU)";"43,95348000";"4,81052000"
"202400032344";"3";"10";"2024";"23:00";"5";"83";"83137";"2";"1";"1";"1";"FORGENTIER (CHEMIN DE)";"43,13371028";"5,90325305"
"202400032345";"4";"10";"2024";"12:40";"1";"83";"83137";"2";"6";"1";"3";"BRIAND (AVE ARISTIDE DE 1221 A FIN";"43,12080000";"5,88941000"
"202400032346";"4";"10";"2024";"00:55";"3";"83";"83153";"2";"1";"1";"7";"MARECHAL LECLERC (AV DU)";"43,08057000";"5,91288000"
"202400032347";"4";"10";"2024";"08:50";"2";"79";"79191";"2";"1";"1";"7";"N/A";"46,31792600";" -0,48504300"
"202400032348";"4";"10";"2024";"12:45";"1";"78";"78621";"2";"3";"1";"6";"FERMES (RUE DES)";"48,77828000";"1,99673000"
"202400032349";"30";"09";"2024";"12:06";"1";"77";"77053";"2";"9";"1";"6";"RUE DU GENERAL LECLERC";"48,69519000";"2,60919000"
"202400032350";"4";"10";"2024";"18:00";"1";"76";"76231";"2";"3";"8";"3";"Rue aux Boeufs";"49,28970230";"0,99918352"
"202400032351";"4";"10";"2024";"19:58";"1";"72";"72181";"2";"1";"1";"5";"PATTON GENERAL RTE BAUGE A CHEMIN RONDE";"47,99604000";"0,20712000"
"202400032352";"4";"10";"2024";"18:30";"1";"72";"72181";"2";"9";"1";"3";"DEMORIEUX IMP DE ROCADE A RP D'ALLONNES";"47,99882000";"0,21007000"
"202400032353";"4";"10";"2024";"13:20";"1";"72";"72181";"2";"7";"1";"6";"CHAMPION HENRI (RUE) N° IMP";"47,98260000";"0,23140000"
"202400032354";"4";"10";"2024";"19:50";"2";"71";"71306";"2";"1";"1";"7";"ALOUETTES (AVENUE DES)";"46,68768000";"4,35751000"
"202400032355";"3";"10";"2024";"17:00";"1";"71";"71270";"2";"3";"1";"1";"MOREAU (COURS)";"46,30913000";"4,83349000"
"202400032356";"4";"10";"2024";"03:10";"5";"69";"69199";"2";"1";"1";"6";"Avenue Jean Jaurès";"45,71177005";"4,85506666"
"202400032357";"4";"10";"2024";"11:20";"1";"64";"64445";"2";"1";"1";"6";"ALSACE LORRAINE D'";"43,30243000";" -0,35851000"
"202400032358";"4";"10";"2024";"08:50";"1";"64";"64445";"2";"2";"1";"3";"PAIX";"43,31784000";" -0,34385000"
"202400032359";"4";"10";"2024";"07:30";"2";"64";"64373";"1";"1";"5";"1";"D802";"43,28438000";" -0,35379000"
"202400032360";"3";"10";"2024";"15:30";"1";"64";"64445";"2";"1";"1";"6";"JEAN BIRAY";"43,29324000";" -0,37545000"
"202400032361";"3";"10";"2024";"15:15";"1";"64";"64102";"2";"1";"1";"2";"Pont Henri Grenet";"43,49748000";" -1,48286000"
"202400032362";"3";"10";"2024";"07:55";"2";"63";"63300";"2";"6";"3";"6";"DESAIX (BOULEVARD)";"45,89120000";"3,11570000"
"202400032363";"5";"10";"2024";"00:45";"5";"63";"63113";"2";"1";"1";"3";"DESCARTES (RUE)";"45,78117725";"3,06956828"
"202400032364";"4";"10";"2024";"09:35";"1";"63";"63113";"2";"9";"1";"3";"CLAUDIUS (CHAUSSEE)";"45,78448000";"3,09857000"
"202400032365";"4";"10";"2024";"11:40";"1";"59";"59560";"2";"2";"1";"6";"BOUVRY ROGER RUE";"50,54999000";"3,02976000"
"202400032366";"4";"10";"2024";"14:40";"1";"59";"59350";"1";"6";"1";"3";"Rue Eugène Imbert de la Phalecque";"50,63438000";"2,97255300"
"202400032367";"14";"09";"2024";"19:00";"1";"58";"58194";"2";"1";"1";"5";"RAIE";"46,98603000";"3,14179000"
"202400032368";"4";"10";"2024";"08:45";"1";"56";"56260";"2";"1";"1";"3";"Rue Henri Dunant";"47,65128000";" -2,76824000"
"202400032369";"4";"10";"2024";"13:20";"1";"56";"56260";"2";"3";"1";"3";"Rue du Vincin";"47,65703000";" -2,79028000"
"202400032370";"3";"10";"2024";"17:07";"1";"56";"56098";"2";"1";"1";"6";"Parking de la boulangerie";"47,77713000";" -3,33823000"
"202400032371";"4";"10";"2024";"07:45";"2";"56";"56121";"2";"6";"1";"3";"Rond-point de Kervaric";"47,74651600";" -3,38730600"
"202400032372";"28";"09";"2024";"07:30";"2";"55";"55545";"2";"1";"1";"1";"EPARGES ( AVENUE DES )";"49,15329000";"5,39680000"
"202400032373";"4";"10";"2024";"23:55";"5";"54";"54395";"2";"2";"1";"3";"Rue de Tomblaine";"48,68673443";"6,20112777"
"202400032374";"4";"10";"2024";"13:30";"1";"54";"54395";"2";"3";"1";"3";"Avenue de Strasbourg";"48,67879000";"6,19730000"
"202400032375";"4";"10";"2024";"20:50";"5";"51";"51454";"2";"2";"1";"3";"CERNAY (RUE DE ) DU N° 39 A FIN ET DU N°";"49,25792500";"4,05608800"
"202400032376";"4";"10";"2024";"15:00";"1";"51";"51454";"2";"9";"1";"6";"LAON (AVENUE) DU N° 51 A 217 ET DU N° 62";"49,26570000";"4,02607000"
"202400032377";"3";"10";"2024";"18:15";"1";"51";"51454";"2";"9";"1";"6";"CROIX SAINT MARC (RUE DE LA)";"49,26050000";"4,05182000"
"202400032378";"3";"10";"2024";"17:50";"1";"50";"50129";"1";"1";"1";"2";"Axe Nord-Sud";"49,63479300";" -1,57657500"
"202400032379";"4";"10";"2024";"19:00";"1";"49";"49007";"2";"1";"1";"3";"CUL D'ANON";"47,47806417";" -0,51474541"
"202400032380";"3";"10";"2024";"20:05";"5";"49";"49007";"2";"1";"1";"2";"FOCH BOULEVARD";"47,46685000";" -0,55225000"
"202400032381";"4";"10";"2024";"20:00";"2";"47";"47032";"1";"1";"1";"2";"CASSOU (Rte de)";"44,19880000";"0,68933000"
"202400032382";"4";"10";"2024";"17:50";"1";"45";"45234";"2";"2";"1";"3";"31 Avenue des Droits de l'Homme";"47,92277000";"1,92967000"
"202400032383";"4";"10";"2024";"09:10";"1";"45";"45284";"2";"3";"7";"6";"28 Rue du Porteau";"47,90855000";"1,98721300"
"202400032384";"4";"10";"2024";"20:00";"5";"44";"44184";"2";"1";"1";"3";"33 Avenue Géo André";"47,26640000";" -2,22732000"
"202400032385";"4";"10";"2024";"08:45";"1";"44";"44109";"2";"9";"1";"1";"20 Quai Henri Barbusse";"47,22616000";" -1,55309000"
"202400032386";"4";"10";"2024";"20:30";"5";"38";"38185";"2";"9";"8";"1";"RUE ÉMILE GUEYMARD";"45,19367000";"5,71413000"
"202400032387";"4";"10";"2024";"10:19";"1";"38";"38185";"2";"5";"1";"6";"Place Gustave Rivet";"45,18195000";"5,72803000"
"202400032388";"25";"09";"2024";"14:24";"1";"38";"38053";"2";"3";"1";"3";"Avenue Alexandre Flemming";"45,59822000";"5,24420000"
"202400032389";"5";"10";"2024";"00:03";"5";"37";"37261";"2";"2";"1";"3";"MIRABEAU (RUE)";"47,39755000";"0,69946000"
"202400032390";"4";"10";"2024";"21:50";"5";"37";"37122";"2";"1";"1";"7";"BALZAC (RUE HONORE DE)";"47,35144000";"0,67158000"
"202400032391";"4";"10";"2024";"12:15";"1";"37";"37261";"2";"2";"1";"1";"TONNELLE (BOULEVARD)";"47,38367516";"0,66828516"
"202400032392";"4";"10";"2024";"20:15";"3";"35";"35281";"1";"1";"1";"4";"ROCADE 8-9";"48,09370000";" -1,70949000"
"202400032393";"4";"10";"2024";"18:00";"1";"35";"35055";"1";"6";"1";"3";"173 RD";"48,07838000";" -1,63251000"
"202400032394";"4";"10";"2024";"11:10";"1";"35";"35238";"1";"1";"1";"2";"PORTE ALMA";"48,08160315";" -1,67616069"
"202400032395";"5";"10";"2024";"00:15";"5";"34";"34172";"2";"1";"1";"2";"CITADELLE (ALLEE DE LA)";"43,61169000";"3,88269000"
"202400032396";"30";"09";"2024";"07:43";"1";"34";"34032";"2";"6";"1";"3";"BADIE VINCENT (RD POINT)";"43,34796000";"3,25256000"
"202400032397";"4";"10";"2024";"14:50";"1";"33";"33063";"2";"6";"1";"1";"N/A";"44,82382000";" -0,54463000"
"202400032398";"4";"10";"2024";"10:40";"1";"33";"33063";"2";"2";"1";"3";"N/A";"44,86042000";" -0,55379000"
"202400032399";"4";"10";"2024";"14:30";"1";"31";"31555";"2";"1";"1";"3";"CHE MARTYRS DE BORDELONGUE";"43,56982700";"1,41799600"
"202400032400";"3";"10";"2024";"08:25";"2";"29";"29019";"2";"1";"1";"6";"rue Louis Le Guen";"48,38976800";" -4,47242500"
"202400032401";"4";"10";"2024";"17:15";"1";"27";"27681";"2";"1";"1";"3";"JAURES (BOULEVARD JAURES)";"49,09554000";"1,46592000"
"202400032402";"4";"10";"2024";"21:30";"5";"27";"27375";"2";"1";"1";"7";"LECLERC (AVENUE DU ML)";"49,20805000";"1,15347000"
"202400032403";"4";"10";"2024";"09:42";"1";"27";"27229";"2";"2";"1";"3";"VERNON (RUE DE)";"49,03185000";"1,15867000"
"202400032404";"4";"10";"2024";"13:55";"1";"14";"14181";"1";"1";"1";"2";"N814";"49,14799000";" -0,32248000"
"202400032405";"4";"10";"2024";"10:20";"1";"14";"14118";"2";"3";"1";"3";"5 Boulevard Jean Moulin";"49,19279000";" -0,37478000"
"202400032406";"4";"10";"2024";"20:45";"5";"13";"13071";"1";"1";"1";"2";"ROUTE NATIONALE 368 (VILLAGE)";"43,40292000";"5,31575000"
"202400032407";"4";"10";"2024";"22:35";"5";"13";"13206";"2";"2";"1";"3";"ROME (RUE DE)";"43,29081000";"5,38082000"
"202400032408";"4";"10";"2024";"05:50";"5";"13";"13211";"2";"1";"1";"6";"MENARD (PIERRE) (BOULEVARD)";"43,29042841";"5,44002953"
"202400032409";"4";"10";"2024";"12:10";"1";"10";"10387";"2";"2";"1";"3";"Boulevard Gambetta";"48,29875000";"4,07039000"
"202400032410";"4";"10";"2024";"02:06";"5";"08";"08105";"2";"1";"1";"6";"N/A";"49,77074100";"4,72492500"
"202400032411";"4";"10";"2024";"08:05";"1";"07";"07019";"2";"1";"1";"3";"BELLANDE (AVENUE DE )";"44,61464000";"4,40062000"
"202400032412";"4";"10";"2024";"07:52";"1";"06";"06083";"2";"2";"1";"3";"21 Avenue Florette";"43,76713300";"7,48570500"
"202400032413";"4";"10";"2024";"18:10";"1";"04";"04112";"1";"1";"1";"7";"VOLTA (CHEMIN ALESSANDRO)";"43,81416600";"5,79638000"
"202400032414";"4";"10";"2024";"03:43";"5";"75";"75113";"2";"2";"1";"6";"BOULEVARD DE PORT ROYAL";"48,83828700";"2,34207600"
"202400032415";"4";"10";"2024";"12:50";"1";"75";"75105";"2";"3";"1";"3";"BOULEVARD DE L HOPITAL";"48,84320200";"2,36413600"
"202400032416";"4";"10";"2024";"15:50";"1";"75";"75120";"2";"1";"1";"6";"RUE COURAT";"48,85688500";"2,40554700"
"202400032417";"4";"10";"2024";"20:40";"5";"75";"75119";"2";"7";"1";"6";"AVENUE DE LA PORTE CHAUMONT";"48,88622900";"2,39668800"
"202400032418";"4";"10";"2024";"13:40";"1";"75";"75118";"2";"4";"1";"6";"BOULEVARD ORNANO";"48,89271400";"2,34875000"
"202400032419";"4";"10";"2024";"23:10";"5";"75";"75116";"2";"3";"1";"3";"AVENUE DU PRESIDENT KENNEDY";"48,85272000";"2,28066400"
"202400032420";"4";"10";"2024";"15:30";"1";"75";"75114";"2";"3";"1";"3";"BOULEVARD DU MONTPARNASSE";"48,84124000";"2,33157000"
"202400032421";"3";"10";"2024";"18:45";"1";"75";"75114";"2";"1";"1";"3";"BOULEVARD ARAGO";"48,83451900";"2,33487900"
"202400032422";"3";"10";"2024";"09:35";"1";"75";"75114";"2";"2";"1";"2";"RUE DES PLANTES";"48,82803300";"2,32150400"
"202400032423";"4";"10";"2024";"14:05";"1";"75";"75111";"2";"2";"1";"3";"RUE SAINT MAUR";"48,86457600";"2,37811500"
"202400032424";"4";"10";"2024";"03:00";"5";"75";"75104";"2";"2";"1";"1";"QUAI DE GESVRES";"48,85675100";"2,34895900"
"202400032425";"3";"10";"2024";"12:45";"1";"94";"94078";"2";"3";"8";"3";"Rue de Paris";"48,73557000";"2,44693000"
"202400032426";"2";"10";"2024";"16:55";"1";"94";"94068";"2";"2";"1";"3";"Quai du Petit Parc";"48,81296600";"2,47977100"
"202400032427";"2";"10";"2024";"12:56";"1";"94";"94068";"2";"4";"2";"3";"Boulevard Maurice Berteaux";"48,80990000";"2,47100000"
"202400032428";"4";"10";"2024";"18:30";"1";"94";"94058";"2";"5";"1";"3";"Avenue du 11 Novembre";"48,84916000";"2,49573000"
"202400032429";"4";"10";"2024";"15:15";"1";"94";"94018";"2";"1";"1";"3";"Rue Victor Hugo";"48,82070000";"2,41249000"
"202400032430";"4";"10";"2024";"11:15";"1";"93";"93078";"2";"1";"1";"3";"BEREGOVOY (AVENUE)";"48,94636000";"2,55983000"
"202400032431";"4";"10";"2024";"15:45";"1";"93";"93072";"2";"1";"1";"3";"MAXIME GORKI (BOULEVARD) DES N°1 AU 87";"48,95143000";"2,38522000"
"202400032432";"4";"10";"2024";"17:25";"1";"93";"93070";"2";"2";"1";"3";"CHARLES SCHMIDT(RUE) : APRES 49";"48,90371355";"2,33366220"
"202400032433";"4";"10";"2024";"15:49";"1";"93";"93070";"2";"3";"1";"3";"VICTOR-HUGO (BD)";"48,90912000";"2,32963000"
"202400032434";"4";"10";"2024";"12:47";"1";"93";"93066";"2";"1";"1";"6";"MARNAUDES";"48,94124559";"2,38379180"
"202400032435";"4";"10";"2024";"23:10";"5";"93";"93077";"2";"1";"1";"6";"GRANDE RUE";"48,88257000";"2,52502000"
"202400032436";"3";"10";"2024";"20:50";"5";"93";"93033";"2";"1";"1";"1";"CHAMPS (AVENUE)";"48,86014000";"2,58038000"
"202400032437";"3";"10";"2024";"20:20";"5";"93";"93048";"2";"1";"1";"6";"JULES FERRY (RUE)";"48,86141629";"2,43369162"
"202400032438";"3";"10";"2024";"08:30";"1";"93";"93032";"2";"2";"1";"3";"ROND POINT  (RUE DU)";"48,87310000";"2,55610000"
"202400032439";"4";"10";"2024";"19:30";"1";"93";"93010";"2";"9";"1";"2";"JOUHAUX (AV. LEON)";"48,91791992";"2,48035383"
"202400032440";"4";"10";"2024";"02:20";"5";"93";"93010";"2";"1";"1";"3";"GALLIENI (AV.) DE 177 A 211";"48,90727965";"2,48967433"
"202400032441";"1";"10";"2024";"03:50";"3";"92";"92073";"2";"1";"2";"2";"JAURES (AVENUE JEAN)";"48,86352491";"2,20918447"
"202400032442";"4";"10";"2024";"09:01";"1";"92";"92040";"2";"1";"1";"7";"8 MAI 1945 (PLACE DU)";"48,82177110";"2,27042221"
"202400032443";"4";"10";"2024";"01:12";"5";"92";"92012";"2";"1";"1";"7";"JEAN JAURES (BOULEVARD) 1/61 - COTE IMPA";"48,83578000";"2,24228000"
"202400032444";"2";"10";"2024";"18:41";"1";"92";"92004";"2";"1";"1";"6";"GRESILLONS ( AVENUE DES  )";"48,91972234";"2,31391735"
"202400032445";"5";"10";"2024";"01:55";"3";"34";"34048";"1";"1";"1";"6";"D120e4";"43,79006800";"4,03365900"
"202400032446";"4";"10";"2024";"17:05";"1";"52";"52147";"1";"1";"1";"3";"Autoroute A.31, point kilométrique 105+900, sens DIJON / NANCY";"47,84134194";"5,23199039"
"202400032447";"5";"10";"2024";"10:20";"1";"91";"91363";"1";"1";"1";"2";"Route d?Orsay";"48,66547900";"2,19796300"
"202400032448";"5";"10";"2024";"05:00";"5";"91";"91425";"2";"1";"1";"6";"Rue de Montlhéry";"48,63928600";"2,25356500"
"202400032449";"5";"10";"2024";"02:00";"3";"42";"42271";"1";"1";"1";"6";"Route de la Barollière";"45,47331700";"4,56515700"
"202400032450";"4";"10";"2024";"18:50";"2";"77";"77228";"1";"1";"1";"1";"D222";"48,89203500";"3,30615500"
"202400032451";"29";"09";"2024";"21:50";"3";"59";"59384";"1";"1";"1";"7";"Rue du Faux";"50,13047600";"3,79473600"
"202400032452";"4";"10";"2024";"16:15";"1";"19";"19250";"1";"6";"1";"7";"Beausoleil";"45,48070497";"1,53022206"
"202400032453";"4";"10";"2024";"17:34";"1";"71";"71542";"2";"4";"1";"1";"334 Rue de Montagrin";"46,69161000";"4,15071300"
"202400032454";"5";"10";"2024";"05:28";"3";"71";"71412";"1";"1";"1";"6";"RD601 PK 4+207";"46,73058100";"4,43824100"
"202400032455";"3";"10";"2024";"10:15";"1";"47";"47143";"2";"1";"1";"1";"avenue du pont de bordes";"44,17255100";"0,29004300"
"202400032456";"29";"09";"2024";"05:40";"2";"29";"29041";"2";"6";"1";"6";"Rue de Pen Pave";"48,05789887";" -3,82738806"
"202400032457";"5";"10";"2024";"10:00";"1";"50";"50487";"1";"2";"1";"3";"Le Blanc Freche";"48,52942300";" -1,39479200"
"202400032458";"22";"09";"2024";"16:10";"1";"83";"83013";"1";"1";"1";"7";"D21";"43,75675900";"6,63490500"
"202400032459";"5";"10";"2024";"09:00";"1";"60";"60150";"1";"4";"5";"7";"D165";"49,54945660";"2,98688447"
"202400032460";"4";"10";"2024";"17:30";"1";"18";"18108";"2";"1";"1";"3";"22 Rue de la Libération";"46,95119800";"2,94102300"
"202400032461";"4";"10";"2024";"22:45";"3";"24";"24340";"1";"2";"1";"3";"D34";"44,86809700";"0,40050700"
"202400032462";"4";"10";"2024";"18:00";"1";"17";"17397";"1";"2";"1";"1";"Route de Saint Hilaire";"45,86470200";" -0,65862200"
"202400032463";"5";"10";"2024";"01:45";"3";"23";"23040";"1";"1";"5";"6";"la Spouze";"46,22071700";"2,19457300"
"202400032464";"4";"10";"2024";"17:26";"1";"87";"87119";"2";"1";"1";"3";"Avenue de Toulouse";"45,68836300";"1,36383400"
"202400032465";"4";"10";"2024";"07:53";"2";"88";"88075";"1";"1";"8";"6";"Route de Vologne";"48,02529500";"6,95959200"
"202400032466";"2";"10";"2024";"18:45";"5";"987";"98738";"1";"9";"1";"3";"RT 1 PK 11.200";" -17,61800000";" -149,54900000"
"202400032467";"23";"09";"2024";"08:00";"1";"987";"98738";"1";"1";"1";"3";"PK 13.500 RT 01";" -17,61800000";" -149,54900000"
"202400032468";"4";"10";"2024";"19:15";"1";"33";"33321";"1";"1";"1";"1";"N/A";"45,03161000";" -0,44052100"
"202400032469";"3";"10";"2024";"22:30";"3";"89";"89208";"1";"1";"1";"2";"a6, PK 194.700 sens Lyon-Paris";"47,62521500";"3,90755700"
"202400032470";"5";"10";"2024";"00:10";"3";"51";"51282";"1";"1";"1";"6";"A4";"49,24253200";"3,88794500"
"202400032471";"4";"10";"2024";"20:24";"5";"83";"83023";"2";"1";"1";"3";"1160 Boulevard Bernard Long";"43,39955000";"6,04864200"
"202400032472";"4";"10";"2024";"15:00";"1";"50";"50099";"1";"1";"1";"1";"D971";"49,31829700";" -1,24643300"
"202400032473";"4";"10";"2024";"20:49";"3";"13";"13211";"1";"1";"1";"4";"A50-Sens Marseille vers Aubagne";"43,28694543";"5,43567763"
"202400032474";"4";"10";"2024";"19:17";"2";"91";"91161";"1";"1";"1";"4";"AUTOROUTE A126";"48,71078000";"2,29903000"
"202400032475";"4";"10";"2024";"01:02";"3";"91";"91521";"1";"1";"1";"1";"AUTOROUTE A6";"48,63792367";"2,39704728"
"202400032476";"3";"10";"2024";"23:00";"3";"78";"78640";"1";"1";"1";"3";"A86 INT";"48,77792900";"2,21703700"
"202400032477";"3";"10";"2024";"18:35";"5";"92";"92050";"1";"1";"1";"2";"A14";"48,89956451";"2,21198236"
"202400032478";"3";"10";"2024";"12:45";"1";"92";"92012";"1";"1";"1";"6";"A13";"48,84854462";"2,22835052"
"202400032479";"1";"10";"2024";"18:20";"1";"93";"93066";"1";"1";"1";"2";"AUTOROUTE A1";"48,90396482";"2,35877771"
"202400032480";"4";"10";"2024";"00:05";"3";"93";"93064";"1";"1";"1";"2";"AUTOROUTE A86";"48,87743609";"2,47718096"
"202400032481";"3";"10";"2024";"17:15";"1";"95";"95018";"1";"1";"1";"2";"A15";"48,96033640";"2,27113018"
"202400032482";"3";"10";"2024";"14:20";"1";"95";"95500";"1";"9";"1";"5";"A15";"49,03685745";"2,09294147"
"202400032483";"2";"10";"2024";"18:30";"1";"93";"93005";"1";"1";"1";"3";"AUTOROUTE A3";"48,93141176";"2,48117112"
"202400032484";"3";"10";"2024";"07:35";"2";"95";"95572";"1";"1";"1";"3";"N184";"49,04851178";"2,13475699"
"202400032485";"2";"10";"2024";"16:45";"1";"95";"95572";"1";"1";"1";"2";"N184";"49,04262927";"2,12877913"
"202400032486";"3";"10";"2024";"10:45";"1";"974";"97411";"1";"6";"1";"3";"MACE (BOULEVARD GABRIEL)";" -20,87670000";"55,44191000"
"202400032487";"3";"10";"2024";"10:00";"1";"973";"97302";"2";"1";"1";"3";"BADUEL (ROUTE DE)";"4,93682000";" -52,31478000"
"202400032488";"3";"10";"2024";"06:45";"1";"973";"97302";"2";"1";"1";"5";"MONTABO (ROUTE DE) 1";"4,93665000";" -52,29696000"
"202400032489";"2";"10";"2024";"14:35";"1";"973";"97302";"1";"1";"1";"3";"ROUTE NATIONALE 1";"4,90306850";" -52,32430995"
"202400032490";"3";"10";"2024";"17:00";"1";"69";"69387";"2";"1";"1";"1";"Boulevard Yves Farge";"45,74240000";"4,83353000"
"202400032491";"23";"06";"2024";"04:30";"3";"55";"55570";"1";"1";"1";"6";"D901";"48,85672100";"5,33867400"
"202400032492";"22";"06";"2024";"06:30";"1";"49";"49125";"1";"1";"1";"7";"D960";"47,18230719";" -0,32002489"
"202400032493";"23";"06";"2024";"10:30";"1";"12";"12090";"1";"1";"1";"7";"Chemin du bois de l'Ours";"44,33479200";"2,49651400"
"202400032494";"7";"06";"2024";"13:30";"1";"41";"41224";"1";"1";"1";"7";"D106";"47,98273000";"0,94837500"
"202400032495";"19";"06";"2024";"15:10";"1";"34";"34114";"2";"1";"1";"6";"boulevard Saint Louis";"43,65320200";"3,55096600"
"202400032496";"23";"06";"2024";"04:00";"4";"68";"68186";"2";"1";"1";"6";"parking rue des tuileries";"47,47185400";"7,30324700"
"202400032497";"22";"06";"2024";"16:00";"1";"44";"44072";"1";"1";"1";"3";"N/A";"47,41096800";" -2,35064200"
"202400032498";"22";"06";"2024";"15:00";"1";"44";"44007";"1";"1";"1";"6";"rue de redon";"47,64901200";" -1,99569200"
"202400032499";"22";"06";"2024";"14:30";"1";"29";"29047";"2";"3";"1";"1";"rue de Landouzen";"48,53557500";" -4,37301900"
"202400032500";"22";"06";"2024";"14:58";"1";"29";"29170";"2";"1";"1";"3";"Kerrun Nevez";"47,95884300";" -4,16155500"
"202400032501";"22";"06";"2024";"16:20";"1";"02";"02770";"1";"3";"1";"5";"N/A";"49,35291700";"3,28055600"
"202400032502";"23";"06";"2024";"13:25";"1";"84";"84123";"1";"1";"1";"6";"CD 164 route du mont ventoux";"44,11579100";"5,38773700"
"202400032503";"22";"06";"2024";"09:00";"1";"01";"01304";"2";"2";"8";"6";"intersection D1075/D984";"46,04911000";"5,33576700"
"202400032504";"23";"06";"2024";"18:30";"1";"01";"01216";"1";"1";"1";"6";"D19";"45,74038500";"5,51331100"
"202400032505";"22";"06";"2024";"20:45";"1";"01";"01227";"1";"1";"2";"6";"D992";"45,76110000";"5,71514600"
"202400032506";"23";"06";"2024";"12:45";"1";"45";"45118";"1";"1";"1";"3";"Rue de Montigny";"48,08646500";"2,07010700"
"202400032507";"23";"06";"2024";"00:01";"5";"45";"45030";"2";"1";"2";"6";"D9 PR 29 + 18";"48,06212400";"2,41627900"
"202400032508";"21";"06";"2024";"16:45";"1";"64";"64313";"1";"3";"1";"1";"RD8";"43,27626800";" -1,10747300"
"202400032509";"22";"06";"2024";"00:35";"3";"24";"24587";"1";"1";"1";"6";"D46";"44,84783700";"1,21426800"
"202400032510";"23";"06";"2024";"05:00";"3";"85";"85200";"1";"1";"1";"6";"RD45";"46,52061100";" -1,50500900"
"202400032511";"22";"06";"2024";"07:15";"2";"85";"85022";"1";"1";"2";"7";"la sarazinière";"46,46120100";" -1,45578800"
"202400032512";"23";"06";"2024";"01:50";"3";"85";"85051";"2";"6";"1";"7";"RD949B";"46,68449000";" -1,03601700"
"202400032513";"22";"06";"2024";"15:55";"1";"27";"27425";"2";"1";"1";"1";"Rue des Etangs";"49,15146100";"0,72034500"
"202400032514";"23";"06";"2024";"10:40";"1";"87";"87105";"1";"1";"1";"6";"D15 - MOULIN NEUF - PK16.500 vers CHATEAUNEUF-LA-FORET";"45,72367100";"1,60846400"
"202400032515";"21";"06";"2024";"10:30";"1";"30";"30065";"1";"2";"1";"3";"N/A";"43,98688600";"4,06011300"
"202400032516";"23";"06";"2024";"06:45";"2";"30";"30274";"2";"1";"1";"7";"Montee des Rosiers";"44,17778400";"4,11828000"
"202400032517";"18";"05";"2024";"07:10";"2";"31";"31555";"1";"1";"2";"6";"A62";"43,64902400";"1,43425400"
"202400032518";"22";"06";"2024";"21:05";"1";"04";"04242";"1";"1";"1";"6";"A51";"43,85623900";"5,86107700"
"202400032519";"23";"06";"2024";"17:20";"1";"38";"38062";"1";"1";"1";"7";"A41";"45,39905600";"5,99263600"
"202400032520";"23";"06";"2024";"12:30";"1";"69";"69027";"2";"3";"1";"3";"Rue Paul Bovier-Lapierre";"45,67048900";"4,76105000"
"202400032521";"22";"06";"2024";"17:50";"1";"971";"97128";"1";"1";"1";"1";"ROUTE DE BOISVIN A BRAGELONE - SURGY";"16,25991100";" -61,34265100"
"202400032522";"16";"06";"2024";"12:34";"1";"971";"97111";"1";"1";"1";"3";"La Coque";"16,28191500";" -61,80357800"
"202400032523";"22";"06";"2024";"18:10";"1";"77";"77315";"2";"3";"1";"3";"Avenue du Marechal Foch";"48,88972200";"2,82792300"
"202400032524";"23";"06";"2024";"12:45";"1";"91";"91482";"1";"9";"1";"3";"route départementale 24";"48,64822200";"2,04316200"
"202400032525";"22";"06";"2024";"02:30";"3";100;100148";"1";"1";"1";"2";"T11";"42,52852700";"9,45501200"
"202400032526";"18";"06";"2024";"17:00";"1";"34";"34299";"1";"1";"7";"2";"D37e11";"43,27387000";"3,32499000"
"202400032527";"22";"06";"2024";"15:45";"1";"73";"73187";"1";"1";"1";"2";"D213";"45,45864200";"6,39759400"
"202400032528";"22";"06";"2024";"16:15";"1";"38";"38565";"2";"1";"1";"3";"Route de l?Isere";"45,29014700";"5,62436700"
"202400032529";"22";"06";"2024";"14:40";"1";"01";"01301";"2";"3";"1";"3";"Route de Bourg-en-bresse";"46,24809000";"5,13661300"
"202400032530";"22";"06";"2024";"10:45";"1";"17";"17452";"1";"2";"1";"5";"cd 25 intersection rue de la garde";"45,77550800";" -1,16441100"
"202400032531";"23";"06";"2024";"16:30";"1";"86";"86237";"2";"1";"1";"6";"22 Rue Norbert Portejoie";"46,14932400";"0,28335900"
"202400032532";"23";"06";"2024";"08:00";"1";"53";"53099";"2";"3";"1";"7";"Route de Bazougers";"48,03316900";" -0,70438000"
"202400032533";"22";"06";"2024";"15:20";"1";"50";"50025";"2";"6";"1";"3";"Rue du Chaussay";"48,67145700";" -1,32589000"
"202400032534";"23";"06";"2024";"18:00";"1";"29";"29001";"1";"1";"2";"3";"D887";"48,22423607";" -4,30473461"
"202400032535";"23";"06";"2024";"01:30";"3";"59";"59289";"1";"1";"1";"2";"Route de Valenciennes";"50,22326800";"3,50257900"
"202400032536";"21";"06";"2024";"18:00";"1";"13";"13001";"1";"1";"1";"3";"A51-Sens Marseille vers Aix en Provence";"43,52389000";"5,42696000"
"202400032537";"22";"06";"2024";"06:10";"1";"13";"13026";"1";"1";"1";"2";"A55-Sens Marseille vers Martigues";"43,37614702";"5,17429736"
"202400032538";"22";"06";"2024";"01:00";"3";"13";"13043";"1";"1";"1";"2";"A55-Sens Martigues vers Marseille";"43,39125000";"5,26537000"
"202400032539";"22";"06";"2024";"07:45";"1";"33";"33013";"1";"1";"2";"1";"N/A";"44,86819700";" -0,50426600"
"202400032540";"22";"06";"2024";"15:10";"1";"91";"91174";"1";"1";"1";"2";"RN 104";"48,61036000";"2,44431000"
"202400032541";"21";"06";"2024";"14:33";"1";"78";"78466";"1";"1";"1";"3";"A14";"48,92551400";"1,99777800"
"202400032542";"21";"06";"2024";"19:45";"1";"78";"78217";"1";"1";"1";"2";"A13";"48,96511700";"1,81888100"
"202400032543";"21";"06";"2024";"16:55";"1";"93";"93010";"1";"1";"8";"2";"A3";"48,90632258";"2,47239637"
"202400032544";"22";"04";"2024";"13:50";"1";"45";"45232";"2";"1";"1";"2";"1444 Rue du Général de Gaulle";"47,86698000";"1,88240000"
"202400032545";"21";"06";"2024";"08:10";"1";"974";"97411";"2";"9";"1";"7";"JAURES (BOULEVARD JEAN)";" -20,89003000";"55,46320000"
"202400032546";"20";"06";"2024";"14:20";"1";"974";"97407";"2";"9";"1";"3";"ROMERO(AVENUE)";" -20,94000000";"55,29000000"
"202400032547";"21";"06";"2024";"12:26";"1";"973";"97302";"1";"1";"8";"7";"ROUTE NATIONALE 3";"4,90379000";" -52,31641000"
"202400032548";"20";"06";"2024";"21:40";"5";"973";"97302";"2";"2";"2";"3";"LUBIN (SAMUEL)";"4,94266000";" -52,32417000"
"202400032549";"21";"06";"2024";"08:30";"1";"69";"69383";"2";"2";"3";"3";"Cours Lafayette";"45,76355000";"4,84601000"
"202400032550";"21";"06";"2024";"19:15";"1";"69";"69381";"2";"1";"1";"2";"Rue de la Martinière";"45,76822267";"4,82928566"
"202400032551";"21";"06";"2024";"20:00";"1";"69";"69389";"2";"1";"8";"2";"90 Rue de Saint-Cyr";"45,78599000";"4,80805000"
"202400032552";"20";"06";"2024";"20:55";"2";100;100120";"1";"1";"1";"4";"LAGUNE (Route de la) D107";"42,64864000";"9,45319000"