"Num_Acc";"jour";"mois";"an";"hrmn";"lum";"dep";"com";"agg";"int";"atm";"col";"adr";"lat";"long"
"202400032553";"21";"06";"2024";"07:20";"1";"971";"97105";"2";"2";"1";"3";"COURS NOLIVOS ( RUE DU)";"15,99656619";" -61,73165470"
"202400032554";"21";"06";"2024";"10:27";"1";"91";"91339";"2";"3";"3";"4";"RTE D ORLEANS";"48,63524000";"2,26609000"
"202400032555";"21";"06";"2024";"18:25";"1";"91";"91191";"2";"1";"1";"3";"REMONTERU (RUE)";"48,72054000";"2,45804000"
"202400032556";"21";"06";"2024";"13:00";"1";"91";"91421";"1";"9";"2";"2";"NATIONALE 6 (REVEIL MATIN)";"48,71183000";"2,44211000"
"202400032557";"21";"06";"2024";"22:30";"2";"91";"91027";"2";"6";"1";"6";"AV MARCEL SEMBAT";"48,70870000";"2,38300000"
"202400032558";"21";"06";"2024";"12:40";"1";"91";"91174";"2";"1";"3";"2";"BD JEAN JAURES";"48,61131000";"2,46103000"
"202400032559";"21";"06";"2024";"22:05";"5";"89";"89387";"2";"9";"8";"6";"BARBIER (ROND POINT)";"48,20529000";"3,27754000"
"202400032560";"9";"11";"2024";"15:50";"1";"94";"94017";"2";"1";"1";"6";"Voie Sonia Delaunay";"48,81262946";"2,53186208"
"202400032561";"20";"06";"2024";"12:25";"1";"87";"87085";"2";"1";"1";"6";"CHENIEUX (RUE FRANCOIS)";"45,83694000";"1,25740000"
"202400032562";"9";"11";"2024";"02:45";"5";"77";"77291";"2";"1";"2";"7";"CHAPIT RE ( RUE DU)";"49,00498392";"2,59222984"
"202400032563";"9";"11";"2024";"01:20";"3";"93";"93013";"2";"6";"1";"6";"LINDBERGH (CARREFOUR)";"48,94320427";"2,43275428"
"202400032564";"21";"06";"2024";"18:36";"1";"84";"84035";"2";"3";"1";"6";"DIX NEUF MARS 1962 (RUE DU)";"43,84182000";"5,03995000"
"202400032565";"9";"11";"2024";"00:35";"5";"93";"93029";"2";"3";"1";"1";"VICTOR HUGO";"48,93630000";"2,45125000"
"202400032566";"22";"06";"2024";"01:10";"5";"83";"83126";"2";"2";"1";"1";"MERLE (BD TOUSSAINT)";"43,10125092";"5,88411570"
"202400032567";"9";"11";"2024";"19:40";"5";"93";"93057";"2";"1";"1";"6";"LECLERC (AV. DU GENERAL)";"48,91048000";"2,49756000"
"202400032568";"22";"06";"2024";"01:50";"3";"82";"82033";"1";"1";"1";"3";"Route de Toulouse";"44,02244000";"1,15377000"
"202400032569";"9";"11";"2024";"00:48";"5";"92";"92063";"2";"1";"1";"7";"DOUMER (AVENUE PAUL) EST";"48,87878187";"2,17774630"
"202400032570";"21";"06";"2024";"10:00";"1";"80";"80021";"2";"1";"1";"3";"Rue Jean Moulin";"49,88180000";"2,27887000"
"202400032571";"8";"11";"2024";"21:40";"5";"92";"92036";"2";"1";"1";"1";"GRESILLONS (QUAI DES)";"48,92042426";"2,32387573"
"202400032572";"21";"06";"2024";"12:15";"1";"78";"78551";"2";"1";"2";"6";"CROIX DE FER (DE LA)";"48,89854700";"2,06237200"
"202400032573";"9";"11";"2024";"19:05";"3";"92";"92025";"2";"1";"1";"6";"PAUL BERT (RUE)";"48,92999576";"2,24579807"
"202400032574";"21";"06";"2024";"11:20";"1";"78";"78029";"2";"1";"2";"6";"BERTIN (BOULEVARD)";"48,97403400";"1,84442400"
"202400032575";"21";"06";"2024";"11:35";"1";"78";"78138";"2";"1";"2";"6";"LEGRAND (RUE EDOUARD)";"48,97515000";"2,02959000"
"202400032576";"8";"11";"2024";"20:50";"5";"92";"92012";"2";"2";"1";"1";"JEAN JAURES (BOULEVARD) 1/61 - COTE IMPA";"48,84199245";"2,23878667"
"202400032577";"21";"06";"2024";"14:00";"1";"77";"77407";"1";"1";"2";"3";"D607";"48,54484900";"2,51302500"
"202400032578";"21";"06";"2024";"04:20";"3";"77";"77276";"1";"1";"2";"6";"A 140";"48,91413000";"2,87969000"
"202400032579";"9";"11";"2024";"15:20";"1";"92";"92004";"2";"2";"1";"3";"ARGENTEUIL AV D'";"48,91719055";"2,28190647"
"202400032580";"20";"06";"2024";"12:45";"1";"76";"76447";"2";"1";"1";"7";"Avenue Maréchal Foch";"49,53314400";"0,18904200"
"202400032581";"5";"11";"2024";"16:30";"1";"92";"92004";"2";"2";"1";"3";"LAURENT-CELY  ( AVENUE )";"48,91552251";"2,30954379"
"202400032582";"20";"06";"2024";"14:15";"1";"76";"76351";"2";"1";"1";"6";"HOTEL DE VILLE (PLACE DE)";"49,49426000";"0,10935000"
"202400032583";"20";"06";"2024";"15:40";"1";"76";"76351";"2";"1";"1";"3";"DEMIDOFF (RUE)";"49,49729500";"0,12992200"
"202400032584";"9";"11";"2024";"20:25";"5";"59";"59594";"2";"1";"5";"2";"39 Rue Alphonse Dussart";"50,49119400";"3,45111600"
"202400032585";"7";"06";"2024";"16:20";"1";"73";"73011";"2";"4";"1";"3";"VILLARD (CHEMIN DU)";"45,67461945";"6,37300104"
"202400032586";"8";"11";"2024";"19:20";"3";"76";"76556";"1";"1";"5";"1";"770 Route des Côtières";"49,54318300";"0,46814200"
"202400032587";"21";"06";"2024";"08:30";"1";"72";"72181";"2";"1";"2";"6";"GASTELIER (RUE)";"47,99646000";"0,19450000"
"202400032588";"8";"11";"2024";"18:30";"4";"86";"86092";"2";"1";"1";"6";"Place de la Promenade";"46,93687000";"0,60595900"
"202400032589";"20";"06";"2024";"18:55";"1";"72";"72181";"2";"1";"1";"2";"MAC JEAN (AV) N° PAIRS 106 A 216";"47,97900000";"0,22500000"
"202400032590";"10";"11";"2024";"03:55";"3";"41";"41194";"1";"1";"8";"1";"Route de Langon";"47,32907600";"1,77553700"
"202400032591";"6";"11";"2024";"16:30";"1";"06";"06161";"2";"1";"1";"6";"2575 Boulevard Nationale 7";"43,62700500";"7,13250700"
"202400032592";"20";"06";"2024";"07:37";"1";"72";"72181";"2";"6";"1";"3";"WILBUR WRIGHT (RUE)";"48,00776000";"0,19865000"
"202400032593";"10";"11";"2024";"13:30";"1";"86";"86070";"2";"1";"1";"7";"Rue d'Artiges";"46,57371400";"0,62837400"
"202400032594";"9";"11";"2024";"14:15";"1";"41";"41123";"1";"9";"1";"3";"D917";"47,81818300";"1,40330200"
"202400032595";"21";"06";"2024";"23:00";"5";"71";"71270";"2";"3";"1";"1";"BIGONNET (RUE)";"46,30044195";"4,82429489"
"202400032596";"10";"11";"2024";"07:30";"1";"83";"83057";"1";"1";"1";"6";"Dn7";"43,38271900";"6,18147300"
"202400032597";"10";"11";"2024";"00:05";"3";"19";"19217";"1";"1";"2";"6";"route de saint-julien";"45,03639800";"1,71989700"
"202400032598";"21";"06";"2024";"17:50";"1";"71";"71076";"2";"3";"1";"3";"BOUCICAUT (AVENUE)";"46,78954000";"4,83403000"
"202400032599";"9";"11";"2024";"16:19";"1";"56";"56185";"1";"3";"1";"3";"Rue des Daphnees";"47,78424700";" -3,44899400"
"202400032600";"21";"06";"2024";"18:00";"1";"69";"69266";"2";"1";"1";"4";"Rue Yvonne Chanu";"45,75364162";"4,90864505"
"202400032601";"8";"11";"2024";"23:45";"3";"56";"56179";"2";"1";"1";"6";"Rue du Général de Gaulle";"47,83394400";" -3,41084700"
"202400032602";"21";"06";"2024";"13:10";"1";"69";"69290";"2";"1";"2";"2";"Route de Grenoble";"45,71524000";"4,96290000"
"202400032603";"10";"11";"2024";"13:30";"1";"79";"79157";"1";"1";"1";"7";"N/A";"47,00659100";" -0,20341700"
"202400032604";"21";"06";"2024";"16:15";"1";"64";"64348";"2";"1";"1";"2";"CHARLES DE GAULLE";"43,30800000";" -0,40700000"
"202400032605";"9";"11";"2024";"09:30";"1";"69";"69018";"2";"3";"1";"6";"Rue de la République";"46,15599000";"4,58466000"
"202400032606";"22";"06";"2024";"02:40";"5";"64";"64024";"2";"6";"1";"7";"BAHINOS (ROND POINT DE)";"43,49420000";" -1,51817000"
"202400032607";"10";"11";"2024";"11:00";"1";"63";"63453";"2";"3";"1";"3";"D4";"45,76916900";"3,28072200"
"202400032608";"20";"06";"2024";"20:15";"1";"64";"64102";"2";"1";"2";"7";"BARTHES (CHEMIN DES)";"43,49884000";" -1,49342000"
"202400032609";"10";"11";"2024";"05:15";"3";"76";"76255";"1";"1";"1";"6";"D258";"50,06813929";"1,44359350"
"202400032610";"21";"06";"2024";"09:55";"1";"63";"63300";"1";"1";"2";"7";"RD 2009";"45,89634657";"3,14003259"
"202400032611";"10";"11";"2024";"13:25";"1";"61";"61145";"1";"1";"1";"7";"D976";"48,57974800";" -0,61850800"
"202400032612";"8";"11";"2024";"20:00";"3";"61";"61275";"1";"1";"5";"6";"D50 PR11+920";"48,69288600";"0,27355800"
"202400032613";"21";"06";"2024";"19:30";"1";"61";"61001";"2";"2";"1";"3";"Voie Communale";"48,42781300";"0,07209800"
"202400032614";"9";"11";"2024";"11:20";"1";"61";"61194";"1";"1";"5";"2";"D15 PR10+330";"48,77130800";" -0,14473100"
"202400032615";"21";"06";"2024";"09:50";"1";"60";"60159";"2";"1";"3";"3";"Avenue Marcelin Berthelot";"49,38963000";"2,78734000"
"202400032616";"9";"11";"2024";"08:25";"1";"61";"61153";"1";"1";"5";"6";"D924";"48,72325900";" -0,05815500"
"202400032617";"20";"06";"2024";"16:15";"2";"59";"59636";"2";"1";"1";"6";"BONDUES RUE DE";"50,69714000";"3,06329000"
"202400032618";"10";"11";"2024";"14:46";"1";"55";"55498";"1";"1";"5";"6";"D21";"49,02652900";"5,29444500"
"202400032619";"20";"06";"2024";"10:30";"1";"59";"59350";"2";"1";"1";"2";"Boulevard Montebello";"50,62261000";"3,04438000"
"202400032620";"8";"11";"2024";"20:00";"3";"49";"49261";"1";"1";"8";"5";"D69";"47,30673500";" -0,24654900"
"202400032621";"9";"11";"2024";"19:30";"3";"12";"12145";"1";"1";"1";"6";"D809 - PR 53+300";"44,09050900";"3,12477400"
"202400032622";"16";"06";"2024";"22:50";"5";"59";"59009";"2";"4";"1";"3";"BLASON RUE DU";"50,62403100";"3,12337800"
"202400032623";"10";"11";"2024";"15:20";"1";"42";"42276";"1";"1";"1";"6";"Route de Noiretable";"45,92588600";"3,78320200"
"202400032624";"20";"06";"2024";"14:05";"1";"56";"56121";"2";"6";"1";"1";"Rond-point du Nouveau-Brunswick";"47,74446000";" -3,39540000"
"202400032625";"10";"11";"2024";"07:00";"2";"42";"42097";"1";"4";"1";"6";"Allée du Haut Rollet";"45,51880100";"4,28396000"
"202400032626";"10";"11";"2024";"06:50";"3";"35";"35354";"1";"1";"1";"6";"D91";"48,49045200";" -1,54276400"
"202400032627";"21";"06";"2024";"15:35";"1";"51";"51454";"2";"1";"8";"4";"ROEDERER (BOULEVARD LOUIS)";"49,25530600";"4,02116500"
"202400032628";"9";"11";"2024";"21:20";"5";"02";"02422";"2";"1";"1";"7";"N/A";"49,93044300";"3,62308000"
"202400032629";"10";"11";"2024";"16:00";"1";"01";"01068";"2";"3";"1";"6";"Rue des Terreaux";"46,07998100";"5,46399800"
"202400032630";"21";"06";"2024";"15:50";"1";"51";"51454";"2";"1";"2";"7";"REPUBLIQUE (PLACE DE LA)";"49,26128000";"4,02921000"
"202400032631";"9";"11";"2024";"22:00";"5";"01";"01304";"2";"1";"1";"5";"Rue Antoine de Saint Exupery";"46,05298600";"5,33506900"
"202400032632";"19";"06";"2024";"19:50";"1";"51";"51230";"2";"1";"1";"6";"MIDDELKERKE (AVENUE)";"49,03698000";"3,97071000"
"202400032633";"9";"11";"2024";"19:40";"3";"14";"14571";"2";"4";"9";"6";"325 Chemin de la Croix Rocher";"49,09415600";"0,31004700"
"202400032634";"21";"06";"2024";"06:00";"2";"49";"49007";"2";"6";"1";"3";"GATS";"47,47428000";" -0,51580000"
"202400032635";"9";"11";"2024";"23:54";"4";"14";"14287";"2";"1";"2";"6";"5 Rue Albert 1er";"49,13749800";" -0,25076000"
"202400032636";"9";"11";"2024";"20:35";"5";"50";"50484";"2";"1";"1";"6";"39 Rue de la Richardière";"48,57239200";" -1,09443000"
"202400032637";"21";"06";"2024";"22:10";"4";"44";"44184";"2";"6";"8";"3";"Boulevard du Docteur René Laënnec";"47,26650000";" -2,24039000"
"202400032638";"10";"11";"2024";"15:40";"1";"50";"50379";"1";"1";"8";"7";"Besné";"48,74983700";" -1,19369000"
"202400032639";"21";"06";"2024";"13:50";"1";"38";"38185";"2";"9";"2";"3";"AVENUE MALHERBE";"45,17005000";"5,73736000"
"202400032640";"10";"11";"2024";"12:00";"1";"09";"09189";"1";"1";"2";"1";"ROUTE NATIONALE 20";"42,62164400";"1,82225000"
"202400032641";"20";"06";"2024";"18:45";"1";"37";"37261";"2";"6";"2";"3";"GANCE (BOULEVARD ABEL)";"47,43003000";"0,70531000"
"202400032642";"9";"11";"2024";"01:00";"3";"73";"73124";"1";"1";"1";"6";"chemin du marais";"45,65412800";"6,35584800"
"202400032643";"21";"06";"2024";"09:30";"1";"34";"34108";"1";"1";"1";"2";"BALARUC (ROUTE DE)";"43,44827000";"3,73780000"
"202400032644";"10";"11";"2024";"14:21";"1";"73";"73300";"2";"1";"1";"6";"D1201 - Boulevard jean charcot";"45,68895100";"5,89572000"
"202400032645";"21";"06";"2024";"07:35";"1";"34";"34172";"2";"1";"1";"6";"GARRATS (AVENUE DES)";"43,61152000";"3,83895000"
"202400032646";"8";"11";"2024";"23:10";"3";"53";"53147";"2";"3";"1";"3";"Boulevard Anatole France";"48,29566328";" -0,61579479"
"202400032647";"21";"06";"2024";"18:55";"1";"33";"33318";"2";"1";"1";"6";"N/A";"44,80987000";" -0,62955000"
"202400032648";"21";"06";"2024";"20:00";"1";"33";"33318";"2";"2";"1";"3";"N/A";"44,79073000";" -0,67308000"
"202400032649";"21";"06";"2024";"18:55";"1";"33";"33162";"2";"3";"1";"3";"N/A";"44,88749000";" -0,64273000"
"202400032650";"9";"11";"2024";"12:50";"1";"17";"17459";"1";"2";"1";"4";"D939";"45,90890900";" -0,42495800"
"202400032651";"9";"11";"2024";"05:45";"3";"37";"37250";"1";"1";"1";"6";"L?Ocliniere";"47,20030500";"0,66454900"
"202400032652";"11";"06";"2024";"21:45";"2";"30";"30189";"2";"1";"1";"3";"JAURES JEAN (BOULEVARD)";"43,82597000";"4,35341000"
"202400032653";"8";"11";"2024";"23:24";"4";"37";"37214";"1";"1";"1";"6";"m37";"47,42503900";"0,63550100"
"202400032654";"21";"06";"2024";"20:40";"1";"28";"28134";"2";"9";"1";"7";"POTEZ (RUE HENRY)";"48,74814000";"1,34603000"
"202400032655";"10";"11";"2024";"05:20";"5";"52";"52423";"2";"1";"5";"6";"Rue de la Gare";"48,26388700";"5,33206100"
"202400032656";"21";"06";"2024";"11:50";"1";"27";"27681";"1";"1";"1";"1";"QUEUE D'HAYE (RUE DE LA )";"49,12556000";"1,53235000"
"202400032657";"9";"11";"2024";"18:40";"5";"38";"38193";"2";"6";"1";"2";"Rue des Sayes";"45,61286300";"5,23014700"
"202400032658";"21";"06";"2024";"13:00";"1";"27";"27701";"2";"2";"1";"3";"FALAISES (RUE DES)";"49,26486000";"1,20076000"
"202400032659";"19";"06";"2024";"18:00";"1";"27";"27229";"2";"1";"1";"6";"CHATEAUBRIAND (RUE)";"49,00820000";"1,16022000"
"202400032660";"9";"11";"2024";"20:35";"3";"973";"97309";"1";"1";"1";"1";"D23";"4,89406500";" -52,29097300"
"202400032661";"21";"06";"2024";"12:10";"1";"26";"26281";"1";"6";"1";"3";"Bd Etienne-Jean Lapassat";"45,05578000";"5,07171000"
"202400032662";"18";"06";"2024";"08:59";"1";"22";"22113";"2";"1";"2";"7";"MENDES FRANCE (BOULEVARD)";"48,72950000";" -3,47492000"
"202400032663";"9";"11";"2024";"20:00";"3";"06";"06029";"1";"1";"2";"5";"autoroute A8 PK 160.700 NORD";"43,56139300";"6,96936600"
"202400032664";"18";"06";"2024";"08:42";"1";"18";"18033";"1";"9";"8";"7";"N/A";"47,05767000";"2,33932000"
"202400032665";"21";"06";"2024";"18:15";"1";"13";"13212";"2";"1";"1";"3";"ENCO DE BOTTE (RTE)";"43,31284500";"5,46475000"
"202400032666";"10";"11";"2024";"00:30";"3";"21";"21390";"1";"1";"5";"5";"A311";"47,26587800";"5,03467800"
"202400032667";"20";"06";"2024";"23:24";"5";"13";"13216";"2";"1";"1";"6";"JEAN LABRO (BOULEVARD)";"43,35497000";"5,34126000"
"202400032668";"10";"11";"2024";"03:15";"5";"27";"27332";"1";"9";"1";"6";"Autoroute A13, Péage Heudebouville, PK090.000";"49,19150500";"1,23259000"
"202400032669";"20";"06";"2024";"23:24";"3";"13";"13215";"2";"2";"1";"3";"SAINT LOUIS (AVENUE DE)";"43,34767000";"5,35906000"
"202400032670";"21";"06";"2024";"15:35";"1";"11";"11262";"2";"6";"1";"3";"N/A";"43,19313700";"2,98023600"
"202400032671";"10";"11";"2024";"09:30";"1";"91";"91249";"1";"1";"2";"2";"A10 direction la province point kilométrique 011.700";"48,60460324";"2,07966438"
"202400032672";"9";"11";"2024";"14:15";"1";"971";"97126";"1";"1";"1";"1";"Lieu Dit Vieux Fort";"15,98895500";" -61,30014900"
"202400032673";"21";"06";"2024";"21:38";"1";"10";"10387";"2";"2";"1";"6";"Boulevard Blanqui";"48,30505000";"4,05315000"
"202400032674";"10";"11";"2024";"15:10";"1";"66";"66088";"1";"1";"1";"1";"D21";"42,70130600";"2,61561500"
"202400032675";"21";"06";"2024";"19:20";"1";"06";"06029";"2";"2";"1";"7";"75 Boulevard de la Croisette";"43,54716700";"7,03169000"
"202400032676";"10";"11";"2024";"19:50";"3";"66";"66180";"2";"1";"1";"6";"impasse benjamin franklin";"42,76678800";"2,98135000"
"202400032677";"20";"06";"2024";"17:42";"1";"06";"06123";"2";"1";"1";"5";"Contre Allée du Commandant Jouhaud";"43,68000000";"7,18974000"
"202400032678";"9";"11";"2024";"10:55";"1";"34";"34023";"2";"1";"2";"6";"Rue du Mont Saint Clair";"43,43670100";"3,67562400"
"202400032679";"10";"11";"2024";"17:50";"3";"34";"34146";"2";"1";"1";"7";"Route de Lansargues";"43,66956000";"4,08895100"
"202400032680";"21";"06";"2024";"11:30";"1";"04";"04070";"2";"1";"1";"4";"NOEL (AV. DU COL.)";"44,08442000";"6,20705000"
"202400032681";"10";"11";"2024";"03:45";"3";"83";"83071";"1";"1";"1";"6";"Route Departementale No.559 A";"43,12629200";"6,20097800"
"202400032682";"20";"06";"2024";"23:40";"5";"75";"75104";"2";"3";"1";"6";"RUE DE RIVOLI";"48,85742000";"2,35191000"
"202400032683";"10";"11";"2024";"17:30";"5";"52";"52447";"2";"9";"1";"6";"4 Rue Saint Cyr";"47,88594700";"5,25258600"
"202400032684";"21";"06";"2024";"10:30";"1";"75";"75120";"2";"3";"2";"2";"RUE DE BELLEVILLE";"48,87337300";"2,38262600"
"202400032685";"10";"11";"2024";"16:45";"1";"42";"42214";"2";"1";"1";"1";"Route de Maringes";"45,66404100";"4,30719900"
"202400032686";"20";"06";"2024";"06:00";"2";"75";"75119";"2";"1";"1";"6";"AVENUE DE LA PORTE DU PRE SAINT GERVAIS";"48,87917600";"2,40176800"
"202400032687";"10";"11";"2024";"01:30";"3";"31";"31451";"1";"1";"2";"2";"D622 route de Castres, Couffinal";"43,46375300";"2,00760300"
"202400032688";"9";"11";"2024";"18:45";"3";"40";"40114";"1";"1";"1";"6";"Route de Laluque";"43,80906700";" -1,04136200"
"202400032689";"21";"06";"2024";"19:12";"1";"75";"75118";"2";"2";"1";"1";"IMPASSE DU GUE";"48,89710451";"2,35921204"
"202400032690";"9";"11";"2024";"18:15";"3";"76";"76116";"1";"1";"5";"7";"D13";"49,36365300";"1,20697200"
"202400032691";"20";"06";"2024";"13:20";"1";"75";"75114";"2";"1";"1";"6";"BOULEVARD JOURDAN";"48,82257600";"2,32888500"
"202400032692";"9";"11";"2024";"21:15";"5";"60";"60103";"2";"1";"1";"6";"Rue du Petit Chantilly";"49,41101500";"2,24124300"
"202400032693";"21";"06";"2024";"18:15";"1";"75";"75113";"2";"3";"1";"6";"RUE JEANNE D ARC";"48,83324800";"2,36375500"
"202400032694";"21";"06";"2024";"21:12";"2";"75";"75108";"2";"1";"1";"3";"PONT DES INVALIDES";"48,86423000";"2,31040000"
"202400032695";"10";"11";"2024";"09:30";"1";"59";"59044";"1";"1";"8";"1";"Rue de Tournai";"50,60791100";"3,26755300"
"202400032696";"21";"06";"2024";"12:40";"1";"75";"75108";"2";"3";"2";"6";"AVENUE DES CHAMPS ELYSEES";"48,87309600";"2,29739700"
"202400032697";"8";"11";"2024";"20:00";"3";"38";"38087";"1";"1";"1";"3";"A7";"45,58217000";"4,80151800"
"202400032698";"21";"06";"2024";"10:55";"1";"75";"75107";"2";"3";"2";"7";"RUE DE BABYLONE";"48,85168400";"2,32478700"
"202400032699";"9";"11";"2024";"18:30";"3";"92";"92002";"1";"1";"1";"4";"AUTOROUTE A10";"48,73429498";"2,31430650"
"202400032700";"21";"06";"2024";"01:15";"5";"75";"75107";"2";"1";"1";"3";"QUAI D ORSAY";"48,86285400";"2,31689000"
"202400032701";"9";"11";"2024";"17:00";"5";"94";"94034";"1";"1";"1";"2";"A86";"48,75858429";"2,32546118"
"202400032702";"21";"06";"2024";"14:10";"1";"75";"75103";"2";"3";"2";"7";"RUE BEAUBOURG";"48,86120200";"2,35348100"
"202400032703";"9";"11";"2024";"08:30";"1";"91";"91689";"1";"9";"5";"3";"AUTOROUTE A6B";"48,74900000";"2,32700000"
"202400032704";"21";"06";"2024";"19:05";"1";"94";"94081";"2";"1";"1";"5";"Avenue du President Salvador Allende";"48,79527373";"2,40552829"
"202400032705";"9";"11";"2024";"02:30";"4";"93";"93066";"1";"1";"1";"6";"AUTOROUTE A86";"48,92256319";"2,35502741"
"202400032706";"21";"06";"2024";"14:45";"1";"94";"94081";"2";"3";"1";"3";"Rue Waldeck Rousseau / Rue Pasteur";"48,80093409";"2,40563062"
"202400032707";"8";"11";"2024";"12:30";"1";"974";"97411";"2";"1";"1";"5";"TOPAZES(ALLEE DES)";" -20,90056000";"55,44315000"
"202400032708";"21";"06";"2024";"12:15";"1";"94";"94068";"2";"2";"2";"1";"Avenue Gambetta / Avenue Barbès";"48,79774000";"2,49161000"
"202400032709";"8";"11";"2024";"12:40";"1";"974";"97411";"2";"1";"1";"3";"CHAUDRON (BLD 2 DU)";" -20,88997000";"55,49077000"
"202400032710";"8";"11";"2024";"08:15";"1";"974";"97411";"2";"9";"1";"1";"JAURES (BOULEVARD JEAN)";" -20,89922000";"55,47900000"
"202400032711";"20";"06";"2024";"20:40";"1";"94";"94042";"2";"2";"1";"3";"Boulevard de l'Europe / Avenue du President Kennedy";"48,81491600";"2,46318100"
"202400032712";"7";"11";"2024";"15:30";"1";"974";"97409";"1";"1";"1";"3";"RN2 SENS STE SUZANNE ST BENOIT";" -20,95242000";"55,65603000"
"202400032713";"20";"06";"2024";"13:10";"1";"94";"94052";"2";"1";"1";"3";"Avenue Kléber";"48,83302900";"2,49402000"
"202400032714";"14";"12";"2024";"09:00";"1";"71";"71422";"1";"2";"5";"3";"D18";"46,69594400";"4,76143100"
"202400032715";"31";"10";"2024";"17:00";"2";"71";"71416";"2";"1";"2";"6";"417 Rue de Boye";"46,47025400";"4,77774900"
"202400032716";"8";"11";"2024";"14:00";"1";"974";"97407";"2";"3";"1";"3";"ROUTE DU SACRE COEUR";" -20,95688000";"55,31404000"
"202400032717";"21";"06";"2024";"15:20";"1";"94";"94046";"2";"2";"1";"3";"Avenue de la République / Avenue Léon Blum";"48,80276000";"2,43408000"
"202400032718";"14";"12";"2024";"11:45";"1";"34";"34332";"2";"4";"1";"6";"chemin des claux";"43,31005600";"3,41783000"
"202400032719";"8";"11";"2024";"17:00";"1";"973";"97302";"2";"6";"1";"6";"MANDELA  (BOULEVARD)";"4,93735764";" -52,32591963"
"202400032720";"21";"06";"2024";"07:10";"1";"94";"94065";"1";"2";"2";"3";"Rue des Claires / Quai de Lorient";"48,75554000";"2,35276000"
"202400032721";"15";"12";"2024";"23:45";"3";"68";"68135";"1";"6";"1";"1";"CD105";"47,58208400";"7,52087100"
"202400032722";"8";"11";"2024";"13:00";"1";"973";"97302";"2";"1";"1";"3";"JADFARD (RENE)";"4,93502000";" -52,32920000"
"202400032723";"14";"12";"2024";"21:36";"3";"44";"44153";"1";"1";"1";"7";"N/A";"47,69449800";" -1,44992200"
"202400032724";"8";"11";"2024";"07:45";"1";"973";"97302";"2";"1";"1";"7";"BADUEL (ROUTE DE)";"4,92790000";" -52,29209000"
"202400032725";"21";"06";"2024";"05:55";"1";"94";"94033";"2";"3";"8";"3";"Avenue de Lattre de Tassigny / Rue des Marais";"48,85762000";"2,49159000"
"202400032726";"13";"12";"2024";"17:23";"2";"44";"44163";"1";"1";"1";"6";"Route d'Ancenis";"47,38032100";" -1,11695800"
"202400032727";"8";"11";"2024";"04:50";"3";"973";"97302";"1";"6";"1";"7";"MARINGOUINS (ROND-POINT)";"4,90767106";" -52,32238412"
"202400032728";"14";"12";"2024";"11:55";"1";"29";"29026";"1";"1";"2";"6";"Route de Pleyben";"48,20613430";" -4,07389592"
"202400032729";"21";"06";"2024";"00:10";"5";"94";"94033";"2";"2";"1";"3";"Place des Larris / Rue Jean-pierre Timbaud";"48,85571000";"2,47640000"
"202400032730";"8";"11";"2024";"07:30";"2";"972";"97213";"1";"1";"2";"7";"ROUTE DEPARTEMENTALE 3";"14,59004000";" -61,02330000"
"202400032731";"16";"12";"2024";"06:52";"3";"29";"29069";"1";"1";"8";"7";"D105";"48,41026054";" -4,55407875"
"202400032732";"21";"06";"2024";"09:35";"1";"94";"94011";"2";"1";"2";"3";"Quai du Rancy";"48,77695852";"2,48876381"