"Num_Acc";"jour";"mois";"an";"hrmn";"lum";"dep";"com";"agg";"int";"atm";"col";"adr";"lat";"long"
"202400032733";"9";"11";"2024";"00:42";"5";100;100033";"2";"1";"8";"6";"11 - RT";"42,68545000";"1,40766500"
"202400032734";"12";"12";"2024";"03:45";"3";"29";"29173";"1";"6";"1";"6";"Rond-Point Laennec";"48,01441400";" -4,20461900"
"202400032735";"14";"12";"2024";"21:45";"3";"14";"14527";"1";"1";"2";"6";"420 Route de Paris";"49,13174421";" -0,04161447"
"202400032736";"20";"06";"2024";"14:00";"1";"94";"94028";"2";"1";"1";"4";"Rue du Général Leclerc";"48,78857000";"2,46712000"
"202400032737";"8";"11";"2024";"15:30";"1";"971";"97101";"2";"2";"1";"3";"DE MARIE GALANTE - RAIZET (RUE)";"16,25449663";" -61,53024763"
"202400032738";"15";"12";"2024";"23:48";"3";"14";"14136";"1";"1";"2";"6";"D514";"49,34528000";" -1,07605000"
"202400032739";"21";"06";"2024";"08:30";"1";"93";"93078";"2";"2";"3";"3";"LECLERC (AVENUE DU GENERAL)";"48,94871490";"2,56073445"
"202400032740";"16";"12";"2024";"15:10";"1";"90";"90015";"2";"3";"1";"1";"16 Route de Montbéliard";"47,59606995";"6,85999095"
"202400032741";"8";"11";"2024";"21:52";"3";"91";"91339";"1";"9";"2";"2";"RTE D ORLEANS";"48,61994000";"2,25878000"
"202400032742";"21";"06";"2024";"02:30";"5";"93";"93064";"2";"6";"1";"6";"Boulevard Gabriel Péri / Rue Jules Ferry";"48,87739800";"2,47533300"
"202400032743";"15";"12";"2024";"15:15";"1";"60";"60508";"1";"1";"1";"7";"Route du Mont-Pagnotte (Chemin)";"49,28295400";"2,63973100"
"202400032744";"15";"12";"2024";"17:30";"2";"07";"07112";"1";"1";"1";"6";"Cascade de la Pissarelle (Chute d'eau)";"44,74358201";"4,29827939"
"202400032745";"8";"11";"2024";"15:55";"1";"91";"91021";"2";"3";"1";"3";"BD JEAN JAURES";"48,58880000";"2,24553000"
"202400032746";"21";"06";"2024";"18:50";"1";"93";"93049";"2";"2";"1";"3";"Avenue de l’Ouest / Avenue Daniel Perdrigé";"48,87437000";"2,50676000"
"202400032747";"8";"11";"2024";"11:20";"1";"91";"91691";"2";"1";"8";"6";"PIERRE LOTI(RUE)";"48,71367000";"2,48936000"
"202400032748";"15";"12";"2024";"17:45";"2";"40";"40310";"1";"1";"1";"1";"route de tosse";"43,72936430";" -1,34564414"
"202400032749";"21";"06";"2024";"08:15";"1";"93";"93050";"2";"2";"2";"3";"Avenue du Maréchal Leclerc / Avenue de Verdun";"48,85956000";"2,53738000"
"202400032750";"16";"12";"2024";"07:20";"2";"17";"17026";"1";"1";"5";"7";"D134";"45,83702200";" -0,42464700"
"202400032751";"8";"11";"2024";"17:40";"5";"91";"91027";"2";"1";"2";"1";"RTE NATIONALE 7";"48,70142000";"2,37172000"
"202400032752";"20";"06";"2024";"17:45";"1";"93";"93048";"2";"2";"1";"6";"Rue de Paris / Rue Marceau";"48,85619051";"2,42570043"
"202400032753";"15";"12";"2024";"09:33";"1";"17";"17344";"2";"4";"1";"3";"Avenue de Saintes";"45,84654800";" -0,53257900"
"202400032754";"8";"11";"2024";"15:22";"1";"91";"91433";"1";"6";"5";"3";"ROND POINT RD20-RD 207-A";"48,45842000";"2,17649000"
"202400032755";"20";"06";"2024";"09:15";"1";"93";"93032";"2";"3";"1";"3";"Rue Aristide Briand / Rue Georges Remond";"48,87676000";"2,53138000"
"202400032756";"16";"12";"2024";"07:55";"5";"17";"17347";"2";"1";"1";"7";"Faubourg de Niort";"45,94843400";" -0,51686700"
"202400032757";"21";"06";"2024";"09:20";"1";"93";"93007";"2";"9";"3";"3";"Avenue Paul Vaillant Couturier";"48,92518101";"2,46478647"
"202400032758";"8";"11";"2024";"09:30";"1";"91";"91223";"2";"2";"8";"3";"MAI 1945 (AVENUE DU 8)";"48,44146000";"2,14996000"
"202400032759";"16";"12";"2024";"09:15";"1";"17";"17340";"1";"1";"7";"2";"D911";"46,06024300";" -0,80010600"
"202400032760";"21";"06";"2024";"17:35";"1";"92";"92078";"2";"1";"1";"2";"CHARLES DE GAULLE (BD)(72 AU 308)";"48,94297020";"2,31740785"
"202400032761";"13";"12";"2024";"15:40";"1";"23";"23030";"2";"9";"1";"7";"Route de Limoges";"45,95292500";"1,74536700"
"202400032762";"7";"11";"2024";"18:40";"5";"87";"87085";"2";"2";"1";"6";"BERTHELOT (AVENUE)";"45,83607408";"1,25060499"
"202400032763";"20";"06";"2024";"18:41";"1";"92";"92033";"2";"1";"2";"6";"DOCTEUR DEBAT";"48,85190118";"2,19734753"
"202400032764";"16";"12";"2024";"12:44";"1";"52";"52124";"1";"1";"5";"6";"D271";"47,86914134";"5,67289564"
"202400032765";"21";"06";"2024";"15:45";"1";"92";"92062";"2";"1";"2";"2";"DE DION BOUTON (QUAI) DU 29 AU 65";"48,88144801";"2,24639368"
"202400032766";"7";"11";"2024";"09:50";"1";"85";"85194";"2";"6";"1";"3";"Rue des plesses";"46,49280000";" -1,74766000"
"202400032767";"15";"12";"2024";"14:00";"1";"30";"30036";"2";"1";"1";"6";"Rue du Lavoir";"43,76621200";"4,28619000"
"202400032768";"21";"06";"2024";"18:10";"1";"92";"92051";"2";"3";"1";"3";"AMIRAL FOURNIER (RUE DE)";"48,88429193";"2,26969537"
"202400032769";"14";"12";"2024";"05:30";"3";"978";"97801";"2";"1";"1";"1";"RN7, Savane";"18,09788700";" -63,06561100"
"202400032770";"9";"11";"2024";"00:05";"5";"84";"84007";"2";"2";"1";"3";"C.DE GAULLE (ROCADE)";"43,93404000";"4,83196000"
"202400032771";"21";"06";"2024";"12:00";"1";"92";"92012";"2";"1";"1";"6";"THIERS (RUE) 67/FIN - 84/FIN";"48,83183933";"2,25217438"
"202400032772";"7";"11";"2024";"17:50";"2";"84";"84007";"2";"1";"1";"6";"MARIUS JOUVEAU (RUE)";"43,93191000";"4,80562000"
"202400032773";"14";"12";"2024";"02:25";"3";"79";"79048";"1";"1";"1";"2";"N/A";"46,33978800";" -0,31229500"
"202400032774";"22";"06";"2024";"04:10";"3";"974";"97415";"1";"1";"1";"6";"N1a";" -21,01736400";"55,25388100"
"202400032775";"1";"06";"2024";"15:01";"1";"54";"54597";"1";"1";"1";"7";"D904";"48,43594400";"6,16774300"
"202400032776";"7";"11";"2024";"13:40";"1";"84";"84007";"2";"1";"1";"2";"TARASCON (AVENUE DE)";"43,92493000";"4,80944000"
"202400032777";"16";"12";"2024";"11:15";"1";"68";"68218";"1";"1";"1";"4";"A36 PK 001.100 sens MULHOUSE?BEAUNE";"47,74388300";"7,25878700"
"202400032778";"22";"06";"2024";"12:10";"1";"86";"86182";"2";"1";"1";"1";"Lieu Dit la Folie";"46,88132700";"0,31799100"
"202400032779";"15";"12";"2024";"23:55";"3";"64";"64130";"1";"1";"1";"6";"A63, PK 204.6, sens France /Espagne";"43,34105681";" -1,73523277"
"202400032780";"8";"11";"2024";"13:45";"1";"83";"83137";"2";"2";"1";"3";"STRASBOURG (BD DE )";"43,12517000";"5,93103000"
"202400032781";"22";"06";"2024";"00:25";"3";"66";"66145";"1";"1";"1";"4";"A9 PK260 sens France / Espagne";"42,62065996";"2,85591960"
"202400032782";"15";"12";"2024";"22:00";"3";"63";"63113";"1";"1";"1";"7";"A711 PK001+000";"45,77348400";"3,14225100"
"202400032783";"8";"11";"2024";"12:45";"1";"83";"83137";"2";"3";"1";"3";"DEMOCRATIE (BD DE LA)";"43,12627000";"5,93982000"
"202400032784";"30";"05";"2024";"15:30";"1";"974";"97405";"1";"9";"3";"3";"Rue Augustin Mézino";" -21,36388600";"55,53986900"
"202400032785";"15";"12";"2024";"20:35";"3";"973";"97311";"1";"1";"1";"1";"Route Apatou";"5,31681700";" -54,14238500"
"202400032786";"5";"11";"2024";"18:00";"5";"83";"83137";"2";"9";"1";"3";"MARSEILLE (ROUTE DE)";"43,12885000";"5,88897000"
"202400032787";"22";"06";"2024";"00:58";"5";"972";"97231";"2";"1";"1";"7";"Anse Mitan";"14,55383400";" -61,05230200"
"202400032788";"21";"06";"2024";"22:40";"3";"972";"97221";"1";"1";"1";"7";"N8";"14,53553500";" -60,94231000"
"202400032789";"15";"12";"2024";"02:00";"5";"973";"97304";"2";"1";"1";"6";"Avenue Rosilvine";"5,17704000";" -52,65103900"
"202400032790";"7";"11";"2024";"08:50";"1";"80";"80261";"2";"1";"1";"3";"Route d'Amiens";"49,86326000";"2,27787000"
"202400032791";"16";"12";"2024";"02:00";"3";"977";"97701";"2";"1";"1";"7";"saint-Jean tourmente";"17,90397600";" -62,84690400"
"202400032792";"21";"06";"2024";"23:15";"3";"972";"97205";"1";"1";"1";"3";"N2";"14,63098800";" -61,12438900"
"202400032793";"13";"12";"2024";"10:30";"1";"77";"77465";"1";"2";"8";"3";"D219";"48,29976100";"2,94773400"
"202400032794";"22";"06";"2024";"16:00";"1";"35";"35085";"1";"3";"1";"3";"la haute bouyère";"48,43584900";" -1,75251200"
"202400032795";"12";"12";"2024";"19:00";"5";"77";"77426";"2";"3";"1";"6";"9 Rue des Mortiers";"48,57551000";"2,82678500"
"202400032796";"21";"06";"2024";"08:30";"1";"01";"01427";"2";"1";"3";"6";"Avenue du Docteur Bollet";"45,94018300";"4,77266900"
"202400032797";"8";"11";"2024";"00:10";"5";"77";"77532";"2";"1";"2";"1";"D619";"48,56100000";"3,21700000"
"202400032798";"16";"12";"2024";"11:30";"1";"78";"78087";"1";"1";"2";"7";"Rue de Bissy";"48,61664000";"2,03397300"
"202400032799";"16";"12";"2024";"01:00";"3";101;101041";"1";"1";"1";"6";"1639 Cartarana";"41,38949100";"9,18593800"
"202400032800";"22";"06";"2024";"14:05";"1";"62";"62251";"2";"2";"1";"3";"D127";"50,64669885";"1,83967748"
"202400032801";"7";"11";"2024";"17:00";"3";"77";"77377";"1";"1";"1";"5";"RD 471";"48,71130000";"2,69640000"
"202400032802";"21";"06";"2024";"16:20";"1";"19";"19279";"1";"1";"3";"6";"RD 17";"45,26667608";"1,36427796"
"202400032803";"13";"12";"2024";"18:18";"2";"66";"66180";"2";"2";"1";"3";"Rue Alfred de Musset";"42,77207700";"2,99364000"
"202400032804";"8";"11";"2024";"02:40";"3";"77";"77407";"1";"1";"1";"1";"D607";"48,54538000";"2,51265000"
"202400032805";"21";"06";"2024";"23:30";"5";"19";"19230";"2";"4";"1";"6";"Route de Vigeois";"45,43157685";"1,45085858"
"202400032806";"15";"12";"2024";"17:00";"3";"83";"83027";"1";"1";"1";"6";"RD 559 B";"43,16739200";"5,76915300"
"202400032807";"21";"06";"2024";"22:50";"5";"76";"76136";"1";"1";"1";"6";"D152";"49,82724200";"0,95951700"
"202400032808";"16";"12";"2024";"06:50";"3";"26";"26124";"1";"1";"1";"7";"Autoroute A7 - PK 082+220 sens S/N";"44,83670000";"4,86278100"
"202400032809";"7";"11";"2024";"08:30";"1";"77";"77288";"2";"3";"1";"6";"ARISTIDE BRIAND  (BOULEVARD)";"48,54587000";"2,65183000"
"202400032810";"21";"06";"2024";"19:15";"1";"79";"79306";"1";"1";"2";"7";"N/A";"46,60602900";" -0,14449000"
"202400032811";"6";"06";"2024";"18:30";"1";101;101362";"2";"1";"1";"3";"RT10 face station VITO";"41,69884200";"9,34563700"
"202400032812";"8";"11";"2024";"16:30";"2";"77";"77284";"2";"1";"8";"2";"D603";"48,95663000";"2,90826000"
"202400032813";"15";"12";"2024";"16:45";"1";"21";"21699";"1";"1";"1";"1";"D905";"47,20554000";"5,33219600"
"202400032814";"6";"06";"2024";"22:22";"4";101;101139";"1";"1";"1";"7";"gliastrello";"41,64706200";"9,34527800"
"202400032815";"8";"11";"2024";"19:42";"5";"77";"77132";"2";"6";"2";"3";"D344";"48,87421216";"2,80224646"
"202400032816";"14";"12";"2024";"17:40";"5";"21";"21038";"2";"6";"1";"6";"31 Boulevard Pasteur";"47,19248300";"5,38925500"
"202400032817";"21";"06";"2024";"11:30";"1";100;100096";"1";"1";"1";"6";"Route de saint pancrace";"42,31808200";"9,14765200"
"202400032818";"22";"06";"2024";"16:25";"1";"71";"71410";"1";"1";"2";"6";"D978";"46,69553900";"5,09343400"
"202400032819";"8";"11";"2024";"11:50";"1";"77";"77438";"2";"1";"8";"3";"D148";"48,86213200";"2,67409700"
"202400032820";"14";"12";"2024";"23:00";"3";"38";"38061";"1";"3";"2";"1";"D121";"45,32240100";"5,60682000"
"202400032821";"15";"12";"2024";"19:12";"3";"01";"01249";"1";"1";"8";"3";"D1083";"45,85858000";"4,91067700"
"202400032822";"8";"11";"2024";"13:00";"1";"76";"76341";"2";"2";"1";"7";"ROBERT ANCEL";"49,51527000";"0,19893000"
"202400032823";"21";"06";"2024";"21:35";"1";"71";"71014";"2";"2";"1";"3";"Avenue Charles de Gaulle";"46,95025500";"4,29860700"
"202400032824";"14";"12";"2024";"18:00";"3";"22";"22223";"1";"1";"8";"1";"13 Kernilien";"48,56593600";" -3,19264200"
"202400032825";"21";"06";"2024";"18:29";"1";"12";"12119";"1";"2";"1";"3";"D921";"44,67506900";"2,85102700"
"202400032826";"7";"11";"2024";"14:30";"1";"72";"72095";"2";"6";"1";"3";"SAINT MICHEL (BD)";"48,02410000";"0,20160000"
"202400032827";"15";"12";"2024";"18:15";"5";"76";"76464";"2";"3";"2";"6";"201 Rue de la Chaussée du Roi";"49,36384900";"1,25163100"
"202400032828";"21";"06";"2024";"19:20";"1";"34";"34268";"1";"1";"1";"7";"D144";"43,69239100";"3,44073800"
"202400032829";"7";"11";"2024";"13:10";"1";"72";"72003";"2";"6";"8";"6";"RD 147 E (RTE)";"47,97390000";"0,15898000"
"202400032830";"8";"12";"2024";"19:30";"3";"62";"62283";"1";"2";"2";"3";"D104";"50,33204800";"2,27739100"
"202400032831";"21";"06";"2024";"17:00";"1";"22";"22046";"1";"1";"1";"4";"D792";"48,32328700";" -2,49409000"
"202400032832";"8";"11";"2024";"20:00";"5";"69";"69266";"2";"6";"1";"1";"Rue de Verdun";"45,78451000";"4,89680000"
"202400032833";"20";"11";"2024";"18:05";"5";"59";"59036";"2";"3";"1";"3";"Rue de Mons";"50,12485500";"3,93289100"
"202400032834";"21";"06";"2024";"09:27";"1";"39";"39286";"2";"1";"1";"7";"449 Rue de la Cueille";"46,38982100";"5,78634600"
"202400032835";"22";"06";"2024";"01:00";"3";"25";"25022";"2";"1";"1";"6";"28 Rue de la 5e Db";"47,52144200";"6,65868500"
"202400032836";"8";"11";"2024";"18:00";"5";"69";"69266";"2";"3";"1";"3";"Rue Antonin Perrin";"45,75937000";"4,88487000"
"202400032837";"22";"06";"2024";"06:40";"1";"44";"44099";"1";"1";"1";"7";"la Bothelière";"47,62054900";" -1,39605800"
"202400032838";"15";"12";"2024";"06:47";"3";"13";"13117";"1";"1";"1";"6";"A7-Sens Lyon vers Marseille";"43,41819194";"5,27361460"
"202400032839";"8";"11";"2024";"21:05";"5";"69";"69264";"2";"6";"1";"3";"Rue Gantillon";"45,99527000";"4,72080000"
"202400032840";"22";"06";"2024";"06:45";"1";"84";"84082";"1";"1";"1";"1";"CD 974 route de carpentras";"44,05804700";"5,16672300"
"202400032841";"15";"12";"2024";"04:25";"3";"13";"13215";"1";"1";"1";"2";"A7-Sens Marseille vers Lyon";"43,35350000";"5,36496000"
"202400032842";"8";"11";"2024";"19:45";"5";"69";"69290";"2";"1";"1";"3";"Rue de la Cordière";"45,69532000";"4,94639000"
"202400032843";"15";"12";"2024";"01:05";"3";"13";"13106";"1";"1";"1";"2";"A51-Sens Aix en Provence vers Marseille";"43,40531663";"5,36030933"
"202400032844";"8";"11";"2024";"13:15";"1";"69";"69290";"2";"2";"1";"1";"Rue Edmond Rostand";"45,69452000";"4,94121000"
"202400032845";"13";"12";"2024";"23:35";"5";"13";"13212";"1";"1";"2";"2";"A507 sens Marseille - Aubagne";"43,31915276";"5,42240059"
"202400032846";"21";"06";"2024";"18:30";"1";"03";"03110";"2";"1";"1";"6";"55 Route de Vichy";"46,12799500";"3,35795400"
"202400032847";"8";"11";"2024";"23:40";"5";"67";"67267";"2";"1";"1";"5";"SCHUMANN (AVENUE)";"48,56328000";"7,68987000"
"202400032848";"22";"06";"2024";"03:55";"3";"15";"15084";"1";"2";"5";"6";"RD 920";"44,75869500";"2,46673100"
"202400032849";"15";"12";"2024";"17:35";"3";"83";"83137";"1";"1";"1";"2";"A50 SORTIE TUNNEL TUBE SUD";"43,12130629";"5,95312715"
"202400032850";"22";"06";"2024";"09:10";"1";"58";"58260";"1";"1";"8";"3";"49 Rue de Mont";"46,86562300";"3,18706200"
"202400032851";"8";"11";"2024";"14:00";"1";"66";"66136";"2";"1";"1";"3";"ARCADES CHEMIN DES";"42,67835000";"2,89102000"
"202400032852";"13";"12";"2024";"17:53";"5";"83";"83137";"1";"1";"1";"2";"A50 TUNNEL TUBE SUD";"43,12783311";"5,92513960"
"202400032853";"21";"06";"2024";"16:20";"1";"66";"66024";"1";"1";"1";"7";"rte departementale 900";"42,53862064";"2,83964396"
"202400032854";"15";"12";"2024";"16:25";"1";"33";"33063";"1";"1";"1";"7";"N/A";"44,88329500";" -0,55470500"
"202400032855";"8";"11";"2024";"13:05";"1";"64";"64129";"2";"6";"1";"3";"BAYONNE DE";"43,30517000";" -0,40138000"
"202400032856";"21";"06";"2024";"17:00";"1";"14";"14371";"1";"4";"1";"3";"1 Rue de la Charité";"49,03023800";"0,24335100"
"202400032857";"8";"11";"2024";"09:50";"1";"64";"64129";"2";"9";"1";"2";"BAYONNE DE";"43,30343000";" -0,39890000"
"202400032858";"15";"12";"2024";"14:35";"1";"33";"33063";"1";"1";"1";"4";"N/A";"44,88074800";" -0,54064800"
"202400032859";"8";"11";"2024";"08:50";"1";"64";"64445";"2";"1";"1";"7";"ALFRED NOBEL";"43,30753000";" -0,33108000"
"202400032860";"15";"12";"2024";"00:23";"3";"92";"92002";"1";"1";"8";"6";"AUTOROUTE A10";"48,73507000";"2,31567000"
"202400032861";"7";"11";"2024";"14:50";"1";"64";"64445";"2";"1";"1";"2";"GASTON PHOEBUS";"43,30243000";" -0,38114000"
"202400032862";"14";"12";"2024";"18:45";"3";"91";"91086";"1";"1";"1";"4";"RN 104";"48,62550000";"2,39595000"
"202400032863";"7";"11";"2024";"06:30";"4";"64";"64445";"2";"2";"1";"3";"TOURASSE";"43,30932122";" -0,34419715"
"202400032864";"8";"11";"2024";"21:40";"5";"64";"64102";"2";"1";"1";"3";"CADRAN (ALLEE)";"43,48287000";" -1,50271000"
"202400032865";"15";"12";"2024";"06:40";"3";"93";"93064";"1";"1";"1";"5";"AUTOROUTE A86";"48,87415257";"2,47920871"
"202400032866";"8";"11";"2024";"21:40";"5";"64";"64024";"2";"3";"1";"3";"ADOUR (AV DE L')";"43,51193000";" -1,50028000"
"202400032867";"15";"12";"2024";"13:30";"1";"94";"94073";"1";"1";"1";"3";"A86";"48,77083552";"2,38789426"
"202400032868";"8";"11";"2024";"22:55";"5";"62";"62250";"2";"9";"1";"2";"D919";"50,44633748";"2,94399665"
"202400032869";"15";"12";"2024";"04:50";"3";"94";"94073";"1";"1";"1";"2";"A86";"48,75424369";"2,38104533"
"202400032870";"5";"11";"2024";"16:45";"2";"62";"62119";"2";"6";"2";"3";"D937";"50,54079470";"2,65136349"
"202400032871";"26";"08";"2024";"20:15";"1";"91";"91645";"1";"1";"1";"2";"GEORGES POMPIDOU (AVENUE)";"48,75036700";"2,27770300"
"202400032872";"4";"11";"2024";"09:00";"1";"59";"59560";"2";"1";"1";"6";"BLANCKAERT JUDE AVENUE";"50,54473000";"3,02450000"
"202400032873";"23";"08";"2024";"13:15";"1";"91";"91377";"2";"3";"1";"3";"RUE DU PEROU";"48,71978300";"2,30093200"
"202400032874";"14";"07";"2024";"01:50";"3";"73";"73116";"1";"1";"1";"6";"D926";"45,21159583";"6,30683810"
"202400032875";"7";"11";"2024";"15:20";"1";"59";"59560";"1";"1";"1";"2";"R.D. 549";"50,54936000";"3,04763000"
"202400032876";"17";"09";"2024";"18:25";"2";"28";"28003";"1";"1";"1";"1";"D4";"48,71344200";"1,27790100"
"202400032877";"7";"11";"2024";"10:15";"1";"59";"59360";"1";"3";"1";"3";"DOUMER PAUL RUE";"50,59672000";"3,03781000"
"202400032878";"8";"11";"2024";"21:34";"5";"57";"57123";"2";"1";"5";"3";"Rue de l’Hopital";"49,16371596";"6,71729577"
"202400032879";"29";"09";"2024";"19:45";"2";"28";"28134";"2";"2";"1";"2";"HENRI IV (BD)";"48,74382000";"1,35634000"
"202400032880";"8";"11";"2024";"09:30";"1";"56";"56121";"2";"1";"8";"6";"Rue Pierre Guergadic";"47,74781000";" -3,36854000"
"202400032881";"13";"12";"2024";"16:55";"1";"987";"98735";"2";"2";"1";"3";"REMPARTS (RUE)";" -17,53593000";" -149,56639000"
"202400032882";"6";"11";"2024";"17:50";"5";"54";"54431";"1";"1";"1";"7";"Route de Metz";"48,92389000";"6,06550000"
"202400032883";"14";"12";"2024";"18:20";"1";"974";"97411";"1";"9";"1";"7";"LITTORAL (ROUTE 1 DU)";" -20,89468000";"55,37787000"
"202400032884";"14";"12";"2024";"09:00";"1";"974";"97411";"2";"1";"1";"6";"RUISSEAU BLANC (CHEMIN DU)";" -20,89105000";"55,41992000"
"202400032885";"8";"11";"2024";"20:35";"5";"51";"51454";"2";"2";"1";"3";"POMPIDOU (AVENUE GEORGES)";"49,21927400";"4,02414200"
"202400032886";"14";"12";"2024";"21:45";"3";"974";"97409";"1";"1";"1";"2";"RN2 SENS STE SUZANNE ST BENOIT";" -20,95764000";"55,65717000"
"202400032887";"14";"12";"2024";"00:45";"5";"973";"97302";"1";"9";"1";"3";"FELIX EBOUE(ROCADE)";"4,92967397";" -52,32939720"
"202400032888";"8";"11";"2024";"19:25";"5";"51";"51454";"2";"1";"1";"3";"JAURES 'AVENUE JEAN) DU N° 1 N° 59 ET DU";"49,25766700";"4,03978000"
"202400032889";"14";"12";"2024";"19:10";"3";"972";"97213";"1";"1";"1";"2";"ROUTE DEPARTEMENTALE 3";"14,59849000";" -61,00079000"
"202400032890";"8";"11";"2024";"12:05";"1";"51";"51454";"2";"1";"1";"3";"EPERNAY (AVENUE D') COTE PAIR";"49,24794800";"4,01254000"
"202400032891";"15";"12";"2024";"23:45";"5";101;101004";"2";"1";"1";"3";"T21";"41,93414000";"8,75094000"
"202400032892";"7";"11";"2024";"19:30";"2";"51";"51454";"2";"2";"1";"3";"SOMME (AVENUE DE LA)";"49,24694000";"4,05735200"
"202400032893";"14";"12";"2024";"19:00";"5";"91";"91549";"2";"1";"8";"6";"MARE AU CHANVRE (RUE DE LA)";"48,62777000";"2,34019000"
"202400032894";"8";"11";"2024";"07:50";"2";"49";"49007";"1";"1";"1";"4";"ATLANTIQUE  AVENUE DE L'";"47,46950000";" -0,59545000"
"202400032895";"14";"12";"2024";"10:53";"1";"91";"91457";"1";"6";"1";"3";"N 449";"48,57426000";"2,25877000"
"202400032896";"7";"11";"2024";"19:52";"5";"49";"49007";"2";"7";"1";"6";"LYCEE PLACE";"47,46734000";" -0,54539000"
"202400032897";"14";"12";"2024";"10:05";"1";"91";"91114";"2";"6";"1";"3";"BD CHARLES DE GAULLE";"48,69461000";"2,50238700"
"202400032898";"7";"11";"2024";"18:48";"5";"49";"49007";"2";"3";"1";"3";"LENOIR";"47,48512000";" -0,54563000"
"202400032899";"14";"12";"2024";"21:30";"5";"30";"30011";"1";"6";"1";"2";"100 (ROUTE NATIONALE)";"43,95810000";"4,74655000"
"202400032900";"14";"12";"2024";"16:40";"5";"78";"78423";"2";"2";"1";"6";"ROMAIN (RUE JULES)";"48,77967000";"2,04184000"
"202400032901";"7";"11";"2024";"08:35";"1";"49";"49007";"2";"2";"8";"3";"PORTET BOULEVARD";"47,45298000";" -0,56549000"
"202400032902";"14";"12";"2024";"19:30";"5";"77";"77373";"2";"1";"1";"6";"RUE DE L ORME AU CHARRON";"48,79751000";"2,61428000"
"202400032903";"14";"12";"2024";"15:00";"1";"77";"77495";"1";"1";"2";"7";"FERME DU GROS CHENE";"48,55117000";"2,60625000"
"202400032904";"8";"11";"2024";"19:35";"5";"47";"47001";"2";"2";"1";"3";"CARNOT (BD DU PRESIDENT)";"44,20430000";"0,62063000"
"202400032905";"13";"12";"2024";"17:50";"5";"77";"77288";"2";"1";"1";"6";"PATTON  (AVENUE GENERAL)";"48,54746000";"2,64911000"
"202400032906";"13";"12";"2024";"14:55";"1";"72";"72181";"2";"1";"1";"6";"CHAMPION HENRI (RUE) N° IMP";"47,98242000";"0,22733000"
"202400032907";"8";"11";"2024";"07:10";"3";"45";"45004";"1";"1";"9";"1";"RD 2060 - RIC Environnement";"48,00600300";"2,81214000"
"202400032908";"7";"12";"2024";"11:29";"1";"68";"68066";"2";"2";"1";"6";"Avenue d'Alsace";"48,06981000";"7,36540000"
"202400032909";"8";"11";"2024";"02:35";"5";"45";"45068";"2";"3";"2";"2";"33 Rue Kléber";"48,01006500";"2,73828300"
"202400032910";"13";"12";"2024";"18:00";"5";"66";"66136";"2";"3";"1";"3";"N/A";"42,73332255";"2,86743164"
"202400032911";"8";"11";"2024";"09:30";"1";"44";"44109";"2";"1";"1";"6";"3 Place du 116ième RI";"47,23361000";" -1,55933000"
"202400032912";"13";"12";"2024";"18:15";"5";"64";"64445";"1";"1";"1";"4";"ALFRED NOBEL";"43,32235000";" -0,30088000"
"202400032913";"7";"11";"2024";"20:00";"3";"44";"44109";"2";"1";"1";"6";"4 Rue Coquebert de Neuville";"47,23220000";" -1,54487000"
"202400032914";"13";"12";"2024";"17:15";"2";"64";"64445";"2";"1";"1";"3";"HENRI FAISANS";"43,30097000";" -0,35966000"
"202400032915";"8";"11";"2024";"13:35";"1";"43";"43002";"2";"2";"1";"3";"Boulevard Docteur André Chantemesse";"45,05045000";"3,87577000"
"202400032916";"14";"12";"2024";"17:00";"5";"62";"62193";"2";"3";"1";"1";"Quai de la Tamise";"50,95476007";"1,85229081"
"202400032917";"6";"11";"2024";"18:45";"5";"40";"40281";"2";"1";"1";"3";"MONT-ALMA (BD DE)";"43,87098000";" -0,50119000"
"202400032918";"14";"12";"2024";"18:59";"5";"54";"54304";"2";"3";"4";"6";"Avenue de l'Europe";"48,67953413";"6,14622027"
"202400032919";"14";"12";"2024";"13:30";"1";"51";"51454";"2";"9";"1";"7";"BONAPARTE (AVENUE DU GENERAL)";"49,22992000";"4,00748000"
"202400032920";"8";"11";"2024";"15:20";"1";"38";"38053";"2";"1";"1";"1";"Route de Lyon - La Grive";"45,59661000";"5,23329000"
"202400032921";"14";"12";"2024";"12:19";"1";"51";"51454";"2";"1";"1";"6";"COURLANCY (RUE DE)";"49,24263000";"4,02321000"
"202400032922";"7";"11";"2024";"23:15";"5";"37";"37214";"2";"1";"1";"2";"DE GAULLE (AVENUE DU GENERAL)";"47,41891607";"0,66407561"
"202400032923";"14";"12";"2024";"02:58";"5";"51";"51454";"2";"4";"1";"3";"CHAMPAGNE  (  AVENUE)";"49,23405000";"4,03972000"
"202400032924";"8";"11";"2024";"08:16";"1";"36";"36044";"2";"1";"1";"6";"Rue Pierre Gaultier";"46,80635000";"1,69247000"
"202400032925";"14";"12";"2024";"18:22";"5";"49";"49007";"2";"2";"1";"3";"CARNOT";"47,47539000";" -0,54864000"
"202400032926";"7";"11";"2024";"18:30";"2";"36";"36063";"1";"1";"1";"5";"N/A";"46,84023047";"1,71279967"
"202400032927";"8";"11";"2024";"10:00";"1";"35";"35238";"2";"1";"1";"6";"Boulevard de Chézy";"48,12017000";" -1,68286000"
"202400032928";"14";"12";"2024";"10:15";"1";"45";"45234";"2";"2";"1";"3";"45 Route d'Olivet";"47,88268000";"1,90382000"
"202400032929";"8";"11";"2024";"18:25";"5";"34";"34172";"2";"1";"1";"1";"D132";"43,57570000";"3,87022000"
"202400032930";"14";"12";"2024";"17:25";"3";"44";"44162";"1";"1";"2";"4";"N/A";"47,24058154";" -1,62327403"
"202400032931";"8";"11";"2024";"14:05";"1";"34";"34172";"2";"1";"1";"3";"DOMITIENNE (VOIE)";"43,62334000";"3,86128000"