"Num_Acc";"jour";"mois";"an";"hrmn";"lum";"dep";"com";"agg";"int";"atm";"col";"adr";"lat";"long"
"202400032932";"13";"12";"2024";"13:20";"1";"43";"43157";"2";"1";"4";"3";"Avenue Marechal Foch";"45,02946000";"3,88474000"
"202400032933";"8";"11";"2024";"18:30";"1";"33";"33318";"2";"3";"1";"2";"N/A";"44,79903000";" -0,61944000"
"202400032934";"14";"12";"2024";"23:30";"4";"42";"42184";"2";"1";"2";"3";"Boulevard Ouest";"46,04317000";"4,04576000"
"202400032935";"8";"11";"2024";"19:45";"5";"30";"30007";"2";"1";"1";"7";"BOISSIER DE SAUVAGE (quai)";"44,12747000";"4,07813000"
"202400032936";"13";"12";"2024";"15:40";"1";"38";"38185";"2";"1";"1";"3";"Rue Général Durand";"45,18288633";"5,73357314"
"202400032937";"15";"12";"2024";"00:30";"5";"34";"34172";"2";"1";"1";"2";"LIBERTE (AVENUE DE LA";"43,60897000";"3,85488000"
"202400032938";"7";"11";"2024";"13:45";"1";"27";"27229";"2";"1";"1";"3";"JANIN (BOULEVARD JULES)";"49,02623000";"1,15800000"
"202400032939";"8";"11";"2024";"10:50";"1";"19";"19031";"2";"1";"1";"6";"DUPINET (RUE DES FRERES)";"45,14483082";"1,53732678"
"202400032940";"15";"12";"2024";"00:25";"5";"33";"33069";"2";"3";"2";"3";"N/A";"44,86794800";" -0,57603400"
"202400032941";"8";"11";"2024";"08:30";"1";"19";"19031";"2";"2";"1";"3";"TEINCHURIER (AVENUE DU)";"45,15481000";"1,48061000"
"202400032942";"8";"11";"2024";"18:20";"4";"17";"17415";"2";"6";"8";"7";"ALLENDE AVENUE DU PRESIDENT SALVADOR";"45,73692000";" -0,64402000"
"202400032943";"14";"12";"2024";"17:49";"5";"33";"33063";"2";"3";"2";"3";"N/A";"44,83702000";" -0,55627000"
"202400032944";"8";"11";"2024";"19:50";"5";"14";"14118";"2";"3";"8";"3";"18 Rue d'Auge";"49,17482000";" -0,35246000"
"202400032945";"8";"11";"2024";"12:45";"1";"13";"13028";"2";"1";"1";"3";"CD40B";"43,19746001";"5,59799518"
"202400032946";"13";"12";"2024";"16:30";"1";"33";"33249";"2";"6";"1";"3";"N/A";"44,86592000";" -0,51298000"
"202400032947";"13";"12";"2024";"16:00";"1";"33";"33318";"2";"1";"1";"7";"N/A";"44,81087100";" -0,63319990"
"202400032948";"8";"11";"2024";"19:00";"3";"13";"13001";"2";"9";"2";"2";"RD9";"43,50376000";"5,39561000"
"202400032949";"8";"11";"2024";"12:25";"1";"11";"11069";"2";"1";"1";"6";"N/A";"43,20921000";"2,30809000"
"202400032950";"13";"12";"2024";"08:20";"2";"33";"33063";"2";"2";"1";"6";"N/A";"44,83487000";" -0,56335000"
"202400032951";"8";"11";"2024";"10:03";"1";"10";"10387";"2";"1";"8";"7";"PIERRE BROSSOLETTE (RUE)";"48,29030000";"4,07590000"
"202400032952";"8";"11";"2024";"07:38";"2";"10";"10387";"2";"2";"2";"3";"MISSION (RUE DE LA)";"48,28797000";"4,07445000"
"202400032953";"14";"12";"2024";"09:57";"1";"31";"31555";"1";"1";"2";"3";"23 RANGUEIL  (PERIPH OUEST A620)";"43,57593000";"1,44202000"
"202400032954";"14";"12";"2024";"16:30";"1";"29";"29019";"2";"1";"1";"6";"boulevard de Plymouth";"48,38790000";" -4,52644000"
"202400032955";"8";"11";"2024";"08:50";"1";"04";"04112";"1";"1";"1";"4";"D907";"43,81137000";"5,81033000"
"202400032956";"14";"12";"2024";"10:32";"1";"27";"27681";"2";"9";"8";"6";"CAPUCINS (AVENUE DES)";"49,09000000";"1,47000000"
"202400032957";"31";"10";"2024";"11:30";"1";"02";"02691";"2";"3";"8";"1";"76 Rue Camille Desmoulins";"49,85444000";"3,29322800"
"202400032958";"14";"12";"2024";"14:27";"1";"25";"25462";"2";"6";"2";"3";"VUILLECIN (RUE DE)";"46,91790000";"6,34363000"
"202400032959";"14";"12";"2024";"02:45";"3";"13";"13039";"1";"1";"3";"3";"ROUTE NATIONALE 569";"43,47844000";"4,95777000"
"202400032960";"8";"11";"2024";"19:00";"5";"75";"75113";"2";"1";"8";"2";"BD PERIPHERIQUE EXTERIEUR";"48,81773000";"2,35070800"
"202400032961";"14";"12";"2024";"10:00";"1";"13";"13203";"2";"1";"1";"1";"CRIMEE (RUE DE)";"43,30717339";"5,38052149"
"202400032962";"7";"11";"2024";"01:15";"3";"75";"75112";"2";"1";"1";"2";"BOULEVARD PERIPHERIQUE INTERIEUR SUD";"48,83781600";"2,41272600"
"202400032963";"13";"12";"2024";"19:20";"5";"13";"13028";"2";"1";"8";"7";"MOULIN (AVENUE JEAN)";"43,17569132";"5,59708168"
"202400032964";"8";"11";"2024";"14:00";"1";"75";"75120";"2";"1";"8";"6";"BOULEVARD DE MENILMONTANT";"48,86488900";"2,38530700"
"202400032965";"14";"12";"2024";"11:00";"1";"11";"11262";"2";"1";"1";"6";"N/A";"43,15899000";"2,98203000"
"202400032966";"8";"11";"2024";"10:35";"1";"75";"75120";"2";"2";"8";"6";"RUE ORFILA";"48,86666700";"2,39710600"
"202400032967";"14";"12";"2024";"17:50";"3";"11";"11069";"2";"1";"2";"2";"16 Rue Dujardin Beaumetz";"43,20872000";"2,35966000"
"202400032968";"8";"11";"2024";"08:40";"1";"75";"75118";"2";"2";"2";"5";"BOULEVARD NEY";"48,89788600";"2,34442400"
"202400032969";"14";"12";"2024";"11:35";"1";"10";"10387";"2";"3";"2";"1";"GAMBETTA (RUE)";"48,30049000";"4,07488000"
"202400032970";"7";"11";"2024";"22:00";"5";"75";"75109";"2";"1";"8";"3";"RUE CONDORCET";"48,88034000";"2,34128000"
"202400032971";"30";"11";"2024";"13:35";"1";"05";"05061";"2";"3";"1";"6";"JEAN JAURES ( AVENUE )";"44,54845000";"6,06688000"
"202400032972";"14";"12";"2024";"07:50";"2";"03";"03101";"2";"1";"8";"6";"Rue du Docteur Chalais";"46,34537000";"2,55156000"
"202400032973";"8";"11";"2024";"07:10";"2";"75";"75116";"2";"1";"1";"1";"ALLEE DE LA REINE MARGUERITE";"48,85171000";"2,24173900"
"202400032974";"13";"12";"2024";"18:30";"5";"03";"03098";"2";"3";"1";"3";"4 SEPTEMBRE ( AVENUE DU )";"46,35865000";"2,61717000"
"202400032975";"7";"11";"2024";"21:20";"5";"75";"75116";"2";"2";"1";"6";"RUE DE BOULAINVILLIERS";"48,85817100";"2,27483600"
"202400032976";"13";"12";"2024";"14:45";"1";"01";"01014";"2";"1";"1";"3";"GAGET MARCEL (RUE)";"46,27046700";"5,67157800"
"202400032977";"7";"11";"2024";"19:30";"5";"75";"75116";"2";"3";"1";"3";"AVENUE DE LA GRANDE ARMEE";"48,87482700";"2,29172900"
"202400032978";"14";"12";"2024";"03:35";"5";"75";"75119";"2";"1";"1";"2";"AVENUE SIMON BOLIVAR";"48,87643600";"2,37806400"
"202400032979";"8";"11";"2024";"14:10";"1";"75";"75115";"2";"1";"8";"7";"RUE DE VAUGIRARD";"48,84098700";"2,30623900"
"202400032980";"13";"12";"2024";"17:00";"2";"75";"75118";"2";"1";"1";"2";"AVENUE DE LA PORTE DE CLIGNANCOURT";"48,90035600";"2,34425100"
"202400032981";"8";"11";"2024";"13:40";"1";"75";"75114";"2";"2";"8";"6";"RUE FROIDEVAUX";"48,83515400";"2,32999000"
"202400032982";"13";"12";"2024";"23:45";"5";"75";"75118";"2";"2";"1";"3";"RUE ORDENER";"48,89169100";"2,34865800"
"202400032983";"14";"12";"2024";"21:30";"5";"75";"75117";"2";"2";"8";"3";"AVENUE DE LA PORTE DE VILLIERS";"48,88558700";"2,28460700"
"202400032984";"8";"11";"2024";"10:40";"1";"75";"75112";"2";"1";"1";"3";"AVENUE DAUMESNIL";"48,84007400";"2,39370200"
"202400032985";"14";"12";"2024";"09:15";"1";"75";"75117";"2";"2";"1";"3";"RUE DE COURCELLES";"48,88126100";"2,30107100"
"202400032986";"8";"11";"2024";"18:30";"5";"75";"75110";"2";"4";"1";"6";"QUAI DE VALMY";"48,87180000";"2,36458000"
"202400032987";"14";"12";"2024";"14:40";"1";"75";"75115";"2";"2";"1";"2";"RUE DE LA CONVENTION";"48,83999400";"2,29035100"
"202400032988";"8";"11";"2024";"10:40";"1";"75";"75109";"2";"3";"1";"3";"RUE HENRY MONNIER";"48,88001500";"2,33732400"
"202400032989";"8";"11";"2024";"17:45";"2";"75";"75107";"2";"1";"1";"6";"RUE DE BABYLONE";"48,85172400";"2,32592100"
"202400032990";"14";"12";"2024";"20:20";"5";"75";"75113";"2";"3";"1";"3";"BOULEVARD DE L HOPITAL";"48,83889200";"2,36087900"
"202400032991";"7";"11";"2024";"18:25";"5";"94";"94067";"2";"1";"1";"3";"Avenue Gallieni";"48,84642553";"2,41740954"
"202400032992";"14";"12";"2024";"21:00";"5";"75";"75111";"2";"3";"2";"3";"RUE OBERKAMPF";"48,86475400";"2,37302200"
"202400032993";"8";"11";"2024";"19:30";"5";"94";"94043";"2";"6";"1";"3";"Avenue de Fontainebleau";"48,80968000";"2,36263000"
"202400032994";"14";"12";"2024";"12:25";"1";"75";"75110";"2";"3";"1";"2";"RUE SAINT MAUR";"48,87164900";"2,37214100"
"202400032995";"14";"12";"2024";"12:21";"1";"75";"75110";"2";"1";"1";"3";"RUE JULIETTE DODU";"48,87446700";"2,36982700"
"202400032996";"7";"11";"2024";"20:35";"5";"94";"94017";"2";"9";"2";"3";"Avenue Roger Salengro";"48,81990564";"2,48255154"
"202400032997";"14";"12";"2024";"02:33";"5";"75";"75109";"2";"2";"1";"6";"RUE DE CHATEAUDUN";"48,87619600";"2,33535700"
"202400032998";"8";"11";"2024";"08:50";"1";"94";"94047";"2";"1";"2";"3";"Rue de Verdun";"48,70772715";"2,55587777"
"202400032999";"14";"12";"2024";"16:40";"1";"75";"75107";"2";"3";"1";"6";"QUAI D ORSAY";"48,86247800";"2,31052400"
"202400033000";"8";"11";"2024";"21:00";"5";"93";"93072";"2";"1";"1";"1";"NELSON MANDELA (AVENUE)";"48,95115500";"2,37619400"
"202400033001";"8";"11";"2024";"08:20";"1";"93";"93066";"2";"3";"2";"3";"THOREZ MAURICE NR 2 A 10";"48,94091469";"2,34614432"
"202400033002";"13";"12";"2024";"18:55";"5";"75";"75102";"2";"1";"1";"6";"RUE DE TURBIGO";"48,86425300";"2,35094000"
"202400033003";"8";"11";"2024";"19:30";"5";"93";"93064";"2";"1";"1";"2";"PERI (BOULEVARD GABRIEL)  0 - 37 / 42";"48,87769000";"2,47471000"
"202400033004";"13";"12";"2024";"02:25";"5";"75";"75101";"2";"7";"1";"6";"PLACE DES VICTOIRES";"48,86542100";"2,34095800"
"202400033005";"14";"12";"2024";"20:10";"5";"94";"94068";"2";"7";"1";"3";"Carrefour du 8 Mai 1945";"48,80228300";"2,49191700"
"202400033006";"8";"11";"2024";"15:30";"2";"93";"93048";"2";"2";"8";"1";"REPUBLIQUE (RUE DE LA)";"48,85289000";"2,42057000"
"202400033007";"13";"12";"2024";"16:50";"1";"94";"94043";"2";"1";"1";"6";"Avenue de Fontainebleau";"48,81257188";"2,36144149"
"202400033008";"8";"11";"2024";"13:05";"1";"93";"93061";"2";"2";"8";"6";"BELVEDERE AVENUE DU";"48,88046070";"2,40830988"
"202400033009";"14";"12";"2024";"20:30";"5";"94";"94022";"2";"1";"1";"3";"Avenue Victor Hugo";"48,76858500";"2,42038400"
"202400033010";"14";"12";"2024";"02:35";"5";"93";"93078";"2";"3";"1";"1";"COUTURIER (AVENUE PAUL VAILLANT)";"48,96080000";"2,53368000"
"202400033011";"13";"12";"2024";"14:30";"1";"93";"93064";"2";"1";"1";"3";"LISBONNE (RUE DE)";"48,88136870";"2,47032109"
"202400033012";"14";"12";"2024";"17:30";"5";"93";"93050";"2";"1";"1";"1";"PAUL ET CAMILLE THOMOUX (RUE) COTE IMPAI";"48,87517000";"2,53047000"
"202400033013";"14";"12";"2024";"17:00";"5";"93";"93048";"2";"9";"2";"1";"PRESIDENT SALVADOR ALLENDE (AVENUE DU)";"48,87630000";"2,46230000"
"202400033014";"14";"12";"2024";"22:00";"5";"93";"93045";"2";"1";"2";"6";"PARIS RUE DE";"48,88237603";"2,42453957"
"202400033015";"14";"12";"2024";"17:20";"2";"93";"93048";"2";"1";"2";"6";"ROMAINVILLE (RUE DE)";"48,87401191";"2,44727826"
"202400033016";"14";"12";"2024";"01:45";"5";"93";"93029";"2";"1";"1";"6";"JOFFRE (PLACE)";"48,93123349";"2,45677975"
"202400033017";"14";"12";"2024";"11:25";"1";"93";"93047";"2";"1";"1";"6";"GENERAL LECLERC  (RUE DU)";"48,89378000";"2,57801000"
"202400033018";"14";"12";"2024";"11:10";"1";"93";"93001";"2";"1";"1";"2";"ANATOLE FRANCE (BLD) PAIR";"48,91594826";"2,38153267"
"202400033019";"14";"12";"2024";"10:00";"1";"92";"92075";"2";"1";"1";"7";"ANTOINE FRATACCI (RUE)";"48,82155933";"2,28745423"
"202400033020";"14";"12";"2024";"01:25";"5";"92";"92077";"2";"1";"1";"6";"COROT (RUE)";"48,82833000";"2,19398000"
"202400033021";"14";"12";"2024";"13:15";"1";"92";"92063";"2";"1";"1";"3";"DIX-HUIT JUIN 1940 (AVENUE DU) SUD";"48,86785217";"2,19499223"
"202400033022";"14";"12";"2024";"18:31";"5";"92";"92050";"2";"1";"2";"3";"FRANCE ANATOLE RUE";"48,90163000";"2,20903000"
"202400033023";"14";"12";"2024";"12:40";"1";"92";"92050";"2";"1";"1";"3";"CLEMENCEAU GEORGES AVENUE N° PAIR";"48,88609000";"2,21344000"
"202400033024";"14";"12";"2024";"11:40";"1";"92";"92048";"2";"1";"1";"6";"ONZE NOVEMBRE 1918 (AVENUE DU)";"48,81889484";"2,22312490"
"202400033025";"18";"12";"2024";"07:00";"2";"92";"92007";"2";"1";"1";"6";"PETIT (AVENUE ALBERT) N° 39 A FIN";"48,79535599";"2,31255656"
"202400033026";"13";"12";"2024";"22:30";"5";"92";"92036";"2";"1";"1";"3";"BAS ( RUE DES )";"48,91904000";"2,29018000"
"202400033027";"14";"12";"2024";"19:00";"5";"92";"92002";"2";"2";"2";"3";"DIVISION LECLERC (1 A 29 -2 A 34)";"48,75138764";"2,30445340"
"202400033028";"15";"12";"2024";"02:20";"3";"31";"31547";"1";"2";"2";"3";"Route de Saint Lys";"43,50419731";"1,24821424"
"202400033029";"14";"12";"2024";"00:35";"3";"64";"64117";"1";"1";"2";"6";"Chemin du bateau";"43,37526500";" -0,57317700"
"202400033030";"15";"12";"2024";"02:30";"3";"04";"04203";"1";"1";"9";"6";"d 900 les courbons";"44,36716000";"6,31932200"
"202400033031";"14";"12";"2024";"23:20";"3";"56";"56244";"1";"1";"1";"4";"Les Hardys";"47,81495000";" -2,43907000"
"202400033032";"13";"12";"2024";"08:20";"1";"67";"67025";"2";"2";"1";"1";"19a Rue Principale";"48,86112300";"8,08196300"
"202400033033";"13";"12";"2024";"18:30";"3";"71";"71305";"1";"1";"3";"6";"Route departementale 106";"46,46573400";"4,84957100"
"202400033034";"14";"12";"2024";"20:00";"5";"49";"49125";"2";"6";"2";"6";"32 Route de saumur (Doué-la-Fontaine)";"47,19576282";" -0,26403138"
"202400033035";"13";"12";"2024";"18:25";"3";"35";"35096";"1";"1";"1";"3";"Le Pâtis Mignon";"48,05411000";" -1,42148900"
"202400033036";"15";"12";"2024";"11:10";"1";"29";"29271";"1";"9";"3";"7";"Kergompez";"48,58829848";" -4,13322308"
"202400033037";"13";"12";"2024";"16:30";"1";"29";"29259";"2";"6";"8";"3";"Rue de Roscoff";"48,69024005";" -3,98907871"
"202400033038";"15";"12";"2024";"11:40";"1";"29";"29190";"2";"2";"7";"3";"Rue du Lannou";"48,34457335";" -4,71876899"
"202400033039";"15";"12";"2024";"15:32";"1";"02";"02095";"2";"1";"9";"7";"16 Rue John Kennedy";"49,98317900";"3,44671400"
"202400033040";"13";"12";"2024";"14:45";"1";"15";"15003";"1";"1";"8";"6";"RD 680";"45,15701500";"2,33425100"
"202400033041";"15";"12";"2024";"05:55";"4";"72";"72112";"1";"1";"1";"1";"Lieu Dit le Parc Sec";"48,23406400";"0,24966500"
"202400033042";"15";"12";"2024";"17:50";"3";"73";"73070";"1";"1";"1";"1";"D1516 rue des tuiliers";"45,60938400";"5,64765900"
"202400033043";"13";"12";"2024";"21:40";"3";"10";"10287";"1";"1";"8";"6";"D79";"48,35443800";"4,34181000"
"202400033044";"15";"12";"2024";"01:25";"3";"53";"53170";"1";"1";"1";"7";"La Huardiere";"48,34934700";" -0,66806300"
"202400033045";"14";"12";"2024";"15:05";"1";"40";"40029";"1";"1";"3";"1";"D2";"43,64938300";" -0,48026600"
"202400033046";"14";"12";"2024";"18:00";"3";"17";"17309";"1";"1";"5";"1";"Chemin de Malleville";"45,17049600";" -0,05671300"
"202400033047";"13";"12";"2024";"16:30";"1";"17";"17342";"2";"1";"1";"1";"D 125";"45,51810600";" -0,66772000"
"202400033048";"15";"12";"2024";"07:00";"3";"37";"37250";"1";"1";"1";"6";"Les Bails";"47,26251400";"0,72653500"
"202400033049";"15";"12";"2024";"04:30";"3";"973";"97307";"2";"1";"8";"1";"route nationale 02";"4,88151900";" -52,33638300"
"202400033050";"14";"12";"2024";"14:40";"1";"39";"39471";"1";"1";"2";"2";"N/A";"46,72641400";"5,50639100"
"202400033051";"15";"12";"2024";"10:20";"1";"13";"13050";"1";"1";"1";"1";"D67e";"43,63765900";"5,26304700"
"202400033052";"14";"12";"2024";"20:45";"5";"13";"13051";"2";"6";"1";"2";"D113";"43,58456400";"5,13969200"
"202400033053";"15";"12";"2024";"00:30";"3";"95";"95678";"1";"1";"8";"3";"D9";"49,08066610";"2,25467048"
"202400033054";"15";"12";"2024";"08:50";"1";"69";"69244";"2";"3";"8";"2";"44 Route de Paris";"45,76607500";"4,76461200"
"202400033055";"13";"12";"2024";"15:20";"1";"974";"97418";"2";"9";"1";"3";"Rue Michel Ange";" -20,89894900";"55,51793400"
"202400033056";"14";"12";"2024";"17:15";"1";"973";"97304";"1";"1";"1";"3";"rn1 PK 43 490";"5,07464700";" -52,60078000"