"Num_Acc";"jour";"mois";"an";"hrmn";"lum";"dep";"com";"agg";"int";"atm";"col";"adr";"lat";"long"
"202400033057";"6";"12";"2024";"15:00";"1";101;101163";"1";"1";"2";"1";"RT40";"41,49070600";"8,97544400"
"202400033058";"14";"12";"2024";"17:20";"5";"11";"11425";"2";"1";"2";"7";"N/A";"43,27566700";"2,33788800"
"202400033059";"14";"12";"2024";"09:10";"2";"34";"34057";"2";"1";"7";"3";"Avenue Georges Frêche";"43,62698200";"3,89876800"
"202400033060";"15";"12";"2024";"06:50";"3";"89";"89442";"1";"1";"1";"6";"A19";"48,11642800";"3,13539500"
"202400033061";"14";"12";"2024";"22:43";"3";"26";"26206";"1";"9";"2";"7";"Route de Beaumont les Valence";"44,84055700";"4,96344900"
"202400033062";"15";"12";"2024";"14:55";"1";"69";"69019";"1";"1";"1";"6";"Route de la Mézerine";"46,10644200";"4,71035600"
"202400033063";"15";"12";"2024";"15:30";"1";"65";"65089";"1";"1";"1";"1";"D918";"42,88331500";"0,03139300"
"202400033064";"15";"12";"2024";"17:15";"2";"79";"79069";"1";"1";"2";"7";"N/A";"46,77674300";" -0,47721900"
"202400033065";"14";"12";"2024";"05:39";"3";"86";"86121";"1";"1";"1";"6";"D62";"46,59833077";"0,06818911"
"202400033066";"14";"12";"2024";"19:00";"3";"33";"33101";"1";"2";"2";"3";"N/A";"45,20061500";" -0,57260900"
"202400033067";"14";"12";"2024";"20:10";"3";"35";"35047";"1";"1";"1";"5";"D177";"48,03502400";" -1,75858500"
"202400033068";"14";"12";"2024";"03:40";"3";"13";"13015";"1";"1";"2";"5";"A51-Sens Aix en Provence vers Marseille";"43,42858285";"5,38846117"
"202400033069";"14";"12";"2024";"18:30";"1";"33";"33281";"1";"1";"1";"5";"N/A";"44,83538400";" -0,67660600"
"202400033070";"14";"12";"2024";"14:06";"1";"33";"33249";"1";"1";"1";"7";"N/A";"44,88460700";" -0,51331200"
"202400033071";"14";"12";"2024";"11:07";"1";"33";"33063";"1";"1";"2";"4";"N/A";"44,88209500";" -0,54799100"
"202400033072";"14";"12";"2024";"13:25";"1";"91";"91521";"1";"1";"1";"5";"RN 440";"48,63373100";"2,40345900"
"202400033073";"10";"12";"2024";"12:30";"1";"91";"91434";"1";"1";"1";"6";"AUTOROUTE A6";"48,66855300";"2,35334400"
"202400033074";"14";"12";"2024";"12:20";"1";"92";"92036";"1";"1";"1";"2";"A86";"48,93784644";"2,29759097"
"202400033075";"14";"12";"2024";"09:10";"1";"92";"92025";"1";"1";"1";"4";"A86";"48,92210032";"2,22649712"
"202400033076";"13";"12";"2024";"23:40";"3";"78";"78043";"1";"1";"1";"6";"A12 Y";"48,84195200";"2,10147600"
"202400033077";"2";"03";"2024";"09:35";"1";"41";"41157";"1";"2";"3";"3";"D20";"47,45478500";"1,57571200"
"202400033078";"3";"03";"2024";"12:05";"1";"85";"85290";"1";"2";"1";"3";"D148";"46,53960840";" -1,02264850"
"202400033079";"3";"03";"2024";"01:30";"3";"21";"21128";"1";"1";"2";"7";"Autoroute A6, PK 258.600, sens Paris-Lyon";"47,28682600";"4,50774300"
"202400033080";"3";"03";"2024";"02:50";"3";"76";"76244";"1";"1";"5";"3";"A28 PK 063+300";"49,71168800";"1,38526400"
"202400033081";"3";"03";"2024";"06:15";"3";"58";"58086";"1";"1";"3";"1";"A77";"47,41156500";"2,94579500"
"202400033082";"3";"03";"2024";"09:40";"1";"66";"66028";"2";"1";"1";"3";"Avenue André Ampère";"42,68840700";"2,91993400"
"202400033083";"3";"03";"2024";"17:40";"1";"56";"56185";"1";"1";"1";"1";"Kercadoret";"47,79216900";" -3,39194300"
"202400033084";"3";"03";"2024";"18:25";"2";"74";"74131";"1";"1";"1";"1";"Route départementale 1508";"46,02323600";"5,90611700"
"202400033085";"2";"03";"2024";"21:45";"5";"76";"76230";"2";"1";"1";"6";"Route du Héron";"49,47036200";"1,39523700"
"202400033086";"3";"03";"2024";"14:50";"1";"80";"80808";"1";"2";"1";"1";"D12";"50,30332100";"1,84370800"
"202400033087";"3";"03";"2024";"12:30";"1";"55";"55198";"1";"1";"1";"1";"D904";"49,10139176";"5,62143832"
"202400033088";"2";"03";"2024";"14:40";"1";"42";"42062";"2";"4";"1";"3";"Route de Saint Galmier";"45,58928700";"4,39870500"
"202400033089";"3";"03";"2024";"03:30";"3";"42";"42238";"1";"1";"3";"7";"Route de Saint-Priest";"45,79426500";"3,80883300"
"202400033090";"1";"03";"2024";"16:00";"1";"44";"44096";"2";"1";"2";"3";"45 Rue de la Vieille Cour";"47,43185600";" -1,23056500"
"202400033091";"2";"03";"2024";"17:20";"1";"31";"31264";"1";"1";"8";"6";"D622";"43,33596000";"1,39794600"
"202400033092";"2";"03";"2024";"15:50";"1";"03";"03029";"1";"1";"2";"6";"D130 - Lieu dit : ""CHALUS""";"46,24360500";"3,46030700"
"202400033093";"2";"03";"2024";"23:10";"3";"01";"01269";"1";"1";"1";"1";"Route de La-cluse";"46,16510500";"5,58459500"
"202400033094";"3";"03";"2024";"18:30";"2";"50";"50425";"1";"1";"1";"7";"Carrefour des Feuffes";"49,52620400";" -1,64376500"
"202400033095";"3";"03";"2024";"04:35";"3";"64";"64436";"1";"1";"3";"1";"Route départementale 918";"43,25183000";" -1,31861700"
"202400033096";"3";"03";"2024";"04:59";"3";"07";"07225";"2";"1";"3";"6";"Route de Savas";"45,27639600";"4,67890400"
"202400033097";"3";"03";"2024";"09:55";"1";"37";"37282";"2";"1";"1";"6";"55 Rue Pasteur";"46,78494484";"0,87545751"
"202400033098";"2";"03";"2024";"21:40";"4";"30";"30163";"1";"1";"2";"7";"N/A";"43,95575400";"4,17585600"
"202400033099";"2";"03";"2024";"21:00";"3";"13";"13050";"1";"1";"2";"7";"Route de Pelissanne";"43,64935200";"5,22398800"
"202400033100";"2";"03";"2024";"19:35";"3";"03";"03031";"1";"1";"3";"6";"A71 PK 296.000";"46,38838700";"2,71785000"
"202400033101";"1";"03";"2024";"15:05";"1";"38";"38189";"1";"1";"1";"3";"D518z";"45,63948800";"5,04723100"
"202400033102";"2";"03";"2024";"00:11";"5";"987";"98714";"2";"1";"1";"6";"Vaitape - face magasin Bora Home Dépôt";" -16,38800000";" -151,76500000"
"202400033103";"3";"03";"2024";"12:25";"1";"988";"98822";"2";"1";"1";"6";"Tiéti (Tribu)";" -20,91544600";"165,30252500"
"202400033104";"9";"04";"2024";"00:35";"3";"23";"23096";"1";"9";"2";"6";"RN 145";"46,18255471";"1,87748940"
"202400033105";"9";"04";"2024";"13:55";"1";"19";"19031";"2";"1";"2";"2";"DUBOIS (BOULEVARD CARDINAL)";"45,16300000";"1,54062000"
"202400033106";"26";"02";"2024";"18:30";"2";"971";"97117";"2";"1";"1";"3";"RN 5";"16,33447700";" -61,36616900"
"202400033107";"9";"04";"2024";"23:00";"4";"13";"13203";"2";"1";"1";"1";"ROGER SALENGRO (AVENUE)";"43,32054000";"5,36744000"
"202400033108";"24";"02";"2024";"18:55";"3";"13";"13081";"1";"1";"1";"1";"D113";"43,50471400";"5,20926800"
"202400033109";"2";"03";"2024";"13:55";"1";"13";"13022";"1";"1";"8";"7";"D559a";"43,22655300";"5,58623700"
"202400033110";"9";"04";"2024";"07:43";"1";"13";"13212";"2";"1";"1";"3";"POILUS (AVENUE DES)";"43,31800000";"5,45900000"
"202400033111";"2";"03";"2024";"11:30";"1";"13";"13030";"1";"1";"8";"1";"D8n";"43,26870600";"5,67572600"
"202400033112";"8";"04";"2024";"14:30";"1";"13";"13201";"2";"1";"1";"1";"JEAN BALLARD (COURS)";"43,29347949";"5,37426508"
"202400033113";"2";"03";"2024";"23:45";"3";"54";"54346";"1";"1";"2";"6";"RD907";"48,79589600";"5,96755000"
"202400033114";"9";"04";"2024";"17:30";"1";"11";"11069";"2";"1";"2";"3";"N/A";"43,20543900";"2,33032200"
"202400033115";"8";"04";"2024";"18:10";"1";"10";"10325";"2";"1";"1";"6";"PASTEUR (RUE)";"48,26250000";"4,08020000"
"202400033116";"28";"02";"2024";"11:00";"1";"01";"01313";"1";"3";"1";"3";"D35B";"46,25407600";"6,06288100"
"202400033117";"2";"03";"2024";"16:00";"1";"69";"69228";"1";"1";"8";"7";"2090 Route de Sainte-Catherine";"45,59582800";"4,59428600"
"202400033118";"7";"04";"2024";"19:25";"1";"06";"06088";"2";"1";"1";"6";"Promenade des Anglais";"43,69501000";"7,26555000"
"202400033119";"2";"03";"2024";"06:12";"3";"17";"17086";"1";"1";"2";"1";"58 Route des Passereaux";"45,74539500";" -0,58182500"
"202400033120";"9";"04";"2024";"19:32";"1";"06";"06004";"1";"6";"1";"3";"Route du Bord de Mer";"43,61120000";"7,12671000"
"202400033121";"3";"03";"2024";"12:00";"1";"50";"50149";"1";"1";"1";"3";"D22";"49,55620000";" -1,68353400"
"202400033122";"9";"04";"2024";"10:45";"1";"06";"06004";"2";"6";"2";"2";"55 Avenue de Cannes";"43,57387200";"7,09075200"
"202400033123";"2";"03";"2024";"15:25";"1";"14";"14753";"2";"3";"1";"2";"Chemin de Bougran";"48,93374200";" -0,26168700"
"202400033124";"8";"04";"2024";"17:05";"1";"04";"04112";"2";"1";"1";"6";"DEPARTEMENTALE 4096";"43,82076000";"5,78721000"
"202400033125";"3";"03";"2024";"18:10";"1";"60";"60170";"1";"2";"1";"3";"D924";"49,20365100";"2,55075100"
"202400033126";"9";"04";"2024";"17:00";"1";"75";"75120";"2";"1";"1";"3";"BD PERIPHERIQUE INTERIEUR";"48,86964300";"2,41326700"
"202400033127";"9";"04";"2024";"08:15";"1";"75";"75116";"2";"1";"1";"4";"BD PERIPHERIQUE INTERIEUR";"48,85716600";"2,25862000"
"202400033128";"3";"03";"2024";"14:25";"1";"60";"60570";"1";"2";"1";"3";"D923";"49,25067400";"2,03926700"
"202400033129";"7";"04";"2024";"00:01";"5";"75";"75112";"2";"1";"1";"5";"ECHANGEUR CHARENTON";"48,83025825";"2,40253508"
"202400033130";"2";"03";"2024";"20:00";"3";"80";"80685";"1";"1";"3";"6";"Autoroute A1 sortie 12 PK 101.100 SENS PARIS/LILLE";"49,70247400";"2,77206300"
"202400033131";"7";"04";"2024";"05:54";"2";"75";"75105";"2";"1";"1";"6";"BOULEVARD DE L HOPITAL";"48,84100800";"2,36256300"
"202400033132";"2";"03";"2024";"22:50";"4";"59";"59370";"2";"1";"1";"4";"41 Route de Mons";"50,30785467";"3,97707378"
"202400033133";"9";"04";"2024";"13:15";"1";"75";"75119";"2";"3";"1";"2";"RUE DE L INSPECTEUR ALLES";"48,88009000";"2,39432000"
"202400033134";"2";"03";"2024";"01:39";"3";"78";"78322";"1";"1";"8";"2";"RN12 EXT";"48,78696000";"2,14949000"
"202400033135";"9";"04";"2024";"11:25";"1";"75";"75119";"2";"2";"1";"6";"AVENUE JEAN JAURES";"48,88780100";"2,38927100"
"202400033136";"2";"03";"2024";"14:50";"1";"93";"93007";"1";"1";"3";"4";"A1";"48,94925302";"2,44676549"
"202400033137";"2";"03";"2024";"02:50";"3";"95";"95252";"1";"9";"1";"6";"A15";"48,98651405";"2,21082482"
"202400033138";"9";"04";"2024";"00:18";"5";"75";"75119";"2";"2";"2";"3";"AVENUE DE FLANDRE";"48,89231600";"2,37917800"
"202400033139";"9";"04";"2024";"10:45";"1";"75";"75117";"2";"2";"1";"1";"AVENUE DES TERNES";"48,87970700";"2,28929900"
"202400033140";"1";"03";"2024";"16:50";"1";"92";"92036";"1";"1";"1";"4";"RN 315 ";"48,93664875";"2,29983248"
"202400033141";"9";"04";"2024";"18:20";"1";"75";"75116";"2";"3";"2";"6";"AVENUE DE VERSAILLES";"48,84169500";"2,26682300"
"202400033142";"19";"01";"2024";"11:45";"1";"03";"03229";"2";"1";"1";"3";"38 rue du bourbonnais";"46,67354600";"3,41888500"
"202400033143";"1";"03";"2024";"15:03";"1";"93";"93010";"1";"1";"1";"2";"A3";"48,90722835";"2,47254249"
"202400033144";"19";"01";"2024";"19:00";"5";"26";"26235";"2";"1";"6";"7";"Rue Comtesse de Segur";"44,38419200";"4,70353200"
"202400033145";"9";"04";"2024";"08:15";"1";"75";"75115";"2";"4";"1";"7";"RUE DE VAUGIRARD";"48,83391900";"2,29009800"
"202400033146";"1";"03";"2024";"08:15";"1";"93";"93029";"1";"1";"1";"2";"A86";"48,92075942";"2,42793146"
"202400033147";"20";"01";"2024";"14:50";"1";"69";"69188";"1";"1";"1";"1";"Route de Lyon";"45,92166747";"4,47264102"
"202400033148";"8";"04";"2024";"13:40";"1";"75";"75115";"2";"2";"1";"3";"BOULEVARD DU MONTPARNASSE";"48,84470200";"2,32125300"
"202400033149";"1";"03";"2024";"09:00";"1";"94";"94065";"1";"1";"1";"2";"A86";"48,75377505";"2,36790615"
"202400033150";"19";"01";"2024";"15:45";"1";"85";"85155";"1";"1";"1";"2";"RD 763 point kilométrique 046+100";"46,70800700";" -1,42969000"
"202400033151";"9";"04";"2024";"17:45";"1";"75";"75112";"2";"3";"1";"6";"RUE DE PICPUS";"48,84233400";"2,39788600"
"202400033152";"29";"02";"2024";"16:30";"2";"987";"98736";"2";"1";"1";"3";"ARIIPAEA POMARE (AV)";" -17,53065500";" -149,56272500"
"202400033153";"17";"01";"2024";"18:30";"5";"14";"14047";"2";"3";"2";"6";"26 Avenue Guillaume le Conquérant";"49,28767600";" -0,71154700"
"202400033154";"9";"04";"2024";"11:40";"1";"75";"75111";"2";"3";"8";"6";"AVENUE PARMENTIER";"48,86934600";"2,37163600"
"202400033155";"28";"02";"2024";"07:20";"1";"974";"97411";"2";"3";"1";"1";"TOMI (RUE MAURICE)";" -20,90676000";"55,50092000"
"202400033156";"15";"01";"2024";"13:48";"1";"62";"62060";"2";"4";"1";"6";"Rue Wallart";"50,23263837";"2,11543179"
"202400033157";"23";"02";"2024";"05:10";"2";"974";"97411";"1";"1";"2";"7";"MONTAGNE (ROUTE DE LA)";" -20,88647000";"55,43732000"
"202400033158";"19";"01";"2024";"07:00";"5";"13";"13212";"1";"1";"1";"4";"A507 sens Aubagne- Marseille";"43,29254000";"5,42506000"
"202400033159";"1";"03";"2024";"18:20";"1";"974";"97409";"2";"9";"1";"6";"DE LA REPUBLIQUE(AVENUE)";" -20,96285000";"55,65857000"
"202400033160";"9";"04";"2024";"09:49";"1";"75";"75109";"2";"3";"1";"6";"RUE DU HAVRE";"48,87416400";"2,32706700"
"202400033161";"17";"01";"2024";"06:05";"3";"57";"57452";"1";"1";"9";"2";"Autoroute A31";"49,16665740";"6,18097953"
"202400033162";"1";"03";"2024";"08:10";"1";"974";"97407";"2";"1";"1";"3";"Pierre BROSSOLETTE";" -20,95289000";"55,30341000"
"202400033163";"1";"03";"2024";"14:30";"1";"973";"97302";"1";"9";"1";"7";"LEBLOND (ROND POINT)";"4,92157119";" -52,32975304"
"202400033164";"16";"05";"2024";"14:00";"1";"75";"75102";"2";"2";"1";"3";"BOULEVARD DE SEBASTOPOL";"48,86441300";"2,35152600"
"202400033165";"8";"04";"2024";"15:30";"1";"75";"75108";"2";"2";"1";"3";"ROND POINT CHAMPS ELYSEES MARCEL DASSAUL";"48,86889200";"2,31033500"
"202400033166";"1";"03";"2024";"04:05";"5";"973";"97302";"2";"6";"1";"7";"MADELEINE (ROUTE DE LA)";"4,92466000";" -52,32321000"
"202400033167";"16";"05";"2024";"19:30";"1";"94";"94081";"2";"3";"1";"1";"Rue Mario Capra / Avenue Rabelais";"48,78324000";"2,38980000"
"202400033168";"8";"04";"2024";"14:29";"1";"75";"75108";"2";"4";"1";"2";"BOULEVARD MALESHERBES";"48,87103100";"2,32246100"
"202400033169";"8";"01";"2024";"08:35";"1";"57";"57433";"1";"1";"1";"5";"Autoroute A31";"49,19580000";"6,17520000"
"202400033170";"29";"02";"2024";"21:35";"5";"973";"97302";"2";"3";"1";"3";"BADUEL (ROUTE DE)";"4,92880868";" -52,29472071"
"202400033171";"17";"05";"2024";"15:00";"1";"94";"94067";"2";"1";"2";"4";"Avenue de Paris";"48,84608000";"2,42174000"
"202400033172";"9";"04";"2024";"14:14";"1";"75";"75104";"2";"3";"2";"7";"QUAI DES CELESTINS";"48,85243500";"2,36055100"
"202400033173";"15";"05";"2024";"08:30";"1";"94";"94033";"2";"3";"1";"3";"Avenue de Lattre de Tassigny / Rue des Marais";"48,85784000";"2,49149000"
"202400033174";"19";"01";"2024";"21:25";"4";"33";"33366";"1";"9";"1";"2";"N/A";"44,98031000";" -0,42981000"
"202400033175";"1";"03";"2024";"06:14";"2";"69";"69387";"2";"8";"1";"3";"Avenue Tony Garnier";"45,73163000";"4,82404000"
"202400033176";"9";"04";"2024";"13:10";"1";"75";"75103";"2";"1";"2";"3";"BOULEVARD SAINT MARTIN";"48,86832300";"2,35962100"
"202400033177";"16";"05";"2024";"14:30";"1";"94";"94028";"2";"1";"1";"6";"Rue de Brie";"48,78441500";"2,47002700"
"202400033178";"1";"03";"2024";"11:25";"1";"972";"97209";"2";"9";"1";"6";"PAUL NARDAL (AVENUE)";"14,61016000";" -61,07330000"
"202400033179";"18";"01";"2024";"15:20";"1";"33";"33013";"1";"9";"2";"2";"N/A";"44,86676300";" -0,50383000"
"202400033180";"9";"04";"2024";"09:30";"1";"75";"75104";"2";"1";"1";"7";"VOIE GEORGES POMPIDOU";"48,85112000";"2,36112000"
"202400033181";"17";"05";"2024";"18:20";"1";"94";"94054";"2";"1";"1";"6";"17 Rue Victor Hugo";"48,74522032";"2,40447599"
"202400033182";"24";"02";"2024";"07:15";"1";"971";"97101";"1";"1";"1";"3";"BESSON";"16,23718000";" -61,51165000"
"202400033183";"9";"04";"2024";"02:15";"5";"75";"75101";"2";"3";"1";"6";"RUE DE RIVOLI";"48,85850400";"2,34821500"
"202400033184";"18";"01";"2024";"08:10";"2";"33";"33487";"1";"1";"2";"3";"N/A";"44,94534000";" -0,46564000"
"202400033185";"17";"05";"2024";"08:03";"1";"94";"94059";"2";"3";"1";"6";"avenue ardouin / allée de wagrowiec";"48,80906353";"2,57376328"
"202400033186";"17";"05";"2024";"08:45";"1";"94";"94017";"2";"1";"1";"7";"Avenue Jack Gourévitch";"48,82284433";"2,49032432"
"202400033187";"19";"01";"2024";"00:15";"3";"93";"93006";"1";"1";"8";"3";"A3";"48,86954736";"2,42993693"
"202400033188";"23";"02";"2024";"18:00";"3";"971";"97113";"1";"1";"2";"1";"SECTION PLIANE";"16,21422000";" -61,46600000"
"202400033189";"8";"04";"2024";"20:20";"2";"94";"94042";"2";"2";"1";"3";"Avenue du Général Galliéni / Avenue Pauline";"48,82004000";"2,47814100"
"202400033190";"18";"01";"2024";"03:50";"3";"93";"93007";"1";"1";"4";"6";"A3";"48,93263882";"2,48078248"
"202400033191";"14";"05";"2024";"12:45";"1";"94";"94004";"2";"3";"1";"3";"Rue de Valenton / Rue de la Procession";"48,74411779";"2,50512262"
"202400033192";"29";"01";"2024";"10:40";"1";"971";"97113";"2";"9";"1";"1";"MONTAUBAN (SECTEUR)";"16,21296100";" -61,50039732"
"202400033193";"9";"04";"2024";"07:20";"1";"94";"94046";"2";"2";"1";"6";"Avenue de la République / Avenue Gambetta";"48,80654000";"2,44324000"
"202400033194";"19";"01";"2024";"09:55";"1";"77";"77175";"1";"1";"1";"2";"RN104";"48,67215300";"2,61152000"
"202400033195";"17";"05";"2024";"18:55";"1";"94";"94002";"2";"3";"1";"1";"Rue Emile Zola / Rue des Oeillets";"48,79903000";"2,42436000"
"202400033196";"18";"01";"2024";"07:00";"1";"976";"97611";"2";"1";"3";"6";"mgombani-Mahabou (rue de )";" -12,78353000";"45,23326000"
"202400033197";"18";"02";"2024";"06:50";"1";"971";"97101";"1";"1";"1";"3";"ROUTE DE BOULIQUI";"16,28594000";" -61,46031000"
"202400033198";"8";"04";"2024";"21:10";"5";"94";"94037";"2";"3";"1";"3";"Avenue Paul Vaillant-Couturier / Rue Benoît Malon";"48,81629000";"2,34165000"
"202400033199";"16";"05";"2024";"17:05";"1";"94";"94002";"2";"1";"1";"2";"Quai Blanqui";"48,81412000";"2,41139000"
"202400033200";"18";"01";"2024";"11:55";"1";"974";"97407";"1";"1";"1";"7";"ROUTE NATIONALE N° 1";" -20,95180000";"55,31730000"
"202400033201";"1";"03";"2024";"11:15";"1";"95";"95268";"2";"1";"2";"6";"MUETTE (BOULEVARD DE LA) ";"48,97297540";"2,42103159"
"202400033202";"17";"05";"2024";"17:20";"1";"77";"77282";"2";"1";"1";"6";"CHAPIT RE ( RUE DU)";"49,01466904";"2,56419218"
"202400033203";"9";"04";"2024";"00:01";"5";"94";"94081";"2";"1";"2";"6";"86 Avenue Paul Vaillant Couturier";"48,79461331";"2,39692309"
"202400033204";"18";"01";"2024";"17:40";"1";"972";"97213";"1";"1";"1";"3";"AUTOROUTE A1";"14,61845000";" -61,03071000"
"202400033205";"1";"03";"2024";"19:20";"5";"95";"95555";"2";"1";"3";"3";"PIERRE CURIE (RUE)";"48,96347000";"2,27893000"
"202400033206";"17";"05";"2024";"10:32";"1";"93";"93066";"2";"2";"1";"1";"Avenue de Verdun / Rue d'Argenteuil";"48,94295200";"2,36667600"
"202400033207";"17";"05";"2024";"13:48";"1";"93";"93077";"2";"1";"1";"3";"Rue Laënnec";"48,88028000";"2,49612000"
"202400033208";"18";"01";"2024";"06:10";"1";"972";"97213";"2";"2";"1";"2";"ROUTE NATIONALE 1";"14,61980000";" -61,00512000"
"202400033209";"1";"03";"2024";"09:30";"1";"91";"91645";"2";"9";"2";"3";"GABRIEL PERI (AVENUE)";"48,73893000";"2,26703000"
"202400033210";"9";"04";"2024";"17:00";"1";"93";"93066";"2";"3";"1";"3";"COLONEL FABIEN (AVENUE)";"48,94481657";"2,35347246"
"202400033211";"18";"01";"2024";"12:45";"1";"972";"97209";"2";"1";"1";"6";"ROBERT ATTULY (BOULEVARD)";"14,60224000";" -61,07786000"
"202400033212";"17";"05";"2024";"18:56";"1";"93";"93055";"2";"1";"8";"2";"Quai de l’Ourcq";"48,89538000";"2,40895000"
"202400033213";"2";"03";"2024";"02:10";"5";"84";"84007";"2";"1";"1";"6";"SAINT LAZARE (Boulevard)";"43,95169000";"4,81950000"
"202400033214";"9";"04";"2024";"05:00";"5";"93";"93062";"2";"2";"1";"6";"Allée de Montfermeil / Allée du Château d'Eau";"48,89644000";"2,52935000"
"202400033215";"29";"02";"2024";"19:35";"3";"83";"83126";"1";"1";"1";"6";"VAROISE (CORNICHE)";"43,05880445";"5,85809573"
"202400033216";"18";"01";"2024";"08:15";"1";"972";"97209";"2";"3";"1";"3";"PROFESSEUR RAYMOND GARCIN (RUE DU)";"14,61788000";" -61,07814000"
"202400033217";"14";"05";"2024";"16:45";"1";"93";"93053";"2";"3";"2";"5";"Rue du Parc / Avenue de Bobigny";"48,89550000";"2,44350000"
"202400033218";"8";"04";"2024";"20:35";"2";"93";"93055";"2";"1";"1";"2";"Rue de Moscou";"48,89076100";"2,40514500"
"202400033219";"18";"01";"2024";"18:30";"5";"69";"69385";"2";"2";"3";"6";"Rue Joliot Curie";"45,75471000";"4,78871000"
"202400033220";"16";"02";"2024";"16:50";"1";"83";"83061";"2";"1";"1";"1";"AVENUE DES HIRONDELLES";"43,45818000";"6,76437000"
"202400033221";"17";"05";"2024";"18:45";"1";"93";"93049";"2";"2";"1";"3";"Rue de la Pelouse / Rue Médéric";"48,86810000";"2,50200000"
"202400033222";"16";"01";"2024";"13:00";"1";"971";"97107";"2";"9";"2";"6";"DUMANOIR ( ALLEE )";"16,04079000";" -61,56480000"
"202400033223";"9";"04";"2024";"16:00";"1";"93";"93049";"2";"2";"2";"3";"Boulevard Galliéni / Rue Edgar Quinet";"48,85282000";"2,51322000"
"202400033224";"15";"05";"2024";"19:15";"1";"93";"93032";"2";"1";"1";"6";"Allée du Plateau";"48,89662000";"2,53682000"
"202400033225";"1";"03";"2024";"10:00";"1";"82";"82121";"2";"6";"8";"3";"avenue leon gambetta";"44,01912000";"1,35968000"
"202400033226";"18";"01";"2024";"11:18";"1";101;101004";"2";"9";"1";"2";"GEORGES POMPIDOU AVENUE";"41,93379000";"8,75365000"
"202400033227";"9";"04";"2024";"18:30";"1";"93";"93046";"2";"1";"1";"6";"Allée Jean Coulon";"48,92854472";"2,55621529"
"202400033228";"17";"05";"2024";"15:20";"1";"93";"93047";"2";"2";"1";"3";"Avenue des Charmilles / Avenue des Myosotis";"48,89242000";"2,54883000"
"202400033229";"18";"01";"2024";"07:00";"5";101;101004";"2";"1";"2";"2";"#ROUTE DU STILETTO#";"41,94666000";"8,77257000"
"202400033230";"1";"03";"2024";"12:45";"1";"79";"79329";"2";"3";"8";"6";"N/A";"46,98032300";" -0,21241000"
"202400033231";"8";"04";"2024";"15:20";"1";"92";"92073";"2";"9";"1";"6";"LECLERC (PLACE DU GENERAL)";"48,86948000";"2,22659000"
"202400033232";"17";"05";"2024";"20:45";"1";"93";"93010";"2";"1";"1";"2";"Avenue de Rosny";"48,89972500";"2,47097700"
"202400033233";"18";"01";"2024";"09:30";"1";"91";"91692";"1";"6";"4";"2";"RD 35";"48,67388000";"2,19446000"
"202400033234";"9";"04";"2024";"13:00";"1";"92";"92051";"2";"9";"1";"3";"GEORGES SEURAT (BOULEVARD)";"48,89432555";"2,26723945"
"202400033235";"1";"03";"2024";"08:20";"2";"79";"79191";"2";"2";"2";"1";"N/A";"46,32169000";" -0,45554000"
"202400033236";"16";"05";"2024";"23:55";"5";"93";"93010";"2";"3";"1";"3";"Rue Jules Guesde / Rue Gatine";"48,90365200";"2,47709200"
"202400033237";"18";"01";"2024";"17:45";"5";"91";"91286";"1";"1";"1";"4";"EMILE ALLIAUD (AVENUE)";"48,64973000";"2,38497000"
"202400033238";"17";"05";"2024";"16:15";"1";"93";"93005";"2";"1";"1";"3";"Route de Bondy";"48,92544400";"2,49073600"
"202400033239";"1";"03";"2024";"09:20";"1";"78";"78650";"2";"2";"2";"3";"PRINCESSE (AVENUE DE LA)";"48,88686800";"2,13502500"
"202400033240";"9";"04";"2024";"11:45";"1";"92";"92050";"2";"3";"1";"5";"CLEMENCEAU GEORGES AVENUE N°IMPAIR";"48,88665410";"2,20665103"
"202400033241";"17";"05";"2024";"07:50";"1";"93";"93001";"2";"1";"1";"6";"Rue Charles Tillon";"48,91928500";"2,39365300"
"202400033242";"18";"01";"2024";"08:40";"1";"91";"91174";"2";"6";"8";"3";"PAUL MAINTENANT (AVENUE)";"48,61103000";"2,45336000"
"202400033243";"9";"04";"2024";"17:40";"1";"92";"92020";"2";"1";"1";"3";"REPUBLIQUE AV. N°27 A 105 ET 26 A 178";"48,80811000";"2,29951000"
"202400033244";"1";"03";"2024";"07:00";"2";"77";"77373";"2";"6";"1";"3";"PARIS (ROUTE DE )";"48,77850158";"2,58622753"
"202400033245";"17";"01";"2024";"08:14";"1";"84";"84081";"2";"2";"2";"6";"CARDINAL BERTRAND (Cours)-MONTFAVET";"43,94105000";"4,90959000"
"202400033246";"17";"05";"2024";"15:36";"1";"92";"92033";"2";"1";"1";"4";"BUZENVAL";"48,85201508";"2,20460826"
"202400033247";"8";"04";"2024";"16:00";"1";"92";"92020";"2";"1";"1";"3";"REPUBLIQUE AV. N°27 A 105 ET 26 A 178";"48,80265783";"2,29700232"
"202400033248";"15";"01";"2024";"18:15";"5";"83";"83126";"2";"9";"1";"3";"Ytzhak RABIN - D63";"43,11494570";"5,87144770"
"202400033249";"16";"05";"2024";"19:10";"1";"92";"92040";"2";"1";"1";"6";"VERDUN (AVENUE DE) DU 115 AU 149";"48,81785343";"2,24994403"
"202400033250";"1";"03";"2024";"09:15";"1";"77";"77464";"2";"3";"9";"1";"AVISE  (RUE D')";"48,88298000";"2,71492000"
"202400033251";"18";"01";"2024";"20:15";"5";"77";"77169";"2";"1";"1";"7";"CLOS DE L'AUMONE (BOULEVARD DU)";"48,82736000";"2,60006000"
"202400033252";"9";"04";"2024";"14:25";"1";"92";"92012";"2";"1";"2";"2";"REINE (ROUTE DE LA) 1/37- 6/80";"48,83906385";"2,24729481"
"202400033253";"16";"05";"2024";"12:55";"1";"92";"92036";"2";"1";"1";"3";"GENERAL DE GAULLE (AVENUE) (PAIRS)";"48,93363889";"2,31165218"
"202400033254";"28";"02";"2024";"16:00";"1";"77";"77186";"1";"1";"1";"3";"RD607";"48,44356000";"2,64324000"
"202400033255";"17";"01";"2024";"19:45";"4";"76";"76351";"2";"1";"4";"2";"GEORGE V (QUAI)";"49,49093400";"0,11328600"
"202400033256";"9";"04";"2024";"18:51";"1";"92";"92007";"2";"1";"1";"3";"BRIAND (AVENUE ARISTIDE) N° 100 A 160";"48,79816116";"2,32253194"
"202400033257";"16";"05";"2024";"08:40";"1";"92";"92036";"2";"3";"1";"3";"GRESILLONS (AVENUE DES) (141/215)";"48,91838401";"2,30995417"
"202400033258";"18";"01";"2024";"12:00";"1";"76";"76217";"2";"3";"1";"6";"BLD DU MARECHAL JOFFRE";"49,92286000";"1,07611000"
"202400033259";"1";"03";"2024";"04:10";"5";"76";"76351";"2";"1";"2";"3";"COLBERT (QUAI)";"49,49118000";"0,12584000"
"202400033260";"17";"05";"2024";"00:40";"5";"92";"92026";"2";"9";"1";"3";"VERDUN (DE 01 A 61)";"48,90024100";"2,26095915"
"202400033261";"5";"04";"2024";"17:45";"1";"92";"92009";"2";"2";"8";"3";"CHARLES-DE-GAULLE ( AVENUE )";"48,91691000";"2,27306000"
"202400033262";"18";"01";"2024";"13:30";"1";"72";"72181";"2";"6";"1";"3";"FALCONET ETIENNE (RUE)";"47,96916000";"0,21495000"
"202400033263";"10";"04";"2024";"16:30";"1";"65";"65304";"1";"1";"1";"7";"D943";"43,46354700";"0,00650200"
"202400033264";"17";"05";"2024";"21:30";"2";"92";"92012";"2";"1";"1";"3";"REPUBLIQUE (BOULEVARD DE LA) 79/FIN - 76";"48,83343425";"2,24432731"
"202400033265";"1";"03";"2024";"21:00";"5";"74";"74010";"2";"2";"1";"3";"REPUBLIQUE (AVENUE DE LA)";"45,90645000";"6,11363000"
"202400033266";"17";"01";"2024";"19:50";"5";"72";"72181";"1";"6";"1";"4";"ALENCON (RTE D')";"48,03141000";"0,17863000"
"202400033267";"16";"05";"2024";"16:40";"1";"92";"92002";"2";"1";"1";"3";"GENERAL DE GAULLE (AVENUE DU)";"48,76382187";"2,30840975"
"202400033268";"8";"02";"2024";"19:00";"3";"73";"73011";"2";"4";"1";"3";"CASSINE (CH. DE LA) DE L. ARMAND A WINNE";"45,65531376";"6,36553024"
"202400033269";"18";"01";"2024";"16:20";"1";"69";"69264";"2";"1";"2";"1";"Route de Riottier";"45,98004000";"4,73266000"
"202400033270";"18";"05";"2024";"02:35";"4";"33";"33243";"2";"1";"1";"6";"N/A";"44,94360700";" -0,23523500"
"202400033271";"8";"04";"2024";"12:15";"1";"08";"08268";"1";"3";"2";"3";"départemenatle";"49,59772480";"4,91682118"
"202400033272";"29";"02";"2024";"19:00";"3";"72";"72181";"2";"1";"2";"3";"ZOLA EMILE (BD) N° IMP 1 A 67";"47,99464000";"0,19617000"
"202400033273";"18";"01";"2024";"18:30";"5";"69";"69259";"2";"2";"2";"6";"Rue Gambetta";"45,69631000";"4,88381000"
"202400033274";"18";"05";"2024";"05:11";"2";"95";"95116";"1";"1";"5";"1";"D924";"49,15997996";"2,31983369"
"202400033275";"9";"04";"2024";"16:00";"1";101;101348";"1";"1";"1";"1";"RD81";"42,11191300";"8,65578900"
"202400033276";"28";"02";"2024";"11:20";"1";"71";"71445";"2";"1";"1";"3";"GRANDE RUE";"46,77586000";"4,88889000"
"202400033277";"17";"01";"2024";"18:00";"5";"67";"67447";"2";"3";"2";"3";"GENERAL DE GAULLE (ROUTE DU)";"48,60809300";"7,73508000"
"202400033278";"10";"05";"2024";"21:55";"5";"33";"33138";"2";"4";"1";"3";"N/A";"45,04239100";" -0,12587100"
"202400033279";"10";"04";"2024";"17:00";"1";"71";"71550";"1";"1";"1";"6";"A6 Pk 365.500 sens Lyon-Paris";"46,49891300";"4,90121100"
"202400033280";"17";"01";"2024";"17:50";"3";"67";"67482";"2";"8";"2";"6";"BRANTOME (RUE)";"48,54886000";"7,76587000"
"202400033281";"1";"03";"2024";"12:00";"1";"69";"69275";"2";"1";"1";"5";"Avenue Jean Jaurès";"45,77108000";"4,96145000"
"202400033282";"7";"04";"2024";"05:15";"3";"51";"51398";"1";"1";"1";"7";"RD 24";"49,13899824";"3,83969551"
"202400033283";"17";"05";"2024";"12:50";"1";"33";"33030";"2";"3";"2";"1";"N/A";"44,60158300";" -0,33645100"
"202400033284";"18";"01";"2024";"18:30";"5";"66";"66136";"2";"3";"1";"3";"N/A";"42,69049277";"2,88547218"
"202400033285";"18";"05";"2024";"11:00";"1";"84";"84137";"1";"1";"1";"6";"Chemin des Bois Communaux";"44,21736200";"5,06764800"
"202400033286";"1";"03";"2024";"23:20";"5";"69";"69259";"1";"1";"1";"2";"Boulevard Laurent Bonnevay";"45,71876000";"4,87181000"
"202400033287";"9";"04";"2024";"19:10";"1";"41";"41091";"1";"1";"1";"6";"Autoroute A10 - PK 155.300";"47,61800000";"1,26000000"
"202400033288";"17";"01";"2024";"18:20";"3";"66";"66136";"1";"9";"1";"2";"Avenue Rosette BLANC";"42,69945000";"2,91132000"
"202400033289";"17";"05";"2024";"18:30";"1";"83";"83054";"1";"1";"1";"2";"A57 PK 009.050";"43,16068500";"6,04871400"
"202400033290";"10";"04";"2024";"05:50";"3";"62";"62820";"1";"1";"1";"1";"D939";"50,35247100";"2,50436800"
"202400033291";"18";"01";"2024";"07:03";"5";"63";"63113";"2";"6";"3";"3";"M69-Bd Daniel Mayer";"45,79313000";"3,09586000"
"202400033292";"1";"03";"2024";"11:20";"1";"69";"69271";"2";"9";"1";"3";"Avenue Charles de Gaulle";"45,73854029";"4,93565783"
"202400033293";"18";"05";"2024";"05:50";"1";"972";"97221";"1";"1";"1";"2";"N5";"14,50800200";" -60,98148100"
"202400033294";"17";"01";"2024";"22:00";"5";"57";"57143";"2";"1";"2";"6";"PALISSADES (RUE DES)";"49,26390000";"6,09922000"
"202400033295";"17";"05";"2024";"12:05";"1";"972";"97231";"1";"1";"1";"1";"D7";"14,53517700";" -61,05033900"
"202400033296";"29";"02";"2024";"08:55";"1";"69";"69029";"2";"3";"1";"3";"Montée des Charmilles";"45,72482000";"4,89053000"
"202400033297";"9";"04";"2024";"19:30";"1";"51";"51083";"1";"3";"1";"3";"D68";"49,03118600";"4,84411200"
"202400033298";"9";"04";"2024";"21:30";"3";"59";"59601";"1";"1";"1";"2";"D963";"50,07180845";"4,10815673"
"202400033299";"18";"01";"2024";"13:50";"1";"51";"51454";"2";"1";"4";"3";"DUMONT D'URVILLE (RUE)";"49,22810000";"4,03756000"
"202400033300";"28";"02";"2024";"20:45";"5";"69";"69199";"2";"3";"1";"1";"Boulevard Yves Farge";"45,70090000";"4,85617000"
"202400033301";"10";"04";"2024";"16:50";"1";"76";"76736";"1";"1";"1";"1";"Route de Fécamp";"49,84585600";"0,57735600"
"202400033302";"18";"05";"2024";"02:00";"3";"35";"35337";"1";"1";"2";"7";"La Chauvetais";"48,29728400";" -1,81935300"
"202400033303";"18";"01";"2024";"06:27";"5";"51";"51454";"2";"2";"4";"7";"DIANCOURT (BOULEVARD) COTE PAIR";"49,24400800";"4,04951300"
"202400033304";"1";"03";"2024";"08:14";"1";"64";"64545";"1";"1";"1";"1";"BRETELLE DE SOCOA RD 913 (BRETELLE)";"43,38477000";" -1,69673000"
"202400033305";"8";"04";"2024";"19:00";"1";101;101271";"1";"1";"1";"3";"T22";"41,95378214";"8,79091054"
"202400033306";"18";"05";"2024";"12:40";"1";"06";"06064";"2";"1";"1";"7";"525 Route de la Manda";"43,76409800";"7,17733900"
"202400033307";"17";"01";"2024";"12:00";"1";"50";"50129";"2";"6";"2";"2";"LEMONNIER (AVENUE AMIRAL)";"49,63451000";" -1,61367000"
"202400033308";"13";"02";"2024";"13:10";"1";"62";"62215";"1";"1";"1";"6";"D917";"50,47999505";"2,96342083"
"202400033309";"10";"04";"2024";"20:40";"5";"71";"71373";"1";"1";"1";"6";"Route des Alpes";"46,50895244";"5,06160025"
"202400033310";"18";"05";"2024";"14:45";"1";"59";"59553";"2";"1";"1";"2";"Rue Clemenceau";"50,59819800";"2,93876200"
"202400033311";"6";"04";"2024";"16:05";"1";"61";"61418";"1";"1";"8";"6";"D5";"48,52356100";"0,63877800"
"202400033312";"17";"01";"2024";"08:15";"5";"49";"49267";"2";"1";"2";"3";"CHENE VERT";"47,47142000";" -0,51488000"
"202400033313";"27";"02";"2024";"12:55";"1";"61";"61006";"1";"2";"1";"3";"D15 PR0+176";"48,74527100";" -0,03877200"
"202400033314";"17";"05";"2024";"17:35";"1";"68";"68203";"1";"1";"1";"7";"Rue de Réguisheim";"47,90687716";"7,29762646"
"202400033315";"10";"04";"2024";"18:15";"1";"25";"25406";"1";"1";"1";"1";"D102";"47,13400900";"6,04196500"
"202400033316";"18";"01";"2024";"07:35";"5";"45";"45169";"2";"1";"2";"2";"151 Route Nationale";"47,92779000";"1,84135500"
"202400033317";"18";"05";"2024";"10:50";"1";"71";"71570";"1";"1";"2";"1";"D139";"46,85805600";"4,96514400"
"202400033318";"29";"02";"2024";"06:55";"5";"59";"59512";"2";"2";"2";"6";"Rue de Lille";"50,68370000";"3,16326000"
"202400033319";"10";"04";"2024";"00:30";"3";"29";"29020";"1";"1";"1";"6";"route de morlaix";"48,04487457";" -4,06293574"