"Num_Acc";"jour";"mois";"an";"hrmn";"lum";"dep";"com";"agg";"int";"atm";"col";"adr";"lat";"long"
"202400033320";"18";"05";"2024";"09:00";"1";"12";"12115";"1";"1";"3";"7";"A 75 243+000";"43,97983400";"3,18766100"
"202400033321";"18";"01";"2024";"07:50";"5";"45";"45234";"2";"3";"2";"3";"66 Rue Malakoff";"47,90998000";"1,93371500"
"202400033322";"13";"02";"2024";"09:30";"1";"59";"59286";"2";"6";"7";"6";"ENGLOS RUE D";"50,61221600";"2,97317800"
"202400033323";"9";"04";"2024";"18:50";"1";"29";"29172";"1";"1";"1";"6";"Launay Bric";"48,18517000";" -4,22494600"
"202400033324";"27";"03";"2024";"09:30";"1";"38";"38229";"2";"6";"2";"6";"1 rue des peupliers";"45,21497400";"5,78053800"
"202400033325";"17";"05";"2024";"16:48";"1";"21";"21650";"1";"1";"1";"5";"D35";"47,25577200";"4,85248100"
"202400033326";"27";"02";"2024";"20:25";"5";"56";"56260";"2";"2";"1";"3";"SERVEL(RUE PIERRE)";"47,64639000";" -2,76288000"
"202400033327";"18";"01";"2024";"15:45";"1";"45";"45068";"2";"2";"1";"2";"13 Rue Saint-Just";"48,00498000";"2,71848000"
"202400033328";"18";"05";"2024";"15:00";"1";"62";"62655";"1";"1";"1";"6";"D939";"50,38730324";"2,24540353"
"202400033329";"8";"04";"2024";"07:50";"1";"43";"43130";"1";"2";"8";"3";"La Detourbe";"45,03319800";"4,24814700"
"202400033330";"18";"01";"2024";"21:10";"5";"37";"37122";"2";"2";"8";"1";"BORDEAUX (AVENUE DE)";"47,35558658";"0,69863212"
"202400033331";"17";"05";"2024";"17:45";"1";"51";"51380";"1";"1";"1";"7";"route départiementale 933";"48,87374100";"3,58161800"
"202400033332";"1";"03";"2024";"18:30";"5";"54";"54339";"2";"1";"1";"1";"RM 32";"48,73217000";"6,18365000"
"202400033333";"10";"04";"2024";"16:30";"1";"07";"07349";"1";"9";"1";"3";"D86E";"44,81497100";"4,79217400"
"202400033334";"17";"01";"2024";"08:00";"5";"37";"37208";"2";"1";"2";"6";"GRANGES GALANT (RUE DES)";"47,36926000";"0,71899000"
"202400033335";"10";"04";"2024";"07:08";"2";"53";"53029";"1";"1";"1";"6";"La Normandiere";"47,80252259";" -0,49773986"
"202400033336";"1";"03";"2024";"18:35";"5";"51";"51454";"2";"2";"1";"3";"CHALET (RUE)";"49,26461000";"4,05158000"
"202400033337";"17";"05";"2024";"15:36";"1";"76";"76357";"1";"1";"1";"4";"RD 925";"49,59405834";"0,26509809"
"202400033338";"18";"01";"2024";"09:42";"1";"34";"34108";"2";"1";"8";"6";"MAL JUIN (AVENUE DU)";"43,43853119";"3,74258950"
"202400033339";"1";"03";"2024";"12:40";"1";"51";"51168";"1";"1";"1";"6";"Route Départementale 977";"48,91466000";"4,31367000"
"202400033340";"6";"04";"2024";"16:30";"1";"21";"21496";"2";"9";"1";"7";"1 Rue du 8 Mai 1945";"47,30424200";"5,41764200"
"202400033341";"18";"01";"2024";"09:20";"1";"34";"34172";"2";"9";"1";"3";"MENDE (ROUTE DE)";"43,62957000";"3,87026000"
"202400033342";"17";"05";"2024";"15:30";"1";101;101324";"1";"2";"1";"2";"t20";"42,07510800";"9,00297400"
"202400033343";"10";"04";"2024";"16:30";"1";"08";"08388";"1";"2";"1";"3";"N/A";"49,69619700";"4,72760300"
"202400033344";"24";"02";"2024";"20:00";"5";"50";"50129";"2";"2";"2";"3";"PAIX (RUE DE LA)";"49,65291000";" -1,65394000"
"202400033345";"18";"01";"2024";"17:00";"2";"31";"31555";"1";"1";"1";"2";"24 EMPALOT  (PERIPH OUEST A620)";"43,64152097";"1,42181390"
"202400033346";"18";"05";"2024";"19:15";"1";"82";"82134";"2";"1";"1";"1";"Route de Montricoux";"44,07257300";"1,53859600"
"202400033347";"1";"03";"2024";"10:48";"1";"47";"47001";"1";"9";"1";"3";"MIDI (AVENUE DU)";"44,18149000";"0,61901000"
"202400033348";"7";"04";"2024";"19:30";"2";"08";"08003";"1";"1";"1";"1";"D58";"49,76851500";"4,74593800"
"202400033349";"18";"05";"2024";"15:48";"1";"71";"71230";"1";"1";"1";"3";"Avenue Léon Blum";"46,58804400";"4,06028500"
"202400033350";"18";"01";"2024";"13:35";"1";"31";"31483";"2";"2";"1";"3";"FOCH (AVENUE DU MARECHAL)";"43,10551000";"0,71646000"
"202400033351";"18";"05";"2024";"19:15";"1";"71";"71014";"1";"1";"1";"6";"D978 route de Chateau Chinon";"46,98024500";"4,25591500"
"202400033352";"9";"04";"2024";"22:10";"3";"38";"38401";"1";"1";"3";"2";"A43";"45,56023332";"5,41192549"
"202400033353";"19";"01";"2024";"16:55";"1";"46";"46042";"2";"3";"8";"2";"ORMEAUX (COTE DES)";"44,46393000";"1,42856000"
"202400033354";"18";"05";"2024";"16:25";"1";"41";"41280";"2";"1";"1";"6";"Rue de Belle-croix";"47,29805200";"1,76812300"
"202400033355";"9";"04";"2024";"22:45";"5";"971";"97106";"2";"1";"1";"2";"Rue de Fromager";"16,16324500";" -61,77542000"
"202400033356";"18";"01";"2024";"16:20";"1";"27";"27681";"2";"1";"1";"2";"ANDRE (RUE GEORGES)";"49,07631000";"1,48692000"
"202400033357";"17";"05";"2024";"20:15";"2";"68";"68307";"1";"1";"2";"1";"route départementale 466";"47,80593500";"6,85864400"
"202400033358";"1";"03";"2024";"14:30";"1";"45";"45234";"2";"2";"1";"3";"131 Rue du Petit Pont";"47,92279000";"1,92967000"
"202400033359";"10";"04";"2024";"08:45";"1";"77";"77273";"1";"3";"1";"3";"D401 / D41";"49,04796000";"2,74719900"
"202400033360";"17";"05";"2024";"18:30";"1";"22";"22294";"1";"1";"3";"7";"Lieu Dit Crech Macouz D767";"48,36588700";" -3,08085000"
"202400033361";"17";"01";"2024";"18:05";"5";"27";"27229";"2";"1";"2";"3";"MOULIN (RUE JEAN)";"49,01163000";"1,15234000"
"202400033362";"6";"04";"2024";"18:45";"1";"78";"78548";"1";"1";"1";"6";"Rue des 17 Tournants";"48,70952700";"2,00157100"
"202400033363";"18";"05";"2024";"09:30";"1";"22";"22255";"2";"3";"1";"6";"Rue des Marnotiers";"48,18328900";" -2,63425100"
"202400033364";"11";"01";"2024";"19:30";"3";"26";"26362";"1";"3";"1";"3";"Route d'Alixan";"44,94932000";"4,93773000"
"202400033365";"1";"03";"2024";"03:15";"5";"44";"44109";"2";"1";"1";"6";"3 Rue Racine";"47,21342000";" -1,56310000"
"202400033366";"10";"04";"2024";"14:04";"1";"63";"63284";"2";"7";"1";"3";"place de la Croix Blanche";"45,79925000";"3,24426300"
"202400033367";"18";"01";"2024";"07:45";"5";"25";"25462";"2";"2";"2";"6";"SALENGRO ROGER PLACE";"46,90379000";"6,35223000"
"202400033368";"1";"03";"2024";"13:00";"1";"37";"37122";"2";"1";"1";"3";"CHANTEPIE (RUE DE)";"47,35654000";"0,66260000"
"202400033369";"8";"04";"2024";"16:30";"1";"69";"69005";"1";"1";"1";"1";"Route Départementale 51";"45,92397600";"4,74854000"
"202400033370";"10";"04";"2024";"09:20";"1";"81";"81117";"1";"1";"2";"6";"D43";"43,80346000";"2,04494490"
"202400033371";"16";"01";"2024";"16:39";"1";"14";"14366";"2";"6";"1";"7";"2 Rue Rose Harel";"49,14263000";"0,22274000"
"202400033372";"18";"05";"2024";"07:25";"2";"25";"25406";"2";"1";"1";"6";"D102";"47,13888100";"6,04380000"
"202400033373";"1";"03";"2024";"08:13";"1";"36";"36063";"1";"2";"1";"3";"Rue de Boislarge";"46,84034055";"1,70169532"
"202400033374";"3";"04";"2024";"17:30";"1";"17";"17351";"1";"1";"1";"7";"D123";"45,82286300";" -1,06887100"
"202400033375";"17";"01";"2024";"19:00";"4";"14";"14137";"1";"1";"4";"6";"N814";"49,18796400";" -0,42380400"
"202400033376";"18";"05";"2024";"11:15";"1";"26";"26113";"1";"1";"1";"3";"Route de Valence";"44,76774500";"5,31847700"
"202400033377";"18";"01";"2024";"10:20";"1";"13";"13106";"2";"9";"1";"7";"8 MAI 1945 (AVENUE DU)";"43,38867000";"5,36056000"
"202400033378";"10";"04";"2024";"19:08";"1";"56";"56246";"1";"3";"1";"1";"Rue gaspard monge";"48,05022700";" -2,96025200"
"202400033379";"18";"05";"2024";"01:40";"3";"06";"06105";"1";"1";"1";"6";"601 route de la colle";"43,67818500";"7,04200600"
"202400033380";"1";"03";"2024";"08:30";"1";"35";"35238";"1";"1";"2";"4";"PORTE DE LORIENT";"48,11220000";" -1,71855000"
"202400033381";"10";"04";"2024";"08:45";"1";"59";"59611";"2";"3";"1";"2";"Rue de Perenchies";"50,67831913";"2,99347937"
"202400033382";"14";"05";"2024";"08:45";"1";"50";"50359";"1";"3";"1";"3";"Route de Milly St-jean-du-corail";"48,60502100";" -0,89150200"
"202400033383";"1";"03";"2024";"09:45";"1";"34";"34172";"2";"1";"1";"2";"BECQUEREL (RUE HENRI)";"43,61654000";"3,91410000"
"202400033384";"17";"01";"2024";"12:10";"1";"13";"13213";"2";"2";"8";"3";"ALBERT EINSTEIN (RUE)";"43,34351000";"5,44625000"
"202400033385";"9";"04";"2024";"07:45";"1";"13";"13215";"1";"1";"2";"2";"A507 sens Aubagne- Marseille";"43,34525729";"5,37428047"
"202400033386";"26";"02";"2024";"08:50";"1";"34";"34172";"2";"1";"1";"6";"PENELOPE (BOULEVARD)";"43,60184000";"3,91787000"
"202400033387";"12";"01";"2024";"14:45";"1";"13";"13047";"1";"4";"1";"3";"D.5";"43,58521000";"4,94578000"
"202400033388";"29";"02";"2024";"12:50";"1";"34";"34172";"2";"9";"1";"7";"MONTELS SAINT PIERRE (RUE)";"43,58572000";"3,87663000"
"202400033389";"8";"04";"2024";"20:00";"1";"69";"69259";"1";"1";"1";"3";"Boulevard Laurent Bonnevay";"45,71822442";"4,86847152"
"202400033390";"17";"05";"2024";"12:40";"1";"45";"45014";"1";"1";"1";"7";"D130 PR 0 + 669";"48,19874900";"2,37128700"
"202400033391";"18";"01";"2024";"10:25";"1";"11";"11069";"2";"1";"1";"6";"2 Rue Joseph Anglade";"43,20235000";"2,32906000"
"202400033392";"9";"04";"2024";"07:00";"1";"91";"91434";"1";"1";"1";"2";"AUTOROUTE A6";"48,66955000";"2,35010000"
"202400033393";"12";"05";"2024";"11:30";"1";"45";"45098";"2";"1";"1";"3";"D951 PR 106 + 296";"47,81909400";"1,75363600"
"202400033394";"1";"03";"2024";"10:35";"1";"33";"33063";"2";"2";"2";"3";"N/A";"44,83659000";" -0,59890000"
"202400033395";"18";"01";"2024";"08:00";"2";"07";"07316";"2";"9";"2";"2";"MONTGOLFIERS (AVENENUE DES FRERES)";"44,89236000";"4,85053000"
"202400033396";"8";"04";"2024";"19:00";"1";"78";"78466";"1";"2";"1";"3";"A13";"48,92614000";"1,99752000"
"202400033397";"18";"01";"2024";"14:10";"1";"06";"06069";"2";"1";"1";"3";"Avenue Jean Maubert (ancienne route du Plan)";"43,65325000";"6,94558000"
"202400033398";"18";"05";"2024";"12:30";"1";"18";"18206";"1";"2";"1";"3";"N/A";"47,14713800";"2,35690000"
"202400033399";"1";"03";"2024";"13:00";"1";"33";"33529";"2";"6";"2";"2";"N/A";"44,60502600";" -1,13065100"
"202400033400";"8";"04";"2024";"09:40";"1";"92";"92050";"1";"1";"1";"6";"A14";"48,90183264";"2,20286349"
"202400033401";"18";"05";"2024";"07:00";"1";"10";"10225";"1";"1";"5";"6";"D619";"48,50604726";"3,56229544"
"202400033402";"8";"04";"2024";"09:13";"1";"92";"92050";"1";"1";"1";"3";"A14";"48,89897612";"2,21449023"
"202400033403";"17";"01";"2024";"13:24";"1";"75";"75101";"2";"3";"2";"3";"RUE SAINT HONORE";"48,86509800";"2,33160600"
"202400033404";"14";"05";"2024";"16:45";"1";"30";"30325";"1";"1";"3";"6";"D999";"43,99051400";"3,68857400"
"202400033405";"8";"04";"2024";"06:20";"4";"92";"92072";"1";"1";"1";"6";"N118";"48,82701466";"2,22422590"
"202400033406";"29";"02";"2024";"18:45";"5";"31";"31555";"2";"1";"2";"3";"AV DE GRANDE BRETAGNE";"43,59830000";"1,41850000"
"202400033407";"9";"04";"2024";"20:00";"1";"93";"93066";"1";"1";"1";"2";"A86";"48,92480847";"2,34052802"
"202400033408";"17";"01";"2024";"11:25";"1";"75";"75105";"2";"3";"2";"3";"QUAI DE LA TOURNELLE";"48,85040600";"2,35352100"
"202400033409";"8";"03";"2024";"07:20";"5";"29";"29019";"2";"1";"1";"3";"rue Yves Collet";"48,38946700";" -4,48313400"
"202400033410";"9";"04";"2024";"19:10";"1";"93";"93064";"1";"1";"1";"4";"A86";"48,87467004";"2,47902095"
"202400033411";"18";"01";"2024";"14:45";"1";"75";"75119";"2";"1";"9";"3";"RUE MANIN";"48,88274300";"2,38365500"
"202400033412";"16";"05";"2024";"06:50";"1";"67";"67045";"1";"1";"1";"7";"RD500 pk4+000";"48,48996100";"7,50752400"
"202400033413";"1";"03";"2024";"01:30";"5";"29";"29019";"2";"1";"2";"6";"rue de Kiel";"48,38633700";" -4,46499300"
"202400033414";"17";"01";"2024";"07:40";"5";"75";"75118";"2";"2";"3";"6";"BOULEVARD ORNANO";"48,89599500";"2,34598100"
"202400033415";"18";"05";"2024";"06:05";"2";"34";"34294";"1";"1";"2";"7";"A9 Point Kilométrique 079+200";"43,70277700";"4,11657900"
"202400033416";"9";"04";"2024";"19:45";"1";"92";"92036";"1";"1";"1";"4";"AUTOROUTE A86";"48,93788403";"2,31487513"
"202400033417";"1";"03";"2024";"21:00";"5";"28";"28134";"2";"1";"8";"6";"HARICOT (RUE LEON)";"48,73226000";"1,38058000"
"202400033418";"17";"01";"2024";"07:30";"2";"75";"75115";"2";"1";"2";"6";"RUE LOUIS ARMAND";"48,83300100";"2,27750600"
"202400033419";"9";"04";"2024";"19:30";"1";"92";"92036";"1";"1";"2";"2";"AUTOROUTE A86";"48,93875792";"2,30702162"
"202400033420";"12";"05";"2024";"17:47";"1";"91";"91017";"1";"1";"1";"4";"A10";"48,59945900";"2,05891700"
"202400033421";"29";"02";"2024";"20:20";"5";"15";"15012";"2";"1";"3";"2";"RD 990";"44,89738400";"2,46782400"
"202400033422";"14";"01";"2024";"18:55";"5";"75";"75114";"2";"2";"4";"7";"RUE RAYMOND LOSSERAND";"48,83181600";"2,31414100"
"202400033423";"9";"04";"2024";"17:15";"1";"93";"93013";"1";"1";"2";"2";"A1";"48,94214126";"2,43085243"
"202400033424";"29";"02";"2024";"16:55";"1";"15";"15014";"2";"6";"1";"3";"Avenue de Tronquières";"44,90402000";"2,42680000"
"202400033425";"17";"01";"2024";"19:25";"5";"75";"75108";"2";"2";"3";"6";"RUE DE NAPLES";"48,87986200";"2,32069600"
"202400033426";"17";"05";"2024";"15:45";"1";"973";"97311";"1";"1";"2";"5";"route nationale 01";"5,48771600";" -53,98398400"
"202400033427";"9";"04";"2024";"07:15";"1";"95";"95277";"1";"1";"1";"2";"A3";"48,98053765";"2,49746035"
"202400033428";"17";"05";"2024";"10:25";"1";"77";"77142";"2";"1";"1";"6";"Rue de Montaudier";"48,86220900";"2,94375700"
"202400033429";"1";"03";"2024";"13:30";"1";"13";"13054";"2";"9";"1";"3";"FREDERIC MISTRAL (BD )";"43,41563000";"5,21669000"
"202400033430";"8";"04";"2024";"19:45";"1";"93";"93066";"1";"1";"1";"3";"A1";"48,90987726";"2,35801584"
"202400033431";"1";"03";"2024";"08:40";"1";"13";"13213";"2";"1";"1";"3";"PEYPIN (RUE DE)";"43,32669000";"5,42071000"
"202400033432";"17";"01";"2024";"16:50";"1";"94";"94058";"2";"3";"2";"2";"Avenue du Président Roosevelt / Boulevard d'Alsace-lorraine";"48,85253393";"2,51115945"
"202400033433";"18";"05";"2024";"14:25";"1";"83";"83053";"1";"1";"1";"1";"Dn8";"43,15897200";"5,84059600"
"202400033434";"18";"01";"2024";"18:35";"5";"94";"94041";"2";"2";"2";"6";"Rue Denis Papin / Rue Molière";"48,81372000";"2,39535000"
"202400033435";"1";"03";"2024";"19:40";"2";"13";"13001";"2";"3";"1";"3";"R.N 7";"43,57728336";"5,38416681"
"202400033436";"18";"05";"2024";"19:25";"1";"83";"83101";"1";"1";"1";"4";"Route des Plages Rd93";"43,24725128";"6,64785572"
"202400033437";"9";"01";"2024";"13:00";"1";"94";"94028";"2";"1";"8";"6";"37 Rue de Valenton";"48,78995000";"2,43904000"
"202400033438";"1";"03";"2024";"15:00";"1";"06";"06088";"1";"1";"1";"1";"Avenue Jules Romains";"43,73766000";"7,25389000"
"202400033439";"18";"05";"2024";"10:30";"1";"83";"83115";"2";"1";"1";"6";"Avenue du 8 Mai 1945";"43,31075200";"6,63325300"
"202400033440";"17";"01";"2024";"17:55";"5";"94";"94047";"2";"1";"2";"1";"Rue de Verdun";"48,70321000";"2,54883000"
"202400033441";"27";"02";"2024";"17:15";"1";"75";"75118";"2";"1";"1";"3";"PORTE DE SAINT OUEN";"48,90067500";"2,33309500"
"202400033442";"20";"04";"2024";"13:45";"1";"13";"13059";"2";"1";"1";"2";"1000 Route Departementale 561";"43,64323400";"5,51347400"
"202400033443";"18";"01";"2024";"00:01";"5";"93";"93046";"2";"3";"2";"6";"Avenue Aristide Briand / Avenue Camille Desmoulins";"48,91233000";"2,52247000"
"202400033444";"8";"04";"2024";"11:30";"1";"93";"93027";"1";"1";"1";"4";"A1";"48,93506284";"2,40116641"
"202400033445";"29";"02";"2024";"03:35";"5";"75";"75119";"2";"1";"1";"6";"BD PERIPHERIQUE EXTERIEUR";"48,89721300";"2,39435400"
"202400033446";"17";"05";"2024";"23:20";"3";"67";"67300";"1";"1";"1";"7";"D127";"48,56113000";"7,51031400"
"202400033447";"18";"01";"2024";"08:40";"5";"93";"93066";"2";"1";"4";"7";"Avenue du Président Wilson";"48,91871108";"2,35711992"
"202400033448";"14";"05";"2024";"11:45";"1";"88";"88322";"2";"1";"1";"6";"6 Rue de la Mairie";"48,14370900";"6,68156700"
"202400033449";"28";"02";"2024";"20:50";"5";"75";"75116";"2";"1";"1";"4";"BD PERIPHERIQUE INTERIEUR";"48,87436400";"2,27595500"
"202400033450";"8";"04";"2024";"15:38";"1";"93";"93010";"1";"1";"1";"7";"A3";"48,90811880";"2,47308674"
"202400033451";"18";"01";"2024";"09:20";"1";"93";"93077";"2";"2";"4";"3";"Rue de la Montagne Savart / Rue Jeanne d’Arc / Avenue de la Bourdonnais";"48,88399000";"2,51946900"
"202400033452";"17";"05";"2024";"19:40";"2";"42";"42046";"1";"2";"2";"1";"D8";"45,64607900";"4,05080300"
"202400033453";"28";"02";"2024";"19:45";"5";"75";"75116";"2";"1";"1";"2";"BD PERIPHERIQUE INTERIEUR";"48,87436400";"2,27595500"
"202400033454";"17";"01";"2024";"21:25";"5";"93";"93051";"2";"1";"3";"6";"Avenue des Yvris";"48,82480000";"2,57784000"
"202400033455";"18";"01";"2024";"05:40";"5";"93";"93032";"2";"3";"4";"7";"Rue Contant / Rue Léon Hutin";"48,88786518";"2,53372695"
"202400033456";"18";"05";"2024";"08:00";"1";"69";"69225";"1";"1";"2";"1";"Route Départementale 38";"45,87436100";"4,41962600"
"202400033457";"27";"02";"2024";"18:20";"2";"75";"75119";"2";"1";"1";"1";"QUAI DE LA GIRONDE";"48,89775600";"2,38237200"
"202400033458";"17";"05";"2024";"10:30";"1";"85";"85211";"1";"9";"1";"6";"RD12";"46,60786000";" -1,55925000"
"202400033459";"18";"01";"2024";"19:49";"5";"92";"92049";"2";"9";"4";"1";"BROSSOLETTE AVENUE PIERRE";"48,82218257";"2,31409281"
"202400033460";"1";"03";"2024";"01:40";"5";"75";"75119";"2";"2";"2";"6";"AVENUE JEAN JAURES";"48,88878100";"2,39307500"
"202400033461";"18";"05";"2024";"06:45";"1";"76";"76164";"1";"1";"1";"6";"Route du Trait";"49,50807000";"0,78252900"
"202400033462";"9";"04";"2024";"09:30";"1";"94";"94073";"1";"1";"1";"3";"A86";"48,75424369";"2,38104533"
"202400033463";"18";"01";"2024";"22:00";"5";"92";"92025";"2";"9";"8";"3";"STALINGRAD (AV DE)";"48,93078879";"2,26727929"
"202400033464";"1";"03";"2024";"18:08";"5";"75";"75118";"2";"2";"3";"3";"BOULEVARD DE LA CHAPELLE";"48,88450800";"2,36145800"
"202400033465";"14";"01";"2024";"21:35";"3";"51";"51141";"1";"1";"4";"6";"RN944 - SENS VITRY LE FRANÇOIS/CHALONS EN CHAMPAGNE";"48,83355900";"4,53292300"
"202400033466";"18";"01";"2024";"08:00";"2";"83";"83132";"1";"1";"1";"3";"A57 PK 010.800";"43,17495800";"6,04859600"
"202400033467";"1";"03";"2024";"17:25";"1";"75";"75118";"2";"3";"1";"6";"BOULEVARD BARBES";"48,88448700";"2,34948800"
"202400033468";"8";"04";"2024";"15:52";"1";"75";"75112";"1";"1";"1";"3";"A4";"48,81875414";"2,45760083"
"202400033469";"19";"01";"2024";"18:00";"3";"71";"71494";"1";"1";"1";"6";"Autoroute A6 PK 376.330 sens PARIS/LYON";"46,40709020";"4,85695082"
"202400033470";"15";"05";"2024";"16:40";"1";"13";"13213";"1";"1";"1";"2";"A507 sens Marseille - Aubagne";"43,32227000";"5,42308000"
"202400033471";"18";"01";"2024";"07:30";"4";"67";"67073";"2";"1";"3";"6";"3 Route de Selestat";"48,27517500";"7,40452800"
"202400033472";"1";"03";"2024";"12:50";"1";"75";"75118";"2";"2";"2";"6";"RUE DU POTEAU";"48,89276600";"2,34383800"
"202400033473";"6";"02";"2024";"04:55";"5";"974";"97416";"2";"1";"1";"3";"BONS ENFANTS (RUE DES)";" -21,33862000";"55,46973000"
"202400033474";"17";"05";"2024";"18:30";"1";"69";"69272";"1";"1";"1";"2";"Autoroute 46";"45,58916457";"4,82280199"
"202400033475";"15";"01";"2024";"20:29";"3";"01";"01153";"1";"1";"1";"6";"D984c";"46,29678100";"6,04359600"
"202400033476";"7";"02";"2024";"11:00";"1";"02";"02722";"2";"3";"3";"6";"4 Rue Saint-martin";"49,37712000";"3,32870000"
"202400033477";"30";"04";"2024";"13:00";"1";"69";"69297";"1";"1";"1";"3";"Autoroute 47 ";"45,58807451";"4,78829487"
"202400033478";"16";"01";"2024";"08:20";"1";"95";"95352";"1";"1";"7";"2";"D922";"49,10324917";"2,39694713"
"202400033479";"15";"05";"2024";"09:50";"1";"01";"01424";"1";"1";"2";"6";"A432N 6.750 A 6.850";"45,85899600";"4,98348400"
"202400033480";"18";"01";"2024";"14:15";"1";"56";"56129";"1";"1";"1";"6";"Couesnehan";"48,12069700";" -2,49664300"
"202400033481";"1";"03";"2024";"16:00";"1";"75";"75116";"2";"1";"1";"6";"RUE MICHEL ANGE";"48,84725700";"2,26354600"
"202400033482";"8";"04";"2024";"15:35";"1";"69";"69383";"2";"1";"1";"3";"13 Rue Professeur Paul Sisley";"45,75155018";"4,86861678"
"202400033483";"1";"03";"2024";"19:35";"5";"75";"75115";"2";"2";"3";"6";"RUE DE LOURMEL";"48,84377300";"2,28637400"
"202400033484";"18";"01";"2024";"16:05";"1";"56";"56123";"1";"3";"1";"1";"La Ville Aubert";"47,67600800";" -2,37472000"
"202400033485";"17";"05";"2024";"17:14";"1";"33";"33281";"1";"1";"1";"4";"N/A";"44,84673000";" -0,67024000"
"202400033486";"16";"01";"2024";"09:30";"1";"76";"76746";"1";"1";"1";"6";"4 La Grande Rue";"49,80621500";"0,55533500"
"202400033487";"1";"03";"2024";"11:45";"1";"75";"75114";"2";"2";"1";"6";"RUE D ALESIA";"48,82747300";"2,33483200"
"202400033488";"17";"05";"2024";"18:33";"1";"94";"94065";"1";"1";"1";"2";"A106";"48,74959986";"2,35641516"
"202400033489";"19";"01";"2024";"13:15";"1";"76";"76101";"2";"3";"1";"6";"Grande Rue Francois Mitterrand";"49,93178800";"1,62790800"
"202400033490";"17";"04";"2024";"17:58";"1";"92";"92072";"1";"1";"1";"7";"N118";"48,82237883";"2,22218066"
"202400033491";"8";"04";"2024";"06:00";"2";"972";"97213";"1";"1";"1";"6";"LA HAUT (Chemin)";"14,65695000";" -60,97254000"
"202400033492";"1";"03";"2024";"18:40";"5";"75";"75113";"2";"2";"2";"3";"AVENUE DE LA PORTE D ITALIE";"48,81888000";"2,35954700"
"202400033493";"18";"01";"2024";"11:15";"1";"33";"33546";"1";"1";"2";"1";"D670";"44,85428900";" -0,15009200"
"202400033494";"17";"05";"2024";"17:53";"1";"78";"78466";"1";"1";"1";"4";"A13";"48,92858100";"1,98843900"
"202400033495";"1";"03";"2024";"09:25";"1";"75";"75108";"2";"3";"6";"3";"BOULEVARD MALESHERBES";"48,88049800";"2,31295600"
"202400033496";"18";"01";"2024";"18:30";"2";"33";"33348";"2";"2";"1";"3";"N/A";"45,36736600";" -0,99135500"
"202400033497";"17";"05";"2024";"09:30";"1";"92";"92047";"1";"1";"1";"2";"A13";"48,83271459";"2,15695103"
"202400033498";"8";"04";"2024";"07:55";"1";"972";"97209";"2";"1";"1";"2";"BISHOP (Avenue Maurice)";"14,60404000";" -61,06364000"
"202400033499";"19";"01";"2024";"08:25";"1";"63";"63055";"1";"1";"1";"6";"Rd941";"45,84490690";"2,78637488"
"202400033500";"16";"05";"2024";"17:00";"1";"78";"78158";"1";"1";"1";"2";"A13";"48,83148000";"2,14723900"
"202400033501";"1";"03";"2024";"20:15";"5";"75";"75114";"2";"1";"3";"2";"BD PERIPHERIQUE EXTERIEUR";"48,81644000";"2,34304500"
"202400033502";"16";"05";"2024";"09:34";"1";"92";"92036";"1";"1";"1";"2";"A86";"48,93761642";"2,29550867"
"202400033503";"18";"01";"2024";"19:14";"5";"41";"41233";"1";"1";"2";"6";"Rue du Grain d'Or";"47,43944200";"1,30092400"
"202400033504";"17";"05";"2024";"20:20";"1";"93";"93001";"1";"1";"2";"6";"A86";"48,92159219";"2,37679124"
"202400033505";"29";"02";"2024";"20:25";"5";"75";"75107";"2";"2";"1";"1";"AVENUE DE LA MOTTE PICQUET";"48,85715800";"2,31009400"
"202400033506";"19";"01";"2024";"08:00";"1";"86";"86177";"2";"1";"1";"6";"Rue de Cissé";"46,67267100";"0,24561900"
"202400033507";"17";"05";"2024";"07:05";"1";"93";"93078";"1";"1";"1";"5";"A104";"48,96803426";"2,50944335"
"202400033508";"1";"03";"2024";"07:05";"2";"75";"75101";"2";"2";"1";"3";"RUE BERGER";"48,86057200";"2,34937200"
"202400033509";"16";"01";"2024";"10:50";"1";"44";"44195";"1";"3";"1";"3";"Route de Lavau";"47,34808100";" -1,95489600"
"202400033510";"6";"04";"2024";"16:55";"1";"972";"97209";"1";"1";"1";"5";"ZAMEO ZEPHIR (RUE)";"14,64060000";" -61,08165000"
"202400033511";"17";"05";"2024";"07:30";"1";"93";"93064";"1";"1";"1";"3";"A86";"48,87743609";"2,47722387"
"202400033512";"1";"03";"2024";"11:40";"1";"94";"94044";"2";"1";"2";"6";"1 Avenue Gabriel Péri";"48,75461600";"2,48469100"
"202400033513";"18";"01";"2024";"16:50";"1";"44";"44029";"2";"6";"1";"3";"Boulevard  pasteur";"47,26756400";" -1,34202500"
"202400033514";"16";"05";"2024";"23:25";"3";"93";"93078";"1";"1";"1";"2";"A104";"48,96284268";"2,52216842"
"202400033515";"16";"01";"2024";"10:55";"1";"35";"35188";"2";"3";"8";"6";"3 Rue de Coulon";"48,13570700";" -1,95585100"
"202400033516";"1";"03";"2024";"12:40";"1";"94";"94046";"2";"2";"2";"6";"Avenue Georges Clémenceau / Avenue Gambetta";"48,80969602";"2,44349402"