"Num_Acc";"jour";"mois";"an";"hrmn";"lum";"dep";"com";"agg";"int";"atm";"col";"adr";"lat";"long"
"202400033517";"19";"01";"2024";"17:30";"5";"02";"02649";"2";"3";"1";"3";"Rocourt-Saint-Martin";"49,15266800";"3,38725400"
"202400033518";"6";"04";"2024";"03:14";"3";"972";"97213";"2";"9";"1";"7";"GEORGES GRATIANT (AVENUE)";"14,61000000";" -61,03000000"
"202400033519";"16";"05";"2024";"23:25";"4";"94";"94073";"1";"1";"1";"3";"A86";"48,76580230";"2,37939522"
"202400033520";"29";"02";"2024";"21:10";"5";"94";"94076";"2";"3";"2";"1";"Rue Ambroise Croizat / Rue des Guipons";"48,80240000";"2,36350000"
"202400033521";"5";"04";"2024";"23:45";"5";"971";"97101";"1";"1";"1";"6";"AMEDEE ABARRE - SALLE D'ASILE (RUE)";"16,26265000";" -61,50387000"
"202400033522";"18";"01";"2024";"18:28";"5";"01";"01229";"1";"2";"4";"5";"D975";"46,32003000";"5,13925200"
"202400033523";"1";"03";"2024";"15:10";"1";"94";"94073";"2";"3";"1";"6";"Rue Regnault Leroy / Rue Victor Basch";"48,76270100";"2,39062200"
"202400033524";"15";"05";"2024";"03:00";"3";"94";"94073";"1";"1";"2";"5";"A86";"48,76210053";"2,38167667"
"202400033525";"19";"01";"2024";"16:15";"1";"50";"50394";"2";"1";"1";"6";"Route de Lessay";"49,18733500";" -1,41453300"
"202400033526";"5";"01";"2024";"08:25";"1";"50";"50467";"1";"1";"8";"7";"N13";"49,47736200";" -1,37612900"
"202400033527";"1";"03";"2024";"12:30";"1";"94";"94065";"1";"1";"2";"2";"N186";"48,75350433";"2,36134909"
"202400033528";"7";"04";"2024";"01:00";"5";"971";"97101";"1";"1";"1";"6";"CARAQUE";"16,25262000";" -61,49060000"
"202400033529";"4";"01";"2024";"17:23";"2";"50";"50461";"1";"1";"2";"6";"N13";"49,49405114";" -1,41492728"
"202400033530";"19";"01";"2024";"17:20";"1";"36";"36031";"1";"1";"1";"7";"La Touche";"46,87313000";"1,43919300"
"202400033531";"1";"03";"2024";"19:50";"5";"94";"94028";"2";"2";"2";"6";"Avenue Pierre Brossolette";"48,79154500";"2,46179200"
"202400033532";"16";"05";"2024";"16:20";"1";"974";"97416";"2";"1";"1";"6";"SUFFREN(RUE)";" -21,34139000";"55,47137000"
"202400033533";"5";"04";"2024";"21:25";"5";"971";"97101";"1";"3";"1";"3";"BOISRIPEAUX";"16,27584000";" -61,50745000"
"202400033534";"19";"01";"2024";"07:15";"3";"16";"16191";"1";"1";"1";"2";"pk 20+200 nationale 10";"45,92811500";"0,19756600"
"202400033535";"18";"01";"2024";"16:00";"1";"85";"85234";"1";"1";"1";"7";"Chemin des prés";"46,80942300";" -2,02483200"
"202400033536";"15";"05";"2024";"13:12";"1";"973";"97302";"2";"1";"1";"3";"MONTABO (ROUTE DE) 2";"4,93771000";" -52,29856000"
"202400033537";"29";"02";"2024";"12:45";"1";"94";"94028";"2";"6";"2";"3";"Route de la Pompadour / Rue Sully";"48,76681000";"2,47237000"
"202400033538";"8";"04";"2024";"22:53";"5";"95";"95491";"2";"9";"8";"3";"GABRIEL PERI (RUE)";"49,00158500";"2,23903200"
"202400033539";"16";"05";"2024";"23:20";"5";"69";"69386";"2";"1";"1";"1";"Cours Vitton";"45,76989000";"4,85663000"
"202400033540";"19";"01";"2024";"12:51";"1";"85";"85084";"2";"3";"1";"6";"57 Rue des sables";"46,76745500";" -1,23422400"
"202400033541";"1";"03";"2024";"12:40";"1";"94";"94075";"2";"3";"2";"6";"Rue d'Yerres / Rue de la Bourgogne";"48,72139300";"2,52917000"
"202400033542";"9";"04";"2024";"00:36";"3";"91";"91161";"2";"9";"2";"3";"RTE DE LONGJUMEAU";"48,71315000";"2,29802000"
"202400033543";"1";"03";"2024";"16:50";"1";"93";"93072";"2";"1";"1";"2";"Avenue du Colonel Rol-Tanguy";"48,95766016";"2,37571031"
"202400033544";"8";"04";"2024";"19:15";"1";"91";"91377";"2";"1";"1";"6";"AV DU M DE LATTRE DE TASSIGNY";"48,71755000";"2,29432000"
"202400033545";"16";"05";"2024";"13:05";"1";"69";"69388";"2";"2";"2";"3";"Rue Villon";"45,74120000";"4,86418000"
"202400033546";"18";"01";"2024";"08:50";"2";"27";"27103";"1";"1";"4";"1";"Rue des Canadiens";"49,33525000";"0,79514600"
"202400033547";"12";"01";"2024";"18:00";"5";"37";"37109";"2";"1";"1";"6";"Rue Alfred de Musset";"47,41194300";"0,60987000"
"202400033548";"1";"03";"2024";"08:30";"1";"93";"93055";"2";"2";"1";"6";"Rue Hoche / Avenue Jean Lolive";"48,89138000";"2,40253000"
"202400033549";"6";"04";"2024";"23:10";"5";"91";"91191";"2";"1";"1";"1";"REPUBLIQUE (AVENUE DE LA)";"48,71976800";"2,45293400"
"202400033550";"16";"05";"2024";"23:48";"5";"69";"69382";"2";"5";"1";"3";"Rue de la Barre";"45,75725000";"4,83673000"
"202400033551";"19";"01";"2024";"07:45";"2";"88";"88372";"2";"1";"1";"6";"rue du Général Sarrail";"48,40142500";"6,83184400"
"202400033552";"15";"05";"2024";"15:10";"1";"971";"97101";"1";"1";"1";"3";"PERRIN (SECTEUR)";"16,28056000";" -61,51119000"
"202400033553";"1";"03";"2024";"08:53";"1";"93";"93077";"2";"4";"1";"2";"Rue du Docteur Guérin / Rue de la Carrière";"48,88315000";"2,50278000"
"202400033554";"18";"02";"2024";"19:10";"3";"89";"89387";"2";"2";"2";"3";"LORRACH (AVENUE DE)";"48,19124000";"3,31017000"
"202400033555";"18";"01";"2024";"23:40";"3";"72";"72115";"1";"1";"1";"6";"Autoroute A28";"47,66088954";"0,43014115"
"202400033556";"19";"01";"2024";"03:34";"3";"10";"10100";"1";"1";"1";"6";"autoroute A26 PK 394+000";"48,22822500";"4,18127400"
"202400033557";"29";"02";"2024";"21:20";"5";"93";"93063";"2";"3";"3";"6";"Rue Vassou / Rue de la Galaxie";"48,88565000";"2,42916000"
"202400033558";"16";"05";"2024";"17:14";"1";101;101004";"2";"1";"1";"4";"#Boulevard Georges Pompidou#";"41,92973000";"8,75971000"
"202400033559";"19";"01";"2024";"18:15";"2";"06";"06085";"1";"1";"1";"7";"route de la Valmasque";"43,60575284";"7,04609960"
"202400033560";"18";"02";"2024";"18:49";"5";"89";"89338";"2";"2";"2";"3";"GEORGES CLEMENCEAU (RUE)";"48,21765000";"3,29330000"
"202400033561";"16";"05";"2024";"16:10";"1";"95";"95280";"2";"1";"1";"6";"MARCEL CERDAN (AVENUE)";"49,02502565";"2,45878100"
"202400033562";"29";"02";"2024";"19:38";"5";"93";"93031";"2";"3";"2";"3";"Avenue de la République / Villa Augustine";"48,94939000";"2,33213000"
"202400033563";"6";"04";"2024";"10:17";"1";"87";"87085";"2";"2";"1";"6";"SAINT MARTIAL (QUAI)";"45,82195000";"1,26478000"
"202400033564";"1";"03";"2024";"21:40";"5";"93";"93027";"2";"1";"3";"2";"Avenue Marcel Cachin";"48,92815000";"2,39666000"
"202400033565";"1";"03";"2024";"07:15";"1";"93";"93027";"2";"2";"1";"2";"Avenue Paul Vaillant-Couturier / Rue Édouard Renard";"48,91811000";"2,40772000"
"202400033566";"5";"04";"2024";"20:32";"1";"87";"87085";"2";"2";"1";"3";"VELODROME (RUE DU)";"45,84730402";"1,26508713"
"202400033567";"1";"03";"2024";"20:15";"5";"93";"93007";"2";"2";"2";"6";"VICTOR HUGO (RUE)";"48,94502400";"2,44999300"
"202400033568";"16";"05";"2024";"16:40";"1";"95";"95582";"2";"1";"1";"6";"ROMAIN ROLLAND (RUE)";"48,96866869";"2,23371819"
"202400033569";"17";"01";"2024";"00:01";"3";"68";"68071";"1";"1";"4";"5";"autoroute A36";"47,71059900";"7,10858300"
"202400033570";"1";"04";"2024";"23:08";"5";"95";"95491";"2";"1";"1";"7";"D139";"48,99964791";"2,23982134"
"202400033571";"4";"04";"2024";"21:54";"5";"87";"87085";"2";"3";"1";"3";"SAINT MARTIAL (QUAI)";"45,82500000";"1,26731000"
"202400033572";"1";"03";"2024";"11:58";"1";"92";"92063";"2";"3";"2";"1";"SOUFFRETTES (RUE DES)";"48,88217660";"2,17978227"
"202400033573";"18";"01";"2024";"21:30";"5";"987";"98748";"1";"1";"1";"6";"Toahotu Pk 4+600";" -17,81000000";" -149,24300000"
"202400033574";"16";"05";"2024";"13:15";"1";"91";"91692";"2";"1";"1";"3";"R.N 446";"48,67902200";"2,19069000"
"202400033575";"1";"03";"2024";"10:10";"1";"92";"92020";"2";"3";"2";"1";"REPUBLIQUE AV. N°27 A 105 ET 26 A 178";"48,80929646";"2,30097574"
"202400033576";"4";"04";"2024";"17:55";"1";"87";"87065";"1";"1";"1";"5";"AUTOROUTE A20";"45,81546722";"1,29633278"
"202400033577";"18";"01";"2024";"15:00";"1";"987";"98722";"2";"1";"1";"6";"PK 17 - Papenoo";" -17,59200000";" -149,39100000"
"202400033578";"16";"05";"2024";"18:10";"1";"84";"84080";"1";"1";"2";"6";"CD 942 RTE SARRIANS A ROSSI";"44,02699000";"4,96791000"
"202400033579";"1";"03";"2024";"11:00";"1";"92";"92040";"2";"1";"1";"6";"GARIBALDI (BOULEVARD)";"48,82368303";"2,26231617"
"202400033580";"8";"04";"2024";"05:15";"5";"83";"83137";"2";"1";"1";"6";"GASQUET (AVE JOSEPH DE 1408 A FIN";"43,12288879";"5,97095120"
"202400033581";"16";"05";"2024";"16:30";"1";"83";"83090";"2";"1";"1";"6";"MONNET (AVE JEAN)";"43,12775471";"5,85183021"
"202400033582";"18";"01";"2024";"19:00";"5";"971";"97116";"2";"1";"1";"3";"Bosredon";"16,31132000";" -61,48672900"
"202400033583";"1";"03";"2024";"10:15";"1";"92";"92035";"2";"2";"2";"3";"Château ( rue du )";"48,90480000";"2,24923000"
"202400033584";"7";"04";"2024";"09:50";"1";"83";"83137";"2";"9";"1";"3";"GUES (BD DE L'ENSEIGNE DE VAISSEAU)";"43,11445000";"5,98070000"
"202400033585";"19";"01";"2024";"15:30";"1";"13";"13040";"2";"1";"1";"7";"Route de Belcodene";"43,45252900";"5,56471500"
"202400033586";"27";"04";"2024";"15:20";"1";"83";"83126";"2";"1";"1";"6";"PAUL (AV MARCEL)";"43,10903953";"5,85408050"
"202400033587";"1";"03";"2024";"21:32";"5";"92";"92024";"2";"1";"2";"3";"MARTRE (RUE) DE (59 A 109)   (58 A 120)";"48,90181117";"2,30726892"
"202400033588";"7";"04";"2024";"11:00";"1";"77";"77447";"2";"9";"1";"7";"C.D 50";"48,53834000";"2,54829000"
"202400033589";"15";"05";"2024";"13:00";"1";"83";"83069";"2";"9";"1";"6";"VIGNES VIERGES (ALLEE DES)";"43,12220000";"6,15060000"
"202400033590";"9";"04";"2024";"00:05";"3";"76";"76231";"2";"1";"1";"6";"Chemin de Saint-cyr";"49,27805300";"1,00906400"
"202400033591";"29";"02";"2024";"07:44";"1";"92";"92012";"2";"1";"1";"6";"REINE (ROUTE DE LA) 39/107 BIS";"48,83970985";"2,24031758"
"202400033592";"19";"01";"2024";"10:40";"1";"84";"84003";"2";"9";"1";"6";"368 Avenue de la Libération";"43,87494300";"5,40265100"
"202400033593";"16";"05";"2024";"18:40";"1";"81";"81144";"1";"9";"1";"3";"SOLVIEL ( IMPASSE  DE )";"43,95592000";"2,15712000"
"202400033594";"2";"03";"2024";"14:30";"1";"972";"97205";"1";"1";"1";"7";"RN 2";"14,63353100";" -61,12632000"
"202400033595";"19";"01";"2024";"05:30";"2";"83";"83108";"1";"1";"1";"6";"D468";"43,32566900";"5,99610000"
"202400033596";"4";"04";"2024";"19:00";"1";"76";"76351";"2";"3";"2";"3";"MASSILLON";"49,49901000";"0,14327000"
"202400033597";"16";"05";"2024";"23:20";"5";"79";"79191";"2";"1";"1";"6";"N/A";"46,32468000";" -0,46807000"
"202400033598";"5";"04";"2024";"13:20";"1";"76";"76552";"2";"1";"1";"7";"FRANCOIS LEBEL (PROMENADE)";"49,50362000";"0,07932000"
"202400033599";"18";"01";"2024";"07:55";"2";"67";"67184";"2";"1";"3";"6";"3 Rue de Buhl";"48,90182300";"7,98093200"
"202400033600";"6";"04";"2024";"02:45";"5";"76";"76351";"2";"1";"1";"6";"GEORGES LAFAURIE (RUE)";"49,50123000";"0,11340000"
"202400033601";"1";"03";"2024";"21:30";"5";"27";"27391";"2";"2";"2";"3";"14 Rue de Saint Andre";"48,82619200";"1,34324000"
"202400033602";"16";"05";"2024";"13:30";"1";"77";"77122";"2";"1";"1";"6";"AV ANDRE MALRAUX";"48,65762940";"2,55797982"
"202400033603";"19";"01";"2024";"07:20";"2";"54";"54397";"2";"4";"9";"6";"Rue Victor de Lespinats";"48,61064200";"6,10206300"
"202400033604";"7";"04";"2024";"20:20";"2";"72";"72181";"2";"1";"3";"6";"CUGNOT NICOLAS (BD)";"47,98555000";"0,22442000"
"202400033605";"2";"03";"2024";"17:30";"1";"84";"84027";"1";"1";"1";"6";"Caderousse";"44,15045800";"4,72303700"
"202400033606";"16";"05";"2024";"20:00";"1";"77";"77196";"1";"1";"1";"6";"RN3 (ROUTE NATIONALE)";"48,94911163";"2,75506689"
"202400033607";"2";"03";"2024";"09:20";"1";"62";"62259";"1";"1";"1";"7";"D5";"50,20919946";"2,85970330"
"202400033608";"17";"01";"2024";"11:50";"1";"38";"38401";"2";"1";"1";"6";"Route de la Bourbre";"45,56393500";"5,43014900"
"202400033609";"7";"04";"2024";"13:10";"1";"72";"72181";"2";"9";"1";"3";"DEGRE CITE D'AUTOMNE (RTE DE)";"48,01887000";"0,17411000"
"202400033610";"16";"05";"2024";"15:10";"1";"76";"76681";"2";"2";"1";"3";"Avenue du 14 Juillet";"49,41072842";"1,07872653"
"202400033611";"18";"01";"2024";"17:45";"5";"69";"69106";"2";"2";"2";"3";"Route de la Colline";"45,92715500";"4,69006800"
"202400033612";"8";"04";"2024";"08:35";"1";"69";"69264";"2";"1";"1";"6";"Avenue Laurent-Bonnevay";"45,98379000";"4,70608000"
"202400033613";"7";"05";"2024";"18:10";"1";"76";"76305";"2";"1";"1";"6";"VERRERIE";"49,50019000";"0,20545000"
"202400033614";"2";"03";"2024";"02:30";"3";"77";"77256";"1";"2";"2";"2";"RD209 PR 32+041 et RD106 PR 6+638";"48,52206200";"3,18238700"
"202400033615";"7";"04";"2024";"15:45";"1";"69";"69290";"2";"1";"8";"6";"Avenue Charles de Gaulle";"45,70308000";"4,93144000"
"202400033616";"18";"01";"2024";"12:35";"1";"85";"85178";"2";"6";"1";"3";"RD2B";"46,76740600";" -1,50042200"
"202400033617";"15";"05";"2024";"10:10";"1";"69";"69199";"2";"2";"3";"3";"Boulevard Yves Farge";"45,70085000";"4,85636000"
"202400033618";"2";"03";"2024";"10:35";"1";"76";"76755";"1";"2";"1";"1";"D17";"49,67708500";"0,51453400"
"202400033619";"18";"01";"2024";"07:27";"2";"13";"13106";"1";"1";"2";"3";"A51-Sens Marseille vers Aix en Provence";"43,40254200";"5,35588500"
"202400033620";"8";"04";"2024";"20:15";"2";"67";"67482";"2";"1";"1";"3";"RACINE (AVENUE)";"48,59392000";"7,70146000"
"202400033621";"18";"01";"2024";"03:04";"3";"13";"13081";"1";"1";"2";"1";"A7-Sens Marseille vers Lyon";"43,49195399";"5,24009441"
"202400033622";"16";"05";"2024";"15:25";"1";"69";"69091";"2";"1";"2";"3";"Rue de la Paix";"45,58505830";"4,74998542"
"202400033623";"8";"04";"2024";"11:45";"1";"64";"64445";"2";"1";"1";"7";"BUROS DE";"43,32453000";" -0,34422000"
"202400033624";"2";"03";"2024";"10:06";"1";"82";"82087";"1";"1";"1";"1";"D927 Km 13,350m";"44,10821500";"1,25213000"
"202400033625";"16";"05";"2024";"16:50";"1";"67";"67447";"2";"1";"1";"3";"PIERRE MENDES FRANCE (AVENUE)";"48,60669000";"7,76184000"
"202400033626";"17";"01";"2024";"21:45";"3";"13";"13215";"1";"1";"2";"2";"A55-Sens Marseille vers Martigues";"43,33192000";"5,35435000"
"202400033627";"29";"02";"2024";"09:52";"1";"71";"71263";"2";"1";"5";"1";"Rue du Jura";"46,63298016";"5,25071409"
"202400033628";"7";"04";"2024";"14:00";"1";"64";"64102";"2";"2";"1";"3";"BREUER MARCEL (AVENUE)";"43,50256000";" -1,45396000"
"202400033629";"16";"05";"2024";"10:30";"1";"67";"67482";"2";"3";"1";"3";"FAUBOURG DE PIERRE (RUE DU)";"48,58710000";"7,74630000"
"202400033630";"1";"03";"2024";"17:20";"1";"12";"12082";"1";"1";"1";"3";"route départementale 55";"43,92324500";"3,30610200"
"202400033631";"6";"04";"2024";"00:50";"3";"59";"59024";"2";"1";"1";"6";"DOUAI (RUE DE)";"50,33362000";"3,23162000"
"202400033632";"17";"01";"2024";"11:30";"1";"59";"59179";"1";"1";"4";"6";"AUTOROUTE A2";"50,30173000";"3,37188000"
"202400033633";"18";"01";"2024";"12:42";"1";"91";"91363";"1";"1";"1";"6";"RN 104";"48,63347000";"2,22235000"
"202400033634";"7";"04";"2024";"20:23";"2";"56";"56083";"2";"6";"2";"6";"BRUANT ( AV. ARISTIDE )";"47,80271000";" -3,25972000"
"202400033635";"18";"01";"2024";"11:30";"1";"93";"93010";"1";"1";"2";"7";"A3";"48,90833643";"2,47350192"
"202400033636";"1";"03";"2024";"13:50";"1";"22";"22047";"2";"3";"1";"1";"Rue de Pontivy";"48,31190700";" -3,04955100"
"202400033637";"18";"01";"2024";"01:15";"3";"95";"95212";"1";"9";"4";"6";"A1";"49,02589560";"2,53673418"
"202400033638";"1";"03";"2024";"17:45";"1";"22";"22288";"1";"1";"3";"7";"les Roches Morel";"48,06478100";" -2,64283500"
"202400033639";"17";"01";"2024";"21:30";"3";"95";"95582";"1";"1";"2";"2";"A15";"48,96354803";"2,26454987"
"202400033640";"5";"04";"2024";"16:10";"1";"56";"56036";"1";"1";"2";"4";"Pendreff";"47,77657000";" -3,36223000"
"202400033641";"15";"05";"2024";"19:00";"1";"67";"67482";"2";"3";"1";"3";"WANTZENAU (RTE DE LA)";"48,60352000";"7,77650000"
"202400033642";"5";"04";"2024";"16:10";"1";"56";"56098";"2";"8";"2";"7";"Avenue Victor Schoelcher";"47,75122000";" -3,33025000"
"202400033643";"17";"01";"2024";"18:30";"5";"93";"93066";"1";"1";"2";"2";"A1";"48,91899344";"2,35729400"
"202400033644";"2";"03";"2024";"07:20";"1";"70";"70208";"1";"1";"1";"2";"N57";"47,54065400";"6,13465200"
"202400033645";"15";"05";"2024";"17:00";"1";"67";"67482";"2";"1";"8";"3";"RHIN (AVENUE DU)";"48,57104000";"7,77525000"
"202400033646";"3";"04";"2024";"16:50";"1";"52";"52121";"2";"3";"1";"3";"REPUBLIQUE (AVENUE)";"48,09830000";"5,14498000"
"202400033647";"18";"01";"2024";"01:05";"5";"94";"94073";"1";"1";"2";"6";"A86";"48,76580230";"2,37939522"
"202400033648";"7";"04";"2024";"16:50";"1";"52";"52121";"2";"1";"1";"7";"REPUBLIQUE (AVENUE)";"48,09565500";"5,14553600"
"202400033649";"2";"03";"2024";"13:00";"1";"83";"83056";"1";"1";"1";"3";"D54";"43,56209982";"6,51142942"
"202400033650";"16";"05";"2024";"17:25";"1";"64";"64348";"2";"3";"2";"3";"FREDERIC ET IRENE JOLIOT CURIE";"43,30954000";" -0,42900000"
"202400033651";"1";"03";"2024";"22:15";"5";"73";"73226";"2";"1";"1";"6";"D203 - Avenue de la gare";"45,50282700";"5,72984000"
"202400033652";"8";"04";"2024";"09:01";"1";"51";"51454";"2";"2";"1";"3";"DROIT (RUE GILBERTE ET JEAN)";"49,24022100";"4,00987900"
"202400033653";"1";"03";"2024";"09:40";"1";"36";"36192";"2";"6";"1";"3";"Avenue Charles de Gaulle";"46,63332700";"1,42775600"
"202400033654";"8";"04";"2024";"09:50";"1";"51";"51454";"2";"2";"1";"3";"SARRAIL (RUE DU GENERAL)";"49,25849000";"4,03075000"
"202400033655";"17";"01";"2024";"08:40";"1";"974";"97416";"2";"3";"1";"3";"GENERAL DE GAULLE(AVENUE)";" -21,35906000";"55,52330000"
"202400033656";"1";"03";"2024";"17:40";"1";"16";"16260";"1";"1";"3";"6";"D709";"45,34199600";"0,19410600"
"202400033657";"16";"05";"2024";"12:50";"1";"60";"60382";"2";"1";"1";"3";"Avenue Raymond Poincaré";"49,42547000";"2,82778000"
"202400033658";"8";"04";"2024";"08:05";"1";"51";"51454";"2";"3";"7";"3";"VASNIER (BOULEVARD HENRI) COTE IMPAIR";"49,24081000";"4,05300000"
"202400033659";"1";"03";"2024";"19:20";"3";"07";"07197";"1";"1";"1";"7";"Route de Quintenas";"45,20796800";"4,67280100"
"202400033660";"13";"07";"2024";"09:45";"1";"66";"66024";"1";"1";"1";"2";"N/A";"42,51418300";"2,83026700"
"202400033661";"12";"05";"2024";"17:20";"1";"60";"60159";"2";"1";"1";"6";"DUMAS (ALEXANDRE)";"49,40720000";"2,80327000"
"202400033662";"17";"01";"2024";"18:05";"2";"974";"97411";"1";"1";"1";"6";"JAURES (BLD 1 JEAN)";" -20,89431000";"55,47168000"
"202400033663";"22";"07";"2024";"13:00";"1";"72";"72329";"2";"1";"1";"6";"3 Rue des Boutons d?Or";"48,07973800";"0,30324500"
"202400033664";"8";"04";"2024";"10:50";"1";"50";"50502";"1";"1";"1";"2";"RN 174 (2x2) route de Tessy- rp Liberté";"49,09833790";" -1,08364990"
"202400033665";"1";"03";"2024";"20:15";"3";"07";"07328";"1";"1";"1";"1";"D579";"44,34843900";"4,36486900"
"202400033666";"30";"06";"2024";"18:30";"1";"60";"60513";"1";"1";"1";"6";"D92";"49,20430800";"2,38211200"
"202400033667";"15";"05";"2024";"07:25";"1";"58";"58194";"2";"3";"1";"1";"PISSEROTTE";"46,97371000";"3,12634000"
"202400033668";"16";"01";"2024";"14:00";"1";"974";"97411";"2";"9";"1";"3";"RAMBAUD (LEOPOLD)";" -20,88603000";"55,47780000"
"202400033669";"5";"04";"2024";"16:20";"1";"50";"50218";"1";"1";"8";"4";"VILLEDIEU LES POELES (ROUTE)";"48,83755000";" -1,54635000"
"202400033670";"17";"01";"2024";"08:50";"1";"974";"97409";"2";"1";"1";"7";"JEAN ALBANI(RUE)";" -20,96374000";"55,65634000"
"202400033671";"1";"03";"2024";"21:45";"3";"07";"07343";"2";"6";"1";"2";"Route d'Alès";"44,54126500";"4,35151900"
"202400033672";"16";"05";"2024";"11:15";"1";"54";"54431";"2";"1";"1";"6";"Cite des Fougères";"48,91780000";"6,06366000"
"202400033673";"6";"04";"2024";"07:05";"5";"50";"50129";"2";"2";"1";"6";"MENDES FRANCE (BOULEVARD)";"49,63478000";" -1,62709000"
"202400033674";"1";"03";"2024";"12:45";"1";"40";"40097";"1";"1";"1";"7";"2090 Route de Geaune";"43,68017089";" -0,37676656"
"202400033675";"24";"07";"2024";"07:50";"1";"45";"45296";"1";"3";"1";"3";"D955 PR 17 + 691";"47,99478100";"1,71445500"
"202400033676";"15";"05";"2024";"16:53";"1";"51";"51108";"2";"2";"1";"6";"CHEVAUX (PL AUX)";"48,96017000";"4,36038000"
"202400033677";"24";"07";"2024";"15:50";"1";"36";"36037";"1";"1";"1";"6";"N/A";"46,93334100";"1,79077100"
"202400033678";"2";"03";"2024";"13:40";"1";"85";"85254";"1";"1";"8";"6";"la travaillère - RD 27 - PK 47+400";"46,82933000";" -0,76055000"
"202400033679";"17";"01";"2024";"07:30";"1";"973";"97302";"2";"3";"2";"2";"MONTABO (ROUTE DE) 1";"4,93670035";" -52,29703546"
"202400033680";"8";"04";"2024";"21:00";"5";"44";"44190";"2";"6";"1";"3";"Rue de la Libération";"47,20287926";" -1,51365534"
"202400033681";"11";"05";"2024";"17:50";"1";"42";"42187";"2";"1";"1";"3";"Rue de Bourgogne";"46,04032000";"4,07861000"
"202400033682";"17";"01";"2024";"15:25";"1";"972";"97209";"2";"1";"1";"3";"BEAUSEJOUR JAMBETTE (ROUTE DE )";"14,63027000";" -61,04317000"
"202400033683";"1";"03";"2024";"20:35";"5";"27";"27056";"2";"2";"8";"3";"Rue jean bouin";"49,08100800";"0,59004800"
"202400033684";"23";"07";"2024";"16:00";"1";"21";"21490";"1";"2";"1";"2";"D971";"47,55099900";"4,69096900"
"202400033685";"2";"03";"2024";"02:45";"3";"37";"37114";"1";"1";"2";"6";"D 750 PR 019+750 SENS DESCARTES/BARROU";"46,88543122";"0,74183520"
"202400033686";"8";"04";"2024";"19:00";"2";"41";"41295";"2";"9";"1";"3";"CHARLES DE GAULLE (AVENUE)";"47,58345000";"1,37244000"
"202400033687";"22";"07";"2024";"07:45";"1";"21";"21250";"1";"1";"1";"6";"D996";"47,76179300";"4,80053200"
"202400033688";"17";"01";"2024";"18:50";"5";"69";"69149";"2";"3";"3";"3";"Avenue Jean Jaurès";"45,71157000";"4,81989000"
"202400033689";"21";"07";"2024";"18:55";"1";"85";"85294";"1";"1";"1";"7";"avenue des citronniers";"46,35456900";" -1,47066600"
"202400033690";"1";"03";"2024";"22:05";"3";"18";"18126";"1";"1";"2";"2";"N/A";"46,91245800";"2,41999600"
"202400033691";"14";"05";"2024";"19:30";"1";"39";"39198";"2";"1";"2";"5";"Rue du General Bethouart";"47,08546000";"5,49100000"
"202400033692";"16";"01";"2024";"09:15";"1";"95";"95555";"2";"2";"1";"5";"D470";"48,97296777";"2,27668896"
"202400033693";"22";"07";"2024";"18:15";"1";"85";"85004";"2";"1";"1";"2";"11 Route de la tranche sur mer";"46,40388300";" -1,40761300"
"202400033694";"14";"02";"2024";"15:35";"1";"34";"34032";"1";"1";"1";"2";"Aire de la Gare de Péages de Béziers Cabrials (Embranchement d'autoroute)";"43,34286100";"3,28890300"
"202400033695";"17";"01";"2024";"08:20";"1";"91";"91667";"2";"1";"9";"6";"BOCAGE (ALLEE)";"48,66244100";"2,32850300"
"202400033696";"8";"04";"2024";"08:50";"1";"37";"37122";"2";"3";"1";"6";"BRETONNIERES (BOULEVARD DES)";"47,34542634";"0,63996166"
"202400033697";"16";"05";"2024";"17:00";"1";"38";"38185";"2";"1";"3";"6";"RUE DES ALLIÉS";"45,17219000";"5,72260000"
"202400033698";"23";"07";"2024";"21:50";"3";"37";"37143";"1";"1";"1";"7";"RD 760 - PR 043+700";"47,13059300";"0,82566400"
"202400033699";"1";"03";"2024";"11:30";"1";"987";"98747";"1";"9";"1";"3";"AFAAHITI PK 1.050 sens Afaahiti/Teahupoo";" -17,75600000";" -148,73600000"
"202400033700";"16";"01";"2024";"17:15";"2";"91";"91161";"2";"9";"8";"6";"MAZARIN (AVENUE)";"48,70471000";"2,31607000"
"202400033701";"23";"07";"2024";"18:30";"1";"30";"30008";"1";"1";"1";"7";"D7";"44,19200500";"4,23894200"
"202400033702";"16";"05";"2024";"07:15";"1";"37";"37122";"2";"2";"1";"3";"CHINON (BOULEVARD DE)";"47,35457000";"0,69545000"
"202400033703";"2";"03";"2024";"00:16";"5";"971";"97128";"1";"1";"1";"6";"D102";"16,26610100";" -61,33741600"
"202400033704";"16";"01";"2024";"11:00";"1";"91";"91421";"2";"1";"7";"6";"REPUBLIQUE (AVENUE DE LA)";"48,70986000";"2,46450000"
"202400033705";"8";"04";"2024";"16:10";"1";"35";"35150";"1";"6";"2";"2";"PILAIS (LA) LIEUX-DITS";"48,35170985";" -1,23407632"
"202400033706";"23";"07";"2024";"20:25";"2";"31";"31424";"2";"2";"1";"1";"Route des Vitarelles";"43,56447200";"1,31845600"
"202400033707";"17";"01";"2024";"18:35";"5";"91";"91027";"2";"1";"2";"6";"EDOUARD VAILLANT (RUE)";"48,70830100";"2,39816400"
"202400033708";"16";"05";"2024";"08:52";"1";"36";"36044";"2";"1";"1";"3";"Avenue d'Argenton";"46,80576145";"1,67498991"
"202400033709";"28";"02";"2024";"06:05";"3";"77";"77474";"1";"2";"5";"1";"N3";"48,95781300";"2,80180300"
"202400033710";"4";"04";"2024";"16:45";"1";"34";"34172";"2";"1";"1";"6";"COMTE DE NICE (AVENUE DU)";"43,63658000";"3,81280000"
"202400033711";"23";"07";"2024";"15:10";"1";"77";"77194";"1";"1";"1";"6";"AUTOROUTE A5 PK 030.200 DIRECTION PARIS";"48,42498600";"2,93295300"
"202400033712";"15";"05";"2024";"14:10";"1";"34";"34108";"1";"1";"1";"7";"AIGUËS (RUE D')";"43,43803000";"3,71000000"
"202400033713";"1";"03";"2024";"19:20";"5";"78";"78321";"2";"1";"3";"6";"47 Route de Paris";"48,79901000";"1,90947100"
"202400033714";"17";"01";"2024";"08:35";"2";"91";"91027";"2";"1";"3";"6";"JEAN PIERRE BENARD (AVENUE)";"48,70998000";"2,38505000"
"202400033715";"8";"04";"2024";"06:45";"2";"34";"34172";"2";"1";"1";"2";"JOUHAUX (AVENUE LEON)";"43,59352000";"3,82055000"
"202400033716";"15";"05";"2024";"15:35";"1";"34";"34301";"2";"1";"1";"6";"VERDUN (BOULEVARD DE)";"43,41118000";"3,67943000"
"202400033717";"24";"07";"2024";"05:55";"2";"987";"98715";"2";"3";"1";"3";"RT1 sens FAAA/PUNAAUIA - Sortie ouest de l'aéroport de Tahiti FAAA";" -17,58400000";" -149,56000000"
"202400033718";"1";"03";"2024";"17:40";"1";"34";"34249";"1";"1";"1";"6";"Départementale 54";"43,72060800";"3,98811800"
"202400033719";"16";"01";"2024";"09:05";"1";"87";"87085";"2";"1";"1";"6";"FONDERIE (RUE DE LA)";"45,83586000";"1,25283000"
"202400033720";"8";"04";"2024";"18:40";"1";"33";"33318";"2";"6";"3";"3";"N/A";"44,80476000";" -0,61047000"
"202400033721";"3";"05";"2024";"22:30";"5";"976";"97612";"2";"1";"1";"1";"Route Nationale Hamjago";" -12,68877300";"45,07642200"