"Num_Acc";"jour";"mois";"an";"hrmn";"lum";"dep";"com";"agg";"int";"atm";"col";"adr";"lat";"long"
"202400033722";"15";"05";"2024";"08:00";"1";"34";"34032";"1";"3";"1";"2";"MAUREILHAN (ROUTE DE)";"43,34624000";"3,16619000"
"202400033723";"1";"03";"2024";"17:50";"2";"83";"83071";"2";"3";"1";"1";"Chemin du Puits de la Commune";"43,14608000";"6,23889300"
"202400033724";"16";"01";"2024";"08:28";"1";"87";"87085";"2";"1";"3";"3";"NEXON (RUE DE)";"45,80923000";"1,25644000"
"202400033725";"8";"04";"2024";"21:15";"3";"31";"31555";"1";"1";"1";"6";"14 CROIX DAURADE (PERIPH EST A62)";"43,64682660";"1,45968048"
"202400033726";"16";"05";"2024";"17:00";"1";"33";"33200";"2";"6";"1";"6";"N/A";"44,86153000";" -0,69693000"
"202400033727";"23";"07";"2024";"20:30";"1";"30";"30221";"1";"1";"1";"4";"PK 08+500";"44,06684102";"4,76553348"
"202400033728";"17";"01";"2024";"02:30";"5";"83";"83118";"2";"1";"1";"6";"ROUTE DE LA CORNICHE";"43,41680000";"6,83435000"
"202400033729";"2";"03";"2024";"09:50";"1";"06";"06003";"1";"1";"1";"5";"Route de Saint Vallier";"43,77403600";"6,85539600"
"202400033730";"16";"05";"2024";"12:00";"1";"33";"33063";"2";"2";"1";"6";"N/A";"44,82758018";" -0,55790350"
"202400033731";"15";"07";"2024";"07:25";"1";"974";"97415";"1";"1";"1";"7";"Route du Théâtre";" -21,04361600";"55,24037900"
"202400033732";"17";"01";"2024";"07:40";"3";"77";"77288";"1";"6";"3";"6";"ROND POINT DE L'EUROPE";"48,55255000";"2,64328000"
"202400033733";"8";"04";"2024";"07:30";"1";"31";"31069";"2";"8";"1";"6";"L'EUROPE (BD)";"43,65580000";"1,37282000"
"202400033734";"26";"02";"2024";"12:10";"1";"04";"04143";"2";"1";"7";"3";"Avenue de Traversetolo";"43,91021300";"5,90708500"
"202400033735";"23";"07";"2024";"23:00";"5";"91";"91599";"2";"1";"1";"3";"le Saut du Postillon";"48,48342600";"2,47092600"
"202400033736";"16";"05";"2024";"08:35";"1";"33";"33162";"2";"1";"1";"3";"N/A";"44,87863000";" -0,62502000"
"202400033737";"7";"04";"2024";"19:00";"1";"29";"29019";"2";"1";"1";"2";"rue Dupuy de Lome";"48,39078900";" -4,50931200"
"202400033738";"26";"02";"2024";"20:30";"3";"13";"13067";"1";"2";"1";"2";"D7n";"43,77967700";"5,05182300"
"202400033739";"16";"01";"2024";"14:55";"1";"77";"77067";"1";"6";"1";"2";"D346";"48,56071000";"2,59584000"
"202400033740";"24";"07";"2024";"09:50";"1";"66";"66190";"1";"1";"1";"1";"D11";"42,81226682";"2,93377876"
"202400033741";"16";"05";"2024";"07:55";"1";"33";"33200";"2";"1";"1";"3";"N/A";"44,86036000";" -0,69590000"
"202400033742";"2";"03";"2024";"14:30";"1";"13";"13085";"1";"1";"1";"6";"D1";"43,25384600";"5,63188800"
"202400033743";"7";"04";"2024";"09:05";"1";"29";"29019";"2";"1";"1";"6";"avenue de Tarente";"48,40306000";" -4,50633000"
"202400033744";"18";"07";"2024";"12:00";"1";"84";"84129";"2";"1";"1";"6";"18 Cité des Griffons (Zone résidentielle)";"44,01306100";"4,87643600"
"202400033745";"17";"01";"2024";"18:00";"5";"76";"76540";"2";"3";"4";"6";"Route de Darnetal";"49,44032323";"1,12771694"
"202400033746";"16";"05";"2024";"13:30";"1";"31";"31282";"2";"1";"1";"3";"RTE DE LAUNAGUET";"43,66388000";"1,43961000"
"202400033747";"16";"01";"2024";"15:05";"1";"76";"76351";"2";"1";"1";"6";"ESTUAIRE (ROUTE DE L')";"49,46153000";"0,18528000"
"202400033748";"24";"07";"2024";"06:07";"1";"04";"04195";"1";"1";"1";"3";"cd 900";"44,38628500";"6,63117700"
"202400033749";"8";"04";"2024";"11:20";"1";"27";"27229";"2";"1";"2";"7";"FAUVILLE (RUE DE)";"49,02841000";"1,18356000"
"202400033750";"17";"01";"2024";"19:10";"5";"71";"71076";"2";"2";"2";"3";"EUROPE (AVENUE DE L')";"46,79580000";"4,83769000"
"202400033751";"8";"04";"2024";"07:00";"1";"27";"27229";"2";"1";"2";"2";"GAMBETTA (BOULEVARD)";"49,01917000";"1,14869000"
"202400033752";"22";"07";"2024";"15:30";"1";"13";"13086";"2";"3";"1";"3";"Avenue du Repos";"43,34211500";"5,60339900"
"202400033753";"15";"05";"2024";"18:45";"1";"25";"25462";"1";"4";"2";"3";"VOIE COMMUNALE DE L'AVIATION";"46,89899000";"6,32235000"
"202400033754";"16";"01";"2024";"17:58";"3";"71";"71076";"2";"1";"5";"6";"SAINTE MARIE (PROMENADE)";"46,78502000";"4,86164000"
"202400033755";"7";"04";"2024";"17:30";"1";"19";"19031";"2";"1";"1";"1";"LISSAC (ROUTE DE)";"45,15735595";"1,52965966"
"202400033756";"16";"05";"2024";"20:15";"1";"25";"25056";"2";"1";"8";"6";"RAVEL RUE MAURICE";"47,26162900";"6,03780900"
"202400033757";"16";"01";"2024";"16:10";"2";"71";"71076";"2";"1";"2";"6";"MENAND (RUE EMILAND)";"46,78442000";"4,85307000"
"202400033758";"23";"07";"2024";"16:30";"1";"29";"29131";"1";"1";"1";"6";"D30";"48,44938728";" -4,08709579"
"202400033759";"4";"04";"2024";"18:00";"1";"14";"14118";"2";"3";"1";"3";"108 Boulevard Jean Moulin";"49,20974000";" -0,37084200"
"202400033760";"17";"01";"2024";"19:05";"5";"69";"69266";"2";"1";"2";"1";"Place Albert Thomas";"45,76379168";"4,87393140"
"202400033761";"16";"05";"2024";"17:55";"1";"17";"17306";"2";"1";"2";"4";"ROCHEFORT (DE)  (AVENUE)";"45,65439000";" -1,02286000"
"202400033762";"21";"07";"2024";"18:50";"1";"68";"68247";"1";"1";"1";"6";"D27";"47,93134142";"7,01177114"
"202400033763";"7";"04";"2024";"18:40";"1";"11";"11069";"2";"1";"1";"1";"N/A";"43,21989000";"2,33591000"
"202400033764";"17";"01";"2024";"11:00";"1";"69";"69290";"2";"3";"2";"2";"Avenue Henri Germain";"45,70325000";"4,90250000"
"202400033765";"23";"07";"2024";"17:59";"1";"68";"68154";"2";"1";"1";"3";"Rue de Berne";"47,77129100";"7,38137500"
"202400033766";"16";"05";"2024";"20:05";"1";"13";"13214";"2";"1";"1";"1";"ANATOLE DE LA FORGE (BOULEVARD)";"43,33596000";"5,39820000"
"202400033767";"7";"04";"2024";"15:45";"1";"11";"11069";"1";"1";"1";"6";"N/A";"43,22573000";"2,36864000"
"202400033768";"16";"01";"2024";"15:45";"1";"69";"69259";"2";"2";"1";"1";"Boulevard Pinel";"45,72438000";"4,88729000"
"202400033769";"16";"05";"2024";"16:00";"1";"13";"13209";"2";"1";"1";"3";"MARÉCHAL DE LATTRE (AVENUE)";"43,24583000";"5,41665000"
"202400033770";"24";"07";"2024";"07:00";"2";"03";"03173";"2";"1";"1";"7";"47 Route de Digoin";"46,47343500";"3,95522300"
"202400033771";"15";"01";"2024";"16:30";"1";"69";"69276";"2";"2";"2";"6";"Rue Thomas";"45,66345162";"4,84926686"
"202400033772";"8";"04";"2024";"02:50";"5";"75";"75117";"2";"1";"2";"7";"BD PERIPHERIQUE EXTERIEUR";"48,88191100";"2,28272700"
"202400033773";"16";"05";"2024";"11:00";"1";"11";"11069";"2";"1";"1";"6";"6 Chemin de Sainte Marie";"43,21436000";"2,37274000"
"202400033774";"23";"07";"2024";"10:25";"1";"38";"38565";"1";"1";"1";"3";"Route de Chartreuse";"45,30279900";"5,63539100"
"202400033775";"16";"01";"2024";"21:06";"5";"68";"68224";"2";"8";"1";"6";"STOESSEL (BOULEVARD CHARLES)";"47,74348000";"7,31344000"
"202400033776";"15";"05";"2024";"16:12";"1";"09";"09122";"2";"1";"1";"7";"PAUL LAFFONT (RUE)";"42,96301500";"1,60830400"
"202400033777";"7";"04";"2024";"23:20";"5";"75";"75112";"2";"1";"2";"3";"BD PERIPHERIQUE EXTERIEUR";"48,84648400";"2,41457100"
"202400033778";"23";"07";"2024";"17:00";"1";"40";"40293";"1";"1";"1";"7";"1901 Route de Maremne";"43,66920300";" -1,20065300"
"202400033779";"16";"01";"2024";"12:05";"1";"67";"67482";"2";"3";"8";"3";"SCHIRMECK (ROUTE DE)";"48,56936000";"7,71051000"
"202400033780";"16";"05";"2024";"19:20";"1";"06";"06069";"2";"1";"1";"2";"44 Chemin des Chèvrefeuilles";"43,63764000";"6,92367000"
"202400033781";"6";"04";"2024";"19:00";"1";"75";"75116";"2";"1";"1";"3";"BD PERIPHERIQUE EXTERIEUR";"48,85464000";"2,25471100"
"202400033782";"15";"05";"2024";"17:35";"1";"75";"75116";"2";"1";"1";"2";"BD PERIPHERIQUE EXTERIEUR";"48,83536300";"2,25869200"
"202400033783";"17";"01";"2024";"11:52";"1";"64";"64445";"2";"3";"3";"3";"MAQUIS DU BEARN DU";"43,29853000";" -0,37680000"
"202400033784";"23";"07";"2024";"16:35";"1";"33";"33441";"1";"2";"7";"5";"N/A";"45,15188600";" -0,63582300"
"202400033785";"8";"04";"2024";"18:15";"1";"75";"75120";"2";"3";"7";"6";"BOULEVARD DAVOUT";"48,85870200";"2,40990700"
"202400033786";"17";"01";"2024";"10:10";"1";"64";"64348";"2";"1";"2";"6";"Boulevard des Frères Farman";"43,33289000";" -0,39083000"
"202400033787";"15";"05";"2024";"16:30";"1";"75";"75117";"2";"1";"1";"3";"BD PERIPHERIQUE EXTERIEUR";"48,88465800";"2,28612800"
"202400033788";"10";"01";"2024";"19:15";"5";"64";"64445";"2";"1";"1";"3";"DIDIER DAURAT";"43,33204000";" -0,37946000"
"202400033789";"15";"05";"2024";"12:00";"1";"75";"75119";"2";"3";"1";"6";"AVENUE JEAN JAURES";"48,88663900";"2,38483900"
"202400033790";"8";"04";"2024";"16:30";"1";"75";"75120";"2";"3";"1";"3";"RUE DE MENILMONTANT";"48,86802100";"2,38706600"
"202400033791";"24";"07";"2024";"11:30";"1";"85";"85243";"2";"3";"1";"3";"RD38";"46,60248000";" -1,82804000"
"202400033792";"16";"01";"2024";"13:20";"1";"64";"64445";"2";"1";"1";"7";"BENGHOZI AUDREY";"43,31910703";" -0,36446431"
"202400033793";"23";"07";"2024";"08:47";"1";"33";"33063";"1";"1";"1";"7";"N/A";"44,88374500";" -0,55677700"
"202400033794";"17";"01";"2024";"08:50";"1";"63";"63113";"2";"1";"1";"3";"CLARET (RUE JEAN)";"45,76496000";"3,13589000"
"202400033795";"14";"05";"2024";"21:45";"5";"75";"75120";"2";"2";"2";"3";"AVENUE GAMBETTA";"48,86653000";"2,39989300"
"202400033796";"8";"04";"2024";"10:15";"1";"75";"75120";"2";"3";"8";"6";"RUE DE BAGNOLET";"48,85672500";"2,39601400"
"202400033797";"16";"05";"2024";"11:40";"1";"75";"75119";"2";"1";"1";"6";"AVENUE JEAN JAURES";"48,88383200";"2,37426600"
"202400033798";"19";"07";"2024";"08:19";"1";"59";"59350";"1";"1";"1";"2";"AUTOROUTE A1";"50,61607000";"3,08282000"
"202400033799";"8";"04";"2024";"17:10";"1";"75";"75119";"2";"3";"1";"3";"BOULEVARD MACDONALD";"48,89709000";"2,39215000"
"202400033800";"17";"01";"2024";"11:10";"1";"61";"61169";"2";"6";"3";"3";"170 Rue de Messei";"48,74189100";" -0,55792600"
"202400033801";"15";"05";"2024";"23:40";"5";"75";"75117";"2";"3";"1";"6";"BOULEVARD DES BATIGNOLLES";"48,88322900";"2,32533400"
"202400033802";"16";"01";"2024";"18:34";"5";"56";"56121";"2";"6";"8";"6";"FERRY ( PL. JULES )";"47,74682000";" -3,36596000"
"202400033803";"8";"04";"2024";"07:30";"1";"75";"75119";"2";"2";"1";"6";"BOULEVARD DE LA VILLETTE";"48,87209700";"2,37703800"
"202400033804";"16";"01";"2024";"20:15";"5";"54";"54357";"2";"4";"1";"6";"Rue Jean Jaurès";"48,71097000";"6,16940000"
"202400033805";"16";"05";"2024";"18:30";"1";"75";"75116";"2";"2";"1";"3";"ROUTE DE SURESNES";"48,86505900";"2,23447300"
"202400033806";"8";"04";"2024";"12:00";"1";"75";"75116";"2";"2";"1";"3";"RUE MOLITOR";"48,84520200";"2,26418100"
"202400033807";"16";"01";"2024";"15:57";"1";"54";"54547";"2";"1";"9";"3";"Boulevard de l'Europe";"48,65723600";"6,17820000"
"202400033808";"16";"05";"2024";"10:00";"1";"75";"75114";"2";"4";"1";"6";"AVENUE DU GENERAL LECLERC";"48,82879400";"2,32773000"
"202400033809";"8";"04";"2024";"20:45";"5";"75";"75111";"2";"2";"1";"3";"AVENUE PHILIPPE AUGUSTE";"48,85576700";"2,39140100"
"202400033810";"11";"07";"2024";"16:13";"1";"59";"59330";"1";"1";"1";"2";"AUTOROUTE A23";"50,45547000";"3,31634000"
"202400033811";"17";"01";"2024";"07:50";"2";"51";"51573";"2";"3";"3";"6";"COUTURIER (RUE PAUL VAILLANT)";"49,24793000";"4,00724000"
"202400033812";"8";"04";"2024";"09:45";"1";"75";"75102";"2";"2";"1";"7";"RUE REAUMUR";"48,86679500";"2,34941100"
"202400033813";"16";"05";"2024";"18:05";"1";"75";"75113";"2";"4";"1";"3";"AVENUE DE LA PORTE D ITALIE";"48,81757200";"2,35981000"
"202400033814";"23";"07";"2024";"15:07";"1";"91";"91161";"1";"1";"1";"3";"AUTOROUTE A6";"48,70715270";"2,30607748"
"202400033815";"17";"01";"2024";"04:30";"5";"51";"51454";"2";"1";"2";"2";"NEUFCHATEL (RUE DE) DU N° 123 A FIN (IMP";"49,28204100";"4,02728000"
"202400033816";"16";"05";"2024";"13:30";"1";"75";"75110";"2";"1";"1";"6";"RUE DIEU";"48,87032700";"2,36456700"
"202400033817";"23";"07";"2024";"11:10";"1";"91";"91174";"1";"1";"1";"3";"RN 104";"48,61804000";"2,45735000"
"202400033818";"16";"01";"2024";"07:00";"5";"51";"51454";"2";"1";"1";"6";"POMMERY (BOULEVARD)";"49,25313000";"4,05395000"
"202400033819";"16";"05";"2024";"13:25";"1";"75";"75108";"2";"3";"1";"3";"PLACE DE LA CONCORDE";"48,86575800";"2,32054800"
"202400033820";"8";"04";"2024";"16:55";"1";"94";"94078";"2";"2";"1";"3";"Rue de Paris / Rue Emile Zola";"48,73559000";"2,44686000"
"202400033821";"16";"01";"2024";"16:30";"1";"49";"49007";"2";"1";"1";"1";"MONTAIGNE AVENUE";"47,47167000";" -0,53845000"
"202400033822";"23";"07";"2024";"10:34";"1";"92";"92047";"1";"1";"2";"4";"A13";"48,83459228";"2,17162733"
"202400033823";"16";"05";"2024";"09:30";"1";"75";"75108";"2";"3";"1";"2";"SOUTERRAIN CONCORDE";"48,86421200";"2,32020600"
"202400033824";"8";"04";"2024";"11:55";"1";"94";"94074";"2";"1";"2";"4";"107 Avenue du Rû de Gironde";"48,73886827";"2,46962169"
"202400033825";"23";"07";"2024";"10:30";"1";"78";"78007";"1";"1";"2";"6";"A13W";"48,90089200";"2,00500970"
"202400033826";"17";"01";"2024";"17:20";"2";"38";"38185";"2";"1";"2";"6";"MARECHAL JOFFRE (BOULEVARD)";"45,18248000";"5,72828000"
"202400033827";"23";"07";"2024";"05:50";"2";"95";"95488";"1";"1";"1";"7";"A15";"49,01607139";"2,14427239"
"202400033828";"8";"04";"2024";"15:30";"1";"94";"94073";"1";"4";"1";"3";"Rue du Bas Marin";"48,75594000";"2,38367000"
"202400033829";"17";"01";"2024";"19:20";"5";"38";"38053";"2";"2";"3";"6";"Avenue Professeur Tixier";"45,58826000";"5,29210000"
"202400033830";"8";"04";"2024";"20:50";"3";"94";"94079";"2";"3";"1";"6";"Rue du Général de Gaulle / Rue Edgar Degas";"48,82790000";"2,55282000"
"202400033831";"23";"07";"2024";"12:05";"1";"93";"93027";"1";"1";"1";"4";"AUTOROUTE A86";"48,92583836";"2,39888728"
"202400033832";"17";"01";"2024";"15:55";"1";"37";"37261";"2";"1";"8";"3";"DASSAULT (AVENUE MARCEL)";"47,36382000";"0,68615000"
"202400033833";"8";"04";"2024";"01:45";"5";"93";"93070";"2";"1";"2";"7";"Avenue Gabriel Péri";"48,90320000";"2,33097000"
"202400033834";"13";"01";"2024";"05:00";"3";"35";"35288";"1";"1";"1";"6";"BARBINAIS (LIEU DIT LA)";"48,64750000";" -1,96291000"
"202400033835";"15";"05";"2024";"16:42";"1";"75";"75103";"2";"3";"1";"6";"RUE DE TURBIGO";"48,86574600";"2,35742300"
"202400033836";"23";"07";"2024";"10:15";"1";"93";"93063";"1";"1";"2";"6";"AUTOROUTE A3";"48,87437332";"2,43812795"
"202400033837";"8";"04";"2024";"18:27";"1";"93";"93055";"2";"1";"1";"3";"Avenue du Général Leclerc";"48,90019000";"2,41015000"
"202400033838";"22";"07";"2024";"14:40";"1";"95";"95241";"1";"1";"1";"3";"N104";"49,04775666";"2,46302566"
"202400033839";"7";"04";"2024";"22:47";"5";"92";"92022";"2";"1";"2";"6";"FONTAINE HENRI IV (RUE DE LA)";"48,81169702";"2,19287798"
"202400033840";"17";"01";"2024";"08:35";"4";"35";"35238";"2";"1";"2";"6";"MALAKOFF";"48,10573000";" -1,69331000"
"202400033841";"23";"07";"2024";"17:10";"1";"94";"94028";"1";"1";"1";"2";"A86";"48,80103887";"2,44724080"
"202400033842";"8";"04";"2024";"20:50";"2";"92";"92012";"2";"2";"1";"1";"ANATOLE FRANCE (BOULEVARD) 1/4BIS";"48,85034362";"2,23776680"
"202400033843";"16";"05";"2024";"07:35";"1";"94";"94065";"2";"4";"1";"2";"Avenue Charles Lindbergh / Bretelle A86";"48,75390000";"2,34830000"
"202400033844";"8";"04";"2024";"18:20";"1";"92";"92004";"2";"1";"1";"3";"GRESILLONS ( AVENUE DES  )";"48,91621421";"2,30462095"
"202400033845";"23";"07";"2024";"06:50";"1";"77";"77337";"1";"1";"2";"6";"A4.W";"48,83003300";"2,61618000"
"202400033846";"17";"01";"2024";"13:37";"1";"33";"33281";"2";"3";"2";"5";"N/A";"44,83634600";" -0,62290000"
"202400033847";"15";"05";"2024";"18:10";"1";"94";"94028";"2";"3";"1";"2";"Route de la Pompadour / Chemin des Bassins";"48,76851152";"2,46496671"
"202400033848";"8";"04";"2024";"09:10";"1";"92";"92004";"2";"1";"8";"7";"GRESILLONS ( AVENUE DES  )";"48,91443905";"2,30043626"
"202400033849";"22";"07";"2024";"22:50";"3";"77";"77258";"1";"1";"1";"7";"A4.Y";"48,83244200";"2,65627200"
"202400033850";"17";"01";"2024";"07:52";"5";"33";"33281";"2";"1";"1";"6";"N/A";"44,84120000";" -0,65210000"
"202400033851";"16";"05";"2024";"08:15";"1";"94";"94018";"2";"2";"1";"3";"Rue de Conflans / Rue des Bordeaux";"48,82236200";"2,41073500"
"202400033852";"8";"04";"2024";"07:15";"2";"92";"92004";"2";"1";"8";"2";"DOCTEUR DERVAUX  ( QUAI DU )";"48,90699000";"2,29162000"
"202400033853";"22";"07";"2024";"09:30";"1";"94";"94065";"1";"1";"1";"5";"A86";"48,75361271";"2,36115754"
"202400033854";"15";"05";"2024";"19:30";"1";"94";"94017";"2";"1";"2";"2";"Boulevard de Stalingrad";"48,81893000";"2,50349000"
"202400033855";"8";"04";"2024";"03:00";"3";"40";"40168";"1";"1";"1";"6";"A63";"43,78613731";" -1,20931033"
"202400033856";"17";"01";"2024";"21:20";"5";"31";"31555";"2";"6";"2";"2";"RUE DU DR MARCEL BOUVIER";"43,62312650";"1,45430781"
"202400033857";"24";"01";"2024";"16:15";"1";"14";"14281";"1";"9";"1";"6";"N13";"49,33863000";" -0,93701400"
"202400033858";"16";"05";"2024";"13:00";"1";"94";"94075";"2";"6";"1";"6";"Rue des Plantes / Rue de la Tournelle";"48,72014000";"2,52979000"
"202400033859";"18";"01";"2024";"00:10";"5";"29";"29232";"2";"6";"1";"6";"LUDUGRIS  ROND POINT DE";"47,97952351";" -4,12191647"
"202400033860";"5";"04";"2024";"09:58";"1";"35";"35082";"2";"2";"1";"3";"Lieu Dit Jugon";"47,87337500";" -1,38970100"
"202400033861";"18";"03";"2024";"10:00";"1";"76";"76681";"2";"7";"1";"6";"Place des Bruyères";"49,41205000";"1,07338000"
"202400033862";"9";"04";"2024";"07:45";"1";"38";"38378";"1";"1";"3";"6";"Route du Péage";"45,42843700";"4,77134100"
"202400033863";"16";"01";"2024";"19:00";"5";"29";"29019";"2";"3";"1";"6";"place Napoleon III";"48,40341100";" -4,50669300"
"202400033864";"16";"05";"2024";"08:14";"1";"93";"93070";"2";"1";"1";"1";"Avenue Gabriel Péri";"48,90893400";"2,33276100"
"202400033865";"8";"04";"2024";"12:50";"1";"86";"86184";"2";"1";"1";"6";"D20";"46,76868800";"0,36578400"
"202400033866";"16";"05";"2024";"09:25";"1";"93";"93064";"2";"1";"1";"1";"Boulevard Gabriel Péri";"48,87977159";"2,46801853"
"202400033867";"6";"03";"2024";"16:40";"1";"76";"76540";"2";"1";"8";"3";"Rue Victor Hugo";"49,43994000";"1,10069000"
"202400033868";"17";"01";"2024";"21:35";"5";"13";"13203";"2";"1";"2";"1";"STRASBOURG (BOULEVARD)";"43,30952094";"5,37930384"
"202400033869";"9";"04";"2024";"13:15";"1";"68";"68162";"1";"1";"2";"1";"Billachweg (Chemin)";"48,13249900";"7,32483400"
"202400033870";"1";"03";"2024";"18:45";"3";"76";"76322";"1";"1";"2";"2";"N338 - Sud 3";"49,40141000";"1,03268000"
"202400033871";"15";"05";"2024";"21:50";"3";"93";"93063";"2";"1";"1";"5";"Rue Marcel Ethis";"48,87750000";"2,44346000"
"202400033872";"17";"01";"2024";"09:25";"1";"13";"13213";"2";"1";"2";"2";"CROIX ROUGE (AVENUE)";"43,33289000";"5,43736000"
"202400033873";"9";"04";"2024";"15:30";"1";"974";"97422";"2";"1";"1";"6";"153 Rue des Poinsetias";" -21,24247300";"55,52734600"
"202400033874";"17";"01";"2024";"06:50";"5";"13";"13211";"2";"1";"2";"2";"CAMOINS (AVENUE DES)";"43,30607644";"5,51068778"
"202400033875";"8";"04";"2024";"11:45";"2";"972";"97227";"2";"1";"1";"1";"RN5";"14,46990000";" -60,92202200"
"202400033876";"15";"05";"2024";"19:50";"1";"93";"93031";"2";"1";"1";"1";"Avenue Jean Jaurès";"48,95680400";"2,32043800"
"202400033877";"19";"03";"2024";"10:26";"1";"24";"24053";"1";"1";"1";"3";"RN221";"45,15195000";"0,78605000"
"202400033878";"16";"01";"2024";"22:50";"5";"13";"13207";"2";"9";"1";"2";"Corniche John Fitzgérald Kennedy";"43,26873000";"5,36881000"
"202400033879";"8";"04";"2024";"10:20";"1";"21";"21661";"1";"1";"1";"2";"autoroute a38 - pk 30";"47,31841600";"4,91318100"
"202400033880";"23";"07";"2024";"01:55";"4";"974";"97416";"2";"1";"1";"6";"PRESBYTERE (RUE DU)";" -21,33688000";"55,47966000"
"202400033881";"12";"05";"2024";"12:00";"1";"93";"93031";"2";"3";"1";"1";"Rue Pierre Curie / Rue Georges Picot";"48,94884701";"2,34037220"
"202400033882";"2";"03";"2024";"10:05";"1";"62";"62706";"2";"9";"1";"6";"D166";"50,57517815";"2,74164543"
"202400033883";"22";"07";"2024";"19:09";"5";"973";"97302";"2";"1";"1";"2";"ZEPHIR (CITE)";"4,93594045";" -52,29419553"
"202400033884";"7";"04";"2024";"18:12";"2";"38";"38105";"1";"1";"1";"6";"Route de Bonpertuis";"45,40037100";"5,54087500"
"202400033885";"16";"05";"2024";"18:45";"1";"93";"93007";"2";"1";"1";"5";"Avenue Charles Floquet";"48,94048000";"2,45052000"
"202400033886";"8";"04";"2024";"09:45";"1";"34";"34036";"1";"1";"1";"7";"A75 PK286+200 Sens2";"43,67684200";"3,41584700"
"202400033887";"22";"07";"2024";"18:35";"1";"69";"69383";"2";"9";"1";"6";"Rue Villeroy";"45,75666000";"4,84499000"
"202400033888";"16";"05";"2024";"14:50";"1";"93";"93007";"2";"3";"1";"3";"Avenue Paul Vaillant Couturier / Rue de Londres";"48,92915100";"2,47894600"
"202400033889";"21";"07";"2024";"05:00";"3";"972";"97209";"2";"1";"1";"6";"MOUTTE (ROUTE DE)";"14,62307000";" -61,05164000"
"202400033890";"16";"05";"2024";"19:50";"1";"92";"92078";"2";"1";"1";"2";"GALLIENI (BD) (1 A 79 ET 22 A 102)";"48,92723690";"2,33017552"
"202400033891";"16";"05";"2024";"10:10";"1";"92";"92064";"2";"5";"1";"3";"PLACE CLEMENCEAU";"48,84143633";"2,22118431"
"202400033892";"21";"07";"2024";"06:40";"2";"87";"87085";"2";"3";"2";"6";"GAGNANT (AVENUE JEAN)";"45,83397000";"1,27352000"
"202400033893";"16";"05";"2024";"18:10";"1";"92";"92049";"2";"1";"1";"6";"BRIAND AVENUE ARISTIDE N°1 A 129";"48,81298790";"2,32587397"
"202400033894";"20";"07";"2024";"20:20";"1";"87";"87085";"2";"1";"2";"7";"ISLE (RUE D')";"45,82619000";"1,23635000"
"202400033895";"16";"05";"2024";"13:18";"1";"92";"92020";"2";"1";"1";"3";"PARIS AVENUE DE N°2 A82";"48,81055625";"2,29913306"
"202400033896";"15";"05";"2024";"23:34";"5";"92";"92040";"2";"3";"1";"2";"ARISTIDE BRIAND";"48,82141814";"2,25304019"
"202400033897";"19";"07";"2024";"16:00";"1";"87";"87085";"2";"3";"1";"6";"BRIAND (RUE ARISTIDE)";"45,84518000";"1,27657000"
"202400033898";"16";"05";"2024";"21:20";"1";"92";"92012";"2";"1";"1";"7";"BELLEVUE (RUE DE) 73/FIN - 80/FIN";"48,83561762";"2,23070133"
"202400033899";"22";"07";"2024";"17:20";"1";"83";"83137";"2";"3";"7";"3";"JUIN (AVE ALPHONSE)";"43,12034000";"5,94730000"
"202400033900";"15";"05";"2024";"23:10";"5";"92";"92012";"2";"1";"8";"3";"REINE (ROUTE DE LA) 39/107 BIS";"48,83967725";"2,23985624"