"Num_Acc";"jour";"mois";"an";"hrmn";"lum";"dep";"com";"agg";"int";"atm";"col";"adr";"lat";"long"
"202400033901";"15";"05";"2024";"13:50";"1";"92";"92012";"2";"9";"1";"5";"PONT DE SEVRES (ROND POINT DU)";"48,82892350";"2,22856826"
"202400033902";"22";"07";"2024";"13:25";"1";"78";"78168";"2";"1";"1";"3";"GARE (AVENUE DE LA)";"48,74191000";"1,91664000"
"202400033903";"17";"05";"2024";"17:50";"1";"12";"12300";"1";"1";"1";"7";"Route Haute de Farrou";"44,37320000";"2,03752400"
"202400033904";"21";"07";"2024";"20:30";"1";"78";"78172";"2";"9";"1";"1";"AMBASSADEUR (RUE DE L')";"49,00814000";"2,11463000"
"202400033905";"17";"05";"2024";"15:50";"1";101;101026";"1";"1";"1";"3";"D83";"41,88534846";"9,02674416"
"202400033906";"31";"08";"2024";"14:30";"1";"22";"22050";"2";"1";"1";"6";"Rue du Port";"48,45357200";" -2,03910100"
"202400033907";"23";"06";"2024";"15:40";"1";"77";"77350";"1";"3";"1";"7";"CD NUMERO 471";"48,75653439";"2,70534788"
"202400033908";"16";"05";"2024";"16:35";"1";"26";"26323";"1";"2";"1";"3";"D123";"45,07296498";"5,11282682"
"202400033909";"31";"08";"2024";"06:29";"2";"60";"60009";"2";"3";"2";"7";"Rue Saint Ladre";"49,40805434";"2,11066568"
"202400033910";"17";"05";"2024";"13:45";"1";"26";"26194";"1";"1";"1";"1";"Route Departementale 538";"45,17077800";"5,03967000"
"202400033911";"20";"07";"2024";"14:40";"1";"77";"77373";"1";"1";"1";"5";"CHE D 21";"48,78382500";"2,62659900"
"202400033912";"17";"05";"2024";"08:10";"1";"28";"28219";"1";"1";"5";"6";"Autoroute Oceane - A11";"48,22817500";"0,99939100"
"202400033913";"30";"08";"2024";"19:15";"1";"60";"60081";"1";"1";"1";"3";"Rue de Tillé";"49,47030600";"2,14229100"
"202400033914";"22";"07";"2024";"13:15";"1";"77";"77384";"1";"1";"1";"3";"D.57";"48,61489000";"2,61463000"
"202400033915";"2";"05";"2024";"16:55";"1";"51";"51585";"1";"1";"2";"7";"départementale 3";"49,08362212";"3,71712506"
"202400033916";"16";"05";"2024";"14:30";"1";"974";"97404";"1";"1";"1";"7";"Chemin Batty";" -21,26002749";"55,37924033"
"202400033917";"29";"08";"2024";"16:37";"1";"33";"33023";"1";"1";"1";"2";"N/A";"44,69460100";" -0,49667200"
"202400033918";"20";"07";"2024";"19:00";"1";"77";"77285";"2";"1";"1";"2";"FERME  (RUE DE LA)";"48,53251045";"2,62732029"
"202400033919";"21";"07";"2024";"22:15";"3";"77";"77285";"2";"1";"1";"6";"MAURICE DAUVERGNE (AVENUE)";"48,54321000";"2,63302000"
"202400033920";"3";"08";"2024";"20:15";"1";"33";"33366";"1";"1";"1";"4";"N/A";"45,01408900";" -0,43041000"
"202400033921";"22";"07";"2024";"10:05";"1";"77";"77284";"2";"1";"1";"3";"ARTISANS (IMPASSE DES)";"48,95949000";"2,90390000"
"202400033922";"19";"07";"2024";"16:07";"1";"77";"77186";"1";"1";"1";"6";"D138. girat.valvins à croix de vitry";"48,45793000";"2,70093000"
"202400033923";"30";"08";"2024";"18:00";"1";"91";"91345";"1";"1";"2";"4";"AUTOROUTE A6";"48,68880000";"2,32454000"
"202400033924";"19";"07";"2024";"19:33";"1";"76";"76270";"1";"1";"1";"4";"RD 6382";"49,53075100";"0,13263300"
"202400033925";"30";"08";"2024";"07:40";"1";"91";"91689";"1";"1";"1";"3";"AUTOROUTE A6B";"48,74187000";"2,32182000"
"202400033926";"21";"07";"2024";"17:10";"1";"72";"72181";"2";"2";"1";"3";"MAC JEAN (AV) N° PAIRS 106 A 216";"47,98123000";"0,21748000"
"202400033927";"30";"08";"2024";"03:30";"3";"78";"78073";"1";"1";"1";"7";"RN12 INT";"48,79923600";"1,99572400"
"202400033928";"22";"07";"2024";"15:10";"1";"69";"69286";"2";"1";"1";"6";"Avenue de l'Europe";"45,81875000";"4,90561000"
"202400033929";"30";"08";"2024";"13:00";"1";"75";"75120";"1";"1";"2";"3";"AUTOROUTE A3";"48,86634267";"2,41387546"
"202400033930";"20";"07";"2024";"11:20";"1";"67";"67482";"2";"4";"7";"3";"RENE CASSIN (ALLEE)";"48,59841000";"7,77536000"
"202400033931";"30";"08";"2024";"09:30";"1";"93";"93066";"1";"1";"1";"2";"AUTOROUTE A1";"48,91267725";"2,35778231"
"202400033932";"22";"07";"2024";"07:30";"1";"66";"66136";"2";"6";"1";"3";"ARCADES (RD POINT)";"42,67392210";"2,88751066"
"202400033933";"21";"07";"2024";"20:55";"2";"66";"66136";"2";"1";"1";"6";"N/A";"42,68876000";"2,89477000"
"202400033934";"29";"08";"2024";"21:40";"3";"93";"93053";"1";"1";"1";"3";"AUTOROUTE A3";"48,89382816";"2,47190204"
"202400033935";"22";"07";"2024";"15:50";"1";"64";"64122";"2";"1";"1";"6";"COTE DES BASQUES (PERSPECTIVE DE LA";"43,48108000";" -1,56668000"
"202400033936";"29";"08";"2024";"21:45";"3";"93";"93053";"1";"1";"2";"4";"AUTOROUTE A3";"48,89382816";"2,47190204"
"202400033937";"21";"07";"2024";"09:45";"1";"64";"64122";"2";"1";"1";"6";"AUGUSTA (BD D')";"43,47662000";" -1,54998000"
"202400033938";"18";"07";"2024";"10:40";"1";"62";"62498";"2";"3";"1";"3";"Rue Louis Pasteur";"50,43163992";"2,82973140"
"202400033939";"28";"08";"2024";"16:45";"1";"95";"95572";"1";"1";"1";"2";"N184";"49,03385084";"2,11134575"
"202400033940";"20";"07";"2024";"01:26";"5";"56";"56107";"2";"6";"1";"6";"Boulevard Roger le Port";"47,72183000";" -3,37646000"
"202400033941";"15";"07";"2024";"13:05";"1";"52";"52121";"2";"1";"1";"6";"GAMBETTA (BOULEVARD)";"48,11298000";"5,14403000"
"202400033942";"26";"08";"2024";"18:00";"1";"93";"93027";"1";"1";"1";"4";"AUTOROUTE A1";"48,93395723";"2,38874661"
"202400033943";"19";"07";"2024";"16:15";"1";"51";"51454";"2";"1";"1";"1";"TAITTINGER (RUE PIERRE)";"49,23675000";"4,00465000"
"202400033944";"30";"08";"2024";"13:45";"1";"77";"77372";"1";"1";"3";"7";"A104";"48,89249200";"2,66675200"
"202400033945";"22";"07";"2024";"11:07";"1";"45";"45147";"2";"1";"1";"3";"D2020 PR 36 + 910";"47,93098800";"1,89699400"
"202400033946";"26";"06";"2024";"07:15";"1";"57";"57672";"2";"2";"1";"3";"OCEANIE (CHAUSSEE D')";"49,36811000";"6,15725000"
"202400033947";"22";"07";"2024";"01:55";"3";"44";"44162";"1";"1";"1";"6";"N/A";"47,22443000";" -1,62245000"
"202400033948";"28";"08";"2024";"17:40";"1";"987";"98735";"2";"1";"1";"6";"DESTREMEAU (RUE BLOC STATION TIPAERUI)";" -17,54555895";" -149,57742870"
"202400033949";"22";"07";"2024";"22:45";"5";"43";"43157";"2";"3";"1";"1";"BREUIL (PLACE DU)";"45,04169265";"3,88266240"
"202400033950";"29";"08";"2024";"11:30";"1";"974";"97416";"2";"1";"1";"3";"DELISLES (ROUTE HUBERT) CD3";" -21,33912000";"55,45895000"
"202400033951";"22";"07";"2024";"10:30";"1";"42";"42044";"2";"2";"8";"3";"Rue de la Malafolie";"45,39415000";"4,30309000"
"202400033952";"20";"07";"2024";"23:10";"5";"40";"40192";"2";"1";"1";"1";"BOULEVARD DU CHEMIN VERT";"43,88945000";" -0,47690000"
"202400033953";"29";"08";"2024";"21:30";"3";"974";"97411";"1";"1";"1";"6";"LITTORAL (ROUTE 2 DU)";" -20,88011000";"55,39812000"
"202400033954";"22";"07";"2024";"06:25";"1";"37";"37261";"2";"1";"1";"3";"TONNELLE (BOULEVARD)";"47,38634000";"0,66751000"
"202400033955";"28";"08";"2024";"19:15";"5";"973";"97302";"2";"1";"8";"7";"RABAN (ROUTE DE)";"4,92842815";" -52,31359398"
"202400033956";"22";"07";"2024";"22:15";"5";"33";"33063";"2";"1";"1";"6";"N/A";"44,83799247";" -0,56665018"
"202400033957";"21";"07";"2024";"17:50";"1";"33";"33522";"1";"4";"8";"6";"N/A";"44,80174900";" -0,59376900"
"202400033958";"29";"08";"2024";"23:40";"5";"69";"69383";"2";"2";"1";"3";"Cours Lafayette";"45,76365000";"4,86289000"
"202400033959";"22";"07";"2024";"14:15";"1";"31";"31555";"2";"1";"1";"6";"BD DE STRASBOURG";"43,60787000";"1,44640000"
"202400033960";"29";"08";"2024";"17:03";"1";"69";"69383";"2";"1";"1";"3";"111 Boulevard Marius Vivier-Merle";"45,75271658";"4,85959010"
"202400033961";"15";"07";"2024";"14:44";"1";"30";"30189";"2";"1";"1";"3";"Avenue Jean-Jaurès";"43,82740000";"4,35340000"
"202400033962";"29";"08";"2024";"17:45";"1";"69";"69387";"2";"1";"1";"5";"Avenue Jean Jaurès";"45,74331000";"4,84055000"
"202400033963";"17";"07";"2024";"18:50";"1";"30";"30189";"2";"2";"1";"3";"Rue Porte de France";"43,83221000";"4,35800000"
"202400033964";"29";"08";"2024";"11:40";"1";"69";"69383";"2";"1";"1";"6";"32 Rue Chaponnay";"45,75803000";"4,84371000"
"202400033965";"22";"07";"2024";"17:10";"1";"06";"06088";"2";"2";"1";"6";"17 Rue de Chateauneuf";"43,70087000";"7,25405000"
"202400033966";"29";"08";"2024";"07:50";"1";"69";"69383";"2";"2";"7";"2";"Cours Lafayette";"45,76364000";"4,86181000"
"202400033967";"29";"08";"2024";"23:15";"5";"69";"69389";"2";"2";"1";"1";"Quai de la Gare d'Eau";"45,78075009";"4,80851294"
"202400033968";"21";"07";"2024";"18:10";"1";"75";"75118";"2";"1";"1";"4";"BD PERIPHERIQUE EXTERIEUR";"48,90123600";"2,35211200"
"202400033969";"21";"07";"2024";"17:20";"1";"75";"75115";"2";"1";"1";"2";"BD PERIPHERIQUE INTERIEUR";"48,83511100";"2,26816500"
"202400033970";"29";"07";"2024";"18:30";"1";"69";"69382";"2";"1";"1";"3";"Quai des Célestins";"45,76017000";"4,83064000"
"202400033971";"20";"07";"2024";"17:36";"1";"75";"75114";"2";"1";"1";"2";"BD PERIPHERIQUE EXTERIEUR";"48,82342500";"2,31027400"
"202400033972";"29";"08";"2024";"07:05";"1";"971";"97113";"1";"1";"2";"7";"GRAND BAIE ( RN4)";"16,22111000";" -61,52168000"
"202400033973";"22";"07";"2024";"15:30";"1";"75";"75106";"2";"2";"1";"3";"BOULEVARD DU MONTPARNASSE";"48,84261000";"2,32795000"
"202400033974";"28";"08";"2024";"19:20";"5";"971";"97101";"1";"1";"3";"6";"RN1 ROCADE DE CHAUVEL";"16,24842000";" -61,52742000"
"202400033975";"22";"07";"2024";"17:15";"1";"75";"75120";"2";"3";"1";"6";"AVENUE GAMBETTA";"48,86398400";"2,39167100"
"202400033976";"27";"08";"2024";"19:10";"5";"971";"97113";"1";"1";"1";"3";"SECTEUR DAMPIERRE";"16,20854000";" -61,46816000"
"202400033977";"26";"08";"2024";"00:15";"5";"30";"30011";"2";"1";"1";"7";"GRAND TERME BOULEVARD DU";"43,96446000";"4,76493000"
"202400033978";"22";"07";"2024";"08:20";"1";"75";"75119";"2";"3";"1";"2";"AVENUE DE FLANDRE";"48,88732594";"2,37288558"
"202400033979";"25";"08";"2024";"02:45";"5";"84";"84007";"2";"1";"1";"7";"CHARLES DE GAULLE";"43,93587000";"4,78171000"
"202400033980";"29";"08";"2024";"10:10";"1";"83";"83126";"2";"1";"1";"6";"FABREGAS (VIEUX CHEMIN DE)";"43,07363000";"5,87392000"
"202400033981";"22";"07";"2024";"11:55";"1";"75";"75117";"2";"3";"1";"3";"AVENUE NIEL";"48,88320600";"2,29664000"
"202400033982";"28";"08";"2024";"09:50";"1";"83";"83069";"1";"1";"1";"3";"SALINS ( ROUTE DES VIEUX)";"43,11485000";"6,19324000"
"202400033983";"21";"07";"2024";"11:00";"1";"75";"75112";"2";"3";"1";"2";"AVENUE DU TRONE";"48,84810800";"2,39826000"
"202400033984";"29";"08";"2024";"11:25";"1";"78";"78029";"2";"1";"1";"6";"QUARANTE SOUS (RUE DE)";"48,96257000";"1,85741000"
"202400033985";"22";"07";"2024";"17:40";"1";"75";"75111";"2";"4";"1";"6";"AVENUE DE LA REPUBLIQUE";"48,86320300";"2,38565300"
"202400033986";"29";"08";"2024";"19:14";"1";"77";"77251";"2";"1";"1";"6";"ALL DE L'AVANT-SCENE";"48,61824000";"2,54624000"
"202400033987";"22";"07";"2024";"18:40";"1";"75";"75107";"2";"3";"1";"7";"BOULEVARD DES INVALIDES";"48,84941600";"2,31506500"
"202400033988";"28";"08";"2024";"19:43";"1";"77";"77251";"2";"1";"1";"3";"ALL DU PREAMBULE";"48,61292000";"2,54780000"
"202400033989";"22";"07";"2024";"09:33";"1";"75";"75107";"2";"3";"1";"6";"Rue Saint-Dominique";"48,85972000";"2,30783600"
"202400033990";"28";"08";"2024";"11:53";"1";"73";"73008";"2";"1";"1";"6";"LEPIC BOULEVARD";"45,68896095";"5,90406650"
"202400033991";"22";"07";"2024";"14:10";"1";"94";"94054";"2";"1";"1";"3";"Rue Emile Zola";"48,74488166";"2,40673220"
"202400033992";"22";"07";"2024";"10:10";"1";"94";"94022";"2";"1";"1";"6";"Avenue Jean Jaurès";"48,76510000";"2,40799000"
"202400033993";"29";"08";"2024";"19:45";"2";"69";"69029";"2";"1";"1";"3";"Avenue Pierre Brossolette";"45,74125000";"4,92000000"
"202400033994";"22";"07";"2024";"17:30";"1";"93";"93066";"2";"4";"1";"6";"""LANDY RD 20, NR PAIRS 2 A 144""";"48,91543500";"2,35813100"
"202400033995";"29";"08";"2024";"14:30";"1";"69";"69259";"2";"1";"1";"6";"136 Boulevard Irène Joliot Curie";"45,71572000";"4,87812000"
"202400033996";"22";"07";"2024";"08:25";"1";"93";"93077";"2";"3";"1";"3";"Avenue du Général Galliéni / Allée Velleda";"48,89123000";"2,50777000"
"202400033997";"29";"08";"2024";"20:30";"5";"67";"67482";"2";"1";"1";"3";"SCHACH (RUE)";"48,54539000";"7,77202000"
"202400033998";"22";"07";"2024";"15:50";"1";"93";"93031";"2";"1";"1";"3";"Avenue de la République";"48,95132889";"2,32174873"
"202400033999";"22";"07";"2024";"13:47";"1";"92";"92072";"2";"1";"1";"7";"PAVE DES GARDES (ROUTE DU)";"48,81139904";"2,21061632"
"202400034000";"29";"08";"2024";"17:30";"1";"67";"67267";"2";"1";"7";"6";"ALFRED KASTLER (RUE)";"48,54881000";"7,68409000"
"202400034001";"22";"07";"2024";"10:50";"1";"92";"92072";"2";"1";"1";"1";"VILLE D'AVRAY (RUE DE )";"48,82578224";"2,20597158"
"202400034002";"29";"08";"2024";"13:50";"1";"67";"67482";"2";"2";"1";"2";"COLMAR (AVENUE DE)";"48,55709000";"7,74759000"
"202400034003";"22";"07";"2024";"00:18";"5";"92";"92050";"2";"3";"1";"6";"ONZE NOVEMBRE RUE DU";"48,90786019";"2,21354730"
"202400034004";"29";"08";"2024";"17:20";"1";"65";"65440";"2";"1";"1";"6";"4 Bd du Mal de Lattre de Tassigny";"43,23122000";"0,05477000"
"202400034005";"21";"07";"2024";"23:17";"5";"92";"92025";"2";"1";"1";"3";"PRESIDENT SALVADOR ALLENDE (RUE DU)";"48,92215265";"2,23839927"
"202400034006";"22";"07";"2024";"15:30";"1";"35";"35176";"2";"1";"1";"6";"Rue de la Libération";"47,83021400";" -1,84736900"
"202400034007";"29";"08";"2024";"21:13";"5";"64";"64260";"2";"3";"2";"3";"LECLERC (BOULEVARD DU GENERAL)";"43,36618617";" -1,76972888"
"202400034008";"23";"07";"2024";"16:12";"1";"66";"66063";"1";"1";"1";"3";"N/A";"42,47639124";"2,85367727"
"202400034009";"28";"08";"2024";"10:40";"1";"64";"64445";"2";"6";"1";"3";"ALSACE LORRAINE D'";"43,30427000";" -0,36683000"
"202400034010";"22";"07";"2024";"14:00";"1";"16";"16013";"1";"2";"1";"1";"17 Route des Ballons";"45,62481300";" -0,07783200"
"202400034011";"27";"08";"2024";"18:10";"1";"64";"64445";"2";"6";"1";"6";"BERLIOZ";"43,31285000";" -0,34554000"
"202400034012";"28";"03";"2024";"16:50";"1";"41";"41148";"1";"1";"6";"1";"D951";"47,64185600";"1,42448900"
"202400034013";"29";"08";"2024";"10:10";"1";"64";"64122";"2";"1";"2";"1";"ALOUETTES";"43,46484000";" -1,53677000"
"202400034014";"29";"06";"2024";"14:00";"1";"31";"31116";"2";"1";"1";"6";"Route de Bessiéres";"43,68665400";"1,45111800"
"202400034015";"17";"07";"2024";"09:30";"1";"45";"45030";"1";"1";"1";"2";"A19 PR 80 + 174";"48,08303400";"2,46113300"
"202400034016";"29";"08";"2024";"19:20";"1";"64";"64102";"2";"1";"1";"4";"NAVARRE (AVENUE HENRI DE)";"43,51277201";" -1,43803619"
"202400034017";"23";"07";"2024";"00:30";"3";"42";"42232";"2";"1";"1";"6";"970 Route de Saint Haon";"46,06065400";"3,92039700"
"202400034018";"28";"08";"2024";"12:45";"1";"62";"62351";"2";"1";"7";"2";"D46";"50,42998543";"2,92210364"
"202400034019";"23";"07";"2024";"08:10";"1";"60";"60176";"2";"1";"1";"3";"Rue Gustave Eiffel";"49,22131800";"2,91132900"
"202400034020";"21";"07";"2024";"19:40";"1";"62";"62042";"2";"3";"1";"6";"D37";"50,29717972";"2,83822265"
"202400034021";"29";"08";"2024";"00:15";"5";"59";"59350";"2";"1";"1";"4";"Boulevard Robert Schuman ";"50,64869000";"3,06812000"
"202400034022";"22";"07";"2024";"15:55";"1";"57";"57057";"1";"4";"1";"3";"D75";"48,99069500";"6,38078700"
"202400034023";"29";"08";"2024";"15:30";"1";"58";"58194";"2";"3";"1";"3";"RESISTANCE (SQUARE)";"46,99260000";"3,16035000"
"202400034024";"18";"07";"2024";"15:27";"1";"82";"82112";"1";"3";"1";"3";"Chemin de la Rhode";"44,09326000";"1,10325700"
"202400034025";"21";"07";"2024";"19:10";"1";"33";"33506";"1";"1";"1";"6";"N/A";"44,70581500";" -0,06780600"
"202400034026";"28";"08";"2024";"14:32";"1";"56";"56121";"2";"2";"1";"3";"Rond-point du Moustoir";"47,75217000";" -3,37035000"
"202400034027";"23";"07";"2024";"09:40";"1";"32";"32359";"1";"1";"1";"2";"PK 16+320 D 175";"43,72539800";"0,81612100"
"202400034028";"20";"07";"2024";"09:31";"1";"89";"89128";"1";"2";"1";"3";"D11";"47,60100000";"3,95480000"
"202400034029";"28";"08";"2024";"10:55";"1";"56";"56098";"2";"3";"1";"3";"Rue Charles Coulomb";"47,76870000";" -3,33330000"
"202400034030";"23";"07";"2024";"18:00";"1";"63";"63368";"1";"4";"1";"7";"D229";"45,70103200";"3,30986700"
"202400034031";"28";"08";"2024";"11:41";"1";"56";"56121";"2";"1";"1";"6";"Avenue Chenailler dit colonel Morice";"47,73507000";" -3,38922000"
"202400034032";"22";"07";"2024";"14:00";"1";"49";"49218";"1";"1";"1";"6";"D 17";"47,29756667";" -0,89289382"
"202400034033";"23";"07";"2024";"16:40";"1";"47";"47310";"2";"1";"7";"6";"Cours de Verdun";"44,39503700";"0,31062700"
"202400034034";"28";"08";"2024";"13:30";"1";"54";"54274";"2";"3";"1";"1";"Avenue du General de Gaulle";"48,66560000";"6,20810000"
"202400034035";"11";"07";"2024";"19:15";"1";"34";"34210";"1";"1";"1";"3";"RD2";"43,59221900";"3,50257900"
"202400034036";"22";"07";"2024";"14:00";"1";"68";"68107";"1";"1";"1";"2";"D419";"47,63031800";"7,14006200"
"202400034037";"28";"08";"2024";"18:00";"1";"51";"51454";"2";"2";"1";"3";"SALENGRO (RUE ROGER)";"49,27345000";"4,02403000"
"202400034038";"18";"07";"2024";"09:15";"1";"39";"39390";"2";"1";"1";"6";"1 Grande Rue";"46,60057400";"5,63898500"
"202400034039";"27";"08";"2024";"18:55";"1";"51";"51108";"2";"6";"1";"3";"THEROIGNE DE MERICOURT (rue Anne Josephe";"48,97800000";"4,35600000"
"202400034040";"22";"07";"2024";"08:30";"1";"38";"38229";"2";"3";"1";"3";"Rue du Pre d?Elle / Avenue de verdun";"45,20389100";"5,76248500"
"202400034041";"28";"08";"2024";"12:00";"1";"49";"49007";"2";"2";"1";"1";"MILLOT BOULEVARD JACQUES";"47,45305000";" -0,53858000"
"202400034042";"21";"07";"2024";"18:05";"1";"02";"02758";"2";"2";"1";"3";"1 Avenue Jean Jaurès";"49,40736600";"3,51569200"
"202400034043";"29";"08";"2024";"19:30";"2";"45";"45234";"2";"2";"1";"3";"Boulevard Saint-Euverte";"47,90360000";"1,91845000"
"202400034044";"28";"08";"2024";"23:00";"5";"45";"45208";"2";"1";"1";"3";"10 Rue Renée de France";"48,00007000";"2,73165000"
"202400034045";"19";"07";"2024";"04:30";"3";"84";"84050";"1";"1";"1";"7";"D103";"43,87358100";"5,19664000"
"202400034046";"29";"08";"2024";"08:30";"1";"43";"43157";"2";"1";"1";"6";"Avenue Marechal Foch";"45,02961000";"3,88473000"
"202400034047";"23";"07";"2024";"08:00";"1";"03";"03292";"1";"1";"1";"7";"chemin départemental 33, carrefour de la route communale de la savrière";"46,41875600";"3,11116400"
"202400034048";"29";"08";"2024";"08:25";"2";"42";"42127";"2";"1";"7";"6";"Rue des Buttes";"46,06280000";"4,05980000"
"202400034049";"18";"07";"2024";"15:00";"1";"06";"06150";"1";"1";"1";"7";"1801 Avenue de Cap d'Ail";"43,72896400";"7,39294100"
"202400034050";"28";"08";"2024";"12:15";"1";"41";"41212";"2";"3";"1";"3";"NATIONALE (ROUTE)";"47,56601000";"1,36621000"
"202400034051";"21";"07";"2024";"11:15";"1";"14";"14102";"1";"1";"1";"1";"Chemin des Toutains";"49,23205900";"0,19465300"
"202400034052";"29";"08";"2024";"18:50";"1";"38";"38185";"2";"1";"1";"3";"PLACE DE VERDUN";"45,18867000";"5,73326000"
"202400034053";"22";"07";"2024";"20:00";"1";"14";"14274";"1";"1";"1";"5";"D8";"49,12906700";" -0,44291000"
"202400034054";"29";"08";"2024";"14:30";"1";"38";"38151";"2";"2";"1";"3";"AVENUE VICTOR HUGO";"45,15467000";"5,71229000"
"202400034055";"23";"07";"2024";"04:00";"3";"05";"05011";"1";"1";"1";"6";"Route Départementale 942";"44,54974100";"6,20150300"
"202400034056";"29";"08";"2024";"09:21";"1";"36";"36202";"2";"9";"1";"2";"Boulevard du Franc";"46,78740113";"1,65471375"
"202400034057";"23";"07";"2024";"14:10";"1";"64";"64538";"1";"1";"1";"1";"Luzaide / Nive d'Arnéguy (Rivière)";"43,13463100";" -1,26666200"
"202400034058";"22";"07";"2024";"07:10";"1";"73";"73067";"2";"3";"1";"7";"D213";"45,36219100";"6,30425900"
"202400034059";"29";"08";"2024";"06:20";"5";"34";"34172";"2";"1";"1";"4";"LIBERTE (AVENUE DE LA";"43,59832000";"3,87334000"
"202400034060";"21";"07";"2024";"01:45";"3";"18";"18135";"1";"1";"3";"7";"Route d'Orsan";"46,65247800";"2,25619400"
"202400034061";"29";"08";"2024";"19:30";"1";"33";"33063";"2";"1";"1";"3";"N/A";"44,83603000";" -0,58770000"
"202400034062";"23";"07";"2024";"13:55";"1";"07";"07338";"1";"1";"1";"6";"D21";"44,89133700";"4,66190500"
"202400034063";"29";"08";"2024";"16:36";"1";"29";"29232";"2";"3";"1";"3";"Boulevard de Creac'h Gwen";"47,97970535";" -4,10329700"
"202400034064";"11";"07";"2024";"14:05";"1";"85";"85204";"1";"3";"1";"3";"D2";"46,81609700";" -1,74966900"
"202400034065";"22";"07";"2024";"23:05";"5";"37";"37203";"2";"1";"1";"1";"11 Quai de la Loire";"47,40592567";"0,73736644"
"202400034066";"28";"08";"2024";"14:25";"1";"29";"29232";"2";"1";"1";"2";"DOUARNENEZ RUE DE";"47,99701000";" -4,10903000"
"202400034067";"23";"07";"2024";"09:00";"1";"30";"30197";"1";"1";"1";"7";"N/A";"44,13551400";"4,20968400"
"202400034068";"21";"07";"2024";"16:12";"1";"24";"24206";"1";"1";"1";"1";"Lagarde";"44,76363200";"1,06007300"
"202400034069";"29";"08";"2024";"19:00";"1";"25";"25056";"2";"1";"7";"3";"ALLENDE  BOULEVARD SALVADOR";"47,21993000";"5,97241000"
"202400034070";"22";"07";"2024";"17:00";"1";"42";"42209";"1";"1";"1";"6";"A89";"45,86558500";"4,30522300"
"202400034071";"20";"08";"2024";"15:35";"1";"22";"22113";"2";"6";"1";"3";"ARMOR (BOULEVARD D')";"48,74682000";" -3,46207000"
"202400034072";"29";"08";"2024";"05:20";"5";"17";"17306";"2";"4";"3";"7";"ELECTRICITE (DE L')";"45,62536800";" -1,01416600"
"202400034073";"23";"07";"2024";"16:00";"1";"30";"30189";"1";"1";"1";"4";"Autoroute A9 - PK 48+200";"43,84483400";"4,41682600"
"202400034074";"29";"08";"2024";"02:48";"5";"13";"13213";"2";"1";"1";"7";"CHATEAU GOMBERT CHEMIN";"43,34687000";"5,42739000"
"202400034075";"23";"07";"2024";"15:23";"1";"60";"60142";"1";"1";"1";"3";"D1017";"49,13593300";"2,53565300"
"202400034076";"29";"08";"2024";"06:30";"5";"13";"13213";"2";"3";"1";"5";"ALBERT EINSTEIN (RUE)";"43,33429000";"5,43206000"
"202400034077";"23";"07";"2024";"12:58";"1";"976";"97608";"2";"9";"1";"7";"Route des Badamiers";" -12,78174300";"45,27802200"
"202400034078";"29";"08";"2024";"12:00";"1";"13";"13063";"1";"1";"1";"1";"D.10";"43,56438000";"5,02666000"
"202400034079";"21";"07";"2024";"20:45";"3";100;100168";"1";"1";"1";"7";"rt30";"42,63614900";"8,96786400"
"202400034080";"28";"08";"2024";"23:00";"3";"10";"10387";"2";"1";"1";"3";"Rue des Bas Trevois";"48,29166000";"4,08060000"
"202400034081";"28";"08";"2024";"13:27";"1";"10";"10387";"2";"2";"7";"1";"Avenue Pasteur";"48,30382000";"4,06198000"
"202400034082";"21";"07";"2024";"00:30";"3";100;100093";"1";"1";"1";"1";"route de corbara";"42,62188100";"8,90796500"
"202400034083";"28";"08";"2024";"17:50";"1";"07";"07019";"1";"1";"1";"6";"MONTELIMAR ( ROUTE DE )";"44,61404000";"4,40651000"
"202400034084";"14";"07";"2024";"05:35";"3";"66";"66008";"2";"1";"1";"6";"avenue de la retirada";"42,56263100";"3,03367000"
"202400034085";"29";"08";"2024";"11:55";"1";"06";"06159";"1";"1";"1";"3";"359 Avenue Bella Vista";"43,71235000";"7,32008000"
"202400034086";"22";"07";"2024";"19:30";"1";"83";"83151";"2";"1";"1";"6";"D24";"43,43081267";"6,13472908"
"202400034087";"28";"08";"2024";"11:05";"1";"06";"06029";"2";"1";"1";"3";"127 Avenue Michel Jourdan";"43,55946020";"6,96818260"
"202400034088";"19";"07";"2024";"15:40";"1";"83";"83138";"1";"2";"7";"3";"Tourrettes";"43,61726400";"6,71309400"
"202400034089";"28";"08";"2024";"20:15";"2";"01";"01451";"1";"1";"1";"2";"MARBOZ RD 996 (ROUTE DE ) IMPAIR";"46,24847000";"5,23023000"
"202400034090";"22";"07";"2024";"18:50";"1";"71";"71372";"2";"2";"1";"3";"Route de Fleurie";"46,17641809";"4,73873511"
"202400034091";"22";"07";"2024";"20:30";"1";"71";"71069";"1";"1";"1";"6";"D45";"46,33419494";"4,70182418"
"202400034092";"29";"08";"2024";"15:50";"1";"75";"75116";"2";"1";"1";"4";"BD PERIPHERIQUE INTERIEUR";"48,86193400";"2,26460000"
"202400034093";"23";"07";"2024";"12:25";"1";"73";"73328";"1";"4";"1";"3";"D1201 Route les rives du lac";"45,65752400";"5,89454600"
"202400034094";"28";"08";"2024";"09:00";"1";"75";"75114";"2";"1";"1";"3";"BD PERIPHERIQUE INTERIEUR";"48,82175200";"2,31793200"