"Num_Acc";"jour";"mois";"an";"hrmn";"lum";"dep";"com";"agg";"int";"atm";"col";"adr";"lat";"long"
"202400034095";"23";"07";"2024";"09:30";"1";"42";"42073";"1";"1";"1";"6";"Route des Collines";"45,79246900";"4,30453800"
"202400034096";"28";"08";"2024";"07:20";"1";"75";"75112";"2";"1";"1";"4";"BD PERIPHERIQUE EXTERIEUR";"48,82691600";"2,39035800"
"202400034097";"22";"07";"2024";"17:15";"1";"69";"69159";"1";"2";"1";"3";"Route du Saule D'Oingt";"45,97834197";"4,65611683"
"202400034098";"29";"08";"2024";"14:53";"1";"75";"75108";"2";"2";"1";"6";"AVENUE DES CHAMPS ELYSEES";"48,86910200";"2,31038800"
"202400034099";"21";"07";"2024";"12:00";"1";"33";"33233";"1";"1";"1";"6";"N/A";"45,11516200";" -0,36739800"
"202400034100";"29";"08";"2024";"11:40";"1";"75";"75118";"2";"2";"1";"3";"BOULEVARD NEY";"48,89819700";"2,35250200"
"202400034101";"22";"07";"2024";"10:05";"1";"33";"33019";"2";"3";"1";"1";"N/A";"44,69543100";" -0,98101800"
"202400034102";"28";"08";"2024";"16:44";"1";"75";"75112";"2";"2";"1";"6";"BOULEVARD PONIATOWSKI";"48,83486000";"2,40556200"
"202400034103";"18";"07";"2024";"18:25";"1";"44";"44047";"1";"3";"1";"2";"Route de Sautron";"47,25274200";" -1,69120800"
"202400034104";"28";"08";"2024";"07:40";"1";"75";"75116";"2";"1";"1";"4";"BD PERIPHERIQUE INTERIEUR";"48,84143400";"2,25413900"
"202400034105";"19";"07";"2024";"12:00";"1";"29";"29087";"2";"1";"1";"7";"Route de la Gare";"48,06828400";" -4,25541300"
"202400034106";"29";"08";"2024";"12:10";"1";"75";"75115";"2";"3";"1";"7";"RUE CLODION";"48,85150600";"2,29203400"
"202400034107";"18";"07";"2024";"12:35";"1";"60";"60141";"1";"1";"1";"2";"D924a";"49,16903600";"2,50627800"
"202400034108";"29";"08";"2024";"14:25";"1";"75";"75112";"2";"3";"1";"6";"PLACE DE LA NATION";"48,84769922";"2,39467674"
"202400034109";"22";"07";"2024";"15:45";"1";"60";"60022";"1";"1";"1";"2";"D606E";"49,22837300";"2,52786900"
"202400034110";"29";"08";"2024";"21:20";"5";"75";"75111";"2";"4";"2";"3";"BOULEVARD VOLTAIRE";"48,85285700";"2,38850600"
"202400034111";"29";"08";"2024";"13:18";"1";"75";"75110";"2";"1";"1";"6";"RUE LOUIS BLANC";"48,88054400";"2,36618000"
"202400034112";"19";"07";"2024";"17:20";"1";"69";"69282";"1";"1";"1";"2";"Route Départementale 302";"45,75270000";"5,01450000"
"202400034113";"11";"07";"2024";"14:20";"1";"59";"59094";"1";"1";"1";"7";"AUTOROUTE A16";"50,95872000";"2,18233000"
"202400034114";"29";"08";"2024";"02:15";"5";"75";"75108";"2";"2";"1";"6";"PLACE DE LA MADELEINE";"48,86934800";"2,32483100"
"202400034115";"22";"07";"2024";"15:15";"1";"91";"91086";"1";"1";"1";"2";"RN 104";"48,62320000";"2,38567000"
"202400034116";"29";"08";"2024";"15:59";"1";"75";"75107";"2";"3";"1";"3";"QUAI VOLTAIRE";"48,85819800";"2,33321800"
"202400034117";"22";"07";"2024";"17:25";"1";"92";"92047";"1";"1";"1";"1";"A13";"48,83485312";"2,17383374"
"202400034118";"29";"08";"2024";"16:25";"1";"75";"75109";"2";"4";"1";"6";"RUE CLAUZEL";"48,87933800";"2,33745600"
"202400034119";"29";"08";"2024";"00:15";"5";"94";"94073";"2";"2";"1";"3";"Rue de la Galaise";"48,76554000";"2,38308000"
"202400034120";"22";"07";"2024";"14:04";"1";"78";"78158";"1";"1";"1";"4";"A13";"48,83144800";"2,14594900"
"202400034121";"28";"08";"2024";"17:50";"1";"94";"94019";"2";"1";"1";"2";"Route de la Libération";"48,79751000";"2,54710000"
"202400034122";"29";"08";"2024";"11:00";"1";"93";"93079";"2";"1";"1";"6";"Avenue de la Division Leclerc";"48,95514588";"2,34402036"
"202400034123";"21";"07";"2024";"18:25";"1";"78";"78118";"1";"1";"1";"4";"A13";"48,98634200";"1,66731300"
"202400034124";"29";"08";"2024";"01:55";"5";"93";"93057";"2";"1";"1";"5";"BRIAND ( AV. ARISTIDE) 238 A 308";"48,91145000";"2,51835000"
"202400034125";"3";"10";"2024";"07:20";"2";"69";"69387";"2";"5";"1";"2";"Cours Gambetta";"45,75524000";"4,84281000"
"202400034126";"29";"08";"2024";"10:20";"1";"92";"92062";"2";"1";"1";"3";"REPUBLIQUE (RUE DE LA) DU 102 AU 200";"48,88498653";"2,24031262"
"202400034127";"22";"07";"2024";"06:20";"1";"94";"94069";"1";"1";"1";"4";"A4";"48,81737044";"2,42861395"
"202400034128";"29";"08";"2024";"10:00";"1";"92";"92050";"2";"1";"1";"6";"REPUBLIQUE AVENUE DE LA";"48,90957374";"2,21739873"
"202400034129";"6";"01";"2024";"08:15";"5";"64";"64483";"2";"3";"2";"6";"N/A";"43,38745600";" -1,65991300"
"202400034130";"3";"10";"2024";"07:55";"1";"69";"69387";"2";"3";"1";"3";"Rue de Gerland";"45,73005000";"4,83802000"
"202400034131";"27";"08";"2024";"07:50";"1";"92";"92025";"2";"2";"1";"3";"KLEBER (AV)";"48,93114696";"2,24435225"
"202400034132";"26";"04";"2024";"15:50";"1";"14";"14609";"1";"1";"8";"2";"N13";"49,25781300";" -0,72916400"
"202400034133";"29";"08";"2024";"01:17";"5";"92";"92071";"2";"1";"1";"6";"HOUDAN (RUE)";"48,77902970";"2,28196514"
"202400034134";"23";"02";"2024";"17:30";"1";"14";"14374";"1";"1";"2";"7";"D107";"49,04698200";" -0,79370900"
"202400034135";"30";"09";"2024";"17:10";"1";"972";"97209";"2";"3";"1";"1";"KERLYS (RUE DE )";"14,61371000";" -61,05227000"
"202400034136";"29";"08";"2024";"21:00";"5";"92";"92007";"2";"2";"2";"1";"HUGO (AVENUE VICTOR)";"48,80494810";"2,32275926"
"202400034137";"12";"04";"2024";"20:30";"2";"62";"62634";"2";"1";"1";"1";"Rue du Moulin";"50,93902700";"2,02463600"
"202400034138";"28";"08";"2024";"23:45";"5";"92";"92007";"2";"1";"1";"6";"PASTEUR (AVENUE LOUIS) N° 1 A 39 ET 2 A";"48,79794567";"2,31746390"
"202400034139";"3";"10";"2024";"03:50";"5";"69";"69387";"2";"1";"1";"2";"Avenue Berthelot";"45,74494000";"4,84249000"
"202400034140";"28";"08";"2024";"13:05";"1";"92";"92036";"2";"1";"1";"6";"GRESILLONS ( AVENUE DES  )";"48,91932903";"2,31266606"
"202400034141";"13";"04";"2024";"17:00";"1";"29";"29037";"1";"6";"1";"3";"D44";"47,87802982";" -4,13470913"
"202400034142";"29";"08";"2024";"08:42";"1";"92";"92002";"2";"3";"1";"6";"DIVISION LECLERC (53 A 217 - 58 A 186)";"48,74747166";"2,30381674"
"202400034143";"15";"04";"2024";"22:00";"3";"14";"14027";"1";"1";"2";"7";"Route du Pied du Bois";"49,00577100";" -0,64697000"
"202400034144";"3";"10";"2024";"11:10";"1";"91";"91434";"2";"1";"8";"4";"COMMANDANT BARRE (AVENUE DU)";"48,66261300";"2,35966400"
"202400034145";"27";"08";"2024";"17:40";"1";"78";"78548";"1";"1";"1";"3";"Route des 17 tournants D91";"48,70994900";"1,99556200"
"202400034146";"21";"07";"2024";"09:10";"1";"974";"97416";"1";"1";"1";"3";"RN1";" -21,32376000";"55,44518000"
"202400034147";"29";"08";"2024";"09:50";"1";"09";"09026";"2";"9";"1";"7";"Engouès d'En Bas";"42,93431100";"1,01344300"
"202400034148";"20";"07";"2024";"02:55";"5";"972";"97213";"1";"1";"3";"2";"AUTOROUTE A1";"14,60793000";" -61,00490000"
"202400034149";"3";"10";"2024";"20:40";"3";"91";"91174";"2";"3";"1";"6";"RUE CHAMPLOUIS";"48,61190000";"2,47902000"
"202400034150";"30";"08";"2024";"05:35";"2";"51";"51057";"2";"3";"8";"6";"18 Grande Rue";"48,82714600";"4,88667000"
"202400034151";"21";"07";"2024";"09:12";"1";100;100033";"1";"1";"1";"6";"TOUTES RUES";"42,68817000";"9,42019000"
"202400034152";"29";"08";"2024";"07:20";"2";"73";"73313";"1";"3";"1";"7";"D921";"45,63279420";"5,76645952"
"202400034153";"21";"07";"2024";"08:08";"1";"95";"95277";"2";"1";"1";"3";"D317";"48,97893202";"2,46539667"
"202400034154";"2";"10";"2024";"16:45";"1";"88";"88428";"2";"4";"1";"1";"RUE SAINT MICHEL";"48,31803000";"6,88637000"
"202400034155";"30";"08";"2024";"11:40";"1";"974";"97412";"2";"2";"1";"3";"Rue des Prunes";" -21,37028000";"55,63333900"
"202400034156";"29";"08";"2024";"15:00";"1";"88";"88181";"2";"1";"1";"3";"Rue du General Ingold";"48,18352100";"7,00296300"
"202400034157";"21";"07";"2024";"05:15";"3";"95";"95277";"1";"1";"2";"5";"D170";"48,97800304";"2,43947702"
"202400034158";"3";"10";"2024";"16:30";"1";"84";"84007";"2";"4";"1";"3";"WETZLAR (AVENUE DE)";"43,94547000";"4,82799000"
"202400034159";"30";"08";"2024";"03:00";"4";"76";"76404";"1";"6";"1";"7";"D925";"49,57766263";"0,24007916"
"202400034160";"2";"10";"2024";"11:30";"1";"80";"80001";"2";"1";"1";"7";"GENERAL LECLERC (du)";"50,10693000";"1,84534000"
"202400034161";"3";"10";"2024";"22:40";"5";"78";"78297";"2";"9";"1";"7";"ALLVIGER ET LANOT (RUE)";"48,78180000";"2,06134000"
"202400034162";"21";"07";"2024";"05:11";"2";"84";"84007";"2";"1";"1";"1";"SAINT DOMINIQUE (Boulevard)";"43,94383600";"4,79825200"
"202400034163";"3";"10";"2024";"20:05";"5";"78";"78297";"2";"9";"1";"6";"JAURES (BOULEVARD JEAN)";"48,77486000";"2,07451000"
"202400034164";"19";"07";"2024";"16:30";"1";"81";"81060";"2";"2";"1";"3";"THOMAS (AVENUE ALBERT)";"44,04865000";"2,15812000"
"202400034165";"30";"08";"2024";"03:27";"3";"41";"41156";"1";"1";"1";"5";"Autoroute A10, PK 141.700";"47,67562186";"1,40030758"
"202400034166";"27";"08";"2024";"17:50";"1";"72";"72008";"2";"9";"1";"1";"Boulevard Pierre Lefaucheux";"47,94675400";"0,18217700"
"202400034167";"21";"07";"2024";"19:20";"1";"78";"78123";"2";"2";"1";"5";"BERTAUX RUE MAURICE";"48,94321000";"2,02895000"
"202400034168";"30";"08";"2024";"09:00";"1";"77";"77240";"1";"1";"2";"7";"Rue de Breuil";"48,81803400";"3,26761200"
"202400034169";"21";"07";"2024";"19:00";"1";"77";"77513";"2";"1";"1";"6";"CHAUSSEE DE PARIS (RUE DE LA)";"48,95505000";"2,87241000"
"202400034170";"21";"07";"2024";"18:35";"1";"76";"76165";"2";"1";"1";"6";"Rue Guillaume Apollinaire";"49,28311000";"1,02422000"
"202400034171";"30";"08";"2024";"12:00";"1";"30";"30060";"2";"4";"1";"2";"D42";"43,79266000";"4,38503600"
"202400034172";"29";"08";"2024";"17:10";"1";"56";"56008";"2";"6";"1";"6";"114 Route de Port Blanc";"47,60188500";" -2,86244100"
"202400034173";"29";"08";"2024";"19:25";"1";"31";"31150";"2";"1";"1";"1";"rue du 11 novembre";"43,64954600";"1,32183600"
"202400034174";"21";"07";"2024";"12:30";"1";"76";"76681";"1";"3";"1";"5";"Boulevard Industriel";"49,41552000";"1,10719000"
"202400034175";"29";"08";"2024";"13:50";"1";"63";"63003";"1";"6";"1";"3";"Rond point du soldat - D906";"45,57437195";"3,74710593"
"202400034176";"28";"08";"2024";"20:00";"2";"42";"42115";"1";"1";"1";"3";"Route de Saint-Just";"45,31857800";"4,34493200"
"202400034177";"29";"08";"2024";"16:20";"1";"47";"47168";"2";"1";"1";"6";"770Avenue Alfred Court";"44,59392100";"0,34954500"
"202400034178";"21";"07";"2024";"22:55";"5";"69";"69266";"2";"2";"1";"3";"Cours Emile Zola";"45,76862554";"4,88430583"
"202400034179";"27";"08";"2024";"19:10";"1";"86";"86293";"1";"1";"1";"5";"D742";"46,41957200";"0,24507300"
"202400034180";"26";"08";"2024";"17:46";"1";"86";"86091";"1";"1";"1";"3";"La petite houmée";"46,48944200";"0,02467300"
"202400034181";"21";"07";"2024";"22:35";"5";"69";"69290";"2";"3";"1";"1";"Rue Edmond Rostand";"45,69433000";"4,94612000"
"202400034182";"20";"07";"2024";"20:20";"1";"64";"64348";"2";"4";"1";"6";"VIGNES DES";"43,31395837";" -0,40698767"
"202400034183";"30";"08";"2024";"08:30";"1";"34";"34147";"1";"3";"7";"6";"D909/D16";"43,49091000";"3,19028300"
"202400034184";"23";"09";"2024";"16:27";"1";"77";"77335";"1";"1";"8";"7";"RD129 (ROUTE DEPARTEMENTALE)";"48,97456000";"2,81510000"
"202400034185";"21";"07";"2024";"14:40";"1";"61";"61001";"2";"2";"1";"3";"D26 PR0+1";"48,43804200";"0,08645900"
"202400034186";"29";"08";"2024";"20:15";"1";"68";"68362";"2";"3";"1";"7";"1 Rue de Buschwiller";"47,55183684";"7,47921677"
"202400034187";"2";"10";"2024";"16:25";"1";"77";"77186";"2";"1";"2";"3";"MARECHAL DE VILLARS (AVENUE DU)";"48,40007929";"2,71421601"
"202400034188";"27";"08";"2024";"14:45";"1";"29";"29293";"1";"1";"1";"6";"Route de la Pointe";"47,83892317";" -3,84500752"
"202400034189";"21";"07";"2024";"07:15";"1";"59";"59512";"2";"1";"1";"6";"Avenue Jean Jaurès";"50,68010000";"3,16419000"
"202400034190";"29";"08";"2024";"17:00";"1";"02";"02772";"2";"1";"1";"7";"Rue de Germaine";"49,82182300";"3,13825400"
"202400034191";"3";"10";"2024";"14:00";"1";"74";"74012";"2";"1";"1";"1";"GARE (RUE DE LA)";"46,19803300";"6,23618700"
"202400034192";"21";"07";"2024";"21:30";"1";"59";"59350";"1";"1";"1";"6";"Boulevard Pierre de Coubertin";"50,64497000";"3,07099000"
"202400034193";"30";"08";"2024";"14:42";"1";"70";"70477";"2";"1";"1";"1";"18 Rue de Malval";"47,56318300";"6,62665100"
"202400034194";"3";"10";"2024";"20:00";"3";"72";"72181";"1";"1";"8";"2";"PATTON GENERAL RTE ST-AUBIN A RUE KLOTZ";"48,02600713";"0,16911864"
"202400034195";"20";"07";"2024";"19:05";"1";"59";"59244";"2";"1";"1";"3";"ROUTE NATIONALE";"50,16000000";"3,16000000"
"202400034196";"30";"08";"2024";"15:15";"1";"90";"90087";"2";"1";"1";"7";"42 Avenue du Général de Gaulle";"47,67007540";"6,91937573"
"202400034197";"2";"10";"2024";"11:10";"1";"72";"72181";"2";"1";"1";"3";"CHAMPION HENRI (RUE) N° IMP";"47,98249000";"0,22891000"
"202400034198";"29";"08";"2024";"15:55";"1";"64";"64493";"2";"1";"1";"6";"Boulevard de la Madeleine";"43,32713800";" -1,03595900"
"202400034199";"30";"08";"2024";"10:00";"1";"64";"64485";"2";"1";"2";"1";"20 Avenue du Jai-alai";"43,16709100";" -1,23319100"
"202400034200";"2";"10";"2024";"18:00";"1";"69";"69290";"2";"8";"1";"3";"Rue Jules Ferry";"45,69426000";"4,94618000"
"202400034201";"30";"08";"2024";"08:00";"1";"73";"73235";"1";"1";"7";"7";"Route des sappeys";"45,39507727";"6,31093245"
"202400034202";"3";"10";"2024";"23:00";"5";"69";"69091";"2";"1";"1";"3";"Rue Honoré Pététin";"45,59310000";"4,77293000"
"202400034203";"30";"08";"2024";"15:35";"1";"10";"10401";"2";"3";"1";"3";"Avenue de la République";"48,23870000";"4,46440000"
"202400034204";"29";"08";"2024";"15:45";"1";"16";"16207";"1";"2";"8";"3";"N/A";"45,84265800";"0,00583600"
"202400034205";"3";"10";"2024";"16:00";"1";"67";"67482";"2";"9";"1";"3";"GENERAL OFFENSTEIN (RUE DU)";"48,55460000";"7,75580000"
"202400034206";"29";"08";"2024";"12:05";"1";"07";"07330";"1";"9";"1";"2";"646 Vieille Route de Lagorce";"44,41454100";"4,39862900"
"202400034207";"30";"08";"2024";"03:15";"4";"21";"21317";"2";"1";"1";"6";"34 Rue des Pins";"47,51219300";"5,10063700"
"202400034208";"2";"10";"2024";"17:45";"1";"67";"67180";"2";"3";"1";"3";"COURBASSIER (RUE DU GENERAL)";"48,80153000";"7,77821000"
"202400034209";"30";"08";"2024";"15:20";"1";"85";"85284";"1";"1";"1";"7";"Route du soullandeau";"46,77526300";" -1,90681900"
"202400034210";"3";"10";"2024";"07:20";"4";"64";"64445";"2";"1";"1";"2";"CATHERINE DE BOURBON";"43,32973000";" -0,35595000"
"202400034211";"28";"08";"2024";"18:25";"1";"85";"85084";"1";"3";"1";"4";"RD7";"46,75936400";" -1,22153700"
"202400034212";"4";"10";"2024";"00:25";"5";"64";"64122";"2";"1";"1";"6";"CHAPELET (RUE)";"43,46055000";" -1,54655000"
"202400034213";"30";"08";"2024";"15:30";"1";"27";"27284";"2";"1";"2";"2";"Rue de Vaudancourt";"49,25859050";"1,77296160"
"202400034214";"28";"09";"2024";"15:00";"1";"62";"62193";"2";"3";"1";"3";"Boulevard Victor Hugo";"50,94307000";"1,87189000"
"202400034215";"30";"08";"2024";"06:00";"2";"30";"30236";"1";"1";"1";"1";"D57";"44,04542100";"3,86988000"
"202400034216";"30";"08";"2024";"09:34";"1";"52";"52332";"1";"1";"1";"1";"RD417 PK 29.5";"47,99841298";"5,52131653"
"202400034217";"30";"08";"2024";"08:35";"1";"68";"68266";"1";"1";"1";"4";"A 35 point routier 87.400";"47,88882481";"7,37783029"
"202400034218";"29";"09";"2024";"16:15";"1";"60";"60159";"2";"3";"1";"3";"Cours Guynemer";"49,42090000";"2,82670000"
"202400034219";"29";"08";"2024";"20:50";"2";"31";"31424";"2";"1";"1";"1";"Rue du Docteur Charcot";"43,59155400";"1,29590900"
"202400034220";"30";"08";"2024";"00:40";"3";"67";"67462";"1";"1";"1";"7";"A35";"48,27910900";"7,44409600"
"202400034221";"30";"08";"2024";"13:10";"1";"62";"62563";"1";"1";"1";"6";"A26";"50,46244698";"2,69592737"
"202400034222";"3";"10";"2024";"20:52";"5";"59";"59350";"2";"8";"1";"3";"Avenue de la Rotonde";"50,63288000";"2,99074000"
"202400034223";"29";"08";"2024";"23:00";"3";"973";"97305";"1";"1";"1";"1";"PK24+100 RN1";"4,99934021";" -52,45614231"
"202400034224";"29";"08";"2024";"17:40";"2";"971";"97115";"1";"1";"8";"3";"Route de Paul";"16,23634300";" -61,66381200"
"202400034225";"3";"10";"2024";"14:00";"1";"59";"59360";"2";"2";"1";"3";"DOUMER PAUL RUE";"50,59675000";"3,03723000"
"202400034226";"2";"10";"2024";"07:32";"5";"59";"59273";"2";"1";"1";"6";"ENROCHEMENTS (ROUTE DES)";"50,99730000";"2,12318000"
"202400034227";"28";"08";"2024";"18:15";"1";"28";"28007";"1";"1";"9";"1";"D928";"48,84325100";"1,42566900"
"202400034228";"2";"10";"2024";"11:20";"1";"59";"59486";"2";"1";"1";"6";"NATIONALE (RUE)";"50,41598000";"3,13660000"
"202400034229";"30";"08";"2024";"15:50";"1";"77";"77191";"1";"5";"1";"3";"D213";"48,50056200";"2,91047600"
"202400034230";"28";"08";"2024";"21:10";"3";"78";"78484";"1";"1";"1";"7";"D110";"48,96101800";"1,62511800"
"202400034231";"3";"10";"2024";"10:15";"1";"56";"56260";"2";"1";"1";"7";"Rue Alain Gerbault";"47,66159000";" -2,72145000"
"202400034232";"30";"08";"2024";"07:00";"1";"83";"83042";"1";"1";"1";"2";"Avenue de Valensole";"43,25025100";"6,54690200"
"202400034233";"3";"10";"2024";"10:15";"1";"56";"56260";"2";"6";"1";"2";"Giratoire des 3 Rois";"47,68434000";" -2,76666000"
"202400034234";"3";"10";"2024";"08:25";"1";"56";"56260";"2";"1";"1";"6";"Avenue Edgar Degas";"47,67338000";" -2,76296000"
"202400034235";"26";"08";"2024";"15:10";"1";"89";"89341";"1";"1";"1";"4";"A6";"47,72523000";"3,75091900"
"202400034236";"2";"10";"2024";"11:55";"1";"56";"56260";"2";"3";"1";"6";"Avenue du Maréchal de Lattre De Tassigny";"47,64658000";" -2,75916000"
"202400034237";"29";"08";"2024";"10:20";"1";"51";"51250";"1";"3";"1";"3";"Rue Jeanne Dézothez";"49,31682100";"3,67489700"
"202400034238";"29";"08";"2024";"21:05";"3";"68";"68370";"1";"1";"1";"7";"D13b";"47,99724990";"6,95396278"
"202400034239";"29";"08";"2024";"14:00";"1";"26";"26307";"1";"1";"1";"7";"Route de Lente";"45,00600781";"5,29538870"
"202400034240";"3";"10";"2024";"14:02";"1";"51";"51454";"2";"2";"1";"3";"LEMOINE (RUE DE DOCTEUR) DU N°2 AU 78 (P";"49,26834000";"4,03523000"
"202400034241";"29";"08";"2024";"09:14";"1";"07";"07315";"1";"1";"1";"7";"D 19";"44,63561236";"4,09955882"
"202400034242";"3";"10";"2024";"09:24";"1";"51";"51454";"2";"7";"1";"3";"SAINT LEONARD (CHEMIN)";"49,22483400";"4,09662600"
"202400034243";"28";"08";"2024";"16:20";"1";"69";"69163";"1";"2";"1";"1";"Route de la Thibaudière";"45,91385500";"4,75336800"
"202400034244";"30";"08";"2024";"20:08";"2";"31";"31417";"2";"1";"1";"2";"10 Avenue de Toulouse";"43,61422100";"1,28558500"
"202400034245";"3";"10";"2024";"07:40";"1";"51";"51454";"2";"2";"1";"3";"ARNOULD (BOULEVARD CHARLES)";"49,26233000";"4,00958000"
"202400034246";"29";"08";"2024";"17:25";"1";"87";"87161";"1";"1";"1";"7";"Lieu Dit la Galamache";"45,87219900";"1,50299200"
"202400034247";"29";"08";"2024";"18:15";"1";"14";"14762";"1";"1";"1";"6";"Rue du Sport";"48,77832678";" -0,82402997"
"202400034248";"3";"10";"2024";"14:50";"1";"47";"47031";"1";"1";"1";"1";"RD 813 (nouvelle rocade)";"44,17383000";"0,63514000"
"202400034249";"28";"08";"2024";"21:50";"3";"35";"35015";"1";"1";"1";"1";"Lieu Dit le Chatelet";"48,15694100";" -1,19232300"
"202400034250";"2";"10";"2024";"07:45";"1";"47";"47001";"2";"2";"1";"3";"LIBERTE (BOULEVARD DE LA)";"44,20077010";"0,62249243"
"202400034251";"30";"08";"2024";"14:00";"1";"59";"59254";"1";"1";"1";"3";"Rue du Pre Watrouille";"50,27887800";"3,19979000"
"202400034252";"3";"10";"2024";"17:00";"1";"44";"44109";"2";"1";"1";"3";"8 Boulevard Lelasseur";"47,23295000";" -1,56651000"
"202400034253";"30";"08";"2024";"08:45";"1";"59";"59019";"2";"1";"1";"1";"Rue de Famars";"50,29945900";"3,53702900"
"202400034254";"3";"10";"2024";"14:40";"1";"42";"42095";"2";"1";"8";"6";"Impasse des Artisans";"45,38872000";"4,29839000"
"202400034255";"29";"08";"2024";"00:50";"5";"13";"13207";"1";"1";"1";"2";"Tunnel Prado Carénage";"43,29105000";"5,36401000"
"202400034256";"29";"08";"2024";"10:10";"1";"83";"83137";"1";"1";"1";"2";"A57";"43,13273225";"5,98254819"
"202400034257";"27";"08";"2024";"22:25";"3";"67";"67447";"1";"1";"1";"7";"M35";"48,60139000";"7,73374000"
"202400034258";"29";"09";"2024";"21:20";"5";"40";"40192";"2";"1";"1";"6";"ROUMAT (BD RENE)";"43,88454000";" -0,47609000"
"202400034259";"29";"08";"2024";"13:16";"1";"91";"91689";"1";"1";"1";"2";"AUTOROUTE A6B";"48,74751000";"2,32702000"
"202400034260";"29";"08";"2024";"09:25";"1";"91";"91659";"1";"1";"1";"2";"AUTOROUTE A6";"48,59500000";"2,44200000"
"202400034261";"4";"10";"2024";"00:55";"5";"37";"37261";"2";"2";"1";"3";"MIRABEAU (RUE)";"47,39530000";"0,69984000"
"202400034262";"3";"10";"2024";"19:20";"2";"35";"35278";"2";"1";"1";"2";"CHESNAIS BEAUREGARD (RUE DU)";"48,13683218";" -1,69086413"
"202400034263";"29";"08";"2024";"08:50";"1";"78";"78043";"1";"1";"1";"4";"A12 Y";"48,83658500";"2,08922200"
"202400034264";"3";"10";"2024";"18:00";"1";"35";"35115";"2";"6";"1";"6";"GUE MAHEU (RUE DU)";"48,34371000";" -1,19651000"
"202400034265";"29";"08";"2024";"08:20";"1";"92";"92050";"1";"1";"1";"2";"A86";"48,91722644";"2,22191709"
"202400034266";"3";"10";"2024";"09:30";"1";"34";"34301";"2";"1";"1";"3";"VERDUN (BOULEVARD DE)";"43,41242000";"3,68219000"
"202400034267";"29";"08";"2024";"03:05";"3";"78";"78423";"1";"1";"1";"6";"A12 W";"48,78435100";"2,03443600"
"202400034268";"28";"08";"2024";"10:25";"1";"75";"75116";"1";"1";"1";"2";"A13Y";"48,84823660";"2,24712789"
"202400034269";"3";"10";"2024";"23:00";"5";"34";"34172";"2";"4";"1";"4";"NIMES (AVENUE DE)";"43,61743300";"3,88569500"
"202400034270";"29";"08";"2024";"15:40";"1";"93";"93027";"1";"1";"1";"2";"AUTOROUTE A1";"48,93388142";"2,38635991"
"202400034271";"28";"08";"2024";"23:00";"3";"95";"95607";"1";"1";"1";"2";"A115";"49,03197268";"2,19988763"
"202400034272";"2";"10";"2024";"20:45";"5";"34";"34172";"2";"2";"1";"3";"JUSTICE DE CASTELNAU (AVENUE DE LA)";"43,62695000";"3,86983000"
"202400034273";"27";"08";"2024";"08:20";"1";"93";"93027";"1";"1";"1";"4";"AUTOROUTE A1";"48,93857335";"2,41640267"
"202400034274";"29";"08";"2024";"09:25";"1";"94";"94018";"1";"1";"1";"2";"A4";"48,82050762";"2,40183223"
"202400034275";"2";"10";"2024";"08:35";"1";"34";"34172";"2";"1";"8";"3";"POMPIGNANE (AVENUE DE LA)";"43,61347000";"3,89815000"
"202400034276";"28";"08";"2024";"20:30";"2";"94";"94073";"1";"1";"1";"5";"A86";"48,76210053";"2,38167667"
"202400034277";"2";"10";"2024";"14:05";"1";"33";"33063";"2";"1";"8";"6";"N/A";"44,83260000";" -0,56020000"
"202400034278";"3";"10";"2024";"17:40";"1";"31";"31555";"1";"1";"1";"3";"A624 (PURPAN)";"43,60614300";"1,39295900"
"202400034279";"22";"05";"2024";"16:50";"1";"36";"36098";"1";"2";"1";"3";"N/A";"46,99404207";"1,91757095"
"202400034280";"16";"06";"2024";"18:05";"1";"84";"84003";"2";"1";"1";"7";"Avenue de Verdun";"43,87554600";"5,40583100"
"202400034281";"2";"10";"2024";"18:30";"2";"31";"31149";"2";"1";"2";"1";"CORNEBARRIEU (ROUTE DE)";"43,62564000";"1,33240000"
"202400034282";"17";"07";"2024";"22:10";"5";"67";"67204";"2";"1";"1";"6";"BRUMATH (ROUTE DE)";"48,62014647";"7,73129851"
"202400034283";"3";"10";"2024";"08:35";"1";"29";"29232";"2";"6";"1";"1";"Rond-Point de la Croix des Gardiens";"48,01038900";" -4,09559900"
"202400034284";"25";"05";"2024";"02:15";"5";"84";"84031";"2";"1";"1";"1";"COLOMB CHRISTOPHE";"44,04451000";"5,05098000"
"202400034285";"11";"01";"2024";"07:30";"4";"13";"13039";"2";"1";"2";"6";"POMPIDOU GEORGES (avenue)";"43,46688000";"4,94122000"
"202400034286";"2";"10";"2024";"09:10";"1";"27";"27229";"2";"1";"1";"2";"LEPOUZE (RUE)";"49,02647000";"1,15572000"
"202400034287";"3";"10";"2024";"18:05";"1";"22";"22360";"1";"1";"1";"3";"VERDUN (RUE DE )";"48,48563000";" -2,71583000"
"202400034288";"9";"02";"2024";"18:30";"5";"13";"13056";"2";"6";"1";"4";"ALSACE LORRAINE QUAI";"43,40334000";"5,05107000"
"202400034289";"29";"06";"2024";"10:55";"1";"57";"57244";"1";"1";"1";"1";"D98";"48,72553900";"7,23164300"
"202400034290";"26";"06";"2024";"11:30";"1";"57";"57095";"2";"1";"1";"2";"20 Rue de Boulay";"49,14176800";"6,60740100"
"202400034291";"3";"10";"2024";"07:37";"2";"19";"19031";"2";"3";"1";"3";"VOLTAIRE (BOULEVARD)";"45,15900000";"1,54045000"
"202400034292";"13";"09";"2024";"02:15";"5";"15";"15014";"2";"1";"1";"6";"4 bis Avenue de la République";"44,92792800";"2,44183900"
"202400034293";"29";"06";"2024";"11:45";"1";"57";"57515";"1";"1";"1";"6";"D6b";"49,05456500";"6,03081900"
"202400034294";"2";"10";"2024";"11:40";"1";"13";"13212";"2";"1";"1";"1";"WILLIAM BOOTH (AVENUE)";"43,29000000";"5,44000000"
"202400034295";"28";"08";"2024";"10:15";"1";"988";"98818";"2";"1";"1";"2";"AVENUE DU MARECHAL FOCH";" -22,27481000";"166,44279000"
"202400034296";"28";"08";"2024";"12:15";"1";"976";"97611";"2";"1";"1";"3";"cavani-Cavani (route de)";" -12,78324000";"45,22342000"
"202400034297";"3";"10";"2024";"08:20";"1";"13";"13001";"2";"6";"7";"3";"BRASSENS GEORGES (AV)";"43,54250725";"5,45537320"
"202400034298";"8";"08";"2024";"17:40";"1";"10";"10387";"2";"3";"1";"6";"Rue Francois Ferrer";"48,28690000";"4,08200000"
"202400034299";"28";"08";"2024";"15:00";"1";"974";"97411";"2";"6";"1";"5";"DORET 2 (BOULEVARD)";" -20,89203000";"55,46084000"
"202400034300";"2";"10";"2024";"12:26";"1";"10";"10387";"2";"2";"1";"3";"Rue Francois Serqueil";"48,30738000";"4,08198000"
"202400034301";"3";"10";"2024";"16:50";"1";"07";"07070";"2";"1";"1";"6";"GEAIS (RUE DES)";"44,96381000";"4,85126000"
"202400034302";"2";"10";"2024";"17:10";"1";"04";"04112";"2";"6";"1";"3";"DELATTRE DE TASSIGNY (AV. MAL.)";"43,82539000";"5,78792000"
"202400034303";"28";"08";"2024";"15:15";"1";"972";"97209";"2";"1";"2";"6";"CHATEAUBOEUF (ROUTE DE)";"14,62044000";" -61,04352000"
"202400034304";"3";"10";"2024";"06:35";"5";"75";"75118";"2";"1";"1";"2";"BD PERIPHERIQUE EXTERIEUR";"48,90090900";"2,33716800"
"202400034305";"28";"08";"2024";"08:30";"1";"69";"69389";"2";"1";"1";"3";"Gare de Vaise";"45,78097439";"4,80536564"
"202400034306";"3";"10";"2024";"11:40";"1";"75";"75118";"2";"1";"1";"6";"RUE DU POTEAU";"48,89308600";"2,34324500"
"202400034307";"3";"10";"2024";"09:10";"1";"75";"75115";"2";"3";"1";"1";"RUE DE VAUGIRARD";"48,84088300";"2,30589000"
"202400034308";"3";"10";"2024";"23:00";"5";"75";"75111";"2";"4";"1";"1";"RUE DE LA ROQUETTE";"48,85814700";"2,38221100"
"202400034309";"28";"08";"2024";"12:45";"1";"91";"91691";"2";"1";"1";"3";"PIERRE DE COUBERTIN(RUE)";"48,71416000";"2,47914000"
"202400034310";"3";"10";"2024";"12:40";"1";"75";"75101";"2";"2";"8";"2";"RUE SAINT HONORE";"48,86744700";"2,32622400"
"202400034311";"3";"10";"2024";"15:35";"1";"94";"94081";"2";"5";"1";"3";"Avenue Jean Jaurès";"48,79312000";"2,39551000"
"202400034312";"2";"10";"2024";"17:00";"1";"94";"94073";"2";"1";"1";"3";"227 bis Avenue de Fontainebleau";"48,76615800";"2,36838200"
"202400034313";"3";"10";"2024";"16:05";"1";"94";"94033";"2";"1";"8";"6";"Avenue de Lattre de Tassigny";"48,85710000";"2,49173000"
"202400034314";"27";"08";"2024";"11:00";"1";"83";"83144";"2";"4";"1";"1";"ST JUST (AVENUE LT ANTOINE)";"43,14272000";"6,01248000"
"202400034315";"2";"10";"2024";"15:15";"1";"94";"94028";"2";"1";"1";"6";"Avenue du Général de Gaulle";"48,78217000";"2,45402000"
"202400034316";"3";"10";"2024";"16:50";"1";"94";"94017";"2";"1";"1";"1";"67 Quai Galliéni";"48,81289600";"2,48670400"
"202400034317";"3";"10";"2024";"07:20";"2";"94";"94075";"2";"1";"1";"2";"Rue de Mandres";"48,71731000";"2,53636000"