"Num_Acc";"jour";"mois";"an";"hrmn";"lum";"dep";"com";"agg";"int";"atm";"col";"adr";"lat";"long"
"202400034318";"3";"10";"2024";"02:00";"5";"93";"93073";"2";"2";"1";"3";"BALLANGER (BD ROBERT)";"48,96235311";"2,55922313"
"202400034319";"2";"10";"2024";"22:25";"5";"93";"93059";"2";"9";"1";"6";"JEAN MERMOZ (N°59 AU 185)";"48,96992870";"2,36583495"
"202400034320";"3";"10";"2024";"15:45";"1";"93";"93059";"2";"1";"1";"3";"COMMUNE DE PARIS (BOULEVARD)";"48,96559000";"2,36310000"
"202400034321";"3";"10";"2024";"18:05";"1";"93";"93050";"2";"1";"1";"3";"AVENUE PAUL VERLAINE";"48,86794245";"2,54722953"
"202400034322";"2";"10";"2024";"19:00";"1";"93";"93015";"1";"1";"1";"6";"STRATEGIQUE ROUTE";"48,92438000";"2,56946000"
"202400034323";"3";"10";"2024";"13:56";"1";"93";"93029";"2";"1";"1";"6";"SAINT-STENAY";"48,91941196";"2,41973697"
"202400034324";"2";"10";"2024";"09:15";"1";"93";"93010";"2";"1";"1";"6";"GALLIENI (AV.) DE 111 A 175";"48,90612407";"2,48118877"
"202400034325";"3";"10";"2024";"02:08";"5";"93";"93001";"2";"2";"1";"3";"LANDY (PONT DU)";"48,91531404";"2,37128380"
"202400034326";"3";"10";"2024";"17:30";"1";"92";"92072";"2";"1";"8";"6";"GARENNE (RUE DE LA)";"48,81918000";"2,20738000"
"202400034327";"3";"10";"2024";"19:25";"1";"92";"92050";"2";"1";"1";"6";"PICASSO PABLO AVENUE";"48,88929827";"2,22008541"
"202400034328";"28";"09";"2024";"17:10";"1";"92";"92050";"2";"1";"1";"4";"JOLIOT CURIE F. ET IRENE AVENUE  N°PAIRS";"48,89229000";"2,20953000"
"202400034329";"3";"10";"2024";"18:05";"1";"92";"92020";"2";"3";"1";"3";"DIVISION LECLERC AVENUE DE LA";"48,79528000";"2,27431000"
"202400034330";"2";"10";"2024";"20:54";"3";"92";"92048";"2";"1";"1";"7";"VAUGIRARD (ROUTE DE)";"48,82055286";"2,23747149"
"202400034331";"2";"10";"2024";"10:55";"1";"92";"92048";"2";"2";"2";"2";"GARDES (ROUTE DES) N° 5 A 51";"48,81882684";"2,23466367"
"202400034332";"3";"10";"2024";"16:40";"1";"92";"92040";"2";"1";"1";"3";"FOUCHER LEPELLETIER";"48,83040951";"2,28006721"
"202400034333";"3";"10";"2024";"14:15";"1";"92";"92024";"2";"1";"1";"6";"CLICHY (PONT DE)";"48,90896929";"2,29976856"
"202400034334";"2";"10";"2024";"22:05";"5";"92";"92019";"2";"2";"1";"3";"DIVISION LECLERC (AVENUE DE LA)";"48,77070414";"2,24819273"
"202400034335";"3";"10";"2024";"17:00";"1";"92";"92012";"2";"1";"1";"2";"JEAN JAURES (BOULEVARD) 2/68 - COTE PAIR";"48,84421884";"2,23759130"
"202400034336";"29";"09";"2024";"19:20";"2";"92";"92009";"2";"3";"1";"6";"BOIS COLOMBES ( RUE DE )";"48,90555369";"2,26632334"
"202400034337";"3";"10";"2024";"17:45";"1";"95";"95580";"1";"1";"1";"3";"D16";"49,08623400";"2,54234300"
"202400034338";"3";"10";"2024";"17:42";"1";"60";"60374";"2";"2";"1";"1";"9 Rue de la Gare";"49,55031500";"2,51436700"
"202400034339";"1";"10";"2024";"14:40";"1";"47";"47293";"1";"1";"1";"7";"Grand Mayne";"44,16061900";"0,67722600"
"202400034340";"4";"10";"2024";"16:44";"1";"62";"62613";"2";"3";"1";"3";"D202";"50,67516100";"2,04171900"
"202400034341";"3";"10";"2024";"19:55";"3";"26";"26061";"1";"1";"1";"7";"Route de Saint-Vallier";"45,14467400";"4,93222800"
"202400034342";"4";"10";"2024";"17:20";"1";"95";"95116";"1";"1";"1";"6";"TOURNIOLE (ROUTE DE LA)";"49,15480100";"2,34882100"
"202400034343";"3";"10";"2024";"07:45";"1";"974";"97412";"2";"3";"1";"1";"19 Rue Raphaël Babet";" -21,37955200";"55,60639300"
"202400034344";"2";"10";"2024";"14:45";"1";"11";"11132";"1";"1";"1";"7";"D611";"43,14601000";"2,70778700"
"202400034345";"3";"10";"2024";"18:50";"2";"84";"84039";"1";"3";"1";"1";"D950";"44,09894300";"4,90267300"
"202400034346";"3";"10";"2024";"18:00";"1";"65";"65303";"2";"1";"2";"6";"D5";"43,18581000";"0,17267000"
"202400034347";"30";"09";"2024";"16:40";"1";"27";"27105";"1";"1";"1";"6";"A28";"49,31267300";"0,81843900"
"202400034348";"3";"10";"2024";"15:55";"1";"56";"56161";"1";"3";"1";"1";"Mont Salut";"47,64805800";" -3,03686100"
"202400034349";"3";"10";"2024";"19:20";"1";"59";"59130";"1";"6";"1";"7";"D300";"50,88926200";"2,23311100"
"202400034350";"4";"10";"2024";"18:50";"2";"77";"77167";"1";"1";"1";"7";"Route départementale 18";"48,43766400";"3,14250800"
"202400034351";"3";"10";"2024";"17:37";"1";"77";"77239";"1";"1";"1";"7";"D1004";"48,69090400";"3,15281900"
"202400034352";"1";"10";"2024";"15:55";"1";"76";"76263";"1";"1";"1";"1";"Route du Tronquay";"49,45007600";"1,50446200"
"202400034353";"3";"10";"2024";"08:40";"1";"82";"82079";"1";"1";"1";"3";"2260 Route de Campsas";"43,90589500";"1,33286500"
"202400034354";"4";"10";"2024";"06:00";"2";"32";"32038";"1";"1";"5";"1";"D161 PR 13+805";"43,63689800";"1,00505600"
"202400034355";"4";"10";"2024";"06:58";"2";"71";"71073";"2";"3";"1";"3";"D906";"46,90100900";"4,75999800"
"202400034356";"4";"10";"2024";"08:58";"1";"89";"89433";"2";"1";"1";"6";"d 606";"47,51237100";"3,84000600"
"202400034357";"12";"09";"2024";"11:30";"1";"34";"34193";"1";"1";"1";"7";"D612";"43,47367900";"2,86683100"
"202400034358";"22";"06";"2024";"12:10";"1";"50";"50412";"1";"1";"1";"6";"D650";"49,32105200";" -1,67942800"
"202400034359";"22";"06";"2024";"19:30";"1";"50";"50260";"2";"1";"1";"6";"Rue des Ecoles";"48,67653900";" -1,01906700"
"202400034360";"3";"10";"2024";"07:35";"3";"22";"22135";"1";"1";"8";"3";"départementale 15, le manaty";"48,57792700";" -3,32959800"
"202400034361";"16";"09";"2024";"17:25";"1";"44";"44057";"1";"1";"1";"1";"Le Noyer";"47,57536000";" -2,01754700"
"202400034362";"21";"06";"2024";"16:40";"1";"45";"45053";"2";"3";"1";"3";"36 Rue du Clos de Pierre Bise";"47,62662300";"2,74404200"
"202400034363";"22";"06";"2024";"03:30";"3";"45";"45166";"1";"1";"3";"1";"D102 PR 8 + 420";"48,01548500";"1,79966600"
"202400034364";"1";"10";"2024";"21:00";"3";"35";"35133";"2";"2";"1";"3";"Rue des Prés";"48,12760500";" -2,03653200"
"202400034365";"17";"06";"2024";"14:45";"1";"18";"18142";"1";"1";"1";"7";"Chemin de la Brande des Grands Cours";"46,76998900";"2,53916900"
"202400034366";"30";"07";"2024";"19:30";"1";"35";"35340";"1";"2";"1";"3";"le breil";"48,03354400";" -2,00935300"
"202400034367";"22";"06";"2024";"14:55";"1";"16";"16192";"2";"1";"1";"1";"N/A";"45,88466000";"0,59259700"
"202400034368";"22";"06";"2024";"04:00";"3";"07";"07342";"1";"1";"1";"6";"route du Puy";"45,21785600";"4,58106300"
"202400034369";"20";"06";"2024";"20:42";"1";"04";"04049";"2";"1";"8";"5";"Le Barrasson";"44,07725000";"5,99444700"
"202400034370";"4";"10";"2024";"15:55";"1";"02";"02788";"1";"9";"1";"3";"D1032";"49,66807200";"3,43216500"
"202400034371";"21";"06";"2024";"23:25";"3";"23";"23261";"1";"1";"1";"7";"N/A";"46,27206600";"2,43499200"
"202400034372";"2";"10";"2024";"21:50";"5";"15";"15204";"2";"1";"1";"1";"RD 120";"44,94141300";"2,31752500"
"202400034373";"21";"06";"2024";"13:30";"1";"88";"88304";"2";"1";"2";"2";"281 Av du Mal de Lattre de Tassigny";"48,29323700";"6,13181900"
"202400034374";"3";"10";"2024";"22:10";"3";"26";"26124";"2";"1";"1";"6";"Route de Portes-les-valence";"44,85606300";"4,87110600"
"202400034375";"21";"06";"2024";"05:00";"2";"38";"38389";"1";"1";"1";"3";"D53";"45,56808200";"5,06959500"
"202400034376";"4";"10";"2024";"04:15";"3";"58";"58148";"1";"1";"1";"7";"D13";"46,88712500";"3,25093100"
"202400034377";"22";"06";"2024";"11:00";"1";"18";"18140";"1";"1";"1";"2";"N/A";"47,13708200";"1,95897800"
"202400034378";"2";"10";"2024";"19:30";"3";"14";"14534";"1";"1";"1";"6";"445 Route de Deauville";"49,28685700";"0,15756400"
"202400034379";"22";"06";"2024";"00:10";"5";"06";"06085";"2";"1";"1";"6";"224a Avenue de la Plaine";"43,61039900";"6,97580300"
"202400034380";"4";"10";"2024";"09:20";"1";"50";"50483";"2";"1";"7";"6";"10 Rue de l'Europe";"49,10458100";" -1,17429200"
"202400034381";"21";"06";"2024";"18:50";"1";"51";"51454";"1";"1";"1";"1";"A344, Pk 007.950, sens PARIS/METZ";"49,22931725";"4,04724278"
"202400034382";"22";"06";"2024";"18:10";"1";"27";"27263";"1";"1";"1";"2";"autoroute A 13";"49,39005500";"0,55214900"
"202400034383";"3";"10";"2024";"13:45";"1";"60";"60021";"1";"2";"7";"1";"intersection 1032 d575";"49,59503844";"3,12141323"
"202400034384";"21";"06";"2024";"23:50";"3";"13";"13067";"1";"1";"1";"7";"Autoroute A7 bretelle de sortie n°25 CAVAILLON en direction de LYON";"43,81516931";"5,03396005"
"202400034385";"3";"10";"2024";"00:30";"3";"45";"45035";"1";"1";"1";"7";"Rue des Sablons";"48,04937000";"2,34144000"
"202400034386";"21";"06";"2024";"12:30";"1";"37";"37110";"1";"3";"1";"6";"Route de Tours";"47,32125850";"1,05381158"
"202400034387";"3";"10";"2024";"07:54";"1";"36";"36088";"2";"1";"1";"2";"Rue des Champs d'Amour";"46,95367900";"1,99740900"
"202400034388";"22";"06";"2024";"14:30";"1";"91";"91393";"1";"2";"1";"3";"D21";"48,41878600";"2,00380100"
"202400034389";"3";"10";"2024";"08:45";"2";"04";"04116";"2";"3";"1";"3";"departementale 4";"44,02596600";"5,96862300"
"202400034390";"22";"06";"2024";"04:00";"3";"06";"06158";"1";"1";"1";"1";"Route des Alpes d’Azur";"43,93775500";"7,08193300"
"202400034391";"3";"10";"2024";"14:45";"1";"23";"23040";"1";"1";"1";"6";"Thiolet";"46,20677500";"2,21880900"
"202400034392";"3";"10";"2024";"16:49";"1";"30";"30133";"2";"1";"1";"7";"47 Quai Colbert";"43,53713900";"4,13742200"
"202400034393";"3";"10";"2024";"16:30";"1";"973";"97309";"2";"1";"1";"3";"Rue Cyprien Gildon Rd4";"4,91756400";" -52,27948300"
"202400034394";"22";"06";"2024";"17:53";"1";"05";"05006";"2";"1";"1";"5";"30 avenue de beauregard";"44,79144900";"6,56200800"
"202400034395";"3";"10";"2024";"10:50";"1";"67";"67117";"1";"1";"2";"7";"A4";"48,76691600";"7,33972000"
"202400034396";"16";"06";"2024";"15:30";"1";"04";"04171";"1";"1";"1";"3";"D952";"43,79499700";"6,38638300"
"202400034397";"4";"10";"2024";"19:57";"1";"973";"97304";"1";"1";"1";"5";"Route Nationale 1";"5,15783800";" -52,88294800"
"202400034398";"2";"10";"2024";"21:55";"4";"34";"34299";"1";"1";"2";"7";"D37";"43,28874100";"3,27885000"
"202400034399";"22";"06";"2024";"08:30";"1";"89";"89350";"1";"1";"1";"2";"A6";"48,02050000";"3,13820000"
"202400034400";"4";"10";"2024";"15:15";"1";"13";"13027";"1";"1";"1";"3";"Chemin du Grand Quartier";"43,89387200";"4,84324300"
"202400034401";"20";"06";"2024";"19:10";"1";"67";"67237";"2";"1";"1";"7";"RUE DU DENZLACH";"48,67519300";"7,85136200"
"202400034402";"25";"05";"2024";"17:35";"1";"67";"67200";"1";"3";"1";"3";"D207";"48,46162100";"7,66929400"
"202400034403";"4";"10";"2024";"11:20";"1";"71";"71086";"1";"1";"1";"1";"RD 985 - PK 55+500";"46,40797100";"4,25279600"
"202400034404";"20";"06";"2024";"11:40";"1";"63";"63284";"2";"1";"1";"4";"43 avenue Roger Coulon";"45,79929836";"3,24517250"
"202400034405";"2";"10";"2024";"21:00";"5";"67";"67550";"2";"4";"1";"1";"Route de Froeschwiller";"48,93931700";"7,74222900"
"202400034406";"16";"09";"2024";"16:30";"1";"38";"38111";"2";"1";"1";"3";"Rue du Vercors";"45,11842500";"5,67045800"
"202400034407";"22";"06";"2024";"13:30";"1";"42";"42285";"1";"1";"1";"1";"Route de Montbrison";"45,55234500";"4,16080900"
"202400034408";"25";"09";"2024";"11:00";"1";"26";"26311";"1";"1";"1";"7";"D54";"45,02784500";"5,32325700"
"202400034409";"21";"06";"2024";"11:07";"1";"38";"38352";"2";"1";"1";"3";"Montée de la Ladrière";"45,59256600";"5,23731900"
"202400034410";"2";"10";"2024";"21:20";"3";"86";"86018";"1";"1";"1";"6";"Les Arrachis";"47,05382800";"0,11850200"
"202400034411";"21";"06";"2024";"11:10";"1";"69";"69040";"2";"4";"8";"6";"3 Rue Louis Juttet";"45,79433263";"4,79210340"
"202400034412";"15";"09";"2024";"02:00";"3";"33";"33012";"1";"1";"1";"7";"N/A";"44,98831000";" -0,68147400"
"202400034413";"22";"06";"2024";"08:30";"1";"31";"31048";"1";"1";"1";"6";"2064 Route de Labastide";"43,46757900";"1,63506900"
"202400034414";"4";"10";"2024";"13:25";"1";"35";"35360";"2";"1";"7";"6";"Rue de Domalain";"48,10819800";" -1,21477800"
"202400034415";"22";"06";"2024";"06:50";"1";"79";"79024";"1";"1";"3";"2";"N/A";"46,39309200";" -0,25463800"
"202400034416";"29";"09";"2024";"23:45";"3";"67";"67218";"1";"1";"1";"5";"M35";"48,54668000";"7,72838000"
"202400034417";"14";"06";"2024";"19:45";"1";"33";"33051";"2";"4";"1";"1";"N/A";"44,65441100";" -0,99872300"
"202400034418";"3";"10";"2024";"18:15";"1";"91";"91347";"1";"1";"1";"6";"RN 104";"48,62193800";"2,27880100"
"202400034419";"20";"06";"2024";"18:40";"1";"85";"85003";"2";"3";"1";"2";"37 Route de l'anjormière";"46,74530000";" -1,60650000"
"202400034420";"2";"10";"2024";"08:10";"1";"92";"92048";"1";"1";"1";"3";"N118";"48,79635798";"2,21741204"
"202400034421";"22";"06";"2024";"15:27";"1";"22";"22225";"1";"1";"1";"6";"Rue de l'Argoat";"48,52421200";" -3,13419300"
"202400034422";"2";"10";"2024";"06:15";"3";"78";"78362";"1";"1";"1";"5";"A13";"48,97621800";"1,72050600"
"202400034423";"21";"06";"2024";"18:10";"1";"80";"80106";"2";"1";"1";"1";"6 Grande Rue";"49,76665500";"2,00171200"
"202400034424";"2";"10";"2024";"20:00";"3";"95";"95500";"1";"1";"1";"5";"A15";"49,03620940";"2,09529487"
"202400034425";"18";"06";"2024";"19:20";"1";"13";"13213";"1";"1";"1";"4";"A507 sens Marseille - Aubagne";"43,32988127";"5,40484428"
"202400034426";"3";"10";"2024";"23:00";"3";"94";"94046";"1";"1";"1";"2";"A86";"48,81577215";"2,45029735"
"202400034427";"21";"06";"2024";"06:10";"2";"13";"13071";"1";"1";"1";"2";"A7-Sens Marseille vers Lyon";"43,40019000";"5,32019000"
"202400034428";"3";"10";"2024";"21:45";"3";"77";"77520";"1";"1";"1";"2";"RN104";"48,32011961";"2,62966200"
"202400034429";"21";"06";"2024";"22:04";"4";"33";"33013";"1";"1";"1";"2";"N/A";"44,85260000";" -0,50496100"
"202400034430";"3";"10";"2024";"20:50";"3";"77";"77237";"1";"1";"1";"3";"A4";"48,83228495";"2,77909888"
"202400034431";"21";"06";"2024";"18:40";"1";"33";"33318";"1";"1";"1";"3";"N/A";"44,78821700";" -0,64184600"
"202400034432";"3";"10";"2024";"04:00";"3";"94";"94011";"1";"1";"1";"2";"N406";"48,75860978";"2,48230079"
"202400034433";"21";"06";"2024";"22:07";"2";"91";"91434";"1";"1";"1";"6";"AUTOROUTE A6";"48,66988000";"2,34951000"
"202400034434";"3";"10";"2024";"02:25";"3";"94";"94073";"1";"1";"1";"6";"A86";"48,76897989";"2,37909892"
"202400034435";"21";"06";"2024";"15:40";"1";"91";"91161";"1";"1";"1";"4";"AUTOROUTE A6";"48,71270000";"2,30791000"
"202400034436";"10";"04";"2024";"14:15";"1";"13";"13026";"1";"1";"1";"2";"ANCIEN CHEMIN DE MARTIGUES";"43,38935000";"5,13794000"
"202400034437";"21";"06";"2024";"10:30";"1";"78";"78640";"1";"1";"2";"2";"A86 EXT";"48,77737900";"2,22366300"
"202400034438";"8";"11";"2024";"07:03";"5";"93";"93030";"2";"1";"2";"6";"HUIT-MAI-1945 (AVENUE DU)";"48,94953927";"2,43902922"
"202400034439";"24";"02";"2024";"17:00";"1";"13";"13056";"1";"3";"1";"2";"CD 49";"43,34882000";"5,05705000"
"202400034440";"21";"06";"2024";"07:10";"1";"92";"92036";"1";"1";"2";"3";"A86";"48,93576132";"2,26300266"
"202400034441";"21";"06";"2024";"05:30";"2";"78";"78322";"1";"1";"1";"6";"RN12 EXT";"48,78223500";"2,16137400"
"202400034442";"2";"10";"2024";"10:35";"1";"974";"97416";"1";"1";"1";"2";"RN03";" -21,30094000";"55,50368000"
"202400034443";"7";"11";"2024";"09:00";"1";"93";"93013";"2";"3";"8";"1";"ROLLAND (RUE DU CDT)";"48,93305000";"2,42816000"
"202400034444";"27";"09";"2024";"17:20";"1";"973";"97302";"2";"1";"1";"7";"MADELEINE (ROUTE DE LA)";"4,91743000";" -52,32143000"
"202400034445";"20";"06";"2024";"18:25";"1";"92";"92050";"1";"1";"1";"2";"A14";"48,90030565";"2,20945644"
"202400034446";"8";"11";"2024";"12:58";"1";"93";"93014";"2";"1";"8";"6";"GAGARINE (BOULEVARD)";"48,90500000";"2,54698000"
"202400034447";"2";"10";"2024";"08:00";"1";"69";"69382";"2";"1";"1";"2";"Cours de Verdun Perrache";"45,74993157";"4,82504269"
"202400034448";"21";"06";"2024";"11:10";"1";"92";"92036";"1";"1";"2";"7";"AUTOROUTE A15";"48,94862354";"2,28092015"
"202400034449";"21";"06";"2024";"12:50";"1";"95";"95572";"1";"1";"2";"6";"A15";"49,03286050";"2,10794605"
"202400034450";"8";"11";"2024";"19:20";"5";"93";"93010";"2";"3";"1";"3";"BARBUSSE (AV. HENRI) DE 126 A FIN COTE P";"48,89975000";"2,49549000"
"202400034451";"21";"06";"2024";"02:30";"3";"95";"95582";"1";"1";"1";"6";"A15";"48,97011903";"2,24986200"
"202400034452";"2";"10";"2024";"12:06";"1";"971";"97101";"2";"4";"1";"3";"MARECHAL LECLERC";"16,25996413";" -61,52916670"
"202400034453";"8";"11";"2024";"15:25";"1";"93";"93008";"2";"1";"1";"3";"MARX (AVENUE KARL)";"48,90524000";"2,44323000"
"202400034454";"2";"10";"2024";"02:02";"5";"971";"97101";"1";"1";"1";"6";"ROUTE DE BOISVINS";"16,26766000";" -61,48974000"
"202400034455";"19";"06";"2024";"18:15";"1";"95";"95582";"1";"1";"1";"4";"D170";"48,96419726";"2,26858135"
"202400034456";"8";"11";"2024";"20:40";"5";"93";"93001";"2";"9";"8";"2";"ADRIEN AGNES (QUAI)";"48,91599432";"2,37091541"
"202400034457";"2";"10";"2024";"07:45";"2";"87";"87085";"2";"3";"1";"3";"LATTRE-DE-TASSIGNY (AVENUE DU MARECHAL)";"45,82479000";"1,27587000"
"202400034458";"21";"06";"2024";"11:00";"1";"77";"77363";"1";"1";"1";"3";"A104";"48,91848700";"2,63251500"
"202400034459";"21";"06";"2024";"02:45";"3";"94";"94046";"1";"1";"1";"7";"A86";"48,81577215";"2,45029735"
"202400034460";"2";"10";"2024";"13:45";"1";"86";"86066";"2";"1";"1";"3";"Avenue Alfred Nobel";"46,83209800";"0,53731600"
"202400034461";"8";"11";"2024";"13:20";"1";"92";"92073";"2";"1";"1";"6";"SELLIER (BOULEVARD HENRI)";"48,86471668";"2,21901870"
"202400034462";"20";"03";"2024";"00:15";"3";"29";"29051";"1";"9";"1";"7";"RN 165";"48,00433880";" -4,05978333"
"202400034463";"8";"11";"2024";"08:10";"1";"92";"92050";"2";"1";"1";"6";"SEINE BOULEVARD DE";"48,90000000";"2,19491000"
"202400034464";"2";"10";"2024";"17:50";"1";"83";"83137";"2";"1";"1";"4";"RD46";"43,16520141";"5,93598515"
"202400034465";"19";"06";"2024";"17:15";"1";"974";"97416";"1";"1";"1";"4";"RN1 (ROUTE NATIONALE)";" -21,33084000";"55,45563000"
"202400034466";"1";"10";"2024";"16:10";"1";"83";"83137";"2";"1";"1";"6";"FARON (ROUTE  DU)";"43,14167000";"5,95841000"
"202400034467";"8";"11";"2024";"07:50";"2";"92";"92050";"2";"1";"2";"6";"SURESNES RUE DE";"48,88526667";"2,21180968"
"202400034468";"18";"06";"2024";"09:15";"1";"974";"97411";"2";"2";"1";"3";"GAULLE (DU GENERAL DE)";" -20,88488000";"55,45966000"
"202400034469";"20";"06";"2024";"08:15";"1";"974";"97407";"2";"9";"1";"3";"28 NOVEMBRE 1942(AVENUE)";" -20,93000000";"55,29000000"
"202400034470";"2";"10";"2024";"13:40";"1";"78";"78350";"2";"1";"2";"6";"VERSAILLES (ROUTE DE)";"48,85819000";"2,10678000"
"202400034471";"5";"11";"2024";"21:10";"5";"92";"92050";"2";"7";"1";"6";"BOULE PLACE DE LA";"48,88695528";"2,20064655"
"202400034472";"20";"06";"2024";"20:55";"3";"973";"97302";"1";"1";"2";"6";"ROUTE NATIONALE 3";"4,90394861";" -52,31714273"
"202400034473";"2";"10";"2024";"12:10";"1";"78";"78621";"1";"1";"2";"4";"NATIONALE 10 (ROUTE)";"48,77067600";"1,98647100"
"202400034474";"8";"11";"2024";"16:40";"1";"92";"92026";"2";"1";"1";"3";"COLOMBES";"48,89747598";"2,25650847"
"202400034475";"19";"06";"2024";"17:48";"1";"973";"97302";"2";"1";"1";"6";"JASMIN(LOTISSEMENT)";"4,91523722";" -52,31789875"
"202400034476";"20";"06";"2024";"05:20";"2";"972";"97213";"2";"1";"2";"7";"ROUTE DEPARTEMENTALE 3";"14,63558000";" -60,99147000"
"202400034477";"8";"11";"2024";"08:20";"1";"92";"92019";"2";"1";"8";"6";"SULLY PRU'DHOMME (AVENUE)";"48,77272000";"2,28608000"
"202400034478";"19";"06";"2024";"15:20";"1";"972";"97209";"1";"1";"1";"6";"TANNERIE (RUE DE LA)";"14,60305000";" -61,05057000"
"202400034479";"8";"11";"2024";"13:52";"1";"92";"92012";"2";"1";"1";"6";"DOME (RUE DU)";"48,83242000";"2,24943000"
"202400034480";"2";"10";"2024";"18:11";"2";"77";"77288";"1";"1";"1";"3";"D 605";"48,54286000";"2,68061000"
"202400034481";"20";"06";"2024";"18:00";"1";"69";"69034";"2";"1";"2";"6";"86 Avenue Général Leclerc";"45,80439000";"4,86350000"
"202400034482";"8";"11";"2024";"17:45";"4";"92";"92007";"2";"1";"1";"1";"RAVERA (AVENUE HENRI) N° 111 A 217 ET 10";"48,80035321";"2,30855860"
"202400034483";"2";"10";"2024";"18:25";"1";"76";"76410";"2";"1";"1";"6";"Rue des Belges";"49,47605000";"1,04098000"
"202400034484";"20";"06";"2024";"16:15";"1";"69";"69382";"2";"2";"3";"6";"Place des Cordeliers";"45,76358000";"4,83805000"
"202400034485";"8";"11";"2024";"21:45";"3";"37";"37024";"1";"1";"1";"6";"1 Petit Mont";"47,30171200";"0,21673900"
"202400034486";"20";"06";"2024";"18:20";"1";"95";"95424";"2";"9";"1";"1";"D14";"48,99400268";"2,19536733"
"202400034487";"2";"10";"2024";"08:45";"1";"73";"73065";"2";"5";"2";"3";"Av Lanfrey / Av Comte Vert";"45,56997000";"5,91593000"