"Num_Acc";"jour";"mois";"an";"hrmn";"lum";"dep";"com";"agg";"int";"atm";"col";"adr";"lat";"long"
"202400034488";"20";"06";"2024";"20:35";"1";"91";"91692";"2";"1";"2";"7";"CANADA (AVENUE DU)";"48,68460000";"2,19080000"
"202400034489";"8";"11";"2024";"20:00";"3";"62";"62613";"1";"1";"1";"1";"D202";"50,68052500";"2,05740500"
"202400034490";"2";"10";"2024";"18:00";"1";"72";"72181";"2";"2";"1";"3";"BARCELONE (RUE DE)";"48,01748000";"0,22724000"
"202400034491";"19";"06";"2024";"10:00";"1";"91";"91645";"2";"3";"8";"3";"MARIUS HUE (RUE)";"48,74720000";"2,28497000"
"202400034492";"8";"11";"2024";"17:25";"1";"16";"16186";"1";"1";"1";"1";"20 Route de la Magdeleine";"45,53955600";" -0,18339900"
"202400034493";"2";"10";"2024";"15:15";"1";"71";"71486";"2";"2";"1";"3";"BRANCHE (RUE DE LA)";"46,64680000";"4,34002000"
"202400034494";"19";"06";"2024";"17:45";"1";"91";"91174";"2";"6";"1";"3";"RUE JEAN PIESTRE";"48,58989000";"2,47121000"
"202400034495";"8";"11";"2024";"21:30";"3";"62";"62748";"1";"1";"1";"1";"D218";"50,97189000";"2,12267900"
"202400034496";"20";"06";"2024";"22:50";"3";"78";"78551";"2";"1";"2";"6";"RN 13";"48,89810300";"2,07631500"
"202400034497";"2";"10";"2024";"08:15";"1";"71";"71076";"2";"2";"1";"3";"ALLENDE (AVENUE SALVADOR)";"46,80570000";"4,85384000"
"202400034498";"20";"06";"2024";"12:45";"1";"78";"78440";"2";"1";"1";"6";"GAMBETTA (RUE)";"48,99357100";"1,90619800"
"202400034499";"8";"11";"2024";"23:13";"3";"95";"95316";"1";"1";"2";"6";"D47";"49,09214209";"2,44881603"
"202400034500";"19";"06";"2024";"19:45";"1";"78";"78440";"2";"3";"1";"3";"MOLIERE (RUE)";"48,97977100";"1,91683100"
"202400034501";"2";"10";"2024";"11:08";"1";"69";"69256";"2";"1";"1";"4";"21 Avenue Pablo Picasso";"45,77513000";"4,91815000"
"202400034502";"2";"10";"2024";"10:30";"1";"69";"69266";"2";"8";"1";"6";"20 Avenue Albert Einstein";"45,78243585";"4,87802416"
"202400034503";"8";"11";"2024";"17:55";"2";"19";"19063";"1";"1";"1";"1";"Turenne";"45,10015993";"1,58447484"
"202400034504";"1";"10";"2024";"16:30";"1";"69";"69290";"2";"1";"2";"6";"Montée du Lyonnais";"45,70345000";"4,89548000"
"202400034505";"19";"06";"2024";"15:35";"1";"77";"77495";"2";"2";"1";"3";"D.306";"48,56824690";"2,62583971"
"202400034506";"2";"10";"2024";"09:00";"1";"67";"67482";"2";"1";"8";"4";"DOUBS (RUE DU)";"48,55734789";"7,73379564"
"202400034507";"19";"06";"2024";"17:00";"1";"77";"77268";"1";"1";"1";"3";"BD DE L EUROPE";"48,86689000";"2,80762000"
"202400034508";"9";"11";"2024";"05:00";"3";100;100145";"1";"1";"2";"6";"Loreto";"42,47556300";"9,43946600"
"202400034509";"1";"10";"2024";"06:20";"4";"67";"67482";"2";"3";"1";"3";"OSTWALD (RUE D )";"48,56046000";"7,71164000"
"202400034510";"20";"06";"2024";"10:05";"1";"76";"76351";"2";"1";"1";"3";"GEORGES LAFAURIE (RUE)";"49,50046000";"0,11153000"
"202400034511";"23";"10";"2024";"16:45";"1";"33";"33125";"2";"1";"1";"6";"N/A";"45,22668000";" -0,83087700"
"202400034512";"2";"10";"2024";"07:00";"3";"64";"64445";"2";"1";"3";"4";"MARTYRS DU PONT LONG DES";"43,34060000";" -0,37974000"
"202400034513";"19";"06";"2024";"14:20";"1";"72";"72181";"2";"6";"1";"3";"EDISON THOMAS (RUE)";"48,02450000";"0,17670000"
"202400034514";"7";"11";"2024";"15:55";"1";"69";"69248";"2";"3";"1";"3";"706 Rue de Cours";"46,04820900";"4,30503700"
"202400034515";"20";"06";"2024";"17:15";"1";"69";"69275";"2";"1";"3";"2";"Avenue Jean Jaurès";"45,77026000";"4,95492000"
"202400034516";"30";"09";"2024";"17:00";"1";"62";"62624";"1";"1";"8";"3";"D160E1";"50,42384000";"2,98789000"
"202400034517";"19";"06";"2024";"14:30";"1";"69";"69266";"2";"2";"1";"3";"Rue Pierre Voyant";"45,77107000";"4,89858000"
"202400034518";"8";"11";"2024";"17:45";"5";"63";"63178";"2";"2";"1";"3";"Intersection Boulevard de Barrière et rue Henri Barbusse";"45,54175100";"3,24224400"
"202400034519";"1";"10";"2024";"19:50";"5";"60";"60057";"2";"6";"1";"6";"Rue de Saint-Just des Marais";"49,43398000";"2,06216000"
"202400034520";"20";"06";"2024";"13:45";"1";"69";"69092";"1";"1";"1";"6";"147 Rue de la Farnière";"46,00604000";"4,70603000"
"202400034521";"9";"11";"2024";"10:05";"1";"61";"61345";"1";"3";"5";"6";"D920";"48,43707300";"0,77779700"
"202400034522";"18";"06";"2024";"06:40";"1";"69";"69290";"2";"9";"1";"3";"Boulevard de la Cité Berliet";"45,71197000";"4,92048000"
"202400034523";"1";"10";"2024";"20:30";"5";"56";"56121";"2";"2";"1";"2";"Cours Louis de Chazelles";"47,75359000";" -3,36226000"
"202400034524";"27";"10";"2024";"12:30";"1";"61";"61096";"2";"1";"1";"6";"18 Rue d’Alencon (Haleine)";"48,51659300";" -0,43807400"
"202400034525";"20";"06";"2024";"17:25";"1";"67";"67043";"2";"1";"1";"6";"ROSES (RUE DES)";"48,61248000";"7,74836000"
"202400034526";"20";"06";"2024";"08:30";"1";"65";"65331";"2";"1";"3";"3";"Avenue de Lourdes";"43,21571000";"0,05410000"
"202400034527";"30";"09";"2024";"19:30";"1";"56";"56162";"1";"6";"1";"3";"Rue Dupuy de Lôme";"47,74120000";" -3,40600000"
"202400034528";"8";"11";"2024";"14:45";"1";"47";"47280";"1";"2";"1";"3";"Route de Monflanquin";"44,41168900";"0,79353200"
"202400034529";"19";"06";"2024";"19:50";"1";"64";"64102";"2";"6";"1";"3";"Giratoire Mario Solano";"43,48113000";" -1,46048000"
"202400034530";"9";"11";"2024";"17:00";"2";"47";"47134";"1";"1";"1";"6";"Le Grand Mole";"44,00962300";"0,29854100"
"202400034531";"29";"07";"2024";"18:15";"1";"55";"55545";"2";"1";"1";"1";"TROYON ( AVENUE DE )";"49,15885700";"5,39455800"
"202400034532";"19";"06";"2024";"17:50";"1";"64";"64102";"2";"1";"1";"2";"HENRI DE NAVARRE (AVENUE)";"43,49795000";" -1,44857000"
"202400034533";"1";"09";"2024";"23:55";"3";"55";"55545";"1";"1";"1";"1";"DUGNY ( ROUTE DE )";"49,15567538";"5,36560142"
"202400034534";"8";"11";"2024";"18:30";"3";"47";"47144";"1";"1";"1";"1";"Maisonneuve";"44,58443186";"0,43541425"
"202400034535";"19";"06";"2024";"13:30";"1";"64";"64024";"2";"1";"1";"3";"LACROIX (ROND POINT DOCTEUR)";"43,47793000";" -1,52346000"
"202400034536";"13";"08";"2024";"20:30";"2";"55";"55545";"2";"1";"1";"7";"GEORGES GUERIN ( PLACE )";"49,16105000";"5,37112000"
"202400034537";"8";"11";"2024";"11:48";"1";"22";"22152";"2";"1";"8";"6";"ZA de Kerfolic - Allée George Sand";"48,77787700";" -3,24396000"
"202400034538";"20";"06";"2024";"10:40";"1";"61";"61001";"2";"3";"1";"3";"D112";"48,43310100";"0,07564800"
"202400034539";"22";"07";"2024";"16:45";"1";"55";"55545";"1";"1";"1";"4";"N/A";"49,16452314";"5,42220354"
"202400034540";"31";"05";"2024";"09:09";"1";"60";"60057";"2";"9";"1";"6";"Avenue du 8 Mai 1945";"49,44156706";"2,09469151"
"202400034541";"20";"06";"2024";"17:00";"1";"59";"59508";"2";"1";"1";"1";"WATTEEUW (RUE JULES)";"50,73571000";"3,12068000"
"202400034542";"8";"11";"2024";"15:39";"1";"44";"44131";"2";"1";"1";"1";"La Route Bleue";"47,10895400";" -2,06718900"
"202400034543";"1";"10";"2024";"09:20";"1";"54";"54395";"2";"2";"1";"6";"Rue Dupont des Loges";"48,68271468";"6,16881520"
"202400034544";"20";"06";"2024";"13:10";"1";"59";"59183";"2";"1";"1";"6";"FUSILIERS MARINS";"51,03376000";"2,37247000"
"202400034545";"2";"10";"2024";"12:13";"1";"51";"51454";"2";"1";"1";"6";"CLEMENCEAU (AVENUE GEORGES)";"49,25100000";"4,04700000"
"202400034546";"8";"11";"2024";"19:00";"3";"31";"31587";"1";"3";"1";"3";"Route de Fronton";"43,76361300";"1,40732300"
"202400034547";"2";"10";"2024";"20:42";"2";"49";"49007";"2";"1";"1";"3";"GRAND LAUNAY";"47,46752000";" -0,59437000"
"202400034548";"20";"06";"2024";"14:00";"1";"54";"54395";"2";"3";"1";"3";"Rue Jeanne d'Arc";"48,68392000";"6,17321000"
"202400034549";"2";"10";"2024";"15:45";"1";"49";"49007";"2";"1";"1";"3";"VOLNEY";"47,46180000";" -0,54147000"
"202400034550";"19";"06";"2024";"08:20";"1";"54";"54395";"2";"1";"2";"3";"Avenue Paul Doumer";"48,67611598";"6,19004220"
"202400034551";"8";"11";"2024";"22:52";"5";"01";"01269";"1";"1";"1";"1";"29 Route de La-cluse";"46,16461900";"5,58620600"
"202400034552";"2";"10";"2024";"13:54";"1";"49";"49007";"2";"1";"1";"6";"DROITS DE L'HOMME";"47,47871000";" -0,54929000"
"202400034553";"20";"06";"2024";"08:59";"1";"54";"54036";"1";"1";"2";"6";"D139";"49,29146700";"5,97767800"
"202400034554";"8";"11";"2024";"08:10";"1";"26";"26045";"1";"1";"1";"1";"Route d’Aleyrac";"44,51750100";"4,94032900"
"202400034555";"20";"06";"2024";"20:20";"2";"53";"53130";"2";"2";"1";"3";"BOUDET ( QUAI PAUL )";"48,06551300";" -0,76635600"
"202400034556";"19";"06";"2024";"17:00";"1";"49";"49267";"1";"1";"3";"3";"RD 347";"47,47323000";" -0,46571000"
"202400034557";"14";"06";"2024";"14:45";"1";"45";"45004";"1";"1";"1";"2";"D2007 PR 21 + 1428";"47,97088000";"2,73552000"
"202400034558";"8";"11";"2024";"20:10";"3";"14";"14504";"1";"2";"5";"3";"32 Route de Moyaux";"49,20785600";"0,33936200"
"202400034559";"19";"06";"2024";"23:20";"5";"44";"44184";"2";"1";"8";"1";"104 Rue Charles Longuet";"47,28700000";" -2,22900000"
"202400034560";"19";"06";"2024";"12:20";"1";"44";"44184";"2";"3";"3";"6";"116 Rue de Trignac";"47,29595000";" -2,19034470"
"202400034561";"9";"11";"2024";"10:30";"1";"73";"73162";"1";"1";"1";"1";"D201, pont des viannaises";"45,60501600";"6,25945000"
"202400034562";"20";"06";"2024";"14:05";"1";"37";"37261";"2";"1";"1";"3";"HEURTELOUP (BOULEVARD)";"47,39282000";"0,70170000"
"202400034563";"8";"11";"2024";"08:15";"2";"36";"36048";"1";"2";"5";"3";"N/A";"46,58224790";"1,61040457"
"202400034564";"20";"06";"2024";"21:30";"2";"35";"35238";"2";"1";"2";"2";"CHATEAUGIRON (DE)";"48,09960000";" -1,64716000"
"202400034565";"9";"11";"2024";"17:30";"2";"16";"16044";"1";"1";"1";"6";"Chez Boulet";"46,02898500";"0,26402800"
"202400034566";"8";"11";"2024";"19:25";"5";"24";"24547";"2";"1";"1";"3";"Avenue Jean Jaurès";"45,13484400";"1,30073500"
"202400034567";"20";"06";"2024";"19:00";"1";"35";"35238";"1";"1";"1";"4";"ROCADE 13-14";"48,13388000";" -1,70653000"
"202400034568";"20";"06";"2024";"12:00";"1";"34";"34172";"2";"1";"2";"2";"PENELOPE (BOULEVARD)";"43,60211000";"3,91520000"
"202400034569";"9";"11";"2024";"14:30";"1";"28";"28422";"2";"1";"1";"1";"42 Rue du Voisin";"48,26920300";"1,62538900"
"202400034570";"20";"06";"2024";"18:45";"1";"33";"33063";"2";"1";"8";"6";"N/A";"44,88697000";" -0,55260000"
"202400034571";"8";"11";"2024";"18:35";"3";"87";"87063";"1";"1";"1";"2";"D979";"45,80607000";"1,36036400"
"202400034572";"20";"06";"2024";"12:45";"1";"33";"33063";"2";"2";"1";"3";"N/A";"44,83294000";" -0,58573000"
"202400034573";"19";"06";"2024";"14:20";"1";"33";"33281";"2";"1";"1";"6";"N/A";"44,83551541";" -0,63402325"
"202400034574";"18";"06";"2024";"08:30";"2";"30";"30189";"2";"9";"1";"2";"BEAUCAIRE (ROUTE)";"43,83629000";"4,39410000"
"202400034575";"20";"06";"2024";"20:30";"1";"29";"29151";"2";"1";"7";"3";"Route de Lannion";"48,58950979";" -3,83699061"
"202400034576";"9";"11";"2024";"15:10";"1";"31";"31254";"2";"1";"2";"6";"700 La Pyreneenne";"43,54972600";"1,50641400"
"202400034577";"19";"06";"2024";"18:20";"1";"29";"29019";"2";"3";"1";"3";"rue Jean Jaurès";"48,39351600";" -4,48132900"
"202400034578";"20";"06";"2024";"19:20";"1";"26";"26008";"1";"1";"1";"7";"Route de Rochemaure";"44,57588000";"4,72053000"
"202400034579";"8";"11";"2024";"22:40";"3";"55";"55237";"1";"1";"5";"2";"Autoroute A4 - Pk 261+300 sens Paris Metz";"49,11920496";"5,50623503"
"202400034580";"19";"06";"2024";"21:25";"2";"25";"25580";"1";"3";"1";"1";"BEAULIEU- RN 437 (ROUTE DE)";"47,46021000";"6,84158000"
"202400034581";"8";"11";"2024";"21:36";"3";"38";"38144";"2";"1";"1";"1";"D518";"45,59025700";"5,08986700"
"202400034582";"8";"11";"2024";"09:49";"1";"69";"69064";"1";"1";"2";"6";"Route Départementale 386";"45,47143809";"4,77659912"
"202400034583";"18";"06";"2024";"12:20";"1";"15";"15014";"2";"6";"1";"3";"RD 120";"44,92256000";"2,42764000"
"202400034584";"9";"11";"2024";"13:40";"1";"974";"97418";"1";"1";"1";"6";"Ravine des Chevres les Bas";" -20,89796200";"55,56792000"
"202400034585";"19";"06";"2024";"16:00";"1";"13";"13102";"2";"1";"2";"1";"JEAN MOULIN (BD )";"43,41076000";"5,25223000"
"202400034586";"8";"11";"2024";"21:20";"5";"45";"45142";"2";"2";"5";"3";"62 Rue André Chenal";"47,92413600";"2,13626100"
"202400034587";"17";"06";"2024";"17:35";"1";"30";"30032";"2";"1";"1";"7";"BVD MARECHAL FOCH";"43,80795000";"4,63832000"
"202400034588";"8";"11";"2024";"22:20";"3";"66";"66108";"1";"1";"8";"7";"D916";"42,69266800";"2,67748300"
"202400034589";"18";"06";"2024";"19:55";"1";"12";"12202";"2";"1";"1";"6";"BOURRAN (AVENUE DE)";"44,36109000";"2,55644000"
"202400034590";"9";"11";"2024";"10:55";"1";"67";"67433";"1";"1";"1";"1";"D 83";"48,38474000";"7,60586000"
"202400034591";"20";"06";"2024";"19:30";"1";"11";"11069";"2";"1";"2";"3";"141 Av du Pdt Franklin Roosevelt";"43,22140000";"2,33823000"
"202400034592";"8";"11";"2024";"19:05";"5";"88";"88531";"2";"1";"1";"1";"38 Place du 22 Octobre 1919";"48,08121100";"6,92522000"
"202400034593";"19";"06";"2024";"19:10";"1";"10";"10321";"1";"9";"1";"2";"ROCADE OUEST (RD 610)";"48,29030000";"4,03680000"
"202400034594";"20";"06";"2024";"23:40";"3";"09";"09225";"1";"1";"9";"7";"ROUTE NATIONALE 20 (VOIE RAPIDE)";"43,10421000";"1,63246000"
"202400034595";"8";"11";"2024";"08:15";"1";"69";"69291";"1";"9";"5";"3";"2 Avenue des Portes de Lyon";"45,64122800";"4,85633300"
"202400034596";"8";"11";"2024";"20:50";"3";"31";"31263";"1";"1";"1";"1";"Route de Toulouse";"43,42306456";"1,37574082"
"202400034597";"15";"06";"2024";"11:25";"1";"07";"07019";"1";"1";"2";"1";"COTE DE VILLE RN 102";"44,59206000";"4,42120000"
"202400034598";"8";"11";"2024";"11:20";"1";"33";"33165";"1";"1";"1";"2";"N/A";"44,82595600";" -0,42403600"
"202400034599";"20";"06";"2024";"16:30";"1";"06";"06104";"2";"1";"1";"6";"1 Avenue Profondeville";"43,76200000";"7,48131000"
"202400034600";"9";"11";"2024";"19:45";"4";"14";"14047";"2";"1";"2";"6";"7 Route de Vaux sur Aure";"49,28646500";" -0,70381700"
"202400034601";"20";"06";"2024";"10:35";"1";"75";"75113";"2";"1";"1";"6";"BD PERIPHERIQUE INTERIEUR";"48,82363700";"2,38224900"
"202400034602";"8";"11";"2024";"19:30";"3";"35";"35196";"1";"3";"1";"3";"la Guichardais du Meu";"48,06695600";" -1,82166500"
"202400034603";"20";"06";"2024";"06:45";"2";"75";"75117";"2";"1";"1";"5";"BD PERIPHERIQUE INTERIEUR";"48,89720000";"2,31293000"
"202400034604";"9";"11";"2024";"15:15";"1";"60";"60409";"2";"1";"1";"6";"27 Rue de la République";"49,29342800";"2,45930800"
"202400034605";"19";"06";"2024";"19:15";"1";"75";"75113";"2";"1";"1";"2";"PORTE D ITALIE";"48,81663200";"2,35592000"
"202400034606";"19";"06";"2024";"06:30";"1";"75";"75113";"2";"2";"1";"6";"AVENUE DE FRANCE";"48,83137000";"2,37576500"
"202400034607";"31";"10";"2024";"21:15";"3";"80";"80630";"1";"1";"5";"7";"D901";"49,78165200";"1,98243100"
"202400034608";"20";"06";"2024";"19:00";"1";"75";"75111";"2";"3";"8";"1";"RUE SAINT MAUR";"48,86357600";"2,37896400"
"202400034609";"20";"06";"2024";"11:50";"1";"75";"75120";"2";"1";"1";"6";"RUE DE BELLEVILLE";"48,87309500";"2,38092200"
"202400034610";"8";"11";"2024";"18:40";"5";"62";"62288";"2";"1";"1";"3";"D189";"50,67291263";"2,28478827"
"202400034611";"19";"06";"2024";"11:25";"1";"75";"75120";"2";"7";"1";"3";"PLACE DU MAQUIS DU VERCORS";"48,87793800";"2,40950500"
"202400034612";"9";"11";"2024";"19:35";"5";"59";"59222";"1";"1";"8";"6";"rue nationale";"50,46626000";"3,13799700"
"202400034613";"19";"06";"2024";"21:30";"1";"75";"75119";"2";"7";"1";"1";"BOULEVARD D INDOCHINE";"48,88626800";"2,39633400"
"202400034614";"20";"06";"2024";"05:15";"1";"75";"75118";"2";"3";"1";"3";"RUE MARX DORMOY";"48,88450900";"2,35943200"
"202400034615";"8";"11";"2024";"16:55";"5";"13";"13213";"1";"1";"2";"2";"A507 sens Marseille - Aubagne";"43,33043277";"5,40558457"
"202400034616";"20";"06";"2024";"17:05";"1";"75";"75116";"2";"3";"1";"2";"AVENUE DE NEW YORK";"48,86219200";"2,29311300"
"202400034617";"8";"11";"2024";"00:35";"3";"13";"13015";"1";"1";"1";"7";"A515CD-Gardanne vers A51-Marseille";"43,42876000";"5,40110000"
"202400034618";"19";"06";"2024";"14:10";"1";"75";"75114";"2";"1";"1";"3";"BOULEVARD JOURDAN";"48,82253900";"2,32894100"
"202400034619";"20";"06";"2024";"11:00";"1";"75";"75110";"2";"1";"1";"6";"RUE DU FAUBOURG POISSONNIERE";"48,87492600";"2,34810400"
"202400034620";"6";"11";"2024";"12:30";"1";"13";"13005";"1";"1";"3";"2";"A50 - Sens Aubagne vers Marseille";"43,27733491";"5,58710982"
"202400034621";"20";"06";"2024";"12:15";"1";"75";"75107";"2";"1";"1";"3";"AVENUE DE SUFFREN";"48,85666000";"2,29242000"
"202400034622";"6";"11";"2024";"12:30";"1";"13";"13005";"1";"1";"3";"6";"A50 - Sens Aubagne vers Marseille";"43,27733491";"5,58710982"
"202400034623";"20";"06";"2024";"09:05";"1";"75";"75101";"2";"3";"1";"2";"RUE DE TURBIGO";"48,86355700";"2,34742900"
"202400034624";"20";"06";"2024";"09:00";"1";"75";"75101";"2";"2";"1";"3";"RUE ETIENNE MARCEL";"48,86529000";"2,34311700"
"202400034625";"20";"06";"2024";"20:00";"1";"94";"94046";"2";"1";"1";"6";"36 Avenue de la Liberté";"48,79390300";"2,43072200"
"202400034626";"6";"11";"2024";"08:30";"1";"13";"13005";"1";"1";"2";"5";"A50-Sens Aubagne vers Marseille";"43,28542000";"5,52696000"
"202400034627";"19";"06";"2024";"11:30";"1";"94";"94041";"2";"2";"1";"2";"Avenue Georges Gosnat / Avenue Spinoza";"48,81321000";"2,38827000"
"202400034628";"6";"11";"2024";"09:00";"1";"13";"13005";"1";"1";"3";"6";"A50 - Sens Aubagne vers Marseille";"43,26872039";"5,58802041"
"202400034629";"20";"06";"2024";"17:59";"1";"94";"94017";"2";"2";"1";"3";"Avenue Marx Dormoy / Rue de Bry";"48,80631000";"2,53024000"
"202400034630";"6";"11";"2024";"08:00";"1";"13";"13212";"1";"1";"2";"7";"A507 sens Marseille - Aubagne";"43,28900000";"5,42446000"
"202400034631";"20";"06";"2024";"08:20";"1";"94";"94071";"2";"1";"2";"2";"Avenue Georges Pompidou";"48,77123261";"2,52320123"
"202400034632";"20";"06";"2024";"16:00";"1";"93";"93073";"2";"1";"1";"6";"Rue Paul Langevin";"48,95284000";"2,56392000"
"202400034633";"8";"11";"2024";"07:40";"2";"33";"33397";"1";"1";"1";"3";"N/A";"44,91837900";" -0,47670700"
"202400034634";"16";"06";"2024";"17:46";"1";"93";"93053";"2";"3";"1";"7";"Rue du Parc / Avenue de Bobigny";"48,89552200";"2,44337500"
"202400034635";"19";"06";"2024";"23:50";"5";"93";"93046";"2";"1";"1";"2";"Avenue Aristide Briand";"48,91495000";"2,52776000"
"202400034636";"20";"06";"2024";"09:00";"1";"93";"93014";"2";"1";"1";"2";"Allée Romain Rolland";"48,90465400";"2,55271600"
"202400034637";"8";"11";"2024";"18:00";"3";"92";"92002";"1";"1";"1";"4";"N385";"48,76029591";"2,28932708"
"202400034638";"20";"06";"2024";"16:40";"1";"92";"92075";"2";"1";"1";"3";"JEAN BLEUZEN (RUE)";"48,82283574";"2,29536885"
"202400034639";"20";"06";"2024";"23:00";"5";"92";"92044";"2";"2";"1";"3";"ARISTIDE BRIAND(RUE)85 +  ET  98+";"48,89361965";"2,29112846"
"202400034640";"8";"11";"2024";"18:10";"3";"78";"78073";"1";"1";"1";"2";"RN12 INT";"48,79921000";"1,99550000"
"202400034641";"20";"06";"2024";"11:09";"1";"92";"92040";"2";"4";"1";"3";"VICTOR CRESSON (AVENUE) DU 42 AU 94";"48,82120034";"2,26133251"
"202400034642";"8";"11";"2024";"19:10";"3";"92";"92048";"1";"1";"1";"3";"N118";"48,79826952";"2,21648752"
"202400034643";"20";"06";"2024";"09:20";"1";"92";"92035";"2";"2";"1";"1";"République ( boulevard de la )";"48,90699000";"2,24347000"
"202400034644";"20";"06";"2024";"18:30";"1";"92";"92002";"2";"1";"1";"6";"LAVOISIER (AVENUE)";"48,74863538";"2,31272525"
"202400034645";"8";"11";"2024";"12:55";"1";"92";"92025";"1";"1";"1";"2";"A86";"48,92201331";"2,22672771"
"202400034646";"21";"06";"2024";"15:56";"1";"35";"35013";"1";"2";"1";"3";"La Duchenerie";"47,70659200";" -2,05418600"
"202400034647";"7";"11";"2024";"23:05";"3";"78";"78646";"1";"1";"1";"3";"RN12 EXT";"48,78306500";"2,15989400"
"202400034648";"21";"06";"2024";"18:30";"1";"38";"38114";"1";"1";"1";"2";"D37b";"45,41440700";"4,76989600"
"202400034649";"20";"06";"2024";"11:00";"1";"41";"41144";"2";"1";"1";"6";"Rue de la Vallée";"47,48609200";"1,11400500"
"202400034650";"21";"06";"2024";"07:00";"1";"31";"31418";"1";"1";"1";"1";"Route de Laganne";"43,62072077";"1,54785186"
"202400034651";"7";"11";"2024";"18:00";"5";"78";"78321";"1";"1";"1";"3";"RN12 INT";"48,79711400";"1,90917500"
"202400034652";"21";"06";"2024";"07:55";"1";"68";"68249";"2";"1";"2";"1";"Les Allagouttes";"48,14000300";"7,18347100"
"202400034653";"20";"06";"2024";"22:30";"3";"35";"35063";"1";"1";"1";"6";"N/A";"48,31460000";" -1,34059000"
"202400034654";"8";"11";"2024";"16:00";"1";"93";"93007";"1";"9";"1";"2";"AUTOROUTE A3";"48,93542559";"2,48038210"
"202400034655";"21";"06";"2024";"16:25";"1";"44";"44138";"1";"1";"1";"2";"N/A";"47,52170400";" -1,64013300"
"202400034656";"21";"06";"2024";"08:00";"1";"22";"22032";"1";"1";"1";"7";"Le Bois de la Haie";"48,27875200";" -2,16733200"
"202400034657";"8";"11";"2024";"12:20";"1";"93";"93005";"1";"1";"1";"7";"AUTOROUTE A3";"48,95280378";"2,47375002"
"202400034658";"20";"06";"2024";"14:40";"1";"34";"34077";"1";"1";"2";"7";"départementale 109";"43,67001400";"3,90175600"
"202400034659";"18";"06";"2024";"16:30";"1";"57";"57321";"2";"1";"1";"3";"Rue des Vosges";"48,69280512";"7,04727716"
"202400034660";"8";"11";"2024";"09:30";"1";"93";"93005";"1";"1";"2";"2";"AUTOROUTE A3";"48,95088858";"2,47455129"
"202400034661";"20";"06";"2024";"17:00";"1";"67";"67315";"2";"9";"1";"3";"D468";"48,95195100";"8,11944400"
"202400034662";"21";"06";"2024";"16:40";"1";"76";"76463";"1";"1";"1";"7";"D1";"49,42737800";"1,67935900"
"202400034663";"8";"11";"2024";"22:00";"3";"94";"94046";"1";"1";"1";"2";"A86";"48,80379653";"2,44831042"
"202400034664";"21";"06";"2024";"12:45";"1";"80";"80127";"1";"1";"1";"6";"D1015";"50,03551900";"1,47942100"
"202400034665";"20";"06";"2024";"18:34";"1";"65";"65279";"2";"1";"2";"6";"route d'espagne D929";"43,03806400";"0,36958400"
"202400034666";"20";"06";"2024";"17:15";"1";"33";"33108";"2";"1";"1";"1";"N/A";"44,85501700";" -0,03796400"
"202400034667";"8";"11";"2024";"16:40";"1";"77";"77373";"1";"1";"1";"4";"RN104";"48,79440003";"2,62048098"
"202400034668";"10";"06";"2024";"18:40";"1";"89";"89449";"2";"2";"1";"2";"D606";"48,33540900";"3,08337600"
"202400034669";"20";"06";"2024";"19:51";"2";"63";"63207";"1";"1";"3";"6";"D906";"45,64549586";"3,68308816"
"202400034670";"14";"07";"2024";"11:35";"1";"86";"86031";"1";"1";"1";"7";"Route des 4 Vallées";"46,60227100";"0,59414100"
"202400034671";"21";"06";"2024";"08:40";"1";"61";"61145";"2";"2";"7";"6";"23bis Rue du Maréchal Joffre";"48,59142600";" -0,63819600"
"202400034672";"13";"08";"2024";"02:52";"5";"34";"34057";"2";"6";"1";"7";"1044 Avenue de l?Europe";"43,63117500";"3,90882100"
"202400034673";"21";"06";"2024";"08:00";"1";"49";"49364";"1";"1";"1";"1";"Lieu dit Champagne";"47,14316800";" -0,23197200"
"202400034674";"21";"06";"2024";"13:45";"1";"12";"12088";"1";"1";"8";"7";"D900";"44,64012400";"2,88599300"
"202400034675";"7";"11";"2024";"16:50";"1";"988";"98818";"2";"3";"1";"5";"ROUTE DE L'ANSE VATA/RUE SANTOS DUMONT";" -22,28824000";"166,44802000"
"202400034676";"21";"06";"2024";"09:10";"1";"46";"46282";"1";"3";"2";"3";"LE Suc";"44,77094400";"1,98687300"
"202400034677";"8";"11";"2024";"01:05";"3";"974";"97416";"1";"1";"1";"7";"BADAMIER (CHEMIN)";" -21,32856000";"55,45916000"
"202400034678";"20";"06";"2024";"08:11";"1";"47";"47127";"1";"1";"2";"6";"D666";"44,34648801";"0,40381569"
"202400034679";"7";"11";"2024";"09:15";"1";"974";"97411";"2";"3";"1";"3";"EUCALYPTUS (ROUTE DES)";" -20,88634000";"55,43355000"
"202400034680";"18";"06";"2024";"01:30";"5";"47";"47253";"2";"2";"1";"3";"D289";"44,41239800";"0,14829700"
"202400034681";"7";"11";"2024";"15:30";"1";"974";"97407";"2";"1";"1";"3";"COMMUNE DE PARIS (AVENUE)";" -20,93681000";"55,29103000"
"202400034682";"20";"06";"2024";"19:46";"1";"22";"22015";"1";"1";"1";"3";"La Plesse";"48,39760500";" -2,59365700"