"Num_Acc";"jour";"mois";"an";"hrmn";"lum";"dep";"com";"agg";"int";"atm";"col";"adr";"lat";"long"
"202400034683";"6";"11";"2024";"15:15";"1";"974";"97407";"2";"1";"1";"6";"MONDON (AVENUE)";" -20,93000000";"55,30000000"
"202400034684";"20";"06";"2024";"15:35";"1";"31";"31246";"1";"1";"3";"3";"D817";"43,11224700";"0,85351600"
"202400034685";"7";"11";"2024";"19:30";"5";"973";"97302";"2";"3";"1";"3";"MATOURY (RUE)";"4,93258515";" -52,32124749"
"202400034686";"20";"06";"2024";"12:55";"1";"38";"38034";"2";"3";"1";"3";"Avenue d?Auenwald";"45,34011600";"5,04913800"
"202400034687";"7";"11";"2024";"17:30";"1";"973";"97302";"2";"1";"1";"6";"RABAN (ROUTE DE)";"4,92429000";" -52,31242000"
"202400034688";"20";"06";"2024";"10:50";"1";"38";"38422";"2";"9";"2";"2";"Avenue des Thermes";"45,14200300";"5,82892300"
"202400034689";"20";"06";"2024";"15:05";"1";"02";"02336";"2";"1";"1";"7";"13 Rue de Jussy";"49,69222700";"3,21494900"
"202400034690";"7";"11";"2024";"08:10";"1";"973";"97302";"2";"2";"1";"3";"ARAGO (FRANCOIS)";"4,93874000";" -52,33173000"
"202400034691";"20";"06";"2024";"19:05";"1";"90";"90021";"1";"1";"1";"1";"D29";"47,58548200";"6,95783800"
"202400034692";"7";"11";"2024";"07:55";"1";"973";"97302";"2";"1";"1";"1";"BADUEL (ROUTE DE)";"4,92684000";" -52,29136000"
"202400034693";"21";"06";"2024";"13:00";"1";"45";"45167";"1";"1";"2";"1";"D3 PR 10 + 732";"47,91978600";"1,69824300"
"202400034694";"6";"11";"2024";"13:25";"1";"973";"97302";"2";"1";"1";"3";"MANDELA  (BOULEVARD)";"4,93571000";" -52,32601000"
"202400034695";"20";"06";"2024";"18:03";"1";"64";"64160";"1";"1";"2";"6";"D932";"43,36409600";" -1,41994000"
"202400034696";"7";"11";"2024";"19:40";"5";"69";"69387";"2";"8";"1";"3";"Avenue Berthelot";"45,74779000";"4,83383000"
"202400034697";"19";"06";"2024";"23:50";"3";"53";"53088";"1";"1";"1";"6";"1347 route de saint-poix";"47,96914100";" -1,09492100"
"202400034698";"7";"11";"2024";"17:35";"2";"69";"69387";"2";"2";"1";"6";"Cours Gambetta";"45,75381000";"4,84726000"
"202400034699";"19";"06";"2024";"08:50";"1";"21";"21288";"1";"1";"2";"7";"D6";"47,54104500";"4,63907400"
"202400034700";"7";"11";"2024";"07:45";"2";"69";"69387";"2";"1";"2";"6";"Rue de Gerland";"45,74008000";"4,84056000"
"202400034701";"21";"06";"2024";"07:55";"1";"27";"27113";"1";"2";"1";"3";"D48";"49,20281700";"0,65551200"
"202400034702";"7";"11";"2024";"09:50";"1";"69";"69389";"2";"1";"2";"1";"Rue Professeur Patel";"45,76716000";"4,79104000"
"202400034703";"9";"05";"2024";"16:46";"1";"28";"28140";"2";"1";"1";"6";"Rue des Vergers";"48,60168000";"1,67533500"
"202400034704";"14";"12";"2024";"19:25";"3";"95";"95018";"1";"1";"1";"4";"A15";"48,96133067";"2,26860430"
"202400034705";"7";"11";"2024";"07:00";"1";"971";"97113";"1";"1";"2";"7";"BESSON";"16,23834000";" -61,49941000"
"202400034706";"20";"06";"2024";"21:05";"2";"17";"17447";"1";"9";"1";"7";"D116";"46,08075400";" -0,91883800"
"202400034707";"20";"06";"2024";"19:25";"1";"17";"17174";"1";"1";"1";"1";"lieu dit boisselée";"46,03167900";" -0,78965600"
"202400034708";"14";"12";"2024";"12:00";"1";"92";"92036";"1";"1";"1";"5";"AUTOROUTE A15";"48,94651571";"2,28277090"
"202400034709";"7";"11";"2024";"15:30";"1";101;101004";"2";"3";"1";"2";"#MARECHAL LYAUTEY AVENUE IMPAIR#";"41,93463597";"8,74543905"
"202400034710";"14";"12";"2024";"01:05";"4";"93";"93007";"1";"9";"1";"3";"AUTOROUTE A3";"48,92645976";"2,48151273"
"202400034711";"16";"06";"2024";"09:30";"1";"30";"30133";"1";"1";"1";"2";"RD 979 PR 002.000";"43,54134700";"4,14628700"
"202400034712";"7";"11";"2024";"08:20";"1";101;101004";"2";"1";"1";"1";"GOLFES RCE LES RUE MARTIN BORGOMANO";"41,94005000";"8,75919000"
"202400034713";"20";"06";"2024";"11:04";"1";"67";"67389";"2";"9";"1";"7";"11 Rue du Général de Gaulle";"48,65109200";"7,75170500"
"202400034714";"7";"11";"2024";"16:30";"2";"91";"91549";"2";"1";"1";"6";"CORBEIL (ROUTE DE)";"48,63234000";"2,33656000"
"202400034715";"14";"12";"2024";"01:08";"4";"93";"93010";"1";"9";"1";"2";"AUTOROUTE A3";"48,89196501";"2,47287972"
"202400034716";"21";"06";"2024";"15:20";"1";"01";"01195";"1";"1";"1";"6";"Autoroute A40 - PK164.900";"46,21927200";"5,29227900"
"202400034717";"13";"12";"2024";"07:00";"3";"95";"95154";"1";"1";"1";"6";"A1";"49,03975770";"2,54238065"
"202400034718";"20";"06";"2024";"21:20";"2";"06";"06088";"1";"1";"1";"6";"A8 PK 187+000 NORD";"43,67850300";"7,19411400"
"202400034719";"7";"11";"2024";"21:15";"5";"91";"91521";"2";"1";"3";"1";"ECORNE BOEUF (RUE DE L')";"48,64552000";"2,43352000"
"202400034720";"2";"10";"2024";"19:50";"3";"95";"95539";"2";"3";"1";"6";"D125";"48,99558028";"2,35312410"
"202400034721";"18";"06";"2024";"04:40";"5";"34";"34166";"1";"1";"1";"6";"A9 aire de repos BEZIERS-MONTBLANC";"43,35916600";"3,34413500"
"202400034722";"12";"07";"2024";"23:30";"5";"91";"91161";"2";"2";"3";"3";"AV PIERRE BROSSOLETTE";"48,69938000";"2,31320000"
"202400034723";"6";"11";"2024";"15:20";"1";"88";"88209";"2";"2";"1";"4";"EPINAL (RUE D')";"48,19299000";"6,43818000"
"202400034724";"21";"06";"2024";"14:00";"1";"72";"72146";"1";"2";"1";"3";"Intersection RD 323 / Route des Martinières";"47,89146400";"0,14735000"
"202400034725";"11";"07";"2024";"09:00";"1";"91";"91345";"2";"1";"1";"4";"RUE GEORGES BIZET";"48,69900000";"2,29969000"
"202400034726";"6";"11";"2024";"17:50";"5";"84";"84035";"2";"3";"1";"3";"VIGNERES-RD98 (ROUTE DES)";"43,87985200";"5,00666400"
"202400034727";"20";"06";"2024";"23:10";"3";"76";"76484";"1";"1";"1";"6";"A13";"49,33650500";"1,07491100"
"202400034728";"14";"10";"2024";"01:05";"5";"30";"30351";"2";"9";"1";"7";"GABRIEL PERI (AVENUE)";"43,95779000";"4,79580000"
"202400034729";"6";"11";"2024";"15:30";"1";"30";"30011";"1";"1";"1";"7";"100 (ROUTE NATIONALE)";"43,95776000";"4,75131000"
"202400034730";"20";"06";"2024";"10:35";"1";"30";"30116";"1";"6";"3";"7";"autoroute A9";"43,93224470";"4,59741452"
"202400034731";"7";"11";"2024";"19:30";"5";"79";"79191";"2";"1";"1";"1";"N/A";"46,30960700";" -0,46565000"
"202400034732";"21";"06";"2024";"01:25";"3";"13";"13087";"1";"1";"2";"1";"campagne blanche d46B";"43,46959600";"5,58896700"
"202400034733";"13";"12";"2024";"08:30";"1";"987";"98735";"1";"2";"1";"3";"POMARE V (AVENUE)";" -17,52992000";" -149,56071000"
"202400034734";"7";"11";"2024";"09:45";"1";"78";"78621";"2";"1";"8";"3";"ALEMBERT (AVENUE JEAN D')";"48,79145000";"1,97782000"
"202400034735";"21";"06";"2024";"09:26";"1";"77";"77171";"2";"3";"2";"3";"Rue Henri Moissan";"48,89538600";"2,81218300"
"202400034736";"11";"12";"2024";"11:30";"1";"987";"98736";"2";"3";"3";"7";"ANTHONY BAMBRIDGE (RUE)";" -17,53632000";" -149,54773000"
"202400034737";"7";"11";"2024";"04:45";"3";"77";"77040";"1";"1";"2";"6";"DEPARTEMENTALE 142";"48,51666000";"2,58065000"
"202400034738";"13";"12";"2024";"20:15";"5";"974";"97411";"2";"1";"1";"7";"GASPARIN (LUCIEN)";" -20,88200000";"55,44747000"
"202400034739";"7";"11";"2024";"12:15";"1";"77";"77330";"2";"1";"1";"3";"FOULEE (AVENUE DE LA)";"48,93709000";"2,88023000"
"202400034740";"20";"06";"2024";"09:15";"1";"77";"77315";"2";"3";"8";"3";"Avenue du 27 Aout 1944";"48,88418500";"2,82849100"
"202400034741";"13";"12";"2024";"15:10";"1";"974";"97411";"2";"4";"1";"3";"CHAUDRON  (BLD 1 DU)";" -20,89561797";"55,49495941"
"202400034742";"10";"06";"2024";"09:15";"1";"77";"77153";"2";"6";"8";"7";"D401";"49,05827100";"2,69998100"
"202400034743";"6";"11";"2024";"08:30";"1";"72";"72181";"2";"1";"8";"2";"Rue de Saint Aubin";"48,01860000";"0,18310000"
"202400034744";"13";"12";"2024";"14:35";"1";"974";"97411";"2";"1";"1";"3";"MACE (BOULEVARD GABRIEL)";" -20,87260000";"55,44899000"
"202400034745";"7";"11";"2024";"07:00";"5";"69";"69264";"1";"1";"2";"7";"768 Boulevard Burdeau";"45,99672000";"4,72849000"
"202400034746";"20";"06";"2024";"17:30";"1";100;100093";"1";"1";"8";"3";"Route Terrotoriale 30";"42,61228800";"8,89244600"
"202400034747";"7";"11";"2024";"08:25";"1";"67";"67482";"2";"1";"8";"3";"RENE CASSIN (ALLEE)";"48,59797000";"7,77591000"
"202400034748";"13";"12";"2024";"19:00";"5";"974";"97407";"2";"1";"1";"3";"CIMENDEF(RUE)";" -20,93941000";"55,30647000"
"202400034749";"21";"06";"2024";"12:05";"1";"83";"83016";"2";"1";"1";"6";"Route de Marseille";"43,19583400";"5,80616700"
"202400034750";"7";"11";"2024";"18:50";"2";"65";"65440";"2";"1";"1";"6";"Rue du Quatre Septembre";"43,22843000";"0,07676000"
"202400034751";"13";"12";"2024";"17:15";"1";"973";"97302";"2";"6";"1";"3";"LEBLOND (ROND POINT)";"4,92080000";" -52,32934000"
"202400034752";"16";"06";"2024";"19:00";"1";"83";"83101";"1";"1";"1";"1";"D 93 route des plages";"43,22784300";"6,65052700"
"202400034753";"7";"11";"2024";"08:55";"1";"64";"64445";"2";"2";"7";"3";"MONSEIGNEUR CAMPO";"43,32037000";" -0,34377000"
"202400034754";"13";"12";"2024";"12:30";"1";"973";"97302";"2";"1";"1";"3";"TROUBIRAN (CHEMIN DE)";"4,92554000";" -52,30360000"
"202400034755";"11";"12";"2024";"12:45";"1";"973";"97302";"1";"6";"1";"7";"MARINGOUINS (ROND-POINT)";"4,90776976";" -52,32238948"
"202400034756";"21";"06";"2024";"01:05";"5";"83";"83099";"2";"1";"1";"2";"DN7";"43,45662600";"6,68848500"
"202400034757";"6";"11";"2024";"17:35";"1";"64";"64335";"2";"3";"1";"6";"DENIS TOUZANNE";"43,33787000";" -0,43843000"
"202400034758";"12";"12";"2024";"11:25";"1";"973";"97302";"2";"1";"1";"3";"FELIX EBOUE(ROCADE)";"4,92847839";" -52,31708837"
"202400034759";"21";"06";"2024";"00:50";"3";"70";"70046";"1";"1";"1";"1";"D486";"47,62148200";"6,43818100"
"202400034760";"7";"11";"2024";"13:53";"1";"64";"64122";"2";"3";"1";"3";"EDOUARD VII (AVENUE)";"43,48418000";" -1,55757000"
"202400034761";"13";"12";"2024";"19:00";"5";"69";"69388";"2";"2";"2";"3";"Rue Audibert et Lavirotte";"45,74161000";"4,86055000"
"202400034762";"7";"11";"2024";"07:40";"2";"64";"64102";"2";"1";"5";"6";"DUVERGIER DE HAURANNE (AVENUE)";"43,48942000";" -1,46807000"
"202400034763";"20";"06";"2024";"13:25";"1";"89";"89198";"1";"1";"1";"2";"autoroute A6 PK155+500";"47,85650000";"3,57190000"
"202400034764";"8";"11";"2024";"00:27";"5";"63";"63113";"2";"1";"5";"6";"AURIOL (BOULEBARD VINCENT)";"45,79454000";"3,12287000"
"202400034765";"13";"12";"2024";"18:45";"5";"972";"97213";"2";"1";"1";"3";"VIEUX PONT (CHEMIN DU";"14,61390000";" -61,00486000"
"202400034766";"14";"12";"2024";"01:30";"5";"69";"69382";"2";"1";"2";"6";"170 Cours Charlemagne";"45,73610000";"4,81682000"
"202400034767";"6";"11";"2024";"16:15";"1";"63";"63164";"2";"1";"1";"2";"D 772 (RTE)";"45,81150000";"3,15225000"
"202400034768";"13";"12";"2024";"12:30";"1";"69";"69389";"2";"1";"1";"6";"Rue du 24 Mars 1852";"45,77927000";"4,80324000"
"202400034769";"7";"11";"2024";"07:55";"2";"61";"61001";"2";"3";"2";"1";"6 Rue de l'Abbé Letacq";"48,41296400";"0,09096500"
"202400034770";"13";"12";"2024";"08:00";"1";"69";"69389";"2";"1";"1";"3";"Rue Pierre Termier";"45,80286685";"4,83893737"
"202400034771";"7";"11";"2024";"20:10";"5";"59";"59599";"2";"1";"1";"6";"Rue du Pont de Neuville";"50,73930000";"3,16879000"
"202400034772";"13";"12";"2024";"01:45";"5";"69";"69202";"2";"1";"1";"3";"5 Avenue Valioud";"45,74446000";"4,80850000"
"202400034773";"6";"11";"2024";"18:58";"5";"56";"56083";"2";"6";"8";"2";"Rond-point de Locoyarne";"47,79059800";" -3,27677300"
"202400034774";"18";"10";"2024";"09:30";"1";"971";"97107";"2";"1";"1";"6";"FLAMBOYANTS ( ALLEE DES )";"16,05216484";" -61,56625628"
"202400034775";"5";"11";"2024";"12:29";"1";"56";"56098";"2";"3";"8";"3";"Boulevard Normandie Niemen";"47,76197000";" -3,35588000"
"202400034776";"12";"12";"2024";"06:30";"5";"91";"91201";"2";"6";"1";"3";"AV DU GENERAL DE GAULLE";"48,68839200";"2,39020500"
"202400034777";"7";"11";"2024";"11:15";"1";"51";"51454";"2";"1";"1";"2";"WITRY (ROUTE DE)";"49,26675000";"4,06480000"
"202400034778";"13";"12";"2024";"14:40";"1";"91";"91027";"2";"1";"1";"2";"RUE EDOUARD VAILLANT";"48,70972000";"2,39998000"
"202400034779";"6";"11";"2024";"21:10";"5";"51";"51454";"2";"1";"1";"4";"ROEDERER (BOULEVARD LOUIS)";"49,25702000";"4,02311000"
"202400034780";"6";"11";"2024";"12:30";"1";"50";"50129";"2";"1";"1";"1";"BOIS (RUE DU)";"49,63730000";" -1,60428000"
"202400034781";"13";"12";"2024";"11:02";"1";"91";"91228";"2";"2";"1";"5";"CHAMPS ELYSEES (BD)N°1A EUROPE";"48,63095000";"2,42487000"
"202400034782";"13";"12";"2024";"20:20";"5";"91";"91223";"2";"1";"5";"3";"MEUNIERS (AVENUE DES)";"48,43524000";"2,14637000"
"202400034783";"6";"11";"2024";"18:15";"5";"49";"49099";"1";"6";"5";"3";"RD160";"47,03623000";" -0,90545000"
"202400034784";"13";"12";"2024";"15:15";"1";"84";"84099";"1";"2";"8";"3";"GORDES-RD15 (ROUTE DE)";"43,85625100";"5,08337500"
"202400034785";"7";"11";"2024";"18:35";"5";"45";"45234";"2";"1";"1";"6";"6 Rue Lazare Carnot";"47,82772000";"1,92944000"
"202400034786";"5";"11";"2024";"17:30";"1";"44";"44109";"2";"9";"8";"6";"45 Allée de l'Embellie";"47,26747000";" -1,51759000"
"202400034787";"13";"12";"2024";"08:30";"1";"84";"84007";"2";"3";"2";"2";"PIERRE SEMARD (AVENUE)";"43,93313000";"4,83331000"
"202400034788";"7";"11";"2024";"16:50";"1";"43";"43089";"2";"1";"1";"6";"Avenue de la Mairie";"45,04576887";"3,86771085"
"202400034789";"27";"10";"2024";"20:10";"5";"84";"84007";"2";"2";"1";"7";"RASPAIL (BOULEVARD)";"43,94453000";"4,80352000"
"202400034790";"6";"11";"2024";"13:40";"1";"42";"42207";"2";"3";"1";"3";"Rue de l'Eglise";"45,48197777";"4,52540212"
"202400034791";"12";"12";"2024";"21:25";"5";"84";"84007";"2";"1";"1";"7";"FOLIE (AVENUE DE LA)";"43,94656000";"4,83259000"
"202400034792";"7";"11";"2024";"18:45";"5";"38";"38185";"2";"9";"1";"3";"JEAN PAIN (BOULEVARD)";"45,18850727";"5,73999703"
"202400034793";"12";"12";"2024";"18:30";"5";"83";"83137";"2";"1";"1";"6";"DE LATTRE DE TASSIGNY (AVE MARECHAL)";"43,11407000";"5,93947000"
"202400034794";"7";"11";"2024";"15:00";"1";"37";"37214";"2";"3";"1";"2";"GAUDINIERE (RUE DE LA)";"47,41488000";"0,65336000"
"202400034795";"10";"12";"2024";"14:55";"1";"83";"83009";"2";"1";"1";"5";"BEAUSSET (ROUTE DU)";"43,14632000";"5,76568000"
"202400034796";"7";"11";"2024";"07:57";"1";"36";"36044";"2";"1";"1";"6";"Boulevard Blaise Pascal";"46,79851900";"1,71206400"
"202400034797";"13";"12";"2024";"07:45";"2";"83";"83061";"2";"9";"2";"3";"AVENUE ANDRÉ LÉOTARD";"43,43882554";"6,74715132"
"202400034798";"8";"11";"2024";"23:50";"3";"34";"34108";"2";"2";"2";"6";"JOUTEURS (QUAI DES)";"43,44484000";"3,75920000"
"202400034799";"13";"12";"2024";"18:50";"5";"82";"82121";"2";"6";"1";"3";"CLADEL (RUE LEON)";"44,02199000";"1,35293000"
"202400034800";"7";"11";"2024";"15:50";"1";"33";"33522";"2";"1";"1";"3";"N/A";"44,79975000";" -0,59696000"
"202400034801";"13";"12";"2024";"18:00";"2";"80";"80021";"2";"1";"1";"7";"Avenue de la Paix";"49,91160000";"2,30170000"
"202400034802";"6";"11";"2024";"08:25";"1";"33";"33318";"2";"1";"5";"6";"N/A";"44,79627000";" -0,61408000"
"202400034803";"13";"12";"2024";"19:35";"5";"78";"78146";"2";"7";"1";"6";"GUY DE MAUPASSANT (AVENUE)";"48,90401700";"2,15687200"
"202400034804";"7";"11";"2024";"09:42";"1";"31";"31555";"2";"1";"1";"6";"ALL DU PRESIDENT ROOSEVELT";"43,60552000";"1,44818100"
"202400034805";"7";"11";"2024";"16:20";"1";"29";"29254";"2";"1";"1";"6";"Rue de la Mairie";"48,57509961";" -3,84643867"
"202400034806";"13";"12";"2024";"12:40";"1";"78";"78551";"1";"1";"1";"4";"RN 184";"48,90837000";"2,07427000"
"202400034807";"13";"12";"2024";"20:35";"4";"78";"78005";"2";"2";"1";"3";"CONFLANS (AVENUE DE)";"48,96274000";"2,07119000"
"202400034808";"14";"12";"2024";"00:30";"5";"77";"77083";"2";"1";"1";"6";"PRES (RUE DES)";"48,85809000";"2,59604000"
"202400034809";"13";"12";"2024";"17:10";"5";"77";"77373";"2";"1";"1";"6";"RUE DES TILLEULS";"48,80148000";"2,62027000"
"202400034810";"7";"11";"2024";"14:04";"1";"25";"25462";"2";"1";"1";"2";"ROCADE G.POMPIDOU ( DE 0 A 6)";"46,89857000";"6,35941000"
"202400034811";"6";"11";"2024";"15:40";"1";"18";"18033";"2";"3";"1";"3";"Rue de Mazières";"47,06251000";"2,39055000"
"202400034812";"13";"12";"2024";"05:45";"5";"73";"73065";"2";"4";"1";"3";"MONTMELIAN (FAUBOURG)";"45,56776000";"5,93876000"
"202400034813";"5";"11";"2024";"17:50";"2";"18";"18033";"2";"1";"1";"2";"15 Chaussée de Chappe";"47,08780800";"2,42109300"
"202400034814";"11";"12";"2024";"15:30";"1";"72";"72181";"2";"3";"8";"6";"GLONNIERES (BD) N° PAIRS";"47,97140000";"0,21361000"
"202400034815";"13";"12";"2024";"09:05";"1";"71";"71306";"2";"3";"8";"6";"GENERAL DE GAULLE (QUAI DU)";"46,67382000";"4,36181000"
"202400034816";"6";"11";"2024";"08:00";"2";"14";"14118";"2";"2";"8";"3";"51 Avenue Capitaine Georges Guynemer";"49,16803000";" -0,34669000"
"202400034817";"12";"12";"2024";"11:50";"1";"69";"69259";"2";"3";"1";"2";"Avenue Jacques Duclos";"45,69706000";"4,88882000"
"202400034818";"7";"11";"2024";"14:15";"1";"13";"13215";"2";"3";"1";"1";"SAINT ANTOINE (AVENUE DE)";"43,37855000";"5,35706000"
"202400034819";"7";"11";"2024";"08:15";"1";"13";"13215";"2";"2";"1";"6";"SAINT LOUIS (AVENUE DE)";"43,34766000";"5,35923000"
"202400034820";"13";"12";"2024";"08:30";"2";"66";"66136";"2";"3";"3";"3";"ALBERT MARCELLIN";"42,69066000";"2,89120000"
"202400034821";"6";"11";"2024";"17:27";"5";"10";"10357";"2";"4";"1";"3";"ROUTE DE BOURANTON (D147)";"48,29631979";"4,13245046"
"202400034822";"12";"12";"2024";"17:45";"3";"66";"66136";"2";"2";"2";"3";"GAUGUIN (AVENUE PAUL)";"42,72249111";"2,89067566"
"202400034823";"12";"12";"2024";"09:35";"1";"64";"64445";"2";"1";"1";"7";"ARSENE D'ARSONVAL";"43,30739000";" -0,36362000"
"202400034824";"6";"11";"2024";"22:10";"5";"10";"10387";"2";"6";"1";"2";"WOOD ET WEST (RUE)";"48,29502000";"4,08127000"
"202400034825";"28";"10";"2024";"15:20";"1";"05";"05061";"2";"1";"1";"6";"ROUTE DES LACETS DE LA TOURRONDE";"44,52581000";"6,04815000"
"202400034826";"13";"12";"2024";"22:58";"5";"64";"64102";"2";"9";"1";"3";"GLAIN (CHEMIN DE)";"43,48558000";" -1,47145000"
"202400034827";"13";"12";"2024";"14:20";"1";"64";"64024";"2";"9";"8";"3";"ADOUR (AVENUE DE L')";"43,51422000";" -1,50060000"
"202400034828";"6";"11";"2024";"17:30";"2";"03";"03095";"2";"4";"1";"6";"GUILLAUMIN (RUE EMILE)";"46,13368900";"3,46602700"
"202400034829";"13";"12";"2024";"16:08";"1";"63";"63113";"2";"1";"2";"1";"LIEVE (RUE DE LA)";"45,78251785";"3,10034126"
"202400034830";"7";"11";"2024";"07:00";"5";"01";"01451";"2";"1";"2";"1";"EDOUARD HERRIOT ( BD)";"46,21405000";"5,21680000"
"202400034831";"3";"12";"2024";"18:15";"5";"59";"59122";"2";"3";"1";"3";"BOUCHAIN (AVENUE DE)";"50,18065000";"3,24549000"
"202400034832";"7";"11";"2024";"07:50";"1";"75";"75120";"2";"1";"1";"3";"BOULEVARD PERIPHERIQUE EXTERIEUR NORD  ";"48,87056300";"2,41345600"
"202400034833";"13";"12";"2024";"07:50";"5";"57";"57672";"2";"1";"1";"6";"EUROPE (CHAUSSEE D')";"49,35627000";"6,14352000"
"202400034834";"6";"11";"2024";"14:55";"1";"75";"75106";"2";"1";"1";"3";"RUE DE RENNES";"48,85067600";"2,33028600"
"202400034835";"13";"12";"2024";"14:15";"1";"57";"57463";"2";"3";"1";"6";"JOFFRE  (AVENUE )";"49,11186000";"6,17106000"
"202400034836";"6";"11";"2024";"12:15";"1";"75";"75120";"2";"1";"8";"3";"RUE DE BAGNOLET";"48,86396600";"2,40791800"
"202400034837";"12";"12";"2024";"23:03";"3";"56";"56098";"2";"1";"1";"6";"Malachappe";"47,77942400";" -3,30971700"
"202400034838";"7";"11";"2024";"13:20";"1";"75";"75118";"2";"1";"1";"6";"AVENUE DE CLICHY";"48,88536700";"2,32656500"
"202400034839";"12";"12";"2024";"18:08";"5";"56";"56121";"2";"6";"1";"3";"Rue président John Kennedy";"47,76410000";" -3,38086000"
"202400034840";"7";"11";"2024";"09:05";"1";"75";"75113";"2";"3";"1";"6";"BOULEVARD AUGUSTE BLANQUI";"48,83027900";"2,34719300"
"202400034841";"13";"12";"2024";"14:20";"1";"51";"51474";"2";"9";"1";"2";"DRUART (RUE EMILE)";"49,27624000";"4,00082000"
"202400034842";"7";"11";"2024";"06:15";"4";"75";"75112";"2";"3";"1";"1";"PONT D AUSTERLITZ";"48,84550100";"2,36716000"
"202400034843";"13";"12";"2024";"07:40";"2";"51";"51454";"2";"3";"1";"3";"LELIEVRE (RUE IRENEE)";"49,25124000";"4,02294000"
"202400034844";"7";"11";"2024";"20:20";"5";"75";"75111";"2";"1";"1";"3";"BOULEVARD VOLTAIRE";"48,85132200";"2,39097800"
"202400034845";"13";"12";"2024";"19:00";"3";"51";"51525";"1";"1";"5";"1";"CD 1";"48,93328500";"4,44434900"
"202400034846";"6";"11";"2024";"20:00";"5";"75";"75109";"2";"2";"1";"3";"BOULEVARD HAUSSMANN";"48,87226000";"2,33830000"
"202400034847";"12";"12";"2024";"22:40";"3";"50";"50129";"1";"1";"1";"7";"AXE NORD SUD";"49,60516000";" -1,59414000"
"202400034848";"13";"12";"2024";"14:11";"1";"49";"49007";"2";"1";"1";"3";"COUBERTIN BOULEVARD";"47,46734000";" -0,52990000"
"202400034849";"7";"11";"2024";"08:20";"1";"75";"75115";"2";"3";"8";"6";"AVENUE FELIX FAURE";"48,83830700";"2,28126700"
"202400034850";"12";"12";"2024";"16:40";"1";"49";"49007";"2";"2";"1";"6";"BEDIER BOULEVARD";"47,45185000";" -0,54505000"
"202400034851";"7";"11";"2024";"17:20";"2";"94";"94081";"2";"3";"1";"3";"Avenue Danielle Casanova";"48,79049200";"2,40058500"
"202400034852";"13";"12";"2024";"11:45";"1";"47";"47001";"2";"6";"1";"3";"SERRES (AVENUE MICHEL)";"44,18631000";"0,62467000"
"202400034853";"7";"11";"2024";"09:00";"2";"94";"94068";"2";"2";"8";"3";"Boulevard des Corneilles";"48,78580000";"2,49220000"
"202400034854";"13";"12";"2024";"21:54";"5";"45";"45004";"2";"1";"5";"3";"D943 PR 2 + 556";"47,98447300";"2,74987200"
"202400034855";"13";"12";"2024";"20:45";"5";"35";"35238";"2";"1";"1";"3";"SAINT-BRIEUC (DE)";"48,11433300";" -1,70619600"
"202400034856";"7";"11";"2024";"16:00";"1";"94";"94041";"2";"9";"1";"3";"Avenue de Verdun";"48,80701000";"2,37523000"
"202400034857";"13";"12";"2024";"19:25";"5";"35";"35238";"2";"6";"1";"1";"GRAFF (AVENUE GEORGES)";"48,08558820";" -1,69184625"
"202400034858";"7";"11";"2024";"07:50";"1";"94";"94019";"2";"1";"1";"3";"Avenue du Maréchal Leclerc";"48,79660000";"2,53060000"
"202400034859";"13";"12";"2024";"20:05";"5";"33";"33075";"2";"3";"1";"3";"N/A";"44,87798000";" -0,62387000"
"202400034860";"7";"11";"2024";"18:15";"5";"94";"94075";"2";"1";"2";"2";"Av du Mal de Lattre de Tassigny";"48,73155000";"2,52324000"
"202400034861";"7";"11";"2024";"21:00";"3";"93";"93066";"2";"1";"2";"2";"LENINE (AVENUE) NR 2 A 26";"48,94299000";"2,36368000"
"202400034862";"13";"12";"2024";"05:00";"5";"31";"31555";"2";"1";"1";"1";"AV HONORE SERRES";"43,61178000";"1,43866000"
"202400034863";"13";"12";"2024";"18:45";"3";"29";"29039";"1";"1";"1";"6";"Rue de Kerambec";"47,89247100";" -3,89200300"
"202400034864";"18";"10";"2024";"15:30";"1";"93";"93064";"2";"1";"1";"1";"LAVOISIER (RUE)";"48,86257117";"2,49339382"
"202400034865";"7";"11";"2024";"19:00";"5";"93";"93046";"2";"2";"2";"3";"FIRMIN DIDOT AVENUE";"48,91044000";"2,52458000"
"202400034866";"13";"12";"2024";"18:55";"3";"29";"29019";"2";"6";"2";"3";"rue Paul Masson";"48,40481000";" -4,47747500"
"202400034867";"13";"12";"2024";"19:00";"5";"27";"27229";"2";"1";"1";"6";"CLEMENCEAU (PLACE GEORGES)";"49,02737000";"1,14851000"
"202400034868";"7";"11";"2024";"08:00";"1";"93";"93045";"2";"1";"1";"3";"NOISY LE SEC RUE DE";"48,87826165";"2,42618144"
"202400034869";"13";"12";"2024";"09:50";"1";"25";"25462";"2";"3";"1";"6";"BESANCON (DU 26 AU 72)";"46,90899000";"6,34909000"
"202400034870";"7";"11";"2024";"00:15";"5";"93";"93031";"2";"1";"1";"6";"JEAN JAURES (AVENUE)";"48,95515757";"2,31837291"
"202400034871";"7";"11";"2024";"16:05";"2";"93";"93010";"2";"9";"8";"6";"ROSNY (AV. DE)";"48,90333640";"2,47055840"
"202400034872";"13";"12";"2024";"07:50";"2";"19";"19031";"2";"1";"1";"4";"RIBOT (AVENUE)";"45,16471000";"1,51197000"
"202400034873";"13";"12";"2024";"09:30";"1";"13";"13206";"2";"1";"1";"3";"LIEUTAUD (COURS)";"43,28803000";"5,38474000"
"202400034874";"6";"11";"2024";"07:15";"2";"93";"93008";"2";"9";"1";"5";"STALINGRAD (RUE DE) A10";"48,91606523";"2,42442097"
"202400034875";"6";"11";"2024";"12:37";"1";"93";"93007";"2";"1";"1";"6";"""PIERRE SEMARD (RUE """"COTE IMPAIRS"""")""";"48,93254000";"2,47766000"
"202400034876";"13";"12";"2024";"07:00";"5";"13";"13214";"2";"1";"8";"2";"AYGALADES (AVENUE DES)";"43,33385000";"5,36790000"
"202400034877";"7";"11";"2024";"22:39";"5";"92";"92078";"2";"6";"1";"3";"CHARLES DE GAULLE (BD) (71 AU 153)";"48,94133896";"2,32222125"
"202400034878";"13";"12";"2024";"00:30";"5";"13";"13208";"2";"9";"1";"1";"MAZARGUES (AVENUE DE)";"43,25857265";"5,39425402"
"202400034879";"7";"11";"2024";"08:53";"1";"92";"92051";"2";"1";"8";"6";"MAURICE BARRES (BOULEVARD)";"48,87950935";"2,26587117"
"202400034880";"13";"12";"2024";"11:25";"1";"13";"13070";"2";"1";"1";"1";"ANTONETTI (AVENUE)";"43,28691000";"5,51636000"
"202400034881";"7";"11";"2024";"15:35";"1";"92";"92050";"2";"1";"1";"6";"SADI CARNOT RUE";"48,88895951";"2,20414225"
"202400034882";"14";"12";"2024";"01:15";"5";"13";"13001";"2";"1";"2";"6";"BOUENHOURE (CH DE)";"43,53953178";"5,42643881"
"202400034883";"7";"11";"2024";"17:00";"2";"92";"92048";"2";"1";"1";"3";"GENERAL DE GAULLE (AVENUE DU)";"48,78744173";"2,22688973"
"202400034884";"13";"12";"2024";"02:17";"3";"11";"11262";"2";"1";"2";"6";"N/A";"43,17066000";"2,97890000"
"202400034885";"6";"11";"2024";"15:50";"1";"92";"92044";"2";"2";"8";"6";"CHARLES PASQUA (QUAI) 32 A 58";"48,89914404";"2,27858841"
"202400034886";"25";"11";"2024";"21:15";"5";"08";"08043";"2";"1";"1";"1";"38 Avenue Charles de Gaulle";"49,69213800";"4,96068000"
"202400034887";"13";"12";"2024";"23:50";"5";"06";"06069";"2";"1";"2";"6";"40 Boulevard Emmanuel Rouquier";"43,64215000";"6,94239000"
"202400034888";"7";"11";"2024";"07:30";"2";"92";"92040";"2";"1";"1";"2";"BOURGAIN (AVENE)";"48,82132000";"2,26462000"
"202400034889";"13";"12";"2024";"18:30";"5";"06";"06069";"2";"1";"2";"1";"73 Avenue Antoine de Saint Exupéry";"43,66459800";"6,93759600"
"202400034890";"7";"11";"2024";"18:10";"5";"92";"92036";"2";"1";"1";"1";"GRESILLONS (AVENUE DES) (47/101)";"48,91593000";"2,30384000"
"202400034891";"13";"12";"2024";"19:10";"5";"06";"06123";"2";"1";"8";"6";"Avenue Francis Teisseire";"43,66608000";"7,19626000"
"202400034892";"7";"11";"2024";"19:11";"5";"92";"92023";"2";"1";"1";"6";"PORTE DE TRIVAUX (RUE DE) N°57 A 197 ET";"48,78999496";"2,25390628"
"202400034893";"13";"12";"2024";"13:10";"1";"75";"75120";"2";"1";"1";"2";"BD PERIPHERIQUE INTERIEUR  ";"48,87237600";"2,41250400"
"202400034894";"7";"11";"2024";"08:00";"1";"92";"92019";"2";"9";"1";"1";"BIEVRES ( ROUTE DE)";"48,77659063";"2,23019555"
"202400034895";"13";"12";"2024";"12:25";"1";"75";"75114";"2";"4";"1";"2";"BD PERIPHERIQUE EXTERIEUR";"48,81930736";"2,32868314"
"202400034896";"8";"11";"2024";"05:50";"1";"974";"97415";"2";"1";"1";"6";"29 rue joseph hubert";" -21,03217200";"55,28233100"
"202400034897";"11";"12";"2024";"16:45";"3";"75";"75120";"2";"4";"1";"2";"BD PERIPHERIQUE EXTERIEUR";"48,86169800";"2,41391200"
"202400034898";"7";"11";"2024";"15:40";"1";"40";"40065";"2";"2";"1";"3";"Rue des Ecoles";"43,64210600";" -1,43043500"
"202400034899";"13";"12";"2024";"17:25";"5";"75";"75119";"2";"1";"1";"6";"AVENUE JEAN JAURES";"48,88392100";"2,37466400"
"202400034900";"7";"11";"2024";"21:06";"3";"28";"28388";"1";"1";"2";"1";"D910";"48,39111400";"1,45110700"
"202400034901";"8";"11";"2024";"16:15";"1";"14";"14061";"1";"1";"1";"7";"route de la planque, CAMPEAUX";"48,95876400";" -0,92392400"
"202400034902";"13";"12";"2024";"03:25";"5";"75";"75117";"2";"3";"1";"3";"RUE GUY MOQUET";"48,89291400";"2,32700900"
"202400034903";"13";"12";"2024";"08:25";"3";"75";"75111";"2";"2";"1";"6";"RUE DU CHEMIN VERT";"48,86184900";"2,38339100"
"202400034904";"8";"11";"2024";"12:50";"1";"83";"83091";"1";"1";"1";"1";"ROUTE DEPARTEMENTALE 12";"43,20882800";"6,13949100"
"202400034905";"13";"12";"2024";"16:20";"1";"75";"75110";"2";"1";"1";"4";"PLACE DU ONZE NOVEMBRE 1918";"48,87651000";"2,35820800"
"202400034906";"7";"11";"2024";"23:45";"5";"83";"83070";"2";"3";"1";"6";"Avenue des Ilaires";"43,13815400";"6,36135800"
"202400034907";"13";"12";"2024";"12:30";"1";"75";"75109";"2";"3";"1";"2";"BOULEVARD DE ROCHECHOUART";"48,88280600";"2,34466800"
"202400034908";"7";"11";"2024";"08:16";"1";"67";"67407";"1";"1";"1";"1";"Départementale 29";"48,75580700";"7,90511400"