"Num_Acc";"jour";"mois";"an";"hrmn";"lum";"dep";"com";"agg";"int";"atm";"col";"adr";"lat";"long"
"202400034909";"12";"12";"2024";"23:00";"5";"94";"94078";"2";"3";"1";"5";"Rue de Paris";"48,74480702";"2,44652706"
"202400034910";"7";"11";"2024";"07:45";"1";"31";"31555";"2";"6";"1";"3";"chemin de tucaut";"43,55865200";"1,36673000"
"202400034911";"7";"11";"2024";"18:00";"4";"89";"89066";"1";"1";"1";"1";"D77";"48,10471600";"3,50117300"
"202400034912";"13";"12";"2024";"16:15";"1";"94";"94068";"2";"1";"1";"4";"Avenue Gambetta";"48,79786062";"2,49150456"
"202400034913";"6";"11";"2024";"18:00";"2";"56";"56164";"1";"1";"1";"1";"Corn Er Houet";"47,64999500";" -2,84990100"
"202400034914";"12";"12";"2024";"19:20";"5";"94";"94037";"2";"1";"1";"6";"Avenue Pasteur";"48,81165000";"2,34178000"
"202400034915";"8";"11";"2024";"07:30";"2";"67";"67311";"1";"1";"8";"1";"D321";"48,27553900";"7,51226700"
"202400034916";"13";"12";"2024";"18:30";"5";"94";"94034";"2";"1";"1";"1";"37 Avenue de la Rèpublique";"48,75914045";"2,31974816"
"202400034917";"7";"11";"2024";"16:44";"1";"76";"76141";"1";"1";"1";"3";"D52";"49,62401700";"0,37595500"
"202400034918";"13";"12";"2024";"14:07";"1";"94";"94028";"2";"1";"1";"2";"Rue de Mesly";"48,78915705";"2,46142781"
"202400034919";"1";"11";"2024";"18:30";"3";"76";"76263";"1";"1";"5";"1";"Route de Nolleval";"49,47361100";"1,50668500"
"202400034920";"6";"11";"2024";"13:50";"1";"89";"89025";"2";"1";"1";"6";"rue du maréchal foch";"47,49160900";"3,90922300"
"202400034921";"11";"12";"2024";"20:20";"3";"94";"94011";"2";"6";"1";"3";"Avenue Rhin et Danube";"48,76862000";"2,48846000"
"202400034922";"13";"12";"2024";"14:10";"1";"94";"94073";"2";"9";"1";"6";"Avenue René Panhard";"48,76302000";"2,40111000"
"202400034923";"12";"12";"2024";"22:10";"5";"94";"94071";"2";"9";"8";"7";"Place Sainte Bernadette";"48,76706000";"2,53298000"
"202400034924";"12";"12";"2024";"20:15";"5";"93";"93005";"2";"3";"1";"3";"JEAN CHARCOT [CD115] (RUE)";"48,93290681";"2,48843965"
"202400034925";"23";"10";"2024";"19:45";"5";"92";"92078";"2";"2";"1";"1";"MOULIN DE CAGE (RUE)";"48,92744776";"2,31877930"
"202400034926";"13";"12";"2024";"15:56";"1";"92";"92046";"2";"9";"1";"3";"LOUISE MICHEL (BD)";"48,81237876";"2,28623763"
"202400034927";"13";"12";"2024";"15:55";"1";"92";"92051";"2";"1";"1";"3";"GENERAL KOENIG (BOULEVARD DU)";"48,87763895";"2,24773049"
"202400034928";"13";"12";"2024";"01:30";"5";"92";"92051";"2";"1";"1";"6";"SAINT PAUL (RUE, N° PAIRS)";"48,89112973";"2,27643684"
"202400034929";"13";"12";"2024";"19:45";"5";"92";"92050";"2";"1";"1";"2";"CHEVREMONTS RUE DES";"48,87737965";"2,21597224"
"202400034930";"13";"12";"2024";"00:19";"5";"92";"92050";"2";"2";"1";"3";"boulevard Aimé Césaire";"48,89398000";"2,22729000"
"202400034931";"12";"12";"2024";"23:05";"5";"92";"92050";"2";"1";"1";"6";"ALLENDE SALVADOR RUE";"48,89475203";"2,22334161"
"202400034932";"13";"12";"2024";"11:07";"1";"92";"92040";"2";"1";"1";"6";"JEAN JAURES (AVENUE)";"48,82402223";"2,27369316"
"202400034933";"7";"12";"2024";"21:45";"5";"92";"92035";"2";"1";"1";"3";"Général de Gaulle  ( avenue du )";"48,91010025";"2,25495189"
"202400034934";"13";"12";"2024";"16:55";"5";"92";"92024";"2";"1";"1";"6";"GENERAL LECLERC (BD DU) (9 A 59)   (4 A";"48,90077000";"2,31615000"
"202400034935";"13";"12";"2024";"15:50";"1";"92";"92024";"1";"9";"1";"2";"AVENIR (RUE DE L') DE (36 A 42)   (37 A";"48,90380408";"2,30096005"
"202400034936";"13";"12";"2024";"19:45";"5";"92";"92009";"2";"1";"1";"6";"VICO ( RUE )";"48,91886428";"2,26244990"
"202400034937";"12";"12";"2024";"09:25";"1";"78";"78143";"1";"1";"1";"1";"Route de Versailles";"48,73241000";"2,09787400"
"202400034938";"28";"11";"2024";"17:30";"5";"78";"78160";"2";"3";"1";"2";"Chemin des Regains";"48,70238200";"2,05543900"
"202400034939";"14";"12";"2024";"14:30";"1";"26";"26194";"1";"1";"1";"7";"Route du Chateau";"45,20507400";"5,03373900"
"202400034940";"13";"12";"2024";"08:20";"2";"06";"06137";"1";"1";"2";"6";"Route de Saint-vallier";"43,66243100";"6,85481400"
"202400034941";"13";"12";"2024";"16:00";"1";"65";"65131";"1";"4";"1";"1";"D632";"43,27639100";"0,18943600"
"202400034942";"13";"12";"2024";"23:50";"3";"62";"62770";"2";"1";"8";"6";"D916";"50,62230600";"2,55192100"
"202400034943";"13";"12";"2024";"16:10";"1";"31";"31203";"2";"1";"8";"1";"Avenue de Gascogne";"43,51790200";"1,31870300"
"202400034944";"14";"12";"2024";"01:15";"3";"51";"51418";"2";"1";"1";"6";"Chemin de Dresfervuoin";"49,23616300";"3,95979900"
"202400034945";"13";"12";"2024";"18:25";"2";"19";"19028";"1";"6";"2";"3";"D979";"45,41156800";"2,49782300"
"202400034946";"14";"12";"2024";"16:00";"1";"56";"56071";"1";"1";"1";"6";"La Ville Moisan";"47,90579600";" -2,65696400"
"202400034947";"3";"12";"2024";"08:05";"2";"56";"56036";"1";"9";"1";"3";"Rue Pierre Landais";"47,78679200";" -3,33203300"
"202400034948";"13";"12";"2024";"18:30";"3";"32";"32166";"1";"1";"1";"7";"d112";"43,81173800";"0,32044900"
"202400034949";"14";"12";"2024";"09:20";"1";"71";"71310";"2";"1";"5";"7";"Route Départementale 290";"46,76113100";"4,47632300"
"202400034950";"13";"12";"2024";"18:00";"3";"63";"63043";"1";"1";"1";"6";"route du pont de la faye";"46,04240506";"2,98901752"
"202400034951";"13";"12";"2024";"18:40";"3";"61";"61140";"1";"1";"1";"1";"RD918";"48,71799300";"0,66016600"
"202400034952";"10";"12";"2024";"13:45";"1";"55";"55181";"2";"1";"1";"3";"91 Avenue du 8e Bcp";"49,20047500";"5,64649800"
"202400034953";"13";"12";"2024";"21:20";"3";"34";"34031";"1";"9";"2";"6";"D28";"43,35906500";"3,43557700"
"202400034954";"9";"12";"2024";"11:36";"1";"25";"25212";"2";"6";"1";"1";"Rue de la Poste";"47,27770000";"5,99401300"
"202400034955";"14";"12";"2024";"09:15";"2";"25";"25130";"1";"1";"5";"6";"D27";"47,06322300";"6,20736100"
"202400034956";"4";"10";"2024";"22:30";"3";"35";"35062";"1";"1";"1";"6";"L?Eclardiere";"48,35143997";" -1,08583403"
"202400034957";"13";"12";"2024";"19:50";"3";"29";"29274";"1";"1";"1";"6";"Raden";"48,00669700";" -3,69290500"
"202400034958";"14";"12";"2024";"15:15";"1";"29";"29163";"1";"1";"2";"7";"D769";"48,54516159";" -3,82709942"
"202400034959";"13";"12";"2024";"19:00";"5";"02";"02716";"2";"1";"1";"7";"Rue de Lercilly";"49,61958000";"3,34378700"
"202400034960";"13";"12";"2024";"18:20";"5";"01";"01343";"1";"2";"2";"3";"D1079";"46,27775600";"4,95557400"
"202400034961";"10";"12";"2024";"17:10";"5";"26";"26011";"2";"1";"1";"3";"Rue Charles Chapoutat";"44,71609600";"5,05230700"
"202400034962";"13";"12";"2024";"20:50";"3";"14";"14367";"1";"1";"1";"6";"D11";"49,23210727";" -1,05420202"
"202400034963";"13";"12";"2024";"22:40";"3";"36";"36140";"1";"1";"1";"1";"poudault N151";"46,88257600";"1,83548900"
"202400034964";"14";"12";"2024";"09:45";"1";"53";"53035";"1";"1";"1";"2";"D771";"47,82446500";" -1,00324300"
"202400034965";"13";"12";"2024";"21:15";"3";"85";"85004";"2";"1";"1";"6";"Rue du clos boisson";"46,40695400";" -1,38461500"
"202400034966";"13";"12";"2024";"23:30";"4";"30";"30167";"1";"1";"2";"7";"D51";"44,27490400";"4,15165200"
"202400034967";"10";"12";"2024";"18:32";"4";"88";"88379";"1";"1";"8";"1";"D32";"48,34598200";"6,48862800"
"202400034968";"13";"12";"2024";"20:00";"5";"973";"97307";"1";"1";"1";"7";"Route de Stoupan";"4,77116900";" -52,33929600"
"202400034969";"7";"12";"2024";"01:30";"3";"987";"98745";"2";"1";"2";"7";"RT 142";" -16,65963300";" -151,45692100"
"202400034970";"13";"12";"2024";"15:55";"1";"27";"27198";"1";"2";"1";"1";"D51/D49";"48,82369200";"1,00781300"
"202400034971";"13";"12";"2024";"23:00";"3";"28";"28199";"1";"1";"5";"7";"A10";"48,21380700";"1,84716200"
"202400034972";"14";"12";"2024";"16:50";"3";"59";"59312";"1";"1";"1";"7";"A26";"50,01457200";"3,17170900"
"202400034973";"14";"12";"2024";"14:00";"1";"988";"98803";"1";"1";"3";"6";"RT1 col de du CAP";" -21,45664000";"165,30149000"
"202400034974";"13";"12";"2024";"19:30";"3";"34";"34327";"1";"1";"3";"1";"Rn 113";"43,65138600";"3,95984200"
"202400034975";"13";"12";"2024";"23:35";"3";"67";"67028";"1";"1";"5";"6";"D206";"48,37904300";"7,58569500"
"202400034976";"13";"12";"2024";"12:15";"1";"73";"73179";"2";"3";"1";"3";"D1 Avenue costa de beauregard / Rue Riottot";"45,58856100";"5,88258900"
"202400034977";"13";"12";"2024";"20:30";"5";"69";"69009";"2";"3";"2";"1";"Rue du 3 Septembre 1944";"45,93455600";"4,71844700"
"202400034978";"13";"12";"2024";"18:25";"3";"69";"69289";"2";"1";"2";"3";"Route de Givors";"45,64718300";"5,01780200"
"202400034979";"13";"12";"2024";"18:55";"3";"79";"79303";"1";"1";"1";"7";"N/A";"46,37500700";" -0,10028300"
"202400034980";"13";"12";"2024";"21:37";"3";"35";"35240";"2";"1";"1";"6";"21 Avenue de la Bouvardière";"48,09903307";" -1,80157810"
"202400034981";"14";"12";"2024";"17:50";"3";"80";"80561";"2";"1";"1";"2";"Route d’Ailly";"49,64581900";"2,55865600"
"202400034982";"13";"12";"2024";"17:40";"5";"59";"59449";"2";"1";"1";"1";"15 Route de Marchiennes";"50,46605300";"3,25280700"
"202400034983";"12";"12";"2024";"16:55";"2";"83";"83126";"1";"9";"1";"4";"A50";"43,12011432";"5,85101971"
"202400034984";"13";"12";"2024";"16:07";"1";"33";"33397";"1";"1";"1";"2";"N/A";"44,89954153";" -0,49457823"
"202400034985";"11";"12";"2024";"23:22";"3";"59";"59458";"1";"1";"1";"6";"AUTOROUTE A23";"50,56214000";"3,16852000"
"202400034986";"13";"12";"2024";"10:00";"1";"94";"94037";"1";"1";"1";"2";"A6A";"48,81567897";"2,33682579"
"202400034987";"11";"12";"2024";"21:25";"5";"94";"94003";"1";"1";"1";"6";"A6B";"48,79994440";"2,34360832"
"202400034988";"13";"12";"2024";"19:18";"3";"92";"92048";"1";"1";"1";"2";"N118";"48,78686334";"2,22255768"
"202400034989";"13";"12";"2024";"18:30";"3";"92";"92064";"1";"1";"1";"2";"A13";"48,83983727";"2,20716232"
"202400034990";"13";"12";"2024";"19:30";"3";"92";"92050";"1";"1";"1";"3";"A86";"48,90386109";"2,20692694"
"202400034991";"13";"12";"2024";"05:20";"3";"78";"78133";"1";"1";"1";"2";"A13";"48,88946200";"2,01033000"
"202400034992";"13";"12";"2024";"03:12";"5";"92";"92050";"1";"1";"1";"2";"A14";"48,89912250";"2,21449672"
"202400034993";"12";"12";"2024";"15:00";"1";"78";"78217";"1";"1";"1";"2";"A13";"48,96564000";"1,81465600"
"202400034994";"11";"12";"2024";"17:52";"3";"78";"78297";"1";"1";"1";"3";"RN12";"48,79142000";"2,05624000"
"202400034995";"13";"12";"2024";"16:45";"1";"93";"93066";"1";"1";"1";"2";"AUTOROUTE A1";"48,90515615";"2,35842786"
"202400034996";"12";"12";"2024";"20:40";"3";"93";"93066";"1";"1";"1";"5";"AUTOROUTE A1";"48,90515615";"2,35842786"
"202400034997";"12";"12";"2024";"20:00";"3";"95";"95351";"1";"1";"1";"4";"N104";"49,03843116";"2,48465076"
"202400034998";"13";"12";"2024";"07:00";"5";"94";"94046";"1";"1";"1";"3";"A86";"48,81074490";"2,44886756"
"202400034999";"6";"09";"2024";"01:55";"3";"57";"57206";"1";"1";"3";"7";"Autoroute A30";"49,31063000";"6,11259000"
"202400035000";"7";"12";"2024";"01:29";"5";"987";"98735";"2";"2";"8";"1";"PRINCE HINOI (AVENUE)";" -17,53594000";" -149,56641000"
"202400035001";"11";"12";"2024";"13:30";"1";"974";"97411";"2";"2";"1";"3";"RIVIERE DES PLUIES (ROUTE DE LA)";" -20,90120000";"55,50118000"
"202400035002";"12";"12";"2024";"18:20";"1";"974";"97407";"2";"1";"1";"1";"LAPIERRE HENRI(IMPASSE)";" -20,94188000";"55,29710000"
"202400035003";"11";"12";"2024";"19:05";"4";"973";"97302";"2";"2";"1";"3";"BRASSE (LIEUTENANT)";"4,93645000";" -52,33251000"
"202400035004";"11";"12";"2024";"14:25";"1";"973";"97302";"2";"3";"1";"3";"SOURCE DE BADUEL (CHEMIN DE LA)";"4,92957064";" -52,30879140"
"202400035005";"12";"12";"2024";"16:20";"1";"971";"97113";"1";"1";"1";"3";"RN4-ROND POINT SAINT FELIX";"16,20777000";" -61,44629000"
"202400035006";"8";"12";"2024";"12:00";"1";"95";"95539";"1";"1";"3";"5";"D301";"49,00473154";"2,35718329"
"202400035007";"12";"12";"2024";"12:35";"1";"95";"95539";"1";"1";"8";"5";"D301";"49,00029744";"2,35962401"
"202400035008";"11";"12";"2024";"09:20";"1";"95";"95680";"1";"1";"2";"1";"D10";"49,01972953";"2,41422927"
"202400035009";"12";"12";"2024";"20:50";"5";"95";"95063";"2";"1";"1";"6";"HENRI HERVE (RUE)";"48,92732925";"2,21693873"
"202400035010";"12";"12";"2024";"18:00";"3";"91";"91689";"1";"1";"1";"1";"BD DE L EUROPE";"48,73026000";"2,33530000"
"202400035011";"12";"12";"2024";"10:14";"1";"87";"87075";"2";"1";"1";"6";"CHATEAU (AVENUE DU)";"45,80799000";"1,21572000"
"202400035012";"11";"12";"2024";"08:23";"2";"87";"87050";"2";"9";"1";"6";"PASCAUD (RUE DU DOCTEUR)";"45,87992000";"1,23931000"
"202400035013";"12";"12";"2024";"08:00";"1";"30";"30011";"2";"1";"1";"2";"6580 (RD)";"43,96120000";"4,74526000"
"202400035014";"2";"03";"2024";"13:30";"1";"13";"13004";"1";"1";"1";"5";"N572";"43,68326500";"4,58469700"
"202400035015";"26";"02";"2024";"13:05";"1";"71";"71238";"1";"1";"1";"6";"D982";"46,23456300";"4,04138100"
"202400035016";"27";"02";"2024";"05:20";"3";"67";"67101";"1";"1";"1";"2";"D1420";"48,52480100";"7,46588600"
"202400035017";"14";"02";"2024";"19:12";"5";"38";"38276";"2";"1";"1";"3";"Route Departementale 1085";"45,56696700";"5,30280500"
"202400035018";"2";"03";"2024";"07:00";"2";"38";"38205";"1";"9";"1";"3";"3666 Route de Villard";"45,10279700";"5,56148000"
"202400035019";"2";"03";"2024";"08:00";"1";"65";"65399";"1";"1";"1";"1";"D921";"42,90393200";" -0,03141400"
"202400035020";"1";"03";"2024";"21:00";"3";"46";"46102";"1";"1";"1";"1";"D662";"44,59070163";"2,00003016"
"202400035021";"2";"03";"2024";"10:40";"1";"86";"86026";"1";"1";"3";"7";"D759";"47,06594600";"0,16358400"
"202400035022";"1";"03";"2024";"17:30";"1";"33";"33248";"1";"1";"2";"4";"N/A";"45,09136600";" -0,79828900"
"202400035023";"1";"03";"2024";"18:50";"2";"53";"53011";"1";"2";"1";"3";"D4";"47,93808200";" -0,86613900"
"202400035024";"2";"03";"2024";"01:45";"3";"59";"59534";"1";"1";"2";"7";"Route de Landrecies";"50,12122500";"3,90885800"
"202400035025";"1";"03";"2024";"08:10";"1";"13";"13216";"1";"1";"1";"1";"A55-Sens Marseille vers Martigues";"43,33806717";"5,34883659"
"202400035026";"1";"03";"2024";"12:39";"1";"33";"33013";"1";"1";"1";"4";"N/A";"44,86872000";" -0,50274000"
"202400035027";"1";"03";"2024";"12:00";"1";"33";"33192";"1";"1";"3";"2";"N/A";"44,78614000";" -0,59541000"
"202400035028";"28";"02";"2024";"18:39";"1";"33";"33122";"1";"1";"1";"4";"AUTOROUTE A 63";"44,74361000";" -0,70573000"
"202400035029";"1";"03";"2024";"18:15";"3";"91";"91339";"1";"1";"2";"3";"RN 104";"48,63036000";"2,23661000"
"202400035030";"16";"01";"2024";"08:50";"1";"13";"13205";"2";"2";"1";"3";"JEANNE D'ARC (BOULEVARD)";"43,29390000";"5,39980000"
"202400035031";"1";"03";"2024";"07:55";"1";"94";"94038";"1";"1";"2";"6";"A6B";"48,77991819";"2,34691637"
"202400035032";"16";"01";"2024";"16:15";"1";"11";"11262";"2";"2";"1";"3";"N/A";"43,18210933";"2,99104393"
"202400035033";"17";"01";"2024";"06:00";"3";"10";"10081";"1";"1";"3";"6";"PENETRANTE NORD";"48,31610000";"4,06220000"
"202400035034";"29";"02";"2024";"21:32";"3";"94";"94003";"1";"1";"2";"2";"A6A";"48,79796792";"2,34366247"
"202400035035";"17";"01";"2024";"14:15";"1";"06";"06027";"2";"1";"1";"3";"Promenade de la Plage";"43,65539000";"7,16066000"
"202400035036";"17";"01";"2024";"12:45";"1";"04";"04112";"2";"1";"2";"2";"POMPIDOU (AV.GEORGES)";"43,82636000";"5,78219000"
"202400035037";"1";"03";"2024";"19:05";"3";"78";"78291";"1";"1";"3";"2";"A13";"48,97124000";"1,73234000"
"202400035038";"17";"01";"2024";"18:10";"5";"75";"75113";"2";"1";"2";"3";"PORTE D IVRY";"48,81720000";"2,36625400"
"202400035039";"1";"03";"2024";"09:23";"1";"78";"78073";"1";"1";"2";"2";"A12 Y";"48,80144000";"2,04664000"
"202400035040";"16";"01";"2024";"14:50";"1";"75";"75116";"2";"1";"1";"3";"Place de la Porte Maillot";"48,87772304";"2,28216290"
"202400035041";"7";"03";"2024";"18:11";"1";"91";"91553";"2";"1";"1";"1";"31 Rue Antoine Bourdelle";"48,62109800";"2,50204000"
"202400035042";"28";"02";"2024";"18:40";"2";"78";"78423";"1";"1";"1";"6";"A12 W";"48,78419200";"2,03427700"
"202400035043";"17";"01";"2024";"17:50";"5";"75";"75116";"2";"2";"2";"6";"ALLEE DE LONGCHAMP";"48,87330300";"2,26660700"
"202400035044";"28";"03";"2024";"15:50";"1";"51";"51660";"2";"6";"1";"7";"Avenue du Val des Bois";"49,35028500";"4,20816600"
"202400035045";"17";"01";"2024";"08:47";"1";"75";"75116";"2";"7";"3";"3";"PLACE DE VARSOVIE";"48,86044300";"2,29109000"
"202400035046";"1";"03";"2024";"09:30";"1";"95";"95018";"1";"1";"2";"5";"A15";"48,96078636";"2,26969648"
"202400035047";"6";"04";"2024";"17:30";"1";"51";"51564";"1";"1";"1";"1";"D9";"49,13008115";"4,10547460"
"202400035048";"16";"01";"2024";"20:00";"5";"75";"75116";"2";"3";"1";"7";"RUE GROS";"48,85123600";"2,27591000"
"202400035049";"1";"03";"2024";"00:40";"3";"93";"93010";"1";"1";"2";"3";"A3";"48,89094081";"2,47316485"
"202400035050";"6";"04";"2024";"19:00";"1";"74";"74123";"1";"1";"1";"7";"D12";"45,71958300";"6,30344500"
"202400035051";"16";"01";"2024";"07:10";"5";"75";"75116";"2";"2";"1";"3";"ALLEE DE LA REINE MARGUERITE";"48,86763700";"2,25086500"
"202400035052";"17";"01";"2024";"12:30";"1";"75";"75113";"2";"3";"2";"6";"RUE LEON MAURICE NORDMANN";"48,83502800";"2,34624800"
"202400035053";"29";"02";"2024";"09:00";"1";"93";"93008";"1";"1";"1";"3";"A86";"48,91232966";"2,43799011"
"202400035054";"17";"01";"2024";"21:00";"3";"75";"75112";"2";"2";"2";"6";"BOULEVARD PONIATOWSKI";"48,83170100";"2,39790100"
"202400035055";"9";"04";"2024";"11:00";"1";"79";"79322";"1";"2";"1";"4";"N/A";"46,61274600";" -0,28429300"
"202400035056";"29";"02";"2024";"07:20";"2";"93";"93010";"1";"1";"2";"3";"A3";"48,90016339";"2,46953060"
"202400035057";"17";"01";"2024";"14:30";"1";"75";"75110";"2";"2";"2";"6";"RUE LA FAYETTE";"48,88133300";"2,36475200"
"202400035058";"16";"05";"2024";"16:35";"1";"22";"22004";"1";"1";"1";"6";"rd 767";"48,62936300";" -3,32132600"
"202400035059";"28";"02";"2024";"10:50";"1";"92";"92036";"1";"1";"1";"3";"AUTOROUTE A86";"48,93868744";"2,30811059"
"202400035060";"9";"04";"2024";"17:40";"1";"65";"65002";"1";"1";"2";"5";"N21";"43,15485500";" -0,02081900"
"202400035061";"17";"05";"2024";"07:17";"1";"25";"25032";"1";"1";"2";"2";"Autoroute A36 PK 089+700 sens BEAUNE-MULHOUSE";"47,37444700";"6,38686500"
"202400035062";"16";"01";"2024";"12:25";"1";"75";"75101";"2";"1";"1";"5";"QUAI DES TUILERIES";"48,86309900";"2,32348900"
"202400035063";"8";"04";"2024";"22:20";"3";"69";"69168";"2";"1";"1";"6";"Pont de Couzon";"45,84503462";"4,83360871"
"202400035064";"28";"02";"2024";"09:00";"1";"95";"95582";"1";"1";"1";"5";"A15";"48,97009987";"2,24956447"
"202400035065";"15";"05";"2024";"13:50";"1";"84";"84038";"1";"1";"1";"7";"677 Route de Pertuis";"43,79587000";"5,08090800"
"202400035066";"15";"01";"2024";"17:00";"5";"94";"94068";"2";"1";"2";"3";"Avenue Jane";"48,81144000";"2,47556100"
"202400035067";"1";"03";"2024";"22:08";"3";"94";"94073";"1";"1";"2";"6";"A86";"48,76884600";"2,37919993"
"202400035068";"17";"05";"2024";"12:15";"1";"83";"83019";"2";"1";"1";"6";"Avenue Lou Mistraou";"43,13926858";"6,35077216"
"202400035069";"9";"04";"2024";"17:50";"1";"71";"71221";"2";"2";"1";"3";"Rue de Cote Chalonnaise";"46,78003900";"4,74333400"
"202400035070";"17";"01";"2024";"12:30";"1";"94";"94073";"2";"1";"2";"2";"Avenue René Panhard";"48,76445000";"2,39287000"
"202400035071";"17";"05";"2024";"08:45";"1";"19";"19062";"2";"7";"7";"6";"place de la mairie";"45,37183500";"1,87425800"
"202400035072";"1";"03";"2024";"10:10";"1";"94";"94042";"1";"1";"2";"4";"A4";"48,82728643";"2,46925563"
"202400035073";"7";"04";"2024";"15:40";"1";"63";"63448";"1";"1";"1";"7";"d999";"45,47779700";"3,48550900"