"Num_Acc";"jour";"mois";"an";"hrmn";"lum";"dep";"com";"agg";"int";"atm";"col";"adr";"lat";"long"
"202400035074";"17";"05";"2024";"12:37";"1";"89";"89003";"2";"4";"1";"6";"62 Rue de la Mothe";"47,87070800";"3,33756900"
"202400035075";"7";"04";"2024";"16:10";"1";"61";"61418";"1";"1";"2";"7";"D8";"48,51308600";"0,61118900"
"202400035076";"29";"02";"2024";"17:50";"2";"988";"98818";"2";"4";"1";"6";"RUE DE PAPEETE/RUE HYPPOLITE EMILE LOISEAU";" -22,24332000";"166,44144000"
"202400035077";"17";"05";"2024";"14:45";"1";"68";"68018";"2";"3";"2";"3";"25 Rue du 27 Novembre";"47,66852922";"7,16818612"
"202400035078";"17";"01";"2024";"20:40";"5";"94";"94022";"2";"3";"2";"6";"Avenue Léon Gourdault / Avenue du Général Leclerc";"48,76251500";"2,40654900"
"202400035079";"27";"02";"2024";"16:50";"1";"988";"98818";"2";"1";"8";"6";"VE1";" -22,22415000";"166,47164000"
"202400035080";"16";"05";"2024";"15:55";"1";"25";"25040";"2";"1";"3";"1";"7 rue de delle";"47,50384800";"6,94083300"
"202400035081";"17";"01";"2024";"18:30";"5";"94";"94073";"2";"2";"2";"3";"Boulevard de Stalingrad / Av du Pdt Franklin Roosevelt";"48,76684179";"2,40377171"
"202400035082";"9";"04";"2024";"17:00";"1";"49";"49086";"1";"3";"1";"5";"Rue de la tonnelle";"47,26151000";" -0,44902300"
"202400035083";"30";"04";"2024";"00:41";"5";"38";"38346";"1";"1";"9";"6";"Route de Lyon";"45,50503900";"5,09009200"
"202400035084";"17";"01";"2024";"07:50";"5";"94";"94022";"2";"2";"3";"6";"Avenue Gambetta / Boulevard des Alliés";"48,76450000";"2,40559000"
"202400035085";"25";"02";"2024";"13:00";"1";"974";"97411";"2";"3";"1";"3";"RAMBAUD (LEOPOLD)";" -20,88594000";"55,47633000"
"202400035086";"8";"04";"2024";"19:45";"1";"42";"42300";"1";"1";"1";"6";"Route de la Gresle";"46,10590800";"4,28993400"
"202400035087";"15";"05";"2024";"17:45";"1";"60";"60245";"2";"2";"1";"3";"Route d'Haucourt";"49,65095300";"1,72443000"
"202400035088";"24";"02";"2024";"18:30";"1";"974";"97411";"2";"1";"1";"1";"FOUCQUE (AVENUE HIPPOLYTE)";" -20,89825000";"55,48663000"
"202400035089";"9";"04";"2024";"10:25";"1";"46";"46284";"1";"1";"1";"7";"Route de Durand";"44,88914500";"1,85034300"
"202400035090";"15";"01";"2024";"11:25";"1";"94";"94055";"2";"3";"2";"3";"Route de Provins / Rue du Bois";"48,79569000";"2,55024000"
"202400035091";"16";"05";"2024";"23:20";"3";"16";"16134";"2";"1";"1";"6";"36 ROUTE MARQUIS DE LA CHETARDIE";"45,87970000";"0,68332000"
"202400035092";"7";"04";"2024";"22:15";"3";"29";"29140";"1";"1";"1";"6";"route du Radar de Bretagne";"48,39739834";" -4,32704001"
"202400035093";"23";"02";"2024";"15:00";"1";"974";"97411";"2";"1";"2";"3";"LATTRE DE TASSIGNY (AVENUE MARECHAL DE)";" -20,88937000";"55,47656000"
"202400035094";"15";"05";"2024";"19:25";"2";"24";"24064";"1";"1";"1";"3";"Route Gustave Flaubert (Eyvirat)";"45,32263500";"0,72020500"
"202400035095";"17";"01";"2024";"17:40";"5";"94";"94002";"2";"2";"2";"6";"Rue Etienne Dolet / Boulevard Carnot";"48,79580800";"2,42521800"
"202400035096";"15";"05";"2024";"16:40";"1";"04";"04024";"1";"1";"3";"6";"D900";"44,19536700";"6,36789700"
"202400035097";"17";"01";"2024";"19:30";"5";"93";"93066";"2";"3";"2";"3";"Rue Francis de Pressensé / Rue de Lorraine";"48,92407300";"2,37222500"
"202400035098";"17";"05";"2024";"14:10";"1";"27";"27226";"1";"1";"1";"6";"D14b";"49,30170500";"1,64185500"
"202400035099";"9";"04";"2024";"17:40";"1";"39";"39170";"2";"1";"1";"6";"Route de Bletterans";"46,68073700";"5,49399200"
"202400035100";"19";"02";"2024";"16:10";"1";"974";"97411";"2";"9";"1";"3";"NICE (RUE DE)";" -20,87314000";"55,45205000"
"202400035101";"17";"01";"2024";"15:05";"1";"93";"93066";"2";"1";"3";"7";"Avenue Lénine";"48,94091000";"2,36706300"
"202400035102";"15";"05";"2024";"14:30";"1";"23";"23054";"1";"2";"2";"3";"Intersection D988 et D25";"46,04482100";"2,54161800"
"202400035103";"8";"04";"2024";"17:10";"1";"03";"03254";"2";"1";"1";"3";"Rue du Lion d'Or";"46,30582900";"3,29711100"
"202400035104";"17";"01";"2024";"14:05";"1";"93";"93077";"2";"3";"3";"6";"Avenue de Rosny / Rue Poussin";"48,88482347";"2,50622642"
"202400035105";"20";"02";"2024";"07:30";"1";"974";"97407";"2";"9";"1";"3";"ROUTE DU SACRE COEUR";" -20,95630000";"55,31280000"
"202400035106";"17";"05";"2024";"09:00";"1";"30";"30348";"2";"1";"1";"7";"2600 Ancienne Route de Nîmes D936";"44,04955400";"4,14084300"
"202400035107";"6";"04";"2024";"01:10";"3";"03";"03273";"1";"1";"6";"6";"Route de Vichy";"46,20357500";"3,45458900"
"202400035108";"16";"05";"2024";"14:52";"1";"08";"08367";"1";"1";"1";"6";"Cense Picart";"49,92015700";"4,53694200"
"202400035109";"29";"02";"2024";"14:40";"1";"973";"97302";"1";"6";"1";"3";"MARINGOUINS (ROND-POINT)";"4,90692000";" -52,32260000"
"202400035110";"17";"01";"2024";"15:10";"1";"93";"93046";"2";"2";"3";"3";"Avenue Vauban / Boulevard Gutenberg";"48,91297200";"2,51844200"
"202400035111";"6";"04";"2024";"04:50";"4";"26";"26063";"2";"1";"1";"7";"Avenue de Rieuchaud";"44,27183600";"5,27311600"
"202400035112";"2";"05";"2024";"21:15";"3";"86";"86086";"1";"1";"2";"7";"Lieu Dit le Carroi Robin";"46,80261500";"0,68366300"
"202400035113";"17";"01";"2024";"18:50";"5";"93";"93079";"2";"1";"2";"2";"Route de Saint-Leu";"48,94960034";"2,34165072"
"202400035114";"9";"04";"2024";"17:11";"1";"26";"26324";"2";"1";"1";"1";"Chemin du Chameau";"44,34613300";"4,78950300"
"202400035115";"29";"02";"2024";"12:40";"1";"973";"97302";"2";"3";"1";"3";"MONTABO (ROUTE DE) 1";"4,93618728";" -52,29620129"
"202400035116";"16";"05";"2024";"21:30";"2";"14";"14333";"1";"1";"7";"2";"N1029";"49,43269371";"0,27401716"
"202400035117";"17";"01";"2024";"19:30";"5";"93";"93071";"2";"4";"2";"6";"Boulevard de la République / Avenue Robert Ballanger";"48,93481826";"2,53386006"
"202400035118";"22";"03";"2024";"14:20";"1";"72";"72149";"1";"9";"1";"3";"le Noyer";"48,00533700";" -0,21994800"
"202400035119";"26";"02";"2024";"21:00";"5";"973";"97302";"2";"1";"1";"3";"SOURCE DE BADUEL (CHEMIN DE LA)";"4,92548000";" -52,30858000"
"202400035120";"15";"05";"2024";"08:39";"1";"38";"38431";"1";"1";"1";"2";"A41";"45,24401400";"5,86028300"
"202400035121";"17";"01";"2024";"11:50";"1";"93";"93005";"2";"3";"2";"3";"Rue de Champagne";"48,95008700";"2,50340100"
"202400035122";"16";"05";"2024";"23:30";"3";"63";"63455";"1";"1";"8";"2";"A75";"45,65976634";"3,15516532"
"202400035123";"29";"02";"2024";"19:50";"3";"69";"69383";"2";"2";"1";"3";"Avenue Lacassagne";"45,74981000";"4,87573000"
"202400035124";"17";"01";"2024";"19:16";"3";"93";"93001";"2";"1";"2";"6";"Rue de la Motte";"48,90932100";"2,39587700"
"202400035125";"8";"04";"2024";"19:10";"1";"06";"06136";"1";"1";"1";"1";"D2566A";"43,85903900";"7,44718000"
"202400035126";"14";"05";"2024";"16:20";"1";"13";"13103";"1";"1";"2";"1";"A7";"43,65865127";"5,10271060"
"202400035127";"29";"02";"2024";"17:30";"1";"69";"69383";"2";"1";"1";"2";"Cours Albert Thomas";"45,74830791";"4,86327367"
"202400035128";"13";"04";"2024";"10:00";"3";"92";"92051";"2";"3";"2";"6";"GENERAL LECLERC (BOULEVARD DU, N° 1 A 27";"48,88916635";"2,25921464"
"202400035129";"13";"05";"2024";"07:45";"1";"62";"62754";"1";"1";"1";"6";" A1";"50,17520107";"2,87463749"
"202400035130";"16";"01";"2024";"17:30";"2";"92";"92050";"2";"1";"1";"3";"NERUDA PABLO RUE";"48,89565974";"2,21626639"
"202400035131";"17";"05";"2024";"08:25";"1";"971";"97124";"1";"1";"1";"3";"D26";"16,01324100";" -61,72084300"
"202400035132";"28";"02";"2024";"10:15";"1";"69";"69387";"2";"2";"1";"3";"Boulevard Yves Farge";"45,73413128";"4,82624726"
"202400035133";"8";"04";"2024";"17:10";"1";"64";"64123";"1";"1";"3";"5";"D936";"43,48362900";" -1,15607500"
"202400035134";"16";"01";"2024";"19:30";"5";"92";"92040";"2";"3";"1";"6";"PDT ROOSEVELT (QUAI DU)";"48,83118311";"2,26237482"
"202400035135";"13";"05";"2024";"22:25";"5";"11";"11076";"2";"4";"1";"3";"261 Avenue des Pyrénées";"43,31151000";"1,95937500"
"202400035136";"8";"04";"2024";"17:57";"1";"21";"21365";"2";"1";"1";"7";"Chemin du Mey";"47,48153700";"4,42378400"
"202400035137";"28";"02";"2024";"16:20";"1";"972";"97229";"2";"1";"1";"6";"CLUNY (ROUTE DE)";"14,61750000";" -61,08435000"
"202400035138";"17";"01";"2024";"20:30";"5";"92";"92036";"2";"2";"2";"6";"VIEUX CHEMIN DE SAINT DENIS (AVENUE)";"48,93439333";"2,31999636"
"202400035139";"17";"05";"2024";"12:10";"1";"34";"34022";"2";"1";"1";"3";"12 Allée de la Mésange";"43,65626300";"4,00888700"
"202400035140";"15";"02";"2024";"02:40";"5";"972";"97209";"2";"1";"1";"6";"ROCADE (RUE DE LA)";"14,60901000";" -61,06781000"
"202400035141";"9";"04";"2024";"16:57";"1";"40";"40062";"1";"1";"1";"1";"Avenue de l'Océan";"43,92061300";" -0,61333800"
"202400035142";"17";"01";"2024";"15:30";"1";"92";"92012";"2";"1";"2";"2";"DENFERT ROCHEREAU (RUE)";"48,84234962";"2,24670947"
"202400035143";"17";"05";"2024";"14:15";"1";"83";"83016";"1";"1";"1";"2";"N8 - quartier la pas de pouyen";"43,21105300";"5,81129000"
"202400035144";"18";"02";"2024";"00:53";"5";"972";"97209";"2";"1";"1";"7";"BALATA (ROUTE DE)";"14,65000000";" -61,08000000"
"202400035145";"17";"01";"2024";"08:40";"1";"92";"92012";"2";"1";"3";"6";"JEAN BAPTISTE CLEMENT (AVENUE) 49/FIN -";"48,84543253";"2,23595783"
"202400035146";"15";"05";"2024";"21:25";"3";"13";"13022";"2";"1";"1";"6";"Avenue Docteur Emmanuel Agostini";"43,21566200";"5,53875700"
"202400035147";"7";"04";"2024";"09:40";"1";"85";"85051";"2";"4";"2";"7";"Rue des barettes";"46,68635100";" -1,07359200"
"202400035148";"16";"01";"2024";"18:05";"5";"92";"92009";"2";"9";"1";"6";"RASPAIL ( RUE )";"48,91609362";"2,27126598"
"202400035149";"17";"05";"2024";"11:05";"1";"13";"13097";"1";"2";"1";"3";"Route Nationale 568";"43,58447400";"4,76528900"
"202400035150";"28";"02";"2024";"09:50";"1";"971";"97101";"1";"9";"1";"3";"DOTHEMARE";"16,27618000";" -61,50988000"
"202400035151";"16";"01";"2024";"18:15";"5";"91";"91340";"2";"1";"2";"6";"GENERAL DE GAULLE (AVENUE DU)";"48,61353400";"2,42208800"
"202400035152";"8";"04";"2024";"14:45";"1";"17";"17292";"1";"2";"1";"3";"D739";"45,96333700";" -0,74973100"
"202400035153";"17";"05";"2024";"07:37";"1";"68";"68294";"1";"1";"3";"1";"D1059";"48,25944900";"7,23110700"
"202400035154";"18";"01";"2024";"05:09";"3";"86";"86111";"1";"1";"2";"2";"D910";"46,89036700";"0,56881600"
"202400035155";"27";"02";"2024";"19:15";"5";"971";"97113";"1";"9";"1";"2";"RN4 - SECTION RIVIERA";"16,21764000";" -61,49421000"
"202400035156";"8";"04";"2024";"01:15";"5";"24";"24289";"1";"1";"1";"1";"Grange Neuve";"44,85317300";"0,06948500"
"202400035157";"27";"02";"2024";"08:44";"1";"971";"97101";"2";"1";"1";"7";"CHAUFFOUR";"16,23174000";" -61,52104000"
"202400035158";"17";"05";"2024";"12:12";"1";"03";"03200";"2";"9";"1";"3";"Route de Bellevue";"46,55746200";"3,29551200"
"202400035159";"16";"01";"2024";"20:40";"5";"31";"31044";"2";"3";"1";"1";"Avenue Georges Pompidou";"43,62966500";"1,48747300"
"202400035160";"17";"05";"2024";"18:55";"1";"38";"38087";"2";"1";"1";"2";"rue pasteur";"45,57906400";"4,80711400"
"202400035161";"19";"02";"2024";"18:00";"5";"971";"97101";"1";"1";"1";"3";"PETIT - PETIT PEROU (CITE)";"16,25932000";" -61,51772000"
"202400035162";"17";"01";"2024";"20:00";"3";"51";"51410";"1";"1";"2";"1";"D3";"49,07300800";"3,81641900"
"202400035163";"17";"05";"2024";"19:00";"1";"07";"07293";"1";"1";"1";"7";"D287";"44,97647321";"4,78761976"
"202400035164";"29";"02";"2024";"12:00";"1";101;101004";"2";"1";"1";"6";"#5 Rue du Comte Bacciochi#";"41,92507000";"8,73701000"
"202400035165";"9";"04";"2024";"07:30";"2";"03";"03133";"1";"1";"1";"1";"RD 42 PR27+500";"46,15009300";"3,20689200"
"202400035166";"17";"05";"2024";"06:10";"2";"01";"01049";"2";"1";"1";"6";"443 Route Nationale";"45,84665600";"5,04181300"
"202400035167";"18";"01";"2024";"10:30";"1";"974";"97412";"2";"1";"1";"3";"Rue Marcel Pagnol";" -21,37366700";"55,66812700"
"202400035168";"29";"02";"2024";"18:40";"5";"95";"95219";"2";"1";"2";"6";"D508";"48,98109777";"2,24826592"
"202400035169";"15";"05";"2024";"12:00";"1";"69";"69143";"2";"7";"2";"6";"Quai Pasteur";"45,87644000";"4,83843000"
"202400035170";"29";"03";"2024";"18:10";"1";"01";"01373";"1";"1";"1";"2";"A40";"46,13307000";"5,54438400"
"202400035171";"18";"01";"2024";"13:30";"1";"11";"11111";"1";"1";"1";"1";"route departementale 6113";"43,20986800";"2,82177000"
"202400035172";"17";"05";"2024";"08:45";"1";"64";"64422";"2";"6";"8";"3";"rond point joseph de monic";"43,18167900";" -0,61541700"
"202400035173";"29";"02";"2024";"18:00";"1";"91";"91570";"2";"1";"2";"6";"MONTLHERY (RUE DE)";"48,63425000";"2,29983000"
"202400035174";"17";"01";"2024";"05:43";"3";"57";"57111";"1";"1";"4";"2";"autoroute A4 - pk 307.700";"49,19538130";"6,09445095"
"202400035175";"12";"05";"2024";"08:35";"1";"33";"33517";"2";"1";"2";"1";"N/A";"45,05618600";" -0,69986900"
"202400035176";"17";"01";"2024";"00:15";"3";"52";"52074";"1";"1";"2";"2";"A31 PK 152+600 direction DIJON";"48,07992767";"5,61354639"
"202400035177";"29";"02";"2024";"16:00";"1";"91";"91425";"1";"1";"2";"2";"ORLEANS (ROUTE D')";"48,64909000";"2,27222000"
"202400035178";"26";"03";"2024";"08:50";"1";"13";"13025";"1";"9";"2";"3";"A8";"43,48329000";"5,54005400"
"202400035179";"16";"05";"2024";"10:45";"1";"50";"50288";"2";"9";"1";"2";"Route de Granville";"48,69550400";" -1,37640200"
"202400035180";"17";"01";"2024";"17:52";"3";"29";"29105";"1";"1";"3";"6";"Rue Chateaubriand";"48,51809958";" -4,07663052"
"202400035181";"9";"04";"2024";"04:00";"3";"51";"51572";"1";"1";"2";"6";"Autoroute A4 pk 193+450";"49,03753899";"4,62655690"
"202400035182";"29";"02";"2024";"07:45";"2";"91";"91645";"2";"1";"2";"1";"VAUDONNIERE (ALLEE DE LA)";"48,74026000";"2,24950000"
"202400035183";"18";"01";"2024";"14:15";"1";"26";"26333";"1";"1";"2";"7";"Rue de Picpus";"45,17311600";"4,82302500"
"202400035184";"18";"01";"2024";"10:20";"1";"72";"72231";"2";"9";"1";"6";"13 Avenue Abel Tirand";"47,93896352";"0,36161005"
"202400035185";"17";"05";"2024";"17:30";"1";"59";"59449";"2";"1";"1";"5";"Rue Jules Rieu";"50,48136400";"3,25176000"
"202400035186";"29";"02";"2024";"08:00";"1";"91";"91326";"2";"3";"2";"3";"COUR DE FRANCE (AVENUE DE LA)";"48,69292300";"2,37071300"
"202400035187";"8";"04";"2024";"17:50";"1";"13";"13114";"1";"1";"1";"3";"6784 Route de Berre";"43,54095800";"5,26361000"
"202400035188";"29";"02";"2024";"21:30";"5";"91";"91228";"2";"1";"2";"6";"BD LOUISE MICHEL";"48,61599000";"2,43903000"
"202400035189";"18";"01";"2024";"14:40";"1";"77";"77406";"1";"1";"4";"6";"D61 ";"48,82884000";"3,20038000"
"202400035190";"8";"04";"2024";"16:15";"1";"971";"97116";"1";"1";"1";"1";"Brion";"16,32027800";" -61,45559900"
"202400035191";"15";"05";"2024";"17:40";"1";"13";"13005";"1";"1";"1";"4";"A50-Sens Marseille vers Aubagne";"43,28664642";"5,53629823"
"202400035192";"27";"02";"2024";"12:40";"1";"86";"86194";"2";"1";"1";"3";"ROCADE OUEST (RD 910)";"46,60181300";"0,32458500"
"202400035193";"8";"04";"2024";"06:30";"2";"45";"45202";"1";"1";"9";"2";"D918 PR 3 + 250";"47,79417300";"1,64212300"
"202400035194";"16";"05";"2024";"08:50";"1";"83";"83137";"1";"1";"1";"4";"A50";"43,12657383";"5,88904910"
"202400035195";"18";"01";"2024";"18:45";"3";"51";"51165";"1";"1";"5";"1";"N4";"48,73975500";"3,94936000"
"202400035196";"25";"02";"2024";"15:50";"1";"84";"84007";"2";"1";"1";"1";"LYON (route de )";"43,95055000";"4,82501000"
"202400035197";"9";"04";"2024";"08:24";"1";"77";"77469";"1";"1";"1";"3";"D231";"48,72430700";"3,02815500"
"202400035198";"10";"05";"2024";"23:18";"3";"83";"83069";"1";"1";"1";"3";"A570";"43,12347776";"6,09641738"
"202400035199";"17";"01";"2024";"17:20";"5";"46";"46038";"2";"1";"2";"6";"525 avenue Charles de Gaulle";"44,92000250";"1,83281243"
"202400035200";"28";"02";"2024";"18:25";"1";"81";"81004";"2";"4";"1";"6";"CROIX VERTE (DE LA)";"43,92875000";"2,15052000"
"202400035201";"16";"05";"2024";"08:50";"1";"33";"33318";"1";"1";"1";"2";"N/A";"44,80295000";" -0,65987000"
"202400035202";"12";"01";"2024";"19:15";"3";"39";"39006";"1";"1";"1";"7";"N/A";"46,94626600";"5,80708400"
"202400035203";"8";"04";"2024";"14:30";"1";"05";"05070";"2";"3";"1";"3";"Chemin des Iles";"44,31111300";"5,82219600"
"202400035204";"15";"05";"2024";"15:50";"1";"33";"33550";"1";"1";"2";"2";"N/A";"44,77967700";" -0,54894800"
"202400035205";"5";"04";"2024";"15:00";"1";"25";"25057";"2";"1";"1";"6";"Rue de la Vieille Eglise";"47,53183400";"6,79889500"
"202400035206";"18";"01";"2024";"16:40";"1";"39";"39006";"1";"1";"3";"5";"N/A";"46,97144000";"5,80203800"
"202400035207";"29";"02";"2024";"11:34";"1";"78";"78005";"2";"1";"2";"6";"THOREZ (AVENUE MAURICE)";"48,96735000";"2,07349000"
"202400035208";"13";"05";"2024";"08:39";"1";"59";"59350";"1";"1";"1";"5";"AUTOROUTE A25";"50,62218437";"3,02435724"
"202400035209";"7";"04";"2024";"14:15";"1";"57";"57212";"1";"1";"1";"6";"Route d'Augny";"49,03850100";"6,10560400"
"202400035210";"17";"01";"2024";"21:20";"3";"44";"44187";"1";"1";"2";"1";"L’Epinette";"47,19730400";" -2,07613200"
"202400035211";"12";"05";"2024";"02:20";"3";"62";"62628";"1";"1";"1";"7";"A21";"50,43342729";"2,86370091"
"202400035212";"28";"02";"2024";"18:25";"5";"76";"76351";"2";"2";"2";"6";"ACACIAS (DES)";"49,50906000";"0,14090000"
"202400035213";"8";"04";"2024";"13:10";"1";"73";"73051";"2";"1";"1";"2";"Boulevard du lac";"45,65259100";"5,86089500"
"202400035214";"18";"01";"2024";"15:49";"1";"29";"29220";"2";"4";"1";"6";"Rue de Kérentrée";"47,86496000";" -4,22760800"
"202400035215";"28";"02";"2024";"19:00";"3";"76";"76414";"1";"1";"2";"7";"D1";"49,89500000";"1,13600000"
"202400035216";"16";"05";"2024";"18:50";"1";"91";"91617";"1";"1";"1";"3";"RN 104";"48,63250000";"2,53140000"
"202400035217";"17";"01";"2024";"09:10";"1";"03";"03258";"1";"1";"8";"6";"9 rue de saint pourçain sur sioule";"46,19589600";"3,36909100"
"202400035218";"29";"02";"2024";"13:45";"1";"74";"74010";"2";"1";"1";"6";"BEL AIR";"45,91342700";"6,12245000"
"202400035219";"18";"01";"2024";"16:50";"2";"01";"01269";"1";"1";"3";"6";"Route de La-cluse";"46,16339800";"5,59134400"
"202400035220";"8";"04";"2024";"17:40";"1";"33";"33262";"1";"2";"2";"3";"N/A";"44,99391000";" -0,61036900"
"202400035221";"16";"05";"2024";"15:50";"1";"94";"94016";"1";"1";"1";"2";"A6B";"48,79505260";"2,34443674"
"202400035222";"28";"02";"2024";"17:10";"1";"73";"73011";"2";"6";"8";"6";"Avenue des chasseurs alpins";"45,66548000";"6,38939000"
"202400035223";"17";"01";"2024";"19:20";"3";"01";"01388";"2";"2";"3";"3";"D975";"46,45888000";"5,08433600"
"202400035224";"16";"05";"2024";"03:46";"3";"91";"91477";"1";"1";"1";"2";"AUTOROUTE A126";"48,72231000";"2,24941000"
"202400035225";"23";"03";"2024";"00:30";"5";"33";"33101";"2";"2";"1";"6";"N/A";"45,18971200";" -0,57952300"
"202400035226";"18";"01";"2024";"09:45";"1";"43";"43051";"1";"1";"8";"1";"Lieu dit la bruyere";"45,08257339";"4,32260091"
"202400035227";"28";"02";"2024";"18:10";"1";"72";"72181";"2";"2";"1";"3";"ISAAC (RUE) N° IMP 1 A 141";"48,01320000";"0,21670000"
"202400035228";"16";"05";"2024";"10:00";"1";"93";"93027";"1";"1";"1";"5";"AUTOROUTE A86";"48,92826702";"2,41204271"
"202400035229";"8";"04";"2024";"18:55";"1";"27";"27008";"1";"1";"3";"1";"route du solitaire";"49,32568500";"1,18588000"
"202400035230";"18";"01";"2024";"15:45";"1";"10";"10104";"1";"1";"1";"6";"rd 444";"48,15819754";"4,12784287"
"202400035231";"28";"02";"2024";"18:10";"1";"72";"72181";"1";"6";"1";"2";"LATTRE DE TASSIGNY MARECHAL DE (BD)";"48,02861108";"0,18051147"
"202400035232";"16";"05";"2024";"00:10";"3";"93";"93063";"1";"1";"1";"3";"A3";"48,87437332";"2,43812795"
"202400035233";"9";"01";"2024";"18:40";"3";"33";"33351";"1";"9";"1";"6";"A10 PK497.400";"45,25528300";" -0,54296500"
"202400035234";"9";"04";"2024";"16:15";"1";"60";"60010";"1";"6";"3";"6";"Rue de Londres";"49,21421200";"2,12389100"
"202400035235";"28";"02";"2024";"13:50";"1";"72";"72181";"2";"9";"1";"3";"PHILIPPE (RUE)";"48,01400000";"0,19065600"
"202400035236";"15";"05";"2024";"17:10";"1";"93";"93066";"1";"1";"1";"2";"A1";"48,91270620";"2,35806627"
"202400035237";"18";"01";"2024";"05:00";"3";"57";"57433";"1";"9";"2";"6";"A4, sens Paris / Strasbourg, PK 315+200";"49,19886100";"6,16770200"
"202400035238";"30";"03";"2024";"02:55";"3";"13";"13005";"1";"1";"1";"3";"A50-Sens Aubagne vers Marseille";"43,28882000";"5,56030000"
"202400035239";"15";"05";"2024";"13:50";"1";"95";"95212";"1";"1";"1";"3";"N104";"49,02898974";"2,53051950"
"202400035240";"29";"02";"2024";"07:50";"1";"69";"69264";"2";"6";"1";"6";"Boulevard Général Leclerc";"45,99598000";"4,71488000"
"202400035241";"18";"01";"2024";"08:45";"1";"69";"69013";"1";"1";"1";"3";"Autoroute 6";"46,01543200";"4,72786500"
"202400035242";"8";"04";"2024";"14:00";"1";"83";"83069";"1";"1";"1";"3";"RN98";"43,11341625";"6,12153625"
"202400035243";"18";"01";"2024";"14:15";"1";"977";"97701";"1";"1";"1";"6";"ANSE DES FLAMANDS";"17,91951400";" -62,86325500"
"202400035244";"15";"05";"2024";"09:30";"1";"94";"94022";"1";"1";"1";"4";"A86";"48,77604023";"2,42618623"
"202400035245";"26";"02";"2024";"10:25";"1";"69";"69199";"2";"4";"1";"1";"Boulevard Yves Farge";"45,70084000";"4,85625000"
"202400035246";"8";"04";"2024";"17:15";"1";"33";"33119";"1";"1";"1";"3";"N/A";"44,86649000";" -0,50421800"
"202400035247";"17";"01";"2024";"18:00";"3";"95";"95199";"1";"3";"2";"6";"D11";"49,04464700";"2,33744000"
"202400035248";"15";"05";"2024";"08:00";"1";"94";"94058";"1";"1";"1";"2";"A86";"48,84728050";"2,49196502"
"202400035249";"1";"04";"2024";"04:30";"3";"62";"62239";"1";"1";"1";"6";"A16";"50,92904363";"1,80377897"
"202400035250";"16";"04";"2024";"18:00";"1";"93";"93001";"2";"1";"3";"3";"Rue des Gardinoux";"48,90657900";"2,37061400"
"202400035251";"18";"01";"2024";"15:10";"1";"66";"66212";"1";"1";"1";"5";"D81";"42,76807700";"3,01789300"
"202400035252";"28";"02";"2024";"20:50";"5";"67";"67447";"2";"3";"1";"3";"BISCHWILLER (ROUTE DE)";"48,60989200";"7,75060400"
"202400035253";"18";"01";"2024";"16:35";"1";"66";"66065";"2";"6";"1";"3";"N/A";"42,60329300";"2,97920500"
"202400035254";"6";"04";"2024";"06:12";"3";"59";"59459";"1";"1";"1";"2";"AUTOROUTE A23";"50,37822000";"3,46990000"
"202400035255";"4";"02";"2024";"23:25";"5";"44";"44109";"2";"9";"8";"6";"10bis Boulevard de Stalingrad";"47,21907983";" -1,53570279"
"202400035256";"29";"02";"2024";"07:30";"5";"62";"62498";"2";"2";"2";"3";"Route de Béthune";"50,44318000";"2,80303000"
"202400035257";"17";"01";"2024";"23:50";"3";"13";"13024";"1";"1";"2";"1";"D23";"43,72838761";"5,22472823"
"202400035258";"17";"01";"2024";"20:20";"5";"54";"54090";"2";"1";"9";"6";"17 Rue Raymond Poincaré";"48,75007500";"6,16180500"
"202400035259";"8";"04";"2024";"17:50";"1";"91";"91216";"1";"1";"1";"4";"AUTOROUTE A6";"48,68213000";"2,32999000"
"202400035260";"18";"01";"2024";"06:30";"3";"42";"42304";"1";"1";"1";"6";"Route de Montbrison";"45,54813800";"4,16888200"
"202400035261";"19";"02";"2024";"13:25";"1";"61";"61006";"1";"2";"1";"3";"D958";"48,70247300";" -0,00071300"
"202400035262";"11";"05";"2024";"19:35";"1";"59";"59230";"2";"2";"1";"3";"CLEMENCEAU (AVENUE)";"50,26014000";"4,00969000"
"202400035263";"7";"04";"2024";"21:45";"3";"91";"91589";"1";"9";"2";"2";"AUTOROUTE A6";"48,67758100";"2,33789300"
"202400035264";"18";"01";"2024";"07:30";"4";"69";"69243";"2";"3";"2";"3";"Boulevard de la Turdine";"45,88598300";"4,46260000"
"202400035265";"6";"03";"2024";"12:00";"1";"77";"77258";"1";"1";"1";"6";"A4.Y";"48,83170164";"2,64572401"
"202400035266";"29";"02";"2024";"22:00";"5";"59";"59599";"2";"3";"1";"3";"Rue de Paris";"50,72145000";"3,14385000"
"202400035267";"12";"01";"2024";"15:50";"1";"81";"81198";"1";"1";"8";"1";"D84";"43,84288500";"2,06547300"
"202400035268";"19";"02";"2024";"07:50";"2";"77";"77058";"1";"1";"1";"2";"MARIE CURIE  (AVENUE)";"48,83765000";"2,74604000"
"202400035269";"18";"02";"2024";"15:00";"1";"77";"77449";"1";"1";"2";"6";"AV PAUL SERAMY";"48,85953000";"2,79451000"
"202400035270";"29";"02";"2024";"19:45";"5";"59";"59512";"2";"1";"2";"6";"Boulevard de Strasbourg";"50,69713000";"3,18632000"
"202400035271";"17";"01";"2024";"17:10";"2";"64";"64430";"2";"2";"1";"3";"Avenue Adrien Planté";"43,48279200";" -0,75625400"
"202400035272";"6";"04";"2024";"20:50";"5";"95";"95598";"2";"1";"1";"2";"D928";"48,99046502";"2,29049918"
"202400035273";"18";"02";"2024";"03:55";"5";"13";"13028";"2";"1";"1";"6";"Rond-Point Rovarch/Saint Jean";"43,19250000";"5,61354000"
"202400035274";"12";"01";"2024";"21:24";"3";"57";"57303";"1";"1";"1";"2";"Autoroute A31";"49,21643371";"6,17445201"
"202400035275";"29";"02";"2024";"19:10";"5";"59";"59350";"2";"1";"1";"3";"Rue du Faubourg de Roubaix";"50,64234000";"3,09110000"
"202400035276";"14";"05";"2024";"17:00";"1";"974";"97411";"2";"1";"1";"7";"BOIS DE NEFLES (ROUTE DE)";" -20,89292000";"55,47905000"
"202400035277";"16";"01";"2024";"14:30";"1";"33";"33249";"1";"1";"2";"6";"N/A";"44,88493100";" -0,51103500"
"202400035278";"7";"04";"2024";"07:30";"1";"91";"91479";"2";"1";"1";"4";"RTE DE FONTAINEBLEAU";"48,71318000";"2,37107000"
"202400035279";"13";"05";"2024";"16:50";"1";"974";"97411";"2";"1";"1";"6";"NONGE (AVENUE EUDOXIE)";" -20,89825000";"55,49511000"
"202400035280";"17";"01";"2024";"20:20";"3";"94";"94034";"1";"1";"2";"2";"A86";"48,76101392";"2,31812717"
"202400035281";"29";"02";"2024";"10:10";"1";"54";"54261";"2";"3";"1";"3";"Avenue de la Concorde";"49,52345000";"5,79645000"
"202400035282";"6";"04";"2024";"23:21";"3";"90";"90039";"1";"3";"1";"7";"DE GAULLE (RUE DU GENERAL)";"47,64066500";"6,79852600"
"202400035283";"17";"01";"2024";"09:35";"1";"91";"91659";"1";"1";"3";"2";"AUTOROUTE A6";"48,58104800";"2,45969600"
"202400035284";"7";"04";"2024";"05:05";"5";"973";"97302";"2";"1";"1";"7";"CABASSOU (ROUTE DE)";"4,92039269";" -52,32080385"
"202400035285";"6";"04";"2024";"18:00";"1";"84";"84007";"1";"1";"1";"6";"CHARLES DE GAULLE";"43,94547000";"4,83762000"
"202400035286";"17";"01";"2024";"06:28";"3";"77";"77296";"1";"1";"3";"6";"AUTOROUTE A5A";"48,60855550";"2,57924900"
"202400035287";"28";"02";"2024";"13:10";"1";"50";"50129";"2";"2";"2";"3";"LEMONNIER (AVENUE AMIRAL)";"49,63440000";" -1,60242000"
"202400035288";"15";"05";"2024";"11:30";"1";"69";"69387";"2";"1";"2";"3";"Avenue Jean Jaurès";"45,73466000";"4,83564000"
"202400035289";"17";"01";"2024";"11:40";"1";"93";"93066";"1";"1";"3";"2";"A1";"48,91224048";"2,35809527"
"202400035290";"7";"04";"2024";"11:51";"1";"74";"74012";"2";"2";"1";"6";"CHABLAIS (RUE DU)";"46,19513400";"6,23598000"
"202400035291";"14";"05";"2024";"03:20";"5";"971";"97113";"1";"1";"1";"3";"RN4 - SECTION RIVIERA";"16,21873356";" -61,50191545"
"202400035292";"17";"01";"2024";"04:40";"3";"95";"95151";"1";"1";"4";"6";"N104";"49,06312590";"2,27295991"
"202400035293";"27";"02";"2024";"13:15";"1";"50";"50129";"2";"1";"1";"2";"CD 901";"49,65097000";" -1,71444000"
"202400035294";"7";"04";"2024";"17:55";"1";"71";"71306";"2";"1";"1";"6";"MARCEL SEMBAT (RUE)";"46,66470486";"4,35887732"
"202400035295";"11";"05";"2024";"23:45";"5";"971";"97113";"2";"1";"1";"6";"BAS DU FORT";"16,21582000";" -61,51965000"
"202400035296";"17";"01";"2024";"04:40";"3";"95";"95151";"1";"1";"4";"6";"N104";"49,06296966";"2,27421552"
"202400035297";"29";"02";"2024";"20:15";"5";"49";"49328";"2";"9";"1";"6";"GAMBETTA (RUE)";"47,25979731";" -0,08215338"
"202400035298";"17";"01";"2024";"04:20";"3";"95";"95678";"1";"1";"2";"6";"N104";"49,07207000";"2,24337000"
"202400035299";"7";"04";"2024";"20:08";"2";"69";"69256";"2";"1";"6";"6";"52 Rue de la République ";"45,78632000";"4,92515000"
"202400035300";"12";"05";"2024";"06:40";"1";"971";"97113";"1";"1";"1";"6";"RN4-ROND POINT SAINT FELIX";"16,20791975";" -61,45282030"
"202400035301";"28";"02";"2024";"17:20";"1";"49";"49007";"2";"1";"8";"3";"BOURGONNIER";"47,46257000";" -0,54041000"
"202400035302";"16";"01";"2024";"08:10";"1";"976";"97611";"2";"9";"1";"3";"kaweni-Poste ( rue de la )";" -12,77256000";"45,22313000"
"202400035303";"6";"04";"2024";"18:00";"1";"69";"69115";"2";"1";"1";"3";"Rue de la Maladière";"45,97847943";"4,71274837"
"202400035304";"15";"05";"2024";"11:00";"1";101;101004";"2";"1";"1";"6";"#bd stephanopoli de comene#";"41,90733000";"8,70585000"