"Num_Acc";"jour";"mois";"an";"hrmn";"lum";"dep";"com";"agg";"int";"atm";"col";"adr";"lat";"long"
"202400035305";"19";"02";"2024";"11:35";"1";"45";"45338";"2";"1";"8";"6";"Rue Jean Jaurès";"47,99713339";"2,71409503"
"202400035306";"7";"04";"2024";"05:45";"5";"69";"69290";"2";"1";"6";"6";"Rue Jean-Jacques Rousseau";"45,70066000";"4,94490000"
"202400035307";"16";"01";"2024";"15:54";"1";"973";"97302";"2";"1";"1";"3";"BADUEL (ROUTE DE)";"4,93202000";" -52,30753000"
"202400035308";"29";"02";"2024";"12:45";"1";"43";"43157";"2";"1";"1";"7";"Rue Salvador Allende";"45,01976000";"3,88215000"
"202400035309";"15";"05";"2024";"16:20";"1";"95";"95268";"2";"2";"1";"3";"D125";"48,97664531";"2,39207538"
"202400035310";"16";"01";"2024";"13:20";"1";"973";"97302";"2";"1";"1";"3";"RABAN (ROUTE DE)";"4,93031852";" -52,31340230"
"202400035311";"29";"02";"2024";"16:00";"1";"38";"38053";"2";"9";"1";"3";"Boulevard Pré Pommier";"45,61166000";"5,27178000"
"202400035312";"7";"04";"2024";"23:35";"5";"67";"67204";"2";"2";"1";"3";"RIED (AVENUE DU)";"48,62145000";"7,76274000"
"202400035313";"15";"05";"2024";"06:00";"1";"91";"91377";"2";"3";"1";"2";" SAULE TRAPU (RUE DU)";"48,72916000";"2,30201000"
"202400035314";"16";"01";"2024";"17:05";"1";"69";"69388";"1";"1";"1";"7";"166 Rue Challemel Lacour";"45,72933926";"4,85267850"
"202400035315";"6";"04";"2024";"11:10";"1";"59";"59043";"2";"1";"7";"6";"NATIONS UNIES (AVENUE DES)";"50,73920000";"2,73398000"
"202400035316";"15";"05";"2024";"03:48";"3";"91";"91692";"1";"1";"1";"6";"CD 35 B";"48,67318000";"2,19172000"
"202400035317";"15";"02";"2024";"15:10";"1";"34";"34108";"2";"9";"1";"2";"RESISTANCE (AVENUE DE LA)";"43,45106000";"3,75820000"
"202400035318";"16";"01";"2024";"14:50";"1";"69";"69383";"2";"3";"1";"1";"Cours Gambetta";"45,75540132";"4,84280399"
"202400035319";"15";"05";"2024";"14:45";"1";"91";"91027";"2";"1";"1";"3";"VC QUAI DE L'INDUSTRIE";"48,70014000";"2,39716000"
"202400035320";"7";"04";"2024";"10:12";"1";"56";"56260";"2";"6";"1";"3";"SAINTE-ANNE (GIRATOIRE DE)";"47,66417000";" -2,78115000"
"202400035321";"15";"05";"2024";"14:00";"1";"84";"84007";"1";"2";"1";"3";"MARSEILLE (Route de )";"43,91059400";"4,88350900"
"202400035322";"28";"02";"2024";"07:50";"1";"24";"24037";"2";"2";"1";"3";"FERDINAND DE LABATTUT (RUE)";"44,84316000";"0,48324000"
"202400035323";"16";"01";"2024";"12:45";"1";"69";"69383";"2";"1";"8";"4";"Pont Lafayette";"45,76353000";"4,84058000"
"202400035324";"15";"05";"2024";"11:35";"1";"84";"84007";"2";"1";"1";"7";"ARROUSAIRE (avenue de l')";"43,93710000";"4,81548000"
"202400035325";"16";"01";"2024";"10:40";"1";"69";"69388";"2";"3";"1";"3";"Boulevard Pinel";"45,72897000";"4,88671000"
"202400035326";"28";"03";"2024";"18:35";"2";"46";"46042";"2";"1";"1";"3";"GAMBETTA (BOULEVARD LEON) N°PAIR";"44,45131000";"1,44001000"
"202400035327";"15";"05";"2024";"12:00";"1";"83";"83062";"2";"1";"8";"3";"DRAGUIGNAN (AVENUE DE)";"43,14378000";"6,03820000"
"202400035328";"15";"01";"2024";"07:15";"1";"972";"97209";"1";"1";"1";"6";"HIBISCUS (RUE DES)";"14,61135000";" -61,07829000"
"202400035329";"29";"02";"2024";"09:45";"1";"21";"21173";"1";"2";"5";"3";"FERRE (CHEMIN) - D20 ROUTE DE LONGVAY";"47,04094000";"4,87652000"
"202400035330";"7";"04";"2024";"21:15";"5";"44";"44109";"2";"1";"2";"6";"53 Rue du Corps de Garde";"47,21334545";" -1,59766796"
"202400035331";"14";"05";"2024";"08:55";"1";"80";"80021";"2";"1";"2";"3";"Boulevard du Jardin des Plantes";"49,90072000";"2,29603000"
"202400035332";"16";"01";"2024";"18:25";"5";"69";"69384";"2";"1";"1";"6";"117 Boulevard de la Croix-Rousse";"45,77398000";"4,82677000"
"202400035333";"7";"04";"2024";"14:00";"1";"44";"44109";"2";"1";"1";"2";"15 Boulevard Président René Coty";"47,20845000";" -1,58668000"
"202400035334";"15";"05";"2024";"15:45";"1";"79";"79329";"2";"3";"3";"6";"N/A";"46,98010700";" -0,21363000"
"202400035335";"16";"01";"2024";"13:53";"1";100;100037";"2";"1";"1";"3";"TOUTES RUES";"42,61020000";"9,43780000"
"202400035336";"29";"02";"2024";"17:20";"1";"15";"15014";"2";"1";"1";"4";"Rue du Président Delzons";"44,93002000";"2,44247000"
"202400035337";"15";"05";"2024";"15:27";"1";"78";"78208";"1";"1";"1";"6";"VILLEDIEU (AVENUE DE LA) 210";"48,77064000";"1,96958000"
"202400035338";"7";"04";"2024";"19:40";"2";"43";"43002";"2";"3";"1";"6";"Avenue de Bonneville";"45,05061718";"3,88231535"
"202400035339";"16";"01";"2024";"07:27";"1";100;100037";"2";"1";"1";"5";"TOUTES RUES";"42,62729000";"9,43735000"
"202400035340";"28";"02";"2024";"18:35";"5";"14";"14366";"2";"3";"1";"6";"12 Boulevard Nicolas Oresme";"49,15300000";"0,22515000"
"202400035341";"7";"04";"2024";"17:00";"1";"43";"43046";"2";"9";"8";"3";"Boulevard de la Petite-Mer";"45,06697861";"3,90218139"
"202400035342";"29";"02";"2024";"13:45";"1";"13";"13043";"2";"1";"1";"2";"N 368 ";"43,40026000";"5,26435000"
"202400035343";"15";"01";"2024";"14:30";"1";"971";"97101";"1";"1";"1";"2";"RN11";"16,26785000";" -61,51200000"
"202400035344";"6";"04";"2024";"17:25";"1";"42";"42302";"1";"1";"1";"6";"Route de Saint-Chamond";"45,48182000";"4,45964000"
"202400035345";"13";"05";"2024";"16:30";"1";"77";"77433";"1";"1";"1";"1";"D 15";"48,75952690";"3,05829039"
"202400035346";"15";"01";"2024";"06:20";"2";"971";"97113";"1";"1";"2";"7";"SECTION GRANDE RAVINE";"16,24756000";" -61,45942000"
"202400035347";"29";"02";"2024";"08:30";"1";"13";"13054";"2";"2";"1";"3";"EDMOND ROSTAND (RUE )";"43,41667000";"5,20976000"
"202400035348";"14";"05";"2024";"13:15";"1";"76";"76351";"2";"1";"1";"6";"AMIRAL MOUCHEZ (BD)";"49,48428000";"0,13158000"
"202400035349";"5";"04";"2024";"18:40";"1";"42";"42218";"2";"1";"1";"6";"Boulevard Alexandre de Fraissinette";"45,41825557";"4,41134761"
"202400035350";"14";"01";"2024";"00:10";"5";"971";"97101";"2";"1";"1";"6";"CHAUVEL";"16,23856707";" -61,52886629"
"202400035351";"29";"02";"2024";"10:00";"1";"13";"13214";"2";"1";"1";"2";"ROLAND DORGELES (BOULEVARD)";"43,34835000";"5,37654000"
"202400035352";"16";"01";"2024";"14:30";"1";"95";"95288";"2";"1";"1";"6";"D193";"48,98436669";"2,34265914"
"202400035353";"15";"05";"2024";"13:30";"1";"76";"76259";"2";"1";"1";"3";"LORRAIN - D150 (AV)";"49,76174000";"0,38093000"
"202400035354";"29";"02";"2024";"15:10";"1";"10";"10081";"1";"1";"1";"6";"ROCADE OUEST (RD 610)";"48,31081000";"4,02192000"
"202400035355";"5";"04";"2024";"00:45";"5";"42";"42218";"2";"2";"1";"3";"Rue Balay";"45,44443000";"4,38646000"
"202400035356";"16";"01";"2024";"16:23";"1";"91";"91645";"2";"1";"1";"6";"CARNOT (AVENUE)";"48,74130500";"2,26633800"
"202400035357";"15";"05";"2024";"22:00";"5";"69";"69259";"2";"2";"2";"3";"Rue Honoré de Balzac";"45,71819000";"4,85929000"
"202400035358";"23";"02";"2024";"18:30";"2";"10";"10333";"2";"9";"3";"6";"Avenue Charles de Refuge";"48,28262000";"4,05312000"
"202400035359";"16";"01";"2024";"08:45";"1";"91";"91692";"2";"1";"1";"5";"NORMANDIE (AVENUE DE)";"48,68748900";"2,16438000"
"202400035360";"7";"04";"2024";"20:00";"2";"42";"42095";"2";"2";"1";"3";"Rue Trémollet";"45,38535000";"4,28468000"
"202400035361";"28";"02";"2024";"17:30";"1";"07";"07281";"2";"1";"1";"3";"MOULIN (RUE JEAN)";"44,95114000";"4,84450000"
"202400035362";"15";"05";"2024";"23:30";"5";"68";"68066";"2";"1";"8";"3";"POINCARE (AVENUE RAYMOND)";"48,07110000";"7,35064000"
"202400035363";"16";"01";"2024";"18:15";"5";"91";"91027";"2";"3";"1";"3";"MORANGIS (AVENUE DE)";"48,70567000";"2,36316000"
"202400035364";"29";"02";"2024";"05:43";"3";"75";"75120";"2";"1";"1";"1";"RUE DES PYRENEES";"48,86151400";"2,40025100"
"202400035365";"15";"05";"2024";"17:35";"1";"67";"67482";"2";"1";"1";"3";"GEORGES WODLI (RUE)";"48,58798000";"7,73775000"
"202400035366";"7";"04";"2024";"13:50";"1";"37";"37261";"2";"2";"1";"3";"MALRAUX (QUAI ANDRE)";"47,39750000";"0,69949000"
"202400035367";"16";"01";"2024";"08:40";"1";"91";"91027";"2";"3";"8";"6";"MARCEL SEMBAT (AVENUE)";"48,70823000";"2,38035000"
"202400035368";"12";"05";"2024";"16:37";"1";"63";"63300";"1";"1";"2";"7";"RD 2009";"45,89647969";"3,13993871"
"202400035369";"29";"02";"2024";"16:10";"1";"75";"75105";"2";"2";"2";"6";"BOULEVARD SAINT GERMAIN";"48,84946400";"2,35446600"
"202400035370";"6";"04";"2024";"16:50";"1";"37";"37261";"2";"1";"1";"3";"TRANCHEE (AVENUE DE LA)";"47,40247000";"0,68384000"
"202400035371";"16";"01";"2024";"08:38";"1";"91";"91589";"2";"1";"1";"6";"ARISTIDE BRIAND (BOULEVARD)";"48,67790400";"2,33959700"
"202400035372";"29";"02";"2024";"18:55";"5";"75";"75120";"2";"7";"1";"3";"PLACE DE LA PORTE DE MONTREUIL";"48,85370000";"2,41317500"
"202400035373";"10";"05";"2024";"17:04";"1";"57";"57221";"2";"1";"1";"3";"GRAND'RUE";"49,32737000";"6,12244000"
"202400035374";"16";"01";"2024";"07:30";"5";"91";"91521";"2";"2";"8";"6";"COPERNIC (RUE)";"48,65001400";"2,40091600"
"202400035375";"7";"04";"2024";"16:10";"1";"35";"35238";"2";"3";"1";"3";"VITRE (BLD DE)";"48,11573000";" -1,64838000"
"202400035376";"14";"05";"2024";"18:25";"1";"56";"56098";"1";"1";"1";"4";"Belann";"47,76700800";" -3,31099300"
"202400035377";"14";"01";"2024";"00:42";"5";"84";"84007";"2";"1";"1";"6";"MALPEIGNE (Chemin de)";"43,94818000";"4,83587000"
"202400035378";"28";"02";"2024";"16:50";"1";"75";"75120";"2";"3";"1";"6";"AVENUE GAMBETTA";"48,86717300";"2,40042000"
"202400035379";"7";"04";"2024";"00:45";"3";"34";"34003";"1";"1";"1";"2";"SETE ( ROUTE)";"43,30794900";"3,50888900"
"202400035380";"16";"01";"2024";"20:00";"5";"83";"83069";"2";"2";"1";"3";"AVENUE RITONDALE LEOPOLD";"43,11341000";"6,12974000"
"202400035381";"15";"05";"2024";"22:40";"5";"51";"51454";"2";"2";"2";"3";"CLOVIS (RUE)";"49,25151900";"4,02778300"
"202400035382";"29";"02";"2024";"13:10";"1";"75";"75118";"2";"4";"2";"3";"AVENUE DE SAINT OUEN";"48,89129100";"2,32694800"
"202400035383";"7";"04";"2024";"14:00";"1";"33";"33063";"2";"1";"1";"6";"N/A";"44,85436000";" -0,60605000"
"202400035384";"15";"05";"2024";"20:45";"1";"51";"51454";"2";"1";"1";"2";"LAON (AVENUE) DU N° 219 AU 341 ET N° 248";"49,27274600";"4,01987100"
"202400035385";"2";"01";"2024";"10:10";"1";"83";"83069";"2";"1";"1";"7";"ALMANARRE (ROUTE DE L')";"43,10234435";"6,12943339"
"202400035386";"28";"02";"2024";"22:15";"5";"75";"75116";"2";"6";"1";"3";"PLACE D IENA";"48,86474082";"2,29357535"
"202400035387";"7";"04";"2024";"02:40";"5";"33";"33063";"2";"1";"1";"6";"N/A";"44,82777400";" -0,57246500"
"202400035388";"14";"05";"2024";"14:05";"1";"49";"49007";"1";"1";"1";"3";"BEDIER BOULEVARD";"47,45309000";" -0,53878000"
"202400035389";"29";"02";"2024";"18:20";"2";"75";"75113";"2";"1";"2";"6";"RUE DE TOLBIAC";"48,82970400";"2,37515400"
"202400035390";"17";"01";"2024";"00:40";"4";"82";"82033";"2";"2";"1";"3";"MARECHAL LECLERC (AVENUE DU) ";"44,04474600";"1,10406300"
"202400035391";"15";"01";"2024";"21:10";"5";"80";"80021";"2";"9";"1";"6";"Place René Goblet";"49,89148000";"2,30286000"
"202400035392";"29";"02";"2024";"14:00";"1";"75";"75110";"2";"3";"2";"6";"RUE DU FAUBOURG SAINT DENIS";"48,87930300";"2,35706300"
"202400035393";"6";"04";"2024";"16:50";"1";"33";"33063";"2";"9";"1";"3";"N/A";"44,84680000";" -0,57107000"
"202400035394";"15";"05";"2024";"07:46";"1";"45";"45234";"2";"2";"1";"3";"HALLES (RUE DES HALLES)";"47,89854800";"1,90717200"
"202400035395";"15";"05";"2024";"09:40";"1";"43";"43002";"2";"1";"1";"6";"38 Route de Roderie";"45,05076000";"3,89383000"
"202400035396";"15";"01";"2024";"20:55";"5";"78";"78418";"2";"1";"1";"3";"GABRIEL PERI (AVENUE)";"48,92039000";"2,13044000"
"202400035397";"29";"02";"2024";"12:15";"1";"75";"75110";"2";"2";"2";"3";"BOULEVARD DE STRASBOURG";"48,87560000";"2,35737000"
"202400035398";"7";"04";"2024";"12:40";"1";"31";"31555";"1";"1";"1";"2";"D980";"43,59841000";"1,36423000"
"202400035399";"16";"01";"2024";"06:50";"5";"78";"78350";"2";"1";"1";"6";"CONTI (QUAI)";"48,87445000";"2,11921000"
"202400035400";"13";"05";"2024";"19:30";"1";"42";"42218";"2";"1";"2";"2";"Rue Bernard Palissy";"45,43809973";"4,40576054"
"202400035401";"29";"02";"2024";"03:35";"5";"75";"75107";"2";"3";"1";"6";"QUAI BRANLY";"48,85898600";"2,29343300"
"202400035402";"7";"04";"2024";"05:30";"5";"31";"31555";"2";"9";"6";"2";"RUE DU POLE";"43,64592000";"1,41906000"
"202400035403";"14";"05";"2024";"23:35";"3";"42";"42127";"2";"6";"2";"2";"Rue Alfred de Musset";"46,06263000";"4,05781000"
"202400035404";"28";"02";"2024";"20:30";"5";"94";"94079";"2";"3";"1";"2";"Rue du Général de Gaulle / Rue des Courts Sillons";"48,82729200";"2,54592100"
"202400035405";"16";"01";"2024";"18:20";"2";"77";"77083";"2";"1";"8";"6";"CHAMPY-NESLE (BOULEVARD DU)";"48,84885000";"2,58112000"
"202400035406";"7";"04";"2024";"15:10";"1";"30";"30243";"2";"1";"1";"1";"MONTEE DES CYPRES";"44,09147000";"4,07884000"
"202400035407";"29";"02";"2024";"21:30";"5";"94";"94017";"2";"3";"8";"2";"Rue Louis Talamoni / Rue a Trait";"48,81272000";"2,51446000"
"202400035408";"15";"05";"2024";"12:18";"1";"35";"35278";"1";"1";"3";"2";"PORTE DE MAUREPAS";"48,14197000";" -1,66383000"
"202400035409";"16";"01";"2024";"12:45";"1";"77";"77243";"2";"1";"1";"3";"BRANLY (RUE)";"48,87470000";"2,68593000"
"202400035410";"29";"02";"2024";"23:00";"4";"94";"94075";"2";"3";"3";"3";"Av du Mal de Lattre de Tassigny / Route de la Grange";"48,73431000";"2,52022000"
"202400035411";"7";"04";"2024";"14:20";"1";"25";"25547";"2";"1";"1";"1";"PONTARLIER (RUE DE)";"47,51340000";"6,83544000"
"202400035412";"29";"02";"2024";"19:49";"5";"94";"94075";"2";"1";"8";"6";"Rue du Lieutenant Dagorno";"48,72232607";"2,53351969"
"202400035413";"15";"05";"2024";"10:15";"1";"34";"34301";"2";"1";"1";"2";"VERDUN (BOULEVARD DE)";"43,40905000";"3,69418000"
"202400035414";"16";"01";"2024";"08:00";"1";"77";"77243";"2";"1";"1";"6";"ORME BOSSU (RUE DE  L' )";"48,86508000";"2,71285000"
"202400035415";"7";"04";"2024";"04:30";"3";"22";"22187";"1";"1";"1";"6";"D 6";"48,54253000";" -2,78346000"
"202400035416";"16";"01";"2024";"09:20";"1";"76";"76351";"2";"4";"1";"6";"SOCRATE";"49,51302000";"0,16226000"
"202400035417";"29";"02";"2024";"09:05";"1";"94";"94004";"2";"3";"2";"1";"Allée des F.F.i. / N19";"48,75509182";"2,50682352"
"202400035418";"15";"05";"2024";"09:00";"1";"34";"34198";"2";"3";"1";"3";"CENTRE COMMERCIAL AUCHAN";"43,57435000";"3,93609000"
"202400035419";"6";"04";"2024";"15:45";"1";"14";"14333";"2";"1";"1";"6";"52 Rue de la République";"49,41764000";"0,23113000"
"202400035420";"29";"02";"2024";"15:00";"1";"93";"93073";"2";"1";"2";"1";"Avenue du Bois de la Pie";"48,97980549";"2,50919868"
"202400035421";"15";"05";"2024";"09:00";"1";"34";"34172";"2";"1";"1";"3";"THOR (RUE DE)";"43,61731000";"3,91535000"
"202400035422";"28";"02";"2024";"22:50";"5";"93";"93066";"2";"2";"1";"1";"Rue Danielle Casanova / Cours du Rû de Montfort";"48,92657000";"2,36610000"
"202400035423";"16";"01";"2024";"20:20";"5";"76";"76576";"2";"4";"1";"6";"CITE RADIEUSE";"49,56273690";"0,45321018"
"202400035424";"15";"01";"2024";"18:15";"5";"72";"72181";"2";"1";"1";"3";"HEUZE OLIVIER AV N° PAIRS 2 A 198";"47,99000000";"0,17000000"
"202400035425";"7";"04";"2024";"17:00";"1";"13";"13214";"2";"1";"1";"3";"ARNAVON (AVENUE)";"43,33015000";"5,38611000"
"202400035426";"28";"02";"2024";"11:30";"1";"93";"93053";"2";"1";"1";"3";"Rue Paul Vaillant Couturier";"48,89150000";"2,44673000"
"202400035427";"15";"05";"2024";"13:40";"1";"33";"33200";"2";"6";"8";"4";"N/A";"44,86830000";" -0,66335000"
"202400035428";"15";"01";"2024";"18:25";"5";"69";"69029";"2";"1";"2";"3";"Route de Genas";"45,74846597";"4,91694169"
"202400035429";"7";"04";"2024";"16:55";"1";"13";"13215";"2";"1";"1";"3";"CAP JANET (CHEMIN)";"43,33934382";"5,34928856"
"202400035430";"29";"02";"2024";"08:40";"1";"93";"93051";"2";"2";"2";"6";"PIERRE BROSSOLETTE";"48,84700000";"2,54064000"
"202400035431";"14";"05";"2024";"17:40";"1";"33";"33075";"2";"1";"1";"3";"N/A";"44,88011800";" -0,58432000"
"202400035432";"7";"04";"2024";"04:30";"3";"13";"13206";"2";"1";"1";"1";"SAINT PIERRE (RUE)";"43,29157000";"5,41039000"
"202400035433";"15";"01";"2024";"12:40";"1";"69";"69290";"2";"2";"2";"1";"Avenue de la Gare";"45,69025000";"4,93721000"
"202400035434";"15";"05";"2024";"18:45";"1";"28";"28134";"2";"1";"1";"6";"BICHE (RUE DE LA)";"48,72685000";"1,37566000"
"202400035435";"7";"04";"2024";"03:30";"5";"13";"13205";"2";"7";"1";"1";"JEAN JAURES (PLACE)";"43,29439000";"5,38690000"
"202400035436";"16";"01";"2024";"07:50";"1";"69";"69091";"2";"1";"8";"6";"Rue Romain Rolland";"45,60276000";"4,76575000"
"202400035437";"29";"02";"2024";"19:30";"5";"93";"93005";"2";"2";"1";"6";"Rue Eugène Delacroix / Rue Paul Cézanne";"48,95283000";"2,49879000"
"202400035438";"6";"04";"2024";"15:50";"1";"13";"13215";"2";"1";"1";"1";"SAINT ANTOINE (AVENUE DE)";"43,37552411";"5,35593141"
"202400035439";"15";"01";"2024";"13:45";"1";"67";"67482";"2";"1";"4";"6";"REUSS (ALLEE)";"48,54480000";"7,77034000"
"202400035440";"29";"02";"2024";"12:00";"1";"92";"92062";"2";"1";"2";"2";"DE DION BOUTON (QUAI) DU 1 AU 28";"48,87687466";"2,24056649"
"202400035441";"15";"05";"2024";"08:43";"1";"27";"27229";"2";"3";"1";"6";"BOTTOLIER (RUE)";"49,01446000";"1,15746000"
"202400035442";"6";"04";"2024";"16:30";"1";"13";"13028";"2";"1";"1";"3";"ROUMANILLE (AVENUE JOSEPH)";"43,20072488";"5,62313188"
"202400035443";"13";"01";"2024";"21:15";"5";"66";"66136";"2";"2";"1";"1";"Avenue Maréchal JUIN";"42,68718000";"2,90184000"
"202400035444";"17";"01";"2024";"00:45";"5";"64";"64129";"2";"6";"1";"7";"N/A";"43,30500000";" -0,40100000"
"202400035445";"15";"05";"2024";"17:40";"1";"25";"25056";"2";"9";"2";"3";"CHAR  RUE RENE";"47,21860000";"5,95306000"
"202400035446";"29";"02";"2024";"18:39";"5";"92";"92020";"2";"3";"2";"3";"VANVES BOULEVARD N° IMPAIRS";"48,80994638";"2,28255880"
"202400035447";"5";"04";"2024";"17:40";"1";"13";"13005";"2";"1";"1";"2";"RN 8";"43,28314000";"5,53334000"
"202400035448";"23";"02";"2024";"20:41";"5";"92";"92026";"2";"1";"1";"7";"VERDUN (DE 01 A 61)";"48,90073528";"2,26056916"
"202400035449";"10";"01";"2024";"18:45";"5";"64";"64445";"2";"3";"1";"3";"DUFAU";"43,30537857";" -0,36797360"
"202400035450";"16";"01";"2024";"14:45";"1";"64";"64445";"2";"2";"1";"3";"RAYMOND DE CARBONNIERES";"43,30300000";" -0,35207000"
"202400035451";"15";"05";"2024";"15:55";"1";"14";"14333";"2";"6";"1";"3";"Rue des Vases";"49,41808000";"0,23996000"
"202400035452";"16";"01";"2024";"13:50";"1";"64";"64269";"1";"6";"1";"3";"BEARN DU";"43,30176000";" -0,30814000"
"202400035453";"5";"04";"2024";"14:25";"1";"11";"11069";"2";"2";"1";"3";"88 Avenue Bunau Varilla";"43,20791000";"2,33684000"
"202400035454";"29";"02";"2024";"19:05";"5";"92";"92007";"2";"1";"2";"3";"RAVERA (AVENUE HENRI) N° 1 A 109 ET 2 A";"48,79837541";"2,30393904"
"202400035455";"14";"05";"2024";"18:50";"1";"14";"14301";"2";"1";"8";"6";"28 Rue du Centre";"49,17964000";" -0,28209000"
"202400035456";"15";"05";"2024";"13:10";"1";"13";"13208";"2";"1";"1";"3";"PRADO (contre allée)";"43,27069747";"5,38814365"
"202400035457";"7";"04";"2024";"17:20";"1";"06";"06029";"2";"1";"1";"1";"Avenue de Grasse";"43,56654580";"7,00472800"
"202400035458";"15";"01";"2024";"17:38";"5";"63";"63113";"2";"5";"2";"3";"ELISABETH (AVENUE ALBERT) / Rue Maringue";"45,77943000";"3,09410000"
"202400035459";"29";"02";"2024";"07:20";"5";"91";"91689";"2";"3";"2";"6";"LEON JOUHAUX (AVENUE)";"48,73359800";"2,31550900"
"202400035460";"15";"05";"2024";"11:30";"1";"13";"13047";"2";"1";"1";"3";"BELLONS CHEMIN DES";"43,53208000";"4,95434000"