"Num_Acc";"jour";"mois";"an";"hrmn";"lum";"dep";"com";"agg";"int";"atm";"col";"adr";"lat";"long"
"202400035461";"16";"01";"2024";"07:30";"1";"62";"62291";"1";"1";"1";"7";"D58";"50,41717491";"2,80771729"
"202400035462";"28";"02";"2024";"11:40";"1";"92";"92014";"2";"9";"1";"2";"GENERAL LECLERC (AV.) (57 A 135 - 50 A 1";"48,78339347";"2,31696168"
"202400035463";"4";"05";"2024";"09:40";"1";"06";"06104";"1";"1";"1";"1";"815 Promenade 1ere Dfl";"43,76760000";"7,45571000"
"202400035464";"15";"01";"2024";"07:50";"5";"62";"62037";"2";"1";"1";"1";"D341";"50,31743000";"2,73896000"
"202400035465";"7";"04";"2024";"12:30";"1";"75";"75116";"2";"1";"1";"4";"BD PERIPHERIQUE EXTERIEUR";"48,86423900";"2,26664100"
"202400035466";"15";"01";"2024";"17:50";"5";"59";"59512";"2";"9";"1";"6";"DE GAULLE  (BOULEVARD DU GENERAL)";"50,68803000";"3,17477000"
"202400035467";"1";"03";"2024";"06:44";"2";"976";"97610";"2";"1";"2";"1";"Rue Digole - Koropa";" -12,74632900";"45,22182900"
"202400035468";"5";"04";"2024";"17:06";"1";"75";"75110";"2";"1";"1";"1";"RUE BEAUREPAIRE";"48,87086800";"2,36406600"
"202400035469";"12";"05";"2024";"11:14";"1";"03";"03023";"1";"1";"1";"3";"Route de Charmeil";"46,14318000";"3,39652000"
"202400035470";"29";"02";"2024";"16:46";"1";"38";"38353";"2";"1";"1";"1";"Chemin des acacias";"45,41714100";"4,75767000"
"202400035471";"16";"01";"2024";"19:30";"5";"59";"59009";"2";"2";"9";"3";"Rue des Fusilles";"50,61895517";"3,14222287"
"202400035472";"5";"04";"2024";"15:46";"1";"75";"75116";"2";"2";"1";"3";"ALLEE DE LONGCHAMP";"48,86761900";"2,25096300"
"202400035473";"1";"03";"2024";"02:00";"3";"95";"95436";"1";"1";"9";"6";"D922";"49,13350140";"2,26535863"
"202400035474";"15";"01";"2024";"20:26";"5";"56";"56083";"2";"1";"1";"1";"POMPIDOU ( AVENUE GEORGES )";"47,80146100";" -3,26345000"
"202400035475";"15";"05";"2024";"13:20";"1";"01";"01053";"2";"2";"2";"3";"HUCHET ( BOULEVARD EMILE)";"46,19538000";"5,22532000"
"202400035476";"7";"04";"2024";"08:24";"1";"75";"75120";"2";"2";"1";"3";"RUE DES PYRENEES";"48,85915500";"2,40216500"
"202400035477";"15";"05";"2024";"07:20";"1";"75";"75112";"2";"1";"1";"3";"BD PERIPHERIQUE EXTERIEUR";"48,82807400";"2,39629800"
"202400035478";"1";"03";"2024";"09:30";"1";"31";"31044";"2";"1";"1";"5";"91 Route de Mons";"43,60854600";"1,51066800"
"202400035479";"16";"01";"2024";"19:23";"3";"54";"54270";"1";"1";"1";"1";"D26";"49,48774800";"5,88163600"
"202400035480";"6";"04";"2024";"16:20";"1";"75";"75120";"2";"2";"1";"6";"RUE MENDELSSOHN";"48,85467500";"2,41206200"
"202400035481";"14";"05";"2024";"02:00";"5";"75";"75116";"2";"2";"1";"2";"AVENUE FOCH";"48,87272000";"2,28456700"
"202400035482";"19";"02";"2024";"13:20";"1";"51";"51136";"2";"4";"1";"3";"Rue de l?Hotel de Ville";"49,10079100";"3,75812900"
"202400035483";"16";"01";"2024";"09:50";"1";"51";"51454";"2";"2";"1";"3";"JAURES (AVENUE JEAN) DU N° 74 A FIN (PAI";"49,26163000";"4,05102000"
"202400035484";"7";"04";"2024";"08:10";"1";"75";"75119";"2";"3";"1";"3";"QUAI DE LA GIRONDE";"48,89366400";"2,38489800"
"202400035485";"29";"02";"2024";"17:30";"2";"23";"23001";"1";"1";"2";"7";"Rue du Docteur Maumy";"46,08085200";"2,03880100"
"202400035486";"16";"01";"2024";"10:20";"1";"51";"51454";"2";"2";"1";"2";"HUGO (BOULEVARD VICTOR)";"49,24825500";"4,04342100"
"202400035487";"15";"05";"2024";"09:50";"1";"75";"75117";"2";"7";"1";"3";"BOULEVARD DES BATIGNOLLES";"48,88352800";"2,32688900"
"202400035488";"7";"04";"2024";"14:50";"1";"75";"75117";"2";"3";"1";"3";"AVENUE MAC MAHON";"48,87526100";"2,29479000"
"202400035489";"1";"03";"2024";"05:30";"3";"23";"23068";"1";"1";"1";"6";"La Coussediere";"46,13172147";"2,07645893"
"202400035490";"29";"02";"2024";"20:05";"4";"28";"28162";"2";"1";"3";"6";"Rue de la Mairie";"48,30261900";"1,47411700"
"202400035491";"15";"01";"2024";"11:00";"1";"51";"51454";"2";"1";"1";"4";"CHEZEL (RUE CLOVIS)";"49,24069000";"4,03378000"
"202400035492";"15";"05";"2024";"15:30";"1";"75";"75111";"2";"2";"1";"6";"AVENUE LEDRU ROLLIN";"48,85556440";"2,37868000"
"202400035493";"7";"04";"2024";"01:00";"5";"75";"75117";"2";"2";"1";"6";"AVENUE DE WAGRAM";"48,88155200";"2,30068300"
"202400035494";"15";"01";"2024";"21:50";"5";"50";"50129";"2";"3";"1";"3";"COUBERTIN (RUE PIERRE DE)";"49,64211000";" -1,63636000"
"202400035495";"29";"02";"2024";"12:07";"1";"29";"29078";"1";"1";"3";"2";"N165";"48,30679301";" -4,19243462"
"202400035496";"15";"05";"2024";"19:50";"1";"75";"75102";"2";"7";"2";"3";"PLACE DE L OPERA";"48,87003200";"2,33256600"
"202400035497";"20";"07";"2024";"14:50";"1";"56";"56260";"2";"6";"1";"3";"Avenue de Tohannic";"47,65348000";" -2,74119000"
"202400035498";"7";"04";"2024";"20:20";"5";"75";"75106";"2";"3";"2";"1";"BOULEVARD DU MONTPARNASSE";"48,84418500";"2,32288900"
"202400035499";"13";"01";"2024";"07:45";"5";"50";"50129";"2";"3";"1";"3";"HUGO (RUE VICTOR)";"49,64563000";" -1,64622000"
"202400035500";"29";"02";"2024";"14:25";"1";"65";"65084";"1";"9";"7";"3";"RD08";"43,15895600";"0,10499200"
"202400035501";"12";"05";"2024";"21:05";"1";"94";"94052";"2";"2";"1";"3";"Avenue Georges Clémenceau / Avenue de la Belle Gabrielle";"48,83638689";"2,46998030"
"202400035502";"29";"02";"2024";"14:50";"1";"11";"11110";"1";"1";"1";"7";"28 Route de Durban";"43,04126900";"2,74612100"
"202400035503";"21";"07";"2024";"16:00";"1";"54";"54261";"2";"1";"1";"3";"Rue de Paris";"49,51881400";"5,78458800"
"202400035504";"7";"04";"2024";"18:30";"1";"75";"75115";"2";"2";"1";"7";"RUE DE VAUGIRARD";"48,84040900";"2,30426100"
"202400035505";"15";"01";"2024";"18:33";"5";"49";"49007";"2";"1";"1";"2";"BARANGE BOULEVARD";"47,45558000";" -0,56988000"
"202400035506";"29";"02";"2024";"09:05";"1";"71";"71137";"2";"1";"1";"6";"27 Rue Porte des Prés";"46,43963500";"4,65958700"
"202400035507";"15";"01";"2024";"12:10";"1";"49";"49353";"2";"1";"1";"6";"avenue pierre mendès france";"47,45000000";" -0,50400000"
"202400035508";"15";"05";"2024";"21:20";"5";"93";"93071";"2";"1";"2";"3";"Rue d'Aulnay";"48,94000100";"2,51905800"
"202400035509";"16";"07";"2024";"09:05";"1";"49";"49099";"2";"3";"1";"2";"CARNOT (RUE SADI)";"47,06159000";" -0,86965000"
"202400035510";"28";"02";"2024";"12:00";"1";"61";"61196";"1";"3";"1";"7";"D955";"48,37560600";"0,53432000"
"202400035511";"6";"04";"2024";"20:50";"5";"75";"75112";"2";"1";"1";"6";"AVENUE DE SAINT MAURICE";"48,82978400";"2,42028800"
"202400035512";"16";"01";"2024";"12:30";"1";"47";"47201";"2";"3";"8";"3";"PYRENEES (AVENUE DES)";"44,17549000";"0,60666000"
"202400035513";"1";"03";"2024";"08:40";"1";"12";"12120";"1";"1";"2";"1";"D888";"44,38485100";"2,81245700"
"202400035514";"7";"04";"2024";"16:45";"1";"75";"75101";"2";"1";"1";"6";"BOULEVARD DU PALAIS";"48,85522000";"2,34582200"
"202400035515";"14";"05";"2024";"22:00";"5";"93";"93063";"2";"1";"2";"1";"Avenue Gaston Roussel";"48,89357800";"2,43624700"
"202400035516";"20";"07";"2024";"23:40";"5";"45";"45075";"2";"2";"3";"3";"D2152 PR 76 + 1061";"47,89323000";"1,84835400"
"202400035517";"16";"01";"2024";"10:05";"1";"45";"45068";"2";"1";"9";"4";"Rue Nelson Mandela";"48,00924000";"2,72386000"
"202400035518";"7";"04";"2024";"14:00";"1";"75";"75104";"2";"3";"2";"6";"RUE DE RIVOLI";"48,85550400";"2,36009500"
"202400035519";"16";"01";"2024";"10:10";"1";"37";"37261";"2";"1";"1";"3";"BASSEE (RUE DE LA)";"47,42335000";"0,68267000"
"202400035520";"15";"05";"2024";"10:15";"1";"93";"93032";"2";"3";"1";"3";"Rue Aristide Briand / Rue Carnot";"48,87868147";"2,53295481"
"202400035521";"29";"02";"2024";"07:20";"1";"42";"42323";"2";"6";"1";"6";"87 Avenue du 8 Mai 1945";"45,55182000";"4,28096500"
"202400035522";"12";"01";"2024";"20:23";"3";"36";"36063";"1";"6";"1";"6";"N/A";"46,84548000";"1,70900000"
"202400035523";"6";"04";"2024";"10:10";"1";"75";"75101";"2";"3";"1";"7";"RUE DE RIVOLI";"48,86466800";"2,32930200"
"202400035524";"10";"07";"2024";"12:10";"1";"45";"45004";"1";"1";"1";"3";"Avenue d'Antibes";"47,97715000";"2,73226000"
"202400035525";"15";"05";"2024";"12:10";"1";"93";"93027";"2";"1";"1";"2";"Avenue Lénine";"48,91998600";"2,41218900"
"202400035526";"29";"02";"2024";"15:50";"1";"22";"22163";"1";"1";"2";"3";"Kerléran";"48,26261300";" -3,44846200"
"202400035527";"12";"01";"2024";"16:09";"1";"36";"36044";"2";"1";"1";"6";"Boulevard de Cluis";"46,80515000";"1,69824000"
"202400035528";"7";"04";"2024";"18:00";"1";"94";"94081";"2";"3";"1";"6";"Rue Verte / Parking";"48,78226000";"2,38001000"
"202400035529";"1";"03";"2024";"04:35";"3";"25";"25514";"1";"1";"2";"6";"D45";"46,77367200";"6,34000200"
"202400035530";"14";"05";"2024";"21:00";"5";"93";"93057";"2";"5";"1";"3";"Allée du Colonel Fabien / Allée Monthyon";"48,91284500";"2,50672800"
"202400035531";"21";"07";"2024";"16:54";"1";"43";"43157";"2";"3";"1";"3";"Rue des Tanneries";"45,04085000";"3,88723000"
"202400035532";"16";"01";"2024";"16:20";"1";"35";"35238";"1";"1";"8";"3";"RN136";"48,10252598";" -1,71619534"
"202400035533";"23";"02";"2024";"09:27";"1";"44";"44130";"2";"9";"6";"6";"5 Rue du pays de retz";"47,12335400";" -1,58468400"
"202400035534";"16";"01";"2024";"19:05";"5";"34";"34172";"2";"1";"1";"6";"PONT TRINQUAT (AVENUE DU";"43,60077000";"3,88676000"
"202400035535";"21";"07";"2024";"01:56";"3";"38";"38185";"1";"1";"1";"2";"A.480 (AUTOROUTE)";"45,20316000";"5,69329000"
"202400035536";"15";"05";"2024";"12:20";"1";"93";"93007";"2";"2";"7";"3";"Rue des Mascottes / Avenue du Petit Groslay";"48,92015000";"2,47007100"
"202400035537";"7";"04";"2024";"06:30";"2";"94";"94052";"2";"3";"1";"2";"Rue Hoche / Boulevard Albert 1er";"48,83382000";"2,49284000"
"202400035538";"28";"02";"2024";"19:00";"3";"44";"44194";"1";"1";"1";"5";"L'Ebeaupin";"47,27988400";" -1,66505100"
"202400035539";"16";"01";"2024";"07:00";"3";"34";"34172";"2";"1";"2";"6";"GARRATS (AVENUE DES)";"43,61219000";"3,83880000"
"202400035540";"7";"04";"2024";"16:45";"1";"94";"94034";"2";"1";"1";"6";"Allée des Fleurs";"48,75464000";"2,32746000"
"202400035541";"29";"02";"2024";"14:30";"1";"38";"38466";"2";"3";"7";"3";"D1090";"45,36569200";"5,95643000"
"202400035542";"20";"07";"2024";"16:13";"1";"36";"36063";"1";"2";"1";"3";"Avenue de Blois";"46,83478473";"1,67743742"
"202400035543";"15";"01";"2024";"17:20";"2";"34";"34129";"2";"1";"1";"3";"FIGUIERES (AVENUE DE)";"43,58427000";"3,92669000"
"202400035544";"15";"05";"2024";"15:45";"1";"93";"93005";"2";"2";"1";"4";"Rue Jean Charcot / Pont Maillard";"48,93384500";"2,49070600"
"202400035545";"7";"04";"2024";"20:00";"1";"94";"94081";"2";"5";"2";"3";"Avenue Paul Vaillant Couturier / Avenue Henri Barbusse";"48,79304693";"2,39552057"
"202400035546";"15";"01";"2024";"13:55";"1";"34";"34172";"2";"1";"1";"3";"RABELAIS (BOULEVARD)";"43,60124000";"3,88162000"
"202400035547";"20";"07";"2024";"17:40";"1";"34";"34301";"2";"1";"1";"1";"ALGER (QUAI D')";"43,40091000";"3,69983000"
"202400035548";"1";"03";"2024";"12:32";"1";"02";"02174";"1";"1";"1";"2";"N/A";"49,47715900";"3,53364900"
"202400035549";"15";"01";"2024";"11:37";"1";"34";"34172";"2";"1";"1";"6";"VANIERES (AVENUE DE)";"43,59261000";"3,85262000"
"202400035550";"15";"05";"2024";"22:00";"5";"92";"92040";"2";"2";"1";"3";"HOCHE";"48,82444796";"2,27074143"
"202400035551";"7";"04";"2024";"00:40";"3";"94";"94077";"2";"7";"1";"6";"Rue Eugenie le Guillermic / Place de la Gare";"48,73962283";"2,42614650"
"202400035552";"21";"07";"2024";"19:20";"1";"33";"33009";"2";"1";"1";"6";"N/A";"44,65688000";" -1,16737000"
"202400035553";"1";"03";"2024";"03:14";"3";"85";"85109";"1";"1";"1";"1";"rd160";"46,84495000";" -1,07369000"
"202400035554";"16";"01";"2024";"10:39";"1";"31";"31555";"1";"1";"2";"1";"RD916";"43,55678000";"1,49638000"
"202400035555";"11";"05";"2024";"17:40";"1";"92";"92036";"2";"1";"1";"6";"GENERAL DE GAULLE (AVENUE) (PAIRS)";"48,93356817";"2,31088024"
"202400035556";"26";"02";"2024";"12:05";"1";"26";"26146";"1";"2";"1";"3";"Route de Montélimar";"44,41920700";"4,89716100"
"202400035557";"7";"04";"2024";"19:40";"1";"93";"93078";"2";"2";"1";"3";"Boulevard Robert Ballanger / Avenue Jean Fourgeaud";"48,96009464";"2,55283803"
"202400035558";"15";"05";"2024";"14:50";"1";"92";"92032";"2";"1";"1";"7";"VAL CONTENT (RUE DU)";"48,79238808";"2,28293431"
"202400035559";"8";"01";"2024";"13:15";"1";"30";"30189";"2";"1";"1";"7";"Rue Général Delestraint";"43,83915000";"4,35963000"
"202400035560";"21";"07";"2024";"15:45";"1";"31";"31555";"2";"1";"2";"7";"RUE SAINT ANTOINE DU T";"43,60435000";"1,44736000"
"202400035561";"15";"05";"2024";"10:05";"1";"92";"92071";"2";"1";"1";"3";"GENERAL DE GAULLE (PLACE)";"48,77820265";"2,29065631"
"202400035562";"6";"04";"2024";"23:30";"5";"93";"93072";"2";"1";"1";"4";"Avenue de Stalingrad";"48,95753570";"2,39639819"
"202400035563";"16";"01";"2024";"21:30";"5";"30";"30007";"2";"1";"1";"1";"CASSIN (RUE RENE)";"44,10818000";"4,10019000"
"202400035564";"7";"04";"2024";"00:55";"5";"93";"93059";"2";"8";"1";"6";"Avenue Lénine";"48,95419000";"2,35825000"
"202400035565";"29";"02";"2024";"23:20";"5";"90";"90054";"2";"6";"1";"6";"RD 12";"47,72306500";"6,88519800"
"202400035566";"15";"05";"2024";"17:30";"1";"37";"37169";"2";"9";"1";"3";"13 Rue de l'Esperance";"47,60154200";"0,90973600"
"202400035567";"15";"01";"2024";"16:00";"1";"28";"28404";"1";"1";"1";"6";"Route de Chartres";"48,71593000";"1,36796000"
"202400035568";"21";"07";"2024";"02:35";"3";"29";"29232";"1";"1";"2";"3";"RN 165";"48,01317976";" -4,07436592"
"202400035569";"27";"02";"2024";"11:55";"1";"53";"53185";"2";"7";"1";"6";"Rue de la Petite Vitesse";"48,45807100";" -0,20622400"
"202400035570";"6";"04";"2024";"17:05";"1";"93";"93077";"2";"1";"1";"6";"Rue Rousselet";"48,87557000";"2,52343000"
"202400035571";"10";"05";"2024";"18:00";"1";"22";"22209";"2";"6";"1";"3";"Rue du Colonel Pléven";"48,57985100";" -2,14456000"
"202400035572";"16";"01";"2024";"17:55";"5";"27";"27681";"2";"3";"1";"2";"ARDECHE (AVENUE DE L')";"49,08690000";"1,48035000"
"202400035573";"16";"05";"2024";"05:37";"2";"11";"11254";"1";"9";"1";"6";"A61";"43,22515600";"2,15868900"
"202400035574";"7";"04";"2024";"19:26";"1";"92";"92078";"2";"3";"2";"3";"VIEUX CHEMIN DE ST DENIS (AVENUE)";"48,92974694";"2,32602784"
"202400035575";"1";"03";"2024";"09:20";"1";"21";"21574";"1";"1";"1";"1";"D30c";"47,51673500";"5,44296300"
"202400035576";"21";"07";"2024";"15:11";"1";"24";"24037";"1";"1";"1";"5";"COMBAL";"44,82616000";"0,47744000"
"202400035577";"29";"02";"2024";"15:00";"1";"23";"23008";"2";"1";"1";"6";"1 Rue des Déportés";"45,95556900";"2,16735400"
"202400035578";"16";"01";"2024";"07:29";"2";"21";"21355";"2";"4";"1";"3";"INDUSTRIES (DES) (BOULEVARD)";"47,28474100";"5,04596200"
"202400035579";"6";"04";"2024";"08:58";"1";"92";"92073";"2";"2";"1";"3";"SELLIER (BOULEVARD HENRI)";"48,86720453";"2,22141802"
"202400035580";"12";"05";"2024";"16:05";"1";"11";"11148";"1";"4";"1";"3";"D6113";"43,18064600";"2,67937700"
"202400035581";"20";"07";"2024";"00:20";"5";"13";"13077";"2";"9";"1";"6";"SAINT MITRE (route de)";"43,40000000";"4,98000000"
"202400035582";"16";"05";"2024";"00:55";"3";"29";"29181";"1";"1";"1";"6";"pk 052+200";"48,49025138";" -4,22580745"
"202400035583";"29";"02";"2024";"21:30";"5";"69";"69244";"2";"4";"1";"1";"Chemin de la Poterie";"45,75095800";"4,76137200"
"202400035584";"14";"01";"2024";"14:15";"1";"19";"19031";"2";"3";"1";"3";"LAGRANGE (AVENUE LEO)";"45,16008000";"1,54687000"
"202400035585";"7";"04";"2024";"23:09";"5";"92";"92051";"2";"3";"3";"2";"CHARLES DE GAULLE (AVENUE, N° 18 A 116)";"48,88127315";"2,27226752"
"202400035586";"21";"02";"2024";"01:00";"3";"45";"45155";"1";"1";"1";"6";"D940 PR 19 + 950";"47,70539400";"2,64251200"
"202400035587";"20";"07";"2024";"23:45";"5";"13";"13208";"2";"1";"1";"1";"PERIER (BOULEVARD)";"43,27877724";"5,38132510"
"202400035588";"16";"05";"2024";"03:50";"5";"971";"97109";"1";"1";"1";"6";"Avenue du Général de Gaulle Route Nationale 1";"15,99034400";" -61,68478800"
"202400035589";"16";"01";"2024";"13:20";"1";"18";"18279";"2";"3";"1";"3";"Rue du Péry";"47,22486400";"2,08513100"
"202400035590";"7";"04";"2024";"15:50";"1";"92";"92051";"2";"2";"2";"3";"SAUSSAYE (BOULEVARD DE LA, N° 7 A 61 ET";"48,89318837";"2,27077460"
"202400035591";"29";"02";"2024";"15:58";"1";"77";"77229";"1";"2";"3";"5";"D1036";"48,76042500";"2,85971800"
"202400035592";"16";"05";"2024";"11:50";"1";"21";"21223";"1";"1";"1";"3";"Route de Troyes";"47,36080700";"4,97612300"
"202400035593";"11";"01";"2024";"10:10";"1";"18";"18213";"2";"2";"1";"1";"Avenue du Général de Gaulle";"47,09938000";"2,48795000"
"202400035594";"19";"07";"2024";"20:15";"1";"13";"13001";"1";"1";"1";"2";"RN 296";"43,54786923";"5,42795241"
"202400035595";"27";"02";"2024";"13:15";"1";"78";"78125";"1";"1";"8";"7";"D61";"48,63096000";"1,96256000"
"202400035596";"7";"04";"2024";"16:20";"1";"92";"92026";"2";"1";"8";"3";"BEZONS  (DE 01 A 22)";"48,89456679";"2,25082666"
"202400035597";"16";"05";"2024";"13:20";"1";"76";"76530";"1";"1";"1";"3";"Route des Moulins";"49,71263800";"0,68403800"
"202400035598";"15";"01";"2024";"18:40";"5";"14";"14118";"2";"1";"1";"7";"15 Fossés Saint-Julien";"49,18529000";" -0,36806000"
"202400035599";"21";"07";"2024";"13:50";"1";"12";"12013";"2";"1";"2";"6";"TOULOUSE-LAUTREC (AVENUE)";"44,54286000";"2,24545000"
"202400035600";"2";"02";"2024";"08:50";"1";"78";"78262";"1";"9";"1";"2";"route nationale 12, PK46.5";"48,80135900";"1,79243400"
"202400035601";"7";"04";"2024";"21:50";"5";"92";"92024";"2";"6";"3";"2";"CLICHY (QUAI DE) DE (8 A 60)";"48,90339000";"2,28962000"
"202400035602";"16";"01";"2024";"18:23";"5";"13";"13212";"2";"1";"1";"3";"TROIS LUCS A LA VALENTINE (ROUTE)";"43,30480419";"5,47341714"
"202400035603";"16";"05";"2024";"15:25";"1";"33";"33302";"1";"1";"1";"1";"N/A";"44,94866800";" -0,15771900"
"202400035604";"21";"07";"2024";"17:50";"1";"06";"06088";"2";"2";"1";"3";"Promenade Général Edouard Corniglion-Molinier";"43,66501680";"7,20338240"
"202400035605";"29";"02";"2024";"18:15";"1";"66";"66069";"1";"2";"1";"1";"N/A";"42,77302000";"2,83144900"
"202400035606";"7";"04";"2024";"19:50";"2";"92";"92004";"2";"4";"2";"3";"ORGEMONT  ( AVENUE D' )";"48,92856020";"2,27242358"
"202400035607";"4";"05";"2024";"13:00";"1";"33";"33314";"2";"4";"3";"7";"N/A";"45,21736200";" -0,78084100"
"202400035608";"16";"01";"2024";"20:15";"5";"13";"13212";"2";"4";"1";"3";"SAINT JULIEN (AVENUE DE )";"43,30774152";"5,42544358"
"202400035609";"29";"02";"2024";"23:00";"3";"26";"26309";"1";"1";"8";"7";"Rue des Lauzes";"45,04509300";"5,44787800"
"202400035610";"7";"04";"2024";"19:16";"2";"72";"72291";"1";"1";"2";"6";"Lieu Dit la Chausse Paillere";"47,75304200";"0,05688900"
"202400035611";"16";"05";"2024";"17:12";"1";"32";"32256";"1";"1";"1";"1";"N21";"43,52957100";"0,41651500"
"202400035612";"21";"07";"2024";"13:50";"1";"06";"06029";"2";"2";"8";"3";"20 Boulevard Carnot";"43,55587910";"7,01705150"
"202400035613";"16";"01";"2024";"16:40";"1";"13";"13205";"2";"2";"1";"6";"SAKAKINI (BOULEVARD)";"43,29253000";"5,40161000"
"202400035614";"1";"03";"2024";"11:05";"1";"07";"07324";"2";"1";"1";"3";"25 avenue de Nimes";"45,06109700";"4,84203100"
"202400035615";"16";"05";"2024";"07:54";"1";"68";"68257";"1";"1";"2";"7";"D724 PK5.1";"47,50778000";"7,19267600"
"202400035616";"7";"04";"2024";"21:30";"3";"54";"54513";"1";"2";"1";"3";"Carrefour des belles vues";"48,45699100";"6,12780500"
"202400035617";"20";"07";"2024";"16:30";"1";"06";"06029";"2";"1";"1";"2";"14 Avenue Francis Tonner";"43,54923300";"6,98289900"
"202400035618";"15";"01";"2024";"16:40";"1";"13";"13215";"2";"4";"1";"3";"SAINT ANTOINE (AVENUE DE)";"43,36578133";"5,35685661"
"202400035619";"29";"02";"2024";"00:30";"5";"01";"01249";"2";"1";"1";"2";"Grande Rue";"45,82607800";"4,96414700"
"202400035620";"8";"04";"2024";"10:45";"1";"01";"01362";"1";"2";"1";"3";"D6";"45,95834000";"4,87858400"
"202400035621";"15";"05";"2024";"19:50";"1";"22";"22309";"1";"1";"1";"5";"Saint-Launeuc";"48,23643600";" -2,33989500"
"202400035622";"1";"03";"2024";"02:19";"3";"69";"69159";"1";"1";"2";"6";"Route de Tarare";"45,96811000";"4,67182200"
"202400035623";"21";"07";"2024";"17:40";"1";"04";"04112";"2";"1";"1";"3";"REPASSE (AVENUE DE LA)";"43,83062000";"5,76957000"
"202400035624";"15";"01";"2024";"15:20";"1";"13";"13210";"2";"9";"1";"5";"ROMAIN ROLLAND (BOULEVARD)";"43,27774000";"5,42042000"
"202400035625";"16";"05";"2024";"16:25";"1";"29";"29160";"2";"1";"1";"6";"rue jean breton";"48,50546400";" -4,41962000"
"202400035626";"8";"04";"2024";"08:13";"1";"22";"22209";"2";"1";"1";"3";"33 rue de la Côte d'Emeraude";"48,57010600";" -2,18168700"
"202400035627";"1";"03";"2024";"20:35";"3";"60";"60290";"1";"1";"3";"1";"RD1001";"49,48558000";"2,14400800"
"202400035628";"15";"01";"2024";"18:15";"5";"11";"11069";"2";"9";"2";"3";"49 Avenue Bunau Varilla";"43,21063900";"2,34063700"
"202400035629";"20";"07";"2024";"18:35";"1";"03";"03101";"2";"2";"3";"3";"Rue du Boulodrome";"46,36236000";"2,53694000"
"202400035630";"6";"04";"2024";"11:12";"1";"68";"68044";"1";"1";"1";"1";"col du louschbach";"48,13791900";"7,06271800"
"202400035631";"16";"05";"2024";"12:25";"1";"38";"38140";"2";"6";"1";"6";"Avenue de l'Abbaye";"45,27663600";"5,87275800"
"202400035632";"6";"04";"2024";"16:45";"1";"68";"68249";"1";"1";"1";"1";"D11";"48,07955600";"7,15553300"
"202400035633";"28";"02";"2024";"20:20";"3";"69";"69236";"1";"1";"1";"5";"Autoroute 47";"45,56751000";"4,70630000"
"202400035634";"20";"07";"2024";"07:58";"1";"03";"03185";"2";"1";"1";"2";"Avenue Jules Guesde";"46,33953000";"2,58150000"
"202400035635";"15";"01";"2024";"14:50";"1";"11";"11069";"2";"1";"2";"5";"20 Rue Antoine Marty";"43,21626000";"2,35866000"
"202400035636";"16";"05";"2024";"05:15";"3";"02";"02820";"1";"1";"3";"6";"N/A";"49,64432500";"3,25296200"
"202400035637";"15";"01";"2024";"11:42";"1";"10";"10343";"2";"1";"8";"6";"Rue Louis Blanc";"48,28190000";"4,09100000"
"202400035638";"28";"02";"2024";"19:15";"3";"33";"33397";"1";"1";"1";"6";"N/A";"44,91729000";" -0,47717000"
"202400035639";"30";"03";"2024";"16:00";"1";"11";"11012";"1";"1";"1";"4";"N/A";"43,31171270";"2,94532299"
"202400035640";"21";"07";"2024";"18:45";"1";"02";"02408";"2";"1";"1";"3";"29 Rue Romanette";"49,55070000";"3,61057000"
"202400035641";"6";"04";"2024";"15:30";"1";"63";"63289";"1";"1";"1";"1";"D204";"45,76358710";"2,69469021"
"202400035642";"15";"01";"2024";"08:40";"1";"10";"10333";"1";"1";"8";"6";"ROCADE OUEST (RD 610)";"48,28770000";"4,03960000"
"202400035643";"8";"04";"2024";"06:15";"3";"63";"63278";"1";"1";"1";"6";"route départementale 211, PK 2+250";"45,91824400";"3,14911700"
"202400035644";"16";"05";"2024";"14:30";"1";"15";"15074";"1";"3";"1";"5";"RN 122";"44,92777400";"2,48488400"
"202400035645";"29";"02";"2024";"08:17";"1";"91";"91179";"1";"1";"2";"4";"AUTOROUTE A6";"48,57100000";"2,46930000"
"202400035646";"6";"04";"2024";"11:50";"1";"01";"01194";"2";"1";"1";"1";"518 Rue Edouard Herriot";"45,98927700";"4,75678000"
"202400035647";"20";"07";"2024";"17:30";"1";"75";"75114";"2";"1";"1";"5";"BD PERIPHERIQUE INTERIEUR";"48,82157237";"2,31879222"
"202400035648";"15";"01";"2024";"07:50";"5";"02";"02168";"2";"3";"1";"3";"30 Avenue de la République";"49,04004000";"3,40895000"
"202400035649";"7";"04";"2024";"05:35";"3";"22";"22081";"1";"1";"1";"6";"RN12 PR 47+500";"48,48126900";" -2,64155200"
"202400035650";"15";"01";"2024";"08:20";"1";"75";"75118";"2";"1";"1";"3";"BD PERIPHERIQUE EXTERIEUR";"48,90089900";"2,36160800"
"202400035651";"28";"02";"2024";"23:40";"3";"91";"91687";"1";"1";"1";"6";"AUTOROUTE A6";"48,66286000";"2,36757000"
"202400035652";"15";"05";"2024";"14:05";"1";"14";"14431";"1";"3";"1";"3";"Route de Soquence";"49,08502900";" -0,00482800"
"202400035653";"20";"07";"2024";"12:30";"1";"75";"75115";"2";"1";"1";"4";"BD PERIPHERIQUE INTERIEUR";"48,83246900";"2,28064400"