"Num_Acc";"jour";"mois";"an";"hrmn";"lum";"dep";"com";"agg";"int";"atm";"col";"adr";"lat";"long"
"202400035654";"8";"04";"2024";"05:10";"3";"26";"26247";"1";"1";"1";"1";"route nationale 7";"45,16209009";"4,82899867"
"202400035655";"15";"01";"2024";"22:38";"5";"75";"75112";"2";"1";"1";"6";"BD PERIPHERIQUE EXTERIEUR";"48,83309900";"2,40716600"
"202400035656";"28";"02";"2024";"08:45";"1";"78";"78043";"1";"1";"1";"3";"A13W";"48,84198300";"2,10186700"
"202400035657";"16";"05";"2024";"01:00";"3";"50";"50523";"2";"4";"1";"6";"Route de Chef du Pont";"49,40758400";" -1,32191600"
"202400035658";"28";"02";"2024";"16:00";"1";"95";"95018";"1";"1";"1";"2";"A15";"48,95896563";"2,27378747"
"202400035659";"7";"04";"2024";"16:45";"1";"71";"71329";"1";"2";"1";"3";"D673";"46,93987200";"5,15038300"
"202400035660";"9";"05";"2024";"08:45";"1";"50";"50370";"2";"1";"1";"7";"Route du Lude";"49,41784200";" -1,56237600"
"202400035661";"16";"01";"2024";"16:00";"1";"75";"75119";"2";"2";"8";"3";"Place de la Porte de Pantin";"48,88954200";"2,39585100"
"202400035662";"7";"04";"2024";"17:00";"1";"57";"57375";"1";"1";"1";"7";"D155w";"48,70016700";"6,72659400"
"202400035663";"28";"02";"2024";"08:10";"1";"95";"95582";"1";"1";"1";"3";"A15";"48,97195611";"2,24798145"
"202400035664";"15";"05";"2024";"21:30";"3";"60";"60616";"1";"1";"2";"1";"Chemin de Champignole";"49,36588700";"1,80634200"
"202400035665";"19";"07";"2024";"14:05";"1";"75";"75115";"2";"1";"1";"4";"BD PERIPHERIQUE INTERIEUR";"48,83105300";"2,28412600"
"202400035666";"7";"04";"2024";"18:30";"1";"51";"51505";"2";"1";"1";"7";"7 Rue Nicolas Roussy";"49,31408600";"4,25898400"
"202400035667";"11";"05";"2024";"19:30";"2";"10";"10202";"1";"1";"8";"7";"D444";"48,10708700";"4,12227600"
"202400035668";"27";"02";"2024";"19:00";"3";"95";"95500";"1";"1";"1";"4";"A15";"49,03685745";"2,09294147"
"202400035669";"7";"04";"2024";"19:10";"2";"51";"51609";"2";"1";"1";"7";"3bis Rue de la Motte";"49,10069200";"3,66911300"
"202400035670";"19";"07";"2024";"10:00";"1";"75";"75120";"2";"1";"1";"3";"BD PERIPHERIQUE INTERIEUR";"48,86694200";"2,41322000"
"202400035671";"16";"01";"2024";"17:40";"5";"75";"75117";"2";"1";"1";"3";"RUE DE COURCELLES";"48,88909839";"2,29317677"
"202400035672";"16";"05";"2024";"09:40";"1";"07";"07010";"2";"3";"2";"2";"Voie de Deûme (Arrêt de bus)";"45,23786500";"4,67531000"
"202400035673";"28";"02";"2024";"06:55";"1";"987";"98735";"2";"1";"1";"2";"POMARE (BVD STADE BAMBRIDGE)";" -17,52897207";" -149,55812769"
"202400035674";"7";"04";"2024";"18:29";"1";"56";"56227";"1";"3";"1";"3";"Rue François Orain";"48,01949500";" -2,47243500"
"202400035675";"21";"07";"2024";"07:42";"2";"75";"75113";"2";"3";"8";"6";"BOULEVARD MASSENA";"48,82402397";"2,37704122"
"202400035676";"16";"01";"2024";"08:45";"2";"75";"75112";"2";"1";"1";"2";"QUAI DE BERCY";"48,82759700";"2,38973000"
"202400035677";"2";"05";"2024";"14:35";"1";"07";"07319";"2";"1";"2";"3";"Avenue du Pont du Rhône";"44,55339600";"4,68832600"
"202400035678";"26";"02";"2024";"08:30";"1";"974";"97416";"1";"1";"1";"4";"RN3 (3)";" -21,31283000";"55,49500000"
"202400035679";"15";"01";"2024";"14:15";"1";"75";"75112";"2";"3";"1";"6";"AVENUE DAUMESNIL";"48,84725400";"2,37526700"
"202400035680";"15";"05";"2024";"20:50";"2";"08";"08391";"2";"1";"1";"1";"6 Rue Carnot";"49,73713000";"4,92605800"
"202400035681";"26";"02";"2024";"10:00";"1";"974";"97416";"1";"1";"1";"7";"ANCIENNE RN 1";" -21,30573000";"55,42830000"
"202400035682";"7";"04";"2024";"17:30";"1";"56";"56116";"2";"1";"1";"1";"Kerlud";"47,56646000";" -2,95556000"
"202400035683";"16";"01";"2024";"08:26";"2";"75";"75107";"2";"2";"1";"6";"RUE DE GRENELLE";"48,85501300";"2,32456100"
"202400035684";"16";"05";"2024";"02:45";"3";"01";"01130";"1";"1";"1";"1";"rd 975";"46,30941100";"5,14581800"
"202400035685";"20";"07";"2024";"16:40";"1";"75";"75117";"2";"1";"1";"4";"BD PERIPHERIQUE EXTERIEUR";"48,88527700";"2,28712300"
"202400035686";"25";"02";"2024";"02:30";"3";"974";"97416";"1";"6";"2";"7";"ROND POINT LA CAFRINE";" -21,35286074";"55,50978684"
"202400035687";"14";"05";"2024";"09:30";"1";"68";"68278";"2";"1";"7";"1";"4 Rue de Rixheim";"47,74219100";"7,41451600"
"202400035688";"24";"02";"2024";"18:50";"5";"974";"97416";"2";"1";"2";"7";"BABET (RUE AUGUSTE)";" -21,32727000";"55,48660000"
"202400035689";"16";"01";"2024";"08:30";"1";"94";"94068";"2";"6";"8";"6";"Boulevard de Bellechasse / Rue Garibaldi";"48,79365000";"2,48621900"
"202400035690";"21";"07";"2024";"00:50";"5";"75";"75120";"2";"2";"3";"3";"RUE D AVRON";"48,85277200";"2,40665000"
"202400035691";"24";"02";"2024";"08:50";"1";"974";"97416";"1";"1";"2";"6";"RN3 (2)";" -21,30933000";"55,49787000"
"202400035692";"8";"04";"2024";"09:00";"1";100;100123";"1";"9";"1";"1";"RT 10";"42,04419400";"9,42511600"
"202400035693";"16";"01";"2024";"11:30";"1";"94";"94002";"2";"3";"1";"6";"Rue Paul Vaillant Couturier / Rue des Pivoines";"48,80229061";"2,42112641"
"202400035694";"21";"07";"2024";"12:35";"1";"75";"75117";"2";"2";"8";"3";"AVENUE DE CLICHY";"48,88910700";"2,32270300"
"202400035695";"15";"05";"2024";"16:00";"1";"973";"97305";"1";"3";"1";"3";"Raoute Nationale 1";"4,93763900";" -52,40935600"
"202400035696";"6";"04";"2024";"04:40";"3";"82";"82089";"1";"1";"1";"1";"D 813";"44,13738500";"0,80185200"
"202400035697";"7";"04";"2024";"10:20";"1";"65";"65096";"1";"1";"1";"6";"Route de Bagneres de Bigorre";"43,10978300";"0,25311500"
"202400035698";"22";"02";"2024";"08:20";"1";"974";"97416";"2";"3";"2";"3";"DELISLES (ROUTE HUBERT) CD3";" -21,34361000";"55,46813000"
"202400035699";"21";"07";"2024";"22:00";"5";"75";"75114";"2";"1";"1";"3";"BOULEVARD JOURDAN";"48,82053200";"2,33739600"
"202400035700";"16";"01";"2024";"08:55";"1";"94";"94046";"2";"2";"1";"3";"Avenue de la République / Rue Condorcet";"48,80909000";"2,45268000"
"202400035701";"7";"04";"2024";"06:20";"2";"65";"65072";"2";"1";"1";"6";"route départementale 935";"43,28967100";"0,06892200"
"202400035702";"21";"02";"2024";"15:40";"1";"974";"97416";"1";"1";"7";"3";"TROIS MARRE (CHEMIN)";" -21,29820000";"55,44259000"
"202400035703";"21";"07";"2024";"16:55";"1";"75";"75104";"2";"3";"7";"7";"RUE DE RIVOLI";"48,85726500";"2,35224500"
"202400035704";"7";"04";"2024";"13:33";"3";"33";"33296";"1";"3";"1";"7";"N/A";"44,83470100";" -0,03860800"
"202400035705";"2";"05";"2024";"09:50";"1";"33";"33199";"2";"1";"1";"3";"N/A";"44,61930500";" -1,07329900"
"202400035706";"20";"02";"2024";"11:05";"1";"974";"97416";"1";"1";"1";"7";"PERE FAVRON(RUE DU)";" -21,33706000";"55,46468000"
"202400035707";"7";"04";"2024";"13:20";"1";"11";"11431";"1";"1";"1";"6";"N/A";"42,94517700";"2,75786900"
"202400035708";"16";"01";"2024";"08:20";"2";"94";"94003";"2";"7";"1";"3";"Avenue Paul Vaillant-Couturier / Avenue Gabriel Péri";"48,80005873";"2,34267153"
"202400035709";"27";"02";"2024";"06:25";"1";"974";"97411";"2";"1";"1";"6";"VINH-SAN (BLD 1 DU PRINCE)";" -20,88710000";"55,44057000"
"202400035710";"21";"07";"2024";"08:55";"1";"75";"75111";"2";"7";"1";"3";"PLACE DE LA BASTILLE";"48,85331651";"2,36976439"
"202400035711";"7";"04";"2024";"21:15";"3";"11";"11106";"1";"1";"1";"6";"D6009";"43,24369000";"3,06341700"
"202400035712";"15";"05";"2024";"11:00";"1";"34";"34154";"1";"1";"1";"5";"cd189";"43,60584700";"3,96743800"
"202400035713";"20";"07";"2024";"23:15";"5";"94";"94074";"2";"1";"1";"2";"Avenue Henri Barbusse";"48,76683000";"2,44118000"
"202400035714";"16";"01";"2024";"08:00";"1";"94";"94076";"2";"1";"1";"6";"Boulevard Maxime Gorki";"48,79312827";"2,36908677"
"202400035715";"15";"05";"2024";"11:00";"1";"68";"68040";"2";"1";"1";"2";"Rue du Rhin";"47,82517932";"7,08142157"
"202400035716";"5";"04";"2024";"09:40";"1";"41";"41164";"2";"3";"1";"5";"d675 - rue pasteur";"47,28362500";"1,38296300"
"202400035717";"27";"02";"2024";"07:20";"1";"974";"97411";"1";"1";"9";"6";"MACE (ROUTE GABRIEL)";" -20,91111000";"55,49929000"
"202400035718";"21";"07";"2024";"15:35";"1";"94";"94034";"2";"2";"1";"2";"Rue Emile Zola";"48,75875000";"2,32423600"
"202400035719";"15";"05";"2024";"21:00";"2";"63";"63150";"1";"1";"2";"6";"Avenue de la Libération";"45,89551726";"3,06740331"
"202400035720";"16";"01";"2024";"08:00";"5";"94";"94028";"2";"3";"1";"6";"Route de la Pompadour";"48,76982142";"2,45890273"
"202400035721";"7";"04";"2024";"11:47";"1";"86";"86281";"1";"2";"1";"3";"Rue de Maison Bouchet";"46,76028500";"0,17069000"
"202400035722";"16";"05";"2024";"06:51";"2";"69";"69291";"1";"1";"2";"6";"Route de Corbas";"45,64504211";"4,89148883"
"202400035723";"16";"01";"2024";"19:33";"5";"94";"94022";"2";"1";"1";"6";"Avenue Victor Hugo";"48,76890800";"2,42111900"
"202400035724";"21";"07";"2024";"21:10";"2";"94";"94017";"2";"4";"1";"3";"Avenue Roger Salengro";"48,81888000";"2,49011000"
"202400035725";"8";"04";"2024";"11:00";"1";"86";"86160";"2";"1";"1";"3";"Boulevard Foulques Nerra";"46,78814800";"0,18503500"
"202400035726";"22";"02";"2024";"10:40";"1";"974";"97411";"2";"1";"1";"6";"VERGER (RUE DU)";" -20,89746000";"55,46450000"
"202400035727";"7";"04";"2024";"17:30";"1";"34";"34229";"1";"1";"1";"7";"D907";"43,52460800";"2,74343600"
"202400035728";"15";"05";"2024";"16:45";"1";"80";"80039";"2";"3";"1";"3";"Rue Quinquerue";"50,10081700";"1,44612900"
"202400035729";"21";"07";"2024";"02:00";"5";"93";"93006";"2";"1";"2";"3";"Rue Jean Lolive";"48,86668000";"2,42845000"
"202400035730";"16";"01";"2024";"17:54";"2";"94";"94022";"2";"1";"1";"6";"Rue Robert Peary";"48,75424200";"2,41290400"
"202400035731";"8";"04";"2024";"18:05";"1";"68";"68074";"1";"1";"1";"7";"D7bis";"47,49403800";"7,22199800"
"202400035732";"8";"04";"2024";"07:00";"2";"38";"38561";"1";"1";"1";"7";"D156d";"45,29720000";"5,19262800"
"202400035733";"9";"05";"2024";"16:47";"1";"59";"59387";"1";"1";"1";"3";"Rue Amédée Grivillers";"50,28562100";"3,26335100"
"202400035734";"16";"01";"2024";"08:15";"1";"94";"94022";"2";"2";"1";"6";"Avenue Gambetta / Avenue du 25 Aout 1944";"48,76308100";"2,40173100"
"202400035735";"21";"07";"2024";"17:45";"1";"93";"93046";"2";"1";"1";"3";"MARECHAL LECLERC (AVENUE DU";"48,92039371";"2,53988743"
"202400035736";"20";"02";"2024";"17:30";"1";"974";"97411";"2";"6";"2";"2";"MACE (ROUTE GABRIEL)";" -20,91937000";"55,49413000"
"202400035737";"5";"04";"2024";"20:15";"2";"38";"38002";"1";"1";"1";"7";"Route Départementale 281";"45,26769800";"5,99454400"
"202400035738";"21";"07";"2024";"16:28";"1";"93";"93015";"2";"1";"1";"7";"Route du Bois de Bernouille";"48,91861200";"2,57356000"
"202400035739";"15";"05";"2024";"08:35";"1";"13";"13071";"1";"1";"1";"3";"A7-Sens Marseille vers Lyon";"43,40608000";"5,29321000"
"202400035740";"25";"02";"2024";"11:50";"1";"974";"97409";"2";"1";"2";"7";"DE LA GARE(RUE)";" -20,96167000";"55,65660000"
"202400035741";"16";"01";"2024";"06:20";"2";"94";"94011";"2";"2";"8";"2";"Avenue de Boissy / Rue des Sablons";"48,76340000";"2,49385000"
"202400035742";"6";"04";"2024";"12:35";"1";"01";"01058";"1";"3";"1";"3";"D19";"45,66284200";"5,60920700"
"202400035743";"21";"07";"2024";"21:15";"2";"93";"93057";"2";"2";"1";"1";"Allee de Berlin / Avenue de Rome";"48,91511073";"2,50103571"
"202400035744";"14";"05";"2024";"22:43";"3";"13";"13215";"1";"1";"3";"2";"A55-Sens Marseille vers Martigues";"43,33188505";"5,35414144"
"202400035745";"26";"02";"2024";"15:15";"1";"974";"97407";"2";"2";"1";"6";"ROLLAND EMILE(RUE)";" -20,93610000";"55,29266000"
"202400035746";"16";"01";"2024";"07:45";"2";"93";"93070";"2";"3";"1";"6";"Rue Fructidor / Rue Arago";"48,90131367";"2,32302837"
"202400035747";"21";"07";"2024";"00:08";"5";"92";"92073";"2";"6";"2";"6";"VERDUN (RUE DE)";"48,87023669";"2,22773919"
"202400035748";"8";"04";"2024";"06:00";"5";"58";"58095";"2";"1";"1";"3";"Lieu Dit la Levee de Loire";"46,82809700";"3,45858500"
"202400035749";"12";"05";"2024";"08:20";"1";"69";"69266";"1";"1";"1";"2";"Route Départementale 383 ";"45,75769465";"4,90895763"
"202400035750";"21";"07";"2024";"01:20";"5";"92";"92051";"2";"1";"2";"7";"CHARTRES (RUE DE )";"48,88022242";"2,27952875"
"202400035751";"16";"01";"2024";"13:15";"1";"93";"93050";"2";"3";"8";"3";"Rue de la Ville de Paris / Rue Aristide Briand";"48,87497000";"2,53041000"
"202400035752";"22";"02";"2024";"13:30";"1";"974";"97407";"2";"6";"8";"3";"COMMUNE DE PARIS (AVENUE)";" -20,94533000";"55,29279000"
"202400035753";"15";"05";"2024";"08:00";"1";"94";"94034";"1";"1";"1";"3";"A86";"48,75623447";"2,33600515"
"202400035754";"15";"01";"2024";"19:30";"5";"93";"93050";"2";"1";"1";"1";"Rue Louis Vannini";"48,86596000";"2,52360000"
"202400035755";"21";"07";"2024";"20:35";"2";"92";"92040";"2";"4";"1";"3";"BOURGAIN (AVENE)";"48,82245147";"2,26804107"
"202400035756";"19";"02";"2024";"18:35";"1";"974";"97407";"2";"1";"1";"6";"CARPAYE(AVENUE)";" -20,94577000";"55,29861000"
"202400035757";"7";"04";"2024";"18:05";"1";"14";"14516";"2";"2";"1";"3";"10 Rue de la Petite Montagne";"48,97215600";" -0,25336100"
"202400035758";"15";"05";"2024";"18:40";"1";"92";"92047";"1";"1";"1";"2";"A13";"48,83459228";"2,17162733"
"202400035759";"14";"07";"2024";"22:50";"5";"33";"33243";"2";"6";"1";"6";"N/A";"44,90927600";" -0,23634000"
"202400035760";"28";"02";"2024";"09:20";"1";"973";"97302";"1";"1";"9";"7";"GIRATOIRE MARINGOUINS";"4,90741000";" -52,32232000"
"202400035761";"16";"01";"2024";"13:30";"1";"93";"93048";"2";"1";"1";"6";"Avenue Pasteur";"48,86565000";"2,43716200"
"202400035762";"15";"05";"2024";"17:30";"1";"92";"92050";"1";"1";"1";"3";"A86";"48,90971626";"2,21529483"
"202400035763";"16";"01";"2024";"19:40";"5";"93";"93046";"2";"1";"1";"6";"Boulevard Jean Moulin";"48,91265200";"2,51438800"
"202400035764";"7";"04";"2024";"18:05";"1";"14";"14578";"1";"3";"1";"3";"Route de Honfleur";"49,34568587";"0,19963864"
"202400035765";"26";"02";"2024";"17:15";"1";"973";"97302";"2";"1";"1";"2";"MONTABO (ROUTE DE) 2";"4,93638000";" -52,29670000"
"202400035766";"21";"07";"2024";"12:45";"1";"35";"35013";"1";"2";"1";"1";"Les Chambots";"47,70658900";" -2,05418900"
"202400035767";"15";"05";"2024";"17:50";"1";"78";"78640";"1";"1";"1";"2";"A86 INT";"48,78067800";"2,17846700"
"202400035768";"16";"01";"2024";"13:20";"1";"93";"93031";"2";"3";"1";"6";"Avenue de la Marne / Avenue Jean Jaurès";"48,95831900";"2,32551700"
"202400035769";"5";"04";"2024";"08:20";"1";"45";"45061";"2";"6";"1";"6";"D240 PR 3 + 760";"48,04200700";"2,74339000"
"202400035770";"21";"07";"2024";"09:50";"1";"14";"14713";"1";"1";"1";"7";"route de caen";"49,06119900";" -0,47081400"
"202400035771";"25";"02";"2024";"22:08";"3";"973";"97302";"2";"1";"1";"3";"FELIX EBOUE(ROCADE)";"4,92753000";" -52,31922000"
"202400035772";"16";"01";"2024";"08:10";"5";"93";"93031";"2";"1";"8";"6";"Rue Saint-Marc";"48,95193100";"2,33133100"
"202400035773";"3";"04";"2024";"15:25";"1";"27";"27112";"2";"9";"1";"6";"Rue Victor-Hugo";"48,83662300";"0,91310300"
"202400035774";"16";"01";"2024";"10:24";"1";"93";"93030";"2";"1";"1";"6";"Avenue du Maréchal Leclerc de Hauteclocque";"48,94469000";"2,41644000"
"202400035775";"21";"07";"2024";"04:00";"3";"62";"62293";"1";"1";"1";"6";"D108";"50,49527500";"1,96631100"
"202400035776";"15";"05";"2024";"12:20";"1";"93";"93027";"1";"1";"1";"4";"A1";"48,93774911";"2,41208205"
"202400035777";"24";"02";"2024";"17:30";"1";"973";"97302";"2";"3";"1";"3";"MONTABO (ROUTE DE) 1";"4,94177718";" -52,30415136"
"202400035778";"7";"04";"2024";"14:15";"1";"87";"87028";"1";"1";"1";"6";"Lagemichene";"46,21251400";"0,91217600"
"202400035779";"16";"01";"2024";"13:10";"1";"93";"93008";"2";"1";"1";"1";"Rue Honore d'Estienne d'Orves";"48,90850000";"2,45635800"
"202400035780";"23";"02";"2024";"11:40";"1";"973";"97302";"2";"1";"1";"5";"GALMOT (AVENUE)";"4,93224524";" -52,32729882"
"202400035781";"7";"04";"2024";"03:00";"3";"24";"24386";"1";"1";"1";"6";"1111 Route du Platane";"44,63733400";"1,05682800"
"202400035782";"2";"02";"2024";"16:55";"1";"74";"74281";"2";"1";"1";"3";"CORNICHE (BD DE LA) INFERIEUR N°20";"46,37135000";"6,47241000"
"202400035783";"21";"07";"2024";"08:30";"1";"17";"17408";"1";"2";"1";"3";"D18";"45,83617000";" -0,82991800"
"202400035784";"8";"04";"2024";"16:35";"1";"45";"45073";"1";"1";"1";"2";"A19 PR 40 + 700";"48,03433500";"2,96042900"
"202400035785";"20";"02";"2024";"16:40";"1";"973";"97302";"2";"1";"1";"7";"BADUEL (ROUTE DE)";"4,93706000";" -52,31504000"
"202400035786";"21";"07";"2024";"22:25";"3";"974";"97412";"2";"1";"1";"6";"344 Route de Jean Petit";" -21,33917900";"55,62974100"
"202400035787";"8";"04";"2024";"17:10";"1";"69";"69244";"2";"1";"1";"6";"12 Avenue Victor Hugo";"45,76928200";"4,78723900"
"202400035788";"18";"02";"2024";"01:45";"3";"13";"13047";"1";"1";"1";"1";"RD 569";"43,56900000";"4,98755000"
"202400035789";"28";"02";"2024";"13:05";"1";"69";"69386";"2";"2";"1";"3";"Rue Germain";"45,76521000";"4,86800000"
"202400035790";"7";"04";"2024";"11:00";"1";"987";"98745";"2";"1";"1";"1";"Tapuamu - face Pari Pari";" -16,63557355";" -151,49250305"
"202400035791";"15";"02";"2024";"07:32";"3";"50";"50473";"2";"2";"1";"3";"D59";"49,13989500";" -1,00531300"
"202400035792";"28";"02";"2024";"10:10";"1";"69";"69388";"2";"1";"1";"6";"79 Rue Marius Berliet";"45,74087894";"4,86290412"
"202400035793";"13";"05";"2024";"17:00";"1";"974";"97416";"1";"1";"1";"3";"AUGUSTIN ARCHAMBAUD(RUE)";" -21,32384000";"55,48694000"
"202400035794";"8";"04";"2024";"17:20";"1";"38";"38081";"1";"1";"1";"7";"D518";"45,53786125";"5,09100035"
"202400035795";"20";"07";"2024";"17:20";"1";"972";"97207";"2";"3";"1";"3";"Chemin des violettes intersection avec la D04";"14,57733300";" -60,96408400"
"202400035796";"28";"02";"2024";"08:10";"1";"69";"69383";"2";"1";"1";"1";"Cours Lafayette";"45,76365000";"4,86149000"
"202400035797";"20";"07";"2024";"07:15";"1";"972";"97232";"1";"1";"1";"1";"D5";"14,54204700";" -60,86475100"
"202400035798";"13";"05";"2024";"12:20";"1";"974";"97416";"2";"3";"1";"3";"ECHANGEUR (MONT CAPRICE)";" -21,30707000";"55,50010000"
"202400035799";"26";"02";"2024";"22:15";"5";"69";"69383";"2";"2";"1";"7";"253 Rue Vendôme";"45,75753000";"4,84720000"
"202400035800";"7";"04";"2024";"05:10";"2";"971";"97117";"1";"1";"1";"6";"Néron";"16,33780800";" -61,39527100"
"202400035801";"13";"05";"2024";"17:15";"1";"974";"97411";"1";"1";"1";"7";"montgaillard (route de)";" -20,89997000";"55,46667000"
"202400035802";"20";"02";"2024";"19:45";"2";"69";"69386";"2";"3";"1";"1";"Rue Cuvier";"45,76702154";"4,84763341"
"202400035803";"22";"07";"2024";"13:00";"1";"21";"21380";"1";"1";"1";"3";"A6 PK 246+070";"47,37986114";"4,37906757"
"202400035804";"14";"05";"2024";"16:00";"1";"974";"97407";"2";"9";"1";"6";"LAUDE E(RUE)";" -20,93860000";"55,30040000"
"202400035805";"6";"04";"2024";"22:50";"5";"45";"45252";"2";"1";"1";"6";"37bis Faubourg de Paris";"48,17782700";"2,25140900"
"202400035806";"14";"05";"2024";"08:24";"1";"974";"97407";"2";"1";"1";"6";"VERDUN (BOULEVARD)";" -20,94237000";"55,29237000"
"202400035807";"22";"07";"2024";"09:00";"1";"06";"06034";"1";"1";"1";"2";"210 Route de Grenoble";"43,77414600";"7,21544300"
"202400035808";"4";"04";"2024";"10:58";"1";"77";"77099";"2";"2";"8";"3";"D52";"48,15187700";"2,69217100"
"202400035809";"13";"05";"2024";"15:30";"1";"974";"97407";"1";"9";"1";"6";"SACRE COEUR (RD POINT) -RIV. DES GALETS ";" -20,95820000";"55,31800000"
"202400035810";"20";"07";"2024";"04:20";"3";"971";"97132";"1";"1";"1";"6";"Sapotille";"15,98116900";" -61,62614500"
"202400035811";"7";"04";"2024";"16:00";"1";"88";"88178";"2";"1";"1";"1";"29 Route de Darney";"48,17211500";"6,38786300"
"202400035812";"14";"05";"2024";"07:32";"1";"973";"97302";"2";"1";"2";"3";"BADUEL (ROUTE DE)";"4,93429000";" -52,31106000"
"202400035813";"21";"07";"2024";"21:00";"1";"51";"51196";"2";"1";"1";"7";"D10";"48,98993900";"3,98422600"
"202400035814";"8";"04";"2024";"18:40";"1";"03";"03290";"1";"1";"1";"1";"2 Route de Bellefontaine";"46,61876700";"3,33900700"
"202400035815";"20";"07";"2024";"15:20";"1";"19";"19072";"1";"1";"7";"7";"D170";"45,20682100";"1,51787300"
"202400035816";"13";"05";"2024";"14:50";"1";"973";"97302";"2";"1";"3";"7";"DE GAULLE (AVENUE)";"4,93888000";" -52,33144000"
"202400035817";"6";"04";"2024";"19:05";"1";"63";"63141";"1";"5";"1";"3";"RD941 route de la baraque / Bd Paul Cézanne";"45,78588470";"3,05010080"
"202400035818";"21";"07";"2024";"11:10";"1";"76";"76171";"1";"1";"1";"7";"D13";"49,51593100";"1,43723500"
"202400035819";"7";"04";"2024";"04:30";"3";"26";"26307";"1";"1";"1";"7";"Route de Rochechinard";"45,01994200";"5,27765700"
"202400035820";"13";"05";"2024";"12:25";"1";"973";"97302";"2";"3";"2";"3";"BADUEL (ROUTE DE)";"4,93877000";" -52,31763000"
"202400035821";"20";"07";"2024";"13:05";"1";"79";"79213";"2";"1";"1";"2";"N/A";"46,63465300";" -0,24504700"
"202400035822";"14";"05";"2024";"19:30";"1";"69";"69388";"2";"1";"2";"4";"Boulevard des Etats-Unis";"45,73833483";"4,86046860"
"202400035823";"7";"04";"2024";"12:15";"1";"69";"69045";"1";"1";"1";"6";"3215 Route des Saint-Étienne";"46,09611118";"4,71210269"
"202400035824";"19";"07";"2024";"20:05";"2";101;101271";"1";"1";"1";"3";"Gare de Mezzana";"41,97979800";"8,83381000"
"202400035825";"14";"05";"2024";"10:35";"1";"972";"97209";"1";"3";"1";"3";"MARTIN LUTHER KING (RUE)";"14,60731000";" -61,07504000"
"202400035826";"8";"04";"2024";"07:42";"1";"69";"69148";"1";"1";"1";"1";"Route des 7 Chemins";"45,65741300";"4,74226400"
"202400035827";"20";"07";"2024";"14:40";"1";"41";"41044";"1";"1";"1";"7";"A85, PK 196.700";"47,29506500";"1,91805800"
"202400035828";"8";"04";"2024";"09:30";"1";"50";"50288";"1";"1";"1";"5";"D973";"48,70982400";" -1,38340300"
"202400035829";"14";"05";"2024";"07:15";"1";"972";"97209";"2";"1";"1";"4";"SOLEIL LEVANT (BOULEVARD DU)";"14,61587000";" -61,03931000"
"202400035830";"8";"04";"2024";"08:25";"1";"50";"50356";"1";"1";"1";"1";"D254";"49,20587800";" -1,05785300"
"202400035831";"14";"05";"2024";"09:15";"1";"69";"69382";"2";"3";"1";"3";"82 Quai Perrache";"45,73489000";"4,81866000"
"202400035832";"22";"07";"2024";"01:00";"3";"32";"32402";"1";"1";"1";"6";"D 132 - PK 006+680";"43,78611000";"0,38490800"
"202400035833";"3";"04";"2024";"16:55";"1";"14";"14646";"1";"2";"1";"3";"Route d'Epaney";"48,92990800";" -0,20503900"
"202400035834";"13";"05";"2024";"18:00";"1";"971";"97120";"2";"1";"1";"6";"HANNE (BOULEVARD)";"16,23972000";" -61,53158000"
"202400035835";"22";"07";"2024";"17:45";"1";"63";"63381";"1";"1";"1";"6";"D943 - PK 24+500";"45,85536922";"2,90637918"
"202400035836";"7";"04";"2024";"14:20";"1";"76";"76614";"1";"3";"1";"3";"D982";"49,44650500";"0,98397400"
"202400035837";"21";"07";"2024";"15:30";"1";"63";"63006";"1";"1";"8";"7";"D721";"45,35931500";"2,99674100"
"202400035838";"13";"05";"2024";"15:15";"1";"971";"97101";"2";"3";"1";"1";"Rue Hubert FAROUIL";"16,27028415";" -61,49804235"
"202400035839";"21";"07";"2024";"17:15";"1";"63";"63319";"1";"1";"8";"7";"D996";"45,52035300";"3,86818500"
"202400035840";"7";"04";"2024";"13:10";"1";"76";"76503";"1";"2";"1";"3";"Route d'Eslettes";"49,54442600";"1,02063400"
"202400035841";"12";"05";"2024";"04:40";"5";"971";"97101";"1";"1";"1";"2";"RN1 ROCADE DE CHAUVEL";"16,23985123";" -61,52277231"
"202400035842";"8";"04";"2024";"14:00";"1";"80";"80313";"1";"1";"1";"5";"A1";"49,91080500";"2,85037300"
"202400035843";"22";"07";"2024";"07:30";"1";"63";"63229";"2";"2";"1";"3";"Carrefour du chemin de Charliat et de la route de BIllom";"45,77627100";"3,35749800"
"202400035844";"7";"04";"2024";"15:20";"1";"59";"59481";"2";"1";"1";"6";"Chemin de Ghissignies";"50,24477300";"3,64104000"
"202400035845";"20";"07";"2024";"23:10";"4";"61";"61168";"2";"1";"1";"6";"Parking La Ferté Plage";"48,59034800";" -0,36792400"
"202400035846";"5";"04";"2024";"12:37";"1";"13";"13213";"1";"1";"1";"2";"A507 sens Aubagne- Marseille";"43,32000000";"5,41000000"