"Num_Acc";"jour";"mois";"an";"hrmn";"lum";"dep";"com";"agg";"int";"atm";"col";"adr";"lat";"long"
"202400035847";"18";"07";"2024";"05:05";"2";"61";"61508";"2";"1";"1";"6";"D979";"48,94163900";"0,19672900"
"202400035848";"5";"04";"2024";"23:14";"3";"13";"13216";"1";"9";"1";"2";"A55-Sens Marseille vers Martigues";"43,35921000";"5,34328000"
"202400035849";"21";"07";"2024";"19:00";"1";"47";"47081";"2";"1";"3";"6";"280 route de Pech de Plat";"44,37791200";"0,57222100"
"202400035850";"26";"08";"2024";"18:25";"1";"80";"80021";"2";"1";"1";"6";"Rue Léo Lagrange";"49,91059100";"2,31022800"
"202400035851";"5";"04";"2024";"21:20";"3";"13";"13216";"1";"1";"1";"6";"A55-Sens Marseille vers Martigues";"43,35744000";"5,34543000"
"202400035852";"15";"07";"2024";"14:40";"1";"86";"86281";"2";"1";"1";"2";"Route d'Etables";"46,69840300";"0,20406100"
"202400035853";"7";"04";"2024";"16:22";"1";"91";"91689";"1";"1";"1";"2";"AUTOROUTE A6";"48,74023724";"2,31816101"
"202400035854";"28";"08";"2024";"00:55";"5";"79";"79191";"2";"6";"1";"6";"N/A";"46,33493000";" -0,47253000"
"202400035855";"21";"07";"2024";"15:05";"1";"22";"22194";"2";"1";"1";"3";"Rue de Ker Izella";"48,66649200";" -3,59858000"
"202400035856";"6";"04";"2024";"22:16";"3";"94";"94003";"1";"1";"1";"2";"AUTOROUTE A6B";"48,80065055";"2,34352114"
"202400035857";"20";"07";"2024";"17:20";"1";"29";"29150";"1";"1";"2";"6";"Hent Ar Mor";"47,80128410";" -3,71504158"
"202400035858";"28";"08";"2024";"18:00";"1";"78";"78005";"1";"3";"1";"1";"RD 30";"48,97845600";"2,08253900"
"202400035859";"6";"04";"2024";"11:30";"1";"94";"94034";"1";"1";"1";"2";"A86";"48,75762305";"2,32812012"
"202400035860";"20";"07";"2024";"19:10";"1";"29";"29069";"1";"1";"2";"3";"route de Saint-PIerre";"48,40551208";" -4,55148210"
"202400035861";"6";"04";"2024";"01:25";"3";"91";"91549";"1";"1";"1";"6";"RN 104";"48,62648000";"2,35042000"
"202400035862";"27";"08";"2024";"22:13";"3";"77";"77152";"2";"6";"1";"3";"JAURES(AVENUE JEAN)";"48,52503000";"2,64281000"
"202400035863";"19";"07";"2024";"17:55";"1";"01";"01348";"2";"1";"1";"3";"Route de Bourg";"46,17685100";"4,81881400"
"202400035864";"7";"04";"2024";"19:15";"2";"75";"75120";"1";"1";"2";"4";"A3";"48,86637098";"2,42310762"
"202400035865";"28";"08";"2024";"19:00";"1";"77";"77335";"1";"1";"1";"3";"RN3 (ROUTE NATIONALE)";"48,95862000";"2,83847000"
"202400035866";"22";"07";"2024";"14:20";"1";"01";"01373";"1";"1";"1";"1";"2 Grande Rue";"46,14396800";"5,55635700"
"202400035867";"21";"07";"2024";"16:25";"1";"66";"66205";"1";"1";"1";"6";"D9";"42,80750800";"2,71902000"
"202400035868";"28";"08";"2024";"14:05";"1";"77";"77243";"2";"3";"1";"3";"GENERAL LECLERC  (AVENUE DU)";"48,87290000";"2,68693000"
"202400035869";"21";"07";"2024";"21:00";"1";"66";"66053";"1";"1";"1";"1";"N/A";"42,52282600";"3,06592600"
"202400035870";"25";"08";"2024";"00:20";"5";"76";"76351";"2";"2";"1";"3";"PAUL SOUDAY";"49,49414000";"0,11652000"
"202400035871";"21";"07";"2024";"18:00";"1";"50";"50326";"1";"1";"1";"6";"Route de l?Airou";"48,84977800";" -1,34908700"
"202400035872";"28";"08";"2024";"11:35";"1";"71";"71270";"2";"1";"1";"3";"LYON (ROUTE DE)";"46,28553000";"4,80896000"
"202400035873";"21";"07";"2024";"19:35";"1";"50";"50487";"1";"1";"1";"6";"Boulevard Willy Stein";"48,52871300";" -1,33904500"
"202400035874";"18";"07";"2024";"17:20";"1";"69";"69266";"2";"1";"1";"3";"88 Rue Château Gaillard";"45,77528000";"4,88717000"
"202400035875";"28";"08";"2024";"13:19";"1";"69";"69091";"2";"1";"1";"3";"Rue Victor Hugo";"45,58780025";"4,77114110"
"202400035876";"22";"07";"2024";"17:00";"1";"60";"60560";"1";"2";"1";"3";"D1324";"49,22339900";"2,73963000"
"202400035877";"21";"07";"2024";"13:00";"1";"10";"10035";"2";"1";"1";"6";"Rue de la Belle Verriere";"48,19960000";"4,77700000"
"202400035878";"28";"08";"2024";"12:00";"1";"68";"68256";"1";"1";"1";"3";"AUTOROUTE A 36";"47,75986175";"7,31078936"
"202400035879";"21";"07";"2024";"17:00";"1";"07";"07265";"1";"1";"1";"7";"Route du Ternay";"45,28998400";"4,63996400"
"202400035880";"27";"08";"2024";"16:30";"1";"66";"66136";"1";"1";"1";"2";"Départementale  617";"42,70955000";"2,97056000"
"202400035881";"27";"08";"2024";"17:15";"1";"64";"64445";"2";"1";"1";"6";"PAIX";"43,31285000";" -0,34554000"
"202400035882";"17";"07";"2024";"15:25";"1";"07";"07157";"1";"1";"1";"6";"D86";"44,61915000";"4,73613700"
"202400035883";"26";"08";"2024";"18:00";"1";"64";"64122";"2";"1";"1";"7";"CASCAIS (BD DE)";"43,47669000";" -1,54935000"
"202400035884";"20";"07";"2024";"17:13";"1";"21";"21150";"1";"1";"1";"7";"Chassagne-Montrachet";"46,94336300";"4,72640600"
"202400035885";"28";"08";"2024";"18:58";"1";"64";"64024";"2";"6";"1";"3";"BAB (Boulevard)";"43,49709000";" -1,50856000"
"202400035886";"21";"07";"2024";"18:30";"1";"04";"04094";"1";"1";"1";"1";"D8 - route de Valensole";"43,78034300";"5,90957200"
"202400035887";"22";"07";"2024";"11:38";"1";"52";"52014";"1";"1";"1";"7";"D141d";"47,78196219";"5,21966462"
"202400035888";"28";"08";"2024";"16:15";"1";"63";"63113";"2";"3";"1";"3";"Dolet / Desdevises du Dezert";"45,76574855";"3,08655068"
"202400035889";"19";"07";"2024";"14:45";"1";"52";"52332";"1";"1";"1";"7";"D240";"47,95495600";"5,50048100"
"202400035890";"28";"08";"2024";"15:23";"1";"59";"59421";"2";"1";"1";"3";"ALBERT EINSTEIN";"50,71768000";"3,14125000"
"202400035891";"28";"08";"2024";"10:20";"1";"59";"59650";"2";"1";"7";"6";"DELORY (RUE GUSTAVE)";"50,70247000";"3,21542000"
"202400035892";"21";"07";"2024";"13:15";"1";"88";"88065";"1";"1";"1";"2";"route départementale 56";"48,09174700";"6,06354100"
"202400035893";"28";"08";"2024";"18:55";"1";"59";"59343";"2";"1";"7";"1";"BRIZON PIERRE RUE";"50,59534000";"3,12596000"
"202400035894";"19";"08";"2024";"17:30";"1";"58";"58194";"2";"1";"1";"7";"DOCTEUR ROCHE";"46,99565000";"3,15969000"
"202400035895";"21";"07";"2024";"14:20";"1";"49";"49022";"1";"1";"1";"3";"A87  PK 10";"47,32870630";" -0,60317868"
"202400035896";"22";"07";"2024";"07:00";"1";"988";"98805";"1";"1";"7";"7";"VE2";" -22,19302300";"166,44386900"
"202400035897";"26";"08";"2024";"17:30";"1";"57";"57666";"2";"1";"1";"1";"Avenue du 14 Juillet 1789";"49,34800000";"6,12702000"
"202400035898";"27";"08";"2024";"23:34";"5";"56";"56121";"2";"1";"1";"3";"Rue de Belgique";"47,75840000";" -3,37688000"
"202400035899";"22";"07";"2024";"06:35";"2";"63";"63164";"1";"9";"1";"6";"A 71";"45,84129800";"3,16140200"
"202400035900";"27";"08";"2024";"16:02";"1";"56";"56121";"2";"6";"1";"2";"Boulevard Flandres-Dunkerque 1940";"47,74451940";" -3,39549920"
"202400035901";"28";"08";"2024";"12:20";"1";"51";"51058";"2";"1";"1";"7";"LOUIS VICTOR DE BROGLIE";"49,21824000";"3,99657000"
"202400035902";"22";"07";"2024";"19:30";"1";"83";"83061";"1";"1";"1";"2";"A8 pk 133.500 nord";"43,47322800";"6,74019800"
"202400035903";"27";"08";"2024";"21:30";"5";"51";"51454";"2";"1";"1";"6";"TILLEULS (ALLEE DES)";"49,24214000";"4,03480000"
"202400035904";"21";"07";"2024";"23:55";"3";"69";"69228";"1";"1";"1";"6";"Route de Saint-Sorlin";"45,61078400";"4,61591500"
"202400035905";"27";"08";"2024";"16:35";"1";"50";"50129";"2";"1";"1";"2";"BREMERHAVEN (AVENUE DE)";"49,63101000";" -1,60629000"
"202400035906";"22";"07";"2024";"06:15";"1";"11";"11040";"1";"1";"7";"6";"A61 PK 363.100 sens Toulouse/Narbonne";"43,15648300";"2,86026500"
"202400035907";"28";"08";"2024";"23:15";"5";"45";"45234";"2";"1";"1";"7";"23 Rue du Paradis";"47,91665500";"1,94066200"
"202400035908";"19";"07";"2024";"06:40";"1";"971";"97103";"1";"1";"1";"2";"RN2 Face au Vélodrome";"16,25123800";" -61,59258500"
"202400035909";"28";"08";"2024";"13:15";"1";"45";"45234";"2";"1";"1";"6";"13 Rue des Sonnettes";"47,91127600";"1,93643500"
"202400035910";"28";"08";"2024";"10:20";"1";"45";"45147";"2";"1";"1";"4";"102 Boulevard de Lamballe";"47,92884000";"1,92010000"
"202400035911";"8";"07";"2024";"08:50";"1";"976";"97605";"1";"1";"1";"1";"route de chiconi";" -12,82346600";"45,11274700"
"202400035912";"23";"08";"2024";"20:10";"1";"44";"44135";"2";"9";"2";"7";"45 Rue de la Gare";"47,28060000";" -2,43095000"
"202400035913";"28";"08";"2024";"05:50";"3";"42";"42095";"2";"1";"1";"1";"Rue de la Tour de Varan";"45,39239000";"4,28602000"
"202400035914";"22";"07";"2024";"05:50";"2";"987";"98725";"2";"6";"1";"3";"Rond point funua incendie";" -17,51125400";" -149,50007600"
"202400035915";"21";"07";"2024";"22:35";"3";"13";"13064";"2";"1";"1";"1";"Avenue des Paluds";"43,80621800";"4,93881600"
"202400035916";"28";"08";"2024";"18:30";"1";"37";"37261";"2";"1";"1";"3";"HEURTELOUP (BOULEVARD)";"47,39167350";"0,69836122"
"202400035917";"20";"07";"2024";"11:25";"1";"68";"68016";"1";"1";"1";"7";"D18b";"47,92986600";"7,50655900"
"202400035918";"28";"08";"2024";"02:30";"5";"37";"37233";"2";"3";"1";"6";"MONTEIL (RUE HIPPOLYTE)";"47,37917000";"0,72197000"
"202400035919";"27";"08";"2024";"11:00";"1";"37";"37214";"2";"1";"1";"6";"CHEVREUIL (RUE EUGENE)";"47,42620000";"0,66302000"
"202400035920";"22";"07";"2024";"18:05";"1";"55";"55306";"1";"1";"1";"7";"D110";"49,43853799";"5,34413809"
"202400035921";"28";"08";"2024";"13:28";"1";"31";"31555";"2";"2";"1";"3";"NARBONNE (ROUTE DE)";"43,55709000";"1,46533000"
"202400035922";"22";"07";"2024";"13:10";"1";"57";"57669";"2";"4";"1";"1";"Rue de Folkling";"49,13115900";"6,88867400"
"202400035923";"28";"08";"2024";"18:10";"1";"29";"29151";"1";"1";"1";"2";"RN12";"48,59538860";" -3,83197213"
"202400035924";"6";"08";"2024";"10:05";"1";"27";"27375";"2";"1";"1";"6";"MASSACRE (RUE)";"49,21141000";"1,15807000"
"202400035925";"22";"07";"2024";"13:15";"1";"73";"73054";"1";"1";"1";"1";"D902";"45,66862200";"6,77395100"
"202400035926";"21";"07";"2024";"20:00";"1";"38";"38451";"2";"1";"1";"6";"Rue du Girondan";"45,75940200";"5,22640800"
"202400035927";"28";"08";"2024";"18:38";"1";"17";"17461";"2";"1";"1";"6";"ROCHE (DE LA)";"45,64909900";" -1,04659000"
"202400035928";"28";"08";"2024";"10:54";"1";"14";"14366";"2";"1";"1";"7";"24 Chemin de la Galoterie";"49,14402000";"0,26384000"
"202400035929";"19";"07";"2024";"16:15";"1";"69";"69179";"2";"4";"1";"3";"Route des Varennes";"45,60900200";"4,72769900"
"202400035930";"21";"07";"2024";"18:00";"1";"81";"81251";"1";"9";"2";"7";"En Brugassou";"43,54922500";"2,06055900"
"202400035931";"27";"08";"2024";"20:05";"1";"14";"14215";"2";"3";"1";"3";"1 Rue de Sannerville";"49,19265887";" -0,26327223"
"202400035932";"21";"07";"2024";"10:25";"1";"81";"81039";"2";"1";"8";"6";"4 Avenue Abel Rolland";"43,75136200";"1,90820400"
"202400035933";"29";"08";"2024";"00:27";"5";"13";"13204";"2";"1";"1";"6";"FRANÇOISE DUPARC (BOULEVARD)";"43,29989000";"5,40173000"
"202400035934";"21";"07";"2024";"08:40";"1";"65";"65145";"1";"1";"8";"7";"RD 921";"42,93438200";" -0,04786700"
"202400035935";"27";"08";"2024";"03:00";"5";"13";"13215";"2";"9";"1";"1";"CAP PINEDE (Avenue)";"43,32820000";"5,36375000"
"202400035936";"18";"07";"2024";"15:50";"1";"79";"79201";"1";"1";"7";"1";"N/A";"46,42249100";" -0,04126300"
"202400035937";"28";"08";"2024";"18:35";"1";"13";"13005";"1";"1";"1";"3";"RN 396 (ROUTE NATIONALE)";"43,30870000";"5,60806000"
"202400035938";"21";"07";"2024";"17:20";"1";"29";"29032";"1";"1";"1";"1";"D34";"47,89704928";" -4,08556541"
"202400035939";"28";"08";"2024";"19:35";"1";"11";"11069";"2";"1";"1";"3";"N/A";"43,20411700";"2,38664360"
"202400035940";"21";"07";"2024";"11:10";"1";"22";"22045";"1";"9";"1";"3";"D7";"48,46590700";" -2,94826300"
"202400035941";"20";"07";"2024";"20:30";"2";"62";"62543";"2";"1";"1";"6";"D157";"50,63487845";"2,29660510"
"202400035942";"27";"08";"2024";"09:05";"1";"11";"11069";"2";"3";"1";"3";"59 Rue Voltaire";"43,21109000";"2,34962000"
"202400035943";"21";"07";"2024";"16:55";"1";"13";"13203";"1";"1";"1";"7";"A557-Liaison A7 Marseille-A55 Marseille";"43,31843000";"5,36815000"
"202400035944";"26";"08";"2024";"12:00";"1";"11";"11069";"2";"9";"1";"2";"N/A";"43,22601000";"2,32851000"
"202400035945";"28";"08";"2024";"12:50";"1";"07";"07281";"1";"1";"1";"7";"C.D. 287 (VERS ST ROMAIN DE LERPS)";"44,95209000";"4,82109000"
"202400035946";"21";"07";"2024";"05:34";"3";"33";"33096";"1";"1";"2";"2";"N/A";"44,89692650";" -0,49614020"
"202400035947";"28";"08";"2024";"07:35";"1";"06";"06027";"2";"9";"1";"3";"3 Avenue de Cannes";"43,65382000";"7,14730000"
"202400035948";"21";"07";"2024";"16:00";"1";"91";"91689";"1";"1";"1";"3";"AUTOROUTE A6B";"48,74373000";"2,32368000"
"202400035949";"27";"08";"2024";"17:35";"1";"75";"75114";"2";"1";"1";"5";"BD PERIPHERIQUE INTERIEUR";"48,82009900";"2,32574100"
"202400035950";"26";"08";"2024";"16:30";"1";"75";"75112";"2";"1";"1";"2";"BD PERIPHERIQUE EXTERIEUR";"48,83017100";"2,40218800"
"202400035951";"20";"07";"2024";"23:27";"3";"94";"94038";"1";"1";"1";"2";"A6B";"48,77283937";"2,34531721"
"202400035952";"28";"08";"2024";"02:00";"5";"75";"75120";"2";"2";"1";"6";"BOULEVARD DE MENILMONTANT";"48,86296100";"2,38717000"
"202400035953";"28";"08";"2024";"13:25";"1";"75";"75119";"2";"2";"1";"7";"RUE BOTZARIS";"48,87769400";"2,38128800"
"202400035954";"20";"07";"2024";"21:20";"2";"91";"91471";"1";"1";"1";"7";"RN 118";"48,70008632";"2,19252884"
"202400035955";"28";"08";"2024";"11:00";"1";"75";"75113";"2";"2";"1";"6";"AVENUE DE LA PORTE D ITALIE";"48,81915200";"2,35945500"
"202400035956";"21";"07";"2024";"08:20";"1";"92";"92063";"1";"1";"8";"6";"A86";"48,87235454";"2,15667880"
"202400035957";"28";"08";"2024";"16:15";"1";"75";"75111";"2";"2";"1";"3";"BOULEVARD RICHARD LENOIR";"48,86632600";"2,36893700"
"202400035958";"20";"07";"2024";"22:00";"5";"92";"92050";"1";"1";"1";"3";"A14";"48,90003871";"2,21071229"
"202400035959";"28";"08";"2024";"19:50";"1";"75";"75103";"2";"1";"1";"3";"BOULEVARD SAINT MARTIN";"48,86869000";"2,35748600"
"202400035960";"19";"07";"2024";"21:50";"3";"78";"78217";"1";"1";"1";"6";"A13";"48,96535000";"1,80899000"
"202400035961";"28";"08";"2024";"15:40";"1";"75";"75110";"2";"7";"1";"3";"PLACE DU COLONEL FABIEN";"48,87772400";"2,37009400"
"202400035962";"21";"07";"2024";"20:00";"1";"95";"95641";"1";"1";"1";"6";"A1";"49,06499621";"2,55266941"
"202400035963";"28";"08";"2024";"13:10";"1";"75";"75108";"2";"2";"1";"1";"RUE DE LA PEPINIERE";"48,87520000";"2,32389000"
"202400035964";"21";"07";"2024";"14:00";"1";"93";"93013";"1";"1";"2";"4";"AUTOROUTE A1";"48,94050977";"2,42392812"
"202400035965";"28";"08";"2024";"04:05";"5";"75";"75104";"2";"7";"1";"3";"PLACE DE LA BASTILLE";"48,85298200";"2,36862000"
"202400035966";"21";"07";"2024";"12:30";"1";"93";"93005";"1";"1";"1";"7";"AUTOROUTE A3";"48,95598293";"2,47342937"
"202400035967";"27";"08";"2024";"15:50";"1";"94";"94081";"2";"1";"1";"3";"Avenue du Colonel Fabien";"48,78147300";"2,38197100"
"202400035968";"21";"07";"2024";"10:40";"1";"93";"93066";"1";"1";"1";"2";"AUTOROUTE A1";"48,91030991";"2,35797606"
"202400035969";"21";"07";"2024";"07:05";"1";"95";"95582";"1";"1";"1";"6";"A115";"48,97595969";"2,24215631"
"202400035970";"28";"08";"2024";"19:30";"1";"94";"94041";"2";"1";"1";"1";"Avenue Georges Gosnat";"48,81506215";"2,39148726"
"202400035971";"28";"08";"2024";"10:00";"1";"94";"94065";"1";"1";"1";"2";"N186B";"48,75384000";"2,36577000"
"202400035972";"20";"07";"2024";"23:20";"4";"93";"93066";"1";"1";"1";"2";"AUTOROUTE A1";"48,93395618";"2,38339584"
"202400035973";"27";"08";"2024";"13:25";"1";"94";"94017";"2";"1";"1";"2";"Rue Diderot";"48,81364743";"2,48565745"
"202400035974";"20";"07";"2024";"17:10";"1";"93";"93013";"1";"1";"1";"2";"AUTOROUTE A1";"48,94076741";"2,42507543"
"202400035975";"28";"08";"2024";"20:10";"1";"94";"94004";"2";"3";"1";"3";"Allée des F.f.i.";"48,75448000";"2,50612000"
"202400035976";"20";"07";"2024";"13:35";"1";"95";"95018";"1";"1";"1";"3";"A15";"48,95921809";"2,27331352"
"202400035977";"28";"08";"2024";"06:30";"2";"94";"94011";"2";"3";"1";"3";"Avenue de Boissy";"48,76395900";"2,49323900"
"202400035978";"19";"07";"2024";"18:00";"1";"93";"93066";"1";"1";"1";"4";"AUTOROUTE A1";"48,93382508";"2,38399565"
"202400035979";"28";"08";"2024";"18:11";"1";"93";"93066";"2";"1";"1";"2";"Rue Charles Baudelaire";"48,94164220";"2,35800551"
"202400035980";"21";"07";"2024";"01:30";"3";"77";"77249";"1";"1";"2";"2";"RN104";"48,75375300";"2,61486700"
"202400035981";"27";"08";"2024";"16:40";"1";"93";"93064";"2";"9";"7";"3";"Avenue du Général de Gaulle / Boulevard Gabriel Péri";"48,87744026";"2,47991946"
"202400035982";"20";"07";"2024";"20:20";"1";"94";"94069";"1";"1";"1";"7";"A4";"48,81650485";"2,45252483"
"202400035983";"19";"07";"2024";"16:20";"1";"77";"77258";"1";"1";"1";"2";"A4.W";"48,83170100";"2,64572400"
"202400035984";"28";"08";"2024";"13:40";"1";"93";"93027";"2";"3";"1";"3";"Impasse Bloch Praeger / Avenue Paul Vaillant-Couturier";"48,92723174";"2,41740704"
"202400035985";"27";"08";"2024";"14:45";"1";"92";"92022";"2";"1";"1";"6";"HUIT-BOUTEILLES (ROUTE DES)";"48,80441000";"2,18890000"
"202400035986";"19";"04";"2024";"07:44";"1";"45";"45291";"1";"1";"1";"1";"D940 PR 16 + 116";"47,67440400";"2,63710500"
"202400035987";"28";"08";"2024";"18:50";"1";"92";"92050";"2";"1";"1";"6";"SADI CARNOT RUE";"48,88742206";"2,20717818"
"202400035988";"20";"05";"2024";"15:45";"1";"74";"74256";"1";"1";"1";"7";"Route de megève";"45,93209100";"6,63065000"
"202400035989";"28";"08";"2024";"08:55";"1";"92";"92049";"2";"1";"1";"3";"PERI RUE GABRIEL N°37 A 99";"48,81893239";"2,31694901"
"202400035990";"19";"05";"2024";"22:10";"3";"74";"74256";"1";"1";"3";"5";"Route de megève";"45,92257300";"6,63554400"
"202400035991";"28";"08";"2024";"09:30";"1";"92";"92040";"2";"1";"1";"6";"PDT ROOSEVELT (QUAI DU)";"48,83244544";"2,26319768"
"202400035992";"18";"05";"2024";"13:00";"1";"74";"74298";"2";"1";"1";"2";"LIVRON (ROUTE DE)";"46,19047000";"6,25112000"
"202400035993";"27";"08";"2024";"23:00";"5";"92";"92036";"2";"1";"1";"6";"GRESILLONS (QUAI DES)";"48,92063164";"2,32429314"
"202400035994";"18";"05";"2024";"11:15";"1";"74";"74305";"2";"9";"1";"3";"DEUX MONTAGNES AU QUEBEC (RUE)";"46,20699000";"6,27950000"
"202400035995";"28";"08";"2024";"23:00";"5";"92";"92025";"2";"2";"1";"3";"GABRIEL PERI (RUE)";"48,91453024";"2,22917694"
"202400035996";"17";"05";"2024";"18:00";"1";"74";"74012";"2";"9";"1";"3";"FERRY (AVENUE JULES)";"46,19309000";"6,23750000"
"202400035997";"28";"08";"2024";"17:40";"1";"68";"68315";"2";"4";"1";"2";"47 Route de Guebwiller";"47,89280900";"7,22589300"
"202400035998";"17";"05";"2024";"16:20";"1";"74";"74267";"2";"1";"1";"2";"2521 Route d'albertville";"45,86128000";"6,14156700"
"202400035999";"28";"08";"2024";"22:15";"3";"30";"30209";"1";"1";"1";"7";"N/A";"44,01223100";"4,75027800"
"202400036000";"14";"05";"2024";"09:15";"1";"74";"74275";"1";"1";"1";"1";"D909a";"45,80514000";"6,23182300"
"202400036001";"29";"08";"2024";"18:55";"1";"51";"51210";"2";"1";"1";"7";"Rue de Cumieres";"49,06571200";"3,96365000"
"202400036002";"11";"05";"2024";"23:05";"3";"74";"74104";"1";"1";"1";"3";"N/A";"45,77318800";"6,23909700"
"202400036003";"28";"08";"2024";"10:20";"1";"76";"76755";"2";"1";"1";"6";"Route de Fecamp";"49,69417200";"0,53349900"
"202400036004";"11";"05";"2024";"15:35";"1";"74";"74032";"1";"4";"1";"2";"Route de Thonon";"46,26612400";"6,53698900"
"202400036005";"28";"08";"2024";"14:25";"1";"76";"76648";"1";"1";"1";"7";"D1029";"49,65829400";"1,25611100"
"202400036006";"29";"08";"2024";"16:10";"1";"76";"76152";"1";"1";"1";"7";"D6";"49,58440300";"1,22232600"
"202400036007";"11";"05";"2024";"14:27";"1";"74";"74233";"1";"9";"1";"3";"N/A";"45,80878300";"5,98299400"
"202400036008";"27";"08";"2024";"14:20";"1";"65";"65025";"2";"1";"1";"2";"34 Avenue des Pyrénées";"43,00541600";" -0,09872700"
"202400036009";"28";"08";"2024";"21:30";"3";"71";"71014";"1";"1";"1";"6";"Rte de la Chicolle et de Montjeu";"46,93216400";"4,29682400"
"202400036010";"20";"07";"2024";"00:08";"5";"92";"92025";"2";"2";"1";"3";"CHARLES DE GAULLE (BD)";"48,91183993";"2,23269403"
"202400036011";"19";"07";"2024";"17:29";"1";"92";"92073";"2";"1";"1";"6";"RATRAIT (RUE DU)";"48,87647285";"2,23077877"
"202400036012";"13";"08";"2024";"17:00";"1";"22";"22166";"2";"1";"1";"7";"Bugueles";"48,83717700";" -3,27824600"
"202400036013";"27";"08";"2024";"07:30";"1";"22";"22004";"2";"1";"1";"6";"rue Gwenn";"48,63428100";" -3,31840500"
"202400036014";"11";"07";"2024";"23:17";"5";"44";"44190";"2";"6";"8";"6";"Rue Pierre Bérégovoy";"47,20579174";" -1,49718243"
"202400036015";"28";"08";"2024";"21:00";"3";"39";"39576";"1";"1";"1";"7";"N/A";"46,60511100";"5,47856200"
"202400036016";"20";"07";"2024";"03:10";"5";"974";"97411";"2";"1";"1";"7";"JAURES (BLD 1 JEAN)";" -20,89367000";"55,47030000"
"202400036017";"20";"07";"2024";"01:35";"5";"973";"97302";"2";"6";"1";"7";"PETIT MONACO (ROND-POINT)";"4,94126714";" -52,32130641"
"202400036018";"28";"08";"2024";"18:25";"1";"29";"29037";"2";"6";"1";"3";"D44";"47,88434837";" -4,15675775"
"202400036019";"20";"07";"2024";"12:20";"1";"971";"97113";"1";"1";"1";"6";"SECTEUR DAMPIERRE";"16,20452000";" -61,47146000"
"202400036020";"27";"08";"2024";"14:50";"1";"31";"31145";"1";"1";"1";"2";"D820";"43,28988900";"1,53662700"