"Num_Acc";"jour";"mois";"an";"hrmn";"lum";"dep";"com";"agg";"int";"atm";"col";"adr";"lat";"long"
"202400036021";"20";"07";"2024";"20:00";"1";101;101004";"2";"3";"1";"3";"GEORGES POMPIDOU AVENUE";"41,91917000";"8,73693000"
"202400036022";"20";"07";"2024";"13:30";"1";"95";"95585";"2";"1";"1";"2";"D209";"48,98614000";"2,38872000"
"202400036023";"28";"08";"2024";"12:30";"1";"02";"02073";"2";"1";"1";"3";"pk95+895";"49,39488800";"3,90399300"
"202400036024";"25";"08";"2024";"23:40";"3";"72";"72234";"1";"1";"1";"6";"D5";"48,19305776";" -0,01667588"
"202400036025";"19";"07";"2024";"22:00";"5";"95";"95539";"2";"2";"1";"3";"D125";"48,99148634";"2,36058728"
"202400036026";"28";"08";"2024";"15:45";"1";"14";"14318";"2";"2";"1";"6";"Route d'Arromanches";"49,33712200";" -0,47811500"
"202400036027";"20";"07";"2024";"02:30";"3";"95";"95252";"2";"6";"1";"6";"D403";"48,98429000";"2,23661000"
"202400036028";"29";"08";"2024";"16:00";"1";"05";"05124";"1";"3";"1";"3";"Route de Briançon";"44,57771000";"6,13247400"
"202400036029";"19";"07";"2024";"18:50";"1";"85";"85194";"2";"2";"7";"1";"Avenue rené coty";"46,49150000";" -1,75679000"
"202400036030";"28";"08";"2024";"17:51";"1";"05";"05054";"1";"1";"1";"3";"20 Route de Gap";"44,67085800";"6,07618000"
"202400036031";"3";"04";"2024";"14:35";"1";"45";"45224";"2";"6";"1";"1";"D5 PR 30 + 766";"48,07003600";"2,06805600"
"202400036032";"20";"07";"2024";"19:25";"1";"84";"84087";"1";"6";"1";"3";"ALLEMAGNE (RUE D')";"44,11871000";"4,83747000"
"202400036033";"20";"07";"2024";"09:50";"1";"83";"83137";"2";"4";"1";"1";"MARCEAU (AVE)";"43,12637000";"5,95149000"
"202400036034";"29";"08";"2024";"12:25";"1";"73";"73240";"2";"4";"1";"3";"D20 Route des plattières";"45,48222400";"6,06635200"
"202400036035";"19";"07";"2024";"09:00";"1";"82";"82121";"2";"1";"1";"1";"route de bordeaux";"44,05028221";"1,29654157"
"202400036036";"29";"08";"2024";"16:21";"1";"73";"73164";"1";"3";"1";"3";"D913 Parking de Crolles";"45,68052000";"5,99796700"
"202400036037";"28";"08";"2024";"17:30";"1";"10";"10351";"1";"1";"1";"1";"D442";"48,43017600";"3,68205100"
"202400036038";"20";"07";"2024";"22:00";"5";"78";"78498";"2";"4";"1";"3";"GARE ROUTIERE";"48,93313000";"2,03883000"
"202400036039";"28";"08";"2024";"11:00";"1";"07";"07301";"1";"1";"1";"7";"Route de Lamastre";"45,07612300";"4,67052000"
"202400036040";"26";"08";"2024";"13:00";"1";"24";"24095";"1";"1";"1";"1";"Nationale 21";"45,49377400";"0,94628300"
"202400036041";"19";"07";"2024";"14:50";"1";"76";"76540";"2";"1";"7";"3";"N31";"49,43625000";"1,13635000"
"202400036042";"28";"08";"2024";"08:48";"1";"27";"27284";"2";"1";"7";"6";"Rue de Vienne";"49,27984100";"1,77538600"
"202400036043";"20";"07";"2024";"19:40";"1";"72";"72181";"2";"1";"1";"3";"JAURES JEAN (AV) N° IMP 35 A 179";"47,98908000";"0,20829000"
"202400036044";"20";"07";"2024";"11:10";"1";"69";"69199";"2";"9";"1";"3";"Autoroute 7";"45,69403777";"4,84290024"
"202400036045";"28";"08";"2024";"17:21";"1";"27";"27002";"1";"2";"1";"3";"RN12";"48,77392200";"1,11563300"
"202400036046";"19";"07";"2024";"22:37";"4";"68";"68166";"1";"2";"1";"1";"RD 430";"47,78137500";"7,32977700"
"202400036047";"29";"08";"2024";"13:45";"1";"974";"97418";"2";"9";"1";"6";"N 2002 RUE DE LA FRATERNITÉ";" -20,89595000";"55,55051500"
"202400036048";"20";"07";"2024";"17:00";"1";"67";"67482";"2";"1";"1";"6";"GENERAL KOENIG (QUAI DU)";"48,57523000";"7,75717000"
"202400036049";"29";"08";"2024";"10:45";"1";"03";"03158";"1";"1";"1";"6";"Autoroute 71 PK 283+700";"46,49303200";"2,66015100"
"202400036050";"19";"07";"2024";"15:50";"1";"67";"67230";"1";"1";"1";"1";"SCHIRRHEIN (ROUTE DE)";"48,79295300";"7,84593200"
"202400036051";"27";"08";"2024";"08:11";"1";"67";"67296";"2";"4";"1";"3";"Rue Principale";"48,61390842";"7,69078642"
"202400036052";"20";"07";"2024";"12:05";"1";"64";"64445";"2";"6";"1";"3";"ALSACE LORRAINE D'";"43,30426177";" -0,36683008"
"202400036053";"28";"08";"2024";"18:00";"2";"973";"97309";"2";"1";"2";"3";"Route de Rémire";"4,89455000";" -52,27381800"
"202400036054";"20";"07";"2024";"00:58";"5";"64";"64125";"2";"1";"1";"6";"BIARRITZ (AVENUE DE)";"43,45400000";" -1,57361000"
"202400036055";"20";"07";"2024";"16:15";"1";"64";"64102";"2";"1";"1";"7";"JEAN DARRIGRAND (AVENUE)";"43,48191000";" -1,48626000"
"202400036056";"20";"07";"2024";"11:55";"1";"64";"64024";"2";"1";"1";"2";"BIARRITZ (AVENUE DE)";"43,48105000";" -1,53505000"
"202400036057";"28";"08";"2024";"19:05";"1";"60";"60494";"1";"1";"1";"2";"A1";"49,13366200";"2,56461000"
"202400036058";"19";"07";"2024";"20:18";"1";"62";"62048";"2";"3";"1";"6";"Rue Roger Salengro";"50,50283748";"2,47091210"
"202400036059";"28";"08";"2024";"13:10";"1";"974";"97412";"2";"1";"1";"6";"Rue Raphaël Babet";" -21,37924700";"55,62448200"
"202400036060";"20";"07";"2024";"14:35";"1";"58";"58194";"2";"2";"1";"3";"PETIT MOUESSE";"46,98993000";"3,16845000"
"202400036061";"28";"08";"2024";"20:30";"5";"973";"97304";"2";"1";"1";"6";"Avenue Léopold Héder";"5,16301000";" -52,64547100"
"202400036062";"19";"07";"2024";"17:04";"1";"51";"51454";"2";"2";"1";"3";"CHAMP DE MARS (RUE)";"49,26291000";"4,03557000"
"202400036063";"19";"07";"2024";"19:17";"1";"51";"51108";"2";"6";"1";"3";"HUGO (BD VICTOR)";"48,95505000";"4,35569000"
"202400036064";"28";"08";"2024";"16:05";"1";"66";"66182";"2";"1";"1";"6";"Avenue de Las Illas";"42,73852600";"3,03338500"
"202400036065";"20";"07";"2024";"18:30";"1";"49";"49007";"2";"1";"1";"3";"BARRE CITE ET RUE";"47,47208000";" -0,59245000"
"202400036066";"20";"07";"2024";"03:45";"3";"49";"49267";"1";"1";"1";"7";"RD 116";"47,48920000";" -0,46536000"
"202400036067";"25";"08";"2024";"19:35";"1";"34";"34157";"2";"2";"1";"3";"11 Avenue de Montpellier";"43,42806500";"3,60611200"
"202400036068";"19";"07";"2024";"23:00";"3";"45";"45232";"2";"1";"1";"6";"959 Rue de la Bergeresse";"47,84755200";"1,91333100"
"202400036069";"28";"08";"2024";"19:00";"1";"25";"25284";"2";"1";"1";"6";"Rue de Gascogne";"47,53270500";"6,81523600"
"202400036070";"20";"07";"2024";"18:38";"1";"45";"45208";"2";"1";"1";"2";"60 Avenue du Général de Gaulle";"48,00543000";"2,73852000"
"202400036071";"27";"08";"2024";"21:35";"3";"88";"88177";"1";"1";"1";"1";"D417";"48,06227300";"6,72014300"
"202400036072";"20";"07";"2024";"01:05";"3";"45";"45338";"1";"1";"1";"6";"10 Rue Pierre Nobel";"47,97604900";"2,71904600"
"202400036073";"29";"08";"2024";"16:44";"1";"88";"88027";"1";"1";"1";"7";"D52";"48,29483000";"6,53197900"
"202400036074";"19";"07";"2024";"17:15";"1";"33";"33318";"2";"1";"1";"6";"N/A";"44,80900000";" -0,62820000"
"202400036075";"27";"08";"2024";"12:30";"1";"55";"55170";"1";"1";"1";"7";"D102";"49,36046100";"5,36108800"
"202400036076";"19";"07";"2024";"15:10";"1";"33";"33162";"1";"1";"1";"4";"N/A";"44,88071000";" -0,66214000"
"202400036077";"28";"08";"2024";"18:30";"1";"38";"38176";"1";"1";"1";"7";"Route de Corbeyssieu";"45,64291900";"5,18901800"
"202400036078";"29";"08";"2024";"06:00";"3";"38";"38061";"1";"1";"1";"2";"Route de Voiron";"45,34318400";"5,60856900"
"202400036079";"20";"07";"2024";"18:30";"1";"29";"29019";"2";"2";"1";"7";"rue Gay Lussac";"48,40583800";" -4,49356600"
"202400036080";"19";"07";"2024";"18:10";"1";"18";"18279";"2";"6";"1";"3";"Place Gabriel Péri";"47,22487000";"2,06236000"
"202400036081";"28";"08";"2024";"18:40";"1";"26";"26313";"2";"3";"1";"3";"Rue des Chabottes";"44,97438500";"4,95981200"
"202400036082";"19";"07";"2024";"15:25";"1";"17";"17415";"2";"1";"1";"2";"D137";"45,74598000";" -0,66177000"
"202400036083";"24";"08";"2024";"18:05";"1";"26";"26064";"2";"2";"1";"3";"Avenue de Romans";"44,90437100";"5,01979700"
"202400036084";"20";"07";"2024";"19:45";"1";"13";"13102";"2";"6";"1";"1";"8 MAI 1945 (AV DU )";"43,41820000";"5,22897000"
"202400036085";"28";"08";"2024";"17:20";"1";"33";"33233";"1";"1";"1";"6";"N/A";"45,15631900";" -0,35443800"
"202400036086";"20";"07";"2024";"20:45";"1";"13";"13075";"2";"1";"1";"3";"LIBERATION (AVE DE LA)";"43,34334867";"5,45795011"
"202400036087";"22";"08";"2024";"17:00";"1";"22";"22077";"1";"2";"1";"3";"La Ville es Pis";"48,52840000";" -2,42246400"
"202400036088";"19";"07";"2024";"14:10";"1";"13";"13215";"2";"3";"1";"3";"MADRAGUE VILLE (RUE)";"43,34531000";"5,35459000"
"202400036089";"28";"08";"2024";"19:05";"1";"60";"60047";"1";"1";"1";"7";"Chemin Saint Germain";"49,15990200";"2,73643300"
"202400036090";"20";"07";"2024";"12:10";"1";"11";"11069";"2";"3";"1";"6";"N/A";"43,20666000";"2,35937000"
"202400036091";"28";"08";"2024";"15:30";"1";"59";"59336";"2";"3";"1";"1";"Grand Rue";"50,27564800";"3,03798800"
"202400036092";"20";"07";"2024";"20:05";"1";"08";"08105";"2";"1";"1";"1";"24 Rue Elie Emile Bourquelot";"49,79275000";"4,72582000"
"202400036093";"24";"08";"2024";"15:45";"1";"13";"13015";"1";"1";"1";"2";"A51-Sens Aix en Provence vers Marseille";"43,45924983";"5,40316230"
"202400036094";"26";"08";"2024";"17:40";"1";"67";"67482";"1";"1";"1";"7";"M35";"48,59579000";"7,74005000"
"202400036095";"20";"07";"2024";"03:21";"5";"06";"06088";"2";"8";"1";"3";"Rue Barla";"43,70241000";"7,28106000"
"202400036096";"20";"07";"2024";"16:45";"1";"06";"06069";"1";"1";"1";"7";"15 Route de Saint-francois";"43,64932200";"6,89882000"
"202400036097";"25";"08";"2024";"18:00";"1";"59";"59094";"1";"1";"1";"5";"AUTOROUTE A16";"50,95888503";"2,17085440"
"202400036098";"20";"07";"2024";"20:25";"1";"06";"06029";"2";"2";"1";"3";"103 Boulevard Carnot";"43,56344000";"7,01663000"
"202400036099";"28";"08";"2024";"10:25";"1";"91";"91589";"1";"1";"1";"2";"AUTOROUTE A6";"48,67409000";"2,34262000"
"202400036100";"20";"07";"2024";"12:45";"1";"06";"06029";"2";"1";"1";"2";"19 Avenue Docteur Raymond Picaud";"43,55064800";"7,00279200"
"202400036101";"20";"07";"2024";"10:15";"1";"06";"06029";"2";"1";"1";"3";"39 Boulevard Général Vautrin";"43,54695000";"7,03343000"
"202400036102";"28";"08";"2024";"18:22";"1";"92";"92036";"1";"1";"1";"3";"A86";"48,93411656";"2,27089137"
"202400036103";"20";"07";"2024";"00:25";"5";"06";"06004";"2";"1";"1";"5";"BACON BD DU ET BD GARDIOLE";"43,56606000";"7,13101000"
"202400036104";"27";"08";"2024";"17:35";"1";"92";"92025";"1";"1";"1";"4";"A86";"48,92703237";"2,23661483"
"202400036105";"20";"07";"2024";"01:40";"5";"75";"75112";"2";"1";"1";"5";"N/A";"48,83780900";"2,41295700"
"202400036106";"19";"07";"2024";"20:59";"1";"75";"75116";"2";"1";"1";"2";"BD PERIPHERIQUE INTERIEUR";"48,86101800";"2,26405500"
"202400036107";"27";"08";"2024";"16:00";"1";"93";"93027";"1";"1";"1";"4";"AUTOROUTE A1";"48,93637475";"2,40695831"
"202400036108";"26";"08";"2024";"16:50";"1";"93";"93007";"1";"1";"1";"2";"AUTOROUTE A1";"48,94453124";"2,43819939"
"202400036109";"26";"08";"2024";"05:50";"4";"92";"92036";"1";"1";"1";"2";"AUTOROUTE A15";"48,94131639";"2,29193464"
"202400036110";"2";"10";"2024";"09:05";"1";"49";"49007";"2";"1";"1";"3";"VOIE DES BERGES";"47,47419000";" -0,55590000"
"202400036111";"28";"08";"2024";"17:10";"1";"94";"94069";"1";"1";"1";"2";"A4";"48,81732948";"2,42279649"
"202400036112";"1";"10";"2024";"07:50";"2";"49";"49015";"2";"1";"2";"6";"RTE NATIONALE";"47,51839000";" -0,60694000"
"202400036113";"2";"10";"2024";"15:15";"1";"45";"45234";"2";"3";"2";"3";"Avenue du Général Patton";"47,91485400";"1,90133500"
"202400036114";"1";"04";"2024";"03:03";"3";"56";"56078";"1";"1";"1";"6";"Kerfleury";"47,81960600";" -3,46613800"
"202400036115";"2";"10";"2024";"19:35";"2";"44";"44109";"2";"9";"1";"3";"Boulevard Albert Einstein";"47,26265000";" -1,56766000"
"202400036116";"22";"06";"2024";"06:00";"2";"74";"74238";"1";"1";"8";"6";"D902";"46,21513500";"6,66962400"
"202400036117";"2";"10";"2024";"14:00";"1";"44";"44162";"2";"1";"8";"6";"Rue Françoise Sagan";"47,21300000";" -1,62400000"
"202400036118";"24";"09";"2024";"19:30";"1";"42";"42183";"2";"4";"1";"3";"Rue Jean Moulin";"45,40493000";"4,37085000"
"202400036119";"3";"03";"2024";"05:40";"3";"74";"74263";"1";"1";"1";"5";"D 1005";"46,32558700";"6,35370300"
"202400036120";"2";"10";"2024";"08:50";"1";"42";"42044";"2";"1";"1";"2";"Rue de la République";"45,39541000";"4,31419000"
"202400036121";"26";"08";"2024";"08:07";"1";"974";"97411";"2";"1";"1";"3";"BOIS DE MERLE (RUE DU)";" -20,88883000";"55,48104000"
"202400036122";"2";"10";"2024";"08:50";"1";"41";"41018";"2";"3";"8";"3";"MORIERS (RUE DES)";"47,56070000";"1,29219000"
"202400036123";"26";"08";"2024";"07:20";"1";"974";"97411";"2";"3";"1";"3";"RIVIERE DES PLUIES (ROUTE DE LA)";" -20,90030000";"55,49940000"
"202400036124";"2";"10";"2024";"13:20";"1";"37";"37214";"2";"1";"8";"6";"PRENEY (RUE DE)";"47,41831000";"0,65157000"
"202400036125";"26";"08";"2024";"05:01";"5";"973";"97302";"2";"2";"1";"3";"MERE THERESA (rue)";"4,92245000";" -52,31258000"
"202400036126";"2";"10";"2024";"06:45";"5";"33";"33069";"2";"6";"1";"3";"N/A";"44,86173000";" -0,59707000"
"202400036127";"23";"08";"2024";"22:10";"3";"973";"97302";"2";"1";"1";"7";"SOURCE DE BADUEL (CHEMIN DE LA)";"4,92936470";" -52,30875474"
"202400036128";"2";"10";"2024";"04:51";"3";"33";"33522";"2";"4";"1";"6";"N/A";"44,79532200";" -0,60027100"
"202400036129";"27";"08";"2024";"06:35";"2";"69";"69388";"2";"3";"1";"3";"Avenue Jean Mermoz";"45,73100000";"4,88585000"
"202400036130";"1";"10";"2024";"14:40";"1";"33";"33063";"2";"1";"1";"6";"N/A";"44,85661000";" -0,56144000"
"202400036131";"27";"08";"2024";"16:35";"1";"972";"97213";"1";"1";"1";"1";"ROUTE DEPARTEMENTALE 3";"14,62426000";" -60,98941000"
"202400036132";"2";"10";"2024";"21:00";"5";"32";"32013";"2";"1";"2";"3";"LORRAINE";"43,64905000";"0,58938000"
"202400036133";"2";"10";"2024";"19:45";"2";"30";"30007";"2";"1";"1";"3";"GOUBERT (AVE DOCTEUR JEAAN)";"44,14262000";"4,09212000"
"202400036134";"27";"08";"2024";"15:55";"1";"972";"97213";"1";"1";"1";"2";"ROUTE NATIONALE 1";"14,65524000";" -60,97309000"
"202400036135";"1";"10";"2024";"16:05";"1";"29";"29019";"2";"1";"1";"6";"avenue Georges Clemenceau";"48,39227700";" -4,49013500"
"202400036136";"28";"08";"2024";"01:10";"3";100;100120";"1";"1";"1";"2";"11 - RT";"42,64851000";"9,44015000"
"202400036137";"1";"10";"2024";"17:45";"1";"27";"27229";"2";"1";"1";"3";"PORTEVIN (RUE)";"49,01798000";"1,15250000"
"202400036138";"26";"08";"2024";"20:45";"3";"971";"97101";"1";"2";"1";"3";"PALAIS ROYAL";"16,29372000";" -61,49472000"
"202400036139";"2";"10";"2024";"16:30";"1";"25";"25056";"2";"1";"1";"2";"DOLE RUE DE (sup 200)";"47,22555556";"5,97527778"
"202400036140";"24";"08";"2024";"01:55";"3";"971";"97113";"1";"1";"9";"1";"PETIT HAVRE (SECTEUR)";"16,21570000";" -61,42281000"
"202400036141";"2";"10";"2024";"14:42";"1";"22";"22278";"2";"3";"1";"1";"PROSPERITE (DE LA)";"48,51521000";" -2,73795000"
"202400036142";"27";"08";"2024";"07:08";"1";"95";"95268";"2";"4";"1";"1";"D84";"48,95973776";"2,39905823"
"202400036143";"2";"10";"2024";"20:45";"5";"13";"13071";"2";"4";"1";"5";"CHATEAU (MONTEE DU )";"43,41128711";"5,31233137"
"202400036144";"27";"08";"2024";"17:30";"1";"95";"95219";"2";"1";"7";"3";"D140";"48,99321228";"2,26454885"
"202400036145";"2";"10";"2024";"08:30";"1";"13";"13103";"2";"3";"1";"3";"AVENUE DE LA PATROUILLE DE FRANCE-RN 538";"43,62208000";"5,09909000"
"202400036146";"2";"10";"2024";"20:50";"5";"13";"13213";"2";"9";"1";"1";"BARRY (BOULEVARD)";"43,31674000";"5,40812000"
"202400036147";"27";"08";"2024";"10:00";"1";"91";"91425";"2";"1";"1";"3";"RTE D ORLEANS RN 20";"48,64384000";"2,26978000"
"202400036148";"2";"10";"2024";"21:22";"5";"13";"13213";"2";"2";"1";"3";"ALPHONSE DAUDET (RUE)";"43,32222000";"5,41266000"
"202400036149";"26";"08";"2024";"16:43";"1";"87";"87085";"2";"3";"1";"3";"ALLENDE (QUAI SALVADOR)";"45,81745000";"1,25264000"
"202400036150";"2";"10";"2024";"21:00";"5";"13";"13211";"2";"6";"1";"3";"VALENTINE (ROUTE DE LA)";"43,28997882";"5,47717452"
"202400036151";"26";"08";"2024";"12:40";"1";"86";"86194";"2";"2";"1";"3";"Avenue du 8 Mai 1945";"46,55606000";"0,30863600"
"202400036152";"2";"10";"2024";"18:37";"1";"13";"13210";"2";"1";"1";"2";"JEAN MOULIN (BOULEVARD)";"43,28551000";"5,39868000"
"202400036153";"26";"08";"2024";"11:55";"1";"80";"80702";"1";"1";"1";"7";"DEPARTEMENTALE 7 (ROUTE)";"49,85979000";"2,31023000"
"202400036154";"2";"10";"2024";"18:10";"1";"13";"13216";"2";"1";"1";"2";"MALAVASI AI (RUE)";"43,34774000";"5,34538000"
"202400036155";"1";"10";"2024";"21:35";"5";"13";"13202";"2";"1";"1";"2";"CARGO RHIN FIDELI (RUE)";"43,32700000";"5,35586000"
"202400036156";"27";"08";"2024";"14:00";"1";"79";"79329";"2";"3";"1";"3";"N/A";"46,98494000";" -0,22608000"
"202400036157";"25";"08";"2024";"19:15";"1";"77";"77186";"1";"1";"1";"7";"d301 de chantoiseau /grand veneur";"48,36146000";"2,66880000"
"202400036158";"2";"10";"2024";"13:30";"1";"13";"13001";"2";"7";"1";"6";"BELGES (AV DES)";"43,52593000";"5,44504000"
"202400036159";"27";"08";"2024";"22:15";"5";"76";"76575";"1";"2";"1";"1";"Boulevard Lénine";"49,38114112";"1,10959646"
"202400036160";"23";"09";"2024";"21:10";"5";"12";"12176";"2";"4";"1";"3";"SEVERAC LE CHATEAU (ROUTE DE )";"44,36241000";"2,58835000"
"202400036161";"19";"09";"2024";"15:25";"1";"12";"12202";"2";"1";"1";"6";"BAMBERG (AVENUE DE)";"44,35925000";"2,59210000"
"202400036162";"26";"08";"2024";"17:15";"1";"76";"76351";"1";"6";"1";"3";"RD 940";"49,53205000";"0,09621000"
"202400036163";"30";"09";"2024";"13:44";"1";"10";"10387";"2";"1";"1";"6";"Mail des Charmilles";"48,29664000";"4,08556000"
"202400036164";"2";"10";"2024";"11:35";"1";"06";"06029";"2";"1";"1";"5";"16 Boulevard Jean Hibert";"43,54839000";"7,00949000"
"202400036165";"27";"08";"2024";"11:25";"1";"70";"70513";"1";"1";"1";"1";"Chemin de Vaivre à Grattery";"47,64609000";"6,09365000"
"202400036166";"10";"09";"2024";"19:10";"1";"05";"05061";"2";"4";"1";"3";"Route des Près";"44,53410000";"6,07002000"
"202400036167";"26";"08";"2024";"23:30";"5";"67";"67482";"2";"1";"1";"7";"CONTADES (PARC DES)";"48,58988000";"7,75715000"
"202400036168";"29";"09";"2024";"12:15";"1";"05";"05061";"2";"1";"1";"6";"LADOUCETTE ( COURS )";"44,56204000";"6,08373000"
"202400036169";"13";"09";"2024";"06:54";"2";"05";"05061";"2";"3";"1";"3";"Avenue Jean Jaurès";"44,54999000";"6,06857000"
"202400036170";"26";"08";"2024";"13:20";"1";"67";"67482";"2";"3";"1";"3";"HOPITAL (ROUTE DE L )";"48,57314000";"7,75005800"
"202400036171";"27";"09";"2024";"17:50";"1";"02";"02722";"2";"2";"1";"3";"16 Rue Debordeaux";"49,38462000";"3,31947000"
"202400036172";"27";"08";"2024";"07:45";"1";"66";"66136";"1";"1";"1";"3";"R D 900";"42,68136000";"2,87831000"
"202400036173";"2";"10";"2024";"09:15";"1";"75";"75119";"2";"2";"8";"3";"BOULEVARD MACDONALD";"48,89874000";"2,37109000"
"202400036174";"27";"08";"2024";"18:37";"1";"64";"64102";"2";"6";"1";"3";"JORLIS (ROND POINT DE)";"43,49834000";" -1,49362000"
"202400036175";"2";"10";"2024";"13:40";"1";"75";"75118";"2";"4";"2";"2";"BOULEVARD NEY";"48,89862000";"2,36431600"
"202400036176";"27";"08";"2024";"08:30";"1";"64";"64102";"2";"3";"1";"2";"BASQUE (AVENUE DU GRAND)";"43,48820000";" -1,45994000"
"202400036177";"1";"10";"2024";"23:15";"5";"75";"75118";"2";"1";"1";"3";"RUE CARPEAUX";"48,89066300";"2,33068400"
"202400036178";"27";"08";"2024";"17:00";"1";"62";"62737";"2";"1";"1";"2";"D188";"50,44871000";"2,68284000"
"202400036179";"26";"08";"2024";"16:01";"1";"62";"62498";"2";"1";"1";"6";"Avenue Alfred Van Pelt";"50,42922019";"2,83684391"
"202400036180";"2";"10";"2024";"19:30";"5";"75";"75117";"2";"1";"1";"3";"RUE DE PRONY";"48,88365600";"2,30102400"
"202400036181";"27";"08";"2024";"09:20";"1";"62";"62193";"2";"1";"1";"6";"Rue du Temple";"50,94857005";"1,85678995"
"202400036182";"2";"10";"2024";"11:50";"1";"75";"75117";"2";"3";"2";"6";"BOULEVARD BERTHIER";"48,89356300";"2,31179800"
"202400036183";"2";"10";"2024";"18:10";"1";"75";"75112";"2";"2";"1";"1";"QUAI DE BERCY";"48,83370300";"2,38248800"
"202400036184";"27";"08";"2024";"20:34";"2";"61";"61001";"2";"6";"1";"3";"D438";"48,43407200";"0,09407500"
"202400036185";"27";"08";"2024";"17:45";"1";"59";"59599";"2";"1";"1";"6";"GAND (RUE DE)";"50,73405700";"3,16137200"
"202400036186";"2";"10";"2024";"18:35";"2";"75";"75112";"2";"7";"8";"6";"AVENUE DE SAINT MANDE";"48,84498882";"2,40191281"
"202400036187";"2";"10";"2024";"14:40";"1";"75";"75109";"2";"2";"1";"3";"RUE JEAN BAPTISTE PIGALLE";"48,87950300";"2,33378200"
"202400036188";"27";"08";"2024";"15:15";"1";"59";"59360";"2";"3";"1";"3";"Rue Paul Doumer";"50,59675774";"3,03778185"
"202400036189";"2";"10";"2024";"08:41";"1";"75";"75108";"2";"2";"1";"6";"AVENUE GEORGE V";"48,86841700";"2,30116100"
"202400036190";"26";"08";"2024";"20:00";"1";"59";"59569";"2";"1";"1";"3";"CENTRE COMMERCIAL LES EPIS";"50,34277000";"3,09775000"
"202400036191";"2";"10";"2024";"11:50";"1";"75";"75107";"2";"4";"2";"3";"QUAI D ORSAY";"48,86255700";"2,31900300"
"202400036192";"27";"08";"2024";"16:10";"1";"58";"58194";"2";"3";"1";"3";"LUND";"46,99511000";"3,12631000"
"202400036193";"2";"10";"2024";"18:45";"1";"75";"75104";"2";"3";"1";"7";"RUE SAINT ANTOINE";"48,85517600";"2,36050700"
"202400036194";"27";"08";"2024";"10:10";"1";"58";"58194";"2";"3";"1";"1";"JEAN GAUTHERIN";"47,00004000";"3,16939000"
"202400036195";"2";"10";"2024";"11:45";"1";"94";"94081";"2";"1";"2";"6";"Avenue Paul Vaillant Couturier";"48,79375605";"2,39620024"
"202400036196";"26";"08";"2024";"20:13";"1";"56";"56098";"2";"1";"1";"7";"Boulevard Normandie Niemen";"47,76255000";" -3,35693200"
"202400036197";"26";"08";"2024";"12:50";"1";"54";"54184";"2";"1";"1";"7";"Avenue de Saulxures";"48,71029614";"6,24347448"
"202400036198";"2";"10";"2024";"16:25";"1";"94";"94065";"1";"3";"1";"3";"Rue de Bordeaux";"48,75764200";"2,35927400"
"202400036199";"27";"08";"2024";"18:50";"1";"51";"51242";"2";"1";"1";"3";"DUBLIN (rue de )";"48,94935000";"4,33282000"
"202400036200";"2";"10";"2024";"10:05";"1";"93";"93066";"2";"1";"2";"3";"VAILLANT COUTURIER PAUL (AV) NR 2 A 110";"48,92988421";"2,36195322"
"202400036201";"2";"10";"2024";"07:10";"4";"93";"93055";"2";"1";"2";"1";"GENERAL LECLERC(AVE DU)89/FIN ET 122/FIN";"48,89684000";"2,40299000"
"202400036202";"26";"08";"2024";"14:20";"1";"50";"50129";"2";"4";"1";"3";"MENDES FRANCE (BOULEVARD)";"49,63481000";" -1,62686000"
"202400036203";"21";"09";"2024";"01:35";"5";"93";"93053";"2";"3";"3";"6";"ROSNY (AVENUE DE) N° 53 A 243";"48,89331336";"2,47076800"
"202400036204";"26";"08";"2024";"17:02";"1";"49";"49267";"1";"2";"1";"3";"BEAUFORT ROUTE";"47,46934000";" -0,46560000"
"202400036205";"20";"06";"2024";"17:45";"1";"67";"67339";"1";"1";"1";"6";"Rue de la Forêt";"48,87602957";"7,96105385"
"202400036206";"20";"06";"2024";"06:00";"2";"33";"33483";"2";"1";"1";"1";"N/A";"44,90848200";" -0,39028600"
"202400036207";"2";"10";"2024";"19:55";"5";"93";"93051";"2";"1";"1";"2";"AUGUSTE RODIN (ALLEE)";"48,83224000";"2,55473000"
"202400036208";"26";"08";"2024";"16:49";"1";"49";"49007";"2";"3";"1";"3";"MONPLAISIR BOULEVARD";"47,48901000";" -0,51922000"
"202400036209";"20";"06";"2024";"06:50";"2";"33";"33376";"1";"1";"8";"1";"N/A";"44,92886700";" -0,71038500"
"202400036210";"27";"08";"2024";"22:00";"5";"45";"45232";"2";"2";"1";"3";"Rue de Châteauroux";"47,84620000";"1,92778000"
"202400036211";"27";"05";"2024";"20:25";"1";"72";"72223";"2";"1";"7";"6";"D035 - pont de la madeleine";"47,86886000";" -0,09652000"
"202400036212";"1";"10";"2024";"23:50";"5";"93";"93006";"2";"2";"1";"3";"GAMBETTA AV.";"48,87084014";"2,41754869"
"202400036213";"21";"06";"2024";"15:00";"1";"22";"22343";"2";"1";"1";"6";"3 Rue des Primevères";"48,77236200";" -3,57522900"
"202400036214";"2";"10";"2024";"22:50";"5";"93";"93029";"2";"1";"1";"3";"HENRI BARBUSSE (AVE) N°126-280";"48,92003651";"2,45181799"
"202400036215";"19";"06";"2024";"16:30";"1";"22";"22178";"1";"1";"1";"6";"Route du Tumulus";"48,69911400";" -3,02536100"
"202400036216";"27";"08";"2024";"14:30";"1";"35";"35206";"2";"3";"1";"2";"CANADA (AVENUE DU)";"48,08143829";" -1,68116938"
"202400036217";"27";"08";"2024";"09:00";"1";"33";"33039";"2";"1";"1";"6";"N/A";"44,80770000";" -0,54766000"
"202400036218";"2";"10";"2024";"10:30";"1";"92";"92063";"2";"1";"2";"3";"HOURLIER (RUE LEON)";"48,86317780";"2,17538220"
"202400036219";"20";"06";"2024";"19:45";"1";"22";"22162";"1";"1";"1";"1";"la lande blanche";"48,76565200";" -3,04450000"
"202400036220";"26";"08";"2024";"23:30";"4";"33";"33013";"1";"1";"1";"2";"N/A";"44,86875400";" -0,49977100"
"202400036221";"2";"10";"2024";"13:40";"1";"92";"92073";"2";"3";"8";"3";"DE DION BOUTON (QUAI) DU 1 AU 28";"48,87373711";"2,23626003"
"202400036222";"20";"06";"2024";"19:38";"1";"35";"35087";"1";"3";"1";"1";"D33";"48,08538300";" -1,32554800"
"202400036223";"2";"10";"2024";"18:15";"1";"92";"92050";"2";"3";"1";"3";"ARAGO FRANCOIS AVENUE";"48,90045000";"2,22377479"
"202400036224";"16";"06";"2024";"23:20";"3";"60";"60089";"1";"2";"1";"1";"D153";"49,20268200";"1,88044300"
"202400036225";"26";"08";"2024";"15:00";"1";"33";"33281";"1";"1";"1";"5";"N/A";"44,81504000";" -0,68353000"
"202400036226";"2";"10";"2024";"11:15";"1";"92";"92048";"2";"1";"2";"2";"REPUBLIQUE (RUE DE LA) N° 1 A 45";"48,80907791";"2,23618226"
"202400036227";"21";"06";"2024";"09:00";"1";"80";"80288";"1";"1";"3";"6";"sortie n°13 LILLE - PARIS";"49,88047800";"2,83640400"
"202400036228";"26";"08";"2024";"14:30";"1";"33";"33013";"2";"1";"1";"2";"N/A";"44,85979000";" -0,49777000"
"202400036229";"2";"10";"2024";"14:45";"1";"92";"92040";"2";"1";"1";"3";"STALINGRAD (QUAI DE)";"48,82390000";"2,25609000"
"202400036230";"21";"06";"2024";"13:50";"1";"62";"62318";"1";"1";"1";"1";"D940";"50,53249800";"1,62582600"
"202400036231";"26";"08";"2024";"10:00";"1";"33";"33249";"2";"1";"1";"6";"N/A";"44,86450000";" -0,52066700"
"202400036232";"2";"10";"2024";"14:20";"1";"92";"92036";"2";"1";"1";"4";"BASSIN N°6 (ROUTE ANNEXE DU)";"48,94895035";"2,28718176"
"202400036233";"18";"06";"2024";"02:43";"5";"59";"59422";"2";"6";"1";"6";"Rue de Cagnoncles";"50,19943000";"3,31271600"
"202400036234";"27";"08";"2024";"10:00";"1";"28";"28085";"2";"4";"1";"3";"BOURGNEUF (RUE DU)";"48,45412066";"1,48773819"
"202400036235";"21";"06";"2024";"10:50";"1";"59";"59221";"2";"6";"3";"1";"D958";"50,31943800";"3,51466700"
"202400036236";"2";"10";"2024";"17:05";"1";"92";"92012";"2";"1";"1";"3";"JEAN BAPTISTE CLEMENT (AVENUE) 49/FIN -";"48,84330461";"2,23186880"
"202400036237";"27";"08";"2024";"08:06";"2";"22";"22278";"2";"1";"1";"3";"CORNEILLE COTE PAIR";"48,51215000";" -2,75203000"
"202400036238";"19";"06";"2024";"12:15";"1";"13";"13088";"1";"1";"1";"4";"A55-Sens Marseille vers Martigues";"43,39134000";"5,25011000"