"Num_Acc";"jour";"mois";"an";"hrmn";"lum";"dep";"com";"agg";"int";"atm";"col";"adr";"lat";"long"
"202400036239";"3";"10";"2024";"13:30";"1";"63";"63026";"1";"1";"2";"1";"D145, lieu-dit Prades";"45,62605754";"2,98819146"
"202400036240";"27";"08";"2024";"03:20";"3";"18";"18267";"2";"9";"1";"7";"Route de Châteauneuf";"47,05036000";"2,37932000"
"202400036241";"30";"09";"2024";"15:55";"1";101;101108";"1";"1";"1";"6";"RD 84";"42,26416200";"8,83375900"
"202400036242";"16";"06";"2024";"17:40";"1";"01";"01275";"1";"1";"1";"2";"A46N 25.180 A 25.680";"45,80825500";"4,91925500"
"202400036243";"27";"08";"2024";"23:45";"5";"13";"13211";"2";"1";"1";"3";"PARETTE (PLACE DE LA)";"43,29274414";"5,42483781"
"202400036244";"1";"10";"2024";"16:20";"1";101;101258";"1";"1";"1";"7";"D70";"42,21048100";"8,82024000"
"202400036245";"20";"06";"2024";"17:20";"1";"33";"33143";"1";"1";"1";"2";"N/A";"44,96880800";" -0,43662200"
"202400036246";"26";"08";"2024";"17:45";"1";"12";"12145";"2";"1";"1";"3";"Rue du Causse Noir";"44,10327700";"3,09232200"
"202400036247";"2";"10";"2024";"21:05";"3";"35";"35172";"1";"2";"1";"3";"La Basse Garenne";"48,43339000";" -1,83466300"
"202400036248";"19";"06";"2024";"08:00";"1";"33";"33039";"1";"1";"1";"7";"N/A";"44,79729000";" -0,53813000"
"202400036249";"27";"08";"2024";"05:30";"3";"11";"11069";"1";"1";"1";"2";"ROCADE NORD - RD 6113";"43,20428400";"2,41105500"
"202400036250";"2";"10";"2024";"06:40";"3";"68";"68088";"1";"1";"1";"6";"Cité Alex";"47,85113169";"7,27474763"
"202400036251";"19";"06";"2024";"07:58";"1";"59";"59383";"1";"1";"1";"4";"AUTOROUTE A2";"50,33838000";"3,52733000"
"202400036252";"3";"10";"2024";"12:45";"1";"56";"56052";"2";"2";"1";"6";"Avenue Aristide Briand";"47,51756700";" -2,60076600"
"202400036253";"26";"08";"2024";"17:23";"1";"10";"10297";"2";"3";"1";"3";"Rue Danton";"48,32420000";"4,10480000"
"202400036254";"20";"06";"2024";"20:20";"1";"91";"91339";"1";"1";"1";"3";"RN 104";"48,62780000";"2,25856000"
"202400036255";"26";"08";"2024";"13:20";"1";"10";"10387";"2";"1";"1";"6";"Avenue Pasteur";"48,30210000";"4,06350000"
"202400036256";"1";"10";"2024";"18:15";"1";"56";"56206";"1";"1";"1";"5";"Rue du Pont";"47,69015700";" -2,72926600"
"202400036257";"20";"06";"2024";"09:00";"1";"91";"91286";"1";"1";"1";"5";"AUTOROUTE A6";"48,65441000";"2,38031000"
"202400036258";"26";"08";"2024";"16:30";"1";"07";"07186";"2";"1";"1";"7";"SEGUIN (AVENUE MARC)";"44,71700000";"4,61300000"
"202400036259";"1";"10";"2024";"07:10";"3";"79";"79137";"1";"1";"2";"2";"N/A";"46,24311500";" -0,46687600"
"202400036260";"20";"06";"2024";"10:10";"1";"94";"94065";"1";"1";"1";"2";"A86";"48,75508805";"2,34491170"
"202400036261";"1";"10";"2024";"11:05";"1";101;101085";"1";"1";"1";"3";"T40";"41,91491700";"8,88538600"
"202400036262";"23";"08";"2024";"23:48";"5";"06";"06004";"2";"1";"1";"3";"55 Avenue de Cannes";"43,57364900";"7,08892600"
"202400036263";"20";"06";"2024";"07:45";"1";"91";"91692";"1";"1";"1";"2";"RN 118";"48,67188000";"2,19403000"
"202400036264";"2";"10";"2024";"17:30";"1";"89";"89151";"1";"2";"2";"2";"D660";"48,11569700";"3,15007300"
"202400036265";"25";"08";"2024";"11:10";"1";"03";"03095";"2";"3";"1";"3";"Rue Gambetta";"46,13420000";"3,45523000"
"202400036266";"19";"06";"2024";"08:35";"1";"92";"92023";"1";"1";"1";"2";"A86 EXT ";"48,77613557";"2,22877679"
"202400036267";"27";"08";"2024";"16:22";"1";"01";"01289";"1";"1";"7";"7";"Route de Saint André sur Vieux Jonc";"46,16953000";"5,18498000"
"202400036268";"20";"06";"2024";"15:55";"1";"93";"93006";"1";"1";"8";"3";"A3";"48,86723765";"2,42630063"
"202400036269";"3";"10";"2024";"11:45";"1";"34";"34051";"2";"2";"7";"3";"Avenue Paul Demarne";"43,60152300";"3,48711800"
"202400036270";"27";"08";"2024";"12:35";"1";"75";"75114";"2";"1";"1";"2";"BD PERIPHERIQUE EXTERIEUR";"48,82400400";"2,30766900"
"202400036271";"2";"10";"2024";"17:00";"1";"25";"25082";"1";"1";"1";"2";"Rue de la Plaine";"47,42323900";"6,78047400"
"202400036272";"20";"06";"2024";"13:50";"1";"93";"93007";"1";"1";"1";"4";"A1";"48,95037545";"2,44884564"
"202400036273";"26";"08";"2024";"16:00";"1";"75";"75117";"2";"1";"1";"2";"BD PERIPHERIQUE INTERIEUR ";"48,88332900";"2,28432000"
"202400036274";"19";"06";"2024";"17:30";"1";"93";"93027";"1";"1";"8";"2";"A86";"48,92544125";"2,39584565"
"202400036275";"27";"08";"2024";"08:00";"1";"75";"75114";"2";"1";"1";"2";"BD PERIPHERIQUE EXTERIEUR";"48,81970300";"2,32698700"
"202400036276";"1";"10";"2024";"21:20";"3";"35";"35021";"1";"1";"1";"2";"D706";"48,35555700";" -1,17541900"
"202400036277";"19";"06";"2024";"09:20";"1";"93";"93005";"1";"1";"8";"2";"A3";"48,95091347";"2,47454259"
"202400036278";"2";"10";"2024";"14:10";"1";"29";"29014";"1";"1";"2";"6";"Bronhel";"48,49534800";" -3,63921600"
"202400036279";"20";"06";"2024";"07:20";"1";"77";"77083";"1";"1";"1";"2";"A4.W";"48,83227200";"2,59931000"
"202400036280";"10";"06";"2024";"06:58";"1";"44";"44109";"2";"1";"8";"6";"78 Boulevard de la Fraternité";"47,21875510";" -1,58738345"
"202400036281";"3";"10";"2024";"08:45";"1";"72";"72241";"2";"1";"1";"6";"72 Grande Rue";"48,04879000";"0,40965400"
"202400036282";"3";"10";"2024";"09:20";"1";"05";"05036";"1";"1";"1";"3";"RN94";"44,61853900";"6,53317500"
"202400036283";"8";"01";"2024";"17:34";"3";"13";"13211";"1";"1";"1";"3";"A50-Sens Aubagne vers Marseille";"43,29430000";"5,45930000"
"202400036284";"3";"10";"2024";"08:20";"1";"50";"50347";"1";"1";"1";"1";"La Petite Gravelle";"48,51713200";" -1,27988800"
"202400036285";"14";"06";"2024";"04:32";"5";"987";"98735";"2";"2";"1";"3";"POMARE V (AVENUE)";" -17,53243000";" -149,56782000"
"202400036286";"2";"10";"2024";"09:00";"1";"64";"64495";"1";"1";"3";"1";"d855";"43,38647000";" -1,56453300"
"202400036287";"19";"06";"2024";"13:00";"1";"974";"97411";"2";"1";"1";"6";"GAULLE (DU GENERAL DE)";" -20,88564000";"55,45147000"
"202400036288";"3";"10";"2024";"19:20";"2";"18";"18223";"1";"1";"1";"7";"Route de l’Etang de la Salle";"47,19920100";"2,39107400"
"202400036289";"2";"10";"2024";"11:15";"1";"43";"43051";"2";"1";"1";"6";"8 Rue de la Poste";"45,06123900";"4,30253100"
"202400036290";"18";"06";"2024";"22:00";"5";"974";"97411";"2";"2";"1";"3";"CHATEL (JEAN)";" -20,88264000";"55,45137000"
"202400036291";"28";"09";"2024";"19:25";"1";"36";"36241";"1";"1";"1";"6";"N/A";"46,85781400";"1,51864500"
"202400036292";"19";"06";"2024";"07:00";"1";"973";"97302";"2";"1";"1";"3";"REPUBLIQUE (BD DE LA)";"4,93856000";" -52,32047000"
"202400036293";"19";"06";"2024";"08:17";"1";"69";"69383";"2";"1";"1";"6";"Rue des Dahlias";"45,74863000";"4,87241000"
"202400036294";"1";"10";"2024";"17:45";"1";"07";"07292";"1";"2";"1";"3";"Route des Monts du Vivarais";"45,16881454";"4,69383494"
"202400036295";"2";"10";"2024";"11:25";"1";"53";"53073";"1";"1";"1";"7";"Les Besneraies";"47,80293753";" -1,09531719"
"202400036296";"19";"06";"2024";"11:43";"1";"971";"97101";"1";"1";"1";"2";"BOULEVARD DES HEROS";"16,25158000";" -61,51582000"
"202400036297";"19";"06";"2024";"07:49";"1";"95";"95063";"2";"1";"1";"3";"D392";"48,92957503";"2,21359379"
"202400036298";"18";"06";"2024";"12:20";"1";"87";"87085";"1";"6";"1";"6";"SCHUMAN (BOULEVARD ROBERT)";"45,86850000";"1,27827000"
"202400036299";"2";"10";"2024";"13:15";"1";"40";"40233";"1";"1";"2";"3";"941 Route de Labatut";"43,59182400";" -1,00871100"
"202400036300";"17";"06";"2024";"09:11";"1";"87";"87085";"2";"3";"1";"6";"RUBEN (AVENUE ERNEST)";"45,82581000";"1,25068000"
"202400036301";"30";"09";"2024";"16:05";"1";"24";"24371";"1";"1";"8";"6";" Route des plateaux";"45,20312795";"0,52392662"
"202400036302";"19";"06";"2024";"08:55";"1";"83";"83137";"2";"1";"1";"6";"STRASBOURG (BD DE )";"43,12523000";"5,93093000"
"202400036303";"3";"10";"2024";"11:45";"1";"04";"04208";"1";"1";"1";"6";"RD18b";"43,99298400";"5,55747300"
"202400036304";"19";"06";"2024";"10:15";"1";"81";"81004";"2";"1";"1";"6";"8 Rue Porta";"43,93506000";"2,14594000"
"202400036305";"19";"06";"2024";"18:00";"1";"78";"78146";"2";"2";"1";"3";"MAISONS (ROUTE DE)";"48,90248000";"2,15186000"
"202400036306";"2";"10";"2024";"11:45";"1";"04";"04192";"1";"1";"1";"1";"Route d'Avignon (Lincel)";"43,87998900";"5,70375500"
"202400036307";"19";"06";"2024";"07:20";"1";"73";"73029";"1";"1";"1";"6";"N201";"45,56813000";"5,94227000"
"202400036308";"23";"08";"2024";"18:50";"1";"85";"85193";"1";"3";"1";"6";"D 19/ D50";"46,53070000";" -1,27725700"
"202400036309";"18";"06";"2024";"05:40";"4";"72";"72181";"2";"2";"2";"3";"LEFAUCHEUX PIERRE (BD)";"47,97367000";"0,17361000"
"202400036310";"3";"10";"2024";"10:50";"1";"52";"52118";"1";"1";"1";"1";"N67";"48,47819207";"5,12092166"
"202400036311";"19";"06";"2024";"09:40";"1";"71";"71270";"2";"6";"7";"3";"SAINT-CLEMENT (PLACE)";"46,29772000";"4,82141000"
"202400036312";"26";"09";"2024";"13:50";"1";"08";"08170";"1";"2";"2";"3";"D6";"49,79110000";"4,96094900"
"202400036313";"19";"06";"2024";"16:05";"1";"69";"69264";"2";"1";"1";"6";"Rue Francois Meunier Vial";"45,99652000";"4,73447000"
"202400036314";"19";"06";"2024";"13:00";"1";"69";"69091";"2";"7";"1";"3";"Rue de Montrond";"45,58584252";"4,76392497"
"202400036315";"2";"10";"2024";"13:10";"1";"973";"97309";"2";"1";"1";"3";"2161B Rte de Rémire";"4,90614800";" -52,27301400"
"202400036316";"18";"06";"2024";"14:34";"1";"67";"67482";"2";"8";"1";"6";"ROYAL (PONT)";"48,58460402";"7,75793552"
"202400036317";"30";"09";"2024";"08:50";"1";"06";"06152";"1";"6";"1";"3";"Route du Parc";"43,61660800";"7,03811900"
"202400036318";"18";"06";"2024";"08:55";"1";"67";"67482";"2";"1";"1";"3";"TOUSSAINT (RUE DE LA)";"48,58667852";"7,74382120"
"202400036319";"20";"09";"2024";"13:44";"1";"69";"69027";"2";"9";"1";"3";"Boulevard André Lassagne";"45,66659656";"4,75759491"
"202400036320";"19";"06";"2024";"18:40";"1";"64";"64545";"1";"1";"1";"3";"CORNICHE (ROUTE DE LA)";"43,39230615";" -1,69582396"
"202400036321";"3";"10";"2024";"11:05";"1";"14";"14032";"1";"1";"1";"2";"A13";"49,29963578";"0,25912878"
"202400036322";"19";"06";"2024";"08:20";"1";"64";"64445";"2";"1";"8";"3";"GENERAL DE GAULLE DU";"43,30210000";" -0,35531000"
"202400036323";"2";"10";"2024";"16:05";"1";"987";"98750";"1";"1";"1";"1";"PK 3,6 avera";" -16,82100000";" -151,40400000"
"202400036324";"18";"06";"2024";"18:23";"1";"64";"64102";"2";"1";"1";"3";"BARTHES (CHEMIN DES)";"43,49534000";" -1,49441000"
"202400036325";"3";"10";"2024";"17:15";"1";101;101215";"2";"1";"1";"7";"RT40";"41,48936400";"9,05959800"
"202400036326";"19";"06";"2024";"18:30";"1";"59";"59350";"2";"9";"1";"6";"Rue Barthélémy Delespaul";"50,62416000";"3,06260000"
"202400036327";"2";"10";"2024";"08:45";"1";"57";"57601";"1";"1";"2";"1";"M603";"49,11146400";"6,05555400"
"202400036328";"11";"06";"2024";"19:30";"1";"59";"59220";"2";"9";"7";"6";"CHEMIN ROUGE";"50,60973500";"3,06707300"
"202400036329";"14";"09";"2024";"04:45";"3";"63";"63226";"1";"1";"1";"7";"D1";"45,74271500";"3,23283400"
"202400036330";"24";"06";"2024";"22:24";"2";"56";"56121";"2";"6";"1";"3";"Rue de Kerlin";"47,74717930";" -3,37641300"
"202400036331";"18";"06";"2024";"17:50";"1";"56";"56121";"2";"1";"1";"2";"Rue Duliscouët";"47,75663000";" -3,37772000"
"202400036332";"3";"10";"2024";"14:16";"1";"42";"42304";"2";"1";"1";"3";"241 Route des Monts";"45,54145400";"4,19034000"
"202400036333";"18";"06";"2024";"17:00";"1";"56";"56121";"2";"1";"1";"3";"Place de la Bataille de Quiberon";"47,75622000";" -3,39365000"
"202400036334";"3";"10";"2024";"17:20";"1";"38";"38415";"1";"1";"1";"1";"D18";"45,65036300";"5,21829100"
"202400036335";"18";"06";"2024";"15:45";"1";"50";"50129";"2";"3";"1";"2";"NAPOLEON (PLACE)";"49,64377000";" -1,62587000"
"202400036336";"2";"10";"2024";"16:28";"1";"38";"38474";"2";"1";"1";"6";"Avenue de Valence";"45,20950000";"5,66221300"
"202400036337";"14";"06";"2024";"16:10";"1";"49";"49099";"2";"2";"8";"6";"ENCYCLOPEDIE (RUE DE L')";"47,04203700";" -0,88517900"
"202400036338";"2";"10";"2024";"10:30";"1";"07";"07268";"2";"1";"1";"6";"10 impasse du grand clos";"44,30154100";"4,56950800"
"202400036339";"18";"06";"2024";"06:20";"2";"49";"49007";"2";"1";"1";"6";"CHALOUERE";"47,48358000";" -0,53482000"
"202400036340";"3";"10";"2024";"16:11";"1";"31";"31291";"1";"1";"1";"2";"96 Route de la Salvetat";"43,58684100";"1,26122300"
"202400036341";"3";"10";"2024";"06:30";"3";"59";"59289";"1";"1";"1";"1";"Route de Valenciennes";"50,23013200";"3,50438100"
"202400036342";"18";"06";"2024";"22:50";"5";"46";"46042";"2";"2";"3";"3";"MAQUIS (AVENUE DU)";"44,44945825";"1,44847845"
"202400036343";"3";"10";"2024";"16:30";"1";"59";"59106";"2";"1";"1";"1";"Rue Felix Dehau";"50,57645103";"3,19579840"
"202400036344";"2";"10";"2024";"09:10";"1";"33";"33075";"1";"1";"1";"2";"N/A";"44,88913500";" -0,59843300"
"202400036345";"19";"06";"2024";"10:20";"1";"45";"45302";"2";"1";"8";"6";"272 Avenue du Stade";"47,94739300";"1,88418500"
"202400036346";"27";"09";"2024";"17:30";"1";"59";"59009";"1";"1";"3";"5";"ROUTE NATIONALE 227";"50,62911000";"3,13883000"
"202400036347";"19";"06";"2024";"22:40";"3";"44";"44114";"1";"1";"1";"6";"N/A";"47,28087418";" -1,60310378"
"202400036348";"1";"10";"2024";"16:55";"1";"92";"92036";"1";"1";"1";"3";"A86";"48,93370908";"2,27422446"
"202400036349";"1";"10";"2024";"13:06";"1";"92";"92026";"1";"1";"9";"2";"RN1014 Y";"48,88886075";"2,24787064"
"202400036350";"19";"06";"2024";"14:45";"1";"43";"43157";"2";"3";"1";"6";"Rue Pierret";"45,04180000";"3,88551000"
"202400036351";"1";"10";"2024";"10:40";"1";"78";"78490";"1";"1";"1";"6";"RN12 EXT";"48,79811000";"1,93201000"
"202400036352";"19";"06";"2024";"09:30";"1";"42";"42095";"2";"4";"1";"6";"Rue Benoit Frachon";"45,38710000";"4,28616000"
"202400036353";"1";"10";"2024";"18:35";"1";"93";"93008";"1";"1";"1";"3";"AUTOROUTE A86";"48,91198941";"2,43839622"
"202400036354";"19";"06";"2024";"18:15";"1";"33";"33522";"2";"1";"1";"3";"N/A";"44,80285100";" -0,57456900"
"202400036355";"1";"10";"2024";"12:10";"1";"93";"93010";"1";"1";"1";"2";"AUTOROUTE A3";"48,89138123";"2,47335986"
"202400036356";"19";"06";"2024";"19:45";"1";"31";"31555";"2";"1";"1";"1";"BD DE LA MARNE";"43,58571383";"1,46097377"
"202400036357";"1";"10";"2024";"09:30";"1";"93";"93053";"1";"1";"1";"3";"AUTOROUTE A86";"48,90278898";"2,46755170"
"202400036358";"19";"06";"2024";"08:30";"1";"31";"31555";"2";"1";"8";"6";"BD PIERRE ET MARIE CURIE";"43,62482000";"1,44273000"
"202400036359";"30";"09";"2024";"18:35";"1";"95";"95582";"1";"1";"2";"1";"A15";"48,96346787";"2,26421667"
"202400036360";"2";"10";"2024";"09:20";"1";"94";"94017";"1";"1";"1";"2";"A4";"48,82671118";"2,52258828"
"202400036361";"28";"06";"2024";"21:00";"1";"42";"42095";"2";"1";"8";"6";"Rue de la Platinière";"45,39000000";"4,28024000"
"202400036362";"19";"06";"2024";"09:00";"1";"31";"31149";"2";"1";"8";"3";"AV CLEMENT ADER";"43,61669000";"1,34660000"
"202400036363";"19";"06";"2024";"15:25";"1";"29";"29169";"2";"3";"1";"3";"Chemin de Maner Beuliec";"48,08241900";" -4,18708400"
"202400036364";"19";"06";"2024";"18:45";"1";"28";"28085";"1";"1";"1";"1";"RD 339";"48,46287590";"1,47280570"
"202400036365";"27";"06";"2024";"12:00";"1";"29";"29151";"2";"3";"1";"6";"AIGUILLON (RUE D')";"48,57700139";" -3,82604987"
"202400036366";"29";"06";"2024";"15:00";"1";"29";"29254";"1";"1";"1";"7";"LE CUN (LIEU DIT)";"48,55271302";" -3,85298054"
"202400036367";"14";"06";"2024";"12:45";"1";"28";"28085";"2";"3";"8";"3";"POILLOT (RUE EDMOND)";"48,43770000";"1,51594000"
"202400036368";"28";"07";"2024";"02:18";"3";"30";"30011";"1";"1";"1";"7";"N/A";"43,93675000";"4,75256000"
"202400036369";"19";"06";"2024";"12:40";"1";"27";"27299";"1";"1";"1";"2";"RN 154";"49,04850900";"1,18071500"
"202400036370";"4";"07";"2024";"13:15";"1";"93";"93077";"2";"1";"1";"6";"GRANDE RUE";"48,88277500";"2,51579800"
"202400036371";"26";"06";"2024";"14:15";"1";"26";"26038";"1";"9";"1";"1";"915 Route de la Syrah";"45,03428300";"4,90764300"
"202400036372";"19";"06";"2024";"16:54";"1";"22";"22215";"2";"3";"2";"3";"FUTUR (ROUTE DU)";"48,48280000";" -2,79990000"
"202400036373";"1";"10";"2024";"13:50";"1";"987";"98736";"2";"1";"1";"3";"PAUL BERNIERE (RUE)";" -17,53877500";" -149,55270100"
"202400036374";"30";"09";"2024";"14:55";"1";"987";"98735";"1";"1";"1";"7";"MOTU UTA";" -17,52872000";" -149,57555000"
"202400036375";"19";"06";"2024";"20:30";"1";"22";"22113";"2";"1";"1";"2";"PETIT CAMP (ROUTE DE) (TY AN TUAL)";"48,75457000";" -3,43963000"
"202400036376";"1";"10";"2024";"15:15";"1";"976";"97611";"2";"1";"1";"7";"kaweni-GEOLE (la)";" -12,76700000";"45,22500000"
"202400036377";"19";"06";"2024";"21:30";"1";"17";"17300";"2";"2";"1";"3";"MONNAIE   AVENUE DE LA";"46,15630000";" -1,15720000"
"202400036378";"1";"10";"2024";"12:55";"1";"976";"97611";"2";"1";"1";"1";"passamanty-Rassini (ruelle)";" -12,79822000";"45,21580000"
"202400036379";"1";"10";"2024";"06:30";"2";"974";"97407";"2";"1";"1";"7";"AMIRAL BOSSE (RUE)";" -20,93193400";"55,29016800"
"202400036380";"19";"06";"2024";"22:40";"5";"13";"13210";"2";"3";"1";"7";"FIFI TURIN (RUE)";"43,27923000";"5,41216000"
"202400036381";"30";"09";"2024";"18:07";"5";"973";"97302";"2";"3";"1";"3";"ESTREES (AVENUE D')";"4,94116168";" -52,32210499"
"202400036382";"19";"06";"2024";"19:00";"1";"13";"13206";"2";"1";"8";"3";"PRADO (AVENUE DU)";"43,28302692";"5,38536779"
"202400036383";"7";"11";"2024";"20:25";"5";"49";"49214";"2";"6";"2";"3";"Rue Jean Jaurès";"47,52800700";" -0,60817500"
"202400036384";"30";"09";"2024";"11:44";"1";"973";"97302";"1";"6";"1";"3";"MARINGOUINS (ROND-POINT)";"4,90791000";" -52,32262000"
"202400036385";"19";"06";"2024";"19:20";"1";"11";"11262";"2";"3";"1";"3";"N/A";"43,19319000";"3,01630000"
"202400036386";"8";"11";"2024";"11:15";"1";"46";"46145";"1";"2";"1";"3";"D803";"44,90730800";"1,52747000"
"202400036387";"29";"09";"2024";"19:40";"3";"973";"97302";"2";"1";"1";"3";"BADUEL (ROUTE DE)";"4,93528000";" -52,31244000"
"202400036388";"19";"06";"2024";"16:38";"1";"06";"06088";"2";"1";"1";"6";"Pont Michel";"43,72278720";"7,29139880"
"202400036389";"7";"11";"2024";"05:53";"3";"68";"68179";"1";"3";"5";"7";"Rue du Vallon";"47,75182200";"7,01523700"
"202400036390";"1";"10";"2024";"03:40";"5";"69";"69385";"2";"2";"2";"3";"Montée de Choulans";"45,75571000";"4,81583000"
"202400036391";"11";"06";"2024";"14:10";"1";"04";"04112";"2";"1";"1";"6";"GIONO (AV. J.)";"43,82923000";"5,78560000"
"202400036392";"7";"11";"2024";"21:10";"3";"25";"25594";"1";"1";"1";"1";"D106";"47,18627800";"5,88178400"