"Num_Acc";"jour";"mois";"an";"hrmn";"lum";"dep";"com";"agg";"int";"atm";"col";"adr";"lat";"long"
"202400036393";"1";"10";"2024";"18:09";"1";100;100033";"2";"1";"1";"3";"MONTESORO - 4 VOIES";"42,67304000";"9,44235000"
"202400036394";"19";"06";"2024";"04:24";"5";"03";"03185";"2";"6";"3";"3";"EINSTEIN ( RUE ALBERT )";"46,34828000";"2,59925000"
"202400036395";"17";"06";"2024";"23:10";"5";"75";"75116";"2";"1";"1";"2";"BD PERIPHERIQUE EXTERIEUR";"48,85833300";"2,26066200"
"202400036396";"6";"11";"2024";"12:45";"1";"44";"44063";"2";"6";"1";"3";"12 Avenue  Xavier Rineau";"47,08475300";" -1,26270900"
"202400036397";"1";"10";"2024";"07:05";"2";"95";"95563";"2";"2";"1";"3";"D192P";"49,02797594";"2,24880574"
"202400036398";"19";"06";"2024";"01:43";"5";"75";"75120";"2";"7";"8";"3";"PLACE DE LA PORTE DE BAGNOLET";"48,86450538";"2,40851104"
"202400036399";"8";"11";"2024";"12:05";"1";"29";"29075";"2";"3";"1";"6";"3 rue Anne de Bretagne";"48,43431200";" -4,40183800"
"202400036400";"1";"10";"2024";"09:10";"1";"91";"91027";"2";"1";"8";"4";"VC QUAI DE SEINE";"48,69900000";"2,39650000"
"202400036401";"19";"06";"2024";"10:35";"1";"75";"75119";"2";"2";"1";"3";"AVENUE JEAN JAURES";"48,88872600";"2,39314100"
"202400036402";"8";"11";"2024";"15:00";"1";"31";"31377";"1";"3";"1";"2";"RD 813 intersection RD 97B";"43,41606800";"1,69418500"
"202400036403";"12";"09";"2024";"13:40";"1";"89";"89342";"2";"9";"1";"6";"Centre commercial Leclerc";"48,21703800";"3,27771800"
"202400036404";"19";"06";"2024";"19:10";"1";"75";"75118";"2";"1";"1";"3";"RUE DOUDEAUVILLE";"48,88831000";"2,35038000"
"202400036405";"30";"09";"2024";"11:57";"1";"87";"87085";"2";"1";"1";"2";"BRIAND (RUE ARISTIDE)";"45,84540000";"1,27698000"
"202400036406";"7";"11";"2024";"13:55";"1";"31";"31033";"2";"3";"1";"2";"27 Route de Toulouse";"43,35296100";"1,46929800"
"202400036407";"19";"06";"2024";"11:45";"1";"75";"75118";"2";"2";"1";"3";"PLACE DE LA CHAPELLE";"48,88452400";"2,35933600"
"202400036408";"1";"10";"2024";"17:30";"1";"84";"84031";"2";"1";"1";"2";"MONT VENTOUX AVENUE DU";"44,05572000";"5,05306000"
"202400036409";"8";"11";"2024";"06:55";"3";"02";"02569";"2";"2";"1";"3";"D946";"50,02129000";"3,66205200"
"202400036410";"19";"06";"2024";"14:30";"1";"75";"75116";"2";"2";"1";"3";"AVENUE DE VERSAILLES";"48,84086600";"2,26528600"
"202400036411";"30";"09";"2024";"10:20";"1";"84";"84007";"2";"1";"1";"3";"AMANDIER (AVENUE DE L')";"43,93908000";"4,84935000"
"202400036412";"8";"11";"2024";"15:20";"1";"72";"72139";"2";"1";"1";"7";"1 résidence du pont tatin";"48,32436300";"0,08356900"
"202400036413";"1";"10";"2024";"07:30";"1";"80";"80021";"2";"1";"1";"3";"Place du Maréchal Joffre";"49,88842000";"2,30294000"
"202400036414";"19";"06";"2024";"07:25";"1";"75";"75116";"2";"1";"1";"3";"AVENUE DE VERSAILLES";"48,84682000";"2,27311700"
"202400036415";"1";"11";"2024";"03:45";"3";"43";"43142";"1";"3";"1";"6";"D500";"45,16062408";"4,30479311"
"202400036416";"30";"09";"2024";"10:50";"1";"79";"79329";"2";"6";"8";"7";"N/A";"46,98189000";" -0,21919000"
"202400036417";"19";"06";"2024";"15:45";"1";"75";"75113";"2";"1";"1";"6";"AVENUE DE LA PORTE DE CHOISY";"48,81928200";"2,36514900"
"202400036418";"26";"09";"2024";"09:00";"1";"79";"79191";"2";"1";"3";"6";"N/A";"46,32530000";" -0,46573000"
"202400036419";"19";"06";"2024";"10:00";"1";"75";"75112";"2";"3";"1";"6";"AVENUE DAUMESNIL";"48,84789900";"2,37392000"
"202400036420";"8";"11";"2024";"20:20";"3";"30";"30152";"1";"2";"1";"3";"D904";"44,23893200";"4,17308800"
"202400036421";"19";"06";"2024";"00:01";"5";"75";"75112";"2";"3";"2";"2";"BOULEVARD DIDEROT";"48,84607900";"2,37569000"
"202400036422";"4";"11";"2024";"15:50";"2";"48";"48191";"1";"1";"7";"3";"D167";"44,38383500";"3,11984300"
"202400036423";"19";"06";"2024";"16:00";"1";"75";"75111";"2";"2";"1";"3";"RUE OBERKAMPF";"48,86700100";"2,38285400"
"202400036424";"14";"09";"2024";"00:30";"3";"67";"67506";"1";"1";"9";"7";"A355";"48,67718575";"7,72371054"
"202400036425";"19";"06";"2024";"19:05";"1";"75";"75110";"2";"2";"1";"6";"RUE LA FAYETTE";"48,87790400";"2,35161000"
"202400036426";"7";"11";"2024";"15:40";"1";"13";"13080";"1";"1";"1";"2";"Route Rd 561";"43,67701700";"5,41165400"
"202400036427";"19";"06";"2024";"13:45";"1";"75";"75108";"2";"3";"1";"3";"RUE LAMENNAIS";"48,87451600";"2,30219800"
"202400036428";"30";"09";"2024";"12:10";"1";"78";"78208";"2";"3";"8";"3";"POLITZER (AVENUE GEORGES)";"48,76099000";"1,97214000"
"202400036429";"19";"06";"2024";"20:53";"2";"75";"75107";"2";"1";"1";"1";"QUAI ANATOLE FRANCE";"48,86166200";"2,32226600"
"202400036430";"7";"11";"2024";"17:44";"3";"01";"01195";"1";"1";"1";"5";"A 40";"46,21663100";"5,29317000"
"202400036431";"19";"06";"2024";"11:15";"1";"75";"75107";"2";"1";"1";"7";"QUAI D ORSAY";"48,86254000";"2,30953800"
"202400036432";"19";"06";"2024";"10:50";"1";"75";"75102";"2";"1";"1";"3";"BOULEVARD DE SEBASTOPOL";"48,86837900";"2,35372200"
"202400036433";"1";"10";"2024";"15:15";"1";"77";"77284";"2";"2";"1";"6";"ALLENDE (AV.SALVADOR)";"48,95455000";"2,89386000"
"202400036434";"8";"11";"2024";"08:30";"1";"31";"31254";"2";"1";"1";"6";"D16";"43,53069100";"1,53532900"
"202400036435";"19";"06";"2024";"11:25";"1";"93";"93070";"2";"1";"1";"2";"Rue Charles Schmidt";"48,90540000";"2,33268000"
"202400036436";"2";"10";"2024";"00:20";"3";"77";"77075";"2";"4";"1";"7";"D5";"48,88446460";"2,77120331"
"202400036437";"7";"11";"2024";"15:00";"1";"988";"98821";"1";"1";"1";"6";"RT1 - LA TAMOA";" -22,05809900";"166,25031000"
"202400036438";"19";"06";"2024";"14:35";"1";"93";"93051";"2";"2";"1";"3";"Route de Neuilly / Rue Pierre Brossolette";"48,84698000";"2,54042000"
"202400036439";"3";"11";"2024";"19:15";"5";"34";"34154";"1";"1";"1";"7";"D172";"43,58987600";"3,95516900"
"202400036440";"1";"10";"2024";"08:50";"1";"77";"77058";"2";"1";"1";"2";"ANTOINE GIROUST (BOULEVARD )";"48,83405000";"2,71240000"
"202400036441";"19";"06";"2024";"04:50";"5";"93";"93046";"2";"3";"1";"6";"Avenue Aristide Briand / Avenue Camille Desmoulins";"48,91246200";"2,52232500"
"202400036442";"30";"09";"2024";"16:00";"1";"76";"76351";"2";"3";"2";"3";"FLORIMOND LAURENT (RUE)";"49,51494000";"0,11221000"
"202400036443";"7";"11";"2024";"17:18";"1";"83";"83106";"1";"1";"1";"5";"D43";"43,29835400";"6,07325100"
"202400036444";"19";"06";"2024";"08:50";"1";"95";"95427";"2";"3";"1";"3";"JULES FERRY (RUE)";"48,95701000";"2,33465000"
"202400036445";"7";"11";"2024";"19:34";"5";"71";"71342";"2";"1";"1";"3";"Rue du 8 Mai";"46,45029200";"4,11604800"
"202400036446";"19";"06";"2024";"21:30";"2";"93";"93014";"2";"1";"1";"3";"Allée Maurice Audin";"48,90926000";"2,54950000"
"202400036447";"26";"09";"2024";"16:45";"1";"76";"76351";"2";"1";"1";"6";"STRASBOURG (BD)";"49,49325000";"0,10980000"
"202400036448";"6";"09";"2024";"06:45";"1";"67";"67001";"2";"1";"1";"1";"M45";"48,58362700";"7,63489700"
"202400036449";"18";"06";"2024";"17:00";"1";"93";"93010";"2";"9";"8";"2";"Avenue Galliéni";"48,90569200";"2,47752800"
"202400036450";"1";"10";"2024";"08:30";"1";"73";"73065";"2";"6";"1";"7";"LYON (AVENUE DE)";"45,56239981";"5,91256723"
"202400036451";"8";"11";"2024";"04:20";"3";"03";"03290";"1";"1";"5";"2";"Nationale 7";"46,64597500";"3,27164100"
"202400036452";"18";"06";"2024";"20:15";"1";"93";"93007";"2";"1";"8";"3";"Avenue Albert Einstein";"48,94507600";"2,47155600"
"202400036453";"8";"11";"2024";"08:51";"1";"42";"42304";"1";"1";"1";"3";"2551 Route des Monts";"45,55358956";"4,21397415"
"202400036454";"19";"06";"2024";"19:00";"1";"92";"92064";"2";"1";"1";"3";"PASTEUR";"48,84209913";"2,20520568"
"202400036455";"1";"10";"2024";"00:20";"5";"72";"72181";"2";"1";"1";"6";"BARTHOLDI FRED AUGUSTE (AV) PAIRS";"48,01800000";"0,15300000"
"202400036456";"7";"11";"2024";"07:50";"2";"44";"44035";"2";"2";"1";"3";"220 Route d'Orvault ";"47,28315200";" -1,58653200"
"202400036457";"19";"06";"2024";"22:50";"5";"92";"92050";"2";"1";"1";"3";"PROVINCES FRANCAISES BD DES";"48,89933000";"2,21391000"
"202400036458";"7";"11";"2024";"14:30";"1";"38";"38261";"2";"1";"1";"7";"Avenue du Pré du Roi";"45,67482600";"5,46171200"
"202400036459";"18";"06";"2024";"00:30";"5";"92";"92036";"2";"6";"1";"6";"PIERRE TIMBAUD (RUE) (PAIRS)";"48,93329682";"2,30171299"
"202400036460";"1";"10";"2024";"15:05";"1";"71";"71306";"2";"1";"2";"7";"GENERAL DE GAULLE (QUAI DU)";"46,67422000";"4,36213000"
"202400036461";"8";"11";"2024";"17:30";"5";"69";"69206";"1";"1";"1";"6";"Route de Villefranche sur Saône";"46,04971900";"4,72214200"
"202400036462";"19";"06";"2024";"17:05";"1";"92";"92035";"2";"1";"1";"6";"Sartoris ( rue )";"48,90793688";"2,24815840"
"202400036463";"8";"11";"2024";"09:45";"1";"69";"69052";"2";"1";"1";"6";"Route de Chazay";"45,87410700";"4,72192200"
"202400036464";"18";"06";"2024";"08:50";"1";"92";"92026";"2";"1";"3";"2";"MARECHAL JOFFRE (QUAI DU)";"48,90010040";"2,27367875"
"202400036465";"7";"11";"2024";"10:35";"1";"31";"31395";"2";"1";"1";"2";"3 Rue Pierre de Fermat";"43,47825700";"1,33294600"
"202400036466";"1";"10";"2024";"21:15";"5";"66";"66136";"2";"9";"1";"3";"PYRENEES (BOULEVARD DES)";"42,69681000";"2,88820000"
"202400036467";"19";"06";"2024";"19:40";"1";"92";"92012";"2";"2";"1";"3";"GENERAL LECLERC (AVENUE DU) 35/FIN - 60/";"48,83078513";"2,23469961"
"202400036468";"7";"11";"2024";"17:40";"2";"23";"23125";"1";"1";"1";"6";"D982";"45,73042700";"2,20431400"
"202400036469";"19";"06";"2024";"11:20";"1";"92";"92007";"2";"1";"1";"6";"PETIT (AVENUE ALBERT) N° 28 A FIN";"48,79616957";"2,32003140"
"202400036470";"27";"09";"2024";"00:30";"5";"66";"66136";"2";"2";"1";"3";"POINCARE (BOULEVARD HENRI)";"42,69128000";"2,89655000"
"202400036471";"8";"11";"2024";"09:10";"1";"47";"47157";"2";"6";"1";"3";"Rue Jean Charcot";"44,50753200";"0,16999800"
"202400036472";"19";"06";"2024";"17:10";"1";"92";"92004";"2";"1";"8";"3";"REDOUTE ( AVENUE DE LA  )";"48,92732000";"2,27437000"
"202400036473";"6";"11";"2024";"20:05";"3";"33";"33006";"1";"1";"5";"6";"N/A";"45,20020600";" -0,62953600"
"202400036474";"30";"09";"2024";"17:00";"1";"66";"66136";"2";"1";"1";"6";"Boulevard du Foment-de-la-Sardane";"42,68252000";"2,90702000"
"202400036475";"16";"06";"2024";"17:30";"1";"47";"47238";"2";"1";"1";"7";"Côte de Lamartine";"44,17695100";"0,52244200"
"202400036476";"8";"06";"2024";"13:00";"1";"85";"85226";"1";"1";"1";"2";"RD2038";"46,74171300";" -1,95437600"
"202400036477";"18";"06";"2024";"03:45";"3";"54";"54006";"1";"1";"1";"6";"RD 913";"48,72937440";"6,23718739"
"202400036478";"1";"10";"2024";"18:05";"1";"64";"64545";"2";"1";"2";"4";"RD810";"43,35006000";" -1,73898000"
"202400036479";"7";"11";"2024";"21:10";"3";"60";"60589";"1";"1";"2";"2";"D1016";"49,21954500";"2,46652700"
"202400036480";"17";"06";"2024";"17:15";"1";"83";"83058";"2";"9";"1";"3";"Rue de geneste";"43,53896700";"6,38116800"
"202400036481";"18";"06";"2024";"22:07";"4";"95";"95205";"1";"1";"1";"7";"D316";"49,03421279";"2,39184769"
"202400036482";"1";"10";"2024";"08:01";"1";"64";"64260";"2";"2";"1";"3";"GAULLE CHARLES (RUE DE)";"43,35871000";" -1,77601000"
"202400036483";"6";"11";"2024";"17:30";"5";"62";"62318";"2";"2";"1";"3";"Avenue du Vieux Moulin";"50,51823600";"1,65157000"
"202400036484";"5";"11";"2024";"17:25";"5";"59";"59011";"2";"7";"2";"3";"Place du Marche";"50,53035000";"2,93486200"
"202400036485";"1";"10";"2024";"21:20";"5";"64";"64445";"2";"4";"3";"3";"DOYEN HENRY VIZIOZ DU";"43,32038000";" -0,36814000"
"202400036486";"6";"11";"2024";"17:42";"2";"13";"13213";"1";"1";"1";"3";"A507 sens Aubagne- Marseille";"43,33009000";"5,41161000"
"202400036487";"1";"10";"2024";"15:00";"1";"64";"64024";"2";"2";"1";"1";"HAUSQUETTE (RUE DE)";"43,49355595";" -1,51005954"
"202400036488";"6";"11";"2024";"12:48";"1";"13";"13202";"1";"1";"2";"3";"A55-Sens Marseille vers Martigues";"43,31934000";"5,36367000"
"202400036489";"20";"06";"2024";"07:20";"1";"76";"76235";"2";"2";"1";"6";"11 Rue de la Halle";"49,89610000";"1,26415200"
"202400036490";"7";"11";"2024";"16:48";"1";"33";"33039";"1";"1";"1";"2";"N/A";"44,80217500";" -0,53375500"
"202400036491";"1";"10";"2024";"08:40";"1";"64";"64102";"2";"1";"1";"3";"HENRI DE NAVARRE (AVENUE)";"43,49524000";" -1,45201000"
"202400036492";"7";"11";"2024";"07:01";"2";"33";"33080";"1";"1";"1";"2";"N/A";"44,73604800";" -0,53311600"
"202400036493";"30";"09";"2024";"14:15";"1";"63";"63300";"2";"6";"1";"1";"PARIS (AVENUE DE)";"45,90655000";"3,12469000"
"202400036494";"6";"11";"2024";"08:18";"1";"59";"59646";"1";"1";"1";"4";"AUTOROUTE A22";"50,65688000";"3,12546000"
"202400036495";"20";"06";"2024";"11:17";"1";"67";"67445";"1";"1";"8";"1";"Rue du Sel";"48,29290000";"7,37363200"
"202400036496";"7";"11";"2024";"08:40";"1";"94";"94021";"1";"1";"1";"3";"A6A";"48,76884885";"2,34540172"
"202400036497";"20";"06";"2024";"06:58";"1";"52";"52163";"1";"1";"1";"2";"A31 PK130+800 direction Dijon";"47,95556100";"5,41614574"
"202400036498";"7";"11";"2024";"06:20";"3";"91";"91689";"1";"1";"1";"3";"AUTOROUTE A6B";"48,74278000";"2,32256000"
"202400036499";"30";"09";"2024";"16:45";"1";"63";"63245";"2";"1";"1";"1";"LAGRANGE LEO (AVENUE)";"45,89333000";"3,09157000"
"202400036500";"19";"06";"2024";"16:53";"1";"68";"68022";"2";"1";"1";"6";"75 Rue Principale";"47,82159800";"7,38219600"
"202400036501";"7";"11";"2024";"17:08";"2";"92";"92036";"1";"1";"1";"2";"A86";"48,93484397";"2,26726483"
"202400036502";"7";"11";"2024";"17:05";"1";"93";"93027";"1";"1";"1";"2";"AUTOROUTE A86";"48,92416061";"2,38792241"
"202400036503";"20";"06";"2024";"18:50";"1";"03";"03036";"2";"1";"1";"6";"1 Avenue Charles Louis Philippe";"46,58464100";"3,05630200"
"202400036504";"7";"11";"2024";"16:50";"2";"93";"93006";"1";"1";"1";"3";"AUTOROUTE A3";"48,86452091";"2,41496372"
"202400036505";"14";"06";"2024";"16:30";"1";"89";"89066";"1";"1";"1";"1";"Route de la Vallee d’Enfer";"48,14946000";"3,47390600"
"202400036506";"7";"11";"2024";"07:50";"1";"93";"93064";"1";"1";"1";"3";"AUTOROUTE A86";"48,86927975";"2,48237084"
"202400036507";"30";"09";"2024";"16:45";"1";"63";"63113";"2";"3";"1";"3";"MONTCALM (RUE)";"45,76046000";"3,09553000"
"202400036508";"6";"11";"2024";"19:15";"3";"95";"95604";"1";"1";"1";"3";"A1";"49,12091000";"2,55671000"
"202400036509";"30";"09";"2024";"16:35";"1";"62";"62215";"2";"9";"1";"3";"Rue du Marais";"50,49034040";"2,95994416"
"202400036510";"18";"06";"2024";"08:05";"1";"51";"51027";"1";"3";"1";"3";"Rue Saint-martin";"49,03292300";"4,70082300"
"202400036511";"6";"11";"2024";"09:00";"1";"93";"93008";"1";"1";"1";"3";"AUTOROUTE A86";"48,90794850";"2,45266698"
"202400036512";"30";"09";"2024";"17:10";"1";"62";"62041";"2";"1";"2";"6";"Avenue de l'Hippodrome";"50,29281000";"2,74727000"
"202400036513";"20";"06";"2024";"13:00";"1";"51";"51622";"1";"3";"8";"3";"D26";"49,21098100";"3,94143100"
"202400036514";"6";"11";"2024";"08:30";"1";"95";"95277";"1";"1";"1";"2";"A104";"48,97421456";"2,48930476"
"202400036515";"20";"06";"2024";"16:15";"1";"19";"19273";"1";"1";"2";"6";"N/A";"45,06480830";"1,56309154"
"202400036516";"1";"10";"2024";"16:35";"1";"60";"60057";"2";"2";"1";"6";"PARIS (RUE DE) > AVENUE DE LA PAIX";"49,41615000";"2,09912000"
"202400036517";"6";"11";"2024";"23:50";"3";"77";"77175";"1";"1";"1";"6";"RN104";"48,67010536";"2,61201669"
"202400036518";"30";"09";"2024";"13:30";"1";"60";"60057";"2";"9";"2";"6";"Rue de Sénéfontaine";"49,41951285";"2,07204294"
"202400036519";"6";"11";"2024";"23:30";"3";"94";"94042";"1";"1";"1";"2";"A4";"48,82781145";"2,47176162"
"202400036520";"20";"06";"2024";"15:00";"1";"56";"56236";"1";"2";"1";"3";"L'Hôpital Robin";"47,90050900";" -2,51834800"
"202400036521";"19";"06";"2024";"19:30";"1";"77";"77109";"1";"1";"1";"7";"Route départementale 75";"48,60794400";"3,18328900"
"202400036522";"1";"10";"2024";"19:10";"5";"59";"59009";"2";"9";"2";"3";"MONS BOULEVARD DE";"50,64700000";"3,12500000"
"202400036523";"6";"11";"2024";"18:00";"2";"77";"77294";"1";"1";"1";"5";"RN104";"48,96701920";"2,60494771"
"202400036524";"20";"06";"2024";"18:15";"1";"76";"76100";"1";"2";"1";"3";"intersection D85/D61";"49,50082400";"1,26280500"
"202400036525";"1";"10";"2024";"07:35";"1";"59";"59378";"2";"3";"1";"3";"Rue Nationale";"50,66556000";"3,07608000"
"202400036526";"6";"11";"2024";"11:49";"1";"94";"94069";"1";"1";"1";"4";"A86";"48,81626132";"2,45282484"
"202400036527";"18";"06";"2024";"10:20";"1";"61";"61327";"1";"1";"8";"3";"D7";"48,44829700";"0,44703300"
"202400036528";"1";"10";"2024";"06:40";"5";"57";"57463";"2";"1";"8";"3";"SENTE A MY (RUE )";"49,09478710";"6,17654264"
"202400036529";"20";"06";"2024";"18:25";"2";"47";"47138";"1";"1";"3";"1";"Lagasse";"44,25755600";"0,72790900"
"202400036530";"28";"04";"2024";"11:30";"1";"93";"93048";"2";"1";"1";"3";"Rue de Paris";"48,85498745";"2,41870071"
"202400036531";"20";"06";"2024";"04:50";"3";"25";"25334";"1";"1";"1";"6";"D72 PR 12+400";"46,95596700";"6,14775200"
"202400036532";"11";"04";"2024";"20:00";"5";"93";"93064";"2";"1";"1";"3";"Rue Missak Manouchian";"48,86318207";"2,49628350"
"202400036533";"15";"06";"2024";"22:12";"3";"25";"25108";"1";"1";"1";"7";"D437a";"47,24389600";"6,83828300"
"202400036534";"30";"09";"2024";"18:02";"1";"57";"57463";"2";"4";"9";"3";"ARENES (RUE AUX)";"49,10738556";"6,17796742"
"202400036535";"20";"06";"2024";"17:20";"1";"29";"29146";"1";"2";"2";"3";"Kerampaou";"47,88922281";" -3,79754455"
"202400036536";"13";"01";"2024";"11:00";"1";"49";"49099";"2";"2";"1";"4";"LORRAINE (RUE DE)";"47,05882000";" -0,86627000"
"202400036537";"27";"09";"2024";"15:51";"1";"54";"54159";"2";"1";"8";"7";"Rue de la Saline";"48,62140000";"6,34474000"
"202400036538";"5";"11";"2024";"23:33";"4";"972";"97213";"1";"1";"2";"6";"ROUTE NATIONALE 5";"14,59649000";" -60,99336000"
"202400036539";"20";"06";"2024";"01:10";"3";"29";"29003";"2";"3";"8";"6";"Rue du 14 Juillet";"48,02600407";" -4,54690495"
"202400036540";"20";"06";"2024";"16:10";"1";"15";"15050";"1";"1";"5";"6";"RD 680";"45,11199000";"2,67944100"
"202400036541";"20";"06";"2024";"17:50";"1";"01";"01374";"1";"3";"2";"3";"RD 1075";"46,11858702";"5,29734671"
"202400036542";"6";"11";"2024";"14:50";"1";"972";"97213";"1";"2";"1";"3";"ROUTE DEPARTEMENTALE 3";"14,62111000";" -60,98742000"
"202400036543";"1";"10";"2024";"14:35";"1";"51";"51454";"2";"2";"1";"6";"MARCHANDEAU (AVENUE PAUL)";"49,24406000";"4,02759000"
"202400036544";"19";"06";"2024";"18:45";"1";"01";"01200";"1";"1";"1";"7";"Route du Sappel";"46,09684500";"5,50327200"
"202400036545";"5";"11";"2024";"19:50";"5";"972";"97213";"1";"1";"1";"5";"AUTOROUTE A1";"14,61504000";" -61,01342000"
"202400036546";"24";"09";"2024";"07:20";"2";"49";"49328";"2";"1";"2";"1";"Rue de Nantilly";"47,25319000";" -0,07720000"
"202400036547";"1";"10";"2024";"19:40";"2";"49";"49007";"2";"1";"1";"6";"CONTADES AVENUE";"47,46430000";" -0,55365000"
"202400036548";"5";"11";"2024";"22:00";"5";"972";"97209";"2";"1";"1";"6";"PROFESSEUR RAYMOND GARCIN (RUE DU)";"14,62050000";" -61,07760000"
"202400036549";"18";"06";"2024";"14:00";"1";"45";"45165";"1";"2";"1";"3";"Route de Montbouy";"47,93012500";"2,85287300"
"202400036550";"6";"11";"2024";"23:55";"5";"69";"69034";"2";"1";"1";"6";"Montée de la Boucle";"45,78081747";"4,84002818"
"202400036551";"30";"09";"2024";"11:30";"1";"49";"49007";"2";"1";"1";"2";"LAFAYETTE PLACE";"47,46232000";" -0,55382000"
"202400036552";"19";"06";"2024";"18:15";"1";"64";"64138";"1";"6";"1";"3";"D938";"43,24356200";" -0,26805500"
"202400036553";"1";"10";"2024";"07:34";"1";"47";"47001";"2";"2";"1";"6";"PALISSY (RUE ET IMP.)";"44,20040000";"0,61600000"
"202400036554";"2";"11";"2024";"21:00";"5";"971";"97120";"2";"9";"1";"3";"FREBAULT";"16,24092000";" -61,53527000"
"202400036555";"20";"06";"2024";"16:45";"1";"64";"64060";"1";"3";"3";"3";"D802";"43,31812700";" -0,46315000"
"202400036556";"29";"09";"2024";"18:56";"1";"42";"42095";"2";"2";"1";"6";"Rue Jean Jaurès";"45,38809000";"4,28580000"
"202400036557";"6";"11";"2024";"12:35";"1";101;101004";"2";"1";"1";"2";"NAPOLEON COURS APRES BEVERINI";"41,92631363";"8,73829901"
"202400036558";"19";"06";"2024";"21:15";"2";"37";"37204";"1";"2";"2";"3";"La Houssaye";"47,52910100";"0,67446000"
"202400036559";"1";"10";"2024";"18:55";"1";"37";"37261";"2";"1";"7";"6";"DANIEL MAYER";"47,41852000";"0,68474000"
"202400036560";"5";"11";"2024";"19:45";"5";"91";"91691";"2";"1";"1";"5";"RAYMOND POINCARE(RUE)";"48,71544000";"2,50154000"
"202400036561";"1";"10";"2024";"09:50";"1";"37";"37261";"2";"1";"2";"7";"Daniel Mayer";"47,41884529";"0,69916391"
"202400036562";"17";"06";"2024";"20:30";"1";"38";"38310";"1";"1";"1";"7";"Route de Rochefort";"45,25976900";"5,47200700"
"202400036563";"6";"11";"2024";"14:20";"1";"82";"82121";"2";"1";"1";"7";"GOUZE(boulevard h)";"44,00737883";"1,36045387"
"202400036564";"1";"10";"2024";"20:45";"5";"35";"35115";"2";"1";"1";"3";"SAINT LO (RUE DE)";"48,36571000";" -1,17991000"
"202400036565";"4";"11";"2024";"08:25";"1";"80";"80021";"2";"1";"1";"2";"Avenue de la Paix";"49,91161000";"2,29935000"
"202400036566";"19";"06";"2024";"19:00";"1";"63";"63082";"1";"1";"3";"6";"A71";"46,06729317";"3,11836114"
"202400036567";"19";"06";"2024";"04:15";"3";"53";"53007";"1";"1";"8";"6";"A81, PK 233.150";"48,07462400";" -0,60186600"
"202400036568";"1";"10";"2024";"18:45";"1";"33";"33063";"2";"3";"2";"3";"N/A";"44,86199000";" -0,55608000"
"202400036569";"6";"11";"2024";"16:15";"1";"78";"78423";"2";"3";"1";"6";"LECLERC (AVENUE DU GENERAL)";"48,77595000";"2,03726000"
"202400036570";"20";"06";"2024";"08:40";"1";"21";"21297";"1";"1";"1";"6";"Autoroute A31, PK 19+200 sens Beaune / Dijon";"47,16443600";"4,99997600"
"202400036571";"19";"06";"2024";"17:45";"1";"56";"56075";"1";"1";"1";"1";"Le Hurpe";"47,92926900";" -2,12718500"
"202400036572";"1";"10";"2024";"14:30";"1";"33";"33281";"2";"1";"1";"3";"N/A";"44,83388000";" -0,66880000"
"202400036573";"19";"06";"2024";"16:50";"1";"988";"98826";"2";"1";"1";"1";"Naraï (Tribu)";" -20,19785900";"164,13298500"
"202400036574";"30";"09";"2024";"15:00";"1";"33";"33192";"2";"1";"8";"3";"N/A";"44,78581000";" -0,60531000"
"202400036575";"8";"06";"2024";"05:15";"3";"66";"66037";"1";"1";"1";"2";"D617";"42,70544500";"2,99416100"
"202400036576";"20";"06";"2024";"16:25";"1";"30";"30142";"1";"1";"2";"1";"D906";"44,24026800";"4,05572000"
"202400036577";"20";"06";"2024";"04:15";"3";"13";"13004";"1";"1";"2";"1";"Route départementale 570";"43,64346700";"4,56664300"
"202400036578";"30";"09";"2024";"13:58";"1";"33";"33065";"1";"1";"8";"3";"N/A";"44,80473000";" -0,51660000"
"202400036579";"19";"06";"2024";"17:00";"1";"68";"68309";"1";"2";"1";"3";"Forêt domaniale de la Hardt-Nord";"47,65287700";"7,49446700"
"202400036580";"1";"10";"2024";"20:40";"5";"29";"29232";"1";"6";"1";"6";"Boulevard Gutenberg";"47,97993992";" -4,08075934"
"202400036581";"6";"11";"2024";"10:44";"1";"77";"77058";"2";"1";"1";"6";"MARIE CURIE  (AVENUE)";"48,83409826";"2,71389970"
"202400036582";"1";"10";"2024";"14:00";"1";"28";"28332";"2";"9";"1";"3";"Rue de Moronval";"48,73289000";"1,38681000"
"202400036583";"19";"06";"2024";"17:50";"1";"88";"88090";"1";"1";"1";"4";"N57";"48,36854508";"6,27982448"
"202400036584";"5";"11";"2024";"18:05";"5";"71";"71270";"2";"1";"1";"6";"ESCANDE (BOULEVARD LOUIS)";"46,31694556";"4,81607978"
"202400036585";"30";"09";"2024";"08:24";"1";"25";"25462";"1";"6";"1";"3";"ROCADE G.POMPIDOU (DU 25 A LA FIN)";"46,90994000";"6,33238000"
"202400036586";"16";"06";"2024";"16:30";"1";"73";"73054";"1";"4";"1";"2";"D902";"45,68517607";"6,73667969"
"202400036587";"6";"11";"2024";"08:45";"1";"69";"69264";"2";"1";"8";"3";"Rue Jules Ferry";"45,98026250";"4,73482043"
"202400036588";"1";"10";"2024";"18:48";"1";"22";"22215";"2";"1";"1";"3";"CARPONT (RUE DU)";"48,50116000";" -2,77679000"
"202400036589";"6";"11";"2024";"11:45";"1";"69";"69029";"2";"2";"1";"3";"Avenue Général de Gaulle";"45,72727000";"4,92723000"
"202400036590";"20";"06";"2024";"06:45";"1";"73";"73054";"1";"1";"2";"7";"D902";"45,64553300";"6,78571000"
"202400036591";"1";"10";"2024";"08:30";"1";"21";"21355";"1";"1";"8";"3";"M974";"47,28082300";"5,04866800"
"202400036592";"6";"11";"2024";"17:25";"2";"67";"67482";"2";"8";"1";"6";"GENERAL DE GAULLE (AVENUE DU)";"48,57861000";"7,76940000"
"202400036593";"12";"12";"2024";"05:55";"5";"83";"83126";"2";"3";"9";"3";"STALINGRAD (BD)";"43,10653000";"5,86602000"
"202400036594";"30";"09";"2024";"08:00";"1";"19";"19272";"2";"3";"3";"7";"Albert de la Pradel (Av)";"45,28419136";"1,77147737"
"202400036595";"18";"06";"2024";"17:40";"1";"69";"69204";"1";"2";"1";"1";"Route de Brignais";"45,70461700";"4,76791400"
"202400036596";"11";"12";"2024";"17:30";"5";"83";"83129";"2";"1";"1";"6";"RAYNAUD (AVENUE JOSEPH)";"43,09126175";"5,84484678"
"202400036597";"6";"11";"2024";"03:57";"5";"67";"67482";"2";"3";"5";"6";"HAVRE (RUE DU)";"48,55473000";"7,79607000"
"202400036598";"18";"06";"2024";"08:45";"1";"69";"69204";"2";"1";"1";"6";"90 Avenue Georges Clémenceau";"45,70038000";"4,79551100"
"202400036599";"1";"10";"2024";"22:25";"5";"13";"13210";"2";"2";"2";"3";"FLORIAN ( ROND POINT)";"43,28543000";"5,42582000"
"202400036600";"12";"12";"2024";"09:30";"1";"81";"81004";"2";"2";"1";"3";"STRASBOURG (BD DE)";"43,93323000";"2,14666000"
"202400036601";"5";"11";"2024";"19:00";"5";"67";"67447";"2";"3";"1";"2";"ERSTEIN (RUE D )";"48,61018000";"7,73966000"
"202400036602";"20";"06";"2024";"17:45";"1";"14";"14762";"2";"2";"8";"7";"20bis Rue du Viverot";"48,84289200";" -0,88330500"
"202400036603";"12";"12";"2024";"12:05";"1";"80";"80021";"2";"1";"1";"3";"CONDE (RUE DE)";"49,89774000";"2,29450000"
"202400036604";"1";"10";"2024";"13:35";"1";"13";"13210";"2";"1";"1";"3";"CAPELETTE (AVENUE DE LA)";"43,28064540";"5,40768270"
"202400036605";"5";"11";"2024";"13:22";"1";"67";"67482";"2";"3";"1";"6";"VIENNE (ROUTE DE)";"48,57514000";"7,75483000"
"202400036606";"19";"06";"2024";"16:40";"1";"56";"56237";"1";"1";"2";"1";"Reste Er Bouer";"48,01986200";" -2,90949900"
"202400036607";"11";"12";"2024";"18:06";"5";"79";"79081";"2";"1";"1";"3";"N/A";"46,34086000";" -0,37787000"
"202400036608";"1";"10";"2024";"11:05";"1";"13";"13214";"2";"4";"1";"3";"ALEX ANSALDI (RUE)";"43,33068000";"5,40449000"
"202400036609";"4";"11";"2024";"09:10";"1";"66";"66136";"1";"1";"1";"3";"N/A";"42,69585000";"2,85199000"
"202400036610";"11";"12";"2024";"08:40";"3";"78";"78486";"1";"1";"8";"6";"TOUCHE (RUE DE LA)";"48,69617000";"1,82234000"
"202400036611";"20";"06";"2024";"10:15";"1";"22";"22143";"2";"6";"1";"3";"9 Rue des Guerches";"48,59792600";" -2,29393800"
"202400036612";"6";"11";"2024";"13:15";"1";"64";"64445";"2";"1";"1";"6";"14 JUILLET DU";"43,29371000";" -0,37755000"
"202400036613";"1";"10";"2024";"05:50";"5";"13";"13205";"2";"1";"1";"3";"SAKAKINI (BOULEVARD)";"43,29553000";"5,40028000"
"202400036614";"12";"12";"2024";"08:00";"2";"78";"78208";"2";"3";"1";"3";"GANCE (COURS ABEL)";"48,76679000";"1,96551000"
"202400036615";"6";"11";"2024";"19:10";"5";"64";"64024";"2";"1";"1";"3";"BOIS BELIN (RUE DU)";"43,49289000";" -1,51944000"
"202400036616";"20";"06";"2024";"08:05";"1";"60";"60009";"1";"6";"1";"3";"Avenue Rhin et Danube";"49,40531900";"2,11977100"
"202400036617";"1";"10";"2024";"13:45";"1";"13";"13005";"2";"1";"1";"2";"BEAUDINARD (ROUTE DE)";"43,31613000";"5,59022000"
"202400036618";"12";"12";"2024";"17:45";"3";"77";"77243";"2";"1";"1";"6";"D934";"48,87300700";"2,71754500"
"202400036619";"5";"11";"2024";"20:40";"5";"64";"64102";"2";"1";"1";"2";"DUVERGIER DE HAURANNE (AVENUE)";"43,48614000";" -1,46649000"
"202400036620";"6";"11";"2024";"18:09";"5";"63";"63300";"2";"2";"1";"3";"REPUBLIQUE (BOULEVARD DE LA)";"45,89395591";"3,10934007"
"202400036621";"20";"06";"2024";"07:38";"1";"80";"80002";"1";"1";"1";"2";"autoroute A1 PK 116+400 sens Paris Lille";"49,83222500";"2,82837900"
"202400036622";"11";"12";"2024";"16:13";"2";"77";"77186";"1";"1";"1";"3";"D116";"48,48042000";"2,74614000"
"202400036623";"6";"11";"2024";"23:30";"3";"62";"62846";"2";"9";"1";"6";"D943";"50,47535691";"2,74205250"
"202400036624";"19";"06";"2024";"16:30";"1";"62";"62487";"2";"1";"1";"6";"Rue Jean Monnet";"50,84013075";"1,77443075"
"202400036625";"5";"11";"2024";"15:15";"1";"60";"60057";"2";"1";"8";"6";"Avenue Paul-Henri Spaak";"49,44759000";"2,10114000"
"202400036626";"12";"12";"2024";"13:00";"1";"76";"76540";"2";"2";"8";"6";"Rue Jeanne d'Arc";"49,44026000";"1,08948000"
"202400036627";"19";"06";"2024";"09:00";"1";"59";"59034";"1";"1";"1";"3";"D549";"50,53950639";"3,07401894"
"202400036628";"6";"11";"2024";"16:30";"2";"59";"59152";"2";"4";"8";"6";"Avenue de l'Énergie";"50,76706489";"3,01773045"
"202400036629";"12";"12";"2024";"15:00";"1";"73";"73087";"2";"4";"1";"6";"DERRIERE LES MURS (RUE DE)";"45,56115000";"5,89737000"
"202400036630";"19";"06";"2024";"00:45";"3";"57";"57582";"1";"9";"8";"7";"Autoroute A31";"49,28379000";"6,17279000"
"202400036631";"4";"11";"2024";"18:30";"4";"57";"57683";"2";"1";"1";"6";"SAINT JACQUES ( RUE) ";"49,30113920";"6,16238146"
"202400036632";"12";"12";"2024";"16:45";"1";"72";"72181";"2";"1";"1";"3";"RHIN ET DANUBE (AV) N° PAIRS 194 A 338";"48,02446000";"0,18234000"
"202400036633";"19";"06";"2024";"07:50";"1";"33";"33281";"1";"1";"1";"2";"N/A";"44,84358000";" -0,67220000"