"Num_Acc";"jour";"mois";"an";"hrmn";"lum";"dep";"com";"agg";"int";"atm";"col";"adr";"lat";"long"
"202400036634";"6";"11";"2024";"07:17";"2";"56";"56260";"1";"3";"1";"3";"Rue du Rohic";"47,66023000";" -2,70447000"
"202400036635";"12";"12";"2024";"11:51";"1";"71";"71076";"2";"1";"1";"6";"GIDE (RUE ANDRE)";"46,79841000";"4,84428000"
"202400036636";"18";"06";"2024";"16:50";"1";"33";"33249";"1";"1";"1";"2";"N/A";"44,87086800";" -0,50535700"
"202400036637";"5";"11";"2024";"17:00";"2";"56";"56260";"2";"1";"1";"3";"Avenue de la Marne";"47,66008000";" -2,78739000"
"202400036638";"12";"12";"2024";"18:10";"5";"69";"69091";"2";"3";"1";"3";"Rue Julian Grimau";"45,59485000";"4,76959000"
"202400036639";"19";"06";"2024";"18:23";"1";"91";"91161";"1";"1";"1";"3";"AUTOROUTE A6";"48,69536068";"2,31806159"
"202400036640";"6";"11";"2024";"18:45";"5";"54";"54395";"2";"9";"1";"6";"Boulevard Lobau";"48,68233000";"6,19875000"
"202400036641";"11";"12";"2024";"18:25";"5";"67";"67482";"2";"4";"1";"6";"MARTIN SCHONGAUER (RUE)";"48,56652000";"7,72037000"
"202400036642";"6";"11";"2024";"07:55";"2";"54";"54391";"1";"1";"1";"6";"RD613";"49,23022000";"5,93896000"
"202400036643";"19";"06";"2024";"10:40";"1";"93";"93005";"1";"1";"1";"3";"A3";"48,95091347";"2,47454259"
"202400036644";"5";"11";"2024";"19:05";"5";"51";"51058";"2";"6";"1";"6";"LAMBERT (RUE VICTOR)";"49,22857900";"3,99578300"
"202400036645";"11";"12";"2024";"21:45";"5";"67";"67482";"2";"2";"1";"3";"RACINE (AVENUE)";"48,59108000";"7,70911000"
"202400036646";"19";"06";"2024";"07:30";"1";"93";"93007";"1";"1";"1";"5";"A1";"48,94674096";"2,44241883"
"202400036647";"5";"11";"2024";"09:50";"1";"51";"51108";"2";"7";"1";"3";"VERDUN (PL DE)";"48,96342000";"4,36666000"
"202400036648";"19";"06";"2024";"05:30";"3";"95";"95277";"1";"1";"1";"2";"A3";"48,97380183";"2,48838243"
"202400036649";"11";"12";"2024";"12:10";"1";"66";"66136";"2";"3";"2";"5";"Avenue Henri Ribère";"42,69243006";"2,88228035"
"202400036650";"5";"11";"2024";"17:15";"2";"50";"50129";"2";"1";"1";"2";"MER (Bld de la )";"49,65975000";" -1,67577000"
"202400036651";"19";"06";"2024";"08:30";"1";"94";"94073";"1";"1";"1";"3";"A86";"48,76210053";"2,38167667"
"202400036652";"12";"12";"2024";"07:25";"5";"65";"65286";"2";"1";"1";"6";"42 Avenue Alexandre Marqui";"43,10257048";" -0,04332304"
"202400036653";"6";"11";"2024";"10:40";"1";"45";"45234";"2";"1";"8";"7";"7 Rue des Carmes";"47,90153000";"1,90113000"
"202400036654";"12";"12";"2024";"12:00";"1";"64";"64545";"1";"1";"1";"1";"BRETELLE DE LAUTOROUTE RD 913";"43,37460000";" -1,68539000"
"202400036655";"6";"11";"2024";"07:30";"2";"45";"45234";"2";"1";"5";"3";"Rue du Faubourg Bannier";"47,92727600";"1,89627200"
"202400036656";"17";"06";"2024";"18:15";"5";"987";"98735";"2";"3";"1";"3";"POMARE V (AVENUE)";" -17,53036000";" -149,56186000"
"202400036657";"12";"12";"2024";"07:45";"2";"64";"64545";"2";"1";"1";"3";"LANTEGIA (CHEMIN DE)";"43,34810681";" -1,68979973"
"202400036658";"6";"11";"2024";"07:27";"2";"45";"45284";"2";"3";"2";"3";"99 Avenue Pierre et Marie Curie";"47,90608100";"1,98660100"
"202400036659";"18";"06";"2024";"07:40";"1";"974";"97411";"2";"1";"1";"2";"JAURES (BLD 1 JEAN)";" -20,89011000";"55,45300000"
"202400036660";"13";"12";"2024";"00:20";"5";"64";"64445";"1";"1";"1";"1";"EUROPE DE L'";"43,32814000";" -0,33856000"
"202400036661";"6";"11";"2024";"12:45";"1";"44";"44162";"2";"1";"1";"6";"44 Rue de la Porchellerie";"47,22238000";" -1,66740000"
"202400036662";"15";"06";"2024";"10:10";"1";"974";"97411";"2";"1";"2";"1";"MONTAGNE (ROUTE DE LA)";" -20,88910000";"55,43649000"
"202400036663";"5";"11";"2024";"21:10";"5";"44";"44109";"2";"1";"5";"3";"47 Boulevard Gabriel Lauriol";"47,23833000";" -1,56214000"
"202400036664";"12";"12";"2024";"07:45";"2";"64";"64445";"2";"2";"1";"5";"MEON DE";"43,32088000";" -0,37892000"
"202400036665";"18";"06";"2024";"07:35";"1";"974";"97407";"2";"1";"7";"6";"TOULOUSE(BOULEVARD)";" -20,94326000";"55,29149000"
"202400036666";"5";"11";"2024";"14:30";"1";"38";"38185";"2";"2";"1";"3";"PLACE VICTOR HUGO";"45,18971000";"5,72480000"
"202400036667";"17";"06";"2024";"17:49";"1";"973";"97302";"2";"1";"1";"6";"CABASSOU (ROUTE DE)";"4,91990437";" -52,31943047"
"202400036668";"11";"12";"2024";"18:54";"5";"64";"64102";"2";"3";"1";"3";"SOULT (AVENUE MARECHAL)";"43,48396000";" -1,49935000"
"202400036669";"6";"11";"2024";"10:00";"1";"37";"37214";"2";"1";"5";"6";"DE GAULLE (BD CHARLES)";"47,42483000";"0,65867000"
"202400036670";"18";"06";"2024";"21:45";"5";"69";"69387";"2";"1";"1";"7";"Boulevard Yves Farge";"45,74421000";"4,83501000"
"202400036671";"11";"12";"2024";"13:44";"1";"62";"62401";"2";"1";"8";"6";"D947";"50,50619000";"2,80842000"
"202400036672";"4";"11";"2024";"17:25";"2";"37";"37233";"2";"3";"1";"3";"CACHIN (RUE MARCEL)";"47,39784000";"0,75007000"
"202400036673";"18";"06";"2024";"14:30";"1";"69";"69388";"2";"1";"1";"6";"73 Rue Marius Berliet";"45,74135000";"4,86160000"
"202400036674";"12";"12";"2024";"15:30";"1";"60";"60057";"2";"1";"1";"3";"Avenue Léon Blum";"49,45213000";"2,07358000"
"202400036675";"6";"11";"2024";"18:50";"3";"35";"35278";"1";"1";"1";"6";"BETTON (ROND POINT DE)";"48,15259000";" -1,65383000"
"202400036676";"18";"06";"2024";"14:00";"1";"972";"97209";"2";"1";"2";"2";"RD 41";"14,60904000";" -61,08541000"
"202400036677";"12";"12";"2024";"08:52";"2";"59";"59350";"2";"2";"1";"1";"Boulevard de Belfort";"50,62401000";"3,08050000"
"202400036678";"6";"11";"2024";"09:25";"1";"35";"35238";"2";"6";"8";"3";"CHAMPION DE CICE";"48,10172980";" -1,70722000"
"202400036679";"18";"06";"2024";"08:00";"1";100;100037";"1";"1";"1";"2";"TOUTES RUES";"42,63640000";"9,43879000"
"202400036680";"12";"12";"2024";"17:45";"3";"56";"56260";"1";"1";"1";"2";"Ménimur";"47,66919000";" -2,76530000"
"202400036681";"6";"11";"2024";"19:30";"5";"33";"33063";"2";"9";"1";"3";"N/A";"44,83793000";" -0,58744000"
"202400036682";"18";"06";"2024";"10:50";"1";"971";"97120";"2";"1";"1";"6";"NELSON MANDELA";"16,24204000";" -61,53119000"
"202400036683";"11";"12";"2024";"13:10";"1";"54";"54431";"2";"2";"8";"3";"Chemin de la Corderie";"48,90776000";"6,04570000"
"202400036684";"15";"10";"2024";"19:15";"2";"30";"30189";"2";"6";"1";"6";"VERDUN (RUE)";"43,83110000";"4,35060000"
"202400036685";"17";"06";"2024";"16:25";"1";"971";"97101";"2";"1";"1";"4";"DUGAZON";"16,25178000";" -61,51881000"
"202400036686";"7";"12";"2024";"10:30";"1";"54";"54431";"1";"1";"2";"2";"RD 910A";"48,92150000";"6,08529000"
"202400036687";"6";"11";"2024";"19:05";"3";"29";"29232";"1";"1";"1";"4";"RN 165";"48,03251373";" -4,08390880"
"202400036688";"18";"06";"2024";"10:30";"1";"91";"91161";"2";"1";"1";"2";"MAZARIN (AVENUE)";"48,70590000";"2,31410000"
"202400036689";"5";"11";"2024";"10:10";"1";"27";"27299";"2";"1";"5";"6";"SEMARD (RUE PIERRE)";"49,05474000";"1,16828000"
"202400036690";"12";"12";"2024";"09:45";"1";"54";"54357";"2";"3";"1";"6";"Rue Lafayette";"48,71234210";"6,16867840"
"202400036691";"18";"06";"2024";"09:30";"1";"91";"91228";"2";"1";"2";"3";"MARECHAL LECLERC (BD)";"48,63212000";"2,43909000"
"202400036692";"12";"12";"2024";"16:48";"2";"50";"50532";"2";"1";"1";"1";"MARIGNE (AVENUE JOZEAU)";"48,81631000";" -1,57098000"
"202400036693";"6";"11";"2024";"23:30";"3";"26";"26058";"2";"3";"1";"3";"Rue de Sully";"44,94176700";"4,90348577"
"202400036694";"18";"06";"2024";"09:39";"1";"91";"91433";"1";"1";"3";"1";"CD207";"48,45993000";"2,17017000"
"202400036695";"11";"12";"2024";"08:00";"2";"49";"49015";"2";"1";"1";"2";"CROIX CADEAU Z.I.";"47,52066000";" -0,61101000"
"202400036696";"6";"11";"2024";"12:57";"1";"19";"19031";"2";"2";"1";"3";"VOLTAIRE (BOULEVARD)";"45,16146000";"1,54084000"
"202400036697";"11";"12";"2024";"17:25";"5";"45";"45285";"2";"1";"1";"2";"Avenue Pierre Mendès France";"47,90571000";"1,86904000"
"202400036698";"14";"06";"2024";"17:06";"1";"87";"87085";"2";"2";"2";"3";"RHIN ET DANUBE (RUE)";"45,88378000";"1,29447000"
"202400036699";"6";"11";"2024";"22:50";"5";"18";"18033";"2";"1";"1";"1";"5 Boulevard Gambetta";"47,09020000";"2,39249000"
"202400036700";"17";"06";"2024";"08:55";"1";"87";"87085";"2";"1";"3";"6";"COUTURES (AVENUE DES)";"45,83570000";"1,27246000"
"202400036701";"11";"12";"2024";"17:30";"3";"38";"38053";"1";"6";"1";"3";"D522";"45,61689000";"5,26949000"
"202400036702";"12";"12";"2024";"16:10";"1";"34";"34129";"1";"1";"1";"7";"D116";"43,57102000";"3,88007000"
"202400036703";"6";"11";"2024";"20:00";"5";"17";"17415";"2";"9";"1";"3";"Route Départementale N° 131";"45,74687000";" -0,63589000"
"202400036704";"18";"06";"2024";"12:20";"1";"83";"83137";"2";"1";"1";"5";"LOUVOIS (BD)";"43,12944667";"5,93068850"
"202400036705";"12";"12";"2024";"15:24";"1";"34";"34198";"2";"1";"1";"6";"BRASSENS (PLACE GEORGES)";"43,56245000";"3,95202000"
"202400036706";"6";"11";"2024";"13:25";"1";"15";"15014";"2";"1";"1";"6";"Impasse Jean Rostand";"44,90086000";"2,43822000"
"202400036707";"17";"06";"2024";"16:30";"1";"83";"83137";"2";"9";"1";"6";"MAGNAN (AVE GENERAL)";"43,12220000";"5,92893000"
"202400036708";"12";"12";"2024";"23:05";"5";"33";"33069";"2";"2";"1";"3";"N/A";"44,85706000";" -0,59112000"
"202400036709";"4";"11";"2024";"14:40";"1";"15";"15014";"1";"1";"1";"1";"RD 17";"44,94756000";"2,46275000"
"202400036710";"17";"06";"2024";"08:10";"1";"83";"83126";"2";"9";"1";"6";"MERLE (BD TOUSSAINT)";"43,10112876";"5,88827170"
"202400036711";"6";"11";"2024";"13:15";"1";"13";"13215";"2";"1";"1";"3";"SAINT LOUIS (AVENUE DE)";"43,34626000";"5,35938000"
"202400036712";"12";"12";"2024";"07:50";"2";"33";"33063";"2";"1";"1";"3";"N/A";"44,86756000";" -0,55875000"
"202400036713";"6";"11";"2024";"12:35";"1";"13";"13005";"2";"1";"1";"3";"GOUMS (AVENUE DES)";"43,29190000";"5,56159000"
"202400036714";"12";"12";"2024";"07:50";"1";"33";"33318";"2";"6";"1";"6";"N/A";"44,80323000";" -0,63862000"
"202400036715";"18";"06";"2024";"20:20";"1";"78";"78440";"2";"1";"1";"6";"PAUL RAOULT (AVENUE)";"48,98941200";"1,91327700"
"202400036716";"6";"11";"2024";"08:45";"1";"06";"06088";"2";"2";"1";"6";"2 Place Franklin";"43,69961000";"7,25627000"
"202400036717";"11";"12";"2024";"18:30";"5";"33";"33063";"2";"3";"2";"6";"N/A";"44,86179600";" -0,58596600"
"202400036718";"17";"06";"2024";"17:20";"1";"77";"77335";"1";"1";"1";"5";"RN3 (ROUTE NATIONALE)";"48,95721000";"2,85143000"
"202400036719";"6";"11";"2024";"13:45";"1";"06";"06027";"2";"1";"1";"1";"122 Chemin du Val de Cagne";"43,69526500";"7,14572300"
"202400036720";"11";"12";"2024";"15:45";"1";"33";"33162";"2";"1";"1";"3";"N/A";"44,87061000";" -0,65614000"
"202400036721";"28";"10";"2024";"16:06";"1";"01";"01283";"2";"2";"1";"3";"NICOD (RUE DU 0 AU 20-41)";"46,26152600";"5,65549800"
"202400036722";"18";"06";"2024";"20:00";"1";"77";"77307";"2";"6";"1";"2";"RTE DE PROVINS";"48,85237000";"2,76259000"
"202400036723";"9";"12";"2024";"16:20";"1";"29";"29019";"2";"1";"2";"6";"rue de l'Elorn";"48,38510100";" -4,47834700"
"202400036724";"4";"11";"2024";"17:10";"1";"75";"75117";"2";"1";"1";"3";"BOULEVARD PERIPHERIQUE INTERIEUR OUEST";"48,88457800";"2,28630100"
"202400036725";"12";"12";"2024";"08:35";"1";"25";"25204";"1";"6";"1";"2";"R-N 57.";"46,92407000";"6,33739000"
"202400036726";"5";"11";"2024";"23:00";"5";"75";"75110";"2";"1";"1";"5";"RUE DU FAUBOURG SAINT MARTIN";"48,88070400";"2,36465500"
"202400036727";"12";"12";"2024";"10:45";"1";"13";"13103";"2";"1";"1";"6";"BOULEVARD JOLY - VICTOR";"43,63964000";"5,09535000"
"202400036728";"5";"11";"2024";"02:26";"5";"75";"75108";"2";"1";"1";"6";"PLACE DE LA MADELEINE";"48,86997700";"2,32523700"
"202400036729";"12";"12";"2024";"05:00";"3";"13";"13039";"1";"9";"1";"3";"VENTILLON (zone du)";"43,47724000";"4,89900000"
"202400036730";"6";"11";"2024";"00:01";"5";"75";"75119";"2";"3";"1";"3";"BOULEVARD DE LA VILLETTE";"48,88149300";"2,37041800"
"202400036731";"12";"12";"2024";"17:40";"5";"13";"13214";"2";"1";"1";"1";"bougie (rue de la)";"43,32230000";"5,39215000"
"202400036732";"6";"11";"2024";"19:20";"5";"75";"75118";"2";"2";"1";"6";"RUE DES POISSONNIERS";"48,89423700";"2,35286600"
"202400036733";"12";"12";"2024";"14:50";"1";"13";"13213";"2";"1";"1";"1";"NEUF (BOULEVARD)";"43,33259000";"5,43246000"
"202400036734";"6";"11";"2024";"17:35";"5";"75";"75118";"2";"2";"1";"6";"Rue Ordener";"48,89363700";"2,33637500"
"202400036735";"12";"12";"2024";"08:50";"1";"13";"13005";"2";"1";"1";"2";"GARLABAN (AVENUE DU)";"43,30043000";"5,57132000"
"202400036736";"6";"11";"2024";"09:00";"1";"75";"75114";"2";"3";"1";"6";"RUE FROIDEVAUX";"48,83634500";"2,32658900"
"202400036737";"6";"11";"2024";"20:30";"5";"75";"75111";"2";"1";"1";"6";"BOULEVARD VOLTAIRE";"48,86194900";"2,37316600"
"202400036738";"11";"12";"2024";"11:50";"1";"13";"13004";"2";"1";"1";"5";"AV DES ARCHES FOURCHON";"43,66342000";"4,63824000"
"202400036739";"6";"11";"2024";"17:55";"5";"75";"75108";"2";"2";"1";"2";"AVENUE DES CHAMPS ELYSEES";"48,87313200";"2,29705400"
"202400036740";"12";"12";"2024";"12:30";"1";"13";"13001";"2";"1";"1";"3";"GAMBETTA (COURS)";"43,51899000";"5,46286000"
"202400036741";"6";"11";"2024";"11:15";"1";"75";"75108";"2";"1";"1";"3";"COURS ALBERT 1ER";"48,86468800";"2,30552500"
"202400036742";"12";"12";"2024";"14:55";"1";"12";"12145";"2";"1";"1";"6";"AUMIERES (ROUTE DES)";"44,11171000";"3,04310000"
"202400036743";"5";"11";"2024";"23:45";"5";"75";"75103";"2";"2";"1";"2";"RUE VIEILLE DU TEMPLE";"48,86122100";"2,36315900"
"202400036744";"11";"12";"2024";"19:46";"5";"10";"10387";"2";"1";"8";"1";"Rue Louis Berthollet";"48,30780000";"4,08467000"
"202400036745";"6";"11";"2024";"17:50";"5";"94";"94081";"2";"1";"1";"6";"Avenue Anatole France";"48,80243700";"2,40344700"
"202400036746";"11";"12";"2024";"08:12";"2";"10";"10387";"2";"3";"1";"3";"LOMBARDS (AVENUE)";"48,27181000";"4,07874000"
"202400036747";"7";"12";"2024";"17:25";"5";"02";"02691";"2";"1";"2";"6";"15 Boulevard Victor Hugo";"49,84288000";"3,28098000"
"202400036748";"6";"11";"2024";"20:30";"5";"94";"94069";"2";"1";"1";"3";"24 Rue du Maréchal Leclerc";"48,81809700";"2,42346200"
"202400036749";"5";"11";"2024";"23:50";"5";"93";"93059";"2";"1";"1";"6";"MAURICE BOKANOWSKI (RUE)";"48,95387000";"2,35844000"
"202400036750";"12";"12";"2024";"08:30";"2";"02";"02691";"2";"3";"8";"6";"96 Rue Dachery";"49,84077000";"3,28753000"
"202400036751";"6";"11";"2024";"18:30";"5";"93";"93053";"2";"1";"1";"1";"BOBIGNY (AVENUE DE)";"48,89463000";"2,44686000"
"202400036752";"12";"12";"2024";"14:15";"1";"75";"75120";"2";"1";"1";"4";"BD PERIPHERIQUE INTERIEUR";"48,86350200";"2,41340800"
"202400036753";"6";"11";"2024";"18:35";"5";"93";"93010";"2";"3";"9";"3";"BLUM (AV. LEON)";"48,91685055";"2,47947180"
"202400036754";"12";"12";"2024";"09:30";"1";"75";"75116";"2";"4";"8";"3";"BD PERIPHERIQUE INTERIEUR";"48,86092213";"2,26400435"
"202400036755";"6";"11";"2024";"16:55";"1";"93";"93073";"2";"1";"1";"3";"PETITS PONTS (ROUTE DES)";"48,96488753";"2,56718516"
"202400036756";"12";"12";"2024";"06:30";"5";"75";"75113";"2";"1";"1";"3";"BD PERIPHERIQUE INTERIEUR";"48,81678300";"2,35585500"
"202400036757";"5";"11";"2024";"16:10";"1";"92";"92078";"2";"4";"1";"7";"MOULIN DE CAGE (RUE)";"48,92726478";"2,33168967"
"202400036758";"11";"12";"2024";"00:01";"5";"75";"75113";"2";"1";"2";"2";"BD PERIPHERIQUE INTERIEUR";"48,82363700";"2,38224900"
"202400036759";"5";"11";"2024";"22:45";"5";"92";"92064";"2";"2";"1";"2";"REPUBLIQUE";"48,85946815";"2,21362710"
"202400036760";"5";"11";"2024";"18:50";"5";"92";"92050";"2";"1";"1";"7";"PESARO BOULEVARD DE";"48,89506225";"2,22643420"
"202400036761";"11";"12";"2024";"22:25";"5";"75";"75120";"2";"3";"1";"3";"RUE DE BELLEVILLE";"48,87339500";"2,38262900"
"202400036762";"6";"11";"2024";"19:25";"5";"92";"92020";"2";"1";"1";"6";"LIBERTE BOULEVARD DE LA N° IMPAIRS";"48,79886000";"2,29438000"
"202400036763";"11";"12";"2024";"09:10";"1";"75";"75118";"2";"1";"8";"6";"RUE CAULAINCOURT";"48,88869400";"2,33434300"
"202400036764";"6";"11";"2024";"08:25";"2";"92";"92032";"2";"1";"8";"4";"MOULIN JEAN (AVENUE)";"48,78728917";"2,28760779"
"202400036765";"12";"12";"2024";"18:28";"5";"75";"75116";"2";"4";"1";"3";"AVENUE BUGEAUD";"48,87060800";"2,28121100"
"202400036766";"6";"11";"2024";"19:00";"5";"92";"92012";"2";"2";"1";"3";"REINE (ROUTE DE LA) 82/FIN - 107TER/FIN";"48,84013000";"2,23573000"
"202400036767";"12";"12";"2024";"19:20";"5";"75";"75116";"2";"1";"1";"3";"RUE RAYNOUARD";"48,85320800";"2,27664200"
"202400036768";"6";"11";"2024";"18:34";"5";"92";"92012";"2";"6";"1";"3";"JEAN BAPTISTE CLEMENT (AVENUE) 1/47 - 2/";"48,84790750";"2,24182203"
"202400036769";"11";"12";"2024";"18:30";"5";"75";"75116";"2";"5";"1";"6";"AVENUE KLEBER";"48,86895900";"2,29155300"
"202400036770";"6";"11";"2024";"19:32";"5";"92";"92004";"2";"3";"1";"6";"EMILE ZOLA ( RUE )";"48,92749872";"2,27549113"
"202400036771";"12";"12";"2024";"16:50";"5";"75";"75115";"2";"3";"1";"6";"RUE LECOURBE";"48,84096900";"2,29699500"
"202400036772";"6";"11";"2024";"17:30";"2";"72";"72176";"2";"5";"1";"1";"2 Avenue de la Libération";"47,64707300";"0,15277700"
"202400036773";"12";"12";"2024";"19:00";"5";"75";"75112";"2";"3";"1";"6";"RUE DE BERCY";"48,83912800";"2,38052600"
"202400036774";"6";"11";"2024";"21:45";"3";"973";"97362";"1";"1";"1";"2";"Piste de Loka";"3,81723900";" -54,15830600"
"202400036775";"11";"12";"2024";"11:55";"1";"75";"75112";"2";"3";"1";"6";"RUE DE CHARENTON";"48,85324900";"2,37023400"
"202400036776";"6";"11";"2024";"17:40";"3";"21";"21111";"1";"1";"1";"2";"A31";"47,42275951";"5,17260246"
"202400036777";"7";"11";"2024";"18:45";"3";"81";"81222";"1";"1";"1";"1";"RD 612 PK 066.300";"43,79352600";"2,18817800"
"202400036778";"12";"12";"2024";"20:50";"5";"75";"75111";"2";"3";"1";"3";"BOULEVARD VOLTAIRE";"48,85279200";"2,38876400"
"202400036779";"6";"11";"2024";"19:00";"3";"05";"05093";"1";"1";"1";"6";"D994g";"44,97866265";"6,66930199"
"202400036780";"12";"12";"2024";"17:00";"5";"75";"75108";"2";"7";"1";"3";"PLACE DE LA CONCORDE";"48,86683100";"2,32219500"
"202400036781";"6";"11";"2024";"11:35";"1";"62";"62261";"2";"1";"1";"6";"Boulevard de Berck";"50,47808240";"1,59446347"
"202400036782";"12";"12";"2024";"17:22";"5";"75";"75104";"2";"7";"1";"6";"PLACE DES VOSGES";"48,85528700";"2,36450900"
"202400036783";"30";"09";"2024";"13:30";"1";"79";"79174";"1";"2";"8";"3";"N/A";"46,19551700";" -0,16960100"
"202400036784";"11";"12";"2024";"13:30";"1";"75";"75101";"2";"3";"2";"7";"BOULEVARD DE SEBASTOPOL";"48,86247600";"2,35041000"
"202400036785";"12";"12";"2024";"17:05";"5";"93";"93070";"2";"1";"1";"3";"GABRIEL-PERI (AV)";"48,90566833";"2,33171368"
"202400036786";"7";"11";"2024";"18:00";"3";"11";"11008";"1";"1";"1";"5";"N/A";"43,01672100";"2,25545900"
"202400036787";"11";"12";"2024";"18:55";"5";"93";"93077";"2";"1";"1";"6";"ROSNY (AVENUE DE)";"48,88475000";"2,50639000"
"202400036788";"6";"11";"2024";"17:00";"2";"55";"55215";"1";"1";"8";"1";"D182";"48,51622100";"5,47944700"
"202400036789";"12";"12";"2024";"07:20";"5";"93";"93013";"2";"3";"1";"3";"QUINET (RUE EDGAR)";"48,93593202";"2,42710437"
"202400036790";"6";"11";"2024";"17:40";"1";"12";"12253";"1";"1";"1";"6";"Départementale 993";"44,17767600";"2,79184200"
"202400036791";"11";"12";"2024";"19:45";"5";"93";"93010";"2";"1";"1";"6";"AULNAY (ROUTE) COTE PAIRE DE 2 A FIN";"48,90653808";"2,48025799"
"202400036792";"25";"10";"2024";"20:30";"3";"12";"12094";"1";"1";"1";"6";"rd920";"44,65476000";"2,54478900"
"202400036793";"11";"12";"2024";"17:45";"5";"93";"93053";"2";"1";"8";"6";"VAILLANT COUTURIER (RUE)";"48,89088000";"2,45071000"
"202400036794";"7";"11";"2024";"07:00";"2";"68";"68263";"1";"1";"5";"3";"route departemental 419";"47,58845200";"7,43485800"
"202400036795";"4";"11";"2024";"14:45";"1";"29";"29290";"1";"1";"1";"2";"Moulin du Châtel";"48,55253312";" -4,50721622"
"202400036796";"12";"12";"2024";"01:05";"5";"92";"92075";"2";"3";"1";"1";"LYCEE (BOULEVARD DU)";"48,82202893";"2,28531808"
"202400036797";"12";"12";"2024";"19:05";"5";"92";"92051";"2";"1";"1";"3";"BOURDON (BOULEVARD)";"48,89453881";"2,26936340"
"202400036798";"6";"11";"2024";"19:45";"2";"03";"03053";"2";"3";"1";"3";"16 Route de Saint Pourçain";"46,24225800";"3,16621900"
"202400036799";"6";"11";"2024";"15:35";"1";"83";"83149";"1";"1";"1";"7";"Route de Draguignan";"43,55803400";"6,27675500"
"202400036800";"12";"12";"2024";"09:12";"1";"92";"92024";"2";"1";"8";"2";"MADAME DE SANZILLON (RUE)";"48,90349174";"2,31644018"
"202400036801";"7";"11";"2024";"09:20";"1";"45";"45328";"1";"1";"8";"3";"Rue du Grand Chemin";"48,07071000";"2,68675800"
"202400036802";"7";"11";"2024";"12:00";"1";"16";"16281";"2";"1";"1";"6";"N/A";"45,74128200";"0,38359800"
"202400036803";"12";"12";"2024";"18:45";"5";"92";"92012";"2";"1";"1";"3";"CHATEAU (RUE DU) 127/FIN - 133/FIN";"48,84215309";"2,23965749"
"202400036804";"12";"12";"2024";"09:36";"1";"92";"92007";"2";"1";"8";"6";"DORMOY (AVENUE MARX)";"48,81052352";"2,30946600"
"202400036805";"6";"11";"2024";"18:30";"3";"16";"16170";"1";"1";"1";"4";"N/A";"45,36933300";"0,16301400"
"202400036806";"13";"12";"2024";"17:45";"5";"12";"12300";"2";"1";"1";"6";"Avenue de Toulouse";"44,36041800";"2,03869300"
"202400036807";"12";"12";"2024";"17:25";"3";"54";"54006";"1";"1";"8";"2";"D83";"48,72007448";"6,24001980"
"202400036808";"7";"11";"2024";"12:00";"1";"40";"40046";"1";"1";"1";"5";"3500 Route de Bordeaux";"44,43283800";" -1,13191400"
"202400036809";"12";"12";"2024";"18:00";"3";"26";"26231";"1";"1";"1";"1";"Route de Saint-donat";"45,10041200";"5,01666400"
"202400036810";"6";"11";"2024";"22:15";"3";"30";"30082";"1";"1";"1";"7";"rd1";"43,83687600";"4,21674400"
"202400036811";"13";"12";"2024";"13:40";"1";"01";"01007";"1";"6";"1";"6";"D1075";"45,99571000";"5,34135800"
"202400036812";"6";"11";"2024";"19:30";"3";"48";"48145";"1";"1";"1";"1";"D58";"44,74094600";"3,43712700"
"202400036813";"12";"12";"2024";"18:05";"3";"71";"71067";"1";"1";"5";"6";"la janvière";"46,59083100";"4,63245900"
"202400036814";"29";"11";"2024";"18:40";"3";"43";"43261";"2";"1";"8";"7";"Rue du Say";"45,40136200";"3,34822800"
"202400036815";"6";"11";"2024";"13:25";"1";"48";"48010";"1";"3";"1";"3";"D26";"44,77431100";"3,73567300"
"202400036816";"13";"12";"2024";"14:30";"1";"12";"12230";"1";"3";"2";"3";"D903";"44,03765800";"2,51925900"
"202400036817";"12";"12";"2024";"03:55";"4";"12";"12276";"1";"1";"1";"2";"N88";"44,14090400";"2,31303000"
"202400036818";"7";"11";"2024";"18:58";"5";"31";"31424";"2";"1";"1";"1";"97 Route de Lombez";"43,56154100";"1,28665800"
"202400036819";"12";"12";"2024";"17:30";"5";"01";"01033";"2";"3";"1";"6";"40 avenue saint-exupéry  (Bellegarde-sur-Valserine)";"46,12111700";"5,81512000"
"202400036820";"6";"11";"2024";"19:50";"5";"971";"97103";"2";"2";"2";"3";"Boulevard de Destrellan";"16,25237100";" -61,58784800"
"202400036821";"13";"12";"2024";"00:01";"3";"51";"51536";"1";"1";"1";"1";"PK 29+500";"49,19842000";"4,15373300"
"202400036822";"6";"11";"2024";"10:15";"1";"971";"97117";"1";"3";"1";"3";"la houssaie";"16,33563856";" -61,37661606"
"202400036823";"12";"12";"2024";"18:00";"5";"59";"59039";"1";"1";"1";"1";"Route du Cateau";"50,16440000";"3,27945800"
"202400036824";"5";"11";"2024";"18:40";"5";"78";"78442";"2";"1";"1";"6";"Avenue de la République";"48,81099700";"1,90649700"
"202400036825";"12";"12";"2024";"21:20";"5";"56";"56166";"2";"1";"1";"6";"37 Rue Paul Ihuel";"47,91232600";" -3,33547200"
"202400036826";"9";"12";"2024";"20:00";"3";"89";"89370";"1";"1";"5";"1";"D365";"48,19870600";"3,11696300"
"202400036827";"13";"11";"2024";"09:05";"1";"61";"61483";"2";"4";"1";"7";"D916";"48,55258200";" -0,40349000"
"202400036828";"7";"11";"2024";"18:07";"5";100;100042";"1";"1";"1";"1";"6450 Route des Marines de Borgo";"42,60314200";"9,49025400"