"Num_Acc";"jour";"mois";"an";"hrmn";"lum";"dep";"com";"agg";"int";"atm";"col";"adr";"lat";"long"
"202400036829";"7";"11";"2024";"15:15";"1";"34";"34023";"2";"1";"1";"6";"Route de Sète";"43,44313600";"3,69730700"
"202400036830";"12";"12";"2024";"17:15";"2";"12";"12243";"1";"1";"1";"1";"D999";"44,00939600";"3,00433700"
"202400036831";"12";"12";"2024";"10:45";"1";"46";"46127";"2";"3";"7";"6";"1 Chemin de la Croix Dorsal";"44,73303700";"1,37615900"
"202400036832";"6";"11";"2024";"16:16";"1";"89";"89152";"2";"2";"1";"3";"17a Route de Sens";"47,94893000";"3,47074100"
"202400036833";"7";"11";"2024";"08:50";"2";"63";"63470";"1";"1";"5";"1";"départemantale 450";"45,84723730";"3,04667936"
"202400036834";"12";"12";"2024";"20:40";"5";"46";"46029";"2";"4";"1";"3";"Avenue de la République";"44,92642700";"1,84512400"
"202400036835";"2";"11";"2024";"10:50";"1";"31";"31499";"1";"6";"1";"3";"D632";"43,52585700";"1,20526100"
"202400036836";"12";"12";"2024";"11:00";"1";"47";"47003";"1";"3";"1";"3";"D19";"44,64328500";"0,34761400"
"202400036837";"11";"12";"2024";"12:48";"1";"25";"25477";"2";"1";"1";"3";"Rue aux Champs du Rang";"47,18974500";"5,95104900"
"202400036838";"2";"11";"2024";"17:00";"1";"64";"64067";"1";"1";"1";"1";"D938";"43,25782300";" -0,28811200"
"202400036839";"6";"11";"2024";"17:24";"2";"59";"59158";"2";"1";"9";"6";"Route Nationale";"50,45243533";"3,20135796"
"202400036840";"12";"12";"2024";"17:50";"5";"29";"29220";"1";"6";"1";"3";"D785";"47,85514807";" -4,24284440"
"202400036841";"10";"12";"2024";"23:15";"3";"31";"31516";"2";"1";"1";"6";"route des Pyrenées";"43,75247800";"1,40692600"
"202400036842";"28";"10";"2024";"14:00";"1";"13";"13212";"2";"1";"1";"3";"A507 sens Aubagne- Marseille";"43,29735000";"5,42496000"
"202400036843";"13";"12";"2024";"16:46";"1";"02";"02558";"2";"3";"1";"3";"Av du Docteur Jacques Lemaire";"50,01094500";"3,78187700"
"202400036844";"6";"11";"2024";"15:00";"1";"33";"33122";"1";"1";"1";"2";"N/A";"44,74205000";" -0,70856000"
"202400036845";"13";"12";"2024";"17:10";"5";"70";"70171";"2";"4";"1";"6";"64 Rue Henri Duhaut";"47,89018500";"6,32514400"
"202400036846";"6";"11";"2024";"07:32";"2";"33";"33281";"1";"1";"1";"6";"N/A";"44,82587400";" -0,67491100"
"202400036847";"13";"12";"2024";"18:00";"3";"60";"60264";"1";"1";"1";"1";"D927";"49,37843300";"2,10349600"
"202400036848";"6";"11";"2024";"09:00";"1";"91";"91228";"1";"1";"1";"2";"AUTOROUTE A6";"48,62810000";"2,41270000"
"202400036849";"29";"11";"2024";"11:43";"1";"64";"64080";"2";"1";"1";"1";"17 Chemin du Malapet";"43,36183200";" -0,48165200"
"202400036850";"5";"11";"2024";"18:13";"3";"78";"78646";"1";"1";"1";"2";"RN12";"48,79046000";"2,11288000"
"202400036851";"12";"12";"2024";"17:20";"2";"53";"53262";"1";"3";"8";"3";"Intersection RD 57/rd 280";"48,05375900";" -0,54438100"
"202400036852";"5";"11";"2024";"16:40";"1";"93";"93066";"1";"1";"1";"3";"AUTOROUTE A1";"48,91977000";"2,35723243"
"202400036853";"24";"11";"2024";"12:18";"1";"40";"40037";"1";"1";"1";"1";"Route de Haut Mauco";"43,82682200";" -0,52584700"
"202400036854";"5";"11";"2024";"14:45";"1";"93";"93007";"1";"1";"1";"5";"AUTOROUTE A1";"48,94359133";"2,43603045"
"202400036855";"5";"11";"2024";"09:50";"1";"95";"95018";"1";"1";"1";"3";"A15";"48,95201228";"2,27957378"
"202400036856";"13";"12";"2024";"07:55";"1";"04";"04188";"1";"1";"2";"5";"D13";"43,89724300";"5,80900000"
"202400036857";"5";"11";"2024";"09:00";"1";"93";"93078";"1";"1";"5";"5";"AUTOROUTE A104";"48,96764117";"2,51079814"
"202400036858";"12";"12";"2024";"16:55";"1";"17";"17331";"2";"1";"1";"6";"75 Avenue de Saintes";"45,48927600";" -0,56593700"
"202400036859";"13";"12";"2024";"16:00";"1";"10";"10438";"1";"1";"1";"6";"Bligny";"48,14913800";"4,60876500"
"202400036860";"4";"11";"2024";"18:50";"3";"95";"95127";"1";"1";"1";"4";"A15";"49,03848031";"2,08707637"
"202400036861";"16";"12";"2024";"08:00";"1";"35";"35206";"1";"3";"8";"5";"D34";"48,04516700";" -1,64401200"
"202400036862";"6";"11";"2024";"22:50";"3";"94";"94052";"1";"1";"1";"2";"A4";"48,82636364";"2,46582650"
"202400036863";"29";"08";"2024";"19:00";"1";"14";"14341";"2";"1";"1";"2";"691 Rue de Caen";"49,15883100";" -0,34656400"
"202400036864";"13";"12";"2024";"17:50";"3";"69";"69065";"1";"3";"2";"5";"Route Départementale 306";"46,15532200";"4,74418900"
"202400036865";"19";"05";"2024";"21:30";"5";"93";"93048";"2";"1";"1";"6";"Rue de Paris";"48,85521870";"2,42009282"
"202400036866";"12";"12";"2024";"12:00";"1";"987";"98733";"2";"3";"1";"3";"RT1, PK 20.500";" -17,67961900";" -149,58756400"
"202400036867";"15";"10";"2024";"17:30";"1";"75";"75108";"2";"4";"1";"6";"7 Boulevard Malesherbes";"48,87088200";"2,32288200"
"202400036868";"4";"12";"2024";"18:20";"5";"37";"37003";"2";"1";"1";"6";"4 Avenue des Montils";"47,40186800";"0,98148800"
"202400036869";"21";"10";"2024";"08:30";"2";"44";"44190";"1";"1";"1";"5";"N/A";"47,19310238";" -1,48838660"
"202400036870";"12";"12";"2024";"17:32";"3";"95";"95028";"1";"1";"1";"2";"D301";"49,06304113";"2,33041227"
"202400036871";"25";"07";"2024";"16:20";"1";"14";"14118";"2";"1";"1";"7";"84 Rue du Chemin Vert";"49,19287000";" -0,39362000"
"202400036872";"12";"12";"2024";"10:00";"1";"34";"34344";"2";"1";"1";"6";"Avenue de l?Europe";"43,55831800";"4,09005200"
"202400036873";"19";"08";"2024";"18:20";"1";"22";"22113";"2";"1";"1";"2";"MARECHAL FOCH (QUAI DU)";"48,73105000";" -3,46231000"
"202400036874";"13";"12";"2024";"13:05";"1";"88";"88269";"1";"1";"1";"7";"Route de Gérardmer";"48,08799900";"6,79869200"
"202400036875";"12";"12";"2024";"18:30";"3";"01";"01224";"1";"1";"1";"6";"Route de Meximieux";"45,79264900";"5,21018000"
"202400036876";"4";"11";"2024";"17:55";"5";"988";"98818";"2";"3";"1";"6";"VOIE DE DEGAGEMENT EST/RUE DE CHARLEROI";" -22,27908000";"166,46253000"
"202400036877";"12";"12";"2024";"20:30";"3";"69";"69289";"2";"1";"1";"6";"Chemin du Cros Cassier";"45,64432600";"4,99984100"
"202400036878";"5";"11";"2024";"19:38";"5";"974";"97411";"2";"3";"1";"3";"MONDON (RUE MONSEIGNEUR)";" -20,89463000";"55,46012000"
"202400036879";"13";"12";"2024";"00:10";"3";"09";"09099";"1";"1";"1";"6";"D117";"42,97933100";"1,57505800"
"202400036880";"12";"12";"2024";"23:15";"4";"33";"33067";"2";"1";"1";"6";"N/A";"45,04421600";" -0,56488600"
"202400036881";"13";"12";"2024";"11:30";"1";"33";"33019";"1";"1";"1";"1";"N/A";"44,69320900";" -1,02153500"
"202400036882";"13";"12";"2024";"00:05";"3";"44";"44037";"1";"1";"1";"6";"les fontenelles";"47,11061900";" -1,46841300"
"202400036883";"13";"12";"2024";"01:30";"3";"44";"44172";"1";"1";"1";"6";"Route de Paris";"47,27386400";" -1,47123500"
"202400036884";"13";"12";"2024";"17:30";"5";"50";"50041";"2";"1";"1";"6";"d22";"49,62074800";" -1,74825300"
"202400036885";"12";"12";"2024";"17:40";"3";"60";"60106";"1";"1";"1";"1";"D37";"49,38673100";"2,45604500"
"202400036886";"12";"12";"2024";"12:40";"1";"13";"13212";"1";"1";"1";"2";"A507 sens Aubagne- Marseille";"43,30198000";"5,42551000"
"202400036887";"11";"12";"2024";"18:30";"5";"13";"13212";"1";"1";"1";"6";"A507 sens Aubagne- Marseille";"43,30329655";"5,42543149"
"202400036888";"11";"12";"2024";"17:30";"1";"13";"13070";"1";"1";"1";"3";"A50-Sens Aubagne vers Marseille";"43,28574484";"5,51218629"
"202400036889";"11";"12";"2024";"13:15";"1";"13";"13043";"1";"1";"1";"2";"A55-Sens Martigues vers Marseille";"43,38686629";"5,24190442"
"202400036890";"6";"12";"2024";"23:45";"3";"42";"42097";"1";"1";"1";"2";"A72";"45,51836000";"4,29719000"
"202400036891";"8";"12";"2024";"17:30";"3";"54";"54232";"1";"1";"1";"6";"A 31";"48,68045858";"5,93862534"
"202400036892";"12";"12";"2024";"16:35";"1";"33";"33122";"1";"1";"1";"4";"AUTOROUTE A 63";"44,74755400";" -0,69911600"
"202400036893";"12";"12";"2024";"15:40";"1";"33";"33397";"1";"1";"1";"2";"N/A";"44,90064000";" -0,49414800"
"202400036894";"11";"12";"2024";"09:18";"1";"33";"33550";"1";"1";"1";"4";"N/A";"44,78482700";" -0,59202600"
"202400036895";"12";"12";"2024";"18:00";"3";"91";"91617";"1";"1";"1";"4";"RN 104";"48,63540000";"2,53530000"
"202400036896";"11";"12";"2024";"17:45";"3";"94";"94021";"1";"1";"1";"3";"A6B";"48,76395112";"2,34275354"
"202400036897";"12";"12";"2024";"18:00";"3";"92";"92036";"1";"1";"2";"6";"AUTOROUTE A15";"48,93788866";"2,29766722"
"202400036898";"12";"12";"2024";"17:58";"3";"95";"95018";"1";"1";"1";"3";"A15";"48,96196141";"2,26786271"
"202400036899";"11";"12";"2024";"21:20";"5";"93";"93066";"1";"1";"1";"2";"AUTOROUTE A1";"48,93163435";"2,37061507"
"202400036900";"11";"12";"2024";"09:50";"1";"93";"93008";"1";"1";"1";"5";"AUTOROUTE A86";"48,91197061";"2,43842840"
"202400036901";"11";"12";"2024";"08:45";"1";"92";"92036";"1";"1";"2";"3";"AUTOROUTE A86";"48,93814244";"2,31372714"
"202400036902";"10";"12";"2024";"23:00";"3";"93";"93066";"1";"1";"2";"3";"AUTOROUTE A1";"48,92491482";"2,35684532"
"202400036903";"12";"12";"2024";"22:20";"3";"94";"94028";"1";"1";"1";"6";"A86";"48,77809000";"2,44061000"
"202400036904";"12";"12";"2024";"19:00";"3";"94";"94069";"1";"1";"1";"2";"A4";"48,81676413";"2,44884719"
"202400036905";"12";"12";"2024";"18:20";"3";"77";"77495";"1";"1";"1";"2";"A5B";"48,58667714";"2,63683062"
"202400036906";"12";"12";"2024";"08:30";"2";"93";"93051";"1";"1";"1";"3";"A4";"48,83558148";"2,56793626"
"202400036907";"24";"11";"2024";"12:50";"1";"44";"44190";"2";"1";"1";"2";"38 Rue des Bignons";"47,19954765";" -1,49571357"
"202400036908";"24";"11";"2024";"11:49";"1";"44";"44109";"2";"1";"1";"6";"3 Boulevard la Beaujoire";"47,25937600";" -1,51095840"
"202400036909";"23";"11";"2024";"11:15";"1";"44";"44143";"2";"6";"1";"3";"43 Rue Jean Jaurès";"47,18797630";" -1,54695820"
"202400036910";"22";"11";"2024";"08:00";"3";"44";"44114";"1";"1";"1";"4";"N/A";"47,26458140";" -1,59461634"
"202400036911";"22";"11";"2024";"10:00";"1";"44";"44109";"2";"1";"1";"6";"Chemin du Bas";"47,22712348";" -1,50201647"
"202400036912";"22";"11";"2024";"17:05";"3";"44";"44162";"2";"3";"1";"3";"Boulevard Charles de Gaulle";"47,21844742";" -1,64756947"
"202400036913";"21";"11";"2024";"14:00";"1";"44";"44162";"2";"1";"1";"6";"Rue de la Johardière";"47,22554187";" -1,64756634"
"202400036914";"17";"10";"2024";"19:30";"5";"57";"57487";"1";"1";"1";"3";"VM 157B";"49,09896100";"6,11735100"
"202400036915";"11";"10";"2024";"20:15";"5";"74";"74281";"2";"3";"1";"6";"GENEVE (AVE DE) JUSQUE CROISEE ANTHY";"46,36276000";"6,46089000"
"202400036916";"29";"08";"2024";"15:45";"1";"74";"74172";"2";"1";"1";"6";"PETITE-RIVE (ROUTE DE)";"46,40372436";"6,62132299"
"202400036917";"29";"09";"2024";"17:35";"1";"43";"43087";"1";"1";"2";"7";"D501";"45,20847700";"4,37627100"
"202400036918";"4";"09";"2024";"20:15";"3";"43";"43113";"1";"1";"3";"6";"RD36 PJ6+850";"44,99864600";"4,01087900"
"202400036919";"24";"08";"2024";"12:45";"1";"43";"43216";"1";"1";"1";"4";"RD906";"45,12951069";"3,81952207"
"202400036920";"22";"08";"2024";"18:45";"1";"43";"43186";"1";"1";"1";"6";"D49";"44,99287968";"4,06352310"
"202400036921";"21";"11";"2024";"17:37";"5";"44";"44109";"2";"1";"1";"6";"3 boulevard Bâtonnier Cholet";"47,19840224";" -1,60645856"
"202400036922";"20";"11";"2024";"10:25";"1";"44";"44109";"2";"6";"1";"7";"4 Boulevard des Frères de Goncourt";"47,23416598";" -1,56353132"
"202400036923";"19";"11";"2024";"17:45";"5";"44";"44109";"2";"1";"1";"6";"108 Boulevard Robert Schuman";"47,23907431";" -1,57097793"
"202400036924";"18";"11";"2024";"19:25";"5";"44";"44109";"2";"6";"1";"3";"Côte Saint Sébastien ";"47,20080020";" -1,53331692"
"202400036925";"26";"07";"2024";"20:30";"1";"54";"54256";"1";"2";"1";"3";"RD112";"48,52976400";"6,31038000"
"202400036926";"11";"12";"2024";"20:20";"5";"974";"97411";"2";"3";"1";"1";"NONGE (AVENUE EUDOXIE)";" -20,89872000";"55,49648000"
"202400036927";"10";"12";"2024";"17:25";"1";"973";"97302";"2";"1";"1";"3";"MONTABO (ROUTE DE) 1";"4,94460000";" -52,31532000"
"202400036928";"11";"12";"2024";"08:58";"1";"69";"69383";"2";"1";"5";"6";"Rue Saint Jacques";"45,75678000";"4,84579000"
"202400036929";"11";"12";"2024";"16:00";"1";"972";"97213";"2";"9";"1";"3";"ROUTE DEPARTEMENTALE 15";"14,65451000";" -61,01162000"
"202400036930";"11";"12";"2024";"11:20";"1";"972";"97209";"2";"1";"1";"2";"RD 41 (ROCADE)";"14,60803000";" -61,08595000"
"202400036931";"11";"12";"2024";"09:20";"1";"95";"95203";"2";"3";"2";"3";"D928";"48,99893485";"2,26648944"
"202400036932";"10";"12";"2024";"18:35";"5";"91";"91021";"2";"1";"1";"6";"RTE D'EGLY";"48,58499000";"2,23995000"
"202400036933";"6";"12";"2024";"09:48";"1";"88";"88209";"2";"1";"2";"3";"FORGES (RTE. DES)";"48,19037000";"6,42361000"
"202400036934";"11";"12";"2024";"10:48";"1";"87";"87085";"2";"1";"1";"3";"TARRADE (AVENUE ADRIEN)";"45,83941000";"1,25617000"
"202400036935";"6";"12";"2024";"14:34";"1";"87";"87085";"2";"3";"1";"3";"BEL AIR (BOULEVARD DE)";"45,82119000";"1,24596000"
"202400036936";"6";"12";"2024";"12:10";"1";"30";"30351";"2";"1";"1";"7";"MONT VENTOUX (AVENUE DU)";"43,97073000";"4,77918000"
"202400036937";"8";"12";"2024";"18:05";"2";"80";"80724";"1";"6";"1";"3";"D1029";"49,86016000";"2,21062000"
"202400036938";"11";"12";"2024";"08:00";"1";"78";"78551";"2";"1";"2";"3";"BERLIOZ (BD HECTOR)";"48,89154000";"2,06354000"
"202400036939";"10";"12";"2024";"08:20";"1";"78";"78440";"2";"1";"8";"6";"EUROPE (AVENUE DE L')";"48,97707000";"1,91472000"
"202400036940";"10";"12";"2024";"23:55";"5";"77";"77288";"2";"1";"2";"7";"SAINT ASPAIS (RUE)";"48,53820000";"2,65933000"
"202400036941";"11";"12";"2024";"18:00";"5";"76";"76410";"1";"1";"2";"4";"A150";"49,47032000";"1,03359000"
"202400036942";"10";"12";"2024";"17:50";"5";"73";"73065";"2";"2";"1";"3";"CHEVALIERS TIREURS (AVENUE DES)";"45,57587000";"5,90699000"
"202400036943";"10";"12";"2024";"19:50";"5";"72";"72181";"2";"2";"1";"6";"LIBERATION (AV DE LA) N° IMP 147 ET+";"48,00094000";"0,18361000"
"202400036944";"10";"12";"2024";"18:00";"5";"72";"72181";"1";"1";"1";"4";"CD 139 (RTE DE LAIGNE)";"47,95335206";"0,20661093"
"202400036945";"10";"12";"2024";"15:30";"1";"69";"69259";"2";"2";"1";"3";"Boulevard Irène Joliot Curie";"45,72435000";"4,87172000"
"202400036946";"10";"12";"2024";"09:50";"1";"69";"69290";"1";"1";"8";"5";"Chemin de Grande Vigne";"45,69404128";"4,98415827"
"202400036947";"9";"12";"2024";"17:40";"5";"68";"68224";"2";"2";"1";"3";"Boulevard du Président Roosevelt";"47,75247700";"7,32878180"
"202400036948";"11";"12";"2024";"17:25";"3";"64";"64348";"1";"1";"1";"1";"FRERES WRIGHT DES";"43,34889000";" -0,38412000"
"202400036949";"11";"12";"2024";"13:45";"1";"64";"64129";"2";"1";"1";"2";"BAYONNE DE";"43,30146000";" -0,39533000"
"202400036950";"10";"12";"2024";"16:30";"2";"64";"64445";"2";"1";"1";"2";"GENERAL LECLERC DU";"43,30457635";" -0,34264013"
"202400036951";"11";"12";"2024";"18:00";"5";"59";"59392";"2";"1";"1";"6";"AVESNES (ROUTE D')";"50,26981000";"3,96717000"
"202400036952";"11";"12";"2024";"08:35";"1";"59";"59359";"1";"1";"8";"6";"AMERIQUE (ROUTE DES)";"51,00589000";"2,19303000"
"202400036953";"10";"12";"2024";"07:53";"5";"49";"49353";"2";"1";"8";"6";"D117";"47,45627000";" -0,50938000"
"202400036954";"11";"12";"2024";"19:30";"3";"44";"44162";"2";"1";"1";"6";"47 Avenue de la Branchoire";"47,21825000";" -1,60658000"
"202400036955";"11";"12";"2024";"07:07";"5";"43";"43041";"2";"1";"1";"3";"Route de Coubon";"45,04530000";"3,92539000"
"202400036956";"16";"01";"2024";"15:55";"1";"93";"93007";"2";"1";"1";"3";"Avenue Jacques Daguerre";"48,95322648";"2,46218920"
"202400036957";"16";"01";"2024";"16:00";"1";"92";"92046";"2";"4";"1";"6";"EUGENE VARLIN";"48,82078000";"2,30063000"
"202400036958";"22";"01";"2024";"08:25";"2";"92";"92048";"1";"3";"2";"6";"TROYON (RUE)";"48,82218881";"2,23239219"
"202400036959";"15";"01";"2024";"18:07";"4";"92";"92022";"2";"3";"1";"6";"STALINGRAD (RUE DE)";"48,80959646";"2,19164863"
"202400036960";"16";"01";"2024";"19:40";"5";"92";"92050";"2";"1";"9";"3";"CLEMENCEAU GEORGES AVENUE N°IMPAIR";"48,88624319";"2,21210964"
"202400036961";"16";"01";"2024";"08:25";"1";"92";"92048";"2";"1";"8";"7";"DOCTEUR ARNAUDET (RUE DU)";"48,81494073";"2,24782231"
"202400036962";"16";"01";"2024";"19:35";"5";"92";"92023";"2";"1";"1";"6";"PAUL VAILLANT COUTURIER (RUE)";"48,80165216";"2,26625562"
"202400036963";"16";"01";"2024";"16:01";"1";"92";"92004";"2";"9";"1";"3";"PONT DE CLICHY";"48,91022424";"2,29921907"
"202400036964";"11";"05";"2024";"01:30";"5";"971";"97101";"1";"1";"1";"4";"RN11";"16,27154000";" -61,54829000"
"202400036965";"15";"01";"2024";"11:30";"1";"92";"92004";"2";"2";"1";"3";"DOCTEUR DERVAUX  ( QUAI DU )";"48,91124022";"2,29842693"
"202400036966";"14";"05";"2024";"14:15";"1";"91";"91027";"2";"1";"2";"2";" EDOUARD VAILLANT (RUE)";"48,70853000";"2,39830000"
"202400036967";"17";"01";"2024";"07:45";"5";"95";"95052";"2";"1";"3";"6";"14 PARIS (RUE DE)";"49,14210300";"2,28497100"
"202400036968";"13";"05";"2024";"16:30";"1";"91";"91286";"2";"1";"1";"6";"CORBEIL (ROUTE DE)";"48,65469000";"2,38896000"
"202400036969";"16";"01";"2024";"19:25";"5";"974";"97404";"2";"1";"1";"6";"Chemin Charbonnier";" -21,26389700";"55,36424900"
"202400036970";"13";"05";"2024";"08:50";"1";"91";"91027";"2";"1";"1";"2";"RUE J B DE LA SALLE";"48,70736000";"2,38393000"
"202400036971";"13";"05";"2024";"17:25";"1";"87";"87085";"2";"2";"1";"3";"BERTHELOT (AVENUE)";"45,83753416";"1,25266224"
"202400036972";"8";"01";"2024";"06:55";"3";"51";"51264";"1";"1";"8";"3";"D 373";"48,80557400";"3,60282800"
"202400036973";"11";"05";"2024";"17:45";"1";"87";"87050";"2";"3";"1";"7";"VILLAGEAS ( route de)";"45,88775000";"1,22136000"
"202400036974";"17";"01";"2024";"19:10";"5";"82";"82050";"2";"1";"2";"6";"rue des amandiers";"44,08449900";"0,77638700"
"202400036975";"9";"05";"2024";"18:05";"1";"84";"84087";"2";"1";"1";"6";"BRIAND (COURS ARISTIDE)";"44,13695000";"4,80485000"
"202400036976";"16";"01";"2024";"22:45";"3";"63";"63242";"1";"1";"1";"6";"D909";"45,41563100";"3,26012300"
"202400036977";"24";"02";"2024";"17:30";"1";"69";"69383";"2";"2";"1";"3";"Rue Charles Richard";"45,75221000";"4,88673000"
"202400036978";"16";"01";"2024";"18:00";"3";"49";"49018";"1";"1";"1";"7";"RD 144 / PK 2+979";"47,51309700";" -0,14624800"
"202400036979";"13";"05";"2024";"17:11";"1";"84";"84031";"2";"1";"1";"1";"EUROPE AVENUE DE L'";"44,06012000";"5,04260000"
"202400036980";"14";"05";"2024";"14:35";"1";"83";"83137";"2";"1";"8";"3";"ROUTES (AVE DES)";"43,13701371";"5,91128372"
"202400036981";"24";"02";"2024";"06:10";"5";"69";"69387";"2";"1";"1";"2";"Rue Marc Bloch";"45,74766000";"4,84445000"
"202400036982";"14";"01";"2024";"09:45";"1";"35";"35160";"1";"1";"1";"6";"l'eclardais";"47,95249100";" -2,09460100"
"202400036983";"28";"03";"2024";"08:05";"1";"83";"83126";"2";"3";"1";"3";"JAURES (BD JEAN)";"43,09525777";"5,88395637"
"202400036984";"16";"01";"2024";"17:45";"2";"29";"29274";"1";"1";"2";"6";"Lieu Dit Beg An Allee";"48,00012920";" -3,78997033"
"202400036985";"23";"02";"2024";"09:53";"1";"69";"69387";"2";"8";"1";"3";"Rue de Gerland";"45,72995000";"4,83816000"
"202400036986";"11";"01";"2024";"12:00";"1";"38";"38389";"1";"1";"8";"3";"172 Route de Lafayette";"45,56453000";"5,07156400"
"202400036987";"12";"05";"2024";"19:03";"1";"83";"83123";"2";"1";"1";"5";"BANDOL (ROUTE)N° IMPAIRS";"43,13520000";"5,77888000"
"202400036988";"21";"02";"2024";"19:00";"2";"69";"69387";"2";"2";"1";"6";"Rue de l'Université";"45,74981000";"4,84079000"
"202400036989";"15";"01";"2024";"17:00";"2";"02";"02173";"2";"9";"1";"6";"N/A";"49,62600600";"3,23332800"
"202400036990";"13";"05";"2024";"16:50";"1";"83";"83061";"2";"1";"1";"6";"AVENUE DES HIRONDELLES";"43,45819000";"6,76478000"
"202400036991";"16";"01";"2024";"21:30";"3";"03";"03239";"1";"1";"2";"6";"l'étang roc";"46,38766000";"3,92780500"
"202400036992";"28";"02";"2024";"07:00";"1";"972";"97213";"2";"1";"1";"6";"NELSON MANDELA";"14,61251000";" -60,99823000"
"202400036993";"14";"01";"2024";"06:30";"3";"15";"15221";"2";"1";"1";"7";"D53";"44,88974900";"2,34122500"
"202400036994";"13";"05";"2024";"13:55";"1";"79";"79191";"2";"2";"1";"3";"N/A";"46,32596000";" -0,45478000"
"202400036995";"26";"02";"2024";"07:45";"1";"972";"97213";"2";"6";"1";"3";"ROUTE NATIONALE 1";"14,61880000";" -61,00489000"
"202400036996";"16";"01";"2024";"20:10";"3";"58";"58046";"1";"1";"2";"6";"4 Route de Fours";"46,84510400";"3,65203900"
"202400036997";"14";"05";"2024";"17:35";"1";"78";"78350";"2";"1";"8";"2";"CONTI (QUAI)";"48,87659000";"2,11675000"
"202400036998";"17";"01";"2024";"17:00";"2";"07";"07009";"2";"1";"3";"6";"Route du Saint Joseph";"45,24052400";"4,79853800"
"202400036999";"24";"02";"2024";"06:30";"1";"972";"97213";"1";"1";"1";"7";"AEROPORT (ROND POINT DE L')";"14,59816000";" -61,00184000"
"202400037000";"14";"01";"2024";"03:00";"3";"53";"53267";"1";"1";"1";"6";"RD 125";"48,06005500";" -0,45183400"
"202400037001";"14";"05";"2024";"11:25";"1";"78";"78168";"2";"2";"2";"3";"PREVENDERIE (RUE DE LA)";"48,74844000";"1,92287000"
"202400037002";"15";"01";"2024";"05:30";"3";"40";"40320";"1";"1";"5";"6";"Uchacq-et-Parentis";"43,92358100";" -0,55689600"
"202400037003";"21";"02";"2024";"10:00";"1";"972";"97213";"2";"1";"1";"4";"AUTOROUTE A1";"14,61519000";" -61,01448000"
"202400037004";"16";"01";"2024";"14:00";"1";"04";"04055";"1";"1";"1";"7";"N85";"43,96329200";"6,32169400"
"202400037005";"14";"05";"2024";"19:05";"1";"77";"77284";"2";"1";"2";"7";"ROOSEVELT (AV.DU PDT)";"48,95726000";"2,89622000"
"202400037006";"20";"02";"2024";"13:35";"1";"972";"97213";"1";"1";"1";"3";"AUTOROUTE A1";"14,60819000";" -61,00516000"
"202400037007";"17";"01";"2024";"16:51";"1";"85";"85131";"1";"1";"1";"7";"D949";"46,46758000";" -1,21747900"
"202400037008";"16";"01";"2024";"21:45";"5";"987";"98715";"1";"1";"1";"6";"RDO sens FAAA/PUNAAUIA entre St-Hilaire et Heiri commune de FAAA";" -17,56701107";" -149,60451007"
"202400037009";"27";"02";"2024";"18:40";"5";"972";"97209";"1";"1";"1";"6";"BALATA (ROUTE DE)";"14,63240000";" -61,07268000"
"202400037010";"14";"05";"2024";"13:35";"1";"77";"77199";"1";"4";"2";"3";"D228A";"48,93907000";"2,92202000"
"202400037011";"16";"01";"2024";"16:45";"1";"63";"63430";"1";"9";"1";"6";"A89 - PK 428.750 - sens LYON-CLFD-bretelle sortie vers Thiers Ouest";"45,86170335";"3,50474596"
"202400037012";"26";"02";"2024";"19:10";"5";"972";"97209";"2";"1";"1";"6";"PROFESSEUR RAYMOND GARCIN (RUE DU)";"14,62513000";" -61,07863000"
"202400037013";"14";"05";"2024";"14:30";"1";"77";"77449";"1";"6";"2";"7";"RD 345";"48,85143000";"2,77821000"
"202400037014";"17";"01";"2024";"07:00";"2";"55";"55237";"1";"1";"9";"7";"Aire de Verdun Saint-Nicolas Nord (Embranchement d'autoroute)";"49,11966400";"5,51121300"
"202400037015";"20";"02";"2024";"09:45";"1";"972";"97209";"1";"1";"1";"1";"OSMAN NADEAU (CHEMIN)";"14,63253822";" -61,06269916"
"202400037016";"14";"05";"2024";"01:40";"5";"72";"72181";"2";"1";"3";"6";"SAINT AUBIN (RUE) N° IMP 85 ET >";"48,01914000";"0,18298000"
"202400037017";"16";"01";"2024";"14:35";"2";"45";"45082";"2";"1";"1";"6";"D962 PR 2 + 600";"47,86395200";"2,21939900"
"202400037018";"26";"02";"2024";"16:10";"1";"69";"69382";"2";"1";"1";"3";"Pont Bonaparte";"45,75939000";"4,82902000"
"202400037019";"16";"01";"2024";"09:04";"1";"77";"77142";"1";"1";"4";"1";"D934";"48,84835900";"2,93980800"
"202400037020";"13";"05";"2024";"08:50";"1";"72";"72181";"2";"2";"1";"3";"LORRAINE (RUE DE)";"47,99482000";"0,19560000"
"202400037021";"16";"01";"2024";"21:30";"3";"77";"77177";"1";"1";"1";"6";"D21";"48,80245100";"2,74536400"
"202400037022";"23";"02";"2024";"13:10";"1";"69";"69389";"2";"2";"1";"3";"9 Rue Marietton";"45,77505000";"4,80719000"
"202400037023";"17";"01";"2024";"17:15";"1";"34";"34157";"2";"1";"1";"4";"D613";"43,43285200";"3,59315200"
"202400037024";"22";"02";"2024";"07:00";"5";"69";"69389";"2";"3";"2";"6";"Rue Marietton";"45,77651000";"4,79679000"