"Num_Acc";"jour";"mois";"an";"hrmn";"lum";"dep";"com";"agg";"int";"atm";"col";"adr";"lat";"long"
"202400037025";"17";"01";"2024";"10:15";"1";"13";"13022";"2";"1";"1";"1";"D41e";"43,23776200";"5,54522000"
"202400037026";"11";"05";"2024";"20:05";"1";"72";"72181";"2";"3";"1";"6";"CUGNOT NICOLAS (BD)";"47,98600000";"0,22500000"
"202400037027";"22";"02";"2024";"06:50";"5";"69";"69384";"2";"3";"3";"6";"Rue Deleuvre";"45,77965000";"4,82540000"
"202400037028";"16";"01";"2024";"13:20";"1";"13";"13094";"1";"3";"1";"5";"D570n";"43,80840900";"4,72278000"
"202400037029";"13";"05";"2024";"17:15";"1";"71";"71270";"2";"9";"1";"3";"VERCHERE (CHEMIN DE LA)";"46,29886500";"4,82500000"
"202400037030";"23";"02";"2024";"11:00";"1";100;100037";"1";"1";"2";"2";"TOUTES RUES";"42,62082000";"9,43704000"
"202400037031";"10";"01";"2024";"10:10";"1";"57";"57683";"2";"3";"1";"6";"Rue Anatole France";"49,29964100";"6,15147500"
"202400037032";"14";"05";"2024";"12:01";"1";"71";"71153";"2";"1";"2";"6";"CAPUCINES (RUE DES)";"46,80508000";"4,44382000"
"202400037033";"11";"01";"2024";"15:45";"1";"63";"63470";"1";"1";"1";"7";"D986";"45,87048400";"3,02521000"
"202400037034";"22";"02";"2024";"16:53";"1";100;100037";"2";"1";"1";"3";"TOUTES RUES";"42,63406000";"9,43176000"
"202400037035";"16";"01";"2024";"13:45";"1";"73";"73030";"1";"1";"2";"6";"D11 - Route du château";"45,57697600";"5,98236400"
"202400037036";"14";"05";"2024";"20:30";"2";"69";"69266";"2";"1";"2";"3";"Rue Dedieu";"45,76967000";"4,87108000"
"202400037037";"12";"01";"2024";"16:15";"1";"81";"81092";"1";"2";"1";"3";"D14";"43,72279300";"1,92723700"
"202400037038";"14";"05";"2024";"18:40";"1";"69";"69266";"2";"3";"3";"3";"Cours Emile Zola";"45,76595073";"4,89881444"
"202400037039";"21";"02";"2024";"13:59";"1";100;100037";"2";"1";"1";"2";"TOUTES RUES";"42,62878000";"9,43729000"
"202400037040";"15";"01";"2024";"00:15";"3";"35";"35256";"1";"1";"1";"2";"D603";"48,61512300";" -2,11435300"
"202400037041";"14";"05";"2024";"20:30";"2";"59";"59599";"2";"1";"2";"6";"CARREL (RUE ARMAND)";"50,73133000";"3,18774000"
"202400037042";"16";"01";"2024";"21:45";"5";"80";"80410";"2";"9";"1";"7";"Boulevard de la Rèpublique";"49,74796200";"3,07486800"
"202400037043";"11";"05";"2024";"22:40";"5";"57";"57672";"2";"1";"1";"6";"MAILLET (RUE DU)";"49,35625000";"6,14138000"
"202400037044";"15";"01";"2024";"07:15";"2";"13";"13071";"1";"1";"1";"2";"A7-Sens Marseille vers Lyon";"43,40656800";"5,29193700"
"202400037045";"25";"02";"2024";"14:40";"1";"971";"97105";"2";"1";"1";"6";"LUCIEN BERNIER(AVENUE)";"15,99678000";" -61,71908000"
"202400037046";"13";"05";"2024";"19:20";"1";"54";"54395";"2";"2";"1";"3";"rue Saint Dizier";"48,68688000";"6,18534000"
"202400037047";"16";"01";"2024";"06:55";"4";"83";"83137";"1";"1";"1";"3";"A57";"43,12473537";"5,96809464"
"202400037048";"13";"05";"2024";"11:40";"1";"54";"54483";"2";"1";"1";"6";"Rue Charles Courtois";"48,63143000";"6,30193000"
"202400037049";"21";"02";"2024";"22:45";"5";"971";"97105";"2";"9";"1";"3";"PERES DOMINICAINS(AVENUE DES)";"16,00974000";" -61,73976000"
"202400037050";"16";"01";"2024";"22:23";"3";"33";"33448";"1";"1";"1";"2";"AUTOROUTE A 62";"44,70205400";" -0,50359300"
"202400037051";"14";"05";"2024";"13:50";"1";"45";"45234";"2";"1";"2";"6";"8 Rue Anthelme Brillat-Savarin";"47,87604200";"1,91088400"
"202400037052";"26";"02";"2024";"19:01";"5";101;101004";"2";"1";"3";"6";"32 Avenue du Docteur Noel Franchini";"41,94142799";"8,75614375"
"202400037053";"16";"01";"2024";"15:40";"1";"91";"91228";"1";"1";"1";"4";"AUTOROUTE A6";"48,62410617";"2,41923988"
"202400037054";"14";"05";"2024";"10:20";"1";"45";"45147";"2";"1";"2";"6";"268 Rue du Faubourg Bannier";"47,92449000";"1,89704000"
"202400037055";"26";"02";"2024";"10:43";"1";101;101004";"2";"3";"2";"6";"FREDIANI RUE LOUIS";"41,92491804";"8,73878986"
"202400037056";"16";"01";"2024";"09:43";"1";"92";"92048";"1";"1";"1";"6";"N118";"48,81130205";"2,21297347"
"202400037057";"14";"05";"2024";"15:10";"1";"44";"44109";"2";"1";"2";"6";"Boulevard du Massacre";"47,22169000";" -1,60281000"
"202400037058";"16";"01";"2024";"10:05";"1";"92";"92047";"1";"1";"1";"3";"A13";"48,83444245";"2,17035024"
"202400037059";"13";"05";"2024";"18:10";"1";"42";"42305";"2";"9";"1";"6";"Rue Salvador Allende";"45,47377292";"4,42558855"
"202400037060";"23";"02";"2024";"18:45";"3";"95";"95277";"2";"1";"1";"2";"D370";"48,97227792";"2,46197284"
"202400037061";"15";"01";"2024";"21:40";"3";"92";"92072";"1";"1";"1";"6";"N118";"48,81299091";"2,21400238"
"202400037062";"16";"01";"2024";"22:05";"3";"95";"95527";"1";"1";"1";"6";"A3";"48,98206310";"2,50166646"
"202400037063";"10";"05";"2024";"11:40";"1";"40";"40192";"2";"3";"1";"3";"VICTOR HUGO";"43,89315700";" -0,50021900"
"202400037064";"22";"02";"2024";"20:30";"5";"95";"95019";"2";"1";"1";"2";"D208";"48,98619607";"2,41582813"
"202400037065";"27";"02";"2024";"18:10";"5";"95";"95607";"2";"1";"1";"6";"D409";"49,02895349";"2,20629930"
"202400037066";"16";"01";"2024";"17:00";"2";"95";"95500";"1";"1";"1";"5";"A15";"49,03753486";"2,09060913"
"202400037067";"13";"05";"2024";"17:30";"1";"38";"38185";"2";"2";"1";"3";"Rue Léon Jouhaux";"45,18056800";"5,74163100"
"202400037068";"16";"01";"2024";"16:35";"1";"95";"95256";"1";"1";"1";"2";"N184";"49,05531709";"2,20259786"
"202400037069";"22";"02";"2024";"13:45";"1";"95";"95607";"2";"1";"3";"3";"D502";"49,02126179";"2,22019240"
"202400037070";"15";"05";"2024";"00:50";"5";"37";"37233";"2";"3";"1";"6";"MONTEIL (RUE HIPPOLYTE)";"47,38145000";"0,72138000"
"202400037071";"16";"01";"2024";"08:30";"3";"93";"93064";"1";"1";"1";"3";"AUTOROUTE A86";"48,88401889";"2,47154067"
"202400037072";"14";"05";"2024";"16:05";"1";"37";"37261";"2";"6";"2";"6";"CHAGALL (AVENUE MARC)";"47,41560000";"0,68355000"
"202400037073";"20";"02";"2024";"07:50";"1";"95";"95203";"2";"3";"1";"3";"D909";"49,00319863";"2,28090150"
"202400037074";"16";"01";"2024";"12:45";"1";"94";"94028";"1";"1";"1";"2";"A86";"48,79084463";"2,44049907"
"202400037075";"28";"02";"2024";"14:20";"1";"95";"95210";"2";"9";"1";"6";"ENGHIEN (AVENUE D')";"48,96374000";"2,30360100"
"202400037076";"14";"05";"2024";"18:04";"1";"35";"35238";"2";"3";"1";"3";"LORIENT (DE)";"48,10919000";" -1,70830000"
"202400037077";"16";"01";"2024";"12:45";"1";"77";"77363";"1";"1";"1";"2";"A104";"48,91549000";"2,63415000"
"202400037078";"22";"02";"2024";"17:26";"2";"95";"95427";"2";"1";"8";"6";"D311";"48,97703362";"2,34840048"
"202400037079";"15";"01";"2024";"12:25";"1";"976";"97611";"2";"1";"1";"6";"kaweni-Mangrove (route de la)";" -12,46332000";"45,22346000"
"202400037080";"13";"05";"2024";"17:50";"1";"35";"35238";"2";"2";"2";"3";"CARTIER (BD JACQUES)";"48,09715944";" -1,67700999"
"202400037081";"15";"01";"2024";"04:00";"5";"973";"97302";"2";"2";"8";"3";"DE GAULLE (AVENUE)";"4,93881010";" -52,33173519"
"202400037082";"21";"02";"2024";"21:30";"5";"95";"95014";"2";"2";"3";"3";"D124E";"49,01185853";"2,30500256"
"202400037083";"15";"01";"2024";"09:10";"1";"69";"69386";"2";"2";"2";"3";"Rue Bugeaud";"45,76648000";"4,84951000"
"202400037084";"19";"02";"2024";"17:40";"2";"95";"95288";"1";"1";"2";"3";"D301";"48,98643157";"2,36113303"
"202400037085";"15";"01";"2024";"04:45";"5";"69";"69386";"2";"1";"1";"2";"Quai Charles de Gaulle";"45,77687000";"4,84381000"
"202400037086";"13";"05";"2024";"16:15";"1";"34";"34301";"2";"2";"1";"3";"HUGO VICTOR (AVENUE)";"43,41022000";"3,69740000"
"202400037087";"15";"01";"2024";"07:20";"1";"972";"97213";"2";"3";"1";"3";"ROUTE DEPARTEMENTALE 15";"14,64364000";" -61,01034000"
"202400037088";"27";"02";"2024";"00:08";"5";"91";"91549";"2";"2";"1";"3";"EPERON (AVENUE DE L')";"48,64306000";"2,34166000"
"202400037089";"14";"05";"2024";"17:45";"1";"34";"34172";"2";"3";"2";"3";"MARCHE AUX BESTIAUX (RUE DU)";"43,61616000";"3,88438000"
"202400037090";"14";"01";"2024";"18:45";"5";"972";"97209";"2";"1";"1";"6";"BISHOP (Avenue Maurice)";"14,61000000";" -61,05000000"
"202400037091";"15";"01";"2024";"09:20";"1";"69";"69389";"2";"3";"2";"3";"20 Rue de la Claire";"45,77976000";"4,80567000"
"202400037092";"14";"05";"2024";"20:40";"1";"33";"33063";"2";"2";"1";"3";"N/A";"44,83193000";" -0,57727000"
"202400037093";"26";"02";"2024";"19:50";"5";"91";"91103";"2";"1";"2";"4";"LEON BLUM (RUE)";"48,62014000";"2,30074000"
"202400037094";"7";"04";"2024";"17:10";"1";"95";"95582";"1";"1";"1";"6";"D170";"48,96427076";"2,26827495"
"202400037095";"15";"01";"2024";"09:00";"1";"69";"69389";"2";"9";"2";"2";"90 Rue Pierre Audry";"45,76160000";"4,80876000"
"202400037096";"14";"05";"2024";"02:00";"3";"33";"33063";"2";"1";"3";"6";"N/A";"44,89727000";" -0,55111000"
"202400037097";"22";"02";"2024";"14:50";"1";"91";"91570";"2";"1";"3";"3";"LIERS (RUE DE)";"48,63434000";"2,31471000"
"202400037098";"14";"01";"2024";"06:30";"1";"971";"97113";"1";"1";"1";"6";"RN4-ROND POINT SAINT FELIX";"16,20800000";" -61,45143000"
"202400037099";"6";"04";"2024";"17:05";"1";"93";"93005";"1";"1";"1";"5";"A3";"48,94047447";"2,47890375"
"202400037100";"26";"02";"2024";"17:20";"1";"91";"91692";"2";"1";"2";"6";"VENDEE (RUE DE)";"48,68268000";"2,16442000"
"202400037101";"14";"05";"2024";"17:58";"1";"32";"32013";"2";"1";"1";"5";"JEAN JAURES (AVENUE)";"43,66440000";"0,59592000"
"202400037102";"15";"01";"2024";"18:00";"4";"95";"95585";"1";"1";"8";"2";"D316";"48,98420625";"2,37228131"
"202400037103";"24";"02";"2024";"14:40";"1";"91";"91377";"2";"9";"8";"6";"LA VALLEE DE LA BIEVRE (VOIE DE)";"48,73746000";"2,26759000"
"202400037104";"5";"04";"2024";"18:40";"1";"93";"93048";"1";"1";"1";"2";"A86";"48,86636948";"2,48142569"
"202400037105";"6";"05";"2024";"13:00";"1";"25";"25056";"2";"3";"2";"2";"COMBE AUX CHIENS CH. DE LA";"47,26118000";"6,01042000"
"202400037106";"15";"01";"2024";"09:00";"1";"95";"95585";"2";"2";"8";"6";"BAUVES (RUE DES)";"48,99471166";"2,37911224"
"202400037107";"14";"05";"2024";"10:40";"1";"25";"25056";"2";"1";"1";"6";"CHASNOT RUE DU";"47,25158600";"6,02849800"
"202400037108";"23";"02";"2024";"15:05";"1";"91";"91477";"2";"3";"1";"3";"GALLIENI (RUE)";"48,72373000";"2,25121000"
"202400037109";"15";"01";"2024";"11:50";"1";"91";"91191";"2";"6";"1";"6";"JEAN JAURES (AVENUE)";"48,71237000";"2,46487000"
"202400037110";"7";"04";"2024";"17:00";"1";"77";"77363";"1";"1";"1";"2";"A104";"48,91471100";"2,63454800"
"202400037111";"14";"05";"2024";"12:09";"1";"19";"19031";"2";"6";"3";"3";"COMTE (RUE ERNEST)";"45,15560000";"1,48005000"
"202400037112";"15";"01";"2024";"19:30";"5";"91";"91228";"2";"1";"1";"6";"PIERRE ET MARIE CURIE (RUE)";"48,63323000";"2,43255000"
"202400037113";"13";"05";"2024";"16:33";"1";"19";"19031";"2";"1";"1";"3";"VERLHAC (BOULEVARD DOCTEUR)";"45,16796000";"1,53438000"
"202400037114";"5";"04";"2024";"22:18";"3";"974";"97407";"2";"1";"1";"6";"ROUTE DU SACRE COEUR";" -20,95859000";"55,31942000"
"202400037115";"19";"02";"2024";"18:52";"5";"91";"91477";"2";"2";"2";"3";"SACLAY (ROUTE DE)";"48,71988000";"2,22498000"
"202400037116";"15";"01";"2024";"19:20";"5";"84";"84087";"2";"3";"1";"3";"CREMADES (AVENUE DES)";"44,12941000";"4,83603000"
"202400037117";"1";"01";"2024";"06:17";"5";"84";"84007";"2";"1";"1";"6";"CHARLES DE GAULLE";"43,93994000";"4,78770000"
"202400037118";"5";"04";"2024";"17:00";"1";"974";"97407";"2";"9";"1";"3";"CARPAYE(AVENUE)";" -20,94965000";"55,30166000"
"202400037119";"14";"05";"2024";"19:02";"1";"13";"13206";"2";"2";"3";"3";"ARMENY (RUE D')";"43,29121000";"5,38069000"
"202400037120";"6";"04";"2024";"06:20";"1";"972";"97209";"2";"1";"1";"3";"ALFASSA (BOULEVARD)";"14,60238000";" -61,06865000"
"202400037121";"13";"01";"2024";"16:40";"1";"84";"84007";"2";"3";"1";"3";"TARASCON ( Avenue de)";"43,92297000";"4,80932000"
"202400037122";"20";"02";"2024";"15:20";"1";"91";"91657";"2";"4";"1";"3";"PIERRE MARIN (RUE)";"48,69955000";"2,41735000"
"202400037123";"14";"05";"2024";"13:22";"1";"13";"13215";"2";"1";"8";"3";"SAINT LOUIS (AVENUE DE)";"43,35014000";"5,35874000"
"202400037124";"6";"04";"2024";"14:00";"1";"69";"69149";"2";"1";"1";"3";"134 Rue des Martyrs de la Libération";"45,70157000";"4,82361000"
"202400037125";"14";"05";"2024";"01:45";"5";"13";"13208";"2";"1";"1";"3";"PARADIS (RUE)";"43,27363000";"5,38500000"
"202400037126";"19";"02";"2024";"18:15";"2";"91";"91691";"2";"1";"2";"6";"CD 94";"48,72484000";"2,49971000"
"202400037127";"5";"04";"2024";"20:00";"5";"971";"97120";"1";"1";"1";"3";"PAUL VALENTINO (AVENUE)";"16,22728000";" -61,52986000"
"202400037128";"15";"01";"2024";"17:00";"1";"77";"77284";"2";"1";"1";"2";"GUERIN (RUE CAMILLE)";"48,96748753";"2,88289976"
"202400037129";"2";"05";"2024";"08:37";"1";"12";"12176";"2";"1";"2";"1";"ex RN88";"44,37345000";"2,63648000"
"202400037130";"24";"02";"2024";"18:40";"5";"91";"91027";"2";"1";"1";"1";"EDOUARD VAILLANT (RUE)";"48,70741100";"2,39662500"
"202400037131";"13";"05";"2024";"17:50";"1";"10";"10321";"1";"1";"1";"2";"TORVILLIERS (RUE";"48,27870000";"3,99530000"
"202400037132";"12";"01";"2024";"22:10";"3";"77";"77186";"1";"1";"1";"1";"RD 142";"48,45504000";"2,67110000"
"202400037133";"5";"04";"2024";"15:20";"1";"971";"97101";"1";"1";"1";"2";"CENTRE COMMERCIAL ROCADE";"16,25385288";" -61,53823256"
"202400037134";"22";"02";"2024";"11:10";"1";"91";"91027";"2";"6";"2";"3";"BERNARD LATHIERE (AVENUE)";"48,71495000";"2,37348000"
"202400037135";"15";"01";"2024";"09:20";"1";"76";"76705";"1";"9";"1";"3";"D7";"49,33433200";"1,10296700"
"202400037136";"14";"05";"2024";"10:10";"1";"04";"04112";"1";"1";"2";"3";"D907";"43,84493000";"5,73968000"
"202400037137";"5";"04";"2024";"15:59";"1";101;101004";"2";"1";"1";"4";"BONAPARTE CHARLES  BD";"41,93391000";"8,74995000"
"202400037138";"12";"01";"2024";"16:25";"1";"76";"76351";"2";"2";"1";"3";"Rue Jules Tellier";"49,49846000";"0,12782000"
"202400037139";"19";"02";"2024";"19:35";"5";"91";"91174";"2";"7";"8";"3";"HENRI DUNANT (BOULEVARD)";"48,60683000";"2,48349000"
"202400037140";"13";"05";"2024";"17:30";"1";"01";"01344";"2";"3";"1";"3";"BRESSE (AVENUE DE)";"46,21315000";"5,20411000"
"202400037141";"26";"02";"2024";"08:25";"1";"91";"91433";"1";"1";"2";"6";"RN 20";"48,45933000";"2,17795000"
"202400037142";"13";"01";"2024";"14:20";"1";"76";"76351";"2";"3";"1";"6";"MARECHAL JOFFRE (RUE)";"49,49996000";"0,12835000"
"202400037143";"6";"04";"2024";"10:35";"1";"91";"91027";"2";"2";"1";"3";"AV FRANCOIS MITTERRAND";"48,70876000";"2,37136000"
"202400037144";"13";"01";"2024";"18:10";"3";"76";"76447";"1";"1";"1";"1";"Rue Raoul Dufy";"49,55736000";"0,16528000"
"202400037145";"13";"05";"2024";"09:40";"1";"75";"75117";"2";"1";"1";"4";"BD PERIPHERIQUE INTERIEUR";"48,88457800";"2,28630100"
"202400037146";"27";"02";"2024";"16:30";"1";"88";"88160";"1";"1";"1";"1";"GERARDMER (route de)";"48,17688000";"6,50256000"
"202400037147";"13";"01";"2024";"00:50";"5";"76";"76351";"2";"2";"1";"2";"LENINGRAD (BD DE)";"49,49611000";"0,14678000"
"202400037148";"25";"02";"2024";"23:28";"3";"87";"87085";"1";"1";"2";"6";"AUTOROUTE A20";"45,85101807";"1,27605400"
"202400037149";"6";"04";"2024";"03:20";"5";"91";"91479";"1";"1";"1";"5";"RTE DE FONTAINEBLEAU";"48,72770000";"2,36870000"
"202400037150";"12";"01";"2024";"15:00";"1";"76";"76114";"2";"1";"1";"6";"CALVAIRE (RUE DU)";"49,57218000";"0,47519000"
"202400037151";"13";"05";"2024";"21:55";"5";"75";"75120";"2";"1";"1";"4";"BD PERIPHERIQUE EXTERIEUR";"48,87331700";"2,41205400"
"202400037152";"23";"02";"2024";"20:22";"5";"87";"87085";"2";"6";"2";"3";"VALOINE (BOULEVARD DE LA)";"45,83781000";"1,27854000"
"202400037153";"14";"05";"2024";"09:50";"1";"75";"75119";"2";"3";"3";"6";"RUE RIQUET";"48,88870800";"2,37335300"
"202400037154";"6";"04";"2024";"13:25";"1";"91";"91433";"1";"6";"1";"3";"ROND POINT RD20-RD 207-A";"48,45047700";"2,17413400"
"202400037155";"15";"01";"2024";"21:40";"3";"69";"69266";"2";"6";"8";"2";"Allée du Frère Benoit";"45,78516361";"4,88886790"
"202400037156";"15";"01";"2024";"07:45";"5";"69";"69256";"2";"1";"2";"6";"Avenue Karl Marx";"45,77810537";"4,93928151"
"202400037157";"23";"02";"2024";"17:20";"1";"86";"86194";"2";"1";"1";"1";"Avenue de l'Europe";"46,59214600";"0,34805400"
"202400037158";"4";"04";"2024";"03:00";"5";"87";"87085";"2";"2";"1";"6";"VANTEAUX (BOULEVARD DE)";"45,82133000";"1,23991000"
"202400037159";"13";"05";"2024";"23:05";"4";"75";"75117";"2";"1";"1";"3";"PLACE DE LA PORTE MAILLOT";"48,87756000";"2,28364000"
"202400037160";"15";"01";"2024";"08:20";"2";"69";"69264";"2";"1";"2";"6";"Boulevard Louis Blanc";"45,98728000";"4,72134000"
"202400037161";"6";"04";"2024";"01:00";"5";"83";"83137";"2";"1";"1";"7";"BRIAND (AVE ARISTIDE DE 1221 A FIN";"43,12146000";"5,89395000"
"202400037162";"15";"01";"2024";"07:45";"2";"69";"69290";"2";"1";"3";"6";"Boulevard Edouard Herriot";"45,69459000";"4,94036000"
"202400037163";"20";"02";"2024";"18:05";"2";"85";"85191";"2";"1";"1";"4";"Boulevard aristide briand";"46,66856100";" -1,43142000"
"202400037164";"13";"05";"2024";"14:40";"1";"75";"75117";"2";"4";"1";"3";"AVENUE MAC MAHON";"48,87769000";"2,29410000"
"202400037165";"15";"01";"2024";"08:15";"1";"65";"65440";"2";"2";"1";"6";"LASSERRE (RUE JULES)";"43,23571015";"0,07200608"
"202400037166";"6";"04";"2024";"20:30";"5";"83";"83069";"2";"3";"1";"3";"GAMBETTA (AVENUE)";"43,11709000";"6,12862000"
"202400037167";"14";"05";"2024";"18:45";"1";"75";"75116";"2";"2";"1";"6";"RUE DE BOULAINVILLIERS";"48,85764000";"2,27473200"
"202400037168";"15";"01";"2024";"11:35";"1";"64";"64483";"2";"1";"2";"6";"N/A";"43,38754000";" -1,66147000"
"202400037169";"6";"04";"2024";"22:06";"5";"83";"83061";"2";"1";"1";"6";"BOULEVARD DE LA LIBÉRATION";"43,42452003";"6,76006615"
"202400037170";"24";"02";"2024";"19:23";"2";"84";"84007";"2";"3";"1";"4";"MONTFAVET (Route)";"43,94437000";"4,81747000"
"202400037171";"14";"05";"2024";"14:20";"1";"75";"75116";"2";"3";"2";"2";"RUE DE BOULAINVILLIERS";"48,85174000";"2,27758700"
"202400037172";"14";"01";"2024";"17:50";"5";"64";"64024";"2";"2";"2";"7";"NOVEMBRE (RUE DU 11)";"43,48213000";" -1,51462000"
"202400037173";"5";"04";"2024";"17:17";"1";"79";"79329";"2";"1";"7";"3";"N/A";"46,99444800";" -0,20793000"
"202400037174";"15";"01";"2024";"13:34";"1";"63";"63113";"2";"2";"2";"6";"LAFAYETTE (BD)";"45,77359000";"3,08986000"
"202400037175";"14";"05";"2024";"09:50";"1";"75";"75116";"2";"3";"3";"6";"RUE CHARDON LAGACHE";"48,84752800";"2,26905000"
"202400037176";"20";"02";"2024";"20:00";"5";"84";"84007";"1";"5";"1";"3";"CAVAILLON (Route de Cavaillon)-MONTFAVET";"43,88923000";"4,91611000"
"202400037177";"6";"04";"2024";"22:15";"5";"78";"78481";"2";"2";"1";"3";"Pont Georges Pompidou";"48,89786000";"2,10715000"
"202400037178";"15";"01";"2024";"07:20";"5";"63";"63113";"2";"4";"2";"3";"LIONDARDS (RUE NOUVELLE DES) / Etienne Dolet";"45,75781000";"3,08596000"
"202400037179";"14";"05";"2024";"09:35";"1";"75";"75116";"2";"7";"2";"3";"PLACE DE LA PORTE DE SAINT CLOUD";"48,83747264";"2,25680387"
"202400037180";"19";"02";"2024";"19:30";"2";"84";"84007";"2";"3";"1";"6";"avenue de la folie";"43,94615000";"4,83489000"
"202400037181";"15";"01";"2024";"11:30";"1";"60";"60057";"2";"1";"1";"1";"Avenue Léon Blum";"49,45006558";"2,07249248"
"202400037182";"5";"04";"2024";"18:00";"1";"77";"77438";"2";"1";"2";"3";"SAINT GERMAIN DES NOYERS  (AVENUE)";"48,86123000";"2,67319000"
"202400037183";"19";"02";"2024";"12:08";"1";"83";"83062";"2";"1";"1";"6";"SALENGRO (AVENUE ROGER)";"43,12656000";"6,01261000"
"202400037184";"14";"05";"2024";"02:09";"5";"75";"75109";"2";"3";"1";"2";"BOULEVARD POISSONNIERE";"48,87089000";"2,34672800"
"202400037185";"14";"01";"2024";"19:40";"5";"56";"56121";"2";"2";"8";"3";"DU COUEDIC (RUE)";"47,75052200";" -3,36296000"
"202400037186";"5";"04";"2024";"17:15";"1";"76";"76231";"2";"1";"2";"1";"Rue du Thuit Anger";"49,28385000";"0,99263000"
"202400037187";"21";"02";"2024";"14:40";"1";"83";"83137";"2";"3";"1";"6";"JOFFRE (BD MARECHAL)";"43,12411000";"5,95472000"
"202400037188";"15";"01";"2024";"10:40";"1";"45";"45234";"2";"1";"1";"6";"D2157 PR 7 + 625";"47,90721000";"1,88788000"
"202400037189";"14";"05";"2024";"12:00";"1";"75";"75107";"2";"3";"2";"3";"PONT D IENA";"48,85908400";"2,29324000"
"202400037190";"14";"01";"2024";"07:00";"3";"41";"41018";"2";"1";"1";"2";"LATTRE DE TASSIGNY (QUAI DU MARECHAL DE)";"47,58626000";"1,33634000"
"202400037191";"20";"02";"2024";"09:10";"1";"83";"83126";"2";"1";"1";"6";"MARTINI (RUE J BAPTISTE)";"43,10000523";"5,88070370"
"202400037192";"13";"05";"2024";"22:32";"5";"75";"75107";"2";"1";"1";"1";"QUAI BRANLY";"48,85913000";"2,29394000"
"202400037193";"6";"04";"2024";"23:30";"5";"72";"72181";"2";"3";"2";"3";"RUBILLARD AV N° IMP 1 A 51";"48,01175000";"0,18609000"
"202400037194";"15";"01";"2024";"08:15";"1";"38";"38544";"2";"1";"2";"6";"ANATOLE FRANCE(QUAI)";"45,52900000";"4,87800000"
"202400037195";"14";"05";"2024";"08:40";"1";"75";"75101";"2";"1";"3";"7";"VOIE GEORGES POMPIDOU";"48,85788700";"2,34416000"
"202400037196";"13";"01";"2024";"18:00";"5";"35";"35115";"2";"1";"1";"6";"PINTERIE (RUE DE LA)";"48,35472000";" -1,20510000"
"202400037197";"27";"02";"2024";"13:40";"1";"83";"83129";"2";"1";"1";"3";"LERY (BOULEVARD DE)";"43,11937000";"5,84730000"
"202400037198";"7";"04";"2024";"00:30";"5";"67";"67482";"2";"1";"1";"6";"FRANÇOIS MITTERRAND (AVENUE)";"48,58729000";"7,69724000"
"202400037199";"13";"05";"2024";"08:37";"1";"75";"75104";"2";"3";"1";"7";"BOULEVARD BEAUMARCHAIS";"48,85479500";"2,36874400"
"202400037200";"15";"01";"2024";"07:15";"2";"34";"34172";"2";"9";"1";"3";"HUIT MAI 1945 (PLACE DU)";"43,60106800";"3,86807000"
"202400037201";"24";"02";"2024";"09:20";"1";"83";"83129";"2";"3";"1";"3";"KENNEDY (AVENUE J.)N°PAIRS 2A2560";"43,10685850";"5,82183588"
"202400037202";"14";"01";"2024";"20:40";"5";"29";"29019";"2";"1";"2";"6";"rue de Kermenguy";"48,40343500";" -4,50090400"
"202400037203";"12";"05";"2024";"21:15";"5";"94";"94081";"2";"3";"1";"3";"Avenue Paul Vaillant Couturier / Rue Désiré Granet";"48,79502000";"2,39728000"
"202400037204";"6";"04";"2024";"19:50";"2";"67";"67482";"2";"3";"1";"3";"ILL (RUE DE L )";"48,61310000";"7,77284000"
"202400037205";"23";"02";"2024";"15:10";"1";"83";"83069";"2";"1";"1";"3";"ROUBAUD (CHEMIN DU)";"43,10907000";"6,13906000"
"202400037206";"14";"05";"2024";"20:25";"1";"94";"94003";"2";"2";"8";"3";"Avenue Paul Vaillant-couturier / Avenue Gabriel Péri";"48,80012700";"2,34276600"
"202400037207";"15";"01";"2024";"08:25";"2";"27";"27681";"2";"1";"1";"7";"SAINT LOUIS (RUE)";"49,09328000";"1,47254000"
"202400037208";"23";"02";"2024";"21:20";"5";"83";"83034";"1";"1";"1";"6";"FONT BRUN (RUE)";"43,08471000";"6,10562000"
"202400037209";"6";"04";"2024";"15:50";"1";"67";"67482";"2";"1";"1";"2";"VIENNE (ROUTE DE)";"48,57262000";"7,75586000"
"202400037210";"14";"05";"2024";"19:15";"1";"94";"94041";"2";"1";"2";"6";"70 Avenue Georges Gosnat";"48,81350661";"2,38873921"
"202400037211";"16";"01";"2024";"01:25";"3";"26";"26058";"1";"1";"1";"7";"Route de L'Amiral de Joybert";"44,96526352";"4,90068555"
"202400037212";"23";"02";"2024";"10:25";"1";"83";"83069";"2";"1";"1";"6";"PROVENCE (RUE DE)";"43,11770000";"6,13038000"
"202400037213";"6";"04";"2024";"11:05";"1";"64";"64102";"2";"1";"1";"3";"AQUITAINE (AVENUE DE L')";"43,48630000";" -1,46664000"
"202400037214";"13";"05";"2024";"22:15";"5";"94";"94041";"2";"1";"1";"6";"Quai Marcel Boyer";"48,82381000";"2,39067000"
"202400037215";"15";"01";"2024";"15:05";"1";"25";"25056";"2";"2";"1";"6";"CHURCHILL BD WINSTON (sup19)";"47,25339000";"6,01546000"
"202400037216";"14";"05";"2024";"17:40";"1";"94";"94038";"2";"3";"2";"6";"Rue Dispan / Rue des Jardins";"48,77947300";"2,33882200"
"202400037217";"19";"02";"2024";"17:20";"1";"83";"83061";"2";"1";"1";"4";"AVENUE ANDRE LEOTARD";"43,43926933";"6,74602926"