"Num_Acc";"jour";"mois";"an";"hrmn";"lum";"dep";"com";"agg";"int";"atm";"col";"adr";"lat";"long"
"202400037218";"6";"04";"2024";"23:30";"5";"63";"63014";"2";"6";"6";"6";"LAVOISIER (AVENUE)";"45,75771000";"3,14258000"
"202400037219";"15";"01";"2024";"18:55";"5";"16";"16015";"2";"6";"1";"6";"BORDEAUX (RUE DE N° 110 A LA FIN)";"45,64320000";"0,13609000"
"202400037220";"15";"01";"2024";"19:30";"5";"13";"13213";"2";"1";"1";"3";"CHATEAU GOMBERT CHEMIN";"43,34319000";"5,42053000"
"202400037221";"13";"05";"2024";"18:10";"1";"94";"94071";"2";"1";"1";"3";"Avenue Charles de Gaulle";"48,76693000";"2,53155000"
"202400037222";"18";"02";"2024";"19:20";"5";"81";"81018";"2";"2";"1";"2";"LESCURE ( AVENUE DE )";"43,95460000";"2,20367000"
"202400037223";"6";"04";"2024";"08:30";"1";"61";"61169";"1";"1";"1";"1";"D962";"48,74930000";" -0,52765000"
"202400037224";"22";"02";"2024";"08:50";"1";"80";"80021";"2";"1";"1";"6";"Avenue d'Irlande";"49,87085000";"2,29524000"
"202400037225";"15";"01";"2024";"21:15";"3";"13";"13047";"1";"1";"1";"6";"RD 569";"43,55883000";"4,97639000"
"202400037226";"14";"05";"2024";"17:50";"1";"93";"93073";"2";"2";"2";"3";"Avenue Henri Barbusse / Rue Ronsard";"48,96007000";"2,57154000"
"202400037227";"6";"04";"2024";"08:50";"1";"60";"60159";"2";"2";"1";"3";"Rue des Sablons";"49,41092687";"2,82440887"
"202400037228";"19";"02";"2024";"22:55";"5";"80";"80021";"2";"1";"1";"3";"384 Rue Saint-Fuscien";"49,87410000";"2,30653000"
"202400037229";"14";"05";"2024";"10:30";"1";"93";"93071";"2";"1";"3";"2";"Avenue John Fitzgerald Kennedy";"48,94081300";"2,51251300"
"202400037230";"6";"04";"2024";"21:00";"5";"59";"59599";"2";"9";"1";"3";"Avenue de la Fin de la Guerre";"50,73036100";"3,13979000"
"202400037231";"15";"01";"2024";"13:15";"1";"06";"06088";"2";"1";"1";"2";"Avenue de Bellet";"43,69235130";"7,24427540"
"202400037232";"13";"05";"2024";"10:40";"1";"93";"93064";"2";"1";"1";"3";"Rue Laënnec";"48,88180200";"2,49470700"
"202400037233";"6";"04";"2024";"08:35";"1";"56";"56162";"1";"1";"1";"6";"Kervéhennec";"47,75181000";" -3,41952000"
"202400037234";"15";"01";"2024";"15:35";"1";"75";"75119";"2";"3";"8";"3";"AVENUE SIMON BOLIVAR";"48,87559200";"2,38188100"
"202400037235";"27";"02";"2024";"12:35";"1";"78";"78551";"1";"2";"1";"1";"RD 308";"48,93943000";"2,07620000"
"202400037236";"14";"05";"2024";"09:45";"1";"93";"93051";"2";"1";"3";"6";"Avenue du Pave Neuf";"48,84052200";"2,55305200"
"202400037237";"15";"01";"2024";"11:30";"1";"75";"75118";"2";"1";"1";"6";"BOULEVARD ORNANO";"48,89309800";"2,34841200"
"202400037238";"6";"04";"2024";"13:30";"1";"54";"54300";"2";"2";"1";"1";"Rue Robert Damery";"48,65839000";"6,22400000"
"202400037239";"26";"02";"2024";"11:15";"1";"78";"78418";"2";"3";"2";"3";"PETITS CHENES (CHEMIN DES)";"48,91116000";"2,13595000"
"202400037240";"13";"05";"2024";"23:35";"5";"93";"93031";"2";"2";"1";"3";"Avenue de la Marne / Rue du Commandant Louis Bouchet";"48,95275000";"2,32753000"
"202400037241";"15";"01";"2024";"07:30";"3";"75";"75117";"2";"1";"1";"3";"BOULEVARD DE DOUAUMONT";"48,89495200";"2,30674900"
"202400037242";"6";"04";"2024";"12:00";"1";"54";"54395";"2";"2";"1";"6";"Rue Jeanne d'Arc";"48,68757000";"6,17076000"
"202400037243";"14";"05";"2024";"11:35";"1";"93";"93001";"2";"6";"3";"3";"Rue de Saint-Denis / Rue des Bergeries";"48,92129900";"2,37610100"
"202400037244";"21";"02";"2024";"19:00";"5";"78";"78440";"2";"2";"2";"6";"EUROPE (AVENUE DE L')";"48,97572000";"1,91569000"
"202400037245";"13";"01";"2024";"21:30";"5";"75";"75114";"2";"1";"1";"3";"AVENUE DE LA PORTE DE CHATILLON";"48,82327400";"2,31606200"
"202400037246";"6";"04";"2024";"06:40";"2";"54";"54339";"1";"1";"1";"3";"M321";"48,72854000";"6,18458000"
"202400037247";"14";"05";"2024";"10:20";"1";"92";"92046";"2";"1";"2";"3";"PIERRE BROSSOLETTE (AVENUE)";"48,81588835";"2,30531882"
"202400037248";"14";"01";"2024";"04:31";"5";"75";"75112";"2";"1";"1";"6";"RUE DU FAUBOURG SAINT ANTOINE";"48,85274700";"2,37117900"
"202400037249";"28";"02";"2024";"18:25";"1";"78";"78015";"1";"9";"1";"1";"RD 55";"48,97106700";"2,04087100"
"202400037250";"13";"05";"2024";"09:20";"1";"92";"92046";"2";"7";"1";"3";"SALVADOR ALLENDE (RUE)";"48,82117702";"2,30343443"
"202400037251";"15";"01";"2024";"07:50";"5";"75";"75101";"2";"2";"1";"3";"RUE DE RIVOLI";"48,85962700";"2,34485200"
"202400037252";"14";"05";"2024";"12:05";"1";"92";"92064";"2";"1";"2";"3";"BUZENVAL";"48,85405804";"2,19965476"
"202400037253";"6";"04";"2024";"18:41";"1";"51";"51172";"2";"4";"1";"6";"LOUVOIS (ROUTE DE) CORA";"49,21431000";"4,05081000"
"202400037254";"15";"01";"2024";"17:25";"2";"94";"94080";"2";"3";"1";"6";"Rue de Fontenay / Rue de Condé-sur-noireau";"48,84790300";"2,44030600"
"202400037255";"14";"05";"2024";"18:27";"1";"92";"92044";"2";"2";"2";"3";"LEON JAMIN(RUE)";"48,90043536";"2,28647169"
"202400037256";"6";"04";"2024";"12:35";"1";"49";"49007";"2";"1";"1";"6";"TALET AVENUE";"47,47619000";" -0,54781000"
"202400037257";"11";"01";"2024";"08:00";"5";"94";"94078";"2";"3";"1";"6";"Rue Thimonnier / Rue Saint-exupéry";"48,75061729";"2,44741452"
"202400037258";"14";"05";"2024";"22:50";"5";"92";"92040";"2";"2";"1";"3";"HORACE VERNET";"48,82638491";"2,27350527"
"202400037259";"26";"02";"2024";"08:20";"1";"77";"77479";"2";"1";"2";"6";"RUE DE TORCY";"48,86834300";"2,64519800"
"202400037260";"6";"04";"2024";"09:30";"1";"49";"49007";"1";"1";"1";"3";"ATLANTIQUE  AVENUE DE L'";"47,46600000";" -0,58130000"
"202400037261";"15";"01";"2024";"07:25";"5";"94";"94068";"2";"2";"1";"3";"Avenue Raspail / Avenue de l’Alma";"48,78603000";"2,49526000"
"202400037262";"12";"05";"2024";"20:14";"2";"92";"92035";"2";"1";"1";"1";"République ( boulevard de la )";"48,90678000";"2,24534000"
"202400037263";"14";"01";"2024";"08:55";"1";"94";"94046";"2";"1";"8";"2";"Avenue du Général Leclerc";"48,80784268";"2,43715578"
"202400037264";"25";"02";"2024";"09:30";"1";"77";"77258";"1";"1";"1";"4";"BRIE VPO (ROUTE DE LA BRIE)";"48,83823900";"2,62472800"
"202400037265";"5";"04";"2024";"14:50";"1";"47";"47001";"2";"3";"1";"3";"SCHUMANN (AV. ROBERT)";"44,20696000";"0,63658000"
"202400037266";"15";"01";"2024";"14:30";"1";"94";"94034";"2";"3";"1";"6";"Allée des Jachères / Rue de la Vanne";"48,75518107";"2,33047557"
"202400037267";"15";"01";"2024";"11:45";"1";"94";"94028";"2";"1";"1";"6";"Avenue François Mitterrand";"48,77003000";"2,46254000"
"202400037268";"14";"05";"2024";"15:05";"1";"92";"92026";"2";"4";"2";"4";"NEUILLY DEFENSE (RESIDENCE)";"48,88726039";"2,25306474"
"202400037269";"22";"02";"2024";"10:30";"1";"77";"77468";"1";"1";"2";"1";"D10P";"48,85616000";"2,63662000"
"202400037270";"15";"01";"2024";"15:15";"1";"93";"93051";"2";"5";"7";"6";"Rue Rouget de Lisle / Avenue du Général de Gaulle";"48,84340635";"2,55952549"
"202400037271";"5";"04";"2024";"17:30";"1";"45";"45234";"2";"1";"8";"4";"46 Rue du Faubourg Bannier";"47,90969000";"1,90083000"
"202400037272";"14";"05";"2024";"16:10";"1";"92";"92025";"2";"1";"2";"3";"VALMY (BD DE)";"48,92439560";"2,25268051"
"202400037273";"27";"02";"2024";"12:45";"1";"77";"77445";"1";"1";"1";"6";"RD 306";"48,59555000";"2,59422000"
"202400037274";"15";"01";"2024";"16:40";"1";"93";"93046";"2";"3";"1";"6";"Boulevard Jean Jaurès / Allée de Chartres";"48,92151000";"2,52530000"
"202400037275";"14";"05";"2024";"16:25";"1";"92";"92004";"2";"1";"2";"6";"ARGENTEUIL AV D'";"48,91120614";"2,28542072"
"202400037276";"20";"02";"2024";"09:38";"1";"77";"77445";"2";"1";"1";"6";"ROUTOIRES (AVENUE DES)";"48,58979000";"2,59226000"
"202400037277";"6";"04";"2024";"20:00";"1";"44";"44109";"2";"1";"2";"3";"8 Boulevard Vincent Gâche";"47,20661000";" -1,54188100"
"202400037278";"15";"01";"2024";"10:10";"1";"93";"93032";"2";"3";"1";"3";"Rue Paul Vaillant Couturier / Avenue d'Orléans";"48,87661000";"2,54928000"
"202400037279";"14";"05";"2024";"22:35";"5";"92";"92002";"2";"2";"8";"3";"AUGUSTE MOUNIE (RUE)";"48,75343441";"2,30502391"
"202400037280";"27";"02";"2024";"08:40";"1";"77";"77276";"1";"1";"1";"5";"RD 360";"48,91800000";"2,88027000"
"202400037281";"2";"04";"2024";"14:50";"1";"44";"44135";"2";"1";"1";"6";"20 Boulevard de l'Atlantique";"47,27433000";" -2,43962000"
"202400037282";"15";"01";"2024";"12:45";"1";"93";"93007";"2";"1";"1";"6";"Avenue Descartes";"48,95041000";"2,44493000"
"202400037283";"15";"05";"2024";"14:15";"1";"86";"86174";"2";"1";"1";"6";"Rue du 19 Mars 1962";"46,76558500";"0,47983100"
"202400037284";"15";"01";"2024";"08:10";"2";"92";"92064";"2";"1";"1";"6";"GOUNOD";"48,84264942";"2,21008730"
"202400037285";"15";"05";"2024";"07:35";"1";"36";"36034";"2";"1";"1";"2";"Rue de Beauregard";"47,25512042";"1,64928282"
"202400037286";"5";"04";"2024";"19:45";"1";"42";"42218";"2";"4";"1";"6";"Rue Paillard";"45,43150711";"4,40586231"
"202400037287";"26";"02";"2024";"08:00";"1";"77";"77284";"2";"5";"8";"2";"FOCH (AVENUE DU ML.)";"48,95746000";"2,89455000"
"202400037288";"15";"01";"2024";"07:55";"2";"92";"92048";"2";"6";"2";"2";"PARIS (RUE DE) N° 1 A 15BIS";"48,81773180";"2,24901599"
"202400037289";"11";"05";"2024";"17:00";"1";"84";"84083";"2";"6";"1";"2";"N7";"44,20014300";"4,72768300"
"202400037290";"23";"02";"2024";"19:30";"5";"77";"77284";"2";"9";"2";"6";"BRIAND (RUE ARISTIDE)";"48,95725000";"2,89415000"
"202400037291";"15";"05";"2024";"15:40";"1";"65";"65120";"1";"1";"2";"6";"D305";"43,19926700";"0,15687200"
"202400037292";"5";"04";"2024";"15:36";"1";"38";"38185";"2";"2";"1";"6";"COURS JEAN JAURÈS";"45,18587000";"5,71808000"
"202400037293";"15";"01";"2024";"08:20";"1";"92";"92025";"2";"1";"8";"3";"CHARLES DE GAULLE (BD)";"48,91290423";"2,23076275"
"202400037294";"14";"05";"2024";"14:59";"1";"22";"22114";"1";"1";"1";"6";"D52";"48,23800800";" -2,29034900"
"202400037295";"27";"02";"2024";"21:45";"3";"77";"77111";"2";"2";"1";"6";"CHE DES VERGERS";"48,87824000";"2,76602000"
"202400037296";"15";"01";"2024";"12:45";"1";"92";"92012";"2";"2";"1";"6";"GENERAL LECLERC (AVENUE DU) 35/FIN - 60/";"48,83191737";"2,23820239"
"202400037297";"6";"04";"2024";"19:10";"1";"37";"37122";"2";"2";"1";"3";"REPUBLIQUE (AVENUE DE LA)";"47,35635000";"0,66545000"
"202400037298";"14";"05";"2024";"16:35";"1";"56";"56117";"2";"1";"1";"6";"Place Anne de Bretagne";"47,88311800";" -2,83258900"
"202400037299";"25";"02";"2024";"16:00";"1";"77";"77132";"2";"1";"2";"6";"AV ROBERT SCHUMAN";"48,87187600";"2,79764400"
"202400037300";"25";"02";"2024";"16:29";"1";"77";"77449";"1";"1";"3";"6";"AV PAUL SERAMY";"48,85818000";"2,79625000"
"202400037301";"6";"04";"2024";"13:35";"1";"35";"35238";"2";"1";"1";"3";"LORIENT (DE)";"48,10583000";" -1,73288000"
"202400037302";"14";"05";"2024";"08:40";"1";"77";"77109";"2";"3";"2";"3";"Avenue du Marronnier";"48,61067900";"3,19716600"
"202400037303";"12";"01";"2024";"19:45";"3";"21";"21599";"1";"1";"9";"6";"A31";"47,64831900";"5,17804600"
"202400037304";"23";"02";"2024";"14:15";"1";"77";"77058";"2";"1";"3";"6";"GENERAL DE GAULLE  (AVENUE DU)";"48,83956400";"2,72556700"
"202400037305";"14";"05";"2024";"19:05";"1";"76";"76452";"2";"1";"1";"7";"Rue François Leblanc";"49,55563300";"1,07351700"
"202400037306";"16";"01";"2024";"15:00";"1";"974";"97412";"2";"1";"1";"6";"35 Rue Hippolyte Foucque";" -21,37462600";"55,62450900"
"202400037307";"2";"04";"2024";"18:50";"2";"35";"35115";"2";"6";"2";"3";"COINTAT (BD MICHEL)";"48,34384000";" -1,17629000"
"202400037308";"15";"05";"2024";"06:00";"1";101;101139";"1";"1";"1";"6";"#Strada di Suartu#";"41,68864900";"9,32604100"
"202400037309";"26";"02";"2024";"16:55";"1";"77";"77333";"2";"1";"3";"6";"RUE DE BEAUREGARD";"48,25841397";"2,70479772"
"202400037310";"6";"04";"2024";"10:30";"1";"34";"34003";"2";"1";"1";"6";"ROSIERS (L17 A M17";"43,29964000";"3,48170000"
"202400037311";"8";"01";"2024";"16:25";"1";"35";"35085";"2";"2";"1";"3";"Avenue du General de Gaulle";"48,41022500";" -1,75369300"
"202400037312";"14";"05";"2024";"09:08";"1";"82";"82025";"1";"2";"3";"3";"Route de Montech";"43,95783300";"1,28664800"
"202400037313";"27";"02";"2024";"18:20";"1";"76";"76561";"2";"1";"1";"3";"Rue Denfert Rochereau";"49,30021000";"1,01768000"
"202400037314";"7";"04";"2024";"02:00";"4";"33";"33318";"2";"1";"1";"6";"N/A";"44,79000000";" -0,67300000"
"202400037315";"14";"05";"2024";"09:30";"1";"65";"65389";"2";"3";"3";"7";"chemin de la ribère";"43,07352000";"0,48348400"
"202400037316";"14";"01";"2024";"09:20";"1";"59";"59653";"1";"1";"8";"3";"M145";"50,58043000";"2,90639900"
"202400037317";"6";"05";"2024";"21:15";"3";"61";"61079";"1";"1";"1";"6";"Voie Communale";"48,22413600";"0,72508600"
"202400037318";"20";"02";"2024";"21:00";"5";"76";"76540";"2";"2";"1";"3";"Boulevard de l'Europe";"49,42713949";"1,08354717"
"202400037319";"6";"04";"2024";"20:18";"2";"29";"29019";"2";"6";"8";"3";"rue Emile Rousse";"48,38534300";" -4,52825300"
"202400037320";"15";"01";"2024";"19:45";"5";"59";"59525";"2";"1";"1";"1";"Route d?Avesnes";"50,08798100";"4,00124400"
"202400037321";"14";"05";"2024";"14:25";"1";"46";"46136";"1";"1";"2";"5";"Route départementale 811";"44,50990400";"1,25117500"
"202400037322";"27";"02";"2024";"13:50";"1";"76";"76351";"2";"2";"1";"3";"PAUL DOUMER";"49,49254000";"0,10080000"
"202400037323";"6";"04";"2024";"20:00";"2";"26";"26281";"2";"3";"1";"3";"Rue Lamartine";"45,04716785";"5,06317377"
"202400037324";"16";"01";"2024";"17:45";"5";"71";"71543";"2";"3";"8";"1";"D906 - Avenue de Lattre de Tassigny";"46,55527500";"4,91582400"
"202400037325";"27";"02";"2024";"17:30";"1";"76";"76351";"2";"1";"1";"6";"PIERRE MENDES FRANCE";"49,50896000";"0,13818000"
"202400037326";"14";"05";"2024";"07:34";"1";"47";"47140";"1";"1";"2";"1";"D13";"44,31237600";"0,57770000"
"202400037327";"5";"04";"2024";"11:45";"1";"23";"23096";"2";"1";"1";"6";"GARE (BOULEVARD DE LA)";"46,17461000";"1,87732000"
"202400037328";"14";"01";"2024";"23:00";"3";"61";"61486";"1";"1";"9";"6";"D22 PR31+130";"48,73117800";" -0,70730900"
"202400037329";"26";"02";"2024";"07:50";"3";"76";"76341";"2";"1";"2";"6";"OUDALLE (ROUTE)";"49,50387000";"0,20275000"
"202400037330";"14";"01";"2024";"21:00";"3";"49";"49060";"2";"1";"1";"6";"RD 162";"47,18533800";" -0,06817100"
"202400037331";"12";"05";"2024";"15:55";"1";"39";"39013";"1";"1";"1";"1";"N/A";"46,89757400";"5,79164600"
"202400037332";"5";"04";"2024";"17:50";"1";"22";"22106";"2";"1";"1";"4";"RN12";"48,50140000";" -2,72860000"
"202400037333";"25";"02";"2024";"14:50";"1";"76";"76305";"1";"1";"3";"2";"N 282";"49,49917000";"0,21923000"
"202400037334";"15";"01";"2024";"16:10";"2";"42";"42180";"1";"1";"2";"1";"Route de Sury";"45,57120700";"4,18732300"
"202400037335";"14";"05";"2024";"08:40";"1";"01";"01034";"2";"1";"2";"6";"365 Avenue Charles de Gaulle";"45,75932000";"5,69567100"
"202400037336";"23";"02";"2024";"04:08";"5";"76";"76351";"2";"3";"2";"7";"GRAND HAMEAU (Avenue du )";"49,52410000";"0,09412600"
"202400037337";"13";"05";"2024";"06:45";"2";"01";"01232";"1";"1";"1";"7";"d996";"46,38005900";"5,25221600"
"202400037338";"6";"04";"2024";"23:00";"5";"16";"16015";"2";"6";"1";"3";"BORDEAUX (RUE DE N° 110 A LA FIN)";"45,64321000";"0,13609000"
"202400037339";"22";"02";"2024";"01:35";"5";"76";"76351";"2";"6";"2";"7";"MARCEAU (RUE)";"49,49130000";"0,13286000"
"202400037340";"15";"05";"2024";"10:25";"1";"06";"06079";"2";"1";"8";"2";"Avenue des Anciens Combattants";"43,55543600";"6,94135000"
"202400037341";"6";"04";"2024";"02:35";"3";"13";"13019";"1";"1";"1";"6";"D9";"43,47159000";"5,34238000"
"202400037342";"15";"01";"2024";"16:10";"1";"02";"02785";"2";"1";"1";"1";"RD 1029";"49,87991400";"3,15419700"
"202400037343";"20";"02";"2024";"20:00";"5";"76";"76351";"2";"3";"1";"3";"SAPINS (DES)";"49,51046000";"0,14926000"
"202400037344";"14";"05";"2024";"09:30";"1";"04";"04049";"1";"9";"2";"6";"D404";"44,10697500";"6,00493500"
"202400037345";"15";"01";"2024";"15:05";"1";"15";"15141";"1";"1";"2";"6";"N122";"45,13146800";"2,96856700"
"202400037346";"6";"04";"2024";"20:45";"2";"13";"13210";"2";"1";"1";"3";"ROMAIN ROLLAND (BOULEVARD)";"43,27792000";"5,42095000"
"202400037347";"20";"02";"2024";"17:30";"1";"76";"76341";"2";"1";"1";"3";"CANTIPOU (Avenue)";"49,51175000";"0,21093000"
"202400037348";"14";"05";"2024";"20:50";"2";"85";"85140";"1";"1";"1";"6";"la daunière";"46,74250000";" -0,83097000"
"202400037349";"19";"04";"2024";"14:55";"1";"37";"37115";"2";"1";"1";"6";"Rue Pierre et Marie Curie";"46,98375800";"0,66707600"
"202400037350";"6";"04";"2024";"21:30";"5";"13";"13203";"2";"1";"1";"3";"LOUBON (RUE)";"43,31265328";"5,38211573"
"202400037351";"15";"01";"2024";"18:05";"3";"14";"14654";"1";"1";"1";"3";"3689 Route de Saint-Pierre sur Dives";"48,97626300";" -0,00796100"
"202400037352";"20";"02";"2024";"14:35";"1";"76";"76351";"2";"3";"1";"6";"DOCTEUR DE BOISSIERE";"49,50215680";"0,10346460"
"202400037353";"15";"05";"2024";"02:50";"3";"68";"68021";"1";"1";"3";"6";"A35";"47,64097100";"7,49760100"
"202400037354";"15";"01";"2024";"17:30";"1";"64";"64094";"1";"1";"2";"1";"3041 Route de Bayonne";"43,46501700";" -1,23821500"
"202400037355";"20";"02";"2024";"08:50";"1";"76";"76341";"2";"1";"1";"1";"EURE";"49,50526000";"0,19570000"
"202400037356";"6";"04";"2024";"20:30";"5";"13";"13211";"2";"1";"1";"1";"MIREILLE LAUZE (Bd)";"43,28387529";"5,41888259"
"202400037357";"16";"01";"2024";"17:50";"5";"10";"10323";"2";"1";"5";"6";"Chaussée de Sellières";"48,52015800";"3,70306300"
"202400037358";"15";"05";"2024";"00:32";"3";"39";"39159";"1";"1";"2";"6";"N/A";"46,87746500";"5,58422000"
"202400037359";"15";"01";"2024";"12:20";"1";"07";"07334";"1";"1";"1";"7";"442 Route de Villefort";"44,40842000";"4,10591500"
"202400037360";"13";"05";"2024";"12:15";"1";"31";"31254";"2";"1";"1";"2";"254 L?Occitane";"43,54929500";"1,50250900"
"202400037361";"6";"04";"2024";"16:04";"1";"13";"13203";"2";"2";"1";"3";"NATIONAL (BOULEVARD)";"43,30000000";"5,40000000"
"202400037362";"20";"02";"2024";"12:00";"1";"76";"76351";"2";"3";"1";"2";"OTHON FRIESZ";"49,49382000";"0,10100000"
"202400037363";"14";"01";"2024";"20:30";"4";"13";"13069";"1";"1";"1";"1";"D15";"43,62364600";"5,14606500"
"202400037364";"6";"04";"2024";"10:00";"1";"13";"13201";"2";"1";"1";"2";"BELSUNCE (COURS)";"43,29737000";"5,37724000"
"202400037365";"10";"05";"2024";"07:35";"1";"971";"97125";"1";"1";"1";"1";"Blonval";"16,25534300";" -61,31405400"
"202400037366";"19";"02";"2024";"12:00";"1";"76";"76351";"2";"1";"1";"6";"FELIX FAURE";"49,49999000";"0,10324000"
"202400037367";"14";"01";"2024";"05:15";"3";"65";"65161";"2";"1";"1";"6";"10 Rue des Pyrénées";"43,33813100";"0,13191700"
"202400037368";"14";"05";"2024";"19:23";"1";"83";"83037";"1";"1";"2";"1";"D5 route de la Roquebrussane";"43,39979400";"5,99740900"
"202400037369";"27";"02";"2024";"08:25";"1";"74";"74012";"2";"3";"1";"3";"VALLEES (ROUTE DES)";"46,19277000";"6,24469000"
"202400037370";"14";"01";"2024";"05:45";"3";"38";"38052";"1";"1";"1";"5";"Rd 1091 les sables";"45,10309800";"6,00828300"
"202400037371";"6";"04";"2024";"18:35";"1";"13";"13001";"2";"9";"1";"2";"GARDANNE (ROUTE DE )";"43,48525000";"5,41163000"
"202400037372";"15";"05";"2024";"13:15";"1";"04";"04143";"2";"3";"8";"7";"Route départementale 4";"43,91229700";"5,91548900"
"202400037373";"21";"02";"2024";"06:30";"2";"74";"74305";"2";"2";"8";"3";"FAVRE (RUE)";"46,20354000";"6,24885000"
"202400037374";"15";"01";"2024";"12:15";"1";"33";"33205";"1";"1";"2";"2";"N/A";"44,61220391";" -0,37757620"
"202400037375";"6";"04";"2024";"10:05";"1";"10";"10343";"2";"6";"1";"3";"Rue Aristide Briand";"48,26904000";"4,10325000"
"202400037376";"14";"05";"2024";"17:20";"1";"13";"13046";"1";"1";"2";"1";"D46a";"43,42019500";"5,54625000"
"202400037377";"15";"01";"2024";"15:30";"1";"988";"98817";"2";"3";"1";"3";"RPS1/Rue Fanny SCHMIDT";" -22,23127200";"166,52953300"
"202400037378";"21";"02";"2024";"09:35";"1";"74";"74133";"2";"3";"8";"3";"INDUSTRIE (RUE DE L')";"46,18449000";"6,21624000"
"202400037379";"14";"05";"2024";"18:05";"1";"13";"13042";"2";"1";"2";"1";"225 Route d?Aubagne";"43,29711600";"5,62058800"
"202400037380";"5";"04";"2024";"16:50";"1";"10";"10387";"2";"1";"1";"3";"HAUTS TREVOIS (RUE DES)";"48,28469000";"4,08742000"
"202400037381";"14";"01";"2024";"16:00";"1";"973";"97305";"1";"1";"1";"7";"34 Route Nationale 1";"4,91625000";" -52,37649300"
"202400037382";"27";"02";"2024";"18:15";"1";"72";"72095";"2";"1";"1";"6";"SAINT NICOLAS (BD)";"48,02814000";"0,20279000"
"202400037383";"14";"05";"2024";"20:30";"3";"13";"13066";"1";"1";"3";"1";"D28";"43,88528200";"4,89529400"
"202400037384";"16";"01";"2024";"14:50";"1";"77";"77415";"2";"1";"1";"2";"61 Rue Pasteur";"48,95215600";"3,01222700"
"202400037385";"26";"02";"2024";"19:20";"5";"72";"72003";"2";"6";"2";"3";"Avenue Charles de Gaulle";"47,97108405";"0,15934467"
"202400037386";"16";"01";"2024";"10:05";"1";"66";"66014";"2";"2";"1";"3";"Rue Mirabeau";"42,74943800";"2,80987600"
"202400037387";"14";"05";"2024";"12:30";"1";"68";"68154";"2";"1";"1";"3";"Avenue de Fribourg";"47,76733205";"7,38213289"
"202400037388";"5";"04";"2024";"21:50";"3";"07";"07019";"2";"1";"1";"3";"MONTELIMAR ( ROUTE DE )";"44,61446000";"4,39548000"
"202400037389";"15";"01";"2024";"17:55";"3";"34";"34154";"2";"1";"1";"6";"Rue Helene Boucher";"43,59145700";"3,93981100"
"202400037390";"26";"02";"2024";"09:44";"1";"72";"72181";"2";"9";"2";"2";"LEFAUCHEUX PIERRE (BD)";"47,96286000";"0,17695000"
"202400037391";"10";"05";"2024";"15:00";"1";"68";"68111";"1";"1";"1";"6";"Route de Saint Marc";"48,00710400";"7,27580200"
"202400037392";"6";"04";"2024";"20:40";"5";"06";"06088";"2";"2";"1";"3";"Rue Pierre Devoluy";"43,70347000";"7,27435000"
"202400037393";"15";"01";"2024";"16:30";"1";"84";"84092";"2";"3";"1";"2";"Rue François de Châteaubriand";"43,95074000";"4,85537100"
"202400037394";"24";"02";"2024";"14:30";"1";"72";"72181";"2";"1";"3";"2";"RHIN ET DANUBE (AV) N° IMP 271 A 339";"48,02170000";"0,18321000"
"202400037395";"3";"05";"2024";"22:35";"3";"67";"67487";"1";"1";"1";"3";"D263";"48,89933600";"7,85091200"
"202400037396";"6";"04";"2024";"02:50";"5";"05";"05023";"2";"1";"1";"6";"SYLVESTRE (RUE JOSEPH)";"44,88572000";"6,63421000"
"202400037397";"15";"01";"2024";"08:00";"1";"26";"26206";"1";"1";"1";"1";"D538a";"44,82557200";"4,99435800"
"202400037398";"23";"02";"2024";"17:05";"1";"72";"72181";"2";"9";"1";"1";"GAMBETTA (RUE) N° PAIRS 60 A 142";"48,00641000";"0,19110000"
"202400037399";"15";"05";"2024";"09:40";"1";"57";"57032";"2";"1";"2";"3";"78 Rue Georges Clémenceau";"49,07988200";"6,08352900"
"202400037400";"16";"01";"2024";"18:10";"5";"81";"81219";"2";"3";"1";"3";"Avenue de Revel";"43,56628500";"2,00388900"
"202400037401";"12";"05";"2024";"09:40";"1";"63";"63042";"1";"1";"1";"7";"RM796 -route des Mauvaises";"45,83626200";"3,07791300"
"202400037402";"20";"02";"2024";"08:10";"1";"71";"71306";"2";"3";"1";"2";"MOULINS (QUAI DE)";"46,66349000";"4,34975000"
"202400037403";"5";"04";"2024";"08:40";"1";"75";"75116";"2";"1";"1";"4";"BD PERIPHERIQUE EXTERIEUR";"48,83963300";"2,25416400"
"202400037404";"9";"01";"2024";"09:00";"1";"33";"33543";"2";"1";"1";"7";"N/A";"44,58254000";" -0,25785100"
"202400037405";"15";"05";"2024";"19:00";"2";"07";"07324";"2";"6";"3";"3";"Avenue de Nimes";"45,05534008";"4,83861661"
"202400037406";"28";"02";"2024";"14:20";"1";"71";"71475";"2";"1";"1";"1";"BERTRAND VOISEAU (RUE)";"46,76681000";"4,81946000"
"202400037407";"4";"04";"2024";"20:20";"2";"75";"75120";"2";"1";"8";"2";"BD PERIPHERIQUE EXTERIEUR";"48,86606600";"2,41344000"
"202400037408";"15";"01";"2024";"08:20";"5";"14";"14762";"2";"1";"1";"6";"37 Rue Emile Chenel";"48,83338600";" -0,88613700"
"202400037409";"11";"05";"2024";"11:35";"1";"16";"16026";"2";"4";"7";"1";"N/A";"45,71699300";"0,14526800"
"202400037410";"26";"02";"2024";"21:35";"5";"69";"69286";"2";"1";"1";"2";"Avenue de l'Europe";"45,81312000";"4,89259000"
"202400037411";"14";"01";"2024";"02:30";"4";"76";"76551";"2";"6";"1";"6";"42 Rue de la Cour Souveraine";"49,55292500";"0,28814400"
"202400037412";"6";"04";"2024";"01:10";"5";"75";"75112";"2";"1";"1";"6";"QUAI DE BERCY";"48,83515700";"2,38039100"
"202400037413";"24";"02";"2024";"00:50";"5";"69";"69266";"2";"1";"1";"6";"Pont de Croix-Luizet";"45,78359000";"4,89348000"
"202400037414";"16";"01";"2024";"14:55";"1";"02";"02381";"2";"1";"1";"6";"36 Rue Charles de Gaulle";"49,92257300";"4,08266700"
"202400037415";"14";"05";"2024";"19:45";"1";"85";"85226";"2";"1";"1";"1";"Route de la Marzelle";"46,72975700";" -1,93606700"
"202400037416";"13";"05";"2024";"09:15";"1";"49";"49023";"2";"1";"8";"6";"Rue d'Anjou (Villedieu-la-Blouère)";"47,14958600";" -1,06114400"
"202400037417";"15";"01";"2024";"18:10";"3";"13";"13212";"1";"1";"1";"2";"A507 sens Aubagne- Marseille";"43,29255000";"5,42506000"
"202400037418";"21";"02";"2024";"20:00";"5";"69";"69286";"2";"3";"1";"6";"Route de Strasbourg";"45,81391476";"4,88819095"
"202400037419";"6";"04";"2024";"15:35";"1";"75";"75119";"2";"3";"1";"2";"RUE DE MEAUX";"48,88571600";"2,38164500"
"202400037420";"15";"01";"2024";"09:45";"1";"13";"13055";"1";"1";"1";"6";"A507 sens Marseille - Aubagne";"43,34116124";"5,37648806"
"202400037421";"12";"05";"2024";"14:47";"1";"60";"60404";"2";"1";"1";"6";"106 Rue Paul Faure";"49,31013400";"2,47188100"
"202400037422";"15";"01";"2024";"09:45";"1";"13";"13028";"1";"1";"1";"7";"A50";"43,20382500";"5,63287100"
"202400037423";"20";"02";"2024";"19:00";"2";"69";"69286";"2";"3";"1";"6";"Place de la Bascule";"45,82123000";"4,89854000"
"202400037424";"6";"04";"2024";"17:35";"1";"75";"75117";"2";"3";"1";"6";"AVENUE DE CLICHY";"48,89232400";"2,31718600"
"202400037425";"15";"05";"2024";"00:30";"3";"60";"60010";"1";"6";"1";"7";"D205";"49,21417700";"2,12611200"
"202400037426";"15";"01";"2024";"17:30";"1";"33";"33075";"1";"1";"2";"3";"N/A";"44,88864300";" -0,59283900"
"202400037427";"6";"04";"2024";"01:30";"5";"75";"75116";"2";"1";"1";"6";"AVENUE DU PRESIDENT KENNEDY";"48,85704400";"2,28676300"
"202400037428";"20";"02";"2024";"16:05";"1";"69";"69256";"2";"2";"1";"3";"Avenue Franklin Roosevelt";"45,75931982";"4,93650422"
"202400037429";"13";"01";"2024";"17:55";"4";"59";"59196";"1";"1";"1";"2";"AUTOROUTE A25";"50,63343000";"2,95072000"
"202400037430";"14";"05";"2024";"09:00";"1";"02";"02454";"1";"2";"8";"6";"N/A";"49,49822100";"4,04057600"
"202400037431";"6";"04";"2024";"16:20";"1";"75";"75114";"2";"3";"1";"1";"AVENUE JEAN MOULIN";"48,82782400";"2,32669400"
"202400037432";"27";"02";"2024";"13:05";"1";"69";"69290";"2";"4";"8";"3";"Montée du Lyonnais";"45,70354000";"4,89554000"
"202400037433";"13";"05";"2024";"18:25";"1";"13";"13215";"1";"1";"1";"2";"A7-Sens Marseille vers Lyon";"43,34676777";"5,37260261"
"202400037434";"6";"04";"2024";"10:58";"1";"75";"75114";"2";"1";"1";"6";"AVENUE RENE COTY";"48,82883000";"2,33456100"
"202400037435";"11";"01";"2024";"23:30";"3";"59";"59205";"1";"1";"1";"5";"AUTOROUTE A 21";"50,32901000";"3,33321000"
"202400037436";"26";"02";"2024";"17:15";"1";"69";"69290";"2";"1";"1";"2";"Route d'Heyrieux";"45,68367000";"4,95169000"
"202400037437";"24";"02";"2024";"02:00";"5";"69";"69259";"2";"1";"1";"6";"382 Avenue Charles de Gaulle";"45,71725000";"4,89174000"
"202400037438";"13";"05";"2024";"03:44";"3";"13";"13106";"1";"1";"1";"2";"A7-Sens Marseille vers Lyon";"43,39279500";"5,35113200"
"202400037439";"6";"04";"2024";"10:55";"1";"75";"75112";"2";"1";"1";"2";"AVENUE DAUMESNIL";"48,84918000";"2,37145900"
"202400037440";"15";"01";"2024";"06:15";"3";"91";"91161";"1";"1";"1";"4";"AUTOROUTE A6";"48,69910000";"2,31277000"
"202400037441";"22";"02";"2024";"18:50";"5";"69";"69259";"2";"1";"8";"6";"Boulevard Ambroise Croizat";"45,70407000";"4,88759000"
"202400037442";"13";"05";"2024";"08:08";"1";"69";"69296";"1";"1";"1";"3";"Autoroute 7";"45,64477000";"4,83039000"
"202400037443";"14";"01";"2024";"10:00";"1";"92";"92060";"1";"1";"1";"6";"RN385";"48,77471986";"2,24037043"
"202400037444";"5";"04";"2024";"18:40";"1";"75";"75109";"2";"3";"2";"3";"BOULEVARD DE CLICHY";"48,88293000";"2,33493000"
"202400037445";"14";"01";"2024";"10:46";"1";"92";"92050";"1";"1";"1";"6";"A86";"48,89399306";"2,18968636"
"202400037446";"22";"02";"2024";"13:40";"1";"69";"69290";"2";"9";"2";"3";"Avenue Jean Jaurès";"45,69696000";"4,94092000"
"202400037447";"7";"05";"2024";"16:45";"1";"59";"59449";"1";"1";"1";"2";"AUTOROUTE A23";"50,46288528";"3,25345727"
"202400037448";"6";"04";"2024";"11:00";"1";"75";"75108";"2";"2";"1";"6";"AVENUE FRANKLIN D ROOSEVELT";"48,86678000";"2,31006500"
"202400037449";"11";"05";"2024";"19:30";"1";"59";"59350";"1";"1";"1";"2";"Route Nationale 356";"50,63401000";"3,08448000"
"202400037450";"14";"01";"2024";"05:00";"5";"78";"78158";"1";"1";"1";"5";"A13";"48,83148200";"2,14735200"
"202400037451";"21";"02";"2024";"23:15";"5";"69";"69259";"2";"2";"3";"3";"Rue Président Edouard Herriot";"45,69420000";"4,87500000"
"202400037452";"6";"04";"2024";"20:16";"2";"94";"94081";"2";"1";"8";"3";"Boulevard de Stalingrad";"48,79548000";"2,38427000"
"202400037453";"14";"05";"2024";"17:00";"1";"94";"94034";"1";"1";"2";"3";"A86";"48,75640590";"2,33470729"
"202400037454";"14";"01";"2024";"02:55";"3";"78";"78640";"1";"1";"1";"6";"RN12 INT";"48,78229000";"2,16194000"
"202400037455";"21";"02";"2024";"20:30";"5";"69";"69259";"2";"1";"1";"6";"70 Avenue Jean Jaurès";"45,70028422";"4,88249645"
"202400037456";"14";"05";"2024";"09:00";"1";"92";"92051";"1";"1";"3";"7";"N13";"48,88466094";"2,26051505"
"202400037457";"6";"04";"2024";"21:05";"5";"94";"94077";"2";"1";"8";"2";"Pont de Villeneuve-le-Roi";"48,72817500";"2,44370400"
"202400037458";"15";"01";"2024";"13:20";"1";"92";"92078";"1";"1";"1";"6";"AUTOROUTE A86";"48,92830843";"2,33162459"
"202400037459";"12";"05";"2024";"23:18";"5";"78";"78551";"1";"1";"1";"6";"SE A14";"48,90610500";"2,05669700"
"202400037460";"21";"02";"2024";"19:30";"5";"69";"69290";"2";"1";"1";"1";"Rue du Puits Vieux";"45,69916857";"4,94838938"
"202400037461";"14";"01";"2024";"04:00";"3";"94";"94028";"1";"1";"1";"2";"A86";"48,77630937";"2,43517187"
"202400037462";"12";"05";"2024";"21:50";"4";"92";"92036";"1";"1";"1";"2";"RN315 Y";"48,92919904";"2,30245245"
"202400037463";"14";"01";"2024";"00:10";"3";"974";"97407";"2";"6";"1";"6";"ROND POINT CITE RN4";" -20,95429849";"55,30848630"
"202400037464";"5";"04";"2024";"23:30";"5";"94";"94059";"2";"2";"1";"3";"avenue saint-pierre / avenue du général de gaulle";"48,80837000";"2,57754000"
"202400037465";"14";"05";"2024";"16:30";"1";"95";"95582";"1";"1";"2";"7";"A15";"48,96346787";"2,26421667"
"202400037466";"24";"02";"2024";"11:03";"1";"68";"68297";"2";"2";"1";"3";"MULHOUSE ( RUE)CITE BOURGLIBRE JUSQUE RU";"47,61024000";"7,53990000"
"202400037467";"14";"01";"2024";"20:40";"3";"971";"97107";"2";"9";"1";"7";"FLAMBOYANTS ( ALLEE DES )";"16,05233000";" -61,56700000"
"202400037468";"14";"05";"2024";"15:00";"1";"95";"95572";"1";"1";"2";"6";"N184";"49,03439775";"2,11311849"
"202400037469";"6";"04";"2024";"02:25";"5";"94";"94017";"2";"1";"1";"1";"Avenue du Général de Gaulle";"48,82723000";"2,51704000"
"202400037470";"24";"02";"2024";"11:20";"1";"67";"67267";"2";"3";"1";"3";"SCHUMANN (AVENUE)";"48,55893900";"7,69308900"
"202400037471";"14";"01";"2024";"17:20";"2";"83";"83137";"2";"3";"1";"3";"PICOT (AVE DU COLONEL)";"43,13162000";"5,97412000"
"202400037472";"14";"05";"2024";"11:25";"1";"95";"95277";"1";"1";"2";"2";"A3";"48,98446162";"2,50241742"
"202400037473";"6";"04";"2024";"18:00";"1";"93";"93078";"2";"6";"1";"3";"Avenue de la Plaine";"48,97615150";"2,50550777"
"202400037474";"14";"05";"2024";"07:25";"1";"92";"92036";"1";"1";"3";"7";"AUTOROUTE A15";"48,94917898";"2,28036318"
"202400037475";"28";"02";"2024";"13:45";"1";"66";"66136";"2";"1";"2";"6";"GAULLE (AVENUE GENERAL DE)";"42,69691000";"2,88206000"