"Num_Acc";"jour";"mois";"an";"hrmn";"lum";"dep";"com";"agg";"int";"atm";"col";"adr";"lat";"long"
"202400037476";"6";"04";"2024";"02:05";"3";"93";"93062";"2";"6";"1";"6";"Allée de Clichy / Allée du Plateau";"48,90055000";"2,52914000"
"202400037477";"13";"01";"2024";"17:40";"5";"70";"70550";"2";"1";"1";"3";"Rue Raymond et Lucie Aubrac";"47,63167900";"6,14316380"
"202400037478";"13";"05";"2024";"22:00";"3";"93";"93010";"1";"1";"1";"2";"A3";"48,88893243";"2,47376801"
"202400037479";"14";"01";"2024";"22:56";"5";"64";"64260";"2";"1";"2";"6";"ALLEES (RUE DES)";"43,35488000";" -1,77460000"
"202400037480";"6";"04";"2024";"18:00";"1";"93";"93048";"2";"1";"1";"3";"Rue Pierre Brossolette";"48,86437000";"2,47901000"
"202400037481";"24";"02";"2024";"16:10";"1";"66";"66136";"1";"1";"1";"2";"N/A";"42,66265000";"2,92127100"
"202400037482";"14";"05";"2024";"10:30";"1";"94";"94004";"1";"1";"3";"3";"N19";"48,75452024";"2,50935540"
"202400037483";"14";"01";"2024";"01:55";"3";"63";"63113";"2";"1";"5";"6";"FLAUBERT (BD GUSTAVE)";"45,76586000";"3,12535000"
"202400037484";"6";"04";"2024";"00:20";"5";"93";"93048";"2";"5";"1";"6";"Route de Montreuil";"48,87454000";"2,44785000"
"202400037485";"21";"02";"2024";"16:20";"1";"66";"66136";"1";"1";"1";"2";"N/A";"42,71256100";"2,87273000"
"202400037486";"17";"02";"2024";"17:04";"1";"83";"83050";"1";"2";"1";"2";"ALLENDE (avenue Salvadore)";"43,53335000";"6,41030000"
"202400037487";"13";"01";"2024";"21:05";"5";"62";"62178";"2";"2";"1";"3";"Rue Pégoud";"50,46650000";"2,54543000"
"202400037488";"16";"02";"2024";"15:30";"1";"83";"83050";"2";"1";"1";"6";"AICARD(RUE JEAN)";"43,54065000";"6,45818000"
"202400037489";"14";"01";"2024";"14:35";"1";"35";"35278";"1";"1";"1";"6";"PORTE DE ST MALO";"48,14049000";" -1,68927000"
"202400037490";"20";"02";"2024";"11:20";"1";"66";"66136";"2";"4";"1";"3";"Avenue Paul ALDUY";"42,68000000";"2,90353100"
"202400037491";"6";"04";"2024";"17:00";"1";"93";"93005";"2";"2";"1";"3";"Rue Francois Masse / Rue du Préfet Chaleil";"48,94003300";"2,50474600"
"202400037492";"24";"02";"2024";"11:00";"1";"57";"57683";"2";"1";"2";"6";"Rue de Hayange";"49,30685100";"6,15163800"
"202400037493";"14";"01";"2024";"01:25";"3";"22";"22113";"2";"6";"2";"6";"PALAIS DE JUSTICE (ALLEE DU)";"48,72900000";" -3,45800000"
"202400037494";"6";"04";"2024";"01:40";"5";"93";"93005";"2";"3";"2";"1";"Avenue Raoul Dufy / Route Camille Pissaro";"48,96028500";"2,50184700"
"202400037495";"19";"02";"2024";"17:15";"1";"66";"66136";"1";"6";"1";"3";"GREGORY (LEON-JEAN)";"42,65849000";"2,88472000"
"202400037496";"13";"01";"2024";"23:54";"3";"14";"14243";"2";"1";"1";"7";"285 Route de Trouville";"49,39684000";"0,20837000"
"202400037497";"13";"05";"2024";"06:40";"1";"976";"97611";"2";"1";"1";"7";"mamoudzou centre-Haladi Selemani ( rue )";" -12,77900000";"45,23000000"
"202400037498";"6";"04";"2024";"13:05";"1";"92";"92040";"2";"1";"1";"7";"STALINGRAD (QUAI DE)";"48,82534101";"2,25818990"
"202400037499";"19";"02";"2024";"18:00";"1";"65";"65100";"1";"1";"1";"1";"TOULOUSE LAUTREC (AVENUE)";"43,26439000";"0,02731000"
"202400037500";"13";"01";"2024";"20:30";"5";"13";"13215";"2";"2";"1";"3";"MADRAGUE VILLE (RUE)";"43,33913000";"5,35707000"
"202400037501";"13";"05";"2024";"13:05";"1";"69";"69387";"2";"2";"1";"3";"Avenue Jean Jaurès";"45,72969000";"4,83267000"
"202400037502";"26";"02";"2024";"07:30";"2";"64";"64445";"2";"1";"1";"7";"LOUP DU";"43,30919000";" -0,35587000"
"202400037503";"13";"01";"2024";"20:20";"5";"13";"13063";"2";"2";"1";"3";"THEODORE AUBANEL BOULEVARD";"43,58793000";"4,99928000"
"202400037504";"6";"04";"2024";"12:30";"1";"92";"92012";"2";"2";"1";"3";"ANATOLE FRANCE (BOULEVARD) 1/4BIS";"48,85105367";"2,23451445"
"202400037505";"13";"05";"2024";"19:00";"5";"971";"97107";"2";"2";"1";"2";"FRONT DE MER ( BOULEVARD)";"16,05335000";" -61,56092000"
"202400037506";"14";"01";"2024";"18:30";"5";"75";"75113";"2";"1";"1";"2";"PORTE D IVRY";"48,82027300";"2,37556000"
"202400037507";"27";"02";"2024";"07:40";"2";"64";"64348";"2";"2";"3";"3";"JEAN MERMOZ";"43,32084000";" -0,37898000"
"202400037508";"7";"04";"2024";"13:20";"1";"76";"76258";"2";"1";"7";"6";"919 Rue Bernard Thélu";"49,65094800";"0,59187600"
"202400037509";"13";"05";"2024";"20:15";"1";"91";"91514";"1";"1";"1";"3";"RTE NATIONALE 6";"48,66991000";"2,50668000"
"202400037510";"14";"01";"2024";"14:30";"1";"75";"75112";"2";"1";"1";"6";"ECHANGEUR BERCY";"48,82746600";"2,39231200"
"202400037511";"24";"02";"2024";"21:30";"5";"64";"64129";"2";"6";"2";"7";"N/A";"43,30492510";" -0,40185112"
"202400037512";"13";"05";"2024";"16:30";"1";"91";"91201";"2";"1";"1";"6";"RUE WALDECK ROUSSEAU";"48,68754000";"2,43338000"
"202400037513";"7";"04";"2024";"16:30";"1";"62";"62395";"2";"3";"1";"7";"D134E1";"50,33123400";"2,00404700"
"202400037514";"14";"01";"2024";"09:45";"1";"75";"75115";"2";"1";"1";"2";"PORTE DE SEVRES";"48,83476800";"2,27480200"
"202400037515";"19";"02";"2024";"13:35";"1";"64";"64445";"2";"6";"2";"3";"PAIX";"43,32043000";" -0,35239000"
"202400037516";"13";"05";"2024";"15:45";"1";"91";"91691";"2";"1";"1";"3";"GARE(RUE)";"48,70760000";"2,48283000"
"202400037517";"14";"01";"2024";"08:30";"1";"75";"75119";"2";"1";"1";"6";"PORTE DE LA VILLETTE";"48,90010100";"2,39147900"
"202400037518";"7";"04";"2024";"16:45";"1";"06";"06149";"2";"9";"1";"3";"Boulevard Anatole France";"43,74357300";"7,31216800"
"202400037519";"24";"02";"2024";"16:15";"1";"64";"64122";"2";"1";"2";"6";"IMPERATRICE (AVENUE DE L')";"43,48563000";" -1,55560000"
"202400037520";"14";"01";"2024";"07:03";"3";"75";"75120";"2";"1";"1";"6";"PORTE DE BAGNOLET";"48,87053600";"2,41322400"
"202400037521";"7";"04";"2024";"07:20";"2";"21";"21261";"1";"1";"1";"6";"A39";"47,27086700";"5,15876700"
"202400037522";"13";"05";"2024";"09:00";"1";"91";"91657";"2";"1";"1";"3";"AV DE LA CONCORDE";"48,70551000";"2,42015000"
"202400037523";"24";"02";"2024";"23:45";"5";"64";"64102";"2";"6";"2";"3";"SAINT LEON (ROND POINT)";"43,48838246";" -1,48175955"
"202400037524";"13";"05";"2024";"18:30";"1";"91";"91589";"2";"1";"1";"6";"PL DE LA GARE";"48,67620000";"2,35161000"
"202400037525";"20";"02";"2024";"15:00";"1";"64";"64102";"2";"1";"1";"2";"SOULT (AVENUE MARECHAL)";"43,48674000";" -1,48708000"
"202400037526";"7";"04";"2024";"05:15";"5";"81";"81284";"1";"1";"1";"1";"D612 PK 038.400";"43,91786787";"2,11703789"
"202400037527";"14";"01";"2024";"01:17";"5";"75";"75105";"2";"3";"1";"3";"BOULEVARD SAINT GERMAIN";"48,85108600";"2,34446600"
"202400037528";"13";"05";"2024";"09:14";"1";"87";"87085";"2";"3";"1";"3";"RUBEN (AVENUE ERNEST)";"45,82135000";"1,25168000"
"202400037529";"20";"02";"2024";"13:55";"1";"64";"64102";"2";"1";"1";"2";"RESPLANDY (AVENUE DU CAPITAINE)";"43,48721000";" -1,46263000"
"202400037530";"5";"04";"2024";"09:15";"1";"83";"83049";"1";"1";"1";"3";"Autoroute 57, PK 20.000";"43,23943500";"6,08443600"
"202400037531";"12";"05";"2024";"19:16";"1";"87";"87075";"2";"3";"2";"1";"RD79";"45,82135400";"1,19821900"
"202400037532";"13";"01";"2024";"10:10";"1";"75";"75108";"2";"2";"1";"3";"ROND POINT CHAMPS ELYSEES";"48,86885600";"2,31014000"
"202400037533";"26";"02";"2024";"09:15";"1";"63";"63224";"2";"9";"1";"3";"CLERMONT (ROUTE DE)";"45,87523000";"3,11884000"
"202400037534";"5";"04";"2024";"16:15";"1";"83";"83054";"1";"1";"1";"2";"Autoroute A57";"43,16928200";"6,05090800"
"202400037535";"21";"02";"2024";"15:18";"1";"63";"63103";"1";"1";"1";"7";"RD 227";"45,92093792";"3,05069426"
"202400037536";"12";"05";"2024";"19:36";"1";"87";"87085";"2";"3";"1";"3";"BUGEAUD (COURS)";"45,85441000";"1,24883280"
"202400037537";"6";"04";"2024";"17:15";"1";"51";"51320";"2";"1";"7";"6";"pl saint vincent";"49,07002000";"3,75790000"
"202400037538";"14";"01";"2024";"15:15";"1";"75";"75117";"2";"3";"1";"2";"AVENUE DES TERNES";"48,87898200";"2,29277600"
"202400037539";"19";"02";"2024";"18:06";"1";"63";"63300";"1";"1";"1";"6";"RD 2009";"45,90571000";"3,12603000"
"202400037540";"7";"04";"2024";"13:00";"1";"83";"83148";"2";"1";"1";"6";"56 rue célestin gayol";"43,42822100";"6,43276700"
"202400037541";"12";"01";"2024";"19:30";"5";"75";"75115";"2";"2";"1";"3";"RUE DE VAUGIRARD";"48,83722200";"2,29642100"
"202400037542";"11";"05";"2024";"13:14";"1";"87";"87065";"1";"6";"1";"3";"EYMOUTIERS (RUE D')";"45,81769575";"1,29437211"
"202400037543";"20";"07";"2024";"07:40";"1";"75";"75120";"2";"7";"1";"2";"AVENUE DE LA PORTE DE VINCENNES";"48,84676632";"2,41523427"
"202400037544";"6";"04";"2024";"19:20";"1";"63";"63264";"1";"1";"1";"7";"Les mûres orcival";"45,70298539";"2,85072037"
"202400037545";"14";"01";"2024";"19:00";"5";"75";"75113";"2";"7";"1";"6";"RUE NATIONALE";"48,82917200";"2,36514700"
"202400037546";"26";"02";"2024";"06:00";"5";"63";"63113";"2";"2";"1";"3";"POCHET LAGAYE / Lafayette";"45,76670000";"3,10710000"
"202400037547";"8";"05";"2024";"10:47";"1";"87";"87085";"2";"3";"1";"3";"TOULOUSE (RUE DE)";"45,80215000";"1,29384600"
"202400037548";"6";"04";"2024";"15:30";"1";"14";"14390";"1";"1";"1";"3";"Route des Valettes";"49,06288600";" -0,54536800"
"202400037549";"20";"07";"2024";"06:55";"1";"75";"75117";"2";"3";"1";"3";"RUE DES RENAUDES";"48,88113333";"2,29714572"
"202400037550";"24";"02";"2024";"10:45";"1";"63";"63113";"2";"1";"1";"7";"FONTAINE (PLACE DE LA)";"45,79100000";"3,11360000"
"202400037551";"13";"01";"2024";"22:40";"5";"75";"75101";"2";"3";"1";"7";"RUE DU LOUVRE";"48,86304200";"2,34191300"
"202400037552";"7";"05";"2024";"23:20";"5";"87";"87085";"2";"2";"1";"3";"DUMAS (AVENUE GEORGES)";"45,82603000";"1,26801000"
"202400037553";"6";"04";"2024";"11:15";"1";"06";"06118";"1";"1";"1";"2";"2207 Route de Grasse";"43,64655500";"6,82431200"
"202400037554";"23";"02";"2024";"18:19";"1";"63";"63113";"2";"3";"1";"3";"RESSORT (RUE DU)";"45,78831000";"3,11436000"
"202400037555";"20";"07";"2024";"20:00";"1";"75";"75111";"2";"3";"1";"6";"RUE DE LAPPE";"48,85431800";"2,37145900"
"202400037556";"10";"05";"2024";"20:00";"1";"86";"86041";"2";"1";"1";"2";"Rue de la Vincenderie";"46,59691100";"0,34223300"
"202400037557";"7";"04";"2024";"03:00";"3";"06";"06033";"1";"6";"1";"6";"1ère Avenue";"43,80237000";"7,19592700"
"202400037558";"12";"05";"2024";"19:50";"1";"80";"80021";"2";"1";"2";"1";"Place Longueville";"49,88822935";"2,29542375"
"202400037559";"20";"07";"2024";"00:30";"5";"75";"75111";"2";"3";"1";"6";"BOULEVARD DU TEMPLE";"48,86469000";"2,36584100"
"202400037560";"22";"02";"2024";"18:30";"5";"63";"63113";"2";"2";"3";"6";"Rue des Meuniers / rue des Chambrettes";"45,76737000";"3,10470000"
"202400037561";"5";"04";"2024";"21:17";"4";"971";"97133";"1";"1";"1";"1";"D6";"15,95993100";" -61,70861700"
"202400037562";"6";"05";"2024";"20:35";"1";"78";"78335";"1";"1";"1";"1";"RD983";"48,98534300";"1,72884000"
"202400037563";"22";"02";"2024";"14:35";"1";"63";"63113";"2";"1";"1";"6";"CLEMENTEL (BD ETIENNE)";"45,81099500";"3,10943395"
"202400037564";"20";"07";"2024";"16:15";"1";"94";"94081";"2";"1";"1";"2";"Rue Gabriel Péri";"48,79584000";"2,39999000"
"202400037565";"6";"04";"2024";"18:45";"1";"83";"83100";"1";"1";"1";"7";"Route de Pierrefeu";"43,27063600";"6,14946800"
"202400037566";"20";"07";"2024";"05:15";"2";"94";"94041";"2";"1";"1";"6";"Rue Jules Vanzuppe";"48,82024000";"2,39464000"
"202400037567";"13";"05";"2024";"18:10";"1";"78";"78621";"2";"2";"1";"3";"ALLENDE (AVENUE SALVADOR) SUD BEETHOVEN ";"48,78290000";"1,97543000"
"202400037568";"20";"02";"2024";"16:04";"1";"63";"63113";"2";"5";"1";"3";"JOUHAUX (BD LEON)";"45,80011000";"3,11228000"
"202400037569";"11";"05";"2024";"18:40";"1";"76";"76447";"2";"1";"1";"6";"MARECHAL FOCH";"49,54221450";"0,18872339"
"202400037570";"19";"07";"2024";"20:20";"1";"93";"93073";"1";"1";"1";"2";"CHAPIT RE ( RUE DU)";"49,00549817";"2,53343582"
"202400037571";"11";"05";"2024";"11:35";"1";"76";"76552";"2";"1";"1";"6";"JEAN DEVILDER";"49,50429000";"0,08227000"
"202400037572";"19";"02";"2024";"14:13";"1";"63";"63113";"2";"2";"1";"3";"LAVOISIERS (BD)/rue Paul Gautier";"45,78346000";"3,07522000"
"202400037573";"6";"04";"2024";"16:45";"1";"38";"38342";"1";"1";"1";"1";"D34";"44,88153300";"5,64858500"
"202400037574";"10";"05";"2024";"22:30";"5";"76";"76351";"2";"1";"1";"2";"BOULARD";"49,51567000";"0,12436000"
"202400037575";"20";"07";"2024";"10:20";"1";"93";"93066";"2";"7";"1";"1";"Rue Danielle Casanova / Place de la Porte de Paris";"48,92958000";"2,35686000"
"202400037576";"20";"02";"2024";"19:10";"5";"62";"62510";"2";"6";"1";"6";"D58";"50,42220000";"2,77220000"