"Num_Acc";"jour";"mois";"an";"hrmn";"lum";"dep";"com";"agg";"int";"atm";"col";"adr";"lat";"long"
"202400037577";"7";"04";"2024";"04:40";"3";100;100009";"1";"1";"1";"6";"T50";"42,11458000";"9,49291700"
"202400037578";"12";"05";"2024";"18:16";"1";"71";"71306";"2";"1";"2";"6";"JEAN JAURES (RUE)";"46,67173868";"4,36273903"
"202400037579";"21";"02";"2024";"13:50";"1";"62";"62041";"2";"9";"1";"6";"D63";"50,29823000";"2,77117000"
"202400037580";"20";"07";"2024";"08:00";"1";"93";"93063";"2";"2";"1";"3";"Avenue Berlioz / Boulevard Edouard Branly";"48,87186000";"2,43973000"
"202400037581";"7";"04";"2024";"00:05";"3";"83";"83131";"2";"1";"1";"1";"Route Départementale 554";"43,20270828";"6,02868236"
"202400037582";"13";"05";"2024";"20:00";"1";"69";"69275";"2";"2";"1";"1";"Rue de la Fraternité";"45,77251000";"4,95677000"
"202400037583";"19";"02";"2024";"17:56";"2";"61";"61001";"2";"9";"2";"3";"D438";"48,42727100";"0,09318700"
"202400037584";"20";"07";"2024";"08:40";"1";"93";"93029";"2";"9";"1";"6";"Cité Marcel Cachin";"48,91884000";"2,46631000"
"202400037585";"20";"02";"2024";"18:50";"5";"60";"60057";"2";"1";"1";"6";"Avenue Jean Moulin";"49,43715000";"2,09739000"
"202400037586";"7";"04";"2024";"01:04";"3";"44";"44009";"1";"1";"1";"1";"N/A";"47,21408800";" -1,45169700"
"202400037587";"13";"05";"2024";"07:48";"1";"66";"66136";"2";"6";"1";"2";"N/A";"42,72725000";"2,90048000"
"202400037588";"27";"02";"2024";"22:20";"5";"59";"59421";"2";"9";"1";"3";"RAVENNES (RUE DES)";"50,71397000";"3,13395000"
"202400037589";"6";"04";"2024";"17:30";"1";"51";"51210";"1";"1";"1";"7";"D?251";"49,07140600";"3,97363900"
"202400037590";"11";"05";"2024";"18:00";"1";"64";"64122";"2";"1";"1";"6";"MARECHAL JOFFRE (RUE DU)";"43,47817000";" -1,56233000"
"202400037591";"22";"02";"2024";"00:20";"5";"59";"59599";"2";"1";"2";"6";"Avenue Lafayette";"50,71885000";"3,16945000"
"202400037592";"11";"05";"2024";"17:20";"1";"64";"64122";"2";"1";"1";"7";"MADRID (RUE DE)";"43,47041061";" -1,56883076"
"202400037593";"20";"07";"2024";"16:20";"1";"93";"93007";"2";"6";"1";"4";"Avenue Pablo Néruda / Avenue Descartes";"48,95002779";"2,46687287"
"202400037594";"21";"02";"2024";"14:00";"1";"59";"59599";"1";"1";"2";"2";"Chaussée Fernand Forest";"50,73640500";"3,15084800"
"202400037595";"6";"04";"2024";"11:10";"1";"19";"19246";"1";"1";"1";"3";"RD148";"45,20005442";"1,46606505"
"202400037596";"13";"05";"2024";"12:45";"1";"64";"64024";"2";"1";"1";"7";"BAYONNE (AVENUE DE)";"43,48113000";" -1,51157000"
"202400037597";"19";"07";"2024";"22:20";"3";"92";"92022";"1";"1";"1";"7";"PAVE DE MEUDON (RUE DU)";"48,80446096";"2,19516680"
"202400037598";"28";"02";"2024";"01:00";"5";"59";"59650";"2";"1";"1";"6";"Rue Carnot";"50,69914726";"3,21006818"
"202400037599";"13";"05";"2024";"12:15";"1";"64";"64024";"2";"3";"1";"3";"CINQ CANTONS (RUE DES)";"43,49263000";" -1,52730000"
"202400037600";"7";"04";"2024";"11:40";"1";"56";"56074";"1";"1";"1";"6";"keriquel";"47,89351200";" -2,95198100"
"202400037601";"27";"02";"2024";"17:30";"1";"59";"59367";"2";"1";"1";"6";"PROGRES (RUE DU)";"50,67007000";"3,21172000"
"202400037602";"20";"07";"2024";"18:40";"1";"92";"92063";"2";"3";"1";"6";"BERGERIE (RUE DE LA)";"48,86395192";"2,16242999"
"202400037603";"13";"05";"2024";"11:04";"1";"63";"63113";"2";"1";"1";"3";"CUGNOT (RUE NICOLAS-JOSEPH)";"45,78164618";"3,12296838"
"202400037604";"23";"02";"2024";"16:35";"1";"59";"59512";"2";"9";"3";"6";"Rue Saint Antoine";"50,69638000";"3,17630000"
"202400037605";"7";"04";"2024";"05:20";"3";"56";"56053";"1";"1";"1";"6";"Kerchou";"47,75629100";" -2,54625300"
"202400037606";"20";"07";"2024";"17:06";"1";"92";"92051";"2";"1";"1";"2";"GENERAL LECLERC (BOULEVARD DU, N° 1 A 27";"48,88930238";"2,25939810"
"202400037607";"13";"05";"2024";"08:58";"1";"63";"63113";"2";"5";"1";"3";"FOREST (AVENUE FERNAND)";"45,79998000";"3,11160000"
"202400037608";"21";"02";"2024";"19:19";"5";"59";"59646";"2";"6";"2";"3";"MICHEL (RUE LOUISE)";"50,68063000";"3,13702000"
"202400037609";"7";"04";"2024";"10:00";"1";"56";"56052";"2";"1";"1";"6";"Boulevard de l'Atalante";"47,51633800";" -2,56725500"
"202400037610";"20";"07";"2024";"12:35";"1";"92";"92050";"2";"1";"1";"6";"PICASSO PABLO AVENUE";"48,88897803";"2,22929902"
"202400037611";"25";"02";"2024";"04:40";"5";"59";"59350";"2";"2";"2";"3";"Avenue Verhaeren";"50,61846000";"3,03283000"
"202400037612";"14";"07";"2024";"20:55";"1";"92";"92020";"2";"1";"1";"6";"PARIS AVENUE DE N°84 A FIN";"48,80687546";"2,29336506"
"202400037613";"13";"05";"2024";"05:45";"2";"61";"61001";"2";"6";"1";"3";"D955";"48,41820000";"0,09778000"
"202400037614";"28";"02";"2024";"19:30";"5";"59";"59328";"2";"1";"1";"6";"Avenue Becquart";"50,65027400";"3,03652600"
"202400037615";"7";"04";"2024";"02:00";"3";"76";"76067";"1";"1";"2";"1";"N31";"49,46434385";"1,57702540"
"202400037616";"2";"05";"2024";"19:15";"1";"59";"59526";"2";"1";"1";"3";"QUAI DU MARISSON";"50,44674000";"3,43888000"
"202400037617";"22";"02";"2024";"18:30";"5";"59";"59350";"2";"1";"6";"6";"Rue du Faubourg des Postes";"50,61254850";"3,04674964"
"202400037618";"20";"07";"2024";"18:35";"1";"92";"92036";"2";"6";"1";"3";"PIERRE TIMBAUD (RUE) (PAIRS)";"48,93350486";"2,30250676"
"202400037619";"13";"05";"2024";"11:20";"1";"59";"59299";"2";"3";"2";"3";"RIVAGE (RUE DU)";"50,64947700";"3,19160700"
"202400037620";"6";"04";"2024";"23:50";"3";"32";"32268";"1";"1";"1";"5";"en gauzic - RN 124";"43,60709000";"0,98451000"
"202400037621";"14";"05";"2024";"00:01";"5";"59";"59350";"2";"1";"1";"6";"Rue Henri Ghesquière";"50,61136600";"3,06496500"
"202400037622";"20";"07";"2024";"10:30";"1";"92";"92012";"2";"3";"1";"6";"GENERAL LECLERC (AVENUE DU) 35/FIN - 60/";"48,83078819";"2,23470998"
"202400037623";"6";"04";"2024";"19:50";"1";"63";"63138";"2";"1";"1";"6";"11 route des bois";"45,89250540";"3,48269954"
"202400037624";"13";"05";"2024";"12:05";"1";"59";"59350";"2";"1";"1";"6";"Place Barthélémy Dorez";"50,61800000";"3,05070000"
"202400037625";"20";"02";"2024";"11:35";"1";"59";"59350";"2";"1";"1";"2";"Rue du Faubourg des Postes";"50,61500000";"3,04840000"
"202400037626";"21";"07";"2024";"10:00";"1";"60";"60158";"1";"1";"1";"7";"Rue de la Vallée";"49,55490900";"2,56697100"
"202400037627";"13";"05";"2024";"09:10";"1";"59";"59350";"2";"4";"1";"1";"Rue Victor Hugo (Hellemmes-Lille)";"50,62100000";"3,09600000"
"202400037628";"6";"04";"2024";"17:45";"1";"63";"63205";"1";"1";"1";"7";"CD 225";"45,60884400";"3,34984300"
"202400037629";"19";"02";"2024";"09:45";"1";"59";"59350";"2";"9";"1";"3";"Boulevard de la Liberté";"50,63315000";"3,05934000"
"202400037630";"11";"05";"2024";"14:50";"1";"59";"59569";"1";"1";"7";"6";"D25";"50,34178000";"3,10238000"
"202400037631";"21";"07";"2024";"00:15";"3";"34";"34248";"1";"1";"1";"1";"D1";"43,78038400";"3,91982000"
"202400037632";"6";"04";"2024";"09:00";"1";"12";"12119";"1";"1";"1";"6";"Le Puech du Suquet, D 15 PK 45+0610";"44,67983600";"2,88531200"
"202400037633";"28";"02";"2024";"18:17";"2";"59";"59183";"2";"9";"1";"1";"ROME";"51,01938000";"2,35191000"
"202400037634";"7";"04";"2024";"12:15";"1";"42";"42181";"1";"1";"1";"1";"Route de Briquemort";"46,01282000";"4,20679800"
"202400037635";"13";"05";"2024";"11:35";"1";"56";"56260";"2";"1";"2";"2";"VERDUN(AVENUE DE)";"47,66440000";" -2,73780000"
"202400037636";"27";"02";"2024";"10:30";"1";"59";"59183";"1";"1";"1";"6";"PERES ACHILLE";"51,00603000";"2,33311000"
"202400037637";"19";"07";"2024";"19:15";"5";"974";"97415";"2";"1";"1";"3";"route de l'éperon";" -21,04391000";"55,25764000"
"202400037638";"23";"02";"2024";"19:10";"5";"59";"59271";"2";"9";"2";"6";"GARNIER";"51,02006000";"2,30009000"
"202400037639";"19";"07";"2024";"20:30";"1";"62";"62078";"2";"2";"7";"3";"Rue du Milieu";"50,86539500";"1,94644200"
"202400037640";"6";"04";"2024";"16:00";"1";"68";"68182";"1";"1";"1";"7";"D12b";"47,51097200";"7,48277800"
"202400037641";"26";"02";"2024";"17:25";"1";"59";"59428";"2";"1";"8";"6";"CAMIERS (RUE MAURICE)";"50,19002000";"3,22130000"
"202400037642";"21";"07";"2024";"03:55";"3";"38";"38239";"1";"1";"1";"6";"D1085";"45,33621900";"5,55085600"
"202400037643";"7";"04";"2024";"16:50";"1";"22";"22227";"1";"2";"1";"3";"Intersection D712 / D56 - PLOUNERIN GARE";"48,56632800";" -3,56728400"
"202400037644";"26";"02";"2024";"19:15";"2";"59";"59122";"2";"1";"1";"3";"DUNKERQUE (AVENUE DE)";"50,18367000";"3,23306000"
"202400037645";"19";"07";"2024";"21:00";"2";"68";"68315";"1";"1";"1";"7";"D431";"47,89168700";"7,11263900"
"202400037646";"20";"02";"2024";"18:30";"2";"58";"58194";"2";"1";"1";"2";"HENRI BOUQUILLARD";"46,99147000";"3,13469000"
"202400037647";"13";"05";"2024";"12:57";"1";"51";"51454";"2";"6";"1";"2";"COMBATTANTS D'AFN (PLACE DES)";"49,22017000";"4,02051000"
"202400037648";"23";"02";"2024";"15:05";"1";"56";"56260";"2";"1";"1";"1";"Avenue Victor Hugo";"47,66146000";" -2,75708000"
"202400037649";"12";"05";"2024";"11:21";"1";"50";"50147";"2";"1";"1";"2";"ALSACE LORRAINE (BOULEVARD)";"49,04949000";" -1,44763000"
"202400037650";"20";"07";"2024";"19:55";"1";"30";"30217";"1";"1";"1";"3";"D111";"43,97360000";"4,69748100"
"202400037651";"6";"04";"2024";"15:25";"1";"44";"44154";"1";"1";"1";"5";"N/A";"47,23337200";" -2,15663100"
"202400037652";"20";"02";"2024";"10:05";"1";"56";"56260";"2";"1";"1";"6";"Cimetière Calmont";"47,64746000";" -2,75235000"
"202400037653";"13";"05";"2024";"11:25";"1";"45";"45004";"2";"1";"1";"2";"D93 PR 0 + 854";"47,97557200";"2,74210300"
"202400037654";"24";"02";"2024";"14:45";"1";"56";"56107";"1";"6";"2";"7";"Kerfornet";"47,71123000";" -3,39605000"
"202400037655";"20";"07";"2024";"11:00";"1";"91";"91617";"1";"1";"1";"1";"D33";"48,64447900";"2,50369200"
"202400037656";"13";"05";"2024";"22:45";"5";"44";"44109";"2";"1";"2";"2";"Boulevard de Stalingrad";"47,21663000";" -1,54575000"
"202400037657";"6";"04";"2024";"20:35";"3";"02";"02374";"1";"1";"1";"6";"D31";"49,92443200";"3,28478100"
"202400037658";"16";"02";"2024";"20:35";"5";"55";"55029";"2";"1";"2";"1";"RN 1135";"48,76915681";"5,17718389"
"202400037659";"17";"07";"2024";"15:00";"1";"56";"56017";"1";"1";"1";"6";"kermoël";"47,89104300";" -2,79202900"
"202400037660";"19";"04";"2024";"19:50";"1";"42";"42218";"2";"2";"1";"3";"Rue des Petites Soeurs des Pauvres";"45,43066000";"4,37928000"
"202400037661";"27";"02";"2024";"23:20";"5";"54";"54395";"1";"1";"1";"6";"RM 674";"48,67422000";"6,19665000"
"202400037662";"6";"04";"2024";"17:20";"1";"84";"84073";"1";"9";"1";"6";"D3";"43,84745800";"5,19009600"
"202400037663";"27";"02";"2024";"08:05";"1";"54";"54482";"2";"2";"1";"3";"Avenue Carnot";"48,70191000";"6,21237000"
"202400037664";"19";"07";"2024";"19:30";"1";"78";"78291";"2";"1";"1";"6";"44 Rue de Seine";"48,96313400";"1,73146000"
"202400037665";"4";"04";"2024";"13:45";"1";"06";"06151";"1";"1";"1";"6";"M19";"43,91806700";"7,26578200"
"202400037666";"22";"02";"2024";"19:10";"5";"54";"54395";"2";"3";"2";"6";"Rue des Quatre Eglises";"48,68565000";"6,18482000"
"202400037667";"6";"04";"2024";"18:25";"1";"06";"06150";"2";"1";"1";"1";"355 Chemin de Fontvieille";"43,74826800";"7,40358900"
"202400037668";"20";"07";"2024";"21:15";"2";"76";"76297";"1";"8";"1";"7";"3 Route de Formerie";"49,52408700";"1,70550900"
"202400037669";"22";"02";"2024";"14:10";"1";"54";"54547";"2";"2";"2";"2";"Avenue du Général Leclerc";"48,65420600";"6,15243300"
"202400037670";"22";"02";"2024";"16:15";"1";"54";"54483";"2";"1";"8";"6";"place des droits de l'Homme";"48,63043000";"6,30068000"
"202400037671";"21";"07";"2024";"11:00";"1";"32";"32107";"2";"1";"1";"3";"D931";"43,95865000";"0,37966100"
"202400037672";"6";"04";"2024";"23:40";"3";"16";"16085";"1";"1";"1";"2";"depertementale 27 PK 15 - 135";"45,81528600";"0,47057210"
"202400037673";"26";"02";"2024";"10:45";"1";"53";"53201";"2";"1";"2";"2";"BRETAGNE ( RUE DE )";"48,07015000";" -0,83820000"
"202400037674";"20";"07";"2024";"18:15";"1";"71";"71056";"2";"1";"1";"2";"Route du Bourg";"46,64321000";"5,18332000"
"202400037675";"6";"04";"2024";"17:15";"1";"16";"16230";"1";"1";"1";"1";"N/A";"45,44708000";"0,13864900"
"202400037676";"27";"02";"2024";"08:45";"1";"51";"51055";"2";"9";"2";"3";"ROMAINE (VOIE)";"49,27636500";"4,05549800"
"202400037677";"6";"04";"2024";"14:00";"1";"07";"07335";"1";"1";"1";"7";"Chemin de Couleyre";"45,10268000";"4,60151200"
"202400037678";"23";"02";"2024";"12:10";"1";"51";"51454";"2";"1";"1";"2";"CHAMPAGNE  (  AVENUE)";"49,23204000";"4,03666000"
"202400037679";"21";"07";"2024";"02:15";"3";"63";"63463";"1";"1";"6";"6";"Ricornet";"45,83393072";"3,65657339"
"202400037680";"6";"04";"2024";"10:35";"1";"85";"85202";"1";"1";"1";"6";"D39";"46,75273300";" -1,16533900"
"202400037681";"21";"02";"2024";"12:20";"1";"51";"51454";"2";"9";"1";"3";"CHAMPAGNE (AVENUE)";"49,23194000";"4,03588000"
"202400037682";"20";"07";"2024";"13:10";"1";"61";"61043";"1";"1";"1";"6";"D955";"48,35331100";"0,72016700"
"202400037683";"20";"02";"2024";"23:00";"5";"51";"51172";"2";"9";"1";"6";"LOUVOIS (ROUTE DE) CORA";"49,21626000";"4,05150000"
"202400037684";"7";"04";"2024";"01:30";"3";"27";"27467";"2";"1";"1";"6";"Côte Saint-Gilles";"49,34758800";"0,49686800"
"202400037685";"20";"02";"2024";"18:45";"5";"51";"51058";"2";"6";"1";"7";"RUE LOUIS RENAULT";"49,22847000";"3,99574000"
"202400037686";"6";"04";"2024";"13:45";"1";"17";"17091";"1";"1";"1";"7";"D9";"46,27958000";" -1,07279800"
"202400037687";"21";"02";"2024";"17:30";"1";"50";"50129";"2";"1";"2";"3";"MILLET (AVENUE JEAN-FRANCOIS)";"49,63376000";" -1,61830000"
"202400037688";"6";"04";"2024";"17:30";"1";"87";"87117";"1";"1";"1";"7";"D13";"45,80796700";"1,81946000"
"202400037689";"20";"07";"2024";"14:00";"1";"42";"42081";"1";"1";"1";"5";"Route de Veauche";"45,59270900";"4,26726000"
"202400037690";"20";"02";"2024";"07:50";"2";"50";"50129";"2";"1";"1";"6";"ROUGES TERRES (LES)";"49,61349000";" -1,60194000"
"202400037691";"6";"04";"2024";"21:30";"3";"30";"30046";"2";"1";"1";"6";"D8";"43,97532300";"4,19486000"
"202400037692";"21";"07";"2024";"16:57";"1";"42";"42217";"1";"1";"1";"1";"Route de Saint Thurin";"45,79555100";"3,84805800"
"202400037693";"17";"02";"2024";"17:50";"1";"50";"50129";"2";"1";"1";"3";"VASTEL (RUE)";"49,63711000";" -1,62350000"
"202400037694";"6";"04";"2024";"16:10";"1";"78";"78356";"1";"1";"1";"3";"CD 91";"48,74645500";"2,02272900"
"202400037695";"27";"02";"2024";"18:00";"1";"49";"49328";"2";"1";"1";"6";"PORTAIL LOUIS (RUE DU)";"47,25867000";" -0,07872000"
"202400037696";"20";"07";"2024";"19:20";"1";"86";"86213";"1";"2";"1";"3";"D26";"46,38862500";"0,05273600"
"202400037697";"20";"07";"2024";"16:10";"1";"68";"68235";"1";"6";"1";"6";"D1b";"47,99319800";"7,37623300"
"202400037698";"26";"02";"2024";"10:00";"1";"49";"49015";"1";"1";"2";"1";"FLECHET CHEMIN DU";"47,51701000";" -0,62313000"
"202400037699";"5";"04";"2024";"18:05";"1";"01";"01038";"1";"1";"1";"2";"A 39";"46,32236871";"5,26945710"
"202400037700";"25";"02";"2024";"16:10";"1";"49";"49007";"2";"1";"2";"3";"GAULLE BOULEVARD CHARLES DE";"47,47012000";" -0,56220000"
"202400037701";"21";"07";"2024";"08:30";"1";"44";"44216";"1";"1";"1";"3";"N/A";"46,95770600";" -1,42113100"
"202400037702";"25";"02";"2024";"06:30";"3";"49";"49007";"1";"1";"2";"6";"A87N";"47,45989000";" -0,51786000"
"202400037703";"7";"04";"2024";"07:00";"2";"01";"01213";"1";"1";"1";"2";"A42 - PK 035.700";"45,92894200";"5,27343200"
"202400037704";"16";"07";"2024";"21:15";"1";"29";"29188";"2";"4";"1";"2";"Route de Primel Trégastel";"48,69636100";" -3,80664200"
"202400037705";"22";"02";"2024";"09:25";"1";"49";"49007";"2";"1";"2";"2";"BLANCHOIN BOULEVARD";"47,44811000";" -0,54036000"
"202400037706";"21";"07";"2024";"07:19";"2";"38";"38081";"2";"1";"2";"6";"3050 Avenue du Dauphiné";"45,53495000";"5,12760000"
"202400037707";"20";"02";"2024";"11:15";"1";"49";"49007";"2";"1";"1";"3";"ESTIENNE D'ORVES BOULEVARD";"47,45449000";" -0,53407000"
"202400037708";"7";"04";"2024";"14:35";"1";"33";"33284";"1";"1";"1";"2";"N/A";"44,62348000";" -0,96310600"
"202400037709";"20";"07";"2024";"17:40";"1";"38";"38333";"1";"1";"1";"1";"departementale 35, lieu dit ""Au Chateau""";"45,12288400";"5,47485000"
"202400037710";"7";"04";"2024";"07:00";"2";"51";"51572";"1";"1";"1";"7";"Autoroute A4 Pk 193+500 sens Metz/Paris";"49,03766218";"4,62717810"
"202400037711";"20";"02";"2024";"06:30";"5";"49";"49007";"2";"2";"1";"3";"COEFFARD";"47,47470000";" -0,52917000"
"202400037712";"20";"07";"2024";"14:30";"1";"13";"13036";"1";"1";"1";"6";"Route de Saint Andiol";"43,84280700";"4,85965300"
"202400037713";"28";"02";"2024";"19:25";"5";"46";"46042";"2";"1";"1";"3";"SEPTIEME REGIMENT D'INFANTERIE (AVE)";"44,45645000";"1,43646000"
"202400037714";"6";"04";"2024";"14:44";"1";"11";"11086";"1";"1";"1";"6";"N/A";"42,93867000";"2,97715500"
"202400037715";"21";"07";"2024";"00:20";"5";"02";"02103";"2";"4";"1";"6";"65 Rue de Bergues";"50,01528700";"3,70029000"
"202400037716";"23";"02";"2024";"13:10";"1";"46";"46042";"2";"2";"2";"3";"MAQUIS (AVENUE DU)";"44,44946000";"1,44836700"
"202400037717";"7";"04";"2024";"06:04";"5";"25";"25334";"2";"2";"1";"3";"Rue du Plane";"46,95514700";"6,10928400"
"202400037718";"26";"08";"2024";"16:20";"1";"75";"75118";"2";"1";"1";"2";"BD PERIPHERIQUE INTERIEUR ";"48,90081500";"2,33991700"
"202400037719";"7";"04";"2024";"01:15";"3";"977";"97701";"1";"3";"1";"3";"Grand Cul de Sac";"17,90772800";" -62,80405000"
"202400037720";"21";"07";"2024";"03:30";"5";"15";"15258";"2";"2";"3";"1";"RD 54";"44,97591000";"2,61974600"
"202400037721";"27";"08";"2024";"19:15";"1";"75";"75105";"2";"2";"1";"6";"RUE SAINT JACQUES";"48,84442200";"2,34204600"
"202400037722";"20";"07";"2024";"15:46";"1";"14";"14664";"1";"1";"1";"7";"3085 Route de Balleroy";"49,12025000";" -0,80902700"
"202400037723";"6";"04";"2024";"16:00";"1";"91";"91661";"2";"3";"1";"3";"Place des Suisses";"48,69997700";"2,21398700"
"202400037724";"18";"07";"2024";"16:00";"1";"14";"14191";"1";"1";"1";"3";"Route de Caen";"49,30999400";" -0,44269300"
"202400037725";"7";"04";"2024";"06:40";"3";"66";"66210";"1";"1";"1";"6";"D612A";"42,64328800";"2,77213800"
"202400037726";"27";"08";"2024";"18:30";"1";"75";"75105";"2";"2";"1";"3";"RUE DU PUITS DE L ERMITE";"48,84221200";"2,35267500"
"202400037727";"7";"04";"2024";"04:30";"3";"11";"11361";"1";"1";"1";"6";"D103";"43,31711100";"2,00708600"
"202400037728";"27";"08";"2024";"07:05";"1";"75";"75120";"2";"3";"1";"6";"RUE FREDERIC LOLIEE";"48,84945300";"2,40645400"
"202400037729";"7";"04";"2024";"07:25";"1";"05";"05063";"1";"1";"1";"6";"D1091";"45,04282700";"6,27495300"
"202400037730";"21";"07";"2024";"00:30";"4";"05";"05171";"1";"3";"1";"3";"D900b";"44,46504400";"6,20049500"
"202400037731";"27";"08";"2024";"16:55";"1";"75";"75119";"2";"2";"1";"3";"RUE D AUBERVILLIERS";"48,88972300";"2,36814900"
"202400037732";"7";"04";"2024";"15:20";"1";"68";"68247";"1";"1";"1";"1";"D27";"47,93575300";"7,01307500"
"202400037733";"21";"07";"2024";"17:00";"1";"83";"83028";"1";"6";"2";"3";"RD562 - RD25";"43,57298400";"6,56152500"
"202400037734";"27";"08";"2024";"19:00";"1";"75";"75116";"2";"3";"1";"2";"AVENUE DU PRESIDENT WILSON";"48,86515000";"2,29880700"
"202400037735";"20";"07";"2024";"06:00";"3";"09";"09329";"1";"9";"1";"1";"d231";"42,98902700";"1,60638100"
"202400037736";"28";"03";"2024";"18:00";"1";"03";"03085";"1";"1";"1";"7";"Route de Souvigny";"46,54901300";"3,24038400"
"202400037737";"27";"08";"2024";"08:40";"1";"75";"75117";"2";"3";"1";"3";"BOULEVARD BESSIERES";"48,89496400";"2,31557800"
"202400037738";"21";"07";"2024";"10:45";"1";"09";"09139";"1";"1";"1";"3";"RN 20 -- pk 95+189";"42,60592800";"1,81445000"
"202400037739";"7";"04";"2024";"14:45";"1";"38";"38487";"1";"3";"6";"3";"Route de Chasse";"45,56642800";"4,81748600"
"202400037740";"20";"07";"2024";"14:30";"1";"64";"64256";"2";"1";"1";"6";"Chemin URRUTIA";"43,39525000";" -1,31446300"
"202400037741";"27";"08";"2024";"19:15";"1";"75";"75117";"2";"2";"1";"3";"RUE DE ROME";"48,88567200";"2,31683000"
"202400037742";"7";"04";"2024";"15:45";"1";"38";"38205";"1";"1";"1";"7";"D106";"45,13155900";"5,60148200"
"202400037743";"21";"07";"2024";"15:20";"1";"73";"73151";"2";"1";"1";"6";"358 Chemin de lâchât";"45,49370600";"5,96483600"
"202400037744";"6";"04";"2024";"11:45";"1";"26";"26320";"1";"1";"1";"7";"Route de Romans";"45,06337300";"5,24227500"
"202400037745";"21";"07";"2024";"03:35";"3";"18";"18170";"1";"1";"3";"7";"N/A";"47,47744600";"2,53655100"
"202400037746";"26";"08";"2024";"14:30";"1";"75";"75116";"2";"1";"1";"4";"ALLEE DU BORD DE L EAU";"48,86891900";"2,23664600"
"202400037747";"7";"04";"2024";"01:25";"4";"17";"17146";"2";"1";"2";"6";"Rue de l'Espérance";"45,90388137";" -0,96146822"
"202400037748";"20";"07";"2024";"18:00";"1";"10";"10254";"1";"1";"1";"7";"D951";"48,56865400";"3,53444175"
"202400037749";"26";"08";"2024";"09:30";"1";"75";"75116";"2";"1";"1";"6";"Place de la Porte Molitor";"48,84522182";"2,25561440"
"202400037750";"20";"07";"2024";"23:30";"5";"10";"10262";"2";"9";"3";"1";"D671";"48,03877500";"4,40952200"
"202400037751";"25";"08";"2024";"21:55";"5";"75";"75116";"2";"1";"1";"3";"ALLEE DE LONGCHAMP";"48,86733700";"2,25003400"
"202400037752";"6";"04";"2024";"18:10";"1";"57";"57588";"2";"1";"1";"1";"Rue Jacques Niles";"49,47314400";"6,23254200"
"202400037753";"20";"07";"2024";"13:51";"1";"53";"53218";"1";"1";"1";"6";"route d'hambers";"48,21586159";" -0,40390164"
"202400037754";"26";"08";"2024";"13:00";"1";"75";"75115";"2";"2";"1";"2";"RUE VIGEE LEBRUN";"48,83947900";"2,30955400"
"202400037755";"19";"07";"2024";"10:10";"1";"17";"17003";"2";"3";"1";"6";"2 Rue de Saint-christophe";"46,11764200";" -0,93402200"
"202400037756";"5";"04";"2024";"15:35";"1";"13";"13211";"1";"1";"1";"4";"A50-Sens Marseille vers Aubagne";"43,29412401";"5,45835278"
"202400037757";"20";"07";"2024";"17:00";"1";"37";"37018";"1";"1";"1";"1";"D751c";"47,31331300";"0,58324100"
"202400037758";"27";"08";"2024";"15:39";"1";"75";"75111";"2";"2";"1";"3";"RUE DU FAUBOURG SAINT ANTOINE";"48,85129200";"2,37609600"
"202400037759";"5";"04";"2024";"08:15";"1";"13";"13213";"1";"1";"1";"3";"A507 sens Aubagne- Marseille";"43,32816198";"5,41752602"
"202400037760";"6";"04";"2024";"00:45";"5";"69";"69297";"1";"1";"1";"6";"Autoroute 46";"45,58947721";"4,80813769"
"202400037761";"19";"07";"2024";"17:30";"1";"30";"30109";"1";"2";"1";"3";"D981";"44,06638100";"4,23851300"
"202400037762";"27";"08";"2024";"14:44";"1";"75";"75111";"2";"2";"1";"6";"RUE DE LA PETITE PIERRE";"48,85419800";"2,39008700"
"202400037763";"6";"04";"2024";"18:40";"1";"91";"91570";"1";"1";"1";"7";"RN 104";"48,62503000";"2,32310700"
"202400037764";"27";"08";"2024";"13:20";"1";"75";"75111";"2";"1";"1";"6";"BOULEVARD DE BELLEVILLE";"48,86797300";"2,38175600"
"202400037765";"6";"04";"2024";"15:46";"1";"94";"94043";"1";"1";"1";"4";"A6B";"48,80735186";"2,34692474"
"202400037766";"20";"07";"2024";"14:28";"1";"88";"88373";"1";"1";"7";"6";"D392";"48,50676400";"7,10590100"
"202400037767";"6";"04";"2024";"14:01";"1";"94";"94065";"1";"1";"1";"2";"A86";"48,75506176";"2,34389126"
"202400037768";"26";"08";"2024";"23:45";"5";"75";"75110";"2";"2";"1";"6";"BOULEVARD DE MAGENTA";"48,87477500";"2,35736700"
"202400037769";"20";"07";"2024";"20:15";"3";"974";"97418";"2";"1";"1";"1";"N2002";" -20,89506000";"55,55788300"
"202400037770";"6";"04";"2024";"06:50";"2";"94";"94076";"1";"1";"1";"3";"A6B";"48,79081730";"2,34457243"
"202400037771";"27";"08";"2024";"18:07";"1";"75";"75108";"2";"4";"1";"3";"BOULEVARD HAUSSMANN";"48,87493600";"2,30853700"
"202400037772";"5";"04";"2024";"18:20";"1";"92";"92019";"1";"1";"1";"3";"RN 385 INT";"48,76522260";"2,24538423"
"202400037773";"20";"07";"2024";"11:44";"1";"77";"77095";"2";"3";"1";"3";"rue de l'ardoise";"48,96787000";"2,76219600"
"202400037774";"6";"04";"2024";"11:30";"1";"92";"92050";"1";"1";"1";"7";"A86";"48,89347708";"2,18884570"
"202400037775";"6";"04";"2024";"07:55";"1";"92";"92063";"1";"1";"1";"6";"A86";"48,88884752";"2,16823274"
"202400037776";"27";"08";"2024";"17:00";"1";"75";"75108";"2";"3";"1";"3";"PLACE HENRI BERGSON";"48,87617800";"2,31951200"
"202400037777";"20";"07";"2024";"17:30";"1";"30";"30153";"1";"1";"1";"4";"D901";"44,42311700";"4,03802300"
"202400037778";"5";"04";"2024";"18:45";"1";"78";"78133";"1";"1";"2";"2";"A13";"48,88987500";"2,01021900"
"202400037779";"26";"08";"2024";"11:30";"1";"94";"94081";"2";"9";"1";"6";"Boulevard de Stalingrad";"48,80129538";"2,37930098"
"202400037780";"5";"04";"2024";"15:45";"1";"78";"78126";"1";"1";"1";"7";"A13";"48,83634200";"2,12806200"
"202400037781";"27";"08";"2024";"09:45";"1";"94";"94028";"2";"1";"1";"6";"Av du Mal de Lattre de Tassigny";"48,79690000";"2,45708000"
"202400037782";"21";"07";"2024";"10:26";"1";"04";"04039";"1";"1";"1";"2";"941 Route de Digne CASTELLANE";"43,85416600";"6,50244700"
"202400037783";"26";"08";"2024";"22:27";"5";"94";"94028";"2";"6";"1";"6";"Route de la Pompadour";"48,76684900";"2,47243900"
"202400037784";"5";"04";"2024";"16:10";"1";"92";"92047";"1";"1";"2";"4";"RN13";"48,83469779";"2,17151041"
"202400037785";"21";"07";"2024";"13:45";"1";"21";"21390";"2";"1";"1";"6";"85 Rue de Mazy";"47,27133000";"4,98876600"
"202400037786";"6";"04";"2024";"19:20";"2";"95";"95277";"1";"1";"1";"7";"A3";"48,98404721";"2,50203362"
"202400037787";"26";"08";"2024";"20:20";"1";"94";"94028";"2";"1";"1";"2";"Avenue Laferrière";"48,80064000";"2,45675000"
"202400037788";"21";"07";"2024";"17:50";"1";"01";"01249";"2";"7";"1";"3";"Place de la Republique";"45,82655600";"4,95669400"
"202400037789";"6";"04";"2024";"19:40";"1";"93";"93013";"1";"1";"1";"3";"A1";"48,93935224";"2,41905615"
"202400037790";"20";"07";"2024";"21:39";"2";"33";"33165";"1";"6";"1";"6";"N/A";"44,82755400";" -0,44839600"
"202400037791";"6";"04";"2024";"13:10";"1";"93";"93010";"1";"1";"1";"7";"A3";"48,90243900";"2,47084360"
"202400037792";"25";"08";"2024";"22:15";"5";"94";"94028";"2";"3";"1";"3";"Avenue Magellan";"48,76876000";"2,45452000"
"202400037793";"5";"04";"2024";"21:37";"3";"95";"95572";"1";"1";"1";"2";"A15";"49,03220544";"2,11174431"
"202400037794";"20";"07";"2024";"16:29";"1";"22";"22168";"1";"2";"3";"3";"Rue des Frères Kerbrat";"48,80410100";" -3,45405200"
"202400037795";"26";"08";"2024";"07:45";"1";"94";"94059";"2";"6";"1";"3";"avenue saint-pierre";"48,80732911";"2,57571119"
"202400037796";"19";"07";"2024";"18:00";"1";"35";"35012";"1";"1";"1";"6";"Le Fournel";"47,84191600";" -1,69953300"
"202400037797";"5";"04";"2024";"11:30";"1";"93";"93005";"1";"1";"1";"4";"A3";"48,95079853";"2,47436660"
"202400037798";"15";"07";"2024";"05:30";"2";"76";"76551";"1";"1";"1";"6";"Route de Montivilliers";"49,55585500";"0,30530000"
"202400037799";"6";"04";"2024";"15:50";"1";"93";"93051";"1";"1";"1";"6";"A4";"48,83558148";"2,56793626"
"202400037800";"27";"08";"2024";"12:00";"1";"94";"94071";"2";"1";"1";"2";"15 Avenue Georges Pompidou";"48,77174900";"2,52658900"
"202400037801";"19";"01";"2024";"10:35";"1";"32";"32013";"2";"1";"1";"2";"DARWIN";"43,62993000";"0,58747000"
"202400037802";"19";"07";"2024";"10:05";"1";"62";"62014";"2";"7";"1";"6";"D157";"50,63674781";"2,39616752"
"202400037803";"5";"04";"2024";"06:20";"1";"976";"97611";"1";"1";"1";"3";"passamanty-Roni Mangua ( ruelle )";" -12,79707000";"45,20128000"