"Num_Acc";"jour";"mois";"an";"hrmn";"lum";"dep";"com";"agg";"int";"atm";"col";"adr";"lat";"long"
"202400037804";"27";"08";"2024";"22:00";"5";"93";"93029";"2";"6";"1";"6";"Rue Raymond Barker / Rue de la Station";"48,91676000";"2,42923000"
"202400037805";"19";"07";"2024";"09:40";"1";"62";"62064";"1";"3";"1";"3";"Rue d’Albert";"50,10009340";"2,83326530"
"202400037806";"5";"04";"2024";"10:55";"1";"974";"97416";"2";"1";"1";"5";"LEBLOND 1 (RUE MARIUS ET ARY)";" -21,33610000";"55,46902000"
"202400037807";"27";"08";"2024";"22:10";"5";"93";"93010";"2";"1";"1";"6";"GALLIENI (AV.) DE 2 A 96";"48,90474848";"2,47469293"
"202400037808";"21";"07";"2024";"02:00";"3";"59";"59612";"1";"1";"1";"1";"D109";"50,21093600";"3,52200300"
"202400037809";"5";"04";"2024";"06:10";"2";"974";"97416";"1";"9";"1";"3";"DE VILLIERS 5CHEMIN ADAM)";" -21,30656000";"55,42669000"
"202400037810";"26";"08";"2024";"21:40";"5";"93";"93027";"2";"2";"1";"3";"Rue Charles Tillon / Rue Alfred Jarry";"48,92174307";"2,39444666"
"202400037811";"5";"04";"2024";"18:25";"1";"974";"97411";"2";"3";"1";"3";"JOFFRE (BOULEVARD)";" -20,87501000";"55,45399000"
"202400037812";"19";"07";"2024";"15:50";"1";"13";"13212";"1";"1";"1";"2";"A507 sens Marseille - Aubagne";"43,31604003";"5,42256832"
"202400037813";"5";"04";"2024";"17:40";"2";"973";"97302";"2";"1";"1";"7";"BOUDINOT (AUGUSTE) CITE THEMIRE";"4,93336537";" -52,31953919"
"202400037814";"26";"08";"2024";"07:23";"1";"92";"92050";"2";"9";"1";"3";"GARCHES RUE DE";"48,87817153";"2,20559679"
"202400037815";"5";"04";"2024";"15:16";"1";"973";"97302";"2";"2";"1";"1";"CONSTANT CHLORE(RUE)";"4,93443027";" -52,32082263"
"202400037816";"27";"08";"2024";"00:57";"5";"92";"92044";"2";"1";"1";"7";"ALSACE (RUE) N°19 + ET 20+";"48,89200108";"2,29677022"
"202400037817";"20";"07";"2024";"12:18";"1";"33";"33192";"1";"1";"1";"4";"N/A";"44,77770900";" -0,64486400"
"202400037818";"4";"04";"2024";"19:34";"3";"972";"97213";"1";"2";"1";"4";"ROUTE DEPARTEMENTALE 13";"14,63410000";" -61,01744000"
"202400037819";"5";"04";"2024";"11:55";"1";"972";"97209";"2";"1";"1";"6";"BISHOP (Avenue Maurice)";"14,60701000";" -61,05798000"
"202400037820";"20";"07";"2024";"13:15";"1";"91";"91477";"1";"9";"1";"2";"AUTOROUTE A10";"48,71789000";"2,26163000"
"202400037821";"4";"04";"2024";"20:55";"5";"972";"97209";"1";"1";"1";"7";"AUTOROUTE (A1)";"14,61584000";" -61,04372000"
"202400037822";"26";"08";"2024";"08:30";"1";"94";"94003";"2";"6";"1";"2";"AVENUE ARISTIDE BRIAND  N° 2 A 98";"48,80944720";"2,32628256"
"202400037823";"5";"04";"2024";"19:45";"2";"69";"69385";"2";"2";"1";"3";"Avenue Général Eisenhower";"45,75444000";"4,78215000"
"202400037824";"27";"08";"2024";"15:13";"1";"78";"78356";"1";"6";"1";"2";"80 Route de Versailles";"48,72008200";"2,08782600"
"202400037825";"5";"04";"2024";"16:25";"1";"69";"69149";"2";"1";"1";"6";"Avenue du Rhône";"45,71710550";"4,81429993"
"202400037826";"19";"07";"2024";"17:50";"1";"94";"94004";"1";"1";"1";"4";"N19";"48,74854000";"2,51530000"
"202400037827";"5";"04";"2024";"12:10";"1";"69";"69034";"2";"1";"1";"6";"Rue Pasteur";"45,79646000";"4,84905000"
"202400037828";"27";"08";"2024";"18:10";"1";"09";"09268";"2";"4";"1";"3";"Rue Hotel Dieu";"43,00183700";"1,13794200"
"202400037829";"17";"03";"2024";"18:05";"2";"69";"69266";"2";"6";"2";"6";"47 Rue Gabriel Péri";"45,77254000";"4,86619000"
"202400037830";"4";"04";"2024";"13:00";"1";"971";"97101";"1";"1";"1";"2";"RN05";"16,30336225";" -61,49401903"
"202400037831";"19";"07";"2024";"17:15";"1";"974";"97416";"1";"1";"1";"1";"DELISLES (ROUTE HUBERT) CD3";" -21,31945000";"55,55105000"
"202400037832";"28";"08";"2024";"11:30";"1";"33";"33002";"1";"1";"7";"1";"N/A";"44,44877800";" -0,07252700"
"202400037833";"6";"04";"2024";"00:20";"5";101;101004";"1";"1";"1";"6";"T21";"41,92711185";"8,78929853"
"202400037834";"19";"07";"2024";"08:15";"1";"974";"97411";"2";"1";"1";"6";"CAMELIAS (RUE DES)";" -20,89678000";"55,46478000"
"202400037835";"5";"04";"2024";"18:25";"1";"95";"95539";"1";"1";"2";"5";"D301";"48,99321569";"2,36066985"
"202400037836";"22";"08";"2024";"17:30";"1";"68";"68023";"1";"1";"1";"3";"Rue du Petit Château";"48,15647400";"7,33703800"
"202400037837";"5";"04";"2024";"15:55";"1";"95";"95607";"2";"1";"1";"3";"GEORGES VALLEREY (SQUARE)";"49,01685100";"2,21150500"
"202400037838";"19";"07";"2024";"06:55";"1";"974";"97411";"2";"6";"1";"6";"LATTRE DE TASSIGNY (AVENUE MARECHAL DE)";" -20,88765000";"55,47245000"
"202400037839";"4";"04";"2024";"16:30";"1";"95";"95203";"2";"1";"1";"2";"D928";"48,99719632";"2,26969491"
"202400037840";"27";"08";"2024";"21:20";"5";"85";"85223";"1";"2";"1";"3";"Avenue des Tilleuls";"46,52958000";" -1,07260500"
"202400037841";"18";"07";"2024";"16:50";"1";"974";"97407";"2";"9";"1";"3";"ROUTE DU SACRE COEUR";" -20,95888000";"55,32006000"
"202400037842";"5";"04";"2024";"06:15";"5";"91";"91377";"2";"9";"1";"2";"AV DU MARECHAL LECLERC";"48,72737700";"2,30003900"
"202400037843";"26";"08";"2024";"19:45";"1";"62";"62451";"2";"1";"1";"1";"Rue Charlotte";"50,47612120";"2,27226993"
"202400037844";"5";"04";"2024";"12:05";"1";"91";"91687";"2";"1";"1";"3";"GENERAL DE GAULLE (AVENUE DU)";"48,67849100";"2,38252900"
"202400037845";"19";"07";"2024";"15:29";"1";"973";"97302";"2";"2";"1";"3";"BOULEVARD DES CITES";"4,92500244";" -52,31710643"
"202400037846";"28";"08";"2024";"02:14";"4";"34";"34090";"2";"1";"1";"7";"Rue Antoine Blanchemain";"43,66343100";"3,92481900"
"202400037847";"5";"04";"2024";"16:16";"1";"90";"90010";"2";"1";"1";"3";"SARRAIL (AVENUE)";"47,63615000";"6,86181000"
"202400037848";"19";"07";"2024";"18:15";"1";"69";"69383";"2";"2";"1";"3";"Cours Eugénie";"45,74035000";"4,88843000"
"202400037849";"22";"08";"2024";"15:25";"1";"67";"67486";"1";"6";"1";"3";"Rue de Wittisheim";"48,25329800";"7,59250800"
"202400037850";"19";"07";"2024";"13:05";"1";"69";"69388";"2";"8";"1";"6";"Rue Marius Berliet";"45,74599452";"4,85922083"
"202400037851";"27";"08";"2024";"09:30";"1";"81";"81201";"1";"4";"1";"6";"D78/ chemin la gaye";"44,11096100";"2,21958200"
"202400037852";"5";"04";"2024";"15:20";"1";"89";"89127";"1";"1";"1";"2";"SENS A PONT SUR YONNE(ROUTE DE)";"48,23064000";"3,25699000"
"202400037853";"27";"08";"2024";"07:35";"2";"11";"11206";"2";"6";"7";"6";"Route départementale 118";"43,04422500";"2,23222800"
"202400037854";"19";"07";"2024";"20:45";"1";"69";"69389";"2";"3";"1";"3";"Avenue Sidoine Apollinaire";"45,76494000";"4,80114000"
"202400037855";"28";"08";"2024";"16:14";"1";"61";"61462";"2";"1";"1";"3";"D774";"48,72453300";" -0,03979000"
"202400037856";"19";"07";"2024";"17:35";"1";"69";"69152";"1";"1";"1";"3";"Chemin d'Yvours";"45,69290000";"4,82784000"
"202400037857";"25";"08";"2024";"20:30";"2";"12";"12270";"1";"1";"1";"2";"ex N88";"44,34665500";"2,95760200"
"202400037858";"19";"07";"2024";"10:45";"1";"69";"69389";"2";"1";"1";"3";"49 Grande Rue de Saint Rambert";"45,80008000";"4,83511000"
"202400037859";"27";"08";"2024";"16:30";"1";"44";"44175";"2";"1";"1";"3";"120 Kerbrotin";"47,36648300";" -2,33182700"
"202400037860";"19";"07";"2024";"19:13";"1";100;100033";"2";"6";"1";"3";"IMPERIALE - ROUTE";"42,39000000";"9,26000000"
"202400037861";"28";"08";"2024";"04:00";"3";"03";"03208";"1";"1";"1";"6";"31 Route du Donjon";"46,42280900";"3,90663600"
"202400037862";"19";"07";"2024";"13:10";"1";"971";"97107";"2";"1";"1";"3";"FLAMBOYANTS ( ALLEE DES )";"16,05168000";" -61,56422000"
"202400037863";"27";"08";"2024";"17:00";"1";"01";"01145";"1";"4";"1";"1";"D17";"46,07081500";"5,19337900"
"202400037864";"19";"07";"2024";"12:25";"1";101;101004";"2";"1";"1";"3";"#1 Lot Artisanal Stiletto#";"41,94662000";"8,76556000"
"202400037865";"1";"08";"2024";"18:50";"1";"72";"72071";"2";"1";"1";"6";"21 Rue Oscar Moneris";"47,69402100";"0,46191300"
"202400037866";"27";"08";"2024";"16:25";"1";"72";"72300";"1";"2";"7";"3";"Avenue de la Pécardière";"48,03414300";"0,40679800"
"202400037867";"19";"07";"2024";"08:05";"1";"95";"95476";"1";"1";"1";"4";"N14";"49,04829602";"2,07095013"
"202400037868";"18";"07";"2024";"20:45";"1";"91";"91549";"2";"6";"1";"3";"REGIMENT NORMANDIE-NIEMEN (AVENUE DU)";"48,63831900";"2,32406100"
"202400037869";"19";"07";"2024";"19:50";"1";"91";"91471";"2";"3";"1";"6";"FOCH (AVENUE DU MARECHAL)";"48,69900000";"2,18787000"
"202400037870";"28";"08";"2024";"11:00";"1";"60";"60560";"1";"2";"1";"3";"D1324";"49,22332900";"2,73971600"
"202400037871";"18";"07";"2024";"08:35";"1";"89";"89387";"2";"3";"1";"3";"MAIL (BOULEVARD DU)";"48,19935000";"3,28714000"
"202400037872";"26";"08";"2024";"17:50";"1";"73";"73010";"2";"3";"1";"3";"D54";"45,79441400";"5,93267100"
"202400037873";"28";"08";"2024";"15:30";"1";"18";"18141";"2";"1";"1";"7";"27 Chemin de la Belle Croix";"47,13932400";"2,23679200"
"202400037874";"14";"07";"2024";"12:40";"1";"89";"89387";"2";"2";"2";"3";"RENE BINET (RUE)";"48,19370000";"3,29308000"
"202400037875";"28";"08";"2024";"05:45";"3";"36";"36171";"2";"1";"1";"6";"Route de Chéry";"47,09134900";"2,04565900"
"202400037876";"28";"08";"2024";"08:10";"1";"07";"07294";"1";"1";"1";"7";"D901";"44,30232200";"4,24814700"
"202400037877";"18";"07";"2024";"19:25";"1";"88";"88160";"2";"1";"1";"3";"DOGNEVILLE (Q. DE)";"48,18552000";"6,44535000"
"202400037878";"27";"08";"2024";"22:10";"5";"24";"24396";"2";"1";"1";"6";"3 Route des Entrepôts";"44,87047300";"1,04308700"
"202400037879";"18";"07";"2024";"18:20";"1";"88";"88160";"1";"1";"7";"3";"GEORGES DE LA TOUR (RUE)";"48,17324000";"6,44700000"
"202400037880";"28";"08";"2024";"17:40";"1";"85";"85288";"1";"1";"1";"5";"RD949";"46,47558100";" -1,65346400"
"202400037881";"18";"07";"2024";"15:50";"1";"87";"87085";"2";"1";"1";"6";"NAUGEAT (AVENUE DE";"45,82667000";"1,23808000"
"202400037882";"28";"08";"2024";"10:50";"1";"30";"30284";"1";"6";"1";"3";"Avenue de Ladrecht";"44,14568500";"4,06837500"
"202400037883";"18";"07";"2024";"21:55";"2";"86";"86066";"2";"3";"1";"3";"Rue du Nouveau Brünswick";"46,81566100";"0,53562600"
"202400037884";"26";"08";"2024";"01:00";"3";"89";"89339";"1";"1";"1";"7";"Autoroute A6 sens PARIS-LYON PK 198+000";"47,59760000";"3,91130000"
"202400037885";"18";"07";"2024";"22:30";"5";"86";"86066";"2";"1";"1";"5";"Pont Lyautey";"46,80004000";"0,53827000"
"202400037886";"19";"07";"2024";"11:15";"1";"83";"83144";"2";"3";"1";"3";"FRERES LUMIERES (RUE DES)";"43,13549000";"5,99854000"
"202400037887";"18";"07";"2024";"12:15";"1";"83";"83123";"2";"1";"1";"6";"ROUTE DE BANDOL";"43,13764000";"5,77513000"
"202400037888";"28";"08";"2024";"15:30";"1";"11";"11262";"1";"1";"1";"1";"d 168";"43,16195700";"3,13603300"
"202400037889";"19";"07";"2024";"08:00";"1";"83";"83069";"2";"1";"1";"3";"CRAU (ROUTE DE LA )";"43,12889141";"6,09063484"
"202400037890";"28";"08";"2024";"12:40";"1";"11";"11262";"2";"1";"1";"6";"Avenue du Languedoc (plage)";"43,15826900";"3,16423100"
"202400037891";"19";"07";"2024";"08:10";"1";"83";"83050";"2";"9";"1";"6";"JUIN( AVENUE DU MARECHAL)";"43,53134000";"6,47034000"
"202400037892";"28";"08";"2024";"03:05";"3";"77";"77257";"2";"1";"1";"6";"4 Route de Beauval";"49,02728900";"3,01805900"
"202400037893";"19";"07";"2024";"18:55";"1";"80";"80021";"2";"1";"1";"2";"Boulevard Carnot";"49,89178000";"2,28814000"
"202400037894";"28";"08";"2024";"14:00";"1";"77";"77473";"1";"1";"1";"1";"D69";"48,27593900";"2,77031400"
"202400037895";"27";"08";"2024";"14:30";"1";"13";"13097";"1";"9";"1";"7";"d24";"43,65150600";"4,82879700"
"202400037896";"19";"07";"2024";"21:22";"1";"78";"78440";"2";"1";"1";"6";"avenue de la République";"48,98611000";"1,91624000"
"202400037897";"28";"08";"2024";"07:50";"1";"38";"38344";"1";"3";"1";"6";"N7";"45,39976100";"4,80857800"
"202400037898";"25";"08";"2024";"14:25";"1";"38";"38562";"1";"3";"1";"3";"N85";"45,07672400";"5,76626100"
"202400037899";"19";"07";"2024";"20:55";"1";"77";"77394";"1";"1";"1";"1";"VOISENON - CD82E (ROUTE DE)";"48,56633000";"2,68800000"
"202400037900";"27";"08";"2024";"16:20";"1";"19";"19207";"2";"6";"1";"6";"D9";"45,26472279";"1,63949776"
"202400037901";"18";"07";"2024";"19:20";"1";"77";"77122";"1";"1";"1";"2";"RD 48";"48,66060000";"2,58813000"
"202400037902";"27";"08";"2024";"19:30";"1";"14";"14488";"2";"2";"1";"3";"100 Boulevard de France";"49,28857200";" -0,26851900"
"202400037903";"19";"07";"2024";"02:35";"5";"76";"76231";"2";"1";"1";"3";"Cours Carnot";"49,28714171";"1,01779640"
"202400037904";"26";"08";"2024";"14:40";"1";"56";"56007";"2";"1";"1";"3";"102 Avenue du Général de Gaulle";"47,67588100";" -2,99449900"
"202400037905";"27";"08";"2024";"12:10";"1";"22";"22198";"1";"1";"1";"7";"D788";"48,80433900";" -3,53385600"
"202400037906";"19";"07";"2024";"04:30";"5";"76";"76351";"2";"2";"1";"2";"WINSTON CHURCHILL";"49,49425000";"0,13869000"
"202400037907";"26";"08";"2024";"19:35";"1";"60";"60042";"2";"1";"1";"6";"Cavee de Senescourt";"49,34925500";"2,44832600"
"202400037908";"23";"08";"2024";"17:20";"1";"59";"59256";"1";"1";"1";"7";"M655";"50,57693275";"3,12935829"
"202400037909";"16";"07";"2024";"17:35";"1";"73";"73065";"1";"1";"1";"4";"N201";"45,58733279";"5,90345326"
"202400037910";"17";"07";"2024";"16:45";"1";"71";"71105";"2";"2";"7";"3";"Inter Chemin du Voisinet/ Rte de Davaye";"46,29954000";"4,78209000"
"202400037911";"27";"08";"2024";"12:05";"1";"13";"13212";"1";"1";"1";"4";"A507 sens Aubagne- Marseille";"43,29480000";"5,42571000"
"202400037912";"19";"07";"2024";"13:20";"1";"71";"71076";"2";"2";"7";"6";"NIEPCE (AVENUE NICEPHORE)";"46,77918000";"4,84990000"
"202400037913";"27";"08";"2024";"11:45";"1";"13";"13211";"1";"1";"1";"2";"A50-Sens Aubagne vers Marseille";"43,28640000";"5,43169000"
"202400037914";"19";"07";"2024";"14:15";"1";"68";"68224";"2";"2";"1";"3";"Rue Lefèbvre";"47,75963000";"7,34408000"
"202400037915";"26";"08";"2024";"15:00";"1";"13";"13215";"1";"1";"1";"2";"A7-Sens Lyon vers Marseille";"43,34261266";"5,37589947"
"202400037916";"19";"07";"2024";"21:58";"5";"67";"67482";"2";"1";"1";"6";"FUSTEL DE COULANGES (QUAI)";"48,57475000";"7,75004000"
"202400037917";"19";"07";"2024";"21:30";"2";"64";"64445";"2";"2";"1";"7";"DEVERIA";"43,30299000";" -0,35825000"
"202400037918";"26";"08";"2024";"17:45";"1";"13";"13212";"1";"1";"1";"2";"A507 sens Marseille - Aubagne";"43,29734000";"5,42494000"
"202400037919";"19";"07";"2024";"11:00";"1";"64";"64335";"2";"1";"1";"3";"EUROPE DE L'";"43,33407000";" -0,45505000"
"202400037920";"27";"08";"2024";"15:10";"1";"83";"83144";"1";"1";"1";"3";"A57";"43,14101943";"6,00255456"
"202400037921";"18";"07";"2024";"17:15";"1";"64";"64024";"2";"1";"1";"3";"MER (BOULEVARD DE LA)";"43,49527000";" -1,54177000"
"202400037922";"25";"08";"2024";"01:40";"5";"33";"33063";"1";"1";"1";"2";"N/A";"44,88081900";" -0,54221400"
"202400037923";"17";"07";"2024";"23:30";"5";"64";"64024";"2";"6";"1";"3";"CINQ CANTONS (RUE DES)";"43,48448000";" -1,51807000"
"202400037924";"26";"08";"2024";"19:00";"1";"91";"91377";"1";"1";"1";"5";"AUTOROUTE A10";"48,71707000";"2,29147000"
"202400037925";"16";"07";"2024";"16:10";"1";"62";"62498";"2";"1";"1";"6";"Avenue du 4 Septembre";"50,43223882";"2,83088332"
"202400037926";"12";"07";"2024";"15:00";"1";"62";"62033";"2";"1";"1";"6";"D917";"50,45902000";"2,88889000"
"202400037927";"26";"08";"2024";"20:55";"2";"91";"91689";"1";"1";"1";"2";"AUTOROUTE A6";"48,72805000";"2,31421000"
"202400037928";"19";"07";"2024";"19:00";"1";"59";"59328";"2";"1";"1";"2";"VOLTA RUE";"50,64401000";"3,02012000"
"202400037929";"27";"08";"2024";"12:45";"1";"92";"92025";"1";"1";"1";"2";"A86";"48,92201331";"2,22672771"
"202400037930";"18";"07";"2024";"21:30";"1";"56";"56121";"2";"1";"1";"6";"Rue Jean-Baptiste Chaigneau";"47,75473000";" -3,35957000"
"202400037931";"27";"08";"2024";"17:15";"1";"95";"95678";"1";"1";"1";"4";"N184";"49,06434647";"2,21408768"
"202400037932";"18";"07";"2024";"18:46";"1";"54";"54184";"2";"1";"1";"6";"Allée du Midi";"48,70512000";"6,24859000"
"202400037933";"26";"08";"2024";"20:30";"2";"93";"93064";"1";"1";"1";"3";"AUTOROUTE A86";"48,86366607";"2,48273447"
"202400037934";"26";"08";"2024";"19:20";"1";"93";"93053";"1";"1";"1";"2";"AUTOROUTE A3";"48,88051587";"2,45194432"
"202400037935";"19";"07";"2024";"23:05";"5";"51";"51055";"2";"6";"1";"7";"SAINT ETIENNE (CHEMIN)";"49,28015000";"4,04329000"
"202400037936";"26";"08";"2024";"16:30";"1";"95";"95277";"1";"1";"1";"6";"A3";"48,98015842";"2,49808344"
"202400037937";"19";"07";"2024";"17:50";"1";"51";"51454";"2";"2";"1";"3";"LINGUET (RUE)";"49,25941000";"4,03564000"
"202400037938";"26";"08";"2024";"07:58";"1";"92";"92036";"1";"1";"1";"2";"AUTOROUTE A86";"48,93812834";"2,29900718"
"202400037939";"18";"07";"2024";"19:00";"1";"51";"51454";"2";"1";"1";"3";"NOIROT (BOULEVARD MAURICE)";"49,25174000";"4,02139000"
"202400037940";"25";"08";"2024";"22:47";"3";"93";"93027";"1";"1";"1";"6";"BDL";"48,92676180";"2,40483105"
"202400037941";"19";"07";"2024";"14:00";"1";"51";"51230";"2";"2";"1";"3";"SEZANNE (RUE DE)";"49,04094600";"3,95025100"
"202400037942";"25";"08";"2024";"01:30";"3";"93";"93013";"1";"1";"1";"3";"AUTOROUTE A1";"48,94156576";"2,42856033"
"202400037943";"27";"08";"2024";"15:40";"1";"93";"93051";"1";"1";"1";"3";"A4";"48,83544029";"2,57065125"
"202400037944";"19";"07";"2024";"14:40";"1";"51";"51230";"2";"2";"1";"3";"JANCELINS (RUE DES)";"49,03890500";"3,95411500"
"202400037945";"26";"08";"2024";"11:15";"1";"94";"94052";"1";"1";"1";"2";"A86";"48,84528286";"2,49199750"
"202400037946";"19";"07";"2024";"00:25";"5";"50";"50129";"2";"3";"1";"3";"NAPOLEON (PLACE)";"49,64293000";" -1,62458000"
"202400037947";"17";"07";"2024";"14:45";"1";"49";"49099";"1";"1";"1";"7";"RUISSEAUX (RUE DES)";"47,02023000";" -0,90063000"
"202400037948";"28";"05";"2024";"11:11";"1";"84";"84143";"1";"1";"1";"3";"route de murs";"43,99644600";"5,14473200"
"202400037949";"19";"07";"2024";"12:00";"1";"49";"49007";"2";"1";"1";"3";"CHEVREFEUILLE RUE ET SQUARE";"47,44288000";" -0,56327000"
"202400037950";"26";"05";"2024";"08:20";"1";"84";"84105";"1";"1";"1";"2";"Route Departementale 231";"43,88177500";"5,42934900"
"202400037951";"20";"04";"2024";"16:45";"1";"19";"19031";"2";"1";"1";"4";"RIBOT (AVENUE)";"45,16467924";"1,50760746"
"202400037952";"16";"07";"2024";"22:00";"5";"48";"48095";"2";"1";"1";"6";"ROUSSEL (BOULEVARD THEOPHILE)";"44,51826000";"3,49675000"
"202400037953";"11";"04";"2024";"18:02";"1";"19";"19031";"2";"1";"1";"6";"NORMANDIE-NIEMEN (RUE)";"45,15505191";"1,54776576"
"202400037954";"18";"07";"2024";"18:30";"1";"47";"47323";"2";"1";"1";"1";"GRELOT(RUE DE)";"44,42297000";"0,70107000"
"202400037955";"15";"06";"2024";"14:40";"1";"57";"57650";"2";"1";"1";"6";"Quai des Ducs de Lorraine";"49,44158500";"6,35782200"
"202400037956";"19";"07";"2024";"12:35";"1";"45";"45234";"2";"2";"1";"3";"22 Rue des Trois Croissants";"47,92647000";"1,89459000"
"202400037957";"12";"06";"2024";"05:35";"1";"57";"57215";"1";"1";"1";"1";"RD 956";"49,36272600";"6,54412300"
"202400037958";"19";"07";"2024";"10:25";"1";"45";"45004";"1";"1";"1";"6";"D2060 PR 26 + 33";"47,98546000";"2,77381000"
"202400037959";"27";"06";"2024";"13:42";"1";"57";"57180";"2";"1";"1";"6";"25 Rue de Gosselming";"48,77475100";"7,01860000"
"202400037960";"11";"06";"2024";"07:45";"1";"57";"57179";"2";"1";"7";"6";"Rue du Château d'Eau";"49,33468000";"6,26838700"
"202400037961";"19";"07";"2024";"01:10";"3";"44";"44055";"2";"9";"1";"6";"Chemin des Chênes";"47,30576000";" -2,37942000"
"202400037962";"10";"06";"2024";"10:45";"1";"57";"57465";"1";"1";"1";"6";"Route de Distroff";"49,32001700";"6,27746900"
"202400037963";"19";"07";"2024";"15:09";"1";"35";"35238";"2";"6";"1";"3";"CANADA (AVENUE DU)";"48,08691000";" -1,68215000"
"202400037964";"26";"08";"2024";"14:40";"1";"976";"97611";"2";"1";"1";"3";"m'tsapere-Nationale 2 (route)";" -12,79128000";"45,22203000"
"202400037965";"19";"07";"2024";"09:55";"1";"35";"35238";"2";"1";"1";"6";"SERGENT MAGINOT (AVENUE)";"48,10998000";" -1,65936000"
"202400037966";"26";"08";"2024";"17:30";"1";"69";"69388";"2";"1";"1";"4";"Rue Marius Berliet";"45,73732000";"4,86856000"
"202400037967";"26";"08";"2024";"10:15";"1";"69";"69389";"2";"3";"1";"3";"Quai Raoul Carrié";"45,80159788";"4,83842283"
"202400037968";"19";"07";"2024";"13:50";"1";"33";"33281";"2";"1";"1";"3";"N/A";"44,82634000";" -0,66382000"
"202400037969";"26";"08";"2024";"15:36";"1";100;100037";"1";"9";"1";"2";"TOUTES RUES";"42,63122000";"9,43779000"
"202400037970";"18";"07";"2024";"13:25";"1";"32";"32013";"2";"1";"1";"6";"TOULOUSE (ROUTE DE)";"43,65264000";"0,61543000"
"202400037971";"19";"07";"2024";"11:39";"1";"29";"29039";"2";"1";"1";"6";"Quai Carnot";"47,87516800";" -3,91531700"
"202400037972";"25";"08";"2024";"21:16";"3";"971";"97105";"2";"1";"1";"1";"FLAMBOYANTS (ALLEE DES)";"16,00536000";" -61,73500000"
"202400037973";"18";"07";"2024";"20:55";"1";"29";"29019";"2";"3";"1";"3";"rue Jean Jaurès";"48,39351600";" -4,48132900"
"202400037974";"26";"08";"2024";"16:20";"1";"91";"91657";"2";"9";"1";"3";"AV HENRI BARBUSSE";"48,70328000";"2,43046000"
"202400037975";"18";"07";"2024";"15:44";"1";"29";"29019";"2";"1";"1";"6";"48 rue du Château";"48,38774100";" -4,48549600"
"202400037976";"21";"08";"2024";"21:45";"5";"87";"87085";"2";"1";"1";"7";"SAINT MARTIAL (QUAI)";"45,82203000";"1,26437000"
"202400037977";"23";"08";"2024";"22:06";"5";"87";"87085";"2";"1";"1";"6";"BLANC LOUIS (BOULEVARD)";"45,82744000";"1,26045000"
"202400037978";"19";"07";"2024";"12:50";"1";"19";"19031";"2";"1";"1";"3";"MOULIN (BOULEVARD JEAN) COTE POMPIERS";"45,16294000";"1,50283000"
"202400037979";"24";"08";"2024";"01:55";"5";"87";"87050";"1";"2";"1";"3";"RD947";"45,89755125";"1,22864664"
"202400037980";"20";"07";"2024";"00:05";"5";"18";"18279";"2";"1";"1";"7";"11 Avenue de la République";"47,22297000";"2,06600000"
"202400037981";"23";"08";"2024";"15:45";"1";"85";"85194";"2";"1";"1";"6";"Quai george V";"46,49587000";" -1,79631000"
"202400037982";"19";"07";"2024";"20:30";"1";"17";"17415";"1";"1";"1";"2";"route nationale 141";"45,73030000";" -0,62591000"
"202400037983";"26";"08";"2024";"10:40";"1";"83";"83062";"2";"1";"1";"6";"JAURES (AVENUE JEAN)";"43,12124000";"6,01037000"
"202400037984";"17";"07";"2024";"19:16";"1";"16";"16271";"2";"1";"1";"1";"N/A";"45,62193600";"0,16477800"
"202400037985";"24";"08";"2024";"13:30";"1";"83";"83061";"2";"1";"1";"1";"RUE DES COMBATTANTS D'AFRIQUE DU NORD";"43,44761000";"6,72699000"
"202400037986";"18";"07";"2024";"11:00";"1";"15";"15014";"2";"1";"1";"7";"Rue des Freres";"44,92840000";"2,44570000"
"202400037987";"26";"08";"2024";"17:00";"1";"78";"78490";"1";"1";"1";"1";"CHEVREUSE (AVENUE DE)";"48,79028000";"1,96018000"
"202400037988";"19";"07";"2024";"19:16";"1";"13";"13071";"2";"1";"1";"1";"PENNES AUX PINS ( CHEMIN DES )";"43,41366391";"5,35585552"
"202400037989";"25";"05";"2024";"05:20";"2";"13";"13039";"1";"1";"1";"2";"RN 568";"43,42657000";"4,97141000"
"202400037990";"26";"08";"2024";"19:00";"1";"77";"77350";"2";"1";"1";"3";"AV DU GENERAL DE GAULLE";"48,76194000";"2,67512000"
"202400037991";"19";"07";"2024";"00:01";"5";"13";"13216";"2";"1";"1";"6";"RABELAIS (RUE)";"43,36067000";"5,32847000"
"202400037992";"26";"08";"2024";"15:50";"1";"77";"77243";"2";"6";"1";"3";"D418";"48,87826000";"2,70178000"
"202400037993";"25";"08";"2024";"18:20";"1";"73";"73065";"2";"1";"1";"6";"ORADOUR SUR GLANE (RUE)";"45,56076732";"5,90312037"
"202400037994";"26";"08";"2024";"01:50";"5";"72";"72181";"2";"1";"1";"6";"ESTIENNE D'ORVES (BD D')";"47,98695000";"0,18112000"
"202400037995";"25";"08";"2024";"15:25";"1";"72";"72181";"2";"1";"1";"6";"MAC JEAN (AV) N° PAIRS 2 A 82";"47,98269000";"0,21243000"
"202400037996";"30";"09";"2024";"18:45";"1";"11";"11069";"2";"1";"1";"6";"29 Boulevard Omer Sarraut";"43,21646000";"2,35010000"