"Num_Acc";"jour";"mois";"an";"hrmn";"lum";"dep";"com";"agg";"int";"atm";"col";"adr";"lat";"long"
"202400037997";"25";"08";"2024";"07:10";"1";"72";"72181";"1";"1";"2";"7";"PREMIERE DIVISION FRANCAISE (BD)";"48,02061000";"0,23355000"
"202400037998";"19";"07";"2024";"18:10";"1";"13";"13028";"2";"3";"1";"3";"ROUMANILLE (AVENUE JOSEPH)";"43,20791000";"5,62765000"
"202400037999";"26";"08";"2024";"17:16";"1";"69";"69290";"2";"1";"1";"4";"Boulevard de la Porte des Alpes";"45,71786000";"4,92962000"
"202400038000";"18";"07";"2024";"13:51";"1";"10";"10343";"2";"1";"7";"6";"Rue de la Coopérative";"48,27012000";"4,09195000"
"202400038001";"30";"09";"2024";"17:40";"1";"11";"11069";"2";"6";"1";"3";"RD 6113";"43,23390000";"2,36807000"
"202400038002";"19";"08";"2024";"17:48";"1";"68";"68066";"2";"6";"1";"3";"Avenue Joseph Rey";"48,09436000";"7,36161000"
"202400038003";"1";"10";"2024";"17:15";"1";"09";"09225";"2";"1";"1";"1";"ARIEGE AVENUE DE L'";"43,10924000";"1,61327000"
"202400038004";"18";"07";"2024";"14:57";"1";"10";"10387";"2";"1";"1";"3";"Avenue Anatole France";"48,28170000";"4,07030000"
"202400038005";"25";"08";"2024";"22:35";"5";"67";"67447";"2";"3";"1";"3";"GENERAL DE GAULLE (ROUTE DU)";"48,60485000";"7,73749000"
"202400038006";"26";"08";"2024";"10:00";"1";"66";"66136";"2";"1";"1";"6";"N/A";"42,73797978";"2,89113700"
"202400038007";"30";"09";"2024";"16:15";"1";"07";"07102";"2";"6";"1";"3";"Chemin des MULETS";"44,92088000";"4,86217000"
"202400038008";"18";"07";"2024";"16:10";"1";"06";"06088";"2";"1";"1";"1";"215 Promenade des Anglais";"43,68592000";"7,23683000"
"202400038009";"26";"08";"2024";"11:40";"1";"64";"64129";"2";"1";"1";"1";"SAINT EXUPERY";"43,31364000";" -0,37785000"
"202400038010";"26";"08";"2024";"00:24";"5";"64";"64129";"1";"6";"1";"6";"BAYONNE DE";"43,30523000";" -0,40195000"
"202400038011";"26";"08";"2024";"18:13";"1";"64";"64102";"2";"3";"1";"3";"URSUYA (AVENUE DE L')";"43,47858000";" -1,49554000"
"202400038012";"19";"07";"2024";"19:55";"1";"75";"75116";"2";"1";"1";"6";"BD PERIPHERIQUE EXTERIEUR";"48,86821900";"2,26977800"
"202400038013";"26";"08";"2024";"18:00";"1";"62";"62193";"2";"1";"1";"6";"Rue de Constantine";"50,94760000";"1,82908000"
"202400038014";"1";"10";"2024";"19:10";"2";"06";"06027";"1";"1";"1";"3";"Avenue de Cannes";"43,65123000";"7,14187000"
"202400038015";"25";"08";"2024";"19:50";"1";"60";"60665";"2";"6";"1";"6";"D 202";"49,42239000";"2,80617000"
"202400038016";"19";"07";"2024";"08:30";"1";"75";"75118";"2";"1";"1";"7";"BD PERIPHERIQUE EXTERIEUR";"48,90110400";"2,34664600"
"202400038017";"26";"08";"2024";"23:00";"5";"59";"59646";"2";"9";"1";"3";"MARNE (AVENUE DE LA)";"50,68315000";"3,11909000"
"202400038018";"1";"10";"2024";"18:25";"1";"06";"06027";"2";"3";"1";"6";"Rue Louis Négro";"43,66460000";"7,15150000"
"202400038019";"18";"07";"2024";"22:30";"5";"75";"75120";"2";"1";"1";"2";"BD PERIPHERIQUE INTERIEUR";"48,86171200";"2,41369700"
"202400038020";"26";"08";"2024";"22:00";"5";"59";"59183";"2";"1";"1";"6";"COLAERT JEAN - ALLEE";"51,02620000";"2,35265000"
"202400038021";"30";"09";"2024";"12:15";"1";"06";"06123";"2";"1";"1";"3";"930 Route des Vespins";"43,66008000";"7,18883000"
"202400038022";"18";"07";"2024";"17:45";"1";"75";"75112";"2";"1";"1";"2";"BD PERIPHERIQUE INTERIEUR";"48,83599100";"2,41205300"
"202400038023";"1";"10";"2024";"14:45";"1";"75";"75119";"2";"1";"1";"2";"BOULEVARD PERIPHERIQUE INTERIEUR NORD  ";"48,89998334";"2,38459378"
"202400038024";"26";"08";"2024";"21:14";"5";"56";"56260";"2";"2";"1";"3";"Boulevard de la Paix";"47,66088000";" -2,75453000"
"202400038025";"18";"07";"2024";"17:30";"1";"75";"75115";"2";"1";"1";"4";"BD PERIPHERIQUE INTERIEUR";"48,83492700";"2,26677300"
"202400038026";"30";"09";"2024";"19:30";"5";"75";"75118";"2";"1";"1";"5";"BD PERIPHERIQUE EXTERIEUR";"48,90102000";"2,34262900"
"202400038027";"19";"07";"2024";"15:20";"1";"75";"75119";"2";"1";"1";"2";"BD PERIPHERIQUE INTERIEUR";"48,90061500";"2,37248000"
"202400038028";"25";"08";"2024";"19:30";"1";"54";"54357";"2";"2";"1";"3";"Avenue du Général de Gaulle";"48,70616000";"6,13984000"
"202400038029";"19";"07";"2024";"04:45";"5";"75";"75118";"2";"7";"1";"3";"PLACE HEBERT";"48,89324110";"2,36341399"
"202400038030";"1";"10";"2024";"19:16";"5";"75";"75106";"2";"7";"1";"3";"PLACE EDMOND ROSTAND";"48,84733700";"2,34084300"
"202400038031";"25";"08";"2024";"11:00";"1";"51";"51454";"2";"3";"1";"3";"ARNOULD (BOULEVARD CHARLES)";"49,26690000";"4,01619000"
"202400038032";"30";"09";"2024";"22:45";"5";"75";"75120";"2";"1";"1";"1";"BOULEVARD MORTIER";"48,87349000";"2,40830700"
"202400038033";"19";"07";"2024";"17:05";"1";"75";"75117";"2";"1";"1";"1";"AVENUE DE VILLIERS";"48,88457800";"2,30049600"
"202400038034";"1";"10";"2024";"10:20";"1";"75";"75117";"2";"1";"1";"3";"RUE POUCHET";"48,89707600";"2,32286900"
"202400038035";"23";"08";"2024";"17:35";"1";"49";"49099";"1";"6";"1";"7";"RD160";"47,03078000";" -0,91163000"
"202400038036";"17";"07";"2024";"20:05";"1";"75";"75114";"2";"4";"1";"3";"AVENUE JEAN MOULIN";"48,82708300";"2,32503600"
"202400038037";"1";"10";"2024";"18:45";"1";"75";"75116";"2";"5";"1";"3";"AVENUE GEORGES LAFONT";"48,83660300";"2,25650100"
"202400038038";"26";"08";"2024";"02:30";"3";"44";"44162";"1";"1";"1";"2";"N/A";"47,20344941";" -1,62241190"
"202400038039";"19";"07";"2024";"18:30";"1";"75";"75112";"2";"2";"1";"3";"BOULEVARD DE BERCY";"48,83891432";"2,37614769"
"202400038040";"1";"10";"2024";"19:30";"2";"75";"75110";"2";"1";"1";"3";"AVENUE CLAUDE VELLEFAUX";"48,87436600";"2,37031400"
"202400038041";"30";"09";"2024";"18:30";"1";"75";"75108";"2";"2";"2";"7";"RUE DU GENERAL FOY";"48,87937000";"2,31719700"
"202400038042";"19";"07";"2024";"13:05";"1";"75";"75109";"2";"3";"1";"2";"RUE SAINT LAZARE";"48,87692000";"2,33421800"
"202400038043";"25";"08";"2024";"19:30";"1";"44";"44109";"2";"1";"1";"5";"243 Route de Saint Joseph";"47,25082000";" -1,53008000"
"202400038044";"1";"10";"2024";"19:25";"1";"94";"94074";"2";"9";"1";"6";"Rue de la Sablonniere";"48,75064000";"2,45428000"
"202400038045";"19";"07";"2024";"13:15";"1";"75";"75108";"2";"2";"1";"6";"RUE DES MATHURINS";"48,87342500";"2,32244300"
"202400038046";"1";"10";"2024";"17:20";"1";"94";"94033";"2";"6";"1";"6";"Avenue de Lattre de Tassigny";"48,85407000";"2,49310000"
"202400038047";"19";"07";"2024";"08:50";"1";"94";"94081";"2";"3";"1";"3";"Rue Eugene Henaff";"48,79375737";"2,41352007"
"202400038048";"24";"08";"2024";"18:20";"1";"41";"41018";"2";"1";"1";"3";"WILSON (AVENUE DU PRESIDENT)";"47,58297000";"1,34070000"
"202400038049";"30";"09";"2024";"09:00";"1";"94";"94015";"2";"3";"2";"7";"Avenue du Général Leclerc";"48,82935000";"2,51771000"
"202400038050";"19";"07";"2024";"17:05";"1";"94";"94074";"2";"1";"9";"6";"Avenue Julien Duranton";"48,75653829";"2,45292145"
"202400038051";"1";"10";"2024";"16:30";"1";"93";"93046";"2";"1";"1";"6";"JACOB RUE ET PLACE";"48,92695000";"2,54190000"
"202400038052";"18";"07";"2024";"10:26";"1";"94";"94068";"2";"2";"1";"3";"Rue Elias Howe";"48,79301000";"2,48281000"
"202400038053";"26";"08";"2024";"15:55";"1";"37";"37233";"2";"1";"1";"3";"DUCLOS (AVENUE JACQUES)";"47,38043000";"0,73016000"
"202400038054";"30";"09";"2024";"17:20";"1";"93";"93047";"2";"1";"1";"6";"ARTS  (AVENUE DES)";"48,88967346";"2,55360835"
"202400038055";"19";"07";"2024";"15:25";"1";"94";"94046";"2";"2";"1";"3";"Rue Chevreul";"48,80910000";"2,44341000"
"202400038056";"1";"10";"2024";"12:00";"1";"93";"93057";"2";"1";"1";"3";"BRIAND (AV. ARISTIDE) 2 A 132";"48,90814345";"2,49534588"
"202400038057";"26";"08";"2024";"19:00";"1";"33";"33318";"2";"1";"1";"3";"Avenue du Bourgailh (accès garage Dacia)";"44,80026000";" -0,66321000"
"202400038058";"1";"10";"2024";"07:50";"1";"93";"93010";"2";"2";"1";"3";"ALICE (AL.)";"48,90257000";"2,49809000"
"202400038059";"19";"07";"2024";"20:20";"1";"94";"94076";"2";"9";"1";"3";"Avenue de la Division Leclerc";"48,78458000";"2,36715000"
"202400038060";"26";"08";"2024";"08:45";"1";"33";"33281";"2";"1";"1";"3";"N/A";"44,83371000";" -0,69087000"
"202400038061";"1";"10";"2024";"11:50";"1";"93";"93008";"2";"1";"1";"6";"HUIT MAI 1945 (RUE DU)";"48,90963896";"2,43627548"
"202400038062";"19";"07";"2024";"11:20";"1";"94";"94021";"2";"6";"1";"3";"Avenue des pépinières";"48,76695300";"2,34966300"
"202400038063";"1";"10";"2024";"20:45";"5";"93";"93005";"2";"9";"1";"6";"MAXIMILIEN ROBESPIERRE (RUE)";"48,94809419";"2,50186764"
"202400038064";"26";"08";"2024";"19:25";"1";"30";"30007";"2";"9";"1";"3";"NIMES (ROUTE DE)";"44,11148000";"4,10007000"
"202400038065";"19";"07";"2024";"18:15";"1";"94";"94033";"2";"1";"1";"3";"Avenue Foch";"48,84374868";"2,46092691"
"202400038066";"1";"10";"2024";"10:55";"1";"92";"92073";"2";"4";"1";"3";"JAURES (AVENUE JEAN)";"48,86517837";"2,20436476"
"202400038067";"25";"08";"2024";"11:25";"1";"29";"29019";"2";"6";"1";"3";"rue de Kerabécam";"48,39197000";" -4,48693200"
"202400038068";"19";"07";"2024";"14:15";"1";"94";"94028";"2";"1";"1";"2";"16 Rue des Mèches";"48,79296300";"2,45947200"
"202400038069";"1";"10";"2024";"11:00";"1";"92";"92063";"2";"1";"1";"3";"HOPITAL STELL (BOULEVARD DE L')";"48,87849537";"2,18665749"
"202400038070";"25";"08";"2024";"18:28";"1";"19";"19031";"2";"2";"1";"3";"RIBOT (AVENUE)";"45,16450000";"1,50260000"
"202400038071";"18";"07";"2024";"13:45";"1";"94";"94011";"2";"1";"1";"2";"Quai du Rancy";"48,77577881";"2,48987786"
"202400038072";"23";"09";"2024";"08:00";"1";"92";"92051";"2";"1";"2";"6";"ARGENSON (BOULEVARD, N° 24 AU 48)";"48,88608813";"2,26863161"
"202400038073";"17";"07";"2024";"10:02";"1";"94";"94028";"2";"1";"1";"6";"Avenue des Compagnons de la Libération";"48,77752732";"2,45622727"
"202400038074";"26";"08";"2024";"12:25";"1";"17";"17415";"2";"2";"1";"3";"ORMEAU DE PIED RUE DE L'";"45,74327000";" -0,66436000"
"202400038075";"1";"10";"2024";"07:34";"2";"92";"92048";"2";"1";"1";"6";"PARIS (RUE DE) N° 1 A 15BIS";"48,81681000";"2,24789000"
"202400038076";"1";"10";"2024";"01:45";"4";"37";"37093";"2";"1";"1";"7";"Rue Rabelais";"47,12074900";"0,46872100"
"202400038077";"19";"07";"2024";"09:00";"1";"94";"94071";"2";"2";"1";"3";"Rue Antoine Baron";"48,77926500";"2,51587400"
"202400038078";"26";"08";"2024";"06:15";"2";"14";"14699";"2";"3";"1";"1";"1 Rue des Bateliers";"49,34768000";"0,09366000"
"202400038079";"27";"09";"2024";"21:15";"3";"84";"84044";"1";"1";"1";"7";"Route de Mollans sur Ouvèze";"44,22625100";"5,16228700"
"202400038080";"25";"08";"2024";"22:30";"5";"14";"14333";"2";"1";"1";"7";"48 Rue Bourdet";"49,41642000";"0,23329000"
"202400038081";"14";"07";"2024";"02:45";"5";"94";"94002";"2";"1";"1";"6";"99 Rue Véron";"48,81038000";"2,41430800"
"202400038082";"1";"10";"2024";"09:35";"2";"31";"31113";"2";"1";"1";"6";"D57";"43,51201800";"1,50496500"
"202400038083";"26";"08";"2024";"23:51";"5";"13";"13208";"2";"2";"1";"3";"PRADO (AVENUE DU)";"43,27868000";"5,38753000"
"202400038084";"19";"07";"2024";"12:30";"1";"93";"93053";"2";"1";"1";"3";"Rue Paul Vaillant Couturier";"48,89114205";"2,44886594"
"202400038085";"26";"08";"2024";"06:50";"2";"13";"13213";"2";"1";"1";"2";"BARA (BOULEVARD)";"43,34905877";"5,44479109"
"202400038086";"1";"10";"2024";"21:30";"3";"54";"54135";"1";"1";"2";"6";"A31";"48,50327600";"5,91096600"
"202400038087";"19";"07";"2024";"17:45";"1";"93";"93031";"2";"2";"1";"3";"Avenue de la République / Avenue de Lattre de Tassigny / Rue de Paris";"48,95305925";"2,31579383"
"202400038088";"22";"08";"2024";"21:40";"5";"13";"13206";"2";"2";"1";"3";"LIEUTAUD (COURS)";"43,28911000";"5,38419000"
"202400038089";"1";"10";"2024";"15:50";"1";"22";"22084";"1";"1";"1";"6";"RN 12 PK 22+650 dans le sens RENNES vers SAINT BRIEUC";"48,37621200";" -2,36039200"
"202400038090";"19";"07";"2024";"11:21";"1";"93";"93031";"2";"1";"1";"2";"Boulevard Foch";"48,94790000";"2,33192000"
"202400038091";"1";"10";"2024";"20:45";"3";"83";"83091";"1";"1";"1";"1";"14";"43,22684200";"6,12224400"
"202400038092";"19";"07";"2024";"18:20";"1";"93";"93029";"2";"1";"1";"3";"Avenue Jean Jaures";"48,91747841";"2,45611089"
"202400038093";"24";"08";"2024";"15:58";"1";"10";"10081";"2";"2";"1";"2";"Avenue du Général Sarrail";"48,30420000";"4,03286000"
"202400038094";"1";"10";"2024";"12:00";"1";"01";"01033";"2";"9";"2";"6";"avenue saint-exupéry  (Bellegarde-sur-Valserine)";"46,11774400";"5,81600000"
"202400038095";"26";"08";"2024";"07:26";"1";"06";"06123";"1";"1";"1";"6";"25 Avenue Pierre et Marie Curie";"43,68322200";"7,18840400"
"202400038096";"18";"07";"2024";"17:50";"1";"93";"93027";"2";"1";"1";"3";"Rue de Saint-Denis";"48,93046948";"2,38347530"
"202400038097";"1";"10";"2024";"20:30";"3";"62";"62600";"1";"1";"3";"1";"D90";"50,51810313";"2,37106284"
"202400038098";"26";"08";"2024";"09:15";"1";"75";"75117";"2";"1";"1";"4";"BD PERIPHERIQUE INTERIEUR";"48,89931100";"2,31838000"
"202400038099";"19";"07";"2024";"04:45";"5";"93";"93008";"2";"9";"1";"3";"Avenue Henri Barbusse / Rue de la République";"48,90757988";"2,42576122"
"202400038100";"2";"10";"2024";"05:15";"5";"57";"57628";"2";"1";"2";"6";"Rue Jean Moulin";"48,99938400";"7,02508600"
"202400038101";"26";"08";"2024";"07:00";"1";"75";"75120";"2";"1";"1";"2";"BD PERIPHERIQUE EXTERIEUR";"48,84826300";"2,41494700"
"202400038102";"19";"07";"2024";"11:00";"1";"92";"92040";"2";"2";"1";"3";"AUGUSTE GERVAIS";"48,82307894";"2,27335221"
"202400038103";"30";"09";"2024";"08:30";"1";"51";"51193";"2";"2";"2";"3";"Rue Flaubert";"48,98963400";"4,51166900"
"202400038104";"25";"08";"2024";"20:35";"1";"75";"75116";"2";"1";"1";"2";"BD PERIPHERIQUE EXTERIEUR";"48,84408500";"2,25468100"
"202400038105";"30";"09";"2024";"18:58";"1";"19";"19190";"1";"1";"1";"1";"D93";"45,49542800";"2,41906300"
"202400038106";"18";"07";"2024";"14:20";"1";"92";"92036";"2";"3";"1";"3";"LOUIS ROCHE (AVENUE) (1/45)";"48,92971728";"2,30918249"
"202400038107";"26";"08";"2024";"01:38";"5";"75";"75115";"2";"2";"1";"3";"RUE DE LA CROIX NIVERT";"48,84000800";"2,29035700"
"202400038108";"1";"10";"2024";"16:55";"1";"56";"56113";"1";"2";"1";"3";"Rue des Hortensias";"48,07321900";" -3,19489200"
"202400038109";"19";"07";"2024";"01:53";"5";"92";"92024";"2";"2";"1";"3";"MARTRE (RUE) DE (59 A 109)   (58 A 120)";"48,90349237";"2,30579317"
"202400038110";"1";"10";"2024";"08:00";"2";"79";"79311";"1";"1";"3";"2";"N/A";"46,62964300";" -0,43450700"
"202400038111";"19";"07";"2024";"18:45";"1";"92";"92004";"2";"9";"1";"6";"VOLTAIRE ( BD 16 A FIN )";"48,91828725";"2,28338206"
"202400038112";"26";"08";"2024";"16:20";"1";"75";"75118";"2";"1";"1";"2";"BOULEVARD PERIPHERIQUE INTERIEUR";"48,90044500";"2,32874600"