"Num_Acc";"jour";"mois";"an";"hrmn";"lum";"dep";"com";"agg";"int";"atm";"col";"adr";"lat";"long"
"202400038113";"1";"10";"2024";"11:00";"1";100;100343";"2";"1";"1";"2";"DICEPPO - RT10";"42,49262900";"9,47418500"
"202400038114";"19";"07";"2024";"11:40";"1";"60";"60338";"1";"1";"1";"6";"D98";"49,34819200";"2,77140900"
"202400038115";"1";"10";"2024";"15:00";"1";"71";"71263";"2";"3";"3";"6";"Chemin des Salines";"46,63555900";"5,20807700"
"202400038116";"19";"07";"2024";"21:01";"1";"60";"60338";"1";"1";"1";"1";"D98";"49,35019100";"2,77013200"
"202400038117";"26";"08";"2024";"07:30";"1";"75";"75117";"2";"2";"1";"3";"BOULEVARD MALESHERBES";"48,88404900";"2,30872300"
"202400038118";"1";"10";"2024";"15:40";"1";"63";"63372";"1";"1";"2";"1";"pk 16 D224";"45,90500077";"3,29945064"
"202400038119";"26";"08";"2024";"05:00";"5";"75";"75115";"2";"1";"1";"6";"BOULEVARD DE GRENELLE";"48,84915900";"2,29811000"
"202400038120";"2";"10";"2024";"12:15";"1";"49";"49200";"2";"1";"1";"6";"Rue de Juigné";"47,52044700";" -0,66277900"
"202400038121";"25";"08";"2024";"21:42";"1";"75";"75108";"2";"2";"1";"6";"AVENUE DES CHAMPS ELYSEES";"48,87195500";"2,30037500"
"202400038122";"18";"06";"2024";"11:06";"1";"77";"77209";"2";"1";"1";"2";"PASTEUR  (RUE   )";"48,86000000";"2,69000000"
"202400038123";"1";"10";"2024";"22:20";"3";"12";"12182";"1";"2";"2";"5";"Ld OUNS";"44,43967100";"2,94635300"
"202400038124";"26";"08";"2024";"01:10";"5";"75";"75104";"2";"1";"1";"6";"QUAI DE L HOTEL DE VILLE";"48,85557000";"2,35207700"
"202400038125";"26";"08";"2024";"14:35";"1";"94";"94081";"2";"1";"1";"6";"Avenue de l'Abbé Roger Derry";"48,78991491";"2,39072992"
"202400038126";"18";"06";"2024";"11:00";"1";"76";"76351";"2";"3";"2";"3";"VALLEE (RUE DE LA)";"49,49775000";"0,15969000"
"202400038127";"1";"10";"2024";"17:00";"1";"46";"46228";"2";"4";"1";"6";"rue de la brasserie";"44,89910900";"1,81245400"
"202400038128";"26";"08";"2024";"17:03";"1";"94";"94058";"2";"1";"1";"3";"27bis Rue Henri Navarre";"48,83340500";"2,50225800"
"202400038129";"18";"06";"2024";"15:05";"1";"74";"74012";"2";"9";"1";"6";"FOSSARD (RUE DU)";"46,19730000";"6,24863000"
"202400038130";"1";"10";"2024";"20:20";"3";"68";"68139";"1";"1";"3";"1";"D432";"47,60718814";"7,22286007"
"202400038131";"26";"08";"2024";"15:10";"1";"93";"93070";"2";"1";"1";"6";"DOCTEUR BAUER(RUE DU) :N° 1 AU 73";"48,91047686";"2,33777816"
"202400038132";"18";"06";"2024";"13:55";"1";"73";"73065";"1";"4";"1";"2";"Av de la Boisse";"45,58373000";"5,90962000"
"202400038133";"26";"08";"2024";"18:30";"1";"93";"93066";"2";"3";"1";"6";"CITE GABRIEL PERI";"48,93854052";"2,35633517"
"202400038134";"1";"10";"2024";"18:15";"2";"39";"39526";"2";"2";"3";"3";"Avenue de Friesenheim";"47,04577900";"5,42270800"
"202400038135";"26";"08";"2024";"18:32";"1";"93";"93073";"2";"6";"1";"3";"Rue de l’Ile de France / Avenue Blaise Pascal";"48,93776011";"2,57407795"
"202400038136";"18";"06";"2024";"10:50";"1";"67";"67482";"2";"1";"1";"2";"SCHIRMECK (ROUTE DE)";"48,56911000";"7,71038000"
"202400038137";"2";"10";"2024";"14:50";"1";"29";"29259";"2";"1";"1";"1";"Rue de Kerivarch";"48,69159700";" -3,97764300"
"202400038138";"25";"08";"2024";"22:20";"5";"93";"93014";"2";"6";"1";"3";"Allée Romain Rolland / Allée Anatole France";"48,90450461";"2,55588833"
"202400038139";"17";"06";"2024";"17:00";"1";"67";"67043";"2";"3";"1";"3";"BISCHWILLER (ROUTE DE)";"48,61140000";"7,75130000"
"202400038140";"1";"10";"2024";"16:15";"1";"03";"03075";"1";"1";"3";"2";"RD987";"46,21977400";"3,12644200"
"202400038141";"30";"09";"2024";"13:30";"1";"03";"03239";"1";"1";"1";"7";"D 263 - PK 003+100";"46,43428900";"3,93662500"
"202400038142";"17";"06";"2024";"13:50";"1";"64";"64483";"2";"6";"1";"2";"ITHURRALDE ANDRE (AVENUE)";"43,39166000";" -1,65491000"
"202400038143";"26";"08";"2024";"16:15";"1";"93";"93001";"2";"1";"1";"2";"Rue de Saint-Denis";"48,92205396";"2,37329990"
"202400038144";"26";"08";"2024";"09:30";"1";"92";"92025";"2";"1";"1";"6";"PAUL BERT (RUE)";"48,92587000";"2,24717000"
"202400038145";"2";"10";"2024";"08:30";"1";"58";"58095";"1";"1";"1";"5";"Route de Moulins";"46,81222000";"3,44869900"
"202400038146";"18";"06";"2024";"16:20";"1";"64";"64445";"2";"6";"1";"3";"BIE MOULIE";"43,30172000";" -0,34470000"
"202400038147";"27";"08";"2024";"07:45";"1";"76";"76710";"1";"2";"7";"3";"Rue de la Hetraie";"49,66516400";"0,51426700"
"202400038148";"28";"09";"2024";"01:18";"3";"72";"72044";"1";"1";"8";"3";"D 12";"47,77697300";" -0,05008200"
"202400038149";"17";"06";"2024";"15:30";"1";"61";"61006";"2";"2";"1";"3";"Voie Communale";"48,74661500";" -0,02041800"
"202400038150";"27";"08";"2024";"07:35";"1";"974";"97415";"2";"3";"1";"3";"Rue Gabriel Martin";" -20,97749500";"55,32864600"
"202400038151";"1";"10";"2024";"23:30";"3";"14";"14500";"1";"1";"2";"6";"Route de Pont-l'Évêque";"49,26786100";"0,20322600"
"202400038152";"17";"06";"2024";"13:25";"1";"61";"61006";"2";"6";"1";"3";"D926";"48,74908700";" -0,01451000"
"202400038153";"27";"08";"2024";"05:55";"2";"69";"69287";"1";"1";"1";"5";"Rue de la Fraternite";"45,71978900";"5,05382100"
"202400038154";"2";"10";"2024";"17:25";"1";"50";"50273";"1";"4";"1";"3";"Route de Hotot - Coigny";"49,31505800";" -1,37299100"
"202400038155";"20";"08";"2024";"19:15";"1";"40";"40296";"1";"1";"1";"6";"Route de Bergeron";"43,71603619";" -1,39559984"
"202400038156";"18";"06";"2024";"09:05";"1";"59";"59599";"2";"1";"1";"3";"Avenue Gustave Dron";"50,71962300";"3,16187300"
"202400038157";"25";"08";"2024";"13:12";"1";"974";"97422";"2";"1";"1";"6";"138 Rue Hubert Delisle";" -21,28216400";"55,51915700"
"202400038158";"18";"06";"2024";"19:50";"1";"59";"59646";"2";"3";"2";"3";"SARTRE (AVENUE JEAN PAUL)";"50,67000000";"3,13187000"
"202400038159";"29";"09";"2024";"16:05";"1";"83";"83007";"1";"1";"1";"1";"RD 957 - PK 019+200";"43,66144500";"6,22637300"
"202400038160";"24";"08";"2024";"15:50";"1";"63";"63388";"1";"1";"2";"7";"D62";"46,00802374";"2,74998521"
"202400038161";"17";"06";"2024";"17:04";"1";"54";"54431";"1";"1";"1";"6";"D910B";"48,91735000";"6,04027000"
"202400038162";"1";"10";"2024";"18:45";"1";"40";"40117";"2";"1";"2";"7";"7bis Avenue de Mont-de-marsan";"43,77428600";" -0,43294100"
"202400038163";"17";"06";"2024";"18:15";"1";"54";"54547";"1";"1";"1";"6";"Boulevard Louis Barthou";"48,67142799";"6,18618250"
"202400038164";"27";"08";"2024";"01:00";"3";"19";"19274";"1";"1";"1";"2";"autoroute A 20";"45,19514890";"1,50008708"
"202400038165";"18";"06";"2024";"10:45";"1";"54";"54323";"2";"1";"1";"6";"Rue Mercy";"49,52370000";"5,76446000"
"202400038166";"26";"08";"2024";"16:15";"1";"30";"30221";"1";"1";"1";"7";"D976";"44,02272000";"4,74433400"
"202400038167";"1";"10";"2024";"14:00";"1";"30";"30062";"1";"3";"1";"3";"D40";"43,79210900";"4,20553500"
"202400038168";"20";"03";"2024";"09:00";"1";"87";"87001";"2";"1";"1";"6";"Avenue du Président Wilson";"45,79635600";"1,13430600"
"202400038169";"17";"06";"2024";"14:10";"1";"51";"51172";"2";"7";"1";"4";"ALSACE LORRAINE (BOULEVARD)";"49,21985700";"4,04081700"
"202400038170";"2";"10";"2024";"15:30";"1";"38";"38068";"1";"1";"1";"3";"N85";"45,09136345";"5,72427821"
"202400038171";"22";"08";"2024";"17:40";"1";"83";"83017";"1";"9";"1";"3";"1285 R 554";"43,25100939";"5,99659449"
"202400038172";"17";"06";"2024";"08:30";"1";"51";"51454";"2";"1";"1";"3";"BLUM (AVENUE LEON)";"49,22608000";"4,01089000"
"202400038173";"27";"08";"2024";"18:30";"1";"30";"30047";"1";"1";"1";"2";"D346 route de manduel";"43,80870300";"4,44097600"
"202400038174";"17";"06";"2024";"19:17";"1";"49";"49007";"2";"1";"1";"2";"LAC DE MAINE AVENUE";"47,46870000";" -0,58872000"
"202400038175";"26";"08";"2024";"20:02";"1";"91";"91534";"1";"1";"1";"7";"Route d?Orsay";"48,74341000";"2,16492900"
"202400038176";"17";"06";"2024";"14:15";"1";"49";"49007";"2";"1";"2";"1";"CARNOT";"47,47559000";" -0,54865000"
"202400038177";"18";"08";"2024";"11:45";"1";"56";"56032";"1";"1";"1";"6";"La Ville Morhan";"47,95116200";" -2,30629200"
"202400038178";"2";"10";"2024";"11:37";"1";"63";"63126";"1";"1";"1";"2";"A75";"45,69693478";"3,14807932"
"202400038179";"14";"06";"2024";"12:55";"1";"49";"49015";"2";"1";"1";"6";"VIOLETTE AVENUE DE LA";"47,50379000";" -0,57610000"
"202400038180";"25";"08";"2024";"16:45";"1";"56";"56259";"1";"1";"1";"3";"La Vieille Fontaine";"47,60515000";" -2,60217200"
"202400038181";"1";"10";"2024";"15:05";"1";"21";"21590";"1";"1";"3";"7";"A6";"47,05850500";"4,80442100"
"202400038182";"22";"08";"2024";"11:10";"1";"56";"56053";"2";"9";"7";"6";"Rue du Lurin";"47,73323700";" -2,59240900"
"202400038183";"2";"10";"2024";"07:10";"1";"59";"59244";"1";"1";"1";"2";"A2";"50,16605800";"3,17447500"
"202400038184";"18";"06";"2024";"07:50";"1";"45";"45234";"2";"1";"3";"1";"5 Rue Jean-Jacques Rousseau";"47,83899000";"1,93525000"
"202400038185";"26";"08";"2024";"20:00";"1";"76";"76380";"1";"3";"1";"7";"D152";"49,78657000";"0,98849100"
"202400038186";"2";"10";"2024";"07:15";"1";"971";"97134";"1";"1";"1";"6";"498 Chemin de Cousiniere";"16,04651200";" -61,74646000"
"202400038187";"26";"08";"2024";"15:50";"1";"80";"80373";"1";"1";"1";"1";"D1015";"50,00267800";"1,53311800"
"202400038188";"26";"09";"2024";"07:12";"2";"83";"83023";"1";"1";"1";"2";"DN 7";"43,39815700";"6,13260300"
"202400038189";"19";"06";"2024";"00:12";"5";"44";"44184";"2";"3";"1";"3";"15 Avenue de Penhoet";"47,29003000";" -2,19492000"
"202400038190";"26";"08";"2024";"19:50";"1";"65";"65460";"1";"1";"1";"6";"D934";"43,38509000";"0,09218200"
"202400038191";"20";"08";"2024";"17:40";"1";"11";"11003";"1";"3";"1";"6";"D626";"43,05003900";"2,14480200"
"202400038192";"17";"06";"2024";"14:00";"1";"42";"42237";"2";"1";"1";"6";"Rue des Aubépines";"45,45290000";"4,45150000"
"202400038193";"1";"10";"2024";"21:30";"3";"42";"42180";"1";"4";"3";"6";"Route de Curraize";"45,59068500";"4,14403400"
"202400038194";"25";"08";"2024";"17:05";"1";"63";"63246";"2";"3";"1";"7";"D88";"45,59694404";"2,73479640"
"202400038195";"2";"10";"2024";"16:45";"1";"26";"26220";"1";"1";"1";"3";"D94";"44,37100741";"5,15149355"
"202400038196";"15";"06";"2024";"20:50";"2";"40";"40192";"2";"2";"1";"3";"LARRIEU (BD JEAN)";"43,88834000";" -0,48899000"
"202400038197";"26";"08";"2024";"10:17";"1";"63";"63003";"2";"1";"1";"3";"8 Rue de Saint Pardoux";"45,55759120";"3,72788697"
"202400038198";"18";"06";"2024";"17:00";"1";"38";"38185";"2";"1";"1";"6";"LIBERATION ET DU GENERAL DE GAULLE (COUR";"45,17953000";"5,71603000"
"202400038199";"1";"10";"2024";"18:35";"1";"85";"85011";"2";"6";"1";"3";"RD948";"46,93896400";" -2,17438600"
"202400038200";"25";"08";"2024";"18:20";"1";"63";"63040";"1";"3";"1";"3";"Carrefour RD212-RD151";"45,72024800";"3,30508200"
"202400038201";"18";"06";"2024";"08:25";"1";"37";"37195";"1";"1";"8";"3";"RD 37";"47,37785870";"0,64990649"
"202400038202";"27";"08";"2024";"03:10";"3";"49";"49344";"1";"1";"1";"3";"D770";"47,63612000";" -0,67776700"
"202400038203";"17";"06";"2024";"15:50";"1";"37";"37261";"2";"1";"2";"2";"HEURTELOUP (BOULEVARD)";"47,39049000";"0,69158000"
"202400038204";"26";"08";"2024";"18:00";"1";"46";"46117";"2";"1";"1";"7";"Rue du Barry de la Font";"44,94215900";"1,87876900"
"202400038205";"18";"06";"2024";"17:40";"1";"35";"35238";"2";"1";"1";"6";"MITTERAND (MAIL FRANCOIS)";"48,10827176";" -1,69445604"
"202400038206";"26";"08";"2024";"20:20";"1";"47";"47054";"1";"1";"1";"7";"Pech de Mathiot";"44,42231800";"0,49286100"
"202400038207";"18";"06";"2024";"08:20";"1";"35";"35238";"2";"2";"2";"3";"VOLCLAIR (BD LOUIS)";"48,08827339";" -1,66760176"
"202400038208";"26";"08";"2024";"14:15";"1";"47";"47247";"1";"1";"1";"1";"2341 Route de la Sauvetat";"44,68149700";"0,31647400"
"202400038209";"1";"10";"2024";"22:48";"3";"22";"22136";"1";"1";"1";"7";"Kerguene";"48,20482000";" -2,73666900"
"202400038210";"18";"06";"2024";"10:35";"1";"34";"34108";"2";"3";"1";"1";"TERRES BLANCHES";"43,44606000";"3,74289000"
"202400038211";"15";"08";"2024";"23:50";"3";"34";"34150";"1";"1";"1";"5";"D612";"43,32822200";"3,55768200"
"202400038212";"18";"06";"2024";"09:50";"1";"34";"34301";"2";"1";"1";"6";"BALARUC (ROUTE DE)";"43,41361000";"3,69463000"
"202400038213";"2";"10";"2024";"11:45";"1";"60";"60341";"2";"6";"1";"4";"Route de Senlis";"49,09418854";"2,74637389"
"202400038214";"17";"06";"2024";"13:28";"1";"34";"34003";"2";"6";"1";"2";"MEDITERRANNEE (Rond point)";"43,29978000";"3,47831000"
"202400038215";"24";"08";"2024";"20:50";"3";"34";"34150";"1";"1";"8";"1";"D161";"43,37216500";"3,51936100"
"202400038216";"2";"10";"2024";"03:30";"3";"60";"60489";"1";"1";"3";"7";"Rue de Droizelles";"49,16244200";"2,83258400"
"202400038217";"18";"06";"2024";"17:30";"1";"33";"33063";"2";"1";"1";"6";"N/A";"44,87051000";" -0,56483000"
"202400038218";"2";"10";"2024";"14:50";"1";"60";"60116";"2";"9";"1";"1";"Rue Duvivier";"49,31854800";"2,32955200"
"202400038219";"1";"10";"2024";"00:20";"3";"60";"60524";"1";"1";"1";"1";"D 1016";"49,33019100";"2,43484500"
"202400038220";"27";"08";"2024";"15:45";"1";"22";"22340";"1";"4";"1";"6";"CHATEAU BLANC";"48,64817900";" -3,40632000"
"202400038221";"18";"06";"2024";"17:40";"1";"33";"33063";"2";"1";"1";"6";"N/A";"44,82860000";" -0,56266000"
"202400038222";"26";"08";"2024";"22:30";"3";"44";"44186";"1";"1";"1";"6";"N/A";"47,07929900";" -1,80547000"
"202400038223";"30";"09";"2024";"14:00";"1";"59";"59090";"1";"1";"2";"2";"AUTOROUTE A22";"50,71458000";"3,12343000"
"202400038224";"18";"06";"2024";"11:56";"1";"33";"33063";"2";"3";"1";"3";"N/A";"44,87422000";" -0,57165000"
"202400038225";"16";"06";"2024";"22:50";"5";"33";"33119";"2";"9";"1";"2";"N/A";"44,84596000";" -0,53538000"
"202400038226";"30";"09";"2024";"23:57";"3";"59";"59646";"1";"1";"1";"6";"AUTOROUTE A22";"50,66817000";"3,11343000"
"202400038227";"18";"06";"2024";"19:05";"1";"31";"31555";"2";"1";"1";"3";"AV DES ETATS UNIS";"43,65628887";"1,42125428"
"202400038228";"17";"06";"2024";"17:15";"1";"29";"29151";"2";"1";"2";"5";"N/A";"48,57068000";" -3,83538000"
"202400038229";"18";"06";"2024";"11:55";"1";"27";"27681";"2";"6";"2";"6";"EVREUX (PLACE D')";"49,09200000";"1,48209000"
"202400038230";"17";"06";"2024";"10:50";"1";"14";"14118";"2";"1";"1";"6";"18 Rue Docteur Tillaux";"49,18223000";" -0,38580000"
"202400038231";"2";"09";"2024";"07:47";"1";"59";"59560";"1";"1";"1";"4";"AUTOROUTE A1";"50,53545000";"3,04917000"
"202400038232";"18";"06";"2024";"08:30";"1";"13";"13103";"2";"1";"1";"1";"AVENUE DE LA PATROUILLE DE FRANCE-RN 538";"43,62937513";"5,10159558"
"202400038233";"17";"06";"2024";"15:10";"1";"13";"13004";"2";"1";"1";"3";"AV STALINGRAD";"43,68789000";"4,63575000"
"202400038234";"1";"10";"2024";"19:48";"1";"91";"91377";"1";"1";"1";"3";"AUTOROUTE A10";"48,72733000";"2,30346000"
"202400038235";"18";"06";"2024";"10:10";"1";"13";"13001";"2";"1";"1";"3";"ST VICTOIRE (AV)";"43,53199000";"5,45340000"
"202400038236";"18";"06";"2024";"14:00";"1";"11";"11069";"2";"2";"1";"3";"37 Av du Pdt Franklin Roosevelt";"43,21742000";"2,34599000"
"202400038237";"1";"10";"2024";"08:00";"1";"94";"94016";"1";"1";"1";"4";"A6B";"48,79212029";"2,34415015"
"202400038238";"17";"06";"2024";"19:15";"1";"06";"06027";"2";"1";"1";"5";"3 Rue Pasqualini";"43,66073000";"7,14909400"
"202400038239";"17";"06";"2024";"17:50";"1";"03";"03262";"1";"9";"1";"3";"C D 301";"46,37441000";"2,59237000"
"202400038240";"17";"06";"2024";"21:00";"2";"75";"75120";"2";"1";"2";"6";"PORTE DE BAGNOLET";"48,86258700";"2,41376700"
"202400038241";"30";"09";"2024";"21:09";"3";"77";"77251";"1";"1";"2";"2";"AUTOROUTE A5A";"48,62478000";"2,54078000"
"202400038242";"16";"06";"2024";"22:40";"5";"75";"75115";"2";"1";"1";"5";"BD PERIPHERIQUE INTERIEUR";"48,82618500";"2,29835800"
"202400038243";"30";"09";"2024";"08:15";"1";"78";"78208";"1";"1";"2";"3";"RN12 INT";"48,80001400";"1,98155400"
"202400038244";"18";"06";"2024";"07:41";"1";"75";"75119";"2";"2";"2";"3";"RUE DE BELLEVILLE";"48,87546600";"2,39792800"
"202400038245";"17";"06";"2024";"23:18";"5";"75";"75106";"2";"3";"1";"1";"RUE DE SEVRES";"48,84842400";"2,32055900"
"202400038246";"17";"06";"2024";"01:00";"5";"75";"75106";"2";"3";"1";"1";"BOULEVARD SAINT MICHEL";"48,85183100";"2,34339500"
"202400038247";"28";"09";"2024";"16:00";"1";"92";"92025";"1";"1";"1";"4";"A86";"48,92078048";"2,22548287"
"202400038248";"18";"06";"2024";"11:50";"1";"75";"75119";"2";"1";"1";"3";"RUE MANIN";"48,88274200";"2,38364200"
"202400038249";"30";"09";"2024";"22:00";"3";"95";"95527";"1";"1";"2";"2";"A3";"48,98274335";"2,50299847"
"202400038250";"18";"06";"2024";"22:30";"5";"75";"75117";"2";"5";"1";"6";"BOULEVARD GOUVION SAINT CYR";"48,88223400";"2,28629200"
"202400038251";"18";"06";"2024";"09:30";"1";"75";"75116";"2";"7";"2";"1";"PLACE CHARLES DE GAULLE";"48,87320900";"2,29467900"
"202400038252";"17";"06";"2024";"20:30";"1";"75";"75116";"2";"7";"1";"3";"PLACE CHARLES DE GAULLE";"48,87325400";"2,29461500"
"202400038253";"30";"09";"2024";"18:05";"1";"92";"92036";"1";"1";"1";"3";"AUTOROUTE A86";"48,93909226";"2,30366757"
"202400038254";"17";"06";"2024";"20:45";"2";"75";"75115";"2";"1";"1";"3";"RUE DE LA CROIX NIVERT";"48,83655300";"2,28955200"
"202400038255";"30";"09";"2024";"09:30";"1";"95";"95582";"1";"1";"1";"2";"A15";"48,96682579";"2,25512844"
"202400038256";"18";"06";"2024";"12:45";"1";"75";"75111";"2";"1";"8";"3";"RUE DU FAUBOURG SAINT ANTOINE";"48,85043500";"2,38230100"
"202400038257";"18";"06";"2024";"17:40";"1";"75";"75110";"2";"2";"1";"2";"RUE DE MAUBEUGE";"48,88012200";"2,35098100"
"202400038258";"29";"09";"2024";"19:00";"2";"95";"95154";"1";"1";"1";"6";"A1";"49,05237751";"2,54791499"
"202400038259";"18";"06";"2024";"09:55";"1";"75";"75108";"2";"2";"2";"3";"RUE LA BOETIE";"48,87369200";"2,31447500"
"202400038260";"27";"09";"2024";"18:15";"1";"95";"95365";"1";"1";"2";"5";"N104";"49,06570315";"2,40643838"
"202400038261";"18";"06";"2024";"09:20";"1";"75";"75108";"2";"2";"2";"3";"BOULEVARD DE COURCELLES";"48,88116900";"2,31533000"
"202400038262";"1";"10";"2024";"09:45";"1";"77";"77294";"1";"1";"1";"2";"A104";"48,96618569";"2,60685112"
"202400038263";"18";"06";"2024";"00:10";"5";"75";"75107";"2";"5";"1";"3";"BOULEVARD RASPAIL";"48,85606500";"2,32589400"
"202400038264";"17";"06";"2024";"11:39";"1";"75";"75107";"2";"7";"1";"3";"PLACE DE LA RESISTANCE";"48,86237200";"2,30179200"
"202400038265";"26";"04";"2024";"18:00";"1";"38";"38563";"2";"1";"1";"6";"GUILLON (BOULEVARD DU)";"45,36200000";"5,60140000"
"202400038266";"18";"06";"2024";"09:55";"1";"75";"75102";"2";"2";"2";"6";"RUE DE RICHELIEU";"48,86889000";"2,33853000"
"202400038267";"18";"06";"2024";"10:05";"1";"75";"75102";"2";"3";"2";"3";"RUE ETIENNE MARCEL";"48,86505100";"2,34405700"
"202400038268";"18";"06";"2024";"09:10";"1";"75";"75101";"2";"1";"2";"7";"VOIE GEORGES POMPIDOU";"48,85761200";"2,34486600"
"202400038269";"25";"04";"2024";"10:18";"1";"38";"38563";"2";"1";"1";"2";"PAVIOT (AVENUE DE)";"45,35230000";"5,59151000"
"202400038270";"18";"06";"2024";"17:19";"1";"94";"94081";"2";"1";"1";"6";"174 Rue Julian Grimau";"48,77918238";"2,37485790"
"202400038271";"1";"09";"2024";"13:53";"1";"06";"06088";"2";"3";"1";"6";"2 avenue Paul Dufourmantel";"43,71029100";"7,27083500"
"202400038272";"17";"06";"2024";"14:30";"1";"94";"94081";"2";"3";"1";"1";"Rue Mario Capra / Avenue Rabelais";"48,78330000";"2,38967000"
"202400038273";"17";"06";"2024";"20:00";"1";"94";"94068";"2";"3";"3";"3";"Boulevard de Champigny / Rue Boileau";"48,80868481";"2,50939925"
"202400038274";"9";"06";"2024";"22:30";"5";"974";"97416";"2";"9";"1";"3";"DAMBREVILLE (AVENUE DU DR.)";" -21,33957900";"55,49118000"
"202400038275";"18";"06";"2024";"09:15";"1";"94";"94046";"2";"1";"2";"6";"Avenue du Général Leclerc";"48,80924000";"2,43429000"
"202400038276";"25";"09";"2024";"08:20";"2";"44";"44190";"2";"1";"1";"3";"5 Avenue de Glinde";"47,21027060";" -1,49006583"
"202400038277";"18";"06";"2024";"19:00";"1";"94";"94038";"2";"1";"1";"6";"Rue Pierre Brossolette";"48,76785497";"2,32190117"
"202400038278";"18";"06";"2024";"13:00";"1";"94";"94018";"2";"1";"1";"6";"Quai de Bercy";"48,82124000";"2,40081000"
"202400038279";"19";"06";"2024";"16:05";"1";"14";"14530";"1";"6";"1";"7";"Route de Colombelles";"49,21591500";" -0,27704000"
"202400038280";"5";"11";"2024";"11:30";"1";"974";"97411";"1";"1";"1";"3";"BERNARD (RUE SAINT-)";" -20,89927000";"55,40097000"
"202400038281";"17";"06";"2024";"10:00";"1";"94";"94017";"2";"6";"1";"2";"Voie Sonia Delaunay / Avenue Maurice Thorez";"48,81176361";"2,53626452"
"202400038282";"4";"03";"2024";"20:00";"5";"14";"14665";"2";"2";"2";"6";"1 Rue Léopold Trébutien";"49,26341800";" -0,23015000"
"202400038283";"4";"11";"2024";"21:20";"5";"974";"97411";"2";"1";"1";"3";"GRIMAUD (EMILE)";" -20,89267000";"55,48340000"
"202400038284";"18";"06";"2024";"14:06";"1";"93";"93078";"2";"3";"1";"2";"Boulevard Robert Ballanger / Avenue Montcalm";"48,95394000";"2,53425000"
"202400038285";"3";"05";"2024";"21:20";"2";"50";"50197";"1";"1";"1";"1";"D9";"48,90992100";" -1,33375500"
"202400038286";"18";"06";"2024";"10:15";"1";"93";"93073";"2";"2";"1";"3";"Boulevard Robert Ballanger / Chemin du Loup";"48,96230000";"2,55917000"
"202400038287";"17";"06";"2024";"18:10";"1";"93";"93070";"2";"9";"1";"3";"Rue Charles Schmidt";"48,90385400";"2,33358600"
"202400038288";"4";"11";"2024";"16:50";"1";"69";"69387";"2";"1";"1";"3";"73 Avenue Berthelot";"45,74471000";"4,84334000"
"202400038289";"30";"09";"2024";"20:00";"5";"976";"97611";"2";"1";"2";"7";"passamanty-Sada ( rue de )";" -12,80000000";"45,20628800"
"202400038290";"15";"06";"2024";"23:32";"5";"93";"93066";"2";"3";"1";"1";"Rue de la Garenne / Rue du Plouich";"48,94321500";"2,38442800"
"202400038291";"30";"09";"2024";"09:50";"1";"974";"97416";"1";"1";"1";"6";"BASSIN PLAT(CHEMIN)";" -21,33513000";"55,50269000"
"202400038292";"17";"06";"2024";"09:30";"1";"93";"93063";"2";"1";"1";"5";"Rue de Paris";"48,89656704";"2,43161988"
"202400038293";"5";"11";"2024";"08:10";"1";"972";"97209";"2";"1";"1";"5";"BISHOP (Avenue Maurice)";"14,60615000";" -61,05830000"
"202400038294";"29";"09";"2024";"07:00";"1";"973";"97302";"2";"1";"1";"7";"RABAN (ROUTE DE)";"4,92360000";" -52,31247000"
"202400038295";"18";"06";"2024";"09:30";"1";"92";"92064";"2";"1";"2";"3";"GENERAL LECLERC";"48,84167735";"2,20709074"
"202400038296";"18";"06";"2024";"18:20";"1";"92";"92050";"2";"1";"1";"6";"VAILLANT COUTURIER PAUL RUE";"48,87803000";"2,21550000"
"202400038297";"5";"11";"2024";"08:30";"1";"971";"97101";"1";"1";"1";"2";"JEAN  IGNACE (RUE) ";"16,24821000";" -61,51902000"
"202400038298";"18";"06";"2024";"09:45";"1";"92";"92050";"2";"1";"1";"6";"JOLIOT CURIE F. ET IRENE AVENUE  N°PAIRS";"48,89129000";"2,20781000"
"202400038299";"1";"10";"2024";"00:01";"3";"69";"69387";"2";"2";"1";"3";"Avenue Berthelot";"45,74782000";"4,83350000"
"202400038300";"18";"06";"2024";"17:10";"1";"92";"92020";"2";"1";"1";"3";"VANVES BOULEVARD DE N° PAIRS";"48,80811000";"2,28437000"
"202400038301";"5";"11";"2024";"19:30";"3";101;101004";"2";"1";"1";"3";"#Route a Madunuccia#";"41,94785000";"8,77376000"
"202400038302";"30";"09";"2024";"18:20";"1";"69";"69388";"2";"1";"1";"2";"Boulevard des Etats-Unis";"45,73759330";"4,86120328"
"202400038303";"18";"06";"2024";"17:30";"1";"92";"92044";"2";"1";"1";"7";"ERNEST COGNACQ(RUE)";"48,89641011";"2,27683032"
"202400038304";"5";"11";"2024";"13:00";"1";101;101004";"2";"9";"1";"6";"#15 Route des Milelli#";"41,94062000";"8,73359000"
"202400038305";"18";"06";"2024";"07:35";"1";"92";"92036";"2";"1";"3";"4";"ARGENTEUIL (AVENUE D')";"48,93655696";"2,25960034"