"Num_Acc";"jour";"mois";"an";"hrmn";"lum";"dep";"com";"agg";"int";"atm";"col";"adr";"lat";"long"
"202400038520";"17";"06";"2024";"13:23";"1";100;100120";"1";"1";"1";"3";"11 - RT";"42,65650000";"9,44074000"
"202400038521";"28";"09";"2024";"22:45";"3";"89";"89306";"1";"1";"1";"6";"D606";"47,50206900";"3,88495400"
"202400038522";"5";"11";"2024";"06:54";"5";"75";"75112";"2";"3";"1";"6";"BOULEVARD DE BERCY";"48,83988000";"2,38229600"
"202400038523";"30";"09";"2024";"23:15";"5";"12";"12208";"2";"1";"1";"6";"300 Route de Couat";"43,94651100";"2,89195600"
"202400038524";"17";"06";"2024";"19:00";"1";"91";"91201";"2";"1";"2";"3";"AV DES LILAS";"48,68416000";"2,39215000"
"202400038525";"5";"11";"2024";"08:25";"2";"75";"75115";"2";"2";"8";"6";"RUE DU THEATRE";"48,84810900";"2,29013200"
"202400038526";"30";"09";"2024";"16:05";"1";"47";"47306";"1";"1";"1";"3";"550 route de lembrun";"44,38336400";"0,53853400"
"202400038527";"15";"06";"2024";"23:05";"5";"87";"87085";"2";"1";"1";"6";"BLANC LOUIS (BOULEVARD)";"45,82753000";"1,26056000"
"202400038528";"18";"09";"2024";"18:40";"1";"41";"41016";"1";"2";"2";"1";"D956";"47,30756800";"1,50622700"
"202400038529";"17";"06";"2024";"08:55";"1";"77";"77350";"1";"1";"1";"6";"DEPARTEMENTALE 1004";"48,75683000";"2,67221000"
"202400038530";"1";"10";"2024";"11:00";"1";"86";"86083";"2";"1";"3";"7";"D611";"46,48711300";"0,19063000"
"202400038531";"4";"11";"2024";"13:40";"1";"75";"75114";"2";"1";"1";"3";"RUE D ALESIA";"48,83138200";"2,31606800"
"202400038532";"16";"06";"2024";"21:30";"2";"77";"77251";"2";"1";"2";"3";"AV RENE CASSIN";"48,62924000";"2,56142000"
"202400038533";"30";"09";"2024";"18:15";"1";"25";"25320";"1";"1";"8";"1";"route départementale 9";"46,78092800";"6,29779500"
"202400038534";"17";"06";"2024";"19:30";"1";"77";"77449";"2";"1";"3";"6";"CRS DU DANUBE";"48,85507000";"2,77525000"
"202400038535";"16";"06";"2024";"02:10";"5";"76";"76351";"2";"1";"1";"6";"GUILLEMARD";"49,49814000";"0,09424000"
"202400038536";"23";"09";"2024";"13:53";"1";"29";"29068";"1";"1";"3";"6";"Route de Saint Thegonnec";"48,52056300";" -3,99878700"
"202400038537";"5";"11";"2024";"19:38";"5";"75";"75108";"2";"1";"1";"3";"RUE LA BOETIE";"48,87095900";"2,30627600"
"202400038538";"15";"06";"2024";"11:25";"1";"76";"76351";"2";"1";"1";"1";"POMMIERS (DES)";"49,51050000";"0,09010000"
"202400038539";"30";"09";"2024";"14:30";"1";"29";"29117";"1";"1";"1";"1";"Lieu Dit Keruzal";"48,56952717";" -4,56780195"
"202400038540";"15";"06";"2024";"17:50";"1";"76";"76270";"1";"1";"3";"2";"RD 6382";"49,52981000";"0,14645000"
"202400038541";"30";"09";"2024";"21:50";"3";"31";"31399";"1";"1";"1";"6";"Route de Toulouse";"43,34591200";"1,26284800"
"202400038542";"5";"11";"2024";"09:00";"1";"75";"75108";"2";"1";"1";"3";"RUE DE COURCELLES";"48,87442400";"2,30983100"
"202400038543";"16";"06";"2024";"17:15";"1";"72";"72181";"2";"2";"2";"3";"LATHAM HUBERT (RUE)";"47,96735000";"0,20677000"
"202400038544";"30";"09";"2024";"16:50";"1";"83";"83007";"2";"1";"1";"1";"109 Route de Verignon";"43,63233600";"6,22005900"
"202400038545";"30";"09";"2024";"18:00";"2";"64";"64160";"1";"1";"1";"1";"RD 932";"43,34872800";" -1,40828800"
"202400038546";"17";"06";"2024";"12:30";"1";"71";"71309";"2";"1";"1";"5";"CHANOINE LAFOREST (GRANDE RUE)";"46,78953000";"4,39613000"
"202400038547";"4";"11";"2024";"15:30";"1";"75";"75108";"2";"2";"1";"6";"RUE DE L ARCADE";"48,87330600";"2,32430300"
"202400038548";"30";"09";"2024";"19:20";"2";"18";"18054";"2";"1";"1";"3";"17 Route de Cornusse";"46,90033400";"2,74806500"
"202400038549";"16";"06";"2024";"01:35";"5";"69";"69259";"2";"3";"1";"6";"Boulevard Irène Joliot Curie";"45,71160000";"4,88130000"
"202400038550";"30";"09";"2024";"15:30";"1";"18";"18139";"1";"1";"1";"7";"N/A";"47,07529500";"3,01102600"
"202400038551";"17";"06";"2024";"15:15";"1";"69";"69091";"2";"1";"1";"6";"1 Quai Georges Lévy";"45,58620000";"4,77249000"
"202400038552";"1";"10";"2024";"10:00";"1";"36";"36088";"2";"6";"2";"7";"Rue d’Estienne d’Orves";"46,95348800";"1,99293500"
"202400038553";"4";"11";"2024";"12:00";"1";"75";"75103";"2";"7";"1";"3";"RUE DU TEMPLE";"48,86734400";"2,36337500"
"202400038554";"30";"09";"2024";"18:00";"1";"07";"07346";"2";"1";"1";"6";"Faubourg Saint Jacques";"44,48439000";"4,68551300"
"202400038555";"17";"06";"2024";"23:50";"5";"67";"67447";"2";"2";"1";"3";"PIERRE MENDES FRANCE (AVENUE)";"48,60311000";"7,75685000"
"202400038556";"3";"11";"2024";"20:14";"5";"75";"75101";"2";"2";"1";"3";"BOULEVARD DE SEBASTOPOL";"48,86007400";"2,34909800"
"202400038557";"11";"12";"2024";"01:00";"3";"38";"38185";"1";"1";"1";"2";"AUTOROUTE A 480";"45,17468493";"5,70210136"
"202400038558";"17";"06";"2024";"08:35";"1";"66";"66136";"2";"1";"1";"6";"Boulevard John-Fitzgerald Kennedy";"42,68977000";"2,90254000"
"202400038559";"11";"12";"2024";"13:25";"1";"35";"35238";"2";"9";"8";"3";"ROOSEVELT (BD FRANKLIN)";"48,09591000";" -1,66144000"
"202400038560";"4";"11";"2024";"14:45";"1";"94";"94068";"2";"2";"1";"1";"Boulevard des Corneilles";"48,78575600";"2,49215000"
"202400038561";"17";"06";"2024";"13:35";"1";"64";"64445";"2";"1";"1";"2";"PAIX";"43,32134000";" -0,35922000"
"202400038562";"11";"12";"2024";"08:00";"5";"35";"35051";"2";"1";"1";"6";"DOMLOUP (ROUTE DE)";"48,11377190";" -1,59081690"
"202400038563";"14";"06";"2024";"16:30";"1";"59";"59390";"2";"1";"1";"6";"D645";"50,33662000";"3,20395000"
"202400038564";"4";"11";"2024";"11:07";"1";"94";"94022";"2";"8";"1";"3";"Avenue Gambetta";"48,76440000";"2,40547000"
"202400038565";"11";"12";"2024";"08:10";"5";"35";"35238";"2";"4";"1";"3";"MONNAIE ( DE LA)";"48,11023000";" -1,68459000"
"202400038566";"5";"11";"2024";"08:50";"2";"94";"94017";"2";"1";"1";"6";"Rue de Verdun";"48,81563000";"2,49041000"
"202400038567";"11";"12";"2024";"18:20";"5";"34";"34129";"2";"1";"1";"5";"EUROPE (AVENUE DE L')";"43,57021000";"3,90184000"
"202400038568";"5";"11";"2024";"16:00";"1";"93";"93072";"2";"1";"1";"3";"ARISTIDE BRIAND (AVENUE) COTE DES N°1A87";"48,96299062";"2,37626553"
"202400038569";"10";"12";"2024";"13:55";"1";"34";"34032";"2";"1";"1";"7";"CLEMENCEAU GEORGES (AVENUE)";"43,35141000";"3,22367000"
"202400038570";"14";"06";"2024";"07:40";"1";"59";"59574";"2";"1";"1";"6";"FRANCE ANATOLE(RUE)";"50,36045000";"3,27352000"
"202400038571";"11";"12";"2024";"21:00";"5";"33";"33167";"2";"6";"1";"7";"N/A";"44,84331500";" -0,50377800"
"202400038572";"4";"11";"2024";"22:50";"5";"93";"93071";"2";"1";"1";"5";"BALLANGER ROBERT (AVENUE)";"48,93617042";"2,53136989"
"202400038573";"16";"06";"2024";"01:15";"3";"55";"55505";"2";"1";"1";"7";"CHEMINOTS (DES )";"49,17080000";"5,36120000"
"202400038574";"11";"12";"2024";"13:10";"1";"31";"31555";"2";"2";"8";"3";"CHE HENRI BESSEMER";"43,61821800";"1,42378700"
"202400038575";"5";"11";"2024";"09:30";"1";"93";"93070";"2";"1";"1";"3";"MICHELET (AVE) : DU 1 AU 103";"48,90473792";"2,34415948"
"202400038576";"16";"06";"2024";"21:45";"2";"54";"54395";"2";"2";"3";"6";"Avenue Général Leclerc";"48,68258352";"6,18424058"
"202400038577";"10";"12";"2024";"14:20";"1";"29";"29019";"2";"9";"1";"2";"rue Yves Collet";"48,38925700";" -4,48336700"
"202400038578";"5";"11";"2024";"17:32";"5";"93";"93055";"2";"1";"1";"6";"JEAN LOLIVE (AVENUE)(1/55 2/60)";"48,89266000";"2,41036000"
"202400038579";"15";"06";"2024";"15:00";"1";"54";"54304";"2";"1";"1";"6";"Avenue Pierre Curie";"48,67932000";"6,15698000"
"202400038580";"5";"11";"2024";"14:19";"1";"93";"93049";"2";"2";"8";"3";"MEAUX (CHEMIN)";"48,86415000";"2,51698000"
"202400038581";"11";"12";"2024";"07:50";"1";"25";"25056";"2";"1";"1";"6";"BREGILLE  PONT";"47,23838900";"6,03380500"
"202400038582";"5";"11";"2024";"06:30";"5";"93";"93010";"2";"2";"5";"3";"GALLIENI (AV.) DE 1 A 109";"48,90403505";"2,47063637"
"202400038583";"13";"06";"2024";"12:20";"1";"50";"50502";"2";"6";"1";"6";"TORTERON (rue)";"49,11448000";" -1,09794000"
"202400038584";"11";"12";"2024";"16:45";"1";"13";"13209";"2";"3";"1";"3";"AVENUE DE LATTRE DE TASSIGNY-RD 17-";"43,24596860";"5,41827118"
"202400038585";"16";"06";"2024";"13:25";"1";"49";"49007";"1";"1";"2";"3";"CHAMBRE AUX DENIERS RUE ET CHEM";"47,46571000";" -0,60307000"
"202400038586";"11";"12";"2024";"14:00";"1";"13";"13056";"2";"1";"1";"1";"KLEBER QUAI JEAN BAPTISTE";"43,40534886";"5,05658369"
"202400038587";"5";"11";"2024";"15:10";"1";"93";"93005";"2";"3";"1";"3";"EDGAR DEGAS (RUE)";"48,95676297";"2,49510890"
"202400038588";"11";"12";"2024";"19:02";"5";"13";"13206";"2";"1";"1";"3";"PRADO (AVENUE DU)";"43,28218000";"5,38594000"
"202400038589";"17";"06";"2024";"18:30";"1";"45";"45284";"2";"1";"1";"3";"114 Avenue Charles Péguy";"47,90596000";"1,95205000"
"202400038590";"5";"11";"2024";"07:15";"2";"92";"92073";"2";"9";"5";"2";"ROOSVELT (AVENUE FRANKLIN)";"48,87551093";"2,21805118"
"202400038591";"11";"12";"2024";"10:15";"1";"13";"13210";"2";"1";"1";"1";"L ARMEE D AFRIQUE (CHEMIN DE L')";"43,28632000";"5,41719000"
"202400038592";"17";"06";"2024";"09:40";"1";"45";"45068";"2";"1";"2";"4";"35 Rue Kléber";"48,00997500";"2,73831500"
"202400038593";"4";"11";"2024";"17:30";"5";"92";"92050";"2";"1";"1";"4";"QUENTIN JULES AVENUE";"48,89849898";"2,18423992"
"202400038594";"11";"12";"2024";"19:05";"5";"13";"13047";"2";"1";"1";"1";"BELLONS CHEMIN DES";"43,52752000";"4,95682000"
"202400038595";"17";"06";"2024";"10:50";"1";"43";"43157";"2";"9";"1";"6";"Avenue D 'Aiguilhe";"45,04740790";"3,88051061"
"202400038596";"9";"12";"2024";"14:40";"1";"75";"75118";"2";"1";"1";"7";"BD PERIPHERIQUE INTERIEUR ";"48,90108900";"2,35213200"
"202400038597";"4";"11";"2024";"11:50";"1";"92";"92036";"2";"1";"1";"6";"FOSSE BLANC (RUE DU) (1/145)";"48,92255845";"2,30640382"
"202400038598";"11";"12";"2024";"08:05";"2";"75";"75106";"2";"1";"2";"6";"RUE D ASSAS";"48,84553200";"2,33179100"
"202400038599";"16";"06";"2024";"19:00";"1";"37";"37261";"2";"9";"1";"6";"GRAMMONT (AVENUE DE)";"47,37858000";"0,69380000"
"202400038600";"5";"11";"2024";"18:40";"5";"92";"92023";"2";"1";"1";"6";"SCHNEIDER (AVENUE)";"48,80584006";"2,25738108"
"202400038601";"11";"12";"2024";"18:00";"5";"75";"75120";"2";"1";"1";"2";"BOULEVARD DAVOUT";"48,85705600";"2,40991500"
"202400038602";"5";"11";"2024";"13:35";"1";"92";"92012";"2";"1";"1";"7";"OUEST (RUE DE L')";"48,83729000";"2,24375000"
"202400038603";"17";"06";"2024";"20:35";"1";"35";"35278";"1";"1";"1";"6";"PORTE DE ST MALO";"48,14013000";" -1,69100000"
"202400038604";"5";"11";"2024";"19:45";"5";"92";"92002";"2";"1";"1";"6";"RAYMON ARON (AVENUE)";"48,76814000";"2,31085000"
"202400038605";"15";"06";"2024";"06:00";"2";"34";"34032";"2";"1";"1";"2";"VOIE DOMITIENNE (AVENUE DE LA)";"43,34809000";"3,24656000"
"202400038606";"17";"06";"2024";"19:05";"1";"32";"32013";"1";"1";"1";"7";"ROQUELAURE (CHEMIN DE)";"43,70508000";"0,60648000"
"202400038607";"1";"11";"2024";"15:00";"1";"33";"33218";"1";"2";"1";"3";"N/A";"45,07413400";" -0,16733200"
"202400038608";"11";"12";"2024";"08:25";"2";"75";"75117";"2";"3";"2";"6";"BOULEVARD DE COURCELLES";"48,87904800";"2,30232200"
"202400038609";"17";"06";"2024";"23:00";"5";"31";"31555";"2";"1";"1";"3";"REVEL (RTE DE) DU 2AU 306";"43,57190972";"1,49653116"
"202400038610";"5";"11";"2024";"13:05";"1";"24";"24521";"2";"1";"1";"6";"route de perigueux";"45,23177500";"0,86894500"
"202400038611";"5";"11";"2024";"16:00";"1";"09";"09268";"2";"1";"1";"3";"D3";"43,00449000";"1,13331900"
"202400038612";"10";"12";"2024";"08:25";"1";"75";"75114";"2";"2";"1";"6";"RUE RAYMOND LOSSERAND";"48,82886900";"2,30735300"
"202400038613";"4";"11";"2024";"17:00";"1";"63";"63026";"2";"1";"1";"6";"route des puys d'aydat";"45,68235600";"2,99909600"
"202400038614";"11";"12";"2024";"00:55";"5";"75";"75113";"2";"1";"2";"2";"BOULEVARD DU GENERAL JEAN SIMON";"48,82508000";"2,38026400"
"202400038615";"3";"11";"2024";"18:05";"3";"21";"21642";"1";"1";"1";"4";"A6";"47,49374800";"4,12598800"
"202400038616";"5";"11";"2024";"08:55";"1";"30";"30209";"1";"6";"1";"7";"D377";"43,97669600";"4,74781000"
"202400038617";"31";"10";"2024";"15:40";"1";"37";"37122";"1";"9";"1";"1";"m37";"47,34101100";"0,65077900"
"202400038618";"10";"12";"2024";"17:40";"5";"75";"75112";"2";"3";"2";"4";"PONT DE TOLBIAC";"48,83349100";"2,38209400"
"202400038619";"11";"12";"2024";"09:20";"1";"75";"75117";"2";"1";"2";"6";"BOULEVARD DU FORT DE VAUX";"48,89342500";"2,30424700"
"202400038620";"5";"11";"2024";"17:43";"3";"91";"91679";"1";"3";"1";"1";"Rue des Graviers";"48,73197700";"2,11079700"
"202400038621";"11";"12";"2024";"09:00";"1";"75";"75107";"2";"3";"2";"3";"BOULEVARD SAINT GERMAIN";"48,85695600";"2,32463300"
"202400038622";"11";"12";"2024";"09:05";"1";"94";"94028";"2";"1";"2";"3";"Rue Viet";"48,80157696";"2,44986963"
"202400038623";"11";"12";"2024";"07:00";"3";"94";"94011";"2";"1";"2";"3";"Route de Stains";"48,78143000";"2,49437000"
"202400038624";"6";"11";"2024";"06:30";"2";"59";"59074";"1";"1";"2";"1";"Rue de Busigny";"50,07863500";"3,44492700"
"202400038625";"11";"12";"2024";"18:45";"2";"94";"94019";"2";"3";"1";"6";"Avenue Georges";"48,79961298";"2,54020858"
"202400038626";"5";"11";"2024";"20:30";"3";"56";"56255";"2";"1";"5";"1";"Rue des Bruyères";"47,68617800";" -2,61609800"
"202400038627";"11";"12";"2024";"16:10";"1";"93";"93059";"2";"9";"1";"3";"LENINE (AVENUE) N°2A34 ET 1A43";"48,96085000";"2,35904000"
"202400038628";"11";"12";"2024";"07:25";"5";"93";"93071";"2";"1";"2";"6";"LUCIEN SPORTISS (RUE)";"48,93645736";"2,53293014"
"202400038629";"5";"11";"2024";"19:39";"3";"56";"56147";"1";"1";"5";"1";"Trelay";"47,54102000";" -2,26714300"
"202400038630";"9";"12";"2024";"05:25";"5";"93";"93066";"2";"1";"1";"2";"WILSON (AVENUE DU PRESIDENT)";"48,92610376";"2,35714048"
"202400038631";"11";"12";"2024";"19:30";"5";"93";"93053";"2";"1";"1";"3";"MERLAN (RUE DE) N° 1 A 31 - 2 A 50";"48,88978500";"2,46573200"
"202400038632";"11";"12";"2024";"06:30";"5";"93";"93063";"2";"1";"2";"1";"AVENUE GASTON ROUSSEL";"48,89404000";"2,43376000"
"202400038633";"6";"11";"2024";"05:50";"3";"59";"59189";"1";"1";"1";"2";"D933";"50,76681900";"2,58289500"
"202400038634";"10";"12";"2024";"17:40";"2";"93";"93027";"2";"1";"2";"3";"JOLLOIS (RUE)";"48,92152000";"2,38448000"
"202400038635";"11";"12";"2024";"22:55";"5";"93";"93001";"2";"1";"1";"3";"JEAN JAURES  (AVE)  157 A 213";"48,90959874";"2,39842042"
"202400038636";"11";"12";"2024";"18:21";"5";"93";"93001";"2";"1";"1";"6";"ANDRE KARMAN (RUE)  => 136/143";"48,91016539";"2,38500017"
"202400038637";"10";"12";"2024";"16:36";"2";"93";"93001";"2";"1";"2";"6";"VICTOR HUGO (AVE)  => 120";"48,91113075";"2,37932160"
"202400038638";"5";"11";"2024";"17:35";"5";"76";"76312";"2";"2";"1";"1";"N31";"49,48564600";"1,72711200"
"202400038639";"11";"12";"2024";"18:30";"5";"92";"92075";"2";"2";"1";"6";"BARBES (RUE)";"48,82290455";"2,29236737"
"202400038640";"6";"11";"2024";"13:50";"1";"71";"71013";"1";"2";"7";"3";"D373";"46,90697700";"5,29653400"
"202400038641";"11";"12";"2024";"17:29";"5";"92";"92046";"2";"2";"1";"3";"DOUZE FEVRIER 1934 (AVENUE DU)";"48,81955770";"2,30615571"
"202400038642";"11";"12";"2024";"18:27";"5";"92";"92026";"2";"9";"1";"1";"COLOMBES";"48,89892378";"2,25662783"
"202400038643";"2";"11";"2024";"09:20";"1";"71";"71340";"1";"3";"5";"3";"74 Route de Charolles";"46,53982300";"4,24533200"
"202400038644";"11";"12";"2024";"08:25";"1";"92";"92076";"2";"3";"2";"6";"CAZES";"48,83776829";"2,16421008"
"202400038645";"11";"12";"2024";"17:35";"5";"92";"92049";"2";"3";"1";"6";"VERDIER AVENUE N°1 A 23";"48,81485094";"2,31927618"
"202400038646";"6";"11";"2024";"08:00";"1";"49";"49308";"1";"1";"5";"1";"Route Départementale N°127 de St Melaine à Mûrs-Érigné";"47,39201600";" -0,51597100"
"202400038647";"5";"11";"2024";"17:45";"2";"12";"12254";"1";"1";"1";"1";"La Vayssière";"44,45334300";"2,57487800"
"202400038648";"10";"12";"2024";"20:50";"5";"92";"92049";"2";"3";"2";"1";"DORMOY AVENUE MARX N°102 A FIN";"48,81041511";"2,31111914"
"202400038649";"6";"11";"2024";"14:30";"1";"12";"12056";"1";"1";"1";"6";"N88";"44,29166200";"2,45099700"
"202400038650";"11";"12";"2024";"18:50";"5";"92";"92012";"2";"1";"1";"6";"ANATOLE FRANCE (BOULEVARD) 1/4BIS";"48,84911000";"2,24066000"
"202400038651";"5";"11";"2024";"18:45";"3";"29";"29039";"2";"1";"1";"3";"57 Rue Yves Trichard";"47,87869771";" -3,85294021"
"202400038652";"9";"12";"2024";"17:45";"3";"92";"92004";"2";"1";"2";"2";"DOCTEUR DERVAUX  ( QUAI DU )";"48,90698000";"2,29135000"
"202400038653";"11";"12";"2024";"11:45";"1";"92";"92014";"2";"1";"2";"6";"VICTOR HUGO (AVENUE)";"48,77694488";"2,31050380"
"202400038654";"6";"11";"2024";"01:15";"3";"02";"02445";"1";"1";"5";"6";"D31";"49,91897000";"3,94080900"
"202400038655";"7";"12";"2024";"20:20";"5";"67";"67535";"2";"1";"1";"1";"Rue Principale";"48,90965300";"7,42152800"
"202400038656";"5";"11";"2024";"20:30";"3";"58";"58215";"1";"1";"5";"6";"D243";"47,29442500";"2,93918600"
"202400038657";"5";"11";"2024";"07:20";"3";"72";"72109";"1";"1";"5";"1";"D304";"48,16170600";" -0,08630300"
"202400038658";"12";"12";"2024";"05:30";"2";"988";"98812";"2";"1";"1";"6";"parking piscine naturelle";" -20,57342200";"164,27598400"
"202400038659";"4";"11";"2024";"18:40";"5";"72";"72241";"2";"3";"1";"1";"7 Rue des Violettes";"48,05080800";"0,41863400"
"202400038660";"12";"12";"2024";"12:30";"1";"83";"83019";"1";"1";"1";"3";"3933 Avenue Lou Mistraou";"43,14882000";"6,31827800"
"202400038661";"3";"11";"2024";"19:10";"3";"36";"36010";"1";"1";"8";"6";"Le Grand Village";"46,84508700";"1,05066400"
"202400038662";"11";"12";"2024";"05:28";"5";"59";"59400";"2";"1";"1";"6";"110 rue du général DE GAULLE";"50,63745900";"2,64109600"
"202400038663";"6";"11";"2024";"18:00";"3";"21";"21054";"1";"1";"1";"1";"D113";"47,00006300";"4,85294200"
"202400038664";"12";"12";"2024";"19:50";"3";"67";"67420";"1";"1";"1";"1";"D1420";"48,50062100";"7,26319800"
"202400038665";"5";"11";"2024";"23:00";"3";"24";"24117";"2";"1";"5";"7";"457 Route des Pins";"45,09060000";"1,37658900"
"202400038666";"12";"12";"2024";"09:10";"1";"82";"82038";"2";"1";"1";"6";"Avenue du Père Evariste Huc";"44,23657600";"1,76949800"
"202400038667";"6";"11";"2024";"12:30";"1";"27";"27198";"2";"1";"5";"6";"24 rue de Bel Air";"48,86788500";"1,07346600"
"202400038668";"10";"12";"2024";"17:01";"5";"61";"61293";"2";"1";"2";"6";"VC";"48,52124800";"0,54479900"
"202400038669";"11";"12";"2024";"18:15";"3";"61";"61421";"1";"1";"1";"6";"149 Route de la Sélune";"48,56094500";" -0,77472200"
"202400038670";"4";"11";"2024";"19:30";"3";"37";"37021";"1";"3";"5";"5";"RD 766";"47,56359000";"0,62666100"
"202400038671";"12";"12";"2024";"07:35";"2";"12";"12208";"2";"1";"1";"6";"Avenue Jean Jaurès";"43,94956300";"2,89573700"
"202400038672";"6";"11";"2024";"05:45";"3";"13";"13044";"1";"3";"1";"3";"D69";"43,61994100";"5,03938800"
"202400038673";"4";"12";"2024";"14:00";"1";"34";"34106";"1";"1";"1";"1";"Route de Millau";"43,74631300";"3,33093300"
"202400038674";"11";"11";"2024";"21:30";"3";"25";"25328";"1";"9";"9";"1";"N83";"47,18481300";"5,96308700"
"202400038675";"6";"11";"2024";"12:55";"1";"974";"97408";"1";"1";"1";"7";"N1";" -20,89662400";"55,37570700"
"202400038676";"11";"12";"2024";"15:50";"1";"29";"29007";"2";"1";"1";"7";"Rue des Ecoliers";"48,40404600";" -3,75184400"
"202400038677";"6";"11";"2024";"06:25";"1";"973";"97306";"1";"1";"1";"1";"RN1 PK181";"5,53733268";" -53,51394367"
"202400038678";"12";"12";"2024";"15:00";"2";"02";"02379";"1";"2";"5";"1";"D946";"49,80672700";"3,66821600"
"202400038679";"12";"12";"2024";"03:20";"3";"03";"03021";"2";"1";"1";"6";"4 Les Lilas Rouzat";"46,13447900";"3,15195900"
"202400038680";"4";"11";"2024";"13:50";"1";"45";"45028";"2";"1";"1";"1";"D917 PR 0 + 639";"47,78157300";"1,62070300"
"202400038681";"12";"12";"2024";"07:40";"1";"26";"26115";"1";"9";"1";"2";"Route de Montelimar";"44,70679900";"5,00604500"
"202400038682";"5";"11";"2024";"09:45";"1";"77";"77235";"1";"2";"5";"5";"D3";"48,99287600";"3,06499200"
"202400038683";"12";"12";"2024";"07:57";"2";"14";"14592";"1";"3";"1";"3";"3 Route de Condé";"49,06876300";" -0,50516700"
"202400038684";"3";"11";"2024";"21:15";"5";"77";"77183";"2";"6";"1";"7";"D402";"48,94283300";"3,12763900"
"202400038685";"12";"12";"2024";"14:15";"1";"30";"30006";"1";"4";"1";"1";"D265";"43,67752000";"4,18971700"
"202400038686";"9";"10";"2024";"14:10";"1";"78";"78206";"1";"4";"3";"1";"RUE DE LA REPUBLIQUE";"48,95187400";"1,91287600"
"202400038687";"12";"12";"2024";"06:30";"4";"30";"30284";"2";"1";"1";"7";"Chemin de Bouzac";"44,15243300";"4,08776000"
"202400038688";"11";"12";"2024";"16:30";"1";"11";"11262";"1";"1";"1";"1";"N/A";"43,16452800";"3,13350700"
"202400038689";"5";"11";"2024";"20:45";"3";100;100298";"2";"9";"1";"3";"Route du pont de fer";"42,67950500";"9,30236800"
"202400038690";"6";"11";"2024";"17:20";"1";"83";"83042";"2";"3";"1";"3";"Avenue Saint Maur";"43,25631500";"6,52747200"
"202400038691";"10";"12";"2024";"16:55";"1";"13";"13049";"1";"1";"1";"3";"A7, PK 227+400 (direction LYON)";"43,68808043";"5,09617588"
"202400038692";"11";"12";"2024";"23:59";"3";"34";"34022";"1";"6";"1";"7";"NATIONALE 113";"43,65402500";"3,99541900"
"202400038693";"5";"11";"2024";"19:40";"5";"83";"83042";"2";"1";"1";"1";"43 Rue Marceau";"43,24829000";"6,53322300"
"202400038694";"6";"11";"2024";"12:45";"1";"13";"13027";"2";"1";"1";"2";"820 Boulevard Ernest Genevet";"43,88796800";"4,85530000"
"202400038695";"11";"12";"2024";"12:05";"1";"68";"68063";"2";"3";"1";"2";"Faubourg de Belfort";"47,79617500";"7,17283800"
"202400038696";"11";"12";"2024";"17:00";"5";"68";"68063";"2";"1";"1";"3";"3 Rue Gustave Eiffel";"47,80347800";"7,17161600"
"202400038697";"12";"12";"2024";"18:00";"3";"26";"26358";"1";"1";"1";"7";"Route de Montoison";"44,80402900";"4,96117500"
"202400038698";"12";"12";"2024";"07:30";"2";"60";"60668";"1";"1";"2";"4";"RD 149";"49,49887832";"2,08831644"
"202400038699";"4";"11";"2024";"15:45";"1";"33";"33551";"1";"1";"1";"3";"N/A";"45,07851000";" -0,63424100"
"202400038700";"7";"12";"2024";"21:35";"5";"59";"59481";"2";"3";"2";"6";"Avenue de la Gare";"50,25013100";"3,64483200"
"202400038701";"5";"11";"2024";"16:30";"1";"62";"62865";"2";"2";"1";"1";"RD39E1";"50,32598707";"2,98049819"
"202400038702";"10";"12";"2024";"17:19";"3";"59";"59466";"2";"4";"1";"3";"Rue Nationale";"50,52482886";"3,11151803"
"202400038703";"11";"12";"2024";"11:46";"1";"33";"33063";"1";"1";"1";"7";"N/A";"44,88590000";" -0,56265000"
"202400038704";"5";"11";"2024";"16:15";"1";"59";"59057";"1";"3";"2";"6";"Pont à Pierres";"50,21753300";"3,57403800"
"202400038705";"9";"12";"2024";"09:00";"1";"59";"59566";"1";"1";"1";"3";"AUTOROUTE A25";"50,61886000";"2,97683000"
"202400038706";"12";"11";"2024";"17:55";"3";"62";"62193";"1";"1";"1";"7";"A16";"50,93613762";"1,91011686"
"202400038707";"5";"11";"2024";"17:50";"4";"59";"59653";"1";"6";"2";"2";"RN 41";"50,58420400";"2,90795400"
"202400038708";"11";"12";"2024";"09:19";"1";"91";"91661";"1";"1";"1";"2";"AUTOROUTE A10";"48,69561000";"2,23474000"
"202400038709";"5";"11";"2024";"08:00";"5";"13";"13212";"1";"1";"1";"2";"A507 sens Marseille - Aubagne";"43,29927833";"5,42503621"
"202400038710";"11";"12";"2024";"07:45";"2";"91";"91521";"1";"1";"1";"4";"AUTOROUTE A6";"48,63324000";"2,40491000"
"202400038711";"2";"11";"2024";"21:05";"3";"69";"69266";"1";"1";"1";"3";"Boulevard Périphérique Laurent Bonnevay";"45,78240000";"4,89260000"
"202400038712";"11";"12";"2024";"08:50";"2";"95";"95582";"1";"1";"2";"2";"D170";"48,96495452";"2,27042670"
"202400038713";"5";"11";"2024";"22:55";"3";"33";"33448";"1";"1";"1";"2";"N/A";"44,72257600";" -0,52414300"
"202400038714";"10";"12";"2024";"18:35";"3";"92";"92036";"1";"1";"2";"1";"AUTOROUTE A15";"48,94647077";"2,28241919"
"202400038715";"5";"11";"2024";"14:34";"1";"33";"33550";"1";"1";"1";"2";"N/A";"44,78285100";" -0,54263200"
"202400038716";"10";"12";"2024";"01:45";"3";"95";"95252";"1";"1";"1";"6";"A15";"48,98772680";"2,20679706"
"202400038717";"4";"11";"2024";"01:00";"3";"33";"33162";"1";"1";"1";"6";"N/A";"44,86776700";" -0,64848400"
"202400038718";"9";"12";"2024";"21:50";"3";"93";"93005";"1";"1";"1";"2";"AUTOROUTE A3";"48,95082945";"2,47435630"
"202400038719";"5";"11";"2024";"02:37";"3";"59";"59403";"1";"1";"1";"6";"AUTOROUTE A23";"50,43422706";"3,37094847"
"202400038720";"9";"12";"2024";"08:10";"1";"95";"95563";"1";"1";"1";"7";"A115";"49,00983355";"2,23274879"
"202400038721";"9";"12";"2024";"07:50";"3";"95";"95572";"1";"1";"2";"7";"A15";"49,03189295";"2,11404154"
"202400038722";"9";"12";"2024";"05:30";"3";"93";"93066";"1";"1";"1";"7";"AUTOROUTE A1";"48,92974710";"2,36364986"
"202400038723";"14";"11";"2024";"17:15";"5";"44";"44109";"2";"1";"1";"3";"26 Boulevard René Cassin";"47,26295247";" -1,58130650"
"202400038724";"3";"11";"2024";"20:45";"3";"62";"62528";"1";"1";"1";"6";"A21";"50,45184855";"2,81266330"
"202400038725";"9";"11";"2024";"12:00";"1";"44";"44109";"2";"1";"1";"7";"16 Quai Henri Barbusse";"47,22553368";" -1,55299740"
"202400038726";"8";"11";"2024";"20:35";"5";"44";"44109";"2";"3";"1";"7";"1 Avenue des Epicéas";"47,24326037";" -1,50575778"
"202400038727";"4";"11";"2024";"19:00";"5";"92";"92064";"1";"1";"1";"2";"A13";"48,83937744";"2,21559763"
"202400038728";"8";"11";"2024";"10:59";"1";"44";"44109";"2";"2";"1";"3";"6 Place du Sanitat";"47,21021092";" -1,56849150"
"202400038729";"4";"11";"2024";"18:30";"5";"92";"92050";"1";"1";"1";"4";"A14";"48,90088275";"2,20692445"
"202400038730";"6";"11";"2024";"12:42";"1";"44";"44109";"2";"1";"1";"6";"21 allée d'Orléans";"47,21694009";" -1,55687612"
"202400038731";"28";"09";"2024";"17:20";"1";"50";"50267";"2";"1";"1";"3";"Rue des Tanguiers";"49,21225000";" -1,53042600"
"202400038732";"4";"11";"2024";"10:28";"1";"92";"92025";"1";"1";"1";"2";"A86";"48,93190121";"2,24684966"
"202400038733";"2";"12";"2024";"10:15";"1";"44";"44109";"2";"1";"1";"2";"69 Boulevard du Tertre";"47,21236559";" -1,60845404"
"202400038734";"4";"11";"2024";"22:20";"3";"77";"77372";"1";"1";"1";"6";"A104";"48,88154185";"2,66799400"
"202400038735";"26";"09";"2024";"08:15";"1";"91";"91179";"1";"3";"8";"1";"N7";"48,55779600";"2,49926600"
"202400038736";"4";"11";"2024";"08:30";"1";"94";"94017";"1";"1";"1";"2";"A4";"48,82716020";"2,51033987"
"202400038737";"20";"09";"2024";"15:30";"1";"91";"91405";"1";"6";"1";"3";"Rond point D837 / D1";"48,40115100";"2,45059000"
"202400038738";"4";"11";"2024";"08:10";"2";"94";"94052";"1";"1";"1";"2";"A86";"48,84723475";"2,49142262"
"202400038739";"28";"06";"2024";"04:30";"3";"73";"73236";"1";"1";"1";"6";"Route de la plaine";"45,61511808";"5,63754916"
"202400038740";"9";"12";"2024";"10:35";"1";"62";"62846";"2";"6";"8";"3";"D943";"50,47923000";"2,73482000"
"202400038741";"29";"03";"2024";"09:30";"1";"73";"73227";"2";"6";"8";"6";"Rue des tovets";"45,41541238";"6,63699299"
"202400038742";"15";"10";"2024";"12:20";"1";"82";"82121";"2";"1";"1";"7";"N/A";"44,02350800";"1,32431200"
"202400038743";"28";"06";"2024";"23:00";"3";"34";"34150";"2";"1";"1";"6";"Quai des batelliers";"43,32243600";"3,55083200"
"202400038744";"9";"07";"2024";"19:17";"1";"77";"77527";"1";"1";"1";"4";"N4";"48,68585000";"3,01580100"
"202400038745";"27";"07";"2024";"23:05";"2";"14";"14488";"2";"1";"1";"1";"32 Rue de l'Yser";"49,27537200";" -0,25249200"
"202400038746";"18";"08";"2024";"05:15";"5";"40";"40088";"2";"1";"1";"2";"ORTHEZ (ROUTE D')";"43,70329000";" -1,03366000"
"202400038747";"4";"11";"2024";"06:20";"1";"974";"97411";"2";"6";"1";"3";"JAURES (BOULEVARD JEAN)";" -20,90065000";"55,48722000"
"202400038748";"9";"12";"2024";"16:30";"1";"974";"97416";"1";"1";"1";"3";"RN3 (2)";" -21,32491000";"55,47429000"
"202400038749";"4";"11";"2024";"15:55";"1";"973";"97302";"2";"1";"1";"3";"MONTABO (ROUTE DE) 2";"4,94209000";" -52,30469000"
"202400038750";"9";"12";"2024";"12:10";"1";"974";"97407";"2";"9";"1";"1";"SACRE COEUR (RD POINT) -RIV. DES GALETS ";" -20,95533000";"55,31175000"
"202400038751";"5";"11";"2024";"20:15";"5";"69";"69383";"2";"1";"1";"6";"Boulevard Marius Vivier-Merle";"45,75717000";"4,85862000"
"202400038752";"9";"12";"2024";"22:08";"5";"973";"97302";"2";"9";"1";"3";"MONTABO (ROUTE DE) 3";"4,94161000";" -52,30389000"
"202400038753";"4";"11";"2024";"19:00";"5";"69";"69383";"2";"2";"1";"3";"Rue Paul Bert";"45,75701000";"4,85276000"
"202400038754";"9";"12";"2024";"18:20";"2";"973";"97302";"2";"2";"1";"6";"ZEPHIR (ROCADE)";"4,93053320";" -52,31337994"
"202400038755";"4";"11";"2024";"12:58";"1";"972";"97209";"2";"1";"1";"6";"VICTOR SEVERE (RUE)";"14,60597000";" -61,06970000"
"202400038756";"9";"12";"2024";"11:20";"1";"973";"97302";"2";"2";"1";"1";"CONSTANT CHLORE(RUE)";"4,93445000";" -52,32083000"
"202400038757";"4";"11";"2024";"20:47";"5";100;100037";"2";"9";"1";"6";"D 82";"42,62878000";"9,43746000"
"202400038758";"3";"11";"2024";"21:20";"4";"971";"97101";"1";"1";"1";"1";"BESSON";"16,23887609";" -61,50786996"
"202400038759";"10";"12";"2024";"05:00";"5";"69";"69386";"2";"2";"1";"3";"Rue des Emeraudes";"45,76903000";"4,86056000"
"202400038760";"9";"12";"2024";"21:53";"5";"972";"97213";"1";"1";"1";"6";"ROUTE DEPARTEMENTALE 13";"14,63192000";" -61,02440000"
"202400038761";"3";"11";"2024";"05:21";"2";"971";"97113";"1";"3";"1";"3";"RN4 - SECTION RIVIERA";"16,20900000";" -61,47091000"
"202400038762";"10";"12";"2024";"14:10";"1";"971";"97101";"1";"1";"1";"1";"ROUTE DE BOISVINS";"16,26199000";" -61,49325000"
"202400038763";"4";"11";"2024";"12:00";"1";"971";"97105";"2";"6";"1";"6";"BOLOGNE (ROUTE DE)";"16,00535000";" -61,73984000"
"202400038764";"10";"12";"2024";"08:00";"1";"971";"97101";"2";"9";"1";"6";"BAIMBRIDGE (ROUTE DE)";"16,24820000";" -61,52667000"