"Num_Acc";"jour";"mois";"an";"hrmn";"lum";"dep";"com";"agg";"int";"atm";"col";"adr";"lat";"long"
"202400038765";"4";"11";"2024";"09:00";"1";101;101004";"2";"1";"1";"2";"#Boulevard Abbe Recco#";"41,93731000";"8,73806000"
"202400038766";"10";"12";"2024";"18:08";"5";"95";"95555";"2";"6";"2";"6";"D109";"48,96515778";"2,28320742"
"202400038767";"9";"12";"2024";"17:15";"5";"95";"95218";"2";"1";"2";"6";"CHALLE POURPRE (LA)";"49,01957306";"2,10072666"
"202400038768";"4";"11";"2024";"08:40";"1";"95";"95563";"2";"2";"1";"3";"D502";"49,01351453";"2,23068138"
"202400038769";"10";"12";"2024";"08:10";"2";"91";"91161";"1";"1";"1";"6";"RUE HELENE BOUCHER";"48,71710300";"2,30431300"
"202400038770";"4";"11";"2024";"06:28";"5";"91";"91457";"2";"1";"1";"6";"RUE VICTOR HUGO";"48,58183000";"2,26131000"
"202400038771";"4";"11";"2024";"18:40";"3";"91";"91027";"2";"1";"1";"3";"BD DE PROVENCE";"48,70947000";"2,39912000"
"202400038772";"9";"12";"2024";"21:20";"5";"91";"91657";"2";"3";"1";"6";"AV HENRI BARBUSSE";"48,70056000";"2,42124000"
"202400038773";"31";"10";"2024";"12:09";"1";"87";"87114";"2";"1";"1";"6";"CARNOT (AVENUE PRESIDENT-SADI-)";"45,82864000";"1,29506000"
"202400038774";"10";"12";"2024";"13:00";"1";"91";"91228";"2";"1";"1";"6";"MONSEIGNEUR ROMERO (COURS) N° PAIR";"48,62294000";"2,42722000"
"202400038775";"31";"10";"2024";"09:22";"1";"87";"87085";"1";"1";"1";"2";"AUTOROUTE A20";"45,87405100";"1,28787400"
"202400038776";"6";"12";"2024";"14:04";"1";"87";"87085";"2";"1";"1";"3";"BERNARD LATHIERE (RUE)";"45,81051000";"1,27175000"
"202400038777";"6";"12";"2024";"10:30";"1";"85";"85194";"2";"1";"1";"3";"RD949";"46,51317550";" -1,77743520"
"202400038778";"4";"11";"2024";"13:30";"1";"83";"83090";"1";"1";"1";"1";"GORGES (ROUTE DES)";"43,15330000";"5,84505000"
"202400038779";"10";"12";"2024";"22:48";"5";"84";"84007";"2";"4";"1";"6";"C.DE GAULLE (ROCADE)";"43,94339000";"4,83333000"
"202400038780";"4";"11";"2024";"12:45";"1";"83";"83062";"2";"1";"1";"6";"BARBUSSE (AVENUE HENRI)";"43,13071000";"6,01597000"
"202400038781";"3";"11";"2024";"18:45";"3";"83";"83069";"1";"1";"1";"5";"PIERREFEU (ROUTE DE) RD 12";"43,20288181";"6,13569260"
"202400038782";"10";"12";"2024";"12:25";"1";"77";"77373";"1";"1";"1";"7";"D1004";"48,76987000";"2,63462000"
"202400038783";"4";"11";"2024";"13:50";"1";"78";"78403";"2";"1";"1";"2";"CHATEAUBRIAND (AVENUE)";"48,99775900";"1,88133300"
"202400038784";"9";"12";"2024";"09:40";"1";"77";"77114";"2";"1";"2";"6";"RD 471";"48,74066238";"2,70191266"
"202400038785";"4";"11";"2024";"21:40";"3";"78";"78423";"1";"1";"1";"6";"NATIONALE 10 (ROUTE)";"48,78167900";"2,02453000"
"202400038786";"10";"12";"2024";"18:10";"3";"77";"77276";"1";"1";"2";"4";"RD 360";"48,92091071";"2,88023472"
"202400038787";"9";"12";"2024";"18:20";"5";"77";"77284";"2";"1";"1";"6";"BOUVIN (AV.JEAN)";"48,95657000";"2,91156000"
"202400038788";"31";"10";"2024";"15:50";"2";"77";"77445";"2";"1";"1";"6";"D151";"48,58401000";"2,58093000"
"202400038789";"9";"12";"2024";"17:21";"5";"77";"77284";"2";"1";"2";"6";"BOUVIN (AV.JEAN)";"48,95327500";"2,91150300"
"202400038790";"3";"11";"2024";"01:56";"3";"77";"77122";"2";"1";"1";"6";"RUE SERMONOISE";"48,66269000";"2,57059000"
"202400038791";"10";"12";"2024";"08:10";"1";"77";"77048";"1";"1";"1";"6";"D 607";"48,32662000";"2,68753000"
"202400038792";"4";"11";"2024";"16:30";"1";"77";"77143";"2";"1";"1";"6";"EMILE ZOLA (RUE)";"48,97614426";"2,86961697"
"202400038793";"8";"12";"2024";"21:05";"5";"76";"76484";"2";"1";"2";"6";"Avenue d'Anderten";"49,35097725";"1,09175545"
"202400038794";"4";"11";"2024";"08:40";"1";"77";"77237";"2";"2";"1";"3";"TOURNAN (ROUTE DE )";"48,83803000";"2,75296000"
"202400038795";"9";"12";"2024";"11:27";"1";"76";"76351";"2";"3";"1";"6";"AUGUSTIN NORMAND";"49,49227000";"0,09777000"
"202400038796";"4";"11";"2024";"13:50";"1";"76";"76157";"1";"1";"1";"6";"Route de Sahurs";"49,41941000";"0,98561000"
"202400038797";"9";"12";"2024";"17:40";"3";"73";"73065";"1";"1";"1";"2";"N201";"45,58491000";"5,90809000"
"202400038798";"3";"11";"2024";"04:20";"5";"76";"76351";"2";"1";"1";"6";"PIERRE MENDES FRANCE";"49,51241000";"0,14778000"
"202400038799";"8";"12";"2024";"15:45";"1";"69";"69276";"1";"6";"2";"3";"Route de Lyon";"45,68677000";"4,86153000"
"202400038800";"31";"10";"2024";"18:20";"2";"76";"76351";"2";"3";"1";"6";"Quai de Southampton";"49,48625000";"0,11028000"
"202400038801";"10";"12";"2024";"17:05";"5";"67";"67482";"2";"2";"1";"6";"SCHOEPFLIN (QUAI)";"48,58698347";"7,74873555"
"202400038802";"10";"12";"2024";"01:45";"5";"67";"67482";"2";"1";"1";"3";"ALSACE (AVENUE D )";"48,58703000";"7,75988000"
"202400038803";"4";"11";"2024";"11:15";"1";"73";"73065";"2";"2";"1";"3";"GAMBETTA LEON (BOULEVARD)";"45,57335097";"5,91548815"
"202400038804";"9";"12";"2024";"11:47";"1";"67";"67482";"2";"9";"8";"6";"ORANGERIE (BOULEVARD DE L )";"48,58979000";"7,77538000"
"202400038805";"4";"11";"2024";"07:55";"1";"72";"72181";"2";"1";"1";"2";"DURAND GEORGES (AV) N° IMP 199 AU N° 311";"47,97540000";"0,21516000"
"202400038806";"9";"12";"2024";"11:10";"1";"67";"67482";"2";"1";"8";"7";"GROSSROETHIG (CHEMIN DU)";"48,57375000";"7,70587000"
"202400038807";"3";"11";"2024";"13:20";"1";"69";"69259";"2";"3";"1";"6";"8 Avenue du 8 Mai 1945";"45,69280000";"4,87050000"
"202400038808";"9";"12";"2024";"14:52";"1";"67";"67180";"1";"1";"1";"1";"RD 27";"48,83643000";"7,78967000"
"202400038809";"2";"11";"2024";"21:10";"5";"68";"68224";"2";"2";"1";"3";"SCHUMAN (AVENUE ROBERT)";"47,75256000";"7,34304000"
"202400038810";"9";"12";"2024";"17:50";"4";"64";"64260";"2";"1";"2";"3";"SAINT JACQUES (ACCES AU PONT)";"43,35031000";" -1,78348000"
"202400038811";"10";"12";"2024";"09:15";"1";"64";"64348";"2";"1";"8";"7";"MARTYRS DU PONT LONG DES";"43,34779000";" -0,38001000"
"202400038812";"1";"11";"2024";"03:20";"4";"65";"65047";"2";"2";"1";"2";"Avenue Jean Jaurès";"43,24293796";"0,09562719"
"202400038813";"4";"11";"2024";"18:00";"1";"64";"64102";"2";"1";"1";"3";"SABALCE (CHEMIN DE)";"43,49340000";" -1,49140000"
"202400038814";"9";"12";"2024";"18:15";"3";"64";"64269";"2";"1";"2";"4";"BIGORRE";"43,29708700";" -0,30857700"
"202400038815";"4";"11";"2024";"16:45";"1";"64";"64024";"2";"1";"1";"4";"BAB (BOULEVARD DU)";"43,49379000";" -1,52365000"
"202400038816";"9";"12";"2024";"07:20";"5";"64";"64445";"2";"6";"2";"3";"YITZHAK RABIN";"43,30636751";" -0,33303648"
"202400038817";"10";"12";"2024";"06:50";"2";"64";"64102";"2";"1";"1";"7";"PAUL PRAS (AVENUE)";"43,48560000";" -1,47615000"
"202400038818";"4";"11";"2024";"16:17";"1";"62";"62250";"2";"1";"1";"6";"Rue Urianne Sorriaux";"50,45922000";"2,94556000"
"202400038819";"3";"11";"2024";"00:25";"5";"62";"62724";"2";"1";"1";"7";"Rue Pablo Picasso";"50,39834000";"2,91567000"
"202400038820";"10";"12";"2024";"07:30";"2";"63";"63113";"2";"3";"1";"6";"rue de Chalonnax / rue de la Fontaine du Large";"45,79218000";"3,09171000"
"202400038821";"1";"11";"2024";"05:45";"5";"62";"62753";"2";"1";"2";"6";"D258";"50,29737000";"2,82081000"
"202400038822";"10";"12";"2024";"14:05";"1";"60";"60159";"1";"1";"1";"6";"Carrefour de Mercières";"49,39316223";"2,79018626"
"202400038823";"4";"11";"2024";"07:40";"2";"59";"59508";"1";"9";"5";"2";"BILLEMONT (RUE)";"50,75721900";"3,12715000"
"202400038824";"9";"12";"2024";"10:30";"1";"59";"59350";"2";"1";"1";" -1";"Avenue Oscar Lambret";"50,61456000";"3,03574000"
"202400038825";"4";"11";"2024";"15:45";"1";"59";"59512";"2";"1";"1";"6";"ALMA (RUE DE L')";"50,69996000";"3,16946000"
"202400038826";"10";"12";"2024";"14:10";"1";"56";"56260";"2";"1";"1";"3";"Boulevard de la Paix";"47,66080000";" -2,75414000"
"202400038827";"3";"11";"2024";"03:40";"3";"57";"57672";"1";"1";"1";"6";"OEUTRANGE (ROUTE D')";"49,39841900";"6,12390300"
"202400038828";"3";"11";"2024";"17:50";"2";"56";"56083";"1";"1";"1";"6";"Villeneuve Saint-Caradec";"47,82219000";" -3,28944000"
"202400038829";"9";"12";"2024";"14:00";"1";"56";"56098";"2";"6";"2";"5";"Rue Daniel-Charles Trudaine";"47,77431700";" -3,33825000"
"202400038830";"4";"11";"2024";"16:35";"1";"54";"54159";"2";"1";"1";"6";"Avenue du Général Leclerc";"48,61986000";"6,35104000"
"202400038831";"6";"12";"2024";"07:49";"5";"56";"56121";"2";"1";"1";"2";"Pont des Indes";"47,75741900";" -3,35489970"
"202400038832";"1";"11";"2024";"08:55";"1";"49";"49099";"1";"1";"5";"1";"RD 157";"46,98538000";" -0,85591000"
"202400038833";"9";"12";"2024";"19:45";"5";"54";"54184";"2";"2";"1";"6";"avenue de Brigachtal";"48,70054658";"6,22472718"
"202400038834";"9";"12";"2024";"08:05";"2";"54";"54547";"2";"2";"8";"6";"Rue du Doyen Jacques Parisot";"48,65380936";"6,15230352"
"202400038835";"10";"12";"2024";"15:45";"1";"51";"51454";"2";"1";"1";"3";"CESAR (BOULEVARD JULES) COTE IMPAIR";"49,26459100";"4,03124800"
"202400038836";"7";"12";"2024";"18:05";"2";"51";"51454";"2";"1";"2";"6";"NICE (RUE DE)";"49,25973000";"4,06294000"
"202400038837";"6";"12";"2024";"15:50";"1";"50";"50129";"2";"1";"1";"6";"FONTAINE (PLACE DE LA)";"49,63989000";" -1,62581000"
"202400038838";"9";"12";"2024";"17:40";"4";"49";"49328";"2";"2";"1";"3";"FUSILLES (AVENUE DES) N 147";"47,27854965";" -0,05688429"
"202400038839";"9";"12";"2024";"10:20";"1";"49";"49246";"2";"1";"1";"3";"EUROPE AVENUE";"47,43705000";" -0,53127000"
"202400038840";"10";"12";"2024";"17:50";"5";"45";"45234";"2";"1";"2";"3";"162 Rue du Faubourg Bannier";"47,91840000";"1,89850000"
"202400038841";"12";"11";"2024";"17:40";"5";"42";"42218";"2";"1";"2";"6";"Boulevard Normandie Niemen";"45,43609000";"4,41462000"
"202400038842";"10";"12";"2024";"09:40";"1";"35";"35051";"2";"1";"1";"6";"LA RIGOURDIERE";"48,11429000";" -1,59308000"
"202400038843";"10";"12";"2024";"08:00";"2";"35";"35238";"1";"1";"1";"2";"RN 12";"48,12582100";" -1,71896600"
"202400038844";"5";"12";"2024";"19:10";"5";"30";"30189";"2";"2";"1";"1";"SAUVE (ROUTE)";"43,84014000";"4,31940000"
"202400038845";"10";"12";"2024";"23:25";"5";"23";"23096";"2";"6";"1";"6";"BERRY (AVENUE)";"46,17763892";"1,87755541"
"202400038846";"9";"12";"2024";"07:02";"3";"18";"18033";"1";"1";"1";"5";"N/A";"47,08248000";"2,46066000"
"202400038847";"9";"12";"2024";"16:42";"1";"16";"16166";"2";"1";"1";"6";"JUIN (AVENUE DU MARECHAL)";"45,66648000";"0,18092000"
"202400038848";"10";"12";"2024";"11:08";"1";"13";"13039";"1";"1";"1";"1";"RN 268";"43,46242000";"4,83834000"
"202400038849";"10";"12";"2024";"22:00";"5";"13";"13212";"2";"1";"1";"2";"JEAN RAMEAU (RUE)";"43,30827700";"5,41864535"
"202400038850";"9";"12";"2024";"16:45";"1";"13";"13001";"2";"1";"1";"3";"LEDOUX CLAUDE NICOLAS (RUE)";"43,47191000";"5,40082000"
"202400038851";"6";"12";"2024";"01:15";"5";"07";"07102";"2";"1";"1";"7";"REPUBLIQUE (AV.DE LA) [DU N° AU N°]";"44,93916000";"4,86696000"
"202400038852";"10";"12";"2024";"16:33";"1";"03";"03190";"2";"1";"1";"3";"Route de Lyon";"46,55240000";"3,33756000"
"202400038853";"10";"12";"2024";"18:00";"5";"75";"75115";"2";"1";"2";"3";"BD PERIPHERIQUE INTERIEUR";"48,83105300";"2,28412600"
"202400038854";"10";"12";"2024";"18:30";"5";"75";"75112";"2";"1";"1";"3";"BD PERIPHERIQUE INTERIEUR ";"48,82911000";"2,39997100"
"202400038855";"9";"12";"2024";"21:30";"5";"75";"75118";"2";"1";"1";"6";"BD PERIPHERIQUE EXTERIEUR ";"48,90088700";"2,36297400"
"202400038856";"9";"12";"2024";"17:49";"5";"75";"75116";"2";"1";"2";"2";"BD PERIPHERIQUE INTERIEUR";"48,85453900";"2,25492300"
"202400038857";"9";"12";"2024";"15:29";"1";"75";"75109";"2";"3";"8";"6";"RUE SAINT LAZARE";"48,87549900";"2,32661300"
"202400038858";"10";"12";"2024";"22:00";"5";"75";"75120";"2";"2";"2";"1";"RUE DES PYRENEES";"48,85270000";"2,40613500"
"202400038859";"10";"12";"2024";"18:15";"5";"75";"75120";"2";"2";"2";"6";"RUE DES HAIES";"48,85297000";"2,40082100"
"202400038860";"10";"12";"2024";"16:30";"5";"75";"75120";"2";"2";"2";"3";"RUE BELGRAND";"48,86481000";"2,40131000"
"202400038861";"10";"12";"2024";"12:47";"1";"75";"75119";"2";"3";"1";"6";"RUE DE L OURCQ";"48,88933900";"2,38374700"
"202400038862";"10";"12";"2024";"18:00";"5";"75";"75118";"2";"3";"2";"2";"RUE DES POISSONNIERS";"48,89372300";"2,35278800"
"202400038863";"9";"12";"2024";"14:00";"1";"75";"75118";"2";"1";"1";"6";"RUE CAUCHOIS";"48,88523000";"2,33288100"
"202400038864";"6";"12";"2024";"05:00";"5";"75";"75117";"2";"3";"1";"3";"ECHANGEUR CLICHY";"48,89640200";"2,31032600"
"202400038865";"9";"12";"2024";"17:00";"2";"75";"75115";"2";"1";"2";"2";"QUAI ANDRE CITROEN";"48,84008600";"2,27099600"
"202400038866";"9";"12";"2024";"18:45";"5";"75";"75114";"2";"3";"9";"3";"RUE D ALESIA";"48,82689800";"2,33863900"
"202400038867";"9";"12";"2024";"15:15";"1";"75";"75113";"2";"2";"1";"3";"RUE DE TOLBIAC";"48,82566400";"2,34721900"
"202400038868";"10";"12";"2024";"11:20";"1";"75";"75112";"2";"1";"1";"6";"BOULEVARD DE REUILLY";"48,83921400";"2,39243700"
"202400038869";"10";"12";"2024";"16:40";"1";"75";"75111";"2";"3";"2";"6";"CITE DE LA ROQUETTE";"48,85520400";"2,37377500"
"202400038870";"10";"12";"2024";"18:50";"5";"75";"75110";"2";"1";"2";"3";"RUE DU FAUBOURG SAINT MARTIN";"48,87849000";"2,36208100"
"202400038871";"10";"12";"2024";"12:10";"1";"75";"75110";"2";"2";"8";"7";"RUE DU CHATEAU LANDON";"48,88072187";"2,36244375"
"202400038872";"10";"12";"2024";"19:20";"5";"75";"75109";"2";"1";"2";"6";"BOULEVARD HAUSSMANN";"48,87250700";"2,33664900"
"202400038873";"10";"12";"2024";"08:26";"1";"75";"75109";"2";"3";"2";"3";"RUE SAINT LAZARE";"48,87573700";"2,32778700"
"202400038874";"10";"12";"2024";"12:30";"1";"75";"75108";"2";"7";"1";"2";"BOULEVARD DE COURCELLES";"48,88051400";"2,30974300"
"202400038875";"10";"12";"2024";"08:40";"1";"75";"75108";"2";"7";"1";"3";"COURS LA REINE";"48,86494144";"2,31071493"
"202400038876";"10";"12";"2024";"18:50";"5";"75";"75107";"2";"3";"2";"2";"QUAI D ORSAY";"48,86234900";"2,30964400"
"202400038877";"10";"12";"2024";"17:45";"1";"75";"75107";"2";"7";"2";"6";"RUE DE GRENELLE";"48,85808400";"2,31106200"
"202400038878";"10";"12";"2024";"11:59";"1";"75";"75107";"2";"1";"2";"6";"QUAI BRANLY";"48,85877000";"2,29267000"
"202400038879";"10";"12";"2024";"09:20";"1";"94";"94078";"2";"1";"1";"2";"Av de l’Appel du 18 Juin 1940";"48,75714000";"2,44378000"
"202400038880";"18";"11";"2024";"16:20";"2";"94";"94042";"2";"1";"2";"6";"Avenue du President Kennedy";"48,81527800";"2,46380600"
"202400038881";"9";"12";"2024";"17:10";"5";"94";"94046";"2";"2";"2";"3";"Avenue de la République";"48,80780000";"2,44801900"
"202400038882";"10";"12";"2024";"18:20";"5";"94";"94041";"2";"1";"2";"6";"Avenue Georges Gosnat";"48,81145000";"2,38405000"
"202400038883";"8";"12";"2024";"12:40";"1";"94";"94011";"2";"9";"2";"3";"Avenue du Bicentenaire 1789 1989";"48,76508700";"2,48872700"
"202400038884";"10";"12";"2024";"18:40";"5";"94";"94018";"2";"3";"8";"6";"Rue de l’Herault";"48,82343000";"2,39882000"
"202400038885";"10";"12";"2024";"09:00";"1";"94";"94071";"2";"6";"2";"3";"Rue de Lesigny";"48,76342731";"2,53631964"
"202400038886";"10";"12";"2024";"16:45";"2";"93";"93072";"2";"1";"1";"6";"JEAN DURAND (RUE) COTE DES N°2 AU 148";"48,95301000";"2,37078000"
"202400038887";"10";"12";"2024";"09:05";"1";"93";"93072";"2";"1";"1";"6";"JEAN DURAND (RUE) COTE DES N°2 AU 148";"48,95301000";"2,37082000"
"202400038888";"10";"12";"2024";"19:00";"5";"93";"93029";"2";"1";"2";"3";"HENRI LANGLOIS";"48,91338400";"2,45090500"
"202400038889";"14";"01";"2024";"12:05";"1";"94";"94046";"2";"1";"8";"6";"Avenue du Professeur Cadiot";"48,80350000";"2,43300000"
"202400038890";"14";"01";"2024";"06:30";"5";"94";"94076";"2";"4";"1";"3";"Avenue de Paris";"48,80274800";"2,36436600"
"202400038891";"14";"01";"2024";"21:10";"5";"94";"94081";"2";"8";"1";"3";"Avenue de l'Abbé Roger Derry / Avenue Youri Gagarine";"48,78946000";"2,38911000"
"202400038892";"14";"01";"2024";"18:15";"5";"94";"94022";"2";"3";"1";"3";"Avenue Anatole France / Quai Fernand Dupuy";"48,76468300";"2,40984900"
"202400038893";"14";"01";"2024";"19:20";"5";"93";"93071";"2";"2";"1";"2";"Allee de Villenaut / Allee des Peupliers";"48,93080000";"2,51614000"
"202400038894";"13";"01";"2024";"21:20";"5";"93";"93066";"2";"2";"8";"3";"Quai de Seine / Rue Paul Éluard";"48,94158972";"2,34179109"
"202400038895";"14";"01";"2024";"18:30";"5";"93";"93050";"2";"3";"1";"3";"Rue Paul Vaillant Couturier / Avenue Pascal";"48,87028000";"2,55477000"
"202400038896";"14";"01";"2024";"16:10";"1";"93";"93048";"2";"5";"8";"3";"Boulevard Henri Barbusse / Rue Ernest Savart";"48,86841000";"2,44147000"
"202400038897";"14";"01";"2024";"01:00";"5";"93";"93005";"2";"1";"1";"7";"Route de Mitry";"48,94535600";"2,50939600"
"202400038898";"14";"01";"2024";"01:07";"5";"92";"92062";"2";"1";"1";"2";"BOULEVARD CIRCULAIRE";"48,88799000";"2,23508000"
"202400038899";"14";"01";"2024";"08:00";"1";"92";"92004";"2";"1";"8";"2";"VOLTAIRE ( BD 16 A FIN )";"48,91202026";"2,29657698"
"202400038900";"12";"01";"2024";"08:50";"2";"37";"37260";"1";"1";"7";"6";"La Chevalerie";"47,05816161";"0,39103746"
"202400038901";"14";"01";"2024";"18:55";"5";"35";"35120";"2";"3";"2";"3";"Rue de Dinan";"48,22462300";" -1,79467700"
"202400038902";"15";"01";"2024";"05:50";"5";"45";"45178";"2";"3";"1";"3";"164 Rue du Capitaine de Bussière";"48,00283800";"2,53908100"
"202400038903";"9";"01";"2024";"16:45";"1";"77";"77382";"1";"1";"8";"2";"Autoroute A140 PK1.8 en direction de Meaux";"48,89578800";"2,89421100"
"202400038904";"15";"01";"2024";"07:45";"1";"83";"83086";"2";"1";"1";"6";"Dn7";"43,47074200";"6,56293700"
"202400038905";"11";"01";"2024";"07:27";"2";"57";"57192";"1";"1";"1";"3";"Rue de Rohrbach";"49,02435078";"7,33050095"
"202400038906";"9";"01";"2024";"17:45";"3";"57";"57540";"1";"1";"1";"6";"Route de Sarreguemines";"48,77570700";"7,24981800"
"202400038907";"14";"01";"2024";"08:45";"2";"51";"51342";"1";"1";"9";"7";"D210";"48,98643676";"3,92763479"
"202400038908";"13";"01";"2024";"16:23";"1";"82";"82037";"2";"1";"1";"6";"Boulevard Léonce Granié";"44,16154800";"1,53601300"
"202400038909";"14";"01";"2024";"18:15";"2";"61";"61319";"1";"1";"1";"5";"D296";"48,33445700";"0,41876700"
"202400038910";"14";"01";"2024";"22:00";"3";"55";"55338";"1";"1";"4";"7";"D964";"49,41864252";"5,20140853"
"202400038911";"12";"01";"2024";"11:00";"1";"22";"22221";"1";"1";"1";"1";"16 Le Guindy";"48,78294600";" -3,25525800"
"202400038912";"15";"01";"2024";"14:35";"1";"29";"29123";"1";"1";"1";"6";"RN 164";"48,20817182";" -3,92269551"
"202400038913";"14";"01";"2024";"19:30";"3";"15";"15260";"2";"1";"1";"6";"Le Pont Vieillevie";"44,64551000";"2,41598900"
"202400038914";"14";"01";"2024";"13:30";"1";"43";"43042";"1";"1";"1";"6";"D49";"44,90467500";"3,82096800"
"202400038915";"14";"01";"2024";"18:30";"3";"43";"43174";"1";"4";"1";"2";"RN102";"45,00325700";"3,81254600"
"202400038916";"14";"01";"2024";"09:34";"1";"36";"36016";"1";"1";"2";"6";"N/A";"46,53253200";"1,14152700"
"202400038917";"14";"01";"2024";"20:00";"3";"36";"36243";"1";"1";"9";"6";"La Croix de la Barre";"46,96833935";"1,36989534"
"202400038918";"14";"01";"2024";"21:10";"3";"24";"24340";"1";"1";"1";"6";"Route des Junies";"44,86418500";"0,39995000"
"202400038919";"13";"01";"2024";"02:00";"3";"49";"49002";"1";"1";"1";"6";"A85 PK 42+200";"47,28503000";"0,01267100"
"202400038920";"15";"01";"2024";"10:30";"1";"978";"97801";"2";"1";"1";"3";"RN 7, la savane";"18,09423100";" -63,06595400"
"202400038921";"13";"01";"2024";"16:20";"1";"978";"97801";"2";"1";"1";"5";"R QUARTIER D'ORLEANS";"18,06459200";" -63,03933600"
"202400038922";"11";"01";"2024";"19:10";"5";"13";"13069";"2";"3";"1";"3";"avenue général de gaulle";"43,62883800";"5,15705000"
"202400038923";"15";"01";"2024";"05:55";"3";"01";"01038";"1";"1";"1";"2";"A 39";"46,33943000";"5,28250900"
"202400038924";"14";"01";"2024";"19:20";"2";"973";"97309";"2";"1";"1";"1";"Route des Plages";"4,89394600";" -52,25811100"
"202400038925";"15";"01";"2024";"13:40";"1";"06";"06088";"1";"1";"1";"1";"Bretelle de sortie n°55 nord Nice centre";"43,73187900";"7,29180500"
"202400038926";"15";"01";"2024";"09:38";"1";"73";"73117";"1";"1";"4";"1";"D1006";"45,19089200";"6,64016500"
"202400038927";"14";"01";"2024";"20:55";"3";"38";"38449";"1";"1";"1";"5";"A43, PK021+000";"45,64821800";"5,12138800"
"202400038928";"14";"01";"2024";"20:15";"3";"38";"38053";"1";"1";"1";"5";"A43, PK031+200";"45,60771800";"5,23569300"
"202400038929";"12";"01";"2024";"19:30";"3";"987";"98714";"1";"1";"1";"3";"nunue";" -16,52477167";" -151,73688769"
"202400038930";"15";"01";"2024";"10:45";"1";"95";"95142";"1";"1";"1";"6";"D915";"49,16903149";"1,92025836"
"202400038931";"14";"01";"2024";"19:00";"3";100;100087";"1";"1";"1";"1";"D71";"42,32198500";"9,51731400"
"202400038932";"14";"01";"2024";"14:15";"1";"03";"03266";"1";"1";"1";"6";"D125";"46,26129900";"3,45090900"
"202400038933";"14";"01";"2024";"20:45";"3";"26";"26116";"1";"1";"1";"1";"Route Nationale 7";"44,41016888";"4,71075296"
"202400038934";"15";"01";"2024";"08:45";"1";"69";"69204";"2";"1";"2";"6";"106 Avenue Georges Clémenceau";"45,69862100";"4,79483800"
"202400038935";"14";"01";"2024";"18:00";"3";"09";"09282";"1";"1";"2";"3";"D14";"43,22771243";"1,60368472"
"202400038936";"13";"01";"2024";"12:55";"1";"17";"17086";"1";"3";"1";"3";"D131";"45,75373700";" -0,56738100"
"202400038937";"15";"01";"2024";"16:54";"1";"86";"86294";"1";"1";"1";"7";"D7";"46,65278100";"0,17032800"
"202400038938";"13";"01";"2024";"12:00";"1";"33";"33393";"1";"1";"1";"6";"N/A";"44,97162200";" -0,16526700"
"202400038939";"14";"01";"2024";"16:05";"2";"44";"44037";"1";"1";"2";"6";"2 Chantegrolle";"47,13535190";" -1,44173294"
"202400038940";"12";"01";"2024";"10:10";"1";"59";"59129";"1";"1";"1";"1";"D19";"50,51562300";"3,15610200"
"202400038941";"14";"01";"2024";"04:36";"5";"13";"13202";"1";"1";"1";"6";"TVPCM-Sens Saint Victor vers Les Ports";"43,28348349";"5,40033281"
"202400038942";"13";"01";"2024";"05:30";"3";"67";"67482";"1";"1";"9";"3";"Autoroute A.351";"48,58806000";"7,70844000"
"202400038943";"14";"01";"2024";"00:04";"3";"33";"33487";"1";"6";"5";"6";"AUTOROUTE A 10";"44,95201300";" -0,46075000"
"202400038944";"14";"01";"2024";"11:02";"1";"91";"91689";"1";"1";"8";"4";"A6A";"48,74938564";"2,32794471"
"202400038945";"14";"01";"2024";"06:05";"3";"94";"94021";"1";"1";"8";"6";"A6B";"48,76021415";"2,33890139"
"202400038946";"14";"01";"2024";"14:25";"1";"92";"92064";"1";"1";"1";"2";"A13";"48,83958871";"2,20076990"
"202400038947";"14";"01";"2024";"05:55";"3";"92";"92048";"1";"1";"1";"2";"N118";"48,79119230";"2,22026330"
"202400038948";"14";"01";"2024";"08:55";"1";"93";"93066";"1";"1";"1";"7";"AUTOROUTE A86";"48,92280000";"2,34502000"
"202400038949";"13";"01";"2024";"19:10";"3";"95";"95252";"1";"1";"1";"2";"A115";"48,98873778";"2,24363721"
"202400038950";"13";"01";"2024";"11:45";"1";"976";"97611";"2";"1";"1";"3";"kaweni-Centrale (rue)";" -12,77500000";"45,22300000"
"202400038951";"13";"01";"2024";"08:10";"1";"976";"97611";"1";"1";"1";"3";"m'tsapere-Nationale 2 (route)";" -12,80033000";"45,21565000"
"202400038952";"13";"01";"2024";"14:15";"1";"974";"97416";"1";"1";"2";"6";"RN3 (1)";" -21,30908000";"55,49807000"
"202400038953";"13";"01";"2024";"20:30";"5";"69";"69383";"2";"2";"1";"5";"Rue Garibaldi";"45,76273000";"4,85175000"
"202400038954";"13";"01";"2024";"18:20";"5";"972";"97213";"2";"1";"1";"7";"BASSE GONDEAU (CHEMIN RURAL N°3 DE)";"14,62830000";" -61,02816000"
"202400038955";"13";"01";"2024";"13:40";"1";"972";"97213";"2";"1";"1";"3";"ROUTE NATIONALE 1";"14,61819000";" -61,02765000"
"202400038956";"13";"01";"2024";"21:13";"5";100;100120";"2";"3";"1";" -1";"VILLAGE (Route du) D364";"42,65512000";"9,43598000"