"Num_Acc";"jour";"mois";"an";"hrmn";"lum";"dep";"com";"agg";"int";"atm";"col";"adr";"lat";"long"
"202400038957";"13";"01";"2024";"11:11";"1";100;100037";"2";"1";"1";"2";"TOUTES RUES";"42,61455000";"9,43757000"
"202400038958";"13";"01";"2024";"05:40";"5";"971";"97113";"1";"1";"2";"7";"BAS DU FORT";"16,22033000";" -61,51743000"
"202400038959";"12";"01";"2024";"16:45";"1";"971";"97113";"2";"1";"2";"6";"SECTION MOREAU";"16,24539000";" -61,45864000"
"202400038960";"12";"01";"2024";"14:00";"1";"95";"95277";"2";"3";"1";"6";"FURMANEK (RUE)";"48,98548613";"2,45070487"
"202400038961";"11";"01";"2024";"09:15";"1";"95";"95476";"2";"1";"1";"6";"GENERAL DE GAULLE (RUE DU)";"49,05626900";"2,06547600"
"202400038962";"13";"01";"2024";"11:52";"1";"91";"91228";"2";"1";"8";"3";"MITTERAND (BD FRANCOIS)";"48,62478000";"2,42610000"
"202400038963";"13";"01";"2024";"11:45";"1";"82";"82033";"2";"1";"1";"2";"LEON BRUN (AVENUE)";"44,04143000";"1,11009000"
"202400038964";"13";"01";"2024";"08:20";"2";"78";"78481";"2";"3";"1";"3";"GENERAL LECLERC (AVENUE DU)";"48,88710000";"2,09762000"
"202400038965";"14";"01";"2024";"22:10";"5";"77";"77083";"2";"1";"1";"7";"NESLE (BOULEVARD DE)";"48,84899000";"2,58179000"
"202400038966";"13";"01";"2024";"10:50";"1";"77";"77479";"2";"6";"1";"6";"AV HENRI BARBUSSE";"48,87506000";"2,63924000"
"202400038967";"13";"01";"2024";"04:40";"3";"77";"77320";"2";"1";"5";"6";"MARECHAL LECLERC (AVENUE DU)";"48,81988000";"3,04960000"
"202400038968";"13";"01";"2024";"11:10";"1";"76";"76575";"2";"1";"1";"1";"Rue du Docteur Cotoni";"49,36643000";"1,10595000"
"202400038969";"13";"01";"2024";"01:50";"5";"76";"76540";"2";"3";"1";"2";"Rue Saint Vivien";"49,44203000";"1,10268000"
"202400038970";"13";"01";"2024";"18:45";"5";"69";"69266";"2";"1";"1";"6";"45 Cours Tolstoï";"45,76368000";"4,87495000"
"202400038971";"12";"01";"2024";"15:50";"1";"69";"69091";"2";"1";"1";"3";"Rue Victor Hugo";"45,58985626";"4,77077918"
"202400038972";"13";"05";"2024";"12:30";"1";"38";"38185";"2";"1";"1";"3";"COURS DE LA LIBÉRATION ET DU GÉNÉRAL DE";"45,16983764";"5,71278504"
"202400038973";"13";"05";"2024";"07:45";"1";"37";"37122";"2";"6";"1";"7";"ROUTE DE SAVONNIERES";"47,36724000";"0,65494000"
"202400038974";"13";"01";"2024";"15:15";"1";"67";"67043";"2";"3";"8";"6";"CHARLES BOCK (RUE)";"48,61281000";"7,76497000"
"202400038975";"13";"05";"2024";"08:20";"1";"35";"35238";"2";"2";"1";"3";"FREVILLE (AVENUE HENRI)";"48,08372000";" -1,67448000"
"202400038976";"13";"01";"2024";"18:24";"5";"64";"64269";"2";"1";"1";"4";"TARBES DE";"43,29974053";" -0,30875700"
"202400038977";"10";"05";"2024";"12:05";"1";"30";"30189";"2";"1";"1";"3";"BULLY MICHEL (PLACE)";"43,84710000";"4,39610000"
"202400038978";"13";"01";"2024";"01:10";"3";"63";"63300";"1";"1";"5";"2";"RD 2009 S/N juste avant bretelle Ennezat";"45,88653301";"3,13671470"
"202400038979";"13";"05";"2024";"11:00";"1";"29";"29019";"2";"3";"3";"3";"avenue de Tarente";"48,40341100";" -4,50669300"
"202400038980";"13";"01";"2024";"14:45";"1";"63";"63113";"2";"1";"1";"6";"CARNOT (AVENUE)";"45,77627000";"3,09645000"
"202400038981";"26";"04";"2024";"19:20";"5";"28";"28085";"2";"1";"1";"3";"CHASLES (BOULEVARD)";"48,44322700";"1,48525200"
"202400038982";"12";"01";"2024";"21:05";"5";"62";"62291";"1";"6";"8";"6";"D58";"50,41696018";"2,80730370"
"202400038983";"12";"01";"2024";"15:45";"1";"62";"62178";"2";"1";"1";"1";"Rue Alfred Leroy";"50,47641000";"2,54417000"
"202400038984";"13";"05";"2024";"15:55";"1";"22";"22278";"2";"1";"1";"2";"PROMENADES (ET ALL. DES)";"48,51461000";" -2,75694000"
"202400038985";"13";"01";"2024";"15:35";"1";"48";"48095";"2";"1";"7";"6";"CAPUCINS (BOULEVARD DES)";"44,52031000";"3,49799000"
"202400038986";"13";"05";"2024";"12:05";"1";"17";"17306";"2";"2";"1";"3";"CLEMENCEAU  GEORGES (BD)";"45,63144000";" -1,02971000"
"202400038987";"12";"01";"2024";"07:40";"3";"47";"47323";"1";"9";"5";"7";"ROLLAND (PLAINE DE)";"44,37056800";"0,73621300"
"202400038988";"12";"05";"2024";"21:40";"5";"13";"13210";"2";"1";"1";"1";"CAPELETTE (AVENUE DE LA)";"43,28000000";"5,40000000"
"202400038989";"13";"01";"2024";"10:51";"1";"47";"47032";"2";"1";"8";"6";"NOGUES (avenue du)";"44,18690000";"0,66062000"
"202400038990";"13";"05";"2024";"22:13";"5";"13";"13005";"2";"1";"1";"1";"GANTEAUME (BOULEVARD AMIRAL";"43,28754000";"5,57377000"
"202400038991";"12";"01";"2024";"16:50";"1";"47";"47032";"2";"1";"1";"6";"REPUBLIQUE (rue de la)";"44,18611000";"0,66868000"
"202400038992";"13";"05";"2024";"20:25";"1";"09";"09225";"2";"1";"1";"6";"BELPECH ROUTE DE";"43,12524000";"1,64727000"
"202400038993";"28";"02";"2024";"11:03";"1";"45";"45234";"2";"1";"1";"6";"31 Avenue des Droits de l'Homme";"47,92284286";"1,93014818"
"202400038994";"13";"01";"2024";"13:55";"1";"38";"38185";"2";"1";"1";"6";"RUE JEAN-BAPTISTE PRADEL";"45,18486000";"5,72000000"
"202400038995";"13";"05";"2024";"12:00";"1";"01";"01053";"2";"1";"1";"6";"JOURDAN ( AVENUE LOUIS)";"46,20334000";"5,22047000"
"202400038996";"13";"01";"2024";"14:20";"1";"37";"37214";"2";"9";"8";"2";"MAISONS BLANCHES (QUAI DES)";"47,39506000";"0,65393000"
"202400038997";"25";"02";"2024";"23:20";"5";"45";"45234";"2";"2";"2";"6";"46 Rue Royale";"47,90049700";"1,90401000"
"202400038998";"12";"05";"2024";"15:30";"1";"75";"75106";"2";"4";"1";"6";"RUE GUYNEMER";"48,84515000";"2,33225400"
"202400038999";"13";"01";"2024";"12:11";"1";"35";"35238";"2";"6";"8";"3";"BIGOT DE PREAMENEU";"48,09806000";" -1,66688000"
"202400039000";"13";"05";"2024";"22:20";"5";"75";"75119";"2";"7";"1";"6";"BOULEVARD D INDOCHINE";"48,88623900";"2,39640300"
"202400039001";"24";"02";"2024";"20:16";"5";"45";"45234";"2";"3";"1";"3";"Rue de Bourges/Rue de Châteauroux";"47,84324000";"1,92396000"
"202400039002";"12";"01";"2024";"17:00";"1";"35";"35238";"2";"2";"1";"3";"PATTON (AVENUE DU GENERAL SIR GEORGES)";"48,12855000";" -1,66420000"
"202400039003";"13";"05";"2024";"20:55";"1";"75";"75119";"2";"2";"1";"3";"AVENUE DE FLANDRE";"48,89057700";"2,37687200"
"202400039004";"28";"02";"2024";"21:25";"5";"44";"44184";"2";"6";"2";"3";"90 Boulevard du Docteur René Laënnec";"47,26988000";" -2,23923000"
"202400039005";"13";"01";"2024";"21:50";"5";"33";"33063";"2";"2";"1";"3";"Rue Lucien Faure";"44,86411000";" -0,55838000"
"202400039006";"13";"05";"2024";"22:35";"5";"75";"75118";"2";"3";"1";"6";"RUE ORDENER";"48,89064700";"2,35454300"
"202400039007";"5";"04";"2024";"09:20";"1";"85";"85191";"2";"9";"3";"3";"AQUITAINE AVENUE ALIENOR D' (SECTEUR 310";"46,68506900";" -1,42995530"
"202400039008";"13";"01";"2024";"10:50";"1";"31";"31483";"2";"1";"1";"6";"ISLE (AVENUE DE L')";"43,11284000";"0,72598000"
"202400039009";"23";"02";"2024";"10:00";"1";"44";"44184";"2";"1";"1";"7";"106 Route de Brais";"47,29958000";" -2,28444000"
"202400039010";"12";"05";"2024";"15:35";"1";"75";"75115";"2";"3";"1";"6";"BOULEVARD LEFEBVRE";"48,83105200";"2,29237800"
"202400039011";"12";"01";"2024";"17:45";"2";"29";"29232";"2";"1";"8";"6";"LOCRONAN ROUTE DE";"48,01323745";" -4,12690240"
"202400039012";"5";"04";"2024";"16:20";"1";"84";"84007";"2";"1";"1";"3";"SAINT MICHEL (Boulevard)";"43,94310000";"4,81152000"
"202400039013";"21";"02";"2024";"16:42";"1";"44";"44184";"2";"1";"3";"3";"Boulevard des Apprentis";"47,29565000";" -2,18510000"
"202400039014";"13";"05";"2024";"13:27";"1";"75";"75112";"2";"2";"1";"3";"BOULEVARD SOULT";"48,84422500";"2,41042200"
"202400039015";"5";"04";"2024";"11:00";"1";"83";"83137";"2";"1";"1";"3";"BROSSET (BD GENERAL)";"43,12825000";"5,90574000"
"202400039016";"13";"01";"2024";"19:15";"5";"29";"29019";"2";"1";"1";"4";"rue Tourville";"48,39393200";" -4,49449000"
"202400039017";"19";"02";"2024";"21:02";"5";"44";"44109";"2";"6";"1";"6";"Boulevard Léon Jouhaux";"47,20961172";" -1,59592504"
"202400039018";"13";"05";"2024";"09:37";"1";"75";"75110";"2";"2";"1";"6";"RUE LA FAYETTE";"48,87857000";"2,35401500"
"202400039019";"26";"02";"2024";"14:00";"1";"43";"43041";"2";"1";"2";"3";"Cote de Tireboeuf";"45,04971657";"3,90962976"
"202400039020";"13";"01";"2024";"11:05";"1";"29";"29019";"2";"6";"1";"3";"rue Augustin Jacq";"48,42240600";" -4,46976300"
"202400039021";"5";"04";"2024";"08:21";"1";"77";"77379";"2";"1";"8";"6";"PRES DE LA COMTESSE (RUE DES)";"48,54540000";"3,29485000"
"202400039022";"13";"05";"2024";"09:20";"1";"75";"75110";"2";"3";"1";"3";"BOULEVARD DE STRASBOURG";"48,87384400";"2,35671200"
"202400039023";"12";"01";"2024";"16:40";"1";"15";"15014";"2";"1";"1";"2";"Avenue de la République";"44,92675800";"2,44061100"
"202400039024";"26";"02";"2024";"15:05";"1";"43";"43157";"2";"3";"1";"3";"Route de Montredon";"45,05552000";"3,90264000"
"202400039025";"5";"04";"2024";"07:10";"3";"76";"76216";"2";"1";"2";"6";"Route de Duclair";"49,46569000";"1,03890000"
"202400039026";"13";"05";"2024";"18:32";"1";"75";"75108";"2";"4";"1";"6";"AVENUE GEORGE V";"48,86757200";"2,30125000"
"202400039027";"13";"01";"2024";"17:55";"3";"13";"13103";"1";"1";"1";"6";"RTE D' EYGUIERES-RD 17";"43,67966000";"5,06759000"
"202400039028";"4";"04";"2024";"21:05";"5";"76";"76540";"2";"1";"2";"6";"Quai Jean Moulin";"49,43558000";"1,09180000"
"202400039029";"13";"01";"2024";"13:00";"1";"13";"13201";"2";"1";"1";"1";"RIVE NEUVE (QUAI DE)";"43,29270829";"5,36779521"
"202400039030";"12";"05";"2024";"11:53";"1";"75";"75102";"2";"2";"1";"1";"RUE DE LA PAIX";"48,86957700";"2,33152900"
"202400039031";"4";"04";"2024";"16:45";"1";"76";"76351";"2";"3";"1";"3";"FONTAINE LA MALLET (DE).";"49,51914000";"0,12374000"
"202400039032";"13";"01";"2024";"04:30";"5";"13";"13212";"2";"1";"1";"3";"PIERRE BERANGER (RUE)";"43,31110000";"5,44280000"
"202400039033";"23";"02";"2024";"08:50";"1";"41";"41018";"2";"1";"1";"3";"PAPIN (RUE DENIS)";"47,58631000";"1,33593000"
"202400039034";"13";"01";"2024";"03:10";"5";"13";"13204";"2";"9";"9";"3";"SAKAKINI (BOULEVARD)";"43,29319000";"5,40151000"
"202400039035";"13";"05";"2024";"22:00";"5";"94";"94041";"2";"2";"1";"3";"Avenue de Verdun / Boulevard Hippolyte Marquès";"48,81728000";"2,36722000"
"202400039036";"3";"04";"2024";"06:20";"2";"71";"71270";"2";"2";"2";"3";"INTERSECTION RUE DE SOLUTRE- AV P DENAVE";"46,30117885";"4,81825322"
"202400039037";"12";"01";"2024";"17:50";"5";"13";"13206";"2";"1";"1";"3";"TROIS FRERES (RUE DES)";"43,29253000";"5,38399000"
"202400039038";"19";"02";"2024";"16:50";"1";"41";"41018";"2";"9";"1";"6";"FLANDRES (RUE DES)";"47,59745000";"1,33528500"
"202400039039";"5";"04";"2024";"21:55";"5";"69";"69266";"2";"1";"1";"1";"5 Rue Emile Decorps";"45,75891000";"4,90028000"
"202400039040";"12";"01";"2024";"16:55";"1";"13";"13207";"2";"2";"1";"1";"CORDERIE (BOULEVARD DE LA)";"43,28985000";"5,36629000"
"202400039041";"21";"02";"2024";"16:25";"1";"39";"39300";"2";"2";"1";"6";"185 Boulevard Jules Ferry";"46,67058900";"5,54550800"
"202400039042";"12";"01";"2024";"11:09";"1";"11";"11262";"2";"1";"1";"6";"9 Boulevard du Docteur Lacroix";"43,18005000";"3,00272000"
"202400039043";"21";"02";"2024";"18:20";"1";"39";"39300";"2";"4";"1";"6";"1 Avenue Jean Moulin";"46,67288600";"5,55817000"
"202400039044";"5";"04";"2024";"09:00";"1";"69";"69264";"2";"3";"1";"3";"Route de Frans";"45,98496000";"4,73155000"
"202400039045";"13";"05";"2024";"07:55";"1";"94";"94018";"2";"3";"1";"6";"Quai de Bercy / Rue de l'Arcade";"48,82172656";"2,39943445"
"202400039046";"9";"01";"2024";"14:05";"1";"11";"11262";"2";"9";"1";"6";"2 Avenue du President Kennedy";"43,18544000";"3,00979000"
"202400039047";"13";"01";"2024";"08:30";"2";"11";"11069";"1";"1";"5";"6";"RD 6113";"43,20476700";"2,39925100"
"202400039048";"5";"04";"2024";"17:40";"1";"69";"69259";"2";"1";"1";"3";"86 Avenue Viviani";"45,72364000";"4,87399000"
"202400039049";"13";"05";"2024";"17:50";"1";"93";"93007";"2";"2";"1";"3";"Rue Yvan Pavlov / Rue Galilée";"48,94119400";"2,47703500"
"202400039050";"26";"02";"2024";"13:10";"1";"38";"38185";"2";"1";"1";"3";"AMPERE (RUE )";"45,18636860";"5,70578009"
"202400039051";"5";"04";"2024";"16:00";"1";"69";"69259";"2";"1";"6";"7";"Avenue d'Oschatz";"45,69607000";"4,88219000"
"202400039052";"13";"01";"2024";"19:00";"2";"06";"06088";"2";"1";"1";"6";"Boulevard de la Madeleine";"43,70327000";"7,23514000"
"202400039053";"13";"05";"2024";"12:10";"1";"93";"93078";"2";"1";"1";"6";"Boulevard Robert Ballanger";"48,96000000";"2,55300000"
"202400039054";"28";"02";"2024";"19:35";"5";"37";"37195";"2";"1";"8";"2";"COUVENT DES MINIMES";"47,38103000";"0,65374000"
"202400039055";"12";"01";"2024";"16:45";"1";"02";"02738";"2";"1";"1";"6";"11 Boulevard Gustave Grégoire (Tergnier)";"49,65519000";"3,29727000"
"202400039056";"4";"04";"2024";"17:25";"1";"69";"69259";"2";"1";"1";"1";"Boulevard Marcel Sembat";"45,71672000";"4,88325000"
"202400039057";"13";"05";"2024";"05:15";"5";"93";"93066";"2";"3";"1";"3";"Avenue Lénine / Avenue Roger Sémat";"48,94673000";"2,35793000"
"202400039058";"13";"05";"2024";"17:00";"1";"93";"93066";"2";"1";"1";"6";"Rue du Docteur Delafontaine";"48,93623324";"2,37351036"
"202400039059";"28";"02";"2024";"08:05";"1";"37";"37261";"2";"6";"1";"3";"WATT (AVENUE JAMES)";"47,36543000";"0,68048000"
"202400039060";"4";"04";"2024";"13:35";"1";"69";"69290";"2";"2";"1";"3";"Route de Grenoble";"45,71577000";"4,96168000"
"202400039061";"12";"01";"2024";"21:45";"5";"75";"75112";"2";"4";"1";"4";"BD PERIPHERIQUE EXTERIEUR";"48,82674090";"2,38998234"
"202400039062";"25";"02";"2024";"23:20";"3";"37";"37195";"2";"1";"2";"6";"RD 88";"47,38985000";"0,64832000"
"202400039063";"13";"01";"2024";"03:25";"5";"75";"75106";"2";"3";"1";"7";"RUE DE SEINE";"48,85627300";"2,33665000"
"202400039064";"5";"04";"2024";"17:50";"1";"67";"67482";"2";"8";"1";"3";"JEAN JAURES (AVENUE)";"48,57081000";"7,75877000"
"202400039065";"12";"05";"2024";"01:30";"5";"93";"93010";"2";"2";"1";"3";"PARIS (RUE DE)";"48,90000000";"2,47000000"
"202400039066";"13";"01";"2024";"14:57";"1";"75";"75119";"2";"1";"1";"3";"BOULEVARD MACDONALD";"48,89635100";"2,39335300"
"202400039067";"24";"02";"2024";"10:50";"1";"37";"37214";"2";"1";"1";"1";"MENARDIERE (RUE DE LA)";"47,41996000";"0,66392000"
"202400039068";"5";"04";"2024";"04:50";"3";"66";"66136";"1";"1";"1";"6";"N/A";"42,70953976";"2,87605762"
"202400039069";"12";"05";"2024";"16:30";"1";"93";"93032";"2";"2";"1";"3";"Avenue Paul de Kock / Avenue Guynemer";"48,87790000";"2,56900000"
"202400039070";"23";"02";"2024";"23:40";"5";"37";"37261";"2";"1";"2";"6";"ROOSEVELT (RUE FRANKLIN)";"47,37649000";"0,67863000"
"202400039071";"5";"04";"2024";"10:50";"1";"66";"66136";"2";"1";"1";"6";"Place Salvador Espriu";"42,66730000";"2,88300000"
"202400039072";"13";"01";"2024";"15:30";"1";"75";"75117";"2";"2";"8";"6";"RUE NAVIER";"48,89588000";"2,32302200"
"202400039073";"13";"05";"2024";"14:30";"1";"93";"93001";"2";"1";"1";"3";"Quai Lucien Lefranc";"48,91327100";"2,37256100"
"202400039074";"5";"04";"2024";"09:14";"1";"65";"65440";"2";"6";"7";"3";"RN21";"43,22278404";"0,04687595"
"202400039075";"23";"02";"2024";"12:35";"1";"37";"37261";"2";"9";"1";"6";"SAINT ELOI (PLACE)";"47,38842000";"0,67573000"
"202400039076";"13";"01";"2024";"08:45";"1";"75";"75117";"2";"2";"8";"1";"AVENUE DE SAINT OUEN";"48,89257200";"2,32729000"
"202400039077";"12";"05";"2024";"21:10";"2";"92";"92064";"2";"2";"1";"3";"REPUBLIQUE";"48,84939606";"2,21376354"
"202400039078";"5";"04";"2024";"18:55";"1";"64";"64445";"2";"9";"1";"3";"DOYEN ROBERT POPLAWSKI DU";"43,31316212";" -0,36868036"
"202400039079";"23";"02";"2024";"12:50";"1";"37";"37122";"2";"8";"8";"3";"REPUBLIQUE (AVENUE DE LA)";"47,35387000";"0,66392000"
"202400039080";"12";"01";"2024";"19:30";"5";"75";"75109";"2";"3";"1";"2";"BOULEVARD HAUSSMANN";"48,87235600";"2,33745700"
"202400039081";"13";"05";"2024";"14:45";"1";"92";"92020";"2";"2";"1";"6";"LIBERTE BOULEVARD DE LA N° PAIRS";"48,80369602";"2,28881818"
"202400039082";"5";"04";"2024";"09:00";"1";"64";"64284";"2";"6";"1";"3";"CHARLES TOUZET";"43,28586000";" -0,39923000"
"202400039083";"13";"01";"2024";"08:00";"2";"75";"75116";"2";"1";"1";"6";"AVENUE DU PRESIDENT KENNEDY";"48,85704300";"2,28675500"
"202400039084";"13";"05";"2024";"18:35";"1";"92";"92019";"2";"1";"1";"6";"JAURES JEAN (RUE)";"48,77040176";"2,27499944"
"202400039085";"22";"02";"2024";"17:15";"1";"37";"37261";"2";"1";"2";"3";"DANIEL MAYER";"47,41890000";"0,69969000"
"202400039086";"13";"01";"2024";"08:15";"2";"75";"75107";"2";"1";"1";"7";"AVENUE DE LOWENDAL";"48,85205000";"2,30762900"
"202400039087";"4";"04";"2024";"18:15";"1";"62";"62498";"2";"1";"1";"1";"D58E1";"50,42749000";"2,81115000"
"202400039088";"13";"05";"2024";"17:00";"1";"92";"92012";"2";"3";"1";"3";"GEORGES GORSE (QUAI)";"48,82606177";"2,23311344"
"202400039089";"22";"02";"2024";"14:06";"1";"37";"37233";"2";"1";"3";"6";"DUCLOS (AVENUE JACQUES)";"47,37940000";"0,71575000"
"202400039090";"13";"01";"2024";"19:15";"5";"94";"94081";"2";"1";"8";"6";"Avenue Paul Vaillant Couturier";"48,79260000";"2,39539000"
"202400039091";"5";"04";"2024";"17:00";"1";"61";"61001";"2";"1";"2";"1";"Voie Communale";"48,44003100";"0,09289400"
"202400039092";"13";"05";"2024";"17:01";"1";"92";"92002";"2";"3";"1";"7";"DIVISION LECLERC (53 A 217 - 58 A 186)";"48,73830998";"2,30197424"
"202400039093";"22";"02";"2024";"10:40";"1";"37";"37261";"2";"1";"3";"3";"PALISSY (RUE BERNARD)";"47,39280000";"0,69346000"
"202400039094";"5";"04";"2024";"19:00";"1";"59";"59599";"2";"2";"1";"3";"Rue de l'Yser";"50,74567000";"3,17559000"
"202400039095";"14";"05";"2024";"11:50";"1";"60";"60201";"1";"1";"2";"1";"route départementale 587";"49,59220700";"2,53504200"
"202400039096";"22";"02";"2024";"10:10";"1";"37";"37122";"1";"1";"3";"7";"RD 127 ";"47,32065781";"0,66790223"
"202400039097";"13";"01";"2024";"15:05";"1";"94";"94052";"2";"5";"1";"4";"Boulevard de Strasbourg / Grande Rue Charles de Gaulle";"48,83570000";"2,47433000"
"202400039098";"14";"05";"2024";"17:11";"1";"62";"62461";"1";"1";"3";"6";"D928";"50,38618100";"2,04513100"
"202400039099";"11";"05";"2024";"10:05";"1";"62";"62661";"2";"1";"7";"7";"D349";"50,38693000";"1,97864900"
"202400039100";"5";"04";"2024";"18:05";"1";"59";"59350";"2";"2";"1";"3";"Rue de Marquillies";"50,61484000";"3,05282000"
"202400039101";"23";"02";"2024";"11:35";"1";"36";"36044";"2";"9";"1";"3";"N/A";"46,79188759";"1,70018390"
"202400039102";"13";"01";"2024";"02:29";"5";"94";"94034";"2";"1";"1";"6";"Avenue de la Division Leclerc";"48,75720658";"2,32810754"
"202400039103";"13";"01";"2024";"04:32";"5";"94";"94073";"2";"1";"2";"6";"Rue des Alouettes";"48,75290300";"2,37827500"
"202400039104";"27";"02";"2024";"19:50";"5";"35";"35238";"2";"3";"1";"3";"GUILLOUX (LOUIS)";"48,11019165";" -1,69918746"
"202400039105";"13";"05";"2024";"22:35";"5";"51";"51649";"2";"2";"1";"3";"1 Rue Neuve";"48,72403500";"4,58172800"
"202400039106";"5";"04";"2024";"11:05";"1";"54";"54439";"2";"3";"1";"4";"Avenue Charles de Gaulle";"48,70504040";"6,25721544"
"202400039107";"13";"01";"2024";"18:20";"5";"94";"94046";"2";"3";"8";"3";"Avenue de la République / Rue Pasteur";"48,80061000";"2,43064000"
"202400039108";"13";"05";"2024";"08:00";"1";"71";"71007";"1";"4";"1";"3";"D981";"46,53558000";"4,68394400"
"202400039109";"4";"04";"2024";"23:45";"5";"54";"54304";"2";"1";"2";"6";"Boulevard du Maréchal Foch";"48,68324000";"6,15118000"
"202400039110";"27";"02";"2024";"16:40";"1";"35";"35278";"1";"1";"1";"2";"RD 137";"48,17428418";" -1,71655744"
"202400039111";"13";"01";"2024";"19:10";"5";"93";"93048";"2";"2";"1";"3";"THEOPHILE SUEUR (BOULEVARD)";"48,86334000";"2,46663000"
"202400039112";"14";"05";"2024";"07:15";"1";"31";"31116";"2";"6";"3";"3";"Route de Bessiéres";"43,69561000";"1,45071000"
"202400039113";"26";"02";"2024";"20:45";"3";"35";"35051";"1";"1";"6";"6";"NORMANDIE (PORTE DE)";"48,15172000";" -1,60452000"
"202400039114";"4";"04";"2024";"16:10";"1";"54";"54395";"2";"2";"2";"6";"Rue Aristide Briand";"48,68210400";"6,16490700"
"202400039115";"13";"01";"2024";"14:30";"1";"93";"93031";"2";"3";"1";"2";"Avenue du 18 Juin 1940 / Rue des Alliés";"48,95261500";"2,30736400"
"202400039116";"5";"04";"2024";"06:30";"2";"54";"54099";"1";"1";"2";"7";"D138";"49,24712000";"6,01839000"
"202400039117";"26";"02";"2024";"06:45";"5";"35";"35238";"2";"1";"2";"6";"METZ (BD DE)";"48,11495559";" -1,65733732"
"202400039118";"13";"05";"2024";"00:30";"3";"84";"84137";"1";"3";"1";"6";"d938";"44,23044100";"5,08594000"
"202400039119";"13";"05";"2024";"15:10";"1";"21";"21599";"1";"1";"1";"2";"A31";"47,55900200";"5,19841800"
"202400039120";"13";"01";"2024";"22:50";"5";"93";"93057";"2";"2";"1";"4";"Avenue Aristide Briand / Allée des Archers";"48,90976400";"2,50718700"
"202400039121";"23";"02";"2024";"12:05";"1";"35";"35238";"2";"3";"1";"3";"GUILLAUDOT ( DU GENERAL MAURICE)";"48,11453145";" -1,67446688"
"202400039122";"12";"05";"2024";"18:00";"1";"28";"28073";"1";"1";"1";"3";"A11";"48,47684700";"1,62374500"
"202400039123";"5";"04";"2024";"08:30";"1";"51";"51454";"2";"3";"1";"2";"ALBERT 1ER (BOULEVARD)";"49,27005000";"4,01084000"
"202400039124";"12";"01";"2024";"18:00";"3";"35";"35094";"1";"1";"1";"2";"La Mare Durand";"48,34128010";" -1,71815336"
"202400039125";"23";"02";"2024";"01:55";"5";"35";"35238";"2";"4";"2";"6";"LORIENT (DE)";"48,10935000";" -1,70731000"
"202400039126";"9";"01";"2024";"13:40";"1";"31";"31484";"2";"6";"1";"6";"Route de Bessières";"43,68743586";"1,48769528"
"202400039127";"13";"05";"2024";"14:50";"1";"01";"01180";"1";"1";"1";"1";"D15";"46,32607600";"6,11286200"
"202400039128";"4";"04";"2024";"15:23";"1";"49";"49007";"2";"1";"1";"3";"ROI RENE BOULEVARD";"47,46782000";" -0,55618000"
"202400039129";"21";"02";"2024";"12:55";"1";"35";"35238";"2";"2";"2";"3";"NANTES (DE)";"48,09733000";" -1,68887000"
"202400039130";"13";"01";"2024";"15:50";"1";"31";"31184";"2";"3";"1";"3";"Avenue de la Digue";"43,59479500";"1,56236500"
"202400039131";"13";"05";"2024";"18:45";"1";"01";"01033";"2";"6";"1";"3";"route de la plaine";"46,12823300";"5,81191200"
"202400039132";"13";"01";"2024";"16:20";"1";"54";"54581";"1";"1";"1";"6";"D952";"49,12265350";"5,88902593"
"202400039133";"4";"04";"2024";"07:28";"5";"49";"49007";"2";"1";"3";"6";"TARDAT";"47,44879300";" -0,55246700"
"202400039134";"20";"02";"2024";"11:30";"1";"35";"35278";"1";"1";"1";"4";"RD 137";"48,16924832";" -1,71298333"
"202400039135";"14";"05";"2024";"10:05";"1";"34";"34253";"1";"1";"3";"7";"A75";"43,84030600";"3,31226100"
"202400039136";"13";"01";"2024";"16:10";"1";"83";"83019";"2";"1";"1";"6";"Route du Baguier";"43,15164400";"6,34485700"
"202400039137";"10";"05";"2024";"22:30";"3";"37";"37027";"1";"1";"1";"3";"A85";"47,29449101";"0,94453257"
"202400039138";"19";"02";"2024";"18:25";"2";"35";"35238";"1";"1";"2";"4";"ROCADE 10-11";"48,11500000";" -1,71900000"
"202400039139";"6";"04";"2024";"00:12";"5";"45";"45285";"2";"3";"1";"3";"111 Rue du 11 Octobre";"47,91935000";"1,88255000"
"202400039140";"14";"01";"2024";"15:50";"1";"63";"63290";"1";"1";"8";"7";"A89, PK 337+650";"45,87159916";"2,90138901"
"202400039141";"13";"05";"2024";"07:45";"2";"34";"34014";"1";"1";"7";"5";"D68";"43,72651400";"3,88135000"
"202400039142";"5";"04";"2024";"14:45";"1";"45";"45004";"2";"1";"1";"3";"196 Rue du Maréchal Juin";"47,97398500";"2,77639900"
"202400039143";"24";"02";"2024";"20:15";"5";"34";"34172";"2";"3";"1";"3";"CASTELNAU (AVENUE DE)";"43,62703000";"3,87298000"
"202400039144";"7";"05";"2024";"06:55";"2";"51";"51627";"2";"1";"1";"6";"32 Rue Pierre Renault";"48,92007100";"4,06588600"
"202400039145";"13";"01";"2024";"14:19";"1";"51";"51329";"1";"1";"1";"1";"D 944 PK 8+100";"49,33185500";"3,96362900"
"202400039146";"5";"04";"2024";"01:00";"5";"44";"44184";"2";"6";"1";"6";"Rond point Océanis";"47,25703320";" -2,26972959"
"202400039147";"13";"05";"2024";"19:45";"1";"77";"77187";"2";"1";"1";"6";"17 Rue Nonat";"48,41159900";"3,39130500"
"202400039148";"24";"02";"2024";"01:55";"5";"34";"34198";"2";"1";"1";"2";"D21  ROUTE DE CARNON";"43,57592000";"3,93986000"
"202400039149";"5";"04";"2024";"20:15";"1";"43";"43046";"2";"1";"1";"2";"26 Avenue des Champs Élysées";"45,05220000";"3,89725000"