"Num_Acc";"jour";"mois";"an";"hrmn";"lum";"dep";"com";"agg";"int";"atm";"col";"adr";"lat";"long"
"202400039150";"9";"05";"2024";"16:30";"1";101;101098";"2";"9";"1";"7";"D155";"41,79862567";"8,74180554"
"202400039151";"13";"01";"2024";"21:10";"3";"76";"76367";"1";"1";"1";"6";"D121";"49,49020400";"1,09314000"
"202400039152";"23";"02";"2024";"20:00";"3";"34";"34172";"1";"1";"1";"2";"JOUHAUX (AVENUE LEON)";"43,59419000";"3,82051000"
"202400039153";"22";"03";"2024";"15:20";"1";"42";"42218";"2";"2";"1";"3";"Rue des Francs Macons";"45,43085000";"4,39426000"
"202400039154";"13";"01";"2024";"16:25";"1";"82";"82112";"2";"1";"1";"3";"98 Avenue du Chasselas";"44,11355949";"1,10996962"
"202400039155";"23";"02";"2024";"19:00";"5";"34";"34172";"2";"1";"1";"3";"PAVELET (AVENUE DU COLONEL)";"43,58502000";"3,86015000"
"202400039156";"14";"05";"2024";"15:45";"1";"81";"81185";"1";"1";"1";"6";"D36 PK 8+100";"43,85871500";"1,56550900"
"202400039157";"13";"01";"2024";"17:10";"1";"33";"33026";"1";"1";"1";"6";"N/A";"44,45262300";" -0,41065700"
"202400039158";"5";"04";"2024";"23:45";"4";"42";"42127";"2";"7";"1";"1";"Rue Jean de la Fontaine";"46,06773000";"4,05989000"
"202400039159";"13";"05";"2024";"18:30";"1";"89";"89297";"1";"1";"1";"6";"D958";"47,43459000";"3,77785900"
"202400039160";"14";"01";"2024";"06:50";"3";"89";"89136";"1";"1";"1";"6";"D606";"48,26224100";"3,23712600"
"202400039161";"23";"02";"2024";"19:12";"5";"34";"34172";"2";"1";"1";"6";"TELEMAQUE (BOULEVARD)";"43,60584000";"3,92561000"
"202400039162";"5";"04";"2024";"18:50";"1";"42";"42184";"2";"9";"1";"1";"Rue Jules Faron";"46,04075158";"4,03804779"
"202400039163";"13";"05";"2024";"18:00";"1";"63";"63368";"1";"1";"1";"7";"Départementale D310";"45,68129726";"3,31367037"
"202400039164";"14";"01";"2024";"19:00";"3";"63";"63317";"1";"1";"1";"6";"D12";"45,94449835";"3,32468604"
"202400039165";"27";"02";"2024";"16:10";"1";"34";"34003";"2";"1";"2";"6";"JANIN (G15 A K16";"43,30699000";"3,47715000"
"202400039166";"5";"04";"2024";"13:15";"1";"37";"37261";"2";"1";"8";"6";"WAGNER (BOULEVARD RICHARD)";"47,37605000";"0,71036000"
"202400039167";"13";"05";"2024";"23:00";"3";"42";"42134";"1";"1";"2";"6";"Route de Boën";"45,69797700";"4,03673600"
"202400039168";"5";"04";"2024";"10:00";"1";"34";"34129";"2";"1";"1";"3";"D116";"43,55814000";"3,85220000"
"202400039169";"14";"05";"2024";"19:15";"1";"68";"68062";"1";"1";"1";"2";"D16";"47,60164237";"7,16179310"
"202400039170";"13";"01";"2024";"14:30";"1";"12";"12185";"2";"1";"9";"7";"La Lande";"44,28831900";"2,71575500"
"202400039171";"28";"02";"2024";"09:00";"1";"33";"33200";"1";"6";"1";"2";"N/A";"44,85934000";" -0,68497000"
"202400039172";"3";"04";"2024";"08:00";"1";"34";"34032";"2";"1";"1";"3";"KENNEDY PRESIDENT (BD DU)";"43,35303000";"3,23949000"
"202400039173";"14";"05";"2024";"04:55";"3";"29";"29175";"1";"3";"8";"1";"Pont Kerhoaden";"48,29924095";" -3,83505802"
"202400039174";"12";"01";"2024";"21:30";"3";"42";"42135";"1";"1";"1";"6";"D1082";"45,66016900";"4,23022100"
"202400039175";"5";"04";"2024";"21:00";"5";"33";"33063";"2";"1";"1";"6";"N/A";"44,84025000";" -0,59816000"
"202400039176";"26";"02";"2024";"21:00";"5";"33";"33063";"2";"1";"2";"6";"CRS JULES LADOUMEGUE";"44,89772000";" -0,57459000"
"202400039177";"14";"01";"2024";"06:03";"3";"68";"68091";"1";"1";"5";"7";"départementale 3 bis";"47,91816731";"7,48303092"
"202400039178";"5";"04";"2024";"16:15";"1";"33";"33249";"2";"1";"1";"3";"N/A";"44,87336400";" -0,51374900"
"202400039179";"27";"04";"2024";"17:10";"1";"29";"29056";"1";"2";"1";"3";"D159";"48,44288248";" -4,32470839"
"202400039180";"7";"01";"2024";"20:35";"4";"01";"01029";"2";"1";"8";"1";"100 Rue Principale";"46,41137700";"5,26792800"
"202400039181";"5";"04";"2024";"10:30";"1";"33";"33063";"2";"1";"1";"6";"N/A";"44,86222000";" -0,58491400"
"202400039182";"24";"02";"2024";"19:50";"5";"33";"33063";"2";"3";"2";"2";"N/A";"44,86818708";" -0,57042271"
"202400039183";"13";"05";"2024";"19:00";"1";"29";"29173";"1";"1";"9";"1";"Route de Douarnenez";"48,00627283";" -4,17005417"
"202400039184";"5";"04";"2024";"11:00";"1";"33";"33529";"2";"1";"1";"6";"N/A";"44,63321000";" -1,15057000"
"202400039185";"13";"05";"2024";"19:10";"1";"18";"18018";"1";"1";"1";"2";"N/A";"47,03306800";"2,63532400"
"202400039186";"15";"03";"2024";"22:15";"3";"30";"30189";"2";"3";"1";"3";"POMPIDOU GEORGES (AVENUE)";"43,83218000";"4,34993000"
"202400039187";"13";"01";"2024";"18:50";"3";"06";"06129";"2";"1";"1";"5";"PK 21+800 RM 2205";"44,06669000";"7,11476300"
"202400039188";"12";"05";"2024";"18:20";"1";"10";"10153";"1";"1";"3";"6";"D374";"48,44001089";"3,50538969"
"202400039189";"13";"01";"2024";"15:20";"1";"50";"50082";"1";"1";"1";"7";"Route de Carteret. (Le Vrétot)";"49,44441200";" -1,70815900"
"202400039190";"13";"05";"2024";"16:30";"1";"36";"36088";"2";"1";"1";"6";"Avenue du Colombier";"46,94877301";"2,00747875"
"202400039191";"24";"02";"2024";"19:06";"5";"33";"33318";"2";"6";"2";"6";"N/A";"44,79083000";" -0,63373000"
"202400039192";"5";"04";"2024";"08:55";"1";"29";"29019";"2";"6";"1";"6";"rue Jean Macé";"48,38892100";" -4,49147500"
"202400039193";"14";"05";"2024";"10:15";"1";"16";"16064";"1";"2";"1";"3";"N/A";"45,97013400";"0,94286100"
"202400039194";"13";"01";"2024";"19:20";"3";"36";"36018";"2";"4";"9";"3";"Rue de la Trimouille";"46,62263217";"1,05278536"
"202400039195";"23";"02";"2024";"14:10";"1";"33";"33063";"2";"3";"2";"3";"N/A";"44,86206500";" -0,55588600"
"202400039196";"4";"04";"2024";"19:55";"1";"29";"29019";"2";"3";"1";"6";"rue du Carpon";"48,38933600";" -4,50032200"
"202400039197";"13";"01";"2024";"22:30";"3";"24";"24286";"1";"1";"5";"6";"Route des Coteaux";"45,27266300";"0,47342600"
"202400039198";"12";"05";"2024";"16:11";"1";"17";"17224";"2";"2";"7";"1";"Départementale 121";"45,86228100";" -0,31193000"
"202400039199";"5";"04";"2024";"10:58";"1";"14";"14366";"2";"1";"1";"7";"62 Rue Henry Chéron";"49,14528000";"0,22411000"
"202400039200";"14";"05";"2024";"05:50";"3";"37";"37124";"1";"1";"2";"6";"D976";"47,36602700";"0,78992700"
"202400039201";"22";"02";"2024";"20:14";"5";"33";"33063";"2";"2";"2";"3";"N/A";"44,84872000";" -0,62300000"
"202400039202";"5";"04";"2024";"21:45";"3";"13";"13019";"2";"3";"1";"3";"D60 A";"43,44486000";"5,37248000"
"202400039203";"13";"05";"2024";"20:20";"2";"67";"67212";"1";"1";"1";"1";"M400";"48,55174200";"7,65267500"
"202400039204";"14";"01";"2024";"11:00";"1";"45";"45247";"1";"1";"8";"7";"A77 PR 24 + 600";"48,02704500";"2,67637300"
"202400039205";"14";"01";"2024";"11:30";"1";"77";"77306";"1";"1";"1";"6";"Autoroute A Barrière de péage des Eprunes direction PARIS";"48,58921200";"2,65761900"
"202400039206";"5";"04";"2024";"23:05";"5";"13";"13103";"2";"3";"1";"3";"AVENUE JUIN - DU 18 ... 1940";"43,62796000";"5,10696000"
"202400039207";"13";"05";"2024";"17:00";"1";"06";"06085";"1";"1";"1";"4";"A8";"43,58672343";"7,03083438"
"202400039208";"22";"02";"2024";"09:25";"1";"33";"33069";"2";"3";"1";"3";"N/A";"44,85751000";" -0,59144000"
"202400039209";"27";"01";"2024";"20:00";"3";"976";"97604";"1";"1";"1";"1";"D4";" -12,92974000";"45,11797400"
"202400039210";"5";"04";"2024";"16:00";"1";"13";"13209";"2";"3";"1";"3";"MICHELET (BOULEVARD)";"43,25535000";"5,40131000"
"202400039211";"14";"01";"2024";"08:40";"1";"03";"03297";"1";"1";"9";"2";"Autoroute A71 Pk 276+700";"46,51753200";"2,57964100"
"202400039212";"21";"02";"2024";"18:20";"1";"33";"33063";"2";"2";"1";"3";"CRS VICTOR HUGO";"44,83509000";" -0,57500000"
"202400039213";"12";"05";"2024";"14:31";"1";"73";"73008";"1";"1";"1";"5";"A41";"45,70336700";"5,92840000"
"202400039214";"2";"04";"2024";"16:25";"1";"11";"11069";"2";"1";"1";"5";"ROCADE EST RD 6113";"43,21972000";"2,38086000"
"202400039215";"13";"01";"2024";"11:35";"1";"38";"38193";"2";"3";"1";"3";"Rue du Lans";"45,61925700";"5,22204100"
"202400039216";"21";"02";"2024";"09:45";"1";"33";"33069";"2";"6";"1";"3";"N/A";"44,86370400";" -0,59478000"
"202400039217";"5";"04";"2024";"20:20";"5";"06";"06088";"2";"1";"1";"6";"15 Promenade des Anglais";"43,69475000";"7,26428000"
"202400039218";"13";"05";"2024";"14:00";"1";"69";"69242";"1";"1";"1";"2";"Autoroute 6";"46,12331804";"4,76398257"
"202400039219";"14";"01";"2024";"08:30";"1";"03";"03186";"1";"1";"8";"4";"A 71 PK 317+900";"46,33009900";"2,95819800"
"202400039220";"5";"04";"2024";"15:30";"1";"06";"06029";"2";"1";"1";"3";"33 Boulevard de la Croisette";"43,55053000";"7,02252000"
"202400039221";"21";"02";"2024";"07:00";"2";"33";"33281";"2";"6";"1";"3";"N/A";"44,83271000";" -0,67867000"
"202400039222";"13";"05";"2024";"17:30";"1";"28";"28372";"1";"1";"1";"1";"D4";"48,64439400";"1,57602300"
"202400039223";"14";"01";"2024";"18:00";"3";"64";"64125";"1";"1";"2";"6";"A63, PK 187.500";"43,42551334";" -1,59277404"
"202400039224";"3";"04";"2024";"19:18";"1";"05";"05061";"2";"2";"1";"3";"FRANCOIS MITTERAND (AVENUE)";"44,54758800";"6,06554800"
"202400039225";"20";"02";"2024";"10:00";"1";"33";"33009";"2";"8";"1";"7";"N/A";"44,65657100";" -1,16040400"
"202400039226";"13";"05";"2024";"14:25";"1";"21";"21292";"2";"3";"1";"6";"Av de la 1ere Armee Francaise";"47,24074000";"5,21738500"
"202400039227";"27";"02";"2024";"10:52";"1";"32";"32013";"2";"1";"2";"7";"PYRENEES (AVENUE DES)";"43,63740000";"0,58390000"
"202400039228";"5";"04";"2024";"00:35";"5";"75";"75112";"2";"1";"1";"4";"BD PERIPHERIQUE INTERIEUR";"48,84046400";"2,41346600"
"202400039229";"13";"05";"2024";"19:20";"1";"57";"57561";"2";"1";"1";"1";"Rue de Schmittviller";"48,99348192";"7,21331005"
"202400039230";"28";"02";"2024";"20:00";"3";"31";"31555";"2";"1";"1";"2";"21 DEMOISELLES  (PERIPH OUEST A620)";"43,57343026";"1,46574609"
"202400039231";"4";"04";"2024";"00:35";"5";"75";"75116";"2";"1";"1";"2";"BD PERIPHERIQUE INTERIEUR";"48,87121800";"2,27333200"
"202400039232";"14";"01";"2024";"20:35";"3";"988";"98803";"1";"3";"1";"3";"RT1/Route de Nessadiou";" -21,61920800";"165,54912400"
"202400039233";"27";"02";"2024";"18:30";"2";"31";"31555";"2";"1";"2";"3";"AV PIERRE G LATECOERE";"43,55526000";"1,48161000"
"202400039234";"3";"04";"2024";"17:30";"1";"75";"75116";"2";"1";"1";"3";"BD PERIPHERIQUE EXTERIEUR";"48,86497800";"2,26742700"
"202400039235";"26";"02";"2024";"20:20";"5";"31";"31555";"2";"4";"2";"3";"AV LOUIS BAZERQUES";"43,57108000";"1,39174000"
"202400039236";"13";"05";"2024";"12:30";"1";"38";"38072";"2";"1";"1";"2";"Place de France";"45,31812200";"4,81932900"
"202400039237";"4";"04";"2024";"11:30";"1";"75";"75105";"2";"2";"3";"3";"RUE SAINT JACQUES";"48,85080400";"2,34553600"
"202400039238";"24";"02";"2024";"00:19";"5";"31";"31555";"1";"1";"1";"7";"VA008493 LA CRABE A624 Sortie 2";"43,61068387";"1,37572110"
"202400039239";"2";"01";"2024";"14:16";"1";"77";"77505";"1";"1";"6";"7";"D19";"48,93682900";"2,98706900"
"202400039240";"13";"05";"2024";"13:58";"1";"38";"38085";"2";"1";"1";"2";"Route de Lyon";"45,75292100";"5,14675900"
"202400039241";"5";"04";"2024";"16:20";"1";"75";"75117";"2";"3";"2";"6";"RUE CARDINET";"48,89113600";"2,31798800"
"202400039242";"5";"04";"2024";"04:30";"5";"75";"75114";"2";"1";"1";"7";"AVENUE DU GENERAL LECLERC";"48,82636100";"2,32629500"
"202400039243";"13";"01";"2024";"16:30";"1";"78";"78597";"1";"1";"1";"1";"D928";"48,95372300";"1,65643000"
"202400039244";"14";"05";"2024";"08:20";"1";"46";"46015";"1";"1";"2";"1";"lieu dit pont de veyre";"44,65931100";"2,12275400"
"202400039245";"4";"04";"2024";"09:00";"1";"75";"75112";"2";"3";"2";"6";"BOULEVARD DIDEROT";"48,84757000";"2,38895000"
"202400039246";"20";"02";"2024";"19:30";"2";"31";"31555";"2";"1";"1";"3";"ETATS UNIS (AV DES) DU 1AU 281";"43,65209300";"1,42468300"
"202400039247";"13";"05";"2024";"18:55";"1";"17";"17304";"1";"1";"1";"7";"le chail";"45,67215000";" -0,49601000"
"202400039248";"5";"04";"2024";"15:30";"1";"75";"75110";"2";"1";"1";"2";"BOULEVARD DE LA CHAPELLE";"48,88430800";"2,36324400"
"202400039249";"20";"02";"2024";"17:52";"2";"31";"31555";"2";"1";"1";"3";"RTE DE NARBONNE";"43,55715500";"1,46535500"
"202400039250";"14";"01";"2024";"07:45";"2";"30";"30132";"2";"1";"1";"7";"N/A";"44,21038972";"4,03245717"
"202400039251";"5";"04";"2024";"10:05";"1";"75";"75108";"2";"3";"2";"6";"RUE LA BOETIE";"48,87440700";"2,31864100"
"202400039252";"13";"05";"2024";"20:15";"1";"33";"33058";"1";"3";"2";"3";"N/A";"45,11486700";" -0,65442100"
"202400039253";"19";"02";"2024";"23:23";"4";"31";"31555";"1";"1";"1";"3";"VA007440 LES MINIMES A620 Sortie 31";"43,62675000";"1,41979000"
"202400039254";"14";"05";"2024";"15:20";"1";"22";"22086";"1";"1";"1";"1";"D7";"48,74090800";" -3,03527400"
"202400039255";"13";"01";"2024";"16:15";"1";"84";"84003";"1";"1";"1";"1";"Route de Marseille";"43,86810100";"5,36961100"
"202400039256";"4";"04";"2024";"17:05";"1";"94";"94042";"2";"1";"1";"2";"Rue Hippolyte Pinson";"48,81688200";"2,46590700"
"202400039257";"10";"05";"2024";"19:25";"1";"83";"83137";"1";"1";"1";"4";"A57";"43,12474594";"5,96730367"
"202400039258";"4";"04";"2024";"16:30";"1";"94";"94058";"2";"2";"1";"3";"Rue Laterale au Viaduc / Rue de l'Yser";"48,83394300";"2,49573700"
"202400039259";"18";"02";"2024";"17:37";"1";"31";"31555";"1";"1";"1";"5";"24 EMPALOT  (PERIPH OUEST A620)";"43,57530000";"1,44057000"
"202400039260";"26";"04";"2024";"13:00";"1";"69";"69259";"1";"1";"1";"3";"Route Départementale 301";"45,68670000";"4,87289000"
"202400039261";"5";"04";"2024";"13:50";"1";"94";"94041";"2";"1";"1";"3";"Quai Marcel Boyer";"48,82471000";"2,38945000"
"202400039262";"14";"01";"2024";"00:01";"5";"54";"54199";"2";"1";"9";"6";"9 Place du 18 Septembre 1944";"48,49760000";"6,65441900"
"202400039263";"12";"05";"2024";"12:55";"1";"33";"33366";"1";"1";"2";"6";"N/A";"44,98047500";" -0,43000000"
"202400039264";"20";"02";"2024";"23:50";"3";"30";"30189";"1";"1";"1";"1";"4639-4455 Avenue Kennedy";"43,81570000";"4,30360000"
"202400039265";"5";"04";"2024";"16:30";"1";"94";"94022";"2";"2";"1";"3";"Avenue Georges Halgoult / Avenue du 25 Aout 1944";"48,76296400";"2,40158200"
"202400039266";"6";"05";"2024";"20:40";"1";"62";"62498";"1";"1";"1";"7";"A21";"50,45171074";"2,82155567"
"202400039267";"13";"01";"2024";"21:35";"5";"38";"38481";"1";"1";"1";"7";"Chemin du Grillet";"45,55418100";"5,33059500"
"202400039268";"5";"04";"2024";"03:00";"5";"94";"94073";"2";"1";"1";"6";"Avenue de Versailles";"48,75900320";"2,39551735"
"202400039269";"13";"05";"2024";"11:40";"1";"91";"91064";"1";"1";"1";"3";"RN 118";"48,74588000";"2,19395000"
"202400039270";"27";"02";"2024";"08:55";"1";"29";"29232";"2";"1";"1";"6";"Avenue Pierre Mendes-France";"47,97493700";" -4,12868400"
"202400039271";"14";"01";"2024";"16:00";"1";"81";"81105";"1";"4";"1";"6";"Chemin de la Vayssière";"43,75094700";"2,00326100"
"202400039272";"5";"04";"2024";"18:31";"1";"94";"94017";"2";"1";"1";"6";"ALEXANDRE FOURNY ";"48,81886722";"2,51918140"
"202400039273";"14";"01";"2024";"01:30";"4";"47";"47094";"1";"1";"1";"7";"D6";"44,43611000";"0,25075600"
"202400039274";"11";"05";"2024";"21:00";"2";"92";"92048";"1";"1";"1";"2";"N118";"48,79379358";"2,21880725"
"202400039275";"23";"02";"2024";"11:55";"1";"29";"29232";"1";"1";"2";"2";"Rd 365 - Avenue du Morbihan";"47,97857884";" -4,04786871"
"202400039276";"5";"04";"2024";"15:50";"1";"93";"93064";"2";"5";"1";"3";"Boulevard Gabriel Péri / Avenue du Général de Gaulle";"48,87749607";"2,47910857"
"202400039277";"13";"05";"2024";"16:55";"1";"93";"93005";"1";"9";"1";"3";"A3";"48,95493345";"2,47355044"
"202400039278";"13";"01";"2024";"18:50";"3";"35";"35012";"1";"2";"8";"1";"La Filouzais";"47,82838700";" -1,70803600"
"202400039279";"4";"04";"2024";"19:10";"1";"93";"93077";"2";"3";"1";"6";"Avenue de Rosny / Rue Poussin";"48,88476000";"2,50628000"
"202400039280";"22";"02";"2024";"14:00";"1";"29";"29232";"2";"3";"2";"3";"Rue Yves Philippe";"48,00038300";" -4,11570500"
"202400039281";"8";"02";"2024";"16:30";"1";"75";"75120";"2";"2";"2";"6";"50 rue Orfila";"48,86666100";"2,39713200"
"202400039282";"14";"01";"2024";"05:45";"3";"35";"35244";"1";"1";"1";"6";"Beau Soleil";"48,36889955";" -1,49909869"
"202400039283";"5";"04";"2024";"16:51";"1";"93";"93051";"2";"1";"1";"2";"Rue du Marechal Juin";"48,84204452";"2,56992102"
"202400039284";"12";"05";"2024";"17:00";"1";"974";"97416";"1";"1";"1";"7";"CD 26";" -21,29963000";"55,43629000"
"202400039285";"21";"02";"2024";"20:45";"5";"29";"29232";"2";"3";"3";"3";"Rue Saint Julien";"47,99272000";" -4,09129000"
"202400039286";"14";"01";"2024";"05:15";"3";"02";"02391";"1";"1";"9";"6";"le coq banni";"49,81116900";"4,09360900"
"202400039287";"5";"04";"2024";"07:15";"2";"93";"93050";"2";"2";"1";"3";"Rue Marx Dormoy / Rue de l'Amiral Courbet";"48,85501000";"2,53195000"
"202400039288";"12";"05";"2024";"17:50";"2";"974";"97411";"2";"1";"1";"1";"LITTORAL (ROUTE 2 DU)";" -20,88571000";"55,49862000"
"202400039289";"14";"01";"2024";"07:40";"5";"59";"59036";"2";"1";"9";"7";"Rue des Pres";"50,12381500";"3,93101300"
"202400039290";"20";"02";"2024";"08:01";"1";"29";"29232";"2";"1";"2";"2";"1 Rue de Kerivoal";"48,00643000";" -4,10749700"
"202400039291";"5";"04";"2024";"19:00";"1";"93";"93010";"2";"2";"1";"3";"Avenue Galliéni / Avenue Pasteur";"48,90701800";"2,48873200"
"202400039292";"20";"02";"2024";"07:30";"5";"29";"29232";"2";"3";"2";"3";"Rue de Benodet";"47,98408000";" -4,10486000"
"202400039293";"12";"01";"2024";"11:40";"1";"83";"83144";"1";"1";"1";"4";"A57";"43,13924220";"5,99734560"
"202400039294";"12";"05";"2024";"12:45";"1";"972";"97209";"2";"2";"1";"3";"MARTIN LUTHER KING (RUE)";"14,61005000";" -61,07382000"
"202400039295";"5";"04";"2024";"14:20";"1";"93";"93010";"2";"3";"1";"6";"Avenue Jean Lebas / Avenue Suzanne Buisson";"48,91411100";"2,48165800"
"202400039296";"13";"01";"2024";"00:05";"5";"69";"69142";"1";"1";"1";"2";"Route de Métropole 7";"45,72768000";"4,81657000"
"202400039297";"24";"02";"2024";"14:40";"1";"29";"29039";"2";"3";"1";"2";"LE LAY ( AVENUE ALAIN )";"47,87692720";" -3,91520441"
"202400039298";"11";"05";"2024";"20:30";"5";"972";"97209";"2";"3";"1";"3";"ENTRAIDE (ROUTE DE L')";"14,62000000";" -61,05600000"
"202400039299";"5";"04";"2024";"12:20";"1";"92";"92064";"2";"9";"1";"3";"MAGENTA PLACE";"48,84227801";"2,20713043"
"202400039300";"13";"01";"2024";"20:15";"4";"33";"33249";"1";"1";"1";"6";"N/A";"44,88455000";" -0,51328000"
"202400039301";"5";"04";"2024";"09:20";"1";"92";"92047";"1";"1";"2";"2";"AUTOROUTE A 13";"48,83252509";"2,15341347"
"202400039302";"22";"02";"2024";"16:45";"1";"29";"29019";"2";"2";"1";"3";"rue de Narvik";"48,38343000";" -4,48402000"
"202400039303";"12";"05";"2024";"19:38";"1";"69";"69382";"2";"7";"1";"3";"Rue Président Edouard Herriot";"45,76073000";"4,83410000"
"202400039304";"5";"04";"2024";"13:50";"1";"92";"92051";"2";"2";"1";"1";"WINSTON CHURCHILL (PLACE)";"48,88341427";"2,27352548"
"202400039305";"10";"05";"2024";"23:55";"5";"971";"97107";"2";"1";"1";"7";"FRONT DE MER ( BOULEVARD)";"16,04248000";" -61,56436000"
"202400039306";"20";"02";"2024";"21:25";"5";"29";"29019";"2";"3";"1";"6";"rue de Gouesnou";"48,41608000";" -4,46812000"
"202400039307";"13";"01";"2024";"18:39";"5";"33";"33039";"1";"1";"1";"4";"N/A";"44,78977900";" -0,54082000"
"202400039308";"4";"04";"2024";"15:20";"1";"92";"92050";"2";"1";"1";"2";"VAILLANT COUTURIER PAUL RUE";"48,87959226";"2,20788342"
"202400039309";"12";"05";"2024";"22:00";"5";"91";"91345";"2";"2";"1";"3";"L YVETTE (RUE DE)";"48,69346000";"2,29141000"
"202400039310";"24";"02";"2024";"07:20";"3";"28";"28134";"2";"9";"1";"5";"RN 12 (ARCHE DU GAZON)";"48,74266200";"1,32324600"
"202400039311";"4";"04";"2024";"20:35";"2";"92";"92035";"2";"3";"1";"2";"National ( boulevard )";"48,90458571";"2,23916146"
"202400039312";"12";"05";"2024";"07:00";"1";"91";"91027";"2";"1";"1";"2";"RTE NATIONALE 7";"48,70562000";"2,37154000"
"202400039313";"22";"02";"2024";"02:10";"5";"28";"28404";"2";"6";"2";"7";"DE GAULLE (ROND POINT CHARLES)";"48,71210000";"1,36005000"
"202400039314";"13";"01";"2024";"10:55";"1";"33";"33063";"1";"1";"5";"4";"N/A";"44,88236700";" -0,54942300"
"202400039315";"12";"05";"2024";"04:00";"5";"91";"91223";"2";"1";"1";"6";"NEUVE ST-GILLES (RUE)";"48,43138000";"2,15072000"
"202400039316";"4";"04";"2024";"17:05";"1";"92";"92024";"2";"1";"1";"3";"HENRI BARBUSSE (RUE) DE (1 A 73)   (2 A";"48,89845825";"2,30254340"
"202400039317";"12";"01";"2024";"22:04";"3";"91";"91235";"1";"1";"1";"6";"RN 104";"48,62407000";"2,36764000"
"202400039318";"25";"02";"2024";"14:10";"1";"27";"27681";"2";"1";"2";"7";"DE LATTRE DE TASSIGNY (AVENUE DU MAL)";"49,07759000";"1,46467000"
"202400039319";"12";"05";"2024";"02:30";"5";"89";"89338";"2";"9";"1";"2";"REPUBLIQUE (RUE DE LA)";"48,21762000";"3,28697000"
"202400039320";"6";"04";"2024";"00:50";"3";"39";"39487";"1";"1";"1";"6";"N/A";"46,58566800";"5,95321900"
"202400039321";"6";"04";"2024";"18:32";"1";101;101249";"2";"1";"1";"6";"Avenue Napoleon III";"41,67524400";"8,89815300"
"202400039322";"27";"02";"2024";"17:35";"1";"27";"27229";"2";"3";"1";"3";"VERNON (RUE DE)";"49,03076000";"1,16050000"
"202400039323";"12";"01";"2024";"20:40";"3";"78";"78133";"1";"1";"1";"4";"A13";"48,89303200";"2,00841900"
"202400039324";"6";"04";"2024";"08:30";"1";"51";"51423";"2";"1";"1";"1";"Rue Neuve";"48,76906400";"4,84632800"
"202400039325";"23";"02";"2024";"15:50";"1";"27";"27229";"2";"1";"1";"3";"CITES UNIES (BOULEVARD DES)";"49,01309500";"1,14222200"
"202400039326";"13";"01";"2024";"02:15";"4";"93";"93066";"1";"1";"1";"2";"AUTOROUTE A1";"48,91859779";"2,35732537"
"202400039327";"12";"05";"2024";"13:24";"1";"83";"83137";"2";"2";"1";"4";"BROSSET (BD GENERAL)";"43,12900000";"5,90215000"
"202400039328";"12";"01";"2024";"16:00";"1";"974";"97411";"2";"1";"1";"6";"COCOTIERS (AVENUE DES)";" -20,89330000";"55,46090000"
"202400039329";"20";"02";"2024";"15:38";"1";"27";"27229";"2";"1";"1";"2";"GAMBETTA (BOULEVARD)";"49,01921000";"1,15214000"
"202400039330";"5";"04";"2024";"17:00";"1";"01";"01090";"1";"2";"1";"3";"D90a";"46,01971900";"5,21820500"
"202400039331";"12";"01";"2024";"11:50";"1";"973";"97302";"2";"1";"1";"2";"TIGRE (ROUTE DU)";"4,92061000";" -52,32142000"
"202400039332";"5";"04";"2024";"12:10";"1";"68";"68277";"1";"3";"1";"2";"D1B";"48,16454000";"7,31375600"
"202400039333";"12";"01";"2024";"13:50";"1";"69";"69386";"2";"4";"8";"3";"50 Rue Juliette Récamier";"45,76778566";"4,85837185"
"202400039334";"4";"04";"2024";"21:30";"5";"972";"97225";"2";"1";"1";"4";"Rue Bouille";"14,74678800";" -61,17727200"
"202400039335";"27";"02";"2024";"20:10";"5";"25";"25056";"2";"1";"1";"1";"LEDOUX RUE DOCTEUR EMILE";"47,25229000";"6,02790000"
"202400039336";"12";"01";"2024";"16:55";"1";"972";"97213";"1";"4";"1";"3";"ACAJOU PROLONGEE";"14,62640000";" -61,01801000"
"202400039337";"6";"04";"2024";"15:00";"1";"76";"76616";"2";"4";"1";"6";"Rue André Mabire";"49,53085300";"0,24307300"
"202400039338";"12";"01";"2024";"23:35";"5";"69";"69381";"2";"3";"1";"6";"19 Quai André Lassagne";"45,76906809";"4,83813583"
"202400039339";"27";"02";"2024";"08:50";"1";"25";"25056";"2";"3";"1";"3";"N/A";"47,23381400";"6,00706000"
"202400039340";"5";"04";"2024";"20:15";"2";"67";"67485";"1";"1";"1";"1";"D341";"48,62574600";"7,61433300"
"202400039341";"12";"01";"2024";"11:24";"1";100;100033";"2";"6";"1";"6";"11 - RT";"42,66277000";"9,44217000"
"202400039342";"24";"02";"2024";"16:45";"1";"25";"25056";"2";"1";"1";"3";"DOLE RUE DE (sup 200)";"47,22118000";"5,95700000"
"202400039343";"5";"04";"2024";"16:15";"1";"74";"74272";"2";"1";"1";"3";"404 Route d'Epagny";"45,94288800";"6,06590700"
"202400039344";"11";"01";"2024";"21:35";"5";"971";"97101";"1";"1";"1";"7";"Frédéric JALTON";"16,27636000";" -61,50130000"
"202400039345";"11";"05";"2024";"00:47";"5";"79";"79191";"2";"2";"1";"6";"N/A";"46,31520000";" -0,47442000"
"202400039346";"22";"02";"2024";"12:27";"1";"25";"25056";"2";"1";"6";"6";"MONTBOUCONS CHEMIN DES";"47,25327000";"5,99712800"
"202400039347";"11";"01";"2024";"11:40";"1";"95";"95427";"2";"1";"1";"6";"JULES FERRY (RUE)";"48,95809693";"2,33543962"
"202400039348";"5";"04";"2024";"08:00";"1";"42";"42231";"2";"3";"1";"3";"219 Rue de Persigny";"46,10279400";"3,96652600"
"202400039349";"10";"05";"2024";"17:50";"1";"78";"78551";"1";"2";"7";"3";"RN 184";"48,93956000";"2,09573000"
"202400039350";"21";"02";"2024";"16:30";"1";"23";"23096";"1";"2";"2";"3";"N/A";"46,14369000";"1,86643000"
"202400039351";"12";"01";"2024";"18:35";"2";"95";"95063";"2";"3";"1";"3";"D392";"48,93534208";"2,20808579"
"202400039352";"12";"05";"2024";"16:35";"1";"77";"77379";"1";"1";"8";"3";"Route Départementale 74 A";"48,55370000";"3,31987000"
"202400039353";"5";"04";"2024";"10:15";"1";"44";"44137";"1";"1";"2";"2";"N/A";"47,35737400";" -2,00380300"
"202400039354";"12";"01";"2024";"19:15";"3";"91";"91103";"1";"1";"1";"3";"DEVI RD 19";"48,60357000";"2,32053000"
"202400039355";"6";"04";"2024";"09:30";"1";"59";"59015";"2";"1";"1";"6";"Arleux";"50,26884600";"3,12331400"