"Num_Acc";"jour";"mois";"an";"hrmn";"lum";"dep";"com";"agg";"int";"atm";"col";"adr";"lat";"long"
"202400039356";"20";"02";"2024";"06:40";"5";"19";"19275";"2";"6";"8";"3";"PRE PASCAL (AVENUE)";"45,54664000";"2,31630000"
"202400039357";"12";"01";"2024";"18:30";"5";"91";"91191";"2";"1";"1";"6";"Jean Jaures (Avenue)";"48,71279000";"2,46474000"
"202400039358";"12";"05";"2024";"16:40";"1";"77";"77373";"2";"6";"1";"1";"rue de la République";"48,80036623";"2,60757744"
"202400039359";"24";"02";"2024";"17:00";"1";"19";"19031";"2";"9";"8";"3";"Rue Georges Braque";"45,15392036";"1,50578235"
"202400039360";"10";"05";"2024";"12:35";"1";"76";"76545";"1";"1";"1";"3";"RD 154E";"49,89689000";"1,11993000"
"202400039361";"5";"04";"2024";"20:50";"3";"30";"30034";"1";"3";"1";"1";"D38";"43,75499300";"4,52817600"
"202400039362";"12";"05";"2024";"02:40";"5";"73";"73008";"2";"1";"1";"6";"MARLIOZ AVENUE DE";"45,67914346";"5,91040984"
"202400039363";"13";"01";"2024";"01:45";"3";"85";"85194";"2";"9";"1";"6";"Rue du 8 mai 1945";"46,54061000";" -1,77077800"
"202400039364";"6";"04";"2024";"15:05";"1";"04";"04161";"1";"1";"1";"7";"piste de vautreuil";"44,36670900";"6,46666400"
"202400039365";"22";"02";"2024";"13:20";"1";"19";"19031";"2";"3";"1";"3";"VOLTAIRE (BOULEVARD)";"45,16008000";"1,54070000"
"202400039366";"6";"04";"2024";"16:50";"1";"91";"91577";"2";"1";"1";"3";"194 Route de Melun";"48,59401300";"2,50190000"
"202400039367";"12";"05";"2024";"21:20";"1";"69";"69282";"1";"6";"1";"3";"Rue de la République";"45,76704000";"4,99639000"
"202400039368";"11";"01";"2024";"10:20";"1";"83";"83098";"1";"9";"2";"1";"FOUX (CHEMIN DE LA)";"43,11684740";"6,02781202"
"202400039369";"6";"04";"2024";"13:25";"1";"74";"74278";"2";"1";"1";"7";"1851 Avenue des vallées";"46,08437900";"6,53278800"
"202400039370";"20";"02";"2024";"19:05";"5";"19";"19031";"2";"1";"1";"1";"DUBAYLE (RUE ANTOINE)";"45,14545502";"1,49044475"
"202400039371";"12";"05";"2024";"20:15";"1";"69";"69266";"2";"1";"1";"6";"Route de Genas";"45,75494940";"4,87692964"
"202400039372";"12";"01";"2024";"10:40";"1";"83";"83069";"2";"2";"1";"6";"CAWELL (AVENUE EDITH)";"43,11038112";"6,12569520"
"202400039373";"18";"02";"2024";"03:40";"4";"19";"19031";"2";"1";"1";"6";"SEMARD (AVENUE PIERRE) JUSQU'A N° 73 - 6";"45,15521754";"1,51546347"
"202400039374";"6";"04";"2024";"18:10";"1";"82";"82178";"1";"2";"1";"3";"Route du Burgaud";"43,83835694";"1,19396035"
"202400039375";"12";"05";"2024";"16:37";"1";"63";"63300";"1";"1";"2";"7";"RD 2009";"45,89613377";"3,14016670"
"202400039376";"12";"01";"2024";"20:45";"5";"83";"83118";"2";"4";"1";"3";"RUE DE CHÂTEAUDUN";"43,42652212";"6,76963224"
"202400039377";"11";"05";"2024";"09:30";"1";"62";"62528";"1";"1";"7";"6";"Rue du Grand Mont";"50,44655514";"2,80115658"
"202400039378";"16";"02";"2024";"20:45";"5";"19";"19031";"2";"2";"1";"3";"BRUNE (BOULEVARD)";"45,15311000";"1,53583000"
"202400039379";"27";"03";"2024";"17:30";"1";"33";"33202";"1";"1";"1";"1";"N/A";"44,50889800";" -0,63641800"
"202400039380";"12";"01";"2024";"20:50";"5";"80";"80021";"2";"1";"1";"6";"Place Vogel";"49,89738000";"2,29777000"
"202400039381";"5";"04";"2024";"17:30";"1";"32";"32372";"2";"1";"6";"7";"D654";"43,69899200";"0,99782500"
"202400039382";"26";"02";"2024";"13:45";"1";"18";"18279";"1";"1";"2";"6";"N/A";"47,24540000";"2,09567000"
"202400039383";"12";"01";"2024";"02:05";"3";"79";"79191";"1";"1";"1";"7";"N/A";"46,31815000";" -0,39568000"
"202400039384";"12";"05";"2024";"17:30";"1";"61";"61001";"2";"1";"1";"2";"D438";"48,42714000";"0,09302000"
"202400039385";"6";"04";"2024";"14:38";"1";"71";"71410";"2";"1";"1";"6";"D978";"46,70058900";"5,07479000"
"202400039386";"12";"01";"2024";"18:30";"3";"76";"76681";"2";"4";"1";"6";"Rue du Madrillet";"49,40623010";"1,07580494"
"202400039387";"23";"02";"2024";"16:15";"1";"17";"17306";"2";"1";"2";"3";"FRONT DE MER (PROMENADE DE)";"45,62438000";" -1,02482000"
"202400039388";"6";"04";"2024";"11:40";"1";"63";"63426";"1";"4";"1";"3";"RD922 / impasse Saraille";"45,56811200";"2,63221300"
"202400039389";"12";"05";"2024";"18:15";"1";"59";"59279";"2";"3";"1";"3";"BARBUSSE (RUE HENRI)";"50,78563000";"3,12694000"
"202400039390";"6";"04";"2024";"07:40";"1";"55";"55498";"1";"1";"1";"7";"D21";"49,02735900";"5,32015100"
"202400039391";"22";"02";"2024";"12:25";"1";"17";"17306";"2";"6";"6";"3";"HEDDE (AVENUE DANIEL)";"45,63626000";" -1,02860000"
"202400039392";"12";"05";"2024";"04:07";"5";"59";"59599";"2";"3";"1";"3";"MARNE (AVENUE DE LA)";"50,70992000";"3,15290000"
"202400039393";"6";"04";"2024";"16:49";"1";"12";"12160";"1";"3";"1";"3";"D907";"44,19790100";"3,18932900"
"202400039394";"19";"02";"2024";"18:00";"1";"16";"16015";"2";"8";"1";"6";"BORDEAUX (ROUTE DE N° IMPAIRS)";"45,63871000";"0,12987000"
"202400039395";"5";"04";"2024";"13:37";"1";"42";"42137";"1";"1";"1";"1";"Chemin du Pont";"45,51800029";"4,04896617"
"202400039396";"12";"05";"2024";"11:30";"1";"58";"58194";"2";"3";"1";"3";"MARZY";"46,98730000";"3,14081000"
"202400039397";"27";"02";"2024";"07:20";"1";"15";"15014";"2";"6";"1";"6";"RN 122 carrefour de l 'europe";"44,90846000";"2,42234000"
"202400039398";"6";"04";"2024";"14:45";"1";"42";"42028";"1";"1";"1";"7";"Chemin de Moulin Ferrand";"45,28855400";"4,59253700"
"202400039399";"5";"04";"2024";"17:30";"1";"46";"46083";"1";"1";"1";"6";"D840";"45,00089200";"1,52950500"
"202400039400";"12";"05";"2024";"10:00";"1";"57";"57463";"2";"2";"1";"3";"AUGUSTE PROST (RUE)";"49,10416000";"6,17452000"
"202400039401";"26";"02";"2024";"13:10";"1";"15";"15014";"2";"5";"2";"1";"Rue Robert Garric";"44,91611000";"2,43777000"
"202400039402";"27";"03";"2024";"17:44";"1";"34";"34332";"1";"4";"1";"3";"D612";"43,30825400";"3,43515300"
"202400039403";"12";"05";"2024";"13:10";"1";"54";"54254";"2";"1";"1";"3";"Rue de la Seine";"49,50986800";"5,80770000"
"202400039404";"6";"04";"2024";"05:50";"2";"39";"39478";"2";"1";"1";"6";"28 Rue Saint-blaise";"46,38185100";"5,85364200"
"202400039405";"24";"02";"2024";"08:55";"1";"14";"14366";"2";"1";"1";"7";"64 Avenue Victor Hugo";"49,14447200";"0,22820400"
"202400039406";"6";"04";"2024";"15:00";"1";"25";"25161";"1";"3";"1";"3";"D39";"47,16751000";"6,60222000"
"202400039407";"22";"02";"2024";"16:16";"1";"14";"14366";"2";"1";"2";"3";"1 Avenue du Président René Coty";"49,14260900";"0,24060500"
"202400039408";"12";"05";"2024";"00:13";"3";"54";"54367";"1";"1";"1";"3";"RN 52";"49,50085000";"5,79830000"
"202400039409";"5";"04";"2024";"15:05";"1";"29";"29274";"1";"1";"2";"5";"Lieu Dit Celeriou";"47,97293929";" -3,70908832"
"202400039410";"12";"05";"2024";"11:42";"1";"54";"54028";"2";"1";"1";"1";"Rue de Metz";"49,21144200";"5,97927800"
"202400039411";"27";"02";"2024";"08:39";"1";"14";"14118";"2";"3";"8";"3";"Boulevard Maréchal Juin";"49,19665000";" -0,39656000"
"202400039412";"11";"05";"2024";"18:25";"1";"51";"51663";"2";"1";"1";"6";"ALFRED ANATOLE THEVENET (AVENUE)";"49,04768000";"3,96487000"
"202400039413";"6";"04";"2024";"15:15";"1";"31";"31040";"1";"1";"1";"3";"D125";"42,89516500";"0,62239600"
"202400039414";"24";"02";"2024";"19:41";"3";"14";"14566";"1";"3";"8";"3";"11 Route de Rosel";"49,20429978";" -0,41310579"
"202400039415";"6";"04";"2024";"14:30";"1";"38";"38108";"1";"1";"1";"1";"D531";"45,07776000";"5,45295200"
"202400039416";"22";"02";"2024";"14:50";"1";"14";"14118";"2";"6";"2";"3";"4 Rue d'Auge";"49,17474000";" -0,35350000"
"202400039417";"12";"05";"2024";"19:26";"2";"45";"45234";"2";"1";"7";"6";"41 Boulevard Guy-Marie Riobé";"47,91296000";"1,91194000"
"202400039418";"6";"04";"2024";"21:15";"3";"02";"02111";"1";"1";"1";"6";"1 Rue de la Croix Blanche";"49,50963400";"3,42164000"
"202400039419";"27";"02";"2024";"17:45";"1";"13";"13117";"2";"1";"1";"3";"ROUTE NATIONALE 113 - AGNEAU";"43,46616949";"5,23199255"
"202400039420";"5";"04";"2024";"12:05";"1";"72";"72219";"2";"9";"1";"3";"Rue de Neuvy";"48,07388500";" -0,05983500"
"202400039421";"12";"05";"2024";"17:00";"1";"45";"45234";"2";"1";"1";"2";"D2020 PR 36 + 6870";"47,88458000";"1,89774000"
"202400039422";"6";"04";"2024";"14:45";"1";"14";"14326";"1";"1";"1";"1";"Route de Cormeilles";"49,17487200";"0,29952800"
"202400039423";"27";"02";"2024";"08:15";"1";"13";"13054";"2";"2";"1";"3";"FIGUERES (RUE DES )";"43,41657000";"5,20978000"
"202400039424";"12";"05";"2024";"18:06";"1";"38";"38185";"2";"1";"1";"3";"COURS JEAN JAURÈS";"45,18141000";"5,71671000"
"202400039425";"30";"03";"2024";"14:30";"1";"64";"64191";"2";"4";"1";"3";"Route de Bénéjacq";"43,18406870";" -0,24321131"
"202400039426";"24";"02";"2024";"18:40";"1";"13";"13054";"2";"1";"1";"1";"D9 (BRETELLE)";"43,41307853";"5,22076969"
"202400039427";"6";"04";"2024";"18:10";"1";"07";"07307";"1";"1";"1";"7";"D203";"44,51203100";"4,20209900"
"202400039428";"11";"05";"2024";"09:40";"1";"38";"38053";"2";"6";"1";"3";"ISLE D'ABEAU (ROUTE DE)";"45,60191000";"5,26703000"
"202400039429";"27";"02";"2024";"21:45";"3";"13";"13103";"1";"2";"2";"3";"RN 113";"43,60119000";"5,10170000"
"202400039430";"3";"04";"2024";"17:05";"1";"40";"40217";"1";"1";"1";"5";"Route de Parentis";"44,36979800";" -1,11616400"
"202400039431";"12";"05";"2024";"10:05";"1";"34";"34172";"2";"1";"1";"7";"MAS ARGELLIERS (AVENUE DU)";"43,58553000";"3,88845000"
"202400039432";"22";"02";"2024";"13:45";"1";"13";"13103";"2";"1";"1";"3";"BOULEVARD LEDRU ROLLIN";"43,64608412";"5,09376027"
"202400039433";"5";"04";"2024";"19:35";"2";"17";"17324";"1";"2";"1";"3";"Le Pérou";"45,39879700";" -0,56302800"
"202400039434";"12";"05";"2024";"23:05";"5";"33";"33063";"2";"2";"1";"3";"N/A";"44,82111513";" -0,55007547"
"202400039435";"21";"02";"2024";"10:00";"1";"13";"13103";"2";"1";"1";"1";"BOULEVARD LEDRU ROLLIN";"43,64561251";"5,09378350"
"202400039436";"16";"02";"2024";"09:10";"1";"13";"13056";"1";"1";"1";"6";"RN 568";"43,41330613";"5,01150650"
"202400039437";"12";"05";"2024";"21:30";"5";"33";"33063";"2";"6";"1";"3";"N/A";"44,87054000";" -0,55466000"
"202400039438";"6";"04";"2024";"14:10";"1";"09";"09239";"1";"1";"1";"6";"Le Capelier";"42,69423300";"2,14025300"
"202400039439";"11";"05";"2024";"15:00";"1";"33";"33063";"2";"1";"1";"3";"N/A";"44,83549000";" -0,56932000"
"202400039440";"27";"02";"2024";"20:00";"5";"13";"13205";"2";"1";"2";"1";"BAILLE (BOULEVARD)";"43,28989000";"5,39847000"
"202400039441";"4";"04";"2024";"10:30";"1";"976";"97603";"1";"1";"1";"5";"N3 Nyambadao";" -12,89155900";"45,20830000"
"202400039442";"12";"05";"2024";"07:30";"1";"31";"31555";"2";"1";"1";"1";"AV PIERRE G LATECOERE";"43,55514000";"1,48097000"
"202400039443";"26";"02";"2024";"23:52";"5";"13";"13205";"2";"3";"2";"6";"JEAN MOULIN (BOULEVARD)";"43,29031000";"5,39971000"
"202400039444";"6";"04";"2024";"03:00";"3";"34";"34172";"1";"1";"1";"6";"autoroute A709 pk 014+100 direction Nîmes";"43,58889200";"3,89630500"
"202400039445";"12";"05";"2024";"07:30";"1";"31";"31555";"2";"4";"1";"3";"ECHANGEUR BORDELONGUE (A64/A620)";"43,56871000";"1,42100000"
"202400039446";"24";"02";"2024";"14:50";"1";"13";"13207";"2";"9";"1";"3";"CORDERIE (BOULEVARD DE LA)";"43,29068000";"5,37131000"
"202400039447";"12";"05";"2024";"02:10";"3";"31";"31555";"2";"1";"1";"3";"AV DE REYNERIE";"43,56799056";"1,40770376"
"202400039448";"24";"02";"2024";"00:01";"5";"13";"13205";"2";"9";"1";"2";"JEAN MOULIN (BOULEVARD)";"43,29226000";"5,40105000"
"202400039449";"11";"05";"2024";"17:00";"1";"31";"31149";"2";"1";"1";"2";"Bd VICTOR HUGO";"43,61709200";"1,31344100"
"202400039450";"22";"02";"2024";"19:00";"5";"13";"13212";"2";"2";"2";"3";"GASTON FLOTTE (RUE)";"43,29891910";"5,42978619"
"202400039451";"6";"04";"2024";"05:30";"2";"988";"98814";"1";"1";"1";"7";"Thuahaik (Tribu)";" -20,99225000";"167,29186000"
"202400039452";"12";"05";"2024";"02:15";"5";"30";"30007";"2";"1";"1";"6";"DE GAULLE (AVE DU GENERAL)";"44,12719000";"4,08278000"
"202400039453";"19";"02";"2024";"18:30";"5";"13";"13209";"2";"6";"1";"3";"JULES ISAAC (RUE)";"43,25198486";"5,40061047"
"202400039454";"11";"05";"2024";"07:35";"1";"28";"28134";"1";"1";"1";"7";"D152.4";"48,75832000";"1,33073000"
"202400039455";"5";"04";"2024";"03:30";"3";"971";"97128";"1";"1";"1";"7";"Route Cambourg - Grands-Fonds";"16,26474700";" -61,42390600"
"202400039456";"23";"02";"2024";"14:10";"1";"13";"13047";"2";"9";"1";"3";"RAYMOND FILIPPI AVENUE";"43,49593000";"4,98116000"
"202400039457";"5";"04";"2024";"23:20";"3";"91";"91654";"1";"1";"1";"6";"D153";"48,46179500";"2,41063000"
"202400039458";"10";"05";"2024";"18:20";"1";"22";"22113";"2";"1";"1";"7";"TROROZEC (RUE DE)";"48,72463000";" -3,46256000"
"202400039459";"22";"02";"2024";"20:30";"3";"13";"13047";"1";"1";"1";"1";"R.N 569";"43,48230000";"4,96192000"
"202400039460";"5";"04";"2024";"19:30";"1";"78";"78443";"2";"1";"1";"6";"Route de Thoiry";"48,81527300";"1,86396600"
"202400039461";"12";"05";"2024";"11:11";"1";"13";"13206";"2";"2";"1";"3";"DRAGON (RUE)";"43,28827000";"5,38034000"
"202400039462";"26";"02";"2024";"15:47";"1";"13";"13005";"2";"1";"1";"4";"LAGUNAS (AVENUE SIMON)";"43,29429000";"5,56393000"
"202400039463";"6";"04";"2024";"13:25";"1";"34";"34327";"1";"1";"1";"1";"Rn 113";"43,64894800";"3,95609700"
"202400039464";"23";"02";"2024";"07:45";"1";"13";"13005";"2";"1";"1";"3";"CANIERS (AVENUE DES)";"43,28901100";"5,59392000"
"202400039465";"12";"05";"2024";"23:00";"5";"13";"13001";"2";"6";"1";"3";"BROSSOLETTE PIERRE (AV)";"43,51316000";"5,44229000"
"202400039466";"5";"04";"2024";"16:07";"1";"84";"84122";"2";"8";"1";"1";"Route de Vacqueyras";"44,08709800";"4,97072300"
"202400039467";"20";"02";"2024";"13:40";"1";"13";"13005";"2";"9";"1";"2";"CAMP DE SARLIER ROUTE DE GEMENOS";"43,29826000";"5,59787000"
"202400039468";"19";"07";"2024";"22:45";"3";"08";"08145";"2";"1";"1";"6";"N/A";"49,67654500";"5,02979400"
"202400039469";"12";"05";"2024";"03:01";"4";"08";"08409";"2";"6";"1";"6";"GARE (PLACE DE LA)";"49,69541000";"4,93108000"
"202400039470";"26";"02";"2024";"23:00";"5";"13";"13004";"2";"2";"1";"1";"BD DES LICES";"43,67506000";"4,63237000"
"202400039471";"12";"05";"2024";"08:45";"1";"06";"06069";"2";"1";"1";"6";"58 Route de la Marigarde";"43,65383700";"6,93481700"
"202400039472";"17";"07";"2024";"13:15";"1";"01";"01362";"1";"2";"1";"3";"D6";"45,95834800";"4,87867000"
"202400039473";"27";"02";"2024";"08:40";"1";"13";"13001";"1";"6";"8";"6";"ROQUEFAVOUR (RTE DE)";"43,52056000";"5,35147000"
"202400039474";"12";"05";"2024";"17:53";"1";"01";"01289";"1";"1";"1";"3";"LENT ( ROUTE DE )";"46,16088000";"5,21843000"
"202400039475";"26";"02";"2024";"20:30";"5";"13";"13001";"2";"3";"2";"3";"PETIT BARTHELEMY (AV DU)";"43,51782000";"5,43526000"
"202400039476";"6";"04";"2024";"10:50";"1";"13";"13014";"1";"1";"1";"4";"D113";"43,52173000";"5,19829300"
"202400039477";"24";"02";"2024";"03:18";"5";"13";"13001";"2";"1";"1";"1";"PLATRIERES (CH DES)";"43,56456000";"5,42045000"
"202400039478";"12";"05";"2024";"16:15";"1";"75";"75113";"2";"1";"6";"3";"BD PERIPHERIQUE INTERIEUR";"48,82579100";"2,38658900"
"202400039479";"20";"07";"2024";"13:55";"1";"80";"80806";"1";"1";"1";"6";"Autoroute A16 pk 196+2";"50,31640276";"1,72150612"
"202400039480";"6";"04";"2024";"06:50";"2";"70";"70279";"1";"1";"1";"6";"D67";"47,42040000";"5,61895400"
"202400039481";"21";"02";"2024";"12:30";"1";"13";"13001";"1";"2";"1";"1";"GARDANNE (ROUTE DE )";"43,49841332";"5,40241701"
"202400039482";"20";"07";"2024";"00:13";"3";"68";"68188";"1";"1";"1";"7";"D430";"47,93717600";"7,06330800"
"202400039483";"11";"05";"2024";"03:35";"5";"75";"75117";"2";"1";"1";"2";"BD PERIPHERIQUE EXTERIEUR";"48,90018800";"2,32078100"
"202400039484";"5";"04";"2024";"23:49";"3";"69";"69009";"2";"1";"1";"6";"Route de Lucenay";"45,92946800";"4,70969100"
"202400039485";"12";"05";"2024";"19:15";"1";"75";"75120";"2";"1";"1";"3";"Avenue Cartellier";"48,86466000";"2,41242000"
"202400039486";"18";"02";"2024";"06:15";"5";"12";"12145";"2";"3";"1";"3";"KENNEDY J.F (AVENUE)";"44,09721300";"3,06506100"
"202400039487";"29";"06";"2024";"11:15";"1";"33";"33290";"1";"2";"1";"3";"N/A";"44,95047200";" -0,14931300"
"202400039488";"12";"05";"2024";"17:20";"1";"75";"75119";"2";"1";"2";"3";"RUE CURIAL";"48,89612000";"2,37845700"
"202400039489";"22";"02";"2024";"13:40";"1";"12";"12089";"2";"1";"1";"6";"LAROMIGUIERE";"44,56306000";"2,24787000"
"202400039490";"12";"05";"2024";"11:12";"1";"75";"75119";"2";"1";"1";"6";"AVENUE JEAN JAURES";"48,88814300";"2,39064800"
"202400039491";"6";"04";"2024";"10:15";"1";"09";"09334";"1";"1";"1";"1";"D8";"42,77694400";"1,52289400"
"202400039492";"23";"02";"2024";"08:55";"1";"11";"11069";"2";"9";"1";"6";"N/A";"43,21029000";"2,38925000"
"202400039493";"12";"05";"2024";"09:50";"1";"75";"75119";"2";"1";"1";"6";"AVENUE DE LAUMIERE";"48,88418800";"2,38035900"
"202400039494";"21";"02";"2024";"11:00";"1";"11";"11069";"2";"1";"1";"6";"N/A";"43,21110700";"2,37619600"
"202400039495";"5";"04";"2024";"16:45";"1";"23";"23115";"1";"1";"7";"6";"La Lampe";"45,79870400";"2,28448000"
"202400039496";"20";"07";"2024";"05:15";"2";"51";"51425";"1";"1";"1";"1";"D980";"49,14437300";"3,70739200"
"202400039497";"26";"02";"2024";"15:10";"1";"10";"10357";"2";"1";"2";"6";"AIRE DES MOISSONS";"48,29409000";"4,13124000"
"202400039498";"12";"05";"2024";"02:30";"5";"75";"75118";"2";"2";"1";"3";"VILLA SAINT MICHEL";"48,89039000";"2,32666000"
"202400039499";"25";"02";"2024";"19:24";"5";"10";"10387";"2";"4";"1";"3";"Rue Quennedey";"48,29288000";"4,09099000"
"202400039500";"5";"04";"2024";"14:00";"1";"14";"14228";"1";"1";"1";"1";"D404";"49,28118800";" -0,40308200"
"202400039501";"20";"02";"2024";"06:30";"5";"10";"10362";"2";"3";"2";"7";"Rue Lazare Hoche";"48,29960000";"4,04680000"
"202400039502";"5";"04";"2024";"23:15";"3";"56";"56076";"1";"1";"1";"6";"Locmeltro";"48,04800900";" -3,14507300"
"202400039503";"22";"02";"2024";"18:10";"5";"10";"10387";"2";"1";"3";"2";"PIERRE BROSSOLETTE (RUE)";"48,28900000";"4,07060000"
"202400039504";"5";"04";"2024";"17:19";"1";"22";"22143";"2";"1";"1";"6";"Route de SAINTCAST";"48,60214800";" -2,28592300"
"202400039505";"19";"07";"2024";"16:00";"1";"974";"97412";"2";"1";"1";"2";"117 Rue Marcel Pagnol";" -21,37337400";"55,66850700"
"202400039506";"21";"02";"2024";"13:46";"1";"10";"10387";"2";"1";"1";"6";"Rue des Bas Trevois";"48,29050000";"4,08220000"
"202400039507";"12";"05";"2024";"17:00";"1";"75";"75116";"2";"3";"1";"4";"BOULEVARD DELESSERT";"48,85960162";"2,28776425"
"202400039508";"19";"02";"2024";"19:31";"5";"10";"10297";"2";"4";"1";"3";"Avenue Jules Guesde";"48,32083000";"4,10791000"
"202400039509";"12";"05";"2024";"03:00";"5";"75";"75117";"2";"2";"1";"2";"RUE DE ROME";"48,88328300";"2,31927800"
"202400039510";"23";"02";"2024";"17:57";"1";"09";"09122";"2";"1";"1";"6";"FAURE (COURS GABRIEL)";"42,96392600";"1,60704000"
"202400039511";"5";"04";"2024";"22:30";"4";"35";"35001";"1";"2";"1";"3";"Zone industrielle Joval";"48,13862800";" -1,51621000"
"202400039512";"23";"02";"2024";"10:40";"1";"09";"09122";"2";"9";"1";"6";"Route d'Espagne";"42,95088781";"1,62482187"
"202400039513";"19";"07";"2024";"19:15";"5";"974";"97412";"1";"1";"1";"6";"Rue Marcel Pagnol";" -21,37406658";"55,66780302"
"202400039514";"12";"05";"2024";"16:25";"2";"75";"75114";"2";"4";"2";"6";"AVENUE REILLE";"48,82464900";"2,33994300"
"202400039515";"4";"02";"2024";"05:38";"3";"60";"60139";"1";"6";"1";"1";"D1001";"49,16024400";"2,23781500"
"202400039516";"12";"05";"2024";"21:40";"5";"75";"75110";"2";"3";"8";"3";"RUE DE COMPIEGNE";"48,87955500";"2,35329600"
"202400039517";"28";"02";"2024";"15:09";"1";"06";"06088";"2";"4";"1";"3";"41 Boulevard Carabacel";"43,70401300";"7,27402100"
"202400039518";"22";"02";"2024";"22:40";"5";"06";"06088";"2";"1";"3";"6";"Raccourci Croix de Berra";"43,70714000";"7,21039000"
"202400039519";"19";"07";"2024";"21:00";"1";"35";"35085";"1";"3";"1";"2";"le pas à l'âne";"48,40637900";" -1,77699000"
"202400039520";"6";"04";"2024";"01:26";"3";"59";"59044";"1";"1";"1";"6";"Rue de Lille";"50,60915700";"3,23516200"
"202400039521";"22";"02";"2024";"09:45";"1";"06";"06088";"2";"9";"2";"6";"Rue Barla";"43,70163700";"7,28353600"
"202400039522";"12";"05";"2024";"12:00";"1";"75";"75108";"2";"2";"1";"3";"BOULEVARD HAUSSMANN";"48,87527900";"2,31577900"
"202400039523";"19";"02";"2024";"19:45";"5";"06";"06083";"2";"1";"1";"6";"3 Avenue Félix Faure";"43,77354700";"7,49955500"
"202400039524";"19";"07";"2024";"17:20";"1";"86";"86246";"1";"2";"1";"2";"D951";"46,56480000";"0,85474700"
"202400039525";"4";"04";"2024";"10:30";"1";"13";"13215";"1";"1";"1";"2";"A7-Sens Lyon vers Marseille";"43,37700000";"5,35820000"
"202400039526";"11";"05";"2024";"17:09";"1";"75";"75107";"2";"3";"1";"6";"AVENUE RAPP";"48,86098300";"2,30117800"
"202400039527";"27";"02";"2024";"11:25";"1";"06";"06069";"2";"1";"1";"2";"Chemin du Grand Chene";"43,63732610";"6,93279970"
"202400039528";"16";"07";"2024";"02:25";"3";"06";"06140";"2";"6";"1";"6";"355 Route de Draguignan";"43,63523400";"6,85595560"
"202400039529";"23";"02";"2024";"10:25";"1";"06";"06069";"1";"1";"1";"6";"Avenue Sidi Brahim";"43,64860000";"6,93902000"
"202400039530";"12";"05";"2024";"15:25";"1";"94";"94076";"2";"2";"1";"3";"Boulevard Maxime Gorki / Avenue Paul Vaillant-couturier";"48,79597000";"2,36838000"
"202400039531";"21";"02";"2024";"08:50";"1";"06";"06069";"2";"1";"1";"2";"VICTORIA (AVENUE ET TRAVERSE)";"43,66362600";"6,93140600"
"202400039532";"24";"02";"2024";"01:30";"3";"05";"05023";"1";"1";"1";"6";"Route d’Italie";"44,90960000";"6,66293600"
"202400039533";"4";"04";"2024";"18:45";"1";"13";"13106";"1";"1";"1";"4";"A51-Sens Aix en Provence vers Marseille";"43,39021000";"5,35016000"
"202400039534";"20";"07";"2024";"15:00";"1";"58";"58187";"1";"1";"1";"5";"D907";"47,45629386";"2,93148500"
"202400039535";"21";"02";"2024";"22:50";"5";"02";"02738";"2";"9";"3";"6";"33 Avenue André Boulloche";"49,65669000";"3,32084000"
"202400039536";"4";"04";"2024";"14:15";"1";"13";"13056";"1";"1";"1";"2";"A55-Sens Marseille vers Martigues";"43,40859903";"5,03697405"
"202400039537";"12";"05";"2024";"19:30";"1";"93";"93031";"2";"2";"1";"3";"Avenue Joffre / Pont de la Resistance";"48,95697000";"2,30400000"
"202400039538";"26";"02";"2024";"12:20";"1";"02";"02371";"1";"1";"2";"1";"N/A";"49,84391000";"3,33008000"
"202400039539";"20";"07";"2024";"06:00";"2";"01";"01033";"2";"3";"1";"6";"Avenue de la Gare";"46,10984700";"5,82442200"
"202400039540";"23";"02";"2024";"15:05";"1";"02";"02691";"2";"1";"1";"6";"117 Avenue Fusillés de Fontaine N D";"49,83981000";"3,31406000"
"202400039541";"12";"05";"2024";"16:15";"1";"92";"92012";"2";"1";"3";"3";"ANDRE MORIZET (AVENUE) - 49/FIN - 54/FIN";"48,83947777";"2,23110366"
"202400039542";"14";"07";"2024";"09:00";"1";"41";"41219";"1";"1";"1";"7";"D110 - LD MAROLLES";"47,87290300";"1,48193100"
"202400039543";"12";"05";"2024";"18:00";"1";"80";"80172";"1";"1";"1";"7";"DEPARTEMANTALE 164";"49,92262500";"2,76497100"
"202400039544";"22";"02";"2024";"21:55";"3";"01";"01289";"1";"2";"1";"3";"LENT ( ROUTE DE )";"46,16483000";"5,22071000"
"202400039545";"12";"05";"2024";"18:35";"1";"47";"47048";"2";"4";"8";"3";"N21";"44,52801100";"0,62611900"
"202400039546";"12";"07";"2024";"16:55";"1";"30";"30202";"1";"4";"1";"2";"N/A";"44,27552300";"4,62545900"
"202400039547";"28";"02";"2024";"13:45";"1";"75";"75108";"2";"4";"1";"3";"PONT DE LA CONCORDE";"48,86408600";"2,32012600"
"202400039548";"12";"05";"2024";"18:45";"1";"41";"41167";"1";"1";"1";"7";"D952";"47,46523600";"1,09314000"
"202400039549";"28";"02";"2024";"15:45";"1";"75";"75119";"2";"3";"1";"7";"RUE RIQUET";"48,88917900";"2,37158700"
"202400039550";"4";"04";"2024";"09:00";"1";"13";"13211";"1";"1";"1";"5";"A50-Sens Aubagne vers Marseille";"43,28835000";"5,49995800"
"202400039551";"11";"05";"2024";"12:21";"1";"42";"42162";"1";"2";"1";"3";"Route de Villemontais";"46,00537201";"4,01324093"