"Num_Acc";"jour";"mois";"an";"hrmn";"lum";"dep";"com";"agg";"int";"atm";"col";"adr";"lat";"long"
"202400039552";"5";"04";"2024";"23:25";"3";"33";"33063";"1";"1";"1";"6";"N/A";"44,88368100";" -0,55687800"
"202400039553";"28";"02";"2024";"11:10";"1";"75";"75119";"2";"1";"1";"2";"RUE ALEXANDER FLEMING";"48,88162500";"2,40332500"
"202400039554";"11";"05";"2024";"14:30";"1";"972";"97222";"2";"1";"1";"1";"Pontaléry";"14,66522400";" -60,93973500"
"202400039555";"19";"07";"2024";"12:40";"1";"41";"41238";"1";"5";"1";"3";"la ronciere";"47,87936900";"0,86674000"
"202400039556";"27";"02";"2024";"12:05";"1";"75";"75119";"2";"1";"1";"6";"AVENUE JACQUES DE LINIERES";"48,87628000";"2,38101800"
"202400039557";"5";"04";"2024";"13:35";"1";"33";"33162";"1";"1";"1";"7";"N/A";"44,86776000";" -0,64867000"
"202400039558";"17";"07";"2024";"09:35";"1";"31";"31157";"2";"1";"1";"6";"15 Avenue de Toulouse";"43,53822000";"1,34529900"
"202400039559";"11";"05";"2024";"15:20";"1";"35";"35172";"1";"2";"1";"3";"Le Plessis Margat";"48,43878200";" -1,80467600"
"202400039560";"28";"02";"2024";"08:25";"1";"75";"75117";"2";"3";"1";"3";"RUE LANTIEZ";"48,89358400";"2,32273100"
"202400039561";"3";"04";"2024";"13:36";"1";"62";"62528";"1";"1";"1";"2";"A21";"50,45195224";"2,81399732"
"202400039562";"28";"02";"2024";"14:45";"1";"75";"75116";"2";"3";"1";"6";"ROUTE D AUTEUIL AUX LACS";"48,85226200";"2,25419700"
"202400039563";"20";"07";"2024";"10:20";"1";"51";"51036";"2";"2";"1";"3";"Rue de Fontaine-denis";"48,65510900";"3,69561500"
"202400039564";"5";"04";"2024";"11:40";"1";"92";"92002";"1";"1";"1";"4";"AUTOROUTE A10";"48,73629786";"2,31579137"
"202400039565";"12";"05";"2024";"16:08";"1";"26";"26138";"1";"1";"1";"4";"Autoroute A7";"44,38673800";"4,73113800"
"202400039566";"27";"02";"2024";"09:15";"1";"75";"75115";"2";"4";"1";"2";"RUE JACQUES BAUDRY";"48,82995200";"2,30540300"
"202400039567";"19";"07";"2024";"19:00";"1";"56";"56198";"1";"1";"1";"7";"écluse du quengo";"48,06300200";" -2,74094900"
"202400039568";"11";"05";"2024";"21:00";"2";"23";"23148";"1";"1";"1";"7";"La Gare";"46,42119500";"1,93013700"
"202400039569";"28";"02";"2024";"09:00";"1";"75";"75112";"2";"1";"1";"6";"BOULEVARD CARNOT";"48,84505300";"2,41329900"
"202400039570";"5";"04";"2024";"06:15";"5";"94";"94065";"1";"1";"1";"3";"A86";"48,75490615";"2,34641790"
"202400039571";"12";"05";"2024";"11:50";"1";"974";"97410";"1";"1";"1";"7";"Chemin Grand Fond";" -21,08311900";"55,62697100"
"202400039572";"28";"02";"2024";"11:00";"1";"75";"75109";"2";"3";"1";"6";"RUE DE ROCHECHOUART";"48,88201500";"2,34658800"
"202400039573";"11";"05";"2024";"15:30";"1";"14";"14436";"1";"1";"1";"7";"N13";"49,25234400";" -0,68769700"
"202400039574";"28";"02";"2024";"16:30";"1";"75";"75109";"2";"3";"1";"6";"RUE D AMSTERDAM";"48,87871900";"2,32701700"
"202400039575";"5";"04";"2024";"17:00";"1";"92";"92047";"1";"1";"1";"2";"A13";"48,83674763";"2,18605776"
"202400039576";"17";"07";"2024";"21:30";"1";"78";"78591";"1";"3";"1";"3";"D983";"48,88770700";"1,67383000"
"202400039577";"12";"05";"2024";"18:25";"1";"69";"69283";"2";"1";"1";"1";"Route d'Heyrieux";"45,67806100";"4,96390000"
"202400039578";"5";"04";"2024";"08:05";"1";"78";"78640";"1";"1";"2";"7";"A86 EXT";"48,77739800";"2,22232200"
"202400039579";"28";"02";"2024";"15:00";"1";"75";"75108";"2";"3";"1";"6";"AVENUE FRANKLIN D ROOSEVELT";"48,86683600";"2,31024100"
"202400039580";"19";"07";"2024";"20:30";"1";"79";"79079";"2";"3";"1";"3";"N/A";"46,90310300";" -0,68632100"
"202400039581";"5";"04";"2024";"07:00";"5";"92";"92050";"1";"1";"1";"3";"A86";"48,89563363";"2,19472645"
"202400039582";"13";"05";"2024";"18:40";"1";"84";"84099";"1";"1";"1";"2";"3499 Route de Gordes";"43,85782600";"5,08913000"
"202400039583";"28";"02";"2024";"13:45";"1";"75";"75102";"2";"3";"1";"6";"RUE DU SENTIER";"48,86855400";"2,34560700"
"202400039584";"26";"08";"2024";"10:00";"1";"29";"29145";"1";"1";"1";"3";"D7";"48,08128186";" -4,42776130"
"202400039585";"18";"07";"2024";"19:35";"1";"79";"79078";"1";"2";"1";"3";"N/A";"46,14576000";" -0,48695000"
"202400039586";"12";"05";"2024";"21:30";"3";"83";"83070";"1";"1";"1";"6";"1210 Avenue du Levant";"43,14596300";"6,39619900"
"202400039587";"27";"08";"2024";"18:40";"1";"38";"38450";"1";"1";"1";"7";"D218";"45,27623800";"5,55016600"
"202400039588";"28";"02";"2024";"11:55";"1";"94";"94078";"2";"3";"1";"2";"Avenue du 8 Mai 1945 / Pont de Villeneuve le roi";"48,72777200";"2,44528800"
"202400039589";"4";"04";"2024";"17:55";"1";"75";"75116";"1";"1";"1";"3";"A13W";"48,84820000";"2,24831400"
"202400039590";"20";"07";"2024";"05:20";"2";100;100077";"1";"1";"1";"6";"Route d'Anghione";"42,47154300";"9,49218700"
"202400039591";"28";"02";"2024";"13:20";"1";"94";"94073";"2";"1";"1";"6";"Avenue René Panhard";"48,76390300";"2,39552000"
"202400039592";"11";"05";"2024";"13:50";"1";"72";"72124";"2";"2";"1";"3";"Rue du General Leclerc";"47,82500200";"0,26975500"
"202400039593";"27";"08";"2024";"17:50";"1";"03";"03297";"2";"2";"1";"3";"1 route de montllucon";"46,53101900";"2,62143000"
"202400039594";"19";"07";"2024";"18:34";"1";"65";"65360";"1";"1";"1";"2";"31 Route de Pau";"43,10151500";" -0,12820600"
"202400039595";"5";"04";"2024";"15:30";"1";"93";"93007";"1";"1";"1";"5";"A1";"48,94785380";"2,44451788"
"202400039596";"28";"02";"2024";"15:10";"1";"94";"94028";"2";"1";"1";"2";"Avenue Bernard Alpern";"48,77971000";"2,45910000"
"202400039597";"25";"08";"2024";"17:14";"1";"01";"01338";"1";"1";"1";"7";"D19";"45,68004000";"5,60354200"
"202400039598";"5";"04";"2024";"02:40";"3";"95";"95424";"1";"1";"1";"6";"A15";"48,99411983";"2,18480056"
"202400039599";"12";"05";"2024";"17:15";"1";"44";"44113";"1";"1";"1";"3";"Beaulieu";"47,54708200";" -1,60348900"
"202400039600";"28";"02";"2024";"16:00";"1";"94";"94071";"2";"1";"1";"6";"Rue de Champigny";"48,77383800";"2,51083700"
"202400039601";"25";"08";"2024";"00:38";"3";"58";"58131";"2";"1";"1";"6";"rue de plouzeau";"47,08295200";"3,20109800"
"202400039602";"20";"07";"2024";"18:30";"1";"71";"71158";"1";"1";"1";"2";"Route de Tournus";"46,55754700";"4,97757900"
"202400039603";"4";"04";"2024";"17:15";"1";"93";"93008";"1";"1";"1";"3";"A86";"48,90894556";"2,44832575"
"202400039604";"20";"07";"2024";"06:00";"2";"63";"63210";"1";"1";"1";"6";"D1093";"45,90291364";"3,32878043"
"202400039605";"28";"02";"2024";"14:30";"1";"94";"94011";"2";"1";"1";"2";"Avenue de Boissy";"48,76503700";"2,49161700"
"202400039606";"12";"05";"2024";"17:08";"1";"14";"14738";"1";"1";"1";"2";"A84";"49,16121400";" -0,45494000"
"202400039607";"16";"07";"2024";"18:05";"1";"12";"12299";"2";"1";"1";"6";"26 Route de Granouillac";"44,09401600";"2,70550700"
"202400039608";"4";"04";"2024";"11:45";"1";"93";"93010";"1";"1";"2";"3";"A3";"48,90059002";"2,46986417"
"202400039609";"27";"08";"2024";"07:50";"2";"54";"54144";"1";"2";"7";"1";"D570";"48,52295000";"6,26698100"
"202400039610";"13";"05";"2024";"16:45";"1";"62";"62097";"2";"1";"1";"6";"N25";"50,24191348";"2,66000592"
"202400039611";"28";"02";"2024";"07:20";"2";"94";"94075";"2";"3";"8";"3";"Av du Mal de Lattre de Tassigny / Rue du Lieutenant Dagorno";"48,72741642";"2,53113292"
"202400039612";"4";"04";"2024";"08:30";"1";"93";"93063";"1";"1";"3";"7";"A3";"48,87391673";"2,43718835"
"202400039613";"20";"07";"2024";"13:00";"1";"42";"42262";"1";"1";"1";"1";"M105";"45,42356523";"4,17152521"
"202400039614";"28";"02";"2024";"07:50";"1";"93";"93053";"2";"1";"1";"6";"Allée du Canada";"48,89150000";"2,46843900"
"202400039615";"25";"04";"2024";"16:45";"1";"66";"66164";"1";"1";"1";"2";"D900";"42,77685000";"2,90275100"
"202400039616";"4";"02";"2024";"01:20";"5";"64";"64445";"2";"1";"1";"7";"RONSARD";"43,31832000";" -0,35701000"
"202400039617";"26";"08";"2024";"18:15";"1";"09";"09265";"2";"1";"1";"2";"Avenue des Pyrénées";"43,09022600";"1,62706000"
"202400039618";"20";"07";"2024";"09:00";"1";"46";"46268";"1";"4";"1";"6";"rivière basse";"44,46790700";"1,60301700"
"202400039619";"28";"02";"2024";"16:18";"1";"93";"93008";"2";"1";"1";"6";"Rue Rene Camier";"48,91014000";"2,45332100"
"202400039620";"3";"05";"2024";"11:15";"1";"56";"56130";"2";"6";"1";"3";"Lieu Dit la Madeleine";"47,73924400";" -3,22627900"
"202400039621";"26";"08";"2024";"22:10";"5";"07";"07058";"1";"3";"1";"2";"1525 Route de Valgorge";"44,56113600";"4,28632700"
"202400039622";"4";"04";"2024";"11:50";"1";"988";"98818";"2";"6";"2";"6";"RUE ROGER GERVOLINO/RUE JEAN-FRANCOIS CHERRIER";" -22,25363000";"166,47143000"
"202400039623";"13";"05";"2024";"07:00";"2";"89";"89409";"1";"1";"2";"6";"D957";"47,47512100";"3,80940700"
"202400039624";"28";"02";"2024";"13:45";"1";"93";"93005";"2";"1";"1";"3";"Rue Jacques Chirac";"48,92780505";"2,48985708"
"202400039625";"27";"08";"2024";"01:00";"3";"40";"40236";"1";"1";"1";"6";"cd 107";"43,67788600";" -0,87304300"
"202400039626";"20";"07";"2024";"04:00";"3";"47";"47086";"1";"6";"1";"6";"Route de Marmande";"44,66876700";"0,18717500"
"202400039627";"11";"05";"2024";"19:20";"1";"49";"49367";"1";"3";"1";"3";"la croix robert";"47,56870800";" -0,79612300"
"202400039628";"4";"04";"2024";"10:15";"1";"974";"97416";"2";"4";"1";"3";"GAGARINE (RUE YOURI)";" -21,32973000";"55,47910000"
"202400039629";"28";"02";"2024";"21:20";"5";"92";"92063";"2";"2";"1";"3";"ESTIENNE D'ORVES (RUE D')";"48,88709749";"2,17952371"
"202400039630";"11";"05";"2024";"13:30";"1";"49";"49224";"1";"6";"7";"7";"Route de la Ronde";"47,31342500";" -0,02265200"
"202400039631";"20";"07";"2024";"16:45";"1";"41";"41241";"1";"1";"1";"1";"RD724 - Rue de Bourgogne";"47,38753700";"1,93322400"
"202400039632";"27";"08";"2024";"08:30";"1";"24";"24311";"2";"3";"1";"1";"Route de Piégut";"45,54469200";"0,67047700"
"202400039633";"3";"04";"2024";"12:05";"1";"974";"97407";"2";"9";"1";"3";"ROUTE DU SACRE COEUR";" -20,95530000";"55,31181000"
"202400039634";"12";"05";"2024";"23:00";"5";"68";"68201";"2";"1";"3";"6";"8 Rue du Général de Gaulle";"47,77338600";"7,00063500"
"202400039635";"28";"02";"2024";"09:01";"1";"92";"92063";"2";"3";"1";"3";"HUGO (AVENUE VICTOR)";"48,88429722";"2,17833737"
"202400039636";"25";"08";"2024";"12:00";"1";"04";"04135";"1";"1";"1";"6";"D957 pont du galetas";"43,80179700";"6,24948300"
"202400039637";"28";"02";"2024";"17:15";"1";"92";"92050";"2";"9";"1";"1";"PEUPLIERS RUE DES";"48,91227000";"2,21605000"
"202400039638";"15";"07";"2024";"12:25";"1";"44";"44212";"1";"3";"1";"1";"la haute bourdeliere";"47,14912200";" -1,24402500"
"202400039639";"3";"04";"2024";"23:15";"4";"973";"97302";"2";"2";"1";"3";"CESAIRE (CITE)";"4,93050202";" -52,32233271"
"202400039640";"11";"05";"2024";"19:40";"1";"22";"22216";"1";"3";"1";"3";"Kermoyec Bihan";"48,49828000";" -3,39807500"
"202400039641";"28";"02";"2024";"11:10";"1";"92";"92050";"2";"9";"1";"3";"HAVRE BOULEVARD DU";"48,91982818";"2,22135812"
"202400039642";"26";"08";"2024";"20:15";"2";"85";"85246";"1";"1";"1";"1";"RD7";"46,74402900";" -1,19330400"
"202400039643";"12";"05";"2024";"20:05";"1";"29";"29130";"1";"1";"1";"6";"Route de Trégana";"48,35705500";" -4,64705600"
"202400039644";"19";"07";"2024";"23:55";"3";"38";"38394";"1";"1";"1";"2";"1024 Route de Saint Marcellin";"45,10739400";"5,25683500"
"202400039645";"3";"04";"2024";"13:40";"1";"973";"97302";"2";"6";"1";"3";"BADUEL (ROND POINT DE)";"4,93330791";" -52,30939507"
"202400039646";"13";"05";"2024";"01:00";"3";"38";"38275";"1";"1";"1";"6";"D22";"45,25286700";"5,38317200"
"202400039647";"28";"02";"2024";"18:00";"1";"92";"92048";"2";"1";"1";"3";"VAUGIRARD (ROUTE DE)";"48,82006102";"2,24101281"
"202400039648";"19";"07";"2024";"20:10";"1";"84";"84017";"1";"1";"1";"7";"D974";"44,12631600";"5,27841600"
"202400039649";"28";"02";"2024";"14:15";"1";"92";"92004";"2";"1";"1";"6";"BOURGUIGNONS ( RUE 33 A FIN )";"48,91515782";"2,27536851"
"202400039650";"20";"07";"2024";"16:30";"1";"15";"15255";"1";"1";"1";"6";"RD 990 ";"44,89336300";"2,53280100"
"202400039651";"4";"04";"2024";"18:30";"1";"69";"69388";"2";"8";"1";"3";"Boulevard des Etats-Unis";"45,72690191";"4,86965567"
"202400039652";"24";"08";"2024";"00:47";"3";"30";"30326";"1";"1";"1";"4";"A9";"44,01255998";"4,71699779"
"202400039653";"13";"05";"2024";"11:45";"1";"01";"01196";"2";"9";"1";"3";"217 Route de la Vavre";"46,36527500";"5,12438200"
"202400039654";"19";"07";"2024";"12:50";"1";"26";"26025";"1";"1";"1";"7";"D340";"44,66136800";"5,37414600"
"202400039655";"28";"02";"2024";"17:45";"1";"47";"47146";"1";"3";"1";"3";"Route du Cendrous";"44,45270000";"0,65015700"
"202400039656";"4";"04";"2024";"17:40";"1";"69";"69385";"2";"1";"1";"6";"30 Chemin de Choulans";"45,75286000";"4,82040000"
"202400039657";"25";"08";"2024";"23:00";"5";"987";"98725";"1";"1";"1";"1";"RT.2 à hauteur du PK11+800";" -17,50672800";" -149,47238800"
"202400039658";"27";"02";"2024";"14:25";"1";"51";"51446";"1";"1";"1";"6";"chemin";"48,77705000";"4,47656400"
"202400039659";"3";"04";"2024";"11:49";"1";100;100033";"2";"1";"1";"2";"TOUTES RUES";"42,68550000";"9,44640000"
"202400039660";"11";"05";"2024";"05:00";"3";"70";"70311";"2";"3";"1";"6";"Avenue Labienus";"47,81888900";"6,37483800"
"202400039661";"19";"07";"2024";"14:30";"1";"72";"72183";"1";"9";"1";"3";"lieu dit les petits bournais";"47,71674934";"0,56842446"
"202400039662";"13";"05";"2024";"19:15";"2";"66";"66053";"2";"1";"1";"6";"N/A";"42,52958430";"3,07649910"
"202400039663";"25";"08";"2024";"14:05";"1";"77";"77443";"2";"1";"1";"6";"2 Rue de Meaux";"48,88792800";"2,95739800"
"202400039664";"28";"02";"2024";"17:09";"1";"18";"18233";"2";"3";"8";"3";"93 Avenue de Fontenay";"47,33909500";"2,83947800"
"202400039665";"4";"04";"2024";"15:05";"1";101;101004";"2";"1";"1";"3";"FREDIANI RUE LOUIS";"41,92498000";"8,73817000"
"202400039666";"17";"07";"2024";"19:20";"1";"72";"72275";"1";"1";"1";"1";"D20";"48,06504798";"0,35313244"
"202400039667";"13";"05";"2024";"10:45";"1";"54";"54029";"2";"1";"1";"1";"Rue de Verdun";"49,36275275";"5,88205218"
"202400039668";"26";"08";"2024";"09:55";"1";"11";"11076";"1";"1";"1";"6";"D103";"43,31990100";"1,97461000"
"202400039669";"27";"02";"2024";"07:08";"1";"972";"97210";"1";"1";"1";"3";"N6";"14,57928100";" -60,86446400"
"202400039670";"19";"07";"2024";"18:20";"1";"06";"06009";"1";"1";"1";"6";"Route Métropolitaine 2205";"44,01227800";"7,13159700"
"202400039671";"4";"04";"2024";"07:05";"1";101;101004";"2";"6";"1";"3";"#ROUTE DU STILETTO#";"41,94498000";"8,75929000"
"202400039672";"28";"02";"2024";"22:20";"3";"44";"44149";"1";"1";"2";"6";"N/A";"47,47373600";" -1,63846500"
"202400039673";"12";"05";"2024";"18:00";"1";"54";"54084";"1";"1";"7";"7";"D952";"49,31544316";"5,82927704"
"202400039674";"4";"04";"2024";"14:20";"1";"95";"95252";"2";"9";"1";"3";"GENERAL LECLERC (RUE DU)";"48,99064000";"2,20596000"
"202400039675";"26";"08";"2024";"19:00";"1";"04";"04152";"1";"1";"1";"1";"Chemin de Sainte Tulle";"43,79574900";"5,74561400"
"202400039676";"19";"07";"2024";"16:10";"1";"14";"14326";"1";"3";"1";"1";"D510";"49,15624100";"0,27148200"
"202400039677";"28";"02";"2024";"08:35";"1";"51";"51351";"1";"1";"1";"2";"Marigny";"48,66987968";"3,86690867"
"202400039678";"13";"05";"2024";"00:10";"3";"50";"50058";"2";"1";"1";"7";"Les Landelles";"49,06672800";" -1,59449300"
"202400039679";"20";"07";"2024";"03:30";"3";"50";"50603";"1";"1";"1";"7";"Rue du Val";"49,04799500";" -1,55400800"
"202400039680";"3";"04";"2024";"08:40";"1";"95";"95197";"2";"3";"2";"3";"D928";"48,96602654";"2,31880604"
"202400039681";"26";"08";"2024";"14:40";"1";"26";"26156";"1";"1";"1";"2";"A7";"45,09176200";"4,87938900"
"202400039682";"9";"05";"2024";"12:50";"1";"45";"45281";"1";"1";"1";"7";"route de Préau";"48,06130281";"3,03428650"
"202400039683";"28";"02";"2024";"12:10";"1";"67";"67434";"2";"4";"1";"1";"4 Rue Vincent d'Indy";"48,93593400";"7,08863900"
"202400039684";"19";"07";"2024";"17:30";"1";"64";"64238";"1";"2";"1";"3";"CD817";"43,24834400";" -0,08274300"
"202400039685";"11";"05";"2024";"22:15";"4";"16";"16182";"1";"3";"1";"6";"N/A";"46,03289400";"0,77353200"
"202400039686";"26";"08";"2024";"11:00";"1";"07";"07130";"1";"1";"1";"6";"RN102";"44,74985000";"3,98819800"
"202400039687";"4";"04";"2024";"23:15";"5";"91";"91549";"2";"2";"1";"3";"REPUBLIQUE (AVENUE DE LA)";"48,63938000";"2,32130000"
"202400039688";"28";"02";"2024";"11:30";"1";"71";"71154";"2";"2";"1";"3";"Rue Paul Sabatier";"46,83255400";"4,87110100"
"202400039689";"19";"07";"2024";"20:35";"2";"07";"07005";"1";"6";"7";"6";"D107";"44,56258400";"4,59559500"
"202400039690";"29";"02";"2024";"15:50";"1";"71";"71295";"1";"1";"1";"3";"64 Route de Chalon";"46,80802800";"5,14246600"
"202400039691";"12";"07";"2024";"16:38";"1";"21";"21567";"1";"1";"1";"7";"D 36";"47,10631800";"4,49139100"
"202400039692";"11";"05";"2024";"15:50";"1";"27";"27622";"1";"2";"1";"6";"D31";"49,11759100";"0,68537100"
"202400039693";"4";"04";"2024";"14:20";"1";"91";"91347";"2";"3";"1";"4";"RTE DE MONTLHERY";"48,63529000";"2,28541000"
"202400039694";"19";"07";"2024";"18:05";"1";"21";"21360";"1";"1";"1";"7";"Route de Montceau";"47,08192900";"4,67077700"
"202400039695";"19";"07";"2024";"17:35";"1";"85";"85051";"2";"9";"7";"3";"Avenue monseigneur batiot";"46,68931000";" -1,05176000"
"202400039696";"28";"02";"2024";"18:00";"1";"63";"63081";"1";"1";"1";"7";"lieu dit pradelles";"45,52066100";"3,67658400"
"202400039697";"27";"08";"2024";"06:15";"2";"69";"69117";"1";"1";"1";"3";"Route Départementale 306";"45,86203000";"4,74215100"
"202400039698";"12";"05";"2024";"16:45";"1";"17";"17457";"1";"1";"1";"7";"D114";"46,04405100";" -0,76348300"
"202400039699";"19";"07";"2024";"14:00";"1";"27";"27208";"1";"1";"1";"6";"D613";"49,14726500";"0,49198400"
"202400039700";"4";"04";"2024";"07:43";"1";"91";"91692";"2";"3";"3";"6";"BERRY (AVENUE DU)";"48,68249000";"2,17082000"
"202400039701";"28";"02";"2024";"08:10";"1";"61";"61293";"2";"9";"1";"3";"D912";"48,52274400";"0,54257300"
"202400039702";"27";"08";"2024";"11:15";"1";"65";"65295";"2";"1";"1";"3";"4 Route de Gavarnie";"42,86693000";" -0,00961800"
"202400039703";"11";"05";"2024";"12:15";"1";"17";"17174";"1";"1";"1";"1";"D114";"46,02168600";" -0,75172700"
"202400039704";"19";"07";"2024";"18:05";"1";"30";"30249";"2";"9";"1";"6";"Avenue de la Gare";"43,80740600";"4,22684000"
"202400039705";"4";"04";"2024";"08:27";"1";"91";"91174";"2";"3";"3";"1";"AV CARNOT";"48,61048000";"2,47617000"
"202400039706";"27";"08";"2024";"08:40";"1";"09";"09188";"1";"1";"1";"6";"Route nationale RN 20";"42,88420300";"1,62344500"
"202400039707";"13";"05";"2024";"09:00";"1";"30";"30234";"2";"9";"1";"7";"Place Saint Benoit";"43,99322800";"4,13605300"
"202400039708";"28";"02";"2024";"20:05";"3";"47";"47252";"1";"9";"1";"3";"rd911";"44,38858700";"0,58956600"
"202400039709";"27";"02";"2024";"13:00";"1";"90";"90033";"2";"6";"1";"3";"Faubourg de Belfort";"47,51946500";"7,00127900"
"202400039710";"3";"04";"2024";"17:22";"1";"87";"87085";"2";"1";"1";"6";"RESISTANCE LIMOUSINE (RUE DE LA)";"45,83518000";"1,25007000"
"202400039711";"27";"08";"2024";"19:30";"2";"87";"87156";"1";"1";"7";"1";"9 Route de Chabassiéras";"45,86776900";"1,40018800"
"202400039712";"29";"02";"2024";"14:10";"1";"07";"07010";"2";"1";"1";"3";"Petite Rue de Faya";"45,24264500";"4,67286800"
"202400039713";"3";"04";"2024";"09:25";"1";"87";"87085";"2";"1";"2";"6";"DUTREIX (RUE ARMAND)";"45,83277567";"1,23251617"
"202400039714";"20";"07";"2024";"16:41";"1";"08";"08367";"1";"1";"7";"1";"Route départementale 1";"49,93270258";"4,61374754"
"202400039715";"27";"08";"2024";"12:56";"1";"17";"17337";"2";"1";"1";"3";"220 Route des Figerasses";"45,96239400";" -1,37473900"
"202400039716";"29";"02";"2024";"06:06";"4";"85";"85058";"2";"3";"2";"3";"Zone industrielle Les Loges";"46,46626900";" -1,23066180"
"202400039717";"2";"04";"2024";"17:50";"1";"87";"87114";"2";"1";"1";"6";"COROT (AVENUE JEAN-BAPTISTE-)";"45,83500000";"1,29449000"
"202400039718";"20";"07";"2024";"12:30";"1";"35";"35238";"1";"1";"1";"3";"173 Route de Lorient";"48,10521000";" -1,73481000"
"202400039719";"28";"02";"2024";"14:10";"1";"28";"28280";"1";"1";"1";"6";"la cheneliere";"48,29882200";"0,79116600"
"202400039720";"27";"08";"2024";"03:00";"3";"17";"17385";"2";"1";"1";"7";"Rue des Pigniers";"45,93856500";" -1,32777100"
"202400039721";"26";"02";"2024";"17:15";"2";"37";"37145";"1";"1";"1";"6";"les tufaux";"47,02920316";"0,64519720"
"202400039722";"4";"04";"2024";"11:00";"1";"84";"84007";"2";"3";"1";"3";"FELONS (Chemin des)-MONTFAVET";"43,91220000";"4,89309000"
"202400039723";"20";"07";"2024";"18:31";"1";"06";"06088";"1";"1";"1";"2";"Autoroute A8 dite La Provençale";"43,67682700";"7,19538500"
"202400039724";"26";"08";"2024";"23:55";"3";"33";"33519";"1";"1";"1";"2";"N/A";"44,90206900";" -0,68480000"
"202400039725";"20";"07";"2024";"04:02";"4";"06";"06088";"1";"1";"1";"6";"A8, PK186+80 sens nice-cannes";"43,67241900";"7,20070100"
"202400039726";"25";"02";"2024";"21:13";"3";"04";"04063";"1";"1";"3";"4";"A51";"43,74939700";"5,76610600"
"202400039727";"3";"04";"2024";"18:15";"1";"83";"83126";"2";"2";"1";"3";"JAURES (BD JEAN)";"43,09532000";"5,88395000"
"202400039728";"24";"02";"2024";"16:35";"1";"57";"57155";"1";"1";"1";"3";"A4";"49,13929130";"6,39678533"
"202400039729";"12";"08";"2024";"12:00";"1";"85";"85243";"2";"6";"1";"4";"Route des sables";"46,59862400";" -1,83119200"
"202400039730";"17";"07";"2024";"15:10";"1";"976";"97616";"1";"1";"1";"5";"D5";" -12,87646700";"45,12263100"
"202400039731";"4";"04";"2024";"06:40";"3";"77";"77305";"2";"1";"3";"6";"GENERAL DE GAULLE (AVENUE DU)";"48,38168000";"2,95125000"
"202400039732";"29";"02";"2024";"08:37";"1";"11";"11188";"1";"9";"1";"2";"Autoroute A9 - PK 215.938 - Sens FRANCE / ESPAGNE";"42,97105700";"2,97017100"
"202400039733";"25";"08";"2024";"05:30";"3";"22";"22268";"1";"1";"1";"6";"La mare";"48,57511600";" -2,33584500"
"202400039734";"3";"04";"2024";"15:30";"1";"77";"77053";"2";"6";"2";"7";"RD 319";"48,70264000";"2,59734000"
"202400039735";"19";"07";"2024";"15:45";"1";"69";"69097";"2";"2";"1";"3";"Route de Pelussin";"45,51537000";"4,72172000"
"202400039736";"28";"02";"2024";"17:30";"1";"77";"77001";"1";"9";"1";"6";"Aire de repos d'achères la foret direction PARIS";"48,36220900";"2,57420200"
"202400039737";"4";"04";"2024";"06:45";"3";"77";"77209";"1";"1";"3";"6";"D217BIS";"48,85059000";"2,68512000"
"202400039738";"26";"08";"2024";"17:00";"1";"76";"76303";"1";"1";"1";"7";"rue du jardin 76430";"49,56159700";"0,35083300"
"202400039739";"28";"02";"2024";"17:30";"2";"28";"28375";"1";"1";"8";"6";"route nationale 12";"48,75886100";"1,49246400"
"202400039740";"18";"07";"2024";"19:00";"5";"987";"98733";"2";"3";"1";"3";"Pk 21.900, Vallée Orofero";" -17,69117000";" -149,58077800"
"202400039741";"4";"04";"2024";"08:05";"1";"76";"76540";"2";"2";"1";"6";"Quai Jean Moulin";"49,43587000";"1,09047000"
"202400039742";"25";"08";"2024";"12:20";"1";"80";"80415";"2";"3";"1";"3";"Rue de la Tour";"49,75287300";"2,60691900"
"202400039743";"27";"08";"2024";"06:15";"2";"80";"80521";"1";"1";"1";"7";"A1";"49,96733000";"2,86012500"
"202400039744";"3";"04";"2024";"19:20";"1";"76";"76351";"2";"1";"1";"6";"ALBERT LE CLAINCHE  (RUE)";"49,51866000";"0,11573000"
"202400039745";"4";"04";"2024";"06:15";"1";"74";"74012";"2";"1";"1";"3";"EUROPE (AVENUE DE L')";"46,17788000";"6,23767000"
"202400039746";"20";"07";"2024";"05:40";"3";"34";"34226";"1";"1";"1";"7";"D37E3";"43,35637400";"2,99450400"
"202400039747";"26";"08";"2024";"10:00";"1";"59";"59010";"1";"1";"1";"3";"D630";"50,15927100";"3,12428000"
"202400039748";"19";"07";"2024";"08:30";"1";"04";"04096";"1";"1";"1";"1";"Route de Restefond la Bonette";"44,39745500";"6,76753500"
"202400039749";"4";"04";"2024";"11:00";"1";"74";"74298";"2";"3";"1";"7";"SERVETTE (CHEMIN DE)";"46,18540000";"6,25007000"