"Num_Acc";"jour";"mois";"an";"hrmn";"lum";"dep";"com";"agg";"int";"atm";"col";"adr";"lat";"long"
"202400039750";"26";"08";"2024";"03:15";"3";"69";"69250";"1";"1";"1";"6";"Autoroute 89";"45,81999000";"4,71025000"
"202400039751";"20";"07";"2024";"12:31";"1";"13";"13072";"1";"1";"1";"1";"Chemin Departemental 6";"43,46072200";"5,62360500"
"202400039752";"20";"07";"2024";"13:18";"1";"89";"89053";"1";"1";"7";"7";"Route de Fleury";"47,84565600";"3,48496400"
"202400039753";"23";"08";"2024";"05:50";"3";"59";"59564";"1";"1";"1";"2";"AUTOROUTE A23";"50,34609654";"3,48183807"
"202400039754";"19";"07";"2024";"23:00";"5";"21";"21292";"2";"1";"1";"6";"D109j";"47,24971600";"5,21733100"
"202400039755";"3";"04";"2024";"22:20";"5";"71";"71270";"2";"1";"2";"6";"MISTRAL (RUE FREDERIC)";"46,29227000";"4,81106000"
"202400039756";"19";"07";"2024";"17:50";"1";"52";"52271";"1";"1";"1";"7";"D1";"48,08058800";"5,34963400"
"202400039757";"26";"08";"2024";"18:50";"1";"94";"94065";"1";"1";"1";"2";"A86";"48,75462573";"2,34701377"
"202400039758";"4";"04";"2024";"08:20";"1";"69";"69286";"2";"2";"1";"3";"Route de Strasbourg";"45,81070381";"4,88507705"
"202400039759";"26";"08";"2024";"11:20";"1";"75";"75114";"1";"1";"1";"7";"A6A";"48,81710442";"2,33469325"
"202400039760";"19";"07";"2024";"19:05";"1";"88";"88206";"2";"2";"1";"3";"Rue De Mirecourt";"48,31018000";"5,93592200"
"202400039761";"19";"07";"2024";"17:42";"1";"73";"73098";"1";"1";"1";"7";"D912 - 1041 Route des bauges";"45,62551779";"6,00710034"
"202400039762";"4";"04";"2024";"06:10";"5";"69";"69259";"2";"3";"1";"3";"Rue Joannès Vallet";"45,70958000";"4,88512000"
"202400039763";"26";"08";"2024";"08:55";"1";"92";"92062";"1";"1";"1";"2";"RN1014 W";"48,88898724";"2,24665537"
"202400039764";"20";"07";"2024";"08:45";"1";"38";"38349";"2";"1";"1";"6";"D1082";"45,31668100";"4,79145500"
"202400039765";"3";"04";"2024";"17:50";"1";"69";"69276";"2";"1";"8";"1";"Rue du Sauzai";"45,68459000";"4,85399000"
"202400039766";"25";"08";"2024";"01:15";"3";"78";"78646";"1";"1";"1";"6";"RN12";"48,79081000";"2,10803700"
"202400039767";"26";"08";"2024";"17:55";"1";"94";"94073";"1";"1";"1";"3";"A86";"48,77011469";"2,38223272"
"202400039768";"19";"07";"2024";"16:40";"1";"38";"38054";"1";"1";"1";"5";"D1075";"45,77794400";"5,40098200"
"202400039769";"20";"07";"2024";"18:53";"1";"69";"69225";"1";"1";"2";"7";"2160 Route de Feurs";"45,87001700";"4,41642300"
"202400039770";"10";"06";"2024";"11:00";"1";"74";"74081";"2";"3";"1";"3";"19 Rue marcellin berthelot";"46,06049400";"6,57857900"
"202400039771";"19";"07";"2024";"22:05";"3";"69";"69111";"1";"4";"1";"3";"Route du Pont de Nizy";"45,90193600";"4,58413100"
"202400039772";"10";"05";"2024";"06:15";"1";"74";"74195";"2";"3";"1";"2";"D1508";"46,00680300";"5,95567300"
"202400039773";"20";"07";"2024";"01:11";"5";"69";"69021";"1";"1";"1";"1";"8 Passage de la Rochette";"45,78773959";"4,58350567"
"202400039774";"20";"07";"2024";"02:30";"5";"69";"69040";"2";"1";"1";"6";"565 Avenue d'Ecully";"45,78972400";"4,79307000"
"202400039775";"14";"04";"2024";"14:40";"1";"74";"74128";"1";"1";"1";"1";"Route des vallées";"46,15211300";"6,33246500"
"202400039776";"8";"06";"2024";"10:45";"1";"74";"74010";"2";"1";"1";"1";"Rue du capitaine baud";"45,91500400";"6,15076700"
"202400039777";"20";"07";"2024";"06:25";"2";"81";"81219";"1";"1";"1";"1";"N126";"43,56991700";"1,96907900"
"202400039778";"15";"07";"2024";"04:30";"3";"32";"32029";"1";"1";"1";"6";"Route départementale 939";"43,65276700";"0,40432700"
"202400039779";"20";"05";"2024";"12:10";"1";"74";"74236";"2";"1";"1";"1";"Avenue du mont paccard";"45,90247000";"6,71149800"
"202400039780";"16";"07";"2024";"18:00";"1";"31";"31327";"1";"1";"1";"2";"Route de Roquefort";"43,18849900";"1,01900100"
"202400039781";"26";"05";"2024";"22:00";"3";"74";"74068";"1";"1";"1";"6";"D1508";"46,06055400";"5,86608800"
"202400039782";"20";"07";"2024";"09:40";"1";"31";"31395";"2";"3";"1";"3";"Route d'Eaunes, intersection Rue Gaston Bonheur";"43,45664900";"1,32930300"
"202400039783";"19";"07";"2024";"22:45";"3";"24";"24273";"1";"1";"1";"6";"Route des Quatre Communes";"44,81308000";"0,80680800"
"202400039784";"30";"05";"2024";"19:40";"1";"74";"74147";"1";"1";"8";"6";"D180";"45,78337800";"6,20843400"
"202400039785";"8";"07";"2024";"16:30";"1";"33";"33473";"1";"9";"1";"2";"N/A";"45,13984300";" -0,46013305"
"202400039786";"8";"07";"2024";"15:48";"1";"33";"33382";"1";"1";"1";"2";"N/A";"45,16162600";" -0,50491000"
"202400039787";"20";"07";"2024";"01:30";"3";"33";"33051";"2";"1";"1";"7";"N/A";"44,65074600";" -0,95375100"
"202400039788";"30";"04";"2024";"18:20";"1";"74";"74042";"2";"1";"1";"4";"Route de cluses";"46,07209200";"6,41956700"
"202400039789";"20";"07";"2024";"15:50";"1";"76";"76203";"2";"1";"1";"7";"route departementale 6015";"49,60294700";"0,85523800"
"202400039790";"9";"06";"2024";"17:40";"1";"74";"74121";"2";"1";"2";"2";"81 Rue des écoles";"46,35458100";"6,35269900"
"202400039791";"19";"07";"2024";"13:45";"1";"76";"76057";"2";"2";"1";"3";"Rue Pierre et Marie Curie";"49,53635000";"0,95993000"
"202400039792";"19";"07";"2024";"09:20";"1";"76";"76285";"2";"3";"1";"3";"D42";"49,41151800";"1,29759400"
"202400039793";"20";"07";"2024";"14:03";"1";"60";"60500";"2";"1";"1";"7";"Rue de Verdun";"49,09668500";"2,76107100"
"202400039794";"19";"07";"2024";"20:15";"1";"62";"62711";"2";"1";"1";"7";"Rue du Buisson";"50,80192400";"1,72722500"
"202400039795";"18";"05";"2024";"16:45";"1";"74";"74175";"1";"9";"1";"1";"rd 1005";"46,40390600";"6,74380800"
"202400039796";"17";"07";"2024";"03:45";"3";"13";"13211";"1";"1";"1";"6";"A50-Sens Aubagne vers Marseille";"43,28703000";"5,43540000"
"202400039797";"27";"05";"2024";"10:50";"1";"74";"74221";"2";"1";"1";"6";"116 Route de la colombière";"46,01326300";"6,53489100"
"202400039798";"19";"07";"2024";"08:25";"1";"57";"57096";"1";"1";"1";"6";"Autoroute A30";"49,38181873";"5,97586953"
"202400039799";"19";"07";"2024";"15:40";"1";"33";"33039";"1";"1";"1";"4";"N/A";"44,80719500";" -0,52810200"
"202400039800";"28";"03";"2024";"14:20";"1";"74";"74056";"1";"9";"1";"2";"RN 205";"45,90624000";"6,84372000"
"202400039801";"19";"07";"2024";"13:10";"1";"33";"33249";"1";"1";"1";"4";"N/A";"44,88118000";" -0,52376000"
"202400039802";"25";"03";"2024";"10:30";"1";"74";"74208";"1";"1";"1";"6";"Route nationale 205";"45,92872000";"6,74308000"
"202400039803";"15";"07";"2024";"18:07";"1";"59";"59544";"1";"1";"1";"2";"AUTOROUTE A2";"50,36255000";"3,59079000"
"202400039804";"19";"07";"2024";"16:10";"1";"91";"91645";"1";"1";"1";"3";"RN 385 Extèrieure";"48,75989000";"2,25908000"
"202400039805";"25";"08";"2024";"12:10";"1";"59";"59220";"2";"3";"1";"1";"DUNKERQUE RUE DE";"50,59904000";"3,07317000"
"202400039806";"19";"07";"2024";"13:45";"1";"91";"91136";"1";"1";"1";"2";"A10 PROVINCE / RD188 PROVINCE";"48,71732000";"2,26706000"
"202400039807";"19";"07";"2024";"18:35";"1";"78";"78423";"1";"1";"1";"6";"RN12";"48,79639000";"2,03299100"
"202400039808";"26";"08";"2024";"07:22";"1";"988";"98818";"2";"2";"1";"3";"RUE DU DOCTEUR LE SCOUR/RUE EUGENE PORCHERON";" -22,27523000";"166,44562000"
"202400039809";"19";"07";"2024";"17:30";"1";"78";"78133";"1";"1";"1";"4";"A13";"48,89117100";"2,00946700"
"202400039810";"24";"08";"2024";"06:45";"1";"974";"97416";"1";"1";"2";"2";"RN03";" -21,32290000";"55,48470000"
"202400039811";"19";"07";"2024";"20:00";"1";"95";"95306";"1";"1";"1";"3";"A15";"49,00106114";"2,17299486"
"202400039812";"25";"08";"2024";"19:50";"5";"974";"97407";"2";"1";"1";"6";"PERI GABRIEL(RUE)";" -20,93738000";"55,30782000"
"202400039813";"19";"07";"2024";"13:50";"1";"93";"93064";"1";"1";"1";"1";"AUTOROUTE A103";"48,88497135";"2,48991679"
"202400039814";"19";"07";"2024";"09:55";"1";"93";"93008";"1";"1";"1";"6";"AUTOROUTE A86";"48,90615841";"2,46109169"
"202400039815";"25";"08";"2024";"17:00";"1";"973";"97302";"2";"1";"1";"1";"EBOUE (ROCADE FELIX)";"4,93233000";" -52,31113000"
"202400039816";"19";"07";"2024";"07:45";"1";"94";"94079";"1";"1";"1";"2";"A4";"48,82799527";"2,52620846"
"202400039817";"18";"07";"2024";"08:35";"1";"976";"97611";"1";"9";"1";"5";"m'tsapere-Nationale 2 (route)";" -12,79050000";"45,22317000"
"202400039818";"24";"08";"2024";"15:07";"1";"95";"95572";"2";"3";"1";"1";"D922";"49,05536192";"2,13621318"
"202400039819";"18";"07";"2024";"17:30";"1";"974";"97411";"2";"2";"1";"3";"LECONTE DE LISLE (AVENUE)";" -20,89278000";"55,48356000"
"202400039820";"18";"07";"2024";"14:57";"1";"974";"97409";"1";"1";"1";"6";"BOIS ROUGE (chemin du)";" -20,92270000";"55,64351000"
"202400039821";"25";"08";"2024";"14:15";"1";"91";"91600";"2";"9";"1";"4";"RTE NATIONALE 6";"48,67877000";"2,49547000"
"202400039822";"18";"07";"2024";"11:34";"1";"973";"97302";"2";"1";"1";"6";"MADELEINE (ROUTE DE LA)";"4,90978000";" -52,32151000"
"202400039823";"18";"07";"2024";"10:40";"1";"972";"97213";"1";"1";"1";"4";"AUTOROUTE A1";"14,61803000";" -61,03267000"
"202400039824";"25";"08";"2024";"03:25";"4";"88";"88413";"1";"1";"3";"2";"RN 59";"48,31253000";"6,91904000"
"202400039825";"18";"07";"2024";"14:00";"1";"972";"97209";"2";"3";"1";"3";"GENERAL DE GAULLE (BLD DU)";"14,60654000";" -61,06677000"
"202400039826";"17";"07";"2024";"13:25";"1";"972";"97209";"1";"3";"1";"3";"BOUGAINVILLIERS (RUE DES)";"14,60870000";" -61,08038000"
"202400039827";"25";"08";"2024";"20:30";"1";"85";"85191";"1";"1";"1";"3";"COTE DE LUMIERE ROND-POINT";"46,66239000";" -1,46234000"
"202400039828";"18";"07";"2024";"14:49";"1";101;101004";"2";"1";"1";"3";"ROSSI TINO BD";"41,90935000";"8,69174000"
"202400039829";"17";"07";"2024";"16:16";"1";"95";"95476";"1";"9";"1";"4";"N14";"49,05729244";"2,03951092"
"202400039830";"25";"08";"2024";"16:00";"1";"84";"84007";"2";"1";"1";"6";"MORIERES (Route de )";"43,94992000";"4,86632000"
"202400039831";"18";"07";"2024";"19:00";"1";"91";"91521";"2";"1";"1";"1";"AV PAUL LANGEVIN";"48,64000000";"2,39900000"
"202400039832";"16";"07";"2024";"12:41";"1";"87";"87065";"1";"2";"1";"3";"RD 704A";"45,79416010";"1,29534245"
"202400039833";"25";"08";"2024";"10:45";"1";"83";"83137";"2";"1";"1";"7";"RESISTANCE (AVE / IMP DE LA)";"43,11441000";"5,95054000"
"202400039834";"17";"07";"2024";"21:00";"1";"85";"85194";"2";"1";"1";"6";"Route du tour de france";"46,48413000";" -1,75598000"
"202400039835";"18";"07";"2024";"00:50";"5";"80";"80021";"2";"2";"1";"3";"Rue du Général Leclerc";"49,89667000";"2,29434000"
"202400039836";"12";"06";"2024";"08:41";"1";"78";"78624";"2";"1";"1";"6";"DOUMER RUE PAUL";"48,97968700";"2,00392200"
"202400039837";"24";"08";"2024";"03:40";"5";"78";"78358";"2";"1";"1";"3";"VERDUN (AVENUE DE)";"48,94526000";"2,15760000"
"202400039838";"15";"06";"2024";"19:20";"1";"77";"77251";"2";"6";"1";"3";"RD 50";"48,61457000";"2,55305000"
"202400039839";"25";"08";"2024";"02:50";"5";"77";"77284";"2";"3";"1";"2";"VICTOIRE (AV.DE LA)";"48,95740200";"2,93629300"
"202400039840";"17";"07";"2024";"10:30";"1";"77";"77326";"2";"1";"1";"6";"CHAMPIGNONS (DES)";"48,58053600";"2,55932000"
"202400039841";"25";"08";"2024";"21:00";"2";"71";"71306";"2";"1";"1";"6";"JULES CHAGOT (QUAI)";"46,67692000";"4,36320000"
"202400039842";"17";"07";"2024";"07:30";"1";"77";"77296";"2";"6";"1";"3";"RUE DENIS PAPIN";"48,61819500";"2,58086700"
"202400039843";"18";"07";"2024";"18:55";"1";"76";"76498";"1";"1";"1";"7";"N338 - Sud 3";"49,42630000";"1,05522000"
"202400039844";"25";"08";"2024";"05:30";"2";"65";"65440";"2";"6";"2";"6";"Boulevard Henri IV";"43,23295400";"0,06106100"
"202400039845";"17";"07";"2024";"23:00";"5";"72";"72181";"2";"1";"1";"2";"COURBOULAY PAUL (RUE)";"48,00355000";"0,19155000"
"202400039846";"18";"07";"2024";"04:00";"3";"69";"69266";"2";"3";"1";"2";"Rue Victor Jara";"45,76696424";"4,91810440"
"202400039847";"25";"08";"2024";"18:09";"1";"64";"64348";"2";"3";"2";"3";"DIDIER DAURAT";"43,33279000";" -0,37977000"
"202400039848";"18";"07";"2024";"10:20";"1";"69";"69259";"2";"1";"1";"6";"Boulevard Irène Joliot Curie";"45,72121000";"4,87377000"
"202400039849";"24";"08";"2024";"15:30";"1";"62";"62239";"2";"1";"3";"1";"D304";"50,93127447";"1,83855200"
"202400039850";"17";"07";"2024";"18:30";"1";"69";"69259";"2";"1";"1";"6";"Boulevard Ambroise Croizat";"45,70471000";"4,88745000"
"202400039851";"18";"07";"2024";"07:30";"1";"64";"64445";"2";"3";"1";"6";"ALFRED NOBEL";"43,31583000";" -0,31397000"
"202400039852";"25";"08";"2024";"05:30";"5";"60";"60057";"2";"1";"1";"6";"Avenue Salvador Allendé";"49,43906000";"2,10873000"
"202400039853";"25";"08";"2024";"02:30";"3";"59";"59352";"1";"1";"2";"7";"QUESNOY (RUE)";"50,73121000";"3,06155000"
"202400039854";"17";"07";"2024";"12:45";"1";"64";"64445";"2";"3";"1";"3";"CHATEAU D'ESTE DU";"43,30789000";" -0,37748000"
"202400039855";"24";"08";"2024";"17:10";"1";"59";"59033";"2";"1";"2";"7";"HOTEL DE VILLE (RUE DE L')";"50,20104100";"3,83014300"
"202400039856";"18";"07";"2024";"16:34";"1";"63";"63113";"2";"1";"1";"3";"BENNETT (RUE GORDON)";"45,78695000";"3,07995000"
"202400039857";"17";"07";"2024";"17:20";"1";"63";"63113";"2";"1";"1";"6";"COUTHON (AVENUE GEORGES)";"45,78173000";"3,09294000"
"202400039858";"24";"08";"2024";"17:50";"1";"59";"59360";"2";"3";"3";"3";"DOUMER PAUL RUE";"50,59629300";"3,03763100"
"202400039859";"18";"07";"2024";"19:00";"1";"62";"62193";"2";"2";"1";"3";"Rue du Duc de Guise";"50,95775000";"1,85193000"
"202400039860";"25";"08";"2024";"19:15";"1";"57";"57227";"2";"5";"1";"3";"NATIONALE (RUE)DU C. SCHOENECK /LIMITE C";"49,18899000";"6,90578000"
"202400039861";"25";"08";"2024";"16:25";"1";"56";"56162";"1";"1";"1";"6";"Kerlin Bastard";"47,75588000";" -3,42219000"
"202400039862";"18";"07";"2024";"10:30";"1";"62";"62774";"2";"6";"1";"3";"Place du General de Gaulle";"50,95876394";"1,82783961"
"202400039863";"24";"08";"2024";"12:41";"1";"47";"47001";"1";"1";"1";"3";"DOCTEUR NOGUES (AV DU)";"44,19429000";"0,64376000"
"202400039864";"18";"07";"2024";"01:50";"5";"59";"59426";"1";"3";"1";"3";"RACCORDEMENT (VOIE DE)";"50,74780000";"3,14544000"
"202400039865";"19";"06";"2024";"15:30";"1";"42";"42218";"2";"1";"1";"6";"Rue du Midi";"45,44459600";"4,38126300"
"202400039866";"18";"07";"2024";"01:35";"5";"59";"59378";"2";"1";"1";"7";"MAGNOLIAS AVENUE DES";"50,68225000";"3,10742000"
"202400039867";"25";"08";"2024";"16:24";"1";"36";"36044";"1";"1";"1";"4";"Avenue de Blois";"46,82819332";"1,68045223"
"202400039868";"17";"07";"2024";"18:00";"1";"57";"57672";"2";"1";"1";"2";"KONACKER (Route)";"49,36454000";"6,08987000"
"202400039869";"25";"08";"2024";"12:55";"1";"36";"36044";"2";"1";"1";"6";"POIRIER (DU GRAND)";"46,79614352";"1,71836525"
"202400039870";"18";"07";"2024";"17:10";"1";"54";"54339";"2";"1";"1";"3";"Avenue du General Leclerc";"48,71812969";"6,18319988"
"202400039871";"26";"08";"2024";"01:00";"3";"35";"35238";"1";"1";"1";"6";"ROCADE 10-11";"48,11776000";" -1,71873000"
"202400039872";"18";"07";"2024";"08:05";"1";"54";"54184";"2";"2";"1";"3";"Av du 69e Regiment d’Infanterie";"48,70988544";"6,24117315"
"202400039873";"25";"08";"2024";"09:30";"1";"34";"34172";"2";"2";"1";"3";"MOULARES (CHEMIN DE";"43,60018000";"3,89458000"
"202400039874";"18";"07";"2024";"17:50";"1";"54";"54382";"2";"1";"1";"7";"Rue des Tilleuls";"49,53932000";"5,76457000"
"202400039875";"17";"07";"2024";"22:40";"5";"51";"51454";"2";"1";"1";"6";"MIDOL (RUE HENRI)";"49,26301000";"4,00398000"
"202400039876";"25";"08";"2024";"00:30";"5";"31";"31555";"2";"1";"1";"6";"CHE DE FENOUILLET";"43,65970000";"1,40868000"
"202400039877";"18";"07";"2024";"18:00";"1";"50";"50218";"2";"1";"1";"6";"MATIGNON (AV DES)";"48,83795000";" -1,56967000"
"202400039878";"25";"08";"2024";"15:17";"1";"27";"27229";"2";"1";"1";"6";"GRENOBLE (RUE DE)";"49,02626000";"1,14985000"
"202400039879";"18";"07";"2024";"14:00";"1";"50";"50165";"2";"1";"1";"7";"N/A";"48,85122000";" -1,55547000"
"202400039880";"24";"08";"2024";"17:35";"1";"27";"27306";"2";"1";"3";"7";"CONCORDE (RUE)";"49,00634590";"1,17236590"
"202400039881";"24";"08";"2024";"19:05";"1";"26";"26362";"2";"1";"1";"6";"Rue des Freres Montgolfier";"44,92271774";"4,90558863"
"202400039882";"17";"07";"2024";"19:30";"1";"50";"50129";"2";"2";"1";"3";"COUTURIERES (RUE DES )";"49,64162000";" -1,59325000"
"202400039883";"25";"08";"2024";"04:50";"5";"14";"14220";"2";"1";"1";"7";"30 Avenue de la République";"49,35976000";"0,08047000"
"202400039884";"25";"08";"2024";"06:05";"5";"13";"13202";"2";"1";"1";"1";"HOZIER (RUE D')";"43,30429000";"5,36985000"
"202400039885";"17";"07";"2024";"18:30";"1";"50";"50129";"2";"2";"1";"3";"ALEXANDRE III (QUAI)";"49,63554000";" -1,62199000"
"202400039886";"24";"08";"2024";"16:15";"1";"13";"13212";"2";"1";"1";"2";"WILLIAM BOOTH (AVENUE)";"43,29423531";"5,44187760"
"202400039887";"17";"07";"2024";"19:35";"1";"49";"49007";"2";"1";"1";"3";"DAVID D'ANGERS";"47,44288000";" -0,53520000"
"202400039888";"17";"07";"2024";"06:20";"2";"42";"42186";"2";"1";"1";"3";"Chemin de Sainte-barbe";"45,52092201";"4,60684649"
"202400039889";"17";"07";"2024";"15:20";"1";"42";"42218";"2";"1";"1";"3";"Boulevard de la Palle";"45,42783000";"4,41700000"
"202400039890";"24";"08";"2024";"12:05";"1";"13";"13211";"2";"1";"1";"5";"AUDIENCE (RUE DE L')";"43,29616461";"5,48647591"
"202400039891";"17";"07";"2024";"21:20";"2";"38";"38185";"2";"2";"1";"1";"RUE ABBÉ DE LA SALLE";"45,18972000";"5,73149000"
"202400039892";"25";"08";"2024";"17:45";"1";"10";"10387";"2";"9";"1";"3";"Chaussee du Vouldy";"48,29090000";"4,08830000"
"202400039893";"14";"06";"2024";"17:00";"1";"21";"21231";"1";"1";"1";"1";"Rue Coubertin";"47,30638300";"5,08992400"
"202400039894";"24";"08";"2024";"08:44";"1";"01";"01451";"2";"6";"7";"3";"LOUHANS (ROND POINT)";"46,22808000";"5,22900000"
"202400039895";"18";"07";"2024";"16:30";"1";"37";"37261";"2";"6";"7";"3";"MAGINOT (AV. ANDRE)";"47,41879834";"0,69261718"
"202400039896";"25";"08";"2024";"13:50";"1";"75";"75116";"2";"1";"1";"2";"BD PERIPHERIQUE INTERIEUR";"48,82562300";"2,30096500"
"202400039897";"29";"05";"2024";"14:08";"1";"19";"19275";"2";"9";"8";"6";"BLUM (BOULEVARD LEON)";"45,55271184";"2,31597151"
"202400039898";"18";"07";"2024";"12:53";"1";"37";"37261";"2";"1";"1";"6";"STRASBOURG (PLACE DE)";"47,38043000";"0,68119000"
"202400039899";"17";"06";"2024";"14:20";"1";"19";"19031";"2";"1";"1";"3";"LAGRANGE (AVENUE LEO)";"45,16072000";"1,55028000"
"202400039900";"16";"06";"2024";"15:25";"1";"14";"14333";"2";"1";"1";"6";"32 Rue du Dauphin";"49,42015721";"0,23219079"
"202400039901";"18";"07";"2024";"18:30";"1";"35";"35278";"1";"1";"1";"2";"RN136";"48,14104000";" -1,68131000"
"202400039902";"24";"08";"2024";"16:20";"1";"75";"75120";"2";"1";"1";"5";"BD PERIPHERIQUE INTERIEUR";"48,85993000";"2,41398200"
"202400039903";"17";"06";"2024";"07:30";"1";"13";"13054";"1";"1";"1";"2";"D9 (BRETELLE)";"43,42405000";"5,23650000"
"202400039904";"23";"08";"2024";"16:10";"1";"75";"75112";"2";"1";"1";"4";"Boulevard Périphérique Extérieur ";"48,84648400";"2,41457100"
"202400039905";"18";"07";"2024";"11:45";"1";"35";"35238";"2";"2";"1";"3";"CLEMENCEAU (BD GEORGES)";"48,09427873";" -1,68182820"
"202400039906";"17";"06";"2024";"19:31";"1";"13";"13209";"1";"1";"1";"7";"COL DE LA GINESTE D559";"43,21303000";"5,45075000"
"202400039907";"23";"08";"2024";"11:30";"1";"75";"75112";"2";"1";"1";"2";"BD PERIPHERIQUE EXTERIEUR";"48,84648400";"2,41457100"
"202400039908";"17";"06";"2024";"08:30";"1";"13";"13213";"2";"1";"1";"1";"JEAN PAUL SARTRE (AVENUE)";"43,32898000";"5,43057000"
"202400039909";"18";"07";"2024";"08:10";"1";"34";"34172";"2";"2";"1";"3";"APOTHICAIRES (AVENUE DES)";"43,64294000";"3,83674000"
"202400039910";"13";"06";"2024";"18:00";"1";"13";"13204";"2";"1";"1";"7";"ALEX. FLEMING (BOULEVARD)";"43,31662259";"5,39537166"
"202400039911";"23";"08";"2024";"09:00";"1";"75";"75112";"2";"1";"1";"3";"BD PERIPHERIQUE EXTERIEUR";"48,82714100";"2,39103000"
"202400039912";"18";"07";"2024";"19:00";"1";"33";"33063";"2";"4";"1";"2";"N/A";"44,85177000";" -0,59048000"
"202400039913";"17";"06";"2024";"01:47";"5";"13";"13208";"2";"1";"1";"2";"MENDES FRANCE (AVENUE)";"43,25939000";"5,37572000"
"202400039914";"24";"08";"2024";"15:30";"1";"75";"75113";"2";"1";"1";"2";"ECHANGEUR ITALIE";"48,81624500";"2,35611700"
"202400039915";"12";"06";"2024";"10:30";"1";"06";"06027";"2";"1";"1";"6";"2 Avenue de l'Hôtel des Postes";"43,66277000";"7,15054000"
"202400039916";"25";"08";"2024";"11:00";"1";"75";"75116";"2";"1";"1";"6";"AVENUE FELIX D HERELLE";"48,83478400";"2,25606200"
"202400039917";"17";"06";"2024";"10:20";"1";"02";"02738";"2";"7";"1";"3";"N/A";"49,66821000";"3,28202000"
"202400039918";"18";"07";"2024";"17:50";"1";"33";"33063";"2";"3";"1";"4";"N/A";"44,85100000";" -0,59547000"
"202400039919";"25";"08";"2024";"10:30";"1";"75";"75116";"2";"2";"1";"3";"AVENUE DE LA PORTE D AUTEUIL";"48,84807200";"2,25310200"
"202400039920";"17";"06";"2024";"11:50";"1";"01";"01053";"2";"2";"1";"2";"LEVRIER (BD ANDRE) PAIR";"46,20975000";"5,23017000"
"202400039921";"24";"08";"2024";"17:30";"1";"75";"75112";"2";"4";"1";"6";"AVENUE DE SAINT MAURICE";"48,82856000";"2,41954500"
"202400039922";"18";"07";"2024";"11:30";"1";"33";"33522";"2";"2";"1";"6";"N/A";"44,81534000";" -0,59406000"
"202400039923";"25";"08";"2024";"04:30";"5";"75";"75111";"2";"1";"1";"6";"RUE DES TAILLANDIERS";"48,85466500";"2,37504700"
"202400039924";"17";"06";"2024";"18:20";"1";"75";"75113";"2";"1";"1";"4";"BD PERIPHERIQUE EXTERIEUR";"48,81670700";"2,36510700"
"202400039925";"17";"07";"2024";"18:05";"1";"33";"33009";"2";"1";"1";"6";"N/A";"44,65898400";" -1,19278000"
"202400039926";"25";"08";"2024";"22:10";"5";"75";"75110";"2";"3";"1";"3";"BOULEVARD DE MAGENTA";"48,87318000";"2,35884300"
"202400039927";"17";"06";"2024";"11:55";"1";"75";"75119";"2";"3";"1";"4";"RUE SIGMUND FREUD";"48,88468400";"2,39883700"
"202400039928";"18";"07";"2024";"15:10";"1";"31";"31555";"2";"3";"1";"3";"RUE DE LA VENDEE";"43,57226000";"1,41407000"
"202400039929";"17";"06";"2024";"10:20";"1";"75";"75105";"2";"1";"1";"3";"QUAI SAINT BERNARD";"48,84722000";"2,36042000"
"202400039930";"25";"08";"2024";"19:00";"2";"93";"93005";"2";"2";"1";"5";"Rue Paul Cézanne / Rue Eugène Delacroix";"48,95284477";"2,49895179"
"202400039931";"18";"07";"2024";"09:55";"1";"29";"29232";"2";"1";"1";"6";"Rue de Stang Bihan";"48,01027500";" -4,10408800"
"202400039932";"24";"08";"2024";"17:20";"1";"93";"93051";"2";"1";"1";"6";"Rue du Marnois";"48,84144536";"2,56480626"
"202400039933";"17";"06";"2024";"08:10";"1";"75";"75117";"2";"2";"1";"3";"RUE FLOREAL";"48,90047400";"2,32069200"
"202400039934";"17";"07";"2024";"13:35";"1";"29";"29232";"2";"1";"1";"2";"Rue Theodore le Hars";"47,99446100";" -4,09973800"
"202400039935";"17";"06";"2024";"08:01";"1";"75";"75110";"2";"2";"1";"3";"RUE LA FAYETTE";"48,88161500";"2,36581300"
"202400039936";"17";"07";"2024";"10:20";"1";"29";"29151";"2";"1";"1";"6";"Rampe Saint Nicolas";"48,58205700";" -3,82686400"
"202400039937";"24";"08";"2024";"17:00";"1";"93";"93032";"2";"2";"1";"3";"Avenue Charles / Avenue Maurice";"48,89086667";"2,52072662"
"202400039938";"17";"06";"2024";"09:15";"1";"75";"75115";"2";"2";"1";"3";"RUE DE LA CROIX NIVERT";"48,84234400";"2,29417400"
"202400039939";"18";"07";"2024";"21:09";"1";"27";"27229";"2";"1";"1";"2";"CITES UNIES (BOULEVARD DES)";"49,01492000";"1,14413000"
"202400039940";"24";"08";"2024";"21:15";"5";"93";"93031";"2";"2";"1";"3";"Avenue Joffre / Route d'Argenteuil";"48,96174000";"2,29519000"
"202400039941";"17";"06";"2024";"13:35";"1";"75";"75101";"2";"3";"1";"3";"RUE SAINT HONORE";"48,86249700";"2,33810200"
"202400039942";"17";"07";"2024";"21:22";"2";"26";"26252";"2";"1";"1";"1";"Rue Ambroise Croizat";"44,87171800";"4,87972500"
"202400039943";"25";"08";"2024";"03:40";"5";"93";"93013";"2";"6";"1";"6";"Carrefour Charles Lindbergh / Route nationale 2";"48,94274000";"2,42995000"
"202400039944";"17";"06";"2024";"11:45";"1";"94";"94044";"2";"1";"1";"6";"Avenue de Verdun";"48,75034869";"2,48304226"
"202400039945";"26";"08";"2024";"08:15";"1";"34";"34242";"1";"1";"1";"7";"Mas de Mounel";"43,76782400";"3,98102600"
"202400039946";"25";"08";"2024";"18:50";"1";"47";"47015";"1";"1";"1";"6";"RN 21";"44,05537200";"0,65136900"
"202400039947";"17";"06";"2024";"19:00";"1";"94";"94046";"2";"1";"1";"6";"12 Avenue Gambetta";"48,80999900";"2,43612200"
"202400039948";"18";"07";"2024";"13:10";"1";"17";"17415";"2";"3";"1";"4";"COTE DE BEAUTE RUE DE LA";"45,74813700";" -0,66882200"
"202400039949";"17";"06";"2024";"14:00";"1";"94";"94041";"2";"1";"1";"3";"78 Avenue Maurice Thorez";"48,81410000";"2,37928000"
"202400039950";"26";"08";"2024";"14:20";"1";"62";"62723";"2";"3";"1";"3";"D119";"50,36741300";"1,77739800"
"202400039951";"17";"07";"2024";"15:37";"1";"14";"14366";"1";"9";"1";"2";"D613";"49,13374000";"0,24611000"
"202400039952";"26";"08";"2024";"16:25";"1";"28";"28161";"1";"1";"1";"6";"Autoroute A11 PK 095+500 dans le sens LE MANS vers PARIS";"48,25142700";"1,12326600"
"202400039953";"24";"08";"2024";"06:00";"2";"972";"97220";"1";"1";"2";"7";"N8";"14,49116400";" -60,89642300"
"202400039954";"17";"07";"2024";"10:35";"1";"14";"14338";"2";"6";"7";"3";"1 Boulevard des Belges";"49,30066000";" -0,07508000"
"202400039955";"16";"06";"2024";"02:00";"5";"93";"93053";"2";"3";"1";"5";"Rue de Brément / Rue Elsa Triolet";"48,88725500";"2,46636800"
"202400039956";"23";"08";"2024";"03:00";"3";"972";"97217";"2";"1";"1";"6";"morne sulpice";"14,49273300";" -60,86194000"
"202400039957";"17";"07";"2024";"17:30";"1";"13";"13117";"1";"1";"1";"3";"CD20 E";"43,44964000";"5,23071000"
"202400039958";"17";"06";"2024";"11:20";"1";"93";"93031";"2";"5";"1";"6";"Avenue de la République / Boulevard Foch";"48,94967000";"2,32944000"
"202400039959";"26";"08";"2024";"09:55";"1";"26";"26324";"1";"9";"1";"7";"N/A";"44,32790100";"4,73888400"
"202400039960";"17";"06";"2024";"16:45";"1";"92";"92046";"2";"1";"1";"7";"JULES FERRY (AVENUE)";"48,81996977";"2,29864204"
"202400039961";"18";"07";"2024";"14:06";"1";"13";"13208";"2";"1";"1";"1";"PRADO (AVENUE DU)";"43,26876388";"5,38550510"
"202400039962";"26";"08";"2024";"18:15";"1";"01";"01075";"2";"1";"1";"2";"Lieu Dit Villette";"46,02818400";"4,78212700"
"202400039963";"17";"06";"2024";"15:35";"1";"92";"92063";"2";"4";"1";"1";"POMPIDOU (AVENUE DU PRESIDENT)";"48,86664646";"2,20087266"
"202400039964";"17";"06";"2024";"20:26";"1";"92";"92062";"2";"3";"1";"3";"DE DION BOUTON (QUAI) DU 1 AU 28";"48,88535612";"2,25096524"
"202400039965";"14";"07";"2024";"18:40";"1";"13";"13005";"2";"1";"1";"1";"VERDUN (AVENUE DE)";"43,28754000";"5,58252000"
"202400039966";"25";"08";"2024";"17:30";"1";"86";"86070";"1";"2";"7";"3";"D951";"46,57305000";"0,70919200"
"202400039967";"17";"06";"2024";"18:10";"1";"92";"92044";"2";"1";"1";"3";"RASPAIL(RUE) 41A65 ET 32A58";"48,89829000";"2,29153000"
"202400039968";"17";"06";"2024";"13:00";"1";"92";"92040";"2";"1";"1";"6";"VERDUN (AVENUE DE) DU 83 AU 113 BIS";"48,82011812";"2,25788033"
"202400039969";"25";"08";"2024";"19:14";"5";"971";"97109";"1";"1";"1";"1";"RN1 - blanchet";"15,99549000";" -61,70706200"
"202400039970";"17";"06";"2024";"11:30";"1";"92";"92024";"2";"1";"1";"6";"GENERAL LECLERC (RUE DU) DE (59 ET PLUS)";"48,90515506";"2,31050402"
"202400039971";"17";"07";"2024";"23:00";"3";"13";"13004";"1";"1";"1";"2";"RTE N113 MARSEILLE A BORBEAUX";"43,65256000";"4,66736000"
"202400039972";"24";"08";"2024";"22:00";"3";"84";"84027";"1";"1";"1";"6";"D237";"44,09223900";"4,73472100"
"202400039973";"17";"06";"2024";"10:30";"1";"92";"92032";"2";"3";"1";"7";"REPUBLIQUE (BOULEVARD DE LA)";"48,78969378";"2,28674716"
"202400039974";"18";"07";"2024";"03:30";"4";"11";"11069";"2";"1";"1";"6";"Rue du President Fallieres";"43,21255000";"2,36450000"
"202400039975";"25";"08";"2024";"11:25";"1";101;101085";"1";"6";"1";"2";"6 route départementale 55";"41,91172000";"8,82681000"