"Num_Acc";"jour";"mois";"an";"hrmn";"lum";"dep";"com";"agg";"int";"atm";"col";"adr";"lat";"long"
"202400039976";"17";"06";"2024";"12:25";"1";"92";"92012";"2";"1";"1";"2";"GALLIENI (RUE) 159/FIN";"48,83556018";"2,23190725"
"202400039977";"23";"08";"2024";"21:26";"5";"82";"82112";"2";"1";"1";"6";"13 Rue Sainte-Catherine";"44,10344000";"1,08411600"
"202400039978";"17";"06";"2024";"16:10";"1";"92";"92007";"2";"1";"1";"3";"VAILLANT-COUTURIER (AVENU PAUL)";"48,79273476";"2,31565744"
"202400039979";"17";"07";"2024";"18:43";"1";"10";"10265";"2";"1";"1";"2";"Rue Lamartine";"48,30060000";"4,04080000"
"202400039980";"26";"08";"2024";"07:50";"1";"65";"65408";"1";"1";"8";"2";"Route des Nestes rd 929";"42,98404013";"0,37578821"
"202400039981";"16";"06";"2024";"22:39";"5";"92";"92002";"2";"9";"1";"6";"NOYER DORE (AVENUE)";"48,73549250";"2,28490341"
"202400039982";"18";"06";"2024";"00:20";"3";"95";"95116";"2";"1";"2";"6";"BEAUMONT (RUE DE)";"49,15430055";"2,32363522"
"202400039983";"26";"08";"2024";"09:15";"1";"33";"33296";"2";"1";"1";"1";"N/A";"44,84997100";" -0,02346600"
"202400039984";"17";"07";"2024";"10:50";"1";"10";"10081";"2";"1";"1";"2";"Avenue du Général Sarrail";"48,30327000";"4,03010000"
"202400039985";"30";"05";"2024";"09:30";"1";"40";"40036";"2";"3";"2";"3";"1064 Route de Bayonne";"43,62802800";" -1,37179000"
"202400039986";"17";"06";"2024";"08:15";"1";"05";"05174";"1";"1";"1";"7";"D994G";"44,95962100";"6,67817500"
"202400039987";"18";"07";"2024";"07:20";"1";"06";"06069";"2";"7";"1";"3";"18 Boulevard Carnot";"43,65444020";"6,92098510"
"202400039988";"26";"08";"2024";"16:00";"1";"69";"69162";"1";"2";"1";"3";"Route Départementale 337";"46,13904949";"4,60837841"
"202400039989";"25";"08";"2024";"23:20";"3";"86";"86068";"1";"1";"1";"6";"La Brousse Bazin";"46,21819000";"0,19637400"
"202400039990";"18";"06";"2024";"16:15";"1";"974";"97410";"2";"1";"1";"1";"22 Route Nationale 2";" -21,06466300";"55,73227500"
"202400039991";"18";"07";"2024";"15:00";"1";"06";"06030";"2";"3";"1";"3";"6 Avenue de Lyon";"43,56498200";"7,01924000"
"202400039992";"25";"08";"2024";"20:00";"1";"34";"34239";"2";"2";"1";"3";"Avenue de Clermont l'Herault";"43,64988700";"3,50039000"
"202400039993";"18";"06";"2024";"19:10";"1";"51";"51147";"1";"1";"1";"2";"rd977 PK 46+050";"49,08226666";"4,48117259"
"202400039994";"18";"07";"2024";"12:30";"1";"01";"01289";"2";"3";"1";"3";"AMPERE (RUE)";"46,17076000";"5,19814000"
"202400039995";"16";"06";"2024";"11:50";"1";"62";"62141";"1";"1";"2";"6";"Rue de Montbus";"50,62599500";"2,34291500"
"202400039996";"25";"08";"2024";"19:30";"2";"34";"34235";"1";"1";"7";"1";"D13";"43,63875000";"3,05570900"
"202400039997";"14";"06";"2024";"16:25";"1";"80";"80308";"2";"1";"2";"6";"Rue Ferdinand Buisson";"50,06073100";"1,60823100"
"202400039998";"18";"07";"2024";"20:00";"1";"75";"75120";"2";"1";"1";"2";"BD PERIPHERIQUE INTERIEUR";"48,85903300";"2,41411000"
"202400039999";"23";"08";"2024";"07:45";"1";"68";"68270";"2";"1";"1";"3";"34 Rue Principale";"47,77808700";"7,28677600"
"202400040000";"18";"06";"2024";"06:59";"1";"80";"80704";"1";"1";"1";"1";"D919";"49,96560400";"2,39536300"
"202400040001";"18";"07";"2024";"14:30";"1";"75";"75117";"2";"1";"1";"3";"BD PERIPHERIQUE EXTERIEUR";"48,90018800";"2,32078100"
"202400040002";"19";"08";"2024";"18:45";"2";"68";"68129";"1";"1";"7";"2";"Rue de Belfort";"47,73268500";"7,24017800"
"202400040003";"5";"06";"2024";"07:50";"2";"69";"69006";"2";"6";"7";"6";"Rue Maurice Perrodon";"45,97634600";"4,33445000"
"202400040004";"18";"07";"2024";"13:10";"1";"75";"75112";"2";"1";"1";"2";"BD PERIPHERIQUE EXTERIEUR";"48,82764600";"2,39365300"
"202400040005";"19";"09";"2024";"19:50";"2";"24";"24007";"1";"1";"1";"7";"Route de Saint Severin";"45,29592676";"0,28705359"
"202400040006";"24";"08";"2024";"17:25";"1";"39";"39106";"1";"2";"1";"3";"N/A";"46,46609000";"5,71532100"
"202400040007";"18";"08";"2024";"13:57";"1";"01";"01451";"1";"1";"3";"6";"Viriat";"46,25519400";"5,25039200"
"202400040008";"18";"07";"2024";"10:44";"1";"75";"75119";"2";"1";"1";"3";"BD PERIPHERIQUE EXTERIEUR";"48,90035900";"2,37664200"
"202400040009";"17";"06";"2024";"12:30";"1";"11";"11397";"2";"1";"1";"2";"RD 6113";"43,20613400";"2,43144400"
"202400040010";"24";"08";"2024";"11:50";"1";"39";"39501";"2";"1";"1";"6";"8 Rue de Dole";"47,12681900";"5,45455600"
"202400040011";"17";"06";"2024";"20:55";"1";"89";"89086";"1";"1";"1";"6";"Les Debats";"47,86717800";"3,19216100"
"202400040012";"17";"07";"2024";"20:25";"1";"75";"75117";"2";"1";"1";"3";"PORTE DE CLICHY";"48,89736000";"2,31243100"
"202400040013";"30";"09";"2024";"17:05";"1";"06";"06088";"1";"1";"1";"4";"A8 194.100 NORD";"43,72254400";"7,22323200"
"202400040014";"17";"06";"2024";"19:40";"1";"42";"42027";"1";"1";"7";"1";"Route de Pailleux";"45,92640900";"3,98908300"
"202400040015";"26";"08";"2024";"15:42";"1";"39";"39443";"1";"1";"1";"7";"N/A";"46,56505700";"5,59032400"
"202400040016";"17";"07";"2024";"20:45";"1";"75";"75115";"2";"1";"1";"4";"PORTE DE SEVRES";"48,83340800";"2,27834300"
"202400040017";"25";"08";"2024";"11:30";"1";"29";"29031";"1";"1";"1";"7";"Route de la forêt";"47,78081552";" -3,54569917"
"202400040018";"18";"06";"2024";"14:00";"1";"46";"46024";"1";"1";"1";"1";"Route Départementale 803";"44,87177000";"1,86732200"
"202400040019";"1";"10";"2024";"06:17";"3";"34";"34129";"1";"1";"1";"2";"AUTOROUTE A9 _  PK 99 _ SENS 2";"43,58971300";"3,90960900"
"202400040020";"26";"08";"2024";"10:05";"1";"29";"29160";"2";"1";"1";"6";"Place Général de Gaulle";"48,50203200";" -4,42709000"
"202400040021";"16";"06";"2024";"14:00";"1";"41";"41185";"1";"3";"3";"2";"Route de Blois";"47,37272000";"1,69828100"
"202400040022";"5";"07";"2024";"11:10";"1";"03";"03206";"1";"1";"1";"7";"D915";"46,17748300";"2,56105900"
"202400040023";"1";"10";"2024";"13:15";"1";"973";"97311";"2";"1";"1";"6";"Rue du Port";"5,49338000";" -54,03233200"
"202400040024";"17";"07";"2024";"19:35";"1";"75";"75120";"2";"4";"1";"6";"AVENUE DU PERE LACHAISE";"48,86378300";"2,39750200"
"202400040025";"25";"08";"2024";"15:45";"1";"01";"01351";"2";"1";"1";"3";"Route de Valeins";"46,13935900";"4,86884200"
"202400040026";"18";"06";"2024";"13:15";"1";"34";"34091";"1";"1";"1";"7";"D9";"43,85353100";"3,34810500"
"202400040027";"24";"08";"2024";"14:50";"1";"70";"70342";"1";"1";"7";"7";"D13";"47,51646900";"5,72203200"
"202400040028";"22";"09";"2024";"22:05";"5";"971";"97107";"2";"6";"2";"7";"Kassaverie (Restauration rapide)";"16,05278900";" -61,56876100"
"202400040029";"18";"07";"2024";"09:00";"1";"75";"75117";"2";"3";"1";"4";"AVENUE DE WAGRAM";"48,87673200";"2,29720300"
"202400040030";"25";"08";"2024";"18:30";"1";"26";"26349";"1";"1";"1";"1";"Route de Romans";"45,22382600";"5,02834800"
"202400040031";"17";"06";"2024";"21:25";"2";"68";"68237";"1";"1";"1";"1";"D11.2";"48,09917800";"7,28220800"
"202400040032";"30";"09";"2024";"15:55";"1";"77";"77176";"2";"9";"1";"2";"16 Rue Robert Martin";"48,80187900";"2,98583700"
"202400040033";"17";"07";"2024";"12:55";"1";"75";"75116";"2";"3";"1";"3";"AVENUE DE NEW YORK";"48,86322000";"2,29619700"
"202400040034";"25";"08";"2024";"18:00";"1";"26";"26329";"1";"1";"1";"7";"RD64";"44,32430900";"5,38547900"
"202400040035";"13";"06";"2024";"14:10";"1";"29";"29068";"1";"2";"2";"3";"Le Rest";"48,54952500";" -3,99774100"
"202400040036";"18";"07";"2024";"17:30";"1";"75";"75115";"2";"1";"1";"7";"BOULEVARD LEFEBVRE";"48,83178200";"2,29014900"
"202400040037";"26";"08";"2024";"17:50";"1";"66";"66053";"2";"9";"1";"6";"18 Avenue General de Gaulle";"42,52430900";"3,08270600"
"202400040038";"30";"09";"2024";"16:30";"1";"26";"26064";"1";"1";"1";"1";"Route de Crest";"44,88465200";"5,01451900"
"202400040039";"18";"06";"2024";"14:00";"1";"29";"29176";"1";"3";"8";"6";"Keryequel";"48,11251700";" -4,24245000"
"202400040040";"17";"07";"2024";"11:00";"1";"75";"75114";"2";"2";"1";"6";"RUE DELAMBRE";"48,84191200";"2,32955700"
"202400040041";"25";"08";"2024";"15:35";"1";"06";"06120";"1";"1";"1";"1";"M2205 PR 48 + 2635";"44,23821200";"6,94124600"
"202400040042";"18";"06";"2024";"15:15";"1";"38";"38134";"1";"1";"1";"6";"D538";"45,43743700";"5,00628900"
"202400040043";"29";"09";"2024";"17:05";"1";"69";"69113";"1";"1";"1";"3";"Route de la Vallée";"45,95471746";"4,52488117"
"202400040044";"18";"07";"2024";"15:00";"1";"75";"75113";"2";"2";"1";"3";"QUAI D AUSTERLITZ";"48,84186100";"2,36785400"
"202400040045";"26";"08";"2024";"19:05";"1";"50";"50272";"1";"1";"1";"3";"1 Rue du 30 Juillet 1944";"48,95148600";" -1,53357500"
"202400040046";"25";"08";"2024";"15:50";"1";"73";"73128";"1";"1";"1";"7";"D911 - Route des Bauges";"45,72710900";"5,94583500"
"202400040047";"17";"06";"2024";"21:30";"2";"02";"02801";"2";"2";"1";"3";"D966";"49,73921400";"3,99000900"
"202400040048";"18";"07";"2024";"11:10";"1";"75";"75113";"2";"1";"1";"6";"AVENUE DE LA PORTE DE VITRY";"48,82365100";"2,37721800"
"202400040049";"1";"10";"2024";"10:25";"1";"85";"85092";"2";"6";"3";"6";"Rue de blossac";"46,46492600";" -0,80294600"
"202400040050";"17";"07";"2024";"17:30";"1";"75";"75112";"2";"1";"1";"3";"BOULEVARD PONIATOWSKI";"48,82878212";"2,38894165"
"202400040051";"26";"08";"2024";"16:55";"1";"36";"36071";"1";"1";"1";"1";"Route du Grenouillat";"46,78271058";"1,79991463"
"202400040052";"18";"06";"2024";"17:10";"1";"01";"01138";"2";"3";"1";"3";"Avenue Jean Falconnier";"45,84827800";"5,78889400"
"202400040053";"23";"09";"2024";"10:10";"1";"50";"50601";"2";"1";"1";"6";"Rue Thiers - Torigni-sur-Vire";"49,03501400";" -0,97947800"
"202400040054";"17";"06";"2024";"11:40";"1";"72";"72071";"2";"1";"1";"3";"Rue du Mont sur Loir";"47,68633000";"0,42838100"
"202400040055";"18";"07";"2024";"02:20";"5";"75";"75110";"2";"3";"1";"3";"BOULEVARD DE STRASBOURG";"48,87544100";"2,35779100"
"202400040056";"25";"08";"2024";"19:40";"1";"07";"07204";"1";"1";"1";"1";"Départementale 21";"44,97762900";"4,43648600"
"202400040057";"17";"06";"2024";"18:28";"1";"60";"60509";"2";"1";"1";"3";"Rue Philippe de Beaumanoir";"49,30184500";"2,61030400"
"202400040058";"18";"07";"2024";"16:00";"1";"75";"75109";"2";"3";"1";"3";"BOULEVARD HAUSSMANN";"48,87224800";"2,33832400"
"202400040059";"25";"08";"2024";"03:00";"5";"85";"85146";"2";"6";"1";"6";"D763";"46,96810600";" -1,33133600"
"202400040060";"1";"10";"2024";"09:58";"1";"50";"50564";"1";"2";"1";"7";"Rue de l'Epinay";"49,23302600";" -1,28243900"
"202400040061";"20";"04";"2024";"22:56";"5";"64";"64221";"1";"1";"1";"1";"CD 11";"43,32005000";" -0,92427300"
"202400040062";"17";"07";"2024";"10:30";"1";"75";"75108";"2";"3";"1";"6";"RUE DE ROME";"48,87720200";"2,32306100"
"202400040063";"25";"08";"2024";"16:40";"1";"87";"87039";"1";"1";"1";"1";"D70";"45,58779500";"1,36530900"
"202400040064";"1";"10";"2024";"14:50";"1";"14";"14166";"2";"1";"1";"7";"22 Rue de la Mer";"49,28594400";" -0,28829200"
"202400040065";"18";"06";"2024";"11:05";"1";"73";"73128";"1";"1";"1";"3";"D49 Route du Revard";"45,71889200";"5,93945100"
"202400040066";"18";"07";"2024";"22:20";"5";"75";"75107";"2";"2";"1";"3";"BOULEVARD DES INVALIDES";"48,84825500";"2,31569700"
"202400040067";"1";"10";"2024";"11:20";"1";"62";"62705";"1";"1";"1";"6";"Le Haut Banc";"50,81610000";"1,76498000"
"202400040068";"17";"06";"2024";"10:30";"1";"10";"10202";"1";"1";"1";"7";"D34";"48,09490000";"4,09060000"
"202400040069";"25";"08";"2024";"16:30";"1";"37";"37086";"1";"1";"1";"1";"D3";"47,47817400";"0,34036200"
"202400040070";"18";"06";"2024";"15:26";"1";"07";"07334";"1";"1";"1";"7";"D901";"44,40905050";"4,16362701"
"202400040071";"18";"07";"2024";"02:45";"5";"75";"75103";"2";"2";"1";"1";"BOULEVARD DE SEBASTOPOL";"48,86931900";"2,35425700"
"202400040072";"27";"07";"2024";"06:25";"2";"30";"30106";"1";"1";"1";"6";"D982";"43,99302600";"3,96429100"
"202400040073";"17";"06";"2024";"17:35";"1";"21";"21527";"1";"1";"1";"6";"D906";"46,93507600";"4,68145400"
"202400040074";"17";"07";"2024";"08:45";"1";"94";"94080";"2";"1";"1";"6";"Rue de Fontenay";"48,84861081";"2,43187872"
"202400040075";"17";"06";"2024";"20:32";"2";"42";"42159";"1";"1";"1";"6";"A89";"45,84475100";"3,74107000"
"202400040076";"17";"07";"2024";"22:06";"3";"94";"94043";"2";"1";"1";"2";"Rue Voltaire";"48,81562900";"2,36120800"
"202400040077";"30";"09";"2024";"13:42";"1";"13";"13210";"2";"1";"1";"6";"A50-Sens Marseille vers Aubagne";"43,28274000";"5,39405000"
"202400040078";"17";"06";"2024";"19:00";"1";"34";"34256";"1";"1";"1";"2";"A9 - PK 84+370";"43,68534600";"4,05018900"
"202400040079";"18";"07";"2024";"12:30";"1";"94";"94034";"2";"1";"1";"3";"Avenue de la Paix";"48,76276912";"2,33078438"
"202400040080";"25";"08";"2024";"18:20";"1";"95";"95151";"1";"1";"7";"1";"D3";"49,05958200";"2,26942800"
"202400040081";"28";"09";"2024";"12:35";"1";"59";"59491";"1";"1";"1";"2";"AUTOROUTE A23";"50,41027700";"3,43298900"
"202400040082";"17";"07";"2024";"18:20";"1";"94";"94079";"2";"1";"1";"3";"Route de Bry";"48,83099907";"2,53549808"
"202400040083";"17";"06";"2024";"12:59";"1";"976";"97617";"1";"1";"1";"5";"route de soulou";" -12,78365800";"45,10748100"
"202400040084";"25";"08";"2024";"03:50";"3";"30";"30189";"1";"1";"2";"2";"A9 pk 52.000";"43,82234549";"4,38109311"
"202400040085";"17";"06";"2024";"12:19";"1";"69";"69013";"1";"1";"1";"6";"Autoroute 6";"46,01185000";"4,72939000"
"202400040086";"18";"07";"2024";"19:30";"1";"94";"94017";"2";"1";"1";"2";"34 Rue Jean Jaurès";"48,81518500";"2,50573900"
"202400040087";"27";"09";"2024";"03:15";"3";"59";"59459";"1";"1";"1";"2";"AUTOROUTE A23";"50,38072000";"3,46642000"
"202400040088";"16";"06";"2024";"01:45";"3";"45";"45331";"1";"1";"1";"6";"D13 PR 18 + 452";"47,72502300";"2,18538100"
"202400040089";"18";"07";"2024";"13:25";"1";"93";"93066";"2";"2";"1";"6";"Rue du Fort de la Briche / Rue de la Briche";"48,94219000";"2,34162000"
"202400040090";"16";"06";"2024";"21:15";"2";"91";"91232";"1";"1";"3";"1";"D83";"48,47334400";"2,38567500"
"202400040091";"25";"08";"2024";"10:40";"1";"976";"97616";"1";"9";"1";"1";"Route Nationale 2";" -12,84251500";"45,11678300"
"202400040092";"18";"06";"2024";"15:05";"1";"91";"91200";"2";"1";"1";"7";"avenue de paris";"48,53029000";"2,02742800"
"202400040093";"26";"09";"2024";"13:46";"1";"62";"62498";"1";"1";"1";"5";"A21";"50,44709194";"2,83848387"
"202400040094";"18";"07";"2024";"15:45";"1";"93";"93049";"2";"2";"1";"6";"Avenue Carnot / Avenue du Maréchal Foch";"48,86297000";"2,50260000"
"202400040095";"25";"08";"2024";"07:00";"1";"28";"28408";"1";"1";"1";"6";"A10";"48,37883000";"1,88803600"
"202400040096";"17";"06";"2024";"17:45";"1";"66";"66023";"1";"1";"1";"2";"N/A";"42,65477000";"2,58203500"
"202400040097";"26";"08";"2024";"05:15";"3";"974";"97406";"2";"1";"1";"2";"491 rue de la République";" -21,14488600";"55,61896200"
"202400040098";"30";"09";"2024";"18:10";"1";"91";"91228";"1";"1";"8";"4";"RN 104";"48,61908000";"2,42635000"
"202400040099";"16";"06";"2024";"19:00";"1";"66";"66037";"2";"3";"1";"3";"Rue des Palmiers";"42,69764800";"3,03347100"
"202400040100";"25";"08";"2024";"00:20";"3";"971";"97121";"1";"1";"1";"1";"D23 route des mamelles";"16,19229200";" -61,77984100"
"202400040101";"17";"06";"2024";"17:53";"1";"34";"34145";"2";"1";"1";"6";"Avenue du Marechal Leclerc";"43,69005500";"4,13192200"
"202400040102";"30";"09";"2024";"18:10";"1";"78";"78043";"1";"1";"2";"3";"A12 W";"48,82430300";"2,07381900"
"202400040103";"17";"06";"2024";"11:35";"1";"34";"34057";"1";"1";"1";"7";"d65E1";"43,65116000";"3,92605700"
"202400040104";"25";"08";"2024";"18:20";"1";"29";"29136";"1";"1";"1";"3";"Kerguen";"47,92808400";" -3,48907100"
"202400040105";"10";"06";"2024";"17:00";"1";"83";"83042";"1";"1";"1";"3";"chemin de négresse";"43,24544500";"6,54895700"
"202400040106";"26";"08";"2024";"15:35";"1";"95";"95211";"1";"1";"1";"1";"D27";"49,08286555";"2,10036425"
"202400040107";"17";"06";"2024";"17:10";"1";"68";"68154";"2";"1";"1";"2";"Quai de Rotterdam";"47,76574600";"7,38200800"
"202400040108";"25";"08";"2024";"23:22";"3";"95";"95656";"1";"1";"1";"6";"D913";"49,06161609";"1,71983403"
"202400040109";"29";"09";"2024";"20:10";"3";"78";"78291";"1";"1";"8";"4";"A13";"48,96872000";"1,74117000"
"202400040110";"18";"06";"2024";"13:20";"1";"68";"68255";"2";"3";"1";"3";"Rue du Muscat";"47,98716400";"7,28753800"
"202400040111";"7";"06";"2024";"23:20";"3";"42";"42168";"1";"1";"1";"6";"Route de Chavanay";"45,42035300";"4,70035700"
"202400040112";"26";"08";"2024";"01:10";"5";"66";"66008";"2";"1";"1";"5";"Avenue du 8 Mai 1945";"42,54636600";"3,03157700"
"202400040113";"10";"06";"2024";"15:00";"1";"44";"44201";"2";"1";"2";"6";"568 Route de la Chapelle";"47,33494600";" -1,53489400"
"202400040114";"26";"08";"2024";"13:40";"1";"04";"04193";"1";"1";"1";"7";"D902";"44,53242400";"6,70759600"
"202400040115";"29";"09";"2024";"19:55";"2";"78";"78362";"1";"1";"2";"4";"A13";"48,97556000";"1,72410000"
"202400040116";"17";"06";"2024";"16:38";"1";"33";"33104";"2";"3";"1";"1";"N/A";"45,02731400";" -0,80010800"
"202400040117";"25";"08";"2024";"18:30";"1";"13";"13085";"1";"1";"1";"7";"Route de Cassis";"43,24619100";"5,56994000"
"202400040118";"29";"09";"2024";"13:27";"1";"78";"78322";"1";"1";"8";"2";"RN12 EXT";"48,78413000";"2,15691000"
"202400040119";"18";"06";"2024";"16:40";"1";"60";"60524";"1";"9";"1";"3";"D1016";"49,34264300";"2,43298900"
"202400040120";"25";"08";"2024";"18:00";"1";"13";"13042";"1";"1";"1";"1";"D8n";"43,26636300";"5,65349600"
"202400040121";"26";"08";"2024";"18:20";"1";"71";"71513";"2";"1";"1";"6";"Rue du Château";"46,39702403";"4,86185800"
"202400040122";"4";"06";"2024";"17:15";"1";"60";"60462";"2";"1";"1";"2";"98 Rue de Paris";"49,32366900";"2,20134100"
"202400040123";"28";"09";"2024";"02:35";"3";"92";"92025";"1";"1";"1";"2";"A86";"48,93090698";"2,24424749"
"202400040124";"24";"08";"2024";"14:55";"1";"21";"21292";"2";"1";"1";"2";"Avenue du General de Gaulle";"47,23792100";"5,22437500"
"202400040125";"17";"06";"2024";"17:00";"1";"59";"59053";"2";"1";"1";"6";"Rue du Maréchal Juin";"50,29323300";"3,80272300"
"202400040126";"17";"06";"2024";"16:20";"1";"13";"13215";"1";"1";"1";"2";"A7-Sens Lyon vers Marseille";"43,38249668";"5,35142000"
"202400040127";"29";"09";"2024";"06:00";"3";"93";"93078";"1";"1";"1";"2";"AUTOROUTE A104";"48,95912175";"2,53661523"
"202400040128";"24";"08";"2024";"20:48";"3";"03";"03235";"1";"1";"2";"1";"D906e";"46,24244000";"3,51793200"
"202400040129";"16";"06";"2024";"06:50";"1";"59";"59009";"1";"1";"1";"6";"N/A";"50,61670835";"3,13566686"
"202400040130";"26";"08";"2024";"09:40";"5";"73";"73050";"1";"1";"1";"1";"D1504 Tunnel du Chat";"45,68723500";"5,84472700"
"202400040131";"17";"06";"2024";"13:00";"1";"91";"91689";"1";"1";"1";"4";"AUTOROUTE A6";"48,72847000";"2,31412000"
"202400040132";"29";"09";"2024";"00:50";"3";"93";"93005";"1";"1";"1";"2";"AUTOROUTE A1";"48,96577048";"2,47591738"
"202400040133";"17";"08";"2024";"09:15";"1";"73";"73160";"1";"1";"1";"6";"D6 Route de montagnole";"45,54058125";"5,91150597"
"202400040134";"17";"06";"2024";"11:08";"1";"91";"91689";"1";"1";"1";"2";"AUTOROUTE A6";"48,72800000";"2,31400000"
"202400040135";"25";"08";"2024";"13:30";"1";"01";"01049";"2";"2";"1";"3";"1086 Route Nationale";"45,84469100";"5,03457600"
"202400040136";"28";"09";"2024";"13:44";"1";"93";"93005";"1";"1";"1";"3";"AUTOROUTE A3";"48,96688397";"2,47596934"
"202400040137";"16";"06";"2024";"14:10";"1";"78";"78043";"1";"1";"1";"4";"A12 Y";"48,83897200";"2,09277600"
"202400040138";"25";"08";"2024";"17:30";"1";"01";"01249";"2";"1";"1";"1";"27 Avenue Henri Deschamps";"45,82756900";"4,96172200"
"202400040139";"16";"06";"2024";"03:30";"3";"78";"78321";"1";"1";"1";"6";"RN12 INT";"48,79860000";"1,92350000"
"202400040140";"30";"09";"2024";"20:10";"5";"94";"94046";"1";"1";"1";"7";"86";"48,81292733";"2,44895577"