"Num_Acc";"jour";"mois";"an";"hrmn";"lum";"dep";"com";"agg";"int";"atm";"col";"adr";"lat";"long"
"202400040141";"15";"06";"2024";"00:13";"3";"78";"78646";"1";"1";"1";"2";"RN12";"48,79117800";"2,10515000"
"202400040142";"23";"08";"2024";"13:05";"1";"22";"22208";"1";"1";"2";"7";"traveneuc";"48,31323400";" -2,03975600"
"202400040143";"30";"09";"2024";"12:15";"1";"94";"94073";"1";"1";"1";"3";"A86";"48,75426760";"2,38140831"
"202400040144";"26";"08";"2024";"14:47";"1";"22";"22277";"1";"1";"1";"2";"Le Coudray";"48,36739800";" -2,83776600"
"202400040145";"17";"06";"2024";"12:25";"1";"93";"93008";"1";"1";"1";"4";"A86";"48,90795832";"2,45209157"
"202400040146";"25";"05";"2024";"15:05";"1";"91";"91174";"2";"6";"1";"6";"RUE DE LA REPUBLIQUE";"48,61410000";"2,47955000"
"202400040147";"17";"06";"2024";"11:20";"1";"93";"93064";"1";"1";"1";"2";"A103";"48,88648690";"2,48369694"
"202400040148";"26";"08";"2024";"15:00";"1";"02";"02020";"1";"1";"1";"4";"N/A";"49,86402070";"4,23625946"
"202400040149";"17";"06";"2024";"07:00";"1";"95";"95572";"1";"1";"1";"6";"N184";"49,03152404";"2,10610813"
"202400040150";"25";"08";"2024";"07:10";"1";"02";"02495";"2";"1";"1";"6";"36 Avenue de Verdun";"49,96570400";"4,05379400"
"202400040151";"13";"05";"2024";"18:41";"1";"91";"91521";"1";"1";"1";"4";"RN 104";"48,62600000";"2,39600000"
"202400040152";"28";"03";"2024";"18:10";"1";"29";"29230";"1";"1";"2";"7";"Lieu Dit Kergristien";"47,96551700";" -3,57704800"
"202400040153";"24";"08";"2024";"02:20";"3";"59";"59181";"2";"1";"1";"2";"Route Nationale 2";"50,16939400";"3,95344700"
"202400040154";"10";"03";"2024";"17:05";"1";"14";"14712";"2";"1";"1";"2";"118 Route de Rouen";"49,17943991";" -0,19301341"
"202400040155";"11";"05";"2024";"13:25";"1";"28";"28005";"2";"1";"7";"1";"N/A";"48,24661741";"1,40997320"
"202400040156";"26";"08";"2024";"00:35";"5";"59";"59559";"2";"1";"1";"5";"10 Rue d'Eth";"50,33289600";"3,65659800"
"202400040157";"15";"06";"2024";"12:25";"1";"987";"98736";"2";"9";"1";"3";"ARIIPAEA POMARE (AV)";" -17,53421000";" -149,54872000"
"202400040158";"16";"06";"2024";"21:20";"3";"974";"97416";"2";"1";"1";"7";"RECHERCHANT(RUE ADRIEN)";" -21,28241717";"55,47471964"
"202400040159";"7";"02";"2024";"09:40";"1";"93";"93072";"2";"3";"2";"3";"Avenue de Stalingrad / Avenue Paul Vaillant Couturier";"48,94876200";"2,38082200"
"202400040160";"16";"06";"2024";"06:23";"1";"972";"97213";"1";"9";"1";"7";"ROUTE DEPARTEMENTALE 3";"14,63417000";" -60,99193000"
"202400040161";"16";"06";"2024";"20:45";"2";"13";"13026";"1";"1";"1";"7";"A55-Sens Marseille vers Martigues";"43,40012173";"5,09963791"
"202400040162";"26";"07";"2024";"17:50";"1";"57";"57206";"2";"1";"1";"6";"13 Avenue de Metz";"49,30665100";"6,11566200"
"202400040163";"16";"06";"2024";"16:15";"1";"971";"97120";"2";"9";"1";"3";"DARBOUSSIER";"16,23129799";" -61,53344214"
"202400040164";"28";"09";"2024";"15:00";"1";"974";"97411";"1";"1";"1";"6";"LITTORAL (ROUTE 1 DU)";" -20,87495000";"55,43433000"
"202400040165";"16";"06";"2024";"10:54";"1";"95";"95203";"2";"1";"1";"6";"D928";"48,99662128";"2,27116303"
"202400040166";"29";"09";"2024";"10:30";"1";"69";"69149";"2";"1";"1";"6";"Avenue de Haute Roche";"45,70283000";"4,82799000"
"202400040167";"25";"08";"2024";"13:45";"1";"33";"33096";"1";"1";"1";"4";"N/A";"44,89454000";" -0,49839000"
"202400040168";"29";"09";"2024";"10:30";"1";"69";"69149";"2";"1";"1";"3";"Rue de la République";"45,70327308";"4,82784495"
"202400040169";"16";"06";"2024";"14:20";"1";"91";"91657";"2";"1";"2";"2";"AV HENRI BARBUSSE";"48,70075000";"2,42208000"
"202400040170";"25";"08";"2024";"16:20";"1";"91";"91689";"1";"1";"1";"4";"AUTOROUTE A6";"48,72538000";"2,31308000"
"202400040171";"16";"06";"2024";"15:50";"1";"88";"88160";"2";"6";"8";"2";"ALSACE (RUE D')";"48,16445000";"6,44898000"
"202400040172";"29";"09";"2024";"16:30";"1";"95";"95680";"1";"1";"1";"1";"D970";"49,01334167";"2,41483158"
"202400040173";"24";"08";"2024";"23:40";"3";"91";"91689";"1";"1";"1";"6";"AUTOROUTE A6B";"48,73875000";"2,31948000"
"202400040174";"11";"06";"2024";"17:30";"1";"86";"86066";"1";"3";"1";"3";"RD 749 - ROUTE DE RICHELIEU";"46,83333000";"0,51970700"
"202400040175";"25";"08";"2024";"18:05";"1";"92";"92047";"1";"1";"1";"2";"A13";"48,83211998";"2,15311333"
"202400040176";"27";"09";"2024";"16:45";"1";"95";"95277";"2";"3";"1";"3";"GEORGES POMPIDOU (AVENUE)";"48,99007183";"2,42962897"
"202400040177";"16";"06";"2024";"19:30";"1";"84";"84031";"1";"1";"1";"6";"SAINT ROCH AVENUE";"44,09900000";"5,07700000"
"202400040178";"25";"08";"2024";"08:58";"1";"78";"78133";"1";"1";"1";"6";"A13";"48,89024900";"2,00984200"
"202400040179";"16";"06";"2024";"15:00";"1";"77";"77373";"2";"3";"1";"3";"RUE DES PRES SAINT MARTIN";"48,79293000";"2,61215000"
"202400040180";"25";"08";"2024";"07:50";"1";"92";"92072";"1";"1";"1";"7";"N118";"48,82602589";"2,22262601"
"202400040181";"29";"09";"2024";"15:35";"1";"91";"91312";"2";"2";"1";"3";"FERRONNERIE (RUE DE LA)";"48,73521000";"2,21769000"
"202400040182";"28";"09";"2024";"16:10";"1";"83";"83137";"2";"1";"1";"6";"Avenue de la Tour Royale";"43,10371000";"5,92776000"
"202400040183";"25";"08";"2024";"17:15";"1";"94";"94065";"1";"1";"1";"5";"A86";"48,75356897";"2,35662818"
"202400040184";"15";"06";"2024";"17:40";"1";"77";"77400";"1";"1";"2";"1";"MOUROUX (ROUTE DE)";"48,79857251";"3,03098565"
"202400040185";"29";"09";"2024";"00:01";"5";"83";"83137";"2";"3";"1";"3";"COLBERT (AVE)";"43,12541000";"5,93291000"
"202400040186";"23";"08";"2024";"17:43";"2";"976";"97611";"2";"4";"1";"3";"m'tsapere-M'tsapéré- M'tsangani ( rue )";" -12,78903000";"45,22131000"
"202400040187";"24";"08";"2024";"18:35";"2";"973";"97302";"2";"1";"1";"7";"14 ET 22 JUIN 1962";"4,93564579";" -52,32753485"
"202400040188";"29";"09";"2024";"14:15";"1";"83";"83069";"2";"1";"1";"1";"COUBERTIN (AVENUE PIERRE DE) ";"43,11943000";"6,14461000"
"202400040189";"16";"06";"2024";"18:31";"1";"74";"74012";"2";"3";"1";"1";"GARE (AVENUE DE LA)";"46,19755000";"6,23584000"
"202400040190";"24";"08";"2024";"21:00";"5";"69";"69384";"2";"1";"1";"6";"74 Grande Rue de la Croix-Rousse";"45,77984000";"4,83224000"
"202400040191";"24";"08";"2024";"01:30";"3";"972";"97209";"1";"1";"2";"6";"RD 41 (ROCADE)";"14,60619000";" -61,08773000"
"202400040192";"27";"09";"2024";"13:06";"1";"83";"83069";"2";"3";"1";"3";"COUBERTIN (AVENUE PIERRE DE)";"43,11948000";"6,14388000"
"202400040193";"16";"06";"2024";"16:05";"1";"74";"74012";"2";"3";"1";"3";"DE GAULLE (AVENUE CHARLES)";"46,18406000";"6,24684000"
"202400040194";"15";"06";"2024";"17:20";"1";"74";"74133";"1";"1";"1";"2";"INDUSTRIE (RUE DE L')";"46,18515000";"6,21907000"
"202400040195";"24";"08";"2024";"11:50";"1";"69";"69384";"2";"1";"1";"4";"Montée de la Boucle";"45,77989000";"4,84073000"
"202400040196";"15";"06";"2024";"16:00";"1";"69";"69264";"2";"1";"1";"6";"Rue de Vauxrenard";"45,99799000";"4,71357000"
"202400040197";"24";"08";"2024";"11:15";"1";"971";"97113";"1";"1";"1";"6";"L'HOUEZEL (ROUTE DE)";"16,20473000";" -61,47999000"
"202400040198";"29";"09";"2024";"17:29";"1";"77";"77284";"2";"1";"1";"6";"ROOSEVELT (AV.DU PDT)";"48,95702517";"2,89954650"
"202400040199";"16";"06";"2024";"10:20";"1";"66";"66136";"2";"2";"1";"1";"Avenue Maréchal Joffre";"42,70439946";"2,89271951"
"202400040200";"29";"09";"2024";"18:00";"1";"74";"74012";"2";"2";"1";"3";"GARE (AVENUE DE LA)";"46,19793100";"6,23608400"
"202400040201";"23";"08";"2024";"17:19";"1";"971";"97101";"1";"1";"1";"1";"ROUTE DE BOISVINS";"16,26130000";" -61,46250000"
"202400040202";"16";"06";"2024";"15:50";"1";"65";"65440";"2";"4";"1";"3";"Avenue de la Marne";"43,23215575";"0,08743575"
"202400040203";"24";"08";"2024";"19:30";"1";101;101004";"2";"3";"1";"3";"T22";"41,95251083";"8,78444575"
"202400040204";"29";"09";"2024";"14:35";"1";"71";"71306";"1";"1";"1";"2";"RN 70 (ROUTE EXPRESS)";"46,66350000";"4,33484000"
"202400040205";"16";"06";"2024";"14:50";"1";"65";"65286";"2";"6";"1";"5";"ROND POINT DE L EUROPE";"43,10700000";" -0,03939000"
"202400040206";"29";"09";"2024";"15:40";"1";"71";"71306";"2";"2";"1";"3";"MARECHAL LECLERC (AVENUE DU)";"46,67903995";"4,36570823"
"202400040207";"24";"08";"2024";"12:50";"1";"91";"91114";"2";"3";"1";"3";"RUE TALMA";"48,69302000";"2,50250000"
"202400040208";"16";"06";"2024";"14:05";"1";"63";"63300";"2";"1";"1";"3";"CHAMP D'OJARDIAS (AVENUE)";"45,89342697";"3,09942394"
"202400040209";"28";"09";"2024";"09:50";"1";"69";"69091";"2";"3";"8";"3";"Avenue Youri Gagarine";"45,60007000";"4,76958000"
"202400040210";"24";"08";"2024";"19:45";"1";"91";"91521";"1";"1";"8";"6";"AV I ET F JOLIOT CURIE";"48,62991000";"2,39727000"
"202400040211";"16";"06";"2024";"08:30";"1";"62";"62464";"2";"1";"1";"6";"D947";"50,48855644";"2,80891385"
"202400040212";"29";"09";"2024";"18:20";"1";"66";"66136";"2";"1";"8";"6";"Rue Jean Vielledent";"42,69507961";"2,90076613"
"202400040213";"15";"06";"2024";"21:25";"1";"59";"59392";"2";"2";"8";"3";"KENNEDY (RUE)";"50,26668300";"3,94056200"
"202400040214";"24";"08";"2024";"11:10";"1";"91";"91223";"2";"1";"1";"6";"HOTEL DE VILLE (PLACE DE L')";"48,43426000";"2,16190000"
"202400040215";"11";"06";"2024";"08:30";"1";"59";"59017";"2";"1";"1";"6";"LEBLEU (RUE JULES )";"50,68415000";"2,86509000"
"202400040216";"29";"09";"2024";"11:00";"1";"63";"63113";"2";"1";"1";"6";"COTE BLATIN (BD)";"45,77034000";"3,09180000"
"202400040217";"24";"08";"2024";"05:40";"5";"91";"91223";"2";"1";"1";"1";"MAI 1945 (AVENUE DU 8)";"48,44000000";"2,15500000"
"202400040218";"29";"09";"2024";"10:50";"1";"63";"63113";"2";"1";"1";"6";"CHANELLES (RUE DES)";"45,78896771";"3,08125734"
"202400040219";"15";"06";"2024";"19:00";"1";"57";"57672";"2";"2";"1";"3";"GENERAL MANGIN (RUE)";"49,35682000";"6,16063000"
"202400040220";"28";"09";"2024";"17:50";"1";"62";"62186";"2";"1";"1";"6";"D166E1";"50,45007912";"2,71979034"
"202400040221";"16";"06";"2024";"04:00";"3";"51";"51454";"2";"1";"1";"6";"ROULIERS (RUE DES)";"49,24030000";"4,06871000"
"202400040222";"24";"08";"2024";"01:20";"5";"83";"83129";"2";"3";"1";"5";"LAENNEC (AVENUE DE) N° PAIRS";"43,08992148";"5,83048535"
"202400040223";"15";"06";"2024";"18:05";"1";"51";"51454";"2";"6";"1";"1";"LANSON (RUE)";"49,24636000";"4,06152000"
"202400040224";"29";"09";"2024";"22:54";"5";"59";"59512";"2";"2";"1";"3";"ALGER  (RUE D')";"50,70775000";"3,18659000"
"202400040225";"16";"06";"2024";"15:30";"1";"49";"49007";"2";"1";"2";"3";"PATTON AVENUE";"47,47314000";" -0,59992000"
"202400040226";"23";"08";"2024";"17:33";"1";"78";"78498";"2";"1";"1";"5";"CHAMBOURCY RUE DE";"48,91880600";"2,03920700"
"202400040227";"29";"09";"2024";"06:45";"2";"59";"59437";"1";"1";"1";"3";"MONT DE TEMPLEMARS RUE DU";"50,57547000";"3,02934000"
"202400040228";"15";"06";"2024";"16:25";"1";"47";"47001";"2";"1";"1";"7";"CUVIER (AV. GEORGES)";"44,19592000";"0,63346000"
"202400040229";"15";"06";"2024";"17:50";"1";"42";"42186";"2";"2";"1";"3";"Rue de Tochissonne";"45,52990000";"4,60477000"
"202400040230";"27";"09";"2024";"20:13";"2";"51";"51230";"2";"3";"2";"6";"MIDDELKERKE (AVENUE)";"49,03740000";"3,97096000"
"202400040231";"14";"06";"2024";"17:25";"1";"41";"41018";"2";"1";"1";"6";"CHATEAU-RENAULT (ROUTE DE)";"47,58370000";"1,31116000"
"202400040232";"16";"06";"2024";"22:55";"3";"38";"38111";"1";"9";"1";"1";"A 480";"45,11851906";"5,68625003"
"202400040233";"29";"09";"2024";"19:30";"2";"45";"45284";"2";"3";"1";"3";"97 Boulevard Jean Rostand";"47,91414000";"1,96959000"
"202400040234";"16";"06";"2024";"03:00";"5";"38";"38421";"2";"2";"1";"3";"AVENUE POTIE";"45,17242000";"5,75663000"
"202400040235";"28";"09";"2024";"16:40";"1";"37";"37261";"2";"1";"1";"6";"MAINE (RUE DU)";"47,42564000";"0,67968000"
"202400040236";"16";"06";"2024";"00:20";"5";"37";"37261";"2";"3";"2";"3";"COPPEE (RUE FRANCOIS)";"47,42564000";"0,69058000"
"202400040237";"29";"09";"2024";"12:00";"1";"34";"34301";"2";"2";"1";"3";"VERDUN (BOULEVARD DE)";"43,41101000";"3,67899000"
"202400040238";"16";"06";"2024";"21:42";"5";"33";"33192";"2";"9";"1";"3";"N/A";"44,79057000";" -0,60539000"
"202400040239";"27";"09";"2024";"14:40";"1";"34";"34172";"2";"1";"1";"2";"LIBERTE (AVENUE DE LA";"43,61207000";"3,82412000"
"202400040240";"29";"09";"2024";"11:45";"1";"31";"31149";"2";"1";"1";"6";"GLENANS (ALLEE DES)";"43,61660000";"1,32494000"
"202400040241";"15";"06";"2024";"16:25";"1";"25";"25388";"2";"1";"1";"1";"PARDONNET ( RUE LOUIS)";"47,51151000";"6,78765000"
"202400040242";"29";"09";"2024";"16:25";"1";"29";"29232";"2";"9";"2";"7";"Boulevard d'Ergue-Armel";"47,98695600";" -4,07402100"
"202400040243";"14";"06";"2024";"19:40";"1";"19";"19275";"2";"1";"3";"6";"N/A";"45,55260000";"2,31418000"
"202400040244";"16";"06";"2024";"13:30";"1";"13";"13207";"2";"1";"1";"7";"GEORGES ESTRANGIN (BOULEVARD)";"43,27773745";"5,36905110"
"202400040245";"29";"09";"2024";"05:45";"5";"25";"25056";"2";"3";"1";"6";"PERGAUD RUE LOUIS";"47,23983000";"6,00509000"
"202400040246";"15";"06";"2024";"23:30";"3";"13";"13005";"1";"9";"1";"3";"CIOTAT (ROUTE DE LA RN559)";"43,26713000";"5,58789000"
"202400040247";"16";"06";"2024";"11:25";"1";"09";"09225";"1";"9";"1";"3";"MIREPOIX ROUTE DE";"43,10208000";"1,63420000"
"202400040248";"29";"09";"2024";"11:15";"1";"17";"17306";"2";"1";"1";"1";"CHEVREUILS (DES)";"45,64070000";" -1,04390000"
"202400040249";"14";"06";"2024";"16:30";"1";"09";"09122";"2";"9";"1";"6";"RD 919";"42,99173000";"1,61596800"
"202400040250";"28";"09";"2024";"14:41";"1";"14";"14001";"1";"2";"1";"3";"Route de Genneville";"49,37629000";"0,27570000"
"202400040251";"15";"06";"2024";"09:50";"1";"07";"07072";"1";"1";"8";"1";"RD 104";"44,73573000";"4,61869000"
"202400040252";"16";"06";"2024";"16:20";"1";"06";"06088";"2";"2";"1";"3";"3 Rue Pierre Devoluy";"43,70353000";"7,27438000"
"202400040253";"29";"09";"2024";"22:10";"5";"13";"13212";"2";"2";"1";"3";"SAINT BARNABE (AVENUE DE)";"43,30424000";"5,41312000"
"202400040254";"16";"06";"2024";"10:30";"1";"06";"06088";"2";"1";"1";"3";"Promenade Général Edouard Corniglion-Molinier";"43,66574390";"7,20700070"
"202400040255";"29";"09";"2024";"15:40";"1";"13";"13208";"2";"1";"1";"3";"MAZARGUES (AVENUE DE)";"43,26021000";"5,39393000"
"202400040256";"16";"06";"2024";"09:47";"1";"06";"06088";"2";"1";"1";"6";"Bretelle Sortie Promenade des Anglais-Terminal 1";"43,66625500";"7,21130200"
"202400040257";"27";"09";"2024";"07:45";"1";"12";"12145";"2";"2";"1";"3";"DE GAULLE CHARLES (AVENUE)";"44,11088807";"3,07194471"
"202400040258";"2";"06";"2024";"10:07";"1";"05";"05061";"2";"1";"1";"6";"Route de la Luye";"44,53461000";"6,06198000"
"202400040259";"28";"09";"2024";"18:05";"1";"07";"07186";"1";"9";"1";"2";"CHOMERAC (ROUTE DE)";"44,71927000";"4,60369000"
"202400040260";"16";"06";"2024";"16:05";"1";"75";"75120";"2";"1";"2";"3";"BD PERIPHERIQUE INTERIEUR";"48,86515300";"2,41321500"
"202400040261";"28";"09";"2024";"16:16";"1";"75";"75102";"2";"3";"1";"2";"BOULEVARD MONTMARTRE";"48,87166800";"2,34164800"
"202400040262";"16";"06";"2024";"00:25";"5";"75";"75117";"2";"1";"1";"2";"BD PERIPHERIQUE INTERIEUR";"48,89556200";"2,30769100"
"202400040263";"15";"06";"2024";"23:50";"5";"75";"75119";"2";"1";"1";"6";"RUE BOTZARIS";"48,87889000";"2,38270100"
"202400040264";"29";"09";"2024";"16:00";"1";"75";"75118";"2";"1";"1";"6";"RUE DES FILLETTES";"48,89390100";"2,36391600"
"202400040265";"16";"06";"2024";"16:30";"1";"75";"75116";"2";"1";"1";"2";"ROUTE DES TRIBUNES";"48,85501700";"2,22880500"
"202400040266";"29";"09";"2024";"21:35";"5";"75";"75117";"2";"2";"1";"3";"AVENUE DE LA GRANDE ARMEE";"48,87697500";"2,28556600"
"202400040267";"15";"06";"2024";"17:10";"1";"75";"75116";"2";"1";"1";"3";"QUAI LOUIS BLERIOT";"48,84021000";"2,26768700"
"202400040268";"29";"09";"2024";"19:10";"2";"75";"75117";"2";"2";"1";"3";"BOULEVARD PEREIRE";"48,88156800";"2,29134000"
"202400040269";"16";"06";"2024";"16:20";"1";"75";"75115";"2";"3";"2";"3";"BOULEVARD PASTEUR";"48,84296900";"2,31282000"
"202400040270";"29";"09";"2024";"10:50";"1";"75";"75116";"2";"2";"1";"7";"RUE FREYCINET";"48,86510879";"2,29890794"
"202400040271";"16";"06";"2024";"12:30";"1";"75";"75115";"2";"3";"1";"6";"RUE BRANCION";"48,83021100";"2,30194100"
"202400040272";"28";"09";"2024";"15:50";"1";"75";"75116";"2";"1";"1";"4";"ROUTE DE SEVRES A NEUILLY";"48,86043300";"2,23721800"
"202400040273";"16";"06";"2024";"18:50";"1";"75";"75114";"2";"1";"1";"6";"RUE DE L AMIRAL MOUCHEZ";"48,82402300";"2,34147100"
"202400040274";"28";"09";"2024";"17:15";"1";"75";"75116";"2";"1";"1";"5";"ROUTE DE LA SEINE A LA BUTTE MORTEMART";"48,85201600";"2,23202900"
"202400040275";"16";"06";"2024";"13:15";"1";"75";"75108";"2";"3";"1";"3";"BOULEVARD HAUSSMANN";"48,87413300";"2,32392200"
"202400040276";"29";"09";"2024";"08:30";"1";"75";"75113";"2";"1";"1";"1";"RUE DE TOLBIAC";"48,82649800";"2,36252200"
"202400040277";"16";"06";"2024";"03:00";"5";"75";"75108";"2";"4";"2";"2";"AVENUE GEORGE V";"48,86687800";"2,30141400"
"202400040278";"28";"09";"2024";"14:35";"1";"75";"75113";"2";"1";"1";"3";"BOULEVARD ARAGO";"48,83489800";"2,34345800"
"202400040279";"16";"06";"2024";"00:30";"5";"75";"75104";"2";"3";"2";"6";"RUE DE RIVOLI";"48,85832094";"2,34915823"
"202400040280";"29";"09";"2024";"18:25";"1";"75";"75112";"2";"1";"1";"1";"ROUTE DE LA PYRAMIDE";"48,83036000";"2,44987000"
"202400040281";"16";"06";"2024";"12:10";"1";"94";"94052";"2";"3";"2";"2";"Grande Rue Charles de Gaulle / Boulevard de la Republique";"48,83820000";"2,49183000"
"202400040282";"29";"09";"2024";"16:00";"1";"94";"94004";"2";"1";"1";"3";"Rue de Sucy";"48,75566000";"2,52625000"
"202400040283";"16";"06";"2024";"00:35";"5";"94";"94046";"2";"3";"1";"3";"Rue Pierre et Marie Curie / Avenue du Général de Gaulle";"48,81032000";"2,42372000"
"202400040284";"28";"09";"2024";"23:05";"5";"94";"94002";"2";"2";"1";"1";"Rue Emile Zola / Rue Paul Vaillant Couturier";"48,79885000";"2,42342000"
"202400040285";"16";"06";"2024";"11:15";"1";"94";"94081";"2";"2";"2";"6";"Boulevard de Stalingrad / Rue Ludwig Van Beethoven";"48,79837500";"2,38175118"
"202400040286";"29";"09";"2024";"18:35";"1";"93";"93029";"2";"3";"1";"3";"ROGER SALENGRO N° 02-92";"48,91896797";"2,43695413"
"202400040287";"29";"09";"2024";"04:30";"5";"93";"93010";"2";"2";"1";"3";"AULNAY (ROUTE) COTE PAIRE DE 2 A FIN";"48,90989525";"2,48014497"
"202400040288";"16";"06";"2024";"10:30";"1";"93";"93073";"2";"3";"2";"3";"Avenue Henri Barbusse / Rue Claude Debussy";"48,95872000";"2,57285000"
"202400040289";"29";"09";"2024";"17:30";"1";"93";"93001";"2";"2";"1";"1";"WALDECK ROCHET (RUE)";"48,91274000";"2,36780000"
"202400040290";"15";"06";"2024";"10:30";"1";"93";"93008";"2";"4";"1";"4";"Avenue Paul Vaillant-Couturier / A86";"48,90980000";"2,44450000"
"202400040291";"29";"09";"2024";"18:45";"2";"92";"92073";"2";"1";"1";"4";"PONT DE SURESNES";"48,86704997";"2,22877711"
"202400040292";"29";"09";"2024";"20:50";"5";"92";"92050";"2";"7";"2";"2";"FOCH MARECHAL PLACE DU";"48,88839188";"2,19408285"
"202400040293";"16";"06";"2024";"09:55";"1";"92";"92051";"2";"1";"2";"4";"CHARLES DE GAULLE (AVENUE, N°27 A 129)";"48,87997000";"2,27643000"
"202400040294";"16";"06";"2024";"16:20";"1";"92";"92020";"2";"1";"2";"6";"VERDUN AVENUE DE AUTRES N°";"48,80162846";"2,28478718"
"202400040295";"16";"06";"2024";"22:55";"3";"72";"72226";"1";"1";"2";"6";"Lieu Dit la Piece de l?Air";"47,79935736";"0,09178278"
"202400040296";"29";"09";"2024";"17:23";"1";"92";"92024";"2";"6";"1";"2";"ASNIERES (PONT D')";"48,90343000";"2,28967000"
"202400040297";"27";"09";"2024";"23:39";"3";"95";"95353";"1";"1";"2";"2";"A16";"49,08895100";"2,31107200"
"202400040298";"17";"06";"2024";"11:50";"1";"63";"63425";"2";"6";"1";"3";"Giratoire carrefour RD96-rue des 9 fontaines/rue des Forts";"45,66782000";"3,12376000"
"202400040299";"26";"09";"2024";"10:36";"1";101;101211";"1";"1";"1";"7";"Penta Mezzana";"41,76471400";"8,94618600"
"202400040300";"16";"06";"2024";"17:15";"1";"63";"63396";"2";"1";"1";"7";"Rue du Vigna";"45,67427265";"3,08130562"
"202400040301";"22";"09";"2024";"00:01";"3";"31";"31169";"2";"1";"1";"6";"avenue de toulouse";"43,51830710";"1,54613300"
"202400040302";"13";"06";"2024";"08:00";"1";"95";"95480";"2";"1";"1";"3";"D4";"49,11436297";"2,20947409"
"202400040303";"26";"09";"2024";"15:15";"1";"81";"81299";"1";"1";"1";"6";"Route de Viterbe";"43,66217184";"1,93214321"
"202400040304";"29";"09";"2024";"12:20";"1";"62";"62706";"2";"1";"1";"6";"D166";"50,57895200";"2,73891900"
"202400040305";"15";"06";"2024";"16:15";"1";"77";"77047";"1";"1";"8";"2";"A4";"48,88136900";"2,88768800"
"202400040306";"10";"12";"2024";"16:00";"1";"93";"93029";"2";"1";"8";"3";"PAUL VAILLANT COUTURIER (BD)";"48,92226000";"2,44777000"
"202400040307";"29";"09";"2024";"14:35";"1";"54";"54067";"1";"1";"1";"6";"D643";"49,43265000";"5,67591400"
"202400040308";"17";"06";"2024";"16:45";"1";"23";"23247";"1";"1";"1";"2";"N145";"46,21446700";"1,73596900"
"202400040309";"10";"12";"2024";"17:47";"5";"92";"92078";"1";"1";"2";"6";"GALLIENI (BD) (153 ET 225)";"48,92795000";"2,33113000"
"202400040310";"8";"12";"2024";"18:25";"5";"92";"92078";"2";"1";"2";"6";"GALLIENI (BD) (1 A 79 ET 22 A 102)";"48,92501814";"2,32557222"
"202400040311";"17";"06";"2024";"10:05";"1";"12";"12157";"1";"1";"1";"1";"D888";"44,39941800";"2,74550900"
"202400040312";"29";"09";"2024";"14:40";"1";"68";"68032";"1";"3";"1";"3";"Route Départementale 51";"47,83441900";"7,22245900"
"202400040313";"10";"12";"2024";"08:45";"2";"92";"92064";"2";"1";"8";"6";"PASTEUR";"48,84188999";"2,20302600"
"202400040314";"16";"06";"2024";"16:25";"1";"22";"22093";"1";"1";"1";"6";"RN 12 PR 41 SENS BREST RENNES";"48,47076600";" -2,55442900"
"202400040315";"29";"09";"2024";"18:50";"1";"36";"36200";"1";"1";"1";"6";"N/A";"46,61074888";"1,51769511"
"202400040316";"27";"11";"2024";"18:10";"5";"92";"92063";"2";"1";"1";"6";"FOUILLEUSE (AVENUE DE)";"48,86254428";"2,19486706"
"202400040317";"9";"12";"2024";"18:30";"5";"92";"92050";"2";"9";"2";"4";"FUSILLES DE LA RESISTANCE RUE DES";"48,88022804";"2,21966051"
"202400040318";"16";"06";"2024";"06:57";"1";"30";"30290";"1";"1";"1";"7";"D256";"44,26761000";"4,60043900"
"202400040319";"29";"09";"2024";"20:35";"3";"30";"30221";"1";"1";"1";"1";"D6580";"44,01785600";"4,74135200"
"202400040320";"9";"12";"2024";"08:20";"2";"92";"92044";"2";"2";"2";"6";"BAUDIN (RUE) 1A25 ET 2A34";"48,89537833";"2,27896415"
"202400040321";"30";"09";"2024";"16:10";"1";"22";"22053";"1";"1";"8";"6";"La Ville Bedel";"48,27746300";" -2,36094500"
"202400040322";"10";"12";"2024";"17:20";"5";"92";"92040";"2";"2";"2";"1";"PDT ROOSEVELT (QUAI DU)";"48,82970324";"2,26081453"
"202400040323";"26";"09";"2024";"22:10";"3";"51";"51488";"1";"6";"2";"6";"D951";"49,10756700";"3,98294900"
"202400040324";"17";"06";"2024";"07:50";"1";"44";"44087";"2";"1";"2";"5";"42 Rue  marcel brunelière";"46,98310700";" -1,81073500"
"202400040325";"10";"12";"2024";"18:30";"5";"92";"92026";"2";"1";"1";"7";"VERDUN (DE 62 A FIN)";"48,90109706";"2,26021738"
"202400040326";"27";"09";"2024";"19:30";"2";"59";"59261";"2";"1";"3";"1";"Rue de la Minière";"50,03863700";"4,05742600"
"202400040327";"10";"12";"2024";"07:20";"5";"92";"92023";"2";"9";"5";"3";"PORTE DE TRIVAUX (RUE DE) N°57 A 197 ET";"48,79110895";"2,26016700"
"202400040328";"17";"06";"2024";"07:40";"1";"41";"41228";"1";"1";"8";"1";"Rue de Planchebrault";"47,76947400";"0,91636100"
"202400040329";"9";"12";"2024";"17:40";"5";"92";"92012";"2";"1";"2";"7";"EDOUARD VAILLANT (AVENUE) 57/FIN - 58/FI";"48,83499769";"2,24781543"
"202400040330";"29";"09";"2024";"14:00";"1";"59";"59647";"1";"1";"1";"1";"Rue de la Montagne";"50,83104100";"2,21737100"
"202400040331";"17";"06";"2024";"18:45";"1";"51";"51092";"1";"1";"1";"6";"D39";"48,75836341";"3,76132700"