"Num_Acc";"jour";"mois";"an";"hrmn";"lum";"dep";"com";"agg";"int";"atm";"col";"adr";"lat";"long"
"202400040332";"28";"11";"2024";"13:30";"1";"92";"92009";"2";"3";"1";"6";"PASTEUR  ( RUE )";"48,90872000";"2,26546000"
"202400040333";"11";"06";"2024";"21:25";"1";"59";"59631";"2";"9";"1";"7";"Rue Faidherbe";"50,06944600";"3,33564300"
"202400040334";"24";"11";"2024";"22:40";"5";"92";"92004";"2";"3";"1";"3";"GRANDE RUE CHARLES DE GAULLE";"48,90725799";"2,28589006"
"202400040335";"28";"09";"2024";"12:35";"1";"76";"76619";"1";"2";"1";"3";"Route du Viaduc";"49,99317400";"1,35432200"
"202400040336";"16";"06";"2024";"12:00";"1";"19";"19091";"1";"1";"1";"7";"la broue";"45,08697495";"1,96867852"
"202400040337";"11";"12";"2024";"17:40";"2";"22";"22116";"1";"3";"1";"3";"CD 712";"48,53635700";" -3,04490800"
"202400040338";"8";"06";"2024";"09:45";"1";100;100281";"1";"1";"1";"2";"Poraja";"42,81320600";"9,46423900"
"202400040339";"11";"12";"2024";"07:12";"2";"33";"33081";"2";"6";"1";"3";"N/A";"44,63679800";" -0,32173600"
"202400040340";"29";"09";"2024";"13:40";"1";"12";"12223";"1";"3";"1";"3";"D921";"44,76494200";"2,88287000"
"202400040341";"16";"06";"2024";"14:45";"1";"82";"82026";"1";"1";"1";"7";"1223 Route de Gaillac";"44,04594500";"1,67384900"
"202400040342";"11";"12";"2024";"00:30";"4";"974";"97422";"2";"1";"1";"6";"Rue des Poinsetias";" -21,24408700";"55,52727300"
"202400040343";"16";"06";"2024";"16:46";"1";"65";"65025";"1";"1";"1";"1";"ROUTE DEPARTEMENTALE 821A";"43,00977800";" -0,08580900"
"202400040344";"29";"09";"2024";"21:00";"3";"86";"86075";"1";"1";"1";"5";"D18";"46,78619800";"0,12555500"
"202400040345";"11";"12";"2024";"12:12";"1";"11";"11203";"2";"1";"8";"3";"N/A";"43,19100200";"2,75465000"
"202400040346";"10";"12";"2024";"17:00";"2";"34";"34077";"2";"1";"1";"7";"380 Avenue Georges Freche";"43,65246100";"3,89487300"
"202400040347";"16";"06";"2024";"18:40";"1";"81";"81305";"1";"1";"1";"7";"Route de Lacaune";"43,69903800";"2,43249500"
"202400040348";"29";"09";"2024";"11:30";"1";"22";"22245";"1";"2";"1";"3";"Le Loc'H";"48,62911100";" -3,35793800"
"202400040349";"16";"06";"2024";"23:30";"3";"11";"11302";"1";"1";"1";"6";"Route départementale 117";"42,81350500";"2,32661200"
"202400040350";"11";"12";"2024";"08:45";"1";"24";"24030";"1";"1";"1";"2";"A89";"45,16343825";"1,22687563"
"202400040351";"10";"12";"2024";"18:50";"3";"82";"82117";"1";"1";"1";"7";"Lieu Dit Las Brugues";"44,33678700";"0,96318100"
"202400040352";"17";"06";"2024";"12:19";"1";"71";"71014";"2";"9";"2";"3";"Route d'Arnay";"46,96042300";"4,30498800"
"202400040353";"11";"12";"2024";"18:30";"5";"65";"65401";"2";"2";"1";"3";"intersection D8 et D16";"43,18217600";"0,10208800"
"202400040354";"17";"06";"2024";"12:20";"1";"63";"63430";"2";"1";"1";"6";"N/A";"45,83933303";"3,50203961"
"202400040355";"11";"12";"2024";"15:44";"2";"65";"65366";"1";"1";"2";"1";"D940";"43,11005400";" -0,07048800"
"202400040356";"27";"09";"2024";"17:50";"1";"29";"29216";"1";"2";"1";"2";"Chemin / Hent Kernaveno";"47,99327625";" -4,22948410"
"202400040357";"10";"12";"2024";"15:15";"1";"81";"81114";"1";"1";"1";"2";"Chemin du Pouzabis";"44,02503500";"2,12614400"
"202400040358";"16";"06";"2024";"16:15";"1";"63";"63332";"1";"1";"1";"6";"route du puy de dome";"45,99392100";"3,28255200"
"202400040359";"27";"09";"2024";"06:45";"2";"01";"01036";"1";"1";"2";"1";"route d'hauteville";"45,86698800";"5,66298000"
"202400040360";"11";"12";"2024";"08:30";"1";"55";"55286";"1";"1";"1";"1";"Voie Sacree";"49,05848600";"5,28783600"
"202400040361";"29";"09";"2024";"20:22";"3";"70";"70530";"1";"1";"1";"6";"cd 9";"47,54116500";"6,54823800"
"202400040362";"16";"06";"2024";"20:30";"1";"39";"39477";"2";"1";"8";"1";"N/A";"46,97882700";"5,43372200"
"202400040363";"11";"12";"2024";"12:30";"1";"46";"46194";"1";"2";"1";"3";"route des cent écus";"44,80320713";"1,35116816"
"202400040364";"3";"09";"2024";"09:39";"1";"26";"26083";"1";"1";"1";"1";"Route de Mantailles";"45,25680000";"4,94737500"
"202400040365";"16";"06";"2024";"05:45";"3";"25";"25240";"2";"1";"1";"1";"les Lavottes";"47,08931500";"6,63343000"
"202400040366";"20";"11";"2024";"18:45";"3";"47";"47188";"1";"1";"2";"6";"Au Cournut";"44,54824600";"0,46138300"
"202400040367";"28";"09";"2024";"13:10";"1";"06";"06020";"2";"1";"1";"1";"M70 PR 0 + 265";"43,99076300";"7,32308500"
"202400040368";"11";"12";"2024";"08:00";"2";"44";"44161";"2";"1";"8";"3";"Route de Quilly";"47,51283850";" -2,03846980"
"202400040369";"15";"06";"2024";"12:38";"1";"31";"31126";"1";"1";"1";"6";"Route d'Encausse";"43,70601069";"1,07855514"
"202400040370";"26";"09";"2024";"14:10";"1";"06";"06103";"2";"1";"2";"1";"Route M2565, quartier gordolon";"43,99890400";"7,31518300"
"202400040371";"10";"12";"2024";"09:51";"1";"29";"29210";"1";"3";"2";"2";"Lanorgant";"48,58041612";" -4,02313914"
"202400040372";"29";"09";"2024";"10:45";"1";"06";"06073";"1";"1";"7";"6";"M97";"44,20651200";"7,11416200"
"202400040373";"10";"12";"2024";"18:00";"5";"29";"29171";"2";"1";"1";"1";"Route du Guilvinec";"47,81934257";" -4,28738109"
"202400040374";"15";"06";"2024";"17:30";"1";"14";"14520";"1";"3";"1";"3";"Route de la Bosquetterie";"49,13488300";"0,14838000"
"202400040375";"7";"12";"2024";"10:10";"1";"31";"31045";"1";"1";"3";"3";"D26";"43,03837900";"0,63534600"
"202400040376";"16";"06";"2024";"17:00";"1";"05";"05075";"1";"1";"1";"6";"Route de Céüze";"44,54405200";"5,95202600"
"202400040377";"10";"12";"2024";"19:55";"3";"84";"84107";"1";"1";"1";"1";"RD 30";"44,02930000";"5,49130000"
"202400040378";"30";"09";"2024";"09:28";"1";"05";"05017";"1";"1";"2";"5";"N94";"44,57081300";"6,17955200"
"202400040379";"17";"06";"2024";"12:17";"1";"64";"64327";"1";"1";"1";"7";"d301";"43,04940800";" -1,10411500"
"202400040380";"17";"06";"2024";"17:30";"1";"36";"36198";"1";"1";"1";"6";"Saint-Lactencin";"46,92381170";"1,54276371"
"202400040381";"29";"09";"2024";"18:25";"1";"04";"04013";"1";"1";"1";"7";"D951";"44,11601400";"5,95113500"
"202400040382";"10";"12";"2024";"23:50";"3";"66";"66053";"1";"1";"1";"6";"D914";"42,51871300";"3,06968400"
"202400040383";"30";"09";"2024";"18:15";"1";"23";"23162";"1";"1";"1";"1";"Vieilleville";"46,26052800";"1,99383600"
"202400040384";"17";"06";"2024";"13:39";"1";"07";"07227";"2";"1";"1";"4";"D182";"45,25302100";"4,72684100"
"202400040385";"9";"12";"2024";"07:18";"2";"90";"90081";"1";"3";"2";"3";"rue de la vie de norday";"47,52533700";"7,12056800"
"202400040386";"29";"09";"2024";"14:30";"1";"37";"37250";"1";"1";"1";"6";"Les Champs Meunier";"47,19126786";"0,66539955"
"202400040387";"16";"06";"2024";"18:37";"1";"07";"07011";"1";"1";"1";"7";"Le terret";"44,73790500";"4,34352900"
"202400040388";"30";"09";"2024";"18:40";"1";"30";"30255";"2";"1";"1";"7";"Chemin des Fontaines";"43,94405300";"4,20634700"
"202400040389";"17";"06";"2024";"14:30";"1";"53";"53051";"2";"1";"1";"6";"5 Rue de la Libération";"48,36702600";" -0,51710000"
"202400040390";"15";"11";"2024";"16:45";"1";"45";"45098";"2";"3";"1";"3";"Route d'Orléans";"47,83022000";"1,76869200"
"202400040391";"15";"06";"2024";"01:50";"5";"08";"08067";"2";"1";"2";"6";"N/A";"49,62030600";"5,18956500"
"202400040392";"29";"09";"2024";"19:30";"2";"65";"65226";"1";"1";"1";"4";"Autoroute A64 PK132,9";"43,23282200";" -0,03690700"
"202400040393";"11";"12";"2024";"10:15";"1";"18";"18174";"1";"1";"1";"2";"N/A";"47,06675200";"2,50668100"
"202400040394";"29";"09";"2024";"22:35";"3";"01";"01301";"1";"1";"1";"6";"A40, pk 177.600";"46,26326500";"5,15147200"
"202400040395";"17";"06";"2024";"11:10";"1";"24";"24523";"1";"2";"1";"3";"Route de la Gardonnette";"44,81119965";"0,32439172"
"202400040396";"25";"09";"2024";"16:10";"1";"66";"66172";"2";"1";"1";"6";"8, Rue des Cigales";"42,71230400";"2,84033300"
"202400040397";"11";"12";"2024";"15:00";"1";"53";"53062";"2";"2";"1";"1";"Grande Rue";"47,82849000";" -0,70349000"
"202400040398";"16";"06";"2024";"19:40";"1";"77";"77453";"1";"1";"2";"6";"Autoroute A5 PK 012.700 VERS PARIS";"48,54720400";"2,78141300"
"202400040399";"11";"12";"2024";"17:50";"3";"85";"85157";"1";"1";"1";"6";"RD7";"46,54738000";" -1,16066000"
"202400040400";"30";"09";"2024";"08:40";"1";"13";"13013";"1";"1";"1";"1";"A52";"43,41777900";"5,57609800"
"202400040401";"13";"06";"2024";"17:30";"1";"35";"35275";"1";"1";"2";"2";"N/A";"48,16174576";" -1,85599200"
"202400040402";"10";"12";"2024";"22:30";"3";"27";"27056";"1";"1";"1";"2";"RD 438";"49,09434200";"0,57483000"
"202400040403";"22";"09";"2024";"09:10";"1";"11";"11262";"2";"4";"1";"2";"N/A";"43,15285500";"3,15805400"
"202400040404";"15";"06";"2024";"21:08";"1";"07";"07272";"2";"1";"1";"6";"d579";"44,52127000";"4,39878000"
"202400040405";"29";"09";"2024";"07:15";"2";"38";"38046";"1";"1";"1";"6";"A48";"45,45029996";"5,39943889"
"202400040406";"14";"06";"2024";"17:10";"1";"31";"31254";"2";"1";"1";"6";"L?Occitane";"43,55011100";"1,50160800"
"202400040407";"10";"12";"2024";"19:30";"3";"37";"37266";"2";"1";"1";"6";"D50";"47,29264247";"0,73254848"
"202400040408";"30";"09";"2024";"08:38";"1";"38";"38109";"1";"1";"1";"1";"D18";"45,70153800";"5,20060900"
"202400040409";"11";"06";"2024";"07:45";"1";"33";"33199";"2";"1";"1";"3";"N/A";"44,62106700";" -1,07305500"
"202400040410";"11";"12";"2024";"15:40";"1";"30";"30241";"1";"1";"1";"7";"D114";"43,95581500";"4,27007700"
"202400040411";"1";"11";"2024";"16:50";"1";"49";"49099";"2";"3";"8";"6";"GIRARDIERE (RUE DE LA)";"47,04288000";" -0,90611000"
"202400040412";"28";"09";"2024";"10:30";"1";"987";"98714";"1";"1";"1";"7";"Faanui";" -16,47379600";" -151,76221800"
"202400040413";"16";"06";"2024";"18:35";"1";"34";"34151";"1";"1";"1";"7";"CD Chemin du Bois";"43,59671800";"4,10894000"
"202400040414";"6";"08";"2024";"08:05";"1";"46";"46042";"2";"6";"1";"6";"BARON ( rond point du  Dr )";"44,45512300";"1,43832700"
"202400040415";"11";"12";"2024";"08:00";"2";"31";"31091";"1";"1";"1";"4";"autoroute A62 sens Bordeaux Toulouse PK 219.000";"43,70746900";"1,40453300"
"202400040416";"28";"09";"2024";"21:45";"5";"987";"98733";"2";"1";"1";"3";"RT1 PK 20+500";" -17,68119300";" -149,58684000"
"202400040417";"4";"11";"2024";"09:45";"1";"45";"45004";"2";"3";"8";"3";"174 Rue de la Selle";"48,00135000";"2,75030000"
"202400040418";"26";"09";"2024";"11:45";"1";"29";"29147";"1";"6";"1";"6";"Rue Albert Schweitzer";"47,86955200";" -3,58729400"
"202400040419";"11";"12";"2024";"07:10";"2";"21";"21684";"1";"1";"1";"6";"A31";"47,03940900";"4,88506900"
"202400040420";"4";"11";"2024";"12:11";"1";"43";"43157";"2";"1";"1";"2";"Boulevard Carnot";"45,04514000";"3,88001000"
"202400040421";"29";"09";"2024";"19:30";"2";"84";"84081";"1";"1";"1";"6";"Route des Portugaises";"43,94536100";"4,90895700"
"202400040422";"10";"12";"2024";"22:30";"3";"21";"21684";"1";"1";"1";"6";"A31";"47,02063500";"4,87059100"
"202400040423";"4";"11";"2024";"08:45";"1";"43";"43157";"2";"1";"7";"4";"Rue Antoine Valette";"45,02108000";"3,89224000"
"202400040424";"11";"12";"2024";"08:30";"1";"971";"97103";"1";"1";"1";"3";"RN 1";"16,24647107";" -61,58823967"
"202400040425";"29";"09";"2024";"14:47";"1";"13";"13015";"2";"6";"1";"3";"D8n - Lieu dit Pin Porte rouge";"43,41888900";"5,37990000"
"202400040426";"8";"12";"2024";"22:40";"5";"987";"98747";"1";"1";"3";"6";"PK 2+700 - RT3 - AFAAHITI";" -17,73045800";" -149,28911400"
"202400040427";"30";"09";"2024";"18:35";"1";"03";"03298";"1";"1";"1";"6";"64 Route de Moulins";"46,33704300";"3,38321000"
"202400040428";"1";"11";"2024";"19:45";"5";"42";"42207";"2";"2";"1";"3";"Quai de la Rive";"45,47905000";"4,51555000"
"202400040429";"9";"12";"2024";"20:00";"5";"978";"97801";"2";"1";"1";"1";"rue jean luc hamlet";"18,06639200";" -63,07482700"
"202400040430";"28";"09";"2024";"14:29";"1";"33";"33322";"1";"1";"1";"2";"N/A";"44,95169800";" -0,70000300"
"202400040431";"4";"11";"2024";"08:40";"1";"35";"35238";"2";"6";"5";"3";"GERARD (MICHEL)";"48,09277000";" -1,64003000"
"202400040432";"30";"09";"2024";"18:23";"1";"85";"85155";"1";"1";"1";"6";"D763";"46,72741900";" -1,43032600"
"202400040433";"10";"12";"2024";"19:17";"3";"45";"45317";"2";"1";"1";"1";"D2152 PR 86 + 850";"47,76865900";"1,61375600"
"202400040434";"4";"11";"2024";"18:45";"5";"34";"34172";"2";"1";"1";"2";"CHENAIE (RUE DE LA)";"43,63554000";"3,86875000"
"202400040435";"5";"12";"2024";"00:55";"4";"77";"77126";"1";"1";"1";"6";"D405";"49,02061200";"2,96317600"
"202400040436";"23";"09";"2024";"12:15";"1";"29";"29124";"2";"1";"2";"2";"D125";"48,58465752";" -4,31568318"
"202400040437";"11";"12";"2024";"06:20";"3";100;100355";"1";"1";"3";"7";"Barchetta";"42,50940700";"9,33703800"
"202400040438";"4";"11";"2024";"12:45";"1";"33";"33192";"2";"1";"1";"3";"N/A";"44,79140000";" -0,61302000"
"202400040439";"30";"09";"2024";"08:40";"1";"35";"35334";"1";"2";"8";"3";"D86";"48,13779800";" -1,58788400"
"202400040440";"11";"12";"2024";"13:40";"1";"71";"71052";"1";"1";"5";"1";"D906";"46,59193000";"4,90546000"
"202400040441";"4";"11";"2024";"12:00";"1";"33";"33063";"2";"2";"1";"6";"N/A";"44,83496000";" -0,57331000"
"202400040442";"29";"09";"2024";"16:40";"1";"59";"59422";"1";"1";"1";"1";"D114";"50,20312100";"3,32427100"
"202400040443";"11";"12";"2024";"17:45";"3";"50";"50099";"1";"1";"1";"3";"Route du Cotentin (Montmartin-en-Graignes)";"49,28138400";" -1,17331600"
"202400040444";"4";"11";"2024";"08:00";"1";"33";"33281";"2";"6";"1";"3";"N/A";"44,85633000";" -0,64370000"
"202400040445";"10";"12";"2024";"07:50";"3";"29";"29248";"1";"1";"2";"6";"Kerdroc Uhella";"48,59796668";" -4,38565062"
"202400040446";"29";"09";"2024";"17:50";"1";"13";"13207";"1";"1";"1";"2";"Tunnel Prado Carénage";"43,29121092";"5,36535084"
"202400040447";"4";"11";"2024";"16:00";"1";"31";"31555";"2";"1";"1";"2";"ZAY (AV JEAN) DU 11AU 49";"43,64972000";"1,43017100"
"202400040448";"29";"09";"2024";"08:30";"1";"13";"13202";"2";"1";"1";"2";"TVPCM-Sens Saint Victor vers Les Ports";"43,31090000";"5,36820000"
"202400040449";"4";"11";"2024";"06:45";"2";"30";"30007";"2";"1";"1";"7";"PERRIN (RUE JEAN)";"44,14531000";"4,10002000"
"202400040450";"9";"12";"2024";"20:20";"5";"13";"13019";"1";"1";"1";"4";"A51-Sens Marseille vers Aix en Provence";"43,41881000";"5,36553000"
"202400040451";"28";"09";"2024";"22:10";"3";"13";"13071";"1";"1";"1";"7";"A55 - Sens Marseille vers Martigues";"43,39330763";"5,29952667"
"202400040452";"4";"11";"2024";"07:30";"4";"29";"29019";"2";"6";"5";"3";"place Albert Premier";"48,39767500";" -4,48885500"
"202400040453";"5";"12";"2024";"11:00";"1";"13";"13215";"1";"1";"1";"3";"A7-Sens Lyon vers Marseille";"43,37900000";"5,35400000"
"202400040454";"28";"09";"2024";"20:05";"3";"13";"13071";"2";"1";"1";"4";"A51-Sens Aix en Provence vers Marseille";"43,41418849";"5,36456931"
"202400040455";"4";"11";"2024";"13:15";"1";"28";"28404";"2";"1";"1";"3";"CRECY (ROUTE DE)";"48,72989000";"1,33678000"
"202400040456";"10";"12";"2024";"07:45";"1";"83";"83137";"1";"1";"1";"5";"A50 TUNNEL TUBE SUD";"43,12770515";"5,92630170"
"202400040457";"29";"09";"2024";"00:15";"3";"69";"69275";"1";"1";"1";"2";"Route Nationale 346";"45,77988924";"4,96015338"
"202400040458";"4";"11";"2024";"07:50";"2";"14";"14366";"2";"1";"1";"6";"48 Rue Paul Banaston";"49,15080000";"0,22229000"
"202400040459";"9";"12";"2024";"21:30";"3";"83";"83047";"1";"1";"1";"2";"A570";"43,13397000";"6,04927000"
"202400040460";"29";"09";"2024";"18:37";"1";"33";"33448";"1";"1";"1";"2";"N/A";"44,70938800";" -0,51267600"
"202400040461";"7";"12";"2024";"21:55";"3";"42";"42207";"1";"1";"8";"6";"A47";"45,47432263";"4,49726736"
"202400040462";"2";"11";"2024";"18:00";"4";"14";"14341";"2";"2";"1";"3";"189 Rue de Caen";"49,15470000";" -0,34409000"
"202400040463";"29";"09";"2024";"19:00";"1";"91";"91286";"1";"1";"1";"6";"AUTOROUTE A6";"48,64693000";"2,38757000"
"202400040464";"4";"11";"2024";"12:00";"1";"13";"13205";"2";"1";"1";"2";"CRILLON (RUE)";"43,28998000";"5,39814000"
"202400040465";"5";"12";"2024";"17:32";"3";"67";"67482";"1";"1";"2";"3";"M351";"48,58941300";"7,69917500"
"202400040466";"29";"09";"2024";"09:13";"1";"91";"91136";"1";"1";"1";"6";"AUTOROUTE A10";"48,71184000";"2,28499000"
"202400040467";"29";"09";"2024";"03:40";"3";"91";"91340";"1";"1";"1";"7";"AUTOROUTE A6";"48,60449706";"2,43669830"
"202400040468";"4";"11";"2024";"13:30";"1";"13";"13001";"1";"1";"1";"2";"ROGNES (RTE DE)";"43,60263000";"5,36590000"
"202400040469";"5";"12";"2024";"03:50";"3";"62";"62274";"1";"1";"1";"6";"A1";"50,43697000";"2,97530000"
"202400040470";"29";"09";"2024";"00:35";"3";"91";"91161";"1";"1";"1";"7";"AUTOROUTE A6";"48,71811000";"2,31024000"
"202400040471";"3";"11";"2024";"19:00";"1";"10";"10362";"2";"3";"1";"3";"PAUL DOUMER (RUE)";"48,29080000";"4,05520000"
"202400040472";"10";"12";"2024";"18:47";"5";"94";"94034";"1";"1";"2";"2";"A86";"48,75762305";"2,32812012"
"202400040473";"29";"09";"2024";"19:35";"3";"77";"77337";"1";"1";"1";"6";"RN104";"48,82640425";"2,61687495"
"202400040474";"4";"11";"2024";"13:50";"1";"06";"06004";"2";"6";"1";"3";"Rond point des Eucalyptus";"43,57819000";"7,09040000"
"202400040475";"10";"12";"2024";"08:05";"2";"94";"94021";"1";"1";"1";"5";"A6A";"48,76152910";"2,34008141"
"202400040476";"29";"09";"2024";"19:20";"3";"75";"75112";"1";"1";"1";"4";"A4";"48,81924200";"2,45853100"
"202400040477";"31";"10";"2024";"10:00";"1";"06";"06004";"2";"1";"1";"2";"25 Boulevard Edouard Baudoin";"43,56564600";"7,11575700"
"202400040478";"9";"12";"2024";"10:18";"1";"78";"78362";"1";"1";"1";"4";"A13";"48,97558298";"1,72387826"
"202400040479";"29";"09";"2024";"14:40";"1";"94";"94052";"1";"1";"1";"3";"A86";"48,84027522";"2,49328165"
"202400040480";"4";"11";"2024";"09:00";"1";"75";"75117";"2";"2";"1";"6";"AVENUE NIEL";"48,88291800";"2,29638900"
"202400040481";"4";"11";"2024";"19:30";"5";"75";"75113";"2";"3";"1";"6";"QUAI PANHARD ET LEVASSOR";"48,82954300";"2,38306500"
"202400040482";"10";"12";"2024";"17:55";"2";"93";"93007";"1";"1";"2";"4";"AUTOROUTE A3";"48,93230265";"2,48082971"
"202400040483";"12";"05";"2024";"11:55";"1";"45";"45291";"1";"1";"1";"1";"D940 PR 16 + 382";"47,67560100";"2,63981300"
"202400040484";"8";"12";"2024";"08:30";"1";"95";"95241";"1";"1";"2";"6";"N104";"49,04560195";"2,44966673"
"202400040485";"4";"11";"2024";"14:27";"1";"75";"75109";"2";"2";"1";"6";"BOULEVARD MONTMARTRE";"48,87147800";"2,34306400"
"202400040486";"24";"09";"2024";"13:00";"1";"44";"44162";"2";"6";"1";"6";"Route de Vannes";"47,23747693";" -1,58626054"
"202400040487";"5";"10";"2024";"10:30";"1";"13";"13056";"2";"1";"1";"2";"MARITIME BOULEVARD";"43,40493000";"5,01240000"
"202400040488";"3";"11";"2024";"04:05";"5";"75";"75108";"2";"2";"1";"3";"PONT ALEXANDRE III";"48,86457200";"2,31365400"
"202400040489";"31";"03";"2024";"22:00";"5";"73";"73065";"2";"2";"1";"3";"Avenue de Lyon";"45,56334647";"5,90530388"
"202400040490";"15";"08";"2024";"02:52";"3";"27";"27112";"1";"1";"1";"6";"D833";"48,86820800";"0,85249200"
"202400040491";"8";"08";"2024";"09:20";"1";"13";"13004";"1";"1";"1";"7";"D36b";"43,59128600";"4,62359200"
"202400040492";"3";"11";"2024";"19:35";"4";"94";"94081";"2";"1";"1";"2";"Avenue du 8 Mai 1945";"48,78416000";"2,39678000"
"202400040493";"23";"09";"2024";"09:00";"1";"44";"44109";"2";"6";"1";"3";"131 Route de Rennes";"47,25575146";" -1,57765110"
"202400040494";"1";"08";"2024";"09:37";"1";"13";"13004";"1";"1";"1";"1";"D570";"43,63531000";"4,54890300"
"202400040495";"24";"06";"2024";"17:45";"1";"43";"43087";"1";"1";"1";"7";"D235";"45,18857869";"4,35568754"
"202400040496";"4";"11";"2024";"11:37";"1";"94";"94074";"2";"1";"1";"5";"Avenue Henri Barbusse";"48,76463000";"2,44171000"
"202400040497";"9";"12";"2024";"17:30";"1";"974";"97416";"1";"1";"1";"2";"RN03";" -21,31799000";"55,49020000"
"202400040498";"23";"09";"2024";"08:40";"2";"44";"44109";"2";"1";"1";"3";"5 Boulevard Jean XXIII";"47,23014518";" -1,57312421"
"202400040499";"4";"11";"2024";"16:20";"1";"93";"93049";"2";"1";"1";"6";"PASTEUR (RUE)";"48,85821000";"2,50182000"
"202400040500";"9";"12";"2024";"08:30";"1";"974";"97416";"1";"1";"1";"2";"RN3 (2)";" -21,31311000";"55,49457000"
"202400040501";"21";"09";"2024";"11:15";"1";"44";"44109";"2";"3";"1";"3";"42 Rue de Gigant";"47,21455836";" -1,57281684"
"202400040502";"4";"11";"2024";"10:45";"1";"92";"92078";"2";"1";"1";"3";"VERDUN (AVENUE) (N° PAIRS 40 A 90)";"48,93544161";"2,33095905"
"202400040503";"9";"12";"2024";"07:15";"1";"974";"97416";"2";"6";"1";"2";"BANK (BOULEVARD)";" -21,33061000";"55,47473000"
"202400040504";"4";"11";"2024";"08:30";"1";"92";"92026";"2";"1";"1";"3";"MARECHAL JOFFRE (QUAI DU)";"48,90236451";"2,28188753"
"202400040505";"3";"05";"2024";"16:32";"1";"19";"19275";"2";"1";"3";"6";"CARNOT (AVENUE) N° PAIRS";"45,55205594";"2,31382298"
"202400040506";"21";"09";"2024";"08:40";"2";"44";"44114";"2";"1";"1";"6";"360 Route de Vannes";"47,25496900";" -1,62990867"
"202400040507";"9";"12";"2024";"13:20";"1";"974";"97409";"2";"1";"1";"2";"ILE DE FRANCE(AVENUE)";" -20,94413000";"55,64776000"
"202400040508";"4";"11";"2024";"09:10";"1";"92";"92023";"2";"3";"1";"3";"SCHNEIDER (AVENUE)";"48,80670742";"2,25464970"
"202400040509";"20";"09";"2024";"08:40";"2";"44";"44190";"2";"6";"1";"3";"Rue de la Libération";"47,20288877";" -1,51366158"
"202400040510";"5";"11";"2024";"14:19";"1";"95";"95675";"1";"1";"5";"7";"D317";"49,07420150";"2,52877682"
"202400040511";"9";"12";"2024";"06:05";"2";"973";"97302";"1";"6";"3";"3";"MARINGOUINS (ROND-POINT)";"4,90703000";" -52,32216000"
"202400040512";"19";"09";"2024";"15:15";"1";"44";"44162";"2";"1";"1";"2";"Rue du Souvenir Français";"47,20811144";" -1,62903691"
"202400040513";"4";"11";"2024";"18:50";"5";"95";"95250";"2";"1";"1";"6";"D922";"49,10040000";"2,52816400"
"202400040514";"8";"12";"2024";"19:50";"5";"973";"97302";"2";"1";"1";"6";"BASSIERE (LEON) CITE THEMIRE";"4,93476626";" -52,32009137"
"202400040515";"3";"11";"2024";"19:00";"5";"63";"63354";"2";"1";"1";"6";"D534";"46,02831571";"2,82209508"
"202400040516";"18";"05";"2024";"23:28";"3";"62";"62757";"1";"1";"1";"3";"D206";"50,75508000";"2,20567000"
"202400040517";"8";"12";"2024";"06:30";"1";"973";"97302";"2";"2";"1";"3";"JADFARD (RENE)";"4,93429000";" -52,33192000"
"202400040518";"4";"11";"2024";"19:20";"3";"01";"01288";"1";"1";"8";"2";"ROUTE DÉPARTEMENTALE 984";"46,19504200";"5,94188700"
"202400040519";"31";"10";"2024";"17:30";"2";"62";"62473";"1";"1";"1";"6";"D186";"50,61766700";"2,46087300"
"202400040520";"7";"12";"2024";"11:45";"1";"973";"97302";"2";"1";"1";"3";"CABASSOU (ROUTE DE)";"4,91965000";" -52,31891000"
"202400040521";"28";"07";"2024";"21:50";"5";"74";"74133";"2";"2";"1";"3";"JURA (RUE DU)";"46,18516000";"6,20683000"
"202400040522";"2";"11";"2024";"02:53";"3";"59";"59525";"1";"1";"1";"6";"Rue du Pont de Sains";"50,07859100";"4,01949400"
"202400040523";"8";"12";"2024";"02:00";"5";"971";"97113";"1";"1";"2";"6";"SECTION COCOYER";"16,22959000";" -61,47550000"
"202400040524";"28";"09";"2024";"11:15";"1";"974";"97416";"2";"2";"1";"3";"GANDHI (RUE DU MAHATMA)";" -21,28306800";"55,47095500"
"202400040525";"5";"11";"2024";"17:23";"1";"76";"76141";"1";"1";"1";"3";"Route de la Gare";"49,60338200";"0,41858600"
"202400040526";"9";"12";"2024";"08:05";"1";101;101004";"2";"1";"8";"1";"#Route de Mezzavia#";"41,94635000";"8,76102000"
"202400040527";"28";"09";"2024";"20:00";"3";"974";"97407";"1";"1";"1";"6";"OWENS JAMES";" -20,93447000";"55,31952000"
"202400040528";"27";"10";"2024";"00:10";"5";101;101139";"2";"2";"1";"3";"#Strada Sampieru Corsu#";"41,63628600";"9,34372700"
"202400040529";"9";"12";"2024";"16:15";"1";"95";"95219";"2";"3";"8";"3";"MARECHAL DE LATTRE DE TASSIGNY (RUE DU)";"48,98938900";"2,26491900"
"202400040530";"28";"09";"2024";"10:45";"1";"974";"97407";"2";"6";"1";"3";"ROUTE DU SACRE COEUR";" -20,95626000";"55,31159000"