"Num_Acc";"jour";"mois";"an";"hrmn";"lum";"dep";"com";"agg";"int";"atm";"col";"adr";"lat";"long"
"202400040531";"3";"11";"2024";"11:10";"1";100;100123";"1";"1";"1";"3";"Piste cyclable - D144 - route de la mer";"42,00779900";"9,41683400"
"202400040532";"9";"12";"2024";"18:45";"5";"91";"91549";"2";"1";"2";"6";"LIBERTE (AVENUE DE LA)";"48,63905000";"2,34557000"
"202400040533";"5";"11";"2024";"08:15";"1";"80";"80328";"1";"1";"5";"1";"D3";"50,03222500";"1,91717900"
"202400040534";"28";"09";"2024";"17:00";"1";"973";"97302";"2";"2";"1";"3";"MERE THERESA (rue)";"4,92247000";" -52,31255000"
"202400040535";"30";"11";"2024";"17:50";"5";"91";"91201";"2";"3";"2";"2";"BD HENRI BARBUSSE";"48,68012000";"2,40958000"
"202400040536";"5";"11";"2024";"07:30";"2";"80";"80092";"1";"2";"5";"3";"D97";"49,96042100";"2,27397700"
"202400040537";"28";"09";"2024";"11:25";"1";"973";"97302";"2";"1";"1";"2";"GALMOT (AVENUE)";"4,93212000";" -52,32752000"
"202400040538";"9";"12";"2024";"12:45";"1";"91";"91223";"2";"1";"1";"3";"MAI 1945 (AVENUE DU 8)";"48,44100000";"2,14650000"
"202400040539";"4";"11";"2024";"18:12";"3";"89";"89304";"1";"1";"1";"1";"D176";"47,87073300";"3,39183600"
"202400040540";"7";"12";"2024";"11:21";"1";"90";"90008";"2";"1";"3";"3";"BELFORT (RUE DE)";"47,62566000";"6,84307000"
"202400040541";"28";"09";"2024";"04:30";"5";"69";"69387";"2";"2";"1";"4";"Avenue Debourg";"45,73142000";"4,83342000"
"202400040542";"3";"11";"2024";"17:35";"2";"12";"12248";"2";"1";"1";"1";"Avenue D Albi";"43,88580900";"2,60342700"
"202400040543";"8";"12";"2024";"19:06";"5";"87";"87085";"2";"1";"2";"6";"BABYLONE (RUE DE)";"45,82211000";"1,27278000"
"202400040544";"28";"09";"2024";"10:54";"1";101;101004";"2";"3";"1";"3";"#26 Boulevard Madame Mère#";"41,91650000";"8,72313000"
"202400040545";"7";"12";"2024";"18:00";"2";"80";"80021";"2";"1";"1";"7";"Rue du Commandant Défontaine";"49,89768000";"2,28717000"
"202400040546";"24";"10";"2024";"07:30";"1";"29";"29189";"2";"6";"1";"3";"avenue Charles de Gaulle";"48,38198500";" -4,37789900"
"202400040547";"28";"09";"2024";"18:00";"1";"91";"91549";"2";"2";"1";"3";"CHARMES (ALLEE DES)";"48,63964000";"2,32135000"
"202400040548";"9";"12";"2024";"02:00";"5";"79";"79191";"2";"1";"1";"7";"N/A";"46,31868000";" -0,47826000"
"202400040549";"3";"11";"2024";"15:05";"1";"22";"22087";"1";"1";"5";"6";"D31";"48,29173800";" -3,30937400"
"202400040550";"9";"12";"2024";"18:30";"5";"78";"78138";"2";"1";"2";"6";"DE GAULLE (AVENUE CHARLES)";"48,97061600";"2,02825200"
"202400040551";"28";"09";"2024";"10:55";"1";"91";"91027";"2";"1";"1";"3";"AV MARCEL SEMBAT";"48,70613000";"2,37263000"
"202400040552";"5";"11";"2024";"12:15";"1";"44";"44152";"2";"1";"1";"2";"8 Place de l'Eglise";"47,45964983";" -2,00599010"
"202400040553";"8";"12";"2024";"17:30";"5";"78";"78172";"2";"6";"2";"6";"PERI (AVENUE GABRIEL)";"48,99870200";"2,07891400"
"202400040554";"27";"09";"2024";"08:40";"1";"78";"78621";"2";"2";"1";"6";"REPUBLIQUE (RUE DE LA)";"48,77683000";"2,00346000"
"202400040555";"5";"11";"2024";"15:18";"1";"45";"45296";"1";"1";"1";"5";"D955 PR 17 + 639";"47,99445900";"1,71498300"
"202400040556";"28";"09";"2024";"19:30";"2";"78";"78123";"2";"3";"1";"6";"EUROPE (RN 190) AVENUE DE L'";"48,93898000";"2,03549000"
"202400040557";"3";"11";"2024";"13:40";"1";"18";"18046";"1";"1";"1";"7";"N/A";"46,76805000";"2,32540000"
"202400040558";"3";"11";"2024";"09:45";"1";"40";"40273";"2";"1";"1";"6";"1980 Avenue du Quartier-neuf";"43,52799000";" -1,39127500"
"202400040559";"8";"12";"2024";"17:40";"3";"77";"77258";"2";"3";"2";"6";"MANDINET (BOULEVARD DU)";"48,83921705";"2,62550090"
"202400040560";"3";"11";"2024";"16:10";"1";"40";"40320";"1";"1";"1";"1";"D 834";"43,94215600";" -0,57735000"
"202400040561";"8";"12";"2024";"19:30";"5";"77";"77251";"1";"1";"2";"6";"ALL DE L'AIR DU TEMPS";"48,61724000";"2,55045000"
"202400040562";"28";"09";"2024";"15:00";"1";"77";"77268";"2";"1";"1";"4";"RUE DU PRE DE BRAY";"48,86036017";"2,81005830"
"202400040563";"4";"11";"2024";"16:33";"1";"04";"04209";"2";"3";"1";"6";"21 Place du Tivoli";"44,19641900";"5,94174200"
"202400040564";"9";"12";"2024";"18:35";"5";"77";"77042";"2";"2";"1";"3";"CHARLES DE GAULLE (AVENUE)";"48,82275000";"3,13720000"
"202400040565";"28";"09";"2024";"15:07";"1";"77";"77333";"2";"1";"1";"3";"RUE DE PARIS";"48,26720000";"2,69405000"
"202400040566";"4";"11";"2024";"14:06";"1";"04";"04049";"2";"1";"1";"6";"Avenue du General de Gaulle";"44,09447800";"6,01001200"
"202400040567";"9";"12";"2024";"20:45";"5";"76";"76410";"2";"1";"2";"1";"Avenue du Val aux Dames";"49,47833000";"1,03554000"
"202400040568";"27";"09";"2024";"17:30";"1";"77";"77333";"2";"1";"2";"3";"AV DU ROCHER VERT";"48,26661000";"2,70361000"
"202400040569";"9";"12";"2024";"08:40";"2";"76";"76429";"2";"1";"8";"6";"Route de Paris";"49,41255000";"1,13885000"
"202400040570";"28";"09";"2024";"08:15";"1";"77";"77070";"2";"1";"1";"7";"CD 37";"48,79762000";"3,12413000"
"202400040571";"4";"11";"2024";"14:45";"1";"85";"85111";"1";"3";"1";"3";"RD938t";"46,34456100";" -0,88721000"
"202400040572";"30";"10";"2024";"18:45";"3";"87";"87140";"1";"1";"1";"1";"Route des Séguines";"45,89447400";"0,95828900"
"202400040573";"28";"09";"2024";"11:20";"1";"69";"69282";"2";"1";"8";"1";"Avenue de Verdun";"45,78374555";"5,01350508"
"202400040574";"8";"12";"2024";"20:47";"5";"72";"72181";"2";"1";"3";"2";"DURAND GEORGES (AV) N° PAIRS 112 AU 164";"47,97818000";"0,21366000"
"202400040575";"5";"11";"2024";"11:00";"1";"11";"11198";"1";"1";"8";"6";"N/A";"43,30329700";"2,52944100"
"202400040576";"28";"09";"2024";"11:18";"1";"68";"68066";"2";"1";"2";"6";"Grand'Rue";"48,07526000";"7,35781000"
"202400040577";"9";"12";"2024";"13:35";"1";"71";"71040";"2";"3";"8";"3";"CHASSAGNE (RUE DE LA)";"46,69722564";"4,38668311"
"202400040578";"5";"11";"2024";"09:30";"1";"34";"34058";"2";"1";"1";"6";"Avenue de Montpellier";"43,67774800";"3,98379400"
"202400040579";"5";"11";"2024";"14:30";"1";"83";"83047";"2";"1";"1";"6";"Rue Renaude";"43,14852600";"6,07229100"
"202400040580";"9";"12";"2024";"06:53";"5";"69";"69029";"2";"3";"8";"6";"Avenue Pierre Brossolette";"45,74198000";"4,91990000"
"202400040581";"28";"09";"2024";"18:35";"1";"65";"65100";"1";"3";"1";"3";"9 Route de Bordeaux";"43,26435562";"0,07135291"
"202400040582";"26";"10";"2024";"13:55";"1";"13";"13067";"1";"1";"1";"1";"Chemin de Bazarde";"43,80071300";"5,03903400"
"202400040583";"9";"12";"2024";"08:45";"2";"64";"64189";"2";"4";"2";"3";"JAURES JEAN  (AVENUE)";"43,38178000";" -1,66767000"
"202400040584";"28";"09";"2024";"11:00";"1";"64";"64445";"2";"6";"1";"3";"GENERAL DE GAULLE DU";"43,30175000";" -0,35622000"
"202400040585";"4";"11";"2024";"18:20";"5";"13";"13086";"2";"3";"1";"1";"Avenue du Repos";"43,34211500";"5,60339900"
"202400040586";"28";"09";"2024";"02:15";"5";"64";"64445";"2";"1";"3";"6";"CATHERINE DE BOURBON";"43,32024000";" -0,35940000"
"202400040587";"9";"12";"2024";"10:12";"1";"64";"64348";"2";"1";"2";"3";"TONKIN DU";"43,31687000";" -0,39475000"
"202400040588";"4";"11";"2024";"15:50";"1";"21";"21390";"2";"2";"1";"1";"Route des Grands Crus";"47,27270000";"4,98983100"
"202400040589";"28";"09";"2024";"21:22";"5";"63";"63113";"2";"2";"1";"3";"Jaurès / Dormoy";"45,76780981";"3,08186889"
"202400040590";"9";"12";"2024";"09:40";"1";"59";"59599";"2";"3";"1";"6";"HAVRE (RUE D')";"50,71988000";"3,16115000"
"202400040591";"1";"11";"2024";"17:10";"2";"68";"68315";"1";"1";"1";"6";"D431";"47,89162200";"7,11260700"
"202400040592";"19";"09";"2024";"11:00";"1";"62";"62525";"2";"1";"1";"6";"Rue de Lumbres";"50,73298060";"2,25137007"
"202400040593";"5";"11";"2024";"10:20";"1";"38";"38565";"1";"1";"1";"7";"D3";"45,27942400";"5,62461900"
"202400040594";"27";"09";"2024";"16:30";"1";"60";"60159";"2";"1";"1";"6";"Rue Saint-Lazare";"49,41444000";"2,82902000"
"202400040595";"31";"10";"2024";"10:15";"1";"33";"33055";"1";"4";"1";"2";"N/A";"45,31378600";" -0,91617800"
"202400040596";"9";"12";"2024";"07:54";"2";"51";"51454";"2";"6";"1";"3";"VASNIER (BOULEVARD HENRI) COTE IMPAIR";"49,24794700";"4,04394100"
"202400040597";"28";"09";"2024";"08:25";"1";"59";"59299";"1";"1";"1";"7";"CD 700";"50,65090000";"3,20687000"
"202400040598";"8";"12";"2024";"16:10";"2";"51";"51454";"2";"1";"2";"7";"LECLERC (BOULEVARD DU GENERAL)";"49,25375000";"4,02221000"
"202400040599";"4";"11";"2024";"18:30";"3";"33";"33130";"2";"1";"1";"1";"N/A";"44,51380600";" -0,22902800"
"202400040600";"28";"09";"2024";"19:00";"1";"54";"54395";"2";"4";"1";"3";"Rue de Malzéville";"48,70474000";"6,18335000"
"202400040601";"14";"10";"2024";"18:10";"1";"33";"33056";"2";"2";"1";"3";"N/A";"44,92758000";" -0,63512800"
"202400040602";"9";"12";"2024";"10:20";"1";"51";"51108";"2";"3";"8";"3";"SAINTE MENEHOULD (AVE DE)";"48,96275000";"4,38768000"
"202400040603";"28";"09";"2024";"12:50";"1";"51";"51454";"2";"3";"7";"3";"PAIX (BOULEVARD DE LA)";"49,25358000";"4,04084000"
"202400040604";"6";"12";"2024";"07:34";"5";"49";"49007";"2";"1";"1";"7";"CAMUS BOULEVARD";"47,48384000";" -0,57591000"
"202400040605";"27";"09";"2024";"12:15";"1";"51";"51454";"2";"1";"1";"7";"VAL DE VESLE (BOULEVARD)";"49,23007000";"4,06046000"
"202400040606";"3";"11";"2024";"18:15";"3";"35";"35347";"1";"2";"1";"5";"la Grande Haie d'Izé";"48,17430700";" -1,29602700"
"202400040607";"8";"12";"2024";"14:20";"1";"47";"47027";"2";"1";"2";"3";"BORDEAUX (avenue de)";"44,40316000";"0,67932000"
"202400040608";"29";"09";"2024";"00:30";"5";"50";"50218";"2";"3";"1";"3";"MATIGNON (AV DES)";"48,83799000";" -1,57812000"
"202400040609";"4";"11";"2024";"02:20";"3";"13";"13215";"1";"1";"1";"7";"A7-Sens Lyon vers Marseille";"43,36326000";"5,36113000"
"202400040610";"9";"12";"2024";"11:15";"1";"43";"43157";"1";"1";"3";"3";"Chemin des Gardes";"45,02370462";"3,90976884"
"202400040611";"27";"09";"2024";"15:30";"1";"47";"47001";"1";"1";"2";"1";"STALINGRAD (AVENUE DE )";"44,21636950";"0,63970900"
"202400040612";"4";"11";"2024";"18:10";"3";"91";"91174";"1";"1";"1";"2";"RN 104";"48,62454000";"2,47046000"
"202400040613";"9";"12";"2024";"20:15";"5";"42";"42123";"2";"1";"1";"1";"Rue Adèle Bourdon";"45,51333000";"4,57555000"
"202400040614";"28";"09";"2024";"04:15";"5";"44";"44109";"2";"1";"1";"6";"19 Boulevard de Stalingrad";"47,21839000";" -1,53980000"
"202400040615";"4";"11";"2024";"12:10";"1";"94";"94003";"1";"1";"1";"2";"A6B";"48,79994440";"2,34360832"
"202400040616";"28";"09";"2024";"03:30";"3";"36";"36044";"1";"1";"3";"6";"route de velles";"46,78029739";"1,68924408"
"202400040617";"4";"11";"2024";"04:27";"3";"91";"91589";"1";"1";"1";"7";"AUTOROUTE A6";"48,67731000";"2,33828000"
"202400040618";"9";"12";"2024";"21:35";"5";"37";"37261";"2";"3";"1";"3";"PASCAL (RUE BLAISE)";"47,38604000";"0,69467000"
"202400040619";"27";"04";"2024";"00:30";"3";"32";"32191";"1";"1";"2";"7";"D931";"43,74850800";" -0,10796700"
"202400040620";"28";"09";"2024";"13:45";"1";"35";"35238";"1";"1";"1";"2";"ROCADE";"48,08281000";" -1,69759300"
"202400040621";"8";"12";"2024";"12:00";"1";"37";"37261";"2";"1";"1";"2";"MALRAUX (QUAI ANDRE)";"47,39750000";"0,70075000"
"202400040622";"25";"02";"2024";"03:00";"3";"73";"73227";"2";"4";"1";"6";"Rue des Tovets / Rue de la Croisette";"45,41521767";"6,63384207"
"202400040623";"9";"12";"2024";"05:30";"5";"34";"34172";"2";"2";"1";"3";"MOULINS (AVENUE DES";"43,63379000";"3,84310000"
"202400040624";"3";"11";"2024";"13:10";"1";"973";"97302";"2";"2";"1";"3";"11 NOVEMBRE";"4,93497000";" -52,32952000"
"202400040625";"28";"09";"2024";"22:10";"5";"34";"34108";"2";"6";"1";"3";"DE GAULE GENERAL (AVENUE DU)";"43,44680400";"3,75383800"
"202400040626";"8";"12";"2024";"07:10";"5";"34";"34198";"2";"2";"1";"3";"MAUGUIO (ROUTE DE)";"43,57772600";"3,93574210"
"202400040627";"3";"11";"2024";"10:38";"1";"973";"97302";"2";"6";"1";"3";"MANDELA  (BOULEVARD)";"4,93728000";" -52,32577000"
"202400040628";"28";"09";"2024";"01:58";"5";"34";"34172";"2";"1";"1";"5";"BRINGUIER (AVENUE PAUL)";"43,61406600";"3,83913800"
"202400040629";"6";"12";"2024";"18:20";"2";"34";"34336";"1";"1";"1";"2";"ROUTE DEPARTEMENTALE 612B";"43,31400000";"3,32093000"
"202400040630";"28";"09";"2024";"12:10";"1";"34";"34003";"2";"1";"1";"7";"SETE ( ROUTE)";"43,30746900";"3,50362600"
"202400040631";"3";"11";"2024";"09:15";"1";"973";"97302";"1";"1";"1";"7";"ROUTE NATIONALE 1";"4,92487000";" -52,32917000"
"202400040632";"9";"12";"2024";"18:20";"5";"33";"33318";"2";"1";"2";"6";"N/A";"44,79767000";" -0,66518000"
"202400040633";"2";"11";"2024";"23:20";"5";"972";"97209";"2";"9";"1";"6";"VERDUN (BOULEVARD DE )";"14,60396000";" -61,07818000"
"202400040634";"3";"11";"2024";"17:20";"2";"95";"95427";"2";"1";"1";"2";"D193";"48,96438045";"2,33614911"
"202400040635";"9";"12";"2024";"09:16";"1";"33";"33039";"2";"4";"1";"3";"N/A";"44,80561500";" -0,55681800"
"202400040636";"2";"11";"2024";"18:00";"5";"91";"91027";"2";"3";"1";"3";"VC QUAI DE L'INDUSTRIE";"48,69380900";"2,39028200"
"202400040637";"9";"12";"2024";"08:40";"1";"33";"33063";"2";"2";"1";"6";"N/A";"44,83476000";" -0,57836000"
"202400040638";"9";"12";"2024";"08:12";"3";"24";"24037";"2";"1";"1";"2";"FEYRY (AVENUE MARCEAU)";"44,86904000";"0,50376000"
"202400040639";"3";"11";"2024";"19:05";"5";"76";"76540";"2";"2";"1";"1";"Route de Neufchâtel";"49,45125000";"1,09830000"
"202400040640";"2";"12";"2024";"18:00";"2";"14";"14118";"2";"1";"8";"2";"Avenue de Courseulles";"49,20521000";" -0,37579000"
"202400040641";"3";"11";"2024";"14:45";"1";"71";"71306";"2";"1";"1";"3";"ALOUETTES (AVENUE DES)";"46,68890000";"4,35730000"
"202400040642";"9";"12";"2024";"06:50";"5";"13";"13215";"2";"1";"1";"3";"LE CHATELIER";"43,34869000";"5,37208000"
"202400040643";"3";"11";"2024";"18:20";"5";"69";"69266";"2";"1";"1";"3";"Cours Emile Zola";"45,77085000";"4,86684000"
"202400040644";"9";"12";"2024";"08:37";"1";"11";"11262";"2";"1";"8";"6";"3 Rue des Primeveres";"43,18610000";"3,02149000"
"202400040645";"8";"12";"2024";"21:50";"5";"10";"10387";"2";"1";"2";"7";"PAIX (RUE DE LA)";"48,30900000";"4,06190000"
"202400040646";"2";"11";"2024";"19:25";"2";"65";"65440";"2";"3";"1";"3";"CRONSTADT (RUE DE)";"43,22852000";"0,07503000"
"202400040647";"9";"12";"2024";"16:50";"5";"06";"06069";"2";"6";"1";"3";"Rd point des Quatre Chemins";"43,64507000";"6,94013000"
"202400040648";"2";"11";"2024";"11:20";"1";"65";"65251";"2";"1";"1";"3";"Rue des Evades de France";"43,21590000";"0,08631000"
"202400040649";"9";"12";"2024";"13:20";"1";"06";"06069";"2";"9";"1";"6";"42 Boulevard Victor Hugo";"43,65380310";"6,91897720"
"202400040650";"3";"11";"2024";"14:15";"1";"64";"64102";"2";"9";"1";"3";"BEDAT (CITE AV 14 AVRIL)";"43,50350000";" -1,46621000"
"202400040651";"5";"12";"2024";"22:10";"3";"06";"06004";"2";"1";"1";"3";"1170 Route de Nice";"43,60990834";"7,12535974"
"202400040652";"3";"11";"2024";"01:30";"3";"60";"60175";"1";"1";"8";"1";"N/A";"49,24515000";"2,45892000"
"202400040653";"27";"11";"2024";"10:41";"1";"05";"05061";"2";"3";"1";"6";"Rue du Stade";"44,54843454";"6,06686711"
"202400040654";"2";"11";"2024";"01:00";"3";"59";"59585";"1";"1";"2";"2";"Rue du Général De Gaulle";"50,57029594";"3,04521942"
"202400040655";"3";"11";"2024";"18:10";"5";"54";"54323";"2";"1";"1";"1";"Avenue Raymond Poincaré";"49,52676000";"5,77731000"
"202400040656";"7";"12";"2024";"17:20";"2";"75";"75116";"2";"1";"2";"4";"BOULEVARD PERIPHERIQUE INTERIEUR OUEST";"48,87694200";"2,27952000"
"202400040657";"9";"12";"2024";"15:30";"1";"75";"75106";"2";"3";"1";"3";"RUE SAINT PLACIDE";"48,84899000";"2,32540500"
"202400040658";"3";"11";"2024";"23:35";"3";"44";"44172";"1";"1";"1";"4";"N/A";"47,23558000";" -1,47884000"
"202400040659";"2";"11";"2024";"22:20";"5";"37";"37261";"2";"1";"1";"6";"FUYE( RUE DE LE )";"47,38902000";"0,70270000"
"202400040660";"9";"12";"2024";"18:25";"5";"75";"75108";"2";"7";"1";"6";"PLACE DES TERNES";"48,87817800";"2,29878300"
"202400040661";"3";"11";"2024";"14:35";"1";"36";"36044";"2";"1";"1";"2";"Avenue Gédéon Duchateau";"46,81819800";"1,69625800"
"202400040662";"8";"12";"2024";"19:10";"5";"75";"75117";"2";"3";"2";"3";"AVENUE DE LA GRANDE ARMEE";"48,87698700";"2,28554300"
"202400040663";"3";"11";"2024";"06:45";"5";"33";"33069";"2";"7";"1";"3";"N/A";"44,86581000";" -0,57611000"
"202400040664";"9";"12";"2024";"18:10";"5";"75";"75116";"2";"7";"2";"3";"PLACE VICTOR HUGO";"48,86943300";"2,28518900"
"202400040665";"2";"11";"2024";"16:50";"1";"33";"33550";"2";"1";"1";"3";"N/A";"44,77522000";" -0,56282000"
"202400040666";"9";"12";"2024";"14:10";"1";"75";"75116";"2";"7";"1";"3";"PLACE VICTOR HUGO";"48,86953200";"2,28504400"
"202400040667";"24";"10";"2024";"11:44";"1";"22";"22215";"2";"1";"1";"3";"VILLES MOISAN (RUE DES)";"48,49532000";" -2,77578000"
"202400040668";"9";"12";"2024";"13:45";"1";"75";"75110";"2";"1";"1";"3";"RUE DU FAUBOURG SAINT MARTIN";"48,88309400";"2,36760800"
"202400040669";"2";"11";"2024";"18:10";"5";"19";"19031";"2";"1";"1";"1";"BUY (PONT DU)";"45,16449462";"1,54075479"
"202400040670";"9";"12";"2024";"18:20";"5";"75";"75109";"2";"2";"2";"3";"RUE LA FAYETTE";"48,87653400";"2,34672300"
"202400040671";"3";"11";"2024";"03:20";"5";"17";"17380";"2";"2";"8";"7";"EGLISE (DE L')";"45,64300000";" -1,08300000"
"202400040672";"2";"11";"2024";"11:50";"1";"14";"14333";"2";"1";"8";"6";"Jetée de l'Est";"49,42128000";"0,23730000"
"202400040673";"9";"12";"2024";"17:40";"5";"94";"94077";"2";"2";"1";"3";"Avenue le Foll";"48,72830000";"2,43438000"
"202400040674";"3";"11";"2024";"14:30";"1";"13";"13043";"2";"1";"1";"3";"GEORGES POMPIDOU (AV )";"43,39238000";"5,20613000"
"202400040675";"8";"12";"2024";"16:15";"1";"94";"94002";"2";"1";"2";"2";"Quai Blanqui";"48,80369856";"2,41269824"
"202400040676";"3";"11";"2024";"13:00";"1";"13";"13056";"2";"1";"1";"2";"KLEBER QUAI JEAN BAPTISTE";"43,40587094";"5,05624795"
"202400040677";"3";"11";"2024";"16:10";"1";"13";"13209";"2";"1";"1";"2";"MARÉCHAL DE LATTRE (AVENUE)";"43,24613016";"5,41782592"
"202400040678";"8";"12";"2024";"15:00";"1";"93";"93070";"2";"1";"2";"3";"MICHELET (AVE) : DU 1 AU 103";"48,90510340";"2,34418336"
"202400040679";"3";"11";"2024";"10:45";"1";"13";"13211";"2";"1";"1";"2";"PEINTRES ROUX (avenue)";"43,30162637";"5,47563765"
"202400040680";"9";"12";"2024";"18:15";"5";"93";"93066";"2";"1";"2";"2";"DE PRESSENSE FRANCIS";"48,92063900";"2,36380400"
"202400040681";"29";"10";"2024";"10:00";"1";"13";"13214";"2";"1";"1";"2";"ALEX ANSALDI (RUE)";"43,33382370";"5,40235124"
"202400040682";"9";"12";"2024";"17:45";"5";"93";"93050";"2";"1";"2";"6";"LEON BLUM (AVENUE)";"48,86751000";"2,53297000"
"202400040683";"3";"11";"2024";"14:15";"1";"13";"13001";"1";"1";"1";"6";"PUYRICARD (RTE)";"43,56771000";"5,42636000"
"202400040684";"9";"12";"2024";"18:00";"5";"93";"93048";"2";"2";"2";"3";"CHANZY (BOULEVARD)";"48,85865000";"2,42940000"
"202400040685";"3";"11";"2024";"16:45";"1";"11";"11262";"2";"9";"1";"3";"25 Avenue Elie Sermet";"43,18682000";"3,01150000"
"202400040686";"9";"12";"2024";"17:30";"5";"93";"93064";"2";"1";"2";"6";"QUATRIEME ZOUAVES (RUE DU)";"48,87273279";"2,47742738"
"202400040687";"23";"10";"2024";"16:35";"1";"11";"11262";"2";"6";"1";"6";"27 Avenue des Pyrenees";"43,18350000";"2,99782000"
"202400040688";"9";"12";"2024";"12:20";"1";"93";"93064";"2";"2";"1";"6";"ROSNY (RUE DE)";"48,87119000";"2,47081000"
"202400040689";"3";"11";"2024";"16:45";"5";"75";"75116";"2";"1";"1";"2";"BOULEVARD PERIPHERIQUE EXTERIEUR OUEST";"48,87133800";"2,27312200"
"202400040690";"9";"12";"2024";"15:15";"1";"93";"93029";"2";"6";"8";"3";"SAINT-STENAY";"48,91979000";"2,42194000"
"202400040691";"3";"11";"2024";"15:35";"1";"75";"75119";"2";"1";"1";"6";"RUE DE L AISNE";"48,89060500";"2,38271000"
"202400040692";"9";"12";"2024";"08:15";"2";"93";"93027";"2";"1";"2";"6";"VAILLANT-COUTURIER (AVENUE PAUL)";"48,92444212";"2,41476345"
"202400040693";"3";"11";"2024";"13:00";"1";"75";"75119";"2";"2";"1";"3";"BOULEVARD DE LA VILLETTE";"48,88430000";"2,36756900"
"202400040694";"9";"12";"2024";"18:00";"5";"93";"93010";"2";"3";"2";"6";"VAILLANT (RUE EDOUARD) 1 A 25";"48,89662000";"2,47716000"
"202400040695";"3";"11";"2024";"12:05";"1";"75";"75118";"2";"1";"8";"2";"BOULEVARD NEY";"48,89775100";"2,32979100"
"202400040696";"9";"12";"2024";"16:19";"2";"93";"93005";"2";"7";"2";"6";"ANDRE CITROEN (BOULEVARD)";"48,95828479";"2,48516321"
"202400040697";"3";"11";"2024";"04:30";"5";"75";"75118";"2";"2";"1";"6";"BOULEVARD NEY";"48,89773100";"2,33749600"
"202400040698";"9";"12";"2024";"18:45";"5";"92";"92036";"2";"9";"2";"6";"LUCIEN LANTERNIER (AVENUE) (19/65)";"48,93243658";"2,29143530"
"202400040699";"2";"11";"2024";"05:10";"5";"75";"75114";"2";"1";"1";"6";"RUE DU DEPART";"48,84141800";"2,32203700"
"202400040700";"2";"11";"2024";"08:50";"1";"75";"75109";"2";"4";"1";"6";"RUE DE MAUBEUGE";"48,87685800";"2,34190600"
"202400040701";"9";"12";"2024";"21:03";"3";"92";"92012";"2";"3";"1";"3";"GENERAL LECLERC (AVENUE DU) 1/33 - 2/58";"48,83264127";"2,24020556"
"202400040702";"2";"11";"2024";"23:20";"5";"94";"94038";"2";"1";"1";"3";"52 Bd Paul Vaillant Couturier";"48,78094731";"2,34114527"
"202400040703";"9";"12";"2024";"10:25";"1";"92";"92012";"2";"2";"8";"3";"GALLIENI (RUE) 159/FIN";"48,83614644";"2,23662570"
"202400040704";"3";"11";"2024";"19:35";"3";"93";"93073";"1";"1";"1";"7";"CHAPIT RE ( RUE DU)";"48,98710000";"2,54495000"
"202400040705";"9";"12";"2024";"17:10";"3";"09";"09164";"1";"1";"3";"6";"D117 PK 075.000";"42,99582000";"1,25040600"
"202400040706";"3";"11";"2024";"16:00";"1";"93";"93070";"2";"1";"1";"3";"DOCTEUR BAUER(RUE DU) :N° 1 AU 73";"48,91076000";"2,33750000"
"202400040707";"10";"12";"2024";"11:15";"1";"60";"60646";"1";"1";"8";"2";"D901";"49,47663000";"2,06882000"
"202400040708";"3";"11";"2024";"17:40";"5";"93";"93066";"2";"1";"1";"3";"VOLTAIRE";"48,93466086";"2,37739563"
"202400040709";"8";"12";"2024";"10:40";"1";"06";"06161";"1";"1";"1";"7";"2841 Route de Grasse";"43,65735500";"7,09024800"
"202400040710";"3";"11";"2024";"10:10";"1";"93";"93031";"2";"3";"1";"1";"DE LATTRE DE TASSIGNY (1 A 51)";"48,95506527";"2,31219829"
"202400040711";"3";"11";"2024";"08:20";"1";"92";"92051";"2";"1";"1";"6";"CHARLES DE GAULLE (AVENUE, N°27 A 129)";"48,87915627";"2,27762416"
"202400040712";"2";"11";"2024";"21:50";"5";"92";"92040";"2";"1";"1";"6";"GENERAL LECLERC";"48,82677651";"2,27894694"
"202400040713";"3";"11";"2024";"22:00";"5";"92";"92024";"2";"6";"1";"6";"GENERAL LECLERC (BD DU) (9 A 59)   (4 A";"48,90295192";"2,31326848"
"202400040714";"3";"11";"2024";"07:30";"2";"92";"92024";"2";"2";"1";"3";"GENERAL LECLERC (BD DU) (9 A 59)   (4 A";"48,90209756";"2,31425283"
"202400040715";"9";"11";"2024";"17:35";"2";"72";"72231";"1";"1";"2";"1";"la ceverie";"47,90732400";"0,39422000"
"202400040716";"3";"11";"2024";"06:45";"5";"35";"35236";"2";"2";"8";"6";"Rue Jacques Cartier";"47,64722700";" -2,09447800"
"202400040717";"10";"12";"2024";"16:02";"1";"51";"51568";"1";"1";"8";"1";"D944";"49,32143800";"3,97329200"
"202400040718";"4";"11";"2024";"07:00";"2";"47";"47048";"1";"1";"1";"1";"Lamandigue";"44,55479800";"0,62661200"
"202400040719";"10";"12";"2024";"07:45";"3";"51";"51597";"1";"3";"1";"5";"D3";"49,05693200";"3,89154200"
"202400040720";"2";"11";"2024";"19:50";"3";"972";"97207";"1";"1";"1";"6";"D5";"14,57115400";" -60,95990300"
"202400040721";"10";"12";"2024";"13:30";"1";"56";"56040";"2";"6";"1";"7";"Rue Anne de Bretagne";"47,85575400";" -3,37773800"
"202400040722";"3";"11";"2024";"17:10";"1";"972";"97210";"1";"3";"1";"1";"N6";"14,58277400";" -60,87003000"
"202400040723";"4";"11";"2024";"01:50";"3";"86";"86223";"1";"1";"1";"6";"D5";"46,58074900";"0,87968600"
"202400040724";"9";"12";"2024";"18:45";"3";"56";"56185";"1";"1";"1";"4";"le Vieux Moulin";"47,77173800";" -3,38589200"
"202400040725";"10";"12";"2024";"18:00";"5";"56";"56240";"2";"1";"1";"6";"Rue Adrien Regent";"47,52757900";" -2,76504600"