"Num_Acc";"jour";"mois";"an";"hrmn";"lum";"dep";"com";"agg";"int";"atm";"col";"adr";"lat";"long"
"202400040726";"10";"12";"2024";"07:40";"2";"77";"77109";"1";"1";"1";"7";"Départementale 75";"48,60580100";"3,18099300"
"202400040727";"4";"11";"2024";"14:20";"1";"50";"50535";"1";"1";"5";"6";"A84";"48,72645914";" -1,30353060"
"202400040728";"2";"11";"2024";"14:42";"1";"62";"62036";"1";"1";"1";"6";"D94";"50,44830713";"2,23735632"
"202400040729";"10";"12";"2024";"18:00";"3";"76";"76367";"1";"1";"2";"6";"Route des longs Vallons";"49,49821400";"1,07158600"
"202400040730";"9";"12";"2024";"19:20";"3";"65";"65373";"1";"1";"3";"6";"Route des Pyrenees";"43,30097800";"0,45425900"
"202400040731";"3";"11";"2024";"17:15";"1";"35";"35024";"1";"1";"1";"1";"Bel Air";"48,16109278";" -1,64692193"
"202400040732";"3";"11";"2024";"02:15";"4";"56";"56165";"2";"6";"1";"6";"Bd Yves Carof";"47,92872600";" -2,38274600"
"202400040733";"14";"11";"2024";"18:00";"3";"11";"11049";"2";"1";"1";"1";"N/A";"43,24040400";"2,09670400"
"202400040734";"3";"11";"2024";"06:40";"3";"56";"56148";"1";"1";"1";"6";"Lieu Dit Kerguinio";"47,76696500";" -3,17518800"
"202400040735";"9";"12";"2024";"19:27";"3";"71";"71490";"1";"1";"1";"2";"N70";"46,51664600";"4,16332500"
"202400040736";"3";"11";"2024";"17:05";"1";"56";"56008";"1";"1";"1";"7";"Kerihhuel";"47,62088400";" -2,94789000"
"202400040737";"9";"12";"2024";"20:20";"3";"49";"49029";"1";"2";"2";"1";"D751";"47,37384700";" -0,37005900"
"202400040738";"9";"12";"2024";"15:10";"1";"22";"22241";"1";"1";"2";"3";"Porcollois";"48,12705300";" -2,62648300"
"202400040739";"4";"11";"2024";"08:40";"2";"76";"76199";"1";"3";"5";"3";"Le Vergenet";"49,69357312";"1,67384505"
"202400040740";"10";"12";"2024";"06:50";"3";"35";"35027";"1";"1";"1";"3";"La Cloture";"48,17352458";" -2,05194890"
"202400040741";"3";"11";"2024";"12:00";"1";"80";"80815";"1";"1";"1";"1";"D1001";"50,32568800";"1,74988600"
"202400040742";"9";"12";"2024";"08:00";"2";"29";"29293";"2";"1";"8";"6";"Route de Lambell";"47,85593000";" -3,87686200"
"202400040743";"3";"11";"2024";"19:50";"3";"61";"61440";"1";"1";"5";"6";"24 Lieu Dit Blondeliere";"48,73091700";"0,62519000"
"202400040744";"9";"12";"2024";"15:00";"1";"29";"29279";"1";"1";"3";"6";"D58";"48,61621138";" -3,89394617"
"202400040745";"4";"11";"2024";"18:00";"2";"42";"42181";"2";"9";"1";"6";"Route de Lyon";"45,99155800";"4,22409300"
"202400040746";"9";"12";"2024";"17:45";"5";"31";"31246";"2";"2";"2";"3";"Chemin la Lanne";"43,11668300";"0,82830100"
"202400040747";"2";"11";"2024";"16:39";"1";"42";"42289";"1";"4";"5";"3";"Route de Lyon";"45,94279400";"4,26308200"
"202400040748";"16";"11";"2024";"02:35";"3";"02";"02086";"1";"1";"1";"6";"D56";"49,57497000";"3,21181700"
"202400040749";"28";"10";"2024";"16:20";"1";"42";"42249";"2";"4";"7";"1";"Avenue de Bellevue";"45,89212100";"4,23589500"
"202400040750";"9";"12";"2024";"12:05";"1";"84";"84089";"1";"1";"1";"7";"Route de la Bonde";"43,71983100";"5,50419300"
"202400040751";"4";"11";"2024";"08:20";"1";"34";"34142";"2";"1";"1";"6";"Avenue Joseph Vallot";"43,73215100";"3,31146900"
"202400040752";"9";"12";"2024";"12:45";"1";"26";"26304";"1";"1";"1";"7";"Chemin du vignal";"44,43540400";"5,23879400"
"202400040753";"22";"10";"2024";"11:40";"1";"22";"22158";"1";"1";"5";"2";"N164";"48,21203400";" -2,98469800"
"202400040754";"9";"12";"2024";"17:55";"5";"06";"06079";"2";"1";"1";"2";"145 boulevard de la libération";"43,56593300";"6,94155700"
"202400040755";"4";"11";"2024";"15:57";"1";"38";"38027";"1";"1";"1";"2";"Route de la Gache";"45,42966200";"5,98447900"
"202400040756";"9";"12";"2024";"16:45";"1";"14";"14326";"2";"1";"8";"2";"Route de Cormeilles";"49,15285400";"0,26410600"
"202400040757";"2";"11";"2024";"17:00";"2";"15";"15215";"1";"1";"1";"6";"Chemin des Melicomps";"44,97964000";"2,51005400"
"202400040758";"4";"11";"2024";"14:45";"1";"01";"01113";"2";"1";"1";"6";"D26";"46,16233300";"5,07799000"
"202400040759";"10";"12";"2024";"16:10";"1";"50";"50562";"1";"1";"6";"6";"La Bijude";"49,60397300";" -1,25939900"
"202400040760";"3";"11";"2024";"12:15";"1";"66";"66148";"1";"1";"1";"6";"Paulilles RD 914";"42,50339600";"3,12136700"
"202400040761";"10";"12";"2024";"14:00";"1";"16";"16404";"1";"9";"1";"3";"La Grande Petoulle";"46,02965448";"0,38364037"
"202400040762";"3";"11";"2024";"16:55";"2";"50";"50030";"2";"1";"1";"3";"Rue Alfred Rossel";"49,66925300";" -1,26345500"
"202400040763";"3";"11";"2024";"14:50";"1";"90";"90052";"2";"1";"1";"7";"Faubourg de France";"47,74084400";"6,81593600"
"202400040764";"9";"12";"2024";"18:25";"3";"53";"53096";"1";"1";"1";"1";"La Petite Grange";"48,29958542";" -0,96092190"
"202400040765";"1";"11";"2024";"15:14";"1";"43";"43051";"1";"1";"1";"3";"Route de la Suchère";"45,03737558";"4,29564103"
"202400040766";"7";"12";"2024";"10:40";"1";"40";"40264";"1";"1";"2";"1";"Route de Houndouban";"43,59916278";" -1,27156697"
"202400040767";"4";"11";"2024";"15:10";"1";"07";"07329";"1";"1";"1";"7";"Route de Saint-Martin";"44,59041455";"4,11943960"
"202400040768";"7";"12";"2024";"14:15";"1";"85";"85026";"1";"1";"1";"6";"D12";"46,55759000";" -1,44297000"
"202400040769";"4";"11";"2024";"08:20";"1";"07";"07343";"1";"3";"5";"3";"D104";"44,53751800";"4,34656300"
"202400040770";"8";"12";"2024";"19:38";"3";"23";"23037";"1";"1";"2";"6";"N/A";"46,01370100";"2,43867800"
"202400040771";"3";"11";"2024";"10:45";"1";"40";"40022";"1";"2";"1";"5";"pk 0 D451";"43,66977300";" -0,33192900"
"202400040772";"9";"12";"2024";"15:56";"1";"52";"52332";"1";"1";"8";"6";"Avenue de Haute Meuse";"48,00586000";"5,48598600"
"202400040773";"3";"11";"2024";"16:05";"1";"17";"17008";"1";"1";"1";"7";"Route départementale 112";"46,24186100";" -1,01402500"
"202400040774";"10";"12";"2024";"07:18";"1";"13";"13051";"1";"1";"1";"5";"D10";"43,54756800";"5,15827400"
"202400040775";"4";"11";"2024";"06:35";"1";"37";"37061";"1";"2";"5";"3";"D41";"46,87777832";"0,95276427"
"202400040776";"10";"12";"2024";"08:15";"1";"06";"06085";"2";"1";"1";"4";"2053 Route de la Roquette";"43,60173700";"6,95877100"
"202400040777";"2";"11";"2024";"17:10";"1";"987";"98734";"2";"2";"1";"3";"RT1, PK 38+200";" -17,76308300";" -149,49992900"
"202400040778";"4";"11";"2024";"06:02";"1";"974";"97418";"1";"2";"1";"1";"gare routière DUPARC, sortie 1";" -20,89799500";"55,52095900"
"202400040779";"9";"12";"2024";"13:50";"1";"27";"27091";"1";"1";"1";"1";"A13";"49,36154200";"0,85984000"
"202400040780";"3";"11";"2024";"23:57";"5";"06";"06152";"2";"6";"1";"6";"20 Route des Dolines";"43,61780700";"7,03769000"
"202400040781";"9";"12";"2024";"07:55";"1";"76";"76484";"1";"1";"1";"4";"D18E BRETELLE";"49,34075900";"1,07340700"
"202400040782";"24";"10";"2024";"02:00";"3";"01";"01276";"1";"1";"1";"2";"A432";"45,81224500";"5,05868900"
"202400040783";"7";"12";"2024";"20:30";"4";"973";"97357";"2";"1";"1";"7";"Gaan Siton";"4,28068000";" -54,38701300"
"202400040784";"9";"12";"2024";"23:20";"3";"971";"97107";"1";"1";"2";"5";"N1";"16,09217600";" -61,56404100"
"202400040785";"4";"11";"2024";"12:51";"1";"38";"38401";"1";"1";"1";"7";"A43, Pk 47,5";"45,56061192";"5,41921280"
"202400040786";"3";"12";"2024";"12:00";"1";"28";"28247";"2";"3";"2";"6";"N/A";"48,89607000";"1,53699700"
"202400040787";"4";"11";"2024";"16:45";"1";"78";"78349";"1";"1";"1";"2";"A10, PK019+000, Direction Province";"48,57095600";"1,99368600"
"202400040788";"10";"12";"2024";"07:15";"3";"95";"95308";"1";"1";"2";"1";"D927";"49,11647064";"2,12501600"
"202400040789";"3";"11";"2024";"16:50";"1";"976";"97608";"2";"1";"1";"1";"31 Rue du Commerce";" -12,78904100";"45,27360100"
"202400040790";"9";"12";"2024";"07:00";"3";"34";"34128";"1";"1";"1";"6";"RD 986";"43,91653700";"3,72779800"
"202400040791";"27";"11";"2024";"11:30";"1";"70";"70205";"1";"1";"1";"6";"d16";"47,64948700";"6,72859000"
"202400040792";"2";"11";"2024";"07:45";"1";"77";"77474";"1";"3";"1";"6";"Route nationale 3";"48,95771400";"2,80183600"
"202400040793";"2";"11";"2024";"04:00";"3";"66";"66093";"1";"1";"1";"6";"route de laroque des alberes";"42,52928100";"2,94823100"
"202400040794";"10";"12";"2024";"15:05";"1";"89";"89380";"1";"1";"1";"2";"autoroute A6 pk 110.500";"48,05860000";"3,09300000"
"202400040795";"4";"11";"2024";"11:25";"1";"66";"66037";"2";"3";"1";"1";"avenue des arenes";"42,69520000";"3,02520000"
"202400040796";"3";"12";"2024";"18:15";"5";"51";"51250";"2";"2";"2";"3";"Rue du Jeu de Paume";"49,30821100";"3,68693200"
"202400040797";"3";"11";"2024";"17:50";"2";"30";"30156";"1";"1";"1";"1";"chemin";"43,89113500";"4,43651300"
"202400040798";"10";"12";"2024";"08:15";"2";"68";"68063";"1";"1";"1";"2";"D83";"47,79176600";"7,18222600"
"202400040799";"3";"11";"2024";"16:25";"1";"34";"34344";"2";"1";"1";"7";"Avenue Marechal Leclerc";"43,56236500";"4,09546500"
"202400040800";"2";"11";"2024";"07:40";"2";"13";"13004";"1";"1";"1";"7";"Route de Faraman";"43,40518800";"4,71567700"
"202400040801";"3";"11";"2024";"15:55";"1";"13";"13027";"2";"1";"7";"3";"Boulevard Ernest Genevet";"43,88767900";"4,85056000"
"202400040802";"3";"11";"2024";"19:35";"3";"70";"70248";"1";"1";"1";"6";"35 Rue de Chenebier";"47,64184900";"6,72886800"
"202400040803";"28";"10";"2024";"15:25";"1";"67";"67458";"2";"1";"1";"7";"Rue du Moulin";"48,82308400";"7,73307700"
"202400040804";"2";"11";"2024";"10:30";"1";"26";"26313";"1";"2";"5";"6";"RD 171";"44,95713548";"4,95970488"
"202400040805";"1";"11";"2024";"14:15";"1";"01";"01012";"1";"1";"1";"1";"D102";"45,99678300";"5,50968600"
"202400040806";"1";"11";"2024";"20:25";"3";"09";"09049";"1";"1";"1";"6";"D17";"42,96379700";"1,54972700"
"202400040807";"3";"11";"2024";"12:30";"1";"14";"14762";"1";"1";"1";"6";"Lieu dit La Mauduitière";"48,86687400";" -0,92929700"
"202400040808";"3";"11";"2024";"20:05";"3";"13";"13211";"1";"1";"1";"2";"A50-Sens Aubagne vers Marseille";"43,28973000";"5,44463000"
"202400040809";"29";"10";"2024";"16:04";"1";"13";"13211";"1";"1";"1";"2";"Sens Aubagne vers Marseille";"43,29413128";"5,47032278"
"202400040810";"1";"11";"2024";"17:00";"1";"13";"13106";"1";"1";"1";"4";"A7-Sens Lyon vers Marseille";"43,38827000";"5,35106000"
"202400040811";"3";"11";"2024";"19:00";"3";"91";"91689";"1";"1";"1";"4";"AUTOROUTE A6";"48,73348356";"2,31584609"
"202400040812";"3";"11";"2024";"15:00";"1";"94";"94021";"1";"1";"1";"2";"A6B";"48,77137155";"2,34509948"
"202400040813";"3";"11";"2024";"19:05";"3";"78";"78362";"1";"1";"1";"2";"A13";"48,97974000";"1,70159000"
"202400040814";"2";"11";"2024";"20:10";"3";"78";"78133";"1";"1";"1";"4";"A13";"48,89348900";"2,00820700"
"202400040815";"2";"11";"2024";"19:47";"3";"78";"78640";"1";"1";"1";"2";"N118";"48,77365000";"2,22415000"
"202400040816";"3";"11";"2024";"03:00";"3";"95";"95277";"1";"1";"1";"3";"A104";"48,97279000";"2,48704000"
"202400040817";"3";"11";"2024";"02:05";"3";"77";"77121";"1";"1";"1";"6";"A4";"48,83196795";"2,67291140"
"202400040818";"2";"11";"2024";"07:29";"1";"94";"94065";"1";"1";"1";"2";"A86";"48,75366309";"2,35712757"
"202400040819";"9";"05";"2024";"22:50";"5";"73";"73011";"2";"1";"1";"7";"CHASSEURS ALPINS (AV.)C. VILLE VERS AV.J";"45,66717000";"6,39002000"
"202400040820";"14";"01";"2024";"02:15";"3";"73";"73181";"1";"1";"1";"6";"N90";"45,48471282";"6,54258549"
"202400040821";"22";"10";"2024";"16:50";"2";"44";"44109";"2";"1";"1";"1";"264 Avenue du Séquoia";"47,25421183";" -1,54446744"
"202400040822";"22";"10";"2024";"16:35";"2";"44";"44109";"2";"1";"1";"6";"5 Rue de Strasbourg";"47,21558683";" -1,55083587"
"202400040823";"19";"10";"2024";"13:50";"1";"44";"44143";"2";"1";"1";"6";"29 Avenue de la Libération";"47,19205860";" -1,54758202"
"202400040824";"9";"07";"2024";"14:45";"1";"62";"62040";"1";"9";"2";"2";"D942";"50,71525300";"2,31275700"
"202400040825";"26";"06";"2024";"19:15";"1";"62";"62758";"2";"2";"1";"3";"D96";"50,72254767";"1,63674901"
"202400040826";"18";"10";"2024";"01:00";"5";"44";"44162";"2";"6";"1";"6";"Rond Point de la Porte d'Armor";"47,22497547";" -1,62117072"
"202400040827";"11";"01";"2024";"16:00";"1";"76";"76351";"1";"1";"1";"2";"RD 6382";"49,52460000";"0,17339000"
"202400040828";"12";"01";"2024";"18:00";"5";"72";"72181";"2";"1";"1";"6";"FRESNAYE ROGER DE LA (RUE)";"47,97499000";"0,21750000"
"202400040829";"11";"01";"2024";"11:40";"1";"71";"71270";"2";"6";"1";"6";"Carrefour Europe - Av Edouard Herriot";"46,29920346";"4,82762486"
"202400040830";"12";"01";"2024";"07:30";"5";"69";"69290";"2";"1";"8";"6";"Rue Jules Ferry";"45,69431000";"4,94644000"
"202400040831";"12";"01";"2024";"15:45";"1";"66";"66136";"1";"1";"1";"4";"N/A";"42,70695000";"2,88248000"
"202400040832";"11";"01";"2024";"07:55";"1";"66";"66136";"1";"1";"2";"2";"N/A";"42,66618000";"2,90136000"
"202400040833";"12";"01";"2024";"13:50";"1";"64";"64445";"2";"2";"1";"3";"GASTON LACOSTE";"43,29426000";" -0,35887000"
"202400040834";"12";"01";"2024";"07:55";"2";"64";"64269";"1";"1";"8";"4";"D938";"43,28552000";" -0,32388000"
"202400040835";"13";"01";"2024";"23:35";"5";"64";"64102";"2";"1";"5";"7";"DARRIGRAND (AVENUE JEAN)";"43,48080000";" -1,48840000"
"202400040836";"12";"01";"2024";"05:50";"5";"59";"59650";"2";"2";"9";"3";"Rue des Patriotes";"50,70474000";"3,19940000"
"202400040837";"10";"01";"2024";"14:05";"1";"58";"58194";"2";"1";"1";"7";"SAULAIES (ROUTE)";"46,96791000";"3,12501000"
"202400040838";"12";"01";"2024";"15:50";"1";"51";"51454";"2";"2";"8";"6";"JUIN (AVENUE DU MARECHAL)";"49,22399000";"4,01793000"
"202400040839";"12";"01";"2024";"15:50";"1";"49";"49007";"2";"1";"1";"3";"BIRGE BOULEVARD";"47,47759000";" -0,52065000"
"202400040840";"11";"01";"2024";"19:00";"5";"49";"49015";"1";"1";"1";"2";"MEIGNANNE ROUTE DE LA";"47,50344000";" -0,63251000"
"202400040841";"11";"01";"2024";"19:00";"5";"49";"49007";"2";"5";"1";"3";"PRE PIGEON";"47,47819000";" -0,54363000"
"202400040842";"12";"01";"2024";"05:35";"5";"45";"45234";"2";"3";"1";"3";"D2020 PR 36 + 8200";"47,87941000";"1,90874000"
"202400040843";"12";"01";"2024";"16:10";"1";"44";"44109";"2";"2";"1";"6";"24 Rue Racine";"47,21440634";" -1,56546708"
"202400040844";"12";"01";"2024";"13:50";"1";"37";"37261";"2";"1";"1";"3";"DE GAULLE (AVENUE DU GENERAL)";"47,38068000";"0,69876000"
"202400040845";"12";"01";"2024";"07:35";"5";"37";"37261";"2";"1";"1";"2";"GANCE (BOULEVARD ABEL)";"47,42690000";"0,70979000"
"202400040846";"9";"01";"2024";"18:20";"5";"35";"35238";"2";"2";"1";"6";"JANVIER (AVENUE JEAN)";"48,10988000";" -1,67420000"
"202400040847";"12";"01";"2024";"08:35";"1";"34";"34301";"2";"1";"1";"3";"BLANC CAMILLE (BOULEVARD)";"43,40555000";"3,66371000"
"202400040848";"12";"01";"2024";"19:30";"5";"33";"33039";"2";"3";"1";"3";"N/A";"44,81926000";" -0,53856000"
"202400040849";"12";"01";"2024";"08:20";"1";"33";"33167";"2";"1";"8";"6";"N/A";"44,82520000";" -0,53368000"
"202400040850";"10";"01";"2024";"16:46";"1";"33";"33281";"2";"1";"2";"1";"Rue de Beaudesert";"44,84289000";" -0,69290000"
"202400040851";"12";"01";"2024";"16:40";"1";"31";"31555";"1";"1";"8";"5";"VA007379 BAYLAC  A624 Sortie 1";"43,60503000";"1,39734000"
"202400040852";"12";"01";"2024";"11:00";"1";"30";"30007";"2";"1";"1";"7";"AVEJAN (RUE D')";"44,12389000";"4,07957000"
"202400040853";"12";"01";"2024";"23:25";"5";"29";"29019";"2";"6";"1";"6";"N/A";"48,41513015";" -4,47982818"
"202400040854";"12";"01";"2024";"07:50";"5";"29";"29019";"2";"6";"1";"3";"rue Anatole France";"48,38152300";" -4,52740600"
"202400040855";"12";"01";"2024";"07:50";"5";"29";"29019";"2";"1";"1";"6";"avenue Maréchal Foch";"48,39434700";" -4,48803000"
"202400040856";"11";"01";"2024";"20:00";"5";"29";"29019";"2";"2";"1";"6";"rue de la Villeneuve";"48,40908400";" -4,46810100"
"202400040857";"11";"01";"2024";"19:00";"5";"29";"29019";"2";"3";"1";"3";"PLYMOUTH (ENTRE POINT DU JOUR ET 19 MARS";"48,38750000";" -4,52267000"
"202400040858";"12";"01";"2024";"05:55";"5";"27";"27562";"2";"1";"1";"3";"PRES (RUE DES)";"49,10469000";"1,45572000"
"202400040859";"12";"01";"2024";"12:45";"1";"27";"27229";"2";"1";"1";"3";"BRIAND (AVENUE ARISTIDE)";"49,01615000";"1,12213000"
"202400040860";"12";"01";"2024";"10:20";"1";"26";"26198";"2";"1";"1";"1";"Avenue du Marechal Juin";"44,55979000";"4,76015000"
"202400040861";"12";"01";"2024";"22:50";"3";"25";"25056";"2";"1";"1";"6";"RN 1057 (CH. EPITAPHE-CH. MONTBOUCONS)";"47,25430000";"5,99153700"
"202400040862";"12";"01";"2024";"01:10";"4";"23";"23096";"2";"1";"1";"6";"LEROUX (AVENUE PIERRE)";"46,17282000";"1,88126000"
"202400040863";"10";"01";"2024";"16:05";"1";"19";"19031";"2";"1";"4";"2";"Avenue Jean Charles Rivet";"45,15101000";"1,49983000"
"202400040864";"12";"01";"2024";"18:50";"3";"17";"17380";"2";"3";"8";"3";"VIOLETTES (DES)";"45,66260000";" -1,06301000"
"202400040865";"12";"01";"2024";"13:00";"1";"13";"13215";"2";"1";"1";"5";"LITTORAL (CHEMIN DU)";"43,34328000";"5,34767000"
"202400040866";"12";"01";"2024";"08:05";"1";"13";"13005";"2";"1";"8";"3";"CAMP DE SARLIER ROUTE DE GEMENOS";"43,29788000";"5,58964000"
"202400040867";"13";"01";"2024";"01:40";"3";"11";"11069";"2";"1";"1";"6";"N/A";"43,23784000";"2,37318000"
"202400040868";"12";"01";"2024";"14:45";"1";"11";"11069";"2";"1";"1";"6";"N/A";"43,22647000";"2,33947000"
"202400040869";"12";"01";"2024";"09:42";"1";"10";"10387";"2";"6";"1";"3";"ST DOMINIQUE (MAIL)";"48,29474000";"4,08247000"
"202400040870";"11";"01";"2024";"09:59";"1";"10";"10343";"2";"2";"7";"3";"boulevard de Dijon";"48,27510000";"4,08400000"
"202400040871";"11";"01";"2024";"00:35";"5";"75";"75118";"2";"1";"1";"2";"BD PERIPHERIQUE INTERIEUR";"48,90072800";"2,36296900"
"202400040872";"12";"01";"2024";"17:00";"2";"75";"75119";"2";"2";"1";"3";"RUE DE LA HAIE COQ";"48,90115000";"2,37192200"
"202400040873";"12";"01";"2024";"09:30";"1";"75";"75117";"2";"3";"1";"6";"RUE GALVANI";"48,88399000";"2,29088100"
"202400040874";"12";"01";"2024";"07:00";"5";"75";"75117";"2";"3";"1";"3";"AVENUE DE LA PORTE DE CHAMPERRET";"48,88607000";"2,28791800"
"202400040875";"12";"01";"2024";"07:30";"5";"75";"75112";"2";"3";"1";"7";"PONT DE TOLBIAC";"48,83348400";"2,38207100"
"202400040876";"12";"01";"2024";"03:45";"5";"75";"75112";"2";"2";"1";"6";"AVENUE LEDRU ROLLIN";"48,84586900";"2,36765700"
"202400040877";"12";"01";"2024";"10:45";"1";"75";"75110";"2";"3";"8";"6";"BOULEVARD SAINT MARTIN";"48,86895800";"2,35600800"
"202400040878";"11";"01";"2024";"20:12";"5";"75";"75110";"2";"2";"1";"6";"BOULEVARD DE MAGENTA";"48,87317747";"2,35883528"
"202400040879";"12";"01";"2024";"19:20";"5";"75";"75108";"2";"3";"1";"3";"BOULEVARD MALESHERBES";"48,87565500";"2,31880600"
"202400040880";"12";"01";"2024";"01:12";"5";"75";"75114";"2";"3";"8";"3";"RUE VERCINGETORIX";"48,82913200";"2,30645100"
"202400040881";"12";"01";"2024";"16:33";"1";"94";"94078";"2";"1";"1";"6";"11 Rue de Crosne";"48,72437400";"2,44715400"
"202400040882";"12";"01";"2024";"09:05";"1";"94";"94022";"2";"3";"8";"6";"Boulevard de Stalingrad / Bretelle A86";"48,77285264";"2,40026861"
"202400040883";"11";"01";"2024";"14:50";"1";"94";"94079";"2";"9";"1";"3";"Boulevard de Friedberg / Boulevard Jean Monnet";"48,83502300";"2,54719400"
"202400040884";"12";"01";"2024";"16:30";"2";"93";"93039";"2";"2";"1";"3";"Rue Méchin / Rue du Bocage";"48,93568921";"2,33898076"
"202400040885";"12";"01";"2024";"09:00";"1";"93";"93050";"2";"3";"1";"6";"Avenue Jean Jaurès / Avenue Jean Stéphan";"48,86490500";"2,55557300"
"202400040886";"12";"01";"2024";"22:25";"5";"93";"93048";"2";"2";"1";"3";"Rue de Rosny / Avenue Walwein";"48,86183000";"2,44656000"
"202400040887";"12";"01";"2024";"14:11";"1";"93";"93079";"2";"9";"1";"3";"Avenue de la Division Leclerc";"48,95201760";"2,34326228"
"202400040888";"12";"01";"2024";"08:00";"5";"93";"93031";"2";"1";"1";"6";"Avenue de la République";"48,94901600";"2,33293400"
"202400040889";"12";"01";"2024";"11:26";"1";"93";"93014";"2";"1";"1";"1";"Allée Jules Vallès";"48,91350000";"2,55402000"
"202400040890";"10";"01";"2024";"23:24";"5";"92";"92072";"2";"9";"1";"3";"MANUFACTURE NATIONALE (PLACE DE LA)";"48,82918000";"2,22411000"
"202400040891";"11";"01";"2024";"21:35";"5";"92";"92063";"2";"1";"1";"7";"BONS RAISINS (RUE DES)";"48,87306957";"2,19316862"
"202400040892";"12";"01";"2024";"16:45";"1";"92";"92062";"2";"2";"8";"6";"GENERAL DE GAULLE (AV) DU 44 AU 106";"48,88767538";"2,23282331"
"202400040893";"12";"01";"2024";"07:50";"5";"92";"92051";"2";"2";"1";"3";"PERRONET (RUE, N° 93 A 149 ET 112 A 182)";"48,89055746";"2,26508188"
"202400040894";"12";"01";"2024";"15:20";"1";"92";"92036";"2";"1";"1";"2";"GRESILLONS (AVENUE DES) (47/101)";"48,91564000";"2,30301000"
"202400040895";"12";"01";"2024";"18:20";"5";"92";"92025";"2";"7";"1";"6";"GARE CENTRALE";"48,92362059";"2,25974500"
"202400040896";"11";"01";"2024";"21:25";"5";"92";"92024";"2";"1";"1";"6";"CLICHY (QUAI DE) DE (8 A 60)";"48,90313044";"2,28921399"
"202400040897";"12";"01";"2024";"15:45";"1";"92";"92007";"2";"1";"8";"6";"PETIT (AVENUE ALBERT) N° 28 A FIN";"48,79595000";"2,31798000"
"202400040898";"12";"01";"2024";"09:51";"1";"39";"39232";"1";"1";"1";"1";"N/A";"46,62697600";"5,95284600"
"202400040899";"13";"01";"2024";"16:00";"1";"26";"26334";"1";"1";"1";"3";"D179 - chemin des dames";"44,55535600";"4,96273000"
"202400040900";"13";"01";"2024";"18:05";"5";"86";"86174";"1";"6";"8";"3";"D161";"46,78101900";"0,53039100"
"202400040901";"4";"04";"2024";"15:15";"1";"67";"67043";"2";"3";"2";"3";"PERIGUEUX (AVENUE DE)";"48,61404000";"7,75128000"
"202400040902";"13";"01";"2024";"11:45";"1";"41";"41167";"1";"9";"8";"3";"D1";"47,50569600";"1,14289400"
"202400040903";"13";"01";"2024";"11:50";"1";"28";"28073";"1";"1";"5";"6";"autoroute A11 PK 045+000";"48,48743000";"1,66239000"
"202400040904";"4";"04";"2024";"14:45";"1";"67";"67482";"2";"9";"2";"3";"PLAINE DES BOUCHERS (RUE DE LA)";"48,56900000";"7,73900000"
"202400040905";"13";"01";"2024";"08:25";"2";"86";"86165";"2";"1";"8";"1";"Route de Lussac";"46,41762300";"0,84621400"
"202400040906";"4";"04";"2024";"17:02";"1";"65";"65440";"2";"1";"1";"6";"Avenue de la Marne";"43,23214401";"0,08704719"
"202400040907";"12";"01";"2024";"12:50";"1";"21";"21652";"1";"1";"1";"2";"Autoroute A6";"47,20682440";"4,62863301"
"202400040908";"11";"01";"2024";"20:15";"5";"62";"62529";"1";"2";"8";"3";"D72";"50,56617576";"2,78256084"
"202400040909";"3";"04";"2024";"17:00";"1";"65";"65286";"2";"3";"1";"3";"Avenue Eugène Duviau";"43,10225000";" -0,03940000"
"202400040910";"13";"01";"2024";"01:20";"5";"971";"97132";"1";"1";"2";"3";"rn1";"15,98731700";" -61,63506600"
"202400040911";"3";"04";"2024";"18:35";"1";"64";"64102";"2";"1";"1";"2";"MAIGNON (ROUTE DE)";"43,47795000";" -1,50454000"
"202400040912";"13";"01";"2024";"15:15";"1";"59";"59653";"1";"1";"1";"1";"Rue Anatole France";"50,58258900";"2,93928300"
"202400040913";"3";"04";"2024";"11:43";"1";"64";"64102";"2";"1";"1";"2";"SOULT (AVENUE MARECHAL)";"43,48576000";" -1,49106000"
"202400040914";"11";"01";"2024";"16:40";"1";"44";"44009";"2";"1";"1";"6";"Rue Kerguélen";"47,18721200";" -1,46803700"
"202400040915";"3";"04";"2024";"08:00";"1";"64";"64024";"2";"1";"1";"3";"LOUILLOT (RUE DE)";"43,48231000";" -1,52064000"
"202400040916";"12";"01";"2024";"03:05";"4";"51";"51030";"1";"1";"1";"7";"Départementale 9";"49,04717200";"4,05528500"
"202400040917";"12";"01";"2024";"09:00";"1";"65";"65299";"1";"1";"1";"1";"D53";"43,33483907";"0,08235702"
"202400040918";"12";"05";"2024";"14:50";"1";"80";"80632";"1";"1";"1";"4";"A29, PK 183.940";"49,87404800";"2,19819800"
"202400040919";"3";"04";"2024";"16:00";"1";"61";"61001";"2";"1";"1";"2";"Place Point du Jour";"48,43512000";"0,10580000"
"202400040920";"11";"01";"2024";"16:40";"1";"42";"42173";"1";"2";"8";"3";"Route des Treyves";"45,84172500";"4,05341900"
"202400040921";"12";"05";"2024";"17:46";"1";"47";"47191";"1";"1";"8";"7";"A62 PK67.000";"44,45172538";"0,09037090"