"Num_Acc";"jour";"mois";"an";"hrmn";"lum";"dep";"com";"agg";"int";"atm";"col";"adr";"lat";"long"
"202400040922";"3";"04";"2024";"16:25";"1";"58";"58194";"2";"3";"2";"6";"GONZAGUE";"46,98649000";"3,15131000"
"202400040923";"12";"05";"2024";"21:20";"3";"13";"13087";"1";"1";"1";"6";"autoroute a8 point kilométrique 033.150";"43,47824200";"5,61131000"
"202400040924";"13";"01";"2024";"18:25";"5";"44";"44146";"2";"1";"1";"1";"10 Rue du Haut Beauvais";"47,78333000";" -1,44849500"
"202400040925";"12";"01";"2024";"21:00";"3";"03";"03019";"1";"1";"1";"6";"Lieu Dit les Communes";"46,59994500";"3,64932800"
"202400040926";"18";"02";"2024";"11:07";"1";"57";"57221";"1";"1";"8";"3";"D13";"49,34437000";"6,11531000"
"202400040927";"13";"05";"2024";"06:50";"1";"987";"98750";"1";"1";"1";"1";"PK 14,300 faaroa";" -16,82088855";" -151,42082477"
"202400040928";"13";"01";"2024";"03:25";"3";"72";"72172";"2";"9";"1";"6";"Rue Louis Fernand Courcier";"48,07155200";"0,58752600"
"202400040929";"4";"04";"2024";"12:25";"1";"56";"56260";"2";"1";"1";"6";"MANAC'H(RUE CHARLES)";"47,65564000";" -2,77576000"
"202400040930";"13";"01";"2024";"00:30";"5";"06";"06153";"2";"1";"1";"6";"M2565 au PKR 45+700 (ST DALMAS)";"44,06652000";"7,20242900"
"202400040931";"13";"01";"2024";"02:35";"3";"05";"05017";"1";"1";"1";"6";"route de Briançon";"44,57707445";"6,16136938"
"202400040932";"12";"05";"2024";"19:09";"5";"973";"97305";"2";"1";"1";"2";"pk 28 route nationale 1";"5,01820800";" -52,47902900"
"202400040933";"3";"04";"2024";"18:10";"1";"51";"51454";"2";"1";"1";"6";"NICE (RUE DE)";"49,26022000";"4,06326000"
"202400040934";"13";"05";"2024";"09:50";"1";100;100193";"1";"1";"1";"6";"RT20";"42,40333700";"9,19487000"
"202400040935";"11";"01";"2024";"11:30";"1";"90";"90005";"2";"2";"1";"1";"N/A";"47,73218500";"6,76895400"
"202400040936";"3";"04";"2024";"09:25";"1";"51";"51454";"2";"1";"1";"6";"MURS (RUE)";"49,25215000";"4,03944000"
"202400040937";"13";"01";"2024";"05:10";"3";"64";"64202";"2";"1";"1";"7";"D11";"43,32547800";" -0,97140000"
"202400040938";"13";"01";"2024";"03:50";"5";"10";"10367";"2";"1";"5";"6";"Route d’Orleans";"48,54194600";"3,50376100"
"202400040939";"12";"05";"2024";"16:44";"1";"30";"30145";"1";"1";"1";"7";"départementale 500";"43,89004700";"4,53494400"
"202400040940";"12";"05";"2024";"18:00";"1";"34";"34135";"1";"9";"1";"6";"Route de Fleury";"43,26807300";"3,16677700"
"202400040941";"12";"01";"2024";"12:20";"1";"36";"36018";"1";"3";"8";"3";"N/A";"46,63144100";"1,13057800"
"202400040942";"3";"04";"2024";"16:49";"1";"49";"49007";"2";"1";"1";"3";"BERANGER";"47,47403000";" -0,53749000"
"202400040943";"12";"01";"2024";"19:45";"3";"16";"16230";"1";"1";"9";"1";"N/A";"45,41691900";"0,14481800"
"202400040944";"4";"04";"2024";"15:55";"1";"45";"45284";"2";"6";"2";"3";"D2152 PR 68 + 902";"47,91071000";"1,95266800"
"202400040945";"12";"05";"2024";"12:15";"1";"84";"84078";"2";"3";"1";"3";"Route de Pont Saint Esprit";"44,24244900";"4,70545600"
"202400040946";"12";"01";"2024";"13:50";"1";"53";"53040";"1";"2";"8";"5";"la brecinière";"48,13989500";" -1,05595400"
"202400040947";"4";"04";"2024";"14:10";"1";"42";"42275";"2";"1";"1";"6";"Rue de la Piot";"45,47847000";"4,36762000"
"202400040948";"13";"05";"2024";"03:15";"3";"89";"89053";"1";"1";"1";"6";"autoroute A6";"47,87483600";"3,47815900"
"202400040949";"13";"01";"2024";"12:45";"1";"04";"04001";"1";"6";"7";"3";"N85";"44,06611900";"6,17246000"
"202400040950";"25";"03";"2024";"17:40";"1";"42";"42218";"2";"1";"1";"3";"Rue Charles Cholat";"45,46488000";"4,39872000"
"202400040951";"13";"01";"2024";"17:50";"5";"13";"13069";"2";"3";"1";"3";"Route de Lambesc";"43,63423100";"5,16801600"
"202400040952";"11";"05";"2024";"18:15";"1";"71";"71583";"2";"6";"1";"2";"2127 route des allemands";"46,27289900";"4,77875200"
"202400040953";"4";"04";"2024";"08:55";"1";"35";"35238";"2";"1";"1";"1";"LORIENT (DE)";"48,10856011";" -1,69935308"
"202400040954";"12";"01";"2024";"10:15";"1";"68";"68300";"1";"1";"4";"2";"A36";"47,77654200";"7,39121300"
"202400040955";"11";"05";"2024";"22:45";"3";"44";"44027";"1";"1";"1";"7";"N/A";"47,39030200";" -1,52493200"
"202400040956";"4";"04";"2024";"13:10";"1";"34";"34108";"2";"1";"1";"6";"CALMETTE (AVENUE DES)";"43,45241000";"3,75077000"
"202400040957";"12";"05";"2024";"04:50";"3";"07";"07136";"1";"1";"1";"6";"D906";"44,61314000";"3,90367600"
"202400040958";"4";"04";"2024";"07:50";"1";"34";"34301";"2";"9";"1";"1";"MASSAULT PAUL (ECHANGEUR)";"43,41374000";"3,68246000"
"202400040959";"12";"05";"2024";"22:30";"3";"69";"69289";"1";"4";"1";"1";"Route Départementale 153";"45,65802600";"5,05506000"
"202400040960";"13";"01";"2024";"16:40";"1";"38";"38516";"2";"2";"1";"5";"D1090";"45,20069800";"5,75899200"
"202400040961";"13";"05";"2024";"11:05";"1";"31";"31084";"1";"1";"1";"6";"N/A";"43,17172300";"0,96750000"
"202400040962";"13";"01";"2024";"10:10";"1";"77";"77185";"1";"1";"5";"2";"Autoroute A6, au point kilométrique 048.700 dans le sens PARIS vers LYON";"48,44715200";"2,52915100"
"202400040963";"11";"05";"2024";"17:00";"1";"17";"17375";"2";"1";"1";"7";"Rue de Fontpourry";"45,93234500";" -1,04084200"
"202400040964";"4";"04";"2024";"14:15";"1";"34";"34198";"2";"6";"1";"3";"ROND-POINT DE LA CAPITELLE";"43,57041000";"3,94060000"
"202400040965";"12";"01";"2024";"21:30";"3";"988";"98817";"1";"1";"1";"6";"RPS1";" -22,23854300";"166,58776900"
"202400040966";"3";"04";"2024";"14:40";"1";"34";"34172";"2";"1";"1";"6";"MOULIN DE SEMALEN (RUE DU)";"43,61242000";"3,89181000"
"202400040967";"12";"05";"2024";"11:30";"1";"64";"64551";"2";"2";"8";"7";"rue des pyrénées";"43,22796000";" -0,64312900"
"202400040968";"13";"01";"2024";"00:35";"3";"971";"97129";"1";"1";"2";"6";"N2";"16,34556000";" -61,71859500"
"202400040969";"11";"05";"2024";"20:00";"1";"49";"49023";"1";"1";"1";"2";"N/A";"47,15575500";" -1,06920900"
"202400040970";"13";"01";"2024";"03:00";"3";"84";"84034";"1";"1";"1";"2";"D900";"43,88890100";"4,92436400"
"202400040971";"10";"05";"2024";"18:45";"1";"27";"27644";"2";"1";"1";"6";"Route de Gisors";"49,16201600";"1,55093100"
"202400040972";"3";"04";"2024";"14:05";"1";"34";"34003";"2";"1";"1";"2";"SAINT CHRIST (M7 A H11";"43,30065000";"3,46482000"
"202400040973";"11";"01";"2024";"10:50";"1";"21";"21464";"2";"1";"7";"6";"51 Rue Caumont Bréon";"47,14231800";"4,94506000"
"202400040974";"5";"04";"2024";"00:40";"3";"33";"33063";"2";"1";"1";"6";"N/A";"44,82304000";" -0,59327000"
"202400040975";"12";"01";"2024";"12:45";"1";"68";"68226";"2";"1";"4";"6";"29 Rue du Gal de Lattre de Tassigny";"48,03986600";"7,14667600"
"202400040976";"12";"05";"2024";"19:13";"1";"62";"62705";"1";"2";"1";"3";"D191";"50,80938902";"1,77884814"
"202400040977";"4";"04";"2024";"19:50";"1";"33";"33119";"2";"3";"1";"3";"N/A";"44,85654000";" -0,53222100"
"202400040978";"12";"01";"2024";"17:26";"2";"29";"29119";"1";"3";"1";"3";"Le Guilly";"48,46398900";" -4,65005500"
"202400040979";"4";"04";"2024";"06:35";"5";"33";"33063";"2";"2";"1";"3";"N/A";"44,85991000";" -0,56875000"
"202400040980";"11";"05";"2024";"20:00";"1";"13";"13214";"1";"1";"1";"2";"A7-Sens Marseille vers Lyon";"43,33408300";"5,37727200"
"202400040981";"12";"01";"2024";"17:42";"2";"22";"22093";"1";"1";"1";"1";"D768";"48,44998400";" -2,54651100"
"202400040982";"11";"05";"2024";"15:55";"1";"13";"13216";"1";"1";"1";"6";"A55-Sens Martigues vers Marseille";"43,36653881";"5,33015016"
"202400040983";"12";"01";"2024";"16:25";"1";"35";"35066";"1";"1";"8";"1";"Route départementale 44";"48,04816500";" -1,71233800"
"202400040984";"11";"05";"2024";"12:30";"1";"13";"13211";"1";"1";"1";"6";"A50-Sens Aubagne vers Marseille";"43,29449000";"5,46044000"
"202400040985";"13";"01";"2024";"10:30";"1";"02";"02381";"2";"1";"1";"6";"N/A";"49,90827700";"4,09434900"
"202400040986";"3";"04";"2024";"17:00";"1";"33";"33281";"1";"1";"1";"4";"N/A";"44,83280000";" -0,68300000"
"202400040987";"12";"05";"2024";"15:25";"1";"83";"83035";"1";"1";"1";"6";"A50";"43,16327267";"5,76704550"
"202400040988";"3";"04";"2024";"16:20";"1";"33";"33063";"2";"1";"1";"2";"N/A";"44,82427000";" -0,57027000"
"202400040989";"12";"05";"2024";"05:35";"5";"69";"69259";"1";"1";"1";"4";"Route Départementale 383";"45,71725894";"4,85812415"
"202400040990";"11";"01";"2024";"08:45";"1";"13";"13211";"1";"1";"3";"2";"A50-Sens Aubagne vers Marseille";"43,28797659";"5,44174960"
"202400040991";"12";"05";"2024";"07:40";"1";"91";"91471";"1";"1";"1";"6";"RN 118";"48,69971000";"2,19262000"
"202400040992";"3";"04";"2024";"08:55";"1";"33";"33039";"2";"9";"1";"3";"N/A";"44,78447000";" -0,56554000"
"202400040993";"12";"01";"2024";"09:00";"1";"69";"69270";"1";"1";"8";"4";"Autoroute 46";"45,65548000";"4,92100000"
"202400040994";"4";"04";"2024";"14:05";"1";"33";"33529";"2";"9";"1";"3";"N/A";"44,61242700";" -1,11982900"
"202400040995";"12";"05";"2024";"09:00";"1";"92";"92064";"1";"1";"1";"4";"A13";"48,83954496";"2,20338008"
"202400040996";"12";"01";"2024";"21:10";"3";"33";"33281";"1";"1";"1";"2";"N/A";"44,84643600";" -0,67017600"
"202400040997";"12";"05";"2024";"19:05";"1";"95";"95277";"1";"1";"2";"7";"A3";"48,97302940";"2,48713732"
"202400040998";"4";"04";"2024";"06:00";"5";"29";"29232";"2";"1";"2";"7";"Rue du 19 Mars 1962";"47,99005526";" -4,11050243"
"202400040999";"11";"05";"2024";"14:05";"1";"93";"93027";"1";"1";"1";"4";"A86";"48,92370945";"2,38519728"
"202400041000";"4";"04";"2024";"16:30";"1";"29";"29232";"2";"1";"2";"2";"Route de Benodet";"47,96073000";" -4,08310000"
"202400041001";"11";"05";"2024";"01:00";"3";"95";"95277";"1";"1";"1";"5";"A3";"48,97361282";"2,48808891"
"202400041002";"4";"04";"2024";"13:20";"1";"29";"29232";"2";"9";"2";"3";"Rue Jean Jaures";"47,99367600";" -4,09952700"
"202400041003";"12";"05";"2024";"20:55";"4";"77";"77438";"1";"1";"1";"3";"RN104";"48,87126224";"2,67067750"
"202400041004";"12";"01";"2024";"04:00";"3";"33";"33249";"1";"1";"1";"6";"N/A";"44,88379300";" -0,51175700"
"202400041005";"3";"04";"2024";"18:30";"1";"29";"29232";"2";"1";"2";"2";"Route de Douarnenez";"48,00052812";" -4,14999238"
"202400041006";"28";"02";"2024";"22:35";"3";"45";"45042";"1";"1";"1";"2";"Route de Gien";"47,80272800";"2,42320400"
"202400041007";"12";"05";"2024";"14:25";"1";"77";"77514";"1";"1";"1";"6";"A104";"48,94998450";"2,62871641"
"202400041008";"8";"01";"2024";"03:45";"4";"59";"59196";"1";"1";"1";"2";"AUTOROUTE A25";"50,63600000";"2,94418000"
"202400041009";"12";"05";"2024";"08:00";"1";"94";"94046";"1";"1";"1";"6";"A86";"48,81418936";"2,44875500"
"202400041010";"4";"04";"2024";"08:10";"1";"29";"29039";"1";"1";"2";"2";"RD 70 (route départementale)";"47,92210462";" -3,89978478"
"202400041011";"28";"02";"2024";"15:18";"1";100;100188";"1";"1";"8";"1";"D82";"42,59937700";"9,37673400"
"202400041012";"12";"05";"2024";"07:50";"1";"94";"94022";"1";"1";"1";"6";"A86";"48,77667160";"2,41970908"
"202400041013";"12";"01";"2024";"18:05";"3";"91";"91434";"1";"1";"1";"3";"AUTOROUTE A6";"48,66820600";"2,35416500"
"202400041014";"1";"03";"2024";"17:10";"2";"74";"74295";"1";"1";"2";"1";"D902 ";"46,30866600";"6,61134500"
"202400041015";"12";"01";"2024";"09:20";"1";"91";"91377";"1";"1";"1";"4";"AUTOROUTE A10";"48,72673000";"2,30261000"
"202400041016";"28";"02";"2024";"23:45";"3";"71";"71074";"1";"1";"1";"6";"Route de Julienas";"46,26210000";"4,77033600"
"202400041017";"26";"03";"2024";"12:40";"1";"28";"28085";"2";"9";"2";"6";"INTERMARCHE (RUE DU GORD)";"48,43220200";"1,49299400"
"202400041018";"27";"02";"2024";"11:10";"1";"74";"74269";"1";"1";"8";"5";"D992";"45,98017883";"5,84230661"
"202400041019";"24";"02";"2024";"22:00";"5";"74";"74307";"2";"1";"1";"6";"D2 ";"46,00005500";"6,13486900"
"202400041020";"4";"04";"2024";"08:30";"1";"27";"27681";"2";"9";"2";"2";"GISORS (ROUTE DE)";"49,10533200";"1,48681300"
"202400041021";"12";"01";"2024";"10:20";"1";"91";"91687";"1";"1";"1";"4";"AUTOROUTE A6";"48,66549000";"2,36300000"
"202400041022";"12";"01";"2024";"07:40";"3";"91";"91471";"1";"1";"1";"6";"CHEVREUSE (BRETELLE DE)";"48,69193000";"2,17962000"
"202400041023";"4";"04";"2024";"10:35";"1";"27";"27681";"1";"3";"2";"3";"IVRY (ROUTE D')";"49,07207000";"1,47302000"
"202400041024";"29";"02";"2024";"06:55";"2";"01";"01262";"2";"1";"1";"6";"Faubourg de Lyon";"45,84830000";"5,04754200"
"202400041025";"21";"02";"2024";"10:35";"1";"74";"74009";"1";"1";"1";"2";"A41 ";"46,06665100";"6,08035300"
"202400041026";"12";"01";"2024";"00:17";"3";"91";"91235";"1";"1";"1";"6";"RN 104";"48,62616000";"2,35327000"
"202400041027";"4";"04";"2024";"16:55";"1";"25";"25204";"2";"1";"1";"3";"Sylve  (rue de la)";"46,92049500";"6,35072800"
"202400041028";"4";"02";"2024";"04:15";"3";"74";"74074";"1";"1";"5";"6";"1206 ";"46,12130300";"5,91902400"
"202400041029";"28";"02";"2024";"09:10";"1";"85";"85100";"1";"1";"2";"7";"RD6";"46,69282000";" -1,88122600"
"202400041030";"12";"01";"2024";"18:15";"3";"78";"78043";"1";"9";"1";"4";"A13Y";"48,84291700";"2,09296000"
"202400041031";"3";"04";"2024";"14:05";"1";"24";"24037";"2";"2";"1";"3";"DOUMER (AVENUE PAUL)";"44,83559000";"0,47917000"
"202400041032";"23";"02";"2024";"14:45";"1";"14";"14209";"1";"1";"2";"6";"Rue de Bayeux ";"49,25163700";" -0,83960100"
"202400041033";"28";"02";"2024";"14:49";"1";"76";"76506";"1";"1";"2";"6";"Departementale 97";"49,72531025";"1,30176866"
"202400041034";"4";"04";"2024";"09:05";"1";"17";"17380";"2";"6";"1";"3";"VERDUN (AVENUE DE)";"45,65326500";" -1,07846000"
"202400041035";"12";"01";"2024";"17:45";"4";"92";"92050";"1";"1";"1";"2";"A86";"48,91107580";"2,21656696"
"202400041036";"12";"01";"2024";"10:20";"1";"14";"14173";"1";"1";"9";"7";"Rue de Glatigny ";"49,04793900";" -0,16305700"
"202400041037";"23";"02";"2024";"08:29";"1";"13";"13071";"1";"1";"1";"3";"A5501G-Sens Mlle Vieux Port vers A7-Lyon";"43,40613400";"5,29294000"
"202400041038";"3";"03";"2024";"12:19";"1";"17";"17306";"2";"1";"1";"2";"GALIOTE (DE LA)";"45,61805000";" -1,03172000"
"202400041039";"11";"01";"2024";"23:00";"5";"92";"92050";"1";"1";"1";"3";"A86";"48,90744841";"2,21233498"
"202400041040";"4";"04";"2024";"13:15";"1";"14";"14118";"2";"3";"1";"3";"90 Rue de Falaise";"49,17043000";" -0,35334000"
"202400041041";"19";"02";"2024";"10:00";"1";"77";"77083";"2";"6";"1";"3";"PYRAMIDES (AVENUE DES)";"48,85017000";"2,58518000"
"202400041042";"28";"02";"2024";"06:05";"3";"13";"13117";"1";"1";"1";"2";"A7-Sens Marseille vers Lyon";"43,45359000";"5,23747000"
"202400041043";"3";"04";"2024";"08:00";"1";"14";"14118";"2";"1";"8";"7";"95 Rue Chemin Vert";"49,19364000";" -0,39442000"
"202400041044";"11";"05";"2024";"07:45";"1";"974";"97416";"1";"1";"1";"3";"RN3 (ANCIENNE ROUTE)";" -21,30752000";"55,49893000"
"202400041045";"11";"01";"2024";"18:15";"3";"92";"92064";"1";"1";"1";"4";"A13";"48,83784916";"2,18980923"
"202400041046";"4";"04";"2024";"09:35";"1";"13";"13106";"2";"9";"1";"3";"APT (ROUTE D')";"43,40323000";"5,36404000"
"202400041047";"10";"05";"2024";"15:10";"1";"974";"97416";"2";"1";"1";"6";"STEPHANE(CHEMIN)";" -21,27097000";"55,49305000"
"202400041048";"4";"04";"2024";"14:15";"1";"13";"13201";"2";"1";"1";"2";"LIEUTAUD (COURS)      2 A 52";"43,29362000";"5,38215000"
"202400041049";"3";"04";"2024";"18:10";"1";"13";"13202";"2";"9";"1";"3";"LAZARET (QUAI DU)";"43,30888473";"5,36639376"
"202400041050";"23";"02";"2024";"18:24";"4";"59";"59606";"1";"1";"3";"4";"AUTOROUTE A2";"50,33916000";"3,49978000"
"202400041051";"12";"01";"2024";"12:30";"1";"93";"93029";"1";"1";"1";"4";"A86";"48,91868007";"2,42849890"
"202400041052";"11";"05";"2024";"08:10";"1";"974";"97407";"2";"6";"1";"3";"SACRE COEUR (RD POINT) -RIV. DES GALETS ";" -20,95604338";"55,31197000"
"202400041053";"3";"04";"2024";"17:20";"1";"13";"13028";"1";"1";"1";"1";"CRETES (ROUTES DES)";"43,18491000";"5,56497000"
"202400041054";"28";"02";"2024";"17:00";"1";"91";"91521";"1";"1";"1";"2";"AUTOROUTE A6";"48,63378000";"2,40388000"
"202400041055";"12";"01";"2024";"08:00";"1";"94";"94004";"1";"1";"1";"3";"RN19";"48,75940121";"2,50031751"
"202400041056";"4";"04";"2024";"11:45";"1";"13";"13005";"2";"3";"1";"3";"CAMP DE SARLIER ROUTE DE GEMENOS";"43,29681058";"5,58505009"
"202400041057";"28";"02";"2024";"07:10";"2";"78";"78545";"1";"1";"1";"6";"A12 Y";"48,81551400";"2,06176600"
"202400041058";"11";"05";"2024";"11:17";"1";"973";"97302";"2";"1";"3";"3";"MADELEINE (ROUTE DE LA)";"4,91212000";" -52,32116000"
"202400041059";"12";"01";"2024";"04:25";"2";"988";"98818";"2";"1";"1";"6";"PROMENADE PIERRE VERNIER";" -22,30564000";"166,45984000"
"202400041060";"3";"04";"2024";"18:00";"1";"12";"12145";"2";"1";"1";"3";"MARTEL EDOUARD ALFRED (AVENUE)";"44,11274000";"3,08240000"
"202400041061";"27";"02";"2024";"11:09";"1";"92";"92072";"1";"1";"8";"3";"N118";"48,82602589";"2,22262601"
"202400041062";"3";"04";"2024";"11:06";"1";"11";"11069";"2";"9";"1";"6";"Avenue du Marechal Foch";"43,21719000";"2,35196000"
"202400041063";"11";"01";"2024";"17:54";"1";"973";"97302";"2";"9";"1";"3";"SOURCE DE BADUEL (CHEMIN DE LA)";"4,92800000";" -52,30839000"
"202400041064";"10";"05";"2024";"01:10";"5";"973";"97302";"2";"2";"2";"3";"MALOUET";"4,93528316";" -52,33337313"
"202400041065";"29";"03";"2024";"22:20";"5";"10";"10357";"2";"1";"2";"7";"MARECHAL DE LATTRE DE TASSIGNY (RUE DU)";"48,30380000";"4,09742000"
"202400041066";"4";"04";"2024";"05:10";"5";"07";"07102";"2";"1";"1";"7";"Jean MOULIN (Rue)";"44,93579000";"4,86324000"
"202400041067";"11";"05";"2024";"18:35";"1";"69";"69383";"2";"1";"1";"3";"Route de Genas";"45,75400000";"4,88300000"
"202400041068";"11";"01";"2024";"16:27";"1";"973";"97302";"2";"3";"1";"3";"TIGRE (ROUTE DU)";"4,91749143";" -52,31283635"
"202400041069";"27";"02";"2024";"06:30";"3";"92";"92063";"1";"1";"8";"4";"A86";"48,88653178";"2,16550230"
"202400041070";"4";"04";"2024";"18:20";"1";"06";"06027";"2";"1";"1";"3";"Promenade de l'Hippodrome";"43,64865000";"7,14961000"
"202400041071";"11";"05";"2024";"17:40";"1";"69";"69386";"2";"2";"1";"6";"Rue Garibaldi";"45,76929000";"4,85051000"
"202400041072";"11";"01";"2024";"14:10";"1";"973";"97302";"2";"1";"1";"7";"LIBERTE (AVENUE DE LA)";"4,93654000";" -52,32766000"
"202400041073";"27";"02";"2024";"07:15";"1";"95";"95527";"1";"1";"1";"6";"A3";"48,98653839";"2,50715059"
"202400041074";"4";"04";"2024";"07:07";"1";"06";"06027";"2";"1";"8";"3";"Avenue de Grasse";"43,65828000";"7,14260000"
"202400041075";"11";"05";"2024";"17:50";"1";"69";"69149";"2";"1";"1";"3";"103 Rue Emile Zola";"45,71970000";"4,80061000"
"202400041076";"3";"04";"2024";"17:15";"1";"06";"06004";"2";"9";"1";"1";"849 Chemin des Combes";"43,59766600";"7,09417100"
"202400041077";"27";"02";"2024";"07:00";"2";"95";"95582";"1";"1";"1";"2";"D170";"48,96427076";"2,26827495"
"202400041078";"11";"05";"2024";"09:30";"1";"69";"69385";"2";"4";"1";"6";"Rue Commandant Charcot";"45,75497000";"4,81206000"
"202400041079";"11";"01";"2024";"08:15";"1";"973";"97302";"2";"1";"1";"3";"MANGUIERS (CITE)";"4,93339000";" -52,32239000"
"202400041080";"4";"04";"2024";"12:50";"1";"04";"04070";"2";"1";"1";"3";"THIERS (BD)";"44,08978000";"6,23866000"
"202400041081";"26";"02";"2024";"22:00";"3";"93";"93078";"1";"1";"2";"6";"A104";"48,96528188";"2,51798560"
"202400041082";"11";"01";"2024";"13:15";"1";"972";"97213";"2";"1";"1";"2";"AUTOROUTE A1";"14,61811000";" -61,03384000"
"202400041083";"10";"05";"2024";"23:50";"5";"971";"97113";"2";"1";"1";"3";"MONTAUBAN (SECTEUR)";"16,20622000";" -61,49703000"
"202400041084";"4";"04";"2024";"08:05";"1";"75";"75116";"2";"1";"2";"4";"BD PERIPHERIQUE EXTERIEUR";"48,85835082";"2,26063478"
"202400041085";"26";"02";"2024";"19:00";"3";"95";"95572";"1";"1";"2";"2";"A15";"49,03117012";"2,12085638"
"202400041086";"4";"04";"2024";"12:30";"1";"75";"75117";"2";"2";"8";"6";"RUE GUY MOQUET";"48,89175800";"2,32124800"
"202400041087";"10";"05";"2024";"13:40";"1";"971";"97113";"1";"1";"1";"3";"SECTION MATHURIN";"16,22715686";" -61,49943709"
"202400041088";"11";"01";"2024";"07:30";"5";"69";"69034";"2";"9";"8";"1";"Montée des Soldats";"45,79289423";"4,86030536"
"202400041089";"26";"02";"2024";"16:55";"1";"95";"95277";"1";"1";"2";"6";"A3";"48,98015842";"2,49808344"
"202400041090";"11";"05";"2024";"19:40";"1";"95";"95268";"2";"1";"1";"6";"PIERRE LESCOT (RUE)";"48,96985310";"2,40122616"
"202400041091";"4";"04";"2024";"07:10";"2";"75";"75104";"2";"3";"3";"3";"QUAI DES CELESTINS";"48,85328600";"2,35925800"
"202400041092";"11";"01";"2024";"17:40";"5";100;100037";"1";"1";"1";"2";"TOUTES RUES";"42,35360000";"9,26200000"
"202400041093";"11";"05";"2024";"18:20";"1";"95";"95277";"1";"1";"1";"1";"GONESSE A VILLEPINTE (CHEMIN DE)";"48,98240000";"2,47343000"
"202400041094";"26";"02";"2024";"17:20";"2";"95";"95582";"1";"1";"2";"4";"D170";"48,96436295";"2,26900987"
"202400041095";"4";"04";"2024";"00:10";"5";"75";"75113";"2";"3";"1";"2";"QUAI PANHARD ET LEVASSOR";"48,83110100";"2,38110500"
"202400041096";"11";"05";"2024";"13:50";"1";"95";"95197";"2";"1";"1";"2";"D928";"48,96218800";"2,32415517"
"202400041097";"10";"01";"2024";"23:20";"5";100;100033";"2";"3";"2";"3";"AV DE LA LIBERATION";"42,67919000";"9,44329000"
"202400041098";"3";"04";"2024";"19:30";"2";"75";"75120";"2";"2";"1";"6";"RUE D AVRON";"48,85240000";"2,40540000"
"202400041099";"27";"02";"2024";"16:15";"1";"75";"75105";"2";"7";"1";"6";"RUE MOUFFETARD";"48,83935900";"2,34991000"
"202400041100";"11";"01";"2024";"14:10";"1";"971";"97105";"2";"1";"1";"2";"VICTOR HUGUES (RUE)";"15,99762000";" -61,72187000"
"202400041101";"4";"04";"2024";"17:35";"1";"75";"75119";"2";"3";"1";"6";"AVENUE MATHURIN MOREAU";"48,87858200";"2,37546100"
"202400041102";"11";"05";"2024";"20:27";"2";"91";"91657";"2";"1";"1";"6";"HENRI BARBUSSE (AVENUE)";"48,70418000";"2,43614000"
"202400041103";"26";"02";"2024";"17:20";"1";"75";"75118";"2";"1";"8";"3";"Avenue de la Porte de Montmartre";"48,89849300";"2,33691500"
"202400041104";"11";"05";"2024";"19:30";"1";"91";"91434";"2";"1";"1";"6";"SAINT-HUBERT (AVENUE)";"48,64592000";"2,35802000"
"202400041105";"4";"04";"2024";"11:05";"1";"75";"75117";"2";"7";"2";"2";"PLACE DES TERNES";"48,87850900";"2,29849100"
"202400041106";"11";"01";"2024";"15:10";"1";"91";"91477";"2";"2";"1";"3";"BLAISE PASCAL (RESIDENCE)";"48,71440000";"2,24000000"
"202400041107";"27";"02";"2024";"15:30";"1";"75";"75117";"2";"3";"1";"6";"BOULEVARD GOUVION SAINT CYR";"48,88225800";"2,28627600"
"202400041108";"11";"05";"2024";"14:00";"1";"91";"91433";"1";"1";"1";"2";"R.D. 20";"48,45780000";"2,17687000"
"202400041109";"4";"04";"2024";"09:15";"1";"75";"75116";"2";"4";"3";"7";"AVENUE FOCH";"48,87210900";"2,28418800"
"202400041110";"10";"01";"2024";"17:10";"2";"91";"91201";"2";"3";"1";"3";"ALPHONSE DAUDET (RUE)";"48,65873000";"2,43103000"
"202400041111";"11";"05";"2024";"21:50";"2";"80";"80021";"2";"1";"1";"7";"Avenue Roger Dumoulin";"49,93912000";"2,28195000"
"202400041112";"27";"02";"2024";"00:55";"5";"75";"75116";"2";"1";"2";"6";"ALLEE DE LA REINE MARGUERITE";"48,87167500";"2,25350200"
"202400041113";"3";"04";"2024";"09:00";"1";"75";"75114";"2";"2";"2";"3";"AVENUE ERNEST REYER";"48,82266200";"2,32273300"
"202400041114";"11";"01";"2024";"04:36";"5";"87";"87085";"2";"1";"8";"7";"MONTPLAISIR (RUE)";"45,84128136";"1,27184451"
"202400041115";"2";"04";"2024";"19:00";"1";"75";"75114";"2";"2";"8";"2";"RUE DES PLANTES";"48,82618100";"2,31963800"
"202400041116";"26";"02";"2024";"21:25";"5";"75";"75114";"2";"2";"3";"3";"AVENUE ERNEST REYER";"48,82265200";"2,32270700"
"202400041117";"4";"04";"2024";"07:55";"1";"75";"75112";"2";"1";"2";"3";"QUAI DE BERCY";"48,82945310";"2,38739669"
"202400041118";"10";"01";"2024";"16:00";"1";"84";"84007";"2";"1";"2";"6";"MORIERES (Route de )";"43,95089000";"4,83098000"
"202400041119";"26";"02";"2024";"22:09";"5";"75";"75112";"2";"3";"2";"6";"BOULEVARD SOULT";"48,83646400";"2,40790500"