"Num_Acc";"jour";"mois";"an";"hrmn";"lum";"dep";"com";"agg";"int";"atm";"col";"adr";"lat";"long"
"202400041120";"4";"04";"2024";"15:50";"1";"75";"75111";"2";"2";"1";"6";"AVENUE LEDRU ROLLIN";"48,85255100";"2,37686900"
"202400041121";"10";"05";"2024";"10:50";"1";"74";"74118";"1";"6";"1";"3";"REIGNIER (ROUTE DE)";"46,17690000";"6,23496000"
"202400041122";"10";"01";"2024";"18:30";"5";"83";"83062";"2";"3";"2";"3";"DUCLOS (AVENUE JACQUES)";"43,11829028";"6,00502548"
"202400041123";"11";"05";"2024";"19:20";"1";"69";"69275";"2";"6";"1";"6";"Rue Emile Zola";"45,76382000";"4,96297000"
"202400041124";"27";"02";"2024";"19:05";"5";"75";"75116";"2";"7";"1";"1";"PLACE CHARLES DE GAULLE";"48,87370500";"2,29401500"
"202400041125";"11";"05";"2024";"12:40";"1";"69";"69264";"2";"6";"1";"3";"Rue de Belleroche";"45,98033000";"4,69922000"
"202400041126";"11";"01";"2024";"21:10";"5";"78";"78440";"2";"9";"1";"6";"PAUL RAOULT (AVENUE)";"48,98391000";"1,91167000"
"202400041127";"4";"04";"2024";"09:06";"1";"75";"75110";"2";"3";"3";"2";"BOULEVARD DE BONNE NOUVELLE";"48,87070300";"2,34787700"
"202400041128";"27";"02";"2024";"10:50";"1";"75";"75108";"2";"7";"1";"7";"PLACE DES TERNES";"48,87778800";"2,29827700"
"202400041129";"4";"04";"2024";"01:30";"5";"75";"75109";"2";"1";"1";"6";"BOULEVARD HAUSSMANN";"48,87247600";"2,33666100"
"202400041130";"11";"05";"2024";"09:20";"1";"64";"64373";"2";"1";"1";"6";"GENERAL DE GAULLE DU";"43,28137000";" -0,35959000"
"202400041131";"11";"01";"2024";"09:10";"1";"76";"76681";"2";"2";"8";"6";"Rue Leon Salva";"49,42048000";"1,09195000"
"202400041132";"4";"04";"2024";"17:00";"1";"75";"75108";"2";"2";"1";"6";"BOULEVARD MALESHERBES";"48,87840806";"2,31553888"
"202400041133";"27";"02";"2024";"19:22";"5";"75";"75107";"2";"2";"1";"2";"AVENUE EMILE POUVILLON";"48,85752300";"2,29907200"
"202400041134";"11";"01";"2024";"08:40";"1";"76";"76216";"2";"3";"1";"6";"Rue du Président Roosevelt";"49,46946000";"1,04535000"
"202400041135";"11";"05";"2024";"06:00";"1";"54";"54395";"2";"1";"1";"6";"Avenue Raymond Pinchard";"48,70119000";"6,14796000"
"202400041136";"20";"02";"2024";"16:45";"1";"75";"75107";"2";"2";"1";"6";"AVENUE CHARLES FLOQUET";"48,85348700";"2,29854200"
"202400041137";"11";"01";"2024";"10:20";"1";"76";"76351";"2";"3";"1";"3";"STRASBOURG (BD)";"49,49248000";"0,11791000"
"202400041138";"4";"04";"2024";"09:30";"1";"75";"75108";"2";"3";"3";"6";"BOULEVARD MALESHERBES";"48,88008263";"2,31347001"
"202400041139";"27";"02";"2024";"21:30";"5";"75";"75102";"2";"2";"1";"7";"RUE VIVIENNE";"48,86637000";"2,33867000"
"202400041140";"10";"01";"2024";"13:25";"1";"76";"76351";"2";"1";"1";"2";"Avenue du Mont Le Comte";"49,51031800";"0,17734000"
"202400041141";"4";"04";"2024";"01:20";"5";"75";"75107";"2";"1";"1";"7";"QUAI BRANLY";"48,85850818";"2,29233921"
"202400041142";"10";"01";"2024";"17:55";"5";"76";"76351";"2";"1";"1";"7";"PIERRE MENDES FRANCE";"49,51131000";"0,14449000"
"202400041143";"27";"02";"2024";"17:30";"1";"94";"94073";"2";"1";"1";"2";"avenue Franklin Roosevelt";"48,76609135";"2,39930349"
"202400041144";"11";"05";"2024";"18:20";"1";"54";"54197";"1";"2";"1";"3";"Route de Lupcourt";"48,62616000";"6,21832000"
"202400041145";"4";"04";"2024";"08:50";"1";"75";"75104";"2";"2";"2";"6";"QUAI DE L HOTEL DE VILLE";"48,85444500";"2,35499100"
"202400041146";"11";"01";"2024";"07:45";"1";"73";"73008";"1";"3";"1";"3";"D1201 - ROOSEVELT FRANKLIN AVENUE";"45,70888888";"5,91184209"
"202400041147";"4";"04";"2024";"12:30";"1";"94";"94081";"2";"1";"2";"4";"Avenue Jean Jaurès";"48,79395000";"2,39983000"
"202400041148";"26";"02";"2024";"11:00";"1";"94";"94011";"2";"2";"2";"3";"Route de Stains / Route de l’Ile Barbiere";"48,78260000";"2,49441000"
"202400041149";"10";"01";"2024";"19:25";"5";"72";"72181";"2";"1";"1";"3";"CUGNOT NICOLAS (BD)";"47,98424000";"0,22251000"
"202400041150";"3";"04";"2024";"15:25";"1";"94";"94081";"2";"1";"2";"6";"Avenue Paul Vaillant Couturier";"48,79532965";"2,39757863"
"202400041151";"11";"05";"2024";"18:15";"1";"45";"45286";"2";"2";"1";"3";"7 Rue de Rosette";"47,89170000";"1,93102000"
"202400041152";"10";"01";"2024";"18:20";"3";"71";"71306";"2";"1";"1";"6";"LOGE (RUE DE LA)";"46,68074450";"4,38182330"
"202400041153";"26";"02";"2024";"08:50";"1";"94";"94060";"2";"1";"2";"4";"Route du Pont Banneret";"48,78720000";"2,57490000"
"202400041154";"4";"04";"2024";"14:30";"1";"94";"94041";"2";"5";"1";"6";"Rue Lénine / Rue Molière";"48,81564939";"2,39342201"
"202400041155";"11";"01";"2024";"20:15";"5";"69";"69266";"2";"2";"2";"6";"Rue Gabriel Péri";"45,77072000";"4,86347000"
"202400041156";"26";"02";"2024";"15:50";"1";"93";"93073";"1";"1";"2";"6";"Rue du Chapitre";"49,00185565";"2,53702104"
"202400041157";"10";"01";"2024";"18:30";"5";"69";"69266";"2";"3";"2";"3";"119 Rue Alexis Perroncel";"45,77561107";"4,88206105"
"202400041158";"4";"04";"2024";"07:40";"2";"94";"94038";"2";"2";"3";"6";"Avenue Flouquet / Avenue Larroumes";"48,77538879";"2,32654930"
"202400041159";"11";"05";"2024";"13:40";"1";"33";"33522";"2";"2";"1";"3";"N/A";"44,82064000";" -0,58416000"
"202400041160";"10";"01";"2024";"18:05";"5";"69";"69264";"2";"6";"2";"3";"Avenue de l’Europe";"45,98925016";"4,74338432"
"202400041161";"4";"04";"2024";"15:30";"1";"94";"94077";"2";"1";"1";"6";"Chemin de la Butte";"48,73853748";"2,40490589"
"202400041162";"27";"02";"2024";"14:00";"1";"93";"93055";"2";"3";"1";"3";"Avenue Jean Lolive / Route de Noisy";"48,89549900";"2,42629700"
"202400041163";"11";"05";"2024";"10:15";"1";"33";"33281";"2";"1";"1";"6";"N/A";"44,84775000";" -0,67865000"
"202400041164";"11";"01";"2024";"18:00";"2";"65";"65417";"2";"1";"1";"6";"Rue du Docteur Guinier";"43,22450808";"0,09404454"
"202400041165";"4";"04";"2024";"14:20";"1";"94";"94018";"2";"1";"1";"3";"146 Rue de Paris";"48,82715700";"2,40506400"
"202400041166";"27";"02";"2024";"07:00";"2";"93";"93048";"2";"1";"1";"6";"Rue Lenain de Tillemont";"48,85935521";"2,46118963"
"202400041167";"11";"05";"2024";"03:15";"3";"31";"31555";"1";"9";"1";"2";"30 PONTS JUMEAUX  (PERIPH OUEST A620)";"43,60401000";"1,40336000"
"202400041168";"11";"01";"2024";"20:20";"5";"64";"64102";"2";"1";"2";"7";"FORGUES FERNAND (AVENUE)";"43,48668000";" -1,47969000"
"202400041169";"5";"01";"2024";"17:35";"5";"62";"62523";"2";"1";"2";"6";"Rue de l'Abbaye";"50,43841411";"2,86904526"
"202400041170";"11";"05";"2024";"15:20";"1";"29";"29232";"1";"1";"1";"6";"RN 165";"48,00960758";" -4,06732504"
"202400041171";"4";"04";"2024";"13:25";"1";"93";"93073";"2";"6";"1";"7";"Avenue du Parc / Rue du 8 Mai 1945";"48,95440245";"2,56927460"
"202400041172";"26";"02";"2024";"16:01";"1";"93";"93027";"2";"2";"2";"6";"Rue de la Convention / Avenue de la République";"48,92787000";"2,39061000"
"202400041173";"10";"01";"2024";"15:45";"1";"60";"60057";"2";"1";"1";"3";"Avenue Montaigne";"49,41068607";"2,10869801"
"202400041174";"4";"04";"2024";"17:35";"1";"93";"93066";"2";"3";"1";"3";"Rue de la Montjoie / Rue Jeumont";"48,91074369";"2,36012936"
"202400041175";"26";"02";"2024";"14:30";"1";"93";"93027";"2";"1";"2";"3";"Avenue Henri Barbusse";"48,93210000";"2,39450000"
"202400041176";"11";"05";"2024";"02:40";"3";"29";"29232";"1";"1";"1";"3";"Chemin de Kerequellou";"47,96093000";" -4,06325000"
"202400041177";"11";"01";"2024";"08:10";"2";"59";"59350";"2";"1";"1";"6";"Rue Henri Lestienne";"50,64861000";"3,09443000"
"202400041178";"11";"05";"2024";"16:20";"1";"29";"29039";"2";"1";"1";"6";"Rue du Poteau Vert";"47,89584000";" -3,91179000"
"202400041179";"3";"04";"2024";"22:40";"5";"93";"93066";"2";"1";"1";"3";"Boulevard Anatole France";"48,92460200";"2,34943700"
"202400041180";"11";"01";"2024";"08:18";"2";"57";"57463";"2";"1";"1";"6";"MOULIN (RUE DU )";"49,07944000";"6,18462000"
"202400041181";"27";"02";"2024";"17:45";"1";"93";"93005";"2";"4";"1";"2";"Boulevard Georges Braque / D932";"48,95241000";"2,48454000"
"202400041182";"11";"05";"2024";"18:25";"1";"29";"29019";"2";"3";"1";"3";"rue Fréminville";"48,38793600";" -4,50322600"
"202400041183";"4";"04";"2024";"06:50";"4";"93";"93005";"2";"1";"3";"6";"Rue Jean Charcot";"48,93514400";"2,49285600"
"202400041184";"11";"01";"2024";"08:35";"1";"54";"54526";"2";"1";"1";"2";"Boulevard Jean Jaures";"48,69270704";"6,21158838"
"202400041185";"27";"02";"2024";"16:50";"1";"92";"92022";"2";"9";"1";"3";"SALENGRO (AVENUE ROGER)";"48,81633407";"2,19456553"
"202400041186";"11";"01";"2024";"16:57";"2";"54";"54099";"2";"9";"1";"7";"Avenue Marguerite Puhl Demange";"49,25514900";"5,94602700"
"202400041187";"4";"04";"2024";"09:40";"1";"92";"92051";"2";"1";"2";"2";"GENERAL LECLERC (BOULEVARD DU, N° 1 A 27";"48,88986014";"2,26014036"
"202400041188";"27";"02";"2024";"20:36";"5";"92";"92026";"2";"1";"1";"7";"COEUR DEFENSE";"48,89010223";"2,24414184"
"202400041189";"11";"05";"2024";"05:10";"5";"25";"25056";"2";"3";"1";"3";"KENNEDY  BOULEVARD J.F.";"47,23446900";"5,98431900"
"202400041190";"3";"04";"2024";"18:45";"1";"92";"92050";"2";"1";"1";"3";"HAVRE BOULEVARD DU";"48,91989000";"2,22130000"
"202400041191";"11";"01";"2024";"07:00";"3";"52";"52121";"1";"1";"1";"3";"R.D. 65";"48,11066794";"5,11830801"
"202400041192";"26";"02";"2024";"18:00";"5";"92";"92051";"2";"2";"8";"6";"BINEAU (BOULEVARD, N°133 A 217 ET 134 A";"48,89067926";"2,27040660"
"202400041193";"11";"05";"2024";"22:55";"5";"19";"19031";"2";"1";"1";"3";"LYAUTEY (BOULEVARD MARECHAL)";"45,15672476";"1,53245258"
"202400041194";"2";"04";"2024";"16:30";"1";"92";"92050";"2";"9";"1";"6";"VAILLANT COUTURIER PAUL RUE";"48,88678000";"2,20091000"
"202400041195";"11";"01";"2024";"08:15";"1";"51";"51454";"2";"1";"1";"6";"CHALET (RUE)";"49,26793500";"4,05036500"
"202400041196";"27";"02";"2024";"18:10";"5";"92";"92020";"2";"1";"1";"3";"PERI RUE GABRIEL";"48,80276000";"2,28802000"
"202400041197";"3";"04";"2024";"20:00";"1";"92";"92044";"2";"1";"1";"3";"CHARLES PASQUA (QUAI) 58 A90";"48,90104057";"2,28483214"
"202400041198";"11";"05";"2024";"01:05";"5";"18";"18205";"2";"6";"1";"7";"Route d'Orléans";"47,11012500";"2,37807100"
"202400041199";"11";"01";"2024";"08:40";"1";"49";"49007";"2";"1";"4";"7";"BASSE CHAINE PONT";"47,47006000";" -0,56237000"
"202400041200";"27";"02";"2024";"17:45";"1";"92";"92040";"2";"1";"8";"3";"JEAN JAURES (AVENUE)";"48,82396604";"2,27382660"
"202400041201";"11";"05";"2024";"21:20";"1";"17";"17306";"2";"3";"1";"7";"MATISSE HENRI";"45,62264000";" -0,99896000"
"202400041202";"4";"04";"2024";"14:50";"1";"92";"92040";"2";"2";"1";"6";"SEVERINE";"48,82829537";"2,28149951"
"202400041203";"11";"01";"2024";"08:39";"2";"49";"49007";"2";"1";"2";"7";"COUBERTIN BOULEVARD";"47,45869000";" -0,53295000"
"202400041204";"26";"02";"2024";"19:10";"5";"92";"92025";"2";"1";"1";"6";"GENERAL LECLERC (PLACE DU)";"48,92299391";"2,25250018"
"202400041205";"11";"01";"2024";"16:50";"1";"45";"45068";"2";"1";"1";"6";"D740 PR 5 + 250";"48,01640700";"2,73848300"
"202400041206";"3";"04";"2024";"18:17";"1";"92";"92024";"2";"4";"1";"6";"RUE DU 08 MAI 1945";"48,89766559";"2,31085092"
"202400041207";"11";"05";"2024";"19:34";"1";"15";"15014";"2";"2";"7";"3";"Avenue de Tronquières";"44,91334600";"2,43316500"
"202400041208";"27";"02";"2024";"11:55";"1";"92";"92019";"2";"3";"1";"3";"BOIS (AVENUE DU)";"48,77123468";"2,25225645"
"202400041209";"4";"04";"2024";"20:30";"5";"92";"92012";"2";"9";"1";"6";"FERME (RUE DE LA) - COTE IMPAIR";"48,83183000";"2,23824000"
"202400041210";"10";"01";"2024";"18:50";"5";"44";"44184";"2";"2";"1";"3";"261 Rue de Pornichet";"47,26338000";" -2,23475000"
"202400041211";"10";"05";"2024";"15:55";"1";"15";"15014";"2";"1";"1";"6";"RN 122";"44,89779466";"2,41079038"
"202400041212";"4";"04";"2024";"21:20";"4";"49";"49092";"2";"9";"1";"1";"Rue de l'Europe (Chemillé)";"47,23234800";" -0,72025900"
"202400041213";"27";"02";"2024";"04:00";"5";"92";"92012";"2";"1";"1";"6";"GENERAL LECLERC (AVENUE DU) 1/33 - 2/58";"48,83326434";"2,24224252"
"202400041214";"10";"01";"2024";"11:10";"1";"38";"38179";"2";"1";"8";"2";"REPUBLIQUE (PLACE DE LA)";"45,18213000";"5,79268000"
"202400041215";"22";"02";"2024";"19:50";"5";"06";"06114";"2";"1";"2";"6";"Quai de la Banquiere";"43,73978200";"7,28761100"
"202400041216";"3";"04";"2024";"15:45";"1";"42";"42294";"1";"1";"1";"1";"N7";"46,01556200";"4,10369400"
"202400041217";"11";"01";"2024";"10:00";"1";"37";"37261";"2";"1";"1";"2";"RN 76 - Route de St Avertin";"47,36471000";"0,70855000"
"202400041218";"27";"02";"2024";"13:35";"1";"16";"16186";"1";"1";"1";"6";"Sonneville";"45,57460900";" -0,18387100"
"202400041219";"10";"05";"2024";"10:48";"1";"14";"14304";"1";"3";"1";"2";"D579";"49,37393000";"0,22983000"
"202400041220";"5";"04";"2024";"06:35";"2";"52";"52366";"1";"1";"1";"7";"a31";"47,90758430";"5,22262541"
"202400041221";"28";"02";"2024";"10:50";"1";"45";"45213";"1";"1";"1";"7";"Etang de Torcy";"47,83418200";"2,56107000"
"202400041222";"10";"01";"2024";"23:18";"5";"37";"37261";"2";"3";"1";"3";"BERANGER (BOULEVARD)";"47,38951000";"0,68268000"
"202400041223";"10";"05";"2024";"10:05";"1";"14";"14333";"1";"1";"1";"2";"Route de Trouville";"49,42468000";"0,21449000"
"202400041224";"28";"02";"2024";"12:49";"1";"36";"36230";"1";"1";"1";"6";"Avenue de la Sentinelle";"47,08371893";"1,81588579"
"202400041225";"5";"04";"2024";"17:00";"1";"67";"67312";"1";"1";"1";"1";"D70";"48,74011600";"7,58739400"
"202400041226";"28";"02";"2024";"16:55";"1";"974";"97405";"2";"1";"1";"2";"58 Rue de l'Anse";" -21,34245200";"55,55891800"
"202400041227";"10";"01";"2024";"08:15";"2";"37";"37261";"2";"2";"1";"3";"HEURTELOUP (BOULEVARD)";"47,39218000";"0,70060000"
"202400041228";"4";"04";"2024";"23:35";"3";"62";"62571";"2";"1";"1";"1";"D940";"50,43859300";"1,61202900"
"202400041229";"11";"05";"2024";"10:00";"1";"30";"30032";"1";"3";"1";"3";"saint gilles route de D38";"43,79874000";"4,60920000"
"202400041230";"23";"02";"2024";"07:20";"1";"972";"97222";"1";"1";"1";"3";"N1";"14,66713100";" -60,96460500"
"202400041231";"11";"01";"2024";"08:15";"2";"35";"35278";"2";"1";"1";"3";"SCHUMAN (BOULEVARD R)";"48,15463000";" -1,69502000"
"202400041232";"25";"03";"2024";"09:20";"1";"83";"83017";"2";"1";"1";"6";"chemin du vallon";"43,24177200";"6,00373900"
"202400041233";"11";"05";"2024";"15:00";"1";"13";"13103";"2";"1";"1";"3";"AVENUE DE LA PATROUILLE DE FRANCE-RN 538";"43,62918739";"5,10171074"
"202400041234";"11";"01";"2024";"08:24";"1";"34";"34172";"2";"1";"2";"6";"PIC SAINT LOUP (AVENUE DU)";"43,63896000";"3,85108000"
"202400041235";"4";"04";"2024";"14:20";"1";"37";"37166";"1";"1";"1";"2";"A10 PK 184+900 SENS PARIS-BORDEAUX";"47,51744362";"0,91355271"
"202400041236";"11";"05";"2024";"22:40";"5";"13";"13212";"2";"1";"1";"1";"SAINT PIERRE (RUE)";"43,29158261";"5,41581378"
"202400041237";"27";"02";"2024";"11:00";"1";"63";"63374";"1";"1";"5";"3";"D996";"45,53074600";"3,80353868"
"202400041238";"11";"01";"2024";"19:25";"5";"33";"33063";"2";"1";"1";"2";"N/A";"44,82590000";" -0,53643250"
"202400041239";"11";"05";"2024";"17:00";"1";"13";"13211";"2";"1";"1";"6";"DOCTEUR HECKEL (RUE DU)";"43,28780890";"5,44184412"
"202400041240";"3";"04";"2024";"12:15";"1";"74";"74123";"1";"4";"2";"5";"D1508";"45,75685700";"6,27031300"
"202400041241";"22";"02";"2024";"06:55";"2";"49";"49218";"2";"9";"3";"6";"Avenue de l'Èvre (St Pierre-Montlimart)";"47,26190223";" -1,04027194"
"202400041242";"5";"04";"2024";"01:15";"5";"76";"76159";"2";"1";"2";"6";"Route d'Ocqueville";"49,78892200";"0,63932300"
"202400041243";"27";"02";"2024";"11:55";"1";"68";"68155";"2";"1";"1";"7";"1 Route de Colmar";"48,09480400";"7,30577900"
"202400041244";"5";"04";"2024";"11:50";"1";"80";"80598";"1";"1";"1";"6";"D111";"50,21022400";"1,77776800"
"202400041245";"11";"05";"2024";"09:35";"1";"13";"13205";"2";"1";"1";"2";"SAINT PIERRE (RUE)";"43,29219000";"5,40190000"
"202400041246";"11";"01";"2024";"17:10";"2";"33";"33063";"2";"2";"1";"5";"Boulevard Albert 1er";"44,81473000";" -0,57227000"
"202400041247";"27";"02";"2024";"14:05";"1";"29";"29241";"1";"1";"1";"3";"D70";"47,95131300";" -3,84194300"
"202400041248";"5";"04";"2024";"12:05";"1";"33";"33424";"1";"1";"1";"7";"N/A";"45,18666500";" -0,89973100"
"202400041249";"4";"04";"2024";"17:15";"1";"32";"32121";"1";"1";"1";"7";"D634";"43,53905859";"0,99859395"
"202400041250";"27";"02";"2024";"18:12";"2";"84";"84089";"2";"1";"1";"6";"Boulevard Jean Guigues";"43,69467900";"5,49298700"
"202400041251";"27";"02";"2024";"11:30";"1";"07";"07117";"2";"1";"1";"6";"92 Route de Joyeuse";"44,46464400";"4,21553700"
"202400041252";"27";"02";"2024";"13:57";"1";"87";"87078";"1";"1";"1";"7";"D675";"45,96278500";"0,94212100"
"202400041253";"28";"02";"2024";"13:50";"1";"31";"31488";"1";"1";"1";"2";"A68 PK 004 + 100";"43,65137524";"1,51778462"
"202400041254";"11";"01";"2024";"08:28";"2";"33";"33063";"2";"2";"8";"3";"N/A";"44,83875000";" -0,62591600"
"202400041255";"10";"05";"2024";"17:00";"1";"13";"13028";"2";"1";"1";"3";"LAMARTINE (BOULEVARD JEAN)";"43,17889000";"5,60807000"
"202400041256";"3";"04";"2024";"12:15";"1";"63";"63214";"2";"3";"1";"3";"RD751 / rue des Roches";"45,68722800";"3,19879200"
"202400041257";"27";"02";"2024";"14:55";"1";"06";"06018";"1";"1";"2";"3";"225 Rue Fernand Léger";"43,61530800";"7,06226700"
"202400041258";"11";"01";"2024";"18:35";"3";"31";"31555";"1";"9";"1";"1";"CHE DES ETROITS";"43,56926000";"1,43948000"
"202400041259";"31";"03";"2024";"17:20";"1";"61";"61222";"1";"1";"1";"6";"D257";"48,75253100";" -0,64890600"
"202400041260";"28";"02";"2024";"09:45";"1";"06";"06149";"1";"1";"1";"2";"A8, PK 205.000 chaussée nord";"43,74295957";"7,34229382"
"202400041261";"30";"03";"2024";"19:30";"2";"61";"61093";"1";"1";"1";"6";"D229";"48,73396700";" -0,64647600"
"202400041262";"11";"01";"2024";"08:55";"1";"31";"31555";"2";"1";"8";"2";"RUE MONTOULIEU VELANE";"43,59666000";"1,44993000"
"202400041263";"11";"05";"2024";"22:31";"5";"06";"06088";"2";"3";"1";"3";"147 Avenue Simone Veil";"43,69215000";"7,19925000"
"202400041264";"27";"02";"2024";"18:25";"2";"987";"98729";"1";"1";"1";"1";"PK 34.700 à HAAPITI";" -17,55451300";" -149,87884300"
"202400041265";"17";"03";"2024";"18:12";"1";"49";"49339";"1";"1";"1";"1";"D108";"47,59377800";" -0,54105500"
"202400041266";"11";"01";"2024";"02:30";"5";"31";"31555";"2";"6";"8";"6";"AV DE TABAR";"43,57432187";"1,40121683"
"202400041267";"10";"05";"2024";"13:40";"1";"05";"05061";"1";"1";"1";"1";"VEYNES ( ROUTE DE )";"44,54810000";"6,03787000"
"202400041268";"4";"04";"2024";"17:34";"1";"46";"46182";"1";"1";"1";"6";"Cevenne de Caix";"44,48829300";"1,30428300"
"202400041269";"18";"07";"2024";"20:03";"1";"93";"93046";"2";"5";"1";"3";"Avenue Aristide Briand / Boulevard Jean Moulin";"48,91060000";"2,51227000"
"202400041270";"10";"05";"2024";"14:45";"1";"01";"01344";"1";"1";"1";"7";"DOMBES (AVENUE DE LA)";"46,19844000";"5,19812000"
"202400041271";"11";"01";"2024";"15:35";"1";"29";"29232";"1";"1";"1";"2";"CONCARNEAU ROUTE DE";"47,96640170";" -4,06111179"
"202400041272";"27";"02";"2024";"22:00";"5";"21";"21515";"2";"1";"1";"7";"Avenue de Bourgogne";"47,31067800";"5,10298800"
"202400041273";"5";"04";"2024";"10:45";"1";"22";"22013";"2";"2";"1";"3";"Rue Pont Jilez";"48,47511200";" -3,18594900"
"202400041274";"18";"07";"2024";"08:40";"1";"93";"93045";"2";"5";"1";"3";"Boulevard Eugène Decros / Rue de la Convention";"48,88258000";"2,41533000"
"202400041275";"11";"05";"2024";"12:15";"1";"75";"75112";"2";"1";"1";"3";"BD PERIPHERIQUE EXTERIEUR";"48,82952500";"2,40122800"
"202400041276";"28";"02";"2024";"09:15";"1";"78";"78615";"1";"1";"1";"3";"D30";"48,83983800";"1,95992300"
"202400041277";"11";"05";"2024";"20:30";"1";"75";"75120";"2";"1";"1";"6";"COURS DE VINCENNES";"48,84728700";"2,40887900"
"202400041278";"2";"04";"2024";"07:55";"1";"38";"38394";"1";"3";"7";"2";"D21";"45,09562500";"5,25034400"
"202400041279";"18";"07";"2024";"07:50";"1";"93";"93010";"2";"1";"1";"6";"Route d'Aulnay";"48,90719576";"2,48030501"
"202400041280";"10";"05";"2024";"16:15";"1";"75";"75119";"2";"3";"1";"6";"RUE DE BELLEVILLE";"48,87492500";"2,38894900"
"202400041281";"2";"02";"2024";"11:20";"1";"34";"34157";"2";"4";"1";"6";"Rue Calendal";"43,42835700";"3,60001800"
"202400041282";"10";"01";"2024";"16:47";"1";"16";"16102";"2";"1";"8";"1";"GROIE (RUE DE LA)";"45,68739000";" -0,35481000"
"202400041283";"5";"04";"2024";"18:30";"1";"03";"03043";"2";"4";"1";"3";"Rue des 3 Ormeaux";"46,19069700";"3,27386100"
"202400041284";"18";"07";"2024";"09:23";"1";"93";"93005";"2";"1";"1";"2";"Rue Joseph-marie Jacquard";"48,94873839";"2,48811616"
"202400041285";"10";"05";"2024";"14:45";"1";"75";"75118";"2";"3";"1";"6";"RUE ANDROUET";"48,88556800";"2,33852300"
"202400041286";"1";"04";"2024";"19:10";"2";"58";"58010";"1";"1";"3";"6";"Les Pasquelins";"47,04533700";"4,04139200"
"202400041287";"27";"02";"2024";"15:10";"1";"67";"67339";"1";"1";"1";"3";"D344";"48,88386981";"7,92066469"
"202400041288";"11";"01";"2024";"11:00";"1";"14";"14220";"2";"6";"7";"7";"Route des Createurs";"49,35992000";"0,08295000"
"202400041289";"17";"07";"2024";"16:00";"1";"92";"92073";"2";"5";"1";"3";"LIBERTE (RUE DE LA)";"48,87969239";"2,21891132"
"202400041290";"5";"04";"2024";"15:30";"1";"72";"72344";"1";"3";"1";"3";"route du parc";"47,94154600";"0,16591100"
"202400041291";"11";"05";"2024";"20:30";"1";"75";"75116";"2";"2";"1";"7";"RUE DE BOULAINVILLIERS";"48,85423600";"2,27551400"
"202400041292";"12";"01";"2024";"00:02";"5";"13";"13208";"2";"2";"1";"3";"ROUET (RUE DU)";"43,28106000";"5,38936000"
"202400041293";"26";"02";"2024";"16:55";"1";"57";"57596";"2";"1";"1";"3";"Rue Nationale";"49,16405800";"6,85973000"
"202400041294";"4";"04";"2024";"16:45";"1";"09";"09265";"2";"2";"1";"2";"Rue du 14 Juillet";"43,08106600";"1,62401900"
"202400041295";"11";"05";"2024";"13:00";"1";"75";"75115";"2";"2";"1";"3";"RUE SAINT CHARLES";"48,83848900";"2,27837500"
"202400041296";"27";"02";"2024";"16:10";"1";"69";"69204";"2";"1";"1";"6";"76 Rue des Collonges";"45,69252700";"4,80576800"
"202400041297";"4";"04";"2024";"14:00";"1";"45";"45333";"1";"1";"8";"2";"D8 PR 5 + 877";"47,93806800";"2,05017300"
"202400041298";"11";"05";"2024";"16:20";"1";"75";"75113";"2";"3";"1";"6";"BOULEVARD ARAGO";"48,83658900";"2,35114900"
"202400041299";"18";"07";"2024";"18:07";"1";"92";"92051";"2";"3";"1";"3";"CHARLES DE GAULLE (AVENUE, N° 18 A 116)";"48,88244917";"2,26755023"
"202400041300";"27";"02";"2024";"09:50";"1";"35";"35240";"1";"1";"1";"6";"route nationale 24";"48,09404226";" -1,76540583"
"202400041301";"5";"04";"2024";"17:20";"1";"64";"64037";"1";"2";"1";"2";"D2";"43,33739700";" -0,49983500"
"202400041302";"11";"01";"2024";"17:10";"5";"13";"13211";"2";"1";"1";"1";"SAINT MENET (MONTEE)";"43,29400000";"5,49000000"
"202400041303";"11";"05";"2024";"15:25";"1";"94";"94078";"2";"3";"1";"3";"Av du Pdt J Fitzgerald Kennedy / Rue des Acacias";"48,73337600";"2,46203400"
"202400041304";"5";"04";"2024";"09:12";"3";"64";"64198";"1";"1";"1";"7";"11 Route de Pau";"43,36059400";" -0,50374000"
"202400041305";"27";"02";"2024";"15:24";"1";"76";"76759";"1";"3";"1";"7";"Route des Sablons";"49,41415174";"0,89202744"
"202400041306";"18";"07";"2024";"10:10";"1";"92";"92049";"2";"2";"1";"2";"PERI RUE GABRIEL N°2 A 36";"48,81801402";"2,32230002"
"202400041307";"11";"05";"2024";"19:00";"1";"94";"94076";"2";"1";"1";"6";"49 Avenue de Paris";"48,80489569";"2,36392014"
"202400041308";"11";"01";"2024";"16:10";"1";"13";"13203";"2";"1";"1";"1";"PLOMBIERES (BOULEVARD DES)";"43,31940000";"5,37791000"
"202400041309";"27";"02";"2024";"16:40";"1";"33";"33281";"1";"1";"1";"7";"ROCADE A 630";"44,83643000";" -0,67630000"
"202400041310";"18";"07";"2024";"20:16";"1";"92";"92040";"2";"9";"1";"6";"ABBE GREGOIRE (DE L')";"48,82274350";"2,27617389"
"202400041311";"5";"04";"2024";"06:35";"2";"18";"18221";"1";"1";"1";"1";"N/A";"46,83820700";"2,33869300"