"Num_Acc";"jour";"mois";"an";"hrmn";"lum";"dep";"com";"agg";"int";"atm";"col";"adr";"lat";"long"
"202400041312";"26";"02";"2024";"23:45";"3";"59";"59328";"1";"1";"8";"6";"ROUTE METROPOLITAINE 652";"50,65570185";"3,01288969"
"202400041313";"11";"05";"2024";"14:10";"1";"94";"94017";"2";"2";"1";"3";"Avenue du Parc / Avenue Paul Venzac";"48,81177000";"2,55687000"
"202400041314";"4";"04";"2024";"11:24";"1";"36";"36088";"2";"9";"1";"2";"55 Route de Bourges";"46,95143700";"2,00323400"
"202400041315";"18";"07";"2024";"08:10";"1";"92";"92026";"2";"1";"1";"3";"PRÉSIDENT PAUL DOUMER (QUAI DU)";"48,89008262";"2,25620694"
"202400041316";"11";"01";"2024";"14:35";"1";"13";"13206";"2";"3";"2";"3";"ROME (RUE DE)";"43,29120000";"5,38078000"
"202400041317";"26";"02";"2024";"20:00";"3";"92";"92047";"1";"1";"2";"2";"A13";"48,83335317";"2,16131084"
"202400041318";"10";"05";"2024";"22:30";"3";"94";"94017";"2";"1";"1";"2";"Avenue Salvador Allendé";"48,80849000";"2,55195000"
"202400041319";"17";"07";"2024";"19:45";"1";"92";"92025";"2";"1";"1";"2";"GABRIEL PERI (RUE)";"48,91823614";"2,23892422"
"202400041320";"5";"04";"2024";"13:30";"1";"07";"07048";"2";"1";"1";"6";"rue du Temple";"44,88019200";"4,57716300"
"202400041321";"26";"02";"2024";"09:30";"1";"92";"92063";"1";"1";"1";"6";"A86";"48,89039593";"2,17105040"
"202400041322";"11";"01";"2024";"13:20";"1";"13";"13001";"1";"1";"1";"6";"PREMIERE DIV FRANCAISE LIB (AV)";"43,55678531";"5,44489760"
"202400041323";"10";"05";"2024";"20:30";"1";"93";"93078";"2";"1";"1";"3";"Boulevard Robert Ballanger";"48,95345000";"2,53283000"
"202400041324";"18";"07";"2024";"03:15";"5";"92";"92012";"2";"1";"1";"6";"GENERAL LECLERC (AVENUE DU) 35/FIN - 60/";"48,83034348";"2,23271620"
"202400041325";"3";"04";"2024";"17:15";"1";"40";"40224";"2";"1";"1";"3";"Chemin de la Plaine";"43,54713700";" -1,12034800"
"202400041326";"27";"02";"2024";"15:00";"1";"95";"95277";"1";"1";"1";"4";"A3";"48,96803561";"2,47785819"
"202400041327";"11";"01";"2024";"14:40";"1";"11";"11262";"2";"2";"2";"6";"N/A";"43,18710000";"2,98304000"
"202400041328";"11";"05";"2024";"19:56";"1";"93";"93066";"2";"2";"1";"2";"Avenue de Stalingrad / Avenue Roger Sémat";"48,94433400";"2,35710500"
"202400041329";"3";"04";"2024";"17:02";"1";"67";"67506";"2";"1";"1";"6";"Rue de la Gare";"48,66668579";"7,71738321"
"202400041330";"19";"07";"2024";"14:36";"1";"60";"60587";"2";"2";"1";"1";"Rue de Paris";"49,34230700";"2,60636200"
"202400041331";"11";"01";"2024";"08:40";"1";"11";"11262";"2";"1";"2";"6";"Rue Ancienne Porte de Béziers";"43,18656000";"3,00669000"
"202400041332";"11";"05";"2024";"18:55";"1";"93";"93064";"2";"1";"1";"6";"Avenue du Général de Gaulle";"48,87718200";"2,48015300"
"202400041333";"27";"02";"2024";"09:40";"1";"93";"93063";"1";"1";"1";"5";"A3";"48,87835874";"2,44648683"
"202400041334";"10";"05";"2024";"23:50";"5";"93";"93031";"2";"1";"1";"7";"Avenue Joffre";"48,95823172";"2,30160820"
"202400041335";"18";"07";"2024";"09:15";"1";"37";"37010";"1";"2";"1";"3";"la grande épinière";"47,53090800";"0,94665900"
"202400041336";"10";"01";"2024";"16:30";"1";"11";"11069";"2";"1";"2";"2";"N/A";"43,20318000";"2,31454000"
"202400041337";"26";"02";"2024";"09:00";"1";"92";"92036";"1";"1";"2";"2";"AUTOROUTE A86";"48,93811425";"2,29894280"
"202400041338";"5";"04";"2024";"08:45";"1";"42";"42279";"2";"1";"1";"3";"515 Route de Chavagneux";"45,49020900";"4,23369000"
"202400041339";"10";"05";"2024";"22:30";"5";"93";"93047";"2";"3";"1";"2";"Rue de Coubron / Avenue Herschell";"48,90318800";"2,57711000"
"202400041340";"11";"01";"2024";"19:45";"5";"06";"06069";"2";"1";"1";"7";"Route de Cannes";"43,62630000";"6,96213000"
"202400041341";"18";"07";"2024";"11:18";"1";"67";"67222";"1";"3";"1";"3";"D919";"48,89684600";"7,45094100"
"202400041342";"4";"04";"2024";"20:30";"5";"987";"98712";"1";"1";"1";"1";"PK 17 - district de TIVA";" -16,64761200";" -151,49778500"
"202400041343";"26";"02";"2024";"09:15";"1";"93";"93053";"1";"1";"2";"2";"A3";"48,89292727";"2,47244859"
"202400041344";"11";"01";"2024";"17:25";"2";"06";"06069";"2";"1";"1";"2";"Route de Draguignan";"43,64421000";"6,89982000"
"202400041345";"11";"05";"2024";"11:15";"1";"93";"93071";"2";"3";"1";"3";"Allée des Peupliers / Allée de Surièges";"48,93085000";"2,51595000"
"202400041346";"18";"07";"2024";"08:10";"1";"52";"52535";"2";"1";"1";"6";"63 Grande Rue";"48,10500200";"5,06288600"
"202400041347";"27";"02";"2024";"08:45";"1";"94";"94017";"1";"1";"1";"3";"A4";"48,83020089";"2,49576700"
"202400041348";"18";"07";"2024";"10:55";"1";"22";"22177";"1";"1";"1";"6";"D9";"48,63318000";" -2,95200200"
"202400041349";"4";"04";"2024";"18:30";"1";"44";"44069";"1";"6";"1";"5";"4 la depeche";"47,29648800";" -2,43534700"
"202400041350";"11";"01";"2024";"15:15";"1";"06";"06069";"2";"1";"7";"3";"MADELEINE";"43,65524000";"6,93824000"
"202400041351";"11";"05";"2024";"14:30";"1";"93";"93001";"2";"5";"1";"6";"Avenue de la République / Avenue Victor Hugo";"48,91447419";"2,38148144"
"202400041352";"26";"02";"2024";"14:50";"1";"94";"94017";"1";"1";"2";"2";"A4";"48,83020089";"2,49576700"
"202400041353";"5";"04";"2024";"16:20";"1";"51";"51097";"1";"1";"2";"7";"Autoroute A4 - PK187.200";"49,02988560";"4,54248130"
"202400041354";"9";"07";"2024";"13:40";"1";"85";"85223";"2";"1";"1";"6";"59 Route de la Roche-sur-Yon";"46,55733300";" -1,06512100"
"202400041355";"9";"01";"2024";"07:50";"2";"06";"06069";"2";"1";"2";"7";"Avenue Sidi Brahim";"43,65070200";"6,92825000"
"202400041356";"12";"05";"2024";"17:50";"1";"60";"60531";"1";"1";"1";"7";"Rue de Canly";"49,42039600";"2,69903200"
"202400041357";"18";"07";"2024";"16:35";"1";"41";"41256";"1";"1";"1";"7";"A71";"47,35087297";"2,05005724"
"202400041358";"26";"02";"2024";"20:40";"5";"75";"75118";"2";"2";"2";"6";"RUE DAMREMONT";"48,89530200";"2,33755000"
"202400041359";"4";"04";"2024";"16:50";"1";"11";"11262";"1";"1";"1";"1";"N/A";"43,13771200";"3,05218200"
"202400041360";"11";"01";"2024";"17:45";"5";"75";"75114";"2";"1";"1";"4";"BD PERIPHERIQUE EXTERIEUR";"48,81998400";"2,32569600"
"202400041361";"18";"07";"2024";"16:27";"1";"01";"01109";"1";"3";"1";"3";"intersection RD 984 / RD 1206";"46,12201300";"5,89578500"
"202400041362";"5";"04";"2024";"14:15";"1";"976";"97607";"1";"1";"1";"6";"route nationale 3";" -12,87121200";"45,20764600"
"202400041363";"12";"05";"2024";"17:35";"1";"28";"28141";"1";"1";"1";"4";"autoroute a11 pk 072+000";"48,33188200";"1,38838600"
"202400041364";"26";"02";"2024";"08:20";"1";"75";"75118";"2";"3";"2";"2";"BOULEVARD BARBES";"48,88449900";"2,34938200"
"202400041365";"11";"01";"2024";"10:25";"1";"75";"75119";"2";"1";"1";"2";"BD PERIPHERIQUE INTERIEUR";"48,88273500";"2,40060300"
"202400041366";"10";"05";"2024";"19:00";"2";"83";"83067";"1";"1";"1";"6";"A57";"43,32160300";"6,29902800"
"202400041367";"18";"07";"2024";"21:55";"3";"974";"97413";"1";"1";"1";"1";"Rue Georges Pompidou";" -21,14327800";"55,28593200"
"202400041368";"11";"02";"2024";"18:45";"2";"974";"97417";"2";"1";"2";"3";"Route Nationale 2 Baril";" -21,36960682";"55,72331643"
"202400041369";"26";"02";"2024";"17:00";"1";"75";"75117";"2";"2";"2";"3";"RUE DES DAMES";"48,88328600";"2,31928400"
"202400041370";"17";"07";"2024";"08:45";"1";"23";"23235";"1";"1";"1";"6";"Souvelinges";"46,17762000";"1,56740800"
"202400041371";"10";"05";"2024";"11:50";"1";"28";"28196";"1";"2";"1";"3";"D921";"48,29323600";"1,24869900"
"202400041372";"5";"04";"2024";"21:15";"5";"974";"97415";"1";"1";"8";"6";"Route Nationale 1";" -21,04273000";"55,24965400"
"202400041373";"18";"07";"2024";"00:20";"3";"56";"56205";"1";"1";"1";"7";"La Croix Lasne";"47,56411900";" -2,70958900"
"202400041374";"26";"02";"2024";"09:00";"1";"75";"75116";"2";"4";"2";"2";"QUAI SAINT EXUPERY";"48,83816700";"2,26572800"
"202400041375";"12";"05";"2024";"17:50";"1";"67";"67063";"1";"1";"1";"2";"D57";"48,38397900";"7,27205300"
"202400041376";"4";"04";"2024";"16:00";"1";"971";"97118";"2";"1";"1";"2";"Prise d'Eau";"16,20884500";" -61,64880800"
"202400041377";"17";"07";"2024";"19:30";"1";101;101130";"2";"1";"1";"1";"#1355 Boulevard Marie-Jeanne Bozzi#";"41,90268200";"8,81362400"
"202400041378";"26";"02";"2024";"16:20";"1";"75";"75115";"2";"6";"2";"6";"PLACE CAMBRONNE";"48,84790600";"2,30137200"
"202400041379";"5";"04";"2024";"11:00";"1";"77";"77099";"2";"1";"2";"6";"1 Rue de la Gare";"48,14995400";"2,69812000"
"202400041380";"17";"07";"2024";"13:20";"1";101;101271";"2";"1";"1";"1";"T20";"41,98342000";"8,84053900"
"202400041381";"11";"05";"2024";"19:15";"1";"35";"35085";"1";"3";"1";"3";"D895";"48,41701100";" -1,75552700"
"202400041382";"26";"02";"2024";"15:45";"1";"75";"75113";"2";"3";"2";"6";"RUE DE TOLBIAC";"48,82678800";"2,36503700"
"202400041383";"18";"07";"2024";"10:28";"1";"82";"82027";"1";"1";"1";"1";"Chemin de la Mothe";"43,89512500";"1,30591400"
"202400041384";"5";"04";"2024";"07:45";"2";"78";"78305";"1";"1";"1";"6";"route de boulemont";"48,89482200";"1,90137000"
"202400041385";"11";"05";"2024";"13:05";"1";"41";"41201";"1";"1";"1";"1";"Le Coteau de la Herse";"47,71620100";"0,88001100"
"202400041386";"26";"02";"2024";"11:00";"1";"75";"75101";"2";"3";"2";"6";"BOULEVARD DE SEBASTOPOL";"48,86005700";"2,34908200"
"202400041387";"19";"07";"2024";"00:15";"3";"65";"65288";"2";"1";"1";"6";"6 CHEMIN DE CASTETS";"43,31016700";"0,29831500"
"202400041388";"22";"03";"2024";"11:30";"1";100;100313";"2";"1";"1";"6";"Moriani Plage";"42,37284400";"9,52869800"
"202400041389";"11";"05";"2024";"04:20";"3";"89";"89240";"1";"1";"1";"1";"D660";"48,17424200";"3,36902600"
"202400041390";"5";"04";"2024";"18:35";"1";"30";"30027";"1";"1";"1";"7";"D24";"44,06596100";"4,06838500"
"202400041391";"11";"05";"2024";"12:00";"1";"91";"91573";"2";"9";"1";"6";"6 Avenue Fernand Sastre";"48,60659200";"2,50775300"
"202400041392";"17";"07";"2024";"16:55";"1";"33";"33466";"2";"3";"1";"3";"N/A";"44,81995600";" -0,28173400"
"202400041393";"25";"02";"2024";"08:17";"1";"94";"94081";"2";"2";"2";"3";"Avenue Rouget de Lisle / Rue Watteau";"48,77827000";"2,39643000"
"202400041394";"11";"05";"2024";"23:50";"3";"19";"19123";"2";"1";"1";"6";"avenue Pierre et marie currie";"45,17761046";"1,59053671"
"202400041395";"5";"04";"2024";"18:30";"1";"84";"84117";"2";"2";"1";"3";"D 51";"44,26830200";"4,95847100"
"202400041396";"25";"02";"2024";"01:55";"5";"94";"94081";"2";"3";"1";"6";"Quai Jules Guesde / Rue Rosa Parks";"48,80442000";"2,40858000"
"202400041397";"7";"05";"2024";"18:15";"1";"65";"65055";"2";"1";"2";"6";"39 Chemin de Pouey Castet";"43,00299300";" -0,07590900"
"202400041398";"5";"04";"2024";"03:30";"5";"84";"84036";"2";"1";"1";"6";"Chemin de la Traverse";"43,92351400";"4,93896300"
"202400041399";"12";"05";"2024";"12:00";"1";"71";"71146";"2";"1";"1";"7";"Chemin des Berthet";"46,47941900";"4,71063000"
"202400041400";"26";"02";"2024";"12:25";"1";"94";"94074";"2";"1";"2";"6";"80 Rue du Colonel Fabien";"48,74196077";"2,47307262"
"202400041401";"5";"05";"2024";"08:30";"2";"63";"63223";"1";"1";"1";"6";"chateau gaillard";"46,11014791";"2,90846944"
"202400041402";"15";"01";"2024";"08:50";"1";"83";"83023";"1";"3";"1";"7";"DN7 - ROUTE DE MARSEILLE";"43,40306800";"6,00132500"
"202400041403";"26";"02";"2024";"06:02";"5";"94";"94068";"2";"5";"2";"6";"Rue de la Varenne / Avenue Godefroy Cavaignac";"48,80770200";"2,47410900"
"202400041404";"19";"07";"2024";"08:40";"1";"71";"71305";"1";"2";"1";"2";"Route de Pont de Vaux";"46,44801900";"4,89442500"
"202400041405";"12";"05";"2024";"07:45";"1";"63";"63149";"1";"1";"1";"1";"D224";"45,89221500";"3,25180300"
"202400041406";"25";"02";"2024";"07:50";"2";"94";"94068";"2";"3";"8";"6";"Rue du Pont de Créteil / Boulevard de Créteil";"48,79983000";"2,47113000"
"202400041407";"5";"04";"2024";"18:15";"1";"04";"04143";"1";"1";"1";"2";"D4b";"43,92324800";"5,90902400"
"202400041408";"11";"05";"2024";"10:50";"1";"76";"76638";"1";"2";"7";"3";"PK54 sur la RD1314 au carrefour avec la C406";"50,01301400";"1,42829800"
"202400041409";"26";"02";"2024";"20:11";"5";"94";"94042";"2";"5";"2";"3";"Avenue du Général Galliéni / Rue Chapsal";"48,82012700";"2,46701900"
"202400041410";"11";"05";"2024";"18:45";"1";"55";"55053";"1";"1";"7";"7";"D16";"49,32724800";"5,60403600"
"202400041411";"20";"03";"2024";"07:35";"2";"13";"13003";"2";"3";"1";"3";"Avenue du Marechal Juin";"43,70470400";"5,15842400"
"202400041412";"23";"02";"2024";"12:00";"1";"94";"94065";"1";"1";"2";"2";"N186";"48,75378262";"2,36314684"
"202400041413";"3";"04";"2024";"19:30";"1";"13";"13030";"1";"3";"1";"1";"D8n";"43,26562800";"5,66486800"
"202400041414";"26";"02";"2024";"07:30";"2";"94";"94033";"2";"3";"8";"6";"Avenue Jean Moulin / Avenue Victor Hugo";"48,85964000";"2,48047000"
"202400041415";"18";"07";"2024";"19:02";"1";"61";"61040";"1";"3";"1";"3";"RD118";"48,70358600";" -0,46168800"
"202400041416";"5";"04";"2024";"08:55";"1";"54";"54397";"2";"2";"7";"6";"Rue du Capitaine Caillon";"48,61314900";"6,10282100"
"202400041417";"26";"02";"2024";"17:50";"2";"94";"94069";"2";"1";"2";"6";"Quai de la République";"48,81781700";"2,42214300"
"202400041418";"12";"05";"2024";"08:54";"1";"12";"12238";"1";"1";"1";"1";"D911 lieu-dit bois du four";"44,23743600";"2,98429000"
"202400041419";"5";"04";"2024";"13:25";"1";"26";"26072";"2";"1";"1";"6";"Rue des Ecoles";"45,11255000";"4,89758600"
"202400041420";"10";"05";"2024";"14:50";"1";"29";"29220";"2";"6";"1";"7";"Route de Saint Jean Trolimon";"47,86275282";" -4,24581054"
"202400041421";"25";"02";"2024";"16:05";"1";"94";"94018";"2";"1";"2";"4";"Rue des Bordeaux";"48,81972000";"2,40787000"
"202400041422";"4";"04";"2024";"22:00";"3";"26";"26074";"1";"1";"1";"6";"Route départementale 103";"44,97599117";"5,43632269"
"202400041423";"11";"05";"2024";"15:45";"1";"29";"29284";"1";"1";"1";"7";"Chemin des Dunes";"47,79138100";" -4,26883700"
"202400041424";"5";"04";"2024";"08:45";"1";"01";"01376";"1";"1";"1";"1";"Chemin de la Chevrotte";"45,85356900";"4,97418900"
"202400041425";"26";"02";"2024";"09:40";"1";"93";"93073";"1";"1";"2";"5";"CHAPIT RE ( RUE DU)";"49,00335482";"2,55917072"
"202400041426";"12";"05";"2024";"19:55";"1";"38";"38495";"1";"3";"1";"1";"D71";"45,12042800";"5,27902700"
"202400041427";"5";"04";"2024";"19:30";"5";"69";"69278";"2";"1";"1";"1";"Chemin de la Caraudière";"45,90100300";"4,83022900"
"202400041428";"11";"05";"2024";"23:32";"5";"02";"02295";"2";"1";"1";"6";"21 rue du general de gaulle";"49,90351100";"3,91391200"
"202400041429";"26";"02";"2024";"17:45";"1";"93";"93066";"2";"1";"2";"2";"Rue Henri Delaunay";"48,92618000";"2,36180000"
"202400041430";"18";"07";"2024";"18:30";"1";"55";"55527";"1";"1";"1";"5";"RD 38 PK 6+664";"49,21217671";"5,01556221"
"202400041431";"4";"04";"2024";"17:30";"1";"31";"31135";"2";"2";"1";"3";"Avenue de Toulouse";"43,21790600";"1,08512500"
"202400041432";"12";"05";"2024";"20:40";"1";"02";"02128";"1";"9";"2";"6";"D516";"49,54885300";"3,67657900"
"202400041433";"19";"07";"2024";"15:50";"1";"49";"49222";"1";"6";"1";"3";"RD 160";"47,36597800";" -0,56287800"
"202400041434";"26";"03";"2024";"13:10";"1";"72";"72264";"2";"1";"3";"6";"Rue du Clos du Bois";"47,82607900";" -0,31552400"
"202400041435";"11";"05";"2024";"16:15";"1";"03";"03118";"2";"1";"7";"1";"7 Rue de Saint Etienne";"46,10280900";"3,18938800"
"202400041436";"2";"04";"2024";"18:40";"1";"14";"14762";"2";"1";"2";"6";"9 Square Georges Pompidou";"48,84690500";" -0,88805800"
"202400041437";"18";"07";"2024";"13:35";"1";"46";"46028";"1";"3";"7";"3";"D20";"44,92583497";"1,74161197"
"202400041438";"11";"05";"2024";"22:15";"3";"03";"03161";"2";"4";"1";"1";"Lieu Dit Conjarette";"46,16620500";"2,64093500"
"202400041439";"26";"02";"2024";"14:30";"1";"93";"93066";"2";"2";"3";"3";"Avenue des Arts et Métiers / Rue du Landy";"48,91516000";"2,36172000"
"202400041440";"3";"04";"2024";"17:30";"1";"13";"13106";"1";"1";"1";"4";"A7-Sens Lyon vers Marseille";"43,39071033";"5,35120523"
"202400041441";"17";"07";"2024";"10:00";"1";"29";"29137";"1";"1";"1";"3";"route de l'Argoat";"48,33646100";" -4,28010100"
"202400041442";"11";"05";"2024";"11:00";"1";"15";"15027";"1";"1";"1";"7";"RD 19";"44,71238400";"2,30226900"
"202400041443";"26";"02";"2024";"08:10";"2";"93";"93066";"2";"1";"2";"3";"Avenue Paul Vaillant-Couturier";"48,93111000";"2,36354400"
"202400041444";"18";"07";"2024";"21:15";"1";"68";"68380";"1";"1";"1";"3";"Rue de Kiffis";"47,44964000";"7,38610600"
"202400041445";"11";"05";"2024";"19:05";"1";"01";"01265";"2";"1";"1";"2";"rue de savoies";"46,17037300";"5,57676300"
"202400041446";"3";"04";"2024";"16:10";"1";"13";"13071";"1";"1";"1";"2";"A55 - Sens Marseille vers Martigues";"43,39839000";"5,32782000"
"202400041447";"25";"02";"2024";"19:45";"5";"93";"93077";"2";"2";"2";"3";"Boulevard du Général de Gaulle / Rue Pottier";"48,88493000";"2,51957000"
"202400041448";"18";"07";"2024";"07:56";"1";"25";"25370";"1";"1";"1";"3";"D438";"47,45064100";"6,77170900"
"202400041449";"12";"05";"2024";"12:15";"1";"01";"01040";"1";"3";"7";"3";"D26";"46,37102500";"5,03567600"
"202400041450";"3";"04";"2024";"17:45";"1";"83";"83137";"1";"1";"1";"4";"A50 TUNNEL TUBE SUD";"43,12717959";"5,91671394"
"202400041451";"12";"05";"2024";"11:10";"1";"26";"26111";"1";"1";"1";"3";"D70";"44,55106000";"5,18280000"
"202400041452";"26";"02";"2024";"12:40";"1";"93";"93063";"2";"2";"2";"6";"Rue de la République / Rue de Benfleet";"48,88070000";"2,43726000"
"202400041453";"19";"07";"2024";"14:15";"1";"29";"29193";"2";"1";"1";"2";"Rue d'Armor";"48,55427408";" -4,08586824"
"202400041454";"25";"02";"2024";"22:40";"3";"93";"93032";"2";"7";"2";"3";"Avenue Jean Jaurès / Place de la Gare";"48,88287602";"2,52647594"
"202400041455";"18";"07";"2024";"21:10";"1";"15";"15148";"1";"1";"1";"6";"RD 44";"45,01550300";"2,87557400"
"202400041456";"2";"04";"2024";"18:05";"1";"83";"83137";"1";"1";"1";"2";"BRETELLE17  ACCES TOULON CENTRE N -T";"43,12084315";"5,95179617"
"202400041457";"26";"02";"2024";"19:05";"5";"93";"93010";"2";"1";"2";"6";"Avenue Anatole France";"48,89222487";"2,49764621"
"202400041458";"12";"05";"2024";"11:00";"1";"58";"58306";"2";"1";"1";"3";"Le Moulin Mouillé";"46,86663900";"3,54866400"
"202400041459";"4";"04";"2024";"18:40";"1";"93";"93005";"1";"1";"1";"7";"A3";"48,96795092";"2,47949927"
"202400041460";"26";"02";"2024";"09:15";"1";"93";"93005";"2";"2";"2";"2";"JACQUES DUCLOS (RUE)";"48,94719400";"2,49222500"
"202400041461";"19";"07";"2024";"09:20";"1";"70";"70428";"2";"4";"1";"3";"87 Rue Gustave Courtois";"47,65337900";"6,12122800"
"202400041462";"4";"04";"2024";"17:45";"1";"95";"95488";"2";"1";"1";"2";"A15";"49,02460667";"2,13255106"
"202400041463";"11";"05";"2024";"22:00";"3";"50";"50058";"1";"1";"1";"6";"la liette";"49,06994660";" -1,56930310"
"202400041464";"26";"02";"2024";"12:49";"1";"92";"92035";"2";"1";"2";"3";"Général de Gaulle  ( avenue du )";"48,91052627";"2,25481689"
"202400041465";"12";"05";"2024";"08:45";"1";"50";"50239";"1";"2";"1";"3";"Le Chatel";"49,12577300";" -1,18011300"
"202400041466";"3";"04";"2024";"16:50";"1";"93";"93027";"1";"1";"1";"4";"A86";"48,92480211";"2,39182234"
"202400041467";"19";"07";"2024";"07:35";"1";"66";"66161";"1";"3";"1";"3";"N/A";"42,60834700";"2,40424600"
"202400041468";"26";"02";"2024";"13:40";"1";"92";"92024";"2";"2";"3";"3";"VICTOR HUGO (BD)";"48,89991951";"2,31443256"
"202400041469";"3";"04";"2024";"06:20";"3";"95";"95277";"1";"1";"3";"6";"A3";"48,97998245";"2,49663572"
"202400041470";"11";"05";"2024";"16:10";"1";"45";"45095";"2";"3";"7";"3";"D109 PR 4 + 506";"48,05616000";"2,18836600"
"202400041471";"26";"02";"2024";"13:10";"1";"92";"92024";"2";"3";"3";"6";"GESNOUIN (RUE)";"48,90294593";"2,30147767"
"202400041472";"19";"07";"2024";"14:10";"1";"05";"05011";"1";"1";"1";"6";"D942";"44,52914300";"6,18154800"
"202400041473";"2";"04";"2024";"20:00";"1";"95";"95218";"1";"1";"2";"4";"A15";"49,03544363";"2,09728718"
"202400041474";"26";"02";"2024";"09:15";"1";"92";"92019";"2";"3";"2";"3";"JUSTICE (CHEMIN)";"48,76650035";"2,26303518"
"202400041475";"18";"07";"2024";"19:45";"1";"83";"83082";"1";"1";"1";"6";"Route Departementale 955";"43,63703894";"6,47863240"
"202400041476";"10";"05";"2024";"13:55";"1";"73";"73204";"2";"1";"1";"2";"D1006";"45,53104233";"5,68221509"
"202400041477";"2";"04";"2024";"09:40";"1";"95";"95678";"1";"1";"1";"2";"N104";"49,06943199";"2,24863293"
"202400041478";"19";"07";"2024";"13:20";"1";"73";"73010";"1";"1";"1";"6";"D911 Route des Bauges";"45,74063844";"5,97147780"
"202400041479";"27";"02";"2024";"15:55";"1";"974";"97415";"2";"1";"1";"3";"Chemin de la Poudriere";" -21,01576200";"55,27722800"
"202400041480";"11";"05";"2024";"15:05";"1";"40";"40094";"2";"9";"1";"3";"D63";"44,16858200";" -1,03035400"
"202400041481";"3";"04";"2024";"11:30";"1";"94";"94052";"1";"1";"3";"3";"A86";"48,84320967";"2,49265332"
"202400041482";"26";"02";"2024";"10:35";"1";"43";"43080";"2";"1";"1";"3";"D9";"45,33333819";"3,83783362"
"202400041483";"12";"05";"2024";"07:00";"1";"24";"24094";"1";"1";"2";"6";"la tuilière";"45,10019900";"0,69557200"
"202400041484";"17";"07";"2024";"17:10";"1";"36";"36018";"2";"1";"1";"3";"Rue Saint Lazare";"46,63414800";"1,06120000"
"202400041485";"9";"05";"2024";"08:30";"1";"85";"85127";"2";"1";"1";"6";"963 Avenue du Docteur Mathevet";"46,40449000";" -1,50420400"
"202400041486";"27";"02";"2024";"07:05";"1";"974";"97422";"2";"6";"1";"6";"Avenue de l'Europe";" -21,27411400";"55,50627200"
"202400041487";"3";"04";"2024";"18:38";"5";"988";"98818";"2";"1";"1";"6";"VE1 sens Sud/Nord";" -22,25747000";"166,44746000"
"202400041488";"10";"05";"2024";"19:10";"1";"85";"85128";"2";"3";"7";"1";"Rue du président de gaulle";"46,45705500";" -1,18025200"
"202400041489";"28";"03";"2024";"13:35";"1";"974";"97411";"2";"9";"1";"3";"CHAUDRON  (BLD 1 DU)";" -20,89488000";"55,49424000"
"202400041490";"19";"07";"2024";"17:30";"1";"07";"07330";"2";"3";"1";"3";"Route des Gorges";"44,39066600";"4,40495700"
"202400041491";"26";"02";"2024";"19:25";"3";"21";"21501";"1";"1";"1";"4";"Auroroute A6 Pk 263+766";"47,25352900";"4,54851200"
"202400041492";"3";"04";"2024";"19:05";"1";"973";"97302";"2";"3";"1";"1";"NEGRES MARONS (RUE DES) CITE BONHOMME";"4,92376115";" -52,31951639"
"202400041493";"18";"07";"2024";"23:33";"3";"53";"53163";"1";"1";"1";"7";"D140";"48,16140000";" -0,47263200"
"202400041494";"12";"05";"2024";"07:20";"1";"27";"27074";"1";"1";"1";"5";"D613";"49,15484700";"0,64347800"
"202400041495";"27";"02";"2024";"11:50";"1";"62";"62261";"2";"1";"1";"6";"Boulevard de Berck";"50,47808100";"1,59440200"
"202400041496";"3";"04";"2024";"08:27";"1";"973";"97302";"1";"6";"1";"2";"CATAYEE (JUSTIN)";"4,92432367";" -52,32422769"
"202400041497";"10";"05";"2024";"20:20";"1";"28";"28227";"1";"1";"1";"6";"D906";"48,59620400";"1,60123300"
"202400041498";"18";"07";"2024";"17:20";"1";"24";"24218";"1";"3";"1";"1";"la Jarousse";"45,50359500";"1,11744900"
"202400041499";"26";"02";"2024";"17:00";"1";"30";"30334";"2";"1";"1";"7";"1 Place des Cordeliers";"44,01266000";"4,41618500"
"202400041500";"2";"04";"2024";"13:30";"1";"973";"97302";"1";"3";"1";"3";"COLLERY (ZONE INDUSTRIELLE)";"4,90160688";" -52,32631981"
"202400041501";"12";"05";"2024";"11:46";"1";"87";"87116";"1";"6";"2";"3";"pk 39 N147";"46,13831000";"1,05662500"
"202400041502";"18";"07";"2024";"14:30";"1";"04";"04055";"1";"1";"1";"3";"N85";"43,96751500";"6,31389300"
"202400041503";"3";"04";"2024";"07:50";"1";"971";"97105";"2";"1";"7";"6";"BOLOGNE (ROUTE DE)";"16,00757000";" -61,73047000"
"202400041504";"12";"05";"2024";"10:30";"1";"37";"37134";"1";"1";"2";"7";"Rue des Jardins";"47,17829300";"0,73584800"
"202400041505";"11";"05";"2024";"18:20";"1";"88";"88128";"2";"1";"1";"6";"Chemin de Chenaux";"48,33402900";"6,96234900"
"202400041506";"24";"08";"2024";"19:30";"1";"77";"77284";"2";"1";"2";"1";"GALLIENI (AVENUE)";"48,95861000";"2,87256000"
"202400041507";"18";"07";"2024";"23:20";"3";"85";"85234";"1";"1";"1";"1";"D38b";"46,80136700";" -2,06633100"
"202400041508";"25";"02";"2024";"07:30";"2";"91";"91225";"1";"1";"2";"2";"N6";"48,66353400";"2,51416400"
"202400041509";"3";"04";"2024";"16:49";"1";"84";"84080";"2";"2";"1";"3";"CARPENTRAS ROUTE DE";"44,03600000";"5,00687000"
"202400041510";"12";"05";"2024";"00:30";"4";"88";"88124";"2";"1";"1";"1";"Rue Lecomte";"48,08665500";"6,03962700"
"202400041511";"24";"08";"2024";"10:00";"1";"71";"71105";"2";"1";"1";"6";"DAVAYE (ROUTE DE)";"46,30254000";"4,79458000"
"202400041512";"23";"02";"2024";"16:15";"1";"51";"51152";"1";"1";"2";"6";"Chemin rural N°12 dit ""de Ludes au Moulin""";"49,15544000";"4,06754900"
"202400041513";"19";"07";"2024";"08:00";"1";"17";"17396";"1";"1";"1";"1";"D115";"46,20337400";" -0,87310200"
"202400041514";"27";"02";"2024";"01:30";"3";"51";"51231";"1";"1";"2";"6";"D3";"48,97260515";"4,44363534"
"202400041515";"19";"07";"2024";"07:00";"1";"23";"23013";"1";"1";"1";"6";"2 Rue du Moulin Pointu";"46,02446400";"2,50310500"
"202400041516";"11";"05";"2024";"21:45";"3";"01";"01265";"1";"1";"1";"6";"A 404 PK 007+700 direction Oyonnax";"46,18988000";"5,57397800"
"202400041517";"18";"07";"2024";"13:15";"1";"48";"48094";"1";"1";"1";"7";"RD 32";"44,34598000";"3,23388600"
"202400041518";"26";"02";"2024";"16:50";"1";"56";"56177";"1";"2";"1";"3";"Les Quatre Chemins";"47,80099100";" -2,93472300"
"202400041519";"10";"05";"2024";"10:30";"1";"78";"78455";"2";"1";"1";"6";"30 Residence de l?Oree de Marly";"48,84317300";"2,06852000"
"202400041520";"24";"08";"2024";"00:30";"5";"67";"67447";"2";"3";"1";"3";"GENERAL DE GAULLE (ROUTE DU)";"48,60814000";"7,73511000"
"202400041521";"17";"07";"2024";"11:50";"1";"48";"48193";"1";"1";"1";"7";"D49";"44,25172400";"3,58718600"
"202400041522";"27";"02";"2024";"11:50";"1";"76";"76560";"2";"1";"1";"7";"Route du Parc Languet";"49,41990400";"1,19048200"
"202400041523";"18";"07";"2024";"12:30";"1";"48";"48043";"1";"1";"1";"6";"Route nationale 88";"44,62002100";"3,67541500"
"202400041524";"11";"05";"2024";"12:50";"1";"63";"63236";"1";"1";"1";"6";"D983";"45,59447700";"2,82181300"
"202400041525";"27";"02";"2024";"19:00";"5";"63";"63430";"2";"3";"2";"1";"Rue du Ruisseau";"45,84565358";"3,52989435"
"202400041526";"24";"08";"2024";"03:50";"5";"64";"64445";"2";"9";"1";"6";"boulevard du Cami Salie";"43,33267000";" -0,36763000"
"202400041527";"3";"04";"2024";"01:05";"3";"74";"74118";"2";"1";"1";"6";"18 AOUT (RUE DU)";"46,17093000";"6,21021000"
"202400041528";"27";"02";"2024";"15:52";"1";"61";"61007";"1";"1";"1";"6";"D229 PR6+900";"48,79617800";" -0,44646900"
"202400041529";"19";"07";"2024";"12:00";"1";"88";"88165";"2";"1";"7";"3";"Avenue Charles de Gaulle";"48,37301300";"6,87732600"
"202400041530";"10";"05";"2024";"14:30";"1";"13";"13067";"1";"1";"1";"4";"A7 - PK 216+100 - SNES N/S";"43,78125912";"5,05419166"
"202400041531";"23";"02";"2024";"19:50";"3";"49";"49178";"1";"1";"2";"6";"La Porterie";"47,61472700";" -0,93932600"
"202400041532";"19";"07";"2024";"15:00";"1";"24";"24331";"1";"1";"1";"6";"1772 Route de Cyrano";"44,79477200";"0,43123500"
"202400041533";"10";"05";"2024";"19:45";"1";"66";"66008";"2";"6";"1";"3";"D618";"42,55113600";"3,00741100"
"202400041534";"24";"08";"2024";"02:10";"3";"63";"63300";"1";"1";"1";"6";"RD 2009";"45,91786000";"3,13507000"
"202400041535";"5";"02";"2024";"03:25";"3";"978";"97801";"1";"1";"1";"7";"RN7 belle plaine";"18,05855900";" -63,04407800"
"202400041536";"26";"02";"2024";"15:30";"1";"46";"46090";"1";"2";"2";"3";"lieu dit le Cornouiller RD 802";"44,67747800";"1,73580500"
"202400041537";"11";"05";"2024";"21:00";"3";"84";"84034";"1";"1";"1";"6";"D25";"43,89682600";"4,98336200"
"202400041538";"11";"05";"2024";"15:15";"1";"68";"68294";"2";"1";"1";"6";"10 Rue Maurice Burrus";"48,26447700";"7,23308600"
"202400041539";"2";"04";"2024";"09:50";"1";"71";"71076";"2";"3";"1";"3";"DELIRY (RUE PIERRE)";"46,79782365";"4,84957002"
"202400041540";"19";"07";"2024";"13:46";"1";"77";"77360";"1";"1";"1";"1";"D 231";"48,73534700";"2,97978400"
"202400041541";"26";"02";"2024";"17:45";"1";"86";"86139";"1";"1";"2";"5";"D150";"46,41921400";"0,10144900"
"202400041542";"10";"05";"2024";"18:02";"1";"67";"67400";"1";"1";"1";"7";"D264";"48,98568800";"7,94341600"
"202400041543";"22";"08";"2024";"12:15";"1";"63";"63300";"2";"1";"1";"6";" Parking magasin Aldi";"45,90430000";"3,10170000"
"202400041544";"10";"05";"2024";"16:27";"1";"88";"88324";"1";"9";"1";"7";"Rue de la Chouée";"48,29033500";"5,88018000"
"202400041545";"18";"07";"2024";"22:46";"3";"69";"69086";"1";"1";"1";"6";"Autoroute 89";"45,85353200";"4,65454500"
"202400041546";"27";"02";"2024";"10:58";"1";"35";"35299";"1";"3";"1";"3";"Departementale 76";"48,64352000";" -1,88900200"
"202400041547";"12";"05";"2024";"16:50";"1";"55";"55553";"1";"1";"1";"7";"D958";"48,78961900";"5,62766100"
"202400041548";"26";"02";"2024";"21:10";"4";"29";"29163";"2";"6";"1";"6";"Route de Morlaix";"48,51784460";" -3,86822981"
"202400041549";"3";"04";"2024";"09:10";"1";"69";"69256";"2";"2";"3";"1";"Avenue Salvador Allende";"45,78071000";"4,92337000"
"202400041550";"27";"02";"2024";"03:50";"3";"29";"29123";"1";"1";"1";"6";"N164";"48,20530861";" -3,90566981"
"202400041551";"11";"05";"2024";"10:30";"1";"63";"63247";"1";"3";"1";"2";"route départementale 5";"45,58416100";"2,93533400"
"202400041552";"18";"07";"2024";"07:00";"1";"987";"98747";"1";"3";"1";"2";"route du belvedere, intersection CFPA";" -17,73888600";" -149,30008000"
"202400041553";"24";"08";"2024";"14:50";"1";"63";"63308";"2";"6";"1";"3";"JAURES (AVENUE JEAN)";"45,76453000";"3,05481000"
"202400041554";"27";"02";"2024";"18:50";"3";"72";"72375";"1";"1";"1";"7";"Route Departementale 323";"48,14789650";"0,63291550"