"Num_Acc";"jour";"mois";"an";"hrmn";"lum";"dep";"com";"agg";"int";"atm";"col";"adr";"lat";"long"
"202400041555";"3";"04";"2024";"01:05";"5";"69";"69259";"2";"2";"1";"1";"Boulevard Ambroise Croizat";"45,70315213";"4,88759269"
"202400041556";"24";"08";"2024";"09:30";"1";"63";"63113";"2";"1";"1";"6";"BESSE (RUE GEORGES)";"45,78060000";"3,13625000"
"202400041557";"2";"04";"2024";"23:15";"5";"69";"69259";"1";"9";"1";"6";"Boulevard Laurent Bonnevay";"45,71956000";"4,87762000"
"202400041558";"24";"08";"2024";"04:50";"3";"62";"62126";"2";"1";"2";"7";"D72";"50,54006000";"2,70915000"
"202400041559";"27";"02";"2024";"08:45";"2";"50";"50181";"1";"1";"7";"2";"le marais";"49,16371900";" -1,29694500"
"202400041560";"3";"04";"2024";"00:10";"5";"64";"64024";"2";"1";"1";"7";"LAPORTE (AVENUE JEAN LEON)";"43,48816000";" -1,50019000"
"202400041561";"12";"05";"2024";"12:30";"1";"42";"42065";"1";"1";"1";"2";"Route de Roanne";"45,76052500";"4,21849300"
"202400041562";"2";"07";"2024";"21:40";"3";"988";"98831";"1";"1";"1";"7";"lieu dit bébé polo fatanaoué";" -20,88944700";"164,69137800"
"202400041563";"24";"08";"2024";"05:40";"2";"59";"59512";"2";"9";"1";"3";"Boulevard de Fourmies";"50,67651000";"3,17972000"
"202400041564";"27";"02";"2024";"16:45";"1";"64";"64096";"1";"1";"2";"3";"PK 072+500 - RD 936";"43,38346800";" -0,88778400"
"202400041565";"2";"03";"2024";"19:45";"3";"62";"62217";"1";"1";"3";"6";"D341";"50,49768690";"2,45406488"
"202400041566";"10";"05";"2024";"14:20";"1";"26";"26064";"1";"1";"1";"1";"D68";"44,90704600";"4,98590500"
"202400041567";"27";"02";"2024";"05:30";"5";"10";"10358";"2";"3";"1";"1";"D671";"48,17100000";"4,21610000"
"202400041568";"23";"08";"2024";"15:30";"1";"59";"59041";"2";"9";"1";"2";"EDMOND HAVRET (RUE)";"50,21373100";"3,86315700"
"202400041569";"12";"05";"2024";"12:00";"1";"50";"50041";"1";"1";"1";"6";"Route de Sainte-croix";"49,66722500";" -1,71880200"
"202400041570";"3";"04";"2024";"10:38";"1";"56";"56260";"2";"6";"1";"6";"MONSABERT(BOULEVARD DU GENERAL DE)";"47,66440000";" -2,78060000"
"202400041571";"28";"04";"2024";"14:10";"1";"22";"22389";"1";"2";"2";"3";"Avenue de Saint-Brieuc";"48,47138700";" -2,71847000"
"202400041572";"27";"02";"2024";"15:58";"1";"07";"07010";"2";"1";"8";"7";"Viaduc Daniel Aimé (Pont)";"45,24839500";"4,67615800"
"202400041573";"18";"07";"2024";"23:40";"3";"13";"13104";"2";"1";"1";"3";"Avenue Albert Camus";"43,33143700";"5,10640600"
"202400041574";"11";"05";"2024";"20:15";"1";"76";"76250";"1";"9";"1";"3";"Route d'Etretat";"49,55655100";"0,32704200"
"202400041575";"2";"04";"2024";"18:33";"1";"56";"56121";"2";"1";"2";"4";"D465 Desserte Portuaire";"47,73657000";" -3,37664000"
"202400041576";"16";"07";"2024";"11:48";"1";"91";"91179";"2";"9";"1";"3";"Rue du Bois de l'Ecu";"48,56744200";"2,47728500"
"202400041577";"26";"02";"2024";"20:05";"3";"85";"85146";"1";"1";"3";"1";"RD23";"46,95750000";" -1,23373000"
"202400041578";"24";"08";"2024";"06:45";"1";"59";"59350";"2";"1";"1";"3";"Avenue de Dunkerque (Lomme)";"50,64573000";"2,98691000"
"202400041579";"27";"02";"2024";"11:30";"1";"03";"03256";"1";"1";"8";"6";"A 71 PK 310+800";"46,33854100";"2,88377500"
"202400041580";"10";"05";"2024";"13:30";"1";"80";"80212";"2";"1";"1";"3";"Rempart des Poissonniers";"49,90572300";"2,51119700"
"202400041581";"19";"07";"2024";"12:50";"1";"30";"30080";"1";"1";"1";"1";"D52";"44,28384500";"3,98741500"
"202400041582";"2";"04";"2024";"15:15";"1";"54";"54395";"2";"3";"1";"6";"Rue des Brice";"48,67933928";"6,18195266"
"202400041583";"9";"05";"2024";"17:10";"1";"59";"59212";"2";"6";"1";"2";"Rue de Merville";"50,64276900";"2,70673000"
"202400041584";"24";"08";"2024";"17:00";"1";"54";"54395";"2";"2";"1";"3";"Rue de Tomblaine";"48,68765870";"6,20552927"
"202400041585";"19";"07";"2024";"11:30";"1";"84";"84105";"1";"1";"1";"1";"Route Departementale 900";"43,87099500";"5,45181200"
"202400041586";"10";"05";"2024";"18:35";"1";"13";"13070";"1";"1";"1";"2";"A50-Sens Aubagne vers Marseille";"43,28581626";"5,51152327"
"202400041587";"2";"04";"2024";"11:15";"1";"54";"54395";"2";"2";"1";"3";"Rue Charles Sadoul";"48,67902111";"6,18515119"
"202400041588";"19";"07";"2024";"18:40";"1";"83";"83064";"1";"1";"1";"1";"Route Departementale 64";"43,33179600";"6,02252500"
"202400041589";"10";"05";"2024";"18:20";"1";"13";"13211";"1";"1";"1";"2";"A50-Sens Aubagne vers Marseille";"43,28694005";"5,43571140"
"202400041590";"24";"08";"2024";"16:32";"1";"51";"51454";"2";"6";"1";"3";"CHAMPAGNE   (  AVENUE DE)";"49,22051000";"4,02153000"
"202400041591";"29";"03";"2024";"08:53";"1";"49";"49007";"2";"1";"1";"2";"CHAUMIN BOULEVARD";"47,45024000";" -0,55782000"
"202400041592";"18";"07";"2024";"15:12";"1";"13";"13082";"1";"1";"1";"7";"D543";"43,68947400";"5,34222500"
"202400041593";"24";"08";"2024";"14:00";"1";"50";"50218";"2";"1";"3";"7";"ANTILLES (BOULEVARD DES)";"48,83381000";" -1,57098000"
"202400041594";"3";"04";"2024";"13:40";"1";"43";"43157";"2";"3";"1";"1";"Rue Burel";"45,04093407";"3,88626069"
"202400041595";"11";"05";"2024";"22:25";"3";"33";"33090";"1";"1";"1";"4";"N/A";"44,77300000";" -0,65500000"
"202400041596";"18";"07";"2024";"17:47";"1";"70";"70046";"1";"1";"1";"5";"Route de Vy-les-lure";"47,62872700";"6,45369500"
"202400041597";"23";"08";"2024";"21:55";"3";"42";"42305";"1";"1";"1";"6";"Rue Jean Rostand";"45,46713000";"4,43137000"
"202400041598";"11";"05";"2024";"19:55";"1";"75";"75113";"1";"1";"1";"6";"A6B";"48,81645485";"2,35828610"
"202400041599";"19";"07";"2024";"00:10";"3";"63";"63417";"1";"1";"1";"7";"Sayat";"45,84676184";"3,02393600"
"202400041600";"23";"02";"2024";"08:20";"1";"55";"55097";"2";"2";"1";"3";"rue principale / Rue de l'eglise";"48,60265200";"5,68124100"
"202400041601";"27";"02";"2024";"11:00";"1";"51";"51278";"1";"1";"2";"6";"A26 pk299+500";"49,05467700";"4,28673000"
"202400041602";"18";"07";"2024";"15:00";"1";"73";"73051";"1";"1";"1";"6";"D42 Route du Relais";"45,65418145";"5,84725794"
"202400041603";"11";"05";"2024";"08:45";"1";"91";"91692";"1";"1";"1";"7";"AUTOROUTE A10";"48,67651000";"2,20169000"
"202400041604";"2";"04";"2024";"15:35";"1";"38";"38185";"2";"1";"1";"6";"RUE ABBÉ GRÉGOIRE";"45,18792000";"5,71248000"
"202400041605";"11";"05";"2024";"07:00";"1";"91";"91377";"1";"1";"1";"3";"RD 188";"48,72660000";"2,28430000"
"202400041606";"14";"07";"2024";"10:30";"1";"42";"42168";"2";"1";"1";"3";"Rue du Stade";"45,41968500";"4,67623800"
"202400041607";"26";"02";"2024";"17:55";"2";"73";"73257";"1";"3";"1";"3";"D117";"45,41541744";"6,48764076"
"202400041608";"3";"04";"2024";"19:20";"1";"34";"34172";"2";"1";"1";"2";"MAURIN (AVENUE DE";"43,59838500";"3,87577900"
"202400041609";"11";"05";"2024";"15:21";"1";"92";"92048";"1";"1";"1";"2";"N118";"48,79727463";"2,21701222"
"202400041610";"26";"02";"2024";"19:45";"5";"33";"33199";"2";"1";"1";"3";"26 Cours de Verdun";"44,63613400";" -1,07526300"
"202400041611";"19";"07";"2024";"16:10";"1";"07";"07297";"1";"1";"1";"1";"D219";"44,98576368";"4,75989894"
"202400041612";"11";"05";"2024";"19:10";"1";"93";"93006";"1";"1";"1";"3";"A3";"48,86562694";"2,41958736"
"202400041613";"29";"03";"2024";"17:00";"1";"29";"29232";"2";"1";"1";"6";"Rue Paul Borrossi";"47,98870000";" -4,13030000"
"202400041614";"26";"02";"2024";"19:00";"5";"77";"77437";"2";"1";"2";"6";"11 Rue du Maréchal Galliéni";"49,03401300";"2,80432500"
"202400041615";"23";"02";"2024";"14:45";"1";"77";"77273";"1";"1";"2";"6";"D41";"49,04885500";"2,76311000"
"202400041616";"13";"07";"2024";"16:55";"1";"07";"07322";"2";"1";"1";"1";"370 Avenue des Platanes";"44,67360500";"4,21427100"
"202400041617";"24";"08";"2024";"09:10";"1";"31";"31555";"2";"3";"1";"3";"RTE DE NARBONNE";"43,57000000";"1,45547000"
"202400041618";"11";"05";"2024";"00:15";"5";"93";"93006";"1";"1";"1";"5";"A3";"48,86576613";"2,42064352"
"202400041619";"24";"08";"2024";"06:16";"1";"31";"31555";"1";"9";"1";"6";"RUE CAUSSADE";"43,64683758";"1,46942005"
"202400041620";"18";"07";"2024";"23:05";"3";"69";"69197";"1";"1";"1";"1";"Route du Terrier";"46,05323500";"4,67445700"
"202400041621";"11";"05";"2024";"15:20";"1";"94";"94018";"1";"1";"1";"2";"A4";"48,82253799";"2,39690691"
"202400041622";"27";"02";"2024";"15:15";"1";100;100350";"1";"1";"2";"1";"RT 20";"42,52251000";"9,42412900"
"202400041623";"3";"04";"2024";"19:15";"1";"27";"27681";"2";"1";"1";"2";"FOCH (AVENUE DU MARECHAL)";"49,09610000";"1,48304000"
"202400041624";"18";"07";"2024";"14:50";"1";"69";"69116";"1";"1";"7";"7";"Route du Mont Verdun";"45,84056900";"4,77851600"
"202400041625";"26";"02";"2024";"07:50";"1";"42";"42165";"1";"1";"8";"1";"Chemin de chez paradis";"45,78067500";"4,31521300"
"202400041626";"24";"08";"2024";"11:00";"1";"17";"17415";"1";"1";"1";"2";"route nationale 141";"45,72730000";" -0,63458000"
"202400041627";"11";"05";"2024";"13:20";"1";"77";"77249";"1";"1";"1";"4";"RN104";"48,75684101";"2,61553866"
"202400041628";"2";"04";"2024";"09:04";"1";"21";"21231";"2";"1";"1";"6";"Rue Jean Moulin";"47,32733900";"5,07179500"
"202400041629";"10";"06";"2024";"17:15";"1";"09";"09160";"2";"1";"1";"6";"Place du 19 Mars 1962";"42,92810800";"1,84115300"
"202400041630";"22";"02";"2024";"14:00";"1";"81";"81150";"1";"9";"1";"3";"D630";"43,74195700";"1,73635500"
"202400041631";"11";"05";"2024";"13:03";"1";"94";"94033";"1";"1";"1";"4";"A86";"48,85214228";"2,49027409"
"202400041632";"24";"08";"2024";"11:15";"1";"17";"17333";"2";"1";"1";"6";"FOCH (DU MARECHAL)";"45,60423000";" -0,99793000"
"202400041633";"18";"07";"2024";"16:50";"1";"31";"31187";"2";"1";"1";"6";"Avenue du Château d'eau";"43,53293200";"1,22765200"
"202400041634";"2";"04";"2024";"17:18";"1";"18";"18279";"2";"1";"1";"3";"63 Rue Jules Louis Breton";"47,22017000";"2,08278000"
"202400041635";"26";"02";"2024";"17:20";"1";"85";"85151";"2";"9";"2";"4";"RD149";"46,97162000";" -0,90375000"
"202400041636";"8";"05";"2024";"18:30";"3";"987";"98736";"1";"1";"1";"6";"HAMUTA (CHEMIN)-PIRAE";" -17,54037000";" -149,54419000"
"202400041637";"24";"02";"2024";"22:15";"3";"72";"72016";"1";"1";"2";"7";"Lieu Dit La Gravetiere";"47,90734600";" -0,33325900"
"202400041638";"23";"08";"2024";"16:45";"1";"14";"14220";"2";"1";"2";"7";"43 Avenue Strassburger";"49,35158000";"0,07654000"
"202400041639";"19";"07";"2024";"09:50";"1";"64";"64315";"1";"1";"1";"1";"d217";"43,29185300";" -0,43611100"
"202400041640";"2";"04";"2024";"16:40";"1";"18";"18279";"2";"1";"1";"3";"84 Avenue Edouard Vaillant";"47,23584000";"2,06120000"
"202400041641";"10";"05";"2024";"10:40";"1";"974";"97411";"2";"2";"1";"6";"CHATEL (JEAN)";" -20,87890000";"55,45000000"
"202400041642";"24";"08";"2024";"22:50";"5";"14";"14117";"2";"1";"1";"6";"21 Avenue des Tulipes";"49,28437389";" -0,12510896"
"202400041643";"13";"04";"2024";"18:00";"5";"974";"97411";"2";"1";"1";"6";"PALMIERS (ROUTE DES)";" -20,88907000";"55,42434000"
"202400041644";"19";"07";"2024";"04:10";"3";"33";"33279";"1";"4";"1";"6";"N/A";"44,50562700";" -0,25964600"
"202400041645";"27";"02";"2024";"13:30";"1";"59";"59419";"1";"1";"1";"3";"19 Route de Douai";"50,51157800";"3,27254700"
"202400041646";"10";"05";"2024";"17:20";"1";"974";"97407";"2";"1";"1";"6";"ROND POINT CITE RN4";" -20,95432000";"55,30859000"
"202400041647";"2";"04";"2024";"08:48";"1";"14";"14574";"1";"3";"1";"3";"30 Route de la Pommeraye";"49,16017000";"0,19313000"
"202400041648";"16";"07";"2024";"12:50";"1";"72";"72154";"2";"6";"1";"3";"Boulevard du Québec";"47,70497300";" -0,08850200"
"202400041649";"24";"08";"2024";"10:45";"1";"13";"13202";"2";"1";"1";"3";"SAINTE BARBE (RUE)";"43,30088425";"5,37419438"
"202400041650";"26";"02";"2024";"00:30";"5";"13";"13214";"1";"1";"2";"2";"A507 sens Marseille - Aubagne";"43,33170000";"5,38692000"
"202400041651";"10";"05";"2024";"06:10";"2";"974";"97407";"1";"1";"1";"3";"ROUTE NATIONALE N° 1";" -20,94925000";"55,32060000"
"202400041652";"2";"04";"2024";"20:15";"1";"07";"07281";"2";"1";"1";"7";"COUBERTIN (RUE PIERRE DE)";"44,94730000";"4,85210000"
"202400041653";"26";"02";"2024";"12:30";"1";"91";"91161";"1";"1";"2";"2";"AUTOROUTE A6";"48,70415067";"2,30629206"
"202400041654";"19";"07";"2024";"11:10";"1";"50";"50444";"1";"9";"1";"3";"La Croix au Coq";"49,04807200";" -0,97142100"
"202400041655";"9";"05";"2024";"05:20";"5";"973";"97302";"2";"3";"2";"6";"MERE THERESA (rue)";"4,91760000";" -52,31280000"
"202400041656";"26";"02";"2024";"08:00";"1";"92";"92050";"1";"1";"2";"3";"A86";"48,89654272";"2,19617162"
"202400041657";"19";"07";"2024";"18:30";"1";"22";"22214";"1";"1";"1";"7";"Route du Petit Train";"48,74334300";" -2,97441700"
"202400041658";"24";"08";"2024";"10:33";"1";"13";"13005";"2";"1";"1";"5";"CHARREL A FENESTRELLE CHEMIN DU";"43,27485000";"5,55945000"
"202400041659";"25";"02";"2024";"13:05";"1";"95";"95212";"1";"1";"1";"4";"A1";"49,02591989";"2,53649592"
"202400041660";"18";"07";"2024";"18:05";"1";"27";"27568";"2";"1";"1";"7";"D140";"48,96697000";"0,88741400"
"202400041661";"25";"02";"2024";"09:50";"1";"95";"95212";"1";"1";"8";"7";"ARPENTEUR (ROUTE DE L')";"49,02409200";"2,53526200"
"202400041662";"24";"02";"2024";"21:58";"3";"94";"94015";"1";"1";"2";"2";"A4";"48,82928864";"2,52841632"
"202400041663";"18";"07";"2024";"16:10";"1";"80";"80156";"1";"2";"7";"3";"D1";"49,90174600";"2,42051100"
"202400041664";"17";"07";"2024";"02:36";"3";"13";"13211";"1";"1";"1";"2";"A50-Sens Aubagne vers Marseille";"43,28841000";"5,49951000"
"202400041665";"24";"02";"2024";"04:00";"3";"94";"94017";"1";"1";"2";"2";"A4";"48,83020089";"2,49576700"
"202400041666";"21";"08";"2024";"16:45";"1";"12";"12176";"1";"1";"1";"5";"D888";"44,37301300";"2,63490300"
"202400041667";"25";"02";"2024";"06:25";"2";"75";"75118";"2";"1";"1";"6";"BD PERIPHERIQUE INTERIEUR";"48,90081500";"2,33991700"
"202400041668";"9";"07";"2024";"16:45";"1";"54";"54123";"1";"1";"1";"4";"Autoroute A 33";"48,64544000";"6,14394000"
"202400041669";"25";"02";"2024";"06:45";"5";"75";"75117";"2";"1";"1";"2";"BD PERIPHERIQUE INTERIEUR";"48,90053000";"2,32625400"
"202400041670";"25";"02";"2024";"00:15";"5";"75";"75116";"2";"1";"2";"7";"ECHANGEUR MAILLOT";"48,87786651";"2,27971137"
"202400041671";"18";"07";"2024";"07:55";"1";"33";"33119";"1";"5";"1";"2";"N/A";"44,85340700";" -0,50596000"
"202400041672";"25";"02";"2024";"20:45";"5";"75";"75116";"2";"9";"2";"6";"BOULEVARD EXELMANS";"48,84151200";"2,26365800"
"202400041673";"25";"02";"2024";"17:00";"1";"75";"75116";"2";"4";"3";"3";"BOULEVARD DE MONTMORENCY";"48,84893700";"2,26075600"
"202400041674";"14";"07";"2024";"04:30";"2";"62";"62186";"1";"1";"1";"2";"A21";"50,43498145";"2,72218361"
"202400041675";"23";"08";"2024";"15:59";"1";"10";"10357";"2";"1";"1";"4";"Avenue du General de Gaulle";"48,29847000";"4,11753000"
"202400041676";"24";"02";"2024";"20:00";"5";"75";"75115";"2";"3";"8";"7";"BOULEVARD VICTOR";"48,83395200";"2,28534900"
"202400041677";"18";"07";"2024";"18:50";"1";"91";"91340";"1";"1";"1";"4";"RN 104";"48,60890000";"2,43840000"
"202400041678";"24";"08";"2024";"04:00";"5";"07";"07102";"2";"1";"1";"7";"REPUBLIQUE (AV. DE LA) [DU N° AU N°]";"44,93695000";"4,86812000"
"202400041679";"25";"02";"2024";"02:20";"5";"75";"75113";"2";"3";"1";"5";"QUAI D AUSTERLITZ";"48,83864500";"2,37231200"
"202400041680";"18";"07";"2024";"11:31";"1";"91";"91174";"1";"1";"1";"3";"RN 104";"48,62032000";"2,46060000"
"202400041681";"25";"02";"2024";"13:10";"1";"75";"75111";"2";"3";"8";"3";"RUE FAIDHERBE";"48,85334500";"2,38274200"
"202400041682";"17";"07";"2024";"09:45";"1";"75";"75114";"1";"1";"1";"7";"A6A";"48,81698567";"2,33487904"
"202400041683";"25";"02";"2024";"14:45";"1";"75";"75108";"2";"7";"2";"1";"PLACE DE LA CONCORDE";"48,86650500";"2,32204000"
"202400041684";"24";"08";"2024";"19:15";"1";"01";"01053";"2";"1";"1";"2";"DE GAULLE ( BD GAL) IMPAIR";"46,19863000";"5,23997000"
"202400041685";"18";"07";"2024";"11:45";"1";"93";"93007";"1";"1";"1";"4";"AUTOROUTE A1";"48,94774549";"2,44391968"
"202400041686";"25";"02";"2024";"14:30";"1";"93";"93077";"2";"1";"2";"3";"Avenue du Général Galliéni";"48,89302660";"2,50321019"
"202400041687";"25";"02";"2024";"20:25";"5";"93";"93055";"2";"3";"2";"6";"Rue Sainte Marguerite / Rue Henri Martin";"48,90186348";"2,39237219"
"202400041688";"17";"07";"2024";"14:05";"1";"93";"93066";"1";"1";"1";"2";"AUTOROUTE A1";"48,93338949";"2,37872257"
"202400041689";"23";"08";"2024";"18:30";"1";"75";"75118";"2";"1";"1";"4";"BD PERIPHERIQUE EXTERIEUR ";"48,90090900";"2,33716800"
"202400041690";"25";"02";"2024";"03:30";"5";"93";"93008";"2";"7";"3";"7";"Avenue Paul Vaillant - Couturier / Pont de Bondy";"48,90550700";"2,46975600"
"202400041691";"17";"07";"2024";"17:15";"1";"77";"77121";"1";"1";"1";"4";"A4";"48,83210000";"2,67048700"
"202400041692";"27";"04";"2024";"10:55";"1";"29";"29232";"2";"1";"1";"6";"Avenue de la France Libre";"48,00442900";" -4,09813700"
"202400041693";"9";"07";"2024";"12:20";"1";"44";"44009";"1";"1";"8";"6";"N/A";"47,22594657";" -1,47029896"
"202400041694";"9";"07";"2024";"07:55";"1";"44";"44162";"2";"6";"1";"3";"22 Boulevard du Massacre";"47,23480951";" -1,58866687"
"202400041695";"9";"07";"2024";"23:10";"5";"44";"44109";"2";"6";"8";"6";"Rue Gaston Michel";"47,21005401";" -1,56169638"
"202400041696";"25";"02";"2024";"14:00";"1";"92";"92046";"2";"2";"2";"3";"JULE FERRY";"48,81924558";"2,29786795"
"202400041697";"25";"02";"2024";"12:15";"1";"92";"92077";"2";"1";"2";"3";"VERSAILLES (RUE DE)";"48,82209000";"2,18299000"
"202400041698";"24";"08";"2024";"15:10";"1";"75";"75120";"2";"2";"1";"2";"RUE DES PYRENEES";"48,86406800";"2,39913800"
"202400041699";"4";"05";"2024";"10:15";"1";"74";"74123";"1";"4";"1";"2";"Route d'annecy";"45,75533600";"6,27302400"
"202400041700";"25";"02";"2024";"17:35";"2";"92";"92063";"2";"1";"2";"3";"DIX-HUIT JUIN 1940 (AVENUE DU) EST";"48,86549524";"2,20338160"
"202400041701";"30";"04";"2024";"23:10";"3";"74";"74116";"1";"1";"1";"7";"1133 Route de Cruseilles";"46,05152500";"6,24858100"
"202400041702";"25";"02";"2024";"16:30";"1";"92";"92048";"2";"1";"3";"3";"MAL DE LATTRE DE TASSIGNY (AVENUE)";"48,78451702";"2,22593960"
"202400041703";"26";"06";"2024";"17:00";"1";"44";"44190";"2";"1";"1";"6";"63 Rue de la Fontaine";"47,20493730";" -1,48959495"
"202400041704";"25";"02";"2024";"15:45";"1";"92";"92004";"2";"1";"2";"6";"REDOUTE ( AVENUE DE LA  )";"48,92974671";"2,28266895"
"202400041705";"24";"08";"2024";"12:40";"1";"75";"75116";"2";"3";"1";"3";"AVENUE FOCH";"48,87193900";"2,28254700"
"202400041706";"25";"02";"2024";"13:40";"1";"76";"76279";"1";"3";"3";"3";"Route de la Gare";"49,60852000";"0,59304200"
"202400041707";"10";"05";"2024";"10:30";"1";"74";"74224";"2";"3";"1";"3";"Rue de la patience";"46,06196300";"6,31953100"
"202400041708";"23";"08";"2024";"23:10";"5";"75";"75115";"2";"2";"1";"1";"RUE DE LA PROCESSION";"48,83570300";"2,31128300"
"202400041709";"24";"02";"2024";"17:23";"1";"14";"14710";"1";"9";"1";"3";"Route de Pierrepont";"48,89688100";" -0,34068900"
"202400041710";"1";"05";"2024";"17:36";"1";"74";"74267";"1";"3";"1";"5";"Route du col de leschaux";"45,83840500";"6,14017200"
"202400041711";"23";"08";"2024";"18:45";"1";"75";"75115";"2";"1";"1";"6";"AVENUE EMILE ZOLA";"48,84627000";"2,28003000"
"202400041712";"14";"02";"2024";"17:50";"1";"86";"86221";"2";"1";"2";"2";"Rue de Volmerange les Mines";"46,81556700";"0,36742700"
"202400041713";"1";"05";"2024";"14:39";"1";"74";"74148";"1";"1";"1";"6";"D110";"45,76470900";"6,10925700"
"202400041714";"25";"02";"2024";"23:10";"3";"67";"67133";"1";"1";"2";"6";"Départementale 122 graufthal";"48,80792806";"7,29635954"
"202400041715";"25";"02";"2024";"12:15";"1";"973";"97362";"2";"1";"1";"7";"chemin de la source";"3,80977805";" -54,14364499"
"202400041716";"23";"04";"2024";"09:50";"1";"74";"74010";"1";"1";"1";"2";"A41";"45,95753500";"6,13041100"
"202400041717";"23";"02";"2024";"07:55";"1";"68";"68315";"2";"9";"1";"3";"Route d'Issenheim";"47,89433100";"7,22777400"
"202400041718";"21";"04";"2024";"15:55";"1";"45";"45155";"2";"2";"1";"3";"96 Rue Jean Moulin";"47,68624500";"2,65389000"
"202400041719";"24";"02";"2024";"17:30";"1";"22";"22305";"1";"1";"2";"1";"Kergoet";"48,27400900";" -2,18268200"
"202400041720";"23";"02";"2024";"16:48";"1";"59";"59037";"2";"9";"7";"6";"Rue sadi carnot";"50,19167500";"3,38556500"
"202400041721";"24";"08";"2024";"17:45";"1";"75";"75112";"2";"1";"2";"4";"QUAI DE BERCY";"48,83168800";"2,38463300"
"202400041722";"22";"03";"2024";"07:46";"1";"01";"01160";"2";"6";"7";"3";"Rue de Meyrin";"46,25012500";"6,10178900"
"202400041723";"26";"02";"2024";"00:30";"3";"67";"67311";"1";"1";"2";"7";"RD 721";"48,26485500";"7,56168400"
"202400041724";"24";"02";"2024";"16:30";"1";100;100150";"1";"1";"3";"6";"T30";"42,60438400";"8,84286800"