"Num_Acc";"jour";"mois";"an";"hrmn";"lum";"dep";"com";"agg";"int";"atm";"col";"adr";"lat";"long"
"202400041725";"25";"02";"2024";"17:20";"1";"81";"81070";"2";"3";"8";"7";"Avenue Jean Berenguier";"43,81393833";"1,73421818"
"202400041726";"16";"07";"2024";"15:09";"1";"987";"98736";"2";"2";"1";"1";"CHARLES DE GAULLE (AV)";" -17,53099000";" -149,55316000"
"202400041727";"24";"08";"2024";"09:30";"1";"75";"75111";"2";"2";"1";"3";"AVENUE DE LA REPUBLIQUE";"48,86635000";"2,36884600"
"202400041728";"26";"02";"2024";"18:25";"2";"71";"71261";"1";"2";"2";"6";"257 Rue du Chandelier";"46,58858600";"4,98639800"
"202400041729";"16";"07";"2024";"16:35";"1";"987";"98735";"2";"1";"1";"7";"TIPAERUI (CV)";" -17,55187000";" -149,57298000"
"202400041730";"26";"02";"2024";"16:20";"1";"71";"71149";"2";"1";"1";"1";"Rue de la Varenne";"46,87616145";"4,56169121"
"202400041731";"17";"07";"2024";"15:28";"1";"973";"97302";"2";"1";"1";"3";"RABAN (ROUTE DE)";"4,92628853";" -52,31371853"
"202400041732";"24";"08";"2024";"11:03";"1";"75";"75109";"2";"3";"1";"6";"RUE DU FAUBOURG MONTMARTRE";"48,87269000";"2,34317000"
"202400041733";"17";"07";"2024";"00:45";"3";"973";"97309";"2";"1";"1";"1";"TROUBIRAN (CHEMIN DE)";"4,92048000";" -52,30425000"
"202400041734";"26";"02";"2024";"12:15";"1";"71";"71550";"2";"2";"1";"3";"Rue de la Barre";"46,50025700";"4,89847000"
"202400041735";"17";"07";"2024";"04:05";"5";"971";"97113";"2";"1";"1";"6";"SECTEUR DAMPIERRE";"16,20845000";" -61,46831000"
"202400041736";"19";"02";"2024";"08:08";"1";"41";"41080";"1";"2";"8";"3";"D976";"47,33138100";"1,16614900"
"202400041737";"17";"07";"2024";"07:40";"1";101;101004";"2";"1";"1";"2";"RECCO ABBE BOULEVARD";"41,93733000";"8,73755000"
"202400041738";"24";"08";"2024";"02:05";"5";"75";"75109";"2";"2";"1";"6";"RUE DE DOUAI";"48,88192100";"2,33431600"
"202400041739";"11";"02";"2024";"18:30";"2";"44";"44185";"2";"1";"1";"6";"74 Avenue  Jean Burel";"47,64787700";" -2,08291200"
"202400041740";"24";"02";"2024";"05:45";"3";"31";"31341";"1";"1";"2";"6";"route departementale 17";"43,72522750";"1,24776210"
"202400041741";"24";"08";"2024";"19:09";"1";"94";"94073";"2";"1";"1";"3";"Rue Romain Gary";"48,76700000";"2,38040000"
"202400041742";"17";"07";"2024";"22:30";"4";"95";"95018";"2";"3";"1";"3";"D41";"48,95113396";"2,26486713"
"202400041743";"26";"02";"2024";"14:10";"1";"26";"26234";"1";"1";"1";"2";"D164";"44,70766000";"5,07986800"
"202400041744";"24";"08";"2024";"14:15";"1";"94";"94022";"2";"2";"1";"6";"Rue Robert Peary";"48,75427000";"2,41347000"
"202400041745";"18";"07";"2024";"23:50";"5";"91";"91027";"2";"2";"1";"7";"AV FRANCOIS MITTERRAND";"48,70887000";"2,37143000"
"202400041746";"17";"07";"2024";"12:50";"1";"91";"91027";"2";"2";"1";"1";"AV HENRI DUNANT";"48,70995000";"2,38577000"
"202400041747";"24";"08";"2024";"12:45";"1";"93";"93066";"2";"1";"1";"4";"Avenue du Général de Gaulle";"48,92505785";"2,36515509"
"202400041748";"17";"07";"2024";"17:00";"1";"91";"91228";"2";"3";"1";"3";"RUE HENRI ROCHEFORT";"48,62139000";"2,44174000"
"202400041749";"23";"08";"2024";"23:10";"5";"93";"93077";"2";"1";"1";"6";"Rue Marcel Douret";"48,88089000";"2,50923000"
"202400041750";"16";"07";"2024";"14:55";"1";"86";"86194";"2";"1";"1";"3";"Rue de Bignoux";"46,58455000";"0,36775000"
"202400041751";"17";"05";"2024";"15:08";"1";"84";"84031";"2";"9";"1";"6";"WILSON AVENUE";"44,05045000";"5,04585000"
"202400041752";"24";"08";"2024";"22:45";"5";"93";"93057";"2";"5";"1";"1";"Avenue Aristide Briand / Avenue Jules Guesde";"48,91051000";"2,51229000"
"202400041753";"17";"07";"2024";"14:00";"1";"84";"84007";"2";"2";"1";"1";"TRILLADE (avenue de la )";"43,93885000";"4,81989000"
"202400041754";"24";"08";"2024";"16:15";"1";"92";"92050";"2";"1";"1";"6";"CLEMENCEAU GEORGES AVENUE N°IMPAIR";"48,88697644";"2,20120937"
"202400041755";"17";"07";"2024";"19:50";"1";"83";"83137";"2";"3";"1";"3";"PICOT (AVE DU COLONEL)";"43,12752000";"5,96297000"
"202400041756";"24";"08";"2024";"13:40";"1";"92";"92007";"2";"2";"1";"3";"VAILLANT-COUTURIER (AVENU PAUL)";"48,79587050";"2,31712818"
"202400041757";"17";"07";"2024";"08:22";"1";"83";"83062";"2";"6";"1";"6";"CRETES (CHEMON DES)";"43,12246163";"5,98677099"
"202400041758";"16";"07";"2024";"23:55";"5";"83";"83144";"2";"9";"1";"6";"LIBERATION (AVE DE LA)";"43,14495833";"5,98323584"
"202400041759";"24";"08";"2024";"12:30";"1";"92";"92014";"2";"1";"1";"7";"FONTENAY (RUE)";"48,78409593";"2,31329494"
"202400041760";"14";"07";"2024";"17:10";"1";"83";"83034";"2";"6";"1";"6";"BOULEVARD DE LA LIBERTÉ";"43,09245000";"6,07710000"
"202400041761";"24";"08";"2024";"10:48";"1";"974";"97415";"2";"1";"1";"3";"route des premiers français";" -21,01474500";"55,26182100"
"202400041762";"16";"07";"2024";"01:20";"3";"77";"77373";"2";"1";"1";"7";"RUE DE MONTHETY";"48,77634000";"2,60660000"
"202400041763";"15";"07";"2024";"16:00";"1";"76";"76351";"2";"2";"1";"1";"MARC BLOCH";"49,51602100";"0,12090200"
"202400041764";"17";"07";"2024";"07:40";"1";"72";"72181";"2";"1";"1";"6";"GENESLAY FELIX (AV) N° IMP 1 A 151";"47,97799000";"0,20817000"
"202400041765";"24";"08";"2024";"17:31";"1";"68";"68097";"1";"4";"1";"3";"D11iii";"48,16066500";"7,20071200"
"202400041766";"17";"07";"2024";"19:55";"1";"68";"68066";"2";"1";"1";"6";"Rue Edmond Marin la Meslée";"48,10291000";"7,36049000"
"202400041767";"24";"08";"2024";"22:45";"5";"28";"28088";"2";"1";"6";"6";"32a Rue de Nivouville";"48,05496700";"1,34717200"
"202400041768";"24";"08";"2024";"02:45";"3";"85";"85245";"1";"1";"1";"6";"RD66";"46,55540800";" -0,90675800"
"202400041769";"17";"07";"2024";"06:45";"1";"66";"66136";"1";"1";"1";"2";"N/A";"42,72383100";"2,87633000"
"202400041770";"25";"08";"2024";"15:25";"1";"23";"23245";"1";"1";"1";"6";"N145";"46,19294000";"1,80144700"
"202400041771";"17";"07";"2024";"20:15";"1";"64";"64260";"2";"6";"1";"6";"BAIE DE CHINGUDY (AVENUE DE LA)";"43,36514000";" -1,76978000"
"202400041772";"17";"07";"2024";"18:45";"1";"64";"64041";"2";"1";"1";"3";"LABIELLE DE";"43,27600000";" -0,32400000"
"202400041773";"24";"08";"2024";"16:45";"1";"01";"01322";"1";"4";"1";"3";"D6";"45,93937000";"4,80102800"
"202400041774";"16";"07";"2024";"10:20";"1";"64";"64024";"2";"6";"1";"2";"JORLIS (ROND POINT DE)";"43,49809000";" -1,49467000"
"202400041775";"17";"07";"2024";"09:30";"1";"63";"63113";"2";"1";"1";"3";"LIONDARDS (RUE DES)";"45,76431463";"3,09224635"
"202400041776";"25";"08";"2024";"06:00";"3";"12";"12131";"1";"1";"1";"3";"RD 1088";"44,41527000";"2,63477000"
"202400041777";"14";"07";"2024";"23:30";"4";"62";"62133";"2";"9";"1";"6";"Rue Jules Mathieu";"50,41282000";"2,89390000"
"202400041778";"17";"07";"2024";"19:10";"1";"59";"59350";"2";"1";"1";"1";"Boulevard Montebello";"50,62101000";"3,04644000"
"202400041779";"25";"08";"2024";"12:35";"1";"01";"01173";"1";"1";"8";"1";"D1005";"46,36780900";"6,02230000"
"202400041780";"12";"07";"2024";"17:15";"1";"59";"59637";"2";"1";"1";"6";"NAVIE(RUE DE LA)";"50,39443000";"3,31800000"
"202400041781";"24";"08";"2024";"17:45";"1";"34";"34014";"1";"1";"1";"1";"D68";"43,72673100";"3,89963200"
"202400041782";"17";"07";"2024";"14:50";"1";"54";"54099";"2";"6";"1";"6";"D346";"49,25990000";"5,93494000"
"202400041783";"25";"08";"2024";"09:40";"1";"30";"30047";"2";"1";"1";"7";"Rue Joseph d'Arbaud";"43,80623300";"4,43416400"
"202400041784";"25";"08";"2024";"14:15";"1";"51";"51128";"1";"1";"1";"6";"Bievre";"48,90727000";"3,70857200"
"202400041785";"16";"07";"2024";"18:45";"1";"51";"51454";"2";"3";"1";"3";"FABIEN (RUE DU COLONNEL)";"49,24921000";"4,01665000"
"202400041786";"16";"06";"2024";"19:45";"1";"83";"83107";"2";"1";"1";"6";"avenue Gabriel Peri";"43,44496200";"6,63893400"
"202400041787";"2";"02";"2024";"20:40";"3";101;101017";"1";"3";"1";"3";"24 Strada di San Ghjuvanni";"41,99085200";"8,76852800"
"202400041788";"15";"06";"2024";"23:45";"3";"08";"08237";"1";"1";"1";"6";"N/A";"49,82669300";"4,78204072"
"202400041789";"15";"06";"2024";"15:30";"1";"68";"68063";"2";"1";"1";"3";"18 Rue Raymond Poincare";"47,80774400";"7,17555400"
"202400041790";"25";"08";"2024";"17:40";"1";"80";"80714";"2";"1";"1";"1";"Route de Saint Valery";"50,07500800";"1,43491200"
"202400041791";"16";"07";"2024";"18:41";"1";"51";"51454";"2";"2";"1";"4";"MARCHANDEAU (AVENUE PAUL)";"49,24401000";"4,02759000"
"202400041792";"24";"08";"2024";"19:05";"1";"81";"81220";"2";"1";"2";"3";"  6609B Avenue de l'Hermitage";"43,82856100";"1,73438900"
"202400041793";"16";"06";"2024";"17:15";"1";"68";"68269";"1";"1";"1";"1";"D106";"48,18871400";"7,36214900"
"202400041794";"13";"06";"2024";"14:14";"1";"73";"73099";"1";"6";"1";"3";"D925";"45,45263655";"6,10293031"
"202400041795";"17";"07";"2024";"03:40";"3";"47";"47031";"2";"1";"1";"2";"DOCTEUR NOGUES (AV DU)";"44,19014000";"0,65350000"
"202400041796";"14";"06";"2024";"15:00";"1";"38";"38455";"2";"1";"1";"6";"235 Chemin du Mollard";"45,61551900";"5,31563500"
"202400041797";"24";"08";"2024";"23:10";"3";"89";"89382";"2";"1";"1";"5";"1 Rue d'Auxerre";"47,90252100";"3,59934900"
"202400041798";"15";"07";"2024";"14:52";"1";"38";"38151";"1";"1";"1";"3";"A.480";"45,15931000";"5,70138000"
"202400041799";"17";"06";"2024";"14:20";"1";"38";"38205";"2";"1";"1";"3";"65 Route de Villard";"45,13009000";"5,58062600"
"202400041800";"23";"08";"2024";"23:00";"3";"63";"63380";"1";"1";"1";"1";"Route de Sapchat";"45,58039897";"2,98721020"
"202400041801";"17";"07";"2024";"08:15";"1";"34";"34172";"2";"1";"1";"6";"JUSSIEU (RUE ANTOINE-LAURENT)";"43,63629000";"3,87543000"
"202400041802";"16";"06";"2024";"18:25";"1";"26";"26347";"2";"1";"1";"1";"Place du Taurobole";"45,07085400";"4,83681100"
"202400041803";"14";"07";"2024";"03:40";"4";"27";"27229";"2";"1";"1";"6";"VERNON (RUE DE)";"49,03212000";"1,15726000"
"202400041804";"17";"06";"2024";"17:00";"1";"26";"26074";"1";"1";"1";"7";"route de vassieux";"44,95106800";"5,40026800"
"202400041805";"17";"07";"2024";"13:25";"1";"25";"25056";"2";"1";"1";"6";"faubourg tarragnoz";"47,22673000";"6,03266000"
"202400041806";"13";"06";"2024";"08:20";"1";"07";"07042";"1";"3";"1";"3";"D4";"44,38460200";"4,62426200"
"202400041807";"25";"08";"2024";"06:00";"3";"49";"49364";"1";"4";"1";"4";"D347";"47,13087000";" -0,16856600"
"202400041808";"17";"07";"2024";"23:45";"5";"17";"17300";"2";"1";"1";"2";"REPUBLIQUE   BOULEVARD DE LA";"46,13872000";" -1,14833000"
"202400041809";"16";"06";"2024";"23:10";"5";"65";"65059";"2";"1";"1";"6";"Rue Georges Lassalle";"43,06404800";"0,15167400"
"202400041810";"16";"06";"2024";"23:35";"3";"65";"65059";"2";"1";"1";"6";"Route de Toulouse";"43,08083100";"0,16429100"
"202400041811";"25";"08";"2024";"11:05";"1";"49";"49180";"1";"4";"1";"1";"D79 PR9+340";"47,37082500";" -0,11604600"
"202400041812";"5";"06";"2024";"19:30";"1";"31";"31395";"2";"1";"1";"6";"55 Avenue des Pyrénées";"43,45387700";"1,32183600"
"202400041813";"17";"07";"2024";"00:40";"5";"13";"13211";"2";"2";"1";"1";"VICINAL DE LA MILLIERE (CHEMIN)";"43,28914198";"5,49701481"
"202400041814";"24";"08";"2024";"18:10";"1";"47";"47086";"1";"1";"1";"6";"770 Route de Miramont";"44,66624400";"0,19637000"
"202400041815";"17";"06";"2024";"08:20";"1";"64";"64304";"1";"3";"1";"1";"Route de l'Adour";"43,49124600";" -1,38295800"
"202400041816";"17";"07";"2024";"20:25";"1";"11";"11262";"2";"1";"1";"2";"N/A";"43,17157000";"2,97749000"
"202400041817";"16";"06";"2024";"19:20";"1";"33";"33498";"1";"1";"1";"1";"N/A";"44,54864400";" -0,88377700"
"202400041818";"25";"08";"2024";"15:50";"1";"68";"68018";"2";"1";"1";"1";"10 Rue du 27 Novembre";"47,66431100";"7,16486200"
"202400041819";"17";"07";"2024";"13:30";"1";"11";"11262";"2";"1";"1";"5";"N/A";"43,19906000";"2,97145000"
"202400041820";"16";"06";"2024";"19:15";"1";"72";"72378";"1";"2";"1";"3";"Le Petit Gruau";"47,83020600";" -0,28398700"
"202400041821";"24";"08";"2024";"21:30";"3";"44";"44082";"1";"1";"1";"1";"Le Chapeau Rouge";"47,37906844";" -1,39724250"
"202400041822";"16";"06";"2024";"02:00";"3";"14";"14258";"1";"1";"2";"6";"D511";"48,91332700";" -0,19737800"
"202400041823";"17";"07";"2024";"11:40";"1";"11";"11069";"2";"1";"1";"2";"34 Avenue du Général Leclerc";"43,21011000";"2,36435000"
"202400041824";"24";"08";"2024";"15:45";"1";"29";"29163";"2";"1";"1";"7";"Rue Pasteur";"48,50851300";" -3,87781700"
"202400041825";"16";"07";"2024";"10:00";"1";"11";"11069";"1";"1";"1";"3";"N/A";"43,22321000";"2,36024000"
"202400041826";"17";"06";"2024";"17:00";"1";"60";"60700";"2";"1";"1";"4";"D1001";"49,38837600";"2,14437800"
"202400041827";"24";"08";"2024";"03:05";"3";"38";"38144";"1";"1";"1";"6";"D518";"45,60939900";"5,08312900"
"202400041828";"17";"07";"2024";"22:45";"5";"07";"07102";"2";"1";"1";"7";"REPUBLIQUE (AV. DE LA) [DU N° AU N°]";"44,93266000";"4,88108000"
"202400041829";"25";"08";"2024";"06:00";"3";"26";"26342";"1";"1";"2";"7";"RD 341";"44,33982200";"4,82948400"
"202400041830";"16";"07";"2024";"21:20";"1";"75";"75118";"2";"1";"1";"2";"BD PERIPHERIQUE INTERIEUR";"48,90078700";"2,33855900"
"202400041831";"17";"06";"2024";"14:40";"1";"80";"80317";"1";"1";"1";"7";"D100";"49,73732300";"2,09971900"
"202400041832";"17";"07";"2024";"16:10";"1";"75";"75119";"2";"1";"1";"7";"RUE SIGMUND FREUD";"48,88416500";"2,39945600"
"202400041833";"25";"08";"2024";"03:30";"3";"58";"58142";"1";"2";"1";"3";"C3 LIMANTON";"47,02047000";"3,76640100"
"202400041834";"14";"06";"2024";"04:45";"3";"13";"13043";"1";"1";"1";"3";"A55-Sens Marseille vers Martigues";"43,38385055";"5,23250187"
"202400041835";"17";"07";"2024";"20:55";"1";"75";"75115";"2";"2";"1";"3";"RUE DE LA CONVENTION";"48,84474900";"2,27987400"
"202400041836";"24";"08";"2024";"10:20";"1";"66";"66016";"1";"1";"1";"6";"D914";"42,45939156";"3,14848423"
"202400041837";"16";"06";"2024";"00:01";"5";"83";"83090";"1";"9";"1";"2";"A50";"43,12562777";"5,87700866"
"202400041838";"25";"08";"2024";"11:30";"1";"50";"50407";"1";"1";"1";"6";"Lentille";"48,62526600";" -1,33665200"
"202400041839";"17";"07";"2024";"19:00";"1";"75";"75107";"2";"2";"1";"5";"QUAI BRANLY";"48,86229500";"2,30194700"
"202400041840";"15";"06";"2024";"18:00";"1";"69";"69389";"1";"1";"1";"4";"Route de Métropole 6";"45,76205000";"4,80570000"
"202400041841";"24";"08";"2024";"04:30";"5";"73";"73128";"1";"3";"1";"6";"D1201 - 25 Route de l'Albanais";"45,70910300";"5,91194000"
"202400041842";"17";"07";"2024";"16:35";"1";"75";"75114";"2";"7";"1";"2";"AVENUE DENFERT ROCHEREAU";"48,83454600";"2,33261100"
"202400041843";"16";"06";"2024";"16:45";"1";"91";"91235";"1";"1";"2";"7";"RN 104";"48,62582000";"2,35530000"
"202400041844";"24";"08";"2024";"14:30";"1";"43";"43241";"1";"3";"1";"3";"Concis";"44,93790400";"3,86401200"
"202400041845";"16";"06";"2024";"02:53";"3";"94";"94076";"1";"1";"1";"3";"AUTOROUTE A6A";"48,79721145";"2,34426549"
"202400041846";"17";"07";"2024";"09:30";"1";"75";"75111";"2";"2";"1";"3";"AVENUE PARMENTIER";"48,86687600";"2,37335500"
"202400041847";"21";"08";"2024";"03:30";"3";"04";"04021";"1";"1";"1";"7";"D17";"44,08350100";"6,11251800"
"202400041848";"16";"06";"2024";"01:43";"3";"91";"91216";"1";"1";"1";"7";"AUTOROUTE A6";"48,68306000";"2,32908000"
"202400041849";"25";"08";"2024";"06:50";"2";"28";"28367";"1";"1";"1";"6";"D954";"48,15549400";"1,84295700"
"202400041850";"17";"07";"2024";"09:30";"1";"75";"75111";"2";"3";"1";"3";"AVENUE DE LA REPUBLIQUE";"48,86329300";"2,38494600"
"202400041851";"15";"06";"2024";"16:40";"1";"91";"91689";"1";"1";"1";"4";"AUTOROUTE A6";"48,72630000";"2,31330000"
"202400041852";"25";"08";"2024";"11:50";"1";"88";"88275";"1";"1";"1";"7";"Fouillaupré";"48,32113200";"7,18166800"
"202400041853";"17";"07";"2024";"16:04";"1";"75";"75110";"2";"3";"1";"6";"BOULEVARD DE MAGENTA";"48,88196800";"2,35095900"
"202400041854";"16";"06";"2024";"16:50";"1";"92";"92025";"1";"1";"1";"5";"A86";"48,92201331";"2,22672771"
"202400041855";"25";"08";"2024";"18:20";"1";"45";"45032";"1";"1";"1";"2";"Autoroute A6 PK 95+200";"48,13497700";"2,92637600"
"202400041856";"17";"07";"2024";"16:30";"1";"75";"75104";"2";"2";"1";"2";"QUAI DE L HOTEL DE VILLE";"48,85583500";"2,35084600"
"202400041857";"16";"06";"2024";"06:54";"1";"92";"92050";"1";"1";"2";"2";"A86";"48,89167542";"2,17700421"
"202400041858";"24";"08";"2024";"12:55";"1";"971";"97119";"2";"1";"1";"3";"Les Mangles";"16,39233600";" -61,46107100"
"202400041859";"17";"07";"2024";"14:45";"1";"75";"75102";"2";"2";"1";"3";"RUE ETIENNE MARCEL";"48,86386311";"2,34900087"
"202400041860";"16";"06";"2024";"19:00";"1";"92";"92036";"2";"9";"1";"6";"AUTOROUTE A15";"48,94917898";"2,28036318"
"202400041861";"24";"08";"2024";"18:20";"2";"971";"97129";"1";"1";"1";"2";"Vinty";"16,35259100";" -61,72874500"
"202400041862";"16";"06";"2024";"18:30";"1";"93";"93078";"1";"1";"1";"2";"A104";"48,96204339";"2,54633608"
"202400041863";"17";"07";"2024";"14:35";"1";"75";"75104";"2";"2";"1";"6";"RUE DE LOBAU";"48,85690500";"2,35379000"