"Num_Acc";"jour";"mois";"an";"hrmn";"lum";"dep";"com";"agg";"int";"atm";"col";"adr";"lat";"long"
"202400041864";"25";"08";"2024";"11:55";"1";100;100307";"2";"2";"1";"3";"Départementale 109";"42,38260900";"9,52367900"
"202400041865";"16";"06";"2024";"14:00";"1";"93";"93078";"1";"1";"8";"3";"A104";"48,95883814";"2,53476623"
"202400041866";"17";"07";"2024";"12:25";"1";"94";"94080";"2";"1";"1";"6";"Avenue de la République";"48,84968000";"2,43413000"
"202400041867";"16";"06";"2024";"13:45";"1";"95";"95061";"1";"1";"1";"6";"N104";"49,06799174";"2,25449202"
"202400041868";"25";"08";"2024";"03:45";"3";"34";"34199";"1";"1";"8";"6";"D13e5";"43,47877100";"3,39608400"
"202400041869";"16";"06";"2024";"09:40";"1";"95";"95218";"1";"1";"2";"6";"A15";"49,03512876";"2,09846616"
"202400041870";"25";"08";"2024";"02:06";"3";"34";"34135";"1";"1";"8";"6";"D14";"43,25402500";"3,15579300"
"202400041871";"17";"07";"2024";"19:35";"1";"94";"94076";"2";"1";"1";"2";"114 Boulevard Maxime Gorki";"48,79225100";"2,36950600"
"202400041872";"15";"07";"2024";"19:00";"1";"94";"94003";"2";"9";"1";"6";"20, avenue Laplace";"48,80770000";"2,33441000"
"202400041873";"16";"06";"2024";"01:00";"3";"93";"93066";"1";"1";"8";"2";"A1";"48,91936344";"2,35754643"
"202400041874";"24";"08";"2024";"23:30";"3";"83";"83068";"1";"1";"1";"6";"Route de Cogolin";"43,26637200";"6,52868900"
"202400041875";"15";"06";"2024";"22:10";"2";"75";"75120";"2";"1";"1";"7";"ECHANGEUR BAGNOLET";"48,86633561";"2,41391838"
"202400041876";"24";"08";"2024";"18:45";"1";"83";"83068";"1";"1";"1";"7";"Chemin du Camp Marin";"43,26364400";"6,53185200"
"202400041877";"17";"07";"2024";"19:50";"1";"94";"94074";"2";"1";"1";"2";"Rue Gabriel Péri";"48,74880000";"2,47098000"
"202400041878";"15";"06";"2024";"15:10";"1";"95";"95277";"1";"1";"1";"2";"D170";"48,97596217";"2,48227551"
"202400041879";"17";"07";"2024";"14:15";"1";"94";"94017";"2";"1";"1";"1";"Boulevard de Stalingrad";"48,82759000";"2,49406000"
"202400041880";"25";"08";"2024";"07:40";"1";"83";"83107";"2";"2";"1";"2";"D559";"43,36054500";"6,71674000"
"202400041881";"16";"06";"2024";"20:15";"1";"77";"77053";"1";"1";"2";"6";"RN104";"48,68496500";"2,59854600"
"202400041882";"25";"08";"2024";"13:15";"1";"05";"05065";"1";"1";"1";"6";"route du Guil";"44,67799100";"6,69479400"
"202400041883";"15";"06";"2024";"05:30";"2";"77";"77053";"1";"1";"1";"7";"RN104";"48,68202700";"2,60289400"
"202400041884";"17";"07";"2024";"07:00";"1";"93";"93051";"2";"1";"1";"3";"Avenue Emile Cossonneau";"48,84940000";"2,56271000"
"202400041885";"14";"06";"2024";"13:40";"1";"976";"97611";"2";"9";"1";"3";"mamoudzou centre-RP Passot quai colas (R";" -12,77860000";"45,23190000"
"202400041886";"25";"08";"2024";"04:15";"3";"67";"67261";"1";"1";"3";"7";"2 Route de Mothern";"48,95945800";"8,18261000"
"202400041887";"11";"06";"2024";"19:05";"1";"92";"92040";"2";"1";"1";"2";"GALLIENI (BOULEVARD)";"48,83439306";"2,26696908"
"202400041888";"17";"07";"2024";"15:35";"1";"93";"93050";"2";"2";"1";"3";"Rue Paul et Camille Thomoux / Avenue du General de Gaulle";"48,85715000";"2,53135000"
"202400041889";"25";"08";"2024";"10:59";"1";"73";"73306";"1";"1";"1";"6";"D902 Route du Télégraphe";"45,19455578";"6,45557776"
"202400041890";"5";"06";"2024";"17:20";"1";"15";"15014";"1";"1";"1";"2";"VC Déviation Aurillac";"44,89406000";"2,44080000"
"202400041891";"23";"08";"2024";"20:15";"2";"38";"38515";"2";"1";"1";"7";"Route de Bourgoin";"45,67647900";"5,31644900"
"202400041892";"4";"06";"2024";"09:40";"1";"44";"44162";"2";"1";"1";"2";"Rue de la Maison Neuve";"47,23188520";" -1,64607346"
"202400041893";"6";"07";"2024";"19:00";"1";"93";"93047";"2";"2";"2";"1";"GENERAL LECLERC  (RUE DU)";"48,89842000";"2,57484000"
"202400041894";"24";"08";"2024";"19:50";"1";"69";"69121";"1";"1";"1";"6";"Route de la Tour de Salvagny";"45,84186600";"4,68929500"
"202400041895";"22";"02";"2024";"18:30";"3";"84";"84129";"2";"1";"2";"6";"Boulevard Salvador Allende";"44,00323372";"4,87968385"
"202400041896";"25";"08";"2024";"04:35";"3";"81";"81151";"1";"1";"1";"6";"AL GRAND";"43,61470200";"1,91650300"
"202400041897";"17";"07";"2024";"02:15";"5";"93";"93029";"2";"3";"1";"3";"Avenue Jean Jaures / Avenue Garibaldi";"48,92069000";"2,44967000"
"202400041898";"24";"08";"2024";"20:30";"1";"56";"56241";"1";"1";"1";"7";"Borderune";"47,35416500";" -3,24375100"
"202400041899";"17";"02";"2024";"16:55";"1";"84";"84132";"2";"3";"1";"3";"Chemin des Estourans";"43,92928700";"4,99896200"
"202400041900";"17";"07";"2024";"15:15";"1";"93";"93001";"2";"5";"1";"1";"Rue Danielle Casanova / Rue Charles Tillon";"48,91850000";"2,39315000"
"202400041901";"25";"08";"2024";"15:50";"1";"29";"29104";"1";"2";"1";"3";"Kerveleyen";"48,26630500";" -4,33811400"
"202400041902";"3";"02";"2024";"14:25";"1";"84";"84092";"2";"5";"1";"1";"Rue Alphonse Daudet";"43,95390800";"4,85597800"
"202400041903";"25";"08";"2024";"00:30";"3";"60";"60341";"1";"1";"1";"2";"N2";"49,08613300";"2,73179700"
"202400041904";"16";"07";"2024";"08:10";"1";"93";"93027";"2";"3";"1";"3";"Rue Wangari Muta Maathi / Rue de Saint-Denis";"48,93173000";"2,37765000"
"202400041905";"15";"06";"2024";"20:13";"5";"973";"97302";"2";"1";"1";"3";"BADUEL (ROUTE DE)";"4,93687000";" -52,31486000"
"202400041906";"17";"07";"2024";"09:30";"1";"92";"92075";"2";"1";"1";"6";"LYCEE (BOULEVARD DU)";"48,82375056";"2,28317399"
"202400041907";"25";"08";"2024";"15:25";"1";"59";"59011";"2";"1";"1";"3";"Rue Roger Salengro";"50,53147200";"2,94169700"
"202400041908";"15";"06";"2024";"18:18";"5";"973";"97302";"2";"3";"1";"3";"CABASSOU (ROUTE DE)";"4,91747362";" -52,31282938"
"202400041909";"16";"07";"2024";"15:15";"1";"92";"92064";"2";"1";"1";"6";"BEARN";"48,84755325";"2,22130072"
"202400041910";"15";"06";"2024";"08:05";"1";"972";"97209";"1";"9";"1";"6";"CHATEAUBOEUF (ROUTE DE)";"14,61409000";" -61,05129000"
"202400041911";"23";"08";"2024";"21:58";"5";"13";"13202";"1";"1";"1";"2";"TVPCD-Sens Les Ports vers Saint Victor";"43,29765025";"5,36426926"
"202400041912";"14";"06";"2024";"17:10";"1";"972";"97209";"2";"1";"1";"7";"ARAWAKS (AVENUE DES)";"14,61793000";" -61,04219000"
"202400041913";"17";"07";"2024";"07:23";"1";"92";"92063";"2";"1";"1";"6";"CASANOVA (RUE DANIELLE)";"48,87661611";"2,17667565"
"202400041914";"15";"06";"2024";"23:15";"3";"69";"69142";"2";"1";"9";"6";"27 Quai Pierre Sémard";"45,71956000";"4,81821000"
"202400041915";"22";"08";"2024";"22:27";"3";"13";"13214";"1";"1";"1";"2";"A7-Sens Lyon vers Marseille";"43,33424000";"5,37717000"
"202400041916";"17";"07";"2024";"00:45";"5";"92";"92062";"2";"1";"1";"2";"BELLINI (RUE)";"48,88614228";"2,25033157"
"202400041917";"23";"08";"2024";"14:20";"1";"67";"67447";"1";"1";"1";"3";"M35";"48,60544000";"7,72813000"
"202400041918";"17";"07";"2024";"17:22";"1";"92";"92051";"2";"1";"1";"6";"CHARLES DE GAULLE (AVENUE, N°27 A 129)";"48,88036162";"2,27346003"
"202400041919";"15";"06";"2024";"20:30";"1";"69";"69382";"2";"7";"1";"3";"5 Place Bellecour";"45,75881416";"4,83097843"
"202400041920";"17";"07";"2024";"00:25";"5";"92";"92044";"2";"1";"8";"7";"VERGNIAUD(RUE)";"48,88798343";"2,28357332"
"202400041921";"24";"08";"2024";"14:15";"1";"33";"33013";"1";"1";"1";"2";"N/A";"44,86747000";" -0,50390000"
"202400041922";"15";"06";"2024";"01:10";"5";"69";"69381";"2";"3";"2";"3";"Quai André Lassagne";"45,76900066";"4,83779864"
"202400041923";"16";"07";"2024";"09:10";"1";"92";"92024";"2";"9";"1";"3";"GENERAL LECLERC (BD DU) (9 A 59)   (4 A";"48,90235892";"2,31395191"
"202400041924";"14";"06";"2024";"23:30";"5";"971";"97101";"1";"9";"1";"7";"RN1 ROCADE DE CHAUVEL";"16,23721000";" -61,52305000"
"202400041925";"24";"08";"2024";"03:00";"3";"92";"92062";"1";"1";"1";"2";"A14";"48,89257845";"2,23639870"
"202400041926";"17";"07";"2024";"06:55";"1";"34";"34165";"1";"1";"1";"7";"Chemin des Romains";"43,51956700";"3,70696300"
"202400041927";"14";"06";"2024";"18:15";"1";"91";"91027";"2";"1";"1";"6";"AV FRANCOIS MITTERRAND";"48,70184000";"2,37181000"
"202400041928";"23";"08";"2024";"18:44";"1";"78";"78158";"1";"1";"1";"6";"A13";"48,83185000";"2,14328000"
"202400041929";"18";"07";"2024";"14:30";"1";"35";"35077";"1";"1";"1";"5";"D95";"47,84813400";" -1,22095200"
"202400041930";"15";"06";"2024";"02:18";"3";"86";"86194";"1";"1";"1";"3";"D910";"46,60180700";"0,32453000"
"202400041931";"27";"09";"2024";"15:30";"1";"33";"33200";"2";"3";"2";"3";"N/A";"44,85984000";" -0,67761000"
"202400041932";"21";"05";"2024";"23:00";"3";"93";"93064";"1";"1";"1";"2";"A86";"48,88427014";"2,46958851"
"202400041933";"14";"07";"2024";"09:20";"1";"67";"67371";"2";"1";"1";"7";"55 Route d'Ingwiller";"48,85799900";"7,33415700"
"202400041934";"16";"06";"2024";"02:30";"3";"81";"81065";"1";"1";"1";"6";"47 (ROUTE DEPARTEMENTALE)";"43,63430000";"2,18797000"
"202400041935";"23";"08";"2024";"14:05";"1";"93";"93010";"1";"1";"1";"2";"AUTOROUTE A3";"48,90625339";"2,47214056"
"202400041936";"16";"07";"2024";"21:00";"2";"71";"71166";"1";"1";"1";"7";"Cuzy";"46,74836000";"4,04097300"
"202400041937";"15";"06";"2024";"20:33";"1";"81";"81144";"1";"2";"7";"2";"JAURES ( AVENUE JEAN )";"43,95313000";"2,18646000"
"202400041938";"17";"07";"2024";"10:00";"1";"33";"33138";"2";"1";"1";"6";"N/A";"45,04240200";" -0,12777500"
"202400041939";"28";"09";"2024";"10:00";"1";"31";"31555";"2";"2";"1";"3";"RUE PIERRE PAUL RIQUET";"43,60140000";"1,45409000"
"202400041940";"15";"06";"2024";"22:20";"4";"78";"78396";"1";"1";"1";"1";"PECQ (ROUTE DU)";"48,91676600";"2,11565300"
"202400041941";"24";"08";"2024";"16:10";"1";"94";"94046";"1";"1";"1";"2";"A86";"48,81182784";"2,44912922"
"202400041942";"9";"07";"2024";"11:00";"1";"33";"33327";"2";"2";"1";"2";"N/A";"44,64966200";" -0,35424500"
"202400041943";"14";"06";"2024";"11:20";"1";"78";"78418";"2";"3";"1";"3";"ONZE NOVEMBRE 1918 (RUE DU)";"48,91320000";"2,14726000"
"202400041944";"28";"09";"2024";"22:55";"3";"29";"29019";"2";"1";"1";"1";"avenue Victor Le Gorgeu";"48,40164400";" -4,50202100"
"202400041945";"23";"08";"2024";"19:25";"1";"94";"94028";"1";"1";"1";"2";"A86";"48,79983715";"2,44627859"
"202400041946";"18";"07";"2024";"13:00";"1";"68";"68173";"1";"1";"1";"3";"D11";"48,11425100";"7,21462700"
"202400041947";"22";"08";"2024";"23:40";"3";"77";"77258";"1";"1";"1";"1";"A4.W";"48,83202700";"2,64944200"
"202400041948";"15";"06";"2024";"19:45";"1";"77";"77372";"1";"3";"1";"1";"D 934";"48,88141000";"2,66091000"
"202400041949";"28";"09";"2024";"19:30";"2";"27";"27375";"2";"1";"1";"6";"MAISON ROUGE (RUE DE LA)";"49,20710000";"1,15455000"
"202400041950";"4";"05";"2024";"14:55";"1";"68";"68331";"2";"1";"1";"3";"D13";"48,04000900";"7,42237000"
"202400041951";"15";"06";"2024";"16:27";"1";"74";"74012";"2";"1";"1";"6";"TOURNELLES (RUE DES)";"46,19685000";"6,24249000"
"202400041952";"24";"06";"2024";"23:10";"5";"57";"57757";"1";"1";"1";"7";"EDISON (RUE THOMAS)";"49,35800000";"6,22670000"
"202400041953";"18";"07";"2024";"11:10";"1";"67";"67202";"1";"1";"1";"2";"D7";"48,76863600";"7,57290600"
"202400041954";"27";"09";"2024";"17:15";"1";"17";"17306";"2";"1";"1";"3";"EXPRESS (VOIE)";"45,62229300";" -0,99634300"
"202400041955";"15";"06";"2024";"04:30";"5";"69";"69256";"2";"6";"2";"1";"Avenue Georges Dimitrov";"45,77676000";"4,92120000"
"202400041956";"23";"08";"2024";"10:25";"1";"987";"98735";"1";"2";"1";"3";"PRINCE HINOI (AVENUE BLOC STATION TAUNOA";" -17,53216000";" -149,55623000"
"202400041957";"17";"07";"2024";"19:45";"1";"42";"42253";"1";"2";"7";"3";"Route de Renaison";"46,04416500";"3,99762300"
"202400041958";"15";"06";"2024";"03:00";"5";"69";"69266";"2";"2";"2";"3";"Rue des Bienvenus";"45,77508000";"4,87870000"
"202400041959";"22";"08";"2024";"18:56";"5";"987";"98736";"2";"5";"1";"3";"CHARLES DE GAULLE (AV)";" -17,53093700";" -149,55316500"
"202400041960";"15";"06";"2024";"10:12";"1";"69";"69259";"2";"2";"1";"2";"Boulevard de Jodino";"45,69695878";"4,88738971"
"202400041961";"17";"07";"2024";"15:30";"1";"38";"38084";"2";"3";"1";"3";"Le Grand Chemin";"45,34439000";"5,52230000"
"202400041962";"28";"09";"2024";"13:45";"1";"16";"16358";"2";"9";"1";"6";"N/A";"45,67490000";"0,12670000"
"202400041963";"15";"06";"2024";"16:20";"1";"67";"67482";"2";"1";"1";"6";"LA FONTAINE (BOULEVARD)";"48,59121000";"7,70750000"
"202400041964";"23";"08";"2024";"20:50";"3";"973";"97302";"2";"2";"1";"1";"FLAMBOYANTS (RUE DES)";"4,92497037";" -52,31710660"
"202400041965";"17";"07";"2024";"15:20";"1";"79";"79163";"1";"1";"1";"1";"N/A";"46,15988500";"0,05533400"
"202400041966";"28";"09";"2024";"19:20";"1";"15";"15014";"2";"1";"2";"7";"Chemin de Coissy";"44,91531000";"2,44479000"
"202400041967";"15";"06";"2024";"12:40";"1";"64";"64260";"2";"1";"1";"6";"MER (BOULEVARD DE LA)";"43,37314912";" -1,77384177"
"202400041968";"23";"08";"2024";"12:20";"1";"973";"97302";"2";"3";"1";"3";"TROUBIRAN (CHEMIN DE)";"4,92125042";" -52,30405551"
"202400041969";"18";"07";"2024";"17:50";"1";"26";"26010";"1";"1";"1";"1";"D132";"45,25324800";"4,93251800"
"202400041970";"15";"06";"2024";"11:20";"1";"64";"64335";"2";"3";"1";"5";"CHENES DES";"43,33846000";" -0,44196000"
"202400041971";"23";"08";"2024";"19:50";"2";"69";"69389";"2";"1";"1";"6";"16 Rue Sergent Michel Berthet";"45,77329128";"4,80539756"
"202400041972";"28";"09";"2024";"20:15";"5";"13";"13039";"2";"1";"1";"3";"CAMILLE PELLETAN (avenue)";"43,43666509";"4,94433158"
"202400041973";"17";"07";"2024";"17:00";"1";"42";"42283";"2";"1";"1";"6";"Route Pre Chevalier";"45,55514900";"4,54162400"
"202400041974";"15";"06";"2024";"11:40";"1";"64";"64102";"2";"1";"1";"3";"LOUIS DE FOIX (AVENUE)";"43,50930305";" -1,46785196"
"202400041975";"23";"08";"2024";"08:20";"1";"69";"69389";"2";"1";"1";"6";"Rue Professeur Patel";"45,76668000";"4,78964000"
"202400041976";"17";"07";"2024";"16:30";"1";"30";"30315";"1";"3";"1";"3";"N100";"43,95108500";"4,71115500"
"202400041977";"28";"09";"2024";"21:45";"5";"13";"13208";"2";"1";"1";"1";"MICHELET (BOULEVARD)";"43,27002000";"5,39235000"
"202400041978";"14";"06";"2024";"17:13";"1";"63";"63113";"2";"1";"1";"1";"ITALIE (AVENUE DE L')";"45,78192000";"3,09544000"
"202400041979";"23";"08";"2024";"08:05";"1";100;100037";"1";"1";"1";"2";"TOUTES RUES";"42,61314000";"9,43754000"
"202400041980";"18";"07";"2024";"06:55";"2";"21";"21650";"1";"1";"1";"1";"route de la Rente noire";"47,27821700";"4,84531900"
"202400041981";"28";"09";"2024";"19:45";"2";"13";"13209";"2";"1";"1";"6";"BARTHELEMY (BOULEVARD)";"43,26773861";"5,41295731"
"202400041982";"15";"06";"2024";"19:25";"1";"61";"61006";"2";"3";"3";"3";"VC";"48,74313000";" -0,01196900"
"202400041983";"23";"08";"2024";"22:40";"5";101;101004";"2";"9";"1";"3";"BIANCAMARIA COLONEL ET CAPITAINE AVE";"41,93271046";"8,73745009"
"202400041984";"12";"07";"2024";"16:40";"1";"56";"56094";"1";"1";"1";"2";"Lieu Dit le Braigno";"47,79495200";" -3,24092400"
"202400041985";"14";"06";"2024";"16:45";"1";"59";"59599";"2";"2";"1";"3";"Boulevard d'Halluin";"50,73413000";"3,13390000"
"202400041986";"23";"08";"2024";"10:40";"1";"91";"91027";"1";"3";"2";"3";"AV FRANCOIS MITTERRAND";"48,71613000";"2,37087000"
"202400041987";"28";"09";"2024";"07:20";"2";"13";"13203";"2";"3";"1";"3";"PLOMBIERES (BOULEVARD DES)";"43,32071000";"5,37882000"
"202400041988";"15";"06";"2024";"08:20";"1";"59";"59344";"2";"1";"1";"1";"MARCEL RINGEVAL (RUE)";"50,18323000";"3,83547000"
"202400041989";"17";"07";"2024";"18:05";"1";"76";"76735";"1";"2";"1";"1";"D925";"49,86400000";"0,77175700"
"202400041990";"23";"08";"2024";"10:40";"1";"91";"91228";"2";"3";"1";"3";"RUE PAUL SABATIER";"48,62500000";"2,43213000"
"202400041991";"15";"06";"2024";"01:00";"5";"59";"59350";"2";"6";"2";"3";"Avenue Denis Cordonnier";"50,62390000";"3,08050000"
"202400041992";"18";"07";"2024";"09:58";"1";"82";"82087";"1";"1";"1";"1";"Route de Moissac";"44,13400500";"1,19086900"
"202400041993";"27";"09";"2024";"23:35";"4";"13";"13005";"2";"1";"1";"1";"AVELANEDE (CHEMIN DE L')";"43,29755000";"5,59061000"
"202400041994";"14";"06";"2024";"17:25";"1";"59";"59009";"2";"8";"1";"1";"FLANDRE AVENUEE DE";"50,66318000";"3,13899000"
"202400041995";"20";"08";"2024";"11:00";"1";"89";"89024";"2";"1";"1";"6";"VAUX (ROUTE DE)";"47,78677000";"3,58751000"
"202400041996";"15";"06";"2024";"14:35";"1";"59";"59350";"2";"1";"1";"6";"Rue Faidherbe";"50,63395000";"3,11433000"
"202400041997";"23";"08";"2024";"11:16";"1";"87";"87085";"2";"1";"1";"6";"BEAUBREUIL (PLACE DE)";"45,87980000";"1,29284000"
"202400041998";"15";"06";"2024";"08:45";"1";"54";"54483";"2";"1";"1";"6";"Avenue Jolain";"48,62832000";"6,29671000"
"202400041999";"18";"08";"2024";"14:02";"1";"87";"87085";"2";"1";"1";"7";"APPERT (RUE NICOLAS)";"45,88329000";"1,28414000"
"202400042000";"15";"06";"2024";"12:25";"1";"47";"47001";"2";"1";"1";"6";"BRU (AVENUE DU DOCTEUR JEAN)";"44,19393000";"0,62826000"
"202400042001";"23";"08";"2024";"11:45";"1";"83";"83090";"2";"1";"1";"2";"BRIAND (AVE ARISTIDE)";"43,11868000";"5,88487000"
"202400042002";"14";"06";"2024";"23:45";"5";"47";"47001";"2";"1";"2";"2";"PONT DE PIERRE";"44,19498887";"0,61085272"
"202400042003";"28";"09";"2024";"14:18";"1";"10";"10387";"2";"6";"1";"2";"GEORGES POMPIDOU (RUE)";"48,29140000";"4,08800000"
"202400042004";"28";"09";"2024";"01:58";"5";"10";"10387";"2";"1";"2";"6";"Rue William et Catherine Booth";"48,30992000";"4,08538000"
"202400042005";"28";"09";"2024";"11:30";"1";"06";"06027";"2";"1";"1";"6";"32 Avenue Cyrille Besset";"43,66269000";"7,15491000"
"202400042006";"15";"06";"2024";"18:00";"1";"45";"45338";"2";"1";"1";"4";"7 Rue Jean Mermoz";"47,98067000";"2,72535000"
"202400042007";"20";"08";"2024";"17:35";"1";"83";"83069";"2";"2";"7";"3";"MILLET (AVENUE ERNEST)";"43,11760575";"6,12780797"
"202400042008";"20";"08";"2024";"14:53";"1";"83";"83069";"2";"1";"1";"3";"AEROPORT (AVENUE DE L')";"43,10123000";"6,13095000"
"202400042009";"15";"06";"2024";"11:10";"1";"45";"45068";"2";"2";"1";"3";"1 Rue Charles Péguy";"48,01455100";"2,73667300"
"202400042010";"27";"09";"2024";"08:10";"2";"05";"05061";"2";"3";"8";"3";"Avenue Bernard Givaudan";"44,54016000";"6,06401000"
"202400042011";"23";"08";"2024";"18:40";"1";"78";"78481";"2";"1";"1";"4";"JEAN JAURES (AVENUE)";"48,89791000";"2,11179000"
"202400042012";"15";"06";"2024";"19:40";"1";"44";"44109";"2";"6";"8";"3";"299 Route de Sainte Luce";"47,24406000";" -1,50480000"
"202400042013";"23";"08";"2024";"21:20";"5";"77";"77350";"2";"1";"1";"6";"AV DU GENERAL LECLERC";"48,77534500";"2,67782700"
"202400042014";"27";"09";"2024";"16:50";"1";"03";"03098";"2";"1";"8";"6";"Rue de Stalingrad";"46,36407000";"2,62082000"
"202400042015";"15";"06";"2024";"22:55";"5";"44";"44109";"2";"6";"1";"3";"Rue Paul Bellamy";"47,22115200";" -1,55554810"
"202400042016";"23";"08";"2024";"18:30";"1";"77";"77058";"2";"1";"1";"2";"MARIE CURIE  (AVENUE)";"48,83612900";"2,73067300"
"202400042017";"14";"06";"2024";"02:25";"3";"42";"42305";"2";"1";"1";"3";"Rue Jean Perrin";"45,46702000";"4,42299000"
"202400042018";"22";"08";"2024";"07:55";"1";"71";"71486";"2";"2";"7";"1";"MAX DORMOY (AVENUE)";"46,64401000";"4,32996000"
"202400042019";"24";"09";"2024";"14:55";"1";"02";"02659";"1";"1";"2";"5";"N/A";"49,85010000";"3,32857000"
"202400042020";"15";"06";"2024";"19:10";"1";"35";"35238";"1";"1";"1";"6";"ROCADE 14-15";"48,14189000";" -1,64413000"
"202400042021";"23";"08";"2024";"17:20";"1";"69";"69275";"2";"1";"1";"6";"Avenue Jean Jaurès";"45,77086419";"4,95976421"
"202400042022";"15";"06";"2024";"12:30";"1";"35";"35238";"2";"2";"1";"2";"SAINT-HELIER";"48,10697508";" -1,67077214"
"202400042023";"27";"09";"2024";"21:15";"5";"75";"75120";"2";"1";"2";"5";"BD PERIPHERIQUE INTERIEUR  ";"48,85544700";"2,41382600"
"202400042024";"15";"06";"2024";"03:45";"5";"35";"35238";"2";"2";"1";"1";"ROOSEVELT (BD FRANKLIN)";"48,09811472";" -1,65555060"
"202400042025";"22";"08";"2024";"09:00";"1";"69";"69271";"1";"1";"1";"1";"28 Route de Lyon";"45,73902816";"4,95794207"
"202400042026";"15";"06";"2024";"18:15";"1";"33";"33063";"2";"1";"1";"2";"N/A";"44,83884009";" -0,59921890"
"202400042027";"27";"09";"2024";"14:02";"1";"75";"75117";"2";"3";"1";"6";"BOULEVARD GOUVION SAINT CYR";"48,88299900";"2,28757900"
"202400042028";"15";"06";"2024";"02:00";"3";"33";"33009";"2";"1";"1";"6";"N/A";"44,64466000";" -1,19537000"
"202400042029";"23";"08";"2024";"14:55";"1";"67";"67482";"2";"3";"7";"3";"MONTAGNE VERTE (RUE DE LA)";"48,56973000";"7,73371000"
"202400042030";"15";"06";"2024";"10:50";"1";"30";"30007";"2";"1";"1";"3";"TORTUGUE (CHEMIN DE LA)";"44,12030000";"4,10929000"
"202400042031";"22";"08";"2024";"14:30";"1";"64";"64269";"1";"1";"1";"1";"BIGORRE";"43,29643000";" -0,31437000"
"202400042032";"28";"09";"2024";"13:43";"1";"75";"75119";"2";"1";"1";"3";"AVENUE DE LA PORTE DE LA VILLETTE";"48,89869400";"2,38607600"
"202400042033";"15";"06";"2024";"14:20";"1";"27";"27299";"1";"1";"1";"2";"RN 154";"49,05451900";"1,17647600"
"202400042034";"23";"08";"2024";"12:07";"1";"63";"63113";"2";"1";"1";"3";"CUGNOT (RUE NICOLAS-JOSEPH)";"45,78769000";"3,12537000"
"202400042035";"14";"06";"2024";"17:51";"1";"27";"27229";"2";"1";"3";"6";"HARROUARD (RUE D')";"49,02053200";"1,12360900"
"202400042036";"26";"08";"2024";"10:20";"1";"62";"62498";"2";"1";"1";"6";"Rue Jean Letienne";"50,42861000";"2,82552000"
"202400042037";"15";"06";"2024";"14:20";"1";"26";"26008";"1";"1";"1";"2";"Route de Rochemaure";"44,57783000";"4,71090000"
"202400042038";"28";"09";"2024";"14:45";"1";"75";"75117";"2";"1";"1";"3";"BOULEVARD DE REIMS";"48,88906100";"2,29717300"
"202400042039";"23";"08";"2024";"23:25";"5";"59";"59599";"2";"3";"1";"3";"Boulevard d'Halluin";"50,73344700";"3,13445100"
"202400042040";"14";"06";"2024";"17:00";"1";"25";"25204";"1";"6";"1";"5";"R-N 57.";"46,92473000";"6,33819000"
"202400042041";"28";"09";"2024";"03:40";"5";"75";"75117";"2";"4";"1";"3";"AVENUE DE CLICHY";"48,89443200";"2,31340000"
"202400042042";"15";"06";"2024";"11:20";"1";"14";"14271";"1";"6";"1";"3";"Route d'Harcourt";"49,13288000";" -0,37749000"
"202400042043";"23";"08";"2024";"22:25";"5";"59";"59426";"2";"9";"1";"3";"VERTUQUET (RUE DU)";"50,75935500";"3,15243244"
"202400042044";"15";"06";"2024";"20:40";"1";"13";"13205";"2";"1";"1";"1";"JEAN MOULIN (BOULEVARD)";"43,28320000";"5,39000000"
"202400042045";"23";"08";"2024";"18:57";"1";"59";"59367";"2";"2";"2";"3";"FRESNOY (RUE DU)";"50,67403000";"3,22682200"
"202400042046";"28";"09";"2024";"22:15";"5";"75";"75113";"2";"3";"1";"3";"AVENUE D ITALIE";"48,82041300";"2,35907700"
"202400042047";"15";"06";"2024";"20:55";"1";"13";"13206";"2";"2";"1";"3";"BAILLE (BOULEVARD)";"43,28734000";"5,38902000"
"202400042048";"23";"08";"2024";"07:20";"1";"59";"59650";"2";"1";"1";"6";"VALLON (RUE)";"50,70356000";"3,22681000"
"202400042049";"15";"06";"2024";"20:00";"1";"13";"13203";"2";"9";"1";"3";"PLOMBIERES (BOULEVARD DES)";"43,31950000";"5,38406000"
"202400042050";"28";"09";"2024";"11:00";"1";"75";"75109";"2";"2";"1";"6";"BOULEVARD HAUSSMANN";"48,87380100";"2,32837500"
"202400042051";"23";"08";"2024";"16:35";"1";"57";"57631";"2";"1";"1";"6";"Rue Allmend";"49,11449000";"7,08669000"
"202400042052";"14";"06";"2024";"20:13";"1";"13";"13204";"2";"8";"1";"3";"SAKAKINI (BOULEVARD)";"43,29970000";"5,40097000"
"202400042053";"21";"08";"2024";"18:57";"2";"56";"56098";"2";"3";"1";"3";"Rue Jacques Solomon";"47,77344000";" -3,34570000"
"202400042054";"15";"06";"2024";"07:30";"1";"06";"06088";"2";"2";"1";"3";"359 Promenade des Anglais";"43,67134300";"7,22423000"
"202400042055";"27";"09";"2024";"18:55";"1";"75";"75108";"2";"2";"2";"3";"BOULEVARD MALESHERBES";"48,87486704";"2,31989729"
"202400042056";"15";"06";"2024";"02:50";"5";"06";"06088";"2";"1";"1";"6";"405 Promenade des Anglais";"43,66990100";"7,22217100"
"202400042057";"15";"06";"2024";"15:35";"1";"01";"01053";"2";"1";"1";"7";"boulevard john kennedy";"46,20584000";"5,24229000"
"202400042058";"27";"09";"2024";"16:30";"1";"75";"75108";"2";"1";"2";"6";"BOULEVARD MALESHERBES";"48,87266300";"2,32151100"
"202400042059";"22";"08";"2024";"14:40";"1";"54";"54578";"2";"2";"1";"1";"Avenue Paul Muller";"48,67034000";"6,15816000"
"202400042060";"14";"06";"2024";"23:20";"5";"75";"75120";"2";"1";"1";"4";"BD PERIPHERIQUE EXTERIEUR ";"48,87487600";"2,41069700"
"202400042061";"14";"06";"2024";"18:30";"1";"75";"75120";"2";"1";"1";"3";"BD PERIPHERIQUE INTERIEUR";"48,87721800";"2,40892800"
"202400042062";"27";"09";"2024";"16:09";"1";"75";"75107";"2";"3";"2";"6";"QUAI D ORSAY";"48,86242400";"2,31160300"
"202400042063";"14";"06";"2024";"18:05";"1";"75";"75116";"2";"1";"1";"5";"BD PERIPHERIQUE INTERIEUR";"48,87199300";"2,27402000"
"202400042064";"22";"08";"2024";"23:37";"5";"54";"54099";"2";"1";"1";"6";"Avenue de la République (Briey)";"49,24575169";"5,94062090"
"202400042065";"14";"06";"2024";"17:50";"1";"75";"75112";"2";"1";"1";"3";"BD PERIPHERIQUE INTERIEUR";"48,84225400";"2,41363200"
"202400042066";"14";"06";"2024";"15:00";"1";"75";"75116";"2";"1";"1";"2";"BD PERIPHERIQUE EXTERIEUR";"48,87642900";"2,27836100"
"202400042067";"14";"06";"2024";"12:45";"1";"75";"75119";"2";"1";"1";"7";"BD PERIPHERIQUE EXTERIEUR";"48,90035500";"2,38210300"
"202400042068";"28";"09";"2024";"05:05";"5";"75";"75103";"2";"2";"1";"1";"RUE DE TURBIGO";"48,86591100";"2,35814000"
"202400042069";"21";"08";"2024";"19:24";"1";"54";"54099";"1";"1";"1";"6";"D138";"49,25376356";"6,01443529"
"202400042070";"22";"08";"2024";"16:40";"1";"51";"51454";"2";"1";"1";"7";"EUROPE (AVENUE DE L')";"49,24720400";"4,06437400"
"202400042071";"15";"06";"2024";"11:30";"1";"75";"75119";"2";"7";"1";"3";"PLACE AUGUSTE BARON";"48,90035900";"2,38684600"
"202400042072";"11";"06";"2024";"06:37";"1";"75";"75115";"2";"1";"1";"6";"QUAI ANDRE CITROEN";"48,84867800";"2,27990800"
"202400042073";"23";"08";"2024";"08:35";"1";"43";"43002";"2";"1";"1";"6";"Parking Super U";"45,05099000";"3,88760000"
"202400042074";"28";"09";"2024";"03:40";"5";"75";"75109";"2";"2";"8";"1";"BOULEVARD POISSONNIERE";"48,87082000";"2,34794200"
"202400042075";"12";"06";"2024";"18:06";"1";"75";"75118";"2";"1";"1";"5";"RUE DES POISSONNIERS";"48,89718300";"2,35273700"
"202400042076";"15";"06";"2024";"13:19";"1";"75";"75119";"2";"3";"8";"3";"RUE DAVID D ANGERS";"48,88157700";"2,39507000"
"202400042077";"27";"09";"2024";"23:30";"5";"75";"75101";"2";"5";"2";"3";"QUAI FRANCOIS MITTERRAND";"48,86013600";"2,33315700"
"202400042078";"23";"08";"2024";"16:15";"1";"37";"37261";"2";"1";"1";"6";"LOSSERAND (RUE)";"47,40223000";"0,68990000"
"202400042079";"22";"08";"2024";"16:15";"1";"37";"37261";"2";"1";"1";"3";"GRAMMONT (AVENUE DE)";"47,36646000";"0,69825000"
"202400042080";"27";"09";"2024";"12:10";"1";"75";"75104";"2";"3";"1";"6";"BOULEVARD HENRI IV";"48,85116400";"2,36274800"
"202400042081";"15";"06";"2024";"00:15";"5";"75";"75118";"2";"3";"1";"3";"BOULEVARD DE LA CHAPELLE";"48,88449700";"2,36484900"
"202400042082";"23";"08";"2024";"14:00";"1";"34";"34172";"2";"1";"1";"3";"SOULAS (AVENUE DU PERE";"43,62894000";"3,84516000"
"202400042083";"15";"06";"2024";"12:05";"1";"75";"75115";"2";"2";"1";"6";"AVENUE EMILE ZOLA";"48,84641000";"2,28315600"
"202400042084";"22";"08";"2024";"05:35";"3";"34";"34172";"2";"1";"1";"6";"BICENTENAIRE (PLACE DU)";"43,60449000";"3,88017000"
"202400042085";"27";"09";"2024";"11:20";"1";"75";"75104";"2";"7";"1";"2";"PLACE DE LA BASTILLE";"48,85355000";"2,36898000"
"202400042086";"14";"06";"2024";"22:00";"5";"75";"75114";"2";"2";"2";"3";"BOULEVARD JOURDAN";"48,82209100";"2,33034300"
"202400042087";"22";"08";"2024";"15:50";"1";"34";"34172";"2";"1";"1";"6";"RAVAZ (AVENUE DU PROFESSEUR LOUIS";"43,62305000";"3,84552000"
"202400042088";"14";"06";"2024";"23:46";"5";"75";"75109";"2";"2";"1";"3";"RUE NOTRE DAME DE LORETTE";"48,88026200";"2,33534200"
"202400042089";"14";"06";"2024";"13:30";"1";"75";"75109";"2";"1";"1";"6";"RUE DES MATHURINS";"48,87291600";"2,32997000"
"202400042090";"22";"08";"2024";"14:45";"1";"34";"34172";"2";"1";"1";"4";"MONTELS-EGLISE (RUE DE)";"43,58323000";"3,88744000"
"202400042091";"28";"09";"2024";"07:30";"2";"94";"94081";"2";"3";"1";"6";"Rue des Fusilles";"48,78742771";"2,41242224"
"202400042092";"15";"06";"2024";"07:30";"1";"75";"75107";"2";"3";"1";"6";"BOULEVARD SAINT GERMAIN";"48,86207700";"2,31969700"
"202400042093";"22";"08";"2024";"10:30";"1";"34";"34172";"2";"3";"1";"6";"GRAU (RUE DU)";"43,59232000";"3,88504000"
"202400042094";"15";"06";"2024";"22:00";"2";"94";"94038";"2";"1";"1";"6";"Rue du Commandant Louis Bouchet";"48,77944000";"2,34946000"
"202400042095";"23";"08";"2024";"17:55";"1";"34";"34003";"2";"1";"1";"6";"PLESSIS (J7 A J8";"43,27794000";"3,48650200"
"202400042096";"28";"09";"2024";"13:00";"1";"94";"94076";"2";"3";"1";"3";"Avenue de Paris";"48,80312000";"2,36426100"
"202400042097";"15";"06";"2024";"17:00";"1";"94";"94028";"2";"1";"2";"6";"Route de Choisy";"48,78879490";"2,45159335"
"202400042098";"24";"08";"2024";"00:20";"5";"33";"33063";"2";"1";"1";"6";"N/A";"44,83929800";" -0,58156400"
"202400042099";"14";"06";"2024";"10:45";"1";"94";"94075";"2";"3";"1";"3";"Avenue Foreau / N19";"48,72735100";"2,53593400"
"202400042100";"23";"08";"2024";"18:35";"1";"33";"33063";"2";"3";"1";"3";"N/A";"44,83160000";" -0,57607000"
"202400042101";"28";"09";"2024";"18:55";"1";"94";"94065";"1";"1";"1";"3";"N186";"48,75363542";"2,35846179"
"202400042102";"15";"06";"2024";"17:00";"1";"93";"93008";"2";"2";"2";"3";"Avenue Edouard Vaillant / Rue de Teheran";"48,91171200";"2,46503200"
"202400042103";"22";"08";"2024";"11:00";"1";"33";"33063";"2";"1";"7";"6";"N/A";"44,86854000";" -0,55230000"
"202400042104";"15";"06";"2024";"08:11";"1";"93";"93005";"2";"1";"1";"6";"Allee du Docteur Laennec";"48,95242300";"2,51613200"
"202400042105";"23";"08";"2024";"16:45";"1";"29";"29039";"2";"4";"2";"3";"Boulevard Katerine Wylie";"47,87357800";" -3,92917300"
"202400042106";"15";"06";"2024";"01:20";"5";"93";"93005";"2";"1";"1";"2";"Boulevard Georges Braque";"48,96030900";"2,47513700"
"202400042107";"28";"09";"2024";"22:55";"5";"94";"94022";"2";"9";"1";"2";"Avenue Victor Hugo";"48,76808000";"2,41855300"
"202400042108";"15";"06";"2024";"15:15";"1";"92";"92072";"2";"1";"2";"3";"GRANDE RUE";"48,82698000";"2,22149000"
"202400042109";"23";"08";"2024";"20:13";"2";"25";"25462";"2";"6";"1";"3";"MORTEAU DE (DU 0 AU 30)";"46,90586000";"6,35764000"
"202400042110";"28";"09";"2024";"17:45";"1";"94";"94054";"2";"1";"1";"6";"Avenue Molière";"48,74711139";"2,40259382"
"202400042111";"15";"06";"2024";"05:25";"2";"92";"92051";"2";"1";"8";"2";"CHARLES DE GAULLE (AVENUE, N°27 A 129)";"48,88354000";"2,26447000"
"202400042112";"15";"06";"2024";"11:10";"1";"92";"92044";"2";"1";"1";"6";"MARCEAU  (RUE)";"48,88846000";"2,28477000"
"202400042113";"22";"08";"2024";"21:15";"2";"21";"21231";"2";"5";"1";"3";"CHANCELIER DE L'HOSPITAL (RUE)";"47,31916000";"5,04674000"
"202400042114";"15";"06";"2024";"18:00";"1";"92";"92026";"2";"2";"1";"6";"COLOMBES";"48,90310046";"2,25607060"
"202400042115";"28";"09";"2024";"12:10";"1";"94";"94022";"2";"1";"1";"6";"2 Avenue Léon Gourdault";"48,76410257";"2,40552078"
"202400042116";"22";"08";"2024";"11:00";"1";"15";"15014";"2";"1";"1";"3";"Avenue du Général Leclerc";"44,91205000";"2,44249000"
"202400042117";"28";"09";"2024";"15:30";"1";"93";"93072";"2";"6";"1";"6";"ROGER SALENGRO (RUE)";"48,94668001";"2,38349503"
"202400042118";"15";"06";"2024";"14:00";"1";"92";"92026";"2";"1";"1";"2";"MARECHAL JOFFRE (QUAI DU)";"48,90281000";"2,28336000"
"202400042119";"23";"08";"2024";"00:45";"5";"14";"14118";"2";"1";"1";"3";"22 Rue de Champagne";"49,19496000";" -0,38957000"
"202400042120";"15";"06";"2024";"21:30";"1";"92";"92007";"2";"9";"1";"3";"HUGO (AVENUE VICTOR)";"48,80490767";"2,32260686"
"202400042121";"28";"09";"2024";"00:15";"5";"93";"93049";"2";"1";"1";"6";"GALLIENI (BOULEVARD)";"48,85309149";"2,51465678"
"202400042122";"16";"06";"2024";"07:30";"2";"60";"60402";"2";"8";"2";"7";"Rue du Général de Gaulle";"49,35953450";"2,75348926"
"202400042123";"24";"08";"2024";"01:10";"5";"13";"13207";"2";"1";"1";"1";"Corniche John Fitzgérald Kennedy";"43,26900000";"5,36838000"
"202400042124";"23";"08";"2024";"08:30";"1";"13";"13209";"2";"1";"1";"7";"Boulevard lei roure";"43,26250073";"5,40808874"
"202400042125";"9";"06";"2024";"01:00";"5";"35";"35236";"2";"3";"1";"2";"Rue de la Châtaigneraie";"47,66121500";" -2,07639500"
"202400042126";"26";"09";"2024";"06:15";"5";"93";"93029";"2";"9";"1";"6";"HENRI BARBUSSE (AVE) N°126-280";"48,92017751";"2,45190382"
"202400042127";"16";"06";"2024";"16:30";"1";"28";"28041";"1";"1";"2";"6";"A11 PK082+400 - Vers Paris";"48,29902600";"1,28831900"
"202400042128";"22";"08";"2024";"22:47";"5";"13";"13206";"2";"2";"1";"3";"LAFON (RUE)";"43,29119000";"5,38074000"
"202400042129";"28";"09";"2024";"20:00";"2";"93";"93014";"2";"1";"1";"3";"MONTFERMEIL (ALLEE DE)";"48,89932000";"2,53984000"
"202400042130";"14";"06";"2024";"20:00";"3";"972";"97232";"2";"9";"1";"3";"RN 6";"14,54637700";" -60,84351100"
"202400042131";"21";"08";"2024";"12:10";"1";"11";"11069";"2";"1";"1";"2";"N/A";"43,22575700";"2,33031400"
"202400042132";"16";"06";"2024";"11:35";"1";"83";"83036";"1";"3";"1";"3";"Avenue de Saint-raphaël";"43,18386600";"6,54230500"
"202400042133";"24";"08";"2024";"00:25";"5";"06";"06069";"1";"1";"1";"1";"88 Route de Draguignan";"43,64328000";"6,90485000"
"202400042134";"27";"09";"2024";"16:06";"1";"93";"93008";"2";"1";"8";"4";"STALINGRAD (RUE DE) A10";"48,91384562";"2,43237707"
"202400042135";"23";"08";"2024";"15:30";"1";"75";"75113";"2";"1";"1";"3";"BD PERIPHERIQUE EXTERIEUR";"48,82158000";"2,37913100"
"202400042136";"28";"09";"2024";"16:15";"1";"93";"93005";"2";"9";"1";"6";"EUGENE DELACROIX (RUE)";"48,95320000";"2,49907000"
"202400042137";"16";"06";"2024";"06:10";"2";"22";"22020";"1";"1";"1";"6";"N 12 P.R 10+300";"48,31552557";" -2,24527203"
"202400042138";"23";"08";"2024";"12:30";"1";"75";"75116";"2";"1";"1";"2";"BD PERIPHERIQUE EXTERIEUR";"48,85060500";"2,25200600"
"202400042139";"28";"09";"2024";"16:50";"1";"92";"92075";"2";"1";"1";"3";"ERNEST LAVAL (RUE)";"48,81993000";"2,29257000"
"202400042140";"5";"06";"2024";"17:50";"1";"14";"14061";"1";"1";"1";"3";"30 Impasse de la Ferronnière (Le Bény-Bocage)";"48,93106400";" -0,80772000"
"202400042141";"10";"12";"2024";"06:10";"3";"74";"74087";"1";"1";"2";"1";"Route d'annemasse / Route de Pouilly";"46,14280100";"6,32751300"
"202400042142";"16";"06";"2024";"11:45";"1";"41";"41101";"1";"1";"6";"2";"A10 PK 162.000";"47,61697900";"1,17449800"
"202400042143";"10";"12";"2024";"17:15";"5";"42";"42147";"2";"1";"1";"1";"Avenue d'Allard";"45,60726000";"4,05885300"
"202400042144";"27";"09";"2024";"22:45";"5";"92";"92046";"2";"2";"2";"3";"PAUL BERT (RUE)";"48,81724352";"2,29469150"
"202400042145";"23";"08";"2024";"00:45";"5";"75";"75112";"2";"4";"1";"4";"Bd Périphérique Exterieur";"48,82674789";"2,38997161"