"Num_Acc";"jour";"mois";"an";"hrmn";"lum";"dep";"com";"agg";"int";"atm";"col";"adr";"lat";"long"
"202400042146";"8";"12";"2024";"18:15";"3";"38";"38565";"2";"6";"3";"6";"D3";"45,28940300";"5,62403200"
"202400042147";"15";"06";"2024";"14:35";"1";"06";"06033";"2";"1";"1";"1";"pont de la manda";"43,76568830";"7,20222750"
"202400042148";"10";"12";"2024";"17:35";"5";"69";"69255";"2";"1";"1";"6";"14 Avenue Docteur Sérullaz";"45,73557700";"4,66139500"
"202400042149";"28";"09";"2024";"13:30";"1";"92";"92063";"2";"9";"1";"6";"FOUILLEUSE (AVENUE DE)";"48,86236878";"2,19502140"
"202400042150";"22";"08";"2024";"17:12";"1";"75";"75120";"2";"1";"1";"4";"BD PERIPHERIQUE INTERIEUR";"48,86082300";"2,41383200"
"202400042151";"15";"06";"2024";"12:10";"1";"83";"83049";"2";"1";"1";"6";"82 Rue Charles Gounod";"43,22990674";"6,06929702"
"202400042152";"10";"12";"2024";"07:45";"3";"31";"31004";"2";"1";"1";"6";"Route de Ticaille";"43,44174700";"1,59966100"
"202400042153";"10";"12";"2024";"17:20";"4";"79";"79049";"2";"9";"2";"7";"N/A";"46,83882200";" -0,48426000"
"202400042154";"28";"09";"2024";"19:05";"2";"92";"92012";"2";"1";"1";"3";"SILLY (RUE DE) 1/87 - 2/88";"48,83809106";"2,23220542"
"202400042155";"23";"08";"2024";"02:15";"5";"75";"75117";"2";"2";"1";"1";"AVENUE DE LA PORTE D ASNIERES";"48,89183900";"2,30163000"
"202400042156";"23";"08";"2024";"01:55";"5";"75";"75108";"2";"1";"1";"7";"COURS LA REINE";"48,86491800";"2,31197100"
"202400042157";"9";"12";"2024";"14:29";"1";"44";"44198";"2";"1";"1";"1";"48 Rue du Champ Fleuri";"47,14156300";" -1,52257700"
"202400042158";"23";"08";"2024";"10:30";"1";"75";"75116";"2";"1";"1";"3";"AVENUE PRUDHON";"48,85907800";"2,26932200"
"202400042159";"25";"09";"2024";"12:30";"1";"78";"78575";"2";"1";"2";"1";"rue de Versailles, D 938";"48,70944700";"2,08306700"
"202400042160";"7";"12";"2024";"09:45";"1";"44";"44215";"1";"1";"1";"1";"Boulevard de Vendée";"47,17642700";" -1,51577000"
"202400042161";"15";"06";"2024";"05:20";"3";"26";"26325";"2";"3";"3";"3";"59 Rue de Marseille";"45,28653230";"4,81675386"
"202400042162";"23";"08";"2024";"18:30";"1";"75";"75110";"2";"3";"1";"6";"QUAI DE VALMY";"48,87675300";"2,36456500"
"202400042163";"16";"06";"2024";"02:25";"3";"974";"97413";"1";"9";"3";"6";"Route Nationale 1";" -21,23610200";"55,30497700"
"202400042164";"23";"08";"2024";"00:45";"5";"75";"75109";"2";"2";"1";"3";"RUE D AMSTERDAM";"48,87963100";"2,32703100"
"202400042165";"10";"12";"2024";"18:14";"2";"35";"35012";"1";"1";"1";"1";"RD 777";"47,84974300";" -1,69979100"
"202400042166";"15";"06";"2024";"22:35";"3";100;100143";"1";"1";"1";"6";"T10";"42,22791400";"9,54368600"
"202400042167";"9";"12";"2024";"22:00";"3";"35";"35047";"1";"1";"2";"6";"D177, PK 29+800, SENS RENNES VERS REDON";"48,04776700";" -1,75208900"
"202400042168";"15";"06";"2024";"20:30";"2";"30";"30117";"2";"1";"1";"7";"La fabrique";"43,69102900";"4,61056200"
"202400042169";"23";"08";"2024";"19:20";"1";"94";"94081";"2";"9";"1";"6";"Boulevard de Stalingrad";"48,79846811";"2,38201940"
"202400042170";"27";"09";"2024";"23:20";"3";"95";"95353";"1";"1";"2";"3";"A16";"49,08946600";"2,30989700"
"202400042171";"9";"12";"2024";"17:20";"5";"76";"76758";"2";"1";"2";"6";"2 Avenue du Marechal Foch";"49,61851600";"0,74956500"
"202400042172";"23";"08";"2024";"16:25";"1";"94";"94074";"2";"1";"1";"3";"Avenue Julien Duranton";"48,76689000";"2,44723000"
"202400042173";"29";"09";"2024";"13:45";"1";"62";"62254";"1";"1";"1";"6";"D157";"50,61092205";"2,18946085"
"202400042174";"10";"12";"2024";"05:45";"3";"60";"60473";"1";"1";"8";"7";"Route de Nanteuil";"49,10307700";"2,82286900"
"202400042175";"15";"06";"2024";"15:00";"1";"57";"57742";"1";"1";"1";"5";"D96";"48,64423800";"7,15446000"
"202400042176";"22";"08";"2024";"15:00";"1";"94";"94068";"2";"2";"1";"3";"Rue Delerue";"48,79580000";"2,48698000"
"202400042177";"9";"12";"2024";"09:10";"1";"33";"33013";"1";"1";"1";"5";"N/A";"44,84546600";" -0,50206800"
"202400042178";"16";"06";"2024";"13:30";"1";"56";"56123";"1";"1";"1";"1";"la ville clero";"47,69235300";" -2,33261000"
"202400042179";"23";"08";"2024";"13:50";"1";"94";"94073";"2";"2";"8";"3";"Rdpt d'Espagne";"48,75428000";"2,37510000"
"202400042180";"15";"06";"2024";"18:25";"1";"56";"56154";"1";"1";"1";"1";"Le Pont d'Oust";"47,72851700";" -2,21449700"
"202400042181";"28";"09";"2024";"21:00";"5";"95";"95205";"1";"1";"1";"3";"D316";"49,02294999";"2,38654423"
"202400042182";"30";"11";"2024";"02:40";"3";"59";"59544";"1";"1";"1";"2";"AUTOROUTE A2";"50,36330000";"3,59211000"
"202400042183";"22";"08";"2024";"10:15";"1";"94";"94017";"2";"1";"1";"4";"63 Avenue Marx Dormoy";"48,80805600";"2,52515400"
"202400042184";"15";"06";"2024";"15:20";"1";"82";"82113";"1";"1";"1";"3";"Route Départementale 20";"44,20391200";"1,40041400"
"202400042185";"29";"09";"2024";"10:45";"1";"86";"86236";"1";"1";"1";"7";"Lieu Dit la Rabateliere";"46,68589400";"0,83816700"
"202400042186";"9";"12";"2024";"18:47";"3";"91";"91432";"1";"1";"2";"3";"AUTOROUTE A6";"48,69301000";"2,32088000"
"202400042187";"10";"06";"2024";"19:35";"2";"81";"81055";"1";"1";"1";"6";"RD 629";"43,42828380";"2,05621810"
"202400042188";"23";"08";"2024";"00:35";"5";"93";"93013";"2";"3";"1";"7";"Rue Albert Thomas / Avenue de la Division Leclerc";"48,93711486";"2,42813094"
"202400042189";"8";"12";"2024";"22:20";"3";"91";"91661";"1";"1";"2";"2";"AUTOROUTE A10";"48,69697655";"2,23896943"
"202400042190";"29";"09";"2024";"19:30";"3";"83";"83049";"2";"1";"1";"6";"Avenue des Bousquets";"43,22310900";"6,07159000"
"202400042191";"15";"06";"2024";"12:10";"1";"32";"32462";"2";"1";"1";"7";"Rue des Moulins à Vent";"43,75637200";"0,31402200"
"202400042192";"23";"08";"2024";"12:30";"1";"93";"93014";"2";"1";"8";"3";"Boulevard Emile Zola";"48,90612954";"2,55290687"
"202400042193";"8";"12";"2024";"13:15";"1";"92";"92072";"2";"1";"9";"6";"N118";"48,82701466";"2,22422590"
"202400042194";"28";"09";"2024";"22:45";"3";"42";"42322";"1";"1";"1";"6";"Route de la Croix de Chaubouret";"45,41084000";"4,52600700"
"202400042195";"23";"08";"2024";"00:40";"5";"93";"93057";"2";"1";"1";"3";"Avenue Aristide Briand";"48,90856345";"2,49828333"
"202400042196";"15";"06";"2024";"13:00";"1";"11";"11289";"1";"1";"1";"5";"N/A";"43,08244600";"2,22477400"
"202400042197";"8";"12";"2024";"10:55";"1";"78";"78551";"1";"1";"1";"2";"A14";"48,91117900";"2,09000800"
"202400042198";"23";"08";"2024";"08:37";"2";"93";"93008";"2";"1";"1";"6";"Avenue Karl Marx";"48,90517281";"2,44200647"
"202400042199";"28";"09";"2024";"10:30";"1";"51";"51535";"2";"1";"1";"6";"Route de Troyes";"48,71204700";"3,73163900"
"202400042200";"16";"06";"2024";"00:50";"3";"61";"61301";"1";"1";"2";"6";"D438";"48,55343900";"0,17236900"
"202400042201";"23";"08";"2024";"18:30";"1";"92";"92036";"2";"1";"2";"3";"MOULIN CAGE (QUAI)";"48,92267000";"2,32735000"
"202400042202";"8";"12";"2024";"09:08";"1";"92";"92047";"1";"1";"2";"3";"A13";"48,83397544";"2,16646875"
"202400042203";"27";"09";"2024";"06:30";"3";"19";"19288";"1";"1";"2";"6";"Les hagats";"45,29567500";"1,43912300"
"202400042204";"15";"06";"2024";"11:34";"1";"22";"22015";"1";"1";"8";"2";"la ville marque";"48,39436900";" -2,59063800"
"202400042205";"22";"08";"2024";"09:20";"1";"92";"92025";"2";"1";"1";"6";"BOURNARD (RUE DU)";"48,92349000";"2,25951000"
"202400042206";"7";"12";"2024";"18:35";"3";"78";"78498";"1";"1";"2";"7";"A13";"48,91604000";"2,00565700"
"202400042207";"9";"12";"2024";"01:00";"5";"95";"95582";"1";"1";"1";"7";"A15";"48,96346787";"2,26421667"
"202400042208";"23";"08";"2024";"19:28";"1";"92";"92023";"2";"6";"1";"3";"GENERAL DE GAULLE (AV DU) N°440 A 544 ET";"48,77704000";"2,23036000"
"202400042209";"16";"06";"2024";"11:40";"1";"39";"39478";"1";"1";"1";"3";"N/A";"46,40289900";"5,87230500"
"202400042210";"23";"08";"2024";"10:20";"1";"60";"60553";"1";"1";"1";"7";"D1017";"49,46354700";"2,65873100"
"202400042211";"28";"09";"2024";"14:20";"1";"56";"56240";"1";"3";"1";"6";"Route de Kerlevenan";"47,54223300";" -2,72885800"
"202400042212";"8";"12";"2024";"22:30";"3";"92";"92036";"1";"1";"2";"3";"AUTOROUTE A15";"48,93956676";"2,29464773"
"202400042213";"16";"06";"2024";"02:40";"3";"25";"25262";"1";"1";"1";"6";"Mont de Fuans";"47,12586700";"6,58461600"
"202400042214";"23";"08";"2024";"12:15";"1";"05";"05161";"2";"1";"1";"6";"2 Chemin de Rivo";"44,94398700";"6,57425500"
"202400042215";"8";"12";"2024";"15:30";"1";"95";"95572";"1";"1";"2";"6";"A15";"49,03286050";"2,10794605"
"202400042216";"29";"09";"2024";"16:55";"1";"76";"76363";"1";"1";"1";"7";"D7";"49,87064600";"1,68354700"
"202400042217";"24";"08";"2024";"02:50";"3";"972";"97214";"1";"4";"1";"6";"RD1";"14,84244900";" -61,08107700"
"202400042218";"16";"06";"2024";"18:20";"1";"25";"25315";"1";"1";"1";"3";"voie communale n°7";"47,43237700";"6,59216200"
"202400042219";"8";"12";"2024";"13:05";"1";"92";"92036";"1";"1";"3";"3";"AUTOROUTE A15";"48,94364712";"2,28775617"
"202400042220";"23";"08";"2024";"07:00";"1";"972";"97231";"1";"1";"1";"1";"Route nationale 5, château gaillard";"14,52858200";" -61,00182800"
"202400042221";"29";"09";"2024";"17:30";"1";"76";"76443";"1";"1";"8";"6";"D3";"49,56218800";"1,11691500"
"202400042222";"15";"06";"2024";"21:00";"1";"44";"44188";"1";"1";"2";"1";"N/A";"47,02663900";" -1,64183400"
"202400042223";"8";"12";"2024";"14:30";"1";"93";"93078";"1";"1";"3";"6";"AUTOROUTE A104";"48,96300436";"2,52239723"
"202400042224";"29";"09";"2024";"02:40";"3";100;100283";"1";"1";"1";"6";"RT 10";"41,87836100";"9,39560700"
"202400042225";"15";"06";"2024";"16:40";"1";"44";"44120";"2";"6";"2";"6";"72 Rue de la Jaunaie";"47,20021100";" -1,77136300"
"202400042226";"8";"12";"2024";"08:45";"1";"95";"95028";"1";"1";"3";"6";"N104";"49,06003257";"2,35477455"
"202400042227";"15";"06";"2024";"18:20";"1";"02";"02571";"1";"1";"1";"5";"N/A";"49,88964800";"3,31426600"
"202400042228";"28";"09";"2024";"09:30";"1";"80";"80443";"2";"2";"7";"3";"Rue de la Place à TRONCHOY";"49,82689545";"1,86392337"
"202400042229";"8";"12";"2024";"10:30";"1";"95";"95678";"1";"1";"3";"6";"N184";"49,07298501";"2,23433912"
"202400042230";"15";"06";"2024";"12:20";"1";"03";"03236";"2";"1";"1";"3";"rue Pierre Semard";"46,20531800";"3,43255200"
"202400042231";"7";"12";"2024";"17:10";"3";"95";"95572";"1";"1";"1";"2";"N184";"49,03497711";"2,11470009"
"202400042232";"29";"09";"2024";"16:00";"1";"32";"32237";"1";"1";"1";"6";"département 924";"43,64835000";"0,70086100"
"202400042233";"15";"06";"2024";"16:50";"1";"83";"83013";"1";"1";"1";"2";"Route du logis du Pin - RD 21";"43,76541584";"6,64100495"
"202400042234";"7";"12";"2024";"14:30";"1";"93";"93007";"1";"1";"1";"3";"AUTOROUTE A1";"48,95432105";"2,45616375"
"202400042235";"28";"09";"2024";"22:01";"3";"61";"61043";"1";"1";"1";"2";"D955";"48,34078600";"0,75898400"
"202400042236";"16";"06";"2024";"03:05";"3";"83";"83032";"1";"1";"1";"6";"535 Route de Lorgues";"43,47992300";"6,19783400"
"202400042237";"7";"12";"2024";"13:05";"1";"93";"93008";"1";"1";"1";"6";"AUTOROUTE A86";"48,90615841";"2,46109169"
"202400042238";"16";"06";"2024";"00:01";"3";"83";"83095";"1";"1";"1";"6";"585 Route de Draguignan";"43,56050700";"6,02952000"
"202400042239";"6";"12";"2024";"17:40";"3";"95";"95394";"1";"1";"1";"2";"N184";"49,05142883";"2,15170383"
"202400042240";"29";"09";"2024";"02:15";"3";"61";"61243";"1";"1";"1";"6";"D241";"48,53746500";" -0,31058900"
"202400042241";"15";"06";"2024";"16:45";"1";"09";"09032";"1";"1";"1";"6";"N20- pk 83+600";"42,69148100";"1,82527500"
"202400042242";"6";"12";"2024";"12:30";"1";"95";"95678";"1";"1";"1";"4";"N184";"49,05868713";"2,20997393"
"202400042243";"16";"06";"2024";"06:15";"2";"18";"18028";"1";"1";"1";"7";"N/A";"47,10896100";"2,29630400"
"202400042244";"28";"09";"2024";"17:24";"1";"86";"86082";"1";"9";"1";"3";"Rue Marcel Renault";"46,36953595";"0,20766377"
"202400042245";"9";"12";"2024";"17:15";"3";"94";"94028";"1";"1";"2";"3";"A86";"48,77664685";"2,43805833"
"202400042246";"16";"06";"2024";"15:45";"1";"07";"07009";"1";"1";"7";"6";"D370b";"45,21125000";"4,79853600"
"202400042247";"9";"12";"2024";"16:00";"1";"94";"94042";"1";"1";"1";"2";"A4";"48,82611345";"2,46569708"
"202400042248";"9";"12";"2024";"09:00";"1";"94";"94028";"1";"1";"2";"2";"N406";"48,77146602";"2,44722292"
"202400042249";"28";"09";"2024";"04:45";"3";"86";"86097";"1";"1";"1";"6";"Lieu Dit la Lande";"46,33051400";"0,41725500"
"202400042250";"15";"06";"2024";"13:50";"1";"07";"07055";"2";"6";"1";"3";"D11/RUE DU PLAN D'EAU";"44,85463700";"4,83825400"
"202400042251";"10";"07";"2024";"15:25";"1";"972";"97213";"2";"9";"1";"3";"AEROPORT (ROND POINT DE L')";"14,59809000";" -61,00093000"
"202400042252";"16";"06";"2024";"15:30";"1";"85";"85234";"2";"1";"1";"1";"RD38";"46,76733600";" -2,00213400"
"202400042253";"15";"06";"2024";"16:40";"1";"85";"85042";"1";"1";"1";"3";"RD137 - 65 Rue nationale";"46,37730600";" -1,01138600"
"202400042254";"4";"07";"2024";"12:35";"1";"972";"97213";"1";"1";"1";"4";"AUTOROUTE A1";"14,60837000";" -61,00505000"
"202400042255";"1";"07";"2024";"19:55";"3";"972";"97213";"1";"1";"2";"6";"ROUTE NATIONALE 5";"14,59428000";" -60,98264000"
"202400042256";"28";"09";"2024";"03:00";"3";"44";"44041";"1";"1";"1";"1";"N/A";"47,08678000";" -1,56100300"
"202400042257";"15";"06";"2024";"12:17";"1";"87";"87154";"1";"1";"2";"3";"route nationale 141";"45,90441144";"0,85800648"
"202400042258";"1";"05";"2024";"18:20";"1";"75";"75106";"2";"3";"1";"6";"RUE DE L ECOLE DE MEDECINE";"48,85037900";"2,34260400"
"202400042259";"15";"06";"2024";"10:00";"1";"67";"67460";"1";"1";"1";"6";"Autoroute A4 - P 456+000";"48,76968300";"7,60218500"
"202400042260";"17";"10";"2024";"23:45";"5";"44";"44109";"2";"6";"1";"6";"62 Rue des Hauts Pavés";"47,22544772";" -1,56712219"
"202400042261";"15";"06";"2024";"08:11";"1";"33";"33452";"1";"1";"1";"2";"N/A";"44,63934600";" -0,42589200"
"202400042262";"28";"09";"2024";"17:53";"1";"29";"29059";"1";"2";"1";"3";"Lieu Dit Kerjean";"48,62038008";" -3,77204128"
"202400042263";"21";"09";"2024";"14:10";"1";"74";"74010";"2";"2";"1";"3";"Route des creuses (Seynod)";"45,89348800";"6,10942800"
"202400042264";"29";"09";"2024";"15:15";"1";"29";"29211";"1";"1";"2";"6";"Kerseach";"48,30924182";" -3,74674951"
"202400042265";"16";"06";"2024";"12:30";"1";"69";"69115";"1";"1";"1";"6";"Autoroute 6";"45,97329872";"4,73241595"
"202400042266";"7";"10";"2024";"08:45";"1";"74";"74105";"2";"3";"1";"3";"14 Rue des vignes de bachelard";"46,30967800";"6,31169400"
"202400042267";"29";"09";"2024";"11:20";"1";"38";"38278";"1";"1";"1";"1";"D201";"45,23012800";"5,40402900"
"202400042268";"16";"06";"2024";"17:30";"2";"988";"98803";"1";"1";"1";"6";"RT1";" -21,60871000";"165,55174000"
"202400042269";"26";"09";"2024";"21:15";"3";"70";"70433";"1";"1";"9";"6";"D76";"47,56603700";"6,23007400"
"202400042270";"6";"09";"2024";"22:40";"3";"74";"74086";"2";"1";"1";"1";"52 Route du chef lieu";"46,02308300";"5,98618100"
"202400042271";"16";"06";"2024";"02:30";"5";"973";"97304";"2";"1";"1";"1";"25 Rue Justin Catayée";"5,16002073";" -52,64492780"
"202400042272";"28";"09";"2024";"19:15";"2";"26";"26345";"1";"1";"1";"7";"Route de St Paul";"44,30347400";"4,83239700"
"202400042273";"23";"07";"2024";"17:00";"1";"74";"74241";"2";"1";"1";"1";"Route de Marignier";"46,13139500";"6,48318900"
"202400042274";"16";"06";"2024";"01:14";"3";"66";"66225";"1";"1";"1";"1";"D61a";"42,53966700";"2,89972500"
"202400042275";"28";"09";"2024";"16:30";"1";"26";"26365";"1";"1";"1";"1";"RD 538, Route de chabeuil, quartier  les massonnes";"44,79334400";"5,02047800"
"202400042276";"6";"06";"2024";"03:00";"3";"77";"77534";"1";"1";"1";"1";"D619";"48,63624100";"2,76299700"
"202400042277";"15";"06";"2024";"09:25";"1";"34";"34146";"1";"1";"1";"3";"Route Nationale 113";"43,67516000";"4,07452800"
"202400042278";"16";"06";"2024";"15:30";"1";"84";"84054";"1";"1";"1";"6";"1020 Route de Fontaine-de-vaucluse";"43,92169500";"5,07373100"
"202400042279";"28";"09";"2024";"23:45";"5";"72";"72138";"1";"1";"1";"2";"lieu dit le sablon";"48,29920896";"0,09008467"
"202400042280";"30";"07";"2024";"16:00";"1";"13";"13066";"1";"1";"1";"1";"D28";"43,88631000";"4,91030900"
"202400042281";"15";"10";"2024";"09:45";"1";"44";"44109";"2";"1";"1";"3";"Boulevard Emile Gabory";"47,19329830";" -1,52791283"
"202400042282";"15";"06";"2024";"06:00";"1";"83";"83019";"1";"1";"1";"6";"D98";"43,20023700";"6,40857500"
"202400042283";"7";"12";"2024";"03:09";"5";"987";"98735";"2";"1";"1";"1";"POMARE (BVD)";" -17,54080400";" -149,56873600"
"202400042284";"30";"06";"2024";"15:00";"1";"14";"14658";"1";"1";"1";"1";"1 Rue de la Basinière";"48,82135400";" -0,97002100"
"202400042285";"15";"06";"2024";"16:52";"1";"13";"13030";"1";"1";"1";"6";"Route Nationale 8";"43,26753400";"5,73748100"
"202400042286";"28";"09";"2024";"20:30";"2";"72";"72201";"1";"2";"1";"3";"Lieu Dit La Grande Croix";"48,27502000";"0,37687700"