"Num_Acc";"jour";"mois";"an";"hrmn";"lum";"dep";"com";"agg";"int";"atm";"col";"adr";"lat";"long"
"202400042287";"7";"12";"2024";"23:30";"5";"974";"97416";"2";"9";"1";"3";"PISCINE (ALLEE DE LA)";" -21,33110000";"55,47120000"
"202400042288";"31";"10";"2024";"12:35";"1";"69";"69382";"2";"3";"1";"6";"Rue de la Charité";"45,74941000";"4,82989000"
"202400042289";"16";"06";"2024";"00:01";"3";"13";"13080";"1";"3";"1";"3";"Route Rd 561";"43,66276500";"5,44780800"
"202400042290";"8";"12";"2024";"16:50";"1";"974";"97411";"1";"1";"3";"3";"MONTAGNE (ROUTE DE LA)";" -20,88890000";"55,43648000"
"202400042291";"8";"08";"2024";"17:15";"1";"74";"74010";"2";"3";"1";"3";"ALERY (AVENUE D')";"45,90063000";"6,12059000"
"202400042292";"15";"06";"2024";"18:30";"1";"13";"13048";"1";"1";"1";"7";"CD 11, plateau de Bèdes";"43,65054700";"5,66538300"
"202400042293";"29";"09";"2024";"09:30";"1";"72";"72103";"1";"2";"1";"3";"D177";"47,83320139";"0,53381852"
"202400042294";"8";"12";"2024";"13:00";"1";"69";"69386";"2";"2";"2";"3";"Rue de Sèze";"45,76872000";"4,85247000"
"202400042295";"2";"11";"2024";"11:10";"1";"987";"98735";"1";"1";"1";"3";"PIERRE LOTI (ALLEE)";" -17,55330000";" -149,54905000"
"202400042296";"13";"06";"2024";"19:10";"1";"68";"68012";"2";"1";"1";"3";"23 Route de Thann";"47,77898800";"7,13247300"
"202400042297";"28";"09";"2024";"18:00";"1";"90";"90041";"2";"1";"1";"7";"Rue d'Eloie";"47,70999900";"6,92163400"
"202400042298";"8";"12";"2024";"11:55";"1";"69";"69386";"2";"2";"2";"6";"Rue Garibaldi";"45,77302000";"4,84984000"
"202400042299";"15";"06";"2024";"17:20";"1";"68";"68334";"2";"1";"1";"1";"Place de la Halle des Sports";"47,80409000";"7,10680800"
"202400042300";"15";"09";"2024";"06:30";"3";"64";"64160";"1";"1";"1";"7";"Chemin Hardoya";"43,36562500";" -1,36683200"
"202400042301";"2";"11";"2024";"20:15";"5";"974";"97411";"2";"4";"1";"7";"MAZAGRAN (RUE)";" -20,88876000";"55,45502000"
"202400042302";"7";"12";"2024";"04:30";"3";"972";"97213";"1";"1";"1";"6";"ROUTE NATIONALE 5";"14,59690000";" -60,99791000"
"202400042303";"15";"06";"2024";"19:20";"1";"68";"68379";"2";"1";"1";"7";"2 Rue de la Gare";"48,02864200";"7,50243600"
"202400042304";"10";"09";"2024";"17:40";"1";"87";"87046";"1";"1";"1";"7";"la lande du dolmen";"45,83048629";"0,95850706"
"202400042305";"2";"11";"2024";"09:10";"1";"974";"97409";"2";"1";"1";"3";"Lefaguyes (chemin)";" -20,96035000";"55,65824000"
"202400042306";"28";"09";"2024";"02:04";"3";"37";"37015";"1";"1";"2";"6";"Route de la Gare";"47,35965589";"0,85934329"
"202400042307";"1";"11";"2024";"15:00";"1";"974";"97407";"2";"1";"2";"6";"ROND POINT BUTTE CITRONNELLE";" -20,93151000";"55,29775000"
"202400042308";"15";"06";"2024";"20:45";"2";"67";"67137";"2";"4";"1";"2";"M83";"48,49634600";"7,68696400"
"202400042309";"8";"12";"2024";"17:20";"2";"972";"97209";"2";"1";"1";"3";"RD 41 (ROCADE)";"14,61373000";" -61,06434000"
"202400042310";"28";"09";"2024";"16:40";"1";"48";"48178";"2";"1";"1";"6";"RN 106";"44,27763000";"3,83138300"
"202400042311";"8";"12";"2024";"21:00";"3";100;100033";"2";"1";"2";"6";"PAOLI DU NR 21 AU 45 -BLD";"42,69956000";"9,44980000"
"202400042312";"2";"11";"2024";"19:35";"5";"973";"97302";"2";"3";"1";"3";"TROUBIRAN (CHEMIN DE)";"4,92704203";" -52,30348268"
"202400042313";"16";"06";"2024";"00:52";"3";"57";"57701";"2";"1";"1";"2";"D6";"49,09186900";"6,09409700"
"202400042314";"2";"11";"2024";"14:30";"1";"971";"97101";"1";"1";"3";"7";"BLANCHARD";"16,22589000";" -61,52413000"
"202400042315";"28";"09";"2024";"16:30";"1";"48";"48082";"1";"1";"1";"1";"Route nationale 88 lieu dit la pierre plantée";"44,59014200";"3,66872000"
"202400042316";"8";"12";"2024";"11:15";"1";"971";"97101";"2";"1";"1";"2";"RN1 ROCADE DE CHAUVEL";"16,24042000";" -61,52263000"
"202400042317";"14";"06";"2024";"11:30";"1";"03";"03034";"2";"1";"1";"6";"10 route du stade";"46,30711700";"3,48547700"
"202400042318";"2";"11";"2024";"22:45";"5";101;101004";"2";"9";"1";"3";"#1 Cours du Prince Imperial#";"41,93402000";"8,75268000"
"202400042319";"8";"12";"2024";"13:15";"1";"95";"95277";"2";"1";"3";"3";"D170";"48,97805631";"2,43738361"
"202400042320";"29";"09";"2024";"05:55";"5";"10";"10295";"1";"9";"5";"6";"Route Departementale 452";"48,07300700";"4,38372500"
"202400042321";"8";"12";"2024";"19:15";"5";"95";"95582";"2";"1";"2";"6";"7 CHARLES DE GAULLE (BOULEVARD)";"48,96950000";"2,26374000"
"202400042322";"1";"11";"2024";"15:05";"1";"95";"95539";"2";"1";"1";"1";"LUAT (CHEMIN DU)";"49,01307256";"2,35659420"
"202400042323";"16";"06";"2024";"05:30";"2";"73";"73150";"1";"1";"8";"5";"N90";"45,55777676";"6,66279656"
"202400042324";"10";"09";"2024";"15:50";"1";"31";"31424";"2";"1";"1";"5";"Rue des Fauvettes";"43,56294800";"1,29172500"
"202400042325";"8";"12";"2024";"20:10";"3";"91";"91339";"1";"1";"8";"7";"RTE NATIONALE 20";"48,61896000";"2,25822000"
"202400042326";"1";"11";"2024";"09:10";"1";"91";"91425";"2";"1";"1";"2";"RTE D ORLEANS RN 20";"48,64890000";"2,27230000"
"202400042327";"8";"12";"2024";"21:20";"5";"91";"91691";"2";"1";"9";"6";"MARECHAL JUINI(RUE)";"48,71102700";"2,48692900"
"202400042328";"2";"11";"2024";"16:00";"1";"91";"91286";"2";"1";"8";"6";"CORBEIL (ROUTE DE)";"48,65294000";"2,39519000"
"202400042329";"16";"06";"2024";"16:20";"1";"38";"38557";"1";"1";"1";"7";"D517";"45,76630000";"5,08735000"
"202400042330";"8";"12";"2024";"23:30";"5";"91";"91687";"2";"1";"2";"7";"VICTOR SCHOELCHER (AVENUE)";"48,64931500";"2,36832000"
"202400042331";"16";"06";"2024";"01:00";"3";"26";"26315";"1";"1";"1";"7";"D103";"45,00626100";"5,44097900"
"202400042332";"28";"09";"2024";"01:55";"3";"67";"67506";"1";"1";"2";"2";"Autoroute A4 - PK 472.750 - Sens STRASBOURG vers PARIS";"48,66967824";"7,73669243"
"202400042333";"2";"11";"2024";"12:43";"1";"91";"91521";"2";"2";"1";"1";"AV DE L AUNETTE";"48,63973000";"2,40893000"
"202400042334";"7";"12";"2024";"16:45";"2";"88";"88383";"2";"1";"3";"1";"JONCHERIE";"48,01885000";"6,59323000"
"202400042335";"15";"06";"2024";"10:05";"1";"07";"07232";"1";"1";"8";"1";"D19";"44,63917000";"4,03098500"
"202400042336";"29";"09";"2024";"07:40";"2";"77";"77508";"1";"1";"1";"1";"pk 45 D231";"48,82288800";"2,81179500"
"202400042337";"29";"10";"2024";"17:15";"1";"84";"84031";"2";"7";"1";"4";"ROGIER BOULEVARD ALFRED";"44,05782000";"5,05043000"
"202400042338";"9";"12";"2024";"00:05";"3";"84";"84072";"1";"1";"1";"1";"ROUTE DE BEDOIN";"44,07336000";"5,08706000"
"202400042339";"15";"06";"2024";"17:20";"1";"07";"07279";"1";"1";"1";"3";"1045 les baraques";"44,43715400";"4,66206000"
"202400042340";"28";"09";"2024";"01:39";"3";"77";"77177";"1";"1";"1";"6";"D21";"48,79760400";"2,72858700"
"202400042341";"2";"11";"2024";"22:55";"5";"78";"78208";"2";"4";"1";"6";"HELSINKI (BOULEVARD)";"48,79516000";"1,97290000"
"202400042342";"6";"12";"2024";"11:10";"1";"80";"80001";"2";"1";"1";"3";"Rue Jean Mennesson";"50,11666000";"1,82829000"
"202400042343";"16";"06";"2024";"14:30";"1";"01";"01275";"1";"1";"1";"6";"chemin de la baraka";"45,80775100";"4,93627800"
"202400042344";"28";"09";"2024";"11:00";"1";100;100298";"1";"1";"1";"7";"Route de Fornali";"42,69009300";"9,27125900"
"202400042345";"29";"09";"2024";"02:00";"3";"66";"66176";"1";"1";"1";"6";"N/A";"42,77816239";"2,96272516"
"202400042346";"28";"09";"2024";"22:41";"5";"84";"84078";"1";"2";"1";"5";"N7";"44,24064500";"4,71136500"
"202400042347";"2";"11";"2024";"12:20";"1";"77";"77276";"2";"1";"1";"3";"COTE DE LA JUSTICE (ROUTE)";"48,93876172";"2,87944442"
"202400042348";"28";"09";"2024";"21:00";"5";"84";"84129";"2";"1";"1";"6";"2105 Avenue d'Orange";"44,02621200";"4,87323500"
"202400042349";"15";"06";"2024";"17:05";"1";"01";"01064";"2";"3";"1";"3";"Route du Pont";"45,78523100";"5,45268100"
"202400042350";"29";"09";"2024";"10:05";"1";"89";"89206";"2";"2";"1";"2";"Rue de la Porte Percy";"47,98263700";"3,40482300"
"202400042351";"16";"06";"2024";"03:45";"3";"85";"85238";"2";"1";"3";"6";"6 Rue sainte-anne";"46,95121800";" -0,89360500"
"202400042352";"1";"11";"2024";"13:05";"1";"73";"73065";"1";"4";"1";"3";"BOISSE (AVENUE DE LA)";"45,58365080";"5,90961546"
"202400042353";"29";"09";"2024";"12:00";"1";"42";"42296";"1";"1";"1";"6";"Route de Lyon";"45,73527200";"4,27501200"
"202400042354";"2";"11";"2024";"08:34";"1";"72";"72181";"2";"2";"1";"6";"MOULIN JEAN (BD) N° IMP";"47,97760000";"0,20830000"
"202400042355";"8";"06";"2024";"05:35";"2";"76";"76041";"2";"1";"1";"1";"Route des Tôts";"49,65755100";"0,71969000"
"202400042356";"2";"11";"2024";"03:40";"5";"72";"72003";"2";"1";"2";"6";"RATERIE (CHE DE LA)";"47,97664577";"0,15660882"
"202400042357";"29";"09";"2024";"14:50";"1";"42";"42147";"1";"4";"1";"3";"Rue de Saint Anthème";"45,58542200";"4,07392700"
"202400042358";"14";"06";"2024";"07:52";"1";"13";"13117";"1";"1";"8";"2";"A7-Sens Lyon vers Marseille";"43,43203191";"5,25786355"
"202400042359";"28";"09";"2024";"12:50";"1";"38";"38565";"1";"6";"2";"6";"Route de l'Isère (Pont)";"45,27258000";"5,62613700"
"202400042360";"8";"12";"2024";"18:50";"3";"77";"77369";"1";"6";"1";"3";"D405";"48,97506000";"2,90404000"
"202400042361";"2";"11";"2024";"19:00";"5";"69";"69286";"1";"1";"2";"3";"Route de Fontaines";"45,82550000";"4,88183000"
"202400042362";"8";"12";"2024";"18:39";"5";"76";"76498";"2";"2";"8";"6";"Avenue des Allies";"49,42475000";"1,05583000"
"202400042363";"29";"09";"2024";"17:20";"1";"69";"69106";"1";"2";"1";"3";"Route Départementale 76";"45,92701300";"4,65652900"
"202400042364";"12";"04";"2024";"16:00";"1";"69";"69290";"1";"1";"1";"4";"Autoroute 43";"45,70568000";"4,95985000"
"202400042365";"2";"11";"2024";"12:00";"1";"67";"67482";"2";"1";"1";"4";"SCHIRMECK (ROUTE DE)";"48,56597300";"7,70770500"
"202400042366";"8";"12";"2024";"18:30";"5";"69";"69266";"2";"1";"3";"1";"Place Wilson";"45,77397000";"4,86766000"
"202400042367";"27";"09";"2024";"18:35";"1";"33";"33535";"1";"1";"2";"1";"N/A";"44,82743200";" -0,47670900"
"202400042368";"2";"11";"2024";"11:19";"1";"64";"64483";"2";"1";"7";"3";"ITHURRALDE ANDRE (AVENUE)";"43,39394000";" -1,65026000"
"202400042369";"27";"09";"2024";"22:15";"3";"53";"53082";"1";"1";"1";"6";"131 route des pommiers";"47,98476359";" -0,88803922"
"202400042370";"8";"12";"2024";"04:20";"5";"69";"69266";"2";"6";"3";"3";"Allée du Frère Benoit";"45,78705000";"4,88640000"
"202400042371";"27";"09";"2024";"16:50";"1";"59";"59256";"2";"1";"2";"6";"Rue Calmette Guerin";"50,55814700";"3,13635000"
"202400042372";"3";"11";"2024";"00:45";"5";"59";"59350";"2";"2";"1";"3";"Rue du Maréchal de Lattre de Tassigny";"50,63528493";"3,05538895"
"202400042373";"28";"09";"2024";"15:05";"1";"13";"13106";"1";"1";"1";"3";"A7-Sens Marseille vers Lyon";"43,38780006";"5,35107260"
"202400042374";"7";"12";"2024";"18:15";"5";"69";"69013";"1";"3";"2";"3";"Avenue de Joux";"46,00397000";"4,73220000"
"202400042375";"31";"10";"2024";"18:38";"1";"56";"56083";"2";"1";"1";"3";"Avenue de la République";"47,80086000";" -3,28444000"
"202400042376";"27";"09";"2024";"14:35";"1";"13";"13212";"1";"1";"1";"2";"A507 sens Aubagne- Marseille";"43,30317709";"5,42537105"
"202400042377";"8";"12";"2024";"18:55";"5";"66";"66136";"2";"2";"1";"3";"Avenue Maréchal Juin";"42,68751000";"2,90059536"
"202400042378";"2";"11";"2024";"19:05";"5";"51";"51454";"2";"3";"1";"6";"VAILLANT COUTURIER (RUE PAUL) N°1 A 103";"49,26620000";"4,02498000"
"202400042379";"29";"10";"2024";"10:40";"1";"51";"51663";"2";"1";"1";"3";"ALFRED ANATOLE THEVENET (AVENUE)";"49,04717000";"3,96495900"
"202400042380";"8";"12";"2024";"13:35";"1";"64";"64129";"2";"3";"2";"3";"SAINT EXUPERY";"43,31337000";" -0,38018000"
"202400042381";"28";"09";"2024";"01:35";"5";"33";"33550";"1";"9";"1";"6";"N/A";"44,77987800";" -0,57458900"
"202400042382";"2";"11";"2024";"18:41";"5";"45";"45004";"1";"1";"1";"2";"D2060 PR 26 + 337";"47,98556900";"2,77007900"
"202400042383";"8";"12";"2024";"13:00";"1";"64";"64132";"2";"1";"2";"6";"COMMANDANT RENE MOUCHOTTE DU";"43,30536816";" -0,32925457"
"202400042384";"28";"09";"2024";"14:20";"1";"94";"94021";"1";"1";"1";"3";"A6B";"48,77129754";"2,34584423"
"202400042385";"2";"11";"2024";"15:30";"2";"44";"44143";"2";"3";"1";"6";"Rue Victor Fortun";"47,18120000";" -1,55644000"
"202400042386";"7";"12";"2024";"18:00";"5";"62";"62119";"2";"1";"3";"1";"Rue Copernic";"50,51463067";"2,64831054"
"202400042387";"2";"11";"2024";"23:32";"5";"42";"42187";"2";"9";"1";"6";"Rue Lucien Sampaix";"46,03057814";"4,05852556"
"202400042388";"28";"09";"2024";"01:20";"3";"91";"91553";"1";"1";"8";"6";"RN 104";"48,63129000";"2,48908000"
"202400042389";"2";"11";"2024";"20:11";"5";"42";"42187";"2";"3";"1";"3";"Rue Mulsant";"46,03810500";"4,06006565"
"202400042390";"7";"12";"2024";"12:15";"1";"51";"51453";"1";"1";"8";"2";"RN 44";"48,99988804";"4,33865007"
"202400042391";"27";"09";"2024";"16:45";"1";"95";"95277";"1";"1";"1";"2";"A3";"48,96848031";"2,47881515"
"202400042392";"2";"11";"2024";"16:30";"1";"42";"42044";"2";"4";"1";"6";"Rue Grenette";"45,39727000";"4,32711000"
"202400042393";"28";"09";"2024";"15:35";"1";"93";"93051";"1";"1";"1";"2";"A4";"48,83504617";"2,57475935"
"202400042394";"6";"12";"2024";"15:00";"1";"47";"47323";"2";"6";"1";"3";"CAYREL JEAN-CLAUDE (AVENUE)";"44,42299000";"0,70038000"
"202400042395";"28";"09";"2024";"01:15";"3";"77";"77249";"1";"1";"2";"7";"RN104";"48,75764700";"2,61536400"
"202400042396";"2";"11";"2024";"04:20";"5";"37";"37261";"2";"2";"2";"3";"HEURTELOUP (BOULEVARD)";"47,39214000";"0,70041000"
"202400042397";"6";"12";"2024";"16:05";"1";"45";"45068";"2";"1";"1";"3";"10 Rue du Gué aux Biches";"48,02126000";"2,72338000"
"202400042398";"2";"11";"2024";"12:50";"1";"35";"35238";"2";"1";"1";"3";"GROS MALHON (AVENUE)";"48,13234000";" -1,68481000"
"202400042399";"27";"09";"2024";"23:20";"3";"94";"94065";"1";"1";"2";"4";"A86";"48,75377489";"2,36789548"
"202400042400";"8";"12";"2024";"18:55";"5";"41";"41018";"2";"1";"2";"3";"BESNARD (QUAI ULYSSE)";"47,57818000";"1,32107000"
"202400042401";"2";"11";"2024";"19:25";"5";"34";"34172";"2";"2";"1";"3";"LIBERTE (AVENUE DE LA";"43,61130000";"3,82878000"
"202400042402";"27";"09";"2024";"15:50";"1";"77";"77337";"1";"1";"2";"3";"A4";"48,82967000";"2,61664000"
"202400042403";"8";"12";"2024";"16:55";"1";"34";"34172";"2";"1";"1";"1";"MAURIN (AVENUE DE";"43,60139000";"3,87512000"
"202400042404";"2";"11";"2024";"21:20";"5";"33";"33063";"2";"3";"1";"6";"Place de la Ferme de Richemont";"44,83602000";" -0,57214000"
"202400042405";"7";"12";"2024";"17:25";"5";"34";"34172";"2";"1";"1";"7";"VALERY (BOULEVARD PAUL";"43,59121000";"3,85432000"
"202400042406";"28";"09";"2024";"09:30";"1";"988";"98818";"2";"1";"1";"6";"RUE ARMAND OHLEN";" -22,26295000";"166,46341000"
"202400042407";"2";"11";"2024";"06:15";"5";"31";"31149";"1";"1";"1";"2";"3 COLOMIERS EST (A624)";"43,60522000";"1,34475000"
"202400042408";"27";"09";"2024";"18:05";"2";"974";"97416";"1";"9";"1";"6";"RN 01";" -21,33080000";"55,45545000"
"202400042409";"2";"11";"2024";"18:10";"2";"13";"13213";"2";"3";"1";"3";"ALPHONSE DAUDET (RUE)";"43,32209000";"5,41222000"
"202400042410";"8";"12";"2024";"20:00";"5";"25";"25031";"2";"1";"1";"1";"SELONCOURT (RUE DE)";"47,47159000";"6,85140000"
"202400042411";"27";"09";"2024";"12:40";"1";"974";"97416";"1";"1";"1";"3";"ANCIENNE RN 1";" -21,33251000";"55,45631000"
"202400042412";"2";"11";"2024";"09:23";"1";"06";"06088";"2";"4";"1";"6";"2 Boulevard Pierre Sola";"43,70789820";"7,28418670"
"202400042413";"7";"12";"2024";"21:15";"5";"18";"18279";"2";"2";"3";"1";"Rue Jeanne Labourbe";"47,23204400";"2,06104700"
"202400042414";"27";"09";"2024";"08:00";"1";"974";"97416";"1";"1";"1";"5";"RN3 (2)";" -21,31708000";"55,49071000"
"202400042415";"2";"11";"2024";"12:45";"1";"04";"04112";"2";"3";"1";"3";"SAINT LAZARE (AV.)";"43,83193000";"5,78922000"
"202400042416";"1";"11";"2024";"16:00";"1";"75";"75113";"2";"1";"1";"2";"BOULEVARD PERIPHERIQUE INTERIEUR SUD";"48,82171800";"2,37901500"
"202400042417";"26";"09";"2024";"11:53";"1";"973";"97302";"2";"1";"1";"3";"MONTABO (ROUTE DE) 1";"4,94360000";" -52,31883000"
"202400042418";"8";"12";"2024";"02:30";"3";"13";"13019";"1";"1";"1";"5";"D9";"43,47896000";"5,35557000"
"202400042419";"27";"09";"2024";"07:50";"1";"973";"97302";"1";"6";"1";"2";"N/A";"4,90781000";" -52,32244000"
"202400042420";"1";"11";"2024";"12:20";"1";"75";"75117";"2";"7";"1";"3";"PLACE DE VERDUN";"48,87868900";"2,28007900"
"202400042421";"8";"12";"2024";"05:00";"5";"13";"13209";"2";"1";"1";"6";"LÉON LACHAMP (ROUTE)";"43,24880244";"5,44162683"
"202400042422";"2";"11";"2024";"18:40";"5";"75";"75111";"2";"1";"1";"6";"RUE JEAN PIERRE TIMBAUD";"48,86642400";"2,37255400"
"202400042423";"26";"09";"2024";"20:40";"3";"973";"97302";"2";"1";"1";"2";"MADELEINE (ROUTE DE LA)";"4,92856000";" -52,32527000"
"202400042424";"8";"12";"2024";"13:20";"1";"13";"13211";"2";"1";"1";"5";"LÉON BANCAL (RUE)";"43,28800000";"5,48000000"
"202400042425";"2";"11";"2024";"17:56";"2";"75";"75110";"2";"1";"1";"6";"RUE DE SAMBRE ET MEUSE";"48,87526000";"2,36991400"
"202400042426";"26";"09";"2024";"12:30";"1";"973";"97302";"2";"1";"1";"1";"BECKER (LIEUTENANT)";"4,93853000";" -52,32742000"
"202400042427";"2";"11";"2024";"18:20";"5";"75";"75101";"2";"1";"1";"6";"RUE DE RIVOLI";"48,86293500";"2,33465400"
"202400042428";"8";"12";"2024";"13:30";"1";"13";"13004";"2";"1";"1";"1";"BD EMILE COMBES";"43,67480000";"4,63135000"
"202400042429";"25";"09";"2024";"20:20";"5";"973";"97302";"2";"1";"1";"2";"MONTABO (ROUTE DE) 1";"4,94298361";" -52,30634701"
"202400042430";"27";"11";"2024";"08:30";"1";"06";"06104";"2";"1";"1";"3";"86 Avenue Jean Jaurès";"43,75862000";"7,45077000"
"202400042431";"1";"11";"2024";"04:05";"5";"75";"75101";"2";"2";"1";"3";"RUE DE RIVOLI";"48,86008300";"2,34341300"
"202400042432";"27";"09";"2024";"10:55";"1";"69";"69383";"2";"3";"7";"6";"Cours Lafayette";"45,76360287";"4,85702738"
"202400042433";"2";"11";"2024";"11:30";"1";"93";"93066";"2";"1";"1";"3";"BRICHE NR 69 A 77";"48,94210000";"2,34122000"
"202400042434";"8";"12";"2024";"16:40";"5";"06";"06029";"2";"1";"1";"1";"34 Boulevard du Midi Louise Moreau";"43,54354900";"6,96522800"
"202400042435";"25";"09";"2024";"11:21";"1";"69";"69387";"2";"3";"1";"6";"Avenue Berthelot";"45,74193000";"4,85193000"
"202400042436";"2";"11";"2024";"07:50";"2";"93";"93046";"2";"1";"8";"6";"PRESIDENT FITZERALD KENNEDY (AV DU)";"48,91596000";"2,53272000"
"202400042437";"8";"12";"2024";"15:00";"1";"06";"06030";"2";"1";"7";"6";"275 Chemin Saint - Joseph";"43,56478000";"6,97774000"
"202400042438";"26";"09";"2024";"08:55";"1";"69";"69384";"2";"1";"3";"6";"Cours d'Herbouville";"45,77526000";"4,83901000"
"202400042439";"7";"12";"2024";"17:30";"3";"06";"06123";"2";"1";"1";"1";"1307 Chemin des Iscles";"43,71253000";"7,18253000"
"202400042440";"27";"09";"2024";"11:23";"1";"971";"97101";"1";"4";"1";"1";"ALBERT LEOGANE - TERRASSON (RUE)";"16,24536000";" -61,50697000"
"202400042441";"2";"11";"2024";"18:20";"5";"93";"93006";"2";"1";"1";"6";"PASTEUR AV.";"48,87603192";"2,41826355"
"202400042442";"7";"12";"2024";"01:15";"5";"02";"02168";"2";"1";"2";"1";"N/A";"49,06392000";"3,39384000"
"202400042443";"27";"09";"2024";"16:45";"1";101;101004";"2";"1";"1";"1";"6 Boulevard Lantivy";"41,91658000";"8,73785000"
"202400042444";"8";"12";"2024";"16:52";"2";"01";"01053";"2";"9";"2";"6";"BARBEROT Paul  (avenue)";"46,20903000";"5,22988000"
"202400042445";"2";"11";"2024";"18:20";"5";"93";"93063";"2";"3";"1";"3";"NORMANDIE-NIEMEN RUE";"48,88320761";"2,42696464"
"202400042446";"27";"09";"2024";"11:00";"1";"95";"95563";"2";"2";"1";"3";"D502";"49,00305740";"2,25096549"
"202400042447";"7";"12";"2024";"02:37";"5";"75";"75109";"2";"2";"3";"6";"RUE DES MARTYRS";"48,87679900";"2,33922600"
"202400042448";"2";"11";"2024";"17:35";"5";"92";"92036";"2";"1";"1";"6";"GABRIEL PERI (AVENUE) (101/129)";"48,92017742";"2,29519641"
"202400042449";"27";"09";"2024";"06:27";"5";"95";"95018";"2";"2";"9";"3";"D392";"48,94138589";"2,20676834"
"202400042450";"8";"12";"2024";"19:10";"5";"75";"75116";"2";"7";"2";"6";"PLACE DE LA PORTE MAILLOT";"48,87812053";"2,28106320"
"202400042451";"1";"11";"2024";"23:25";"5";"92";"92036";"2";"3";"1";"3";"GABRIEL PERI (AVENUE) (2/58)";"48,91275901";"2,29634061"
"202400042452";"7";"12";"2024";"13:30";"1";"75";"75115";"2";"7";"1";"6";"RUE LINOIS";"48,84681400";"2,28563100"
"202400042453";"2";"11";"2024";"13:15";"1";"92";"92025";"2";"2";"8";"7";"CHARLES DE GAULLE (BD)";"48,91453379";"2,22920112"
"202400042454";"27";"09";"2024";"04:55";"5";"91";"91161";"2";"9";"8";"5";"RTE DE LONGJUMEAU";"48,71448000";"2,29815000"
"202400042455";"1";"11";"2024";"20:35";"5";"92";"92025";"2";"1";"1";"3";"PAUL BERT (RUE)";"48,93003071";"2,24574566"
"202400042456";"7";"12";"2024";"23:50";"5";"75";"75114";"2";"3";"2";"3";"AVENUE DU GENERAL LECLERC";"48,82958200";"2,32837900"
"202400042457";"27";"09";"2024";"21:42";"5";"91";"91514";"2";"1";"1";"6";"RUE DE BOISSY ST LEGER";"48,67504000";"2,53545000"
"202400042458";"2";"11";"2024";"14:52";"1";"92";"92007";"2";"1";"1";"6";"PLUCHET (RUE ALPHONSE)";"48,79716002";"2,29907580"
"202400042459";"26";"09";"2024";"14:30";"1";"91";"91691";"2";"1";"3";"2";"RAYMOND POINCARE(RUE)";"48,71880000";"2,50020000"
"202400042460";"8";"12";"2024";"04:00";"5";"94";"94042";"2";"2";"2";"2";"Avenue du Général Galliéni";"48,82000000";"2,47932000"
"202400042461";"2";"11";"2024";"18:20";"2";"47";"47069";"1";"6";"1";"3";"rond point de camelat";"44,21970000";"0,57898200"
"202400042462";"31";"10";"2024";"20:20";"5";"14";"14409";"2";"1";"1";"3";"30 Avenue Alexandre de Lavergne";"49,27226400";" -0,19609600"
"202400042463";"27";"09";"2024";"23:00";"5";"91";"91687";"2";"1";"3";"3";"GENERAL DE GAULLE (AVENUE DU)";"48,68168000";"2,37850000"
"202400042464";"8";"12";"2024";"18:20";"5";"94";"94043";"2";"3";"2";"6";"Rue de l'Avenir";"48,80609100";"2,34599300"
"202400042465";"2";"11";"2024";"14:50";"1";"63";"63307";"1";"1";"1";"7";"Chemin sans nom longeant la D785";"45,72499900";"3,09259500"
"202400042466";"8";"12";"2024";"03:20";"5";"94";"94028";"2";"1";"2";"3";"Av du Mal de Lattre de Tassigny";"48,79920000";"2,45349000"
"202400042467";"29";"10";"2024";"13:20";"1";"62";"62495";"1";"1";"1";"6";"D341";"50,64426876";"1,95803031"
"202400042468";"25";"09";"2024";"17:25";"1";"87";"87085";"2";"3";"2";"6";"MONTJOVIS (AVENUE)";"45,83996000";"1,24670000"
"202400042469";"31";"10";"2024";"23:10";"5";"52";"52088";"2";"1";"1";"6";"58 Hameau la Greve";"48,45332800";"4,76793800"
"202400042470";"7";"12";"2024";"18:51";"5";"94";"94071";"2";"1";"3";"6";"Avenue Winston Churchill";"48,77109000";"2,52145000"
"202400042471";"27";"09";"2024";"09:50";"1";"84";"84035";"2";"6";"1";"3";"EUROPE (BOULEVARD DE L')";"43,84391000";"5,04464000"
"202400042472";"2";"11";"2024";"14:00";"1";"76";"76624";"2";"1";"1";"6";"Chemin de la Chasse";"49,86416900";"1,25360500"
"202400042473";"7";"12";"2024";"21:30";"5";"94";"94028";"2";"3";"2";"6";"Boulevard John Kennedy / Impasse François Rude";"48,77632199";"2,46405731"
"202400042474";"3";"11";"2024";"12:25";"1";"974";"97412";"2";"1";"1";"3";"47 Route de la Grande Corniche";" -21,37377300";"55,59659500"
"202400042475";"24";"09";"2024";"17:43";"1";"84";"84031";"2";"3";"1";"3";"GLAIEULS DES";"44,05236000";"5,03792000"
"202400042476";"8";"12";"2024";"13:47";"1";"93";"93005";"2";"9";"2";"6";"MARC CHAGALL (BOULEVARD)";"48,95317707";"2,50164724"
"202400042477";"3";"11";"2024";"15:30";"1";"83";"83070";"2";"3";"1";"1";"Avenue Paul Valéry";"43,13925800";"6,36094500"
"202400042478";"27";"09";"2024";"17:04";"1";"84";"84007";"2";"1";"1";"6";"PAUL PAMARD (RUE)";"43,91885000";"4,87259000"
"202400042479";"7";"12";"2024";"21:00";"5";"93";"93005";"2";"9";"2";"6";"FERME (CARREFOUR DE LA)";"48,94443310";"2,49572754"
"202400042480";"3";"11";"2024";"07:10";"3";"44";"44113";"1";"1";"1";"2";"N/A";"47,59817700";" -1,62803600"