"Num_Acc";"jour";"mois";"an";"hrmn";"lum";"dep";"com";"agg";"int";"atm";"col";"adr";"lat";"long"
"202400042481";"22";"06";"2024";"15:50";"1";"83";"83034";"2";"3";"1";"2";"AVENUE VALERANE";"43,08551000";"6,09810000"
"202400042482";"7";"12";"2024";"21:20";"5";"93";"93046";"2";"2";"1";"3";"GAMBETTA AVENUE";"48,91930000";"2,51904000"
"202400042483";"2";"11";"2024";"16:40";"1";"56";"56002";"1";"1";"8";"7";"Lande de Corbouin";"47,56410400";" -2,55271200"
"202400042484";"27";"09";"2024";"16:35";"1";"83";"83069";"2";"9";"1";"6";"VICTORIA (AVENUE)";"43,11685000";"6,12602000"
"202400042485";"7";"12";"2024";"21:00";"5";"93";"93031";"2";"1";"2";"6";"ALLENDE (AVENUE SALVADOR)";"48,95569000";"2,30836000"
"202400042486";"2";"11";"2024";"18:40";"3";"79";"79179";"1";"1";"5";"7";"N/A";"46,67125800";" -0,58565500"
"202400042487";"27";"09";"2024";"12:22";"1";"81";"81065";"1";"1";"2";"5";"ALBI (RD612 - RTE D')";"43,65676000";"2,21865000"
"202400042488";"8";"12";"2024";"17:00";"5";"93";"93057";"2";"9";"2";"4";"ROME (AV.)";"48,91541910";"2,50009147"
"202400042489";"2";"11";"2024";"15:50";"1";"63";"63322";"1";"1";"1";"5";"D210";"45,85778300";"3,18322400"
"202400042490";"27";"09";"2024";"19:00";"1";"80";"80021";"2";"1";"2";"7";"QUATORZE JUILLET 1789 (AVENUE DU)";"49,87883800";"2,28316700"
"202400042491";"2";"11";"2024";"10:30";"1";"63";"63313";"1";"1";"1";"6";"N/A";"45,39246800";"3,00748100"
"202400042492";"7";"12";"2024";"23:25";"5";"93";"93008";"2";"3";"2";"7";"SEMARD (RUE PIERRE)";"48,91290676";"2,44629550"
"202400042493";"27";"09";"2024";"16:25";"1";"78";"78551";"2";"2";"1";"3";"BERLIOZ (BD HECTOR)";"48,89369000";"2,06700000"
"202400042494";"3";"11";"2024";"13:00";"1";"63";"63353";"1";"4";"1";"1";"RD300";"45,45182834";"3,57857106"
"202400042495";"8";"12";"2024";"06:30";"5";"92";"92026";"2";"1";"2";"2";"JOFFRE ( DE 52 A FIN ET DE 61 A FIN )";"48,90259011";"2,24589810"
"202400042496";"2";"11";"2024";"21:30";"3";"61";"61375";"1";"1";"1";"2";"D958";"48,67094100";"0,01478400"
"202400042497";"27";"09";"2024";"13:25";"1";"78";"78440";"2";"2";"1";"3";"ILE DE FRANCE (ALLEE DE L')";"48,98592500";"1,91468100"
"202400042498";"26";"09";"2024";"12:10";"1";"77";"77487";"2";"1";"2";"6";"14 JUILLET (PLACE DU)";"48,53077000";"2,67340000"
"202400042499";"2";"11";"2024";"15:40";"1";"35";"35027";"2";"1";"1";"2";"26 Rue Théodore Botrel";"48,16651700";" -2,06743300"
"202400042500";"8";"10";"2024";"18:15";"1";"66";"66009";"2";"1";"1";"1";"Avenue Alsina Rodona";"42,46909000";"2,66103600"
"202400042501";"24";"09";"2024";"19:25";"5";"77";"77268";"2";"1";"3";"6";"RUE DES LABOURS";"48,87327000";"2,81470000"
"202400042502";"2";"11";"2024";"18:40";"3";"29";"29037";"1";"6";"1";"3";"D44";"47,88422492";" -4,16880508"
"202400042503";"8";"12";"2024";"01:45";"5";"971";"97114";"1";"3";"2";"3";"La Rose";"16,14779800";" -61,58358900"
"202400042504";"27";"09";"2024";"13:40";"1";"76";"76681";"2";"6";"8";"1";"Place Voltaire";"49,42356000";"1,08897000"
"202400042505";"24";"10";"2024";"17:00";"1";"31";"31183";"1";"1";"1";"3";"D26";"43,07906800";"0,89286400"
"202400042506";"1";"12";"2024";"14:30";"1";"22";"22206";"1";"9";"1";"6";"Kerbouillen (Embranchement d'autoroute)";"48,53328500";" -3,00787700"
"202400042507";"27";"09";"2024";"13:30";"1";"73";"73065";"1";"1";"1";"6";"N201";"45,57189649";"5,93610719"
"202400042508";"3";"11";"2024";"00:25";"4";"38";"38413";"2";"1";"1";"6";"N85";"44,87612640";"5,83513138"
"202400042509";"8";"12";"2024";"19:30";"5";"974";"97412";"2";"3";"1";"5";"Rue Marcel Pagnol";" -21,37796800";"55,66084700"
"202400042510";"27";"09";"2024";"21:38";"5";"73";"73011";"2";"1";"8";"6";"HOTEL DE VILLE (COURS DE)";"45,67542000";"6,39297000"
"202400042511";"3";"11";"2024";"19:20";"3";"02";"02011";"1";"1";"5";"6";"N31";"49,39210100";"3,20769700"
"202400042512";"27";"09";"2024";"03:25";"5";"72";"72181";"2";"1";"8";"6";"BOURG BELE (RUE DU)  N° IMP 1 A 59";"47,99788000";"0,19823000"
"202400042513";"2";"11";"2024";"23:47";"3";"02";"02551";"1";"1";"1";"6";"N/A";"49,44421700";"3,39340200"
"202400042514";"30";"10";"2024";"13:35";"1";"15";"15096";"1";"1";"1";"6";"RD 60";"45,02220700";"2,56598400"
"202400042515";"8";"12";"2024";"23:10";"3";"57";"57620";"1";"1";"1";"7";"Autoroute A4 PK 303.3 sens Paris vers Metz";"49,18177400";"6,01917700"
"202400042516";"27";"09";"2024";"23:30";"5";"69";"69282";"2";"2";"1";"3";"Avenue de Verdun";"45,78194000";"5,00548000"
"202400042517";"3";"11";"2024";"02:00";"3";"01";"01348";"2";"1";"1";"6";"Rue de Crénans";"46,17667700";"4,81090100"
"202400042518";"2";"11";"2024";"21:00";"3";"70";"70317";"1";"2";"1";"6";"D486";"47,53362900";"6,41857300"
"202400042519";"8";"12";"2024";"04:00";"3";"01";"01189";"2";"1";"4";"2";"Hameau le Poteau";"46,06514700";"5,78128700"
"202400042520";"27";"09";"2024";"18:10";"2";"69";"69271";"2";"3";"7";"1";"Route de Lyon";"45,73870000";"4,96491000"
"202400042521";"2";"11";"2024";"21:45";"5";"70";"70482";"2";"6";"1";"6";"2 Rue Armand Paulmard";"47,66470500";"5,97143100"
"202400042522";"27";"09";"2024";"10:50";"1";"69";"69290";"2";"1";"1";"1";"Rue Colette";"45,69007000";"4,94215000"
"202400042523";"3";"11";"2024";"10:30";"1";"06";"06073";"1";"1";"1";"7";"M97";"44,19199000";"7,13643600"
"202400042524";"8";"12";"2024";"18:25";"3";"34";"34118";"1";"5";"1";"3";"D109";"43,72100900";"3,90989400"
"202400042525";"27";"09";"2024";"10:00";"1";"69";"69290";"1";"1";"1";"1";"Chemin de Saint Bonnet de Mure";"45,69195000";"4,96691000"
"202400042526";"9";"12";"2024";"10:20";"1";"57";"57544";"1";"1";"8";"6";"D96c";"48,68499700";"7,12695100"
"202400042527";"2";"11";"2024";"22:15";"3";"14";"14516";"2";"2";"1";"3";"17 Rue du Général Leclerc";"48,97373700";" -0,24423100"
"202400042528";"26";"09";"2024";"14:45";"1";"69";"69259";"2";"3";"3";"5";"Avenue Francis de Pressensé";"45,71182000";"4,87495000"
"202400042529";"8";"12";"2024";"19:22";"5";"59";"59164";"1";"3";"2";"3";"Rue de Solesmes";"50,15795800";"3,57856000"
"202400042530";"3";"11";"2024";"00:45";"3";"14";"14601";"1";"1";"1";"1";"Route de Lisieux";"49,28451600";"0,20856300"
"202400042531";"27";"09";"2024";"09:00";"1";"68";"68224";"2";"2";"2";"6";"Rue du Fil";"47,74735900";"7,32019800"
"202400042532";"2";"11";"2024";"07:45";"1";"50";"50359";"1";"1";"8";"7";"Rue de l'Abbaye Blanche";"48,65594700";" -0,94399300"
"202400042533";"4";"12";"2024";"20:00";"3";"56";"56078";"2";"1";"1";"1";"les Cinq Chemins";"47,79993200";" -3,47659300"
"202400042534";"27";"09";"2024";"20:10";"5";"61";"61006";"2";"1";"2";"6";"D958";"48,74879500";" -0,02758400"
"202400042535";"2";"11";"2024";"06:00";"3";"40";"40055";"1";"1";"1";"3";"D824";"43,85223100";" -0,47970800"
"202400042536";"8";"12";"2024";"20:00";"3";"80";"80191";"1";"1";"2";"7";"D39";"49,79502000";"2,77344700"
"202400042537";"19";"06";"2024";"10:00";"1";"61";"61038";"2";"1";"1";"6";"Voie Communale";"48,37444800";"0,56451400"
"202400042538";"2";"11";"2024";"20:00";"3";"17";"17043";"1";"1";"1";"1";"RD 939";"46,04824600";" -0,63201400"
"202400042539";"27";"09";"2024";"14:55";"1";"61";"61001";"2";"6";"2";"3";"Voie Communale";"48,43207900";"0,07955100"
"202400042540";"2";"11";"2024";"13:45";"1";"87";"87089";"1";"1";"1";"7";"D942";"46,21338300";"1,14824300"
"202400042541";"9";"12";"2024";"12:00";"1";"12";"12266";"1";"1";"1";"3";"D95, Lieu-dit Montels Cance";"44,28299100";"2,81943100"
"202400042542";"2";"11";"2024";"11:50";"1";"24";"24348";"1";"1";"1";"6";"d25";"44,68062300";"0,45211300"
"202400042543";"27";"09";"2024";"08:50";"1";"51";"51454";"2";"2";"1";"3";"BOYER (Rue Gaston)";"49,26033000";"4,02242000"
"202400042544";"7";"12";"2024";"08:20";"1";"44";"44169";"1";"1";"1";"1";"53quater Route du fleuve";"47,24699700";" -1,40032300"
"202400042545";"3";"11";"2024";"05:15";"3";"13";"13044";"1";"1";"1";"1";"D69";"43,62281700";"5,04527800"
"202400042546";"26";"09";"2024";"13:21";"1";"49";"49007";"2";"1";"1";"3";"BERANGER";"47,47403000";" -0,53746000"
"202400042547";"7";"12";"2024";"22:20";"3";"29";"29212";"1";"1";"6";"6";"route du Mengant";"48,35503000";" -4,59055800"
"202400042548";"27";"09";"2024";"18:10";"1";"44";"44184";"2";"2";"1";"3";"Rue du Maine";"47,27758000";" -2,21096000"
"202400042549";"3";"11";"2024";"00:55";"3";"06";"06149";"1";"1";"1";"5";"A8, PK205+550, chaussé nord";"43,74406500";"7,34757900"
"202400042550";"2";"11";"2024";"13:20";"1";"988";"98822";"1";"1";"1";"6";"Tribu de Wagap";" -20,88580000";"165,27595000"
"202400042551";"7";"12";"2024";"16:00";"1";"29";"29215";"1";"1";"6";"1";"D784";"47,99668115";" -4,37612321"
"202400042552";"27";"09";"2024";"12:55";"1";"44";"44162";"2";"1";"3";"3";"Rue du Moulin de la Rousselière";"47,23209160";" -1,64475020"
"202400042553";"1";"11";"2024";"19:00";"3";"988";"98821";"1";"1";"1";"3";"VE2 sens Sud/Nord";" -22,15142800";"166,37163600"
"202400042554";"9";"12";"2024";"00:01";"3";"15";"15142";"1";"1";"1";"6";"RD 56";"44,92284200";"2,93519000"
"202400042555";"23";"09";"2024";"14:00";"1";"42";"42218";"2";"2";"1";"6";"Rue Francisque Voytier";"45,42429000";"4,40175000"
"202400042556";"8";"12";"2024";"21:25";"3";"58";"58172";"1";"1";"2";"7";"D979";"46,73896000";"3,65889800"
"202400042557";"3";"11";"2024";"11:40";"1";"971";"97117";"1";"1";"1";"7";"Route de Bories";"16,30284100";" -61,40694400"
"202400042558";"25";"09";"2024";"12:55";"1";"41";"41047";"2";"1";"2";"7";"PASTEUR (RUE LOUIS)";"47,61400000";"1,35419000"
"202400042559";"3";"11";"2024";"03:50";"4";"95";"95446";"2";"1";"1";"6";"D79";"49,12444400";"2,16967100"
"202400042560";"9";"12";"2024";"11:10";"1";"14";"14622";"1";"1";"2";"6";"Route de Tournières";"49,23026600";" -0,95883100"
"202400042561";"5";"12";"2024";"07:15";"3";"50";"50215";"1";"1";"2";"7";"RD650";"49,12016100";" -1,58954100"
"202400042562";"1";"11";"2024";"08:15";"2";"78";"78597";"1";"1";"5";"1";"Soindres";"48,95136600";"1,64979500"
"202400042563";"27";"09";"2024";"17:55";"1";"38";"38185";"2";"4";"2";"1";"QUAI CLAUDE BERNARD";"45,19289651";"5,71743831"
"202400042564";"6";"12";"2024";"11:15";"1";"50";"50615";"2";"1";"1";"2";"42 Rue de Poterie";"49,51075700";" -1,46942900"
"202400042565";"3";"11";"2024";"15:00";"1";"83";"83016";"1";"1";"1";"1";"Route Nationale 8";"43,21506000";"5,81052300"
"202400042566";"27";"09";"2024";"01:09";"4";"37";"37233";"2";"6";"1";"6";"DUCLOS (AVENUE JACQUES)";"47,38020000";"0,72650000"
"202400042567";"3";"11";"2024";"10:55";"1";"89";"89102";"1";"1";"1";"6";"D1";"47,75627600";"3,50019700"
"202400042568";"7";"12";"2024";"03:30";"5";"43";"43152";"2";"1";"2";"6";"20 Route de Polignac";"45,05275815";"3,87265002"
"202400042569";"27";"09";"2024";"09:30";"1";"34";"34172";"2";"1";"1";"3";"MARES (AVENUE HENRI)";"43,62000000";"3,85109000"
"202400042570";"8";"12";"2024";"12:45";"1";"07";"07185";"1";"1";"2";"7";"Chemin de la Boutonnas";"45,12613900";"4,64168100"
"202400042571";"27";"09";"2024";"20:14";"5";"31";"31555";"2";"1";"1";"3";"AV DES MINIMES";"43,61658867";"1,43706590"
"202400042572";"3";"11";"2024";"13:30";"1";"88";"88196";"1";"1";"1";"1";"D486";"48,06476200";"6,86079800"
"202400042573";"25";"11";"2024";"04:30";"5";"07";"07010";"2";"6";"1";"3";"Allée de Beauregard";"45,25187700";"4,66166600"
"202400042574";"3";"11";"2024";"05:50";"5";"57";"57058";"2";"1";"1";"6";"Rue des Vergers";"49,17046000";"6,93915900"
"202400042575";"26";"09";"2024";"19:20";"2";"28";"28218";"2";"9";"1";"6";"REPUBLIQUE (AVENUE DE LA)";"48,43712000";"1,44586000"
"202400042576";"9";"12";"2024";"17:45";"5";"52";"52060";"2";"1";"1";"6";"38 rue amiral pierre";"47,95184735";"5,74995205"
"202400042577";"27";"09";"2024";"00:50";"3";"28";"28209";"1";"1";"1";"7";"RD 339";"48,47823000";"1,47171000"
"202400042578";"3";"11";"2024";"18:15";"5";"07";"07324";"2";"6";"1";"1";"Avenue de nimes intersection avenue helene de tournon";"45,05524300";"4,83853300"
"202400042579";"8";"12";"2024";"20:10";"3";"88";"88385";"1";"2";"1";"1";"D165";"48,19726500";"6,05007600"
"202400042580";"26";"09";"2024";"07:24";"5";"27";"27229";"2";"2";"2";"3";"LEPOUZE (RUE)";"49,02731000";"1,15546000"
"202400042581";"3";"11";"2024";"12:44";"1";"07";"07241";"1";"1";"1";"2";"rn 102";"44,56300100";"4,46903200"
"202400042582";"2";"11";"2024";"18:29";"3";"07";"07241";"1";"1";"1";"7";"Rue des Vignobles";"44,54870900";"4,43994600"
"202400042583";"8";"12";"2024";"17:55";"5";"38";"38553";"2";"3";"2";"6";"Avenue du Drieve";"45,61835600";"5,14573800"
"202400042584";"27";"09";"2024";"05:30";"2";"25";"25462";"2";"2";"1";"3";"BOULEVARD PASTEUR (DE 55 A LA FIN)";"46,90437500";"6,34725300"
"202400042585";"2";"11";"2024";"10:24";"1";"69";"69009";"2";"3";"8";"6";"636 Route de Lyon";"45,93566900";"4,72180400"
"202400042586";"27";"09";"2024";"18:15";"1";"25";"25056";"2";"1";"1";"6";"SIFFERT  AVENUE CHARLES";"47,24148000";"6,01547000"
"202400042587";"9";"12";"2024";"19:00";"4";"13";"13001";"1";"1";"1";"4";"A8";"43,51684400";"5,43194500"
"202400042588";"24";"10";"2024";"14:20";"1";"33";"33555";"2";"1";"1";"1";"N/A";"44,68462800";" -0,86970100"
"202400042589";"9";"12";"2024";"18:45";"3";"13";"13001";"1";"1";"1";"2";"Parking";"43,51257700";"5,46513000"
"202400042590";"27";"09";"2024";"13:45";"1";"13";"13117";"2";"3";"1";"3";"8 MAI 1945 (AVENUE)";"43,42400000";"5,27751000"
"202400042591";"9";"12";"2024";"18:30";"4";"13";"13001";"1";"1";"1";"2";"A8";"43,51208865";"5,45538201"
"202400042592";"1";"11";"2024";"15:25";"1";"22";"22282";"1";"3";"1";"3";"D786";"48,58577700";" -2,23875900"
"202400042593";"26";"09";"2024";"17:20";"1";"11";"11069";"2";"3";"1";"3";"10 Allée d'Iéna";"43,20943000";"2,34495000"
"202400042594";"8";"12";"2024";"14:00";"1";"83";"83140";"1";"1";"1";"6";"Autoroute A8 PK 66+100 direction AIX-EN-PROVENCE";"43,42493542";"5,97393361"
"202400042595";"18";"10";"2024";"08:35";"1";"35";"35240";"2";"9";"1";"3";"75 Rue Nationale";"48,09445900";" -1,77212500"
"202400042596";"27";"09";"2024";"22:10";"5";"10";"10362";"2";"1";"2";"1";"NOES (RUE DES)";"48,29700000";"4,06000000"
"202400042597";"3";"12";"2024";"06:15";"3";"38";"38193";"1";"1";"1";"2";"A43, pk 29.00, aire d'avia l'isles d'abeau";"45,61335970";"5,20680800"
"202400042598";"3";"11";"2024";"14:20";"1";"60";"60612";"2";"1";"1";"6";"Avenue du Général de Gaulle";"49,20812900";"2,59699700"
"202400042599";"25";"09";"2024";"18:12";"1";"07";"07102";"2";"1";"1";"3";"REPUBLIQUE (AV. DE LA) [DU N° AU N°]";"44,93674000";"4,87206000"
"202400042600";"7";"12";"2024";"11:44";"1";"987";"98747";"1";"1";"1";"3";"PK 2+200 C/Montagne";" -17,73563700";" -149,23541300"
"202400042601";"23";"11";"2024";"20:00";"3";"988";"98807";"1";"1";"3";"6";"Ouaré (Tribu)";" -20,66282300";"164,92625900"
"202400042602";"27";"09";"2024";"18:24";"1";"06";"06088";"2";"2";"1";"3";"100 Boulevard René Cassin";"43,66980000";"7,21722000"
"202400042603";"9";"12";"2024";"19:50";"3";"988";"98817";"1";"3";"1";"7";"RPS1/Rue de La Thi";" -22,23034700";"166,55025600"
"202400042604";"27";"09";"2024";"15:38";"1";"06";"06088";"2";"1";"1";"6";"2 Corniche André de Joly";"43,70022600";"7,28875600"
"202400042605";"2";"11";"2024";"17:53";"3";"57";"57487";"1";"1";"1";"5";"Autoroute A31";"49,09371073";"6,11202120"
"202400042606";"6";"12";"2024";"17:40";"5";"37";"37027";"2";"1";"1";"2";"3 Route de Tours";"47,32817767";"0,98200147"
"202400042607";"26";"09";"2024";"10:10";"1";"06";"06004";"2";"1";"2";"6";"72 Boulevard Président Wilson";"43,57440000";"7,11661000"
"202400042608";"1";"11";"2024";"22:18";"3";"77";"77251";"1";"1";"1";"2";"AUTOROUTE A5A";"48,62312863";"2,54329065"
"202400042609";"9";"12";"2024";"13:00";"1";"06";"06019";"2";"1";"1";"3";"Route Departementale 2204";"43,80732500";"7,35689200"
"202400042610";"27";"09";"2024";"16:00";"1";"75";"75106";"2";"5";"1";"6";"RUE DU VIEUX COLOMBIER";"48,85205200";"2,32990900"
"202400042611";"2";"11";"2024";"09:05";"1";"78";"78007";"1";"1";"8";"4";"A13 Y";"48,89870200";"2,00572700"
"202400042612";"27";"09";"2024";"14:46";"1";"75";"75106";"2";"4";"2";"6";"RUE DE RENNES";"48,85102200";"2,33069600"
"202400042613";"7";"12";"2024";"16:35";"1";"89";"89295";"1";"2";"1";"5";"D158";"47,83005100";"3,54311800"
"202400042614";"1";"11";"2024";"16:55";"1";"92";"92036";"1";"1";"1";"3";"A86";"48,93459097";"2,26845903"
"202400042615";"7";"12";"2024";"05:35";"5";"88";"88090";"2";"1";"1";"4";"Rue René Didierjean";"48,37233700";"6,29128800"
"202400042616";"1";"11";"2024";"23:31";"3";"78";"78073";"1";"1";"1";"6";"RN12 INT";"48,79861000";"2,00344000"
"202400042617";"27";"09";"2024";"12:59";"1";"75";"75120";"2";"7";"1";"6";"RUE BELGRAND";"48,86458000";"2,40843600"
"202400042618";"8";"12";"2024";"18:00";"5";"57";"57752";"2";"1";"1";"6";"27 Rue de Nancy";"49,07422400";"7,00774800"
"202400042619";"27";"09";"2024";"14:00";"1";"75";"75118";"2";"3";"1";"6";"RUE DE L EVANGILE";"48,89452700";"2,36648500"
"202400042620";"2";"11";"2024";"15:00";"1";"95";"95212";"1";"1";"1";"4";"A1";"49,02919904";"2,53815959"
"202400042621";"27";"09";"2024";"15:50";"1";"75";"75117";"2";"2";"2";"6";"AVENUE NIEL";"48,87966700";"2,29469200"
"202400042622";"8";"12";"2024";"20:15";"3";"38";"38197";"1";"9";"2";"5";"D517";"45,75524400";"5,13470300"
"202400042623";"2";"11";"2024";"14:38";"1";"95";"95277";"1";"1";"1";"2";"A3";"48,97638481";"2,49132859"
"202400042624";"27";"09";"2024";"15:20";"1";"75";"75117";"2";"3";"2";"6";"RUE BIOT";"48,88353400";"2,32687700"
"202400042625";"9";"12";"2024";"09:40";"1";"69";"69136";"1";"1";"2";"3";"42 Route des Esses";"45,64281849";"4,74755708"
"202400042626";"2";"11";"2024";"09:45";"1";"92";"92036";"1";"1";"1";"2";"AUTOROUTE A86";"48,93911152";"2,30488793"
"202400042627";"27";"09";"2024";"09:15";"1";"75";"75117";"2";"3";"1";"6";"AVENUE DES TERNES";"48,88037333";"2,28680885"
"202400042628";"5";"12";"2024";"21:30";"3";"81";"81140";"1";"1";"1";"7";"Route Pierre Fabre";"43,67761800";"1,87904800"
"202400042629";"2";"11";"2024";"03:27";"3";"94";"94028";"1";"1";"2";"2";"A86";"48,78655637";"2,44005919"
"202400042630";"5";"12";"2024";"18:50";"3";"14";"14762";"1";"1";"2";"7";"D577";"48,77698009";" -0,89788467"
"202400042631";"27";"09";"2024";"09:10";"1";"75";"75116";"2";"3";"1";"3";"QUAI SAINT EXUPERY";"48,83469300";"2,26190700"
"202400042632";"2";"11";"2024";"02:20";"3";"94";"94046";"1";"1";"1";"4";"A86";"48,80959275";"2,44911608"
"202400042633";"8";"12";"2024";"20:25";"5";"29";"29058";"2";"1";"1";"5";"Route de Quimper";"47,89371900";" -4,01591100"
"202400042634";"26";"09";"2024";"23:20";"5";"75";"75115";"2";"3";"1";"1";"RUE LINOIS";"48,84852500";"2,28286600"
"202400042635";"7";"12";"2024";"01:15";"3";"27";"27196";"1";"6";"2";"3";"D77";"49,29734400";"1,17521700"
"202400042636";"31";"10";"2024";"21:50";"5";"94";"94033";"1";"1";"1";"4";"A86";"48,86117883";"2,48388326"
"202400042637";"25";"09";"2024";"21:35";"5";"75";"75114";"2";"3";"2";"6";"AVENUE RENE COTY";"48,83340000";"2,33269400"
"202400042638";"1";"11";"2024";"16:10";"1";"988";"98818";"2";"1";"1";"6";"Allée du cimetière du 5èm KM";" -22,24274000";"166,46740000"
"202400042639";"27";"09";"2024";"16:45";"1";"75";"75113";"2";"1";"2";"7";"AVENUE DE LA PORTE D ITALIE";"48,81699000";"2,36009700"
"202400042640";"7";"12";"2024";"02:12";"5";"60";"60409";"2";"1";"2";"6";"26 Rue de l'Avenir";"49,29242700";"2,46387600"
"202400042641";"26";"09";"2024";"10:30";"1";"75";"75112";"2";"2";"1";"6";"RUE DE COTTE";"48,84939600";"2,37763000"
"202400042642";"9";"12";"2024";"17:47";"5";"59";"59092";"2";"1";"2";"6";"191 Rue Léon Piérard";"50,28461100";"3,31659400"
"202400042643";"1";"11";"2024";"08:45";"1";"974";"97411";"2";"3";"1";"3";"MONDON (RUE MONSEIGNEUR)";" -20,89454000";"55,46016000"
"202400042644";"25";"09";"2024";"13:00";"1";"75";"75112";"2";"1";"2";"3";"AVENUE DAUMESNIL";"48,84554100";"2,37895900"
"202400042645";"1";"11";"2024";"00:30";"5";"69";"69387";"2";"1";"1";"2";"Rue Jean Bouin";"45,72551000";"4,83508000"
"202400042646";"8";"12";"2024";"17:45";"2";"59";"59250";"1";"1";"2";"2";"route nationale 41";"50,57923100";"2,87466300"
"202400042647";"27";"09";"2024";"09:07";"1";"75";"75107";"2";"2";"1";"3";"BOULEVARD SAINT GERMAIN";"48,85605300";"2,32597700"
"202400042648";"1";"11";"2024";"13:23";"1";"972";"97213";"1";"1";"1";"3";"ROUTE DEPARTEMENTALE 3";"14,62952000";" -60,98933000"
"202400042649";"7";"12";"2024";"20:00";"3";"13";"13005";"1";"1";"1";"2";"A50-Sens Marseille vers Aubagne";"43,28848507";"5,54834252"
"202400042650";"27";"09";"2024";"18:40";"1";"75";"75101";"2";"4";"8";"3";"RUE DU LOUVRE";"48,86303800";"2,34185000"
"202400042651";"1";"11";"2024";"00:05";"5";"69";"69382";"2";"1";"1";"6";"30 Cours de Verdun Perrache";"45,74873000";"4,82826000"
"202400042652";"7";"12";"2024";"15:00";"1";"13";"13081";"1";"1";"2";"6";"A7-SENS MARSEILLE VERS LYON";"43,48881066";"5,24058515"
"202400042653";"1";"11";"2024";"06:30";"1";"971";"97120";"2";"2";"1";"6";"Amitié des peuples";"16,24295000";" -61,53971000"
"202400042654";"27";"09";"2024";"10:00";"1";"94";"94068";"2";"1";"1";"3";"Rue de la Varenne";"48,80857982";"2,47277033"
"202400042655";"6";"12";"2024";"15:33";"1";"13";"13210";"1";"1";"1";"2";"A507 sens Marseille - Aubagne";"43,33007406";"5,39065029"
"202400042656";"1";"11";"2024";"07:40";"1";"971";"97113";"1";"1";"1";"6";"RN4-ROND POINT SAINT FELIX";"16,20778000";" -61,45896000"
"202400042657";"27";"09";"2024";"10:30";"1";"94";"94042";"2";"5";"1";"3";"Pont de Joinville";"48,82020000";"2,46758000"
"202400042658";"8";"12";"2024";"04:10";"3";"83";"83129";"1";"1";"1";"5";"A50";"43,12082000";"5,83810000"
"202400042659";"27";"09";"2024";"16:00";"1";"94";"94021";"2";"2";"2";"6";"Rue de Fresnes";"48,76731000";"2,33439900"
"202400042660";"31";"10";"2024";"21:20";"5";"971";"97101";"2";"3";"1";"5";"BOISRIPEAUX";"16,27558000";" -61,50722000"
"202400042661";"8";"12";"2024";"02:20";"3";"69";"69204";"1";"1";"2";"5";"Autoroute 450";"45,68996068";"4,81591014"
"202400042662";"1";"11";"2024";"15:52";"1";"95";"95585";"2";"9";"1";"6";"D316";"48,97639926";"2,36700427"
"202400042663";"7";"12";"2024";"14:30";"1";"57";"57480";"1";"1";"8";"2";"Autoroute A31";"49,10133000";"6,13252000"
"202400042664";"1";"11";"2024";"16:00";"1";"95";"95018";"1";"1";"1";"2";"D311";"48,93228435";"2,23811609"
"202400042665";"8";"12";"2024";"21:30";"3";"91";"91363";"1";"1";"1";"6";"RN 118";"48,66906000";"2,19450000"
"202400042666";"1";"11";"2024";"15:10";"1";"91";"91097";"2";"1";"1";"3";"AV DU GAL CHARLES DE GAULLE";"48,68000000";"2,53000000"
"202400042667";"8";"12";"2024";"12:30";"1";"91";"91086";"1";"1";"3";"2";"RN 104";"48,62475860";"2,39478350"
"202400042668";"8";"12";"2024";"07:02";"3";"91";"91521";"1";"1";"2";"6";"RN 104";"48,63257900";"2,40623500"
"202400042669";"1";"11";"2024";"03:38";"4";"84";"84007";"2";"3";"1";"3";"LYON (ROUTE DE )";"43,95448000";"4,83642000"
"202400042670";"18";"09";"2024";"17:57";"1";"73";"73307";"1";"1";"1";"1";"D215A Route du Mont-Thabor";"45,18358204";"6,47574037"
"202400042671";"1";"11";"2024";"19:15";"2";"80";"80021";"1";"1";"1";"3";"Place du Maréchal Joffre";"49,88779000";"2,30291000"
"202400042672";"23";"08";"2024";"12:15";"1";"73";"73256";"1";"1";"1";"4";"D902 Route du Télégraphe";"45,19879140";"6,46272379"
"202400042673";"1";"11";"2024";"06:45";"3";"79";"79191";"1";"1";"5";"1";"N/A";"46,35206000";" -0,52167000"
"202400042674";"22";"08";"2024";"17:18";"1";"73";"73290";"1";"3";"1";"3";"D1006";"45,28481016";"6,86441900"
"202400042675";"1";"11";"2024";"11:55";"1";"77";"77284";"2";"1";"1";"6";"VICTOIRE (AV.DE LA)";"48,95674000";"2,90704000"
"202400042676";"6";"04";"2024";"02:22";"5";"07";"07010";"2";"1";"1";"6";"Place Gaston Nicod";"45,23706558";"4,67054933"
"202400042677";"1";"11";"2024";"21:08";"5";"72";"72181";"2";"2";"5";"3";"GENESLAY FELIX (AV) N° IMP 1 A 151";"47,97782000";"0,20804000"
"202400042678";"23";"09";"2024";"11:00";"1";"43";"43046";"2";"1";"7";"6";"Avenue Pierre de Coubertin";"45,06443000";"3,90189000"