"Num_Acc";"jour";"mois";"an";"hrmn";"lum";"dep";"com";"agg";"int";"atm";"col";"adr";"lat";"long"
"202400042814";"12";"01";"2024";"17:30";"2";100;100042";"1";"9";"1";"6";"rte des marines de borgo";"42,57360200";"9,51773300"
"202400042815";"9";"01";"2024";"09:45";"1";"66";"66008";"2";"3";"7";"6";"N/A";"42,54580200";"3,02232400"
"202400042816";"11";"01";"2024";"15:50";"1";"06";"06158";"1";"1";"1";"6";"D6202";"43,93593500";"7,07585500"
"202400042817";"11";"01";"2024";"17:25";"2";"52";"52106";"1";"1";"1";"5";"N19";"47,92461100";"5,29122600"
"202400042818";"12";"01";"2024";"06:35";"3";"68";"68255";"1";"1";"9";"2";"RD83";"47,98029200";"7,29411700"
"202400042819";"11";"01";"2024";"19:50";"3";"33";"33198";"1";"1";"1";"6";"N/A";"45,04287600";" -0,17808300"
"202400042820";"12";"01";"2024";"20:30";"3";"35";"35054";"1";"1";"9";"6";"Lieu Dit Morihan";"47,94288300";" -1,62700700"
"202400042821";"12";"01";"2024";"13:50";"1";"35";"35212";"1";"2";"8";"3";"La Potine";"47,87496900";" -1,64743400"
"202400042822";"12";"01";"2024";"10:00";"1";"27";"27408";"1";"1";"1";"6";"D117";"49,16164200";"1,50592100"
"202400042823";"11";"01";"2024";"18:15";"3";"83";"83069";"1";"1";"1";"4";"RN98";"43,11323181";"6,12259340"
"202400042824";"11";"01";"2024";"06:20";"3";"69";"69285";"1";"1";"5";"4";"Route Départementale 302 ";"45,76654341";"5,06647285"
"202400042825";"10";"01";"2024";"01:10";"3";"54";"54091";"1";"1";"1";"2";"Autoroute A 31";"48,94617123";"6,11172438"
"202400042826";"7";"01";"2024";"12:05";"1";"67";"67049";"1";"1";"1";"2";"M35";"48,52345000";"7,62015000"
"202400042827";"11";"01";"2024";"02:45";"3";"93";"93006";"2";"1";"1";"2";"A3";"48,86679280";"2,42555663"
"202400042828";"11";"01";"2024";"16:30";"2";"94";"94069";"1";"1";"1";"2";"A4";"48,81725883";"2,43097186"
"202400042829";"10";"01";"2024";"19:45";"5";"974";"97416";"2";"1";"1";"6";"BOISSY(CHEMIN)";" -21,34084000";"55,50875000"
"202400042830";"10";"01";"2024";"14:00";"1";"974";"97411";"2";"1";"1";"6";"TOURETTE (RUE)";" -20,88766000";"55,44656000"
"202400042831";"10";"01";"2024";"17:33";"1";"973";"97302";"2";"3";"1";"3";"SOURCE DE BADUEL (CHEMIN DE LA)";"4,92545000";" -52,30846000"
"202400042832";"10";"01";"2024";"08:15";"1";"973";"97302";"2";"1";"2";"3";"MADELEINE (ROUTE DE LA)";"4,92452000";" -52,32431000"
"202400042833";"10";"01";"2024";"18:05";"5";"69";"69383";"2";"2";"2";"3";"Rue Maurice Flandin";"45,75908000";"4,86296000"
"202400042834";"10";"01";"2024";"00:53";"5";"972";"97209";"1";"1";"1";"6";"BALATA (ROUTE DE)";"14,63572000";" -61,07208000"
"202400042835";"10";"01";"2024";"23:50";"5";"69";"69034";"2";"1";"2";"6";"159 Rue Pasteur";"45,79770708";"4,85095107"
"202400042836";"9";"01";"2024";"16:50";"1";"91";"91433";"1";"1";"4";"1";"RD 207";"48,45903000";"2,16764000"
"202400042837";"10";"01";"2024";"08:57";"1";"87";"87085";"2";"1";"8";"3";"LEGENDRE (RUE CHARLES)";"45,81444616";"1,24452710"
"202400042838";"10";"01";"2024";"09:00";"1";"84";"84087";"2";"2";"1";"1";"DALADIER (BD EDOUARD)";"44,13369000";"4,81256000"
"202400042839";"7";"01";"2024";"20:45";"5";"80";"80489";"2";"1";"1";"7";"Avenue Henri Barbusse";"49,87113000";"2,35587000"
"202400042840";"10";"01";"2024";"20:35";"5";"78";"78401";"2";"1";"1";"1";"RHIN ET DANUBE (PONT)";"49,00375000";"1,90688000"
"202400042841";"10";"01";"2024";"14:00";"1";"77";"77243";"2";"3";"1";"3";"SAINT DENIS  (RUE   )";"48,87926000";"2,71047000"
"202400042842";"10";"01";"2024";"05:35";"5";"76";"76351";"2";"1";"1";"7";"BELLOT";"49,48485000";"0,12671000"
"202400042843";"3";"04";"2024";"16:20";"1";"06";"06088";"2";"1";"1";"6";"Avenue Henri Matisse";"43,67723500";"7,20688300"
"202400042844";"10";"01";"2024";"08:15";"2";"69";"69029";"2";"3";"8";"6";"Avenue Pierre Brossolette";"45,74596292";"4,91829924"
"202400042845";"3";"04";"2024";"14:15";"1";"06";"06069";"2";"1";"1";"6";"30 Boulevard Alice de Rothschild";"43,66747900";"6,93443600"
"202400042846";"9";"01";"2024";"12:55";"1";"67";"67447";"2";"1";"1";"4";"EUROPE (AVENUE DE L )";"48,61322000";"7,71629000"
"202400042847";"3";"04";"2024";"09:54";"1";"06";"06027";"2";"1";"1";"3";"Promenade de la Plage";"43,65765500";"7,16656800"
"202400042848";"8";"01";"2024";"21:40";"5";"67";"67043";"2";"1";"1";"6";"CHARLES DE GAULLE (AVENUE)";"48,61420000";"7,72922000"
"202400042849";"3";"04";"2024";"13:00";"1";"75";"75116";"2";"1";"1";"3";"BD PERIPHERIQUE EXTERIEUR";"48,86117100";"2,26389100"
"202400042850";"10";"01";"2024";"13:20";"1";"67";"67180";"2";"1";"1";"6";"STRASBOURG (ROUTE DE)";"48,80096000";"7,76665000"
"202400042851";"10";"01";"2024";"16:40";"2";"66";"66136";"2";"9";"2";"5";"Avenue du LANGUEDOC";"42,73484000";"2,89024000"
"202400042852";"3";"04";"2024";"14:00";"1";"75";"75118";"2";"1";"1";"3";"Avenue de la Porte de Clignancourt";"48,90002200";"2,34414300"
"202400042853";"2";"04";"2024";"10:16";"1";"75";"75116";"2";"2";"1";"6";"BOULEVARD EXELMANS";"48,84312000";"2,26018100"
"202400042854";"10";"01";"2024";"12:25";"1";"66";"66136";"2";"2";"1";"3";"Rue Pierre-jean de BERANGER";"42,69543000";"2,88223000"
"202400042855";"3";"04";"2024";"21:20";"5";"75";"75113";"2";"1";"1";"3";"RUE DU JURA";"48,83753600";"2,35603800"
"202400042856";"10";"01";"2024";"13:40";"1";"64";"64348";"2";"2";"8";"3";"BLERIOT";"43,33690000";" -0,39243000"
"202400042857";"10";"01";"2024";"20:10";"3";"63";"63164";"1";"1";"4";"7";"L EUROPE (BD DE)";"45,83682000";"3,13798000"
"202400042858";"9";"01";"2024";"00:40";"3";"60";"60159";"1";"8";"1";"6";"Route Nationale 31";"49,41977000";"2,90677000"
"202400042859";"3";"04";"2024";"11:00";"1";"75";"75113";"2";"3";"2";"6";"BOULEVARD VINCENT AURIOL";"48,83136400";"2,35818400"
"202400042860";"10";"01";"2024";"13:30";"1";"59";"59426";"2";"9";"8";"1";"SCHUMAN (RUE ROBERT)";"50,74495600";"3,15350700"
"202400042861";"3";"04";"2024";"08:15";"2";"75";"75112";"2";"3";"2";"6";"RUE DE WATTIGNIES";"48,83464300";"2,40075700"
"202400042862";"10";"01";"2024";"16:25";"1";"59";"59350";"2";"1";"1";"3";"Rue des Postes";"50,62212000";"3,05331000"
"202400042863";"2";"04";"2024";"23:17";"5";"75";"75112";"2";"1";"2";"6";"RUE DE BERCY";"48,84504700";"2,37163600"
"202400042864";"10";"01";"2024";"12:30";"1";"59";"59360";"2";"1";"1";"6";"Rue du Général Leclerc";"50,61046200";"3,02021800"
"202400042865";"3";"04";"2024";"08:45";"1";"75";"75111";"2";"7";"2";"3";"PLACE DE LA REPUBLIQUE";"48,86659400";"2,36535500"
"202400042866";"9";"01";"2024";"19:00";"5";"54";"54395";"2";"1";"4";"6";"Rue de Saurupt";"48,68102513";"6,18449807"
"202400042867";"3";"04";"2024";"20:40";"5";"75";"75110";"2";"1";"1";"3";"RUE DU FAUBOURG SAINT MARTIN";"48,88306700";"2,36763600"
"202400042868";"10";"01";"2024";"18:30";"5";"51";"51454";"2";"1";"1";"6";"BEZANNES (ROUTE)";"49,23149800";"3,99742700"
"202400042869";"10";"01";"2024";"21:30";"5";"49";"49099";"2";"2";"1";"3";"JUIN (BOULEVARD DU MARECHAL)";"47,04417000";" -0,88551000"
"202400042870";"3";"04";"2024";"10:45";"1";"75";"75108";"2";"2";"1";"3";"PLACE DE LA CONCORDE";"48,86970000";"2,32046500"
"202400042871";"10";"05";"2024";"18:40";"1";"972";"97213";"1";"1";"1";"1";"ROUTE DEPARTEMENTALE 14";"14,62274000";" -61,01900000"
"202400042872";"10";"01";"2024";"07:40";"5";"45";"45147";"2";"3";"1";"1";"4 Place Jean Zay";"47,93438000";"1,90388000"
"202400042873";"3";"04";"2024";"15:30";"1";"75";"75107";"2";"2";"1";"3";"RUE DU BAC";"48,85770800";"2,32796400"
"202400042874";"8";"01";"2024";"07:30";"5";"36";"36044";"2";"1";"9";"6";"N/A";"46,80872268";"1,67953894"
"202400042875";"10";"05";"2024";"22:00";"5";"95";"95019";"2";"1";"1";"6";"D84";"48,98125593";"2,42735767"
"202400042876";"3";"04";"2024";"08:25";"1";"75";"75104";"2";"2";"2";"3";"BOULEVARD MORLAND";"48,84751200";"2,36553400"
"202400042877";"10";"01";"2024";"00:01";"3";"34";"34336";"1";"1";"1";"6";"RD.64 (ROUTE DE VALRAS)";"43,31884000";"3,29290000"
"202400042878";"10";"05";"2024";"10:30";"1";"95";"95252";"2";"1";"1";"6";"CHEMIN NEUF (RUE DU)";"48,97958000";"2,23379000"
"202400042879";"3";"04";"2024";"00:05";"5";"94";"94058";"2";"2";"2";"1";"Avenue du 11 Novembre / Rue de la Paix";"48,84682000";"2,49684000"
"202400042880";"10";"01";"2024";"08:05";"1";"33";"33069";"2";"2";"4";"3";"N/A";"44,85699600";" -0,59105000"
"202400042881";"8";"05";"2024";"04:15";"3";"95";"95510";"1";"1";"1";"6";"N14";"49,05989020";"2,01405859"
"202400042882";"9";"01";"2024";"07:25";"5";"29";"29019";"2";"1";"1";"6";"boulevard Montaigne";"48,40314300";" -4,48117100"
"202400042883";"10";"01";"2024";"19:50";"5";"27";"27562";"2";"9";"1";"6";"CHAUMES (RUE DES)";"49,10136000";"1,45561000"
"202400042884";"1";"04";"2024";"16:25";"1";"94";"94042";"2";"3";"1";"2";"Avenue du Président Wilson / Avenue des Platanes";"48,81692700";"2,47750100"
"202400042885";"10";"05";"2024";"16:00";"1";"91";"91377";"2";"6";"1";"6";"CARNOT (AVENUE)";"48,72594400";"2,26317300"
"202400042886";"10";"01";"2024";"12:40";"1";"27";"27229";"1";"1";"1";"6";"SEMARD (RUE PIERRE)";"49,01599000";"1,16865000"
"202400042887";"3";"04";"2024";"06:15";"3";"94";"94028";"2";"1";"3";"1";"Rue de Paris";"48,79457296";"2,46000677"
"202400042888";"10";"05";"2024";"16:15";"1";"91";"91521";"2";"7";"1";"1";"MAI 1945 ( RUE DU 08)";"48,65551000";"2,41065000"
"202400042889";"9";"01";"2024";"20:20";"5";"26";"26058";"2";"6";"2";"3";"Rue de l'Ile Adam";"44,94857000";"4,89279000"
"202400042890";"3";"04";"2024";"07:03";"2";"94";"94019";"2";"3";"2";"1";"Rue Aristide Briand / Avenue du Maréchal Leclerc";"48,79621000";"2,53355000"
"202400042891";"10";"01";"2024";"17:13";"1";"26";"26198";"2";"3";"2";"3";"Avenue d'Espoulette";"44,55358770";"4,76130724"
"202400042892";"9";"05";"2024";"02:00";"5";"85";"85194";"2";"6";"1";"3";"45 Avenue charles de gaulle";"46,50629000";" -1,77109000"
"202400042893";"3";"04";"2024";"16:50";"1";"93";"93007";"2";"9";"1";"6";"Avenue Descartes";"48,95052740";"2,44145465"
"202400042894";"10";"05";"2024";"20:30";"1";"84";"84035";"1";"9";"1";"3";"NALIN (ALLEE GUY)";"43,81229000";"5,04340000"
"202400042895";"10";"01";"2024";"18:30";"5";"13";"13214";"2";"1";"1";"2";"AYGALADES (AVENUE DES)";"43,34098000";"5,36533000"
"202400042896";"3";"04";"2024";"20:20";"2";"92";"92077";"2";"1";"1";"3";"VERSAILLES (RUE DE)";"48,82552036";"2,18747771"
"202400042897";"10";"01";"2024";"07:45";"2";"13";"13210";"2";"1";"2";"1";"TOULON (AVENUE DE)";"43,28481508";"5,39133558"
"202400042898";"10";"05";"2024";"17:55";"1";"30";"30351";"2";"3";"1";"3";"ROUVIERE (RUE VINCENT)";"43,97825000";"4,78772000"
"202400042899";"9";"05";"2024";"10:35";"1";"83";"83118";"2";"1";"1";"7";"ROUTE DES GOLFS";"43,45163000";"6,83267000"
"202400042900";"10";"01";"2024";"08:00";"2";"13";"13214";"2";"4";"2";"1";"ANATOLE DE LA FORGE (BOULEVARD)";"43,34247000";"5,37094000"
"202400042901";"3";"04";"2024";"17:05";"1";"92";"92050";"2";"9";"1";"3";"CLEMENCEAU GEORGES AVENUE N°IMPAIR";"48,88624351";"2,21217057"
"202400042902";"10";"05";"2024";"11:40";"1";"80";"80021";"2";"1";"1";"1";"Boulevard Garibaldi";"49,89425300";"2,28623600"
"202400042903";"10";"05";"2024";"15:50";"1";"78";"78208";"2";"1";"1";"2";"MONTFORT (ROUTE DE)";"48,78401000";"1,95786000"
"202400042904";"2";"04";"2024";"08:30";"1";"92";"92050";"2";"7";"1";"3";"GARCHES RUE DE";"48,87865913";"2,20910203"
"202400042905";"10";"01";"2024";"12:15";"1";"13";"13001";"1";"1";"8";"5";"RN 296";"43,53914806";"5,43261743"
"202400042906";"10";"05";"2024";"03:35";"5";"76";"76351";"2";"1";"1";"6";"LAFAYETTE ( COURS)";"49,49203000";"0,12436000"
"202400042907";"8";"05";"2024";"18:40";"1";"76";"76552";"2";"3";"1";"6";"VACQUERIE";"49,50520000";"0,08541000"
"202400042908";"3";"04";"2024";"18:40";"1";"92";"92036";"2";"1";"1";"2";"BAS (RUE DES) (78   +)";"48,92074844";"2,28824794"
"202400042909";"6";"01";"2024";"15:40";"1";"12";"12145";"2";"3";"1";"3";"CAPUCINS (PLAN DES)";"44,09956000";"3,07249000"
"202400042910";"10";"05";"2024";"17:35";"1";"67";"67218";"2";"1";"1";"6";"FRANÇOIS MITTERRAND (ALLEE)";"48,52854000";"7,70760000"
"202400042911";"2";"04";"2024";"19:15";"5";"92";"92035";"2";"1";"8";"6";"République ( boulevard de la )";"48,90651575";"2,24733210"
"202400042912";"10";"01";"2024";"13:14";"1";"06";"06088";"2";"2";"1";"6";"TURIN (RTE DE)";"43,72324000";"7,29020000"
"202400042913";"10";"05";"2024";"06:45";"2";"67";"67482";"2";"3";"1";"1";"OBERHAUSBERGEN (ROUTE D )";"48,59699000";"7,70533000"
"202400042914";"3";"04";"2024";"20:12";"1";"92";"92025";"2";"1";"1";"3";"SAZIERES (RUE DES)";"48,92661001";"2,26906139"
"202400042915";"4";"01";"2024";"16:40";"2";"06";"06069";"2";"1";"1";"3";"Av Mal de Lattre de Tassigny";"43,64783800";"6,92770600"
"202400042916";"10";"05";"2024";"07:50";"1";"66";"66136";"2";"1";"1";"6";"Avenue du Languedoc";"42,73198000";"2,88955000"
"202400042917";"3";"04";"2024";"19:15";"1";"92";"92012";"2";"1";"1";"3";"ALPHONSE LE GALLO (QUAI) 1/34";"48,83283884";"2,22732085"
"202400042918";"8";"05";"2024";"18:30";"1";"65";"65226";"1";"1";"1";"3";"AVENUE DU POUEY";"43,23993000";"0,02365000"
"202400042919";"10";"01";"2024";"07:05";"5";"03";"03185";"2";"9";"8";"6";"parking centre hospitalier";"46,34356000";"2,61075000"
"202400042920";"10";"05";"2024";"16:00";"1";"64";"64122";"2";"1";"1";"3";"DASSAULT MARCEL (BD)";"43,46611400";" -1,54161900"
"202400042921";"3";"04";"2024";"14:10";"1";"92";"92012";"2";"6";"1";"2";"ANCIENS COMBATTANT (ROND - POINT DES)";"48,84799734";"2,24175239"
"202400042922";"10";"01";"2024";"15:20";"1";"75";"75118";"2";"3";"1";"3";"BOULEVARD ORNANO";"48,89374600";"2,34782900"
"202400042923";"10";"05";"2024";"22:40";"5";"63";"63113";"2";"1";"1";"6";"HERMITAGE (RUE DE L')";"45,76467000";"3,12704000"
"202400042924";"10";"01";"2024";"11:20";"1";"75";"75117";"2";"2";"1";"6";"RUE DE ROME";"48,88403900";"2,31854300"
"202400042925";"3";"04";"2024";"14:40";"1";"92";"92004";"2";"1";"2";"4";"LAURENT-CELY  ( AVENUE )";"48,91698386";"2,30859053"
"202400042926";"10";"05";"2024";"16:15";"1";"59";"59350";"2";"1";"1";"3";"Avenue Emile Zola";"50,64951000";"3,08579000"
"202400042927";"9";"01";"2024";"17:30";"5";"75";"75116";"2";"3";"8";"6";"AVENUE HENRI MARTIN";"48,86409900";"2,27290700"
"202400042928";"9";"05";"2024";"17:30";"1";"59";"59178";"2";"1";"1";"3";"RHIN ET DANUBE (RUE)";"50,38937000";"3,07988000"
"202400042929";"2";"04";"2024";"21:20";"5";"92";"92004";"2";"9";"8";"3";"PIERRE BROSSOLETTE";"48,91110730";"2,29286212"
"202400042930";"10";"01";"2024";"19:10";"5";"75";"75115";"2";"3";"1";"3";"AVENUE DE LA PORTE DE LA PLAINE";"48,82919500";"2,29238300"
"202400042931";"4";"04";"2024";"07:20";"2";"26";"26092";"1";"1";"1";"6";"Chemin du Mulet";"45,10504200";"4,93563500"
"202400042932";"10";"01";"2024";"08:15";"1";"75";"75115";"2";"3";"8";"6";"RUE CORBON";"48,83675900";"2,30330000"
"202400042933";"6";"05";"2024";"19:07";"1";"58";"58194";"2";"3";"1";"2";"ESTUTT DE TRACY";"46,98489000";"3,12838000"
"202400042934";"8";"01";"2024";"15:50";"1";"75";"75114";"2";"4";"1";"6";"AVENUE REILLE";"48,82462700";"2,33991100"
"202400042935";"3";"04";"2024";"13:50";"1";"40";"40304";"2";"1";"1";"1";"837 Avenue du Golf";"43,65721100";" -1,42035800"
"202400042936";"9";"05";"2024";"21:40";"2";"56";"56083";"2";"1";"1";"6";"KERIHOUAIS (CITE)";"47,80101000";" -3,27154000"
"202400042937";"10";"01";"2024";"07:45";"5";"75";"75110";"2";"2";"1";"3";"BOULEVARD SAINT DENIS";"48,86932600";"2,35423500"
"202400042938";"30";"03";"2024";"02:30";"4";"31";"31454";"2";"6";"1";"6";"Avenue de Toulouse";"43,41299800";"1,12583600"
"202400042939";"9";"01";"2024";"15:45";"1";"75";"75104";"2";"2";"8";"6";"RUE DES ARCHIVES";"48,86008300";"2,35691900"
"202400042940";"8";"05";"2024";"18:32";"1";"56";"56121";"2";"1";"1";"1";"BOLLARDIERE (RUE  GENERAL DE )";"47,75784000";" -3,39032000"
"202400042941";"4";"04";"2024";"13:00";"1";"28";"28327";"1";"1";"2";"3";"A11 pk118+150";"48,19158300";"0,81509100"
"202400042942";"7";"05";"2024";"16:30";"1";"54";"54528";"2";"3";"1";"3";"Boulevard de Pinteville";"48,67056000";"5,88931500"
"202400042943";"4";"04";"2024";"12:02";"1";"88";"88218";"2";"1";"3";"1";"13 Rue P Ancel Seitz";"48,14528600";"6,79040900"
"202400042944";"7";"05";"2024";"17:10";"1";"49";"49328";"2";"1";"1";"6";"Rue  Bouju";"47,27397000";" -0,07722000"
"202400042945";"31";"03";"2024";"07:00";"1";"29";"29086";"1";"1";"1";"6";"N165";"48,34358589";" -4,23096046"
"202400042946";"9";"01";"2024";"11:17";"1";"94";"94058";"2";"1";"1";"2";"Rue Charles Ollier";"48,84183697";"2,49559478"
"202400042947";"9";"05";"2024";"11:20";"1";"49";"49015";"1";"2";"1";"3";"N/A";"47,49976000";" -0,62118000"
"202400042948";"2";"04";"2024";"13:15";"1";"62";"62094";"1";"1";"1";"5";"D901";"50,45708476";"1,76752554"
"202400042949";"11";"05";"2024";"00:10";"3";"44";"44184";"1";"1";"1";"3";"N/A";"47,28595000";" -2,25365000"
"202400042950";"3";"04";"2024";"21:20";"5";"31";"31203";"2";"1";"1";"6";"11 Avenue Francois Mitterrand";"43,52208100";"1,32867200"
"202400042951";"9";"01";"2024";"21:00";"5";"94";"94028";"2";"3";"1";"3";"Av du General Pierre Billotte / Rue Roland Oudot";"48,77579000";"2,45542000"
"202400042952";"10";"05";"2024";"07:40";"1";"43";"43046";"2";"1";"1";"7";"22 Avenue des Champs Élysées";"45,05251163";"3,89751390"
"202400042953";"9";"05";"2024";"23:10";"5";"43";"43089";"2";"1";"1";"6";"43 Avenue de la Mairie";"45,04534224";"3,86896208"
"202400042954";"10";"01";"2024";"10:50";"1";"94";"94054";"2";"3";"1";"6";"Rue du Noyer Grenot / Villa Rose Andrée";"48,74770000";"2,40100000"
"202400042955";"4";"04";"2024";"09:00";"1";"51";"51507";"1";"1";"3";"7";"D3";"49,10155700";"4,98120500"
"202400042956";"9";"05";"2024";"21:40";"5";"38";"38421";"2";"1";"1";"6";"AVENUE JEAN JAURÈS";"45,18045000";"5,76685000"
"202400042957";"9";"01";"2024";"11:30";"1";"94";"94002";"2";"3";"1";"6";"Rue Paul Vaillant Couturier / Rue Traversière";"48,80608128";"2,41861832"
"202400042958";"3";"04";"2024";"17:30";"1";"67";"67025";"2";"1";"2";"1";"21 Route du Rhin";"48,85727500";"8,08658100"
"202400042959";"10";"05";"2024";"12:30";"1";"34";"34301";"2";"1";"1";"3";"BLANC CAMILLE (BOULEVARD)";"43,40589000";"3,66414000"
"202400042960";"10";"01";"2024";"18:00";"5";"93";"93066";"2";"8";"1";"6";"Place de la Porte de Paris";"48,92983041";"2,35666072"
"202400042961";"4";"04";"2024";"17:58";"1";"79";"79061";"1";"3";"1";"3";"d948";"46,25249300";" -0,19782000"
"202400042962";"5";"01";"2024";"10:20";"1";"93";"93055";"2";"1";"1";"2";"Avenue Jean Lolive";"48,89388600";"2,41657200"
"202400042963";"4";"04";"2024";"21:56";"1";"32";"32290";"1";"1";"1";"7";"D15 PK 12+680";"43,95065200";"0,22071900"
"202400042964";"10";"01";"2024";"10:15";"1";"93";"93057";"2";"2";"1";"1";"Avenue Jean Jaurès / Avenue Franklin";"48,90285600";"2,50831600"
"202400042965";"4";"04";"2024";"00:30";"3";"89";"89076";"1";"1";"1";"6";"route departementale 905";"48,05112000";"3,64366300"
"202400042966";"9";"01";"2024";"22:00";"5";"92";"92075";"2";"1";"1";"3";"JEAN BLEUZEN";"48,82421221";"2,29845464"
"202400042967";"4";"05";"2024";"05:25";"5";"30";"30189";"2";"4";"1";"2";"SAINT GILLES (RUE)";"43,82960000";"4,35930000"
"202400042968";"2";"04";"2024";"21:56";"3";"47";"47142";"2";"1";"2";"6";"route de lauzun";"44,63853314";"0,48538859"
"202400042969";"10";"01";"2024";"14:45";"1";"92";"92062";"2";"1";"1";"3";"GENERAL DE GAULLE (AV) DU 44 AU 106";"48,88808796";"2,23423862"
"202400042970";"9";"05";"2024";"17:30";"1";"29";"29019";"2";"2";"1";"3";"rue Marcellin Duval";"48,41291000";" -4,48650100"
"202400042971";"3";"04";"2024";"15:00";"1";"66";"66020";"2";"4";"1";"7";"Avenue du Grand Termanal";"42,52109500";"2,06209300"
"202400042972";"10";"01";"2024";"20:47";"5";"92";"92050";"2";"9";"1";"3";"LENINE VLADIMIR ILITCH AVENUE";"48,88748291";"2,19817489"
"202400042973";"10";"05";"2024";"15:30";"1";"27";"27229";"2";"3";"1";"3";"MOULIN (RUE JEAN)";"49,00974000";"1,15189000"
"202400042974";"10";"05";"2024";"11:00";"1";"21";"21054";"1";"6";"1";"2";"BOISSEAUX (AVENUE ANDRE)";"47,00551149";"4,82664407"
"202400042975";"10";"05";"2024";"21:00";"2";"13";"13212";"2";"1";"1";"5";"POILUS (AVENUE DES)";"43,31733000";"5,46170000"
"202400042976";"9";"01";"2024";"07:15";"2";"92";"92050";"2";"7";"1";"3";"BOULE PLACE DE LA";"48,88695968";"2,20066868"
"202400042977";"3";"04";"2024";"18:30";"1";"50";"50402";"1";"2";"1";"7";"RD23";"49,51720600";" -1,80214400"
"202400042978";"10";"05";"2024";"20:00";"1";"13";"13215";"2";"1";"1";"3";"MADRAGUE VILLE (chemin de la)";"43,33963593";"5,35502404"
"202400042979";"10";"05";"2024";"12:35";"1";"13";"13213";"2";"1";"1";"3";"JEAN PAUL SARTRE (AVENUE)";"43,31533000";"5,40855000"
"202400042980";"8";"01";"2024";"09:30";"1";"92";"92050";"2";"1";"8";"6";"JOLIOT CURIE F. ET IRENE AVENUE  N°PAIRS";"48,89261000";"2,21003000"
"202400042981";"3";"04";"2024";"17:30";"1";"43";"43137";"1";"1";"1";"2";"Les Bruyères de Gournier";"45,29174460";"4,14727888"
"202400042982";"11";"01";"2024";"18:55";"2";"974";"97415";"1";"1";"1";"6";"N1a";" -21,01970800";"55,24297500"
"202400042983";"10";"05";"2024";"03:12";"5";"13";"13202";"2";"1";"1";"2";"LAZARET (QUAI DU)";"43,30689000";"5,36590000"
"202400042984";"3";"04";"2024";"11:05";"1";"21";"21288";"1";"1";"2";"6";"R.D. 06";"47,53676700";"4,68512600"
"202400042985";"11";"01";"2024";"07:30";"2";"21";"21638";"1";"1";"1";"2";"AUTOROUTE A 31 PK 065.600";"47,50073300";"5,19054700"
"202400042986";"10";"05";"2024";"08:13";"1";"06";"06088";"2";"1";"1";"3";"83 Avenue Joseph Raybaud";"43,73051000";"7,28278500"
"202400042987";"6";"05";"2024";"17:50";"1";"06";"06069";"2";"1";"1";"6";"13 Boulevard Carnot";"43,65586500";"6,92223700"
"202400042988";"11";"01";"2024";"06:00";"3";"81";"81115";"2";"1";"4";"6";"183 Boulevard Carnot";"43,47406100";"2,64804700"
"202400042989";"7";"05";"2024";"17:00";"1";"02";"02168";"1";"1";"1";"2";"N/A";"49,05074000";"3,38561000"
"202400042990";"4";"04";"2024";"15:30";"1";"40";"40006";"1";"1";"1";"6";"Route de Villenave (Pont)";"43,98155100";" -0,79910500"
"202400042991";"9";"05";"2024";"00:30";"5";"75";"75119";"2";"1";"1";"6";"RUE MANIN";"48,88516800";"2,39289400"
"202400042992";"11";"01";"2024";"16:35";"1";"974";"97422";"2";"1";"1";"1";"62 Rue Frédéric Badré";" -21,27172400";"55,51909300"
"202400042993";"10";"05";"2024";"13:30";"1";"75";"75119";"2";"3";"1";"3";"RUE DE CRIMEE";"48,89016100";"2,37739700"
"202400042994";"3";"04";"2024";"08:00";"2";"85";"85284";"2";"1";"2";"7";"Rue des tilleuls";"46,79350800";" -1,89877300"
"202400042995";"11";"01";"2024";"10:05";"1";"51";"51085";"2";"1";"8";"6";"D23";"48,97694100";"3,64807000"
"202400042996";"10";"05";"2024";"01:15";"5";"75";"75119";"2";"7";"1";"3";"ECHANGEUR VILLETTE";"48,90010911";"2,38837302"
"202400042997";"10";"05";"2024";"06:20";"1";"75";"75117";"2";"7";"1";"3";"PLACE DE CLICHY";"48,88356000";"2,32683600"
"202400042998";"3";"04";"2024";"09:45";"1";"85";"85128";"2";"1";"2";"7";"6 Chemin de chanté-loup";"46,45721700";" -1,18402900"
"202400042999";"9";"01";"2024";"11:30";"1";"52";"52147";"1";"1";"1";"7";"A31 pk 107+500";"47,85418500";"5,22790400"
"202400043000";"9";"05";"2024";"23:05";"5";"75";"75114";"2";"3";"1";"3";"AVENUE PAUL APPELL";"48,82182300";"2,32672000"
"202400043001";"11";"01";"2024";"17:15";"2";"42";"42307";"1";"1";"8";"1";"Route de Givors";"45,54589100";"4,66632500"
"202400043002";"4";"04";"2024";"17:45";"1";"85";"85197";"1";"2";"1";"3";"Rue du val de loire";"46,93657600";" -1,40672200"
"202400043003";"10";"01";"2024";"14:30";"1";"42";"42210";"1";"1";"4";"7";"Route du Barrage";"45,48283700";"4,63736800"
"202400043004";"10";"05";"2024";"18:30";"1";"75";"75104";"2";"1";"1";"6";"RUE DU TEMPLE";"48,85762500";"2,35269700"
"202400043005";"9";"01";"2024";"20:00";"3";"83";"83026";"1";"1";"2";"6";"D13";"43,44528600";"6,20097200"
"202400043006";"4";"04";"2024";"07:30";"2";"27";"27208";"1";"1";"1";"1";"Route de Paris";"49,14960000";"0,51877900"
"202400043007";"11";"01";"2024";"19:38";"5";"67";"67342";"2";"1";"1";"6";"28 Rue du Nideck";"48,55019400";"7,32944700"
"202400043008";"10";"05";"2024";"12:10";"1";"75";"75104";"2";"3";"1";"6";"RUE DE RIVOLI";"48,85731700";"2,35240400"
"202400043009";"8";"03";"2024";"17:50";"1";"68";"68375";"2";"3";"1";"3";"Rue de Reiningue";"47,79307283";"7,22887516"
"202400043010";"11";"01";"2024";"09:07";"2";"80";"80327";"1";"1";"1";"1";"D928";"50,23916300";"1,94846400"
"202400043011";"10";"01";"2024";"18:38";"3";"44";"44022";"1";"1";"8";"1";"4 l'Eraudiere";"47,05590000";" -1,16904600"
"202400043012";"10";"05";"2024";"10:15";"1";"75";"75101";"2";"3";"1";"6";"RUE CAMBON";"48,86745000";"2,32621800"
"202400043013";"3";"04";"2024";"20:20";"3";"31";"31117";"1";"1";"1";"6";"A68, PK 007.800";"43,66684700";"1,55549900"
"202400043014";"11";"01";"2024";"16:50";"2";"02";"02095";"2";"1";"1";"6";"Rue Victor Hugo";"49,98285100";"3,45809700"
"202400043015";"9";"05";"2024";"17:00";"1";"94";"94068";"2";"2";"1";"6";"Avenue Victor Hugo / Avenue du Bois Guimier";"48,80350000";"2,48038000"
"202400043016";"11";"01";"2024";"15:45";"1";"15";"15243";"1";"1";"1";"7";"D678";"45,24160400";"2,50393300"
"202400043017";"3";"04";"2024";"07:23";"1";"978";"97801";"2";"1";"1";"3";"boulevard de grand case,";"18,09949800";" -63,05498400"
"202400043018";"10";"05";"2024";"22:00";"5";"94";"94004";"2";"1";"1";"6";"Place Charles-louis";"48,74997253";"2,50519060"
"202400043019";"3";"04";"2024";"15:20";"1";"40";"40156";"1";"1";"1";"2";"A63 - PK064.500";"44,29789759";" -0,88618236"
"202400043020";"11";"01";"2024";"13:40";"1";"05";"05164";"1";"1";"1";"5";"RN 94";"44,53569700";"6,38197300"
"202400043021";"4";"04";"2024";"10:00";"1";"13";"13051";"2";"6";"1";"3";"Chemin de Grans";"43,59324400";"5,11848600"
"202400043022";"10";"05";"2024";"18:25";"1";"93";"93071";"2";"1";"1";"6";"Rue Gabriel Péri";"48,93911000";"2,53106000"
"202400043023";"3";"04";"2024";"14:50";"1";"973";"97309";"2";"1";"1";"5";"1741 Route de Montjoly";"4,92336000";" -52,28303700"
"202400043024";"10";"05";"2024";"20:45";"1";"93";"93045";"2";"2";"1";"6";"Rue de Noisy-le-sec / Rue des Bruyères";"48,87514300";"2,41595000"
"202400043025";"11";"01";"2024";"16:10";"1";"83";"83028";"1";"2";"1";"3";"Carrefour des quatre chemins RD 25 - RD 562";"43,57306900";"6,56152000"
"202400043026";"10";"05";"2024";"07:30";"1";"93";"93031";"2";"1";"1";"2";"Rue Félix Merlin";"48,95566000";"2,29868000"
"202400043027";"11";"01";"2024";"08:45";"1";"83";"83082";"1";"1";"2";"3";"Les domigons - RD955";"43,65613600";"6,47822100"
"202400043028";"10";"05";"2024";"16:30";"1";"92";"92026";"2";"1";"1";"2";"MARECHAL JOFFRE (QUAI DU)";"48,89834522";"2,26892763"
"202400043029";"4";"04";"2024";"00:15";"3";"67";"67180";"1";"1";"1";"7";"D1340";"48,79200100";"7,74777800"
"202400043030";"10";"01";"2024";"12:15";"1";"64";"64306";"1";"1";"1";"6";"Chemin de Vergez";"43,35833600";" -0,63575900"
"202400043031";"9";"05";"2024";"20:05";"1";"92";"92025";"2";"1";"1";"3";"PAUL BERT (RUE)";"48,93048541";"2,24522468"
"202400043032";"10";"05";"2024";"14:50";"1";"92";"92007";"2";"1";"1";"7";"BRIAND (AVENUE ARISTIDE) N° 162 A 300";"48,79224200";"2,32025313"
"202400043033";"8";"01";"2024";"15:25";"1";"53";"53185";"2";"1";"1";"6";"zone artisanale du pré vert, 53140";"48,46179200";" -0,19177300"
"202400043034";"9";"05";"2024";"23:29";"5";"92";"92007";"2";"9";"1";"6";"BRIAND (AVENUE ARISTIDE) N° 162 A 300";"48,79469000";"2,32122000"
"202400043035";"28";"03";"2024";"22:58";"3";"76";"76705";"1";"1";"1";"6";"A13";"49,32906200";"1,08780700"
"202400043036";"10";"05";"2024";"16:25";"1";"92";"92004";"2";"1";"1";"3";"NANTERRE ( DE 01 A 45 )";"48,91014667";"2,28583449"
"202400043037";"8";"01";"2024";"06:30";"3";"85";"85277";"1";"1";"1";"7";"Rue des Sources";"46,52755800";" -1,39510900"
"202400043038";"10";"05";"2024";"23:35";"3";"41";"41167";"2";"1";"1";"7";"42 Rue d'Asnières";"47,50300600";"1,19200100"
"202400043039";"4";"04";"2024";"15:00";"1";"60";"60142";"2";"3";"1";"6";"629bis Rue de Paris";"49,12540300";"2,53343800"
"202400043040";"11";"05";"2024";"12:50";"1";"84";"84137";"1";"1";"1";"2";"75 Route d?Avignon";"44,23975000";"5,04823400"
"202400043041";"3";"04";"2024";"16:00";"1";"33";"33118";"2";"1";"2";"1";"N/A";"44,78367800";" -0,46144700"
"202400043042";"10";"01";"2024";"15:10";"1";"27";"27640";"1";"2";"1";"3";"D32";"49,01363600";"0,89467200"
"202400043043";"10";"05";"2024";"06:50";"1";"71";"71270";"1";"1";"1";"2";"A6 pk 381.144";"46,36747500";"4,83456800"
"202400043044";"3";"04";"2024";"09:07";"1";"77";"77270";"1";"2";"2";"3";"Intersection D228 / rue de la bordé";"48,86835300";"2,99479400"
"202400043045";"10";"05";"2024";"09:25";"1";"11";"11203";"2";"1";"1";"6";"N/A";"43,18905600";"2,75461800"
"202400043046";"10";"05";"2024";"17:35";"1";"88";"88181";"2";"1";"1";"1";"Rue Eugène Mathis";"48,18495200";"6,99377400"
"202400043047";"4";"04";"2024";"12:45";"1";"77";"77195";"1";"3";"1";"1";"D57";"48,58562800";"2,76173100"
"202400043048";"11";"05";"2024";"06:00";"2";"12";"12096";"1";"1";"1";"1";"RD 920 - PK 004+300";"44,49970400";"2,73438300"
"202400043049";"10";"01";"2024";"09:40";"1";"37";"37211";"1";"2";"1";"3";"D 50";"47,24560500";"0,75543900"
"202400043050";"11";"05";"2024";"12:30";"1";"65";"65256";"2";"1";"1";"6";"D817";"43,16502900";"0,27171900"
"202400043051";"3";"04";"2024";"20:00";"2";"34";"34154";"1";"2";"1";"3";"D24";"43,61654300";"3,94663500"
"202400043052";"26";"02";"2024";"06:12";"3";"58";"58202";"1";"1";"1";"1";"D985";"47,08672200";"3,70586900"
"202400043053";"10";"05";"2024";"13:40";"1";"30";"30278";"1";"1";"1";"2";"Route de Laudun";"44,07041300";"4,68880200"
"202400043054";"3";"04";"2024";"14:40";"1";"58";"58121";"2";"1";"2";"2";"Avenue de la Paix";"47,03749500";"3,09149300"
"202400043055";"26";"02";"2024";"07:50";"1";"54";"54393";"2";"1";"1";"6";"Route de Fraimbois";"48,48625900";"6,57093600"
"202400043056";"11";"01";"2024";"08:30";"1";"13";"13069";"1";"1";"2";"4";"D572";"43,62853900";"5,14010000"
"202400043057";"10";"05";"2024";"22:15";"5";"83";"83073";"2";"1";"1";"6";"D97";"43,39266100";"6,31631800"
"202400043058";"25";"02";"2024";"18:10";"2";"06";"06073";"1";"1";"4";"6";"M97";"44,20071300";"7,08053800"
"202400043059";"4";"04";"2024";"10:10";"1";"03";"03125";"1";"1";"1";"6";"route de ferr";"45,99884000";"3,64681700"
"202400043060";"4";"01";"2024";"16:00";"1";"78";"78571";"1";"1";"1";"1";"D98";"48,85996900";"2,03078100"
"202400043061";"10";"05";"2024";"18:00";"1";"83";"83097";"1";"6";"1";"3";"Dn7";"43,48548900";"5,71936500"
"202400043062";"26";"02";"2024";"16:00";"2";"60";"60372";"1";"1";"2";"6";"rd 149";"49,54210800";"2,09596400"
"202400043063";"9";"05";"2024";"13:10";"1";"91";"91272";"2";"4";"1";"6";"Route de la Noue";"48,70159500";"2,10127200"
"202400043064";"4";"04";"2024";"08:20";"1";"73";"73150";"1";"1";"1";"1";"D223 - Route de Plagne Villages";"45,50778300";"6,68200500"