"Num_Acc";"jour";"mois";"an";"hrmn";"lum";"dep";"com";"agg";"int";"atm";"col";"adr";"lat";"long"
"202400043065";"10";"01";"2024";"13:30";"1";"973";"97304";"1";"3";"1";"3";"Route Degrad Saramaca";"5,13793900";" -52,71708800"
"202400043066";"25";"02";"2024";"00:50";"3";"24";"24320";"1";"1";"8";"6";"D4e";"45,43703800";"1,21147900"
"202400043067";"10";"05";"2024";"14:30";"1";"19";"19099";"1";"1";"1";"7";"route du planchât";"45,09374503";"1,70201147"
"202400043068";"10";"05";"2024";"16:30";"1";"67";"67187";"2";"3";"1";"3";"12 Rue des Coquelicots";"48,19978400";"7,51384900"
"202400043069";"11";"01";"2024";"11:15";"1";"26";"26124";"1";"1";"1";"7";"A7 - PK 082.600";"44,83586796";"4,86241579"
"202400043070";"3";"04";"2024";"09:45";"1";"73";"73064";"2";"1";"2";"2";"D1006";"45,55176068";"5,98182732"
"202400043071";"15";"02";"2024";"15:25";"1";"27";"27198";"1";"1";"1";"1";"Rue de Breteuil (Condé-sur-Iton)";"48,83575500";"0,95449600"
"202400043072";"11";"05";"2024";"10:00";"1";"82";"82151";"1";"3";"1";"3";"D7";"44,33364500";"0,96713500"
"202400043073";"4";"04";"2024";"08:40";"1";"09";"09157";"2";"1";"1";"6";"13 Rue Victor Hugo";"42,96799200";"1,87051900"
"202400043074";"11";"01";"2024";"03:45";"3";"73";"73150";"1";"1";"1";"6";"D224";"45,51018200";"6,70421400"
"202400043075";"11";"05";"2024";"17:40";"1";"63";"63194";"1";"1";"1";"1";"D85";"45,82583009";"3,33940173"
"202400043076";"4";"04";"2024";"13:10";"1";"33";"33022";"1";"1";"1";"1";"N/A";"45,04726900";" -0,74728500"
"202400043077";"26";"02";"2024";"09:30";"1";"28";"28226";"1";"1";"3";"1";"D939";"48,62021500";"1,15616100"
"202400043078";"11";"05";"2024";"09:55";"1";"63";"63268";"1";"2";"1";"3";"RD 996 /rue de la Coste";"45,55885100";"3,16617100"
"202400043079";"3";"04";"2024";"13:15";"1";"22";"22070";"2";"6";"1";"3";"Boulevard de la Marne";"48,55717200";" -3,13961700"
"202400043080";"11";"05";"2024";"14:20";"1";"46";"46047";"1";"1";"1";"7";"départementale 673";"44,79703300";"1,54370800"
"202400043081";"6";"01";"2024";"00:55";"5";"69";"69143";"2";"1";"1";"6";"6 Avenue Carnot";"45,88036500";"4,83564700"
"202400043082";"26";"02";"2024";"06:50";"3";"77";"77100";"1";"1";"1";"6";"Autoroute A5 PK 17+200 vers PARIS";"48,51660400";"2,82417300"
"202400043083";"11";"05";"2024";"01:20";"3";"86";"86271";"1";"1";"1";"6";"Rigny";"46,77000500";"0,24894700"
"202400043084";"10";"05";"2024";"19:58";"1";"68";"68307";"1";"1";"1";"6";"d466";"47,81111200";"6,89695200"
"202400043085";"25";"02";"2024";"22:59";"3";"978";"97801";"1";"1";"1";"6";"RN7, Rue de Griselle, Baie Orientale, 50m de CADISCO";"18,09228800";" -63,03029200"
"202400043086";"3";"04";"2024";"06:25";"3";"76";"76454";"1";"2";"2";"3";"D929";"49,75296300";"1,54478100"
"202400043087";"11";"05";"2024";"09:05";"1";"39";"39128";"2";"1";"1";"6";"27 Route de Longwy";"46,95842300";"5,40521900"
"202400043088";"11";"01";"2024";"16:05";"2";"46";"46015";"1";"1";"2";"1";"larive";"44,67060200";"2,17470300"
"202400043089";"25";"02";"2024";"18:50";"3";"67";"67152";"2";"1";"1";"6";"Rue de Hattisheim";"48,50534600";"7,66159100"
"202400043090";"10";"05";"2024";"17:36";"1";"25";"25367";"1";"1";"1";"6";"Chemin des Paturages";"47,44384000";"6,80957800"
"202400043091";"3";"04";"2024";"16:45";"1";"76";"76462";"2";"2";"1";"1";"Boulevard Marechal Joffre";"49,72972693";"1,43935382"
"202400043092";"8";"05";"2024";"16:00";"1";"29";"29155";"1";"1";"1";"7";"Korz";"48,45316242";" -5,09429410"
"202400043093";"26";"02";"2024";"16:20";"1";"06";"06152";"1";"1";"8";"3";"Route de la Valmasque";"43,60428900";"7,04987500"
"202400043094";"10";"01";"2024";"19:20";"3";"16";"16330";"1";"1";"2";"5";"RN 141";"45,68833000";" -0,39451000"
"202400043095";"3";"04";"2024";"19:52";"1";"76";"76614";"1";"5";"1";"7";"Ancienne route de Duclair";"49,44496362";"0,99138590"
"202400043096";"10";"05";"2024";"23:40";"5";"38";"38175";"2";"1";"1";"3";"Boulevard Langevin";"45,26138600";"5,91160700"
"202400043097";"10";"01";"2024";"16:50";"1";"29";"29103";"2";"1";"8";"1";"rue du Commandant Charcot";"48,45630800";" -4,25883200"
"202400043098";"26";"02";"2024";"10:10";"1";"83";"83001";"1";"1";"3";"6";"A8, PK 143.800 chaussée nord";"43,54705500";"6,79324200"
"202400043099";"3";"04";"2024";"18:10";"1";"62";"62001";"2";"1";"1";"1";"D57";"50,39263566";"2,72028010"
"202400043100";"10";"05";"2024";"16:23";"1";"15";"15188";"1";"3";"1";"1";"RD 909";"45,03286900";"3,12063800"
"202400043101";"6";"01";"2024";"08:35";"2";"27";"27132";"1";"3";"1";"6";"Rue des Forrières";"49,02066100";"1,03329400"
"202400043102";"24";"02";"2024";"17:55";"1";"971";"97103";"1";"1";"1";"6";"Lieu Dit Chantilly";"16,23561500";" -61,61697700"
"202400043103";"10";"05";"2024";"13:29";"1";"85";"85084";"1";"1";"1";"2";"A87";"46,77457000";" -1,26305600"
"202400043104";"6";"05";"2024";"12:00";"1";"14";"14055";"1";"1";"1";"7";"Route de Drubec";"49,26428300";"0,10767500"
"202400043105";"10";"01";"2024";"17:20";"2";"13";"13215";"1";"1";"1";"4";"A7-Sens Marseille vers Lyon";"43,36643455";"5,36080529"
"202400043106";"3";"04";"2024";"09:45";"1";"33";"33249";"1";"1";"1";"4";"N/A";"44,87854000";" -0,50939000"
"202400043107";"10";"05";"2024";"22:45";"3";"50";"50236";"2";"9";"1";"6";"Route des Forges";"49,30028500";" -1,57211800"
"202400043108";"26";"02";"2024";"17:15";"2";"77";"77435";"1";"1";"3";"4";"A6 PK 043+000 > LYON";"48,48752900";"2,51267300"
"202400043109";"9";"01";"2024";"17:21";"1";"33";"33143";"1";"1";"7";"2";"N/A";"44,95613508";" -0,45175632"
"202400043110";"29";"03";"2024";"16:59";"1";"59";"59609";"1";"1";"1";"2";"AUTOROUTE A1";"50,57208000";"3,07936000"
"202400043111";"25";"02";"2024";"10:33";"1";"987";"98747";"1";"1";"1";"3";"PK53 RT2 - FAAONE";" -17,75600000";" -148,73600000"
"202400043112";"9";"01";"2024";"03:14";"3";"33";"33039";"1";"1";"1";"2";"N/A";"44,79641400";" -0,53849100"
"202400043113";"11";"05";"2024";"17:15";"1";"50";"50499";"1";"3";"7";"6";"10 Route du Mont Robert";"48,75069600";" -1,09286100"
"202400043114";"3";"03";"2024";"10:45";"1";"94";"94034";"1";"1";"2";"2";"A86";"48,75568893";"2,34248042"
"202400043115";"7";"01";"2024";"18:45";"4";"62";"62351";"1";"1";"9";"4";"A21";"50,43268609";"2,91496585"
"202400043116";"3";"04";"2024";"11:20";"1";"92";"92019";"1";"9";"8";"7";"RN 385";"48,77221147";"2,24381876"
"202400043117";"10";"05";"2024";"19:35";"1";"16";"16270";"1";"1";"1";"6";"N/A";"45,82549500";"0,73242000"
"202400043118";"26";"02";"2024";"14:00";"1";"973";"97311";"2";"9";"1";"3";"N/A";"5,49332600";" -54,01069700"
"202400043119";"9";"05";"2024";"18:15";"1";"07";"07100";"1";"1";"1";"7";"cd 901 - route de Villefort";"44,42253200";"4,04065100"
"202400043120";"25";"02";"2024";"20:30";"5";"971";"97129";"2";"1";"1";"6";"rue du chemin de fer";"16,28369100";" -61,66991300"
"202400043121";"3";"04";"2024";"02:34";"3";"94";"94021";"1";"1";"2";"6";"A6B";"48,77137155";"2,34509948"
"202400043122";"10";"01";"2024";"00:01";"5";"94";"94043";"1";"1";"1";"2";"A6B";"48,80749723";"2,34691317"
"202400043123";"25";"02";"2024";"20:30";"5";"77";"77261";"1";"1";"3";"6";"Rue de la Motte";"48,22753100";"2,89706400"
"202400043124";"11";"05";"2024";"07:50";"1";"24";"24119";"1";"2";"1";"3";"783 Route du Levant";"45,39389203";"0,38544416"
"202400043125";"9";"01";"2024";"17:15";"3";"78";"78217";"1";"1";"1";"5";"A13";"48,96445000";"1,82367000"
"202400043126";"10";"05";"2024";"11:20";"1";"85";"85140";"1";"1";"1";"7";"D43";"46,74783000";" -0,87348000"
"202400043127";"26";"02";"2024";"18:42";"4";"84";"84129";"2";"6";"1";"3";"D907";"44,01919400";"4,87008900"
"202400043128";"3";"04";"2024";"19:20";"2";"92";"92026";"1";"1";"1";"4";"RN1014 Y";"48,88809961";"2,25033090"
"202400043129";"8";"01";"2024";"20:45";"3";"78";"78498";"1";"1";"8";"3";"A13";"48,90831600";"2,00529500"
"202400043130";"10";"05";"2024";"20:45";"2";"39";"39570";"1";"1";"1";"5";"N/A";"46,91615900";"5,55748500"
"202400043131";"25";"02";"2024";"16:15";"2";"71";"71251";"1";"2";"2";"3";"D994";"46,89832200";"4,18844900"
"202400043132";"2";"04";"2024";"07:15";"1";"78";"78402";"1";"1";"1";"3";"A13";"48,96400300";"1,79396500"
"202400043133";"25";"02";"2024";"14:20";"1";"08";"08081";"2";"1";"1";"7";"35 Rue Bernisseaux";"49,85480100";"4,73586400"
"202400043134";"10";"05";"2024";"20:15";"1";"29";"29230";"1";"1";"1";"6";"Chapelle Sainte Gertrude";"47,92337237";" -3,51662466"
"202400043135";"2";"04";"2024";"22:00";"3";"93";"93053";"1";"1";"2";"2";"A3";"48,89707199";"2,46965129"
"202400043136";"9";"01";"2024";"00:01";"3";"92";"92051";"1";"1";"4";"4";"N13";"48,88100609";"2,27208790"
"202400043137";"17";"07";"2024";"16:30";"1";"11";"11257";"1";"4";"1";"2";"Route départementale 3";"43,16445000";"2,45623800"
"202400043138";"9";"01";"2024";"01:20";"3";"78";"78291";"1";"1";"4";"6";"A13";"48,96508000";"1,75909000"
"202400043139";"26";"02";"2024";"08:20";"1";"07";"07324";"2";"1";"1";"4";"quai de Gaulle";"45,06680000";"4,83680600"
"202400043140";"1";"04";"2024";"18:22";"1";"93";"93027";"1";"1";"2";"7";"A86";"48,92669131";"2,40461111"
"202400043141";"10";"05";"2024";"21:50";"3";"77";"77474";"1";"1";"1";"1";"RN3";"48,95759400";"2,80120300"
"202400043142";"8";"01";"2024";"21:50";"3";"78";"78158";"1";"1";"4";"1";"A13";"48,84120100";"2,10707400"
"202400043143";"18";"07";"2024";"19:30";"1";"71";"71093";"2";"1";"1";"3";"Place de la Mairie";"46,84426400";"5,26852600"
"202400043144";"3";"04";"2024";"08:45";"1";"94";"94073";"1";"1";"2";"3";"A86";"48,77195676";"2,39568914"
"202400043145";"25";"02";"2024";"10:26";"1";"69";"69197";"2";"1";"1";"6";"Route du Treve";"46,06108200";"4,65177700"
"202400043146";"10";"05";"2024";"09:30";"1";"77";"77470";"1";"1";"1";"6";"D216";"48,74206500";"2,80224900"
"202400043147";"8";"01";"2024";"21:50";"3";"78";"78158";"1";"1";"4";"2";"A13";"48,84106300";"2,10689600"
"202400043148";"25";"02";"2024";"14:33";"1";"19";"19096";"1";"1";"2";"7";"D1120";"45,22010852";"1,81999437"
"202400043149";"10";"01";"2024";"21:05";"3";"95";"95218";"1";"1";"1";"6";"A15";"49,03583258";"2,09585009"
"202400043150";"3";"04";"2024";"00:54";"3";"93";"93051";"1";"1";"2";"4";"A4";"48,83569183";"2,56273622"
"202400043151";"11";"04";"2024";"22:00";"3";"66";"66008";"2";"3";"1";"6";"Rue des Sorbiers";"42,55033511";"3,00762534"
"202400043152";"17";"07";"2024";"22:45";"3";"71";"71202";"1";"1";"1";"5";"D906";"46,85355100";"4,80420100"
"202400043153";"9";"01";"2024";"01:00";"3";"94";"94028";"1";"1";"4";"6";"A86";"48,77622723";"2,42988971"
"202400043154";"1";"03";"2024";"07:45";"1";"68";"68195";"1";"9";"1";"7";"A36";"47,75585400";"7,29588200"
"202400043155";"26";"02";"2024";"08:25";"2";"33";"33268";"2";"1";"3";"1";"N/A";"45,04261900";" -0,67749500"
"202400043156";"9";"01";"2024";"00:05";"5";"94";"94028";"1";"1";"4";"6";"RN406";"48,77671246";"2,44308921"
"202400043157";"10";"05";"2024";"14:30";"1";"84";"84063";"1";"1";"1";"6";"D204";"44,29851400";"4,70742700"
"202400043158";"14";"07";"2024";"18:00";"1";"61";"61079";"1";"1";"1";"6";"D923 PR15+470";"48,24392400";"0,69134400"
"202400043159";"25";"02";"2024";"12:15";"1";"29";"29288";"1";"1";"3";"6";"Le Rhu";"48,55910641";" -4,28941349"
"202400043160";"8";"01";"2024";"16:40";"1";"974";"97416";"2";"3";"1";"6";"MITTERAND (AVENUE DU PDT)";" -21,34535000";"55,48532000"
"202400043161";"11";"05";"2024";"20:30";"2";"83";"83104";"1";"1";"1";"7";"D23";"43,57442200";"5,74894000"
"202400043162";"2";"04";"2024";"13:55";"1";"93";"93005";"2";"4";"1";"1";"Allée des Charmilles / Allée Louis Poupon";"48,93066500";"2,49803700"
"202400043163";"14";"07";"2024";"08:30";"1";"61";"61484";"1";"1";"1";"6";"D11 PR6+230";"48,31207100";"0,72296800"
"202400043164";"9";"01";"2024";"16:00";"1";"974";"97409";"2";"1";"1";"3";"EMILE THOMAS (rue)";" -20,93794000";"55,64906000"
"202400043165";"10";"05";"2024";"18:00";"1";"89";"89059";"2";"3";"1";"3";"Lieu Dit Etangs de Saint Ange";"48,05432200";"3,52212700"
"202400043166";"23";"02";"2024";"08:42";"1";"13";"13215";"1";"1";"1";"4";"A7-Sens Lyon vers Marseille";"43,37079400";"5,36115800"
"202400043167";"2";"02";"2024";"14:20";"1";"22";"22360";"2";"1";"1";"6";"SAINT-RIVILY (RUE DE)";"48,48889000";" -2,75805000"
"202400043168";"9";"01";"2024";"17:20";"2";"69";"69388";"2";"3";"1";"6";"Cours Albert Thomas";"45,74926630";"4,86050834"
"202400043169";"26";"06";"2024";"18:20";"1";"42";"42108";"2";"1";"1";"2";"Route de Sury";"45,58998200";"4,19511700"
"202400043170";"9";"01";"2024";"09:50";"1";"972";"97213";"2";"1";"1";"1";"ROUTE DEPARTEMENTALE 3";"14,62837000";" -60,98864000"
"202400043171";"10";"05";"2024";"17:50";"1";"58";"58160";"1";"1";"1";"1";"Les Indrins";"46,96471900";"3,11412500"
"202400043172";"26";"01";"2024";"21:20";"3";"69";"69259";"2";"1";"1";"4";"Route Départementale 383";"45,71755823";"4,86032024"
"202400043173";"14";"07";"2024";"02:30";"3";"34";"34267";"1";"1";"1";"7";"Route de Gignac";"43,68689800";"3,55768200"
"202400043174";"2";"04";"2024";"06:30";"1";"976";"97611";"2";"1";"1";"5";"kaweni-Mangrove (route de la)";" -12,77600000";"45,22600000"
"202400043175";"9";"01";"2024";"14:47";"1";"972";"97209";"2";"6";"1";"3";"MARNE (BOULEVARD DE LA)";"14,60500000";" -61,08780000"
"202400043176";"11";"05";"2024";"11:50";"1";"68";"68370";"1";"1";"1";"3";"D430";"47,99300841";"6,97819885"
"202400043177";"2";"04";"2024";"22:20";"5";"974";"97416";"2";"1";"2";"6";"BOEUF(CHEMIN)";" -21,28900000";"55,46589000"
"202400043178";"24";"02";"2024";"17:05";"1";"42";"42218";"1";"1";"1";"3";"A72";"45,44995544";"4,42066949"
"202400043179";"2";"04";"2024";"13:20";"1";"974";"97416";"2";"9";"8";"6";"LORION (RUE LUC)";" -21,33371000";"55,47141000"
"202400043180";"9";"01";"2024";"12:35";"1";"972";"97209";"2";"1";"1";"2";"RD 41 (ROCADE)";"14,61420000";" -61,05190000"
"202400043181";"25";"02";"2024";"11:15";"1";"33";"33167";"1";"1";"3";"2";"N/A";"44,82971700";" -0,50227000"
"202400043182";"10";"05";"2024";"23:55";"3";"38";"38382";"2";"2";"1";"3";"Avenue de San Marino (Pont)";"45,23981000";"5,66659000"
"202400043183";"2";"04";"2024";"17:10";"2";"974";"97411";"1";"2";"2";"3";"JAURES (BLD 1 JEAN)";" -20,89189000";"55,46751000"
"202400043184";"9";"01";"2024";"19:45";"5";"69";"69202";"2";"1";"8";"4";"Avenue Maréchal Foch";"45,74061000";"4,80435000"
"202400043185";"25";"02";"2024";"02:20";"3";"33";"33122";"1";"1";"2";"3";"N/A";"44,72921100";" -0,72775300"
"202400043186";"2";"04";"2024";"11:15";"1";"974";"97411";"2";"1";"2";"6";"GARROS (ROLAND)";" -20,88331000";"55,44906000"
"202400043187";"18";"07";"2024";"07:45";"1";"44";"44117";"2";"2";"1";"3";"55 Zone d'activité des roitelieres";"47,15073500";" -1,34779400"
"202400043188";"7";"01";"2024";"20:45";"5";"971";"97120";"2";"1";"1";"6";"GERTY ARCHIMEDE (RESIDENCE)";"16,25130533";" -61,54464841"
"202400043189";"10";"05";"2024";"21:30";"3";"81";"81219";"1";"1";"1";"6";"n126";"43,55557700";"2,04781300"
"202400043190";"7";"01";"2024";"20:05";"3";"971";"97101";"1";"1";"1";"2";"PERRIN (SECTEUR)";"16,30096000";" -61,51138000"
"202400043191";"1";"04";"2024";"21:20";"5";"974";"97411";"2";"2";"1";"3";"RAMBAUD (LEOPOLD)";" -20,88596000";"55,47645000"
"202400043192";"23";"02";"2024";"15:00";"1";"91";"91340";"1";"1";"2";"4";"AUTOROUTE A6";"48,60520000";"2,43670000"
"202400043193";"17";"07";"2024";"10:25";"1";"44";"44187";"1";"1";"1";"5";"2 Le Jardinet";"47,19217700";" -2,10927800"
"202400043194";"9";"01";"2024";"22:30";"5";101;101004";"2";"1";"2";"6";"#ROUTE DU STILETTO#";"41,94693000";"8,77278000"
"202400043195";"11";"05";"2024";"11:50";"1";"40";"40277";"1";"4";"1";"6";"Route de Dax";"43,67575200";" -1,04099200"
"202400043196";"2";"04";"2024";"09:30";"1";"974";"97409";"2";"1";"2";"6";"ILE DE FRANCE(AVENUE)";" -20,95889081";"55,64994800"
"202400043197";"9";"01";"2024";"14:50";"1";"95";"95203";"2";"9";"1";"6";"D928";"48,99199389";"2,28592218"
"202400043198";"25";"02";"2024";"15:20";"1";"93";"93027";"1";"1";"2";"4";"A1";"48,93802812";"2,41324880"
"202400043199";"17";"07";"2024";"16:00";"1";"31";"31182";"2";"9";"1";"6";"163 Route de Paris";"43,69698200";"1,39963200"
"202400043200";"10";"05";"2024";"10:40";"1";"33";"33535";"2";"9";"1";"1";"N/A";"44,84850200";" -0,46301900"
"202400043201";"2";"04";"2024";"17:30";"1";"69";"69388";"2";"1";"1";"6";"Avenue des Frères Lumière";"45,74414000";"4,87001000"
"202400043202";"25";"02";"2024";"21:00";"3";"77";"77122";"1";"1";"3";"6";"RN104";"48,65478066";"2,61403709"
"202400043203";"8";"01";"2024";"19:00";"3";"91";"91692";"1";"6";"1";"2";"RD 35";"48,67535000";"2,19346000"
"202400043204";"18";"07";"2024";"10:50";"1";"38";"38012";"1";"6";"1";"2";"Route de Belley";"45,59618500";"5,60796800"
"202400043205";"10";"05";"2024";"20:15";"1";"50";"50422";"1";"1";"1";"6";"d971";"49,20758200";" -1,36617200"
"202400043206";"2";"04";"2024";"16:00";"1";"69";"69387";"2";"2";"1";"6";"Rue de l'Université";"45,75121000";"4,83870000"
"202400043207";"9";"01";"2024";"09:25";"1";"91";"91691";"2";"1";"4";"7";"MARCEL QUINTANE (RUE)";"48,70308300";"2,47820900"
"202400043208";"23";"02";"2024";"13:00";"1";"75";"75117";"2";"1";"1";"3";"BD PERIPHERIQUE INTERIEUR";"48,89503100";"2,30658900"
"202400043209";"18";"07";"2024";"02:30";"3";"03";"03214";"1";"1";"1";"6";"Chemin des Chandelles";"46,42465400";"3,03695800"
"202400043210";"10";"05";"2024";"15:20";"1";"56";"56114";"1";"1";"1";"3";"Bourhic";"47,29634600";" -3,11288600"
"202400043211";"2";"04";"2024";"09:36";"1";"69";"69388";"2";"3";"1";"3";"Avenue Paul Santy";"45,72798000";"4,87746000"
"202400043212";"9";"01";"2024";"08:50";"1";"91";"91174";"2";"1";"4";"4";"JOHN KENNEDY (BOULEVARD)";"48,58031200";"2,47605400"
"202400043213";"24";"02";"2024";"03:00";"5";"75";"75116";"2";"3";"1";"7";"BOULEVARD LANNES";"48,86449300";"2,26991200"
"202400043214";"17";"07";"2024";"23:10";"3";"66";"66093";"1";"1";"1";"6";"la prade";"42,54645700";"2,93895500"
"202400043215";"1";"04";"2024";"22:26";"5";"972";"97213";"2";"9";"1";"6";"ERNEST ANDRE (RUE)";"14,61657000";" -61,00350000"
"202400043216";"8";"05";"2024";"23:25";"3";"35";"35360";"1";"2";"1";"3";"la conterie";"48,09387500";" -1,17577300"
"202400043217";"18";"07";"2024";"15:00";"1";"06";"06119";"1";"1";"1";"6";"8420 Route de la Bonette";"44,32109300";"6,86428800"
"202400043218";"24";"02";"2024";"01:45";"5";"75";"75112";"2";"1";"8";"6";"BOULEVARD PONIATOWSKI";"48,83243100";"2,39921600"
"202400043219";"9";"01";"2024";"07:00";"5";"91";"91228";"2";"2";"4";"2";"CHAMPS ELYSEES (BOULEVARD DES)";"48,62610000";"2,42376000"
"202400043220";"10";"05";"2024";"20:50";"1";"60";"60282";"2";"1";"1";"7";"D44";"49,20972600";"2,44869600"
"202400043221";"2";"04";"2024";"08:00";"1";"972";"97209";"2";"1";"1";"2";"AUTOROUTE (A1)";"14,61452000";" -61,04914000"
"202400043222";"18";"07";"2024";"11:30";"1";"06";"06079";"2";"1";"1";"6";"1094 Avenue Janvier Passero";"43,55550400";"6,93971900"
"202400043223";"11";"05";"2024";"18:30";"1";"59";"59323";"1";"1";"1";"3";"D934";"50,30514534";"3,62885845"
"202400043224";"2";"04";"2024";"16:55";"1";100;100120";"1";"1";"1";"2";"11 - RT";"42,65966000";"9,44181000"
"202400043225";"18";"07";"2024";"08:30";"1";"14";"14514";"2";"1";"1";"3";"3 Impasse de l'Environnement";"49,28444800";"0,19983200"
"202400043226";"24";"02";"2024";"15:00";"1";"75";"75111";"2";"3";"1";"3";"RUE OBERKAMPF";"48,86636100";"2,38025600"
"202400043227";"7";"05";"2024";"22:08";"3";"13";"13211";"1";"1";"1";"2";"A50-Sens Aubagne vers Marseille";"43,28611386";"5,51058007"
"202400043228";"1";"04";"2024";"20:00";"5";"971";"97101";"1";"1";"1";"2";"ROUTE DE BOISVINS";"16,26536000";" -61,46889000"
"202400043229";"18";"07";"2024";"11:25";"1";"05";"05046";"2";"1";"1";"6";"Avenue Charles de Gaulle";"44,56735800";"6,49902500"
"202400043230";"24";"04";"2024";"22:00";"3";"33";"33281";"1";"1";"1";"2";"N/A";"44,84533000";" -0,67083000"
"202400043231";"17";"07";"2024";"09:00";"1";"50";"50550";"1";"3";"1";"3";"D53";"49,12509000";" -1,38328000"
"202400043232";"10";"05";"2024";"11:45";"1";"94";"94038";"1";"1";"1";"3";"A6B";"48,78289290";"2,34713213"
"202400043233";"23";"02";"2024";"20:45";"5";"75";"75110";"2";"2";"2";"3";"BOULEVARD DE STRASBOURG";"48,86931900";"2,35425700"
"202400043234";"2";"04";"2024";"08:21";"1";"87";"87085";"2";"1";"1";"3";"LATTRE-DE-TASSIGNY (AVENUE DU MARECHAL)";"45,82606799";"1,28035426"
"202400043235";"17";"07";"2024";"19:15";"2";"64";"64370";"2";"1";"1";"2";"Route de la LANDE";"43,35399300";" -0,28606800"
"202400043236";"12";"01";"2024";"18:45";"3";"50";"50137";"1";"2";"8";"2";"73 voie de la liberté, D999";"48,86176800";" -1,20657800"
"202400043237";"29";"03";"2024";"09:10";"1";"87";"87085";"2";"1";"2";"2";"SAINTE CLAIRE (RUE)";"45,82409000";"1,24544000"
"202400043238";"24";"02";"2024";"19:35";"5";"75";"75101";"2";"3";"2";"6";"RUE DE RIVOLI";"48,86246600";"2,33627400"
"202400043239";"17";"07";"2024";"17:56";"1";"16";"16028";"1";"1";"1";"2";"N/A";"45,47967800";" -0,13120700"
"202400043240";"1";"01";"2024";"11:40";"1";"50";"50032";"1";"1";"7";"3";"Vieux Chemin de Caen";"49,11356000";" -1,00785600"
"202400043241";"30";"03";"2024";"20:26";"4";"87";"87085";"2";"1";"1";"6";"BROGLIE (AVENUE LOUIS DE)";"45,88202215";"1,29056811"
"202400043242";"23";"02";"2024";"23:30";"5";"75";"75102";"2";"2";"1";"3";"BOULEVARD DE SEBASTOPOL";"48,86340100";"2,35095600"
"202400043243";"8";"05";"2024";"18:20";"2";"973";"97302";"2";"6";"1";"3";"SUZINI (CARREFOUR)";"4,92730000";" -52,29006000"
"202400043244";"14";"07";"2024";"22:30";"2";"16";"16346";"1";"1";"1";"1";"N/A";"45,25051000";"0,07651800"
"202400043245";"9";"05";"2024";"18:00";"1";"69";"69034";"2";"1";"1";"6";"Rue des Combattants d'Afrique du Nord 1952-1962";"45,79977000";"4,85114000"
"202400043246";"2";"04";"2024";"09:10";"1";"86";"86194";"2";"1";"1";"1";"Avenue Jacques Coeur";"46,56698000";"0,37639000"
"202400043247";"23";"02";"2024";"13:10";"1";"75";"75101";"2";"2";"1";"3";"QUAI FRANCOIS MITTERRAND";"48,86011500";"2,33334800"
"202400043248";"9";"05";"2024";"18:20";"1";"69";"69382";"2";"3";"1";"3";"Rue Gasparin";"45,75827000";"4,83315000"
"202400043249";"8";"05";"2024";"12:00";"1";"971";"97113";"1";"1";"1";"1";"BEAUMANOIR (SECTEUR)";"16,23402779";" -61,44135118"
"202400043250";"24";"02";"2024";"19:20";"5";"94";"94041";"2";"5";"2";"6";"Rue Lénine";"48,81562000";"2,39334000"
"202400043251";"2";"04";"2024";"08:30";"1";"84";"84007";"2";"3";"1";"6";"FERRY ( Boulevard Jules)";"43,93803000";"4,80095000"
"202400043252";"8";"05";"2024";"16:50";"1";"971";"97101";"2";"2";"1";"3";"JEAN  IGNACE (RUE) ";"16,25071000";" -61,52010000"
"202400043253";"24";"02";"2024";"20:33";"5";"94";"94033";"2";"1";"2";"6";"Rue Jean-pierre Timbaud";"48,85762000";"2,47474000"
"202400043254";"18";"07";"2024";"15:45";"1";"07";"07027";"1";"1";"1";"1";"Route de la Voulte";"44,82166469";"4,78286163"
"202400043255";"2";"04";"2024";"11:45";"1";"30";"30351";"2";"4";"1";"6";"DE LATTRE DE TASSIGNY (BOULEVARD)";"43,96976000";"4,78013000"
"202400043256";"9";"05";"2024";"23:19";"5";"83";"83069";"2";"1";"1";"6";"GAMBETTA (AVENUE)";"43,11636000";"6,12869000"
"202400043257";"18";"07";"2024";"16:30";"1";"40";"40001";"1";"1";"1";"2";"rd935 - PR3";"43,72387800";" -0,26380100"
"202400043258";"2";"04";"2024";"21:00";"3";"83";"83144";"1";"1";"1";"6";"NATIONALE 97 (ROUTE)";"43,14305000";"6,00912000"
"202400043259";"24";"02";"2024";"19:00";"5";"94";"94017";"2";"2";"2";"1";"Boulevard de Stalingrad / Avenue du Général de Gaulle";"48,82365000";"2,49647000"
"202400043260";"17";"07";"2024";"10:45";"1";"24";"24330";"1";"1";"1";"6";"L'Ermitage";"45,04687500";"1,05093800"
"202400043261";"9";"05";"2024";"15:15";"1";"76";"76576";"1";"1";"1";"7";"GRANDE RUE (LA)";"49,54525000";"0,44957000"
"202400043262";"2";"04";"2024";"08:45";"1";"83";"83069";"1";"1";"1";"7";"ALMANARRE POMPONIANA (CHEMIN)";"43,08229000";"6,11828000"
"202400043263";"24";"02";"2024";"16:20";"1";"93";"93066";"2";"4";"1";"3";"Avenue Marcel Cachin / Rue Henri Barbusse";"48,93747200";"2,37185800"