"Num_Acc";"jour";"mois";"an";"hrmn";"lum";"dep";"com";"agg";"int";"atm";"col";"adr";"lat";"long"
"202400043264";"9";"05";"2024";"14:20";"1";"74";"74200";"2";"1";"1";"2";"N/A";"46,40316000";"6,61541000"
"202400043265";"1";"04";"2024";"15:30";"1";"83";"83069";"2";"3";"1";"3";"LOUBES (ROUTE DES)";"43,11017000";"6,11926000"
"202400043266";"9";"05";"2024";"19:00";"1";"72";"72181";"2";"3";"1";"3";"CHURCHILL WINSTON (BD) N° IMP 41 ET >";"47,99022000";"0,21946000"
"202400043267";"24";"02";"2024";"19:07";"5";"93";"93031";"2";"1";"1";"6";"Avenue d'Enghien";"48,96219200";"2,30510700"
"202400043268";"9";"05";"2024";"14:56";"1";"64";"64483";"2";"1";"1";"3";"RD810";"43,40348000";" -1,63350000"
"202400043269";"18";"07";"2024";"11:41";"1";"85";"85201";"1";"1";"1";"6";"la membrun";"46,43650000";" -1,30370000"
"202400043270";"25";"02";"2024";"00:39";"3";"24";"24540";"1";"1";"2";"6";"Route du Puy d'Habran";"45,28345100";"0,86374600"
"202400043271";"8";"05";"2024";"10:40";"1";"63";"63300";"2";"3";"1";"3";"BADE (FAUBOURG DE LA)";"45,89443130";"3,11898530"
"202400043272";"17";"07";"2024";"13:30";"1";"27";"27690";"1";"4";"1";"1";"Rue de Villers";"49,24560700";"1,58131600"
"202400043273";"24";"02";"2024";"19:45";"3";"37";"37178";"1";"1";"2";"1";"D8";"47,13152804";"0,38979605"
"202400043274";"9";"05";"2024";"20:00";"1";"62";"62548";"1";"1";"1";"6";"D119";"50,97032917";"1,96007208"
"202400043275";"29";"03";"2024";"20:55";"5";"76";"76351";"2";"2";"1";"3";"CASIMIR DELAVIGNE";"49,49422000";"0,11971000"
"202400043276";"24";"02";"2024";"10:45";"1";"38";"38378";"2";"1";"1";"6";"Place Charles de Gaulle";"45,43875500";"4,77078100"
"202400043277";"9";"05";"2024";"20:45";"2";"61";"61001";"2";"2";"1";"3";"D955";"48,42791000";"0,07507000"
"202400043278";"17";"07";"2024";"17:15";"1";"87";"87122";"1";"3";"1";"3";"Santrop";"46,03162000";"1,30729300"
"202400043279";"31";"03";"2024";"03:30";"5";"76";"76351";"2";"1";"1";"7";"FRISSARD (QUAI)";"49,49116000";"0,13076000"
"202400043280";"24";"02";"2024";"10:15";"1";"62";"62049";"1";"2";"1";"3";"D341";"50,54996000";"2,38129700"
"202400043281";"8";"05";"2024";"19:25";"1";"59";"59512";"2";"2";"1";"1";"NATIONS UNIES (AVENUE DES)";"50,69436000";"3,17250000"
"202400043282";"17";"07";"2024";"11:20";"1";"52";"52377";"1";"1";"1";"7";"D139";"48,06004981";"5,66904322"
"202400043283";"9";"05";"2024";"19:10";"1";"59";"59350";"2";"3";"1";"3";"Rue de Marquillies";"50,61447000";"3,05706000"
"202400043284";"30";"03";"2024";"20:30";"5";"76";"76351";"2";"3";"1";"3";"BOIS AU COQ (AVENUE)";"49,51799000";"0,11770000"
"202400043285";"25";"02";"2024";"12:35";"1";"69";"69133";"1";"3";"8";"3";"21 Rue de Guénas";"45,62862400";"4,77080100"
"202400043286";"19";"07";"2024";"06:15";"1";"988";"98805";"2";"1";"1";"4";"VE1 sens Nord/Sud";" -22,22493200";"166,46493000"
"202400043287";"9";"05";"2024";"15:20";"1";"57";"57463";"2";"9";"1";"3";"THIONVILLE (ROUTE DE )";"49,13464000";"6,17002000"
"202400043288";"18";"07";"2024";"09:20";"1";"06";"06084";"2";"1";"1";"6";"10 Avenue Marcel Journet";"43,62074100";"6,97193000"
"202400043289";"1";"04";"2024";"07:55";"1";"71";"71269";"1";"1";"8";"1";"RD673";"46,75645791";"4,85885579"
"202400043290";"9";"05";"2024";"02:30";"5";"56";"56260";"2";"1";"1";"6";"ALBERT 1ER (RUE)";"47,65272000";" -2,76458000"
"202400043291";"24";"02";"2024";"23:19";"3";"77";"77006";"1";"1";"1";"6";"RD 409 - PK 1,3";"48,40113400";"2,55127000"
"202400043292";"14";"07";"2024";"22:00";"3";"67";"67067";"1";"1";"1";"2";"Autoroute A4 - PK 466+000";"48,72175600";"7,69413400"
"202400043293";"22";"02";"2024";"09:35";"1";"51";"51549";"1";"1";"6";"7";"D994";"48,94566600";"4,73405600"
"202400043294";"9";"05";"2024";"14:12";"1";"50";"50647";"1";"9";"1";"3";"LANDE (CHEMIN DE LA)";"48,83927000";" -1,55299000"
"202400043295";"2";"04";"2024";"13:00";"1";"69";"69264";"2";"1";"1";"2";"Route de Riottier";"45,97637520";"4,74226459"
"202400043296";"18";"07";"2024";"06:38";"1";"974";"97403";"1";"1";"1";"1";"cd 26";" -21,25887600";"55,46452000"
"202400043297";"9";"05";"2024";"13:30";"1";"47";"47001";"2";"2";"1";"3";"LACOUR (BD EDOUARD)";"44,19917500";"0,62632400"
"202400043298";"2";"04";"2024";"16:30";"1";"64";"64024";"2";"1";"2";"2";"JARDINS D'ARCADIE (ALLEE DES)";"43,47602000";" -1,53267000"
"202400043299";"16";"07";"2024";"13:00";"1";"77";"77318";"1";"1";"1";"3";"RD231 PK038+000";"48,78301000";"2,88566900"
"202400043300";"9";"05";"2024";"16:45";"1";"38";"38421";"2";"3";"1";"6";"AVENUE PIERRE SÉMARD";"45,18203000";"5,75751000"
"202400043301";"24";"02";"2024";"19:40";"5";"24";"24020";"1";"1";"2";"6";"A89";"45,15115900";"1,16712600"
"202400043302";"13";"07";"2024";"16:25";"1";"48";"48119";"1";"1";"1";"6";"D.906";"44,51384000";"3,91305900"
"202400043303";"2";"04";"2024";"11:31";"1";"63";"63032";"2";"9";"1";"2";"ROMAGNAT (ROUTE DE)";"45,75015000";"3,09209000"
"202400043304";"9";"05";"2024";"21:35";"2";"37";"37122";"2";"6";"1";"3";"VERDUN (RUE DE)";"47,34931000";"0,66690000"
"202400043305";"17";"07";"2024";"17:20";"1";"34";"34289";"2";"1";"1";"1";"D13e15";"43,38942500";"3,42021300"
"202400043306";"9";"05";"2024";"14:35";"1";"37";"37122";"2";"1";"7";"6";"LAVOISIER (RUE)";"47,34663000";"0,65775000"
"202400043307";"2";"04";"2024";"09:46";"1";"63";"63113";"2";"1";"1";"6";"REPUBLIQUE (AVENUE DE LA)";"45,79071100";"3,11271500"
"202400043308";"24";"02";"2024";"23:30";"3";"42";"42268";"1";"2";"1";"3";"Route des Roches";"45,87323300";"4,03932100"
"202400043309";"8";"05";"2024";"16:20";"1";"37";"37261";"2";"1";"1";"2";"MIRABEAU (PONT)";"47,40268000";"0,70200000"
"202400043310";"17";"07";"2024";"23:30";"3";"34";"34022";"2";"3";"1";"6";"M106e3 chemin du pont";"43,66167800";"4,02915000"
"202400043311";"9";"05";"2024";"20:50";"1";"36";"36202";"2";"1";"1";"6";"Route de Châteauroux";"46,81762000";"1,67139000"
"202400043312";"2";"04";"2024";"09:18";"1";"63";"63075";"2";"1";"1";"3";"ROYAT (AVENUE DE)";"45,77574000";"3,06761000"
"202400043313";"24";"02";"2024";"19:15";"3";"34";"34328";"1";"1";"1";"1";"D131";"43,56450300";"3,54815500"
"202400043314";"5";"07";"2024";"09:45";"1";"88";"88308";"1";"1";"1";"1";"D674";"48,33672700";"5,65037400"
"202400043315";"9";"05";"2024";"10:10";"1";"36";"36202";"2";"6";"1";"3";"Rue des Echarbeaux";"46,79667113";"1,63599730"
"202400043316";"25";"02";"2024";"07:15";"2";"34";"34237";"1";"1";"1";"6";"D13";"43,49915700";"3,32441600"
"202400043317";"17";"07";"2024";"15:50";"1";"65";"65059";"1";"1";"1";"6";"D918";"42,91366100";"0,18660700"
"202400043318";"9";"05";"2024";"23:20";"5";"35";"35238";"2";"2";"1";"3";"CHATEAU (AVENUE FRANCOIS)";"48,11220000";" -1,64359000"
"202400043319";"16";"07";"2024";"15:10";"1";"65";"65059";"1";"1";"1";"7";"col du tourmalet";"42,90893400";"0,15083100"
"202400043320";"25";"02";"2024";"08:45";"1";"38";"38198";"1";"2";"1";"3";"D519f";"45,33850400";"4,95378300"
"202400043321";"2";"04";"2024";"11:30";"1";"60";"60159";"2";"6";"1";"3";"Avenue Marigny";"49,40561243";"2,83777379"
"202400043322";"9";"05";"2024";"04:45";"3";"34";"34172";"2";"4";"1";"7";"GREZES (RUE DES)";"43,59475000";"3,82150000"
"202400043323";"9";"05";"2024";"17:00";"1";"33";"33063";"2";"1";"1";"6";"N/A";"44,88127000";" -0,56763000"
"202400043324";"24";"02";"2024";"04:00";"3";"38";"38034";"1";"1";"1";"7";"Chemin de Revel";"45,35005700";"5,04905500"
"202400043325";"10";"07";"2024";"10:00";"1";"09";"09076";"1";"2";"1";"3";"D27";"43,26049300";"1,53035000"
"202400043326";"9";"05";"2024";"17:15";"1";"33";"33529";"2";"1";"1";"7";"N/A";"44,60998100";" -1,14864500"
"202400043327";"2";"04";"2024";"23:33";"5";"59";"59650";"2";"2";"3";"3";"LIBERTE (BOULEVARD DE LA)";"50,70987000";"3,19352000"
"202400043328";"25";"02";"2024";"14:20";"1";"84";"84070";"1";"1";"2";"1";"Route de Mazan";"44,02644700";"5,15408500"
"202400043329";"9";"05";"2024";"09:30";"1";"31";"31555";"2";"9";"1";"3";"AV DE L URSS";"43,58433000";"1,44790000"
"202400043330";"2";"04";"2024";"05:01";"5";"59";"59350";"2";"2";"8";"6";"Place Vanhoenacker";"50,61957000";"3,06374000"
"202400043331";"17";"07";"2024";"19:00";"1";"09";"09282";"1";"2";"1";"3";"Route de Calmont";"43,24074800";"1,58571100"
"202400043332";"9";"05";"2024";"18:00";"1";"29";"29232";"2";"1";"1";"6";"Rue du Tregor";"47,98069000";" -4,10600400"
"202400043333";"25";"02";"2024";"08:18";"1";"15";"15204";"2";"9";"2";"1";"RD 120";"44,94470100";"2,31115200"
"202400043334";"29";"03";"2024";"08:26";"1";"59";"59574";"2";"1";"1";"6";"WILSON PROLONGEE(RUE)";"50,33820000";"3,28095000"
"202400043335";"8";"05";"2024";"18:15";"1";"27";"27229";"2";"1";"1";"3";"QUATORZE JUILLET (BOULEVARD)";"49,00686000";"1,16355000"
"202400043336";"17";"07";"2024";"18:00";"1";"87";"87190";"1";"3";"1";"3";"D941";"45,91083900";"1,61709300"
"202400043337";"25";"02";"2024";"11:10";"1";"70";"70056";"1";"1";"1";"7";"D20";"47,77700200";"6,02170900"
"202400043338";"8";"05";"2024";"15:45";"1";"17";"17306";"1";"1";"1";"3";"D25";"45,62829000";" -1,00182000"
"202400043339";"2";"04";"2024";"17:52";"1";"51";"51108";"2";"9";"1";"6";"DE GAULLE (AVE GENERAL)";"48,94860000";"4,37132000"
"202400043340";"17";"07";"2024";"16:25";"1";"85";"85035";"2";"1";"1";"6";"Allée des bruyères";"46,60878600";" -1,85341300"
"202400043341";"24";"02";"2024";"14:45";"1";"26";"26118";"1";"1";"2";"1";"330 Route de Lapeyrouse";"45,31097900";"4,93620300"
"202400043342";"8";"05";"2024";"11:12";"1";"17";"17300";"1";"1";"1";"6";"07 PK RN237 MOULIN JUSTICE RE";"46,17400327";" -1,20274983"
"202400043343";"9";"05";"2024";"05:45";"4";"16";"16358";"2";"1";"1";"7";"N/A";"45,68371200";"0,11299610"
"202400043344";"17";"07";"2024";"13:15";"1";"72";"72154";"2";"1";"1";"6";"Avenue d'Obernkirchen";"47,69905400";" -0,05922300"
"202400043345";"24";"03";"2024";"14:43";"1";"49";"49099";"2";"5";"1";"5";"MANCEAU (AVENUE ANATOLE)";"47,05526000";" -0,87917000"
"202400043346";"25";"02";"2024";"17:00";"1";"72";"72228";"2";"9";"2";"3";"D8";"47,83898500";" -0,20743100"
"202400043347";"9";"05";"2024";"22:40";"5";"13";"13212";"2";"9";"1";"3";"COMTESSE (BOULEVARD DE LA)";"43,31513000";"5,44743000"
"202400043348";"2";"04";"2024";"09:22";"1";"49";"49007";"2";"1";"2";"3";"RAMON BOULEVARD";"47,48751000";" -0,54140000"
"202400043349";"24";"02";"2024";"13:33";"1";"06";"06059";"1";"1";"1";"3";"M45";"43,72521200";"7,38178300"
"202400043350";"9";"05";"2024";"21:00";"1";"13";"13210";"2";"2";"1";"3";"PAUL CLAUDEL (BOULEVARD)";"43,26928000";"5,42092000"
"202400043351";"18";"07";"2024";"17:55";"1";"60";"60462";"2";"1";"1";"2";"Rue de Paris";"49,32838700";"2,20029700"
"202400043352";"1";"04";"2024";"19:55";"1";"49";"49007";"2";"1";"1";"3";"DUNANT BOULEVARD";"47,48333000";" -0,52666000"
"202400043353";"23";"02";"2024";"15:00";"1";"14";"14739";"2";"2";"2";"6";"27 Avenue du Général Ailleret";"49,34350400";" -0,51622200"
"202400043354";"9";"05";"2024";"19:15";"1";"13";"13208";"2";"2";"1";"3";"PRADO (AVENUE DU)";"43,28205000";"5,38628000"
"202400043355";"2";"04";"2024";"18:56";"1";"47";"47001";"2";"1";"1";"3";"CARNOT (BD DU PRESIDENT)";"44,20432000";"0,62060000"
"202400043356";"9";"05";"2024";"13:10";"1";"13";"13213";"2";"1";"1";"3";"OLIVES (AVENUE DES)";"43,31775000";"5,37403000"
"202400043357";"2";"04";"2024";"10:40";"1";"45";"45302";"2";"1";"8";"3";"783 Rue Nationale 20";"47,94506000";"1,89212000"
"202400043358";"24";"02";"2024";"22:50";"3";"05";"05017";"1";"1";"1";"5";"N94";"44,56234300";"6,20405700"
"202400043359";"8";"05";"2024";"14:30";"1";"13";"13210";"2";"3";"1";"6";"ROMAIN ROLLAND (BOULEVARD)";"43,27576000";"5,41700000"
"202400043360";"2";"04";"2024";"14:45";"1";"43";"43089";"2";"1";"1";"3";"Rue Saint Marcel";"45,04936000";"3,86808000"
"202400043361";"18";"07";"2024";"14:30";"1";"59";"59608";"1";"1";"1";"6";"D114";"50,24993500";"3,49021900"
"202400043362";"9";"05";"2024";"02:10";"5";"13";"13005";"1";"1";"1";"7";"CIOTAT (ROUTE DE LA RN559)";"43,27815996";"5,59007958"
"202400043363";"24";"02";"2024";"14:50";"1";"16";"16258";"1";"1";"2";"6";"N/A";"45,44843500";"0,07063900"
"202400043364";"9";"05";"2024";"19:05";"1";"07";"07281";"1";"1";"1";"7";"C.D.533";"44,94440000";"4,78393000"
"202400043365";"17";"07";"2024";"19:45";"1";"59";"59051";"1";"1";"1";"6";"Route de Lille";"50,54139706";"2,81957030"
"202400043366";"3";"04";"2024";"00:18";"3";"42";"42044";"2";"1";"1";"2";"Rue de la Malafolie";"45,39370000";"4,30031000"
"202400043367";"25";"02";"2024";"09:00";"1";"07";"07078";"2";"6";"1";"3";"rue des patureaux";"45,24877100";"4,70561900"
"202400043368";"9";"05";"2024";"16:20";"1";"75";"75113";"2";"1";"1";"2";"BD PERIPHERIQUE EXTERIEUR";"48,81987400";"2,37433500"
"202400043369";"24";"02";"2024";"20:50";"3";"13";"13091";"1";"6";"1";"6";"1860 Route d?Aix";"43,61220200";"5,32461700"
"202400043370";"17";"07";"2024";"17:40";"1";"33";"33167";"1";"1";"1";"3";"N/A";"44,82262500";" -0,51356100"
"202400043371";"9";"05";"2024";"16:20";"1";"75";"75117";"2";"1";"1";"3";"BD PERIHERIQUE INTERIEUR";"48,88858800";"2,29359700"
"202400043372";"2";"04";"2024";"15:45";"1";"37";"37261";"2";"1";"1";"1";"AUBERDIERE (RUE DE L')";"47,36276000";"0,69238000"
"202400043373";"9";"05";"2024";"10:25";"1";"75";"75117";"2";"1";"1";"2";"BD PERIPHERIQUE EXTERIEUR";"48,89515800";"2,30641000"
"202400043374";"16";"07";"2024";"23:59";"3";"94";"94037";"1";"1";"1";"6";"A6A";"48,81380421";"2,33598945"
"202400043375";"24";"02";"2024";"12:30";"1";"51";"51515";"1";"1";"4";"6";"Autoroute A4 Pk 190+600";"49,03594100";"4,58904500"
"202400043376";"2";"04";"2024";"14:10";"1";"37";"37261";"2";"2";"1";"3";"ARAGO (RUE FRANCOIS)";"47,38702000";"0,67428000"
"202400043377";"17";"07";"2024";"17:30";"5";"92";"92026";"1";"1";"1";"2";"RN1014 Y";"48,88849622";"2,24910695"
"202400043378";"8";"05";"2024";"20:10";"1";"75";"75120";"2";"1";"1";"4";"BD PERIPHERIQUE INTERIEUR";"48,86874200";"2,41325200"
"202400043379";"24";"02";"2024";"22:10";"3";"64";"64189";"1";"1";"1";"6";"A63 - PK 195.800";"43,37355388";" -1,65600381"
"202400043380";"2";"04";"2024";"06:05";"3";"35";"35055";"2";"1";"1";"6";"MELLETTES (AV DES)";"48,08536960";" -1,62003949"
"202400043381";"8";"05";"2024";"18:25";"1";"75";"75120";"2";"1";"8";"3";"BD PERIPHERIQUE INTERIEUR";"48,86604900";"2,41320400"
"202400043382";"17";"07";"2024";"09:20";"1";"78";"78158";"1";"1";"1";"2";"A13";"48,84104900";"2,10701200"
"202400043383";"8";"05";"2024";"07:30";"1";"75";"75119";"2";"1";"8";"6";"ECHANGEUR VILLETTE";"48,89981289";"2,38546550"
"202400043384";"24";"02";"2024";"19:15";"3";"34";"34172";"1";"1";"1";"2";"A709";"43,60429300";"3,92852400"
"202400043385";"9";"05";"2024";"10:45";"1";"75";"75116";"2";"7";"1";"3";"PLACE CLEMENT ADER";"48,85153300";"2,27847500"
"202400043386";"17";"07";"2024";"08:20";"1";"93";"93063";"1";"1";"1";"2";"AUTOROUTE A3";"48,88003402";"2,45036099"
"202400043387";"24";"02";"2024";"13:40";"1";"38";"38118";"1";"1";"1";"2";"A48";"45,38752500";"5,47209300"
"202400043388";"1";"04";"2024";"18:10";"1";"35";"35238";"1";"1";"2";"4";"RN136";"48,09978000";" -1,71492000"
"202400043389";"8";"05";"2024";"16:55";"1";"75";"75109";"2";"3";"1";"2";"RUE DES MATHURINS";"48,87301328";"2,32841456"
"202400043390";"2";"04";"2024";"05:50";"3";"35";"35238";"1";"1";"1";"2";"ROCADE 3-4";"48,08876000";" -1,63291000"
"202400043391";"8";"05";"2024";"16:29";"1";"75";"75107";"2";"1";"1";"6";"PLACE HENRY DE MONTHERLANT";"48,86030800";"2,32688500"
"202400043392";"17";"07";"2024";"06:45";"2";"77";"77053";"1";"1";"1";"4";"RN104";"48,67709600";"2,60943400"
"202400043393";"24";"02";"2024";"19:45";"2";"45";"45126";"2";"1";"2";"6";"D11 PR 17 + 1143";"47,93242900";"2,13239900"
"202400043394";"9";"05";"2024";"08:45";"1";"94";"94041";"2";"4";"1";"3";"Quai Auguste Deshaies";"48,81854787";"2,40026647"
"202400043395";"24";"02";"2024";"23:50";"3";"66";"66182";"1";"1";"1";"1";"N/A";"42,72471200";"3,02970500"
"202400043396";"1";"04";"2024";"14:30";"1";"34";"34172";"2";"1";"1";"5";"LIBERTE (AVENUE DE LA";"43,60865000";"3,84630000"
"202400043397";"9";"05";"2024";"11:55";"1";"94";"94022";"2";"1";"1";"6";"Avenue Jean Jaurès";"48,76517000";"2,40796000"
"202400043398";"3";"05";"2024";"13:30";"1";"94";"94022";"2";"8";"1";"6";"Quai Fernand Dupuy";"48,76510000";"2,41117000"
"202400043399";"16";"05";"2024";"15:30";"1";"74";"74012";"2";"3";"2";"3";"EUROPE (AVENUE DE L')";"46,17784000";"6,23760000"
"202400043400";"25";"02";"2024";"18:30";"2";"13";"13066";"1";"1";"3";"1";"D28";"43,88706800";"4,88801500"
"202400043401";"2";"04";"2024";"11:30";"1";"33";"33063";"2";"3";"1";"3";"N/A";"44,84854000";" -0,58276000"
"202400043402";"9";"05";"2024";"18:15";"1";"93";"93005";"2";"1";"7";"1";"Rue Louise Michel";"48,93177500";"2,49850800"
"202400043403";"25";"02";"2024";"06:30";"2";"55";"55446";"1";"1";"2";"7";"DEPARTEMENTALE 6";"48,82779934";"5,27676085"
"202400043404";"10";"04";"2024";"13:55";"1";"74";"74281";"2";"1";"1";"3";"DRANSE (AVENUE DE LA)";"46,37000000";"6,49300000"
"202400043405";"2";"04";"2024";"09:40";"1";"33";"33063";"2";"1";"1";"2";"N/A";"44,82836000";" -0,57647000"
"202400043406";"9";"05";"2024";"20:15";"2";"92";"92078";"2";"2";"1";"3";"GALLIENI (BD) (1 A 79 ET 22 A 102)";"48,92803720";"2,33123660"
"202400043407";"14";"05";"2024";"16:20";"1";"74";"74010";"2";"6";"2";"3";"MAQUIS (CHEMIN DU)";"45,91992000";"6,13164000"
"202400043408";"16";"05";"2024";"14:49";"1";"92";"92073";"2";"9";"1";"6";"VERDUN (RUE DE)";"48,87500314";"2,23115348"
"202400043409";"1";"04";"2024";"16:48";"1";"31";"31555";"2";"1";"1";"2";"BD LASCROSSES";"43,60944000";"1,43156000"
"202400043410";"16";"08";"2024";"21:45";"5";"83";"83036";"2";"1";"1";"2";"D559";"43,18860200";"6,54892400"
"202400043411";"25";"02";"2024";"07:15";"2";"38";"38158";"2";"3";"1";"3";"Avenue Jean Jaures";"45,15715000";"5,74643200"
"202400043412";"12";"05";"2024";"15:06";"1";"74";"74010";"2";"9";"1";"3";"CRET DU MAURE (AVENUE DU)";"45,89532000";"6,12257000"
"202400043413";"2";"04";"2024";"11:50";"1";"30";"30007";"2";"2";"1";"7";"SERRE (RUE DU DOCTEUR)";"44,12243000";"4,08029000"
"202400043414";"24";"02";"2024";"07:41";"1";"69";"69050";"1";"1";"1";"1";"Route Buissonniere";"45,87705699";"4,64244274"
"202400043415";"11";"05";"2024";"13:03";"1";"74";"74010";"2";"6";"1";"6";"CHARLES DE GAULLE (PLACE)";"45,91203000";"6,13150000"
"202400043416";"9";"05";"2024";"18:03";"1";"92";"92026";"2";"6";"1";"3";"VICTOR HUGO (PLACE";"48,89227000";"2,25345000"
"202400043417";"24";"08";"2024";"07:15";"1";"71";"71026";"1";"1";"1";"3";"Autoroute A6 PK 345+590 sens LYON-PARIS";"46,65878500";"4,85580100"
"202400043418";"20";"02";"2024";"16:20";"1";"65";"65059";"1";"1";"1";"6";"LA MONGIE - RD 918 - Pk 45+400";"42,91023100";"0,18084500"
"202400043419";"18";"02";"2024";"13:45";"1";"29";"29039";"1";"1";"2";"1";"N/A";"47,91089605";" -3,90411615"
"202400043420";"27";"03";"2024";"18:37";"1";"74";"74119";"2";"1";"1";"1";"GRANDE RIVE (AVENUE DE)";"46,40260130";"6,60984063"
"202400043421";"24";"02";"2024";"22:50";"3";"35";"35037";"1";"1";"1";"6";"Le Grand Tertre";"48,03508100";" -1,82843000"
"202400043422";"9";"05";"2024";"16:10";"1";"92";"92024";"2";"2";"1";"3";"CLICHY (QUAI DE) DE (8 A 60)";"48,90846000";"2,30022000"
"202400043423";"2";"04";"2024";"17:30";"1";"29";"29019";"2";"1";"3";"6";"rue Chevreul";"48,40725100";" -4,49107100"
"202400043424";"22";"08";"2024";"09:45";"1";"17";"17264";"2";"1";"1";"1";"19 rue de l'Estran";"46,20117100";" -1,16883500"
"202400043425";"25";"02";"2024";"05:20";"3";"76";"76345";"1";"1";"1";"6";"Rue de l’Epte";"49,58089600";"1,65810000"
"202400043426";"6";"06";"2024";"06:15";"2";"44";"44184";"2";"2";"1";"3";"25 Rue Albert Thomas";"47,29386736";" -2,19565763"
"202400043427";"9";"05";"2024";"12:40";"1";"92";"92012";"2";"2";"1";"3";"JEAN JAURES (BOULEVARD) 63/215 - 70/208";"48,83680072";"2,24171412"
"202400043428";"24";"02";"2024";"18:45";"2";"60";"60097";"1";"1";"2";"6";"la haute borne D981";"49,32750877";"1,90159392"
"202400043429";"1";"04";"2024";"12:00";"1";"29";"29019";"2";"6";"1";"3";"boulevard de l'Europe";"48,41292600";" -4,50881800"
"202400043430";"10";"05";"2024";"12:56";"1";"37";"37242";"1";"1";"1";"6";"D7";"47,23196269";"0,13216925"
"202400043431";"10";"05";"2024";"16:33";"1";"62";"62081";"1";"1";"1";"7";"D14";"50,21778775";"3,06952260"
"202400043432";"23";"02";"2024";"19:30";"2";"95";"95582";"1";"1";"1";"2";"A15";"48,96831366";"2,25202133"
"202400043433";"23";"08";"2024";"19:00";"1";"59";"59576";"1";"3";"7";"4";"Route de Bourbourg";"50,99165700";"2,30912400"
"202400043434";"9";"05";"2024";"16:20";"1";"54";"54023";"1";"1";"1";"7";"D914";"48,75043797";"6,54027700"
"202400043435";"2";"04";"2024";"19:05";"1";"27";"27681";"2";"2";"2";"1";"MENDES FRANCE (AVENUE PIERRE)";"49,08947000";"1,48232000"
"202400043436";"20";"02";"2024";"17:45";"1";"75";"75120";"2";"3";"1";"1";"RUE DES PYRENEES";"48,87378700";"2,38831800"
"202400043437";"10";"05";"2024";"19:00";"1";"60";"60040";"1";"1";"1";"7";"rd152";"49,42477900";"2,58976900"
"202400043438";"18";"08";"2024";"23:40";"3";"84";"84099";"1";"1";"1";"2";"5828 Route de Gordes";"43,86675200";"5,11803000"
"202400043439";"16";"03";"2024";"13:15";"1";"29";"29232";"2";"6";"8";"1";"Rond-Point de Kermoysan";"47,98694000";" -4,12749000"
"202400043440";"10";"05";"2024";"20:10";"1";"80";"80523";"1";"1";"1";"3";"D329";"49,97455800";"2,69528200"
"202400043441";"1";"04";"2024";"18:05";"1";"27";"27554";"2";"6";"1";"3";"ROUEN (AVENUE DE)";"49,11239000";"1,45029000"
"202400043442";"22";"02";"2024";"19:25";"5";"75";"75120";"2";"3";"8";"6";"RUE LEON FRAPIE";"48,87332200";"2,41030500"