"Num_Acc";"jour";"mois";"an";"hrmn";"lum";"dep";"com";"agg";"int";"atm";"col";"adr";"lat";"long"
"202400043443";"10";"05";"2024";"15:25";"1";101;101200";"1";"1";"1";"7";"D69";"41,98692860";"9,18795182"
"202400043444";"23";"08";"2024";"20:30";"5";"85";"85109";"1";"6";"1";"2";"RD755";"46,88907300";" -1,03614800"
"202400043445";"2";"04";"2024";"02:30";"5";"27";"27701";"2";"1";"1";"3";"PARC (CH. DU) FALAISES A LACS";"49,26847000";"1,21513000"
"202400043446";"23";"02";"2024";"00:06";"5";"75";"75116";"2";"5";"1";"3";"AVENUE D IENA";"48,86796400";"2,29590800"
"202400043447";"8";"05";"2024";"17:40";"1";"01";"01002";"1";"1";"1";"6";"D63";"45,98612300";"5,43007900"
"202400043448";"2";"04";"2024";"17:30";"1";"27";"27229";"2";"1";"2";"6";"CALVAIRE (RUE DU)";"49,00734000";"1,15112000"
"202400043449";"24";"08";"2024";"08:25";"1";"36";"36200";"1";"1";"1";"7";"N/A";"46,61611843";"1,54050660"
"202400043450";"10";"05";"2024";"15:00";"1";"974";"97422";"1";"1";"1";"6";"Rue du Paille En Queue";" -21,30454900";"55,53410800"
"202400043451";"22";"02";"2024";"01:45";"5";"75";"75111";"2";"3";"2";"3";"RUE DU FAUBOURG SAINT ANTOINE";"48,85159300";"2,37486100"
"202400043452";"24";"08";"2024";"01:45";"3";"62";"62289";"1";"1";"2";"6";"D138";"50,44641539";"1,78342053"
"202400043453";"15";"07";"2024";"16:15";"1";"987";"98736";"2";"6";"1";"3";"CHARLES DE GAULLE (AV)";" -17,52805000";" -149,54810000"
"202400043454";"10";"05";"2024";"13:00";"1";"972";"97210";"1";"9";"1";"1";"N6";"14,57907700";" -60,86393600"
"202400043455";"2";"04";"2024";"17:20";"1";"25";"25056";"2";"6";"1";"6";"MAROT RUE CLEMENT";"47,21924000";"5,95605000"
"202400043456";"23";"02";"2024";"19:40";"5";"94";"94046";"2";"3";"8";"6";"Avenue Gambetta / Rue de Bordeaux";"48,80982000";"2,45003000"
"202400043457";"2";"04";"2024";"08:30";"1";"25";"25056";"2";"1";"2";"6";"KENNEDY  BOULEVARD J.F.";"47,23513000";"5,98465000"
"202400043458";"5";"08";"2024";"14:45";"1";"62";"62165";"1";"1";"1";"6";"D254";"50,70544890";"1,82747770"
"202400043459";"8";"05";"2024";"09:10";"1";"12";"12169";"2";"3";"1";"3";"22 Avenue de Rodez";"44,19904700";"2,34331900"
"202400043460";"16";"07";"2024";"20:40";"5";"974";"97411";"2";"2";"1";"3";"NONGE (AVENUE EUDOXIE)";" -20,89631149";"55,49200952"
"202400043461";"23";"02";"2024";"19:15";"5";"94";"94046";"2";"2";"1";"3";"Rue de Joinville / Rue Condorcet";"48,81047000";"2,45272000"
"202400043462";"2";"04";"2024";"19:56";"1";"17";"17300";"2";"6";"1";"3";"CARNOT   AVENUE";"46,16461400";" -1,18180700"
"202400043463";"23";"08";"2024";"16:35";"1";"19";"19019";"1";"1";"1";"3";"carcanne";"44,96901800";"1,84357900"
"202400043464";"16";"07";"2024";"16:50";"2";"974";"97411";"1";"1";"1";"2";"JAURES (BOULEVARD JEAN)";" -20,90255000";"55,50154000"
"202400043465";"10";"05";"2024";"10:55";"1";"29";"29235";"1";"1";"1";"4";"N165";"48,39111959";" -4,40173093"
"202400043466";"22";"02";"2024";"09:29";"1";"94";"94028";"2";"1";"2";"5";"Rue du Général Sarrail";"48,79315300";"2,45221400"
"202400043467";"1";"04";"2024";"11:45";"1";"14";"14118";"2";"2";"1";"3";"Boulevard Henri Becquerel";"49,21097600";" -0,36323000"
"202400043468";"16";"07";"2024";"19:10";"2";"973";"97302";"2";"6";"1";"3";"N/A";"4,93331183";" -52,30959642"
"202400043469";"9";"05";"2024";"09:00";"1";"59";"59107";"2";"1";"8";"3";"43 Rue Auguste Coolen";"51,07149100";"2,52776200"
"202400043470";"24";"08";"2024";"11:00";"1";"56";"56094";"1";"1";"3";"3";"Lieu Dit Lumelen";"47,74988500";" -3,27057800"
"202400043471";"2";"04";"2024";"21:00";"5";"13";"13203";"2";"9";"1";"1";"CAMILLE PELLETAN (AVENUE)";"43,30596618";"5,37336389"
"202400043472";"23";"02";"2024";"18:28";"5";"94";"94059";"2";"3";"2";"6";"avenue maurice berteaux / avenue georges foureau";"48,81200163";"2,56727931"
"202400043473";"9";"05";"2024";"17:47";"1";"65";"65104";"1";"1";"1";"6";"D632";"43,25203300";"0,13464700"
"202400043474";"16";"07";"2024";"16:40";"1";"972";"97213";"1";"1";"1";"2";"AUTOROUTE A1";"14,61764000";" -61,02512000"
"202400043475";"9";"05";"2024";"18:30";"1";"51";"51287";"2";"1";"1";"2";"Route de Fismes";"49,08539100";"3,94184400"
"202400043476";"15";"07";"2024";"08:35";"1";"972";"97209";"2";"9";"2";"6";"CARLOS FINLAY (RUE)";"14,61145000";" -61,07452000"
"202400043477";"2";"04";"2024";"10:10";"1";"13";"13215";"2";"1";"1";"2";"DE SAINT LOUIS AU ROVE (chemin)";"43,35000000";"5,35000000"
"202400043478";"23";"02";"2024";"18:02";"2";"92";"92073";"2";"9";"8";"6";"BLUM (QUAI LEON)";"48,86508030";"2,22684968"
"202400043479";"24";"08";"2024";"10:10";"1";"69";"69169";"1";"1";"1";"4";"Route du Pilon";"45,97972976";"4,39244758"
"202400043480";"1";"04";"2024";"17:30";"1";"13";"13201";"2";"1";"1";"3";"FLAMMARION (BOULEVARD)     1 A 65";"43,30000000";"5,40000000"
"202400043481";"17";"07";"2024";"01:05";"5";"69";"69382";"2";"1";"1";"1";"Quai Maréchal Joffre";"45,75214000";"4,82435000"
"202400043482";"23";"02";"2024";"02:50";"5";"92";"92073";"2";"1";"1";"6";"PEPINIERE (ALLEE DE LA)";"48,86747313";"2,21185005"
"202400043483";"20";"08";"2024";"18:35";"2";"69";"69063";"2";"6";"1";"2";"Quai de la Jonchère";"45,81484534";"4,84616967"
"202400043484";"15";"07";"2024";"21:50";"2";"69";"69382";"2";"3";"1";"2";"Pont de l'Université";"45,75300000";"4,83411000"
"202400043485";"9";"05";"2024";"15:15";"1";"81";"81146";"1";"2";"1";"5";"Route de Souel";"44,03855300";"2,00734400"
"202400043486";"23";"02";"2024";"12:40";"1";"92";"92063";"2";"1";"1";"3";"HOPITAL STELL (BOULEVARD DE L')";"48,87949407";"2,18580918"
"202400043487";"14";"04";"2024";"13:05";"1";"971";"97120";"2";"1";"1";"6";"RASPAIL";"16,23019000";" -61,53129000"
"202400043488";"23";"08";"2024";"22:05";"3";"46";"46267";"1";"1";"1";"6";"2855 route de septfons";"44,62296100";"1,45809700"
"202400043489";"1";"04";"2024";"17:50";"1";"13";"13063";"2";"1";"1";"2";"HUIT MAI 1945 AVENUE DU";"43,59237000";"5,00400000"
"202400043490";"16";"07";"2024";"08:00";"1";"971";"97120";"2";"2";"2";"6";"PAUL LACAVE";"16,24352000";" -61,53256000"
"202400043491";"1";"04";"2024";"16:45";"1";"13";"13028";"1";"1";"1";"1";"CD 559 (CHEMIN DEPARTEMENTAL°";"43,20648000";"5,58570000"
"202400043492";"22";"02";"2024";"19:26";"2";"92";"92050";"2";"9";"1";"4";"PONS NOEL RUE";"48,90428952";"2,21966945"
"202400043493";"23";"08";"2024";"21:15";"3";"68";"68152";"2";"3";"1";"3";"Route d'Altkirch";"47,66540200";"7,26531000"
"202400043494";"16";"07";"2024";"19:22";"2";101;101004";"2";"6";"1";"3";"ROSSINI PASCAL BD";"41,91631000";"8,73137000"
"202400043495";"2";"04";"2024";"18:00";"1";"13";"13005";"2";"1";"1";"3";"RN 8";"43,28508000";"5,59147000"
"202400043496";"22";"02";"2024";"18:45";"5";"92";"92048";"2";"1";"2";"6";"VILLACOUBLAY (AVENUE DE)";"48,78331000";"2,23004000"
"202400043497";"16";"07";"2024";"11:30";"1";"84";"84031";"2";"1";"1";"6";"COUBERTIN AVENUE PIERRE DE";"44,03449000";"5,05794000"
"202400043498";"23";"02";"2024";"10:25";"1";"92";"92023";"2";"1";"1";"3";"BOURCILLIERE (RUE DE LA)";"48,78098550";"2,23535120"
"202400043499";"28";"03";"2024";"14:30";"1";"12";"12100";"2";"9";"1";"3";"RUE FRANÇOIS MITTERAND";"44,54011000";"2,30703000"
"202400043500";"22";"08";"2024";"18:45";"1";"39";"39421";"1";"1";"1";"1";"N/A";"46,70794100";"5,57993900"
"202400043501";"24";"02";"2024";"16:10";"1";"59";"59238";"2";"1";"1";"1";"Route d'Hergnies";"50,50790429";"3,48888874"
"202400043502";"1";"04";"2024";"16:39";"1";"11";"11069";"1";"9";"1";"1";"ROCADE NORD - RD 6113";"43,23316000";"2,35849000"
"202400043503";"16";"07";"2024";"11:10";"1";"84";"84031";"2";"6";"1";"7";"SAINT ROCH AVENUE";"44,06835000";"5,05241000"
"202400043504";"23";"02";"2024";"19:00";"2";"37";"37040";"2";"1";"2";"6";"Route Principale";"47,10117825";"0,40270078"
"202400043505";"23";"08";"2024";"20:17";"1";"44";"44169";"1";"1";"1";"2";"N/A";"47,22896400";" -1,41079400"
"202400043506";"1";"04";"2024";"11:45";"1";"06";"06027";"2";"1";"1";"1";"Promenade de l'Hippodrome";"43,64728200";"7,14812400"
"202400043507";"16";"07";"2024";"19:15";"1";"30";"30011";"2";"1";"1";"7";"Avenue de Verdun";"43,95818000";"4,77430000"
"202400043508";"23";"02";"2024";"14:55";"1";"01";"01004";"2";"4";"8";"3";"Avenue de Verdun";"45,96118500";"5,35527200"
"202400043509";"24";"08";"2024";"13:20";"1";"44";"44127";"2";"1";"1";"7";"42 Rue de nantes";"47,01703600";" -1,43585100"
"202400043510";"16";"07";"2024";"17:50";"1";"30";"30351";"1";"1";"1";"1";"Avenue de Rheimbach";"43,98021000";"4,78530000"
"202400043511";"2";"04";"2024";"19:45";"5";"06";"06155";"2";"2";"1";"3";"Rue Sicard";"43,57787000";"7,05432000"
"202400043512";"24";"02";"2024";"07:45";"2";"28";"28041";"1";"1";"8";"6";"autoroute oceane - A11 - PK 081+050";"48,30357900";"1,29688000"
"202400043513";"1";"04";"2024";"12:34";"1";"75";"75120";"2";"1";"1";"3";"BD PERIPHERIQUE EXTERIEUR";"48,87056300";"2,41345600"
"202400043514";"16";"07";"2024";"17:15";"1";"84";"84007";"2";"3";"1";"3";"LYON (route de )";"43,95020000";"4,82252000"
"202400043515";"21";"08";"2024";"17:50";"1";"44";"44131";"1";"1";"7";"6";"N/A";"47,09949219";" -1,99215500"
"202400043516";"2";"04";"2024";"10:25";"1";"75";"75120";"2";"1";"1";"6";"PASSAGE GAMBETTA";"48,87329300";"2,40128900"
"202400043517";"23";"02";"2024";"17:35";"1";"51";"51136";"1";"3";"2";"3";"Rue de la Fontinette";"49,09477800";"3,75509300"
"202400043518";"16";"07";"2024";"12:40";"1";"84";"84007";"2";"9";"1";"3";"OULLE (Boulevard de l')";"43,94964000";"4,80178000"
"202400043519";"16";"07";"2024";"01:00";"5";"83";"83137";"2";"1";"1";"6";"RIVIERE (QUAI COMMANDANT)";"43,13992000";"5,90996000"
"202400043520";"21";"02";"2024";"18:50";"5";"30";"30334";"2";"1";"1";"1";"26-28 Avenue de la Gare";"44,01123200";"4,41308700"
"202400043521";"23";"08";"2024";"08:15";"2";"29";"29025";"1";"4";"2";"2";"D7";"48,15087194";" -4,14407239"
"202400043522";"23";"02";"2024";"12:15";"1";"51";"51529";"1";"1";"1";"6";"RD 980";"49,29171114";"4,28117505"
"202400043523";"24";"08";"2024";"11:30";"1";"84";"84005";"1";"1";"1";"5";"Route de Montbrun les Bains";"44,13305800";"5,42518600"
"202400043524";"24";"02";"2024";"03:34";"3";"79";"79299";"1";"1";"1";"2";"N/A";"46,89578900";" -0,19286200"
"202400043525";"15";"07";"2024";"16:15";"1";"83";"83137";"2";"3";"1";"3";"STRASBOURG (BD DE )";"43,12486000";"5,93274000"
"202400043526";"24";"02";"2024";"02:30";"3";"65";"65317";"1";"1";"4";"6";"N/A";"42,81024700";"0,42706700"
"202400043527";"9";"07";"2024";"17:45";"1";"83";"83009";"2";"1";"1";"6";"LIBERATION (AVENUE DE LA)";"43,13822584";"5,76345563"
"202400043528";"2";"04";"2024";"17:15";"1";"75";"75115";"2";"2";"3";"3";"RUE LOUIS ARMAND";"48,83344300";"2,27702900"
"202400043529";"23";"08";"2024";"15:30";"1";"09";"09265";"2";"1";"1";"3";"Avenue des Pyrénées";"43,09003000";"1,62710800"
"202400043530";"15";"07";"2024";"08:30";"1";"83";"83123";"2";"1";"1";"6";"ESTIENNE D'ORVES (BD)";"43,11603537";"5,80664456"
"202400043531";"23";"02";"2024";"16:00";"1";"49";"49200";"1";"1";"3";"7";"Les Guerrières";"47,54095500";" -0,66411000"
"202400043532";"2";"04";"2024";"08:10";"1";"75";"75115";"2";"2";"1";"6";"RUE DE LA CONVENTION";"48,84313000";"2,28351600"
"202400043533";"23";"08";"2024";"18:10";"1";"60";"60064";"2";"1";"1";"1";"Rue Marcel Rinn";"49,41283500";"3,00852300"
"202400043534";"24";"02";"2024";"08:15";"1";"12";"12257";"1";"1";"2";"6";"Les Cazalous";"44,55087600";"2,02077600"
"202400043535";"15";"07";"2024";"18:10";"1";"80";"80489";"2";"1";"1";"2";"Avenue Henri Barbusse";"49,87480000";"2,34886000"
"202400043536";"1";"04";"2024";"17:50";"1";"75";"75114";"2";"3";"1";"3";"RUE DIDOT";"48,82876000";"2,31658100"
"202400043537";"23";"08";"2024";"19:00";"1";"60";"60155";"1";"1";"1";"6";"D929";"49,26813700";"2,35084700"
"202400043538";"24";"02";"2024";"17:50";"2";"12";"12208";"2";"3";"7";"6";"Rue Gaston Delure";"43,95832800";"2,88528400"
"202400043539";"24";"08";"2024";"11:50";"1";"64";"64180";"1";"1";"1";"6";"24 Route de Garlin";"43,55946200";" -0,23128800"
"202400043540";"16";"07";"2024";"18:55";"1";"78";"78140";"2";"1";"1";"2";"EUROPE (AVENUE DE L')";"48,96787900";"1,92190900"
"202400043541";"2";"04";"2024";"16:45";"1";"75";"75111";"2";"3";"8";"3";"RUE PETION";"48,85976900";"2,38070900"
"202400043542";"23";"02";"2024";"15:35";"1";"34";"34268";"1";"1";"1";"1";"Route de Rabieux";"43,70903200";"3,43808200"
"202400043543";"16";"07";"2024";"19:45";"1";"77";"77390";"2";"1";"1";"6";"AV JEAN MONNET";"48,78887000";"2,63966000"
"202400043544";"24";"08";"2024";"14:33";"1";"43";"43111";"1";"1";"1";"1";"Bargettes";"44,87713602";"3,84689709"
"202400043545";"2";"04";"2024";"14:19";"1";"75";"75110";"2";"4";"1";"5";"BOULEVARD DE MAGENTA";"48,86914100";"2,36228000"
"202400043546";"24";"02";"2024";"13:55";"1";"44";"44139";"1";"2";"2";"6";"2 le Clos Pabois";"47,45744200";" -1,92326700"
"202400043547";"23";"08";"2024";"14:15";"1";"10";"10209";"2";"7";"1";"3";"Route du Lac";"48,25414500";"4,27223300"
"202400043548";"15";"07";"2024";"16:20";"1";"77";"77284";"2";"1";"2";"6";"ROOSEVELT (AV.DU PDT)";"48,95708700";"2,89894000"
"202400043549";"2";"04";"2024";"16:44";"1";"75";"75107";"2";"2";"2";"3";"QUAI BRANLY";"48,86055100";"2,29561700"
"202400043550";"23";"08";"2024";"15:35";"1";"16";"16086";"1";"1";"1";"7";"N/A";"45,86471700";"0,80262400"
"202400043551";"24";"02";"2024";"07:00";"2";"44";"44198";"1";"1";"2";"1";"N/A";"47,12073500";" -1,53112800"
"202400043552";"16";"07";"2024";"19:30";"1";"77";"77186";"1";"2";"1";"3";"D301";"48,37657800";"2,73953400"
"202400043553";"2";"04";"2024";"12:00";"1";"94";"94073";"2";"1";"1";"2";"Avenue du Général de Gaulle";"48,76849000";"2,37015000"
"202400043554";"23";"02";"2024";"15:15";"1";"01";"01295";"2";"2";"1";"3";"Grande Rue";"46,12773500";"4,81692600"
"202400043555";"23";"08";"2024";"14:38";"1";"04";"04108";"2";"1";"1";"1";"Avenue de la Haute Provence";"44,04626534";"6,03303993"
"202400043556";"5";"07";"2024";"12:35";"1";"73";"73065";"2";"3";"1";"6";"Rue Commandant Bulle";"45,60136000";"5,91286000"
"202400043557";"2";"04";"2024";"16:00";"1";"93";"93070";"2";"1";"1";"2";"Avenue Gabriel Péri";"48,90528103";"2,33157670"
"202400043558";"23";"02";"2024";"18:15";"2";"54";"54449";"2";"1";"2";"6";"3 Route des Vosges";"48,57126100";"6,47778700"
"202400043559";"22";"08";"2024";"19:00";"1";"04";"04094";"1";"9";"1";"2";"Route Départementale 4";"43,75248900";"5,80453100"
"202400043560";"15";"07";"2024";"17:50";"1";"72";"72181";"2";"3";"1";"6";"GLONNIERES (BD) N° PAIRS";"47,97139000";"0,21375000"
"202400043561";"2";"04";"2024";"07:17";"1";"93";"93005";"2";"3";"1";"6";"Rue Charles Dordain / Avenue Anatole France";"48,93368000";"2,49361000"
"202400043562";"24";"02";"2024";"06:15";"3";"50";"50569";"1";"1";"2";"5";"Route de la Carriere";"49,07494800";" -1,32923800"
"202400043563";"24";"08";"2024";"09:30";"1";"85";"85050";"1";"1";"1";"1";"saint-hubert";"46,53190800";" -1,35109800"
"202400043564";"16";"07";"2024";"09:55";"1";"67";"67482";"2";"1";"1";"6";"RHIN TORTU (RUE DU)";"48,54258800";"7,75849000"
"202400043565";"23";"02";"2024";"09:05";"1";"50";"50589";"1";"1";"7";"6";"D200";"48,59182400";" -1,44772800"
"202400043566";"1";"04";"2024";"19:30";"1";"93";"93006";"2";"1";"1";"3";"Avenue Gambetta";"48,87045540";"2,41698593"
"202400043567";"6";"06";"2024";"20:00";"1";"69";"69290";"1";"1";"1";"4";"Rocade Est";"45,72005000";"4,97229000"
"202400043568";"16";"07";"2024";"11:30";"1";"64";"64445";"2";"1";"1";"3";"PYRENEES DES";"43,29380681";" -0,36497891"
"202400043569";"23";"08";"2024";"07:50";"1";"27";"27210";"1";"3";"1";"3";"D613 PK52+750";"49,13062200";"0,81322200"
"202400043570";"15";"06";"2024";"08:25";"1";"33";"33550";"1";"1";"1";"6";"N/A";"44,77977000";" -0,57492700"
"202400043571";"23";"02";"2024";"18:40";"5";"10";"10262";"2";"2";"2";"3";"D971";"48,03900000";"4,41560000"
"202400043572";"2";"04";"2024";"09:45";"1";"92";"92064";"2";"1";"1";"3";"MARCEL DASSAULT";"48,85459890";"2,22270155"
"202400043573";"23";"08";"2024";"23:30";"3";"17";"17325";"1";"1";"1";"7";"Route de Port Maubert";"45,42181400";" -0,71442200"
"202400043574";"16";"07";"2024";"07:15";"1";"64";"64445";"2";"2";"1";"7";"RESISTANCE";"43,30240000";" -0,37555000"
"202400043575";"24";"08";"2024";"07:15";"2";"23";"23131";"1";"1";"1";"6";"pk 4 D941";"45,89496600";"2,45907100"
"202400043576";"15";"06";"2024";"05:25";"5";"33";"33249";"1";"1";"1";"2";"N/A";"44,88448000";" -0,51682000"
"202400043577";"23";"02";"2024";"21:45";"3";"23";"23102";"1";"1";"2";"6";"3 Folbeix";"46,27269100";"2,04576400"
"202400043578";"2";"04";"2024";"17:50";"1";"92";"92063";"2";"3";"2";"3";"VERSAILLES (AVENUE DE)";"48,86386252";"2,16579768"
"202400043579";"15";"07";"2024";"23:50";"5";"64";"64348";"1";"3";"1";"6";"REBEQUE DE";"43,31694553";" -0,42354494"
"202400043580";"15";"06";"2024";"00:26";"3";"91";"91179";"1";"1";"1";"6";"AUTOROUTE A6";"48,57066352";"2,46972148"
"202400043581";"24";"08";"2024";"10:30";"1";"24";"24282";"1";"1";"1";"3";"N/A";"44,74112472";"0,58948517"
"202400043582";"15";"06";"2024";"03:40";"3";"78";"78646";"1";"1";"1";"6";"RN12 INT";"48,78232500";"2,16185800"
"202400043583";"2";"04";"2024";"15:35";"1";"92";"92050";"2";"1";"1";"3";"LIBERTE AVENUE DE LA";"48,88862386";"2,20906806"
"202400043584";"24";"02";"2024";"07:45";"1";"40";"40152";"1";"1";"4";"4";"A63 - PK 101.900";"43,98750400";" -1,04365800"
"202400043585";"14";"07";"2024";"14:15";"1";"64";"64445";"2";"3";"1";"3";"NITOT";"43,29625000";" -0,35352000"
"202400043586";"23";"08";"2024";"19:30";"1";"05";"05162";"1";"1";"1";"6";"A51";"44,44010701";"6,02901935"
"202400043587";"14";"06";"2024";"16:25";"1";"95";"95572";"1";"1";"1";"3";"N184";"49,03791744";"2,12330895"
"202400043588";"1";"04";"2024";"18:10";"1";"92";"92040";"2";"1";"1";"6";"DOCTEUR LOMBARD (DU)";"48,82046356";"2,25068879"
"202400043589";"15";"07";"2024";"19:15";"1";"64";"64125";"2";"1";"1";"3";"PLATEAU (AVENUE DU)";"43,44511000";" -1,58380000"
"202400043590";"14";"06";"2024";"17:45";"1";"92";"92036";"1";"1";"1";"1";"AUTOROUTE A15";"48,94364712";"2,28775617"
"202400043591";"24";"02";"2024";"03:50";"3";"49";"49007";"1";"9";"1";"1";"A11, PK 261.450, sens PARIS-NANTES";"47,49203700";" -0,53103400"
"202400043592";"2";"04";"2024";"09:40";"1";"92";"92025";"2";"1";"1";"1";"GABRIEL PERI (RUE)";"48,91723327";"2,23626646"
"202400043593";"23";"08";"2024";"14:30";"1";"973";"97305";"1";"1";"1";"5";"322 RN1";"4,92743100";" -52,39301600"
"202400043594";"14";"06";"2024";"17:40";"1";"95";"95500";"1";"1";"2";"2";"A15";"49,03827684";"2,08827086"
"202400043595";"15";"07";"2024";"06:52";"1";"64";"64122";"2";"2";"1";"3";"N/A";"43,48028700";" -1,54660500"
"202400043596";"2";"04";"2024";"17:25";"1";"92";"92024";"2";"1";"2";"6";"GENERAL LECLERC (BD DU) DE (61 A 9)";"48,90218000";"2,31419000"
"202400043597";"26";"01";"2024";"18:50";"3";"17";"17299";"1";"1";"2";"4";"A837";"45,96535800";" -0,97159300"
"202400043598";"24";"08";"2024";"10:30";"1";"971";"97125";"1";"1";"1";"3";"Belle Allée";"16,25708400";" -61,30860300"
"202400043599";"27";"06";"2024";"12:05";"1";"62";"62464";"2";"1";"1";"3";"D947";"50,49232000";"2,80924000"
"202400043600";"14";"06";"2024";"19:25";"1";"93";"93078";"1";"1";"1";"4";"A104";"48,96165006";"2,54513860"
"202400043601";"24";"02";"2024";"18:25";"3";"60";"60142";"1";"9";"2";"1";"La Chapelle-en-Serval";"49,12182825";"2,53314257"
"202400043602";"24";"08";"2024";"09:40";"1";"84";"84078";"1";"1";"1";"6";"RN7";"44,22642000";"4,71392900"
"202400043603";"2";"04";"2024";"12:30";"1";"92";"92019";"2";"3";"1";"3";"DIVISION LECLERC (AVENUE DE LA)";"48,76552586";"2,26033205"
"202400043604";"23";"02";"2024";"23:08";"3";"28";"28026";"1";"1";"1";"6";"PK 52+500 Autoroute A10 vers PARIS";"48,30997300";"1,86244000"
"202400043605";"15";"07";"2024";"22:50";"5";"62";"62193";"2";"1";"1";"2";"Rue d’Asfeld";"50,95936000";"1,83291000"
"202400043606";"24";"08";"2024";"14:35";"1";"13";"13096";"1";"9";"1";"3";"D570";"43,46936600";"4,41453000"
"202400043607";"2";"04";"2024";"12:10";"1";"92";"92012";"2";"1";"1";"6";"PARCHAMP (RUE DU) 1/7 - 2/6";"48,84690135";"2,23483872"
"202400043608";"23";"02";"2024";"07:00";"1";"987";"98724";"1";"1";"1";"6";"district de TEFARERII";" -16,75110892";" -150,99614739"
"202400043609";"24";"08";"2024";"07:00";"1";"21";"21021";"1";"1";"1";"1";"D961";"47,33901900";"5,23559700"
"202400043610";"14";"06";"2024";"15:05";"1";"93";"93007";"1";"1";"1";"4";"A1";"48,94674096";"2,44241883"
"202400043611";"24";"08";"2024";"13:00";"1";"68";"68292";"1";"1";"1";"1";"D431";"47,90987353";"7,05032956"
"202400043612";"23";"02";"2024";"07:02";"1";"974";"97408";"1";"9";"1";"3";"149 CD NORD 41";" -20,92820900";"55,36064400"
"202400043613";"13";"07";"2024";"23:45";"5";"61";"61001";"2";"2";"1";"6";"D438";"48,42731400";"0,09305900"
"202400043614";"14";"06";"2024";"10:45";"1";"95";"95042";"1";"1";"1";"7";"N104";"49,05732320";"2,29626596"
"202400043615";"2";"04";"2024";"17:42";"1";"92";"92004";"2";"1";"2";"4";"DOCTEUR DERVAUX  ( QUAI DU )";"48,90394407";"2,28538030"
"202400043616";"23";"08";"2024";"17:40";"1";"68";"68370";"1";"1";"1";"1";"D5biii";"48,00750300";"6,97280500"
"202400043617";"23";"02";"2024";"17:10";"1";"45";"45212";"1";"1";"2";"7";"D117 PR 4 + 373";"47,90640400";"2,78964800"
"202400043618";"2";"04";"2024";"09:30";"1";"92";"92004";"2";"9";"1";"3";"DOCTEUR DERVAUX  ( QUAI DU )";"48,91059796";"2,29676682"
"202400043619";"15";"06";"2024";"06:50";"1";"77";"77169";"1";"1";"1";"4";"A4.Y";"48,83255300";"2,59701800"
"202400043620";"2";"04";"2024";"16:45";"3";"09";"09209";"2";"1";"1";"6";"Audinac les Bains";"43,00619300";"1,18199600"
"202400043621";"16";"07";"2024";"18:30";"1";"60";"60057";"2";"1";"1";"2";"Rue du Moulin de Bracheux";"49,42790000";"2,11770000"
"202400043622";"22";"02";"2024";"17:20";"1";"78";"78296";"1";"1";"6";"6";"Route de Brueil";"49,01289000";"1,78333600"
"202400043623";"24";"08";"2024";"13:50";"1";"68";"68329";"1";"1";"1";"4";"D417";"48,06911800";"7,04854000"
"202400043624";"14";"06";"2024";"17:30";"1";"77";"77121";"1";"1";"1";"2";"A104";"48,83851400";"2,66446900"
"202400043625";"15";"07";"2024";"16:40";"1";"59";"59599";"2";"1";"2";"6";"Rue du Château";"50,72262800";"3,16564400"
"202400043626";"30";"03";"2024";"01:01";"3";"95";"95504";"1";"1";"3";"3";"A16";"49,10957559";"2,25623667"
"202400043627";"23";"08";"2024";"22:40";"3";"67";"67052";"1";"1";"1";"7";"D35";"48,46654100";"7,43282000"
"202400043628";"21";"02";"2024";"09:10";"1";"26";"26124";"1";"1";"1";"4";"N/A";"44,82778200";"4,86063500"
"202400043629";"26";"03";"2024";"20:22";"4";"19";"19005";"1";"2";"2";"3";"Rue des Sorbiers";"45,22558300";"1,42635000"
"202400043630";"24";"08";"2024";"00:03";"3";"03";"03235";"1";"1";"1";"6";"Départementale 60";"46,26644700";"3,53908900"
"202400043631";"15";"07";"2024";"20:25";"1";"59";"59375";"2";"1";"1";"6";"ORCHIES CD 957 (ROUTE D')";"50,41136000";"3,27333000"
"202400043632";"3";"04";"2024";"16:00";"1";"68";"68019";"1";"4";"1";"3";"D468";"48,09562700";"7,53342400"
"202400043633";"23";"02";"2024";"18:10";"2";"38";"38146";"1";"3";"1";"3";"pk 999 D140e";"45,70143600";"5,28937500"
"202400043634";"13";"06";"2024";"06:41";"1";"987";"98735";"2";"4";"1";"3";"DUMONT D'URVILLE (RUE QTIER VILLIERME)";" -17,54226000";" -149,56743000"
"202400043635";"23";"08";"2024";"18:40";"1";"73";"73061";"1";"1";"1";"1";"D118";"45,69829977";"6,40892615"
"202400043636";"22";"06";"2024";"15:43";"1";"56";"56260";"2";"1";"1";"7";"Boulevard des Îles";"47,65189000";" -2,78751000"
"202400043637";"3";"04";"2024";"08:30";"1";"46";"46197";"1";"1";"1";"2";"RD 820";"44,37190700";"1,45234100"
"202400043638";"23";"08";"2024";"20:50";"2";"73";"73081";"1";"1";"1";"7";"D59 Villaret rouge";"45,68881100";"6,11071000"
"202400043639";"14";"06";"2024";"16:00";"1";"974";"97411";"2";"1";"1";"2";"LANCASTEL (BOULEVARD)";" -20,87683000";"55,45585000"
"202400043640";"2";"04";"2024";"17:25";"1";"46";"46010";"1";"1";"1";"6";"pk 35 D911";"44,44736100";"1,52699800"
"202400043641";"23";"02";"2024";"13:00";"1";"01";"01330";"2";"2";"1";"3";"Carrefour du 2 fevrier 1944";"45,99668600";"5,66417600"
"202400043642";"15";"07";"2024";"11:51";"1";"54";"54395";"2";"2";"1";"6";"Rue Jeanne d'Arc";"48,67967000";"6,17609000"
"202400043643";"14";"06";"2024";"08:40";"1";"974";"97409";"2";"3";"1";"3";"DU LYCEE(RUE)";" -20,96361000";"55,65620000"
"202400043644";"24";"08";"2024";"14:30";"1";"73";"73213";"1";"2";"1";"3";"D1006";"45,56365300";"5,96862900"
"202400043645";"20";"02";"2024";"09:56";"1";"69";"69060";"1";"1";"1";"6";"Route de Claveisolles";"46,08024100";"4,49791400"
"202400043646";"14";"06";"2024";"16:32";"1";"973";"97302";"2";"1";"1";"3";"MADELEINE (ROUTE DE LA)";"4,91515652";" -52,32097077"
"202400043647";"24";"08";"2024";"12:22";"1";"38";"38545";"2";"1";"1";"6";"4 Avenue d'Argenson";"45,05610700";"5,68066100"
"202400043648";"23";"02";"2024";"17:15";"1";"31";"31499";"2";"1";"1";"1";"615 Route de Toulouse";"43,51857971";"1,18486623"
"202400043649";"16";"07";"2024";"08:27";"1";"54";"54280";"2";"9";"1";"2";"Rue de Franchepré";"49,22595000";"6,01549000"
"202400043650";"14";"06";"2024";"12:50";"1";"973";"97302";"2";"1";"2";"3";"MADELEINE (ROUTE DE LA)";"4,91636798";" -52,32140529"
"202400043651";"21";"08";"2024";"19:48";"2";"69";"69019";"2";"2";"7";"6";"Rue Maréchal Foch";"46,11173500";"4,73438900"
"202400043652";"12";"02";"2024";"20:15";"4";"22";"22093";"1";"1";"2";"7";"Launay";"48,54055600";" -2,59030600"
"202400043653";"13";"06";"2024";"08:38";"1";"973";"97302";"2";"1";"1";"3";"BADUEL (ROUTE DE)";"4,92826000";" -52,29310000"
"202400043654";"23";"08";"2024";"13:55";"1";"69";"69204";"2";"1";"1";"6";"Avenue imperatrice eugenie";"45,70159424";"4,80299735"
"202400043655";"16";"07";"2024";"14:45";"1";"51";"51525";"2";"3";"1";"3";"GRANDE RUE";"48,91630000";"4,41119000"
"202400043656";"24";"02";"2024";"16:15";"1";"22";"22162";"2";"6";"1";"6";"Place du Goelo";"48,77874000";" -3,04376000"
"202400043657";"13";"06";"2024";"07:20";"1";"973";"97302";"2";"1";"2";"3";"MANDELA  (BOULEVARD)";"4,93815000";" -52,32625000"
"202400043658";"23";"02";"2024";"21:45";"5";"62";"62589";"2";"1";"2";"7";"Rue de la Nation";"50,35378100";"2,69495100"