"Num_Acc";"jour";"mois";"an";"hrmn";"lum";"dep";"com";"agg";"int";"atm";"col";"adr";"lat";"long"
"202400043659";"16";"07";"2024";"16:20";"1";"50";"50165";"2";"1";"7";"2";"COUTANCES (ROUTE DE)";"48,84398000";" -1,58642000"
"202400043660";"12";"06";"2024";"12:55";"1";"973";"97302";"2";"3";"2";"3";"AWARA DENDE";"4,93521859";" -52,32374614"
"202400043661";"24";"08";"2024";"11:30";"1";"17";"17184";"1";"1";"1";"1";"RD 733";"45,78649900";" -0,93606900"
"202400043662";"14";"06";"2024";"15:15";"1";"69";"69383";"2";"2";"2";"6";"Rue Vendôme";"45,76209000";"4,84630000"
"202400043663";"23";"02";"2024";"10:55";"1";"62";"62894";"1";"1";"4";"5";"A16";"50,76269255";"1,63582773"
"202400043664";"15";"08";"2024";"12:30";"1";"29";"29042";"2";"1";"1";"7";"boulevard Pierre Mendés France";"48,24938828";" -4,48672263"
"202400043665";"14";"06";"2024";"08:30";"1";"69";"69383";"2";"1";"2";"6";"Rue Guilloud";"45,74863000";"4,86507000"
"202400043666";"23";"02";"2024";"14:16";"1";"13";"13056";"1";"1";"1";"3";"A55-Sens Martigues vers Marseille";"43,40849551";"5,03692057"
"202400043667";"16";"07";"2024";"16:20";"1";"45";"45302";"2";"1";"1";"4";"D557 PR 0 + 960";"47,95261000";"1,85659000"
"202400043668";"23";"08";"2024";"20:45";"3";"02";"02189";"1";"1";"2";"1";"N/A";"49,64150500";"3,84268800"
"202400043669";"14";"06";"2024";"07:00";"1";"972";"97209";"2";"1";"1";"6";"CHATEAUBOEUF (ROUTE DE)";"14,62039000";" -61,04349000"
"202400043670";"22";"02";"2024";"15:50";"1";"13";"13005";"1";"1";"2";"2";"A501-sens Marseille vers Pont de l'Etoil";"43,28573000";"5,53448000"
"202400043671";"16";"07";"2024";"12:35";"1";"45";"45234";"1";"1";"1";"5";"10 Route de Concyr";"47,81868000";"1,94439000"
"202400043672";"12";"06";"2024";"20:55";"5";"971";"97101";"1";"1";"1";"6";"DOTHEMARE";"16,26736000";" -61,51512000"
"202400043673";"6";"08";"2024";"20:10";"1";"59";"59482";"1";"1";"1";"2";"Rue de la Prevote";"50,70596500";"2,99007000"
"202400043674";"23";"02";"2024";"16:40";"1";"69";"69259";"1";"1";"1";"4";"Route Départementale 383 ";"45,72285739";"4,88901526"
"202400043675";"6";"07";"2024";"22:14";"5";"42";"42218";"2";"2";"1";"3";"Rue de Chavassieux";"45,44987000";"4,36477000"
"202400043676";"14";"06";"2024";"08:25";"1";101;101004";"2";"1";"1";"6";"NAPOLEON COURS AVANT BEVERINI";"41,92074000";"8,73721000"
"202400043677";"11";"08";"2024";"16:45";"1";"59";"59581";"1";"1";"1";"6";"27 Rue de la Lys";"50,66873600";"2,77778100"
"202400043678";"21";"02";"2024";"18:05";"2";"42";"42218";"1";"1";"1";"2";"A72";"45,46075000";"4,40362000"
"202400043679";"23";"02";"2024";"19:40";"3";"94";"94021";"1";"1";"2";"2";"A6B";"48,76474098";"2,34214782"
"202400043680";"14";"06";"2024";"19:00";"1";"91";"91425";"2";"1";"8";"6";"RTE D ORLEANS RN 20";"48,65161000";"2,27272000"
"202400043681";"23";"08";"2024";"07:15";"1";"13";"13215";"1";"1";"1";"2";"A507 sens Aubagne- Marseille";"43,34385000";"5,37546000"
"202400043682";"22";"02";"2024";"22:40";"3";"92";"92063";"1";"1";"1";"6";"A86";"48,87110971";"2,15636730"
"202400043683";"14";"06";"2024";"20:38";"2";"91";"91377";"2";"3";"2";"3";"RUE ANDRE CHENIER";"48,73733000";"2,27611000"
"202400043684";"23";"08";"2024";"15:30";"1";"83";"83144";"1";"1";"1";"2";"A57";"43,14345194";"6,01305769"
"202400043685";"16";"07";"2024";"08:40";"1";"38";"38053";"1";"1";"1";"2";"D 1006";"45,59695000";"5,24012000"
"202400043686";"22";"02";"2024";"18:57";"3";"78";"78431";"1";"1";"3";"4";"A13";"48,94336000";"1,95078300"
"202400043687";"14";"06";"2024";"20:20";"1";"91";"91432";"2";"1";"2";"1";"RUE AUGUSTE RENOIR";"48,69246000";"2,33950000"
"202400043688";"15";"07";"2024";"15:30";"1";"37";"37233";"2";"1";"1";"7";"VATEL (AVENUE)";"47,37845000";"0,73612000"
"202400043689";"14";"06";"2024";"18:55";"1";"91";"91589";"2";"1";"1";"3";"RUE CHATEAUBRIAND";"48,67790000";"2,35694000"
"202400043690";"16";"07";"2024";"17:40";"1";"35";"35238";"2";"1";"1";"1";"DESGREES (BD PAUL HUTIN)";"48,09267000";" -1,64071000"
"202400043691";"22";"02";"2024";"10:25";"1";"78";"78007";"1";"1";"2";"4";"A13W";"48,89649000";"2,00660100"
"202400043692";"14";"06";"2024";"11:35";"1";"91";"91479";"2";"1";"1";"3";"AV DE VERDUN";"48,70598000";"2,35999000"
"202400043693";"15";"07";"2024";"12:50";"1";"35";"35115";"2";"6";"1";"7";"FEUTERIES (RUE DES)";"48,35203000";" -1,19626000"
"202400043694";"23";"08";"2024";"17:30";"1";"33";"33080";"1";"1";"1";"4";"N/A";"44,75170700";" -0,54221500"
"202400043695";"22";"02";"2024";"08:05";"1";"92";"92025";"1";"1";"2";"2";"A86";"48,93484607";"2,25934803"
"202400043696";"16";"07";"2024";"15:15";"1";"34";"34172";"2";"1";"1";"3";"CASTELLE (RUE DE LA)";"43,57665000";"3,86795000"
"202400043697";"21";"08";"2024";"17:25";"1";"33";"33397";"1";"1";"1";"2";"N/A";"44,91453400";" -0,47992200"
"202400043698";"13";"06";"2024";"17:33";"1";"87";"87113";"2";"3";"1";"5";"MOULIN (AVENUE JEAN)";"45,86015000";"1,31694000"
"202400043699";"22";"02";"2024";"00:20";"3";"92";"92036";"1";"1";"2";"6";"A86";"48,93440758";"2,27028113"
"202400043700";"14";"06";"2024";"23:00";"4";"83";"83009";"2";"1";"1";"6";"MARIVAUX (RUE)";"43,13842496";"5,74305421"
"202400043701";"23";"08";"2024";"14:03";"1";"94";"94038";"1";"1";"1";"2";"A6A";"48,78917015";"2,34448652"
"202400043702";"15";"07";"2024";"04:30";"5";"29";"29039";"2";"1";"1";"6";"Rue de Kerose";"47,87558624";" -3,89238445"
"202400043703";"23";"02";"2024";"13:00";"1";"95";"95572";"1";"1";"1";"4";"N184";"49,03627205";"2,11997706"
"202400043704";"22";"08";"2024";"17:45";"1";"93";"93005";"1";"1";"1";"2";"AUTOROUTE A3";"48,95088858";"2,47455129"
"202400043705";"12";"06";"2024";"17:05";"1";"82";"82121";"1";"2";"1";"3";"chemin de ceinture";"44,03379000";"1,42423000"
"202400043706";"23";"02";"2024";"08:20";"1";"95";"95582";"1";"1";"8";"2";"A115";"48,97979022";"2,24098209"
"202400043707";"15";"07";"2024";"22:30";"5";"29";"29019";"2";"2";"1";"2";"rue de Quimper";"48,40145300";" -4,45636200"
"202400043708";"22";"08";"2024";"17:05";"1";"93";"93005";"1";"1";"1";"2";"AUTOROUTE A3";"48,95088858";"2,47455129"
"202400043709";"11";"06";"2024";"15:30";"1";"81";"81004";"2";"2";"1";"3";"KENNEDY (AV PRESIDENT)";"43,91803480";"2,15353060"
"202400043710";"23";"02";"2024";"07:40";"2";"77";"77121";"1";"1";"1";"6";"A4";"48,83198000";"2,67348000"
"202400043711";"15";"07";"2024";"13:50";"1";"29";"29019";"2";"2";"1";"3";"5 rue Albert Louppe";"48,40305200";" -4,46863400"
"202400043712";"21";"08";"2024";"07:40";"1";"93";"93066";"1";"1";"1";"3";"AUTOROUTE A1";"48,91623043";"2,35752085"
"202400043713";"22";"02";"2024";"00:45";"5";"75";"75120";"2";"1";"3";"3";"BD PERIPHERIQUE INTERIEUR";"48,86425700";"2,41327900"
"202400043714";"14";"06";"2024";"18:10";"1";"80";"80164";"1";"1";"1";"1";"CORBIE (RUE DE)";"49,90368000";"2,37561000"
"202400043715";"16";"07";"2024";"17:05";"1";"27";"27681";"2";"1";"1";"6";"DEVOS (BOULEVARD JULIEN)";"49,08635400";"1,47446000"
"202400043716";"21";"08";"2024";"18:36";"1";"94";"94065";"1";"1";"1";"3";"A86";"48,75366521";"2,36811193"
"202400043717";"13";"06";"2024";"15:10";"1";"80";"80674";"2";"1";"1";"1";"Avenue de la Défense Passive";"49,90979000";"2,32876000"
"202400043718";"21";"02";"2024";"21:48";"3";"75";"75106";"2";"3";"2";"6";"RUE DE RENNES";"48,85317600";"2,33258600"
"202400043719";"15";"07";"2024";"17:50";"1";"26";"26362";"2";"1";"1";"3";"Rue Faventines";"44,92573000";"4,90229000"
"202400043720";"13";"06";"2024";"15:00";"1";"78";"78440";"2";"4";"1";"1";"PONT DE CLAIX (RUE DU)";"48,99224900";"1,90233100"
"202400043721";"22";"08";"2024";"07:00";"1";"987";"98735";"2";"1";"1";"3";"DESTREMEAU (RUE )";" -17,54585000";" -149,57815000"
"202400043722";"22";"02";"2024";"16:35";"1";"75";"75120";"2";"3";"3";"6";"RUE LOUIS LUMIERE";"48,86349100";"2,41071400"
"202400043723";"15";"07";"2024";"14:50";"1";"25";"25462";"2";"2";"1";"3";"MORTEAU DE (DU 0 AU 30)";"46,91087500";"6,35722200"
"202400043724";"22";"02";"2024";"12:15";"1";"75";"75120";"2";"2";"3";"6";"RUE DU CAPITAINE FERBER";"48,86520400";"2,40504200"
"202400043725";"14";"06";"2024";"17:41";"1";"78";"78208";"2";"1";"1";"3";"MALRAUX (BOULEVARD ANDRE)";"48,77805500";"1,95726700"
"202400043726";"22";"08";"2024";"18:20";"2";"974";"97416";"2";"1";"1";"3";"LORION(RUE LUC)";" -21,33906000";"55,46956000"
"202400043727";"21";"02";"2024";"22:00";"5";"75";"75120";"2";"3";"3";"6";"BOULEVARD DAVOUT";"48,85119700";"2,41081700"
"202400043728";"16";"07";"2024";"20:45";"1";"25";"25056";"2";"2";"2";"2";"CORVEE RUE DE LA";"47,25745300";"6,04192500"
"202400043729";"22";"02";"2024";"14:00";"1";"75";"75119";"2";"1";"2";"7";"RUE D AUBERVILLIERS";"48,89355600";"2,36986100"
"202400043730";"13";"06";"2024";"20:00";"2";"77";"77384";"2";"9";"1";"3";"RUE DENIS PAPIN";"48,61455000";"2,60731000"
"202400043731";"21";"08";"2024";"17:30";"1";"974";"97416";"2";"3";"1";"3";"FOUR A CHAUX(RUE DU)";" -21,34263000";"55,47582000"
"202400043732";"16";"07";"2024";"12:05";"1";"21";"21054";"2";"6";"1";"3";"Route de Savigny";"47,03185000";"4,84104000"
"202400043733";"22";"02";"2024";"09:45";"1";"75";"75118";"2";"3";"2";"1";"BOULEVARD BARBES";"48,88556501";"2,34956110"
"202400043734";"22";"02";"2024";"16:30";"1";"75";"75117";"2";"1";"3";"6";"BOULEVARD DU FORT DE VAUX";"48,89360500";"2,30356100"
"202400043735";"14";"06";"2024";"18:50";"1";"77";"77268";"2";"1";"1";"6";"RUE DE LA CLE DES CHAMPS";"48,86706000";"2,81207000"
"202400043736";"21";"08";"2024";"14:20";"1";"974";"97411";"2";"3";"1";"3";"MANES (RUE EDOUARD)";" -20,89561000";"55,49493000"
"202400043737";"15";"07";"2024";"14:20";"1";"19";"19272";"2";"1";"2";"6";"Albert de la Pradel (Av)";"45,28054936";"1,76896781"
"202400043738";"21";"02";"2024";"18:45";"5";"75";"75117";"2";"2";"2";"6";"BOULEVARD MALESHERBES";"48,88526100";"2,30724600"
"202400043739";"21";"08";"2024";"20:35";"3";"973";"97302";"2";"6";"1";"3";"MADELEINE (ROUTE DE LA)";"4,92489000";" -52,32419000"
"202400043740";"14";"06";"2024";"16:20";"1";"77";"77449";"2";"2";"1";"3";"BD LA MERIDIENNE";"48,85089000";"2,78688000"
"202400043741";"16";"07";"2024";"22:25";"5";"17";"17300";"2";"2";"1";"3";"CASSARD   RUE";"46,16641900";" -1,17555200"
"202400043742";"22";"02";"2024";"18:50";"5";"75";"75112";"2";"2";"2";"6";"RUE CANNEBIERE";"48,83777600";"2,39730200"
"202400043743";"14";"06";"2024";"01:50";"4";"76";"76351";"2";"1";"1";"6";"FRISSARD (QUAI)";"49,49017000";"0,12704000"
"202400043744";"22";"08";"2024";"08:30";"1";"69";"69388";"2";"3";"1";"3";"Avenue Général Frère";"45,72762000";"4,88367000"
"202400043745";"18";"02";"2024";"19:15";"2";"13";"13026";"1";"1";"1";"3";"CARRIERE DES CHAUX DE LA TOUR";"43,36796000";"5,17065000"
"202400043746";"22";"02";"2024";"14:28";"1";"75";"75108";"2";"2";"2";"6";"BOULEVARD DES BATIGNOLLES";"48,88197400";"2,32050700"
"202400043747";"8";"06";"2024";"00:15";"5";"76";"76351";"2";"6";"1";"7";"CASIMIR DELAVIGNE (QUAI)";"49,48727000";"0,11427000"
"202400043748";"14";"06";"2024";"14:25";"1";"74";"74012";"2";"1";"2";"6";"VERDUN (AVENUE DE)";"46,19038000";"6,24260000"
"202400043749";"16";"07";"2024";"17:45";"1";"13";"13103";"2";"1";"1";"2";"AVENUE DE L' EUROPE";"43,64434849";"5,10256824"
"202400043750";"21";"02";"2024";"16:05";"1";"94";"94016";"2";"2";"2";"6";"Rue des Saussaies / Rue François Rude";"48,78791000";"2,33389000"
"202400043751";"23";"08";"2024";"00:25";"5";"69";"69382";"2";"2";"1";"3";"Rue Franklin";"45,75273000";"4,82806000"
"202400043752";"16";"07";"2024";"20:15";"1";"13";"13203";"2";"9";"1";"1";"BD FERDINAND DE LESSEPS";"43,32020000";"5,37177000"
"202400043753";"22";"02";"2024";"11:00";"1";"94";"94033";"2";"2";"2";"6";"Boulevard Galliéni / Avenue Rabelais";"48,85070009";"2,47520591"
"202400043754";"14";"06";"2024";"14:50";"1";"72";"72181";"2";"2";"2";"3";"CUGNOT NICOLAS (BD)";"47,98610000";"0,22520000"
"202400043755";"22";"08";"2024";"08:15";"1";"69";"69389";"2";"1";"1";"6";"76 Rue Marietton";"45,77610000";"4,79928000"
"202400043756";"27";"06";"2024";"08:15";"1";"13";"13212";"2";"9";"1";"2";"HENRI FABRE (RUE)";"43,30460517";"5,41380469"
"202400043757";"22";"08";"2024";"01:15";"3";"971";"97101";"1";"9";"1";"6";"MORNE TORUDU - CHAUVEL (CHEMIN)";"16,23719000";" -61,51951000"
"202400043758";"22";"02";"2024";"12:44";"1";"93";"93066";"2";"2";"2";"3";"Boulevard de la Libération / Route de la Révolte";"48,92380600";"2,34262900"
"202400043759";"14";"06";"2024";"11:00";"1";"72";"72181";"2";"6";"2";"3";"ZAMENHOF DOCTEUR (AV DU)";"48,01754000";"0,21850000"
"202400043760";"7";"07";"2024";"16:30";"1";"13";"13212";"2";"2";"1";"1";"ALL DE LA GRANDE BASTIDE CAZAULX";"43,29742000";"5,43712000"
"202400043761";"13";"06";"2024";"17:40";"1";"72";"72181";"2";"7";"1";"6";"DURAND GEORGES (AV) N° IMP 199 AU N° 311";"47,97250000";"0,21695000"
"202400043762";"21";"02";"2024";"18:40";"3";"93";"93048";"2";"2";"2";"6";"Rue des Ruffins / Boulevard Théophile Sueur";"48,86292000";"2,46637000"
"202400043763";"7";"08";"2024";"14:03";"1";"971";"97113";"1";"1";"1";"2";"RN4 - SECTION RIVIERA";"16,21783000";" -61,48957000"
"202400043764";"21";"02";"2024";"18:05";"2";"94";"94080";"2";"2";"3";"6";"Avenue de la République / Rue de la Solidarité";"48,85302678";"2,43886828"
"202400043765";"13";"06";"2024";"11:15";"1";"71";"71105";"2";"1";"1";"6";"COUPEE (GRANDE-RUE DE LA)";"46,30824000";"4,81207000"
"202400043766";"16";"07";"2024";"09:50";"1";"13";"13210";"2";"1";"1";"3";"ANDRE BARDON (rue)";"43,28200000";"5,42700000"
"202400043767";"21";"08";"2024";"14:20";"1";"971";"97113";"1";"1";"1";"7";"BLANCHARD";"16,22289000";" -61,52326000"
"202400043768";"16";"07";"2024";"01:20";"5";"13";"13211";"2";"1";"1";"1";"SAINT LOUP (BOULEVARD DE)";"43,28417954";"5,43587535"
"202400043769";"20";"08";"2024";"19:10";"5";"971";"97120";"2";"1";"1";"6";"CHANZY (BOULEVARD)";"16,24440000";" -61,54147000"
"202400043770";"21";"02";"2024";"21:00";"5";"93";"93013";"2";"2";"2";"6";"Avenue de la Division Leclerc / Avenue Jean Jaurès";"48,93308000";"2,42383000"
"202400043771";"14";"06";"2024";"16:35";"1";"69";"69259";"2";"8";"1";"3";"Avenue Francis de Pressensé";"45,72904712";"4,86073451"
"202400043772";"21";"02";"2024";"21:15";"5";"92";"92075";"2";"9";"2";"6";"DE GAULLE (AVENUE DU GENERAL)";"48,81650654";"2,27492474"
"202400043773";"16";"07";"2024";"05:30";"2";"13";"13047";"1";"1";"1";"3";"TRANSHUMANCE ROND POINT DE LA";"43,52738805";"4,96156096"
"202400043774";"22";"08";"2024";"17:55";"1";"91";"91549";"2";"2";"1";"3";"VIRY (RUE DE)";"48,64430000";"2,34311000"
"202400043775";"22";"02";"2024";"11:50";"1";"92";"92073";"2";"3";"3";"3";"SELLIER (BOULEVARD HENRI)";"48,86770285";"2,22634926"
"202400043776";"16";"07";"2024";"13:15";"1";"13";"13001";"2";"6";"1";"3";"GAMBETTA (COURS)";"43,52361988";"5,45546864"
"202400043777";"14";"06";"2024";"15:10";"1";"69";"69259";"2";"1";"1";"1";"8 Avenue du 8 Mai 1945";"45,69290000";"4,87042000"
"202400043778";"22";"02";"2024";"17:30";"2";"92";"92062";"2";"1";"2";"6";"GENERAL DE GAULLE (AV) DU 44 AU 106";"48,88787232";"2,23406553"
"202400043779";"21";"08";"2024";"16:30";"1";"91";"91103";"2";"1";"1";"2";"RUE DU BOIS DE CHATRES";"48,60141000";"2,29361000"
"202400043780";"16";"07";"2024";"08:30";"1";"13";"13001";"1";"1";"1";"3";"RN 296";"43,52986509";"5,42829413"
"202400043781";"22";"02";"2024";"15:45";"1";"92";"92062";"2";"9";"6";"3";"EICHENBERGER (RUE)";"48,88248256";"2,23884237"
"202400043782";"14";"06";"2024";"19:30";"1";"69";"69096";"2";"3";"1";"2";"Avenue Jacques Chirac";"45,60725684";"4,77249523"
"202400043783";"22";"08";"2024";"12:15";"1";"91";"91114";"2";"2";"7";"3";"RTE NATIONALE 6";"48,68313000";"2,49051000"
"202400043784";"15";"07";"2024";"17:40";"1";"11";"11069";"2";"1";"1";"6";"55 Rue Auguste Rodin";"43,21506000";"2,33714000"
"202400043785";"21";"02";"2024";"18:45";"5";"92";"92048";"2";"1";"3";"6";"CELLE (AVENUE DE)";"48,78756290";"2,22785640"
"202400043786";"14";"06";"2024";"06:01";"3";"66";"66136";"1";"1";"1";"2";"Départementale  617";"42,71204143";"2,95804739"
"202400043787";"21";"02";"2024";"21:15";"5";"92";"92048";"2";"3";"2";"6";"GEORGES MILLANDY (RUE)";"48,78474729";"2,23133630"
"202400043788";"16";"07";"2024";"17:40";"1";"08";"08105";"2";"1";"8";"6";"N/A";"49,75604400";"4,71824800"
"202400043789";"21";"08";"2024";"16:45";"1";"91";"91215";"2";"6";"1";"1";"AV DU HUIT MAI 1945";"48,69761000";"2,51907000"
"202400043790";"14";"06";"2024";"17:00";"1";"66";"66136";"2";"1";"1";"6";"Boulevard Félix Mercader";"42,69463277";"2,88918436"
"202400043791";"16";"07";"2024";"19:05";"1";"04";"04070";"1";"1";"1";"7";"BARLES (ROUTE DE)";"44,14400000";"6,23830000"
"202400043792";"20";"02";"2024";"08:20";"1";"92";"92035";"2";"1";"1";"6";"Léon Maurice Nordmann ( rue )";"48,90412696";"2,24089104"
"202400043793";"21";"08";"2024";"17:41";"1";"87";"87085";"1";"1";"1";"2";"RN520";"45,86165000";"1,16352000"
"202400043794";"14";"06";"2024";"13:10";"1";"66";"66136";"2";"1";"1";"6";"Boulevard Frédéric Mistral";"42,69815879";"2,90556461"
"202400043795";"21";"02";"2024";"18:20";"5";"92";"92025";"2";"1";"2";"6";"BOURNARD (RUE DU)";"48,92288923";"2,25568128"
"202400043796";"16";"07";"2024";"15:40";"1";"75";"75113";"2";"1";"1";"4";"BD PERIPHERIQUE INTERIEUR";"48,81611400";"2,36252300"
"202400043797";"23";"02";"2024";"00:50";"3";"39";"39481";"1";"1";"1";"6";"N/A";"46,77984400";"5,92997800"
"202400043798";"20";"08";"2024";"08:35";"1";"86";"86194";"2";"3";"1";"2";"Boulevard des Rocs";"46,59240000";"0,33444000"
"202400043799";"12";"06";"2024";"17:20";"1";"64";"64445";"2";"3";"2";"7";"OLOF PALME";"43,33136000";" -0,35822000"
"202400043800";"14";"06";"2024";"11:18";"1";"64";"64122";"2";"1";"1";"7";"LAHOUZE (AVENUE)";"43,48043000";" -1,54552000"
"202400043801";"22";"08";"2024";"10:00";"1";"86";"86194";"1";"1";"1";"6";"Rue du Faubourg Saint Cyprien";"46,56864000";"0,34358800"
"202400043802";"16";"07";"2024";"13:30";"1";"75";"75116";"2";"1";"1";"4";"BD PERIPHERIQUE INTERIEUR ";"48,86193400";"2,26460000"
"202400043803";"15";"02";"2024";"20:10";"3";"56";"56139";"1";"1";"1";"2";"La Ville Briend";"47,88435900";" -2,41580400"
"202400043804";"14";"06";"2024";"19:14";"1";"64";"64024";"2";"1";"2";"2";"SAINT PEE (ROUTE DE)";"43,45711000";" -1,50358000"
"202400043805";"22";"02";"2024";"15:40";"1";"86";"86162";"1";"1";"3";"6";"D22";"46,93683800";"0,49306300"
"202400043806";"22";"08";"2024";"15:30";"1";"30";"30351";"2";"2";"1";"3";"VERDUN (AVENUE DE)";"43,96799000";"4,79894000"
"202400043807";"16";"07";"2024";"11:30";"1";"75";"75115";"2";"1";"1";"4";"BD PERIPHERIQUE INTERIEUR";"48,83511110";"2,26816500"
"202400043808";"14";"06";"2024";"07:00";"2";"64";"64024";"2";"1";"1";"4";"BAB (BOULEVARD DU)";"43,49636000";" -1,51085000"
"202400043809";"23";"02";"2024";"05:20";"5";"06";"06149";"1";"1";"2";"6";"M2204b";"43,74566100";"7,31488800"
"202400043810";"15";"07";"2024";"20:30";"1";"75";"75118";"2";"1";"1";"2";"PORTE DE CLIGNANCOURT";"48,90078700";"2,33855900"
"202400043811";"22";"08";"2024";"11:15";"1";"78";"78440";"2";"3";"1";"3";"19 MARS 1962 (RUE DU)";"48,98203500";"1,90885900"
"202400043812";"14";"06";"2024";"15:50";"1";"63";"63300";"2";"1";"1";"6";"ZOLA EMILE (AVENUE)";"45,88194000";"3,10972000"
"202400043813";"22";"02";"2024";"18:30";"2";"974";"97414";"1";"1";"2";"3";"RN 1";" -21,29187400";"55,41128400"
"202400043814";"21";"02";"2024";"11:20";"1";"58";"58102";"1";"1";"1";"6";"Route départementale 2";"47,37729400";"3,11348800"
"202400043815";"22";"08";"2024";"20:17";"1";"78";"78423";"2";"2";"1";"3";"CENTRE (AVENUE DU)";"48,78471000";"2,04499000"
"202400043816";"14";"06";"2024";"14:38";"1";"63";"63113";"2";"1";"1";"3";"RECLUS (AVENUE ELISEE)";"45,78233000";"3,14528000"
"202400043817";"15";"07";"2024";"18:05";"1";"75";"75112";"2";"1";"1";"5";"PORTE DE CHARENTON";"48,84135300";"2,41378800"
"202400043818";"17";"01";"2024";"12:40";"1";"83";"83116";"2";"3";"1";"3";"Chemin de l?Auvière";"43,46678900";"5,88361300"
"202400043819";"6";"06";"2024";"17:25";"1";"62";"62133";"2";"2";"1";"1";"Rue Roger Salengro";"50,42108000";"2,91853000"
"202400043820";"16";"07";"2024";"01:47";"5";"75";"75106";"2";"3";"1";"2";"QUAI DE CONTI";"48,85643700";"2,33988300"
"202400043821";"23";"02";"2024";"10:00";"1";"62";"62853";"2";"1";"3";"7";"Rue du Centre";"50,67331200";"1,91225400"
"202400043822";"13";"06";"2024";"10:20";"1";"62";"62498";"2";"3";"1";"6";"Rue de la Paix";"50,42931000";"2,82925000"
"202400043823";"22";"08";"2024";"14:10";"1";"78";"78005";"1";"9";"1";"3";"RN 184";"48,97877500";"2,08744600"
"202400043824";"23";"02";"2024";"08:40";"1";"56";"56034";"2";"3";"2";"3";"Rue du Ménec";"47,59006450";" -3,08492840"
"202400043825";"15";"07";"2024";"20:55";"1";"75";"75120";"2";"2";"1";"6";"RUE PELLEPORT";"48,86466600";"2,40415100"
"202400043826";"21";"02";"2024";"10:50";"1";"76";"76605";"2";"1";"2";"6";"D75";"49,90775100";"0,95979100"
"202400043827";"16";"07";"2024";"12:05";"1";"75";"75119";"2";"3";"1";"6";"AVENUE SIMON BOLIVAR";"48,87498100";"2,38262300"
"202400043828";"21";"08";"2024";"10:10";"1";"77";"77053";"2";"1";"1";"2";"RUE DE L'INDUSTRIE";"48,69851918";"2,61216374"
"202400043829";"22";"02";"2024";"12:10";"1";"79";"79253";"1";"1";"3";"7";"N/A";"46,50829500";" -0,23876000"
"202400043830";"14";"06";"2024";"00:35";"3";"60";"60382";"2";"2";"2";"3";"Rue Louis Barthou";"49,42673000";"2,81701000"
"202400043831";"22";"08";"2024";"19:10";"1";"77";"77111";"2";"1";"1";"7";"RUE PASTEUR";"48,88252000";"2,76588000"
"202400043832";"15";"07";"2024";"18:00";"1";"75";"75119";"2";"4";"1";"6";"BOULEVARD SERURIER";"48,89278536";"2,39497930"
"202400043833";"22";"02";"2024";"14:05";"1";"79";"79195";"2";"3";"2";"3";"N/A";"46,95238600";" -0,59084800"
"202400043834";"13";"06";"2024";"07:45";"1";"60";"60159";"2";"1";"1";"6";"Rue Lavoisier";"49,39711000";"2,79551000"
"202400043835";"23";"02";"2024";"12:55";"1";"79";"79298";"1";"1";"2";"7";"N/A";"46,27958000";" -0,52206500"
"202400043836";"16";"07";"2024";"08:45";"1";"75";"75117";"2";"7";"1";"6";"Place Paul Léautaud";"48,88707100";"2,29791900"
"202400043837";"22";"08";"2024";"18:30";"1";"77";"77449";"2";"1";"1";"1";"RD 231";"48,83000000";"2,80188000"
"202400043838";"14";"06";"2024";"15:50";"1";"59";"59599";"2";"1";"2";"3";"Chaussée Denis Papin";"50,72965000";"3,13871000"
"202400043839";"21";"02";"2024";"19:10";"3";"31";"31056";"1";"1";"2";"6";"M924";"43,67186800";"1,35934400"
"202400043840";"21";"08";"2024";"14:25";"1";"76";"76351";"2";"1";"1";"6";"STRASBOURG (BD)";"49,49305500";"0,11300900"
"202400043841";"16";"07";"2024";"12:30";"1";"75";"75115";"2";"1";"1";"3";"QUAI D ISSY LES MOULINEAUX";"48,83663300";"2,26766200"
"202400043842";"14";"06";"2024";"16:10";"1";"59";"59512";"2";"1";"2";"2";"Boulevard de Metz";"50,70222000";"3,18301000"
"202400043843";"2";"02";"2024";"20:35";"3";"47";"47283";"2";"3";"1";"3";"Avenue Gay -lussac";"44,47444200";"0,94192200"
"202400043844";"16";"07";"2024";"10:50";"1";"75";"75114";"2";"7";"2";"6";"Place Victor et Hélène Basch";"48,82792900";"2,32712300"
"202400043845";"21";"08";"2024";"13:30";"1";"72";"72003";"2";"1";"1";"2";"GAULLE CHARLES DE (AV)";"47,97196000";"0,15912000"
"202400043846";"14";"06";"2024";"09:30";"1";"59";"59560";"1";"1";"2";"1";"AVELIN ROUTE D";"50,54444000";"3,06091000"
"202400043847";"21";"02";"2024";"22:44";"5";"01";"01072";"2";"1";"8";"5";"Avenue du Revermont";"46,18067900";"5,31664300"
"202400043848";"13";"06";"2024";"13:40";"1";"57";"57306";"2";"1";"1";"6";"TOURNEUR (RUE) ";"49,32860000";"6,06422000"
"202400043849";"22";"08";"2024";"09:00";"1";"67";"67482";"2";"1";"1";"1";"BALDNER (RUE)";"48,56893000";"7,76237000"
"202400043850";"16";"07";"2024";"14:10";"1";"75";"75102";"2";"2";"1";"6";"BOULEVARD DES CAPUCINES";"48,87027500";"2,33001900"
"202400043851";"23";"02";"2024";"15:35";"1";"58";"58095";"2";"1";"1";"3";"allée marcel merle";"46,83153900";"3,46073600"