"Num_Acc";"jour";"mois";"an";"hrmn";"lum";"dep";"com";"agg";"int";"atm";"col";"adr";"lat";"long"
"202400043852";"14";"06";"2024";"11:48";"1";"56";"56260";"2";"6";"2";"3";"Boulevard du Général de Monsabert";"47,66618200";" -2,77093200"
"202400043853";"21";"08";"2024";"21:25";"5";"64";"64348";"2";"1";"1";"1";"PERLIC DU";"43,32986000";" -0,39207000"
"202400043854";"15";"07";"2024";"15:41";"1";"75";"75108";"2";"2";"1";"3";"BOULEVARD HAUSSMANN";"48,87379100";"2,32700700"
"202400043855";"14";"06";"2024";"10:50";"1";"54";"54395";"2";"1";"1";"6";"Rue de l'Armée Patton";"48,69218022";"6,16854590"
"202400043856";"22";"08";"2024";"07:45";"1";"64";"64122";"2";"1";"1";"2";"BAB(BOULEVARD)";"43,48179000";" -1,54055000"
"202400043857";"15";"07";"2024";"15:53";"1";"75";"75108";"2";"2";"1";"7";"PONT DE L ALMA";"48,86411600";"2,30157800"
"202400043858";"13";"06";"2024";"12:20";"1";"54";"54395";"2";"2";"1";"6";"Boulevard Lobau";"48,68683949";"6,19522288"
"202400043859";"15";"06";"2024";"00:30";"5";"51";"51454";"2";"1";"2";"7";"LUNDY (BOULEVARD)";"49,26140000";"4,03052000"
"202400043860";"20";"08";"2024";"19:55";"1";"64";"64102";"2";"1";"1";"2";"N/A";"43,48352000";" -1,50174000"
"202400043861";"16";"07";"2024";"13:00";"1";"75";"75107";"2";"2";"1";"1";"AVENUE DE VILLARS";"48,85175700";"2,31386900"
"202400043862";"14";"06";"2024";"13:15";"1";"51";"51454";"2";"1";"1";"7";"WITRY (ROUTE DE)";"49,26754000";"4,06665000"
"202400043863";"16";"07";"2024";"14:05";"1";"94";"94081";"2";"9";"7";"6";"Avenue Rouget de Lisle";"48,77871000";"2,39545000"
"202400043864";"17";"08";"2024";"16:15";"1";"62";"62215";"2";"1";"1";"2";"D919";"50,47228851";"2,94085076"
"202400043865";"14";"06";"2024";"13:00";"1";"51";"51454";"2";"1";"1";"6";"JOLIOT-CURIE (RUE)";"49,23113000";"4,00364000"
"202400043866";"21";"08";"2024";"09:10";"1";"59";"59360";"2";"1";"7";"6";"PAINLEVE PAUL RUE";"50,60416000";"3,01223000"
"202400043867";"15";"07";"2024";"22:20";"5";"94";"94067";"2";"1";"1";"3";"Avenue de Paris";"48,84614000";"2,42116000"
"202400043868";"14";"06";"2024";"09:15";"1";"51";"51454";"2";"1";"1";"2";"LAMBERT (BOULEVARD VICTOR)";"49,24213000";"4,04525000"
"202400043869";"20";"08";"2024";"23:10";"5";"57";"57672";"2";"1";"3";"1";"ALLIES (PONT DES)";"49,35675840";"6,16905928"
"202400043870";"15";"07";"2024";"14:38";"1";"94";"94068";"2";"7";"1";"3";"Avenue Foch";"48,80469700";"2,48567000"
"202400043871";"14";"06";"2024";"08:45";"1";"51";"51108";"2";"1";"1";"1";"SAINTE MENEHOULD (AVE DE)";"48,96310700";"4,37698900"
"202400043872";"22";"08";"2024";"13:00";"1";"57";"57227";"2";"9";"1";"2";"MARIENAU(RUE DE)";"49,18030000";"6,88110000"
"202400043873";"14";"06";"2024";"13:30";"1";"49";"49007";"2";"1";"1";"6";"PARMENTIER";"47,45200000";" -0,51224000"
"202400043874";"14";"06";"2024";"10:20";"1";"49";"49007";"2";"1";"1";"3";"BEDIER BOULEVARD";"47,45213000";" -0,54302000"
"202400043875";"21";"08";"2024";"17:09";"1";"50";"50129";"2";"1";"1";"2";"ABBAYE (RUE DE L')";"49,64622000";" -1,64135000"
"202400043876";"14";"07";"2024";"13:05";"1";"94";"94068";"2";"1";"1";"4";"Avenue du Bac";"48,79478000";"2,51067000"
"202400043877";"21";"08";"2024";"09:30";"1";"50";"50129";"2";"1";"1";"6";"EST (BOULEVARD DE L')";"49,63614000";" -1,59390000"
"202400043878";"13";"06";"2024";"20:00";"1";"49";"49007";"2";"1";"1";"3";"BEDIER BOULEVARD";"47,45185000";" -0,54485000"
"202400043879";"21";"08";"2024";"17:05";"1";"49";"49328";"2";"1";"1";"6";"POMPIDOU (AVENUE GEORGES)";"47,26489500";" -0,09910600"
"202400043880";"16";"07";"2024";"18:30";"1";"94";"94052";"2";"1";"8";"5";"Boulevard de Strasbourg";"48,83663000";"2,47596000"
"202400043881";"14";"06";"2024";"09:05";"1";"45";"45338";"2";"1";"8";"1";"D961 PR 0 + 3311";"47,98918000";"2,69610000"
"202400043882";"22";"08";"2024";"08:57";"1";"49";"49015";"1";"1";"1";"7";"BOUGUELIERES LIEU DIT LES";"47,51112000";" -0,61926000"
"202400043883";"16";"07";"2024";"17:05";"1";"94";"94021";"2";"1";"1";"2";"Av du Pdt Franklin Roosevelt";"48,77065800";"2,36302700"
"202400043884";"14";"06";"2024";"22:15";"5";"43";"43041";"2";"6";"2";"7";"Avenue de la Gare";"45,04507048";"3,92603027"
"202400043885";"22";"08";"2024";"08:45";"1";"45";"45284";"2";"3";"1";"2";"11 Rue de la Gare";"47,90929000";"1,97664000"
"202400043886";"16";"07";"2024";"09:30";"1";"94";"94022";"2";"1";"2";"6";"Avenue du Général Leclerc";"48,76202000";"2,40597000"
"202400043887";"14";"06";"2024";"11:45";"1";"43";"43157";"2";"3";"1";"6";"Boulevard Carnot";"45,04699000";"3,87935000"
"202400043888";"22";"08";"2024";"17:10";"1";"42";"42187";"2";"1";"1";"6";"Place de l'Hotel de Ville";"46,03457000";"4,07328000"
"202400043889";"16";"07";"2024";"13:05";"1";"94";"94017";"2";"1";"1";"2";"Boulevard de Stalingrad";"48,82044799";"2,50040643"
"202400043890";"14";"06";"2024";"20:17";"1";"42";"42187";"2";"1";"1";"7";"Rue Albert Thomas";"46,04371851";"4,07393441"
"202400043891";"22";"08";"2024";"19:40";"1";"38";"38151";"2";"1";"1";"6";"RUE NORMANDIE-NIEMEN";"45,14797000";"5,72000000"
"202400043892";"22";"08";"2024";"08:15";"1";"37";"37233";"2";"1";"1";"6";"LANGEVIN (BOULEVARD PAUL)";"47,39180000";"0,73434000"
"202400043893";"20";"02";"2024";"17:25";"1";"39";"39300";"2";"2";"7";"3";"26 Avenue Camille Prost";"46,67119500";"5,56895400"
"202400043894";"16";"07";"2024";"12:40";"1";"94";"94075";"2";"3";"1";"2";"Rue de Mandres";"48,71594000";"2,53733200"
"202400043895";"14";"06";"2024";"11:39";"1";"38";"38563";"1";"9";"1";"6";"VERDIN (MONTEE DU)";"45,39695000";"5,56973000"
"202400043896";"20";"08";"2024";"16:32";"1";"34";"34032";"2";"3";"1";"6";"MARNE (AV DE LA)";"43,33749000";"3,21542000"
"202400043897";"15";"07";"2024";"17:34";"1";"94";"94075";"2";"3";"1";"2";"Rue de la Bourgogne";"48,72137000";"2,52914300"
"202400043898";"14";"06";"2024";"12:50";"1";"37";"37261";"2";"2";"8";"6";"EUROPE (AVENUE DE L')";"47,42353000";"0,69233000"
"202400043899";"22";"08";"2024";"16:30";"1";"33";"33249";"2";"6";"1";"6";"N/A";"44,87257000";" -0,52027000"
"202400043900";"16";"07";"2024";"17:20";"1";"93";"93078";"2";"1";"1";"2";"Avenue des Nations";"48,97347504";"2,50980818"
"202400043901";"14";"06";"2024";"07:40";"1";"37";"37233";"2";"1";"8";"2";"MOULIN (PONT JEAN)";"47,38609000";"0,72835000"
"202400043902";"21";"08";"2024";"19:45";"1";"33";"33032";"2";"6";"1";"3";"N/A";"44,89884000";" -0,52585000"
"202400043903";"16";"07";"2024";"12:00";"1";"93";"93066";"2";"1";"1";"2";"Avenue du Président Wilson";"48,91454176";"2,35812783"
"202400043904";"14";"06";"2024";"01:19";"5";"37";"37261";"2";"2";"1";"3";"BERANGER (BOULEVARD)";"47,38951000";"0,68269000"
"202400043905";"20";"08";"2024";"22:20";"3";"31";"31555";"2";"9";"1";"2";"AV LOUIS BAZERQUE";"43,57479342";"1,39574379"
"202400043906";"16";"07";"2024";"20:50";"2";"93";"93051";"2";"2";"1";"3";"Boulevard du Ru de Nesles / Avenue Médéric";"48,83034000";"2,58483000"
"202400043907";"14";"06";"2024";"02:50";"5";"31";"31555";"2";"9";"1";"3";"RUE DU POLE";"43,64738000";"1,42019000"
"202400043908";"21";"08";"2024";"18:05";"1";"27";"27229";"2";"1";"1";"2";"FOCH (AVENUE DU MARECHAL)";"49,02342880";"1,13471480"
"202400043909";"14";"06";"2024";"20:47";"1";"29";"29232";"2";"2";"1";"3";"Rue de Kerlerec";"48,00015500";" -4,11219800"
"202400043910";"21";"08";"2024";"18:00";"1";"26";"26198";"1";"1";"1";"6";"Avenue du Meyrol";"44,57492000";"4,74395000"
"202400043911";"16";"07";"2024";"11:30";"1";"93";"93048";"2";"5";"1";"2";"Avenue de la Résistance / Rue Ernest Savart";"48,86745000";"2,43418000"
"202400043912";"11";"06";"2024";"18:25";"1";"29";"29232";"2";"1";"1";"3";"Route de Coray";"47,99421057";" -4,06948736"
"202400043913";"16";"07";"2024";"16:45";"1";"93";"93045";"2";"1";"1";"1";"Boulevard Gen Leclerc de Hauteclocqu";"48,88092111";"2,42475605"
"202400043914";"22";"08";"2024";"18:30";"1";"25";"25462";"2";"3";"1";"3";"REPUBLIQUE DE LA";"46,90227000";"6,35818000"
"202400043915";"12";"06";"2024";"12:20";"1";"29";"29039";"2";"1";"1";"7";"RD 783";"47,89298475";" -3,91487880"
"202400043916";"22";"08";"2024";"03:50";"5";"25";"25462";"2";"1";"1";"6";"MOULIN PARNET DU";"46,90741600";"6,35318300"
"202400043917";"13";"06";"2024";"02:00";"4";"27";"27072";"2";"2";"1";"6";"MOULIN (CHEMIN DU)";"49,10537000";"1,53332000"
"202400043918";"15";"07";"2024";"08:45";"1";"92";"92075";"2";"1";"1";"6";"ERNEST LAVAL (RUE)";"48,82021561";"2,29113901"
"202400043919";"22";"08";"2024";"11:07";"1";"25";"25056";"2";"5";"1";"3";"HELVETIE AVENUE D'";"47,24275800";"6,02580800"
"202400043920";"14";"06";"2024";"19:15";"1";"14";"14167";"2";"2";"1";"3";"32 Rue Jean Monnet";"49,19128000";" -0,29582000"
"202400043921";"16";"07";"2024";"00:40";"5";"92";"92073";"2";"2";"1";"7";"PAGES (RUE)";"48,87167144";"2,23059404"
"202400043922";"22";"08";"2024";"10:43";"1";"13";"13056";"1";"3";"1";"3";"COURONNE";"43,37615000";"5,06465000"
"202400043923";"10";"06";"2024";"16:30";"1";"13";"13204";"2";"9";"1";"6";"ALEX. FLEMING (BOULEVARD)";"43,31495391";"5,40322958"
"202400043924";"22";"08";"2024";"03:10";"5";"13";"13201";"2";"1";"1";"1";"BELGES (QUAI DES)";"43,29708000";"5,37436000"
"202400043925";"16";"07";"2024";"09:09";"1";"92";"92072";"2";"1";"1";"3";"GRANDE RUE";"48,82373989";"2,20884883"
"202400043926";"22";"08";"2024";"08:40";"1";"13";"13001";"2";"9";"1";"6";"POMPIDOU GEORGES (AVENUE)";"43,52701041";"5,43901494"
"202400043927";"16";"07";"2024";"08:13";"1";"92";"92063";"2";"3";"1";"2";"FOUILLEUSE (AVENUE DE)";"48,86167862";"2,19855823"
"202400043928";"22";"08";"2024";"15:13";"1";"11";"11069";"2";"3";"1";"3";"N/A";"43,19231003";"2,33645618"
"202400043929";"27";"09";"2024";"13:05";"1";"94";"94028";"2";"1";"1";"6";"Boulevard John Kennedy";"48,78100000";"2,46140000"
"202400043930";"14";"06";"2024";"06:40";"2";"13";"13215";"2";"2";"1";"1";"LITTORAL (CHEMIN DU)";"43,31911000";"5,35872000"
"202400043931";"22";"08";"2024";"10:15";"1";"11";"11069";"1";"9";"1";"3";"RD118";"43,18984000";"2,31412000"
"202400043932";"13";"06";"2024";"07:40";"1";"13";"13098";"1";"1";"1";"1";"PORT DE BOUC ANCIEN ROUTE DE";"43,44137000";"5,02083000"
"202400043933";"22";"08";"2024";"15:10";"1";"07";"07281";"1";"1";"1";"7";"C.D.533";"44,93486000";"4,82240000"
"202400043934";"14";"06";"2024";"20:30";"1";"10";"10387";"2";"3";"1";"3";"Avenue Pierre Brossolette";"48,28530000";"4,07800000"
"202400043935";"17";"07";"2024";"05:50";"2";"38";"38107";"1";"1";"1";"2";"Route de Gerbey";"45,46365200";"4,78865000"
"202400043936";"22";"08";"2024";"11:00";"1";"06";"06069";"2";"1";"7";"1";"92 Boulevard du President Kennedy";"43,66699389";"6,92868602"
"202400043937";"27";"09";"2024";"10:55";"1";"94";"94059";"2";"3";"1";"3";"avenue andré rouy";"48,82048704";"2,55666581"
"202400043938";"13";"06";"2024";"08:00";"1";"06";"06088";"2";"1";"1";"6";"Voie Pénétrante du Paillon";"43,71730000";"7,28283000"
"202400043939";"17";"08";"2024";"16:07";"1";"05";"05061";"2";"1";"1";"2";"Avenue Bernard Givaudan";"44,53970000";"6,06383000"
"202400043940";"16";"07";"2024";"15:55";"1";"22";"22237";"1";"1";"1";"7";"la chapelette";"48,52439600";" -2,27823800"
"202400043941";"13";"06";"2024";"07:20";"1";"03";"03095";"2";"2";"7";"2";"BICENTENAIRE (BOULEVARD DU)";"46,14146000";"3,44927000"
"202400043942";"25";"07";"2024";"15:08";"1";"05";"05061";"2";"1";"1";"2";"Avenue de Provence";"44,53968000";"6,05598000"
"202400043943";"17";"07";"2024";"11:40";"1";"85";"85281";"1";"2";"1";"3";"la chauvière";"46,49942300";" -0,88232000"
"202400043944";"26";"09";"2024";"19:00";"1";"94";"94018";"1";"1";"8";"6";"Pont de Charenton";"48,81732000";"2,41973000"
"202400043945";"14";"06";"2024";"01:20";"5";"75";"75115";"2";"1";"1";"2";"BD PERIPHERIQUE EXTERIEUR";"48,82665900";"2,29572000"
"202400043946";"22";"08";"2024";"13:20";"1";"75";"75118";"2";"1";"1";"2";"BD PERIPHERIQUE INTERIEUR ";"48,90095400";"2,34666700"
"202400043947";"16";"07";"2024";"18:00";"2";"972";"97204";"1";"1";"1";"6";"RN2";"14,73147300";" -61,17934200"
"202400043948";"13";"06";"2024";"08:50";"1";"75";"75117";"2";"1";"1";"2";"BOULEVARD PERIPHERIQUE EXTERIEUR OUEST";"48,88971600";"2,29735700"
"202400043949";"6";"07";"2024";"17:50";"1";"01";"01238";"2";"1";"3";"6";"Avenue Lavoisier";"45,90470600";"4,82011200"
"202400043950";"13";"06";"2024";"18:40";"1";"75";"75106";"2";"3";"1";"7";"RUE DE VAUGIRARD";"48,84929400";"2,33732900"
"202400043951";"22";"08";"2024";"11:49";"1";"75";"75114";"2";"7";"1";"3";"PLACE DU VINGT CINQ AOUT 1944";"48,82300300";"2,32545800"
"202400043952";"26";"09";"2024";"15:00";"1";"94";"94075";"2";"3";"3";"2";"Rue Edouard Branly";"48,70808619";"2,53152680"
"202400043953";"14";"06";"2024";"12:40";"1";"75";"75118";"2";"1";"1";"6";"RUE DES PORTES BLANCHES";"48,89189700";"2,35326100"
"202400043954";"14";"07";"2024";"00:54";"3";"01";"01419";"2";"1";"8";"6";"Rue de Fenières";"46,22083500";"5,96480600"
"202400043955";"14";"06";"2024";"20:00";"1";"75";"75116";"2";"1";"8";"6";"RUE DE SIAM";"48,86223400";"2,27472300"
"202400043956";"22";"08";"2024";"16:40";"1";"75";"75119";"2";"1";"1";"6";"AVENUE DE FLANDRE";"48,88512100";"2,36983300"
"202400043957";"17";"07";"2024";"00:05";"3";"44";"44047";"1";"1";"1";"6";"N/A";"47,25896100";" -1,69597100"
"202400043958";"25";"09";"2024";"07:05";"3";"94";"94071";"2";"3";"1";"6";"Route de Bonneuil";"48,77136000";"2,50520000"
"202400043959";"21";"08";"2024";"17:15";"1";"75";"75117";"2";"3";"1";"6";"PLACE TRISTAN BERNARD";"48,87937700";"2,29153000"
"202400043960";"14";"06";"2024";"09:25";"1";"75";"75115";"2";"3";"2";"3";"RUE FALGUIERE";"48,83711200";"2,31066100"
"202400043961";"22";"08";"2024";"02:20";"5";"75";"75117";"2";"7";"1";"7";"PLACE DE VERDUN";"48,87897900";"2,28048300"
"202400043962";"17";"07";"2024";"08:00";"1";"21";"21559";"1";"3";"1";"1";"D905";"47,29897200";"4,82016600"
"202400043963";"27";"09";"2024";"09:52";"1";"93";"93055";"2";"1";"1";"6";"JEAN LOLIVE (AVENUE)(137/FIN ET 134/FIN)";"48,89266000";"2,41036000"
"202400043964";"16";"07";"2024";"00:15";"3";"51";"51339";"1";"1";"1";"7";"D2";"48,87880000";"4,41519500"
"202400043965";"21";"08";"2024";"20:38";"1";"75";"75115";"2";"3";"1";"6";"RUE DESNOUETTES";"48,83597000";"2,29046300"
"202400043966";"17";"07";"2024";"06:50";"1";"56";"56079";"1";"1";"1";"7";"La Pyramide";"47,93822600";" -2,48658100"
"202400043967";"14";"06";"2024";"21:15";"1";"75";"75112";"2";"2";"2";"6";"RUE EMILIO CASTELAR";"48,84903600";"2,37600800"
"202400043968";"16";"07";"2024";"22:30";"5";"56";"56186";"2";"1";"1";"7";"13 Boulevard du Goviro";"47,47411400";" -3,10592200"
"202400043969";"27";"09";"2024";"20:50";"5";"93";"93049";"2";"1";"2";"6";"MONTGOMERY (PLACE)";"48,85228064";"2,51491968"
"202400043970";"21";"08";"2024";"17:50";"1";"75";"75114";"2";"3";"1";"3";"RUE DIDOT";"48,82969000";"2,31798500"
"202400043971";"14";"06";"2024";"01:00";"3";"75";"75112";"2";"3";"2";"6";"BOULEVARD DE REUILLY";"48,83958008";"2,39753544"
"202400043972";"14";"07";"2024";"13:00";"1";"56";"56258";"2";"2";"1";"3";"Rue de Kervourden";"47,57744400";" -3,03078500"
"202400043973";"14";"06";"2024";"02:05";"5";"75";"75110";"2";"1";"2";"6";"QUAI DE JEMMAPES";"48,87602700";"2,36489500"
"202400043974";"27";"09";"2024";"08:50";"1";"93";"93047";"2";"9";"1";"3";"GABRIEL PERI  (AVENUE)";"48,89160366";"2,55227838"
"202400043975";"22";"08";"2024";"06:35";"1";"75";"75112";"2";"2";"1";"5";"BOULEVARD SOULT";"48,83583000";"2,40687000"
"202400043976";"17";"07";"2024";"01:40";"5";101;101104";"1";"1";"1";"6";"T40, plaine saint jean";"41,91357500";"8,84891300"
"202400043977";"14";"06";"2024";"17:38";"1";"75";"75107";"2";"2";"1";"3";"RUE DE L UNIVERSITE";"48,86098900";"2,31495900"
"202400043978";"22";"08";"2024";"08:13";"1";"75";"75110";"2";"1";"1";"7";"RUE DU FAUBOURG SAINT DENIS";"48,88072403";"2,35781729"
"202400043979";"27";"09";"2024";"16:40";"1";"93";"93010";"2";"1";"1";"6";"GALLIENI (AV.) DE 98 A 130";"48,90584076";"2,48083855"
"202400043980";"14";"07";"2024";"10:45";"1";100;100343";"2";"1";"1";"4";"Diceppo";"42,49228900";"9,47507500"
"202400043981";"14";"06";"2024";"21:20";"4";"75";"75103";"2";"3";"2";"7";"RUE BEAUBOURG";"48,86375100";"2,35488400"
"202400043982";"21";"08";"2024";"17:00";"1";"75";"75108";"2";"2";"1";"2";"AVENUE GEORGE V";"48,86842000";"2,30116200"
"202400043983";"27";"09";"2024";"19:15";"2";"93";"93008";"2";"1";"2";"6";"ELUARD (AVENUE PAUL)";"48,90908000";"2,44359000"
"202400043984";"17";"07";"2024";"07:00";"1";"63";"63066";"1";"1";"1";"1";"Le Bouchet (Buse)";"45,84492600";"3,60584900"
"202400043985";"14";"06";"2024";"10:03";"1";"75";"75104";"2";"2";"1";"6";"RUE SAINT MERRI";"48,86017400";"2,35092200"
"202400043986";"27";"09";"2024";"12:00";"1";"93";"93005";"2";"1";"2";"6";"HENRI MATISSE (RUE)";"48,95595539";"2,50153610"
"202400043987";"16";"07";"2024";"17:20";"1";"63";"63338";"2";"7";"1";"6";"place des équipages";"46,16407200";"2,83352300"
"202400043988";"22";"08";"2024";"09:10";"1";"75";"75107";"2";"2";"1";"3";"RUE DE BELLECHASSE";"48,85779000";"2,32238800"
"202400043989";"17";"07";"2024";"20:15";"1";"63";"63250";"1";"1";"1";"6";"D978";"45,59700409";"3,15646112"
"202400043990";"26";"09";"2024";"21:55";"5";"92";"92050";"2";"1";"2";"3";"18 OCTOBRE 1961 RUE";"48,89830809";"2,21598016"
"202400043991";"22";"08";"2024";"09:50";"1";"75";"75103";"2";"3";"1";"6";"RUE DES GRAVILLIERS";"48,86481900";"2,36340400"
"202400043992";"27";"09";"2024";"01:05";"5";"92";"92049";"2";"2";"1";"6";"BROSSOLETTE AVENUE PIERRE";"48,81814027";"2,30851851"
"202400043993";"21";"08";"2024";"17:50";"1";"75";"75102";"2";"3";"1";"7";"BOULEVARD DES ITALIENS";"48,87122200";"2,33596200"
"202400043994";"27";"09";"2024";"16:55";"1";"92";"92012";"2";"1";"1";"6";"ANDRE MORIZET (AVENUE) 1/47 - 2/52";"48,83397575";"2,24294856"
"202400043995";"22";"08";"2024";"19:15";"1";"94";"94080";"2";"1";"1";"3";"Avenue de Paris";"48,84616000";"2,42205000"
"202400043996";"22";"08";"2024";"17:45";"1";"94";"94065";"2";"1";"1";"6";"Rue Notre-dame";"48,74855000";"2,35104000"
"202400043997";"26";"09";"2024";"11:45";"1";"92";"92012";"2";"1";"8";"6";"REINE (ROUTE DE LA) 82/FIN - 107TER/FIN";"48,84022259";"2,23402485"
"202400043998";"13";"06";"2024";"22:50";"5";"75";"75101";"2";"2";"1";"3";"BOULEVARD DE SEBASTOPOL";"48,86198100";"2,35017700"
"202400043999";"22";"08";"2024";"10:20";"1";"93";"93005";"2";"1";"1";"2";"Route de Mitry";"48,94602795";"2,51030356"
"202400044000";"27";"09";"2024";"16:30";"1";"38";"38160";"1";"2";"1";"3";"Montee de Chez Voisin";"45,48576900";"4,96934700"
"202400044001";"12";"06";"2024";"15:46";"1";"75";"75103";"2";"2";"1";"6";"RUE BEAUBOURG";"48,86426100";"2,35515700"
"202400044002";"28";"09";"2024";"12:15";"1";"973";"97362";"2";"1";"1";"7";"rue prosper AIATE";"3,81394322";" -54,14770281"
"202400044003";"22";"08";"2024";"11:28";"1";"93";"93077";"2";"2";"1";"2";"Avenue du Raincy / Rue Rene et Pierre Charton";"48,88570487";"2,50814795"
"202400044004";"22";"08";"2024";"14:00";"1";"93";"93010";"2";"1";"1";"1";"Route de Villemomble";"48,89361283";"2,47993109"
"202400044005";"27";"09";"2024";"21:20";"3";"02";"02370";"1";"1";"2";"7";"N/A";"49,96563900";"3,19714000"
"202400044006";"28";"09";"2024";"03:15";"3";"71";"71589";"1";"1";"2";"6";"D979";"46,69022200";"3,70056900"
"202400044007";"14";"06";"2024";"21:06";"1";"94";"94081";"2";"3";"2";"5";"Rue du Colonel Moll / Rue de l’Argonne";"48,79636000";"2,40444000"
"202400044008";"22";"08";"2024";"14:00";"1";"93";"93008";"2";"2";"1";"3";"Avenue Henri Barbusse";"48,91101000";"2,43284000"
"202400044009";"28";"09";"2024";"18:48";"1";"76";"76624";"2";"1";"1";"7";"2 Rue des Sorbiers";"49,87426900";"1,21045800"
"202400044010";"22";"08";"2024";"01:45";"5";"92";"92026";"2";"1";"1";"2";"MISSION MARCHAND (COTE PAIR)";"48,89850858";"2,24012414"
"202400044011";"13";"06";"2024";"15:45";"1";"94";"94016";"2";"3";"1";"3";"Rue des Saussaies / Allee des Lours";"48,78712400";"2,33574100"
"202400044012";"27";"09";"2024";"15:30";"1";"84";"84137";"2";"1";"1";"3";"Route d?Orange";"44,23883100";"5,05083000"
"202400044013";"21";"08";"2024";"16:15";"1";"92";"92025";"2";"1";"1";"3";"PONT DE BEZONS";"48,92004000";"2,22137000"
"202400044014";"14";"06";"2024";"08:50";"1";"94";"94038";"2";"3";"2";"1";"Rue Paul Hochart / Rue de Picardie";"48,77579000";"2,35727000"
"202400044015";"27";"09";"2024";"03:00";"3";"52";"52282";"1";"1";"1";"7";"A5 PK216.800 sens Troyes vers Dijon";"47,98081753";"5,13264267"
"202400044016";"22";"08";"2024";"17:20";"1";"37";"37216";"2";"2";"1";"3";"route de sainte catherine";"47,15946800";"0,57437100"
"202400044017";"27";"09";"2024";"23:00";"3";"84";"84037";"1";"1";"1";"6";"ROUTE D'ORANGE";"44,08160500";"4,83104500"
"202400044018";"14";"06";"2024";"02:30";"5";"94";"94021";"2";"6";"2";"3";"Avenue Georges Guynemer / Rue du Pont des Halles";"48,76059000";"2,34177000"
"202400044019";"23";"08";"2024";"18:45";"1";"37";"37058";"1";"1";"1";"6";"19 Rue des Gravets";"47,25351400";"0,22123400"
"202400044020";"28";"09";"2024";"06:15";"3";"50";"50616";"1";"1";"8";"6";"N175";"48,65565000";" -1,35552400"
"202400044021";"23";"08";"2024";"12:40";"1";"54";"54345";"1";"1";"6";"7";"D112";"48,59889100";"6,25969600"
"202400044022";"14";"06";"2024";"05:50";"2";"94";"94001";"2";"2";"1";"2";"Avenue Gambetta / Route de Villeneuve";"48,72474000";"2,43035000"
"202400044023";"23";"08";"2024";"18:30";"1";"86";"86001";"1";"1";"1";"6";"Lieu Dit la Gigardeau";"46,27700400";"0,80545500"
"202400044024";"28";"09";"2024";"04:00";"3";"89";"89411";"1";"1";"2";"3";"D660";"48,21063300";"3,47891100"
"202400044025";"23";"08";"2024";"10:30";"1";"43";"43080";"1";"1";"1";"7";"Route d'Usson";"45,34673802";"3,89353864"
"202400044026";"13";"06";"2024";"18:15";"1";"94";"94022";"2";"2";"1";"3";"Avenue Victor Hugo / Rue d'Alsace-lorraine";"48,76876150";"2,42071107"
"202400044027";"21";"08";"2024";"16:30";"1";"988";"98812";"1";"1";"1";"6";"Lieu-dit Karembé";" -20,64078000";"164,34914000"
"202400044028";"26";"09";"2024";"15:28";"1";"51";"51560";"1";"1";"2";"4";"2 Route de Maucreux";"48,95698200";"3,73418000"
"202400044029";"14";"06";"2024";"08:15";"1";"94";"94002";"2";"1";"1";"7";"45 Quai Blanqui";"48,80297000";"2,41355000"
"202400044030";"23";"08";"2024";"19:10";"1";"57";"57469";"2";"1";"1";"3";"Rue de Berthelming";"48,85797400";"6,94477600"
"202400044031";"27";"09";"2024";"19:05";"1";"56";"56140";"1";"1";"1";"3";"Kerrozet";"47,90228600";" -2,80984500"
"202400044032";"14";"06";"2024";"09:00";"1";"93";"93066";"2";"2";"1";"2";"Avenue du Docteur Lamaze / Route de la Courneuve";"48,93340000";"2,37287000"
"202400044033";"23";"08";"2024";"17:50";"1";"28";"28139";"1";"1";"1";"6";"A11";"48,31523500";"1,32452900"
"202400044034";"28";"09";"2024";"12:55";"1";"11";"11441";"2";"2";"1";"6";"Rue du 1er Mai";"43,20361000";"3,07448500"
"202400044035";"12";"06";"2024";"11:35";"1";"93";"93066";"2";"1";"1";"2";"Rue Ambroise Croizat";"48,92931000";"2,35120000"
"202400044036";"27";"09";"2024";"23:25";"3";"11";"11068";"1";"1";"6";"6";"N/A";"43,19579100";"2,54372100"
"202400044037";"13";"06";"2024";"01:45";"5";"93";"93064";"2";"1";"1";"6";"Avenue du Président John Kennedy";"48,87881000";"2,49023000"
"202400044038";"23";"08";"2024";"06:00";"3";"35";"35119";"1";"3";"2";"3";"Lieu Dit L'Euche";"48,02667500";" -1,13925600"
"202400044039";"25";"09";"2024";"19:30";"2";"63";"63170";"1";"1";"1";"6";"Ballot";"45,84300523";"2,71127472"
"202400044040";"7";"12";"2024";"19:15";"5";"91";"91174";"2";"6";"2";"3";"BD JEAN JAURES";"48,61158000";"2,46166000"
"202400044041";"23";"08";"2024";"15:15";"1";"01";"01109";"1";"1";"1";"6";"D984";"46,12255100";"5,89677500"
"202400044042";"27";"09";"2024";"11:15";"1";"61";"61211";"2";"1";"2";"6";"D976";"48,54717500";" -0,50513500"
"202400044043";"14";"06";"2024";"13:38";"1";"93";"93032";"2";"1";"1";"3";"Avenue Ronsard";"48,87457000";"2,56444000"