"Num_Acc";"jour";"mois";"an";"hrmn";"lum";"dep";"com";"agg";"int";"atm";"col";"adr";"lat";"long"
"202400044044";"7";"12";"2024";"20:20";"5";"83";"83137";"2";"3";"6";"1";"MALON (AVE BENOIT)";"43,12391400";"5,95385251"
"202400044045";"23";"08";"2024";"13:00";"1";"22";"22213";"1";"1";"2";"4";"RN176 PK 001+400";"48,53700400";" -1,99157000"
"202400044046";"14";"06";"2024";"08:35";"1";"93";"93027";"2";"1";"1";"6";"Avenue Roger Salengro";"48,93310000";"2,38750000"
"202400044047";"27";"09";"2024";"09:10";"1";"49";"49018";"2";"3";"7";"6";"Rue des Docteurs Thuau";"47,53788700";" -0,10369400"
"202400044048";"7";"12";"2024";"11:00";"1";"78";"78440";"2";"3";"6";"3";"ALBERT THOMAS (RUE)";"48,97807900";"1,92122100"
"202400044049";"23";"08";"2024";"14:30";"1";"42";"42242";"2";"1";"1";"2";"9 Rue du Bourg";"45,55386418";"4,61963274"
"202400044050";"14";"06";"2024";"17:15";"1";"93";"93014";"2";"1";"1";"3";"Allée Maurice Audin";"48,90842300";"2,53836900"
"202400044051";"7";"12";"2024";"14:10";"1";"78";"78423";"2";"1";"1";"2";"LECLERC (AVENUE DU  GENERAL)";"48,77386000";"2,04518000"
"202400044052";"28";"09";"2024";"11:50";"1";"25";"25074";"1";"1";"3";"2";"les fourgs";"47,18358800";"6,70363400"
"202400044053";"23";"08";"2024";"14:30";"1";"83";"83054";"1";"1";"1";"1";"D554";"43,15713200";"6,06689900"
"202400044054";"7";"12";"2024";"19:20";"5";"78";"78498";"2";"1";"2";"6";"FOCH AV";"48,92936800";"2,04983100"
"202400044055";"14";"06";"2024";"07:30";"1";"93";"93046";"2";"1";"1";"3";"Avenue Aristide Briand";"48,91048421";"2,51121698"
"202400044056";"28";"09";"2024";"17:20";"1";"25";"25195";"1";"1";"1";"1";"d673";"47,19931000";"5,86962800"
"202400044057";"23";"08";"2024";"05:30";"4";"62";"62880";"2";"1";"1";"6";"D127";"50,74516884";"1,80192601"
"202400044058";"14";"06";"2024";"08:25";"1";"93";"93008";"2";"2";"1";"3";"Avenue du Président Salvador Allende / Rue de la Folie";"48,90170100";"2,44432400"
"202400044059";"22";"08";"2024";"12:00";"1";"51";"51285";"2";"1";"1";"7";"chemin";"48,74889600";"4,17269100"
"202400044060";"13";"08";"2024";"06:15";"2";"44";"44069";"1";"1";"1";"6";"Route de la Madeleine";"47,30748837";" -2,40737379"
"202400044061";"14";"06";"2024";"11:10";"1";"93";"93030";"2";"1";"1";"6";"Avenue du 8 Mai 1945";"48,95372000";"2,44277000"
"202400044062";"6";"12";"2024";"16:49";"1";"76";"76259";"2";"7";"1";"3";"LECLERC ( PLACE DU GENERAL)";"49,75608000";"0,38075000"
"202400044063";"21";"08";"2024";"13:50";"1";"51";"51569";"1";"1";"1";"1";"D27";"49,25950800";"3,94852300"
"202400044064";"28";"09";"2024";"00:40";"3";"35";"35049";"1";"3";"1";"6";"Boulevard de Koh-chang";"48,69412600";" -1,88744900"
"202400044065";"7";"12";"2024";"04:45";"5";"73";"73065";"2";"1";"1";"6";"D14 LABIAZ (ROUTE DE)";"45,57528000";"5,88822000"
"202400044066";"13";"06";"2024";"17:20";"1";"92";"92078";"2";"8";"1";"3";"VERDUN (AVENUE) (IMPAIRS 27 AU 73)";"48,93560704";"2,33328313"
"202400044067";"23";"08";"2024";"16:52";"1";"80";"80801";"1";"1";"1";"1";"D1029";"49,87633600";"2,91183300"
"202400044068";"24";"09";"2024";"11:30";"1";"31";"31390";"2";"1";"1";"6";"Avenue de Tarbes";"43,08585000";"0,55619900"
"202400044069";"7";"12";"2024";"19:45";"5";"72";"72181";"2";"1";"1";"6";"Avenue François Mitterrand";"48,00250000";"0,19902000"
"202400044070";"14";"06";"2024";"18:10";"1";"92";"92064";"2";"9";"1";"1";"REPUBLIQUE";"48,85132007";"2,21311832"
"202400044071";"6";"12";"2024";"21:20";"5";"72";"72181";"2";"1";"1";"1";"PASTEUR (RUE)";"48,00109000";"0,19126000"
"202400044072";"28";"09";"2024";"16:30";"1";"54";"54078";"2";"1";"1";"7";"Route de Reillon";"48,58515300";"6,74693600"
"202400044073";"22";"08";"2024";"23:45";"3";"65";"65054";"1";"1";"1";"1";"D79";"43,06192000";"0,33817300"
"202400044074";"14";"06";"2024";"18:48";"1";"92";"92063";"2";"1";"2";"6";"COLMAR (AVENUE DE)";"48,88676227";"2,17101109"
"202400044075";"6";"12";"2024";"18:10";"4";"72";"72181";"2";"1";"1";"2";"LYAUTEY MARECHAL (AV) N° IMP";"48,01400000";"0,22200000"
"202400044076";"22";"08";"2024";"11:30";"1";"11";"11439";"1";"1";"1";"1";"D213";"43,31753600";"2,10212800"
"202400044077";"28";"09";"2024";"04:00";"3";"54";"54312";"1";"1";"2";"7";"D910 ";"48,92621197";"6,10206842"
"202400044078";"13";"06";"2024";"18:39";"1";"92";"92063";"2";"1";"8";"2";"HABY SOMMER (RUE)";"48,87578812";"2,18650603"
"202400044079";"6";"12";"2024";"17:30";"5";"69";"69013";"1";"1";"1";"2";"Route Départementale 306";"46,02779000";"4,71955000"
"202400044080";"22";"08";"2024";"23:27";"3";"89";"89186";"2";"1";"1";"7";"25 Route de Saint-florentin";"47,99568400";"3,77653600"
"202400044081";"27";"09";"2024";"08:50";"1";"24";"24520";"2";"6";"8";"3";"Rond point D704 Avenue Edmond Rostand Avenue Simone Veil";"44,87708803";"1,21747613"
"202400044082";"14";"06";"2024";"19:40";"1";"92";"92049";"2";"1";"2";"3";"REPUBLIQUE AV. N°27 A 105 ET 26 A 178";"48,81262593";"2,31594479"
"202400044083";"22";"08";"2024";"15:15";"1";"61";"61190";"1";"1";"1";"7";"D212";"48,74953900";"0,19938400"
"202400044084";"7";"12";"2024";"18:00";"5";"69";"69290";"2";"1";"1";"2";"Route de Grenoble";"45,71644000";"4,95970000"
"202400044085";"27";"09";"2024";"12:15";"1";"48";"48140";"2";"1";"2";"6";"Avenue de Tatula";"44,79645800";"3,26215600"
"202400044086";"23";"08";"2024";"06:00";"2";"55";"55523";"1";"1";"1";"7";"D905";"49,23543600";"5,36928900"
"202400044087";"14";"06";"2024";"00:17";"5";"92";"92020";"2";"3";"2";"6";"PARIS AVENUE DE N°2 A82";"48,80623635";"2,29221109"
"202400044088";"7";"12";"2024";"20:20";"5";"67";"67482";"2";"3";"2";"1";"RHIN (AVENUE DU)";"48,57156000";"7,77010000"
"202400044089";"13";"06";"2024";"08:30";"1";"92";"92040";"2";"1";"1";"6";"FRERES VOISIN (BOULEVARD DES)";"48,82785888";"2,27193600"
"202400044090";"22";"08";"2024";"21:24";"3";"44";"44131";"1";"1";"1";"1";"Les Grandes Landes";"47,10404700";" -2,04681500"
"202400044091";"27";"09";"2024";"21:30";"3";"52";"52155";"1";"4";"2";"1";"route départementale 51";"47,83817500";"5,44136500"
"202400044092";"15";"08";"2024";"07:45";"1";"29";"29287";"2";"1";"1";"6";"Streat Nevez";"48,64661300";" -4,26123600"
"202400044093";"13";"06";"2024";"21:10";"1";"92";"92025";"2";"3";"1";"3";"BEAUSEJOUR (RUE   IMP)";"48,92439635";"2,26419385"
"202400044094";"7";"12";"2024";"15:40";"1";"67";"67482";"2";"1";"8";"1";"TOUR (RUE DE LA)";"48,57947000";"7,71899000"
"202400044095";"22";"08";"2024";"17:50";"1";"15";"15030";"1";"2";"1";"3";"RN 122 ";"44,84188800";"2,23166200"
"202400044096";"7";"12";"2024";"04:55";"5";"67";"67482";"2";"1";"1";"3";"ROMAINS (ROUTE DES)";"48,58034000";"7,72140000"
"202400044097";"17";"08";"2024";"11:55";"1";"01";"01118";"1";"1";"1";"7";"D123";"45,95159700";"5,77365900"
"202400044098";"28";"09";"2024";"17:35";"1";"13";"13025";"1";"1";"6";"3";"autoroute A8, pk 028.000";"43,48481200";"5,53496400"
"202400044099";"12";"06";"2024";"07:45";"1";"92";"92025";"2";"2";"1";"3";"KLEBER (AV)";"48,93564005";"2,26090997"
"202400044100";"28";"09";"2024";"00:40";"5";"971";"97103";"1";"1";"1";"6";"la Jaille";"16,25421682";" -61,56695366"
"202400044101";"22";"08";"2024";"18:55";"1";"54";"54121";"1";"1";"1";"7";"D1c";"48,52483337";"6,39316320"
"202400044102";"7";"12";"2024";"11:40";"1";"66";"66136";"1";"1";"1";"4";"Départementale 914";"42,67164832";"2,89275706"
"202400044103";"14";"06";"2024";"09:00";"1";"92";"92002";"2";"3";"2";"3";"FRANCOIS SOMMER (AVENUE)";"48,73364620";"2,30774564"
"202400044104";"23";"08";"2024";"10:45";"1";"05";"05012";"2";"4";"1";"3";"ZA Entraigues";"44,54935600";"6,48476900"
"202400044105";"27";"09";"2024";"18:20";"1";"60";"60142";"2";"4";"8";"3";"RD 924A";"49,13408700";"2,53200500"
"202400044106";"2";"11";"2024";"11:10";"1";"70";"70275";"1";"1";"1";"7";"RD 474";"47,52718500";"6,01169900"
"202400044107";"15";"06";"2024";"08:25";"1";"976";"97610";"2";"1";"1";"6";"rn1 boulemande";" -12,74697200";"45,22732300"
"202400044108";"29";"09";"2024";"00:37";"3";"988";"98811";"1";"1";"1";"6";"Route de Panaki - RM20";" -21,00241100";"164,86298600"
"202400044109";"6";"12";"2024";"18:00";"5";"66";"66136";"1";"1";"1";"4";"RD 914";"42,67290000";"2,89001000"
"202400044110";"22";"08";"2024";"11:30";"1";"50";"50029";"1";"3";"1";"3";"RD 907";"48,60098100";" -0,84034700"
"202400044111";"1";"11";"2024";"20:00";"3";"26";"26144";"1";"1";"1";"1";"Route de Loriol";"44,74058000";"4,90424500"
"202400044112";"7";"12";"2024";"21:18";"5";"64";"64260";"2";"9";"6";"6";"BEHOBIE (RUE DE)";"43,34908000";" -1,76852000"
"202400044113";"15";"06";"2024";"02:55";"3";"80";"80151";"1";"1";"2";"2";"D929";"49,98124000";"2,57862700"
"202400044114";"30";"10";"2024";"15:20";"1";"72";"72295";"1";"1";"1";"6";"D238";"48,35252700";"0,35478100"
"202400044115";"23";"08";"2024";"13:10";"1";"90";"90065";"1";"1";"1";"1";"Route du Ballon d?Alsace";"47,81024700";"6,84207900"
"202400044116";"28";"09";"2024";"13:05";"1";"973";"97311";"2";"3";"1";"2";"Rue Thiers";"5,49982089";" -54,03079391"
"202400044117";"12";"06";"2024";"07:15";"1";"62";"62552";"2";"1";"1";"6";"D349";"50,40160400";"1,95096600"
"202400044118";"7";"12";"2024";"20:25";"5";"62";"62510";"2";"9";"2";"6";"Rue François Courtin";"50,42321572";"2,77740812"
"202400044119";"1";"11";"2024";"10:38";"1";"06";"06073";"1";"1";"1";"7";"1300 Route Charles Rami";"44,19420500";"7,13124300"
"202400044120";"7";"12";"2024";"05:45";"3";"62";"62270";"1";"1";"2";"6";"D301";"50,47541121";"2,51586731"
"202400044121";"28";"09";"2024";"09:30";"1";"34";"34058";"2";"2";"1";"3";"Les Vignobles du Château";"43,67876700";"3,99250600"
"202400044122";"14";"06";"2024";"14:30";"1";"17";"17315";"1";"1";"1";"1";"D108";"46,13518100";" -0,99057200"
"202400044123";"2";"11";"2024";"13:35";"1";"05";"05163";"1";"1";"1";"7";"D954";"44,48244782";"6,31901622"
"202400044124";"7";"12";"2024";"21:01";"5";"61";"61001";"2";"1";"2";"6";"65 Avenue de Basingstoke";"48,43839100";"0,09621100"
"202400044125";"23";"08";"2024";"11:05";"1";"36";"36088";"2";"2";"1";"3";"Rue des Alouettes";"46,94455100";"1,98419400"
"202400044126";"6";"06";"2024";"17:00";"1";"31";"31410";"2";"1";"1";"1";"Route de Saint-Loup-Cammas - RD77";"43,70343200";"1,46671800"
"202400044127";"7";"12";"2024";"16:40";"1";"60";"60057";"2";"1";"3";"6";"Boulevard Saint-André";"49,43263000";"2,08992000"
"202400044128";"27";"09";"2024";"20:10";"3";"83";"83016";"1";"1";"1";"1";"route départementale dn8";"43,23181800";"5,80613000"
"202400044129";"22";"08";"2024";"15:50";"1";"21";"21016";"2";"1";"1";"2";"Route de Fontaine-française";"47,39533200";"5,19542300"
"202400044130";"15";"06";"2024";"16:55";"1";"81";"81078";"1";"1";"1";"6";"2665 Route de Lavaur";"43,66550800";"1,94966600"
"202400044131";"1";"11";"2024";"22:20";"3";"60";"60181";"1";"1";"1";"6";"D932";"49,62092700";"3,02824100"
"202400044132";"23";"08";"2024";"14:30";"1";"23";"23008";"2";"1";"1";"6";"35 Rue Jean Jaurés";"45,95559400";"2,17029200"
"202400044133";"6";"12";"2024";"16:20";"1";"59";"59350";"2";"3";"1";"3";"Rue Bayard";"50,61951300";"3,05429200"
"202400044134";"15";"06";"2024";"06:30";"2";"974";"97404";"1";"1";"2";"2";"N2001";" -21,27120400";"55,38323900"
"202400044135";"28";"09";"2024";"08:30";"1";"83";"83006";"1";"1";"1";"3";"Route de Rians";"43,60097550";"5,80286407"
"202400044136";"22";"08";"2024";"23:05";"3";"87";"87018";"1";"1";"1";"7";"RD5 PK14";"46,04488000";"0,99615100"
"202400044137";"27";"09";"2024";"16:20";"1";"05";"05181";"1";"1";"1";"6";"D1091";"45,03580700";"6,36799300"
"202400044138";"7";"12";"2024";"18:42";"5";"56";"56260";"2";"1";"2";"3";"Rue Francis Decker";"47,65728000";" -2,75494000"
"202400044139";"12";"06";"2024";"16:43";"1";"79";"79338";"1";"2";"1";"3";"N/A";"46,22085300";"0,12624000"
"202400044140";"2";"11";"2024";"17:30";"2";"45";"45097";"1";"2";"8";"3";"D35 PR 4 + 386";"47,97600800";"3,00497000"
"202400044141";"7";"12";"2024";"07:50";"5";"54";"54493";"2";"1";"1";"6";"Rue de Longwy";"49,53096000";"5,82049000"
"202400044142";"22";"08";"2024";"16:15";"1";"30";"30003";"1";"1";"1";"2";"départementale 61";"43,58001800";"4,10227800"
"202400044143";"6";"06";"2024";"07:18";"1";"26";"26010";"1";"1";"1";"1";"645 Route de Châteauneuf";"45,25107394";"4,92893457"
"202400044144";"1";"11";"2024";"18:30";"3";"64";"64228";"1";"1";"1";"7";"D29";"43,38879300";" -1,01995800"
"202400044145";"7";"12";"2024";"18:30";"5";"51";"51454";"2";"1";"3";"6";"LAMBERT (BOULEVARD VICTOR)";"49,24354600";"4,04561100"
"202400044146";"22";"08";"2024";"11:10";"1";"30";"30003";"1";"1";"1";"3";"D979";"43,54931000";"4,16441900"
"202400044147";"27";"09";"2024";"17:05";"1";"71";"71433";"1";"2";"1";"4";"D985";"46,36942490";"4,25541312"
"202400044148";"14";"06";"2024";"20:25";"1";"72";"72058";"1";"1";"2";"7";"lieu dit le grand verger";"47,96539347";"0,27991019"
"202400044149";"1";"11";"2024";"10:30";"1";"07";"07201";"2";"1";"1";"6";"9 Route de Pradons";"44,46030000";"4,34275400"
"202400044150";"27";"09";"2024";"15:45";"1";"57";"57195";"1";"1";"6";"3";"D34";"49,10799886";"7,30006367"
"202400044151";"7";"12";"2024";"10:45";"1";"43";"43157";"2";"3";"2";"6";"BUREL (RUE)";"45,04086000";"3,88722000"
"202400044152";"15";"06";"2024";"11:25";"1";"30";"30117";"2";"2";"1";"3";"Rue de la Rompie";"43,69175300";"4,61080600"
"202400044153";"23";"08";"2024";"19:25";"1";"48";"48128";"1";"3";"1";"6";"intersection D806 et D987";"44,77304600";"3,32598200"
"202400044154";"2";"11";"2024";"14:30";"1";"07";"07343";"2";"3";"1";"1";"Route de la Vernade";"44,55543300";"4,32408600"
"202400044155";"27";"09";"2024";"12:00";"1";"57";"57443";"1";"1";"1";"1";"D52";"49,21150300";"6,12656200"
"202400044156";"7";"12";"2024";"13:30";"1";"42";"42270";"1";"1";"2";"6";"Route des Gorges";"45,39703000";"4,23573000"
"202400044157";"15";"06";"2024";"01:25";"3";"30";"30125";"1";"1";"8";"3";"Route de Bouillargues";"43,79075700";"4,43014000"
"202400044158";"14";"06";"2024";"19:15";"1";"19";"19125";"1";"1";"8";"7";"1 Tremoulet";"45,26007200";"2,05575200"
"202400044159";"1";"11";"2024";"14:30";"1";"53";"53040";"1";"1";"1";"1";"D 106 PK 09+200";"48,13498093";" -1,05219241"
"202400044160";"19";"09";"2024";"19:30";"1";"69";"69289";"1";"1";"1";"3";"Route d’Heyrieux";"45,64398800";"5,03279000"
"202400044161";"7";"12";"2024";"11:10";"1";"38";"38053";"2";"2";"2";"3";"Rue Edouard Marion";"45,58540000";"5,27090000"
"202400044162";"1";"11";"2024";"16:15";"1";"21";"21399";"1";"1";"1";"6";"D981";"47,21280500";"4,55924000"
"202400044163";"22";"08";"2024";"12:10";"1";"31";"31430";"1";"1";"1";"4";"A64, PK 193.750";"43,10677987";"0,60750535"
"202400044164";"14";"06";"2024";"10:50";"1";"79";"79100";"1";"2";"1";"1";"N/A";"46,33795800";" -0,54928400"
"202400044165";"2";"11";"2024";"17:30";"1";"40";"40090";"1";"1";"1";"6";"D58";"43,65803000";" -0,81191500"
"202400044166";"23";"08";"2024";"09:50";"1";"04";"04112";"1";"1";"1";"2";"A51";"43,80559185";"5,81657244"
"202400044167";"9";"06";"2024";"00:45";"3";"32";"32078";"1";"1";"1";"7";"Route de la Pétarde";"43,89245000";"0,66707600"
"202400044168";"27";"09";"2024";"17:50";"1";"24";"24022";"1";"1";"1";"1";"Route des Cygnes";"44,84018922";"0,78063548"
"202400044169";"1";"11";"2024";"22:45";"3";"30";"30165";"1";"1";"1";"7";"Route de Mons";"44,10422800";"4,15447900"
"202400044170";"7";"12";"2024";"16:25";"2";"35";"35238";"2";"3";"2";"5";"LIBERTE (BD DE LA)";"48,10750163";" -1,67544991"
"202400044171";"28";"07";"2024";"16:50";"1";"47";"47159";"1";"1";"1";"6";"D6";"44,38089700";"0,18246200"
"202400044172";"14";"06";"2024";"11:50";"1";"63";"63415";"2";"1";"2";"1";"rue dela croix du salut";"45,55042200";"3,37048800"
"202400044173";"27";"09";"2024";"17:00";"1";"76";"76506";"2";"1";"2";"1";"D915";"49,74134400";"1,30352100"
"202400044174";"2";"11";"2024";"12:50";"1";"30";"30223";"1";"1";"1";"3";"321 Route de Saint-Ambroix";"44,21528600";"4,15312200"
"202400044175";"23";"08";"2024";"15:40";"1";"67";"67033";"1";"1";"1";"7";"A4";"48,74381600";"7,68669600"
"202400044176";"7";"12";"2024";"17:10";"2";"35";"35238";"2";"2";"2";"3";"POMPIDOU ( BD GEORGES)";"48,10172000";" -1,68418000"
"202400044177";"28";"09";"2024";"11:12";"1";"60";"60446";"1";"1";"1";"6";"Route nationale 2";"49,13233500";"2,79678200"
"202400044178";"15";"06";"2024";"13:40";"1";"55";"55222";"1";"3";"1";"1";"D908";"49,17997800";"5,65447200"
"202400044179";"1";"11";"2024";"21:00";"3";"973";"97307";"1";"3";"1";"3";"D24 / Avenue felix eboue";"4,84818200";" -52,31608500"
"202400044180";"6";"12";"2024";"18:20";"5";"35";"35238";"2";"2";"2";"6";"LECLERC (AVENUE DU GENERAL)";"48,11399000";" -1,64807000"
"202400044181";"23";"08";"2024";"08:11";"1";"45";"45067";"1";"1";"1";"2";"A10 PR 104 + 582";"47,89416900";"1,77174900"
"202400044182";"14";"06";"2024";"17:55";"1";"41";"41080";"1";"6";"1";"6";"Rond-point Montparnasse";"47,33363500";"1,18676800"
"202400044183";"27";"09";"2024";"09:34";"1";"60";"60341";"2";"1";"1";"4";"Route de Paris";"49,09167712";"2,74341917"
"202400044184";"22";"08";"2024";"05:44";"3";"974";"97415";"1";"1";"1";"6";"N1A";" -21,05575700";"55,22697300"
"202400044185";"13";"06";"2024";"14:45";"1";"68";"68240";"2";"1";"1";"6";"9 Rue Principale (Henflingen)";"47,57146700";"7,28992100"
"202400044186";"28";"11";"2024";"17:30";"2";"34";"34129";"2";"1";"1";"3";"MONTOUZERES (AVENUE DES)";"43,57122500";"3,89152800"
"202400044187";"1";"11";"2024";"19:40";"5";"63";"63082";"1";"1";"1";"3";"Aire des volcans d'Auvergne, A71";"46,05780700";"3,11140500"
"202400044188";"15";"06";"2024";"05:45";"2";"68";"68374";"2";"1";"2";"7";"180 route de Colmar";"48,07445100";"7,27690500"
"202400044189";"23";"08";"2024";"02:02";"4";"974";"97418";"1";"1";"1";"6";"N2";" -20,89926500";"55,52297100"
"202400044190";"28";"09";"2024";"09:50";"1";"80";"80618";"2";"1";"7";"3";"33 Rue des Ecoles";"50,17325300";"1,58783600"
"202400044191";"6";"12";"2024";"07:30";"5";"34";"34172";"2";"1";"1";"2";"SAINT LAZARE (AVENUE DE)";"43,62154000";"3,88760000"
"202400044192";"23";"08";"2024";"00:25";"3";"973";"97312";"1";"1";"1";"7";"Piste de Saint-Élie (Chemin)";"5,38419900";" -52,99375500"
"202400044193";"1";"11";"2024";"21:40";"4";"973";"97309";"1";"1";"1";"3";"Route de la Matourienne";"4,88190900";" -52,29251300"
"202400044194";"27";"09";"2024";"23:05";"5";"59";"59076";"2";"1";"1";"1";"5 Route de Mons";"50,34027700";"3,97166000"
"202400044195";"15";"06";"2024";"11:50";"1";"15";"15054";"1";"1";"1";"6";"RD 678";"45,36080800";"2,79360700"
"202400044196";"7";"12";"2024";"18:00";"5";"33";"33063";"2";"3";"2";"6";"N/A";"44,89184000";" -0,56531000"
"202400044197";"2";"11";"2024";"15:25";"1";"17";"17116";"1";"1";"1";"3";"A10";"45,41785300";" -0,60301400"
"202400044198";"15";"06";"2024";"08:39";"1";"01";"01305";"2";"3";"1";"6";"Rue Andre";"46,43341300";"4,93838100"
"202400044199";"7";"12";"2024";"16:50";"2";"31";"31555";"2";"3";"3";"3";"AV D ATLANTA";"43,62905000";"1,47638000"
"202400044200";"27";"09";"2024";"16:00";"1";"13";"13214";"1";"1";"1";"3";"A7-Sens Marseille vers Lyon";"43,33330000";"5,37765000"
"202400044201";"2";"11";"2024";"04:45";"3";"68";"68301";"1";"1";"1";"7";"A35 pk110.000 sens BALE-MULHOUSE";"47,69258400";"7,44666000"
"202400044202";"15";"06";"2024";"18:40";"1";"58";"58038";"1";"1";"1";"3";"D143";"47,43008700";"3,43819000"
"202400044203";"2";"11";"2024";"03:40";"3";"57";"57695";"1";"1";"1";"6";"Autoroute A4, PK 344.300, sens Strasbourg vers Paris";"49,14060225";"6,46133346"
"202400044204";"7";"12";"2024";"04:30";"5";"13";"13205";"2";"1";"1";"1";"JEAN MOULIN (BOULEVARD)";"43,28954163";"5,40008461"
"202400044205";"14";"06";"2024";"18:00";"1";"06";"06007";"1";"1";"1";"3";"1688 Route de Saint Jacques";"43,62009220";"6,91827160"
"202400044206";"26";"09";"2024";"20:28";"3";"69";"69081";"1";"1";"1";"5";"Route de Métropole 6 ";"45,77516905";"4,78396271"
"202400044207";"7";"12";"2024";"01:12";"5";"13";"13206";"2";"9";"1";"3";"PIERRE PUGET (COURS)";"43,29013158";"5,37460100"
"202400044208";"2";"11";"2024";"03:05";"4";"971";"97103";"2";"9";"1";"3";"village de Jarry";"16,23720400";" -61,55539900"
"202400044209";"5";"06";"2024";"17:50";"1";"14";"14061";"1";"1";"1";"3";"Route de la Ferronnière (Beaulieu)";"48,92935100";" -0,80673300"
"202400044210";"26";"09";"2024";"02:10";"3";"57";"57757";"1";"1";"1";"6";"Autoroute A31";"49,34771000";"6,16866000"
"202400044211";"7";"12";"2024";"19:25";"5";"13";"13063";"2";"2";"1";"3";"ARISTIDE BRIAND BOULEVARD";"43,58296000";"5,00380000"