"Num_Acc";"jour";"mois";"an";"hrmn";"lum";"dep";"com";"agg";"int";"atm";"col";"adr";"lat";"long"
"202400044437";"25";"10";"2024";"18:48";"2";"44";"44132";"2";"6";"1";"3";"52 Avenue du Gris";"47,25323000";" -2,31413000"
"202400044438";"29";"10";"2024";"15:00";"1";"40";"40192";"2";"1";"8";"6";"RUISSEAU (RUE DU)";"43,88579094";" -0,50939798"
"202400044439";"24";"09";"2024";"17:55";"1";"41";"41047";"2";"2";"1";"3";"RD 2152";"47,60314000";"1,34959000"
"202400044440";"3";"12";"2024";"08:15";"1";"67";"67348";"1";"6";"1";"3";"D426";"48,45565200";"7,47021000"
"202400044441";"19";"09";"2024";"20:05";"5";"38";"38169";"2";"1";"1";"7";"CURIE (BOULEVARD J.)(35-53 A 52-66)";"45,19352000";"5,69477000"
"202400044442";"31";"10";"2024";"12:15";"1";"38";"38421";"2";"1";"1";"4";"AVENUE DU 8 MAI 1945";"45,16945183";"5,75610860"
"202400044443";"26";"09";"2024";"16:40";"1";"37";"37195";"2";"1";"1";"7";"PROUDHON (AVENUE)";"47,38980000";"0,64818000"
"202400044444";"6";"12";"2024";"20:42";"5";"38";"38317";"2";"2";"1";"3";"Avenue des Cent-vingt Toises";"45,13818100";"5,70210800"
"202400044445";"30";"10";"2024";"17:15";"2";"38";"38185";"2";"7";"1";"6";"PLACE GUSTAVE RIVET";"45,18195000";"5,72792000"
"202400044446";"26";"09";"2024";"16:00";"1";"37";"37261";"2";"1";"1";"7";"ALOUETTE (AVENUE)";"47,36215000";"0,69567000"
"202400044447";"7";"12";"2024";"18:00";"3";"69";"69017";"1";"1";"2";"1";"Route de Tarare";"45,91165600";"4,60208100"
"202400044448";"31";"10";"2024";"11:30";"1";"37";"37261";"2";"1";"1";"6";"STENDHAL (AVENUE)";"47,36843000";"0,70802000"
"202400044449";"25";"09";"2024";"22:39";"4";"37";"37214";"2";"1";"3";"2";"VOISIN (BOULEVARD ANDRE-GEORGES)";"47,42751000";"0,65853000"
"202400044450";"8";"12";"2024";"14:10";"1";"69";"69269";"1";"1";"2";"1";"Route Départementale 489";"45,71450768";"4,57794623"
"202400044451";"31";"10";"2024";"22:30";"5";"35";"35238";"2";"1";"1";"6";"MANIEZ (AVENUE JULES)";"48,09814600";" -1,69940600"
"202400044452";"26";"09";"2024";"21:15";"5";"35";"35238";"2";"2";"1";"7";"41°REGIMENT D'INFANTERIE (AVENUE)";"48,11822176";" -1,68687664"
"202400044453";"30";"10";"2024";"10:05";"1";"34";"34301";"2";"1";"1";"6";"VERDUN (BOULEVARD DE)";"43,41159000";"3,69176000"
"202400044454";"26";"09";"2024";"17:15";"1";"34";"34108";"1";"1";"1";"2";"RD2 Route de Balaruc";"43,43361000";"3,70257000"
"202400044455";"27";"10";"2024";"12:20";"1";"34";"34003";"2";"1";"1";"6";"GENTILSHOMMES (H16 A L17";"43,28729000";"3,51155000"
"202400044456";"6";"12";"2024";"10:45";"1";"40";"40184";"2";"2";"8";"3";"D67";"44,20062806";" -1,24117613"
"202400044457";"31";"10";"2024";"19:00";"2";"33";"33069";"2";"2";"1";"3";"N/A";"44,85938000";" -0,58969000"
"202400044458";"26";"09";"2024";"12:35";"1";"34";"34172";"2";"1";"1";"4";"BLAYAC (RUE DU PROFESSEUR)";"43,62604800";"3,82401800"
"202400044459";"7";"12";"2024";"05:50";"5";"33";"33433";"2";"1";"2";"1";"N/A";"44,90983900";" -0,42794100"
"202400044460";"7";"09";"2024";"03:20";"3";"33";"33522";"2";"1";"3";"6";"N/A";"44,81367000";" -0,60465000"
"202400044461";"7";"12";"2024";"19:50";"5";"85";"85226";"2";"1";"6";"6";"RD6A";"46,71479700";" -1,97495300"
"202400044462";"26";"09";"2024";"17:52";"1";"31";"31555";"2";"1";"2";"6";"CHE DES IZARDS";"43,63844000";"1,44422000"
"202400044463";"31";"10";"2024";"14:00";"1";"33";"33119";"2";"9";"1";"3";"N/A";"44,84601000";" -0,53528000"
"202400044464";"25";"09";"2024";"12:15";"1";"30";"30007";"2";"3";"1";"3";"CHOTARD (RUE DES FRERES)";"44,12253000";"4,08338000"
"202400044465";"30";"10";"2024";"15:50";"1";"33";"33550";"2";"3";"1";"3";"N/A";"44,78156000";" -0,56427000"
"202400044466";"8";"12";"2024";"18:45";"5";"72";"72264";"2";"3";"1";"1";"Rue du Mans";"47,83908900";" -0,31687100"
"202400044467";"31";"10";"2024";"10:50";"1";"32";"32013";"2";"1";"1";" -1";"METZ";"43,64173000";"0,58538000"
"202400044468";"8";"12";"2024";"10:01";"1";"61";"61074";"1";"1";"2";"2";"2 Route de l'Augrumière";"48,56769400";" -0,15753100"
"202400044469";"26";"09";"2024";"16:15";"1";"25";"25056";"2";"1";"2";"3";"GRAY ROUTE DE";"47,24812000";"5,97888000"
"202400044470";"30";"10";"2024";"17:55";"4";"29";"29232";"2";"1";"1";"3";"Pont de Poulguinan";"47,98145316";" -4,12027375"
"202400044471";"8";"12";"2024";"20:00";"3";"14";"14762";"1";"1";"3";"6";"Rue Roger Fossey";"48,84242100";" -0,84475100"
"202400044472";"26";"09";"2024";"13:30";"1";"13";"13071";"2";"1";"8";"1";"ORLEANS ( AVENUE D' )";"43,38323000";"5,34372000"
"202400044473";"30";"10";"2024";"19:28";"5";"29";"29019";"2";"2";"1";"6";"rue de l'Eau Blanche";"48,41007500";" -4,45652500"
"202400044474";"26";"09";"2024";"05:50";"5";"13";"13056";"2";"9";"1";"3";"CD 5 (Route d'Istres)";"43,42728000";"5,05100000"
"202400044475";"31";"10";"2024";"19:40";"5";"25";"25056";"2";"1";"1";"1";"DOLE RUE DE (sup 200)";"47,22642000";"5,97783000"
"202400044476";"6";"12";"2024";"18:00";"3";"13";"13203";"1";"1";"1";"4";"A557-Liaison A7 Marseille-A55 Marseille";"43,31930877";"5,36864472"
"202400044477";"26";"09";"2024";"16:45";"1";"13";"13212";"2";"9";"1";"3";"SAINT BARNABE (AVENUE DE)";"43,30388000";"5,40708000"
"202400044478";"31";"10";"2024";"13:25";"1";"22";"22187";"1";"1";"1";"2";"RN12";"48,53379502";" -2,75845578"
"202400044479";"26";"09";"2024";"08:20";"1";"13";"13209";"2";"1";"8";"3";"CATHERINE BLUM (BOULEVARD)";"43,26388000";"5,41847000"
"202400044480";"7";"12";"2024";"16:10";"1";"33";"33063";"1";"1";"2";"4";"N/A";"44,88272200";" -0,55184700"
"202400044481";"25";"09";"2024";"17:00";"1";"13";"13207";"2";"1";"1";"3";"CHARLES LIVON (BOULEVARD)";"43,29174000";"5,35638000"
"202400044482";"30";"10";"2024";"17:25";"1";"15";"15014";"2";"1";"1";"7";"Rue Paul Doumer";"44,92444000";"2,44452000"
"202400044483";"7";"12";"2024";"05:34";"3";"33";"33318";"1";"1";"3";"2";"N/A";"44,81181200";" -0,67186300"
"202400044484";"30";"07";"2024";"19:45";"1";"11";"11262";"2";"1";"1";"6";"Boulevard Gambetta";"43,18297000";"3,00783000"
"202400044485";"31";"10";"2024";"11:20";"1";"13";"13106";"2";"1";"1";"2";"DOCTEUR EDOUARD SAUZE (AVENUE DU)";"43,40682000";"5,36217000"
"202400044486";"7";"12";"2024";"09:45";"1";"91";"91659";"1";"1";"8";"7";"AUTOROUTE A6";"48,59057200";"2,44630400"
"202400044487";"7";"12";"2024";"09:40";"1";"91";"91086";"1";"1";"2";"7";"RN 104";"48,62435000";"2,37794000"
"202400044488";"26";"09";"2024";"16:50";"1";"07";"07019";"1";"1";"2";"4";"D 104 (DEVIATION ST PRIVAS)";"44,61505000";"4,40855000"
"202400044489";"31";"10";"2024";"03:45";"4";"13";"13077";"1";"1";"1";"1";"RN 568";"43,42209452";"4,97710329"
"202400044490";"30";"10";"2024";"11:10";"1";"13";"13206";"2";"1";"1";"2";"ORATOIRE (Montée)";"43,28437000";"5,37183000"
"202400044491";"7";"12";"2024";"19:30";"5";"92";"92050";"1";"1";"8";"3";"A14";"48,89509609";"2,22815045"
"202400044492";"26";"09";"2024";"11:50";"1";"06";"06069";"2";"1";"3";"3";"Chemin des Chenes";"43,64084800";"6,91165800"
"202400044493";"7";"12";"2024";"07:34";"5";"93";"93008";"1";"1";"2";"3";"AUTOROUTE A86";"48,90829446";"2,45075583"
"202400044494";"25";"09";"2024";"10:00";"1";"01";"01053";"2";"1";"8";"3";"boulevard édouard herriot";"46,20969000";"5,22671000"
"202400044495";"26";"09";"2024";"18:50";"1";"75";"75115";"2";"1";"2";"2";"BD PERIPHERIQUE EXTERIEUR";"48,82551800";"2,30090200"
"202400044496";"7";"12";"2024";"19:00";"3";"94";"94028";"1";"1";"2";"3";"A86";"48,77636200";"2,43325400"
"202400044497";"7";"12";"2024";"01:00";"5";"77";"77372";"1";"1";"2";"6";"A104";"48,87691897";"2,66878603"
"202400044498";"31";"10";"2024";"12:20";"1";"13";"13028";"2";"2";"1";"1";"SANGNIER (AVENUE MARC)";"43,17210000";"5,59885000"
"202400044499";"31";"10";"2024";"21:08";"3";"13";"13004";"1";"1";"1";"1";"RTE DE LA CRAU RAPHELE";"43,65692000";"4,66249000"
"202400044500";"6";"12";"2024";"14:39";"1";"94";"94017";"1";"1";"1";"6";"A86";"48,83041529";"2,49042330"
"202400044501";"25";"09";"2024";"12:15";"1";"75";"75115";"2";"1";"1";"4";"BOULEVARD PERIPHERIQUE EXTERIEUR SUD";"48,82637600";"2,29701300"
"202400044502";"29";"05";"2024";"23:20";"4";"13";"13001";"2";"3";"1";"3";"BROSSOLETTE PIERRE (AV)";"43,51553000";"5,44253000"
"202400044503";"26";"09";"2024";"14:56";"1";"75";"75118";"2";"2";"2";"6";"RUE CHAMPIONNET";"48,89301700";"2,32743700"
"202400044504";"7";"12";"2024";"09:25";"1";"988";"98818";"2";"1";"1";"6";"Parking du Kuendu Beach";" -22,26076000";"166,39044000"
"202400044505";"25";"09";"2024";"22:25";"5";"75";"75106";"2";"7";"3";"6";"PLACE SAINT MICHEL";"48,85361400";"2,34421000"
"202400044506";"6";"12";"2024";"22:25";"5";"974";"97411";"2";"1";"1";"6";"BOIS ROUGE (CHEMIN DE)";" -20,92259000";"55,49171000"
"202400044507";"31";"10";"2024";"18:50";"3";"13";"13001";"1";"1";"1";"4";"RN 296";"43,55016000";"5,43137000"
"202400044508";"26";"09";"2024";"16:45";"1";"75";"75118";"2";"3";"2";"6";"RUE CAULAINCOURT";"48,88955100";"2,33705600"
"202400044509";"26";"09";"2024";"18:50";"1";"75";"75116";"2";"1";"2";"3";"AVENUE DE MALAKOFF";"48,87562600";"2,28383800"
"202400044510";"30";"10";"2024";"13:10";"1";"13";"13001";"1";"1";"1";"1";"RD 7";"43,59671000";"5,35194000"
"202400044511";"26";"09";"2024";"16:45";"1";"75";"75116";"2";"1";"2";"6";"AVENUE DE VERSAILLES";"48,84773700";"2,27371700"
"202400044512";"6";"12";"2024";"10:30";"1";"974";"97409";"1";"9";"1";"5";"RN2 SENS ST BENOIT ST DENIS";" -20,96549000";"55,65753000"
"202400044513";"30";"10";"2024";"08:55";"1";"11";"11069";"1";"1";"1";"3";"ROCADE NORD - RD 6113";"43,23270000";"2,35480000"
"202400044514";"25";"09";"2024";"20:20";"5";"75";"75116";"2";"2";"2";"3";"AVENUE D IENA";"48,87112800";"2,29564400"
"202400044515";"31";"10";"2024";"08:36";"1";"10";"10333";"2";"6";"2";"7";"AUXERRE (ROUTE)";"48,27010000";"4,05070000"
"202400044516";"6";"12";"2024";"07:40";"1";"973";"97302";"2";"1";"1";"5";"BADUEL (ROUTE DE)";"4,93414000";" -52,31081000"
"202400044517";"25";"09";"2024";"12:50";"1";"75";"75115";"2";"1";"2";"6";"PLACE CAMBRONNE";"48,84775500";"2,30165100"
"202400044518";"31";"10";"2024";"14:55";"1";"07";"07019";"2";"1";"1";"6";"GAMBETTA (BOULEVARD)";"44,61955000";"4,39055000"
"202400044519";"6";"12";"2024";"08:25";"1";"973";"97302";"2";"1";"1";"6";"BARTHELEMY (RENE)";"4,93358000";" -52,33038000"
"202400044520";"25";"09";"2024";"15:45";"1";"75";"75114";"2";"3";"2";"6";"BOULEVARD DU MONTPARNASSE";"48,84053800";"2,33371700"
"202400044521";"31";"10";"2024";"19:21";"5";"06";"06088";"2";"2";"1";"3";"69 Boulevard de l'Ariane";"43,73484000";"7,29806000"
"202400044522";"25";"09";"2024";"09:20";"1";"75";"75113";"2";"3";"2";"3";"RUE DE LA SANTE";"48,83538900";"2,34167300"
"202400044523";"5";"12";"2024";"18:10";"2";"972";"97209";"1";"1";"1";"2";"RN9";"14,60041200";" -61,04665100"
"202400044524";"31";"10";"2024";"16:15";"1";"06";"06029";"2";"1";"1";"3";"80 Boulevard du Midi Louise Moreau";"43,54102000";"6,96016000"
"202400044525";"6";"12";"2024";"08:50";"1";"971";"97113";"2";"1";"1";"6";"RN4-ROND POINT SAINT FELIX";"16,21334000";" -61,42787000"
"202400044526";"30";"10";"2024";"09:40";"1";"75";"75116";"2";"1";"1";"2";"BD PERIPHERIQUE INTERIEUR ";"48,85394200";"2,25398600"
"202400044527";"26";"09";"2024";"18:15";"1";"75";"75112";"2";"2";"1";"6";"AVENUE LEDRU ROLLIN";"48,84800900";"2,37142400"
"202400044528";"26";"09";"2024";"20:55";"5";"75";"75110";"2";"1";"8";"3";"BOULEVARD SAINT MARTIN";"48,86864900";"2,35782700"
"202400044529";"5";"12";"2024";"14:45";"1";"971";"97101";"1";"1";"1";"1";"ROUTE DE BOISVINS";"16,26743000";" -61,48966000"
"202400044530";"26";"09";"2024";"15:20";"1";"75";"75110";"2";"1";"3";"7";"RUE DES VINAIGRIERS";"48,87315700";"2,36254600"
"202400044531";"6";"12";"2024";"11:58";"1";"95";"95203";"2";"3";"1";"1";"JULES CESAR (CHAUSSEE)";"48,98464608";"2,27243480"
"202400044532";"25";"09";"2024";"20:45";"5";"75";"75116";"2";"2";"3";"6";"AVENUE DU PRESIDENT WILSON";"48,86510400";"2,29889400"
"202400044533";"31";"10";"2024";"21:55";"5";"75";"75114";"2";"2";"1";"6";"AVENUE DU MAINE";"48,83689700";"2,32325500"
"202400044534";"6";"12";"2024";"19:28";"5";"91";"91549";"2";"2";"1";"6";"PAUL VAILLANT-COUTURIER (AVENUE)";"48,65164000";"2,33260000"
"202400044535";"26";"09";"2024";"08:50";"1";"75";"75108";"2";"2";"8";"6";"AVENUE DES CHAMPS ELYSEES";"48,86775000";"2,31398800"
"202400044536";"6";"12";"2024";"20:55";"5";"91";"91692";"2";"3";"1";"3";"TROPIQUES (AVENUE DES)";"48,68471000";"2,19405200"
"202400044537";"31";"10";"2024";"11:45";"1";"75";"75116";"2";"3";"1";"3";"RUE BOISSIERE";"48,86633200";"2,29115500"
"202400044538";"26";"09";"2024";"06:10";"3";"94";"94044";"1";"1";"2";"3";"Rue du Coteau";"48,74463800";"2,49829700"
"202400044539";"6";"12";"2024";"09:15";"1";"91";"91687";"2";"1";"1";"6";"SABLONS (AVENUE DES)";"48,66627000";"2,36366000"
"202400044540";"5";"12";"2024";"19:10";"5";"87";"87085";"2";"3";"2";"3";"NEXON (RUE DE)";"45,81205000";"1,25779000"
"202400044541";"25";"09";"2024";"16:02";"1";"94";"94074";"2";"2";"2";"2";"Avenue du Rû de Gironde";"48,74726886";"2,46207583"
"202400044542";"30";"10";"2024";"22:40";"5";"75";"75105";"2";"2";"1";"3";"RUE MONGE";"48,84660100";"2,35165500"
"202400044543";"5";"12";"2024";"09:40";"1";"87";"87085";"2";"1";"1";"6";"rue Fresnel";"45,82609000";"1,26633000"
"202400044544";"26";"09";"2024";"18:45";"1";"94";"94076";"2";"1";"1";"6";"20 Avenue de Paris";"48,80534000";"2,36365000"
"202400044545";"31";"10";"2024";"08:25";"1";"75";"75112";"2";"2";"1";"3";"AVENUE DAUMESNIL";"48,84734800";"2,37525200"
"202400044546";"26";"09";"2024";"13:35";"1";"94";"94073";"2";"1";"2";"5";"176 Avenue de Versailles";"48,75754000";"2,38974000"
"202400044547";"26";"09";"2024";"13:30";"1";"94";"94054";"2";"3";"3";"3";"Rue des Hautes Bornes";"48,74994000";"2,41025000"
"202400044548";"26";"09";"2024";"20:50";"5";"93";"93048";"2";"1";"2";"6";"ROSNY (RUE DE)";"48,86898693";"2,46214986"
"202400044549";"26";"09";"2024";"16:50";"1";"93";"93051";"2";"4";"3";"3";"PAVE NEUF (AVENUE)";"48,83673198";"2,56284177"
"202400044550";"31";"10";"2024";"13:05";"1";"75";"75103";"2";"7";"1";"3";"BOULEVARD SAINT MARTIN";"48,86795600";"2,36238700"
"202400044551";"26";"09";"2024";"10:30";"1";"93";"93047";"2";"2";"2";"3";"GENERAL DE GAULLE (RUE DU)";"48,89938187";"2,55953493"
"202400044552";"6";"12";"2024";"12:00";"1";"84";"84007";"2";"2";"1";"2";"C.DE GAULLE (ROCADE)";"43,93189000";"4,82913000"
"202400044553";"26";"09";"2024";"12:17";"1";"93";"93001";"2";"1";"8";"3";"ANDRE KARMAN (RUE)  => 136/143";"48,90827233";"2,38490135"
"202400044554";"5";"12";"2024";"13:00";"1";"84";"84007";"2";"2";"1";"1";"AMANDIER (AVENUE DE L')";"43,93780000";"4,84943000"
"202400044555";"25";"09";"2024";"12:35";"1";"93";"93001";"2";"7";"2";"3";"SADI CARNOT (RUE)  =>8/9";"48,90764805";"2,38355577"
"202400044556";"31";"10";"2024";"17:35";"5";"94";"94046";"2";"2";"1";"3";"Rue de Vincennes";"48,80728000";"2,44794000"
"202400044557";"6";"12";"2024";"17:30";"2";"81";"81065";"2";"3";"1";"3";"DE GAULLE RD 612 (AV. CHARLES)";"43,60210500";"2,25026500"
"202400044558";"26";"09";"2024";"07:50";"1";"92";"92076";"2";"1";"1";"3";"REPUBLIQUE";"48,83781184";"2,15714604"
"202400044559";"30";"10";"2024";"18:30";"5";"94";"94033";"2";"1";"8";"3";"Rue Dalayrac";"48,84915359";"2,45916040"
"202400044560";"6";"12";"2024";"14:35";"1";"80";"80021";"2";"1";"1";"7";"STRASBOURG (BOULEVARD DE)";"49,89091000";"2,27722000"
"202400044561";"31";"10";"2024";"09:45";"1";"94";"94028";"2";"1";"1";"3";"Av du Mal de Lattre de Tassigny";"48,80006000";"2,45089000"
"202400044562";"26";"09";"2024";"14:25";"1";"92";"92063";"2";"3";"3";"6";"FILLIETTE (RUE NICOLAS-PHILIBERT)";"48,87032132";"2,18937423"
"202400044563";"31";"10";"2024";"11:20";"1";"93";"93078";"1";"6";"1";"3";"VILLEPINTE (ROUTE DE)";"48,97120684";"2,54954701"
"202400044564";"31";"10";"2024";"09:00";"1";"95";"95527";"1";"9";"1";"6";"NOYER AU CHAT (ROUTE DU)";"48,99783000";"2,52145000"
"202400044565";"30";"10";"2024";"19:40";"2";"93";"93053";"2";"1";"1";"6";"MOULIN HARVY (ALLEE DU)";"48,89285869";"2,46942970"
"202400044566";"6";"12";"2024";"13:40";"1";"78";"78401";"2";"2";"7";"3";"ALOUETTES (ALLEE)";"49,01145800";"1,92111300"
"202400044567";"25";"09";"2024";"16:20";"2";"92";"92012";"2";"1";"2";"6";"SILLY (RUE DE) 1/87 - 2/88";"48,83823063";"2,23217652"
"202400044568";"28";"11";"2024";"00:40";"3";"78";"78168";"2";"1";"1";"6";"Route nationale 10";"48,74982900";"1,92760400"
"202400044569";"31";"10";"2024";"12:15";"1";"93";"93006";"2";"3";"8";"3";"LEGER FERNAND RUE";"48,87116992";"2,42628872"
"202400044570";"26";"09";"2024";"17:15";"1";"47";"47100";"1";"1";"2";"1";"Route de Laugnac";"44,26226731";"0,63410933"
"202400044571";"31";"10";"2024";"11:30";"1";"93";"93032";"2";"2";"1";"3";"GABRIEL   (AVENUE)";"48,89020004";"2,52220184"
"202400044572";"6";"12";"2024";"08:45";"1";"77";"77085";"2";"1";"1";"1";"FERME DU PAVILLON (ROUTE DE LA )";"48,85584700";"2,74927500"
"202400044573";"31";"10";"2024";"15:45";"1";"93";"93059";"2";"1";"8";"6";"EMILE ZOLA (AVENUE)";"48,94993000";"2,36538000"
"202400044574";"27";"09";"2024";"06:50";"3";"40";"40133";"1";"1";"1";"2";"A63";"43,58876100";" -1,41914600"
"202400044575";"7";"12";"2024";"00:35";"5";"76";"76681";"2";"1";"2";"6";"Rue Commandant l’Herminier";"49,42440000";"1,08751000"
"202400044576";"28";"10";"2024";"16:30";"1";"93";"93013";"2";"9";"1";"3";"LECLERC (AVENU DE LA DIVISION)";"48,93140811";"2,42227167"
"202400044577";"27";"09";"2024";"13:00";"1";"08";"08145";"1";"1";"1";"1";"N/A";"49,65813800";"5,04726500"
"202400044578";"5";"12";"2024";"15:40";"1";"76";"76212";"2";"1";"2";"3";"Boulevard de la Paix";"49,44053000";"1,15083000"
"202400044579";"31";"10";"2024";"02:50";"5";"93";"93014";"2";"1";"1";"3";"EMILE ZOLA (BOULEVARD)";"48,90569000";"2,55152000"
"202400044580";"27";"09";"2024";"10:15";"1";"51";"51649";"2";"6";"8";"6";"Boulevard Carnot";"48,72361000";"4,58851400"
"202400044581";"6";"12";"2024";"06:20";"5";"76";"76351";"2";"3";"1";"3";"JEAN JAURES (AVENUE)";"49,49829000";"0,14806000"
"202400044582";"31";"10";"2024";"17:39";"5";"93";"93007";"2";"3";"1";"3";"PIERRE MONTAUFIER (AVENUE)";"48,92392577";"2,47586202"
"202400044583";"26";"09";"2024";"11:40";"1";"51";"51649";"2";"6";"3";"3";"Boulevard Carnot";"48,72352900";"4,58843400"
"202400044584";"26";"10";"2024";"08:30";"2";"92";"92075";"2";"1";"1";"6";"DE GAULLE (AVENUE DU GENERAL)";"48,82211547";"2,28210121"
"202400044585";"6";"12";"2024";"14:45";"1";"71";"71306";"1";"1";"1";"2";"RN 70 (ROUTE EXPRESS)";"46,66200000";"4,33331000"
"202400044586";"31";"10";"2024";"11:00";"1";"92";"92033";"2";"1";"1";"6";"JOFFRE";"48,83920664";"2,18614385"
"202400044587";"6";"12";"2024";"09:00";"1";"69";"69266";"2";"1";"2";"6";"80 Rue Magenta";"45,76476000";"4,87165000"
"202400044588";"26";"09";"2024";"16:40";"1";"83";"83058";"2";"1";"1";"6";"790 Route de Salernes";"43,53658600";"6,38986600"
"202400044589";"31";"10";"2024";"19:30";"5";"92";"92040";"2";"1";"1";"6";"GENERAL DE GAULLE (AVE DU) 32 A 62";"48,82011341";"2,27972031"
"202400044590";"6";"12";"2024";"13:00";"1";"69";"69259";"2";"1";"1";"3";"179 Avenue Francis de Pressensé";"45,71655000";"4,87086000"
"202400044591";"31";"10";"2024";"11:50";"1";"92";"92062";"2";"1";"1";"6";"PERRONET NORD ET SUD";"48,89097820";"2,23949479"
"202400044592";"5";"12";"2024";"19:50";"5";"67";"67482";"2";"1";"1";"3";"ABBE DE L'EPEE";"48,54576000";"7,76303000"
"202400044593";"27";"09";"2024";"00:30";"3";"974";"97422";"2";"6";"1";"1";"Rue Marius et Ary Leblond";" -21,27600202";"55,52489358"
"202400044594";"31";"10";"2024";"19:53";"5";"92";"92025";"2";"1";"1";"3";"STALINGRAD (AV DE)";"48,93080047";"2,26726189"
"202400044595";"22";"09";"2024";"23:25";"3";"972";"97221";"1";"1";"1";"7";"N5";"14,50305000";" -60,98077000"
"202400044596";"31";"10";"2024";"21:33";"5";"92";"92023";"2";"9";"5";"6";"GENERAL DE GAULLE (AV DU) N°130 A 340 ET";"48,78745587";"2,25664705"
"202400044597";"5";"12";"2024";"14:50";"1";"67";"67482";"2";"2";"2";"3";"FRANÇOIS MITTERRAND (AVENUE)";"48,58417000";"7,69325000"
"202400044598";"31";"10";"2024";"12:40";"1";"92";"92019";"2";"8";"1";"3";"DIVISION LECLERC (AVENUE DE LA)";"48,76472871";"2,26528868"
"202400044599";"26";"09";"2024";"16:42";"1";"27";"27368";"1";"2";"1";"3";"Route de Saint Laurent";"48,84485000";"1,28505700"
"202400044600";"5";"12";"2024";"12:25";"1";"67";"67482";"2";"3";"1";"3";"LANGUEDOC (RUE DU)";"48,54817000";"7,74359000"
"202400044601";"31";"10";"2024";"20:45";"5";"92";"92012";"2";"1";"1";"3";"JEAN JAURES (BOULEVARD) 1/61 - COTE IMPA";"48,84528662";"2,23717421"
"202400044602";"15";"09";"2024";"08:45";"1";"83";"83036";"2";"9";"1";"1";"Boulevard de la Roseraie";"43,17328400";"6,52166200"
"202400044603";"30";"10";"2024";"17:58";"1";"92";"92009";"2";"3";"1";"6";"VERDUN ( AVENUE DE )";"48,91505908";"2,27075368"
"202400044604";"6";"12";"2024";"03:00";"5";"66";"66136";"2";"3";"1";"3";"ESCARGUEL (COURS LAZARE)";"42,69852000";"2,88737000"
"202400044605";"26";"09";"2024";"19:15";"2";"71";"71081";"1";"1";"8";"3";"Autoroute A6 - PK 328.900 Sens PARIS LYON";"46,80543500";"4,82422100"
"202400044606";"27";"09";"2024";"09:45";"1";"58";"58002";"2";"1";"1";"6";"Chemin du bégat";"47,45060500";"3,06764200"
"202400044607";"5";"12";"2024";"20:00";"5";"66";"66136";"2";"2";"1";"3";"Avenue du Palais-des-Expositions";"42,70651000";"2,90002000"
"202400044608";"29";"10";"2024";"19:00";"5";"92";"92004";"2";"9";"1";"4";"VOLTAIRE ( BD )";"48,91629150";"2,29000676"
"202400044609";"22";"09";"2024";"01:15";"3";"47";"47244";"1";"1";"3";"6";"D6";"44,35294200";"0,15393200"
"202400044610";"6";"12";"2024";"08:20";"2";"64";"64024";"2";"1";"2";"6";"HARDOY (RUE DE)";"43,49363000";" -1,50996000"
"202400044611";"31";"10";"2024";"15:20";"1";"92";"92002";"2";"9";"1";"4";"RAYMON ARON (AVENUE)";"48,77009322";"2,31161714"
"202400044612";"26";"09";"2024";"17:00";"1";"19";"19023";"2";"1";"2";"7";"Route d?Argentat";"45,12418503";"1,73010801"
"202400044613";"5";"12";"2024";"12:50";"1";"64";"64024";"2";"1";"1";"3";"BAYONNE (AVENUE DE)";"43,48219522";" -1,50754899"
"202400044614";"31";"10";"2024";"21:45";"3";"31";"31527";"1";"1";"1";"6";"D20 PK46+760";"43,54529800";"1,80121100"
"202400044615";"6";"12";"2024";"18:50";"5";"62";"62178";"2";"6";"1";"6";"D841";"50,49421532";"2,57440182"
"202400044616";"27";"09";"2024";"13:40";"1";"77";"77310";"1";"1";"1";"5";"déparmentale 412";"48,37076900";"3,23338200"
"202400044617";"31";"10";"2024";"18:05";"3";"80";"80572";"1";"2";"5";"7";"D1";"49,93607800";"2,62731000"
"202400044618";"6";"12";"2024";"08:09";"2";"62";"62160";"2";"1";"6";"7";"Boulevard Antoine Eurvin";"50,72651635";"1,61689818"
"202400044619";"26";"09";"2024";"18:25";"1";"76";"76091";"1";"2";"8";"1";"D50";"49,71620800";"0,60454800"
"202400044620";"29";"10";"2024";"18:02";"2";"26";"26305";"1";"1";"1";"2";"Avenue de Fourège";"44,60193100";"4,90685700"
"202400044621";"28";"11";"2024";"17:15";"5";"62";"62037";"2";"1";"8";"2";"D341";"50,31307000";"2,74604000"
"202400044622";"27";"09";"2024";"10:45";"1";"65";"65388";"1";"1";"1";"6";"Route du Pla d’Adet";"42,82913400";"0,29210300"
"202400044623";"1";"11";"2024";"09:34";"1";"95";"95487";"2";"1";"1";"6";"8 EDMOND BOURGOIS (RUE)";"49,14366100";"2,27325800"
"202400044624";"5";"12";"2024";"17:55";"5";"62";"62041";"2";"1";"2";"6";"Rue Dambrine";"50,29254000";"2,75525000"
"202400044625";"1";"11";"2024";"17:16";"2";"31";"31184";"1";"1";"1";"2";"Chemin du Pastel";"43,60210303";"1,55240948"
"202400044626";"26";"09";"2024";"17:30";"1";"69";"69217";"1";"1";"1";"1";"Route Départementale 98";"45,99761800";"4,42942100"
"202400044627";"5";"12";"2024";"17:20";"5";"62";"62041";"2";"6";"2";"3";"Rue de Cambrai";"50,28302650";"2,80204725"
"202400044628";"1";"11";"2024";"09:30";"1";"22";"22116";"1";"1";"5";"6";"RN12, PR 80+600, SENS BREST-RENNES";"48,53544800";" -3,03952200"