"Num_Acc";"jour";"mois";"an";"hrmn";"lum";"dep";"com";"agg";"int";"atm";"col";"adr";"lat";"long"
"202400044824";"9";"01";"2024";"19:40";"5";"92";"92026";"2";"1";"1";"6";"BEZONS (DE 23 A FIN)";"48,89449000";"2,25084000"
"202400044825";"3";"04";"2024";"07:20";"1";"60";"60589";"1";"1";"2";"1";"D1016";"49,23121900";"2,47046500"
"202400044826";"9";"05";"2024";"14:45";"1";"14";"14191";"1";"1";"1";"6";"D79";"49,31243600";" -0,44535400"
"202400044827";"9";"01";"2024";"19:40";"5";"92";"92026";"2";"1";"1";"6";"BEZONS  (DE 01 A 22)";"48,89449000";"2,25084000"
"202400044828";"2";"04";"2024";"15:30";"1";"13";"13081";"1";"1";"1";"6";"A7-Sens Marseille vers Lyon";"43,49400000";"5,24000000"
"202400044829";"10";"05";"2024";"02:18";"3";"50";"50369";"1";"1";"1";"6";"Route du Pont Rilly";"49,51359100";" -1,55096100"
"202400044830";"9";"01";"2024";"00:45";"3";"92";"92026";"2";"1";"4";"2";"COURBEVOIE (PONT DE)";"48,89641175";"2,26489055"
"202400044831";"31";"03";"2024";"23:30";"3";"13";"13215";"1";"1";"3";"1";"A55-Sens Marseille vers Martigues";"43,33527425";"5,35328598"
"202400044832";"9";"01";"2024";"13:20";"1";"92";"92024";"2";"1";"1";"6";"GENERAL ROGUET (RUE DU) DE (1 A 57)   (2";"48,90354065";"2,31290929"
"202400044833";"9";"01";"2024";"01:00";"5";"92";"92024";"2";"1";"4";"1";"GENNEVILLIERS (PONT DE)";"48,91300492";"2,31100962"
"202400044834";"1";"04";"2024";"05:45";"3";"83";"83047";"1";"1";"1";"2";"A570";"43,13357431";"6,05180516"
"202400044835";"10";"05";"2024";"10:20";"1";"45";"45059";"1";"1";"1";"7";"D2157 PR 12 + 6";"47,93233200";"1,75066700"
"202400044836";"9";"01";"2024";"07:47";"5";"92";"92007";"2";"3";"4";"6";"DE GAULLE (AVENUE CHARLES)";"48,79770626";"2,29683548"
"202400044837";"10";"03";"2024";"20:20";"3";"01";"01275";"1";"1";"1";"2";"A42   4.353 A 5.760   GEN/LYON";"45,81020000";"4,93517000"
"202400044838";"9";"05";"2024";"18:00";"1";"43";"43020";"1";"4";"1";"1";"Route de Beauzac";"45,29385300";"4,11504500"
"202400044839";"9";"01";"2024";"17:27";"5";"92";"92009";"2";"2";"9";"1";"CHARLES-DE-GAULLE ( AVENUE )";"48,91832288";"2,27507293"
"202400044840";"9";"05";"2024";"15:10";"1";"43";"43078";"2";"1";"1";"6";"Rue des Jardins";"44,99524200";"3,91792400"
"202400044841";"15";"01";"2024";"15:20";"1";"92";"92002";"2";"1";"1";"7";"LAVOISIER (AVENUE)";"48,74846636";"2,31333643"
"202400044842";"9";"05";"2024";"22:25";"3";"07";"07058";"1";"1";"1";"6";"D5";"44,55203800";"4,28945300"
"202400044843";"10";"01";"2024";"08:30";"2";"54";"54462";"2";"1";"1";"6";"Rue du Colonel Thiébaut";"48,59675545";"6,33497536"
"202400044844";"2";"04";"2024";"11:35";"1";"33";"33397";"1";"1";"1";"4";"N/A";"44,91727513";" -0,47712759"
"202400044845";"7";"05";"2024";"15:45";"1";"40";"40118";"1";"1";"2";"1";"Route de l'Océan";"43,54289300";" -0,95091800"
"202400044846";"8";"01";"2024";"14:30";"1";"14";"14223";"1";"2";"9";"1";"D511";"48,87911100";" -0,34922400"
"202400044847";"10";"05";"2024";"06:00";"3";"85";"85004";"2";"4";"1";"6";"Canal de Ceinture (Rivière)";"46,35423300";" -1,36815700"
"202400044848";"2";"04";"2024";"08:55";"1";"33";"33550";"1";"1";"1";"4";"N/A";"44,77977000";" -0,54914000"
"202400044849";"10";"01";"2024";"18:40";"3";"02";"02330";"1";"1";"1";"2";"Autoroute A26, PK 167+430";"49,85996100";"3,23553800"
"202400044850";"2";"04";"2024";"19:09";"1";"91";"91521";"1";"1";"2";"7";"RN 449";"48,63567000";"2,40157000"
"202400044851";"10";"05";"2024";"11:10";"1";"85";"85005";"1";"3";"1";"3";"D938t";"46,63990000";" -0,75340000"
"202400044852";"7";"01";"2024";"17:45";"2";"34";"34095";"1";"1";"1";"5";"departementale 114";"43,52270200";"3,76224900"
"202400044853";"10";"05";"2024";"17:40";"1";"85";"85232";"1";"2";"1";"3";"RD7";"46,68911500";" -1,18323000"
"202400044854";"2";"04";"2024";"10:50";"1";"91";"91161";"1";"1";"1";"5";"AUTOROUTE A6";"48,72027000";"2,31108000"
"202400044855";"17";"04";"2024";"19:15";"1";"28";"28324";"1";"1";"1";"6";"D24";"48,50024500";"1,24739100"
"202400044856";"2";"04";"2024";"14:00";"1";"92";"92002";"1";"1";"1";"6";"AUTOROUTE A86";"48,76344108";"2,30932312"
"202400044857";"9";"01";"2024";"08:30";"1";"56";"56251";"1";"1";"1";"4";"ZA Atlantheix";"47,64592000";" -2,70013000"
"202400044858";"10";"05";"2024";"00:15";"3";"17";"17235";"1";"1";"1";"7";"CD 131";"45,79322100";" -0,40221900"
"202400044859";"2";"04";"2024";"07:47";"2";"91";"91689";"1";"1";"1";"5";"AUTOROUTE A6B";"48,74620000";"2,32570000"
"202400044860";"9";"01";"2024";"07:25";"3";101;101085";"1";"1";"2";"1";"T40";"41,91444500";"8,88505300"
"202400044861";"10";"05";"2024";"07:45";"1";"30";"30188";"1";"1";"1";"3";"D936";"44,01841200";"4,15612000"
"202400044862";"4";"01";"2024";"14:00";"1";"82";"82093";"2";"1";"1";"7";"349 Route de Castelsarrasin";"43,93458018";"1,08704549"
"202400044863";"1";"04";"2024";"23:55";"3";"94";"94038";"1";"1";"2";"2";"A6B";"48,77196197";"2,34520358"
"202400044864";"9";"05";"2024";"16:30";"1";"48";"48166";"1";"1";"1";"3";"D983";"44,28478600";"3,59748100"
"202400044865";"10";"01";"2024";"07:20";"5";"29";"29162";"2";"1";"1";"6";"Place Charles de Gaulle";"48,22586580";" -3,97004406"
"202400044866";"1";"04";"2024";"17:28";"1";"95";"95277";"1";"1";"1";"3";"A3";"48,96829077";"2,47840727"
"202400044867";"9";"01";"2024";"17:55";"5";"01";"01195";"2";"4";"4";"6";"90 Rue Charles Robin";"46,21187900";"5,32320300"
"202400044868";"5";"05";"2024";"14:25";"1";"31";"31424";"2";"1";"1";"3";"Rue des Lavandes";"43,56150400";"1,30569500"
"202400044869";"1";"04";"2024";"15:08";"1";"95";"95212";"1";"1";"2";"6";"N104";"49,02850624";"2,52640482"
"202400044870";"8";"01";"2024";"22:40";"3";"26";"26238";"1";"1";"1";"7";"rd 94";"44,37942300";"5,18155600"
"202400044871";"8";"05";"2024";"13:05";"1";"35";"35352";"2";"1";"1";"6";"9 Rue du Champ Martin";"48,06077600";" -1,61525300"
"202400044872";"1";"04";"2024";"10:28";"1";"95";"95582";"2";"1";"1";"2";"A15";"48,96852140";"2,25167830"
"202400044873";"10";"01";"2024";"16:20";"1";"58";"58004";"2";"1";"1";"1";"Rue l?Huy Morlot";"47,03403600";"3,63841100"
"202400044874";"9";"05";"2024";"04:50";"5";"67";"67343";"2";"1";"1";"1";"Rue de la Victoire";"48,60937300";"7,69092900"
"202400044875";"1";"04";"2024";"01:00";"3";"95";"95277";"1";"9";"1";"2";"A3";"48,97874264";"2,49592219"
"202400044876";"6";"05";"2024";"11:01";"1";"68";"68021";"1";"1";"2";"6";"A 35 PK 119.800";"47,64314300";"7,49628100"
"202400044877";"10";"01";"2024";"17:15";"1";"27";"27061";"1";"1";"1";"6";"rd613";"49,15454100";"0,59536500"
"202400044878";"1";"04";"2024";"00:15";"3";"93";"93066";"1";"9";"1";"3";"A1";"48,93021039";"2,36537062"
"202400044879";"10";"01";"2024";"10:25";"1";"30";"30062";"1";"1";"1";"1";"D1";"43,80248524";"4,19502711"
"202400044880";"9";"05";"2024";"12:15";"1";"11";"11262";"1";"1";"1";"3";"N/A";"43,16316600";"3,05825500"
"202400044881";"1";"04";"2024";"11:10";"1";"77";"77249";"1";"1";"1";"6";"RN104";"48,72828524";"2,60506736"
"202400044882";"10";"01";"2024";"14:15";"1";"30";"30068";"1";"1";"2";"7";"1425 Route des Cévennes";"44,02345700";"4,09149000"
"202400044883";"9";"05";"2024";"14:00";"1";"69";"69064";"1";"1";"1";"6";"Montee du Rozay";"45,47395300";"4,77131200"
"202400044884";"10";"01";"2024";"08:05";"1";"973";"97309";"2";"3";"1";"1";"Route de Montjoly (rd1)";"4,91729101";" -52,27683038"
"202400044885";"9";"05";"2024";"16:10";"1";"987";"98715";"1";"1";"1";"2";"PK 40";" -17,56833800";" -149,61173400"
"202400044886";"9";"01";"2024";"16:00";"1";"06";"06085";"2";"1";"1";"1";"Chemin de Carimaï";"43,57547500";"6,97844800"
"202400044887";"31";"03";"2024";"22:20";"3";"94";"94058";"1";"1";"1";"4";"A86";"48,84728050";"2,49196502"
"202400044888";"9";"01";"2024";"17:00";"1";"31";"31374";"1";"1";"1";"6";"A66 PK 2+700";"43,40512500";"1,64599700"
"202400044889";"9";"05";"2024";"21:27";"5";"66";"66037";"2";"9";"1";"3";"Promenade de la Côte Radieuse";"42,68097600";"3,03418700"
"202400044890";"8";"01";"2024";"16:50";"1";"971";"97103";"2";"6";"1";"6";"N10";"16,24088100";" -61,58311100"
"202400044891";"10";"01";"2024";"12:00";"1";"84";"84019";"1";"1";"8";"2";"autorute A7";"44,27003656";"4,72540415"
"202400044892";"28";"01";"2024";"19:40";"1";"44";"44073";"1";"2";"8";"3";"Rue  Anne de Bretagne";"47,41437531";" -1,65226674"
"202400044893";"9";"01";"2024";"05:40";"2";"987";"98733";"1";"1";"1";"3";"Grottes de Maraa";" -17,74520000";" -149,56699400"
"202400044894";"10";"05";"2024";"19:15";"1";"84";"84138";"1";"1";"1";"5";"Route de Baume-de-transit";"44,37226400";"4,96546800"
"202400044895";"10";"01";"2024";"00:01";"3";"988";"98823";"1";"1";"1";"7";"Göyéta (Tribu)";" -21,08881500";"165,36264900"
"202400044896";"8";"05";"2024";"15:40";"1";"83";"83107";"2";"3";"1";"3";"RD 559";"43,34112900";"6,68430100"
"202400044897";"9";"01";"2024";"18:30";"3";"78";"78009";"1";"1";"9";"1";"D291";"48,45607600";"1,91192300"
"202400044898";"30";"03";"2024";"00:37";"5";"91";"91228";"2";"2";"2";"7";"BD DECAUVILLE";"48,63637000";"2,43939000"
"202400044899";"9";"05";"2024";"22:30";"3";"13";"13095";"1";"1";"1";"6";"D10f";"43,54781700";"5,53487800"
"202400044900";"10";"05";"2024";"08:30";"1";"68";"68063";"2";"2";"1";"6";"Rue Raymond Poincaré";"47,80668800";"7,17552100"
"202400044901";"10";"01";"2024";"07:54";"2";"13";"13107";"2";"4";"2";"3";"route de mimet";"43,42917900";"5,43751400"
"202400044902";"25";"03";"2024";"15:45";"1";"44";"44184";"2";"1";"8";"2";"71 Boulevard Louis Antoine de Bougainville";"47,28742222";" -2,22077002"
"202400044903";"4";"05";"2024";"15:30";"1";"73";"73006";"2";"1";"8";"3";"Route des iles";"45,55159144";"6,64440350"
"202400044904";"8";"01";"2024";"07:40";"2";"67";"67155";"2";"1";"1";"6";"Route de Strasbourg";"48,41204400";"7,47236600"
"202400044905";"1";"05";"2024";"12:10";"1";"69";"69112";"1";"1";"1";"1";"Route de Sain-Bel";"45,80073000";"4,67419000"
"202400044906";"24";"03";"2024";"12:35";"1";"44";"44184";"2";"1";"1";"3";"71 Rue de Stalingrad";"47,27758700";" -2,21107700"
"202400044907";"9";"01";"2024";"12:30";"1";"38";"38085";"2";"1";"4";"1";"Route de Lyon";"45,75241349";"5,15243082"
"202400044908";"10";"05";"2024";"15:30";"1";"65";"65451";"1";"4";"1";"7";"2 Route d’Astugue";"43,08793100";"0,09228900"
"202400044909";"23";"03";"2024";"10:20";"1";"44";"44109";"2";"6";"8";"6";"44 Boulevard Robert Schuman";"47,23602975";" -1,56812399"
"202400044910";"10";"05";"2024";"02:00";"3";"09";"09074";"1";"1";"5";"6";"Camp Del Pount";"43,02262700";"1,95970800"
"202400044911";"10";"01";"2024";"10:25";"1";"26";"26235";"2";"3";"1";"3";"Route de Saint Paul";"44,37533500";"4,70501300"
"202400044912";"9";"05";"2024";"23:35";"3";"33";"33248";"2";"1";"1";"1";"N/A";"45,08333200";" -0,75225200"
"202400044913";"1";"04";"2024";"15:00";"1";"976";"97611";"2";"1";"1";"2";"tsoundzou-SIM ( rue de la )";" -12,81326000";"45,20185000"
"202400044914";"10";"01";"2024";"09:50";"1";"26";"26235";"1";"4";"1";"3";"D59";"44,36704500";"4,66490600"
"202400044915";"10";"05";"2024";"17:45";"1";"85";"85019";"2";"1";"1";"6";"7 Rue du maréchal de lattre de tassigny";"46,78441400";" -1,43170000"
"202400044916";"31";"03";"2024";"19:25";"3";"973";"97302";"1";"1";"1";"6";"ROUTE NATIONALE 3";"4,90499725";" -52,31928170"
"202400044917";"10";"05";"2024";"07:25";"2";"50";"50444";"1";"1";"1";"6";"D59";"49,05811300";" -0,96954300"
"202400044918";"6";"01";"2024";"10:15";"1";"17";"17283";"2";"1";"1";"1";"RD 137";"45,58790000";" -0,54957400"
"202400044919";"1";"04";"2024";"21:10";"5";"69";"69383";"2";"2";"1";"3";"Avenue Lacassagne";"45,75281000";"4,86958000"
"202400044920";"9";"05";"2024";"20:55";"1";"50";"50032";"2";"1";"1";"3";"Route de Saint-jean";"49,10954300";" -1,02687800"
"202400044921";"9";"01";"2024";"06:55";"3";"27";"27332";"1";"1";"8";"3";"D135";"49,19344000";"1,26910000"
"202400044922";"31";"03";"2024";"16:45";"1";"972";"97213";"1";"1";"1";"2";"AUTOROUTE A1";"14,61819000";" -61,03304000"
"202400044923";"8";"01";"2024";"17:21";"1";"13";"13019";"1";"1";"1";"2";"A51-Sens Marseille vers Aix en Provence";"43,42300000";"5,37320000"
"202400044924";"9";"05";"2024";"17:00";"1";"29";"29179";"1";"1";"1";"5";"Kerven";"48,54495084";" -4,31763483"
"202400044925";"30";"04";"2024";"18:54";"1";"13";"13215";"1";"1";"1";"6";"A7-Sens Lyon vers Marseille";"43,37560356";"5,35988144"
"202400044926";"8";"01";"2024";"13:45";"1";"13";"13203";"1";"1";"1";"2";"A7-Sens Marseille vers Lyon";"43,30765000";"5,37573000"
"202400044927";"1";"04";"2024";"03:52";"3";"77";"77358";"1";"1";"1";"6";"RN 330";"48,97793800";"2,86122600"
"202400044928";"8";"05";"2024";"16:30";"1";"83";"83137";"1";"1";"1";"3";"N/A";"43,12021581";"5,94973344"
"202400044929";"8";"01";"2024";"17:55";"3";"69";"69266";"1";"1";"2";"4";"Route Départementale 383";"45,75627000";"4,90874000"
"202400044930";"1";"04";"2024";"15:25";"1";"74";"74012";"2";"1";"1";"3";"GIFFRE (AVENUE DU)";"46,19599000";"6,23928000"
"202400044931";"8";"01";"2024";"17:40";"5";"38";"38336";"1";"1";"4";"1";"A7   32.870 A 35.680";"45,49801908";"4,83923502"
"202400044932";"4";"05";"2024";"12:30";"1";"69";"69029";"1";"1";"1";"4";"Autoroute 43  ";"45,72796001";"4,90510870"
"202400044933";"1";"04";"2024";"15:00";"1";"69";"69013";"2";"6";"1";"3";"Avenue de Joux";"46,02022000";"4,72095000"
"202400044934";"8";"01";"2024";"19:06";"5";"67";"67482";"1";"1";"1";"4";"Autoroute A.35";"48,58878000";"7,72985000"
"202400044935";"1";"04";"2024";"19:20";"1";"45";"45338";"2";"1";"2";"6";"7 Rue des Frères Lumière";"47,97400000";"2,71900000"
"202400044936";"8";"05";"2024";"05:05";"3";"69";"69294";"1";"1";"1";"6";"Autoroute 7 ";"45,62770483";"4,81648234"
"202400044937";"9";"01";"2024";"13:45";"1";"91";"91471";"1";"1";"1";"2";"RN 118";"48,71555900";"2,17332900"
"202400044938";"1";"04";"2024";"21:20";"5";"37";"37122";"2";"6";"2";"3";"CHINON (BOULEVARD DE)";"47,35186000";"0,68631000"
"202400044939";"9";"01";"2024";"13:43";"1";"91";"91661";"1";"1";"4";"7";"AUTOROUTE A10";"48,68640000";"2,21350000"
"202400044940";"9";"05";"2024";"20:54";"1";"33";"33003";"1";"1";"1";"2";"N/A";"44,92696700";" -0,47171500"
"202400044941";"1";"04";"2024";"19:30";"1";"34";"34172";"2";"3";"1";"2";"MENDE (ROUTE DE)";"43,64509000";"3,86187000"
"202400044942";"9";"01";"2024";"10:10";"1";"91";"91161";"1";"1";"4";"4";"AUTOROUTE A126";"48,71093000";"2,29795000"
"202400044943";"9";"05";"2024";"19:25";"1";"92";"92019";"1";"1";"1";"5";"AUTOROUTE A86";"48,76058399";"2,28766078"
"202400044944";"9";"01";"2024";"04:30";"3";"91";"91689";"1";"1";"4";"3";"AUTOROUTE A10";"48,74016000";"2,32001000"
"202400044945";"1";"04";"2024";"19:00";"1";"33";"33063";"2";"2";"1";"3";"N/A";"44,84320000";" -0,57105000"
"202400044946";"9";"05";"2024";"17:28";"1";"91";"91174";"1";"1";"1";"3";"RN 104";"48,62274000";"2,46450000"
"202400044947";"9";"01";"2024";"03:45";"3";"92";"92002";"1";"1";"4";"2";"AUTOROUTE A10";"48,73289858";"2,31220633"
"202400044948";"31";"03";"2024";"21:10";"5";"25";"25462";"2";"2";"3";"3";"BAUMONT";"46,89574000";"6,34464000"
"202400044949";"9";"05";"2024";"16:24";"1";"91";"91689";"1";"1";"1";"2";"AUTOROUTE A6B";"48,74910000";"2,32830000"
"202400044950";"8";"01";"2024";"22:30";"3";"91";"91570";"1";"1";"4";"6";"RN 104";"48,62490500";"2,32723200"
"202400044951";"1";"04";"2024";"14:00";"1";"17";"17306";"2";"3";"3";"3";"REUTIN (BD FELIX)";"45,63799000";" -1,03289000"
"202400044952";"9";"05";"2024";"06:15";"1";"93";"93010";"1";"1";"1";"3";"A3";"48,90534444";"2,47202414"
"202400044953";"8";"01";"2024";"23:45";"3";"91";"91589";"1";"1";"4";"7";"AUTOROUTE A6";"48,67145000";"2,34641800"
"202400044954";"8";"01";"2024";"21:40";"3";"91";"91161";"1";"1";"4";"6";"AUTOROUTE A6";"48,69495300";"2,31889200"
"202400044955";"1";"04";"2024";"12:55";"1";"14";"14715";"2";"1";"1";"6";"Promenade des Planches";"49,36673000";"0,07787000"
"202400044956";"8";"05";"2024";"22:05";"3";"93";"93066";"1";"1";"1";"2";"A1";"48,92528227";"2,35705575"
"202400044957";"8";"01";"2024";"07:45";"5";"92";"92076";"1";"1";"1";"3";"A13";"48,83172991";"2,15053217"
"202400044958";"9";"05";"2024";"16:05";"1";"94";"94017";"1";"1";"1";"4";"A4";"48,83032290";"2,48934965"
"202400044959";"23";"02";"2024";"16:05";"1";"72";"72021";"1";"1";"1";"3";"Lieu Dit La Haute Daviere";"47,85450140";" -0,19381352"
"202400044960";"8";"01";"2024";"06:03";"5";"78";"78217";"1";"1";"1";"6";"A13";"48,96635900";"1,81149200"
"202400044961";"6";"05";"2024";"17:10";"1";"987";"98736";"2";"4";"1";"3";"PAUL BERNIERE (RUE)";" -17,54000000";" -149,55200000"
"202400044962";"1";"04";"2024";"21:25";"5";"11";"11262";"2";"4";"2";"1";"113 Avenue de Bordeaux";"43,18154800";"2,97877500"
"202400044963";"8";"05";"2024";"06:35";"1";"976";"97611";"2";"1";"1";"7";"vahibe-Departementale 3 ( route )";" -12,78968000";"45,17872000"
"202400044964";"9";"01";"2024";"06:15";"3";"95";"95604";"1";"1";"1";"6";"A1";"49,12303031";"2,55678356"
"202400044965";"21";"02";"2024";"16:30";"1";"73";"73104";"1";"1";"1";"1";"D38";"45,54912200";"5,75153600"
"202400044966";"8";"05";"2024";"23:10";"5";"974";"97416";"1";"9";"1";"7";"RN3 (3)";" -21,30331000";"55,50049000"
"202400044967";"1";"04";"2024";"16:30";"1";"75";"75117";"2";"2";"8";"3";"AVENUE DE LA PORTE DE CLICHY";"48,89534800";"2,31213200"
"202400044968";"8";"01";"2024";"23:00";"3";"93";"93066";"1";"1";"4";"3";"A86";"48,92195408";"2,36015081"
"202400044969";"23";"02";"2024";"17:10";"1";"16";"16237";"1";"1";"2";"1";"departementale 185";"45,89521700";"0,23294400"
"202400044970";"8";"05";"2024";"21:53";"5";"69";"69383";"2";"2";"1";"6";"Rue André Philip";"45,75977000";"4,85070000"
"202400044971";"8";"01";"2024";"23:00";"3";"93";"93007";"1";"1";"4";"6";"A3";"48,93268802";"2,48098902"
"202400044972";"22";"02";"2024";"16:30";"1";"28";"28071";"1";"4";"2";"3";"D923";"48,39865400";"1,05606300"
"202400044973";"8";"01";"2024";"19:12";"3";"94";"94017";"1";"1";"1";"6";"A4";"48,82927700";"2,48195396"
"202400044974";"1";"04";"2024";"16:26";"1";"75";"75116";"2";"3";"2";"3";"AVENUE DE LA PORTE D AUTEUIL";"48,84796500";"2,25125500"
"202400044975";"8";"05";"2024";"20:45";"5";"69";"69388";"2";"3";"1";"3";"Boulevard des Etats-Unis";"45,72698000";"4,86927000"
"202400044976";"22";"02";"2024";"17:05";"2";"06";"06018";"1";"1";"3";"6";"Route des Colles";"43,62003000";"7,09811900"
"202400044977";"8";"01";"2024";"07:50";"1";"974";"97411";"2";"1";"1";"6";"RAMBAUD (LEOPOLD)";" -20,88587000";"55,47610000"
"202400044978";"31";"03";"2024";"23:20";"5";"75";"75108";"2";"2";"1";"3";"PLACE DE LA CONCORDE";"48,86587100";"2,31990700"
"202400044979";"8";"05";"2024";"20:10";"1";"69";"69388";"2";"2";"1";"3";"Rue Marius Berliet";"45,73893941";"4,86665159"
"202400044980";"8";"01";"2024";"13:14";"1";"973";"97302";"2";"3";"1";"3";"VOLTAIRE(AVENUE)";"4,94240000";" -52,32241000"
"202400044981";"8";"05";"2024";"04:05";"5";"972";"97213";"1";"1";"1";"6";"ROUTE DEPARTEMENTALE 13";"14,63237000";" -61,02775000"
"202400044982";"30";"03";"2024";"04:10";"5";"75";"75104";"2";"3";"2";"1";"RUE DE RIVOLI";"48,85668300";"2,35500500"
"202400044983";"22";"02";"2024";"20:10";"3";"69";"69102";"1";"1";"2";"5";"Autoroute 89";"45,87954000";"4,39678000"
"202400044984";"8";"05";"2024";"03:40";"5";"971";"97101";"2";"1";"2";"7";"PERRIN";"16,27528000";" -61,50927000"
"202400044985";"1";"04";"2024";"13:35";"1";"94";"94041";"2";"1";"1";"3";"Boulevard de Stalingrad";"48,80212466";"2,37885305"
"202400044986";"8";"01";"2024";"11:26";"1";"973";"97302";"2";"3";"1";"3";"MADELEINE (ROUTE DE LA)";"4,91492000";" -52,32095000"
"202400044987";"8";"05";"2024";"13:45";"1";"971";"97107";"2";"1";"1";"2";"DUMANOIR ( ALLEE )";"16,03985369";" -61,56646013"
"202400044988";"23";"02";"2024";"13:00";"1";"30";"30116";"1";"1";"1";"2";"Autoroute A9 Pk 027.500";"43,94571200";"4,61803400"
"202400044989";"8";"05";"2024";"18:50";"1";"83";"83009";"1";"1";"1";"2";"BEAUSSET (ROUTE DU)";"43,14982456";"5,76016259"
"202400044990";"22";"02";"2024";"14:50";"1";"971";"97107";"1";"1";"1";"3";"RN1 Changy";"16,04988276";" -61,57270432"
"202400044991";"8";"05";"2024";"18:55";"1";"83";"83061";"1";"1";"1";"1";"RN7";"43,47028000";"6,76484000"
"202400044992";"2";"01";"2024";"19:50";"3";"973";"97302";"2";"1";"1";"7";"Route de Troubiran";"4,92304453";" -52,30387509"
"202400044993";"23";"02";"2024";"12:30";"1";"21";"21263";"1";"2";"1";"3";"M108";"47,25760300";"5,05916700"
"202400044994";"8";"05";"2024";"18:00";"1";"81";"81065";"1";"2";"1";"3";"VIGARIE (LDT LA)";"43,63465000";"2,18473000"
"202400044995";"22";"02";"2024";"17:00";"1";"77";"77531";"1";"1";"6";"6";"D22";"48,28436600";"2,95593800"
"202400044996";"1";"04";"2024";"18:32";"1";"94";"94018";"2";"1";"1";"6";"Quai des Carrieres";"48,81884468";"2,40937525"
"202400044997";"8";"05";"2024";"14:00";"1";"78";"78609";"1";"1";"1";"3";"CD 28";"49,02879900";"1,91676600"
"202400044998";"4";"01";"2024";"17:42";"1";"973";"97302";"2";"1";"1";"5";"MADELEINE (ROUTE DE LA)";"4,91834302";" -52,32155085"
"202400044999";"1";"04";"2024";"16:30";"1";"93";"93070";"2";"1";"1";"3";"Rue des Bateliers";"48,91488724";"2,32480574"
"202400045000";"15";"02";"2024";"09:00";"1";"77";"77091";"1";"2";"1";"3";"D216 PK 20+565";"48,74325100";"2,81644000"
"202400045001";"8";"05";"2024";"19:16";"1";"77";"77111";"2";"1";"1";"6";"AV PAUL SERAMY";"48,86707400";"2,78350800"
"202400045002";"8";"01";"2024";"13:20";"1";"69";"69387";"2";"1";"2";"6";"Boulevard de l'Artillerie";"45,73245000";"4,84251000"
"202400045003";"5";"02";"2024";"12:00";"1";"34";"34299";"2";"1";"1";"6";"Rue Paul Cezanne";"43,27192200";"3,28251300"
"202400045004";"5";"05";"2024";"17:30";"1";"77";"77058";"2";"1";"8";"6";"LAGNY (BOULEVARD DE)";"48,83673000";"2,70581000"
"202400045005";"1";"04";"2024";"20:10";"1";"93";"93066";"2";"1";"1";"5";"Avenue Lénine";"48,94559000";"2,35972000"
"202400045006";"8";"01";"2024";"10:50";"1";"69";"69388";"2";"2";"1";"6";"Boulevard des Etats-Unis";"45,72958000";"4,86759000"
"202400045007";"3";"05";"2024";"18:55";"1";"76";"76108";"1";"1";"1";"7";"Rue de la Haie";"49,48710000";"1,12900000"
"202400045008";"19";"02";"2024";"19:50";"5";"68";"68226";"2";"1";"8";"7";"Rue Saint-Grégoire";"48,04077700";"7,13402200"
"202400045009";"8";"01";"2024";"12:35";"1";"972";"97213";"1";"1";"1";"6";"ROUTE DEPARTEMENTALE 3";"14,67510000";" -60,99060000"
"202400045010";"1";"04";"2024";"16:55";"1";"93";"93066";"2";"9";"1";"5";"Rue du Général Joinville / Route de la Courneuve";"48,93400000";"2,37000000"
"202400045011";"8";"05";"2024";"15:45";"1";"76";"76259";"2";"2";"1";"3";"LEBORGNE ( RUE CHARLES)";"49,75425200";"0,37301000"
"202400045012";"21";"02";"2024";"14:20";"1";"26";"26037";"1";"3";"1";"3";"D538a";"44,89820100";"4,94084400"
"202400045013";"8";"05";"2024";"18:05";"1";"76";"76026";"1";"6";"1";"7";"N/A";"49,87547500";"1,11750700"
"202400045014";"1";"04";"2024";"12:00";"1";"93";"93046";"2";"1";"2";"3";"Avenue Lucie Aubrac";"48,93049133";"2,54716408"
"202400045015";"19";"02";"2024";"19:35";"3";"69";"69273";"1";"3";"1";"1";"Chemin des Romanettes";"45,64385300";"4,90007400"
"202400045016";"7";"01";"2024";"07:10";"1";"972";"97213";"1";"6";"1";"3";"ROUTE NATIONALE 1";"14,62308000";" -60,98915000"
"202400045017";"1";"04";"2024";"13:04";"1";"93";"93046";"2";"3";"1";"3";"Rue Jacob / Allée Violette";"48,92716000";"2,54284000"
"202400045018";"23";"02";"2024";"12:19";"1";"81";"81294";"1";"1";"2";"6";"D964";"43,83720400";"1,93906500"
"202400045019";"20";"02";"2024";"16:50";"1";"17";"17412";"2";"1";"1";"6";"114 Route de Port la Pierre";"45,81925600";" -0,63862700"
"202400045020";"1";"04";"2024";"20:55";"5";"93";"93057";"2";"2";"1";"1";"Avenue Jean Jaurès / Boulevard Pasteur";"48,90190000";"2,51090000"
"202400045021";"7";"01";"2024";"05:55";"3";"972";"97213";"1";"9";"1";"7";"BOIS D'INDE (CITE)";"14,62643000";" -61,01302000"
"202400045022";"8";"05";"2024";"18:30";"1";"72";"72181";"1";"1";"1";"5";"LIBERTE (AV DE LA)";"47,96307000";"0,22364000"
"202400045023";"17";"02";"2024";"17:30";"1";"33";"33262";"2";"4";"7";"3";"Avenue du General de Gaulle";"45,00743700";" -0,61720500"
"202400045024";"1";"04";"2024";"01:53";"5";"92";"92026";"2";"1";"1";"6";"RÉPUBLIQUE ( DE 54 A 80 ET DE 33 A 63 )";"48,90169292";"2,25184894"
"202400045025";"8";"05";"2024";"11:15";"1";"67";"67482";"2";"1";"8";"6";"VIEUX MARCHE AUX VINS (RUE DU)";"48,58400000";"7,74260000"
"202400045026";"20";"02";"2024";"11:52";"1";"33";"33003";"2";"1";"1";"6";"N/A";"44,93250900";" -0,47404500"
"202400045027";"1";"04";"2024";"20:35";"2";"92";"92025";"2";"1";"1";"6";"COLBERT  115 A 131   104 A 124 (RUE)";"48,91454939";"2,23399007"
"202400045028";"8";"05";"2024";"19:50";"1";"64";"64129";"2";"3";"1";"3";"BAYONNE DE";"43,30043625";" -0,39318502"
"202400045029";"6";"01";"2024";"21:30";"5";"971";"97101";"1";"1";"1";"6";"GRAND CAMP(SECTION)";"16,25402000";" -61,53863000"