"Num_Acc";"jour";"mois";"an";"hrmn";"lum";"dep";"com";"agg";"int";"atm";"col";"adr";"lat";"long"
"202400045217";"15";"07";"2024";"20:40";"1";"94";"94034";"1";"1";"1";"2";"A6B";"48,75573207";"2,33422362"
"202400045218";"12";"06";"2024";"16:30";"1";"59";"59646";"1";"1";"1";"7";"ROUTE METROPOLITAINE 656";"50,68858000";"3,13867000"
"202400045219";"23";"03";"2024";"15:55";"1";"38";"38474";"1";"1";"1";"1";"D531";"45,21782900";"5,64022400"
"202400045220";"8";"05";"2024";"16:45";"1";"57";"57241";"1";"9";"1";"3";"D27";"48,78470986";"6,93389490"
"202400045221";"21";"02";"2024";"20:25";"5";"92";"92007";"2";"2";"2";"6";"PASTEUR (RUE)";"48,80202961";"2,31873393"
"202400045222";"8";"01";"2024";"23:35";"5";"13";"13001";"2";"3";"1";"3";"CHASTEL (RUE)";"43,52886000";"5,45176000"
"202400045223";"16";"07";"2024";"13:47";"1";"92";"92036";"1";"1";"1";"3";"A86";"48,93619323";"2,28826548"
"202400045224";"7";"01";"2024";"17:00";"2";"11";"11069";"2";"9";"2";"7";"N/A";"43,23549000";"2,36609000"
"202400045225";"9";"05";"2024";"01:07";"5";"51";"51365";"2";"1";"1";"2";"23 Rue de Reims";"49,22242400";"3,96332300"
"202400045226";"2";"04";"2024";"14:30";"1";"26";"26082";"1";"1";"1";"6";"Chemin des Liotards";"44,32853200";"5,16159300"
"202400045227";"14";"06";"2024";"14:30";"1";"91";"91179";"1";"1";"1";"4";"AUTOROUTE A6";"48,56787230";"2,47221746"
"202400045228";"20";"02";"2024";"09:10";"1";"92";"92036";"2";"2";"1";"3";"BAS ( RUE DES )";"48,92046000";"2,28842000"
"202400045229";"4";"01";"2024";"18:20";"1";"06";"06155";"2";"3";"1";"3";"Avenue du Général de Gaulle";"43,58138460";"7,05967240"
"202400045230";"16";"07";"2024";"09:00";"1";"92";"92025";"1";"1";"1";"3";"A86";"48,91903976";"2,22360689"
"202400045231";"28";"03";"2024";"17:40";"1";"01";"01249";"2";"1";"1";"7";"Route de Strasbourg";"45,86629300";"4,91254100"
"202400045232";"9";"05";"2024";"07:55";"1";"19";"19066";"2";"1";"1";"6";"Route De La Dalbre";"45,16006000";"1,27341100"
"202400045233";"14";"06";"2024";"07:48";"1";"92";"92019";"1";"1";"1";"2";"RN 385";"48,76065654";"2,28429441"
"202400045234";"29";"01";"2024";"14:25";"1";"60";"60490";"2";"2";"1";"3";"Rue de Beauvais";"49,47301800";"1,97935200"
"202400045235";"31";"03";"2024";"17:30";"1";"86";"86269";"1";"1";"1";"6";"D39";"47,02935300";" -0,02936300"
"202400045236";"3";"01";"2024";"23:15";"5";"04";"04112";"2";"3";"1";"6";"DELATTRE DE TASSIGNY (AV. MAL.)";"43,82373000";"5,79063000"
"202400045237";"8";"05";"2024";"12:15";"1";"56";"56047";"1";"2";"1";"3";"Le Salut";"48,06004800";" -2,79509800"
"202400045238";"15";"07";"2024";"16:45";"1";"92";"92050";"1";"1";"1";"4";"A86";"48,90436768";"2,20775199"
"202400045239";"22";"02";"2024";"13:05";"1";"02";"02370";"1";"1";"2";"7";"A26";"49,96136700";"3,19960700"
"202400045240";"14";"06";"2024";"08:43";"1";"91";"91235";"1";"1";"8";"2";"RN 104";"48,62511000";"2,36151000"
"202400045241";"2";"04";"2024";"13:24";"1";"72";"72154";"2";"1";"1";"6";"16 Boulevard de la Petite Vitesse";"47,68899400";" -0,07429400"
"202400045242";"6";"01";"2024";"13:20";"1";"02";"02212";"1";"1";"2";"3";"N/A";"49,64452100";"3,26492400"
"202400045243";"8";"05";"2024";"11:15";"1";"76";"76254";"1";"1";"1";"2";"Route de Bénouville";"49,70966900";"0,21724800"
"202400045244";"14";"05";"2024";"01:20";"3";"94";"94038";"1";"1";"2";"6";"A6B";"48,78431731";"2,34694866"
"202400045245";"16";"07";"2024";"17:25";"1";"93";"93005";"1";"1";"1";"2";"AUTOROUTE A3";"48,95598293";"2,47342937"
"202400045246";"8";"01";"2024";"08:20";"1";"75";"75120";"2";"1";"1";"6";"BOULEVARD DAVOUT";"48,85775700";"2,40974700"
"202400045247";"8";"05";"2024";"11:15";"1";"65";"65258";"2";"1";"1";"2";"Rue des Résistants";"43,11094200";"0,38518500"
"202400045248";"21";"02";"2024";"17:50";"1";"40";"40065";"2";"3";"1";"2";"Boulevard du Docteur Junqua";"43,64405700";" -1,43298600"
"202400045249";"14";"06";"2024";"12:30";"1";"78";"78551";"1";"1";"1";"7";"A14";"48,90994600";"2,08054900"
"202400045250";"1";"04";"2024";"08:20";"1";"72";"72154";"2";"3";"1";"6";"Boulevard Gambetta";"47,69900400";" -0,08452200"
"202400045251";"16";"07";"2024";"14:15";"1";"95";"95572";"1";"1";"1";"2";"N184";"49,04873929";"2,13590766"
"202400045252";"8";"05";"2024";"15:30";"1";"81";"81253";"2";"1";"1";"6";"1231 Route de Sérénac";"43,94136320";"2,24403390"
"202400045253";"8";"01";"2024";"19:38";"2";"75";"75118";"2";"2";"1";"1";"RUE VAUVENARGUES";"48,89596800";"2,33088200"
"202400045254";"21";"02";"2024";"17:30";"1";"33";"33066";"1";"1";"1";"3";"N/A";"44,57376700";" -0,00834700"
"202400045255";"1";"04";"2024";"16:50";"1";"60";"60259";"1";"1";"1";"1";"RD 49";"49,20426600";"2,26792600"
"202400045256";"23";"08";"2024";"12:35";"1";"29";"29233";"1";"1";"2";"6";"Lieu Dit Faudelias";"47,83335059";" -3,58067408"
"202400045257";"13";"06";"2024";"17:30";"1";"78";"78118";"1";"1";"1";"4";"A13";"48,98582200";"1,66989800"
"202400045258";"16";"07";"2024";"09:35";"1";"93";"93066";"1";"1";"1";"5";"AUTOROUTE A1";"48,93169402";"2,37001953"
"202400045259";"8";"01";"2024";"22:15";"5";"75";"75117";"2";"3";"4";"3";"AVENUE DE WAGRAM";"48,87586018";"2,29655564"
"202400045260";"1";"04";"2024";"01:50";"3";"91";"91617";"1";"1";"1";"6";"RN6 PROVINCE / RN104 INT";"48,63109000";"2,51375100"
"202400045261";"21";"02";"2024";"21:30";"3";"49";"49092";"1";"1";"3";"1";"D160";"47,17255400";" -0,75040700"
"202400045262";"13";"06";"2024";"05:13";"1";"92";"92063";"1";"1";"1";"6";"A86 DUPLEX";"48,87145721";"2,15725697"
"202400045263";"8";"05";"2024";"10:50";"1";"32";"32285";"1";"2";"1";"4";"Intersection D34 et D943";"43,58031300";"0,32184400"
"202400045264";"16";"07";"2024";"08:45";"1";"95";"95241";"1";"1";"1";"2";"N104";"49,04659244";"2,43907622"
"202400045265";"23";"08";"2024";"13:30";"1";100;100223";"1";"1";"1";"1";"T30";"42,55087100";"9,17643800"
"202400045266";"1";"04";"2024";"08:50";"1";"78";"78043";"1";"1";"1";"6";"A13W";"48,85053700";"2,06844400"
"202400045267";"8";"01";"2024";"19:50";"5";"75";"75117";"2";"2";"1";"7";"AVENUE PAUL ADAM";"48,88730700";"2,29730700"
"202400045268";"13";"06";"2024";"03:15";"3";"78";"78043";"1";"1";"1";"6";"A12 W";"48,83424400";"2,08659800"
"202400045269";"21";"02";"2024";"14:30";"1";"22";"22225";"1";"1";"3";"2";"RN12, SENS RENNES-BREST, PR 86+600";"48,55189500";" -3,11692500"
"202400045270";"25";"04";"2024";"22:09";"5";"71";"71056";"1";"2";"1";"3";"Route de Montret";"46,64933700";"5,16735600"
"202400045271";"22";"08";"2024";"19:00";"1";"05";"05065";"2";"3";"1";"6";"Rue de Torre Pellice";"44,66075500";"6,65031700"
"202400045272";"15";"07";"2024";"22:35";"4";"93";"93029";"1";"1";"1";"6";"AUTOROUTE A86";"48,92596547";"2,42335758"
"202400045273";"14";"06";"2024";"04:30";"3";"93";"93027";"1";"1";"1";"6";"A16";"48,92769196";"2,40337584"
"202400045274";"1";"04";"2024";"01:40";"3";"78";"78206";"1";"1";"1";"2";"A13";"48,94917300";"1,94512100"
"202400045275";"8";"01";"2024";"14:20";"1";"75";"75117";"2";"2";"1";"6";"AVENUE DE LA PORTE D ASNIERES";"48,89106600";"2,30254500"
"202400045276";"1";"02";"2024";"20:30";"3";"44";"44071";"1";"1";"1";"3";"Route du pont de l’ouen";"47,19214000";" -1,39815000"
"202400045277";"21";"03";"2024";"18:15";"2";"44";"44190";"2";"1";"8";"6";"140 Rue de la Jaunaie";"47,19414532";" -1,49790918"
"202400045278";"8";"05";"2024";"20:20";"1";"63";"63381";"1";"1";"1";"3";"D941";"45,83492814";"2,86579400"
"202400045279";"13";"06";"2024";"19:15";"1";"93";"93008";"1";"1";"1";"3";"A86";"48,90615841";"2,46109169"
"202400045280";"15";"07";"2024";"21:00";"1";"95";"95527";"1";"1";"1";"2";"A1";"49,02172295";"2,53461784"
"202400045281";"22";"08";"2024";"22:40";"5";"68";"68063";"2";"2";"1";"1";"Rue Raymond Poincare";"47,80664100";"7,17540300"
"202400045282";"21";"03";"2024";"23:10";"5";"44";"44143";"2";"1";"8";"7";"Place François Mitterrand";"47,18450690";" -1,55965079"
"202400045283";"8";"01";"2024";"18:20";"5";"75";"75116";"2";"3";"1";"3";"AVENUE MARCEAU";"48,86651800";"2,29953600"
"202400045284";"8";"05";"2024";"21:37";"3";"86";"86020";"1";"1";"1";"1";"Route des Mées";"46,64602600";"0,59468900"
"202400045285";"22";"02";"2024";"13:40";"1";"51";"51391";"1";"1";"3";"1";"rn31";"49,27311100";"3,88684300"
"202400045286";"12";"06";"2024";"02:20";"4";"974";"97411";"1";"1";"2";"6";"QUATRE VOIES GILLOT (ROUTE A)";" -20,89640000";"55,50460000"
"202400045287";"19";"03";"2024";"08:56";"1";"44";"44109";"2";"1";"8";"6";"2 Rue de Madrid";"47,21416308";" -1,53212206"
"202400045288";"8";"01";"2024";"13:30";"1";"75";"75116";"2";"1";"4";"2";"ALLEE DE LA REINE MARGUERITE";"48,85155600";"2,24175700"
"202400045289";"15";"07";"2024";"19:20";"1";"93";"93064";"1";"1";"1";"3";"AUTOROUTE A86";"48,88296254";"2,47079958"
"202400045290";"9";"05";"2024";"15:00";"1";"34";"34284";"1";"1";"1";"6";"D907 - PK 24+700";"43,51833800";"2,73735500"
"202400045291";"18";"02";"2024";"00:01";"3";"51";"51183";"1";"1";"1";"7";"RD966";"49,32058729";"4,02950498"
"202400045292";"14";"08";"2024";"21:15";"5";"68";"68021";"2";"1";"1";"6";"74 Rue de la Gare";"47,63489203";"7,48932239"
"202400045293";"18";"03";"2024";"08:45";"1";"44";"44162";"2";"6";"1";"7";"Rond-Point d'Armor";"47,22565842";" -1,62128001"
"202400045294";"12";"06";"2024";"19:35";"5";"974";"97409";"2";"1";"2";"5";"ROCADE SUD(RUE)";" -20,97248000";"55,65193000"
"202400045295";"15";"07";"2024";"17:50";"1";"93";"93008";"1";"1";"1";"3";"AUTOROUTE A86";"48,91199881";"2,43838549"
"202400045296";"8";"01";"2024";"15:00";"1";"75";"75113";"2";"3";"1";"3";"QUAI PANHARD ET LEVASSOR";"48,83101200";"2,38116400"
"202400045297";"18";"03";"2024";"08:50";"1";"44";"44109";"2";"1";"1";"6";"36 Rue Général Buat";"47,23237465";" -1,53741629"
"202400045298";"21";"02";"2024";"18:45";"5";"59";"59337";"2";"1";"2";"1";"2 Route de Bergues";"50,81924200";"2,30171600"
"202400045299";"15";"04";"2024";"10:45";"1";"68";"68267";"2";"3";"1";"1";"Rue de Heimsbrunn";"47,74684500";"7,23225500"
"202400045300";"15";"07";"2024";"13:05";"1";"95";"95061";"1";"1";"1";"7";"N104";"49,06829106";"2,25324381"
"202400045301";"21";"08";"2024";"00:50";"3";"57";"57030";"2";"1";"1";"6";"Impasse du Clos de Metz";"48,99446400";"6,04926100"
"202400045302";"13";"06";"2024";"12:00";"1";"974";"97407";"2";"2";"1";"3";"JACQUES DUCLOS (RUE) - RIVIERE DES GAL  ";" -20,96063000";"55,31585000"
"202400045303";"9";"05";"2024";"17:40";"1";"39";"39251";"1";"6";"1";"6";"N/A";"46,64423900";"5,50348100"
"202400045304";"8";"01";"2024";"20:45";"5";"75";"75112";"2";"3";"4";"2";"AVENUE DU TREMBLAY";"48,82985100";"2,46107400"
"202400045305";"24";"01";"2024";"15:40";"1";"74";"74105";"2";"1";"1";"5";"90 Avenue de geneve";"46,30379300";"6,29564000"
"202400045306";"21";"02";"2024";"14:00";"1";"80";"80265";"2";"2";"2";"3";"2 Rue François Mitterrand";"50,03048000";"1,54410100"
"202400045307";"9";"05";"2024";"05:25";"2";"25";"25321";"1";"9";"1";"6";"D461";"47,05857500";"6,68835600"
"202400045308";"23";"08";"2024";"09:45";"1";"85";"85019";"2";"1";"8";"7";"Boulevard de la vie";"46,77695600";" -1,42462800"
"202400045309";"13";"06";"2024";"11:45";"1";"69";"69386";"2";"2";"1";"3";"Rue Tête d'Or";"45,77099000";"4,85203000"
"202400045310";"15";"07";"2024";"11:30";"1";"93";"93010";"1";"1";"1";"4";"A3";"48,90975235";"2,47442216"
"202400045311";"22";"02";"2024";"14:15";"1";"42";"42235";"1";"1";"1";"1";"D104";"45,37674900";"4,03148900"
"202400045312";"29";"01";"2024";"21:10";"3";"74";"74256";"2";"2";"1";"3";"avenue du Mont Blanc";"45,93318300";"6,63231700"
"202400045313";"21";"08";"2024";"20:33";"1";"56";"56152";"2";"6";"1";"6";"rue de l'église";"47,34699000";" -3,15502900"
"202400045314";"9";"05";"2024";"00:40";"3";"44";"44164";"1";"1";"1";"7";"N/A";"47,12931550";" -1,81555540"
"202400045315";"15";"07";"2024";"09:00";"1";"93";"93010";"1";"1";"1";"3";"A3";"48,90895514";"2,47374700"
"202400045316";"11";"06";"2024";"10:00";"1";"972";"97209";"2";"9";"1";"4";"RD 41 (ROCADE)";"14,61495000";" -61,06218000"
"202400045317";"23";"01";"2024";"11:15";"1";"74";"74267";"2";"1";"1";"6";"2216 Route d'albertville";"45,86334200";"6,14041300"
"202400045318";"21";"02";"2024";"14:30";"1";"47";"47085";"1";"1";"1";"1";"LIEU DIT Spargas";"44,15219647";"0,14417736"
"202400045319";"9";"05";"2024";"12:50";"1";"44";"44003";"2";"1";"1";"3";"706 Rue Francois Rene Chateaubriand";"47,37975800";" -1,18269300"
"202400045320";"12";"06";"2024";"00:45";"3";"972";"97209";"2";"1";"1";"6";"PAUL NARDAL (AVENUE)";"14,61430000";" -61,07286000"
"202400045321";"23";"08";"2024";"16:09";"1";"76";"76399";"1";"3";"8";"3";"D 1314";"49,77199400";"1,43502500"
"202400045322";"26";"01";"2024";"15:57";"1";"74";"74148";"1";"1";"2";"6";"route des bauges";"45,76848800";"6,12711000"
"202400045323";"12";"06";"2024";"01:20";"5";"69";"69389";"2";"1";"1";"6";"17 Rue des Rivières";"45,79145625";"4,80301337"
"202400045324";"28";"01";"2024";"17:20";"2";"74";"74154";"2";"1";"1";"6";"D1005";"46,40491900";"6,65453400"
"202400045325";"16";"07";"2024";"16:55";"1";"94";"94018";"1";"1";"1";"4";"A4";"48,82397290";"2,39430684"
"202400045326";"9";"05";"2024";"11:45";"1";"35";"35117";"1";"2";"1";"3";"D258";"48,13803400";" -2,24838900"
"202400045327";"23";"08";"2024";"10:58";"1";"02";"02684";"2";"9";"1";"6";"2 Rue Barbusse";"49,91920000";"4,13643800"
"202400045328";"18";"02";"2024";"09:49";"1";"86";"86053";"1";"2";"2";"3";"D24";"46,73145800";"0,11513900"
"202400045329";"8";"05";"2024";"00:45";"3";"29";"29004";"2";"6";"1";"6";"Pont Tromelin";"47,93233929";" -3,70819624"
"202400045330";"13";"06";"2024";"07:35";"1";"95";"95582";"2";"3";"1";"1";"D192";"48,97869129";"2,25631714"
"202400045331";"16";"07";"2024";"16:50";"1";"94";"94065";"1";"1";"1";"2";"A86";"48,75363542";"2,35846179"
"202400045332";"25";"01";"2024";"11:10";"1";"74";"74014";"2";"1";"1";"2";"D106";"46,03227900";"6,63934700"
"202400045333";"20";"02";"2024";"10:00";"1";"86";"86103";"2";"1";"1";"6";"Rue Emilien Fillon";"46,37366700";"0,40738700"
"202400045334";"22";"08";"2024";"13:35";"1";"59";"59592";"2";"1";"1";"1";"Rue Roger Salengro";"50,47668700";"3,05454500"
"202400045335";"18";"01";"2024";"18:00";"5";"74";"74278";"2";"6";"3";"6";"Avenue de la gare";"46,08780488";"6,51523127"
"202400045336";"16";"07";"2024";"14:40";"1";"77";"77058";"1";"1";"1";"2";"A4";"48,82891113";"2,73340636"
"202400045337";"18";"02";"2024";"19:00";"5";"34";"34332";"2";"1";"1";"2";"Avenue d?Agde";"43,31401600";"3,42344300"
"202400045338";"13";"06";"2024";"12:00";"1";"91";"91432";"2";"3";"1";"6";"AV ARISTIDE BRIAND";"48,69984000";"2,32656000"
"202400045339";"9";"05";"2024";"10:25";"1";"38";"38347";"1";"3";"1";"3";"Route de Montfalcon";"45,26180800";"5,22136000"
"202400045340";"4";"01";"2024";"09:20";"1";"74";"74208";"1";"1";"8";"6";"N205";"45,91089004";"6,71298712"
"202400045341";"22";"08";"2024";"04:14";"5";"13";"13212";"1";"1";"1";"2";"A507 sens Marseille - Aubagne";"43,30380600";"5,42663400"
"202400045342";"21";"02";"2024";"23:15";"3";"44";"44131";"2";"1";"3";"6";"Route de la Plaine";"47,12783400";" -2,15016600"
"202400045343";"13";"06";"2024";"08:10";"1";"86";"86157";"2";"1";"1";"6";"Chemin du Briandon";"46,55964900";"0,40040000"
"202400045344";"16";"07";"2024";"06:20";"2";"94";"94017";"1";"1";"1";"4";"A4";"48,82689610";"2,51289950"
"202400045345";"8";"05";"2024";"22:12";"3";"02";"02810";"1";"1";"1";"6";"N/A";"49,26643200";"3,13110400"
"202400045346";"22";"08";"2024";"05:04";"3";"33";"33080";"1";"1";"1";"6";"N/A";"44,73467000";" -0,53250000"
"202400045347";"31";"03";"2024";"13:05";"1";"988";"98818";"2";"1";"1";"2";"AVENUE DU GENERAL DE GAULLE";" -22,28671000";"166,44443000"
"202400045348";"20";"02";"2024";"10:15";"1";"29";"29276";"1";"1";"1";"6";"Prat Ledan";"48,68008100";" -4,08602400"
"202400045349";"9";"05";"2024";"12:30";"1";"15";"15045";"1";"1";"1";"6";"RD 921";"44,88461000";"2,99579100"
"202400045350";"16";"07";"2024";"05:00";"2";"77";"77058";"1";"1";"1";"7";"A4";"48,82928100";"2,74151200"
"202400045351";"13";"08";"2024";"10:56";"1";"59";"59475";"1";"1";"1";"6";"AUTOROUTE A2";"50,33845100";"3,45808400"
"202400045352";"13";"06";"2024";"07:20";"2";"86";"86194";"2";"1";"1";"3";"Avenue Jacques Coeur";"46,57067200";"0,37047700"
"202400045353";"30";"03";"2024";"16:00";"1";"974";"97411";"2";"9";"2";"1";"GARE (DE LA)";" -20,89450000";"55,49170000"
"202400045354";"22";"08";"2024";"11:48";"1";"77";"77384";"1";"1";"1";"6";"AUTOROUTE A5A";"48,59336106";"2,64091789"
"202400045355";"8";"05";"2024";"10:15";"1";"15";"15134";"1";"1";"1";"2";"RD 920";"44,71954700";"2,50354200"
"202400045356";"15";"07";"2024";"14:15";"1";"94";"94028";"1";"1";"1";"2";"A86";"48,77833805";"2,44059138"
"202400045357";"16";"02";"2024";"17:40";"1";"31";"31315";"2";"1";"2";"1";"avenue du comminges";"43,08417900";"0,94606400"
"202400045358";"13";"06";"2024";"17:25";"1";"85";"85191";"2";"2";"1";"3";"Rue des myosotis";"46,67971710";" -1,44074850"
"202400045359";"1";"04";"2024";"01:00";"5";"69";"69388";"2";"2";"3";"2";"Boulevard des Etats-Unis";"45,73330000";"4,86441000"
"202400045360";"22";"08";"2024";"09:05";"1";"92";"92002";"1";"1";"1";"3";"AUTOROUTE A10";"48,73272639";"2,31149232"
"202400045361";"22";"02";"2024";"11:33";"1";"38";"38139";"1";"1";"3";"7";"D16";"45,71727400";"5,48145400"
"202400045362";"7";"05";"2024";"16:30";"1";"70";"70195";"1";"1";"8";"1";"Rue de Dambenoit";"47,72116000";"6,36891600"
"202400045363";"26";"04";"2024";"18:10";"1";"65";"65286";"1";"1";"1";"4";"N 21";"43,11505529";" -0,03375093"
"202400045364";"31";"03";"2024";"10:20";"1";"69";"69383";"2";"3";"2";"3";"Rue Viala";"45,74401000";"4,88561000"
"202400045365";"14";"06";"2024";"01:15";"5";"84";"84007";"2";"1";"1";"2";"MORIERES (Route de )";"43,95188000";"4,83541000"
"202400045366";"8";"07";"2024";"20:05";"5";"44";"44162";"2";"6";"8";"7";"Boulevard Charles Gauthier";"47,22321870";" -1,61201011"
"202400045367";"21";"02";"2024";"14:40";"1";"03";"03283";"1";"1";"1";"7";"D12";"46,52621400";"3,57316400"
"202400045368";"31";"03";"2024";"09:15";"1";"972";"97209";"1";"3";"1";"3";"FOND D'OR (RUE DU)";"14,61811000";" -61,06047000"
"202400045369";"8";"05";"2024";"18:06";"1";"26";"26353";"1";"1";"1";"4";"N7";"44,67237600";"4,79426600"
"202400045370";"18";"02";"2024";"12:15";"1";"73";"73301";"1";"1";"1";"6";"D211 Route du montcel";"45,70769085";"5,96549302"
"202400045371";"12";"06";"2024";"19:50";"1";"80";"80021";"2";"7";"1";"3";"BELFORT (BOULEVARD DE)";"49,88862400";"2,30322640"
"202400045372";"21";"08";"2024";"23:00";"3";"93";"93053";"2";"1";"1";"4";"AUTOROUTE A3";"48,88824388";"2,47412702"
"202400045373";"25";"04";"2024";"12:19";"1";"57";"57227";"2";"1";"8";"3";"NATIONALE(RUE)GIRAT.MERLEBACH/R.COLLERIE";"49,17748300";"6,88360000"
"202400045374";"22";"02";"2024";"13:00";"1";"18";"18015";"1";"1";"6";"7";"N/A";"47,51041100";"2,41211100"
"202400045375";"26";"05";"2024";"17:15";"1";"78";"78646";"2";"1";"1";"6";"REINE (BOULEVARD DE LA)";"48,80875400";"2,13512700"
"202400045376";"8";"05";"2024";"20:50";"2";"60";"60509";"2";"1";"1";"1";"551 Quai de la Liberation";"49,30669700";"2,61416600"
"202400045377";"22";"02";"2024";"18:35";"3";"07";"07078";"2";"1";"2";"6";"661 Route du Forez";"45,26080400";"4,70382200"
"202400045378";"30";"03";"2024";"01:59";"5";"971";"97101";"1";"2";"1";"3";"Frédéric JALTON";"16,27624041";" -61,50157213"
"202400045379";"21";"08";"2024";"21:30";"3";"92";"92036";"1";"1";"1";"6";"AUTOROUTE A86";"48,93861697";"2,30155528"
"202400045380";"13";"04";"2024";"20:50";"5";"57";"57227";"2";"1";"1";"1";"NATIONALE (RUE)DU C. SCHOENECK /LIMITE C";"49,19006800";"6,90826800"
"202400045381";"12";"06";"2024";"12:13";"1";"78";"78350";"1";"1";"1";"3";"SAINT GERMAIN (ROUTE DE)";"48,87117000";"2,11165000"
"202400045382";"9";"05";"2024";"18:30";"1";"36";"36062";"1";"4";"1";"3";"le Pont des piles";"46,46314712";"1,59956324"
"202400045383";"21";"08";"2024";"14:40";"1";"95";"95678";"2";"1";"1";"7";"N184";"49,06243439";"2,21264845"
"202400045384";"30";"03";"2024";"17:38";"1";101;101004";"2";"1";"8";"1";"MEZZAVIA ROUTE DE";"41,94786000";"8,76450000"
"202400045385";"21";"02";"2024";"23:40";"4";"85";"85146";"2";"6";"3";"1";"RD137";"46,96225200";" -1,30669000"
"202400045386";"6";"05";"2024";"17:30";"1";"16";"16167";"2";"1";"1";"6";"Rue de Conde";"45,68038900";" -0,17287500"
"202400045387";"12";"06";"2024";"18:13";"1";"77";"77445";"2";"9";"1";"3";"PL JULES VALLES";"48,59428567";"2,58120847"
"202400045388";"20";"08";"2024";"21:00";"2";"92";"92036";"1";"1";"1";"6";"AUTOROUTE A15";"48,93919955";"2,29432636"
"202400045389";"24";"03";"2024";"16:45";"1";"69";"69018";"2";"1";"1";"1";"Rue Général Leclerc";"46,15176386";"4,59336825"
"202400045390";"31";"03";"2024";"00:15";"3";"95";"95539";"1";"1";"1";"6";"PASTEUR (RUE)";"48,99973582";"2,35981647"
"202400045391";"9";"05";"2024";"14:25";"1";"07";"07010";"2";"1";"1";"6";"Chemin des Seux";"45,25899900";"4,65905100"
"202400045392";"11";"06";"2024";"21:45";"3";"77";"77152";"2";"1";"3";"7";"PEREY(AVENUE MARGUERITE)";"48,50717000";"2,60528000"
"202400045393";"15";"07";"2024";"12:47";"1";"974";"97411";"2";"1";"1";"6";"GAULLE (DU GENERAL DE)";" -20,88564000";"55,44693000"
"202400045394";"13";"02";"2024";"05:30";"3";"972";"97213";"1";"1";"1";"3";"AUTOROUTE A1";"14,61313000";" -61,00971000"
"202400045395";"21";"02";"2024";"17:10";"1";"06";"06018";"1";"6";"1";"3";"Rue Albert Caquot";"43,61726600";"7,05976200"
"202400045396";"31";"03";"2024";"13:30";"1";"95";"95424";"2";"1";"1";"3";"D392";"48,98865206";"2,18186062"
"202400045397";"8";"05";"2024";"21:25";"3";"85";"85084";"1";"3";"1";"3";"D39";"46,76404500";" -1,20441900"
"202400045398";"13";"06";"2024";"12:40";"1";"77";"77372";"2";"1";"1";"7";"BORDEAUX  (RUE DE  )";"48,88393000";"2,69029000"
"202400045399";"9";"05";"2024";"13:55";"1";"30";"30269";"1";"1";"1";"7";"D260";"44,12513900";"3,86457600"
"202400045400";"14";"07";"2024";"08:25";"1";"974";"97409";"2";"2";"1";"3";"Lefaguyes (chemin)";" -20,95947000";"55,66350000"
"202400045401";"22";"03";"2024";"20:00";"2";"18";"18279";"2";"1";"1";"2";"42 Rue des Epinettes";"47,22688000";"2,06982000"
"202400045402";"31";"03";"2024";"21:03";"5";"91";"91377";"2";"1";"1";"5";"AV DU GENERAL DE GAULLE";"48,72939000";"2,27256000"
"202400045403";"21";"02";"2024";"07:03";"2";"06";"06067";"1";"1";"1";"5";"autoroute A8, PK216+700, chaussée nord";"43,78199000";"7,45016800"
"202400045404";"8";"05";"2024";"16:15";"1";"48";"48176";"1";"1";"1";"3";"D996";"44,19620400";"3,24731900"
"202400045405";"27";"05";"2024";"14:09";"1";"76";"76451";"2";"1";"8";"6";"Avenue du Mont aux Malades";"49,46525000";"1,07215000"
"202400045406";"15";"07";"2024";"15:10";"1";"973";"97302";"2";"3";"1";"3";"RABAN (ROUTE DE)";"4,92797404";" -52,31386095"
"202400045407";"31";"03";"2024";"14:45";"1";"91";"91645";"2";"1";"1";"6";"BAS PAYS (RUE DU)";"48,74507000";"2,27726000"
"202400045408";"21";"02";"2024";"17:10";"1";"63";"63272";"1";"1";"8";"2";"A75 PK 004.800";"45,73498792";"3,15282162"
"202400045409";"9";"05";"2024";"18:25";"1";"88";"88302";"1";"1";"1";"1";"Route des Fenesses";"47,92277700";"6,80774700"
"202400045410";"13";"06";"2024";"03:05";"5";"76";"76351";"2";"3";"1";"3";"LOUIS LUMIERE";"49,52742000";"0,12760500"
"202400045411";"31";"03";"2024";"07:00";"2";"91";"91377";"2";"1";"1";"1";"RUE AMPERE";"48,71911000";"2,26886000"
"202400045412";"15";"07";"2024";"23:00";"5";"69";"69388";"2";"2";"1";"3";"Avenue Berthelot";"45,73933000";"4,86001000"
"202400045413";"26";"05";"2024";"11:40";"1";"76";"76540";"2";"6";"1";"3";"Place Saint Clement";"49,42678000";"1,07701000"
"202400045414";"22";"02";"2024";"04:40";"3";"45";"45067";"1";"1";"6";"7";"A10 PK100+000 sens Paris vers Province";"47,89560000";"1,77731800"
"202400045415";"9";"05";"2024";"16:50";"1";"42";"42256";"1";"1";"1";"6";"Les Farges";"45,51148200";"4,19056500"
"202400045416";"13";"06";"2024";"13:50";"1";"73";"73065";"2";"3";"1";"6";"BERNARDINES";"45,56678000";"5,91483000"