"Num_Acc";"jour";"mois";"an";"hrmn";"lum";"dep";"com";"agg";"int";"atm";"col";"adr";"lat";"long"
"202400045611";"2";"08";"2024";"19:00";"1";"84";"84007";"1";"9";"1";"7";"BOMPAS (Chemin de)-MONTFAVET";"43,89003000";"4,91616000"
"202400045612";"19";"02";"2024";"18:10";"4";"92";"92036";"1";"2";"2";"4";"PIERRE DE COUBERTIN (BOULEVARD) (PORT ->";"48,93582223";"2,27971154"
"202400045613";"12";"06";"2024";"20:40";"1";"22";"22278";"2";"1";"1";"6";"CITE (PL. DE LA)";"48,51427000";" -2,74082000"
"202400045614";"20";"02";"2024";"14:30";"1";"92";"92060";"2";"1";"1";"6";"REPUBLIQUE (AVENUE DE LA) (RD 60)";"48,78198000";"2,27045000"
"202400045615";"21";"08";"2024";"20:30";"1";"83";"83090";"2";"1";"1";"6";"FAVEYROLLES (ROUTE DE)";"43,13763065";"5,87253678"
"202400045616";"12";"06";"2024";"17:04";"1";"19";"19031";"2";"1";"1";"3";"PUYBLANC (BOULEVARD DE)";"45,15672722";"1,53392297"
"202400045617";"12";"07";"2024";"07:30";"1";"59";"59178";"2";"1";"1";"2";"LILLE (PONT DE)";"50,37921000";"3,09035000"
"202400045618";"12";"06";"2024";"17:10";"1";"17";"17415";"2";"1";"1";"3";"MONNET AVENUE JEAN";"45,74478000";" -0,60481000"
"202400045619";"20";"02";"2024";"15:50";"1";"92";"92004";"1";"1";"1";"3";"AULAGNIER ( QUAI )";"48,91242147";"2,30305579"
"202400045620";"21";"08";"2024";"19:50";"1";"82";"82121";"2";"1";"1";"3";"rue de pater";"44,03275500";"1,36431100"
"202400045621";"13";"06";"2024";"08:15";"1";"13";"13117";"2";"2";"1";"3";"RABIN ( AVENUE YITZHAK )";"43,44854000";"5,24656000"
"202400045622";"12";"02";"2024";"18:25";"3";"35";"35195";"1";"1";"1";"6";"Le Stand";"48,30451100";" -1,68258700"
"202400045623";"14";"07";"2024";"17:35";"1";"57";"57283";"2";"1";"1";"3";"METZ (RUE DE)";"49,25316000";"6,16986000"
"202400045624";"20";"08";"2024";"14:10";"1";"80";"80131";"2";"1";"3";"1";"Rue Manasses Barbier";"49,85313000";"2,37924000"
"202400045625";"12";"06";"2024";"16:00";"1";"13";"13117";"2";"1";"1";"2";"CD 9 ESTROUBLANS";"43,42499000";"5,24803000"
"202400045626";"20";"02";"2024";"15:25";"1";"33";"33393";"1";"1";"1";"6";"54 Route de Guîtres";"45,00762400";" -0,19631800"
"202400045627";"15";"07";"2024";"09:59";"1";"56";"56260";"2";"6";"1";"3";"Giratoire de la Gare";"47,66399000";" -2,75583000"
"202400045628";"14";"06";"2024";"01:25";"3";"13";"13047";"1";"8";"1";"7";"FOS (ROUTE DE) - RN 569";"43,48832000";"4,96360000"
"202400045629";"20";"02";"2024";"22:15";"3";"83";"83148";"1";"1";"1";"7";"D48";"43,39344300";"6,43795400"
"202400045630";"20";"02";"2024";"23:00";"3";"51";"51559";"1";"1";"1";"6";"D977";"49,09397684";"4,49265718"
"202400045631";"12";"06";"2024";"19:25";"1";"12";"12089";"1";"1";"1";"3";"ESTAQUES (LES)";"44,56869000";"2,24871000"
"202400045632";"15";"07";"2024";"18:30";"1";"54";"54528";"2";"1";"8";"3";"28 Rue Louis Majorelle";"48,69125000";"5,89635000"
"202400045633";"20";"02";"2024";"17:20";"1";"58";"58227";"2";"1";"1";"1";"73 Route de Cosne";"47,52810600";"3,06403500"
"202400045634";"13";"06";"2024";"07:40";"1";"11";"11069";"2";"1";"1";"6";"N/A";"43,21278000";"2,35342000"
"202400045635";"15";"07";"2024";"00:50";"5";"54";"54395";"2";"1";"1";"1";"Rue du Docteur Achille Levy";"48,67857000";"6,19720000"
"202400045636";"19";"02";"2024";"17:05";"1";"57";"57392";"1";"1";"1";"1";"RD9999";"49,03876132";"6,35535857"
"202400045637";"10";"06";"2024";"17:45";"1";"11";"11069";"1";"1";"1";"2";"N/A";"43,23163000";"2,37431000"
"202400045638";"27";"06";"2024";"07:40";"1";"76";"76322";"2";"6";"1";"2";"Avenue du Gal Leclerc";"49,41415000";"1,04465000"
"202400045639";"12";"02";"2024";"18:30";"5";"79";"79208";"1";"1";"1";"7";"N/A";"46,66537200";" -0,15544500"
"202400045640";"13";"06";"2024";"22:20";"3";"09";"09122";"2";"1";"1";"1";"RD 919";"42,99637500";"1,61524700"
"202400045641";"15";"07";"2024";"14:45";"1";"51";"51172";"2";"6";"1";"6";"GOISSES";"49,21602000";"4,05756000"
"202400045642";"20";"02";"2024";"17:40";"1";"79";"79185";"2";"1";"1";"3";"N/A";"46,29350400";" -0,28538700"
"202400045643";"21";"08";"2024";"10:10";"1";"71";"71499";"2";"2";"1";"3";"JEAN LAVILLE (RUE)";"46,64653000";"4,29397000"
"202400045644";"13";"06";"2024";"18:25";"1";"07";"07316";"1";"1";"1";"3";"LYON (ROUTE DE)";"44,90853000";"4,85369000"
"202400045645";"21";"02";"2024";"18:30";"3";"80";"80500";"2";"1";"2";"3";"N/A";"50,01285500";"1,60988300"
"202400045646";"12";"06";"2024";"14:11";"1";"06";"06088";"2";"1";"1";"6";"21 Rue Paganini";"43,70313000";"7,26394000"
"202400045647";"10";"07";"2024";"05:30";"2";"51";"51160";"1";"1";"1";"2";"TROYES (RTE DE)";"48,94089490";"4,34022190"
"202400045648";"20";"08";"2024";"19:38";"1";"64";"64102";"2";"6";"1";"1";"LASSEGUETTE (CHEMIN DE)";"43,47994000";" -1,47839000"
"202400045649";"21";"02";"2024";"08:00";"1";"71";"71374";"1";"4";"1";"1";"D981";"46,73425708";"4,71040714"
"202400045650";"13";"06";"2024";"20:50";"1";"06";"06069";"2";"6";"1";"3";"54 Chemin des Capucins";"43,64979000";"6,93157000"
"202400045651";"14";"07";"2024";"09:55";"1";"49";"49099";"1";"6";"1";"6";"RD160";"47,03628000";" -0,90566000"
"202400045652";"20";"02";"2024";"20:45";"3";"63";"63352";"1";"1";"1";"6";"RD 909";"45,45040888";"3,24188354"
"202400045653";"18";"08";"2024";"17:00";"1";"62";"62902";"2";"1";"1";"6";"D211";"50,71145000";"2,24374000"
"202400045654";"19";"02";"2024";"17:40";"1";"12";"12138";"2";"1";"8";"6";"RD 901 - avenue Gustave Bessières";"44,47434118";"2,46139097"
"202400045655";"13";"06";"2024";"17:10";"1";"06";"06069";"2";"6";"1";"3";"36 Avenue Sidi Brahim";"43,64977000";"6,93174000"
"202400045656";"21";"02";"2024";"03:01";"5";"34";"34284";"2";"1";"1";"6";"D612 PK 119+200";"43,48580900";"2,77398300"
"202400045657";"10";"07";"2024";"13:35";"1";"49";"49099";"1";"1";"1";"4";"RD 753";"47,05919000";" -0,91228000"
"202400045658";"13";"06";"2024";"07:40";"1";"04";"04112";"1";"1";"1";"5";"DEPARTEMENTALE 4096";"43,80968000";"5,78171000"
"202400045659";"18";"02";"2024";"18:20";"3";"22";"22351";"1";"1";"1";"7";"D49";"48,28469200";" -3,51962700"
"202400045660";"21";"08";"2024";"06:10";"2";"60";"60159";"2";"3";"1";"3";"Rue Solférino";"49,41896000";"2,82433000"
"202400045661";"21";"02";"2024";"19:00";"2";"39";"39367";"1";"1";"1";"6";"N/A";"46,55700890";"6,01172400"
"202400045662";"12";"07";"2024";"18:47";"1";"49";"49007";"2";"1";"1";"7";"ORMEAUX";"47,48155000";" -0,51962000"
"202400045663";"13";"06";"2024";"12:10";"1";"02";"02691";"2";"1";"1";"6";"37 Boulevard Roosevelt";"49,85308000";"3,29017000"
"202400045664";"19";"02";"2024";"12:45";"1";"54";"54315";"1";"1";"1";"6";"D913";"48,79158915";"6,27767801"
"202400045665";"21";"08";"2024";"21:00";"5";"45";"45234";"2";"1";"1";"3";"197 Rue du Faubourg Bannier";"47,91460000";"1,91650000"
"202400045666";"21";"02";"2024";"16:16";"1";"73";"73128";"2";"1";"1";"1";"D1201";"45,72092200";"5,91815100"
"202400045667";"13";"06";"2024";"14:20";"1";"75";"75115";"2";"1";"1";"2";"PORTE DE VERSAILLES";"48,82759600";"2,29188800"
"202400045668";"12";"07";"2024";"17:32";"1";"49";"49007";"2";"1";"1";"7";"SAINT JULIEN RUE ET IMPASSE";"47,46953000";" -0,55075000"
"202400045669";"21";"08";"2024";"11:45";"1";"35";"35238";"2";"1";"1";"2";"RONCERAY (PLACE DU)";"48,09227000";" -1,63960000"
"202400045670";"21";"02";"2024";"16:30";"1";"04";"04188";"1";"1";"1";"3";"D13";"43,90563100";"5,78758500"
"202400045671";"13";"06";"2024";"10:20";"1";"75";"75112";"2";"1";"1";"3";"PORTE DE CHARENTON";"48,82899900";"2,40013400"
"202400045672";"15";"07";"2024";"20:15";"1";"44";"44109";"2";"1";"1";"6";"107 Route de la Chapelle Sur Erdre";"47,26127000";" -1,57462000"
"202400045673";"21";"02";"2024";"05:50";"3";"85";"85252";"1";"1";"1";"7";"RD89";"46,63264800";" -0,81916900"
"202400045674";"13";"06";"2024";"08:15";"1";"75";"75113";"2";"4";"1";"7";"QUAI D IVRY";"48,81629333";"2,36415267"
"202400045675";"20";"02";"2024";"17:50";"1";"85";"85202";"1";"1";"1";"6";"RD60";"46,74756000";" -1,15452200"
"202400045676";"21";"08";"2024";"18:00";"2";"34";"34003";"1";"1";"1";"2";"RD612";"43,30646000";"3,44313000"
"202400045677";"11";"06";"2024";"22:10";"1";"75";"75120";"2";"1";"1";"6";"RUE DE LA REUNION";"48,85283300";"2,40365800"
"202400045678";"18";"02";"2024";"10:05";"1";"30";"30003";"2";"1";"1";"7";"Avenue de la Tour de Constance";"43,57008400";"4,19188500"
"202400045679";"15";"07";"2024";"10:00";"1";"44";"44162";"2";"1";"1";"4";"137 Route de Vannes";"47,23777198";" -1,58672199"
"202400045680";"21";"08";"2024";"21:45";"5";"33";"33063";"2";"1";"1";"6";"N/A";"44,83913000";" -0,56772000"
"202400045681";"20";"02";"2024";"14:20";"1";"48";"48121";"1";"2";"1";"7";"Château d'Apcher";"44,81923900";"3,31377100"
"202400045682";"14";"07";"2024";"18:35";"1";"41";"41018";"2";"1";"1";"3";"CURIE (RUE PIERRE ET MARIE)";"47,59500000";"1,31700000"
"202400045683";"13";"06";"2024";"13:20";"1";"75";"75119";"2";"2";"1";"3";"RUE D HAUTPOUL";"48,88566300";"2,38690000"
"202400045684";"20";"02";"2024";"17:15";"1";"08";"08149";"1";"1";"1";"1";"N/A";"49,78442563";"4,47322869"
"202400045685";"21";"08";"2024";"03:35";"3";"33";"33281";"2";"1";"1";"1";"N/A";"44,83872000";" -0,65768000"
"202400045686";"15";"07";"2024";"15:01";"1";"38";"38151";"2";"1";"1";"6";"NORMANDIE NIEMEN RUE)";"45,14831000";"5,72010000"
"202400045687";"13";"06";"2024";"10:50";"1";"75";"75117";"2";"7";"1";"1";"PLACE DU MARECHAL JUIN";"48,88501800";"2,29662800"
"202400045688";"21";"08";"2024";"10:45";"1";"31";"31555";"2";"1";"1";"6";"GRANDE BRETAGNE (AV DE) DU 2AU 50";"43,59738000";"1,42105000"
"202400045689";"21";"02";"2024";"12:25";"1";"30";"30169";"1";"1";"1";"1";"N113";"43,78337016";"4,31194240"
"202400045690";"15";"07";"2024";"13:45";"1";"37";"37261";"2";"1";"2";"2";"PORTILLON (QUAI DE)";"47,39970000";"0,67562000"
"202400045691";"13";"06";"2024";"18:30";"1";"75";"75116";"2";"7";"1";"3";"PLACE D IENA";"48,86458300";"2,29370000"
"202400045692";"20";"02";"2024";"17:20";"1";"977";"97701";"1";"1";"1";"7";"route de l'aéroport";"17,90368521";" -62,84657121"
"202400045693";"13";"06";"2024";"20:52";"5";"75";"75115";"2";"1";"2";"7";"RUE DE LOURMEL";"48,85002300";"2,29178900"
"202400045694";"14";"07";"2024";"21:30";"2";"35";"35115";"2";"6";"1";"7";"GROSLAY (BD DE DU N°25 AU 43)";"48,35110000";" -1,18494000"
"202400045695";"20";"02";"2024";"09:07";"1";"41";"41008";"1";"1";"5";"1";"D2152";"47,73122600";"1,55687900"
"202400045696";"12";"06";"2024";"14:30";"1";"75";"75114";"2";"3";"1";"6";"RUE FROIDEVAUX";"48,83634358";"2,32660174"
"202400045697";"15";"07";"2024";"10:00";"1";"31";"31555";"2";"6";"1";"3";"RD PT GRIFFON";"43,55883900";"1,49609100"
"202400045698";"20";"08";"2024";"16:30";"1";"19";"19031";"2";"3";"1";"3";"COURTELINE (RUE)";"45,15294000";"1,54788000"
"202400045699";"13";"06";"2024";"19:00";"1";"75";"75112";"2";"1";"1";"2";"Route de la Tourelle";"48,82023200";"2,44903200"
"202400045700";"13";"07";"2024";"12:40";"1";"28";"28134";"2";"9";"1";"2";"COMTEVILLE (CHEMIN DE)";"48,74097000";"1,39367000"
"202400045701";"21";"08";"2024";"08:40";"1";"17";"17306";"2";"6";"1";"3";"PONTAILLAC (DE) (AVENUE)";"45,62814000";" -1,05276000"
"202400045702";"12";"06";"2024";"11:00";"1";"75";"75112";"2";"1";"1";"3";"QUAI DE BERCY";"48,83479800";"2,38064300"
"202400045703";"14";"07";"2024";"02:20";"5";"25";"25056";"2";"9";"1";"6";"MONTBOUCONS VOIES CITE DE";"47,24950000";"6,00115000"
"202400045704";"21";"08";"2024";"16:10";"1";"11";"11069";"1";"9";"1";"2";"ROCADE SUD RD 6161";"43,20250000";"2,31513000"
"202400045705";"20";"02";"2024";"16:30";"1";"68";"68132";"1";"1";"1";"5";"D21";"47,61203100";"7,42775000"
"202400045706";"11";"06";"2024";"15:00";"1";"75";"75112";"2";"1";"1";"1";"AVENUE DE SAINT MAURICE";"48,83025000";"2,42041000"
"202400045707";"26";"09";"2024";"18:45";"2";"39";"39367";"1";"1";"2";"1";"N5";"46,53358000";"6,02216000"
"202400045708";"20";"08";"2024";"20:45";"2";"06";"06155";"2";"1";"1";"6";"48 Boulevard du Docteur Jacques Ugo";"43,57656930";"7,05631630"
"202400045709";"12";"07";"2024";"20:31";"1";"19";"19031";"2";"2";"1";"3";"BRUNE (BOULEVARD)";"45,15314975";"1,53435749"
"202400045710";"21";"09";"2024";"02:22";"4";"29";"29215";"2";"1";"1";"6";"Chemin de la Corniche";"47,97989700";" -4,43470000"
"202400045711";"13";"06";"2024";"07:40";"1";"75";"75110";"2";"3";"1";"6";"RUE YVES TOUDIC";"48,87015300";"2,36362600"
"202400045712";"20";"02";"2024";"16:03";"1";"01";"01281";"2";"2";"1";"1";"1100 Rue de Gex";"46,28401400";"6,08616800"
"202400045713";"12";"07";"2024";"02:45";"5";"13";"13208";"2";"1";"1";"7";"TUNNEL PRADO SUD";"43,28321126";"5,38776727"
"202400045714";"13";"06";"2024";"20:50";"2";"75";"75107";"2";"1";"1";"3";"PONT DE L ALMA";"48,86327300";"2,30166200"
"202400045715";"20";"02";"2024";"19:00";"3";"69";"69289";"1";"1";"1";"1";"Route de Lyon";"45,63942800";"4,96067000"
"202400045716";"21";"08";"2024";"16:00";"1";"75";"75118";"2";"3";"1";"2";"RUE DE LA CHAPELLE";"48,89085400";"2,35996900"
"202400045717";"15";"07";"2024";"11:10";"1";"13";"13001";"1";"1";"1";"2";"RD9";"43,45381673";"5,31059503"
"202400045718";"26";"09";"2024";"17:45";"1";"38";"38335";"1";"1";"2";"1";"Route de Vienne";"45,35758700";"5,03001100"
"202400045719";"20";"02";"2024";"20:15";"1";"49";"49201";"1";"1";"1";"7";"Route du Goeuvre";"47,39616300";" -0,26219100"
"202400045720";"21";"08";"2024";"15:15";"1";"75";"75117";"2";"3";"1";"7";"BOULEVARD GOUVION SAINT CYR";"48,88224400";"2,28626700"
"202400045721";"12";"06";"2024";"23:20";"5";"75";"75108";"2";"2";"1";"3";"AVENUE DE FRIEDLAND";"48,87439000";"2,30103700"
"202400045722";"9";"07";"2024";"08:50";"1";"12";"12174";"1";"1";"1";"2";"D888 (ROCADE)";"44,33188000";"2,55596000"
"202400045723";"27";"09";"2024";"15:30";"1";"66";"66117";"1";"1";"1";"1";"N/A";"42,51112200";"2,12304400"
"202400045724";"8";"07";"2024";"19:35";"1";"12";"12176";"2";"1";"1";"1";"ROSIERS (AVENUE DES)";"44,36367000";"2,59606000"
"202400045725";"13";"06";"2024";"17:50";"1";"75";"75107";"2";"3";"1";"6";"AVENUE DE SUFFREN";"48,85747900";"2,29102700"
"202400045726";"21";"08";"2024";"09:05";"1";"75";"75114";"2";"3";"1";"6";"AVENUE DU GENERAL LECLERC";"48,83007600";"2,32875300"
"202400045727";"27";"09";"2024";"17:40";"1";"72";"72351";"1";"1";"2";"7";"51 rue andree legrou";"48,10370496";" -0,09675816"
"202400045728";"12";"06";"2024";"21:50";"5";"75";"75107";"2";"2";"1";"6";"BOULEVARD DE LA TOUR MAUBOURG";"48,85993600";"2,31017700"
"202400045729";"14";"07";"2024";"12:25";"1";"10";"10387";"2";"6";"1";"3";"GEORGES POMPIDOU (RUE)";"48,29609000";"4,09433000"
"202400045730";"26";"09";"2024";"17:00";"1";"14";"14456";"2";"1";"1";"6";"1 Rue Jean Moulin";"49,11480900";" -0,17005600"
"202400045731";"13";"06";"2024";"01:25";"5";"75";"75104";"2";"1";"1";"7";"QUAI DES CELESTINS";"48,85314300";"2,35833000"
"202400045732";"21";"08";"2024";"16:30";"1";"75";"75112";"2";"3";"1";"3";"BOULEVARD DE REUILLY";"48,83910700";"2,39007600"
"202400045733";"15";"02";"2024";"07:38";"2";"13";"13202";"1";"1";"1";"1";"A55-Sens Marseille vers Martigues";"43,32652000";"5,36001000"
"202400045734";"13";"07";"2024";"12:30";"1";"06";"06088";"2";"1";"1";"6";"5 Boulevard de Cessole";"43,71073050";"7,25585570"
"202400045735";"12";"06";"2024";"09:45";"1";"75";"75101";"2";"3";"1";"3";"QUAI DE LA MEGISSERIE";"48,85769800";"2,34541500"
"202400045736";"15";"02";"2024";"09:38";"1";"13";"13212";"1";"1";"1";"2";"A507 sens Aubagne- Marseille";"43,30116000";"5,42537000"
"202400045737";"21";"08";"2024";"09:30";"1";"75";"75108";"2";"1";"1";"7";"RUE DE MOSCOU";"48,88148700";"2,32315700"
"202400045738";"27";"09";"2024";"16:30";"1";"05";"05017";"1";"3";"1";"1";"route nationale 94";"44,56112800";"6,21120200"
"202400045739";"15";"07";"2024";"18:00";"1";"06";"06123";"2";"3";"1";"2";"386 Route de la Baronne";"43,70251000";"7,17883000"
"202400045740";"13";"06";"2024";"01:32";"5";"94";"94080";"2";"1";"1";"6";"Rue du Docteur Lebel";"48,84672000";"2,43132000"
"202400045741";"19";"02";"2024";"18:10";"2";"13";"13211";"1";"1";"1";"3";"Sens Aubagne vers Marseille";"43,29320905";"5,47529219"
"202400045742";"21";"08";"2024";"18:31";"1";"75";"75107";"2";"3";"1";"7";"QUAI VOLTAIRE";"48,85921100";"2,33018600"
"202400045743";"18";"09";"2024";"12:48";"1";"64";"64391";"1";"1";"1";"7";"Chemin de Mendibieu";"43,25472100";" -0,84464900"
"202400045744";"13";"06";"2024";"12:21";"1";"94";"94068";"2";"3";"1";"2";"Avenue Galilée / Quai du Port au Fouarre";"48,79361900";"2,47257500"
"202400045745";"11";"07";"2024";"17:38";"1";"05";"05061";"2";"2";"1";"3";"JEAN JAURES ( AVENUE )";"44,55002000";"6,06857000"
"202400045746";"19";"02";"2024";"12:05";"1";"13";"13211";"1";"1";"1";"2";"A50-Sens Marseille vers Aubagne";"43,29207811";"5,45266634"
"202400045747";"21";"08";"2024";"19:25";"1";"75";"75102";"2";"3";"1";"3";"BOULEVARD DE SEBASTOPOL";"48,86413900";"2,35146500"
"202400045748";"13";"06";"2024";"12:30";"1";"94";"94052";"2";"1";"1";"2";"Avenue Georges Clémenceau";"48,83630000";"2,47048000"
"202400045749";"20";"02";"2024";"10:23";"1";"83";"83144";"1";"1";"1";"7";"A57";"43,14263526";"6,00846007"
"202400045750";"13";"07";"2024";"18:08";"1";"05";"05023";"2";"1";"1";"3";"DAUPHINE (AVENUE DU)";"44,90342000";"6,62905000"
"202400045751";"5";"07";"2024";"16:15";"1";"64";"64371";"2";"3";"1";"7";"Départementale 611- Rue rené Coty";"43,22235500";" -0,89418900"
"202400045752";"13";"06";"2024";"08:10";"1";"94";"94037";"2";"2";"1";"3";"Avenue Galliéni / Rue du Val de Marne";"48,81755000";"2,35344000"
"202400045753";"21";"08";"2024";"10:45";"1";"75";"75101";"2";"2";"1";"6";"BOULEVARD DE SEBASTOPOL";"48,86056700";"2,34939600"
"202400045754";"20";"02";"2024";"08:37";"1";"83";"83126";"1";"1";"1";"4";"A50";"43,12011432";"5,85101971"
"202400045755";"15";"07";"2024";"07:00";"1";"04";"04112";"2";"1";"1";"2";"Avenue Georges Pompidou";"43,82533000";"5,78309000"
"202400045756";"26";"09";"2024";"08:45";"1";"73";"73171";"1";"1";"3";"1";"D1006";"45,50122600";"6,06600900"
"202400045757";"21";"08";"2024";"20:43";"1";"94";"94081";"2";"1";"1";"6";"Avenue Lucien Français";"48,78750000";"2,38640000"
"202400045758";"12";"06";"2024";"17:15";"1";"94";"94028";"2";"3";"1";"3";"Boulevard Jean-baptiste Oudry / Rue Benjamin Moloise";"48,77417631";"2,45973453"
"202400045759";"20";"02";"2024";"00:10";"5";"69";"69382";"2";"1";"1";"1";"Route de Métropole 7";"45,74113000";"4,82446000"
"202400045760";"15";"07";"2024";"21:47";"5";"75";"75113";"2";"1";"1";"2";"BOULEVARD PERIPHERIQUE";"48,82621500";"2,38777800"
"202400045761";"20";"08";"2024";"17:10";"1";"94";"94079";"2";"1";"2";"6";"Avenue Auguste Rodin";"48,83418000";"2,55012000"
"202400045762";"25";"09";"2024";"17:35";"1";"40";"40230";"1";"2";"8";"3";"Route de la Forêt";"43,78285700";" -0,96024200"
"202400045763";"20";"02";"2024";"01:47";"5";"33";"33318";"1";"1";"1";"2";"N/A";"44,78829300";" -0,63140100"
"202400045764";"13";"06";"2024";"10:40";"1";"94";"94022";"2";"3";"1";"1";"Avenue Léon Gourdault / Avenue du Général Leclerc";"48,76241000";"2,40669000"
"202400045765";"15";"07";"2024";"18:25";"1";"75";"75120";"2";"1";"1";"5";"PORTE DE MONTREUIL";"48,86350200";"2,41340800"
"202400045766";"21";"08";"2024";"11:15";"1";"93";"93050";"2";"6";"1";"2";"Rue d’Anjou / Allee Duperrey";"48,86753900";"2,53733307"
"202400045767";"26";"09";"2024";"12:25";"1";"87";"87028";"1";"1";"2";"3";"Fressoneix";"46,22016800";"0,92366700"
"202400045768";"13";"06";"2024";"16:30";"1";"93";"93073";"2";"2";"1";"3";"Avenue Henri Barbusse / Rue Hector Berlioz";"48,95942000";"2,57223000"
"202400045769";"19";"02";"2024";"11:45";"1";"95";"95527";"1";"1";"2";"3";"A3";"48,98246113";"2,50247592"
"202400045770";"15";"07";"2024";"17:00";"1";"75";"75117";"2";"1";"1";"5";"PORTE DE SAINT OUEN";"48,90064500";"2,32473000"
"202400045771";"21";"08";"2024";"18:50";"1";"93";"93007";"2";"2";"1";"3";"Avenue Aristide Briand / Avenue Vladimir Ilitch Lenine";"48,94545000";"2,45149000"
"202400045772";"26";"09";"2024";"10:31";"1";"30";"30339";"2";"1";"2";"1";"Avenue des Cevennes";"44,07887200";"3,64638800"
"202400045773";"12";"06";"2024";"19:00";"1";"93";"93078";"2";"2";"1";"3";"Avenue Georges Clémenceau / Avenue du Rêve";"48,95344078";"2,56258786"
"202400045774";"15";"07";"2024";"14:10";"1";"75";"75115";"2";"1";"1";"2";"PORTE DE SEVRES";"48,83331700";"2,27821600"
"202400045775";"20";"02";"2024";"17:40";"1";"77";"77146";"1";"1";"1";"5";"A4.Y";"48,83188847";"2,65003223"
"202400045776";"21";"08";"2024";"16:50";"1";"92";"92077";"2";"1";"1";"6";"RONCE (RUE DE LA)";"48,82267704";"2,19055831"
"202400045777";"15";"07";"2024";"09:20";"1";"75";"75117";"2";"1";"1";"2";"PORTE DE SAINT OUEN";"48,89944700";"2,31828400"
"202400045778";"26";"09";"2024";"11:30";"1";"987";"98734";"1";"1";"1";"1";"Pk 32, RT1";" -17,75265100";" -149,53592100"
"202400045779";"13";"06";"2024";"09:30";"1";"93";"93070";"2";"3";"1";"6";"Rue des Rosiers / Rue Gambetta";"48,90580300";"2,33653400"
"202400045780";"21";"08";"2024";"15:00";"1";"92";"92026";"2";"1";"1";"3";"SAINT DENIS BD (120 A 174 / 199 A 315)";"48,89799986";"2,26362772"
"202400045781";"20";"02";"2024";"09:08";"1";"94";"94073";"1";"1";"1";"4";"A86";"48,77093879";"2,38756083"
"202400045782";"15";"07";"2024";"02:20";"5";"75";"75112";"2";"1";"1";"6";"ECHANGEUR BERCY";"48,82723000";"2,39204900"
"202400045783";"13";"06";"2024";"15:00";"1";"93";"93050";"2";"1";"1";"7";"Rue Jacques Cartier";"48,86485000";"2,53899000"
"202400045784";"13";"06";"2024";"08:30";"1";"93";"93008";"2";"1";"1";"6";"Gare routière Bobigny-Pablo Picasso";"48,90736700";"2,44925000"
"202400045785";"18";"02";"2024";"23:30";"3";"94";"94017";"1";"1";"2";"2";"A4";"48,82967430";"2,49827109"
"202400045786";"21";"08";"2024";"17:45";"1";"92";"92024";"2";"3";"1";"3";"PUITS BERTIN (PASSAGE)";"48,90119333";"2,29354665"
"202400045787";"15";"07";"2024";"17:20";"1";"75";"75119";"2";"1";"1";"3";"AVENUE DE LAUMIERE";"48,88424700";"2,38017500"
"202400045788";"19";"09";"2024";"07:15";"2";"68";"68118";"2";"3";"1";"3";"D201";"47,73451434";"7,41711418"
"202400045789";"19";"02";"2024";"07:05";"5";"93";"93050";"2";"3";"1";"6";"Avenue Jean Jaures / Avenue Antonin Artaud ";"48,86260800";"2,54492800"
"202400045790";"12";"06";"2024";"22:20";"5";"93";"93005";"2";"2";"2";"3";"Rue de Sevran / Rue Jules Princet";"48,94025100";"2,50219700"
"202400045791";"21";"08";"2024";"18:05";"1";"92";"92014";"2";"2";"1";"1";"MARECHAL JOFFRE (BD DU) (43 A 97 - 58 A";"48,78308720";"2,31520736"
"202400045792";"14";"07";"2024";"01:00";"5";"75";"75118";"2";"3";"1";"1";"RUE GANNERON";"48,88881600";"2,32785800"
"202400045793";"22";"09";"2024";"12:40";"1";"13";"13097";"1";"1";"1";"2";"A54 (direction NIMES), PK 50+435, Péage de ST-MARTIN-DE-CRAU";"43,63823400";"4,85793700"
"202400045794";"19";"02";"2024";"11:25";"1";"75";"75120";"2";"2";"8";"6";"RUE DES PYRENEES";"48,85916600";"2,40214700"
"202400045795";"15";"07";"2024";"15:30";"1";"75";"75116";"2";"1";"1";"3";"AVENUE VICTOR HUGO";"48,87102600";"2,28853700"
"202400045796";"13";"06";"2024";"13:50";"1";"93";"93001";"2";"3";"1";"3";"Avenue de la République / Rue des Cités";"48,90773044";"2,38801534"
"202400045797";"26";"09";"2024";"07:43";"1";"972";"97224";"1";"1";"2";"6";"Route nationale 4 - Pont Rivière Blanche - Quartier Chapelle";"14,67508200";" -61,01853800"
"202400045798";"17";"08";"2024";"17:15";"1";"31";"31022";"2";"6";"1";"3";"9 Route de Paris";"43,66851200";"1,41161400"
"202400045799";"15";"07";"2024";"00:55";"5";"75";"75116";"2";"1";"1";"7";"AVENUE VICTOR HUGO";"48,86586600";"2,27637100"
"202400045800";"19";"02";"2024";"11:15";"1";"75";"75118";"2";"1";"2";"6";"RUE DE LA CHAPELLE";"48,89664000";"2,35918200"
"202400045801";"12";"06";"2024";"23:10";"5";"92";"92063";"2";"3";"1";"3";"CHATOU (PONT DE)";"48,88785110";"2,16557005"
"202400045802";"26";"09";"2024";"13:00";"1";"29";"29233";"2";"1";"2";"6";"1 Place Saint Michel";"47,87084300";" -3,54789600"