"Num_Acc";"jour";"mois";"an";"hrmn";"lum";"dep";"com";"agg";"int";"atm";"col";"adr";"lat";"long"
"202400045803";"15";"07";"2024";"14:44";"1";"75";"75111";"2";"1";"1";"3";"BOULEVARD VOLTAIRE";"48,86627400";"2,36590000"
"202400045804";"19";"02";"2024";"07:10";"1";"75";"75116";"2";"2";"1";"3";"BOULEVARD THIERRY DE MARTEL";"48,87820602";"2,28114116"
"202400045805";"13";"06";"2024";"09:30";"1";"92";"92062";"1";"3";"1";"2";"DE DION BOUTON (QUAI) DU 29 AU 65";"48,88554214";"2,25140047"
"202400045806";"24";"09";"2024";"18:00";"2";"77";"77126";"1";"1";"3";"6";"D405";"49,01876200";"2,95266200"
"202400045807";"15";"07";"2024";"22:00";"2";"75";"75107";"2";"1";"1";"6";"QUAI ANATOLE FRANCE";"48,85978200";"2,32850000"
"202400045808";"22";"08";"2024";"00:30";"3";"988";"98810";"1";"1";"1";"6";"Lieu-dit Troulala";" -20,64774400";"164,36012500"
"202400045809";"17";"02";"2024";"12:16";"1";"75";"75116";"2";"1";"1";"6";"ALLEE DU BORD DE L EAU";"48,86790000";"2,23416300"
"202400045810";"13";"06";"2024";"07:05";"1";"92";"92050";"2";"9";"1";"4";"PREMIER MAI RUE DU";"48,91825658";"2,22227919"
"202400045811";"15";"07";"2024";"18:28";"1";"75";"75107";"2";"2";"1";"6";"BOULEVARD RASPAIL";"48,85443400";"2,32589600"
"202400045812";"21";"08";"2024";"17:45";"2";"974";"97422";"2";"1";"1";"6";"Rue du Général de Gaulle";" -21,27458100";"55,51832300"
"202400045813";"26";"09";"2024";"16:28";"1";"77";"77465";"1";"9";"2";"3";"D123";"48,27409600";"2,93229800"
"202400045814";"19";"02";"2024";"15:55";"1";"75";"75113";"2";"3";"8";"6";"RUE NATIONALE";"48,82920400";"2,36514500"
"202400045815";"13";"06";"2024";"16:40";"1";"92";"92025";"2";"1";"1";"3";"BOURNARD (RUE DU)";"48,92293784";"2,25593605"
"202400045816";"27";"09";"2024";"16:35";"1";"77";"77508";"1";"1";"3";"1";"D21";"48,81663100";"2,85404800"
"202400045817";"19";"02";"2024";"18:25";"5";"75";"75112";"2";"1";"2";"3";"RUE DE BERCY";"48,84387400";"2,37315800"
"202400045818";"14";"07";"2024";"21:30";"2";"75";"75107";"2";"3";"1";"3";"QUAI D ORSAY";"48,86240600";"2,31044400"
"202400045819";"21";"08";"2024";"21:10";"4";"972";"97210";"1";"1";"1";"4";"D1";"14,62428200";" -60,91421100"
"202400045820";"12";"06";"2024";"14:05";"1";"92";"92025";"2";"1";"1";"1";"VALMY (BD DE)";"48,93089940";"2,25520442"
"202400045821";"26";"09";"2024";"18:35";"1";"34";"34157";"2";"1";"1";"6";"Chemin de l?Etang";"43,42633700";"3,61092400"
"202400045822";"19";"02";"2024";"09:29";"1";"75";"75112";"2";"1";"1";"7";"RUE DE REUILLY";"48,84164300";"2,39345100"
"202400045823";"15";"07";"2024";"12:10";"1";"75";"75101";"2";"2";"1";"3";"QUAI DE L HORLOGE";"48,85619000";"2,34647700"
"202400045824";"13";"06";"2024";"14:30";"1";"92";"92024";"2";"1";"1";"3";"GENNEVILLIERS (PONT DE)";"48,91094000";"2,31241000"
"202400045825";"21";"08";"2024";"15:33";"1";"972";"97225";"2";"1";"1";"6";"Rue Bouille";"14,74487900";" -61,17634900"
"202400045826";"15";"07";"2024";"16:00";"1";"94";"94052";"2";"1";"1";"6";"Boulevard Gambetta";"48,83577000";"2,47317000"
"202400045827";"27";"09";"2024";"09:50";"1";"05";"05053";"2";"1";"1";"1";"Avenue Leon Trinquier";"44,34796700";"5,76960300"
"202400045828";"19";"02";"2024";"11:11";"1";"75";"75111";"2";"2";"2";"3";"RUE MERLIN";"48,86099000";"2,38515700"
"202400045829";"19";"06";"2024";"20:05";"1";"92";"92023";"2";"1";"1";"2";"JEAN BAPTISTE CLEMENT (AVENUE)";"48,79224012";"2,26421392"
"202400045830";"15";"07";"2024";"19:00";"1";"94";"94003";"2";"1";"1";"6";"Avenue Laplace";"48,80822100";"2,33218400"
"202400045831";"21";"08";"2024";"16:50";"1";"59";"59653";"1";"1";"1";"2";"Rue Georges Clemenceau";"50,57008400";"2,96289700"
"202400045832";"13";"06";"2024";"08:45";"1";"92";"92012";"2";"1";"1";"1";"ALPHONSE LE GALLO (QUAI) 35/FIN";"48,83518248";"2,22559690"
"202400045833";"18";"02";"2024";"22:30";"5";"75";"75109";"2";"5";"1";"3";"BOULEVARD HAUSSMANN";"48,87293400";"2,33317100"
"202400045834";"26";"09";"2024";"17:34";"1";"71";"71394";"2";"3";"1";"3";"375 Route de Chalon";"46,48539600";"4,44208100"
"202400045835";"15";"07";"2024";"00:01";"5";"93";"93059";"2";"2";"1";"3";"Boulevard Jean Mermoz / Rue Guéroux";"48,96380000";"2,36070000"
"202400045836";"12";"06";"2024";"21:30";"1";"92";"92012";"2";"1";"1";"3";"ANDRE MORIZET (AVENUE) 1/47 - 2/52";"48,83652119";"2,23751825"
"202400045837";"22";"08";"2024";"11:55";"1";"85";"85259";"1";"2";"1";"3";"la Jouisière";"46,83538500";" -0,96651300"
"202400045838";"15";"02";"2024";"19:15";"5";"94";"94078";"2";"2";"1";"6";"Avenue des Fusillés / Rue de Balzac";"48,72872049";"2,44786003"
"202400045839";"27";"09";"2024";"10:40";"1";"38";"38507";"2";"9";"8";"6";"Rue des Ardennes";"45,73897900";"5,18385200"
"202400045840";"14";"06";"2024";"12:30";"1";"39";"39364";"2";"1";"1";"6";"1 Route Napoléon";"46,79754000";"5,83460900"
"202400045841";"15";"07";"2024";"19:00";"1";"93";"93066";"2";"2";"7";"6";"BASILIQUE (PROMENADE)";"48,94269100";"2,38474900"
"202400045842";"21";"08";"2024";"16:50";"1";"15";"15188";"1";"1";"2";"6";"A75";"45,01551700";"3,15262200"
"202400045843";"19";"02";"2024";"07:50";"1";"94";"94044";"2";"1";"8";"3";"Avenue Descartes";"48,74125000";"2,47720000"
"202400045844";"12";"06";"2024";"15:00";"1";"14";"14162";"1";"1";"1";"1";"18 Rue La Vauterie";"48,91383400";" -0,48922400"
"202400045845";"15";"07";"2024";"17:15";"1";"93";"93027";"2";"3";"1";"6";"Avenue Paul Vaillant-Couturier / Impasse Bloch Praeger";"48,92693000";"2,41743000"
"202400045846";"21";"08";"2024";"07:50";"1";"19";"19073";"2";"1";"1";"7";"Vieux Bouchard";"45,40986600";"2,06210900"
"202400045847";"19";"02";"2024";"16:10";"1";"94";"94003";"2";"3";"1";"6";"Rue Berthollet / Avenue Aristide Briand";"48,80571017";"2,32571223"
"202400045848";"14";"06";"2024";"08:45";"1";"51";"51583";"1";"9";"3";"1";"route départementale 16";"48,71501300";"4,94612800"
"202400045849";"26";"09";"2024";"07:58";"1";"38";"38364";"1";"1";"2";"1";"Route Departementale 1091";"45,05399200";"5,80013600"
"202400045850";"15";"07";"2024";"19:42";"1";"93";"93010";"2";"3";"1";"6";"Allee des Pensees / Allee des Orchidees";"48,90549885";"2,48410177"
"202400045851";"19";"02";"2024";"18:30";"5";"94";"94054";"2";"1";"1";"6";"Rue du Bas Marin";"48,75051000";"2,38879000"
"202400045852";"13";"06";"2024";"21:10";"2";"01";"01004";"2";"1";"1";"1";"Rue Jean de Paris";"45,95709500";"5,33041300"
"202400045853";"16";"08";"2024";"15:40";"1";"56";"56179";"1";"3";"2";"3";"Saint-Servais";"47,84056900";" -3,43624200"
"202400045854";"15";"07";"2024";"18:18";"1";"93";"93010";"2";"1";"1";"6";"Rue Jules Guesde";"48,90360904";"2,47739815"
"202400045855";"19";"02";"2024";"19:56";"5";"94";"94022";"2";"9";"1";"3";"Avenue Pablo Picasso / Rue Carnot";"48,76655000";"2,40921000"
"202400045856";"14";"06";"2024";"09:35";"1";"22";"22206";"1";"2";"1";"3";"Rue de Kervaux";"48,54660800";" -2,99456800"
"202400045857";"21";"08";"2024";"14:45";"1";"56";"56090";"1";"1";"1";"6";"Kersalo";"47,83815700";" -3,24014100"
"202400045858";"14";"06";"2024";"01:35";"3";"28";"28104";"1";"1";"2";"6";"PK049";"48,47569500";"1,61764000"
"202400045859";"15";"07";"2024";"06:00";"1";"93";"93005";"2";"3";"1";"1";"Avenue Suzanne Lenglen / Rue Calmette et Guerin";"48,95133594";"2,51377702"
"202400045860";"21";"09";"2024";"19:30";"2";"31";"31291";"1";"1";"8";"1";"Route de la Salvetat";"43,58813900";"1,25608100"
"202400045861";"21";"08";"2024";"22:15";"5";"59";"59546";"2";"1";"1";"6";"Rue des Moulins";"50,77314500";"2,55270700"
"202400045862";"12";"06";"2024";"12:25";"1";"972";"97229";"2";"1";"1";"2";"Route de l'Enclos";"14,61982800";" -61,10369900"
"202400045863";"18";"02";"2024";"16:30";"1";"92";"92072";"2";"1";"2";"6";"Pont de Sèvres";"48,82797559";"2,22542801"
"202400045864";"15";"07";"2024";"11:55";"1";"92";"92075";"2";"1";"1";"6";"REPUBLIQUE (RUE DE LA)";"48,81858000";"2,28514642"
"202400045865";"21";"08";"2024";"14:48";"1";"76";"76602";"1";"1";"1";"6";"D929";"49,67350900";"1,09955500"
"202400045866";"14";"06";"2024";"06:05";"1";"26";"26138";"1";"1";"1";"2";"A7";"44,37805000";"4,73237200"
"202400045867";"19";"02";"2024";"19:00";"5";"92";"92033";"2";"1";"1";"6";"PORTE JAUNE";"48,84287896";"2,19906789"
"202400045868";"22";"08";"2024";"10:08";"1";100;100050";"2";"1";"1";"6";"parking Christophe Colomb";"42,56810700";"8,75900800"
"202400045869";"24";"09";"2024";"17:15";"2";"33";"33238";"1";"3";"7";"3";"N/A";"44,74280500";" -0,57227100"
"202400045870";"14";"06";"2024";"03:30";"4";"44";"44158";"1";"1";"2";"1";"Route de Coueron";"47,26396700";" -1,76469500"
"202400045871";"15";"07";"2024";"11:33";"1";"92";"92063";"2";"6";"1";"3";"LECLERC DE HAUTECLOQUE (AVENUE DU MARECH";"48,85812230";"2,19383061"
"202400045872";"19";"02";"2024";"13:25";"1";"92";"92064";"2";"1";"8";"2";"DAILLY";"48,84434630";"2,22041202"
"202400045873";"12";"06";"2024";"10:30";"1";"62";"62473";"2";"6";"1";"3";"D187E1";"50,62577100";"2,44416600"
"202400045874";"15";"07";"2024";"15:50";"1";"92";"92044";"2";"1";"8";"6";"HUIT MAI 1945 (PLACE DU)";"48,89667966";"2,29832259"
"202400045875";"14";"06";"2024";"06:45";"2";"89";"89195";"1";"1";"2";"6";"Rue des Chaponnières";"48,14475700";"3,25203900"
"202400045876";"24";"09";"2024";"17:45";"1";"49";"49023";"2";"3";"1";"3";"Avenue du Pré Archer (Beaupréau)";"47,20590300";" -0,99229900"
"202400045877";"19";"02";"2024";"02:18";"5";"92";"92036";"1";"3";"1";"3";"SORTIE A 86";"48,93584091";"2,27972245"
"202400045878";"22";"08";"2024";"10:30";"1";"82";"82141";"2";"1";"1";"3";"Chemin de l’Amiral";"44,10561300";"0,93421600"
"202400045879";"19";"02";"2024";"01:00";"5";"92";"92036";"2";"1";"8";"6";"MARCEL PAUL (AVENUE) (52/102)";"48,94182203";"2,30305660"
"202400045880";"15";"07";"2024";"18:15";"1";"92";"92040";"2";"2";"1";"1";"GABRIEL PERI";"48,81734937";"2,27375293"
"202400045881";"13";"06";"2024";"15:15";"1";"51";"51312";"1";"1";"1";"1";"Route de matougues";"49,01686500";"4,25288900"
"202400045882";"19";"02";"2024";"19:35";"5";"92";"92004";"2";"1";"1";"3";"DIX HUIT JUIN 40 ( RUE DU )";"48,93145357";"2,27931923"
"202400045883";"22";"08";"2024";"10:30";"1";"33";"33485";"1";"1";"1";"6";"N/A";"44,83450200";" -0,10777100"
"202400045884";"23";"06";"2024";"01:20";"5";"92";"92026";"2";"1";"1";"6";"DUBONNET";"48,90201989";"2,26207785"
"202400045885";"14";"06";"2024";"14:55";"1";"56";"56033";"1";"1";"1";"5";"La Ferme du Boschet";"47,79287600";" -2,12940600"
"202400045886";"19";"02";"2024";"09:50";"1";"92";"92004";"2";"1";"8";"6";"HOTEL DE VILLE   ( PLACE )";"48,91029146";"2,28916571"
"202400045887";"13";"06";"2024";"19:32";"1";"79";"79094";"2";"1";"8";"7";"N/A";"46,71650400";" -0,40491200"
"202400045888";"21";"06";"2024";"16:30";"1";"92";"92026";"2";"1";"1";"3";"BEZONS  (DE 01 A 22)";"48,89364549";"2,25194961"
"202400045889";"26";"09";"2024";"23:19";"4";"59";"59323";"1";"6";"1";"1";"D934";"50,31570600";"3,62443700"
"202400045890";"15";"02";"2024";"12:45";"1";"60";"60350";"2";"1";"1";"3";"Rue de la Maladrerie";"49,58741800";"2,84394600"
"202400045891";"14";"07";"2024";"08:33";"1";"92";"92026";"2";"1";"1";"6";"SAINT DENIS BD (120 A 174 / 199 A 315)";"48,89904045";"2,26637252"
"202400045892";"13";"06";"2024";"20:15";"2";"79";"79355";"1";"1";"1";"5";"N/A";"46,33081000";" -0,37272000"
"202400045893";"21";"08";"2024";"18:00";"1";"63";"63148";"1";"3";"1";"6";"D224";"45,89315686";"3,20817411"
"202400045894";"19";"02";"2024";"07:15";"2";"35";"35363";"1";"1";"8";"2";"N137 pk 36.500 vers Rennes";"48,01716900";" -1,69112200"
"202400045895";"24";"09";"2024";"15:20";"1";"59";"59249";"1";"1";"2";"2";"65d Rue Théophile Legrand";"50,02765900";"4,03109600"
"202400045896";"14";"06";"2024";"13:30";"1";"65";"65465";"2";"1";"1";"7";"25 grande rue";"42,82860400";"0,32611900"
"202400045897";"19";"02";"2024";"15:15";"1";"22";"22025";"1";"1";"2";"7";"RD 787 ""les maes""";"48,42647400";" -3,38480800"
"202400045898";"23";"05";"2024";"11:00";"1";"92";"92024";"2";"1";"1";"6";"JEAN JAURES (BD) DE (1 A 45)   (2 A 54)";"48,90262339";"2,30412805"
"202400045899";"21";"08";"2024";"18:35";"1";"47";"47179";"2";"3";"1";"3";"intersection rue du lot et rue de la liberté";"44,48091800";"0,94554300"
"202400045900";"12";"06";"2024";"17:40";"1";"33";"33335";"1";"4";"1";"1";"N/A";"44,81051100";" -0,36819200"
"202400045901";"26";"09";"2024";"21:35";"3";"13";"13214";"1";"1";"1";"2";"A7-Sens Marseille vers Lyon";"43,32830000";"5,37818000"
"202400045902";"15";"07";"2024";"16:55";"1";"92";"92007";"2";"1";"1";"6";"RAVERA (AVENUE HENRI) N° 1 A 109 ET 2 A";"48,80024026";"2,30841793"
"202400045903";"22";"08";"2024";"09:15";"1";"47";"47089";"1";"2";"1";"3";"""Papin"",carrefour CD132/CD237";"44,70468300";"0,13998400"
"202400045904";"14";"07";"2024";"13:30";"1";"34";"34088";"1";"1";"1";"7";"D114";"43,57944700";"3,66646700"
"202400045905";"14";"06";"2024";"18:10";"1";"32";"32169";"1";"2";"1";"3";"D929";"43,47071300";"0,58362700"
"202400045906";"15";"07";"2024";"09:40";"1";"60";"60587";"2";"1";"1";"6";"26 Rue de l'Eglise";"49,34744500";"2,59509100"
"202400045907";"25";"09";"2024";"16:30";"1";"83";"83137";"1";"1";"1";"4";"A50 SORTIE TUNNEL TUBE SUD";"43,12783311";"5,92513960"
"202400045908";"22";"08";"2024";"14:18";"1";"47";"47004";"1";"3";"1";"3";"D813";"44,27477800";"0,33574800"
"202400045909";"13";"06";"2024";"17:45";"1";"61";"61156";"1";"2";"1";"3";"D214";"48,55717800";"0,27029600"
"202400045910";"14";"07";"2024";"16:45";"1";"39";"39331";"1";"1";"1";"1";"N/A";"46,79242800";"6,11501800"
"202400045911";"23";"09";"2024";"12:40";"1";"33";"33122";"1";"1";"1";"2";"N/A";"44,74650000";" -0,70069000"
"202400045912";"16";"07";"2024";"11:10";"1";"21";"21016";"1";"1";"1";"7";"A31 pk 050.700";"47,37531800";"5,16633400"
"202400045913";"31";"10";"2024";"20:50";"3";"91";"91377";"1";"1";"2";"4";"AUTOROUTE A10";"48,72561300";"2,30104068"
"202400045914";"22";"08";"2024";"08:10";"1";"68";"68082";"1";"1";"1";"3";"D201";"47,83282000";"7,38013000"
"202400045915";"14";"06";"2024";"18:30";"1";"42";"42181";"1";"1";"1";"1";"Route de Roanne";"45,98822600";"4,20660500"
"202400045916";"31";"10";"2024";"08:33";"1";"91";"91161";"1";"1";"1";"3";"AUTOROUTE A6";"48,69734000";"2,31556000"
"202400045917";"15";"07";"2024";"12:00";"1";"35";"35085";"2";"3";"1";"2";"Avenue du General de Gaulle";"48,41701800";" -1,75540900"
"202400045918";"26";"09";"2024";"09:30";"1";"59";"59566";"1";"1";"2";"2";"AUTOROUTE A25";"50,62236000";"2,96883000"
"202400045919";"19";"08";"2024";"17:20";"1";"44";"44025";"1";"1";"1";"2";"La Forge Herve";"47,38877800";" -1,94079300"
"202400045920";"16";"05";"2024";"16:50";"1";"42";"42222";"2";"1";"1";"4";"48 Avenue Jean Monnet";"45,58411600";"4,30919100"
"202400045921";"15";"07";"2024";"11:50";"1";"86";"86126";"2";"1";"1";"1";"Lieu Dit les Chaumes";"46,51204800";"0,76425800"
"202400045922";"21";"08";"2024";"11:00";"1";"31";"31066";"2";"1";"1";"6";"Esplanade Bellecourt";"43,79990100";"1,60779900"
"202400045923";"12";"06";"2024";"18:15";"1";"46";"46170";"2";"1";"1";"3";"Rue Principale";"44,78480142";"1,90079063"
"202400045924";"12";"07";"2024";"15:05";"1";"35";"35272";"1";"2";"1";"3";"Lieu Dit la Peuterie";"48,00940600";" -1,19634000"
"202400045925";"21";"08";"2024";"17:45";"1";"38";"38300";"1";"1";"1";"7";"D157";"45,35700500";"5,19162400"
"202400045926";"30";"10";"2024";"19:40";"3";"78";"78640";"1";"1";"1";"2";"N118";"48,77376500";"2,22374900"
"202400045927";"13";"06";"2024";"12:05";"1";"47";"47052";"2";"3";"1";"1";"carefour D933d/D252e";"44,32163700";"0,08126800"
"202400045928";"13";"07";"2024";"18:30";"1";"41";"41288";"1";"1";"1";"6";"A10 PK144.000";"47,65916042";"1,38278235"
"202400045929";"25";"09";"2024";"19:35";"3";"92";"92036";"1";"1";"2";"4";"A86";"48,93459097";"2,26845903"
"202400045930";"30";"10";"2024";"22:05";"3";"78";"78029";"1";"1";"1";"3";"A13W";"48,96558000";"1,84914000"
"202400045931";"15";"07";"2024";"16:15";"1";"72";"72231";"1";"1";"1";"1";"D250 à hauteur du lieu-dit Le Pavillon";"47,94171900";"0,29986000"
"202400045932";"13";"06";"2024";"15:00";"1";"34";"34085";"1";"1";"1";"3";"D15";"43,45246100";"3,26960700"
"202400045933";"22";"08";"2024";"12:25";"1";"02";"02295";"1";"1";"1";"1";"N/A";"49,90540100";"3,99050500"
"202400045934";"25";"09";"2024";"17:28";"1";"78";"78640";"1";"1";"3";"1";"RN12 INT";"48,78148100";"2,16822600"
"202400045935";"14";"06";"2024";"15:00";"1";"39";"39252";"1";"1";"1";"1";"N/A";"47,03485900";"5,45489200"
"202400045936";"22";"08";"2024";"15:45";"1";"02";"02164";"1";"1";"1";"6";"N/A";"49,12039300";"3,53167500"
"202400045937";"14";"06";"2024";"11:05";"1";"44";"44043";"2";"1";"1";"6";"Route du Nid d’Oie";"47,08973100";" -1,28430100"
"202400045938";"25";"09";"2024";"12:10";"1";"91";"91534";"1";"1";"2";"6";"N118";"48,71909043";"2,16981898"
"202400045939";"15";"07";"2024";"14:30";"1";"51";"51165";"1";"1";"1";"4";"N4";"48,73726341";"3,94251421"
"202400045940";"21";"08";"2024";"23:00";"3";"15";"15152";"1";"1";"1";"6";"RD 57";"44,95099700";"2,81987900"
"202400045941";"30";"10";"2024";"20:37";"3";"92";"92036";"1";"1";"1";"4";"RN315 Y";"48,92997970";"2,30228269"
"202400045942";"13";"06";"2024";"11:12";"1";"29";"29277";"2";"1";"2";"6";"Place Charles de Gaulle";"48,40572142";" -4,07753187"
"202400045943";"22";"08";"2024";"03:15";"5";"06";"06059";"2";"1";"1";"7";"22 avenue de la liberté";"43,71878000";"7,35086200"
"202400045944";"27";"06";"2024";"22:55";"5";"51";"51660";"2";"1";"1";"1";"6 Rue de Ragonet";"49,34505400";"4,21919000"
"202400045945";"12";"06";"2024";"19:00";"1";"31";"31341";"2";"1";"1";"6";"862 Route de Larra";"43,71907100";"1,28400000"
"202400045946";"25";"09";"2024";"09:35";"1";"78";"78073";"1";"1";"2";"2";"N12Y";"48,79887200";"2,00032100"
"202400045947";"30";"10";"2024";"18:00";"3";"92";"92036";"1";"1";"1";"2";"A86";"48,93529046";"2,28393225"
"202400045948";"22";"08";"2024";"11:20";"1";"50";"50111";"1";"1";"1";"7";"la Bergerie";"49,03376700";" -1,24251700"
"202400045949";"14";"07";"2024";"23:00";"3";"56";"56243";"2";"1";"1";"6";"40 Route du Gouavert";"47,61746400";" -2,73015700"
"202400045950";"25";"09";"2024";"08:25";"1";"95";"95394";"1";"1";"2";"2";"N184";"49,05164755";"2,18360954"
"202400045951";"22";"08";"2024";"10:45";"1";"43";"43236";"2";"1";"1";"7";"Lieu dit chaplat";"45,28543700";"4,26477100"
"202400045952";"14";"06";"2024";"15:05";"1";"54";"54069";"1";"1";"1";"6";"D906";"49,39794600";"5,92317600"
"202400045953";"31";"10";"2024";"18:30";"3";"93";"93066";"1";"1";"1";"5";"AUTOROUTE A1";"48,91936344";"2,35754643"
"202400045954";"13";"07";"2024";"12:45";"1";100;100251";"1";"1";"1";"1";"CD 345";"42,00853700";"9,34724100"
"202400045955";"14";"06";"2024";"18:25";"1";"72";"72322";"1";"1";"2";"7";"D7";"48,16568100";"0,82948900"
"202400045956";"26";"09";"2024";"20:35";"3";"77";"77249";"1";"1";"1";"6";"A104";"48,72957631";"2,60792961"
"202400045957";"22";"08";"2024";"07:20";"1";"10";"10371";"1";"1";"1";"1";"D72";"48,16530700";"3,97243400"
"202400045958";"15";"07";"2024";"22:30";"3";"71";"71143";"1";"1";"2";"7";"D12";"46,47272200";"5,28354400"
"202400045959";"14";"06";"2024";"17:00";"1";"50";"50550";"1";"1";"1";"7";"la rihouerie de haut";"49,11523800";" -1,37038900"
"202400045960";"31";"10";"2024";"15:15";"1";"93";"93005";"1";"1";"1";"4";"AUTOROUTE A3";"48,96017102";"2,47352704"
"202400045961";"16";"07";"2024";"11:20";"1";"89";"89460";"1";"1";"1";"6";"D606";"48,34183200";"3,05449400"
"202400045962";"13";"06";"2024";"17:00";"1";"50";"50109";"2";"1";"2";"6";"40 Rue Principale";"48,91520600";" -1,43708500"
"202400045963";"26";"09";"2024";"09:30";"1";"94";"94017";"1";"1";"1";"2";"A4";"48,82665078";"2,51617424"
"202400045964";"21";"08";"2024";"18:20";"1";"36";"36025";"2";"1";"1";"6";"Rue du Château";"46,55743127";"2,02327509"
"202400045965";"14";"07";"2024";"16:45";"1";"61";"61007";"2";"1";"1";"6";"Parc de stationnement ouvert à la circulation public";"48,80971800";" -0,49771600"
"202400045966";"13";"06";"2024";"16:15";"1";"09";"09307";"1";"1";"1";"7";"D3";"43,06171600";"1,10283900"
"202400045967";"31";"10";"2024";"14:00";"1";"93";"93008";"1";"1";"8";"4";"AUTOROUTE A86";"48,91117382";"2,44075119"
"202400045968";"25";"09";"2024";"02:50";"3";"94";"94011";"1";"1";"2";"6";"N406";"48,75893965";"2,48343606"
"202400045969";"4";"12";"2024";"17:30";"5";"34";"34172";"2";"1";"1";"6";"DELMAS (RUE)";"43,62591000";"3,89495000"
"202400045970";"20";"08";"2024";"21:59";"3";"87";"87205";"1";"1";"1";"5";"La Gratade (Restaurant)";"45,76782200";"1,29117300"
"202400045971";"16";"07";"2024";"00:40";"3";"12";"12188";"1";"1";"9";"6";"Ricaumels";"44,24193099";"2,76331139"
"202400045972";"31";"10";"2024";"04:30";"3";"93";"93064";"1";"1";"1";"7";"AUTOROUTE A86";"48,87029830";"2,48239308"
"202400045973";"13";"06";"2024";"14:50";"1";"64";"64526";"2";"6";"1";"1";"D817";"43,26409700";" -0,18225600"
"202400045974";"15";"07";"2024";"12:20";"1";"47";"47214";"1";"1";"2";"6";"Saint-christophe";"44,34734000";"0,27808300"
"202400045975";"28";"10";"2024";"13:35";"1";"92";"92078";"1";"1";"1";"2";"AUTOROUTE A86";"48,92735069";"2,33329967"
"202400045976";"21";"08";"2024";"15:35";"1";"48";"48075";"1";"9";"1";"1";"D31";"44,38629300";"3,51800700"
"202400045977";"29";"06";"2024";"19:00";"1";"29";"29051";"1";"1";"1";"7";"CORAY ROUTE DE";"48,00214232";" -4,04441387"
"202400045978";"14";"06";"2024";"13:00";"1";"16";"16375";"1";"1";"2";"1";"N/A";"45,85627000";"0,51082100"
"202400045979";"6";"12";"2024";"12:45";"1";"33";"33550";"2";"1";"1";"1";"N/A";"44,80179000";" -0,57095200"
"202400045980";"16";"07";"2024";"01:00";"3";"29";"29004";"1";"1";"1";"7";"Loge Nahennou";"47,91154500";" -3,67616400"
"202400045981";"30";"04";"2024";"12:05";"1";"32";"32013";"2";"1";"1";"3";"SADI-CARNOT (BOULEVARD)";"43,64156000";"0,58581000"
"202400045982";"21";"08";"2024";"12:27";"1";"13";"13044";"1";"1";"1";"2";"N569";"43,61970800";"5,01490300"
"202400045983";"6";"12";"2024";"15:30";"1";"33";"33550";"2";"1";"1";"6";"PCE ARISTIDE BRIAND";"44,78182000";" -0,56744000"
"202400045984";"13";"06";"2024";"07:30";"2";"16";"16379";"1";"2";"7";"3";"N/A";"45,79613000";"0,39559400"
"202400045985";"16";"09";"2024";"19:45";"2";"44";"44109";"2";"1";"1";"2";"64 Quai de la Fosse";"47,20950063";" -1,56517815"
"202400045986";"30";"10";"2024";"11:30";"1";"974";"97411";"2";"1";"1";"6";"FURCREAS (CHEMIN DES)";" -20,89865000";"55,41034000"
"202400045987";"21";"08";"2024";"16:45";"1";"01";"01181";"1";"1";"1";"6";"A404";"46,21622800";"5,60642000"
"202400045988";"10";"06";"2024";"22:23";"3";"40";"40248";"2";"1";"1";"6";"Route des 5 Cantons";"43,56508100";" -1,36115100"
"202400045989";"6";"12";"2024";"13:31";"1";"26";"26198";"1";"1";"1";"1";"Route du Teil";"44,55323879";"4,70945525"
"202400045990";"15";"07";"2024";"17:45";"1";"29";"29015";"1";"2";"1";"4";"Lieu Dit Kervern Huella";"48,46795942";" -4,51890535"
"202400045991";"30";"10";"2024";"10:39";"1";"973";"97302";"1";"1";"1";"7";"ROUTE NATIONALE 1";"4,89720000";" -52,32826000"
"202400045992";"6";"06";"2024";"08:10";"1";"74";"74104";"1";"3";"1";"3";"455 Route de la vieille église";"45,78354800";"6,22557100"
"202400045993";"21";"08";"2024";"12:00";"1";"68";"68300";"1";"1";"1";"7";"A 36 pk 111.600";"47,78518277";"7,41526792"
"202400045994";"14";"06";"2024";"16:15";"1";"24";"24573";"2";"1";"2";"6";"Avenue d'Aquitaine";"45,34730800";"0,36686200"
"202400045995";"29";"10";"2024";"06:30";"1";"971";"97120";"2";"1";"1";"3";"RASPAIL";"16,23131000";" -61,53219000"
"202400045996";"6";"12";"2024";"23:49";"3";"15";"15014";"2";"3";"2";"3";"Rue de la Cère";"44,90740000";"2,43750000"
"202400045997";"16";"07";"2024";"10:25";"1";"38";"38198";"1";"9";"1";"3";"Route Departementale 519F";"45,33857800";"4,95364800"
"202400045998";"13";"06";"2024";"17:00";"1";"30";"30228";"1";"2";"1";"3";"D418";"43,94230900";"4,32196100"
"202400045999";"22";"08";"2024";"14:55";"1";"33";"33498";"1";"1";"1";"2";"N/A";"44,55388800";" -0,83182800"