"Num_Acc";"jour";"mois";"an";"hrmn";"lum";"dep";"com";"agg";"int";"atm";"col";"adr";"lat";"long"
"202400046196";"28";"10";"2024";"18:25";"5";"34";"34003";"2";"1";"1";"6";"SETE ( ROUTE)";"43,30864000";"3,48989000"
"202400046197";"20";"08";"2024";"20:30";"1";"91";"91027";"2";"3";"2";"3";"AV DE MORANGIS";"48,70557400";"2,36331100"
"202400046198";"6";"12";"2024";"18:50";"5";"92";"92078";"2";"3";"1";"3";"GALLIENI (BD) (153 ET 225)";"48,93454214";"2,33284235"
"202400046199";"30";"10";"2024";"10:55";"1";"32";"32013";"2";"1";"1";"2";"AGEN (ROUTE D')";"43,65836000";"0,59781000"
"202400046200";"25";"09";"2024";"16:50";"1";"54";"54547";"2";"6";"1";"3";"Rue de Malines";"48,66307600";"6,17244300"
"202400046201";"19";"08";"2024";"22:25";"5";"87";"87085";"2";"3";"1";"3";"FOCH (RUE DU MARECHAL)";"45,84700000";"1,23385000"
"202400046202";"6";"12";"2024";"17:20";"3";"92";"92047";"2";"3";"1";"3";"REPUBLIQUE";"48,83769502";"2,16421232"
"202400046203";"25";"09";"2024";"07:15";"1";"54";"54395";"2";"1";"1";"3";"Boulevard du 26e Régiment d'Infanterie";"48,69699000";"6,18909000"
"202400046204";"19";"08";"2024";"15:15";"1";"87";"87085";"2";"1";"1";"6";"DUTREIX (RUE ARMAND)";"45,83151000";"1,24095000"
"202400046205";"30";"10";"2024";"19:45";"3";"22";"22215";"1";"3";"1";"5";"D 45";"48,48737000";" -2,82702000"
"202400046206";"6";"12";"2024";"15:40";"1";"92";"92050";"2";"1";"1";"3";"HANRIOT FRANCOIS RUE";"48,90246354";"2,22110599"
"202400046207";"24";"09";"2024";"17:25";"1";"54";"54547";"2";"2";"1";"4";"Boulevard de l'Europe";"48,65451339";"6,17876351"
"202400046208";"6";"12";"2024";"00:01";"5";"92";"92049";"2";"7";"3";"6";"PERI RUE GABRIEL N°37 A 99";"48,81830231";"2,32085019"
"202400046209";"20";"08";"2024";"09:40";"1";"83";"83126";"2";"1";"1";"1";"PARADIS (CHEMIN DE)";"43,08652406";"5,85992777"
"202400046210";"5";"09";"2024";"16:40";"1";"19";"19272";"2";"1";"1";"6";"Ventadour (Av)";"45,27377274";"1,77672371"
"202400046211";"24";"09";"2024";"11:25";"1";"54";"54395";"2";"1";"2";"3";"Rue Marcel Brot";"48,67716200";"6,20537800"
"202400046212";"4";"12";"2024";"18:45";"5";"92";"92020";"2";"2";"1";"6";"VERDUN AVENUE DE N°1 A 45";"48,80251797";"2,28616923"
"202400046213";"30";"10";"2024";"15:10";"1";"18";"18213";"1";"1";"1";"1";"N/A";"47,10218000";"2,44244000"
"202400046214";"20";"08";"2024";"21:33";"5";"81";"81163";"2";"3";"1";"3";"JUIN (MARECHAL)";"43,50711000";"2,37820000"
"202400046215";"25";"09";"2024";"07:00";"3";"54";"54323";"2";"1";"1";"3";"D618";"49,51739849";"5,74793100"
"202400046216";"6";"12";"2024";"11:50";"1";"92";"92040";"2";"2";"1";"1";"PAIX (AVENUE DE LA)";"48,81662434";"2,27502331"
"202400046217";"30";"10";"2024";"14:10";"1";"17";"17300";"2";"1";"1";"6";"RAMBAUD   RUE";"46,16351000";" -1,15454000"
"202400046218";"19";"08";"2024";"11:40";"1";"80";"80021";"2";"2";"1";"5";"Boulevard Faidherbe";"49,89657533";"2,28888720"
"202400046219";"20";"09";"2024";"22:05";"3";"50";"50129";"2";"1";"1";"6";"de la Banque à Genets (Avenue)";"49,60366000";" -1,60740000"
"202400046220";"6";"12";"2024";"00:45";"5";"92";"92026";"2";"2";"2";"3";"LOUIS BLANC ( RUE )";"48,89101627";"2,25192100"
"202400046221";"30";"10";"2024";"18:25";"5";"14";"14220";"2";"1";"1";"6";"Avenue de la République";"49,35987000";"0,08162000"
"202400046222";"2";"07";"2024";"17:10";"1";"76";"76212";"2";"1";"1";"6";"Rue Pierre Lefebvre";"49,44302000";"1,14728000"
"202400046223";"25";"09";"2024";"17:30";"1";"49";"49267";"2";"1";"2";"3";"Route d'ANGERS";"47,47049000";" -0,51591000"
"202400046224";"6";"12";"2024";"22:10";"5";"92";"92024";"2";"1";"1";"3";"VICTOR HUGO (BD)";"48,89902766";"2,31303155"
"202400046225";"30";"10";"2024";"20:30";"5";"13";"13211";"2";"1";"1";"2";"MIRELLE LAUZE (BOULEVARD)";"43,28818240";"5,43463229"
"202400046226";"20";"08";"2024";"11:50";"1";"72";"72181";"2";"2";"1";"2";"JAURES JEAN (AV) N° PAIRS 60 ET >";"47,98605000";"0,20894000"
"202400046227";"6";"12";"2024";"13:00";"1";"92";"92071";"2";"1";"1";"3";"FONTENAY (RUE DE)";"48,78040000";"2,29263000"
"202400046228";"25";"09";"2024";"19:05";"1";"47";"47001";"2";"2";"1";"6";"GAMBETTA (COURS)";"44,20206072";"0,61190951"
"202400046229";"30";"10";"2024";"01:35";"5";"13";"13203";"2";"1";"1";"3";"GÉNÉRAL LECLERC (RUE)";"43,30408805";"5,37805974"
"202400046230";"3";"12";"2024";"17:10";"5";"92";"92004";"2";"1";"1";"5";"PONT DE GENNEVILLIERS";"48,91524989";"2,30962470"
"202400046231";"24";"09";"2024";"14:03";"1";"45";"45208";"2";"1";"7";"6";"40 Rue de l’Europe";"47,99403000";"2,74085000"
"202400046232";"21";"08";"2024";"00:20";"5";"69";"69264";"2";"9";"1";"5";"Boulevard Louis Blanc";"45,98956000";"4,72162000"
"202400046233";"30";"09";"2024";"18:45";"5";"13";"13005";"2";"9";"1";"1";"PASTRE (AVENUE)";"43,29371620";"5,59466551"
"202400046234";"6";"12";"2024";"13:40";"1";"01";"01290";"1";"1";"1";"1";"D65b";"45,86369700";"5,18231200"
"202400046235";"24";"09";"2024";"18:07";"1";"44";"44143";"2";"1";"7";"6";"10 Rue Ordronneau";"47,19355000";" -1,57659000"
"202400046236";"7";"12";"2024";"06:25";"4";"83";"83072";"1";"1";"1";"6";"D562";"43,48355068";"6,33359642"
"202400046237";"30";"10";"2024";"21:10";"5";"13";"13001";"2";"3";"1";"1";"MOURET HENRI (AV)";"43,51968000";"5,43473000"
"202400046238";"19";"08";"2024";"13:30";"1";"69";"69259";"2";"2";"1";"3";"Avenue Viviani";"45,72345000";"4,87448000"
"202400046239";"7";"12";"2024";"20:00";"5";"95";"95487";"2";"1";"2";"3";"D78";"49,14976600";"2,27881600"
"202400046240";"23";"09";"2024";"16:40";"1";"39";"39300";"2";"2";"1";"6";"Boulevard Théodore Vernier";"46,67929800";"5,57268900"
"202400046241";"20";"08";"2024";"16:30";"1";"67";"67365";"2";"3";"1";"3";"BOHRIE (ALLEE DU)";"48,55149862";"7,70618498"
"202400046242";"29";"10";"2024";"08:10";"2";"10";"10387";"2";"6";"1";"3";"GEORGES POMPIDOU (RUE)";"48,29659000";"4,09449000"
"202400046243";"6";"12";"2024";"23:30";"3";"28";"28425";"1";"1";"1";"2";"A11 au PK042.200";"48,50426500";"1,70728000"
"202400046244";"25";"09";"2024";"10:15";"1";"37";"37261";"2";"3";"2";"6";"PLAT D'ETAIN (RUE DU)";"47,38296524";"0,66838762"
"202400046245";"30";"10";"2024";"11:20";"1";"06";"06027";"2";"1";"1";"6";"Allée des Tilleuls";"43,66084000";"7,15313000"
"202400046246";"7";"12";"2024";"08:30";"1";"974";"97404";"1";"1";"1";"7";"405bis Chemin Charbonnier";" -21,23766600";"55,37779000"
"202400046247";"19";"08";"2024";"18:10";"1";"64";"64269";"2";"4";"1";"2";"BEAUMONT DE";"43,28969000";" -0,31171000"
"202400046248";"30";"10";"2024";"20:30";"5";"75";"75113";"2";"1";"1";"7";"BD PERIPHERIQUE EXTERIEUR";"48,81735800";"2,34946600"
"202400046249";"24";"09";"2024";"16:35";"1";"37";"37261";"2";"1";"1";"6";"PAS NOTRE-DAME (RUE DU)";"47,41515000";"0,69681000"
"202400046250";"6";"12";"2024";"14:00";"1";"972";"97222";"1";"1";"1";"4";"Augrain Sud";"14,66961700";" -60,95998600"
"202400046251";"20";"08";"2024";"15:15";"1";"64";"64122";"2";"1";"1";"3";"VERDUN (AVENUE DE)";"43,48181766";" -1,55588239"
"202400046252";"30";"10";"2024";"19:20";"5";"75";"75113";"2";"1";"1";"3";"BD PERIPHERIQUE INTERIEUR";"48,82424300";"2,38326100"
"202400046253";"6";"12";"2024";"08:16";"1";"21";"21485";"1";"1";"1";"2";"A38";"47,33694131";"4,96697320"
"202400046254";"25";"09";"2024";"18:30";"1";"36";"36044";"1";"1";"2";"2";"N/A";"46,79331000";"1,71689000"
"202400046255";"20";"08";"2024";"11:45";"1";"63";"63014";"2";"1";"1";"6";"ROUSSILLON (AVENUE DU)--RM2009";"45,74427000";"3,13841000"
"202400046256";"30";"10";"2024";"11:40";"1";"75";"75118";"2";"1";"1";"1";"RUE CAULAINCOURT";"48,88530300";"2,33067600"
"202400046257";"29";"11";"2024";"18:34";"5";"01";"01033";"2";"3";"1";"3";"avenue maréchal leclerc  (Bellegarde-sur-Valserine)";"46,11648000";"5,80951500"
"202400046258";"15";"08";"2024";"15:50";"1";"62";"62765";"2";"1";"1";"2";"D209";"50,76120878";"2,28315297"
"202400046259";"30";"10";"2024";"17:20";"2";"75";"75116";"2";"1";"1";"2";"QUAI SAINT EXUPERY";"48,83548900";"2,26279200"
"202400046260";"25";"09";"2024";"09:15";"1";"34";"34172";"2";"9";"1";"3";"LODEVE (AVENUE DE";"43,61019200";"3,85322200"
"202400046261";"6";"12";"2024";"13:45";"1";"974";"97413";"2";"3";"1";"1";"Rue du Faham";" -21,19097900";"55,30382900"
"202400046262";"19";"08";"2024";"15:00";"1";"62";"62427";"2";"1";"1";"6";"Boulevard Gabriel Péri";"50,41956000";"2,94400000"
"202400046263";"30";"10";"2024";"08:10";"1";"75";"75114";"2";"1";"1";"3";"BOULEVARD BRUNE";"48,82739200";"2,30717500"
"202400046264";"18";"08";"2024";"23:30";"5";"62";"62570";"2";"1";"1";"6";"Rue de l'Yonne";"50,41082000";"2,88971000"
"202400046265";"25";"09";"2024";"07:35";"1";"13";"13001";"2";"9";"1";"3";"MONNET JEAN (AV)";"43,53000000";"5,42000000"
"202400046266";"30";"10";"2024";"12:15";"1";"75";"75113";"2";"3";"1";"7";"AVENUE D ITALIE";"48,81976900";"2,35934900"
"202400046267";"20";"08";"2024";"13:25";"1";"59";"59279";"2";"9";"3";"3";"LEMIRE (RUE DE L'ABBE)";"50,78798000";"3,13826000"
"202400046268";"25";"09";"2024";"08:50";"1";"09";"09122";"2";"1";"1";"1";"BOUYCHERES (COURS)";"42,96489300";"1,61076700"
"202400046269";"30";"10";"2024";"10:38";"1";"75";"75111";"2";"3";"1";"3";"BOULEVARD VOLTAIRE";"48,85536800";"2,38433800"
"202400046270";"6";"12";"2024";"21:50";"3";"974";"97413";"1";"1";"1";"5";"N1";" -21,23166700";"55,31152200"
"202400046271";"20";"08";"2024";"09:15";"1";"56";"56260";"2";"6";"3";"3";"Avenue Édouard Herriot";"47,65522000";" -2,73964000"
"202400046272";"25";"09";"2024";"10:49";"1";"06";"06088";"2";"1";"1";"3";"ANGLAIS PLAGE (DU 265 AU 350)";"43,67597000";"7,22817000"
"202400046273";"30";"10";"2024";"08:25";"1";"94";"94068";"2";"1";"8";"6";"Avenue Jean Jaurès";"48,79071000";"2,47994000"
"202400046274";"5";"12";"2024";"17:35";"3";"89";"89398";"1";"1";"3";"1";"D34";"48,10214400";"3,77086400"
"202400046275";"20";"08";"2024";"15:20";"1";"54";"54395";"2";"3";"1";"3";"Rue de Remenauville";"48,68551612";"6,20006830"
"202400046276";"24";"09";"2024";"20:20";"5";"06";"06027";"2";"1";"1";"3";"27 Boulevard du Maréchal Alphonse Juin";"43,65941100";"7,15066800"
"202400046277";"30";"10";"2024";"11:45";"1";"94";"94068";"2";"3";"1";"3";"Rue du Pont de Créteil";"48,80588000";"2,47125000"
"202400046278";"7";"12";"2024";"01:00";"3";"63";"63055";"1";"1";"2";"6";"D941";"45,83362800";"2,83187600"
"202400046279";"20";"08";"2024";"01:09";"5";"54";"54025";"2";"1";"1";"6";"Rue du Faubourg Saint-Phlin";"48,65191924";"6,27026975"
"202400046280";"6";"12";"2024";"09:20";"1";"61";"61116";"2";"1";"7";"6";"13 Place du Général de Gaulle";"48,38008100";"0,85016400"
"202400046281";"24";"09";"2024";"17:55";"1";"01";"01451";"2";"9";"1";"3";"PARIS (ROUTE DE)";"46,22218000";"5,20893000"
"202400046282";"30";"10";"2024";"15:40";"1";"93";"93073";"2";"2";"1";"3";"CHAPIT RE ( RUE DU)";"49,00354000";"2,56167000"
"202400046283";"6";"12";"2024";"10:45";"1";"35";"35018";"1";"1";"1";"3";"La Ruedeveillais";"48,42430200";" -1,12588400"
"202400046284";"20";"08";"2024";"08:24";"1";"51";"51454";"2";"4";"1";"7";"MIDOL (RUE HENRI)";"49,26289000";"4,00372000"
"202400046285";"24";"09";"2024";"18:30";"1";"75";"75119";"2";"1";"2";"3";"BD PERIPHERIQUE INTERIEUR";"48,90026000";"2,39021900"
"202400046286";"30";"10";"2024";"15:10";"1";"93";"93066";"2";"1";"1";"6";"BASILIQUE (PROMENADE)";"48,94211295";"2,38251177"
"202400046287";"26";"11";"2024";"09:50";"1";"38";"38399";"2";"2";"1";"3";"D522";"45,50294100";"5,15291000"
"202400046288";"19";"08";"2024";"22:00";"5";"50";"50129";"2";"3";"1";"7";"BREMERHAVEN (AVENUE DE)";"49,63084000";" -1,60456000"
"202400046289";"24";"09";"2024";"10:30";"1";"75";"75120";"2";"1";"2";"6";"BOULEVARD DE MENILMONTANT";"48,85892800";"2,38952200"
"202400046290";"7";"12";"2024";"11:39";"1";"38";"38171";"1";"3";"3";"3";"Route de Saint Paul";"45,29549500";"5,40303400"
"202400046291";"20";"08";"2024";"10:40";"1";"47";"47001";"2";"2";"1";"3";"BARBUSSE (AV. HENRI)";"44,20710000";"0,63984000"
"202400046292";"30";"10";"2024";"00:15";"5";"93";"93066";"2";"8";"1";"5";"MECHIN";"48,93590000";"2,34200000"
"202400046293";"7";"12";"2024";"13:45";"1";"03";"03239";"1";"1";"2";"7";"D167";"46,42317100";"3,95313600"
"202400046294";"25";"09";"2024";"22:15";"5";"75";"75119";"2";"2";"3";"6";"RUE DE L OURCQ";"48,88936100";"2,38368900"
"202400046295";"19";"08";"2024";"15:40";"1";"47";"47001";"2";"1";"1";"1";"RIQUET (RUE PIERRE-PAUL DE)";"44,21254497";"0,64475496"
"202400046296";"30";"10";"2024";"18:00";"3";"93";"93010";"2";"2";"1";"3";"FOSSE AUX BERGERS (RUE DE LA)";"48,88933000";"2,49556000"
"202400046297";"6";"12";"2024";"17:30";"5";"14";"14348";"1";"3";"1";"3";"23 Route de Caen";"49,16241600";" -0,61488800"
"202400046298";"25";"09";"2024";"12:40";"1";"75";"75119";"2";"2";"2";"7";"RUE PETIT";"48,88477800";"2,38125900"
"202400046299";"20";"08";"2024";"20:30";"1";"42";"42044";"2";"3";"1";"2";"Rue James Jackson";"45,39889000";"4,33992000"
"202400046300";"30";"10";"2024";"11:25";"1";"93";"93077";"2";"1";"1";"2";"GRANDE RUE";"48,88271783";"2,51616461"
"202400046301";"6";"12";"2024";"12:30";"1";"50";"50256";"1";"2";"1";"2";"D976";"48,60964600";" -1,22207900"
"202400046302";"9";"08";"2024";"13:30";"1";"40";"40279";"1";"1";"1";"1";"RD 524";"43,72599992";" -1,03546500"
"202400046303";"25";"09";"2024";"15:15";"1";"75";"75118";"2";"2";"2";"2";"RUE DU MONT CENIS";"48,89183100";"2,34392900"
"202400046304";"6";"12";"2024";"12:00";"1";"43";"43268";"2";"3";"1";"6";"14 Avenue Georges Clemenceau";"45,14364589";"4,12179669"
"202400046305";"30";"10";"2024";"21:05";"5";"93";"93050";"2";"3";"1";"3";"DUGUAY TROUIN (RUE)";"48,86400000";"2,53738000"
"202400046306";"20";"08";"2024";"15:40";"1";"37";"37261";"2";"1";"1";"2";"LOIRE (QUAI DE LA)";"47,39958389";"0,67486779"
"202400046307";"25";"09";"2024";"14:10";"1";"75";"75117";"2";"3";"2";"3";"PLACE DU MARECHAL JUIN";"48,88530800";"2,29691200"
"202400046308";"6";"12";"2024";"12:25";"1";"07";"07308";"2";"3";"1";"2";"Avenue du 8 Mai 1945";"45,19092200";"4,79820400"
"202400046309";"27";"10";"2024";"00:01";"3";"93";"93005";"2";"6";"1";"3";"CHARLES DE GAULLE [CD115] (AVENUE)";"48,93008781";"2,48188365"
"202400046310";"20";"08";"2024";"14:20";"1";"37";"37122";"2";"2";"1";"3";"BERGEONNERIE (RUE DE LA)";"47,35993791";"0,69055666"
"202400046311";"6";"12";"2024";"21:55";"5";"52";"52470";"2";"1";"1";"6";"Rue Tournante";"47,98835300";"5,73823800"
"202400046312";"25";"09";"2024";"18:50";"1";"75";"75108";"2";"3";"2";"6";"AVENUE MARCEAU";"48,87329500";"2,29554800"
"202400046313";"30";"10";"2024";"15:45";"1";"92";"92064";"1";"1";"1";"2";"MARECHAL JUIN";"48,83085255";"2,22272180"
"202400046314";"20";"08";"2024";"21:00";"3";"33";"33281";"2";"1";"1";"1";"N/A";"44,81267000";" -0,69514000"
"202400046315";"6";"12";"2024";"19:15";"3";"69";"69050";"1";"1";"1";"3";"Autoroute 89";"45,85503816";"4,64811802"
"202400046316";"25";"09";"2024";"14:20";"1";"75";"75116";"2";"2";"2";"6";"BOULEVARD DE BEAUSEJOUR";"48,85801600";"2,27259000"
"202400046317";"4";"12";"2024";"18:00";"3";"67";"67506";"1";"1";"1";"4";"pk 473.000 autoroute A4";"48,66895100";"7,73675700"
"202400046318";"30";"10";"2024";"19:48";"5";"92";"92051";"2";"2";"1";"4";"CHARLES DE GAULLE (AVENUE, N°27 A 129)";"48,88081495";"2,27201588"
"202400046319";"25";"09";"2024";"15:40";"1";"75";"75115";"2";"2";"8";"6";"RUE DE LOURMEL";"48,85022300";"2,29195800"
"202400046320";"19";"08";"2024";"12:05";"1";"30";"30189";"2";"6";"1";"3";"ALLENDE SALVADOR (RUE)";"43,82370000";"4,36860000"
"202400046321";"29";"10";"2024";"06:00";"3";"54";"54173";"1";"1";"5";"7";"Route de Serres";"48,67367656";"6,42816067"
"202400046322";"25";"09";"2024";"15:10";"1";"75";"75115";"2";"2";"2";"6";"RUE DE LA CONVENTION";"48,84534400";"2,27857600"
"202400046323";"20";"08";"2024";"19:30";"1";"30";"30243";"1";"2";"1";"3";"MONTEZE (ROUTE DE)";"44,06102000";"4,09033000"
"202400046324";"2";"12";"2024";"15:00";"1";"13";"13037";"1";"9";"1";"2";"Autoroute A8 pk 000+700 direction LYON";"43,55633900";"5,23067200"
"202400046325";"30";"10";"2024";"20:05";"3";"06";"06114";"2";"3";"1";"3";"380 Route de Levens";"43,74872300";"7,28557200"
"202400046326";"25";"09";"2024";"14:35";"1";"75";"75114";"2";"2";"2";"2";"AVENUE ANDRE RIVOIRE";"48,81820100";"2,33271600"
"202400046327";"20";"08";"2024";"01:00";"5";"29";"29232";"2";"1";"2";"6";"Rond-Point du Moulin du Loc'h";"48,01259280";" -4,07788320"
"202400046328";"26";"11";"2024";"18:15";"3";"21";"21473";"1";"1";"1";"4";"Route métropolitaine M968";"47,26038800";"5,06853800"
"202400046329";"30";"10";"2024";"08:50";"1";"40";"40304";"2";"1";"8";"3";"1640 Avenue du Touring Club";"43,66887000";" -1,42693300"
"202400046330";"24";"09";"2024";"20:45";"5";"75";"75112";"2";"3";"8";"3";"RUE JEANNE JUGAN";"48,84396186";"2,41438454"
"202400046331";"6";"12";"2024";"19:00";"5";"45";"45315";"2";"2";"8";"6";"D951 PR 49 + 96";"47,76677500";"2,37196200"
"202400046332";"30";"10";"2024";"19:44";"5";"972";"97204";"2";"1";"1";"3";"Grande Anse Nord";"14,71248100";" -61,18416500"
"202400046333";"7";"12";"2024";"05:15";"2";"95";"95355";"1";"1";"1";"6";"BOIS D'ARTHEUIL (ALLEE DU)";"49,14581500";"1,80142000"
"202400046334";"25";"09";"2024";"17:10";"1";"75";"75110";"2";"3";"2";"6";"RUE DU FAUBOURG SAINT MARTIN";"48,87086500";"2,35666100"
"202400046335";"6";"12";"2024";"18:50";"3";"34";"34182";"1";"1";"1";"1";"D39e4";"43,43058900";"3,39968500"
"202400046336";"31";"10";"2024";"07:30";"2";"35";"35226";"1";"1";"1";"2";"Les Bruyeres";"48,42196000";" -1,87769700"
"202400046337";"25";"09";"2024";"08:26";"1";"75";"75107";"2";"3";"8";"6";"QUAI D ORSAY";"48,86287100";"2,31519000"
"202400046338";"30";"10";"2024";"17:55";"5";"68";"68289";"2";"2";"1";"1";"Rue de Colmar";"47,82732100";"7,34001500"
"202400046339";"25";"09";"2024";"22:10";"5";"75";"75103";"2";"2";"2";"6";"RUE DE BRETAGNE";"48,86228700";"2,36373100"
"202400046340";"29";"10";"2024";"12:05";"1";"01";"01448";"2";"3";"1";"6";"Rue du Lavoir";"46,08876200";"5,78513900"
"202400046341";"25";"09";"2024";"10:20";"1";"75";"75103";"2";"2";"2";"7";"RUE REAUMUR";"48,86468600";"2,35961000"
"202400046342";"24";"11";"2024";"18:45";"5";"68";"68344";"2";"1";"1";"1";"Grand'Rue";"47,88299200";"6,95657200"
"202400046343";"31";"10";"2024";"15:45";"1";"56";"56190";"1";"1";"1";"1";"La Motten";"47,98745200";" -2,77601700"
"202400046344";"24";"09";"2024";"19:40";"2";"75";"75104";"2";"3";"2";"1";"RUE SAINT ANTOINE";"48,85462000";"2,36271000"
"202400046345";"6";"12";"2024";"14:20";"1";"73";"73150";"1";"1";"1";"5";"N90 - PR 68+600";"45,56691800";"6,69891400"
"202400046346";"30";"10";"2024";"19:29";"3";"59";"59130";"1";"1";"1";"1";"D300";"50,87942700";"2,22476400"
"202400046347";"7";"12";"2024";"10:25";"1";"42";"42147";"2";"1";"2";"6";"44 Boulevard de la Préfecture";"45,60904682";"4,06232643"
"202400046348";"30";"10";"2024";"19:50";"3";"82";"82025";"1";"1";"8";"7";"Chemin de Verdun";"43,94667800";"1,29614000"
"202400046349";"24";"09";"2024";"01:18";"5";"94";"94074";"2";"3";"1";"2";"Avenue Henri Barbusse";"48,77030000";"2,44050000"
"202400046350";"6";"12";"2024";"12:10";"1";"38";"38176";"1";"1";"1";"1";"Rte de Saint Marcel Bel Accueil";"45,65404900";"5,20766400"
"202400046351";"31";"10";"2024";"15:00";"1";"82";"82121";"1";"1";"1";"3";"Route de Bordeaux";"44,05890700";"1,28982100"
"202400046352";"7";"12";"2024";"01:40";"5";"01";"01043";"2";"1";"1";"7";"440 Route de Genève";"45,83769300";"5,00870300"
"202400046353";"25";"09";"2024";"06:45";"5";"94";"94052";"2";"3";"1";"1";"Boulevard de Strasbourg";"48,83855042";"2,47871947"
"202400046354";"7";"12";"2024";"09:39";"1";"69";"69069";"2";"2";"1";"6";"Avenue Edouard Millaud";"45,74731800";"4,72243400"
"202400046355";"31";"10";"2024";"18:30";"5";"69";"69088";"2";"1";"1";"2";"1 Avenue des Marronniers";"45,81652800";"4,86294300"
"202400046356";"25";"09";"2024";"19:00";"2";"94";"94016";"2";"3";"2";"6";"Avenue de la Division Leclerc";"48,78585400";"2,32906800"
"202400046357";"7";"12";"2024";"07:50";"3";"85";"85112";"1";"1";"8";"3";"RD32";"46,57440000";" -1,76595000"
"202400046358";"31";"10";"2024";"11:25";"1";"63";"63229";"1";"1";"1";"1";"D10";"45,78017200";"3,34514400"
"202400046359";"25";"09";"2024";"18:15";"1";"94";"94073";"2";"1";"3";"6";"62 Avenue du Général de Gaulle";"48,76774300";"2,37687700"
"202400046360";"28";"11";"2024";"08:20";"1";"27";"27365";"1";"1";"1";"1";"D77";"49,29678200";"1,19731100"
"202400046361";"24";"09";"2024";"18:00";"1";"94";"94028";"2";"1";"1";"6";"Route de Choisy";"48,78342000";"2,44690000"
"202400046362";"31";"10";"2024";"07:45";"2";"55";"55046";"1";"1";"5";"3";"D904";"48,96940732";"5,80833948"
"202400046363";"19";"11";"2024";"02:52";"5";"13";"13212";"1";"1";"1";"3";"A507 sens Marseille - Aubagne";"43,32132000";"5,42181000"
"202400046364";"30";"10";"2024";"22:00";"3";"49";"49167";"1";"1";"1";"1";"D748";"47,38468043";" -0,48418598"
"202400046365";"25";"09";"2024";"23:08";"5";"93";"93001";"2";"1";"2";"3";"REPUBLIQUE (AVE DE LA ) DE 52 A 104";"48,91084680";"2,38505209"
"202400046366";"6";"12";"2024";"13:00";"1";"13";"13001";"1";"1";"1";"3";"A51-Sens Aix en Provence vers Marseille";"43,51138000";"5,42059000"
"202400046367";"31";"10";"2024";"02:00";"3";"12";"12026";"1";"1";"1";"6";"col d'aujols";"44,33918200";"2,75321200"
"202400046368";"20";"09";"2024";"18:30";"1";"93";"93071";"2";"1";"2";"6";"GABRIEL PERI (RUE)";"48,94127257";"2,53213063"
"202400046369";"6";"12";"2024";"09:35";"1";"13";"13215";"1";"1";"1";"4";"A7-Sens Lyon vers Marseille";"43,35818840";"5,36269145"
"202400046370";"30";"10";"2024";"20:38";"3";"42";"42118";"1";"1";"5";"6";"Rue de la Verpillere";"45,94968400";"4,22329400"
"202400046371";"24";"09";"2024";"19:05";"2";"93";"93070";"2";"1";"2";"6";"MICHELET(AV):N°1AU 103";"48,90948853";"2,34418631"
"202400046372";"22";"10";"2024";"12:40";"1";"39";"39062";"2";"1";"1";"6";"87 Rue de la Ranche";"46,42318600";"5,53035600"
"202400046373";"4";"12";"2024";"08:46";"1";"13";"13202";"1";"1";"1";"5";"TVPCM-Sens Saint Victor vers Les Ports";"43,29860000";"5,36360000"
"202400046374";"25";"09";"2024";"14:00";"1";"93";"93066";"2";"1";"2";"1";"LIBERATION RD14 (BOULEVARD)";"48,92797814";"2,34134573"
"202400046375";"6";"12";"2024";"01:21";"5";"13";"13215";"1";"1";"1";"3";"A7-Sens Lyon vers Marseille";"43,34931268";"5,36965091"
"202400046376";"30";"10";"2024";"18:35";"5";"02";"02558";"2";"3";"1";"1";"5 Av du Docteur Jacques Lemaire";"50,01376900";"3,78403400"
"202400046377";"25";"09";"2024";"05:31";"5";"93";"93048";"2";"1";"1";"3";"GABRIEL PERI (AVENUE)";"48,85732037";"2,44055408"
"202400046378";"5";"12";"2024";"16:32";"1";"83";"83137";"1";"1";"1";"4";"A57";"43,12518503";"5,97019573"
"202400046379";"13";"10";"2024";"04:10";"3";"02";"02439";"1";"3";"1";"6";"D967";"49,37878300";"3,65419900"
"202400046380";"25";"09";"2024";"04:00";"5";"93";"93014";"2";"2";"1";"3";"SEVIGNE (AVENUE DE)";"48,91143953";"2,54950960"
"202400046381";"6";"12";"2024";"18:15";"3";"33";"33143";"1";"1";"1";"4";"N/A";"44,96843000";" -0,43689000"
"202400046382";"30";"10";"2024";"11:10";"1";"03";"03105";"1";"3";"5";"3";"la garde";"46,24650600";"3,69463600"
"202400046383";"25";"09";"2024";"14:50";"1";"93";"93029";"2";"1";"2";"1";"TURGOT (AVENUE)";"48,93458352";"2,44836332"
"202400046384";"6";"12";"2024";"17:50";"3";"33";"33143";"1";"1";"1";"2";"N/A";"44,96655000";" -0,43835000"
"202400046385";"29";"10";"2024";"15:30";"1";"01";"01239";"1";"1";"1";"6";"ViaRhôna (Piste cyclable)";"45,76686200";"5,76568600"
"202400046386";"25";"09";"2024";"01:50";"5";"93";"93047";"2";"1";"1";"6";"FONTAINE JEAN VALJEAN (RUE DE LA)";"48,89700000";"2,56870000"
"202400046387";"6";"12";"2024";"20:20";"5";"94";"94003";"1";"1";"1";"3";"A6B";"48,80072796";"2,34367155"
"202400046388";"12";"10";"2024";"09:00";"1";"26";"26376";"1";"1";"1";"1";"Route de Leoux";"44,43851800";"5,31165900"
"202400046389";"6";"12";"2024";"19:30";"3";"91";"91174";"1";"1";"1";"2";"RN 104";"48,62050000";"2,46065000"