"Num_Acc";"jour";"mois";"an";"hrmn";"lum";"dep";"com";"agg";"int";"atm";"col";"adr";"lat";"long"
"202400046780";"7";"01";"2024";"15:25";"1";100;100033";"2";"6";"2";"6";"11 - RT";"42,67109000";"9,44289000"
"202400046781";"7";"05";"2024";"14:20";"1";"04";"04112";"2";"1";"1";"3";"SAVELS (AV. DES)";"43,82449000";"5,78089000"
"202400046782";"31";"03";"2024";"12:15";"1";"976";"97602";"2";"1";"1";"2";"Route nationale 1";" -12,70720400";"45,12286700"
"202400046783";"6";"01";"2024";"05:30";"2";"971";"97101";"1";"1";"1";"7";"LE RAIZET(SECTEUR)";"16,25783000";" -61,53227000"
"202400046784";"7";"05";"2024";"14:10";"1";"75";"75120";"2";"1";"1";"3";"BD PERIPHERIQUE INTERIEUR";"48,84742800";"2,41456000"
"202400046785";"7";"05";"2024";"09:40";"1";"75";"75120";"2";"1";"1";"3";"BD PERIPHERIQUE INTERIEUR";"48,85993000";"2,41398200"
"202400046786";"7";"01";"2024";"20:54";"3";"91";"91339";"1";"1";"2";"4";"ORLEANS (ROUTE D')";"48,62050000";"2,25915000"
"202400046787";"7";"05";"2024";"07:40";"1";"75";"75118";"2";"1";"1";"3";"BD PERIPHERIQUE EXTERIEUR";"48,90090900";"2,33716800"
"202400046788";"5";"01";"2024";"16:10";"1";"90";"90099";"2";"9";"1";"3";"EHRET (RUE)";"47,67862000";"6,84978000"
"202400046789";"31";"03";"2024";"00:36";"3";"971";"97114";"1";"1";"1";"4";"route nationale 1";"16,13108700";" -61,57991400"
"202400046790";"6";"05";"2024";"18:10";"1";"75";"75120";"2";"1";"1";"3";"BD PERIPHERIQUE EXTERIEUR";"48,85901200";"2,41433000"
"202400046791";"7";"05";"2024";"10:15";"1";"75";"75106";"2";"1";"1";"3";"RUE DE RENNES";"48,84963300";"2,32933300"
"202400046792";"7";"01";"2024";"00:25";"3";"77";"77114";"1";"1";"1";"2";"D1004";"48,74030000";"2,69451000"
"202400046793";"7";"01";"2024";"20:10";"5";"76";"76157";"2";"4";"1";"6";"Rue du Canal";"49,45754000";"1,04421000"
"202400046794";"7";"05";"2024";"18:20";"1";"75";"75120";"2";"3";"1";"5";"RUE DES PYRENEES";"48,85395900";"2,40573000"
"202400046795";"31";"03";"2024";"14:52";"1";"972";"97224";"1";"1";"1";"2";"Quartier Choco";"14,66871900";" -61,02088800"
"202400046796";"7";"05";"2024";"17:40";"1";"75";"75117";"2";"1";"1";"6";"BOULEVARD PEREIRE";"48,87854400";"2,28502600"
"202400046797";"7";"01";"2024";"06:45";"5";"76";"76540";"2";"2";"2";"3";"Rue du Mail";"49,42916000";"1,09192000"
"202400046798";"7";"05";"2024";"18:15";"1";"75";"75115";"2";"3";"1";"2";"RUE DE LA CONVENTION";"48,84079500";"2,28852900"
"202400046799";"6";"01";"2024";"09:35";"1";"70";"70207";"2";"4";"1";"3";"Avenue Pasteur";"47,59879000";"6,14060000"
"202400046800";"28";"03";"2024";"09:00";"1";"28";"28247";"1";"1";"1";"2";"la Chapelainerie";"48,88675900";"1,51836600"
"202400046801";"6";"05";"2024";"14:45";"1";"75";"75114";"2";"3";"1";"3";"PLACE DENFERT ROCHEREAU";"48,83471000";"2,33126000"
"202400046802";"7";"01";"2024";"19:15";"5";"69";"69290";"2";"2";"2";"3";"Boulevard de la Porte des Alpes";"45,71692000";"4,92812000"
"202400046803";"1";"04";"2024";"14:20";"1";101;101041";"1";"1";"1";"1";"D58 - Rte de Santa manza";"41,39090705";"9,22014332"
"202400046804";"7";"01";"2024";"17:25";"3";"59";"59359";"1";"1";"8";"7";"N/A";"51,00044600";"2,22647600"
"202400046805";"7";"05";"2024";"16:45";"1";"75";"75111";"2";"2";"1";"3";"AVENUE DE TAILLEBOURG";"48,85033000";"2,39856000"
"202400046806";"7";"05";"2024";"11:30";"1";"75";"75109";"2";"3";"1";"6";"BOULEVARD DE CLICHY";"48,88411400";"2,33081500"
"202400046807";"7";"01";"2024";"12:30";"1";"53";"53130";"2";"1";"1";"1";"NANTES ( RUE DE )";"48,07025000";" -0,78074000"
"202400046808";"1";"04";"2024";"17:50";"1";"65";"65123";"1";"1";"1";"5";"RD935";"43,02204700";"0,17292700"
"202400046809";"30";"03";"2024";"05:30";"2";"33";"33384";"1";"1";"8";"6";"N/A";"44,90678800";" -0,12955100"
"202400046810";"7";"01";"2024";"22:00";"5";"49";"49007";"2";"1";"1";"6";"CARNOT";"47,47395000";" -0,54583000"
"202400046811";"7";"05";"2024";"15:27";"1";"75";"75103";"2";"2";"1";"6";"RUE DES QUATRE FILS";"48,85994000";"2,36075400"
"202400046812";"6";"05";"2024";"16:10";"1";"75";"75102";"2";"2";"1";"6";"BOULEVARD DE SEBASTOPOL";"48,86705300";"2,35292700"
"202400046813";"7";"01";"2024";"16:15";"1";"45";"45234";"2";"2";"1";"3";"D2020 PR 38 + 5110";"47,88553848";"1,89715764"
"202400046814";"14";"03";"2024";"10:55";"1";"22";"22176";"1";"1";"1";"4";"Les Landes";"48,45689300";" -2,75425300"
"202400046815";"7";"01";"2024";"18:00";"5";"44";"44184";"2";"4";"1";"1";"31 Boulevard Emile Zola";"47,29939000";" -2,19200000"
"202400046816";"30";"03";"2024";"17:15";"1";"59";"59221";"1";"6";"1";"7";"Rue de Maing";"50,31407200";"3,51342600"
"202400046817";"6";"05";"2024";"12:40";"1";"75";"75103";"2";"2";"1";"1";"RUE BEAUBOURG";"48,86480600";"2,35544600"
"202400046818";"7";"01";"2024";"13:40";"1";"38";"38185";"2";"1";"2";"3";"RUE JULES FLANDRIN";"45,18765000";"5,74539000"
"202400046819";"6";"05";"2024";"09:48";"1";"94";"94068";"2";"3";"1";"3";"Quai du Petit Parc / Avenue Francis Berthier";"48,81191000";"2,48725000"
"202400046820";"7";"01";"2024";"00:20";"5";"38";"38185";"2";"1";"2";"1";"AMPERE (RUE )";"45,18743000";"5,70584000"
"202400046821";"7";"05";"2024";"09:35";"1";"94";"94042";"2";"3";"1";"3";"Boulevard du Maréchal Leclerc / Rue de la Liberté";"48,81524000";"2,46786900"
"202400046822";"5";"01";"2024";"19:15";"5";"30";"30007";"2";"1";"1";"7";"Avenue Carnot";"44,12133000";"4,08437000"
"202400046823";"6";"05";"2024";"09:00";"1";"94";"94058";"2";"1";"1";"1";"Quai de Champagne";"48,84008000";"2,51232000"
"202400046824";"6";"01";"2024";"15:30";"1";"30";"30007";"2";"1";"1";"3";"FAUBOURG D'AUVERGNE (RUE DU)";"44,12699000";"4,07778000"
"202400046825";"31";"03";"2024";"17:10";"1";"13";"13215";"1";"1";"8";"2";"A7-Sens Lyon vers Marseille";"43,38181453";"5,35199740"
"202400046826";"7";"01";"2024";"06:50";"3";"26";"26198";"1";"1";"1";"2";"Route de Sauzet";"44,56481000";"4,76970000"
"202400046827";"7";"05";"2024";"10:20";"1";"94";"94076";"2";"1";"1";"3";"112 Rue Jean Jaurès";"48,78968200";"2,36689200"
"202400046828";"7";"01";"2024";"19:00";"5";"25";"25056";"2";"1";"1";"6";"CAUSSES RUE DES";"47,21765000";"5,96609000"
"202400046829";"31";"03";"2024";"03:47";"5";"13";"13210";"1";"1";"2";"2";"Tunnel Prado Carénage";"43,28201716";"5,39392667"
"202400046830";"7";"01";"2024";"05:07";"3";"17";"17306";"2";"1";"1";"6";"GLACIERE (CHEMIN)";"45,64058000";" -1,04519000"
"202400046831";"6";"05";"2024";"06:15";"2";"94";"94016";"2";"1";"1";"6";"170 Rue Gabriel Péri";"48,78907311";"2,34314360"
"202400046832";"5";"01";"2024";"16:25";"1";"15";"15014";"2";"2";"8";"3";"Place du Square";"44,92808000";"2,44464000"
"202400046833";"30";"03";"2024";"14:00";"1";"13";"13211";"1";"1";"1";"2";"A50-Sens Marseille vers Aubagne";"43,29465900";"5,46429924"
"202400046834";"7";"05";"2024";"19:10";"1";"94";"94069";"2";"1";"1";"6";"Rue du Maréchal Leclerc";"48,81602000";"2,45922000"
"202400046835";"7";"01";"2024";"19:00";"4";"13";"13019";"2";"9";"1";"7";"CD6";"43,42516925";"5,38269447"
"202400046836";"3";"05";"2024";"18:20";"1";"94";"94017";"2";"1";"1";"6";"Rue Pierre Curie";"48,81265910";"2,54567733"
"202400046837";"31";"03";"2024";"17:30";"1";"91";"91037";"1";"1";"1";"2";"AUTOROUTE A6";"48,53635000";"2,49990000"
"202400046838";"7";"01";"2024";"18:44";"5";"13";"13208";"2";"9";"1";"6";"PRADO (AVENUE DU)";"43,26969000";"5,38650000"
"202400046839";"7";"05";"2024";"18:50";"1";"93";"93073";"2";"2";"1";"3";"Avenue de la Resistance / Cours de la Republique";"48,94954000";"2,56526000"
"202400046840";"7";"01";"2024";"06:50";"5";"13";"13207";"2";"1";"6";"6";"Corniche John Fitzgérald Kennedy";"43,27528000";"5,36011000"
"202400046841";"7";"05";"2024";"17:45";"1";"93";"93066";"2";"3";"1";"3";"Rue Gabriel Péri / Rue Auguste Poullain";"48,94065000";"2,35656000"
"202400046842";"30";"03";"2024";"18:30";"2";"93";"93005";"1";"1";"1";"5";"A3";"48,93125801";"2,48097635"
"202400046843";"7";"01";"2024";"00:20";"5";"13";"13005";"2";"1";"1";"1";"RD 43 C";"43,30880000";"5,59282000"
"202400046844";"7";"01";"2024";"19:15";"5";"75";"75120";"2";"3";"2";"6";"RUE DES PYRENEES";"48,85374000";"2,40595000"
"202400046845";"7";"05";"2024";"07:30";"2";"93";"93066";"2";"3";"1";"6";"Boulevard Anatole France / Route de la Révolte";"48,92358000";"2,34829000"
"202400046846";"30";"03";"2024";"18:40";"1";"93";"93053";"1";"1";"1";"2";"A3";"48,88375570";"2,45953658"
"202400046847";"7";"01";"2024";"09:30";"2";"75";"75116";"2";"4";"1";"6";"VOIE GEORGES POMPIDOU";"48,83832400";"2,26583100"
"202400046848";"7";"05";"2024";"17:30";"1";"93";"93049";"2";"2";"1";"6";"Rue des 2 Communes / Rue Jean Bachelet";"48,86946700";"2,50098400"
"202400046849";"31";"03";"2024";"08:15";"1";"95";"95572";"1";"1";"1";"6";"A15";"49,03385066";"2,10413892"
"202400046850";"7";"01";"2024";"04:35";"5";"75";"75116";"2";"2";"1";"6";"RUE FREYCINET";"48,86632300";"2,29706700"
"202400046851";"7";"05";"2024";"20:20";"2";"93";"93055";"2";"1";"1";"3";"Avenue Jean Lolive";"48,89367943";"2,41565019"
"202400046852";"30";"03";"2024";"16:00";"1";"93";"93064";"1";"1";"1";"3";"A86";"48,87585497";"2,47847672"
"202400046853";"7";"01";"2024";"00:05";"5";"75";"75116";"2";"7";"2";"2";"PLACE DU TROCADERO ET DU 11 NOVEMBRE";"48,86312084";"2,28647867"
"202400046854";"30";"03";"2024";"11:00";"1";"93";"93027";"1";"1";"2";"6";"A86";"48,92645164";"2,40208447"
"202400046855";"7";"05";"2024";"02:05";"5";"93";"93053";"2";"1";"1";"6";"Rue Paul Vaillant Couturier";"48,89026600";"2,45241700"
"202400046856";"7";"01";"2024";"16:59";"2";"75";"75116";"2";"1";"1";"6";"PONT DE BIR HAKEIM";"48,85624227";"2,28716791"
"202400046857";"31";"03";"2024";"17:38";"1";"94";"94073";"1";"1";"1";"4";"A86";"48,75381944";"2,37056959"
"202400046858";"6";"01";"2024";"18:45";"5";"75";"75114";"2";"3";"2";"7";"AVENUE DU MAINE";"48,83232800";"2,32499700"
"202400046859";"7";"05";"2024";"13:12";"1";"93";"93046";"2";"1";"1";"2";"Boulevard Maurice Berteaux";"48,91279912";"2,51631439"
"202400046860";"30";"03";"2024";"10:20";"1";"94";"94017";"1";"1";"2";"4";"A4";"48,82844169";"2,50273164"
"202400046861";"7";"01";"2024";"01:30";"5";"75";"75109";"2";"4";"1";"6";"RUE PAPILLON";"48,87584000";"2,34790300"
"202400046862";"30";"03";"2024";"15:45";"1";"974";"97416";"1";"1";"1";"7";"RN1 (ROUTE NATIONALE)";" -21,32424000";"55,44725000"
"202400046863";"6";"05";"2024";"19:40";"1";"92";"92078";"2";"3";"1";"3";"VIEUX CHEMIN DE ST DENIS (AVENUE)";"48,92969478";"2,32633799"
"202400046864";"7";"01";"2024";"02:05";"5";"75";"75103";"2";"7";"1";"6";"PLACE DE LA REPUBLIQUE";"48,86682725";"2,36427855"
"202400046865";"6";"01";"2024";"21:50";"5";"75";"75101";"2";"1";"1";"6";"RUE DE LA LINGERIE";"48,86025800";"2,34647900"
"202400046866";"29";"03";"2024";"17:30";"2";"974";"97411";"2";"1";"1";"1";"REYDELLET (RUE JULES)";" -20,93439000";"55,49230000"
"202400046867";"4";"05";"2024";"20:45";"1";"92";"92072";"2";"1";"1";"2";"TROYON (RUE)";"48,82462425";"2,22855377"
"202400046868";"30";"03";"2024";"19:50";"5";"69";"69387";"2";"2";"2";"1";"Avenue Jean Jaurès";"45,74245000";"4,84013000"
"202400046869";"7";"01";"2024";"01:30";"5";"94";"94058";"2";"2";"8";"3";"Rue des Parclairs / Avenue Pierre Brossolette";"48,83531000";"2,49863000"
"202400046870";"7";"05";"2024";"17:55";"1";"92";"92051";"2";"1";"1";"4";"GENERAL KOENIG (BOULEVARD DU)";"48,88084552";"2,25166473"
"202400046871";"30";"03";"2024";"05:05";"3";"972";"97209";"2";"1";"1";"1";"RD 41 (ROCADE)";"14,61100000";" -61,06521000"
"202400046872";"7";"01";"2024";"06:40";"5";"94";"94018";"2";"1";"1";"3";"Quai des Carrieres";"48,81842000";"2,41141000"
"202400046873";"7";"05";"2024";"14:30";"1";"92";"92048";"2";"1";"1";"6";"PARIS (RUE DE) N° 2 A 6";"48,81666835";"2,24760765"
"202400046874";"30";"03";"2024";"09:30";"1";"971";"97113";"1";"1";"1";"7";"SECTION MARE-GAILLARD";"16,23312000";" -61,44140000"
"202400046875";"7";"01";"2024";"15:00";"1";"93";"93078";"2";"6";"1";"2";"Boulevard Robert Ballanger / Avenue Georges Clemenceau";"48,96068461";"2,55535126"
"202400046876";"7";"05";"2024";"21:40";"5";"92";"92040";"2";"1";"1";"6";"RODIN (BOULEVARD)";"48,82010811";"2,26122057"
"202400046877";"7";"01";"2024";"17:10";"5";"92";"92062";"2";"1";"1";"3";"MOULIN (RUE)";"48,88781000";"2,24035000"
"202400046878";"30";"03";"2024";"13:10";"1";"91";"91021";"2";"1";"1";"1";"AV DIVISION LECLERC";"48,59439000";"2,24650000"
"202400046879";"7";"05";"2024";"07:00";"1";"92";"92036";"2";"2";"1";"3";"LUCIEN LANTERNIER (AVENUE) (19/65)";"48,93315392";"2,29414022"
"202400046880";"30";"03";"2024";"14:00";"1";"91";"91457";"2";"9";"1";"3";"RTE DE MAROLLES";"48,57800000";"2,25700000"
"202400046881";"6";"01";"2024";"23:36";"5";"92";"92048";"2";"2";"2";"2";"VAUGIRARD (ROUTE DE)";"48,82007503";"2,24015290"
"202400046882";"7";"05";"2024";"17:16";"1";"92";"92026";"2";"1";"1";"6";"SAINT-DENIS BD DE (01 A 197 / 02 A 118)";"48,89777362";"2,26303822"
"202400046883";"30";"03";"2024";"12:00";"1";"91";"91064";"2";"1";"8";"2";"PARIS (RUE DE)";"48,76945700";"2,22920800"
"202400046884";"7";"01";"2024";"19:00";"5";"92";"92009";"2";"2";"1";"1";"EUROPE (AVENUE)";"48,90682504";"2,26145737"
"202400046885";"7";"05";"2024";"07:15";"1";"92";"92025";"2";"3";"1";"6";"PIERRE BADUEL (RUE)";"48,92129698";"2,24058732"
"202400046886";"30";"03";"2024";"11:00";"1";"91";"91692";"1";"1";"2";"2";"bretelle de sortie RN 188";"48,69350000";"2,16664000"
"202400046887";"6";"01";"2024";"08:25";"2";"35";"35236";"2";"1";"1";"6";"Avenue Gaston Sébilleau";"47,65889100";" -2,07869100"
"202400046888";"7";"05";"2024";"16:30";"1";"92";"92024";"2";"9";"1";"2";"GENERAL ROGUET (RUE DU) DE (1 A 57)   (2";"48,90482000";"2,31293000"
"202400046889";"6";"01";"2024";"09:00";"1";"84";"84044";"1";"1";"1";"6";"departementale 13";"44,22126900";"5,13745000"
"202400046890";"29";"03";"2024";"14:00";"1";"89";"89387";"2";"9";"2";"3";"MAIL (RUE DU)";"48,20102000";"3,28706000"
"202400046891";"30";"03";"2024";"19:05";"1";"86";"86066";"2";"1";"7";"6";"RD161";"46,83813000";"0,54805000"
"202400046892";"7";"05";"2024";"08:25";"1";"92";"92012";"2";"1";"1";"6";"MARECHAL DE LATTRE DE TASSIGNY (AVENUE)";"48,84081659";"2,22740757"
"202400046893";"6";"01";"2024";"17:30";"3";"83";"83049";"1";"1";"6";"6";"A57 PK 020+000";"43,23788476";"6,08417903"
"202400046894";"12";"03";"2024";"08:37";"1";"83";"83126";"2";"1";"1";"6";"LEDRU-ROLLIN (PLACE)";"43,10317117";"5,88051420"
"202400046895";"7";"05";"2024";"18:29";"1";"54";"54184";"1";"1";"8";"7";"Chemin Strategique";"48,71905284";"6,22681126"
"202400046896";"20";"02";"2024";"08:40";"1";"62";"62156";"2";"4";"1";"6";"D243E2";"50,88980300";"1,77585300"
"202400046897";"7";"01";"2024";"15:00";"1";"59";"59189";"2";"2";"1";"6";"RD 947";"50,77878800";"2,59525200"
"202400046898";"30";"03";"2024";"14:25";"1";"81";"81163";"2";"3";"1";"1";"30 Avenue du Maréchal Juin";"43,50634000";"2,37869000"
"202400046899";"20";"02";"2024";"08:45";"1";"41";"41171";"1";"1";"5";"6";"D12";"47,84069900";"1,27231100"
"202400046900";"8";"05";"2024";"00:30";"3";"33";"33014";"2";"1";"1";"6";"N/A";"44,98044300";" -0,11703700"
"202400046901";"5";"01";"2024";"17:05";"2";"76";"76695";"1";"2";"1";"3";"Route de la Flamme Olympique";"49,66070400";"0,51203400"
"202400046902";"19";"02";"2024";"11:40";"1";"30";"30174";"1";"1";"1";"2";"D981";"44,03361600";"4,36592800"
"202400046903";"30";"03";"2024";"15:05";"1";"77";"77284";"2";"1";"1";"6";"ALLENDE (AV.SALVADOR)";"48,95466900";"2,89382900"
"202400046904";"8";"01";"2024";"15:30";"1";"63";"63457";"1";"1";"4";"1";"D229 pk 27 - 100";"45,63686135";"3,22798531"
"202400046905";"7";"05";"2024";"07:55";"1";"18";"18020";"1";"2";"1";"3";"N/A";"47,39518300";"2,85571600"
"202400046906";"19";"02";"2024";"09:44";"1";"62";"62473";"2";"3";"2";"3";"Rue Léon Blum";"50,61416800";"2,46646300"
"202400046907";"29";"03";"2024";"17:10";"1";"77";"77372";"2";"1";"3";"6";"GENERAL LECLERC  (RUE   )";"48,88143000";"2,69105000"
"202400046908";"7";"01";"2024";"03:00";"3";"25";"25410";"1";"1";"2";"6";"571";"47,22254800";"6,06179200"
"202400046909";"19";"02";"2024";"17:20";"1";"56";"56013";"2";"1";"1";"6";"19 Rue Marchelan";"47,67748500";" -3,19541800"
"202400046910";"8";"05";"2024";"11:15";"1";"50";"50291";"1";"1";"1";"4";"N/A";"48,90494200";" -1,10765600"
"202400046911";"30";"03";"2024";"17:25";"1";"69";"69266";"2";"5";"3";"5";"Rue Nicolas Garnier";"45,75397000";"4,91359000"
"202400046912";"7";"01";"2024";"19:55";"5";"35";"35068";"2";"1";"1";"6";"Rue de Paris";"48,10990400";" -1,39856500"
"202400046913";"30";"01";"2024";"08:30";"1";"56";"56240";"2";"2";"1";"1";"Village le Duer";"47,53676100";" -2,74169000"
"202400046914";"7";"05";"2024";"12:45";"1";"63";"63110";"1";"1";"3";"6";"A89, PK 322+500";"45,79199158";"2,76033008"
"202400046915";"30";"03";"2024";"11:35";"1";"69";"69256";"2";"1";"3";"3";"Rue Lounès Matoub";"45,78223201";"4,91952001"
"202400046916";"7";"01";"2024";"13:00";"1";"03";"03319";"1";"1";"4";"6";"Route de Montmarault";"46,31815500";"3,12447300"
"202400046917";"8";"05";"2024";"15:25";"1";"04";"04033";"1";"1";"1";"2";"rd900c";"44,43586400";"6,25250800"
"202400046918";"6";"01";"2024";"18:00";"3";"58";"58241";"1";"1";"2";"7";"D 979 A - PK 1+400";"46,77296700";"3,43275500"
"202400046919";"20";"02";"2024";"16:40";"1";"65";"65223";"1";"1";"1";"3";"11 rue du Pic du Midi";"43,19527800";"0,08098100"
"202400046920";"30";"03";"2024";"12:30";"1";"69";"69290";"2";"3";"3";"5";"Rue de l'Aviation";"45,72216000";"4,93469000"
"202400046921";"19";"02";"2024";"16:30";"1";"71";"71038";"2";"1";"1";"7";"Rue des Simonots";"46,74861500";"4,39217100"
"202400046922";"6";"05";"2024";"16:30";"1";"56";"56240";"2";"1";"1";"6";"21 Rue de Ker An Poul";"47,50585400";" -2,68390600"
"202400046923";"8";"01";"2024";"01:40";"3";"66";"66003";"2";"1";"1";"7";"Avenue Beau Soleil";"42,47776700";"2,67378700"
"202400046924";"19";"02";"2024";"16:20";"1";"35";"35331";"1";"1";"2";"6";"lieu dit la froardiere";"48,08754000";" -1,91447500"
"202400046925";"7";"05";"2024";"17:40";"1";"76";"76458";"1";"1";"1";"6";"rd 22";"49,75905111";"1,18081141"
"202400046926";"30";"03";"2024";"10:30";"1";"67";"67218";"2";"1";"8";"3";"STRASBOURG (AVENUE DE)";"48,54487000";"7,73903000"
"202400046927";"7";"01";"2024";"15:10";"1";"64";"64499";"1";"1";"8";"2";"D430";"43,45815300";" -0,91750100"
"202400046928";"30";"03";"2024";"12:55";"1";"64";"64249";"2";"1";"1";"2";"GETARIA(AVENUE)";"43,42461000";" -1,60461000"
"202400046929";"20";"02";"2024";"07:45";"2";"29";"29236";"2";"1";"8";"3";"11 Rue Alain Berthou";"47,84612510";" -3,69643785"