"Num_Acc";"jour";"mois";"an";"hrmn";"lum";"dep";"com";"agg";"int";"atm";"col";"adr";"lat";"long"
"202400047175";"8";"02";"2024";"15:10";"1";"84";"84104";"2";"6";"1";"1";"Route de Seguret";"44,19500500";"5,00711600"
"202400047176";"7";"05";"2024";"16:12";"1";"93";"93066";"1";"1";"1";"4";"A86";"48,92261676";"2,35060751"
"202400047177";"16";"07";"2024";"17:10";"1";"69";"69219";"1";"1";"1";"7";"Route de Mornant";"45,63167100";"4,67744500"
"202400047178";"6";"01";"2024";"20:41";"3";"31";"31555";"1";"1";"1";"4";"A621 (SEPT DENIERS-ANCELY)";"43,62500000";"1,41400000"
"202400047179";"20";"08";"2024";"15:16";"1";"75";"75101";"2";"2";"1";"3";"BOULEVARD DE SEBASTOPOL";"48,85772800";"2,34778200"
"202400047180";"11";"06";"2024";"16:52";"1";"86";"86194";"2";"6";"1";"6";"Route de Parthenay";"46,59884100";"0,32315700"
"202400047181";"29";"03";"2024";"12:50";"1";"75";"75108";"2";"4";"1";"3";"AVENUE FRANKLIN D ROOSEVELT";"48,87054800";"2,31007300"
"202400047182";"15";"07";"2024";"19:00";"1";"69";"69117";"2";"1";"1";"7";"7 Allée du Vieux Chêne";"45,84338300";"4,74386900"
"202400047183";"7";"05";"2024";"11:30";"1";"95";"95212";"1";"1";"1";"6";"N104";"49,02916645";"2,53030842"
"202400047184";"19";"02";"2024";"09:35";"1";"35";"35139";"1";"1";"1";"2";"rote nationale 137";"47,98047000";" -1,69578400"
"202400047185";"6";"01";"2024";"16:10";"1";"29";"29019";"2";"1";"1";"4";"rue des Farines";"48,41973900";" -4,50907800"
"202400047186";"29";"03";"2024";"08:15";"1";"75";"75114";"2";"2";"2";"3";"AVENUE DE LA PORTE DE CHATILLON";"48,82232100";"2,31400000"
"202400047187";"6";"01";"2024";"06:00";"3";"25";"25024";"1";"1";"2";"6";"Route Départementale 437";"46,93918000";"6,37486000"
"202400047188";"12";"07";"2024";"05:15";"3";"44";"44074";"2";"1";"1";"7";"N/A";"47,20149300";" -1,66897800"
"202400047189";"19";"08";"2024";"23:35";"5";"94";"94081";"2";"9";"1";"3";"Boulevard de Stalingrad";"48,80003000";"2,38078000"
"202400047190";"9";"06";"2024";"20:20";"1";"84";"84035";"2";"1";"2";"1";"MARSEILLE-RD938 (ROUTE DE)";"43,82771000";"5,03277000"
"202400047191";"7";"05";"2024";"09:15";"1";"93";"93010";"1";"1";"1";"2";"A3";"48,88991925";"2,47342572"
"202400047192";"19";"02";"2024";"14:00";"1";"26";"26325";"1";"1";"1";"1";"rn7";"45,26920900";"4,82377100"
"202400047193";"30";"03";"2024";"14:30";"1";"75";"75104";"2";"3";"8";"7";"RUE SAINT ANTOINE";"48,85425000";"2,36372400"
"202400047194";"6";"01";"2024";"14:00";"1";"13";"13103";"2";"1";"1";"6";"ALLEE  DE LA SOLOGNE";"43,65063000";"5,09563000"
"202400047195";"20";"08";"2024";"10:38";"1";"94";"94043";"2";"1";"1";"6";"Avenue Eugène Thomas";"48,80985665";"2,35999337"
"202400047196";"7";"05";"2024";"03:40";"3";"75";"75120";"1";"1";"1";"6";"A3";"48,86633319";"2,41376281"
"202400047197";"12";"06";"2024";"16:40";"1";"84";"84007";"1";"6";"1";"6";"FONTCOUVERTE(Avenue de)";"43,93988000";"4,83677000"
"202400047198";"18";"02";"2024";"18:40";"5";"66";"66141";"2";"2";"1";"1";"N/A";"42,74318300";"2,91776600"
"202400047199";"6";"01";"2024";"20:05";"5";"13";"13203";"2";"1";"1";"3";"DESPIEDS (RUE)";"43,31151000";"5,38600000"
"202400047200";"30";"03";"2024";"11:45";"1";"75";"75104";"2";"7";"2";"6";"PLACE DE LA BASTILLE";"48,85286147";"2,36840236"
"202400047201";"16";"07";"2024";"14:00";"1";"22";"22162";"1";"1";"1";"4";"D786";"48,77529700";" -3,09917400"
"202400047202";"6";"05";"2024";"14:30";"1";"93";"93029";"1";"1";"1";"3";"A86";"48,92609879";"2,42244591"
"202400047203";"20";"08";"2024";"22:40";"4";"94";"94021";"2";"1";"2";"2";"254 Avenue de Stalingrad";"48,76759000";"2,36799000"
"202400047204";"18";"02";"2024";"04:19";"3";"69";"69084";"1";"1";"1";"6";"Route des Labourons";"46,20726058";"4,67943957"
"202400047205";"6";"01";"2024";"05:35";"5";"13";"13211";"2";"6";"1";"1";"BARASSE";"43,28589000";"5,47960000"
"202400047206";"11";"06";"2024";"16:15";"1";"84";"84007";"2";"1";"1";"3";"EISENHOWER (Avenue)";"43,94287000";"4,79887000"
"202400047207";"29";"03";"2024";"15:00";"1";"75";"75101";"2";"3";"1";"3";"RUE DE RIVOLI";"48,86230000";"2,33705000"
"202400047208";"6";"05";"2024";"09:15";"1";"93";"93006";"1";"1";"1";"6";"A3";"48,86690246";"2,42530059"
"202400047209";"10";"07";"2024";"14:15";"1";"54";"54312";"1";"1";"1";"2";"Autoroute A 31";"48,92409717";"6,11017942"
"202400047210";"20";"08";"2024";"12:50";"1";"93";"93066";"2";"1";"1";"3";"Boulevard Jules Guesde";"48,93458158";"2,35014055"
"202400047211";"18";"02";"2024";"18:45";"3";"71";"71416";"1";"1";"2";"1";"Route des Patreux";"46,45483943";"4,76418167"
"202400047212";"5";"01";"2024";"13:58";"1";"10";"10362";"1";"6";"2";"6";"RD 660";"48,29620000";"4,00580000"
"202400047213";"12";"06";"2024";"09:10";"1";"84";"84007";"2";"1";"1";"2";"PIERRE SEMARD (avenue)";"43,94244000";"4,81639000"
"202400047214";"29";"03";"2024";"10:30";"1";"75";"75103";"2";"3";"1";"6";"RUE DU FOREZ";"48,86353100";"2,36331600"
"202400047215";"18";"02";"2024";"00:50";"4";"89";"89154";"2";"1";"1";"6";"Rue des Ecoles";"47,72897600";"3,47105200"
"202400047216";"6";"01";"2024";"07:50";"2";"08";"08105";"2";"9";"1";"6";"30 Rue de Flandre";"49,77446000";"4,71717000"
"202400047217";"15";"07";"2024";"12:00";"1";"93";"93027";"1";"1";"1";"2";"AUTOROUTE A1";"48,93637475";"2,40695831"
"202400047218";"6";"05";"2024";"19:30";"2";"77";"77122";"1";"1";"1";"6";"A5b";"48,65496560";"2,61443581"
"202400047219";"12";"06";"2024";"08:00";"1";"78";"78688";"2";"1";"1";"2";"PYRAMIDE (AVENUE DE LA)";"48,76211000";"2,04264000"
"202400047220";"19";"08";"2024";"01:30";"3";"93";"93053";"2";"2";"1";"2";"Rue de Paris / Rue du Parc";"48,89831866";"2,44223258"
"202400047221";"28";"03";"2024";"18:27";"1";"94";"94076";"2";"2";"8";"6";"Rue François Billoux / Rue du 12 Fevrier";"48,80219000";"2,35509000"
"202400047222";"5";"01";"2024";"16:35";"1";"02";"02408";"1";"3";"1";"2";"RD 1044";"49,55080000";"3,59469000"
"202400047223";"6";"05";"2024";"08:30";"1";"94";"94018";"1";"1";"1";"2";"A4";"48,82465601";"2,39368239"
"202400047224";"31";"01";"2024";"14:00";"1";"49";"49132";"1";"1";"1";"5";"Route du Porage";"47,65608700";" -0,44807900"
"202400047225";"20";"08";"2024";"20:10";"1";"92";"92072";"2";"1";"2";"6";"Pont de Sèvres";"48,82816088";"2,22606562"
"202400047226";"11";"06";"2024";"17:57";"1";"78";"78621";"2";"1";"1";"3";"LAGRANGE (RUE LEO)";"48,77717000";"1,98188000"
"202400047227";"29";"03";"2024";"20:18";"5";"94";"94044";"2";"3";"2";"1";"Avenue de Verdun / Rue Emile Zola";"48,74956200";"2,47978200"
"202400047228";"5";"01";"2024";"12:20";"1";"75";"75112";"2";"1";"1";"6";"PORTE DOREE";"48,83687000";"2,41240100"
"202400047229";"2";"05";"2024";"10:25";"1";"974";"97407";"2";"1";"1";"3";"CARPAYE(AVENUE)";" -20,94940000";"55,30105000"
"202400047230";"14";"07";"2024";"22:35";"3";"93";"93007";"1";"1";"1";"5";"A1";"48,94918034";"2,44696197"
"202400047231";"29";"03";"2024";"20:54";"5";"94";"94042";"2";"3";"2";"2";"Avenue du Général Galliéni / Avenue du Parc";"48,82014400";"2,47557600"
"202400047232";"20";"08";"2024";"16:50";"1";"92";"92036";"2";"2";"3";"2";"LAURENT CELY (AVENUE) (2/152)";"48,93056117";"2,30245712"
"202400047233";"12";"06";"2024";"09:40";"1";"77";"77186";"1";"2";"1";"3";"RD 142 ";"48,48085800";"2,66693700"
"202400047234";"6";"01";"2024";"10:40";"1";"75";"75119";"2";"2";"1";"6";"RUE DE CRIMEE";"48,88717300";"2,38081500"
"202400047235";"19";"02";"2024";"10:30";"1";"12";"12291";"1";"1";"1";"5";"D29, PK 35.800";"44,19211300";"3,02403000"
"202400047236";"6";"05";"2024";"13:00";"1";"972";"97213";"1";"1";"1";"2";"ROUTE DEPARTEMENTALE 15";"14,62623000";" -61,00785000"
"202400047237";"15";"07";"2024";"11:00";"1";"77";"77258";"1";"1";"1";"2";"A4.W";"48,83099900";"2,63712200"
"202400047238";"29";"03";"2024";"18:00";"1";"94";"94028";"2";"3";"1";"3";"Avenue du Docteur Paul Casalis / Rue Maurice Utrillo";"48,77998077";"2,46020906"
"202400047239";"6";"01";"2024";"18:36";"3";"75";"75118";"2";"1";"1";"6";"BOULEVARD NEY";"48,89872086";"2,36937493"
"202400047240";"18";"02";"2024";"16:45";"1";"42";"42015";"1";"1";"1";"7";"Route des Echarmeaux";"46,17000900";"4,37929600"
"202400047241";"11";"06";"2024";"18:25";"1";"77";"77400";"1";"1";"8";"1";"MOUROUX (ROUTE DE)";"48,81071000";"3,03794000"
"202400047242";"20";"08";"2024";"16:00";"1";"92";"92035";"2";"6";"2";"3";"Souvenir Français ( rond point du )";"48,90648355";"2,24868786"
"202400047243";"6";"05";"2024";"14:20";"1";"972";"97213";"1";"6";"1";"2";"ROUTE DEPARTEMENTALE 3";"14,60018000";" -60,99732000"
"202400047244";"15";"07";"2024";"08:30";"1";"77";"77121";"1";"1";"1";"2";"A104";"48,83756300";"2,66457500"
"202400047245";"6";"01";"2024";"01:00";"5";"75";"75117";"2";"2";"1";"6";"AVENUE DE VILLIERS";"48,88331900";"2,30737300"
"202400047246";"30";"03";"2024";"03:30";"5";"94";"94058";"2";"2";"3";"3";"Rue Charles Ollier / Rue de Metz";"48,84179000";"2,49630000"
"202400047247";"16";"02";"2024";"10:08";"1";"44";"44216";"2";"1";"1";"6";"10 Place de la Mairie";"46,97150800";" -1,43430600"
"202400047248";"12";"06";"2024";"13:45";"1";"76";"76540";"2";"2";"1";"3";"Boulevard Gambetta";"49,43649000";"1,10083000"
"202400047249";"20";"08";"2024";"08:30";"1";"92";"92019";"2";"3";"1";"3";"PELLETAN CAMILLE (RUE)";"48,77925418";"2,27671830"
"202400047250";"14";"04";"2024";"17:42";"1";"74";"74208";"1";"1";"1";"6";"Route de plaine joux";"45,95066100";"6,73384100"
"202400047251";"6";"05";"2024";"07:50";"1";"69";"69149";"1";"3";"2";"3";"Rue Dubois Crance";"45,71155000";"4,81991000"
"202400047252";"6";"01";"2024";"20:00";"3";"75";"75116";"2";"1";"2";"2";"VOIE GEORGES POMPIDOU";"48,85584226";"2,28581607"
"202400047253";"12";"06";"2024";"17:20";"1";"74";"74012";"2";"9";"1";"6";"RESISTANCE (RUE DE LA)";"46,19620324";"6,25873768"
"202400047254";"6";"05";"2024";"14:49";"1";100;100033";"2";"1";"8";"6";"MAGDELENA - RUE SANTA";"42,68011000";"9,44218000"
"202400047255";"3";"04";"2024";"23:30";"5";"94";"94037";"2";"2";"1";"3";"Rue du Val de Marne / Avenue Galliéni";"48,81751000";"2,35342000"
"202400047256";"15";"08";"2024";"10:50";"1";"76";"76281";"1";"1";"1";"2";"D484";"49,52753400";"0,58483400"
"202400047257";"17";"02";"2024";"13:50";"1";"29";"29225";"2";"2";"1";"3";"Rue de Plozévet";"47,95492025";" -4,36000589"
"202400047258";"5";"01";"2024";"17:05";"5";"75";"75114";"2";"3";"1";"3";"BOULEVARD SAINT JACQUES";"48,83325400";"2,33645000"
"202400047259";"30";"04";"2024";"15:58";"1";"74";"74002";"2";"2";"1";"6";"rue des grands Vris";"45,81897300";"5,99871200"
"202400047260";"20";"08";"2024";"10:00";"1";"35";"35126";"1";"1";"3";"6";"La Pigeonnais";"47,97985000";" -1,82134900"
"202400047261";"12";"06";"2024";"11:30";"1";"74";"74298";"2";"1";"1";"2";"TANINGES (ROUTE DE )";"46,18841000";"6,26711000"
"202400047262";"18";"02";"2024";"16:30";"1";"02";"02569";"1";"1";"3";"7";"D663";"50,02417100";"3,68625600"
"202400047263";"4";"05";"2024";"02:23";"5";"971";"97101";"1";"1";"1";"1";"ROUTE DE BOISVINS";"16,26621000";" -61,47156000"
"202400047264";"6";"01";"2024";"03:50";"5";"75";"75103";"2";"2";"1";"7";"BOULEVARD BEAUMARCHAIS";"48,85760800";"2,36806500"
"202400047265";"14";"04";"2024";"08:40";"1";"74";"74042";"2";"1";"1";"7";"255 Avenue de geneve";"46,08103800";"6,40458900"
"202400047266";"29";"03";"2024";"19:10";"5";"94";"94016";"2";"2";"2";"2";"Rue Camille Desmoulins / Avenue Louis Georgeon";"48,79395100";"2,33394000"
"202400047267";"18";"02";"2024";"15:05";"1";"66";"66137";"1";"1";"1";"7";"D900";"42,47176500";"2,85348400"
"202400047268";"19";"08";"2024";"13:20";"1";"35";"35013";"1";"2";"1";"3";"Brehon";"47,72342200";" -2,05385900"
"202400047269";"11";"06";"2024";"14:55";"1";"72";"72181";"2";"5";"1";"1";"HEUZE OLIVIER (AV) N° IMP DE 1 A 239";"47,99241679";"0,17342627"
"202400047270";"6";"05";"2024";"18:50";"1";101;101004";"2";"9";"1";"3";"NAPOLEON COURS AVANT BEVERINI";"41,92000000";"8,73000000"
"202400047271";"4";"01";"2024";"20:15";"5";"75";"75104";"2";"3";"1";"6";"RUE DE RIVOLI";"48,85593200";"2,35796900"
"202400047272";"29";"03";"2024";"20:40";"5";"94";"94041";"2";"3";"3";"3";"Rue Louis Bertrand / Rue Marceau";"48,81740900";"2,38098500"
"202400047273";"25";"04";"2024";"04:45";"3";"74";"74074";"1";"3";"1";"3";"D1206";"46,11244100";"5,92035100"
"202400047274";"20";"08";"2024";"01:18";"3";"63";"63026";"2";"1";"1";"6";"Boulevard du Lac";"45,66995000";"2,98758900"
"202400047275";"19";"02";"2024";"07:00";"2";"60";"60108";"1";"1";"2";"6";"RD119";"49,63384100";"1,91677100"
"202400047276";"12";"06";"2024";"20:20";"1";"69";"69266";"2";"3";"1";"6";"128 Rue Léon Blum";"45,76033338";"4,90249209"
"202400047277";"6";"05";"2024";"16:45";"1";"95";"95280";"2";"1";"1";"2";"GARE (AVENUE DE LA)";"49,02316000";"2,46535000"
"202400047278";"29";"03";"2024";"20:20";"5";"94";"94041";"2";"1";"2";"3";"20 Avenue Jean Jaurès";"48,81305313";"2,40261230"
"202400047279";"24";"04";"2024";"07:15";"1";"74";"74010";"1";"3";"1";"3";"1806 Avenue d'aix-les-bains";"45,83454000";"6,05568800"
"202400047280";"19";"08";"2024";"23:15";"3";"01";"01153";"1";"1";"1";"1";"D984c";"46,30051700";"6,04509800"
"202400047281";"29";"03";"2024";"11:30";"1";"94";"94041";"2";"1";"1";"6";"Rue René Villars";"48,81988595";"2,37585193"
"202400047282";"6";"05";"2024";"07:30";"1";"95";"95277";"2";"1";"1";"6";"D370";"48,98561167";"2,43839253"
"202400047283";"18";"02";"2024";"18:20";"1";"64";"64436";"2";"3";"1";"1";"784 Route d'ihaordoqui";"43,23162600";" -1,29976600"
"202400047284";"5";"01";"2024";"12:45";"1";"94";"94011";"1";"1";"1";"4";"D60";"48,76227000";"2,47594000"
"202400047285";"20";"08";"2024";"09:24";"1";"30";"30242";"1";"1";"1";"7";"D180";"44,27106300";"4,51770900"
"202400047286";"19";"02";"2024";"13:10";"1";"18";"18087";"1";"1";"1";"7";"N/A";"46,87591700";"2,54772300"
"202400047287";"18";"04";"2024";"15:30";"1";"74";"74237";"2";"1";"1";"1";"Route nationale lieu-dit Bret";"46,39822700";"6,76895700"
"202400047288";"12";"06";"2024";"03:45";"5";"69";"69388";"2";"2";"1";"6";"Avenue de Pressensé";"45,73096000";"4,85964000"
"202400047289";"29";"03";"2024";"16:40";"1";"94";"94073";"2";"1";"3";"6";"Rue des Alouettes";"48,75279472";"2,37784320"
"202400047290";"6";"05";"2024";"08:20";"1";"91";"91667";"2";"1";"1";"6";"CORBEIL (RUE)";"48,66677000";"2,33284000"
"202400047291";"6";"01";"2024";"05:40";"5";"94";"94021";"2";"1";"1";"6";"Avenue de Stalingrad";"48,77193000";"2,36769000"
"202400047292";"5";"05";"2024";"11:14";"1";"87";"87085";"1";"1";"1";"6";"AUTOROUTE A20";"45,83982000";"1,28113000"
"202400047293";"20";"08";"2024";"19:00";"1";"57";"57667";"1";"1";"1";"3";"Rue Saint - Rufe";"49,23617485";"6,56201690"
"202400047294";"18";"02";"2024";"04:45";"3";"43";"43102";"1";"1";"5";"1";"Pont de l'Enceinte";"45,16112357";"4,17535313"
"202400047295";"23";"04";"2024";"15:30";"1";"74";"74224";"2";"1";"1";"1";"Place andrevetan";"46,06740100";"6,31146800"
"202400047296";"11";"06";"2024";"07:00";"1";"69";"69290";"2";"3";"1";"3";"Route de Lyon";"45,70770689";"4,90781026"
"202400047297";"6";"01";"2024";"19:40";"5";"94";"94017";"2";"3";"2";"3";"Rue Albert Thomas / Avenue Carnot";"48,81150000";"2,51050000"
"202400047298";"27";"03";"2024";"10:00";"1";"94";"94033";"2";"3";"1";"5";"Avenue de Lattre de Tassigny / Rue des Marais";"48,85778000";"2,49134000"
"202400047299";"6";"05";"2024";"21:45";"5";"83";"83137";"1";"9";"1";"6";"MOULINS (AVE DES DE 328 A FIN";"43,14618053";"5,91261649"
"202400047300";"14";"02";"2024";"09:05";"1";"85";"85182";"2";"2";"5";"6";"Rue catherine de thouars";"46,78155900";" -0,83710700"
"202400047301";"27";"04";"2024";"18:10";"1";"74";"74116";"1";"1";"1";"3";"D1203";"46,04797100";"6,26223900"
"202400047302";"18";"02";"2024";"07:10";"2";"27";"27295";"1";"2";"2";"6";"Route de la Cochonniere";"49,04678200";"0,56441300"
"202400047303";"30";"03";"2024";"11:25";"2";"94";"94028";"2";"1";"1";"1";"Avenue de la Saussaie du Ban";"48,76672900";"2,45669100"
"202400047304";"6";"01";"2024";"05:58";"5";"93";"93073";"1";"2";"1";"3";"Route De L'Epinette / Rue De Rome";"49,00810778";"2,55748272"
"202400047305";"12";"06";"2024";"16:40";"1";"64";"64445";"2";"6";"2";"3";"MARECHAL LECLERC DU";"43,30628000";" -0,33386000"
"202400047306";"6";"05";"2024";"07:45";"1";"83";"83126";"2";"3";"1";"3";"FARLEDE (CHEMIN DE LA)";"43,11633000";"5,85082000"
"202400047307";"18";"02";"2024";"17:40";"1";"30";"30210";"1";"1";"1";"7";"2030 Chemin de Campagne";"43,93035400";"4,00327200"
"202400047308";"19";"04";"2024";"00:20";"5";"74";"74010";"2";"1";"1";"6";"17 Rue du cep";"45,89021400";"6,09918200"
"202400047309";"29";"03";"2024";"19:40";"5";"94";"94028";"2";"4";"3";"6";"Route de la Pompadour / Chemin des Marais";"48,77296800";"2,43444010"
"202400047310";"20";"08";"2024";"18:24";"1";"51";"51263";"1";"1";"8";"1";"chemin forestier";"48,87394600";"3,70461300"
"202400047311";"6";"05";"2024";"19:50";"1";"81";"81065";"2";"2";"7";"3";"WAKEFIELD (ROND POINT)";"43,60067000";"2,23544000"
"202400047312";"6";"01";"2024";"16:50";"1";"93";"93047";"2";"2";"1";"3";"Avenue des Myosotis / Avenue des Charmilles";"48,89240000";"2,54884000"
"202400047313";"12";"06";"2024";"08:30";"1";"64";"64122";"2";"2";"1";"3";"VERDUN (AVENUE DE)";"43,48080000";" -1,54530000"
"202400047314";"29";"03";"2024";"08:20";"1";"94";"94002";"2";"1";"8";"3";"Rue Paul Vaillant Couturier";"48,81256000";"2,41613000"
"202400047315";"14";"04";"2024";"12:25";"1";"74";"74100";"1";"1";"1";"6";"D992";"46,00435500";"5,86190300"
"202400047316";"18";"02";"2024";"19:30";"5";"68";"68375";"2";"1";"3";"2";"45 Rue de Cernay";"47,80933000";"7,23329300"
"202400047317";"20";"08";"2024";"16:30";"1";"56";"56174";"2";"1";"1";"7";"30 Chemin des Petits Bois";"47,88909000";" -2,84984700"
"202400047318";"24";"09";"2024";"07:10";"1";"972";"97209";"2";"3";"1";"6";"JEUNESSE (RUE DE LA)";"14,63032000";" -61,05508000"
"202400047319";"6";"05";"2024";"11:50";"1";"77";"77487";"2";"1";"1";"6";"PLAINE DE LA CROIX ST BESNARD (RUE)";"48,53265000";"2,69529200"
"202400047320";"6";"01";"2024";"13:00";"1";"92";"92050";"2";"2";"1";"3";"BOUVETS BOULEVARD DES";"48,89687880";"2,22403027"
"202400047321";"4";"06";"2024";"13:00";"1";"62";"62510";"2";"6";"1";"3";"Rue Montgolfier";"50,42523000";"2,77598000"
"202400047322";"1";"02";"2024";"15:25";"1";"35";"35189";"1";"4";"1";"7";"le Tuel";"48,16043900";" -1,72886100"
"202400047323";"10";"04";"2024";"11:45";"1";"74";"74256";"2";"6";"1";"1";"Avenue de geneve";"45,94978800";"6,62969100"
"202400047324";"28";"03";"2024";"19:40";"5";"94";"94002";"2";"2";"1";"3";"Rue du Port à l'Anglais";"48,79837000";"2,42050000"
"202400047325";"6";"05";"2024";"05:25";"4";"77";"77372";"2";"1";"8";"6";"PARIS  (RUE DE  )";"48,88129000";"2,68969000"
"202400047326";"23";"09";"2024";"07:30";"1";"971";"97101";"1";"1";"1";"1";"LE RAIZET(SECTEUR)";"16,25385288";" -61,53573006"
"202400047327";"20";"08";"2024";"17:30";"1";"56";"56185";"1";"1";"1";"2";"Kergrenn";"47,78862300";" -3,43674700"
"202400047328";"6";"01";"2024";"01:30";"5";"92";"92025";"2";"1";"1";"3";"PRESIDENT SALVADOR ALLENDE (RUE DU)";"48,92012434";"2,22805023"
"202400047329";"18";"02";"2024";"08:00";"2";"91";"91649";"1";"1";"8";"1";"D31";"48,54672827";"2,34866147"
"202400047330";"12";"06";"2024";"21:05";"1";"60";"60057";"2";"9";"1";"3";"Boulevard Saint-André";"49,43281820";"2,08997941"
"202400047331";"29";"03";"2024";"13:45";"1";"93";"93078";"2";"1";"1";"7";"Boulevad Laurent et Danielle Casanova";"48,96255000";"2,52440000"
"202400047332";"2";"02";"2024";"20:15";"3";"73";"73252";"1";"1";"1";"3";"A43 PK147+000 sens ITALIE - FRANCE";"45,42555430";"6,27259310"
"202400047333";"2";"05";"2024";"17:00";"1";"77";"77433";"1";"1";"2";"2";"EPIEDS  (LIEU DIT)";"48,79191000";"3,04158000"
"202400047334";"15";"08";"2024";"00:01";"3";"76";"76560";"2";"1";"1";"6";"4649 Route de Lyons la Foret";"49,42661900";"1,17272100"
"202400047335";"6";"01";"2024";"04:30";"5";"92";"92012";"2";"1";"1";"2";"PIERRE GRENIER (AVENUE)";"48,82951254";"2,25128174"
"202400047336";"17";"02";"2024";"11:00";"1";"974";"97417";"1";"1";"1";"3";"Route Nationale 2 le Tremblet";" -21,28755500";"55,79638500"
"202400047337";"24";"09";"2024";"18:24";"1";"91";"91479";"1";"1";"8";"4";"RTE NATIONALE 7";"48,72874691";"2,36848712"
"202400047338";"12";"06";"2024";"17:10";"1";"59";"59599";"2";"2";"1";"1";"Rue de Gand";"50,72757000";"3,15836000"
"202400047339";"29";"03";"2024";"16:50";"1";"93";"93078";"2";"2";"2";"2";"Avenue Georges Clémenceau / Avenue Charles de Gaulle";"48,95838107";"2,55808711"
"202400047340";"14";"07";"2024";"07:00";"1";"987";"98735";"2";"2";"1";"6";"PRINCE HINOI (AVENUE)";" -17,53632000";" -149,56728000"
"202400047341";"21";"08";"2024";"20:20";"2";"80";"80183";"1";"1";"1";"2";"D936";"49,95977900";"1,73515300"
"202400047342";"6";"05";"2024";"17:25";"1";"69";"69290";"2";"1";"2";"6";"36 Route d'Heyrieux";"45,68814000";"4,94199000"
"202400047343";"6";"01";"2024";"15:05";"1";"60";"60006";"1";"1";"1";"2";"D200";"49,31814300";"2,57601500"
"202400047344";"18";"02";"2024";"22:45";"3";"973";"97311";"2";"1";"1";"6";"Route de Saint Jean";"5,46863600";" -54,04456400"
"202400047345";"12";"06";"2024";"02:40";"4";"59";"59646";"2";"1";"1";"6";"Rue de Mouvaux";"50,68986933";"3,13305016"
"202400047346";"14";"07";"2024";"16:50";"1";"976";"97611";"2";"1";"1";"6";"cavani-Briquetterie ( rue de la )";" -12,78200000";"45,22300000"
"202400047347";"2";"05";"2024";"20:11";"1";"68";"68149";"2";"1";"1";"6";"MARQUIS DE PUISIEUX ( RUE DU )";"47,58668000";"7,58077000"
"202400047348";"6";"01";"2024";"22:30";"3";"63";"63425";"2";"6";"2";"7";"D795";"45,67266000";"3,12737500"
"202400047349";"23";"09";"2024";"20:41";"4";"87";"87065";"1";"1";"3";"6";"AUTOROUTE A20";"45,79918400";"1,29613300"
"202400047350";"29";"03";"2024";"21:52";"5";"93";"93066";"2";"2";"2";"3";"Rue des Boucheries / Rue de la Boulangerie";"48,93468000";"2,35695000"
"202400047351";"12";"06";"2024";"09:30";"1";"54";"54575";"1";"1";"1";"7";"RN52";"49,46379500";"5,85008600"
"202400047352";"21";"08";"2024";"09:00";"1";"81";"81145";"1";"2";"1";"3";"Route des Barrières";"43,87735200";"1,78689300"
"202400047353";"23";"09";"2024";"18:40";"1";"87";"87085";"2";"1";"2";"6";"ARCADES (BOULEVARD DES)";"45,85185700";"1,26443000"
"202400047354";"6";"05";"2024";"17:25";"1";"67";"67482";"2";"1";"2";"6";"Edmond Michelet (rue)";"48,57398000";"7,76690000"
"202400047355";"14";"07";"2024";"15:50";"1";"974";"97416";"1";"1";"1";"1";"CHARLES ISAUTIER(RUE)";" -21,31760000";"55,45122000"
"202400047356";"7";"01";"2024";"15:00";"1";"973";"97362";"2";"2";"1";"3";"Rue Akabou";"3,80838600";" -54,15170800"
"202400047357";"18";"02";"2024";"20:00";"3";"91";"91226";"1";"1";"2";"3";"N20";"48,50743200";"2,20097200"
"202400047358";"29";"03";"2024";"19:15";"3";"93";"93066";"2";"3";"2";"6";"Rue Danielle Casanova / Cours du Rû de Montfort";"48,92640800";"2,36623900"
"202400047359";"6";"05";"2024";"14:25";"1";"66";"66136";"2";"1";"1";"7";"Rue de la République";"42,69863649";"2,88995683"
"202400047360";"20";"08";"2024";"08:08";"1";"32";"32182";"1";"9";"1";"6";"D247";"43,55263800";"0,90598600"
"202400047361";"10";"06";"2024";"20:59";"2";"51";"51454";"2";"1";"1";"7";"Rue Berthe Morisot";"49,22576000";"4,01278000"
"202400047362";"14";"07";"2024";"04:30";"5";"974";"97411";"2";"1";"1";"2";"RAMBAUD (LEOPOLD)";" -20,88633000";"55,48267000"
"202400047363";"7";"01";"2024";"00:05";"3";"972";"97210";"1";"1";"1";"1";"N6";"14,61269600";" -60,91572400"
"202400047364";"23";"09";"2024";"15:17";"1";"87";"87085";"1";"1";"1";"2";"AUTOROUTE A20";"45,91337000";"1,29337000"
"202400047365";"18";"02";"2024";"15:20";"1";"78";"78128";"1";"6";"2";"3";"Rue de Limours";"48,66873100";"1,98862200"
"202400047366";"29";"03";"2024";"09:10";"1";"93";"93077";"2";"2";"1";"6";"Grande Rue / Avenue du Capitaine Louys";"48,88283000";"2,51440000"