"Num_Acc";"jour";"mois";"an";"hrmn";"lum";"dep";"com";"agg";"int";"atm";"col";"adr";"lat";"long"
"202400047367";"5";"05";"2024";"18:00";"1";"65";"65440";"2";"2";"1";"3";"LARREY (RUE)";"43,23021000";"0,07881000"
"202400047368";"12";"06";"2024";"13:25";"1";"50";"50147";"2";"1";"1";"6";"DU CLOS DU PUITS";"49,05583000";" -1,43493000"
"202400047369";"6";"01";"2024";"16:30";"1";"44";"44001";"1";"1";"1";"6";"la huchetiere";"47,56296800";" -1,52185300"
"202400047370";"18";"08";"2024";"13:37";"1";"71";"71133";"1";"1";"1";"1";"route de gothard";"46,28391100";"4,29864800"
"202400047371";"5";"05";"2024";"07:40";"1";"64";"64132";"2";"1";"1";"7";"CORPS FRANC POMMIES DU";"43,30469000";" -0,31959000"
"202400047372";"29";"03";"2024";"15:00";"1";"93";"93053";"2";"1";"1";"3";"Rue de Brément";"48,88720600";"2,46672100"
"202400047373";"16";"02";"2024";"13:15";"1";"66";"66176";"2";"3";"1";"3";"avenue du maréchal joffre";"42,78490600";"2,96517700"
"202400047374";"11";"06";"2024";"17:40";"1";"49";"49246";"2";"1";"1";"7";"HUGO VICTOR RUE";"47,42859000";" -0,52766000"
"202400047375";"21";"09";"2024";"00:40";"5";"87";"87085";"2";"3";"1";"3";"RUBEN (AVENUE ERNEST)";"45,82354000";"1,25115000"
"202400047376";"19";"02";"2024";"01:15";"3";"34";"34154";"1";"1";"1";"6";"CD 189";"43,59683400";"3,95327600"
"202400047377";"15";"07";"2024";"00:00";"5";"69";"69387";"2";"2";"1";"3";"Avenue Berthelot";"45,74230000";"4,85060000"
"202400047378";"5";"05";"2024";"18:15";"1";"64";"64024";"2";"2";"3";"3";"JOUANICOT (RUE DE)";"43,49250000";" -1,52080000"
"202400047379";"29";"03";"2024";"19:40";"5";"93";"93048";"2";"3";"3";"3";"Avenue Ernest Renan / Rue Lenain de Tillemont";"48,85660052";"2,46655136"
"202400047380";"18";"02";"2024";"11:00";"1";"21";"21038";"2";"1";"1";"7";"1 Rue de Chevigny";"47,19365300";"5,39376100"
"202400047381";"6";"01";"2024";"09:30";"1";"87";"87038";"1";"1";"2";"6";"Rue Saint-eloi";"45,90817800";"1,26490300"
"202400047382";"11";"06";"2024";"17:50";"1";"49";"49007";"2";"1";"1";"3";"CAPUCINS SQUARE ET RUE";"47,48786000";" -0,55416000"
"202400047383";"24";"09";"2024";"20:20";"5";"83";"83137";"2";"6";"1";"6";"RIVIERE NEUVE (QUAI DE LA)";"43,13195000";"5,90409000"
"202400047384";"29";"03";"2024";"14:05";"1";"93";"93032";"2";"1";"1";"2";"Rue Aristide Briand";"48,87897429";"2,53329992"
"202400047385";"3";"05";"2024";"17:06";"1";"62";"62035";"2";"6";"1";"3";"D181E4";"50,53117000";"2,60398000"
"202400047386";"13";"07";"2024";"13:58";"1";"91";"91339";"1";"1";"1";"2";"RTE NATIONALE 20";"48,63100000";"2,27100000"
"202400047387";"6";"02";"2024";"09:30";"1";"07";"07324";"2";"1";"1";"3";"Avenue Helene de Tournon";"45,05434800";"4,83845800"
"202400047388";"20";"08";"2024";"11:15";"1";"63";"63233";"1";"2";"1";"3";"RD533";"46,18396600";"2,81770300"
"202400047389";"6";"05";"2024";"20:11";"1";"61";"61006";"2";"1";"2";"6";"Voie Communale";"48,74358100";" -0,02209600"
"202400047390";"18";"02";"2024";"03:30";"5";"07";"07182";"2";"1";"1";"7";"Route de Jaujac";"44,64267400";"4,31500900"
"202400047391";"30";"03";"2024";"17:00";"1";"93";"93047";"2";"9";"1";"6";"Avenue Jean Jaurés";"48,89885951";"2,54885790"
"202400047392";"24";"09";"2024";"06:40";"2";"83";"83137";"1";"1";"1";"2";"BRIAND (AVE ARISTIDE DE 1 A 1219";"43,12376000";"5,89588000"
"202400047393";"14";"07";"2024";"11:15";"1";"91";"91514";"2";"9";"1";"6";"RUE DE LA GARE";"48,67915000";"2,53488000"
"202400047394";"12";"06";"2024";"12:45";"1";"44";"44184";"2";"2";"1";"3";"52 Rue du Maine";"47,27754456";" -2,21096367"
"202400047395";"6";"05";"2024";"08:35";"1";"61";"61001";"2";"2";"1";"3";"D26";"48,44299100";"0,08785900"
"202400047396";"19";"02";"2024";"10:00";"1";"69";"69099";"1";"2";"1";"3";"Route de Clermont";"45,72431200";"4,39019100"
"202400047397";"30";"03";"2024";"20:20";"3";"93";"93005";"2";"5";"1";"3";"Avenue Pierre Semard / Avenue Paul Vaillant Couturier";"48,92940514";"2,48005629"
"202400047398";"23";"09";"2024";"16:10";"1";"82";"82033";"1";"1";"1";"2";"Route de Belleperche";"44,01884000";"1,11869000"
"202400047399";"14";"07";"2024";"11:20";"1";"91";"91201";"2";"1";"1";"6";"BD HENRI BARBUSSE";"48,69540000";"2,41440000"
"202400047400";"19";"08";"2024";"15:35";"1";"86";"86113";"2";"3";"1";"7";"rue du coteau";"46,48370300";"0,30807000"
"202400047401";"6";"05";"2024";"18:40";"1";"59";"59367";"1";"1";"1";"2";"RD 700";"50,67144000";"3,22349000"
"202400047402";"12";"06";"2024";"10:09";"1";"38";"38151";"2";"3";"1";"6";"AVENUE DES F.T.P.F.";"45,14803655";"5,72420955"
"202400047403";"18";"02";"2024";"19:22";"5";"09";"09160";"2";"1";"1";"7";"Avenue Général de Gaulle";"42,92946400";"1,85679100"
"202400047404";"29";"03";"2024";"07:45";"1";"92";"92077";"2";"1";"1";"6";"MARNES (ROUTE DE)";"48,82704650";"2,18755031"
"202400047405";"18";"02";"2024";"19:45";"3";"31";"31229";"1";"1";"1";"6";"Route de Rieumes";"43,32565400";"1,12614700"
"202400047406";"14";"07";"2024";"06:20";"1";"91";"91027";"2";"1";"1";"3";"AV FRANCOIS MITTERRAND";"48,70855000";"2,37142000"
"202400047407";"6";"05";"2024";"09:55";"1";"58";"58194";"2";"3";"1";"3";"JEAN MOULIN";"46,98467000";"3,17790000"
"202400047408";"23";"09";"2024";"17:05";"1";"79";"79081";"2";"3";"8";"3";"N/A";"46,34195000";" -0,38448000"
"202400047409";"12";"06";"2024";"19:20";"1";"35";"35238";"2";"1";"1";"6";"GAUTIER (SQUARE GERMAIN)";"48,10194000";" -1,70616000"
"202400047410";"19";"02";"2024";"13:45";"1";"17";"17092";"1";"1";"8";"7";"Impasse de chez Fradin";"45,33612100";" -0,41862300"
"202400047411";"20";"08";"2024";"09:25";"1";"22";"22147";"1";"1";"3";"5";"N164";"48,19488300";" -2,37561100"
"202400047412";"5";"05";"2024";"05:24";"2";"56";"56083";"2";"6";"1";"7";"ALLENDE ( AV. PRES. SALVADOR )";"47,80862000";" -3,25585000"
"202400047413";"28";"03";"2024";"08:37";"1";"92";"92072";"2";"9";"1";"2";"GRANDE RUE";"48,82081523";"2,20154679"
"202400047414";"24";"09";"2024";"17:12";"1";"78";"78551";"2";"1";"3";"6";"FOURQUEUX (ROUTE DE)";"48,89315000";"2,08690000"
"202400047415";"17";"02";"2024";"16:15";"1";"33";"33018";"2";"3";"1";"7";"65 Avenue de la République";"45,01617100";" -0,38076000"
"202400047416";"13";"07";"2024";"21:08";"1";"90";"90010";"2";"3";"1";"3";"JAURES (AVENUE JEAN) A 150 ET 117";"47,65221000";"6,85038000"
"202400047417";"12";"06";"2024";"18:50";"1";"35";"35278";"1";"1";"1";"2";"RD 137";"48,16259563";" -1,70805484"
"202400047418";"29";"03";"2024";"01:53";"3";"92";"92064";"2";"1";"1";"6";"SURESNES";"48,85780053";"2,22043329"
"202400047419";"21";"08";"2024";"08:40";"1";"44";"44014";"1";"1";"1";"6";"Beausejour";"47,07389200";" -1,52155300"
"202400047420";"3";"05";"2024";"19:26";"2";"56";"56098";"2";"6";"1";"3";"Avenue Kesler-Devillers";"47,76719700";" -3,33970300"
"202400047421";"17";"02";"2024";"11:50";"1";"44";"44172";"2";"6";"1";"6";"Rue du Pavillon";"47,25347800";" -1,47550500"
"202400047422";"12";"06";"2024";"14:50";"1";"35";"35051";"1";"1";"1";"7";"ROCADE 2-3";"48,10657000";" -1,59927000"
"202400047423";"18";"02";"2024";"08:15";"2";"35";"35257";"1";"1";"2";"6";"Le Theil";"48,40711200";" -1,33868500"
"202400047424";"30";"03";"2024";"18:15";"1";"92";"92040";"2";"6";"8";"6";"RESISTANCE (PLACE DE LA)";"48,82139200";"2,25027090"
"202400047425";"8";"07";"2024";"11:20";"1";"88";"88413";"2";"2";"1";"7";"Rue du 10éme BCP";"48,28079000";"6,95458000"
"202400047426";"22";"08";"2024";"17:55";"3";"44";"44131";"1";"1";"2";"6";"N/A";"47,10641956";" -2,05683449"
"202400047427";"6";"05";"2024";"08:51";"1";"54";"54395";"2";"2";"3";"3";"Rue des Tiercelins";"48,69055434";"6,18891299"
"202400047428";"23";"09";"2024";"17:05";"1";"77";"77251";"2";"2";"2";"3";"AV PIERRE POINT";"48,62746000";"2,56029000"
"202400047429";"29";"03";"2024";"18:30";"2";"92";"92026";"2";"1";"2";"6";"VIINGT DEUX SEPTEMBRE";"48,90521366";"2,27259814"
"202400047430";"18";"02";"2024";"16:40";"1";"76";"76020";"1";"2";"8";"3";"D64";"49,45673300";"0,91154600"
"202400047431";"12";"06";"2024";"09:00";"1";"35";"35281";"2";"1";"1";"3";"POTTIER (RUE EUGENE)";"48,06752878";" -1,72013015"
"202400047432";"21";"04";"2024";"01:35";"3";"52";"52121";"2";"3";"1";"6";"VAL PONCE (RUE DU)";"48,08450000";"5,14300000"
"202400047433";"14";"07";"2024";"01:00";"3";"85";"85194";"2";"6";"1";"1";"Rue ernest landrieau";"46,50726000";" -1,75652200"
"202400047434";"30";"03";"2024";"09:55";"1";"92";"92025";"2";"1";"8";"6";"JEANNE GLEUZER (RUE)";"48,91590823";"2,22887546"
"202400047435";"19";"02";"2024";"11:27";"1";"60";"60241";"1";"1";"8";"7";"D922";"49,11691700";"2,64772700"
"202400047436";"11";"06";"2024";"19:00";"1";"33";"33065";"2";"9";"1";"1";"Parking Leroy Merlin";"44,81807000";" -0,52272000"
"202400047437";"6";"05";"2024";"17:00";"1";"51";"51454";"2";"6";"1";"3";"BRIAND (PLACE ARISTIDE)";"49,25715600";"4,03930400"
"202400047438";"24";"09";"2024";"20:16";"5";"71";"71270";"2";"6";"2";"3";"JUIN (AVENUE DU MARECHAL)";"46,32473000";"4,83850000"
"202400047439";"30";"03";"2024";"13:46";"1";"92";"92024";"2";"1";"1";"6";"JEAN JAURES (BD) DE 47 A 109)   (56 A 14";"48,90098013";"2,30543339"
"202400047440";"18";"02";"2024";"02:27";"5";"13";"13212";"1";"1";"1";"2";"A507 sens Marseille - Aubagne";"43,30609000";"5,42538000"
"202400047441";"14";"08";"2024";"19:55";"1";"29";"29284";"2";"3";"1";"6";"Avenue du Port";"47,79377077";" -4,27765386"
"202400047442";"14";"07";"2024";"00:01";"5";"85";"85194";"2";"1";"1";"2";"Rue du docteur laennec ";"46,49745300";" -1,76517248"
"202400047443";"8";"06";"2024";"11:15";"1";"30";"30189";"2";"1";"1";"6";"JAURES JEAN (BOULEVARD)";"43,83265000";"4,35153000"
"202400047444";"6";"05";"2024";"11:13";"1";"51";"51454";"2";"1";"1";"6";"Rue Hincmar";"49,25196500";"4,03139200"
"202400047445";"30";"03";"2024";"20:25";"5";"92";"92012";"2";"1";"1";"6";"POINT DU JOUR (QUAI DU)";"48,83105351";"2,25815070"
"202400047446";"20";"08";"2024";"15:15";"1";"58";"58140";"2";"1";"1";"7";"Rue des Caves";"46,87727400";"4,00180200"
"202400047447";"23";"09";"2024";"21:00";"5";"69";"69259";"2";"2";"1";"3";"Avenue d'Oschatz";"45,69490000";"4,87997000"
"202400047448";"12";"06";"2024";"08:05";"1";"23";"23096";"2";"1";"1";"6";"GAMBETTA (AVENUE)";"46,17255000";"1,87721000"
"202400047449";"17";"02";"2024";"06:30";"4";"13";"13211";"1";"1";"1";"2";"A50-Sens Aubagne vers Marseille";"43,28926028";"5,49417318"
"202400047450";"13";"07";"2024";"18:40";"1";"83";"83050";"2";"1";"1";"1";"FOLLETIERE(CHEMIN DE)";"43,54347446";"6,46165801"
"202400047451";"3";"05";"2024";"22:30";"5";"50";"50129";"2";"1";"1";"3";"SALINE (BOULEVARD DE LA)";"49,65434000";" -1,64951000"
"202400047452";"20";"08";"2024";"17:20";"1";"06";"06079";"2";"1";"1";"7";"302 Avenue du Maréchal Juin";"43,53437400";"6,93485100"
"202400047453";"30";"03";"2024";"01:30";"3";"92";"92012";"2";"1";"3";"6";"PONT DE SEVRES (METRO)";"48,82889325";"2,22817826"
"202400047454";"6";"05";"2024";"14:05";"1";"49";"49353";"2";"1";"3";"6";"JEAN JAURES RUE";"47,44493000";" -0,50289000"
"202400047455";"29";"03";"2024";"14:10";"1";"92";"92012";"2";"1";"1";"7";"EDOUARD VAILLANT (AVENUE) - DEBUT/55 - C";"48,83636000";"2,25217000"
"202400047456";"20";"08";"2024";"16:00";"1";"90";"90033";"2";"1";"1";"1";"Faubourg de Montbéliard";"47,50503300";"6,99280900"
"202400047457";"24";"09";"2024";"14:30";"1";"64";"64445";"2";"2";"1";"3";"LYAUTEY";"43,30862000";" -0,36397000"
"202400047458";"16";"02";"2024";"21:30";"3";"13";"13085";"1";"1";"1";"5";"A50-Sens Toulon vers Aubagne";"43,24813000";"5,59618000"
"202400047459";"10";"06";"2024";"17:10";"1";"13";"13205";"2";"2";"1";"3";"BAILLE (BOULEVARD)";"43,28943000";"5,39660000"
"202400047460";"4";"05";"2024";"20:03";"2";"49";"49007";"2";"6";"2";"7";"RAMON BOULEVARD";"47,48910000";" -0,54591000"
"202400047461";"18";"02";"2024";"00:55";"5";"38";"38449";"1";"1";"1";"6";"A43   18.875 A 21.100";"45,64960000";"5,11620000"
"202400047462";"14";"07";"2024";"12:30";"1";"81";"81065";"1";"2";"7";"2";"LAVAUR RD 112 (RTE DE)";"43,61538000";"2,17599000"
"202400047463";"28";"07";"2024";"22:00";"3";"90";"90090";"1";"1";"1";"6";"D50";"47,47068100";"6,97337400"
"202400047464";"19";"09";"2024";"18:45";"1";"62";"62225";"1";"1";"1";"3";"D209";"50,77660066";"2,34476688"
"202400047465";"20";"04";"2024";"14:00";"1";"42";"42259";"1";"1";"1";"7";"Route de la Vigne";"45,54934845";"4,60328311"
"202400047466";"11";"06";"2024";"18:50";"1";"11";"11069";"2";"9";"1";"3";"N/A";"43,22600000";"2,33100000"
"202400047467";"28";"03";"2024";"17:20";"1";"92";"92012";"2";"3";"8";"3";"ANATOLE FRANCE (BOULEVARD) 5/FIN";"48,85033462";"2,23777261"
"202400047468";"13";"07";"2024";"22:40";"5";"76";"76640";"2";"1";"1";"6";"Rue de la Villette";"49,28430000";"1,04372000"
"202400047469";"18";"02";"2024";"00:01";"3";"94";"94038";"1";"1";"1";"6";"A6A";"48,78216174";"2,34666688"
"202400047470";"5";"05";"2024";"19:15";"1";"42";"42218";"1";"1";"1";"6";"Rue Berthelot";"45,41543000";"4,39932000"
"202400047471";"21";"08";"2024";"19:30";"2";"18";"18105";"1";"1";"7";"3";"N/A";"47,12995100";"2,71868700"
"202400047472";"12";"06";"2024";"19:56";"1";"06";"06088";"2";"9";"1";"6";"16 Rue Saint-Philippe";"43,69536000";"7,25519000"
"202400047473";"20";"09";"2024";"09:15";"1";"62";"62186";"2";"3";"1";"3";"D166E2";"50,44760000";"2,70168000"
"202400047474";"18";"02";"2024";"11:45";"1";"95";"95488";"1";"1";"2";"2";"A15";"49,02485007";"2,13227752"
"202400047475";"14";"07";"2024";"16:25";"1";"69";"69256";"2";"1";"1";"3";"Avenue Gabriel Péri";"45,77467000";"4,91387000"
"202400047476";"6";"05";"2024";"23:05";"5";"37";"37261";"2";"1";"3";"1";"CHAUTEMPS (AVENUE CAMILLE)";"47,37734106";"0,72684288"
"202400047477";"29";"02";"2024";"20:15";"5";"92";"92007";"2";"1";"2";"1";"HUGO (AVENUE VICTOR)";"48,80592085";"2,32471347"
"202400047478";"18";"02";"2024";"12:50";"1";"94";"94018";"1";"1";"2";"6";"A4";"48,82253799";"2,39690691"
"202400047479";"24";"09";"2024";"07:45";"2";"61";"61001";"2";"2";"8";"3";"D112";"48,43801700";"0,08644600"
"202400047480";"21";"08";"2024";"18:55";"1";"53";"53200";"1";"1";"1";"3";"Villeray";"48,28410018";" -0,64609158"
"202400047481";"12";"06";"2024";"18:50";"1";"06";"06069";"2";"9";"1";"2";"148 Avenue Jean Maubert (ancienne route du Plan)";"43,64370000";"6,95527000"
"202400047482";"18";"02";"2024";"07:55";"1";"77";"77495";"1";"1";"1";"2";"A5B";"48,57523020";"2,63897523"
"202400047483";"6";"05";"2024";"13:35";"1";"35";"35051";"2";"9";"2";"2";"ROCADE 3-4";"48,10254389";" -1,60824984"
"202400047484";"21";"09";"2024";"19:22";"1";"61";"61077";"2";"1";"3";"6";"Voie Communale";"48,44158000";"0,12893700"
"202400047485";"20";"08";"2024";"18:20";"1";"21";"21063";"1";"1";"1";"7";"D959";"47,68778200";"4,94419800"
"202400047486";"14";"07";"2024";"11:10";"1";"64";"64445";"2";"2";"1";"3";"ALSACE LORRAINE D'";"43,30492000";" -0,37057000"
"202400047487";"29";"03";"2024";"21:45";"3";"92";"92004";"2";"3";"1";"2";"FAIDHERBE ( AVENUE )";"48,90802449";"2,26773280"
"202400047488";"30";"05";"2024";"14:00";"1";"02";"02738";"2";"1";"2";"2";"HOUDON";"49,66516300";"3,28279700"
"202400047489";"16";"02";"2024";"11:00";"1";"76";"76540";"2";"3";"1";"6";"Rue Saint-nicolas";"49,44144000";"1,09560000"
"202400047490";"24";"09";"2024";"16:50";"1";"59";"59599";"2";"1";"2";"6";"NATIONALE (RUE)";"50,72491900";"3,15000800"
"202400047491";"6";"05";"2024";"07:10";"2";"35";"35238";"2";"6";"1";"3";"YOUGOSLAVIE (BD DE)";"48,08750000";" -1,65108000"
"202400047492";"13";"07";"2024";"03:40";"3";"62";"62225";"2";"1";"1";"6";"D209";"50,77647000";"2,34133000"
"202400047493";"24";"09";"2024";"07:40";"2";"59";"59599";"2";"1";"1";"6";"LAFAYETTE ( AVENUE)";"50,71801800";"3,16893800"
"202400047494";"6";"05";"2024";"13:00";"1";"34";"34301";"2";"9";"2";"3";"JAURES JEAN (RUE)";"43,40266000";"3,69430300"
"202400047495";"2";"02";"2024";"07:36";"5";"92";"92078";"2";"2";"1";"3";"VERDUN (AVENUE) (PAIRS 92 ET PLUS)";"48,93489399";"2,32484694"
"202400047496";"15";"08";"2024";"15:20";"1";"30";"30324";"1";"2";"1";"3";"Route d'Uzès";"43,82468900";"4,12952900"
"202400047497";"12";"06";"2024";"11:48";"1";"01";"01283";"2";"6";"1";"2";"Cours de Verdun";"46,26697600";"5,65435300"
"202400047498";"29";"03";"2024";"08:10";"1";"92";"92004";"2";"3";"1";"2";"MENIL";"48,91918180";"2,28582644"
"202400047499";"4";"05";"2024";"09:58";"1";"34";"34032";"2";"1";"1";"6";"CADENAT JULES (BD)";"43,33874000";"3,25368000"
"202400047500";"17";"02";"2024";"19:45";"3";"974";"97421";"1";"1";"2";"6";"Salazie (route de)";" -21,00374259";"55,57446635"
"202400047501";"20";"08";"2024";"18:15";"2";"978";"97801";"2";"1";"1";"6";"Route Nationale 7";"18,09993700";" -63,05717800"
"202400047502";"24";"09";"2024";"13:50";"1";"56";"56121";"2";"3";"1";"3";"Avenue Chenailler dit colonel Morice";"47,73579000";" -3,38977000"
"202400047503";"14";"07";"2024";"20:00";"1";"62";"62413";"2";"1";"1";"5";"D162E1";"50,44130968";"2,89055032"
"202400047504";"6";"05";"2024";"13:15";"1";"33";"33281";"2";"9";"2";"3";"N/A";"44,83793000";" -0,67061000"
"202400047505";"20";"08";"2024";"11:00";"1";"38";"38253";"1";"1";"1";"6";"d1091";"45,03238700";"6,08729500"
"202400047506";"17";"02";"2024";"13:00";"1";"973";"97309";"2";"1";"1";"3";"TROUBIRAN (CHEMIN DE)";"4,91999000";" -52,30445000"
"202400047507";"12";"06";"2024";"12:15";"1";"01";"01053";"2";"1";"1";"4";"HERRIOT ( BOULEVARD EDOUARD COTE PAIR)";"46,20962000";"5,22726000"
"202400047508";"23";"09";"2024";"17:20";"1";"54";"54547";"2";"1";"1";"6";"Boulevard de l'Europe";"48,65445600";"6,17867600"
"202400047509";"17";"02";"2024";"19:10";"5";"69";"69383";"2";"2";"1";"6";"Rue de la Villette";"45,76294000";"4,86117000"
"202400047510";"13";"07";"2024";"17:30";"1";"62";"62498";"2";"3";"1";"3";"Rue Francois Fenelon";"50,44553000";"2,81520000"
"202400047511";"17";"02";"2024";"07:25";"2";"69";"69383";"2";"1";"1";"3";"Cours de la Liberté";"45,76042000";"4,84197000"
"202400047512";"30";"03";"2024";"01:26";"5";"92";"92004";"1";"3";"3";"3";"AULAGNIER ( QUAI )";"48,91407000";"2,30991000"
"202400047513";"24";"09";"2024";"11:20";"1";"51";"51454";"2";"3";"2";"3";"GIRAUD (AVENUE DU GENERAL)";"49,24076000";"4,05299000"
"202400047514";"21";"08";"2024";"09:30";"1";"42";"42163";"1";"1";"1";"1";"N7";"46,19404000";"3,84792900"
"202400047515";"12";"06";"2024";"13:35";"1";"01";"01053";"2";"3";"1";"1";"CROIX BLANCHE ( RUE DE LA ) PAIR";"46,20800000";"5,25677000"
"202400047516";"16";"02";"2024";"15:55";"1";"69";"69387";"2";"2";"1";"2";"Rue Garibaldi";"45,74792425";"4,85194116"
"202400047517";"23";"09";"2024";"18:27";"1";"51";"51454";"2";"1";"1";"3";"ROUSSEAU (PLACE MAX)";"49,26435000";"4,00985000"
"202400047518";"14";"07";"2024";"18:20";"1";"62";"62758";"2";"4";"7";"3";"D96";"50,72055000";"1,62903000"
"202400047519";"30";"03";"2024";"16:30";"1";"50";"50115";"1";"1";"1";"6";"D41";"48,77398500";" -1,37105400"
"202400047520";"20";"08";"2024";"18:30";"3";"971";"97115";"2";"1";"1";"3";"Bréfort";"16,26430900";" -61,64298400"
"202400047521";"14";"07";"2024";"06:15";"2";"61";"61077";"2";"1";"1";"6";"VC";"48,44110700";"0,12813200"
"202400047522";"17";"02";"2024";"20:36";"5";"972";"97213";"1";"1";"1";"3";"ROUTE DEPARTEMENTALE 15";"14,63848000";" -61,01017000"
"202400047523";"23";"09";"2024";"17:15";"1";"51";"51454";"2";"1";"1";"2";"PAYEN (RUE)";"49,25084000";"4,02406000"
"202400047524";"30";"03";"2024";"00:14";"3";"01";"01052";"1";"1";"1";"6";"départementale 2";"46,01743900";"5,00331800"
"202400047525";"11";"06";"2024";"21:35";"2";"75";"75114";"2";"4";"1";"6";"PORTE D ORLEANS";"48,81930280";"2,32866168"
"202400047526";"17";"02";"2024";"13:30";"1";"971";"97113";"1";"1";"1";"6";"ROGER ZAMI";"16,20737716";" -61,49327338"
"202400047527";"24";"09";"2024";"07:20";"2";"50";"50502";"2";"1";"2";"6";"BRIOVERE";"49,11644000";" -1,09922000"
"202400047528";"17";"02";"2024";"06:25";"1";"971";"97101";"2";"1";"1";"3";"ACHILLE RENE BOISNEUF (RUE)";"16,26657000";" -61,50900000"
"202400047529";"31";"03";"2024";"09:50";"1";"62";"62837";"1";"1";"1";"6";"D131";"50,65087236";"2,03819710"
"202400047530";"20";"08";"2024";"19:15";"1";"77";"77045";"2";"1";"3";"1";"D52";"48,19292700";"2,65933500"
"202400047531";"24";"09";"2024";"19:07";"1";"49";"49007";"2";"9";"1";"3";"BLAVIER";"47,47520000";" -0,53436000"
"202400047532";"14";"07";"2024";"05:36";"2";"59";"59378";"2";"5";"1";"3";"MARNE AVENUE DE LA";"50,67961000";"3,11430000"
"202400047533";"17";"02";"2024";"20:05";"5";"95";"95585";"2";"1";"1";"2";"D208";"48,98785902";"2,39006452"
"202400047534";"17";"02";"2024";"13:15";"1";"95";"95585";"2";"1";"1";"5";"D316";"48,97920302";"2,36852850"
"202400047535";"12";"06";"2024";"15:10";"1";"75";"75115";"2";"3";"1";"3";"PONT MIRABEAU";"48,84621100";"2,27664800"
"202400047536";"21";"08";"2024";"15:45";"1";"30";"30153";"1";"1";"1";"7";"D901";"44,42712200";"4,03014600"
"202400047537";"14";"07";"2024";"10:10";"1";"59";"59009";"2";"1";"1";"6";"DETROY ALEXANDRE RUE";"50,63594000";"3,12632000"
"202400047538";"24";"09";"2024";"07:50";"1";"49";"49007";"1";"1";"8";"4";"ATLANTIQUE  AVENUE DE L'";"47,46779000";" -0,58510000"
"202400047539";"31";"03";"2024";"11:10";"1";"41";"41013";"1";"1";"1";"1";"route de vernou - D60";"47,51582800";"1,63459700"
"202400047540";"11";"06";"2024";"23:50";"5";"75";"75111";"2";"1";"1";"6";"BOULEVARD VOLTAIRE";"48,85177800";"2,39022800"
"202400047541";"21";"08";"2024";"00:00";"3";"11";"11188";"1";"1";"6";"7";"D709";"42,96896900";"2,99880600"
"202400047542";"17";"02";"2024";"19:20";"5";"91";"91114";"2";"1";"1";"4";"RTE NATIONALE 6";"48,68001000";"2,49424000"
"202400047543";"14";"07";"2024";"00:50";"5";"59";"59183";"2";"1";"1";"6";"GEMBLOUX";"51,05276400";"2,41197500"
"202400047544";"23";"09";"2024";"07:55";"1";"49";"49007";"2";"1";"8";"3";"ACADEMIE PLACE";"47,46783000";" -0,55925000"
"202400047545";"11";"06";"2024";"13:40";"1";"75";"75111";"2";"3";"1";"7";"RUE DES BOULETS";"48,85229300";"2,38901900"
"202400047546";"21";"08";"2024";"14:00";"1";"05";"05070";"2";"1";"1";"3";"Avenue des Sports";"44,31765000";"5,82010900"
"202400047547";"30";"03";"2024";"22:00";"4";"972";"97207";"1";"1";"1";"2";"N5";"14,58194300";" -60,98002200"
"202400047548";"17";"02";"2024";"09:58";"1";"86";"86214";"2";"3";"1";"1";"D88";"46,54713800";"0,34268300"
"202400047549";"12";"07";"2024";"07:52";"1";"56";"56260";"2";"6";"7";"3";"Route de Sainte-Anne";"47,66914000";" -2,78835000"
"202400047550";"12";"06";"2024";"12:10";"1";"75";"75107";"2";"1";"1";"7";"RUE ERNEST PSICHARI";"48,85684000";"2,30770300"
"202400047551";"13";"08";"2024";"17:35";"1";"46";"46042";"1";"1";"1";"1";"Départementale D653";"44,47303000";"1,45588000"
"202400047552";"30";"03";"2024";"20:15";"5";"30";"30103";"1";"1";"1";"7";"D976";"43,95887400";"4,65768800"
"202400047553";"17";"02";"2024";"00:22";"3";"85";"85191";"2";"1";"1";"6";"Rue hubert cailler";"46,67310000";" -1,40968000"
"202400047554";"21";"08";"2024";"06:47";"1";"89";"89206";"2";"3";"1";"3";"23 Rue Robert Petit";"47,97452100";"3,39473200"
"202400047555";"17";"02";"2024";"16:00";"1";"82";"82033";"1";"1";"1";"7";"Route de Montauban";"44,03076000";"1,14972000"
"202400047556";"12";"06";"2024";"13:35";"1";"75";"75101";"2";"3";"1";"6";"QUAI DU LOUVRE";"48,85867100";"2,34162100"
"202400047557";"24";"09";"2024";"14:00";"1";"44";"44184";"2";"3";"1";"6";"64 Boulevard Albert 1er";"47,26112000";" -2,22464000"
"202400047558";"13";"07";"2024";"10:45";"1";"54";"54528";"1";"4";"1";"4";"RD960";"48,65214000";"5,87175000"
"202400047559";"30";"03";"2024";"17:38";"1";"79";"79063";"1";"1";"7";"7";"N/A";"47,04951100";" -0,34777000"
"202400047560";"17";"02";"2024";"23:15";"5";"80";"80021";"2";"1";"1";"6";"Rue Jules Barni";"49,88967000";"2,30885000"
"202400047561";"21";"08";"2024";"09:25";"1";"38";"38349";"2";"2";"2";"3";"Rue de la Planche";"45,30793000";"4,80168000"
"202400047562";"18";"02";"2024";"00:50";"3";"80";"80021";"2";"1";"1";"7";"Rue du Marché Lanselles";"49,89673000";"2,29784000"