"Num_Acc";"jour";"mois";"an";"hrmn";"lum";"dep";"com";"agg";"int";"atm";"col";"adr";"lat";"long"
"202400047946";"13";"07";"2024";"04:00";"5";100;100050";"2";"1";"1";"7";"Rue Clemenceau";"42,56733200";"8,75879900"
"202400047947";"21";"09";"2024";"23:25";"5";"92";"92024";"2";"6";"2";"3";"ASNIERES (PONT D')";"48,90343856";"2,28969920"
"202400047948";"19";"08";"2024";"14:45";"1";"36";"36159";"1";"1";"1";"6";"Avenue de la Forêt";"46,75717495";"1,72159662"
"202400047949";"29";"10";"2024";"17:10";"1";"75";"75115";"2";"1";"1";"3";"BD PERIPHERIQUE EXTERIEUR";"48,82896600";"2,28856200"
"202400047950";"3";"12";"2024";"10:50";"1";"51";"51030";"2";"6";"1";"6";"Route de l’Ecluse";"49,05550100";"3,99722600"
"202400047951";"12";"06";"2024";"15:45";"1";"91";"91363";"1";"4";"1";"5";"AUTOROUTE A10";"48,59336217";"2,04539993"
"202400047952";"24";"09";"2024";"06:40";"5";"92";"92012";"2";"1";"2";"2";"EDOUARD VAILLANT (AVENUE) 57/FIN - 58/FI";"48,83493914";"2,24787846"
"202400047953";"19";"08";"2024";"05:45";"2";"35";"35278";"1";"1";"1";"3";"RN 136";"48,14253000";" -1,65129000"
"202400047954";"29";"10";"2024";"09:00";"1";"75";"75118";"2";"1";"1";"3";"BD PERIPHERIQUE INTERIEUR";"48,90095400";"2,34666700"
"202400047955";"5";"12";"2024";"16:20";"2";"59";"59384";"2";"7";"2";"1";"Place Verte";"50,13482624";"3,76729599"
"202400047956";"12";"06";"2024";"16:10";"1";"77";"77251";"1";"1";"1";"6";"AUTOROUTE A5A";"48,61138200";"2,57199900"
"202400047957";"15";"07";"2024";"17:27";"1";"65";"65385";"1";"1";"1";"1";"D26";"43,03817600";"0,40224000"
"202400047958";"19";"08";"2024";"18:45";"1";"33";"33069";"2";"1";"1";"1";"N/A";"44,86309000";" -0,60855000"
"202400047959";"28";"10";"2024";"19:00";"5";"75";"75114";"2";"1";"1";"3";"BD PERIPHERIQUE EXTERIEUR";"48,82342500";"2,31027400"
"202400047960";"13";"09";"2024";"07:45";"2";"40";"40075";"1";"1";"1";"2";"A63 PK 16+000 sens Espagne - France";"43,88337800";" -1,13126600"
"202400047961";"12";"06";"2024";"06:00";"1";"91";"91521";"1";"1";"1";"3";"AUTOROUTE A6";"48,63739000";"2,39809000"
"202400047962";"4";"12";"2024";"17:37";"5";"82";"82134";"1";"1";"1";"1";"Route de Montricoux";"44,07258446";"1,53852332"
"202400047963";"14";"07";"2024";"16:20";"1";"33";"33236";"1";"1";"1";"1";"N/A";"44,72673300";" -1,19909100"
"202400047964";"28";"10";"2024";"16:30";"1";"75";"75113";"2";"1";"1";"2";"BD PERIPHERIQUE INTERIEUR";"48,81611400";"2,36252300"
"202400047965";"25";"09";"2024";"08:09";"2";"24";"24540";"1";"1";"1";"6";"4149 AVENUE DE LIMOGES 24420";"45,26522015";"0,85699821"
"202400047966";"6";"12";"2024";"00:50";"3";"65";"65461";"1";"1";"2";"6";"départementale 632";"43,30158700";"0,34779700"
"202400047967";"19";"08";"2024";"15:30";"1";"33";"33167";"2";"3";"1";"3";"N/A";"44,82565100";" -0,53596700"
"202400047968";"12";"06";"2024";"06:15";"1";"92";"92062";"1";"1";"1";"4";"A14";"48,89302103";"2,23481680"
"202400047969";"15";"07";"2024";"11:30";"1";"63";"63034";"1";"3";"1";"2";"RD2089 / Route de Courcourt";"45,80565787";"3,31675027"
"202400047970";"24";"09";"2024";"14:00";"1";"60";"60152";"1";"2";"2";"6";"Hameau de Froyères";"49,40051500";"2,61603400"
"202400047971";"29";"10";"2024";"07:30";"5";"75";"75119";"2";"2";"1";"6";"AVENUE JEAN JAURES";"48,88611700";"2,38308000"
"202400047972";"6";"12";"2024";"08:02";"1";"69";"69088";"2";"1";"2";"6";"Montée Roy";"45,82256800";"4,86197600"
"202400047973";"11";"06";"2024";"18:20";"1";"92";"92063";"1";"1";"1";"3";"A86";"48,88888880";"2,16803002"
"202400047974";"19";"08";"2024";"12:05";"1";"33";"33529";"1";"1";"1";"3";"N/A";"44,61479550";" -1,14397990"
"202400047975";"14";"07";"2024";"21:00";"1";"49";"49308";"2";"1";"1";"7";"Chemin de la cartonnière";"47,37716400";" -0,49998500"
"202400047976";"29";"10";"2024";"18:00";"5";"75";"75118";"2";"3";"1";"6";"RUE ORDENER";"48,89027400";"2,35833000"
"202400047977";"25";"09";"2024";"16:55";"1";"31";"31044";"2";"1";"1";"6";"3 Avenue Victor Hugo";"43,60611500";"1,49230100"
"202400047978";"30";"11";"2024";"18:30";"3";"11";"11084";"1";"9";"1";"1";"N/A";"43,21221100";"2,25024000"
"202400047979";"10";"06";"2024";"16:05";"1";"92";"92064";"1";"1";"1";"3";"A13";"48,83850309";"2,19236004"
"202400047980";"15";"07";"2024";"14:10";"1";"22";"22256";"1";"1";"1";"7";"Moulin de Kerlouët";"48,68581100";" -3,09004400"
"202400047981";"4";"12";"2024";"11:45";"1";"71";"71543";"2";"1";"7";"6";"2 Avenue du Clos Mouron";"46,56957800";"4,90425800"
"202400047982";"19";"08";"2024";"12:50";"1";"30";"30007";"2";"1";"1";"2";"JUIN (AVE DU MARECHAL)";"44,11870000";"4,10881000"
"202400047983";"12";"06";"2024";"20:20";"1";"95";"95018";"1";"1";"1";"1";"A15";"48,94967230";"2,28022080"
"202400047984";"28";"10";"2024";"18:30";"5";"75";"75117";"2";"2";"1";"3";"AVENUE DE CLICHY";"48,88911000";"2,32268100"
"202400047985";"15";"07";"2024";"09:15";"1";"39";"39189";"1";"1";"1";"2";"N/A";"47,07699800";"5,43214900"
"202400047986";"25";"09";"2024";"12:45";"1";"974";"97422";"2";"3";"1";"3";"Chemin Neuf";" -21,24837700";"55,51881600"
"202400047987";"18";"08";"2024";"18:10";"1";"29";"29232";"2";"1";"1";"6";"Rd 365 - Avenue du Morbihan";"47,97857884";" -4,04786871"
"202400047988";"12";"06";"2024";"10:10";"1";"95";"95241";"1";"1";"1";"2";"N104";"49,04560195";"2,44966673"
"202400047989";"28";"10";"2024";"16:45";"1";"75";"75114";"2";"3";"1";"7";"BOULEVARD JOURDAN";"48,82268600";"2,32797200"
"202400047990";"15";"07";"2024";"17:15";"1";"25";"25228";"2";"9";"1";"1";"Avenue Oehmichen";"47,51813900";"6,87995600"
"202400047991";"6";"12";"2024";"08:08";"2";"71";"71543";"2";"3";"1";"3";"Avenue de la Résistance";"46,56604000";"4,90152500"
"202400047992";"24";"09";"2024";"15:10";"1";"62";"62866";"2";"1";"1";"2";"D143";"50,38153900";"1,65209600"
"202400047993";"6";"08";"2024";"18:30";"1";"15";"15014";"2";"6";"1";"3";"Giratoire Garric Tronquières";"44,90397000";"2,42669000"
"202400047994";"28";"10";"2024";"21:42";"5";"75";"75109";"2";"1";"1";"2";"RUE DU FAUBOURG MONTMARTRE";"48,87201200";"2,34318600"
"202400047995";"28";"02";"2024";"16:40";"1";"84";"84031";"2";"4";"1";"1";"SAINTE FAMILLE CHEMIN DE LA";"44,04374000";"5,04594000"
"202400047996";"9";"07";"2024";"18:15";"1";"25";"25601";"1";"1";"1";"1";"D19";"47,18214400";"6,41837600"
"202400047997";"4";"12";"2024";"23:30";"5";"63";"63050";"2";"1";"1";"6";"Route de Megecoste";"45,40157871";"3,32834764"
"202400047998";"18";"08";"2024";"23:40";"3";"13";"13039";"1";"1";"1";"2";"ROUTE NATIONALE 569";"43,46236476";"4,92229387"
"202400047999";"21";"02";"2024";"20:20";"5";"84";"84031";"1";"6";"1";"7";"MONTEUX CHEMIN DE";"44,04496000";"5,02868000"
"202400048000";"29";"10";"2024";"14:00";"1";"75";"75108";"2";"1";"1";"6";"AVENUE DES CHAMPS ELYSEES";"48,87170900";"2,30184600"
"202400048001";"14";"07";"2024";"19:50";"1";"25";"25105";"1";"8";"1";"7";"D12";"47,10188700";"5,84144900"
"202400048002";"23";"09";"2024";"17:00";"1";"63";"63178";"1";"1";"1";"4";"A75 -diff 13 - bretelle sortie sens 1 vers Issoire";"45,54303798";"3,26671600"
"202400048003";"26";"10";"2024";"22:45";"3";"61";"61096";"1";"1";"2";"1";"D848";"48,53384200";" -0,45996100"
"202400048004";"19";"08";"2024";"03:50";"5";"13";"13209";"2";"2";"1";"3";"MICHELET (BOULEVARD)";"43,26321970";"5,39658766"
"202400048005";"29";"10";"2024";"16:35";"1";"75";"75101";"2";"2";"1";"6";"BOULEVARD DU PALAIS";"48,85618000";"2,34654400"
"202400048006";"14";"07";"2024";"21:30";"3";"25";"25119";"1";"1";"1";"2";"D70";"47,25772300";"5,91681400"
"202400048007";"17";"02";"2024";"16:30";"1";"84";"84036";"2";"3";"1";"3";"route de saint saturnin les avignon";"43,92780000";"4,94897600"
"202400048008";"6";"12";"2024";"07:05";"5";"61";"61145";"2";"1";"1";"6";"5 Rue de la République";"48,59171600";" -0,64601600"
"202400048009";"14";"07";"2024";"10:11";"1";"29";"29206";"1";"1";"1";"7";"Départementale 29";"48,63713390";" -4,21474760"
"202400048010";"22";"09";"2024";"19:00";"1";"83";"83092";"2";"2";"1";"3";"Chemin du Carry";"43,30464300";"6,23439300"
"202400048011";"17";"02";"2024";"02:00";"3";"84";"84138";"1";"1";"6";"1";"D941";"44,38886400";"4,97004900"
"202400048012";"29";"10";"2024";"00:52";"5";"75";"75103";"2";"2";"1";"1";"BOULEVARD DE SEBASTOPOL";"48,86446100";"2,35157700"
"202400048013";"6";"12";"2024";"07:07";"3";"55";"55492";"1";"1";"1";"7";"D903";"49,13101500";"5,45496900"
"202400048014";"18";"08";"2024";"19:50";"1";"13";"13203";"2";"1";"1";"1";"CARAVELLE (RUE)";"43,31738000";"5,37117000"
"202400048015";"15";"07";"2024";"13:50";"1";"31";"31042";"2";"1";"1";"6";"66 Allees d'Etigny";"42,78577821";"0,59388667"
"202400048016";"24";"09";"2024";"19:30";"3";"51";"51333";"1";"1";"2";"6";"D33";"49,17790812";"4,09409214"
"202400048017";"28";"10";"2024";"14:15";"1";"75";"75101";"2";"3";"1";"6";"QUAI DES TUILERIES";"48,86094600";"2,33010100"
"202400048018";"6";"12";"2024";"09:50";"1";"55";"55528";"1";"1";"1";"2";"D908";"48,88103555";"5,66107265"
"202400048019";"2";"02";"2024";"10:45";"1";"84";"84031";"2";"3";"1";"3";"HUGO AVENUE VICTOR";"44,04720000";"5,04814000"
"202400048020";"15";"07";"2024";"07:20";"2";"38";"38249";"2";"1";"7";"6";"628 Rue General de Gaulle";"45,22641000";"5,80270700"
"202400048021";"18";"08";"2024";"15:40";"1";"13";"13216";"2";"1";"1";"2";"LITTORAL (CHEMIN DU)";"43,35384000";"5,32999000"
"202400048022";"28";"10";"2024";"09:35";"1";"75";"75102";"2";"2";"1";"3";"BOULEVARD DE BONNE NOUVELLE";"48,86965400";"2,35261400"
"202400048023";"31";"03";"2024";"06:10";"3";"74";"74272";"2";"4";"1";"7";"Route d'Epagny";"45,94281700";"6,06071900"
"202400048024";"25";"09";"2024";"18:00";"2";"80";"80754";"1";"1";"3";"1";"Place de la Mairie";"49,82654000";"1,94174600"
"202400048025";"5";"12";"2024";"16:50";"2";"42";"42267";"1";"2";"2";"1";"Route de Charlieu";"46,15438900";"4,15021400"
"202400048026";"15";"07";"2024";"08:10";"1";"02";"02504";"2";"9";"1";"3";"Rue Paul Demoulin";"49,73477800";"3,26352100"
"202400048027";"11";"05";"2024";"11:50";"1";"76";"76423";"1";"1";"1";"7";"route de Haussez";"49,57110600";"1,66368100"
"202400048028";"5";"12";"2024";"14:22";"1";"47";"47203";"2";"1";"1";"2";"Route du Lacay";"44,39987000";"0,83141000"
"202400048029";"18";"08";"2024";"18:05";"1";"11";"11069";"1";"1";"1";"6";"N/A";"43,18759000";"2,40278000"
"202400048030";"29";"10";"2024";"05:50";"5";"94";"94081";"2";"9";"1";"3";"Boulevard de Stalingrad";"48,79857000";"2,38196000"
"202400048031";"14";"07";"2024";"12:00";"1";"03";"03233";"1";"4";"1";"1";"lieu dit Peuplat";"46,25632200";"2,62018600"
"202400048032";"24";"09";"2024";"21:00";"3";"41";"41280";"1";"1";"1";"6";"A85";"47,32046727";"1,77305057"
"202400048033";"12";"04";"2024";"16:30";"1";"67";"67482";"2";"1";"1";"3";"ELFTERRAIN (RUE DE L )";"48,58393000";"7,71440000"
"202400048034";"18";"08";"2024";"02:45";"4";"06";"06088";"1";"1";"1";"6";"31 Voie Pierre Mathis ";"43,70523000";"7,26005000"
"202400048035";"14";"07";"2024";"00:05";"3";"03";"03156";"1";"1";"1";"7";"Zone Industrielle le Tureau";"46,59344900";"3,50943400"
"202400048036";"5";"12";"2024";"18:45";"3";"29";"29090";"1";"1";"5";"1";"Pont du Ry";"48,09230356";" -4,29563064"
"202400048037";"25";"09";"2024";"14:30";"1";"71";"71353";"1";"1";"1";"7";"330 Chemin du Revermy";"46,53257700";"4,87699400"
"202400048038";"29";"10";"2024";"15:35";"1";"94";"94046";"2";"9";"1";"3";"Avenue du Général de Gaulle";"48,81549000";"2,42041000"
"202400048039";"15";"07";"2024";"08:00";"1";"03";"03002";"1";"1";"1";"6";"Rétifs";"46,61792700";"3,18125000"
"202400048040";"30";"03";"2024";"16:18";"1";"19";"19031";"2";"1";"1";"4";"MENDES FRANCE (AVENUE PIERRE)";"45,14348131";"1,47169161"
"202400048041";"14";"08";"2024";"14:23";"1";"75";"75101";"2";"3";"1";"1";"RUE DU LOUVRE";"48,86310800";"2,34195300"
"202400048042";"21";"09";"2024";"16:20";"1";"25";"25036";"2";"1";"1";"1";"Rue du Halage";"47,19835200";"5,96004000"
"202400048043";"29";"10";"2024";"06:15";"5";"94";"94077";"2";"1";"1";"3";"Avenue de la Carelle";"48,73437600";"2,43045500"
"202400048044";"6";"12";"2024";"07:45";"2";"03";"03072";"1";"1";"8";"5";"D40";"46,46063200";"2,51752700"
"202400048045";"14";"07";"2024";"17:50";"1";"01";"01389";"1";"1";"1";"1";"D27";"46,06889900";"4,86825200"
"202400048046";"11";"06";"2024";"06:45";"1";"974";"97416";"1";"1";"1";"3";"LIGNE PARADIS(ROUTE DE LA)";" -21,30894000";"55,46859000"
"202400048047";"29";"10";"2024";"11:45";"1";"94";"94017";"2";"1";"1";"3";"Avenue Roger Salengro";"48,81852131";"2,49135375"
"202400048048";"19";"08";"2024";"19:50";"1";"75";"75105";"2";"4";"1";"3";"RUE MONGE";"48,83974100";"2,35117400"
"202400048049";"25";"09";"2024";"07:00";"3";"44";"44129";"1";"3";"2";"3";"N/A";"47,41715900";" -2,09097000"
"202400048050";"15";"07";"2024";"17:05";"1";"58";"58267";"1";"1";"8";"3";"D34";"47,11844200";"3,51494900"
"202400048051";"11";"06";"2024";"18:05";"3";"974";"97411";"2";"1";"1";"6";"DORET 1 (BOULEVARD)";" -20,88952000";"55,46140000"
"202400048052";"19";"11";"2024";"18:45";"5";"01";"01369";"2";"3";"1";"3";"Rue de l’Ecole";"46,19196400";"5,28275500"
"202400048053";"29";"10";"2024";"13:10";"1";"93";"93071";"2";"2";"1";"1";"ANDRE TOUTAIN (AVENUE)";"48,94471000";"2,52520000"
"202400048054";"25";"09";"2024";"11:50";"1";"34";"34192";"1";"1";"1";"7";"D62e2";"43,54146800";"3,95981000"
"202400048055";"19";"08";"2024";"20:00";"1";"75";"75119";"2";"2";"1";"3";"AVENUE DE FLANDRE";"48,88839100";"2,37416000"
"202400048056";"10";"06";"2024";"06:00";"5";"974";"97411";"2";"4";"1";"7";"LANCASTEL (BOULEVARD)";" -20,88615000";"55,48311000"
"202400048057";"14";"07";"2024";"17:00";"1";"72";"72165";"2";"9";"1";"3";"Rue de Montfort";"48,07845200";"0,41794700"
"202400048058";"2";"12";"2024";"16:35";"1";"58";"58303";"2";"9";"1";"3";"Rue des Grands Jardins";"47,00019900";"3,13434400"
"202400048059";"24";"09";"2024";"09:30";"1";"29";"29105";"2";"1";"1";"7";"Boulevard de la République";"48,50472277";" -4,07588102"
"202400048060";"19";"08";"2024";"09:15";"1";"75";"75119";"2";"1";"1";"1";"RUE DE BELLEVILLE";"48,87650900";"2,40429800"
"202400048061";"28";"10";"2024";"11:20";"1";"93";"93055";"2";"1";"8";"2";"QUARTIER AUBERVILLIERS";"48,90607000";"2,39467000"
"202400048062";"11";"06";"2024";"15:54";"1";"974";"97410";"2";"1";"1";"6";"LECONTE DE LISLE(RUE)";" -21,03518000";"55,71033100"
"202400048063";"14";"07";"2024";"13:30";"1";"90";"90065";"1";"9";"1";"6";"Route du Ballon d?Alsace";"47,76834500";"6,82694800"
"202400048064";"5";"12";"2024";"16:30";"1";"72";"72295";"1";"6";"1";"3";"Rue Bellemare";"48,35297777";"0,35455763"
"202400048065";"22";"09";"2024";"22:35";"3";"29";"29133";"2";"1";"8";"6";"Route de Plestin";"48,68796261";" -3,65260260"
"202400048066";"11";"06";"2024";"12:28";"1";"973";"97302";"2";"1";"2";"6";"REPUBLIQUE (BD DE LA)";"4,93767000";" -52,32466000"
"202400048067";"19";"08";"2024";"09:00";"1";"75";"75116";"2";"7";"1";"3";"Place du Maréchal de Lattre de Tassigny";"48,87156800";"2,27414000"
"202400048068";"29";"10";"2024";"16:50";"5";"93";"93048";"2";"1";"1";"3";"PAUL VAILLANT COUTURIER (BOULEVARD)";"48,86613976";"2,44452938"
"202400048069";"15";"07";"2024";"18:55";"1";"18";"18047";"2";"2";"1";"6";"Le Champ de Foire";"47,36275200";"2,43602500"
"202400048070";"21";"09";"2024";"06:00";"3";"29";"29302";"2";"1";"1";"6";"rue Albert Louppe";"48,28324400";" -4,10966700"
"202400048071";"3";"11";"2024";"12:55";"1";"73";"73212";"2";"3";"1";"3";"D1006 - Grande rue";"45,54399400";"6,30035900"
"202400048072";"11";"06";"2024";"09:05";"1";"973";"97302";"2";"1";"2";"6";"BADUEL (ROUTE DE)";"4,93640000";" -52,31420000"
"202400048073";"29";"10";"2024";"14:31";"1";"93";"93055";"2";"1";"1";"3";"JEAN JAURES (AVENUE) (76/128)";"48,90398717";"2,39253841"
"202400048074";"12";"07";"2024";"09:00";"1";"18";"18018";"2";"2";"1";"7";"Rue Maurice Bourbon";"47,03084100";"2,65283100"
"202400048075";"19";"08";"2024";"13:05";"1";"75";"75113";"2";"2";"1";"2";"QUAI PANHARD ET LEVASSOR";"48,83223600";"2,37983100"
"202400048076";"20";"09";"2024";"08:17";"1";"29";"29061";"2";"6";"1";"3";"rue Gaston Planté";"48,42853611";" -4,46120024"
"202400048077";"14";"07";"2024";"16:30";"1";"07";"07292";"1";"1";"1";"7";"Route des Monts du Vivarais";"45,15656100";"4,69502400"
"202400048078";"4";"12";"2024";"15:30";"1";"18";"18057";"1";"1";"7";"3";"Route de Segondet";"46,54770500";"2,22449300"
"202400048079";"11";"06";"2024";"12:05";"1";"69";"69388";"2";"2";"1";"3";"Rue Rochambeau";"45,73117658";"4,86856684"
"202400048080";"28";"10";"2024";"18:30";"2";"93";"93079";"2";"3";"1";"6";"SAINT LEU (ROUTE)";"48,95277169";"2,33742163"
"202400048081";"6";"12";"2024";"09:02";"1";"07";"07184";"1";"1";"2";"6";"route départementale 2";"44,77138600";"4,59906600"
"202400048082";"11";"07";"2024";"02:00";"3";"53";"53137";"1";"1";"1";"6";"D57";"48,07338540";" -0,96590370"
"202400048083";"24";"09";"2024";"16:05";"1";"01";"01152";"1";"1";"2";"6";"Échallon";"46,20968500";"5,73198800"
"202400048084";"18";"08";"2024";"14:00";"1";"94";"94068";"2";"2";"1";"3";"Avenue de Verdun";"48,80261000";"2,51159000"
"202400048085";"6";"12";"2024";"18:00";"3";"85";"85277";"1";"1";"2";"6";"Route des Moutiers";"46,51758400";" -1,41638900"
"202400048086";"15";"07";"2024";"11:08";"1";"87";"87064";"1";"1";"1";"7";"RC 16";"45,72346100";"1,75678300"
"202400048087";"11";"06";"2024";"16:45";"1";"972";"97213";"2";"6";"1";"3";"AUTOROUTE A1";"14,61829000";" -61,02177000"
"202400048088";"29";"10";"2024";"05:45";"5";"93";"93047";"2";"2";"1";"3";"GENERAL DE GAULLE (RUE DU)";"48,89937000";"2,55950000"
"202400048089";"15";"07";"2024";"13:45";"1";"30";"30062";"2";"1";"1";"7";"D137";"43,78235700";"4,20752800"
"202400048090";"3";"12";"2024";"23:40";"3";"85";"85135";"2";"1";"1";"6";"43 Rue de la boulaye";"46,53274400";" -1,21570100"
"202400048091";"19";"08";"2024";"18:30";"1";"93";"93078";"2";"1";"1";"2";"CLEMENCEAU (AVENUE GEORGES)";"48,96077000";"2,55632000"
"202400048092";"11";"06";"2024";"13:05";"1";"972";"97209";"1";"1";"1";"6";"SAINT JOHN PERSE (AVENUE)";"14,60684000";" -61,07939000"
"202400048093";"25";"09";"2024";"10:05";"1";"83";"83056";"1";"1";"1";"5";"D562";"43,55879825";"6,52605244"
"202400048094";"14";"07";"2024";"14:15";"1";"48";"48010";"1";"1";"1";"6";"D26, lieu-dit Briges";"44,77651900";"3,74715300"
"202400048095";"19";"08";"2024";"08:40";"1";"93";"93066";"2";"9";"1";"6";"Avenue Lénine";"48,94037894";"2,36779305"
"202400048096";"5";"12";"2024";"16:30";"2";"48";"48178";"1";"9";"1";"2";"SOULATGES";"44,26855100";"3,86749900"
"202400048097";"28";"10";"2024";"20:50";"5";"93";"93047";"2";"2";"1";"2";"GENERAL DE GAULLE (RUE DU)";"48,89937000";"2,55950000"
"202400048098";"11";"06";"2024";"09:40";"1";"972";"97209";"1";"1";"1";"3";"CARRIERE (RUE DE LA)";"14,59756000";" -61,04712000"
"202400048099";"24";"09";"2024";"18:00";"1";"07";"07010";"1";"1";"2";"1";"D878";"45,22788000";"4,67530500"
"202400048100";"5";"12";"2024";"17:34";"3";"35";"35032";"2";"6";"2";"3";"1 Allée de Belle Ile";"47,99549455";" -1,62146375"
"202400048101";"29";"10";"2024";"08:20";"1";"93";"93001";"2";"1";"1";"3";"VICTOR HUGO (AVE)  => N° 129";"48,91400000";"2,38100000"
"202400048102";"18";"08";"2024";"18:45";"1";"93";"93077";"2";"2";"1";"3";"Rue Poussin / Rue Rene et Pierre Charton";"48,88617637";"2,50697923"
"202400048103";"10";"06";"2024";"12:20";"1";"972";"97209";"2";"1";"1";"3";"BISHOP (Avenue Maurice)";"14,61179000";" -61,05385000"
"202400048104";"14";"07";"2024";"23:25";"3";"49";"49283";"1";"1";"1";"6";"D723";"47,41304600";" -0,75254200"
"202400048105";"6";"12";"2024";"15:30";"1";"73";"73089";"1";"1";"1";"2";"A43";"45,53719647";"6,13305486"
"202400048106";"29";"10";"2024";"15:10";"1";"92";"92051";"2";"1";"1";"3";"MAURICE BARRES (BOULEVARD)";"48,87896135";"2,27017969"
"202400048107";"24";"09";"2024";"13:49";"1";"53";"53013";"1";"1";"2";"1";"La Corblaie";"48,35857531";" -0,21675296"
"202400048108";"18";"08";"2024";"20:40";"1";"93";"93051";"2";"3";"1";"3";"Rue du Docteur Sureau / Rue des Mastraits";"48,84729178";"2,54844993"
"202400048109";"11";"06";"2024";"14:05";"1";"69";"69389";"2";"3";"1";"6";"10 Rue du 24 Mars 1852";"45,78048000";"4,80557000"
"202400048110";"12";"07";"2024";"10:35";"1";"64";"64545";"1";"1";"8";"5";"A63";"43,34455000";" -1,72301600"
"202400048111";"19";"08";"2024";"14:00";"1";"93";"93031";"2";"1";"1";"3";"Avenue Galliéni";"48,96399300";"2,29827385"
"202400048112";"11";"06";"2024";"09:15";"1";"69";"69034";"2";"1";"1";"3";"100 Avenue Général Leclerc";"45,80700000";"4,86845000"
"202400048113";"28";"10";"2024";"08:20";"1";"92";"92050";"2";"3";"5";"3";"SAULES RUE DES";"48,90984360";"2,21562725"
"202400048114";"25";"09";"2024";"14:15";"1";"53";"53269";"1";"1";"3";"1";"22 Route Nationale 12";"48,30882100";" -0,79069900"
"202400048115";"5";"12";"2024";"17:45";"3";"69";"69173";"1";"1";"1";"2";"Autoroute 89";"45,87292895";"4,54773756"
"202400048116";"12";"07";"2024";"09:20";"1";"976";"97616";"1";"1";"1";"6";"Tahiti plage";" -12,86719000";"45,11449800"
"202400048117";"19";"08";"2024";"11:30";"1";"92";"92033";"2";"1";"1";"6";"SURESNES";"48,84726000";"2,19737000"
"202400048118";"24";"09";"2024";"16:10";"1";"24";"24354";"1";"1";"1";"6";"D730";"45,12041621";"0,06465465"
"202400048119";"29";"10";"2024";"14:46";"1";"92";"92044";"2";"2";"8";"3";"BAUDIN (RUE) 27A83 ET 36 A84";"48,89893862";"2,28770770"
"202400048120";"11";"06";"2024";"09:33";"1";"971";"97113";"1";"3";"1";"2";"PONT DE POUCET";"16,21798000";" -61,50427000"
"202400048121";"19";"11";"2024";"18:30";"3";"64";"64300";"1";"1";"1";"5";"a64 pk 78.600";"43,42506930";" -0,61653853"
"202400048122";"19";"08";"2024";"14:23";"1";"92";"92051";"2";"2";"1";"3";"RICHARD WALLACE (BOULEVARD)";"48,87623949";"2,24641353"
"202400048123";"14";"07";"2024";"17:50";"1";"38";"38401";"1";"1";"1";"4";"A43";"45,56089000";"5,43666600"
"202400048124";"10";"06";"2024";"08:35";"1";"971";"97113";"1";"1";"1";"7";"SECTION TOMBEAU";"16,22756000";" -61,47865000"
"202400048125";"25";"09";"2024";"14:00";"1";"85";"85008";"1";"3";"3";"3";"RD12";"46,56549900";" -1,46710400"
"202400048126";"29";"10";"2024";"17:22";"2";"92";"92040";"2";"6";"1";"2";"VICTOR HUGO (ROND-POINT)";"48,82791956";"2,27404431"
"202400048127";"14";"07";"2024";"19:30";"5";"973";"97311";"2";"1";"3";"3";"830 avenue Christophe Colomb";"5,48687121";" -54,03412557"
"202400048128";"19";"08";"2024";"14:15";"1";"60";"60232";"1";"1";"1";"2";"RD 929, Pk 36.800";"49,58268500";"2,50661000"