"Num_Acc";"jour";"mois";"an";"hrmn";"lum";"dep";"com";"agg";"int";"atm";"col";"adr";"lat";"long"
"202400048129";"11";"06";"2024";"09:02";"1";101;101004";"1";"1";"1";"1";"T20";"41,94316000";"8,81034000"
"202400048130";"29";"10";"2024";"18:10";"2";"92";"92036";"2";"1";"1";"3";"GRESILLONS (AVENUE DES) (141/215)";"48,91979203";"2,31401268"
"202400048131";"17";"09";"2024";"18:19";"5";"973";"97307";"1";"3";"1";"3";"route nationale 1";"4,89233700";" -52,34845600"
"202400048132";"13";"07";"2024";"14:30";"1";"971";"97106";"1";"1";"8";"1";"Rue Valerius Paulimius";"16,12234100";" -61,77356400"
"202400048133";"6";"12";"2024";"07:20";"5";"51";"51378";"2";"1";"1";"6";"Rue du Montauban";"48,98898600";"3,93100300"
"202400048134";"11";"06";"2024";"18:15";"1";"95";"95607";"2";"1";"1";"6";"SAINT-PRIX (RUE DE)";"49,02038630";"2,20083833"
"202400048135";"5";"12";"2024";"14:15";"1";"987";"98714";"1";"1";"1";"7";"quartier revatua, faanui";" -16,48637000";" -151,74317400"
"202400048136";"29";"10";"2024";"19:30";"5";"92";"92026";"2";"3";"1";"3";"COLOMBES";"48,90395042";"2,25598007"
"202400048137";"24";"09";"2024";"16:20";"1";"01";"01389";"1";"1";"1";"1";"RD 936";"46,08207200";"4,90891500"
"202400048138";"13";"08";"2024";"17:30";"1";"47";"47225";"1";"3";"1";"3";"D656 / D292";"44,15466900";"0,55105400"
"202400048139";"11";"06";"2024";"09:27";"1";"91";"91570";"2";"9";"1";"6";"PUTTLINGEN (PLACE)";"48,63627000";"2,31941000"
"202400048140";"15";"07";"2024";"11:15";"1";"78";"78089";"2";"3";"1";"6";"Avenue de la République";"49,03779800";"1,58699300"
"202400048141";"19";"09";"2024";"14:45";"1";"65";"65226";"1";"1";"1";"2";"a64";"43,22151800";" -0,00326200"
"202400048142";"5";"12";"2024";"21:15";"3";"971";"97116";"1";"1";"1";"1";"N5";"16,31604100";" -61,48086500"
"202400048143";"14";"07";"2024";"19:30";"1";"66";"66129";"2";"1";"1";"1";"Rue des Ecoles";"42,57973900";"2,92806300"
"202400048144";"11";"06";"2024";"20:40";"1";"91";"91645";"2";"1";"1";"3";"GEORGES POMPIDOU (AVENUE)";"48,75273000";"2,27715000"
"202400048145";"19";"08";"2024";"18:50";"1";"14";"14211";"2";"3";"1";"1";"1109 Rue du Pont";"48,95348700";" -0,50506700"
"202400048146";"4";"12";"2024";"18:35";"5";"978";"97801";"2";"1";"1";"3";"R DE LA REPUBLIQUE";"18,06908000";" -63,08554500"
"202400048147";"19";"08";"2024";"11:00";"1";"26";"26295";"1";"1";"1";"7";"Route de Saint Vallier";"45,17916300";"4,84080300"
"202400048148";"14";"09";"2024";"15:00";"1";"67";"67309";"2";"5";"1";"2";"6 Route de Brumath";"48,63570900";"7,72757800"
"202400048149";"29";"10";"2024";"16:47";"1";"92";"92025";"2";"2";"1";"6";"SOLFERINO (RUE   AV)";"48,92994143";"2,26044148"
"202400048150";"11";"06";"2024";"18:01";"1";"91";"91421";"2";"1";"1";"1";"CHARLES DE GAULLE (AVENUE)";"48,69500000";"2,45229000"
"202400048151";"14";"07";"2024";"17:00";"1";"06";"06154";"2";"1";"1";"6";"Route Departementale 2";"43,79371200";"6,67900100"
"202400048152";"6";"12";"2024";"01:30";"3";"977";"97701";"2";"5";"1";"3";"R ADRIEN QUESTEL";"17,89537600";" -62,84829600"
"202400048153";"19";"08";"2024";"16:30";"1";"48";"48128";"1";"1";"1";"2";"PK126+200 sens sud nord";"44,78006800";"3,28978300"
"202400048154";"11";"06";"2024";"21:35";"4";"84";"84087";"2";"3";"1";"3";"MAZEAU (RUE)";"44,13592000";"4,80850000"
"202400048155";"24";"09";"2024";"16:35";"1";"11";"11379";"1";"1";"1";"1";"D6009";"43,06136300";"2,93916500"
"202400048156";"29";"10";"2024";"18:10";"3";"60";"60326";"1";"1";"1";"3";"N31";"49,40257500";"2,74026800"
"202400048157";"5";"12";"2024";"17:40";"2";"45";"45348";"1";"1";"2";"1";"D950 PR 3 + 0";"48,14769900";"2,29279200"
"202400048158";"19";"08";"2024";"20:30";"2";"83";"83031";"1";"1";"1";"6";"D558";"43,36565200";"6,37590600"
"202400048159";"30";"10";"2024";"06:45";"3";"95";"95492";"1";"1";"2";"6";"D10";"49,03275823";"2,42631371"
"202400048160";"15";"07";"2024";"15:40";"1";"04";"04096";"1";"2";"1";"3";"D900";"44,40691600";"6,72146600"
"202400048161";"10";"06";"2024";"17:30";"1";"83";"83090";"1";"3";"1";"1";"NATIONALE 8 (ROUTE)";"43,13330787";"5,86308424"
"202400048162";"28";"06";"2024";"21:00";"5";"978";"97801";"2";"1";"1";"5";"R DE HOLLANDE";"18,05354000";" -63,08579200"
"202400048163";"30";"10";"2024";"11:40";"1";"36";"36244";"1";"1";"5";"6";"Les Corbeillères (Faverolles-en-Berry)";"47,14576341";"1,38163805"
"202400048164";"5";"12";"2024";"08:40";"1";"77";"77453";"2";"1";"2";"4";"D605";"48,52567200";"2,75934900"
"202400048165";"6";"06";"2024";"10:23";"1";"83";"83069";"2";"1";"1";"2";"DIX HUIT JUIN  ( ROND POINT DU )";"43,10632000";"6,12850000"
"202400048166";"20";"08";"2024";"15:25";"1";"76";"76560";"1";"1";"2";"1";"Route du Faulx";"49,41115500";"1,20748800"
"202400048167";"21";"05";"2024";"10:45";"1";"978";"97801";"2";"1";"1";"7";"R DE CONCORDIA";"18,06575500";" -63,07953200"
"202400048168";"14";"07";"2024";"19:15";"1";"13";"13030";"2";"3";"1";"1";"Chemin Notre Dame";"43,27555300";"5,69857300"
"202400048169";"28";"10";"2024";"21:00";"5";"42";"42253";"2";"1";"1";"6";"300 Rue de l’Eglise";"46,03894100";"4,00349200"
"202400048170";"29";"11";"2024";"15:25";"1";"78";"78090";"1";"1";"1";"6";"D44";"48,96999200";"1,90652500"
"202400048171";"18";"08";"2024";"12:15";"1";"61";"61474";"1";"1";"1";"6";"D13 PK 36";"48,80475000";"0,15878100"
"202400048172";"11";"06";"2024";"08:05";"1";"80";"80021";"2";"1";"1";"7";"Rue Octave Tierce";"49,90218000";"2,29627000"
"202400048173";"14";"07";"2024";"15:00";"1";"67";"67334";"1";"1";"1";"6";"D190";"49,04566000";"7,71387800"
"202400048174";"29";"10";"2024";"18:15";"3";"58";"58089";"1";"1";"5";"6";"La Maison Bleue";"47,40020100";"3,21818900"
"202400048175";"5";"12";"2024";"16:45";"2";100;100303";"1";"9";"1";"2";"Alistro";"42,26145600";"9,54781700"
"202400048176";"10";"06";"2024";"08:55";"1";"80";"80021";"2";"1";"2";"6";"Avenue du 14 Juillet 1789";"49,87723000";"2,28261000"
"202400048177";"19";"08";"2024";"18:00";"1";"44";"44006";"1";"2";"1";"3";"Route du Créneau";"47,43145500";" -2,44033800"
"202400048178";"1";"12";"2024";"14:55";"1";"06";"06017";"1";"1";"9";"7";"4921 Route de Coursegoules";"43,81119400";"7,09376500"
"202400048179";"24";"09";"2024";"22:40";"5";"21";"21231";"2";"2";"1";"3";"Rue de la Brot";"47,34347600";"5,07352700"
"202400048180";"29";"10";"2024";"16:15";"1";"85";"85109";"2";"3";"1";"6";"Rue du Pouet";"46,86678900";" -0,98854200"
"202400048181";"14";"07";"2024";"17:25";"1";"88";"88470";"1";"2";"1";"3";"D11";"48,09460100";"6,72100700"
"202400048182";"8";"05";"2024";"15:03";"1";"77";"77294";"2";"1";"1";"7";"JEAN BAPTISTE CLEMENT (AVENUE)";"48,95628000";"2,60238000"
"202400048183";"5";"12";"2024";"21:15";"3";"21";"21609";"1";"1";"2";"7";"D905";"47,20687300";"5,31266200"
"202400048184";"26";"10";"2024";"08:00";"2";"33";"33011";"2";"7";"2";"6";"N/A";"44,76721200";" -1,13945100"
"202400048185";"24";"09";"2024";"21:10";"5";"37";"37003";"1";"3";"2";"1";"D751";"47,42565425";"1,01178896"
"202400048186";"11";"06";"2024";"09:50";"1";"77";"77118";"2";"1";"1";"6";"GABRIELLE (RUE DE LA)";"48,94211000";"2,68973000"
"202400048187";"19";"08";"2024";"17:55";"1";"29";"29146";"1";"2";"8";"1";"Rue des Chataigniers";"47,88793800";" -3,84600900"
"202400048188";"14";"07";"2024";"11:30";"1";"09";"09185";"1";"2";"1";"6";"Lieu Dit la Brunette";"43,22780800";"1,68073100"
"202400048189";"27";"10";"2024";"13:25";"1";"33";"33226";"2";"3";"1";"3";"N/A";"44,71435500";" -0,39290600"
"202400048190";"19";"08";"2024";"11:46";"1";"29";"29205";"1";"1";"1";"7";"Goaremou";"48,28988753";" -3,58474862"
"202400048191";"10";"06";"2024";"08:55";"1";"77";"77445";"2";"1";"1";"6";"DELESTRAINT (AVENUE DU GENERAL)";"48,58847000";"2,57612000"
"202400048192";"23";"09";"2024";"17:05";"1";"45";"45290";"1";"1";"2";"3";"D952 PR 42 + 394";"47,85353700";"2,28364300"
"202400048193";"6";"12";"2024";"19:00";"5";"42";"42147";"2";"2";"1";"1";"Avenue Thermale";"45,60017500";"4,07060600"
"202400048194";"13";"07";"2024";"10:20";"1";"31";"31421";"2";"9";"1";"6";"Avenue de Saubens";"43,47753700";"1,38191400"
"202400048195";"23";"10";"2024";"16:45";"1";"11";"11106";"2";"1";"1";"6";"N/A";"43,23077400";"3,05323900"
"202400048196";"10";"06";"2024";"12:10";"1";"77";"77407";"2";"1";"1";"3";"PRES(RUE DES)";"48,53303372";"2,54952172"
"202400048197";"25";"09";"2024";"01:05";"5";"77";"77107";"2";"1";"1";"6";"5 Avenue du Général Leclerc";"48,66748800";"2,84277400"
"202400048198";"20";"08";"2024";"15:06";"1";"29";"29037";"1";"1";"1";"6";"D44";"47,88096253";" -4,12772680"
"202400048199";"5";"12";"2024";"20:11";"3";"38";"38557";"1";"1";"2";"1";"D 517";"45,76701000";"5,11890200"
"202400048200";"25";"09";"2024";"09:00";"1";"77";"77534";"1";"1";"2";"6";"D1036";"48,63105800";"2,78009400"
"202400048201";"15";"07";"2024";"16:10";"1";"33";"33003";"1";"6";"1";"6";"N/A";"44,93118400";" -0,47073600"
"202400048202";"19";"08";"2024";"12:15";"1";"26";"26166";"1";"1";"1";"3";"Allee des crozes";"44,75799942";"4,83228922"
"202400048203";"30";"10";"2024";"11:30";"1";"71";"71282";"1";"1";"7";"1";"D680";"46,80484000";"4,37811000"
"202400048204";"11";"06";"2024";"18:05";"1";"76";"76451";"2";"3";"1";"3";"Route de Maromme";"49,47052000";"1,08262000"
"202400048205";"15";"07";"2024";"07:48";"1";"35";"35106";"1";"1";"2";"6";"Les Pierres Grises";"47,82191700";" -1,60232900"
"202400048206";"20";"08";"2024";"18:30";"1";"58";"58150";"1";"1";"1";"6";"D213";"47,33135200";"3,58524400"
"202400048207";"11";"06";"2024";"12:00";"1";"76";"76231";"1";"1";"1";"6";"Chemin de Rouen";"49,29408000";"0,98080000"
"202400048208";"6";"09";"2024";"08:00";"1";"30";"30214";"2";"1";"1";"1";"route de montpellier";"44,03281400";"4,10472400"
"202400048209";"4";"12";"2024";"07:50";"1";"07";"07138";"1";"1";"1";"6";"100 Chemin des Plagnes";"44,58488600";"4,46146800"
"202400048210";"14";"07";"2024";"15:30";"1";"27";"27280";"1";"1";"1";"7";"D57";"49,03100300";"1,26248400"
"202400048211";"30";"10";"2024";"18:00";"5";"89";"89351";"2";"1";"5";"3";"D606";"47,44977000";"4,07534300"
"202400048212";"20";"08";"2024";"10:20";"1";"58";"58238";"2";"1";"1";"3";"83 Route de Bourgogne";"46,96918300";"3,22659700"
"202400048213";"17";"08";"2024";"12:37";"1";"06";"06056";"1";"1";"1";"7";"Pessa Longia";"44,19147400";"6,74773000"
"202400048214";"25";"09";"2024";"07:40";"1";"13";"13022";"1";"1";"1";"1";"route départementale 559";"43,21443400";"5,55341700"
"202400048215";"14";"07";"2024";"19:14";"1";"13";"13001";"1";"1";"1";"3";"A51-Sens Marseille vers Aix en Provence";"43,50631157";"5,41050849"
"202400048216";"10";"06";"2024";"16:15";"1";"76";"76351";"2";"2";"1";"3";"STRASBOURG (BD)";"49,49254000";"0,11666000"
"202400048217";"6";"12";"2024";"07:50";"2";"01";"01390";"1";"2";"2";"3";"D84";"45,83186800";"5,27282900"
"202400048218";"29";"10";"2024";"08:30";"1";"61";"61170";"1";"2";"7";"3";"D2";"48,69969700";" -0,05588300"
"202400048219";"20";"08";"2024";"12:25";"1";"73";"73151";"1";"1";"7";"3";"D1006";"45,50589600";"6,03076500"
"202400048220";"10";"06";"2024";"14:20";"1";"72";"72181";"2";"3";"1";"3";"MONTHEARD (RUE DE)";"47,99719489";"0,21732330"
"202400048221";"11";"09";"2024";"13:50";"1";"26";"26362";"1";"1";"8";"2";"Autoroute A7";"44,90153435";"4,87559080"
"202400048222";"19";"08";"2024";"19:00";"1";"43";"43061";"1";"1";"1";"7";"D103";"45,10104448";"3,89816111"
"202400048223";"14";"07";"2024";"14:20";"1";"13";"13056";"1";"1";"1";"5";"A55-Sens Marseille vers Martigues";"43,39711417";"5,04708404"
"202400048224";"27";"11";"2024";"19:27";"5";"69";"69298";"1";"2";"1";"4";"Route de Givors";"45,64923600";"4,99023900"
"202400048225";"29";"10";"2024";"12:15";"1";"22";"22207";"1";"1";"3";"3";"D11";"48,60052300";" -3,48974700"
"202400048226";"18";"09";"2024";"19:10";"2";"68";"68063";"2";"2";"1";"7";"Rue Joseph Dépierre";"47,81341800";"7,16993100"
"202400048227";"9";"06";"2024";"14:30";"1";"72";"72181";"2";"6";"1";"3";"PIGALLE JEAN BAPTISTE (RUE)";"47,96913742";"0,21496296"
"202400048228";"29";"10";"2024";"07:50";"1";"22";"22164";"1";"2";"1";"3";"Milin An Hent";"48,58705900";" -3,25528800"
"202400048229";"6";"12";"2024";"00:45";"5";"40";"40277";"2";"1";"2";"6";"260 route de la vieille côte";"43,67318370";" -1,04349899"
"202400048230";"29";"10";"2024";"16:50";"1";"39";"39555";"1";"1";"1";"6";"N/A";"46,82298700";"5,53941900"
"202400048231";"25";"09";"2024";"14:50";"1";"57";"57350";"1";"1";"8";"1";"D657";"49,05582800";"6,07372300"
"202400048232";"19";"08";"2024";"18:00";"1";"10";"10359";"1";"1";"1";"6";"route nationale 77";"48,13568200";"3,99522000"
"202400048233";"5";"12";"2024";"21:15";"3";"50";"50601";"1";"1";"2";"6";"Route de l?Hôtellerie - Guilberville";"48,99436500";" -0,92566300"
"202400048234";"25";"09";"2024";"13:19";"1";"73";"73150";"2";"9";"1";"6";"D220 Rue Albert Perrière";"45,55430200";"6,67575500"
"202400048235";"10";"06";"2024";"15:20";"1";"70";"70513";"2";"4";"1";"5";"Avenue du Lac";"47,63390000";"6,10645000"
"202400048236";"13";"07";"2024";"00:50";"3";"13";"13071";"1";"1";"1";"2";"A51-Sens Marseille vers Aix en Provence";"43,40935357";"5,36357453"
"202400048237";"30";"10";"2024";"13:30";"1";"29";"29004";"2";"3";"1";"2";"Rue Eugène Lorec";"47,92683400";" -3,70111500"
"202400048238";"24";"09";"2024";"16:05";"1";"01";"01259";"2";"1";"1";"6";"Route de Buellas";"46,21254000";"5,11499700"
"202400048239";"6";"08";"2024";"06:30";"1";"40";"40312";"2";"9";"1";"3";"Rue de l?Industrie";"43,53991336";" -1,50068879"
"202400048240";"11";"06";"2024";"08:20";"1";"69";"69092";"2";"3";"1";"6";"Rue des Ecoles";"45,98957000";"4,69813000"
"202400048241";"6";"12";"2024";"06:30";"3";"80";"80442";"1";"1";"1";"6";"D930";"49,74284200";"3,01053300"
"202400048242";"14";"07";"2024";"01:10";"5";"13";"13207";"1";"1";"1";"7";"Tunnel Prado Carénage";"43,28238000";"5,38592000"
"202400048243";"25";"09";"2024";"06:38";"3";"22";"22081";"2";"3";"2";"1";"D712";"48,48521100";" -2,66053700"
"202400048244";"11";"06";"2024";"08:10";"1";"69";"69092";"1";"1";"1";"3";"Route Nationale 6";"46,00470175";"4,71954302"
"202400048245";"29";"10";"2024";"17:05";"2";"29";"29199";"1";"3";"2";"1";"D64";"48,59056518";" -3,69400291"
"202400048246";"6";"12";"2024";"14:00";"1";"80";"80561";"2";"9";"1";"3";"Boulevard Rallu";"49,64822600";"2,57261400"
"202400048247";"20";"08";"2024";"08:30";"1";"24";"24571";"1";"4";"1";"1";"d45";"45,03137100";"0,73297300"
"202400048248";"25";"09";"2024";"10:30";"1";"60";"60639";"2";"1";"1";"6";"Rue Sully";"49,46368700";"2,11015500"
"202400048249";"12";"07";"2024";"23:02";"3";"13";"13015";"1";"1";"1";"2";"A515CM-sortie Gardanne/Bouc Bel Air";"43,42845594";"5,40173665"
"202400048250";"10";"06";"2024";"15:45";"1";"69";"69259";"2";"1";"1";"6";"14 Boulevard Ambroise Croizat";"45,70564235";"4,88747315"
"202400048251";"18";"08";"2024";"00:35";"3";"67";"67388";"1";"1";"3";"7";"D53";"48,95201100";"7,68005500"
"202400048252";"30";"10";"2024";"11:30";"1";"03";"03275";"1";"1";"1";"3";"lieu dit garanjou";"46,54203800";"3,22036700"
"202400048253";"24";"09";"2024";"15:35";"1";"13";"13207";"1";"1";"1";"3";"TVPCM-Sens Saint Victor vers Les Ports";"43,29126189";"5,36571349"
"202400048254";"9";"06";"2024";"21:00";"2";"69";"69290";"2";"1";"1";"6";"Rue des Pétroles";"45,69048894";"4,91814571"
"202400048255";"19";"08";"2024";"15:20";"1";"01";"01067";"1";"1";"1";"6";"A40 PK 130+700";"46,11546613";"5,49022362"
"202400048256";"13";"07";"2024";"05:20";"3";"83";"83126";"1";"1";"1";"2";"A50";"43,11984025";"5,85535642"
"202400048257";"24";"10";"2024";"17:18";"1";"85";"85142";"1";"1";"1";"6";"A87";"46,74424000";" -1,26680500"
"202400048258";"5";"12";"2024";"16:20";"1";"13";"13106";"1";"1";"1";"3";"A7-Sens Lyon vers Marseille";"43,39000000";"5,35000000"
"202400048259";"24";"09";"2024";"15:00";"1";"13";"13117";"1";"1";"1";"4";"A7-Sens Lyon vers Marseille";"43,41819194";"5,27361460"
"202400048260";"20";"08";"2024";"05:50";"3";"77";"77001";"1";"1";"1";"2";"Autoroute A6 PK 058+400 sens Paris vers province";"48,35909400";"2,57731200"
"202400048261";"10";"06";"2024";"12:45";"1";"67";"67482";"2";"1";"1";"3";"DOUBS (RUE DU)";"48,55862000";"7,73400000"
"202400048262";"27";"10";"2024";"02:15";"3";"26";"26005";"1";"1";"2";"1";"Route de Grignan";"44,48260800";"4,77593300"
"202400048263";"14";"07";"2024";"20:20";"1";"91";"91434";"1";"1";"1";"5";"AUTOROUTE A6";"48,66853749";"2,35332727"
"202400048264";"4";"12";"2024";"11:42";"1";"13";"13212";"1";"1";"1";"4";"A507 sens Aubagne- Marseille";"43,30763229";"5,42497230"
"202400048265";"24";"09";"2024";"13:15";"1";"13";"13214";"1";"1";"3";"6";"A7-Sens Lyon vers Marseille";"43,33531000";"5,37733000"
"202400048266";"27";"10";"2024";"16:35";"1";"14";"14191";"2";"1";"1";"6";"Route de Bernieres";"49,32946400";" -0,43520700"
"202400048267";"14";"07";"2024";"07:00";"1";"91";"91174";"1";"1";"1";"6";"RN 104";"48,61073000";"2,44630000"
"202400048268";"20";"08";"2024";"04:15";"3";"988";"98814";"1";"1";"1";"6";"Hapetra (Tribu)";" -20,93294300";"167,11670600"
"202400048269";"24";"09";"2024";"08:45";"1";"13";"13215";"1";"1";"1";"2";"A7-Sens Lyon vers Marseille";"43,36643455";"5,36080529"
"202400048270";"1";"12";"2024";"17:48";"3";"13";"13015";"1";"1";"1";"2";"A51-Sens Marseille vers Aix en Provence";"43,42800000";"5,38600000"
"202400048271";"29";"10";"2024";"11:30";"1";"05";"05092";"1";"1";"1";"6";"Lieu-dit Serre Rispaud";"44,50761600";"6,02192400"
"202400048272";"24";"09";"2024";"08:15";"1";"13";"13005";"1";"1";"1";"3";"A50-Sens Aubagne vers Marseille";"43,28516848";"5,52537548"
"202400048273";"14";"07";"2024";"00:51";"3";"91";"91549";"1";"1";"2";"6";"RN 104";"48,62549000";"2,33677000"
"202400048274";"20";"08";"2024";"15:35";"1";"974";"97424";"1";"1";"1";"6";"Route du Bras Sec";" -21,14897400";"55,48275900"
"202400048275";"29";"10";"2024";"13:00";"1";"07";"07239";"1";"1";"1";"1";"Route de Mezilhac";"44,83778000";"4,37708600"
"202400048276";"5";"12";"2024";"07:17";"5";"33";"33487";"1";"1";"1";"4";"N/A";"44,95403900";" -0,45640900"
"202400048277";"23";"09";"2024";"07:30";"2";"13";"13001";"1";"1";"1";"2";"A51-Sens Aix en Provence vers Marseille";"43,52000000";"5,42767000"
"202400048278";"19";"08";"2024";"18:25";"1";"13";"13088";"1";"1";"1";"7";"D568";"43,36635000";"5,23565100"
"202400048279";"13";"07";"2024";"21:03";"3";"91";"91174";"1";"1";"1";"2";"RN 104";"48,62037000";"2,46029000"
"202400048280";"30";"10";"2024";"07:45";"1";"07";"07342";"1";"1";"1";"7";"Gras Pres";"45,22569200";"4,57624600"
"202400048281";"5";"12";"2024";"07:41";"3";"91";"91589";"1";"1";"2";"7";"AUTOROUTE A6";"48,67730000";"2,33810000"
"202400048282";"19";"09";"2024";"10:24";"1";"69";"69152";"1";"1";"1";"3";"Autoroute 7";"45,69911109";"4,83609691"
"202400048283";"4";"12";"2024";"22:03";"3";"91";"91477";"1";"1";"1";"6";"AUTOROUTE A10";"48,71829000";"2,25556000"
"202400048284";"30";"10";"2024";"07:00";"3";"07";"07041";"1";"9";"1";"6";"voie fluvia boulieu les annonay";"45,26895200";"4,65281700"
"202400048285";"14";"07";"2024";"05:50";"2";"92";"92036";"1";"1";"1";"7";"A86";"48,93548933";"2,26425076"
"202400048286";"17";"08";"2024";"02:45";"3";"66";"66171";"2";"1";"1";"2";"D81a";"42,62583350";"3,02394390"
"202400048287";"23";"09";"2024";"17:50";"1";"42";"42183";"1";"1";"1";"2";"N88";"45,40040000";"4,36762000"
"202400048288";"5";"12";"2024";"17:15";"2";"95";"95277";"1";"1";"2";"2";"D170 ";"48,97598916";"2,48218158"
"202400048289";"14";"07";"2024";"13:50";"1";"93";"93010";"1";"1";"1";"6";"A3";"48,90243900";"2,47084360"
"202400048290";"29";"10";"2024";"21:25";"3";"37";"37206";"1";"5";"8";"3";"D602";"47,48636700";"0,65285500"
"202400048291";"5";"12";"2024";"13:05";"1";"93";"93008";"1";"1";"2";"3";"AUTOROUTE A86";"48,91197061";"2,43838549"
"202400048292";"20";"08";"2024";"13:00";"1";"04";"04226";"1";"1";"1";"1";"D902";"44,31910400";"6,64735100"
"202400048293";"24";"09";"2024";"12:03";"1";"33";"33063";"1";"1";"2";"4";"N/A";"44,88124700";" -0,54399400"
"202400048294";"14";"07";"2024";"02:00";"3";"95";"95351";"1";"9";"1";"1";"N104";"49,04193041";"2,48119264"
"202400048295";"29";"10";"2024";"19:45";"3";"30";"30062";"1";"4";"1";"3";"D40";"43,77775600";"4,18806000"
"202400048296";"21";"09";"2024";"18:10";"1";"59";"59574";"1";"1";"1";"6";"AUTOROUTE A 21";"50,36914000";"3,25941000"
"202400048297";"5";"12";"2024";"10:55";"1";"95";"95527";"1";"1";"3";"6";"A1";"49,00052596";"2,52228228"
"202400048298";"20";"08";"2024";"11:20";"1";"68";"68292";"2";"1";"1";"7";"9 Rue de la Gare";"47,87233800";"7,03007000"
"202400048299";"14";"07";"2024";"00:20";"3";"93";"93048";"1";"1";"1";"2";"A3";"48,87018346";"2,43076748"
"202400048300";"24";"09";"2024";"20:25";"3";"91";"91471";"1";"1";"1";"6";"RD 188 CHEVREUSE";"48,69426000";"2,19311000"
"202400048301";"5";"12";"2024";"08:00";"3";"93";"93064";"1";"1";"3";"7";"AUTOROUTE A103";"48,88594826";"2,48683548"
"202400048302";"29";"10";"2024";"15:30";"1";"38";"38410";"1";"1";"1";"2";"A49";"45,08311900";"5,21513700"
"202400048303";"24";"09";"2024";"19:50";"5";"94";"94003";"1";"1";"1";"7";"A6B";"48,80293922";"2,34381724"
"202400048304";"16";"08";"2024";"00:44";"4";"67";"67046";"2";"2";"1";"3";"36 Rue de la Gare";"48,76590600";"7,85404400"
"202400048305";"4";"12";"2024";"18:40";"2";"93";"93078";"1";"1";"1";"2";"AUTOROUTE A104";"48,96165006";"2,54513860"
"202400048306";"13";"07";"2024";"19:50";"1";"92";"92036";"1";"1";"1";"4";"AUTOROUTE A15";"48,94917898";"2,28036318"
"202400048307";"30";"10";"2024";"09:10";"1";"07";"07312";"1";"1";"1";"3";"D17 PK 014+000";"45,12364500";"4,77355400"
"202400048308";"19";"08";"2024";"10:52";"1";"03";"03186";"2";"2";"1";"7";"Avenue Georges Mercier";"46,31917600";"2,94991200"
"202400048309";"23";"09";"2024";"07:20";"1";"78";"78571";"1";"1";"2";"4";"A13";"48,87205600";"2,02684500"
"202400048310";"5";"12";"2024";"05:35";"3";"77";"77258";"1";"1";"1";"2";"A4.Y";"48,83242736";"2,65563851"
"202400048311";"14";"07";"2024";"08:05";"1";"77";"77296";"1";"1";"1";"2";"A5b";"48,63126000";"2,62880400"
"202400048312";"19";"08";"2024";"18:00";"1";"63";"63247";"1";"1";"1";"1";"Beaunes le froid";"45,59467200";"2,92592500"
"202400048313";"23";"09";"2024";"08:15";"1";"78";"78571";"1";"1";"2";"4";"A13";"48,87337200";"2,02505600"
"202400048314";"14";"07";"2024";"03:00";"3";"77";"77053";"1";"1";"1";"2";"RN104";"48,70199085";"2,59509729"
"202400048315";"26";"10";"2024";"22:30";"3";"34";"34240";"1";"9";"2";"4";"A709";"43,62687552";"3,96353245"
"202400048316";"4";"12";"2024";"20:00";"5";"77";"77121";"1";"1";"1";"4";"A104";"48,83662222";"2,66498382"
"202400048317";"24";"09";"2024";"08:30";"1";"93";"93053";"1";"1";"2";"7";"AUTOROUTE A103";"48,88700598";"2,47505141"
"202400048318";"20";"08";"2024";"08:40";"1";"26";"26129";"1";"1";"1";"2";"Route Nationale 532";"45,05032400";"5,14606500"
"202400048319";"14";"07";"2024";"02:05";"3";"94";"94018";"1";"1";"1";"6";"A4";"48,81835618";"2,40958929"
"202400048320";"30";"07";"2024";"12:32";"1";"976";"97614";"1";"9";"1";"1";"CCD 1 Entre Kahani Et combani";" -12,82050500";"45,12883200"
"202400048321";"4";"12";"2024";"00:30";"4";"77";"77468";"1";"1";"5";"3";"A4.Y";"48,83248692";"2,66301878"
"202400048322";"24";"09";"2024";"07:50";"2";"93";"93078";"1";"1";"2";"4";"AUTOROUTE A104";"48,96946859";"2,50460846"
"202400048323";"12";"07";"2024";"11:57";"1";"94";"94015";"1";"1";"1";"2";"A4";"48,82945356";"2,52827231"
"202400048324";"2";"12";"2024";"19:30";"5";"95";"95555";"1";"9";"2";"7";"CLOS SAINT PAUL (CHEMIN DU)";"48,96310075";"2,28914917"
"202400048325";"23";"10";"2024";"17:20";"1";"971";"97106";"1";"1";"1";"1";"Route de Bellon";"16,17656400";" -61,78041500"
"202400048326";"20";"08";"2024";"09:30";"1";"26";"26320";"1";"3";"1";"1";"D532";"45,06490100";"5,24127200"
"202400048327";"24";"09";"2024";"09:00";"1";"92";"92036";"1";"1";"8";"2";"AUTOROUTE A15";"48,94355783";"2,28738079"
"202400048328";"13";"04";"2024";"17:25";"1";"50";"50523";"1";"9";"1";"1";"rue de la libération  (Carquebut)";"49,38301500";" -1,32446900"
"202400048329";"18";"08";"2024";"10:00";"1";"26";"26212";"1";"1";"1";"1";"Route de Montmeyran";"44,85940400";"4,99232500"
"202400048330";"23";"09";"2024";"23:20";"3";"92";"92078";"1";"1";"1";"6";"AUTOROUTE A86";"48,92928253";"2,32938717"
"202400048331";"29";"10";"2024";"21:35";"5";"45";"45108";"2";"2";"5";"3";"D51 PR 19 + 460";"47,62219000";"2,49572600"
"202400048332";"8";"07";"2024";"15:20";"1";"44";"44109";"2";"6";"1";"3";"Rue Gaston Veil";"47,21152071";" -1,55653960"
"202400048333";"30";"09";"2024";"11:20";"1";"73";"73065";"2";"3";"1";"3";"SAINT OMBRE ( CHEMIN DE)";"45,58320184";"5,92023455"
"202400048334";"23";"09";"2024";"12:35";"1";"93";"93053";"1";"1";"1";"3";"AUTOROUTE A3";"48,89332229";"2,47257373"
"202400048335";"19";"08";"2024";"07:44";"1";"01";"01249";"2";"2";"1";"2";"1268 Grande Rue";"45,82530400";"4,95600500"
"202400048336";"28";"10";"2024";"18:16";"3";"91";"91318";"1";"1";"8";"5";"D17";"48,50514700";"2,23082500"
"202400048337";"7";"07";"2024";"20:15";"5";"44";"44109";"2";"2";"8";"3";"7Ter Boulevard des Martyrs Nantais de la Résistance";"47,20520547";" -1,54717301"
"202400048338";"3";"09";"2024";"13:20";"1";"57";"57038";"1";"1";"1";"1";"D16";"49,46371700";"5,96377400"
"202400048339";"30";"10";"2024";"15:11";"1";"06";"06099";"1";"1";"1";"6";"D2211a";"43,95015200";"6,91133800"
"202400048340";"24";"09";"2024";"08:30";"1";"94";"94079";"1";"1";"3";"3";"A4";"48,83472567";"2,53708778"
"202400048341";"20";"08";"2024";"11:45";"1";"31";"31349";"1";"2";"1";"3";"Intersection D36 D6L";"43,22617800";"1,06084600"
"202400048342";"27";"09";"2024";"13:45";"1";"57";"57244";"1";"1";"1";"1";"D98";"48,71964033";"7,22750673"
"202400048343";"28";"10";"2024";"15:22";"1";"68";"68372";"2";"1";"1";"1";"68 Rue de la Grande Armee";"47,83907600";"7,07542700"