"Num_Acc";"jour";"mois";"an";"hrmn";"lum";"dep";"com";"agg";"int";"atm";"col";"adr";"lat";"long"
"202400048344";"13";"05";"2024";"16:20";"1";"74";"74012";"2";"6";"1";"3";"FLORISSANT (AVENUE)";"46,19543000";"6,24338000"
"202400048345";"12";"05";"2024";"18:45";"1";"74";"74012";"2";"1";"1";"6";"ARVE (RUE DE L')";"46,18619000";"6,22252000"
"202400048346";"13";"06";"2024";"07:34";"1";"84";"84087";"2";"1";"7";"6";"DURAND (RUE ALBIN)";"44,12149000";"4,82094000"
"202400048347";"3";"12";"2024";"16:10";"1";"974";"97411";"2";"1";"1";"2";"FINETTE (CHEMIN)";" -20,89966000";"55,47343000"
"202400048348";"29";"10";"2024";"17:00";"2";"69";"69059";"2";"6";"1";"1";"Route de la Vallee";"45,85721500";"4,70476400"
"202400048349";"17";"08";"2024";"13:15";"1";"86";"86154";"1";"1";"3";"1";"D725";"46,80412500";"0,07393600"
"202400048350";"17";"09";"2024";"07:30";"2";"44";"44109";"2";"6";"1";"6";"Rond-Point de Rennes";"47,23335639";" -1,56583514"
"202400048351";"4";"07";"2024";"07:55";"1";"44";"44109";"2";"6";"1";"3";"373 Route de Sainte Luce";"47,24672320";" -1,49471429"
"202400048352";"4";"12";"2024";"20:10";"5";"973";"97302";"1";"6";"1";"3";"GIRATOIRE MARINGOUINS";"4,90779000";" -52,32227000"
"202400048353";"30";"10";"2024";"08:00";"1";"79";"79049";"1";"1";"5";"4";"N/A";"46,85685800";" -0,56449500"
"202400048354";"19";"08";"2024";"14:15";"1";"64";"64422";"2";"6";"1";"3";"6bis Rue de Sègues";"43,19752100";" -0,60417300"
"202400048355";"23";"09";"2024";"16:50";"1";"62";"62193";"2";"2";"1";"3";"Rue de Québec";"50,93252000";"1,85203000"
"202400048356";"4";"12";"2024";"13:50";"1";"973";"97302";"2";"6";"1";"3";"FELIX EBOUE(ROCADE)";"4,92467000";" -52,32324000"
"202400048357";"8";"07";"2024";"14:25";"1";"987";"98735";"1";"3";"1";"3";"CHEF VAIRAATOA (AVENUE)";" -17,53113400";" -149,55891500"
"202400048358";"19";"08";"2024";"19:09";"1";"14";"14384";"2";"1";"1";"6";"6 Rue Louis Marie";"49,30936300";" -0,35336200"
"202400048359";"17";"09";"2024";"09:30";"1";"44";"44109";"2";"6";"1";"3";"17 Route de la Jonelière";"47,24812698";" -1,55193865"
"202400048360";"3";"12";"2024";"19:55";"3";"973";"97302";"2";"6";"1";"3";"SUZINI (CARREFOUR)";"4,92722000";" -52,28971000"
"202400048361";"29";"10";"2024";"14:19";"1";"61";"61382";"1";"1";"1";"5";"N12 PK74+300";"48,45482200";" -0,02244400"
"202400048362";"19";"08";"2024";"21:00";"3";"27";"27489";"1";"2";"1";"1";"D316";"49,07400400";"1,22916300"
"202400048363";"24";"07";"2024";"19:15";"1";"74";"74133";"2";"1";"1";"3";"MARTINET (RUE DU)";"46,18268000";"6,20120000"
"202400048364";"4";"12";"2024";"19:15";"5";"69";"69383";"2";"2";"1";"6";"Avenue Lacassagne";"45,74974000";"4,87590000"
"202400048365";"29";"10";"2024";"08:15";"1";"13";"13005";"1";"1";"1";"2";"A502-Sens Aubagne vers Toulon par R.N.";"43,28388000";"5,58913000"
"202400048366";"19";"08";"2024";"21:55";"3";"02";"02676";"1";"1";"1";"6";"N/A";"49,51358000";"3,82834900"
"202400048367";"4";"12";"2024";"08:15";"1";"972";"97209";"2";"1";"1";"1";"BISHOP (Avenue Maurice)";"14,60647000";" -61,05808000"
"202400048368";"29";"10";"2024";"12:00";"1";"13";"13085";"1";"1";"1";"3";"A50-Sens Toulon vers Aubagne";"43,24704235";"5,59645431"
"202400048369";"4";"12";"2024";"16:27";"1";"69";"69382";"2";"1";"1";"6";"3 Quai Tilsitt";"45,75885000";"4,82912000"
"202400048370";"22";"07";"2024";"05:30";"2";"57";"57368";"2";"3";"1";"3";"REPUBLIQUE (RUE DE LA )";"49,33768657";"6,04553958"
"202400048371";"19";"08";"2024";"02:40";"3";"69";"69290";"1";"1";"1";"3";"Autoroute 43 ";"45,69900000";"4,97478000"
"202400048372";"20";"10";"2024";"01:10";"3";"13";"13071";"1";"1";"1";"2";"A55 - Sens Marseille vers Martigues";"43,39330763";"5,29952667"
"202400048373";"3";"12";"2024";"03:30";"5";"971";"97101";"1";"1";"2";"6";"RN5-BOISRIPEAUX";"16,27983000";" -61,50781000"
"202400048374";"20";"05";"2024";"14:00";"1";"24";"24037";"1";"1";"8";"1";"RD 936 E1";"44,82934770";"0,50070418"
"202400048375";"17";"08";"2024";"17:25";"1";"59";"59178";"1";"1";"1";"7";"AUTOROUTE A21";"50,38919996";"3,12816452"
"202400048376";"27";"10";"2024";"18:48";"3";"59";"59350";"1";"1";"1";"1";"Autoroute A25";"50,61685000";"3,08112000"
"202400048377";"23";"09";"2024";"12:50";"1";"974";"97416";"1";"1";"7";"2";"RN3 (ANCIENNE ROUTE)";" -21,32830000";"55,48167000"
"202400048378";"23";"09";"2024";"07:45";"1";"974";"97416";"2";"1";"1";"6";"LENORMAND(CHEMIN)";" -21,28025200";"55,47357000"
"202400048379";"19";"08";"2024";"17:55";"1";"91";"91174";"1";"1";"1";"3";"RN 104";"48,62383000";"2,46842000"
"202400048380";"4";"12";"2024";"05:37";"5";"95";"95219";"2";"3";"1";"3";"TOULOUSE LAUTREC (RUE)";"48,99452844";"2,25655394"
"202400048381";"24";"10";"2024";"18:23";"1";"59";"59586";"1";"1";"1";"7";"AUTOROUTE A23";"50,52199360";"3,20263059"
"202400048382";"4";"12";"2024";"07:55";"1";"91";"91201";"2";"1";"8";"6";"BD HENRI BARBUSSE";"48,68581000";"2,40853000"
"202400048383";"23";"09";"2024";"12:35";"1";"974";"97411";"2";"6";"1";"3";"JAURES (BOULEVARD JEAN)";" -20,90250000";"55,50290000"
"202400048384";"19";"08";"2024";"15:39";"1";"91";"91689";"1";"1";"1";"4";"AUTOROUTE A6B";"48,74802334";"2,32736886"
"202400048385";"29";"10";"2024";"18:40";"3";"91";"91534";"1";"1";"1";"4";"RN 118";"48,72300000";"2,16772000"
"202400048386";"3";"12";"2024";"16:40";"5";"91";"91201";"2";"1";"1";"6";"AV DU GENERAL DE GAULLE";"48,68608699";"2,40701596"
"202400048387";"19";"08";"2024";"09:30";"1";"94";"94034";"1";"1";"1";"2";"A86";"48,76090218";"2,31821429"
"202400048388";"29";"10";"2024";"17:00";"1";"94";"94038";"1";"1";"1";"3";"A6B";"48,78801270";"2,34552605"
"202400048389";"23";"09";"2024";"10:40";"1";"69";"69387";"2";"2";"1";"3";"Route de Vienne";"45,74520312";"4,84889956"
"202400048390";"3";"12";"2024";"17:30";"2";"91";"91097";"2";"1";"1";"1";"RUE DE ROCHOPT";"48,69092000";"2,52599000"
"202400048391";"28";"10";"2024";"08:43";"1";"92";"92048";"1";"1";"5";"2";"N118";"48,78772156";"2,22217275"
"202400048392";"23";"09";"2024";"07:40";"1";"69";"69383";"2";"2";"2";"3";"Rue Bellecombe";"45,76367109";"4,86368536"
"202400048393";"4";"12";"2024";"07:55";"1";"84";"84031";"2";"5";"1";"3";"SAINT ROCH AVENUE";"44,06501000";"5,04954000"
"202400048394";"29";"10";"2024";"18:30";"3";"93";"93007";"1";"1";"1";"2";"AUTOROUTE A3";"48,92330480";"2,48049511"
"202400048395";"23";"09";"2024";"08:10";"1";"972";"97213";"2";"1";"1";"2";"AUTOROUTE A1";"14,61817000";" -61,02952000"
"202400048396";"3";"12";"2024";"19:42";"5";"84";"84007";"2";"1";"1";"6";"LIMBERT (BOULEVARD)";"43,94718000";"4,81775000"
"202400048397";"29";"10";"2024";"15:35";"1";"77";"77373";"1";"1";"1";"2";"RN104";"48,76417075";"2,61545537"
"202400048398";"23";"09";"2024";"17:20";"1";100;100037";"2";"1";"1";"6";"TOUTES RUES";"42,61868000";"9,42456000"
"202400048399";"3";"12";"2024";"13:45";"1";"84";"84007";"2";"1";"1";"6";"AMANDIER (AVENUE DE L')";"43,94783000";"4,85616000"
"202400048400";"29";"10";"2024";"10:55";"1";"94";"94017";"1";"1";"1";"4";"A4";"48,82665078";"2,51617424"
"202400048401";"4";"12";"2024";"07:50";"1";"83";"83137";"2";"9";"1";"6";"3EME RGT DES TIRAILLEURS ALGERIENS (AVE)";"43,11824976";"5,94529438"
"202400048402";"22";"09";"2024";"11:50";"1";"971";"97113";"1";"4";"1";"5";"SECTION BESSON";"16,24082000";" -61,49593000"
"202400048403";"25";"05";"2024";"16:30";"1";"84";"84014";"2";"1";"1";"1";"Lotissement de la Colline";"43,73696000";"5,69209900"
"202400048404";"6";"11";"2024";"12:25";"1";"78";"78242";"2";"1";"8";"3";"DEMENERIE (RUE DE LA)";"48,81215000";"2,03974000"
"202400048405";"21";"09";"2024";"03:00";"4";"971";"97101";"2";"1";"1";"6";"COUR CHARNEAU";"16,25172000";" -61,52953000"
"202400048406";"25";"03";"2024";"15:13";"1";"84";"84105";"1";"1";"1";"6";"256 Route de Pierre-fiche";"43,87995400";"5,43923000"
"202400048407";"23";"09";"2024";"04:30";"3";"91";"91347";"1";"1";"8";"3";"RTE DE MONTLHERY";"48,63542000";"2,28464000"
"202400048408";"4";"12";"2024";"19:05";"5";"77";"77284";"2";"1";"1";"7";"VICTOIRE (AV.DE LA)";"48,95738000";"2,93619000"
"202400048409";"28";"07";"2024";"17:10";"1";"84";"84092";"2";"2";"1";"3";"Route de Sorgues";"43,96901300";"4,85673500"
"202400048410";"2";"12";"2024";"18:00";"3";"77";"77186";"1";"2";"2";"3";"RD606";"48,48117700";"2,66923000"
"202400048411";"15";"08";"2024";"21:00";"4";"974";"97413";"2";"1";"1";"1";"Rue Alexandre Bègue";" -21,15175800";"55,32072800"
"202400048412";"3";"12";"2024";"17:10";"1";"76";"76351";"2";"1";"1";"2";"BOIS AU COQ (RUE)";"49,51096000";"0,12925000"
"202400048413";"29";"08";"2024";"00:50";"4";"74";"74118";"2";"1";"1";"7";"SAINT-JULIEN (ROUTE DE)";"46,17538000";"6,22163000"
"202400048414";"3";"12";"2024";"19:00";"5";"74";"74118";"2";"1";"1";"2";"DEPORTES (ROUTE DES )";"46,18251000";"6,23012000"
"202400048415";"11";"07";"2024";"12:10";"1";"74";"74218";"2";"1";"1";"1";"NOAILLES (AVENUE ANNA DE)";"46,39500000";"6,55300000"
"202400048416";"7";"07";"2024";"13:00";"1";"85";"85191";"2";"9";"1";"3";"RD760";"46,66670000";" -1,44270000"
"202400048417";"2";"12";"2024";"08:30";"1";"74";"74012";"2";"3";"8";"6";"ROMAGNY (RUE DE)";"46,19701500";"6,24974100"
"202400048418";"2";"12";"2024";"07:30";"5";"74";"74012";"2";"9";"8";"3";"GLIERES (RUE DES)";"46,19498700";"6,24581500"
"202400048419";"22";"09";"2024";"20:10";"5";"84";"84007";"2";"3";"2";"1";"LIBERTE ( RUE DE LA)";"43,94350000";"4,81982000"
"202400048420";"3";"12";"2024";"19:25";"5";"69";"69259";"2";"3";"1";"3";"Square Pernet-Ducher";"45,71786187";"4,88470658"
"202400048421";"23";"09";"2024";"05:55";"3";"77";"77358";"1";"1";"1";"6";"RN 330 (ROUTE NATIONALE)";"48,97827000";"2,86172000"
"202400048422";"27";"07";"2024";"17:55";"1";"22";"22106";"1";"1";"1";"3";"FREYSSINET (RUE)";"48,49820000";" -2,72890000"
"202400048423";"3";"12";"2024";"17:40";"5";"67";"67482";"2";"1";"2";"6";"EUROPE (AVENUE DE L )";"48,59454750";"7,77313828"
"202400048424";"22";"09";"2024";"22:24";"5";"69";"69259";"2";"9";"2";"6";"Avenue Marcel Paul";"45,70067306";"4,88137006"
"202400048425";"30";"05";"2024";"20:00";"1";"32";"32337";"1";"9";"1";"6";"D103";"43,78091700";"0,56528100"
"202400048426";"27";"08";"2024";"04:45";"3";"29";"29003";"1";"1";"1";"6";"Lieu Dit Suguensou";"48,03705089";" -4,53134874"
"202400048427";"4";"12";"2024";"12:45";"1";"66";"66136";"2";"3";"1";"3";"LLOSA (RUE DE LA PETITE)";"42,70300000";"2,87979000"
"202400048428";"23";"09";"2024";"10:45";"1";"67";"67482";"2";"3";"1";"3";"SOULTZ (RUE DE)";"48,56488600";"7,77843400"
"202400048429";"28";"10";"2024";"07:10";"1";"987";"98736";"1";"9";"1";"7";"VETEA (ROUTE)-PIRAE";" -17,54498000";" -149,54885000"
"202400048430";"4";"12";"2024";"13:35";"1";"64";"64102";"2";"2";"1";"6";"NAVARRE (AVENUE HENRI DE)";"43,50482000";" -1,44673000"
"202400048431";"23";"09";"2024";"14:48";"1";"64";"64189";"2";"2";"1";"3";"MITTERRAND FRANCOIS  (AVENUE)";"43,38260773";" -1,66648328"
"202400048432";"28";"10";"2024";"18:45";"2";"974";"97409";"2";"1";"1";"2";"DU CENTRE(IMPASSE)";" -20,94786000";"55,65361000"
"202400048433";"4";"12";"2024";"11:40";"1";"64";"64102";"2";"1";"1";"3";"DE LA POTERNE (ALLEE)";"43,49103000";" -1,48122000"
"202400048434";"23";"09";"2024";"18:05";"1";"64";"64024";"2";"1";"1";"2";"BAYONNE (AVENUE DE)";"43,48305000";" -1,50364000"
"202400048435";"28";"10";"2024";"12:40";"1";"974";"97407";"1";"1";"1";"2";"ROUTE NATIONALE N° 1";" -20,94755000";"55,32258000"
"202400048436";"18";"09";"2024";"16:30";"1";"62";"62498";"2";"1";"1";"6";"Route de la Bassée";"50,44055000";"2,82085000"
"202400048437";"4";"12";"2024";"12:15";"1";"64";"64102";"2";"1";"1";"4";"NAVARRE (AVENUE HENRI DE)";"43,49795000";" -1,44870000"
"202400048438";"28";"10";"2024";"17:45";"2";"69";"69149";"2";"2";"1";"3";"Avenue Jean Jaurès";"45,71159000";"4,81987000"
"202400048439";"1";"12";"2024";"11:00";"1";"62";"62498";"2";"2";"1";"3";"Rue Arthur Fassiaux";"50,42504000";"2,80716000"
"202400048440";"22";"09";"2024";"07:35";"1";"59";"59350";"2";"3";"1";"3";"N°2-18-1-39 Boulevard Vauban";"50,63622000";"3,05059000"
"202400048441";"25";"10";"2024";"23:00";"4";"971";"97113";"1";"1";"1";"1";"ROUTE DE PERINET-RD 119";"16,20994000";" -61,48055000"
"202400048442";"20";"11";"2024";"16:45";"1";"62";"62528";"2";"1";"1";"2";"D165";"50,45478084";"2,78906751"
"202400048443";"22";"09";"2024";"20:20";"2";"56";"56162";"2";"6";"1";"3";"Rue Sainte-Anne";"47,74103000";" -3,40643000"
"202400048444";"25";"10";"2024";"12:35";"1";"971";"97101";"1";"9";"1";"6";"DOTHEMARE";"16,27195000";" -61,51740000"
"202400048445";"4";"12";"2024";"07:30";"2";"62";"62178";"2";"4";"1";"3";"D302";"50,47882773";"2,53281283"
"202400048446";"28";"10";"2024";"06:45";"1";"971";"97105";"2";"1";"1";"6";"BOLOGNE (ROUTE DE)";"16,00581000";" -61,73449000"
"202400048447";"22";"09";"2024";"10:05";"1";"54";"54395";"2";"6";"1";"3";"Rue des Fabriques";"48,68714000";"6,18860000"
"202400048448";"4";"12";"2024";"00:40";"5";"59";"59512";"2";"2";"1";"3";"Boulevard de Lyon";"50,67808000";"3,18564000"
"202400048449";"26";"10";"2024";"03:44";"5";"87";"87085";"2";"1";"2";"6";"VIGENAL (BOULEVARD DU)";"45,85003000";"1,24793000"
"202400048450";"23";"09";"2024";"13:25";"1";"54";"54329";"2";"1";"1";"2";"Rue Camille Flammarion";"48,58625000";"6,52320000"
"202400048451";"4";"12";"2024";"22:00";"5";"59";"59648";"2";"1";"8";"3";"DE GAULLE RUE DU GENERAL";"50,58870600";"3,05127300"
"202400048452";"22";"09";"2024";"23:10";"5";"51";"51454";"2";"1";"2";"3";"JUIN (AVENUE DU MARECHAL)";"49,22607000";"4,01638000"
"202400048453";"24";"10";"2024";"12:45";"1";"87";"87085";"2";"3";"1";"4";"RUBEN (AVENUE ERNEST)";"45,82354000";"1,25115000"
"202400048454";"23";"09";"2024";"11:05";"1";"38";"38185";"2";"6";"8";"6";"Place Docteur Girard";"45,19751726";"5,73685616"
"202400048455";"28";"10";"2024";"11:45";"1";"83";"83062";"2";"6";"1";"6";"RABASSON (CHEMIN DE)";"43,12937811";"6,02545906"
"202400048456";"3";"12";"2024";"08:05";"3";"59";"59437";"1";"1";"2";"4";"Rue de Seclin";"50,56599000";"3,02538000"
"202400048457";"23";"09";"2024";"07:35";"1";"37";"37261";"2";"1";"1";"3";"TONNELLE (BOULEVARD)";"47,38720000";"0,66725000"
"202400048458";"28";"10";"2024";"12:40";"1";"79";"79191";"2";"3";"1";"3";"N/A";"46,33003000";" -0,44182000"
"202400048459";"3";"12";"2024";"18:27";"5";"54";"54395";"2";"4";"2";"6";"Rue du Faubourg des Trois Maisons";"48,70469000";"6,16948000"
"202400048460";"23";"09";"2024";"04:46";"3";"37";"37050";"2";"1";"2";"6";"RD 37";"47,33036000";"0,68268000"
"202400048461";"28";"10";"2024";"15:15";"1";"78";"78401";"2";"1";"1";"6";"THIERS (BOULEVARD)";"49,00648700";"1,92099800"
"202400048462";"22";"09";"2024";"19:25";"2";"37";"37122";"1";"1";"2";"6";"RD 37";"47,36658102";"0,65324950"
"202400048463";"3";"12";"2024";"17:55";"5";"54";"54578";"2";"2";"2";"3";"Rue René Pécheur";"48,67701815";"6,16240633"
"202400048464";"28";"10";"2024";"17:42";"2";"77";"77296";"2";"1";"1";"6";"FERME D'ARVIGNY";"48,60302000";"2,58630000"
"202400048465";"28";"10";"2024";"12:50";"1";"77";"77495";"2";"1";"1";"3";"D.306";"48,56150000";"2,63352000"
"202400048466";"20";"09";"2024";"15:05";"1";"37";"37233";"2";"3";"1";"3";"FLORENCE (IMPASSE DE)";"47,37831483";"0,74163026"
"202400048467";"4";"12";"2024";"11:00";"1";"51";"51454";"2";"2";"1";"3";"BETTINGER (RUE DU DOCTEUR)";"49,28001700";"4,01895400"
"202400048468";"4";"12";"2024";"09:25";"1";"50";"50532";"2";"1";"1";"4";"D973";"48,81493000";" -1,54451000"
"202400048469";"23";"09";"2024";"14:10";"1";"35";"35238";"2";"6";"1";"1";"BELGIQUE (DE)";"48,08694000";" -1,68561000"
"202400048470";"28";"10";"2024";"12:25";"1";"77";"77513";"2";"1";"8";"3";"D5";"48,95468000";"2,86288000"
"202400048471";"3";"12";"2024";"23:30";"5";"50";"50129";"2";"4";"1";"6";"PLYMOUTH (AVENUE DE)";"49,63067000";" -1,62264000"
"202400048472";"28";"10";"2024";"20:40";"5";"77";"77449";"2";"9";"5";"6";"CRS DE LA GARONNE";"48,85451000";"2,78549000"
"202400048473";"23";"09";"2024";"09:00";"2";"35";"35281";"2";"3";"2";"7";"MERMOZ (BOULEVARD JEAN)";"48,09657419";" -1,69193881"
"202400048474";"3";"12";"2024";"14:07";"1";"49";"49007";"2";"1";"1";"3";"CARNOT";"47,47440000";" -0,54691000"
"202400048475";"28";"10";"2024";"05:10";"5";"77";"77058";"2";"2";"5";"6";"LA HAYE (BOULEVARD DE)";"48,83170582";"2,72345921"
"202400048476";"23";"09";"2024";"08:55";"1";"34";"34172";"2";"1";"1";"6";"LAVANDIN (RUE DU)";"43,60001000";"3,85355000"
"202400048477";"4";"12";"2024";"12:10";"1";"45";"45302";"2";"1";"5";"1";"1383 Rue Passe Debout";"47,93489000";"1,87626000"
"202400048478";"28";"10";"2024";"18:10";"3";"76";"76497";"1";"1";"1";"3";"N338 - Sud 3";"49,37806000";"1,04774000"
"202400048479";"23";"09";"2024";"18:10";"1";"33";"33063";"2";"1";"1";"3";"N/A";"44,83583000";" -0,56776000"
"202400048480";"4";"12";"2024";"07:30";"3";"38";"38544";"1";"1";"8";"2";"CD 41";"45,52088000";"4,90267000"
"202400048481";"23";"09";"2024";"03:30";"5";"31";"31555";"2";"9";"1";"6";"R-PT CHARLES FABRE";"43,57457578";"1,40479892"
"202400048482";"27";"10";"2024";"15:30";"1";"73";"73029";"2";"3";"1";"3";"D1006 CHALLES (ROUTE DE)";"45,56998000";"5,94670000"
"202400048483";"3";"12";"2024";"09:00";"1";"34";"34032";"1";"1";"1";"4";"ROUTE DE CORNEILHAN (RD.154)";"43,37154000";"3,20885000"
"202400048484";"28";"10";"2024";"17:30";"1";"69";"69275";"2";"1";"1";"3";"1 Rue Emile Zola";"45,76338743";"4,93829208"
"202400048485";"4";"12";"2024";"13:20";"1";"33";"33281";"2";"1";"1";"3";"N/A";"44,84075000";" -0,64155000"
"202400048486";"28";"10";"2024";"22:43";"5";"68";"68224";"2";"3";"1";"1";"Boulevard des Nations";"47,73825800";"7,30147900"
"202400048487";"4";"12";"2024";"08:15";"2";"31";"31557";"2";"1";"1";"6";"RAMELET MOUNDI (CH DE)";"43,58020400";"1,36185700"
"202400048488";"28";"10";"2024";"07:50";"1";"68";"68256";"2";"1";"1";"2";"Route de Thann";"47,75699100";"7,29722100"
"202400048489";"3";"12";"2024";"02:40";"3";"29";"29151";"1";"1";"2";"7";"RN12";"48,58791188";" -3,80811889"
"202400048490";"26";"10";"2024";"20:30";"5";"67";"67482";"2";"1";"1";"3";"SCHIRMECK (ROUTE DE)";"48,57422300";"7,72400900"
"202400048491";"23";"11";"2024";"13:50";"1";"24";"24037";"2";"1";"1";"6";"FENELON  (RUE)";"44,84709000";"0,48223000"
"202400048492";"4";"12";"2024";"13:00";"1";"19";"19031";"2";"1";"1";"6";"TURGOT (AVENUE)";"45,16610000";"1,52622000"
"202400048493";"27";"10";"2024";"21:20";"5";"64";"64024";"1";"1";"1";"3";"BAB (Boulevard)";"43,49684000";" -1,49899000"
"202400048494";"28";"10";"2024";"15:00";"1";"59";"59636";"2";"9";"1";"2";"WAMBRECHIES RUE DE";"50,68171000";"3,06290000"
"202400048495";"1";"12";"2024";"19:50";"5";"13";"13211";"2";"1";"1";"3";"SAINT MARCEL (BOULEVARD DE )";"43,28577000";"5,46847000"
"202400048496";"3";"10";"2024";"15:00";"1";"57";"57227";"2";"3";"8";"3";"ST REMY(AV.)R.DE LA CHAPLLE NC. AU CARR.";"49,18709000";"6,89826000"
"202400048497";"2";"12";"2024";"17:50";"3";"11";"11069";"1";"1";"1";"3";"N/A";"43,20380000";"2,38709700"
"202400048498";"26";"10";"2024";"11:10";"1";"56";"56098";"2";"1";"1";"3";"Avenue François Mitterrand";"47,76662000";" -3,33556000"
"202400048499";"10";"10";"2024";"12:30";"1";"01";"01283";"2";"6";"1";"6";"N/A";"46,25415000";"5,63719000"
"202400048500";"27";"10";"2024";"20:04";"5";"49";"49007";"2";"3";"1";"3";"PASTEUR AVENUE";"47,47511000";" -0,53545000"
"202400048501";"4";"12";"2024";"17:10";"5";"75";"75106";"2";"2";"1";"6";"PLACE SAINT SULPICE";"48,85123600";"2,33296200"
"202400048502";"27";"10";"2024";"18:35";"3";"37";"37122";"1";"9";"1";"2";"JEAN JAURES";"47,34774269";"0,64628729"
"202400048503";"4";"12";"2024";"15:30";"1";"75";"75117";"2";"2";"1";"6";"RUE CARDINET";"48,88862600";"2,31566600"
"202400048504";"27";"10";"2024";"07:45";"1";"37";"37233";"2";"6";"2";"6";"ARC EN CIEL ( ROND POINT DE L')";"47,39212000";"0,72542000"
"202400048505";"4";"12";"2024";"12:10";"1";"75";"75117";"2";"3";"1";"2";"BOULEVARD DE COURCELLES";"48,88120859";"2,31557518"
"202400048506";"28";"10";"2024";"12:45";"1";"34";"34172";"2";"1";"8";"6";"MADELEINE (RUE DE LA)";"43,58257000";"3,86079000"
"202400048507";"25";"10";"2024";"14:30";"1";"34";"34032";"1";"1";"3";"1";"MAUREILHAN (ROUTE DE)";"43,34617000";"3,16556000"
"202400048508";"3";"12";"2024";"20:05";"5";"75";"75117";"2";"1";"1";"4";"PLACE DE LA PORTE DE CHAMPERRET";"48,88582500";"2,29038900"
"202400048509";"28";"10";"2024";"18:30";"2";"33";"33063";"2";"1";"1";"2";"N/A";"44,86170500";" -0,58641200"
"202400048510";"4";"12";"2024";"04:55";"5";"75";"75116";"2";"1";"1";"6";"AVENUE DU PRESIDENT KENNEDY";"48,85502400";"2,28418900"
"202400048511";"4";"12";"2024";"21:45";"5";"75";"75108";"2";"7";"1";"7";"PLACE DU GENERAL BROCARD";"48,87805800";"2,30509400"
"202400048512";"28";"10";"2024";"11:20";"1";"33";"33522";"2";"6";"8";"2";"N/A";"44,81853000";" -0,60209000"
"202400048513";"28";"10";"2024";"09:45";"1";"32";"32013";"2";"1";"8";"2";"PESSAN (ROUTE DE)";"43,64091000";"0,59590000"
"202400048514";"3";"12";"2024";"21:15";"5";"75";"75117";"2";"2";"1";"2";"BOULEVARD DU FORT DE VAUX";"48,89228500";"2,30099900"
"202400048515";"28";"10";"2024";"14:39";"1";"31";"31555";"2";"1";"1";"3";"REVEL (RTE DE) DU 2AU 306";"43,56797502";"1,50547564"
"202400048516";"4";"12";"2024";"19:30";"5";"75";"75107";"2";"1";"1";"3";"RUE SEDILLOT";"48,85911000";"2,30150600"
"202400048517";"28";"10";"2024";"11:20";"1";"30";"30007";"2";"1";"1";"7";"BLANC (BD LOUIS)";"44,12520000";"4,08028000"
"202400048518";"3";"12";"2024";"16:05";"2";"75";"75104";"2";"3";"2";"6";"RUE DE RIVOLI";"48,85509700";"2,36167100"
"202400048519";"26";"10";"2024";"21:45";"5";"29";"29019";"2";"2";"2";"3";"rue Coat ar Gueven";"48,39351600";" -4,48132900"
"202400048520";"3";"12";"2024";"12:20";"1";"75";"75104";"2";"2";"1";"1";"RUE DE RIVOLI";"48,85750000";"2,35143700"
"202400048521";"2";"12";"2024";"23:45";"5";"75";"75101";"2";"1";"2";"7";"QUAI DES TUILERIES";"48,86285400";"2,32428900"
"202400048522";"24";"10";"2024";"23:20";"5";"29";"29019";"2";"2";"1";"3";"avenue Victor Le Gorgeu";"48,41000688";" -4,51418728"
"202400048523";"2";"12";"2024";"09:25";"1";"75";"75104";"2";"2";"1";"6";"RUE DES DEUX PONTS";"48,85242100";"2,35715100"
"202400048524";"28";"10";"2024";"18:22";"4";"26";"26198";"1";"1";"1";"6";"Chemin des Leonards";"44,58379413";"4,74899054"
"202400048525";"4";"12";"2024";"14:50";"1";"94";"94011";"2";"9";"1";"3";"avenue jean Monnet";"48,76281607";"2,47973630"
"202400048526";"28";"10";"2024";"09:05";"1";"25";"25056";"2";"1";"1";"5";"CLEMENCEAU AVENUE G.";"47,23542000";"5,99449000"
"202400048527";"3";"12";"2024";"21:13";"5";"94";"94078";"2";"1";"2";"3";"Rue de Paris";"48,74830000";"2,44627000"
"202400048528";"4";"12";"2024";"22:10";"5";"94";"94073";"2";"1";"1";"1";"Avenue Léon Marchand";"48,76581400";"2,39136200"
"202400048529";"28";"10";"2024";"21:45";"5";"13";"13056";"2";"3";"1";"3";"TURCAN FRANCIS";"43,41219000";"5,04691000"
"202400048530";"4";"12";"2024";"14:25";"1";"93";"93055";"2";"3";"1";"3";"ALFRED LESIEUR (AVENUE)";"48,90456721";"2,39563290"
"202400048531";"4";"12";"2024";"19:00";"5";"93";"93051";"2";"2";"1";"3";"GABRIEL PERI (AVENUE)";"48,83450000";"2,56575000"
"202400048532";"28";"10";"2024";"19:30";"5";"13";"13214";"2";"4";"1";"3";"MERLAN (AVENUE)";"43,33762000";"5,40774000"
"202400048533";"3";"12";"2024";"18:50";"2";"93";"93046";"2";"2";"1";"3";"EUROPE BOULEVARD DE L'";"48,92476000";"2,54795000"
"202400048534";"28";"10";"2024";"11:40";"1";"13";"13047";"1";"1";"1";"5";"RD 1569";"43,53077000";"4,96007000"
"202400048535";"4";"12";"2024";"17:52";"5";"93";"93006";"2";"1";"1";"6";"GIRARDOT RUE";"48,87462888";"2,42558867"
"202400048536";"4";"10";"2024";"22:35";"5";"12";"12202";"2";"1";"1";"3";"COMBAREL (RUE)";"44,34955000";"2,57194000"
"202400048537";"3";"12";"2024";"23:10";"5";"92";"92078";"2";"3";"1";"2";"EDOUARD MANET (RUE)";"48,93460917";"2,33141541"
"202400048538";"3";"10";"2024";"19:25";"2";"12";"12202";"2";"1";"1";"2";"DENYS PUECH (BOULEVARD)";"44,35010000";"2,57809000"
"202400048539";"28";"10";"2024";"15:43";"1";"75";"75110";"2";"2";"1";"6";"BOULEVARD DE STRASBOURG";"48,87489600";"2,35732700"
"202400048540";"4";"12";"2024";"19:16";"5";"92";"92073";"2";"3";"1";"4";"GALLIENI (QUAI)";"48,87372859";"2,23626763"
"202400048541";"27";"10";"2024";"22:18";"5";"75";"75106";"2";"3";"1";"1";"BOULEVARD SAINT MICHEL";"48,84336000";"2,33865700"
"202400048542";"3";"12";"2024";"19:00";"5";"92";"92050";"2";"2";"1";"3";"CLEMENCEAU GEORGES AVENUE N° PAIR";"48,88577000";"2,21924000"
"202400048543";"27";"10";"2024";"21:25";"5";"75";"75106";"2";"2";"1";"3";"RUE SAINT SULPICE";"48,85146900";"2,33705700"
"202400048544";"4";"12";"2024";"18:00";"5";"92";"92048";"2";"2";"1";"3";"BELGIQUE (RUE DE LA)";"48,81036749";"2,24750519"
"202400048545";"28";"10";"2024";"15:00";"1";"75";"75117";"2";"1";"1";"6";"RUE CARDINET";"48,88815100";"2,31524100"
"202400048546";"4";"12";"2024";"18:30";"5";"92";"92024";"2";"1";"1";"6";"HUIT MAI 1945 (RUE DU)";"48,89816851";"2,31017970"
"202400048547";"28";"10";"2024";"17:04";"2";"75";"75115";"2";"2";"1";"3";"QUAI DE GRENELLE";"48,84983400";"2,28290400"
"202400048548";"4";"12";"2024";"22:30";"3";"92";"92023";"2";"1";"1";"2";"GENERAL EISENHOWER (AVENUE)";"48,77620309";"2,23787293"
"202400048549";"28";"10";"2024";"20:30";"5";"75";"75108";"2";"1";"1";"7";"COURS ALBERT 1ER";"48,86482100";"2,30552900"
"202400048550";"28";"10";"2024";"16:14";"1";"75";"75107";"2";"2";"1";"3";"PONT DE L ALMA";"48,86245200";"2,30176600"
"202400048551";"3";"12";"2024";"20:36";"3";"39";"39547";"1";"1";"1";"1";"N/A";"46,34957100";"5,75177200"
"202400048552";"28";"10";"2024";"18:25";"5";"75";"75102";"2";"7";"1";"1";"PLACE DES PETITS PERES";"48,86634900";"2,34107800"
"202400048553";"28";"10";"2024";"15:50";"1";"94";"94044";"2";"9";"1";"6";"Rue du Tertre";"48,75091000";"2,49081000"
"202400048554";"27";"10";"2024";"02:00";"5";"94";"94074";"2";"6";"1";"6";"rue LOUIS ARMAND";"48,76157000";"2,44840000"
"202400048555";"4";"12";"2024";"07:40";"3";"54";"54083";"1";"1";"5";"1";"D914";"48,62322594";"6,48747344"
"202400048556";"28";"10";"2024";"11:10";"1";"94";"94073";"2";"1";"5";"2";"Avenue de Fontainebleau";"48,76846000";"2,36816000"
"202400048557";"5";"12";"2024";"08:50";"1";"47";"47040";"1";"2";"1";"3";"Avenue des Landes";"44,19360100";"0,58387400"
"202400048558";"28";"10";"2024";"07:50";"2";"94";"94022";"2";"1";"5";"2";"Avenue de Lugo";"48,77090000";"2,40900000"
"202400048559";"27";"10";"2024";"09:30";"1";"94";"94019";"2";"1";"8";"6";"Avenue de l’Hippodrome";"48,79940000";"2,56910000"
"202400048560";"28";"10";"2024";"08:00";"1";"93";"93078";"2";"2";"8";"3";"COLBERT (AVENUE)";"48,95276000";"2,53605000"
"202400048561";"28";"10";"2024";"19:40";"5";"93";"93051";"2";"3";"1";"6";"LEO LAGRANGE";"48,84755000";"2,52956000"
"202400048562";"28";"10";"2024";"08:45";"1";"93";"93001";"2";"1";"1";"6";"VICTOR HUGO (AVE)  => N° 129";"48,90926566";"2,37835525"
"202400048563";"28";"10";"2024";"09:50";"1";"92";"92040";"2";"1";"1";"3";"CAMILLE DESMOULINS";"48,83072674";"2,26606429"