"Num_Acc";"jour";"mois";"an";"hrmn";"lum";"dep";"com";"agg";"int";"atm";"col";"adr";"lat";"long"
"202400048564";"28";"10";"2024";"12:00";"1";"92";"92024";"2";"1";"1";"4";"JEAN JAURES (BD) DE 47 A 109)   (56 A 14";"48,90402271";"2,30296835"
"202400048565";"28";"10";"2024";"21:05";"3";"92";"92023";"2";"1";"1";"6";"GENERAL EISENHOWER (AVENUE)";"48,77702221";"2,22973332"
"202400048566";"28";"10";"2024";"19:55";"4";"92";"92012";"2";"1";"1";"3";"QUATRE SEPTEMBRE (QUAI DU)";"48,84839082";"2,22734481"
"202400048567";"28";"10";"2024";"19:40";"5";"92";"92004";"2";"1";"1";"2";"INTERCOMMUNAL (B)";"48,93174173";"2,28318751"
"202400048568";"28";"10";"2024";"10:45";"1";"37";"37010";"1";"1";"5";"1";"Rue du 11 Novembre";"47,54878184";"0,92121220"
"202400048569";"28";"10";"2024";"12:10";"1";"01";"01207";"1";"1";"1";"1";"D904 pK 016.000";"45,99341400";"4,95318200"
"202400048570";"29";"10";"2024";"16:18";"1";"76";"76377";"1";"1";"1";"6";"A28";"49,48756600";"1,14088300"
"202400048571";"27";"10";"2024";"18:15";"2";"71";"71130";"1";"1";"1";"6";"D187";"46,52645000";"4,74474200"
"202400048572";"13";"10";"2024";"13:05";"1";"33";"33176";"2";"1";"1";"2";"N/A";"44,62093700";" -0,25299900"
"202400048573";"29";"10";"2024";"09:15";"1";"07";"07302";"1";"1";"5";"5";"D2";"44,65735100";"4,70362900"
"202400048574";"6";"01";"2024";"08:20";"1";"63";"63110";"1";"1";"4";"7";"A89, pk 323+000";"45,79547154";"2,76439187"
"202400048575";"5";"01";"2024";"04:15";"3";"30";"30141";"2";"1";"6";"7";"Route de Laudun";"44,09843400";"4,68677400"
"202400048576";"7";"01";"2024";"15:30";"1";"62";"62080";"2";"1";"1";"6";"D917";"50,10234282";"2,85273432"
"202400048577";"6";"01";"2024";"18:10";"2";"65";"65460";"1";"1";"1";"6";"D934";"43,38517600";"0,09262200"
"202400048578";"7";"01";"2024";"15:00";"1";"32";"32410";"2";"1";"8";"7";"26 Rue de la République";"43,49235100";"0,93061900"
"202400048579";"7";"01";"2024";"04:45";"5";"71";"71522";"1";"1";"2";"6";"999 Route de Cuisery";"46,60327500";"4,98687000"
"202400048580";"6";"01";"2024";"18:00";"5";"63";"63223";"1";"4";"2";"2";"RD2144 / Lieu Dit la Baraque Brûlée";"46,12993200";"2,86728100"
"202400048581";"6";"01";"2024";"20:55";"3";"63";"63290";"1";"1";"4";"6";"D90";"45,89955800";"2,92464900"
"202400048582";"7";"01";"2024";"05:40";"3";"61";"61394";"1";"1";"1";"6";"D7";"48,25674600";"0,61057900"
"202400048583";"6";"01";"2024";"23:50";"3";"47";"47195";"1";"1";"1";"6";"1512 Route d'Espiens";"44,14009800";"0,36105600"
"202400048584";"6";"01";"2024";"15:25";"1";"68";"68129";"1";"1";"9";"6";"départementale D166";"47,72721500";"7,20922000"
"202400048585";"5";"01";"2024";"12:00";"1";"22";"22194";"1";"1";"3";"6";"penn an ale";"48,62557300";" -3,61635800"
"202400048586";"7";"01";"2024";"04:00";"3";"44";"44031";"1";"1";"1";"6";"N/A";"47,63127200";" -1,20109300"
"202400048587";"5";"01";"2024";"18:30";"3";"29";"29105";"1";"4";"2";"1";"D30";"48,50549726";" -4,09493473"
"202400048588";"5";"01";"2024";"11:00";"1";"29";"29105";"2";"6";"2";"7";"Le Drennec";"48,52666036";" -4,06687894"
"202400048589";"6";"01";"2024";"17:45";"3";"58";"58055";"1";"1";"2";"2";"D981";"46,83581500";"3,55830400"
"202400048590";"6";"01";"2024";"14:00";"1";"53";"53153";"1";"1";"2";"4";"RD 07 PK 35+500 croissant";"48,21758200";" -0,46009500"
"202400048591";"4";"01";"2024";"17:00";"3";"24";"24459";"1";"3";"1";"3";"Impasse de Montargille";"45,04033300";"0,66396500"
"202400048592";"6";"01";"2024";"19:26";"5";"17";"17243";"1";"1";"1";"3";"Route de Montendre";"45,24334500";" -0,27338700"
"202400048593";"7";"01";"2024";"16:30";"1";"976";"97602";"1";"1";"1";"1";"RN1 Mtsahara";" -12,67727000";"45,09480000"
"202400048594";"2";"01";"2024";"08:05";"2";"89";"89059";"1";"1";"3";"3";"D77";"48,06249600";"3,51596200"
"202400048595";"6";"01";"2024";"17:30";"1";"33";"33240";"2";"1";"1";"1";"N/A";"45,30194654";" -0,93435287"
"202400048596";"7";"01";"2024";"12:45";"1";"85";"85155";"1";"1";"1";"2";"130 Rue de la croisée";"46,71801900";" -1,42491800"
"202400048597";"6";"01";"2024";"17:10";"1";"44";"44176";"2";"1";"1";"6";"107 Rue du Docteur René Laënnec";"47,35294700";" -2,18372000"
"202400048598";"6";"01";"2024";"18:10";"5";"22";"22225";"2";"1";"1";"2";"Rue du Pavillon Bleu";"48,54467600";" -3,14377400"
"202400048599";"5";"01";"2024";"15:00";"1";"22";"22136";"2";"6";"2";"2";"Rue Arthur Enaud";"48,15741200";" -2,75682800"
"202400048600";"6";"01";"2024";"14:45";"1";"33";"33013";"1";"1";"1";"4";"N/A";"44,86233700";" -0,50382900"
"202400048601";"6";"01";"2024";"17:10";"3";"91";"91471";"1";"1";"1";"6";"RN 118";"48,71064000";"2,18645000"
"202400048602";"6";"01";"2024";"14:00";"1";"94";"94038";"1";"1";"1";"2";"A6B";"48,77794082";"2,34667686"
"202400048603";"5";"05";"2024";"23:00";"5";"31";"31555";"2";"1";"3";"6";"RTE DE SEYSSES";"43,55197600";"1,39551848"
"202400048604";"6";"01";"2024";"00:50";"3";"78";"78545";"1";"1";"1";"2";"A12 W";"48,81041700";"2,05597000"
"202400048605";"6";"05";"2024";"01:25";"5";"28";"28209";"2";"1";"2";"7";"RN 154";"48,48966000";"1,47193000"
"202400048606";"14";"04";"2024";"00:50";"3";"27";"27229";"2";"1";"1";"7";"CITES UNIES (BOULEVARD DES)";"49,01121000";"1,14195000"
"202400048607";"6";"01";"2024";"16:00";"1";"93";"93064";"1";"1";"1";"2";"AUTOROUTE A86";"48,87109766";"2,48225139"
"202400048608";"6";"05";"2024";"20:15";"1";"13";"13001";"2";"2";"8";"6";"FERRINI FORTUNE (AV)";"43,51037000";"5,44230000"
"202400048609";"6";"01";"2024";"10:20";"1";"95";"95252";"1";"1";"1";"5";"A15";"48,98341557";"2,21876294"
"202400048610";"6";"05";"2024";"16:00";"1";"06";"06069";"2";"1";"1";"3";"144 Avenue Pierre Sémard";"43,65354000";"6,92521000"
"202400048611";"5";"01";"2024";"20:30";"3";"92";"92036";"1";"1";"1";"2";"AUTOROUTE A86";"48,93838168";"2,31330853"
"202400048612";"6";"05";"2024";"12:10";"1";"06";"06030";"2";"1";"2";"3";"482 Avenue General de Gaulle";"43,56976000";"6,99535000"
"202400048613";"6";"01";"2024";"00:15";"3";"93";"93048";"1";"1";"1";"2";"AUTOROUTE A3";"48,87140607";"2,43234765"
"202400048614";"23";"04";"2024";"08:20";"1";"05";"05061";"2";"4";"1";"1";"Route de Chabanas";"44,56711000";"6,06762000"
"202400048615";"5";"01";"2024";"21:30";"3";"93";"93066";"1";"1";"1";"2";"AUTOROUTE A86";"48,92293450";"2,34504055"
"202400048616";"5";"05";"2024";"05:30";"5";"75";"75115";"2";"1";"1";"4";"BD PERIPHERIQUE EXTERIEUR";"48,83378600";"2,27705200"
"202400048617";"6";"05";"2024";"08:45";"1";"75";"75119";"2";"1";"1";"2";"BD PERIPHERIQUE EXTERIEUR ";"48,87903200";"2,40811600"
"202400048618";"5";"01";"2024";"13:50";"1";"93";"93005";"1";"1";"1";"4";"AUTOROUTE A3";"48,95280378";"2,47375002"
"202400048619";"6";"05";"2024";"18:10";"1";"75";"75120";"2";"3";"1";"6";"BOULEVARD DE CHARONNE";"48,84978700";"2,39917600"
"202400048620";"6";"05";"2024";"17:20";"1";"75";"75120";"2";"1";"1";"1";"COURS DE VINCENNES";"48,84786100";"2,40260000"
"202400048621";"5";"01";"2024";"07:00";"1";"974";"97411";"2";"2";"1";"3";"JAURES (BOULEVARD JEAN)";" -20,89076000";"55,45503000"
"202400048622";"6";"05";"2024";"21:30";"3";"75";"75115";"2";"2";"1";"6";"RUE DE LA CONVENTION";"48,83722300";"2,29642500"
"202400048623";"5";"01";"2024";"18:20";"1";"974";"97409";"2";"9";"2";"3";"DE LA REPUBLIQUE(AVENUE)";" -20,96215000";"55,65558000"
"202400048624";"5";"01";"2024";"07:55";"1";"974";"97407";"2";"1";"1";"7";"ROUTE DU SACRE COEUR";" -20,95737000";"55,31530000"
"202400048625";"5";"05";"2024";"14:10";"1";"75";"75112";"2";"3";"1";"3";"AVENUE DAUMESNIL";"48,84805300";"2,37389500"
"202400048626";"5";"01";"2024";"08:30";"2";"69";"69383";"2";"1";"2";"1";"Avenue Félix Faure";"45,75429000";"4,86492000"
"202400048627";"6";"05";"2024";"17:00";"1";"75";"75110";"2";"3";"1";"3";"BOULEVARD DE MAGENTA";"48,88211100";"2,35106700"
"202400048628";"4";"01";"2024";"16:09";"1";"972";"97207";"1";"1";"1";"3";"N/A";"14,59973193";" -60,96986175"
"202400048629";"5";"01";"2024";"17:50";"5";"69";"69382";"2";"9";"1";"6";"Route de Métropole 7";"45,74880792";"4,82808562"
"202400048630";"6";"05";"2024";"11:50";"1";"75";"75107";"2";"3";"1";"3";"QUAI D ORSAY";"48,86250500";"2,31036500"
"202400048631";"6";"05";"2024";"04:45";"5";"75";"75107";"2";"7";"2";"7";"BOULEVARD DES INVALIDES";"48,85049900";"2,31444700"
"202400048632";"5";"01";"2024";"13:50";"1";"971";"97120";"2";"1";"1";"3";"HANNE (BOULEVARD)";"16,24041000";" -61,53301000"
"202400048633";"2";"05";"2024";"15:45";"1";"94";"94081";"2";"1";"1";"6";"Rue Julian Grimau";"48,78044107";"2,37351608"
"202400048634";"5";"01";"2024";"08:40";"1";"91";"91161";"2";"1";"1";"1";"LONGJUMEAU (ROUTE DE)";"48,70719000";"2,29710000"
"202400048635";"5";"01";"2024";"14:55";"1";"91";"91421";"2";"1";"1";"1";"LOUIS ARMAND (RUE)";"48,70760000";"2,46169000"
"202400048636";"5";"05";"2024";"09:20";"1";"94";"94080";"2";"1";"2";"2";"Rue de Strasbourg";"48,85157777";"2,43833855"
"202400048637";"30";"03";"2024";"21:35";"3";"51";"51572";"1";"1";"1";"2";"A4 PK 192+700";"49,03605072";"4,61612370"
"202400048638";"6";"05";"2024";"19:56";"1";"94";"94079";"2";"3";"1";"1";"Avenue Lamartine / Avenue André Rouy";"48,82103477";"2,55578238"
"202400048639";"5";"01";"2024";"20:40";"4";"84";"84007";"2";"6";"8";"3";"MARSEILLE (Route de )";"43,92656000";"4,84489000"
"202400048640";"29";"03";"2024";"15:00";"1";"11";"11262";"2";"6";"1";"3";"N/A";"43,16613600";"3,17436200"
"202400048641";"6";"05";"2024";"13:10";"1";"94";"94081";"2";"3";"1";"6";"Boulevard de Stalingrad / Rue Germaine Tailleferre";"48,80350000";"2,37754000"
"202400048642";"5";"01";"2024";"17:15";"1";"84";"84007";"2";"1";"1";"3";"AMANDIER (Avenue de l')";"43,94463000";"4,85432000"
"202400048643";"30";"03";"2024";"14:30";"1";"78";"78537";"1";"1";"1";"6";"Autoroute A10, PK 021+700 direction province";"48,56289100";"1,96081400"
"202400048644";"6";"05";"2024";"17:00";"1";"94";"94065";"1";"1";"1";"3";"N186B";"48,75385000";"2,36554605"
"202400048645";"5";"01";"2024";"15:15";"1";"81";"81004";"2";"1";"1";"6";"SAINT JUERY (AV DE) DU N° 1 AU N° 48";"43,93425160";"2,17424160"
"202400048646";"31";"03";"2024";"04:00";"3";"987";"98729";"2";"1";"1";"7";"PK4.5 Maharepa";" -17,48156001";" -149,79879856"
"202400048647";"5";"05";"2024";"19:02";"1";"94";"94011";"2";"1";"1";"1";"Route de Stains";"48,77860432";"2,49154454"
"202400048648";"6";"01";"2024";"00:55";"5";"77";"77288";"1";"9";"1";"2";"MAINCY(BOULEVARD)";"48,54757000";"2,67686000"
"202400048649";"30";"03";"2024";"23:00";"3";"971";"97115";"1";"1";"1";"6";"Route de Routa D2";"16,25692900";" -61,63717400"
"202400048650";"4";"01";"2024";"19:25";"5";"77";"77394";"2";"1";"1";"7";"TROIS MOULINS  (DES)";"48,55800000";"2,68014000"
"202400048651";"6";"05";"2024";"23:00";"5";"93";"93070";"2";"1";"1";"3";"Rue Albert Dhalenne";"48,91500000";"2,33157000"
"202400048652";"31";"03";"2024";"05:12";"3";"91";"91671";"1";"1";"5";"6";"D191";"48,45932000";"2,26447100"
"202400048653";"5";"01";"2024";"18:05";"4";"72";"72181";"2";"9";"1";"1";"CD 139 (RTE DE LAIGNE)";"47,96947000";"0,21035000"
"202400048654";"6";"05";"2024";"18:40";"1";"93";"93071";"2";"6";"1";"1";"Avenue Lucie Aubrac / Avenue Henri Barbusse";"48,93355000";"2,54284000"
"202400048655";"5";"01";"2024";"05:30";"5";"69";"69286";"2";"1";"1";"7";"Route de Genève";"45,80743000";"4,89429000"
"202400048656";"31";"03";"2024";"12:55";"1";"34";"34039";"1";"6";"1";"2";"D613";"43,44899300";"3,64535800"
"202400048657";"6";"05";"2024";"16:38";"1";"93";"93046";"2";"1";"1";"2";"Avenue du Consul General Nordling";"48,91761200";"2,53419200"
"202400048658";"5";"01";"2024";"07:50";"5";"66";"66136";"2";"3";"8";"3";"Quai Sadi CARNOT";"42,70043000";"2,89370000"
"202400048659";"5";"05";"2024";"22:15";"3";"93";"93013";"2";"6";"1";"6";"Carrefour Charles Lindbergh / A1";"48,94232000";"2,43003000"
"202400048660";"30";"03";"2024";"17:00";"1";"33";"33051";"2";"3";"1";"3";"N/A";"44,64750000";" -0,97433300"
"202400048661";"5";"01";"2024";"11:55";"1";"64";"64483";"2";"3";"2";"3";"N/A";"43,39730000";" -1,64310000"
"202400048662";"6";"05";"2024";"09:35";"1";"92";"92075";"2";"1";"1";"3";"LARMEROUX (RUE)";"48,81517000";"2,27851000"
"202400048663";"4";"01";"2024";"23:20";"3";"64";"64545";"1";"1";"3";"2";"RD810";"43,35998025";" -1,72653526"
"202400048664";"31";"03";"2024";"07:30";"2";"53";"53094";"1";"6";"1";"7";"RD 910";"48,00215600";" -0,72343500"
"202400048665";"5";"05";"2024";"22:30";"5";"92";"92023";"2";"1";"1";"7";"GENERAL DE GAULLE (AV DU) N°130 A 340 ET";"48,78865000";"2,25913000"
"202400048666";"3";"01";"2024";"16:15";"1";"62";"62771";"2";"1";"2";"2";"Rue Casimir Beugnet";"50,41978043";"2,87612486"
"202400048667";"5";"01";"2024";"19:50";"5";"62";"62178";"2";"1";"1";"6";"D188";"50,49493736";"2,57400121"
"202400048668";"5";"05";"2024";"22:25";"5";"92";"92023";"2";"9";"1";"3";"GENERAL DE GAULLE (AV DU) N°130 A 340 ET";"48,78343224";"2,24666825"
"202400048669";"30";"03";"2024";"04:45";"3";"49";"49023";"2";"1";"1";"6";"Le Château de la Gautrêche (La Jubaudière)";"47,17243700";" -0,88438300"
"202400048670";"5";"01";"2024";"14:30";"1";"62";"62753";"2";"6";"1";"3";"Rue des Rosati";"50,29529373";"2,79143572"
"202400048671";"6";"05";"2024";"21:25";"3";"60";"60040";"1";"2";"1";"3";"Intersection D152 / D101";"49,41521935";"2,60032590"
"202400048672";"30";"03";"2024";"18:00";"1";"94";"94034";"1";"1";"1";"5";"A86";"48,75762305";"2,32812012"
"202400048673";"5";"01";"2024";"19:00";"3";"59";"59284";"1";"9";"2";"3";"CD 40";"50,41963000";"3,40700000"
"202400048674";"5";"05";"2024";"16:55";"1";"35";"35139";"2";"1";"1";"3";"21 Rue du Point du Jour";"47,97832300";" -1,71681900"
"202400048675";"30";"03";"2024";"13:45";"1";"94";"94021";"1";"1";"1";"6";"A6A";"48,76219453";"2,34079795"
"202400048676";"5";"01";"2024";"16:25";"1";"59";"59426";"2";"1";"2";"6";"TOURCOING (RUE DE)";"50,74606800";"3,15788700"
"202400048677";"29";"04";"2024";"10:30";"1";"47";"47080";"1";"1";"1";"3";"2490 route de villeréal";"44,60871400";"0,79482400"
"202400048678";"6";"05";"2024";"08:15";"1";"71";"71227";"2";"1";"3";"6";"15 Rue Pierre et Marie Curie";"46,67568300";"3,91108340"
"202400048679";"30";"03";"2024";"02:14";"3";"91";"91689";"1";"1";"2";"2";"AUTOROUTE A6B";"48,74607787";"2,32571661"
"202400048680";"5";"01";"2024";"13:05";"1";"59";"59599";"2";"1";"2";"3";"Boulevard Gambetta";"50,71165200";"3,15923300"
"202400048681";"7";"05";"2024";"00:20";"3";"95";"95487";"2";"1";"1";"1";"D4Z";"49,15198257";"2,26888061"
"202400048682";"29";"03";"2024";"16:45";"1";"91";"91161";"1";"1";"2";"2";"AUTOROUTE A6";"48,70061031";"2,31006861"
"202400048683";"3";"01";"2024";"13:00";"1";"57";"57630";"2";"2";"3";"6";"BELLEVUE (DE)";"48,74081100";"7,07412800"
"202400048684";"4";"05";"2024";"11:20";"1";"974";"97422";"2";"1";"1";"6";"8 Rue Jean de Fos du Rau";" -21,22647700";"55,55124200"
"202400048685";"30";"03";"2024";"10:18";"1";"78";"78545";"1";"1";"2";"2";"RN12";"48,78961300";"2,06969600"
"202400048686";"5";"05";"2024";"14:40";"1";"01";"01173";"1";"1";"1";"2";"Route de la Faucille";"46,35859800";"6,05295200"
"202400048687";"5";"01";"2024";"15:40";"1";"57";"57751";"2";"1";"1";"2";"FERDINAND SECHEHAYE (RUE )";"49,14967618";"6,16644144"
"202400048688";"6";"05";"2024";"18:55";"1";"68";"68315";"2";"1";"1";"6";"Rue de la Marne";"47,88918300";"7,22969100"
"202400048689";"30";"03";"2024";"10:28";"1";"78";"78206";"1";"1";"2";"2";"A13";"48,95746100";"1,93488000"
"202400048690";"4";"01";"2024";"12:25";"1";"54";"54395";"2";"2";"8";"6";"Rue Raymond Poincaré";"48,69103061";"6,17515460"
"202400048691";"5";"05";"2024";"15:45";"1";"76";"76228";"1";"1";"1";"7";"rue des frenes";"49,65897100";"0,80819200"
"202400048692";"30";"03";"2024";"00:50";"3";"95";"95252";"1";"1";"3";"6";"A15";"48,98070131";"2,22524483"
"202400048693";"5";"01";"2024";"14:40";"1";"49";"49007";"2";"1";"1";"3";"MILLOT BOULEVARD JACQUES";"47,45314000";" -0,53868000"
"202400048694";"7";"05";"2024";"09:00";"1";"12";"12120";"1";"1";"3";"1";"Les Planquettes";"44,39471500";"2,82770300"
"202400048695";"29";"03";"2024";"12:00";"1";"92";"92036";"1";"1";"1";"4";"AUTOROUTE A15";"48,94812669";"2,28085243"
"202400048696";"6";"05";"2024";"17:50";"1";"68";"68338";"2";"1";"1";"7";"Chemin du Boland";"48,09097100";"7,28617100"
"202400048697";"5";"01";"2024";"04:55";"5";"49";"49007";"2";"1";"1";"6";"FAURE QUAI";"47,48281000";" -0,54929000"
"202400048698";"30";"03";"2024";"17:33";"1";"77";"77514";"1";"1";"1";"3";"A104";"48,94065417";"2,62841122"
"202400048699";"7";"05";"2024";"07:20";"1";"03";"03048";"1";"1";"8";"2";"D953";"46,63044700";"2,77116400"
"202400048700";"5";"01";"2024";"14:55";"1";"45";"45208";"2";"3";"1";"3";"D961 PR 0 + 60";"47,99411700";"2,73160100"
"202400048701";"5";"01";"2024";"10:45";"1";"45";"45208";"2";"1";"1";"6";"104 Rue André Coquillet";"47,98939600";"2,73238600"
"202400048702";"7";"05";"2024";"07:45";"1";"01";"01319";"1";"2";"2";"2";"intersection route de Chapolard / RD 936";"46,09888400";"4,93025400"
"202400048703";"29";"03";"2024";"21:20";"5";"974";"97416";"2";"2";"1";"3";"LEBLOND 1 (RUE MARIUS ET ARY)";" -21,33848000";"55,47721000"
"202400048704";"6";"05";"2024";"07:30";"1";"14";"14085";"2";"1";"2";"6";"Route du Château Malou";"49,25394400";"0,33165000"
"202400048705";"6";"05";"2024";"19:00";"1";"64";"64405";"1";"1";"1";"3";"4 Route de Lembeye";"43,35274600";" -0,25470800"
"202400048706";"29";"03";"2024";"22:05";"5";"974";"97411";"2";"1";"1";"6";"CAMELIAS (RUE DES)";" -20,89701000";"55,46522000"
"202400048707";"7";"05";"2024";"16:55";"1";"43";"43012";"1";"1";"1";"2";"Route de Firminy";"45,37685092";"4,21715110"
"202400048708";"3";"01";"2024";"13:15";"1";"39";"39300";"2";"9";"1";"3";"Route de Voiteur";"46,68825400";"5,56296200"
"202400048709";"29";"03";"2024";"20:20";"5";"973";"97302";"2";"1";"2";"3";"14 ET 22 JUIN 1962";"4,93636053";" -52,32771456"
"202400048710";"3";"05";"2024";"19:50";"1";"36";"36146";"1";"1";"1";"6";"La Rouillere";"46,45948443";"1,71754129"
"202400048711";"2";"01";"2024";"15:10";"1";"39";"39300";"2";"3";"1";"3";"445 Rue du Château d'Eau";"46,67886400";"5,57112800"
"202400048712";"29";"03";"2024";"09:55";"1";"973";"97302";"1";"1";"2";"3";"MARINGOUINS (ROND-POINT)";"4,90772665";" -52,32258081"
"202400048713";"6";"05";"2024";"17:00";"1";"24";"24581";"2";"6";"8";"3";"Place du 19 Mars 1962";"45,02234400";"0,54226200"
"202400048714";"29";"03";"2024";"07:35";"1";"69";"69383";"2";"2";"1";"6";"Avenue Lacassagne";"45,75277000";"4,86952000"
"202400048715";"5";"01";"2024";"20:45";"5";"35";"35238";"2";"1";"1";"5";"LORIENT (DE)";"48,10705000";" -1,72658000"
"202400048716";"7";"05";"2024";"10:45";"1";"04";"04088";"2";"1";"1";"6";"457 Route de Mane";"43,94828500";"5,77228500"
"202400048717";"29";"03";"2024";"13:35";"1";"972";"97209";"2";"1";"1";"3";"ARAWAKS (AVENUE DES)";"14,61912000";" -61,04070000"
"202400048718";"4";"01";"2024";"17:58";"2";"34";"34172";"2";"1";"1";"6";"RAVAZ (AVENUE DU PROFESSEUR LOUIS";"43,62220000";"3,84582000"
"202400048719";"29";"03";"2024";"11:00";"1";"69";"69382";"2";"1";"1";"6";"4 Place des Jacobins";"45,76026000";"4,83334000"
"202400048720";"6";"05";"2024";"16:08";"1";"27";"27630";"1";"1";"1";"1";"D613";"49,13320400";"0,80194100"
"202400048721";"5";"01";"2024";"19:10";"5";"33";"33249";"2";"1";"1";"4";"N/A";"44,86738000";" -0,50738000"
"202400048722";"7";"05";"2024";"14:00";"1";"37";"37272";"2";"1";"1";"6";"D7";"47,34148400";"0,51424400"
"202400048723";"29";"03";"2024";"20:27";"5";100;100037";"2";"2";"1";"3";"TOUTES RUES";"42,62769000";"9,43068000"
"202400048724";"7";"05";"2024";"09:50";"1";"48";"48016";"1";"1";"2";"6";"D31";"44,45533000";"3,46501700"
"202400048725";"28";"03";"2024";"16:14";"1";100;100033";"2";"3";"1";"6";"TOUTES RUES";"42,42110000";"9,26480000"
"202400048726";"5";"01";"2024";"18:15";"5";"33";"33200";"2";"2";"1";"1";"N/A";"44,87322000";" -0,67807000"
"202400048727";"7";"05";"2024";"11:09";"1";"95";"95394";"2";"1";"1";"7";"D44";"49,05479935";"2,17663444"
"202400048728";"28";"03";"2024";"21:30";"5";"971";"97101";"1";"1";"1";"6";"LYCEE DE BAIMBRIDGE";"16,24720000";" -61,52647000"
"202400048729";"5";"01";"2024";"14:35";"1";"33";"33119";"2";"3";"1";"2";"N/A";"44,86040780";" -0,51489025"
"202400048730";"4";"05";"2024";"09:00";"1";"13";"13069";"2";"6";"1";"2";"D572";"43,62590200";"5,15527000"
"202400048731";"5";"01";"2024";"12:00";"1";"33";"33063";"2";"8";"1";"6";"N/A";"44,82828000";" -0,55727200"
"202400048732";"4";"01";"2024";"19:55";"5";"30";"30007";"2";"3";"1";"3";"RENARD (RUE JULES)";"44,13263000";"4,09792000"
"202400048733";"27";"03";"2024";"18:45";"1";"91";"91657";"2";"2";"1";"3";"AV HENRI BARBUSSE";"48,70247000";"2,42782000"
"202400048734";"3";"05";"2024";"20:40";"3";"06";"06152";"1";"1";"1";"6";"5157 Route du Parc";"43,60948200";"7,05224600"