"Num_Acc";"jour";"mois";"an";"hrmn";"lum";"dep";"com";"agg";"int";"atm";"col";"adr";"lat";"long"
"202400049516";"11";"06";"2024";"20:40";"2";"31";"31364";"2";"1";"1";"3";"10 Avenue de Cendry";"43,71510801";"1,47881134"
"202400049517";"4";"12";"2024";"20:15";"3";"987";"98714";"1";"1";"1";"3";"amanahune";" -16,46550666";" -151,74818516"
"202400049518";"13";"07";"2024";"23:56";"5";"06";"06123";"2";"1";"1";"3";"Route du Bord de Mer";"43,65685900";"7,18072000"
"202400049519";"8";"06";"2024";"15:40";"1";"51";"51346";"1";"1";"1";"7";"D423 Mareuil-le-Port";"49,07212600";"3,73743800"
"202400049520";"23";"09";"2024";"18:15";"1";"03";"03222";"1";"1";"2";"6";"D3";"46,53919600";"2,73568200"
"202400049521";"29";"03";"2024";"09:00";"1";"91";"91521";"1";"1";"1";"4";"AUTOROUTE A6";"48,63956000";"2,39531000"
"202400049522";"16";"08";"2024";"12:00";"1";"89";"89399";"1";"1";"1";"5";"RD 939";"48,23697900";"3,30864400"
"202400049523";"16";"02";"2024";"12:50";"1";"94";"94068";"2";"2";"8";"3";"Avenue Carnot / Avenue Victor Hugo";"48,80314000";"2,48732500"
"202400049524";"28";"10";"2024";"15:00";"1";"13";"13007";"2";"2";"1";"3";"D560";"43,36758500";"5,64553500"
"202400049525";"13";"07";"2024";"11:50";"1";"75";"75119";"2";"1";"1";"2";"PORTE DE PANTIN";"48,89095800";"2,39603300"
"202400049526";"3";"12";"2024";"01:45";"1";"988";"98821";"1";"1";"1";"1";"RT1";" -22,07293000";"166,28424000"
"202400049527";"17";"08";"2024";"13:30";"1";"76";"76240";"1";"1";"1";"7";"D925";"49,70871100";"0,36495300"
"202400049528";"24";"05";"2024";"08:55";"1";"62";"62028";"2";"2";"1";"3";"D69";"50,53796700";"2,41922400"
"202400049529";"29";"03";"2024";"07:10";"1";"91";"91161";"1";"1";"1";"2";"AUTOROUTE A6";"48,70236636";"2,30770826"
"202400049530";"16";"02";"2024";"20:00";"5";"94";"94043";"2";"1";"1";"2";"Rue de Verdun-Lazare-Ponticelli";"48,80961009";"2,35876903"
"202400049531";"24";"09";"2024";"11:30";"1";"15";"15087";"1";"1";"3";"1";"RD 601";"44,77722400";"2,43141700"
"202400049532";"15";"09";"2024";"19:15";"1";"13";"13096";"1";"3";"7";"3";"D38c";"43,54525900";"4,36286000"
"202400049533";"6";"08";"2024";"09:00";"1";100;100043";"1";"1";"1";"2";"Lavasina";"42,75519800";"9,46700200"
"202400049534";"5";"12";"2024";"06:05";"3";"973";"97312";"1";"1";"1";"1";"N1";"5,34422800";" -52,93204300"
"202400049535";"12";"06";"2024";"01:45";"3";"83";"83096";"1";"6";"1";"6";"Dn7, PR 008+050";"43,46595200";"5,79575500"
"202400049536";"29";"03";"2024";"01:18";"3";"91";"91179";"1";"1";"1";"6";"AUTOROUTE A6";"48,56287000";"2,47968000"
"202400049537";"12";"07";"2024";"18:40";"1";"75";"75114";"2";"4";"1";"3";"PORTE D ORLEANS";"48,81930986";"2,32865632"
"202400049538";"19";"08";"2024";"09:30";"1";"11";"11397";"2";"1";"1";"6";"N/A";"43,20866400";"2,44018800"
"202400049539";"16";"02";"2024";"14:40";"1";"94";"94017";"2";"1";"8";"2";"Avenue Henri-Marie le Boursicaud";"48,81478076";"2,52462244"
"202400049540";"26";"10";"2024";"11:25";"1";"57";"57484";"2";"6";"1";"2";"Rue Nationale";"49,16857000";"6,86898700"
"202400049541";"24";"09";"2024";"10:30";"1";"66";"66214";"1";"1";"1";"6";"D40";"42,56886000";"2,83726000"
"202400049542";"5";"12";"2024";"18:40";"5";"29";"29233";"2";"3";"2";"6";"Rue Cornic Duchène";"47,87261100";" -3,55044300"
"202400049543";"4";"06";"2024";"13:30";"1";"32";"32462";"1";"1";"1";"1";"RN 124 / PK 092+500 LAGRAULAS";"43,75806100";"0,21753800"
"202400049544";"29";"03";"2024";"19:00";"3";"93";"93078";"1";"1";"3";"3";"A104";"48,95857237";"2,53354347"
"202400049545";"19";"08";"2024";"14:30";"1";"89";"89163";"1";"1";"1";"2";"D145 PK 12+900";"47,89328400";"3,20792200"
"202400049546";"29";"10";"2024";"14:51";"1";"42";"42299";"1";"1";"1";"3";"D204";"45,61249900";"4,08260100"
"202400049547";"13";"07";"2024";"14:35";"1";"75";"75120";"2";"3";"1";"6";"RUE SAINT BLAISE";"48,85667600";"2,40927200"
"202400049548";"11";"06";"2024";"19:25";"1";"49";"49339";"1";"1";"1";"6";"La Querrie";"47,56933100";" -0,56850000"
"202400049549";"1";"12";"2024";"18:00";"3";"28";"28073";"1";"1";"1";"6";"D19";"48,50179200";"1,62842300"
"202400049550";"22";"09";"2024";"14:10";"1";"83";"83135";"1";"1";"1";"7";"D32";"43,59423900";"6,06025800"
"202400049551";"16";"02";"2024";"10:45";"1";"93";"93070";"2";"3";"1";"3";"Boulevard Victor Hugo / Rue des Bateliers";"48,90985000";"2,33030000"
"202400049552";"28";"03";"2024";"20:30";"3";"93";"93063";"1";"1";"1";"2";"A3";"48,87528738";"2,44004158"
"202400049553";"3";"12";"2024";"15:35";"1";"66";"66175";"2";"1";"1";"6";"Avenue Maréchal Joffre";"42,54352961";"2,92019069"
"202400049554";"13";"07";"2024";"09:45";"1";"75";"75116";"2";"1";"1";"6";"AVENUE DE L HIPPODROME";"48,85821100";"2,25471100"
"202400049555";"12";"06";"2024";"16:10";"1";"46";"46132";"1";"1";"1";"1";"D840";"44,75564000";"1,77732800"
"202400049556";"24";"09";"2024";"18:30";"1";"64";"64327";"1";"1";"3";"6";"Quartier Janits";"43,13676800";" -1,13336700"
"202400049557";"17";"08";"2024";"20:00";"1";"89";"89003";"2";"9";"2";"6";"Rue de la Mothe";"47,87333100";"3,34361000"
"202400049558";"28";"10";"2024";"18:00";"2";"38";"38317";"1";"1";"1";"4";"N85";"45,11867500";"5,69795600"
"202400049559";"15";"02";"2024";"12:30";"2";"93";"93008";"2";"1";"1";"2";"Avenue Louis Aragon";"48,91388507";"2,43876136"
"202400049560";"11";"06";"2024";"10:30";"1";"68";"68068";"2";"1";"1";"6";"11 Rue de Delle";"47,62895100";"7,11765500"
"202400049561";"4";"12";"2024";"17:30";"3";"34";"34199";"1";"1";"1";"3";"Route de Montpellier";"43,47009400";"3,43173100"
"202400049562";"28";"03";"2024";"16:10";"1";"93";"93029";"1";"1";"1";"3";"A86";"48,91640984";"2,42960287"
"202400049563";"28";"10";"2024";"14:15";"1";"01";"01114";"1";"1";"1";"7";"Le Bouant";"46,15913800";"5,83852500"
"202400049564";"16";"02";"2024";"17:40";"2";"93";"93005";"2";"1";"1";"7";"Rue Blaise Pascal";"48,94943300";"2,47923500"
"202400049565";"13";"07";"2024";"12:50";"1";"75";"75114";"2";"3";"1";"6";"AVENUE PAUL APPELL";"48,82191300";"2,32552300"
"202400049566";"17";"08";"2024";"19:00";"1";"63";"63428";"1";"1";"1";"7";"la chabassiere";"46,09494992";"2,83514321"
"202400049567";"24";"09";"2024";"17:45";"1";"16";"16003";"2";"6";"2";"2";"N/A";"45,78234000";"0,33144000"
"202400049568";"12";"06";"2024";"16:00";"1";"39";"39283";"1";"1";"1";"7";"N/A";"46,35134100";"5,69212800"
"202400049569";"3";"12";"2024";"18:20";"5";"83";"83029";"2";"1";"1";"2";"Route de Fayence";"43,62384800";"6,75111200"
"202400049570";"28";"03";"2024";"07:00";"1";"95";"95555";"1";"1";"3";"6";"D170";"48,97706367";"2,28288520"
"202400049571";"29";"10";"2024";"12:30";"1";"69";"69116";"2";"9";"7";"6";"Route Départementale 306";"45,80895610";"4,77939918"
"202400049572";"16";"02";"2024";"16:10";"1";"93";"93001";"2";"1";"1";"3";"Boulevard Félix Faure";"48,90765700";"2,37901700"
"202400049573";"19";"08";"2024";"05:15";"3";"61";"61089";"1";"2";"5";"3";"D16 PK 45+590";"48,84674200";"0,15924200"
"202400049574";"12";"07";"2024";"21:57";"1";"75";"75112";"2";"1";"1";"2";"QUAI DE BERCY";"48,83386000";"2,38187000"
"202400049575";"2";"12";"2024";"12:00";"1";"06";"06128";"1";"1";"1";"3";"222 route des blaquières";"43,67593100";"7,12725700"
"202400049576";"11";"06";"2024";"14:45";"1";"29";"29097";"1";"1";"1";"4";"Cosquer Bras";"48,49600203";" -4,07370577"
"202400049577";"18";"08";"2024";"04:00";"3";"47";"47065";"1";"1";"1";"7";"2340 Route de Grateloup";"44,38024100";"0,38183900"
"202400049578";"16";"02";"2024";"09:20";"1";"93";"93001";"2";"6";"1";"2";"Rue Charles Tillon / Rue Léopold Réchossière";"48,91462600";"2,39187100"
"202400049579";"23";"09";"2024";"07:55";"1";"16";"16120";"1";"2";"5";"3";"N/A";"45,59907500";"0,26870900"
"202400049580";"28";"10";"2024";"12:35";"1";"35";"35004";"1";"1";"1";"1";"rue de Saint Ouen";"48,46298200";" -1,47561700"
"202400049581";"12";"07";"2024";"18:55";"1";"75";"75112";"2";"1";"1";"1";"BOULEVARD DIDEROT";"48,84722700";"2,38582000"
"202400049582";"4";"12";"2024";"16:35";"2";"13";"13062";"1";"9";"1";"3";"Portaou";"43,41684500";"5,51731500"
"202400049583";"28";"03";"2024";"10:20";"1";"987";"98735";"2";"1";"1";"6";"22 SEPTEMBRE (RUE)";" -17,53915000";" -149,56771000"
"202400049584";"18";"08";"2024";"19:02";"1";"34";"34150";"1";"1";"1";"1";"D612";"43,32074600";"3,55141200"
"202400049585";"16";"02";"2024";"09:00";"1";"92";"92064";"2";"1";"1";"6";"SILLY";"48,84388222";"2,21830672"
"202400049586";"21";"09";"2024";"16:50";"1";"07";"07129";"1";"1";"1";"6";"Départementale 533";"44,98214900";"4,61090000"
"202400049587";"4";"12";"2024";"10:05";"1";"13";"13041";"2";"1";"1";"1";"Boulevard Paul Cezanne";"43,45136900";"5,47233400"
"202400049588";"13";"07";"2024";"16:40";"1";"75";"75110";"2";"2";"1";"1";"RUE DU FAUBOURG DU TEMPLE";"48,86873100";"2,36701400"
"202400049589";"18";"08";"2024";"20:45";"2";"22";"22074";"1";"1";"1";"6";"4 Rue de Kerjean";"48,33127700";" -3,03677400"
"202400049590";"12";"06";"2024";"12:00";"1";"72";"72269";"1";"1";"1";"6";"D357";"47,92212164";"0,76304255"
"202400049591";"28";"03";"2024";"07:55";"1";"974";"97416";"1";"1";"1";"5";"RN1 (ROUTE NATIONALE)";" -21,33168000";"55,45746000"
"202400049592";"27";"10";"2024";"02:20";"5";"33";"33063";"1";"1";"2";"6";"N/A";"44,88351200";" -0,55675300"
"202400049593";"16";"02";"2024";"06:00";"5";"92";"92012";"2";"3";"1";"7";"REPUBLIQUE (BOULEVARD DE LA) 5/77BIS - 6";"48,83275545";"2,24845648"
"202400049594";"4";"12";"2024";"18:12";"5";"31";"31381";"2";"2";"1";"3";"D31";"43,46198400";"1,57081400"
"202400049595";"20";"09";"2024";"19:00";"1";"53";"53043";"2";"1";"1";"3";"Route de Montsûrs";"48,14095100";" -0,55084000"
"202400049596";"18";"08";"2024";"12:50";"1";"22";"22293";"2";"1";"1";"6";"Rue Bel Air";"48,65523300";" -3,10136000"
"202400049597";"11";"06";"2024";"19:25";"1";"05";"05054";"2";"1";"1";"6";"21 Route des Allards";"44,67750300";"6,06521000"
"202400049598";"13";"07";"2024";"10:00";"1";"75";"75109";"2";"2";"8";"6";"RUE AUBER";"48,87175500";"2,33056100"
"202400049599";"16";"02";"2024";"20:00";"5";"95";"95313";"2";"1";"1";"3";"D67E";"49,10533210";"2,21747590"
"202400049600";"4";"12";"2024";"20:20";"3";"86";"86024";"1";"1";"5";"6";"Rue Bigoterie";"46,58256600";"0,19480900"
"202400049601";"27";"02";"2024";"15:15";"1";"974";"97416";"1";"1";"1";"3";"RN3 (ANCIENNE ROUTE)";" -21,30011000";"55,50208000"
"202400049602";"27";"10";"2024";"21:09";"3";"78";"78362";"1";"1";"1";"2";"A13";"48,97621400";"1,72142200"
"202400049603";"24";"09";"2024";"16:25";"1";"40";"40002";"2";"1";"1";"2";"D15";"43,58522500";" -0,74488200"
"202400049604";"16";"08";"2024";"17:05";"1";"29";"29160";"1";"1";"2";"7";"route de Keroué";"48,50344800";" -4,44533800"
"202400049605";"12";"06";"2024";"07:45";"1";"24";"24087";"1";"1";"1";"1";"Route du Moulin de la Roque";"44,88771200";"1,09730200"
"202400049606";"17";"02";"2024";"09:45";"1";"974";"97405";"1";"1";"2";"3";"Rue de l'Ancienne Usine";" -21,33277400";"55,57393300"
"202400049607";"13";"07";"2024";"09:12";"1";"75";"75109";"2";"3";"2";"3";"BOULEVARD HAUSSMANN";"48,87342500";"2,32969100"
"202400049608";"28";"03";"2024";"16:20";"1";"974";"97411";"2";"1";"1";"3";"BRASSENS (AVENUE GEORGES)";" -20,90285000";"55,48038000"
"202400049609";"4";"12";"2024";"11:50";"1";"44";"44204";"2";"1";"1";"3";"9 Route de la Barre";"47,26509500";" -1,45557000"
"202400049610";"19";"08";"2024";"10:50";"1";"38";"38416";"2";"1";"1";"6";"D518";"45,15314900";"5,31754400"
"202400049611";"12";"06";"2024";"09:20";"1";"28";"28089";"2";"1";"1";"6";"10 Rue Maurice Viollette";"48,58107700";"1,24240500"
"202400049612";"28";"03";"2024";"12:20";"1";"974";"97411";"2";"1";"1";"6";"LECONTE DE LISLE (AVENUE)";" -20,89137000";"55,48073000"
"202400049613";"17";"02";"2024";"06:10";"3";"57";"57211";"1";"1";"1";"6";"pk 306 A4";"49,18163793";"6,06406689"
"202400049614";"27";"10";"2024";"19:20";"3";"78";"78291";"1";"1";"1";"4";"A13";"48,96510000";"1,75957000"
"202400049615";"24";"09";"2024";"17:28";"1";"40";"40228";"1";"2";"7";"3";"D3";"43,63458400";" -0,82444400"
"202400049616";"11";"06";"2024";"13:30";"1";"52";"52544";"1";"1";"1";"6";"RD 123 PK 0+925";"47,90705330";"5,75441699"
"202400049617";"4";"12";"2024";"16:20";"1";"61";"61213";"1";"3";"5";"3";"D909";"48,47315900";" -0,13096600"
"202400049618";"27";"10";"2024";"10:00";"1";"92";"92063";"1";"1";"8";"6";"A86";"48,89103788";"2,17445394"
"202400049619";"18";"08";"2024";"23:15";"4";"15";"15114";"2";"4";"1";"6";"Marquizat";"45,30640626";"2,86193848"
"202400049620";"17";"02";"2024";"12:30";"1";"85";"85153";"1";"1";"1";"6";"D113";"46,76769000";" -1,00873000"
"202400049621";"13";"07";"2024";"01:20";"5";"75";"75109";"2";"2";"8";"3";"RUE NOTRE DAME DE LORETTE";"48,88026800";"2,33531700"
"202400049622";"28";"03";"2024";"18:30";"5";"974";"97409";"2";"7";"2";"1";"DU LYCEE(RUE)";" -20,96375000";"55,65271000"
"202400049623";"24";"09";"2024";"10:35";"1";"40";"40044";"1";"1";"1";"7";"Route du Peu";"43,54075600";" -1,30802200"
"202400049624";"5";"12";"2024";"06:30";"3";"60";"60116";"1";"1";"2";"1";"D137";"49,31175000";"2,35622400"
"202400049625";"28";"10";"2024";"20:00";"3";"93";"93064";"1";"1";"1";"2";"AUTOROUTE A86";"48,88595452";"2,47258924"
"202400049626";"11";"06";"2024";"11:30";"1";"08";"08491";"2";"1";"1";"6";"N/A";"49,73673400";"4,85676500"
"202400049627";"15";"02";"2024";"15:08";"1";"62";"62770";"1";"1";"1";"6";"D916";"50,60501818";"2,52576187"
"202400049628";"17";"08";"2024";"14:30";"1";"85";"85008";"1";"1";"1";"6";"A87";"46,62872000";" -1,44420400"
"202400049629";"5";"12";"2024";"07:37";"3";"60";"60628";"1";"1";"2";"6";"N31";"49,42563190";"2,13731718"
"202400049630";"12";"07";"2024";"17:00";"1";"75";"75107";"2";"2";"1";"2";"RUE SAINT DOMINIQUE";"48,85815100";"2,32280500"
"202400049631";"28";"10";"2024";"16:25";"1";"93";"93010";"1";"1";"1";"2";"AUTOROUTE A3";"48,91454975";"2,47732254"
"202400049632";"4";"12";"2024";"08:20";"1";"59";"59481";"1";"1";"1";"1";"D114";"50,25413400";"3,60490500"
"202400049633";"11";"06";"2024";"17:20";"1";"06";"06152";"2";"6";"1";"3";"2700 Route des Dolines";"43,62667600";"7,05258400"
"202400049634";"9";"02";"2024";"17:00";"1";"83";"83096";"1";"3";"2";"2";"Dn7";"43,47377300";"5,76606300"
"202400049635";"23";"09";"2024";"15:15";"1";"85";"85190";"1";"1";"1";"3";"D753";"46,94712000";" -1,48894100"
"202400049636";"18";"08";"2024";"08:00";"1";"66";"66027";"2";"1";"2";"1";"D118";"42,51168800";"2,11468600"
"202400049637";"28";"03";"2024";"06:30";"3";"974";"97409";"1";"1";"2";"5";"RN2 SENS ST BENOIT ST DENIS";" -20,95721000";"55,65727000"
"202400049638";"13";"07";"2024";"14:40";"1";"75";"75107";"2";"3";"1";"3";"AVENUE DE LA BOURDONNAIS";"48,85678500";"2,30151400"
"202400049639";"4";"12";"2024";"03:20";"3";"59";"59137";"1";"1";"1";"1";"D934";"50,07585233";"3,64491906"
"202400049640";"28";"10";"2024";"09:25";"1";"93";"93030";"1";"1";"1";"3";"AUTOROUTE A1";"48,93938116";"2,41903140"
"202400049641";"22";"09";"2024";"08:00";"1";"27";"27654";"1";"1";"8";"7";"D80";"49,20823400";"0,88969900"
"202400049642";"14";"02";"2024";"23:40";"3";"56";"56006";"1";"1";"1";"2";"Gelard";"47,93967600";" -2,27655300"
"202400049643";"19";"08";"2024";"07:55";"1";"66";"66148";"1";"1";"1";"1";"D914 PK D33";"42,49651400";"3,11896900"
"202400049644";"10";"06";"2024";"13:20";"1";"971";"97118";"1";"1";"1";"1";"D23";"16,17840800";" -61,71971100"
"202400049645";"28";"03";"2024";"08:00";"1";"69";"69388";"2";"1";"1";"6";"Rue Saint Maurice";"45,74413073";"4,86807094"
"202400049646";"28";"10";"2024";"17:55";"2";"94";"94017";"1";"1";"1";"2";"A4";"48,83020089";"2,49576700"
"202400049647";"23";"09";"2024";"22:43";"3";"30";"30306";"1";"1";"1";"7";"Chemin de l'Arrière";"43,80551300";"4,06090700"
"202400049648";"17";"02";"2024";"11:15";"1";"56";"56184";"2";"6";"5";"3";"Giratoire de Lenruit";"47,67019200";" -2,45019300"
"202400049649";"11";"06";"2024";"16:31";"1";"95";"95535";"1";"6";"1";"7";"D28";"49,07002100";"1,96315700"
"202400049650";"13";"07";"2024";"05:00";"5";"94";"94041";"2";"3";"1";"1";"Avenue de la République";"48,80241000";"2,39742000"
"202400049651";"1";"12";"2024";"19:00";"3";"13";"13117";"1";"1";"1";"4";"A7-Sens Lyon vers Marseille";"43,41842000";"5,27266000"
"202400049652";"28";"10";"2024";"15:40";"1";"77";"77122";"1";"1";"1";"3";"RN104";"48,66018974";"2,61324260"
"202400049653";"16";"02";"2024";"17:00";"1";"56";"56067";"2";"1";"1";"6";"Route de Vannes";"47,75153400";" -2,84093700"
"202400049654";"18";"08";"2024";"17:05";"1";"18";"18209";"2";"3";"1";"3";"5 Route des Epourneaux";"46,67840900";"2,49169700"
"202400049655";"13";"07";"2024";"18:45";"1";"94";"94011";"2";"1";"1";"6";"Rue de l’Esperance";"48,77308000";"2,47506000"
"202400049656";"27";"03";"2024";"19:30";"5";"971";"97113";"1";"1";"1";"4";"RN4 - SECTION RIVIERA";"16,21750000";" -61,48475000"
"202400049657";"12";"06";"2024";"17:20";"1";"52";"52353";"1";"1";"1";"7";"D1";"48,00850100";"5,33107300"
"202400049658";"24";"09";"2024";"17:40";"1";"72";"72386";"1";"1";"1";"2";"PK 099+500 Autoroute A28";"48,02691600";"0,29206000"
"202400049659";"4";"12";"2024";"19:45";"3";"33";"33192";"1";"1";"1";"2";"N/A";"44,78905600";" -0,60305600"
"202400049660";"17";"02";"2024";"14:45";"1";"76";"76605";"2";"1";"1";"3";"Route de la Mer";"49,90844200";"0,96012400"
"202400049661";"13";"07";"2024";"18:00";"1";"84";"84105";"1";"3";"1";"3";"D900";"43,87853100";"5,44550700"
"202400049662";"24";"09";"2024";"05:00";"3";"13";"13091";"1";"1";"1";"1";"D7n";"43,63306200";"5,28373700"
"202400049663";"13";"07";"2024";"13:50";"1";"94";"94077";"2";"1";"1";"3";"Rue Honoré Oursel";"48,72874900";"2,44309500"
"202400049664";"28";"03";"2024";"17:07";"1";"91";"91377";"2";"1";"1";"1";"VOIE DE LA VALLEE DE LA BIEVRE";"48,73593000";"2,23898000"
"202400049665";"17";"08";"2024";"19:55";"1";"21";"21154";"1";"1";"2";"3";"D971";"47,84752400";"4,56734300"
"202400049666";"2";"12";"2024";"14:30";"1";"59";"59508";"1";"1";"1";"6";"AUTOROUTE A22";"50,74322000";"3,13890000"
"202400049667";"12";"06";"2024";"11:50";"1";"79";"79270";"2";"2";"1";"1";"N/A";"46,41209100";" -0,21508100"
"202400049668";"23";"09";"2024";"00:35";"3";"01";"01228";"1";"1";"8";"6";"A40";"46,13280600";"5,52212700"
"202400049669";"27";"10";"2024";"03:45";"5";"974";"97416";"2";"3";"1";"6";"BABET (RUE)";" -21,33910000";"55,47941000"
"202400049670";"4";"12";"2024";"16:45";"2";"94";"94034";"1";"1";"1";"3";"A6A";"48,75193469";"2,33027052"
"202400049671";"11";"06";"2024";"22:15";"3";"17";"17337";"1";"1";"1";"7";"Rue de Chéray";"45,98321200";" -1,37030300"
"202400049672";"18";"08";"2024";"13:09";"1";"40";"40270";"1";"1";"1";"1";"D65";"43,68694500";" -0,41158000"
"202400049673";"28";"03";"2024";"07:40";"1";"91";"91377";"2";"2";"1";"6";"AV DU PRESIDENT J F KENNEDY";"48,73551000";"2,28955000"
"202400049674";"13";"07";"2024";"13:30";"1";"93";"93027";"2";"3";"1";"2";"Avenue Roger Salengro / Avenue Romain Rolland";"48,94147017";"2,38754622"
"202400049675";"28";"10";"2024";"03:50";"5";"974";"97411";"2";"1";"1";"2";"JAURES (BOULEVARD JEAN)";" -20,90239000";"55,50026000"
"202400049676";"4";"12";"2024";"08:08";"2";"91";"91161";"1";"1";"1";"2";"AUTOROUTE A6";"48,69646778";"2,31635034"
"202400049677";"24";"09";"2024";"08:30";"1";"34";"34337";"1";"1";"1";"3";"D 185 - Pk 11+200";"43,54033000";"3,85166600"
"202400049678";"12";"06";"2024";"14:05";"1";"86";"86061";"1";"1";"1";"6";"D148";"46,13729200";"0,44249000"
"202400049679";"17";"08";"2024";"15:00";"1";"40";"40312";"2";"1";"1";"3";"39 Boulevard Jacques Duclos";"43,53586400";" -1,46095100"
"202400049680";"13";"02";"2024";"12:00";"1";100;100354";"2";"1";"1";"6";"rt 20";"42,17363800";"9,16913200"
"202400049681";"27";"03";"2024";"20:35";"5";"91";"91114";"2";"3";"1";"6";"RUE DE LA REPUBLIQUE";"48,69903000";"2,50594000"
"202400049682";"26";"10";"2024";"15:10";"1";"95";"95252";"2";"1";"1";"2";"RHIN ET DU DANUBE (BOULEVARD DU)";"48,99101500";"2,22622500"
"202400049683";"13";"07";"2024";"18:50";"1";"93";"93010";"2";"9";"2";"6";"Avenue Galliéni";"48,90565407";"2,47737004"
"202400049684";"16";"02";"2024";"18:20";"1";"33";"33514";"1";"1";"1";"3";"N/A";"45,48873444";" -1,07159615"
"202400049685";"11";"06";"2024";"17:30";"1";"35";"35047";"2";"3";"1";"3";"Avenue Lavoisier";"48,03377300";" -1,72917700"
"202400049686";"8";"06";"2024";"23:30";"5";"35";"35353";"2";"1";"1";"1";"15 Rue Lieutenant-Colonel Dubois";"48,10582200";" -1,73891500"
"202400049687";"4";"12";"2024";"08:45";"1";"92";"92050";"1";"1";"1";"4";"A86";"48,89893890";"2,19902328"
"202400049688";"27";"10";"2024";"11:20";"1";"95";"95563";"2";"1";"8";"1";"CHAUVRY (RUE DE)";"49,02373000";"2,24532000"
"202400049689";"18";"08";"2024";"18:00";"1";"28";"28386";"1";"2";"1";"3";"D23";"48,56764300";"1,25551800"
"202400049690";"16";"02";"2024";"10:50";"1";"32";"32455";"1";"1";"2";"6";"D 286";"43,46965707";"0,21569598"
"202400049691";"4";"12";"2024";"09:30";"1";"92";"92050";"1";"1";"1";"3";"A86";"48,91427665";"2,21944304"
"202400049692";"12";"06";"2024";"05:20";"2";"27";"27386";"1";"1";"5";"6";"D321";"49,32354500";"1,19887800"
"202400049693";"28";"03";"2024";"21:25";"5";"86";"86066";"2";"3";"2";"4";"Av du Mal de Lattre de Tassigny";"46,81904000";"0,52243000"
"202400049694";"22";"09";"2024";"19:24";"2";"01";"01425";"1";"1";"3";"6";"A40";"46,10473500";"5,29110800"
"202400049695";"12";"07";"2024";"18:20";"1";"93";"93010";"2";"6";"1";"3";"Avenue Henri Barbusse / Rue Gaston Defferre";"48,90182000";"2,48602000"
"202400049696";"27";"10";"2024";"19:15";"5";"95";"95500";"2";"1";"2";"2";"D915";"49,04699441";"2,08008591"
"202400049697";"18";"08";"2024";"00:27";"3";"37";"37104";"1";"1";"1";"6";"Route de Sauquet";"47,26551400";"0,79831700"
"202400049698";"24";"03";"2024";"20:20";"5";"85";"85194";"2";"9";"1";"6";"RD 949";"46,51501000";" -1,75865000"
"202400049699";"11";"06";"2024";"17:00";"1";"60";"60612";"2";"3";"1";"3";"Avenue du Poteau";"49,21777400";"2,59478000"
"202400049700";"23";"09";"2024";"14:50";"1";"06";"06059";"1";"1";"2";"7";"Autoroute A500 PR2 + 884";"43,73312100";"7,38936000"
"202400049701";"13";"07";"2024";"09:15";"1";"93";"93001";"2";"2";"2";"3";"Avenue Jean Jaurès / Avenue de la République";"48,90415360";"2,39243863"
"202400049702";"17";"02";"2024";"16:55";"1";"55";"55079";"2";"3";"1";"3";"Rue de Bar le Duc";"48,71377300";"5,09614600"
"202400049703";"17";"08";"2024";"10:45";"1";"48";"48038";"1";"1";"8";"6";"D985";"44,83378200";"3,61809600"
"202400049704";"27";"10";"2024";"06:30";"2";"88";"88209";"2";"6";"1";"3";"GRANDRUPT (RUE DE LA)";"48,18976000";"6,42923000"
"202400049705";"5";"06";"2024";"14:00";"1";"59";"59497";"1";"1";"1";"2";"131 Rue de Therouanne";"50,72341600";"2,38550300"
"202400049706";"22";"09";"2024";"10:25";"1";"69";"69043";"2";"1";"2";"6";"32 Avenue Paul Doumer";"45,71223300";"4,74442800"
"202400049707";"3";"12";"2024";"18:44";"3";"78";"78490";"1";"1";"1";"4";"RN12 INT";"48,79877000";"1,92320000"
"202400049708";"15";"02";"2024";"23:05";"3";"49";"49170";"1";"1";"9";"7";"Route du Pressoir Blanvillain";"47,66921700";" -0,49951900"
"202400049709";"3";"12";"2024";"21:50";"3";"93";"93078";"1";"1";"1";"6";"AUTOROUTE A104";"48,97113985";"2,49844915"
"202400049710";"27";"10";"2024";"19:05";"3";"82";"82033";"1";"2";"1";"3";"Route de Lafrançaise";"44,07340815";"1,17442837"
"202400049711";"13";"07";"2024";"20:30";"1";"92";"92078";"2";"9";"3";"3";"GALLIENI (BD) (1 A 79 ET 22 A 102)";"48,93062596";"2,33213639"
"202400049712";"17";"02";"2024";"08:20";"2";"35";"35162";"2";"6";"1";"6";"Rue de la Libération";"48,48195400";" -1,13417700"
"202400049713";"19";"08";"2024";"13:15";"1";"06";"06152";"1";"2";"1";"2";"Allee Pierre Ziller";"43,62585600";"7,04173200"
"202400049714";"23";"09";"2024";"18:14";"1";"30";"30221";"1";"1";"1";"7";"PK 14+800";"44,02135100";"4,73577800"