"Num_Acc";"jour";"mois";"an";"hrmn";"lum";"dep";"com";"agg";"int";"atm";"col";"adr";"lat";"long"
"202400049715";"11";"06";"2024";"09:45";"1";"13";"13015";"1";"1";"1";"4";"A515CD-Gardanne vers A51-Marseille";"43,42985000";"5,39764000"
"202400049716";"3";"12";"2024";"08:30";"2";"95";"95572";"1";"1";"2";"2";"N184";"49,04914366";"2,13825607"
"202400049717";"15";"02";"2024";"20:45";"3";"31";"31050";"1";"1";"1";"6";"D817";"43,11052400";"0,87851500"
"202400049718";"13";"07";"2024";"03:20";"5";"92";"92046";"2";"1";"1";"6";"CAMELINAT";"48,81620079";"2,29506934"
"202400049719";"27";"03";"2024";"17:35";"1";"83";"83137";"2";"1";"1";"2";"CASTIGNEAU (PORTE)";"43,12613000";"5,92226000"
"202400049720";"27";"10";"2024";"21:20";"5";"78";"78551";"2";"4";"9";"3";"DESOYER (LEON)";"48,89965000";"2,08188000"
"202400049721";"14";"08";"2024";"23:52";"5";"987";"98715";"1";"1";"1";"1";"RDO";" -17,55716418";" -149,59608793"
"202400049722";"11";"06";"2024";"09:00";"1";"13";"13215";"1";"1";"1";"3";"A7-Sens Marseille vers Lyon";"43,32558000";"5,37865000"
"202400049723";"3";"12";"2024";"09:09";"1";"93";"93066";"1";"1";"1";"2";"AUTOROUTE A1";"48,92985457";"2,36307976"
"202400049724";"24";"09";"2024";"17:35";"1";"21";"21452";"1";"3";"1";"3";"D905B";"47,26864300";"5,12937100"
"202400049725";"16";"02";"2024";"18:00";"2";"02";"02035";"1";"1";"1";"3";"D946";"49,86828100";"3,63145400"
"202400049726";"10";"06";"2024";"02:37";"3";"13";"13043";"1";"1";"8";"6";"A55-Sens Martigues vers Marseille";"43,38329010";"5,22983060"
"202400049727";"13";"07";"2024";"07:30";"1";"92";"92072";"2";"1";"1";"2";"GRANDE RUE";"48,82634000";"2,21905000"
"202400049728";"27";"10";"2024";"12:45";"1";"77";"77438";"2";"1";"1";"6";"COURTILLIERE  (SENTIER DE LA)";"48,87454995";"2,66812447"
"202400049729";"27";"03";"2024";"10:15";"1";"83";"83137";"2";"2";"1";"3";"CUZIN (AVE FRANCOIS)";"43,12226000";"5,94400000"
"202400049730";"17";"02";"2024";"13:50";"1";"03";"03079";"1";"1";"1";"7";"D23";"46,32193400";"3,52789900"
"202400049731";"17";"08";"2024";"17:20";"1";"971";"97103";"2";"1";"3";"2";"Bd du Marquisat du Houelbourg";"16,24005700";" -61,57892700"
"202400049732";"3";"12";"2024";"07:45";"1";"93";"93078";"1";"1";"1";"2";"AUTOROUTE A104";"48,96616310";"2,51563055"
"202400049733";"13";"07";"2024";"09:45";"1";"92";"92002";"2";"3";"1";"6";"BOIS DE VERRIERES (AVENUE DU)";"48,75697205";"2,27989554"
"202400049734";"10";"06";"2024";"02:40";"3";"13";"13211";"1";"1";"8";"6";"A50-Sens Marseille vers Aubagne";"43,29036289";"5,48944917"
"202400049735";"27";"10";"2024";"19:55";"5";"76";"76561";"2";"3";"1";"3";"Rue de la République";"49,29877000";"1,01149000"
"202400049736";"22";"09";"2024";"09:15";"1";"33";"33496";"1";"1";"3";"1";"N/A";"44,83095500";" -0,39325500"
"202400049737";"27";"03";"2024";"18:10";"1";"78";"78350";"2";"1";"1";"5";"VERSAILLES (ROUTE DE)";"48,85534000";"2,10729000"
"202400049738";"2";"12";"2024";"08:00";"1";"95";"95277";"1";"1";"1";"5";"A3";"48,96893169";"2,47975723"
"202400049739";"10";"06";"2024";"01:13";"3";"13";"13015";"1";"1";"8";"6";"A515CD-Gardanne vers A51-Marseille";"43,43088000";"5,39128000"
"202400049740";"19";"08";"2024";"12:40";"1";"38";"38449";"1";"1";"1";"4";"A43 - PK 22+000";"45,64620602";"5,13140038"
"202400049741";"17";"02";"2024";"17:00";"2";"45";"45322";"1";"1";"7";"1";"D2060 PR 16 + 332";"48,01830514";"2,88512421"
"202400049742";"13";"07";"2024";"17:20";"1";"24";"24442";"1";"1";"1";"1";"Route de la Biscuiterie";"45,12173700";"0,48477200"
"202400049743";"11";"06";"2024";"00:08";"3";"57";"57534";"1";"1";"1";"6";"RN 431";"49,08719000";"6,21815000"
"202400049744";"24";"09";"2024";"14:20";"1";"30";"30145";"1";"1";"1";"1";"D6086 - PK 48/49";"43,89835600";"4,51630400"
"202400049745";"27";"10";"2024";"21:00";"5";"74";"74118";"2";"6";"1";"5";"DEPORTES (ROUTE DES )";"46,18042000";"6,22991000"
"202400049746";"4";"12";"2024";"18:30";"3";"94";"94004";"1";"1";"1";"4";"N19";"48,74442239";"2,51372874"
"202400049747";"18";"08";"2024";"15:35";"1";"977";"97701";"2";"1";"1";"3";"RT209, St Jean";"17,90354700";" -62,84002700"
"202400049748";"16";"02";"2024";"11:00";"1";"64";"64546";"2";"1";"1";"2";"506 Avenue du Port";"43,49790000";" -1,29858300"
"202400049749";"28";"03";"2024";"08:15";"1";"77";"77152";"2";"1";"1";"6";"D372";"48,52642000";"2,64661000"
"202400049750";"11";"06";"2024";"08:56";"1";"33";"33013";"1";"1";"2";"2";"N/A";"44,86797100";" -0,49414800"
"202400049751";"14";"07";"2024";"16:00";"1";"38";"38238";"1";"1";"1";"3";"D502";"45,50081200";"5,01198900"
"202400049752";"11";"06";"2024";"12:00";"1";"91";"91064";"1";"1";"1";"6";"RN 118";"48,74810000";"2,19770000"
"202400049753";"27";"03";"2024";"17:45";"1";"77";"77449";"2";"3";"1";"6";"CRS DU DANUBE";"48,85651000";"2,78280000"
"202400049754";"2";"12";"2024";"17:10";"3";"77";"77146";"1";"1";"2";"2";"RN104";"48,80689279";"2,62988208"
"202400049755";"16";"02";"2024";"21:00";"5";"64";"64519";"2";"1";"2";"3";"route departementale 834";"43,38471400";" -0,38049700"
"202400049756";"27";"10";"2024";"18:30";"2";"71";"71040";"2";"2";"1";"3";"BIZOTS (ROUTE DES)";"46,71225801";"4,39495236"
"202400049757";"17";"08";"2024";"22:59";"3";"77";"77470";"1";"1";"3";"6";"D1004";"48,73696000";"2,76070100"
"202400049758";"24";"09";"2024";"12:15";"1";"84";"84132";"1";"1";"1";"1";"D98";"43,88927900";"5,00958300"
"202400049759";"11";"06";"2024";"07:40";"1";"91";"91377";"1";"1";"1";"3";"AUTOROUTE A10";"48,71716000";"2,29171000"
"202400049760";"13";"07";"2024";"17:50";"1";"86";"86174";"1";"1";"1";"2";"D910";"46,77772000";"0,51789000"
"202400049761";"27";"09";"2024";"19:05";"2";"88";"88160";"2";"1";"1";"3";"SAINT-MICHEL (RUE)";"48,17927000";"6,46155000"
"202400049762";"27";"03";"2024";"12:30";"1";"77";"77333";"1";"1";"1";"3";"RUE D EGREVILLE";"48,26347900";"2,71636500"
"202400049763";"19";"08";"2024";"18:20";"1";"54";"54215";"2";"1";"1";"6";"72 Rue de l'Hôtel de Ville";"48,76038700";"6,13206000"
"202400049764";"17";"02";"2024";"14:10";"1";"18";"18035";"1";"1";"1";"1";"N/A";"47,12051900";"2,65478600"
"202400049765";"22";"09";"2024";"14:30";"1";"83";"83023";"1";"1";"1";"6";"Route Nationale 7";"43,40486800";"6,01640900"
"202400049766";"27";"10";"2024";"03:30";"5";"69";"69266";"2";"3";"1";"2";"Boulevard Stalingrad";"45,77964000";"4,85960000"
"202400049767";"11";"06";"2024";"02:40";"5";"75";"75114";"1";"1";"2";"3";"A6A";"48,81738835";"2,33491123"
"202400049768";"28";"03";"2024";"16:10";"1";"69";"69115";"2";"1";"1";"7";"66 Route d’Anse";"45,97266000";"4,71694000"
"202400049769";"18";"08";"2024";"14:23";"1";"01";"01297";"1";"1";"2";"7";"D22";"45,89944700";"5,10282800"
"202400049770";"14";"07";"2024";"07:45";"1";"33";"33204";"2";"1";"1";"6";"N/A";"44,54430400";"0,00083700"
"202400049771";"27";"10";"2024";"18:10";"2";"64";"64445";"2";"1";"1";"7";"JEAN MERMOZ";"43,30860000";" -0,37680000"
"202400049772";"16";"02";"2024";"12:53";"1";"10";"10270";"1";"1";"2";"1";"D100";"48,39157300";"4,28999500"
"202400049773";"27";"09";"2024";"13:45";"1";"88";"88061";"1";"1";"8";"7";"D2";"48,06886000";"5,96074800"
"202400049774";"10";"06";"2024";"23:00";"3";"92";"92064";"1";"1";"1";"2";"A13";"48,83887386";"2,19360470"
"202400049775";"14";"07";"2024";"12:25";"1";"21";"21231";"1";"1";"1";"3";"Autoroute A39 PK 001.300";"47,29358100";"5,08428800"
"202400049776";"23";"09";"2024";"13:30";"1";"25";"25032";"1";"2";"3";"3";"D50";"47,38029600";"6,37775700"
"202400049777";"26";"03";"2024";"20:15";"5";"69";"69290";"2";"2";"3";"3";"Rue de la Croix Rousse";"45,69914474";"4,94711787"
"202400049778";"16";"02";"2024";"22:20";"3";"07";"07084";"1";"1";"1";"7";"Route de la Patelle";"45,15928000";"4,75816900"
"202400049779";"17";"08";"2024";"17:45";"1";"65";"65123";"1";"1";"1";"4";"D935";"42,99463500";"0,21109000"
"202400049780";"8";"09";"2024";"02:00";"3";"88";"88398";"1";"1";"2";"7";"D420";"48,26905500";"6,82123800"
"202400049781";"14";"07";"2024";"12:30";"1";"51";"51309";"1";"1";"1";"7";"D224";"49,15122900";"3,78807300"
"202400049782";"27";"10";"2024";"15:30";"1";"62";"62178";"2";"2";"1";"3";"Rue Victor Hugo";"50,48314000";"2,52840000"
"202400049783";"17";"09";"2024";"17:00";"1";"67";"67067";"2";"9";"1";"6";"3 Rue du Général Duport";"48,73104500";"7,70772100"
"202400049784";"11";"06";"2024";"17:20";"1";"93";"93008";"1";"1";"1";"5";"A86";"48,91199881";"2,43838549"
"202400049785";"26";"03";"2024";"17:05";"1";"69";"69199";"2";"2";"2";"3";"Boulevard Yves Farge";"45,69543318";"4,85900454"
"202400049786";"19";"08";"2024";"19:50";"1";"85";"85088";"1";"1";"1";"3";"D32";"46,72459000";" -1,86893000"
"202400049787";"26";"10";"2024";"15:45";"1";"51";"51454";"2";"1";"1";"6";"FABIEN (RUE DU COLONNEL)";"49,24915000";"4,01572000"
"202400049788";"17";"02";"2024";"02:45";"4";"07";"07240";"1";"1";"1";"2";"Route Départementale 86";"44,83794000";"4,81437700"
"202400049789";"31";"08";"2024";"12:14";"1";"88";"88160";"1";"2";"1";"3";"GERARDMER (route de)";"48,16712000";"6,53159000"
"202400049790";"11";"06";"2024";"10:50";"1";"95";"95488";"1";"1";"1";"6";"A15";"49,01474752";"2,14633743"
"202400049791";"13";"07";"2024";"16:35";"1";"12";"12124";"1";"1";"1";"3";"D6";"44,49075000";"2,85859100"
"202400049792";"16";"09";"2024";"17:00";"1";"67";"67101";"2";"1";"8";"3";"Total (Carburant)";"48,52927500";"7,49747900"
"202400049793";"11";"06";"2024";"10:30";"1";"93";"93007";"1";"1";"1";"3";"A3";"48,93160457";"2,48092891"
"202400049794";"5";"08";"2024";"13:35";"1";"22";"22186";"2";"3";"1";"3";"Rue de Lamballe";"48,58393900";" -2,56086100"
"202400049795";"16";"02";"2024";"10:30";"1";"21";"21603";"1";"1";"2";"2";"D970";"47,48650700";"4,35723300"
"202400049796";"28";"08";"2024";"12:10";"1";"88";"88209";"2";"2";"1";"3";"LECLERC ( RUE GENERAL )";"48,19091000";"6,43299000"
"202400049797";"28";"03";"2024";"18:03";"1";"68";"68224";"2";"2";"1";"6";"THIERSTEIN (RUE)";"47,76043000";"7,32622000"
"202400049798";"10";"06";"2024";"08:50";"1";"93";"93029";"1";"1";"1";"7";"A86";"48,92634273";"2,42216545"
"202400049799";"3";"12";"2024";"07:15";"1";"974";"97416";"1";"1";"1";"3";"MAURICE THOREZ(CHEMIN)";" -21,27951000";"55,48807000"
"202400049800";"27";"10";"2024";"15:55";"1";"47";"47201";"2";"3";"1";"3";"PYRENEES (AVENUE DES)";"44,17910000";"0,60530000"
"202400049801";"10";"06";"2024";"00:01";"3";"95";"95582";"1";"9";"1";"7";"A15";"48,96346787";"2,26421667"
"202400049802";"28";"03";"2024";"17:10";"1";"67";"67482";"2";"1";"1";"3";"DUCS (RUE DES)";"48,58777000";"7,71389000"
"202400049803";"13";"07";"2024";"02:15";"3";"35";"35363";"1";"1";"1";"2";"rn 137";"48,02579800";" -1,69004600"
"202400049804";"16";"02";"2024";"14:30";"1";"04";"04094";"1";"1";"1";"1";"D4";"43,78683400";"5,82331200"
"202400049805";"24";"09";"2024";"19:00";"2";"42";"42304";"1";"2";"8";"3";"Route de Saint Romain";"45,53591200";"4,15012300"
"202400049806";"17";"08";"2024";"22:30";"3";"13";"13117";"1";"1";"1";"5";"A7-Sens Marseille vers Lyon";"43,46292794";"5,23481274"
"202400049807";"14";"07";"2024";"11:20";"1";"974";"97414";"1";"1";"1";"6";"Chemin des Aloés";" -21,26470000";"55,45791700"
"202400049808";"27";"10";"2024";"12:45";"1";"45";"45169";"2";"1";"1";"1";"4 Rue des Bas Champs";"47,89939000";"1,84919000"
"202400049809";"28";"03";"2024";"13:00";"1";"64";"64445";"2";"1";"1";"3";"LOUP DU";"43,31430000";" -0,35471000"
"202400049810";"9";"06";"2024";"18:25";"1";"93";"93053";"1";"9";"1";"2";"A3";"48,89806947";"2,46934982"
"202400049811";"17";"08";"2024";"22:30";"3";"91";"91432";"1";"1";"3";"2";"AUTOROUTE A6";"48,69329000";"2,32048000"
"202400049812";"23";"09";"2024";"08:30";"1";"81";"81104";"1";"1";"8";"1";"D87";"43,77004000";"1,82864400"
"202400049813";"17";"02";"2024";"19:00";"3";"27";"27056";"2";"9";"1";"1";"Route de Thiberville";"49,08954400";"0,58642700"
"202400049814";"2";"12";"2024";"17:15";"1";"974";"97409";"1";"9";"1";"4";"RN2 SENS STE SUZANNE ST BENOIT";" -20,95820000";"55,65727000"
"202400049815";"11";"06";"2024";"11:40";"1";"77";"77294";"1";"1";"1";"2";"A104";"48,96646100";"2,60573900"
"202400049816";"3";"12";"2024";"13:35";"1";"972";"97209";"1";"1";"1";"6";"CARLOS FINLAY (RUE)";"14,61152000";" -61,07405000"
"202400049817";"13";"07";"2024";"19:15";"1";"30";"30131";"1";"1";"1";"1";"D23";"44,19684000";"4,47624500"
"202400049818";"27";"03";"2024";"13:05";"1";"63";"63245";"1";"3";"1";"2";"ROCADE RD 446 / chemin des Batignoles";"45,88339551";"3,08207813"
"202400049819";"27";"10";"2024";"20:10";"5";"38";"38421";"2";"3";"1";"5";"RUE MASSENET";"45,17896000";"5,76175000"
"202400049820";"16";"02";"2024";"19:10";"3";"17";"17322";"1";"2";"1";"3";"LIEU-DIT ""LA TOUCHE""";"46,25887400";" -0,81439900"
"202400049821";"10";"06";"2024";"17:15";"1";"77";"77495";"1";"1";"1";"2";"A5B";"48,57773900";"2,63816700"
"202400049822";"17";"08";"2024";"05:50";"3";"91";"91228";"1";"1";"2";"4";"AUTOROUTE A6";"48,61907000";"2,42662000"
"202400049823";"3";"12";"2024";"09:02";"1";100;100033";"2";"1";"7";"6";"MONTE PIANO -CHEMIN DE";"42,70008000";"9,44325000"
"202400049824";"21";"09";"2024";"14:00";"1";"81";"81225";"1";"3";"1";"2";"D988";"43,91922000";"1,96379000"
"202400049825";"13";"07";"2024";"14:20";"1";"30";"30151";"1";"3";"1";"1";"Hameau de Malataverne";"44,17501400";"4,36056900"
"202400049826";"27";"03";"2024";"16:45";"1";"63";"63075";"2";"6";"1";"1";"VOLTAIRE (RUE)";"45,77872000";"3,06273000"
"202400049827";"12";"04";"2024";"04:00";"3";"74";"74179";"1";"1";"1";"1";"625 Route de Bellegarde";"45,98858300";"6,01378100"
"202400049828";"16";"02";"2024";"17:36";"1";"87";"87019";"2";"9";"2";"3";"D320";"45,75486337";"1,33194923"
"202400049829";"27";"10";"2024";"21:35";"3";"35";"35051";"1";"1";"1";"2";"ROCADE 2-3";"48,10550000";" -1,60145000"
"202400049830";"24";"09";"2024";"16:30";"1";"65";"65173";"2";"1";"1";"7";"Rue du Soula";"42,87782400";"0,00798200"
"202400049831";"18";"08";"2024";"15:30";"1";"78";"78217";"1";"1";"1";"3";"A13";"48,96353900";"1,82948900"
"202400049832";"13";"07";"2024";"16:23";"1";"51";"51281";"1";"1";"1";"7";"le darcy";"48,96737200";"3,97536100"
"202400049833";"3";"12";"2024";"07:53";"1";100;100037";"1";"6";"1";"3";"TOUTES RUES";"42,62890000";"9,43742000"
"202400049834";"8";"04";"2024";"09:30";"1";"74";"74090";"1";"1";"1";"7";"route de la roche sur foron";"46,08432000";"6,29216200"
"202400049835";"17";"02";"2024";"16:10";"1";"30";"30284";"1";"1";"1";"7";"991-503 Chemin de la Coste";"44,15273700";"4,06293500"
"202400049836";"18";"08";"2024";"10:05";"5";"92";"92050";"1";"1";"1";"2";"A14";"48,90003871";"2,21071229"
"202400049837";"22";"03";"2024";"09:00";"1";"62";"62510";"2";"1";"1";"4";"D58";"50,42218960";"2,77220715"
"202400049838";"13";"07";"2024";"11:45";"1";"19";"19156";"1";"1";"1";"7";"route de la forêt";"45,16410581";"1,70603178"
"202400049839";"27";"10";"2024";"20:50";"5";"34";"34172";"2";"2";"2";"3";"MOULARES (CHEMIN DE";"43,59482000";"3,89072000"
"202400049840";"24";"09";"2024";"07:05";"2";"64";"64501";"2";"1";"8";"1";"Route de Bordeaux";"43,51128700";" -0,72805500"
"202400049841";"3";"12";"2024";"17:40";"2";"971";"97120";"2";"1";"1";"3";"NOZIERES";"16,24054000";" -61,53471000"
"202400049842";"13";"07";"2024";"11:20";"1";"76";"76469";"1";"1";"1";"7";"D921";"49,48535700";"1,48736000"
"202400049843";"28";"03";"2024";"07:55";"1";"74";"74293";"2";"6";"1";"3";"Route des Plantets";"46,27234600";"6,25599000"
"202400049844";"27";"10";"2024";"23:45";"5";"29";"29232";"2";"1";"1";"6";"Rue de la Providence";"47,99868200";" -4,10820800"
"202400049845";"17";"08";"2024";"04:00";"3";"92";"92047";"1";"1";"1";"2";"A13";"48,83632636";"2,18475813"
"202400049846";"28";"03";"2024";"00:20";"5";"60";"60414";"2";"1";"8";"6";"Rue Louis Blanc";"49,25770000";"2,45090000"
"202400049847";"3";"12";"2024";"10:50";"1";101;101004";"2";"1";"1";"3";"#Route de Mezzavia#";"41,95176000";"8,77367000"
"202400049848";"19";"09";"2024";"21:05";"5";"35";"35360";"2";"1";"1";"3";"Avenue d?Helmstedt";"48,11577700";" -1,19050400"
"202400049849";"27";"03";"2024";"22:50";"3";"74";"74242";"2";"1";"1";"7";"N/A";"45,83537600";"6,16142800"
"202400049850";"27";"10";"2024";"18:20";"3";"27";"27681";"1";"1";"1";"7";"GISORS (ROUTE DE)";"49,10995500";"1,48955100"
"202400049851";"13";"07";"2024";"10:50";"1";"33";"33424";"2";"1";"1";"6";"N/A";"45,14845200";" -0,82277000"
"202400049852";"16";"02";"2024";"18:50";"3";"30";"30088";"1";"1";"1";"5";"RD 999";"43,85993700";"4,13049500"
"202400049853";"20";"03";"2024";"05:45";"5";"59";"59350";"2";"9";"1";"3";"Rue des Stations";"50,62873000";"3,04667000"
"202400049854";"13";"07";"2024";"14:20";"1";"32";"32237";"1";"1";"1";"7";"nationale 124 PK 45+260";"43,64761300";"0,71185800"
"202400049855";"18";"08";"2024";"14:40";"1";"95";"95277";"1";"1";"1";"4";"A1";"48,96704260";"2,47751498"
"202400049856";"8";"04";"2024";"17:17";"1";"42";"42218";"2";"1";"1";"2";"Rue Roger Salengro";"45,44262000";"4,38880000"
"202400049857";"2";"12";"2024";"17:58";"5";"95";"95424";"2";"1";"1";"2";"D392";"48,98602800";"2,18207300"
"202400049858";"22";"09";"2024";"17:37";"1";"60";"60450";"1";"1";"2";"1";"D46";"49,23976500";"2,28168000"
"202400049859";"18";"08";"2024";"08:00";"1";"92";"92036";"1";"1";"1";"6";"AUTOROUTE A86";"48,93838168";"2,31330853"
"202400049860";"27";"10";"2024";"14:10";"1";"27";"27701";"2";"2";"1";"3";"BLANCHE (CH. DE LA VOIE) FALAISES A SORT";"49,27517000";"1,20275000"
"202400049861";"28";"03";"2024";"09:05";"1";"59";"59350";"2";"1";"1";"3";"Rue de Maubeuge";"50,62384900";"3,07166700"
"202400049862";"13";"07";"2024";"23:17";"3";"71";"71187";"2";"3";"1";"7";"Route du Pont Jeanne Rose";"46,74502000";"4,49595400"
"202400049863";"6";"02";"2024";"07:10";"2";"13";"13026";"1";"8";"1";"1";"RN 568";"43,39294000";"5,18655000"
"202400049864";"18";"08";"2024";"00:41";"3";"95";"95582";"1";"1";"2";"6";"A115";"48,97762416";"2,24086919"
"202400049865";"24";"09";"2024";"16:55";"1";"60";"60628";"1";"1";"2";"6";"N31";"49,41605500";"2,17666600"
"202400049866";"27";"10";"2024";"18:50";"1";"26";"26198";"1";"1";"1";"7";"Route d’Allan";"44,52574000";"4,77331000"
"202400049867";"3";"12";"2024";"08:50";"1";"95";"95018";"1";"1";"2";"5";"D48";"48,96076000";"2,22433000"
"202400049868";"18";"08";"2024";"00:20";"3";"92";"92036";"1";"1";"2";"6";"AUTOROUTE A15";"48,93879926";"2,29435927"
"202400049869";"28";"03";"2024";"08:05";"1";"59";"59009";"2";"6";"8";"3";"MONS BOULEVARD DE";"50,64516000";"3,13357000"
"202400049870";"25";"02";"2024";"15:00";"1";"32";"32115";"1";"1";"1";"1";"pk 96 N124";"43,76269500";"0,17606000"
"202400049871";"14";"07";"2024";"05:30";"2";"71";"71359";"1";"1";"1";"2";"départementale 975";"46,55737700";"4,96128200"
"202400049872";"22";"09";"2024";"20:00";"3";"59";"59218";"1";"1";"1";"7";"Chemin de Quatre Maisons";"50,06736000";"3,93203300"
"202400049873";"2";"12";"2024";"10:45";"1";"91";"91691";"2";"1";"1";"6";"PARC";"48,71980000";"2,51241000"
"202400049874";"16";"02";"2024";"20:10";"3";"21";"21285";"1";"1";"2";"4";"autoroute A36 PK 189+870";"47,05398300";"5,24077000"
"202400049875";"27";"03";"2024";"16:50";"1";"59";"59017";"2";"1";"1";"6";"SAINT VAAST (PLACE)";"50,68696000";"2,88293000"
"202400049876";"27";"10";"2024";"12:45";"1";"25";"25056";"2";"9";"1";"3";"FRESNEL RUE";"47,23528000";"5,97314000"
"202400049877";"30";"01";"2024";"00:40";"3";"32";"32165";"1";"1";"1";"6";"D12";"43,60160900";"0,84451000"
"202400049878";"17";"08";"2024";"20:25";"1";"95";"95277";"1";"1";"2";"5";"A1";"48,96811227";"2,47918010"
"202400049879";"23";"09";"2024";"15:35";"1";"69";"69286";"1";"1";"1";"2";"Autoroute 46";"45,82118707";"4,91837606"
"202400049880";"17";"02";"2024";"03:00";"3";"988";"98824";"1";"3";"2";"6";"Diahoué (Tribu)";" -20,45825300";"164,67880400"
"202400049881";"22";"02";"2024";"12:20";"1";"13";"13213";"1";"1";"1";"2";"A507 sens Aubagne- Marseille";"43,32837523";"5,41716434"
"202400049882";"14";"07";"2024";"04:40";"2";"89";"89298";"2";"3";"1";"6";"N/A";"48,05557300";"3,14596300"
"202400049883";"27";"10";"2024";"07:05";"2";"18";"18279";"2";"1";"5";"3";"Rue Etienne Nivet";"47,22150000";"2,08102400"
"202400049884";"3";"12";"2024";"18:15";"5";"91";"91286";"2";"1";"2";"4";"R.N. 445";"48,64613800";"2,36579100"
"202400049885";"26";"03";"2024";"22:24";"5";"57";"57491";"2";"1";"2";"3";"VERDUN (RUE DE)";"49,24804000";"6,03822000"
"202400049886";"10";"06";"2024";"08:35";"1";"987";"98736";"1";"2";"8";"3";"PAUL BERNIERE (RUE)";" -17,54097000";" -149,55280000"
"202400049887";"2";"12";"2024";"08:10";"2";"89";"89387";"2";"2";"1";"3";"DIX NEUF MARS 1962 (RUE DU)";"48,20233000";"3,30092000"
"202400049888";"15";"02";"2024";"19:07";"3";"28";"28055";"1";"1";"8";"1";"D325.7";"48,63493600";"1,42305100"
"202400049889";"28";"10";"2024";"00:30";"5";"13";"13210";"2";"1";"1";"3";"ROMAIN ROLLAND (BOULEVARD)";"43,27815000";"5,42130000"
"202400049890";"19";"09";"2024";"17:10";"1";"01";"01376";"1";"1";"1";"5";"A42   8.310 A 9.500";"45,81670000";"4,97713000"
"202400049891";"14";"07";"2024";"10:30";"1";"89";"89088";"1";"2";"1";"3";"D955";"47,85167200";"3,32718400"
"202400049892";"31";"05";"2024";"17:20";"1";"74";"74119";"2";"1";"2";"6";"DUMUR (IMPASSE DU)";"46,40002000";"6,58887000"
"202400049893";"28";"03";"2024";"08:40";"1";"56";"56260";"1";"1";"2";"4";"Ménimur";"47,66943000";" -2,76237000"
"202400049894";"10";"06";"2024";"10:20";"1";"976";"97611";"2";"1";"1";"3";"kaweni-Kaweni nord ( Z I )";"45,22602000";" -12,76237000"
"202400049895";"3";"12";"2024";"07:45";"5";"86";"86194";"2";"1";"1";"1";"Rue du Dolmen";"46,57820000";"0,36785000"
"202400049896";"4";"05";"2024";"23:41";"3";"74";"74119";"2";"1";"2";"6";"DUPAS (AVENUE DU GENERAL) RD 1005";"46,40073000";"6,58394000"
"202400049897";"13";"07";"2024";"22:00";"2";"49";"49131";"1";"1";"1";"6";"route de bizay";"47,16733900";" -0,00176000"
"202400049898";"17";"02";"2024";"14:15";"1";"45";"45229";"1";"1";"1";"1";"D135 PR 8 + 467";"47,85067200";"2,74914100"
"202400049899";"28";"03";"2024";"07:40";"2";"56";"56121";"2";"1";"2";"6";"PIAF (RUE  EDITH )";"47,75803000";" -3,38969000"
"202400049900";"19";"09";"2024";"16:20";"1";"69";"69290";"1";"1";"1";"5";"Autoroute 46";"45,68963000";"4,96492000"
"202400049901";"10";"06";"2024";"11:35";"1";"974";"97407";"1";"9";"1";"6";"MASCAREIGNES(BOULEVARD)";" -20,94893000";"55,30532000"
"202400049902";"14";"07";"2024";"16:45";"1";"22";"22212";"1";"1";"1";"7";"Le Quinquiziou";"48,66505400";" -3,19286400"
"202400049903";"2";"03";"2024";"15:10";"1";"73";"73270";"1";"1";"1";"2";"D1006";"45,55551500";"6,17307200"
"202400049904";"27";"10";"2024";"19:40";"2";"06";"06088";"2";"1";"1";"2";"158 Route de Turin";"43,72206000";"7,28974000"
"202400049905";"10";"06";"2024";"18:00";"1";"69";"69388";"2";"2";"1";"1";"Avenue Rockefeller";"45,74130000";"4,88520000"
"202400049906";"28";"03";"2024";"07:30";"1";"51";"51454";"2";"2";"1";"3";"CHEVIGNE (RUE)";"49,25457400";"4,04823700"
"202400049907";"2";"12";"2024";"17:00";"2";"83";"83137";"2";"4";"1";"6";"JUIN (AVE ALPHONSE)";"43,12025000";"5,94773000"
"202400049908";"17";"08";"2024";"13:10";"1";"974";"97411";"2";"3";"1";"6";"NOTRE DAME DE LA TRINITE (BOULEVARD)";" -20,89266000";"55,46391000"
"202400049909";"13";"07";"2024";"23:00";"3";"39";"39470";"1";"3";"1";"1";"N/A";"46,50289000";"6,02982000"
"202400049910";"27";"10";"2024";"18:25";"3";"06";"06069";"1";"1";"9";"6";"216 Route de Draguignan";"43,64514000";"6,89539000"
"202400049911";"17";"02";"2024";"14:33";"1";101;101247";"2";"1";"1";"2";"#96 Avenue de Bastia#";"41,61046100";"9,27879100"
"202400049912";"19";"09";"2024";"17:33";"1";"67";"67482";"1";"1";"1";"2";"M352";"48,57197049";"7,75086254"
"202400049913";"10";"06";"2024";"13:55";"1";"69";"69383";"2";"2";"1";"1";"Rue Julien";"45,75254000";"4,88828000"
"202400049914";"3";"12";"2024";"11:00";"1";"83";"83137";"2";"1";"1";"6";"STRASBOURG (BD DE )";"43,12476000";"5,93276000"
"202400049915";"14";"07";"2024";"01:30";"3";"25";"25442";"1";"2";"1";"6";"D437";"46,83950400";"6,33909000"