"Num_Acc";"jour";"mois";"an";"hrmn";"lum";"dep";"com";"agg";"int";"atm";"col";"adr";"lat";"long"
"202400049916";"26";"10";"2024";"15:10";"1";"04";"04070";"2";"1";"3";"6";"PRISON (MTEES)";"44,09212000";"6,23629000"
"202400049917";"27";"03";"2024";"06:05";"2";"51";"51454";"2";"2";"1";"3";"LAON (AVENUE) DU N° 219 AU 341 ET N° 248";"49,27507000";"4,01780000"
"202400049918";"10";"06";"2024";"18:15";"1";"972";"97209";"2";"1";"1";"6";"AMITIE (RUE DE L')";"14,61000000";" -61,08000000"
"202400049919";"16";"08";"2024";"16:05";"1";"973";"97302";"2";"2";"1";"3";"CATAYEE (JUSTIN)";"4,93842663";" -52,33036110"
"202400049920";"1";"12";"2024";"11:05";"1";"83";"83123";"2";"3";"1";"6";"PRATS (AVENUE DES)";"43,12096000";"5,81602000"
"202400049921";"16";"02";"2024";"17:35";"2";"11";"11099";"1";"1";"2";"1";"30 Route de Villalier";"43,26489200";"2,40425200"
"202400049922";"14";"07";"2024";"15:20";"1";"02";"02174";"1";"1";"8";"6";"N/A";"49,46449800";"3,51794200"
"202400049923";"20";"09";"2024";"23:55";"5";"59";"59507";"1";"1";"1";"5";"AUTOROUTE A1";"50,61064000";"3,09075000"
"202400049924";"10";"06";"2024";"16:55";"1";"69";"69389";"2";"1";"1";"6";"61 Rue Marietton";"45,77581894";"4,80128484"
"202400049925";"17";"08";"2024";"11:55";"1";"972";"97213";"2";"1";"1";"6";"ROUTE NATIONALE 1";"14,62107000";" -60,99161000"
"202400049926";"27";"10";"2024";"15:00";"1";"75";"75119";"2";"1";"1";"6";"AVENUE SIMON BOLIVAR";"48,88091200";"2,37376300"
"202400049927";"28";"03";"2024";"13:50";"1";"47";"47001";"2";"1";"1";"3";"CALABET (QUAI DU DOCTEUR)";"44,20903000";"0,61123000"
"202400049928";"29";"11";"2024";"09:17";"1";"80";"80021";"2";"1";"1";"7";"Rue des Jacobins";"49,89590000";"2,29966000"
"202400049929";"10";"06";"2024";"14:30";"1";"69";"69381";"2";"2";"1";"6";"Rue de la Martinière";"45,76816872";"4,83148905"
"202400049930";"2";"12";"2024";"18:15";"2";"80";"80021";"2";"1";"2";"7";"Rue Saint-Acheul";"49,88409000";"2,32673000"
"202400049931";"27";"03";"2024";"01:25";"5";"42";"42218";"2";"1";"1";"7";"Place du Peuple";"45,43589000";"4,38812000"
"202400049932";"22";"09";"2024";"04:15";"5";"59";"59462";"1";"1";"1";"6";"AUTOROUTE A1";"50,51848000";"3,03747000"
"202400049933";"11";"02";"2024";"15:45";"1";"34";"34017";"1";"3";"1";"7";"D161e3";"43,47685600";"3,45665900"
"202400049934";"11";"07";"2024";"20:00";"1";"02";"02816";"1";"2";"2";"2";"N/A";"49,14923900";"3,52197300"
"202400049935";"6";"06";"2024";"08:10";"1";"971";"97113";"2";"1";"1";"7";"Section Port Blanc";"16,22694000";" -61,45949000"
"202400049936";"17";"08";"2024";"09:58";"1";100;100033";"2";"1";"1";"2";"ROUTE ROYALE";"42,67590000";"9,43660000"
"202400049937";"27";"10";"2024";"01:45";"5";"75";"75116";"2";"2";"2";"3";"RUE DE BOULAINVILLIERS";"48,85817600";"2,27483500"
"202400049938";"28";"03";"2024";"11:30";"1";"42";"42187";"2";"6";"1";"3";"Boulevard Maréchal Joffre";"46,05331000";"4,07358000"
"202400049939";"9";"06";"2024";"20:40";"5";"971";"97101";"1";"9";"1";"2";"LAURICISQUE";"16,25314000";" -61,54726000"
"202400049940";"17";"02";"2024";"11:40";"1";"05";"05078";"1";"2";"1";"3";"Chemin de Crigne";"44,39385200";"5,94156500"
"202400049941";"17";"08";"2024";"04:50";"4";100;100120";"2";"1";"1";"1";"11 - RT";"42,66211000";"9,43457000"
"202400049942";"23";"09";"2024";"07:00";"2";"91";"91570";"1";"1";"2";"4";"RN 104";"48,62527000";"2,30889000"
"202400049943";"17";"02";"2024";"05:45";"3";"13";"13066";"1";"1";"1";"7";"D7n";"43,86572300";"4,91363500"
"202400049944";"26";"10";"2024";"13:55";"1";"75";"75115";"2";"3";"1";"3";"BOULEVARD DES FRERES VOISIN";"48,82792400";"2,27121300"
"202400049945";"2";"12";"2024";"07:55";"2";"77";"77518";"1";"1";"1";"1";"BOURGOGNE(ROUTE DE)";"48,50315500";"2,61748900"
"202400049946";"8";"06";"2024";"22:40";"5";"971";"97105";"2";"1";"1";"3";"LUCIEN BERNIER(AVENUE)";"15,99800000";" -61,72000000"
"202400049947";"28";"03";"2024";"14:00";"1";"38";"38053";"2";"1";"1";"2";"D1006";"45,58523000";"5,27060000"
"202400049948";"13";"07";"2024";"02:20";"3";"03";"03049";"1";"1";"1";"6";"D280";"46,30153600";"3,20389900"
"202400049949";"16";"02";"2024";"10:45";"1";"03";"03032";"1";"1";"2";"7";"route de beaugalant";"46,27786000";"2,97165200"
"202400049950";"17";"08";"2024";"14:30";"1";"971";"97101";"2";"1";"1";"7";"NEREE";"16,26496000";" -61,50194000"
"202400049951";"10";"06";"2024";"12:22";"1";101;101004";"2";"6";"1";"2";"CLAIRIERE RCE LA BD LOUIS CAMPI";"41,94221000";"8,74984000"
"202400049952";"23";"09";"2024";"05:25";"3";"92";"92063";"1";"1";"8";"3";"A86";"48,88916835";"2,16820501"
"202400049953";"13";"07";"2024";"23:00";"3";"03";"03063";"2";"1";"1";"2";"124 Route de Digoin";"46,47632100";"3,96975000"
"202400049954";"28";"03";"2024";"17:40";"1";"34";"34108";"1";"1";"1";"6";"RD2 Route de Balaruc";"43,42849000";"3,70596000"
"202400049955";"26";"10";"2024";"23:45";"5";"75";"75110";"2";"1";"1";"6";"BOULEVARD SAINT DENIS";"48,86926900";"2,35555000"
"202400049956";"17";"08";"2024";"11:32";"1";"971";"97101";"1";"1";"1";"6";"RN11";"16,27297000";" -61,53833000"
"202400049957";"3";"12";"2024";"09:20";"1";"73";"73065";"2";"2";"2";"3";"LYON (AVENUE DE)";"45,56291654";"5,90816505"
"202400049958";"13";"07";"2024";"11:20";"1";"70";"70546";"1";"1";"1";"6";"D70";"47,52451100";"5,64588900"
"202400049959";"22";"09";"2024";"18:00";"1";"78";"78206";"1";"1";"2";"6";"A13";"48,94540800";"1,94907300"
"202400049960";"9";"06";"2024";"14:30";"1";"95";"95427";"2";"3";"1";"6";"VILLETANEUSE (RUE DE)";"48,97170068";"2,34783232"
"202400049961";"16";"02";"2024";"12:05";"1";"73";"73213";"2";"2";"1";"2";"R du Bois de Leysse / D9A";"45,56595100";"5,96885700"
"202400049962";"27";"10";"2024";"01:40";"5";"75";"75108";"2";"2";"2";"6";"RUE PIERRE CHARRON";"48,87044300";"2,30513100"
"202400049963";"17";"08";"2024";"01:45";"5";"971";"97113";"1";"1";"2";"6";"Pont de BLANCHARD";"16,22131000";" -61,52214000"
"202400049964";"24";"11";"2024";"09:54";"1";"72";"72181";"2";"3";"1";"1";"BONNETABLE (RTE) N° PAIRS 72 ET >";"48,02081683";"0,22634625"
"202400049965";"22";"09";"2024";"07:55";"1";"93";"93066";"1";"1";"8";"2";"AUTOROUTE A1";"48,91744438";"2,35770709"
"202400049966";"14";"07";"2024";"01:10";"3";"54";"54210";"1";"1";"1";"6";"2 La Baraque";"48,55959600";"6,69296100"
"202400049967";"16";"02";"2024";"19:45";"3";"38";"38162";"1";"3";"1";"3";"D1075";"45,58813300";"5,54039200"
"202400049968";"10";"06";"2024";"22:00";"1";"95";"95018";"2";"1";"1";"5";"9 MAURICE UTRILLO (AVENUE)";"48,94042100";"2,23445800"
"202400049969";"3";"12";"2024";"18:30";"5";"69";"69282";"2";"1";"1";"6";"8 Rue du 8 Mai 1945";"45,76784000";"5,00212000"
"202400049970";"17";"08";"2024";"20:42";"5";"91";"91161";"2";"1";"2";"6";"AV CHARLES DE GAULLE";"48,70400000";"2,32100000"
"202400049971";"22";"09";"2024";"01:20";"3";"94";"94028";"1";"1";"2";"6";"A86";"48,77631661";"2,43214009"
"202400049972";"14";"07";"2024";"02:25";"4";"10";"10313";"2";"1";"1";"6";"Rue de Dienville";"48,35905600";"4,50802600"
"202400049973";"27";"10";"2024";"19:20";"5";"75";"75107";"2";"3";"1";"6";"RUE SEDILLOT";"48,85940400";"2,30132400"
"202400049974";"16";"02";"2024";"12:43";"1";"38";"38071";"2";"1";"1";"6";"2 Route de Saint Georges de Commiers";"45,08737600";"5,73042000"
"202400049975";"29";"06";"2024";"13:20";"1";"43";"43135";"1";"1";"1";"7";"D500";"44,93133802";"4,00989014"
"202400049976";"10";"06";"2024";"19:20";"1";"91";"91549";"2";"2";"1";"3";"CHARMES (ALLEE DES)";"48,63964000";"2,32137000"
"202400049977";"17";"08";"2024";"13:00";"1";"91";"91223";"2";"1";"2";"6";"BELLES CROIX (RUE DES)";"48,42345000";"2,13372000"
"202400049978";"3";"12";"2024";"09:45";"1";"69";"69266";"2";"3";"1";"3";"Cours Emile Zola";"45,77064000";"4,87369000"
"202400049979";"14";"06";"2024";"07:10";"1";"43";"43241";"1";"1";"8";"6";"D54";"44,97199021";"3,88877890"
"202400049980";"27";"10";"2024";"12:26";"1";"75";"75107";"2";"2";"1";"6";"RUE SAINT DOMINIQUE";"48,85768300";"2,30019700"
"202400049981";"13";"07";"2024";"20:00";"2";"40";"40115";"1";"1";"1";"4";"D10";"43,78358100";" -0,92476400"
"202400049982";"17";"02";"2024";"17:15";"1";"01";"01403";"1";"1";"1";"3";"D19";"45,81695500";"5,44929800"
"202400049983";"10";"06";"2024";"11:00";"1";"91";"91471";"2";"1";"1";"6";"MONTHLERY (ROUTE DE)";"48,68615000";"2,18802000"
"202400049984";"13";"07";"2024";"19:20";"1";"24";"24428";"1";"1";"1";"7";"Route de pierre levée";"45,52333700";"0,91152200"
"202400049985";"3";"12";"2024";"11:30";"1";"69";"69029";"2";"3";"1";"3";"Avenue Franklin Roosevelt";"45,73848000";"4,89380000"
"202400049986";"25";"06";"2024";"07:50";"1";"50";"50151";"1";"2";"1";"3";"D650";"49,21151200";" -1,57354200"
"202400049987";"16";"08";"2024";"10:19";"1";"90";"90099";"2";"6";"1";"3";"CD5";"47,67486572";"6,84543648"
"202400049988";"27";"10";"2024";"19:00";"5";"75";"75101";"2";"1";"1";"6";"QUAI DES TUILERIES";"48,86349900";"2,32232500"
"202400049989";"9";"06";"2024";"23:58";"5";"91";"91114";"2";"1";"1";"6";"BD CHARLES DE GAULLE";"48,69442000";"2,50322000"
"202400049990";"16";"02";"2024";"19:50";"3";"17";"17283";"1";"1";"1";"4";"D137";"45,56569000";" -0,55395100"
"202400049991";"2";"12";"2024";"18:35";"5";"67";"67365";"2";"1";"2";"6";"MATHIAS GRUNEWALD (RUE)";"48,56000000";"7,72000000"
"202400049992";"28";"06";"2024";"11:15";"1";"85";"85042";"1";"3";"1";"2";"RD25";"46,38696800";" -0,98919300"
"202400049993";"27";"10";"2024";"16:24";"1";"94";"94028";"2";"1";"1";"6";"Avenue de Verdun";"48,79867474";"2,46505550"
"202400049994";"8";"06";"2024";"20:22";"1";"87";"87085";"2";"1";"1";"6";"DETAILLE (RUE)";"45,85232000";"1,27209000"
"202400049995";"21";"09";"2024";"23:30";"3";"974";"97416";"1";"9";"1";"1";"RN1 (ROUTE NATIONALE)";" -21,30365000";"55,42732000"
"202400049996";"16";"02";"2024";"08:30";"2";"22";"22054";"2";"1";"1";"2";"rue des jeanettes";"48,62359800";" -2,44167900"
"202400049997";"2";"12";"2024";"17:40";"5";"67";"67482";"2";"1";"2";"3";"BISCHWILLER (ROUTE DE)";"48,59684000";"7,74139000"
"202400049998";"17";"08";"2024";"10:45";"1";"83";"83137";"1";"3";"1";"5";"POMETS (ROUTE DES)";"43,16406000";"5,90080000"
"202400049999";"8";"06";"2024";"11:38";"1";"87";"87085";"2";"1";"1";"7";"DU BAS LEYCURAS (CHEMIN)";"45,79539000";"1,26559000"
"202400050000";"27";"10";"2024";"16:29";"1";"94";"94075";"2";"3";"1";"3";"Rue de Brunoy";"48,70939200";"2,52898000"
"202400050001";"21";"09";"2024";"17:15";"1";"974";"97411";"1";"1";"1";"3";"SAINT-FRANCOIS (BOULEVARD DE)";" -20,90238000";"55,46216000"
"202400050002";"16";"02";"2024";"20:35";"3";"60";"60559";"1";"1";"1";"2";"RN 31";"49,41381743";"2,27839708"
"202400050003";"13";"07";"2024";"06:30";"1";"27";"27112";"2";"4";"1";"6";"Rue Théodore Pierre";"48,84182800";"0,90357700"
"202400050004";"2";"12";"2024";"17:15";"5";"67";"67267";"2";"1";"2";"6";"GRAFFENSTADEN (RUE DE)";"48,54903000";"7,68074000"
"202400050005";"22";"09";"2024";"19:30";"3";"974";"97409";"2";"1";"1";"3";"Salazie (route de)";" -20,98436000";"55,62680000"
"202400050006";"10";"06";"2024";"19:50";"1";"84";"84080";"2";"1";"1";"6";"TREWEY BOULEVARD";"44,03345000";"4,99582000"
"202400050007";"14";"07";"2024";"02:00";"3";"17";"17124";"2";"1";"1";"7";"14 Rue de la Grande Rivière";"46,03997000";" -0,60315400"
"202400050008";"27";"10";"2024";"21:25";"5";"93";"93072";"2";"1";"1";"3";"ARISTIDE BRIAND (AVENUE) COTE DES N°1A87";"48,96210942";"2,37995267"
"202400050009";"16";"08";"2024";"16:58";"1";"79";"79191";"2";"1";"1";"1";"N/A";"46,32852000";" -0,43798000"
"202400050010";"17";"11";"2024";"22:30";"5";"66";"66136";"2";"2";"1";"3";"PYRENEES (BOULEVARD DES)";"42,69487000";"2,88905000"
"202400050011";"13";"07";"2024";"02:05";"3";"17";"17309";"1";"1";"1";"7";"14 Route de Montguyon";"45,16831300";" -0,04640200"
"202400050012";"10";"06";"2024";"02:35";"5";"83";"83137";"2";"1";"1";"6";"MAGAUD (ANSE)";"43,10950068";"5,98042363"
"202400050013";"22";"09";"2024";"13:38";"1";"95";"95219";"2";"3";"8";"3";"18 JUIN (RUE DU)";"48,99353839";"2,24562854"
"202400050014";"24";"11";"2024";"19:00";"3";"64";"64249";"1";"1";"1";"3";"GETARIA(AVENUE)";"43,41851000";" -1,60771000"
"202400050015";"17";"08";"2024";"20:10";"2";"78";"78168";"2";"6";"2";"3";"GARE (AVENUE DE LA)";"48,74444000";"1,92073000"
"202400050016";"10";"07";"2024";"19:54";"1";"17";"17269";"1";"9";"1";"1";"d730";"45,23022200";" -0,21990400"
"202400050017";"15";"02";"2024";"21:00";"3";"59";"59456";"1";"1";"1";"6";"AUTOROUTE A 21";"50,38261000";"3,20383000"
"202400050018";"9";"06";"2024";"08:35";"1";"83";"83137";"2";"1";"1";"3";"MOULINS (AVE DES DE 328 A FIN";"43,15211306";"5,91511068"
"202400050019";"27";"10";"2024";"11:20";"1";"93";"93077";"2";"2";"1";"7";"MARCEL (AVENUE)";"48,87802000";"2,52491000"
"202400050020";"17";"08";"2024";"23:00";"3";"77";"77475";"1";"1";"2";"6";"RN 3";"48,95868000";"2,97921000"
"202400050021";"3";"12";"2024";"18:20";"5";"64";"64445";"2";"3";"2";"3";"HAUTERIVE";"43,32466000";" -0,35682000"
"202400050022";"21";"09";"2024";"16:10";"1";"95";"95183";"1";"1";"1";"1";"D38";"49,04003400";"1,99359001"
"202400050023";"9";"06";"2024";"07:10";"1";"83";"83137";"2";"1";"1";"2";"CLEMENCEAU (BD GEORGES)";"43,12306767";"5,93834138"
"202400050024";"15";"02";"2024";"23:50";"5";"92";"92047";"1";"1";"1";"2";"A13";"48,83397544";"2,16646875"
"202400050025";"14";"07";"2024";"07:55";"1";"30";"30112";"2";"2";"1";"3";"Avenue des Lens";"43,90940300";"4,20165400"
"202400050026";"22";"09";"2024";"20:30";"5";"91";"91027";"2";"1";"3";"7";"AV HENRI DUNANT";"48,71281000";"2,39419000"
"202400050027";"27";"10";"2024";"19:10";"5";"93";"93046";"2";"1";"2";"2";"ARISTIDE BRIAND AVENUE";"48,91042621";"2,51098755"
"202400050028";"3";"12";"2024";"07:50";"5";"64";"64348";"2";"1";"8";"3";"FREDERIC ET IRENE JOLIOT CURIE";"43,30916000";" -0,42842000"
"202400050029";"15";"02";"2024";"19:45";"3";"78";"78646";"1";"1";"1";"2";"RN12";"48,79026000";"2,07079000"
"202400050030";"17";"08";"2024";"03:30";"4";"69";"69013";"1";"1";"1";"6";"Route Nationale 6";"46,01248000";"4,72011000"
"202400050031";"13";"07";"2024";"16:00";"1";"987";"98715";"2";"9";"2";"6";"Route de Puurai en direction de Oremu 4";" -17,58400000";" -149,56000000"
"202400050032";"8";"06";"2024";"22:00";"1";"80";"80001";"2";"9";"1";"3";"Rue Jean Mennesson";"50,11561000";"1,82616000"
"202400050033";"22";"09";"2024";"15:45";"1";"91";"91326";"2";"2";"8";"3";"COUR DE FRANCE (AVENUE DE LA)";"48,68448000";"2,37523000"
"202400050034";"2";"12";"2024";"23:40";"5";"64";"64024";"2";"6";"2";"7";"BAB (BOULEVARD DU)";"43,49706000";" -1,50862000"
"202400050035";"12";"07";"2024";"16:15";"1";"49";"49015";"1";"1";"1";"3";"A 11, PK 268.300, sens NANTES-PARIS";"47,49470131";" -0,61016141"
"202400050036";"27";"10";"2024";"07:05";"5";"93";"93066";"2";"2";"2";"2";"""STRASBOURG, NR 1 A 71 ET 2 A 34""";"48,93715367";"2,37189051"
"202400050037";"15";"02";"2024";"18:10";"5";"92";"92050";"1";"1";"1";"2";"A86";"48,90384699";"2,20687330"
"202400050038";"17";"08";"2024";"20:15";"1";"69";"69199";"2";"3";"2";"2";"Boulevard Yves Farge";"45,69582000";"4,85886000"
"202400050039";"9";"06";"2024";"12:40";"1";"78";"78650";"2";"2";"1";"3";"ETATS UNIS (BOULEVARD DES)";"48,88943000";"2,14123000"
"202400050040";"2";"12";"2024";"19:05";"5";"64";"64102";"2";"3";"2";"3";"LECLERC (AVENUE DE LA DIVISION)";"43,49079000";" -1,45998000"
"202400050041";"21";"09";"2024";"20:40";"5";"78";"78621";"2";"2";"1";"3";"PASTEUR MARTIN LUTHER KING (AVENUE DU)";"48,77334000";"1,98659000"
"202400050042";"27";"10";"2024";"13:10";"1";"93";"93010";"2";"1";"1";"6";"ONZE-NOVEMBRE-1918 (PL. DU)";"48,90247553";"2,48228637"
"202400050043";"13";"07";"2024";"16:40";"1";"38";"38212";"1";"1";"1";"6";"RD1091";"45,10328200";"5,92035400"
"202400050044";"14";"02";"2024";"19:25";"3";"92";"92050";"1";"1";"1";"3";"A86";"48,89969655";"2,19989319"
"202400050045";"10";"06";"2024";"04:45";"5";"78";"78208";"2";"1";"1";"6";"GREGORY (BOULEVARD BERNARD)";"48,77182700";"1,95589100"
"202400050046";"21";"09";"2024";"23:00";"5";"78";"78383";"2";"1";"2";"6";"CLAUDE BERNARD (RUE)";"48,75981000";"1,93153000"
"202400050047";"28";"11";"2024";"17:30";"2";"62";"62413";"2";"1";"1";"6";"Rue Pierre Jacquard";"50,46438686";"2,93063432"
"202400050048";"17";"08";"2024";"00:35";"3";"69";"69199";"1";"3";"1";"3";"Avenue Albert Ramboz";"45,68093000";"4,84626000"
"202400050049";"22";"09";"2024";"15:12";"1";"77";"77215";"2";"1";"1";"6";"BD VICTOR HUGO";"48,73935422";"2,72177964"
"202400050050";"26";"10";"2024";"19:30";"1";"93";"93010";"2";"1";"1";"5";"AULNAY (ROUTE) COTE PAIRE DE 2 A FIN";"48,91000000";"2,48020000"
"202400050051";"1";"12";"2024";"12:55";"1";"59";"59028";"2";"3";"1";"3";"Rue Francisco Ferrer";"50,41457000";"3,04182000"
"202400050052";"15";"02";"2024";"17:30";"1";"93";"93027";"1";"9";"1";"5";"A86";"48,92568108";"2,39637584"
"202400050053";"10";"06";"2024";"01:40";"4";"78";"78621";"1";"6";"1";"5";"NATIONALE 10 (ROUTE)";"48,77918000";"2,00764000"
"202400050054";"2";"12";"2024";"18:00";"5";"58";"58194";"2";"1";"1";"6";"CAMILLE BAYNAC";"46,98960000";"3,13408000"
"202400050055";"13";"07";"2024";"09:55";"1";"13";"13051";"1";"1";"1";"4";"Autoroute A7 - PK 241,000 - sens MARSEILLE / LYON";"43,59261500";"5,17868000"
"202400050056";"10";"08";"2024";"16:00";"1";"68";"68376";"2";"6";"1";"3";"N/A";"47,80812800";"7,31457800"
"202400050057";"27";"10";"2024";"16:15";"1";"92";"92073";"2";"1";"8";"2";"BLUM (QUAI LEON)";"48,86378000";"2,22639000"
"202400050058";"8";"06";"2024";"16:20";"1";"77";"77373";"2";"1";"1";"6";"RUE SAINT CLAIR";"48,78232071";"2,59851884"
"202400050059";"16";"02";"2024";"08:50";"1";"93";"93006";"1";"1";"1";"3";"AUTOROUTE A3";"48,86690246";"2,42530059"
"202400050060";"2";"12";"2024";"07:00";"5";"57";"57672";"2";"1";"2";"6";"PERCEE SUD CD 1";"49,35258000";"6,17499000"
"202400050061";"14";"07";"2024";"01:20";"3";"974";"97415";"1";"1";"1";"6";"RN 1A";" -21,02296800";"55,23070200"
"202400050062";"21";"09";"2024";"11:55";"1";"77";"77131";"2";"1";"1";"6";"GENERAL LECLERC (RUE DU)";"48,81140000";"3,07960000"
"202400050063";"17";"08";"2024";"04:00";"5";"65";"65286";"2";"1";"1";"6";"Avenue du Paradis";"43,09350000";" -0,05346000"
"202400050064";"26";"10";"2024";"16:40";"1";"92";"92048";"2";"1";"1";"6";"TRIVAUX (AVENUE DE) N° 1";"48,80412000";"2,23463000"
"202400050065";"2";"12";"2024";"14:50";"1";"56";"56098";"2";"1";"1";"6";"Rue Général Leclerc";"47,76226000";" -3,35086000"
"202400050066";"16";"02";"2024";"08:00";"1";"93";"93010";"1";"1";"1";"3";"A3";"48,88893243";"2,47376801"
"202400050067";"10";"06";"2024";"10:30";"1";"77";"77449";"2";"2";"1";"3";"Cours du Danube";"48,85392309";"2,77370919"
"202400050068";"13";"07";"2024";"13:55";"1";"971";"97130";"2";"1";"1";"1";"route du sud";"15,85094700";" -61,62347300"
"202400050069";"22";"09";"2024";"19:50";"2";"76";"76212";"2";"2";"2";"3";"Boulevard de la Paix";"49,43610000";"1,14173000"
"202400050070";"6";"07";"2024";"22:07";"5";"65";"65286";"2";"1";"1";"2";"ABADIE (Avenue François)";"43,11097000";" -0,03680000"
"202400050071";"27";"10";"2024";"10:40";"1";"92";"92078";"2";"4";"8";"3";"GRESILLONS (QUAI DES)";"48,92330836";"2,32828394"
"202400050072";"30";"11";"2024";"12:40";"1";"56";"56098";"2";"1";"8";"4";"Sortie parc des expos";"47,77839000";" -3,35191000"
"202400050073";"22";"09";"2024";"16:15";"1";"76";"76026";"2";"1";"1";"1";"VOISIN ANDRE";"49,88150000";"1,10390000"
"202400050074";"17";"08";"2024";"18:40";"1";"64";"64545";"2";"9";"2";"3";"RD810";"43,37388000";" -1,67949000"
"202400050075";"12";"07";"2024";"18:35";"1";"77";"77508";"1";"1";"1";"4";"D231 PK 44+800";"48,82104300";"2,81473200"
"202400050076";"8";"06";"2024";"15:40";"1";"76";"76351";"2";"3";"1";"4";"GEORGES LAFAURIE (RUE)";"49,49933000";"0,10838000"
"202400050077";"22";"09";"2024";"12:00";"1";"66";"66136";"1";"1";"1";"3";"N/A";"42,70933000";"2,96424000"
"202400050078";"2";"12";"2024";"18:30";"3";"54";"54300";"2";"2";"2";"6";"Rue Lucien Galtier";"48,66002000";"6,22525000"
"202400050079";"28";"10";"2024";"12:15";"1";"01";"01004";"2";"3";"1";"3";"Avenue Leon Blum";"45,96100300";"5,34738600"
"202400050080";"17";"08";"2024";"21:50";"5";"64";"64348";"2";"2";"2";"1";"CHARLES DE GAULLE";"43,31365000";" -0,41739000"
"202400050081";"14";"07";"2024";"11:25";"1";"95";"95379";"1";"1";"1";"1";"D983";"49,12354250";"1,78975041"
"202400050082";"8";"06";"2024";"02:40";"5";"76";"76351";"2";"3";"1";"7";"FOCH (AVENUE)";"49,49362000";"0,09783000"
"202400050083";"15";"02";"2024";"09:32";"1";"93";"93053";"1";"1";"1";"5";"A86";"48,90368296";"2,46667840"
"202400050084";"3";"12";"2024";"08:10";"1";"51";"51454";"1";"1";"1";"6";"A34 ";"49,25641000";"4,08529000"
"202400050085";"27";"10";"2024";"06:35";"2";"11";"11203";"1";"1";"1";"6";"rte departementale 6113";"43,20401800";"2,78434800"
"202400050086";"22";"09";"2024";"14:38";"1";"65";"65286";"2";"9";"2";"6";"91 Boulevard de la Grotte";"43,09822000";" -0,05052000"
"202400050087";"9";"06";"2024";"05:50";"2";"72";"72181";"2";"1";"1";"6";"CARENTAN (RUE DE)";"47,98510000";"0,21866000"
"202400050088";"18";"08";"2024";"00:10";"5";"62";"62160";"2";"1";"1";"7";"Rue de Folkestone";"50,72861000";"1,59878000"
"202400050089";"2";"12";"2024";"17:10";"2";"51";"51454";"2";"1";"1";"2";"VOISIN (RUE GABRIEL)";"49,23276000";"4,06723000"
"202400050090";"21";"09";"2024";"17:11";"1";"64";"64545";"2";"1";"1";"3";"RD810";"43,37034000";" -1,68260000"
"202400050091";"10";"06";"2024";"17:10";"1";"71";"71486";"2";"1";"1";"1";"JEAN JAURES (AVENUE)";"46,64460536";"4,35262217"
"202400050092";"27";"10";"2024";"15:05";"1";"22";"22175";"1";"2";"1";"1";"Saint-Aubin";"48,49294700";" -2,40660700"
"202400050093";"15";"02";"2024";"12:15";"1";"987";"98735";"1";"1";"1";"1";"BERNARDINO (RUE)";" -17,53244000";" -149,56656000"
"202400050094";"19";"06";"2024";"15:00";"1";"34";"34057";"1";"1";"1";"5";"M65";"43,64388600";"3,89803300"
"202400050095";"16";"08";"2024";"15:40";"1";"61";"61391";"1";"1";"2";"7";"D962";"48,77344400";" -0,56011800"
"202400050096";"14";"07";"2024";"15:50";"1";"84";"84003";"1";"1";"7";"7";"D900";"43,88500400";"5,36292100"
"202400050097";"10";"06";"2024";"22:30";"5";"69";"69256";"2";"1";"1";"6";"Rue Anatole France";"45,78149000";"4,92213000"
"202400050098";"30";"11";"2024";"22:30";"5";"51";"51454";"2";"2";"1";"1";"MARCHANDEAU (AVENUE PAUL)";"49,24416000";"4,02745000"
"202400050099";"22";"09";"2024";"12:05";"1";"64";"64445";"2";"3";"8";"3";"TRESPOEY DE";"43,29900000";" -0,35521000"
"202400050100";"28";"10";"2024";"08:20";"1";"41";"41259";"1";"2";"5";"3";"D917";"47,77143200";"0,96985200"
"202400050101";"13";"08";"2024";"17:50";"1";"60";"60057";"2";"3";"1";"2";"Rue Corréus";"49,42684000";"2,08916000"
"202400050102";"15";"02";"2024";"16:35";"1";"974";"97416";"2";"1";"1";"3";"CASABONA (CHEMIN)";" -21,33339000";"55,46743000"
"202400050103";"10";"06";"2024";"15:45";"1";"69";"69266";"2";"1";"1";"6";"31 Avenue Antoine de Saint-Exupéry";"45,75891397";"4,87826081"
"202400050104";"14";"07";"2024";"01:50";"5";"06";"06065";"2";"1";"1";"1";"8678 Route de Cagnes";"43,72468400";"7,15343000"
"202400050105";"2";"12";"2024";"18:30";"5";"51";"51230";"2";"1";"2";"3";"MOTTE (BOULEVARD DE LA)";"49,04598000";"3,95767000"
"202400050106";"27";"10";"2024";"21:00";"3";"83";"83031";"1";"1";"1";"6";"Route de la Garde-Freinet (Pont)";"43,36021600";"6,39042700"
"202400050107";"16";"08";"2024";"18:00";"1";"59";"59279";"2";"1";"1";"2";"RONCQ (BOULEVARD)";"50,77244200";"3,12801400"
"202400050108";"2";"12";"2024";"14:40";"1";"49";"49007";"2";"1";"1";"3";"PASTEUR";"47,47213000";" -0,54112000"
"202400050109";"10";"06";"2024";"20:00";"1";"69";"69091";"2";"1";"1";"3";"12 Avenue Danielle Casanova";"45,59388537";"4,76643996"
"202400050110";"14";"07";"2024";"09:05";"1";"13";"13096";"1";"1";"1";"3";"D570 - aire des bruns";"43,58248400";"4,44211600"
"202400050111";"15";"02";"2024";"08:20";"1";"974";"97416";"1";"1";"1";"4";"RN3 (1)";" -21,31434000";"55,49362000"
"202400050112";"22";"09";"2024";"20:02";"5";"63";"63113";"2";"2";"1";"3";"Torpilleur Sircocco /rue des clos";"45,80584000";"3,10681000"
"202400050113";"2";"12";"2024";"06:40";"3";"48";"48095";"1";"1";"5";"6";"RD 42";"44,52860000";"3,43786000"
"202400050114";"17";"08";"2024";"18:25";"1";"59";"59648";"2";"1";"1";"6";"Avenue de l'Europe";"50,58825000";"3,05415000"
"202400050115";"13";"07";"2024";"10:55";"1";"88";"88531";"1";"1";"1";"6";"D417";"48,08448300";"6,90999300"
"202400050116";"28";"10";"2024";"17:41";"2";"30";"30060";"1";"3";"1";"3";"Chemin de Bellecoste (Pont)";"43,79097000";"4,39603300"
"202400050117";"15";"02";"2024";"18:35";"1";"974";"97411";"2";"1";"1";"2";"PAYET (RUE ROGER)";" -20,89253000";"55,49083000"