"Num_Acc";"jour";"mois";"an";"hrmn";"lum";"dep";"com";"agg";"int";"atm";"col";"adr";"lat";"long"
"202400050118";"10";"06";"2024";"12:45";"1";"67";"67482";"2";"8";"1";"1";"NEUHOF (ROUTE)";"48,55702000";"7,76667000"
"202400050119";"3";"11";"2024";"08:30";"1";"47";"47001";"2";"1";"1";"2";"LACOUR (BD EDOUARD)";"44,19590000";"0,62760000"
"202400050120";"22";"09";"2024";"15:15";"1";"63";"63113";"2";"4";"2";"1";"CHAMBRETTES (RUE DES)";"45,76719237";"3,10014278"
"202400050121";"14";"07";"2024";"12:15";"1";"63";"63200";"2";"3";"1";"6";"Rue du 14 Juillet";"45,83939900";"3,21778700"
"202400050122";"28";"10";"2024";"08:07";"2";"30";"30034";"1";"1";"1";"1";"D38";"43,74308600";"4,51289600"
"202400050123";"15";"02";"2024";"09:00";"1";"974";"97409";"1";"1";"1";"3";"PENTE SASSY (chemin de la)";" -20,96374000";"55,65896000"
"202400050124";"10";"06";"2024";"15:25";"1";"64";"64129";"2";"1";"1";"7";"COURREAUX DES";"43,29908673";" -0,40768236"
"202400050125";"16";"08";"2024";"19:00";"1";"59";"59378";"2";"1";"2";"3";"MARNE AVENUE DE LA";"50,69255000";"3,13095000"
"202400050126";"2";"12";"2024";"16:00";"1";"47";"47031";"2";"9";"2";"3";"LAMOTHE MAGNAC (ZI)";"44,17585000";"0,62954000"
"202400050127";"22";"09";"2024";"13:20";"1";"63";"63113";"2";"8";"2";"3";"POCHET LAGAYE (BD PAUL)";"45,76330000";"3,09980000"
"202400050128";"13";"07";"2024";"21:55";"2";"42";"42094";"1";"1";"1";"7";"Chemin de l'Eazillée";"45,73421600";"4,21833200"
"202400050129";"27";"10";"2024";"17:20";"2";"95";"95055";"1";"1";"2";"6";"NOYER A LA DROUADE (CHEMIN DU)";"49,10599900";"2,46658600"
"202400050130";"15";"02";"2024";"20:00";"1";"973";"97309";"2";"1";"1";"3";"TROUBIRAN (CHEMIN DE)";"4,91577000";" -52,31032000"
"202400050131";"3";"12";"2024";"13:50";"1";"45";"45234";"2";"2";"1";"3";"10 Rue Chappon";"47,90622700";"1,90069700"
"202400050132";"10";"06";"2024";"09:30";"1";"64";"64445";"2";"9";"1";"3";"BUROS DE";"43,32724000";" -0,34093000"
"202400050133";"16";"08";"2024";"15:17";"1";"56";"56251";"2";"9";"2";"3";"Rue Saint-Léonard";"47,65109800";" -2,70562810"
"202400050134";"13";"07";"2024";"17:30";"1";"38";"38377";"2";"3";"7";"3";"2010 Avenue du Stade";"45,57774298";"5,50988764"
"202400050135";"14";"02";"2024";"21:40";"5";"973";"97302";"2";"1";"1";"1";"MONTABO (ROUTE DE) 1";"4,94406640";" -52,30883181"
"202400050136";"27";"10";"2024";"08:15";"1";"51";"51191";"2";"2";"1";"3";"grande rue";"49,13306500";"4,78211000"
"202400050137";"22";"09";"2024";"14:40";"1";"59";"59033";"2";"6";"1";"1";"JEAN CATELAS (RUE)";"50,19817000";"3,84782000"
"202400050138";"3";"12";"2024";"12:00";"1";"45";"45234";"2";"1";"1";"6";"10 Rue Greffier";"47,88392000";"1,90673000"
"202400050139";"17";"08";"2024";"16:09";"1";"49";"49015";"2";"1";"1";"6";"MENDES FRANCE AVENUE PIERRE";"47,50624614";" -0,58930546"
"202400050140";"10";"06";"2024";"18:20";"1";"64";"64024";"2";"1";"1";"3";"BAHINOS (ROUTE DE)";"43,49280000";" -1,51771000"
"202400050141";"14";"07";"2024";"01:15";"3";"81";"81099";"1";"1";"1";"6";"Avenue Frédéric Mistral";"43,90774100";"1,88455200"
"202400050142";"15";"02";"2024";"08:10";"1";"972";"97213";"1";"1";"1";"2";"ROUTE NATIONALE 5";"14,59532000";" -60,98600000"
"202400050143";"2";"12";"2024";"17:45";"5";"42";"42183";"2";"1";"8";"6";"Rue de la Libération";"45,40098000";"4,35576000"
"202400050144";"14";"07";"2024";"14:50";"1";"50";"50099";"1";"1";"1";"6";"rn 174";"49,24425500";" -1,13650600"
"202400050145";"16";"08";"2024";"15:08";"1";"34";"34301";"2";"3";"1";"3";"BLANC CAMILLE (BOULEVARD)";"43,40985000";"3,67503000"
"202400050146";"27";"10";"2024";"21:10";"3";"56";"56050";"1";"1";"1";"2";"Bel Air";"47,94552800";" -2,51230700"
"202400050147";"10";"06";"2024";"19:06";"1";"64";"64102";"2";"3";"1";"3";"HENRI DE NAVARRE (AVENUE)";"43,49816000";" -1,44861000"
"202400050148";"3";"12";"2024";"14:50";"1";"38";"38053";"2";"1";"1";"1";"GRENOBLE (ROUTE DE)";"45,58220000";"5,29880000"
"202400050149";"15";"02";"2024";"04:30";"3";"972";"97224";"2";"1";"1";"6";"RELIGIEUSES (ROUTE DES)";"14,66060000";" -61,06268000"
"202400050150";"13";"07";"2024";"12:10";"1";"91";"91161";"1";"1";"1";"6";"AUTOROUTE A6";"48,72103000";"2,31144000"
"202400050151";"27";"10";"2024";"18:00";"2";"59";"59135";"1";"1";"1";"7";"Route de Steenvoorde";"50,80637500";"2,53510600"
"202400050152";"17";"08";"2024";"20:10";"1";"34";"34003";"2";"1";"1";"3";"RIVAGES DE ROCHELONGUE (RESIDENCE LES)";"43,30300000";"3,47741000"
"202400050153";"3";"12";"2024";"14:15";"1";"37";"37233";"2";"2";"2";"3";"LANGEVIN (BOULEVARD PAUL)";"47,39112000";"0,73046000"
"202400050154";"14";"02";"2024";"22:50";"5";"972";"97209";"2";"1";"1";"6";"ISAMBERT (RUE)";"14,60461000";" -61,07180000"
"202400050155";"21";"09";"2024";"05:15";"5";"42";"42218";"2";"3";"1";"3";"Boulevard Antonio Vivaldi";"45,47300000";"4,39600000"
"202400050156";"13";"07";"2024";"04:24";"3";"91";"91468";"1";"1";"1";"2";"AUTOROUTE A6";"48,57330000";"2,46719000"
"202400050157";"27";"10";"2024";"19:35";"3";"81";"81070";"1";"1";"1";"4";"A68";"43,78528500";"1,73858600"
"202400050158";"10";"06";"2024";"09:35";"1";"63";"63113";"2";"2";"1";"3";"Rue Audollent / rue Delarbre";"45,77750461";"3,09339434"
"202400050159";"3";"12";"2024";"09:00";"1";"35";"35238";"1";"1";"1";"2";"ROCADE 9-10";"48,08038583";" -1,67732209"
"202400050160";"17";"08";"2024";"18:35";"1";"30";"30007";"2";"2";"1";"3";"MANDAJORS (RUE)";"44,12213000";"4,08157000"
"202400050161";"22";"09";"2024";"13:55";"1";"37";"37122";"2";"6";"2";"2";"CHINON (BOULEVARD DE)";"47,35054000";"0,67768000"
"202400050162";"13";"07";"2024";"12:00";"1";"92";"92025";"1";"1";"1";"2";"A86";"48,93481465";"2,25869389"
"202400050163";"25";"10";"2024";"15:00";"1";"11";"11357";"1";"1";"1";"7";"route departementale 4";"43,28654700";"2,14478000"
"202400050164";"3";"12";"2024";"12:20";"1";"34";"34172";"2";"2";"1";"7";"GANGES (ROUTE DE";"43,63852000";"3,84726000"
"202400050165";"10";"06";"2024";"06:25";"1";"60";"60463";"2";"9";"7";"1";"Avenue de l’Europe";"49,27562000";"2,48467000"
"202400050166";"12";"08";"2024";"20:30";"1";"27";"27229";"2";"1";"1";"3";"QUATORZE JUILLET (BOULEVARD)";"49,00821300";"1,16546000"
"202400050167";"2";"12";"2024";"12:40";"1";"34";"34003";"2";"6";"1";"3";"TOURS DE SAINT-MARTIN (ROND-POINT DES)";"43,28231000";"3,49809000"
"202400050168";"28";"10";"2024";"07:53";"2";"61";"61140";"1";"2";"5";"3";"D28 / D918";"48,71081500";"0,66621700"
"202400050169";"10";"06";"2024";"07:50";"1";"59";"59560";"2";"1";"2";"3";"Rue Roger Bouvry";"50,54377000";"3,02304000"
"202400050170";"21";"09";"2024";"17:15";"1";"37";"37261";"2";"2";"8";"3";"ARAGO (RUE FRANCOIS)";"47,38699000";"0,67435000"
"202400050171";"12";"07";"2024";"16:45";"1";"78";"78466";"1";"1";"1";"5";"A13";"48,92696500";"1,99390000"
"202400050172";"17";"08";"2024";"18:50";"1";"25";"25539";"2";"1";"1";"6";"VIETTE (RUE)";"47,46099000";"6,85800000"
"202400050173";"3";"12";"2024";"13:25";"1";"33";"33063";"2";"1";"1";"2";"N/A";"44,87410000";" -0,56035000"
"202400050174";"27";"10";"2024";"18:00";"2";"49";"49180";"1";"1";"8";"7";"route de la Chouanière";"47,35857300";" -0,10567900"
"202400050175";"8";"06";"2024";"16:40";"1";"56";"56098";"2";"1";"1";"7";"Rue de Kergaër";"47,76692000";" -3,32191000"
"202400050176";"3";"12";"2024";"08:30";"1";"33";"33075";"2";"1";"2";"6";"N/A";"44,88087000";" -0,61510000"
"202400050177";"13";"07";"2024";"16:00";"1";"95";"95582";"1";"1";"1";"3";"A15";"48,96493562";"2,26117029"
"202400050178";"25";"10";"2024";"09:48";"1";"49";"49345";"1";"1";"1";"7";"Route des Grands Sables";"47,28312300";" -0,55312600"
"202400050179";"22";"09";"2024";"21:22";"5";"36";"36202";"2";"1";"2";"6";"Avenue d'Occitanie";"46,78033000";"1,65266000"
"202400050180";"17";"08";"2024";"09:00";"1";"16";"16067";"2";"1";"3";"1";"N/A";"45,69906600";"0,33991090"
"202400050181";"11";"06";"2024";"01:50";"3";"54";"54323";"2";"1";"1";"3";"Avenue de la République";"49,52317000";"5,77153000"
"202400050182";"3";"12";"2024";"08:20";"1";"33";"33063";"2";"6";"1";"6";"N/A";"44,84143300";" -0,54705500"
"202400050183";"12";"07";"2024";"16:50";"1";"93";"93078";"1";"1";"1";"2";"A104";"48,96556765";"2,55702950"
"202400050184";"21";"09";"2024";"10:30";"1";"35";"35115";"2";"6";"1";"3";"DEVERIA (RUE DES FRERES)";"48,34736042";" -1,18914932"
"202400050185";"9";"06";"2024";"15:45";"1";"51";"51454";"2";"1";"1";"7";"AUMONES (RUE DES)";"49,27885500";"4,02875200"
"202400050186";"27";"10";"2024";"12:30";"1";"34";"34332";"1";"2";"1";"3";"Chemin du Tricot et Tots";"43,30124100";"3,41522000"
"202400050187";"3";"12";"2024";"20:00";"5";"31";"31555";"2";"1";"1";"6";"SEJOURNE (AV PAUL) DU 1AU 16";"43,60537000";"1,42788100"
"202400050188";"12";"07";"2024";"23:45";"3";"93";"93010";"1";"1";"1";"6";"A3";"48,90625339";"2,47214056"
"202400050189";"15";"08";"2024";"18:05";"1";"15";"15012";"2";"1";"1";"2";"Avenue du Général Leclerc";"44,90510000";"2,45239000"
"202400050190";"22";"09";"2024";"23:20";"5";"33";"33063";"2";"4";"1";"1";"N/A";"44,81725000";" -0,54851000"
"202400050191";"3";"12";"2024";"11:45";"1";"31";"31555";"2";"1";"2";"2";"BD PIERRE PAUL RIQUET";"43,60654700";"1,45582710"
"202400050192";"10";"06";"2024";"14:25";"1";"50";"50218";"2";"1";"1";"6";"MARECHAL LECLERC (AV DU)";"48,83790000";" -1,58744700"
"202400050193";"27";"10";"2024";"17:40";"3";"68";"68374";"1";"1";"1";"5";"D417";"48,06679500";"7,24818700"
"202400050194";"3";"05";"2024";"19:40";"1";"95";"95018";"1";"1";"1";"5";"A15";"48,95845019";"2,27428978"
"202400050195";"1";"12";"2024";"17:50";"5";"30";"30007";"2";"9";"1";"6";"BILINA (QUAI)";"44,13440000";"4,07703000"
"202400050196";"26";"10";"2024";"15:10";"1";"39";"39474";"1";"1";"1";"7";"N/A";"46,61472900";"5,47807100"
"202400050197";"22";"09";"2024";"01:40";"5";"33";"33063";"2";"2";"2";"2";"N/A";"44,83509000";" -0,57498000"
"202400050198";"9";"06";"2024";"11:45";"1";"47";"47323";"2";"6";"1";"6";"DESMOULINS (BD CAMILLE)";"44,40301000";"0,70358000"
"202400050199";"12";"07";"2024";"19:30";"4";"988";"98818";"2";"1";"1";"6";"VE1";" -22,24882000";"166,45428000"
"202400050200";"17";"08";"2024";"21:00";"2";"14";"14101";"1";"1";"1";"2";"N814";"49,16406000";" -0,42793000"
"202400050201";"27";"10";"2024";"16:45";"1";"25";"25202";"1";"1";"1";"2";"D471";"46,86720400";"6,17689100"
"202400050202";"12";"07";"2024";"07:35";"1";"974";"97411";"2";"1";"1";"3";"RAMBAUD (LEOPOLD)";" -20,88661000";"55,48699000"
"202400050203";"22";"09";"2024";"06:10";"5";"25";"25056";"2";"1";"1";"2";"BLUM BOULEVARD LEON (entre 51 ET  90)";"47,26095000";"6,03321000"
"202400050204";"10";"06";"2024";"06:35";"1";"42";"42187";"2";"1";"1";"6";"Rue Pierre Semard";"46,03902000";"4,06292000"
"202400050205";"28";"10";"2024";"08:00";"2";"44";"44013";"1";"1";"5";"4";"Roc de Besne";"47,40767300";" -2,09353900"
"202400050206";"11";"07";"2024";"19:40";"5";"974";"97411";"2";"1";"1";"6";"MACE (BOULEVARD GABRIEL)";" -20,87390000";"55,44661000"
"202400050207";"3";"12";"2024";"18:15";"5";"27";"27562";"2";"1";"1";"6";"GREGOIRE (RUE)";"49,09750000";"1,45697000"
"202400050208";"17";"08";"2024";"21:40";"5";"11";"11069";"2";"2";"1";"5";"33 Boulevard Omer Sarraut";"43,21644000";"2,35000000"
"202400050209";"12";"09";"2024";"09:50";"1";"44";"44211";"2";"6";"1";"1";"Boulevard de l'Europe";"47,35096300";" -2,50859500"
"202400050210";"20";"09";"2024";"16:35";"1";"22";"22113";"2";"2";"1";"3";"KER AR FAOUT (CHEMIN DE)";"48,76164000";" -3,47913000"
"202400050211";"12";"07";"2024";"07:40";"1";"974";"97409";"1";"1";"1";"6";"RN2 DIRECTION ST BENT SORTIE PETIT BAZAR";" -20,94375000";"55,64934000"
"202400050212";"3";"12";"2024";"20:30";"3";"26";"26252";"1";"1";"1";"5";"Route de Valence";"44,86922000";"4,89656000"
"202400050213";"7";"06";"2024";"19:40";"1";"40";"40192";"2";"1";"1";"5";"ALINGSÅS (BD D')";"43,89205000";" -0,48185000"
"202400050214";"16";"08";"2024";"08:30";"1";"07";"07008";"1";"1";"1";"2";"D2 ( ROUTE DEPARTEMENTALE )";"44,70725000";"4,64389000"
"202400050215";"21";"09";"2024";"10:00";"1";"18";"18033";"2";"3";"1";"7";"Rue des Goulevents";"47,07198000";"2,37902000"
"202400050216";"12";"07";"2024";"18:05";"1";"973";"97302";"2";"3";"1";"3";"TROUBIRAN (CHEMIN DE)";"4,92688018";" -52,30351549"
"202400050217";"2";"12";"2024";"17:45";"5";"25";"25204";"2";"6";"2";"3";"Besançon  de";"46,92553000";"6,34375000"
"202400050218";"26";"10";"2024";"19:50";"3";"44";"44081";"1";"1";"1";"5";"1 la Nouette ";"46,90744500";" -1,55936100"
"202400050219";"22";"09";"2024";"08:45";"1";"17";"17306";"1";"6";"3";"7";"ESPERANCE (DE L')";"45,64300000";" -1,04800000"
"202400050220";"10";"06";"2024";"09:07";"1";"38";"38563";"2";"3";"1";"3";"Boulevard Franklin Roosevelt";"45,36231000";"5,59456000"
"202400050221";"3";"12";"2024";"03:57";"5";"25";"25056";"2";"1";"1";"6";"BLUM BOULEVARD LEON (entre 51 ET  90)";"47,26223700";"6,03956300"
"202400050222";"22";"09";"2024";"07:55";"2";"16";"16358";"1";"1";"2";"7";"N/A";"45,67363000";"0,14432000"
"202400050223";"12";"07";"2024";"12:20";"1";"973";"97302";"2";"2";"1";"3";"LIBERTE (AVENUE DE LA)";"4,93592000";" -52,32975000"
"202400050224";"17";"08";"2024";"13:48";"1";"06";"06088";"2";"2";"1";"3";"2 Pont René Coty";"43,72290900";"7,29012200"
"202400050225";"1";"06";"2024";"02:09";"5";"38";"38185";"2";"1";"1";"7";"COURS JEAN JAURÈS";"45,18641000";"5,71855000"
"202400050226";"27";"10";"2024";"16:07";"1";"44";"44056";"1";"1";"1";"1";"la courbe";"47,42680600";" -1,79869500"
"202400050227";"3";"12";"2024";"07:47";"3";"22";"22106";"2";"3";"1";"3";"EIFFEL (RUE GUSTAVE)";"48,50039971";" -2,73599043"
"202400050228";"17";"08";"2024";"16:05";"1";"04";"04070";"1";"1";"1";"7";"Avenue du Colonel Noël";"44,07473000";"6,18347000"
"202400050229";"12";"07";"2024";"13:50";"1";"972";"97213";"2";"1";"1";"3";"ROUTE DEPARTEMENTALE 14";"14,62071000";" -61,02031000"
"202400050230";"10";"06";"2024";"08:00";"1";"37";"37261";"2";"2";"7";"6";"MAGINOT (AV. ANDRE)";"47,41739772";"0,69105640"
"202400050231";"20";"09";"2024";"17:50";"1";"13";"13019";"1";"3";"1";"3";"D543";"43,44213000";"5,36124000"
"202400050232";"17";"08";"2024";"18:00";"1";"75";"75117";"2";"3";"3";"6";"BOULEVARD BERTHIER";"48,89010900";"2,30380400"
"202400050233";"27";"10";"2024";"13:50";"1";"29";"29162";"1";"3";"1";"3";"Lieu Dit Croas Diben";"48,20629910";" -3,98272106"
"202400050234";"12";"07";"2024";"19:30";"1";"69";"69149";"2";"3";"1";"3";"Boulevard Emile Zola";"45,71974000";"4,80078000"
"202400050235";"3";"12";"2024";"17:55";"3";"15";"15012";"2";"1";"1";"4";"RN 122";"44,89411000";"2,44027000"
"202400050236";"22";"09";"2024";"15:00";"1";"13";"13207";"2";"3";"1";"3";"Corniche John Fitzgérald Kennedy";"43,28914000";"5,35462000"
"202400050237";"17";"08";"2024";"20:50";"5";"75";"75116";"2";"1";"2";"3";"ALLEE DE LA REINE MARGUERITE";"48,85431065";"2,24203992"
"202400050238";"3";"12";"2024";"13:05";"1";"15";"15014";"2";"1";"1";"7";"Rue Perdiguier";"44,90082000";"2,43585000"
"202400050239";"10";"06";"2024";"19:17";"1";"35";"35238";"2";"3";"7";"1";"BOURGEOIS (BOULEVARD LEON)";"48,09868000";" -1,65425000"
"202400050240";"28";"10";"2024";"19:05";"2";"31";"31561";"2";"1";"2";"6";"1 Rue Damira Titonel";"43,65879600";"1,46818600"
"202400050241";"11";"07";"2024";"23:30";"5";"971";"97113";"1";"9";"1";"2";"GRAND BAIE ( RN4)";"16,21822000";" -61,50752000"
"202400050242";"17";"08";"2024";"22:45";"5";"75";"75115";"2";"1";"3";"3";"QUAI D ISSY LES MOULINEAUX";"48,83661100";"2,26763400"
"202400050243";"22";"09";"2024";"06:04";"5";"13";"13213";"2";"1";"1";"1";"JEAN PAUL SARTRE (AVENUE)";"43,32777000";"5,42724000"
"202400050244";"24";"10";"2024";"07:50";"2";"45";"45186";"1";"1";"5";"7";"6 le Bréau";"48,04619000";"2,51637300"
"202400050245";"3";"12";"2024";"21:05";"5";"13";"13071";"2";"4";"1";"1";"ROUTE NATIONALE 113 - RENARDIERE";"43,41000000";"5,30000000"
"202400050246";"17";"08";"2024";"11:30";"1";"75";"75115";"2";"1";"2";"7";"RUE GEORGE BERNARD SHAW";"48,85202100";"2,29349000"
"202400050247";"27";"10";"2024";"20:20";"3";"21";"21545";"1";"1";"1";"6";"Route de Montliot";"47,87519500";"4,54617300"
"202400050248";"10";"06";"2024";"12:15";"1";"35";"35238";"2";"4";"1";"5";"VILLEBOIS MAREUIL (BD)";"48,10890000";" -1,65426000"
"202400050249";"10";"07";"2024";"06:30";"1";"971";"97113";"1";"1";"1";"3";"SECTION LABROUSSE";"16,22748000";" -61,51364000"
"202400050250";"17";"09";"2024";"12:26";"1";"13";"13210";"2";"2";"1";"2";"RABATAU (BOULEVARD)";"43,27935000";"5,39929000"
"202400050251";"23";"11";"2024";"15:00";"1";"13";"13005";"2";"1";"1";"1";"BONNES NOUVELLES (CH.DES)";"43,29270000";"5,59109000"
"202400050252";"22";"09";"2024";"02:09";"5";"13";"13208";"2";"1";"1";"3";"PRADO (AVENUE DU)";"43,27630000";"5,38882000"
"202400050253";"26";"10";"2024";"02:16";"5";"33";"33441";"2";"1";"1";"6";"N/A";"45,13190300";" -0,64616000"
"202400050254";"2";"12";"2024";"07:35";"2";"11";"11069";"2";"1";"1";"7";"Avenue du Marechal Foch";"43,21718000";"2,35209000"
"202400050255";"16";"08";"2024";"11:40";"1";"75";"75114";"2";"3";"1";"2";"BOULEVARD JOURDAN";"48,82140000";"2,33437000"
"202400050256";"10";"06";"2024";"10:00";"1";"35";"35238";"2";"1";"1";"2";"BOURGEOIS (BOULEVARD LEON)";"48,10018000";" -1,65025000"
"202400050257";"12";"07";"2024";"19:00";"1";"95";"95218";"2";"6";"1";"2";"SALVADOR ALLENDE (RUE)";"49,01672634";"2,09868640"
"202400050258";"27";"10";"2024";"17:45";"3";"69";"69086";"1";"1";"1";"6";"Autoroute 89";"45,85411284";"4,65181259"
"202400050259";"9";"06";"2024";"02:16";"4";"31";"31555";"2";"9";"1";"6";"AV DES ETATS UNIS";"43,65441943";"1,42293066"
"202400050260";"2";"12";"2024";"15:00";"1";"10";"10343";"2";"3";"1";"3";"MOULIN LE ROI (RUE)";"48,28071000";"4,09682000"
"202400050261";"1";"07";"2024";"19:00";"1";"91";"91161";"2";"1";"1";"1";"RTE DE LONGJUMEAU";"48,71317000";"2,29802000"
"202400050262";"17";"08";"2024";"17:25";"1";"75";"75110";"2";"3";"3";"3";"RUE LA FAYETTE";"48,87795000";"2,35158400"
"202400050263";"22";"09";"2024";"20:20";"2";"06";"06088";"2";"3";"2";"3";"Corniche André de Joly";"43,70585000";"7,30114000"
"202400050264";"2";"12";"2024";"16:55";"1";"06";"06029";"2";"1";"1";"6";"106 Avenue Maréchal Juin";"43,54717000";"7,04578000"
"202400050265";"27";"10";"2024";"14:05";"1";"45";"45154";"1";"1";"8";"2";"A10 PR 89 + 770";"47,98011100";"1,85920300"
"202400050266";"10";"06";"2024";"19:30";"1";"30";"30028";"2";"1";"1";"3";"PONT SAINT ESPRIT (ROUTE DE)";"44,17480000";"4,62001000"
"202400050267";"9";"07";"2024";"17:30";"1";"84";"84087";"2";"2";"1";"3";"TASSIGNY (AVENUE DE LATTRE DE)";"44,15230000";"4,80290000"
"202400050268";"22";"09";"2024";"18:00";"1";"06";"06088";"2";"3";"1";"3";"Boulevard de Cimiez";"43,71507000";"7,27206000"
"202400050269";"3";"12";"2024";"08:05";"2";"03";"03185";"2";"2";"1";"6";"KENNEDY ( AVENUE JOHN )";"46,32809000";"2,60873000"
"202400050270";"17";"08";"2024";"18:50";"1";"94";"94081";"2";"3";"3";"3";"Quai Jules Guesde";"48,79481900";"2,41861200"
"202400050271";"12";"07";"2024";"09:59";"1";"84";"84007";"2";"1";"1";"3";"SAINT MICHEL (Boulevard)";"43,94300000";"4,81200000"
"202400050272";"25";"10";"2024";"11:00";"1";"13";"13051";"1";"1";"1";"4";"Autoroute A7, pk 244+360, sens sud/nord";"43,57367190";"5,21358944"
"202400050273";"3";"12";"2024";"14:39";"1";"01";"01053";"2";"1";"1";"6";"AV D AYLESBURY";"46,22113000";"5,24413000"
"202400050274";"17";"08";"2024";"12:00";"1";"94";"94042";"2";"1";"2";"6";"Avenue des Familles";"48,81840400";"2,47907400"
"202400050275";"21";"09";"2024";"10:11";"1";"05";"05023";"2";"9";"8";"3";"FANTON (CHEMIN)";"44,90392000";"6,63028000"
"202400050276";"3";"12";"2024";"18:45";"5";"75";"75112";"2";"1";"1";"2";"BD PERIPHERIQUE INTERIEUR";"48,83455700";"2,41047100"
"202400050277";"11";"07";"2024";"11:20";"1";"84";"84007";"2";"9";"1";"3";"PIERRE SEMARD (avenue)";"43,93563200";"4,82917200"
"202400050278";"17";"08";"2024";"19:15";"1";"94";"94046";"2";"1";"3";"4";"Avenue du Général Leclerc";"48,80444000";"2,44355000"
"202400050279";"21";"09";"2024";"13:30";"1";"75";"75117";"2";"4";"1";"3";"BD PERIPHERIQUE INTERIEUR";"48,88167660";"2,28282273"
"202400050280";"27";"10";"2024";"20:00";"5";"971";"97117";"2";"1";"1";"6";"58 Rue Victor Hugo";"16,33176400";" -61,34545700"
"202400050281";"20";"09";"2024";"02:38";"5";"75";"75113";"2";"1";"8";"7";"BD PERIPHERIQUE EXTERIEUR";"48,82081134";"2,37724793"
"202400050282";"12";"07";"2024";"22:00";"5";"83";"83129";"2";"6";"1";"3";"MER (AVENUE DE LA) N° PAIRS";"43,10131000";"5,82302000"
"202400050283";"16";"08";"2024";"22:15";"5";"93";"93032";"2";"1";"1";"3";"Rue du 19 Mars 1962";"48,89381000";"2,54192000"
"202400050284";"3";"12";"2024";"13:58";"1";"75";"75119";"2";"2";"2";"3";"AVENUE JEAN JAURES";"48,88779900";"2,38928700"
"202400050285";"15";"10";"2024";"20:10";"5";"84";"84065";"1";"1";"1";"6";"Route départementale 973";"43,74659200";"5,30461500"
"202400050286";"17";"08";"2024";"15:30";"1";"93";"93029";"2";"1";"2";"6";"Avenue Marceau";"48,92809517";"2,43676844"
"202400050287";"21";"09";"2024";"23:20";"5";"75";"75105";"2";"4";"1";"3";"RUE GAY LUSSAC";"48,84122600";"2,34363300"
"202400050288";"2";"12";"2024";"23:10";"5";"75";"75120";"2";"7";"8";"6";"Avenue de la Porte des Lilas";"48,87760400";"2,40845700"
"202400050289";"12";"07";"2024";"19:17";"1";"80";"80724";"2";"9";"8";"1";"ERNEST CAUVIN (RUE)";"49,86000000";"2,24000000"
"202400050290";"18";"08";"2024";"06:55";"1";"974";"97415";"1";"1";"1";"1";"N1a";" -21,01735400";"55,25393500"
"202400050291";"26";"10";"2024";"10:50";"1";"71";"71176";"2";"9";"1";"4";"Avenue de l'Europe";"46,47284700";"4,00272500"
"202400050292";"22";"09";"2024";"14:47";"1";"75";"75119";"2";"3";"2";"3";"AVENUE JEAN JAURES";"48,88780100";"2,38926700"
"202400050293";"3";"12";"2024";"17:05";"5";"75";"75106";"2";"3";"2";"6";"RUE DE VAUGIRARD";"48,84625700";"2,32419300"
"202400050294";"18";"10";"2024";"18:40";"2";"68";"68132";"1";"1";"1";"1";"RD16.1";"47,60111400";"7,39719500"
"202400050295";"17";"08";"2024";"19:15";"1";"35";"35126";"2";"3";"1";"1";"Rue Louis Ampère";"47,97106300";" -1,79396900"
"202400050296";"11";"07";"2024";"17:20";"1";"80";"80379";"2";"1";"1";"7";"Rue des Indes Noires";"49,86623000";"2,37348000"
"202400050297";"22";"09";"2024";"04:50";"5";"75";"75110";"2";"2";"2";"3";"RUE DU FAUBOURG SAINT MARTIN";"48,88385000";"2,36862000"
"202400050298";"27";"10";"2024";"17:00";"1";"03";"03113";"1";"1";"1";"7";"D122";"46,01035400";"3,63714000"
"202400050299";"11";"07";"2024";"16:05";"1";"80";"80021";"2";"1";"1";"6";"Rue René Boileau";"49,87710000";"2,33173000"
"202400050300";"3";"12";"2024";"16:45";"1";"75";"75116";"2";"1";"1";"2";"ROUTE DE LA PTE DAUPHINE A LA PTE DES SA";"48,87652400";"2,27519800"
"202400050301";"22";"09";"2024";"17:05";"1";"75";"75117";"2";"2";"1";"3";"RUE CARDINET";"48,88663264";"2,31309611"
"202400050302";"28";"10";"2024";"13:25";"1";"42";"42122";"1";"1";"1";"5";"Route de Saint-Anthème";"45,57515000";"4,04903100"
"202400050303";"3";"12";"2024";"13:17";"1";"75";"75116";"2";"1";"1";"2";"BD PERIPHERIQUE INTERIEUR";"48,86016400";"2,26355400"