"Num_Acc";"jour";"mois";"an";"hrmn";"lum";"dep";"com";"agg";"int";"atm";"col";"adr";"lat";"long"
"202400050885";"10";"06";"2024";"09:00";"1";"75";"75102";"2";"3";"1";"6";"BOULEVARD DE SEBASTOPOL";"48,86761075";"2,35330582"
"202400050886";"17";"08";"2024";"18:00";"1";"94";"94043";"1";"1";"3";"6";"A6B";"48,81528168";"2,35618039"
"202400050887";"4";"05";"2024";"13:54";"1";"01";"01033";"1";"1";"1";"6";"D1084";"46,15991800";"5,78120100"
"202400050888";"15";"02";"2024";"08:10";"1";"27";"27562";"2";"3";"1";"2";"ROUEN (ROUTE DE )";"49,10409900";"1,46246300"
"202400050889";"27";"03";"2024";"23:00";"3";"56";"56053";"1";"1";"3";"6";"Le Quélénnec";"47,69471100";" -2,58216300"
"202400050890";"21";"09";"2024";"16:55";"1";"35";"35012";"2";"4";"8";"3";"rue hippolyte fillioux";"47,83609400";" -1,68426100"
"202400050891";"9";"06";"2024";"21:00";"1";"94";"94068";"2";"1";"1";"6";"8 bis Quai Beaubourg";"48,81416199";"2,47663973"
"202400050892";"3";"01";"2024";"22:36";"5";"69";"69382";"2";"2";"1";"3";"Rue de la République";"45,76216000";"4,83572000"
"202400050893";"4";"05";"2024";"16:05";"1";"44";"44195";"1";"1";"2";"7";"N/A";"47,37706600";" -1,95018100"
"202400050894";"29";"03";"2024";"06:37";"2";"56";"56120";"1";"1";"2";"6";"8 Route de Saint-jean-brévelay";"47,76189500";" -2,73764000"
"202400050895";"10";"07";"2024";"18:10";"1";"75";"75112";"2";"2";"1";"3";"AVENUE DAUMESNIL";"48,83668000";"2,40349900"
"202400050896";"16";"02";"2024";"00:45";"5";"26";"26362";"2";"2";"1";"3";"Rue Jean Jaures";"44,92641000";"4,90551000"
"202400050897";"5";"05";"2024";"03:40";"3";"58";"58088";"1";"1";"2";"7";"A77";"47,01590200";"3,19908900"
"202400050898";"6";"06";"2024";"17:45";"1";"94";"94058";"2";"1";"1";"3";"Quai de l'Argonne";"48,84627200";"2,51075200"
"202400050899";"3";"12";"2024";"18:00";"5";"41";"41136";"2";"1";"9";"6";"Route d?Orléans";"47,69978400";"1,50814600"
"202400050900";"26";"10";"2024";"19:10";"4";"75";"75114";"2";"1";"1";"2";"BD PERIPHERIQUE INTERIEUR";"48,81663900";"2,34166800"
"202400050901";"23";"09";"2024";"08:00";"1";"60";"60143";"2";"1";"2";"3";"Rue Paul Journee";"49,27445000";"1,87809400"
"202400050902";"29";"03";"2024";"12:30";"1";"81";"81146";"1";"1";"1";"2";"Chemin d?Arquières";"44,05073800";"1,99202300"
"202400050903";"2";"01";"2024";"18:10";"5";"69";"69081";"2";"1";"1";"6";"Chemin Jean-Marie Vianney";"45,78878000";"4,78080000"
"202400050904";"17";"08";"2024";"17:45";"1";"92";"92002";"1";"1";"3";"2";"AUTOROUTE A10";"48,72950450";"2,30690950"
"202400050905";"12";"07";"2024";"20:45";"1";"75";"75106";"2";"5";"1";"3";"BOULEVARD DU MONTPARNASSE";"48,84510500";"2,32013600"
"202400050906";"15";"02";"2024";"18:55";"1";"26";"26198";"2";"1";"1";"1";"Avenue du 14 Juillet 1789";"44,55437000";"4,74371000"
"202400050907";"23";"09";"2024";"06:30";"3";"80";"80053";"1";"1";"2";"6";"Rue de Champien";"49,70824700";"2,86490500"
"202400050908";"1";"12";"2024";"20:25";"5";"95";"95012";"1";"1";"1";"7";"D37";"49,10599259";"1,64154640"
"202400050909";"10";"06";"2024";"18:00";"1";"94";"94046";"2";"1";"1";"3";"37 Rue Maurice Lissac";"48,79969994";"2,43085551"
"202400050910";"4";"05";"2024";"19:05";"1";"30";"30226";"1";"1";"1";"1";"Chemin de la Voie Romaine";"44,23684200";"4,62398900"
"202400050911";"2";"01";"2024";"22:45";"5";"971";"97113";"2";"9";"1";"7";"RN4 - SECTION RIVIERA";"16,21766000";" -61,49247000"
"202400050912";"26";"10";"2024";"09:55";"1";"75";"75118";"2";"3";"8";"6";"RUE ORDENER";"48,89029500";"2,35832300"
"202400050913";"28";"03";"2024";"17:35";"1";"34";"34013";"1";"1";"1";"3";"D609";"43,57997200";"3,46212600"
"202400050914";"10";"07";"2024";"17:15";"1";"75";"75104";"2";"2";"1";"6";"PONT PETIT PONT";"48,85347300";"2,34705800"
"202400050915";"12";"02";"2024";"19:10";"5";"19";"19031";"2";"1";"1";"3";"KENNEDY (AVENUE JOHN)";"45,16768243";"1,55178040"
"202400050916";"3";"12";"2024";"16:00";"1";"66";"66002";"1";"1";"1";"3";"N/A";"42,64765711";"2,98411310"
"202400050917";"22";"09";"2024";"05:20";"3";"80";"80670";"1";"1";"1";"6";"D1029";"49,84602900";"2,14466200"
"202400050918";"3";"01";"2024";"13:10";"1";"91";"91549";"2";"1";"2";"6";"HUREPOIX (AVENUE DU)";"48,62026500";"2,34986900"
"202400050919";"17";"08";"2024";"19:15";"1";"95";"95212";"1";"1";"2";"6";"N104";"49,02841146";"2,52586426"
"202400050920";"9";"06";"2024";"18:30";"1";"94";"94028";"2";"9";"1";"6";"Rue de Falkirk / Square des Griffons";"48,77160000";"2,45984000"
"202400050921";"28";"03";"2024";"22:20";"5";"34";"34284";"2";"4";"1";"7";"pk 32 D907";"43,48973900";"2,75686600"
"202400050922";"26";"10";"2024";"22:15";"5";"75";"75117";"2";"2";"1";"3";"BOULEVARD MALESHERBES";"48,88190400";"2,31132300"
"202400050923";"10";"07";"2024";"01:45";"5";"75";"75105";"2";"2";"2";"6";"RUE CLAUDE BERNARD";"48,84030100";"2,34600300"
"202400050924";"23";"09";"2024";"18:10";"1";"59";"59249";"2";"1";"1";"2";"Rue des Eliets";"50,01391000";"4,04055500"
"202400050925";"1";"08";"2024";"20:38";"1";"95";"95572";"1";"1";"1";"6";"N184";"49,03320252";"2,10964108"
"202400050926";"3";"01";"2024";"14:00";"1";"91";"91064";"2";"1";"2";"2";"PARIS (RUE DE)";"48,76164000";"2,22306000"
"202400050927";"15";"02";"2024";"09:58";"1";"17";"17300";"2";"1";"1";"3";"CHEF DE BAIE   RUE";"46,15388800";" -1,19740100"
"202400050928";"9";"06";"2024";"16:25";"1";"94";"94028";"2";"6";"1";"3";"Car de Pompadour / Avenue de la Pompadour";"48,77410000";"2,43965000"
"202400050929";"3";"12";"2024";"15:30";"1";"57";"57032";"1";"1";"2";"2";"D11";"49,09656200";"6,03462700"
"202400050930";"29";"03";"2024";"16:40";"1";"34";"34028";"2";"1";"1";"1";"Chemin de Boussagues";"43,62550200";"3,15265200"
"202400050931";"12";"07";"2024";"11:15";"1";"75";"75119";"2";"3";"2";"7";"QUAI DE LA SEINE";"48,88883150";"2,37888068"
"202400050932";"17";"08";"2024";"17:00";"1";"92";"92036";"1";"1";"2";"6";"AUTOROUTE A15";"48,94651571";"2,28277090"
"202400050933";"3";"05";"2024";"10:30";"1";100;100009";"1";"1";"1";"3";"RT50 - Lieu-dit BUGGIONE";"42,14290600";"9,45446500"
"202400050934";"25";"10";"2024";"17:40";"1";"75";"75116";"2";"3";"1";"1";"AVENUE FOCH";"48,87255200";"2,27865100"
"202400050935";"3";"01";"2024";"18:30";"5";"91";"91687";"2";"1";"2";"6";"MARMONT (AVENUE)";"48,66386000";"2,37524000"
"202400050936";"22";"09";"2024";"03:40";"3";"59";"59563";"1";"3";"1";"3";"Route Nationale";"50,15465200";"3,95478800"
"202400050937";"10";"06";"2024";"08:20";"1";"93";"93073";"2";"2";"1";"6";"Rue de Flandre / Rue du Docteur Georges Assant";"48,94171024";"2,57239165"
"202400050938";"15";"08";"2024";"15:15";"1";"987";"98735";"1";"9";"1";"1";"PIERRE LOTI (ALLEEQTIER PORCELANO-PETERL";" -17,55148000";" -149,55155000"
"202400050939";"10";"02";"2024";"18:10";"2";"14";"14366";"2";"3";"1";"2";"2 Rue Docteur Paul Ouvry";"49,14274000";"0,23088000"
"202400050940";"2";"12";"2024";"17:25";"5";"69";"69052";"2";"2";"2";"6";"20 Route de Lozanne";"45,87507165";"4,70998244"
"202400050941";"12";"07";"2024";"12:45";"1";"75";"75117";"2";"2";"8";"6";"BOULEVARD GOUVION SAINT CYR";"48,88305416";"2,28749111"
"202400050942";"4";"05";"2024";"04:00";"3";"69";"69199";"1";"1";"1";"6";"Autoroute 7";"45,69280000";"4,84361900"
"202400050943";"28";"03";"2024";"21:15";"5";"29";"29217";"2";"2";"2";"1";"Rue Emile Bernard";"47,85550336";" -3,74829559"
"202400050944";"3";"01";"2024";"11:20";"1";"91";"91326";"2";"9";"2";"2";"COUR DE FRANCE (AVENUE DE LA)";"48,68454000";"2,37524000"
"202400050945";"4";"12";"2024";"16:40";"1";"69";"69094";"2";"1";"1";"6";"Route de Marcy";"45,75562121";"4,69875722"
"202400050946";"15";"02";"2024";"20:12";"5";"13";"13216";"2";"1";"1";"1";"FENOUIL (BOULEVARD)";"43,35796000";"5,32034000"
"202400050947";"22";"09";"2024";"07:30";"2";"69";"69163";"1";"1";"2";"1";"Autoroute 46";"45,92645111";"4,75607657"
"202400050948";"10";"06";"2024";"19:10";"1";"93";"93066";"2";"1";"1";"6";"Avenue du Stade de France";"48,92034700";"2,36166400"
"202400050949";"26";"10";"2024";"18:20";"1";"75";"75112";"2";"1";"1";"6";"BOULEVARD PONIATOWSKI";"48,83226000";"2,39870700"
"202400050950";"4";"05";"2024";"01:20";"3";"56";"56026";"1";"1";"1";"1";"Kerfaven";"47,95860900";" -3,18513700"
"202400050951";"12";"07";"2024";"18:00";"1";"75";"75115";"2";"2";"1";"6";"RUE DU DOCTEUR ROUX";"48,84207600";"2,31298500"
"202400050952";"28";"03";"2024";"11:00";"1";"29";"29026";"2";"1";"2";"2";"56 Rue Graveran";"48,19584600";" -4,10067800"
"202400050953";"16";"08";"2024";"18:25";"5";"976";"97611";"2";"1";"1";"3";"mgombani-Mahabou (rond point)";" -12,78186000";"45,23494000"
"202400050954";"14";"02";"2024";"14:15";"1";"13";"13047";"2";"1";"1";"1";"RADOLFZELL AVENUE DE";"43,49866000";"4,97987000"
"202400050955";"4";"12";"2024";"13:45";"1";"31";"31291";"1";"1";"1";"6";"Route de la Salvetat";"43,56572610";"1,21890600"
"202400050956";"9";"06";"2024";"23:15";"5";"93";"93066";"2";"1";"1";"1";"Rue Ambroise Croizat";"48,93207200";"2,34911800"
"202400050957";"3";"01";"2024";"10:30";"1";"84";"84007";"2";"3";"1";"3";"C.De GAULLE (Rocade)";"43,92871000";"4,81060000"
"202400050958";"22";"09";"2024";"09:50";"1";"92";"92072";"1";"1";"2";"6";"N118";"48,82749690";"2,22457286"
"202400050959";"3";"05";"2024";"21:35";"3";"79";"79103";"2";"1";"1";"3";"N/A";"46,77299800";" -0,55244700"
"202400050960";"14";"02";"2024";"19:15";"2";"13";"13005";"2";"1";"1";"3";"CAMP DE SARLIER ROUTE DE GEMENOS";"43,29702000";"5,58543000"
"202400050961";"26";"10";"2024";"22:30";"5";"75";"75111";"2";"3";"1";"3";"BOULEVARD VOLTAIRE";"48,85758600";"2,38037800"
"202400050962";"12";"07";"2024";"19:14";"1";"75";"75112";"2";"1";"1";"3";"RUE DE BERCY";"48,84382400";"2,37326000"
"202400050963";"16";"08";"2024";"21:00";"5";"974";"97407";"1";"1";"1";"3";"ROUTE DU SACRE COEUR";" -20,95544000";"55,31094000"
"202400050964";"28";"03";"2024";"16:30";"1";"26";"26345";"2";"6";"1";"4";"D117";"44,28554300";"4,83596900"
"202400050965";"4";"12";"2024";"16:40";"5";"80";"80721";"2";"3";"2";"1";"Rue du Chantier";"50,17973600";"1,64381100"
"202400050966";"3";"01";"2024";"11:00";"1";"83";"83062";"2";"1";"1";"1";"SAVELS (AVENUE DES)";"43,11710000";"5,99875000"
"202400050967";"9";"06";"2024";"19:30";"1";"93";"93010";"2";"2";"1";"3";"Avenue Henri Varagnat / Rue Andrei Sakharov";"48,91759000";"2,48513900"
"202400050968";"20";"09";"2024";"08:30";"1";"94";"94015";"1";"1";"1";"2";"A4";"48,83022312";"2,52930326"
"202400050969";"15";"02";"2024";"08:10";"1";"06";"06088";"2";"1";"1";"3";"MATISSE (AV. HENRI)";"43,67493000";"7,21107000"
"202400050970";"4";"05";"2024";"19:00";"1";"63";"63170";"1";"2";"2";"1";"RD941/RD581-Ballot";"45,83738100";"2,73001700"
"202400050971";"26";"10";"2024";"14:40";"1";"75";"75110";"2";"2";"1";"3";"BOULEVARD DE MAGENTA";"48,87480400";"2,35723300"
"202400050972";"17";"08";"2024";"01:00";"5";"69";"69388";"2";"3";"1";"7";"Avenue Jean Mermoz";"45,73307455";"4,87950997"
"202400050973";"11";"07";"2024";"17:50";"1";"75";"75111";"2";"7";"1";"3";"AVENUE PHILIPPE AUGUSTE";"48,84938000";"2,39532400"
"202400050974";"26";"10";"2024";"05:50";"3";"59";"59584";"1";"1";"1";"7";"Route de Mons";"50,33152200";"3,86976200"
"202400050975";"14";"02";"2024";"16:30";"1";"06";"06004";"2";"1";"1";"6";"Boulevard Guillaume Apollinaire";"43,59754000";"7,06846000"
"202400050976";"28";"03";"2024";"17:40";"1";"72";"72266";"1";"1";"2";"1";"Lieu Dit la Blanchisserie";"48,27448000";"0,02903000"
"202400050977";"5";"05";"2024";"19:50";"1";"38";"38439";"2";"1";"1";"7";"365 route de la ronzière";"45,36395900";"6,04318900"
"202400050978";"3";"01";"2024";"10:28";"1";"83";"83137";"2";"9";"1";"3";"BRIAND (AVE ARISTIDE DE 1 A 1219";"43,12746000";"5,90522000"
"202400050979";"10";"06";"2024";"10:10";"1";"93";"93001";"2";"3";"1";"1";"Avenue de la République / Rue des Postes";"48,90511698";"2,39050645"
"202400050980";"26";"10";"2024";"01:30";"5";"75";"75107";"2";"3";"2";"3";"QUAI ANATOLE FRANCE";"48,86256800";"2,31900900"
"202400050981";"11";"07";"2024";"08:30";"1";"75";"75111";"2";"1";"1";"3";"BOULEVARD DE CHARONNE";"48,85284200";"2,39706000"
"202400050982";"29";"03";"2024";"08:40";"1";"50";"50484";"2";"1";"1";"6";"Rue de Paris";"48,57441000";" -1,08141800"
"202400050983";"3";"05";"2024";"16:56";"1";"84";"84123";"1";"1";"1";"2";"route du ventoux";"44,10965900";"5,39904000"
"202400050984";"15";"02";"2024";"20:30";"5";"01";"01283";"2";"6";"1";"3";"DORTAN (ROUTE DE)";"46,26744000";"5,65987000"
"202400050985";"2";"01";"2024";"10:55";"1";"77";"77445";"2";"1";"2";"6";"EUROPE (AVENUE DE L')";"48,59537216";"2,57941467"
"202400050986";"25";"03";"2024";"08:45";"1";"46";"46055";"1";"4";"1";"2";"N/A";"44,57852500";"2,06764800"
"202400050987";"2";"12";"2024";"19:06";"3";"13";"13213";"1";"1";"1";"3";"A507 sens Marseille - Aubagne";"43,32598000";"5,42119000"
"202400050988";"16";"08";"2024";"23:40";"5";"69";"69388";"2";"2";"1";"3";"Boulevard des Etats-Unis";"45,72940000";"4,86739000"
"202400050989";"10";"06";"2024";"11:05";"1";"92";"92078";"2";"1";"8";"6";"VERDUN (AVENUE) (N° PAIRS 40 A 90)";"48,93511000";"2,32731000"
"202400050990";"26";"10";"2024";"04:10";"5";"75";"75101";"2";"2";"2";"7";"RUE DE RIVOLI";"48,85963300";"2,34482000"
"202400050991";"5";"05";"2024";"09:30";"1";"85";"85153";"1";"1";"2";"7";"D137";"46,78053200";" -1,11703300"
"202400050992";"3";"12";"2024";"11:50";"1";"13";"13088";"1";"1";"1";"7";"A55-Sens Marseille vers Martigues";"43,39128628";"5,26621209"
"202400050993";"12";"07";"2024";"09:30";"1";"75";"75109";"2";"1";"2";"6";"RUE DU FAUBOURG MONTMARTRE";"48,87347200";"2,34293400"
"202400050994";"2";"01";"2024";"09:08";"1";"77";"77445";"1";"1";"1";"6";"HAIE (AVENUE DE LA)";"48,58635000";"2,59392000"
"202400050995";"15";"02";"2024";"09:35";"1";"75";"75113";"2";"1";"1";"3";"BD PERIPHERIQUE EXTERIEUR";"48,81735800";"2,34946600"
"202400050996";"9";"06";"2024";"18:50";"1";"92";"92078";"2";"1";"1";"6";"PROMENADE (VOIE) (90 A 114)";"48,93387911";"2,32907689"
"202400050997";"28";"03";"2024";"17:45";"1";"60";"60509";"2";"2";"1";"3";"Rue Georges Decroze";"49,30046700";"2,60448900"
"202400050998";"5";"05";"2024";"12:00";"1";"58";"58293";"1";"1";"1";"7";"Bois Duret";"46,74551400";"3,43599600"
"202400050999";"29";"05";"2024";"17:50";"1";"62";"62643";"2";"3";"7";"3";"Rue des Tilleuls";"50,69966431";"1,58823574"
"202400051000";"25";"10";"2024";"15:21";"1";"75";"75101";"2";"3";"8";"6";"QUAI FRANCOIS MITTERRAND";"48,86074900";"2,33040500"
"202400051001";"3";"01";"2024";"13:34";"1";"77";"77449";"2";"1";"2";"6";"AV PAUL SERAMY";"48,85800683";"2,79523473"
"202400051002";"16";"08";"2024";"21:20";"5";"69";"69149";"2";"2";"1";"3";"Rue Parmentier";"45,71599000";"4,81132000"
"202400051003";"10";"06";"2024";"18:05";"1";"92";"92062";"2";"1";"1";"6";"EICHENBERGER (RUE)";"48,88085000";"2,23679000"
"202400051004";"14";"02";"2024";"13:10";"1";"75";"75119";"2";"1";"1";"3";"BD PERIPHERIQUE EXTERIEUR";"48,90047900";"2,37528000"
"202400051005";"12";"07";"2024";"01:35";"5";"75";"75109";"2";"2";"3";"6";"RUE DE CHATEAUDUN";"48,87584963";"2,34036952"
"202400051006";"5";"05";"2024";"05:40";"2";"06";"06111";"1";"1";"1";"6";"M2205 PR 32 + 63";"44,14692400";"7,09673900"
"202400051007";"3";"12";"2024";"16:50";"1";"83";"83137";"1";"1";"1";"4";"A57";"43,12209671";"5,95587659"
"202400051008";"28";"03";"2024";"20:30";"3";"43";"43267";"1";"1";"1";"6";"D103";"45,19675100";"3,91484500"
"202400051009";"3";"01";"2024";"06:45";"3";"76";"76351";"2";"1";"1";"6";"CHANTIERS (DES)";"49,47900000";"0,15998000"
"202400051010";"14";"02";"2024";"10:45";"1";"75";"75118";"2";"1";"2";"6";"BD PERIPHERIQUE EXTERIEUR";"48,90086000";"2,36571200"
"202400051011";"9";"05";"2024";"06:20";"2";"62";"62040";"2";"1";"5";"1";"D221";"50,73106000";"2,28120000"
"202400051012";"29";"03";"2024";"15:30";"1";"16";"16329";"1";"1";"3";"6";"La lande claire";"45,91890100";"0,51127200"
"202400051013";"26";"10";"2024";"17:10";"1";"94";"94058";"2";"9";"1";"1";"Quai de l'Artois";"48,83245400";"2,49670900"
"202400051014";"4";"05";"2024";"18:45";"2";"06";"06072";"1";"1";"1";"7";"M59 PKR 11 +950";"44,02749200";"7,08933600"
"202400051015";"2";"12";"2024";"13:05";"1";"83";"83137";"2";"1";"1";"2";"A50";"43,12657383";"5,88904910"
"202400051016";"12";"07";"2024";"00:35";"5";"75";"75108";"2";"5";"3";"7";"AVENUE DE MESSINE";"48,87530400";"2,31571200"
"202400051017";"10";"06";"2024";"12:30";"1";"92";"92062";"2";"4";"1";"2";"DE DION BOUTON (QUAI) DU 29 AU 65";"48,88053713";"2,24511623"
"202400051018";"2";"01";"2024";"15:30";"1";"72";"72181";"2";"9";"2";"3";"DURAND GEORGES (AV) N° IMP 313 ET plus";"47,96000000";"0,22100000"
"202400051019";"14";"02";"2024";"07:20";"5";"75";"75120";"2";"1";"1";"5";"BD PERIPHERIQUE INTERIEUR";"48,85271300";"2,41446400"
"202400051020";"4";"05";"2024";"23:00";"3";"18";"18229";"1";"1";"3";"7";"N/A";"47,25259700";"2,40572700"
"202400051021";"15";"08";"2024";"19:56";"5";"971";"97101";"1";"1";"1";"5";"ROUTE DE BOISVINS";"16,25740000";" -61,46011000"
"202400051022";"11";"07";"2024";"22:00";"5";"75";"75101";"2";"2";"1";"6";"RUE DE RIVOLI";"48,85851000";"2,34821800"
"202400051023";"24";"05";"2024";"09:00";"1";"18";"18033";"2";"3";"1";"3";"45 Rue Jean Baffier";"47,07679600";"2,40395900"
"202400051024";"3";"12";"2024";"08:10";"1";"67";"67131";"1";"1";"1";"2";"R.N. 353";"48,49298000";"7,76200000"
"202400051025";"26";"10";"2024";"19:00";"5";"94";"94068";"2";"2";"1";"6";"LEROUX (R)";"48,80599000";"2,47285000"
"202400051026";"29";"03";"2024";"09:45";"1";"07";"07134";"1";"1";"8";"3";"Quartier Prends Toi Garde";"44,50215700";"4,29559500"
"202400051027";"10";"06";"2024";"06:20";"2";"92";"92051";"2";"1";"1";"7";"CHARLES DE GAULLE (AVENUE,N°118 A 192 +";"48,88545495";"2,25908777"
"202400051028";"5";"05";"2024";"15:20";"1";"07";"07265";"1";"1";"1";"7";"D306";"45,29440700";"4,64395500"
"202400051029";"3";"01";"2024";"17:40";"2";"69";"69282";"2";"2";"1";"1";"Avenue de Grenoble";"45,76199000";"5,00659000"
"202400051030";"11";"09";"2024";"09:00";"1";"44";"44020";"2";"6";"1";"7";"Rond-Point de Pornic";"47,18678500";" -1,59771323"
"202400051031";"26";"10";"2024";"17:15";"1";"94";"94041";"2";"9";"1";"3";"170 Boulevard de Stalingrad";"48,80580000";"2,37615000"
"202400051032";"14";"02";"2024";"19:10";"5";"75";"75109";"2";"3";"1";"6";"RUE DE LA TOUR DES DAMES";"48,87773600";"2,33429500"
"202400051033";"10";"06";"2024";"09:00";"1";"92";"92048";"2";"9";"1";"3";"GENERAL DE GAULLE (AVENUE DU)";"48,78878419";"2,23156106"
"202400051034";"14";"08";"2024";"10:40";"1";"971";"97113";"1";"1";"1";"3";"ROUTE DE PERINET-RD 119";"16,21297131";" -61,47768974"
"202400051035";"26";"03";"2024";"16:00";"1";"23";"23266";"1";"1";"1";"1";"les roches";"45,92272200";"2,31925200"
"202400051036";"5";"05";"2024";"04:55";"3";"53";"53051";"1";"1";"1";"2";"La Petite Roderie";"48,34764300";" -0,51295600"
"202400051037";"3";"01";"2024";"05:50";"4";"69";"69290";"2";"2";"1";"6";"60 Rue Alfred de Vigny";"45,69729827";"4,93614487"
"202400051038";"3";"12";"2024";"10:20";"1";"33";"33013";"1";"1";"1";"4";"N/A";"44,86868400";" -0,49805300"
"202400051039";"23";"05";"2024";"08:38";"1";"92";"92044";"2";"1";"1";"7";"ED.VAILLANT(RUE)119A131 ET 98A108";"48,89941522";"2,28616869"
"202400051040";"11";"09";"2024";"12:00";"1";"44";"44162";"2";"6";"1";"2";"Rond-Point d'Armor";"47,22501602";" -1,62101358"
"202400051041";"12";"07";"2024";"18:15";"1";"94";"94076";"2";"3";"1";"1";"Rue Ambroise Croizat";"48,80145600";"2,35952000"
"202400051042";"16";"08";"2024";"13:00";"1";"80";"80021";"2";"1";"1";"6";"Avenue de la Paix";"49,91160000";"2,29747000"
"202400051043";"4";"05";"2024";"06:56";"1";"53";"53237";"2";"1";"1";"6";"23 Rue d'Oisseau";"48,37385400";" -0,69561300"
"202400051044";"15";"02";"2024";"00:01";"5";"75";"75105";"2";"3";"1";"3";"PONT DE LA TOURNELLE";"48,85002900";"2,35493200"
"202400051045";"29";"03";"2024";"14:58";"1";"974";"97418";"2";"2";"8";"3";"Rue Ylang Ylang";" -20,91751100";"55,52786900"
"202400051046";"20";"11";"2024";"13:23";"1";"59";"59288";"1";"1";"1";"2";"AUTOROUTE A2";"50,31572000";"3,41011000"
"202400051047";"4";"05";"2024";"13:30";"1";"28";"28405";"1";"1";"1";"7";"Route Nationale 12";"48,74182800";"1,30256700"
"202400051048";"2";"01";"2024";"12:40";"1";"67";"67180";"2";"2";"2";"2";"FOULON (RUE DU)";"48,80540000";"7,77947000"
"202400051049";"15";"08";"2024";"16:00";"1";"80";"80261";"2";"1";"1";"7";"Route d'Amiens";"49,87465000";"2,28165000"
"202400051050";"15";"02";"2024";"16:55";"1";"75";"75119";"2";"1";"1";"6";"AVENUE DE FLANDRE";"48,88481000";"2,36940400"
"202400051051";"11";"07";"2024";"18:10";"1";"94";"94079";"2";"1";"1";"3";"Rue Adrien Mentienne";"48,82940000";"2,54010000"
"202400051052";"10";"06";"2024";"17:09";"1";"92";"92026";"2";"1";"1";"4";"MARECHAL JOFFRE (QUAI DU)";"48,89779000";"2,26750000"
"202400051053";"9";"09";"2024";"19:00";"5";"44";"44109";"2";"4";"1";"3";"Place de la Bourse";"47,21261470";" -1,55916959"
"202400051054";"26";"10";"2024";"09:45";"1";"94";"94081";"2";"6";"1";"5";"Avenue Maximilien de Robespierre";"48,79219000";"2,38666000"
"202400051055";"29";"03";"2024";"01:45";"5";"973";"97311";"2";"1";"1";"2";"Rue des Mouettes";"5,48849000";" -54,03625000"
"202400051056";"3";"12";"2024";"20:00";"3";"94";"94021";"1";"1";"1";"2";"A6B";"48,76982260";"2,34561011"
"202400051057";"15";"02";"2024";"10:30";"1";"75";"75119";"2";"1";"1";"3";"AVENUE JEAN JAURES";"48,88485400";"2,37816900"
"202400051058";"3";"01";"2024";"16:00";"1";"08";"08409";"2";"1";"1";"6";"38 Boulevard Chanzy";"49,70325300";"4,93104300"
"202400051059";"3";"01";"2024";"12:15";"1";"66";"66136";"2";"3";"1";"3";"N/A";"42,68106830";"2,85925627"
"202400051060";"9";"06";"2024";"12:30";"1";"92";"92025";"2";"1";"1";"3";"HENRI BARBUSSE (AV)";"48,92154802";"2,25264555"
"202400051061";"11";"07";"2024";"11:23";"1";"93";"93073";"2";"1";"1";"1";"PASTEUR (AVENUE)";"48,94156500";"2,57552700"
"202400051062";"26";"10";"2024";"23:20";"5";"94";"94038";"2";"1";"1";"6";"10 Rue Sainte Colombe";"48,77733000";"2,35879500"
"202400051063";"3";"05";"2024";"17:35";"1";"52";"52421";"1";"1";"3";"6";"Rue du Tertre";"48,17703600";"5,16127300"
"202400051064";"28";"07";"2024";"13:45";"1";"78";"78646";"2";"6";"1";"3";"LOI (PLACE DE LA)";"48,81497000";"2,12872000"
"202400051065";"3";"12";"2024";"18:15";"3";"91";"91037";"1";"1";"1";"3";"AUTOROUTE A6";"48,54011184";"2,49841325"
"202400051066";"28";"03";"2024";"08:30";"1";"91";"91156";"1";"1";"8";"3";"D449";"48,55104300";"2,27719800"
"202400051067";"15";"02";"2024";"11:00";"1";"75";"75117";"2";"2";"1";"6";"RUE JOUFFROY D ABBANS";"48,88284300";"2,30296800"
"202400051068";"3";"01";"2024";"20:42";"5";"65";"65440";"2";"2";"1";"3";"Rue Georges Lassalle";"43,23550000";"0,06528000"
"202400051069";"5";"05";"2024";"09:40";"1";"67";"67388";"2";"1";"3";"6";"Rue du General Koenig";"48,93125800";"7,65962200"
"202400051070";"6";"07";"2024";"20:45";"2";"93";"93051";"1";"9";"1";"7";"RU DE NESLE (BOULEVARD)";"48,83560000";"2,58283000"
"202400051071";"26";"10";"2024";"12:35";"1";"94";"94021";"2";"1";"1";"6";"rue de la sécurité parisienne";"48,76065043";"2,36578146"
"202400051072";"10";"06";"2024";"18:00";"1";"92";"92007";"2";"9";"1";"2";"BRIAND (AVENUE ARISTIDE) N° 162 A 300";"48,79603112";"2,32167667"
"202400051073";"3";"12";"2024";"11:10";"1";"91";"91645";"1";"1";"2";"3";"N385";"48,75998717";"2,26095176"
"202400051074";"9";"09";"2024";"16:00";"1";"44";"44109";"2";"1";"1";"6";"88 Boulevard Jules Verne";"47,24086823";" -1,53012424"
"202400051075";"16";"08";"2024";"08:30";"1";"69";"69275";"2";"1";"1";"3";"409 Avenue Jean Jaurès";"45,77104000";"4,98130000"
"202400051076";"8";"03";"2024";"15:15";"1";"67";"67348";"2";"3";"1";"3";"36 Rue de Selestat";"48,46049300";"7,48357200"
"202400051077";"3";"01";"2024";"10:25";"1";"64";"64335";"2";"1";"1";"6";"Parking CC carrefour Lescar";"43,31691000";" -0,42725000"
"202400051078";"26";"10";"2024";"06:55";"3";"94";"94021";"1";"1";"1";"1";"Rue du Pont des Halles";"48,76116000";"2,34181000"
"202400051079";"5";"05";"2024";"13:40";"1";"973";"97309";"2";"2";"1";"3";"Rue Bois d?Inde";"4,89441265";" -52,28625950"
"202400051080";"14";"02";"2024";"14:30";"1";"75";"75117";"2";"1";"1";"5";"AVENUE DE LA PORTE DE CHAMPERRET";"48,88644100";"2,28572400"
"202400051081";"3";"12";"2024";"17:00";"3";"94";"94046";"1";"1";"1";"3";"A86";"48,80856288";"2,44905786"
"202400051082";"12";"07";"2024";"09:04";"1";"93";"93063";"2";"2";"2";"3";"Rue Mirabeau / Place Jean Moulin";"48,87518325";"2,44700795"
"202400051083";"11";"06";"2024";"18:05";"1";"60";"60326";"1";"1";"1";"5";"N31";"49,40265300";"2,72720800"
"202400051084";"3";"01";"2024";"19:48";"5";"64";"64102";"2";"1";"1";"3";"RESPLANDY (AVENUE DU CAPITAINE)";"43,48729000";" -1,46317000"
"202400051085";"16";"08";"2024";"21:15";"5";"69";"69276";"2";"1";"1";"1";"1 Route de Lyon";"45,67319000";"4,86031000"
"202400051086";"4";"05";"2024";"21:15";"3";"36";"36134";"1";"1";"3";"6";"N/A";"46,37595245";"1,44555218"
"202400051087";"23";"05";"2024";"17:10";"1";"59";"59324";"2";"1";"2";"6";"BRIQUETERIE (RUE)";"50,30649000";"4,09310000"
"202400051088";"25";"10";"2024";"14:30";"1";"94";"94073";"1";"9";"1";"3";"2 Avenue du Luxembourg";"48,75652591";"2,37125730"
"202400051089";"3";"12";"2024";"09:07";"1";"94";"94034";"1";"1";"1";"3";"A86";"48,75979435";"2,32184781"
"202400051090";"12";"07";"2024";"07:16";"1";"92";"92051";"2";"1";"2";"6";"CHARLES DE GAULLE (AVENUE, N° 18 A 116)";"48,88092000";"2,27238000"
"202400051091";"2";"01";"2024";"20:15";"5";"64";"64102";"2";"1";"2";"7";"LAHARIE (CHEMIN DE)";"43,50509000";" -1,46974000"
"202400051092";"29";"03";"2024";"13:15";"1";"88";"88470";"1";"3";"2";"5";"26 Route du Rain Brice";"48,08276100";"6,77475900"
"202400051093";"11";"06";"2024";"00:09";"3";"60";"60646";"2";"1";"1";"1";"Rue de Dieppe";"49,48194600";"2,04103500"
"202400051094";"4";"05";"2024";"22:30";"3";"45";"45191";"2";"1";"2";"6";"24 Avenue du Général de Gaulle";"48,29137400";"2,40554500"
"202400051095";"15";"02";"2024";"14:00";"1";"75";"75116";"2";"3";"1";"7";"RUE ALFRED BRUNEAU";"48,85542200";"2,27665500"
"202400051096";"26";"10";"2024";"21:00";"4";"94";"94011";"2";"1";"1";"6";"Avenue de Paris";"48,78067000";"2,47528000"
"202400051097";"29";"04";"2024";"17:15";"1";"59";"59599";"2";"2";"1";"3";"FAIDHERBE (RUE )";"50,71900000";"3,16020000"