"Num_Acc";"jour";"mois";"an";"hrmn";"lum";"dep";"com";"agg";"int";"atm";"col";"adr";"lat";"long"
"202400051272";"3";"01";"2024";"13:05";"1";"75";"75113";"2";"1";"1";"4";"BD PERIPHERIQUE EXTERIEUR";"48,81786600";"2,36822700"
"202400051273";"2";"12";"2024";"14:45";"1";"69";"69264";"2";"1";"2";"3";"Rue Georges Mangin";"45,99015000";"4,73799000"
"202400051274";"11";"06";"2024";"18:50";"1";"71";"71522";"2";"1";"1";"1";"13 route du stade";"46,62605000";"5,00200000"
"202400051275";"12";"07";"2024";"16:00";"1";"32";"32054";"1";"1";"1";"5";"route nationale 124, PK 72+400";"43,71368900";"0,43198000"
"202400051276";"3";"05";"2024";"23:35";"5";"974";"97411";"2";"9";"1";"6";"PETITE ILE (RUE DE LA)";" -20,88034000";"55,44402000"
"202400051277";"16";"01";"2024";"07:15";"5";"74";"74169";"2";"1";"1";"6";"1510 avenue du stade";"46,07271900";"6,52854800"
"202400051278";"3";"01";"2024";"00:01";"5";"75";"75120";"2";"1";"1";"7";"ECHANGEUR BAGNOLET";"48,86574049";"2,41291076"
"202400051279";"21";"09";"2024";"14:03";"1";"91";"91109";"1";"1";"1";"1";"ETAMPES (ROUTE D')    RD 207";"48,45766000";"2,16238000"
"202400051280";"15";"02";"2024";"20:55";"2";"92";"92050";"2";"1";"1";"2";"ILE AVENUE DU PARC DE L'";"48,89193000";"2,17744000"
"202400051281";"26";"10";"2024";"16:45";"1";"56";"56190";"2";"2";"1";"3";"Rue des Korrigans";"47,97430900";" -2,74745100"
"202400051282";"2";"12";"2024";"20:30";"3";"69";"69091";"2";"7";"2";"1";"Place Colonel Fabien";"45,58912828";"4,77166936"
"202400051283";"22";"01";"2024";"23:55";"3";"74";"74234";"1";"1";"2";"6";"D12";"45,77432855";"6,31008106"
"202400051284";"3";"05";"2024";"07:35";"1";"974";"97411";"2";"9";"1";"6";"NOTRE DAME DE LA TRINITE (BOULEVARD)";" -20,89293000";"55,46556000"
"202400051285";"10";"06";"2024";"16:40";"1";"49";"49018";"1";"1";"1";"7";"D141";"47,54909700";" -0,06728800"
"202400051286";"15";"02";"2024";"20:00";"5";"92";"92062";"2";"1";"1";"7";"BOULEVARD CIRCULAIRE";"48,89386391";"2,23597380"
"202400051287";"17";"08";"2024";"00:25";"5";"38";"38185";"2";"2";"2";"2";"DEPORTES DU 11 NOVEMBRE 1943 (RUE DES)";"45,17821000";"5,72759000"
"202400051288";"13";"07";"2024";"14:45";"1";"71";"71285";"1";"2";"1";"3";"D33 - PK 11+550";"46,51530600";"4,35876900"
"202400051289";"3";"01";"2024";"14:45";"1";"75";"75116";"2";"2";"1";"3";"RUE SCHEFFER";"48,86283100";"2,28099900"
"202400051290";"26";"01";"2024";"23:00";"5";"74";"74305";"2";"1";"1";"6";"BUCHILLONS (AVENUE DES)";"46,19880000";"6,26600000"
"202400051291";"2";"12";"2024";"07:25";"5";"66";"66136";"2";"1";"1";"6";"Avenue Maréchal Joffre";"42,70467000";"2,89258000"
"202400051292";"26";"10";"2024";"16:20";"1";"56";"56094";"1";"1";"1";"1";"Lieu Dit Locguenole";"47,76782300";" -3,27796000"
"202400051293";"10";"06";"2024";"11:30";"1";"42";"42017";"1";"1";"1";"7";"Chemin de la Madone";"45,36739900";"4,51968200"
"202400051294";"3";"05";"2024";"06:30";"2";"974";"97411";"2";"1";"1";"3";"JAURES (BOULEVARD JEAN)";" -20,89076000";"55,45503000"
"202400051295";"15";"02";"2024";"06:35";"5";"92";"92026";"2";"1";"1";"6";"PRÉSIDENT PAUL DOUMER (QUAI DU)";"48,89432450";"2,26112679"
"202400051296";"13";"07";"2024";"18:20";"1";"71";"71416";"1";"1";"1";"7";"4 Chemin des Crays";"46,47043100";"4,78103800"
"202400051297";"22";"09";"2024";"23:45";"5";"86";"86194";"2";"1";"1";"1";"8 Avenue de l'Europe";"46,59249700";"0,34266800"
"202400051298";"16";"08";"2024";"22:00";"3";"34";"34129";"1";"1";"2";"1";"D116";"43,56699000";"3,87016000"
"202400051299";"26";"10";"2024";"17:00";"1";"63";"63448";"1";"1";"2";"6";"D999";"45,47932644";"3,48878853"
"202400051300";"2";"12";"2024";"15:20";"1";"64";"64445";"2";"1";"2";"2";"UNIVERSITE DE L'";"43,31154000";" -0,36528000"
"202400051301";"11";"06";"2024";"08:30";"1";"34";"34074";"1";"1";"1";"7";"D20";"43,44866400";"3,01622800"
"202400051302";"14";"02";"2024";"15:30";"1";"92";"92024";"2";"1";"1";"6";"CLICHY (QUAI DE) DE (8 A 60)";"48,90825332";"2,29980960"
"202400051303";"3";"01";"2024";"21:00";"5";"75";"75120";"2";"3";"2";"3";"RUE DE BAGNOLET";"48,86375200";"2,40767000"
"202400051304";"12";"07";"2024";"01:25";"3";"89";"89190";"1";"3";"2";"6";"D606";"47,52691700";"3,79543300"
"202400051305";"15";"08";"2024";"20:55";"5";"34";"34172";"2";"1";"3";"6";"TOULOUSE (AVENUE DE";"43,59527000";"3,86197000"
"202400051306";"18";"01";"2024";"21:05";"5";"74";"74133";"2";"2";"3";"3";"LIBERATION (RUE DE LA)";"46,19000000";"6,21100000"
"202400051307";"20";"09";"2024";"18:25";"1";"83";"83137";"2";"1";"1";"3";"CARNOT (AVE LAZARE)";"43,12752137";"5,92495197"
"202400051308";"3";"05";"2024";"15:48";"1";"973";"97302";"2";"3";"1";"3";"CATAYEE (JUSTIN)";"4,94225827";" -52,33127654"
"202400051309";"29";"05";"2024";"15:30";"1";"22";"22284";"1";"1";"1";"6";"Pont Nezen";"48,41100100";" -3,09273700"
"202400051310";"2";"01";"2024";"19:50";"5";"75";"75117";"2";"4";"2";"6";"BOULEVARD GOUVION SAINT CYR";"48,88128000";"2,28569100"
"202400051311";"1";"12";"2024";"11:35";"1";"64";"64445";"2";"2";"1";"3";"CARNOT";"43,30149000";" -0,36921000"
"202400051312";"13";"07";"2024";"11:15";"1";"63";"63380";"2";"1";"1";"6";"Rue Barberoux";"45,58969400";"2,99309300"
"202400051313";"14";"02";"2024";"14:09";"1";"92";"92024";"2";"4";"2";"3";"JEAN JAURES (BD) DE 47 A 109)   (56 A 14";"48,90369718";"2,30322415"
"202400051314";"24";"01";"2024";"17:30";"1";"74";"74012";"2";"1";"1";"3";"COURRIARD (RUE MARC)";"46,19127000";"6,23428000"
"202400051315";"17";"08";"2024";"00:15";"5";"33";"33063";"2";"9";"1";"3";"N/A";"44,83060000";" -0,55457000"
"202400051316";"1";"12";"2024";"20:51";"5";"64";"64024";"2";"1";"1";"7";"BAYONNE (AVENUE DE)";"43,48219000";" -1,50790000"
"202400051317";"17";"09";"2024";"10:40";"1";"83";"83129";"2";"6";"1";"6";"FONT DE FILLOL (RC ET T)";"43,09782000";"5,82592000"
"202400051318";"3";"05";"2024";"12:15";"1";"973";"97302";"2";"1";"3";"3";"BADUEL (ROUTE DE)";"4,93552714";" -52,31290269"
"202400051319";"7";"06";"2024";"19:45";"2";"44";"44072";"1";"1";"1";"2";"N/A";"47,44794200";" -2,28000600"
"202400051320";"12";"07";"2024";"19:15";"1";"55";"55365";"1";"1";"8";"7";"le haut-paquis";"49,39531000";"5,25642200"
"202400051321";"3";"01";"2024";"10:30";"1";"75";"75115";"2";"1";"3";"3";"RUE DE VAUGIRARD";"48,84016500";"2,30340500"
"202400051322";"27";"10";"2024";"18:00";"3";"68";"68306";"1";"1";"1";"5";"D10b";"47,52410542";"7,17708410"
"202400051323";"23";"01";"2024";"07:30";"3";"74";"74131";"2";"1";"1";"6";"60 route du grand pont";"46,01970840";"5,93292207"
"202400051324";"15";"02";"2024";"09:20";"1";"92";"92023";"2";"1";"1";"3";"PORTE DE TRIVAUX (RUE DE) N°57 A 197 ET";"48,78660950";"2,24462020"
"202400051325";"12";"07";"2024";"00:35";"3";"12";"12107";"1";"1";"1";"6";"Route de rodez";"44,36308700";"2,90013300"
"202400051326";"2";"12";"2024";"07:25";"5";"59";"59560";"2";"2";"1";"6";"Rue Roger Bouvry";"50,54906000";"3,02889000"
"202400051327";"8";"06";"2024";"07:20";"1";"29";"29160";"1";"1";"1";"6";"Route de Lesneven";"48,51480462";" -4,40793435"
"202400051328";"27";"10";"2024";"15:25";"1";"68";"68155";"1";"1";"1";"7";"D11ii";"48,09819600";"7,29627400"
"202400051329";"17";"01";"2024";"14:50";"1";"74";"74019";"2";"1";"2";"6";"Route de montava";"45,94164600";"6,13283900"
"202400051330";"3";"01";"2024";"08:20";"1";"75";"75115";"2";"1";"2";"3";"BOULEVARD PASTEUR";"48,84338724";"2,31197298"
"202400051331";"3";"05";"2024";"07:45";"1";"973";"97302";"2";"1";"1";"6";"14 ET 22 JUIN 1962";"4,93451000";" -52,32728000"
"202400051332";"16";"08";"2024";"19:45";"1";"33";"33522";"2";"2";"1";"7";"N/A";"44,80290000";" -0,58932000"
"202400051333";"21";"09";"2024";"19:42";"2";"80";"80021";"2";"1";"1";"3";"Rue des Vergeaux";"49,89397550";"2,29735628"
"202400051334";"14";"02";"2024";"13:15";"1";"92";"92036";"2";"5";"8";"1";"AULAGNIER ( QUAI )";"48,91978153";"2,32252336"
"202400051335";"25";"10";"2024";"17:15";"1";"39";"39441";"1";"1";"1";"7";"N/A";"46,47432500";"6,02922000"
"202400051336";"11";"07";"2024";"17:05";"1";"68";"68148";"2";"2";"1";"1";"Rue Principale";"47,60243400";"7,33368000"
"202400051337";"3";"05";"2024";"02:30";"5";"973";"97302";"2";"1";"1";"7";"PREVOT (ERNEST)";"4,93260083";" -52,33272099"
"202400051338";"1";"12";"2024";"05:37";"5";"59";"59350";"2";"2";"1";"3";"Place de Strasbourg";"50,63371000";"3,05516000"
"202400051339";"8";"01";"2024";"17:42";"3";"74";"74137";"1";"1";"2";"1";"D1203";"45,99702900";"6,17635500"
"202400051340";"3";"01";"2024";"18:30";"5";"75";"75108";"2";"2";"2";"6";"AVENUE GEORGE V";"48,87101500";"2,30086700"
"202400051341";"21";"09";"2024";"19:38";"1";"79";"79191";"2";"6";"2";"2";"N/A";"46,33885000";" -0,40815000"
"202400051342";"11";"06";"2024";"07:40";"1";"02";"02744";"1";"2";"1";"5";"D9";"49,08403500";"3,27849600"
"202400051343";"15";"02";"2024";"17:45";"5";"92";"92002";"2";"1";"1";"3";"ARISTIDE BRIAND (AVENUE)";"48,76272180";"2,30865383"
"202400051344";"16";"08";"2024";"06:30";"5";"33";"33167";"2";"2";"1";"3";"N/A";"44,82781000";" -0,53123000"
"202400051345";"27";"10";"2024";"00:35";"4";"39";"39478";"2";"1";"1";"6";"28 Avenue de la Libération";"46,37971500";"5,85127700"
"202400051346";"12";"07";"2024";"11:30";"1";"68";"68374";"1";"1";"1";"3";"D417";"48,07226715";"7,25413325"
"202400051347";"3";"05";"2024";"07:50";"1";"972";"97213";"2";"1";"1";"6";"AUTOROUTE A1";"14,61699000";" -61,01653000"
"202400051348";"30";"10";"2024";"09:50";"1";"59";"59155";"2";"1";"1";"6";"REPUBLIQUE - PLACE";"51,01861000";"2,38151000"
"202400051349";"27";"03";"2024";"16:41";"1";"988";"98818";"2";"1";"1";"6";"RUE JEAN FRANCOIS CHERRIER";" -22,25381000";"166,47095000"
"202400051350";"11";"06";"2024";"08:20";"1";"03";"03311";"1";"1";"3";"7";"Chemin des Carriaux";"46,13020800";"3,09616900"
"202400051351";"3";"01";"2024";"16:10";"1";"75";"75108";"2";"1";"1";"3";"RUE DE LA PEPINIERE";"48,87507800";"2,32207200"
"202400051352";"12";"07";"2024";"21:06";"2";"25";"25240";"2";"1";"2";"7";"Rue Principale";"47,07938500";"6,62569700"
"202400051353";"16";"02";"2024";"17:55";"1";101;101189";"1";"1";"1";"3";"#i mulineddi#";"41,69984900";"8,93240000"
"202400051354";"29";"11";"2024";"23:20";"5";"57";"57672";"2";"1";"1";"6";"MARCHAL (QUAI)";"49,35888000";"6,17044000"
"202400051355";"3";"05";"2024";"18:45";"1";100;100120";"1";"1";"1";"3";"TOUTES RUES";"42,65480000";"9,43961000"
"202400051356";"27";"03";"2024";"09:10";"1";"976";"97611";"1";"1";"1";"1";"passamanty-Vahibé ( route )";" -12,79760000";"45,20119000"
"202400051357";"27";"10";"2024";"03:05";"3";"38";"38480";"1";"1";"2";"3";"chemin des Chevreuils";"45,55266600";"4,98686800"
"202400051358";"12";"07";"2024";"21:15";"2";"44";"44013";"1";"1";"1";"6";"La Davelais";"47,38085300";" -2,07095800"
"202400051359";"11";"06";"2024";"13:45";"1";"03";"03217";"1";"1";"1";"3";"Cusséjat";"46,34183200";"2,67606100"
"202400051360";"3";"01";"2024";"16:50";"5";"94";"94065";"2";"2";"2";"3";"Avenue Robert Schuman / Rue de Montlhéry";"48,74620903";"2,35493593"
"202400051361";"15";"02";"2024";"21:15";"5";"51";"51358";"2";"3";"1";"6";"32 grande rue";"48,74853900";"4,84785900"
"202400051362";"2";"12";"2024";"14:51";"1";"56";"56260";"2";"6";"1";"3";"Rue du Général Weygand";"47,66165000";" -2,72550000"
"202400051363";"12";"07";"2024";"21:05";"1";"44";"44087";"2";"1";"1";"6";"83 Rue sainte croix";"46,99936600";" -1,82631900"
"202400051364";"2";"05";"2024";"22:42";"5";100;100033";"2";"1";"3";"6";"VEZZANI - RUE CESAR";"42,69039000";"9,44727000"
"202400051365";"27";"03";"2024";"18:15";"3";"974";"97416";"1";"1";"1";"2";"BADAMIER (CHEMIN)";" -21,32841000";"55,45905000"
"202400051366";"27";"10";"2024";"16:20";"1";"70";"70117";"1";"3";"1";"3";"D619";"47,64586100";"6,77986300"
"202400051367";"11";"06";"2024";"09:40";"1";"03";"03019";"2";"2";"1";"3";"la Noire";"46,58763900";"3,66776500"
"202400051368";"16";"08";"2024";"15:15";"1";"29";"29232";"2";"1";"2";"2";"Route de Benodet";"47,96730509";" -4,08440095"
"202400051369";"16";"02";"2024";"07:45";"1";"13";"13078";"1";"1";"8";"6";"D268";"43,43585000";"4,83007900"
"202400051370";"1";"12";"2024";"20:15";"5";"54";"54257";"2";"1";"1";"6";"Rue Léon Songeur";"48,65964204";"6,19955868"
"202400051371";"3";"01";"2024";"06:55";"5";"94";"94028";"2";"3";"2";"6";"Rue Albert Einstein / Rue Leonard Euler";"48,79573633";"2,44877073"
"202400051372";"12";"07";"2024";"20:45";"1";"35";"35306";"1";"1";"1";"6";"le bois martin";"48,58794900";" -1,91554800"
"202400051373";"27";"10";"2024";"15:20";"1";"70";"70240";"2";"1";"1";"6";"15 Rue Marquiset";"47,85503320";"6,33424311"
"202400051374";"21";"09";"2024";"22:30";"3";"77";"77276";"1";"6";"1";"3";"RD 360";"48,91759000";"2,87968000"
"202400051375";"16";"08";"2024";"12:35";"1";"29";"29232";"2";"6";"2";"7";"Chemin de Kerdistro";"47,99718000";" -4,11951100"
"202400051376";"9";"06";"2024";"02:35";"3";"54";"54056";"1";"1";"1";"6";"D25";"49,41712262";"5,76888442"
"202400051377";"27";"02";"2024";"09:00";"1";"974";"97416";"1";"1";"1";"3";"CACHALOT (CHEMIN)";" -21,30153000";"55,42979000"
"202400051378";"16";"02";"2024";"08:18";"1";"974";"97405";"1";"1";"1";"3";"Rue Maxime Payet";" -21,36868000";"55,57494000"
"202400051379";"3";"01";"2024";"09:30";"1";"93";"93027";"2";"1";"1";"6";"Rue de la Convention";"48,92652000";"2,39550000"
"202400051380";"13";"07";"2024";"14:50";"1";"38";"38104";"2";"1";"1";"6";"Chemin du Guerre";"45,58027500";"5,58486900"
"202400051381";"21";"09";"2024";"17:10";"1";"74";"74281";"2";"1";"1";"6";"THUYSET (AVENUE DE)";"46,38100000";"6,49700000"
"202400051382";"2";"12";"2024";"07:50";"5";"45";"45234";"2";"1";"2";"3";"27 Avenue de la Libération";"47,92012900";"1,90236000"
"202400051383";"3";"05";"2024";"07:15";"1";"971";"97101";"2";"3";"1";"1";"UNIVERSITE FOUILLOLE";"16,22782645";" -61,52697265"
"202400051384";"27";"03";"2024";"17:55";"1";"974";"97411";"2";"1";"1";"7";"JAURES (BLD 1 JEAN)";" -20,89040000";"55,46561000"
"202400051385";"10";"06";"2024";"13:50";"1";"72";"72006";"2";"6";"2";"1";"D338";"48,39702600";"0,08870600"
"202400051386";"27";"10";"2024";"00:24";"3";"14";"14062";"1";"6";"1";"1";"D404";"49,30319200";" -0,43687800"
"202400051387";"11";"02";"2024";"23:43";"3";"972";"97207";"1";"1";"1";"3";"RN5 genipa";"14,55989800";" -60,97424400"
"202400051388";"1";"05";"2024";"21:10";"3";"971";"97113";"1";"1";"1";"7";"Section Port Blanc";"16,24747000";" -61,45939000"
"202400051389";"16";"08";"2024";"15:40";"1";"29";"29019";"1";"1";"1";"2";"D112";"48,41598400";" -4,47933700"
"202400051390";"12";"07";"2024";"20:50";"1";"15";"15179";"2";"3";"1";"6";"RD 542";"45,09864700";"2,38981100"
"202400051391";"27";"03";"2024";"12:13";"1";"974";"97411";"2";"1";"1";"2";"RUISSEAU DES NOIRS (RUE)";" -20,89194000";"55,45276000"
"202400051392";"3";"01";"2024";"18:00";"2";"93";"93001";"2";"3";"2";"3";"Rue Léopold Réchossière / Rue Hémet";"48,91457500";"2,39084100"
"202400051393";"28";"04";"2024";"10:50";"1";"72";"72221";"1";"1";"1";"3";"Route de la Piraudière";"47,66546700";"0,39771800"
"202400051394";"15";"02";"2024";"21:00";"3";"62";"62038";"1";"1";"1";"6";"D224";"50,85918702";"1,99443277"
"202400051395";"2";"12";"2024";"09:45";"1";"41";"41269";"2";"1";"1";"2";"BLOIS (ROUTE DE)";"47,77899000";"1,07672000"
"202400051396";"21";"09";"2024";"11:50";"1";"74";"74281";"2";"6";"1";"2";"THUYSET (AVENUE DE)";"46,38069000";"6,49713000"
"202400051397";"5";"06";"2024";"10:05";"1";"50";"50400";"1";"1";"1";"6";"1 Port Filiolet";"49,37986500";" -1,36336700"
"202400051398";"27";"03";"2024";"10:41";"1";"974";"97411";"1";"1";"1";"6";"BAMBOU (CHEMIN DE LA RUELLE)";" -20,90257000";"55,39846000"
"202400051399";"1";"05";"2024";"08:20";"1";"89";"89024";"2";"9";"1";"3";"JEAN MERMOZ (AVENUE)";"47,81760000";"3,58501000"
"202400051400";"13";"07";"2024";"13:50";"1";"06";"06119";"1";"1";"1";"6";"85 Rue du Garcin";"44,32354100";"6,88347100"
"202400051401";"27";"10";"2024";"16:30";"1";"43";"43105";"1";"1";"1";"6";"D19";"45,30040125";"3,49477839"
"202400051402";"3";"01";"2024";"05:40";"5";"92";"92040";"2";"6";"2";"6";"GALLIENI (BOULEVARD)";"48,82775099";"2,26767227"
"202400051403";"18";"09";"2024";"20:15";"2";"72";"72181";"2";"1";"1";"6";"JACOBINS (PL DES)";"48,00826000";"0,20036000"
"202400051404";"12";"08";"2024";"17:45";"1";"29";"29019";"2";"6";"1";"2";"avenue Georges Pompidou";"48,41391800";" -4,47958600"
"202400051405";"2";"12";"2024";"20:05";"5";"38";"38185";"2";"1";"2";"6";"COURS DE LA LIBÉRATION ET DU GÉNÉRAL DE";"45,16920000";"5,71285000"
"202400051406";"16";"02";"2024";"13:35";"1";"88";"88009";"1";"2";"2";"1";"1484 Rue de Gérardmer";"48,18080300";"6,93722200"
"202400051407";"22";"03";"2024";"17:00";"1";"973";"97302";"1";"1";"1";"6";"MARINGOUINS (ROND-POINT)";"4,90741932";" -52,32275248"
"202400051408";"2";"05";"2024";"14:21";"1";"87";"87085";"2";"1";"2";"6";"CARMES (PLACE DES)";"45,83044000";"1,25118000"
"202400051409";"16";"08";"2024";"20:25";"1";"22";"22187";"2";"1";"1";"6";"ROUSSEAU (RUE)";"48,54112900";" -2,82751027"
"202400051410";"11";"07";"2024";"18:10";"1";"14";"14200";"2";"3";"8";"1";"La Fricanniere";"49,27797600";" -0,54661300"
"202400051411";"27";"10";"2024";"14:14";"1";"43";"43111";"1";"1";"2";"1";"La sauvetat";"44,85146921";"3,84888978"
"202400051412";"14";"02";"2024";"19:20";"3";"29";"29302";"1";"1";"3";"6";"route nationale 165 PR 82+100";"48,24436297";" -4,10712627"
"202400051413";"2";"01";"2024";"16:40";"2";"92";"92040";"2";"1";"2";"3";"FRERES VOISIN (BOULEVARD DES)";"48,82786017";"2,27180725"
"202400051414";"27";"03";"2024";"00:05";"5";"972";"97213";"1";"1";"2";"3";"AUTOROUTE A1";"14,61811928";" -61,02865664"
"202400051415";"21";"09";"2024";"18:10";"1";"67";"67482";"2";"4";"1";"3";"DUCS (RUE DES)";"48,58881600";"7,71404300"
"202400051416";"2";"12";"2024";"18:20";"5";"38";"38423";"2";"2";"3";"3";"RUE LOUIS GAGNIÈRE";"45,21503000";"5,68625000"
"202400051417";"13";"07";"2024";"06:55";"1";"60";"60584";"2";"1";"1";"1";"Avenue Jules Ferry";"49,21638500";"2,42067200"
"202400051418";"9";"05";"2024";"12:15";"1";"60";"60518";"1";"2";"1";"4";"d 151";"49,57443500";"2,18241700"
"202400051419";"2";"05";"2024";"09:38";"1";"87";"87085";"2";"2";"3";"3";"CHINCHAUVAUD (RUE DU)";"45,84644000";"1,26313000"
"202400051420";"16";"02";"2024";"16:20";"1";"22";"22164";"1";"1";"1";"6";"RD767 PR32+0000";"48,59501700";" -3,25912000"
"202400051421";"26";"10";"2024";"17:25";"1";"16";"16231";"1";"1";"2";"4";"N/A";"46,00255100";"0,89405500"
"202400051422";"16";"08";"2024";"20:05";"1";"22";"22113";"1";"1";"1";"3";"KERMARIA SULARD (ROUTE DE)";"48,75354000";" -3,40885000"
"202400051423";"21";"09";"2024";"19:39";"1";"64";"64237";"1";"1";"1";"7";"VALLEE HEUREUSE";"43,27080000";" -0,36968000"
"202400051424";"2";"12";"2024";"05:45";"3";"36";"36063";"1";"9";"1";"6";"N/A";"46,83109000";"1,72145000"
"202400051425";"27";"03";"2024";"23:15";"5";"69";"69034";"2";"1";"1";"2";"38 Quai Clemenceau";"45,79420000";"4,82758000"
"202400051426";"14";"02";"2024";"17:40";"2";"72";"72213";"2";"1";"1";"6";"Rue Wilbur Wright - Zone d'Activité du Cormier";"47,94215000";"0,23262300"
"202400051427";"3";"01";"2024";"20:33";"5";"92";"92036";"2";"2";"2";"3";"GRESILLONS (QUAI DES)";"48,92105000";"2,32520000"
"202400051428";"13";"07";"2024";"14:50";"1";"45";"45127";"2";"1";"1";"6";"66 Avenue de Lyon";"48,13945200";"2,76407700"
"202400051429";"11";"06";"2024";"16:00";"1";"60";"60513";"2";"1";"8";"1";"D92";"49,20430100";"2,38223100"
"202400051430";"3";"05";"2024";"11:30";"1";"84";"84007";"2";"3";"1";"2";"SAINT LAZARE (Boulevard)";"43,95327000";"4,81377000"
"202400051431";"21";"09";"2024";"01:30";"5";"64";"64445";"2";"1";"1";"6";"BERLIOZ";"43,31385000";" -0,34539000"
"202400051432";"16";"02";"2024";"08:05";"1";"62";"62808";"1";"1";"2";"6";"D94";"50,44508500";"2,22507500"
"202400051433";"12";"07";"2024";"19:35";"1";"43";"43034";"1";"1";"1";"7";"N/A";"45,32199400";"3,98594000"
"202400051434";"27";"03";"2024";"17:45";"1";"69";"69385";"2";"4";"1";"6";"Avenue Barthélémy Buyer";"45,75836000";"4,81305000"
"202400051435";"3";"01";"2024";"18:30";"5";"92";"92036";"2";"1";"1";"6";"VICTOR HUGO (RUE) (1)";"48,92127479";"2,29435756"
"202400051436";"26";"10";"2024";"14:25";"1";"85";"85156";"1";"1";"1";"1";"D747";"46,48725400";" -1,44339300"
"202400051437";"15";"08";"2024";"23:25";"5";"17";"17306";"2";"3";"1";"7";"Avenue de Rochefort";"45,64571800";" -1,02443800"
"202400051438";"2";"12";"2024";"17:25";"5";"35";"35238";"2";"1";"2";"6";"ROUMANIE (DE)";"48,08733000";" -1,65361000"
"202400051439";"2";"05";"2024";"18:00";"1";"84";"84007";"1";"1";"2";"3";"C.De GAULLE (Rocade)";"43,94461000";"4,83454000"
"202400051440";"21";"09";"2024";"08:31";"1";"64";"64122";"2";"1";"2";"6";"MOURA (ALLEE DU)";"43,46000447";" -1,54178851"
"202400051441";"10";"06";"2024";"15:20";"1";"64";"64519";"2";"2";"1";"3";"Rue d'Ayous";"43,36805300";" -0,38940800"
"202400051442";"13";"07";"2024";"00:01";"5";"10";"10002";"2";"1";"1";"6";"Route Nationale";"48,25460000";"4,68230000"
"202400051443";"25";"10";"2024";"19:20";"3";"85";"85145";"1";"1";"2";"7";"LES QUATRE MOULINS";"46,72488100";" -0,94285500"
"202400051444";"15";"02";"2024";"14:00";"1";"19";"19023";"1";"1";"1";"7";"le moulin du prieur";"45,13182873";"1,67657112"
"202400051445";"27";"03";"2024";"15:10";"1";"69";"69389";"2";"1";"1";"6";"17 Place Abbé Pierre";"45,78635967";"4,79591279"
"202400051446";"2";"12";"2024";"14:55";"1";"35";"35238";"2";"1";"1";"6";"VOLTAIRE (BD)";"48,10509000";" -1,69772000"
"202400051447";"12";"07";"2024";"10:56";"1";"10";"10033";"2";"1";"1";"6";"5 Rue Louis Desprez";"48,22792500";"4,71494800"
"202400051448";"3";"01";"2024";"08:20";"1";"92";"92026";"2";"3";"2";"6";"MARCEAU";"48,90233829";"2,24303976"
"202400051449";"14";"08";"2024";"09:05";"1";"12";"12176";"2";"6";"1";"3";"QUATRE SAISONS (AVENUE DES )";"44,37052297";"2,58650690"
"202400051450";"26";"10";"2024";"07:38";"3";"17";"17187";"1";"1";"5";"7";"Route de la Bergerie";"45,43848400";" -0,51806300"
"202400051451";"22";"09";"2024";"23:45";"5";"59";"59650";"2";"2";"1";"3";"UNION (RUE DE L')";"50,71425000";"3,17923000"
"202400051452";"11";"06";"2024";"16:00";"1";"16";"16081";"2";"1";"1";"2";"3 Grand'Rue";"45,83818000";"0,03837900"
"202400051453";"2";"12";"2024";"12:45";"1";"35";"35238";"2";"1";"1";"3";"MANOIR DE SERVIGNE (DU)";"48,10235000";" -1,72541000"
"202400051454";"15";"02";"2024";"14:30";"1";"79";"79100";"1";"3";"1";"1";"N/A";"46,33473200";" -0,59167900"
"202400051455";"12";"07";"2024";"16:50";"1";"21";"21415";"1";"1";"1";"1";"D112";"47,67249100";"4,84391000"
"202400051456";"3";"05";"2024";"15:15";"1";"77";"77390";"2";"1";"2";"6";"AV DE LA MALIBRAN";"48,79780000";"2,64000000"
"202400051457";"27";"03";"2024";"17:10";"1";"971";"97105";"1";"1";"1";"5";"PERES DOMINICAINS(AVENUE DES)";"16,00971877";" -61,73975766"
"202400051458";"11";"06";"2024";"15:30";"1";"07";"07010";"2";"1";"8";"6";"Rue du Quebec";"45,24834710";"4,67941120"
"202400051459";"16";"08";"2024";"08:35";"1";"11";"11262";"2";"1";"1";"3";"23 Avenue de Bordeaux";"43,18170000";"2,98845000"
"202400051460";"4";"01";"2024";"09:30";"1";"974";"97415";"1";"1";"2";"1";"D6";" -21,02258200";"55,27374000"
"202400051461";"21";"09";"2024";"14:45";"1";"59";"59512";"2";"1";"1";"3";"AVELGHEM (RUE D')";"50,69445000";"3,19606000"
"202400051462";"12";"07";"2024";"20:50";"2";"21";"21408";"1";"1";"7";"7";"D7";"47,42230600";"4,97333500"
"202400051463";"2";"12";"2024";"09:00";"1";"35";"35051";"1";"1";"1";"4";"BEAULIEU (PORTE DE)";"48,09923369";" -1,61418289"
"202400051464";"26";"10";"2024";"18:20";"1";"08";"08024";"1";"1";"1";"3";"D18";"49,49505800";"4,12219000"
"202400051465";"15";"02";"2024";"14:32";"1";"80";"80288";"1";"2";"7";"3";"D164";"49,86923500";"2,81687700"
"202400051466";"3";"05";"2024";"11:05";"1";"74";"74305";"2";"1";"1";"3";"FAVRE (RUE)";"46,20327000";"6,24913000"
"202400051467";"27";"03";"2024";"09:30";"1";"91";"91161";"2";"1";"2";"2";"AV PIERRE BROSSOLETTE";"48,69974000";"2,31055000"
"202400051468";"11";"06";"2024";"17:10";"1";"53";"53174";"1";"1";"1";"7";"N12";"48,30925330";" -0,66521002"
"202400051469";"4";"01";"2024";"13:07";"1";"01";"01194";"1";"1";"1";"1";"D131";"45,99642100";"4,75645800"
"202400051470";"16";"08";"2024";"07:10";"1";"11";"11262";"2";"1";"1";"2";"101 Avenue de Bordeaux";"43,18155000";"2,97998000"
"202400051471";"27";"10";"2024";"10:15";"1";"34";"34337";"1";"1";"1";"7";"RD 612";"43,53758300";"3,82307100"
"202400051472";"21";"09";"2024";"20:31";"5";"54";"54099";"2";"6";"1";"3";"Rue de la Filature";"49,24298300";"5,94291700"
"202400051473";"2";"12";"2024";"09:45";"1";"35";"35238";"2";"1";"1";"1";"CHATEAUGIRON (DE)";"48,09774000";" -1,64302000"
"202400051474";"12";"07";"2024";"14:00";"1";"85";"85288";"1";"2";"1";"5";"D949";"46,47703700";" -1,66911700"
"202400051475";"27";"10";"2024";"01:25";"5";"973";"97309";"2";"6";"1";"7";"Route de Montjoly";"4,91985200";" -52,27912900"
"202400051476";"2";"05";"2024";"10:55";"1";"72";"72181";"2";"1";"8";"6";"COLLET ROBERT (RUE)";"47,97562000";"0,22051000"
"202400051477";"3";"01";"2024";"18:10";"3";"17";"17142";"2";"1";"2";"6";"Rue Pierre Francois Parfaix";"46,18943500";" -1,07151600"
"202400051478";"10";"06";"2024";"16:00";"1";"24";"24217";"1";"3";"1";"3";"RD710 / RD42";"44,96227000";"0,88789400"
"202400051479";"2";"02";"2024";"07:30";"3";"89";"89277";"1";"1";"5";"7";"route departementale 49";"47,67655700";"3,84817100"
"202400051480";"16";"08";"2024";"03:31";"5";"06";"06088";"2";"9";"1";"6";"174 Boulevard Carnot";"43,68906000";"7,29552000"
"202400051481";"21";"09";"2024";"13:10";"1";"51";"51454";"2";"1";"1";"6";"CHATELET (RUE DU)";"49,24288000";"4,03916000"
"202400051482";"22";"03";"2024";"11:25";"1";"89";"89024";"2";"2";"1";"3";"11 NOVEMBRE (BOULEVARD DU) N° IMPAIRS";"47,79560000";"3,56410000"
"202400051483";"12";"07";"2024";"21:35";"2";"28";"28184";"1";"1";"1";"2";"D939";"48,34575000";"1,82398300"
"202400051484";"26";"10";"2024";"19:25";"5";"69";"69244";"2";"1";"1";"3";"13 Avenue Victor Hugo";"45,77213473";"4,79092583"
"202400051485";"2";"12";"2024";"17:27";"2";"34";"34172";"2";"2";"2";"3";"VILLENEUVE-ANGOULEME (AVENUE DE";"43,59329000";"3,86644000"
"202400051486";"3";"01";"2024";"11:40";"1";"47";"47114";"1";"1";"8";"6";"D933";"44,37737445";"0,10533365"
"202400051487";"2";"05";"2024";"08:40";"1";"71";"71076";"2";"1";"2";"6";"Avenue John Fitzgerald Kennedy";"46,80016000";"4,86144000"
"202400051488";"6";"06";"2024";"14:50";"1";"85";"85084";"1";"1";"1";"6";"RD160";"46,74887000";" -1,26180000"
"202400051489";"11";"07";"2024";"11:18";"1";"37";"37181";"1";"1";"1";"6";"2 Les Jouannets";"46,96832111";"0,83197787"
"202400051490";"21";"09";"2024";"18:04";"1";"49";"49007";"2";"1";"1";"6";"MOLIERE PLACE";"47,47391000";" -0,55600000"
"202400051491";"15";"02";"2024";"16:30";"1";"63";"63187";"1";"2";"1";"6";"RD13/Lieu Dit Bonnefond";"46,21635200";"2,84691800"
"202400051492";"26";"03";"2024";"20:18";"5";"84";"84007";"2";"9";"2";"3";"MONCLAR (AVENUE)";"43,93282000";"4,80285000"
"202400051493";"16";"08";"2024";"01:50";"5";"75";"75117";"2";"3";"1";"2";"RUE LECHAPELAIS";"48,88560900";"2,32496600"
"202400051494";"26";"10";"2024";"20:10";"5";"33";"33260";"1";"1";"2";"3";"N/A";"44,49926000";" -0,84039000"
"202400051495";"11";"06";"2024";"10:30";"1";"88";"88530";"2";"1";"1";"1";"19 Route de Plombières";"48,04404800";"6,40794200"
"202400051496";"2";"12";"2024";"07:00";"2";"34";"34032";"1";"2";"1";"3";"MAUREILHAN (ROUTE DE)";"43,34629000";"3,16628000"
"202400051497";"21";"04";"2024";"12:15";"1";"30";"30068";"1";"6";"1";"2";"Le Pont Troué (Café)";"44,01957700";"4,10219700"
"202400051498";"3";"05";"2024";"20:10";"1";"69";"69275";"2";"2";"1";"3";"Avenue Jean Macé";"45,76402000";"4,95635000"
"202400051499";"3";"01";"2024";"06:05";"3";"62";"62298";"1";"2";"6";"1";"D943";"50,23171255";"3,17404175"
"202400051500";"15";"02";"2024";"09:15";"2";"12";"12109";"1";"1";"5";"6";"D92";"43,86064300";"2,94258700"
"202400051501";"27";"10";"2024";"14:40";"1";"988";"98817";"1";"3";"1";"6";"Route de la corniche/Rue du Vallon Dore";" -22,27080900";"166,56984200"
"202400051502";"26";"03";"2024";"14:30";"1";"83";"83153";"2";"6";"3";"6";"MARIE FLICHE BERGIS (AV)";"43,07479449";"5,90852613"
"202400051503";"21";"09";"2024";"14:55";"1";"49";"49007";"1";"1";"8";"2";"RD 323";"47,46942000";" -0,59600000"
"202400051504";"10";"06";"2024";"16:30";"1";"978";"97801";"2";"1";"1";"7";"rd7 - Grand Case";"18,09878400";" -63,04942100"
"202400051505";"12";"07";"2024";"15:41";"1";"973";"97307";"1";"1";"1";"2";"N1";"4,89295700";" -52,35137700"
"202400051506";"14";"02";"2024";"12:50";"1";"47";"47252";"1";"9";"1";"2";"D911l";"44,39969000";"0,61004400"
"202400051507";"4";"01";"2024";"12:00";"1";"40";"40307";"1";"1";"1";"1";"Route de la Ville";"44,33247500";" -0,59382500"
"202400051508";"2";"12";"2024";"13:50";"1";"33";"33063";"2";"1";"2";"3";"N/A";"44,83421500";" -0,55211200"
"202400051509";"3";"05";"2024";"17:30";"1";"69";"69266";"2";"2";"1";"6";"50 Cours Emile Zola";"45,77085000";"4,86683000"
"202400051510";"16";"08";"2024";"07:15";"1";"75";"75115";"2";"2";"1";"3";"RUE DE VOUILLE";"48,83474000";"2,30519400"
"202400051511";"25";"10";"2024";"15:40";"1";"988";"98821";"2";"3";"1";"6";"RT1";" -22,13471000";"166,37367000"
"202400051512";"21";"09";"2024";"23:30";"5";"47";"47001";"2";"6";"1";"6";"BLUM (AV. LEON)";"44,21384000";"0,65099000"
"202400051513";"16";"02";"2024";"01:45";"3";"86";"86293";"1";"1";"1";"2";"N10";"46,40265600";"0,23514400"
"202400051514";"2";"05";"2024";"10:00";"1";"69";"69266";"2";"1";"8";"6";"12 Cours Tolstoï";"45,76379000";"4,87097000"
"202400051515";"4";"01";"2024";"08:50";"1";"56";"56035";"1";"1";"2";"3";"Le Gueffro";"47,84222600";" -2,31665600"
"202400051516";"12";"07";"2024";"19:30";"1";"13";"13051";"1";"1";"1";"5";"chemin départementale 10";"43,54733900";"5,15384500"
"202400051517";"25";"10";"2024";"18:15";"1";"972";"97230";"1";"1";"3";"6";"Bassignac";"14,73401000";" -60,98541300"
"202400051518";"10";"06";"2024";"16:00";"1";"42";"42231";"1";"1";"1";"5";"N7";"46,10065500";"3,97872400"
"202400051519";"27";"03";"2024";"00:20";"3";"78";"78350";"2";"2";"1";"3";"VOISINS (RUE DE)";"48,86650000";"2,11299000"
"202400051520";"2";"12";"2024";"09:15";"1";"33";"33522";"2";"2";"2";"3";"N/A";"44,82515000";" -0,58913000"
"202400051521";"16";"08";"2024";"10:10";"1";"75";"75114";"2";"3";"1";"3";"RUE RAYMOND LOSSERAND";"48,83358700";"2,31748400"
"202400051522";"6";"02";"2024";"18:20";"2";"29";"29216";"1";"1";"8";"2";"Rue de l'Aéroport";"47,96016330";" -4,17120204"
"202400051523";"21";"09";"2024";"10:30";"1";"47";"47032";"2";"1";"1";"6";"ALBERT CAMUS (avenue)";"44,18630674";"0,66798270"
"202400051524";"3";"01";"2024";"19:20";"3";"56";"56042";"1";"1";"2";"1";"Lieu Dit Toulran";"47,82894500";" -2,81448500"
"202400051525";"2";"12";"2024";"08:05";"2";"33";"33318";"2";"9";"3";"6";"N/A";"44,79739000";" -0,64159000"
"202400051526";"10";"06";"2024";"11:15";"1";"971";"97116";"2";"1";"1";"6";"Marieulle RN5";"16,32532900";" -61,46850600"
"202400051527";"3";"05";"2024";"12:55";"1";"69";"69264";"2";"1";"1";"3";"Rue Bointon";"45,99643743";"4,72078280"
"202400051528";"27";"03";"2024";"14:20";"1";"76";"76217";"2";"2";"1";"3";"CANADIENS (AVENUE DES)  RD925";"49,91489000";"1,07494000"
"202400051529";"12";"07";"2024";"17:15";"1";"78";"78571";"1";"1";"1";"2";"D307";"48,85326400";"2,03942800"
"202400051530";"27";"10";"2024";"04:15";"3";"29";"29233";"1";"1";"1";"7";"pk 6 D62";"47,86621127";" -3,52363305"
"202400051531";"15";"08";"2024";"18:30";"1";"94";"94081";"2";"3";"1";"6";"Rue de Choisy";"48,78485074";"2,40026486"
"202400051532";"15";"02";"2024";"16:30";"1";"03";"03107";"1";"1";"1";"6";"Route de Chouvigny";"46,10326200";"3,04698900"