"Num_Acc";"jour";"mois";"an";"hrmn";"lum";"dep";"com";"agg";"int";"atm";"col";"adr";"lat";"long"
"202400051533";"3";"01";"2024";"14:30";"1";"65";"65363";"1";"2";"2";"3";"d24";"43,11838700";"0,42810200"
"202400051534";"2";"12";"2024";"07:30";"3";"29";"29232";"2";"6";"2";"3";"Rond-Point de l'Eau Blanche";"47,99162801";" -4,07356783"
"202400051535";"26";"10";"2024";"22:20";"3";"66";"66211";"1";"1";"1";"6";"D615";"42,57125400";"2,77092600"
"202400051536";"9";"06";"2024";"18:40";"1";"28";"28007";"2";"1";"1";"2";"35 Rue Hubert Baraine";"48,84919700";"1,43414500"
"202400051537";"27";"03";"2024";"11:55";"1";"73";"73008";"2";"6";"2";"3";"D991 MARLIOZ AVENUE DE";"45,67634000";"5,90905000"
"202400051538";"25";"06";"2024";"23:28";"3";"33";"33122";"1";"9";"1";"3";"N/A";"44,72058700";" -0,74333100"
"202400051539";"22";"09";"2024";"00:30";"5";"45";"45147";"2";"3";"2";"3";"143bis Rue Marcellin Berthelot";"47,92831000";"1,91613000"
"202400051540";"2";"05";"2024";"17:23";"1";"67";"67462";"2";"1";"2";"1";"STRASBOURG (ROUTE DE)";"48,27172000";"7,45949000"
"202400051541";"4";"01";"2024";"08:35";"1";"71";"71170";"1";"1";"2";"6";"D19";"46,91426938";"4,84075091"
"202400051542";"16";"08";"2024";"14:50";"1";"94";"94068";"2";"3";"8";"3";"Avenue Foch";"48,79913000";"2,49974000"
"202400051543";"2";"12";"2024";"17:15";"1";"28";"28134";"2";"9";"1";"6";"ITALIE (PLACE D')";"48,73696700";"1,34832000"
"202400051544";"3";"05";"2024";"12:20";"1";"64";"64269";"2";"1";"1";"7";"PIERRE DE BELSUNCE";"43,29218000";" -0,30930000"
"202400051545";"8";"07";"2024";"12:15";"1";"77";"77333";"1";"1";"1";"6";"A6, PK 76+100, direction PARIS";"48,25131200";"2,73499500"
"202400051546";"10";"02";"2024";"10:00";"1";"01";"01294";"1";"1";"8";"1";"Route de Savoie";"45,68244600";"5,68490400"
"202400051547";"11";"06";"2024";"08:45";"1";"77";"77153";"1";"1";"1";"1";"Route d'Eve";"49,06931800";"2,69028800"
"202400051548";"26";"10";"2024";"21:30";"3";"13";"13049";"1";"1";"8";"1";"D17d";"43,70693800";"5,10336900"
"202400051549";"4";"01";"2024";"17:20";"2";"89";"89464";"1";"1";"8";"1";"Route de Beaudemont";"48,07836800";"3,29844600"
"202400051550";"21";"09";"2024";"03:45";"3";"44";"44020";"1";"1";"2";"2";"N/A";"47,17606000";" -1,59742000"
"202400051551";"16";"08";"2024";"18:35";"1";"94";"94052";"2";"1";"8";"6";"Grande Rue Charles de Gaulle";"48,83840000";"2,49175000"
"202400051552";"26";"03";"2024";"14:55";"1";"72";"72181";"2";"6";"2";"3";"LECOUTEUX LIONEL (PL) N° 3";"48,00558000";"0,20168000"
"202400051553";"3";"05";"2024";"14:08";"1";"64";"64445";"2";"1";"1";"6";"CHAMPETIER DE RIBES";"43,30357000";" -0,37814000"
"202400051554";"13";"07";"2024";"14:00";"1";"971";"97108";"1";"1";"1";"6";"Boulogne";"15,94515400";" -61,22379200"
"202400051555";"2";"12";"2024";"16:20";"2";"28";"28404";"1";"1";"1";"1";"RN 154";"48,70877619";"1,36990851"
"202400051556";"27";"10";"2024";"09:10";"1";"88";"88150";"1";"1";"1";"6";"D79";"48,33783400";"5,91549900"
"202400051557";"14";"02";"2024";"17:30";"1";"58";"58302";"1";"1";"1";"3";"route départementale 1";"47,21461300";"3,06707400"
"202400051558";"10";"06";"2024";"08:13";"2";"77";"77183";"2";"1";"1";"6";"D603";"48,95076900";"3,12645300"
"202400051559";"3";"01";"2024";"23:15";"3";"34";"34086";"1";"4";"1";"6";"intersection D612/ D169 lieu dit Cabane";"43,47976300";"2,68034200"
"202400051560";"21";"09";"2024";"17:20";"1";"41";"41018";"2";"1";"1";"3";"LAIGRET (AVENUE DU DOCTEUR JEAN)";"47,58526000";"1,32443000"
"202400051561";"16";"08";"2024";"21:55";"5";"94";"94054";"2";"9";"1";"1";"Rue du Puits Dixme";"48,74767000";"2,38847000"
"202400051562";"26";"03";"2024";"14:54";"1";"72";"72181";"2";"6";"2";"3";"ZAMENHOF DOCTEUR (AV DU)";"48,01756000";"0,21850000"
"202400051563";"13";"07";"2024";"06:00";"2";"971";"97129";"1";"1";"1";"1";"Nolivier";"16,29380900";" -61,67063200"
"202400051564";"15";"02";"2024";"22:25";"3";"58";"58273";"1";"1";"1";"1";"D981 PK 6,6";"46,96405900";"3,23414300"
"202400051565";"3";"05";"2024";"07:45";"1";"64";"64445";"2";"3";"1";"3";"HENRI FAISANS";"43,30052000";" -0,36032000"
"202400051566";"2";"12";"2024";"10:38";"1";"25";"25056";"2";"2";"2";"2";"CHURCHILL BD WINSTON (inf 12)";"47,24639500";"5,99793700"
"202400051567";"27";"10";"2024";"05:50";"5";"57";"57589";"2";"9";"5";"6";"D662 PK 34+570";"49,05410500";"7,26525700"
"202400051568";"10";"06";"2024";"19:15";"1";"34";"34289";"1";"3";"1";"2";"D125";"43,38056700";"3,39769400"
"202400051569";"27";"03";"2024";"12:10";"1";"71";"71486";"2";"1";"1";"6";"Avenue Jean Jaurès";"46,64419000";"4,35555000"
"202400051570";"21";"09";"2024";"14:15";"1";"38";"38179";"2";"1";"1";"1";"RUE DE L'ÉTANG";"45,18423000";"5,78106000"
"202400051571";"4";"01";"2024";"20:30";"5";"68";"68068";"2";"6";"1";"3";"pk 0 D14bv";"47,63112000";"7,11524600"
"202400051572";"16";"08";"2024";"13:40";"1";"94";"94022";"2";"1";"1";"2";"Avenue Victor Hugo";"48,76928000";"2,42196000"
"202400051573";"12";"07";"2024";"11:40";"1";"977";"97701";"2";"1";"1";"1";"RTE DE SAINT JEAN";"17,90252100";" -62,83601400"
"202400051574";"3";"05";"2024";"16:40";"1";"63";"63300";"2";"1";"1";"6";"LIBERTE (RUE DE LA)";"45,89499000";"3,11088000"
"202400051575";"11";"06";"2024";"04:31";"3";"04";"04245";"1";"1";"1";"1";"RD 4096";"43,85588300";"5,83013500"
"202400051576";"27";"10";"2024";"14:25";"1";"38";"38565";"1";"2";"1";"2";"1328 Route de Veurey";"45,27350500";"5,63349200"
"202400051577";"16";"02";"2024";"16:45";"1";"73";"73079";"1";"3";"1";"5";"D1006";"45,55658200";"6,17637600"
"202400051578";"27";"03";"2024";"17:45";"1";"71";"71153";"2";"1";"1";"6";"LAMINEURS (RUE DES)";"46,80443805";"4,43719245"
"202400051579";"3";"01";"2024";"07:50";"2";"44";"44003";"2";"1";"1";"3";"590 Rue Francois Rene Chateaubriand";"47,37845100";" -1,18179200"
"202400051580";"11";"07";"2024";"18:05";"1";"972";"97230";"1";"1";"2";"1";"Route nationale 1";"14,74024800";" -60,95150300"
"202400051581";"30";"11";"2024";"22:28";"5";"21";"21054";"2";"2";"5";"3";"Route de Savigny";"47,03826800";"4,84054900"
"202400051582";"15";"08";"2024";"19:15";"1";"93";"93010";"2";"3";"1";"1";"Route de Villemomble";"48,89120033";"2,49065620"
"202400051583";"26";"10";"2024";"18:15";"2";"38";"38236";"2";"1";"2";"7";"1240 Chemin du Billard";"45,44647400";"5,73354900"
"202400051584";"21";"09";"2024";"13:05";"1";"35";"35238";"1";"1";"1";"4";"RN136";"48,11132000";" -1,71820000"
"202400051585";"9";"06";"2024";"20:00";"2";"13";"13004";"1";"2";"1";"3";"RN 568";"43,58373195";"4,76573838"
"202400051586";"26";"03";"2024";"20:20";"5";"67";"67482";"2";"1";"1";"7";"ROMAINS (ROUTE DES)";"48,57800786";"7,70298243"
"202400051587";"27";"10";"2024";"15:20";"1";"07";"07097";"1";"1";"1";"7";"D86";"45,00463000";"4,83605900"
"202400051588";"1";"05";"2024";"15:00";"1";"63";"63300";"1";"6";"2";"2";"RD 2009";"45,89569000";"3,14025000"
"202400051589";"15";"02";"2024";"17:10";"1";"37";"37250";"1";"1";"1";"7";"D21";"47,19920587";"0,67221585"
"202400051590";"4";"01";"2024";"07:30";"5";"02";"02361";"2";"2";"1";"3";"N/A";"49,89639700";"3,62866400"
"202400051591";"2";"12";"2024";"08:10";"1";"17";"17415";"1";"6";"2";"2";"DICONCHE";"45,72440200";" -0,63915600"
"202400051592";"8";"06";"2024";"12:25";"1";"08";"08190";"1";"1";"1";"7";"D949";"50,13170700";"4,86794100"
"202400051593";"15";"08";"2024";"14:15";"1";"93";"93007";"2";"2";"1";"3";"Avenue du Capitaine Fonck / Avenue Marcel Alizard";"48,94659720";"2,44614462"
"202400051594";"26";"10";"2024";"17:15";"1";"07";"07040";"2";"1";"1";"6";"rue du belvédère";"45,03651200";"4,68147900"
"202400051595";"20";"09";"2024";"17:15";"1";"35";"35281";"2";"3";"1";"3";"DODIN (AVENUE ROGER)";"48,08841000";" -1,70685000"
"202400051596";"4";"01";"2024";"11:30";"1";"84";"84050";"1";"1";"1";"7";"D2 les imberts";"43,89121200";"5,18595500"
"202400051597";"25";"03";"2024";"16:24";"1";"67";"67180";"2";"1";"1";"4";"LATTRE DE TASSIGNY (BLD DE)";"48,82150000";"7,79092000"
"202400051598";"2";"05";"2024";"23:45";"5";"59";"59599";"2";"1";"1";"1";"ROITELET (RUE DU)";"50,74085000";"3,17825000"
"202400051599";"15";"02";"2024";"13:25";"1";"973";"97309";"2";"1";"1";"2";"Route de Montjoly";"4,91939200";" -52,27867300"
"202400051600";"12";"07";"2024";"06:30";"1";"66";"66136";"1";"3";"1";"3";"chemin des terres rousses";"42,70836200";"2,97658700"
"202400051601";"11";"06";"2024";"08:24";"1";"01";"01249";"2";"2";"1";"3";"Rue Joseph Carre";"45,82672800";"4,95302600"
"202400051602";"19";"11";"2024";"09:00";"1";"14";"14118";"2";"1";"1";"2";"Boulevard Maréchal Juin";"49,19735632";" -0,39687051"
"202400051603";"16";"08";"2024";"13:15";"1";"92";"92050";"2";"3";"1";"3";"TRIAIRE PHILIPPE RUE";"48,88129370";"2,21338090"
"202400051604";"27";"08";"2024";"23:15";"3";"69";"69187";"1";"3";"1";"7";"Chemin des Alouettes";"45,76633700";"4,42121900"
"202400051605";"3";"05";"2024";"20:55";"1";"59";"59043";"1";"9";"1";"7";"BELLEKINDSTRAETE";"50,73718000";"2,74739000"
"202400051606";"15";"02";"2024";"05:25";"5";"973";"97309";"2";"3";"1";"1";"Route du Tigre";"4,90587600";" -52,30485100"
"202400051607";"12";"07";"2024";"17:45";"1";"34";"34213";"1";"3";"1";"3";"D2";"43,51145200";"3,65704200"
"202400051608";"10";"06";"2024";"10:55";"1";"56";"56114";"1";"1";"1";"1";"Kerdavid";"47,30033300";" -3,10780050"
"202400051609";"3";"01";"2024";"17:15";"3";"01";"01389";"1";"1";"1";"5";"D936 ";"46,04875300";"4,87068800"
"202400051610";"29";"11";"2024";"17:40";"2";"14";"14327";"2";"1";"1";"2";"N 814";"49,18792000";" -0,33089000"
"202400051611";"3";"05";"2024";"02:35";"5";"56";"56121";"2";"1";"1";"6";"Quai Charles de Rohan";"47,74559000";" -3,36243000"
"202400051612";"26";"03";"2024";"08:05";"1";"66";"66136";"2";"2";"2";"2";"Boulevard Félix MERCADER";"42,69375000";"2,89037000"
"202400051613";"22";"10";"2024";"09:45";"1";"17";"17093";"2";"1";"7";"6";"Place de la République";"45,88664000";" -1,19518700"
"202400051614";"21";"09";"2024";"19:30";"2";"31";"31555";"1";"1";"8";"3";"33 B SESQUIERES  (PERIPH OUEST A620)";"43,62075000";"1,41826000"
"202400051615";"16";"08";"2024";"05:45";"5";"92";"92024";"2";"2";"1";"3";"HENRI BARBUSSE (RUE) DE (68 A 102)";"48,90090725";"2,30805427"
"202400051616";"3";"01";"2024";"14:40";"1";"60";"60471";"1";"1";"3";"1";"D1032";"49,56831200";"2,99832300"
"202400051617";"3";"12";"2024";"00:20";"5";"13";"13215";"2";"1";"1";"7";"VISTE (AVENUE DE LA)";"43,35662000";"5,35755000"
"202400051618";"11";"06";"2024";"08:00";"1";"60";"60342";"1";"1";"1";"3";"D1016";"49,31225003";"2,44713163"
"202400051619";"27";"10";"2024";"17:50";"2";"14";"14424";"1";"1";"1";"6";"Route de Pont-Farcy";"48,88820500";" -0,98179600"
"202400051620";"15";"08";"2024";"04:50";"4";"78";"78470";"1";"1";"1";"7";"route départementale 150";"48,57998800";"1,77560300"
"202400051621";"12";"07";"2024";"21:30";"3";"34";"34090";"2";"6";"1";"5";"M65";"43,65888400";"3,93508200"
"202400051622";"27";"03";"2024";"13:50";"1";"64";"64445";"2";"1";"1";"2";"CAMI SALIE DU";"43,33243000";" -0,36677000"
"202400051623";"3";"05";"2024";"14:50";"1";"54";"54395";"2";"1";"1";"2";"Rue de la Ravinelle";"48,69403000";"6,17365000"
"202400051624";"21";"09";"2024";"14:00";"1";"31";"31555";"2";"3";"1";"6";"RUE HENRI DESBALS";"43,58246855";"1,41433150"
"202400051625";"28";"11";"2024";"16:25";"1";"13";"13004";"2";"9";"1";"1";"AV STALINGRAD";"43,69370000";"4,63956000"
"202400051626";"15";"02";"2024";"15:51";"1";"69";"69206";"2";"3";"1";"2";"Avenue Léon Foillard";"46,06073200";"4,72253300"
"202400051627";"10";"06";"2024";"19:25";"1";"60";"60439";"1";"1";"1";"2";"D137d";"49,31003132";"2,32720792"
"202400051628";"1";"01";"2024";"06:46";"3";"17";"17065";"1";"2";"9";"3";"D5";"45,98823300";" -0,95357900"
"202400051629";"17";"08";"2024";"15:50";"1";"86";"86190";"1";"1";"2";"6";"D11";"46,31633500";"0,70066400"
"202400051630";"13";"07";"2024";"01:25";"3";"84";"84132";"1";"6";"1";"6";"1396 Route d'Avignon";"43,92415300";"4,97249400"
"202400051631";"3";"05";"2024";"23:45";"3";"47";"47323";"1";"1";"1";"6";"PECH DE DURAND";"44,43931000";"0,74117000"
"202400051632";"1";"12";"2024";"18:00";"3";"11";"11069";"2";"1";"1";"6";"N/A";"43,21022500";"2,38626300"
"202400051633";"27";"03";"2024";"19:10";"2";"62";"62628";"2";"1";"1";"6";"RUE SADI CARNOT";"50,43071000";"2,87199000"
"202400051634";"21";"09";"2024";"23:40";"5";"30";"30007";"2";"2";"1";"3";"FAUBOURG DU SOLEIL (RUE DU)";"44,12016000";"4,07884000"
"202400051635";"15";"02";"2024";"19:00";"3";"27";"27115";"1";"1";"1";"3";"RN12";"48,76997900";"1,08522200"
"202400051636";"3";"01";"2024";"14:00";"1";"73";"73213";"1";"1";"1";"6";"Autoroute A43 - Bretelle de sortie n°20 - PK 99.150";"45,53605201";"5,96706122"
"202400051637";"26";"10";"2024";"20:45";"3";"14";"14698";"1";"3";"1";"3";"815 Route de Troarn";"49,19809200";" -0,20743700"
"202400051638";"17";"08";"2024";"00:30";"3";"01";"01378";"1";"1";"1";"6";"65 Route de Lyon";"45,81992500";"5,17641700"
"202400051639";"4";"05";"2024";"00:04";"5";"37";"37261";"2";"1";"1";"7";"VAILLANT (RUE EDOUARD)";"47,38702000";"0,69879000"
"202400051640";"5";"06";"2024";"09:12";"1";"13";"13211";"1";"1";"1";"3";"A50-Sens Marseille vers Aubagne";"43,29244000";"5,45356000"
"202400051641";"2";"12";"2024";"12:49";"1";"10";"10387";"2";"7";"1";"7";"AUDIFFRED (PLACE)";"48,29570000";"4,07193000"
"202400051642";"12";"07";"2024";"20:45";"3";"83";"83101";"1";"3";"1";"3";"Route des Plages";"43,25119500";"6,64447300"
"202400051643";"8";"03";"2024";"16:20";"1";"59";"59479";"2";"1";"1";"6";"GLINEUR (RUE DU COLONEL)";"50,38924000";"3,62127000"
"202400051644";"17";"08";"2024";"13:05";"1";"06";"06149";"2";"1";"1";"6";"Boulevard Georges Buono";"43,74763400";"7,31398700"
"202400051645";"16";"02";"2024";"07:15";"2";"14";"14308";"1";"1";"1";"2";"A13";"49,22733700";" -0,08651700"
"202400051646";"3";"05";"2024";"20:26";"1";"37";"37261";"2";"1";"1";"7";"CHAMP JOLI (RUE DU)";"47,37983000";"0,70592000"
"202400051647";"10";"06";"2024";"01:15";"3";"83";"83069";"1";"1";"1";"3";"A570";"43,12490732";"6,09316671"
"202400051648";"2";"12";"2024";"02:20";"5";"06";"06155";"2";"1";"1";"7";"200 Avenue de la Liberté";"43,57091100";"7,08245500"
"202400051649";"27";"10";"2024";"13:15";"1";"80";"80337";"1";"1";"1";"7";"Route de Remiencourt";"49,81428400";"2,41525400"
"202400051650";"13";"07";"2024";"14:00";"1";"83";"83023";"1";"1";"1";"7";"140Avenue des Chênes Verts";"43,39552900";"6,14386300"
"202400051651";"20";"09";"2024";"08:45";"1";"29";"29151";"2";"6";"1";"3";"Rue Paul Sérusier";"48,58395000";" -3,81622000"
"202400051652";"26";"03";"2024";"22:55";"5";"59";"59143";"2";"1";"2";"1";"NATIONALE  ( ROUTE)";"50,67449000";"2,89236000"
"202400051653";"4";"01";"2024";"08:55";"1";"79";"79284";"1";"1";"2";"2";"N/A";"46,42253944";" -0,45249768"
"202400051654";"17";"08";"2024";"03:00";"3";"57";"57086";"1";"9";"1";"6";"D93";"48,80992800";"6,92756600"
"202400051655";"15";"02";"2024";"08:50";"1";"971";"97103";"1";"1";"1";"6";"n10";"16,24041300";" -61,58759600"
"202400051656";"3";"05";"2024";"19:48";"1";"37";"37122";"2";"1";"1";"6";"CHINON (BOULEVARD DE)";"47,35475000";"0,69605000"
"202400051657";"2";"12";"2024";"12:05";"1";"75";"75116";"2";"1";"1";"3";"BD PERIPHERIQUE INTERIEUR";"48,82562300";"2,30096500"
"202400051658";"8";"06";"2024";"12:10";"1";"13";"13028";"1";"1";"1";"3";"A50";"43,19179360";"5,65796611"
"202400051659";"26";"10";"2024";"13:00";"1";"62";"62122";"2";"1";"1";"2";"D20";"50,11412569";"2,93553648"
"202400051660";"12";"07";"2024";"09:00";"1";"13";"13097";"1";"1";"3";"2";"N568";"43,56134000";"4,79741900"
"202400051661";"4";"01";"2024";"05:15";"3";"44";"44104";"1";"1";"1";"6";"N/A";"47,41729300";" -0,99493900"
"202400051662";"16";"08";"2024";"20:15";"1";"58";"58086";"1";"1";"1";"1";"D995A";"47,42645400";"2,93186400"
"202400051663";"21";"09";"2024";"14:15";"1";"29";"29019";"1";"6";"1";"2";"D112";"48,41511000";" -4,47976000"
"202400051664";"15";"02";"2024";"16:50";"1";"69";"69013";"1";"1";"1";"2";"Route Départementale 306";"46,03156400";"4,71740500"