"Num_Acc";"jour";"mois";"an";"hrmn";"lum";"dep";"com";"agg";"int";"atm";"col";"adr";"lat";"long"
"202400051665";"2";"12";"2024";"08:20";"1";"75";"75120";"2";"1";"1";"3";"BD PERIPHERIQUE INTERIEUR";"48,85009900";"2,41510600"
"202400051666";"3";"01";"2024";"14:35";"1";"33";"33527";"1";"1";"1";"6";"N/A";"44,61511243";" -0,98876212"
"202400051667";"8";"06";"2024";"18:15";"1";"57";"57303";"1";"1";"7";"2";"Autoroute A31";"49,21612000";"6,17472000"
"202400051668";"3";"05";"2024";"08:45";"1";"37";"37261";"2";"6";"1";"3";"DASSAULT (AVENUE MARCEL)";"47,36414000";"0,68448000"
"202400051669";"13";"07";"2024";"15:15";"1";"03";"03139";"1";"1";"1";"1";"D995";"45,98103500";"3,70689900"
"202400051670";"16";"08";"2024";"12:43";"1";"72";"72268";"1";"1";"1";"6";"Route d'Ecommoy";"47,82182900";"0,24297600"
"202400051671";"27";"03";"2024";"16:00";"1";"58";"58194";"2";"2";"1";"3";"RUE CLAUDE PARENT ";"47,00188000";"3,15591000"
"202400051672";"10";"02";"2024";"13:10";"1";"28";"28092";"1";"9";"2";"6";"A10";"48,35584100";"1,87567400"
"202400051673";"27";"10";"2024";"12:31";"1";"59";"59535";"1";"1";"1";"7";"Chemin de Berthen au Mont-Noir";"50,77773200";"2,71073300"
"202400051674";"30";"11";"2024";"23:50";"5";"75";"75120";"2";"1";"1";"2";"BD PERIPHERIQUE EXTERIEUR";"48,85542800";"2,41405100"
"202400051675";"10";"06";"2024";"13:10";"1";"33";"33039";"1";"1";"1";"3";"N/A";"44,79872000";" -0,53659000"
"202400051676";"24";"10";"2024";"00:05";"3";"13";"13211";"1";"1";"1";"2";"A50-Sens Marseille vers Aubagne";"43,29462000";"5,46458000"
"202400051677";"15";"02";"2024";"20:00";"3";"29";"29136";"1";"1";"2";"6";"Lieu Dit Kerflatres";"47,91714700";" -3,47863200"
"202400051678";"30";"11";"2024";"22:00";"5";"75";"75119";"2";"1";"1";"2";"BD PERIPHERIQUE EXTERIEUR";"48,90060600";"2,37393300"
"202400051679";"17";"08";"2024";"19:53";"1";"44";"44138";"1";"1";"1";"7";"N/A";"47,53733300";" -1,63671600"
"202400051680";"22";"09";"2024";"00:15";"3";"27";"27229";"2";"2";"3";"3";"SAINT GERMAIN (RUE)";"49,01953000";"1,13890000"
"202400051681";"24";"10";"2024";"07:00";"5";"13";"13211";"1";"1";"2";"3";"A507 sens Marseille - Aubagne";"43,29156659";"5,42441905"
"202400051682";"3";"05";"2024";"21:45";"5";"35";"35238";"2";"2";"1";"3";"SAINT-MALO (RUE DE)";"48,12066026";" -1,68176383"
"202400051683";"6";"06";"2024";"23:15";"3";"59";"59350";"1";"1";"1";"6";"AUTOROUTE A25";"50,61630000";"3,07432000"
"202400051684";"4";"01";"2024";"14:05";"1";"77";"77370";"1";"1";"1";"4";"A6 PK 078+900";"48,22538700";"2,76396300"
"202400051685";"12";"07";"2024";"10:10";"1";"73";"73257";"1";"2";"3";"3";"D915";"45,46555200";"6,52668900"
"202400051686";"26";"03";"2024";"08:58";"1";"56";"56121";"2";"1";"1";"6";"Rue Robert Schuman";"47,76615000";" -3,38609000"
"202400051687";"17";"08";"2024";"11:50";"1";"30";"30290";"1";"3";"1";"3";"D901";"44,27420000";"4,60672300"
"202400051688";"15";"02";"2024";"19:39";"5";"78";"78368";"1";"1";"1";"1";"D307";"48,89160500";"1,88584000"
"202400051689";"2";"01";"2024";"04:00";"3";"988";"98822";"2";"1";"1";"6";"RT3";" -20,93116500";"165,32422400"
"202400051690";"8";"06";"2024";"04:25";"3";"59";"59507";"1";"1";"1";"6";"AUTOROUTE A1";"50,60802305";"3,09486175"
"202400051691";"21";"09";"2024";"08:55";"1";"25";"25462";"2";"3";"1";"3";"SALINS DE (DU 16 AU 63)";"46,90815000";"6,34125000"
"202400051692";"26";"03";"2024";"16:30";"1";"54";"54395";"2";"1";"1";"6";"Rue Montesquieu";"48,69029221";"6,18587673"
"202400051693";"3";"05";"2024";"20:50";"2";"34";"34301";"2";"3";"1";"3";"IRIS (RUE DES)";"43,40000000";"3,68300000"
"202400051694";"9";"07";"2024";"10:15";"1";"38";"38455";"2";"2";"1";"6";"Rue de la Grande Charrière";"45,62725200";"5,32078900"
"202400051695";"14";"02";"2024";"16:15";"1";"83";"83065";"1";"1";"1";"3";"Route du Bourrian";"43,24770400";"6,57993100"
"202400051696";"3";"01";"2024";"15:50";"1";"13";"13081";"1";"9";"1";"3";"D21";"43,49339800";"5,21648900"
"202400051697";"2";"12";"2024";"14:44";"1";"75";"75107";"2";"2";"1";"3";"RUE FABERT";"48,85994900";"2,31136100"
"202400051698";"1";"06";"2024";"04:00";"3";"59";"59564";"1";"1";"2";"6";"AUTOROUTE A23";"50,35147000";"3,47920000"
"202400051699";"26";"03";"2024";"15:45";"1";"54";"54395";"2";"1";"1";"6";"Avenue Raymond Pinchard";"48,70191289";"6,15103483"
"202400051700";"12";"07";"2024";"18:30";"2";"38";"38376";"2";"1";"3";"7";"D520c";"45,43298800";"5,79749800"
"202400051701";"12";"08";"2024";"16:45";"1";"83";"83018";"2";"1";"1";"1";"Chemin de Saint-quinis";"43,35319500";"6,17100700"
"202400051702";"4";"05";"2024";"00:45";"5";"34";"34172";"2";"1";"1";"2";"RAVAZ (AVENUE DU PROFESSEUR LOUIS";"43,62405000";"3,84309000"
"202400051703";"4";"01";"2024";"07:01";"4";"71";"71583";"1";"1";"1";"6";"route des allemands";"46,26853347";"4,78049178"
"202400051704";"26";"10";"2024";"01:15";"3";"69";"69029";"1";"1";"1";"5";"Route Départementale 383   ";"45,73066977";"4,89907222"
"202400051705";"20";"09";"2024";"22:15";"5";"18";"18033";"2";"3";"1";"5";"9 Avenue des Prés le Roi";"47,09376000";"2,39240000"
"202400051706";"10";"06";"2024";"16:40";"1";"93";"93027";"1";"1";"1";"2";"A86";"48,92373060";"2,38525629"
"202400051707";"15";"02";"2024";"18:35";"3";"71";"71360";"1";"2";"1";"3";"D17";"46,32704600";"4,75679600"
"202400051708";"15";"08";"2024";"18:45";"2";"19";"19123";"2";"1";"7";"7";"Avenue Honoré De Balzac";"45,15979900";"1,56569700"
"202400051709";"2";"12";"2024";"00:50";"5";"75";"75106";"2";"7";"8";"6";"PLACE SAINT MICHEL";"48,85375600";"2,34428800"
"202400051710";"3";"01";"2024";"16:18";"2";"88";"88253";"1";"1";"3";"1";"Route de Dogneville";"48,20847300";"6,47729900"
"202400051711";"3";"05";"2024";"18:40";"1";"34";"34172";"2";"4";"1";"3";"MARES (AVENUE HENRI)";"43,62027000";"3,85530000"
"202400051712";"27";"03";"2024";"16:20";"1";"51";"51172";"2";"1";"1";"2";"ALSACE LORRAINE (BOULEVARD)";"49,21970000";"4,03965000"
"202400051713";"16";"02";"2024";"13:45";"1";"57";"57413";"1";"1";"2";"1";"D25d";"49,12587600";"6,65586900"
"202400051714";"21";"09";"2024";"15:29";"1";"17";"17380";"1";"1";"8";"2";"ROYAN (DE)";"45,66260000";" -1,05984000"
"202400051715";"10";"06";"2024";"08:10";"1";"92";"92036";"1";"1";"1";"3";"AUTOROUTE A15";"48,94067835";"2,29263081"
"202400051716";"26";"10";"2024";"02:58";"3";"01";"01043";"1";"1";"1";"3";"A432N 6.850 A 9.125";"45,85924000";"4,98243000"
"202400051717";"8";"07";"2024";"14:45";"1";"69";"69050";"1";"1";"1";"6";"Route du Pont de Dorieux";"45,85290000";"4,64968200"
"202400051718";"2";"01";"2024";"17:50";"3";"57";"57645";"2";"1";"3";"6";"voie Romaine";"49,19398900";"6,14395900"
"202400051719";"29";"01";"2024";"18:18";"3";"84";"84031";"2";"1";"1";"6";"COUBERTIN AVENUE PIERRE DE";"44,03561000";"5,05744000"
"202400051720";"2";"12";"2024";"10:50";"1";"75";"75120";"2";"3";"1";"3";"BOULEVARD DAVOUT";"48,85586814";"2,41034478"
"202400051721";"15";"02";"2024";"17:27";"1";"38";"38401";"1";"1";"1";"6";"Rue du Bas Cuirieu";"45,55897200";"5,42883400"
"202400051722";"3";"05";"2024";"07:40";"1";"34";"34172";"2";"1";"1";"6";"PUECH VILLA (RUE DE)";"43,64100000";"3,83108000"
"202400051723";"26";"10";"2024";"12:50";"1";"91";"91434";"1";"1";"1";"2";"AUTOROUTE A6";"48,66810500";"2,35461000"
"202400051724";"27";"03";"2024";"12:50";"1";"51";"51454";"2";"2";"1";"3";"BELGES (BOULEVARD DES) DU 67 A FIN ET 11";"49,27627000";"4,02678000"
"202400051725";"21";"09";"2024";"01:40";"5";"13";"13103";"2";"1";"1";"6";"BOULEVARD FOCH-MARECHAL";"43,63973000";"5,09471000"
"202400051726";"2";"12";"2024";"19:22";"3";"75";"75116";"2";"1";"1";"2";"ALLEE DU BORD DE L EAU";"48,87491000";"2,24529000"
"202400051727";"17";"08";"2024";"06:13";"2";"80";"80168";"1";"1";"8";"1";"D49";"50,11424800";"2,27665500"
"202400051728";"4";"05";"2024";"01:26";"5";"31";"31555";"2";"1";"1";"6";"RUE DU LOT";"43,58022000";"1,41082000"
"202400051729";"14";"02";"2024";"10:00";"1";"38";"38377";"2";"3";"1";"3";"Rue du Pensionnat";"45,57369600";"5,47222700"
"202400051730";"27";"02";"2024";"10:55";"1";"14";"14530";"2";"1";"1";"2";"1 Route d'Hérouvillette";"49,22747000";" -0,24524000"
"202400051731";"4";"01";"2024";"11:45";"1";"73";"73318";"1";"1";"1";"6";"D78 A";"45,23710100";"6,27920200"
"202400051732";"13";"07";"2024";"02:50";"5";"81";"81099";"2";"3";"1";"6";"Rue Côte du Tarn";"43,89935200";"1,89540700"
"202400051733";"26";"10";"2024";"03:53";"4";"75";"75113";"1";"1";"2";"6";"A6B";"48,81642874";"2,35729314"
"202400051734";"22";"03";"2024";"21:15";"5";"50";"50502";"2";"1";"1";"2";"SAINT THOMAS";"49,11430950";" -1,09318500"
"202400051735";"12";"07";"2024";"19:00";"1";"09";"09240";"1";"1";"1";"7";"Chemin de Sakanie";"42,84397200";"1,59402100"
"202400051736";"15";"02";"2024";"16:35";"1";"85";"85250";"1";"1";"1";"7";"la marinière";"46,58723300";" -1,69236700"
"202400051737";"2";"12";"2024";"15:08";"1";"75";"75115";"2";"4";"1";"6";"RUE DES FRERES MORANE";"48,84260100";"2,29229500"
"202400051738";"21";"09";"2024";"16:00";"1";"13";"13213";"2";"1";"1";"2";"Marie Louise (Bd)";"43,34000000";"5,41369000"
"202400051739";"3";"05";"2024";"12:00";"1";"31";"31555";"2";"1";"1";"6";"AV DE LA GLOIRE";"43,60676000";"1,47347000"
"202400051740";"16";"08";"2024";"11:20";"1";"80";"80318";"2";"9";"2";"3";"57 Rue Roger Godard";"50,01402800";"2,08169300"
"202400051741";"3";"01";"2024";"18:15";"3";"81";"81093";"1";"1";"1";"3";"A68";"43,89590600";"2,02865100"
"202400051742";"27";"03";"2024";"16:59";"1";"49";"49267";"2";"1";"1";"3";"MARMITIERE";"47,47264000";" -0,49356000"
"202400051743";"15";"02";"2024";"18:55";"5";"44";"44103";"2";"1";"1";"6";"16 Rue Henri Gautier";"47,30512000";" -2,18140800"
"202400051744";"9";"06";"2024";"17:00";"2";"974";"97416";"1";"1";"1";"3";"ISAUTIER (AVENUE CHARLES)";" -21,31600000";"55,45160000"
"202400051745";"25";"10";"2024";"23:44";"5";"91";"91661";"1";"1";"2";"2";"AUTOROUTE A10";"48,68864000";"2,21854000"
"202400051746";"9";"07";"2024";"15:45";"1";"33";"33319";"2";"4";"1";"6";"N/A";"44,81705300";"0,07778400"
"202400051747";"3";"05";"2024";"08:30";"1";"29";"29232";"2";"1";"1";"6";"Route de Rosporden";"47,98431888";" -4,04252302"
"202400051748";"2";"12";"2024";"18:15";"5";"75";"75112";"2";"3";"1";"1";"RUE DE CHARENTON";"48,83610300";"2,39223700"
"202400051749";"20";"09";"2024";"16:15";"1";"12";"12145";"2";"3";"1";"3";"VERDUN (AVENUE DE)";"44,09496000";"3,07340000"
"202400051750";"13";"02";"2024";"19:20";"2";"44";"44026";"2";"1";"2";"7";"12 Rue Véga";"47,27800300";" -1,46831100"
"202400051751";"27";"03";"2024";"08:40";"1";"39";"39198";"1";"1";"2";"1";"N/A";"47,11050000";"5,49382900"
"202400051752";"3";"01";"2024";"10:45";"1";"50";"50643";"1";"1";"3";"5";"D650";"49,58180900";" -1,69919000"
"202400051753";"9";"06";"2024";"18:05";"1";"973";"97309";"2";"1";"1";"1";"PETIT LUCAS (CITE)";"4,92097642";" -52,30353472"
"202400051754";"14";"02";"2024";"16:55";"1";"83";"83137";"1";"1";"1";"6";"A50";"43,12501979";"5,90609579"
"202400051755";"16";"08";"2024";"12:45";"1";"65";"65388";"1";"1";"1";"7";"Col de Portet (Col de montagne)";"42,83448400";"0,24755700"
"202400051756";"12";"07";"2024";"18:25";"1";"35";"35300";"1";"3";"3";"3";"Lieu Dit la Prevalaye";"48,18757800";" -1,09707600"
"202400051757";"3";"05";"2024";"11:15";"1";"29";"29039";"2";"6";"1";"3";"Rue de Trégunc";"47,86983438";" -3,90617900"
"202400051758";"2";"12";"2024";"07:00";"5";"75";"75110";"2";"3";"1";"6";"BOULEVARD DE STRASBOURG";"48,87121000";"2,35528900"
"202400051759";"27";"03";"2024";"15:27";"1";"37";"37261";"2";"9";"8";"6";"VAILLANT (RUE EDOUARD)";"47,38184000";"0,70646000"
"202400051760";"26";"10";"2024";"06:40";"5";"92";"92036";"1";"1";"1";"2";"RN315 W";"48,93472322";"2,30194713"
"202400051761";"3";"01";"2024";"16:45";"1";"22";"22050";"2";"1";"1";"6";"Rue Thiers";"48,45468000";" -2,04875700"
"202400051762";"21";"09";"2024";"15:30";"1";"06";"06159";"2";"3";"1";"5";"LEOPOLD II (AVENUE)";"43,70990000";"7,31811000"
"202400051763";"16";"08";"2024";"17:30";"1";"63";"63430";"1";"6";"1";"7";"D906";"45,87877062";"3,52244049"
"202400051764";"8";"06";"2024";"19:45";"3";"973";"97302";"2";"2";"1";"3";"CABASSOU (ROUTE DE)";"4,91924000";" -52,31755000"
"202400051765";"2";"12";"2024";"18:24";"5";"75";"75109";"2";"2";"1";"6";"RUE DU HAVRE";"48,87418100";"2,32698000"
"202400051766";"14";"02";"2024";"10:50";"1";"83";"83144";"1";"1";"1";"4";"A57";"43,13737986";"5,99509405"
"202400051767";"13";"07";"2024";"05:28";"2";"62";"62845";"1";"1";"1";"1";"A16";"50,63270100";"1,66508800"
"202400051768";"4";"01";"2024";"17:40";"4";"76";"76116";"2";"1";"3";"6";"Route de Paris";"49,38913104";"1,20076999"
"202400051769";"16";"08";"2024";"06:30";"2";"22";"22328";"1";"1";"2";"7";"D31";"48,40779600";" -3,34870600"
"202400051770";"27";"03";"2024";"18:00";"2";"35";"35238";"2";"6";"2";"3";"ALBERT 1ER (BD)";"48,08963000";" -1,68531000"
"202400051771";"2";"05";"2024";"10:50";"1";"29";"29019";"2";"6";"1";"3";"rue Yves Collet";"48,39155000";" -4,48046000"
"202400051772";"21";"09";"2024";"00:01";"3";"06";"06027";"2";"1";"1";"1";"80 Chemin de la Maure";"43,68230000";"7,16040000"
"202400051773";"26";"10";"2024";"19:16";"3";"95";"95604";"1";"1";"1";"6";"A1";"49,10108136";"2,55058810"
"202400051774";"15";"02";"2024";"07:00";"3";"69";"69256";"1";"1";"1";"6";"Route Nationale 346 ";"45,79699000";"4,92752000"
"202400051775";"9";"06";"2024";"16:50";"1";"69";"69034";"2";"2";"1";"6";"Rue de la Gare de Cuire";"45,78634000";"4,83008000"
"202400051776";"2";"12";"2024";"12:00";"1";"75";"75101";"2";"3";"1";"2";"RUE ETIENNE MARCEL";"48,86438900";"2,34667200"
"202400051777";"3";"01";"2024";"07:50";"5";"13";"13213";"1";"1";"1";"2";"A507 sens Aubagne- Marseille";"43,32917000";"5,41514000"
"202400051778";"27";"03";"2024";"09:00";"1";"35";"35238";"2";"1";"2";"2";"ARMORIQUE (BD D')";"48,13127000";" -1,67418000"
"202400051779";"13";"08";"2024";"07:30";"1";"39";"39470";"2";"1";"7";"6";"90 Route du Noirmont";"46,48564000";"6,06135200"
"202400051780";"17";"09";"2024";"14:50";"1";"05";"05023";"1";"1";"1";"1";"Avenue du Col de l’Izoard";"44,88532000";"6,65186000"
"202400051781";"8";"07";"2024";"17:25";"1";"13";"13212";"1";"1";"1";"4";"A507 sens Marseille - Aubagne";"43,30824000";"5,42491000"
"202400051782";"26";"10";"2024";"13:40";"1";"93";"93007";"1";"1";"1";"5";"AUTOROUTE A3";"48,92345412";"2,48055469"
"202400051783";"3";"01";"2024";"09:25";"1";"33";"33192";"1";"1";"1";"6";"ROCADE A 630";"44,78882800";" -0,60276100"
"202400051784";"27";"03";"2024";"02:15";"3";"34";"34129";"1";"1";"2";"6";"PALAVAS D986 (ROUTE DE)";"43,54825700";"3,89440300"
"202400051785";"17";"08";"2024";"10:10";"1";"39";"39560";"1";"1";"1";"7";"N/A";"46,36477300";"5,85835200"
"202400051786";"9";"06";"2024";"11:38";"1";"95";"95051";"2";"6";"1";"6";"PIERRE SEMARD (AVENUE)";"49,01094679";"2,19648778"
"202400051787";"14";"02";"2024";"15:56";"1";"33";"33013";"1";"1";"1";"2";"N/A";"44,86061000";" -0,50409000"
"202400051788";"1";"12";"2024";"16:00";"1";"94";"94081";"2";"1";"1";"1";"Place de l'Eglise";"48,79139700";"2,39412300"
"202400051789";"4";"05";"2024";"01:25";"5";"25";"25056";"2";"1";"1";"3";"DROZ   AVENUE EDOUARD";"47,24223000";"6,03122000"
"202400051790";"26";"10";"2024";"09:00";"1";"92";"92078";"1";"1";"2";"6";"AUTOROUTE A86";"48,92928253";"2,32938717"
"202400051791";"20";"09";"2024";"12:35";"1";"01";"01053";"2";"3";"1";"3";"JOLIOT CURIE ( BOULEVARD IRENE COTE IMPA";"46,20960000";"5,23010000"
"202400051792";"27";"03";"2024";"08:35";"1";"34";"34003";"2";"9";"1";"6";"SAINT-LOUP (CHEMIN DU MONT)";"43,30475000";"3,48754000"
"202400051793";"12";"07";"2024";"01:30";"3";"13";"13001";"1";"1";"1";"2";"A51-Sens Aix en Provence vers Marseille";"43,52250000";"5,42646000"
"202400051794";"2";"01";"2024";"10:30";"1";"33";"33249";"1";"1";"8";"3";"N/A";"44,87002900";" -0,50494600"
"202400051795";"26";"10";"2024";"03:20";"3";"95";"95572";"1";"1";"2";"6";"A15";"49,03204670";"2,11283101"
"202400051796";"17";"08";"2024";"15:45";"1";"39";"39081";"1";"1";"7";"1";"N/A";"46,86416400";"5,71469800"
"202400051797";"2";"12";"2024";"13:25";"1";"94";"94068";"2";"1";"1";"6";"Rue du Pont de Créteil";"48,80462000";"2,47153000"
"202400051798";"9";"06";"2024";"13:45";"1";"95";"95197";"1";"3";"1";"1";"BOURGEOIS (RUE)";"48,97837441";"2,32764065"
"202400051799";"15";"02";"2024";"10:50";"1";"91";"91689";"1";"1";"1";"4";"AUTOROUTE A6";"48,73056000";"2,31487000"
"202400051800";"2";"05";"2024";"16:50";"1";"23";"23096";"2";"3";"8";"3";"65 BERRY (AVENUE DU)";"46,18030000";"1,88390000"
"202400051801";"27";"03";"2024";"19:05";"2";"33";"33039";"2";"1";"1";"3";"N/A";"44,78723000";" -0,53629000"
"202400051802";"20";"09";"2024";"11:04";"1";"75";"75115";"2";"3";"1";"6";"RUE DE VAUGIRARD";"48,84508033";"2,32009828"
"202400051803";"10";"07";"2024";"09:00";"1";"13";"13212";"1";"1";"1";"2";"A507 sens Marseille - Aubagne";"43,29903078";"5,42499304"
"202400051804";"3";"01";"2024";"17:15";"2";"91";"91179";"1";"1";"8";"2";"AUTOROUTE A6";"48,56785000";"2,47231000"
"202400051805";"25";"10";"2024";"13:00";"1";"95";"95607";"1";"1";"1";"3";"A115";"49,01688900";"2,21463964"
"202400051806";"15";"08";"2024";"10:50";"1";"39";"39017";"1";"2";"1";"3";"N/A";"46,75985500";"5,55583400"
"202400051807";"2";"12";"2024";"09:25";"1";"94";"94034";"2";"9";"1";"3";"Carrefour de la Déportation";"48,76060100";"2,31824500"
"202400051808";"9";"06";"2024";"06:30";"2";"91";"91521";"1";"1";"1";"2";"RN 449";"48,63578251";"2,40127444"
"202400051809";"15";"02";"2024";"09:04";"1";"92";"92036";"1";"1";"1";"2";"A86";"48,93368348";"2,27544143"
"202400051810";"21";"09";"2024";"17:00";"1";"75";"75118";"2";"1";"1";"6";"RUE BOUCRY";"48,89438900";"2,36113700"
"202400051811";"2";"12";"2024";"06:40";"5";"94";"94071";"2";"1";"2";"6";"Chemin Vert";"48,76513000";"2,50271000"
"202400051812";"27";"03";"2024";"18:45";"1";"33";"33318";"2";"3";"1";"3";"AVE DE VILLEMEJAN";"44,79823000";" -0,60762000"
"202400051813";"25";"10";"2024";"07:30";"2";"93";"93005";"1";"1";"1";"3";"AUTOROUTE A3";"48,96749258";"2,47881329"
"202400051814";"16";"08";"2024";"10:15";"1";"29";"29074";"1";"2";"2";"6";"D11";"48,46549139";" -4,01809184"
"202400051815";"8";"06";"2024";"10:10";"1";"85";"85194";"2";"6";"1";"3";"Boulevard du vendée globe";"46,50203000";" -1,75912000"
"202400051816";"3";"01";"2024";"15:52";"1";"91";"91617";"1";"1";"2";"4";"RN 104";"48,63188400";"2,49616300"
"202400051817";"3";"05";"2024";"14:36";"1";"19";"19031";"2";"1";"1";"3";"DORMOY (BOULEVARD MARX)";"45,16776000";"1,54042000"
"202400051818";"14";"02";"2024";"17:20";"1";"78";"78043";"1";"1";"1";"5";"A12 W";"48,84068800";"2,09647900"
"202400051819";"21";"09";"2024";"21:30";"5";"75";"75115";"2";"3";"1";"3";"RUE DESNOUETTES";"48,83445200";"2,28404600"
"202400051820";"17";"08";"2024";"13:00";"1";"29";"29025";"1";"1";"1";"7";"Rue du Menhir";"48,15789300";" -4,14548800"
"202400051821";"2";"12";"2024";"21:20";"5";"93";"93066";"2";"9";"1";"1";"FRANCE ANATOLE (BOULEVARD) NR 2 A 24";"48,92822000";"2,35362000"
"202400051822";"27";"03";"2024";"07:40";"1";"31";"31069";"2";"2";"1";"6";"PONS (BD FIRMIN)";"43,63437300";"1,39859200"
"202400051823";"26";"10";"2024";"21:40";"3";"77";"77122";"1";"9";"1";"2";"RN104";"48,64626000";"2,55791000"
"202400051824";"13";"02";"2024";"20:10";"3";"95";"95488";"1";"1";"2";"6";"A15";"49,01634499";"2,14386807"
"202400051825";"3";"01";"2024";"13:40";"1";"91";"91363";"1";"1";"3";"6";"RN 104";"48,66340000";"2,18890000"
"202400051826";"8";"06";"2024";"11:35";"1";"85";"85194";"2";"1";"1";"3";"Avenue françois mitterrand";"46,52563000";" -1,77483000"
"202400051827";"17";"08";"2024";"02:20";"3";"29";"29220";"2";"6";"1";"6";"Kermaria";"47,88052704";" -4,21828025"
"202400051828";"12";"07";"2024";"16:27";"1";"33";"33167";"1";"1";"1";"5";"N/A";"44,82095400";" -0,51803800"
"202400051829";"20";"09";"2024";"18:30";"1";"75";"75114";"2";"7";"2";"6";"RUE DU CHATEAU";"48,83745100";"2,31813400"
"202400051830";"3";"05";"2024";"14:10";"1";"19";"19031";"2";"3";"1";"3";"THIERS (AVENUE)";"45,15756063";"1,53797919"
"202400051831";"2";"12";"2024";"17:25";"5";"93";"93055";"2";"3";"1";"6";"LAKANAL";"48,89487000";"2,41047000"
"202400051832";"26";"10";"2024";"07:00";"3";"94";"94044";"1";"1";"2";"6";"N406";"48,75720257";"2,47547507"
"202400051833";"22";"03";"2024";"22:40";"5";"30";"30189";"1";"1";"1";"7";"BEAUCAIRE (ROUTE)";"43,83430000";"4,41340000"
"202400051834";"3";"01";"2024";"09:20";"1";"91";"91174";"1";"1";"1";"7";"RN 104";"48,61607000";"2,45538000"
"202400051835";"14";"02";"2024";"08:30";"1";"987";"98735";"2";"1";"1";"2";"DESTREMEAU (RUE )";" -17,54518190";" -149,57633620"
"202400051836";"11";"07";"2024";"07:40";"1";"33";"33063";"1";"1";"1";"7";"N/A";"44,88368100";" -0,55687800"
"202400051837";"10";"08";"2024";"18:45";"1";"31";"31098";"2";"1";"1";"6";"Avenue Raymond Sommer";"43,72810400";"1,05394200"
"202400051838";"9";"06";"2024";"21:50";"5";"84";"84007";"1";"2";"3";"2";"CHARLES DE GAULLE";"43,93437000";"4,83177000"
"202400051839";"3";"01";"2024";"06:10";"5";"75";"75113";"1";"1";"2";"6";"A6B";"48,81642874";"2,35729314"
"202400051840";"21";"09";"2024";"21:30";"5";"75";"75111";"2";"3";"1";"1";"BOULEVARD BEAUMARCHAIS";"48,85586400";"2,36857900"
"202400051841";"25";"10";"2024";"18:20";"5";"988";"98818";"2";"2";"1";"6";"RUE DE CHARLEROI/RUE HENRI SCHMIDT";" -22,27544000";"166,45982000"
"202400051842";"2";"05";"2024";"05:35";"5";"14";"14118";"2";"3";"2";"7";"Rue Alfred Kastler";"49,19992600";" -0,39302800"
"202400051843";"14";"02";"2024";"06:35";"1";"974";"97416";"1";"1";"1";"6";"MAITRE (RUE DU PERE)";" -21,28291000";"55,46431000"
"202400051844";"2";"12";"2024";"16:45";"1";"93";"93030";"2";"1";"8";"3";"LECLERC DE HAUTECLOQUE (AVENUE DU MARECH";"48,94420601";"2,41752853"
"202400051845";"27";"03";"2024";"09:10";"1";"28";"28404";"2";"9";"1";"4";"RN 154";"48,70877619";"1,36990851"
"202400051846";"10";"07";"2024";"22:45";"3";"33";"33474";"1";"1";"1";"6";"N/A";"44,66258000";" -0,45929000"
"202400051847";"9";"06";"2024";"17:00";"1";"77";"77379";"2";"9";"1";"6";"VOULZIE (AVENUE DE LA)";"48,54675574";"3,29178309"
"202400051848";"16";"08";"2024";"23:00";"3";"02";"02109";"2";"1";"2";"7";"Rue de Verdun";"49,86122300";"3,98757600"
"202400051849";"25";"10";"2024";"16:48";"1";"988";"98818";"2";"1";"1";"2";"RUE LEON COURSIN";" -22,27570000";"166,44783000"
"202400051850";"3";"05";"2024";"21:30";"5";"13";"13215";"2";"1";"1";"1";"LITTORAL (CHEMIN DU)";"43,34075000";"5,34804000"
"202400051851";"21";"09";"2024";"00:50";"5";"75";"75111";"2";"5";"2";"1";"AVENUE DE LA REPUBLIQUE";"48,86285910";"2,38723290"
"202400051852";"27";"03";"2024";"09:59";"1";"27";"27229";"2";"1";"8";"7";"ORLEANS (RUE D')";"49,00125000";"1,15331000"
"202400051853";"1";"12";"2024";"21:11";"4";"93";"93007";"2";"2";"1";"3";"8 MAI 45 (AVENUE DU 1 AU 182)";"48,94157680";"2,43611097"
"202400051854";"12";"02";"2024";"16:45";"1";"974";"97411";"2";"3";"1";"3";"DANCING (RUELLE DU)";" -20,88632000";"55,46969000"
"202400051855";"17";"08";"2024";"11:00";"1";"26";"26376";"1";"1";"1";"6";"RD94";"44,43316700";"5,28257800"
"202400051856";"11";"07";"2024";"17:52";"1";"59";"59350";"1";"1";"1";"6";"ROUTE NATIONALE 356";"50,63159000";"3,08274000"
"202400051857";"8";"06";"2024";"18:20";"1";"77";"77464";"2";"1";"1";"3";"RAYMOND POINCARE  (RUE   )";"48,88256000";"2,70800000"
"202400051858";"20";"02";"2024";"15:00";"1";"26";"26362";"2";"1";"1";"3";"Rue P. E. Marcelin Berthelot";"44,93121000";"4,89863000"
"202400051859";"21";"09";"2024";"06:35";"5";"94";"94068";"2";"1";"2";"3";"Rue André Bollier";"48,80376095";"2,47441915"
"202400051860";"17";"08";"2024";"01:10";"3";"58";"58122";"1";"1";"1";"6";"PR 008+750";"47,28344300";"3,07347100"
"202400051861";"14";"03";"2024";"20:50";"2";"11";"11262";"2";"2";"1";"3";"4 Avenue Elie Sermet";"43,18720000";"3,00960000"
"202400051862";"25";"10";"2024";"06:45";"1";"974";"97416";"2";"6";"1";"3";"BANK (BOULEVARD)";" -21,33000000";"55,47500000"