"Num_Acc";"jour";"mois";"an";"hrmn";"lum";"dep";"com";"agg";"int";"atm";"col";"adr";"lat";"long"
"202400052643";"2";"05";"2024";"01:30";"5";"92";"92007";"2";"1";"2";"6";"PLUCHET (RUE ALPHONSE)";"48,79981262";"2,30114132"
"202400052644";"16";"08";"2024";"00:40";"3";"974";"97412";"1";"1";"1";"6";"12 Rue Marcel Pagnol";" -21,38018100";"55,65765000"
"202400052645";"20";"09";"2024";"22:00";"5";"33";"33063";"2";"1";"1";"2";"N/A";"44,86358000";" -0,58168000"
"202400052646";"2";"01";"2024";"19:25";"5";"31";"31483";"2";"1";"1";"1";"FRANCOIS MITTERAND ( AVENUE)";"43,11042000";"0,73504000"
"202400052647";"14";"02";"2024";"10:53";"1";"67";"67112";"1";"3";"1";"1";"Rue de la Gare";"48,53877600";"7,56652800"
"202400052648";"25";"10";"2024";"09:58";"1";"94";"94041";"2";"1";"1";"6";"Rue Maurice Gunsbourg";"48,81200000";"2,40408000"
"202400052649";"2";"05";"2024";"18:20";"1";"92";"92007";"2";"3";"2";"6";"LATERAL (CHEMIN)";"48,80157216";"2,30033612"
"202400052650";"7";"07";"2024";"10:42";"1";"08";"08409";"2";"1";"1";"7";"CHANZY (BOULEVARD)";"49,70219000";"4,94440000"
"202400052651";"15";"08";"2024";"14:30";"1";"972";"97201";"2";"1";"1";"7";"Cite Grenade";"14,81959000";" -61,11174300"
"202400052652";"10";"06";"2024";"06:30";"2";"01";"01004";"1";"1";"1";"5";"D1075";"45,96927300";"5,33957000"
"202400052653";"24";"03";"2024";"23:05";"3";"971";"97101";"1";"1";"1";"4";"PERRIN";"16,28279000";" -61,50668000"
"202400052654";"25";"10";"2024";"15:25";"1";"94";"94038";"2";"1";"1";"6";"6 Avenue Aristide Briand";"48,77939400";"2,33531200"
"202400052655";"7";"09";"2024";"15:50";"1";"33";"33063";"2";"1";"1";"3";"N/A";"44,90220000";" -0,57961000"
"202400052656";"3";"05";"2024";"13:00";"1";"92";"92004";"2";"1";"1";"6";"VOLTAIRE ( BD 16 A FIN )";"48,91433000";"2,29472000"
"202400052657";"16";"08";"2024";"00:28";"4";"63";"63446";"2";"1";"1";"7";"Route de la Côte Rousse";"46,05106931";"3,16472177"
"202400052658";"6";"06";"2024";"16:17";"1";"45";"45269";"1";"1";"1";"2";"A10 PR 107 + 616";"47,87882600";"1,73762100"
"202400052659";"29";"11";"2024";"19:20";"4";"29";"29232";"2";"6";"1";"6";"Route de Brest";"48,01503000";" -4,08192000"
"202400052660";"2";"05";"2024";"14:50";"1";"92";"92014";"2";"1";"8";"7";"BIEVRE (RUE DE LA)";"48,78083650";"2,32010776"
"202400052661";"14";"02";"2024";"16:50";"1";"69";"69228";"2";"1";"1";"6";"1292 Route de Villette";"45,57983600";"4,63138100"
"202400052662";"2";"01";"2024";"15:00";"1";"14";"14301";"2";"1";"3";"6";"8 Rue de l'Église";"49,18317000";" -0,28611000"
"202400052663";"9";"07";"2024";"20:49";"2";"06";"06088";"2";"3";"1";"6";"11 Avenue Antonia Augusta";"43,72295120";"7,28549550"
"202400052664";"26";"03";"2024";"19:01";"2";"95";"95277";"2";"9";"1";"3";"PIERRE SALVI (AVENUE)";"48,99128272";"2,43353069"
"202400052665";"1";"12";"2024";"06:15";"5";"15";"15014";"2";"1";"1";"6";"Rue Henri Delmont";"44,93469000";"2,45020000"
"202400052666";"20";"09";"2024";"01:50";"5";"33";"33063";"2";"2";"1";"3";"N/A";"44,83510000";" -0,57499000"
"202400052667";"14";"02";"2024";"09:45";"1";"69";"69072";"1";"1";"1";"6";"Autoroute 89";"45,83538000";"4,74942000"
"202400052668";"9";"06";"2024";"12:00";"1";"971";"97118";"1";"1";"2";"3";"Route de la Traversee";"16,17849000";" -61,72046200"
"202400052669";"16";"08";"2024";"10:00";"1";"86";"86165";"2";"3";"1";"3";"Avenue de l'Europe";"46,43088400";"0,86109400"
"202400052670";"27";"04";"2024";"00:40";"5";"12";"12301";"2";"1";"2";"6";"Faubourg du Grès";"44,43638100";"2,03488500"
"202400052671";"1";"12";"2024";"22:40";"5";"13";"13210";"2";"1";"1";"1";"PONT DE VIVAUX (BOULEVARD)";"43,28016000";"5,41959000"
"202400052672";"25";"10";"2024";"14:20";"1";"94";"94073";"2";"9";"1";"3";"Avenue de Versailles";"48,75939000";"2,39658000"
"202400052673";"2";"01";"2024";"02:45";"5";"13";"13210";"2";"1";"1";"1";"RABATAU (BOULEVARD)";"43,27319114";"5,39240373"
"202400052674";"11";"07";"2024";"11:15";"1";"06";"06069";"2";"1";"1";"6";"135 Route de Draguignan";"43,64509800";"6,90293000"
"202400052675";"11";"02";"2024";"23:00";"3";"67";"67152";"1";"9";"1";"6";"M83";"48,51760000";"7,69930000"
"202400052676";"15";"08";"2024";"23:30";"5";"974";"97410";"2";"1";"1";"6";"chemin de l'abondance";" -21,03437400";"55,67657100"
"202400052677";"8";"06";"2024";"16:10";"1";"77";"77177";"2";"1";"1";"7";"6 Rue de la Brie";"48,76281900";"2,77416600"
"202400052678";"1";"12";"2024";"20:15";"5";"13";"13211";"2";"1";"1";"1";"SAINT MARCEL (BOULEVARD DE )";"43,28810000";"5,46330000"
"202400052679";"4";"05";"2024";"08:00";"1";"38";"38378";"1";"1";"1";"6";"D4";"45,42084600";"4,77477700"
"202400052680";"26";"03";"2024";"08:15";"1";"91";"91377";"2";"6";"2";"3";"RUE APPERT";"48,73180000";"2,28373000"
"202400052681";"24";"10";"2024";"17:00";"1";"94";"94028";"2";"1";"1";"6";"Rue René Arcos";"48,77787000";"2,46322000"
"202400052682";"1";"01";"2024";"06:30";"5";"13";"13028";"2";"1";"1";"3";"RIPERT (AVENUE EMILE)";"43,18601000";"5,61400000"
"202400052683";"10";"06";"2024";"18:40";"1";"30";"30055";"2";"1";"1";"6";"649 Route des Fumades";"44,13112500";"4,23871600"
"202400052684";"16";"08";"2024";"06:30";"2";"60";"60069";"1";"1";"1";"6";"D922";"49,15080800";"2,92798500"
"202400052685";"19";"09";"2024";"15:51";"1";"33";"33249";"2";"2";"1";"3";"N/A";"44,88526000";" -0,51819000"
"202400052686";"1";"12";"2024";"08:00";"1";"13";"13211";"2";"1";"1";"2";"SAINT MARCEL (BOULEVARD DE )";"43,28749748";"5,46527398"
"202400052687";"10";"07";"2024";"18:00";"1";"03";"03185";"2";"3";"1";"3";"Avenue Jean Nègre";"46,34284000";"2,57795000"
"202400052688";"12";"02";"2024";"10:53";"1";"78";"78297";"1";"1";"1";"4";"RN12";"48,78961400";"2,05957200"
"202400052689";"2";"01";"2024";"12:40";"1";"11";"11069";"2";"1";"1";"6";"N/A";"43,19309000";"2,34016000"
"202400052690";"25";"10";"2024";"07:23";"3";"94";"94077";"2";"1";"1";"1";"Avenue le Foll";"48,72778000";"2,43625000"
"202400052691";"2";"05";"2024";"17:05";"1";"06";"06088";"2";"6";"2";"2";"432 Boulevard du Mercantour";"43,70401000";"7,18915700"
"202400052692";"1";"12";"2024";"07:30";"2";"13";"13215";"2";"1";"1";"6";"CAP PINEDE (Avenue)";"43,32805000";"5,36363000"
"202400052693";"20";"09";"2024";"17:30";"1";"29";"29039";"1";"1";"1";"7";"Rue de Melgven";"47,88105304";" -3,88655493"
"202400052694";"14";"08";"2024";"14:40";"1";"22";"22032";"2";"3";"1";"3";"Rue de Dinan";"48,28844400";" -2,15459700"
"202400052695";"25";"03";"2024";"12:25";"1";"89";"89387";"2";"3";"1";"3";"MAUPEOU (BOULEVARD)";"48,19957000";"3,27973000"
"202400052696";"8";"06";"2024";"00:45";"3";"83";"83071";"1";"9";"1";"1";"Ancien Chemin de Hyeres";"43,12861500";"6,21149400"
"202400052697";"11";"07";"2024";"16:45";"1";"01";"01053";"2";"3";"1";"3";"CHARMETTES ( RUE DES )";"46,19382000";"5,23930000"
"202400052698";"30";"11";"2024";"13:40";"1";"13";"13004";"2";"1";"1";"1";"AV VICTOR HUGO";"43,67491000";"4,63406000"
"202400052699";"25";"10";"2024";"11:40";"1";"94";"94071";"2";"6";"1";"3";"Rue de Paris";"48,77269600";"2,50079900"
"202400052700";"2";"01";"2024";"18:55";"3";"07";"07281";"1";"1";"2";"7";"C.D.533";"44,93618234";"4,82568338"
"202400052701";"20";"09";"2024";"18:50";"1";"29";"29019";"2";"1";"1";"2";"avenue Georges Pompidou";"48,41381982";" -4,47999179"
"202400052702";"21";"03";"2024";"15:15";"1";"89";"89024";"2";"1";"1";"6";"PREUILLY (RUE DE)";"47,79088000";"3,58098000"
"202400052703";"3";"05";"2024";"14:00";"1";"59";"59278";"2";"6";"1";"2";"Rue du General de Gaulle";"50,60783000";"2,95510800"
"202400052704";"10";"06";"2024";"07:50";"1";"25";"25469";"2";"2";"1";"1";"Grande Rue";"47,50168900";"6,73159400"
"202400052705";"1";"12";"2024";"19:10";"3";"09";"09225";"1";"1";"1";"1";"MIREPOIX ROUTE DE";"43,10176885";"1,63518995"
"202400052706";"14";"08";"2024";"19:30";"1";"50";"50512";"1";"5";"1";"3";"La Croix Genest";"49,04931000";" -1,17436800"
"202400052707";"12";"02";"2024";"09:15";"1";"78";"78322";"1";"1";"1";"4";"RN12 EXT";"48,78652102";"2,15182364"
"202400052708";"2";"01";"2024";"17:20";"4";"06";"06069";"2";"1";"1";"3";"Route de Cannes";"43,63635000";"6,95137000"
"202400052709";"11";"07";"2024";"09:40";"1";"75";"75117";"2";"1";"1";"2";"BD PERIPHERIQUE EXTERIEUR";"48,90061900";"2,32352000"
"202400052710";"3";"05";"2024";"22:30";"3";"30";"30262";"1";"1";"1";"6";"D982";"44,03068700";"4,47689700"
"202400052711";"25";"10";"2024";"17:25";"1";"94";"94081";"2";"1";"1";"6";"Avenue de la République";"48,80006927";"2,40027809"
"202400052712";"20";"09";"2024";"12:37";"1";"27";"27229";"2";"1";"1";"2";"JACQUARD (RUE)";"49,00187000";"1,13881000"
"202400052713";"18";"02";"2024";"19:40";"5";"83";"83137";"2";"6";"1";"3";"JUIN (AVE ALPHONSE)";"43,11967000";"5,94736000"
"202400052714";"30";"11";"2024";"16:45";"2";"06";"06088";"2";"1";"1";"6";"20 Rue Delille";"43,70178520";"7,27559420"
"202400052715";"10";"06";"2024";"06:15";"2";"88";"88095";"2";"3";"1";"6";"rue de lorraine";"48,30253000";"5,83338600"
"202400052716";"25";"10";"2024";"19:00";"5";"93";"93053";"2";"1";"1";"6";"REPUBLIQUE (BLD DE LA) N°";"48,89417600";"2,46402600"
"202400052717";"4";"05";"2024";"00:10";"3";"83";"83097";"1";"1";"1";"7";"1011 Route de Trets";"43,49498000";"5,72703000"
"202400052718";"12";"02";"2024";"08:15";"1";"78";"78545";"1";"1";"1";"2";"A12 Y";"48,81556900";"2,06171400"
"202400052719";"2";"01";"2024";"15:10";"1";"06";"06027";"2";"1";"1";"2";"10 Avenue de Cannes";"43,65485100";"7,15010800"
"202400052720";"26";"03";"2024";"17:15";"1";"78";"78551";"2";"9";"2";"6";"MERMOZ (JEAN)";"48,90216000";"2,08401000"
"202400052721";"9";"06";"2024";"18:00";"1";"55";"55369";"1";"1";"1";"7";"D116";"48,80576100";"5,20211200"
"202400052722";"11";"07";"2024";"07:50";"1";"75";"75118";"2";"1";"1";"3";"BD PERIPHERIQUE INTERIEUR";"48,90108900";"2,35213200"
"202400052723";"1";"12";"2024";"21:10";"4";"06";"06069";"2";"1";"1";"1";"21 Chemin de Sainte Brigitte";"43,64544000";"6,91473000"
"202400052724";"3";"05";"2024";"19:45";"1";"76";"76136";"2";"1";"1";"6";"Route de Luneray";"49,81469900";"0,95027400"
"202400052725";"13";"02";"2024";"21:45";"3";"93";"93027";"1";"1";"2";"6";"A86";"48,92719164";"2,40624635"
"202400052726";"16";"08";"2024";"11:00";"1";"77";"77065";"2";"4";"1";"1";"D372";"48,45677200";"2,51990500"
"202400052727";"24";"10";"2024";"13:00";"1";"93";"93027";"2";"2";"1";"1";"PASTEUR (BOULEVARD) DE 40 A +";"48,92176767";"2,38339710"
"202400052728";"9";"06";"2024";"02:20";"3";"57";"57443";"1";"6";"1";"6";"N52";"49,23012200";"6,11735100"
"202400052729";"3";"05";"2024";"13:45";"1";101;101032";"2";"1";"1";"1";"Route de Bottacina - Lieu-dit CARAGNE";"41,93162353";"8,83553172"
"202400052730";"21";"03";"2024";"18:23";"1";"78";"78029";"2";"3";"1";"1";"SOURCES (RUE DES)";"48,95655000";"1,85988000"
"202400052731";"1";"12";"2024";"18:25";"5";"06";"06069";"2";"1";"1";"1";"74 Avenue Pierre Sémard";"43,65669000";"6,92931000"
"202400052732";"10";"07";"2024";"23:05";"3";"75";"75116";"2";"1";"1";"2";"BD PERIPHERIQUE EXTERIEUR";"48,84654600";"2,25468200"
"202400052733";"13";"02";"2024";"14:30";"1";"95";"95252";"1";"1";"1";"2";"A15";"48,98840780";"2,20446579"
"202400052734";"21";"09";"2024";"01:20";"5";"25";"25056";"2";"1";"1";"3";"DOLE RUE DE (inf 82)";"47,23405000";"6,00765000"
"202400052735";"1";"01";"2024";"16:20";"1";"03";"03185";"2";"2";"1";"3";"Avenue Marx Dormoy";"46,33881000";"2,59899000"
"202400052736";"10";"06";"2024";"09:40";"1";"03";"03113";"1";"1";"7";"1";"D995";"46,02042000";"3,65473500"
"202400052737";"16";"08";"2024";"16:42";"1";"56";"56161";"1";"1";"2";"3";"Mont Salut";"47,64683600";" -3,03807400"
"202400052738";"2";"05";"2024";"18:30";"1";"65";"65330";"2";"1";"1";"3";"D56";"43,42953300";"0,04853200"
"202400052739";"26";"03";"2024";"20:20";"5";"77";"77284";"2";"1";"2";"6";"LAFAYETTE (PLACE)";"48,95840000";"2,87627000"
"202400052740";"30";"11";"2024";"01:10";"5";"75";"75118";"2";"1";"1";"2";"BD PERIPHERIQUE INTERIEUR ";"48,90067200";"2,36843300"
"202400052741";"25";"10";"2024";"01:15";"5";"93";"93057";"2";"2";"1";"3";"VAILLANT (AL. EDOUARD)";"48,90824423";"2,50486507"
"202400052742";"2";"01";"2024";"17:45";"5";"75";"75117";"2";"1";"2";"3";"PORTE DE CHAMPERRET";"48,88519300";"2,28730200"
"202400052743";"13";"02";"2024";"08:45";"1";"95";"95527";"1";"1";"1";"3";"N104";"49,02704648";"2,51042060"
"202400052744";"8";"06";"2024";"01:05";"3";"63";"63213";"1";"1";"1";"1";"Route de Vichy";"45,82600291";"3,26468671"
"202400052745";"11";"07";"2024";"09:30";"1";"75";"75118";"2";"1";"1";"5";"RUE CAULAINCOURT";"48,88530115";"2,33061415"
"202400052746";"15";"08";"2024";"18:30";"2";"82";"82144";"1";"1";"1";"7";"Route de Saint-Romain";"44,15637700";"1,33848700"
"202400052747";"25";"10";"2024";"15:40";"1";"93";"93005";"2";"1";"1";"1";"RAOUL DUFY (AVENUE)";"48,96427817";"2,49612715"
"202400052748";"1";"12";"2024";"13:21";"1";"75";"75119";"2";"7";"1";"3";"PLACE DU COLONEL FABIEN";"48,87804300";"2,37072700"
"202400052749";"18";"09";"2024";"16:15";"1";"24";"24557";"1";"2";"1";"5";"LES GOURDOUX (LIEU DIT)";"45,23539000";"0,78508000"
"202400052750";"14";"02";"2024";"19:00";"3";"94";"94018";"1";"1";"1";"3";"A4";"48,82465601";"2,39368239"
"202400052751";"4";"05";"2024";"17:05";"1";"61";"61146";"1";"3";"1";"3";"RD21";"48,63133300";" -0,55924800"
"202400052752";"2";"01";"2024";"13:40";"1";"75";"75120";"2";"3";"2";"3";"BOULEVARD DE CHARONNE";"48,84887000";"2,39924600"
"202400052753";"26";"03";"2024";"20:05";"3";"77";"77186";"1";"1";"2";"1";"RD116 PanONF à rte Buttes aux aires";"48,42968400";"2,71128400"
"202400052754";"15";"08";"2024";"12:15";"1";"63";"63314";"1";"1";"1";"7";"D996";"45,56922000";"3,63210300"
"202400052755";"25";"10";"2024";"16:20";"1";"92";"92078";"2";"1";"1";"7";"VERDUN (AVENUE) (N° PAIRS 40 A 90)";"48,93545492";"2,33102471"
"202400052756";"8";"06";"2024";"15:45";"1";"73";"73069";"1";"3";"8";"3";"D27 Route des berres";"45,54117183";"6,22762612"
"202400052757";"10";"07";"2024";"18:00";"1";"75";"75116";"2";"2";"1";"3";"AVENUE FOCH";"48,87219200";"2,28469200"
"202400052758";"26";"03";"2024";"11:45";"1";"74";"74012";"2";"1";"1";"6";"EUROPE (AVENUE DE L')";"46,18141000";"6,23474000"
"202400052759";"4";"05";"2024";"11:20";"1";"49";"49041";"1";"1";"2";"7";"D85";"47,30750600";"0,06808100"
"202400052760";"14";"02";"2024";"08:15";"1";"93";"93051";"1";"1";"2";"3";"A4";"48,83642668";"2,55000186"
"202400052761";"1";"12";"2024";"12:30";"1";"75";"75115";"2";"2";"1";"3";"RUE DE LA CONVENTION";"48,84383600";"2,28195100"
"202400052762";"16";"08";"2024";"16:38";"1";"61";"61463";"1";"1";"2";"6";"D18 PR6+640";"48,62830600";" -0,43599800"
"202400052763";"9";"06";"2024";"22:10";"3";"42";"42151";"1";"1";"2";"6";"Route de Montverdun";"45,68362300";"4,10577500"
"202400052764";"2";"01";"2024";"08:40";"1";"75";"75120";"2";"4";"2";"6";"AVENUE GAMBETTA";"48,86541100";"2,39891300"
"202400052765";"25";"10";"2024";"00:10";"5";"92";"92073";"2";"1";"1";"6";"SELLIER (BOULEVARD HENRI)";"48,86297968";"2,21820429"
"202400052766";"19";"09";"2024";"09:40";"1";"23";"23096";"2";"9";"1";"3";"LAURE (AVENUE DE )";"46,16727000";"1,87354000"
"202400052767";"3";"05";"2024";"16:30";"1";"46";"46147";"1";"1";"1";"6";"Départementale 8";"44,47936100";"1,17497900"
"202400052768";"11";"07";"2024";"19:55";"1";"75";"75115";"2";"2";"1";"6";"BOULEVARD VICTOR";"48,83597500";"2,27832500"
"202400052769";"15";"08";"2024";"11:15";"1";"49";"49358";"1";"1";"1";"7";"Route départementale 145";"47,19875300";" -0,00896900"
"202400052770";"25";"10";"2024";"17:40";"1";"92";"92077";"2";"1";"2";"7";"VERSAILLES (RUE DE)";"48,81893545";"2,16753244"
"202400052771";"13";"02";"2024";"16:50";"1";"974";"97416";"1";"1";"2";"2";"RN1 (ROUTE NATIONALE)";" -21,30263000";"55,42600000"
"202400052772";"1";"12";"2024";"01:55";"5";"75";"75113";"2";"4";"1";"6";"RUE DE TOLBIAC";"48,82569800";"2,34846400"
"202400052773";"2";"01";"2024";"08:55";"1";"75";"75116";"2";"3";"2";"3";"PLACE DE LA PORTE DE PASSY";"48,85785000";"2,26294600"
"202400052774";"7";"06";"2024";"19:45";"1";"17";"17429";"1";"2";"1";"3";"D125";"45,91590000";" -1,01170800"
"202400052775";"25";"03";"2024";"16:40";"1";"71";"71306";"2";"1";"1";"4";"ALOUETTES (AVENUE DES)";"46,68760000";"4,35833000"
"202400052776";"20";"09";"2024";"07:57";"1";"19";"19031";"1";"1";"1";"1";"MICHELET (AVENUE EDMOND)";"45,14283203";"1,52638865"
"202400052777";"25";"10";"2024";"02:10";"3";"92";"92062";"2";"1";"1";"1";"GENERAL DE GAULLE (AV) DU 44 AU 106";"48,88874890";"2,23545447"
"202400052778";"16";"08";"2024";"14:30";"1";"39";"39485";"1";"1";"1";"3";"N/A";"46,38363800";"5,44541500"
"202400052779";"4";"05";"2024";"14:51";"1";"02";"02160";"1";"2";"1";"1";"D946";"49,69231600";"3,98899700"
"202400052780";"9";"07";"2024";"19:40";"1";"75";"75115";"2";"4";"1";"3";"BOULEVARD DU MONTPARNASSE";"48,84409600";"2,32286400"
"202400052781";"30";"11";"2024";"20:30";"5";"75";"75113";"2";"1";"1";"3";"BOULEVARD KELLERMANN";"48,81993100";"2,35690200"
"202400052782";"12";"02";"2024";"07:50";"1";"974";"97411";"2";"6";"1";"3";"JAURES (BOULEVARD JEAN)";" -20,90238000";"55,50314000"
"202400052783";"2";"01";"2024";"08:30";"1";"75";"75115";"2";"3";"2";"3";"RUE DE VOUILLE";"48,83362800";"2,30901500"
"202400052784";"19";"09";"2024";"05:57";"5";"19";"19031";"2";"1";"1";"3";"LURCAT (AVENUE JEAN)";"45,14990000";"1,54323000"
"202400052785";"4";"06";"2024";"17:45";"1";"33";"33058";"2";"2";"1";"3";"N/A";"45,13041500";" -0,64695000"
"202400052786";"26";"03";"2024";"17:45";"1";"69";"69256";"2";"2";"1";"3";"Rue des Droits de l'Homme";"45,76347891";"4,93335681"
"202400052787";"4";"05";"2024";"11:15";"1";"02";"02761";"2";"1";"2";"6";"D623";"49,41774000";"3,98064500"
"202400052788";"24";"10";"2024";"15:45";"1";"92";"92051";"2";"3";"1";"3";"GENERAL LECLERC (BOULEVARD DU N° 29 A 65";"48,88915475";"2,25923818"
"202400052789";"9";"06";"2024";"17:30";"1";"50";"50492";"2";"1";"1";"7";"L'Euriere";"49,08681700";" -0,96022500"
"202400052790";"10";"07";"2024";"21:59";"5";"75";"75114";"2";"2";"1";"7";"RUE D ALESIA";"48,83053500";"2,31926800"
"202400052791";"13";"02";"2024";"09:00";"1";"974";"97411";"2";"1";"1";"3";"HOARAU (VALLON)";" -20,88666000";"55,47624000"
"202400052792";"1";"12";"2024";"13:35";"1";"75";"75111";"2";"3";"1";"6";"RUE DE LA PRESENTATION";"48,87166400";"2,37591400"
"202400052793";"15";"08";"2024";"19:15";"1";"44";"44130";"1";"1";"1";"5";"N/A";"47,10331600";" -1,55018800"
"202400052794";"2";"01";"2024";"08:13";"1";"75";"75110";"2";"2";"2";"6";"RUE LA FAYETTE";"48,88061800";"2,36202700"
"202400052795";"19";"09";"2024";"13:32";"1";"15";"15014";"2";"1";"1";"6";"RN 122";"44,91243000";"2,45442000"
"202400052796";"26";"03";"2024";"21:30";"5";"69";"69271";"2";"3";"3";"6";"60 Rue de la République";"45,74334000";"4,97218000"
"202400052797";"25";"10";"2024";"19:45";"5";"92";"92025";"2";"2";"2";"3";"GABRIEL PERI (RUE)";"48,92317838";"2,25240827"
"202400052798";"13";"02";"2024";"07:20";"1";"974";"97411";"2";"1";"1";"6";"MONTHYON (RUE)";" -20,88685000";"55,46183000"
"202400052799";"4";"05";"2024";"15:17";"1";"01";"01320";"2";"1";"1";"6";"68 Voie des Rontaz";"46,30817600";"4,87554000"
"202400052800";"9";"06";"2024";"22:00";"5";"59";"59555";"2";"1";"1";"1";"1 Rue du Cheval Blanc";"50,16977100";"4,03345300"
"202400052801";"1";"12";"2024";"10:05";"1";"75";"75110";"2";"4";"1";"6";"BOULEVARD DE MAGENTA";"48,87577200";"2,35645000"
"202400052802";"2";"01";"2024";"20:23";"5";"75";"75109";"2";"2";"2";"6";"RUE AUBER";"48,87180700";"2,33059100"
"202400052803";"16";"08";"2024";"15:50";"1";"38";"38022";"1";"3";"1";"3";"39 Route du Bugey";"45,63929600";"5,55465600"
"202400052804";"11";"07";"2024";"07:20";"1";"75";"75113";"2";"3";"1";"2";"AVENUE D IVRY";"48,82566700";"2,36103200"
"202400052805";"17";"09";"2024";"12:37";"1";"14";"14118";"2";"3";"1";"3";"10 Boulevard Yves Guillou";"49,17671600";" -0,36837100"
"202400052806";"24";"10";"2024";"22:52";"3";"92";"92060";"2";"1";"1";"3";"CHARLES DE GAULLE (AVENUE) RD75 A PARTIR";"48,78277968";"2,26587385"
"202400052807";"25";"03";"2024";"16:30";"1";"69";"69271";"1";"2";"1";"1";"Boulevard Charles de Gaulle";"45,74325000";"4,93714000"
"202400052808";"9";"06";"2024";"13:30";"1";"13";"13214";"1";"1";"1";"2";"A507 sens Marseille - Aubagne";"43,32232000";"5,37858000"
"202400052809";"3";"05";"2024";"15:30";"1";"14";"14389";"1";"2";"1";"3";"Rue d'Aunay";"49,06707300";" -0,65878000"
"202400052810";"12";"02";"2024";"18:25";"1";"974";"97411";"2";"2";"1";"3";"CHAUDRON  (BLD 1 DU)";" -20,89873000";"55,49649000"
"202400052811";"15";"08";"2024";"15:10";"1";"02";"02565";"2";"1";"1";"6";"8 Rue des Fées";"49,38959100";"3,68763100"
"202400052812";"20";"09";"2024";"14:30";"1";"13";"13211";"2";"1";"1";"1";"SABLIERE (ROUTE DE LA)";"43,29099000";"5,47821000"
"202400052813";"30";"11";"2024";"21:00";"5";"75";"75109";"2";"4";"1";"3";"RUE DE MAUBEUGE";"48,87836000";"2,34507500"
"202400052814";"2";"01";"2024";"09:55";"1";"75";"75108";"2";"4";"2";"6";"AVENUE DE FRIEDLAND";"48,87439300";"2,30106400"
"202400052815";"25";"10";"2024";"19:22";"5";"92";"92012";"2";"1";"2";"6";"SILLY (RUE DE) 89/FIN - 90/FIN";"48,83466916";"2,23286390"
"202400052816";"25";"03";"2024";"15:45";"1";"69";"69259";"2";"1";"1";"3";"Boulevard Marcel Sembat";"45,71298000";"4,87657000"
"202400052817";"12";"02";"2024";"08:30";"1";"974";"97411";"2";"1";"1";"6";"AVE MARIA (RUE DE L')";" -20,89130108";"55,45410526"
"202400052818";"11";"07";"2024";"17:45";"1";"75";"75110";"2";"3";"1";"1";"BOULEVARD DE STRASBOURG";"48,87105600";"2,35508700"
"202400052819";"3";"05";"2024";"14:45";"1";"14";"14098";"2";"1";"1";"1";"3 Rue de la Liberté";"49,20632400";" -0,51602500"
"202400052820";"4";"06";"2024";"10:00";"1";"13";"13215";"1";"1";"1";"2";"A7-Sens Marseille vers Lyon";"43,34397778";"5,37555329"
"202400052821";"10";"08";"2024";"11:35";"1";"84";"84046";"1";"1";"1";"3";"D19";"44,09774100";"5,23037200"
"202400052822";"4";"05";"2024";"12:05";"1";"18";"18057";"1";"1";"2";"6";"N/A";"46,55096600";"2,20451800"
"202400052823";"25";"10";"2024";"18:55";"5";"92";"92002";"2";"1";"2";"3";"ARISTIDE BRIAND (AVENUE)";"48,74735186";"2,30379045"
"202400052824";"11";"07";"2024";"22:15";"5";"75";"75107";"2";"3";"1";"6";"QUAI D ORSAY";"48,86285769";"2,31520164"
"202400052825";"1";"12";"2024";"19:20";"4";"75";"75108";"2";"2";"1";"3";"RUE MARBEUF";"48,86798200";"2,30281900"
"202400052826";"26";"03";"2024";"16:50";"1";"69";"69091";"2";"2";"2";"6";"Rue Julian Grimau";"45,59497000";"4,76867000"
"202400052827";"8";"06";"2024";"00:34";"3";"13";"13215";"1";"1";"1";"2";"A7-Sens Lyon vers Marseille";"43,39071033";"5,35120523"
"202400052828";"12";"02";"2024";"19:00";"5";"973";"97302";"2";"3";"1";"1";"MONTABO (ROUTE DE) 1";"4,93571384";" -52,29543954"
"202400052829";"2";"01";"2024";"00:01";"5";"94";"94074";"2";"9";"2";"3";"Rue Théodule Jourdain / Voie Bus";"48,77045000";"2,44689000"
"202400052830";"25";"10";"2024";"20:15";"3";"37";"37010";"1";"1";"2";"7";"N/A";"47,57843433";"0,93053182"
"202400052831";"20";"09";"2024";"12:15";"1";"11";"11069";"1";"1";"1";"4";"ROCADE NORD - RD 6113";"43,22559000";"2,37835000"
"202400052832";"13";"02";"2024";"08:50";"1";"69";"69387";"2";"1";"1";"6";"17 Avenue Jean Jaurès";"45,75274884";"4,84637012"
"202400052833";"15";"08";"2024";"20:00";"1";"01";"01269";"2";"3";"1";"5";"rue paul pain levé";"46,15024500";"5,60783900"
"202400052834";"3";"05";"2024";"17:40";"1";"10";"10294";"1";"2";"1";"3";"D81";"48,17925800";"4,35075200"
"202400052835";"2";"01";"2024";"18:15";"5";"94";"94076";"2";"1";"6";"6";"96 Rue de Verdun";"48,78936030";"2,35394753"
"202400052836";"25";"03";"2024";"17:45";"1";"67";"67218";"2";"1";"7";"6";"RHIN (ROUTE DU)";"48,52962000";"7,73272000"
"202400052837";"1";"12";"2024";"12:30";"1";"75";"75115";"2";"3";"1";"3";"AVENUE FELIX FAURE";"48,84012600";"2,28541500"
"202400052838";"11";"07";"2024";"17:15";"1";"75";"75107";"2";"3";"1";"3";"RUE DE GRENELLE";"48,85805000";"2,31007500"
"202400052839";"7";"06";"2024";"18:10";"1";"13";"13216";"1";"1";"1";"2";"A507 sens Aubagne- Marseille";"43,35991000";"5,36304000"
"202400052840";"19";"09";"2024";"18:40";"1";"10";"10387";"2";"3";"1";"3";"Avenue Marie de Champagne";"48,30476000";"4,06093000"
"202400052841";"13";"02";"2024";"04:39";"5";"972";"97213";"1";"1";"1";"6";"FERME PERRINE (CHEMIN DE LA)";"14,58405331";" -61,00122574"
"202400052842";"25";"10";"2024";"17:50";"1";"71";"71152";"1";"3";"8";"2";"7567 Route de Luzy";"46,72149600";"3,88467700"
"202400052843";"3";"05";"2024";"23:20";"3";"16";"16211";"1";"1";"3";"6";"N/A";"45,62654600";"0,46528800"
"202400052844";"25";"03";"2024";"13:50";"1";"67";"67482";"2";"1";"1";"6";"BRUXELLES (RUE DE)";"48,58383000";"7,77533000"
"202400052845";"10";"07";"2024";"20:30";"1";"94";"94081";"2";"1";"1";"2";"Avenue Lemerle Vetter";"48,77921100";"2,38437600"
"202400052846";"5";"06";"2024";"21:10";"2";"69";"69275";"1";"1";"1";"2";"Rocade Est";"45,77934885";"4,96106758"
"202400052847";"1";"01";"2024";"22:15";"5";"94";"94041";"2";"5";"3";"6";"Rue Molière / Rue Lénine";"48,81549000";"2,39336000"
"202400052848";"19";"09";"2024";"14:15";"1";"10";"10333";"2";"9";"1";"6";"Avenue Charles de Refuge";"48,28310000";"4,05250000"
"202400052849";"3";"05";"2024";"21:00";"1";"53";"53062";"1";"1";"1";"7";"Mon Désir - PK 5+300";"47,81837800";" -0,77410700"
"202400052850";"30";"11";"2024";"09:15";"1";"75";"75107";"2";"3";"1";"4";"QUAI D ORSAY";"48,86258900";"2,31041200"
"202400052851";"25";"10";"2024";"16:30";"1";"42";"42069";"2";"4";"2";"3";"Rue Jacques Offenbach";"45,99947000";"4,06323600"
"202400052852";"13";"02";"2024";"19:00";"5";"69";"69389";"2";"9";"1";"3";"74 Rue de Saint-Cyr";"45,78394000";"4,80818000"
"202400052853";"26";"03";"2024";"08:38";"1";"63";"63113";"2";"6";"2";"3";"JULIEN (AVENUE)";"45,77366000";"3,07546000"
"202400052854";"2";"01";"2024";"13:00";"1";"94";"94073";"2";"1";"2";"6";"Avenue du Luxembourg";"48,75735000";"2,37145000"
"202400052855";"7";"06";"2024";"16:35";"1";"67";"67482";"1";"1";"1";"2";"M353";"48,49590000";"7,75396000"
"202400052856";"9";"07";"2024";"13:10";"1";"94";"94068";"2";"1";"1";"6";"Avenue Michelet";"48,79363810";"2,51088345"
"202400052857";"15";"08";"2024";"12:15";"1";"06";"06103";"1";"1";"1";"6";"Route de Saint Martin Vesubie";"44,03844500";"7,29130100"
"202400052858";"1";"12";"2024";"21:30";"5";"75";"75103";"2";"2";"1";"7";"RUE DE TURBIGO";"48,86508800";"2,35446900"
"202400052859";"4";"05";"2024";"13:00";"1";"21";"21663";"2";"1";"2";"1";"Rue Marcellin Berthelot";"47,54655300";"4,45645300"
"202400052860";"25";"10";"2024";"18:45";"2";"31";"31253";"2";"1";"1";"1";"Route du Lherm";"43,45612800";"1,24251700"
"202400052861";"26";"03";"2024";"18:00";"1";"60";"60414";"2";"1";"3";"1";"N/A";"49,25429577";"2,45495081"
"202400052862";"2";"01";"2024";"07:10";"5";"94";"94046";"2";"3";"3";"6";"Boulevard Gallieni / Rue Jean Jaurès";"48,79732300";"2,43317600"
"202400052863";"9";"06";"2024";"23:40";"5";"33";"33487";"1";"9";"1";"6";"N/A";"44,94258000";" -0,46624000"
"202400052864";"20";"09";"2024";"22:30";"5";"06";"06088";"2";"3";"1";"3";"29 Rue Barla";"43,70146000";"7,28440000"
"202400052865";"13";"02";"2024";"17:00";"1";"69";"69382";"2";"2";"1";"2";"Pont Wilson";"45,76010000";"4,83815000"
"202400052866";"15";"08";"2024";"06:45";"3";"06";"06080";"1";"1";"2";"6";"M2205";"44,01605100";"7,13092100"
"202400052867";"1";"05";"2024";"07:30";"2";"37";"37250";"1";"1";"2";"7";"L?Ocliniere";"47,20015061";"0,65999651"
"202400052868";"6";"07";"2024";"00:30";"5";"94";"94015";"2";"1";"1";"2";"Boulevard Pasteur";"48,83316100";"2,52507900"
"202400052869";"30";"01";"2024";"15:40";"5";"69";"69382";"1";"1";"9";"7";"60 Rue Denuzière";"45,74497000";"4,81985000"
"202400052870";"1";"01";"2024";"09:30";"1";"94";"94017";"2";"1";"1";"2";"Avenue de la République";"48,81887000";"2,51147000"
"202400052871";"1";"12";"2024";"15:50";"2";"75";"75101";"2";"3";"1";"3";"RUE DE CASTIGLIONE";"48,86530400";"2,32727500"
"202400052872";"16";"08";"2024";"19:14";"1";"60";"60509";"2";"1";"1";"6";"Rue Fould Stern";"49,32067100";"2,62193400"
"202400052873";"9";"06";"2024";"19:45";"1";"91";"91339";"1";"9";"1";"2";"RN 104";"48,62491000";"2,26267000"
"202400052874";"4";"05";"2024";"12:00";"1";"67";"67388";"1";"1";"1";"7";"D28";"48,93751300";"7,68387400"
"202400052875";"20";"09";"2024";"20:15";"5";"75";"75120";"2";"1";"1";"3";"BD PERIPHERIQUE EXTERIEUR   ";"48,85901200";"2,41433000"
"202400052876";"26";"03";"2024";"18:31";"1";"60";"60175";"1";"1";"2";"4";"RD 201_SORTIE 201_ACCES BD S.ALLENDE";"49,24523000";"2,47497000"
"202400052877";"15";"08";"2024";"20:30";"2";"18";"18171";"1";"1";"1";"7";"Chemin de la Gonne";"46,70439500";"2,39071700"
"202400052878";"13";"02";"2024";"18:15";"2";"971";"97120";"2";"1";"1";"6";"FREBAULT";"16,24110000";" -61,53310000"
"202400052879";"10";"07";"2024";"17:40";"1";"94";"94065";"1";"1";"1";"3";"Avenue de Fontainebleau";"48,74935000";"2,36872000"
"202400052880";"30";"11";"2024";"17:30";"5";"75";"75104";"2";"3";"1";"6";"RUE SAINT ANTOINE";"48,85346500";"2,36651500"
"202400052881";"2";"01";"2024";"18:15";"5";"93";"93073";"2";"3";"2";"6";"Avenue Gilbert Berger / Rue Pierre Lescot";"48,94618500";"2,56945700"
"202400052882";"9";"06";"2024";"16:20";"1";"91";"91468";"1";"1";"1";"2";"AUTOROUTE A6";"48,57330000";"2,46719000"
"202400052883";"20";"09";"2024";"18:00";"1";"75";"75112";"2";"1";"1";"3";"BD PERIPHERIQUE INTERIEUR ";"48,82792700";"2,39482200"
"202400052884";"3";"05";"2024";"21:40";"3";"42";"42173";"1";"1";"1";"1";"A89";"45,83654400";"4,09579800"
"202400052885";"23";"10";"2024";"14:00";"1";"974";"97414";"2";"2";"1";"6";"Chemin des Zinnias";" -21,27624300";"55,44320800"
"202400052886";"12";"02";"2024";"19:05";"5";"971";"97120";"2";"1";"1";"6";"NELSON MANDELA";"16,24007000";" -61,53210000"
"202400052887";"1";"12";"2024";"09:00";"1";"94";"94075";"2";"1";"1";"6";"99 Av du Mal de Lattre de Tassigny";"48,73361700";"2,52098400"
"202400052888";"26";"03";"2024";"21:35";"5";"60";"60057";"2";"9";"2";"3";"Rue Pierre Jacoby";"49,42845000";"2,08233000"
"202400052889";"9";"06";"2024";"06:30";"2";"91";"91228";"1";"1";"1";"6";"AUTOROUTE A6";"48,62193014";"2,42306739"
"202400052890";"10";"07";"2024";"21:20";"2";"94";"94021";"2";"1";"1";"2";"Rue du Huit Mai 1945";"48,76981000";"2,35076000"
"202400052891";"4";"05";"2024";"02:20";"5";"971";"97103";"2";"1";"1";"6";"RN2 velodrome";"16,25127400";" -61,59209700"
"202400052892";"2";"01";"2024";"22:00";"3";"93";"93066";"2";"1";"8";"2";"Boulevard Ornano";"48,91880000";"2,34442000"
"202400052893";"19";"09";"2024";"21:55";"5";"75";"75113";"2";"1";"1";"2";"BD PERIPHERIQUE INTERIEUR";"48,82483800";"2,38428600"
"202400052894";"12";"08";"2024";"14:30";"1";"40";"40261";"1";"1";"1";"1";"D17";"43,71140500";" -1,24363800"
"202400052895";"1";"12";"2024";"06:50";"5";"95";"95527";"1";"1";"1";"1";"ARPENTEUR (RTE DE L')";"49,00979890";"2,51403454"