"Num_Acc";"jour";"mois";"an";"hrmn";"lum";"dep";"com";"agg";"int";"atm";"col";"adr";"lat";"long"
"202400052896";"12";"02";"2024";"15:40";"1";"91";"91027";"2";"2";"1";"6";"FRANCOIS MITTERRAND (AVENUE)";"48,71619000";"2,37125000"
"202400052897";"25";"10";"2024";"21:44";"3";"44";"44113";"2";"1";"1";"1";"Route d'Abbaretz";"47,56339800";" -1,61766200"
"202400052898";"9";"06";"2024";"18:11";"1";"95";"95488";"1";"1";"1";"2";"A15";"49,01046130";"2,15450385"
"202400052899";"4";"05";"2024";"00:59";"3";"27";"27258";"1";"1";"1";"7";"A13 PK 164+300 vers CAEN";"49,33410000";"0,40722400"
"202400052900";"10";"07";"2024";"14:00";"1";"94";"94033";"2";"1";"1";"6";"Allée Albert Camus";"48,85070100";"2,47625400"
"202400052901";"11";"08";"2024";"10:15";"1";"24";"24050";"1";"1";"1";"7";"Route de la Borrèze";"44,96253195";"1,37506664"
"202400052902";"19";"09";"2024";"19:30";"1";"75";"75117";"2";"1";"1";"3";"BD PERIPHERIQUE INTERIEUR";"48,88765100";"2,29128900"
"202400052903";"25";"03";"2024";"15:20";"1";"59";"59507";"2";"1";"1";"3";"LESQUIN RUE DE";"50,59897000";"3,09416000"
"202400052904";"2";"01";"2024";"19:00";"3";"93";"93077";"2";"2";"2";"3";"Boulevard d'Aulnay / Rue Jean Fallay";"48,89355000";"2,50231000"
"202400052905";"30";"11";"2024";"21:30";"5";"93";"93079";"2";"1";"1";"3";"SAINT LEU (ROUTE)";"48,95463000";"2,33454000"
"202400052906";"9";"06";"2024";"17:00";"1";"93";"93027";"1";"1";"1";"2";"A1";"48,93720852";"2,40978107"
"202400052907";"11";"07";"2024";"05:10";"5";"94";"94028";"2";"1";"1";"6";"Rue Saint-simon";"48,79482475";"2,44507237"
"202400052908";"12";"02";"2024";"16:30";"1";"86";"86066";"2";"3";"1";"6";"Quai du Château";"46,82033500";"0,54212500"
"202400052909";"25";"10";"2024";"19:00";"1";"62";"62763";"2";"2";"1";"3";"D8";"50,37688227";"2,35619905"
"202400052910";"3";"05";"2024";"18:30";"3";"987";"98740";"1";"1";"1";"2";"Avatoru PK6+100";" -14,94188239";" -147,70625353"
"202400052911";"1";"04";"2024";"21:30";"5";"56";"56121";"2";"1";"2";"7";"BOIS-DU-CHATEAU (RUE  DU )";"47,76706000";" -3,37727000"
"202400052912";"16";"08";"2024";"15:50";"1";"27";"27384";"1";"1";"3";"1";"route départementale 22";"49,37206300";"0,31673700"
"202400052913";"20";"09";"2024";"16:00";"1";"75";"75105";"2";"2";"1";"6";"RUE MONGE";"48,84812800";"2,35043000"
"202400052914";"2";"01";"2024";"17:00";"5";"93";"93053";"2";"3";"2";"3";"Rue Anatole France / Rue du Parc";"48,88628000";"2,44562000"
"202400052915";"30";"11";"2024";"21:42";"5";"93";"93048";"2";"6";"9";"3";"PARIS (RUE DE)";"48,85749830";"2,43277931"
"202400052916";"9";"06";"2024";"15:30";"1";"93";"93078";"1";"1";"1";"2";"A104";"48,96165006";"2,54513860"
"202400052917";"25";"10";"2024";"20:10";"3";"62";"62075";"2";"1";"2";"1";"D240";"50,70795200";"1,67454600"
"202400052918";"12";"02";"2024";"20:33";"5";"84";"84007";"2";"6";"1";"2";"SOUSPIROUS (Avenue des ) - MONTFAVET";"43,93482000";"4,84781000"
"202400052919";"11";"07";"2024";"15:45";"1";"94";"94015";"2";"3";"1";"1";"Avenue du Général Leclerc";"48,82934158";"2,51774166"
"202400052920";"14";"08";"2024";"14:35";"1";"28";"28033";"2";"2";"1";"1";"57 Rue Marceau";"48,51117100";"1,05804800"
"202400052921";"2";"01";"2024";"14:30";"1";"93";"93027";"1";"1";"2";"6";"A86";"48,92801652";"2,41754472"
"202400052922";"19";"09";"2024";"23:55";"5";"75";"75105";"2";"3";"1";"3";"RUE SAINT JACQUES";"48,85138300";"2,34588800"
"202400052923";"23";"03";"2024";"17:15";"1";"56";"56098";"1";"1";"1";"4";"Pendreff";"47,77418000";" -3,36873000"
"202400052924";"23";"10";"2024";"16:20";"1";"56";"56179";"2";"1";"1";"7";"Voie Verte de Quéven à Pont-Scorff";"47,82969600";" -3,40604100"
"202400052925";"9";"06";"2024";"11:45";"1";"93";"93064";"1";"1";"1";"2";"A86";"48,87258600";"2,48047471"
"202400052926";"30";"11";"2024";"23:20";"5";"93";"93046";"2";"9";"1";"2";"ARISTIDE BRIAND AVENUE";"48,91066048";"2,51267767"
"202400052927";"16";"08";"2024";"08:30";"3";"28";"28079";"1";"1";"1";"6";"D30";"48,14770600";"1,04486000"
"202400052928";"11";"07";"2024";"10:00";"1";"93";"93078";"2";"6";"1";"6";"Avenue Vauban / A104";"48,96480000";"2,55360000"
"202400052929";"13";"02";"2024";"22:05";"5";"83";"83137";"2";"9";"1";"1";"BARON (RUE MARC)";"43,11510446";"5,93598144"
"202400052930";"23";"03";"2024";"10:22";"1";"56";"56185";"1";"1";"1";"6";"Kerdual";"47,77113000";" -3,37790000"
"202400052931";"8";"06";"2024";"21:20";"1";"95";"95572";"1";"1";"1";"6";"N184";"49,04851178";"2,13475699"
"202400052932";"9";"10";"2024";"08:21";"3";"56";"56094";"1";"1";"3";"3";"Lieu Dit Mane Trimen";"47,79611900";" -3,22719100"
"202400052933";"3";"05";"2024";"16:09";"1";"05";"05070";"1";"1";"1";"1";"D1075";"44,32170700";"5,80270200"
"202400052934";"1";"01";"2024";"18:30";"5";"93";"93007";"2";"2";"1";"3";"Avenue Danielle Casanova / Avenue Mathilde Emilie";"48,92308000";"2,47353200"
"202400052935";"15";"08";"2024";"19:04";"1";"37";"37048";"1";"1";"1";"7";"La Babiniere";"46,84532893";"0,80314323"
"202400052936";"13";"02";"2024";"21:20";"5";"83";"83137";"2";"1";"1";"6";"RAYNOUARD (BD)";"43,12499000";"5,94116000"
"202400052937";"10";"07";"2024";"16:55";"1";"93";"93070";"2";"1";"1";"6";"ALBERT-DHALENNE (RUE)";"48,91407400";"2,33280300"
"202400052938";"1";"12";"2024";"00:50";"5";"93";"93063";"2";"1";"5";"3";"METZ AVENUE DE";"48,89642739";"2,43087530"
"202400052939";"18";"09";"2024";"19:55";"5";"75";"75120";"2";"3";"1";"1";"RUE EUGENE REISZ";"48,85633700";"2,41025100"
"202400052940";"24";"10";"2024";"17:45";"1";"76";"76188";"2";"9";"1";"7";"Route de la Sabliere";"49,63293400";"1,22258800"
"202400052941";"2";"05";"2024";"20:05";"2";"13";"13089";"1";"1";"2";"6";"D7n";"43,83073800";"4,95073600"
"202400052942";"9";"06";"2024";"15:50";"1";"94";"94033";"1";"1";"1";"3";"A86";"48,85019301";"2,49093752"
"202400052943";"1";"12";"2024";"17:10";"5";"93";"93008";"2";"1";"1";"6";"BONS ENFANTS (RUE DES)";"48,90643000";"2,43809000"
"202400052944";"22";"03";"2024";"16:40";"1";"56";"56098";"2";"6";"1";"4";"Lann Sévelin";"47,78206000";" -3,34430000"
"202400052945";"12";"02";"2024";"11:10";"1";"83";"83137";"2";"3";"1";"6";"15EME CORPS (AVE DU)";"43,12796920";"5,91742308"
"202400052946";"2";"01";"2024";"10:00";"1";"92";"92050";"2";"2";"3";"3";"BOUVETS BOULEVARD DES";"48,89687792";"2,22402468"
"202400052947";"15";"08";"2024";"16:30";"1";"08";"08185";"2";"1";"8";"6";"N/A";"49,98560500";"4,69164600"
"202400052948";"11";"07";"2024";"14:57";"1";"93";"93055";"2";"1";"1";"6";"JEAN LOLIVE (AVENUE)(137/FIN ET 134/FIN)";"48,89266000";"2,41036000"
"202400052949";"25";"10";"2024";"19:40";"5";100;100148";"1";"9";"1";"1";"D107a";"42,54196700";"9,48040700"
"202400052950";"20";"09";"2024";"18:00";"1";"75";"75116";"2";"3";"2";"3";"AVENUE DE NEUILLY";"48,87856158";"2,28026265"
"202400052951";"9";"06";"2024";"07:00";"1";"94";"94052";"1";"1";"2";"6";"A86";"48,83269694";"2,49229299"
"202400052952";"3";"05";"2024";"18:30";"1";"21";"21295";"2";"6";"1";"6";"12 Rue Vignes Romaines";"47,23156500";"4,99821700"
"202400052953";"2";"02";"2024";"08:50";"1";"83";"83050";"2";"1";"7";"6";"PREMIERE ARMEE(AVENUE DE LA)";"43,53203653";"6,47247000"
"202400052954";"30";"11";"2024";"22:00";"5";"93";"93007";"2";"1";"1";"3";"GAMBETTA (AVENUE)";"48,93588000";"2,47842000"
"202400052955";"26";"03";"2024";"10:10";"1";"54";"54528";"2";"6";"8";"6";"Rue de la République";"48,67350000";"5,89060000"
"202400052956";"25";"10";"2024";"22:45";"5";"81";"81145";"2";"1";"3";"6";"7 Rue des Rives";"43,84845200";"1,80481000"
"202400052957";"10";"07";"2024";"22:45";"2";"93";"93031";"2";"1";"2";"6";"Place Charles Munch";"48,95375326";"2,32857177"
"202400052958";"2";"01";"2024";"20:10";"5";"92";"92049";"2";"1";"2";"3";"PERI RUE GABRIEL N°37 A 99";"48,81945114";"2,31417686"
"202400052959";"8";"06";"2024";"19:44";"1";"77";"77121";"1";"1";"1";"6";"A104";"48,83382000";"2,66520000"
"202400052960";"1";"12";"2024";"00:30";"5";"92";"92075";"2";"1";"1";"6";"LARMEROUX (RUE)";"48,81502447";"2,27830499"
"202400052961";"13";"02";"2024";"11:15";"1";"81";"81004";"2";"1";"1";"6";"FINLANDE (DE)";"43,92597673";"2,13089232"
"202400052962";"11";"04";"2024";"08:00";"1";"38";"38425";"1";"9";"1";"3";"Montée de Louze";"45,39305900";"4,80583200"
"202400052963";"20";"09";"2024";"01:49";"5";"75";"75116";"2";"2";"1";"3";"RUE DU RANELAGH";"48,85420087";"2,27551067"
"202400052964";"15";"08";"2024";"22:30";"3";"60";"60010";"1";"1";"1";"2";"A 16";"49,20816257";"2,16171455"
"202400052965";"3";"01";"2024";"04:09";"3";"01";"01443";"1";"1";"1";"1";"D1083";"45,97048246";"5,00843793"
"202400052966";"26";"03";"2024";"21:26";"5";"49";"49007";"2";"1";"1";"3";"CARNOT";"47,47537266";" -0,54859221"
"202400052967";"26";"10";"2024";"10:20";"1";"89";"89325";"1";"3";"1";"3";"D965";"47,65988800";"3,10390500"
"202400052968";"4";"05";"2024";"10:00";"1";"01";"01424";"1";"1";"2";"6";"D82";"45,88585100";"4,96873856"
"202400052969";"10";"07";"2024";"00:16";"5";"93";"93014";"2";"3";"1";"3";"Allée de Bellevue / Rue des Prés";"48,91670173";"2,54638106"
"202400052970";"13";"02";"2024";"12:30";"1";"81";"81004";"2";"9";"1";"3";"JULIA (CAPITAINE)";"43,93732000";"2,13843000"
"202400052971";"8";"06";"2024";"19:08";"1";"94";"94028";"1";"1";"1";"5";"A86";"48,79779151";"2,44419658"
"202400052972";"30";"11";"2024";"05:08";"5";"92";"92040";"2";"2";"1";"3";"DIDEROT";"48,82398809";"2,27284167"
"202400052973";"16";"08";"2024";"16:45";"1";"13";"13038";"2";"3";"1";"1";"Avenue des Moulins";"43,72464700";"4,70901200"
"202400052974";"19";"09";"2024";"22:10";"5";"75";"75108";"2";"3";"1";"1";"RUE BEAUJON";"48,87501500";"2,30021200"
"202400052975";"2";"01";"2024";"16:25";"1";"05";"05085";"2";"1";"2";"6";"N94";"44,92858206";"6,71337605"
"202400052976";"30";"04";"2024";"14:15";"1";"29";"29103";"1";"1";"1";"6";"route du Quinquis-Lec'h";"48,46402200";" -4,26385200"
"202400052977";"11";"07";"2024";"07:20";"1";"92";"92073";"2";"1";"1";"7";"ROOSVELT (AVENUE FRANKLIN)";"48,87431222";"2,22077546"
"202400052978";"26";"03";"2024";"19:05";"1";"49";"49007";"2";"1";"1";"4";"Boulevard Charles Barangé";"47,45900000";" -0,57298000"
"202400052979";"24";"10";"2024";"07:55";"2";"61";"61043";"2";"2";"1";"5";"D955";"48,34528300";"0,74602400"
"202400052980";"31";"05";"2024";"08:40";"1";"44";"44109";"2";"1";"1";"6";"7 Boulevard Badin Chevaye";"47,20570189";" -1,55038706"
"202400052981";"1";"12";"2024";"12:30";"1";"92";"92024";"2";"1";"1";"6";"CLAUDE DEBUSSY (AVENUE)";"48,90920000";"2,30746000"
"202400052982";"16";"08";"2024";"16:30";"1";"30";"30169";"1";"1";"1";"6";"A9, aire de milhaud";"43,78696607";"4,29790461"
"202400052983";"13";"02";"2024";"20:52";"5";"78";"78440";"2";"3";"2";"3";"SEINE (RUE DE)";"48,99724000";"1,91093000"
"202400052984";"1";"01";"2024";"18:00";"1";"974";"97405";"2";"1";"1";"7";"Chemin Laguerre";" -21,35578700";"55,56020000"
"202400052985";"30";"04";"2024";"18:50";"1";"59";"59212";"1";"9";"1";"6";"146 Rue du Trou Bayard";"50,65433000";"2,74962300"
"202400052986";"26";"10";"2024";"14:45";"1";"61";"61281";"1";"1";"1";"6";"12 La Halboudière";"48,83089200";" -0,66894500"
"202400052987";"19";"09";"2024";"01:10";"5";"75";"75116";"2";"2";"1";"2";"BOULEVARD SUCHET";"48,85302900";"2,26189400"
"202400052988";"11";"07";"2024";"12:50";"1";"92";"92051";"2";"2";"1";"3";"BINEAU (BOULEVARD, N°133 A 217 ET 134 A";"48,89351132";"2,26756811"
"202400052989";"25";"03";"2024";"15:30";"1";"47";"47031";"1";"1";"1";"1";"RD17";"44,16679000";"0,64324000"
"202400052990";"16";"08";"2024";"10:50";"1";"27";"27518";"1";"1";"2";"7";"A131";"49,44586700";"0,55129100"
"202400052991";"1";"12";"2024";"10:07";"1";"92";"92032";"2";"3";"8";"6";"FOCH MARECHAL (AVENUE DU)";"48,79364726";"2,29746066"
"202400052992";"13";"02";"2024";"04:05";"3";"77";"77077";"1";"1";"2";"2";"D405";"48,98594000";"2,88776000"
"202400052993";"31";"05";"2024";"08:30";"1";"44";"44143";"2";"8";"1";"3";"Rue de la Trocardière";"47,18282988";" -1,57210098"
"202400052994";"3";"05";"2024";"11:34";"1";"13";"13117";"1";"1";"1";"3";"A7-Sens Lyon vers Marseille";"43,42168100";"5,26867700"
"202400052995";"10";"07";"2024";"13:15";"1";"92";"92025";"2";"1";"1";"6";"COLBERT  1A 53   2 A 40 (RUE)";"48,91064556";"2,23704654"
"202400052996";"20";"09";"2024";"16:50";"1";"75";"75115";"2";"3";"1";"6";"RUE SAINT CHARLES";"48,84552700";"2,28458200"
"202400052997";"22";"10";"2024";"17:00";"1";"49";"49215";"1";"3";"1";"5";"D761";"47,14759000";" -0,17150000"
"202400052998";"12";"06";"2024";"19:45";"5";"976";"97608";"2";"1";"1";"3";"Route des Badamiers";" -12,77891800";"45,28131000"
"202400052999";"25";"03";"2024";"15:45";"1";"44";"44069";"2";"2";"1";"3";"Boulevard Louis Antoine de Bougainville";"47,31955565";" -2,41440073"
"202400053000";"1";"12";"2024";"07:10";"5";"92";"92032";"2";"1";"1";"6";"FAUVETTES (RUE DES)";"48,79144000";"2,29807000"
"202400053001";"2";"05";"2024";"18:30";"1";"83";"83090";"1";"1";"1";"2";"A50";"43,12573714";"5,87812094"
"202400053002";"30";"05";"2024";"15:20";"1";"44";"44109";"2";"1";"1";"3";"2 Rue Guillet de la Brosse";"47,22925202";" -1,54323461"
"202400053003";"13";"02";"2024";"09:40";"1";"77";"77243";"2";"2";"1";"3";"BRANLY (RUE)";"48,87411000";"2,68626000"
"202400053004";"20";"04";"2024";"00:30";"5";"974";"97418";"2";"6";"2";"7";"Ruelle Fuchsias";" -20,91738000";"55,53051400"
"202400053005";"20";"09";"2024";"13:55";"1";"75";"75115";"2";"2";"1";"6";"RUE DE LA CONVENTION";"48,84387600";"2,28198100"
"202400053006";"25";"10";"2024";"20:00";"3";"49";"49223";"1";"1";"2";"2";"Route de Soulaines";"47,39261200";" -0,52576700"
"202400053007";"2";"12";"2024";"15:27";"1";"01";"01004";"2";"1";"1";"3";"Avenue de la Libération";"45,96882600";"5,33967700"
"202400053008";"3";"01";"2024";"17:05";"2";"41";"41103";"1";"1";"1";"1";"Le Petit Plessis";"47,71835072";"1,01761519"
"202400053009";"26";"03";"2024";"12:30";"1";"43";"43157";"2";"3";"1";"3";"ESTAUNIE (RUE EDOUARD)";"45,03867000";"3,89708000"
"202400053010";"11";"07";"2024";"09:30";"1";"92";"92019";"2";"2";"1";"4";"DIVISION LECLERC (AVENUE DE LA)";"48,76385723";"2,27183104"
"202400053011";"30";"05";"2024";"07:15";"2";"44";"44109";"2";"1";"8";"3";"2 Place Saint Pierre";"47,21840011";" -1,55120438"
"202400053012";"25";"10";"2024";"21:55";"5";"34";"34154";"2";"1";"1";"6";"Rue du Levant";"43,54730000";"3,98146600"
"202400053013";"15";"08";"2024";"11:20";"1";"971";"97116";"1";"1";"1";"3";"N5";"16,32751200";" -61,44540700"
"202400053014";"2";"05";"2024";"17:00";"1";"83";"83090";"1";"1";"2";"4";"A50";"43,12103825";"5,86698946"
"202400053015";"19";"09";"2024";"12:35";"1";"75";"75115";"2";"2";"1";"3";"RUE DU THEATRE";"48,84618500";"2,29517000"
"202400053016";"29";"11";"2024";"16:43";"1";"18";"18022";"1";"1";"1";"1";"Route de Pierrefitte Es Bois";"47,49720500";"2,65050500"
"202400053017";"2";"01";"2024";"16:50";"1";"56";"56184";"1";"1";"1";"3";"Serguin";"47,65712100";" -2,42836500"
"202400053018";"12";"07";"2024";"09:20";"1";"54";"54071";"1";"1";"9";"6";"D23";"48,73388900";"6,48886400"
"202400053019";"29";"05";"2024";"17:30";"1";"44";"44109";"2";"1";"1";"3";"Boulevard Léon Jouhaux";"47,20982731";" -1,59465451"
"202400053020";"26";"03";"2024";"17:15";"1";"37";"37233";"2";"1";"2";"2";"CACHIN (RUE MARCEL)";"47,39679289";"0,72576535"
"202400053021";"13";"02";"2024";"20:00";"5";"76";"76540";"2";"7";"2";"3";"Place Carnot";"49,43349000";"1,09175000"
"202400053022";"15";"08";"2024";"19:55";"3";"971";"97117";"1";"1";"1";"1";"D115";"16,31252000";" -61,34585400"
"202400053023";"30";"11";"2024";"20:30";"3";"972";"97210";"1";"1";"1";"7";"Morne Acajou";"14,57606200";" -60,90858500"
"202400053024";"26";"10";"2024";"11:45";"1";"29";"29174";"2";"6";"1";"2";"Route de Kerrouant";"47,87174934";" -4,23966497"
"202400053025";"1";"01";"2024";"17:52";"3";"12";"12270";"1";"1";"2";"7";"ex RN88 Saint Amans de Varès";"44,35116600";"2,94198600"
"202400053026";"21";"02";"2024";"13:45";"1";"62";"62525";"2";"9";"2";"6";"AVENUE LEON BLUM";"50,74118000";"2,26132000"
"202400053027";"19";"09";"2024";"12:20";"1";"75";"75115";"2";"3";"1";"6";"AVENUE DE LA MOTTE PICQUET";"48,85050200";"2,29999400"
"202400053028";"2";"05";"2024";"14:30";"1";"83";"83137";"1";"1";"2";"4";"A57";"43,12497878";"5,96963213"
"202400053029";"13";"02";"2024";"13:45";"1";"76";"76351";"2";"2";"2";"6";"GENERAL ARCHINARD (AVENUE)";"49,49201000";"0,11672000"
"202400053030";"29";"11";"2024";"14:54";"1";"28";"28024";"2";"1";"1";"6";"Rue des Pierres Missigault";"48,41506000";"1,47133100"
"202400053031";"25";"03";"2024";"17:00";"1";"33";"33167";"2";"1";"1";"2";"N/A";"44,84605000";" -0,51608000"
"202400053032";"25";"10";"2024";"02:00";"3";"14";"14403";"1";"1";"8";"6";"Route de Paris";"49,14402900";"0,33954600"
"202400053033";"15";"09";"2024";"10:20";"1";"33";"33349";"1";"1";"1";"2";"N/A";"44,74498800";" -0,48649900"
"202400053034";"10";"07";"2024";"18:40";"1";"51";"51065";"1";"6";"1";"2";"RN4";"48,73478800";"4,55610800"
"202400053035";"2";"01";"2024";"18:10";"3";"42";"42197";"2";"3";"1";"2";"D1089";"45,73858900";"4,03001900"
"202400053036";"19";"09";"2024";"08:40";"1";"75";"75115";"2";"2";"1";"6";"RUE SAINT CHARLES";"48,84907900";"2,28763800"
"202400053037";"3";"05";"2024";"16:05";"1";"33";"33249";"1";"1";"1";"2";"N/A";"44,88441200";" -0,51364000"
"202400053038";"7";"06";"2024";"16:45";"1";"987";"98736";"1";"6";"1";"3";"CHARLES DE GAULLE (AV)";" -17,52580000";" -149,54262000"
"202400053039";"13";"02";"2024";"07:40";"2";"76";"76351";"2";"4";"1";"6";"PABLO PICASSO (AVENUE) ";"49,50154000";"0,15001000"
"202400053040";"25";"10";"2024";"14:30";"1";"36";"36154";"2";"3";"2";"3";"Rue du Chemin Vert";"46,57895600";"1,53258700"
"202400053041";"25";"03";"2024";"16:15";"1";"33";"33318";"2";"2";"1";"3";"N/A";"44,80184000";" -0,65354000"
"202400053042";"15";"08";"2024";"07:50";"1";"77";"77471";"1";"1";"1";"1";"RD 410";"48,34671200";"2,45748900"
"202400053043";"1";"12";"2024";"18:15";"3";"54";"54067";"1";"2";"2";"1";"D643";"49,42966804";"5,68604708"
"202400053044";"1";"05";"2024";"18:20";"1";"33";"33063";"1";"1";"3";"6";"N/A";"44,88409000";" -0,55921000"
"202400053045";"20";"09";"2024";"12:25";"1";"75";"75114";"2";"3";"1";"7";"BOULEVARD JOURDAN";"48,82232100";"2,33039600"
"202400053046";"3";"01";"2024";"13:30";"1";"02";"02355";"1";"3";"2";"3";"D1044";"49,87910900";"3,26802500"
"202400053047";"11";"07";"2024";"15:00";"1";"42";"42120";"2";"2";"1";"6";"160 Rue des Vernes";"45,99478118";"3,98096859"
"202400053048";"15";"08";"2024";"01:07";"3";"95";"95023";"1";"1";"1";"6";"D927";"49,17142843";"2,12397419"
"202400053049";"25";"10";"2024";"12:45";"1";"88";"88158";"1";"1";"1";"7";"N57";"48,09044200";"6,59678600"
"202400053050";"12";"02";"2024";"18:20";"1";"76";"76305";"2";"1";"1";"2";"D 6382";"49,49878000";"0,20119000"
"202400053051";"7";"06";"2024";"14:00";"1";"974";"97416";"1";"1";"1";"2";"RN1";" -21,30436000";"55,42772000"
"202400053052";"25";"03";"2024";"10:30";"1";"33";"33119";"2";"1";"1";"6";"N/A";"44,85463000";" -0,51802000"
"202400053053";"2";"05";"2024";"16:49";"1";"59";"59123";"1";"1";"1";"6";"AUTOROUTE A1";"50,50175000";"3,01091000"
"202400053054";"7";"06";"2024";"14:40";"1";"974";"97416";"1";"1";"1";"6";"DELISLES (ROUTE HUBERT) CD3";" -21,31676000";"55,54626000"
"202400053055";"11";"07";"2024";"11:15";"1";"42";"42166";"1";"9";"1";"2";"Route Bleue";"46,00327800";"4,10012700"
"202400053056";"2";"12";"2024";"10:00";"1";"84";"84039";"1";"2";"1";"3";"Chemin des Cantons";"44,09918400";"4,89866300"
"202400053057";"16";"08";"2024";"13:20";"1";100;100010";"1";"1";"1";"1";"route territoriale 30";"42,60799300";"8,85722300"