"Num_Acc";"jour";"mois";"an";"hrmn";"lum";"dep";"com";"agg";"int";"atm";"col";"adr";"lat";"long"
"202400053233";"1";"05";"2024";"17:55";"1";"80";"80021";"2";"1";"1";"6";"RENE GOBLET (PLACE)";"49,89141000";"2,30222000"
"202400053234";"8";"06";"2024";"18:35";"1";"72";"72181";"2";"2";"1";"3";"JAURES JEAN (AV) N° IMP 35 A 179";"47,98617000";"0,20882000"
"202400053235";"30";"01";"2024";"17:15";"1";"50";"50129";"2";"1";"1";"4";"EST (BOULEVARD DE L')";"49,63590000";" -1,57710000"
"202400053236";"9";"08";"2024";"11:15";"1";"974";"97411";"1";"1";"1";"7";"RN2/043";" -20,88651000";"55,49247000"
"202400053237";"26";"03";"2024";"19:30";"5";"75";"75114";"2";"2";"2";"2";"BOULEVARD ROMAIN ROLLAND";"48,82224800";"2,31431500"
"202400053238";"20";"11";"2024";"20:00";"5";"45";"45233";"1";"9";"1";"3";"D26 PR 12 + 861";"48,20054500";"2,41067300"
"202400053239";"25";"10";"2024";"11:05";"1";"91";"91136";"1";"1";"1";"4";"AUTOROUTE A10";"48,71260000";"2,28329000"
"202400053240";"19";"09";"2024";"12:30";"1";"92";"92025";"2";"2";"1";"3";"GABRIEL PERI (RUE)";"48,92286086";"2,24990169"
"202400053241";"11";"07";"2024";"14:15";"1";"49";"49283";"1";"1";"1";"1";"D961";"47,40350500";" -0,75048200"
"202400053242";"3";"01";"2024";"14:00";"1";"62";"62505";"1";"1";"4";"6";"A16";"50,83444300";"1,70454400"
"202400053243";"7";"06";"2024";"17:10";"1";"72";"72181";"1";"1";"1";"2";"LATTRE DE TASSIGNY MARECHAL DE (BD)";"48,02954000";"0,18350000"
"202400053244";"26";"03";"2024";"17:20";"1";"75";"75114";"2";"3";"2";"6";"AVENUE DU GENERAL LECLERC";"48,83137300";"2,32991700"
"202400053245";"8";"02";"2024";"20:35";"5";"49";"49099";"2";"9";"1";"4";"RONTARDIERE (BOULEVARD DE LA)";"47,06675000";" -0,84266000"
"202400053246";"25";"10";"2024";"09:00";"1";"91";"91086";"1";"1";"1";"3";"RN 104";"48,62329000";"2,38467000"
"202400053247";"1";"12";"2024";"05:35";"5";"64";"64329";"2";"2";"1";"6";"RD 817 angle avenue d'ossau";"43,29417800";" -0,28891700"
"202400053248";"20";"09";"2024";"10:55";"1";"92";"92012";"2";"1";"1";"3";"DENFERT ROCHEREAU (RUE)";"48,84218810";"2,24677652"
"202400053249";"14";"08";"2024";"13:20";"1";"972";"97213";"1";"1";"1";"5";"AUTOROUTE A1";"14,60556000";" -61,00312000"
"202400053250";"1";"01";"2024";"04:10";"3";"38";"38184";"1";"9";"1";"2";"A43   15.971 A 18.875";"45,66295000";"5,06672000"
"202400053251";"8";"07";"2024";"07:50";"1";"42";"42208";"1";"4";"1";"1";"M6";"45,54428100";"4,46088400"
"202400053252";"13";"02";"2024";"18:15";"1";"49";"49099";"2";"9";"1";"7";"LORRAINE (RUE DE)";"47,05471000";" -0,85797000"
"202400053253";"30";"04";"2024";"14:20";"1";"76";"76351";"2";"6";"1";"3";"FLORIMOND LAURENT (RUE)";"49,51328000";"0,11102000"
"202400053254";"25";"10";"2024";"04:30";"3";"92";"92076";"1";"1";"1";"6";"A13";"48,83191756";"2,15181737"
"202400053255";"2";"12";"2024";"18:16";"3";"18";"18088";"1";"1";"1";"7";"N/A";"47,42506800";"2,43524200"
"202400053256";"7";"06";"2024";"16:30";"1";"69";"69092";"2";"3";"1";"3";"Avenue Laurent Bonnevay";"45,98522000";"4,70857000"
"202400053257";"26";"03";"2024";"11:00";"1";"75";"75113";"2";"3";"1";"3";"QUAI D AUSTERLITZ";"48,83864400";"2,37231700"
"202400053258";"14";"08";"2024";"19:10";"1";"95";"95539";"2";"1";"1";"6";"PARC CHAPELLE SAINT-NICOLAS (RUE DE LA)";"48,99087000";"2,36294800"
"202400053259";"1";"01";"2024";"23:30";"3";"91";"91064";"1";"1";"3";"2";"RN 118";"48,75135000";"2,22189000"
"202400053260";"20";"09";"2024";"08:45";"1";"92";"92012";"2";"2";"1";"3";"SAUSSIERE (RUE DE LA)";"48,83774328";"2,24038437"
"202400053261";"1";"12";"2024";"11:20";"1";"53";"53273";"1";"1";"1";"7";"D109";"47,91780900";" -0,66784900"
"202400053262";"25";"10";"2024";"19:00";"3";"93";"93053";"1";"1";"1";"3";"AUTOROUTE A3";"48,89332229";"2,47257373"
"202400053263";"12";"07";"2024";"17:45";"1";"68";"68235";"1";"1";"7";"1";"lieu-dit thurwald - D1B";"48,00036100";"7,35159200"
"202400053264";"2";"05";"2024";"07:50";"1";"71";"71270";"2";"3";"2";"6";"Rue Commandant Jean de Bellecombe";"46,31192000";"4,82159000"
"202400053265";"13";"02";"2024";"18:00";"1";"44";"44020";"2";"1";"2";"5";"N/A";"47,16928000";" -1,58002000"
"202400053266";"2";"01";"2024";"08:56";"2";"93";"93027";"1";"1";"2";"6";"A86";"48,92610388";"2,40095258"
"202400053267";"15";"08";"2024";"00:01";"5";"91";"91286";"2";"1";"1";"6";"CORBEIL (ROUTE DE)";"48,65299000";"2,39504000"
"202400053268";"7";"06";"2024";"16:20";"1";"64";"64483";"1";"3";"1";"3";"IRACHABAL (CHEMIN)";"43,39091000";" -1,62854000"
"202400053269";"2";"12";"2024";"06:46";"3";"24";"24547";"2";"1";"1";"6";"Route de brive";"45,12846244";"1,31726772"
"202400053270";"26";"03";"2024";"09:45";"1";"75";"75112";"2";"3";"2";"3";"RUE DE REUILLY";"48,84422300";"2,39030100"
"202400053271";"21";"09";"2024";"00:30";"3";"41";"41204";"1";"1";"1";"1";"D951";"47,63487300";"1,41563200"
"202400053272";"25";"10";"2024";"16:40";"1";"94";"94018";"1";"1";"1";"2";"A4";"48,82465601";"2,39368239"
"202400053273";"3";"05";"2024";"02:10";"5";"69";"69259";"1";"1";"2";"6";"Boulevard Pinel";"45,72214000";"4,88779000"
"202400053274";"1";"01";"2024";"19:20";"3";"93";"93053";"1";"1";"1";"6";"A3";"48,88384258";"2,46603906"
"202400053275";"11";"07";"2024";"10:50";"1";"31";"31582";"2";"1";"1";"3";"167 Rue de la République";"43,40042400";"1,71490900"
"202400053276";"8";"06";"2024";"08:50";"1";"64";"64445";"2";"1";"1";"6";"JEAN GENEZE";"43,31916000";" -0,36829000"
"202400053277";"1";"12";"2024";"04:50";"3";"17";"17180";"1";"1";"5";"7";"D226";"45,88540800";" -0,20749600"
"202400053278";"14";"08";"2024";"09:50";"1";"91";"91589";"2";"2";"1";"3";"RUE DE LA VOIE VERTE";"48,70228000";"2,35259000"
"202400053279";"1";"01";"2024";"11:22";"1";"93";"93063";"1";"1";"1";"6";"AUTOROUTE A3";"48,87919372";"2,44886779"
"202400053280";"2";"05";"2024";"23:26";"5";"69";"69290";"2";"9";"2";"6";"Route de Toussieu";"45,68538504";"4,98359415"
"202400053281";"25";"10";"2024";"15:00";"1";"77";"77373";"1";"1";"1";"2";"RN104";"48,76694017";"2,61376289"
"202400053282";"4";"02";"2024";"17:15";"1";"42";"42218";"2";"1";"1";"5";"Boulevard Louis Neltner";"45,46208500";"4,41329700"
"202400053283";"20";"09";"2024";"20:05";"5";"06";"06161";"2";"2";"1";"3";"239 Boulevard des Italiens";"43,64146600";"7,14221700"
"202400053284";"1";"12";"2024";"23:20";"3";"23";"23112";"1";"1";"2";"6";"D951";"46,37225000";"1,78671600"
"202400053285";"25";"03";"2024";"14:14";"1";"75";"75111";"2";"3";"1";"3";"RUE DU FAUBOURG SAINT ANTOINE";"48,85039704";"2,38139927"
"202400053286";"2";"05";"2024";"15:45";"1";"67";"67482";"2";"1";"2";"7";"MARTIN SCHONGAUER (RUE)";"48,56800000";"7,72530000"
"202400053287";"11";"07";"2024";"17:50";"1";"38";"38073";"2";"2";"1";"1";"Route du Grand Armet";"44,98711100";"5,96964200"
"202400053288";"7";"06";"2024";"11:40";"1";"63";"63300";"2";"9";"1";"3";"AVERROES (RUE) / parking Lycée Bonte";"45,88071000";"3,11060000"
"202400053289";"1";"01";"2024";"18:30";"3";"94";"94069";"1";"1";"1";"2";"A4";"48,81750822";"2,43375876"
"202400053290";"7";"02";"2024";"13:25";"1";"42";"42095";"2";"4";"1";"3";"Rue Dorian";"45,39215000";"4,27307000"
"202400053291";"21";"09";"2024";"14:05";"1";"36";"36116";"1";"1";"1";"1";"N/A";"46,99549479";"1,82044744"
"202400053292";"26";"03";"2024";"14:00";"1";"75";"75108";"2";"4";"2";"3";"AVENUE GEORGE V";"48,86757300";"2,30129500"
"202400053293";"2";"12";"2024";"13:05";"1";"53";"53062";"2";"1";"1";"6";"RD962 PR011+400";"47,83846700";" -0,69221400"
"202400053294";"3";"07";"2024";"15:45";"1";"32";"32013";"1";"4";"1";"3";"LANDON (CHEMIN DE)";"43,65411000";"0,55061000"
"202400053295";"7";"06";"2024";"19:20";"1";"60";"60057";"2";"1";"1";"6";"Rue Hector Berlioz";"49,41426000";"2,07684000"
"202400053296";"13";"08";"2024";"07:57";"1";"87";"87085";"1";"1";"1";"4";"AUTOROUTE A20";"45,89635000";"1,29227000"
"202400053297";"11";"07";"2024";"18:35";"1";"02";"02061";"1";"1";"1";"1";"N/A";"50,01205500";"3,45693800"
"202400053298";"2";"05";"2024";"17:25";"1";"66";"66136";"1";"1";"8";"4";"R D 900";"42,72504086";"2,87751675"
"202400053299";"1";"01";"2024";"12:45";"1";"974";"97416";"1";"1";"3";"2";"RN1 (ROUTE NATIONALE)";" -21,32222000";"55,44479000"
"202400053300";"20";"09";"2024";"21:00";"3";"28";"28358";"1";"1";"3";"6";"rd906";"48,49805200";"1,50066400"
"202400053301";"13";"02";"2024";"08:45";"1";"41";"41018";"2";"1";"1";"1";"SAINT LUBIN (ROUTE)";"47,59973000";"1,29692000"
"202400053302";"2";"12";"2024";"10:05";"1";"38";"38310";"1";"1";"1";"6";"A49, voie nord pk 016+800";"45,23337700";"5,48552500"
"202400053303";"26";"03";"2024";"00:20";"5";"75";"75115";"2";"2";"1";"6";"BOULEVARD PASTEUR";"48,84286700";"2,31237400"
"202400053304";"14";"08";"2024";"03:00";"5";"83";"83129";"2";"1";"1";"6";"DE GAULLE (PROMENADE CHARLES)";"43,11154000";"5,81213000"
"202400053305";"11";"07";"2024";"14:30";"1";"14";"14092";"2";"1";"1";"2";"8 Rue Guillaume le Conquérant";"49,12260400";" -0,29501600"
"202400053306";"1";"01";"2024";"19:45";"5";"974";"97411";"2";"1";"1";"2";"RAMBAUD (LEOPOLD)";" -20,88621000";"55,48072000"
"202400053307";"5";"06";"2024";"04:40";"2";"59";"59467";"1";"1";"1";"6";"BAVAY (RTE DE) ";"50,23169500";"3,83919400"
"202400053308";"13";"06";"2024";"16:41";"1";"32";"32013";"1";"9";"1";"4";"CONDOM (ROUTE DE)";"43,67300000";"0,53100000"
"202400053309";"21";"09";"2024";"16:30";"1";"57";"57732";"2";"1";"7";"6";"2 Rue du Presbytère";"49,12288200";"7,35764800"
"202400053310";"2";"12";"2024";"10:00";"1";"63";"63311";"1";"1";"2";"2";"A71 PR 356+900 direction PARIS";"46,03990082";"3,11288750"
"202400053311";"13";"02";"2024";"18:15";"1";"37";"37122";"2";"1";"8";"3";"SAULES (RUE DES)";"47,35966000";"0,65502000"
"202400053312";"1";"05";"2024";"18:00";"1";"62";"62108";"2";"2";"1";"3";"Rue des Grandes Garennes";"50,40471095";"1,57091430"
"202400053313";"1";"01";"2024";"11:00";"1";"971";"97113";"1";"1";"1";"7";"SECTION GRANDE RAVINE";"16,21164000";" -61,47427000"
"202400053314";"20";"09";"2024";"07:10";"2";"51";"51029";"1";"1";"1";"7";"D9";"48,97755500";"4,02832400"
"202400053315";"26";"03";"2024";"11:15";"1";"75";"75104";"2";"3";"2";"6";"RUE DE RIVOLI";"48,85548600";"2,36007800"
"202400053316";"10";"06";"2024";"15:50";"1";"32";"32013";"2";"1";"1";"7";"HOMERE";"43,63122000";"0,58499000"
"202400053317";"11";"07";"2024";"17:50";"1";"09";"09032";"1";"1";"1";"1";"N20";"42,71960400";"1,83349400"
"202400053318";"13";"02";"2024";"10:00";"1";"37";"37122";"2";"1";"1";"7";"CHINON (BOULEVARD DE)";"47,35115000";"0,67890000"
"202400053319";"14";"08";"2024";"10:45";"1";"83";"83069";"2";"1";"1";"3";"AVENUE RITONDALE LEOPOLD";"43,11764000";"6,14520000"
"202400053320";"8";"06";"2024";"15:30";"1";"56";"56098";"2";"2";"1";"3";"Rue François Guillevin";"47,76574000";" -3,35559000"
"202400053321";"2";"12";"2024";"12:10";"1";"38";"38048";"1";"1";"1";"1";"CD36";"45,60040700";"5,12445700"
"202400053322";"30";"04";"2024";"17:40";"1";"57";"57597";"2";"1";"1";"7";"GRAND'RUE";"49,25550023";"6,06629848"
"202400053323";"1";"01";"2024";"15:35";"1";"91";"91514";"2";"1";"1";"2";"BOISSY-SAINT-LEGER (RUE DE)";"48,67307000";"2,53650000"
"202400053324";"6";"06";"2024";"15:50";"1";"32";"32013";"2";"9";"1";"3";"HUIT MAI";"43,66031000";"0,59212000"
"202400053325";"21";"09";"2024";"16:00";"1";"56";"56211";"1";"4";"1";"3";"La Secouette";"47,73838200";" -2,30535900"
"202400053326";"26";"03";"2024";"09:25";"1";"75";"75104";"2";"3";"2";"3";"BOULEVARD BOURDON";"48,85164800";"2,36766700"
"202400053327";"1";"12";"2024";"18:00";"1";"971";"97103";"2";"1";"1";"6";"rue louis andréa";"16,26300900";" -61,59116300"
"202400053328";"1";"05";"2024";"10:00";"1";"54";"54036";"2";"1";"1";"7";"Rue de la Libération";"49,28401000";"5,96088000"
"202400053329";"8";"07";"2024";"15:10";"1";"16";"16292";"2";"6";"1";"2";"Boulevard Duportal";"46,03116200";"0,20128900"
"202400053330";"13";"02";"2024";"12:35";"1";"35";"35238";"2";"9";"8";"3";"ANTRAIN (D') DE 43 ET 80 A FIN";"48,12085000";" -1,67167000"
"202400053331";"8";"06";"2024";"13:10";"1";"56";"56121";"2";"6";"1";"1";"Rue René Lote";"47,77135000";" -3,40406000"
"202400053332";"14";"08";"2024";"14:30";"1";"80";"80021";"2";"1";"1";"3";"AMONT (PORT D')";"49,89438000";"2,30904000"
"202400053333";"3";"06";"2024";"17:52";"1";"32";"32013";"2";"9";"1";"7";"Allée des Arts";"43,65326000";"0,59287000"
"202400053334";"1";"01";"2024";"20:10";"5";"91";"91326";"2";"1";"2";"1";"MONTTESSUY (RUE)";"48,68800000";"2,38500000"
"202400053335";"21";"09";"2024";"03:45";"3";100;100319";"2";"1";"1";"7";"lieu dit figaretto";"42,41509300";"9,52978100"
"202400053336";"1";"12";"2024";"03:20";"3";"33";"33229";"1";"1";"1";"7";"N/A";"44,77885000";" -1,00336100"
"202400053337";"25";"03";"2024";"16:00";"1";"75";"75101";"2";"3";"1";"7";"PONT AU CHANGE";"48,85619500";"2,34648200"
"202400053338";"2";"05";"2024";"18:45";"1";"51";"51454";"2";"3";"2";"6";"VILLAGEOISE (RUE)";"49,22727900";"4,03995900"
"202400053339";"14";"08";"2024";"19:30";"1";"77";"77447";"1";"1";"1";"7";"C.D 82";"48,55446000";"2,56776000"
"202400053340";"7";"06";"2024";"16:20";"1";"54";"54528";"2";"1";"7";"6";"Avenue du Colonel Péchot";"48,68098000";"5,89134000"
"202400053341";"4";"05";"2024";"15:40";"1";"32";"32013";"2";"1";"1";"7";"FERMAT (RUE)";"43,65082000";"0,58484000"
"202400053342";"11";"07";"2024";"17:15";"1";"07";"07095";"1";"1";"3";"1";"D 238";"44,98598800";"4,68272900"
"202400053343";"13";"02";"2024";"10:45";"1";"35";"35051";"2";"3";"1";"3";"RIGOURDIERE (RUE DE LA)";"48,11497717";" -1,59051536"
"202400053344";"21";"09";"2024";"16:15";"1";"32";"32160";"1";"1";"2";"6";"RN124 point kilomètrique 008+400 sens toulouse auch";"43,59528000";"1,11901800"
"202400053345";"1";"01";"2024";"11:40";"1";"91";"91326";"2";"9";"1";"3";"MONTTESSUY (RUE)";"48,68501400";"2,38310800"
"202400053346";"25";"03";"2024";"09:30";"1";"94";"94081";"2";"1";"1";"6";"7 Avenue Youri Gagarine";"48,78909500";"2,38955300"
"202400053347";"11";"07";"2024";"14:15";"1";"53";"53096";"2";"1";"1";"7";"2 Place de l'Eglise";"48,29588200";" -0,93638100"
"202400053348";"29";"11";"2024";"20:30";"5";"974";"97403";"2";"1";"1";"3";"CD26";" -21,24929700";"55,46532500"
"202400053349";"2";"05";"2024";"18:00";"1";"51";"51055";"2";"3";"2";"3";"GUERIN (RUE CAMILLE)";"49,27290000";"4,05189000"
"202400053350";"14";"08";"2024";"09:25";"1";"77";"77243";"2";"1";"1";"7";"METZ  (RUE DE  )";"48,87560000";"2,71250000"
"202400053351";"20";"09";"2024";"18:30";"3";"63";"63238";"1";"9";"1";"6";"Le puy maladroit - Les Vaissieres";"45,88207700";"2,79166500"
"202400053352";"24";"04";"2024";"12:40";"1";"32";"32013";"2";"1";"1";"2";"HOCHE (AVENUE)";"43,64701000";"0,58999000"
"202400053353";"13";"02";"2024";"07:55";"2";"35";"35238";"2";"1";"1";"1";"DESGREES (BD PAUL HUTIN)";"48,09387000";" -1,63862000"
"202400053354";"25";"11";"2024";"20:50";"3";"78";"78034";"1";"1";"3";"6";"Route de Montfort";"48,83779900";"1,82291000"
"202400053355";"7";"06";"2024";"17:00";"1";"54";"54547";"2";"1";"1";"4";"Boulevard Louis Barthou";"48,67065000";"6,18730000"
"202400053356";"11";"07";"2024";"14:00";"1";"53";"53042";"1";"1";"1";"1";"La Cour";"48,39514500";" -0,79027400"
"202400053357";"2";"01";"2024";"01:30";"5";"69";"69282";"2";"1";"1";"6";"Place du 11 Novembre 1918";"45,76084000";"5,00011000"
"202400053358";"20";"09";"2024";"17:50";"1";"63";"63003";"2";"1";"1";"6";"Avenue de Lyon";"45,54890417";"3,74294102"
"202400053359";"1";"12";"2024";"20:50";"3";"05";"05118";"1";"1";"1";"6";"Route Departementale 942";"44,29507400";"5,82095100"
"202400053360";"2";"05";"2024";"12:00";"1";"51";"51454";"2";"2";"2";"3";"BOYER (Rue Gaston)";"49,26113000";"4,02105000"
"202400053361";"13";"08";"2024";"16:45";"1";"66";"66136";"2";"3";"2";"1";"Avenue du Palais-des-Expositions";"42,70579758";"2,89614201"
"202400053362";"25";"03";"2024";"23:10";"5";"94";"94041";"2";"2";"1";"3";"Boulevard Paul Vaillant Couturier / Rue Lénine";"48,81800000";"2,39805000"
"202400053363";"23";"04";"2024";"20:37";"2";"32";"32013";"2";"6";"8";"6";"ONZE NOVEMBRE";"43,64194000";"0,59305000"
"202400053364";"12";"02";"2024";"15:00";"1";"35";"35115";"2";"4";"1";"3";"REPUBLIQUE (PLACE)";"48,35060000";" -1,19568000"
"202400053365";"8";"06";"2024";"03:35";"5";"54";"54578";"1";"3";"1";"6";"Avenue Paul Muller";"48,65693000";"6,13161000"
"202400053366";"29";"03";"2024";"12:00";"1";"32";"32295";"2";"1";"1";"6";"Impasse des Houssereres";"43,49882600";"1,00174100"
"202400053367";"9";"07";"2024";"23:45";"3";"40";"40243";"1";"1";"1";"1";"lieu dit Pioc";"43,94426819";" -0,91716620"
"202400053368";"1";"01";"2024";"18:15";"5";"59";"59183";"2";"1";"1";"6";"ECLUSE DE BERGUES";"51,03180000";"2,37176000"
"202400053369";"26";"03";"2024";"18:45";"1";"93";"93064";"2";"1";"1";"7";"GRAVIERS (RUE DES)";"48,87327567";"2,49735779"
"202400053370";"30";"11";"2024";"15:35";"1";"13";"13076";"1";"1";"1";"3";"D26";"43,81922400";"5,01120300"
"202400053371";"20";"09";"2024";"17:15";"1";"63";"63040";"1";"3";"1";"3";"d997";"45,72539879";"3,35100710"
"202400053372";"12";"02";"2024";"13:35";"1";"35";"35115";"2";"1";"1";"6";"COINTAT (BD MICHEL)";"48,34658000";" -1,18479000"
"202400053373";"14";"08";"2024";"09:55";"1";"64";"64189";"2";"6";"2";"3";"EVADES (CARREFOUR DES)";"43,38449000";" -1,66634000"
"202400053374";"1";"05";"2024";"19:05";"1";"50";"50129";"2";"2";"1";"3";"LEBAS (RUE JEAN)";"49,63929000";" -1,65150000"
"202400053375";"1";"01";"2024";"18:00";"5";"51";"51573";"2";"1";"1";"7";"APPERT (RUE NICOLAS)";"49,24144000";"3,99149000"
"202400053376";"2";"12";"2024";"09:30";"1";"89";"89003";"1";"1";"8";"2";"A6";"47,91021500";"3,30613400"
"202400053377";"10";"07";"2024";"17:32";"1";"04";"04160";"2";"7";"1";"6";"Place de la Libération";"43,87891800";"5,66030300"
"202400053378";"26";"03";"2024";"12:10";"1";"93";"93050";"2";"3";"2";"6";"Avenue Paul Doumer/ Rue de l'Ermitage";"48,85837000";"2,52316200"
"202400053379";"7";"06";"2024";"18:30";"1";"50";"50218";"2";"1";"1";"5";"VILLEDIEU (ROUTE DE)";"48,83761000";" -1,54355500"
"202400053380";"12";"02";"2024";"14:10";"1";"34";"34108";"2";"1";"8";"6";"81ème R.I. (RUE DU)";"43,44227000";"3,75871000"
"202400053381";"24";"10";"2024";"21:10";"5";"988";"98818";"2";"1";"1";"2";"BENEBIG (RUE AUGUSTE)";" -22,27112000";"166,45229000"
"202400053382";"13";"08";"2024";"18:05";"1";"64";"64129";"2";"6";"1";"7";"MARNIERES DES";"43,30245331";" -0,39105535"
"202400053383";"20";"09";"2024";"22:15";"3";"49";"49345";"2";"1";"1";"1";"Chemin du Grand Bonnezeaux";"47,27540800";" -0,48244400"
"202400053384";"11";"07";"2024";"23:20";"3";"27";"27198";"1";"6";"8";"6";"Le Nuisement - Manthelon";"48,90727000";"1,02284700"
"202400053385";"2";"05";"2024";"07:50";"1";"49";"49007";"2";"2";"1";"3";"ROI RENE BOULEVARD";"47,46861000";" -0,55889000"
"202400053386";"8";"06";"2024";"16:05";"1";"45";"45285";"2";"1";"1";"6";"Avenue Pierre Mendès France";"47,90577000";"1,86919000"
"202400053387";"1";"12";"2024";"15:40";"1";"57";"57474";"2";"1";"1";"6";"338bis Rue de Metz";"49,25828900";"6,16989900"
"202400053388";"13";"02";"2024";"10:20";"1";"34";"34172";"2";"1";"1";"3";"MENDES FRANCE (AVENUE PRESIDENT PIERRE";"43,60740200";"3,91739700"
"202400053389";"1";"01";"2024";"18:00";"3";"35";"35281";"1";"1";"3";"4";"PORTE DE ST NAZAIRE";"48,09310000";" -1,70866000"
"202400053390";"14";"08";"2024";"18:30";"1";"64";"64102";"2";"4";"1";"7";"ARANS (CHEMIN D')";"43,48436000";" -1,48014000"
"202400053391";"24";"10";"2024";"12:30";"1";"974";"97411";"2";"1";"1";"2";"AMARYLLIS (DES)";" -20,89744000";"55,47681000"
"202400053392";"2";"03";"2024";"11:45";"1";"93";"93064";"2";"1";"3";"5";"Rue Galilée";"48,86265400";"2,48804300"
"202400053393";"20";"09";"2024";"10:15";"1";"12";"12039";"1";"3";"1";"6";"RD119";"43,76469400";"2,92151600"
"202400053394";"1";"12";"2024";"11:50";"1";"03";"03243";"1";"1";"1";"6";"Dafit GAEC- Élevage d'animaux, route de la gondière";"46,31176000";"2,98522900"
"202400053395";"7";"06";"2024";"16:55";"1";"44";"44184";"2";"3";"1";"3";"274 Rue de Trignac";"47,30203000";" -2,18383000"
"202400053396";"2";"05";"2024";"09:30";"1";"49";"49246";"1";"6";"1";"3";"EUROPE AVENUE";"47,44361000";" -0,52717000"
"202400053397";"1";"01";"2024";"15:20";"1";"35";"35238";"2";"1";"1";"6";"PREVALAYE (QUAI DE LA)";"48,10931000";" -1,68556000"
"202400053398";"24";"10";"2024";"06:20";"1";"974";"97411";"2";"3";"1";"6";"JAURES (BOULEVARD JEAN)";" -20,88917000";"55,45027000"
"202400053399";"20";"09";"2024";"21:45";"3";"42";"42059";"1";"1";"1";"6";"Route de Chevrières";"45,61812700";"4,37689300"
"202400053400";"12";"02";"2024";"14:33";"1";"34";"34129";"2";"1";"2";"4";"BOIRARGUES (AVENUE DE)";"43,57628000";"3,91223000"
"202400053401";"11";"07";"2024";"16:30";"1";"28";"28422";"1";"2";"8";"3";"D17";"48,25275200";"1,54368100"
"202400053402";"14";"08";"2024";"08:00";"2";"64";"64102";"2";"1";"2";"5";"PAUL PRAS (AVENUE)";"43,48395000";" -1,47670000"
"202400053403";"23";"03";"2024";"22:27";"5";"92";"92063";"2";"3";"1";"3";"DIX-HUIT JUIN 1940 (AVENUE DU) EST";"48,86825826";"2,19113150"
"202400053404";"21";"09";"2024";"16:40";"1";"39";"39025";"1";"1";"1";"7";"N/A";"46,56946500";"5,37988500"
"202400053405";"30";"11";"2024";"18:35";"5";"38";"38298";"2";"2";"1";"3";"Place Paul Morand";"45,37266400";"4,79704000"
"202400053406";"23";"10";"2024";"11:30";"1";"974";"97409";"2";"1";"1";"2";"ROCADE SUD(RUE)";" -20,97205000";"55,65234000"
"202400053407";"7";"06";"2024";"16:05";"1";"42";"42187";"2";"2";"1";"1";"Boulevard Bernard Palissy";"46,04198000";"4,08179000"
"202400053408";"11";"07";"2024";"17:00";"1";"52";"52003";"1";"1";"1";"7";"D110";"48,34805868";"5,47921618"
"202400053409";"14";"02";"2024";"21:25";"5";"33";"33063";"2";"1";"1";"2";"N/A";"44,84023000";" -0,58866000"
"202400053410";"2";"05";"2024";"06:09";"2";"49";"49007";"2";"6";"1";"3";"DE LATTRE DE TASSIGNY";"47,44810000";" -0,53791000"
"202400053411";"1";"01";"2024";"07:40";"5";"35";"35238";"2";"5";"1";"3";"SAINT-JEAN BAPTISTE DE LA SALLE";"48,11632000";" -1,70787000"
"202400053412";"25";"03";"2024";"17:30";"1";"92";"92063";"2";"1";"1";"2";"DOUMER (AVENUE PAUL) EST";"48,87815298";"2,17591274"
"202400053413";"21";"09";"2024";"11:54";"1";"39";"39230";"1";"1";"1";"6";"N/A";"46,66594600";"5,79065600"
"202400053414";"14";"04";"2024";"08:00";"2";"64";"64102";"2";"1";"2";"5";"PAUL PRAS (AVENUE)";"43,48392000";" -1,47670000"
"202400053415";"11";"07";"2024";"14:15";"1";"987";"98752";"1";"1";"1";"1";"PK 44+600 coté mer";" -17,72200000";" -149,39900000"
"202400053416";"23";"10";"2024";"16:50";"1";"974";"97407";"1";"1";"1";"2";"ROUTE NATIONALE N° 1";" -20,94293000";"55,32740000"
"202400053417";"2";"12";"2024";"07:15";"3";"01";"01424";"2";"3";"1";"3";"Rue du Port";"45,87466300";"4,97102700"
"202400053418";"8";"06";"2024";"21:35";"2";"41";"41295";"1";"1";"1";"3";"D951";"47,61319000";"1,38609000"
"202400053419";"20";"09";"2024";"13:20";"1";"25";"25519";"1";"1";"1";"7";"D437";"47,30942700";"6,80598700"
"202400053420";"2";"05";"2024";"13:30";"1";"38";"38053";"2";"1";"2";"3";"SCOTTO (VINCENT)";"45,60433000";"5,26664000"
"202400053421";"11";"08";"2024";"15:50";"1";"62";"62587";"2";"1";"7";"6";"Boulevard Jean Moulin";"50,42303048";"2,93570960"
"202400053422";"1";"01";"2024";"04:40";"5";"34";"34172";"2";"1";"1";"2";"FABRE DE MORLHON (BOULEVARD JACQUES)";"43,59333000";"3,87701000"
"202400053423";"29";"10";"2024";"16:30";"1";"69";"69072";"1";"6";"1";"7";"Route Départementale 306";"45,83644800";"4,74539100"
"202400053424";"25";"03";"2024";"18:44";"2";"92";"92050";"2";"1";"1";"2";"CHAMPS PIERREUX AVENUE DES";"48,88749172";"2,21383023"
"202400053425";"24";"10";"2024";"17:11";"1";"973";"97309";"2";"1";"1";"2";"HAMEAU DES ENCENS (RUE DU) Cité St Marti";"4,91924000";" -52,30202000"
"202400053426";"8";"06";"2024";"12:20";"1";"38";"38151";"2";"1";"1";"6";"Cours Jean Jaurès";"45,14175844";"5,70350826"
"202400053427";"10";"08";"2024";"15:50";"1";"62";"62497";"2";"1";"7";"6";"Rue Emile Basly";"50,44250000";"3,05293000"
"202400053428";"10";"02";"2024";"16:25";"1";"31";"31555";"1";"1";"2";"3";"24 EMPALOT  (PERIPH OUEST A620)";"43,56890000";"1,42012000"
"202400053429";"1";"01";"2024";"23:25";"5";"33";"33039";"1";"1";"2";"7";"N/A";"44,81914800";" -0,53814500"
"202400053430";"11";"07";"2024";"15:53";"1";"18";"18279";"1";"1";"1";"2";"N/A";"47,22506200";"2,10658600"
"202400053431";"14";"08";"2024";"23:00";"5";"60";"60057";"2";"1";"1";"6";"PIERRE MENDES FRANCE (AVENUE)";"49,42024000";"2,08990000"
"202400053432";"1";"05";"2024";"06:50";"2";"34";"34172";"2";"2";"2";"6";"MOULARES (CHEMIN DE";"43,59000000";"3,89000000"
"202400053433";"20";"09";"2024";"17:45";"2";"25";"25133";"2";"2";"1";"3";"Route de Besançon";"47,29038200";"5,99292900"
"202400053434";"24";"10";"2024";"13:03";"1";"973";"97302";"2";"1";"1";"3";"ROUGET DE L ' ISLE";"4,93931000";" -52,32685000"
"202400053435";"1";"12";"2024";"14:24";"1";"17";"17273";"1";"1";"1";"1";"CD732";"45,65088800";" -0,42460400"
"202400053436";"26";"03";"2024";"23:10";"5";"92";"92025";"2";"2";"2";"3";"PAUL BERT (RUE)";"48,93090520";"2,24441761"
"202400053437";"13";"02";"2024";"19:10";"5";"30";"30007";"2";"1";"1";"3";"KILMARNOCK (QUAI)";"44,12427000";"4,07258000"
"202400053438";"8";"06";"2024";"16:00";"1";"38";"38053";"2";"2";"1";"2";"ZOLA (AV EMILE)";"45,58866000";"5,27064000"
"202400053439";"1";"05";"2024";"02:40";"5";"34";"34172";"2";"1";"2";"7";"SAINT LAZARE (AVENUE DE)";"43,62050000";"3,88728000"
"202400053440";"26";"03";"2024";"19:44";"5";"92";"92012";"2";"1";"3";"7";"SEVRES (RUE DE) 1/55 - 2/40";"48,83442037";"2,22831845"
"202400053441";"1";"01";"2024";"23:00";"5";"33";"33529";"2";"6";"2";"3";"N/A";"44,61095700";" -1,12909900"
"202400053442";"13";"02";"2024";"08:53";"1";"29";"29232";"2";"1";"2";"6";"Avenue du Reseau Johnny";"48,01747600";" -4,10510500"
"202400053443";"2";"12";"2024";"13:45";"1";"85";"85300";"1";"1";"1";"2";"RD 948";"46,71680000";" -1,54253700"
"202400053444";"12";"07";"2024";"06:05";"2";"69";"69102";"1";"1";"1";"6";"Autoroute 89";"45,86657100";"4,39276700"
"202400053445";"23";"10";"2024";"19:19";"5";"973";"97302";"2";"3";"1";"3";"CONSTANT CHLORE(RUE)";"4,93445000";" -52,32080000"
"202400053446";"2";"05";"2024";"13:30";"1";"31";"31555";"2";"1";"1";"6";"SUISSE (BD DE) DU 7AU 162";"43,62017000";"1,42389000"
"202400053447";"19";"09";"2024";"09:00";"1";"44";"44163";"1";"1";"1";"3";"le Jarrier d’Ancenis";"47,37639400";" -1,15162300"
"202400053448";"8";"06";"2024";"02:33";"4";"37";"37261";"2";"6";"1";"2";"MARECHAL JUIN (BD)";"47,41875000";"0,70464000"
"202400053449";"23";"10";"2024";"06:50";"1";"973";"97302";"1";"6";"2";"7";"ROUTE NATIONALE 1";"4,90732000";" -52,32274000"
"202400053450";"26";"03";"2024";"13:00";"1";"92";"92012";"2";"9";"2";"3";"GEORGES GORSE (QUAI)";"48,82444790";"2,23613620"
"202400053451";"1";"01";"2024";"01:05";"5";"31";"31555";"2";"1";"1";"1";"RTE D ALBI ";"43,63020000";"1,46172000"
"202400053452";"21";"09";"2024";"05:15";"3";"29";"29158";"1";"1";"1";"6";"Rue du Loch";"47,82066200";" -4,34571500"
"202400053453";"2";"12";"2024";"08:29";"1";"44";"44094";"1";"2";"1";"3";"Route de Saint-Mars-du-Désert";"47,34106200";" -1,40738700"
"202400053454";"2";"05";"2024";"18:00";"1";"29";"29232";"2";"3";"1";"1";"Rue Paul Borrossi";"47,98779600";" -4,12532200"
"202400053455";"12";"02";"2024";"08:05";"1";"26";"26362";"1";"2";"1";"4";"Chemin de Porte Maure";"44,90123037";"4,93344069"
"202400053456";"11";"07";"2024";"14:45";"1";"86";"86083";"1";"1";"1";"2";"A10";"46,51097600";"0,14271500"
"202400053457";"14";"08";"2024";"19:20";"1";"59";"59512";"2";"2";"1";"1";"Boulevard de Mulhouse";"50,68688600";"3,19672700"
"202400053458";"23";"10";"2024";"06:15";"2";"973";"97302";"2";"1";"2";"2";"ROUTE NATIONALE 1";"4,90618000";" -52,32263000"
"202400053459";"26";"03";"2024";"08:00";"1";"92";"92014";"2";"3";"2";"3";"GALOIS (AVENUE)";"48,77678177";"2,31919679"
"202400053460";"20";"09";"2024";"16:45";"1";"38";"38263";"1";"1";"1";"7";"Route de Chatain";"45,29368300";"5,43837200"
"202400053461";"8";"06";"2024";"15:35";"1";"35";"35238";"2";"3";"1";"3";"ROBERDIERE (DE LA)";"48,10248000";" -1,72522000"
"202400053462";"1";"01";"2024";"12:15";"1";"18";"18033";"2";"3";"1";"7";"106 Rue de Mazières";"47,06503000";"2,39043000"
"202400053463";"2";"12";"2024";"08:20";"2";"50";"50564";"1";"1";"2";"5";"Route de l?Orme";"49,23446900";" -1,32750000"
"202400053464";"2";"05";"2024";"11:15";"1";"29";"29232";"2";"1";"1";"3";"Route de Brest";"47,99741000";" -4,09836100"
"202400053465";"13";"08";"2024";"01:00";"5";"57";"57240";"2";"1";"1";"6";"NATIONALE (RUE)";"49,14998000";"6,83131000"
"202400053466";"13";"02";"2024";"09:50";"1";"26";"26058";"2";"3";"1";"3";"Rue Hubert Chapon";"44,94176700";"4,90352869"
"202400053467";"24";"10";"2024";"11:58";"1";"69";"69386";"2";"2";"1";"3";"Rue Bugeaud";"45,76583000";"4,84258000"
"202400053468";"11";"07";"2024";"17:00";"1";"974";"97418";"2";"1";"1";"1";"pont neuf";" -20,90473700";"55,50628200"
"202400053469";"27";"03";"2024";"00:00";"5";"974";"97415";"2";"1";"1";"6";"Rue Montrouge (bellemene)";" -21,01806400";"55,30266747"
"202400053470";"30";"11";"2024";"20:50";"3";"14";"14206";"2";"1";"1";"7";"51 Rue Saint-Hilaire";"48,87581900";" -0,05387500"
"202400053471";"2";"05";"2024";"09:20";"1";"26";"26198";"2";"1";"1";"6";"Avenue du Teil";"44,55830000";"4,74707000"
"202400053472";"8";"06";"2024";"15:50";"1";"35";"35238";"2";"3";"1";"3";"BREST (DE)";"48,11188000";" -1,69104000"
"202400053473";"1";"01";"2024";"19:38";"5";"17";"17306";"2";"3";"2";"1";"MAINE ARNAUD (DU) (AVENUE)";"45,63678000";" -1,03396000"
"202400053474";"14";"08";"2024";"17:20";"1";"56";"56260";"2";"1";"1";"3";"Rue Alain Gerbault";"47,66444000";" -2,72864000"
"202400053475";"12";"07";"2024";"01:00";"3";"973";"97305";"1";"1";"2";"7";"N1";"4,94356300";" -52,41620900"
"202400053476";"12";"02";"2024";"16:55";"1";"19";"19031";"2";"3";"1";"3";"""MOULIN (BOULEVARD JEAN) COTE """"LES CEDR";"45,16131000";"1,50313000"
"202400053477";"2";"12";"2024";"08:10";"2";"14";"14728";"2";"1";"1";"7";"Avenue de la Drôme";"49,28407200";" -0,72763000"
"202400053478";"26";"03";"2024";"18:45";"2";"01";"01085";"1";"2";"3";"3";"D7";"46,08548800";"5,02575200"
"202400053479";"1";"01";"2024";"06:30";"5";"13";"13075";"2";"1";"1";"1";"FRÉDÉRIC CHEVILLON (AVENUE)";"43,34697344";"5,46312680"
"202400053480";"8";"06";"2024";"11:15";"1";"34";"34108";"2";"6";"8";"3";"MONTPELLIER (ROUTE DE)";"43,45791000";"3,76295000"
"202400053481";"14";"08";"2024";"04:44";"4";"56";"56121";"2";"6";"1";"6";"Cours Louis de Chazelles";"47,75710000";" -3,36460000"
"202400053482";"20";"09";"2024";"18:30";"2";"72";"72103";"1";"2";"1";"3";"Lieu dit Les bois";"47,81363445";"0,55278934"
"202400053483";"2";"05";"2024";"16:41";"1";"24";"24037";"2";"2";"2";"3";"POZZI (RUE DU PROFESSEUR)";"44,85112000";"0,49062000"
"202400053484";"13";"02";"2024";"07:56";"1";"15";"15014";"1";"1";"9";"6";"RD 117";"44,92424000";"2,47176000"
"202400053485";"24";"10";"2024";"07:15";"1";"972";"97213";"1";"1";"1";"4";"AUTOROUTE A1";"14,61765000";" -61,03475000"
"202400053486";"11";"07";"2024";"13:45";"1";"978";"97801";"2";"1";"1";"1";"R DE SANDY GROUND";"18,06382200";" -63,09059100"
"202400053487";"30";"11";"2024";"21:50";"3";"29";"29046";"1";"1";"2";"2";"Chemin de Menez Kerguesten";"48,08700300";" -4,34774400"
"202400053488";"11";"07";"2024";"13:10";"1";"29";"29234";"2";"1";"3";"7";"rue de Rosbigot";"47,85437300";" -3,47502000"
"202400053489";"25";"03";"2024";"07:50";"1";"67";"67559";"2";"4";"1";"1";"RD 935";"48,89533600";"7,31303200"
"202400053490";"2";"05";"2024";"10:50";"1";"22";"22106";"2";"1";"1";"3";"HAUTS CHEMINS (RUE DES)";"48,48977000";" -2,69782000"
"202400053491";"13";"08";"2024";"13:21";"1";"56";"56121";"2";"1";"1";"3";"Rue François Toullec";"47,73238000";" -3,37976000"
"202400053492";"8";"06";"2024";"23:20";"5";"34";"34172";"2";"1";"1";"6";"PRES D'ARENES (ROND-POINT DES)";"43,58893000";"3,89085000"
"202400053493";"13";"02";"2024";"12:45";"1";"13";"13205";"2";"2";"1";"2";"CAMAS (RUE DU)";"43,29583000";"5,39618000"
"202400053494";"21";"09";"2024";"02:50";"5";"72";"72320";"2";"1";"1";"3";"Rue de Villeneuve";"48,05196600";"0,18189700"
"202400053495";"24";"10";"2024";"15:15";"1";"69";"69034";"2";"5";"1";"1";"Chemin de Crépieux";"45,80097000";"4,85520000"
"202400053496";"1";"01";"2024";"20:30";"5";"06";"06004";"2";"3";"1";"2";"2631 Chemin de Saint Claude";"43,60272000";"7,08776000"
"202400053497";"13";"08";"2024";"13:10";"1";"56";"56098";"2";"1";"1";"6";"Rue Rouget de l'Isle";"47,77859000";" -3,34714000"
"202400053498";"9";"07";"2024";"02:50";"3";"78";"78513";"1";"1";"1";"6";"Route Nationale 12";"48,79846900";"1,75342500"
"202400053499";"2";"12";"2024";"16:00";"2";"22";"22389";"2";"1";"7";"5";"Avenue Georges Pompidou";"48,48168700";" -2,68320700"