"Num_Acc";"jour";"mois";"an";"hrmn";"lum";"dep";"com";"agg";"int";"atm";"col";"adr";"lat";"long"
"202400053500";"2";"05";"2024";"21:36";"1";"18";"18033";"2";"1";"1";"3";"59 Avenue du Général Charles de Gaulle";"47,09815000";"2,40582000"
"202400053501";"25";"03";"2024";"12:30";"1";"06";"06149";"2";"1";"1";"3";"10 Route de Laghet";"43,74467400";"7,32208200"
"202400053502";"20";"09";"2024";"19:15";"1";"72";"72381";"1";"1";"1";"1";"Lieu Dit Le Champ Du Chataignier";"47,93361000";"0,10706000"
"202400053503";"13";"02";"2024";"13:42";"1";"13";"13214";"2";"3";"1";"3";"BESSONS (CHEMIN DES)";"43,33000000";"5,39000000"
"202400053504";"24";"10";"2024";"16:15";"1";"69";"69389";"2";"3";"1";"6";"Rue de Montribloud";"45,76659000";"4,78925000"
"202400053505";"8";"06";"2024";"11:50";"1";"34";"34172";"2";"1";"1";"7";"LAVERUNE (ROUTE DE";"43,59671000";"3,83778000"
"202400053506";"8";"07";"2024";"02:45";"3";"34";"34176";"1";"1";"1";"7";"D24";"43,63011100";"4,03807600"
"202400053507";"1";"12";"2024";"16:52";"1";"13";"13015";"1";"1";"1";"6";"A51-Sens Marseille vers Aix en Provence";"43,43200000";"5,39400000"
"202400053508";"14";"08";"2024";"15:10";"1";"50";"50147";"2";"1";"1";"6";"REPUBLIQUE";"49,05377000";" -1,44083000"
"202400053509";"24";"10";"2024";"12:50";"1";"91";"91174";"2";"1";"1";"2";"QUAI MAURICE RIQUIEZ";"48,61071000";"2,48948000"
"202400053510";"1";"01";"2024";"03:45";"5";"06";"06155";"1";"1";"1";"1";"SAINT BERNARD CH.";"43,58866000";"7,05557000"
"202400053511";"27";"03";"2024";"03:45";"3";"44";"44212";"1";"1";"1";"6";"N/A";"47,15656400";" -1,27948900"
"202400053512";"21";"09";"2024";"08:00";"1";"14";"14726";"1";"3";"2";"3";"15 Route de Vire";"48,84734600";" -0,71218000"
"202400053513";"13";"02";"2024";"10:10";"1";"12";"12145";"1";"1";"5";"1";"CAVALERIE (COTE DE LA )";"44,08689000";"3,08723000"
"202400053514";"30";"11";"2024";"17:00";"3";"13";"13215";"1";"1";"1";"4";"A7-Sens Lyon vers Marseille";"43,35818840";"5,36269145"
"202400053515";"11";"07";"2024";"16:30";"1";"83";"83063";"1";"1";"1";"3";"4965 Route de Grimaud";"43,28989961";"6,49315596"
"202400053516";"12";"08";"2024";"13:10";"1";"50";"50129";"2";"1";"1";"2";"AXE NORD SUD";"49,60504000";" -1,59410000"
"202400053517";"7";"06";"2024";"16:50";"1";"34";"34172";"2";"1";"1";"2";"RECAMBALE (AVENUE DE LA)";"43,60962000";"3,83859000"
"202400053518";"24";"10";"2024";"08:00";"2";"91";"91223";"2";"1";"1";"3";"SABLIERE (RUE DE LA)   ZI";"48,45173000";"2,16014000"
"202400053519";"12";"02";"2024";"18:44";"3";"10";"10362";"1";"1";"8";"6";"ROCADE OUEST (RD 610)";"48,29370000";"4,03130000"
"202400053520";"27";"04";"2024";"16:55";"1";"15";"15014";"2";"1";"1";"6";"Place du square";"44,92776000";"2,44401000"
"202400053521";"1";"01";"2024";"18:30";"5";"75";"75120";"2";"2";"1";"3";"RUE DU COMMANDANT L HERMINIER";"48,84925780";"2,41622266"
"202400053522";"29";"11";"2024";"09:01";"1";"13";"13106";"1";"1";"1";"3";"A7-Sens Lyon vers Marseille";"43,39027000";"5,35013000"
"202400053523";"14";"08";"2024";"19:24";"1";"49";"49267";"1";"1";"1";"7";"A87N";"47,47160626";" -0,50974540"
"202400053524";"27";"03";"2024";"17:05";"1";"10";"10340";"2";"2";"1";"3";"31 Rue du Printemps";"48,25387800";"4,03147000"
"202400053525";"9";"06";"2024";"00:40";"5";"29";"29232";"2";"1";"1";"6";"LOCMARIA ALLEE DE";"47,99005526";" -4,11050243"
"202400053526";"12";"07";"2024";"10:00";"1";"83";"83107";"2";"1";"1";"1";"Route Nd7";"43,46230100";"6,64728400"
"202400053527";"12";"02";"2024";"15:42";"1";"10";"10387";"2";"1";"1";"6";"Avenue Pasteur";"48,30173074";"4,06381014"
"202400053528";"1";"01";"2024";"18:20";"5";"75";"75118";"2";"1";"1";"6";"RUE CAULAINCOURT";"48,88531079";"2,33061209"
"202400053529";"26";"03";"2024";"17:20";"1";"71";"71204";"1";"1";"2";"6";"A6 sens Paris/Lyon PK 326+600";"46,83578000";"4,83204800"
"202400053530";"20";"09";"2024";"07:44";"2";"14";"14626";"1";"3";"1";"3";"68 Route de Saint-Cyr-du-Ronceray";"49,08421000";"0,28235100"
"202400053531";"2";"05";"2024";"15:00";"1";"13";"13211";"2";"1";"2";"3";"ELLEON (AVENUE)";"43,28530733";"5,44228169"
"202400053532";"23";"10";"2024";"11:50";"1";"88";"88160";"2";"3";"1";"3";"DOGNEVILLE (Q. DE)";"48,18179000";"6,44692000"
"202400053533";"8";"06";"2024";"13:05";"1";"27";"27229";"2";"1";"1";"7";"VAL ITON (RUE DU)";"49,03456000";"1,15572000"
"202400053534";"14";"08";"2024";"18:22";"1";"49";"49007";"2";"1";"1";"2";"DUNANT BOULEVARD";"47,48476000";" -0,53123000"
"202400053535";"30";"11";"2024";"21:18";"3";"13";"13106";"1";"1";"1";"2";"A7-Sens Marseille vers Lyon";"43,39119000";"5,35117000"
"202400053536";"27";"03";"2024";"00:20";"3";"76";"76177";"1";"1";"1";"6";"Route de Cleres";"49,59970000";"1,17228900"
"202400053537";"21";"09";"2024";"01:00";"3";"50";"50490";"1";"1";"1";"6";"RD 650 Le vieux Presbytère";"49,37436800";" -1,73337200"
"202400053538";"12";"02";"2024";"14:00";"1";"10";"10387";"2";"4";"1";"6";"Place Marechal Foch";"48,29750000";"4,07470000"
"202400053539";"2";"05";"2024";"07:05";"1";"13";"13203";"2";"1";"2";"3";"PLOMBIERES (BOULEVARD DES)";"43,31623000";"5,38337000"
"202400053540";"1";"01";"2024";"14:00";"1";"75";"75114";"2";"2";"1";"2";"BOULEVARD ROMAIN ROLLAND";"48,81974000";"2,32572800"
"202400053541";"30";"11";"2024";"05:15";"3";"13";"13071";"1";"1";"1";"3";"A55 - Sens Marseille vers Martigues";"43,39458000";"5,29934000"
"202400053542";"8";"06";"2024";"22:45";"5";"22";"22106";"2";"3";"1";"3";"CHAMPS RENAUD (RUE DES)";"48,48798000";" -2,70576000"
"202400053543";"11";"07";"2024";"11:00";"1";"05";"05122";"2";"1";"1";"4";"N94";"44,74665700";"6,58056400"
"202400053544";"21";"09";"2024";"10:15";"1";"90";"90052";"2";"1";"1";"6";"Faubourg de Belfort";"47,73183300";"6,83020200"
"202400053545";"2";"05";"2024";"08:00";"1";"13";"13211";"2";"9";"2";"6";"CENTRAL (BOULEVARD)";"43,28026000";"5,49975000"
"202400053546";"13";"02";"2024";"18:50";"3";"09";"09122";"1";"1";"1";"6";"D17";"42,95961000";"1,57835000"
"202400053547";"23";"10";"2024";"17:49";"1";"87";"87085";"2";"2";"1";"3";"SABLARD (AVENUE DE)";"45,82842000";"1,28287000"
"202400053548";"29";"11";"2024";"19:11";"3";"13";"13028";"1";"1";"1";"7";"A50";"43,19659021";"5,64341460"
"202400053549";"14";"08";"2024";"14:15";"1";"47";"47001";"2";"1";"2";"4";"BRU (AV. DU DR JEAN)";"44,19362000";"0,61861000"
"202400053550";"1";"01";"2024";"01:40";"5";"75";"75110";"2";"3";"1";"2";"QUAI DE VALMY";"48,86866800";"2,36701700"
"202400053551";"25";"03";"2024";"08:30";"1";"42";"42097";"2";"3";"7";"1";"M1082";"45,50057194";"4,31388617"
"202400053552";"10";"07";"2024";"17:50";"1";"13";"13081";"1";"1";"1";"3";"route départementale 113";"43,50363200";"5,21005200"
"202400053553";"20";"09";"2024";"20:40";"3";"36";"36070";"1";"1";"1";"6";"Route du Lac";"46,44259252";"1,59835211"
"202400053554";"2";"05";"2024";"03:08";"5";"13";"13211";"2";"1";"2";"6";"LT COL PIOLLET (ROND POINT)";"43,29148000";"5,48601000"
"202400053555";"23";"10";"2024";"13:23";"1";"87";"87085";"2";"6";"1";"3";"NEXON (RUE DE)";"45,81061000";"1,25722000"
"202400053556";"29";"11";"2024";"08:25";"2";"67";"67152";"1";"1";"5";"2";"Autoroute A.35";"48,52252000";"7,64072000"
"202400053557";"14";"08";"2024";"22:40";"5";"44";"44143";"2";"9";"1";"3";"38 Rue Lechat";"47,17480000";" -1,54370000"
"202400053558";"25";"03";"2024";"16:15";"1";"86";"86082";"1";"1";"1";"3";"N10";"46,37025000";"0,20855800"
"202400053559";"20";"09";"2024";"14:25";"1";"07";"07230";"1";"1";"1";"7";"Col de l'Escrinet (Col de montagne)";"44,71566704";"4,48840839"
"202400053560";"12";"07";"2024";"16:40";"1";"13";"13004";"1";"1";"1";"1";"d36";"43,65808800";"4,59309500"
"202400053561";"13";"02";"2024";"23:50";"5";"06";"06088";"2";"2";"1";"3";"Boulevard François Grosso";"43,70278000";"7,25146000"
"202400053562";"2";"05";"2024";"01:20";"3";"13";"13047";"1";"1";"8";"1";"RD 1569";"43,54823798";"4,97282848"
"202400053563";"23";"10";"2024";"07:15";"5";"83";"83069";"2";"1";"8";"3";"OLBIA  (VOIE)";"43,11773000";"6,14539000"
"202400053564";"7";"06";"2024";"19:20";"1";"18";"18279";"1";"1";"1";"4";"N/A";"47,21292000";"2,13066000"
"202400053565";"1";"01";"2024";"04:04";"4";"75";"75108";"2";"2";"1";"3";"RUE DU BOCCADOR";"48,86723500";"2,30192800"
"202400053566";"1";"12";"2024";"00:30";"5";"33";"33039";"1";"1";"1";"6";"N/A";"44,80560000";" -0,53130000"
"202400053567";"2";"05";"2024";"09:00";"1";"11";"11069";"2";"1";"2";"6";"28 Route Minervoise";"43,23010700";"2,37558000"
"202400053568";"12";"02";"2024";"06:15";"5";"06";"06088";"2";"1";"1";"6";"141 Boulevard de l'Ariane";"43,73663100";"7,30584750"
"202400053569";"20";"09";"2024";"18:48";"2";"27";"27090";"2";"1";"1";"6";"D313";"49,29620600";"0,92094700"
"202400053570";"24";"10";"2024";"08:20";"1";"82";"82121";"1";"1";"1";"7";"chemin de la tauge";"44,04802000";"1,41758000"
"202400053571";"9";"06";"2024";"01:40";"5";"13";"13103";"2";"1";"1";"6";"AVENUE JUIN - DU 18 ... 1940";"43,62826000";"5,11569000"
"202400053572";"14";"08";"2024";"19:15";"1";"38";"38185";"2";"3";"1";"3";"RUE RAYMOND BANK";"45,18899000";"5,71845000"
"202400053573";"11";"07";"2024";"14:29";"1";"25";"25465";"2";"1";"1";"3";"1 Grande Rue";"47,32353100";"6,36239300"
"202400053574";"25";"03";"2024";"15:20";"1";"68";"68004";"1";"1";"1";"2";"D419";"47,62908100";"7,26052500"
"202400053575";"1";"01";"2024";"06:50";"5";"75";"75101";"2";"2";"1";"6";"BOULEVARD DE SEBASTOPOL";"48,86200300";"2,35012400"
"202400053576";"5";"06";"2024";"05:20";"2";"13";"13103";"2";"1";"1";"1";"BOULEVARD DU ROY RENE";"43,63262000";"5,09863000"
"202400053577";"1";"12";"2024";"19:05";"3";"91";"91689";"1";"1";"1";"2";"AUTOROUTE A10";"48,72924600";"2,30656800"
"202400053578";"13";"02";"2024";"07:23";"1";"06";"06027";"2";"1";"1";"3";"Avenue de Nice";"43,65850000";"7,16151000"
"202400053579";"26";"03";"2024";"23:45";"5";"25";"25058";"2";"1";"1";"6";"10 Route de Lyon";"47,21317300";"6,00247300"
"202400053580";"21";"06";"2024";"21:40";"3";"52";"52050";"1";"1";"8";"6";"Biesles";"48,10347600";"5,27669900"
"202400053581";"21";"09";"2024";"10:00";"1";"30";"30346";"1";"3";"1";"3";"D981";"43,96621800";"4,50935900"
"202400053582";"24";"10";"2024";"08:15";"1";"81";"81065";"2";"3";"1";"2";"1 Avenue Charles De Gaulle";"43,60366100";"2,24676100"
"202400053583";"1";"05";"2024";"20:27";"1";"10";"10333";"2";"2";"1";"3";"Avenue du President Wilson";"48,28665000";"4,05591000"
"202400053584";"14";"08";"2024";"11:38";"1";"37";"37208";"2";"6";"1";"2";"LAC (AVENUE DU)";"47,36604000";"0,71665000"
"202400053585";"1";"01";"2024";"20:00";"5";"94";"94078";"2";"3";"2";"3";"Rue de Paris / Rue Emile Zola";"48,73556700";"2,44686800"
"202400053586";"8";"06";"2024";"21:30";"2";"13";"13209";"1";"1";"1";"7";"COL DE LA GINESTE D559";"43,24000000";"5,45000000"
"202400053587";"12";"02";"2024";"11:59";"1";"05";"05061";"2";"1";"1";"3";"TRAUNSTEIN (AVENUE DE)";"44,54005000";"6,06210000"
"202400053588";"12";"07";"2024";"21:00";"2";"51";"51429";"1";"1";"2";"7";"D675";"49,31128900";"3,83643900"
"202400053589";"26";"03";"2024";"14:30";"1";"29";"29111";"1";"1";"1";"1";"Trofagan";"48,57701200";" -4,22749400"
"202400053590";"30";"11";"2024";"17:43";"3";"94";"94038";"1";"1";"2";"4";"A6B";"48,77332532";"2,34537996"
"202400053591";"14";"08";"2024";"15:55";"1";"36";"36044";"2";"1";"1";"3";"N/A";"46,80498000";"1,71288000"
"202400053592";"21";"09";"2024";"15:20";"1";"88";"88165";"2";"3";"1";"1";"Rue de l'Abbaye";"48,36497500";"6,87278000"
"202400053593";"12";"02";"2024";"13:05";"1";"01";"01053";"2";"9";"1";"6";"FERRY ( BOULEVARD JULES)";"46,19557000";"5,22286000"
"202400053594";"7";"06";"2024";"16:45";"1";"13";"13208";"2";"1";"1";"3";"LOUIS REGE (RUE)";"43,28108903";"5,38967081"
"202400053595";"1";"05";"2024";"15:55";"1";"10";"10387";"2";"9";"1";"3";"MARNE (RUE)";"48,27836000";"4,07198000"
"202400053596";"9";"07";"2024";"18:19";"1";"88";"88398";"1";"9";"1";"6";"col de mont repos";"48,27423900";"6,79030200"
"202400053597";"1";"01";"2024";"02:47";"5";"94";"94078";"2";"3";"1";"2";"Rue de Paris / Rue Thimonnier";"48,75114400";"2,44535400"
"202400053598";"24";"10";"2024";"08:30";"1";"78";"78029";"2";"6";"1";"4";"COOPERATION (RUE DE LA)";"48,96126000";"1,85800000"
"202400053599";"13";"02";"2024";"20:20";"5";"75";"75119";"2";"1";"1";"7";"BD PERIPHERIQUE INTERIEUR";"48,90018800";"2,37926900"
"202400053600";"12";"07";"2024";"00:55";"3";"42";"42324";"1";"1";"2";"7";"Chemin des Chambons";"45,55222500";"4,25341500"
"202400053601";"14";"08";"2024";"13:50";"1";"36";"36044";"2";"9";"1";"3";"Avenue de Blois";"46,82300000";"1,68300000"
"202400053602";"1";"12";"2024";"20:45";"5";"93";"93066";"1";"1";"1";"2";"AUTOROUTE A1";"48,90280246";"2,35864809"
"202400053603";"7";"06";"2024";"17:00";"1";"13";"13028";"2";"9";"1";"2";"SUBILIA (AVENUE ERNEST )";"43,18406462";"5,60965692"
"202400053604";"2";"05";"2024";"08:32";"1";"75";"75120";"2";"3";"1";"6";"RUE DES PYRENEES";"48,85048700";"2,40639900"
"202400053605";"20";"09";"2024";"13:15";"1";"987";"98734";"1";"1";"3";"1";"RT1 - PK 35";" -17,75444500";" -149,52965500"
"202400053606";"27";"03";"2024";"18:00";"1";"31";"31361";"1";"2";"1";"2";"131 Route de TOULOUSE ""La Grange Brulée""";"43,34660200";"1,32420100"
"202400053607";"1";"01";"2024";"21:25";"5";"94";"94043";"2";"2";"3";"6";"Rue Séverine / Rue de Verdun";"48,80817900";"2,35683900"
"202400053608";"24";"10";"2024";"16:05";"1";"77";"77108";"2";"1";"7";"3";"D34a";"48,87101300";"2,59469500"
"202400053609";"13";"02";"2024";"10:45";"1";"75";"75118";"2";"1";"1";"2";"BD PERIPHERIQUE EXTERIEUR";"48,90092600";"2,35886700"
"202400053610";"3";"06";"2024";"16:09";"1";"10";"10387";"2";"9";"1";"6";"Boulevard Jules Guesde";"48,28680000";"4,08200000"
"202400053611";"11";"07";"2024";"11:20";"1";"07";"07324";"2";"1";"1";"3";"avenue foch";"45,07196000";"4,82341600"
"202400053612";"27";"03";"2024";"09:40";"1";"31";"31584";"1";"1";"1";"6";"D32";"43,88006200";"1,48397000"
"202400053613";"2";"05";"2024";"21:15";"2";"75";"75119";"2";"1";"2";"6";"AVENUE DE FLANDRE";"48,89371100";"2,38055800"
"202400053614";"1";"12";"2024";"18:40";"3";"93";"93048";"1";"1";"1";"2";"AUTOROUTE A86";"48,86544543";"2,48185307"
"202400053615";"1";"01";"2024";"18:55";"5";"93";"93062";"2";"2";"1";"6";"Avenue de la Résistance / Allee Valere Lefebvre";"48,89688000";"2,51529000"
"202400053616";"15";"08";"2024";"00:01";"5";"35";"35238";"2";"3";"1";"3";"VERN (DE)";"48,09864000";" -1,65649000"
"202400053617";"23";"10";"2024";"08:00";"1";"77";"77288";"2";"1";"1";"6";"ARISTIDE BRIAND  (BOULEVARD)";"48,54082000";"2,65184000"
"202400053618";"12";"02";"2024";"15:27";"1";"75";"75115";"2";"1";"1";"2";"QUAI D ISSY LES MOULINEAUX";"48,83468000";"2,27468100"
"202400053619";"25";"03";"2024";"16:40";"1";"58";"58095";"2";"1";"1";"2";"Route de Moulins";"46,82394700";"3,45261600"
"202400053620";"12";"07";"2024";"14:28";"1";"01";"01301";"2";"6";"1";"2";"Route de Bourg-en-bresse";"46,24853200";"5,13167200"