"Num_Acc";"jour";"mois";"an";"hrmn";"lum";"dep";"com";"agg";"int";"atm";"col";"adr";"lat";"long"
"202400053621";"8";"06";"2024";"00:15";"3";"09";"09207";"2";"4";"1";"1";"RD 117";"42,92519000";"1,63581000"
"202400053622";"2";"05";"2024";"21:37";"5";"75";"75116";"2";"2";"1";"2";"AVENUE PAUL DOUMER";"48,86023400";"2,28105600"
"202400053623";"1";"12";"2024";"07:45";"2";"95";"95018";"1";"1";"1";"2";"A15";"48,95623526";"2,27745141"
"202400053624";"23";"10";"2024";"15:40";"1";"77";"77288";"2";"1";"1";"6";"D415";"48,53622000";"2,65816000"
"202400053625";"2";"03";"2024";"16:30";"1";"14";"14318";"1";"1";"1";"7";"Rue de Banville";"49,32131800";" -0,47807700"
"202400053626";"14";"08";"2024";"12:00";"1";"34";"34172";"2";"2";"1";"3";"RABELAIS (BOULEVARD)";"43,60057000";"3,87939000"
"202400053627";"13";"02";"2024";"14:26";"1";"75";"75110";"2";"3";"1";"3";"BOULEVARD DE STRASBOURG";"48,87060400";"2,35496900"
"202400053628";"11";"07";"2024";"17:00";"1";"69";"69021";"1";"4";"1";"3";"Route Departementale 389";"45,78661900";"4,58177100"
"202400053629";"1";"01";"2024";"07:15";"5";"93";"93077";"2";"1";"1";"5";"Rue de Neuilly";"48,87749000";"2,52332000"
"202400053630";"8";"06";"2024";"19:30";"1";"06";"06030";"2";"2";"1";"3";"DUNKERQUE (RUE DE)";"43,56557000";"7,01522000"
"202400053631";"1";"12";"2024";"00:50";"5";"93";"93027";"1";"1";"1";"2";"AUTOROUTE A86";"48,92367420";"2,38521338"
"202400053632";"26";"03";"2024";"18:00";"1";"09";"09148";"1";"1";"2";"6";"D134";"43,03814400";"1,00356500"
"202400053633";"15";"08";"2024";"00:10";"3";"22";"22278";"1";"1";"1";"7";"ECLUSES (CHEM. DE L')";"48,52724000";" -2,72875000"
"202400053634";"2";"05";"2024";"01:20";"5";"75";"75109";"2";"5";"2";"3";"RUE VICTOR MASSE";"48,88039600";"2,34043900"
"202400053635";"11";"02";"2024";"03:30";"5";"75";"75118";"2";"1";"2";"6";"RUE DE CLIGNANCOURT";"48,88964300";"2,34834200"
"202400053636";"11";"07";"2024";"18:25";"1";"69";"69287";"2";"1";"8";"3";"28 Route de Meyzieu";"45,70032500";"5,02961400"
"202400053637";"1";"12";"2024";"01:20";"3";"94";"94028";"1";"1";"1";"2";"A86";"48,77757639";"2,43975186"
"202400053638";"1";"01";"2024";"21:20";"5";"92";"92050";"2";"6";"2";"3";"BOULE PLACE DE LA";"48,88734769";"2,20019951"
"202400053639";"8";"06";"2024";"01:35";"5";"75";"75120";"2";"1";"1";"6";"BD PERIPHERIQUE INTERIEUR";"48,85244000";"2,41446000"
"202400053640";"4";"08";"2024";"19:20";"1";"14";"14167";"2";"1";"1";"6";"3 Rue Pierre Mendès France";"49,20000000";" -0,30162000"
"202400053641";"2";"05";"2024";"17:30";"1";"75";"75108";"2";"3";"2";"6";"RUE DE ROME";"48,88089000";"2,32107500"
"202400053642";"23";"10";"2024";"08:33";"1";"77";"77058";"2";"9";"1";"5";"ANTOINE GIROUST (BOULEVARD )";"48,84060663";"2,71058056"
"202400053643";"13";"02";"2024";"20:05";"5";"75";"75120";"2";"2";"2";"3";"RUE DES PYRENEES";"48,87391200";"2,38529500"
"202400053644";"13";"07";"2024";"02:20";"3";"55";"55072";"1";"1";"2";"7";"D908";"49,16442702";"5,63290781"
"202400053645";"10";"07";"2024";"19:55";"1";"69";"69204";"2";"1";"1";"2";"74 Chemin de la Mouche";"45,69559200";"4,81719400"
"202400053646";"26";"03";"2024";"17:10";"2";"21";"21399";"1";"2";"3";"3";"D981";"47,21487500";"4,56165400"
"202400053647";"7";"06";"2024";"19:30";"1";"75";"75117";"2";"1";"1";"2";"PORTE MAILLOT";"48,88191100";"2,28272700"
"202400053648";"11";"07";"2024";"22:25";"3";"79";"79049";"1";"1";"1";"7";"N/A";"46,81822600";" -0,49264700"
"202400053649";"26";"09";"2024";"18:00";"1";"43";"43041";"1";"1";"2";"6";"R.N 88";"45,05490000";"3,90879000"
"202400053650";"24";"10";"2024";"08:00";"2";"76";"76005";"2";"1";"1";"1";"Rue François Mitterrand";"49,40122000";"1,12502000"
"202400053651";"1";"01";"2024";"20:25";"3";"92";"92040";"2";"1";"2";"4";"GAMBETTA (BOULEVARD)";"48,82730219";"2,27811956"
"202400053652";"27";"03";"2024";"16:40";"1";"40";"40131";"1";"1";"1";"3";"D626 route de Cazaubon";"43,96446500";" -0,17921400"
"202400053653";"14";"08";"2024";"19:46";"1";"13";"13210";"2";"2";"1";"2";"RABATAU (BOULEVARD)";"43,27936000";"5,39930000"
"202400053654";"13";"02";"2024";"17:12";"2";"75";"75115";"2";"4";"1";"3";"RUE DE L ARMORIQUE";"48,83968000";"2,31468200"
"202400053655";"2";"05";"2024";"15:00";"1";"75";"75108";"2";"5";"1";"2";"RUE DE COURCELLES";"48,87638100";"2,30786700"
"202400053656";"10";"09";"2024";"17:45";"1";"43";"43153";"1";"1";"1";"6";"N88";"45,33321600";"4,24856300"
"202400053657";"23";"10";"2024";"17:45";"1";"76";"76351";"2";"1";"1";"1";"JEAN JAURES (AVENUE)";"49,50223000";"0,18565000"
"202400053658";"9";"07";"2024";"15:56";"1";"33";"33234";"1";"6";"9";"3";"N/A";"44,78505200";" -0,50605200"
"202400053659";"7";"06";"2024";"13:03";"1";"75";"75112";"2";"1";"1";"2";"QUAI DE BERCY";"48,83938950";"2,37509608"
"202400053660";"26";"03";"2024";"20:10";"2";"40";"40320";"1";"1";"1";"6";"D651";"43,94540300";" -0,52474000"
"202400053661";"14";"08";"2024";"13:40";"1";"13";"13214";"2";"9";"1";"3";"AVENUE RAIMU";"43,33588000";"5,39855000"
"202400053662";"2";"01";"2024";"13:30";"1";"81";"81145";"1";"2";"1";"3";"D999";"43,90917100";"1,74809200"
"202400053663";"13";"02";"2024";"19:05";"2";"75";"75111";"2";"3";"2";"6";"BOULEVARD VOLTAIRE";"48,86202600";"2,37293000"
"202400053664";"8";"09";"2024";"16:55";"1";"43";"43111";"1";"1";"3";"7";"RN88 - La Sauvetat";"44,84503800";"3,85534300"
"202400053665";"2";"05";"2024";"16:10";"1";"75";"75107";"2";"2";"2";"3";"AVENUE DU MARECHAL GALLIENI";"48,86104900";"2,31324600"
"202400053666";"24";"10";"2024";"16:05";"1";"72";"72181";"2";"2";"1";"3";"JAURES JEAN (AV) N° PAIRS 60 ET >";"47,98621000";"0,20884000"
"202400053667";"7";"06";"2024";"06:45";"1";"75";"75120";"2";"1";"1";"2";"BOULEVARD PERIPHERIQUE";"48,85901200";"2,41435000"
"202400053668";"11";"07";"2024";"13:55";"1";"13";"13214";"1";"1";"1";"2";"A7-Sens Marseille vers Lyon";"43,32281000";"5,37820000"
"202400053669";"21";"09";"2024";"16:30";"1";"21";"21473";"1";"1";"1";"2";"M968";"47,26510100";"5,06389300"
"202400053670";"19";"03";"2024";"18:20";"2";"28";"28116";"2";"6";"1";"3";"D920.1";"48,44588100";"1,23154000"
"202400053671";"4";"09";"2024";"17:00";"1";"43";"43205";"1";"1";"2";"1";"D500";"45,35246191";"4,31719800"
"202400053672";"2";"01";"2024";"18:00";"5";101;101272";"2";"1";"1";"3";"RT40";"41,61826600";"8,96205400"
"202400053673";"13";"02";"2024";"16:15";"1";"75";"75110";"2";"2";"8";"6";"QUAI DE JEMMAPES";"48,86887100";"2,36763500"
"202400053674";"2";"05";"2024";"14:50";"1";"94";"94041";"2";"1";"1";"2";"Avenue Pierre Sémard";"48,82058488";"2,37948704"
"202400053675";"22";"10";"2024";"13:15";"1";"67";"67482";"2";"1";"8";"6";"MONTAGNE VERTE (RUE DE LA)";"48,57216100";"7,72443400"
"202400053676";"26";"07";"2024";"22:55";"5";"28";"28088";"2";"1";"2";"6";"26 Rue du Griffon";"48,06894600";"1,31624600"
"202400053677";"11";"07";"2024";"11:00";"1";"13";"13070";"1";"1";"1";"6";"A50-Sens Marseille vers Aubagne";"43,28440000";"5,51917000"
"202400053678";"14";"08";"2024";"09:26";"1";"13";"13216";"2";"6";"1";"3";"LITTORAL (CHEMIN DU)";"43,35147000";"5,33994000"
"202400053679";"1";"01";"2024";"04:10";"3";"51";"51224";"1";"1";"1";"7";"N4";"48,69334000";"4,70468000"
"202400053680";"13";"02";"2024";"19:10";"5";"75";"75109";"2";"3";"2";"7";"BOULEVARD HAUSSMANN";"48,87263300";"2,33523700"
"202400053681";"27";"03";"2024";"09:10";"1";"03";"03243";"1";"1";"1";"6";"A 71 PK 319+750 Sens 2";"46,32008600";"2,98593800"
"202400053682";"1";"03";"2024";"18:15";"1";"77";"77153";"1";"1";"1";"2";"n2";"49,05371300";"2,69886400"
"202400053683";"2";"05";"2024";"08:20";"1";"94";"94073";"2";"1";"1";"6";"Avenue de Versailles";"48,76002000";"2,39822000"
"202400053684";"7";"06";"2024";"23:05";"5";"75";"75106";"2";"2";"1";"3";"BOULEVARD SAINT MICHEL";"48,85138100";"2,34316000"
"202400053685";"14";"08";"2024";"04:00";"5";"13";"13204";"2";"1";"1";"3";"MARÉCHAL JUIN (BOULEVARD)";"43,31101000";"5,40366000"
"202400053686";"11";"07";"2024";"14:50";"1";"91";"91339";"1";"1";"1";"2";"RN 104";"48,62238000";"2,27235000"
"202400053687";"27";"03";"2024";"09:20";"1";"38";"38140";"1";"1";"2";"2";"A41s PK013+600";"45,26761500";"5,89646100"
"202400053688";"24";"10";"2024";"19:05";"5";"64";"64445";"2";"1";"1";"6";"ALFRED DE MUSSET";"43,29632000";" -0,35935000"
"202400053689";"13";"02";"2024";"08:50";"1";"75";"75109";"2";"2";"1";"6";"RUE LA FAYETTE";"48,87363600";"2,33534300"
"202400053690";"1";"01";"2024";"12:45";"1";"01";"01434";"1";"1";"1";"1";"D22b";"45,97504900";"5,12629800"
"202400053691";"1";"05";"2024";"23:52";"5";"94";"94003";"2";"3";"2";"6";"Avenue Gabriel Péri / Rue de l'Etoile";"48,80243159";"2,34385264"
"202400053692";"22";"07";"2024";"16:07";"1";"28";"28024";"1";"1";"1";"4";"D910";"48,40892100";"1,46040900"
"202400053693";"20";"09";"2024";"21:50";"3";"78";"78246";"1";"1";"8";"1";"D983";"49,02825400";"1,74650400"
"202400053694";"11";"07";"2024";"01:43";"3";"94";"94037";"1";"1";"1";"6";"A6A";"48,81381400";"2,33598964"
"202400053695";"7";"06";"2024";"15:45";"1";"75";"75118";"2";"7";"1";"3";"BOULEVARD ORNANO";"48,89566400";"2,34627600"
"202400053696";"13";"08";"2024";"19:40";"1";"13";"13207";"2";"1";"1";"3";"CORDERIE (BOULEVARD DE LA)";"43,29103000";"5,37080000"
"202400053697";"2";"05";"2024";"05:00";"5";"94";"94033";"2";"1";"8";"6";"Avenue du Maréchal Joffre";"48,85251000";"2,48406000"
"202400053698";"24";"10";"2024";"15:45";"1";"64";"64129";"2";"9";"1";"6";"SAINT JOHN PERSE";"43,30595000";" -0,39598000"
"202400053699";"13";"02";"2024";"11:00";"1";"75";"75107";"2";"2";"1";"3";"RUE DE GRENELLE";"48,85501500";"2,32456400"
"202400053700";"1";"01";"2024";"21:17";"3";"34";"34032";"1";"1";"1";"2";"A75";"43,35897400";"3,26702400"
"202400053701";"27";"03";"2024";"18:20";"1";"84";"84003";"2";"3";"1";"3";"Boulevard Camille Pelletan";"43,87374400";"5,39732900"
"202400053702";"8";"06";"2024";"01:50";"5";"75";"75117";"2";"1";"1";"7";"BOULEVARD PEREIRE";"48,88426100";"2,29557500"
"202400053703";"20";"07";"2024";"18:15";"1";"28";"28348";"1";"3";"1";"3";"D11.1";"48,73087500";"1,17700700"
"202400053704";"13";"02";"2024";"12:15";"1";"75";"75104";"2";"3";"1";"7";"RUE BEAUBOURG";"48,86119700";"2,35346600"
"202400053705";"27";"03";"2024";"00:50";"3";"08";"08058";"1";"1";"2";"7";"A304";"49,76584981";"4,64143395"
"202400053706";"20";"09";"2024";"18:45";"1";"38";"38468";"1";"1";"1";"3";"Route Nationale 7";"45,34698400";"4,80313400"
"202400053707";"8";"08";"2024";"18:55";"1";"12";"12176";"1";"1";"1";"1";"RD 224";"44,37274703";"2,61712968"
"202400053708";"11";"07";"2024";"17:55";"1";"95";"95277";"1";"1";"1";"2";"A1";"48,96704260";"2,47751498"
"202400053709";"2";"05";"2024";"18:45";"1";"94";"94004";"2";"2";"2";"6";"Avenue du Général Leclerc / Rue de Valenton";"48,74704300";"2,51001100"
"202400053710";"1";"01";"2024";"12:25";"1";"38";"38301";"1";"2";"1";"7";"D1075";"44,79729200";"5,63568100"
"202400053711";"7";"06";"2024";"18:30";"1";"75";"75115";"2";"1";"1";"6";"AVENUE ALBERT BARTHOLOME";"48,82786000";"2,29888200"
"202400053712";"16";"07";"2024";"11:40";"1";"28";"28006";"1";"6";"1";"2";"D923";"48,43660400";"1,38886900"
"202400053713";"23";"10";"2024";"18:40";"3";"63";"63224";"1";"1";"1";"2";"RD2029";"45,85408000";"3,11546000"
"202400053714";"27";"03";"2024";"07:30";"1";"03";"03243";"1";"1";"8";"1";"route de sazeret";"46,34004700";"2,99264800"
"202400053715";"14";"08";"2024";"10:00";"1";"11";"11262";"2";"1";"1";"6";"Quai de l'Escoute";"43,18474000";"2,99974000"
"202400053716";"1";"01";"2024";"02:00";"3";"89";"89027";"1";"1";"8";"6";"D660";"48,23520700";"3,58999200"
"202400053717";"13";"02";"2024";"09:30";"1";"75";"75104";"2";"3";"1";"1";"PLACE DU CHATELET";"48,85771083";"2,34777859"
"202400053718";"18";"09";"2024";"18:30";"1";"44";"44201";"1";"1";"1";"3";"Truzeau";"47,34066900";" -1,55890800"
"202400053719";"11";"07";"2024";"17:00";"1";"93";"93010";"1";"1";"1";"2";"AUTOROUTE A3";"48,90994621";"2,47483948"
"202400053720";"2";"05";"2024";"16:50";"1";"94";"94002";"2";"2";"3";"6";"Rue Paul Vaillant Couturier / Rue du Mal de Lattre de Tassigny";"48,80017000";"2,42257000"
"202400053721";"15";"07";"2024";"15:30";"1";"28";"28164";"1";"1";"1";"3";"A10 PK057+000";"48,26702700";"1,85334200"
"202400053722";"8";"06";"2024";"15:00";"1";"75";"75114";"2";"3";"1";"3";"BOULEVARD BRUNE";"48,82655100";"2,31081400"
"202400053723";"24";"10";"2024";"08:05";"1";"63";"63113";"2";"2";"1";"6";"BINGEN (BD JACQUES)";"45,76683000";"3,10717000"
"202400053724";"24";"03";"2024";"19:45";"2";"42";"42272";"2";"1";"1";"6";"Route de Maclas";"45,36525300";"4,73071100"
"202400053725";"14";"08";"2024";"22:30";"5";"06";"06069";"2";"1";"2";"1";"18 Chemin des Capucins";"43,65296410";"6,92953000"
"202400053726";"10";"02";"2024";"16:25";"1";"94";"94042";"2";"2";"1";"1";"Avenue du Général Galliéni / Avenue du Président Wilson";"48,82015200";"2,47441000"
"202400053727";"11";"07";"2024";"17:30";"1";"93";"93008";"1";"1";"1";"2";"AUTOROUTE A86";"48,90934045";"2,44700611"
"202400053728";"1";"01";"2024";"10:25";"1";"56";"56193";"1";"6";"6";"3";"Giratoire de Mané Branroch";"47,73991500";" -3,30265800"
"202400053729";"19";"09";"2024";"18:15";"2";"44";"44026";"1";"3";"1";"3";"Route de Rabinard";"47,31363300";" -1,43761000"
"202400053730";"14";"07";"2024";"20:00";"1";"28";"28322";"2";"1";"1";"1";"61 Route de Verneuil";"48,71510500";"0,97530200"
"202400053731";"2";"05";"2024";"05:30";"2";"93";"93064";"2";"3";"1";"7";"Rue du 4e Zouave / Rue d'Estienne d'Orves";"48,87299023";"2,48066461"
"202400053732";"13";"08";"2024";"15:45";"1";"06";"06030";"2";"1";"1";"3";"52 Boulevard Paul Doumer";"43,56951800";"7,01067600"
"202400053733";"23";"10";"2024";"07:50";"3";"62";"62239";"2";"9";"8";"6";"Rue de Laubanie";"50,93246635";"1,85595989"
"202400053734";"8";"06";"2024";"02:20";"3";"75";"75107";"2";"2";"1";"6";"QUAI D ORSAY";"48,86285800";"2,31519000"
"202400053735";"13";"02";"2024";"20:20";"5";"94";"94041";"2";"3";"2";"6";"Avenue de Verdun / Rue de Châteaudun";"48,81596600";"2,36792300"
"202400053736";"11";"07";"2024";"14:30";"1";"93";"93027";"1";"1";"1";"7";"AUTOROUTE A86";"48,92796013";"2,41109133"
"202400053737";"23";"10";"2024";"17:15";"1";"62";"62457";"2";"1";"1";"7";"D86";"50,45490418";"2,54752206"
"202400053738";"2";"01";"2024";"11:26";"1";"77";"77032";"2";"1";"3";"6";"Route Nationale 4";"48,70145500";"3,25133100"
"202400053739";"14";"08";"2024";"18:15";"1";"75";"75120";"2";"1";"1";"1";"BOULEVARD DAVOUT";"48,85139800";"2,41088300"
"202400053740";"16";"06";"2024";"21:20";"2";"28";"28140";"2";"6";"8";"6";"Route de Gallardon";"48,60388600";"1,67249700"
"202400053741";"11";"07";"2024";"11:10";"1";"95";"95252";"1";"1";"1";"7";"A15";"48,98332355";"2,21853144"
"202400053742";"8";"06";"2024";"20:30";"1";"75";"75110";"2";"1";"1";"1";"RUE DU CHATEAU LANDON";"48,88331100";"2,36402200"
"202400053743";"2";"05";"2024";"22:00";"3";"93";"93046";"1";"1";"2";"1";"Route Strategique";"48,91739000";"2,55541400"
"202400053744";"12";"02";"2024";"13:50";"1";"94";"94017";"2";"3";"1";"2";"Boulevard de Stalingrad / Rue Julian Grimau";"48,81775745";"2,50736433"
"202400053745";"20";"09";"2024";"23:40";"3";"76";"76276";"2";"1";"1";"1";"Rue Andre Bertrand";"49,61757200";"1,53756200"
"202400053746";"25";"03";"2024";"15:09";"1";"38";"38176";"2";"1";"1";"1";"D163";"45,64036100";"5,19534800"
"202400053747";"23";"10";"2024";"10:50";"1";"62";"62847";"1";"6";"1";"6";"D941";"50,51190000";"2,66027000"
"202400053748";"1";"01";"2024";"19:15";"3";"76";"76521";"1";"1";"2";"6";"Chemin de l'Eglise";"49,51468400";"1,39613300"
"202400053749";"8";"06";"2024";"17:49";"1";"28";"28173";"2";"1";"1";"7";"N/A";"48,47130700";"1,53485700"
"202400053750";"7";"06";"2024";"17:50";"1";"75";"75110";"2";"4";"1";"6";"RUE LA FAYETTE";"48,88247900";"2,36913600"
"202400053751";"14";"08";"2024";"11:45";"1";"75";"75112";"2";"2";"1";"3";"RUE TAINE";"48,83856600";"2,39321300"
"202400053752";"11";"07";"2024";"00:40";"3";"93";"93048";"1";"1";"1";"2";"AUTOROUTE A86";"48,86456714";"2,48230399"
"202400053753";"24";"10";"2024";"07:50";"2";"59";"59392";"2";"1";"1";"6";"EPINETTE (BOULEVARD DE L')";"50,28409900";"3,96807300"
"202400053754";"21";"09";"2024";"14:00";"1";"80";"80421";"1";"1";"1";"2";"A1, pk 109.280, sens LILLE-Paris";"49,77324800";"2,79783400"
"202400053755";"1";"01";"2024";"20:50";"5";"32";"32426";"2";"1";"1";"7";"38 Avenue du Général de Gaulle";"43,49741800";"0,59435100"
"202400053756";"12";"02";"2024";"19:35";"5";"93";"93070";"2";"2";"9";"3";"Boulevard Victor Hugo / Place du Capitaine Glarner / Rue des Docks";"48,90713000";"2,32631000"
"202400053757";"26";"03";"2024";"12:25";"1";"38";"38357";"2";"1";"1";"1";"Rue Alfred de Musset";"45,54396400";"5,54166900"
"202400053758";"2";"05";"2024";"17:22";"1";"93";"93046";"2";"2";"2";"6";"Avenue de la Gare de Gargan / Allée Marguerite";"48,90542000";"2,52047000"
"202400053759";"15";"07";"2024";"18:10";"1";"28";"28121";"1";"1";"1";"2";"A10 PK 073+800";"48,11862000";"1,85096000"
"202400053760";"14";"08";"2024";"18:40";"1";"75";"75108";"2";"3";"1";"6";"COURS ALBERT 1ER";"48,86488800";"2,30793500"
"202400053761";"8";"06";"2024";"15:15";"1";"75";"75107";"2";"1";"1";"1";"SOUTERRAIN BRANLY";"48,85882500";"2,29275700"
"202400053762";"13";"02";"2024";"00:30";"3";"93";"93064";"2";"1";"1";"1";"Rue de Lisbonne";"48,87846000";"2,47580000"
"202400053763";"29";"05";"2024";"19:45";"2";"93";"93063";"1";"1";"1";"3";"A3";"48,87538633";"2,44065834"
"202400053764";"27";"11";"2024";"09:50";"1";"972";"97209";"2";"1";"1";"6";"RELIGIEUSES (ROUTE DES)";"14,60522000";" -61,06322000"
"202400053765";"1";"01";"2024";"05:40";"3";"89";"89139";"1";"1";"1";"7";"Route des Beaufumes";"47,70315900";"3,42634500"
"202400053766";"13";"02";"2024";"08:24";"1";"93";"93048";"2";"2";"1";"3";"Avenue du Président Wilson / Rue Marcellin Berthelot";"48,85566000";"2,43955000"
"202400053767";"2";"05";"2024";"17:10";"1";"93";"93027";"2";"3";"2";"2";"Boulevard Pasteur / Avenue Victor Hugo";"48,92446433";"2,38438225"
"202400053768";"22";"03";"2024";"15:00";"1";"46";"46102";"1";"1";"1";"1";"Fumat";"44,59561504";"2,03865103"
"202400053769";"24";"10";"2024";"16:15";"1";"53";"53130";"2";"2";"1";"6";"CHANZY ( AVENUE DE )";"48,06987000";" -0,74964000"
"202400053770";"14";"08";"2024";"11:40";"1";"94";"94068";"2";"1";"1";"6";"Avenue du Bac";"48,79649000";"2,50646000"
"202400053771";"17";"09";"2024";"16:15";"1";"13";"13001";"1";"1";"8";"5";"A51-Sens Aix en Provence vers Marseille";"43,52271000";"5,42693000"
"202400053772";"8";"06";"2024";"20:30";"1";"75";"75101";"2";"3";"1";"3";"RUE DE RIVOLI";"48,86374000";"2,33220100"
"202400053773";"2";"07";"2024";"15:20";"1";"44";"44143";"2";"1";"8";"2";"140 Rue des Sorinnières";"47,15503904";" -1,53720299"
"202400053774";"30";"11";"2024";"21:04";"3";"974";"97407";"1";"1";"1";"6";"AXE MIXTE DE CAMBAIE";" -20,95546000";"55,29405000"
"202400053775";"1";"01";"2024";"17:10";"2";"63";"63081";"1";"1";"1";"6";"Chemin rural";"45,52527803";"3,69984314"
"202400053776";"12";"08";"2024";"19:15";"1";"94";"94068";"2";"1";"1";"7";"Rue du Pont de Créteil";"48,79973000";"2,47043500"
"202400053777";"12";"02";"2024";"15:50";"1";"93";"93032";"2";"5";"1";"3";"Allée de Montfermeil / Allée de Gagny";"48,89890000";"2,54640000"
"202400053778";"27";"03";"2024";"04:32";"5";"72";"72264";"2";"6";"1";"3";"Rue Saint-nicolas";"47,83441200";" -0,31957200"
"202400053779";"20";"09";"2024";"00:03";"3";"13";"13005";"1";"9";"1";"6";"A50-Sens Aubagne vers Marseille";"43,28923000";"5,55049000"
"202400053780";"30";"11";"2024";"14:34";"1";"973";"97302";"2";"1";"1";"7";"BECKER (LIEUTENANT)";"4,93804000";" -52,32933000"
"202400053781";"8";"06";"2024";"00:15";"5";"75";"75104";"2";"1";"1";"6";"VOIE GEORGES POMPIDOU";"48,85089200";"2,36113700"
"202400053782";"15";"10";"2024";"14:15";"1";"52";"52121";"2";"2";"1";"3";"THEURIET (RUE ANDRE)";"48,10301000";"5,13317000"
"202400053783";"2";"05";"2024";"10:10";"1";"93";"93008";"2";"3";"1";"3";"Avenue Henri Barbusse / Rue Henri Gautier";"48,90622800";"2,42296700"
"202400053784";"18";"06";"2024";"20:50";"5";"44";"44190";"2";"6";"8";"3";"116 Rue du Général De Gaulle";"47,20870552";" -1,48948491"
"202400053785";"13";"02";"2024";"09:25";"1";"92";"92062";"2";"1";"8";"3";"WALLACE (BD RICHARD) DU 17 AU 91 ET DU 3";"48,87990248";"2,23976666"
"202400053786";"1";"01";"2024";"13:00";"1";"49";"49050";"2";"4";"2";"1";"11 Rue Raphaël Lecuit";"47,34812800";" -0,44382500"
"202400053787";"13";"08";"2024";"23:30";"5";"94";"94022";"2";"9";"1";"3";"Avenue Victor Hugo";"48,76889000";"2,42066000"
"202400053788";"29";"11";"2024";"22:23";"5";"973";"97302";"2";"1";"1";"3";"MERE THERESA (rue)";"4,93010000";" -52,30000000"
"202400053789";"20";"09";"2024";"12:35";"1";"59";"59462";"1";"1";"1";"2";"AUTOROUTE A1";"50,50627000";"3,02118000"
"202400053790";"8";"06";"2024";"14:25";"1";"94";"94081";"2";"3";"1";"3";"Rue Mario Capra / Avenue Youri Gagarine";"48,78433300";"2,39277300"
"202400053791";"24";"10";"2024";"11:40";"1";"47";"47323";"1";"9";"1";"3";"ROUTE NATIONALE 21";"44,39004000";"0,71760000"
"202400053792";"8";"02";"2024";"17:00";"1";"92";"92051";"2";"9";"1";"6";"ACHILLE PERETTI (AVENUE, N° 90 A 96 ET 9";"48,88401896";"2,27085364"
"202400053793";"9";"07";"2024";"07:50";"1";"974";"97407";"1";"9";"1";"3";"AXE MIXTE DE CAMBAIE";" -20,95243000";"55,29514000"
"202400053794";"1";"05";"2024";"20:00";"1";"93";"93005";"2";"2";"1";"3";"Rue Eugène Delacroix / Cours Salvador Allende";"48,95280200";"2,49904600"
"202400053795";"30";"11";"2024";"13:10";"1";"972";"97213";"2";"1";"1";"6";"ROUTE NATIONALE 1";"14,63821000";" -60,97615000"
"202400053796";"14";"08";"2024";"14:40";"1";"94";"94069";"2";"2";"1";"6";"Avenue de Verdun";"48,82218713";"2,42191458"
"202400053797";"1";"01";"2024";"04:30";"3";"25";"25381";"1";"1";"2";"7";"D465";"47,28118000";"5,95799600"
"202400053798";"23";"10";"2024";"17:30";"1";"47";"47027";"1";"1";"7";"2";"BORDEAUX (avenue de)";"44,40276000";"0,66647000"
"202400053799";"8";"06";"2024";"17:20";"1";"94";"94078";"2";"3";"1";"6";"Avenue de Melun / Chemin des Pêcheurs";"48,72486000";"2,44545000"
"202400053800";"26";"03";"2024";"16:00";"1";"13";"13071";"1";"1";"2";"2";"A7-Sens Marseille vers Lyon";"43,41269032";"5,28163860"
"202400053801";"20";"09";"2024";"16:00";"1";"91";"91645";"1";"1";"1";"4";"RN 385 INT";"48,75982000";"2,26089000"
"202400053802";"10";"07";"2024";"16:05";"1";"973";"97302";"2";"1";"1";"3";"CATAYEE (JUSTIN)";"4,93025902";" -52,32603228"
"202400053803";"13";"02";"2024";"19:50";"5";"92";"92062";"2";"3";"2";"3";"DE DION BOUTON (QUAI) DU 1 AU 28";"48,87707035";"2,24118635"
"202400053804";"30";"11";"2024";"14:00";"1";"69";"69202";"2";"1";"1";"6";"67 Avenue Valioud";"45,73961000";"4,80643000"
"202400053805";"2";"05";"2024";"13:35";"1";"93";"93001";"2";"2";"1";"3";"Avenue Jean Jaurès / Avenue de la République";"48,90359300";"2,39179300"
"202400053806";"14";"08";"2024";"15:30";"1";"94";"94017";"2";"1";"1";"2";"Avenue du Général de Gaulle";"48,82695000";"2,50734000"
"202400053807";"8";"06";"2024";"03:10";"5";"94";"94081";"2";"1";"1";"3";"Quai Jules Guesde";"48,79533000";"2,41806000"
"202400053808";"23";"10";"2024";"18:30";"1";"44";"44109";"2";"9";"1";"3";"84 Rue de Coulmiers";"47,22558000";" -1,54036000"
"202400053809";"10";"07";"2024";"18:20";"1";"69";"69385";"2";"1";"2";"7";"Montée du Chemin Neuf";"45,75941000";"4,82418000"
"202400053810";"25";"03";"2024";"09:00";"1";"13";"13055";"1";"1";"1";"5";"A50-Sens Aubagne vers Toulon";"43,29057000";"5,42672000"
"202400053811";"30";"11";"2024";"12:09";"1";"971";"97101";"2";"1";"1";"6";"BLANCHARD";"16,22442000";" -61,52564000"
"202400053812";"2";"05";"2024";"16:10";"1";"92";"92062";"2";"1";"3";"6";"ROSIERS RUE DES";"48,88742036";"2,22737968"
"202400053813";"1";"01";"2024";"13:55";"1";"44";"44098";"1";"1";"2";"1";"46 Rue du Stade";"47,48045800";" -2,17047300"
"202400053814";"19";"09";"2024";"17:10";"1";"92";"92051";"1";"1";"1";"4";"RN13";"48,88578030";"2,25756390"
"202400053815";"13";"02";"2024";"19:35";"5";"92";"92026";"2";"3";"2";"3";"PRÉSIDENT PAUL DOUMER (QUAI DU)";"48,89012856";"2,25625902"
"202400053816";"14";"08";"2024";"19:24";"1";"93";"93066";"2";"3";"1";"3";"Rue du Plouich / Rue Georges Bizet";"48,94305337";"2,38217377"
"202400053817";"29";"11";"2024";"17:20";"1";"971";"97101";"1";"1";"1";"7";"GRAND CAMP(SECTION)";"16,25392000";" -61,53966000"
"202400053818";"24";"10";"2024";"08:05";"5";"41";"41269";"2";"9";"1";"3";"SAINT LUBIN (FAUBOURG)";"47,79048000";"1,06375000"
"202400053819";"10";"07";"2024";"12:25";"1";101;101004";"2";"1";"1";"3";"stradda di balio";"41,95262000";"8,78455000"