"Num_Acc";"jour";"mois";"an";"hrmn";"lum";"dep";"com";"agg";"int";"atm";"col";"adr";"lat";"long"
"202400053820";"1";"01";"2024";"11:25";"1";"44";"44115";"1";"1";"1";"6";"N/A";"47,36406000";" -1,22860200"
"202400053821";"2";"05";"2024";"19:15";"1";"75";"75117";"2";"3";"2";"2";"JEAN JAURES (BD)";"48,89665157";"2,30953646"
"202400053822";"26";"03";"2024";"09:30";"1";"83";"83144";"1";"1";"2";"2";"A57";"43,13924220";"5,99734560"
"202400053823";"8";"06";"2024";"18:00";"1";"94";"94079";"2";"1";"1";"5";"Avenue André Rouy";"48,82257000";"2,55174000"
"202400053824";"14";"08";"2024";"16:00";"1";"93";"93053";"2";"1";"1";"6";"Rue de Brément";"48,88691000";"2,46929000"
"202400053825";"20";"09";"2024";"16:40";"1";"93";"93008";"1";"1";"1";"3";"AUTOROUTE A86";"48,91150494";"2,44033770"
"202400053826";"13";"02";"2024";"20:38";"5";"92";"92012";"2";"2";"2";"3";"SILLY (RUE DE) 1/87 - 2/88";"48,83902172";"2,23202688"
"202400053827";"29";"11";"2024";"15:30";"1";101;101004";"1";"1";"1";"4";"T20";"41,94153000";"8,80774000"
"202400053828";"10";"07";"2024";"10:00";"1";"95";"95018";"2";"2";"1";"6";"D122";"48,94425429";"2,25096987"
"202400053829";"24";"10";"2024";"01:47";"3";"41";"41018";"2";"3";"1";"3";"LATHAM (RUE) N° PAIRS DU 4 AU 48 INCLUS";"47,59816000";"1,31131000"
"202400053830";"8";"06";"2024";"00:26";"5";"93";"93072";"2";"1";"1";"7";"Boulevard Maxime Gorki";"48,94531800";"2,38664500"
"202400053831";"2";"05";"2024";"17:20";"1";"92";"92012";"2";"2";"2";"6";"ESCUDIER (RUE) 1/47 - 2/38";"48,84334480";"2,23661649"
"202400053832";"1";"01";"2024";"19:15";"3";"38";"38354";"1";"1";"1";"2";"D82";"45,51121900";"5,69603600"
"202400053833";"26";"03";"2024";"16:35";"1";"69";"69278";"1";"1";"2";"2";"Rocade Est";"45,90904000";"4,84244000"
"202400053834";"13";"02";"2024";"21:15";"5";"33";"33040";"2";"9";"1";"7";"N/A";"44,65125000";" -0,32040100"
"202400053835";"14";"08";"2024";"14:55";"1";"93";"93046";"2";"3";"1";"3";"Avenue Aristide Briand /Avenue Gambetta";"48,91523000";"2,52847000"
"202400053836";"30";"11";"2024";"10:50";"1";"95";"95607";"2";"1";"1";"2";"D502";"49,01762218";"2,22671635"
"202400053837";"20";"09";"2024";"09:05";"1";"95";"95500";"1";"1";"1";"4";"A15";"49,03653414";"2,09411837"
"202400053838";"10";"07";"2024";"23:55";"3";"91";"91228";"2";"1";"1";"2";"RTE NATIONALE 7";"48,62323000";"2,44763000"
"202400053839";"25";"03";"2024";"17:00";"1";"67";"67137";"1";"1";"1";"6";"M83";"48,50517000";"7,69504000"
"202400053840";"8";"06";"2024";"11:10";"1";"93";"93070";"2";"3";"1";"3";"Boulevard Jean Jaurès / Rue du Docteur Léonce Basset";"48,91431900";"2,33665700"
"202400053841";"25";"10";"2024";"00:10";"5";"38";"38151";"2";"1";"1";"1";"HUGO (AVENUE V.)";"45,15643000";"5,71280000"
"202400053842";"13";"02";"2024";"11:00";"1";"30";"30295";"1";"1";"1";"7";"N/A";"44,07052100";"4,44620100"
"202400053843";"9";"07";"2024";"15:16";"1";"87";"87085";"1";"1";"1";"6";"CHAMBE (AVENUE DU GENERAL)";"45,88032000";"1,17390000"
"202400053844";"2";"05";"2024";"14:03";"1";"92";"92012";"2";"6";"1";"3";"MARCEL SEMBAT (PLACE)";"48,83350323";"2,24338514"
"202400053845";"19";"09";"2024";"21:30";"3";"93";"93064";"1";"1";"1";"6";"AUTOROUTE A86";"48,86737315";"2,48181211"
"202400053846";"2";"01";"2024";"09:00";"1";"58";"58305";"2";"1";"2";"3";"D977bis";"47,22898700";"3,82606400"
"202400053847";"14";"08";"2024";"00:08";"5";"93";"93029";"2";"3";"1";"3";"Avenue Henri Barbusse / Avenue Henriette";"48,91885000";"2,44935000"
"202400053848";"30";"11";"2024";"22:05";"5";"91";"91201";"2";"5";"1";"3";"BD HENRI BARBUSSE";"48,69390000";"2,41360000"
"202400053849";"8";"06";"2024";"13:30";"1";"93";"93066";"2";"1";"1";"6";"Avenue de Stalingrad";"48,94453762";"2,35860586"
"202400053850";"1";"01";"2024";"00:50";"3";"83";"83056";"2";"1";"1";"6";"chemin de la clue";"43,56531196";"6,51370972"
"202400053851";"24";"10";"2024";"20:55";"5";"37";"37261";"2";"2";"1";"3";"TONNELLE (BOULEVARD)";"47,38467000";"0,66807000"
"202400053852";"2";"05";"2024";"08:40";"1";"92";"92002";"2";"3";"8";"3";"MIRABEAU (RUE)";"48,74732357";"2,29923892"
"202400053853";"13";"02";"2024";"19:45";"3";"19";"19059";"1";"3";"1";"5";"D901";"45,36298600";"1,33525700"
"202400053854";"6";"07";"2024";"17:32";"1";"87";"87085";"2";"3";"1";"3";"MONTJOVIS (AVENUE)";"45,83856000";"1,24775000"
"202400053855";"26";"03";"2024";"09:30";"1";"91";"91228";"1";"9";"2";"4";"RN 104";"48,62300000";"2,42210000"
"202400053856";"8";"06";"2024";"17:30";"1";"93";"93053";"2";"6";"1";"3";"Rue Elsa Triolet / Rue de Neuilly";"48,88470000";"2,46470000"
"202400053857";"30";"11";"2024";"07:20";"5";"91";"91027";"2";"1";"1";"2";"RUE DE LA PYRAMIDE";"48,69810000";"2,37390000"
"202400053858";"19";"09";"2024";"19:40";"3";"92";"92078";"1";"1";"1";"4";"AUTOROUTE A86";"48,92990824";"2,32700212"
"202400053859";"14";"08";"2024";"16:15";"1";"93";"93007";"2";"2";"1";"3";"Rue Saint Saens / Rue Charles Gounod";"48,93882000";"2,46789000"
"202400053860";"2";"01";"2024";"13:30";"1";"45";"45337";"1";"1";"6";"1";"D955 PR 30 + 252";"48,02799200";"1,55499500"
"202400053861";"7";"02";"2024";"15:55";"1";101;101271";"2";"1";"1";"3";"#Caldaniccia#";"41,95104900";"8,80794500"
"202400053862";"26";"03";"2024";"09:23";"1";"91";"91363";"1";"1";"2";"3";"RN 104";"48,66160000";"2,18720000"
"202400053863";"19";"09";"2024";"12:00";"1";"93";"93066";"1";"1";"1";"7";"AUTOROUTE A1";"48,92795641";"2,35752115"
"202400053864";"24";"10";"2024";"08:05";"2";"35";"35238";"2";"2";"1";"3";"VERN (DE)";"48,09298000";" -1,64756000"
"202400053865";"1";"12";"2024";"00:15";"3";"91";"91433";"1";"1";"5";"1";"CD207";"48,46003000";"2,17004000"
"202400053866";"1";"05";"2024";"14:20";"1";"92";"92002";"2";"3";"1";"6";"JEAN MONNET (AVENUE)";"48,74880174";"2,30402148"
"202400053867";"8";"06";"2024";"10:40";"1";"93";"93046";"2";"3";"1";"3";"Avenue Aristide Briand / Avenue Camille Desmoulins";"48,91247000";"2,52258000"
"202400053868";"1";"01";"2024";"10:15";"1";"17";"17008";"1";"1";"8";"1";"D137";"46,26976200";" -1,00464800"
"202400053869";"10";"07";"2024";"00:20";"3";"84";"84007";"2";"4";"1";"4";"BORD DU RHONE (RTE TOURISTIQUE DU)";"43,95893500";"4,83702400"
"202400053870";"11";"02";"2024";"06:25";"3";"11";"11120";"1";"1";"2";"6";"N/A";"43,05277900";"2,17714900"
"202400053871";"26";"03";"2024";"07:30";"1";"91";"91692";"1";"1";"2";"3";"RN 118";"48,68900000";"2,19120000"
"202400053872";"14";"08";"2024";"16:08";"1";"93";"93001";"2";"5";"1";"3";"VICTOR HUGO (AVE)  => N° 129";"48,90864100";"2,37787000"
"202400053873";"3";"05";"2024";"14:20";"1";"22";"22372";"1";"1";"2";"7";"D712";"48,52209100";" -2,83919300"
"202400053874";"19";"09";"2024";"15:50";"1";"93";"93027";"1";"1";"1";"2";"AUTOROUTE A1";"48,93720852";"2,40978107"
"202400053875";"1";"01";"2024";"11:00";"1";"987";"98752";"2";"1";"1";"6";"PK 43+500 coté mer";" -17,72222303";" -149,40612316"
"202400053876";"8";"06";"2024";"09:00";"1";"93";"93046";"2";"5";"1";"2";"Avenue Aristide Briand / Avenue Vauban";"48,91128000";"2,51688000"
"202400053877";"24";"10";"2024";"20:30";"3";"33";"33069";"2";"6";"1";"3";"N/A";"44,86858000";" -0,59714000"
"202400053878";"14";"02";"2024";"13:17";"1";"49";"49041";"1";"1";"1";"3";"29 Route du Moulin de Jarry";"47,28365100";"0,07469700"
"202400053879";"10";"07";"2024";"01:00";"5";"83";"83129";"2";"1";"1";"3";"KENNEDY (AVENUE J.)N°PAIRS 2A2560";"43,10751000";"5,81975000"
"202400053880";"26";"03";"2024";"09:40";"1";"91";"91477";"1";"1";"3";"2";"AUTOROUTE A10";"48,71271000";"2,25299000"
"202400053881";"1";"01";"2024";"04:54";"2";"987";"98733";"2";"1";"1";"6";"RT1 PK 19.100 CT MONT";" -17,69610303";" -149,58357811"
"202400053882";"1";"05";"2024";"02:10";"3";"40";"40065";"2";"1";"3";"7";"Avenue du Bourret";"43,65508400";" -1,43768000"
"202400053883";"19";"09";"2024";"10:00";"1";"95";"95018";"2";"1";"1";"3";"A15";"48,95858710";"2,27405291"
"202400053884";"14";"08";"2024";"16:34";"1";"92";"92051";"2";"1";"1";"2";"ORLEANS (RUE D', N° 11 A 29 ET 12 A 34)";"48,88311090";"2,27334648"
"202400053885";"14";"02";"2024";"16:45";"1";"12";"12221";"1";"1";"1";"7";"D904";"44,55474100";"2,55209000"
"202400053886";"8";"06";"2024";"04:30";"5";"93";"93032";"2";"1";"1";"6";"Avenue du President Pompidou";"48,88206000";"2,53804000"
"202400053887";"26";"03";"2024";"09:20";"1";"91";"91286";"1";"1";"2";"7";"AUTOROUTE A6";"48,64926000";"2,38537000"
"202400053888";"30";"11";"2024";"19:20";"5";"83";"83137";"2";"1";"1";"5";"LECLERC (AVE GENERAL)";"43,12548000";"5,92951000"
"202400053889";"10";"07";"2024";"19:00";"1";"81";"81065";"2";"3";"1";"3";"ALBERT 1° (AV)";"43,59582000";"2,22558000"
"202400053890";"24";"10";"2024";"20:00";"5";"33";"33281";"2";"1";"1";"6";"N/A";"44,82941000";" -0,65743000"
"202400053891";"1";"01";"2024";"19:30";"4";"973";"97311";"2";"1";"1";"1";"Avenue Gaston Monnerville";"5,49356300";" -54,01452400"
"202400053892";"14";"02";"2024";"07:50";"1";"68";"68266";"1";"1";"1";"6";"D47";"47,90016100";"7,33380300"
"202400053893";"19";"09";"2024";"08:50";"1";"93";"93027";"1";"1";"1";"3";"AUTOROUTE A86";"48,92458528";"2,38937632"
"202400053894";"24";"04";"2024";"09:25";"1";"31";"31446";"2";"1";"8";"3";"Avenue du 8 Mai 1945";"43,54097400";"1,48039700"
"202400053895";"30";"11";"2024";"03:25";"3";"81";"81065";"2";"1";"5";"6";"88bis Avenue du Sidobre";"43,61116200";"2,26491600"
"202400053896";"8";"06";"2024";"18:45";"1";"93";"93031";"2";"3";"1";"6";"Rue de Paris / Rue Lacépède";"48,95391900";"2,31092600"
"202400053897";"14";"08";"2024";"06:30";"2";"92";"92024";"2";"2";"1";"3";"VICTOR HUGO (BD)";"48,89748297";"2,31045860"
"202400053898";"26";"03";"2024";"11:57";"1";"92";"92047";"1";"1";"2";"2";"A13";"48,83412827";"2,16775857"
"202400053899";"2";"01";"2024";"15:30";"1";"33";"33199";"2";"1";"2";"6";"Avenue de Césarée";"44,61865100";" -1,07324800"
"202400053900";"24";"10";"2024";"18:59";"1";"33";"33522";"2";"1";"1";"6";"N/A";"44,80412000";" -0,60054000"
"202400053901";"20";"09";"2024";"22:30";"3";"94";"94079";"1";"1";"1";"6";"A4";"48,83472567";"2,53708778"
"202400053902";"2";"05";"2024";"07:25";"1";"76";"76010";"1";"1";"8";"7";"autoroute A29, pk 83+400, sens AMIENS - LE HAVRE";"49,65384900";"0,95136900"
"202400053903";"14";"02";"2024";"16:50";"1";"03";"03158";"1";"3";"1";"3";"D3";"46,48118300";"2,67648500"
"202400053904";"8";"06";"2024";"09:45";"1";"93";"93079";"2";"9";"1";"6";"Route de Saint-Leu / Centre Commercial Bienvenu";"48,94821463";"2,34436870"
"202400053905";"26";"03";"2024";"16:40";"1";"93";"93027";"1";"1";"2";"6";"A86";"48,92648671";"2,40257539"
"202400053906";"1";"01";"2024";"09:00";"1";"95";"95651";"2";"9";"1";"6";"55 CRETES (ROUTE DES)";"49,07350179";"1,70454826"
"202400053907";"14";"08";"2024";"00:01";"5";"92";"92071";"2";"9";"1";"3";"GENERAL LECLERC (AVENUE DU)";"48,77321965";"2,31276119"
"202400053908";"29";"11";"2024";"16:40";"2";"81";"81065";"2";"3";"1";"3";"32 Rue des Généraux Ricard";"43,61543000";"2,23505000"
"202400053909";"24";"10";"2024";"15:56";"1";"31";"31555";"2";"1";"1";"2";"A620";"43,62074154";"1,41820113"
"202400053910";"20";"09";"2024";"20:06";"3";"94";"94042";"1";"1";"1";"5";"A4";"48,82854107";"2,47576095"
"202400053911";"2";"05";"2024";"16:45";"1";"01";"01103";"1";"1";"2";"5";"Route des 2 Journans";"46,27957700";"6,05983400"
"202400053912";"26";"03";"2024";"07:40";"1";"93";"93008";"1";"1";"2";"3";"A86";"48,91191856";"2,43917100"
"202400053913";"26";"01";"2024";"06:00";"3";"03";"03158";"1";"1";"1";"1";"D11";"46,50607300";"2,67135100"
"202400053914";"2";"01";"2024";"06:39";"3";"13";"13099";"1";"1";"1";"1";"C D952";"43,69155300";"5,72492900"
"202400053915";"14";"08";"2024";"12:45";"1";"92";"92012";"2";"2";"1";"2";"REINE (ROUTE DE LA) 39/107 BIS";"48,83920967";"2,24555495"
"202400053916";"8";"06";"2024";"10:00";"1";"93";"93005";"2";"2";"1";"3";"Rue de l'Yser / Boulevard de Strasbourg";"48,91902500";"2,48060400"
"202400053917";"30";"11";"2024";"21:25";"5";"80";"80131";"2";"1";"1";"1";"Rue Victor Hugo";"49,84540000";"2,38856000"
"202400053918";"24";"10";"2024";"15:30";"1";"27";"27681";"2";"1";"1";"3";"JAURES (BOULEVARD JAURES)";"49,09474000";"1,46724000"
"202400053919";"2";"05";"2024";"20:30";"2";"86";"86268";"1";"1";"1";"6";"La Balissière";"46,51642500";"0,59049400"
"202400053920";"10";"07";"2024";"06:10";"2";"77";"77058";"1";"1";"1";"1";"D406";"48,83148000";"2,69387000"
"202400053921";"14";"02";"2024";"14:45";"1";"15";"15212";"1";"1";"7";"6";"RD 663";"44,65368100";"2,25334500"
"202400053922";"20";"09";"2024";"18:20";"1";"93";"93064";"1";"1";"2";"2";"A86";"48,86167691";"2,48339869"
"202400053923";"14";"08";"2024";"03:30";"5";"92";"92004";"2";"1";"1";"6";"GRANDE RUE CHARLES DE GAULLE";"48,90780671";"2,28615403"
"202400053924";"8";"06";"2024";"09:40";"1";"93";"93001";"2";"1";"1";"6";"Avenue de la République";"48,91147691";"2,38441160"
"202400053925";"1";"01";"2024";"00:55";"3";"68";"68342";"1";"3";"2";"6";"Chemin du Bruckle ";"47,82656100";"7,19234300"
"202400053926";"30";"11";"2024";"07:55";"1";"77";"77186";"1";"6";"1";"7";"CROIX SAINT HEREM (CARREFOUR DE LA)";"48,36328600";"2,69202100"
"202400053927";"10";"07";"2024";"08:50";"1";"77";"77005";"2";"1";"1";"7";"D105A";"48,90752000";"2,70460000"
"202400053928";"25";"03";"2024";"11:43";"1";"93";"93010";"1";"1";"1";"4";"A3";"48,90114097";"2,46992334"
"202400053929";"20";"09";"2024";"16:10";"1";"77";"77294";"1";"1";"1";"3";"A104";"48,97032949";"2,59735855"
"202400053930";"8";"06";"2024";"15:30";"1";"92";"92072";"1";"1";"1";"7";"BRANCAS (RUE)";"48,82617063";"2,20112557"
"202400053931";"24";"10";"2024";"09:23";"1";"25";"25462";"1";"6";"1";"2";"SALINS DE (DU 64 A LA FIN)";"46,91047000";"6,33164000"
"202400053932";"1";"01";"2024";"01:50";"3";"38";"38083";"1";"1";"1";"7";"route de boulieu";"45,79133200";"5,36118900"
"202400053933";"2";"05";"2024";"13:17";"1";"21";"21298";"1";"1";"2";"2";"Autoroute A6 Pk 254+700";"47,31917400";"4,49270000"
"202400053934";"14";"02";"2024";"00:30";"3";"72";"72316";"1";"1";"2";"6";"Lieu Dit La Maladrie";"48,32538400";"0,38889300"
"202400053935";"25";"03";"2024";"16:00";"1";"95";"95277";"1";"1";"1";"7";"A3";"48,97035964";"2,48216298"
"202400053936";"11";"08";"2024";"14:40";"1";"14";"14724";"1";"3";"1";"3";"1 Allée La Cour du Chemin";"49,25472200";" -0,15113700"
"202400053937";"29";"11";"2024";"17:00";"5";"77";"77014";"2";"1";"1";"7";"VALVINS (AVENUE DE)";"48,42336451";"2,73884341"
"202400053938";"8";"06";"2024";"16:00";"1";"92";"92047";"2";"1";"1";"7";"PORTE VERTE";"48,83192802";"2,18095565"
"202400053939";"9";"07";"2024";"18:00";"1";"76";"76351";"2";"3";"1";"3";"INGOUVILLE (RUE)";"49,49774000";"0,10887000"
"202400053940";"25";"10";"2024";"00:25";"5";"22";"22278";"2";"9";"1";"6";"SAINT-FRANCOIS";"48,51110000";" -2,75900000"
"202400053941";"14";"02";"2024";"10:19";"1";"14";"14342";"1";"1";"8";"6";"Rue du 19 Mars 1962";"49,31151600";" -1,09919600"
"202400053942";"20";"09";"2024";"15:10";"1";"77";"77363";"1";"1";"1";"2";"A104.INT";"48,90992000";"2,63684000"
"202400053943";"25";"03";"2024";"10:50";"1";"92";"92036";"1";"1";"1";"3";"AUTOROUTE A15";"48,93788866";"2,29766722"
"202400053944";"10";"08";"2024";"00:10";"3";"62";"62837";"1";"1";"1";"6";"D191";"50,65150800";"2,04789900"
"202400053945";"30";"11";"2024";"09:45";"1";"72";"72181";"2";"1";"1";"3";"DELAGENIERE HENRY (RUE)";"48,01097000";"0,19907000"
"202400053946";"3";"05";"2024";"18:53";"1";"30";"30117";"1";"1";"1";"1";"D6113";"43,70661200";"4,55887700"
"202400053947";"2";"01";"2024";"15:20";"1";"81";"81294";"1";"1";"1";"1";"Route Rd 964";"43,83828950";"1,93772440"
"202400053948";"3";"05";"2024";"20:15";"1";"92";"92051";"2";"1";"1";"3";"JEAN MERMOZ (BOULEVARD, N° 5 A 15)";"48,88493790";"2,27081484"
"202400053949";"24";"10";"2024";"17:20";"1";"17";"17415";"2";"1";"1";"2";"KENNEDY AVENUE JOHN FITZGERALD";"45,73180000";" -0,64562000"
"202400053950";"3";"05";"2024";"17:20";"1";"19";"19140";"1";"1";"2";"6";"D169";"45,09254365";"1,89866585"
"202400053951";"25";"03";"2024";"09:00";"1";"93";"93010";"1";"1";"1";"3";"A3";"48,91957855";"2,47890968"
"202400053952";"10";"02";"2024";"15:15";"1";"50";"50550";"2";"1";"1";"2";"Rue de la Peguchellerie";"49,12722800";" -1,44022000"
"202400053953";"9";"07";"2024";"18:14";"1";"72";"72181";"2";"1";"1";"4";"PADERBORN (AV) N° PAIRS";"48,01010000";"0,20173000"
"202400053954";"20";"09";"2024";"07:25";"1";"77";"77372";"1";"1";"1";"2";"A104";"48,89155425";"2,66719667"
"202400053955";"14";"08";"2024";"17:40";"1";"73";"73330";"1";"1";"1";"6";"D1504";"45,70511574";"5,74615119"
"202400053956";"24";"10";"2024";"01:25";"3";"17";"17415";"1";"1";"5";"7";"PORT D'ENVAUX RUE DE";"45,78397000";" -0,65219000"
"202400053957";"1";"01";"2024";"16:10";"1";"31";"31187";"2";"3";"7";"3";"29 Avenue des Pins";"43,53812300";"1,21507300"
"202400053958";"8";"06";"2024";"13:05";"1";"92";"92019";"2";"1";"1";"2";"SULLY PRU'DHOMME (AVENUE)";"48,76781577";"2,28906327"
"202400053959";"27";"11";"2024";"15:00";"1";"72";"72181";"2";"3";"2";"3";"PASTEUR (RUE)";"48,00407000";"0,19270000"
"202400053960";"3";"05";"2024";"14:50";"1";"56";"56251";"2";"1";"1";"6";"7 Allée de Noyalo";"47,62771500";" -2,66229100"
"202400053961";"13";"02";"2024";"10:54";"1";"83";"83102";"2";"1";"1";"2";"1533 Avenue du Général de Gaulle";"43,65408952";"6,14439154"
"202400053962";"24";"03";"2024";"05:30";"3";"93";"93078";"1";"1";"8";"2";"A104";"48,96742731";"2,51064901"
"202400053963";"15";"08";"2024";"16:30";"1";"41";"41031";"2";"1";"1";"1";"Rue de la Forêt";"47,53375700";"1,37669700"
"202400053964";"8";"06";"2024";"20:30";"1";"92";"92002";"2";"1";"1";"7";"GENERAL DE GAULLE (PLACE DU)";"48,76372887";"2,30883032"
"202400053965";"18";"09";"2024";"22:30";"5";"94";"94018";"1";"1";"1";"3";"A4";"48,82050762";"2,40183223"
"202400053966";"2";"02";"2024";"08:30";"1";"10";"10331";"1";"1";"1";"6";"D42";"48,09610000";"4,16300000"
"202400053967";"9";"07";"2024";"12:30";"1";"72";"72181";"1";"1";"2";"5";"PATTON GENERAL RTE ST-AUBIN A AV RUBILLA";"48,02905000";"0,18045000"
"202400053968";"12";"11";"2024";"14:15";"1";"69";"69013";"1";"1";"1";"1";"Route Départementale 306";"46,01149581";"4,72526339"
"202400053969";"3";"05";"2024";"06:15";"1";"76";"76209";"1";"1";"9";"1";"Route de Forges";"49,53046000";"1,63779000"
"202400053970";"2";"01";"2024";"05:40";"3";"56";"56151";"1";"1";"6";"1";"Poulvern";"48,00678200";" -2,90347000"
"202400053971";"24";"03";"2024";"05:30";"3";"93";"93066";"1";"1";"1";"2";"A1";"48,91936344";"2,35754643"
"202400053972";"30";"11";"2024";"04:15";"5";"64";"64445";"2";"1";"1";"6";"ALSACE LORRAINE D'";"43,30175000";" -0,35816000"
"202400053973";"13";"08";"2024";"21:15";"5";"28";"28173";"1";"6";"1";"1";"D32";"48,46996200";"1,55558700"
"202400053974";"7";"06";"2024";"16:40";"1";"37";"37119";"2";"6";"1";"3";"Quai de la Poissonnerie";"47,12160300";"0,42547900"
"202400053975";"24";"10";"2024";"08:15";"2";"14";"14327";"2";"3";"1";"3";"Avenue de la 3ème Division d'Infanterie Britannique";"49,21571000";" -0,33953000"
"202400053976";"25";"05";"2024";"18:00";"1";"59";"59284";"1";"9";"1";"3";"RTE NATIONALE";"50,42598000";"3,38867000"
"202400053977";"10";"07";"2024";"19:45";"1";"69";"69266";"2";"3";"2";"6";"Rue Lafontaine";"45,75997764";"4,88072591"
"202400053978";"2";"05";"2024";"19:00";"1";"79";"79329";"1";"1";"1";"1";"N/A";"46,99584100";" -0,32058800"
"202400053979";"12";"02";"2024";"17:15";"1";"21";"21459";"1";"1";"1";"5";"D 959";"47,42744600";"5,29749500"
"202400053980";"8";"06";"2024";"23:30";"3";"54";"54588";"1";"1";"1";"6";"Vitrimont";"48,60038470";"6,44452214"
"202400053981";"23";"03";"2024";"21:00";"3";"93";"93027";"1";"1";"2";"2";"A16";"48,93520350";"2,40328244"
"202400053982";"2";"01";"2024";"08:15";"1";"80";"80545";"1";"2";"3";"2";"D934";"49,79364200";"2,55730400"
"202400053983";"14";"08";"2024";"16:55";"1";"974";"97413";"2";"1";"1";"6";"Chemin Casimir";" -21,19576500";"55,29412400"
"202400053984";"29";"11";"2024";"17:50";"5";"64";"64445";"2";"1";"1";"6";"NAVARRE DE";"43,29981000";" -0,35611000"
"202400053985";"18";"09";"2024";"07:00";"1";"973";"97302";"2";"1";"1";"3";"BADUEL (ROUTE DE)";"4,92891415";" -52,29981440"
"202400053986";"23";"10";"2024";"12:30";"1";"13";"13212";"2";"1";"1";"3";"ENCO DE BOT (ROUTE)";"43,31441814";"5,46699196"
"202400053987";"8";"06";"2024";"15:40";"1";"72";"72051";"1";"1";"1";"6";"Lieu-dit Le Bordage";"47,80717800";"0,07207100"
"202400053988";"10";"07";"2024";"22:05";"5";"69";"69264";"2";"1";"2";"1";"Rue Condorcet";"45,98317000";"4,73137000"
"202400053989";"11";"02";"2024";"16:30";"1";"85";"85051";"2";"1";"2";"1";"Rue du lac";"46,64823100";" -1,07354200"
"202400053990";"23";"03";"2024";"19:30";"3";"93";"93027";"1";"1";"2";"6";"A16";"48,93574000";"2,40499000"
"202400053991";"2";"05";"2024";"17:15";"1";101;101092";"2";"1";"1";"1";"Strada d'a Marina";"41,77120000";"9,40047700"
"202400053992";"29";"11";"2024";"15:40";"1";"64";"64445";"2";"1";"1";"6";"BARBANEGRE";"43,29613000";" -0,36537000"
"202400053993";"23";"10";"2024";"13:29";"1";"10";"10333";"2";"1";"1";"6";"Rue de la Croix Blanche";"48,27826000";"4,05215000"
"202400053994";"15";"08";"2024";"18:40";"1";"14";"14454";"1";"1";"1";"2";"A84 ";"49,15675900";" -0,47850600"
"202400053995";"13";"02";"2024";"18:05";"1";"30";"30091";"2";"1";"1";"7";"N/A";"43,77357300";"4,15661900"
"202400053996";"19";"09";"2024";"18:30";"1";"69";"69388";"2";"2";"1";"1";"Boulevard Pinel";"45,72607000";"4,88693000"
"202400053997";"9";"07";"2024";"06:55";"1";"67";"67180";"2";"1";"1";"3";"COLONEL JEAN DE BENOIST (RUE DU)";"48,80973900";"7,79248900"
"202400053998";"9";"06";"2024";"12:30";"1";"06";"06044";"2";"3";"1";"3";"273b Boulevard Honoré Teisseire";"43,68549400";"7,10597100"
"202400053999";"22";"03";"2024";"15:40";"1";"95";"95604";"1";"1";"1";"5";"A1";"49,09925677";"2,55032881"
"202400054000";"15";"08";"2024";"11:30";"1";"56";"56067";"1";"1";"1";"7";"rue de neherlann";"47,78111100";" -2,88893200"
"202400054001";"30";"11";"2024";"13:35";"1";"64";"64024";"2";"2";"1";"3";"QUATRE CANTONS (RUE DES)";"43,48837000";" -1,52844000"
"202400054002";"2";"05";"2024";"17:29";"1";"82";"82012";"1";"2";"2";"3";"Route de Castelsarrasin";"44,07338800";"1,17449600"
"202400054003";"19";"09";"2024";"10:00";"1";"69";"69388";"2";"1";"1";"3";"Rue Bataille";"45,73629000";"4,87915000"
"202400054004";"14";"02";"2024";"08:07";"1";"13";"13044";"2";"1";"7";"1";"D19";"43,60163400";"5,07563500"
"202400054005";"22";"10";"2024";"18:07";"1";"10";"10387";"2";"2";"1";"7";"Rue des Marots";"48,30504000";"4,05316000"
"202400054006";"1";"01";"2024";"05:25";"3";"54";"54150";"1";"1";"8";"7";"Autoroute A 31";"48,79261481";"6,11969324"
"202400054007";"26";"03";"2024";"13:50";"1";"77";"77468";"1";"1";"2";"2";"A104";"48,85176377";"2,66206275"
"202400054008";"9";"06";"2024";"03:50";"3";"49";"49355";"1";"1";"1";"2";"D960";"47,10272500";" -0,76303500"
"202400054009";"10";"07";"2024";"22:30";"5";"66";"66136";"1";"1";"1";"3";"N/A";"42,70711308";"2,90676878"
"202400054010";"30";"11";"2024";"09:00";"1";"64";"64024";"2";"3";"1";"2";"BARTHES (RUE DES)";"43,48353000";" -1,50972000"
"202400054011";"14";"02";"2024";"09:25";"1";"85";"85035";"2";"1";"1";"6";"1 Avenue de verdun";"46,62758600";" -1,85778400"
"202400054012";"2";"05";"2024";"15:10";"1";"69";"69066";"1";"1";"3";"6";"718 Route de Sevelinge";"46,09713100";"4,31024600"
"202400054013";"19";"09";"2024";"09:40";"1";"69";"69388";"2";"8";"1";"3";"Rue Challemel Lacour";"45,72933000";"4,85081000"
"202400054014";"1";"01";"2024";"02:27";"5";"33";"33249";"1";"1";"1";"6";"N/A";"44,88502000";" -0,51177000"
"202400054015";"26";"03";"2024";"07:15";"1";"94";"94018";"1";"1";"2";"5";"A4";"48,82050762";"2,40183223"
"202400054016";"30";"11";"2024";"05:45";"3";"63";"63224";"1";"1";"5";"6";"ST BEAUZIRE (ROUTE DE)";"45,86324000";"3,14851000"
"202400054017";"19";"09";"2024";"10:30";"1";"972";"97209";"1";"1";"1";"7";"AUTOROUTE (A1)";"14,61682000";" -61,04225000"
"202400054018";"2";"05";"2024";"17:30";"1";"42";"42293";"1";"1";"2";"6";"Route de Bourg de Thizy";"46,01952600";"4,27752300"
"202400054019";"9";"06";"2024";"12:35";"1";"74";"74191";"2";"3";"1";"3";"614 Route d'avoriaz";"46,18196600";"6,71246400"
"202400054020";"9";"07";"2024";"22:28";"5";"64";"64102";"2";"1";"1";"3";"SOULT (AVENUE MARECHAL)";"43,48755000";" -1,48342000"
"202400054021";"23";"10";"2024";"18:53";"5";"08";"08105";"2";"1";"1";"5";"N/A";"49,75637200";"4,71750100"
"202400054022";"14";"02";"2024";"07:15";"2";"67";"67136";"1";"1";"1";"2";"PK 412+900 autoroute A4";"48,87457899";"7,11973639"
"202400054023";"26";"11";"2024";"11:00";"1";"62";"62841";"2";"1";"2";"6";"Rue du Renouveau";"50,54066794";"2,60886276"
"202400054024";"15";"08";"2024";"15:30";"1";"80";"80633";"1";"1";"7";"5";"D940";"50,19911820";"1,68895483"
"202400054025";"9";"06";"2024";"18:30";"1";"77";"77128";"1";"1";"7";"6";"Autoroute A4 - PK 38+500";"48,87462300";"2,87080000"
"202400054026";"2";"05";"2024";"10:50";"1";"47";"47306";"2";"9";"1";"3";"1585 avenue de bordeaux";"44,38159000";"0,53262200"
"202400054027";"23";"10";"2024";"17:35";"1";"07";"07019";"2";"9";"1";"6";"SAINT DIDIER (BOULEVARD)";"44,61819000";"4,39350000"
"202400054028";"19";"09";"2024";"22:38";"5";100;100120";"2";"6";"1";"6";"11 - RT";"42,65412000";"9,44098000"