"Num_Acc";"jour";"mois";"an";"hrmn";"lum";"dep";"com";"agg";"int";"atm";"col";"adr";"lat";"long"
"202400054029";"24";"03";"2024";"20:40";"5";"974";"97411";"2";"1";"1";"4";"JAURES (BOULEVARD JEAN)";" -20,89576000";"55,47336000"
"202400054030";"1";"01";"2024";"17:30";"2";"91";"91689";"1";"1";"1";"4";"AUTOROUTE A6";"48,72265000";"2,31206000"
"202400054031";"6";"06";"2024";"13:00";"1";"62";"62852";"1";"1";"1";"7";"D229";"50,93063000";"2,07233900"
"202400054032";"14";"02";"2024";"13:30";"1";"31";"31254";"2";"3";"1";"3";"L?Occitane";"43,54801900";"1,50376400"
"202400054033";"30";"05";"2024";"13:30";"1";"62";"62193";"2";"6";"1";"3";"Boulevard Curie";"50,93902000";"1,86603000"
"202400054034";"24";"10";"2024";"11:55";"1";"06";"06069";"2";"1";"1";"6";"102 Route de Cannes";"43,63929000";"6,94964000"
"202400054035";"29";"11";"2024";"17:25";"5";"61";"61006";"2";"2";"1";"3";"D926";"48,74975000";" -0,02168000"
"202400054036";"14";"08";"2024";"16:25";"1";"41";"41258";"1";"1";"1";"3";"A85";"47,30058000";"1,33353000"
"202400054037";"1";"01";"2024";"08:55";"1";"91";"91161";"1";"1";"1";"6";"AUTOROUTE A6";"48,70199600";"2,30825900"
"202400054038";"2";"05";"2024";"09:30";"1";"68";"68365";"1";"5";"1";"7";"D83";"48,05446900";"7,31058600"
"202400054039";"9";"06";"2024";"00:01";"3";"35";"35226";"1";"1";"1";"6";"N/A";"48,42388352";" -1,88263848"
"202400054040";"25";"03";"2024";"12:00";"1";"69";"69385";"2";"4";"1";"3";"Rue Docteur Albéric Pont";"45,75399000";"4,79805000"
"202400054041";"14";"02";"2024";"07:55";"2";"975";"97502";"2";"1";"4";"6";"Route de la Pointe Blanche";"46,77266500";" -56,17666800"
"202400054042";"24";"10";"2024";"15:45";"1";"06";"06029";"2";"1";"1";"6";"17 Rue Jean Jaurès";"43,55357800";"7,02372100"
"202400054043";"29";"11";"2024";"17:30";"3";"59";"59599";"2";"1";"1";"1";"Quai du Blanc Seau";"50,69480000";"3,14601000"
"202400054044";"18";"09";"2024";"08:47";"1";"971";"97101";"2";"1";"1";"3";"Frédéric JALTON";"16,27847000";" -61,49881000"
"202400054045";"9";"07";"2024";"20:24";"1";"56";"56121";"2";"6";"2";"3";"Avenue Anatole France";"47,74687600";" -3,36609800"
"202400054046";"25";"03";"2024";"09:30";"1";"69";"69385";"2";"1";"1";"6";"171 Chemin de Choulans";"45,75498000";"4,81628000"
"202400054047";"7";"07";"2024";"14:15";"1";"69";"69108";"1";"2";"1";"3";"Route des Allumeaux";"46,17198500";"4,73420600"
"202400054048";"11";"04";"2024";"22:00";"3";"22";"22226";"1";"1";"1";"1";"D88";"48,71904100";" -3,54298400"
"202400054049";"20";"05";"2024";"14:50";"1";"01";"01209";"1";"4";"1";"2";"D1206";"46,12021300";"5,89015200"
"202400054050";"30";"11";"2024";"15:40";"1";"56";"56121";"2";"1";"8";"6";"Rue Bertrand du Guesclin";"47,74056000";" -3,37151000"
"202400054051";"1";"01";"2024";"01:20";"3";"95";"95641";"1";"1";"1";"5";"A1";"49,07231946";"2,55207628"
"202400054052";"13";"02";"2024";"14:45";"1";"971";"97112";"1";"1";"1";"4";"route des basses";"15,87083400";" -61,28511800"
"202400054053";"14";"08";"2024";"21:30";"3";"32";"32296";"1";"1";"1";"6";"D143 - intersection chemin de miran";"43,76192200";" -0,05067800"
"202400054054";"25";"03";"2024";"18:10";"1";100;100033";"2";"9";"2";"6";"PAOLI DU NR 1 A 20 - BLD";"42,69667000";"9,44810000"
"202400054055";"8";"06";"2024";"15:03";"1";"22";"22228";"1";"1";"1";"6";"Porz An Parc";"48,54914300";" -3,45811800"
"202400054056";"9";"07";"2024";"17:55";"1";"56";"56121";"2";"3";"8";"2";"Rue de Belgique";"47,75910000";" -3,37919000"
"202400054057";"23";"10";"2024";"17:05";"1";"06";"06004";"1";"1";"1";"5";"Route du Bord de Mer";"43,61403000";"7,12786700"
"202400054058";"30";"11";"2024";"18:30";"5";"54";"54184";"2";"1";"5";"6";"parking";"48,70513000";"6,24401000"
"202400054059";"2";"05";"2024";"18:20";"1";"25";"25018";"1";"1";"2";"3";"D31";"47,36722800";"6,58278500"
"202400054060";"18";"07";"2024";"23:00";"3";"61";"61072";"1";"1";"1";"6";"D16 PR59+910";"48,94856900";"0,25164100"
"202400054061";"19";"09";"2024";"21:25";"5";101;101004";"2";"3";"1";"3";"NAPOLEON COURS AVANT BEVERINI";"41,92813000";"8,73864000"
"202400054062";"14";"02";"2024";"07:27";"1";"57";"57765";"2";"1";"2";"6";"9 Rue de Carling";"49,17650100";"6,68213300"
"202400054063";"5";"03";"2024";"04:30";"5";"971";"97113";"1";"1";"1";"6";"BAS DU FORT";"16,21941000";" -61,51667000"
"202400054064";"7";"06";"2024";"18:15";"1";"06";"06022";"2";"1";"1";"6";"277 Route de Bezaudun";"43,82366000";"7,12109900"
"202400054065";"9";"07";"2024";"08:17";"1";"56";"56121";"2";"6";"2";"7";"Rond-point d'Écosse";"47,73586000";" -3,36520000"
"202400054066";"3";"05";"2024";"09:00";"1";"29";"29188";"1";"2";"7";"3";"Route de Saint Nicolas";"48,69517848";" -3,81106845"
"202400054067";"15";"08";"2024";"18:30";"2";"39";"39018";"1";"1";"8";"6";"N/A";"46,35208200";"5,48904400"
"202400054068";"24";"03";"2024";"15:15";"1";"971";"97101";"1";"9";"1";"3";"PATRICK SAINT ELOI ( AVENUE )";"16,25802000";" -61,51974000"
"202400054069";"30";"11";"2024";"11:00";"1";"54";"54498";"1";"1";"5";"4";"RM 674";"48,72189000";"6,27120000"
"202400054070";"9";"07";"2024";"15:40";"1";"56";"56121";"2";"1";"2";"7";"Rue colonel Jean Muller";"47,76335000";" -3,39432000"
"202400054071";"14";"02";"2024";"18:00";"1";"26";"26004";"1";"4";"1";"1";"D171";"44,96892700";"5,00034600"
"202400054072";"9";"06";"2024";"03:40";"3";100;100320";"1";"1";"1";"6";"D16";"42,15401900";"9,50013800"
"202400054073";"1";"01";"2024";"02:10";"5";"59";"59279";"2";"1";"3";"6";"Rue de Lille ";"50,78282000";"3,12784000"
"202400054074";"19";"09";"2024";"17:25";"1";"91";"91589";"2";"2";"1";"3";"RUE DE L ORME AU MESSIER";"48,68731000";"2,36638000"
"202400054075";"14";"08";"2024";"20:39";"2";"44";"44036";"1";"1";"1";"6";"Les Nardais";"47,73350400";" -1,41140800"
"202400054076";"24";"10";"2024";"19:20";"5";"75";"75113";"2";"1";"1";"4";"BD PERIPHERIQUE INTERIEUR";"48,82363700";"2,38224900"
"202400054077";"3";"05";"2024";"13:10";"1";"31";"31144";"1";"1";"1";"3";"route départementale 125";"42,91980100";"0,64711000"
"202400054078";"8";"06";"2024";"19:50";"1";"62";"62335";"1";"1";"1";"6";"RD 101";"50,33399615";"2,17897658"
"202400054079";"1";"01";"2024";"09:05";"1";"63";"63379";"1";"1";"1";"6";"RD985";"45,98804433";"3,13277953"
"202400054080";"14";"02";"2024";"01:05";"3";"79";"79049";"2";"1";"2";"7";"N/A";"46,84430800";" -0,48723800"
"202400054081";"27";"01";"2024";"03:55";"5";101;101004";"2";"3";"1";"3";"#181 Residence les Dauphins#";"41,93374605";"8,75379682"
"202400054082";"9";"07";"2024";"18:40";"1";"54";"54300";"1";"1";"7";"1";"Route de Bayon";"48,63756903";"6,25412822"
"202400054083";"19";"09";"2024";"08:35";"1";"89";"89387";"2";"9";"1";"3";"DROITS DE L'HOMME (ROND POINT)";"48,20378000";"3,30954000"
"202400054084";"29";"11";"2024";"15:25";"1";"53";"53034";"2";"6";"1";"3";"RD 32 VERS LAVAL";"48,07302756";" -0,73006511"
"202400054085";"14";"07";"2024";"18:30";"1";"29";"29293";"2";"4";"1";"7";"Hent Beg Enez";"47,85218400";" -3,88737300"
"202400054086";"1";"01";"2024";"05:40";"3";"33";"33424";"1";"1";"2";"6";"N/A";"45,13619100";" -0,83657000"
"202400054087";"24";"10";"2024";"11:20";"1";"75";"75116";"2";"1";"1";"2";"BD PERIPHERIQUE EXTERIEUR";"48,87522800";"2,27651200"
"202400054088";"1";"05";"2024";"14:24";"1";"31";"31403";"1";"1";"2";"6";"D17 - Route de Grisolles";"43,78889500";"1,29913300"
"202400054089";"9";"06";"2024";"12:10";"1";"67";"67281";"1";"1";"1";"3";"écluse";"48,15031200";"7,59091400"
"202400054090";"24";"03";"2024";"02:59";"4";"91";"91161";"1";"1";"2";"6";"RTE DE WISSOUS";"48,71526200";"2,30980900"
"202400054091";"12";"02";"2024";"16:10";"1";"62";"62899";"2";"1";"1";"2";"D940";"50,88452791";"1,66592097"
"202400054092";"9";"07";"2024";"14:00";"1";"54";"54395";"2";"2";"1";"3";"Avenue de Boufflers";"48,69166000";"6,15014000"
"202400054093";"15";"09";"2024";"20:11";"1";"85";"85194";"2";"2";"1";"3";"RD80";"46,55115000";" -1,80640000"
"202400054094";"1";"12";"2024";"01:00";"5";"49";"49007";"2";"2";"1";"1";"JEAN XXIII AVENUE";"47,45031000";" -0,56773000"
"202400054095";"23";"10";"2024";"12:10";"1";"75";"75114";"2";"1";"1";"6";"RUE BROUSSAIS";"48,82796900";"2,33662900"
"202400054096";"9";"06";"2024";"00:50";"3";"79";"79013";"1";"1";"1";"6";"N/A";"46,93597100";" -0,35068300"
"202400054097";"3";"05";"2024";"10:36";"1";"01";"01245";"1";"1";"1";"3";"D979 - Lieu-Dit Moinans";"46,16400300";"5,36899100"
"202400054098";"16";"07";"2024";"17:15";"1";"29";"29117";"1";"2";"1";"3";"Lieu Dit Kerveur";"48,56157000";" -4,51318100"
"202400054099";"1";"01";"2024";"06:00";"5";"68";"68266";"2";"1";"2";"6";"1 Rue de Munchhouse";"47,89692500";"7,35721100"
"202400054100";"10";"07";"2024";"18:39";"1";"54";"54263";"2";"1";"1";"6";"Avenue de la République";"49,21806900";"5,99993700"
"202400054101";"24";"03";"2024";"06:15";"2";"91";"91114";"2";"2";"1";"3";"AV DES TILLEULS";"48,68203000";"2,50016000"
"202400054102";"9";"06";"2024";"00:30";"3";100;100233";"1";"9";"1";"6";"D180/D80";"42,90951800";"9,35326000"
"202400054103";"19";"09";"2024";"18:37";"1";"84";"84087";"2";"1";"1";"6";"LYON (ROUTE DE)";"44,16117000";"4,79039000"
"202400054104";"30";"11";"2024";"18:40";"5";"49";"49007";"2";"1";"1";"6";"VAL DE MAINE";"47,47300000";" -0,55220000"
"202400054105";"14";"02";"2024";"09:05";"1";"59";"59419";"1";"2";"2";"3";"D93";"50,52491100";"3,25217800"
"202400054106";"14";"08";"2024";"08:30";"1";"29";"29028";"2";"1";"1";"7";"Rue de Langroas";"48,04592756";" -4,63844908"
"202400054107";"23";"10";"2024";"19:50";"5";"75";"75116";"2";"1";"1";"1";"VOIE GEORGES POMPIDOU";"48,85260100";"2,28118400"
"202400054108";"10";"07";"2024";"14:00";"1";"51";"51454";"1";"1";"1";"7";"COLONEL PIERRE CLOSTERMANN (RUE DU)";"49,25035000";"4,08777000"
"202400054109";"1";"01";"2024";"08:20";"1";"38";"38104";"2";"1";"1";"6";"25 Route Alphonse Belmont";"45,58050087";"5,58276522"
"202400054110";"15";"08";"2024";"06:30";"2";"31";"31412";"1";"1";"8";"6";"D632";"43,34111300";"0,70579600"
"202400054111";"3";"05";"2024";"07:25";"1";"85";"85084";"1";"3";"2";"3";"D160";"46,78057300";" -1,21192900"
"202400054112";"8";"06";"2024";"19:30";"1";"82";"82005";"2";"1";"1";"3";"Route de Toulouse";"43,79991500";"1,22021700"
"202400054113";"21";"03";"2024";"12:45";"1";"88";"88160";"2";"3";"1";"3";"PERROUT (RUE RENE-)";"48,17653000";"6,43844000"
"202400054114";"8";"07";"2024";"23:00";"3";"47";"47323";"1";"1";"1";"6";"GOURIE";"44,40690000";"0,75196000"
"202400054115";"19";"09";"2024";"21:30";"5";"84";"84035";"2";"2";"1";"3";"SARNETTE (AVENUE ABEL)";"43,83720000";"5,04226000"
"202400054116";"30";"11";"2024";"13:15";"1";"49";"49007";"2";"1";"8";"3";"LECOMBRE";"47,46202000";" -0,51984000"
"202400054117";"1";"01";"2024";"04:00";"3";"15";"15016";"1";"1";"2";"6";"RD 53";"44,97452700";"2,31526000"
"202400054118";"12";"02";"2024";"12:40";"1";"13";"13211";"1";"1";"1";"3";"A50-Sens Aubagne vers Marseille";"43,29376100";"5,47164400"
"202400054119";"24";"10";"2024";"17:05";"1";"75";"75106";"2";"2";"1";"3";"BOULEVARD DU MONTPARNASSE";"48,84551844";"2,31915325"
"202400054120";"15";"08";"2024";"01:50";"4";"38";"38303";"1";"1";"8";"6";"D523";"45,29303200";"5,94330100"
"202400054121";"10";"07";"2024";"06:10";"1";"45";"45338";"1";"1";"1";"6";"RD 2060";"47,97022200";"2,72225700"
"202400054122";"22";"03";"2024";"13:25";"1";"87";"87085";"1";"1";"1";"2";"FRAUD (RUE DU)";"45,85360000";"1,21258000"
"202400054123";"3";"05";"2024";"17:15";"1";"26";"26326";"1";"3";"1";"3";"D59";"44,34164500";"4,79040400"
"202400054124";"19";"09";"2024";"13:30";"1";"84";"84035";"1";"1";"1";"1";"BANON (ROUTE DE)";"43,88451000";"4,98673000"
"202400054125";"1";"01";"2024";"04:10";"3";"24";"24375";"1";"1";"2";"7";"D46";"44,73100400";"1,27046600"
"202400054126";"30";"11";"2024";"13:20";"1";"47";"47031";"1";"1";"1";"2";"LAMOTHE MAGNAC (ZI)";"44,15543565";"0,65641391"
"202400054127";"9";"06";"2024";"16:50";"1";"65";"65363";"1";"3";"1";"3";"3 Chemin de Tirebi";"43,11839100";"0,42810200"
"202400054128";"12";"02";"2024";"08:10";"1";"83";"83137";"1";"1";"1";"3";"A50";"43,12476769";"5,90137449"
"202400054129";"2";"05";"2024";"21:00";"3";"66";"66193";"1";"1";"1";"6";"N/A";"42,57316700";"2,33836100"
"202400054130";"23";"10";"2024";"04:53";"5";"75";"75106";"2";"2";"1";"3";"RUE DE RENNES";"48,84803400";"2,32788200"
"202400054131";"24";"03";"2024";"04:43";"3";"86";"86194";"2";"1";"1";"6";"Rue Jean Richard Bloch";"46,56917200";"0,34572460"
"202400054132";"15";"08";"2024";"17:30";"1";"66";"66149";"1";"4";"1";"1";"chemin de los masos";"42,61738100";"2,44613200"
"202400054133";"8";"06";"2024";"21:10";"2";"71";"71330";"1";"1";"2";"6";"Étang de Vesvre";"46,59301700";"3,93636200"
"202400054134";"1";"01";"2024";"04:40";"3";"34";"34337";"2";"6";"1";"6";"M612";"43,55188400";"3,83673400"
"202400054135";"30";"11";"2024";"11:35";"1";"45";"45234";"2";"1";"8";"4";"Rue Croix Baudu";"47,92176000";"1,89033000"
"202400054136";"19";"09";"2024";"08:25";"1";"84";"84035";"2";"3";"1";"3";"CHATAIGNIERS (ALLEE DES)";"43,82508000";"5,04083000"
"202400054137";"9";"07";"2024";"23:10";"5";"42";"42207";"2";"9";"1";"5";"Route de Lyon";"45,47887000";"4,52571000"
"202400054138";"30";"04";"2024";"08:30";"1";"06";"06079";"2";"1";"1";"3";"570 Avenue Gaston de Fontmichel";"43,54064000";"6,94714800"
"202400054139";"13";"08";"2024";"13:10";"1";"54";"54072";"2";"1";"1";"7";"le Pont de Mons";"48,84631157";"6,09537900"
"202400054140";"24";"03";"2024";"17:36";"1";"85";"85194";"1";"1";"1";"3";"Avenue de talmont";"46,48320000";" -1,72328000"
"202400054141";"1";"01";"2024";"05:15";"5";"973";"97311";"2";"1";"1";"6";"Avenue Paul Castaing";"5,48758700";" -54,01820900"
"202400054142";"24";"10";"2024";"09:55";"1";"75";"75119";"2";"3";"1";"2";"BOULEVARD DE LA VILLETTE";"48,87438300";"2,37452900"
"202400054143";"30";"11";"2024";"06:30";"5";"34";"34172";"2";"1";"1";"6";"LIBERTE (AVENUE DE LA";"43,60947000";"3,83828000"
"202400054144";"18";"09";"2024";"12:10";"1";"84";"84035";"2";"1";"1";"2";"LIBERATION (AVENUE DE LA)";"43,84804000";"5,03882000"
"202400054145";"15";"08";"2024";"12:45";"1";"72";"72386";"2";"1";"1";"3";"D314";"48,00105400";"0,24477300"
"202400054146";"8";"06";"2024";"15:15";"1";"71";"71162";"1";"1";"8";"1";"D973";"46,97623400";"4,37888900"
"202400054147";"1";"01";"2024";"06:00";"2";"977";"97701";"2";"3";"1";"3";"R LUBIN BRIN";"17,89611500";" -62,84791200"
"202400054148";"2";"05";"2024";"13:10";"1";"60";"60319";"2";"3";"2";"1";"Route de Gisors";"49,35499300";"1,94217700"
"202400054149";"21";"03";"2024";"17:30";"1";"77";"77373";"2";"3";"7";"3";"RUE DES PRES SAINT MARTIN";"48,78040000";"2,61325100"
"202400054150";"29";"11";"2024";"17:00";"2";"33";"33318";"2";"1";"1";"6";"N/A";"44,79550000";" -0,66780000"
"202400054151";"13";"08";"2024";"14:00";"1";"06";"06020";"1";"1";"1";"6";"5361 Route du Col de Turini";"43,97766900";"7,37081800"
"202400054152";"24";"10";"2024";"08:30";"1";"75";"75119";"2";"3";"1";"2";"RUE D AUBERVILLIERS";"48,88637700";"2,36663600"
"202400054153";"25";"03";"2024";"10:02";"1";"77";"77495";"1";"1";"1";"6";"D.306";"48,57355000";"2,61982000"
"202400054154";"3";"05";"2024";"08:00";"1";"53";"53147";"2";"1";"1";"2";"Rue Du Guesclin";"48,30819300";" -0,62452600"
"202400054155";"30";"05";"2024";"07:45";"1";"89";"89126";"1";"2";"1";"3";"D63";"48,12231600";"3,10329400"
"202400054156";"10";"07";"2024";"06:05";"2";"37";"37261";"2";"2";"1";"3";"TONNELLE (BOULEVARD)";"47,38369000";"0,66827000"
"202400054157";"14";"08";"2024";"09:50";"1";"14";"14399";"1";"1";"1";"3";"D579";"49,25917600";"0,21791800"
"202400054158";"30";"11";"2024";"14:40";"1";"31";"31069";"1";"1";"1";"2";"A621";"43,62282000";"1,39046000"
"202400054159";"19";"09";"2024";"07:50";"1";"83";"83062";"1";"3";"1";"5";"AUGIAS (AVENUE EUGENE)";"43,13962000";"6,03836000"
"202400054160";"24";"10";"2024";"17:45";"1";"75";"75117";"2";"7";"1";"3";"PLACE CHARLES DE GAULLE";"48,87438000";"2,29479400"
"202400054161";"10";"07";"2024";"01:30";"3";"37";"37195";"2";"1";"1";"6";"RD 37";"47,38126933";"0,65004659"
"202400054162";"8";"06";"2024";"15:00";"1";"63";"63236";"1";"1";"1";"7";"D996";"45,59452200";"2,83331400"
"202400054163";"25";"03";"2024";"12:45";"1";"77";"77284";"2";"1";"1";"6";"ROOSEVELT (AV.DU PDT)";"48,95701000";"2,89960000"
"202400054164";"14";"08";"2024";"17:00";"1";"05";"05056";"1";"9";"1";"7";"Route du Col de Manse";"44,63265800";"6,13007100"
"202400054165";"1";"01";"2024";"15:00";"1";"05";"05065";"1";"1";"1";"5";"N94";"44,66318900";"6,60971400"
"202400054166";"19";"09";"2024";"11:00";"1";"81";"81004";"2";"1";"1";"6";"213 Rue du Roc";"43,92017670";"2,16196574"
"202400054167";"2";"05";"2024";"19:30";"1";"27";"27056";"2";"2";"1";"3";"Boulevard de Normandie";"49,09154100";"0,60368500"
"202400054168";"30";"11";"2024";"06:10";"4";"31";"31555";"2";"1";"1";"1";"CHE DES CANALETS";"43,56535000";"1,44148100"
"202400054169";"7";"06";"2024";"20:15";"1";"63";"63262";"2";"6";"1";"6";"Voie Romaine";"45,70443400";"3,16526700"
"202400054170";"23";"03";"2024";"07:40";"1";"76";"76351";"2";"1";"1";"6";"RD 6382";"49,52572000";"0,15706000"
"202400054171";"24";"10";"2024";"09:30";"1";"75";"75115";"2";"3";"1";"3";"AVENUE EMILE ZOLA";"48,84707200";"2,29581300"
"202400054172";"15";"08";"2024";"11:00";"1";"50";"50272";"2";"1";"1";"2";"rue de la libération";"48,96646300";" -1,53619200"
"202400054173";"29";"11";"2024";"07:50";"5";"29";"29232";"2";"1";"1";"6";"Avenue Yves Thepot";"47,98837300";" -4,08810700"
"202400054174";"10";"07";"2024";"09:20";"1";"35";"35238";"2";"2";"1";"3";"LERAY (ADOLPHE)";"48,09590000";" -1,66147000"
"202400054175";"19";"09";"2024";"13:00";"1";"81";"81004";"2";"6";"1";"3";"Route de Cordes";"43,94252000";"2,13590000"
"202400054176";"12";"04";"2024";"09:45";"1";"27";"27112";"1";"5";"1";"3";"Chemin des Eudes";"48,86572800";"0,90194100"
"202400054177";"1";"01";"2024";"20:00";"5";"38";"38087";"2";"1";"1";"1";"Rue Pasteur";"45,58447166";"4,79128865"
"202400054178";"23";"10";"2024";"21:00";"5";"75";"75115";"2";"2";"1";"6";"RUE DES MORILLONS";"48,83448800";"2,29569400"
"202400054179";"22";"03";"2024";"23:55";"5";"76";"76447";"2";"1";"1";"3";"MARECHAL FOCH";"49,53963000";"0,18689000"
"202400054180";"15";"08";"2024";"03:18";"4";"50";"50604";"1";"4";"1";"6";"La Belhacherie";"49,52748200";" -1,79694100"
"202400054181";"19";"09";"2024";"21:00";"5";"80";"80021";"2";"1";"1";"7";"Rue d'Abbeville";"49,91039000";"2,25750000"
"202400054182";"10";"07";"2024";"15:40";"1";"34";"34108";"2";"1";"1";"2";"MAL JUIN (RUE DU)";"43,43279000";"3,73480000"
"202400054183";"1";"05";"2024";"05:30";"3";"37";"37250";"1";"1";"1";"7";"L?Ocliniere";"47,19995613";"0,66613238"
"202400054184";"30";"11";"2024";"22:30";"5";"14";"14118";"2";"2";"1";"3";"36 Rue de la Haie Vigné";"49,17871000";" -0,38513000"
"202400054185";"8";"06";"2024";"19:30";"2";"55";"55039";"1";"1";"1";"7";"D905";"49,25929100";"5,40012400"
"202400054186";"1";"01";"2024";"01:10";"3";"81";"81032";"1";"1";"1";"6";"RD46 - PK 006.800";"43,52435291";"2,02888727"
"202400054187";"24";"10";"2024";"13:45";"1";"75";"75114";"2";"3";"1";"2";"AVENUE DU GENERAL LECLERC";"48,83179919";"2,33037633"
"202400054188";"19";"09";"2024";"19:00";"1";"80";"80021";"2";"1";"1";"3";"PICASSO (RUE)";"49,91775000";"2,29981000"
"202400054189";"10";"07";"2024";"18:50";"1";"34";"34172";"2";"1";"1";"7";"LODEVE (AVENUE DE";"43,61214000";"3,84584000"
"202400054190";"30";"11";"2024";"12:10";"1";"13";"13212";"2";"1";"1";"2";"PIERRE BERANGER (RUE)";"43,31144873";"5,44550225"
"202400054191";"30";"04";"2024";"09:50";"1";"30";"30339";"1";"1";"2";"1";"D986";"44,04553600";"3,68635800"
"202400054192";"25";"03";"2024";"08:30";"1";"74";"74012";"2";"1";"1";"2";"ZOLA (RUE EMILE)";"46,19736000";"6,23376000"
"202400054193";"9";"06";"2024";"12:15";"1";"39";"39470";"2";"1";"1";"2";"1405 Route Blanche";"46,47735700";"6,06486800"
"202400054194";"1";"01";"2024";"15:30";"1";"19";"19146";"2";"9";"2";"3";"Rue de la Croix du Tilleul";"45,31181300";"1,77192100"
"202400054195";"15";"08";"2024";"12:10";"1";"50";"50260";"1";"1";"1";"3";"Route du Moulin - Bellefontaine";"48,68828000";" -0,98250400"
"202400054196";"23";"10";"2024";"20:00";"5";"75";"75114";"2";"1";"1";"6";"BOULEVARD ADOLPHE PINARD";"48,82409100";"2,30625900"
"202400054197";"18";"09";"2024";"10:25";"1";"80";"80021";"2";"1";"1";"7";"Avenue du 14 Juillet 1789";"49,87564700";"2,28180800"
"202400054198";"29";"11";"2024";"15:50";"1";"13";"13208";"2";"1";"1";"6";"LOUIS REGE (RUE)";"43,28107697";"5,38960851"
"202400054199";"10";"07";"2024";"17:20";"1";"34";"34172";"2";"1";"1";"6";"MAGUELONE (RUE DE)";"43,60655000";"3,87994700"
"202400054200";"3";"05";"2024";"13:30";"1";"48";"48045";"1";"1";"1";"6";"Route Nationale 88 PK 17";"44,64955900";"3,73184300"
"202400054201";"25";"03";"2024";"08:34";"1";"72";"72181";"2";"1";"1";"6";"FONTAINES (CHEMIN DES)";"48,00594000";"0,17206000"
"202400054202";"14";"08";"2024";"22:15";"3";"64";"64087";"1";"1";"8";"6";"D 817";"43,51013700";" -0,83898400"
"202400054203";"3";"06";"2024";"20:30";"1";"44";"44163";"1";"1";"1";"7";"4 la Petite Croix";"47,40253200";" -1,11352400"
"202400054204";"29";"11";"2024";"09:48";"1";"10";"10060";"1";"1";"1";"7";"ROCADE SUD (RD 610)";"48,26025000";"4,09601000"
"202400054205";"19";"09";"2024";"18:15";"1";"78";"78440";"2";"1";"1";"1";"PAUL RAOULT (AVENUE)";"48,99084000";"1,91365000"
"202400054206";"22";"10";"2024";"09:30";"1";"75";"75114";"2";"1";"1";"3";"AVENUE DU GENERAL LECLERC";"48,82556100";"2,32616700"
"202400054207";"11";"08";"2024";"21:35";"3";"64";"64099";"1";"1";"1";"7";"Rue du Hameau";"43,35409400";" -0,74664700"
"202400054208";"1";"01";"2024";"12:30";"1";"27";"27136";"1";"1";"1";"1";"N13";"49,01685500";"1,46658400"
"202400054209";"8";"07";"2024";"08:15";"1";"34";"34032";"1";"2";"1";"3";"RD.11";"43,33479000";"3,16993000"
"202400054210";"23";"03";"2024";"17:00";"1";"72";"72181";"1";"9";"2";"4";"SUD EST DEVIATION  RT TOURS A RT PARIGNE";"47,96242000";"0,22250000"
"202400054211";"3";"05";"2024";"12:25";"1";"18";"18279";"1";"1";"1";"1";"N/A";"47,24095800";"2,04225500"
"202400054212";"19";"09";"2024";"17:30";"1";"78";"78440";"2";"1";"1";"6";"BOUGIMONTS (RUE DES)";"48,98625800";"1,91459300"
"202400054213";"15";"08";"2024";"03:00";"5";"21";"21210";"2";"1";"1";"6";"40 rue saint léger";"47,26070900";"4,57885300"
"202400054214";"8";"06";"2024";"08:30";"1";"35";"35010";"1";"4";"1";"1";"Quercourt";"48,55799500";" -1,72166200"
"202400054215";"29";"11";"2024";"17:20";"5";"08";"08497";"2";"9";"1";"1";"40 Boulevard Lucien Pierquin";"49,77867500";"4,69474100"
"202400054216";"10";"07";"2024";"03:50";"3";"34";"34003";"2";"1";"1";"6";"BUTTE (F18 A G18";"43,29204000";"3,51484000"
"202400054217";"24";"10";"2024";"13:30";"1";"75";"75114";"2";"1";"1";"1";"RUE DE LA SANTE";"48,83388100";"2,34139200"
"202400054218";"28";"07";"2024";"14:00";"1";"04";"04176";"2";"1";"1";"7";"route du lac";"43,76107200";"6,15657100"
"202400054219";"19";"09";"2024";"07:45";"1";"78";"78440";"2";"1";"1";"6";"HENRI DUNANT (RUE)";"48,99349000";"1,91151000"
"202400054220";"9";"06";"2024";"06:15";"2";"29";"29162";"1";"1";"1";"6";"Balaneg";"48,24917809";" -3,96607892"
"202400054221";"8";"01";"2024";"12:39";"1";"06";"06104";"1";"1";"1";"2";"A8 PK 214+000, chaussée Nord";"43,76154100";"7,44689300"
"202400054222";"25";"03";"2024";"08:20";"1";"64";"64445";"1";"1";"1";"4";"OLOF PALME";"43,33500000";" -0,36095000"
"202400054223";"23";"10";"2024";"18:20";"1";"75";"75107";"2";"1";"1";"6";"QUAI BRANLY";"48,85900200";"2,29343900"
"202400054224";"20";"11";"2024";"19:40";"3";"07";"07019";"2";"3";"1";"6";"CROIX D'OLLIER (CHEMIN)";"44,62200000";"4,38388000"
"202400054225";"10";"07";"2024";"10:00";"1";"33";"33281";"1";"9";"1";"6";"N/A";"44,82697000";" -0,67858000"
"202400054226";"9";"06";"2024";"05:00";"2";"29";"29081";"2";"1";"1";"6";"Rue des Cieux";"48,36242543";" -3,74730502"
"202400054227";"14";"08";"2024";"11:15";"1";"37";"37273";"1";"6";"1";"3";"D142";"47,39410600";"0,78822900"
"202400054228";"3";"05";"2024";"17:40";"1";"974";"97418";"2";"1";"1";"7";"93 Rue de la Grande Montée";" -20,91984300";"55,51948400"
"202400054229";"19";"09";"2024";"07:30";"2";"78";"78688";"2";"2";"1";"2";"René CAUDRON";"48,76104000";"2,06039000"
"202400054230";"24";"10";"2024";"17:35";"1";"75";"75102";"2";"2";"1";"6";"RUE REAUMUR";"48,86816258";"2,34360024"
"202400054231";"25";"03";"2024";"22:23";"5";"64";"64122";"2";"1";"3";"3";"ROND POINT DE L EUROPE";"43,48085000";" -1,54120000"
"202400054232";"29";"11";"2024";"16:20";"1";"06";"06088";"2";"1";"1";"2";"Voie Pierre Matis";"43,68089440";"7,22850900"
"202400054233";"10";"07";"2024";"03:15";"5";"33";"33063";"2";"1";"1";"6";"N/A";"44,86580000";" -0,56087000"
"202400054234";"8";"06";"2024";"18:55";"1";"29";"29173";"1";"3";"1";"7";"Route de Kervastal";"47,99809600";" -4,16707000"
"202400054235";"14";"08";"2024";"17:10";"1";"91";"91045";"2";"1";"1";"6";"29 Rue de la Papeterie";"48,52744000";"2,37399800"
"202400054236";"19";"09";"2024";"09:15";"1";"78";"78498";"2";"9";"1";"6";"CASTILLE AV BLANCHE DE";"48,92290700";"2,02816300"
"202400054237";"30";"04";"2024";"11:58";"1";"83";"83008";"1";"1";"1";"6";"D4";"43,52510279";"6,72207904"
"202400054238";"10";"07";"2024";"22:01";"5";"32";"32013";"2";"3";"1";"7";"PYRENEES (AVENUE DES)";"43,63744176";"0,58396339"
"202400054239";"25";"03";"2024";"14:05";"1";"59";"59599";"2";"2";"1";"3";"ANVERS (RUE D')";"50,71960100";"3,14736300"
"202400054240";"9";"06";"2024";"08:38";"1";"70";"70467";"1";"1";"7";"7";"D417";"47,89503100";"6,25953300"
"202400054241";"24";"10";"2024";"20:40";"5";"94";"94046";"2";"1";"1";"4";"Avenue du Général Leclerc";"48,80639000";"2,43986000"
"202400054242";"30";"11";"2024";"18:00";"3";"06";"06069";"1";"1";"1";"2";"Sortie pénétrante Grasse Sud";"43,63004000";"6,94732000"
"202400054243";"19";"09";"2024";"09:31";"1";"77";"77284";"2";"1";"1";"6";"COMTES DE CHAMPAGNE (AV. DES)";"48,95576000";"2,91477000"
"202400054244";"3";"05";"2024";"10:02";"1";"05";"05001";"1";"1";"1";"6";"RD 947 - PR 15+000";"44,78230700";"6,93926100"
"202400054245";"10";"07";"2024";"09:29";"1";"31";"31555";"2";"1";"1";"6";"PL DES PRADETTES";"43,58183514";"1,38813704"
"202400054246";"24";"03";"2024";"16:00";"1";"59";"59113";"2";"1";"1";"2";"ANICHE (RUE D')";"50,34546000";"3,25674000"
"202400054247";"19";"09";"2024";"08:30";"1";"77";"77243";"2";"1";"1";"6";"CHARPENTIER (BOULEVARD)";"48,87540000";"2,70262000"
"202400054248";"8";"06";"2024";"09:00";"1";"70";"70429";"2";"1";"1";"1";"D10";"47,66789300";"6,16415900"
"202400054249";"29";"11";"2024";"19:07";"5";"04";"04112";"2";"1";"1";"1";"EN DESSOUS (RUE D')";"43,82906000";"5,78911000"
"202400054250";"14";"08";"2024";"22:45";"3";"72";"72096";"1";"1";"1";"5";"A81 - PK 184";"48,03547151";"0,02098947"
"202400054251";"23";"10";"2024";"09:25";"1";"94";"94003";"2";"1";"1";"4";"Avenue Aristide Briand";"48,80416370";"2,32506189"
"202400054252";"6";"07";"2024";"05:35";"5";"29";"29232";"2";"2";"1";"3";"Boulevard Amiral de Kerguelen";"47,99525800";" -4,10022700"
"202400054253";"19";"09";"2024";"14:30";"1";"73";"73065";"2";"7";"1";"6";"Rue du Boigne";"45,56604263";"5,92167673"
"202400054254";"25";"03";"2024";"18:00";"1";"51";"51454";"2";"3";"1";"3";"ROUX (BOULEVARD DU DOCTEUR)";"49,23503000";"4,02506000"
"202400054255";"24";"10";"2024";"11:15";"1";"94";"94001";"2";"3";"7";"6";"Rue Bir Hakeim";"48,72756100";"2,41873900"
"202400054256";"15";"08";"2024";"08:45";"1";"73";"73304";"1";"1";"1";"3";"D902 Route du Fornet";"45,44791200";"7,02408300"
"202400054257";"29";"11";"2024";"10:00";"1";"04";"04112";"1";"1";"1";"7";"D907";"43,84171000";"5,74719000"
"202400054258";"5";"07";"2024";"20:50";"1";"29";"29232";"1";"1";"2";"7";"Route de Locronan";"48,01323745";" -4,12690240"
"202400054259";"3";"05";"2024";"14:55";"1";"26";"26124";"1";"1";"1";"5";"Autoroute A7 sens sud nord PK 081.000";"44,83805906";"4,86305952"
"202400054260";"18";"09";"2024";"16:45";"1";"72";"72003";"1";"1";"1";"3";"CHATELET (RUE DU)";"47,94801000";"0,14267000"
"202400054261";"24";"10";"2024";"08:15";"2";"94";"94048";"2";"1";"1";"3";"Avenue de Grosbois";"48,72893000";"2,54019000"
"202400054262";"25";"03";"2024";"12:11";"1";"51";"51454";"2";"1";"1";"3";"JUIN (AVENUE DU MARECHAL)";"49,22355900";"4,01787500"
"202400054263";"15";"08";"2024";"09:15";"1";"45";"45094";"1";"1";"1";"7";"A6 PR 92 + 489";"48,14987000";"2,90153200"
"202400054264";"8";"06";"2024";"11:50";"1";"26";"26178";"1";"1";"1";"1";"Route de la Garenne";"44,68200923";"5,44666529"
"202400054265";"9";"07";"2024";"13:25";"1";"27";"27229";"1";"1";"3";"7";"ALLENDE (BOULEVARD DU PRESIDENT)";"49,00433000";"1,14758300"
"202400054266";"29";"11";"2024";"11:54";"1";"01";"01031";"2";"2";"1";"3";"Avenue Victor Hugo";"46,24970000";"5,63797000"
"202400054267";"18";"09";"2024";"22:15";"5";"72";"72181";"2";"2";"1";"2";"ESTIENNE D'ORVES (BD D')";"47,98414000";"0,18591000"
"202400054268";"9";"06";"2024";"16:00";"1";"58";"58212";"2";"1";"2";"6";"D977";"47,12621000";"3,24006600"
"202400054269";"9";"07";"2024";"12:20";"1";"14";"14366";"2";"1";"2";"6";"1 Avenue du Président René Coty";"49,14236000";"0,24086000"
"202400054270";"23";"10";"2024";"22:23";"5";"93";"93066";"2";"4";"1";"2";"LENINE (AVENUE) NR 28 A 62 ET 13 A 41";"48,94526000";"2,36000000"