"Num_Acc";"jour";"mois";"an";"hrmn";"lum";"dep";"com";"agg";"int";"atm";"col";"adr";"lat";"long"
"202400054271";"25";"03";"2024";"08:30";"1";"51";"51454";"2";"3";"1";"3";"JAURES (AVENUE JEAN) DU N° 74 A FIN (PAI";"49,26002400";"4,04658200"
"202400054272";"2";"05";"2024";"06:25";"2";"68";"68294";"2";"3";"1";"3";"17 Rue Maurice Burrus";"48,26308100";"7,22806500"
"202400054273";"15";"08";"2024";"00:10";"5";"83";"83065";"2";"1";"1";"3";"Route Departementale 98a";"43,26411300";"6,62190200"
"202400054274";"18";"09";"2024";"16:00";"1";"68";"68224";"2";"1";"1";"3";"Rue de la Mertzau";"47,76116000";"7,33482000"
"202400054275";"30";"11";"2024";"17:55";"5";"75";"75116";"2";"1";"1";"2";"BD PERIPHERIQUE INTERIEUR";"48,84657500";"2,25487500"
"202400054276";"11";"07";"2024";"00:20";"3";"13";"13026";"1";"1";"1";"4";"route départementale 568";"43,39173000";"5,15754000"
"202400054277";"9";"06";"2024";"09:00";"1";"54";"54399";"1";"1";"1";"7";"RD 570 ";"48,49471775";"6,28852487"
"202400054278";"24";"10";"2024";"11:55";"1";"93";"93062";"2";"2";"1";"3";"PASTEUR (ALLEE)";"48,89838412";"2,51754438"
"202400054279";"23";"03";"2024";"10:00";"1";"50";"50129";"2";"1";"1";"3";"CURIE (RUE PIERRE ET MARIE)";"49,60893000";" -1,60384000"
"202400054280";"18";"09";"2024";"11:20";"1";"67";"67482";"2";"1";"1";"2";"BASSIN DE L ILL (QUAI DU)";"48,59623000";"7,77191000"
"202400054281";"15";"08";"2024";"13:55";"1";"89";"89102";"2";"2";"1";"6";"346 Lieu Dit la Piffourne";"47,75262600";"3,46540900"
"202400054282";"1";"05";"2024";"20:00";"2";"57";"57254";"1";"1";"1";"7";"D6b";"49,05391200";"6,01627500"
"202400054283";"29";"11";"2024";"20:48";"5";"75";"75117";"2";"2";"1";"3";"AVENUE DE LA GRANDE ARMEE";"48,87734300";"2,28400300"
"202400054284";"23";"03";"2024";"12:14";"1";"49";"49015";"1";"1";"1";"7";"CHAMP DES MARTYRS CHEMIN DU";"47,49067000";" -0,58148000"
"202400054285";"9";"06";"2024";"06:20";"3";"06";"06120";"1";"1";"1";"7";"Mourrefret";"44,21237200";"6,97423700"
"202400054286";"17";"02";"2024";"08:30";"1";"13";"13026";"2";"6";"1";"3";"MARECHAL LECLERC (avenue du)";"43,38051644";"5,17388571"
"202400054287";"23";"10";"2024";"15:30";"1";"93";"93051";"2";"8";"1";"2";"HAUTS CHATEAUX";"48,84290000";"2,57851000"
"202400054288";"9";"06";"2024";"11:00";"1";"06";"06136";"1";"1";"1";"6";"Route de Breil";"43,88338000";"7,46818700"
"202400054289";"2";"05";"2024";"22:30";"5";"42";"42097";"1";"6";"2";"6";"D498";"45,52005800";"4,28959800"
"202400054290";"18";"09";"2024";"12:17";"1";"67";"67482";"2";"1";"1";"6";"FAUBOURG DE PIERRE (RUE DU)";"48,58963000";"7,74508000"
"202400054291";"29";"11";"2024";"02:08";"5";"75";"75106";"2";"3";"1";"7";"QUAI DE CONTI";"48,85640200";"2,33986900"
"202400054292";"25";"03";"2024";"12:46";"1";"47";"47001";"2";"1";"1";"3";"JAURES (AV. JEAN)";"44,20318000";"0,62887000"
"202400054293";"14";"08";"2024";"18:05";"1";"57";"57160";"1";"1";"1";"3";"N33";"49,22100600";"6,71966300"
"202400054294";"10";"07";"2024";"23:45";"5";"13";"13075";"2";"6";"1";"3";"LIBERATION (AVE DE LA)";"43,34379485";"5,45875282"
"202400054295";"19";"09";"2024";"10:45";"1";"64";"64122";"2";"1";"1";"6";"CARNOT (AV)";"43,47938000";" -1,56303000"
"202400054296";"23";"10";"2024";"18:15";"1";"93";"93050";"2";"1";"1";"3";"MARECHAL LECLERCQ (AVENUE) COTE IMPAIR";"48,86001000";"2,53846000"
"202400054297";"13";"08";"2024";"18:53";"3";"63";"63284";"2";"1";"2";"7";"2 AVENUE DE L EUROPE";"45,79392800";"3,22637600"
"202400054298";"3";"05";"2024";"12:36";"1";"38";"38475";"1";"1";"1";"6";"Route de Montsolongre";"45,70165400";"5,12284800"
"202400054299";"25";"03";"2024";"13:20";"1";"44";"44184";"2";"1";"1";"2";"59 Boulevard de la Liberté";"47,29602000";" -2,19662000"
"202400054300";"30";"11";"2024";"17:30";"5";"75";"75106";"2";"1";"1";"2";"RUE DES SAINTS PERES";"48,85386100";"2,33008000"
"202400054301";"10";"07";"2024";"21:30";"2";"13";"13208";"2";"1";"1";"2";"PRADO (AVENUE DU)";"43,27085609";"5,38866886"
"202400054302";"8";"06";"2024";"15:30";"1";"14";"14342";"2";"2";"1";"2";"56bis Rue de Cherbourg";"49,31479300";" -1,10702300"
"202400054303";"15";"08";"2024";"12:00";"1";"73";"73034";"1";"1";"1";"2";"D925";"45,69391500";"6,65695000"
"202400054304";"24";"10";"2024";"21:20";"5";"93";"93046";"2";"9";"1";"1";"LEON LUM AVENUE";"48,90935362";"2,53034910"
"202400054305";"18";"09";"2024";"17:40";"1";"64";"64122";"2";"1";"1";"2";"BAB(BOULEVARD)";"43,46850000";" -1,54240000"
"202400054306";"24";"03";"2024";"12:35";"1";"44";"44184";"2";"2";"1";"3";"52 Rue du Maine";"47,27758000";" -2,21096000"
"202400054307";"30";"11";"2024";"07:30";"5";"75";"75120";"2";"4";"1";"3";"AVENUE DU DOCTEUR GLEY";"48,87718100";"2,41018400"
"202400054308";"9";"06";"2024";"03:30";"3";"05";"05037";"1";"1";"1";"7";"RN85 PR47+950";"44,47912577";"6,03531555"
"202400054309";"2";"05";"2024";"17:30";"1";"31";"31291";"1";"1";"1";"5";"Chemin de Mader";"43,57705900";"1,22862600"
"202400054310";"14";"08";"2024";"15:13";"1";"69";"69179";"1";"1";"1";"7";"Route Départementale 34";"45,59928941";"4,70457463"
"202400054311";"10";"07";"2024";"23:55";"5";"13";"13208";"2";"1";"1";"3";"CLOT BEY (AVENUE)";"43,26163000";"5,38755000"
"202400054312";"18";"09";"2024";"06:30";"5";"64";"64024";"2";"1";"1";"3";"BAB (BOULEVARD DU)";"43,49155562";" -1,53296024"
"202400054313";"24";"10";"2024";"14:10";"1";"93";"93006";"2";"3";"1";"6";"REPUBLIQUE AVENUE DE LA";"48,86227739";"2,41611242"
"202400054314";"25";"03";"2024";"12:00";"1";"33";"33522";"2";"1";"1";"6";"N/A";"44,79439000";" -0,58306000"
"202400054315";"3";"05";"2024";"00:20";"3";"33";"33262";"2";"1";"1";"6";"N/A";"45,00655100";" -0,63045300"
"202400054316";"9";"06";"2024";"14:50";"1";"07";"07258";"2";"1";"1";"3";"D121";"45,17699800";"4,50551000"
"202400054317";"30";"11";"2024";"15:00";"1";"75";"75117";"2";"2";"1";"3";"RUE DE COURCELLES";"48,88749800";"2,29466500"
"202400054318";"9";"07";"2024";"17:15";"1";"13";"13213";"2";"1";"1";"2";"JEAN PAUL SARTRE (AVENUE)";"43,31775000";"5,37406000"
"202400054319";"19";"09";"2024";"08:10";"1";"63";"63300";"2";"9";"7";"3";"Avenue de Chatel-guyon /parking";"45,90261089";"3,10209543"
"202400054320";"24";"03";"2024";"21:06";"5";"33";"33119";"2";"9";"1";"6";"N/A";"44,85613000";" -0,53378000"
"202400054321";"23";"10";"2024";"21:00";"3";"93";"93063";"2";"1";"1";"3";"BRANLY BD EDOUARD";"48,87383808";"2,44035588"
"202400054322";"10";"07";"2024";"16:05";"1";"13";"13070";"2";"4";"1";"3";"VOLTAIRE (BOULEVARD)";"43,28136000";"5,51610000"
"202400054323";"18";"09";"2024";"17:15";"1";"62";"62498";"2";"3";"1";"6";"Boulevard Emile Basly";"50,42982225";"2,82768050"
"202400054324";"8";"06";"2024";"13:40";"1";"85";"85086";"2";"2";"1";"3";"RD754";"46,87712000";" -1,70365300"
"202400054325";"22";"03";"2024";"10:40";"1";"85";"85222";"2";"6";"7";"6";"Carrefour de l'EUROPE";"46,69664300";" -1,91451800"
"202400054326";"30";"11";"2024";"09:40";"1";"75";"75117";"2";"3";"1";"3";"RUE NOLLET";"48,88830000";"2,31901000"
"202400054327";"24";"10";"2024";"16:15";"1";"93";"93029";"2";"1";"1";"3";"Charles de Gaulle ( rue)";"48,92252449";"2,44579993"
"202400054328";"10";"07";"2024";"15:05";"1";"06";"06088";"2";"1";"1";"6";"Avenue des Grenouillères";"43,66902330";"7,22028400"
"202400054329";"19";"09";"2024";"06:15";"3";"62";"62528";"1";"1";"1";"7";"D943";"50,45775959";"2,77533167"
"202400054330";"7";"06";"2024";"16:20";"1";"27";"27378";"1";"6";"1";"2";"nationale 12";"48,77635200";"1,21083500"
"202400054331";"9";"07";"2024";"13:45";"1";"06";"06088";"2";"1";"1";"7";"12 Avenue Félix Faure";"43,69795000";"7,27248000"
"202400054332";"18";"09";"2024";"20:55";"3";"61";"61169";"1";"1";"1";"3";"D264";"48,72697000";" -0,56822000"
"202400054333";"30";"11";"2024";"07:50";"2";"75";"75116";"2";"1";"1";"2";"ROUTE DE LA PTE DES SABLONS A LA PTE MAI";"48,87704400";"2,27693400"
"202400054334";"24";"10";"2024";"18:20";"1";"93";"93005";"2";"9";"1";"6";"MARC CHAGALL (BOULEVARD)";"48,95262527";"2,49800205"
"202400054335";"8";"06";"2024";"22:02";"3";"01";"01274";"1";"1";"1";"6";"Autoroute A40 - PK 115+500 - direction GENEVE";"46,15808600";"5,65041100"
"202400054336";"2";"05";"2024";"20:20";"1";"72";"72378";"1";"2";"1";"3";"le petit gruau vion";"47,82976307";" -0,28381253"
"202400054337";"18";"09";"2024";"17:40";"1";"61";"61001";"2";"1";"1";"7";"D112";"48,43698000";"0,09967000"
"202400054338";"8";"07";"2024";"17:45";"1";"06";"06029";"2";"1";"1";"3";"Avenue Bachaga Saïd Boualam";"43,55414000";"7,01860000"
"202400054339";"8";"06";"2024";"15:30";"1";"91";"91045";"2";"1";"1";"6";"D191";"48,52330500";"2,39393700"
"202400054340";"19";"09";"2024";"19:00";"1";"59";"59521";"1";"1";"1";"1";"SANCOURT (RUE DE)";"50,20449000";"3,18437000"
"202400054341";"30";"11";"2024";"01:55";"5";"75";"75116";"2";"7";"1";"2";"AVENUE DE VERSAILLES";"48,83809800";"2,25775800"
"202400054342";"10";"07";"2024";"21:00";"1";"75";"75114";"2";"1";"1";"2";"BD PERIPHERIQUE EXTERIEUR";"48,82256100";"2,31416900"
"202400054343";"24";"10";"2024";"08:30";"1";"93";"93001";"2";"3";"1";"3";"HEURTAULT (RUE)";"48,91766292";"2,37750777"
"202400054344";"3";"05";"2024";"02:15";"3";"53";"53101";"1";"6";"1";"7";"Projet de route";"47,85286700";" -0,69420900"
"202400054345";"7";"06";"2024";"17:20";"1";"49";"49129";"1";"1";"1";"2";"N/A";"47,49609600";" -0,52210800"
"202400054346";"30";"11";"2024";"19:30";"5";"75";"75115";"2";"1";"1";"1";"QUAI DE GRENELLE";"48,85207700";"2,28588700"
"202400054347";"18";"09";"2024";"05:00";"5";"57";"57221";"2";"1";"1";"1";"PILATRE DE ROZIEN (RUE)";"49,30767600";"6,12847200"
"202400054348";"9";"06";"2024";"12:05";"1";"13";"13032";"1";"1";"1";"7";"D17";"43,58177700";"5,32372100"
"202400054349";"9";"07";"2024";"23:10";"5";"75";"75118";"2";"1";"1";"5";"BD PERIPHERIQUE INTERIEUR";"48,90096600";"2,35486000"
"202400054350";"24";"10";"2024";"07:39";"2";"47";"47069";"2";"1";"1";"3";"342 avenue de la Libération";"44,22077600";"0,55590400"
"202400054351";"30";"11";"2024";"09:47";"1";"75";"75114";"2";"2";"1";"3";"AVENUE DU GENERAL LECLERC";"48,82328500";"2,32545100"
"202400054352";"18";"09";"2024";"19:38";"1";"56";"56121";"2";"2";"1";"2";"Cours Louis de Chazelles";"47,75482000";" -3,36310000"
"202400054353";"9";"06";"2024";"04:55";"3";"34";"34294";"1";"1";"1";"4";"A9  - PK 78+330";"43,70602700";"4,12079600"
"202400054354";"10";"07";"2024";"13:48";"1";"75";"75119";"2";"2";"1";"6";"RUE ARCHEREAU";"48,88924800";"2,37128800"
"202400054355";"30";"11";"2024";"11:15";"1";"75";"75112";"2";"1";"1";"6";"BOULEVARD PONIATOWSKI";"48,83224100";"2,39868200"
"202400054356";"9";"06";"2024";"15:20";"1";"60";"60142";"2";"6";"1";"7";"D1017";"49,13582700";"2,53555800"
"202400054357";"24";"10";"2024";"15:29";"1";"39";"39126";"1";"1";"1";"5";"N/A";"46,59107500";"5,95572700"
"202400054358";"10";"07";"2024";"10:15";"1";"75";"75119";"2";"1";"1";"1";"ROUTE DES PETITS PONTS";"48,89164700";"2,39843300"
"202400054359";"30";"11";"2024";"13:26";"1";"75";"75110";"2";"1";"1";"3";"RUE DES PETITES ECURIES";"48,87393900";"2,34963100"
"202400054360";"18";"09";"2024";"14:38";"1";"51";"51454";"2";"1";"1";"4";"CHAMPAGNE   (  AVENUE DE)";"49,21942000";"4,02107000"
"202400054361";"8";"06";"2024";"12:20";"1";"974";"97408";"1";"1";"1";"4";"Chemin Departemental 41";" -20,92663654";"55,36323130"
"202400054362";"10";"07";"2024";"07:30";"1";"75";"75119";"2";"3";"1";"3";"RUE REBEVAL";"48,87422500";"2,37740700"
"202400054363";"24";"10";"2024";"16:40";"1";"51";"51496";"1";"1";"1";"3";"route départementale 60";"48,78831900";"4,64163800"
"202400054364";"30";"11";"2024";"11:48";"1";"75";"75107";"2";"7";"1";"6";"RUE DE GRENELLE";"48,85845000";"2,31219000"
"202400054365";"8";"06";"2024";"19:45";"1";"28";"28247";"1";"1";"1";"2";"D928";"48,89474400";"1,52933100"
"202400054366";"25";"10";"2024";"05:40";"3";"38";"38378";"1";"1";"1";"6";"Route du Péage";"45,42164100";"4,77439100"
"202400054367";"10";"07";"2024";"01:25";"5";"75";"75119";"2";"2";"2";"6";"BOULEVARD DE LA VILLETTE";"48,88433400";"2,36686500"
"202400054368";"30";"11";"2024";"02:30";"5";"75";"75103";"2";"3";"1";"2";"RUE BEAUBOURG";"48,86522300";"2,35572100"
"202400054369";"23";"10";"2024";"17:25";"1";"17";"17296";"1";"1";"1";"7";"D216";"45,66498600";" -0,71415400"
"202400054370";"9";"07";"2024";"18:45";"1";"75";"75116";"2";"5";"1";"3";"AVENUE KLEBER";"48,86784300";"2,29066400"
"202400054371";"8";"06";"2024";"17:50";"1";"77";"77534";"1";"9";"1";"5";"Route Departementale 319";"48,64819500";"2,77282700"
"202400054372";"25";"10";"2024";"11:25";"1";"49";"49381";"2";"1";"1";"2";"rue Stofflet";"47,02016300";" -0,70148100"
"202400054373";"9";"06";"2024";"11:05";"1";"11";"11361";"2";"1";"2";"6";"N/A";"43,32992900";"2,03654000"
"202400054374";"29";"11";"2024";"23:20";"5";"94";"94077";"2";"2";"1";"3";"Avenue le Foll";"48,73061000";"2,42602000"
"202400054375";"10";"07";"2024";"02:20";"5";"75";"75115";"2";"3";"1";"3";"RUE DE VAUGIRARD";"48,84244590";"2,31107300"
"202400054376";"24";"10";"2024";"16:40";"1";"23";"23001";"1";"1";"7";"1";"Montcouyoux";"46,06518043";"2,05469012"
"202400054377";"8";"06";"2024";"10:45";"1";"84";"84105";"2";"1";"1";"6";"D232";"43,85390300";"5,42557200"
"202400054378";"30";"11";"2024";"11:15";"1";"93";"93071";"2";"1";"1";"6";"PONT-BLANC (RUE DU)";"48,94200000";"2,53525000"
"202400054379";"10";"07";"2024";"19:35";"1";"75";"75114";"2";"1";"1";"6";"BOULEVARD EDGAR QUINET";"48,84012400";"2,32772200"
"202400054380";"29";"11";"2024";"22:50";"5";"93";"93046";"2";"1";"1";"6";"ROSNY ALLEE DE";"48,90486510";"2,51433456"
"202400054381";"9";"06";"2024";"02:45";"5";"83";"83068";"1";"1";"1";"1";"2226 Route du Littoral";"43,28205800";"6,58585500"
"202400054382";"25";"10";"2024";"13:00";"1";"63";"63001";"1";"1";"1";"1";"D 2009";"46,01000300";"3,20431700"
"202400054383";"30";"11";"2024";"01:00";"5";"93";"93006";"2";"1";"1";"6";"CARNOT RUE SADI";"48,87326000";"2,42190000"
"202400054384";"10";"07";"2024";"11:00";"1";"75";"75112";"2";"1";"1";"3";"QUAI DE BERCY";"48,83290100";"2,38358300"
"202400054385";"10";"07";"2024";"20:00";"1";"75";"75111";"2";"2";"1";"1";"RUE SEDAINE";"48,85870100";"2,37859000"
"202400054386";"24";"10";"2024";"18:50";"1";"63";"63240";"1";"3";"1";"3";"D2009";"46,03651300";"3,21162900"
"202400054387";"30";"11";"2024";"18:00";"5";"93";"93031";"2";"3";"1";"3";"JOFFRE (AVENUE)";"48,95849659";"2,30098919"
"202400054388";"10";"07";"2024";"02:42";"5";"75";"75108";"2";"2";"1";"2";"BOULEVARD HAUSSMANN";"48,87464700";"2,32004600"
"202400054389";"30";"11";"2024";"18:20";"5";"93";"93027";"2";"9";"1";"6";"VAILLANT-COUTURIER (AVENUE PAUL)";"48,92156000";"2,41165000"
"202400054390";"24";"10";"2024";"20:38";"3";"76";"76404";"1";"1";"1";"4";"CD31";"49,55085100";"0,27353200"
"202400054391";"10";"07";"2024";"01:34";"5";"94";"94080";"2";"1";"2";"2";"Avenue de Nogent";"48,84455425";"2,43984702"
"202400054392";"30";"11";"2024";"12:30";"1";"93";"93010";"2";"1";"1";"6";"JAURES (RUE JEAN) DE 25 A FIN";"48,90167263";"2,47706443"
"202400054393";"9";"07";"2024";"21:38";"1";"94";"94080";"2";"9";"1";"3";"Avenue de Paris";"48,84518887";"2,43155189"
"202400054394";"10";"07";"2024";"16:30";"1";"94";"94003";"2";"1";"1";"3";"38 Avenue de Stalingrad";"48,80792465";"2,31795806"
"202400054395";"10";"07";"2024";"09:50";"1";"94";"94073";"1";"1";"1";"2";"Rue du Docteur Marie";"48,74624000";"2,37267000"
"202400054396";"30";"11";"2024";"11:00";"1";"92";"92022";"2";"1";"1";"3";"SALENGRO (AVENUE ROGER)";"48,81336553";"2,19215065"
"202400054397";"16";"10";"2024";"16:50";"1";"54";"54514";"1";"1";"1";"5";"D618";"49,50407600";"5,62983500"
"202400054398";"10";"07";"2024";"02:05";"5";"94";"94065";"2";"3";"2";"6";"Avenue Charles Lindbergh";"48,75740000";"2,34469000"
"202400054399";"30";"11";"2024";"15:27";"1";"92";"92062";"2";"1";"1";"6";"RUE PIERRE GAUDIN";"48,88694322";"2,24863619"
"202400054400";"24";"10";"2024";"20:40";"3";"29";"29068";"1";"1";"1";"1";"PK 031.950 RN12";"48,52619024";" -3,96317650"
"202400054401";"30";"11";"2024";"15:40";"1";"92";"92012";"2";"1";"1";"3";"JEAN JAURES (BOULEVARD) 63/215 - 70/208";"48,83286197";"2,24394009"
"202400054402";"10";"07";"2024";"08:30";"1";"94";"94028";"2";"1";"1";"4";"Avenue de la Pompadour";"48,78330000";"2,46660000"